step,curLapTime,lastLapTime,distFromStart,speedX,speedY,gear,rpm,accel,brake,steer,trackPos,angle,ahead,rearSpin,damage
0,-0.98,0.00,3598.4,-0.0,-0.0,0,5236,1.000,0.000,0.079,0.333,0.008,64.6,0.0,0
1,-0.96,0.00,3598.4,-0.0,-0.0,0,5387,1.000,0.000,0.079,0.333,0.008,64.6,0.0,0
2,-0.94,0.00,3598.4,-0.0,-0.0,0,5542,1.000,0.000,0.079,0.333,0.008,64.6,0.0,0
3,-0.92,0.00,3598.4,-0.0,-0.0,0,5703,1.000,0.000,0.079,0.333,0.008,64.6,0.0,0
4,-0.90,0.00,3598.4,-0.0,-0.0,0,5868,1.000,0.000,0.079,0.333,0.008,64.6,0.0,0
5,-0.88,0.00,3598.4,-0.0,-0.0,0,6039,1.000,0.000,0.079,0.333,0.008,64.6,0.0,0
6,-0.86,0.00,3598.4,-0.0,-0.0,0,6216,1.000,0.000,0.079,0.333,0.008,64.6,0.0,0
7,-0.84,0.00,3598.4,-0.0,-0.0,0,6398,1.000,0.000,0.079,0.333,0.008,64.6,0.0,0
8,-0.82,0.00,3598.4,-0.0,-0.0,0,6586,1.000,0.000,0.079,0.333,0.008,64.6,0.0,0
9,-0.80,0.00,3598.4,-0.0,-0.0,0,6779,1.000,0.000,0.079,0.333,0.008,64.6,0.0,0
10,-0.78,0.00,3598.4,-0.0,-0.0,0,6979,1.000,0.000,0.079,0.333,0.008,64.6,0.0,0
11,-0.76,0.00,3598.4,-0.0,-0.0,0,7186,1.000,0.000,0.079,0.333,0.008,64.6,0.0,0
12,-0.74,0.00,3598.4,-0.0,-0.0,0,7399,1.000,0.000,0.079,0.333,0.008,64.6,0.0,0
13,-0.72,0.00,3598.4,-0.0,-0.0,0,7619,1.000,0.000,0.079,0.333,0.008,64.6,0.0,0
14,-0.70,0.00,3598.4,-0.0,-0.0,0,7846,1.000,0.000,0.079,0.333,0.008,64.6,0.0,0
15,-0.68,0.00,3598.4,-0.0,-0.0,0,8080,1.000,0.000,0.079,0.333,0.008,64.6,0.0,0
16,-0.66,0.00,3598.4,-0.0,-0.0,0,8322,1.000,0.000,0.079,0.333,0.008,64.6,0.0,0
17,-0.64,0.00,3598.4,-0.0,-0.0,0,8571,1.000,0.000,0.079,0.333,0.008,64.6,0.0,0
18,-0.62,0.00,3598.4,-0.0,-0.0,0,8828,1.000,0.000,0.079,0.333,0.008,64.6,0.0,0
19,-0.60,0.00,3598.4,-0.0,-0.0,0,9094,1.000,0.000,0.079,0.333,0.008,64.6,0.0,0
20,-0.58,0.00,3598.4,-0.0,-0.0,0,9368,1.000,0.000,0.079,0.333,0.008,64.6,0.0,0
21,-0.56,0.00,3598.4,-0.0,-0.0,0,9648,1.000,0.000,0.079,0.333,0.008,64.6,0.0,0
22,-0.54,0.00,3598.4,-0.0,-0.0,0,9929,1.000,0.000,0.079,0.333,0.008,64.6,0.0,0
23,-0.52,0.00,3598.4,-0.0,-0.0,0,10210,1.000,0.000,0.079,0.333,0.008,64.6,0.0,0
24,-0.50,0.00,3598.4,-0.0,-0.0,0,10490,1.000,0.000,0.079,0.333,0.008,64.6,0.0,0
25,-0.48,0.00,3598.4,-0.0,-0.0,0,10771,1.000,0.000,0.079,0.333,0.008,64.6,0.0,0
26,-0.46,0.00,3598.4,-0.0,-0.0,0,11052,1.000,0.000,0.079,0.333,0.008,64.6,0.0,0
27,-0.44,0.00,3598.4,-0.0,-0.0,0,11332,1.000,0.000,0.079,0.333,0.008,64.6,0.0,0
28,-0.42,0.00,3598.4,-0.0,-0.0,0,11613,1.000,0.000,0.079,0.333,0.008,64.6,0.0,0
29,-0.40,0.00,3598.4,-0.0,-0.0,0,11894,1.000,0.000,0.079,0.333,0.008,64.6,0.0,0
30,-0.38,0.00,3598.4,-0.0,-0.0,0,12174,1.000,0.000,0.079,0.333,0.008,64.6,0.0,0
31,-0.36,0.00,3598.4,-0.0,-0.0,0,12455,1.000,0.000,0.079,0.333,0.008,64.6,0.0,0
32,-0.34,0.00,3598.4,-0.0,-0.0,0,12736,1.000,0.000,0.079,0.333,0.008,64.6,0.0,0
33,-0.32,0.00,3598.4,-0.0,-0.0,0,13017,1.000,0.000,0.079,0.333,0.008,64.6,0.0,0
34,-0.30,0.00,3598.4,-0.0,-0.0,0,13300,1.000,0.000,0.079,0.333,0.008,64.6,0.0,0
35,-0.28,0.00,3598.4,-0.0,-0.0,0,13584,1.000,0.000,0.079,0.333,0.008,64.6,0.0,0
36,-0.26,0.00,3598.4,-0.0,-0.0,0,13870,1.000,0.000,0.079,0.333,0.008,64.6,0.0,0
37,-0.24,0.00,3598.4,-0.0,-0.0,0,14156,1.000,0.000,0.079,0.333,0.008,64.6,0.0,0
38,-0.22,0.00,3598.4,-0.0,-0.0,0,14443,1.000,0.000,0.079,0.333,0.008,64.6,0.0,0
39,-0.20,0.00,3598.4,-0.0,-0.0,0,14732,1.000,0.000,0.079,0.333,0.008,64.6,0.0,0
40,-0.18,0.00,3598.4,-0.0,-0.0,0,15021,1.000,0.000,0.079,0.333,0.008,64.6,0.0,0
41,-0.16,0.00,3598.4,-0.0,-0.0,0,15312,1.000,0.000,0.079,0.333,0.008,64.6,0.0,0
42,-0.14,0.00,3598.4,-0.0,-0.0,0,15604,1.000,0.000,0.079,0.333,0.008,64.6,0.0,0
43,-0.12,0.00,3598.4,-0.0,-0.0,0,15897,1.000,0.000,0.079,0.333,0.008,64.6,0.0,0
44,-0.10,0.00,3598.4,-0.0,-0.0,0,16192,1.000,0.000,0.079,0.333,0.008,64.6,0.0,0
45,-0.08,0.00,3598.4,-0.0,-0.0,0,16487,1.000,0.000,0.079,0.333,0.008,64.6,0.0,0
46,-0.06,0.00,3598.4,-0.0,-0.0,0,16784,1.000,0.000,0.079,0.333,0.008,64.6,0.0,0
47,-0.04,0.00,3598.4,-0.0,-0.0,0,17081,1.000,0.000,0.079,0.333,0.008,64.6,0.0,0
48,-0.02,0.00,3598.4,-0.0,-0.0,0,17378,1.000,0.000,0.079,0.333,0.008,64.6,0.0,0
49,0.02,0.00,3598.4,-0.0,0.0,0,17972,1.000,0.000,0.081,0.333,0.009,64.4,-0.0,0
50,0.04,0.00,3598.4,0.3,-0.0,1,5249,1.000,0.000,0.081,0.333,0.009,64.5,-0.6,0
51,0.06,0.00,3598.4,0.1,0.0,1,5264,1.000,0.000,0.081,0.333,0.009,64.4,1.0,0
52,0.08,0.00,3598.4,0.3,0.0,1,5236,1.000,0.000,0.081,0.333,0.009,64.5,-0.9,0
53,0.10,0.00,3598.4,0.8,0.0,1,5236,1.000,0.000,0.081,0.333,0.009,64.4,5.4,0
54,0.12,0.00,3598.5,1.7,0.0,1,5236,1.000,0.000,0.081,0.333,0.009,64.4,6.0,0
55,0.14,0.00,3598.5,2.7,0.0,1,5236,1.000,0.000,0.081,0.333,0.009,64.4,7.6,0
56,0.16,0.00,3598.5,3.6,0.0,1,5236,1.000,0.000,0.080,0.333,0.008,64.5,6.5,0
57,0.18,0.00,3598.5,4.5,0.0,1,5236,1.000,0.000,0.079,0.333,0.008,64.5,5.8,0
58,0.20,0.00,3598.5,5.4,0.1,1,5236,1.000,0.000,0.078,0.333,0.008,64.6,5.7,0
59,0.22,0.00,3598.6,6.3,0.1,1,5236,1.000,0.000,0.077,0.334,0.008,64.6,6.2,0
60,0.24,0.00,3598.6,7.1,0.1,1,5236,0.988,0.000,0.075,0.334,0.007,64.7,7.5,0
61,0.26,0.00,3598.7,8.0,0.1,1,5236,0.962,0.000,0.073,0.334,0.007,64.8,7.5,0
62,0.28,0.00,3598.7,8.8,0.1,1,5236,0.924,0.000,0.072,0.334,0.006,64.9,7.9,0
63,0.30,0.00,3598.8,9.6,0.1,1,5236,0.877,0.000,0.070,0.334,0.006,65.0,7.9,0
64,0.32,0.00,3598.8,10.5,0.1,1,5236,0.727,0.000,0.068,0.334,0.005,65.1,7.0,0
65,0.34,0.00,3598.9,11.3,0.1,1,5236,0.777,0.000,0.065,0.334,0.005,65.2,2.7,0
66,0.36,0.00,3598.9,12.1,0.1,1,5236,0.827,0.000,0.063,0.334,0.004,65.3,1.1,0
67,0.38,0.00,3599.0,12.8,0.1,1,5236,0.877,0.000,0.061,0.334,0.004,65.4,1.6,0
68,0.40,0.00,3599.1,13.5,0.1,1,5236,0.927,0.000,0.059,0.334,0.003,65.5,2.5,0
69,0.42,0.00,3599.2,14.3,0.1,1,5236,0.977,0.000,0.057,0.334,0.003,65.6,3.7,0
70,0.44,0.00,3599.2,15.1,0.1,1,5236,0.827,0.000,0.054,0.334,0.002,65.7,5.5,0
71,0.46,0.00,3599.3,15.9,0.1,1,5236,0.877,0.000,0.052,0.334,0.002,65.8,3.7,0
72,0.48,0.00,3599.4,16.7,0.1,1,5236,0.927,0.000,0.050,0.334,0.001,65.9,3.4,0
73,0.50,0.00,3599.5,17.5,0.1,1,5236,0.977,0.000,0.047,0.334,0.000,66.0,4.3,0
74,0.52,0.00,3599.6,18.4,0.1,1,5236,0.827,0.000,0.045,0.334,-0.000,66.1,6.0,0
75,0.54,0.00,3599.7,19.2,0.1,1,5236,0.877,0.000,0.042,0.335,-0.001,66.2,4.1,0
76,0.56,0.00,3599.8,19.9,0.1,1,5236,0.927,0.000,0.040,0.335,-0.001,66.2,3.8,0
77,0.58,0.00,3599.9,20.7,0.1,1,5236,0.977,0.000,0.038,0.335,-0.002,66.3,4.8,0
78,0.60,0.00,3600.1,21.5,0.1,1,5236,0.827,0.000,0.035,0.335,-0.003,66.4,6.6,0
79,0.62,0.00,3600.2,22.3,0.1,1,5236,0.877,0.000,0.033,0.335,-0.003,66.4,4.8,0
80,0.64,0.00,3600.3,23.1,0.1,1,5236,0.927,0.000,0.031,0.335,-0.004,66.5,4.5,0
81,0.66,0.00,3600.4,23.9,0.1,1,5236,0.777,0.000,0.029,0.336,-0.004,66.5,5.4,0
82,0.68,0.00,3600.6,24.7,0.1,1,5236,0.827,0.000,0.027,0.336,-0.005,66.5,3.0,0
83,0.70,0.00,3600.7,25.4,0.1,1,5236,0.877,0.000,0.025,0.336,-0.005,66.6,2.8,0
84,0.72,0.00,3600.9,26.2,0.1,1,5236,0.927,0.000,0.023,0.336,-0.006,66.6,3.7,0
85,0.74,0.00,3601.0,26.9,0.1,1,5236,0.777,0.000,0.022,0.336,-0.006,66.6,5.2,0
86,0.76,0.00,3601.2,27.7,0.1,1,5236,0.827,0.000,0.020,0.337,-0.006,66.5,3.1,0
87,0.78,0.00,3601.3,28.4,0.1,1,5236,0.877,0.000,0.019,0.337,-0.007,66.5,3.1,0
88,0.80,0.00,3601.5,29.1,0.1,1,5236,0.927,0.000,0.017,0.337,-0.007,66.5,4.0,0
89,0.82,0.00,3601.6,29.9,0.1,1,5296,0.777,0.000,0.016,0.337,-0.008,66.4,5.5,0
90,0.84,0.00,3601.8,30.7,0.1,1,5236,0.827,0.000,0.014,0.338,-0.008,66.4,3.5,0
91,0.86,0.00,3602.0,31.4,0.1,1,5359,0.877,0.000,0.013,0.338,-0.008,66.3,3.5,0
92,0.88,0.00,3602.2,32.2,0.1,1,5634,0.727,0.000,0.012,0.338,-0.008,66.2,5.2,0
93,0.90,0.00,3602.3,32.9,0.1,1,5584,0.777,0.000,0.011,0.339,-0.009,66.1,3.4,0
94,0.92,0.00,3602.5,33.6,0.0,1,5734,0.827,0.000,0.010,0.339,-0.009,66.0,3.7,0
95,0.94,0.00,3602.7,34.4,0.0,1,6031,0.677,0.000,0.009,0.339,-0.009,65.9,5.6,0
96,0.96,0.00,3602.9,35.2,0.0,1,5967,0.727,0.000,0.008,0.340,-0.009,65.8,3.7,0
97,0.98,0.00,3603.1,35.9,0.0,1,6112,0.777,0.000,0.007,0.340,-0.010,65.6,3.9,0
98,1.00,0.00,3603.3,36.7,0.0,1,6441,0.627,0.000,0.006,0.340,-0.010,65.5,6.1,0
99,1.02,0.00,3603.5,37.5,0.0,1,6347,0.677,0.000,0.006,0.341,-0.010,65.3,3.8,0
100,1.04,0.00,3603.8,38.2,0.0,1,6479,0.727,0.000,0.005,0.341,-0.010,65.2,3.9,0
101,1.06,0.00,3604.0,39.0,0.0,1,6769,0.577,0.000,0.004,0.341,-0.010,65.0,5.7,0
102,1.08,0.00,3604.2,39.7,0.0,1,6645,0.627,0.000,0.004,0.342,-0.011,64.8,3.1,0
103,1.10,0.00,3604.4,40.4,0.0,1,6814,0.677,0.000,0.004,0.342,-0.011,64.6,3.7,0
104,1.12,0.00,3604.6,41.1,0.0,1,7115,0.527,0.000,0.003,0.343,-0.011,64.4,5.7,0
105,1.14,0.00,3604.9,41.8,0.0,1,6957,0.577,0.000,0.003,0.343,-0.011,64.2,2.8,0
106,1.16,0.00,3605.1,42.5,0.0,1,7075,0.627,0.000,0.003,0.344,-0.011,64.0,2.8,0
107,1.18,0.00,3605.3,43.2,0.0,1,7329,0.677,0.000,0.002,0.344,-0.011,63.8,4.3,0
108,1.20,0.00,3605.6,44.0,0.0,1,7709,0.527,0.000,0.002,0.344,-0.011,63.5,7.2,0
109,1.22,0.00,3605.8,44.7,0.0,1,7567,0.577,0.000,0.002,0.345,-0.011,63.3,4.5,0
110,1.24,0.00,3606.1,45.5,0.0,1,7680,0.627,0.000,0.002,0.345,-0.011,63.1,4.3,0
111,1.26,0.00,3606.3,46.2,0.0,1,7974,0.477,0.000,0.002,0.346,-0.011,62.8,6.2,0
112,1.28,0.00,3606.6,46.9,0.0,1,7767,0.527,0.000,0.001,0.346,-0.011,62.6,2.7,0
113,1.30,0.00,3606.8,47.6,0.0,1,7894,0.577,0.000,0.001,0.347,-0.011,62.3,2.7,0
114,1.32,0.00,3607.1,48.3,0.0,1,8187,0.627,0.000,0.002,0.347,-0.011,62.0,4.9,0
115,1.34,0.00,3607.4,49.1,0.0,1,8633,0.477,0.000,0.002,0.348,-0.011,61.8,8.5,0
116,1.36,0.00,3607.7,49.8,0.0,1,8472,0.327,0.000,0.003,0.348,-0.012,61.5,5.5,0
117,1.38,0.00,3607.9,50.4,0.0,1,8051,0.377,0.000,0.005,0.349,-0.012,61.3,-0.6,0
118,1.40,0.00,3608.2,50.5,0.0,2,5986,0.427,0.000,0.006,0.350,-0.012,61.0,-3.7,0
119,1.42,0.00,0.0,50.5,0.0,2,6000,0.477,0.000,0.008,0.349,-0.012,60.8,-3.7,0
120,1.44,0.00,0.3,50.5,0.0,2,5839,0.527,0.000,0.018,0.350,-0.010,60.5,-3.3,0
121,1.46,0.00,0.6,50.8,0.1,2,6039,0.577,0.000,0.026,0.350,-0.009,60.4,-0.6,0
122,1.48,0.00,0.9,51.2,0.1,2,6109,0.627,0.000,0.033,0.351,-0.008,60.3,-0.3,0
123,1.50,0.00,1.2,51.7,0.1,2,6189,0.677,0.000,0.038,0.351,-0.007,60.3,0.1,0
124,1.52,0.00,1.5,52.0,0.1,2,6600,0.727,0.000,0.042,0.352,-0.006,60.4,4.8,0
125,1.54,0.00,1.8,52.6,0.1,2,6727,0.577,0.000,0.045,0.352,-0.005,60.6,6.9,0
126,1.56,0.00,2.1,53.3,0.1,2,6413,0.627,0.000,0.047,0.353,-0.005,60.8,0.9,0
127,1.58,0.00,2.4,53.8,0.2,2,6430,0.677,0.000,0.050,0.353,-0.005,61.0,-0.0,0
128,1.60,0.00,2.7,54.3,0.2,2,6522,0.727,0.000,0.053,0.353,-0.004,61.3,0.4,0
129,1.62,0.00,3.0,54.9,0.2,2,6636,0.777,0.000,0.056,0.354,-0.004,61.5,1.1,0
130,1.64,0.00,3.3,55.5,0.2,2,6774,0.827,0.000,0.059,0.354,-0.004,61.8,2.1,0
131,1.66,0.00,3.6,56.2,0.2,2,6951,0.877,0.000,0.060,0.355,-0.004,62.2,3.6,0
132,1.68,0.00,3.9,56.9,0.2,2,7174,0.727,0.000,0.061,0.355,-0.004,62.7,5.6,0
133,1.70,0.00,4.3,57.6,0.2,2,7110,0.777,0.000,0.060,0.355,-0.004,63.2,3.5,0
134,1.72,0.00,4.6,58.3,0.2,2,7212,0.827,0.000,0.059,0.356,-0.005,63.8,3.7,0
135,1.74,0.00,4.9,59.0,0.2,2,7397,0.677,0.000,0.058,0.356,-0.005,64.4,5.2,0
136,1.76,0.00,5.2,59.7,0.2,2,7310,0.727,0.000,0.056,0.357,-0.005,65.1,2.7,0
137,1.78,0.00,5.6,60.4,0.2,2,7412,0.777,0.000,0.056,0.357,-0.005,65.7,3.0,0
138,1.80,0.00,5.9,61.0,0.2,2,7591,0.827,0.000,0.055,0.358,-0.005,66.2,4.5,0
139,1.82,0.00,6.3,61.8,0.2,2,7829,0.677,0.000,0.055,0.358,-0.005,66.9,6.8,0
140,1.84,0.00,6.6,62.5,0.1,2,7748,0.727,0.000,0.054,0.359,-0.005,67.6,4.4,0
141,1.86,0.00,7.0,63.2,0.1,2,7765,0.777,0.000,0.053,0.359,-0.005,68.3,3.3,0
142,1.88,0.00,7.3,64.0,0.1,2,7879,0.827,0.000,0.053,0.359,-0.005,68.9,3.6,0
143,1.90,0.00,7.7,64.8,0.1,2,8089,0.677,0.000,0.053,0.360,-0.005,69.6,5.3,0
144,1.92,0.00,8.1,65.5,0.1,2,8029,0.727,0.000,0.053,0.360,-0.005,70.3,3.1,0
145,1.94,0.00,8.4,66.2,0.1,2,8191,0.777,0.000,0.052,0.361,-0.005,71.1,4.2,0
146,1.96,0.00,8.8,66.9,0.1,2,8447,0.627,0.000,0.052,0.361,-0.005,71.9,6.8,0
147,1.98,0.00,9.2,67.7,0.1,2,8359,0.677,0.000,0.051,0.362,-0.005,72.8,4.3,0
148,2.01,0.00,9.6,68.4,0.1,2,8467,0.727,0.000,0.050,0.362,-0.005,73.9,4.4,0
149,2.03,0.00,10.0,69.2,0.1,2,8676,0.577,0.000,0.049,0.362,-0.005,75.0,6.1,0
150,2.05,0.00,10.5,70.0,0.0,2,8526,0.627,0.000,0.048,0.363,-0.005,76.1,2.6,0
151,2.07,0.00,10.9,70.7,0.1,2,8631,0.677,0.000,0.049,0.363,-0.005,77.2,2.8,0
152,2.09,0.00,11.3,71.4,0.1,2,8827,0.727,0.000,0.049,0.364,-0.004,78.4,4.4,0
153,2.12,0.00,11.8,72.2,0.0,2,9089,0.577,0.000,0.050,0.364,-0.004,79.6,7.0,0
154,2.14,0.00,12.2,73.0,0.0,2,8913,0.627,0.000,0.050,0.364,-0.004,81.0,3.1,0
155,2.16,0.00,12.7,73.8,0.0,2,8956,0.677,0.000,0.051,0.365,-0.004,82.4,2.1,0
156,2.18,0.00,13.2,74.6,0.1,2,9142,0.727,0.000,0.052,0.365,-0.003,83.8,3.5,0
157,2.20,0.00,13.6,75.4,0.1,2,9425,0.577,0.000,0.052,0.365,-0.003,85.4,6.3,0
158,2.23,0.00,14.1,76.2,0.0,2,9320,0.627,0.000,0.052,0.365,-0.003,87.2,3.4,0
159,2.25,0.00,14.6,76.9,0.0,2,9471,0.677,0.000,0.051,0.366,-0.003,89.1,4.2,0
160,2.27,0.00,15.1,77.7,-0.0,2,9695,0.527,0.000,0.050,0.366,-0.003,91.3,6.2,0
161,2.29,0.00,15.5,78.5,-0.0,2,9519,0.577,0.000,0.048,0.366,-0.003,93.7,2.2,0
162,2.31,0.00,16.0,79.1,-0.0,2,9626,0.627,0.000,0.031,0.366,-0.002,96.1,2.5,0
163,2.34,0.00,16.5,79.9,-0.1,2,9804,0.677,0.000,0.029,0.366,-0.002,98.2,3.9,0
164,2.36,0.00,17.0,80.6,-0.1,2,10019,0.527,0.000,0.031,0.366,-0.000,99.9,5.8,0
165,2.38,0.00,17.5,81.0,-0.1,3,7892,0.577,0.000,0.035,0.366,0.001,101.6,-5.9,0
166,2.40,0.00,18.0,80.9,-0.0,3,7904,0.627,0.000,0.040,0.366,0.002,103.1,-6.0,0
167,2.42,0.00,18.5,80.9,0.0,3,7401,0.677,0.000,0.044,0.366,0.004,105.0,-5.6,0
168,2.45,0.00,19.0,81.2,0.1,3,7711,0.727,0.000,0.046,0.365,0.005,107.4,0.0,0
169,2.47,0.00,19.5,81.8,0.1,3,7804,0.777,0.000,0.048,0.365,0.005,110.3,0.9,0
170,2.49,0.00,20.0,82.4,0.1,3,7901,0.827,0.000,0.049,0.365,0.006,113.6,1.7,0
171,2.51,0.00,20.5,83.0,0.0,3,8009,0.877,0.000,0.049,0.364,0.006,117.4,2.5,0
172,2.53,0.00,21.1,83.8,0.0,3,8131,0.927,0.000,0.049,0.364,0.007,121.8,3.6,0
173,2.56,0.00,21.6,84.5,-0.0,3,8273,0.977,0.000,0.049,0.363,0.007,126.6,5.0,0
174,2.58,0.00,22.1,85.4,-0.1,3,8445,0.827,0.000,0.049,0.362,0.008,132.1,6.8,0
175,2.60,0.00,22.6,86.2,-0.1,3,8381,0.877,0.000,0.048,0.361,0.008,138.3,4.2,0
176,2.62,0.00,23.2,87.0,-0.1,3,8447,0.927,0.000,0.048,0.361,0.008,145.0,4.0,0
177,2.64,0.00,23.7,87.8,-0.1,3,8582,0.777,0.000,0.049,0.360,0.009,152.2,5.0,0
178,2.67,0.00,24.3,88.6,-0.2,3,8523,0.827,0.000,0.050,0.359,0.009,160.4,2.5,0
179,2.69,0.00,24.8,89.3,-0.1,3,8639,0.877,0.000,0.050,0.358,0.010,165.5,3.3,0
180,2.71,0.00,25.4,90.0,-0.2,3,8802,0.727,0.000,0.051,0.357,0.010,168.8,5.1,0
181,2.73,0.00,25.9,90.8,-0.2,3,8730,0.777,0.000,0.050,0.355,0.011,171.5,2.5,0
182,2.75,0.00,26.5,91.5,-0.2,3,8820,0.827,0.000,0.050,0.354,0.011,173.8,2.8,0
183,2.78,0.00,27.1,92.2,-0.2,3,8959,0.877,0.000,0.043,0.353,0.011,175.7,4.2,0
184,2.80,0.00,27.6,93.0,-0.3,3,9128,0.727,0.000,0.041,0.352,0.012,177.4,6.1,0
185,2.82,0.00,28.2,93.7,-0.3,3,9040,0.777,0.000,0.041,0.350,0.012,178.8,3.0,0
186,2.84,0.00,28.8,94.5,-0.3,3,9115,0.827,0.000,0.043,0.349,0.013,180.0,3.1,0
187,2.86,0.00,29.4,95.2,-0.3,3,9254,0.877,0.000,0.045,0.347,0.014,181.0,4.4,0
188,2.89,0.00,30.0,96.0,-0.3,3,9433,0.727,0.000,0.048,0.345,0.015,182.1,6.4,0
189,2.91,0.00,30.6,96.8,-0.3,3,9347,0.777,0.000,0.049,0.344,0.016,183.2,3.4,0
190,2.93,0.00,31.2,97.6,-0.3,3,9439,0.827,0.000,0.050,0.342,0.016,184.2,3.7,0
191,2.95,0.00,31.8,98.3,-0.3,3,9585,0.677,0.000,0.051,0.340,0.017,185.2,5.1,0
192,2.97,0.00,32.4,99.1,-0.3,3,9491,0.727,0.000,0.039,0.338,0.016,186.2,2.0,0
193,3.00,0.00,33.0,99.7,-0.4,3,9579,0.777,0.000,0.021,0.336,0.012,187.0,2.3,0
194,3.02,0.00,33.6,100.5,-0.4,3,9708,0.827,0.000,0.007,0.334,0.010,187.5,3.5,0
195,3.04,0.00,34.2,101.2,-0.4,3,9868,0.677,0.000,-0.002,0.333,0.008,187.6,5.2,0
196,3.06,0.00,34.9,102.0,-0.4,3,9762,0.727,0.000,-0.006,0.332,0.007,187.3,1.9,0
197,3.08,0.00,35.5,102.6,-0.4,3,9839,0.777,0.000,-0.007,0.331,0.007,186.7,2.0,0
198,3.11,0.00,36.1,103.4,-0.3,3,9959,0.827,0.000,-0.006,0.329,0.007,186.0,3.1,0
199,3.13,0.00,36.8,104.1,-0.2,3,10099,0.877,0.000,-0.005,0.328,0.008,185.2,4.4,0
200,3.15,0.00,37.4,104.9,-0.1,3,10255,0.727,0.000,-0.003,0.327,0.008,184.4,5.9,0
201,3.17,0.00,38.0,105.7,-0.1,3,10153,0.777,0.000,-0.001,0.326,0.008,183.7,2.6,0
202,3.19,0.00,38.7,106.5,-0.1,3,10237,0.827,0.000,0.000,0.325,0.009,182.9,2.7,0
203,3.22,0.00,39.3,107.2,-0.0,3,10374,0.877,0.000,0.001,0.324,0.009,182.2,4.0,0
204,3.24,0.00,40.0,108.0,-0.0,3,10535,0.727,0.000,0.001,0.323,0.009,181.5,5.6,0
205,3.26,0.00,40.7,108.8,-0.0,3,10438,0.777,0.000,0.001,0.322,0.009,180.9,2.4,0
206,3.28,0.00,41.3,109.5,-0.0,3,10526,0.827,0.000,0.001,0.322,0.009,180.2,2.7,0
207,3.30,0.00,42.0,110.3,-0.0,3,10666,0.877,0.000,0.001,0.321,0.008,179.5,4.0,0
208,3.33,0.00,42.7,110.6,-0.0,4,8668,0.927,0.000,0.001,0.320,0.008,178.9,-8.0,0
209,3.35,0.00,43.3,110.5,-0.0,4,8678,0.977,0.000,0.000,0.319,0.008,178.2,-8.2,0
210,3.37,0.00,44.0,110.4,-0.0,4,8207,1.000,0.000,0.000,0.318,0.008,177.5,-7.8,0
211,3.39,0.00,44.7,110.8,-0.0,4,8651,1.000,0.000,0.000,0.317,0.008,176.8,2.2,0
212,3.41,0.00,45.4,111.5,-0.0,4,8743,1.000,0.000,0.001,0.316,0.008,176.2,3.4,0
213,3.44,0.00,46.1,112.3,-0.0,4,8787,1.000,0.000,0.001,0.315,0.008,175.5,3.2,0
214,3.46,0.00,46.7,113.0,-0.0,4,8824,1.000,0.000,0.000,0.314,0.008,174.8,2.7,0
215,3.48,0.00,47.4,113.8,-0.0,4,8869,1.000,0.000,0.000,0.313,0.008,174.1,2.4,0
216,3.50,0.00,48.1,114.5,-0.0,4,8925,1.000,0.000,0.000,0.312,0.008,173.4,2.3,0
217,3.52,0.00,48.8,115.3,-0.0,4,8991,1.000,0.000,0.000,0.311,0.008,172.7,2.5,0
218,3.55,0.00,49.5,116.0,-0.0,4,9063,1.000,0.000,0.000,0.310,0.008,172.0,2.9,0
219,3.57,0.00,50.3,116.8,-0.0,4,9139,1.000,0.000,0.000,0.309,0.008,171.2,3.3,0
220,3.59,0.00,51.0,117.5,-0.0,4,9206,1.000,0.000,0.001,0.308,0.008,170.5,3.5,0
221,3.61,0.00,51.7,118.3,-0.0,4,9269,1.000,0.000,0.000,0.307,0.008,169.8,3.6,0
222,3.63,0.00,52.4,119.1,-0.0,4,9330,1.000,0.000,0.000,0.306,0.008,169.1,3.6,0
223,3.66,0.00,53.2,119.8,-0.0,4,9391,1.000,0.000,0.000,0.305,0.008,168.3,3.6,0
224,3.68,0.00,53.9,120.6,-0.0,4,9451,1.000,0.000,0.001,0.304,0.008,167.6,3.6,0
225,3.70,0.00,54.6,121.4,-0.0,4,9508,1.000,0.000,0.000,0.303,0.008,166.8,3.5,0
226,3.72,0.00,55.4,122.2,-0.0,4,9565,1.000,0.000,0.000,0.302,0.008,166.1,3.4,0
227,3.74,0.00,56.1,123.0,-0.0,4,9623,1.000,0.000,0.000,0.301,0.008,165.3,3.4,0
228,3.77,0.00,56.9,123.8,-0.0,4,9682,1.000,0.000,0.001,0.300,0.008,164.6,3.3,0
229,3.79,0.00,57.6,124.6,-0.0,4,9741,1.000,0.000,0.000,0.299,0.008,163.8,3.3,0
230,3.81,0.00,58.4,125.3,-0.0,4,9802,1.000,0.000,0.000,0.298,0.008,163.0,3.3,0
231,3.83,0.00,59.2,126.1,-0.0,4,9861,1.000,0.000,0.000,0.297,0.008,162.2,3.3,0
232,3.85,0.00,59.9,126.9,-0.0,4,9918,1.000,0.000,0.001,0.296,0.008,161.5,3.2,0
233,3.88,0.00,60.7,127.7,-0.0,4,9974,1.000,0.000,0.000,0.295,0.008,160.7,3.1,0
234,3.90,0.00,61.5,128.5,-0.0,4,10029,1.000,0.000,0.000,0.294,0.008,159.9,3.0,0
235,3.92,0.00,62.3,129.2,-0.0,4,10085,1.000,0.000,0.000,0.293,0.008,159.1,2.9,0
236,3.94,0.00,63.1,130.0,-0.0,4,10141,1.000,0.000,0.001,0.292,0.008,158.3,2.8,0
237,3.96,0.00,63.9,130.8,-0.0,4,10198,1.000,0.000,0.001,0.291,0.008,157.5,2.7,0
238,3.99,0.00,64.7,131.6,-0.0,4,10255,1.000,0.000,0.000,0.290,0.008,156.7,2.7,0
239,4.01,0.00,65.5,132.3,-0.0,4,10312,1.000,0.000,0.000,0.289,0.008,155.9,2.6,0
240,4.03,0.00,66.3,133.1,-0.0,4,10371,1.000,0.000,0.000,0.288,0.008,155.1,2.6,0
241,4.05,0.00,67.1,133.9,-0.0,4,10428,1.000,0.000,0.006,0.287,0.008,154.2,2.5,0
242,4.07,0.00,67.9,134.6,0.0,4,10483,1.000,0.000,0.005,0.286,0.007,153.5,2.5,0
243,4.10,0.00,68.8,135.4,-0.0,4,10539,1.000,0.000,0.003,0.284,0.007,152.8,2.4,0
244,4.12,0.00,69.6,136.2,-0.0,4,10594,1.000,0.000,0.001,0.284,0.007,152.0,2.3,0
245,4.14,0.00,70.4,136.9,-0.1,4,10649,1.000,0.000,0.000,0.283,0.007,151.3,2.2,0
246,4.16,0.00,71.3,137.7,-0.1,4,10705,1.000,0.000,-0.001,0.282,0.006,150.5,2.1,0
247,4.18,0.00,72.1,138.4,-0.1,4,10760,1.000,0.000,-0.001,0.281,0.006,149.6,2.0,0
248,4.21,0.00,73.0,139.2,-0.0,4,10816,1.000,0.000,-0.001,0.280,0.006,148.7,2.0,0
249,4.23,0.00,73.8,139.9,-0.0,4,10872,1.000,0.000,-0.000,0.279,0.006,147.8,1.9,0
250,4.25,0.00,74.7,140.7,-0.0,4,10928,1.000,0.000,0.000,0.278,0.006,147.0,1.9,0
251,4.27,0.00,75.5,141.0,-0.0,5,9812,1.000,0.000,0.000,0.277,0.006,146.1,-10.0,0
252,4.29,0.00,76.4,140.8,-0.0,5,9816,1.000,0.000,-0.000,0.276,0.006,145.2,-10.4,0
253,4.32,0.00,77.2,140.7,-0.0,5,9385,1.000,0.000,-0.000,0.275,0.006,144.3,-10.3,0
254,4.34,0.00,78.1,141.0,-0.0,5,9772,1.000,0.000,-0.000,0.274,0.006,143.5,-0.3,0
255,4.36,0.00,79.0,141.6,-0.0,5,9835,1.000,0.000,-0.000,0.273,0.006,142.6,0.5,0
256,4.38,0.00,79.8,142.3,-0.0,5,9868,1.000,0.000,-0.000,0.272,0.006,141.7,0.2,0
257,4.40,0.00,80.7,143.0,-0.0,5,9898,1.000,0.000,-0.000,0.271,0.006,140.8,-0.2,0
258,4.43,0.00,81.6,143.6,-0.0,5,9934,1.000,0.000,-0.000,0.270,0.006,139.9,-0.5,0
259,4.45,0.00,82.5,144.3,-0.0,5,9976,1.000,0.000,-0.000,0.269,0.006,139.0,-0.6,0
260,4.47,0.00,83.4,144.9,-0.0,5,10022,1.000,0.000,-0.000,0.268,0.006,138.1,-0.6,0
261,4.49,0.00,84.2,145.6,-0.0,5,10071,1.000,0.000,-0.000,0.267,0.006,137.2,-0.5,0
262,4.51,0.00,85.1,146.2,-0.0,5,10118,1.000,0.000,-0.000,0.267,0.006,136.3,-0.4,0
263,4.54,0.00,86.0,146.8,-0.0,5,10162,1.000,0.000,-0.000,0.266,0.006,135.4,-0.4,0
264,4.56,0.00,86.9,147.5,-0.0,5,10205,1.000,0.000,0.000,0.265,0.006,134.5,-0.5,0
265,4.58,0.00,87.8,148.1,-0.0,5,10247,1.000,0.000,0.000,0.264,0.006,133.5,-0.5,0
266,4.60,0.00,88.7,148.8,-0.0,5,10288,1.000,0.000,0.000,0.263,0.006,132.6,-0.6,0
267,4.62,0.00,89.6,149.4,-0.0,5,10329,1.000,0.000,0.000,0.262,0.006,131.7,-0.7,0
268,4.65,0.00,90.6,150.1,-0.0,5,10370,1.000,0.000,0.000,0.261,0.006,130.8,-0.8,0
269,4.67,0.00,91.5,150.7,-0.0,5,10412,1.000,0.000,0.000,0.260,0.006,129.8,-0.9,0
270,4.69,0.00,92.4,151.3,-0.0,5,10454,1.000,0.000,0.000,0.259,0.006,128.9,-0.9,0
271,4.71,0.00,93.3,152.0,-0.0,5,10496,1.000,0.000,0.000,0.258,0.006,127.9,-0.9,0
272,4.73,0.00,94.3,152.6,-0.0,5,10539,1.000,0.000,0.000,0.257,0.006,127.0,-1.0,0
273,4.76,0.00,95.2,153.2,-0.0,5,10581,1.000,0.000,0.000,0.256,0.006,126.0,-1.0,0
274,4.78,0.00,96.1,153.8,-0.0,5,10623,1.000,0.000,0.001,0.255,0.006,125.1,-1.1,0
275,4.80,0.00,97.1,154.5,0.0,5,10665,1.000,0.000,0.000,0.254,0.006,124.1,-1.1,0
276,4.82,0.00,98.0,155.1,-0.0,5,10706,1.000,0.000,0.000,0.253,0.006,123.2,-1.2,0
277,4.84,0.00,99.0,155.7,-0.0,5,10746,1.000,0.000,0.000,0.252,0.006,122.2,-1.3,0
278,4.87,0.00,99.9,156.4,-0.0,5,10788,1.000,0.000,0.000,0.251,0.006,121.2,-1.3,0
279,4.89,0.00,100.9,157.0,-0.0,5,10829,1.000,0.000,0.000,0.250,0.006,120.3,-1.4,0
280,4.91,0.00,101.8,157.6,-0.0,5,10871,1.000,0.000,0.000,0.249,0.006,119.3,-1.4,0
281,4.93,0.00,102.8,158.2,-0.0,5,10912,1.000,0.000,0.001,0.248,0.006,118.3,-1.5,0
282,4.95,0.00,103.8,158.8,-0.0,5,10953,1.000,0.000,0.000,0.247,0.006,117.3,-1.5,0
283,4.98,0.00,104.8,159.4,-0.0,5,10994,1.000,0.000,0.000,0.246,0.006,116.3,-1.6,0
284,5.00,0.00,105.7,160.1,-0.0,5,11034,0.990,0.000,0.000,0.245,0.006,115.3,-1.6,0
285,5.02,0.00,106.7,160.7,-0.0,5,11068,0.980,0.000,0.000,0.244,0.006,114.3,-1.8,0
286,5.04,0.00,107.7,161.3,-0.0,5,11103,0.970,0.000,0.000,0.243,0.006,113.3,-2.0,0
287,5.06,0.00,108.7,161.9,-0.0,5,11137,0.960,0.000,0.001,0.242,0.006,112.3,-2.2,0
288,5.09,0.00,109.7,162.4,-0.0,5,11171,0.950,0.000,0.001,0.241,0.006,111.3,-2.4,0
289,5.11,0.00,110.7,163.0,-0.0,5,11204,0.940,0.000,0.000,0.239,0.006,110.3,-2.6,0
290,5.13,0.00,111.7,163.6,-0.0,5,11236,0.930,0.000,0.000,0.238,0.006,109.3,-2.8,0
291,5.15,0.00,112.7,164.1,-0.0,5,11267,0.920,0.000,-0.000,0.237,0.006,108.3,-2.9,0
292,5.17,0.00,113.7,164.6,-0.0,5,11298,0.910,0.000,0.000,0.236,0.006,107.3,-3.1,0
293,5.20,0.00,114.7,165.2,-0.0,5,11326,0.900,0.000,0.000,0.235,0.006,106.3,-3.3,0
294,5.22,0.00,115.7,165.7,-0.0,5,11356,0.890,0.000,0.011,0.234,0.006,105.2,-3.5,0
295,5.24,0.00,116.7,166.2,0.0,5,11385,0.880,0.000,0.009,0.233,0.006,104.3,-3.7,0
296,5.26,0.00,117.7,166.7,-0.0,5,11413,0.870,0.000,0.006,0.232,0.005,103.4,-3.8,0
297,5.28,0.00,118.7,167.2,-0.1,5,11441,0.860,0.000,0.002,0.232,0.004,102.6,-4.0,0
298,5.31,0.00,119.8,167.6,-0.1,5,11468,0.850,0.000,-0.001,0.231,0.004,101.6,-4.2,0
299,5.33,0.00,120.8,168.1,-0.1,5,11494,0.840,0.000,-0.002,0.230,0.003,100.6,-4.3,0
300,5.35,0.00,121.8,168.5,-0.1,5,11518,0.830,0.000,-0.002,0.229,0.003,99.6,-4.5,0
301,5.37,0.00,122.8,169.0,-0.1,5,11542,0.820,0.000,-0.002,0.229,0.004,98.5,-4.7,0
302,5.39,0.00,123.9,169.4,-0.0,5,11566,0.000,0.045,-0.001,0.228,0.004,97.4,-4.9,0
303,5.42,0.00,124.9,169.3,-0.0,5,11231,0.000,0.084,0.000,0.227,0.004,96.3,-12.4,0
304,5.44,0.00,126.0,168.7,0.0,5,11174,0.000,0.104,0.001,0.227,0.004,95.2,-11.8,0
305,5.46,0.00,127.0,168.1,0.0,5,11122,0.000,0.118,0.002,0.226,0.004,94.1,-11.4,0
306,5.48,0.00,128.0,167.4,0.1,5,11069,0.000,0.129,0.002,0.225,0.004,93.1,-11.2,0
307,5.50,0.00,129.0,166.7,0.0,5,11017,0.000,0.138,0.001,0.225,0.004,92.0,-10.9,0
308,5.53,0.00,130.0,165.9,0.0,5,10964,0.000,0.145,0.001,0.224,0.004,91.0,-10.6,0
309,5.55,0.00,131.1,165.1,0.0,5,10910,0.000,0.152,0.001,0.223,0.004,90.0,-10.4,0
310,5.57,0.00,132.1,164.3,0.0,5,10854,0.000,0.158,0.001,0.222,0.004,88.9,-10.2,0
311,5.59,0.00,133.1,163.5,0.0,5,10798,0.000,0.163,0.001,0.222,0.004,87.9,-9.9,0
312,5.61,0.00,134.1,162.7,0.0,5,10741,0.000,0.167,0.001,0.221,0.004,86.9,-9.7,0
313,5.64,0.00,135.0,161.9,0.0,5,10684,0.000,0.171,0.001,0.220,0.004,85.9,-9.6,0
314,5.66,0.00,136.0,161.0,0.0,5,10626,0.000,0.174,0.002,0.220,0.004,84.9,-9.4,0
315,5.68,0.00,137.0,160.2,0.0,5,10568,0.000,0.177,0.002,0.219,0.004,83.9,-9.3,0
316,5.70,0.00,138.0,159.3,0.0,5,10511,0.000,0.179,0.001,0.218,0.004,82.9,-9.1,0
317,5.72,0.00,139.0,158.4,0.0,5,10452,0.000,0.180,0.001,0.218,0.004,81.9,-9.0,0
318,5.75,0.00,139.9,157.6,0.0,5,10394,0.000,0.182,0.001,0.217,0.004,80.9,-8.9,0
319,5.77,0.00,140.9,156.7,0.0,5,10335,0.000,0.185,0.001,0.216,0.004,79.9,-8.8,0
320,5.79,0.00,141.8,155.8,0.0,5,10276,0.000,0.186,0.001,0.216,0.004,78.9,-8.7,0
321,5.81,0.00,142.8,154.9,0.0,5,10217,0.000,0.188,0.001,0.215,0.004,78.0,-8.6,0
322,5.83,0.00,143.7,154.1,0.0,5,10158,0.000,0.190,0.001,0.214,0.004,77.0,-8.5,0
323,5.86,0.00,144.7,153.2,0.0,5,10098,0.000,0.191,0.001,0.214,0.004,76.0,-8.4,0
324,5.88,0.00,145.6,152.3,0.0,5,10040,0.000,0.193,0.001,0.213,0.004,75.1,-8.3,0
325,5.90,0.00,146.5,151.4,0.0,5,9981,0.000,0.194,0.002,0.212,0.005,74.1,-8.1,0
326,5.92,0.00,147.5,150.5,0.0,5,9921,0.000,0.195,0.002,0.212,0.005,73.2,-8.0,0
327,5.94,0.00,148.4,149.6,0.0,5,9861,0.000,0.196,0.002,0.211,0.004,72.3,-7.9,0
328,5.97,0.00,149.3,148.7,0.0,5,9802,0.000,0.197,0.027,0.210,0.004,71.4,-7.8,0
329,5.99,0.00,150.2,147.9,0.1,5,9742,0.000,0.190,0.023,0.210,0.003,70.6,-7.7,0
330,6.01,0.00,151.1,147.0,-0.0,5,9687,0.000,0.178,0.014,0.209,0.002,70.0,-7.9,0
331,6.03,0.00,152.0,146.1,-0.2,5,9637,0.000,0.166,0.005,0.209,-0.000,69.3,-8.1,0
332,6.05,0.00,152.9,145.3,-0.3,5,9589,0.000,0.160,-0.002,0.209,-0.002,68.7,-8.3,0
333,6.08,0.00,153.8,144.6,-0.3,5,9542,0.000,0.161,-0.006,0.209,-0.002,67.9,-8.3,0
334,6.10,0.00,154.6,143.8,-0.3,5,9492,0.000,0.168,-0.007,0.209,-0.002,67.0,-8.2,0
335,6.12,0.00,155.5,143.0,-0.2,5,9437,0.000,0.177,-0.006,0.209,-0.002,66.1,-8.0,0
336,6.14,0.00,156.4,142.2,-0.2,5,9381,0.000,0.186,-0.005,0.209,-0.002,65.1,-7.7,0
337,6.16,0.00,157.3,141.4,-0.1,5,9322,0.000,0.194,-0.003,0.209,-0.001,64.2,-7.4,0
338,6.19,0.00,158.1,140.6,-0.0,5,9262,0.000,0.200,-0.001,0.209,-0.001,63.2,-7.2,0
339,6.21,0.00,159.0,139.7,-0.0,5,9202,0.000,0.204,-0.001,0.210,-0.001,62.3,-7.1,0
340,6.23,0.00,159.8,138.8,0.0,4,10205,0.000,0.208,-0.000,0.210,-0.001,61.4,-6.2,0
341,6.25,0.00,160.7,138.0,0.0,4,10173,0.000,0.213,-0.000,0.210,-0.001,60.6,-6.0,0
342,6.27,0.00,161.5,137.1,0.0,4,10036,0.000,0.216,-0.000,0.210,-0.001,59.7,-6.9,0
343,6.30,0.00,162.3,136.2,0.0,4,9964,0.000,0.215,-0.000,0.210,-0.001,58.8,-6.8,0
344,6.32,0.00,163.2,135.3,0.0,4,9893,0.000,0.215,0.000,0.210,-0.000,58.0,-6.8,0
345,6.34,0.00,164.0,134.3,0.0,4,9824,0.000,0.215,0.001,0.210,-0.000,57.1,-6.8,0
346,6.36,0.00,164.8,133.4,0.0,4,9755,0.000,0.215,0.001,0.210,-0.000,56.3,-6.7,0
347,6.38,0.00,165.6,132.5,0.0,4,9686,0.000,0.214,0.001,0.210,-0.000,55.4,-6.6,0
348,6.41,0.00,166.4,131.5,0.0,4,9619,0.000,0.214,0.002,0.210,-0.000,54.6,-6.6,0
349,6.43,0.00,167.2,130.6,0.0,4,9552,0.000,0.214,0.002,0.210,-0.000,53.8,-6.6,0
350,6.45,0.00,168.0,129.7,0.0,4,9484,0.000,0.214,0.002,0.210,-0.000,53.0,-6.5,0
351,6.47,0.00,168.8,128.8,0.0,4,9417,0.000,0.214,0.002,0.210,-0.000,52.2,-6.4,0
352,6.49,0.00,169.6,127.9,0.0,4,9352,0.000,0.214,0.003,0.211,-0.000,51.4,-6.3,0
353,6.52,0.00,170.4,127.0,0.0,4,9286,0.000,0.214,0.074,0.211,-0.000,50.6,-6.2,0
354,6.54,0.00,171.2,126.1,0.2,4,9220,0.000,0.201,0.065,0.211,-0.002,50.0,-5.6,0
355,6.56,0.00,171.9,125.2,0.0,4,9160,0.000,0.174,0.046,0.211,-0.006,49.7,-6.1,0
356,6.58,0.00,172.7,124.4,-0.2,4,9113,0.000,0.149,0.025,0.212,-0.011,49.5,-6.8,0
357,6.60,0.00,173.4,123.6,-0.5,4,9073,0.000,0.133,0.008,0.214,-0.015,49.1,-7.3,0
358,6.63,0.00,174.2,123.0,-0.6,4,9034,0.000,0.129,-0.004,0.215,-0.017,48.7,-7.5,0
359,6.65,0.00,174.9,122.4,-0.6,4,8991,0.000,0.135,-0.010,0.217,-0.018,48.0,-7.5,0
360,6.67,0.00,175.7,121.7,-0.5,4,8943,0.000,0.148,-0.011,0.218,-0.019,47.3,-7.3,0
361,6.69,0.00,176.4,121.1,-0.4,4,8889,0.000,0.164,-0.010,0.220,-0.018,46.5,-7.0,0
362,6.71,0.00,177.2,120.4,-0.3,4,8830,0.000,0.179,-0.007,0.222,-0.018,45.7,-6.6,0
363,6.74,0.00,177.9,119.6,-0.2,4,8769,0.000,0.191,-0.005,0.224,-0.017,44.8,-6.2,0
364,6.76,0.00,178.6,118.8,-0.1,4,8704,0.000,0.201,-0.003,0.226,-0.017,44.0,-5.9,0
365,6.78,0.00,179.4,118.0,-0.0,4,8638,0.000,0.208,-0.002,0.228,-0.016,43.3,-5.7,0
366,6.80,0.00,180.1,117.2,-0.0,4,8572,0.000,0.214,-0.001,0.230,-0.016,42.5,-5.5,0
367,6.82,0.00,180.8,116.3,-0.0,4,8506,0.000,0.217,-0.000,0.232,-0.016,41.8,-5.4,0
368,6.85,0.00,181.5,115.4,-0.0,4,8441,0.000,0.220,-0.000,0.234,-0.016,41.0,-5.2,0
369,6.87,0.00,182.2,114.5,-0.0,4,8375,0.000,0.222,-0.000,0.235,-0.016,40.3,-5.1,0
370,6.89,0.00,182.9,113.6,-0.0,4,8309,0.000,0.223,-0.000,0.237,-0.016,39.6,-5.5,0
371,6.91,0.00,183.6,112.8,-0.0,4,8244,0.000,0.224,0.000,0.239,-0.016,38.9,-5.4,0
372,6.93,0.00,184.3,111.9,-0.0,4,8179,0.000,0.226,0.017,0.241,-0.013,38.2,-5.2,0
373,6.96,0.00,185.0,111.0,0.0,4,8114,0.000,0.225,0.054,0.242,-0.005,37.6,-4.8,0
374,6.98,0.00,185.7,110.1,0.1,4,8057,0.000,0.215,0.086,0.242,0.001,37.1,-4.3,0
375,7.00,0.00,186.3,109.2,0.1,4,8000,0.000,0.194,0.414,0.242,0.005,36.7,-4.3,0
376,7.02,0.00,187.0,108.5,0.3,3,9808,0.000,0.157,0.436,0.242,0.005,36.7,-0.8,0
377,7.04,0.00,187.7,107.8,0.1,3,9778,0.000,0.082,0.084,0.242,-0.002,37.3,0.3,0
378,7.07,0.00,188.4,107.1,-0.6,3,9666,0.050,0.000,0.047,0.242,-0.011,38.2,-7.3,0
379,7.09,0.00,189.0,106.8,-1.4,3,9718,0.100,0.000,0.035,0.242,-0.014,38.7,-8.5,0
380,7.11,0.00,189.7,106.6,-1.5,3,9742,0.150,0.000,0.042,0.242,-0.014,38.8,-7.7,0
381,7.13,0.00,190.3,106.6,-1.3,3,9765,0.200,0.000,0.061,0.242,-0.011,38.6,-7.1,0
382,7.15,0.00,191.0,106.6,-0.9,3,9795,0.250,0.000,0.083,0.242,-0.007,38.3,-6.5,0
383,7.18,0.00,191.7,106.6,-0.7,3,9832,0.300,0.000,0.103,0.242,-0.004,38.1,-5.8,0
384,7.20,0.00,192.3,106.8,-0.5,3,9878,0.350,0.000,0.120,0.241,-0.001,38.0,-5.1,0
385,7.22,0.00,193.0,106.9,-0.4,3,9930,0.400,0.000,0.132,0.241,-0.000,38.1,-4.3,0
386,7.24,0.00,193.7,107.2,-0.4,3,9977,0.450,0.000,0.141,0.240,0.000,38.2,-3.8,0
387,7.26,0.00,194.3,107.4,-0.4,3,10043,0.500,0.000,0.148,0.240,-0.000,38.5,-3.0,0
388,7.29,0.00,195.0,107.8,-0.5,3,10121,0.550,0.000,0.153,0.240,-0.001,38.9,-2.1,0
389,7.31,0.00,195.7,108.2,-0.6,3,10210,0.600,0.000,0.158,0.239,-0.003,39.4,-1.0,0
390,7.33,0.00,196.3,108.6,-0.7,3,10306,0.650,0.000,0.164,0.239,-0.005,40.0,0.1,0
391,7.35,0.00,197.0,109.1,-0.9,3,10408,0.700,0.000,0.172,0.239,-0.007,40.8,1.2,0
392,7.37,0.00,197.7,109.7,-1.1,3,10520,0.750,0.000,0.182,0.239,-0.010,41.8,2.5,0
393,7.40,0.00,198.4,110.3,-1.3,3,10651,0.800,0.000,0.177,0.239,-0.014,42.9,4.0,0
394,7.42,0.00,199.1,110.5,-1.4,4,8657,0.850,0.000,0.156,0.239,-0.017,44.2,-7.4,0
395,7.44,0.00,199.8,110.4,-1.4,4,8667,0.900,0.000,0.138,0.240,-0.020,45.4,-8.0,0
396,7.46,0.00,200.4,110.2,-1.5,4,8197,0.950,0.000,0.122,0.240,-0.022,46.8,-7.7,0
397,7.48,0.00,201.1,110.5,-1.6,4,8675,1.000,0.000,0.105,0.241,-0.025,48.4,3.4,0
398,7.51,0.00,201.8,111.1,-1.9,4,8832,0.850,0.000,0.089,0.242,-0.027,50.1,6.2,0
399,7.53,0.00,202.5,111.8,-2.1,4,8765,0.900,0.000,0.044,0.243,-0.028,51.8,3.6,0
400,7.55,0.00,203.2,112.4,-2.2,4,8786,0.950,0.000,0.007,0.244,-0.027,53.1,2.9,0
401,7.57,0.00,203.9,113.1,-2.1,4,8836,1.000,0.000,0.016,0.245,-0.024,53.6,2.8,0
402,7.59,0.00,204.6,113.8,-1.8,4,8948,1.000,0.000,0.042,0.245,-0.018,53.6,4.1,0
403,7.62,0.00,205.3,114.5,-1.5,4,9034,1.000,0.000,0.069,0.246,-0.012,53.6,5.0,0
404,7.64,0.00,206.0,115.3,-1.3,4,9090,0.850,0.000,0.092,0.245,-0.007,53.9,5.1,0
405,7.66,0.00,206.8,116.0,-1.1,4,9014,0.900,0.000,0.112,0.245,-0.003,54.5,2.0,0
406,7.68,0.00,207.5,116.6,-1.0,4,9073,0.950,0.000,0.127,0.244,-0.001,55.6,2.2,0
407,7.70,0.00,208.2,117.2,-1.0,4,9205,1.000,0.000,0.128,0.243,0.001,57.4,3.9,0
408,7.73,0.00,208.9,117.9,-1.2,4,9416,0.850,0.000,0.119,0.241,0.001,60.1,7.9,0
409,7.75,0.00,209.7,118.6,-1.6,4,9352,0.700,0.000,0.107,0.240,-0.000,63.6,5.4,0
410,7.77,0.00,210.4,119.2,-1.9,4,9212,0.750,0.000,0.099,0.238,-0.001,67.4,0.9,0
411,7.79,0.00,211.2,119.7,-1.9,4,9239,0.800,0.000,0.099,0.236,0.000,71.0,0.4,0
412,7.81,0.00,211.9,120.2,-1.8,4,9316,0.850,0.000,0.103,0.234,0.002,74.8,1.0,0
413,7.84,0.00,212.6,120.7,-1.9,4,9516,0.900,0.000,0.104,0.232,0.002,79.7,5.0,0
414,7.86,0.00,213.4,121.3,-2.1,4,9606,0.750,0.000,0.094,0.230,0.003,86.1,6.3,0
415,7.88,0.00,214.2,122.0,-2.3,4,9498,0.800,0.000,0.080,0.227,0.004,93.1,2.7,0
416,7.90,0.00,214.9,122.6,-2.2,4,9515,0.850,0.000,0.080,0.224,0.006,100.1,1.8,0
417,7.92,0.00,215.7,123.2,-2.1,4,9589,0.900,0.000,0.088,0.221,0.009,107.6,2.1,0
418,7.95,0.00,216.4,123.7,-2.1,4,9833,0.750,0.000,0.092,0.217,0.011,118.0,7.1,0
419,7.97,0.00,217.2,124.3,-2.3,4,9738,0.800,0.000,0.093,0.214,0.012,132.3,4.1,0
420,7.99,0.00,218.0,124.9,-2.4,4,9740,0.850,0.000,0.100,0.209,0.015,148.5,3.1,0
421,8.01,0.00,218.7,125.5,-2.2,4,9779,0.900,0.000,0.109,0.205,0.018,165.7,2.9,0
422,8.03,0.00,219.4,126.1,-2.1,4,9841,0.950,0.000,0.117,0.201,0.020,188.2,3.2,0
423,8.05,0.00,220.1,126.5,-2.2,4,10160,0.800,0.000,0.112,0.197,0.021,195.3,9.7,0
424,8.07,0.00,220.8,127.1,-2.6,4,10111,0.650,0.000,0.101,0.192,0.021,199.5,7.9,0
425,8.09,0.00,221.5,127.6,-2.9,4,9919,0.700,0.000,0.091,0.187,0.020,200.0,2.4,0
426,8.11,0.00,222.2,128.1,-2.9,4,9891,0.750,0.000,0.056,0.182,0.014,200.0,0.6,0
427,8.13,0.00,223.0,128.5,-2.9,4,9916,0.800,0.000,0.019,0.178,0.008,200.0,0.2,0
428,8.15,0.00,223.7,129.0,-2.8,4,10027,0.850,0.000,-0.006,0.175,0.003,200.0,1.8,0
429,8.17,0.00,224.4,129.5,-2.6,4,10095,0.900,0.000,-0.025,0.172,0.000,200.0,2.4,0
430,8.19,0.00,225.1,130.2,-2.3,4,10149,0.950,0.000,-0.031,0.170,-0.001,200.0,2.6,0
431,8.21,0.00,225.8,130.8,-1.9,4,10202,1.000,0.000,-0.028,0.168,-0.000,200.0,2.7,0
432,8.23,0.00,226.6,131.5,-1.5,4,10265,1.000,0.000,-0.020,0.166,0.001,200.0,2.9,0
433,8.25,0.00,227.3,132.3,-1.1,4,10302,1.000,0.000,-0.009,0.165,0.003,200.0,2.5,0
434,8.27,0.00,228.0,133.0,-0.7,4,10344,1.000,0.000,-0.001,0.164,0.004,200.0,2.2,0
435,8.29,0.00,228.8,133.7,-0.4,4,10395,1.000,0.000,0.005,0.163,0.005,200.0,2.0,0
436,8.31,0.00,229.5,134.4,-0.3,4,10452,1.000,0.000,0.007,0.162,0.005,199.9,2.1,0
437,8.33,0.00,230.3,135.1,-0.2,4,10515,1.000,0.000,0.007,0.161,0.005,199.1,2.3,0
438,8.35,0.00,231.0,135.8,-0.2,4,10571,1.000,0.000,0.005,0.160,0.005,198.4,2.4,0
439,8.37,0.00,231.8,136.5,-0.1,4,10627,1.000,0.000,0.003,0.159,0.005,197.8,2.4,0
440,8.39,0.00,232.5,137.2,-0.1,4,10682,1.000,0.000,0.001,0.159,0.004,197.1,2.4,0
441,8.41,0.00,233.3,137.9,-0.1,4,10736,1.000,0.000,0.000,0.158,0.004,196.4,2.4,0
442,8.43,0.00,234.1,138.6,-0.1,4,10788,1.000,0.000,-0.001,0.157,0.004,195.7,2.4,0
443,8.45,0.00,234.9,139.3,-0.1,4,10839,1.000,0.000,-0.001,0.157,0.004,194.9,2.3,0
444,8.47,0.00,235.6,140.0,-0.1,4,10889,1.000,0.000,-0.001,0.156,0.004,194.1,2.2,0
445,8.49,0.00,236.4,140.4,-0.1,5,9777,1.000,0.000,-0.000,0.156,0.004,193.3,-9.7,0
446,8.51,0.00,237.2,140.2,-0.0,5,9781,1.000,0.000,-0.000,0.155,0.004,192.5,-10.4,0
447,8.53,0.00,238.0,140.1,-0.0,5,9346,1.000,0.000,0.000,0.154,0.004,191.7,-10.2,0
448,8.55,0.00,238.7,140.4,-0.0,5,9724,1.000,0.000,0.000,0.154,0.004,190.9,-0.5,0
449,8.57,0.00,239.5,141.0,-0.0,5,9793,1.000,0.000,0.000,0.153,0.004,190.1,0.5,0
450,8.59,0.00,240.3,141.6,-0.0,5,9828,1.000,0.000,0.000,0.153,0.004,189.3,0.4,0
451,8.61,0.00,241.1,142.2,-0.0,5,9857,1.000,0.000,0.000,0.152,0.004,188.5,0.1,0
452,8.63,0.00,241.9,142.8,-0.0,5,9889,1.000,0.000,0.000,0.152,0.004,187.7,-0.2,0
453,8.65,0.00,242.7,143.4,-0.0,5,9926,1.000,0.000,0.001,0.151,0.004,186.9,-0.3,0
454,8.67,0.00,243.5,144.0,-0.0,5,9967,1.000,0.000,0.000,0.151,0.004,186.1,-0.4,0
455,8.69,0.00,244.3,144.6,-0.0,5,10010,1.000,0.000,0.000,0.150,0.004,185.3,-0.3,0
456,8.71,0.00,245.1,145.2,-0.0,5,10055,1.000,0.000,0.000,0.150,0.004,184.5,-0.3,0
457,8.73,0.00,245.9,145.8,-0.0,5,10102,1.000,0.000,0.000,0.149,0.004,183.7,-0.1,0
458,8.75,0.00,246.7,146.4,-0.0,5,10146,1.000,0.000,0.000,0.149,0.004,182.9,-0.0,0
459,8.77,0.00,247.5,147.0,-0.0,5,10184,1.000,0.000,0.000,0.148,0.004,182.0,-0.2,0
460,8.79,0.00,248.3,147.6,-0.0,5,10221,1.000,0.000,0.000,0.148,0.004,181.2,-0.3,0
461,8.81,0.00,249.2,148.2,-0.0,5,10258,1.000,0.000,0.000,0.147,0.004,180.4,-0.4,0
462,8.83,0.00,250.0,148.8,-0.0,5,10295,1.000,0.000,0.000,0.147,0.004,179.6,-0.5,0
463,8.85,0.00,250.8,149.4,-0.0,5,10333,1.000,0.000,0.001,0.146,0.004,178.7,-0.6,0
464,8.87,0.00,251.7,150.0,0.0,5,10372,1.000,0.000,0.000,0.146,0.004,177.9,-0.7,0
465,8.89,0.00,252.5,150.6,-0.0,5,10411,1.000,0.000,0.000,0.145,0.004,177.0,-0.7,0
466,8.91,0.00,253.3,151.2,-0.0,5,10456,1.000,0.000,0.000,0.144,0.004,176.2,-0.7,0
467,8.93,0.00,254.2,151.8,-0.0,5,10502,1.000,0.000,0.000,0.144,0.004,175.3,-0.5,0
468,8.95,0.00,255.0,152.4,-0.0,5,10539,1.000,0.000,0.000,0.143,0.004,174.5,-0.6,0
469,8.97,0.00,255.9,153.0,-0.0,5,10575,1.000,0.000,0.000,0.143,0.004,173.6,-0.7,0
470,8.99,0.00,256.7,153.6,-0.0,5,10611,1.000,0.000,0.000,0.142,0.004,172.8,-0.8,0
471,9.01,0.00,257.6,154.2,-0.0,5,10647,1.000,0.000,0.000,0.142,0.004,171.9,-1.0,0
472,9.03,0.00,258.4,154.7,-0.0,5,10684,1.000,0.000,0.000,0.141,0.004,171.0,-1.1,0
473,9.05,0.00,259.3,155.3,-0.0,5,10723,1.000,0.000,0.000,0.141,0.004,170.2,-1.1,0
474,9.07,0.00,260.2,155.9,-0.0,5,10762,1.000,0.000,0.000,0.140,0.004,169.3,-1.2,0
475,9.09,0.00,261.0,156.5,-0.0,5,10813,1.000,0.000,0.001,0.140,0.004,168.4,-0.9,0
476,9.11,0.00,261.9,157.1,0.0,5,10856,1.000,0.000,0.000,0.139,0.004,167.5,-0.8,0
477,9.13,0.00,262.8,157.6,-0.0,5,10890,1.000,0.000,0.000,0.139,0.004,166.7,-1.0,0
478,9.15,0.00,263.6,158.2,-0.0,5,10924,1.000,0.000,0.000,0.138,0.004,165.8,-1.1,0
479,9.17,0.00,264.5,158.8,-0.0,5,10958,1.000,0.000,0.000,0.137,0.004,164.9,-1.3,0
480,9.19,0.00,265.4,159.4,-0.0,5,10992,1.000,0.000,0.000,0.137,0.004,164.0,-1.4,0
481,9.21,0.00,266.3,160.0,-0.0,5,11029,1.000,0.000,0.000,0.136,0.004,163.1,-1.5,0
482,9.23,0.00,267.2,160.5,-0.0,5,11067,0.990,0.000,0.000,0.136,0.004,162.2,-1.6,0
483,9.25,0.00,268.1,161.1,-0.0,5,11100,0.980,0.000,0.001,0.135,0.004,161.3,-1.8,0
484,9.27,0.00,269.0,161.6,-0.0,5,11155,0.970,0.000,0.001,0.135,0.004,160.4,-1.3,0
485,9.29,0.00,269.9,162.2,-0.0,5,11182,0.960,0.000,0.000,0.134,0.004,159.5,-1.6,0
486,9.31,0.00,270.8,162.7,-0.0,5,11206,0.950,0.000,0.000,0.134,0.004,158.6,-2.0,0
487,9.33,0.00,271.7,163.3,-0.0,5,11232,0.940,0.000,0.000,0.133,0.003,157.7,-2.3,0
488,9.35,0.00,272.6,163.8,-0.0,5,11256,0.930,0.000,0.000,0.133,0.003,156.8,-2.6,0
489,9.37,0.00,273.5,164.3,-0.0,5,11283,0.920,0.000,0.000,0.132,0.003,155.8,-2.9,0
490,9.39,0.00,274.4,164.8,-0.0,5,11310,0.910,0.000,0.000,0.132,0.003,154.9,-3.1,0
491,9.41,0.00,275.3,165.3,-0.0,5,11339,0.900,0.000,0.000,0.131,0.003,154.0,-3.3,0
492,9.43,0.00,276.3,165.8,-0.0,5,11389,0.890,0.000,0.001,0.130,0.003,153.1,-2.8,0
493,9.45,0.00,277.2,166.3,-0.0,5,11414,0.880,0.000,0.004,0.130,0.003,152.1,-3.0,0
494,9.47,0.00,278.1,166.7,0.0,5,11433,0.870,0.000,0.003,0.129,0.003,151.2,-3.4,0
495,9.49,0.00,279.0,167.2,-0.0,5,11453,0.860,0.000,0.002,0.129,0.003,150.3,-3.7,0
496,9.51,0.00,280.0,167.6,-0.0,5,11473,0.850,0.000,0.001,0.128,0.003,149.4,-4.0,0
497,9.53,0.00,280.9,168.1,-0.1,5,11494,0.840,0.000,-0.000,0.128,0.003,148.5,-4.3,0
498,9.55,0.00,281.8,168.5,-0.1,5,11516,0.830,0.000,-0.001,0.128,0.003,147.6,-4.5,0
499,9.57,0.00,282.8,168.9,-0.1,5,11539,0.820,0.000,-0.001,0.127,0.003,146.7,-4.7,0
500,9.59,0.00,283.7,169.3,-0.0,5,11567,0.810,0.000,-0.001,0.127,0.003,145.7,-4.7,0
501,9.61,0.00,284.7,169.7,-0.0,5,11590,0.800,0.000,-0.000,0.126,0.003,144.7,-4.8,0
502,9.63,0.00,285.6,170.1,-0.0,5,11611,0.790,0.000,-0.000,0.126,0.003,143.8,-5.0,0
503,9.65,0.00,286.5,170.2,-0.0,6,10637,0.780,0.000,-0.000,0.125,0.003,142.8,-12.1,0
504,9.67,0.00,287.5,170.0,-0.0,6,10636,0.770,0.000,-0.000,0.125,0.003,141.8,-12.6,0
505,9.69,0.00,288.4,169.8,-0.0,6,10381,0.760,0.000,-0.000,0.124,0.003,140.9,-12.6,0
506,9.71,0.00,289.4,169.7,-0.0,5,11408,0.750,0.000,-0.000,0.124,0.003,139.9,-12.5,0
507,9.73,0.00,290.3,169.5,-0.0,5,11404,0.740,0.000,-0.000,0.124,0.003,139.0,-12.6,0
508,9.75,0.00,291.3,169.3,-0.0,5,11285,0.730,0.000,-0.001,0.123,0.003,138.0,-12.7,0
509,9.77,0.00,292.2,169.4,-0.0,5,11529,0.720,0.000,-0.000,0.123,0.003,137.1,-6.2,0
510,9.79,0.00,293.1,169.8,-0.0,5,11552,0.710,0.000,-0.000,0.122,0.003,136.1,-6.0,0
511,9.81,0.00,294.1,170.1,0.0,5,11565,0.700,0.000,-0.000,0.122,0.003,135.2,-6.2,0
512,9.83,0.00,295.0,170.1,-0.0,6,10596,0.690,0.000,-0.000,0.121,0.003,134.2,-12.2,0
513,9.85,0.00,296.0,169.9,-0.0,6,10595,0.680,0.000,-0.000,0.121,0.003,133.3,-12.6,0
514,9.87,0.00,296.9,169.7,-0.0,5,11320,0.670,0.000,-0.000,0.121,0.003,132.3,-12.6,0
515,9.89,0.00,297.9,169.6,-0.0,5,11316,0.660,0.000,-0.000,0.120,0.003,131.4,-12.6,0
516,9.91,0.00,298.8,169.4,-0.0,5,11312,0.650,0.000,-0.000,0.120,0.003,130.4,-12.6,0
517,9.93,0.00,299.7,169.2,-0.0,5,11275,0.640,0.000,-0.001,0.119,0.003,129.5,-12.7,0
518,9.95,0.00,300.7,169.2,-0.0,5,11484,0.630,0.000,-0.000,0.119,0.003,128.5,-7.1,0
519,9.97,0.00,301.6,169.5,0.0,5,11500,0.620,0.000,-0.000,0.119,0.003,127.5,-6.9,0
520,9.99,0.00,302.6,169.7,0.0,5,11508,0.610,0.000,-0.000,0.118,0.003,126.6,-7.2,0
521,10.01,0.00,303.5,170.0,0.0,5,11516,0.600,0.000,-0.000,0.118,0.003,125.6,-7.4,0
522,10.03,0.00,304.5,170.2,0.0,5,11526,0.590,0.000,-0.000,0.117,0.003,124.7,-7.5,0
523,10.05,0.00,305.4,170.2,0.0,6,10561,0.580,0.000,-0.000,0.117,0.003,123.7,-12.3,0
524,10.07,0.00,306.3,170.0,-0.0,6,10561,0.570,0.000,-0.000,0.116,0.003,122.8,-12.6,0
525,10.09,0.00,307.3,169.8,-0.0,5,11325,0.560,0.000,-0.000,0.116,0.003,121.8,-12.6,0
526,10.11,0.00,308.2,169.6,-0.0,5,11321,0.550,0.000,-0.000,0.116,0.003,120.9,-12.6,0
527,10.13,0.00,309.2,169.4,-0.0,5,11316,0.540,0.000,-0.000,0.115,0.003,119.9,-12.6,0
528,10.15,0.00,310.1,169.2,-0.0,5,11279,0.530,0.000,-0.001,0.115,0.003,118.9,-12.7,0
529,10.17,0.00,311.1,169.3,-0.0,5,11440,0.520,0.000,-0.000,0.114,0.003,118.0,-8.3,0
530,10.19,0.00,312.0,169.4,0.0,5,11449,0.510,0.000,-0.000,0.114,0.003,117.0,-8.2,0
531,10.21,0.00,312.9,169.6,0.0,5,11459,0.500,0.000,-0.000,0.113,0.003,116.1,-8.3,0
532,10.23,0.00,313.9,169.7,0.0,5,11466,0.490,0.000,-0.000,0.113,0.003,115.1,-8.3,0
533,10.25,0.00,314.8,169.8,0.0,5,11468,0.480,0.000,-0.000,0.113,0.003,114.2,-8.5,0
534,10.27,0.00,315.8,169.9,0.0,5,11470,0.470,0.000,-0.000,0.112,0.003,113.2,-8.7,0
535,10.29,0.00,316.7,170.1,0.0,5,11472,0.460,0.000,-0.000,0.112,0.003,112.3,-8.8,0
536,10.31,0.00,317.7,170.0,0.0,6,10512,0.450,0.000,-0.000,0.111,0.003,111.3,-12.4,0
537,10.33,0.00,318.6,169.8,-0.0,6,10512,0.440,0.000,-0.000,0.111,0.003,110.3,-12.6,0
538,10.35,0.00,319.5,169.6,-0.0,5,11314,0.430,0.000,-0.000,0.110,0.003,109.4,-12.6,0
539,10.37,0.00,320.5,169.5,-0.0,5,11309,0.420,0.000,-0.000,0.110,0.003,108.4,-12.6,0
540,10.39,0.00,321.4,169.3,-0.0,5,11305,0.410,0.000,0.000,0.110,0.003,107.5,-12.6,0
541,10.41,0.00,322.4,169.1,-0.0,5,11268,0.400,0.000,0.000,0.109,0.003,106.5,-12.7,0
542,10.43,0.00,323.3,169.0,-0.0,5,11378,0.390,0.000,0.000,0.109,0.003,105.6,-9.6,0
543,10.45,0.00,324.2,169.1,-0.0,5,11378,0.380,0.000,0.000,0.108,0.003,104.6,-9.6,0
544,10.47,0.00,325.2,169.1,-0.0,5,11374,0.370,0.000,0.000,0.108,0.003,103.7,-9.8,0
545,10.49,0.00,326.1,169.2,-0.0,5,11372,0.360,0.000,0.000,0.107,0.003,102.7,-9.9,0
546,10.51,0.00,327.1,169.2,-0.0,5,11370,0.350,0.000,0.001,0.107,0.003,101.8,-10.0,0
547,10.53,0.00,328.0,169.2,0.0,5,11380,0.340,0.000,0.007,0.107,0.003,100.8,-9.8,0
548,10.55,0.00,328.9,169.2,0.0,5,11375,0.330,0.000,0.006,0.106,0.002,99.9,-9.9,0
549,10.57,0.00,329.9,169.2,-0.0,5,11367,0.320,0.000,0.004,0.106,0.002,99.0,-10.1,0
550,10.59,0.00,330.8,169.2,-0.1,5,11361,0.000,0.004,0.001,0.106,0.002,98.1,-10.3,0
551,10.61,0.00,331.8,169.0,-0.1,5,11228,0.000,0.033,-0.001,0.105,0.001,97.2,-13.5,0
552,10.63,0.00,332.7,168.7,-0.1,5,11192,0.000,0.055,-0.002,0.105,0.001,96.3,-12.9,0
553,10.65,0.00,333.6,168.3,-0.1,5,11157,0.000,0.075,-0.002,0.105,0.001,95.4,-12.3,0
554,10.67,0.00,334.6,167.8,-0.1,5,11117,0.000,0.092,-0.002,0.104,0.001,94.4,-11.8,0
555,10.69,0.00,335.5,167.3,-0.1,5,11063,0.000,0.108,-0.002,0.104,0.001,93.5,-11.8,0
556,10.71,0.00,336.4,166.7,-0.1,5,11021,0.000,0.120,-0.002,0.104,0.001,92.5,-11.5,0
557,10.73,0.00,337.4,166.1,-0.1,5,10981,0.000,0.131,-0.002,0.104,0.001,91.6,-11.1,0
558,10.75,0.00,338.3,165.5,-0.0,5,10937,0.000,0.140,-0.001,0.104,0.001,90.6,-10.8,0
559,10.77,0.00,339.2,164.8,-0.0,5,10892,0.000,0.148,-0.001,0.103,0.001,89.7,-10.5,0
560,10.79,0.00,340.1,164.2,-0.0,5,10846,0.000,0.155,-0.001,0.103,0.001,88.8,-9.9,0
561,10.81,0.00,341.0,163.5,-0.0,5,10798,0.000,0.161,-0.002,0.103,0.001,87.9,-9.6,0
562,10.83,0.00,341.9,162.7,-0.0,5,10747,0.000,0.166,-0.002,0.103,0.001,87.0,-9.4,0
563,10.85,0.00,342.8,162.0,-0.0,5,10684,0.000,0.171,-0.002,0.103,0.001,86.0,-9.7,0
564,10.87,0.00,343.7,161.3,-0.0,5,10634,0.000,0.175,-0.001,0.102,0.001,85.1,-9.6,0
565,10.89,0.00,344.6,160.5,-0.0,5,10586,0.000,0.178,-0.001,0.102,0.001,84.2,-9.5,0
566,10.91,0.00,345.5,159.7,-0.0,5,10537,0.000,0.181,-0.001,0.102,0.001,83.3,-9.3,0
567,10.93,0.00,346.4,159.0,-0.0,5,10487,0.000,0.184,-0.002,0.102,0.001,82.4,-9.2,0
568,10.95,0.00,347.3,158.2,-0.0,5,10436,0.000,0.186,-0.002,0.101,0.001,81.5,-8.8,0
569,10.97,0.00,348.1,157.4,-0.0,5,10384,0.000,0.189,-0.001,0.101,0.001,80.6,-8.7,0
570,10.99,0.00,349.0,156.6,-0.0,5,10331,0.000,0.191,-0.001,0.101,0.001,79.7,-8.6,0
571,11.01,0.00,349.9,155.9,-0.0,5,10273,0.000,0.193,-0.002,0.101,0.001,78.9,-8.6,0
572,11.03,0.00,350.7,155.1,-0.0,5,10220,0.000,0.194,-0.002,0.101,0.001,78.0,-8.6,0
573,11.05,0.00,351.6,154.3,-0.0,5,10168,0.000,0.196,-0.001,0.100,0.002,77.1,-8.5,0
574,11.07,0.00,352.5,153.5,-0.0,5,10116,0.000,0.197,-0.001,0.100,0.002,76.2,-8.4,0
575,11.09,0.00,353.3,152.7,-0.0,5,10064,0.000,0.199,-0.001,0.100,0.002,75.4,-8.3,0
576,11.11,0.00,354.2,151.9,-0.0,5,10010,0.000,0.200,-0.002,0.100,0.002,74.5,-8.1,0
577,11.13,0.00,355.0,151.1,-0.0,5,9957,0.000,0.201,-0.001,0.099,0.002,73.7,-7.9,0
578,11.15,0.00,355.8,150.3,-0.0,5,9904,0.000,0.203,-0.001,0.099,0.002,72.8,-7.8,0
579,11.17,0.00,356.7,149.5,-0.0,5,9849,0.000,0.204,-0.001,0.099,0.002,72.0,-7.7,0
580,11.19,0.00,357.5,148.7,-0.0,5,9791,0.000,0.205,-0.001,0.099,0.002,71.1,-7.8,0
581,11.21,0.00,358.3,147.9,-0.0,5,9739,0.000,0.206,-0.001,0.098,0.002,70.3,-7.7,0
582,11.23,0.00,359.1,147.1,-0.0,5,9686,0.000,0.206,-0.002,0.098,0.002,69.5,-7.6,0
583,11.25,0.00,360.0,146.3,-0.0,5,9634,0.000,0.208,-0.001,0.098,0.002,68.6,-7.6,0
584,11.27,0.00,360.8,145.5,-0.0,5,9581,0.000,0.209,-0.001,0.098,0.002,67.8,-7.5,0
585,11.29,0.00,361.6,144.6,-0.0,5,9527,0.000,0.210,-0.001,0.097,0.002,67.0,-7.3,0
586,11.31,0.00,362.4,143.8,-0.0,5,9474,0.000,0.211,-0.001,0.097,0.002,66.2,-7.1,0
587,11.33,0.00,363.2,143.0,-0.0,5,9420,0.000,0.212,0.014,0.097,0.002,65.4,-7.0,0
588,11.35,0.00,364.0,142.2,0.0,5,9366,0.000,0.210,0.012,0.097,0.001,64.6,-6.9,0
589,11.37,0.00,364.7,141.4,-0.0,5,9309,0.000,0.208,0.008,0.097,0.000,63.9,-7.1,0
590,11.39,0.00,365.5,140.6,-0.1,5,9259,0.000,0.205,0.003,0.097,-0.001,63.2,-7.1,0
591,11.41,0.00,366.3,139.8,-0.2,5,9210,0.000,0.203,-0.001,0.097,-0.001,62.5,-7.1,0
592,11.43,0.00,367.1,139.1,-0.2,4,10218,0.000,0.205,-0.003,0.097,-0.002,61.7,-6.3,0
593,11.45,0.00,367.9,138.4,-0.2,4,10188,0.000,0.210,-0.004,0.097,-0.002,61.0,-6.2,0
594,11.47,0.00,368.6,137.6,-0.1,4,10080,0.000,0.215,-0.004,0.097,-0.002,60.2,-6.8,0
595,11.49,0.00,369.4,136.8,-0.1,4,10011,0.000,0.217,-0.002,0.097,-0.001,59.4,-6.8,0
596,11.51,0.00,370.1,136.0,-0.0,4,9948,0.000,0.218,-0.001,0.097,-0.001,58.6,-6.7,0
597,11.53,0.00,370.9,135.2,0.0,4,9886,0.000,0.219,0.000,0.097,-0.001,57.8,-6.7,0
598,11.55,0.00,371.6,134.3,0.0,4,9819,0.000,0.220,0.001,0.097,-0.001,57.0,-6.8,0
599,11.57,0.00,372.4,133.5,0.0,4,9758,0.000,0.221,0.002,0.097,-0.000,56.2,-6.8,0
600,11.59,0.00,373.1,132.6,0.1,4,9698,0.000,0.220,0.002,0.098,-0.000,55.5,-6.7,0
601,11.61,0.00,373.9,131.8,0.1,4,9639,0.000,0.220,0.002,0.098,-0.000,54.7,-6.6,0
602,11.63,0.00,374.6,131.0,0.0,4,9579,0.000,0.220,0.001,0.098,-0.000,54.0,-6.6,0
603,11.65,0.00,375.3,130.2,0.0,4,9519,0.000,0.220,0.001,0.098,-0.000,53.3,-6.5,0
604,11.67,0.00,376.0,129.3,0.0,4,9459,0.000,0.221,0.001,0.098,-0.000,52.5,-6.3,0
605,11.69,0.00,376.8,128.5,0.0,4,9398,0.000,0.221,0.001,0.098,-0.000,51.8,-6.1,0
606,11.71,0.00,377.5,127.7,0.0,4,9338,0.000,0.222,0.001,0.098,-0.000,51.1,-6.1,0
607,11.73,0.00,378.2,126.9,0.0,4,9278,0.000,0.223,0.000,0.098,-0.000,50.4,-6.0,0
608,11.75,0.00,378.9,126.1,0.0,4,9213,0.000,0.224,0.001,0.098,-0.000,49.7,-6.0,0
609,11.77,0.00,379.6,125.2,0.0,4,9153,0.000,0.224,0.001,0.098,-0.000,49.0,-6.0,0
610,11.79,0.00,380.3,124.4,0.0,4,9095,0.000,0.225,0.001,0.098,-0.000,48.3,-5.9,0
611,11.81,0.00,381.0,123.6,0.0,4,9036,0.000,0.226,0.001,0.098,-0.000,47.6,-5.8,0
612,11.83,0.00,381.6,122.8,0.0,4,8977,0.000,0.227,0.001,0.098,-0.000,46.9,-5.7,0
613,11.85,0.00,382.3,122.0,0.0,4,8917,0.000,0.228,0.001,0.098,-0.000,46.2,-5.6,0
614,11.87,0.00,383.0,121.2,0.0,4,8857,0.000,0.229,0.002,0.099,-0.000,45.5,-5.5,0
615,11.89,0.00,383.7,120.3,0.0,4,8797,0.000,0.229,0.036,0.099,-0.000,44.8,-5.3,0
616,11.91,0.00,384.3,119.5,0.1,4,8738,0.000,0.227,0.031,0.099,-0.001,44.2,-5.1,0
617,11.93,0.00,385.0,118.7,0.0,4,8679,0.000,0.221,0.022,0.099,-0.003,43.6,-5.2,0
618,11.95,0.00,385.6,117.9,-0.1,4,8624,0.000,0.215,0.013,0.099,-0.005,43.1,-5.3,0
619,11.97,0.00,386.3,117.1,-0.2,4,8566,0.000,0.212,0.004,0.100,-0.006,42.5,-5.5,0
620,11.99,0.00,386.9,116.4,-0.2,4,8514,0.000,0.211,-0.001,0.100,-0.007,41.9,-5.5,0
621,12.01,0.00,387.6,115.6,-0.2,4,8461,0.000,0.213,-0.005,0.101,-0.008,41.3,-5.5,0
622,12.03,0.00,388.2,114.9,-0.2,4,8406,0.000,0.216,-0.006,0.102,-0.008,40.7,-5.3,0
623,12.05,0.00,388.9,114.1,-0.2,4,8350,0.000,0.220,-0.006,0.102,-0.008,40.0,-5.2,0
624,12.07,0.00,389.5,113.4,-0.1,4,8292,0.000,0.225,-0.005,0.103,-0.008,39.4,-5.0,0
625,12.09,0.00,390.1,112.6,-0.1,4,8233,0.000,0.229,-0.004,0.104,-0.008,38.7,-4.9,0
626,12.11,0.00,390.8,111.8,-0.1,4,8174,0.000,0.233,-0.003,0.104,-0.007,38.1,-4.6,0
627,12.13,0.00,391.4,111.0,-0.0,4,8114,0.000,0.236,-0.002,0.105,-0.007,37.4,-4.5,0
628,12.15,0.00,392.0,110.2,-0.0,4,8053,0.000,0.238,-0.001,0.106,-0.007,36.8,-4.4,0
629,12.17,0.00,392.6,109.4,-0.0,4,7993,0.000,0.240,-0.000,0.107,-0.007,36.2,-4.3,0
630,12.19,0.00,393.2,108.6,-0.0,3,9798,0.000,0.243,-0.000,0.107,-0.007,35.6,-3.8,0
631,12.21,0.00,393.8,107.8,-0.0,3,9771,0.000,0.246,0.000,0.108,-0.007,35.0,-3.6,0
632,12.23,0.00,394.4,107.0,-0.0,3,9587,0.000,0.248,0.001,0.109,-0.007,34.4,-4.5,0
633,12.25,0.00,395.0,106.2,0.0,3,9498,0.000,0.247,0.002,0.109,-0.007,33.8,-4.7,0
634,12.27,0.00,395.6,105.3,0.0,3,9419,0.000,0.245,0.069,0.110,-0.007,33.2,-4.7,0
635,12.29,0.00,396.2,104.4,0.2,3,9343,0.000,0.239,0.063,0.111,-0.008,32.6,-4.3,0
636,12.31,0.00,396.7,103.5,0.1,3,9270,0.000,0.227,0.048,0.112,-0.011,32.2,-4.6,0
637,12.33,0.00,397.3,102.7,-0.0,3,9202,0.000,0.216,0.032,0.113,-0.014,31.8,-4.9,0
638,12.35,0.00,397.9,101.9,-0.1,3,9139,0.000,0.208,0.016,0.114,-0.018,31.3,-5.1,0
639,12.37,0.00,398.4,101.2,-0.2,3,9077,0.000,0.204,0.005,0.116,-0.020,30.9,-5.1,0
640,12.39,0.00,399.0,100.4,-0.3,3,9014,0.000,0.205,-0.002,0.118,-0.021,30.4,-5.1,0
641,12.41,0.00,399.6,99.7,-0.3,3,8949,0.000,0.207,-0.006,0.119,-0.022,29.8,-5.0,0
642,12.43,0.00,400.1,99.0,-0.3,3,8883,0.000,0.212,-0.007,0.121,-0.022,29.3,-4.8,0
643,12.45,0.00,400.7,98.2,-0.2,3,8811,0.000,0.217,-0.007,0.123,-0.022,28.7,-4.7,0
644,12.47,0.00,401.2,97.5,-0.2,3,8742,0.000,0.222,-0.006,0.125,-0.022,28.2,-4.6,0
645,12.49,0.00,401.7,96.7,-0.1,3,8672,0.000,0.227,-0.005,0.127,-0.022,27.6,-4.4,0
646,12.51,0.00,402.3,95.9,-0.1,3,8601,0.000,0.231,-0.004,0.128,-0.021,27.1,-4.3,0
647,12.53,0.00,402.8,95.1,-0.1,3,8529,0.000,0.235,-0.002,0.130,-0.021,26.5,-4.1,0
648,12.55,0.00,403.3,94.3,-0.0,3,8456,0.000,0.237,-0.002,0.132,-0.021,26.0,-4.0,0
649,12.57,0.00,403.8,93.5,-0.0,3,8383,0.000,0.240,-0.001,0.134,-0.021,25.4,-3.9,0
650,12.59,0.00,404.4,92.7,-0.0,3,8310,0.000,0.242,-0.001,0.136,-0.021,24.9,-3.8,0
651,12.61,0.00,404.9,91.9,-0.0,3,8237,0.000,0.244,-0.000,0.137,-0.021,24.4,-3.5,0
652,12.63,0.00,405.4,91.1,-0.0,3,8163,0.000,0.246,0.000,0.139,-0.021,23.9,-3.3,0
653,12.65,0.00,405.9,90.3,-0.0,3,8089,0.000,0.248,0.001,0.141,-0.021,23.4,-3.2,0
654,12.67,0.00,406.4,89.5,-0.0,3,8015,0.000,0.249,0.039,0.143,-0.013,22.9,-3.1,0
655,12.69,0.00,406.9,88.7,0.1,3,7941,0.000,0.248,0.110,0.143,0.002,22.4,-3.0,0
656,12.71,0.00,407.4,87.9,0.2,3,7868,0.000,0.242,0.171,0.143,0.014,22.0,-2.5,0
657,12.73,0.00,407.9,87.1,0.3,3,7791,0.000,0.228,0.219,0.141,0.024,21.7,-2.2,0
658,12.75,0.00,408.4,86.3,0.3,3,7727,0.000,0.209,0.253,0.139,0.031,21.5,-2.1,0
659,12.77,0.00,408.9,85.5,0.3,3,7669,0.000,0.184,0.276,0.137,0.035,21.3,-2.2,0
660,12.79,0.00,409.4,84.8,0.2,3,7619,0.000,0.158,0.289,0.134,0.038,21.2,-2.8,0
661,12.81,0.00,409.9,84.2,0.0,3,7575,0.000,0.131,0.296,0.131,0.039,21.2,-3.4,0
662,12.83,0.00,410.3,83.7,-0.1,3,7539,0.000,0.105,0.296,0.128,0.039,21.1,-4.0,0
663,12.85,0.00,410.8,83.2,-0.3,3,7510,0.000,0.081,0.293,0.125,0.038,21.2,-4.5,0
664,12.87,0.00,411.3,82.8,-0.4,3,7487,0.000,0.059,0.286,0.121,0.037,21.2,-5.0,0
665,12.89,0.00,411.7,82.5,-0.6,3,7470,0.000,0.040,0.279,0.118,0.035,21.2,-5.4,0
666,12.91,0.00,412.2,82.2,-0.7,3,7456,0.000,0.023,0.272,0.115,0.034,21.2,-5.8,0
667,12.93,0.00,412.7,82.0,-0.8,3,7446,0.000,0.010,0.266,0.111,0.032,21.3,-6.1,0
668,12.95,0.00,413.1,81.8,-0.9,3,7439,0.050,0.000,0.261,0.108,0.031,21.3,-6.3,0
669,12.97,0.00,413.6,81.7,-1.0,3,7460,0.100,0.000,0.258,0.105,0.030,21.3,-5.9,0
670,12.99,0.00,414.1,81.6,-1.0,3,7482,0.150,0.000,0.257,0.102,0.030,21.3,-5.4,0
671,13.01,0.00,414.5,81.6,-0.9,3,7506,0.200,0.000,0.258,0.098,0.030,21.3,-4.8,0
672,13.03,0.00,415.0,81.7,-0.9,3,7534,0.250,0.000,0.260,0.095,0.030,21.3,-4.3,0
673,13.05,0.00,415.4,81.7,-0.8,3,7566,0.000,0.001,0.263,0.092,0.030,21.2,-3.7,0
674,13.07,0.00,415.9,81.7,-0.7,3,7435,0.000,0.002,0.268,0.089,0.031,21.2,-6.3,0
675,13.09,0.00,416.4,81.6,-0.7,3,7421,0.050,0.000,0.271,0.086,0.032,21.1,-6.3,0
676,13.11,0.00,416.8,81.5,-0.6,3,7437,0.100,0.000,0.274,0.083,0.032,21.1,-5.9,0
677,13.13,0.00,417.3,81.4,-0.6,3,7457,0.150,0.000,0.275,0.080,0.032,21.1,-5.4,0
678,13.15,0.00,417.7,81.4,-0.5,3,7481,0.200,0.000,0.275,0.077,0.032,21.1,-4.9,0
679,13.17,0.00,418.2,81.4,-0.5,3,7509,0.250,0.000,0.275,0.074,0.032,21.1,-4.3,0
680,13.19,0.00,418.7,81.5,-0.5,3,7541,0.000,0.001,0.274,0.071,0.032,21.1,-3.8,0
681,13.21,0.00,419.1,81.4,-0.5,3,7412,0.050,0.000,0.274,0.068,0.031,21.1,-6.3,0
682,13.23,0.00,419.6,81.3,-0.5,3,7426,0.100,0.000,0.273,0.065,0.031,21.1,-5.9,0
683,13.25,0.00,420.0,81.3,-0.5,3,7446,0.150,0.000,0.272,0.062,0.031,21.1,-5.4,0
684,13.27,0.00,420.5,81.3,-0.5,3,7470,0.200,0.000,0.271,0.060,0.030,21.1,-4.9,0
685,13.29,0.00,420.9,81.3,-0.5,3,7498,0.250,0.000,0.270,0.057,0.030,21.1,-4.4,0
686,13.31,0.00,421.4,81.4,-0.5,3,7530,0.300,0.000,0.269,0.054,0.030,21.1,-3.8,0
687,13.33,0.00,421.9,81.5,-0.5,3,7567,0.000,0.005,0.270,0.051,0.030,21.0,-3.3,0
688,13.35,0.00,422.3,81.4,-0.5,3,7412,0.000,0.004,0.270,0.049,0.029,21.0,-6.2,0
689,13.37,0.00,422.8,81.3,-0.4,3,7398,0.050,0.000,0.270,0.046,0.029,21.0,-6.3,0
690,13.39,0.00,423.2,81.2,-0.4,3,7415,0.100,0.000,0.269,0.043,0.029,21.0,-5.9,0
691,13.41,0.00,423.7,81.2,-0.4,3,7435,0.150,0.000,0.268,0.041,0.029,21.0,-5.4,0
692,13.43,0.00,424.1,81.1,-0.4,3,7459,0.200,0.000,0.266,0.038,0.028,21.0,-4.9,0
693,13.45,0.00,424.6,81.2,-0.4,3,7487,0.250,0.000,0.264,0.036,0.028,21.0,-4.4,0
694,13.47,0.00,425.0,81.3,-0.4,3,7519,0.300,0.000,0.263,0.033,0.027,21.0,-3.9,0
695,13.49,0.00,425.5,81.4,-0.4,3,7555,0.000,0.001,0.263,0.031,0.027,21.0,-3.3,0
696,13.51,0.00,425.9,81.3,-0.4,3,7405,0.000,0.001,0.263,0.028,0.027,21.0,-6.3,0
697,13.53,0.00,426.4,81.2,-0.4,3,7392,0.050,0.000,0.263,0.026,0.027,21.0,-6.4,0
698,13.55,0.00,426.9,81.1,-0.4,3,7408,0.100,0.000,0.263,0.023,0.027,21.0,-5.9,0
699,13.57,0.00,427.3,81.1,-0.4,3,7428,0.150,0.000,0.262,0.021,0.026,21.0,-5.4,0
700,13.59,0.00,427.8,81.1,-0.4,3,7451,0.200,0.000,0.261,0.019,0.026,21.0,-4.9,0
701,13.61,0.00,428.2,81.1,-0.4,3,7479,0.250,0.000,0.259,0.016,0.025,21.0,-4.4,0
702,13.63,0.00,428.7,81.2,-0.4,3,7511,0.300,0.000,0.259,0.014,0.025,21.0,-3.9,0
703,13.65,0.00,429.1,81.3,-0.4,3,7547,0.000,0.001,0.259,0.012,0.025,21.0,-3.4,0
704,13.67,0.00,429.6,81.3,-0.3,3,7399,0.000,0.000,0.260,0.009,0.025,21.0,-6.3,0
705,13.69,0.00,430.0,81.2,-0.3,3,7387,0.050,0.000,0.260,0.007,0.025,21.0,-6.4,0
706,13.71,0.00,430.5,81.1,-0.3,3,7403,0.100,0.000,0.259,0.005,0.025,21.0,-5.9,0
707,13.73,0.00,430.9,81.0,-0.3,3,7422,0.150,0.000,0.258,0.003,0.024,21.0,-5.4,0
708,13.75,0.00,431.4,81.0,-0.3,3,7446,0.200,0.000,0.257,0.001,0.024,21.0,-4.9,0
709,13.77,0.00,431.8,81.1,-0.3,3,7473,0.250,0.000,0.255,-0.001,0.024,21.0,-4.4,0
710,13.79,0.00,432.3,81.1,-0.3,3,7505,0.300,0.000,0.254,-0.003,0.023,21.0,-3.9,0
711,13.81,0.00,432.7,81.3,-0.3,3,7541,0.350,0.000,0.254,-0.005,0.023,21.0,-3.4,0
712,13.83,0.00,433.2,81.4,-0.3,3,7582,0.000,0.009,0.256,-0.008,0.023,21.0,-2.9,0
713,13.85,0.00,433.6,81.4,-0.3,3,7407,0.000,0.009,0.258,-0.010,0.024,20.9,-6.1,0
714,13.87,0.00,434.1,81.3,-0.2,3,7392,0.000,0.004,0.259,-0.012,0.024,20.9,-6.2,0
715,13.89,0.00,434.5,81.1,-0.2,3,7382,0.050,0.000,0.258,-0.014,0.024,20.9,-6.3,0
716,13.91,0.00,435.0,81.0,-0.2,3,7399,0.100,0.000,0.256,-0.016,0.023,20.9,-5.9,0
717,13.93,0.00,435.4,81.0,-0.2,3,7419,0.150,0.000,0.254,-0.018,0.022,21.0,-5.5,0
718,13.95,0.00,435.9,81.0,-0.2,3,7443,0.200,0.000,0.251,-0.020,0.022,21.0,-5.0,0
719,13.97,0.00,436.3,81.0,-0.2,3,7470,0.250,0.000,0.249,-0.021,0.021,21.0,-4.5,0
720,13.99,0.00,436.8,81.1,-0.2,3,7502,0.300,0.000,0.248,-0.023,0.021,21.0,-4.0,0
721,14.01,0.00,437.2,81.2,-0.2,3,7538,0.350,0.000,0.248,-0.025,0.021,21.0,-3.5,0
722,14.03,0.00,437.7,81.4,-0.2,3,7578,0.000,0.007,0.249,-0.027,0.021,21.0,-3.0,0
723,14.05,0.00,438.1,81.4,-0.2,3,7406,0.000,0.008,0.251,-0.029,0.021,21.0,-6.2,0
724,14.07,0.00,438.6,81.3,-0.2,3,7392,0.000,0.003,0.253,-0.031,0.021,20.9,-6.2,0
725,14.09,0.00,439.0,81.1,-0.2,3,7383,0.050,0.000,0.254,-0.032,0.021,20.9,-6.3,0
726,14.11,0.00,439.5,81.0,-0.1,3,7399,0.100,0.000,0.253,-0.034,0.021,20.9,-5.9,0
727,14.13,0.00,439.9,81.0,-0.2,3,7419,0.150,0.000,0.251,-0.036,0.020,21.0,-5.5,0
728,14.15,0.00,440.4,81.0,-0.2,3,7442,0.200,0.000,0.249,-0.038,0.020,21.0,-5.0,0
729,14.17,0.00,440.8,81.0,-0.2,3,7470,0.250,0.000,0.248,-0.039,0.019,21.0,-4.5,0
730,14.19,0.00,441.3,81.1,-0.2,3,7501,0.300,0.000,0.247,-0.041,0.019,21.0,-4.0,0
731,14.21,0.00,441.7,81.2,-0.2,3,7537,0.350,0.000,0.248,-0.042,0.018,21.0,-3.5,0
732,14.23,0.00,442.1,81.4,-0.2,3,7577,0.000,0.006,0.249,-0.044,0.018,21.0,-3.0,0
733,14.25,0.00,442.6,81.4,-0.2,3,7407,0.000,0.005,0.251,-0.046,0.018,21.0,-6.2,0
734,14.27,0.00,443.0,81.3,-0.1,3,7395,0.050,0.000,0.252,-0.047,0.018,21.0,-6.3,0
735,14.29,0.00,443.5,81.2,-0.1,3,7412,0.100,0.000,0.253,-0.049,0.018,21.0,-6.0,0
736,14.31,0.00,443.9,81.1,-0.1,3,7431,0.150,0.000,0.252,-0.050,0.018,21.0,-5.5,0
737,14.33,0.00,444.4,81.1,-0.1,3,7454,0.200,0.000,0.250,-0.052,0.017,21.0,-5.0,0
738,14.35,0.00,444.8,81.2,-0.1,3,7482,0.250,0.000,0.249,-0.053,0.017,21.0,-4.5,0
739,14.37,0.00,445.3,81.3,-0.1,3,7514,0.300,0.000,0.248,-0.054,0.016,21.1,-4.0,0
740,14.39,0.00,445.7,81.4,-0.1,3,7550,0.350,0.000,0.247,-0.056,0.016,21.1,-3.5,0
741,14.41,0.00,446.2,81.6,-0.1,3,7591,0.000,0.006,0.247,-0.057,0.015,21.1,-3.0,0
742,14.43,0.00,446.6,81.5,-0.1,3,7420,0.000,0.005,0.248,-0.058,0.015,21.1,-6.2,0
743,14.45,0.00,447.1,81.4,-0.1,3,7408,0.050,0.000,0.248,-0.060,0.015,21.1,-6.3,0
744,14.47,0.00,447.5,81.3,-0.1,3,7425,0.100,0.000,0.248,-0.061,0.015,21.1,-6.0,0
745,14.49,0.00,448.0,81.3,-0.1,3,7444,0.150,0.000,0.247,-0.062,0.014,21.1,-5.5,0
746,14.51,0.00,448.4,81.3,-0.1,3,7468,0.200,0.000,0.245,-0.063,0.014,21.1,-5.0,0
747,14.53,0.00,448.9,81.3,-0.1,3,7495,0.250,0.000,0.243,-0.065,0.013,21.1,-4.5,0
748,14.55,0.00,449.3,81.4,-0.1,3,7527,0.300,0.000,0.242,-0.066,0.013,21.2,-4.0,0
749,14.57,0.00,449.8,81.5,-0.1,3,7563,0.350,0.000,0.242,-0.067,0.012,21.2,-3.5,0
750,14.59,0.00,450.2,81.7,-0.1,3,7604,0.000,0.005,0.242,-0.068,0.012,21.2,-3.0,0
751,14.61,0.00,450.7,81.7,-0.1,3,7434,0.000,0.004,0.243,-0.069,0.012,21.2,-6.3,0
752,14.63,0.00,451.1,81.6,-0.1,3,7422,0.050,0.000,0.243,-0.070,0.012,21.2,-6.4,0
753,14.65,0.00,451.6,81.5,-0.1,3,7439,0.100,0.000,0.243,-0.071,0.012,21.2,-6.0,0
754,14.67,0.00,452.0,81.4,-0.1,3,7459,0.150,0.000,0.241,-0.072,0.011,21.3,-5.5,0
755,14.69,0.00,452.4,81.4,-0.1,3,7482,0.200,0.000,0.239,-0.073,0.011,21.4,-5.0,0
756,14.71,0.00,452.9,81.5,-0.1,3,7510,0.250,0.000,0.237,-0.074,0.011,21.5,-4.6,0
757,14.73,0.00,453.3,81.6,-0.1,3,7542,0.300,0.000,0.236,-0.075,0.010,21.6,-4.1,0
758,14.75,0.00,453.8,81.7,-0.1,3,7578,0.350,0.000,0.235,-0.076,0.010,21.8,-3.6,0
759,14.77,0.00,454.2,81.9,-0.1,3,7619,0.400,0.000,0.234,-0.077,0.010,21.9,-3.1,0
760,14.79,0.00,454.7,82.1,-0.1,3,7664,0.450,0.000,0.235,-0.078,0.010,22.1,-2.5,0
761,14.81,0.00,455.1,82.4,-0.1,3,7716,0.500,0.000,0.236,-0.079,0.011,22.3,-2.0,0
762,14.83,0.00,455.6,82.7,-0.1,3,7774,0.550,0.000,0.238,-0.079,0.011,22.5,-1.4,0
763,14.85,0.00,456.0,83.0,-0.1,3,7840,0.600,0.000,0.240,-0.081,0.012,22.7,-0.7,0
764,14.87,0.00,456.5,83.4,-0.1,3,7914,0.650,0.000,0.242,-0.082,0.013,22.9,0.1,0
765,14.89,0.00,457.0,83.8,-0.2,3,7998,0.700,0.000,0.244,-0.083,0.013,23.2,1.0,0
766,14.91,0.00,457.4,84.3,-0.2,3,8095,0.750,0.000,0.247,-0.084,0.014,23.4,2.0,0
767,14.93,0.00,457.9,84.9,-0.3,3,8208,0.800,0.000,0.248,-0.086,0.015,23.6,3.3,0
768,14.95,0.00,458.4,85.4,-0.4,3,8338,0.850,0.000,0.248,-0.087,0.015,23.8,4.8,0
769,14.97,0.00,458.8,86.0,-0.6,3,8488,0.700,0.000,0.247,-0.089,0.015,24.0,6.6,0
770,14.99,0.00,459.3,86.7,-0.7,3,8426,0.750,0.000,0.244,-0.091,0.015,24.2,4.4,0
771,15.01,0.00,459.8,87.2,-0.9,3,8499,0.000,0.014,0.243,-0.093,0.015,24.3,4.7,0
772,15.03,0.00,460.2,87.4,-0.8,3,7953,0.000,0.013,0.244,-0.095,0.015,24.5,-6.0,0
773,15.05,0.00,460.7,87.2,-0.7,3,7927,0.050,0.000,0.247,-0.097,0.016,24.6,-6.5,0
774,15.07,0.00,461.2,87.1,-0.6,3,7948,0.100,0.000,0.248,-0.099,0.017,24.7,-6.3,0
775,15.09,0.00,461.7,87.0,-0.6,3,7970,0.150,0.000,0.245,-0.101,0.016,24.8,-5.8,0
776,15.11,0.00,462.2,87.0,-0.6,3,7996,0.200,0.000,0.239,-0.103,0.016,25.0,-5.3,0
777,15.13,0.00,462.6,87.0,-0.6,3,8027,0.250,0.000,0.233,-0.104,0.015,25.1,-4.7,0
778,15.15,0.00,463.1,87.1,-0.7,3,8063,0.300,0.000,0.227,-0.106,0.014,25.2,-4.1,0
779,15.17,0.00,463.6,87.2,-0.7,3,8103,0.350,0.000,0.223,-0.108,0.013,25.3,-3.5,0
780,15.19,0.00,464.1,87.4,-0.7,3,8148,0.400,0.000,0.221,-0.110,0.013,25.4,-2.9,0
781,15.21,0.00,464.5,87.6,-0.7,3,8198,0.450,0.000,0.221,-0.112,0.013,25.5,-2.3,0
782,15.23,0.00,465.0,87.9,-0.7,3,8254,0.500,0.000,0.224,-0.113,0.014,25.5,-1.6,0
783,15.25,0.00,465.5,88.2,-0.7,3,8318,0.550,0.000,0.228,-0.115,0.015,25.5,-0.9,0
784,15.27,0.00,466.0,88.6,-0.7,3,8390,0.600,0.000,0.232,-0.117,0.016,25.5,-0.1,0
785,15.29,0.00,466.5,89.0,-0.7,3,8473,0.000,0.005,0.237,-0.119,0.017,25.5,0.8,0
786,15.31,0.00,466.9,89.1,-0.6,3,8100,0.000,0.010,0.242,-0.121,0.019,25.5,-6.7,0
787,15.33,0.00,467.4,88.9,-0.5,3,8078,0.000,0.003,0.246,-0.123,0.020,25.5,-6.8,0
788,15.35,0.00,467.9,88.7,-0.5,3,8066,0.050,0.000,0.247,-0.126,0.020,25.5,-7.0,0
789,15.37,0.00,468.4,88.6,-0.5,3,8084,0.100,0.000,0.246,-0.128,0.020,25.5,-6.6,0
790,15.39,0.00,468.9,88.5,-0.5,3,8106,0.150,0.000,0.243,-0.130,0.020,25.6,-6.0,0
791,15.41,0.00,469.4,88.5,-0.6,3,8134,0.200,0.000,0.228,-0.132,0.017,25.6,-5.4,0
792,15.43,0.00,469.9,88.6,-0.6,3,8166,0.250,0.000,0.166,-0.134,0.004,25.6,-4.8,0
793,15.45,0.00,470.3,88.7,-0.7,3,8201,0.300,0.000,0.109,-0.134,-0.008,25.6,-4.3,0
794,15.47,0.00,470.8,88.8,-0.9,3,8249,0.000,0.000,0.062,-0.134,-0.017,25.5,-3.7,0
795,15.49,0.00,471.3,88.8,-0.9,3,8077,0.000,0.018,0.027,-0.133,-0.024,25.3,-7.1,0
796,15.51,0.00,471.8,88.7,-0.9,3,8054,0.000,0.038,0.004,-0.132,-0.029,24.9,-6.9,0
797,15.53,0.00,472.3,88.5,-0.8,3,8029,0.000,0.061,-0.008,-0.130,-0.032,24.5,-6.6,0
798,15.55,0.00,472.8,88.2,-0.7,3,7997,0.000,0.087,-0.013,-0.128,-0.033,24.1,-6.3,0
799,15.57,0.00,473.3,87.9,-0.5,3,7958,0.000,0.112,-0.014,-0.126,-0.033,23.6,-5.9,0
800,15.59,0.00,473.8,87.5,-0.3,3,7912,0.000,0.135,-0.011,-0.124,-0.033,23.1,-5.5,0
801,15.61,0.00,474.3,87.1,-0.2,3,7861,0.000,0.155,-0.008,-0.121,-0.032,22.5,-5.1,0
802,15.63,0.00,474.8,86.6,-0.1,3,7805,0.000,0.173,-0.005,-0.119,-0.032,22.0,-4.7,0
803,15.65,0.00,475.2,86.0,-0.0,3,7752,0.000,0.187,-0.001,-0.116,-0.031,21.5,-4.2,0
804,15.67,0.00,475.7,85.4,0.1,3,7690,0.000,0.199,0.001,-0.114,-0.031,21.0,-3.9,0
805,15.69,0.00,476.2,84.7,0.1,3,7623,0.000,0.209,0.003,-0.111,-0.031,20.6,-3.7,0
806,15.71,0.00,476.6,84.0,0.1,3,7553,0.000,0.217,0.005,-0.109,-0.031,20.1,-4.2,0
807,15.73,0.00,477.1,83.3,0.1,3,7484,0.000,0.223,0.006,-0.106,-0.031,19.6,-4.2,0
808,15.75,0.00,477.6,82.6,0.2,3,7416,0.000,0.229,0.008,-0.104,-0.031,19.2,-4.0,0
809,15.77,0.00,478.0,81.9,0.2,3,7347,0.000,0.234,0.041,-0.101,-0.025,18.7,-3.8,0
810,15.79,0.00,478.5,81.1,0.3,3,7278,0.000,0.236,0.128,-0.100,-0.007,18.3,-3.5,0
811,15.81,0.00,478.9,80.4,0.5,3,7210,0.000,0.232,0.203,-0.100,0.008,17.9,-2.7,0
812,15.83,0.00,479.3,79.6,0.6,3,7152,0.000,0.220,0.263,-0.100,0.020,17.7,-1.7,0
813,15.85,0.00,479.8,78.9,0.7,2,8993,0.000,0.202,0.310,-0.101,0.029,17.5,-0.7,0
814,15.87,0.00,480.2,78.2,0.8,2,8972,0.000,0.181,0.346,-0.103,0.036,17.3,-0.8,0
815,15.89,0.00,480.6,77.5,0.8,2,8772,0.000,0.156,0.373,-0.105,0.041,17.2,-2.1,0
816,15.91,0.00,481.0,76.9,0.8,2,8697,0.000,0.126,0.389,-0.107,0.044,17.2,-3.0,0
817,15.93,0.00,481.4,76.3,0.7,2,8640,0.000,0.095,0.396,-0.110,0.045,17.2,-3.8,0
818,15.95,0.00,481.9,75.8,0.6,2,8597,0.000,0.064,0.391,-0.113,0.044,17.3,-4.7,0
819,15.97,0.00,482.3,75.4,0.4,2,8568,0.000,0.035,0.380,-0.115,0.042,17.4,-5.5,0
820,15.99,0.00,482.7,75.1,0.2,2,8550,0.000,0.009,0.366,-0.118,0.039,17.5,-6.1,0
821,16.01,0.00,483.1,74.8,0.0,2,8543,0.050,0.000,0.349,-0.121,0.035,17.6,-6.5,0
822,16.03,0.00,483.6,74.7,-0.1,2,8579,0.100,0.000,0.336,-0.123,0.032,17.8,-5.9,0
823,16.06,0.00,484.0,74.6,-0.2,2,8618,0.150,0.000,0.327,-0.126,0.030,17.9,-5.1,0
824,16.08,0.00,484.4,74.6,-0.2,2,8666,0.200,0.000,0.320,-0.128,0.029,18.0,-4.3,0
825,16.10,0.00,484.9,74.6,-0.2,2,8723,0.250,0.000,0.315,-0.131,0.028,18.1,-3.5,0
826,16.12,0.00,485.3,74.8,-0.2,2,8790,0.300,0.000,0.312,-0.133,0.027,18.1,-2.6,0
827,16.14,0.00,485.8,75.0,-0.3,2,8867,0.350,0.000,0.307,-0.135,0.026,18.2,-1.7,0
828,16.17,0.00,486.2,75.3,-0.3,2,8957,0.400,0.000,0.305,-0.138,0.025,18.3,-0.8,0
829,16.19,0.00,486.7,75.6,-0.3,2,9051,0.450,0.000,0.306,-0.140,0.025,18.3,0.1,0
830,16.21,0.00,487.1,76.0,-0.2,2,9153,0.500,0.000,0.311,-0.142,0.026,18.3,1.0,0
831,16.23,0.00,487.6,76.5,-0.2,2,9294,0.000,0.003,0.317,-0.145,0.027,18.3,2.3,0
832,16.25,0.00,488.0,76.6,-0.1,2,8758,0.000,0.005,0.324,-0.147,0.028,18.3,-6.3,0
833,16.28,0.00,488.5,76.4,0.1,2,8727,0.050,0.000,0.329,-0.149,0.029,18.4,-6.5,0
834,16.30,0.00,488.9,76.2,0.1,2,8755,0.100,0.000,0.328,-0.151,0.029,18.4,-6.0,0
835,16.32,0.00,489.4,76.1,0.1,2,8793,0.150,0.000,0.319,-0.153,0.027,18.5,-5.2,0
836,16.34,0.00,489.8,76.1,0.1,2,8841,0.200,0.000,0.307,-0.155,0.024,18.7,-4.4,0
837,16.36,0.00,490.3,76.2,-0.0,2,8897,0.250,0.000,0.297,-0.157,0.022,18.8,-3.7,0
838,16.39,0.00,490.7,76.3,-0.0,2,8956,0.300,0.000,0.289,-0.159,0.020,18.9,-3.0,0
839,16.41,0.00,491.2,76.6,-0.0,2,9031,0.350,0.000,0.285,-0.161,0.019,19.0,-2.1,0
840,16.43,0.00,491.6,76.8,-0.0,2,9122,0.400,0.000,0.283,-0.162,0.019,19.0,-1.2,0
841,16.45,0.00,492.1,77.2,-0.0,2,9232,0.450,0.000,0.283,-0.164,0.019,19.1,-0.1,0
842,16.47,0.00,492.6,77.6,-0.1,2,9365,0.500,0.000,0.284,-0.165,0.019,19.2,1.2,0
843,16.50,0.00,493.0,78.1,-0.2,2,9525,0.550,0.000,0.282,-0.167,0.018,19.2,2.8,0
844,16.52,0.00,493.5,78.7,-0.3,2,9704,0.000,0.022,0.280,-0.169,0.017,19.3,4.6,0
845,16.54,0.00,494.0,78.8,-0.3,2,8998,0.000,0.024,0.280,-0.170,0.017,19.3,-6.0,0
846,16.56,0.00,494.4,78.5,-0.1,2,8959,0.000,0.007,0.284,-0.172,0.018,19.4,-6.2,0
847,16.58,0.00,494.9,78.3,-0.0,2,8938,0.050,0.000,0.284,-0.174,0.018,19.4,-6.7,0
848,16.61,0.00,495.3,78.1,0.0,2,8969,0.100,0.000,0.280,-0.175,0.017,19.5,-6.2,0
849,16.63,0.00,495.8,78.0,0.0,2,9008,0.150,0.000,0.271,-0.176,0.015,19.7,-5.4,0
850,16.65,0.00,496.3,78.0,-0.1,2,9056,0.200,0.000,0.263,-0.178,0.013,19.8,-4.6,0
851,16.67,0.00,496.7,78.1,-0.1,2,9114,0.250,0.000,0.252,-0.179,0.011,19.9,-3.8,0
852,16.69,0.00,497.2,78.3,-0.1,2,9182,0.300,0.000,0.244,-0.180,0.009,20.0,-3.0,0
853,16.72,0.00,497.7,78.5,-0.2,2,9256,0.350,0.000,0.241,-0.181,0.008,20.1,-2.2,0
854,16.74,0.00,498.1,78.8,-0.1,2,9336,0.400,0.000,0.242,-0.181,0.008,20.2,-1.5,0
855,16.76,0.00,498.6,79.2,-0.1,2,9439,0.450,0.000,0.246,-0.182,0.009,20.2,-0.5,0
856,16.78,0.00,499.1,79.6,-0.0,2,9562,0.500,0.000,0.251,-0.183,0.010,20.2,0.6,0
857,16.80,0.00,499.5,80.1,-0.1,2,9710,0.000,0.005,0.256,-0.184,0.011,20.3,2.0,0
858,16.83,0.00,500.0,80.2,0.0,3,7540,0.000,0.009,0.260,-0.185,0.011,20.3,-5.7,0
859,16.85,0.00,500.5,80.1,0.1,3,7528,0.050,0.000,0.261,-0.186,0.011,20.3,-5.7,0
860,16.87,0.00,501.0,80.0,0.1,3,7308,0.100,0.000,0.259,-0.187,0.011,20.4,-5.9,0
861,16.89,0.00,501.4,80.0,0.1,3,7325,0.150,0.000,0.253,-0.188,0.010,20.5,-5.4,0
862,16.91,0.00,501.9,79.9,0.1,2,9260,0.200,0.000,0.248,-0.188,0.008,20.6,-6.0,0
863,16.94,0.00,502.4,79.8,0.1,2,9267,0.250,0.000,0.241,-0.189,0.007,20.8,-6.0,0
864,16.96,0.00,502.9,79.8,0.1,2,9200,0.300,0.000,0.235,-0.189,0.005,20.9,-5.6,0
865,16.98,0.00,503.3,79.9,0.0,2,9423,0.350,0.000,0.229,-0.190,0.004,21.0,-2.3,0
866,17.00,0.00,503.8,80.2,-0.1,2,9518,0.400,0.000,0.225,-0.190,0.003,21.1,-1.3,0
867,17.02,0.00,504.3,80.3,-0.1,3,7559,0.450,0.000,0.222,-0.190,0.002,21.2,-5.9,0
868,17.05,0.00,504.8,80.2,-0.0,3,7573,0.500,0.000,0.221,-0.191,0.002,21.3,-6.0,0
869,17.07,0.00,505.2,80.2,0.0,3,7340,0.550,0.000,0.222,-0.191,0.002,21.4,-5.5,0
870,17.09,0.00,505.7,80.4,0.0,3,7587,0.600,0.000,0.224,-0.191,0.002,21.4,-0.9,0
871,17.11,0.00,506.2,80.8,0.0,3,7668,0.650,0.000,0.225,-0.191,0.002,21.5,-0.0,0
872,17.13,0.00,506.7,81.3,-0.0,3,7752,0.700,0.000,0.227,-0.191,0.002,21.6,0.8,0
873,17.16,0.00,507.2,81.8,-0.1,3,7848,0.750,0.000,0.229,-0.192,0.002,21.6,1.8,0
874,17.18,0.00,507.6,82.4,-0.1,3,7954,0.800,0.000,0.229,-0.192,0.002,21.7,2.8,0
875,17.20,0.00,508.1,83.0,-0.2,3,8076,0.000,0.014,0.229,-0.192,0.001,21.8,4.1,0
876,17.22,0.00,508.6,83.1,-0.2,3,7563,0.000,0.016,0.230,-0.193,0.001,21.9,-6.0,0
877,17.24,0.00,509.1,82.9,-0.1,3,7542,0.000,0.002,0.234,-0.193,0.001,21.9,-6.2,0
878,17.27,0.00,509.6,82.8,-0.0,3,7533,0.050,0.000,0.235,-0.193,0.001,22.0,-6.5,0
879,17.29,0.00,510.1,82.7,-0.0,3,7548,0.100,0.000,0.233,-0.193,-0.001,22.1,-6.1,0
880,17.31,0.00,510.6,82.6,-0.1,3,7567,0.150,0.000,0.228,-0.193,-0.003,22.3,-5.6,0
881,17.33,0.00,511.1,82.6,-0.1,3,7591,0.200,0.000,0.223,-0.193,-0.005,22.5,-5.1,0
882,17.35,0.00,511.6,82.6,-0.2,3,7619,0.250,0.000,0.218,-0.193,-0.007,22.7,-4.6,0
883,17.38,0.00,512.1,82.7,-0.2,3,7651,0.300,0.000,0.216,-0.192,-0.009,22.8,-4.1,0
884,17.40,0.00,512.6,82.9,-0.2,3,7685,0.350,0.000,0.216,-0.192,-0.010,23.0,-3.6,0
885,17.42,0.00,513.1,83.1,-0.2,3,7725,0.400,0.000,0.220,-0.191,-0.011,23.1,-3.2,0
886,17.44,0.00,513.6,83.3,-0.1,3,7773,0.450,0.000,0.226,-0.190,-0.012,23.2,-2.6,0
887,17.46,0.00,514.0,83.6,-0.1,3,7829,0.500,0.000,0.234,-0.189,-0.012,23.3,-2.0,0
888,17.49,0.00,514.5,83.9,-0.1,3,7894,0.550,0.000,0.243,-0.188,-0.013,23.5,-1.3,0
889,17.51,0.00,515.0,84.3,-0.1,3,7968,0.600,0.000,0.250,-0.187,-0.014,23.6,-0.5,0
890,17.53,0.00,515.6,84.7,-0.1,3,8053,0.650,0.000,0.264,-0.186,-0.016,23.8,0.5,0
891,17.55,0.00,516.1,85.1,-0.2,3,8148,0.700,0.000,0.431,-0.185,-0.018,24.0,1.5,0
892,17.57,0.00,516.6,85.6,-0.2,3,8255,0.750,0.000,0.403,-0.184,-0.021,24.3,3.3,0
893,17.60,0.00,517.1,86.2,-0.4,3,8386,0.800,0.000,0.365,-0.182,-0.025,24.6,5.0,0
894,17.62,0.00,517.6,86.7,-0.6,3,8545,0.650,0.000,0.318,-0.180,-0.030,25.0,6.8,0
895,17.64,0.00,518.1,87.3,-1.0,3,8492,0.700,0.000,0.265,-0.178,-0.036,25.5,4.6,0
896,17.66,0.00,518.6,87.8,-1.3,3,8586,0.550,0.000,0.213,-0.176,-0.042,26.1,5.2,0
897,17.68,0.00,519.2,88.3,-1.6,3,8488,0.600,0.000,0.166,-0.173,-0.047,26.7,2.3,0
898,17.71,0.00,519.7,88.8,-1.8,3,8542,0.650,0.000,0.133,-0.171,-0.050,27.2,2.4,0
899,17.73,0.00,520.2,89.3,-1.8,3,8618,0.700,0.000,0.115,-0.168,-0.051,27.6,2.9,0
900,17.75,0.00,520.8,89.9,-1.8,3,8712,0.750,0.000,0.143,-0.165,-0.050,27.8,3.7,0
901,17.77,0.00,521.3,90.5,-1.6,3,8828,0.800,0.000,0.142,-0.163,-0.048,28.1,4.9,0
902,17.79,0.00,521.8,91.2,-1.6,3,8967,0.650,0.000,0.140,-0.160,-0.046,28.4,6.3,0
903,17.82,0.00,522.4,91.9,-1.5,3,8864,0.700,0.000,0.136,-0.157,-0.045,28.7,3.2,0
904,17.84,0.00,522.9,92.5,-1.4,3,8927,0.750,0.000,0.134,-0.155,-0.043,29.0,3.2,0
905,17.86,0.00,523.5,93.1,-1.3,3,9039,0.800,0.000,0.134,-0.152,-0.040,29.4,4.2,0
906,17.88,0.00,524.1,93.8,-1.2,3,9178,0.650,0.000,0.134,-0.150,-0.038,29.7,5.6,0
907,17.90,0.00,524.6,94.5,-1.2,3,9082,0.700,0.000,0.132,-0.148,-0.035,30.1,2.5,0
908,17.93,0.00,525.2,95.1,-1.1,3,9163,0.750,0.000,0.133,-0.145,-0.032,30.6,2.9,0
909,17.95,0.00,525.8,95.8,-1.0,3,9297,0.800,0.000,0.135,-0.144,-0.029,31.0,4.2,0
910,17.97,0.00,526.4,96.5,-1.1,3,9459,0.650,0.000,0.134,-0.142,-0.027,31.6,6.1,0
911,17.99,0.00,526.9,97.2,-1.1,3,9364,0.700,0.000,0.134,-0.141,-0.025,32.3,3.1,0
912,18.01,0.00,527.5,97.9,-1.1,3,9436,0.750,0.000,0.138,-0.139,-0.023,33.1,3.2,0
913,18.04,0.00,528.1,98.5,-1.1,3,9560,0.800,0.000,0.141,-0.138,-0.020,33.9,4.4,0
914,18.06,0.00,528.7,99.2,-1.1,3,9710,0.650,0.000,0.143,-0.138,-0.018,35.0,6.0,0
915,18.08,0.00,529.3,99.9,-1.2,3,9615,0.700,0.000,0.142,-0.137,-0.016,36.2,2.9,0
916,18.10,0.00,529.9,100.6,-1.2,3,9699,0.750,0.000,0.139,-0.137,-0.014,37.6,3.3,0
917,18.12,0.00,530.5,101.2,-1.3,3,9827,0.800,0.000,0.125,-0.137,-0.012,39.2,4.6,0
918,18.15,0.00,531.1,101.9,-1.4,3,9971,0.650,0.000,0.127,-0.137,-0.010,41.0,6.0,0
919,18.17,0.00,531.7,102.6,-1.4,3,9867,0.700,0.000,0.128,-0.138,-0.008,43.1,2.9,0
920,18.19,0.00,532.4,103.3,-1.4,3,9944,0.750,0.000,0.119,-0.138,-0.006,45.4,3.1,0
921,18.21,0.00,533.0,103.9,-1.4,3,10067,0.800,0.000,0.127,-0.139,-0.003,47.9,4.2,0
922,18.23,0.00,533.6,104.6,-1.4,3,10213,0.650,0.000,0.121,-0.141,-0.000,51.1,5.8,0
923,18.26,0.00,534.2,105.3,-1.5,3,10111,0.700,0.000,0.116,-0.142,0.002,54.9,2.6,0
924,18.28,0.00,534.9,105.9,-1.5,3,10184,0.750,0.000,0.115,-0.144,0.005,131.4,2.8,0
925,18.30,0.00,535.5,106.6,-1.5,3,10303,0.800,0.000,0.118,-0.146,0.008,131.0,3.9,0
926,18.32,0.00,536.2,107.3,-1.5,3,10446,0.650,0.000,0.129,-0.149,0.011,126.8,5.4,0
927,18.34,0.00,536.8,108.0,-1.5,3,10344,0.700,0.000,0.122,-0.152,0.014,126.2,2.3,0
928,18.37,0.00,537.5,108.6,-1.5,3,10424,0.750,0.000,0.133,-0.155,0.016,122.1,2.6,0
929,18.39,0.00,538.1,109.2,-1.4,3,10547,0.800,0.000,0.134,-0.158,0.019,118.0,3.8,0
930,18.41,0.00,538.8,109.9,-1.5,3,10692,0.650,0.000,0.131,-0.162,0.021,113.9,5.4,0
931,18.43,0.00,539.4,110.6,-1.6,3,10591,0.700,0.000,0.139,-0.166,0.023,109.7,2.3,0
932,18.45,0.00,540.1,110.8,-1.5,4,8607,0.750,0.000,0.149,-0.171,0.026,105.7,-7.6,0
933,18.48,0.00,540.8,110.7,-1.3,4,8617,0.800,0.000,0.106,-0.175,0.020,101.9,-8.0,0
934,18.50,0.00,541.5,110.6,-1.3,4,8221,0.850,0.000,0.063,-0.178,0.011,98.2,-7.7,0
935,18.52,0.00,542.1,110.9,-1.4,4,8594,0.900,0.000,0.026,-0.180,0.004,95.0,0.8,0
936,18.54,0.00,542.8,111.5,-1.5,4,8694,0.950,0.000,-0.000,-0.182,-0.002,92.6,2.2,0
937,18.56,0.00,543.5,112.2,-1.4,4,8774,1.000,0.000,-0.016,-0.183,-0.005,90.9,2.9,0
938,18.59,0.00,544.2,112.9,-1.3,4,8856,1.000,0.000,-0.021,-0.184,-0.006,89.9,3.6,0
939,18.61,0.00,544.9,113.7,-1.0,4,8905,1.000,0.000,-0.020,-0.184,-0.006,89.2,3.4,0
940,18.63,0.00,545.6,114.5,-0.7,4,8954,1.000,0.000,-0.016,-0.185,-0.005,88.8,3.2,0
941,18.65,0.00,546.3,115.2,-0.5,4,9009,1.000,0.000,-0.010,-0.185,-0.004,88.5,3.0,0
942,18.67,0.00,547.0,116.0,-0.3,4,9071,1.000,0.000,-0.005,-0.185,-0.003,88.1,3.1,0
943,18.70,0.00,547.7,116.8,-0.1,4,9136,1.000,0.000,-0.001,-0.185,-0.002,87.6,3.2,0
944,18.72,0.00,548.4,117.5,-0.0,4,9204,1.000,0.000,0.001,-0.185,-0.001,87.0,3.4,0
945,18.74,0.00,549.1,118.3,0.0,4,9264,1.000,0.000,0.002,-0.184,-0.001,86.3,3.4,0
946,18.76,0.00,549.9,119.1,0.0,4,9328,1.000,0.000,0.002,-0.184,-0.001,85.5,3.5,0
947,18.78,0.00,550.6,119.9,0.0,4,9395,1.000,0.000,0.001,-0.184,-0.002,84.7,3.6,0
948,18.81,0.00,551.3,120.7,0.0,4,9463,1.000,0.000,-0.000,-0.184,-0.002,83.9,3.8,0
949,18.83,0.00,552.1,121.5,0.0,4,9526,1.000,0.000,-0.001,-0.183,-0.002,83.1,3.8,0
950,18.85,0.00,552.8,122.3,0.0,4,9587,1.000,0.000,-0.002,-0.183,-0.002,82.3,3.8,0
951,18.87,0.00,553.6,123.1,0.0,4,9647,1.000,0.000,-0.003,-0.183,-0.002,81.5,3.7,0
952,18.89,0.00,554.3,123.9,0.0,4,9705,1.000,0.000,-0.034,-0.183,-0.002,80.7,3.6,0
953,18.92,0.00,555.1,124.7,-0.0,4,9763,1.000,0.000,-0.030,-0.182,-0.001,80.2,3.6,0
954,18.94,0.00,555.8,125.5,0.1,4,9816,1.000,0.000,-0.021,-0.182,0.001,79.9,3.4,0
955,18.96,0.00,556.6,126.3,0.2,4,9870,1.000,0.000,-0.011,-0.182,0.003,79.6,3.2,0
956,18.98,0.00,557.4,127.1,0.3,4,9928,1.000,0.000,-0.004,-0.183,0.004,79.3,3.1,0
957,19.00,0.00,558.2,127.9,0.3,4,9988,1.000,0.000,0.001,-0.183,0.005,78.7,3.1,0
958,19.03,0.00,558.9,128.7,0.3,4,10048,1.000,0.000,0.003,-0.183,0.005,78.0,3.1,0
959,19.05,0.00,559.7,129.5,0.3,4,10109,1.000,0.000,0.003,-0.184,0.005,77.2,3.0,0
960,19.07,0.00,560.5,130.3,0.2,4,10169,1.000,0.000,0.002,-0.184,0.005,76.3,3.0,0
961,19.09,0.00,561.3,131.0,0.2,4,10228,1.000,0.000,0.001,-0.185,0.005,75.4,3.0,0
962,19.11,0.00,562.1,131.8,0.1,4,10286,1.000,0.000,0.000,-0.185,0.005,74.5,2.9,0
963,19.14,0.00,562.9,132.6,0.1,4,10337,1.000,0.000,-0.001,-0.186,0.004,73.6,2.7,0
964,19.16,0.00,563.8,133.4,0.0,4,10392,1.000,0.000,-0.002,-0.186,0.004,72.7,2.6,0
965,19.18,0.00,564.6,134.2,0.0,4,10451,1.000,0.000,-0.002,-0.187,0.004,71.9,2.5,0
966,19.20,0.00,565.4,135.0,0.0,4,10510,1.000,0.000,-0.002,-0.187,0.004,71.0,2.5,0
967,19.22,0.00,566.2,135.7,0.0,4,10570,1.000,0.000,-0.001,-0.188,0.004,70.2,2.5,0
968,19.25,0.00,567.1,136.5,0.0,4,10628,1.000,0.000,-0.001,-0.188,0.004,69.3,2.4,0
969,19.27,0.00,567.9,137.3,0.0,4,10686,1.000,0.000,-0.001,-0.189,0.004,68.4,2.4,0
970,19.29,0.00,568.7,138.1,0.0,4,10742,1.000,0.000,-0.001,-0.190,0.004,67.6,2.3,0
971,19.31,0.00,569.6,138.8,0.0,4,10794,1.000,0.000,-0.001,-0.190,0.004,66.7,2.2,0
972,19.33,0.00,570.4,139.6,0.0,4,10848,0.000,0.019,-0.002,-0.191,0.004,65.8,2.0,0
973,19.36,0.00,571.3,139.7,0.0,4,10320,0.000,0.067,-0.001,-0.191,0.004,64.9,-10.7,0
974,19.38,0.00,572.1,139.3,0.0,4,10265,0.000,0.090,0.000,-0.192,0.004,64.1,-10.0,0
975,19.40,0.00,573.0,138.8,0.1,4,10215,0.000,0.108,0.001,-0.192,0.005,63.3,-9.6,0
976,19.42,0.00,573.8,138.2,0.1,4,10163,0.000,0.123,0.002,-0.193,0.005,62.5,-9.4,0
977,19.44,0.00,574.7,137.6,0.1,4,10110,0.000,0.137,0.002,-0.194,0.005,61.6,-9.1,0
978,19.47,0.00,575.5,136.9,0.1,4,10055,0.000,0.150,0.001,-0.194,0.005,60.7,-8.8,0
979,19.49,0.00,576.3,136.2,0.1,4,9999,0.000,0.161,0.001,-0.195,0.005,59.9,-8.4,0
980,19.51,0.00,577.2,135.5,0.1,4,9939,0.000,0.169,0.001,-0.195,0.005,59.0,-8.1,0
981,19.53,0.00,578.0,134.7,0.1,4,9879,0.000,0.177,-0.000,-0.196,0.005,58.2,-7.8,0
982,19.55,0.00,578.8,133.9,0.1,4,9817,0.000,0.183,-0.001,-0.197,0.005,57.3,-7.6,0
983,19.58,0.00,579.6,133.1,0.1,4,9754,0.000,0.187,-0.083,-0.197,0.005,56.5,-7.4,0
984,19.60,0.00,580.4,132.3,-0.1,4,9692,0.000,0.167,-0.072,-0.198,0.007,56.1,-6.7,0
985,19.62,0.00,581.3,131.5,0.1,4,9642,0.000,0.119,-0.049,-0.199,0.012,56.3,-7.4,0
986,19.64,0.00,582.1,130.8,0.4,4,9615,0.000,0.072,-0.024,-0.201,0.018,56.5,-8.5,0
987,19.66,0.00,582.9,130.3,0.7,4,9600,0.000,0.045,-0.004,-0.203,0.022,56.6,-9.3,0
988,19.69,0.00,583.6,129.9,0.8,4,9585,0.000,0.042,0.008,-0.206,0.025,56.3,-9.7,0
989,19.71,0.00,584.4,129.6,0.7,4,9561,0.000,0.059,0.013,-0.208,0.026,55.7,-9.7,0
990,19.73,0.00,585.2,129.2,0.6,4,9526,0.000,0.087,0.012,-0.211,0.026,54.8,-9.3,0
991,19.75,0.00,586.0,128.7,0.4,4,9480,0.000,0.117,0.009,-0.214,0.025,53.8,-8.7,0
992,19.77,0.00,586.8,128.2,0.3,4,9425,0.000,0.145,0.005,-0.217,0.024,52.9,-8.1,0
993,19.80,0.00,587.6,127.6,0.2,4,9365,0.000,0.166,0.002,-0.219,0.024,52.0,-7.5,0
994,19.82,0.00,588.4,126.8,0.1,4,9302,0.000,0.180,-0.002,-0.222,0.023,51.1,-7.1,0
995,19.84,0.00,589.1,126.1,0.0,4,9238,0.000,0.189,-0.038,-0.225,0.015,50.3,-6.9,0
996,19.86,0.00,589.9,125.3,-0.1,4,9174,0.000,0.183,-0.068,-0.226,0.009,49.7,-6.6,0
997,19.88,0.00,590.7,124.5,-0.0,4,9119,0.000,0.154,-0.088,-0.227,0.005,49.5,-6.6,0
998,19.91,0.00,591.5,123.8,0.1,4,9079,0.000,0.106,-0.098,-0.228,0.003,49.7,-7.0,0
999,19.93,0.00,592.2,123.2,0.3,4,9057,0.000,0.045,-0.097,-0.228,0.004,50.2,-7.9,0
1000,19.95,0.00,593.0,122.7,0.6,4,9054,0.050,0.000,-0.091,-0.228,0.005,51.0,-9.0,0
1001,19.97,0.00,593.7,122.5,0.8,4,9080,0.100,0.000,-0.085,-0.228,0.007,51.8,-9.3,0
1002,19.99,0.00,594.5,122.4,1.0,4,9092,0.150,0.000,-0.080,-0.228,0.008,52.5,-8.8,0
1003,20.02,0.00,595.3,122.3,1.1,4,9108,0.200,0.000,-0.078,-0.228,0.009,53.2,-8.2,0
1004,20.04,0.00,596.0,122.3,1.1,4,9127,0.250,0.000,-0.077,-0.228,0.010,53.7,-7.7,0
1005,20.06,0.00,596.8,122.3,1.1,4,9150,0.300,0.000,-0.078,-0.228,0.010,54.2,-7.1,0
1006,20.08,0.00,597.5,122.4,1.0,4,9177,0.350,0.000,-0.081,-0.228,0.010,54.7,-6.6,0
1007,20.10,0.00,598.3,122.5,1.0,4,9208,0.400,0.000,-0.084,-0.228,0.010,55.2,-6.0,0
1008,20.13,0.00,599.0,122.6,0.9,4,9244,0.450,0.000,-0.084,-0.228,0.010,55.7,-5.4,0
1009,20.15,0.00,599.8,122.9,0.9,4,9284,0.500,0.000,-0.082,-0.229,0.011,56.2,-4.8,0
1010,20.17,0.00,600.6,123.1,0.9,4,9330,0.550,0.000,-0.080,-0.229,0.011,56.8,-4.2,0
1011,20.19,0.00,601.3,123.4,0.9,4,9379,0.600,0.000,-0.079,-0.230,0.012,57.3,-3.5,0
1012,20.21,0.00,602.1,123.8,0.9,4,9432,0.650,0.000,-0.076,-0.230,0.012,57.9,-2.9,0
1013,20.24,0.00,602.8,124.2,0.9,4,9489,0.700,0.000,-0.073,-0.231,0.013,58.5,-2.3,0
1014,20.26,0.00,603.6,124.7,1.0,4,9553,0.750,0.000,-0.071,-0.231,0.013,59.0,-1.6,0
1015,20.28,0.00,604.4,125.2,1.0,4,9621,0.800,0.000,0.026,-0.232,0.013,59.5,-0.9,0
1016,20.30,0.00,605.2,125.8,1.2,4,9689,0.850,0.000,0.016,-0.232,0.011,59.5,-0.3,0
1017,20.32,0.00,605.9,126.4,1.0,4,9762,0.900,0.000,-0.102,-0.232,0.007,58.8,0.3,0
1018,20.35,0.00,606.7,127.0,0.6,4,9848,0.950,0.000,-0.119,-0.232,0.003,58.3,1.4,0
1019,20.37,0.00,607.5,127.7,0.5,4,9947,1.000,0.000,-0.118,-0.232,0.003,58.7,2.5,0
1020,20.39,0.00,608.3,128.5,0.7,4,10058,1.000,0.000,-0.015,-0.232,0.005,59.7,3.8,0
1021,20.41,0.00,609.1,129.2,1.1,4,10126,1.000,0.000,-0.006,-0.232,0.007,60.5,3.9,0
1022,20.43,0.00,609.9,130.0,1.3,4,10176,1.000,0.000,-0.012,-0.231,0.005,60.5,3.6,0
1023,20.46,0.00,610.7,130.8,1.2,4,10226,1.000,0.000,-0.027,-0.230,0.003,60.2,3.4,0
1024,20.48,0.00,611.5,131.6,1.0,4,10278,1.000,0.000,-0.043,-0.230,-0.000,59.9,3.2,0
1025,20.50,0.00,612.3,132.4,0.9,4,10334,1.000,0.000,-0.056,-0.228,-0.002,59.7,3.1,0
1026,20.52,0.00,613.1,133.2,0.8,4,10394,0.000,0.015,-0.062,-0.227,-0.003,59.7,3.1,0
1027,20.54,0.00,614.0,133.3,0.8,4,9850,0.000,0.009,-0.064,-0.226,-0.004,60.0,-10.1,0
1028,20.57,0.00,614.8,133.0,0.8,4,9827,0.050,0.000,-0.063,-0.225,-0.004,60.3,-10.6,0
1029,20.59,0.00,615.6,132.8,0.8,4,9837,0.100,0.000,-0.058,-0.223,-0.003,60.9,-10.3,0
1030,20.61,0.00,616.4,132.7,0.9,4,9849,0.150,0.000,-0.053,-0.222,-0.002,61.5,-9.7,0
1031,20.63,0.00,617.2,132.6,1.0,4,9865,0.200,0.000,-0.049,-0.221,-0.001,62.2,-9.1,0
1032,20.65,0.00,618.0,132.5,1.0,4,9884,0.250,0.000,-0.047,-0.220,-0.000,62.7,-8.5,0
1033,20.68,0.00,618.9,132.5,1.0,4,9906,0.300,0.000,-0.046,-0.219,0.000,63.1,-8.0,0
1034,20.70,0.00,619.7,132.6,0.9,4,9932,0.350,0.000,-0.046,-0.218,0.000,63.5,-7.4,0
1035,20.72,0.00,620.5,132.7,0.9,4,9962,0.400,0.000,-0.048,-0.217,-0.000,63.7,-6.8,0
1036,20.74,0.00,621.3,132.8,0.8,4,9996,0.450,0.000,-0.050,-0.216,-0.001,63.9,-6.3,0
1037,20.76,0.00,622.1,133.0,0.7,4,10034,0.500,0.000,-0.052,-0.215,-0.001,64.2,-5.7,0
1038,20.79,0.00,622.9,133.3,0.7,4,10077,0.550,0.000,-0.053,-0.214,-0.001,64.4,-5.1,0
1039,20.81,0.00,623.8,133.6,0.7,4,10124,0.600,0.000,-0.053,-0.213,-0.001,64.8,-4.5,0
1040,20.83,0.00,624.6,133.9,0.7,4,10177,0.650,0.000,-0.053,-0.212,-0.001,65.1,-3.9,0
1041,20.85,0.00,625.4,134.3,0.7,4,10234,0.700,0.000,-0.052,-0.211,-0.001,65.5,-3.2,0
1042,20.87,0.00,626.2,134.8,0.7,4,10295,0.750,0.000,-0.050,-0.211,-0.001,65.9,-2.5,0
1043,20.90,0.00,627.1,135.3,0.8,4,10361,0.800,0.000,-0.048,-0.210,-0.000,66.4,-1.8,0
1044,20.92,0.00,627.9,135.8,0.8,4,10432,0.850,0.000,-0.047,-0.209,-0.000,66.8,-1.1,0
1045,20.94,0.00,628.7,136.4,0.8,4,10510,0.900,0.000,-0.046,-0.208,0.000,67.2,-0.3,0
1046,20.96,0.00,629.6,137.0,0.9,4,10592,0.950,0.000,-0.045,-0.207,0.000,67.5,0.5,0
1047,20.98,0.00,630.4,137.7,0.9,4,10681,1.000,0.000,-0.044,-0.206,0.000,68.0,1.4,0
1048,21.01,0.00,631.3,138.5,0.9,4,10776,1.000,0.000,-0.044,-0.205,0.001,68.4,2.4,0
1049,21.03,0.00,632.1,139.2,1.0,4,10838,1.000,0.000,-0.042,-0.204,0.001,68.9,2.5,0
1050,21.05,0.00,633.0,140.0,1.0,4,10895,1.000,0.000,-0.041,-0.204,0.001,69.4,2.5,0
1051,21.07,0.00,633.8,140.8,1.1,4,10951,1.000,0.000,-0.040,-0.203,0.001,69.9,2.4,0
1052,21.09,0.00,634.7,141.1,1.0,5,9832,1.000,0.000,-0.040,-0.202,0.001,70.4,-9.8,0
1053,21.12,0.00,635.6,140.9,0.9,5,9836,1.000,0.000,-0.041,-0.201,0.001,70.8,-10.4,0
1054,21.14,0.00,636.4,140.8,0.9,5,9391,1.000,0.000,-0.040,-0.200,0.001,71.3,-10.2,0
1055,21.16,0.00,637.3,141.1,0.9,5,9784,1.000,0.000,-0.039,-0.199,0.001,71.9,-0.1,0
1056,21.18,0.00,638.2,141.7,0.9,5,9852,1.000,0.000,-0.037,-0.199,0.001,72.6,0.8,0
1057,21.20,0.00,639.0,142.4,1.0,5,9888,1.000,0.000,-0.035,-0.198,0.002,73.3,0.5,0
1058,21.23,0.00,639.9,143.1,1.0,5,9919,1.000,0.000,-0.034,-0.197,0.002,74.0,0.2,0
1059,21.25,0.00,640.8,143.8,1.0,5,9955,1.000,0.000,-0.035,-0.196,0.001,74.6,-0.1,0
1060,21.27,0.00,641.7,144.4,0.9,5,9997,1.000,0.000,-0.037,-0.195,0.001,75.1,-0.2,0
1061,21.29,0.00,642.6,145.1,0.9,5,10043,1.000,0.000,-0.038,-0.195,0.001,75.5,-0.2,0
1062,21.31,0.00,643.5,145.7,0.8,5,10091,1.000,0.000,-0.040,-0.194,0.000,76.1,-0.1,0
1063,21.34,0.00,644.4,146.4,0.8,5,10139,1.000,0.000,-0.040,-0.193,-0.000,76.8,-0.1,0
1064,21.36,0.00,645.3,147.0,0.8,5,10185,1.000,0.000,-0.039,-0.192,-0.000,77.7,-0.1,0
1065,21.38,0.00,646.2,147.7,0.9,5,10228,1.000,0.000,-0.037,-0.191,0.000,78.7,-0.1,0
1066,21.40,0.00,647.1,148.3,0.9,5,10270,1.000,0.000,-0.036,-0.190,0.000,79.8,-0.2,0
1067,21.42,0.00,648.0,149.0,0.9,5,10312,1.000,0.000,-0.035,-0.189,0.000,80.8,-0.3,0
1068,21.45,0.00,648.9,149.6,0.9,5,10354,1.000,0.000,-0.034,-0.188,0.000,81.9,-0.4,0
1069,21.47,0.00,649.8,150.3,0.9,5,10395,1.000,0.000,-0.033,-0.188,0.000,83.0,-0.5,0
1070,21.49,0.00,650.7,150.9,0.9,5,10436,1.000,0.000,-0.034,-0.187,0.000,83.8,-0.6,0
1071,21.51,0.00,651.7,151.6,0.9,5,10479,1.000,0.000,-0.034,-0.186,-0.000,84.3,-0.6,0
1072,21.53,0.00,652.6,152.2,0.9,5,10522,1.000,0.000,-0.034,-0.185,-0.000,84.6,-0.7,0
1073,21.56,0.00,653.5,152.8,0.9,5,10564,1.000,0.000,-0.034,-0.184,-0.000,84.8,-0.7,0
1074,21.58,0.00,654.5,153.5,0.9,5,10607,1.000,0.000,-0.034,-0.183,-0.001,84.9,-0.8,0
1075,21.60,0.00,655.4,154.1,0.9,5,10650,1.000,0.000,-0.033,-0.182,-0.001,84.9,-0.8,0
1076,21.62,0.00,656.4,154.8,0.9,5,10692,1.000,0.000,-0.033,-0.181,-0.001,84.8,-0.9,0
1077,21.64,0.00,657.3,155.4,0.9,5,10733,1.000,0.000,-0.033,-0.180,-0.001,84.7,-1.0,0
1078,21.67,0.00,658.3,156.0,0.9,5,10775,1.000,0.000,-0.033,-0.178,-0.001,84.5,-1.0,0
1079,21.69,0.00,659.2,156.7,0.9,5,10817,1.000,0.000,-0.032,-0.177,-0.001,84.3,-1.1,0
1080,21.71,0.00,660.2,157.3,0.9,5,10858,0.000,0.023,-0.032,-0.176,-0.001,84.1,-1.1,0
1081,21.73,0.00,661.2,157.3,0.8,5,10450,0.000,0.038,-0.032,-0.175,-0.001,83.8,-11.7,0
1082,21.75,0.00,662.1,156.9,0.8,5,10412,0.000,0.033,-0.031,-0.174,-0.001,83.5,-11.8,0
1083,21.78,0.00,663.1,156.5,0.8,5,10387,0.000,0.026,-0.029,-0.173,-0.001,83.2,-11.9,0
1084,21.80,0.00,664.0,156.2,0.9,5,10365,0.000,0.020,-0.027,-0.172,-0.001,82.9,-12.1,0
1085,21.82,0.00,665.0,155.8,0.9,5,10344,0.000,0.017,-0.024,-0.171,-0.001,82.6,-12.2,0
1086,21.84,0.00,666.0,155.5,0.9,5,10323,0.000,0.016,-0.022,-0.170,-0.000,82.2,-12.2,0
1087,21.86,0.00,666.9,155.2,0.9,5,10303,0.000,0.020,-0.022,-0.169,-0.000,81.8,-12.2,0
1088,21.89,0.00,667.9,154.8,0.9,5,10279,0.000,0.025,-0.022,-0.168,-0.001,81.3,-12.1,0
1089,21.91,0.00,668.8,154.5,0.8,5,10254,0.000,0.032,-0.023,-0.167,-0.001,80.8,-11.9,0
1090,21.93,0.00,669.8,154.1,0.8,5,10228,0.000,0.038,-0.024,-0.166,-0.001,80.3,-11.7,0
1091,21.95,0.00,670.7,153.7,0.7,5,10200,0.000,0.043,-0.024,-0.165,-0.001,79.8,-11.6,0
1092,21.97,0.00,671.6,153.3,0.7,5,10171,0.000,0.048,-0.024,-0.164,-0.002,79.2,-11.4,0
1093,22.00,0.00,672.6,152.9,0.7,5,10142,0.000,0.052,-0.024,-0.163,-0.002,78.7,-11.3,0
1094,22.02,0.00,673.5,152.5,0.7,5,10112,0.000,0.055,-0.023,-0.162,-0.002,78.2,-11.2,0
1095,22.04,0.00,674.4,152.1,0.7,5,10082,0.000,0.059,-0.023,-0.161,-0.002,77.7,-11.1,0
1096,22.06,0.00,675.4,151.6,0.7,5,10051,0.000,0.063,-0.023,-0.160,-0.002,77.1,-11.0,0
1097,22.08,0.00,676.3,151.2,0.7,5,10019,0.000,0.066,-0.022,-0.159,-0.002,76.5,-10.8,0
1098,22.11,0.00,677.2,150.7,0.7,5,9987,0.000,0.070,-0.022,-0.158,-0.002,76.0,-10.7,0
1099,22.13,0.00,678.1,150.2,0.7,5,9954,0.000,0.074,-0.021,-0.157,-0.002,75.4,-10.6,0
1100,22.15,0.00,679.1,149.7,0.7,5,9920,0.000,0.078,-0.021,-0.156,-0.002,74.8,-10.5,0
1101,22.17,0.00,680.0,149.2,0.7,5,9885,0.000,0.082,-0.021,-0.155,-0.002,74.2,-10.4,0
1102,22.19,0.00,680.9,148.7,0.7,5,9850,0.000,0.086,-0.021,-0.154,-0.002,73.6,-10.2,0
1103,22.22,0.00,681.8,148.2,0.6,5,9814,0.000,0.090,-0.021,-0.153,-0.002,73.0,-10.1,0
1104,22.24,0.00,682.7,147.7,0.6,5,9777,0.000,0.094,-0.021,-0.152,-0.002,72.4,-10.0,0
1105,22.26,0.00,683.6,147.1,0.6,5,9740,0.000,0.097,-0.020,-0.151,-0.002,71.7,-9.9,0
1106,22.28,0.00,684.5,146.6,0.6,5,9702,0.000,0.100,-0.020,-0.150,-0.002,71.1,-9.8,0
1107,22.30,0.00,685.4,146.0,0.6,5,9663,0.000,0.103,-0.020,-0.149,-0.002,70.5,-9.7,0
1108,22.33,0.00,686.3,145.4,0.6,5,9624,0.000,0.106,-0.019,-0.148,-0.002,69.8,-9.6,0
1109,22.35,0.00,687.2,144.9,0.6,5,9585,0.000,0.110,-0.019,-0.147,-0.002,69.2,-9.4,0
1110,22.37,0.00,688.1,144.3,0.6,5,9545,0.000,0.113,-0.019,-0.146,-0.003,68.6,-9.3,0
1111,22.39,0.00,689.0,143.7,0.6,5,9504,0.000,0.116,-0.019,-0.145,-0.003,67.9,-9.2,0
1112,22.41,0.00,689.8,143.1,0.6,5,9463,0.000,0.119,-0.019,-0.144,-0.003,67.3,-9.1,0
1113,22.44,0.00,690.7,142.5,0.5,5,9422,0.000,0.122,-0.019,-0.143,-0.003,66.6,-9.0,0
1114,22.46,0.00,691.6,141.9,0.5,5,9380,0.000,0.124,-0.019,-0.142,-0.003,65.9,-8.9,0
1115,22.48,0.00,692.4,141.2,0.5,5,9338,0.000,0.127,-0.019,-0.141,-0.003,65.3,-8.8,0
1116,22.50,0.00,693.3,140.6,0.5,5,9296,0.000,0.129,-0.019,-0.140,-0.003,64.6,-8.7,0
1117,22.52,0.00,694.2,140.0,0.5,5,9253,0.000,0.131,-0.018,-0.139,-0.003,64.0,-8.7,0
1118,22.55,0.00,695.0,139.4,0.5,4,10263,0.000,0.135,-0.016,-0.138,-0.003,63.3,-7.9,0
1119,22.57,0.00,695.9,138.8,0.5,4,10230,0.000,0.141,-0.007,-0.137,-0.001,62.6,-7.7,0
1120,22.59,0.00,696.7,138.1,0.5,4,10150,0.000,0.147,0.000,-0.137,0.000,61.9,-8.4,0
1121,22.61,0.00,697.6,137.4,0.4,4,10094,0.000,0.153,0.004,-0.137,0.001,61.2,-8.3,0
1122,22.63,0.00,698.4,136.7,0.4,4,10035,0.000,0.160,0.006,-0.136,0.002,60.3,-8.1,0
1123,22.66,0.00,699.2,136.0,0.3,4,9975,0.000,0.169,0.006,-0.136,0.001,59.5,-8.0,0
1124,22.68,0.00,700.1,135.2,0.2,4,9912,0.000,0.178,0.005,-0.136,0.001,58.6,-7.8,0
1125,22.70,0.00,700.9,134.4,0.2,4,9849,0.000,0.185,0.003,-0.136,0.001,57.7,-7.6,0
1126,22.72,0.00,701.7,133.6,0.1,4,9785,0.000,0.191,0.002,-0.136,0.000,56.9,-7.8,0
1127,22.74,0.00,702.5,132.7,0.1,4,9721,0.000,0.196,0.001,-0.136,0.000,56.0,-7.5,0
1128,22.77,0.00,703.3,131.9,0.0,4,9657,0.000,0.199,0.001,-0.136,0.000,55.2,-7.3,0
1129,22.79,0.00,704.1,131.0,0.0,4,9599,0.000,0.202,0.001,-0.136,0.000,54.4,-6.9,0
1130,22.81,0.00,704.9,130.2,0.0,4,9536,0.000,0.204,0.001,-0.136,0.000,53.6,-6.6,0
1131,22.83,0.00,705.7,129.3,0.0,4,9468,0.000,0.206,0.002,-0.136,0.000,52.8,-6.5,0
1132,22.85,0.00,706.5,128.4,0.0,4,9399,0.000,0.208,0.002,-0.136,0.000,52.0,-6.4,0
1133,22.88,0.00,707.3,127.5,0.0,4,9331,0.000,0.210,0.002,-0.136,0.000,51.2,-6.3,0
1134,22.90,0.00,708.1,126.7,0.0,4,9265,0.000,0.212,0.001,-0.136,0.000,50.4,-6.2,0
1135,22.92,0.00,708.8,125.8,0.0,4,9199,0.000,0.214,0.001,-0.136,0.000,49.6,-6.3,0
1136,22.94,0.00,709.6,124.9,0.0,4,9133,0.000,0.215,0.001,-0.136,0.000,48.8,-6.2,0
1137,22.96,0.00,710.4,124.0,0.0,4,9068,0.000,0.216,0.001,-0.136,0.000,48.0,-6.1,0
1138,22.99,0.00,711.1,123.1,0.0,4,9003,0.000,0.218,0.001,-0.136,0.000,47.3,-6.0,0
1139,23.01,0.00,711.9,122.2,0.0,4,8941,0.000,0.219,-0.000,-0.136,0.000,46.5,-5.7,0
1140,23.03,0.00,712.6,121.3,0.0,4,8875,0.000,0.220,-0.037,-0.136,0.000,45.8,-5.6,0
1141,23.05,0.00,713.3,120.4,-0.1,4,8808,0.000,0.216,-0.032,-0.136,0.001,45.1,-5.4,0
1142,23.07,0.00,714.1,119.5,0.0,4,8744,0.000,0.208,-0.021,-0.136,0.003,44.5,-5.5,0
1143,23.10,0.00,714.8,118.7,0.1,4,8684,0.000,0.200,-0.009,-0.137,0.006,43.9,-5.7,0
1144,23.12,0.00,715.5,117.9,0.2,4,8627,0.000,0.196,-0.001,-0.137,0.007,43.3,-5.8,0
1145,23.14,0.00,716.2,117.0,0.3,4,8570,0.000,0.197,0.004,-0.138,0.008,42.7,-5.7,0
1146,23.16,0.00,717.0,116.2,0.3,4,8512,0.000,0.201,0.007,-0.139,0.009,42.0,-5.6,0
1147,23.18,0.00,717.7,115.4,0.2,4,8451,0.000,0.207,0.007,-0.140,0.009,41.3,-5.4,0
1148,23.21,0.00,718.4,114.6,0.2,4,8388,0.000,0.213,0.005,-0.140,0.008,40.5,-5.3,0
1149,23.23,0.00,719.1,113.8,0.1,4,8322,0.000,0.219,0.004,-0.141,0.008,39.8,-5.2,0
1150,23.25,0.00,719.8,112.9,0.1,4,8256,0.000,0.223,0.002,-0.142,0.008,39.1,-5.0,0
1151,23.27,0.00,720.4,112.0,0.0,4,8192,0.000,0.227,0.001,-0.143,0.008,38.4,-4.8,0
1152,23.29,0.00,721.1,111.2,0.0,4,8126,0.000,0.229,0.001,-0.144,0.007,37.7,-4.7,0
1153,23.32,0.00,721.8,110.3,0.0,4,8061,0.000,0.231,0.000,-0.145,0.007,37.0,-4.6,0
1154,23.34,0.00,722.5,109.4,0.0,4,7995,0.000,0.233,-0.000,-0.145,0.007,36.3,-4.5,0
1155,23.36,0.00,723.1,108.5,0.0,3,9797,0.000,0.236,-0.001,-0.146,0.007,35.6,-3.8,0
1156,23.38,0.00,723.8,107.7,0.0,3,9767,0.000,0.240,-0.002,-0.147,0.007,34.9,-3.3,0
1157,23.40,0.00,724.5,106.8,0.0,3,9561,0.000,0.241,-0.078,-0.148,0.008,34.3,-4.2,0
1158,23.43,0.00,725.1,105.8,-0.2,3,9468,0.000,0.232,-0.069,-0.149,0.009,33.7,-3.8,0
1159,23.45,0.00,725.7,104.9,-0.1,3,9385,0.000,0.215,-0.051,-0.150,0.013,33.3,-4.5,0
1160,23.47,0.00,726.4,104.0,0.1,3,9307,0.000,0.198,-0.030,-0.152,0.017,32.9,-5.3,0
1161,23.49,0.00,727.0,103.1,0.3,3,9239,0.000,0.188,-0.012,-0.153,0.021,32.4,-5.8,0
1162,23.51,0.00,727.6,102.3,0.4,3,9181,0.000,0.184,0.000,-0.155,0.024,31.9,-5.8,0
1163,23.54,0.00,728.3,101.5,0.4,3,9119,0.000,0.186,0.007,-0.158,0.025,31.4,-5.7,0
1164,23.56,0.00,728.9,100.8,0.4,3,9052,0.000,0.191,0.009,-0.160,0.025,30.8,-5.4,0
1165,23.58,0.00,729.5,100.0,0.3,3,8982,0.000,0.199,0.009,-0.162,0.025,30.1,-5.2,0
1166,23.60,0.00,730.1,99.2,0.2,3,8908,0.000,0.206,0.007,-0.164,0.025,29.5,-4.9,0
1167,23.62,0.00,730.7,98.4,0.2,3,8830,0.000,0.213,0.005,-0.167,0.025,28.9,-4.7,0
1168,23.65,0.00,731.3,97.5,0.1,3,8750,0.000,0.219,0.003,-0.169,0.024,28.2,-4.4,0
1169,23.67,0.00,731.9,96.7,0.1,3,8670,0.000,0.224,0.002,-0.171,0.024,27.6,-4.2,0
1170,23.69,0.00,732.5,95.8,0.0,3,8589,0.000,0.228,-0.012,-0.174,0.021,27.0,-4.1,0
1171,23.71,0.00,733.1,94.9,0.0,3,8508,0.000,0.229,-0.076,-0.175,0.008,26.4,-4.0,0
1172,23.73,0.00,733.7,94.1,-0.2,3,8429,0.000,0.224,-0.131,-0.175,-0.003,26.0,-3.7,0
1173,23.76,0.00,734.3,93.2,-0.2,3,8346,0.000,0.210,-0.171,-0.175,-0.012,25.6,-3.5,0
1174,23.78,0.00,734.8,92.3,-0.2,3,8279,0.000,0.187,-0.197,-0.174,-0.017,25.4,-3.5,0
1175,23.80,0.00,735.4,91.6,-0.1,3,8220,0.000,0.158,-0.211,-0.172,-0.020,25.2,-3.8,0
1176,23.82,0.00,736.0,90.8,0.1,3,8171,0.000,0.127,-0.216,-0.170,-0.021,25.2,-4.4,0
1177,23.84,0.00,736.6,90.2,0.2,3,8132,0.000,0.097,-0.215,-0.168,-0.020,25.2,-5.0,0
1178,23.87,0.00,737.1,89.7,0.4,3,8102,0.000,0.069,-0.210,-0.166,-0.019,25.2,-5.6,0
1179,23.89,0.00,737.7,89.3,0.6,3,8080,0.000,0.044,-0.204,-0.163,-0.018,25.2,-6.0,0
1180,23.91,0.00,738.2,89.0,0.7,3,8063,0.000,0.025,-0.198,-0.161,-0.017,25.3,-6.4,0
1181,23.93,0.00,738.8,88.7,0.8,3,8050,0.000,0.009,-0.194,-0.159,-0.016,25.3,-6.7,0
1182,23.95,0.00,739.3,88.5,0.8,3,8040,0.050,0.000,-0.191,-0.157,-0.015,25.3,-7.0,0
1183,23.98,0.00,739.9,88.3,0.8,3,8059,0.100,0.000,-0.190,-0.154,-0.015,25.3,-6.6,0
1184,24.00,0.00,740.4,88.3,0.8,3,8080,0.150,0.000,-0.191,-0.152,-0.015,25.3,-6.0,0
1185,24.02,0.00,741.0,88.2,0.8,3,8104,0.200,0.000,-0.194,-0.150,-0.015,25.2,-5.4,0
1186,24.04,0.00,741.5,88.3,0.7,3,8133,0.250,0.000,-0.197,-0.148,-0.016,25.2,-4.9,0
1187,24.06,0.00,742.1,88.3,0.6,3,8167,0.000,0.003,-0.202,-0.145,-0.017,25.1,-4.3,0
1188,24.09,0.00,742.6,88.2,0.6,3,8024,0.000,0.003,-0.206,-0.143,-0.017,25.1,-6.9,0
1189,24.11,0.00,743.2,88.1,0.5,3,8007,0.050,0.000,-0.208,-0.141,-0.018,25.0,-7.0,0
1190,24.13,0.00,743.7,87.9,0.5,3,8023,0.100,0.000,-0.208,-0.139,-0.018,25.0,-6.5,0
1191,24.15,0.00,744.3,87.9,0.5,3,8043,0.150,0.000,-0.207,-0.137,-0.017,25.0,-6.0,0
1192,24.17,0.00,744.8,87.8,0.5,3,8067,0.200,0.000,-0.205,-0.135,-0.017,25.0,-5.4,0
1193,24.20,0.00,745.4,87.8,0.6,3,8097,0.250,0.000,-0.203,-0.133,-0.016,25.0,-4.8,0
1194,24.22,0.00,745.9,87.9,0.6,3,8131,0.300,0.000,-0.203,-0.130,-0.016,25.0,-4.3,0
1195,24.24,0.00,746.5,88.0,0.6,3,8170,0.350,0.000,-0.203,-0.128,-0.016,25.0,-3.7,0
1196,24.26,0.00,747.0,88.2,0.6,3,8215,0.000,0.011,-0.205,-0.126,-0.016,25.0,-3.1,0
1197,24.28,0.00,747.6,88.2,0.5,3,8013,0.000,0.010,-0.208,-0.124,-0.017,24.9,-6.7,0
1198,24.31,0.00,748.1,88.0,0.5,3,7994,0.000,0.003,-0.209,-0.122,-0.017,24.9,-6.8,0
1199,24.33,0.00,748.7,87.8,0.5,3,7981,0.050,0.000,-0.209,-0.120,-0.017,24.9,-7.0,0
1200,24.35,0.00,749.2,87.6,0.5,3,7997,0.100,0.000,-0.207,-0.118,-0.016,24.9,-6.5,0
1201,24.37,0.00,749.8,87.6,0.5,3,8017,0.150,0.000,-0.203,-0.116,-0.016,24.9,-6.0,0
1202,24.39,0.00,750.3,87.5,0.6,3,8042,0.200,0.000,-0.200,-0.114,-0.015,24.9,-5.4,0
1203,24.42,0.00,750.8,87.6,0.6,3,8071,0.250,0.000,-0.198,-0.112,-0.014,24.9,-4.8,0
1204,24.44,0.00,751.4,87.6,0.6,3,8105,0.300,0.000,-0.198,-0.110,-0.014,24.9,-4.3,0
1205,24.46,0.00,751.9,87.8,0.6,3,8143,0.350,0.000,-0.199,-0.108,-0.014,24.9,-3.7,0
1206,24.48,0.00,752.5,87.9,0.6,3,8187,0.000,0.005,-0.201,-0.106,-0.015,24.9,-3.1,0
1207,24.50,0.00,753.0,87.9,0.5,3,7993,0.000,0.006,-0.205,-0.104,-0.015,24.8,-6.8,0
1208,24.53,0.00,753.6,87.7,0.5,3,7974,0.050,0.000,-0.207,-0.102,-0.016,24.8,-6.9,0
1209,24.55,0.00,754.1,87.6,0.4,3,7991,0.100,0.000,-0.208,-0.100,-0.016,24.8,-6.5,0
1210,24.57,0.00,754.6,87.5,0.5,3,8011,0.150,0.000,-0.206,-0.099,-0.015,24.8,-5.9,0
1211,24.59,0.00,755.2,87.5,0.5,3,8035,0.200,0.000,-0.204,-0.097,-0.015,24.8,-5.4,0
1212,24.61,0.00,755.7,87.5,0.5,3,8064,0.250,0.000,-0.202,-0.095,-0.014,24.8,-4.8,0
1213,24.64,0.00,756.3,87.6,0.5,3,8098,0.300,0.000,-0.200,-0.093,-0.014,24.8,-4.3,0
1214,24.66,0.00,756.8,87.7,0.5,3,8137,0.000,0.000,-0.200,-0.091,-0.014,24.8,-3.7,0
1215,24.68,0.00,757.4,87.6,0.5,3,7972,0.050,0.000,-0.201,-0.089,-0.014,24.8,-7.0,0
1216,24.70,0.00,757.9,87.5,0.5,3,7985,0.100,0.000,-0.202,-0.088,-0.014,24.7,-6.5,0
1217,24.72,0.00,758.4,87.4,0.5,3,8005,0.150,0.000,-0.202,-0.086,-0.014,24.7,-5.9,0
1218,24.75,0.00,759.0,87.4,0.5,3,8029,0.200,0.000,-0.202,-0.084,-0.014,24.7,-5.4,0
1219,24.77,0.00,759.5,87.4,0.5,3,8058,0.250,0.000,-0.201,-0.082,-0.014,24.7,-4.9,0
1220,24.79,0.00,760.1,87.5,0.5,3,8092,0.300,0.000,-0.201,-0.081,-0.013,24.7,-4.3,0
1221,24.81,0.00,760.6,87.6,0.5,3,8131,0.000,0.005,-0.201,-0.079,-0.013,24.7,-3.7,0
1222,24.83,0.00,761.1,87.6,0.5,3,7964,0.000,0.003,-0.203,-0.077,-0.014,24.7,-6.9,0
1223,24.86,0.00,761.7,87.4,0.4,3,7948,0.050,0.000,-0.203,-0.075,-0.014,24.7,-6.9,0
1224,24.88,0.00,762.2,87.3,0.4,3,7964,0.100,0.000,-0.202,-0.074,-0.013,24.7,-6.5,0
1225,24.90,0.00,762.8,87.2,0.5,3,7983,0.150,0.000,-0.200,-0.072,-0.013,24.7,-5.9,0
1226,24.92,0.00,763.3,87.2,0.5,3,8008,0.200,0.000,-0.198,-0.070,-0.012,24.7,-5.4,0
1227,24.94,0.00,763.8,87.2,0.5,3,8036,0.250,0.000,-0.196,-0.069,-0.012,24.7,-4.8,0
1228,24.97,0.00,764.4,87.3,0.5,3,8070,0.300,0.000,-0.196,-0.067,-0.012,24.7,-4.3,0
1229,24.99,0.00,764.9,87.4,0.5,3,8109,0.350,0.000,-0.197,-0.066,-0.012,24.6,-3.7,0
1230,25.01,0.00,765.4,87.6,0.5,3,8153,0.000,0.009,-0.199,-0.064,-0.012,24.6,-3.2,0
1231,25.03,0.00,766.0,87.5,0.4,3,7958,0.000,0.009,-0.202,-0.062,-0.013,24.6,-6.7,0
1232,25.05,0.00,766.5,87.3,0.4,3,7940,0.000,0.003,-0.205,-0.061,-0.013,24.5,-6.8,0
1233,25.08,0.00,767.1,87.2,0.4,3,7927,0.050,0.000,-0.204,-0.059,-0.013,24.5,-6.9,0
1234,25.10,0.00,767.6,87.0,0.4,3,7943,0.100,0.000,-0.202,-0.057,-0.012,24.5,-6.5,0
1235,25.12,0.00,768.1,87.0,0.4,3,7962,0.150,0.000,-0.199,-0.056,-0.012,24.6,-5.9,0
1236,25.14,0.00,768.7,86.9,0.5,3,7987,0.200,0.000,-0.197,-0.054,-0.011,24.6,-5.4,0
1237,25.16,0.00,769.2,87.0,0.5,3,8015,0.250,0.000,-0.195,-0.053,-0.010,24.6,-4.8,0
1238,25.19,0.00,769.7,87.1,0.5,3,8049,0.300,0.000,-0.195,-0.051,-0.010,24.6,-4.3,0
1239,25.21,0.00,770.3,87.2,0.5,3,8087,0.350,0.000,-0.196,-0.050,-0.010,24.6,-3.7,0
1240,25.23,0.00,770.8,87.4,0.5,3,8131,0.000,0.004,-0.199,-0.049,-0.011,24.5,-3.2,0
1241,25.25,0.00,771.4,87.3,0.4,3,7941,0.000,0.004,-0.203,-0.047,-0.011,24.5,-6.8,0
1242,25.27,0.00,771.9,87.1,0.4,3,7925,0.050,0.000,-0.206,-0.046,-0.012,24.5,-6.9,0
1243,25.30,0.00,772.4,87.0,0.4,3,7940,0.100,0.000,-0.207,-0.044,-0.012,24.5,-6.4,0
1244,25.32,0.00,773.0,86.9,0.4,3,7960,0.150,0.000,-0.206,-0.043,-0.011,24.5,-5.9,0
1245,25.34,0.00,773.5,86.9,0.4,3,7984,0.200,0.000,-0.204,-0.041,-0.010,24.5,-5.4,0
1246,25.36,0.00,774.0,86.9,0.4,3,8013,0.250,0.000,-0.202,-0.040,-0.009,24.5,-4.8,0
1247,25.38,0.00,774.6,87.0,0.4,3,8046,0.300,0.000,-0.202,-0.039,-0.009,24.5,-4.3,0
1248,25.41,0.00,775.1,87.1,0.5,3,8085,0.350,0.000,-0.202,-0.037,-0.009,24.5,-3.7,0
1249,25.43,0.00,775.6,87.3,0.5,3,8129,0.000,0.001,-0.204,-0.036,-0.008,24.5,-3.2,0
1250,25.45,0.00,776.2,87.3,0.4,3,7940,0.000,0.000,-0.208,-0.035,-0.009,24.5,-6.9,0
1251,25.47,0.00,776.7,87.1,0.4,3,7925,0.050,0.000,-0.210,-0.034,-0.008,24.5,-7.0,0
1252,25.49,0.00,777.2,87.0,0.4,3,7939,0.100,0.000,-0.211,-0.033,-0.008,24.5,-6.4,0
1253,25.52,0.00,777.8,86.9,0.4,3,7958,0.150,0.000,-0.211,-0.031,-0.007,24.6,-5.9,0
1254,25.54,0.00,778.3,86.9,0.4,3,7982,0.200,0.000,-0.211,-0.030,-0.006,24.6,-5.4,0
1255,25.56,0.00,778.8,86.9,0.5,3,8011,0.250,0.000,-0.211,-0.029,-0.005,24.7,-4.8,0
1256,25.58,0.00,779.4,87.0,0.5,3,8045,0.300,0.000,-0.211,-0.028,-0.004,24.7,-4.2,0
1257,25.60,0.00,779.9,87.1,0.5,3,8084,0.350,0.000,-0.214,-0.028,-0.003,24.7,-3.7,0
1258,25.63,0.00,780.4,87.3,0.5,3,8129,0.400,0.000,-0.217,-0.027,-0.002,24.7,-3.1,0
1259,25.65,0.00,781.0,87.5,0.5,3,8179,0.450,0.000,-0.223,-0.026,-0.002,24.8,-2.5,0
1260,25.67,0.00,781.5,87.8,0.5,3,8238,0.000,0.005,-0.229,-0.025,-0.001,24.8,-1.8,0
1261,25.69,0.00,782.0,87.8,0.5,3,7982,0.000,0.003,-0.237,-0.025,-0.001,24.8,-6.8,0
1262,25.71,0.00,782.6,87.6,0.4,3,7965,0.050,0.000,-0.244,-0.024,-0.000,24.8,-6.9,0
1263,25.74,0.00,783.1,87.5,0.4,3,7980,0.100,0.000,-0.249,-0.024,0.001,24.9,-6.4,0
1264,25.76,0.00,783.7,87.4,0.5,3,7999,0.150,0.000,-0.254,-0.023,0.004,25.0,-5.9,0
1265,25.78,0.00,784.2,87.3,0.5,3,8024,0.200,0.000,-0.260,-0.023,0.007,25.2,-5.3,0
1266,25.80,0.00,784.7,87.3,0.6,3,8054,0.250,0.000,-0.268,-0.023,0.010,25.5,-4.7,0
1267,25.82,0.00,785.3,87.4,0.7,3,8090,0.300,0.000,-0.279,-0.024,0.014,25.7,-4.0,0
1268,25.85,0.00,785.8,87.5,0.8,3,8131,0.350,0.000,-0.296,-0.024,0.018,26.1,-3.3,0
1269,25.87,0.00,786.3,87.6,0.8,3,8178,0.400,0.000,-0.319,-0.025,0.022,26.5,-2.6,0
1270,25.89,0.00,786.9,87.8,0.9,3,8232,0.450,0.000,-0.349,-0.026,0.026,26.9,-1.7,0
1271,25.91,0.00,787.4,88.0,1.0,3,8296,0.500,0.000,-0.372,-0.028,0.030,27.5,-0.7,0
1272,25.93,0.00,788.0,88.3,1.1,3,8370,0.550,0.000,-0.343,-0.030,0.035,28.1,0.4,0
1273,25.96,0.00,788.5,88.6,1.3,3,8455,0.600,0.000,-0.313,-0.032,0.040,28.9,1.4,0
1274,25.98,0.00,789.0,89.0,1.5,3,8555,0.650,0.000,-0.282,-0.034,0.045,29.8,2.6,0
1275,26.00,0.00,789.6,89.5,1.7,3,8669,0.700,0.000,-0.163,-0.037,0.049,30.7,3.9,0
1276,26.02,0.00,790.1,90.0,2.0,3,8794,0.550,0.000,-0.041,-0.039,0.052,31.7,5.1,0
1277,26.04,0.00,790.7,90.5,2.3,3,8667,0.600,0.000,-0.022,-0.042,0.052,32.4,1.6,0
1278,26.07,0.00,791.3,91.1,2.2,3,8684,0.650,0.000,-0.050,-0.044,0.046,32.5,0.9,0
1279,26.09,0.00,791.8,91.6,1.8,3,8750,0.700,0.000,-0.093,-0.046,0.038,32.4,1.2,0
1280,26.11,0.00,792.4,92.2,1.3,3,8848,0.750,0.000,-0.138,-0.047,0.030,32.3,2.1,0
1281,26.13,0.00,793.0,92.8,1.0,3,8972,0.800,0.000,-0.178,-0.049,0.023,32.4,3.5,0
1282,26.15,0.00,793.5,93.5,0.8,3,9125,0.650,0.000,-0.215,-0.050,0.018,32.7,5.3,0
1283,26.18,0.00,794.1,94.2,0.7,3,9046,0.700,0.000,-0.244,-0.051,0.015,33.4,2.7,0
1284,26.20,0.00,794.7,94.7,0.7,3,9143,0.750,0.000,-0.246,-0.051,0.013,34.3,3.5,0
1285,26.22,0.00,795.3,95.4,0.9,3,9292,0.600,0.000,-0.241,-0.052,0.013,35.6,5.2,0
1286,26.24,0.00,795.9,95.9,1.0,3,9211,0.650,0.000,-0.230,-0.052,0.013,37.2,2.6,0
1287,26.26,0.00,796.4,96.5,1.2,3,9301,0.700,0.000,-0.217,-0.052,0.014,39.2,3.3,0
1288,26.29,0.00,797.0,97.0,1.4,3,9437,0.750,0.000,-0.189,-0.052,0.014,41.5,4.8,0
1289,26.31,0.00,797.6,97.7,1.7,3,9588,0.600,0.000,-0.128,-0.052,0.015,44.3,6.6,0
1290,26.33,0.00,798.2,98.3,2.0,3,9480,0.650,0.000,-0.115,-0.051,0.014,47.3,3.3,0
1291,26.35,0.00,798.9,98.8,2.1,3,9537,0.700,0.000,-0.112,-0.050,0.012,50.2,3.3,0
1292,26.37,0.00,799.5,99.5,2.1,3,9638,0.750,0.000,-0.121,-0.049,0.008,53.1,4.1,0
1293,26.40,0.00,800.1,100.1,2.0,3,9761,0.600,0.000,-0.133,-0.048,0.004,56.3,5.4,0
1294,26.42,0.00,800.7,100.7,1.9,3,9649,0.650,0.000,-0.147,-0.046,-0.001,60.0,2.2,0
1295,26.44,0.00,801.3,101.3,1.7,3,9719,0.700,0.000,-0.162,-0.044,-0.006,64.3,2.4,0
1296,26.46,0.00,801.9,101.9,1.6,3,9834,0.750,0.000,-0.177,-0.041,-0.010,69.8,3.6,0
1297,26.48,0.00,802.6,102.5,1.6,3,9971,0.600,0.000,-0.180,-0.038,-0.014,77.3,5.1,0
1298,26.51,0.00,803.2,103.1,1.6,3,9874,0.650,0.000,-0.170,-0.035,-0.017,88.0,2.2,0
1299,26.53,0.00,803.8,103.7,1.6,3,9952,0.700,0.000,-0.169,-0.031,-0.020,102.6,2.6,0
1300,26.55,0.00,804.5,104.3,1.7,3,10070,0.750,0.000,-0.171,-0.027,-0.023,123.9,3.8,0
1301,26.57,0.00,805.1,104.9,1.8,3,10207,0.600,0.000,-0.174,-0.023,-0.026,158.3,5.3,0
1302,26.59,0.00,805.8,105.5,1.9,3,10104,0.650,0.000,-0.172,-0.018,-0.028,199.2,2.4,0
1303,26.62,0.00,806.4,106.0,2.0,3,10179,0.700,0.000,-0.143,-0.013,-0.025,200.0,2.7,0
1304,26.64,0.00,807.1,106.6,2.0,3,10292,0.750,0.000,-0.081,-0.009,-0.014,200.0,3.8,0
1305,26.66,0.00,807.7,107.2,2.2,3,10416,0.800,0.000,-0.025,-0.005,-0.004,200.0,4.9,0
1306,26.68,0.00,808.4,107.9,2.3,3,10543,0.650,0.000,0.017,-0.003,0.003,200.0,6.0,0
1307,26.70,0.00,809.0,108.7,2.3,3,10402,0.700,0.000,0.040,-0.001,0.007,200.0,2.0,0
1308,26.73,0.00,809.7,109.3,1.9,3,10448,0.750,0.000,0.043,0.000,0.007,200.0,1.5,0
1309,26.75,0.00,810.4,110.0,1.5,3,10550,0.800,0.000,0.033,0.001,0.006,200.0,2.2,0
1310,26.77,0.00,811.0,110.3,1.0,4,8574,0.850,0.000,0.020,0.002,0.003,200.0,-8.0,0
1311,26.79,0.00,811.7,110.2,0.6,4,8585,0.900,0.000,0.005,0.003,0.001,200.0,-8.2,0
1312,26.81,0.00,812.4,110.1,0.3,4,8185,0.950,0.000,-0.003,0.003,-0.000,200.0,-7.8,0
1313,26.84,0.00,813.1,110.5,0.2,4,8593,1.000,0.000,-0.007,0.003,-0.001,200.0,1.5,0
1314,26.86,0.00,813.7,111.2,0.1,4,8710,1.000,0.000,-0.006,0.003,-0.001,200.0,3.2,0
1315,26.88,0.00,814.4,111.9,0.1,4,8765,1.000,0.000,-0.005,0.004,-0.001,200.0,3.2,0
1316,26.90,0.00,815.1,112.7,0.1,4,8806,1.000,0.000,-0.003,0.004,-0.000,200.0,2.8,0
1317,26.92,0.00,815.8,113.5,0.1,4,8852,1.000,0.000,-0.001,0.004,0.000,200.0,2.5,0
1318,26.95,0.00,816.5,114.2,0.1,4,8910,1.000,0.000,0.001,0.004,0.000,200.0,2.5,0
1319,26.97,0.00,817.2,115.0,0.1,4,8976,1.000,0.000,0.001,0.004,0.000,200.0,2.7,0
1320,26.99,0.00,817.9,115.7,0.1,4,9049,1.000,0.000,0.001,0.004,0.001,200.0,3.0,0
1321,27.01,0.00,818.6,116.5,0.0,4,9121,1.000,0.000,0.001,0.004,0.000,200.0,3.3,0
1322,27.03,0.00,819.3,117.3,0.0,4,9189,1.000,0.000,0.000,0.004,0.000,200.0,3.6,0
1323,27.06,0.00,820.0,118.0,0.0,4,9255,1.000,0.000,0.000,0.004,0.000,200.0,3.7,0
1324,27.08,0.00,820.8,118.8,0.0,4,9319,1.000,0.000,-0.000,0.004,0.000,200.0,3.8,0
1325,27.10,0.00,821.5,119.6,0.0,4,9382,1.000,0.000,-0.000,0.004,0.000,200.0,3.8,0
1326,27.12,0.00,822.2,120.4,0.0,4,9444,1.000,0.000,-0.000,0.004,0.000,200.0,3.8,0
1327,27.14,0.00,823.0,121.2,0.0,4,9503,1.000,0.000,-0.000,0.004,0.000,200.0,3.8,0
1328,27.17,0.00,823.7,122.0,0.0,4,9560,1.000,0.000,-0.001,0.004,0.000,200.0,3.7,0
1329,27.19,0.00,824.5,122.8,0.0,4,9619,1.000,0.000,-0.000,0.004,0.000,200.0,3.6,0
1330,27.21,0.00,825.2,123.6,0.0,4,9678,1.000,0.000,-0.000,0.003,0.000,200.0,3.5,0
1331,27.23,0.00,826.0,124.4,0.0,4,9737,1.000,0.000,-0.000,0.003,0.000,200.0,3.5,0
1332,27.25,0.00,826.7,125.2,0.0,4,9797,1.000,0.000,-0.000,0.003,0.000,200.0,3.4,0
1333,27.28,0.00,827.5,126.0,0.0,4,9856,1.000,0.000,-0.000,0.003,0.000,200.0,3.4,0
1334,27.30,0.00,828.3,126.8,0.0,4,9915,1.000,0.000,-0.001,0.003,0.000,200.0,3.3,0
1335,27.32,0.00,829.0,127.6,0.0,4,9973,1.000,0.000,-0.000,0.003,0.000,199.9,3.3,0
1336,27.34,0.00,829.8,128.4,0.0,4,10030,1.000,0.000,-0.000,0.003,0.000,199.1,3.2,0
1337,27.36,0.00,830.6,129.2,0.0,4,10088,1.000,0.000,-0.000,0.003,0.000,198.4,3.1,0
1338,27.39,0.00,831.4,130.0,0.0,4,10145,1.000,0.000,-0.000,0.003,0.000,197.6,3.0,0
1339,27.41,0.00,832.2,130.7,0.0,4,10202,1.000,0.000,-0.000,0.003,0.000,196.7,2.9,0
1340,27.43,0.00,833.0,131.5,0.0,4,10260,1.000,0.000,-0.000,0.003,0.000,195.9,2.9,0
1341,27.45,0.00,833.8,132.3,0.0,4,10317,1.000,0.000,-0.000,0.003,0.000,195.1,2.8,0
1342,27.47,0.00,834.6,133.1,0.0,4,10374,1.000,0.000,-0.000,0.003,0.000,194.3,2.7,0
1343,27.50,0.00,835.4,133.9,0.0,4,10432,1.000,0.000,-0.001,0.003,0.000,193.4,2.6,0
1344,27.52,0.00,836.3,134.6,-0.0,4,10489,1.000,0.000,-0.000,0.003,0.001,192.6,2.6,0
1345,27.54,0.00,837.1,135.4,0.0,4,10546,1.000,0.000,-0.000,0.003,0.001,191.8,2.5,0
1346,27.56,0.00,837.9,136.2,0.0,4,10603,1.000,0.000,-0.000,0.003,0.001,191.0,2.4,0
1347,27.58,0.00,838.8,137.0,0.0,4,10659,1.000,0.000,-0.000,0.002,0.001,190.1,2.4,0
1348,27.61,0.00,839.6,137.7,0.0,4,10716,1.000,0.000,-0.000,0.002,0.001,189.3,2.3,0
1349,27.63,0.00,840.4,138.5,0.0,4,10772,1.000,0.000,0.000,0.002,0.001,188.4,2.2,0
1350,27.65,0.00,841.3,139.3,0.0,4,10828,1.000,0.000,0.000,0.002,0.001,187.5,2.1,0
1351,27.67,0.00,842.1,140.0,0.0,4,10885,1.000,0.000,0.000,0.002,0.001,186.7,2.1,0
1352,27.69,0.00,843.0,140.3,-0.0,5,9773,1.000,0.000,-0.000,0.002,0.001,185.8,-9.9,0
1353,27.72,0.00,843.9,140.2,-0.0,5,9777,1.000,0.000,-0.000,0.002,0.001,184.9,-10.4,0
1354,27.74,0.00,844.7,140.1,-0.0,5,9344,1.000,0.000,-0.000,0.002,0.000,184.0,-10.2,0
1355,27.76,0.00,845.6,140.4,-0.0,5,9732,1.000,0.000,-0.000,0.002,0.000,183.1,-0.2,0
1356,27.78,0.00,846.4,141.1,-0.0,5,9797,1.000,0.000,-0.000,0.002,0.000,182.3,0.5,0
1357,27.80,0.00,847.3,141.7,-0.0,5,9831,1.000,0.000,-0.000,0.002,0.000,181.4,0.3,0
1358,27.83,0.00,848.2,142.4,-0.0,5,9864,1.000,0.000,-0.000,0.002,0.000,180.5,-0.1,0
1359,27.85,0.00,849.0,143.1,-0.0,5,9901,1.000,0.000,-0.000,0.001,0.000,179.6,-0.3,0
1360,27.87,0.00,849.9,143.7,-0.0,5,9944,1.000,0.000,-0.000,0.001,0.000,178.7,-0.4,0
1361,27.89,0.00,850.8,144.4,-0.0,5,9991,1.000,0.000,-0.000,0.001,0.000,177.8,-0.4,0
1362,27.91,0.00,851.7,145.1,-0.0,5,10040,1.000,0.000,-0.000,0.001,0.000,176.9,-0.3,0
1363,27.94,0.00,852.6,145.7,-0.0,5,10088,1.000,0.000,-0.000,0.001,0.000,176.0,-0.3,0
1364,27.96,0.00,853.5,146.4,-0.0,5,10133,1.000,0.000,-0.000,0.001,0.000,175.1,-0.3,0
1365,27.98,0.00,854.4,147.0,-0.0,5,10177,1.000,0.000,-0.000,0.001,0.000,174.2,-0.3,0
1366,28.00,0.00,855.3,147.7,-0.0,5,10219,1.000,0.000,-0.000,0.001,0.000,173.3,-0.4,0
1367,28.02,0.00,856.2,148.3,-0.0,5,10262,1.000,0.000,-0.000,0.001,0.000,172.3,-0.5,0
1368,28.05,0.00,857.1,149.0,-0.0,5,10303,1.000,0.000,-0.000,0.001,0.000,171.4,-0.6,0
1369,28.07,0.00,858.0,149.6,-0.0,5,10345,1.000,0.000,-0.000,0.001,0.000,170.5,-0.7,0
1370,28.09,0.00,858.9,150.3,-0.0,5,10388,1.000,0.000,-0.000,0.001,0.000,169.6,-0.7,0
1371,28.11,0.00,859.8,150.9,-0.0,5,10431,1.000,0.000,-0.000,0.001,0.000,168.6,-0.8,0
1372,28.13,0.00,860.7,151.6,-0.0,5,10474,1.000,0.000,-0.005,0.001,0.000,167.7,-0.8,0
1373,28.16,0.00,861.7,152.2,-0.0,5,10517,1.000,0.000,-0.004,0.000,0.001,166.8,-0.9,0
1374,28.18,0.00,862.6,152.9,0.0,5,10560,1.000,0.000,-0.002,0.000,0.001,165.9,-0.9,0
1375,28.20,0.00,863.5,153.5,0.0,5,10603,1.000,0.000,-0.000,0.000,0.001,165.1,-1.0,0
1376,28.22,0.00,864.5,154.1,0.1,5,10645,1.000,0.000,0.001,0.000,0.001,164.2,-1.0,0
1377,28.24,0.00,865.4,154.8,0.1,5,10688,1.000,0.000,0.001,-0.000,0.001,163.3,-1.1,0
1378,28.27,0.00,866.4,155.4,0.0,5,10730,1.000,0.000,0.001,-0.000,0.001,162.3,-1.1,0
1379,28.29,0.00,867.3,156.1,0.0,5,10772,1.000,0.000,0.001,-0.000,0.001,161.3,-1.2,0
1380,28.31,0.00,868.3,156.7,0.0,5,10814,1.000,0.000,0.000,-0.001,0.001,160.3,-1.2,0
1381,28.33,0.00,869.2,157.3,0.0,5,10855,1.000,0.000,-0.000,-0.001,0.001,159.3,-1.3,0
1382,28.35,0.00,870.2,158.0,-0.0,5,10897,1.000,0.000,-0.000,-0.001,0.001,158.3,-1.4,0
1383,28.38,0.00,871.2,158.6,-0.0,5,10939,1.000,0.000,-0.000,-0.001,0.001,157.3,-1.4,0
1384,28.40,0.00,872.1,159.2,-0.0,5,10980,1.000,0.000,-0.000,-0.001,0.001,156.3,-1.5,0
1385,28.42,0.00,873.1,159.8,-0.0,5,11022,1.000,0.000,-0.000,-0.002,0.001,155.3,-1.5,0
1386,28.44,0.00,874.1,160.5,-0.0,5,11064,0.990,0.000,-0.000,-0.002,0.001,154.3,-1.6,0
1387,28.46,0.00,875.1,161.1,-0.0,5,11100,0.980,0.000,-0.000,-0.002,0.001,153.3,-1.8,0
1388,28.49,0.00,876.1,161.7,-0.0,5,11134,0.970,0.000,-0.000,-0.002,0.001,152.3,-2.0,0
1389,28.51,0.00,877.1,162.3,-0.0,5,11169,0.960,0.000,-0.000,-0.002,0.001,151.3,-2.2,0
1390,28.53,0.00,878.0,162.9,-0.0,5,11203,0.950,0.000,-0.000,-0.003,0.001,150.3,-2.4,0
1391,28.55,0.00,879.0,163.5,-0.0,5,11236,0.940,0.000,-0.000,-0.003,0.001,149.3,-2.6,0
1392,28.57,0.00,880.0,164.0,-0.0,5,11269,0.930,0.000,0.000,-0.003,0.001,148.2,-2.7,0
1393,28.60,0.00,881.0,164.6,-0.0,5,11301,0.920,0.000,0.000,-0.003,0.001,147.2,-2.9,0
1394,28.62,0.00,882.1,165.1,-0.0,5,11332,0.910,0.000,0.000,-0.003,0.001,146.2,-3.1,0
1395,28.64,0.00,883.1,165.7,-0.0,5,11363,0.900,0.000,0.000,-0.004,0.001,145.2,-3.3,0
1396,28.66,0.00,884.1,166.2,-0.0,5,11392,0.890,0.000,0.000,-0.004,0.001,144.1,-3.5,0
1397,28.68,0.00,885.1,166.7,-0.0,5,11422,0.880,0.000,0.000,-0.004,0.001,143.1,-3.7,0
1398,28.71,0.00,886.1,167.2,-0.0,5,11450,0.870,0.000,0.000,-0.004,0.001,142.1,-3.8,0
1399,28.73,0.00,887.1,167.7,-0.0,5,11478,0.860,0.000,0.000,-0.004,0.001,141.0,-4.0,0
1400,28.75,0.00,888.2,168.2,-0.0,5,11506,0.850,0.000,0.000,-0.005,0.001,140.0,-4.2,0
1401,28.77,0.00,889.2,168.7,-0.0,5,11532,0.840,0.000,0.001,-0.005,0.001,138.9,-4.3,0
1402,28.79,0.00,890.2,169.1,0.0,5,11558,0.830,0.000,0.000,-0.005,0.001,137.9,-4.5,0
1403,28.82,0.00,891.3,169.6,-0.0,5,11584,0.820,0.000,0.000,-0.005,0.001,136.8,-4.7,0
1404,28.84,0.00,892.3,170.0,-0.0,5,11609,0.810,0.000,0.000,-0.005,0.001,135.7,-4.8,0
1405,28.86,0.00,893.3,170.1,-0.0,6,10635,0.800,0.000,0.000,-0.006,0.001,134.7,-12.3,0
1406,28.88,0.00,894.4,169.9,-0.0,6,10634,0.790,0.000,-0.000,-0.006,0.001,133.6,-12.6,0
1407,28.90,0.00,895.4,169.6,-0.0,5,11317,0.780,0.000,-0.000,-0.006,0.001,132.5,-12.6,0
1408,28.93,0.00,896.5,169.4,-0.0,5,11312,0.770,0.000,0.000,-0.006,0.001,131.5,-12.6,0
1409,28.95,0.00,897.5,169.2,-0.0,5,11279,0.760,0.000,0.000,-0.006,0.001,130.4,-12.7,0
1410,28.97,0.00,898.5,169.4,-0.0,5,11543,0.750,0.000,0.000,-0.006,0.001,129.4,-5.6,0
1411,28.99,0.00,899.6,169.7,-0.0,5,11566,0.740,0.000,0.000,-0.007,0.001,128.3,-5.6,0
1412,29.01,0.00,900.6,170.1,-0.0,5,11581,0.730,0.000,0.000,-0.007,0.001,127.3,-5.8,0
1413,29.04,0.00,901.6,170.2,-0.0,6,10610,0.720,0.000,0.000,-0.007,0.001,126.2,-12.3,0
1414,29.06,0.00,902.7,169.9,-0.0,6,10609,0.710,0.000,0.000,-0.007,0.001,125.1,-12.6,0
1415,29.08,0.00,903.7,169.7,-0.0,5,11322,0.700,0.000,0.000,-0.007,0.001,124.1,-12.6,0
1416,29.10,0.00,904.8,169.5,0.0,5,11317,0.690,0.000,0.001,-0.007,0.001,123.0,-12.6,0
1417,29.12,0.00,905.8,169.3,0.0,5,11284,0.680,0.000,0.000,-0.008,0.001,122.0,-12.7,0
1418,29.15,0.00,906.8,169.4,-0.0,5,11512,0.670,0.000,0.000,-0.008,0.001,120.9,-6.6,0
1419,29.17,0.00,907.9,169.7,-0.0,5,11530,0.660,0.000,0.000,-0.008,0.001,119.8,-6.5,0
1420,29.19,0.00,908.9,170.0,-0.0,5,11541,0.650,0.000,0.000,-0.008,0.001,118.8,-6.8,0
1421,29.21,0.00,909.9,170.3,-0.0,5,11553,0.640,0.000,0.000,-0.008,0.001,117.7,-7.0,0
1422,29.23,0.00,911.0,170.3,-0.0,6,10585,0.630,0.000,0.000,-0.008,0.001,116.7,-12.4,0
1423,29.26,0.00,912.0,170.1,0.0,6,10584,0.620,0.000,0.000,-0.009,0.001,115.6,-12.6,0
1424,29.28,0.00,913.1,169.8,0.0,6,10382,0.610,0.000,-0.008,-0.009,0.001,114.5,-12.6,0
1425,29.30,0.00,914.1,169.7,-0.0,5,11388,0.600,0.000,-0.007,-0.009,0.001,113.6,-12.5,0
1426,29.32,0.00,915.1,169.5,0.0,5,11383,0.590,0.000,-0.003,-0.009,0.002,112.7,-12.6,0
1427,29.34,0.00,916.2,169.2,0.1,5,11279,0.580,0.000,-0.000,-0.009,0.002,111.8,-12.7,0
1428,29.37,0.00,917.2,169.3,0.1,5,11463,0.570,0.000,0.001,-0.010,0.003,110.8,-7.7,0
1429,29.39,0.00,918.2,169.5,0.1,5,11476,0.560,0.000,0.002,-0.010,0.003,109.7,-7.6,0
1430,29.41,0.00,919.3,169.7,0.1,5,11483,0.550,0.000,0.002,-0.010,0.003,108.7,-7.8,0
1431,29.43,0.00,920.3,169.9,0.0,5,11490,0.540,0.000,0.001,-0.011,0.003,107.6,-8.0,0
1432,29.45,0.00,921.3,170.1,0.0,5,11497,0.530,0.000,0.000,-0.011,0.002,106.5,-8.1,0
1433,29.48,0.00,922.4,170.0,-0.0,6,10534,0.520,0.000,-0.000,-0.012,0.002,105.4,-12.4,0
1434,29.50,0.00,923.4,169.8,-0.0,6,10534,0.510,0.000,-0.001,-0.012,0.002,104.3,-12.6,0
1435,29.52,0.00,924.5,169.6,-0.0,5,11313,0.500,0.000,-0.000,-0.013,0.002,103.2,-12.6,0
1436,29.54,0.00,925.5,169.4,-0.0,5,11308,0.490,0.000,-0.000,-0.013,0.002,102.2,-12.6,0
1437,29.56,0.00,926.5,169.2,-0.0,5,11275,0.480,0.000,0.000,-0.013,0.002,101.1,-12.7,0
1438,29.59,0.00,927.6,169.2,-0.0,5,11417,0.470,0.000,0.000,-0.014,0.002,100.1,-8.7,0
1439,29.61,0.00,928.6,169.3,0.0,5,11421,0.460,0.000,0.000,-0.014,0.002,99.0,-8.7,0
1440,29.63,0.00,929.6,169.4,0.0,5,11422,0.000,0.019,0.001,-0.014,0.002,98.0,-8.9,0
1441,29.65,0.00,930.7,169.2,-0.0,5,11233,0.000,0.054,0.000,-0.015,0.002,96.9,-13.2,0
1442,29.67,0.00,931.7,168.7,-0.0,5,11188,0.000,0.078,-0.000,-0.015,0.002,95.8,-12.4,0
1443,29.70,0.00,932.7,168.2,-0.0,5,11141,0.000,0.097,-0.001,-0.016,0.002,94.7,-11.9,0
1444,29.72,0.00,933.8,167.6,-0.1,5,11092,0.000,0.113,-0.001,-0.016,0.002,93.7,-11.5,0
1445,29.74,0.00,934.8,166.9,-0.1,5,11042,0.000,0.126,-0.002,-0.016,0.002,92.6,-11.2,0
1446,29.76,0.00,935.8,166.2,-0.1,5,10990,0.000,0.136,-0.002,-0.017,0.002,91.6,-10.9,0
1447,29.78,0.00,936.8,165.5,-0.1,5,10938,0.000,0.144,-0.001,-0.017,0.002,90.6,-10.6,0
1448,29.81,0.00,937.8,164.7,-0.0,5,10885,0.000,0.152,-0.001,-0.017,0.002,89.5,-10.4,0
1449,29.83,0.00,938.8,164.0,-0.0,5,10830,0.000,0.158,-0.001,-0.018,0.002,88.5,-10.1,0
1450,29.85,0.00,939.8,163.2,-0.0,5,10775,0.000,0.164,-0.001,-0.018,0.002,87.5,-9.9,0
1451,29.87,0.00,940.8,162.4,-0.0,5,10719,0.000,0.168,-0.001,-0.018,0.002,86.5,-9.7,0
1452,29.89,0.00,941.8,161.5,-0.0,5,10661,0.000,0.173,-0.001,-0.019,0.002,85.5,-9.5,0
1453,29.92,0.00,942.8,160.7,-0.0,5,10603,0.000,0.176,-0.001,-0.019,0.002,84.4,-9.3,0
1454,29.94,0.00,943.8,159.8,-0.0,5,10546,0.000,0.180,-0.001,-0.019,0.002,83.4,-9.2,0
1455,29.96,0.00,944.7,159.0,-0.0,5,10488,0.000,0.182,-0.001,-0.020,0.002,82.4,-9.1,0
1456,29.98,0.00,945.7,158.1,-0.0,5,10430,0.000,0.185,-0.001,-0.020,0.002,81.5,-8.9,0
1457,30.00,0.00,946.7,157.3,-0.0,5,10372,0.000,0.187,-0.001,-0.020,0.002,80.5,-8.8,0
1458,30.03,0.00,947.6,156.4,-0.0,5,10313,0.000,0.189,-0.001,-0.020,0.002,79.5,-8.7,0
1459,30.05,0.00,948.6,155.5,-0.0,5,10254,0.000,0.191,-0.001,-0.021,0.002,78.5,-8.6,0
1460,30.07,0.00,949.5,154.6,-0.0,5,10194,0.000,0.193,-0.002,-0.021,0.001,77.5,-8.5,0
1461,30.09,0.00,950.5,153.7,-0.0,5,10135,0.000,0.194,-0.002,-0.021,0.001,76.6,-8.4,0
1462,30.11,0.00,951.4,152.9,-0.0,5,10076,0.000,0.195,-0.002,-0.022,0.002,75.6,-8.3,0
1463,30.14,0.00,952.3,152.0,-0.0,5,10017,0.000,0.196,-0.021,-0.022,0.002,74.7,-8.2,0
1464,30.16,0.00,953.3,151.1,-0.1,5,9958,0.000,0.191,-0.017,-0.022,0.002,73.9,-8.1,0
1465,30.18,0.00,954.2,150.2,0.0,5,9903,0.000,0.182,-0.010,-0.023,0.004,73.2,-8.1,0
1466,30.20,0.00,955.1,149.4,0.1,5,9850,0.000,0.174,-0.003,-0.023,0.005,72.5,-8.3,0
1467,30.22,0.00,956.0,148.6,0.2,5,9800,0.000,0.170,0.003,-0.024,0.006,71.7,-8.4,0
1468,30.25,0.00,956.9,147.8,0.3,5,9749,0.000,0.172,0.005,-0.025,0.007,70.9,-8.4,0
1469,30.27,0.00,957.8,147.0,0.2,5,9696,0.000,0.178,0.006,-0.025,0.007,69.9,-8.3,0
1470,30.29,0.00,958.7,146.2,0.2,5,9640,0.000,0.185,0.005,-0.026,0.006,69.0,-8.1,0
1471,30.31,0.00,959.6,145.3,0.1,5,9583,0.000,0.192,0.003,-0.027,0.006,68.0,-7.8,0
1472,30.33,0.00,960.5,144.5,0.1,5,9524,0.000,0.198,0.002,-0.028,0.006,67.1,-7.6,0
1473,30.36,0.00,961.4,143.6,0.0,5,9464,0.000,0.203,0.001,-0.029,0.006,66.1,-7.4,0
1474,30.38,0.00,962.2,142.8,0.0,5,9404,0.000,0.205,0.001,-0.029,0.005,65.2,-7.3,0
1475,30.40,0.00,963.1,141.9,0.0,5,9345,0.000,0.207,0.001,-0.030,0.005,64.3,-7.2,0
1476,30.42,0.00,964.0,141.0,0.0,5,9285,0.000,0.209,0.001,-0.031,0.005,63.5,-7.1,0
1477,30.44,0.00,964.8,140.1,0.0,5,9227,0.000,0.210,0.001,-0.032,0.005,62.6,-7.0,0
1478,30.47,0.00,965.7,139.2,0.0,5,9168,0.000,0.212,0.001,-0.032,0.005,61.7,-6.8,0
1479,30.49,0.00,966.5,138.4,0.0,4,10167,0.000,0.215,0.002,-0.033,0.005,60.8,-6.0,0
1480,30.51,0.00,967.4,137.5,0.0,4,10135,0.000,0.219,0.001,-0.034,0.005,60.0,-5.8,0
1481,30.53,0.00,968.2,136.6,0.0,4,9996,0.000,0.222,0.001,-0.035,0.005,59.1,-6.7,0
1482,30.55,0.00,969.1,135.7,-0.0,4,9922,0.000,0.222,0.000,-0.035,0.005,58.2,-6.6,0
1483,30.58,0.00,969.9,134.7,-0.0,4,9851,0.000,0.222,-0.001,-0.036,0.005,57.4,-6.7,0
1484,30.60,0.00,970.7,133.8,-0.0,4,9782,0.000,0.221,-0.001,-0.037,0.005,56.5,-6.7,0
1485,30.62,0.00,971.5,132.8,-0.0,4,9713,0.000,0.220,-0.002,-0.037,0.005,55.7,-6.7,0
1486,30.64,0.00,972.3,131.9,-0.0,4,9646,0.000,0.220,-0.002,-0.038,0.005,54.8,-6.6,0
1487,30.66,0.00,973.1,131.0,-0.0,4,9580,0.000,0.219,-0.002,-0.039,0.005,54.0,-6.4,0
1488,30.69,0.00,973.9,130.1,-0.0,4,9512,0.000,0.218,-0.002,-0.039,0.005,53.2,-6.4,0
1489,30.71,0.00,974.7,129.1,-0.0,4,9444,0.000,0.218,-0.003,-0.040,0.005,52.4,-6.3,0
1490,30.73,0.00,975.5,128.2,-0.0,4,9377,0.000,0.218,-0.047,-0.041,0.005,51.6,-6.2,0
1491,30.75,0.00,976.3,127.3,-0.1,4,9310,0.000,0.209,-0.040,-0.041,0.006,51.0,-6.0,0
1492,30.77,0.00,977.1,126.4,-0.0,4,9249,0.000,0.192,-0.026,-0.042,0.009,50.5,-6.2,0
1493,30.80,0.00,977.8,125.6,0.2,4,9195,0.000,0.177,-0.012,-0.044,0.012,50.1,-6.7,0
1494,30.82,0.00,978.6,124.8,0.3,4,9145,0.000,0.168,-0.000,-0.045,0.014,49.5,-6.9,0
1495,30.84,0.00,979.4,124.0,0.4,4,9096,0.000,0.168,0.006,-0.047,0.015,48.9,-7.0,0
1496,30.86,0.00,980.1,123.3,0.4,4,9043,0.000,0.174,0.009,-0.048,0.016,48.2,-6.9,0
1497,30.88,0.00,980.9,122.6,0.3,4,8988,0.000,0.184,0.008,-0.050,0.016,47.4,-6.6,0
1498,30.91,0.00,981.6,121.8,0.2,4,8927,0.000,0.194,0.006,-0.051,0.015,46.6,-6.3,0
1499,30.93,0.00,982.3,121.0,0.1,4,8863,0.000,0.203,0.004,-0.053,0.015,45.8,-6.0,0
1500,30.95,0.00,983.1,120.2,0.1,4,8797,0.000,0.211,0.002,-0.055,0.014,45.0,-5.8,0
1501,30.97,0.00,983.8,119.3,0.0,4,8730,0.000,0.216,0.001,-0.056,0.014,44.2,-5.6,0
1502,30.99,0.00,984.5,118.5,0.0,4,8664,0.000,0.220,0.000,-0.058,0.014,43.5,-5.5,0
1503,31.02,0.00,985.3,117.6,0.0,4,8598,0.000,0.222,0.000,-0.060,0.014,42.7,-5.5,0
1504,31.04,0.00,986.0,116.7,0.0,4,8533,0.000,0.224,0.000,-0.061,0.014,42.0,-5.4,0
1505,31.06,0.00,986.7,115.8,0.0,4,8467,0.000,0.225,0.000,-0.063,0.014,41.3,-5.3,0
1506,31.08,0.00,987.4,114.9,0.0,4,8402,0.000,0.227,0.000,-0.065,0.014,40.6,-5.1,0
1507,31.10,0.00,988.1,114.0,0.0,4,8338,0.000,0.228,-0.000,-0.066,0.014,39.9,-4.9,0
1508,31.13,0.00,988.8,113.1,0.0,4,8274,0.000,0.229,-0.001,-0.068,0.014,39.2,-4.7,0
1509,31.15,0.00,989.5,112.3,0.0,4,8208,0.000,0.230,-0.001,-0.070,0.014,38.5,-4.6,0
1510,31.17,0.00,990.2,111.4,0.0,4,8140,0.000,0.232,-0.002,-0.071,0.015,37.8,-4.5,0
1511,31.19,0.00,990.8,110.5,0.0,4,8073,0.000,0.232,-0.004,-0.073,0.015,37.1,-4.4,0
1512,31.21,0.00,991.5,109.6,0.0,4,8007,0.000,0.233,-0.092,-0.075,0.015,36.4,-4.4,0
1513,31.24,0.00,992.2,108.7,-0.2,3,9812,0.000,0.224,-0.082,-0.076,0.017,35.9,-3.1,0
1514,31.26,0.00,992.8,107.9,-0.1,3,9783,0.000,0.203,-0.060,-0.079,0.022,35.6,-3.6,0
1515,31.28,0.00,993.5,107.0,0.1,3,9604,0.000,0.180,-0.036,-0.081,0.027,35.4,-5.6,0
1516,31.30,0.00,994.1,106.2,0.3,3,9542,0.000,0.162,-0.016,-0.084,0.031,35.0,-6.2,0
1517,31.32,0.00,994.8,105.5,0.4,3,9487,0.000,0.155,-0.024,-0.087,0.029,34.6,-6.4,0
1518,31.35,0.00,995.4,104.8,0.4,3,9430,0.000,0.153,-0.053,-0.089,0.023,34.1,-6.4,0
1519,31.37,0.00,996.1,104.1,0.3,3,9373,0.000,0.149,-0.079,-0.091,0.018,33.7,-6.1,0
1520,31.39,0.00,996.7,103.4,0.2,3,9316,0.000,0.138,-0.098,-0.093,0.014,33.4,-6.0,0
1521,31.41,0.00,997.4,102.8,0.2,3,9262,0.000,0.122,-0.110,-0.094,0.011,33.1,-6.1,0
1522,31.43,0.00,998.0,102.2,0.2,3,9213,0.000,0.100,-0.116,-0.094,0.010,33.0,-6.4,0
1523,31.46,0.00,998.6,101.6,0.3,3,9175,0.000,0.077,-0.117,-0.095,0.010,33.0,-6.8,0
1524,31.48,0.00,999.2,101.2,0.4,3,9145,0.000,0.054,-0.115,-0.096,0.010,33.0,-7.2,0
1525,31.50,0.00,999.9,100.8,0.5,3,9122,0.000,0.034,-0.112,-0.096,0.011,33.0,-7.5,0
1526,31.52,0.00,1000.5,100.5,0.6,3,9104,0.000,0.017,-0.109,-0.097,0.011,33.0,-7.8,0
1527,31.54,0.00,1001.1,100.2,0.7,3,9091,0.000,0.005,-0.107,-0.097,0.011,33.0,-8.0,0
1528,31.57,0.00,1001.7,100.0,0.7,3,9078,0.050,0.000,-0.107,-0.098,0.011,32.9,-8.2,0
1529,31.59,0.00,1002.3,99.8,0.7,3,9096,0.100,0.000,-0.109,-0.098,0.011,32.9,-7.7,0
1530,31.61,0.00,1002.9,99.7,0.6,3,9117,0.150,0.000,-0.111,-0.098,0.010,32.8,-7.1,0
1531,31.63,0.00,1003.5,99.7,0.6,3,9144,0.200,0.000,-0.113,-0.099,0.010,32.7,-6.4,0
1532,31.65,0.00,1004.2,99.7,0.5,3,9177,0.000,0.004,-0.115,-0.099,0.009,32.6,-5.8,0
1533,31.68,0.00,1004.8,99.6,0.5,3,9045,0.000,0.003,-0.118,-0.100,0.009,32.6,-8.1,0
1534,31.70,0.00,1005.4,99.4,0.5,3,9026,0.050,0.000,-0.119,-0.100,0.009,32.5,-8.2,0
1535,31.72,0.00,1006.0,99.2,0.5,3,9044,0.100,0.000,-0.119,-0.100,0.009,32.5,-7.6,0
1536,31.74,0.00,1006.6,99.2,0.5,3,9065,0.150,0.000,-0.119,-0.100,0.009,32.4,-7.0,0
1537,31.76,0.00,1007.2,99.1,0.5,3,9092,0.200,0.000,-0.118,-0.101,0.009,32.4,-6.4,0
1538,31.79,0.00,1007.8,99.2,0.5,3,9125,0.250,0.000,-0.119,-0.101,0.008,32.4,-5.8,0
1539,31.81,0.00,1008.5,99.2,0.5,3,9163,0.000,0.003,-0.119,-0.101,0.008,32.3,-5.1,0
1540,31.83,0.00,1009.1,99.1,0.5,3,9003,0.000,0.002,-0.120,-0.102,0.008,32.2,-8.1,0
1541,31.85,0.00,1009.7,98.9,0.5,3,8985,0.050,0.000,-0.121,-0.102,0.008,32.2,-8.2,0
1542,31.87,0.00,1010.3,98.8,0.5,3,9002,0.100,0.000,-0.120,-0.102,0.008,32.2,-7.6,0
1543,31.90,0.00,1010.9,98.7,0.5,3,9023,0.150,0.000,-0.120,-0.102,0.008,32.1,-7.0,0
1544,31.92,0.00,1011.5,98.7,0.5,3,9050,0.200,0.000,-0.120,-0.102,0.008,32.1,-6.4,0
1545,31.94,0.00,1012.1,98.7,0.5,3,9082,0.250,0.000,-0.120,-0.103,0.008,32.0,-5.7,0
1546,31.96,0.00,1012.7,98.8,0.5,3,9120,0.000,0.003,-0.122,-0.103,0.007,32.0,-5.1,0
1547,31.98,0.00,1013.3,98.7,0.5,3,8962,0.000,0.003,-0.123,-0.103,0.007,31.9,-8.1,0
1548,32.01,0.00,1013.9,98.5,0.5,3,8943,0.050,0.000,-0.123,-0.103,0.007,31.9,-8.1,0
1549,32.03,0.00,1014.5,98.3,0.5,3,8961,0.100,0.000,-0.123,-0.103,0.007,31.8,-7.5,0
1550,32.05,0.00,1015.0,98.2,0.5,3,8983,0.150,0.000,-0.122,-0.103,0.007,31.8,-6.9,0
1551,32.07,0.00,1015.6,98.2,0.5,3,9010,0.200,0.000,-0.122,-0.104,0.007,31.8,-6.3,0
1552,32.09,0.00,1016.1,98.2,0.5,3,9041,0.250,0.000,-0.122,-0.104,0.007,31.7,-5.7,0
1553,32.11,0.00,1016.7,98.3,0.5,3,9078,0.000,0.001,-0.123,-0.104,0.007,31.7,-5.1,0
1554,32.13,0.00,1017.2,98.2,0.5,3,8925,0.000,0.001,-0.124,-0.104,0.006,31.6,-8.0,0
1555,32.15,0.00,1017.8,98.1,0.5,3,8908,0.050,0.000,-0.125,-0.104,0.006,31.6,-8.1,0
1556,32.17,0.00,1018.3,97.9,0.5,3,8924,0.100,0.000,-0.125,-0.104,0.006,31.5,-7.5,0
1557,32.19,0.00,1018.9,97.8,0.5,3,8946,0.150,0.000,-0.124,-0.104,0.006,31.5,-6.9,0
1558,32.21,0.00,1019.4,97.8,0.5,3,8973,0.200,0.000,-0.123,-0.104,0.006,31.5,-6.3,0
1559,32.23,0.00,1020.0,97.8,0.5,3,9005,0.250,0.000,-0.124,-0.104,0.006,31.4,-5.7,0
1560,32.25,0.00,1020.5,97.9,0.5,3,9042,0.000,0.003,-0.125,-0.104,0.006,31.4,-5.0,0
1561,32.27,0.00,1021.1,97.8,0.5,3,8887,0.000,0.003,-0.127,-0.104,0.006,31.3,-7.9,0
1562,32.29,0.00,1021.6,97.6,0.5,3,8870,0.050,0.000,-0.127,-0.104,0.005,31.3,-8.0,0
1563,32.31,0.00,1022.2,97.5,0.5,3,8887,0.100,0.000,-0.128,-0.104,0.005,31.2,-7.5,0
1564,32.33,0.00,1022.7,97.4,0.5,3,8909,0.150,0.000,-0.127,-0.104,0.005,31.2,-6.9,0
1565,32.35,0.00,1023.3,97.4,0.5,3,8936,0.200,0.000,-0.127,-0.104,0.005,31.2,-6.2,0
1566,32.37,0.00,1023.8,97.4,0.5,3,8967,0.250,0.000,-0.127,-0.104,0.005,31.1,-5.6,0
1567,32.39,0.00,1024.4,97.5,0.5,3,9004,0.000,0.004,-0.127,-0.104,0.005,31.1,-5.0,0
1568,32.41,0.00,1024.9,97.4,0.5,3,8849,0.000,0.003,-0.129,-0.104,0.005,31.1,-7.9,0
1569,32.43,0.00,1025.5,97.2,0.5,3,8832,0.050,0.000,-0.130,-0.104,0.005,31.0,-8.0,0
1570,32.45,0.00,1026.0,97.1,0.5,3,8850,0.100,0.000,-0.130,-0.104,0.005,31.0,-7.4,0
1571,32.47,0.00,1026.5,97.0,0.5,3,8871,0.150,0.000,-0.130,-0.104,0.005,30.9,-6.8,0
1572,32.49,0.00,1027.1,97.0,0.5,3,8898,0.200,0.000,-0.129,-0.104,0.005,30.9,-6.2,0
1573,32.51,0.00,1027.6,97.0,0.5,3,8930,0.250,0.000,-0.130,-0.104,0.005,30.9,-5.6,0
1574,32.53,0.00,1028.2,97.1,0.5,3,8966,0.000,0.003,-0.130,-0.104,0.005,30.8,-5.0,0
1575,32.55,0.00,1028.7,97.0,0.5,3,8812,0.000,0.002,-0.131,-0.103,0.005,30.8,-7.9,0
1576,32.57,0.00,1029.3,96.8,0.5,3,8796,0.050,0.000,-0.132,-0.103,0.005,30.7,-7.9,0
1577,32.59,0.00,1029.8,96.7,0.5,3,8813,0.100,0.000,-0.133,-0.103,0.005,30.7,-7.4,0
1578,32.61,0.00,1030.3,96.6,0.5,3,8835,0.150,0.000,-0.133,-0.103,0.005,30.7,-6.8,0
1579,32.63,0.00,1030.9,96.6,0.5,3,8861,0.200,0.000,-0.133,-0.103,0.005,30.6,-6.2,0
1580,32.65,0.00,1031.4,96.6,0.5,3,8893,0.250,0.000,-0.134,-0.103,0.005,30.6,-5.6,0
1581,32.67,0.00,1032.0,96.7,0.5,3,8929,0.000,0.002,-0.134,-0.103,0.005,30.6,-5.0,0
1582,32.69,0.00,1032.5,96.6,0.5,3,8777,0.000,0.002,-0.136,-0.103,0.005,30.5,-7.8,0
1583,32.71,0.00,1033.0,96.4,0.5,3,8760,0.050,0.000,-0.136,-0.103,0.005,30.5,-7.9,0
1584,32.73,0.00,1033.6,96.3,0.5,3,8777,0.100,0.000,-0.136,-0.103,0.005,30.4,-7.3,0
1585,32.75,0.00,1034.1,96.2,0.5,3,8799,0.150,0.000,-0.136,-0.103,0.005,30.4,-6.7,0
1586,32.77,0.00,1034.7,96.2,0.5,3,8825,0.200,0.000,-0.137,-0.102,0.005,30.4,-6.1,0
1587,32.79,0.00,1035.2,96.2,0.5,3,8856,0.250,0.000,-0.138,-0.102,0.005,30.4,-5.5,0
1588,32.81,0.00,1035.8,96.3,0.5,3,8893,0.000,0.000,-0.139,-0.102,0.005,30.3,-4.9,0
1589,32.83,0.00,1036.3,96.2,0.5,3,8742,0.050,0.000,-0.141,-0.102,0.005,30.3,-7.8,0
1590,32.85,0.00,1036.8,96.1,0.5,3,8757,0.100,0.000,-0.142,-0.102,0.005,30.2,-7.3,0
1591,32.87,0.00,1037.4,96.0,0.5,3,8778,0.150,0.000,-0.142,-0.102,0.006,30.2,-6.7,0
1592,32.89,0.00,1037.9,96.0,0.5,3,8804,0.200,0.000,-0.143,-0.102,0.006,30.2,-6.1,0
1593,32.91,0.00,1038.4,96.0,0.5,3,8836,0.250,0.000,-0.144,-0.102,0.006,30.2,-5.5,0
1594,32.93,0.00,1039.0,96.0,0.5,3,8872,0.000,0.003,-0.145,-0.102,0.007,30.1,-4.9,0
1595,32.95,0.00,1039.5,96.0,0.5,3,8719,0.000,0.002,-0.147,-0.102,0.007,30.1,-7.7,0
1596,32.97,0.00,1040.1,95.8,0.5,3,8702,0.050,0.000,-0.149,-0.102,0.007,30.1,-7.8,0
1597,32.99,0.00,1040.6,95.7,0.5,3,8719,0.100,0.000,-0.150,-0.103,0.007,30.0,-7.3,0
1598,33.01,0.00,1041.1,95.6,0.6,3,8741,0.150,0.000,-0.150,-0.103,0.008,30.0,-6.7,0
1599,33.03,0.00,1041.7,95.5,0.6,3,8768,0.200,0.000,-0.150,-0.103,0.009,30.0,-6.1,0
1600,33.05,0.00,1042.2,95.6,0.6,3,8799,0.250,0.000,-0.151,-0.103,0.010,30.0,-5.4,0
1601,33.07,0.00,1042.7,95.6,0.6,3,8836,0.300,0.000,-0.153,-0.103,0.010,30.0,-4.8,0
1602,33.09,0.00,1043.3,95.7,0.6,3,8877,0.350,0.000,-0.156,-0.104,0.011,30.0,-4.2,0
1603,33.11,0.00,1043.8,95.9,0.6,3,8924,0.000,0.010,-0.160,-0.104,0.011,30.0,-3.5,0
1604,33.13,0.00,1044.3,95.9,0.6,3,8707,0.000,0.010,-0.165,-0.105,0.011,29.9,-7.5,0
1605,33.15,0.00,1044.9,95.7,0.5,3,8687,0.000,0.001,-0.170,-0.105,0.012,29.9,-7.6,0
1606,33.17,0.00,1045.4,95.5,0.5,3,8674,0.050,0.000,-0.173,-0.106,0.013,29.9,-7.8,0
1607,33.19,0.00,1046.0,95.3,0.6,3,8691,0.100,0.000,-0.176,-0.106,0.014,29.9,-7.2,0
1608,33.21,0.00,1046.5,95.2,0.6,3,8713,0.150,0.000,-0.178,-0.107,0.016,30.0,-6.6,0
1609,33.23,0.00,1047.0,95.2,0.7,3,8740,0.200,0.000,-0.180,-0.108,0.018,30.1,-6.0,0
1610,33.25,0.00,1047.6,95.2,0.7,3,8772,0.250,0.000,-0.184,-0.109,0.021,30.1,-5.3,0
1611,33.27,0.00,1048.1,95.3,0.8,3,8809,0.300,0.000,-0.190,-0.110,0.023,30.3,-4.7,0
1612,33.29,0.00,1048.6,95.4,0.8,3,8851,0.350,0.000,-0.198,-0.111,0.025,30.4,-4.0,0
1613,33.31,0.00,1049.2,95.5,0.8,3,8899,0.400,0.000,-0.208,-0.113,0.027,30.5,-3.3,0
1614,33.33,0.00,1049.7,95.7,0.8,3,8954,0.450,0.000,-0.221,-0.115,0.029,30.7,-2.5,0
1615,33.35,0.00,1050.2,96.0,0.8,3,9018,0.500,0.000,-0.237,-0.116,0.032,30.9,-1.7,0
1616,33.37,0.00,1050.8,96.3,0.9,3,9096,0.550,0.000,-0.250,-0.119,0.034,31.2,-0.6,0
1617,33.39,0.00,1051.3,96.6,0.9,3,9185,0.600,0.000,-0.252,-0.121,0.038,31.5,0.6,0
1618,33.41,0.00,1051.9,97.0,1.1,3,9288,0.650,0.000,-0.248,-0.123,0.041,31.9,1.9,0
1619,33.43,0.00,1052.4,97.5,1.2,3,9407,0.700,0.000,-0.240,-0.126,0.045,32.4,3.4,0
1620,33.45,0.00,1053.0,98.0,1.5,3,9532,0.750,0.000,-0.228,-0.129,0.049,33.0,5.0,0
1621,33.47,0.00,1053.5,98.6,1.7,3,9671,0.600,0.000,-0.204,-0.132,0.053,33.6,6.6,0
1622,33.49,0.00,1054.1,99.1,2.0,3,9573,0.650,0.000,-0.181,-0.135,0.057,34.3,3.8,0
1623,33.51,0.00,1054.6,99.6,2.2,3,9632,0.700,0.000,-0.011,-0.139,0.059,35.0,3.9,0
1624,33.53,0.00,1055.2,100.1,2.5,3,9729,0.750,0.000,0.063,-0.142,0.060,35.5,4.5,0
1625,33.55,0.00,1055.8,100.8,2.7,3,9816,0.600,0.000,0.043,-0.145,0.055,35.4,5.1,0
1626,33.57,0.00,1056.3,101.4,2.4,3,9671,0.650,0.000,-0.008,-0.147,0.046,34.9,1.1,0
1627,33.59,0.00,1056.9,102.0,1.8,3,9715,0.000,0.003,-0.068,-0.149,0.037,34.2,0.9,0
1628,33.61,0.00,1057.5,102.1,1.2,3,9270,0.000,0.044,-0.121,-0.151,0.028,33.7,-8.1,0
1629,33.63,0.00,1058.1,101.8,0.7,3,9222,0.000,0.051,-0.156,-0.153,0.020,33.4,-7.3,0
1630,33.65,0.00,1058.6,101.5,0.4,3,9186,0.000,0.033,-0.171,-0.154,0.016,33.4,-7.2,0
1631,33.67,0.00,1059.2,101.1,0.3,3,9165,0.050,0.000,-0.176,-0.155,0.014,33.8,-7.7,0
1632,33.69,0.00,1059.8,100.9,0.4,3,9196,0.100,0.000,-0.181,-0.156,0.013,34.4,-7.8,0
1633,33.71,0.00,1060.3,100.8,0.5,3,9219,0.150,0.000,-0.184,-0.156,0.014,35.2,-7.1,0
1634,33.73,0.00,1060.9,100.8,0.7,3,9248,0.200,0.000,-0.181,-0.157,0.016,36.2,-6.4,0
1635,33.75,0.00,1061.5,100.8,0.8,3,9282,0.250,0.000,-0.176,-0.158,0.017,37.3,-5.7,0
1636,33.77,0.00,1062.1,100.8,1.0,3,9322,0.300,0.000,-0.172,-0.159,0.018,38.6,-5.0,0
1637,33.79,0.00,1062.6,100.9,1.1,3,9367,0.350,0.000,-0.170,-0.159,0.019,39.9,-4.2,0
1638,33.81,0.00,1063.2,101.1,1.1,3,9419,0.400,0.000,-0.170,-0.160,0.019,41.4,-3.5,0
1639,33.83,0.00,1063.8,101.3,1.2,3,9475,0.450,0.000,-0.167,-0.161,0.018,42.9,-2.7,0
1640,33.85,0.00,1064.3,101.6,1.2,3,9539,0.500,0.000,-0.165,-0.161,0.017,44.5,-1.9,0
1641,33.87,0.00,1064.9,101.9,1.2,3,9612,0.550,0.000,-0.165,-0.162,0.016,46.3,-1.0,0
1642,33.89,0.00,1065.5,102.3,1.2,3,9694,0.600,0.000,-0.093,-0.162,0.014,48.2,-0.1,0
1643,33.91,0.00,1066.1,102.7,1.3,3,9779,0.650,0.000,-0.089,-0.162,0.012,50.1,0.7,0
1644,33.93,0.00,1066.7,103.2,1.3,3,9868,0.700,0.000,-0.102,-0.162,0.008,51.8,1.5,0
1645,33.95,0.00,1067.2,103.8,1.2,3,9968,0.750,0.000,-0.121,-0.161,0.003,53.5,2.5,0
1646,33.97,0.00,1067.8,104.4,1.2,3,10081,0.800,0.000,-0.139,-0.160,-0.002,55.4,3.7,0
1647,33.99,0.00,1068.4,105.0,1.2,3,10210,0.650,0.000,-0.155,-0.158,-0.007,58.0,5.1,0
1648,34.01,0.00,1069.0,105.6,1.2,3,10117,0.700,0.000,-0.168,-0.157,-0.010,61.2,2.3,0
1649,34.03,0.00,1069.6,106.2,1.2,3,10197,0.750,0.000,-0.179,-0.154,-0.013,65.3,2.7,0
1650,34.05,0.00,1070.2,106.8,1.2,3,10322,0.800,0.000,-0.186,-0.152,-0.016,70.5,4.1,0
1651,34.07,0.00,1070.8,107.4,1.4,3,10472,0.650,0.000,-0.189,-0.149,-0.018,77.6,5.9,0
1652,34.09,0.00,1071.4,107.9,1.6,3,10390,0.700,0.000,-0.188,-0.145,-0.020,87.4,3.4,0
1653,34.11,0.00,1072.1,108.5,1.8,3,10466,0.750,0.000,-0.159,-0.142,-0.021,100.7,3.8,0
1654,34.13,0.00,1072.7,109.0,2.0,3,10580,0.800,0.000,-0.157,-0.138,-0.023,118.8,4.9,0
1655,34.15,0.00,1073.3,109.6,2.2,3,10720,0.650,0.000,-0.159,-0.133,-0.025,137.5,6.5,0
1656,34.17,0.00,1073.9,110.2,2.4,3,10625,0.700,0.000,-0.162,-0.128,-0.027,149.8,3.7,0
1657,34.19,0.00,1074.5,110.5,2.3,4,8631,0.750,0.000,-0.169,-0.123,-0.030,159.5,-7.0,0
1658,34.21,0.00,1075.2,110.3,2.2,4,8640,0.800,0.000,-0.129,-0.118,-0.025,167.6,-7.8,0
1659,34.23,0.00,1075.8,110.2,2.1,4,8193,0.850,0.000,-0.079,-0.114,-0.016,174.8,-7.7,0
1660,34.25,0.00,1076.4,110.4,2.1,4,8573,0.900,0.000,-0.034,-0.111,-0.007,180.8,1.1,0
1661,34.27,0.00,1077.0,111.0,2.2,4,8675,0.950,0.000,0.007,-0.108,-0.001,185.1,2.8,0
1662,34.29,0.00,1077.6,111.6,2.2,4,8744,1.000,0.000,0.028,-0.107,0.003,187.4,3.3,0
1663,34.31,0.00,1078.2,112.2,2.0,4,8807,1.000,0.000,0.036,-0.105,0.005,187.8,3.7,0
1664,34.33,0.00,1078.8,112.9,1.7,4,8839,1.000,0.000,0.034,-0.104,0.004,186.9,3.2,0
1665,34.35,0.00,1079.5,113.6,1.3,4,8875,1.000,0.000,0.026,-0.103,0.003,185.1,2.8,0
1666,34.37,0.00,1080.1,114.3,0.9,4,8922,1.000,0.000,0.016,-0.102,0.001,183.1,2.6,0
1667,34.39,0.00,1080.8,115.0,0.6,4,8979,1.000,0.000,0.000,-0.101,-0.000,181.2,2.7,0
1668,34.41,0.00,1081.4,115.7,0.4,4,9043,1.000,0.000,-0.006,-0.101,-0.001,179.8,3.0,0
1669,34.43,0.00,1082.0,116.4,0.2,4,9107,1.000,0.000,-0.008,-0.100,-0.002,178.8,3.2,0
1670,34.45,0.00,1082.7,117.1,0.1,4,9169,1.000,0.000,-0.007,-0.100,-0.002,178.2,3.4,0
1671,34.47,0.00,1083.3,117.8,0.1,4,9229,1.000,0.000,-0.006,-0.100,-0.001,177.8,3.6,0
1672,34.49,0.00,1084.0,118.5,0.1,4,9280,1.000,0.000,-0.004,-0.100,-0.001,177.4,3.5,0
1673,34.51,0.00,1084.7,119.2,0.1,4,9335,1.000,0.000,-0.002,-0.099,-0.001,177.0,3.5,0
1674,34.53,0.00,1085.3,119.9,0.1,4,9393,1.000,0.000,0.000,-0.099,-0.000,176.5,3.5,0
1675,34.55,0.00,1086.0,120.6,0.1,4,9452,1.000,0.000,0.001,-0.099,-0.000,176.0,3.6,0
1676,34.57,0.00,1086.7,121.4,0.1,4,9508,1.000,0.000,0.002,-0.099,-0.000,175.4,3.6,0
1677,34.59,0.00,1087.3,122.1,0.1,4,9563,1.000,0.000,0.002,-0.099,-0.000,174.7,3.6,0
1678,34.61,0.00,1088.0,122.8,0.1,4,9617,1.000,0.000,0.001,-0.099,-0.000,173.9,3.6,0
1679,34.63,0.00,1088.7,123.5,0.0,4,9671,1.000,0.000,0.001,-0.099,-0.000,173.1,3.5,0
1680,34.65,0.00,1089.4,124.3,0.0,4,9724,1.000,0.000,0.000,-0.099,-0.000,172.3,3.5,0
1681,34.67,0.00,1090.1,125.0,0.0,4,9777,1.000,0.000,-0.000,-0.099,-0.000,171.6,3.4,0
1682,34.69,0.00,1090.8,125.7,0.0,4,9828,1.000,0.000,-0.000,-0.099,-0.000,170.8,3.3,0
1683,34.71,0.00,1091.5,126.4,0.0,4,9876,1.000,0.000,-0.000,-0.099,-0.000,170.1,3.1,0
1684,34.73,0.00,1092.2,127.1,0.0,4,9928,1.000,0.000,-0.000,-0.099,-0.000,169.3,3.0,0
1685,34.75,0.00,1092.9,127.8,0.0,4,9982,1.000,0.000,-0.000,-0.099,-0.000,168.6,3.0,0
1686,34.77,0.00,1093.6,128.6,0.0,4,10036,1.000,0.000,-0.000,-0.098,-0.000,167.9,3.0,0
1687,34.79,0.00,1094.3,129.3,0.0,4,10091,1.000,0.000,-0.000,-0.098,-0.000,167.1,3.0,0
1688,34.81,0.00,1095.0,130.0,0.0,4,10145,1.000,0.000,-0.000,-0.098,-0.000,166.4,3.0,0
1689,34.83,0.00,1095.8,130.7,0.0,4,10198,1.000,0.000,-0.000,-0.098,-0.000,165.6,2.9,0
1690,34.85,0.00,1096.5,131.4,-0.0,4,10250,1.000,0.000,-0.000,-0.098,-0.000,164.9,2.9,0
1691,34.87,0.00,1097.2,132.1,0.0,4,10301,1.000,0.000,-0.000,-0.098,-0.000,164.1,2.8,0
1692,34.89,0.00,1098.0,132.8,-0.0,4,10351,1.000,0.000,-0.000,-0.098,-0.000,163.4,2.7,0
1693,34.91,0.00,1098.7,133.5,0.0,4,10398,1.000,0.000,0.000,-0.098,-0.000,162.6,2.5,0
1694,34.93,0.00,1099.5,134.2,-0.0,4,10449,1.000,0.000,0.000,-0.098,-0.000,161.8,2.4,0
1695,34.95,0.00,1100.2,134.9,0.0,4,10502,1.000,0.000,0.000,-0.098,-0.000,161.0,2.4,0
1696,34.97,0.00,1101.0,135.6,-0.0,4,10555,1.000,0.000,0.000,-0.098,-0.000,160.3,2.3,0
1697,34.99,0.00,1101.7,136.3,0.0,4,10609,1.000,0.000,0.000,-0.098,-0.000,159.5,2.3,0
1698,35.01,0.00,1102.5,137.0,-0.0,4,10661,1.000,0.000,0.000,-0.098,-0.000,158.7,2.3,0
1699,35.03,0.00,1103.2,137.7,0.0,4,10713,1.000,0.000,0.000,-0.098,-0.000,157.9,2.3,0
1700,35.05,0.00,1104.0,138.4,-0.0,4,10764,1.000,0.000,0.000,-0.098,-0.000,157.1,2.2,0
1701,35.07,0.00,1104.8,139.1,0.0,4,10815,1.000,0.000,0.000,-0.098,-0.000,156.3,2.1,0
1702,35.09,0.00,1105.5,139.8,-0.0,4,10863,1.000,0.000,0.000,-0.098,-0.000,155.5,2.0,0
1703,35.11,0.00,1106.3,140.5,0.0,4,10912,1.000,0.000,0.000,-0.098,-0.000,154.7,1.9,0
1704,35.13,0.00,1107.1,140.8,0.0,5,9797,1.000,0.000,0.001,-0.098,-0.000,153.9,-9.8,0
1705,35.15,0.00,1107.9,140.7,0.0,5,9801,1.000,0.000,0.001,-0.097,-0.000,153.1,-10.4,0
1706,35.17,0.00,1108.7,140.5,0.0,5,9375,1.000,0.000,0.001,-0.097,-0.000,152.3,-10.3,0
1707,35.19,0.00,1109.4,140.8,0.0,5,9752,1.000,0.000,0.000,-0.097,-0.000,151.4,-0.5,0
1708,35.21,0.00,1110.2,141.4,-0.0,5,9819,1.000,0.000,-0.000,-0.097,-0.001,150.6,0.5,0
1709,35.23,0.00,1111.0,142.0,-0.0,5,9853,1.000,0.000,-0.000,-0.097,-0.001,149.7,0.3,0
1710,35.25,0.00,1111.8,142.6,-0.0,5,9882,1.000,0.000,-0.000,-0.097,-0.001,148.9,-0.0,0
1711,35.27,0.00,1112.6,143.2,-0.0,5,9912,1.000,0.000,-0.000,-0.097,-0.001,148.1,-0.3,0
1712,35.29,0.00,1113.4,143.8,-0.0,5,9948,1.000,0.000,-0.000,-0.097,-0.001,147.3,-0.5,0
1713,35.31,0.00,1114.2,144.4,-0.0,5,9988,1.000,0.000,-0.000,-0.097,-0.001,146.4,-0.5,0
1714,35.33,0.00,1115.0,145.0,-0.0,5,10030,1.000,0.000,-0.000,-0.097,-0.001,145.6,-0.5,0
1715,35.35,0.00,1115.8,145.6,-0.0,5,10075,1.000,0.000,-0.000,-0.097,-0.001,144.8,-0.4,0
1716,35.37,0.00,1116.6,146.2,-0.0,5,10119,1.000,0.000,-0.000,-0.097,-0.001,143.9,-0.3,0
1717,35.39,0.00,1117.4,146.8,-0.0,5,10160,1.000,0.000,-0.000,-0.097,-0.001,143.1,-0.3,0
1718,35.41,0.00,1118.2,147.4,-0.0,5,10199,1.000,0.000,-0.000,-0.097,-0.001,142.2,-0.4,0
1719,35.43,0.00,1119.1,148.0,-0.0,5,10238,1.000,0.000,-0.000,-0.096,-0.001,141.4,-0.4,0
1720,35.45,0.00,1119.9,148.6,-0.0,5,10276,1.000,0.000,-0.000,-0.096,-0.001,140.5,-0.5,0
1721,35.47,0.00,1120.7,149.1,-0.0,5,10313,1.000,0.000,-0.000,-0.096,-0.001,139.7,-0.6,0
1722,35.49,0.00,1121.5,149.7,-0.0,5,10351,1.000,0.000,-0.000,-0.096,-0.001,138.8,-0.7,0
1723,35.51,0.00,1122.4,150.3,-0.0,5,10389,1.000,0.000,-0.000,-0.096,-0.001,137.9,-0.8,0
1724,35.53,0.00,1123.2,150.9,-0.0,5,10428,1.000,0.000,-0.000,-0.096,-0.001,137.1,-0.8,0
1725,35.55,0.00,1124.1,151.5,-0.0,5,10467,1.000,0.000,-0.000,-0.096,-0.001,136.2,-0.9,0
1726,35.57,0.00,1124.9,152.1,-0.0,5,10506,1.000,0.000,-0.000,-0.096,-0.001,135.3,-0.9,0
1727,35.59,0.00,1125.8,152.6,-0.0,5,10545,1.000,0.000,-0.000,-0.096,-0.001,134.5,-0.9,0
1728,35.61,0.00,1126.6,153.2,-0.0,5,10583,1.000,0.000,-0.001,-0.096,-0.001,133.6,-1.0,0
1729,35.63,0.00,1127.5,153.8,-0.0,5,10622,1.000,0.000,-0.015,-0.096,-0.001,132.7,-1.0,0
1730,35.65,0.00,1128.3,154.4,-0.0,5,10661,1.000,0.000,-0.013,-0.096,-0.000,132.1,-1.0,0
1731,35.67,0.00,1129.2,155.0,0.0,5,10699,1.000,0.000,-0.008,-0.096,0.001,131.6,-1.1,0
1732,35.69,0.00,1130.0,155.5,0.1,5,10737,1.000,0.000,0.010,-0.096,0.002,131.2,-1.2,0
1733,35.71,0.00,1130.9,156.1,0.2,5,10774,1.000,0.000,-0.002,-0.096,0.002,130.5,-1.2,0
1734,35.73,0.00,1131.8,156.7,0.1,5,10812,1.000,0.000,-0.003,-0.096,0.002,129.6,-1.3,0
1735,35.75,0.00,1132.6,157.3,0.1,5,10850,1.000,0.000,-0.002,-0.096,0.002,128.7,-1.3,0
1736,35.77,0.00,1133.5,157.8,0.1,5,10888,1.000,0.000,-0.001,-0.096,0.002,127.9,-1.4,0
1737,35.79,0.00,1134.4,158.4,0.1,5,10926,1.000,0.000,-0.001,-0.097,0.002,127.0,-1.4,0
1738,35.81,0.00,1135.3,159.0,0.1,5,10964,1.000,0.000,0.000,-0.097,0.002,126.1,-1.4,0
1739,35.83,0.00,1136.2,159.5,0.1,5,11002,1.000,0.000,0.001,-0.097,0.002,125.3,-1.5,0
1740,35.85,0.00,1137.0,160.1,0.1,5,11039,0.990,0.000,0.001,-0.098,0.002,124.3,-1.6,0
1741,35.87,0.00,1137.9,160.7,0.0,5,11070,0.980,0.000,0.001,-0.098,0.002,123.4,-1.7,0
1742,35.89,0.00,1138.8,161.2,0.0,5,11101,0.970,0.000,0.000,-0.098,0.002,122.4,-2.0,0
1743,35.91,0.00,1139.7,161.8,0.0,5,11132,0.960,0.000,0.000,-0.098,0.002,121.5,-2.1,0
1744,35.93,0.00,1140.6,162.3,0.0,5,11162,0.950,0.000,-0.000,-0.099,0.002,120.5,-2.3,0
1745,35.95,0.00,1141.5,162.8,-0.0,5,11193,0.940,0.000,-0.000,-0.099,0.002,119.6,-2.5,0
1746,35.97,0.00,1142.4,163.3,-0.0,5,11223,0.930,0.000,0.000,-0.099,0.002,118.6,-2.6,0
1747,35.99,0.00,1143.3,163.8,-0.0,5,11251,0.920,0.000,0.000,-0.100,0.002,117.7,-2.8,0
1748,36.01,0.00,1144.3,164.3,-0.0,5,11279,0.910,0.000,0.000,-0.100,0.002,116.7,-3.0,0
1749,36.03,0.00,1145.2,164.8,-0.0,5,11305,0.900,0.000,0.000,-0.100,0.002,115.8,-3.2,0
1750,36.05,0.00,1146.1,165.3,-0.0,5,11332,0.890,0.000,0.000,-0.101,0.002,114.8,-3.4,0
1751,36.07,0.00,1147.0,165.7,-0.0,5,11358,0.880,0.000,0.001,-0.101,0.002,113.9,-3.6,0
1752,36.09,0.00,1147.9,166.2,0.0,5,11384,0.870,0.000,0.001,-0.101,0.002,112.9,-3.7,0
1753,36.11,0.00,1148.9,166.6,-0.0,5,11415,0.860,0.000,0.000,-0.102,0.002,111.9,-3.8,0
1754,36.13,0.00,1149.8,167.1,-0.0,5,11438,0.850,0.000,0.000,-0.102,0.002,110.9,-3.9,0
1755,36.15,0.00,1150.7,167.5,-0.0,5,11460,0.840,0.000,0.000,-0.102,0.002,110.0,-4.1,0
1756,36.17,0.00,1151.7,167.9,-0.0,5,11482,0.830,0.000,0.000,-0.103,0.002,109.0,-4.4,0
1757,36.19,0.00,1152.6,168.3,-0.0,5,11503,0.820,0.000,0.000,-0.103,0.002,108.0,-4.6,0
1758,36.21,0.00,1153.5,168.7,-0.0,5,11524,0.810,0.000,0.000,-0.103,0.002,107.0,-4.7,0
1759,36.23,0.00,1154.5,169.1,-0.0,5,11546,0.800,0.000,0.000,-0.104,0.002,106.1,-4.9,0
1760,36.25,0.00,1155.4,169.5,-0.0,5,11566,0.790,0.000,0.001,-0.104,0.002,105.1,-5.1,0
1761,36.27,0.00,1156.3,169.9,-0.0,5,11594,0.780,0.000,0.000,-0.104,0.002,104.1,-5.0,0
1762,36.29,0.00,1157.3,170.2,-0.0,5,11612,0.770,0.000,0.000,-0.104,0.002,103.1,-5.2,0
1763,36.31,0.00,1158.2,170.3,-0.0,6,10638,0.760,0.000,0.000,-0.105,0.002,102.1,-12.2,0
1764,36.33,0.00,1159.2,170.1,-0.0,6,10637,0.750,0.000,0.000,-0.105,0.002,101.1,-12.6,0
1765,36.35,0.00,1160.1,169.9,-0.0,6,10386,0.740,0.000,0.000,-0.105,0.002,100.1,-12.6,0
1766,36.37,0.00,1161.1,169.8,-0.0,5,11411,0.730,0.000,0.000,-0.106,0.002,99.2,-12.5,0
1767,36.39,0.00,1162.0,169.6,-0.0,5,11406,0.000,0.020,0.000,-0.106,0.002,98.2,-12.6,0
1768,36.41,0.00,1163.0,169.3,0.0,5,11245,0.000,0.048,0.000,-0.106,0.002,97.2,-13.1,0
1769,36.43,0.00,1163.9,168.9,0.0,5,11202,0.000,0.069,0.001,-0.106,0.002,96.3,-12.7,0
1770,36.45,0.00,1164.8,168.5,0.0,5,11163,0.000,0.086,0.001,-0.107,0.002,95.3,-12.2,0
1771,36.47,0.00,1165.8,167.9,0.0,5,11121,0.000,0.101,0.001,-0.107,0.002,94.4,-11.8,0
1772,36.49,0.00,1166.7,167.4,0.0,5,11078,0.000,0.113,0.001,-0.107,0.002,93.4,-11.4,0
1773,36.51,0.00,1167.6,166.8,0.0,5,11033,0.000,0.124,0.001,-0.108,0.002,92.5,-11.1,0
1774,36.53,0.00,1168.5,166.1,0.0,5,10986,0.000,0.134,0.001,-0.108,0.002,91.5,-10.8,0
1775,36.55,0.00,1169.5,165.5,0.0,5,10938,0.000,0.142,0.000,-0.108,0.002,90.6,-10.6,0
1776,36.57,0.00,1170.4,164.8,0.0,5,10889,0.000,0.149,-0.033,-0.108,0.002,89.7,-10.4,0
1777,36.59,0.00,1171.3,164.1,-0.0,5,10840,0.000,0.137,-0.028,-0.109,0.003,89.1,-10.1,0
1778,36.61,0.00,1172.2,163.4,0.1,5,10798,0.000,0.107,-0.017,-0.109,0.005,89.0,-10.3,0
1779,36.63,0.00,1173.1,162.8,0.3,5,10769,0.000,0.079,-0.006,-0.110,0.008,88.9,-10.9,0
1780,36.65,0.00,1174.0,162.2,0.5,5,10746,0.000,0.065,0.003,-0.111,0.010,88.7,-11.5,0
1781,36.67,0.00,1174.9,161.8,0.5,5,10720,0.000,0.067,0.008,-0.112,0.010,88.1,-11.7,0
1782,36.69,0.00,1175.8,161.3,0.5,5,10689,0.000,0.083,0.009,-0.113,0.011,87.2,-11.6,0
1783,36.71,0.00,1176.7,160.8,0.4,5,10650,0.000,0.106,0.008,-0.114,0.010,86.1,-11.2,0
1784,36.73,0.00,1177.6,160.3,0.2,5,10605,0.000,0.130,0.005,-0.116,0.010,85.0,-10.7,0
1785,36.75,0.00,1178.5,159.6,0.1,5,10554,0.000,0.150,0.002,-0.117,0.009,83.9,-10.1,0
1786,36.77,0.00,1179.4,159.0,0.1,5,10501,0.000,0.165,0.001,-0.118,0.009,82.8,-9.6,0
1787,36.79,0.00,1180.2,158.3,0.0,5,10446,0.000,0.174,-0.000,-0.119,0.009,81.8,-9.3,0
1788,36.81,0.00,1181.1,157.5,0.0,5,10392,0.000,0.179,-0.000,-0.121,0.009,80.9,-9.1,0
1789,36.83,0.00,1182.0,156.7,0.0,5,10338,0.000,0.182,0.000,-0.122,0.009,80.0,-9.0,0
1790,36.85,0.00,1182.9,155.9,0.0,5,10285,0.000,0.184,0.001,-0.123,0.009,79.1,-8.9,0
1791,36.87,0.00,1183.7,155.2,0.0,5,10232,0.000,0.185,0.001,-0.124,0.009,78.3,-8.8,0
1792,36.89,0.00,1184.6,154.4,0.0,5,10182,0.000,0.187,0.001,-0.126,0.009,77.4,-8.6,0
1793,36.91,0.00,1185.5,153.6,0.0,5,10128,0.000,0.190,0.002,-0.127,0.009,76.5,-8.5,0
1794,36.93,0.00,1186.3,152.8,0.0,5,10074,0.000,0.192,0.002,-0.128,0.009,75.6,-8.4,0
1795,36.95,0.00,1187.2,152.0,0.0,5,10020,0.000,0.195,0.002,-0.129,0.009,74.7,-8.2,0
1796,36.97,0.00,1188.0,151.2,0.0,5,9965,0.000,0.198,0.001,-0.130,0.009,73.8,-8.1,0
1797,36.99,0.00,1188.8,150.4,0.0,5,9910,0.000,0.201,0.001,-0.132,0.009,73.0,-8.1,0
1798,37.01,0.00,1189.7,149.6,0.0,5,9855,0.000,0.202,0.001,-0.133,0.009,72.1,-7.9,0
1799,37.03,0.00,1190.5,148.7,0.0,5,9800,0.000,0.203,0.001,-0.134,0.009,71.2,-7.8,0
1800,37.05,0.00,1191.3,147.9,0.0,5,9747,0.000,0.205,0.001,-0.135,0.009,70.4,-7.7,0
1801,37.07,0.00,1192.1,147.1,0.0,5,9693,0.000,0.205,0.001,-0.136,0.009,69.5,-7.5,0
1802,37.09,0.00,1193.0,146.3,0.0,5,9638,0.000,0.207,0.001,-0.138,0.009,68.7,-7.5,0
1803,37.11,0.00,1193.8,145.5,0.0,5,9581,0.000,0.208,0.000,-0.139,0.009,67.8,-7.4,0
1804,37.13,0.00,1194.6,144.6,0.0,5,9526,0.000,0.208,0.000,-0.140,0.009,67.0,-7.3,0
1805,37.15,0.00,1195.4,143.8,0.0,5,9471,0.000,0.208,0.000,-0.141,0.009,66.2,-7.2,0
1806,37.17,0.00,1196.2,143.0,0.0,5,9416,0.000,0.208,0.000,-0.142,0.009,65.4,-7.3,0
1807,37.19,0.00,1197.0,142.2,0.0,5,9362,0.000,0.208,-0.001,-0.143,0.009,64.6,-7.3,0
1808,37.21,0.00,1197.7,141.4,0.0,5,9309,0.000,0.208,-0.016,-0.144,0.006,63.8,-7.2,0
1809,37.23,0.00,1198.5,140.5,0.0,5,9257,0.000,0.202,-0.028,-0.145,0.003,63.2,-7.0,0
1810,37.25,0.00,1199.3,139.7,0.0,5,9208,0.000,0.184,-0.037,-0.145,0.002,62.7,-6.9,0
1811,37.27,0.00,1200.1,139.0,0.1,4,10218,0.000,0.158,-0.041,-0.145,0.001,62.5,-6.5,0
1812,37.29,0.00,1200.9,138.4,0.2,4,10189,0.000,0.128,-0.041,-0.145,0.001,62.5,-7.0,0
1813,37.31,0.00,1201.6,137.8,0.3,4,10130,0.000,0.095,-0.040,-0.145,0.001,62.6,-8.5,0
1814,37.33,0.00,1202.4,137.3,0.5,4,10099,0.000,0.061,-0.037,-0.145,0.002,62.7,-9.3,0
1815,37.35,0.00,1203.2,136.8,0.6,4,10082,0.000,0.031,-0.035,-0.144,0.002,62.9,-10.0,0
1816,37.37,0.00,1203.9,136.5,0.7,4,10069,0.000,0.007,-0.032,-0.144,0.003,63.0,-10.6,0
1817,37.39,0.00,1204.7,136.2,0.7,4,10060,0.050,0.000,-0.031,-0.144,0.003,63.1,-11.0,0
1818,37.41,0.00,1205.4,136.0,0.7,4,10071,0.100,0.000,-0.031,-0.144,0.003,63.1,-10.6,0
1819,37.43,0.00,1206.2,135.8,0.7,4,10083,0.150,0.000,-0.031,-0.143,0.003,63.0,-10.0,0
1820,37.45,0.00,1207.0,135.7,0.7,4,10097,0.200,0.000,-0.033,-0.143,0.003,63.0,-9.4,0
1821,37.47,0.00,1207.7,135.7,0.6,4,10114,0.250,0.000,-0.036,-0.143,0.002,62.8,-8.9,0
1822,37.49,0.00,1208.5,135.7,0.6,4,10136,0.300,0.000,-0.038,-0.142,0.002,62.7,-8.3,0
1823,37.51,0.00,1209.2,135.7,0.6,4,10161,0.350,0.000,-0.040,-0.142,0.002,62.6,-7.7,0
1824,37.53,0.00,1210.0,135.8,0.5,4,10190,0.400,0.000,-0.041,-0.142,0.001,62.6,-7.1,0
1825,37.55,0.00,1210.7,135.9,0.5,4,10223,0.000,0.003,-0.042,-0.141,0.001,62.5,-6.6,0
1826,37.57,0.00,1211.5,135.8,0.5,4,10037,0.050,0.000,-0.042,-0.141,0.001,62.6,-10.9,0
1827,37.59,0.00,1212.2,135.6,0.6,4,10044,0.100,0.000,-0.040,-0.141,0.002,62.6,-10.5,0
1828,37.61,0.00,1213.0,135.5,0.6,4,10055,0.150,0.000,-0.038,-0.140,0.002,62.8,-10.0,0
1829,37.63,0.00,1213.8,135.3,0.6,4,10070,0.200,0.000,-0.037,-0.140,0.003,62.9,-9.4,0
1830,37.65,0.00,1214.5,135.3,0.7,4,10088,0.250,0.000,-0.036,-0.140,0.003,62.9,-8.8,0
1831,37.67,0.00,1215.3,135.3,0.7,4,10109,0.300,0.000,-0.036,-0.140,0.003,62.9,-8.3,0
1832,37.69,0.00,1216.0,135.3,0.6,4,10134,0.350,0.000,-0.037,-0.139,0.003,62.9,-7.7,0
1833,37.71,0.00,1216.8,135.4,0.6,4,10163,0.400,0.000,-0.039,-0.139,0.003,62.8,-7.1,0
1834,37.73,0.00,1217.5,135.5,0.6,4,10195,0.450,0.000,-0.040,-0.139,0.002,62.8,-6.5,0
1835,37.75,0.00,1218.3,135.7,0.6,4,10231,0.500,0.000,-0.041,-0.139,0.002,62.7,-6.0,0
1836,37.77,0.00,1219.0,135.9,0.6,4,10271,0.550,0.000,-0.042,-0.138,0.002,62.7,-5.4,0
1837,37.79,0.00,1219.8,136.2,0.6,4,10315,0.000,0.008,-0.043,-0.138,0.002,62.7,-4.8,0
1838,37.81,0.00,1220.6,136.1,0.6,4,10059,0.000,0.003,-0.043,-0.138,0.002,62.7,-10.8,0
1839,37.83,0.00,1221.3,135.9,0.6,4,10040,0.050,0.000,-0.042,-0.138,0.003,62.8,-11.0,0
1840,37.85,0.00,1222.1,135.7,0.6,4,10049,0.100,0.000,-0.040,-0.137,0.003,63.0,-10.5,0
1841,37.87,0.00,1222.8,135.5,0.7,4,10061,0.150,0.000,-0.038,-0.137,0.004,63.1,-10.0,0
1842,37.89,0.00,1223.6,135.4,0.7,4,10076,0.200,0.000,-0.037,-0.137,0.004,63.2,-9.4,0
1843,37.91,0.00,1224.3,135.4,0.7,4,10094,0.250,0.000,-0.036,-0.137,0.004,63.3,-8.8,0
1844,37.93,0.00,1225.1,135.4,0.7,4,10115,0.300,0.000,-0.037,-0.137,0.005,63.3,-8.2,0
1845,37.95,0.00,1225.8,135.4,0.7,4,10140,0.350,0.000,-0.038,-0.137,0.005,63.3,-7.7,0
1846,37.97,0.00,1226.6,135.5,0.6,4,10168,0.400,0.000,-0.040,-0.137,0.004,63.3,-7.1,0
1847,37.99,0.00,1227.4,135.6,0.6,4,10200,0.450,0.000,-0.041,-0.137,0.004,63.3,-6.5,0
1848,38.01,0.00,1228.1,135.8,0.6,4,10236,0.500,0.000,-0.043,-0.137,0.004,63.2,-6.0,0
1849,38.03,0.00,1228.9,136.0,0.6,4,10276,0.550,0.000,-0.044,-0.137,0.004,63.3,-5.4,0
1850,38.05,0.00,1229.6,136.2,0.6,4,10320,0.600,0.000,-0.045,-0.137,0.004,63.3,-4.8,0
1851,38.07,0.00,1230.4,136.5,0.6,4,10368,0.650,0.000,-0.045,-0.137,0.005,63.4,-4.1,0
1852,38.09,0.00,1231.2,136.9,0.6,4,10420,0.000,0.000,-0.046,-0.137,0.005,63.5,-3.5,0
1853,38.11,0.00,1231.9,136.9,0.6,4,10120,0.050,0.000,-0.046,-0.137,0.005,63.7,-11.0,0
1854,38.13,0.00,1232.7,136.7,0.6,4,10124,0.100,0.000,-0.045,-0.137,0.006,63.9,-10.6,0
1855,38.15,0.00,1233.4,136.5,0.7,4,10135,0.150,0.000,-0.044,-0.137,0.006,64.3,-10.1,0
1856,38.17,0.00,1234.2,136.4,0.7,4,10150,0.200,0.000,-0.043,-0.137,0.007,64.6,-9.5,0
1857,38.19,0.00,1235.0,136.4,0.7,4,10168,0.250,0.000,-0.042,-0.137,0.008,65.0,-8.9,0
1858,38.21,0.00,1235.7,136.3,0.8,4,10190,0.300,0.000,-0.042,-0.138,0.008,65.3,-8.3,0
1859,38.23,0.00,1236.5,136.4,0.8,4,10214,0.350,0.000,-0.043,-0.138,0.009,65.7,-7.7,0
1860,38.25,0.00,1237.2,136.5,0.7,4,10243,0.400,0.000,-0.044,-0.138,0.009,66.0,-7.2,0
1861,38.27,0.00,1238.0,136.6,0.7,4,10275,0.450,0.000,-0.046,-0.139,0.009,66.3,-6.6,0
1862,38.29,0.00,1238.8,136.7,0.7,4,10311,0.500,0.000,-0.048,-0.139,0.010,66.7,-6.0,0
1863,38.31,0.00,1239.5,137.0,0.7,4,10350,0.550,0.000,-0.050,-0.140,0.010,67.1,-5.4,0
1864,38.33,0.00,1240.3,137.2,0.7,4,10393,0.600,0.000,-0.052,-0.141,0.011,67.6,-4.8,0
1865,38.35,0.00,1241.0,137.5,0.7,4,10441,0.650,0.000,-0.048,-0.141,0.011,68.2,-4.2,0
1866,38.37,0.00,1241.8,137.9,0.7,4,10493,0.700,0.000,-0.045,-0.142,0.012,68.8,-3.6,0
1867,38.39,0.00,1242.6,138.3,0.7,4,10550,0.750,0.000,-0.042,-0.143,0.012,69.5,-2.9,0
1868,38.41,0.00,1243.4,138.7,0.8,4,10612,0.800,0.000,-0.040,-0.144,0.012,70.0,-2.2,0
1869,38.43,0.00,1244.1,139.2,0.8,4,10678,0.850,0.000,-0.039,-0.145,0.013,70.6,-1.4,0
1870,38.45,0.00,1244.9,139.7,0.8,4,10753,0.900,0.000,-0.038,-0.146,0.013,71.1,-0.6,0
1871,38.47,0.00,1245.7,140.3,0.8,4,10833,0.950,0.000,-0.038,-0.146,0.013,71.7,0.3,0
1872,38.49,0.00,1246.5,140.5,0.8,5,9735,1.000,0.000,-0.038,-0.147,0.012,72.2,-9.7,0
1873,38.51,0.00,1247.3,140.4,0.7,5,9739,1.000,0.000,-0.039,-0.148,0.012,72.8,-10.4,0
1874,38.53,0.00,1248.0,140.2,0.7,5,9355,1.000,0.000,-0.038,-0.149,0.012,73.4,-10.2,0
1875,38.55,0.00,1248.8,140.5,0.7,5,9735,1.000,0.000,-0.037,-0.150,0.012,74.2,-0.4,0
1876,38.57,0.00,1249.6,141.1,0.8,5,9805,1.000,0.000,-0.036,-0.151,0.012,75.1,0.7,0
1877,38.59,0.00,1250.4,141.7,0.8,5,9839,1.000,0.000,-0.035,-0.152,0.013,76.0,0.6,0
1878,38.61,0.00,1251.2,142.3,0.9,5,9868,1.000,0.000,-0.034,-0.153,0.012,76.9,0.2,0
1879,38.63,0.00,1252.0,142.9,0.9,5,9899,1.000,0.000,-0.035,-0.153,0.012,77.8,-0.0,0
1880,38.65,0.00,1252.8,143.5,0.8,5,9940,1.000,0.000,-0.037,-0.154,0.012,78.5,-0.0,0
1881,38.67,0.00,1253.6,144.1,0.8,5,9985,1.000,0.000,-0.039,-0.155,0.011,79.4,0.1,0
1882,38.69,0.00,1254.4,144.7,0.8,5,10027,1.000,0.000,-0.040,-0.156,0.011,80.3,0.1,0
1883,38.71,0.00,1255.2,145.3,0.8,5,10067,1.000,0.000,-0.041,-0.156,0.011,81.5,0.1,0
1884,38.73,0.00,1256.0,145.8,0.8,5,10106,1.000,0.000,-0.040,-0.157,0.011,82.8,0.0,0
1885,38.75,0.00,1256.8,146.4,0.9,5,10145,1.000,0.000,-0.040,-0.158,0.011,84.3,-0.0,0
1886,38.77,0.00,1257.6,147.0,0.9,5,10183,1.000,0.000,-0.039,-0.158,0.011,85.9,-0.1,0
1887,38.79,0.00,1258.5,147.6,0.9,5,10221,1.000,0.000,-0.038,-0.159,0.011,87.6,-0.2,0
1888,38.81,0.00,1259.3,148.2,0.9,5,10259,1.000,0.000,-0.037,-0.160,0.011,89.4,-0.2,0
1889,38.83,0.00,1260.1,148.8,0.9,5,10297,1.000,0.000,-0.030,-0.160,0.010,91.2,-0.3,0
1890,38.85,0.00,1261.0,149.3,1.0,5,10350,1.000,0.000,-0.024,-0.161,0.010,93.0,0.0,0
1891,38.87,0.00,1261.8,149.9,1.0,5,10386,1.000,0.000,-0.023,-0.161,0.009,94.6,-0.1,0
1892,38.89,0.00,1262.6,150.5,0.9,5,10420,1.000,0.000,-0.024,-0.161,0.008,96.0,-0.3,0
1893,38.91,0.00,1263.5,151.1,0.9,5,10454,1.000,0.000,-0.027,-0.162,0.007,97.3,-0.5,0
1894,38.93,0.00,1264.3,151.7,0.8,5,10488,1.000,0.000,-0.031,-0.162,0.006,98.7,-0.6,0
1895,38.95,0.00,1265.2,152.3,0.8,5,10523,1.000,0.000,-0.034,-0.162,0.005,100.3,-0.8,0
1896,38.97,0.00,1266.0,152.9,0.7,5,10561,1.000,0.000,-0.037,-0.162,0.004,102.3,-0.8,0
1897,38.99,0.00,1266.9,153.4,0.7,5,10600,1.000,0.000,-0.038,-0.161,0.003,104.7,-0.8,0
1898,39.01,0.00,1267.7,154.0,0.8,5,10640,1.000,0.000,-0.039,-0.161,0.003,107.6,-0.9,0
1899,39.03,0.00,1268.6,154.6,0.8,5,10699,1.000,0.000,-0.038,-0.161,0.002,111.1,-0.3,0
1900,39.05,0.00,1269.4,155.1,0.9,5,10737,1.000,0.000,-0.037,-0.160,0.002,115.2,-0.4,0
1901,39.07,0.00,1270.3,155.7,0.9,5,10769,1.000,0.000,-0.036,-0.159,0.002,119.7,-0.6,0
1902,39.09,0.00,1271.2,156.3,1.0,5,10802,1.000,0.000,-0.035,-0.159,0.002,124.7,-0.8,0
1903,39.11,0.00,1272.0,156.9,1.0,5,10834,1.000,0.000,-0.035,-0.158,0.001,130.1,-1.0,0
1904,39.13,0.00,1272.9,157.4,1.0,5,10868,1.000,0.000,-0.035,-0.157,0.001,135.8,-1.1,0
1905,39.15,0.00,1273.8,158.0,1.0,5,10904,1.000,0.000,-0.036,-0.156,0.000,142.0,-1.2,0
1906,39.17,0.00,1274.7,158.6,1.0,5,10941,0.990,0.000,-0.037,-0.155,-0.001,148.7,-1.2,0
1907,39.19,0.00,1275.6,159.1,1.0,5,10974,0.980,0.000,-0.038,-0.154,-0.001,156.3,-1.4,0
1908,39.21,0.00,1276.5,159.6,1.0,5,11031,0.970,0.000,-0.039,-0.153,-0.002,165.5,-0.9,0
1909,39.23,0.00,1277.4,160.2,1.0,5,11058,0.960,0.000,-0.038,-0.152,-0.002,176.9,-1.2,0
1910,39.25,0.00,1278.2,160.7,1.0,5,11082,0.950,0.000,-0.037,-0.151,-0.002,190.7,-1.6,0
1911,39.27,0.00,1279.2,161.3,1.1,5,11105,0.940,0.000,-0.034,-0.149,-0.003,200.0,-1.9,0
1912,39.29,0.00,1280.0,161.8,1.1,5,11129,0.930,0.000,-0.033,-0.148,-0.003,200.0,-2.3,0
1913,39.31,0.00,1281.0,162.3,1.1,5,11154,0.920,0.000,-0.032,-0.146,-0.004,200.0,-2.5,0
1914,39.33,0.00,1281.9,162.8,1.0,5,11180,0.910,0.000,-0.034,-0.145,-0.005,200.0,-2.8,0
1915,39.35,0.00,1282.8,163.3,1.0,5,11207,0.900,0.000,-0.037,-0.143,-0.006,200.0,-2.9,0
1916,39.37,0.00,1283.7,163.7,0.9,5,11250,0.890,0.000,-0.039,-0.141,-0.006,200.0,-2.7,0
1917,39.39,0.00,1284.6,164.2,1.0,5,11285,0.880,0.000,-0.039,-0.139,-0.007,200.0,-2.6,0
1918,39.41,0.00,1285.5,164.7,1.0,5,11304,0.870,0.000,-0.039,-0.137,-0.007,200.0,-3.0,0
1919,39.43,0.00,1286.4,165.1,1.0,5,11323,0.860,0.000,-0.038,-0.135,-0.008,200.0,-3.3,0
1920,39.45,0.00,1287.3,165.6,1.0,5,11342,0.850,0.000,-0.037,-0.133,-0.008,200.0,-3.6,0
1921,39.47,0.00,1288.3,166.0,1.0,5,11362,0.840,0.000,-0.036,-0.131,-0.009,200.0,-3.9,0
1922,39.49,0.00,1289.2,166.4,1.0,5,11383,0.830,0.000,-0.037,-0.128,-0.009,200.0,-4.1,0
1923,39.51,0.00,1290.1,166.8,1.0,5,11405,0.820,0.000,-0.030,-0.126,-0.008,200.0,-4.3,0
1924,39.53,0.00,1291.1,167.2,1.0,5,11428,0.810,0.000,-0.014,-0.124,-0.006,200.0,-4.4,0
1925,39.55,0.00,1292.0,167.6,1.0,5,11483,0.800,0.000,-0.003,-0.122,-0.004,200.0,-3.7,0
1926,39.57,0.00,1292.9,168.0,1.0,5,11494,0.790,0.000,0.004,-0.121,-0.003,200.0,-4.1,0
1927,39.59,0.00,1293.8,168.4,0.8,5,11504,0.780,0.000,0.006,-0.119,-0.002,200.0,-4.6,0
1928,39.61,0.00,1294.8,168.7,0.7,5,11516,0.770,0.000,0.005,-0.118,-0.002,200.0,-5.0,0
1929,39.63,0.00,1295.7,169.1,0.5,5,11529,0.760,0.000,0.002,-0.117,-0.003,200.0,-5.3,0
1930,39.65,0.00,1296.7,169.5,0.3,5,11545,0.750,0.000,-0.001,-0.117,-0.003,200.0,-5.6,0
1931,39.67,0.00,1297.6,169.8,0.2,5,11562,0.740,0.000,-0.002,-0.116,-0.004,200.0,-5.7,0
1932,39.69,0.00,1298.5,170.1,0.1,5,11581,0.730,0.000,-0.003,-0.115,-0.004,200.0,-5.9,0
1933,39.71,0.00,1299.5,170.2,0.1,6,10610,0.720,0.000,-0.003,-0.114,-0.004,200.0,-12.0,0
1934,39.73,0.00,1300.5,170.0,0.1,6,10610,0.710,0.000,-0.002,-0.114,-0.004,200.0,-12.6,0
1935,39.75,0.00,1301.4,169.8,0.1,6,10380,0.700,0.000,-0.001,-0.113,-0.003,200.0,-12.6,0
1936,39.77,0.00,1302.3,169.7,0.1,5,11399,0.690,0.000,-0.000,-0.113,-0.003,200.0,-12.5,0
1937,39.79,0.00,1303.3,169.5,0.1,5,11395,0.680,0.000,0.000,-0.112,-0.003,200.0,-12.6,0
1938,39.81,0.00,1304.2,169.3,0.0,5,11283,0.670,0.000,0.000,-0.111,-0.003,200.0,-12.7,0
1939,39.83,0.00,1305.2,169.4,0.0,5,11501,0.660,0.000,0.000,-0.111,-0.003,200.0,-6.8,0
1940,39.85,0.00,1306.1,169.6,0.0,5,11519,0.650,0.000,0.000,-0.110,-0.003,200.0,-6.7,0
1941,39.87,0.00,1307.0,169.9,0.0,5,11545,0.640,0.000,0.000,-0.110,-0.003,200.0,-6.5,0
1942,39.89,0.00,1308.0,170.1,0.0,5,11557,0.630,0.000,0.000,-0.109,-0.003,200.0,-6.6,0
1943,39.91,0.00,1308.9,170.2,0.0,6,10588,0.620,0.000,0.000,-0.109,-0.003,200.0,-12.2,0
1944,39.93,0.00,1309.9,170.0,0.0,6,10588,0.610,0.000,0.000,-0.108,-0.003,199.0,-12.6,0
1945,39.95,0.00,1310.8,169.8,-0.0,5,11324,0.600,0.000,0.000,-0.108,-0.003,198.1,-12.6,0
1946,39.97,0.00,1311.8,169.6,-0.0,5,11319,0.590,0.000,0.000,-0.107,-0.003,197.1,-12.6,0
1947,39.99,0.00,1312.7,169.4,-0.0,5,11315,0.580,0.000,0.000,-0.107,-0.003,196.2,-12.6,0
1948,40.01,0.00,1313.6,169.2,-0.0,5,11277,0.570,0.000,0.000,-0.106,-0.003,195.2,-12.7,0
1949,40.03,0.00,1314.6,169.2,-0.0,5,11461,0.560,0.000,0.000,-0.106,-0.003,194.3,-7.7,0
1950,40.05,0.00,1315.5,169.4,-0.0,5,11478,0.550,0.000,0.000,-0.105,-0.003,193.3,-7.4,0
1951,40.07,0.00,1316.5,169.6,-0.0,5,11479,0.540,0.000,0.000,-0.105,-0.003,192.3,-7.7,0
1952,40.09,0.00,1317.4,169.8,-0.0,5,11482,0.530,0.000,0.000,-0.104,-0.003,191.4,-8.0,0
1953,40.11,0.00,1318.3,169.9,-0.0,5,11485,0.520,0.000,-0.000,-0.104,-0.003,190.4,-8.2,0
1954,40.13,0.00,1319.3,170.1,-0.0,5,11489,0.510,0.000,-0.000,-0.103,-0.003,189.5,-8.4,0
1955,40.15,0.00,1320.2,170.1,0.0,6,10527,0.500,0.000,-0.000,-0.102,-0.003,188.5,-12.4,0
1956,40.17,0.00,1321.2,169.9,0.0,6,10527,0.490,0.000,-0.000,-0.102,-0.003,187.5,-12.6,0
1957,40.19,0.00,1322.1,169.7,0.0,5,11316,0.480,0.000,-0.000,-0.101,-0.003,186.6,-12.6,0
1958,40.21,0.00,1323.1,169.5,0.0,5,11311,0.470,0.000,-0.000,-0.101,-0.003,185.6,-12.6,0
1959,40.23,0.00,1324.0,169.3,0.0,5,11307,0.460,0.000,-0.000,-0.100,-0.003,184.7,-12.6,0
1960,40.25,0.00,1325.0,169.1,0.0,5,11269,0.450,0.000,-0.000,-0.100,-0.003,183.7,-12.7,0
1961,40.27,0.00,1325.9,169.1,0.0,5,11398,0.440,0.000,-0.000,-0.099,-0.003,182.7,-9.1,0
1962,40.29,0.00,1326.8,169.2,0.0,5,11401,0.430,0.000,-0.000,-0.099,-0.003,181.8,-9.1,0
1963,40.31,0.00,1327.8,169.2,0.0,5,11400,0.420,0.000,-0.000,-0.098,-0.003,180.8,-9.2,0
1964,40.33,0.00,1328.7,169.3,0.0,5,11400,0.410,0.000,-0.000,-0.098,-0.003,179.9,-9.4,0
1965,40.35,0.00,1329.7,169.4,0.0,5,11400,0.400,0.000,-0.001,-0.097,-0.003,178.9,-9.5,0
1966,40.37,0.00,1330.6,169.4,-0.0,5,11403,0.390,0.000,-0.000,-0.097,-0.003,177.9,-9.5,0
1967,40.39,0.00,1331.5,169.5,0.0,5,11402,0.380,0.000,-0.000,-0.096,-0.003,177.0,-9.6,0
1968,40.41,0.00,1332.5,169.5,0.0,5,11401,0.370,0.000,-0.000,-0.096,-0.003,176.0,-9.7,0
1969,40.43,0.00,1333.4,169.5,0.0,5,11398,0.360,0.000,-0.000,-0.095,-0.003,175.0,-9.9,0
1970,40.45,0.00,1334.4,169.5,0.0,5,11395,0.350,0.000,-0.000,-0.095,-0.003,174.1,-10.0,0
1971,40.47,0.00,1335.3,169.5,0.0,5,11392,0.340,0.000,-0.000,-0.094,-0.003,173.1,-10.1,0
1972,40.49,0.00,1336.2,169.5,0.0,5,11388,0.330,0.000,-0.000,-0.093,-0.003,172.2,-10.2,0
1973,40.51,0.00,1337.2,169.5,0.0,5,11384,0.320,0.000,-0.001,-0.093,-0.003,171.2,-10.3,0
1974,40.53,0.00,1338.1,169.5,-0.0,5,11380,0.310,0.000,0.004,-0.092,-0.003,170.2,-10.4,0
1975,40.55,0.00,1339.1,169.5,0.0,5,11374,0.300,0.000,0.003,-0.092,-0.003,169.3,-10.5,0
1976,40.57,0.00,1340.0,169.5,-0.0,5,11368,0.290,0.000,0.002,-0.091,-0.003,168.4,-10.6,0
1977,40.59,0.00,1341.0,169.4,-0.0,5,11362,0.280,0.000,0.000,-0.091,-0.004,167.6,-10.7,0
1978,40.61,0.00,1341.9,169.4,-0.0,5,11355,0.270,0.000,-0.001,-0.090,-0.004,166.6,-10.8,0
1979,40.63,0.00,1342.8,169.3,-0.0,5,11347,0.260,0.000,-0.001,-0.090,-0.004,165.7,-10.9,0
1980,40.65,0.00,1343.8,169.3,-0.0,5,11339,0.250,0.000,-0.001,-0.089,-0.004,164.7,-11.0,0
1981,40.67,0.00,1344.7,169.2,-0.0,5,11331,0.240,0.000,-0.000,-0.089,-0.004,163.7,-11.1,0
1982,40.69,0.00,1345.7,169.1,-0.0,5,11321,0.230,0.000,-0.000,-0.088,-0.004,162.8,-11.2,0
1983,40.71,0.00,1346.6,169.0,0.0,5,11311,0.220,0.000,-0.000,-0.087,-0.004,161.8,-11.3,0
1984,40.73,0.00,1347.5,168.9,0.0,5,11301,0.210,0.000,-0.000,-0.087,-0.004,160.8,-11.4,0
1985,40.75,0.00,1348.5,168.8,0.0,5,11291,0.200,0.000,-0.000,-0.086,-0.004,159.9,-11.5,0
1986,40.77,0.00,1349.4,168.7,0.0,5,11280,0.190,0.000,-0.000,-0.086,-0.004,158.9,-11.6,0
1987,40.79,0.00,1350.3,168.6,0.0,5,11268,0.180,0.000,-0.000,-0.085,-0.004,158.0,-11.7,0
1988,40.81,0.00,1351.3,168.4,0.0,5,11256,0.170,0.000,-0.000,-0.085,-0.004,157.0,-11.8,0
1989,40.83,0.00,1352.2,168.3,0.0,5,11243,0.160,0.000,-0.000,-0.084,-0.004,156.1,-11.9,0
1990,40.85,0.00,1353.2,168.2,0.0,5,11230,0.150,0.000,-0.001,-0.083,-0.004,155.1,-12.0,0
1991,40.87,0.00,1354.1,168.0,-0.0,5,11215,0.140,0.000,-0.000,-0.083,-0.004,154.1,-12.1,0
1992,40.89,0.00,1355.0,167.8,0.0,5,11201,0.130,0.000,-0.000,-0.082,-0.004,153.2,-12.2,0
1993,40.91,0.00,1356.0,167.7,0.0,5,11186,0.120,0.000,-0.000,-0.082,-0.004,152.2,-12.3,0
1994,40.93,0.00,1356.9,167.5,0.0,5,11170,0.110,0.000,-0.000,-0.081,-0.004,151.3,-12.3,0
1995,40.95,0.00,1357.8,167.3,0.0,5,11155,0.100,0.000,-0.000,-0.081,-0.004,150.3,-12.4,0
1996,40.97,0.00,1358.7,167.1,0.0,5,11138,0.090,0.000,-0.001,-0.080,-0.004,149.4,-12.5,0
1997,40.99,0.00,1359.7,166.9,0.0,5,11121,0.080,0.000,-0.000,-0.080,-0.003,148.4,-12.6,0
1998,41.01,0.00,1360.6,166.7,0.0,5,11103,0.070,0.000,-0.000,-0.079,-0.003,147.5,-12.7,0
1999,41.03,0.00,1361.5,166.5,0.0,5,11086,0.060,0.000,-0.000,-0.079,-0.003,146.5,-12.8,0
2000,41.05,0.00,1362.4,166.3,0.0,5,11067,0.050,0.000,0.000,-0.078,-0.003,145.6,-12.8,0
2001,41.07,0.00,1363.4,166.0,0.0,5,11048,0.040,0.000,0.000,-0.077,-0.003,144.6,-12.9,0
2002,41.09,0.00,1364.3,165.8,0.0,5,11028,0.030,0.000,0.001,-0.077,-0.003,143.7,-13.0,0
2003,41.11,0.00,1365.2,165.5,0.0,5,11008,0.020,0.000,0.001,-0.076,-0.003,142.7,-13.1,0
2004,41.13,0.00,1366.1,165.3,0.0,5,10987,0.010,0.000,0.001,-0.076,-0.003,141.8,-13.2,0
2005,41.15,0.00,1367.0,165.0,0.0,5,10966,0.000,0.000,0.001,-0.075,-0.003,140.8,-13.3,0
2006,41.17,0.00,1368.0,164.7,0.0,5,10944,0.000,0.000,0.001,-0.075,-0.003,139.9,-13.4,0
2007,41.19,0.00,1368.9,164.5,0.0,5,10926,0.000,0.000,0.001,-0.074,-0.003,139.0,-13.3,0
2008,41.21,0.00,1369.8,164.2,0.0,5,10910,0.000,0.000,0.001,-0.074,-0.003,138.0,-13.3,0
2009,41.23,0.00,1370.7,163.9,0.0,5,10891,0.000,0.000,0.001,-0.073,-0.003,137.1,-13.2,0
2010,41.25,0.00,1371.6,163.6,0.0,5,10872,0.000,0.000,0.001,-0.073,-0.003,136.2,-13.2,0
2011,41.27,0.00,1372.5,163.4,0.0,5,10854,0.000,0.000,0.001,-0.072,-0.003,135.2,-13.2,0
2012,41.29,0.00,1373.4,163.1,0.0,5,10836,0.000,0.000,0.001,-0.072,-0.003,134.3,-13.2,0
2013,41.31,0.00,1374.3,162.8,0.0,5,10818,0.000,0.000,0.001,-0.071,-0.003,133.4,-13.2,0
2014,41.33,0.00,1375.2,162.6,0.0,5,10800,0.000,0.000,0.001,-0.071,-0.003,132.4,-13.2,0
2015,41.35,0.00,1376.1,162.3,0.0,5,10782,0.000,0.000,0.001,-0.070,-0.003,131.5,-13.1,0
2016,41.37,0.00,1377.0,162.0,0.0,5,10767,0.000,0.000,0.001,-0.070,-0.003,130.6,-13.1,0
2017,41.39,0.00,1377.9,161.8,0.0,5,10749,0.000,0.000,0.001,-0.070,-0.003,129.7,-13.0,0
2018,41.41,0.00,1378.8,161.5,0.0,5,10731,0.000,0.000,0.001,-0.069,-0.003,128.8,-13.0,0
2019,41.43,0.00,1379.7,161.2,0.0,5,10712,0.000,0.000,0.001,-0.069,-0.003,127.8,-13.0,0
2020,41.45,0.00,1380.6,161.0,0.0,5,10694,0.000,0.000,0.001,-0.068,-0.003,126.9,-13.0,0
2021,41.47,0.00,1381.5,160.7,0.0,5,10676,0.000,0.000,0.002,-0.068,-0.003,126.0,-13.0,0
2022,41.49,0.00,1382.4,160.4,0.0,5,10659,0.000,0.000,0.001,-0.067,-0.003,125.1,-13.0,0
2023,41.51,0.00,1383.3,160.2,0.0,5,10642,0.000,0.000,0.001,-0.067,-0.003,124.2,-13.0,0
2024,41.53,0.00,1384.2,159.9,0.0,5,10624,0.050,0.000,0.001,-0.066,-0.003,123.3,-12.9,0
2025,41.55,0.00,1385.1,159.7,0.0,5,10628,0.100,0.000,0.001,-0.066,-0.003,122.4,-12.4,0
2026,41.57,0.00,1386.0,159.5,0.0,5,10632,0.150,0.000,0.001,-0.065,-0.003,121.5,-11.9,0
2027,41.59,0.00,1386.8,159.3,0.0,5,10640,0.200,0.000,0.001,-0.065,-0.003,120.6,-11.4,0
2028,41.61,0.00,1387.7,159.2,0.0,5,10651,0.250,0.000,0.000,-0.065,-0.003,119.7,-10.8,0
2029,41.63,0.00,1388.6,159.2,-0.0,5,10665,0.300,0.000,-0.000,-0.064,-0.003,118.8,-10.3,0
2030,41.65,0.00,1389.5,159.1,-0.0,5,10682,0.350,0.000,-0.000,-0.064,-0.003,117.9,-9.8,0
2031,41.67,0.00,1390.4,159.1,-0.0,5,10702,0.400,0.000,-0.001,-0.063,-0.003,117.0,-9.2,0
2032,41.69,0.00,1391.3,159.2,-0.0,5,10724,0.450,0.000,0.007,-0.063,-0.003,116.1,-8.7,0
2033,41.71,0.00,1392.2,159.3,0.0,5,10748,0.500,0.000,0.006,-0.062,-0.003,115.3,-8.2,0
2034,41.73,0.00,1393.0,159.4,-0.0,5,10772,0.550,0.000,0.004,-0.062,-0.004,114.5,-7.8,0
2035,41.75,0.00,1393.9,159.6,-0.0,5,10803,0.600,0.000,0.002,-0.061,-0.004,113.7,-7.3,0
2036,41.77,0.00,1394.8,159.8,-0.1,5,10838,0.650,0.000,0.000,-0.061,-0.004,112.8,-6.7,0
2037,41.79,0.00,1395.7,160.1,-0.1,5,10876,0.640,0.000,-0.001,-0.060,-0.005,112.0,-6.2,0
2038,41.81,0.00,1396.6,160.4,-0.1,5,10892,0.630,0.000,-0.001,-0.060,-0.005,111.1,-6.2,0
2039,41.83,0.00,1397.5,160.6,-0.1,5,10906,0.620,0.000,-0.001,-0.059,-0.005,110.2,-6.3,0
2040,41.85,0.00,1398.4,160.9,-0.0,5,10919,0.610,0.000,-0.001,-0.058,-0.004,109.2,-6.5,0
2041,41.87,0.00,1399.3,161.1,-0.0,5,10931,0.600,0.000,-0.001,-0.058,-0.004,108.3,-6.6,0
2042,41.89,0.00,1400.2,161.4,-0.0,5,10940,0.590,0.000,-0.000,-0.057,-0.004,107.4,-6.8,0
2043,41.91,0.00,1401.1,161.6,0.0,5,10949,0.580,0.000,0.000,-0.056,-0.004,106.4,-7.0,0
2044,41.93,0.00,1402.0,161.8,0.0,5,10960,0.570,0.000,0.000,-0.056,-0.004,105.5,-7.1,0
2045,41.95,0.00,1402.9,162.0,0.0,5,10972,0.560,0.000,0.000,-0.055,-0.004,104.6,-7.2,0
2046,41.97,0.00,1403.8,162.2,0.0,5,10983,0.550,0.000,-0.000,-0.055,-0.004,103.7,-7.3,0
2047,41.99,0.00,1404.7,162.4,0.0,5,10993,0.540,0.000,-0.000,-0.054,-0.004,102.8,-7.4,0
2048,42.01,0.00,1405.6,162.6,0.0,5,11001,0.530,0.000,-0.000,-0.053,-0.004,101.8,-7.5,0
2049,42.03,0.00,1406.5,162.8,0.0,5,11009,0.520,0.000,-0.000,-0.053,-0.004,100.9,-7.6,0
2050,42.05,0.00,1407.4,162.9,0.0,5,11016,0.510,0.000,-0.000,-0.052,-0.004,100.0,-7.7,0
2051,42.07,0.00,1408.3,163.1,0.0,5,11018,0.500,0.000,-0.001,-0.051,-0.004,99.1,-8.0,0
2052,42.09,0.00,1409.2,163.2,-0.0,5,11024,0.490,0.000,-0.001,-0.051,-0.004,98.1,-8.1,0
2053,42.11,0.00,1410.1,163.4,0.0,5,11030,0.480,0.000,-0.000,-0.050,-0.004,97.2,-8.2,0
2054,42.13,0.00,1411.0,163.5,0.0,5,11037,0.470,0.000,-0.000,-0.050,-0.004,96.3,-8.3,0
2055,42.15,0.00,1411.9,163.6,0.0,5,11042,0.460,0.000,-0.000,-0.049,-0.004,95.3,-8.3,0
2056,42.17,0.00,1412.8,163.7,0.0,5,11046,0.450,0.000,-0.000,-0.048,-0.004,94.4,-8.4,0
2057,42.19,0.00,1413.7,163.8,0.0,5,11049,0.440,0.000,-0.000,-0.048,-0.004,93.5,-8.6,0
2058,42.21,0.00,1414.6,163.9,0.0,5,11051,0.430,0.000,-0.000,-0.047,-0.004,92.6,-8.7,0
2059,42.23,0.00,1415.5,164.0,0.0,5,11052,0.000,0.022,-0.001,-0.046,-0.004,91.6,-8.8,0
2060,42.25,0.00,1416.5,163.8,0.0,5,10878,0.000,0.054,-0.000,-0.046,-0.004,90.7,-12.6,0
2061,42.27,0.00,1417.4,163.4,0.0,5,10837,0.000,0.076,0.000,-0.045,-0.004,89.8,-12.0,0
2062,42.29,0.00,1418.3,163.0,0.0,5,10796,0.000,0.094,0.001,-0.045,-0.004,88.8,-11.5,0
2063,42.31,0.00,1419.2,162.4,0.0,5,10753,0.000,0.110,0.001,-0.044,-0.004,87.9,-11.2,0
2064,42.33,0.00,1420.1,161.9,0.0,5,10708,0.000,0.123,0.001,-0.044,-0.004,86.9,-10.8,0
2065,42.35,0.00,1421.0,161.2,0.0,5,10662,0.000,0.133,0.001,-0.043,-0.003,86.0,-10.6,0
2066,42.37,0.00,1421.9,160.6,0.0,5,10615,0.000,0.142,0.001,-0.042,-0.003,85.1,-10.4,0
2067,42.39,0.00,1422.8,159.9,0.0,5,10567,0.000,0.150,0.001,-0.042,-0.003,84.2,-10.1,0
2068,42.41,0.00,1423.7,159.2,0.0,5,10521,0.000,0.157,0.001,-0.041,-0.003,83.3,-9.8,0
2069,42.43,0.00,1424.5,158.5,0.0,5,10472,0.000,0.163,0.001,-0.041,-0.003,82.4,-9.5,0
2070,42.45,0.00,1425.4,157.8,0.0,5,10420,0.000,0.168,0.001,-0.040,-0.003,81.5,-9.3,0
2071,42.47,0.00,1426.3,157.1,0.0,5,10368,0.000,0.173,0.001,-0.040,-0.003,80.6,-9.1,0
2072,42.49,0.00,1427.2,156.3,0.0,5,10315,0.000,0.176,0.001,-0.039,-0.003,79.7,-9.0,0
2073,42.51,0.00,1428.0,155.6,0.0,5,10263,0.000,0.180,0.001,-0.039,-0.003,78.8,-8.8,0
2074,42.53,0.00,1428.9,154.8,0.0,5,10210,0.000,0.183,0.002,-0.038,-0.003,77.9,-8.9,0
2075,42.55,0.00,1429.7,154.0,0.0,5,10157,0.000,0.185,0.002,-0.038,-0.003,77.1,-8.7,0
2076,42.57,0.00,1430.6,153.2,0.0,5,10105,0.000,0.187,0.002,-0.037,-0.003,76.2,-8.6,0
2077,42.59,0.00,1431.5,152.4,0.0,5,10055,0.000,0.188,0.019,-0.037,-0.003,75.3,-8.4,0
2078,42.61,0.00,1432.3,151.7,0.1,5,10003,0.000,0.186,0.016,-0.036,-0.004,74.6,-8.2,0
2079,42.63,0.00,1433.1,150.9,-0.0,5,9951,0.000,0.180,0.011,-0.035,-0.005,73.9,-8.2,0
2080,42.65,0.00,1434.0,150.1,-0.1,5,9901,0.000,0.174,0.005,-0.035,-0.006,73.2,-8.3,0
2081,42.67,0.00,1434.8,149.4,-0.2,5,9854,0.000,0.170,-0.001,-0.034,-0.007,72.5,-8.4,0
2082,42.69,0.00,1435.6,148.6,-0.2,5,9807,0.000,0.170,-0.004,-0.033,-0.008,71.8,-8.4,0
2083,42.71,0.00,1436.5,147.9,-0.2,5,9759,0.000,0.174,-0.005,-0.032,-0.008,71.0,-8.5,0
2084,42.73,0.00,1437.3,147.2,-0.2,5,9709,0.000,0.179,-0.005,-0.031,-0.008,70.1,-8.4,0
2085,42.75,0.00,1438.1,146.4,-0.1,5,9658,0.000,0.185,-0.004,-0.030,-0.008,69.3,-8.2,0
2086,42.77,0.00,1438.9,145.7,-0.1,5,9608,0.000,0.191,-0.003,-0.029,-0.008,68.4,-7.9,0
2087,42.79,0.00,1439.7,144.9,-0.1,5,9555,0.000,0.196,-0.002,-0.028,-0.007,67.5,-7.6,0
2088,42.81,0.00,1440.5,144.1,-0.0,5,9500,0.000,0.199,-0.001,-0.028,-0.007,66.7,-7.5,0
2089,42.83,0.00,1441.3,143.3,-0.0,5,9445,0.000,0.202,-0.001,-0.027,-0.007,65.9,-7.4,0
2090,42.85,0.00,1442.1,142.5,-0.0,5,9390,0.000,0.204,-0.001,-0.026,-0.007,65.1,-7.2,0
2091,42.87,0.00,1442.9,141.7,-0.0,5,9336,0.000,0.206,-0.001,-0.025,-0.007,64.2,-7.2,0
2092,42.89,0.00,1443.7,140.9,-0.0,5,9282,0.000,0.207,-0.001,-0.024,-0.007,63.4,-7.1,0
2093,42.91,0.00,1444.5,140.1,-0.0,5,9228,0.000,0.208,-0.002,-0.023,-0.007,62.7,-7.2,0
2094,42.93,0.00,1445.2,139.3,-0.0,5,9174,0.000,0.209,-0.002,-0.022,-0.007,61.9,-7.0,0
2095,42.95,0.00,1446.0,138.5,-0.0,4,10178,0.000,0.213,-0.001,-0.021,-0.007,61.1,-6.2,0
2096,42.97,0.00,1446.8,137.8,-0.0,4,10148,0.000,0.217,-0.001,-0.020,-0.007,60.3,-5.9,0
2097,42.99,0.00,1447.5,137.0,0.0,4,10032,0.000,0.220,-0.001,-0.020,-0.007,59.5,-6.5,0
2098,43.01,0.00,1448.3,136.1,0.0,4,9960,0.000,0.220,-0.000,-0.019,-0.007,58.7,-6.6,0
2099,43.03,0.00,1449.0,135.3,0.0,4,9894,0.000,0.220,0.000,-0.018,-0.006,57.9,-6.6,0
2100,43.05,0.00,1449.8,134.4,0.0,4,9829,0.000,0.219,0.001,-0.017,-0.006,57.1,-6.6,0
2101,43.07,0.00,1450.5,133.6,0.0,4,9766,0.000,0.219,0.001,-0.016,-0.006,56.4,-6.6,0
2102,43.09,0.00,1451.3,132.7,0.0,4,9703,0.000,0.218,0.002,-0.016,-0.006,55.6,-6.6,0
2103,43.11,0.00,1452.0,131.9,0.0,4,9641,0.000,0.218,0.002,-0.015,-0.006,54.8,-6.8,0
2104,43.13,0.00,1452.7,131.0,0.0,4,9580,0.000,0.217,0.002,-0.014,-0.006,54.1,-6.7,0
2105,43.15,0.00,1453.5,130.2,0.0,4,9519,0.000,0.216,0.002,-0.013,-0.006,53.4,-6.6,0
2106,43.17,0.00,1454.2,129.3,0.0,4,9459,0.000,0.216,0.002,-0.012,-0.006,52.6,-6.5,0
2107,43.19,0.00,1454.9,128.5,0.0,4,9402,0.000,0.216,0.003,-0.012,-0.006,51.9,-6.3,0
2108,43.21,0.00,1455.6,127.7,0.0,4,9341,0.000,0.216,0.043,-0.011,-0.006,51.2,-6.2,0
2109,43.23,0.00,1456.3,126.9,0.1,4,9279,0.000,0.209,0.038,-0.010,-0.007,50.6,-5.9,0
2110,43.25,0.00,1457.0,126.0,0.0,4,9222,0.000,0.197,0.026,-0.009,-0.009,50.1,-6.1,0
2111,43.27,0.00,1457.7,125.3,-0.1,4,9170,0.000,0.184,0.014,-0.008,-0.012,49.7,-6.4,0
2112,43.29,0.00,1458.4,124.5,-0.2,4,9122,0.000,0.176,0.004,-0.007,-0.014,49.2,-6.6,0
2113,43.31,0.00,1459.1,123.8,-0.3,4,9074,0.000,0.173,-0.003,-0.005,-0.015,48.6,-6.8,0
2114,43.33,0.00,1459.8,123.1,-0.3,4,9026,0.000,0.176,-0.007,-0.004,-0.016,48.0,-6.9,0
2115,43.35,0.00,1460.5,122.4,-0.3,4,8975,0.000,0.182,-0.008,-0.002,-0.016,47.3,-6.7,0
2116,43.37,0.00,1461.2,121.7,-0.3,4,8921,0.000,0.190,-0.007,-0.001,-0.016,46.6,-6.5,0
2117,43.39,0.00,1461.8,121.0,-0.2,4,8865,0.000,0.198,-0.006,0.001,-0.016,45.9,-6.2,0
2118,43.41,0.00,1462.5,120.3,-0.1,4,8810,0.000,0.205,-0.004,0.003,-0.015,45.1,-5.9,0
2119,43.43,0.00,1463.2,119.5,-0.1,4,8750,0.000,0.211,-0.002,0.004,-0.015,44.4,-5.7,0
2120,43.45,0.00,1463.8,118.7,-0.0,4,8689,0.000,0.216,-0.001,0.006,-0.015,43.7,-5.5,0
2121,43.47,0.00,1464.5,118.0,-0.0,4,8627,0.000,0.219,-0.000,0.007,-0.015,43.1,-5.4,0
2122,43.49,0.00,1465.1,117.2,-0.0,4,8567,0.000,0.221,-0.000,0.009,-0.015,42.4,-5.3,0
2123,43.51,0.00,1465.8,116.3,-0.0,4,8507,0.000,0.223,0.000,0.010,-0.015,41.7,-5.2,0
2124,43.53,0.00,1466.4,115.5,-0.0,4,8447,0.000,0.224,-0.000,0.012,-0.015,41.1,-5.1,0
2125,43.55,0.00,1467.1,114.7,-0.0,4,8387,0.000,0.225,-0.000,0.014,-0.015,40.4,-5.2,0
2126,43.57,0.00,1467.7,113.9,-0.0,4,8328,0.000,0.226,0.000,0.015,-0.015,39.8,-5.1,0
2127,43.59,0.00,1468.3,113.1,-0.0,4,8269,0.000,0.228,0.000,0.017,-0.015,39.1,-5.0,0
2128,43.61,0.00,1469.0,112.3,-0.0,4,8209,0.000,0.229,0.001,0.018,-0.015,38.5,-4.8,0
2129,43.63,0.00,1469.6,111.5,-0.0,4,8149,0.000,0.230,0.002,0.020,-0.015,37.9,-4.7,0
2130,43.65,0.00,1470.2,110.7,-0.0,4,8093,0.000,0.230,0.003,0.021,-0.015,37.3,-4.5,0
2131,43.67,0.00,1470.8,109.9,-0.0,4,8033,0.000,0.231,0.006,0.023,-0.015,36.7,-4.4,0
2132,43.69,0.00,1471.4,109.1,-0.0,3,9846,0.000,0.232,0.084,0.024,-0.016,36.1,-3.8,0
2133,43.71,0.00,1472.0,108.3,0.1,3,9819,0.000,0.227,0.075,0.026,-0.017,35.6,-3.1,0
2134,43.73,0.00,1472.6,107.5,0.1,3,9641,0.000,0.210,0.057,0.028,-0.021,35.3,-4.4,0
2135,43.75,0.00,1473.2,106.7,-0.1,3,9564,0.000,0.189,0.037,0.030,-0.025,35.0,-5.3,0
2136,43.77,0.00,1473.8,105.9,-0.3,3,9507,0.000,0.174,0.019,0.033,-0.029,34.6,-5.9,0
2137,43.79,0.00,1474.4,105.2,-0.4,3,9453,0.000,0.165,0.006,0.035,-0.032,34.2,-6.1,0
2138,43.81,0.00,1475.0,104.6,-0.4,3,9400,0.000,0.164,-0.003,0.038,-0.033,33.8,-6.3,0
2139,43.83,0.00,1475.5,103.9,-0.4,3,9343,0.000,0.169,-0.007,0.041,-0.034,33.3,-6.2,0
2140,43.85,0.00,1476.1,103.2,-0.4,3,9283,0.000,0.176,-0.005,0.044,-0.034,32.7,-6.0,0
2141,43.87,0.00,1476.7,102.6,-0.3,3,9219,0.000,0.184,0.033,0.047,-0.026,32.1,-5.7,0
2142,43.89,0.00,1477.3,101.9,-0.1,3,9153,0.000,0.188,0.068,0.048,-0.019,31.6,-5.4,0
2143,43.91,0.00,1477.8,101.2,-0.0,3,9090,0.000,0.183,0.095,0.050,-0.013,31.2,-5.0,0
2144,43.93,0.00,1478.4,100.4,0.0,3,9028,0.000,0.169,0.113,0.051,-0.010,30.9,-5.0,0
2145,43.95,0.00,1479.0,99.8,0.0,3,8972,0.000,0.150,0.123,0.052,-0.007,30.7,-5.3,0
2146,43.97,0.00,1479.5,99.1,-0.1,3,8923,0.000,0.127,0.126,0.052,-0.007,30.5,-5.7,0
2147,43.99,0.00,1480.1,98.6,-0.2,3,8884,0.000,0.103,0.126,0.053,-0.007,30.5,-6.1,0
2148,44.01,0.00,1480.6,98.1,-0.3,3,8852,0.000,0.080,0.124,0.053,-0.007,30.4,-6.4,0
2149,44.03,0.00,1481.2,97.6,-0.4,3,8826,0.000,0.061,0.122,0.053,-0.007,30.4,-6.8,0
2150,44.05,0.00,1481.7,97.3,-0.5,3,8805,0.000,0.044,0.119,0.053,-0.008,30.4,-7.0,0
2151,44.07,0.00,1482.2,97.0,-0.6,3,8786,0.000,0.031,0.116,0.054,-0.008,30.4,-7.2,0
2152,44.09,0.00,1482.8,96.7,-0.6,3,8769,0.000,0.021,0.115,0.054,-0.008,30.3,-7.4,0
2153,44.11,0.00,1483.3,96.5,-0.6,3,8753,0.000,0.014,0.115,0.054,-0.008,30.3,-7.6,0
2154,44.13,0.00,1483.8,96.2,-0.6,3,8738,0.000,0.009,0.116,0.054,-0.008,30.2,-7.7,0
2155,44.15,0.00,1484.4,96.0,-0.6,3,8723,0.000,0.005,0.117,0.054,-0.008,30.1,-7.7,0
2156,44.17,0.00,1484.9,95.9,-0.6,3,8709,0.000,0.002,0.119,0.054,-0.007,30.0,-7.8,0
2157,44.19,0.00,1485.5,95.7,-0.5,3,8695,0.050,0.000,0.121,0.054,-0.007,29.9,-7.8,0
2158,44.21,0.00,1486.0,95.6,-0.5,3,8712,0.100,0.000,0.122,0.055,-0.007,29.8,-7.3,0
2159,44.23,0.00,1486.5,95.5,-0.5,3,8732,0.000,0.002,0.124,0.055,-0.006,29.8,-6.7,0
2160,44.25,0.00,1487.1,95.4,-0.4,3,8665,0.000,0.001,0.124,0.055,-0.006,29.7,-7.8,0
2161,44.27,0.00,1487.6,95.2,-0.4,3,8650,0.050,0.000,0.126,0.055,-0.006,29.6,-7.8,0
2162,44.29,0.00,1488.1,95.1,-0.4,3,8666,0.100,0.000,0.126,0.055,-0.006,29.5,-7.2,0
2163,44.31,0.00,1488.7,95.0,-0.4,3,8687,0.150,0.000,0.127,0.055,-0.005,29.5,-6.7,0
2164,44.33,0.00,1489.2,95.0,-0.4,3,8712,0.000,0.003,0.128,0.055,-0.005,29.4,-6.1,0
2165,44.35,0.00,1489.7,94.8,-0.4,3,8619,0.000,0.003,0.129,0.055,-0.005,29.3,-7.7,0
2166,44.37,0.00,1490.2,94.7,-0.4,3,8603,0.050,0.000,0.130,0.055,-0.005,29.3,-7.7,0
2167,44.39,0.00,1490.8,94.5,-0.4,3,8620,0.100,0.000,0.130,0.055,-0.005,29.2,-7.2,0
2168,44.41,0.00,1491.3,94.5,-0.4,3,8640,0.150,0.000,0.130,0.055,-0.004,29.1,-6.6,0
2169,44.43,0.00,1491.8,94.4,-0.4,3,8665,0.000,0.003,0.131,0.055,-0.004,29.1,-6.0,0
2170,44.45,0.00,1492.3,94.3,-0.4,3,8573,0.000,0.003,0.132,0.055,-0.004,29.0,-7.6,0
2171,44.47,0.00,1492.9,94.2,-0.4,3,8557,0.000,0.000,0.133,0.055,-0.004,28.9,-7.6,0
2172,44.49,0.00,1493.4,94.0,-0.4,3,8544,0.050,0.000,0.133,0.055,-0.004,28.8,-7.7,0
2173,44.51,0.00,1493.9,93.9,-0.4,3,8559,0.100,0.000,0.132,0.055,-0.004,28.8,-7.1,0
2174,44.53,0.00,1494.5,93.8,-0.4,3,8579,0.150,0.000,0.132,0.055,-0.004,28.7,-6.6,0
2175,44.55,0.00,1495.0,93.8,-0.4,3,8604,0.000,0.000,0.133,0.055,-0.004,28.6,-6.0,0
2176,44.57,0.00,1495.5,93.7,-0.4,3,8514,0.000,0.001,0.134,0.055,-0.003,28.6,-7.6,0
2177,44.59,0.00,1496.0,93.5,-0.4,3,8499,0.050,0.000,0.135,0.055,-0.003,28.5,-7.6,0
2178,44.61,0.00,1496.5,93.4,-0.4,3,8515,0.100,0.000,0.136,0.055,-0.003,28.4,-7.1,0
2179,44.63,0.00,1497.1,93.3,-0.3,3,8535,0.150,0.000,0.137,0.054,-0.003,28.4,-6.5,0
2180,44.65,0.00,1497.6,93.3,-0.3,3,8559,0.000,0.003,0.137,0.054,-0.003,28.3,-6.0,0
2181,44.67,0.00,1498.1,93.2,-0.3,3,8468,0.000,0.003,0.137,0.054,-0.003,28.2,-7.5,0
2182,44.69,0.00,1498.6,93.0,-0.3,3,8453,0.000,0.000,0.138,0.054,-0.002,28.1,-7.5,0
2183,44.71,0.00,1499.2,92.8,-0.3,3,8440,0.050,0.000,0.139,0.054,-0.002,28.1,-7.6,0
2184,44.73,0.00,1499.7,92.7,-0.3,3,8455,0.100,0.000,0.139,0.054,-0.002,28.0,-7.0,0
2185,44.75,0.00,1500.2,92.6,-0.3,3,8475,0.150,0.000,0.140,0.054,-0.002,27.9,-6.5,0
2186,44.77,0.00,1500.7,92.6,-0.3,3,8499,0.000,0.002,0.141,0.054,-0.002,27.9,-5.9,0
2187,44.79,0.00,1501.2,92.5,-0.3,3,8410,0.000,0.002,0.141,0.053,-0.002,27.8,-7.5,0
2188,44.81,0.00,1501.7,92.4,-0.3,3,8395,0.050,0.000,0.141,0.053,-0.002,27.7,-7.5,0
2189,44.83,0.00,1502.2,92.2,-0.3,3,8411,0.100,0.000,0.142,0.053,-0.002,27.7,-7.0,0
2190,44.85,0.00,1502.8,92.2,-0.3,3,8431,0.150,0.000,0.143,0.053,-0.001,27.6,-6.4,0
2191,44.87,0.00,1503.3,92.1,-0.3,3,8455,0.000,0.004,0.144,0.053,-0.001,27.5,-5.9,0
2192,44.89,0.00,1503.8,92.0,-0.3,3,8365,0.000,0.004,0.145,0.053,-0.001,27.5,-7.4,0
2193,44.91,0.00,1504.3,91.9,-0.2,3,8350,0.000,0.001,0.146,0.052,-0.001,27.4,-7.4,0
2194,44.93,0.00,1504.8,91.7,-0.2,3,8337,0.050,0.000,0.147,0.052,-0.001,27.3,-7.4,0
2195,44.95,0.00,1505.3,91.6,-0.2,3,8352,0.100,0.000,0.146,0.052,-0.001,27.3,-6.9,0
2196,44.97,0.00,1505.8,91.5,-0.3,3,8371,0.150,0.000,0.146,0.052,-0.001,27.2,-6.4,0
2197,44.99,0.00,1506.3,91.5,-0.3,3,8395,0.000,0.002,0.147,0.052,-0.001,27.1,-5.8,0
2198,45.01,0.00,1506.9,91.4,-0.3,3,8307,0.000,0.001,0.148,0.051,-0.001,27.1,-7.3,0
2199,45.03,0.00,1507.4,91.2,-0.2,3,8294,0.050,0.000,0.150,0.051,-0.000,27.0,-7.4,0
2200,45.05,0.00,1507.9,91.1,-0.2,3,8308,0.100,0.000,0.151,0.051,-0.000,26.9,-6.9,0
2201,45.07,0.00,1508.4,91.0,-0.2,3,8327,0.150,0.000,0.151,0.051,-0.000,26.9,-6.3,0
2202,45.09,0.00,1508.9,91.0,-0.2,3,8351,0.000,0.002,0.151,0.050,-0.000,26.8,-5.8,0
2203,45.11,0.00,1509.4,90.9,-0.2,3,8264,0.000,0.002,0.152,0.050,-0.000,26.8,-7.3,0
2204,45.13,0.00,1509.9,90.7,-0.2,3,8249,0.050,0.000,0.153,0.050,0.000,26.7,-7.3,0
2205,45.15,0.00,1510.4,90.6,-0.2,3,8265,0.100,0.000,0.154,0.050,0.000,26.7,-6.8,0
2206,45.17,0.00,1510.9,90.5,-0.2,3,8283,0.150,0.000,0.155,0.050,0.000,26.6,-6.3,0
2207,45.19,0.00,1511.4,90.5,-0.2,3,8306,0.200,0.000,0.156,0.049,0.000,26.5,-5.8,0
2208,45.21,0.00,1511.9,90.5,-0.2,3,8334,0.000,0.005,0.158,0.049,0.001,26.5,-5.3,0
2209,45.23,0.00,1512.4,90.4,-0.1,3,8222,0.000,0.005,0.159,0.049,0.001,26.4,-7.2,0
2210,45.25,0.00,1513.0,90.3,-0.1,3,8206,0.050,0.000,0.159,0.049,0.001,26.4,-7.2,0
2211,45.27,0.00,1513.5,90.1,-0.2,3,8223,0.100,0.000,0.160,0.048,0.001,26.4,-6.8,0
2212,45.29,0.00,1514.0,90.1,-0.2,3,8242,0.150,0.000,0.160,0.048,0.001,26.3,-6.3,0
2213,45.31,0.00,1514.5,90.0,-0.2,3,8264,0.200,0.000,0.161,0.048,0.001,26.3,-5.7,0
2214,45.33,0.00,1515.0,90.1,-0.2,3,8291,0.000,0.002,0.163,0.048,0.001,26.2,-5.2,0
2215,45.35,0.00,1515.5,90.0,-0.1,3,8183,0.000,0.000,0.164,0.047,0.001,26.2,-7.2,0
2216,45.37,0.00,1516.0,89.8,-0.1,3,8169,0.050,0.000,0.165,0.047,0.001,26.2,-7.3,0
2217,45.39,0.00,1516.5,89.7,-0.1,3,8183,0.100,0.000,0.164,0.047,0.001,26.2,-6.7,0
2218,45.41,0.00,1517.0,89.6,-0.1,3,8202,0.150,0.000,0.165,0.046,0.001,26.1,-6.2,0
2219,45.43,0.00,1517.5,89.6,-0.2,3,8225,0.200,0.000,0.166,0.046,0.001,26.1,-5.7,0
2220,45.45,0.00,1518.0,89.6,-0.2,3,8253,0.250,0.000,0.167,0.046,0.001,26.1,-5.1,0
2221,45.47,0.00,1518.5,89.7,-0.1,3,8282,0.300,0.000,0.169,0.046,0.002,26.1,-4.7,0
2222,45.49,0.00,1519.0,89.8,-0.1,3,8318,0.000,0.004,0.172,0.045,0.002,26.1,-4.2,0
2223,45.51,0.00,1519.5,89.7,-0.1,3,8161,0.000,0.003,0.174,0.045,0.002,26.0,-7.1,0
2224,45.53,0.00,1520.0,89.6,-0.1,3,8145,0.050,0.000,0.175,0.045,0.002,26.0,-7.2,0
2225,45.55,0.00,1520.5,89.5,-0.1,3,8160,0.100,0.000,0.175,0.044,0.002,26.0,-6.7,0
2226,45.57,0.00,1521.0,89.4,-0.1,3,8179,0.150,0.000,0.175,0.044,0.002,26.0,-6.2,0
2227,45.59,0.00,1521.5,89.3,-0.1,3,8203,0.200,0.000,0.175,0.044,0.002,26.1,-5.7,0
2228,45.61,0.00,1522.0,89.4,-0.1,3,8228,0.250,0.000,0.176,0.043,0.002,26.1,-5.2,0
2229,45.63,0.00,1522.5,89.4,-0.1,3,8259,0.300,0.000,0.177,0.043,0.002,26.1,-4.6,0
2230,45.65,0.00,1523.0,89.5,-0.1,3,8296,0.350,0.000,0.179,0.043,0.002,26.1,-4.1,0
2231,45.67,0.00,1523.5,89.7,-0.1,3,8339,0.400,0.000,0.181,0.042,0.003,26.1,-3.5,0
2232,45.69,0.00,1524.0,89.9,-0.1,3,8389,0.000,0.001,0.183,0.042,0.003,26.1,-2.9,0
2233,45.71,0.00,1524.5,89.9,-0.1,3,8175,0.050,0.000,0.186,0.042,0.004,26.2,-7.2,0
2234,45.73,0.00,1525.0,89.7,-0.1,3,8187,0.100,0.000,0.189,0.041,0.004,26.2,-6.7,0
2235,45.75,0.00,1525.5,89.7,-0.1,3,8205,0.150,0.000,0.190,0.041,0.004,26.3,-6.2,0
2236,45.77,0.00,1526.0,89.6,-0.1,3,8227,0.200,0.000,0.191,0.040,0.004,26.3,-5.7,0
2237,45.79,0.00,1526.5,89.6,-0.1,3,8255,0.250,0.000,0.191,0.040,0.004,26.4,-5.2,0
2238,45.81,0.00,1527.0,89.7,-0.1,3,8288,0.300,0.000,0.189,0.039,0.003,26.5,-4.6,0
2239,45.83,0.00,1527.5,89.8,-0.1,3,8327,0.350,0.000,0.188,0.039,0.003,26.6,-4.0,0
2240,45.85,0.00,1528.0,90.0,-0.2,3,8371,0.400,0.000,0.187,0.039,0.003,26.7,-3.4,0
2241,45.87,0.00,1528.5,90.2,-0.2,3,8421,0.450,0.000,0.188,0.038,0.003,26.8,-2.7,0
2242,45.89,0.00,1529.0,90.4,-0.2,3,8478,0.500,0.000,0.189,0.038,0.003,26.8,-2.0,0
2243,45.91,0.00,1529.5,90.7,-0.2,3,8522,0.550,0.000,0.192,0.037,0.003,26.9,-1.7,0
2244,45.93,0.00,1530.0,91.1,-0.2,3,8589,0.600,0.000,0.196,0.037,0.004,26.9,-1.0,0
2245,45.95,0.00,1530.5,91.5,-0.2,3,8671,0.000,0.012,0.200,0.036,0.004,27.0,-0.1,0
2246,45.97,0.00,1531.0,91.5,-0.1,3,8316,0.000,0.009,0.204,0.036,0.005,27.1,-7.0,0
2247,45.99,0.00,1531.5,91.3,-0.1,3,8296,0.050,0.000,0.205,0.035,0.005,27.2,-7.2,0
2248,46.01,0.00,1532.0,91.1,-0.1,3,8313,0.100,0.000,0.200,0.034,0.004,27.3,-6.9,0
2249,46.03,0.00,1532.5,91.0,-0.2,3,8333,0.150,0.000,0.194,0.034,0.003,27.5,-6.3,0
2250,46.05,0.00,1533.0,91.0,-0.3,3,8355,0.200,0.000,0.188,0.033,0.001,27.6,-5.7,0
2251,46.07,0.00,1533.6,91.0,-0.3,3,8385,0.250,0.000,0.182,0.033,-0.000,27.8,-5.2,0
2252,46.09,0.00,1534.1,91.1,-0.4,3,8419,0.300,0.000,0.178,0.033,-0.001,28.0,-4.6,0
2253,46.11,0.00,1534.6,91.2,-0.4,3,8458,0.350,0.000,0.175,0.032,-0.002,28.1,-4.0,0
2254,46.13,0.00,1535.1,91.3,-0.4,3,8502,0.400,0.000,0.173,0.032,-0.002,28.2,-3.3,0
2255,46.15,0.00,1535.6,91.5,-0.4,3,8552,0.450,0.000,0.171,0.032,-0.003,28.4,-2.7,0
2256,46.17,0.00,1536.1,91.8,-0.4,3,8608,0.500,0.000,0.171,0.032,-0.003,28.5,-2.0,0
2257,46.19,0.00,1536.6,92.1,-0.4,3,8666,0.550,0.000,0.172,0.032,-0.003,28.5,-1.4,0
2258,46.21,0.00,1537.1,92.4,-0.4,3,8732,0.600,0.000,0.174,0.032,-0.003,28.6,-0.7,0
2259,46.23,0.00,1537.7,92.8,-0.3,3,8814,0.650,0.000,0.177,0.032,-0.002,28.7,0.1,0
2260,46.25,0.00,1538.2,93.3,-0.3,3,8905,0.700,0.000,0.180,0.031,-0.002,28.8,1.1,0
2261,46.27,0.00,1538.7,93.8,-0.4,3,9011,0.750,0.000,0.182,0.031,-0.002,28.8,2.3,0
2262,46.29,0.00,1539.2,94.4,-0.4,3,9136,0.000,0.006,0.180,0.031,-0.002,29.0,3.7,0
2263,46.31,0.00,1539.7,94.5,-0.4,3,8594,0.000,0.005,0.178,0.031,-0.003,29.1,-7.2,0
2264,46.33,0.00,1540.3,94.3,-0.4,3,8571,0.050,0.000,0.176,0.030,-0.003,29.2,-7.6,0
2265,46.35,0.00,1540.8,94.2,-0.4,3,8586,0.100,0.000,0.174,0.030,-0.004,29.3,-7.1,0
2266,46.37,0.00,1541.3,94.1,-0.4,3,8606,0.150,0.000,0.170,0.030,-0.005,29.5,-6.5,0
2267,46.39,0.00,1541.8,94.0,-0.4,3,8632,0.200,0.000,0.165,0.030,-0.006,29.7,-5.9,0
2268,46.41,0.00,1542.4,94.0,-0.5,3,8662,0.250,0.000,0.160,0.031,-0.007,29.9,-5.3,0
2269,46.43,0.00,1542.9,94.1,-0.5,3,8697,0.300,0.000,0.155,0.031,-0.008,30.0,-4.7,0
2270,46.45,0.00,1543.4,94.2,-0.5,3,8737,0.350,0.000,0.151,0.031,-0.009,30.2,-4.1,0
2271,46.47,0.00,1543.9,94.3,-0.5,3,8780,0.400,0.000,0.150,0.031,-0.010,30.3,-3.5,0
2272,46.49,0.00,1544.5,94.6,-0.5,3,8827,0.450,0.000,0.150,0.032,-0.010,30.4,-2.9,0
2273,46.51,0.00,1545.0,94.8,-0.4,3,8884,0.500,0.000,0.153,0.032,-0.009,30.5,-2.3,0
2274,46.53,0.00,1545.5,95.1,-0.4,3,8950,0.550,0.000,0.156,0.032,-0.009,30.6,-1.5,0
2275,46.55,0.00,1546.0,95.5,-0.4,3,9027,0.600,0.000,0.159,0.033,-0.008,30.6,-0.7,0
2276,46.57,0.00,1546.6,95.9,-0.3,3,9112,0.650,0.000,0.160,0.033,-0.008,30.7,0.3,0
2277,46.59,0.00,1547.1,96.4,-0.4,3,9209,0.700,0.000,0.160,0.033,-0.008,30.8,1.3,0
2278,46.61,0.00,1547.7,96.9,-0.4,3,9314,0.750,0.000,0.160,0.034,-0.008,30.9,2.5,0
2279,46.63,0.00,1548.2,97.5,-0.5,3,9430,0.000,0.007,0.159,0.034,-0.009,31.1,3.6,0
2280,46.65,0.00,1548.8,97.6,-0.5,3,8875,0.000,0.006,0.158,0.034,-0.009,31.2,-7.5,0
2281,46.67,0.00,1549.3,97.4,-0.4,3,8850,0.050,0.000,0.159,0.035,-0.009,31.3,-7.9,0
2282,46.69,0.00,1549.8,97.3,-0.4,3,8866,0.100,0.000,0.157,0.035,-0.009,31.4,-7.4,0
2283,46.71,0.00,1550.4,97.2,-0.4,3,8887,0.150,0.000,0.152,0.035,-0.011,31.6,-6.8,0
2284,46.73,0.00,1550.9,97.1,-0.5,3,8914,0.200,0.000,0.146,0.036,-0.012,31.8,-6.2,0
2285,46.75,0.00,1551.5,97.1,-0.5,3,8943,0.250,0.000,0.142,0.037,-0.013,32.0,-5.6,0
2286,46.77,0.00,1552.0,97.2,-0.5,3,8979,0.300,0.000,0.139,0.037,-0.014,32.2,-5.0,0
2287,46.79,0.00,1552.5,97.3,-0.5,3,9020,0.350,0.000,0.138,0.038,-0.014,32.3,-4.3,0
2288,46.81,0.00,1553.1,97.4,-0.5,3,9067,0.400,0.000,0.138,0.039,-0.014,32.5,-3.7,0
2289,46.83,0.00,1553.6,97.7,-0.5,3,9120,0.450,0.000,0.140,0.039,-0.014,32.6,-3.0,0
2290,46.85,0.00,1554.2,97.9,-0.5,3,9181,0.500,0.000,0.141,0.040,-0.015,32.7,-2.2,0
2291,46.87,0.00,1554.7,98.2,-0.4,3,9250,0.550,0.000,0.143,0.041,-0.014,32.8,-1.4,0
2292,46.89,0.00,1555.3,98.6,-0.4,3,9323,0.600,0.000,0.145,0.042,-0.014,32.9,-0.7,0
2293,46.91,0.00,1555.8,99.1,-0.4,3,9405,0.650,0.000,0.148,0.043,-0.014,33.0,0.2,0
2294,46.93,0.00,1556.4,99.5,-0.4,3,9501,0.700,0.000,0.150,0.044,-0.014,33.1,1.2,0
2295,46.95,0.00,1556.9,100.1,-0.5,3,9608,0.750,0.000,0.152,0.045,-0.014,33.2,2.3,0
2296,46.97,0.00,1557.5,100.7,-0.6,3,9727,0.800,0.000,0.151,0.045,-0.015,33.4,3.6,0
2297,46.99,0.00,1558.1,101.3,-0.7,3,9864,0.000,0.016,0.148,0.046,-0.016,33.6,5.1,0
2298,47.01,0.00,1558.6,101.5,-0.7,3,9217,0.000,0.011,0.146,0.047,-0.017,33.8,-7.6,0
2299,47.03,0.00,1559.2,101.2,-0.7,3,9186,0.050,0.000,0.147,0.048,-0.017,33.9,-8.1,0
2300,47.05,0.00,1559.8,101.0,-0.6,3,9205,0.100,0.000,0.146,0.049,-0.018,34.1,-7.8,0
2301,47.07,0.00,1560.3,100.9,-0.6,3,9227,0.150,0.000,0.144,0.050,-0.019,34.3,-7.1,0
2302,47.09,0.00,1560.9,100.9,-0.7,3,9254,0.200,0.000,0.142,0.051,-0.021,34.6,-6.5,0
2303,47.11,0.00,1561.4,100.8,-0.7,3,9287,0.250,0.000,0.138,0.053,-0.022,34.9,-5.8,0
2304,47.13,0.00,1562.0,100.9,-0.7,3,9325,0.300,0.000,0.136,0.054,-0.024,35.1,-5.1,0
2305,47.15,0.00,1562.6,101.0,-0.7,3,9366,0.350,0.000,0.136,0.056,-0.025,35.3,-4.4,0
2306,47.17,0.00,1563.1,101.2,-0.7,3,9414,0.400,0.000,0.138,0.057,-0.026,35.5,-3.7,0
2307,47.19,0.00,1563.7,101.4,-0.7,3,9468,0.450,0.000,0.141,0.059,-0.026,35.7,-3.0,0
2308,47.21,0.00,1564.3,101.6,-0.6,3,9530,0.500,0.000,0.145,0.061,-0.027,35.9,-2.3,0
2309,47.23,0.00,1564.8,102.0,-0.6,3,9599,0.550,0.000,0.150,0.063,-0.027,36.1,-1.5,0
2310,47.25,0.00,1565.4,102.3,-0.6,3,9679,0.600,0.000,0.154,0.065,-0.028,36.3,-0.5,0
2311,47.27,0.00,1566.0,102.8,-0.6,3,9762,0.650,0.000,0.159,0.067,-0.029,36.5,0.4,0
2312,47.29,0.00,1566.5,103.2,-0.6,3,9851,0.700,0.000,0.164,0.069,-0.030,36.7,1.3,0
2313,47.31,0.00,1567.1,103.8,-0.7,3,9957,0.750,0.000,0.169,0.071,-0.031,37.0,2.4,0
2314,47.33,0.00,1567.7,104.3,-0.8,3,10077,0.800,0.000,0.174,0.074,-0.033,37.4,3.7,0
2315,47.35,0.00,1568.3,104.9,-1.0,3,10216,0.650,0.000,-0.065,0.076,-0.036,37.8,5.3,0
2316,47.37,0.00,1568.9,105.5,-1.5,3,10115,0.700,0.000,-0.069,0.079,-0.036,38.0,2.2,0
2317,47.39,0.00,1569.5,106.1,-1.6,3,10164,0.750,0.000,0.221,0.080,-0.031,37.6,1.9,0
2318,47.41,0.00,1570.1,106.7,-1.0,3,10247,0.000,0.049,0.255,0.082,-0.024,37.0,2.9,0
2319,47.43,0.00,1570.7,106.7,-0.5,3,9673,0.000,0.059,0.278,0.083,-0.022,36.9,-6.3,0
2320,47.45,0.00,1571.3,106.3,-0.3,3,9623,0.000,0.025,0.294,0.085,-0.022,37.1,-6.2,0
2321,47.47,0.00,1571.8,105.9,-0.3,3,9600,0.050,0.000,0.306,0.087,-0.026,37.6,-7.4,0
2322,47.49,0.00,1572.5,105.7,-0.5,3,9621,0.100,0.000,-0.036,0.090,-0.032,38.3,-7.8,0
2323,47.51,0.00,1573.0,105.5,-1.2,3,9642,0.150,0.000,-0.063,0.092,-0.038,39.1,-7.6,0
2324,47.53,0.00,1573.6,105.4,-1.7,3,9670,0.200,0.000,-0.055,0.094,-0.037,39.2,-6.9,0
2325,47.55,0.00,1574.2,105.4,-1.6,3,9699,0.250,0.000,-0.021,0.096,-0.030,38.6,-6.3,0
2326,47.57,0.00,1574.8,105.5,-1.1,3,9732,0.300,0.000,0.022,0.097,-0.022,37.9,-5.7,0
2327,47.59,0.00,1575.4,105.6,-0.6,3,9770,0.350,0.000,0.372,0.098,-0.014,37.2,-5.2,0
2328,47.61,0.00,1576.0,105.8,-0.1,3,9813,0.000,0.012,0.396,0.099,-0.010,36.9,-4.0,0
2329,47.63,0.00,1576.6,105.6,0.2,3,9587,0.050,0.000,0.393,0.100,-0.010,37.0,-7.3,0
2330,47.65,0.00,1577.2,105.3,0.2,3,9597,0.100,0.000,0.369,0.102,-0.014,37.6,-7.2,0
2331,47.67,0.00,1577.8,105.2,-0.0,3,9611,0.150,0.000,0.046,0.103,-0.020,38.4,-6.9,0
2332,47.69,0.00,1578.3,105.1,-0.6,3,9637,0.200,0.000,0.022,0.105,-0.027,39.4,-6.8,0
2333,47.71,0.00,1578.9,105.1,-1.2,3,9671,0.250,0.000,0.021,0.107,-0.029,39.9,-6.2,0
2334,47.73,0.00,1579.5,105.1,-1.3,3,9707,0.300,0.000,0.037,0.109,-0.027,39.9,-5.5,0
2335,47.75,0.00,1580.1,105.2,-1.0,3,9746,0.350,0.000,0.057,0.110,-0.024,39.7,-4.9,0
2336,47.77,0.00,1580.7,105.4,-0.8,3,9791,0.400,0.000,0.079,0.111,-0.020,39.5,-4.3,0
2337,47.79,0.00,1581.3,105.6,-0.5,3,9838,0.450,0.000,0.098,0.113,-0.017,39.3,-3.7,0
2338,47.81,0.00,1581.9,105.9,-0.4,3,9894,0.500,0.000,0.115,0.114,-0.015,39.3,-3.0,0
2339,47.83,0.00,1582.5,106.2,-0.2,3,9958,0.550,0.000,0.130,0.115,-0.014,39.5,-2.3,0
2340,47.85,0.00,1583.1,106.6,-0.2,3,10032,0.600,0.000,0.143,0.116,-0.013,39.7,-1.5,0
2341,47.87,0.00,1583.7,107.0,-0.2,3,10118,0.650,0.000,0.153,0.117,-0.014,40.1,-0.6,0
2342,47.89,0.00,1584.3,107.4,-0.3,3,10217,0.700,0.000,0.164,0.118,-0.015,40.7,0.6,0
2343,47.91,0.00,1584.9,108.0,-0.4,3,10325,0.750,0.000,0.176,0.119,-0.017,41.4,1.8,0
2344,47.93,0.00,1585.5,108.5,-0.6,3,10450,0.800,0.000,0.164,0.121,-0.020,42.3,3.3,0
2345,47.95,0.00,1586.1,109.1,-0.8,3,10592,0.850,0.000,0.144,0.122,-0.023,43.5,4.9,0
2346,47.97,0.00,1586.7,109.8,-1.2,3,10752,0.700,0.000,0.122,0.124,-0.026,44.7,6.8,0
2347,47.99,0.00,1587.3,110.4,-1.4,3,10661,0.750,0.000,0.102,0.125,-0.030,46.1,3.9,0
2348,48.01,0.00,1587.9,110.7,-1.5,4,8659,0.800,0.000,0.087,0.127,-0.032,47.4,-7.5,0
2349,48.03,0.00,1588.6,110.5,-1.4,4,8668,0.850,0.000,0.082,0.129,-0.032,48.4,-8.1,0
2350,48.05,0.00,1589.2,110.4,-1.3,4,8208,0.900,0.000,0.080,0.131,-0.032,49.3,-7.8,0
2351,48.07,0.00,1589.8,110.7,-1.2,4,8603,0.950,0.000,0.067,0.133,-0.031,50.2,1.3,0
2352,48.09,0.00,1590.4,111.2,-1.2,4,8714,1.000,0.000,0.027,0.135,-0.031,51.1,3.2,0
2353,48.11,0.00,1591.0,111.8,-1.3,4,8794,1.000,0.000,0.017,0.137,-0.029,51.8,4.0,0
2354,48.13,0.00,1591.7,112.5,-1.3,4,8826,1.000,0.000,0.026,0.138,-0.026,52.2,3.6,0
2355,48.15,0.00,1592.3,113.2,-1.1,4,8848,1.000,0.000,0.043,0.140,-0.022,52.3,2.9,0
2356,48.17,0.00,1592.9,113.9,-0.9,4,8877,1.000,0.000,0.062,0.141,-0.017,52.4,2.4,0
2357,48.19,0.00,1593.6,114.5,-0.7,4,8922,1.000,0.000,0.079,0.142,-0.014,52.6,2.3,0
2358,48.21,0.00,1594.2,115.2,-0.6,4,8979,1.000,0.000,0.093,0.142,-0.011,53.2,2.4,0
2359,48.23,0.00,1594.9,115.8,-0.5,4,9044,1.000,0.000,0.103,0.143,-0.009,54.2,2.8,0
2360,48.25,0.00,1595.5,116.5,-0.6,4,9114,1.000,0.000,0.102,0.143,-0.008,55.5,3.3,0
2361,48.27,0.00,1596.2,117.1,-0.7,4,9185,1.000,0.000,0.097,0.144,-0.008,57.3,3.7,0
2362,48.29,0.00,1596.8,117.8,-0.8,4,9253,1.000,0.000,0.091,0.144,-0.008,59.4,4.1,0
2363,48.31,0.00,1597.5,118.5,-1.0,4,9318,1.000,0.000,0.085,0.144,-0.008,61.8,4.4,0
2364,48.33,0.00,1598.2,119.1,-1.1,4,9380,1.000,0.000,0.080,0.144,-0.008,64.5,4.7,0
2365,48.35,0.00,1598.8,119.8,-1.3,4,9438,1.000,0.000,0.076,0.143,-0.008,67.4,4.8,0
2366,48.37,0.00,1599.5,120.5,-1.4,4,9492,1.000,0.000,0.074,0.143,-0.008,70.5,4.9,0
2367,48.39,0.00,1600.2,121.2,-1.4,4,9542,1.000,0.000,0.073,0.142,-0.007,74.0,4.8,0
2368,48.41,0.00,1600.9,121.9,-1.5,4,9590,1.000,0.000,0.073,0.142,-0.007,77.7,4.7,0
2369,48.43,0.00,1601.6,122.6,-1.5,4,9638,1.000,0.000,0.074,0.141,-0.006,81.9,4.6,0
2370,48.45,0.00,1602.2,123.3,-1.5,4,9687,1.000,0.000,0.061,0.140,-0.005,86.7,4.5,0
2371,48.47,0.00,1602.9,124.0,-1.5,4,9735,1.000,0.000,0.055,0.139,-0.004,91.9,4.3,0
2372,48.49,0.00,1603.6,124.7,-1.5,4,9785,1.000,0.000,0.055,0.138,-0.002,97.3,4.2,0
2373,48.51,0.00,1604.3,125.4,-1.5,4,9833,1.000,0.000,0.060,0.137,-0.000,103.1,4.1,0
2374,48.53,0.00,1605.0,126.0,-1.4,4,9880,1.000,0.000,0.065,0.136,0.002,109.7,4.0,0
2375,48.55,0.00,1605.8,126.7,-1.4,4,9928,1.000,0.000,0.070,0.134,0.004,117.6,3.9,0
2376,48.57,0.00,1606.5,127.4,-1.3,4,9976,1.000,0.000,0.074,0.132,0.006,127.4,3.7,0
2377,48.59,0.00,1607.2,128.1,-1.3,4,10028,1.000,0.000,0.076,0.130,0.007,140.1,3.7,0
2378,48.61,0.00,1607.9,128.8,-1.3,4,10080,1.000,0.000,0.077,0.128,0.008,156.9,3.7,0
2379,48.63,0.00,1608.6,129.4,-1.4,4,10132,1.000,0.000,0.078,0.126,0.009,179.5,3.7,0
2380,48.65,0.00,1609.3,130.1,-1.4,4,10183,1.000,0.000,0.075,0.123,0.010,200.0,3.7,0
2381,48.67,0.00,1610.1,130.8,-1.4,4,10233,1.000,0.000,0.071,0.120,0.011,200.0,3.6,0
2382,48.69,0.00,1610.8,131.5,-1.5,4,10287,1.000,0.000,0.069,0.118,0.012,200.0,3.7,0
2383,48.71,0.00,1611.5,132.1,-1.5,4,10339,1.000,0.000,0.069,0.115,0.013,200.0,3.7,0
2384,48.73,0.00,1612.3,132.8,-1.6,4,10387,1.000,0.000,0.069,0.112,0.014,200.0,3.6,0
2385,48.75,0.00,1613.0,133.5,-1.6,4,10433,1.000,0.000,0.053,0.108,0.012,200.0,3.5,0
2386,48.77,0.00,1613.8,134.1,-1.6,4,10479,1.000,0.000,0.023,0.106,0.007,200.0,3.3,0
2387,48.79,0.00,1614.5,134.8,-1.6,4,10511,1.000,0.000,-0.001,0.103,0.003,200.0,2.8,0
2388,48.81,0.00,1615.3,135.5,-1.6,4,10551,1.000,0.000,-0.015,0.102,0.000,200.0,2.5,0
2389,48.83,0.00,1616.0,136.2,-1.4,4,10604,1.000,0.000,-0.019,0.100,-0.001,200.0,2.4,0
2390,48.85,0.00,1616.8,136.9,-1.1,4,10658,1.000,0.000,-0.017,0.099,-0.000,200.0,2.5,0
2391,48.87,0.00,1617.5,137.5,-0.8,4,10707,1.000,0.000,-0.011,0.098,0.001,200.0,2.4,0
2392,48.89,0.00,1618.3,138.2,-0.5,4,10754,1.000,0.000,-0.005,0.098,0.002,200.0,2.3,0
2393,48.91,0.00,1619.1,138.9,-0.3,4,10800,1.000,0.000,0.000,0.097,0.003,200.0,2.0,0
2394,48.93,0.00,1619.8,139.6,-0.1,4,10840,1.000,0.000,0.003,0.097,0.003,200.0,1.7,0
2395,48.95,0.00,1620.6,140.3,-0.0,4,10881,1.000,0.000,0.003,0.096,0.003,200.0,1.5,0
2396,48.97,0.00,1621.4,140.5,-0.0,5,9768,1.000,0.000,0.002,0.096,0.003,200.0,-9.9,0
2397,48.99,0.00,1622.2,140.4,0.0,5,9772,1.000,0.000,0.001,0.095,0.003,200.0,-10.4,0
2398,49.01,0.00,1623.0,140.2,0.0,5,9353,1.000,0.000,0.000,0.095,0.003,200.0,-10.3,0
2399,49.03,0.00,1623.8,140.5,0.0,5,9703,1.000,0.000,-0.000,0.095,0.002,200.0,-1.2,0
2400,49.05,0.00,1624.5,141.1,0.1,5,9773,1.000,0.000,-0.001,0.094,0.002,200.0,-0.2,0
2401,49.07,0.00,1625.3,141.6,0.1,5,9818,1.000,0.000,-0.001,0.094,0.002,200.0,0.0,0
2402,49.09,0.00,1626.1,142.2,0.1,5,9857,1.000,0.000,-0.001,0.094,0.002,200.0,0.0,0
2403,49.11,0.00,1626.9,142.8,0.1,5,9893,1.000,0.000,-0.001,0.094,0.002,200.0,-0.1,0
2404,49.13,0.00,1627.7,143.4,0.1,5,9928,1.000,0.000,-0.001,0.093,0.002,200.0,-0.2,0
2405,49.15,0.00,1628.5,143.9,0.1,5,9965,1.000,0.000,-0.001,0.093,0.002,200.0,-0.3,0
2406,49.17,0.00,1629.3,144.5,0.1,5,9992,1.000,0.000,-0.001,0.093,0.002,200.0,-0.6,0
2407,49.19,0.00,1630.1,145.1,0.1,5,10013,1.000,0.000,-0.001,0.093,0.002,200.0,-1.1,0
2408,49.21,0.00,1630.9,145.7,0.1,5,10051,1.000,0.000,-0.001,0.092,0.002,200.0,-1.2,0
2409,49.23,0.00,1631.7,146.2,0.1,5,10096,1.000,0.000,-0.001,0.092,0.002,200.0,-1.1,0
2410,49.25,0.00,1632.5,146.8,0.1,5,10144,1.000,0.000,-0.001,0.092,0.002,200.0,-0.8,0
2411,49.27,0.00,1633.3,147.4,0.1,5,10190,1.000,0.000,-0.001,0.092,0.002,200.0,-0.7,0
2412,49.29,0.00,1634.2,147.9,0.1,5,10231,1.000,0.000,-0.001,0.092,0.002,200.0,-0.6,0
2413,49.31,0.00,1635.0,148.5,0.1,5,10271,1.000,0.000,-0.001,0.091,0.002,200.0,-0.5,0
2414,49.33,0.00,1635.8,149.1,0.1,5,10308,1.000,0.000,-0.001,0.091,0.002,200.0,-0.6,0
2415,49.35,0.00,1636.7,149.6,0.1,5,10348,1.000,0.000,-0.001,0.091,0.002,200.0,-0.6,0
2416,49.37,0.00,1637.5,150.2,0.1,5,10402,1.000,0.000,-0.000,0.091,0.002,200.0,-0.2,0
2417,49.39,0.00,1638.3,150.7,0.1,5,10433,1.000,0.000,-0.000,0.090,0.002,200.0,-0.4,0
2418,49.41,0.00,1639.2,151.3,0.1,5,10463,1.000,0.000,-0.000,0.090,0.002,200.0,-0.6,0
2419,49.43,0.00,1640.0,151.9,0.1,5,10493,1.000,0.000,-0.000,0.090,0.002,200.0,-0.9,0
2420,49.45,0.00,1640.8,152.4,0.1,5,10525,1.000,0.000,-0.001,0.090,0.002,200.0,-1.1,0
2421,49.47,0.00,1641.7,153.0,0.1,5,10559,1.000,0.000,-0.000,0.089,0.002,200.0,-1.2,0
2422,49.49,0.00,1642.5,153.6,0.1,5,10595,1.000,0.000,-0.000,0.089,0.002,200.0,-1.3,0
2423,49.51,0.00,1643.4,154.1,0.1,5,10633,1.000,0.000,-0.000,0.089,0.002,200.0,-1.3,0
2424,49.53,0.00,1644.2,154.7,0.1,5,10683,1.000,0.000,-0.000,0.089,0.002,200.0,-1.1,0
2425,49.55,0.00,1645.1,155.2,0.1,5,10738,1.000,0.000,-0.000,0.089,0.002,200.0,-0.5,0
2426,49.57,0.00,1646.0,155.7,0.1,5,10768,1.000,0.000,-0.000,0.088,0.002,200.0,-0.7,0
2427,49.59,0.00,1646.8,156.3,0.1,5,10797,1.000,0.000,-0.000,0.088,0.002,200.0,-1.0,0
2428,49.61,0.00,1647.7,156.9,0.1,5,10826,1.000,0.000,-0.001,0.088,0.002,200.0,-1.2,0
2429,49.63,0.00,1648.6,157.4,0.1,5,10857,1.000,0.000,-0.000,0.088,0.002,200.0,-1.5,0
2430,49.65,0.00,1649.5,158.0,0.1,5,10889,1.000,0.000,-0.000,0.087,0.002,200.0,-1.6,0
2431,49.67,0.00,1650.3,158.5,0.1,5,10923,1.000,0.000,-0.000,0.087,0.002,200.0,-1.7,0
2432,49.69,0.00,1651.2,159.1,0.1,5,10959,1.000,0.000,-0.000,0.087,0.002,200.0,-1.8,0
2433,49.71,0.00,1652.1,159.6,0.1,5,10996,1.000,0.000,-0.000,0.087,0.002,200.0,-1.8,0
2434,49.73,0.00,1653.0,160.2,0.1,5,11033,0.990,0.000,-0.001,0.086,0.002,200.0,-1.8,0
2435,49.75,0.00,1653.9,160.7,0.1,5,11066,0.980,0.000,-0.000,0.086,0.002,200.0,-2.0,0
2436,49.77,0.00,1654.8,161.2,0.1,5,11098,0.970,0.000,-0.000,0.086,0.002,200.0,-2.1,0
2437,49.79,0.00,1655.7,161.7,0.1,5,11128,0.960,0.000,-0.000,0.086,0.002,200.0,-2.3,0
2438,49.81,0.00,1656.6,162.2,0.1,5,11158,0.950,0.000,-0.000,0.085,0.002,200.0,-2.4,0
2439,49.83,0.00,1657.5,162.7,0.1,5,11186,0.940,0.000,-0.000,0.085,0.002,200.0,-2.6,0
2440,49.85,0.00,1658.4,163.2,0.1,5,11214,0.930,0.000,-0.001,0.085,0.002,200.0,-2.8,0
2441,49.87,0.00,1659.3,163.7,0.1,5,11240,0.920,0.000,-0.000,0.085,0.002,200.0,-3.0,0
2442,49.89,0.00,1660.2,164.2,0.1,5,11266,0.910,0.000,-0.000,0.084,0.002,200.0,-3.2,0
2443,49.91,0.00,1661.1,164.7,0.1,5,11292,0.900,0.000,-0.000,0.084,0.002,200.0,-3.3,0
2444,49.93,0.00,1662.0,165.1,0.1,5,11317,0.890,0.000,-0.000,0.084,0.002,200.0,-3.5,0
2445,49.95,0.00,1663.0,165.6,0.1,5,11342,0.880,0.000,-0.000,0.083,0.002,200.0,-3.7,0
2446,49.97,0.00,1663.9,166.0,0.1,5,11367,0.870,0.000,-0.000,0.083,0.002,200.0,-3.8,0
2447,49.99,0.00,1664.8,166.4,0.1,5,11390,0.860,0.000,-0.001,0.083,0.002,200.0,-4.0,0
2448,50.01,0.00,1665.7,166.8,0.1,5,11414,0.850,0.000,-0.000,0.083,0.002,200.0,-4.2,0
2449,50.03,0.00,1666.7,167.2,0.1,5,11436,0.840,0.000,-0.000,0.082,0.002,200.0,-4.3,0
2450,50.05,0.00,1667.6,167.6,0.1,5,11458,0.830,0.000,-0.000,0.082,0.002,200.0,-4.5,0
2451,50.07,0.00,1668.5,168.0,0.1,5,11479,0.820,0.000,-0.000,0.082,0.002,200.0,-4.6,0
2452,50.09,0.00,1669.5,168.4,0.1,5,11500,0.810,0.000,-0.000,0.082,0.002,200.0,-4.8,0
2453,50.11,0.00,1670.4,168.8,0.1,5,11520,0.800,0.000,-0.000,0.081,0.002,200.0,-4.9,0
2454,50.13,0.00,1671.3,169.1,0.1,5,11540,0.790,0.000,-0.000,0.081,0.002,200.0,-5.1,0
2455,50.15,0.00,1672.3,169.5,0.1,5,11559,0.780,0.000,-0.001,0.081,0.002,200.0,-5.2,0
2456,50.17,0.00,1673.2,169.8,0.1,5,11577,0.770,0.000,-0.000,0.081,0.002,200.0,-5.4,0
2457,50.19,0.00,1674.2,170.1,0.1,5,11595,0.760,0.000,-0.000,0.080,0.002,200.0,-5.5,0
2458,50.21,0.00,1675.1,170.2,0.1,6,10622,0.750,0.000,-0.000,0.080,0.002,200.0,-12.2,0
2459,50.23,0.00,1676.0,170.0,0.1,6,10622,0.740,0.000,-0.000,0.080,0.002,200.0,-12.6,0
2460,50.25,0.00,1677.0,169.7,0.1,5,11322,0.730,0.000,-0.000,0.080,0.002,200.0,-12.6,0
2461,50.27,0.00,1677.9,169.5,0.1,5,11318,0.720,0.000,-0.000,0.079,0.002,200.0,-12.6,0
2462,50.29,0.00,1678.9,169.3,0.1,5,11314,0.710,0.000,-0.000,0.079,0.002,200.0,-12.6,0
2463,50.31,0.00,1679.8,169.1,0.1,5,11269,0.700,0.000,-0.000,0.079,0.002,200.0,-12.7,0
2464,50.33,0.00,1680.8,169.1,0.1,5,11502,0.690,0.000,-0.000,0.078,0.002,200.0,-6.4,0
2465,50.35,0.00,1681.7,169.4,0.1,5,11519,0.680,0.000,-0.000,0.078,0.002,200.0,-6.2,0
2466,50.37,0.00,1682.6,169.7,0.1,5,11527,0.670,0.000,-0.000,0.078,0.002,200.0,-6.5,0
2467,50.39,0.00,1683.6,169.9,0.1,5,11536,0.660,0.000,-0.000,0.078,0.002,200.0,-6.7,0
2468,50.41,0.00,1684.5,170.2,0.1,5,11546,0.650,0.000,-0.000,0.077,0.002,200.0,-6.9,0
2469,50.43,0.00,1685.5,170.1,0.0,6,10579,0.640,0.000,-0.001,0.077,0.002,200.0,-12.3,0
2470,50.45,0.00,1686.4,169.9,0.0,6,10578,0.630,0.000,-0.000,0.077,0.002,200.0,-12.6,0
2471,50.47,0.00,1687.4,169.7,0.0,5,11319,0.620,0.000,-0.000,0.077,0.002,200.0,-12.6,0
2472,50.49,0.00,1688.3,169.5,0.0,5,11315,0.610,0.000,-0.000,0.076,0.002,200.0,-12.6,0
2473,50.51,0.00,1689.2,169.3,0.0,5,11311,0.600,0.000,-0.000,0.076,0.002,200.0,-12.6,0
2474,50.53,0.00,1690.2,169.0,0.0,5,11266,0.590,0.000,-0.000,0.076,0.002,200.0,-12.7,0
2475,50.55,0.00,1691.1,169.0,0.0,5,11451,0.580,0.000,-0.000,0.076,0.002,200.0,-7.6,0
2476,50.57,0.00,1692.1,169.2,0.0,5,11462,0.570,0.000,-0.000,0.075,0.002,200.0,-7.5,0
2477,50.59,0.00,1693.0,169.4,0.0,5,11465,0.560,0.000,-0.000,0.075,0.002,200.0,-7.7,0
2478,50.61,0.00,1693.9,169.5,0.0,5,11469,0.550,0.000,-0.000,0.075,0.002,200.0,-7.9,0
2479,50.63,0.00,1694.9,169.7,0.0,5,11474,0.540,0.000,-0.000,0.074,0.002,200.0,-8.1,0
2480,50.65,0.00,1695.8,169.8,0.0,5,11480,0.530,0.000,-0.000,0.074,0.002,200.0,-8.2,0
2481,50.67,0.00,1696.8,170.0,0.0,5,11485,0.520,0.000,-0.000,0.074,0.002,200.0,-8.3,0
2482,50.69,0.00,1697.7,170.1,0.0,5,11491,0.510,0.000,-0.000,0.074,0.002,200.0,-8.4,0
2483,50.71,0.00,1698.7,170.0,0.0,6,10529,0.500,0.000,-0.000,0.073,0.002,200.0,-12.4,0
2484,50.73,0.00,1699.6,169.8,0.0,6,10529,0.490,0.000,-0.000,0.073,0.002,200.0,-12.6,0
2485,50.75,0.00,1700.5,169.6,0.0,5,11310,0.480,0.000,-0.000,0.073,0.002,200.0,-12.6,0
2486,50.77,0.00,1701.5,169.3,0.0,5,11306,0.470,0.000,-0.000,0.073,0.002,200.0,-12.6,0
2487,50.79,0.00,1702.4,169.1,0.0,5,11302,0.460,0.000,-0.000,0.072,0.002,200.0,-12.6,0
2488,50.81,0.00,1703.4,168.9,0.0,5,11257,0.450,0.000,-0.000,0.072,0.002,200.0,-12.7,0
2489,50.83,0.00,1704.3,168.8,0.0,5,11383,0.440,0.000,0.000,0.072,0.002,200.0,-9.1,0
2490,50.85,0.00,1705.2,168.9,0.0,5,11385,0.430,0.000,0.000,0.071,0.002,200.0,-9.1,0
2491,50.87,0.00,1706.2,168.9,0.0,5,11383,0.420,0.000,0.000,0.071,0.002,200.0,-9.2,0
2492,50.89,0.00,1707.1,169.0,0.0,5,11380,0.410,0.000,0.000,0.071,0.002,200.0,-9.3,0
2493,50.91,0.00,1708.1,169.0,0.0,5,11378,0.400,0.000,0.000,0.071,0.002,200.0,-9.5,0
2494,50.93,0.00,1709.0,169.0,0.0,5,11376,0.390,0.000,0.000,0.070,0.002,200.0,-9.6,0
2495,50.95,0.00,1709.9,169.1,0.0,5,11374,0.380,0.000,0.000,0.070,0.002,200.0,-9.7,0
2496,50.97,0.00,1710.9,169.1,0.0,5,11371,0.370,0.000,0.000,0.070,0.002,200.0,-9.8,0
2497,50.99,0.00,1711.8,169.1,0.0,5,11368,0.360,0.000,0.000,0.069,0.002,200.0,-9.9,0
2498,51.01,0.00,1712.8,169.0,0.0,5,11363,0.350,0.000,0.000,0.069,0.002,200.0,-9.9,0
2499,51.03,0.00,1713.7,169.0,0.0,5,11358,0.340,0.000,0.000,0.069,0.002,200.0,-10.1,0
2500,51.05,0.00,1714.6,169.0,0.0,5,11352,0.330,0.000,0.000,0.069,0.002,200.0,-10.2,0
2501,51.07,0.00,1715.6,169.0,0.0,5,11346,0.320,0.000,0.001,0.068,0.002,200.0,-10.3,0
2502,51.09,0.00,1716.5,168.9,0.0,5,11339,0.310,0.000,0.000,0.068,0.002,200.0,-10.4,0
2503,51.11,0.00,1717.5,168.9,0.0,5,11332,0.300,0.000,0.000,0.068,0.002,200.0,-10.5,0
2504,51.13,0.00,1718.4,168.8,0.0,5,11324,0.290,0.000,0.000,0.067,0.002,200.0,-10.6,0
2505,51.15,0.00,1719.3,168.7,0.0,5,11316,0.280,0.000,0.000,0.067,0.002,200.0,-10.7,0
2506,51.17,0.00,1720.3,168.6,0.0,5,11307,0.270,0.000,0.000,0.067,0.002,200.0,-10.8,0
2507,51.19,0.00,1721.2,168.6,0.0,5,11298,0.260,0.000,0.000,0.067,0.002,200.0,-10.9,0
2508,51.21,0.00,1722.1,168.5,0.0,5,11288,0.250,0.000,0.000,0.066,0.002,200.0,-11.0,0
2509,51.23,0.00,1723.1,168.4,0.0,5,11277,0.240,0.000,0.001,0.066,0.002,200.0,-11.1,0
2510,51.25,0.00,1724.0,168.3,0.0,5,11266,0.230,0.000,0.000,0.066,0.002,200.0,-11.2,0
2511,51.27,0.00,1724.9,168.1,0.0,5,11255,0.220,0.000,0.000,0.066,0.002,200.0,-11.2,0
2512,51.29,0.00,1725.9,168.0,-0.0,5,11243,0.210,0.000,0.000,0.065,0.002,200.0,-11.3,0
2513,51.31,0.00,1726.8,167.9,-0.0,5,11230,0.200,0.000,0.000,0.065,0.002,200.0,-11.4,0
2514,51.33,0.00,1727.7,167.7,-0.0,5,11217,0.190,0.000,0.000,0.065,0.002,200.0,-11.5,0
2515,51.35,0.00,1728.7,167.6,-0.0,5,11203,0.180,0.000,0.001,0.064,0.002,200.0,-11.6,0
2516,51.37,0.00,1729.6,167.4,0.0,5,11189,0.170,0.000,0.001,0.064,0.002,200.0,-11.7,0
2517,51.39,0.00,1730.5,167.3,-0.0,5,11174,0.160,0.000,0.000,0.064,0.002,200.0,-11.8,0
2518,51.41,0.00,1731.5,167.1,-0.0,5,11159,0.150,0.000,0.000,0.064,0.002,200.0,-11.9,0
2519,51.43,0.00,1732.4,166.9,-0.0,5,11143,0.140,0.000,0.000,0.063,0.002,200.0,-12.0,0
2520,51.45,0.00,1733.3,166.7,-0.0,5,11127,0.130,0.000,0.000,0.063,0.002,200.0,-12.1,0
2521,51.47,0.00,1734.2,166.5,-0.0,5,11110,0.120,0.000,0.000,0.063,0.002,200.0,-12.2,0
2522,51.49,0.00,1735.2,166.3,-0.0,5,11093,0.110,0.000,0.000,0.063,0.002,200.0,-12.2,0
2523,51.51,0.00,1736.1,166.1,-0.0,5,11075,0.100,0.000,0.001,0.062,0.002,200.0,-12.3,0
2524,51.53,0.00,1737.0,165.9,-0.0,5,11057,0.090,0.000,0.001,0.062,0.002,200.0,-12.4,0
2525,51.55,0.00,1737.9,165.6,-0.0,5,11038,0.080,0.000,0.000,0.062,0.001,200.0,-12.5,0
2526,51.57,0.00,1738.8,165.4,-0.0,5,11019,0.070,0.000,0.000,0.062,0.001,200.0,-12.6,0
2527,51.59,0.00,1739.8,165.2,-0.0,5,10999,0.060,0.000,0.000,0.061,0.001,200.0,-12.7,0
2528,51.61,0.00,1740.7,164.9,-0.0,5,10978,0.050,0.000,0.001,0.061,0.001,200.0,-12.7,0
2529,51.63,0.00,1741.6,164.7,0.0,5,10958,0.040,0.000,0.001,0.061,0.002,199.3,-12.8,0
2530,51.65,0.00,1742.5,164.4,0.0,5,10937,0.030,0.000,0.001,0.061,0.001,198.4,-12.9,0
2531,51.67,0.00,1743.4,164.1,0.0,5,10915,0.020,0.000,0.001,0.061,0.001,197.4,-13.0,0
2532,51.69,0.00,1744.3,163.8,0.0,5,10892,0.010,0.000,0.001,0.060,0.001,196.5,-13.1,0
2533,51.71,0.00,1745.2,163.5,0.0,5,10869,0.000,0.000,0.001,0.060,0.001,195.6,-13.2,0
2534,51.73,0.00,1746.2,163.2,0.0,5,10845,0.000,0.000,0.001,0.060,0.001,194.7,-13.2,0
2535,51.75,0.00,1747.1,162.9,0.0,5,10825,0.000,0.000,0.001,0.060,0.002,193.8,-13.2,0
2536,51.77,0.00,1748.0,162.6,0.0,5,10806,0.000,0.000,0.002,0.059,0.002,192.8,-13.2,0
2537,51.79,0.00,1748.9,162.4,0.0,5,10786,0.000,0.000,0.002,0.059,0.002,191.9,-13.2,0
2538,51.81,0.00,1749.8,162.1,0.0,5,10767,0.000,0.000,0.001,0.059,0.001,191.0,-13.1,0
2539,51.83,0.00,1750.7,161.8,0.0,5,10747,0.000,0.000,0.001,0.059,0.001,190.1,-13.1,0
2540,51.85,0.00,1751.6,161.5,0.0,5,10728,0.000,0.000,0.001,0.059,0.001,189.2,-13.1,0
2541,51.87,0.00,1752.5,161.2,0.0,5,10708,0.000,0.000,0.001,0.058,0.001,188.3,-13.1,0
2542,51.89,0.00,1753.4,160.9,0.0,5,10689,0.000,0.000,0.001,0.058,0.001,187.4,-13.0,0
2543,51.91,0.00,1754.2,160.6,0.0,5,10669,0.000,0.000,0.002,0.058,0.002,186.5,-13.0,0
2544,51.93,0.00,1755.1,160.3,0.0,5,10650,0.000,0.000,0.001,0.058,0.002,185.6,-13.0,0
2545,51.95,0.00,1756.0,160.0,0.0,5,10631,0.000,0.000,0.001,0.058,0.001,184.7,-13.0,0
2546,51.97,0.00,1756.9,159.7,0.0,5,10612,0.050,0.000,0.001,0.058,0.002,183.8,-12.9,0
2547,51.99,0.00,1757.8,159.5,0.0,5,10613,0.100,0.000,0.002,0.057,0.002,182.9,-12.4,0
2548,52.01,0.00,1758.7,159.2,0.0,5,10617,0.150,0.000,0.001,0.057,0.001,182.0,-11.9,0
2549,52.03,0.00,1759.6,159.1,0.0,5,10623,0.200,0.000,0.001,0.057,0.001,181.1,-11.3,0
2550,52.05,0.00,1760.5,158.9,0.0,5,10632,0.250,0.000,0.000,0.057,0.001,180.3,-10.8,0
2551,52.07,0.00,1761.3,158.8,-0.0,5,10644,0.300,0.000,-0.000,0.057,0.001,179.4,-10.3,0
2552,52.09,0.00,1762.2,158.8,-0.0,5,10659,0.350,0.000,-0.000,0.056,0.001,178.5,-9.8,0
2553,52.11,0.00,1763.1,158.8,-0.0,5,10677,0.400,0.000,-0.000,0.056,0.001,177.6,-9.2,0
2554,52.13,0.00,1764.0,158.8,-0.0,5,10698,0.450,0.000,-0.000,0.056,0.001,176.7,-8.7,0
2555,52.15,0.00,1764.9,158.9,-0.0,5,10721,0.500,0.000,-0.000,0.056,0.001,175.8,-8.2,0
2556,52.17,0.00,1765.8,159.0,-0.0,5,10747,0.550,0.000,-0.000,0.056,0.001,174.9,-7.7,0
2557,52.19,0.00,1766.6,159.1,-0.0,5,10775,0.600,0.000,-0.000,0.056,0.001,174.0,-7.1,0
2558,52.21,0.00,1767.5,159.3,-0.0,5,10807,0.650,0.000,-0.000,0.055,0.001,173.1,-6.6,0
2559,52.23,0.00,1768.4,159.6,-0.0,5,10842,0.700,0.000,-0.000,0.055,0.001,172.2,-6.1,0
2560,52.25,0.00,1769.3,159.8,-0.0,5,10880,0.750,0.000,-0.000,0.055,0.001,171.3,-5.6,0
2561,52.27,0.00,1770.2,160.2,-0.0,5,10922,0.740,0.000,-0.000,0.055,0.001,170.4,-5.0,0
2562,52.29,0.00,1771.1,160.5,-0.0,5,10947,0.730,0.000,-0.000,0.055,0.001,169.5,-4.9,0
2563,52.31,0.00,1772.0,160.8,-0.0,5,10962,0.720,0.000,-0.000,0.055,0.001,168.6,-5.1,0
2564,52.33,0.00,1772.9,161.1,-0.0,5,10977,0.710,0.000,-0.000,0.054,0.001,167.7,-5.3,0
2565,52.35,0.00,1773.8,161.4,-0.0,5,10991,0.700,0.000,-0.000,0.054,0.001,166.8,-5.5,0
2566,52.37,0.00,1774.7,161.7,-0.0,5,11005,0.690,0.000,-0.000,0.054,0.001,165.9,-5.7,0
2567,52.39,0.00,1775.5,162.0,0.0,5,11019,0.680,0.000,-0.000,0.054,0.001,165.0,-5.8,0
2568,52.41,0.00,1776.5,162.3,-0.0,5,11034,0.670,0.000,-0.000,0.054,0.001,164.1,-5.9,0
2569,52.43,0.00,1777.3,162.5,-0.0,5,11048,0.660,0.000,-0.000,0.053,0.001,163.2,-6.1,0
2570,52.45,0.00,1778.3,162.8,-0.0,5,11072,0.650,0.000,-0.000,0.053,0.001,162.3,-5.9,0
2571,52.47,0.00,1779.2,163.0,-0.0,5,11081,0.640,0.000,-0.000,0.053,0.001,161.3,-6.1,0
2572,52.49,0.00,1780.1,163.3,-0.0,5,11090,0.630,0.000,-0.000,0.053,0.001,160.4,-6.3,0
2573,52.51,0.00,1781.0,163.5,-0.0,5,11099,0.620,0.000,-0.000,0.053,0.001,159.5,-6.5,0
2574,52.53,0.00,1781.9,163.7,-0.0,5,11108,0.610,0.000,-0.000,0.053,0.001,158.6,-6.7,0
2575,52.55,0.00,1782.8,163.9,-0.0,5,11117,0.600,0.000,0.000,0.052,0.001,157.7,-6.9,0
2576,52.57,0.00,1783.7,164.1,-0.0,5,11127,0.590,0.000,0.000,0.052,0.001,156.8,-7.0,0
2577,52.59,0.00,1784.6,164.3,-0.0,5,11136,0.580,0.000,0.003,0.052,0.001,155.8,-7.1,0
2578,52.61,0.00,1785.5,164.5,0.0,5,11158,0.570,0.000,0.003,0.052,0.001,154.9,-6.9,0
2579,52.63,0.00,1786.5,164.7,-0.0,5,11162,0.560,0.000,0.002,0.052,0.001,154.0,-7.1,0
2580,52.65,0.00,1787.4,164.9,-0.0,5,11165,0.550,0.000,0.001,0.052,0.001,153.2,-7.3,0
2581,52.67,0.00,1788.3,165.0,-0.0,5,11169,0.540,0.000,-0.000,0.051,0.001,152.3,-7.5,0
2582,52.69,0.00,1789.2,165.2,-0.0,5,11174,0.530,0.000,-0.001,0.051,0.000,151.4,-7.7,0
2583,52.71,0.00,1790.1,165.3,-0.0,5,11178,0.520,0.000,-0.001,0.051,0.000,150.4,-7.9,0
2584,52.73,0.00,1791.0,165.5,-0.0,5,11183,0.510,0.000,-0.001,0.051,0.000,149.5,-8.0,0
2585,52.75,0.00,1792.0,165.6,-0.0,5,11192,0.500,0.000,-0.000,0.051,0.001,148.5,-8.0,0
2586,52.77,0.00,1792.9,165.7,-0.0,5,11206,0.490,0.000,0.000,0.051,0.001,147.6,-7.8,0
2587,52.79,0.00,1793.8,165.8,0.0,5,11204,0.480,0.000,0.000,0.051,0.001,146.7,-8.1,0
2588,52.81,0.00,1794.7,165.9,0.0,5,11204,0.470,0.000,0.000,0.051,0.001,145.7,-8.3,0
2589,52.83,0.00,1795.6,166.0,0.0,5,11204,0.460,0.000,0.000,0.051,0.001,144.8,-8.5,0
2590,52.85,0.00,1796.6,166.1,0.0,5,11203,0.450,0.000,0.000,0.051,0.001,143.9,-8.7,0
2591,52.87,0.00,1797.5,166.2,0.0,5,11204,0.440,0.000,0.000,0.051,0.001,142.9,-8.8,0
2592,52.89,0.00,1798.4,166.2,0.0,5,11204,0.430,0.000,0.000,0.050,0.001,142.0,-8.9,0
2593,52.91,0.00,1799.3,166.3,0.0,5,11214,0.420,0.000,0.000,0.050,0.001,141.1,-8.8,0
2594,52.93,0.00,1800.2,166.3,0.0,5,11217,0.410,0.000,0.000,0.050,0.001,140.1,-8.8,0
2595,52.95,0.00,1801.2,166.4,0.0,5,11211,0.400,0.000,0.000,0.050,0.001,139.2,-9.0,0
2596,52.97,0.00,1802.1,166.4,0.0,5,11207,0.390,0.000,0.000,0.050,0.001,138.2,-9.2,0
2597,52.99,0.00,1803.0,166.4,0.0,5,11202,0.380,0.000,0.000,0.050,0.001,137.3,-9.4,0
2598,53.01,0.00,1804.0,166.5,0.0,5,11198,0.370,0.000,0.000,0.050,0.001,136.4,-9.5,0
2599,53.03,0.00,1804.9,166.5,-0.0,5,11194,0.360,0.000,-0.000,0.050,0.001,135.4,-9.7,0
2600,53.05,0.00,1805.8,166.5,-0.0,5,11190,0.350,0.000,-0.000,0.050,0.001,134.5,-9.8,0
2601,53.07,0.00,1806.7,166.4,-0.0,5,11195,0.340,0.000,-0.000,0.049,0.001,133.6,-9.6,0
2602,53.09,0.00,1807.7,166.4,-0.0,5,11190,0.330,0.000,-0.000,0.049,0.001,132.6,-9.7,0
2603,53.11,0.00,1808.6,166.4,-0.0,5,11181,0.320,0.000,-0.000,0.049,0.001,131.7,-9.9,0
2604,53.13,0.00,1809.5,166.4,-0.0,5,11174,0.310,0.000,-0.000,0.049,0.001,130.8,-10.1,0
2605,53.15,0.00,1810.4,166.3,-0.0,5,11166,0.300,0.000,-0.000,0.049,0.001,129.8,-10.2,0
2606,53.17,0.00,1811.3,166.3,-0.0,5,11158,0.290,0.000,-0.000,0.049,0.001,128.9,-10.4,0
2607,53.19,0.00,1812.3,166.2,-0.0,5,11150,0.280,0.000,-0.000,0.049,0.001,128.0,-10.5,0
2608,53.21,0.00,1813.2,166.2,-0.0,5,11142,0.270,0.000,-0.000,0.049,0.001,127.0,-10.6,0
2609,53.23,0.00,1814.1,166.1,-0.0,5,11138,0.260,0.000,-0.000,0.049,0.001,126.1,-10.6,0
2610,53.25,0.00,1815.0,166.0,0.0,5,11129,0.250,0.000,-0.000,0.049,0.001,125.2,-10.6,0
2611,53.27,0.00,1816.0,165.9,0.0,5,11118,0.240,0.000,-0.000,0.048,0.001,124.2,-10.8,0
2612,53.29,0.00,1816.9,165.8,0.0,5,11107,0.230,0.000,-0.001,0.048,0.001,123.3,-10.9,0
2613,53.31,0.00,1817.8,165.7,-0.0,5,11096,0.220,0.000,-0.000,0.048,0.001,122.3,-11.0,0
2614,53.33,0.00,1818.7,165.6,0.0,5,11084,0.210,0.000,-0.000,0.048,0.001,121.4,-11.1,0
2615,53.35,0.00,1819.6,165.5,0.0,5,11072,0.200,0.000,-0.000,0.048,0.001,120.5,-11.2,0
2616,53.37,0.00,1820.6,165.4,0.0,5,11060,0.190,0.000,-0.000,0.048,0.001,119.5,-11.3,0
2617,53.39,0.00,1821.5,165.2,0.0,5,11049,0.180,0.000,-0.000,0.048,0.001,118.6,-11.4,0
2618,53.41,0.00,1822.4,165.1,0.0,5,11036,0.170,0.000,-0.000,0.048,0.001,117.7,-11.5,0
2619,53.43,0.00,1823.3,164.9,0.0,5,11022,0.160,0.000,-0.001,0.048,0.001,116.8,-11.6,0
2620,53.45,0.00,1824.2,164.8,0.0,5,11007,0.150,0.000,-0.000,0.048,0.001,115.8,-11.7,0
2621,53.47,0.00,1825.2,164.6,0.0,5,10992,0.140,0.000,-0.000,0.047,0.001,114.9,-11.8,0
2622,53.49,0.00,1826.1,164.4,0.0,5,10976,0.130,0.000,-0.000,0.047,0.001,114.0,-11.9,0
2623,53.51,0.00,1827.0,164.3,0.0,5,10960,0.120,0.000,-0.000,0.047,0.001,113.1,-12.0,0
2624,53.53,0.00,1827.9,164.1,0.0,5,10944,0.110,0.000,-0.000,0.047,0.001,112.1,-12.1,0
2625,53.55,0.00,1828.8,163.9,0.0,5,10927,0.100,0.000,-0.001,0.047,0.001,111.2,-12.1,0
2626,53.57,0.00,1829.7,163.7,0.0,5,10910,0.090,0.000,-0.000,0.047,0.001,110.3,-12.2,0
2627,53.59,0.00,1830.6,163.4,0.0,5,10892,0.080,0.000,-0.000,0.047,0.001,109.4,-12.3,0
2628,53.61,0.00,1831.5,163.2,0.0,5,10874,0.070,0.000,-0.000,0.047,0.001,108.4,-12.4,0
2629,53.63,0.00,1832.4,163.0,0.0,5,10855,0.060,0.000,-0.000,0.047,0.001,107.5,-12.5,0
2630,53.65,0.00,1833.3,162.8,0.0,5,10836,0.050,0.000,-0.001,0.047,0.001,106.6,-12.6,0
2631,53.67,0.00,1834.2,162.5,0.0,5,10816,0.040,0.000,-0.001,0.047,0.001,105.7,-12.7,0
2632,53.69,0.00,1835.1,162.3,0.0,5,10796,0.030,0.000,-0.001,0.046,0.001,104.8,-12.7,0
2633,53.71,0.00,1836.0,162.0,0.0,5,10775,0.020,0.000,0.006,0.046,0.001,103.9,-12.8,0
2634,53.73,0.00,1836.9,161.7,0.0,5,10752,0.010,0.000,0.005,0.046,0.000,103.0,-12.9,0
2635,53.75,0.00,1837.8,161.5,-0.0,5,10731,0.000,0.000,0.002,0.046,-0.000,102.2,-13.0,0
2636,53.77,0.00,1838.7,161.2,-0.1,5,10709,0.000,0.000,-0.000,0.046,-0.001,101.3,-13.1,0
2637,53.79,0.00,1839.6,160.9,-0.1,5,10690,0.000,0.000,-0.002,0.046,-0.001,100.5,-13.0,0
2638,53.81,0.00,1840.5,160.6,-0.1,5,10672,0.000,0.000,-0.003,0.046,-0.001,99.6,-13.0,0
2639,53.83,0.00,1841.4,160.4,-0.1,5,10654,0.000,0.000,-0.003,0.047,-0.001,98.7,-13.0,0
2640,53.85,0.00,1842.3,160.1,-0.1,5,10635,0.000,0.000,-0.003,0.047,-0.001,97.8,-13.0,0
2641,53.87,0.00,1843.2,159.8,-0.0,5,10617,0.050,0.000,-0.002,0.047,-0.001,96.9,-12.9,0
2642,53.89,0.00,1844.1,159.5,-0.0,5,10618,0.100,0.000,-0.002,0.047,-0.001,95.9,-12.4,0
2643,53.91,0.00,1845.0,159.3,0.0,5,10623,0.150,0.000,-0.001,0.047,-0.001,95.0,-11.9,0
2644,53.93,0.00,1845.8,159.2,0.0,5,10630,0.200,0.000,-0.001,0.047,-0.001,94.1,-11.3,0
2645,53.95,0.00,1846.7,159.0,0.0,5,10640,0.250,0.000,-0.000,0.047,-0.000,93.2,-10.8,0
2646,53.97,0.00,1847.6,159.0,0.1,5,10653,0.300,0.000,-0.000,0.047,-0.000,92.3,-10.3,0
2647,53.99,0.00,1848.5,158.9,0.1,5,10668,0.350,0.000,-0.000,0.047,-0.000,91.4,-9.8,0
2648,54.01,0.00,1849.4,158.9,0.1,5,10685,0.400,0.000,-0.000,0.047,-0.000,90.5,-9.3,0
2649,54.03,0.00,1850.3,159.0,0.1,5,10706,0.450,0.000,-0.001,0.048,-0.000,89.6,-8.8,0
2650,54.05,0.00,1851.2,159.0,0.1,5,10730,0.500,0.000,-0.001,0.048,-0.000,88.7,-8.2,0
2651,54.07,0.00,1852.0,159.2,0.1,5,10762,0.550,0.000,-0.000,0.048,-0.000,87.8,-7.6,0
2652,54.09,0.00,1852.9,159.3,0.1,5,10791,0.600,0.000,-0.000,0.048,-0.000,86.9,-7.1,0
2653,54.11,0.00,1853.8,159.5,0.1,5,10824,0.000,0.046,-0.000,0.048,-0.000,86.0,-6.5,0
2654,54.13,0.00,1854.7,159.4,0.1,5,10576,0.000,0.078,-0.001,0.048,-0.000,85.1,-11.6,0
2655,54.15,0.00,1855.6,158.9,0.0,5,10528,0.000,0.095,-0.001,0.048,-0.000,84.3,-11.1,0
2656,54.17,0.00,1856.5,158.4,0.0,5,10484,0.000,0.109,-0.002,0.048,-0.000,83.4,-10.7,0
2657,54.19,0.00,1857.3,157.8,0.0,5,10440,0.000,0.121,-0.002,0.048,-0.000,82.5,-10.4,0
2658,54.21,0.00,1858.2,157.2,0.0,5,10394,0.000,0.131,-0.002,0.048,-0.000,81.6,-10.2,0
2659,54.23,0.00,1859.1,156.6,0.0,5,10345,0.000,0.141,-0.002,0.049,-0.000,80.7,-10.0,0
2660,54.25,0.00,1859.9,155.9,0.0,5,10297,0.000,0.149,-0.002,0.049,-0.000,79.8,-9.8,0
2661,54.27,0.00,1860.8,155.2,0.1,5,10249,0.000,0.155,-0.002,0.049,-0.000,79.0,-9.5,0
2662,54.29,0.00,1861.7,154.5,0.1,5,10201,0.000,0.161,-0.001,0.049,-0.000,78.1,-9.3,0
2663,54.31,0.00,1862.5,153.8,0.1,5,10151,0.000,0.166,-0.001,0.049,-0.000,77.2,-9.1,0
2664,54.33,0.00,1863.4,153.0,0.1,5,10100,0.000,0.171,-0.001,0.049,-0.000,76.3,-8.9,0
2665,54.35,0.00,1864.2,152.3,0.1,5,10049,0.000,0.174,-0.002,0.049,-0.000,75.5,-8.6,0
2666,54.37,0.00,1865.1,151.5,0.1,5,9998,0.000,0.178,-0.002,0.049,-0.000,74.6,-8.5,0
2667,54.39,0.00,1865.9,150.8,0.1,5,9945,0.000,0.181,-0.002,0.049,-0.000,73.8,-8.3,0
2668,54.41,0.00,1866.7,150.0,0.1,5,9891,0.000,0.183,-0.002,0.049,-0.000,72.9,-8.3,0
2669,54.43,0.00,1867.6,149.2,0.1,5,9839,0.000,0.186,-0.002,0.049,-0.000,72.1,-8.2,0
2670,54.45,0.00,1868.4,148.5,0.1,5,9786,0.000,0.188,-0.001,0.050,-0.000,71.2,-8.0,0
2671,54.47,0.00,1869.2,147.7,0.1,5,9734,0.000,0.190,-0.001,0.050,-0.000,70.4,-8.0,0
2672,54.49,0.00,1870.0,146.9,0.1,5,9681,0.000,0.192,-0.001,0.050,-0.000,69.6,-7.8,0
2673,54.51,0.00,1870.9,146.1,0.1,5,9628,0.000,0.193,-0.001,0.050,-0.000,68.8,-7.7,0
2674,54.53,0.00,1871.7,145.3,0.1,5,9575,0.000,0.194,-0.001,0.050,-0.000,67.9,-7.6,0
2675,54.55,0.00,1872.5,144.5,0.1,5,9522,0.000,0.196,-0.001,0.050,-0.000,67.1,-7.5,0
2676,54.57,0.00,1873.3,143.7,0.1,5,9468,0.000,0.197,0.013,0.050,-0.000,66.3,-7.4,0
2677,54.59,0.00,1874.1,142.9,0.1,5,9414,0.000,0.196,0.011,0.050,-0.001,65.6,-7.4,0
2678,54.61,0.00,1874.9,142.1,0.1,5,9362,0.000,0.194,0.007,0.050,-0.001,64.8,-7.3,0
2679,54.63,0.00,1875.6,141.3,0.0,5,9311,0.000,0.191,0.002,0.051,-0.002,64.1,-7.3,0
2680,54.65,0.00,1876.4,140.5,-0.0,5,9261,0.000,0.190,-0.001,0.051,-0.003,63.4,-7.3,0
2681,54.67,0.00,1877.2,139.8,-0.1,5,9211,0.000,0.191,-0.003,0.051,-0.003,62.6,-7.3,0
2682,54.69,0.00,1878.0,139.0,-0.0,4,10218,0.000,0.194,-0.004,0.052,-0.003,61.9,-6.4,0
2683,54.71,0.00,1878.8,138.3,-0.0,4,10189,0.000,0.200,-0.004,0.052,-0.003,61.1,-6.3,0
2684,54.73,0.00,1879.5,137.6,0.0,4,10078,0.000,0.205,-0.003,0.053,-0.003,60.3,-7.0,0
2685,54.75,0.00,1880.3,136.7,0.1,4,10007,0.000,0.207,-0.002,0.053,-0.003,59.5,-7.1,0
2686,54.77,0.00,1881.0,135.9,0.1,4,9944,0.000,0.208,-0.001,0.053,-0.003,58.7,-7.0,0
2687,54.79,0.00,1881.8,135.1,0.1,4,9881,0.000,0.208,0.000,0.054,-0.002,57.9,-7.0,0
2688,54.81,0.00,1882.5,134.2,0.2,4,9820,0.000,0.209,0.001,0.054,-0.002,57.1,-6.9,0
2689,54.83,0.00,1883.3,133.4,0.2,4,9758,0.000,0.209,0.002,0.055,-0.002,56.4,-6.8,0
2690,54.85,0.00,1884.0,132.6,0.2,4,9697,0.000,0.209,0.002,0.055,-0.002,55.6,-6.8,0
2691,54.87,0.00,1884.8,131.7,0.2,4,9636,0.000,0.209,0.001,0.056,-0.002,54.9,-6.7,0
2692,54.89,0.00,1885.5,130.9,0.2,4,9575,0.000,0.209,0.001,0.056,-0.002,54.1,-6.6,0
2693,54.91,0.00,1886.2,130.1,0.2,4,9515,0.000,0.209,0.001,0.056,-0.002,53.4,-6.6,0
2694,54.93,0.00,1886.9,129.3,0.2,4,9454,0.000,0.209,0.001,0.057,-0.002,52.7,-6.5,0
2695,54.95,0.00,1887.6,128.4,0.2,4,9394,0.000,0.209,0.001,0.057,-0.002,52.0,-6.5,0
2696,54.97,0.00,1888.3,127.6,0.2,4,9335,0.000,0.210,0.001,0.058,-0.002,51.2,-6.4,0
2697,54.99,0.00,1889.1,126.8,0.2,4,9276,0.000,0.210,0.000,0.058,-0.002,50.5,-6.2,0
2698,55.01,0.00,1889.8,126.0,0.2,4,9216,0.000,0.211,0.000,0.058,-0.002,49.8,-6.2,0
2699,55.03,0.00,1890.5,125.2,0.2,4,9155,0.000,0.212,0.001,0.059,-0.002,49.1,-6.1,0
2700,55.05,0.00,1891.2,124.4,0.2,4,9095,0.000,0.213,0.001,0.059,-0.002,48.4,-6.0,0
2701,55.07,0.00,1891.8,123.5,0.2,4,9035,0.000,0.214,0.001,0.059,-0.002,47.7,-5.9,0
2702,55.09,0.00,1892.5,122.7,0.2,4,8975,0.000,0.215,0.001,0.060,-0.002,47.0,-5.8,0
2703,55.11,0.00,1893.2,121.9,0.2,4,8915,0.000,0.216,0.002,0.060,-0.002,46.3,-5.7,0
2704,55.13,0.00,1893.9,121.1,0.2,4,8855,0.000,0.216,0.003,0.060,-0.002,45.6,-5.7,0
2705,55.15,0.00,1894.5,120.3,0.2,4,8795,0.000,0.217,0.035,0.061,-0.002,45.0,-5.7,0
2706,55.17,0.00,1895.2,119.5,0.3,4,8736,0.000,0.214,0.030,0.061,-0.003,44.3,-5.5,0
2707,55.19,0.00,1895.9,118.7,0.2,4,8679,0.000,0.208,0.021,0.062,-0.004,43.8,-5.4,0
2708,55.21,0.00,1896.5,117.9,0.1,4,8625,0.000,0.203,0.012,0.063,-0.006,43.2,-5.4,0
2709,55.23,0.00,1897.2,117.1,0.0,4,8571,0.000,0.199,0.004,0.063,-0.008,42.7,-5.5,0
2710,55.25,0.00,1897.8,116.3,-0.1,4,8517,0.000,0.199,-0.002,0.064,-0.009,42.1,-5.6,0
2711,55.27,0.00,1898.5,115.6,-0.1,4,8461,0.000,0.200,-0.005,0.065,-0.009,41.5,-5.5,0
2712,55.29,0.00,1899.1,114.8,-0.1,4,8406,0.000,0.204,-0.006,0.066,-0.010,40.8,-5.5,0
2713,55.31,0.00,1899.8,114.1,-0.0,4,8349,0.000,0.208,-0.006,0.067,-0.009,40.2,-5.3,0
2714,55.33,0.00,1900.4,113.3,0.0,4,8292,0.000,0.213,-0.005,0.068,-0.009,39.5,-5.2,0
2715,55.35,0.00,1901.0,112.5,0.1,4,8233,0.000,0.217,-0.004,0.069,-0.009,38.9,-5.1,0
2716,55.37,0.00,1901.6,111.8,0.1,4,8174,0.000,0.220,-0.003,0.070,-0.009,38.2,-5.0,0
2717,55.39,0.00,1902.2,111.0,0.1,4,8114,0.000,0.223,-0.002,0.071,-0.008,37.6,-4.9,0
2718,55.41,0.00,1902.9,110.2,0.1,4,8055,0.000,0.225,-0.001,0.072,-0.008,37.0,-4.7,0
2719,55.43,0.00,1903.5,109.4,0.2,4,7995,0.000,0.227,-0.001,0.073,-0.008,36.4,-4.5,0
2720,55.45,0.00,1904.1,108.6,0.2,3,9800,0.000,0.230,-0.000,0.074,-0.008,35.7,-3.8,0
2721,55.47,0.00,1904.7,107.8,0.2,3,9773,0.000,0.233,0.000,0.075,-0.008,35.1,-3.6,0
2722,55.49,0.00,1905.3,107.0,0.2,3,9593,0.000,0.236,0.001,0.076,-0.008,34.5,-4.5,0
2723,55.51,0.00,1905.9,106.1,0.2,3,9500,0.000,0.234,0.002,0.077,-0.008,33.9,-4.7,0
2724,55.53,0.00,1906.5,105.3,0.2,3,9420,0.000,0.232,0.072,0.078,-0.008,33.3,-4.8,0
2725,55.55,0.00,1907.0,104.4,0.3,3,9344,0.000,0.226,0.065,0.079,-0.009,32.8,-4.4,0
2726,55.57,0.00,1907.6,103.5,0.3,3,9272,0.000,0.214,0.051,0.080,-0.012,32.4,-4.6,0
2727,55.59,0.00,1908.2,102.7,0.2,3,9204,0.000,0.203,0.034,0.082,-0.016,32.0,-4.9,0
2728,55.61,0.00,1908.8,101.9,0.0,3,9140,0.000,0.194,0.018,0.083,-0.019,31.5,-5.3,0
2729,55.63,0.00,1909.3,101.2,-0.1,3,9078,0.000,0.190,0.006,0.085,-0.021,31.1,-5.4,0
2730,55.65,0.00,1909.9,100.4,-0.2,3,9017,0.000,0.190,-0.002,0.087,-0.023,30.6,-5.4,0
2731,55.67,0.00,1910.4,99.7,-0.2,3,8953,0.000,0.192,-0.006,0.089,-0.024,30.1,-5.3,0
2732,55.69,0.00,1911.0,99.0,-0.1,3,8889,0.000,0.197,-0.008,0.091,-0.024,29.5,-5.2,0
2733,55.71,0.00,1911.5,98.3,-0.1,3,8825,0.000,0.202,-0.008,0.093,-0.024,28.9,-4.9,0
2734,55.73,0.00,1912.1,97.5,-0.0,3,8757,0.000,0.208,-0.007,0.095,-0.024,28.4,-4.7,0
2735,55.75,0.00,1912.6,96.8,0.0,3,8685,0.000,0.213,-0.006,0.097,-0.023,27.8,-4.5,0
2736,55.77,0.00,1913.2,96.0,0.1,3,8612,0.000,0.217,-0.005,0.100,-0.023,27.3,-4.4,0
2737,55.79,0.00,1913.7,95.2,0.1,3,8539,0.000,0.221,-0.003,0.102,-0.023,26.7,-4.2,0
2738,55.81,0.00,1914.2,94.4,0.1,3,8465,0.000,0.224,-0.002,0.104,-0.023,26.2,-4.1,0
2739,55.83,0.00,1914.7,93.6,0.1,3,8392,0.000,0.227,-0.002,0.106,-0.022,25.6,-4.0,0
2740,55.85,0.00,1915.2,92.8,0.1,3,8319,0.000,0.229,-0.001,0.108,-0.022,25.1,-3.9,0
2741,55.87,0.00,1915.8,92.0,0.1,3,8246,0.000,0.231,-0.001,0.110,-0.022,24.6,-3.7,0
2742,55.89,0.00,1916.3,91.2,0.2,3,8173,0.000,0.233,-0.000,0.112,-0.022,24.1,-3.6,0
2743,55.91,0.00,1916.8,90.4,0.2,3,8099,0.000,0.234,-0.000,0.114,-0.022,23.6,-3.7,0
2744,55.93,0.00,1917.3,89.6,0.2,3,8025,0.000,0.235,0.001,0.116,-0.022,23.1,-3.9,0
2745,55.95,0.00,1917.8,88.7,0.2,3,7952,0.000,0.236,0.073,0.117,-0.007,22.6,-3.9,0
2746,55.97,0.00,1918.3,87.9,0.3,3,7881,0.000,0.234,0.139,0.118,0.006,22.1,-3.5,0
2747,55.99,0.00,1918.8,87.1,0.5,3,7807,0.000,0.224,0.191,0.117,0.017,21.8,-2.9,0
2748,56.01,0.00,1919.3,86.3,0.5,3,7742,0.000,0.207,0.229,0.116,0.025,21.5,-2.5,0
2749,56.03,0.00,1919.8,85.6,0.5,3,7683,0.000,0.185,0.255,0.114,0.030,21.3,-2.4,0
2750,56.05,0.00,1920.2,84.8,0.4,3,7630,0.000,0.160,0.273,0.112,0.034,21.2,-2.6,0
2751,56.07,0.00,1920.7,84.2,0.4,3,7582,0.000,0.136,0.284,0.109,0.036,21.1,-3.1,0
2752,56.09,0.00,1921.2,83.6,0.2,3,7540,0.000,0.112,0.290,0.107,0.037,21.0,-3.4,0
2753,56.11,0.00,1921.7,83.1,0.1,3,7505,0.000,0.089,0.293,0.104,0.037,21.0,-3.8,0
2754,56.13,0.00,1922.1,82.7,-0.0,3,7476,0.000,0.069,0.293,0.101,0.037,21.0,-4.4,0
2755,56.15,0.00,1922.6,82.3,-0.1,3,7451,0.000,0.051,0.292,0.098,0.036,21.0,-5.0,0
2756,56.17,0.00,1923.1,82.0,-0.2,3,7430,0.000,0.034,0.289,0.095,0.035,21.0,-5.4,0
2757,56.19,0.00,1923.5,81.7,-0.3,3,7414,0.000,0.018,0.284,0.092,0.034,21.0,-5.8,0
2758,56.21,0.00,1924.0,81.4,-0.4,3,7402,0.000,0.004,0.279,0.089,0.032,21.0,-6.1,0
2759,56.23,0.00,1924.4,81.3,-0.6,3,7391,0.050,0.000,0.271,0.086,0.030,21.1,-6.5,0
2760,56.25,0.00,1924.9,81.1,-0.7,3,7409,0.100,0.000,0.264,0.084,0.028,21.1,-6.0,0
2761,56.27,0.00,1925.4,81.0,-0.8,3,7428,0.150,0.000,0.258,0.081,0.026,21.1,-5.4,0
2762,56.29,0.00,1925.8,81.0,-0.8,3,7450,0.200,0.000,0.255,0.078,0.025,21.2,-4.8,0
2763,56.31,0.00,1926.3,81.0,-0.8,3,7475,0.250,0.000,0.254,0.076,0.024,21.2,-4.3,0
2764,56.33,0.00,1926.7,81.0,-0.7,3,7502,0.300,0.000,0.258,0.073,0.024,21.1,-3.8,0
2765,56.35,0.00,1927.2,81.1,-0.6,3,7533,0.350,0.000,0.264,0.070,0.025,21.1,-3.3,0
2766,56.37,0.00,1927.6,81.2,-0.5,3,7569,0.400,0.000,0.272,0.068,0.025,21.0,-2.7,0
2767,56.39,0.00,1928.1,81.4,-0.4,3,7610,0.000,0.005,0.281,0.066,0.026,21.0,-2.2,0
2768,56.41,0.00,1928.5,81.4,-0.3,3,7405,0.000,0.007,0.290,0.063,0.027,20.9,-6.1,0
2769,56.43,0.00,1929.0,81.2,-0.2,3,7386,0.000,0.002,0.298,0.061,0.028,20.9,-6.2,0
2770,56.45,0.00,1929.5,81.0,-0.2,3,7372,0.050,0.000,0.303,0.058,0.028,20.9,-6.3,0
2771,56.47,0.00,1929.9,80.9,-0.2,3,7386,0.100,0.000,0.306,0.056,0.027,20.9,-5.9,0
2772,56.49,0.00,1930.4,80.8,-0.2,3,7403,0.150,0.000,0.307,0.054,0.025,20.9,-5.4,0
2773,56.51,0.00,1930.8,80.7,-0.3,3,7424,0.200,0.000,0.307,0.052,0.023,21.0,-4.8,0
2774,56.53,0.00,1931.3,80.7,-0.3,3,7450,0.250,0.000,0.309,0.050,0.021,21.1,-4.3,0
2775,56.55,0.00,1931.7,80.7,-0.3,3,7479,0.300,0.000,0.312,0.048,0.019,21.2,-3.7,0
2776,56.57,0.00,1932.2,80.8,-0.4,3,7513,0.350,0.000,0.317,0.046,0.017,21.3,-3.2,0
2777,56.59,0.00,1932.6,80.9,-0.4,3,7551,0.400,0.000,0.325,0.045,0.016,21.4,-2.6,0
2778,56.61,0.00,1933.1,81.1,-0.4,3,7595,0.450,0.000,0.335,0.043,0.014,21.6,-1.9,0
2779,56.63,0.00,1933.5,81.3,-0.4,3,7645,0.500,0.000,0.348,0.042,0.012,21.8,-1.2,0
2780,56.65,0.00,1934.0,81.5,-0.5,3,7702,0.550,0.000,0.365,0.040,0.010,22.0,-0.5,0
2781,56.67,0.00,1934.5,81.8,-0.5,3,7768,0.600,0.000,0.386,0.039,0.009,22.2,0.4,0
2782,56.69,0.00,1934.9,82.1,-0.6,3,7839,0.650,0.000,0.399,0.038,0.007,22.5,1.4,0
2783,56.71,0.00,1935.4,82.5,-0.6,3,7924,0.700,0.000,0.403,0.037,0.005,22.9,2.5,0
2784,56.73,0.00,1935.8,82.8,-0.8,3,8025,0.750,0.000,0.402,0.036,0.002,23.3,3.8,0
2785,56.75,0.00,1936.3,83.3,-0.9,3,8147,0.600,0.000,0.398,0.035,-0.000,23.8,5.5,0
2786,56.77,0.00,1936.8,83.7,-1.1,3,8075,0.650,0.000,0.391,0.034,-0.003,24.4,3.4,0
2787,56.79,0.00,1937.2,84.1,-1.2,3,8134,0.700,0.000,0.385,0.033,-0.006,25.1,3.7,0
2788,56.81,0.00,1937.7,84.5,-1.4,3,8239,0.550,0.000,0.377,0.033,-0.009,25.8,5.0,0
2789,56.83,0.00,1938.2,84.8,-1.5,3,8159,0.600,0.000,0.368,0.032,-0.012,26.8,2.9,0
2790,56.85,0.00,1938.7,85.1,-1.7,3,8215,0.650,0.000,0.359,0.032,-0.015,27.8,3.2,0
2791,56.87,0.00,1939.1,85.5,-1.8,3,8312,0.700,0.000,0.208,0.031,-0.018,29.0,4.5,0
2792,56.89,0.00,1939.6,85.9,-2.1,3,8431,0.550,0.000,0.166,0.031,-0.020,30.3,5.5,0
2793,56.91,0.00,1940.1,86.3,-2.3,3,8310,0.600,0.000,0.148,0.030,-0.020,31.6,2.5,0
2794,56.93,0.00,1940.6,86.8,-2.2,3,8326,0.650,0.000,0.150,0.030,-0.018,32.8,1.9,0
2795,56.95,0.00,1941.1,87.2,-2.0,3,8393,0.700,0.000,0.164,0.029,-0.014,33.8,2.5,0
2796,56.97,0.00,1941.5,87.7,-1.8,3,8482,0.750,0.000,0.182,0.028,-0.010,34.9,3.4,0
2797,56.99,0.00,1942.0,88.2,-1.6,3,8585,0.800,0.000,0.202,0.027,-0.005,36.1,4.5,0
2798,57.01,0.00,1942.5,88.7,-1.4,3,8706,0.650,0.000,0.220,0.026,-0.001,37.6,5.8,0
2799,57.03,0.00,1943.0,89.3,-1.3,3,8614,0.700,0.000,0.232,0.025,0.002,39.5,3.2,0
2800,57.05,0.00,1943.5,89.8,-1.2,3,8671,0.750,0.000,0.244,0.023,0.006,41.8,3.3,0
2801,57.07,0.00,1944.0,90.3,-1.1,3,8779,0.800,0.000,0.253,0.021,0.009,44.7,4.5,0
2802,57.09,0.00,1944.5,90.9,-1.2,3,8916,0.650,0.000,0.260,0.019,0.011,48.2,6.2,0
2803,57.11,0.00,1945.0,91.4,-1.2,3,8835,0.700,0.000,0.186,0.017,0.013,52.8,3.7,0
2804,57.13,0.00,1945.6,91.9,-1.3,3,8847,0.750,0.000,0.188,0.015,0.016,58.0,2.7,0
2805,57.15,0.00,1946.1,92.5,-1.2,3,8937,0.800,0.000,0.199,0.012,0.021,63.9,3.4,0
2806,57.17,0.00,1946.6,93.1,-1.1,3,9073,0.850,0.000,0.213,0.009,0.025,71.1,5.0,0
2807,57.19,0.00,1947.1,93.7,-1.1,3,9241,0.700,0.000,0.226,0.005,0.029,78.4,7.1,0
2808,57.21,0.00,1947.6,94.3,-1.2,3,9174,0.750,0.000,0.237,0.002,0.033,83.9,4.9,0
2809,57.23,0.00,1948.2,94.9,-1.3,3,9263,0.600,0.000,0.247,-0.003,0.036,88.5,5.5,0
2810,57.25,0.00,1948.7,95.4,-1.4,3,9165,0.650,0.000,0.258,-0.007,0.039,92.6,2.8,0
2811,57.27,0.00,1949.2,95.9,-1.4,3,9238,0.700,0.000,0.201,-0.012,0.034,96.2,3.4,0
2812,57.29,0.00,1949.7,96.4,-1.5,3,9355,0.750,0.000,0.140,-0.016,0.023,99.6,4.5,0
2813,57.31,0.00,1950.3,96.9,-1.7,3,9483,0.600,0.000,0.085,-0.019,0.012,102.9,5.8,0
2814,57.33,0.00,1950.8,97.5,-1.8,3,9365,0.650,0.000,0.039,-0.021,0.003,105.9,2.5,0
2815,57.35,0.00,1951.4,98.0,-1.8,3,9441,0.700,0.000,0.007,-0.023,-0.004,108.0,2.8,0
2816,57.37,0.00,1951.9,98.6,-1.7,3,9555,0.750,0.000,-0.013,-0.024,-0.008,109.1,4.0,0
2817,57.39,0.00,1952.5,99.2,-1.5,3,9674,0.600,0.000,-0.024,-0.025,-0.010,109.5,5.2,0
2818,57.41,0.00,1953.0,99.8,-1.3,3,9542,0.650,0.000,-0.028,-0.025,-0.011,109.2,1.6,0
2819,57.43,0.00,1953.6,100.3,-1.0,3,9582,0.700,0.000,-0.026,-0.025,-0.010,108.5,1.3,0
2820,57.45,0.00,1954.1,100.9,-0.7,3,9671,0.750,0.000,-0.021,-0.025,-0.009,107.4,1.9,0
2821,57.47,0.00,1954.7,101.5,-0.4,3,9773,0.800,0.000,-0.015,-0.025,-0.008,106.3,2.8,0
2822,57.49,0.00,1955.3,102.2,-0.2,3,9886,0.850,0.000,-0.009,-0.024,-0.007,105.2,3.8,0
2823,57.51,0.00,1955.8,102.9,-0.1,3,10012,0.900,0.000,-0.005,-0.024,-0.006,104.3,5.0,0
2824,57.53,0.00,1956.4,103.7,0.1,3,10156,0.750,0.000,-0.002,-0.023,-0.005,103.4,6.4,0
2825,57.55,0.00,1957.0,104.4,0.1,3,10056,0.800,0.000,-0.000,-0.023,-0.005,102.7,3.2,0
2826,57.57,0.00,1957.6,105.1,0.2,3,10131,0.850,0.000,0.000,-0.022,-0.005,102.0,3.2,0
2827,57.59,0.00,1958.2,105.8,0.2,3,10270,0.900,0.000,-0.000,-0.021,-0.005,101.4,4.6,0
2828,57.61,0.00,1958.7,106.5,0.2,3,10490,0.750,0.000,-0.001,-0.021,-0.005,100.9,7.5,0
2829,57.63,0.00,1959.3,107.3,0.2,3,10403,0.800,0.000,-0.001,-0.020,-0.005,100.3,4.7,0
2830,57.65,0.00,1959.9,108.0,0.2,3,10456,0.850,0.000,-0.001,-0.019,-0.005,99.7,4.3,0
2831,57.67,0.00,1960.5,108.7,0.2,3,10569,0.700,0.000,-0.002,-0.018,-0.005,99.1,5.1,0
2832,57.69,0.00,1961.1,109.4,0.2,3,10458,0.750,0.000,-0.002,-0.018,-0.005,98.4,1.8,0
2833,57.71,0.00,1961.8,110.0,0.2,3,10525,0.800,0.000,-0.002,-0.017,-0.005,97.8,1.8,0
2834,57.73,0.00,1962.4,110.2,0.2,4,8553,0.850,0.000,-0.002,-0.016,-0.005,97.2,-8.0,0
2835,57.75,0.00,1963.0,110.1,0.2,4,8562,0.900,0.000,-0.001,-0.016,-0.005,96.5,-8.2,0
2836,57.77,0.00,1963.6,110.0,0.2,4,8179,0.950,0.000,-0.001,-0.015,-0.005,95.9,-7.9,0
2837,57.79,0.00,1964.2,110.4,0.2,4,8574,1.000,0.000,-0.001,-0.014,-0.005,95.2,1.2,0
2838,57.81,0.00,1964.8,111.0,0.2,4,8687,1.000,0.000,-0.001,-0.013,-0.005,94.6,3.0,0
2839,57.83,0.00,1965.4,111.6,0.2,4,8739,1.000,0.000,-0.001,-0.013,-0.005,93.9,3.1,0
2840,57.85,0.00,1966.0,112.3,0.2,4,8774,1.000,0.000,-0.002,-0.012,-0.005,93.3,2.8,0
2841,57.87,0.00,1966.7,113.0,0.2,4,8810,1.000,0.000,-0.002,-0.011,-0.005,92.7,2.4,0
2842,57.89,0.00,1967.3,113.6,0.2,4,8855,1.000,0.000,-0.003,-0.011,-0.005,92.1,2.2,0
2843,57.91,0.00,1967.9,114.3,0.2,4,8908,1.000,0.000,-0.003,-0.010,-0.005,91.4,2.3,0
2844,57.93,0.00,1968.6,115.0,0.2,4,8968,1.000,0.000,-0.003,-0.009,-0.005,90.8,2.5,0
2845,57.95,0.00,1969.2,115.7,0.2,4,9031,1.000,0.000,-0.003,-0.008,-0.005,90.1,2.7,0
2846,57.97,0.00,1969.9,116.3,0.2,4,9095,1.000,0.000,-0.003,-0.008,-0.005,89.5,3.0,0
2847,57.99,0.00,1970.5,117.0,0.2,4,9155,1.000,0.000,-0.003,-0.007,-0.005,88.8,3.2,0
2848,58.01,0.00,1971.2,117.7,0.2,4,9213,1.000,0.000,-0.004,-0.006,-0.005,88.1,3.3,0
2849,58.03,0.00,1971.8,118.4,0.2,4,9268,1.000,0.000,-0.003,-0.005,-0.005,87.4,3.3,0
2850,58.05,0.00,1972.5,119.1,0.2,4,9321,1.000,0.000,-0.003,-0.005,-0.005,86.7,3.3,0
2851,58.07,0.00,1973.1,119.8,0.2,4,9375,1.000,0.000,-0.003,-0.004,-0.005,86.0,3.3,0
2852,58.09,0.00,1973.8,120.5,0.2,4,9423,1.000,0.000,-0.003,-0.003,-0.005,85.4,3.2,0
2853,58.11,0.00,1974.5,121.3,0.2,4,9447,1.000,0.000,-0.003,-0.003,-0.005,84.7,2.4,0
2854,58.13,0.00,1975.2,122.0,0.2,4,9497,1.000,0.000,-0.004,-0.002,-0.005,84.0,2.3,0
2855,58.15,0.00,1975.8,122.7,0.2,4,9560,1.000,0.000,-0.004,-0.001,-0.005,83.3,2.5,0
2856,58.17,0.00,1976.5,123.4,0.1,4,9631,1.000,0.000,-0.003,-0.000,-0.005,82.6,2.9,0
2857,58.19,0.00,1977.2,124.0,0.1,4,9698,1.000,0.000,-0.003,0.000,-0.005,81.9,3.2,0
2858,58.21,0.00,1977.9,124.7,0.1,4,9759,1.000,0.000,0.033,0.001,-0.005,81.2,3.4,0
2859,58.23,0.00,1978.6,125.5,0.2,4,9812,1.000,0.000,0.029,0.002,-0.006,80.7,3.4,0
2860,58.25,0.00,1979.3,126.2,0.2,4,9861,1.000,0.000,0.020,0.003,-0.008,80.6,3.2,0
2861,58.27,0.00,1980.0,126.9,0.0,4,9910,1.000,0.000,0.010,0.004,-0.010,80.5,3.0,0
2862,58.29,0.00,1980.7,127.6,-0.1,4,9959,1.000,0.000,0.002,0.005,-0.011,80.3,2.9,0
2863,58.31,0.00,1981.4,128.3,-0.2,4,10009,1.000,0.000,-0.004,0.006,-0.012,79.9,2.8,0
2864,58.33,0.00,1982.1,129.0,-0.2,4,9998,1.000,0.000,-0.007,0.008,-0.013,79.4,1.3,0
2865,58.35,0.00,1982.8,129.7,-0.1,4,10038,1.000,0.000,-0.008,0.009,-0.013,78.7,0.9,0
2866,58.37,0.00,1983.6,130.4,-0.1,4,10102,1.000,0.000,-0.007,0.011,-0.013,77.9,1.1,0
2867,58.39,0.00,1984.3,131.1,-0.0,4,10181,1.000,0.000,-0.006,0.012,-0.013,77.1,1.8,0
2868,58.41,0.00,1985.0,131.7,0.0,4,10256,1.000,0.000,-0.005,0.014,-0.013,76.2,2.3,0
2869,58.43,0.00,1985.8,132.4,0.0,4,10321,1.000,0.000,-0.004,0.015,-0.012,75.4,2.7,0
2870,58.45,0.00,1986.5,133.1,0.1,4,10378,1.000,0.000,-0.004,0.017,-0.012,74.6,2.7,0
2871,58.47,0.00,1987.2,133.8,0.1,4,10422,1.000,0.000,-0.003,0.018,-0.012,73.8,2.4,0
2872,58.49,0.00,1988.0,134.5,0.1,4,10464,1.000,0.000,-0.003,0.020,-0.012,72.9,2.2,0
2873,58.51,0.00,1988.7,135.2,0.1,4,10508,1.000,0.000,-0.003,0.021,-0.012,72.1,2.0,0
2874,58.53,0.00,1989.5,135.9,0.1,4,10517,1.000,0.000,-0.003,0.023,-0.012,71.3,1.1,0
2875,58.55,0.00,1990.2,136.6,0.1,4,10510,1.000,0.000,-0.003,0.025,-0.012,70.6,-0.5,0
2876,58.57,0.00,1991.0,137.3,0.1,4,10566,1.000,0.000,-0.003,0.026,-0.012,69.8,-0.5,0
2877,58.59,0.00,1991.8,137.9,0.1,4,10646,1.000,0.000,-0.003,0.028,-0.012,69.0,0.2,0
2878,58.61,0.00,1992.5,138.6,0.1,4,10735,1.000,0.000,-0.003,0.029,-0.012,68.2,1.1,0
2879,58.63,0.00,1993.3,139.2,0.1,4,10814,1.000,0.000,-0.003,0.031,-0.012,67.4,1.8,0
2880,58.65,0.00,1994.1,139.9,0.1,4,10881,1.000,0.000,-0.003,0.032,-0.012,66.6,2.2,0
2881,58.67,0.00,1994.9,140.5,0.1,4,10930,0.000,0.069,-0.003,0.034,-0.012,65.7,2.0,0
2882,58.69,0.00,1995.6,140.6,0.1,5,9638,0.000,0.116,-0.003,0.035,-0.011,64.9,-8.8,0
2883,58.71,0.00,1996.4,140.2,0.1,5,9612,0.000,0.138,-0.002,0.037,-0.011,64.1,-8.2,0
2884,58.73,0.00,1997.2,139.6,0.1,5,9238,0.000,0.155,-0.001,0.038,-0.011,63.2,-8.3,0
2885,58.75,0.00,1998.0,139.0,0.1,4,10249,0.000,0.168,-0.000,0.040,-0.011,62.4,-7.1,0
2886,58.77,0.00,1998.8,138.4,0.1,4,10220,0.000,0.179,0.000,0.041,-0.011,61.5,-6.8,0
2887,58.79,0.00,1999.5,137.7,0.1,4,10103,0.000,0.187,0.000,0.043,-0.011,60.7,-7.4,0
2888,58.81,0.00,2000.3,136.9,0.1,4,10028,0.000,0.190,0.000,0.044,-0.011,59.9,-7.5,0
2889,58.83,0.00,2001.0,136.1,0.1,4,9963,0.000,0.192,0.000,0.046,-0.011,59.2,-7.5,0
2890,58.85,0.00,2001.8,135.3,0.1,4,9900,0.000,0.193,0.000,0.047,-0.011,58.4,-7.4,0
2891,58.87,0.00,2002.5,134.5,0.0,4,9839,0.000,0.192,0.000,0.049,-0.011,57.7,-8.8,0
2892,58.89,0.00,2003.3,133.7,0.0,4,9784,0.000,0.194,0.001,0.050,-0.011,56.9,-8.5,0
2893,58.91,0.00,2004.0,132.9,0.0,4,9727,0.000,0.195,0.105,0.051,-0.011,56.2,-8.0,0
2894,58.93,0.00,2004.8,132.1,0.3,4,9670,0.000,0.167,0.095,0.053,-0.013,55.9,-6.9,0
2895,58.95,0.00,2005.5,131.3,0.1,4,9651,0.000,0.100,0.070,0.055,-0.019,56.4,-6.7,0
2896,58.97,0.00,2006.2,130.7,-0.2,4,9629,0.000,0.034,0.043,0.058,-0.025,57.1,-8.2,0
2897,58.99,0.00,2006.9,130.3,-0.4,4,9620,0.050,0.000,0.020,0.060,-0.030,57.5,-9.7,0
2898,59.01,0.00,2007.7,130.0,-0.6,4,9634,0.100,0.000,0.004,0.064,-0.033,57.7,-10.0,0
2899,59.03,0.00,2008.4,129.9,-0.7,4,9643,0.150,0.000,-0.005,0.067,-0.035,57.4,-9.5,0
2900,59.05,0.00,2009.1,129.7,-0.6,4,9658,0.200,0.000,-0.009,0.071,-0.036,56.9,-8.9,0
2901,59.07,0.00,2009.8,129.7,-0.5,4,9676,0.000,0.037,-0.009,0.075,-0.036,56.1,-8.3,0
2902,59.09,0.00,2010.5,129.4,-0.4,4,9554,0.000,0.073,-0.007,0.079,-0.036,55.3,-10.0,0
2903,59.11,0.00,2011.3,129.0,-0.3,4,9508,0.000,0.101,-0.004,0.083,-0.035,54.4,-9.4,0
2904,59.13,0.00,2012.0,128.5,-0.2,4,9459,0.000,0.123,-0.002,0.087,-0.035,53.6,-8.9,0
2905,59.15,0.00,2012.7,128.0,-0.1,4,9410,0.000,0.141,-0.001,0.090,-0.034,52.7,-8.3,0
2906,59.17,0.00,2013.4,127.3,-0.1,4,9375,0.000,0.153,0.000,0.094,-0.034,52.0,-7.3,0
2907,59.19,0.00,2014.1,126.7,-0.0,4,9319,0.000,0.163,0.001,0.098,-0.034,51.2,-6.9,0
2908,59.21,0.00,2014.8,126.0,-0.0,4,9255,0.000,0.170,0.001,0.102,-0.034,50.5,-6.7,0
2909,59.23,0.00,2015.5,125.3,-0.0,4,9189,0.000,0.176,0.001,0.106,-0.034,49.8,-6.6,0
2910,59.25,0.00,2016.2,124.6,-0.0,4,9125,0.000,0.180,0.000,0.110,-0.035,49.1,-6.6,0
2911,59.27,0.00,2016.9,123.8,-0.0,4,9065,0.000,0.184,0.000,0.114,-0.035,48.4,-6.5,0
2912,59.29,0.00,2017.6,123.1,-0.0,4,9007,0.000,0.187,0.000,0.118,-0.035,47.8,-6.8,0
2913,59.31,0.00,2018.2,122.3,-0.0,4,8949,0.000,0.188,0.000,0.122,-0.035,47.1,-8.2,0
2914,59.33,0.00,2018.9,121.5,-0.0,4,8897,0.000,0.191,0.001,0.126,-0.035,46.4,-7.7,0
2915,59.35,0.00,2019.6,120.7,-0.0,4,8843,0.000,0.194,0.029,0.130,-0.029,45.7,-7.2,0
2916,59.37,0.00,2020.3,120.0,0.0,4,8786,0.000,0.187,0.059,0.133,-0.023,45.2,-6.6,0
2917,59.39,0.00,2020.9,119.2,0.1,4,8766,0.000,0.160,0.083,0.135,-0.019,45.0,-5.3,0
2918,59.41,0.00,2021.6,118.5,0.1,4,8721,0.000,0.117,0.099,0.137,-0.015,45.1,-5.5,0
2919,59.43,0.00,2022.3,117.9,0.0,4,8686,0.000,0.063,0.109,0.139,-0.014,45.5,-6.4,0
2920,59.45,0.00,2022.9,117.4,-0.0,4,8664,0.050,0.000,0.113,0.140,-0.013,46.3,-8.3,0
2921,59.47,0.00,2023.6,117.2,-0.2,4,8688,0.100,0.000,0.110,0.141,-0.014,47.5,-8.8,0
2922,59.49,0.00,2024.2,117.0,-0.5,4,8697,0.150,0.000,0.103,0.143,-0.016,49.0,-8.3,0
2923,59.51,0.00,2024.9,116.9,-0.8,4,8710,0.200,0.000,0.096,0.144,-0.018,50.6,-7.8,0
2924,59.53,0.00,2025.6,116.8,-1.0,4,8721,0.250,0.000,0.092,0.145,-0.019,52.3,-7.3,0
2925,59.55,0.00,2026.2,116.8,-0.9,4,8724,0.300,0.000,0.093,0.146,-0.019,53.6,-7.2,0
2926,59.57,0.00,2026.9,116.8,-0.8,4,8742,0.350,0.000,0.100,0.147,-0.018,54.7,-6.7,0
2927,59.59,0.00,2027.5,116.8,-0.7,4,8770,0.400,0.000,0.109,0.148,-0.017,55.7,-6.1,0
2928,59.61,0.00,2028.2,116.9,-0.6,4,8806,0.450,0.000,0.117,0.150,-0.016,56.9,-5.4,0
2929,59.63,0.00,2028.8,117.0,-0.6,4,8847,0.500,0.000,0.124,0.151,-0.016,58.6,-4.6,0
2930,59.65,0.00,2029.5,117.2,-0.7,4,8889,0.550,0.000,-0.007,0.152,-0.017,60.6,-3.8,0
2931,59.67,0.00,2030.2,117.4,-1.1,4,8927,0.600,0.000,-0.006,0.153,-0.017,62.0,-3.4,0
2932,59.69,0.00,2030.8,117.7,-1.1,4,8937,0.650,0.000,0.016,0.154,-0.012,62.1,-3.6,0
2933,59.71,0.00,2031.5,118.0,-0.8,4,8971,0.700,0.000,0.045,0.154,-0.006,61.8,-3.4,0
2934,59.73,0.00,2032.1,118.4,-0.6,4,9023,0.750,0.000,0.072,0.153,-0.001,61.6,-2.7,0
2935,59.75,0.00,2032.8,118.8,-0.4,4,9091,0.800,0.000,0.092,0.153,0.004,61.8,-1.8,0
2936,59.77,0.00,2033.5,119.2,-0.3,4,9171,0.850,0.000,0.105,0.152,0.007,62.6,-0.6,0
2937,59.79,0.00,2034.1,119.7,-0.4,4,9257,0.900,0.000,0.111,0.151,0.008,63.9,0.6,0
2938,59.81,0.00,2034.8,120.2,-0.5,4,9349,0.950,0.000,0.112,0.149,0.009,65.6,1.9,0
2939,59.83,0.00,2035.5,120.8,-0.7,4,9444,1.000,0.000,0.110,0.148,0.009,67.7,3.1,0
2940,59.85,0.00,2036.2,121.4,-1.0,4,9552,1.000,0.000,0.106,0.146,0.008,70.2,4.6,0
2941,59.87,0.00,2036.8,122.0,-1.2,4,9615,0.850,0.000,0.100,0.144,0.007,72.8,5.0,0
2942,59.89,0.00,2037.5,122.6,-1.4,4,9542,0.900,0.000,0.096,0.142,0.006,75.6,2.2,0
2943,59.91,0.00,2038.2,123.2,-1.6,4,9590,0.950,0.000,0.095,0.140,0.006,78.1,2.3,0
2944,59.93,0.00,2038.9,123.8,-1.7,4,9671,1.000,0.000,0.099,0.138,0.006,80.3,3.3,0
2945,59.95,0.00,2039.6,124.4,-1.7,4,9764,1.000,0.000,0.105,0.135,0.007,82.4,4.4,0
2946,59.97,0.00,2040.3,125.0,-1.7,4,9825,1.000,0.000,0.112,0.133,0.008,84.7,4.7,0
2947,59.99,0.00,2041.0,125.5,-1.8,4,10005,0.850,0.000,0.120,0.130,0.008,87.5,7.7,0
2948,60.01,0.00,2041.7,126.1,-2.1,4,9986,0.700,0.000,0.111,0.127,0.007,91.0,6.5,0
2949,60.03,0.00,2042.4,126.6,-2.4,4,9832,0.750,0.000,0.097,0.125,0.005,95.1,1.9,0
2950,60.05,0.00,2043.1,127.0,-2.6,4,9834,0.800,0.000,0.037,0.122,0.004,98.9,1.1,0
2951,60.07,0.00,2043.8,127.5,-2.7,4,9871,0.850,0.000,0.042,0.119,0.005,101.3,1.1,0
2952,60.09,0.00,2044.5,128.0,-2.5,4,9921,0.900,0.000,0.043,0.116,0.005,102.4,1.4,0
2953,60.11,0.00,2045.3,128.6,-2.1,4,9981,0.950,0.000,0.030,0.113,0.002,103.0,1.8,0
2954,60.13,0.00,2046.0,129.0,-1.9,4,10254,0.800,0.000,0.019,0.111,0.000,103.5,6.7,0
2955,60.15,0.00,2046.7,129.4,-1.9,4,10312,0.650,0.000,0.005,0.110,-0.003,104.5,7.8,0
2956,60.17,0.00,2047.4,130.0,-1.9,4,10090,0.700,0.000,-0.009,0.108,-0.006,105.4,1.7,0
2957,60.19,0.00,2048.1,130.5,-1.7,4,10026,0.750,0.000,-0.017,0.107,-0.008,105.6,-0.9,0
2958,60.21,0.00,2048.9,130.9,-1.5,4,10037,0.800,0.000,-0.018,0.107,-0.008,104.9,-1.5,0
2959,60.23,0.00,2049.6,131.4,-1.1,4,10074,0.850,0.000,-0.014,0.107,-0.007,103.7,-1.5,0
2960,60.25,0.00,2050.3,131.9,-0.8,4,10128,0.900,0.000,-0.009,0.107,-0.006,102.2,-1.1,0
2961,60.27,0.00,2051.1,132.5,-0.5,4,10198,0.950,0.000,-0.003,0.107,-0.005,100.8,-0.4,0
2962,60.29,0.00,2051.8,133.1,-0.3,4,10283,1.000,0.000,0.002,0.107,-0.004,99.5,0.6,0
2963,60.31,0.00,2052.5,133.7,-0.2,4,10382,1.000,0.000,0.005,0.107,-0.003,98.4,1.8,0
2964,60.33,0.00,2053.3,134.2,-0.1,4,10621,0.850,0.000,0.006,0.107,-0.003,97.5,6.1,0
2965,60.35,0.00,2054.0,134.8,-0.1,4,10604,0.700,0.000,0.005,0.108,-0.004,96.8,5.1,0
2966,60.37,0.00,2054.8,135.3,-0.1,4,10419,0.750,0.000,0.055,0.108,-0.004,96.3,-0.3,0
2967,60.39,0.00,2055.5,135.8,0.0,4,10416,0.800,0.000,0.047,0.109,-0.005,96.3,-1.4,0
2968,60.41,0.00,2056.3,136.2,-0.1,4,10459,0.850,0.000,-0.018,0.110,-0.008,97.0,-1.3,0
2969,60.43,0.00,2057.1,136.7,-0.4,4,10511,0.900,0.000,-0.026,0.111,-0.010,97.2,-1.0,0
2970,60.45,0.00,2057.8,137.3,-0.4,4,10572,0.950,0.000,-0.024,0.111,-0.010,96.3,-0.5,0
2971,60.47,0.00,2058.6,137.9,-0.3,4,10644,1.000,0.000,0.032,0.112,-0.009,94.9,0.2,0
2972,60.49,0.00,2059.3,138.5,-0.0,4,10727,1.000,0.000,0.035,0.113,-0.008,93.9,1.1,0
2973,60.51,0.00,2060.1,139.2,0.0,4,10794,1.000,0.000,0.029,0.114,-0.010,93.7,1.4,0
2974,60.53,0.00,2060.9,139.8,-0.1,4,10879,1.000,0.000,0.019,0.116,-0.012,94.0,2.3,0
2975,60.55,0.00,2061.7,140.4,-0.2,4,10927,1.000,0.000,0.010,0.117,-0.014,94.2,2.3,0
2976,60.57,0.00,2062.4,140.7,-0.3,5,9810,1.000,0.000,0.002,0.119,-0.015,94.3,-9.7,0
2977,60.59,0.00,2063.2,140.6,-0.3,5,9814,1.000,0.000,-0.002,0.120,-0.016,93.9,-10.4,0
2978,60.61,0.00,2064.0,140.4,-0.3,5,9366,1.000,0.000,-0.004,0.122,-0.016,93.3,-10.3,0
2979,60.63,0.00,2064.8,140.6,-0.3,5,9741,1.000,0.000,-0.003,0.124,-0.016,92.5,-0.5,0
2980,60.65,0.00,2065.6,141.2,-0.2,5,9800,1.000,0.000,-0.002,0.126,-0.016,91.6,0.3,0
2981,60.67,0.00,2066.4,141.7,-0.1,5,9824,1.000,0.000,-0.001,0.128,-0.016,90.7,-0.0,0
2982,60.69,0.00,2067.2,142.3,-0.1,5,9846,1.000,0.000,0.001,0.130,-0.016,89.8,-0.5,0
2983,60.71,0.00,2067.9,142.9,-0.1,5,9830,1.000,0.000,0.002,0.132,-0.016,88.9,-2.0,0
2984,60.73,0.00,2068.7,143.5,-0.0,5,9863,1.000,0.000,0.002,0.134,-0.016,88.0,-2.2,0
2985,60.75,0.00,2069.5,144.0,-0.0,5,9913,1.000,0.000,0.002,0.136,-0.016,87.2,-1.9,0
2986,60.77,0.00,2070.3,144.6,-0.0,5,9975,1.000,0.000,0.002,0.138,-0.016,86.5,-1.2,0
2987,60.79,0.00,2071.2,145.1,-0.0,5,10033,1.000,0.000,0.002,0.141,-0.016,85.7,-0.7,0
2988,60.81,0.00,2071.9,145.6,-0.0,5,10083,1.000,0.000,0.002,0.143,-0.016,84.9,-0.4,0
2989,60.83,0.00,2072.8,146.2,-0.0,5,10123,1.000,0.000,0.002,0.145,-0.017,84.2,-0.3,0
2990,60.85,0.00,2073.6,146.8,-0.0,5,10158,1.000,0.000,0.009,0.147,-0.015,83.4,-0.4,0
2991,60.87,0.00,2074.4,147.3,-0.0,5,10190,1.000,0.000,0.018,0.149,-0.014,82.7,-0.5,0
2992,60.89,0.00,2075.2,147.9,-0.0,5,10204,1.000,0.000,0.025,0.151,-0.012,82.3,-1.2,0
2993,60.91,0.00,2076.0,148.4,-0.1,5,10238,1.000,0.000,0.028,0.152,-0.011,82.1,-1.3,0
2994,60.93,0.00,2076.9,149.0,-0.1,5,10277,1.000,0.000,0.030,0.154,-0.011,82.1,-1.3,0
2995,60.95,0.00,2077.7,149.5,-0.2,5,10320,1.000,0.000,0.030,0.155,-0.011,82.3,-1.2,0
2996,60.97,0.00,2078.5,150.0,-0.3,5,10364,1.000,0.000,0.029,0.156,-0.011,82.6,-1.0,0
2997,60.99,0.00,2079.4,150.6,-0.4,5,10405,1.000,0.000,0.029,0.158,-0.011,83.0,-0.8,0
2998,61.01,0.00,2080.2,151.1,-0.5,5,10446,1.000,0.000,0.029,0.159,-0.011,83.3,-0.7,0
2999,61.03,0.00,2081.1,151.7,-0.5,5,10485,1.000,0.000,0.029,0.160,-0.011,83.5,-0.7,0
3000,61.05,0.00,2081.9,152.2,-0.6,5,10539,1.000,0.000,0.029,0.161,-0.011,83.8,-0.4,0
3001,61.07,0.00,2082.8,152.7,-0.6,5,10636,1.000,0.000,0.028,0.162,-0.012,84.3,1.4,0
3002,61.09,0.00,2083.6,153.2,-0.7,5,10652,1.000,0.000,0.026,0.163,-0.012,84.8,0.9,0
3003,61.11,0.00,2084.5,153.8,-0.8,5,10660,1.000,0.000,0.025,0.164,-0.012,85.4,0.0,0
3004,61.13,0.00,2085.3,154.4,-0.8,5,10672,1.000,0.000,0.024,0.165,-0.012,85.9,-0.7,0
3005,61.15,0.00,2086.2,154.9,-0.8,5,10690,1.000,0.000,0.024,0.166,-0.012,86.4,-1.3,0
3006,61.17,0.00,2087.1,155.5,-0.8,5,10715,1.000,0.000,0.025,0.167,-0.012,86.7,-1.6,0
3007,61.19,0.00,2087.9,156.0,-0.7,5,10748,1.000,0.000,0.027,0.168,-0.012,86.9,-1.7,0
3008,61.21,0.00,2088.8,156.5,-0.7,5,10785,1.000,0.000,0.029,0.169,-0.011,87.2,-1.7,0
3009,61.23,0.00,2089.7,157.0,-0.6,5,10858,1.000,0.000,0.030,0.170,-0.011,87.6,-0.8,0
3010,61.25,0.00,2090.5,157.5,-0.7,5,10903,1.000,0.000,0.029,0.171,-0.011,88.3,-0.5,0
3011,61.27,0.00,2091.4,158.1,-0.7,5,10928,1.000,0.000,0.028,0.172,-0.011,89.1,-0.8,0
3012,61.29,0.00,2092.3,158.6,-0.8,5,10954,1.000,0.000,0.026,0.173,-0.012,89.9,-1.1,0
3013,61.31,0.00,2093.2,159.2,-0.8,5,10981,1.000,0.000,0.008,0.174,-0.012,90.7,-1.4,0
3014,61.33,0.00,2094.1,159.7,-0.8,5,11008,0.990,0.000,0.009,0.175,-0.011,91.1,-1.6,0
3015,61.35,0.00,2095.0,160.2,-0.7,5,11033,0.980,0.000,0.014,0.176,-0.010,91.0,-2.0,0
3016,61.37,0.00,2095.8,160.7,-0.6,5,11060,0.970,0.000,0.020,0.177,-0.009,90.8,-2.2,0
3017,61.39,0.00,2096.8,161.2,-0.5,5,11092,0.960,0.000,0.025,0.177,-0.008,90.7,-2.3,0
3018,61.41,0.00,2097.7,161.7,-0.5,5,11126,0.950,0.000,0.028,0.178,-0.007,90.9,-2.3,0
3019,61.43,0.00,2098.6,162.2,-0.5,5,11154,0.940,0.000,0.029,0.178,-0.006,91.5,-2.5,0
3020,61.45,0.00,2099.5,162.7,-0.5,5,11180,0.930,0.000,0.028,0.179,-0.006,92.4,-2.7,0
3021,61.47,0.00,2100.4,163.2,-0.6,5,11205,0.920,0.000,0.026,0.179,-0.006,93.4,-2.8,0
3022,61.49,0.00,2101.3,163.6,-0.6,5,11230,0.910,0.000,0.025,0.180,-0.006,94.4,-3.1,0
3023,61.51,0.00,2102.2,164.1,-0.7,5,11254,0.900,0.000,0.025,0.180,-0.006,95.6,-3.3,0
3024,61.53,0.00,2103.1,164.5,-0.7,5,11277,0.890,0.000,0.024,0.180,-0.006,96.9,-3.5,0
3025,61.55,0.00,2104.0,164.9,-0.7,5,11298,0.880,0.000,0.025,0.180,-0.005,98.3,-3.7,0
3026,61.57,0.00,2104.9,165.4,-0.7,5,11312,0.870,0.000,0.025,0.181,-0.005,99.9,-4.1,0
3027,61.59,0.00,2105.9,165.8,-0.6,5,11335,0.860,0.000,0.026,0.181,-0.005,101.7,-4.3,0
3028,61.61,0.00,2106.8,166.2,-0.6,5,11361,0.850,0.000,0.027,0.181,-0.004,104.0,-4.3,0
3029,61.63,0.00,2107.7,166.5,-0.6,5,11388,0.840,0.000,0.027,0.181,-0.004,107.2,-4.3,0
3030,61.65,0.00,2108.7,166.9,-0.6,5,11413,0.830,0.000,0.027,0.181,-0.004,112.4,-4.4,0
3031,61.67,0.00,2109.6,167.3,-0.7,5,11433,0.820,0.000,0.026,0.181,-0.004,123.4,-4.5,0
3032,61.69,0.00,2110.5,167.6,-0.7,5,11452,0.810,0.000,0.025,0.181,-0.004,131.0,-4.7,0
3033,61.71,0.00,2111.4,168.0,-0.7,5,11464,0.800,0.000,0.024,0.181,-0.003,136.3,-5.0,0
3034,61.73,0.00,2112.4,168.4,-0.7,5,11464,0.790,0.000,0.025,0.180,-0.003,140.2,-5.7,0
3035,61.75,0.00,2113.3,168.7,-0.6,5,11484,0.780,0.000,0.026,0.180,-0.003,143.3,-5.8,0
3036,61.77,0.00,2114.3,169.0,-0.6,5,11509,0.770,0.000,0.028,0.180,-0.002,146.1,-5.7,0
3037,61.79,0.00,2115.2,169.3,-0.6,5,11535,0.760,0.000,0.029,0.180,-0.002,149.0,-5.6,0
3038,61.81,0.00,2116.2,169.6,-0.6,5,11557,0.750,0.000,0.029,0.179,-0.001,152.0,-5.6,0
3039,61.83,0.00,2117.1,169.9,-0.6,5,11573,0.740,0.000,0.027,0.179,-0.001,155.4,-5.7,0
3040,61.85,0.00,2118.0,170.2,-0.7,5,11587,0.730,0.000,0.024,0.179,-0.001,158.6,-5.8,0
3041,61.87,0.00,2119.0,170.2,-0.7,6,10615,0.720,0.000,0.023,0.178,-0.001,161.6,-12.3,0
3042,61.89,0.00,2119.9,169.9,-0.7,6,10615,0.710,0.000,0.023,0.178,-0.001,164.1,-12.6,0
3043,61.91,0.00,2120.9,169.7,-0.7,5,11319,0.700,0.000,0.024,0.177,-0.001,166.6,-12.6,0
3044,61.93,0.00,2121.8,169.4,-0.6,5,11315,0.690,0.000,0.025,0.177,-0.000,169.2,-12.6,0
3045,61.95,0.00,2122.8,169.2,-0.6,5,11310,0.680,0.000,0.025,0.176,0.000,172.3,-12.6,0
3046,61.97,0.00,2123.7,169.0,-0.7,5,11262,0.670,0.000,0.024,0.175,0.000,175.9,-12.6,0
3047,61.99,0.00,2124.7,169.0,-0.7,5,11483,0.660,0.000,0.021,0.175,-0.000,180.3,-6.6,0
3048,62.01,0.00,2125.6,169.2,-0.8,5,11495,0.650,0.000,0.011,0.174,-0.000,184.7,-6.5,0
3049,62.03,0.00,2126.5,169.4,-0.8,5,11470,0.640,0.000,0.012,0.173,0.000,188.0,-7.6,0
3050,62.05,0.00,2127.5,169.6,-0.7,5,11471,0.630,0.000,0.018,0.172,0.002,189.5,-8.0,0
3051,62.07,0.00,2128.4,169.8,-0.5,5,11484,0.620,0.000,0.025,0.171,0.003,190.7,-8.0,0
3052,62.09,0.00,2129.4,170.0,-0.4,5,11505,0.610,0.000,0.030,0.170,0.005,192.8,-7.8,0
3053,62.11,0.00,2130.3,170.1,-0.4,5,11526,0.600,0.000,0.032,0.169,0.005,196.2,-7.5,0
3054,62.13,0.00,2131.3,170.1,-0.4,6,10561,0.590,0.000,0.031,0.168,0.005,200.0,-12.3,0
3055,62.15,0.00,2132.2,169.8,-0.5,6,10561,0.580,0.000,0.026,0.167,0.005,200.0,-12.6,0
3056,62.17,0.00,2133.2,169.6,-0.7,5,11313,0.570,0.000,0.021,0.166,0.004,200.0,-12.6,0
3057,62.19,0.00,2134.1,169.3,-0.8,5,11308,0.560,0.000,0.018,0.164,0.004,200.0,-12.6,0
3058,62.21,0.00,2135.1,169.1,-0.7,5,11304,0.550,0.000,0.019,0.163,0.004,200.0,-12.6,0
3059,62.23,0.00,2136.0,168.8,-0.6,5,11252,0.540,0.000,0.022,0.162,0.005,200.0,-12.7,0
3060,62.25,0.00,2136.9,168.8,-0.6,5,11406,0.530,0.000,0.025,0.160,0.006,200.0,-8.3,0
3061,62.27,0.00,2137.9,168.9,-0.6,5,11419,0.520,0.000,0.027,0.159,0.006,200.0,-8.1,0
3062,62.29,0.00,2138.8,169.0,-0.6,5,11422,0.510,0.000,0.026,0.157,0.007,200.0,-8.2,0
3063,62.31,0.00,2139.8,169.0,-0.6,5,11422,0.500,0.000,0.024,0.156,0.006,200.0,-8.3,0
3064,62.33,0.00,2140.7,169.1,-0.7,5,11421,0.490,0.000,0.015,0.154,0.006,200.0,-8.5,0
3065,62.35,0.00,2141.6,169.2,-0.7,5,11386,0.480,0.000,0.016,0.152,0.007,200.0,-9.6,0
3066,62.37,0.00,2142.6,169.2,-0.5,5,11387,0.470,0.000,0.021,0.151,0.008,200.0,-9.6,0
3067,62.39,0.00,2143.5,169.3,-0.4,5,11396,0.460,0.000,0.027,0.149,0.009,200.0,-9.5,0
3068,62.41,0.00,2144.5,169.3,-0.4,5,11408,0.450,0.000,0.030,0.147,0.010,200.0,-9.2,0
3069,62.43,0.00,2145.4,169.3,-0.4,5,11417,0.440,0.000,0.031,0.145,0.011,200.0,-9.0,0
3070,62.45,0.00,2146.3,169.3,-0.5,5,11418,0.430,0.000,0.029,0.143,0.010,200.0,-9.0,0
3071,62.47,0.00,2147.3,169.3,-0.6,5,11415,0.420,0.000,0.019,0.141,0.009,200.0,-9.1,0
3072,62.49,0.00,2148.2,169.3,-0.7,5,11408,0.410,0.000,0.006,0.139,0.006,200.0,-9.3,0
3073,62.51,0.00,2149.2,169.3,-0.7,5,11380,0.400,0.000,-0.008,0.138,0.005,200.0,-10.1,0
3074,62.53,0.00,2150.1,169.3,-0.6,5,11377,0.390,0.000,-0.009,0.136,0.004,200.0,-10.1,0
3075,62.55,0.00,2151.1,169.3,-0.4,5,11378,0.380,0.000,-0.006,0.135,0.005,200.0,-10.0,0
3076,62.57,0.00,2152.0,169.2,-0.2,5,11380,0.370,0.000,0.004,0.134,0.006,200.0,-9.9,0
3077,62.59,0.00,2152.9,169.2,-0.1,5,11380,0.360,0.000,0.006,0.133,0.006,200.0,-9.9,0
3078,62.61,0.00,2153.9,169.1,-0.0,5,11375,0.350,0.000,0.006,0.132,0.006,200.0,-9.9,0
3079,62.63,0.00,2154.8,169.1,-0.1,5,11367,0.340,0.000,0.004,0.131,0.005,200.0,-10.0,0
3080,62.65,0.00,2155.8,169.0,-0.1,5,11358,0.330,0.000,0.002,0.130,0.005,200.0,-10.1,0
3081,62.67,0.00,2156.7,169.0,-0.1,5,11337,0.320,0.000,-0.000,0.129,0.005,200.0,-10.5,0
3082,62.69,0.00,2157.6,168.9,-0.1,5,11327,0.310,0.000,-0.001,0.128,0.005,200.0,-10.6,0
3083,62.71,0.00,2158.6,168.8,-0.1,5,11320,0.300,0.000,-0.001,0.128,0.005,200.0,-10.7,0
3084,62.73,0.00,2159.5,168.7,-0.1,5,11314,0.290,0.000,-0.000,0.127,0.005,200.0,-10.7,0
3085,62.75,0.00,2160.4,168.6,-0.0,5,11306,0.280,0.000,0.000,0.126,0.005,200.0,-10.7,0
3086,62.77,0.00,2161.4,168.4,-0.0,5,11296,0.270,0.000,0.000,0.125,0.005,200.0,-10.7,0
3087,62.79,0.00,2162.3,168.3,-0.0,5,11283,0.260,0.000,0.001,0.125,0.005,200.0,-10.8,0
3088,62.81,0.00,2163.2,168.2,-0.0,5,11270,0.250,0.000,0.000,0.124,0.005,200.0,-10.9,0
3089,62.83,0.00,2164.2,168.0,-0.0,5,11253,0.240,0.000,0.000,0.123,0.005,200.0,-11.1,0
3090,62.85,0.00,2165.1,167.9,-0.0,5,11237,0.230,0.000,0.000,0.122,0.005,200.0,-11.3,0
3091,62.87,0.00,2166.0,167.7,-0.0,5,11224,0.220,0.000,0.000,0.122,0.005,200.0,-11.3,0
3092,62.89,0.00,2167.0,167.5,-0.0,5,11211,0.210,0.000,0.000,0.121,0.005,200.0,-11.4,0
3093,62.91,0.00,2167.9,167.4,-0.0,5,11198,0.200,0.000,0.000,0.120,0.005,200.0,-11.4,0
3094,62.93,0.00,2168.8,167.2,-0.0,5,11183,0.190,0.000,0.000,0.119,0.005,200.0,-11.5,0
3095,62.95,0.00,2169.8,167.0,-0.0,5,11166,0.180,0.000,0.000,0.119,0.005,200.0,-11.5,0
3096,62.97,0.00,2170.7,166.8,-0.0,5,11149,0.170,0.000,0.000,0.118,0.005,200.0,-11.6,0
3097,62.99,0.00,2171.6,166.6,-0.0,5,11132,0.160,0.000,0.000,0.117,0.005,200.0,-11.7,0
3098,63.01,0.00,2172.5,166.4,-0.0,5,11112,0.150,0.000,-0.000,0.117,0.005,200.0,-11.9,0
3099,63.03,0.00,2173.5,166.1,-0.0,5,11093,0.140,0.000,-0.001,0.116,0.005,200.0,-12.0,0
3100,63.05,0.00,2174.4,165.9,-0.0,5,11075,0.130,0.000,-0.001,0.115,0.005,200.0,-12.0,0
3101,63.07,0.00,2175.3,165.7,0.0,5,11056,0.120,0.000,-0.001,0.114,0.005,200.0,-12.1,0
3102,63.09,0.00,2176.2,165.4,0.0,5,11036,0.110,0.000,-0.000,0.114,0.005,200.0,-12.2,0
3103,63.11,0.00,2177.2,165.2,0.0,5,11016,0.100,0.000,-0.000,0.113,0.005,200.0,-12.2,0
3104,63.13,0.00,2178.1,164.9,0.0,5,10995,0.090,0.000,0.000,0.112,0.005,200.0,-12.3,0
3105,63.15,0.00,2179.0,164.6,0.0,5,10973,0.080,0.000,0.000,0.111,0.005,200.0,-12.4,0
3106,63.17,0.00,2179.9,164.4,0.0,5,10951,0.070,0.000,0.000,0.111,0.005,200.0,-12.5,0
3107,63.19,0.00,2180.8,164.1,0.0,5,10929,0.060,0.000,0.000,0.110,0.005,200.0,-12.6,0
3108,63.21,0.00,2181.7,163.8,0.0,5,10906,0.050,0.000,0.000,0.109,0.005,200.0,-12.7,0
3109,63.23,0.00,2182.6,163.5,0.0,5,10882,0.040,0.000,0.001,0.108,0.005,200.0,-12.7,0
3110,63.25,0.00,2183.5,163.2,0.0,5,10858,0.030,0.000,0.001,0.108,0.005,200.0,-12.8,0
3111,63.27,0.00,2184.4,162.9,0.0,5,10833,0.020,0.000,0.001,0.107,0.005,200.0,-12.9,0
3112,63.29,0.00,2185.3,162.6,0.0,5,10808,0.010,0.000,0.001,0.106,0.005,200.0,-13.0,0
3113,63.31,0.00,2186.2,162.2,0.0,5,10782,0.000,0.000,0.001,0.105,0.005,200.0,-13.1,0
3114,63.33,0.00,2187.1,161.9,0.0,5,10756,0.000,0.000,0.001,0.105,0.005,200.0,-13.2,0
3115,63.35,0.00,2188.0,161.5,0.0,5,10734,0.000,0.000,0.001,0.104,0.005,200.0,-13.1,0
3116,63.37,0.00,2188.9,161.2,0.0,5,10712,0.000,0.000,0.001,0.103,0.005,200.0,-13.1,0
3117,63.39,0.00,2189.8,160.9,0.0,5,10690,0.000,0.000,0.001,0.102,0.005,200.0,-13.1,0
3118,63.41,0.00,2190.7,160.5,0.0,5,10667,0.000,0.000,0.001,0.102,0.005,200.0,-13.0,0
3119,63.43,0.00,2191.6,160.2,0.0,5,10645,0.000,0.000,0.002,0.101,0.005,200.0,-13.0,0
3120,63.45,0.00,2192.5,159.9,0.0,5,10622,0.050,0.000,0.002,0.100,0.005,200.0,-13.0,0
3121,63.47,0.00,2193.4,159.6,0.0,5,10621,0.100,0.000,0.003,0.099,0.005,200.0,-12.4,0
3122,63.49,0.00,2194.3,159.3,0.0,5,10622,0.150,0.000,-0.002,0.099,0.004,200.0,-11.8,0
3123,63.51,0.00,2195.2,159.1,-0.0,5,10625,0.200,0.000,-0.011,0.098,0.002,200.0,-11.3,0
3124,63.53,0.00,2196.0,158.9,-0.0,5,10625,0.250,0.000,-0.016,0.098,0.001,200.0,-11.0,0
3125,63.55,0.00,2196.9,158.7,-0.0,5,10632,0.300,0.000,-0.020,0.098,-0.000,200.0,-10.5,0
3126,63.57,0.00,2197.8,158.6,0.0,5,10643,0.350,0.000,-0.022,0.098,-0.001,200.0,-10.0,0
3127,63.59,0.00,2198.7,158.6,0.1,5,10661,0.400,0.000,-0.023,0.098,-0.001,200.0,-9.3,0
3128,63.61,0.00,2199.6,158.6,0.2,5,10683,0.450,0.000,-0.020,0.099,-0.001,200.0,-8.7,0
3129,63.63,0.00,2200.4,158.6,0.3,5,10704,0.500,0.000,-0.018,0.099,-0.001,200.0,-8.1,0
3130,63.65,0.00,2201.3,158.6,0.3,5,10728,0.550,0.000,-0.017,0.100,-0.001,200.0,-7.6,0
3131,63.67,0.00,2202.2,158.8,0.4,5,10736,0.600,0.000,-0.017,0.100,-0.001,200.0,-7.4,0
3132,63.69,0.00,2203.1,158.9,0.4,5,10747,0.650,0.000,-0.019,0.101,-0.002,200.0,-7.5,0
3133,63.71,0.00,2204.0,159.1,0.3,5,10779,0.640,0.000,-0.021,0.101,-0.002,200.0,-7.0,0
3134,63.73,0.00,2204.8,159.3,0.3,5,10799,0.630,0.000,-0.022,0.102,-0.003,200.0,-6.8,0
3135,63.75,0.00,2205.7,159.5,0.3,5,10821,0.620,0.000,-0.023,0.103,-0.003,200.0,-6.5,0
3136,63.77,0.00,2206.6,159.6,0.3,5,10838,0.610,0.000,-0.020,0.103,-0.003,200.0,-6.4,0
3137,63.79,0.00,2207.5,159.8,0.4,5,10850,0.600,0.000,-0.019,0.104,-0.003,200.0,-6.4,0
3138,63.81,0.00,2208.4,159.9,0.4,5,10858,0.590,0.000,-0.016,0.105,-0.004,200.0,-6.4,0
3139,63.83,0.00,2209.3,160.1,0.4,5,10863,0.580,0.000,-0.016,0.106,-0.004,200.0,-6.6,0
3140,63.85,0.00,2210.2,160.2,0.4,5,10866,0.570,0.000,-0.018,0.107,-0.005,200.0,-6.8,0
3141,63.87,0.00,2211.1,160.4,0.4,5,10870,0.560,0.000,-0.020,0.108,-0.005,200.0,-6.9,0
3142,63.89,0.00,2211.9,160.5,0.4,5,10874,0.550,0.000,-0.021,0.109,-0.006,200.0,-7.1,0
3143,63.91,0.00,2212.8,160.6,0.4,5,10877,0.540,0.000,-0.019,0.111,-0.006,199.5,-7.2,0
3144,63.93,0.00,2213.7,160.7,0.4,5,10881,0.530,0.000,-0.020,0.112,-0.006,199.8,-7.3,0
3145,63.95,0.00,2214.6,160.8,0.4,5,10886,0.520,0.000,-0.022,0.113,-0.007,200.0,-7.4,0
3146,63.97,0.00,2215.5,160.9,0.4,5,10902,0.510,0.000,-0.024,0.115,-0.007,200.0,-7.3,0
3147,63.99,0.00,2216.4,161.0,0.4,5,10943,0.500,0.000,-0.024,0.116,-0.008,200.0,-6.1,0
3148,64.01,0.00,2217.4,161.1,0.5,5,10922,0.490,0.000,-0.020,0.118,-0.007,194.3,-6.9,0
3149,64.03,0.00,2218.4,161.2,0.6,5,10906,0.480,0.000,-0.018,0.120,-0.007,195.2,-7.5,0
3150,64.05,0.00,2219.4,161.3,0.6,5,10896,0.470,0.000,-0.017,0.122,-0.007,195.9,-7.9,0
3151,64.07,0.00,2220.3,161.3,0.6,5,10891,0.460,0.000,-0.019,0.123,-0.008,196.1,-8.2,0
3152,64.10,0.00,2221.3,161.4,0.5,5,10890,0.450,0.000,-0.024,0.125,-0.009,195.9,-8.3,0
3153,64.12,0.00,2222.3,161.4,0.4,5,10922,0.440,0.000,-0.028,0.127,-0.010,195.8,-7.8,0
3154,64.14,0.00,2223.3,161.4,0.5,5,11012,0.430,0.000,-0.026,0.130,-0.010,127.8,-5.2,0
3155,64.16,0.00,2224.3,161.4,0.6,5,10961,0.420,0.000,-0.020,0.132,-0.010,122.4,-6.5,0
3156,64.18,0.00,2225.3,161.5,0.7,5,10916,0.410,0.000,-0.014,0.134,-0.009,117.4,-7.8,0
3157,64.21,0.00,2226.2,161.5,0.8,5,10890,0.400,0.000,-0.011,0.137,-0.009,113.5,-8.6,0
3158,64.23,0.00,2227.2,161.5,0.7,5,10878,0.390,0.000,-0.013,0.139,-0.010,111.2,-9.0,0
3159,64.25,0.00,2228.2,161.6,0.6,5,10873,0.380,0.000,-0.007,0.141,-0.009,110.3,-9.1,0
3160,64.27,0.00,2229.2,161.5,0.4,5,10926,0.370,0.000,0.002,0.143,-0.007,109.6,-7.9,0
3161,64.29,0.00,2230.2,161.3,0.3,5,11096,0.360,0.000,0.013,0.144,-0.005,108.6,-3.4,0
3162,64.32,0.00,2231.2,161.4,0.3,5,11033,0.350,0.000,0.023,0.145,-0.003,107.8,-4.3,0
3163,64.34,0.00,2232.2,161.5,0.2,5,10908,0.340,0.000,0.024,0.146,-0.003,108.2,-7.9,0
3164,64.36,0.00,2233.2,161.5,0.1,5,10859,0.330,0.000,0.023,0.147,-0.002,109.7,-9.3,0
3165,64.38,0.00,2234.2,161.4,-0.1,5,10840,0.320,0.000,0.023,0.147,-0.002,111.2,-9.8,0
3166,64.40,0.00,2235.1,161.4,-0.2,5,10831,0.310,0.000,0.025,0.147,-0.002,112.0,-10.0,0
3167,64.43,0.00,2236.1,161.3,-0.2,5,10836,0.300,0.000,0.030,0.147,-0.001,112.4,-9.9,0
3168,64.45,0.00,2237.1,161.2,-0.3,5,10932,0.290,0.000,0.030,0.147,-0.000,114.3,-7.3,0
3169,64.47,0.00,2238.1,161.1,-0.6,5,10951,0.280,0.000,0.019,0.147,-0.001,178.7,-6.1,0
3170,64.49,0.00,2239.1,161.1,-0.9,5,10854,0.270,0.000,0.011,0.146,-0.003,175.2,-8.7,0
3171,64.51,0.00,2240.1,161.0,-1.0,5,10809,0.260,0.000,0.007,0.146,-0.003,172.3,-9.9,0
3172,64.54,0.00,2241.1,160.9,-0.9,5,10786,0.250,0.000,0.006,0.145,-0.003,176.9,-10.4,0
3173,64.56,0.00,2242.1,160.8,-0.7,5,10772,0.240,0.000,0.015,0.145,-0.001,175.8,-10.6,0
3174,64.58,0.00,2243.0,160.7,-0.5,5,10762,0.230,0.000,0.025,0.144,0.001,174.8,-10.7,0
3175,64.60,0.00,2244.0,160.6,-0.4,5,10787,0.220,0.000,0.031,0.143,0.002,173.2,-9.8,0
3176,64.62,0.00,2245.0,160.5,-0.4,5,10781,0.210,0.000,0.030,0.143,0.002,170.6,-9.6,0
3177,64.65,0.00,2246.0,160.3,-0.6,5,10747,0.200,0.000,0.024,0.142,0.001,167.5,-10.3,0
3178,64.67,0.00,2247.0,160.2,-0.7,5,10724,0.190,0.000,0.013,0.141,0.000,170.7,-10.7,0
3179,64.69,0.00,2247.9,160.1,-0.8,5,10705,0.180,0.000,0.011,0.140,0.000,168.0,-11.0,0
3180,64.71,0.00,2248.9,159.9,-0.7,5,10689,0.170,0.000,0.014,0.139,0.001,166.0,-11.2,0
3181,64.73,0.00,2249.9,159.7,-0.6,5,10674,0.160,0.000,0.020,0.138,0.002,164.5,-11.2,0
3182,64.76,0.00,2250.9,159.6,-0.5,5,10670,0.150,0.000,0.025,0.137,0.003,162.8,-11.0,0
3183,64.78,0.00,2251.8,159.4,-0.5,5,10656,0.140,0.000,0.020,0.136,0.003,160.5,-11.1,0
3184,64.80,0.00,2252.8,159.2,-0.6,5,10634,0.130,0.000,0.019,0.135,0.003,158.0,-11.3,0
3185,64.82,0.00,2253.8,159.0,-0.6,5,10615,0.180,0.000,0.017,0.134,0.003,155.6,-11.5,0
3186,64.84,0.00,2254.8,158.8,-0.6,5,10621,0.230,0.000,0.017,0.133,0.003,153.3,-11.0,0
3187,64.87,0.00,2255.8,158.7,-0.6,5,10629,0.280,0.000,0.018,0.132,0.003,151.2,-10.5,0
3188,64.89,0.00,2256.7,158.6,-0.5,5,10641,0.330,0.000,0.021,0.131,0.004,149.4,-10.0,0
3189,64.91,0.00,2257.7,158.6,-0.5,5,10661,0.380,0.000,0.016,0.130,0.004,147.5,-9.4,0
3190,64.93,0.00,2258.7,158.6,-0.5,5,10696,0.430,0.000,0.018,0.128,0.005,145.6,-8.4,0
3191,64.95,0.00,2259.6,158.7,-0.5,5,10713,0.480,0.000,0.020,0.127,0.005,143.6,-8.0,0
3192,64.98,0.00,2260.6,158.8,-0.5,5,10735,0.530,0.000,0.021,0.126,0.006,141.7,-7.6,0
3193,65.00,0.00,2261.6,158.9,-0.5,5,10760,0.520,0.000,0.022,0.124,0.006,139.6,-7.2,0
3194,65.02,0.00,2262.6,159.1,-0.5,5,10762,0.510,0.000,0.022,0.123,0.006,137.6,-7.5,0
3195,65.04,0.00,2263.5,159.3,-0.5,5,10765,0.500,0.000,0.022,0.121,0.006,135.6,-7.7,0
3196,65.06,0.00,2264.5,159.4,-0.5,5,10770,0.490,0.000,0.013,0.120,0.006,133.6,-7.8,0
3197,65.09,0.00,2265.5,159.5,-0.5,5,10774,0.480,0.000,0.015,0.118,0.006,131.8,-8.0,0
3198,65.11,0.00,2266.4,159.7,-0.4,5,10780,0.470,0.000,0.019,0.117,0.007,130.1,-8.0,0
3199,65.13,0.00,2267.4,159.8,-0.4,5,10787,0.460,0.000,0.022,0.115,0.008,128.4,-8.1,0
3200,65.15,0.00,2268.4,159.9,-0.4,5,10791,0.450,0.000,0.023,0.114,0.008,126.6,-8.1,0
3201,65.17,0.00,2269.4,160.0,-0.4,5,10794,0.440,0.000,0.024,0.112,0.008,124.7,-8.2,0
3202,65.20,0.00,2270.4,160.0,-0.4,5,10795,0.430,0.000,0.022,0.110,0.008,122.7,-8.4,0
3203,65.22,0.00,2271.3,160.1,-0.5,5,10795,0.420,0.000,0.020,0.108,0.008,120.6,-8.5,0
3204,65.24,0.00,2272.3,160.2,-0.5,5,10781,0.410,0.000,0.020,0.106,0.008,118.7,-9.0,0
3205,65.26,0.00,2273.3,160.2,-0.4,5,10778,0.400,0.000,0.020,0.105,0.008,117.0,-9.2,0
3206,65.28,0.00,2274.3,160.3,-0.4,5,10781,0.390,0.000,0.022,0.103,0.008,115.3,-9.2,0
3207,65.31,0.00,2275.3,160.3,-0.4,5,10788,0.380,0.000,0.010,0.101,0.009,113.6,-9.1,0
3208,65.33,0.00,2276.2,160.3,-0.4,5,10791,0.370,0.000,0.013,0.099,0.009,112.1,-9.0,0
3209,65.35,0.00,2277.2,160.3,-0.4,5,10791,0.360,0.000,0.018,0.097,0.010,110.6,-9.1,0
3210,65.37,0.00,2278.2,160.3,-0.4,5,10788,0.350,0.000,0.016,0.095,0.010,109.1,-9.2,0
3211,65.39,0.00,2279.2,160.3,-0.4,5,10783,0.340,0.000,0.009,0.093,0.008,107.5,-9.3,0
3212,65.42,0.00,2280.2,160.3,-0.4,5,10772,0.330,0.000,0.003,0.092,0.007,106.0,-9.6,0
3213,65.44,0.00,2281.2,160.3,-0.4,5,10768,0.320,0.000,-0.000,0.090,0.007,104.8,-9.7,0
3214,65.46,0.00,2282.1,160.3,-0.3,5,10764,0.310,0.000,-0.001,0.089,0.006,103.7,-9.7,0
3215,65.48,0.00,2283.1,160.2,-0.2,5,10760,0.300,0.000,-0.001,0.087,0.006,102.7,-9.8,0
3216,65.50,0.00,2284.1,160.2,-0.2,5,10754,0.290,0.000,-0.000,0.086,0.006,101.7,-9.8,0
3217,65.53,0.00,2285.1,160.1,-0.1,5,10747,0.280,0.000,0.000,0.085,0.006,100.8,-9.9,0
3218,65.55,0.00,2286.0,160.1,-0.1,5,10740,0.270,0.000,0.001,0.084,0.007,99.8,-10.0,0
3219,65.57,0.00,2287.0,160.0,-0.0,5,10743,0.260,0.000,0.001,0.083,0.007,98.8,-9.8,0
3220,65.59,0.00,2288.0,159.9,-0.0,5,10729,0.310,0.000,0.001,0.082,0.007,97.8,-10.0,0
3221,65.61,0.00,2289.0,159.9,-0.0,5,10741,0.360,0.000,0.001,0.080,0.007,96.7,-9.6,0
3222,65.64,0.00,2289.9,159.9,-0.0,5,10756,0.410,0.000,0.001,0.079,0.006,95.7,-9.1,0
3223,65.66,0.00,2290.9,159.9,-0.0,5,10774,0.460,0.000,0.000,0.078,0.006,94.7,-8.7,0
3224,65.68,0.00,2291.9,160.0,-0.0,5,10796,0.450,0.000,0.000,0.077,0.006,93.6,-8.2,0
3225,65.70,0.00,2292.9,160.1,-0.0,5,10797,0.440,0.000,0.000,0.076,0.006,92.6,-8.4,0
3226,65.72,0.00,2293.9,160.2,-0.0,5,10809,0.430,0.000,0.001,0.075,0.006,91.6,-8.2,0
3227,65.75,0.00,2294.8,160.2,-0.0,5,10813,0.420,0.000,0.001,0.074,0.006,90.6,-8.2,0
3228,65.77,0.00,2295.8,160.3,-0.0,5,10810,0.410,0.000,0.000,0.073,0.006,89.6,-8.5,0
3229,65.79,0.00,2296.8,160.4,-0.0,5,10808,0.400,0.000,0.000,0.072,0.006,88.5,-8.6,0
3230,65.81,0.00,2297.8,160.4,-0.0,5,10805,0.000,0.024,0.000,0.071,0.006,87.5,-8.8,0
3231,65.83,0.00,2298.8,160.2,-0.0,5,10635,0.000,0.057,0.000,0.070,0.006,86.5,-12.3,0
3232,65.86,0.00,2299.7,159.7,-0.0,5,10589,0.000,0.081,0.000,0.069,0.006,85.5,-11.6,0
3233,65.88,0.00,2300.7,159.2,-0.0,5,10542,0.000,0.101,-0.000,0.068,0.006,84.4,-11.1,0
3234,65.90,0.00,2301.7,158.6,-0.0,5,10489,0.000,0.117,-0.001,0.067,0.006,83.4,-10.8,0
3235,65.92,0.00,2302.7,157.9,-0.1,5,10439,0.000,0.131,-0.001,0.066,0.006,82.4,-10.4,0
3236,65.94,0.00,2303.6,157.2,-0.1,5,10387,0.000,0.141,-0.002,0.065,0.006,81.4,-10.0,0
3237,65.97,0.00,2304.6,156.4,-0.1,5,10334,0.000,0.150,-0.050,0.064,0.006,80.4,-9.7,0
3238,65.99,0.00,2305.5,155.7,-0.1,5,10280,0.000,0.136,-0.042,0.063,0.007,79.8,-9.3,0
3239,66.01,0.00,2306.5,154.9,0.1,5,10235,0.000,0.100,-0.024,0.062,0.011,79.8,-9.6,0
3240,66.03,0.00,2307.4,154.2,0.4,5,10206,0.000,0.066,0.041,0.060,0.014,79.8,-10.4,0
3241,66.05,0.00,2308.3,153.7,0.7,5,10184,0.000,0.071,-0.001,0.058,0.015,79.1,-10.9,0
3242,66.08,0.00,2309.3,153.2,0.4,5,10148,0.000,0.097,-0.004,0.057,0.015,78.0,-10.8,0
3243,66.10,0.00,2310.2,152.6,0.3,5,10100,0.000,0.115,-0.004,0.055,0.015,77.0,-10.2,0
3244,66.12,0.00,2311.2,151.9,0.2,5,10050,0.000,0.125,-0.003,0.053,0.015,76.1,-9.7,0
3245,66.14,0.00,2312.1,151.3,0.2,5,10000,0.000,0.133,-0.001,0.051,0.015,75.3,-9.5,0
3246,66.16,0.00,2313.0,150.6,0.2,5,9950,0.000,0.139,0.000,0.049,0.015,74.4,-9.4,0
3247,66.19,0.00,2313.9,149.8,0.2,5,9899,0.000,0.146,0.001,0.046,0.016,73.5,-9.3,0
3248,66.21,0.00,2314.8,149.1,0.1,5,9847,0.000,0.153,0.002,0.044,0.016,72.6,-9.1,0
3249,66.23,0.00,2315.7,148.3,0.1,5,9797,0.000,0.160,0.002,0.042,0.016,71.7,-8.7,0
3250,66.25,0.00,2316.7,147.5,0.1,5,9742,0.000,0.168,0.001,0.040,0.016,70.7,-8.5,0
3251,66.27,0.00,2317.6,146.7,0.1,5,9684,0.000,0.174,0.001,0.037,0.016,69.8,-8.2,0
3252,66.30,0.00,2318.4,145.9,0.1,5,9625,0.000,0.179,0.001,0.035,0.016,68.9,-8.1,0
3253,66.32,0.00,2319.3,145.1,0.0,5,9567,0.000,0.184,0.000,0.033,0.016,68.0,-7.9,0
3254,66.34,0.00,2320.2,144.2,0.0,5,9507,0.000,0.186,0.000,0.030,0.016,67.0,-8.2,0
3255,66.36,0.00,2321.1,143.4,0.0,5,9450,0.000,0.188,0.000,0.028,0.016,66.2,-8.0,0
3256,66.38,0.00,2322.0,142.5,0.0,5,9392,0.000,0.190,0.001,0.026,0.016,65.3,-7.8,0
3257,66.41,0.00,2322.8,141.6,0.0,5,9341,0.000,0.192,0.019,0.024,0.016,64.4,-7.4,0
3258,66.43,0.00,2323.7,140.8,0.1,5,9284,0.000,0.201,0.017,0.021,0.016,63.4,-7.1,0
3259,66.45,0.00,2324.6,139.9,0.0,5,9219,0.000,0.217,0.012,0.019,0.014,62.2,-6.8,0
3260,66.47,0.00,2325.4,139.0,-0.1,4,10220,0.000,0.234,0.007,0.017,0.013,61.1,-5.6,0
3261,66.49,0.00,2326.2,138.1,-0.2,4,10188,0.000,0.247,0.002,0.015,0.012,60.0,-5.1,0
3262,66.52,0.00,2327.1,137.1,-0.2,4,10009,0.000,0.251,-0.002,0.014,0.011,59.0,-6.5,0
3263,66.54,0.00,2327.9,136.0,-0.2,4,9922,0.000,0.247,-0.003,0.012,0.011,58.0,-6.8,0
3264,66.56,0.00,2328.8,134.9,-0.2,4,9846,0.000,0.242,-0.004,0.010,0.011,57.2,-6.7,0
3265,66.58,0.00,2329.6,133.9,-0.2,4,9772,0.000,0.236,-0.005,0.008,0.011,56.3,-6.5,0
3266,66.60,0.00,2330.4,132.8,-0.1,4,9718,0.000,0.228,-0.084,0.007,0.011,55.5,-5.9,0
3267,66.63,0.00,2331.2,131.8,-0.3,4,9647,0.000,0.200,-0.074,0.005,0.013,55.1,-5.3,0
3268,66.65,0.00,2332.0,130.9,-0.0,4,9583,0.000,0.147,-0.049,0.003,0.018,55.2,-6.3,0
3269,66.67,0.00,2332.8,130.1,0.3,4,9545,0.000,0.095,-0.022,0.000,0.023,55.5,-7.7,0
3270,66.69,0.00,2333.6,129.5,0.6,4,9524,0.000,0.062,-0.001,-0.003,0.027,55.5,-8.8,0
3271,66.71,0.00,2334.4,129.0,0.7,4,9504,0.000,0.054,0.012,-0.006,0.030,55.2,-9.6,0
3272,66.74,0.00,2335.2,128.5,0.7,4,9478,0.000,0.069,0.015,-0.009,0.031,54.5,-9.6,0
3273,66.76,0.00,2335.9,128.1,0.6,4,9439,0.000,0.097,0.013,-0.012,0.030,53.6,-9.2,0
3274,66.78,0.00,2336.7,127.6,0.4,4,9388,0.000,0.126,0.007,-0.016,0.029,52.6,-8.6,0
3275,66.80,0.00,2337.5,126.9,0.2,4,9341,0.000,0.150,0.002,-0.019,0.029,51.7,-7.6,0
3276,66.82,0.00,2338.3,126.2,0.1,4,9278,0.000,0.169,-0.003,-0.023,0.028,50.7,-7.0,0
3277,66.85,0.00,2339.1,125.5,0.0,4,9207,0.000,0.181,-0.006,-0.026,0.028,49.9,-6.6,0
3278,66.87,0.00,2339.8,124.7,-0.0,4,9135,0.000,0.187,-0.007,-0.030,0.028,49.1,-6.5,0
3279,66.89,0.00,2340.6,123.9,-0.0,4,9067,0.000,0.189,-0.007,-0.033,0.028,48.4,-6.4,0
3280,66.91,0.00,2341.3,123.0,-0.0,4,9003,0.000,0.188,-0.006,-0.037,0.028,47.7,-7.1,0
3281,66.93,0.00,2342.1,122.1,0.0,4,8942,0.000,0.187,-0.004,-0.040,0.029,47.0,-7.3,0
3282,66.96,0.00,2342.8,121.3,0.0,4,8885,0.000,0.188,-0.004,-0.044,0.029,46.3,-7.0,0
3283,66.98,0.00,2343.6,120.5,0.0,4,8825,0.000,0.190,-0.003,-0.047,0.030,45.6,-6.6,0
3284,67.00,0.00,2344.3,119.7,0.0,4,8779,0.000,0.192,-0.003,-0.051,0.030,44.9,-5.9,0
3285,67.02,0.00,2345.0,118.8,0.0,4,8721,0.000,0.194,-0.004,-0.055,0.030,44.1,-5.4,0
3286,67.04,0.00,2345.7,118.0,0.0,4,8654,0.000,0.197,-0.005,-0.058,0.030,43.4,-5.3,0
3287,67.07,0.00,2346.5,117.2,0.0,4,8582,0.000,0.200,-0.006,-0.062,0.031,42.7,-5.2,0
3288,67.09,0.00,2347.2,116.3,0.0,4,8512,0.000,0.201,-0.006,-0.066,0.031,42.0,-5.3,0
3289,67.11,0.00,2347.9,115.5,0.0,4,8446,0.000,0.201,-0.007,-0.069,0.031,41.4,-5.3,0
3290,67.13,0.00,2348.6,114.6,0.0,4,8381,0.000,0.198,-0.007,-0.073,0.032,40.7,-7.2,0
3291,67.15,0.00,2349.3,113.7,0.0,4,8322,0.000,0.196,-0.007,-0.077,0.032,40.1,-7.4,0
3292,67.18,0.00,2350.0,112.9,0.0,4,8265,0.000,0.195,-0.019,-0.080,0.030,39.5,-6.8,0
3293,67.20,0.00,2350.7,112.0,0.0,4,8207,0.000,0.189,-0.070,-0.083,0.020,38.9,-6.3,0
3294,67.22,0.00,2351.3,111.2,-0.1,4,8169,0.000,0.167,-0.110,-0.085,0.012,38.6,-5.2,0
3295,67.24,0.00,2352.0,110.4,-0.2,4,8133,0.000,0.123,-0.137,-0.086,0.006,38.7,-5.0,0
3296,67.26,0.00,2352.7,109.8,-0.2,4,8092,0.000,0.058,-0.149,-0.087,0.003,39.2,-6.2,0
3297,67.29,0.00,2353.4,109.3,-0.1,3,9931,0.050,0.000,-0.150,-0.087,0.002,40.1,-7.0,0
3298,67.31,0.00,2354.1,109.1,0.2,3,9918,0.100,0.000,-0.144,-0.087,0.003,41.3,-8.0,0
3299,67.33,0.00,2354.7,108.9,0.5,3,9949,0.150,0.000,-0.124,-0.088,0.006,42.8,-7.9,0
3300,67.35,0.00,2355.4,108.8,0.7,3,9963,0.200,0.000,-0.111,-0.088,0.007,44.2,-7.4,0
3301,67.37,0.00,2356.1,108.7,0.7,3,9988,0.250,0.000,-0.106,-0.088,0.006,45.5,-6.8,0
3302,67.40,0.00,2356.7,108.7,0.7,3,10025,0.300,0.000,-0.104,-0.087,0.005,46.7,-6.0,0
3303,67.42,0.00,2357.4,108.8,0.7,3,10070,0.350,0.000,-0.101,-0.087,0.005,48.0,-5.2,0
3304,67.44,0.00,2358.1,108.9,0.7,3,10121,0.400,0.000,-0.097,-0.087,0.004,49.4,-4.4,0
3305,67.46,0.00,2358.7,109.1,0.7,3,10149,0.450,0.000,-0.095,-0.087,0.004,50.9,-4.1,0
3306,67.48,0.00,2359.4,109.4,0.7,3,10202,0.500,0.000,-0.096,-0.086,0.002,52.3,-3.5,0
3307,67.51,0.00,2360.1,109.7,0.6,3,10271,0.550,0.000,-0.100,-0.086,0.000,53.7,-2.7,0
3308,67.53,0.00,2360.8,110.0,0.6,3,10355,0.600,0.000,-0.098,-0.085,-0.001,55.3,-1.7,0
3309,67.55,0.00,2361.4,110.1,0.5,4,8423,0.650,0.000,-0.094,-0.084,-0.001,57.1,-8.0,0
3310,67.57,0.00,2362.1,109.9,0.6,4,8434,0.700,0.000,-0.087,-0.084,-0.002,59.3,-8.1,0
3311,67.59,0.00,2362.8,109.7,0.6,3,10039,0.750,0.000,-0.082,-0.083,-0.002,61.8,-8.1,0
3312,67.62,0.00,2363.5,109.6,0.7,3,10042,0.800,0.000,-0.077,-0.082,-0.003,64.4,-8.1,0
3313,67.64,0.00,2364.1,109.4,0.7,3,9993,0.850,0.000,-0.078,-0.081,-0.004,67.2,-8.0,0
3314,67.66,0.00,2364.8,109.8,0.8,3,10676,0.900,0.000,-0.073,-0.079,-0.004,94.4,4.8,0
3315,67.68,0.00,2365.5,110.5,0.9,3,10918,0.750,0.000,-0.065,-0.078,-0.004,93.9,8.4,0
3316,67.70,0.00,2366.2,110.9,1.1,4,8851,0.800,0.000,-0.061,-0.077,-0.004,92.8,-7.0,0
3317,67.73,0.00,2366.8,110.7,1.0,4,8860,0.850,0.000,-0.062,-0.075,-0.005,92.3,-8.2,0
3318,67.75,0.00,2367.5,110.6,0.9,4,8222,0.900,0.000,-0.072,-0.073,-0.007,91.4,-7.8,0
3319,67.77,0.00,2368.2,110.9,0.8,4,8618,0.950,0.000,-0.075,-0.071,-0.009,90.4,1.4,0
3320,67.79,0.00,2368.9,111.5,0.8,4,8721,1.000,0.000,-0.078,-0.069,-0.010,89.4,3.0,0
3321,67.81,0.00,2369.6,112.0,0.9,4,9046,0.850,0.000,-0.070,-0.067,-0.010,88.3,9.5,0
3322,67.84,0.00,2370.3,112.6,1.3,4,9021,0.700,0.000,-0.063,-0.065,-0.009,87.1,8.5,0
3323,67.86,0.00,2370.9,113.2,1.5,4,8802,0.750,0.000,-0.057,-0.063,-0.009,86.0,2.4,0
3324,67.88,0.00,2371.6,113.8,1.4,4,8761,0.800,0.000,-0.063,-0.060,-0.011,85.0,0.1,0
3325,67.90,0.00,2372.3,114.3,1.1,4,8795,0.850,0.000,-0.072,-0.058,-0.013,84.0,-0.3,0
3326,67.92,0.00,2373.0,114.6,1.0,4,9139,0.700,0.000,-0.076,-0.055,-0.014,83.0,6.6,0
3327,67.95,0.00,2373.8,115.0,1.3,4,9189,0.550,0.000,-0.072,-0.052,-0.013,81.8,7.9,0
3328,67.97,0.00,2374.4,115.6,1.6,4,8936,0.600,0.000,-0.072,-0.049,-0.014,80.7,1.5,0
3329,67.99,0.00,2375.2,116.0,1.4,4,8875,0.650,0.000,-0.073,-0.046,-0.015,79.7,-1.1,0
3330,68.01,0.00,2375.9,116.4,1.2,4,8892,0.700,0.000,-0.081,-0.042,-0.017,78.7,-1.8,0
3331,68.03,0.00,2376.6,116.6,1.1,4,9211,0.750,0.000,-0.083,-0.039,-0.018,77.6,4.6,0
3332,68.06,0.00,2377.3,116.8,1.6,4,9670,0.600,0.000,-0.070,-0.036,-0.015,76.3,15.6,0
3333,68.08,0.00,2378.0,117.3,2.1,4,9453,0.450,0.000,-0.054,-0.032,-0.013,74.9,10.2,0
3334,68.10,0.00,2378.7,117.9,2.3,4,9045,0.500,0.000,-0.028,-0.029,-0.008,73.5,-0.6,0
3335,68.12,0.00,2379.5,118.2,2.1,4,8960,0.550,0.000,-0.005,-0.026,-0.003,72.4,-3.8,0
3336,68.14,0.00,2380.2,118.4,1.9,4,9137,0.600,0.000,0.007,-0.023,-0.001,71.4,-0.5,0
3337,68.17,0.00,2380.9,118.8,1.7,4,9183,0.650,0.000,0.017,-0.022,0.001,70.5,0.4,0
3338,68.19,0.00,2381.6,119.2,1.5,4,9176,0.700,0.000,0.021,-0.020,0.002,69.7,-0.6,0
3339,68.21,0.00,2382.4,119.7,1.2,4,9186,0.750,0.000,0.032,-0.019,0.001,69.0,-1.2,0
3340,68.23,0.00,2383.1,120.3,0.9,4,9216,0.800,0.000,0.023,-0.018,-0.000,68.4,-1.5,0
3341,68.25,0.00,2383.8,120.8,0.6,4,9292,0.850,0.000,0.013,-0.017,-0.002,67.9,-0.8,0
3342,68.28,0.00,2384.6,121.4,0.3,4,9378,0.900,0.000,0.005,-0.016,-0.004,67.3,0.3,0
3343,68.30,0.00,2385.3,122.1,0.1,4,9466,0.950,0.000,-0.001,-0.016,-0.005,66.6,1.3,0
3344,68.32,0.00,2386.1,122.8,0.0,4,9558,1.000,0.000,-0.004,-0.015,-0.005,65.9,2.2,0
3345,68.34,0.00,2386.8,123.5,-0.0,4,9658,1.000,0.000,-0.006,-0.014,-0.006,65.2,3.2,0
3346,68.36,0.00,2387.6,124.3,-0.0,4,9778,1.000,0.000,-0.005,-0.014,-0.005,64.4,4.6,0
3347,68.39,0.00,2388.3,125.0,-0.0,4,9874,0.850,0.000,-0.004,-0.013,-0.005,63.6,5.7,0
3348,68.41,0.00,2389.1,125.7,0.0,4,9775,0.900,0.000,-0.002,-0.012,-0.005,62.8,2.1,0
3349,68.43,0.00,2389.9,126.4,0.0,4,9817,0.950,0.000,-0.001,-0.012,-0.004,62.0,1.7,0
3350,68.45,0.00,2390.7,127.1,0.1,4,9894,1.000,0.000,0.000,-0.011,-0.004,61.2,2.2,0
3351,68.47,0.00,2391.4,127.8,0.1,4,10047,1.000,0.000,0.001,-0.010,-0.004,60.4,4.3,0
3352,68.50,0.00,2392.2,128.6,0.1,4,10132,0.850,0.000,0.001,-0.010,-0.004,59.6,5.2,0
3353,68.52,0.00,2393.0,129.3,0.0,4,10034,0.900,0.000,0.001,-0.009,-0.004,58.8,1.6,0
3354,68.54,0.00,2393.8,130.0,0.0,4,10078,0.950,0.000,0.000,-0.009,-0.004,58.0,1.3,0
3355,68.56,0.00,2394.6,130.7,0.0,4,10154,0.000,0.031,-0.000,-0.008,-0.004,57.2,1.8,0
3356,68.58,0.00,2395.4,130.8,0.0,4,9657,0.000,0.079,-0.000,-0.008,-0.004,56.4,-9.7,0
3357,68.61,0.00,2396.2,130.4,0.0,4,9598,0.000,0.103,0.000,-0.007,-0.004,55.6,-8.8,0
3358,68.63,0.00,2397.0,129.8,0.0,4,9548,0.000,0.122,0.001,-0.007,-0.004,54.7,-8.4,0
3359,68.65,0.00,2397.8,129.2,0.0,4,9495,0.000,0.137,0.001,-0.006,-0.004,53.9,-8.2,0
3360,68.67,0.00,2398.6,128.6,0.0,4,9441,0.000,0.150,0.001,-0.005,-0.004,53.1,-8.0,0
3361,68.69,0.00,2399.3,127.9,0.0,4,9368,0.000,0.162,0.001,-0.005,-0.004,52.3,-8.2,0
3362,68.72,0.00,2400.1,127.2,0.0,4,9319,0.000,0.171,0.001,-0.004,-0.004,51.6,-7.2,0
3363,68.74,0.00,2400.9,126.5,0.0,4,9265,0.000,0.179,0.001,-0.004,-0.004,50.8,-6.7,0
3364,68.76,0.00,2401.7,125.7,0.0,4,9207,0.000,0.186,0.001,-0.003,-0.003,50.0,-6.5,0
3365,68.78,0.00,2402.4,124.9,0.0,4,9141,0.000,0.191,0.001,-0.003,-0.003,49.2,-6.6,0
3366,68.80,0.00,2403.2,124.1,0.0,4,9068,0.000,0.197,0.001,-0.002,-0.003,48.4,-6.9,0
3367,68.83,0.00,2403.9,123.3,0.0,4,9014,0.000,0.202,0.001,-0.002,-0.003,47.7,-5.7,0
3368,68.85,0.00,2404.7,122.4,0.0,4,8955,0.000,0.206,0.001,-0.002,-0.003,46.9,-5.3,0
3369,68.87,0.00,2405.4,121.6,0.0,4,8894,0.000,0.208,0.002,-0.001,-0.003,46.2,-5.4,0
3370,68.89,0.00,2406.2,120.7,0.0,4,8825,0.000,0.211,0.031,-0.001,-0.003,45.4,-5.7,0
3371,68.91,0.00,2406.9,119.9,0.1,4,8746,0.000,0.211,0.026,-0.000,-0.004,44.7,-6.2,0
3372,68.94,0.00,2407.7,119.0,0.0,4,8695,0.000,0.208,0.018,0.001,-0.006,44.1,-5.0,0
3373,68.96,0.00,2408.4,118.2,-0.1,4,8640,0.000,0.205,0.009,0.001,-0.008,43.5,-4.9,0
3374,68.98,0.00,2409.1,117.3,-0.2,4,8584,0.000,0.203,0.001,0.002,-0.009,42.8,-5.1,0
3375,69.00,0.00,2409.8,116.5,-0.2,4,8526,0.000,0.203,-0.004,0.003,-0.010,42.1,-5.4,0
3376,69.02,0.00,2410.5,115.7,-0.2,4,8445,0.000,0.208,-0.006,0.004,-0.010,41.4,-6.1,0
3377,69.05,0.00,2411.2,114.9,-0.2,4,8392,0.000,0.213,-0.006,0.005,-0.010,40.7,-4.9,0
3378,69.07,0.00,2411.9,114.0,-0.2,4,8336,0.000,0.218,-0.006,0.006,-0.010,40.0,-4.3,0
3379,69.09,0.00,2412.6,113.2,-0.1,4,8275,0.000,0.222,-0.004,0.007,-0.010,39.3,-4.3,0
3380,69.11,0.00,2413.3,112.3,-0.1,4,8212,0.000,0.225,-0.003,0.008,-0.010,38.6,-4.5,0
3381,69.13,0.00,2414.0,111.4,-0.0,4,8122,0.000,0.229,-0.002,0.009,-0.009,37.9,-5.3,0
3382,69.16,0.00,2414.7,110.6,-0.0,4,8061,0.000,0.232,-0.001,0.010,-0.009,37.2,-4.7,0
3383,69.18,0.00,2415.3,109.7,-0.0,4,8006,0.000,0.235,-0.001,0.011,-0.009,36.5,-3.6,0
3384,69.20,0.00,2416.0,108.8,-0.0,3,9812,0.000,0.238,-0.001,0.012,-0.009,35.8,-2.8,0
3385,69.22,0.00,2416.7,108.0,-0.0,3,9782,0.000,0.241,-0.000,0.013,-0.009,35.1,-2.9,0
3386,69.24,0.00,2417.3,107.1,0.0,3,9587,0.000,0.241,0.000,0.014,-0.009,34.5,-4.4,0
3387,69.27,0.00,2418.0,106.1,0.0,3,9452,0.000,0.241,0.002,0.015,-0.009,33.8,-5.7,0
3388,69.29,0.00,2418.6,105.2,0.0,3,9383,0.000,0.240,0.005,0.016,-0.009,33.1,-4.6,0
3389,69.31,0.00,2419.3,104.2,0.0,3,9313,0.000,0.239,0.058,0.017,-0.009,32.5,-3.8,0
3390,69.33,0.00,2419.9,103.3,0.1,3,9237,0.000,0.234,0.052,0.018,-0.010,31.9,-3.5,0
3391,69.35,0.00,2420.5,102.3,0.1,3,9161,0.000,0.224,0.039,0.019,-0.013,31.4,-4.1,0
3392,69.38,0.00,2421.2,101.4,-0.0,3,9088,0.000,0.215,0.024,0.021,-0.016,30.9,-4.7,0
3393,69.40,0.00,2421.8,100.6,-0.2,3,8978,0.000,0.210,0.010,0.023,-0.018,30.4,-5.8,0
3394,69.42,0.00,2422.4,99.7,-0.3,3,8925,0.000,0.209,0.000,0.024,-0.020,29.8,-4.8,0
3395,69.44,0.00,2423.0,98.9,-0.3,3,8864,0.000,0.211,-0.006,0.026,-0.022,29.3,-4.1,0
3396,69.46,0.00,2423.6,98.1,-0.3,3,8796,0.000,0.214,-0.008,0.028,-0.022,28.7,-3.9,0
3397,69.49,0.00,2424.2,97.2,-0.2,3,8724,0.000,0.218,-0.008,0.030,-0.022,28.1,-4.1,0
3398,69.51,0.00,2424.8,96.4,-0.2,3,8649,0.000,0.223,-0.007,0.032,-0.022,27.5,-4.3,0
3399,69.53,0.00,2425.4,95.6,-0.1,3,8532,0.000,0.229,-0.005,0.034,-0.021,26.8,-5.1,0
3400,69.55,0.00,2425.9,94.7,-0.1,3,8464,0.000,0.233,-0.004,0.036,-0.021,26.2,-4.3,0
3401,69.57,0.00,2426.5,93.8,-0.1,3,8398,0.000,0.238,-0.003,0.038,-0.021,25.7,-3.1,0
3402,69.60,0.00,2427.1,93.0,-0.0,3,8323,0.000,0.240,-0.002,0.040,-0.021,25.1,-2.8,0
3403,69.62,0.00,2427.7,92.1,-0.0,3,8247,0.000,0.242,-0.001,0.041,-0.020,24.5,-3.0,0
3404,69.64,0.00,2428.2,91.1,-0.0,3,8168,0.000,0.243,-0.000,0.043,-0.020,23.9,-3.3,0
3405,69.66,0.00,2428.8,90.3,-0.0,3,8080,0.000,0.245,-0.000,0.045,-0.020,23.4,-3.6,0
3406,69.68,0.00,2429.3,89.4,-0.0,3,7970,0.000,0.248,0.000,0.047,-0.020,22.8,-4.3,0
3407,69.71,0.00,2429.8,88.5,-0.0,3,7908,0.000,0.252,0.001,0.049,-0.021,22.3,-2.1,0
3408,69.73,0.00,2430.4,87.7,-0.0,3,7839,0.000,0.256,0.001,0.051,-0.021,21.7,0.4,0
3409,69.75,0.00,2430.9,86.8,-0.0,3,7762,0.000,0.257,0.002,0.053,-0.021,21.2,1.2,0
3410,69.77,0.00,2431.4,85.8,-0.0,3,7680,0.000,0.256,0.056,0.054,-0.010,20.7,-0.0,0
3411,69.79,0.00,2432.0,84.9,0.1,3,7595,0.000,0.252,0.132,0.054,0.006,20.2,-1.7,0
3412,69.82,0.00,2432.5,83.9,0.3,3,7509,0.000,0.244,0.194,0.053,0.019,19.7,-2.3,0
3413,69.84,0.00,2433.0,83.2,0.2,3,7293,0.000,0.233,0.236,0.052,0.027,19.4,-4.6,0
3414,69.86,0.00,2433.5,82.4,-0.0,3,7293,0.000,0.215,0.264,0.049,0.033,19.2,-0.1,0
3415,69.88,0.00,2434.0,81.6,-0.2,3,7279,0.000,0.196,0.288,0.046,0.037,19.0,2.4,0
3416,69.90,0.00,2434.5,80.8,-0.3,3,7242,0.000,0.177,0.311,0.042,0.042,18.7,2.5,0
3417,69.93,0.00,2435.0,80.0,-0.2,3,7194,0.000,0.158,0.334,0.039,0.046,18.6,0.7,0
3418,69.95,0.00,2435.5,79.3,-0.1,3,7143,0.000,0.137,0.348,0.034,0.049,18.4,-1.2,0
3419,69.97,0.00,2436.0,78.7,-0.1,2,8982,0.000,0.117,0.353,0.030,0.050,18.3,-2.5,0
3420,69.99,0.00,2436.5,78.3,-0.6,2,8959,0.000,0.096,0.338,0.026,0.046,18.3,-4.3,0
3421,70.01,0.00,2437.0,77.8,-1.1,2,8755,0.000,0.072,0.315,0.022,0.042,18.3,-4.9,0
3422,70.04,0.00,2437.4,77.4,-1.5,2,8734,0.000,0.050,0.294,0.017,0.037,18.3,-5.2,0
3423,70.06,0.00,2437.9,77.0,-1.8,2,8726,0.000,0.033,0.279,0.013,0.034,18.2,-5.6,0
3424,70.08,0.00,2438.4,76.7,-1.8,2,8715,0.000,0.022,0.272,0.008,0.032,18.2,-6.0,0
3425,70.10,0.00,2438.8,76.4,-1.6,2,8699,0.000,0.015,0.270,0.004,0.032,18.1,-6.2,0
3426,70.12,0.00,2439.3,76.1,-1.4,2,8680,0.000,0.011,0.270,-0.000,0.031,18.0,-6.3,0
3427,70.15,0.00,2439.8,75.9,-1.5,2,8625,0.000,0.008,0.267,-0.004,0.030,17.9,-7.0,0
3428,70.17,0.00,2440.2,75.7,-1.7,2,8612,0.000,0.003,0.258,-0.008,0.029,17.9,-6.9,0
3429,70.19,0.00,2440.7,75.5,-1.8,2,8606,0.000,0.000,0.254,-0.012,0.027,17.8,-6.8,0
3430,70.21,0.00,2441.2,75.4,-1.8,2,8596,0.000,0.001,0.255,-0.016,0.027,17.7,-6.7,0
3431,70.23,0.00,2441.6,75.2,-1.6,2,8582,0.000,0.004,0.262,-0.020,0.028,17.6,-6.5,0
3432,70.26,0.00,2442.1,75.0,-1.3,2,8564,0.000,0.008,0.275,-0.024,0.031,17.5,-6.4,0
3433,70.28,0.00,2442.5,74.8,-1.0,2,8543,0.000,0.011,0.289,-0.028,0.033,17.3,-6.2,0
3434,70.30,0.00,2443.0,74.6,-0.8,2,8506,0.000,0.014,0.301,-0.031,0.035,17.2,-6.4,0
3435,70.32,0.00,2443.4,74.4,-0.8,2,8479,0.000,0.013,0.306,-0.035,0.035,17.1,-6.4,0
3436,70.34,0.00,2443.9,74.2,-0.8,2,8463,0.000,0.011,0.309,-0.038,0.035,17.0,-6.3,0
3437,70.37,0.00,2444.3,74.0,-0.7,2,8446,0.000,0.010,0.312,-0.042,0.035,16.9,-6.2,0
3438,70.39,0.00,2444.8,73.8,-0.6,2,8428,0.000,0.009,0.601,-0.045,0.035,16.8,-6.2,0
3439,70.41,0.00,2445.2,73.6,-0.4,2,8406,0.000,0.005,0.616,-0.048,0.035,16.8,-5.5,0
3440,70.43,0.00,2445.7,73.4,-0.3,2,8381,0.050,0.000,0.972,-0.051,0.034,16.7,-5.2,0
3441,70.45,0.00,2446.1,73.1,-0.2,2,8404,0.100,0.000,0.947,-0.054,0.032,16.7,-3.8,0
3442,70.48,0.00,2446.6,72.9,-0.2,2,8432,0.150,0.000,0.913,-0.057,0.028,16.7,-2.3,0
3443,70.50,0.00,2447.0,72.8,-0.3,2,8472,0.200,0.000,0.870,-0.059,0.023,16.7,-1.3,0
3444,70.52,0.00,2447.4,72.8,-0.5,2,8524,0.250,0.000,0.823,-0.061,0.017,16.8,-0.5,0
3445,70.54,0.00,2447.9,72.8,-0.6,2,8591,0.300,0.000,0.775,-0.062,0.011,16.8,0.4,0
3446,70.56,0.00,2448.3,72.9,-0.8,2,8671,0.350,0.000,0.728,-0.064,0.006,16.9,1.4,0
3447,70.59,0.00,2448.7,73.0,-1.0,2,8768,0.400,0.000,0.689,-0.065,0.002,16.9,2.4,0
3448,70.61,0.00,2449.2,73.3,-1.1,2,8883,0.450,0.000,0.654,-0.066,-0.002,16.9,3.7,0
3449,70.63,0.00,2449.6,73.6,-1.3,2,9022,0.300,0.000,0.623,-0.067,-0.004,16.9,5.2,0
3450,70.65,0.00,2450.1,73.9,-1.4,2,8826,0.000,0.012,0.597,-0.068,-0.007,16.9,1.7,0
3451,70.67,0.00,2450.5,73.8,-1.3,2,8436,0.000,0.012,0.575,-0.069,-0.008,16.8,-4.2,0
3452,70.70,0.00,2450.9,73.5,-1.2,2,8385,0.000,0.002,0.549,-0.070,-0.010,16.8,-5.0,0
3453,70.72,0.00,2451.4,73.3,-1.2,2,8357,0.050,0.000,0.517,-0.071,-0.013,16.7,-5.7,0
3454,70.74,0.00,2451.8,73.1,-1.2,2,8388,0.100,0.000,0.480,-0.071,-0.016,16.7,-5.2,0
3455,70.76,0.00,2452.3,72.9,-1.3,2,8433,0.150,0.000,0.446,-0.071,-0.019,16.7,-4.4,0
3456,70.78,0.00,2452.7,72.9,-1.4,2,8490,0.200,0.000,0.412,-0.071,-0.022,16.7,-3.5,0
3457,70.81,0.00,2453.1,72.9,-1.5,2,8554,0.250,0.000,0.383,-0.071,-0.024,16.6,-2.5,0
3458,70.83,0.00,2453.6,73.0,-1.5,2,8611,0.300,0.000,0.363,-0.070,-0.025,16.6,-1.8,0
3459,70.85,0.00,2454.0,73.2,-1.4,2,8688,0.000,0.016,0.353,-0.070,-0.024,16.5,-0.9,0
3460,70.87,0.00,2454.5,73.2,-1.2,2,8354,0.000,0.026,0.349,-0.070,-0.023,16.3,-5.6,0
3461,70.89,0.00,2454.9,72.9,-1.1,2,8310,0.000,0.028,0.348,-0.069,-0.021,16.2,-5.7,0
3462,70.92,0.00,2455.3,72.7,-0.9,2,8277,0.000,0.029,0.346,-0.069,-0.019,16.0,-5.7,0
3463,70.94,0.00,2455.8,72.4,-0.9,2,8246,0.000,0.030,0.342,-0.069,-0.017,15.9,-5.7,0
3464,70.96,0.00,2456.2,72.1,-0.8,2,8216,0.000,0.032,0.336,-0.068,-0.016,15.7,-5.8,0
3465,70.98,0.00,2456.6,71.9,-0.7,2,8189,0.000,0.033,0.331,-0.068,-0.015,15.6,-5.7,0
3466,71.00,0.00,2457.1,71.6,-0.6,2,8163,0.000,0.036,0.328,-0.068,-0.013,15.4,-5.6,0
3467,71.03,0.00,2457.5,71.3,-0.4,2,8131,0.000,0.039,0.328,-0.067,-0.011,15.3,-5.6,0
3468,71.05,0.00,2457.9,71.0,-0.3,2,8098,0.000,0.042,0.328,-0.067,-0.009,15.1,-5.5,0
3469,71.07,0.00,2458.3,70.8,-0.3,2,8064,0.000,0.038,0.327,-0.067,-0.008,14.9,-5.5,0
3470,71.09,0.00,2458.8,70.5,-0.2,2,8036,0.000,0.025,0.329,-0.067,-0.005,14.8,-5.6,0
3471,71.11,0.00,2459.2,70.3,-0.1,2,8019,0.000,0.013,0.346,-0.067,-0.000,14.7,-5.7,0
3472,71.14,0.00,2459.6,70.1,-0.1,2,8006,0.000,0.003,0.364,-0.067,0.005,14.5,-5.9,0
3473,71.16,0.00,2460.0,69.9,0.0,2,7994,0.050,0.000,0.475,-0.068,0.009,14.4,-6.0,0
3474,71.18,0.00,2460.4,69.8,0.2,2,8025,0.100,0.000,0.485,-0.068,0.014,14.3,-5.1,0
3475,71.20,0.00,2460.9,69.7,0.2,2,8059,0.150,0.000,0.490,-0.069,0.017,14.3,-4.4,0
3476,71.22,0.00,2461.3,69.7,0.3,2,8102,0.200,0.000,0.495,-0.070,0.020,14.2,-3.7,0
3477,71.25,0.00,2461.7,69.8,0.3,2,8156,0.250,0.000,0.500,-0.072,0.023,14.2,-2.9,0
3478,71.27,0.00,2462.1,69.9,0.3,2,8219,0.300,0.000,0.505,-0.073,0.027,14.2,-2.1,0
3479,71.29,0.00,2462.5,70.1,0.3,2,8295,0.000,0.003,0.521,-0.075,0.032,14.2,-1.2,0
3480,71.31,0.00,2462.9,70.0,0.3,2,8012,0.000,0.001,0.546,-0.077,0.040,14.2,-5.5,0
3481,71.33,0.00,2463.3,69.8,0.3,2,7987,0.050,0.000,0.587,-0.080,0.047,14.3,-5.7,0
3482,71.36,0.00,2463.8,69.7,0.3,2,8013,0.100,0.000,0.604,-0.084,0.053,14.4,-5.0,0
3483,71.38,0.00,2464.2,69.5,0.1,2,8053,0.150,0.000,0.611,-0.087,0.057,14.6,-4.1,0
3484,71.40,0.00,2464.6,69.5,-0.1,2,8101,0.200,0.000,0.613,-0.092,0.061,14.9,-3.2,0
3485,71.42,0.00,2465.0,69.5,-0.3,2,8158,0.250,0.000,0.618,-0.096,0.065,15.2,-2.2,0
3486,71.44,0.00,2465.4,69.6,-0.4,2,8222,0.300,0.000,0.620,-0.102,0.069,15.6,-1.1,0
3487,71.47,0.00,2465.8,69.8,-0.5,2,8295,0.350,0.000,0.635,-0.107,0.075,15.9,-0.0,0
3488,71.49,0.00,2466.2,70.0,-0.6,2,8380,0.400,0.000,0.660,-0.114,0.086,16.4,1.1,0
3489,71.51,0.00,2466.6,70.2,-0.6,2,8480,0.450,0.000,0.694,-0.121,0.099,16.9,2.4,0
3490,71.53,0.00,2467.0,70.6,-0.7,2,8602,0.500,0.000,0.730,-0.129,0.112,17.7,4.0,0
3491,71.55,0.00,2467.4,70.9,-0.9,2,8878,0.350,0.000,0.739,-0.138,0.124,42.4,7.8,0
3492,71.58,0.00,2467.8,71.2,-1.3,2,8729,0.200,0.000,0.760,-0.149,0.134,41.4,5.2,0
3493,71.60,0.00,2468.2,71.3,-1.6,2,8440,0.250,0.000,0.782,-0.161,0.144,40.1,0.6,0
3494,71.62,0.00,2468.6,71.5,-2.0,2,8462,0.300,0.000,0.829,-0.174,0.158,39.0,1.1,0
3495,71.64,0.00,2469.0,71.7,-2.0,2,8530,0.350,0.000,0.914,-0.188,0.175,38.0,2.5,0
3496,71.66,0.00,2469.4,72.0,-1.9,2,8606,0.400,0.000,1.000,-0.203,0.196,37.1,4.2,0
3497,71.69,0.00,2469.8,72.3,-1.5,2,8695,0.250,0.000,1.000,-0.219,0.193,36.3,6.2,0
3498,71.71,0.00,2470.2,72.4,-1.0,2,8524,0.300,0.000,0.925,-0.234,0.181,35.5,3.9,0
3499,71.73,0.00,2470.7,72.5,-0.5,2,8572,0.350,0.000,0.866,-0.248,0.169,34.6,4.0,0
3500,71.75,0.00,2471.1,72.5,-0.5,2,8976,0.200,0.000,0.793,-0.260,0.153,33.7,8.7,0
3501,71.77,0.00,2471.6,72.5,-1.1,2,8894,0.050,0.000,0.693,-0.272,0.132,32.6,6.9,0
3502,71.80,0.00,2472.0,72.6,-1.9,2,8467,0.100,0.000,0.554,-0.282,0.111,31.5,0.1,0
3503,71.82,0.00,2472.4,72.6,-2.4,2,8432,0.150,0.000,0.462,-0.292,0.091,30.5,-1.0,0
3504,71.84,0.00,2472.9,72.6,-2.6,2,8490,0.200,0.000,0.382,-0.301,0.075,29.6,-0.8,0
3505,71.86,0.00,2473.3,72.7,-2.4,2,8572,0.250,0.000,0.309,-0.308,0.059,28.7,-0.6,0
3506,71.88,0.00,2473.8,72.8,-2.2,2,8665,0.300,0.000,0.235,-0.314,0.044,27.9,-0.1,0
3507,71.91,0.00,2474.2,73.0,-2.0,2,8772,0.350,0.000,0.100,-0.319,0.028,27.0,0.7,0
3508,71.93,0.00,2474.7,73.1,-2.6,2,9327,0.200,0.000,0.027,-0.323,0.013,26.2,8.3,0
3509,71.95,0.00,2475.1,73.3,-3.4,2,9335,0.050,0.000,-0.044,-0.327,-0.002,25.4,8.5,0
3510,71.97,0.00,2475.5,73.4,-4.0,2,9012,0.100,0.000,-0.099,-0.330,-0.014,24.7,3.4,0
3511,71.99,0.00,2476.0,73.6,-3.9,2,8689,0.150,0.000,-0.128,-0.333,-0.020,24.1,-2.2,0
3512,72.02,0.00,2476.4,73.8,-3.3,2,8581,0.200,0.000,-0.126,-0.335,-0.020,23.7,-4.4,0
3513,72.04,0.00,2476.9,74.1,-2.4,2,8612,0.250,0.000,-0.104,-0.336,-0.015,23.3,-4.3,0
3514,72.06,0.00,2477.3,74.4,-1.6,2,8675,0.300,0.000,-0.076,-0.337,-0.009,23.0,-3.7,0
3515,72.08,0.00,2477.8,74.7,-1.1,2,8828,0.350,0.000,-0.051,-0.338,-0.004,22.7,-1.8,0
3516,72.10,0.00,2478.3,75.1,-0.7,2,8968,0.400,0.000,-0.033,-0.339,-0.001,22.3,-0.2,0
3517,72.13,0.00,2478.7,75.6,-0.5,2,9045,0.450,0.000,-0.021,-0.340,0.002,21.9,0.1,0
3518,72.15,0.00,2479.2,76.2,-0.3,2,9138,0.500,0.000,-0.014,-0.340,0.003,21.5,0.5,0
3519,72.17,0.00,2479.7,76.8,-0.2,2,9259,0.550,0.000,-0.010,-0.341,0.004,21.0,1.3,0
3520,72.19,0.00,2480.1,77.5,-0.2,2,9415,0.600,0.000,-0.008,-0.341,0.004,20.5,2.4,0
3521,72.21,0.00,2480.6,78.3,-0.2,2,9600,0.650,0.000,-0.007,-0.342,0.005,20.1,3.8,0
3522,72.24,0.00,2481.1,79.1,-0.2,2,9831,0.000,0.017,-0.007,-0.342,0.005,19.6,5.8,0
3523,72.26,0.00,2481.6,79.4,-0.2,2,9074,0.000,0.075,-0.008,-0.343,0.005,19.1,-6.0,0
3524,72.28,0.00,2482.1,79.3,-0.1,2,9013,0.000,0.112,-0.006,-0.343,0.006,18.6,-1.8,0
3525,72.30,0.00,2482.5,79.0,-0.1,2,8958,0.000,0.144,-0.005,-0.344,0.006,18.1,3.9,0
3526,72.32,0.00,2483.0,78.6,-0.1,2,8888,0.000,0.168,-0.024,-0.345,0.003,17.7,6.5,0
3527,72.35,0.00,2483.6,78.2,-0.2,2,8802,0.000,0.097,-0.222,-0.344,-0.036,17.2,11.2,0
3528,72.37,0.00,2484.1,77.9,-0.5,2,8762,0.000,0.110,-0.723,-0.340,-0.073,16.7,14.0,0
3529,72.39,0.00,2484.7,77.2,-0.9,2,8587,0.000,0.110,-0.870,-0.333,-0.102,16.4,5.5,0
3530,72.41,0.00,2485.2,76.5,-0.7,2,8228,0.000,0.201,-0.963,-0.325,-0.119,16.3,-4.2,0
3531,72.43,0.00,2485.8,75.8,0.3,2,7798,0.000,0.160,-1.000,-0.316,-0.125,16.3,-7.0,0
3532,72.46,0.00,2486.3,75.0,1.7,2,7531,0.000,0.104,-1.000,-0.305,-0.122,16.5,-10.4,0
3533,72.48,0.00,2486.8,74.3,3.5,2,7414,0.000,0.019,-0.971,-0.294,-0.109,16.8,-13.1,0
3534,72.50,0.00,2487.3,73.6,5.3,2,7538,0.050,0.000,-0.514,-0.281,-0.091,17.1,-14.8,0
3535,72.52,0.00,2487.8,72.8,6.6,2,8076,0.100,0.000,-0.429,-0.269,-0.074,17.5,-7.9,0
3536,72.54,0.00,2488.3,72.3,7.3,2,8329,0.150,0.000,-0.374,-0.257,-0.063,17.8,-4.0,0
3537,72.57,0.00,2488.7,72.1,7.7,2,8441,0.200,0.000,-0.347,-0.245,-0.057,18.0,-1.9,0
3538,72.59,0.00,2489.2,72.0,7.9,2,8540,0.250,0.000,-0.337,-0.233,-0.054,18.2,-0.2,0
3539,72.61,0.00,2489.7,71.9,8.2,2,8660,0.300,0.000,-0.337,-0.220,-0.053,18.3,1.8,0
3540,72.63,0.00,2490.2,71.9,8.4,2,8805,0.350,0.000,-0.325,-0.208,-0.050,18.4,4.0,0
3541,72.65,0.00,2490.6,72.1,8.6,2,8970,0.200,0.000,-0.317,-0.196,-0.047,18.5,6.5,0
3542,72.68,0.00,2491.1,72.2,8.7,2,8744,0.250,0.000,-0.315,-0.183,-0.046,18.5,3.1,0
3543,72.70,0.00,2491.6,72.2,8.7,2,8756,0.300,0.000,-0.323,-0.171,-0.047,18.6,3.2,0
3544,72.72,0.00,2492.0,72.3,8.5,2,8851,0.350,0.000,-0.338,-0.159,-0.049,18.6,4.6,0
3545,72.74,0.00,2492.5,72.5,8.2,2,8980,0.200,0.000,-0.359,-0.146,-0.053,18.5,6.4,0
3546,72.76,0.00,2492.9,72.7,7.9,2,8741,0.250,0.000,-0.387,-0.134,-0.058,18.4,2.8,0
3547,72.79,0.00,2493.4,72.8,7.4,2,8753,0.300,0.000,-0.412,-0.122,-0.062,18.4,2.8,0
3548,72.81,0.00,2493.8,72.9,6.8,2,8833,0.350,0.000,-0.436,-0.110,-0.066,18.2,3.9,0
3549,72.83,0.00,2494.3,73.2,6.2,2,8935,0.200,0.000,-0.465,-0.098,-0.071,18.1,5.3,0
3550,72.85,0.00,2494.8,73.3,5.6,2,8709,0.250,0.000,-0.498,-0.087,-0.077,18.0,1.7,0
3551,72.87,0.00,2495.2,73.5,4.9,2,8738,0.300,0.000,-0.534,-0.075,-0.083,17.8,1.9,0
3552,72.90,0.00,2495.7,73.6,4.2,2,8810,0.350,0.000,-0.571,-0.064,-0.090,17.7,2.8,0
3553,72.92,0.00,2496.1,73.9,3.5,2,8896,0.400,0.000,-0.610,-0.053,-0.097,17.5,3.9,0
3554,72.94,0.00,2496.6,74.2,3.0,2,8993,0.250,0.000,-0.648,-0.042,-0.104,17.3,5.1,0
3555,72.96,0.00,2497.0,74.4,2.4,2,8798,0.000,0.006,-0.676,-0.032,-0.108,17.2,1.8,0
3556,72.98,0.00,2497.5,74.4,1.8,2,8500,0.000,0.016,-0.705,-0.021,-0.113,17.0,-2.7,0
3557,73.01,0.00,2497.9,74.1,1.3,2,8457,0.000,0.014,-0.730,-0.011,-0.117,16.9,-2.6,0
3558,73.03,0.00,2498.4,73.8,0.8,2,8426,0.000,0.007,-0.746,-0.001,-0.119,16.8,-2.8,0
3559,73.05,0.00,2498.8,73.5,0.4,2,8398,0.050,0.000,-0.752,0.009,-0.120,16.8,-3.4,0
3560,73.07,0.00,2499.3,73.3,0.2,2,8423,0.100,0.000,-0.747,0.018,-0.118,16.9,-3.4,0
3561,73.09,0.00,2499.7,73.2,0.1,2,8453,0.150,0.000,-0.733,0.027,-0.114,17.0,-3.0,0
3562,73.12,0.00,2500.1,73.1,0.1,2,8496,0.200,0.000,-0.711,0.035,-0.109,17.1,-2.5,0
3563,73.14,0.00,2500.6,73.1,0.1,2,8554,0.250,0.000,-0.683,0.043,-0.102,17.3,-1.8,0
3564,73.16,0.00,2501.0,73.2,0.2,2,8626,0.300,0.000,-0.656,0.051,-0.095,17.5,-0.9,0
3565,73.18,0.00,2501.5,73.4,0.4,2,8709,0.350,0.000,-0.631,0.058,-0.088,17.7,0.1,0
3566,73.20,0.00,2501.9,73.7,0.5,2,8812,0.400,0.000,-0.611,0.065,-0.082,17.9,1.2,0
3567,73.23,0.00,2502.3,74.0,0.7,2,8936,0.450,0.000,-0.594,0.072,-0.076,18.1,2.6,0
3568,73.25,0.00,2502.8,74.4,0.8,2,9088,0.500,0.000,-0.580,0.078,-0.071,18.3,4.3,0
3569,73.27,0.00,2503.2,74.9,1.1,2,9272,0.350,0.000,-0.571,0.084,-0.065,18.5,6.3,0
3570,73.29,0.00,2503.7,75.3,1.3,2,9092,0.400,0.000,-0.559,0.090,-0.059,18.8,3.0,0
3571,73.31,0.00,2504.2,75.7,1.4,2,9177,0.450,0.000,-0.555,0.096,-0.053,19.0,3.6,0
3572,73.34,0.00,2504.6,76.1,1.5,2,9323,0.300,0.000,-0.551,0.102,-0.048,19.2,5.1,0
3573,73.36,0.00,2505.1,76.5,1.6,2,9121,0.350,0.000,-0.546,0.107,-0.044,19.5,1.4,0
3574,73.38,0.00,2505.5,76.8,1.5,2,9195,0.400,0.000,-0.541,0.112,-0.040,19.8,1.9,0
3575,73.40,0.00,2506.0,77.1,1.4,2,9321,0.450,0.000,-0.534,0.116,-0.036,20.2,3.1,0
3576,73.42,0.00,2506.4,77.5,1.5,2,9477,0.500,0.000,-0.524,0.120,-0.032,20.6,4.8,0
3577,73.45,0.00,2506.9,78.0,1.6,2,9657,0.350,0.000,-0.507,0.124,-0.026,21.1,6.7,0
3578,73.47,0.00,2507.4,78.4,1.8,2,9471,0.400,0.000,-0.486,0.128,-0.021,21.7,3.1,0
3579,73.49,0.00,2507.8,78.8,1.8,2,9556,0.450,0.000,-0.467,0.131,-0.016,22.4,3.5,0
3580,73.51,0.00,2508.3,79.3,1.9,2,9678,0.500,0.000,-0.451,0.134,-0.011,23.2,4.6,0
3581,73.53,0.00,2508.8,79.7,1.9,2,9837,0.350,0.000,-0.441,0.137,-0.007,24.0,6.1,0
3582,73.56,0.00,2509.3,80.2,2.0,2,9651,0.400,0.000,-0.531,0.140,-0.003,25.0,2.4,0
3583,73.58,0.00,2509.7,80.3,1.9,3,7659,0.450,0.000,-0.493,0.142,0.001,26.1,-3.6,0
3584,73.60,0.00,2510.2,80.2,1.7,3,7672,0.500,0.000,-0.449,0.143,0.005,27.5,-4.5,0
3585,73.62,0.00,2510.7,80.1,1.6,3,7347,0.550,0.000,-0.212,0.145,0.010,29.2,-4.3,0
3586,73.64,0.00,2511.2,80.3,1.7,3,7667,0.600,0.000,-0.163,0.145,0.016,31.3,0.8,0
3587,73.67,0.00,2511.7,80.8,1.9,3,7757,0.650,0.000,-0.137,0.146,0.019,33.3,1.8,0
3588,73.69,0.00,2512.1,81.4,1.9,3,7834,0.700,0.000,-0.130,0.146,0.018,35.3,2.3,0
3589,73.71,0.00,2512.6,82.0,1.7,3,7924,0.750,0.000,-0.135,0.147,0.016,37.1,3.0,0
3590,73.73,0.00,2513.1,82.6,1.5,3,8035,0.800,0.000,-0.150,0.147,0.013,38.9,4.0,0
3591,73.75,0.00,2513.6,83.4,1.4,3,8166,0.650,0.000,-0.233,0.148,0.009,40.8,5.4,0
3592,73.78,0.00,2514.1,84.0,1.1,3,8087,0.700,0.000,-0.236,0.148,0.006,43.2,3.0,0
3593,73.80,0.00,2514.6,84.7,0.9,3,8160,0.750,0.000,-0.237,0.149,0.003,46.0,3.2,0
3594,73.82,0.00,2515.1,85.3,0.8,3,8238,0.800,0.000,-0.237,0.150,0.001,48.6,3.5,0
3595,73.84,0.00,2515.6,86.1,0.6,3,8358,0.850,0.000,-0.235,0.150,-0.002,51.2,4.4,0
3596,73.86,0.00,2516.2,86.8,0.6,3,8523,0.700,0.000,-0.227,0.151,-0.004,54.0,6.0,0
3597,73.89,0.00,2516.7,87.5,0.6,3,8479,0.750,0.000,-0.213,0.152,-0.005,56.9,3.9,0
3598,73.91,0.00,2517.2,88.2,0.7,3,8594,0.800,0.000,-0.197,0.153,-0.005,59.7,4.7,0
3599,73.93,0.00,2517.7,89.0,0.9,3,8760,0.650,0.000,-0.119,0.155,-0.005,62.4,6.6,0
3600,73.95,0.00,2518.3,89.7,1.1,3,8659,0.700,0.000,-0.155,0.156,-0.006,64.7,3.3,0
3601,73.97,0.00,2518.8,90.4,0.9,3,8686,0.750,0.000,-0.161,0.158,-0.009,66.7,2.3,0
3602,74.00,0.00,2519.3,91.1,0.8,3,8802,0.800,0.000,-0.160,0.160,-0.010,68.9,3.1,0
3603,74.02,0.00,2519.9,91.8,0.8,3,8961,0.850,0.000,-0.155,0.162,-0.011,71.2,4.9,0
3604,74.04,0.00,2520.5,92.6,1.0,3,9164,0.700,0.000,-0.116,0.164,-0.005,73.5,7.4,0
3605,74.06,0.00,2521.0,93.4,1.2,3,9116,0.550,0.000,-0.066,0.165,0.006,75.6,5.2,0
3606,74.08,0.00,2521.6,94.1,1.4,3,8928,0.600,0.000,-0.018,0.165,0.015,77.1,0.6,0
3607,74.11,0.00,2522.2,94.8,1.1,3,8865,0.650,0.000,0.003,0.165,0.019,77.5,-2.3,0
3608,74.13,0.00,2522.8,95.4,0.7,3,8973,0.700,0.000,0.006,0.164,0.019,77.0,-1.4,0
3609,74.15,0.00,2523.3,96.1,0.4,3,9144,0.750,0.000,0.004,0.162,0.019,76.3,0.6,0
3610,74.17,0.00,2523.9,96.8,0.3,3,9352,0.800,0.000,0.003,0.161,0.019,75.6,3.3,0
3611,74.19,0.00,2524.5,97.5,0.1,3,9584,0.650,0.000,0.001,0.159,0.019,75.0,6.5,0
3612,74.22,0.00,2525.1,98.3,0.0,3,9516,0.700,0.000,0.000,0.158,0.018,74.3,3.9,0
3613,74.24,0.00,2525.7,99.1,-0.0,3,9589,0.750,0.000,-0.000,0.156,0.018,73.7,3.8,0
3614,74.26,0.00,2526.3,99.8,-0.1,3,9708,0.800,0.000,-0.000,0.154,0.018,73.1,4.7,0
3615,74.28,0.00,2526.9,100.7,-0.1,3,9850,0.650,0.000,-0.001,0.152,0.018,72.4,5.8,0
3616,74.30,0.00,2527.6,101.5,-0.2,3,9727,0.700,0.000,-0.001,0.150,0.018,71.8,2.1,0
3617,74.33,0.00,2528.2,102.2,-0.2,3,9794,0.750,0.000,-0.001,0.148,0.018,71.1,2.0,0
3618,74.35,0.00,2528.8,103.0,-0.2,3,9917,0.800,0.000,-0.001,0.146,0.018,70.5,3.0,0
3619,74.37,0.00,2529.4,103.8,-0.2,3,9990,0.850,0.000,-0.001,0.143,0.019,69.9,3.1,0
3620,74.39,0.00,2530.1,104.8,-0.2,3,10058,0.900,0.000,-0.000,0.141,0.019,69.3,2.6,0
3621,74.41,0.00,2530.7,105.7,-0.2,3,10227,0.950,0.000,0.001,0.139,0.019,68.7,4.1,0
3622,74.44,0.00,2531.4,106.6,-0.2,3,10488,0.800,0.000,0.001,0.137,0.019,68.0,7.4,0
3623,74.46,0.00,2532.0,107.5,-0.2,3,10498,0.650,0.000,0.001,0.134,0.019,67.4,6.1,0
3624,74.48,0.00,2532.7,108.3,-0.2,3,10375,0.700,0.000,0.000,0.132,0.019,66.7,2.2,0
3625,74.50,0.00,2533.4,109.0,-0.2,3,10459,0.750,0.000,0.000,0.130,0.019,66.0,2.4,0
3626,74.52,0.00,2534.0,109.8,-0.2,3,10589,0.800,0.000,0.000,0.128,0.019,65.3,3.5,0
3627,74.55,0.00,2534.7,110.6,-0.2,3,10731,0.850,0.000,-0.000,0.125,0.019,64.7,4.8,0
3628,74.57,0.00,2535.4,111.0,-0.2,4,8722,0.900,0.000,-0.001,0.123,0.019,64.0,-7.9,0
3629,74.59,0.00,2536.1,111.0,-0.2,4,8731,0.950,0.000,-0.001,0.120,0.019,63.3,-8.2,0
3630,74.61,0.00,2536.7,110.9,-0.2,4,8244,1.000,0.000,-0.001,0.118,0.019,62.6,-7.9,0
3631,74.63,0.00,2537.4,111.5,-0.2,4,8657,1.000,0.000,-0.001,0.116,0.019,61.9,1.3,0
3632,74.66,0.00,2538.1,112.2,-0.2,4,8744,1.000,0.000,-0.001,0.113,0.019,61.2,2.1,0
3633,74.68,0.00,2538.8,113.0,-0.2,4,8817,1.000,0.000,-0.001,0.111,0.020,60.6,2.4,0
3634,74.70,0.00,2539.5,113.9,-0.2,4,8899,1.000,0.000,-0.001,0.108,0.020,59.9,3.0,0
3635,74.72,0.00,2540.2,114.7,-0.2,4,8991,1.000,0.000,-0.001,0.106,0.020,59.2,3.7,0
3636,74.74,0.00,2540.9,115.5,-0.2,4,9083,1.000,0.000,-0.000,0.103,0.020,58.5,4.4,0
3637,74.77,0.00,2541.6,116.3,-0.2,4,9169,1.000,0.000,-0.000,0.101,0.020,57.8,5.0,0
3638,74.79,0.00,2542.3,117.1,-0.2,4,9250,0.850,0.000,-0.001,0.098,0.020,57.1,5.4,0
3639,74.81,0.00,2543.0,117.9,-0.2,4,9184,0.900,0.000,-0.002,0.096,0.020,56.4,2.4,0
3640,74.83,0.00,2543.7,118.7,-0.2,4,9250,0.950,0.000,-0.026,0.093,0.021,55.7,2.4,0
3641,74.85,0.00,2544.5,119.5,-0.2,4,9354,1.000,0.000,-0.022,0.090,0.021,55.1,3.5,0
3642,74.88,0.00,2545.2,120.3,-0.2,4,9517,0.850,0.000,-0.015,0.087,0.023,54.6,5.9,0
3643,74.90,0.00,2545.9,121.1,-0.1,4,9459,0.900,0.000,-0.008,0.084,0.024,54.1,3.1,0
3644,74.92,0.00,2546.7,121.8,-0.0,4,9513,0.950,0.000,-0.002,0.081,0.026,53.6,2.9,0
3645,74.94,0.00,2547.4,122.6,0.0,4,9601,1.000,0.000,0.002,0.078,0.026,53.0,3.6,0
3646,74.96,0.00,2548.2,123.5,0.0,4,9705,1.000,0.000,0.003,0.075,0.027,52.3,4.5,0
3647,74.99,0.00,2548.9,124.3,-0.0,4,9773,0.000,0.028,0.003,0.071,0.027,51.5,4.6,0
3648,75.01,0.00,2549.7,124.6,-0.0,4,9203,0.000,0.086,0.001,0.068,0.027,50.7,-8.8,0
3649,75.03,0.00,2550.5,124.2,-0.1,4,9149,0.000,0.117,-0.001,0.064,0.027,49.9,-7.5,0
3650,75.05,0.00,2551.2,123.8,-0.1,4,9100,0.000,0.140,-0.003,0.061,0.027,49.1,-7.2,0
3651,75.07,0.00,2552.0,123.2,-0.2,4,9048,0.000,0.158,-0.004,0.057,0.027,48.4,-7.3,0
3652,75.10,0.00,2552.7,122.6,-0.2,4,8963,0.000,0.173,-0.004,0.054,0.027,47.6,-8.0,0
3653,75.12,0.00,2553.5,122.0,-0.2,4,8918,0.000,0.184,-0.005,0.050,0.027,46.9,-7.7,0
3654,75.14,0.00,2554.2,121.2,-0.2,4,8875,0.000,0.193,-0.005,0.047,0.027,46.1,-7.2,0
3655,75.16,0.00,2554.9,120.5,-0.2,4,8826,0.000,0.200,-0.005,0.043,0.027,45.4,-6.7,0
3656,75.18,0.00,2555.7,119.8,-0.2,4,8774,0.000,0.206,-0.004,0.040,0.028,44.7,-6.3,0
3657,75.21,0.00,2556.4,119.0,-0.2,4,8719,0.000,0.211,-0.004,0.036,0.028,44.0,-6.0,0
3658,75.23,0.00,2557.1,118.2,-0.2,4,8660,0.000,0.216,-0.004,0.032,0.028,43.3,-5.4,0
3659,75.25,0.00,2557.9,117.5,-0.1,4,8600,0.000,0.222,-0.004,0.029,0.029,42.6,-4.1,0
3660,75.27,0.00,2558.6,116.7,-0.1,4,8536,0.000,0.226,-0.006,0.025,0.029,41.9,-3.8,0
3661,75.29,0.00,2559.3,115.8,-0.2,4,8471,0.000,0.228,-0.035,0.022,0.023,41.2,-4.2,0
3662,75.32,0.00,2560.0,115.0,-0.2,4,8401,0.000,0.222,-0.060,0.020,0.018,40.7,-4.9,0
3663,75.34,0.00,2560.7,114.2,-0.2,4,8310,0.000,0.202,-0.074,0.017,0.015,40.4,-6.2,0
3664,75.36,0.00,2561.4,113.4,-0.1,4,8289,0.000,0.163,-0.079,0.016,0.013,40.4,-6.0,0
3665,75.38,0.00,2562.1,112.8,0.0,4,8269,0.000,0.115,-0.076,0.014,0.013,40.6,-6.4,0
3666,75.40,0.00,2562.8,112.3,0.2,4,8258,0.000,0.067,-0.071,0.013,0.014,41.0,-6.8,0
3667,75.43,0.00,2563.4,111.9,0.3,4,8254,0.000,0.024,-0.066,0.012,0.014,41.4,-7.5,0
3668,75.45,0.00,2564.1,111.7,0.4,4,8257,0.050,0.000,-0.057,0.011,0.013,41.8,-8.3,0
3669,75.47,0.00,2564.8,111.6,0.4,4,8277,0.100,0.000,-0.059,0.009,0.013,42.1,-8.3,0
3670,75.49,0.00,2565.5,111.6,0.4,4,8295,0.150,0.000,-0.063,0.009,0.011,42.5,-7.9,0
3671,75.51,0.00,2566.2,111.6,0.4,4,8319,0.200,0.000,-0.058,0.008,0.010,43.0,-7.3,0
3672,75.54,0.00,2566.8,111.7,0.4,4,8342,0.250,0.000,-0.062,0.007,0.009,43.7,-6.9,0
3673,75.56,0.00,2567.5,111.8,0.4,4,8368,0.300,0.000,-0.066,0.007,0.008,44.6,-6.5,0
3674,75.58,0.00,2568.2,112.0,0.4,4,8398,0.350,0.000,-0.061,0.006,0.007,45.8,-6.0,0
3675,75.60,0.00,2568.9,112.2,0.4,4,8431,0.400,0.000,-0.067,0.006,0.005,47.9,-5.6,0
3676,75.62,0.00,2569.6,112.5,0.3,4,8468,0.450,0.000,-0.064,0.006,0.004,106.2,-5.1,0
3677,75.65,0.00,2570.3,112.8,0.3,4,8510,0.500,0.000,-0.071,0.006,0.002,104.6,-4.6,0
3678,75.67,0.00,2571.0,113.1,0.3,4,8563,0.550,0.000,-0.068,0.006,0.000,104.9,-4.0,0
3679,75.69,0.00,2571.7,113.5,0.3,4,8623,0.600,0.000,-0.073,0.006,-0.001,103.1,-3.2,0
3680,75.71,0.00,2572.3,113.9,0.3,4,8677,0.650,0.000,-0.068,0.007,-0.002,103.3,-2.7,0
3681,75.73,0.00,2573.1,114.4,0.4,4,8737,0.700,0.000,-0.072,0.008,-0.003,101.4,-2.1,0
3682,75.76,0.00,2573.8,114.9,0.4,4,8802,0.750,0.000,-0.067,0.008,-0.004,99.6,-1.4,0
3683,75.78,0.00,2574.4,115.5,0.5,4,8874,0.800,0.000,-0.071,0.009,-0.005,97.7,-0.7,0
3684,75.80,0.00,2575.2,116.1,0.5,4,8953,0.850,0.000,-0.066,0.011,-0.006,95.9,0.1,0
3685,75.82,0.00,2575.9,116.7,0.6,4,9043,0.900,0.000,-0.070,0.012,-0.007,94.0,1.0,0
3686,75.84,0.00,2576.6,117.5,0.6,4,9142,0.950,0.000,-0.064,0.014,-0.008,92.0,2.1,0
3687,75.87,0.00,2577.3,118.2,0.7,4,9252,1.000,0.000,-0.069,0.015,-0.010,90.1,3.4,0
3688,75.89,0.00,2578.0,119.0,0.8,4,9381,1.000,0.000,-0.073,0.017,-0.011,88.1,5.0,0
3689,75.91,0.00,2578.8,119.9,0.9,4,9478,0.850,0.000,-0.077,0.019,-0.011,86.0,5.8,0
3690,75.93,0.00,2579.5,120.7,1.0,4,9419,0.900,0.000,-0.077,0.022,-0.012,83.7,2.9,0
3691,75.95,0.00,2580.2,121.5,1.0,4,9492,0.950,0.000,-0.063,0.024,-0.012,81.4,3.2,0
3692,75.98,0.00,2581.0,122.2,1.2,4,9596,1.000,0.000,-0.064,0.027,-0.012,79.1,4.2,0
3693,76.00,0.00,2581.7,123.1,1.3,4,9714,0.850,0.000,-0.067,0.030,-0.013,76.7,5.5,0
3694,76.02,0.00,2582.5,123.9,1.3,4,9620,0.900,0.000,-0.071,0.033,-0.014,74.4,1.9,0
3695,76.04,0.00,2583.2,124.6,1.2,4,9682,0.950,0.000,-0.077,0.036,-0.015,72.3,1.9,0
3696,76.06,0.00,2584.0,125.4,1.2,4,9791,1.000,0.000,-0.082,0.039,-0.016,70.2,3.1,0
3697,76.09,0.00,2584.8,126.2,1.2,4,9923,1.000,0.000,-0.085,0.043,-0.017,68.0,4.7,0
3698,76.11,0.00,2585.5,127.0,1.3,4,10015,0.850,0.000,-0.054,0.046,-0.016,65.7,5.4,0
3699,76.13,0.00,2586.3,127.8,1.5,4,9954,0.900,0.000,-0.054,0.050,-0.016,63.5,2.5,0
3700,76.15,0.00,2587.1,128.6,1.6,4,10024,0.950,0.000,-0.058,0.054,-0.017,61.5,2.8,0
3701,76.17,0.00,2587.9,129.4,1.5,4,10050,1.000,0.000,-0.066,0.058,-0.019,59.8,2.0,0
3702,76.20,0.00,2588.7,130.2,1.4,4,10133,1.000,0.000,-0.076,0.062,-0.021,58.1,2.5,0
3703,76.22,0.00,2589.5,131.0,1.3,4,10219,0.000,0.085,-0.086,0.066,-0.023,56.5,3.0,0
3704,76.24,0.00,2590.3,131.1,1.1,4,9656,0.000,0.181,-0.093,0.070,-0.024,54.8,-8.4,0
3705,76.26,0.00,2591.1,130.4,1.0,4,9557,0.000,0.254,-0.093,0.075,-0.024,52.9,-7.1,0
3706,76.28,0.00,2591.8,129.5,1.1,4,9450,0.000,0.321,-0.086,0.079,-0.023,51.0,-5.9,0
3707,76.31,0.00,2592.6,128.4,1.3,4,9329,0.000,0.379,-0.015,0.083,-0.022,49.0,-4.7,0
3708,76.33,0.00,2593.4,127.1,1.5,4,9245,0.000,0.405,-0.018,0.088,-0.022,47.5,-2.9,0
3709,76.35,0.00,2594.2,125.7,1.3,4,9129,0.000,0.405,-0.034,0.092,-0.026,46.3,-2.1,0
3710,76.37,0.00,2594.9,124.2,1.0,4,9010,0.000,0.400,-0.053,0.097,-0.030,45.2,-2.0,0
3711,76.39,0.00,2595.7,122.9,0.8,4,8899,0.000,0.404,-0.068,0.102,-0.033,44.1,0.7,0
3712,76.42,0.00,2596.4,121.6,0.8,4,8792,0.000,0.412,-0.082,0.107,-0.036,42.9,5.2,0
3713,76.44,0.00,2597.2,120.3,0.8,4,8684,0.000,0.419,-0.065,0.112,-0.032,41.8,9.3,0
3714,76.46,0.00,2597.9,118.9,0.8,4,8576,0.000,0.420,-0.023,0.116,-0.024,40.7,11.6,0
3715,76.48,0.00,2598.6,117.6,0.9,4,8323,0.000,0.418,0.016,0.119,-0.016,39.6,7.5,0
3716,76.50,0.00,2599.3,116.1,1.0,4,8190,0.000,0.406,0.052,0.122,-0.008,38.7,4.3,0
3717,76.53,0.00,2600.1,114.5,1.0,4,8184,0.000,0.375,0.079,0.124,-0.003,37.9,2.7,0
3718,76.55,0.00,2600.8,113.0,0.9,4,8155,0.000,0.333,0.094,0.125,0.000,37.5,-0.6,0
3719,76.57,0.00,2601.4,111.7,0.6,4,8111,0.000,0.284,0.097,0.125,0.000,37.2,-3.2,0
3720,76.59,0.00,2602.1,110.6,0.3,4,8064,0.000,0.235,0.091,0.126,-0.001,37.1,-4.4,0
3721,76.61,0.00,2602.8,109.7,-0.0,4,8025,0.000,0.189,0.082,0.126,-0.003,37.2,-5.0,0
3722,76.64,0.00,2603.5,109.0,-0.3,3,9844,0.000,0.153,0.073,0.127,-0.005,37.2,-5.1,0
3723,76.66,0.00,2604.1,108.4,-0.4,3,9815,0.000,0.128,0.070,0.127,-0.006,37.1,-5.4,0
3724,76.68,0.00,2604.8,107.9,-0.5,3,9733,0.000,0.108,0.195,0.127,-0.007,37.1,-6.7,0
3725,76.70,0.00,2605.5,107.4,-0.4,3,9691,0.000,0.076,0.185,0.127,-0.009,37.2,-6.0,0
3726,76.72,0.00,2606.1,107.0,-0.5,3,9663,0.000,0.024,0.160,0.128,-0.014,37.6,-7.1,0
3727,76.75,0.00,2606.8,106.7,-0.7,3,9662,0.050,0.000,0.003,0.129,-0.020,38.3,-8.5,0
3728,76.77,0.00,2607.4,106.6,-1.3,3,9699,0.100,0.000,-0.014,0.131,-0.024,38.7,-8.3,0
3729,76.79,0.00,2608.1,106.5,-1.4,3,9730,0.150,0.000,0.000,0.132,-0.022,38.4,-7.7,0
3730,76.81,0.00,2608.8,106.6,-1.1,3,9763,0.200,0.000,0.033,0.133,-0.017,37.9,-7.1,0
3731,76.83,0.00,2609.4,106.7,-0.7,3,9802,0.000,0.027,0.067,0.133,-0.013,37.3,-6.5,0
3732,76.86,0.00,2610.1,106.6,-0.5,3,9658,0.000,0.047,0.090,0.134,-0.010,36.9,-8.4,0
3733,76.88,0.00,2610.7,106.3,-0.3,3,9622,0.000,0.042,0.098,0.135,-0.008,36.8,-8.0,0
3734,76.90,0.00,2611.4,106.0,-0.3,3,9600,0.000,0.023,0.095,0.135,-0.008,36.9,-8.1,0
3735,76.92,0.00,2612.0,105.8,-0.4,3,9589,0.050,0.000,0.087,0.136,-0.008,37.1,-8.5,0
3736,76.94,0.00,2612.7,105.7,-0.5,3,9621,0.100,0.000,0.079,0.136,-0.009,37.4,-8.3,0
3737,76.97,0.00,2613.3,105.6,-0.6,3,9649,0.150,0.000,0.074,0.137,-0.010,37.6,-7.6,0
3738,76.99,0.00,2614.0,105.7,-0.6,3,9683,0.200,0.000,0.076,0.137,-0.009,37.8,-7.0,0
3739,77.01,0.00,2614.6,105.8,-0.6,3,9721,0.250,0.000,0.079,0.137,-0.008,38.0,-6.4,0
3740,77.03,0.00,2615.3,105.9,-0.6,3,9764,0.300,0.000,0.085,0.137,-0.007,38.1,-5.8,0
3741,77.05,0.00,2615.9,106.1,-0.5,3,9816,0.350,0.000,0.090,0.138,-0.006,38.3,-5.1,0
3742,77.08,0.00,2616.6,106.4,-0.5,3,9876,0.400,0.000,0.096,0.138,-0.005,38.5,-4.4,0
3743,77.10,0.00,2617.2,106.7,-0.5,3,9945,0.450,0.000,0.102,0.138,-0.003,38.8,-3.6,0
3744,77.12,0.00,2617.9,107.1,-0.5,3,10012,0.500,0.000,0.108,0.137,-0.002,39.1,-3.0,0
3745,77.14,0.00,2618.6,107.6,-0.5,3,10086,0.550,0.000,0.112,0.137,-0.000,39.6,-2.4,0
3746,77.16,0.00,2619.2,108.1,-0.5,3,10178,0.600,0.000,0.114,0.136,0.000,40.1,-1.5,0
3747,77.19,0.00,2619.9,108.6,-0.6,3,10285,0.650,0.000,0.118,0.136,0.002,40.6,-0.3,0
3748,77.21,0.00,2620.6,109.2,-0.6,3,10405,0.700,0.000,0.122,0.135,0.003,41.2,0.9,0
3749,77.23,0.00,2621.3,109.9,-0.8,3,10510,0.750,0.000,0.125,0.134,0.004,41.7,1.9,0
3750,77.25,0.00,2621.9,110.7,-0.8,3,10623,0.800,0.000,0.127,0.132,0.005,42.3,2.7,0
3751,77.27,0.00,2622.6,111.0,-0.9,4,8635,0.850,0.000,0.128,0.131,0.005,42.9,-7.8,0
3752,77.30,0.00,2623.3,110.9,-0.9,4,8645,0.900,0.000,0.133,0.129,0.007,43.5,-8.1,0
3753,77.32,0.00,2624.0,110.9,-0.9,4,8241,0.950,0.000,0.136,0.127,0.008,44.1,-7.8,0
3754,77.34,0.00,2624.7,111.3,-1.0,4,8653,1.000,0.000,0.137,0.125,0.009,44.8,1.6,0
3755,77.36,0.00,2625.4,112.0,-1.1,4,8782,1.000,0.000,0.135,0.123,0.009,45.6,3.5,0
3756,77.38,0.00,2626.1,112.8,-1.3,4,8872,1.000,0.000,0.132,0.121,0.009,46.4,4.3,0
3757,77.41,0.00,2626.8,113.6,-1.6,4,8964,0.850,0.000,0.138,0.118,0.010,47.1,5.2,0
3758,77.43,0.00,2627.5,114.3,-1.8,4,8931,0.900,0.000,0.146,0.115,0.012,47.8,3.2,0
3759,77.45,0.00,2628.2,115.0,-1.8,4,8951,0.950,0.000,0.157,0.112,0.015,48.4,2.4,0
3760,77.47,0.00,2628.9,115.7,-1.8,4,9047,1.000,0.000,0.170,0.108,0.018,48.9,3.4,0
3761,77.49,0.00,2629.6,116.5,-1.9,4,9188,0.850,0.000,0.184,0.104,0.022,49.5,5.4,0
3762,77.52,0.00,2630.3,117.2,-2.0,4,9175,0.900,0.000,0.203,0.099,0.026,50.2,4.0,0
3763,77.54,0.00,2631.1,117.9,-2.2,4,9230,0.950,0.000,0.218,0.093,0.029,51.0,4.2,0
3764,77.56,0.00,2631.8,118.5,-2.1,4,9308,1.000,0.000,0.222,0.087,0.031,52.0,4.3,0
3765,77.58,0.00,2632.5,119.2,-2.5,4,9448,0.850,0.000,0.162,0.081,0.028,53.6,6.3,0
3766,77.60,0.00,2633.2,119.9,-3.2,4,9438,0.900,0.000,0.076,0.076,0.012,55.2,4.7,0
3767,77.63,0.00,2634.0,120.5,-4.0,4,9543,0.750,0.000,-0.003,0.072,-0.004,56.4,5.9,0
3768,77.65,0.00,2634.7,121.3,-3.8,4,9235,0.800,0.000,-0.048,0.069,-0.013,56.7,-2.6,0
3769,77.67,0.00,2635.5,122.0,-2.8,4,9272,0.850,0.000,-0.047,0.067,-0.013,55.9,-3.1,0
3770,77.69,0.00,2636.2,122.6,-1.9,4,9394,0.900,0.000,-0.028,0.066,-0.010,54.7,-1.5,0
3771,77.71,0.00,2637.0,123.3,-1.1,4,9556,0.950,0.000,-0.008,0.066,-0.006,53.4,1.1,0
3772,77.74,0.00,2637.7,124.0,-0.6,4,9726,1.000,0.000,0.006,0.065,-0.003,52.3,3.7,0
3773,77.76,0.00,2638.5,124.8,-0.3,4,9879,0.000,0.060,0.015,0.065,-0.002,51.4,6.0,0
3774,77.78,0.00,2639.2,125.0,-0.1,4,9224,0.000,0.114,0.058,0.065,-0.002,50.6,-8.5,0
3775,77.80,0.00,2640.0,124.5,0.0,4,9155,0.000,0.123,0.048,0.066,-0.004,50.1,-7.8,0
3776,77.82,0.00,2640.8,124.0,-0.1,4,9128,0.000,0.117,0.030,0.066,-0.008,49.7,-7.4,0
3777,77.85,0.00,2641.5,123.4,-0.2,4,9090,0.000,0.113,0.014,0.067,-0.011,49.3,-7.6,0
3778,77.87,0.00,2642.3,122.9,-0.3,4,9048,0.000,0.117,0.002,0.068,-0.013,48.8,-7.8,0
3779,77.89,0.00,2643.0,122.4,-0.3,4,9004,0.000,0.128,-0.005,0.070,-0.015,48.2,-7.8,0
3780,77.91,0.00,2643.8,121.9,-0.3,4,8956,0.000,0.143,-0.008,0.071,-0.015,47.5,-7.8,0
3781,77.93,0.00,2644.5,121.3,-0.3,4,8905,0.000,0.160,-0.008,0.073,-0.015,46.7,-7.5,0
3782,77.96,0.00,2645.3,120.6,-0.2,4,8850,0.000,0.176,-0.007,0.075,-0.015,45.9,-7.1,0
3783,77.98,0.00,2646.0,120.0,-0.1,4,8793,0.000,0.192,-0.004,0.076,-0.014,45.1,-6.6,0
3784,78.00,0.00,2646.7,119.2,-0.0,4,8739,0.000,0.204,-0.001,0.078,-0.014,44.3,-6.0,0
3785,78.02,0.00,2647.4,118.4,0.0,4,8680,0.000,0.214,0.001,0.080,-0.013,43.5,-5.5,0
3786,78.04,0.00,2648.2,117.6,0.1,4,8614,0.000,0.221,0.001,0.081,-0.013,42.8,-5.2,0
3787,78.07,0.00,2648.9,116.8,0.1,4,8546,0.000,0.226,0.002,0.083,-0.013,42.0,-5.1,0
3788,78.09,0.00,2649.6,116.0,0.1,4,8479,0.000,0.229,0.002,0.084,-0.013,41.3,-5.1,0
3789,78.11,0.00,2650.3,115.1,0.1,4,8414,0.000,0.233,0.002,0.086,-0.013,40.6,-4.7,0
3790,78.13,0.00,2651.0,114.3,0.1,4,8349,0.000,0.235,0.002,0.088,-0.013,39.9,-4.5,0
3791,78.15,0.00,2651.7,113.4,0.1,4,8285,0.000,0.237,0.002,0.089,-0.014,39.2,-4.5,0
3792,78.18,0.00,2652.4,112.5,0.1,4,8221,0.000,0.239,0.002,0.091,-0.014,38.5,-4.6,0
3793,78.20,0.00,2653.1,111.6,0.1,4,8146,0.000,0.241,0.003,0.093,-0.014,37.8,-4.9,0
3794,78.22,0.00,2653.8,110.8,0.1,4,8084,0.000,0.242,0.005,0.094,-0.014,37.2,-4.8,0
3795,78.24,0.00,2654.4,109.9,0.1,4,8024,0.000,0.243,0.099,0.096,-0.014,36.5,-4.6,0
3796,78.26,0.00,2655.1,109.0,0.3,3,9833,0.000,0.234,0.088,0.098,-0.017,36.0,-3.1,0
3797,78.29,0.00,2655.8,108.2,0.2,3,9803,0.000,0.211,0.064,0.100,-0.021,35.7,-3.4,0
3798,78.31,0.00,2656.4,107.4,-0.0,3,9638,0.000,0.188,0.038,0.103,-0.027,35.5,-4.9,0
3799,78.33,0.00,2657.1,106.6,-0.2,3,9575,0.000,0.170,0.017,0.106,-0.031,35.2,-5.4,0
3800,78.35,0.00,2657.7,105.9,-0.3,3,9519,0.000,0.163,0.010,0.109,-0.033,34.8,-6.0,0
3801,78.37,0.00,2658.4,105.2,-0.3,3,9462,0.000,0.164,0.043,0.112,-0.026,34.3,-6.3,0
3802,78.40,0.00,2659.0,104.5,-0.2,3,9401,0.000,0.164,0.075,0.114,-0.019,33.8,-6.3,0
3803,78.42,0.00,2659.7,103.9,-0.1,3,9329,0.000,0.155,0.099,0.116,-0.014,33.4,-6.4,0
3804,78.44,0.00,2660.3,103.2,-0.1,3,9284,0.000,0.136,0.114,0.117,-0.011,33.2,-6.2,0
3805,78.46,0.00,2660.9,102.6,-0.1,3,9243,0.000,0.112,0.121,0.118,-0.010,33.1,-6.3,0
3806,78.48,0.00,2661.6,102.1,-0.2,3,9210,0.000,0.087,0.123,0.119,-0.009,33.1,-6.6,0
3807,78.51,0.00,2662.2,101.6,-0.3,3,9184,0.000,0.062,0.122,0.119,-0.009,33.2,-7.0,0
3808,78.53,0.00,2662.8,101.3,-0.4,3,9163,0.000,0.040,0.120,0.120,-0.010,33.2,-7.3,0
3809,78.55,0.00,2663.4,101.0,-0.5,3,9147,0.000,0.023,0.118,0.121,-0.010,33.2,-7.7,0
3810,78.57,0.00,2664.1,100.7,-0.5,3,9134,0.000,0.008,0.117,0.121,-0.011,33.3,-8.0,0
3811,78.59,0.00,2664.7,100.5,-0.5,3,9124,0.050,0.000,0.116,0.122,-0.011,33.3,-8.2,0
3812,78.62,0.00,2665.3,100.4,-0.6,3,9148,0.100,0.000,0.115,0.122,-0.011,33.3,-7.8,0
3813,78.64,0.00,2665.9,100.4,-0.6,3,9175,0.150,0.000,0.116,0.123,-0.011,33.3,-7.1,0
3814,78.66,0.00,2666.6,100.4,-0.6,3,9207,0.200,0.000,0.117,0.123,-0.010,33.3,-6.5,0
3815,78.68,0.00,2667.2,100.5,-0.5,3,9244,0.250,0.000,0.119,0.123,-0.010,33.3,-5.8,0
3816,78.70,0.00,2667.8,100.6,-0.5,3,9288,0.000,0.003,0.122,0.124,-0.009,33.3,-5.2,0
3817,78.73,0.00,2668.4,100.6,-0.5,3,9130,0.000,0.002,0.125,0.124,-0.009,33.2,-8.2,0
3818,78.75,0.00,2669.0,100.4,-0.5,3,9116,0.050,0.000,0.126,0.125,-0.008,33.2,-8.3,0
3819,78.77,0.00,2669.7,100.3,-0.5,3,9137,0.100,0.000,0.126,0.125,-0.009,33.3,-7.7,0
3820,78.79,0.00,2670.3,100.3,-0.5,3,9163,0.150,0.000,0.124,0.125,-0.009,33.3,-7.1,0
3821,78.81,0.00,2670.9,100.3,-0.5,3,9195,0.200,0.000,0.122,0.126,-0.009,33.3,-6.5,0
3822,78.84,0.00,2671.5,100.3,-0.5,3,9233,0.250,0.000,0.121,0.126,-0.009,33.4,-5.8,0
3823,78.86,0.00,2672.1,100.5,-0.5,3,9277,0.300,0.000,0.121,0.127,-0.009,33.4,-5.2,0
3824,78.88,0.00,2672.8,100.7,-0.5,3,9326,0.350,0.000,0.122,0.127,-0.009,33.4,-4.5,0
3825,78.90,0.00,2673.4,100.9,-0.5,3,9383,0.000,0.014,0.124,0.127,-0.009,33.3,-3.9,0
3826,78.92,0.00,2674.0,100.9,-0.5,3,9155,0.000,0.014,0.127,0.128,-0.008,33.3,-8.0,0
3827,78.95,0.00,2674.6,100.7,-0.4,3,9136,0.000,0.005,0.128,0.128,-0.008,33.3,-8.1,0
3828,78.97,0.00,2675.2,100.5,-0.4,3,9124,0.050,0.000,0.128,0.128,-0.008,33.3,-8.3,0
3829,78.99,0.00,2675.9,100.4,-0.5,3,9147,0.100,0.000,0.125,0.129,-0.009,33.4,-7.7,0
3830,79.01,0.00,2676.5,100.4,-0.5,3,9174,0.150,0.000,0.122,0.129,-0.009,33.4,-7.1,0
3831,79.03,0.00,2677.1,100.4,-0.5,3,9206,0.200,0.000,0.119,0.129,-0.010,33.5,-6.5,0
3832,79.06,0.00,2677.7,100.5,-0.5,3,9244,0.250,0.000,0.118,0.130,-0.010,33.5,-5.8,0
3833,79.08,0.00,2678.3,100.6,-0.5,3,9287,0.300,0.000,0.118,0.130,-0.010,33.5,-5.2,0
3834,79.10,0.00,2679.0,100.8,-0.5,3,9337,0.350,0.000,0.120,0.131,-0.010,33.5,-4.6,0
3835,79.12,0.00,2679.6,101.0,-0.5,3,9393,0.000,0.010,0.123,0.131,-0.009,33.5,-3.9,0
3836,79.14,0.00,2680.2,101.0,-0.4,3,9169,0.000,0.011,0.127,0.132,-0.008,33.4,-8.1,0
3837,79.17,0.00,2680.8,100.8,-0.4,3,9150,0.000,0.003,0.128,0.132,-0.008,33.4,-8.1,0
3838,79.19,0.00,2681.5,100.7,-0.4,3,9139,0.050,0.000,0.127,0.132,-0.008,33.5,-8.3,0
3839,79.21,0.00,2682.1,100.6,-0.4,3,9160,0.100,0.000,0.125,0.133,-0.009,33.5,-7.8,0
3840,79.23,0.00,2682.7,100.5,-0.5,3,9188,0.150,0.000,0.121,0.133,-0.009,33.6,-7.1,0
3841,79.25,0.00,2683.3,100.5,-0.5,3,9220,0.200,0.000,0.119,0.133,-0.010,33.6,-6.5,0
3842,79.28,0.00,2683.9,100.6,-0.5,3,9257,0.250,0.000,0.118,0.134,-0.010,33.7,-5.9,0
3843,79.30,0.00,2684.6,100.7,-0.5,3,9301,0.300,0.000,0.118,0.134,-0.010,33.7,-5.2,0
3844,79.32,0.00,2685.2,100.9,-0.5,3,9350,0.350,0.000,0.120,0.135,-0.010,33.6,-4.6,0
3845,79.34,0.00,2685.8,101.2,-0.5,3,9407,0.000,0.009,0.123,0.135,-0.009,33.6,-3.9,0
3846,79.36,0.00,2686.4,101.2,-0.4,3,9183,0.000,0.010,0.126,0.136,-0.008,33.6,-8.1,0
3847,79.39,0.00,2687.1,101.0,-0.4,3,9165,0.000,0.002,0.127,0.136,-0.008,33.6,-8.2,0
3848,79.41,0.00,2687.7,100.8,-0.4,3,9153,0.050,0.000,0.126,0.136,-0.008,33.6,-8.4,0
3849,79.43,0.00,2688.3,100.7,-0.4,3,9175,0.100,0.000,0.123,0.137,-0.009,33.6,-7.8,0
3850,79.45,0.00,2688.9,100.7,-0.5,3,9203,0.150,0.000,0.120,0.137,-0.009,33.7,-7.2,0
3851,79.47,0.00,2689.6,100.7,-0.5,3,9235,0.200,0.000,0.118,0.138,-0.010,33.8,-6.5,0
3852,79.50,0.00,2690.2,100.8,-0.5,3,9272,0.250,0.000,0.117,0.138,-0.010,33.8,-5.9,0
3853,79.52,0.00,2690.8,100.9,-0.5,3,9316,0.300,0.000,0.118,0.139,-0.010,33.8,-5.2,0
3854,79.54,0.00,2691.4,101.1,-0.5,3,9366,0.350,0.000,0.120,0.139,-0.009,33.8,-4.6,0
3855,79.56,0.00,2692.1,101.4,-0.4,3,9423,0.000,0.009,0.123,0.139,-0.009,33.7,-3.9,0
3856,79.58,0.00,2692.7,101.3,-0.4,3,9199,0.000,0.010,0.126,0.140,-0.008,33.7,-8.2,0
3857,79.61,0.00,2693.3,101.2,-0.4,3,9179,0.000,0.002,0.127,0.140,-0.008,33.7,-8.2,0
3858,79.63,0.00,2693.9,101.0,-0.4,3,9169,0.050,0.000,0.125,0.141,-0.008,33.7,-8.4,0
3859,79.65,0.00,2694.6,100.9,-0.4,3,9191,0.100,0.000,0.122,0.141,-0.009,33.8,-7.8,0
3860,79.67,0.00,2695.2,100.9,-0.5,3,9218,0.150,0.000,0.119,0.141,-0.009,33.8,-7.2,0
3861,79.69,0.00,2695.8,100.9,-0.5,3,9250,0.200,0.000,0.117,0.142,-0.010,33.9,-6.5,0
3862,79.72,0.00,2696.4,101.0,-0.5,3,9288,0.250,0.000,0.117,0.142,-0.010,33.9,-5.9,0
3863,79.74,0.00,2697.1,101.1,-0.5,3,9332,0.300,0.000,0.118,0.143,-0.010,33.9,-5.3,0
3864,79.76,0.00,2697.7,101.3,-0.4,3,9382,0.350,0.000,0.120,0.143,-0.009,33.9,-4.6,0
3865,79.78,0.00,2698.3,101.5,-0.4,3,9439,0.000,0.009,0.123,0.144,-0.009,33.8,-3.9,0
3866,79.80,0.00,2698.9,101.5,-0.4,3,9213,0.000,0.010,0.125,0.144,-0.008,33.8,-8.2,0
3867,79.83,0.00,2699.6,101.3,-0.4,3,9196,0.000,0.001,0.126,0.145,-0.008,33.8,-8.3,0
3868,79.85,0.00,2700.2,101.2,-0.4,3,9186,0.050,0.000,0.124,0.145,-0.008,33.9,-8.4,0
3869,79.87,0.00,2700.8,101.1,-0.4,3,9207,0.100,0.000,0.121,0.146,-0.009,33.9,-7.8,0
3870,79.89,0.00,2701.4,101.0,-0.4,3,9234,0.150,0.000,0.119,0.146,-0.009,34.0,-7.2,0
3871,79.91,0.00,2702.1,101.1,-0.4,3,9267,0.200,0.000,0.117,0.147,-0.010,34.0,-6.5,0
3872,79.94,0.00,2702.7,101.1,-0.4,3,9305,0.250,0.000,0.117,0.147,-0.010,34.0,-5.9,0
3873,79.96,0.00,2703.3,101.3,-0.4,3,9349,0.300,0.000,0.118,0.148,-0.010,34.0,-5.3,0
3874,79.98,0.00,2703.9,101.5,-0.4,3,9399,0.350,0.000,0.119,0.148,-0.009,34.0,-4.6,0
3875,80.00,0.00,2704.6,101.7,-0.4,3,9460,0.000,0.009,0.122,0.149,-0.009,34.0,-3.9,0
3876,80.02,0.00,2705.2,101.7,-0.4,3,9230,0.000,0.009,0.124,0.149,-0.008,34.0,-8.2,0
3877,80.05,0.00,2705.8,101.5,-0.4,3,9213,0.000,0.000,0.124,0.150,-0.008,34.0,-8.3,0
3878,80.07,0.00,2706.4,101.4,-0.4,3,9204,0.050,0.000,0.123,0.150,-0.009,34.0,-8.5,0
3879,80.09,0.00,2707.1,101.3,-0.4,3,9225,0.100,0.000,0.120,0.151,-0.009,34.0,-7.8,0
3880,80.11,0.00,2707.7,101.2,-0.4,3,9252,0.150,0.000,0.118,0.151,-0.009,34.1,-7.2,0
3881,80.13,0.00,2708.3,101.3,-0.4,3,9284,0.200,0.000,0.117,0.152,-0.010,34.1,-6.6,0
3882,80.16,0.00,2708.9,101.3,-0.4,3,9322,0.250,0.000,0.117,0.152,-0.010,34.1,-5.9,0
3883,80.18,0.00,2709.6,101.5,-0.4,3,9367,0.300,0.000,0.118,0.153,-0.009,34.1,-5.3,0
3884,80.20,0.00,2710.2,101.7,-0.4,3,9421,0.350,0.000,0.119,0.153,-0.009,34.1,-4.6,0
3885,80.22,0.00,2710.8,101.9,-0.4,3,9478,0.000,0.010,0.121,0.154,-0.009,34.1,-3.9,0
3886,80.24,0.00,2711.5,101.9,-0.4,3,9247,0.000,0.010,0.123,0.154,-0.008,34.1,-8.2,0
3887,80.27,0.00,2712.1,101.7,-0.3,3,9230,0.000,0.001,0.123,0.155,-0.008,34.1,-8.3,0
3888,80.29,0.00,2712.7,101.6,-0.4,3,9220,0.050,0.000,0.122,0.155,-0.008,34.1,-8.5,0
3889,80.31,0.00,2713.4,101.5,-0.4,3,9242,0.100,0.000,0.121,0.156,-0.009,34.2,-7.9,0
3890,80.33,0.00,2714.0,101.4,-0.4,3,9269,0.150,0.000,0.119,0.156,-0.009,34.2,-7.2,0
3891,80.35,0.00,2714.6,101.4,-0.4,3,9301,0.200,0.000,0.117,0.157,-0.010,34.2,-6.6,0
3892,80.38,0.00,2715.2,101.5,-0.4,3,9340,0.250,0.000,0.116,0.157,-0.010,34.3,-5.9,0
3893,80.40,0.00,2715.9,101.7,-0.4,3,9387,0.300,0.000,0.117,0.158,-0.010,34.3,-5.2,0
3894,80.42,0.00,2716.5,101.9,-0.4,3,9438,0.350,0.000,0.118,0.158,-0.009,34.3,-4.6,0
3895,80.44,0.00,2717.1,102.1,-0.4,3,9494,0.000,0.010,0.119,0.159,-0.009,34.2,-3.9,0
3896,80.46,0.00,2717.8,102.1,-0.4,3,9265,0.000,0.011,0.122,0.159,-0.009,34.2,-8.2,0
3897,80.49,0.00,2718.4,101.9,-0.3,3,9247,0.000,0.002,0.123,0.160,-0.008,34.2,-8.3,0
3898,80.51,0.00,2719.0,101.8,-0.3,3,9236,0.050,0.000,0.123,0.160,-0.008,34.2,-8.5,0
3899,80.53,0.00,2719.7,101.7,-0.4,3,9258,0.100,0.000,0.122,0.161,-0.008,34.2,-7.9,0
3900,80.55,0.00,2720.3,101.6,-0.4,3,9286,0.150,0.000,0.121,0.161,-0.009,34.3,-7.2,0
3901,80.57,0.00,2720.9,101.6,-0.4,3,9318,0.200,0.000,0.119,0.162,-0.009,34.3,-6.6,0
3902,80.60,0.00,2721.5,101.7,-0.4,3,9363,0.250,0.000,0.118,0.162,-0.009,34.4,-5.8,0
3903,80.62,0.00,2722.2,101.8,-0.5,3,9407,0.300,0.000,0.117,0.163,-0.010,34.4,-5.2,0
3904,80.64,0.00,2722.8,102.0,-0.5,3,9457,0.350,0.000,0.117,0.163,-0.010,34.4,-4.5,0
3905,80.66,0.00,2723.4,102.3,-0.4,3,9513,0.000,0.009,0.119,0.164,-0.009,34.4,-3.9,0
3906,80.68,0.00,2724.1,102.3,-0.4,3,9283,0.000,0.009,0.121,0.164,-0.009,34.4,-8.3,0
3907,80.71,0.00,2724.7,102.1,-0.4,3,9266,0.000,0.003,0.124,0.164,-0.008,34.3,-8.3,0
3908,80.73,0.00,2725.3,102.0,-0.4,3,9254,0.050,0.000,0.125,0.165,-0.008,34.3,-8.4,0
3909,80.75,0.00,2726.0,101.9,-0.4,3,9277,0.100,0.000,0.125,0.165,-0.008,34.4,-7.9,0
3910,80.77,0.00,2726.6,101.8,-0.4,3,9304,0.150,0.000,0.124,0.166,-0.009,34.4,-7.3,0
3911,80.79,0.00,2727.2,101.8,-0.4,3,9342,0.200,0.000,0.122,0.166,-0.009,34.5,-6.5,0
3912,80.82,0.00,2727.9,101.9,-0.5,3,9382,0.250,0.000,0.119,0.167,-0.010,34.5,-5.8,0
3913,80.84,0.00,2728.5,102.0,-0.5,3,9427,0.300,0.000,0.117,0.167,-0.011,34.6,-5.2,0
3914,80.86,0.00,2729.1,102.3,-0.5,3,9476,0.350,0.000,0.117,0.168,-0.011,34.6,-4.6,0
3915,80.88,0.00,2729.8,102.5,-0.5,3,9531,0.000,0.003,0.119,0.168,-0.011,34.6,-3.9,0
3916,80.90,0.00,2730.4,102.5,-0.5,3,9305,0.000,0.005,0.123,0.169,-0.010,34.6,-8.4,0
3917,80.93,0.00,2731.0,102.3,-0.4,3,9289,0.050,0.000,0.126,0.170,-0.010,34.6,-8.4,0
3918,80.95,0.00,2731.7,102.2,-0.4,3,9312,0.100,0.000,0.128,0.170,-0.009,34.6,-7.9,0
3919,80.97,0.00,2732.3,102.2,-0.4,3,9339,0.150,0.000,0.128,0.171,-0.010,34.6,-7.3,0
3920,80.99,0.00,2732.9,102.2,-0.4,3,9376,0.200,0.000,0.126,0.171,-0.010,34.7,-6.6,0
3921,81.01,0.00,2733.6,102.3,-0.4,3,9417,0.250,0.000,0.124,0.172,-0.011,34.8,-5.9,0
3922,81.04,0.00,2734.2,102.4,-0.5,3,9461,0.300,0.000,0.123,0.173,-0.012,34.8,-5.2,0
3923,81.06,0.00,2734.8,102.6,-0.5,3,9512,0.350,0.000,0.123,0.173,-0.012,34.9,-4.6,0
3924,81.08,0.00,2735.5,102.9,-0.5,3,9568,0.000,0.002,0.124,0.174,-0.013,34.9,-3.9,0
3925,81.10,0.00,2736.1,102.9,-0.5,3,9340,0.000,0.001,0.127,0.175,-0.013,34.9,-8.5,0
3926,81.12,0.00,2736.7,102.7,-0.4,3,9326,0.050,0.000,0.129,0.176,-0.013,35.0,-8.6,0
3927,81.15,0.00,2737.4,102.6,-0.4,3,9347,0.100,0.000,0.131,0.177,-0.013,35.0,-8.0,0
3928,81.17,0.00,2738.0,102.6,-0.4,3,9375,0.150,0.000,0.131,0.177,-0.013,35.1,-7.3,0
3929,81.19,0.00,2738.7,102.6,-0.4,3,9410,0.200,0.000,0.131,0.178,-0.014,35.2,-6.6,0
3930,81.21,0.00,2739.3,102.7,-0.5,3,9452,0.250,0.000,0.131,0.179,-0.015,35.3,-5.9,0
3931,81.23,0.00,2739.9,102.8,-0.5,3,9497,0.300,0.000,0.130,0.181,-0.016,35.4,-5.3,0
3932,81.26,0.00,2740.6,103.0,-0.5,3,9548,0.350,0.000,0.132,0.182,-0.017,35.5,-4.6,0
3933,81.28,0.00,2741.2,103.3,-0.6,3,9605,0.400,0.000,0.134,0.183,-0.018,35.5,-3.9,0
3934,81.30,0.00,2741.8,103.6,-0.6,3,9669,0.450,0.000,0.138,0.184,-0.018,35.6,-3.2,0
3935,81.32,0.00,2742.5,104.0,-0.5,3,9742,0.000,0.007,0.143,0.186,-0.019,35.6,-2.4,0
3936,81.34,0.00,2743.1,104.0,-0.5,3,9438,0.000,0.005,0.149,0.187,-0.019,35.7,-8.4,0
3937,81.37,0.00,2743.8,103.8,-0.5,3,9420,0.050,0.000,0.154,0.189,-0.020,35.8,-8.6,0
3938,81.39,0.00,2744.4,103.7,-0.5,3,9443,0.100,0.000,0.157,0.190,-0.021,35.9,-8.1,0
3939,81.41,0.00,2745.1,103.7,-0.5,3,9472,0.150,0.000,0.158,0.192,-0.023,36.1,-7.4,0
3940,81.43,0.00,2745.7,103.7,-0.6,3,9506,0.200,0.000,0.160,0.194,-0.026,36.4,-6.7,0
3941,81.45,0.00,2746.3,103.7,-0.7,3,9547,0.250,0.000,-0.062,0.196,-0.029,36.7,-6.0,0
3942,81.48,0.00,2747.0,103.9,-1.2,3,9592,0.300,0.000,-0.059,0.198,-0.029,36.7,-5.3,0
3943,81.50,0.00,2747.6,104.1,-1.2,3,9639,0.350,0.000,0.216,0.200,-0.021,36.1,-4.8,0
3944,81.52,0.00,2748.3,104.3,-0.4,3,9690,0.000,0.035,0.254,0.201,-0.013,35.5,-3.9,0
3945,81.54,0.00,2748.9,104.2,0.0,3,9448,0.000,0.038,0.275,0.202,-0.012,35.4,-7.1,0
3946,81.56,0.00,2749.6,103.9,0.1,3,9418,0.000,0.009,0.287,0.203,-0.014,35.6,-7.0,0
3947,81.59,0.00,2750.2,103.7,0.0,3,9406,0.050,0.000,0.296,0.205,-0.018,36.0,-8.0,0
3948,81.61,0.00,2750.9,103.5,-0.2,3,9425,0.100,0.000,0.310,0.207,-0.025,36.6,-7.8,0
3949,81.63,0.00,2751.5,103.4,-0.6,3,9452,0.150,0.000,-0.063,0.209,-0.033,37.5,-7.1,0
3950,81.65,0.00,2752.2,103.4,-1.3,3,9490,0.200,0.000,-0.089,0.212,-0.040,38.3,-6.6,0
3951,81.67,0.00,2752.8,103.5,-1.9,3,9531,0.250,0.000,-0.072,0.215,-0.037,38.2,-5.8,0
3952,81.70,0.00,2753.4,103.6,-1.6,3,9570,0.300,0.000,-0.025,0.216,-0.028,37.4,-5.4,0
3953,81.72,0.00,2754.1,103.9,-1.0,3,9614,0.350,0.000,0.348,0.217,-0.017,36.5,-4.9,0
3954,81.74,0.00,2754.7,104.1,-0.1,3,9660,0.400,0.000,0.387,0.218,-0.009,35.9,-3.9,0
3955,81.76,0.00,2755.4,104.4,0.3,3,9710,0.000,0.001,0.391,0.219,-0.009,36.0,-2.8,0
3956,81.78,0.00,2756.0,104.3,0.3,3,9474,0.050,0.000,0.373,0.220,-0.011,36.5,-7.6,0
3957,81.81,0.00,2756.7,104.2,0.1,3,9486,0.100,0.000,0.334,0.222,-0.017,37.3,-7.4,0
3958,81.83,0.00,2757.3,104.1,-0.2,3,9509,0.150,0.000,0.034,0.224,-0.023,38.4,-7.0,0
3959,81.85,0.00,2758.0,104.1,-0.8,3,9545,0.200,0.000,0.021,0.226,-0.029,39.5,-6.7,0
3960,81.87,0.00,2758.6,104.1,-1.3,3,9589,0.250,0.000,0.033,0.228,-0.029,40.0,-5.9,0
3961,81.89,0.00,2759.3,104.3,-1.1,3,9633,0.300,0.000,0.058,0.230,-0.026,40.0,-5.3,0
3962,81.92,0.00,2759.9,104.5,-0.8,3,9679,0.350,0.000,0.085,0.231,-0.022,39.9,-4.8,0
3963,81.94,0.00,2760.6,104.8,-0.5,3,9730,0.400,0.000,0.112,0.233,-0.018,40.0,-4.2,0
3964,81.96,0.00,2761.2,105.1,-0.3,3,9788,0.450,0.000,0.135,0.234,-0.016,40.2,-3.6,0
3965,81.98,0.00,2761.9,105.5,-0.2,3,9855,0.500,0.000,0.158,0.236,-0.015,40.6,-2.9,0
3966,82.00,0.00,2762.5,105.9,-0.2,3,9921,0.550,0.000,0.182,0.237,-0.014,41.2,-2.4,0
3967,82.03,0.00,2763.2,106.4,-0.2,3,10012,0.600,0.000,0.177,0.238,-0.015,41.9,-1.4,0
3968,82.05,0.00,2763.9,106.9,-0.3,3,10126,0.650,0.000,0.169,0.240,-0.016,42.9,-0.1,0
3969,82.07,0.00,2764.5,107.5,-0.4,3,10256,0.700,0.000,0.158,0.241,-0.017,44.1,1.4,0
3970,82.09,0.00,2765.2,108.1,-0.6,3,10395,0.750,0.000,0.146,0.242,-0.018,45.4,2.9,0
3971,82.11,0.00,2765.9,108.8,-0.9,3,10543,0.800,0.000,0.127,0.244,-0.020,47.1,4.4,0
3972,82.14,0.00,2766.6,109.6,-1.2,3,10703,0.650,0.000,0.105,0.245,-0.022,48.9,6.2,0
3973,82.16,0.00,2767.2,110.3,-1.4,3,10603,0.700,0.000,0.064,0.246,-0.023,50.8,3.0,0
3974,82.18,0.00,2767.9,110.6,-1.5,4,8615,0.750,0.000,0.032,0.247,-0.022,52.3,-7.7,0
3975,82.20,0.00,2768.6,110.6,-1.3,4,8625,0.800,0.000,0.041,0.248,-0.019,53.1,-8.2,0
3976,82.22,0.00,2769.3,110.5,-1.0,4,8215,0.850,0.000,0.064,0.249,-0.013,53.6,-7.8,0
3977,82.25,0.00,2770.0,110.9,-0.7,4,8562,0.900,0.000,0.096,0.249,-0.009,54.1,-0.0,0
3978,82.27,0.00,2770.7,111.6,-0.5,4,8658,0.950,0.000,0.107,0.249,-0.005,55.2,1.3,0
3979,82.29,0.00,2771.4,112.3,-0.5,4,8748,1.000,0.000,0.111,0.249,-0.003,57.0,2.2,0
3980,82.31,0.00,2772.1,113.1,-0.5,4,8848,1.000,0.000,0.111,0.249,-0.001,59.3,3.2,0
3981,82.33,0.00,2772.8,113.8,-0.7,4,8924,1.000,0.000,0.110,0.248,-0.000,62.0,3.6,0
3982,82.36,0.00,2773.5,114.6,-0.8,4,9002,1.000,0.000,0.109,0.248,0.001,65.1,4.1,0
3983,82.38,0.00,2774.2,115.5,-0.9,4,9026,1.000,0.000,0.109,0.246,0.002,68.6,3.3,0
3984,82.40,0.00,2774.9,116.3,-0.9,4,9088,1.000,0.000,0.113,0.245,0.004,72.3,3.3,0
3985,82.42,0.00,2775.7,117.1,-1.0,4,9183,1.000,0.000,0.118,0.243,0.006,76.7,4.0,0
3986,82.44,0.00,2776.4,117.8,-1.0,4,9283,1.000,0.000,0.118,0.242,0.008,82.1,5.0,0
3987,82.47,0.00,2777.1,118.6,-1.1,4,9374,0.850,0.000,0.109,0.239,0.009,89.6,5.5,0
3988,82.49,0.00,2777.9,119.4,-1.3,4,9318,0.900,0.000,0.093,0.237,0.009,99.5,2.8,0
3989,82.51,0.00,2778.6,120.1,-1.5,4,9392,0.950,0.000,0.085,0.234,0.009,111.6,3.2,0
3990,82.53,0.00,2779.4,120.8,-1.6,4,9499,1.000,0.000,0.084,0.232,0.011,125.9,4.4,0
3991,82.55,0.00,2780.1,121.7,-1.6,4,9532,1.000,0.000,0.086,0.228,0.013,143.2,3.8,0
3992,82.58,0.00,2780.9,122.5,-1.5,4,9581,1.000,0.000,0.093,0.225,0.016,200.0,3.4,0
3993,82.60,0.00,2781.7,123.4,-1.4,4,9655,1.000,0.000,0.103,0.221,0.019,198.1,3.7,0
3994,82.62,0.00,2782.4,124.2,-1.3,4,9746,1.000,0.000,0.109,0.217,0.022,197.9,4.3,0
3995,82.64,0.00,2783.2,125.0,-1.3,4,9827,1.000,0.000,0.106,0.213,0.023,197.2,4.7,0
3996,82.66,0.00,2784.0,125.8,-1.5,4,9904,0.850,0.000,0.094,0.209,0.023,193.8,5.1,0
3997,82.69,0.00,2784.8,126.5,-1.7,4,9849,0.900,0.000,0.042,0.205,0.014,190.2,2.5,0
3998,82.71,0.00,2785.5,127.3,-1.8,4,9863,0.950,0.000,0.002,0.201,0.006,186.9,1.6,0
3999,82.73,0.00,2786.3,128.0,-1.7,4,9901,1.000,0.000,-0.018,0.199,0.003,184.9,0.8,0
4000,82.75,0.00,2787.1,128.8,-1.4,4,10034,1.000,0.000,-0.025,0.197,0.002,183.8,2.4,0
4001,82.77,0.00,2787.9,129.6,-1.0,4,10156,1.000,0.000,-0.018,0.196,0.003,183.2,3.9,0
4002,82.80,0.00,2788.7,130.4,-0.7,4,10256,1.000,0.000,-0.011,0.194,0.004,182.9,4.8,0
4003,82.82,0.00,2789.5,131.2,-0.4,4,10328,1.000,0.000,-0.005,0.193,0.005,182.4,5.0,0
4004,82.84,0.00,2790.3,132.1,-0.1,4,10371,1.000,0.000,-0.001,0.192,0.006,181.9,4.5,0
4005,82.86,0.00,2791.1,132.9,0.0,4,10411,1.000,0.000,0.001,0.192,0.006,181.2,3.9,0
4006,82.88,0.00,2791.9,133.8,0.1,4,10455,1.000,0.000,0.002,0.191,0.006,180.4,3.4,0
4007,82.91,0.00,2792.7,134.7,0.2,4,10407,1.000,0.000,0.000,0.190,0.006,179.5,0.8,0
4008,82.93,0.00,2793.6,135.5,0.2,4,10446,1.000,0.000,-0.001,0.189,0.006,178.5,0.1,0
4009,82.95,0.00,2794.4,136.3,0.2,4,10534,1.000,0.000,-0.002,0.189,0.005,177.6,0.6,0
4010,82.97,0.00,2795.2,137.1,0.2,4,10647,1.000,0.000,-0.003,0.188,0.005,176.7,1.9,0
4011,82.99,0.00,2796.1,137.9,0.2,4,10751,1.000,0.000,-0.004,0.188,0.005,175.8,2.9,0
4012,83.02,0.00,2796.9,138.6,0.2,4,10832,1.000,0.000,-0.004,0.187,0.005,174.9,3.3,0
4013,83.04,0.00,2797.8,139.5,0.2,4,10892,1.000,0.000,-0.003,0.187,0.005,174.1,3.3,0
4014,83.06,0.00,2798.6,140.3,0.2,4,10943,1.000,0.000,-0.006,0.186,0.005,173.3,3.1,0
4015,83.08,0.00,2799.5,140.7,0.2,5,9825,1.000,0.000,-0.005,0.186,0.005,172.4,-9.9,0
4016,83.10,0.00,2800.3,140.5,0.2,5,9829,1.000,0.000,-0.004,0.185,0.006,171.6,-10.4,0
4017,83.13,0.00,2801.2,140.4,0.3,5,9368,1.000,0.000,-0.002,0.185,0.006,170.9,-10.2,0
4018,83.15,0.00,2802.0,140.8,0.3,5,9748,1.000,0.000,-0.001,0.184,0.006,170.1,-0.6,0
4019,83.17,0.00,2802.9,141.5,0.3,5,9824,1.000,0.000,-0.000,0.183,0.006,169.2,0.4,0
4020,83.19,0.00,2803.8,142.2,0.3,5,9873,1.000,0.000,-0.001,0.183,0.006,168.3,0.5,0
4021,83.21,0.00,2804.6,142.9,0.2,5,9916,1.000,0.000,-0.002,0.182,0.006,167.3,0.3,0
4022,83.24,0.00,2805.5,143.6,0.2,5,9961,1.000,0.000,-0.002,0.181,0.006,166.4,0.3,0
4023,83.26,0.00,2806.4,144.3,0.2,5,9984,1.000,0.000,-0.003,0.181,0.006,165.4,-0.4,0
4024,83.28,0.00,2807.3,145.1,0.2,5,10023,1.000,0.000,-0.004,0.180,0.006,164.5,-0.7,0
4025,83.30,0.00,2808.2,145.7,0.2,5,10076,1.000,0.000,-0.004,0.180,0.005,163.6,-0.6,0
4026,83.32,0.00,2809.1,146.4,0.2,5,10137,1.000,0.000,-0.004,0.179,0.005,162.6,-0.2,0
4027,83.35,0.00,2810.0,147.1,0.2,5,10194,1.000,0.000,-0.004,0.178,0.005,161.7,0.0,0
4028,83.37,0.00,2810.9,147.8,0.2,5,10244,1.000,0.000,-0.003,0.178,0.005,160.8,0.1,0
4029,83.39,0.00,2811.8,148.5,0.2,5,10290,1.000,0.000,-0.003,0.177,0.005,159.9,0.0,0
4030,83.41,0.00,2812.7,149.2,0.2,5,10335,1.000,0.000,-0.003,0.176,0.005,159.0,-0.1,0
4031,83.43,0.00,2813.6,149.9,0.1,5,10377,1.000,0.000,-0.003,0.176,0.005,158.1,-0.2,0
4032,83.46,0.00,2814.5,150.6,0.1,5,10420,1.000,0.000,-0.003,0.175,0.005,157.1,-0.4,0
4033,83.48,0.00,2815.4,151.3,0.1,5,10464,1.000,0.000,-0.003,0.174,0.005,156.2,-0.5,0
4034,83.50,0.00,2816.4,151.9,0.1,5,10509,1.000,0.000,-0.003,0.174,0.005,155.2,-0.5,0
4035,83.52,0.00,2817.3,152.6,0.1,5,10555,1.000,0.000,-0.003,0.173,0.005,154.3,-0.5,0
4036,83.54,0.00,2818.2,153.3,0.1,5,10602,1.000,0.000,-0.003,0.172,0.005,153.3,-0.5,0
4037,83.57,0.00,2819.2,154.0,0.1,5,10650,1.000,0.000,-0.002,0.171,0.005,152.4,-0.5,0
4038,83.59,0.00,2820.1,154.6,0.1,5,10724,1.000,0.000,-0.002,0.171,0.005,151.4,0.2,0
4039,83.61,0.00,2821.1,155.3,0.1,5,10770,1.000,0.000,-0.002,0.170,0.005,150.4,0.2,0
4040,83.63,0.00,2822.0,156.0,0.1,5,10803,1.000,0.000,-0.002,0.169,0.005,149.5,-0.2,0
4041,83.65,0.00,2823.0,156.7,0.1,5,10836,1.000,0.000,-0.003,0.168,0.005,148.5,-0.6,0
4042,83.68,0.00,2823.9,157.4,0.1,5,10872,1.000,0.000,-0.002,0.168,0.005,147.5,-0.9,0
4043,83.70,0.00,2824.9,158.1,0.1,5,10912,1.000,0.000,-0.002,0.167,0.005,146.5,-1.0,0
4044,83.72,0.00,2825.9,158.7,0.1,5,10958,1.000,0.000,-0.002,0.166,0.005,145.5,-1.1,0
4045,83.74,0.00,2826.8,159.4,0.1,5,11055,1.000,0.000,-0.002,0.165,0.005,144.6,0.2,0
4046,83.76,0.00,2827.8,160.0,0.1,5,11123,0.990,0.000,-0.001,0.164,0.006,143.6,0.9,0
4047,83.79,0.00,2828.8,160.7,0.1,5,11135,0.980,0.000,-0.001,0.164,0.006,142.6,-0.0,0
4048,83.81,0.00,2829.8,161.4,0.1,5,11148,0.970,0.000,-0.001,0.163,0.006,141.6,-0.9,0
4049,83.83,0.00,2830.8,162.0,0.1,5,11167,0.960,0.000,-0.001,0.162,0.006,140.6,-1.7,0
4050,83.85,0.00,2831.8,162.7,0.1,5,11193,0.950,0.000,-0.001,0.161,0.006,139.6,-2.1,0
4051,83.87,0.00,2832.8,163.3,0.1,5,11226,0.940,0.000,-0.001,0.160,0.006,138.6,-2.5,0
4052,83.90,0.00,2833.8,163.9,0.1,5,11293,0.930,0.000,-0.000,0.160,0.006,137.6,-1.9,0
4053,83.92,0.00,2834.8,164.5,0.1,5,11336,0.920,0.000,-0.000,0.159,0.006,136.5,-1.8,0
4054,83.94,0.00,2835.8,165.1,0.1,5,11357,0.910,0.000,-0.000,0.158,0.006,135.5,-2.3,0
4055,83.96,0.00,2836.8,165.7,0.1,5,11382,0.900,0.000,-0.000,0.157,0.006,134.5,-2.8,0
4056,83.98,0.00,2837.8,166.3,0.1,5,11407,0.890,0.000,-0.000,0.156,0.006,133.4,-3.2,0
4057,84.01,0.00,2838.8,166.8,0.1,5,11434,0.880,0.000,-0.000,0.155,0.006,132.4,-3.5,0
4058,84.03,0.00,2839.8,167.4,0.1,5,11462,0.870,0.000,-0.000,0.155,0.005,131.3,-3.8,0
4059,84.05,0.00,2840.8,167.9,0.1,5,11493,0.860,0.000,-0.001,0.154,0.005,130.3,-4.0,0
4060,84.07,0.00,2841.9,168.4,0.1,5,11524,0.850,0.000,-0.001,0.153,0.005,129.2,-4.1,0
4061,84.09,0.00,2842.9,169.0,0.1,5,11556,0.840,0.000,-0.001,0.152,0.005,128.2,-4.2,0
4062,84.12,0.00,2843.9,169.5,0.1,5,11586,0.830,0.000,-0.000,0.151,0.005,127.1,-4.4,0
4063,84.14,0.00,2845.0,169.9,0.1,5,11615,0.820,0.000,-0.000,0.150,0.005,126.1,-4.5,0
4064,84.16,0.00,2846.0,170.4,0.1,5,11643,0.810,0.000,-0.000,0.149,0.005,125.0,-4.7,0
4065,84.18,0.00,2847.1,170.6,0.1,6,10666,0.800,0.000,-0.000,0.148,0.005,123.9,-12.2,0
4066,84.20,0.00,2848.1,170.4,0.1,6,10665,0.790,0.000,-0.000,0.148,0.005,122.9,-12.6,0
4067,84.23,0.00,2849.1,170.2,0.1,6,10403,0.780,0.000,-0.000,0.147,0.005,121.8,-12.6,0
4068,84.25,0.00,2850.2,170.4,0.1,6,10629,0.770,0.000,-0.000,0.146,0.005,120.8,-6.1,0
4069,84.27,0.00,2851.2,170.8,0.1,6,10654,0.760,0.000,-0.001,0.145,0.005,119.7,-6.0,0
4070,84.29,0.00,2852.3,171.2,0.1,6,10670,0.750,0.000,-0.001,0.144,0.005,118.6,-6.2,0
4071,84.31,0.00,2853.3,171.5,0.0,6,10687,0.740,0.000,-0.008,0.143,0.005,117.6,-6.4,0
4072,84.34,0.00,2854.4,171.9,0.0,6,10705,0.730,0.000,-0.006,0.142,0.006,116.5,-6.5,0
4073,84.36,0.00,2855.4,172.2,0.1,6,10723,0.720,0.000,-0.004,0.141,0.006,115.6,-6.6,0
4074,84.38,0.00,2856.5,172.6,0.1,6,10744,0.710,0.000,-0.001,0.140,0.006,114.6,-6.7,0
4075,84.40,0.00,2857.5,172.9,0.1,6,10761,0.700,0.000,0.001,0.139,0.007,113.6,-6.8,0
4076,84.42,0.00,2858.6,173.2,0.1,6,10777,0.690,0.000,0.001,0.138,0.007,112.5,-6.9,0
4077,84.45,0.00,2859.6,173.5,0.1,6,10792,0.680,0.000,0.001,0.137,0.007,111.4,-7.1,0
4078,84.47,0.00,2860.7,173.8,0.1,6,10808,0.670,0.000,0.000,0.136,0.007,110.3,-7.2,0
4079,84.49,0.00,2861.8,174.1,0.0,6,10822,0.660,0.000,0.000,0.135,0.006,109.2,-7.4,0
4080,84.51,0.00,2862.8,174.4,0.0,6,10835,0.650,0.000,-0.000,0.134,0.006,108.1,-7.5,0
4081,84.53,0.00,2863.9,174.7,0.0,6,10850,0.640,0.000,-0.000,0.133,0.006,107.0,-7.6,0
4082,84.56,0.00,2865.0,175.0,0.0,6,10862,0.630,0.000,-0.000,0.132,0.006,105.9,-7.7,0
4083,84.58,0.00,2866.0,175.2,0.0,6,10874,0.000,0.028,-0.000,0.131,0.006,104.8,-7.9,0
4084,84.60,0.00,2867.1,175.1,0.0,6,10663,0.000,0.066,0.000,0.130,0.006,103.7,-13.1,0
4085,84.62,0.00,2868.2,174.7,0.0,6,10620,0.000,0.088,0.001,0.128,0.006,102.7,-12.4,0
4086,84.64,0.00,2869.2,174.1,0.0,6,10580,0.000,0.106,0.001,0.127,0.006,101.6,-11.9,0
4087,84.67,0.00,2870.3,173.5,0.0,6,10537,0.000,0.122,0.001,0.126,0.006,100.5,-11.6,0
4088,84.69,0.00,2871.4,172.9,0.0,6,10492,0.000,0.134,0.002,0.125,0.006,99.4,-11.2,0
4089,84.71,0.00,2872.4,172.2,0.0,6,10447,0.000,0.146,0.002,0.124,0.006,98.4,-11.0,0
4090,84.73,0.00,2873.5,171.5,0.0,6,10400,0.000,0.156,0.001,0.123,0.006,97.3,-10.6,0
4091,84.75,0.00,2874.5,170.8,0.0,6,10351,0.000,0.164,0.001,0.122,0.006,96.2,-10.3,0
4092,84.78,0.00,2875.6,170.0,0.0,6,10301,0.000,0.171,0.001,0.121,0.006,95.1,-10.0,0
4093,84.80,0.00,2876.6,169.2,0.0,6,10250,0.000,0.177,0.001,0.120,0.006,94.1,-9.6,0
4094,84.82,0.00,2877.6,168.4,0.0,5,11140,0.000,0.184,0.001,0.119,0.006,93.0,-8.5,0
4095,84.84,0.00,2878.7,167.7,0.0,5,11102,0.000,0.193,0.001,0.118,0.006,92.0,-8.4,0
4096,84.86,0.00,2879.7,166.9,0.0,5,11006,0.000,0.198,0.001,0.117,0.006,90.9,-9.3,0
4097,84.89,0.00,2880.7,166.0,-0.0,5,10943,0.000,0.200,-0.000,0.116,0.006,89.8,-9.3,0
4098,84.91,0.00,2881.7,165.1,-0.0,5,10884,0.000,0.202,-0.001,0.115,0.006,88.8,-9.2,0
4099,84.93,0.00,2882.7,164.2,-0.1,5,10824,0.000,0.203,-0.001,0.114,0.006,87.7,-9.1,0
4100,84.95,0.00,2883.7,163.3,-0.1,5,10765,0.000,0.204,-0.002,0.113,0.006,86.7,-8.7,0
4101,84.97,0.00,2884.7,162.4,-0.1,5,10704,0.000,0.205,-0.002,0.112,0.006,85.7,-8.6,0
4102,85.00,0.00,2885.7,161.5,-0.0,5,10640,0.000,0.205,-0.001,0.111,0.006,84.7,-8.7,0
4103,85.02,0.00,2886.7,160.6,-0.0,5,10575,0.000,0.205,-0.001,0.110,0.006,83.7,-8.9,0
4104,85.04,0.00,2887.7,159.7,-0.0,5,10519,0.000,0.205,-0.001,0.109,0.006,82.7,-8.8,0
4105,85.06,0.00,2888.6,158.8,-0.0,5,10462,0.000,0.205,-0.001,0.108,0.006,81.7,-8.7,0
4106,85.08,0.00,2889.6,157.9,-0.0,5,10405,0.000,0.206,-0.001,0.107,0.006,80.7,-8.6,0
4107,85.11,0.00,2890.6,157.0,-0.0,5,10347,0.000,0.207,-0.001,0.106,0.006,79.7,-8.3,0
4108,85.13,0.00,2891.5,156.1,-0.0,5,10288,0.000,0.208,-0.001,0.105,0.006,78.8,-8.2,0
4109,85.15,0.00,2892.5,155.2,-0.0,5,10228,0.000,0.209,-0.001,0.104,0.006,77.8,-8.1,0
4110,85.17,0.00,2893.4,154.3,-0.0,5,10164,0.000,0.211,-0.001,0.103,0.006,76.8,-8.2,0
4111,85.19,0.00,2894.3,153.4,-0.0,5,10104,0.000,0.211,-0.018,0.102,0.006,75.9,-8.1,0
4112,85.22,0.00,2895.3,152.5,-0.1,5,10046,0.000,0.208,-0.015,0.101,0.006,75.0,-8.0,0
4113,85.24,0.00,2896.2,151.6,-0.0,5,9990,0.000,0.200,-0.009,0.100,0.007,74.2,-8.0,0
4114,85.26,0.00,2897.1,150.8,0.1,5,9937,0.000,0.194,-0.003,0.099,0.008,73.5,-8.1,0
4115,85.28,0.00,2898.1,149.9,0.2,5,9884,0.000,0.190,0.002,0.098,0.009,72.7,-8.2,0
4116,85.30,0.00,2899.0,149.1,0.2,5,9831,0.000,0.192,0.005,0.097,0.010,71.8,-8.2,0
4117,85.33,0.00,2899.9,148.3,0.2,5,9777,0.000,0.196,0.006,0.095,0.010,70.9,-8.1,0
4118,85.35,0.00,2900.8,147.5,0.1,5,9721,0.000,0.202,0.005,0.094,0.010,70.0,-7.9,0
4119,85.37,0.00,2901.7,146.6,0.1,5,9662,0.000,0.208,0.003,0.093,0.009,69.0,-7.7,0
4120,85.39,0.00,2902.6,145.8,0.0,5,9603,0.000,0.214,0.002,0.091,0.009,68.0,-7.5,0
4121,85.41,0.00,2903.5,144.9,0.0,5,9543,0.000,0.217,0.001,0.090,0.009,67.1,-7.3,0
4122,85.44,0.00,2904.3,144.0,-0.0,5,9483,0.000,0.219,0.001,0.089,0.009,66.2,-7.2,0
4123,85.46,0.00,2905.2,143.1,-0.0,5,9423,0.000,0.221,0.001,0.088,0.009,65.3,-7.3,0
4124,85.48,0.00,2906.1,142.2,-0.0,5,9364,0.000,0.222,0.001,0.086,0.009,64.4,-7.2,0
4125,85.50,0.00,2906.9,141.3,-0.0,5,9305,0.000,0.223,0.001,0.085,0.009,63.5,-7.0,0
4126,85.52,0.00,2907.8,140.4,-0.0,5,9249,0.000,0.224,0.001,0.084,0.009,62.6,-6.8,0
4127,85.55,0.00,2908.7,139.5,-0.0,5,9190,0.000,0.225,0.002,0.083,0.009,61.8,-6.6,0
4128,85.57,0.00,2909.5,138.7,-0.0,4,10192,0.000,0.229,0.002,0.081,0.009,60.9,-5.8,0
4129,85.59,0.00,2910.4,137.9,-0.0,4,10160,0.000,0.233,0.001,0.080,0.009,60.0,-5.6,0
4130,85.61,0.00,2911.2,137.0,-0.0,4,10017,0.000,0.236,0.001,0.079,0.008,59.2,-6.5,0
4131,85.63,0.00,2912.0,136.0,-0.0,4,9942,0.000,0.235,0.000,0.078,0.008,58.3,-6.8,0
4132,85.66,0.00,2912.9,135.1,-0.1,4,9872,0.000,0.234,-0.000,0.076,0.008,57.4,-7.0,0
4133,85.68,0.00,2913.7,134.1,-0.1,4,9804,0.000,0.234,-0.001,0.075,0.008,56.6,-6.9,0
4134,85.70,0.00,2914.5,133.2,-0.1,4,9736,0.000,0.234,-0.001,0.074,0.008,55.7,-6.7,0
4135,85.72,0.00,2915.3,132.2,-0.1,4,9676,0.000,0.233,-0.002,0.073,0.008,54.9,-6.3,0
4136,85.74,0.00,2916.1,131.3,-0.1,4,9608,0.000,0.232,-0.002,0.072,0.008,54.1,-6.2,0
4137,85.77,0.00,2916.9,130.4,-0.1,4,9537,0.000,0.232,-0.001,0.071,0.008,53.3,-6.2,0
4138,85.79,0.00,2917.7,129.5,-0.1,4,9466,0.000,0.232,-0.002,0.070,0.008,52.5,-6.1,0
4139,85.81,0.00,2918.5,128.6,-0.1,4,9397,0.000,0.232,-0.002,0.069,0.008,51.7,-6.1,0
4140,85.83,0.00,2919.3,127.6,-0.1,4,9329,0.000,0.231,-0.041,0.067,0.008,50.9,-6.4,0
4141,85.85,0.00,2920.1,126.7,-0.2,4,9263,0.000,0.223,-0.035,0.066,0.009,50.2,-6.5,0
4142,85.88,0.00,2920.8,125.8,-0.1,4,9203,0.000,0.209,-0.022,0.065,0.012,49.7,-6.5,0
4143,85.90,0.00,2921.6,125.0,0.1,4,9148,0.000,0.196,-0.008,0.063,0.014,49.2,-6.6,0
4144,85.92,0.00,2922.4,124.2,0.2,4,9105,0.000,0.190,0.002,0.061,0.016,48.6,-6.4,0
4145,85.94,0.00,2923.1,123.4,0.3,4,9052,0.000,0.192,0.006,0.059,0.017,48.0,-6.3,0
4146,85.96,0.00,2923.9,122.7,0.2,4,8992,0.000,0.199,0.008,0.057,0.018,47.2,-6.2,0
4147,85.99,0.00,2924.6,121.9,0.2,4,8928,0.000,0.208,0.007,0.056,0.017,46.4,-6.0,0
4148,86.01,0.00,2925.4,121.1,0.1,4,8862,0.000,0.216,0.005,0.054,0.017,45.6,-5.8,0
4149,86.03,0.00,2926.1,120.3,0.0,4,8797,0.000,0.223,0.003,0.052,0.017,44.8,-5.6,0
4150,86.05,0.00,2926.8,119.4,-0.0,4,8730,0.000,0.227,0.002,0.050,0.016,44.1,-6.3,0
4151,86.07,0.00,2927.6,118.5,-0.0,4,8666,0.000,0.232,0.001,0.048,0.016,43.3,-6.1,0
4152,86.10,0.00,2928.3,117.7,-0.1,4,8601,0.000,0.235,0.001,0.046,0.016,42.6,-5.7,0
4153,86.12,0.00,2929.0,116.8,-0.1,4,8536,0.000,0.237,0.001,0.044,0.016,41.8,-5.4,0
4154,86.14,0.00,2929.7,115.9,-0.1,4,8484,0.000,0.239,0.000,0.042,0.016,41.1,-4.8,0
4155,86.16,0.00,2930.4,115.0,-0.1,4,8418,0.000,0.240,0.000,0.040,0.016,40.4,-4.5,0
4156,86.18,0.00,2931.1,114.1,-0.1,4,8347,0.000,0.242,0.000,0.038,0.016,39.7,-4.5,0
4157,86.21,0.00,2931.8,113.2,-0.1,4,8274,0.000,0.243,0.000,0.036,0.016,39.0,-4.4,0
4158,86.23,0.00,2932.5,112.3,-0.1,4,8205,0.000,0.245,-0.000,0.034,0.016,38.3,-4.4,0
4159,86.25,0.00,2933.2,111.4,-0.1,4,8137,0.000,0.246,-0.001,0.032,0.016,37.6,-4.4,0
4160,86.27,0.00,2933.8,110.5,-0.1,4,8070,0.000,0.245,-0.002,0.030,0.016,36.9,-5.2,0
4161,86.29,0.00,2934.5,109.6,-0.1,4,8005,0.000,0.246,-0.084,0.028,0.016,36.2,-5.3,0
4162,86.32,0.00,2935.2,108.7,-0.3,3,9810,0.000,0.237,-0.074,0.026,0.019,35.7,-3.9,0
4163,86.34,0.00,2935.8,107.9,-0.2,3,9780,0.000,0.218,-0.051,0.024,0.023,35.4,-4.0,0
4164,86.36,0.00,2936.5,107.1,0.0,3,9605,0.000,0.200,-0.028,0.021,0.028,35.1,-5.3,0
4165,86.38,0.00,2937.2,106.2,0.2,3,9557,0.000,0.186,-0.011,0.018,0.031,34.7,-5.2,0
4166,86.40,0.00,2937.8,105.5,0.3,3,9491,0.000,0.182,0.000,0.015,0.034,34.2,-5.5,0
4167,86.43,0.00,2938.4,104.7,0.3,3,9418,0.000,0.186,0.006,0.011,0.035,33.6,-5.7,0
4168,86.45,0.00,2939.1,104.0,0.2,3,9343,0.000,0.193,0.007,0.008,0.035,33.0,-5.6,0
4169,86.47,0.00,2939.7,103.2,0.2,3,9269,0.000,0.202,0.007,0.004,0.035,32.3,-5.5,0
4170,86.49,0.00,2940.3,102.5,0.1,3,9193,0.000,0.210,0.005,0.001,0.035,31.7,-5.4,0
4171,86.51,0.00,2941.0,101.6,0.1,3,9117,0.000,0.216,0.004,-0.003,0.035,31.0,-5.6,0
4172,86.54,0.00,2941.6,100.8,0.0,3,9041,0.000,0.222,0.002,-0.006,0.034,30.4,-5.8,0
4173,86.56,0.00,2942.2,100.0,-0.0,3,8965,0.000,0.227,0.001,-0.010,0.034,29.7,-5.5,0
4174,86.58,0.00,2942.8,99.1,-0.0,3,8887,0.000,0.231,-0.036,-0.013,0.027,29.1,-5.1,0
4175,86.60,0.00,2943.4,98.2,-0.1,3,8809,0.000,0.230,-0.082,-0.015,0.017,28.6,-4.7,0
4176,86.62,0.00,2944.0,97.4,-0.2,3,8750,0.000,0.218,-0.117,-0.017,0.010,28.1,-3.8,0
4177,86.65,0.00,2944.6,96.5,-0.3,3,8682,0.000,0.198,-0.141,-0.018,0.005,27.9,-3.6,0
4178,86.67,0.00,2945.2,95.7,-0.3,3,8615,0.000,0.172,-0.155,-0.018,0.002,27.7,-3.9,0
4179,86.69,0.00,2945.8,95.0,-0.2,3,8553,0.000,0.144,-0.162,-0.019,0.001,27.6,-4.5,0
4180,86.71,0.00,2946.3,94.4,-0.1,3,8505,0.000,0.114,-0.163,-0.019,0.000,27.6,-5.2,0
4181,86.73,0.00,2946.9,93.9,0.1,3,8469,0.000,0.084,-0.159,-0.019,0.001,27.6,-6.1,0
4182,86.76,0.00,2947.5,93.4,0.2,3,8445,0.000,0.056,-0.151,-0.019,0.003,27.7,-6.5,0
4183,86.78,0.00,2948.1,93.1,0.4,3,8429,0.000,0.033,-0.143,-0.019,0.004,27.8,-6.8,0
4184,86.80,0.00,2948.6,92.8,0.5,3,8418,0.000,0.016,-0.138,-0.019,0.006,27.8,-7.1,0
4185,86.82,0.00,2949.2,92.6,0.6,3,8410,0.000,0.004,-0.135,-0.019,0.006,27.9,-7.3,0
4186,86.84,0.00,2949.8,92.5,0.5,3,8406,0.050,0.000,-0.136,-0.019,0.006,27.8,-7.4,0
4187,86.87,0.00,2950.3,92.4,0.4,3,8423,0.100,0.000,-0.140,-0.019,0.005,27.8,-6.9,0
4188,86.89,0.00,2950.9,92.3,0.3,3,8444,0.000,0.002,-0.147,-0.019,0.004,27.7,-6.4,0
4189,86.91,0.00,2951.5,92.2,0.2,3,8384,0.000,0.003,-0.152,-0.019,0.003,27.6,-7.4,0
4190,86.93,0.00,2952.0,92.1,0.2,3,8370,0.050,0.000,-0.155,-0.019,0.002,27.6,-7.4,0
4191,86.95,0.00,2952.6,92.0,0.2,3,8388,0.100,0.000,-0.155,-0.018,0.002,27.6,-6.9,0
4192,86.98,0.00,2953.2,91.9,0.2,3,8411,0.150,0.000,-0.152,-0.018,0.002,27.6,-6.4,0
4193,87.00,0.00,2953.7,92.0,0.3,3,8439,0.200,0.000,-0.149,-0.018,0.003,27.6,-5.9,0
4194,87.02,0.00,2954.3,92.0,0.3,3,8472,0.250,0.000,-0.148,-0.018,0.003,27.6,-5.3,0
4195,87.04,0.00,2954.8,92.1,0.3,3,8510,0.300,0.000,-0.148,-0.018,0.003,27.6,-4.7,0
4196,87.06,0.00,2955.4,92.3,0.3,3,8543,0.000,0.012,-0.150,-0.018,0.003,27.6,-4.4,0
4197,87.09,0.00,2956.0,92.3,0.2,3,8385,0.000,0.013,-0.155,-0.018,0.002,27.5,-7.1,0
4198,87.11,0.00,2956.6,92.1,0.2,3,8367,0.000,0.009,-0.159,-0.018,0.001,27.4,-7.1,0
4199,87.13,0.00,2957.1,91.9,0.1,3,8353,0.000,0.003,-0.161,-0.018,0.001,27.4,-7.3,0
4200,87.15,0.00,2957.7,91.8,0.2,3,8341,0.050,0.000,-0.160,-0.018,0.001,27.4,-7.4,0
4201,87.17,0.00,2958.2,91.7,0.2,3,8360,0.100,0.000,-0.157,-0.018,0.002,27.4,-6.9,0
4202,87.20,0.00,2958.8,91.6,0.2,3,8383,0.150,0.000,-0.152,-0.018,0.003,27.5,-6.4,0
4203,87.22,0.00,2959.4,91.6,0.3,3,8410,0.200,0.000,-0.148,-0.018,0.003,27.5,-5.8,0
4204,87.24,0.00,2959.9,91.7,0.3,3,8443,0.250,0.000,-0.146,-0.018,0.004,27.5,-5.3,0
4205,87.26,0.00,2960.5,91.8,0.3,3,8480,0.300,0.000,-0.147,-0.018,0.004,27.5,-4.7,0
4206,87.28,0.00,2961.0,92.0,0.3,3,8516,0.000,0.003,-0.149,-0.018,0.003,27.5,-4.3,0
4207,87.31,0.00,2961.6,92.0,0.2,3,8361,0.000,0.005,-0.154,-0.017,0.002,27.4,-7.3,0
4208,87.33,0.00,2962.2,91.8,0.2,3,8346,0.000,0.002,-0.158,-0.017,0.001,27.3,-7.3,0
4209,87.35,0.00,2962.7,91.7,0.1,3,8333,0.050,0.000,-0.160,-0.017,0.001,27.3,-7.4,0
4210,87.37,0.00,2963.3,91.6,0.1,3,8350,0.100,0.000,-0.160,-0.017,0.001,27.3,-6.9,0
4211,87.39,0.00,2963.8,91.5,0.1,3,8373,0.150,0.000,-0.158,-0.017,0.001,27.3,-6.4,0
4212,87.42,0.00,2964.4,91.5,0.2,3,8400,0.200,0.000,-0.155,-0.017,0.002,27.3,-5.8,0
4213,87.44,0.00,2965.0,91.6,0.2,3,8432,0.250,0.000,-0.153,-0.017,0.002,27.4,-5.3,0
4214,87.46,0.00,2965.5,91.7,0.2,3,8470,0.300,0.000,-0.152,-0.017,0.003,27.4,-4.7,0
4215,87.48,0.00,2966.1,91.9,0.2,3,8513,0.000,0.006,-0.152,-0.017,0.002,27.3,-4.2,0
4216,87.50,0.00,2966.7,91.8,0.2,3,8348,0.000,0.006,-0.154,-0.017,0.002,27.3,-7.3,0
4217,87.53,0.00,2967.2,91.7,0.2,3,8334,0.000,0.001,-0.156,-0.017,0.002,27.3,-7.3,0
4218,87.55,0.00,2967.8,91.5,0.1,3,8322,0.050,0.000,-0.158,-0.017,0.001,27.3,-7.4,0
4219,87.57,0.00,2968.3,91.4,0.1,3,8339,0.100,0.000,-0.158,-0.017,0.001,27.2,-6.9,0
4220,87.59,0.00,2968.9,91.4,0.1,3,8361,0.150,0.000,-0.157,-0.016,0.001,27.2,-6.4,0
4221,87.61,0.00,2969.5,91.4,0.2,3,8388,0.200,0.000,-0.156,-0.016,0.002,27.3,-5.8,0
4222,87.64,0.00,2970.0,91.5,0.2,3,8421,0.250,0.000,-0.155,-0.016,0.002,27.3,-5.3,0
4223,87.66,0.00,2970.6,91.6,0.2,3,8458,0.300,0.000,-0.154,-0.016,0.002,27.3,-4.7,0
4224,87.68,0.00,2971.1,91.8,0.2,3,8501,0.000,0.008,-0.155,-0.016,0.002,27.2,-4.2,0
4225,87.70,0.00,2971.7,91.7,0.2,3,8334,0.000,0.007,-0.156,-0.016,0.001,27.2,-7.2,0
4226,87.72,0.00,2972.3,91.5,0.2,3,8319,0.000,0.001,-0.157,-0.016,0.001,27.2,-7.3,0
4227,87.75,0.00,2972.8,91.4,0.2,3,8310,0.050,0.000,-0.157,-0.016,0.001,27.2,-7.4,0
4228,87.77,0.00,2973.4,91.3,0.1,3,8326,0.100,0.000,-0.157,-0.016,0.001,27.2,-6.9,0
4229,87.79,0.00,2973.9,91.3,0.1,3,8348,0.150,0.000,-0.157,-0.016,0.001,27.2,-6.4,0
4230,87.81,0.00,2974.5,91.3,0.1,3,8375,0.200,0.000,-0.156,-0.016,0.002,27.2,-5.8,0
4231,87.83,0.00,2975.1,91.3,0.2,3,8408,0.250,0.000,-0.156,-0.016,0.002,27.2,-5.3,0
4232,87.86,0.00,2975.6,91.4,0.2,3,8445,0.300,0.000,-0.157,-0.016,0.002,27.2,-4.7,0
4233,87.88,0.00,2976.2,91.6,0.2,3,8488,0.000,0.008,-0.158,-0.016,0.001,27.1,-4.2,0
4234,87.90,0.00,2976.7,91.6,0.1,3,8321,0.000,0.007,-0.160,-0.016,0.001,27.1,-7.2,0
4235,87.92,0.00,2977.3,91.4,0.1,3,8306,0.000,0.000,-0.161,-0.015,0.001,27.1,-7.3,0
4236,87.94,0.00,2977.9,91.3,0.1,3,8297,0.050,0.000,-0.160,-0.015,0.001,27.1,-7.4,0
4237,87.97,0.00,2978.4,91.2,0.1,3,8314,0.100,0.000,-0.159,-0.015,0.001,27.1,-6.9,0
4238,87.99,0.00,2979.0,91.1,0.2,3,8336,0.150,0.000,-0.158,-0.015,0.002,27.1,-6.3,0
4239,88.01,0.00,2979.5,91.1,0.2,3,8363,0.200,0.000,-0.158,-0.015,0.002,27.1,-5.8,0
4240,88.03,0.00,2980.1,91.2,0.2,3,8395,0.250,0.000,-0.158,-0.015,0.002,27.1,-5.3,0
4241,88.05,0.00,2980.7,91.3,0.2,3,8433,0.300,0.000,-0.159,-0.015,0.002,27.1,-4.7,0
4242,88.08,0.00,2981.2,91.5,0.2,3,8476,0.000,0.003,-0.161,-0.015,0.002,27.1,-4.1,0
4243,88.10,0.00,2981.8,91.4,0.1,3,8312,0.000,0.003,-0.163,-0.015,0.002,27.1,-7.3,0
4244,88.12,0.00,2982.3,91.3,0.1,3,8298,0.050,0.000,-0.165,-0.015,0.002,27.1,-7.4,0
4245,88.14,0.00,2982.9,91.2,0.1,3,8316,0.100,0.000,-0.165,-0.015,0.002,27.1,-6.9,0
4246,88.16,0.00,2983.4,91.1,0.1,3,8338,0.150,0.000,-0.164,-0.015,0.002,27.1,-6.3,0
4247,88.19,0.00,2984.0,91.1,0.1,3,8366,0.200,0.000,-0.164,-0.015,0.003,27.1,-5.8,0
4248,88.21,0.00,2984.6,91.2,0.2,3,8398,0.250,0.000,-0.163,-0.015,0.003,27.2,-5.2,0
4249,88.23,0.00,2985.1,91.3,0.2,3,8436,0.300,0.000,-0.164,-0.016,0.004,27.2,-4.7,0
4250,88.25,0.00,2985.7,91.5,0.2,3,8479,0.000,0.000,-0.166,-0.016,0.004,27.2,-4.1,0
4251,88.27,0.00,2986.2,91.5,0.1,3,8315,0.050,0.000,-0.168,-0.016,0.004,27.2,-7.4,0
4252,88.30,0.00,2986.8,91.4,0.1,3,8331,0.100,0.000,-0.169,-0.016,0.004,27.2,-6.9,0
4253,88.32,0.00,2987.4,91.3,0.1,3,8353,0.150,0.000,-0.170,-0.016,0.005,27.2,-6.3,0
4254,88.34,0.00,2987.9,91.3,0.2,3,8381,0.200,0.000,-0.171,-0.017,0.006,27.2,-5.8,0
4255,88.36,0.00,2988.5,91.4,0.2,3,8414,0.250,0.000,-0.172,-0.017,0.006,27.3,-5.2,0
4256,88.38,0.00,2989.0,91.5,0.2,3,8453,0.300,0.000,-0.174,-0.017,0.007,27.3,-4.6,0
4257,88.41,0.00,2989.6,91.6,0.2,3,8494,0.350,0.000,-0.176,-0.018,0.007,27.3,-4.1,0
4258,88.43,0.00,2990.2,91.9,0.2,3,8544,0.000,0.005,-0.180,-0.018,0.008,27.3,-3.5,0
4259,88.45,0.00,2990.7,91.8,0.2,3,8346,0.000,0.002,-0.184,-0.019,0.008,27.4,-7.3,0
4260,88.47,0.00,2991.3,91.7,0.2,3,8332,0.050,0.000,-0.188,-0.019,0.009,27.4,-7.4,0
4261,88.49,0.00,2991.8,91.6,0.2,3,8350,0.100,0.000,-0.191,-0.020,0.011,27.5,-6.9,0
4262,88.52,0.00,2992.4,91.5,0.2,3,8373,0.150,0.000,-0.193,-0.021,0.012,27.6,-6.3,0
4263,88.54,0.00,2993.0,91.5,0.3,3,8401,0.200,0.000,-0.195,-0.022,0.015,27.7,-5.7,0
4264,88.56,0.00,2993.5,91.6,0.3,3,8435,0.250,0.000,-0.198,-0.023,0.017,27.8,-5.1,0
4265,88.58,0.00,2994.1,91.7,0.4,3,8475,0.300,0.000,-0.204,-0.024,0.019,27.9,-4.5,0
4266,88.60,0.00,2994.7,91.8,0.4,3,8518,0.350,0.000,-0.213,-0.026,0.021,28.1,-3.9,0
4267,88.63,0.00,2995.2,92.0,0.4,3,8565,0.400,0.000,-0.224,-0.027,0.023,28.2,-3.3,0
4268,88.65,0.00,2995.8,92.3,0.4,3,8624,0.450,0.000,-0.239,-0.029,0.025,28.4,-2.5,0
4269,88.67,0.00,2996.3,92.6,0.4,3,8695,0.500,0.000,-0.258,-0.031,0.028,28.7,-1.6,0
4270,88.69,0.00,2996.9,92.9,0.5,3,8778,0.550,0.000,-0.280,-0.033,0.030,29.0,-0.6,0
4271,88.71,0.00,2997.5,93.3,0.5,3,8876,0.600,0.000,-0.307,-0.036,0.034,29.4,0.7,0
4272,88.74,0.00,2998.1,93.8,0.7,3,8992,0.650,0.000,-0.313,-0.039,0.038,29.9,2.3,0
4273,88.76,0.00,2998.6,94.2,0.9,3,9125,0.700,0.000,-0.281,-0.042,0.044,30.6,4.1,0
4274,88.78,0.00,2999.2,94.8,1.3,3,9276,0.550,0.000,-0.245,-0.045,0.050,31.4,5.9,0
4275,88.80,0.00,2999.8,95.3,1.7,3,9186,0.600,0.000,-0.208,-0.048,0.056,32.3,3.2,0
4276,88.82,0.00,3000.4,95.8,1.9,3,9238,0.650,0.000,-0.047,-0.052,0.060,33.3,3.1,0
4277,88.85,0.00,3001.0,96.4,2.3,3,9323,0.700,0.000,0.041,-0.056,0.062,34.0,3.4,0
4278,88.87,0.00,3001.6,97.1,2.5,3,9419,0.750,0.000,0.027,-0.059,0.057,34.1,4.1,0
4279,88.89,0.00,3002.2,97.8,2.2,3,9521,0.800,0.000,-0.020,-0.062,0.049,33.7,4.7,0
4280,88.91,0.00,3002.8,98.6,1.7,3,9636,0.650,0.000,-0.071,-0.065,0.039,33.2,5.6,0
4281,88.93,0.00,3003.4,99.4,1.2,3,9508,0.700,0.000,-0.112,-0.067,0.031,32.9,1.9,0
4282,88.96,0.00,3004.0,100.0,0.8,3,9578,0.000,0.004,-0.144,-0.069,0.025,32.9,2.0,0
4283,88.98,0.00,3004.6,100.1,0.5,3,9097,0.000,0.002,-0.171,-0.070,0.020,33.0,-7.9,0
4284,89.00,0.00,3005.2,99.9,0.3,3,9077,0.050,0.000,-0.196,-0.071,0.016,33.3,-8.1,0
4285,89.02,0.00,3005.8,99.8,0.2,3,9094,0.100,0.000,-0.219,-0.073,0.014,33.9,-7.6,0
4286,89.04,0.00,3006.5,99.7,0.2,3,9115,0.150,0.000,-0.235,-0.074,0.014,34.9,-7.0,0
4287,89.07,0.00,3007.1,99.7,0.3,3,9144,0.200,0.000,-0.219,-0.075,0.016,36.2,-6.3,0
4288,89.09,0.00,3007.7,99.7,0.5,3,9181,0.250,0.000,-0.197,-0.077,0.019,37.9,-5.6,0
4289,89.11,0.00,3008.3,99.7,0.7,3,9226,0.300,0.000,-0.174,-0.078,0.022,39.9,-4.9,0
4290,89.13,0.00,3008.9,99.9,0.9,3,9277,0.350,0.000,-0.152,-0.079,0.024,42.2,-4.1,0
4291,89.15,0.00,3009.5,100.1,1.1,3,9334,0.400,0.000,-0.092,-0.081,0.025,44.6,-3.3,0
4292,89.18,0.00,3010.2,100.4,1.3,3,9394,0.450,0.000,-0.065,-0.082,0.024,46.8,-2.7,0
4293,89.20,0.00,3010.8,100.7,1.3,3,9457,0.500,0.000,-0.077,-0.083,0.020,48.4,-2.0,0
4294,89.22,0.00,3011.4,101.2,1.1,3,9498,0.550,0.000,-0.102,-0.083,0.014,49.6,-1.9,0
4295,89.24,0.00,3012.0,101.6,0.8,3,9570,0.600,0.000,-0.126,-0.084,0.008,50.8,-1.3,0
4296,89.26,0.00,3012.7,102.1,0.6,3,9661,0.650,0.000,-0.148,-0.083,0.002,52.3,-0.4,0
4297,89.29,0.00,3013.3,102.7,0.5,3,9775,0.700,0.000,-0.163,-0.083,-0.002,54.6,0.8,0
4298,89.31,0.00,3013.9,103.3,0.4,3,9908,0.750,0.000,-0.170,-0.082,-0.006,57.8,2.2,0
4299,89.33,0.00,3014.6,104.0,0.6,3,10052,0.800,0.000,-0.168,-0.081,-0.007,62.5,3.8,0
4300,89.35,0.00,3015.2,104.7,0.8,3,10213,0.650,0.000,-0.163,-0.079,-0.008,69.0,5.7,0
4301,89.37,0.00,3015.8,105.4,1.1,3,10130,0.700,0.000,-0.152,-0.077,-0.009,77.7,2.9,0
4302,89.40,0.00,3016.5,106.0,1.3,3,10196,0.750,0.000,-0.129,-0.075,-0.009,88.8,3.1,0
4303,89.42,0.00,3017.2,106.7,1.5,3,10270,0.800,0.000,-0.124,-0.072,-0.011,102.2,3.2,0
4304,89.44,0.00,3017.8,107.4,1.5,3,10399,0.850,0.000,-0.129,-0.069,-0.015,118.5,4.3,0
4305,89.46,0.00,3018.5,108.2,1.5,3,10572,0.700,0.000,-0.137,-0.066,-0.018,141.0,6.3,0
4306,89.48,0.00,3019.2,108.9,1.6,3,10504,0.750,0.000,-0.144,-0.062,-0.021,176.6,3.7,0
4307,89.51,0.00,3019.8,109.6,1.6,3,10608,0.800,0.000,-0.144,-0.058,-0.024,200.0,4.4,0
4308,89.53,0.00,3020.5,110.3,1.8,3,10758,0.650,0.000,-0.133,-0.053,-0.024,200.0,6.1,0
4309,89.55,0.00,3021.2,110.6,1.8,4,8708,0.700,0.000,-0.074,-0.049,-0.014,200.0,-7.3,0
4310,89.57,0.00,3021.8,110.5,1.8,4,8718,0.750,0.000,-0.025,-0.046,-0.005,200.0,-8.1,0
4311,89.59,0.00,3022.5,110.4,1.6,4,8206,0.800,0.000,0.007,-0.044,-0.000,200.0,-7.8,0
4312,89.62,0.00,3023.2,110.7,1.4,4,8525,0.850,0.000,0.021,-0.043,0.002,200.0,-0.6,0
4313,89.64,0.00,3023.9,111.3,1.2,4,8609,0.900,0.000,0.023,-0.042,0.003,200.0,0.5,0
4314,89.66,0.00,3024.6,112.0,0.9,4,8688,0.950,0.000,0.018,-0.041,0.002,200.0,1.2,0
4315,89.68,0.00,3025.2,112.6,0.6,4,8774,1.000,0.000,0.011,-0.040,0.001,200.0,2.1,0
4316,89.70,0.00,3025.9,113.4,0.4,4,8870,1.000,0.000,0.005,-0.040,-0.000,200.0,3.1,0
4317,89.73,0.00,3026.6,114.2,0.2,4,8934,1.000,0.000,-0.000,-0.040,-0.001,200.0,3.2,0
4318,89.75,0.00,3027.3,114.9,0.1,4,8994,1.000,0.000,-0.003,-0.039,-0.002,200.0,3.2,0
4319,89.77,0.00,3028.0,115.7,-0.0,4,9055,1.000,0.000,-0.004,-0.039,-0.002,200.0,3.2,0
4320,89.79,0.00,3028.7,116.5,-0.0,4,9119,1.000,0.000,-0.004,-0.039,-0.002,200.0,3.3,0
4321,89.81,0.00,3029.5,117.3,-0.0,4,9186,1.000,0.000,-0.002,-0.039,-0.001,200.0,3.5,0
4322,89.84,0.00,3030.2,118.1,-0.0,4,9229,1.000,0.000,-0.001,-0.039,-0.001,200.0,3.0,0
4323,89.86,0.00,3030.9,118.9,-0.0,4,9287,1.000,0.000,-0.000,-0.039,-0.001,200.0,2.9,0
4324,89.88,0.00,3031.6,119.7,-0.0,4,9360,1.000,0.000,0.000,-0.039,-0.001,200.0,3.2,0
4325,89.90,0.00,3032.4,120.5,-0.1,4,9442,1.000,0.000,0.001,-0.038,-0.001,200.0,3.7,0
4326,89.92,0.00,3033.1,121.3,-0.1,4,9516,1.000,0.000,0.001,-0.038,-0.001,200.0,4.0,0
4327,89.95,0.00,3033.8,122.1,-0.1,4,9582,1.000,0.000,0.000,-0.038,-0.001,200.0,4.1,0
4328,89.97,0.00,3034.6,122.9,-0.1,4,9643,1.000,0.000,0.000,-0.038,-0.001,200.0,4.0,0
4329,89.99,0.00,3035.3,123.7,-0.1,4,9702,1.000,0.000,-0.000,-0.038,-0.001,200.0,3.9,0
4330,90.01,0.00,3036.1,124.5,-0.1,4,9758,1.000,0.000,-0.000,-0.038,-0.001,200.0,3.8,0
4331,90.03,0.00,3036.9,125.3,-0.1,4,9814,1.000,0.000,-0.000,-0.038,-0.001,200.0,3.6,0
4332,90.06,0.00,3037.6,126.2,-0.1,4,9860,1.000,0.000,-0.000,-0.038,-0.001,200.0,3.3,0
4333,90.08,0.00,3038.4,127.0,-0.1,4,9899,1.000,0.000,-0.000,-0.038,-0.001,200.0,2.7,0
4334,90.10,0.00,3039.2,127.8,-0.1,4,9958,1.000,0.000,-0.001,-0.038,-0.001,200.0,2.6,0
4335,90.12,0.00,3040.0,128.6,-0.1,4,10029,1.000,0.000,-0.000,-0.038,-0.001,200.0,2.8,0
4336,90.14,0.00,3040.8,129.4,-0.1,4,10101,1.000,0.000,-0.000,-0.038,-0.001,200.0,3.1,0
4337,90.17,0.00,3041.6,130.1,-0.1,4,10169,1.000,0.000,-0.000,-0.038,-0.001,200.0,3.3,0
4338,90.19,0.00,3042.4,130.9,-0.1,4,10231,1.000,0.000,-0.000,-0.038,-0.001,200.0,3.3,0
4339,90.21,0.00,3043.2,131.7,-0.1,4,10289,1.000,0.000,-0.000,-0.038,-0.001,200.0,3.2,0
4340,90.23,0.00,3044.0,132.5,-0.1,4,10345,1.000,0.000,-0.000,-0.038,-0.001,200.0,3.0,0
4341,90.25,0.00,3044.8,133.3,-0.1,4,10400,1.000,0.000,-0.000,-0.038,-0.001,200.0,2.9,0
4342,90.28,0.00,3045.6,134.1,-0.1,4,10442,1.000,0.000,-0.000,-0.038,-0.001,200.0,2.5,0
4343,90.30,0.00,3046.4,134.9,-0.1,4,10486,1.000,0.000,-0.000,-0.038,-0.001,200.0,2.0,0
4344,90.32,0.00,3047.2,135.7,-0.1,4,10545,1.000,0.000,-0.000,-0.038,-0.001,200.0,2.0,0
4345,90.34,0.00,3048.1,136.5,-0.1,4,10613,1.000,0.000,-0.000,-0.038,-0.001,200.0,2.1,0
4346,90.36,0.00,3048.9,137.3,-0.1,4,10682,1.000,0.000,-0.000,-0.038,-0.001,200.0,2.4,0
4347,90.39,0.00,3049.8,138.0,-0.1,4,10747,1.000,0.000,-0.000,-0.038,-0.001,200.0,2.5,0
4348,90.41,0.00,3050.6,138.8,-0.1,4,10806,1.000,0.000,-0.000,-0.037,-0.001,200.0,2.5,0
4349,90.43,0.00,3051.4,139.6,-0.1,4,10862,1.000,0.000,-0.000,-0.037,-0.001,200.0,2.4,0
4350,90.45,0.00,3052.3,140.4,-0.1,4,10918,1.000,0.000,-0.000,-0.037,-0.001,200.0,2.2,0
4351,90.47,0.00,3053.2,140.7,-0.1,5,9802,1.000,0.000,0.000,-0.037,-0.001,200.0,-9.9,0
4352,90.50,0.00,3054.0,140.5,-0.1,5,9806,1.000,0.000,0.000,-0.037,-0.001,200.0,-10.4,0
4353,90.52,0.00,3054.9,140.4,-0.1,5,9368,1.000,0.000,0.000,-0.037,-0.001,200.0,-10.2,0
4354,90.54,0.00,3055.7,140.8,-0.1,5,9752,1.000,0.000,0.000,-0.037,-0.001,200.0,-0.4,0
4355,90.56,0.00,3056.6,141.4,-0.1,5,9819,1.000,0.000,0.001,-0.037,-0.001,200.0,0.4,0
4356,90.58,0.00,3057.5,142.1,-0.1,5,9858,1.000,0.000,0.000,-0.037,-0.001,200.0,0.3,0
4357,90.61,0.00,3058.3,142.8,-0.1,5,9895,1.000,0.000,0.000,-0.037,-0.001,200.0,0.0,0
4358,90.63,0.00,3059.2,143.5,-0.1,5,9934,1.000,0.000,0.000,-0.037,-0.001,200.0,-0.2,0
4359,90.65,0.00,3060.1,144.1,-0.1,5,9977,1.000,0.000,0.000,-0.037,-0.001,200.0,-0.3,0
4360,90.67,0.00,3061.0,144.8,-0.1,5,10020,1.000,0.000,0.000,-0.037,-0.001,200.0,-0.4,0
4361,90.69,0.00,3061.9,145.5,-0.1,5,10058,1.000,0.000,0.001,-0.037,-0.001,200.0,-0.6,0
4362,90.72,0.00,3062.8,146.2,-0.1,5,10106,1.000,0.000,0.001,-0.037,-0.001,200.0,-0.6,0
4363,90.74,0.00,3063.7,146.8,-0.1,5,10157,1.000,0.000,0.000,-0.037,-0.001,200.0,-0.5,0
4364,90.76,0.00,3064.6,147.5,-0.1,5,10207,1.000,0.000,0.000,-0.036,-0.001,200.0,-0.4,0
4365,90.78,0.00,3065.5,148.1,-0.1,5,10253,1.000,0.000,0.000,-0.036,-0.001,200.0,-0.4,0
4366,90.80,0.00,3066.4,148.8,-0.1,5,10297,1.000,0.000,0.000,-0.036,-0.001,200.0,-0.4,0
4367,90.83,0.00,3067.3,149.5,-0.1,5,10340,1.000,0.000,0.000,-0.036,-0.001,199.7,-0.5,0
4368,90.85,0.00,3068.2,150.1,-0.1,5,10382,1.000,0.000,0.001,-0.036,-0.001,198.8,-0.6,0
4369,90.87,0.00,3069.1,150.8,-0.1,5,10418,1.000,0.000,0.001,-0.036,-0.001,197.8,-0.8,0
4370,90.89,0.00,3070.0,151.4,-0.1,5,10456,1.000,0.000,0.000,-0.036,-0.001,196.9,-1.0,0
4371,90.91,0.00,3071.0,152.1,-0.1,5,10501,1.000,0.000,-0.000,-0.036,-0.001,196.0,-1.1,0
4372,90.94,0.00,3071.9,152.7,-0.1,5,10548,1.000,0.000,-0.000,-0.036,-0.001,195.0,-1.0,0
4373,90.96,0.00,3072.8,153.4,-0.1,5,10596,1.000,0.000,-0.000,-0.036,-0.001,194.1,-0.9,0
4374,90.98,0.00,3073.8,154.0,-0.1,5,10642,1.000,0.000,-0.000,-0.035,-0.001,193.2,-0.9,0
4375,91.00,0.00,3074.7,154.7,-0.1,5,10685,1.000,0.000,-0.000,-0.035,-0.001,192.2,-1.0,0
4376,91.02,0.00,3075.7,155.3,-0.1,5,10728,1.000,0.000,-0.000,-0.035,-0.001,191.2,-1.0,0
4377,91.05,0.00,3076.6,156.0,-0.1,5,10769,1.000,0.000,-0.000,-0.035,-0.001,190.3,-1.1,0
4378,91.07,0.00,3077.6,156.6,-0.1,5,10804,1.000,0.000,-0.000,-0.035,-0.001,189.3,-1.4,0
4379,91.09,0.00,3078.5,157.3,-0.1,5,10846,1.000,0.000,0.000,-0.035,-0.001,188.3,-1.4,0
4380,91.11,0.00,3079.5,157.9,-0.1,5,10890,1.000,0.000,0.000,-0.035,-0.001,187.4,-1.4,0
4381,91.13,0.00,3080.5,158.5,-0.1,5,10936,1.000,0.000,0.000,-0.034,-0.001,186.4,-1.4,0
4382,91.16,0.00,3081.4,159.2,-0.1,5,10981,1.000,0.000,0.000,-0.034,-0.001,185.4,-1.4,0
4383,91.18,0.00,3082.4,159.8,-0.1,5,11024,1.000,0.000,0.000,-0.034,-0.001,184.4,-1.4,0
4384,91.20,0.00,3083.4,160.5,-0.1,5,11066,0.990,0.000,0.000,-0.034,-0.001,183.4,-1.5,0
4385,91.22,0.00,3084.4,161.1,-0.1,5,11102,0.980,0.000,0.000,-0.034,-0.001,182.4,-1.7,0
4386,91.24,0.00,3085.3,161.7,-0.1,5,11132,0.970,0.000,0.000,-0.034,-0.001,181.4,-2.0,0
4387,91.27,0.00,3086.3,162.3,-0.0,5,11166,0.960,0.000,0.000,-0.034,-0.001,180.4,-2.3,0
4388,91.29,0.00,3087.3,162.9,-0.0,5,11202,0.950,0.000,0.000,-0.033,-0.001,179.4,-2.4,0
4389,91.31,0.00,3088.3,163.5,-0.0,5,11238,0.940,0.000,0.000,-0.033,-0.001,178.4,-2.6,0
4390,91.33,0.00,3089.3,164.1,-0.0,5,11273,0.930,0.000,0.000,-0.033,-0.001,177.4,-2.7,0
4391,91.35,0.00,3090.3,164.6,-0.0,5,11306,0.920,0.000,0.000,-0.033,-0.001,176.4,-2.9,0
4392,91.38,0.00,3091.3,165.2,-0.0,5,11338,0.910,0.000,0.000,-0.033,-0.001,175.4,-3.0,0
4393,91.40,0.00,3092.4,165.7,-0.0,5,11368,0.900,0.000,0.000,-0.033,-0.001,174.4,-3.3,0
4394,91.42,0.00,3093.4,166.3,-0.0,5,11396,0.890,0.000,0.000,-0.033,-0.001,173.3,-3.5,0
4395,91.44,0.00,3094.4,166.8,-0.0,5,11426,0.880,0.000,0.000,-0.032,-0.001,172.3,-3.7,0
4396,91.46,0.00,3095.4,167.3,-0.0,5,11456,0.870,0.000,0.000,-0.032,-0.001,171.3,-3.8,0
4397,91.49,0.00,3096.4,167.8,-0.0,5,11485,0.860,0.000,0.000,-0.032,-0.001,170.3,-4.0,0
4398,91.51,0.00,3097.5,168.3,-0.0,5,11514,0.850,0.000,0.000,-0.032,-0.001,169.2,-4.1,0
4399,91.53,0.00,3098.5,168.8,-0.0,5,11541,0.840,0.000,0.000,-0.032,-0.001,168.2,-4.3,0
4400,91.55,0.00,3099.5,169.2,-0.0,5,11568,0.830,0.000,0.000,-0.032,-0.001,167.1,-4.5,0
4401,91.57,0.00,3100.6,169.7,-0.0,5,11593,0.820,0.000,0.000,-0.032,-0.001,166.1,-4.7,0
4402,91.60,0.00,3101.6,170.1,-0.0,5,11618,0.810,0.000,0.000,-0.031,-0.001,165.0,-4.8,0
4403,91.62,0.00,3102.6,170.2,-0.0,6,10643,0.800,0.000,0.000,-0.031,-0.001,164.0,-12.3,0
4404,91.64,0.00,3103.7,170.0,-0.0,6,10642,0.790,0.000,0.000,-0.031,-0.001,162.9,-12.6,0
4405,91.66,0.00,3104.7,169.8,-0.0,6,10379,0.780,0.000,0.000,-0.031,-0.001,161.9,-12.6,0
4406,91.68,0.00,3105.8,169.7,-0.0,5,11408,0.770,0.000,0.000,-0.031,-0.001,160.9,-12.5,0
4407,91.71,0.00,3106.8,169.4,-0.0,5,11403,0.760,0.000,-0.000,-0.031,-0.001,159.8,-12.6,0
4408,91.73,0.00,3107.8,169.2,-0.0,5,11278,0.750,0.000,-0.000,-0.030,-0.001,158.8,-12.7,0
4409,91.75,0.00,3108.9,169.4,-0.0,5,11539,0.740,0.000,-0.000,-0.030,-0.001,157.7,-5.8,0
4410,91.77,0.00,3109.9,169.8,-0.0,5,11563,0.730,0.000,-0.000,-0.030,-0.001,156.7,-5.7,0
4411,91.79,0.00,3110.9,170.1,-0.0,5,11578,0.720,0.000,-0.000,-0.030,-0.001,155.6,-5.9,0
4412,91.82,0.00,3112.0,170.2,-0.0,6,10607,0.710,0.000,0.002,-0.030,-0.001,154.6,-12.3,0
4413,91.84,0.00,3113.0,170.0,-0.0,6,10606,0.700,0.000,0.001,-0.030,-0.001,153.5,-12.6,0
4414,91.86,0.00,3114.1,169.8,-0.0,5,11324,0.690,0.000,0.001,-0.029,-0.001,152.5,-12.6,0
4415,91.88,0.00,3115.1,169.5,-0.0,5,11319,0.680,0.000,0.000,-0.029,-0.001,151.5,-12.6,0
4416,91.90,0.00,3116.1,169.3,-0.0,5,11286,0.670,0.000,-0.000,-0.029,-0.002,150.5,-12.7,0
4417,91.93,0.00,3117.2,169.4,-0.0,5,11512,0.660,0.000,-0.000,-0.029,-0.002,149.4,-6.6,0
4418,91.95,0.00,3118.2,169.7,-0.0,5,11529,0.650,0.000,-0.001,-0.028,-0.002,148.4,-6.6,0
4419,91.97,0.00,3119.2,170.0,-0.0,5,11540,0.640,0.000,-0.000,-0.028,-0.002,147.3,-6.8,0
4420,91.99,0.00,3120.3,170.1,-0.0,6,10573,0.630,0.000,-0.000,-0.028,-0.001,146.3,-12.4,0
4421,92.01,0.00,3121.3,169.8,-0.0,6,10573,0.620,0.000,-0.000,-0.028,-0.001,145.2,-12.6,0
4422,92.04,0.00,3122.3,169.6,-0.0,5,11316,0.610,0.000,-0.000,-0.028,-0.001,144.2,-12.6,0
4423,92.06,0.00,3123.4,169.4,-0.0,5,11311,0.600,0.000,-0.000,-0.027,-0.001,143.1,-12.6,0
4424,92.08,0.00,3124.4,169.2,-0.0,5,11278,0.590,0.000,-0.000,-0.027,-0.001,142.1,-12.7,0
4425,92.10,0.00,3125.4,169.3,-0.0,5,11468,0.580,0.000,-0.000,-0.027,-0.001,141.0,-7.5,0
4426,92.12,0.00,3126.5,169.5,-0.0,5,11480,0.570,0.000,-0.000,-0.027,-0.001,140.0,-7.5,0
4427,92.15,0.00,3127.5,169.7,-0.0,5,11488,0.560,0.000,-0.000,-0.026,-0.001,138.9,-7.7,0
4428,92.17,0.00,3128.6,169.9,-0.0,5,11496,0.550,0.000,-0.000,-0.026,-0.001,137.9,-7.9,0
4429,92.19,0.00,3129.6,170.1,-0.0,5,11504,0.540,0.000,-0.001,-0.026,-0.001,136.8,-8.1,0
4430,92.21,0.00,3130.6,170.1,-0.0,6,10541,0.530,0.000,-0.000,-0.026,-0.001,135.8,-12.4,0
4431,92.23,0.00,3131.7,169.9,-0.0,6,10541,0.520,0.000,-0.000,-0.025,-0.001,134.7,-12.6,0
4432,92.26,0.00,3132.7,169.7,-0.0,5,11319,0.510,0.000,-0.000,-0.025,-0.001,133.7,-12.6,0
4433,92.28,0.00,3133.8,169.5,-0.0,5,11314,0.500,0.000,-0.000,-0.025,-0.001,132.6,-12.6,0
4434,92.30,0.00,3134.8,169.3,-0.0,5,11282,0.490,0.000,-0.000,-0.025,-0.001,131.6,-12.7,0
4435,92.32,0.00,3135.8,169.3,-0.0,5,11427,0.480,0.000,-0.000,-0.024,-0.001,130.6,-8.6,0
4436,92.34,0.00,3136.9,169.4,-0.0,5,11433,0.470,0.000,-0.000,-0.024,-0.001,129.5,-8.7,0
4437,92.37,0.00,3137.9,169.5,-0.0,5,11436,0.460,0.000,-0.000,-0.024,-0.001,128.5,-8.8,0
4438,92.39,0.00,3138.9,169.7,-0.0,5,11438,0.450,0.000,-0.000,-0.024,-0.001,127.4,-9.0,0
4439,92.41,0.00,3140.0,169.8,-0.0,5,11445,0.440,0.000,-0.000,-0.023,-0.001,126.4,-9.0,0
4440,92.43,0.00,3141.0,169.8,-0.0,5,11447,0.430,0.000,-0.001,-0.023,-0.001,125.3,-9.1,0
4441,92.45,0.00,3142.0,169.9,-0.0,5,11448,0.420,0.000,-0.000,-0.023,-0.001,124.3,-9.3,0
4442,92.48,0.00,3143.1,170.0,0.0,5,11450,0.410,0.000,-0.000,-0.023,-0.001,123.2,-9.4,0
4443,92.50,0.00,3144.1,169.9,0.0,6,10492,0.400,0.000,-0.000,-0.023,-0.001,122.2,-12.5,0
4444,92.52,0.00,3145.2,169.7,0.0,6,10492,0.390,0.000,-0.000,-0.022,-0.001,121.1,-12.6,0
4445,92.54,0.00,3146.2,169.5,0.0,5,11308,0.380,0.000,-0.000,-0.022,-0.001,120.1,-12.6,0
4446,92.56,0.00,3147.2,169.3,0.0,5,11303,0.370,0.000,-0.000,-0.022,-0.001,119.0,-12.6,0
4447,92.59,0.00,3148.3,169.1,0.0,5,11270,0.360,0.000,-0.000,-0.022,-0.001,118.0,-12.6,0
4448,92.61,0.00,3149.3,169.0,-0.0,5,11362,0.350,0.000,-0.001,-0.021,-0.001,117.0,-10.0,0
4449,92.63,0.00,3150.3,169.0,-0.0,5,11359,0.340,0.000,-0.000,-0.021,-0.001,115.9,-10.0,0
4450,92.65,0.00,3151.4,169.1,0.0,5,11355,0.330,0.000,-0.000,-0.021,-0.001,114.9,-10.2,0
4451,92.67,0.00,3152.4,169.0,0.0,5,11351,0.320,0.000,-0.000,-0.021,-0.001,113.8,-10.3,0
4452,92.70,0.00,3153.4,169.0,0.0,5,11346,0.310,0.000,-0.000,-0.021,-0.001,112.8,-10.4,0
4453,92.72,0.00,3154.5,169.0,0.0,5,11341,0.300,0.000,-0.000,-0.020,-0.001,111.7,-10.5,0
4454,92.74,0.00,3155.5,169.0,0.0,5,11336,0.290,0.000,-0.000,-0.020,-0.001,110.7,-10.6,0
4455,92.76,0.00,3156.5,168.9,0.0,5,11330,0.280,0.000,-0.000,-0.020,-0.001,109.6,-10.7,0
4456,92.78,0.00,3157.6,168.9,0.0,5,11323,0.270,0.000,-0.000,-0.020,-0.001,108.6,-10.8,0
4457,92.81,0.00,3158.6,168.8,0.0,5,11315,0.260,0.000,-0.000,-0.020,-0.001,107.6,-10.9,0
4458,92.83,0.00,3159.6,168.8,0.0,5,11307,0.250,0.000,-0.000,-0.019,-0.001,106.5,-11.0,0
4459,92.85,0.00,3160.7,168.7,0.0,5,11298,0.240,0.000,-0.000,-0.019,-0.001,105.5,-11.1,0
4460,92.87,0.00,3161.7,168.6,0.0,5,11289,0.230,0.000,-0.000,-0.019,-0.001,104.4,-11.2,0
4461,92.89,0.00,3162.7,168.5,0.0,5,11279,0.220,0.000,-0.001,-0.019,-0.001,103.4,-11.3,0
4462,92.92,0.00,3163.8,168.4,-0.0,5,11268,0.210,0.000,0.004,-0.018,-0.001,102.4,-11.4,0
4463,92.94,0.00,3164.8,168.3,0.0,5,11257,0.200,0.000,0.004,-0.018,-0.001,101.3,-11.5,0
4464,92.96,0.00,3165.8,168.2,-0.0,5,11245,0.190,0.000,0.002,-0.018,-0.002,100.3,-11.6,0
4465,92.98,0.00,3166.8,168.0,-0.0,5,11233,0.180,0.000,0.001,-0.018,-0.002,99.3,-11.7,0
4466,93.00,0.00,3167.9,167.9,-0.0,5,11220,0.170,0.000,-0.000,-0.017,-0.002,98.3,-11.7,0
4467,93.03,0.00,3168.9,167.8,-0.0,5,11207,0.160,0.000,-0.001,-0.017,-0.002,97.3,-11.8,0
4468,93.05,0.00,3169.9,167.6,-0.0,5,11193,0.000,0.004,-0.001,-0.017,-0.002,96.2,-11.9,0
4469,93.07,0.00,3170.9,167.3,-0.0,5,11115,0.000,0.035,-0.001,-0.017,-0.002,95.2,-13.5,0
4470,93.09,0.00,3171.9,167.0,-0.0,5,11077,0.000,0.061,-0.001,-0.016,-0.002,94.2,-12.8,0
4471,93.11,0.00,3173.0,166.5,-0.0,5,11036,0.000,0.082,-0.001,-0.016,-0.002,93.1,-12.2,0
4472,93.14,0.00,3174.0,166.0,-0.0,5,10992,0.000,0.099,-0.001,-0.016,-0.002,92.1,-11.7,0
4473,93.16,0.00,3175.0,165.4,-0.0,5,10945,0.000,0.114,-0.002,-0.015,-0.002,91.1,-11.3,0
4474,93.18,0.00,3176.0,164.7,-0.0,5,10896,0.000,0.126,-0.002,-0.015,-0.002,90.1,-11.0,0
4475,93.20,0.00,3177.0,164.0,-0.0,5,10846,0.000,0.137,-0.001,-0.015,-0.002,89.1,-10.7,0
4476,93.22,0.00,3178.0,163.3,-0.0,5,10794,0.000,0.146,-0.001,-0.014,-0.002,88.0,-10.4,0
4477,93.25,0.00,3179.0,162.6,-0.0,5,10740,0.000,0.154,-0.001,-0.014,-0.002,87.0,-10.1,0
4478,93.27,0.00,3180.0,161.8,-0.0,5,10686,0.000,0.160,-0.002,-0.014,-0.002,86.0,-9.9,0
4479,93.29,0.00,3181.0,161.0,-0.0,5,10631,0.000,0.165,-0.002,-0.013,-0.002,85.0,-9.7,0
4480,93.31,0.00,3182.0,160.2,-0.0,5,10576,0.000,0.170,-0.001,-0.013,-0.002,84.0,-9.5,0
4481,93.33,0.00,3182.9,159.4,-0.0,5,10519,0.000,0.174,-0.001,-0.013,-0.002,83.1,-9.3,0
4482,93.36,0.00,3183.9,158.6,-0.0,5,10463,0.000,0.178,-0.001,-0.012,-0.002,82.1,-9.2,0
4483,93.38,0.00,3184.9,157.7,-0.0,5,10405,0.000,0.181,-0.002,-0.012,-0.002,81.1,-9.0,0
4484,93.40,0.00,3185.8,156.9,-0.0,5,10348,0.000,0.184,-0.002,-0.012,-0.002,80.1,-8.9,0
4485,93.42,0.00,3186.8,156.0,-0.0,5,10290,0.000,0.186,-0.001,-0.012,-0.002,79.2,-8.7,0
4486,93.44,0.00,3187.8,155.2,-0.0,5,10232,0.000,0.188,-0.001,-0.011,-0.002,78.2,-8.6,0
4487,93.47,0.00,3188.7,154.3,-0.0,5,10174,0.000,0.190,-0.001,-0.011,-0.002,77.2,-8.5,0
4488,93.49,0.00,3189.6,153.4,-0.0,5,10116,0.000,0.192,-0.001,-0.011,-0.002,76.3,-8.4,0
4489,93.51,0.00,3190.6,152.6,-0.0,5,10058,0.000,0.194,-0.002,-0.011,-0.002,75.4,-8.3,0
4490,93.53,0.00,3191.5,151.7,-0.0,5,9999,0.000,0.195,-0.002,-0.010,-0.002,74.4,-8.2,0
4491,93.55,0.00,3192.4,150.8,-0.0,5,9941,0.000,0.197,-0.001,-0.010,-0.002,73.5,-8.1,0
4492,93.58,0.00,3193.3,149.9,-0.0,5,9883,0.000,0.198,-0.001,-0.010,-0.002,72.5,-8.0,0
4493,93.60,0.00,3194.2,149.1,-0.0,5,9824,0.000,0.200,-0.001,-0.010,-0.002,71.6,-7.9,0
4494,93.62,0.00,3195.2,148.2,-0.0,5,9765,0.000,0.201,-0.001,-0.009,-0.002,70.7,-7.8,0
4495,93.64,0.00,3196.1,147.3,-0.0,5,9706,0.000,0.202,-0.001,-0.009,-0.002,69.8,-7.7,0
4496,93.66,0.00,3197.0,146.4,-0.0,5,9647,0.000,0.203,-0.002,-0.009,-0.002,68.9,-7.6,0
4497,93.69,0.00,3197.8,145.5,-0.0,5,9588,0.000,0.204,-0.002,-0.009,-0.002,68.0,-7.5,0
4498,93.71,0.00,3198.7,144.7,-0.0,5,9529,0.000,0.206,-0.001,-0.008,-0.002,67.1,-7.5,0
4499,93.73,0.00,3199.6,143.8,-0.0,5,9470,0.000,0.207,-0.001,-0.008,-0.002,66.2,-7.4,0
4500,93.75,0.00,3200.5,142.9,-0.0,5,9410,0.000,0.208,-0.001,-0.008,-0.002,65.3,-7.3,0
4501,93.77,0.00,3201.4,142.0,-0.0,5,9353,0.000,0.209,0.010,-0.008,-0.002,64.4,-7.1,0
4502,93.80,0.00,3202.2,141.1,0.0,5,9293,0.000,0.208,0.008,-0.007,-0.002,63.6,-7.0,0
4503,93.82,0.00,3203.1,140.2,-0.0,5,9235,0.000,0.207,0.005,-0.007,-0.003,62.8,-7.0,0
4504,93.84,0.00,3203.9,139.3,-0.1,5,9178,0.000,0.206,0.001,-0.007,-0.003,62.0,-6.9,0
4505,93.86,0.00,3204.8,138.5,-0.1,4,10178,0.000,0.208,-0.002,-0.006,-0.004,61.1,-6.1,0
4506,93.88,0.00,3205.6,137.7,-0.1,4,10146,0.000,0.212,-0.003,-0.006,-0.004,60.3,-6.0,0
4507,93.91,0.00,3206.5,136.8,-0.1,4,10016,0.000,0.215,-0.003,-0.005,-0.004,59.4,-6.9,0
4508,93.93,0.00,3207.3,135.9,-0.1,4,9944,0.000,0.215,-0.003,-0.005,-0.004,58.6,-6.9,0
4509,93.95,0.00,3208.1,135.0,-0.1,4,9876,0.000,0.214,-0.002,-0.004,-0.004,57.7,-6.9,0
4510,93.97,0.00,3209.0,134.1,-0.0,4,9810,0.000,0.214,-0.002,-0.004,-0.004,56.9,-6.8,0
4511,93.99,0.00,3209.8,133.2,-0.0,4,9743,0.000,0.215,-0.001,-0.004,-0.004,56.1,-6.8,0
4512,94.02,0.00,3210.6,132.3,-0.0,4,9675,0.000,0.215,-0.001,-0.003,-0.004,55.3,-6.7,0
4513,94.04,0.00,3211.4,131.4,-0.0,4,9608,0.000,0.215,-0.002,-0.003,-0.004,54.4,-6.6,0
4514,94.06,0.00,3212.2,130.5,-0.0,4,9542,0.000,0.215,-0.002,-0.002,-0.004,53.6,-6.5,0
4515,94.08,0.00,3213.0,129.6,-0.0,4,9476,0.000,0.216,-0.002,-0.002,-0.004,52.8,-6.5,0
4516,94.10,0.00,3213.8,128.7,-0.0,4,9409,0.000,0.216,-0.002,-0.001,-0.003,52.0,-6.4,0
4517,94.13,0.00,3214.6,127.8,-0.0,4,9343,0.000,0.217,-0.001,-0.001,-0.003,51.2,-6.3,0
4518,94.15,0.00,3215.3,126.9,-0.0,4,9277,0.000,0.218,-0.001,-0.000,-0.003,50.4,-6.2,0
4519,94.17,0.00,3216.1,126.0,-0.0,4,9213,0.000,0.218,-0.002,-0.000,-0.003,49.7,-6.1,0
4520,94.19,0.00,3216.9,125.1,-0.0,4,9148,0.000,0.219,-0.002,0.000,-0.003,48.9,-6.0,0
4521,94.21,0.00,3217.6,124.2,-0.0,4,9081,0.000,0.220,-0.002,0.001,-0.003,48.1,-5.9,0
4522,94.24,0.00,3218.4,123.3,-0.0,4,9015,0.000,0.221,-0.001,0.001,-0.003,47.4,-5.8,0
4523,94.26,0.00,3219.1,122.4,-0.0,4,8949,0.000,0.222,-0.001,0.002,-0.003,46.6,-5.7,0
4524,94.28,0.00,3219.9,121.5,-0.0,4,8883,0.000,0.224,-0.002,0.002,-0.003,45.8,-5.6,0
4525,94.30,0.00,3220.6,120.6,-0.0,4,8817,0.000,0.224,-0.002,0.002,-0.003,45.1,-5.5,0
4526,94.32,0.00,3221.4,119.7,-0.0,4,8751,0.000,0.225,-0.001,0.003,-0.003,44.3,-5.7,0
4527,94.35,0.00,3222.1,118.8,-0.0,4,8685,0.000,0.226,-0.001,0.003,-0.003,43.6,-5.6,0
4528,94.37,0.00,3222.8,117.9,-0.0,4,8620,0.000,0.228,0.025,0.003,-0.003,42.9,-5.4,0
4529,94.39,0.00,3223.5,117.0,0.0,4,8554,0.000,0.226,0.021,0.004,-0.004,42.2,-5.2,0
4530,94.41,0.00,3224.2,116.1,0.0,4,8494,0.000,0.223,0.014,0.004,-0.005,41.5,-5.0,0
4531,94.43,0.00,3224.9,115.2,-0.1,4,8430,0.000,0.220,0.006,0.005,-0.007,40.9,-5.0,0
4532,94.46,0.00,3225.7,114.4,-0.1,4,8366,0.000,0.220,0.000,0.006,-0.008,40.2,-5.0,0
4533,94.48,0.00,3226.3,113.5,-0.2,4,8302,0.000,0.221,-0.003,0.006,-0.008,39.6,-5.0,0
4534,94.50,0.00,3227.0,112.7,-0.2,4,8238,0.000,0.223,-0.005,0.007,-0.009,38.9,-4.9,0
4535,94.52,0.00,3227.7,111.8,-0.1,4,8173,0.000,0.225,-0.005,0.008,-0.009,38.2,-5.0,0
4536,94.54,0.00,3228.4,110.9,-0.1,4,8109,0.000,0.229,-0.004,0.009,-0.008,37.5,-4.9,0
4537,94.57,0.00,3229.1,110.0,-0.1,4,8044,0.000,0.232,-0.003,0.010,-0.008,36.8,-4.7,0
4538,94.59,0.00,3229.7,109.2,-0.0,4,7978,0.000,0.234,-0.003,0.011,-0.008,36.1,-4.5,0
4539,94.61,0.00,3230.4,108.3,-0.0,3,9776,0.000,0.237,-0.002,0.011,-0.008,35.4,-3.8,0
4540,94.63,0.00,3231.1,107.5,-0.0,3,9747,0.000,0.242,-0.001,0.012,-0.008,34.7,-3.5,0
4541,94.65,0.00,3231.7,106.6,0.0,3,9544,0.000,0.243,-0.001,0.013,-0.007,34.1,-4.5,0
4542,94.68,0.00,3232.4,105.6,0.0,3,9450,0.000,0.242,0.000,0.014,-0.007,33.4,-4.6,0
4543,94.70,0.00,3233.0,104.6,0.0,3,9361,0.000,0.240,0.001,0.015,-0.007,32.8,-4.7,0
4544,94.72,0.00,3233.7,103.7,0.0,3,9277,0.000,0.238,0.002,0.015,-0.007,32.1,-4.7,0
4545,94.74,0.00,3234.3,102.7,0.0,3,9194,0.000,0.238,0.053,0.016,-0.007,31.5,-4.6,0
4546,94.76,0.00,3234.9,101.8,0.2,3,9111,0.000,0.234,0.047,0.017,-0.008,30.9,-4.3,0
4547,94.79,0.00,3235.5,100.9,0.1,3,9031,0.000,0.227,0.034,0.018,-0.011,30.4,-4.4,0
4548,94.81,0.00,3236.1,100.0,-0.0,3,8955,0.000,0.220,0.020,0.019,-0.013,29.8,-4.6,0
4549,94.83,0.00,3236.7,99.1,-0.1,3,8882,0.000,0.217,0.009,0.021,-0.016,29.3,-4.7,0
4550,94.85,0.00,3237.3,98.2,-0.2,3,8805,0.000,0.216,0.000,0.022,-0.017,28.7,-4.7,0
4551,94.87,0.00,3237.9,97.4,-0.2,3,8732,0.000,0.218,-0.004,0.024,-0.018,28.2,-4.6,0
4552,94.90,0.00,3238.5,96.5,-0.2,3,8657,0.000,0.220,-0.006,0.025,-0.019,27.6,-4.4,0
4553,94.92,0.00,3239.1,95.7,-0.2,3,8581,0.000,0.224,-0.007,0.027,-0.019,27.0,-4.3,0
4554,94.94,0.00,3239.7,94.8,-0.1,3,8503,0.000,0.228,-0.006,0.029,-0.018,26.4,-4.1,0
4555,94.96,0.00,3240.3,93.9,-0.1,3,8423,0.000,0.232,-0.005,0.030,-0.018,25.8,-4.0,0
4556,94.98,0.00,3240.8,93.1,-0.1,3,8343,0.000,0.235,-0.003,0.032,-0.018,25.2,-3.5,0
4557,95.01,0.00,3241.4,92.2,-0.0,3,8262,0.000,0.238,-0.003,0.034,-0.018,24.6,-3.3,0
4558,95.03,0.00,3242.0,91.3,-0.0,3,8181,0.000,0.240,-0.002,0.035,-0.017,24.1,-3.3,0
4559,95.05,0.00,3242.5,90.4,-0.0,3,8100,0.000,0.242,-0.002,0.037,-0.017,23.5,-3.3,0
4560,95.07,0.00,3243.1,89.5,-0.0,3,8019,0.000,0.244,-0.002,0.038,-0.017,22.9,-3.4,0
4561,95.09,0.00,3243.6,88.6,-0.0,3,7925,0.000,0.246,-0.001,0.040,-0.017,22.4,-3.6,0
4562,95.12,0.00,3244.2,87.7,-0.0,3,7848,0.000,0.247,-0.001,0.041,-0.017,21.8,-3.4,0
4563,95.14,0.00,3244.7,86.8,-0.0,3,7772,0.000,0.249,-0.001,0.043,-0.017,21.3,-3.2,0
4564,95.16,0.00,3245.2,85.9,-0.0,3,7693,0.000,0.250,-0.000,0.044,-0.017,20.8,-3.0,0
4565,95.18,0.00,3245.7,85.0,-0.0,3,7613,0.000,0.251,0.000,0.046,-0.017,20.2,-2.9,0
4566,95.20,0.00,3246.3,84.1,-0.0,3,7533,0.000,0.253,0.001,0.047,-0.017,19.7,-2.8,0
4567,95.23,0.00,3246.8,83.2,-0.0,3,7451,0.000,0.254,0.002,0.049,-0.017,19.2,-2.6,0
4568,95.25,0.00,3247.3,82.3,-0.0,3,7369,0.000,0.255,0.004,0.050,-0.017,18.7,-2.3,0
4569,95.27,0.00,3247.8,81.4,-0.0,3,7287,0.000,0.257,0.006,0.052,-0.018,18.2,-2.1,0
4570,95.29,0.00,3248.3,80.5,0.0,3,7204,0.000,0.258,0.010,0.053,-0.018,17.7,-2.0,0
4571,95.31,0.00,3248.8,79.6,0.0,3,7122,0.000,0.258,0.068,0.055,-0.008,17.2,-2.1,0
4572,95.34,0.00,3249.2,78.7,0.1,2,8947,0.000,0.257,0.420,0.054,0.015,16.8,-1.6,0
4573,95.36,0.00,3249.7,77.8,0.5,2,8925,0.000,0.255,0.517,0.053,0.034,16.4,2.3,0
4574,95.38,0.00,3250.2,77.0,0.7,2,8622,0.000,0.238,0.585,0.050,0.048,16.1,5.2,0
4575,95.40,0.00,3250.7,76.0,0.6,2,8510,0.000,0.209,0.633,0.046,0.057,15.9,6.1,0
4576,95.42,0.00,3251.2,75.0,0.5,2,8416,0.000,0.177,0.665,0.042,0.063,15.7,5.4,0
4577,95.45,0.00,3251.6,74.1,0.3,2,8332,0.000,0.143,0.685,0.038,0.067,15.6,3.8,0
4578,95.47,0.00,3252.1,73.3,0.0,2,8260,0.000,0.111,0.693,0.033,0.069,15.5,2.0,0
4579,95.49,0.00,3252.5,72.6,-0.2,2,8200,0.000,0.080,0.693,0.027,0.068,15.5,0.2,0
4580,95.51,0.00,3253.0,72.0,-0.5,2,8152,0.000,0.052,0.686,0.022,0.066,15.5,-1.5,0
4581,95.53,0.00,3253.4,71.4,-0.7,2,8115,0.000,0.027,0.673,0.017,0.063,15.4,-2.9,0
4582,95.56,0.00,3253.8,71.0,-1.0,2,8086,0.000,0.005,0.656,0.011,0.059,15.5,-4.0,0
4583,95.58,0.00,3254.3,70.7,-1.3,2,8065,0.050,0.000,0.636,0.006,0.055,15.5,-5.0,0
4584,95.60,0.00,3254.7,70.4,-1.5,2,8097,0.100,0.000,0.616,0.000,0.050,15.5,-4.5,0
4585,95.62,0.00,3255.1,70.2,-1.7,2,8139,0.150,0.000,0.598,-0.005,0.046,15.5,-3.5,0
4586,95.64,0.00,3255.6,70.1,-2.0,2,8192,0.200,0.000,0.585,-0.010,0.043,15.5,-2.4,0
4587,95.67,0.00,3256.0,70.0,-2.1,2,8255,0.250,0.000,0.576,-0.015,0.041,15.5,-1.2,0
4588,95.69,0.00,3256.4,70.0,-2.2,2,8328,0.300,0.000,0.570,-0.020,0.039,15.5,0.0,0
4589,95.71,0.00,3256.8,70.1,-2.3,2,8413,0.350,0.000,0.567,-0.025,0.038,15.5,1.4,0
4590,95.73,0.00,3257.3,70.2,-2.4,2,8511,0.400,0.000,0.567,-0.031,0.037,15.4,2.8,0
4591,95.75,0.00,3257.7,70.4,-2.5,2,8626,0.450,0.000,0.570,-0.036,0.037,15.4,4.3,0
4592,95.78,0.00,3258.1,70.7,-2.6,2,8764,0.000,0.003,0.575,-0.041,0.037,15.3,6.1,0
4593,95.80,0.00,3258.5,70.7,-2.6,2,8134,0.000,0.011,0.583,-0.047,0.038,15.2,-3.5,0
4594,95.82,0.00,3259.0,70.4,-2.5,2,8041,0.000,0.005,0.595,-0.052,0.039,15.2,-4.3,0
4595,95.84,0.00,3259.4,70.1,-2.4,2,8006,0.050,0.000,0.607,-0.057,0.041,15.1,-4.6,0
4596,95.86,0.00,3259.8,69.9,-2.2,2,8037,0.100,0.000,0.616,-0.063,0.042,15.0,-3.9,0
4597,95.89,0.00,3260.2,69.6,-2.2,2,8077,0.150,0.000,0.621,-0.068,0.041,15.0,-2.9,0
4598,95.91,0.00,3260.6,69.5,-2.1,2,8126,0.200,0.000,0.623,-0.073,0.041,14.9,-1.9,0
4599,95.93,0.00,3261.0,69.4,-2.1,2,8185,0.250,0.000,0.625,-0.078,0.039,14.9,-0.8,0
4600,95.95,0.00,3261.4,69.4,-2.1,2,8253,0.300,0.000,0.626,-0.083,0.038,14.9,0.4,0
4601,95.97,0.00,3261.9,69.5,-2.2,2,8333,0.350,0.000,0.632,-0.088,0.038,14.8,1.6,0
4602,96.00,0.00,3262.3,69.6,-2.2,2,8425,0.400,0.000,0.641,-0.093,0.038,14.8,2.9,0
4603,96.02,0.00,3262.7,69.8,-2.3,2,8534,0.450,0.000,0.653,-0.098,0.038,14.7,4.5,0
4604,96.04,0.00,3263.1,70.1,-2.3,2,8665,0.000,0.003,0.667,-0.103,0.039,14.7,6.3,0
4605,96.06,0.00,3263.5,70.1,-2.3,2,8054,0.000,0.003,0.685,-0.109,0.040,14.6,-2.9,0
4606,96.08,0.00,3263.9,69.8,-2.2,2,7976,0.050,0.000,0.708,-0.114,0.042,14.5,-3.9,0
4607,96.11,0.00,3264.3,69.5,-2.0,2,7999,0.100,0.000,0.730,-0.119,0.044,14.5,-3.2,0
4608,96.13,0.00,3264.7,69.3,-1.9,2,8035,0.150,0.000,0.750,-0.124,0.045,14.4,-2.2,0
4609,96.15,0.00,3265.2,69.1,-1.8,2,8079,0.200,0.000,0.767,-0.129,0.045,14.4,-1.1,0
4610,96.17,0.00,3265.6,69.0,-1.8,2,8133,0.250,0.000,0.783,-0.135,0.045,14.3,0.0,0
4611,96.19,0.00,3265.9,69.0,-1.8,2,8198,0.300,0.000,0.800,-0.140,0.044,14.3,1.2,0
4612,96.22,0.00,3266.4,69.0,-1.9,2,8275,0.350,0.000,0.818,-0.145,0.043,14.3,2.6,0
4613,96.24,0.00,3266.8,69.1,-1.9,2,8366,0.400,0.000,0.839,-0.150,0.041,14.3,4.1,0
4614,96.26,0.00,3267.2,69.2,-2.1,2,8474,0.250,0.000,0.864,-0.155,0.040,14.3,5.8,0
4615,96.28,0.00,3267.6,69.3,-2.1,2,8278,0.300,0.000,0.893,-0.160,0.039,14.3,3.0,0
4616,96.30,0.00,3268.0,69.4,-2.2,2,8318,0.350,0.000,0.930,-0.165,0.039,14.2,3.7,0
4617,96.33,0.00,3268.4,69.4,-2.2,2,8405,0.200,0.000,0.973,-0.170,0.039,14.2,5.3,0
4618,96.35,0.00,3268.8,69.4,-2.2,2,8211,0.250,0.000,1.000,-0.175,0.039,14.1,2.8,0
4619,96.37,0.00,3269.2,69.4,-2.1,2,8246,0.300,0.000,1.000,-0.180,0.040,14.1,3.6,0
4620,96.39,0.00,3269.6,69.3,-2.0,2,8316,0.350,0.000,1.000,-0.185,0.040,14.0,4.9,0
4621,96.41,0.00,3270.0,69.4,-2.0,2,8403,0.200,0.000,1.000,-0.190,0.040,14.0,6.3,0
4622,96.44,0.00,3270.4,69.4,-2.0,2,8206,0.250,0.000,1.000,-0.195,0.040,14.0,3.3,0
4623,96.46,0.00,3270.8,69.3,-2.0,2,8238,0.300,0.000,1.000,-0.200,0.040,13.9,3.8,0
4624,96.48,0.00,3271.2,69.3,-2.0,2,8307,0.350,0.000,1.000,-0.204,0.040,13.9,4.9,0
4625,96.50,0.00,3271.6,69.3,-2.0,2,8395,0.200,0.000,1.000,-0.209,0.039,13.9,6.2,0
4626,96.52,0.00,3271.9,69.3,-2.0,2,8197,0.250,0.000,1.000,-0.214,0.038,13.8,3.2,0
4627,96.55,0.00,3272.3,69.2,-2.0,2,8230,0.300,0.000,1.000,-0.219,0.038,13.8,3.8,0
4628,96.57,0.00,3272.7,69.2,-2.0,2,8299,0.350,0.000,1.000,-0.224,0.037,13.8,4.9,0
4629,96.59,0.00,3273.1,69.2,-2.0,2,8386,0.200,0.000,1.000,-0.229,0.037,13.8,6.2,0
4630,96.61,0.00,3273.5,69.2,-2.0,2,8189,0.250,0.000,1.000,-0.233,0.036,13.7,3.3,0
4631,96.63,0.00,3273.9,69.1,-2.0,2,8222,0.300,0.000,0.944,-0.238,0.036,13.7,3.8,0
4632,96.66,0.00,3274.3,69.1,-2.0,2,8291,0.350,0.000,0.777,-0.242,0.035,13.7,4.6,0
4633,96.68,0.00,3274.7,69.2,-2.0,2,8378,0.400,0.000,0.676,-0.247,0.034,13.7,4.9,0
4634,96.70,0.00,3275.1,69.3,-2.1,2,8486,0.250,0.000,0.611,-0.252,0.033,13.7,5.3,0
4635,96.72,0.00,3275.5,69.5,-2.1,2,8290,0.300,0.000,0.567,-0.256,0.032,13.6,1.4,0
4636,96.74,0.00,3275.9,69.5,-2.1,2,8332,0.350,0.000,0.541,-0.261,0.032,13.6,1.4,0
4637,96.77,0.00,3276.3,69.7,-2.1,2,8418,0.400,0.000,0.526,-0.265,0.032,13.6,2.3,0
4638,96.79,0.00,3276.7,69.9,-2.1,2,8527,0.450,0.000,0.520,-0.269,0.032,13.6,3.5,0
4639,96.81,0.00,3277.0,70.2,-2.1,2,8659,0.000,0.011,0.520,-0.274,0.033,13.6,5.1,0
4640,96.83,0.00,3277.4,70.2,-2.0,2,8058,0.000,0.012,0.526,-0.279,0.034,13.5,-3.8,0
4641,96.85,0.00,3277.8,70.0,-1.9,2,7988,0.050,0.000,0.538,-0.283,0.036,13.6,-4.6,0
4642,96.88,0.00,3278.2,69.7,-1.7,2,8021,0.100,0.000,0.553,-0.288,0.037,13.6,-4.2,0
4643,96.90,0.00,3278.6,69.5,-1.6,2,8059,0.150,0.000,0.568,-0.292,0.037,13.7,-3.4,0
4644,96.92,0.00,3279.0,69.4,-1.5,2,8105,0.200,0.000,0.587,-0.296,0.037,13.8,-2.5,0
4645,96.94,0.00,3279.4,69.4,-1.4,2,8160,0.250,0.000,0.612,-0.300,0.037,14.0,-1.4,0
4646,96.96,0.00,3279.8,69.4,-1.4,2,8225,0.300,0.000,0.647,-0.304,0.036,14.2,-0.3,0
4647,96.99,0.00,3280.2,69.5,-1.4,2,8301,0.350,0.000,0.696,-0.308,0.035,14.5,1.0,0
4648,97.01,0.00,3280.5,69.6,-1.4,2,8391,0.400,0.000,0.759,-0.312,0.033,14.9,2.5,0
4649,97.03,0.00,3280.9,69.8,-1.5,2,8497,0.450,0.000,0.796,-0.316,0.032,15.4,4.3,0
4650,97.05,0.00,3281.3,70.0,-1.6,2,8626,0.300,0.000,0.785,-0.320,0.031,15.9,6.3,0
4651,97.07,0.00,3281.7,70.2,-1.7,2,8438,0.350,0.000,0.773,-0.324,0.030,16.5,3.3,0
4652,97.10,0.00,3282.1,70.4,-1.8,2,8491,0.400,0.000,0.722,-0.328,0.029,17.3,3.8,0
4653,97.12,0.00,3282.5,70.6,-1.8,2,8597,0.450,0.000,0.637,-0.332,0.029,18.2,4.9,0
4654,97.14,0.00,3282.9,70.8,-1.9,2,8733,0.300,0.000,0.582,-0.336,0.029,19.3,6.0,0
4655,97.16,0.00,3283.2,71.0,-1.9,2,8543,0.350,0.000,0.565,-0.340,0.028,20.7,2.3,0
4656,97.18,0.00,3283.6,71.2,-1.9,2,8595,0.400,0.000,0.549,-0.344,0.028,22.4,2.5,0
4657,97.21,0.00,3284.0,71.4,-2.0,2,8704,0.450,0.000,0.532,-0.348,0.028,24.6,3.7,0
4658,97.23,0.00,3284.4,71.7,-2.0,2,8843,0.300,0.000,0.478,-0.352,0.028,27.4,5.2,0
4659,97.25,0.00,3284.8,72.0,-2.1,2,8650,0.350,0.000,0.422,-0.357,0.029,31.2,1.6,0
4660,97.27,0.00,3285.2,72.2,-2.1,2,8701,0.400,0.000,0.398,-0.361,0.030,36.4,1.7,0
4661,97.29,0.00,3285.6,72.4,-2.1,2,8807,0.450,0.000,0.375,-0.365,0.032,43.6,2.7,0
4662,97.32,0.00,3286.0,72.8,-2.1,2,8939,0.500,0.000,0.360,-0.370,0.035,54.2,4.2,0
4663,97.34,0.00,3286.4,73.2,-2.1,2,9102,0.350,0.000,0.337,-0.375,0.039,71.0,5.9,0
4664,97.36,0.00,3286.8,73.6,-2.1,2,8902,0.400,0.000,0.334,-0.380,0.044,102.1,2.2,0
4665,97.38,0.00,3287.2,74.0,-1.9,2,8952,0.450,0.000,0.245,-0.385,0.030,175.6,2.2,0
4666,97.40,0.00,3287.7,74.4,-1.8,2,9067,0.500,0.000,0.153,-0.389,0.015,200.0,2.9,0
4667,97.43,0.00,3288.2,74.9,-1.7,2,9206,0.550,0.000,0.076,-0.391,0.002,200.0,3.9,0
4668,97.45,0.00,3288.6,75.4,-1.9,2,9459,0.400,0.000,0.014,-0.393,-0.008,200.0,6.7,0
4669,97.47,0.00,3289.1,76.0,-1.9,2,9205,0.450,0.000,-0.027,-0.394,-0.015,200.0,1.9,0
4670,97.49,0.00,3289.6,76.6,-1.7,2,9203,0.500,0.000,-0.045,-0.395,-0.018,200.0,0.7,0
4671,97.51,0.00,3290.0,77.2,-1.4,2,9290,0.550,0.000,-0.044,-0.395,-0.018,200.0,1.0,0
4672,97.54,0.00,3290.5,77.8,-1.0,2,9423,0.600,0.000,-0.035,-0.394,-0.017,200.0,1.8,0
4673,97.56,0.00,3291.0,78.5,-0.7,2,9585,0.650,0.000,-0.025,-0.394,-0.015,200.0,3.0,0
4674,97.58,0.00,3291.4,79.3,-0.5,2,9778,0.700,0.000,-0.016,-0.394,-0.013,200.0,4.6,0
4675,97.60,0.00,3291.9,80.1,-0.3,2,10014,0.550,0.000,-0.008,-0.393,-0.012,200.0,6.8,0
4676,97.62,0.00,3292.4,80.5,-0.2,3,7888,0.600,0.000,-0.003,-0.392,-0.011,200.0,-5.9,0
4677,97.65,0.00,3292.9,80.5,-0.1,3,7901,0.650,0.000,0.000,-0.391,-0.011,200.0,-6.0,0
4678,97.67,0.00,3293.4,80.5,-0.1,3,7365,0.700,0.000,0.002,-0.391,-0.010,200.0,-5.5,0
4679,97.69,0.00,3293.9,80.9,-0.0,3,7699,0.750,0.000,0.002,-0.390,-0.010,200.0,0.5,0
4680,97.71,0.00,3294.4,81.4,-0.0,3,7840,0.800,0.000,0.001,-0.389,-0.010,200.0,2.1,0
4681,97.73,0.00,3294.9,82.1,-0.0,3,7968,0.850,0.000,0.001,-0.388,-0.010,200.0,3.5,0
4682,97.76,0.00,3295.4,82.8,-0.0,3,8079,0.900,0.000,-0.000,-0.387,-0.011,200.0,4.4,0
4683,97.78,0.00,3295.9,83.6,-0.0,3,8197,0.750,0.000,-0.001,-0.386,-0.011,200.0,5.3,0
4684,97.80,0.00,3296.4,84.4,-0.0,3,8093,0.800,0.000,-0.001,-0.386,-0.011,200.0,2.0,0
4685,97.82,0.00,3296.9,85.1,-0.0,3,8163,0.850,0.000,-0.001,-0.385,-0.011,200.0,1.9,0
4686,97.84,0.00,3297.5,85.8,-0.0,3,8289,0.900,0.000,-0.000,-0.384,-0.010,200.0,3.0,0
4687,97.87,0.00,3298.0,86.6,-0.0,3,8450,0.950,0.000,-0.000,-0.383,-0.010,200.0,4.7,0
4688,97.89,0.00,3298.5,87.4,-0.0,3,8650,0.800,0.000,-0.000,-0.382,-0.010,200.0,7.0,0
4689,97.91,0.00,3299.1,88.2,0.0,3,8598,0.850,0.000,-0.000,-0.381,-0.010,200.0,4.6,0
4690,97.93,0.00,3299.6,89.0,0.0,3,8691,0.900,0.000,-0.001,-0.380,-0.010,200.0,4.9,0
4691,97.95,0.00,3300.2,89.9,-0.0,3,8852,0.750,0.000,-0.001,-0.379,-0.010,200.0,6.5,0
4692,97.98,0.00,3300.7,90.7,-0.0,3,8771,0.800,0.000,-0.000,-0.378,-0.010,200.0,3.5,0
4693,98.00,0.00,3301.3,91.4,0.0,3,8854,0.850,0.000,-0.000,-0.377,-0.010,200.0,3.6,0
4694,98.02,0.00,3301.8,92.2,0.0,3,9002,0.700,0.000,-0.000,-0.376,-0.010,200.0,5.0,0
4695,98.04,0.00,3302.4,93.0,0.0,3,8918,0.750,0.000,-0.000,-0.375,-0.010,200.0,2.1,0
4696,98.06,0.00,3303.0,93.7,0.0,3,9008,0.800,0.000,-0.000,-0.374,-0.010,200.0,2.4,0
4697,98.09,0.00,3303.5,94.4,0.0,3,9149,0.850,0.000,-0.001,-0.373,-0.010,200.0,3.8,0
4698,98.11,0.00,3304.1,95.2,-0.0,3,9322,0.700,0.000,-0.001,-0.372,-0.010,200.0,5.7,0
4699,98.13,0.00,3304.7,96.0,0.0,3,9234,0.750,0.000,-0.001,-0.371,-0.010,200.0,2.7,0
4700,98.15,0.00,3305.3,96.7,0.0,3,9321,0.800,0.000,-0.000,-0.370,-0.010,200.0,2.9,0
4701,98.17,0.00,3305.9,97.5,0.0,3,9467,0.850,0.000,-0.000,-0.369,-0.010,200.0,4.3,0
4702,98.20,0.00,3306.5,98.3,0.0,3,9635,0.700,0.000,-0.000,-0.368,-0.010,200.0,6.1,0
4703,98.22,0.00,3307.1,99.1,0.0,3,9541,0.750,0.000,-0.000,-0.367,-0.010,200.0,2.9,0
4704,98.24,0.00,3307.7,99.9,0.0,3,9624,0.800,0.000,-0.000,-0.366,-0.010,200.0,3.0,0
4705,98.26,0.00,3308.3,100.6,0.0,3,9760,0.850,0.000,-0.001,-0.365,-0.010,200.0,4.2,0
4706,98.28,0.00,3308.9,101.4,0.0,3,9919,0.700,0.000,-0.001,-0.364,-0.010,200.0,5.9,0
4707,98.31,0.00,3309.6,102.2,0.0,3,9821,0.750,0.000,-0.000,-0.363,-0.010,200.0,2.6,0
4708,98.33,0.00,3310.2,103.0,0.0,3,9905,0.800,0.000,-0.000,-0.362,-0.010,200.0,2.7,0
4709,98.35,0.00,3310.8,103.7,0.0,3,10040,0.850,0.000,-0.000,-0.361,-0.010,200.0,4.0,0
4710,98.37,0.00,3311.4,104.6,0.0,3,10200,0.700,0.000,-0.001,-0.360,-0.010,200.0,5.6,0
4711,98.39,0.00,3312.1,105.3,0.0,3,10105,0.750,0.000,-0.001,-0.359,-0.010,200.0,2.4,0
4712,98.42,0.00,3312.7,106.1,0.0,3,10193,0.800,0.000,-0.000,-0.358,-0.010,200.0,2.7,0
4713,98.44,0.00,3313.4,106.8,0.0,3,10329,0.850,0.000,-0.000,-0.357,-0.010,200.0,3.9,0
4714,98.46,0.00,3314.0,107.6,0.0,3,10547,0.700,0.000,-0.000,-0.356,-0.010,200.0,6.6,0
4715,98.48,0.00,3314.7,108.4,0.0,3,10445,0.750,0.000,-0.000,-0.355,-0.010,200.0,3.4,0
4716,98.50,0.00,3315.4,109.1,0.0,3,10504,0.800,0.000,-0.001,-0.354,-0.010,200.0,3.1,0
4717,98.53,0.00,3316.0,109.9,0.0,3,10619,0.850,0.000,-0.001,-0.353,-0.010,200.0,3.9,0
4718,98.55,0.00,3316.7,110.7,0.0,3,10757,0.700,0.000,-0.000,-0.352,-0.010,200.0,5.1,0
4719,98.57,0.00,3317.4,111.1,0.0,4,8704,0.750,0.000,-0.001,-0.350,-0.010,200.0,-8.0,0
4720,98.59,0.00,3318.1,111.0,-0.0,4,8714,0.800,0.000,-0.001,-0.349,-0.010,200.0,-8.2,0
4721,98.61,0.00,3318.7,110.9,-0.0,4,8242,0.850,0.000,-0.001,-0.348,-0.010,200.0,-7.9,0
4722,98.64,0.00,3319.4,111.3,0.0,4,8592,0.900,0.000,-0.000,-0.347,-0.009,200.0,0.1,0
4723,98.66,0.00,3320.1,111.9,0.0,4,8686,0.950,0.000,-0.000,-0.346,-0.009,200.0,1.3,0
4724,98.68,0.00,3320.8,112.6,0.0,4,8772,1.000,0.000,-0.000,-0.345,-0.009,200.0,2.1,0
4725,98.70,0.00,3321.5,113.3,0.0,4,8884,1.000,0.000,-0.000,-0.344,-0.009,200.0,3.5,0
4726,98.72,0.00,3322.2,114.1,0.0,4,8951,1.000,0.000,-0.000,-0.343,-0.009,200.0,3.7,0
4727,98.75,0.00,3322.9,114.9,0.0,4,9005,1.000,0.000,-0.001,-0.342,-0.009,200.0,3.6,0
4728,98.77,0.00,3323.6,115.7,0.0,4,9060,1.000,0.000,-0.001,-0.341,-0.009,200.0,3.5,0
4729,98.79,0.00,3324.3,116.5,0.0,4,9119,1.000,0.000,-0.001,-0.340,-0.009,200.0,3.4,0
4730,98.81,0.00,3325.0,117.3,0.0,4,9184,1.000,0.000,-0.000,-0.339,-0.009,200.0,3.5,0
4731,98.83,0.00,3325.7,118.1,0.0,4,9253,1.000,0.000,-0.000,-0.337,-0.009,200.0,3.7,0
4732,98.86,0.00,3326.4,118.9,0.0,4,9323,1.000,0.000,-0.000,-0.336,-0.009,200.0,3.9,0
4733,98.88,0.00,3327.2,119.7,0.0,4,9393,1.000,0.000,-0.000,-0.335,-0.009,200.0,4.1,0
4734,98.90,0.00,3327.9,120.5,0.0,4,9461,1.000,0.000,-0.000,-0.334,-0.009,200.0,4.2,0
4735,98.92,0.00,3328.6,121.3,0.0,4,9528,1.000,0.000,-0.001,-0.333,-0.009,200.0,4.3,0
4736,98.94,0.00,3329.4,122.1,0.0,4,9589,1.000,0.000,-0.001,-0.332,-0.009,200.0,4.2,0
4737,98.97,0.00,3330.1,122.9,0.0,4,9647,1.000,0.000,-0.000,-0.331,-0.009,200.0,4.1,0
4738,98.99,0.00,3330.9,123.7,0.0,4,9703,1.000,0.000,-0.000,-0.330,-0.009,200.0,4.0,0
4739,99.01,0.00,3331.7,124.6,0.0,4,9760,1.000,0.000,-0.000,-0.328,-0.009,200.0,3.8,0
4740,99.03,0.00,3332.4,125.4,0.0,4,9818,1.000,0.000,-0.000,-0.327,-0.009,200.0,3.7,0
4741,99.05,0.00,3333.2,126.2,0.0,4,9876,1.000,0.000,-0.001,-0.326,-0.009,200.0,3.6,0
4742,99.08,0.00,3334.0,127.0,0.0,4,9935,1.000,0.000,-0.001,-0.325,-0.009,200.0,3.5,0
4743,99.10,0.00,3334.7,127.8,0.0,4,9994,1.000,0.000,-0.000,-0.324,-0.009,200.0,3.4,0
4744,99.12,0.00,3335.5,128.6,0.0,4,10053,1.000,0.000,-0.000,-0.323,-0.009,200.0,3.3,0
4745,99.14,0.00,3336.3,129.4,0.0,4,10100,1.000,0.000,-0.000,-0.321,-0.009,200.0,3.0,0
4746,99.16,0.00,3337.1,130.2,0.0,4,10158,1.000,0.000,-0.000,-0.320,-0.009,200.0,2.9,0
4747,99.19,0.00,3337.9,131.0,0.0,4,10221,1.000,0.000,-0.001,-0.319,-0.009,200.0,2.9,0
4748,99.21,0.00,3338.7,131.8,0.0,4,10287,1.000,0.000,-0.001,-0.318,-0.009,200.0,3.0,0
4749,99.23,0.00,3339.5,132.6,0.0,4,10351,1.000,0.000,-0.000,-0.317,-0.009,200.0,3.0,0
4750,99.25,0.00,3340.3,133.4,0.0,4,10411,1.000,0.000,-0.000,-0.316,-0.009,200.0,3.0,0
4751,99.27,0.00,3341.1,134.2,0.0,4,10469,1.000,0.000,-0.000,-0.314,-0.009,200.0,2.9,0
4752,99.30,0.00,3342.0,135.0,0.0,4,10524,1.000,0.000,-0.001,-0.313,-0.009,200.0,2.8,0
4753,99.32,0.00,3342.8,135.8,0.0,4,10578,1.000,0.000,-0.000,-0.312,-0.009,200.0,2.6,0
4754,99.34,0.00,3343.6,136.6,0.0,4,10605,1.000,0.000,-0.000,-0.311,-0.008,200.0,1.8,0
4755,99.36,0.00,3344.5,137.4,0.0,4,10660,1.000,0.000,-0.001,-0.310,-0.008,200.0,1.6,0
4756,99.38,0.00,3345.3,138.2,0.0,4,10729,1.000,0.000,-0.001,-0.309,-0.008,200.0,1.8,0
4757,99.41,0.00,3346.2,138.9,0.0,4,10803,1.000,0.000,-0.000,-0.307,-0.008,200.0,2.1,0
4758,99.43,0.00,3347.0,139.7,0.0,4,10872,1.000,0.000,-0.000,-0.306,-0.008,200.0,2.4,0
4759,99.45,0.00,3347.9,140.5,0.0,4,10932,1.000,0.000,-0.000,-0.305,-0.008,200.0,2.3,0
4760,99.47,0.00,3348.7,140.8,0.0,5,9815,1.000,0.000,-0.001,-0.304,-0.008,200.0,-9.9,0
4761,99.49,0.00,3349.6,140.7,-0.0,5,9820,1.000,0.000,-0.001,-0.303,-0.008,200.0,-10.4,0
4762,99.52,0.00,3350.4,140.6,-0.0,5,9377,1.000,0.000,-0.001,-0.301,-0.008,200.0,-10.3,0
4763,99.54,0.00,3351.3,140.9,0.0,5,9738,1.000,0.000,-0.000,-0.300,-0.008,200.0,-1.0,0
4764,99.56,0.00,3352.2,141.6,0.0,5,9803,1.000,0.000,-0.000,-0.299,-0.008,200.0,-0.3,0
4765,99.58,0.00,3353.0,142.3,0.0,5,9851,1.000,0.000,-0.000,-0.298,-0.008,200.0,-0.3,0
4766,99.60,0.00,3353.9,143.0,0.0,5,9899,1.000,0.000,-0.000,-0.297,-0.008,200.0,-0.2,0
4767,99.63,0.00,3354.8,143.6,0.0,5,9948,1.000,0.000,-0.001,-0.295,-0.008,200.0,-0.2,0
4768,99.65,0.00,3355.7,144.3,0.0,5,9995,1.000,0.000,-0.001,-0.294,-0.008,200.0,-0.2,0
4769,99.67,0.00,3356.5,145.0,0.0,5,10040,1.000,0.000,-0.000,-0.293,-0.008,200.0,-0.2,0
4770,99.69,0.00,3357.4,145.7,0.0,5,10080,1.000,0.000,-0.000,-0.292,-0.008,200.0,-0.3,0
4771,99.71,0.00,3358.3,146.4,0.0,5,10084,1.000,0.000,-0.000,-0.291,-0.008,200.0,-1.5,0
4772,99.74,0.00,3359.2,147.0,0.0,5,10130,1.000,0.000,-0.000,-0.289,-0.008,200.0,-1.5,0
4773,99.76,0.00,3360.1,147.7,0.0,5,10191,1.000,0.000,-0.001,-0.288,-0.008,200.0,-1.2,0
4774,99.78,0.00,3361.0,148.3,0.0,5,10254,1.000,0.000,-0.001,-0.287,-0.008,200.0,-0.7,0
4775,99.80,0.00,3361.9,149.0,0.0,5,10310,1.000,0.000,-0.000,-0.286,-0.008,200.0,-0.4,0
4776,99.82,0.00,3362.8,149.6,0.0,5,10355,1.000,0.000,-0.000,-0.285,-0.008,200.0,-0.5,0
4777,99.85,0.00,3363.8,150.3,0.0,5,10395,1.000,0.000,-0.000,-0.284,-0.008,200.0,-0.6,0
4778,99.87,0.00,3364.7,150.9,0.0,5,10434,1.000,0.000,-0.001,-0.282,-0.008,200.0,-0.7,0
4779,99.89,0.00,3365.6,151.7,0.0,5,10424,1.000,0.000,-0.001,-0.281,-0.008,200.0,-2.3,0
4780,99.91,0.00,3366.5,152.3,0.0,5,10468,1.000,0.000,-0.000,-0.280,-0.008,200.0,-2.3,0
4781,99.93,0.00,3367.5,152.9,0.0,5,10531,1.000,0.000,-0.000,-0.279,-0.008,200.0,-1.9,0
4782,99.96,0.00,3368.4,153.6,0.0,5,10598,1.000,0.000,-0.000,-0.278,-0.008,200.0,-1.2,0
4783,99.98,0.00,3369.3,154.2,0.0,5,10656,1.000,0.000,-0.000,-0.276,-0.008,200.0,-0.9,0
4784,100.00,0.00,3370.3,154.8,0.0,5,10701,1.000,0.000,-0.001,-0.275,-0.008,200.0,-0.9,0
4785,100.02,0.00,3371.2,155.5,0.0,5,10740,1.000,0.000,-0.001,-0.274,-0.007,200.0,-1.0,0
4786,100.04,0.00,3372.2,156.2,0.0,5,10752,1.000,0.000,-0.000,-0.273,-0.007,200.0,-1.7,0
4787,100.07,0.00,3373.2,156.8,0.0,5,10755,1.000,0.000,-0.000,-0.272,-0.007,200.0,-3.1,0
4788,100.09,0.00,3374.1,157.5,0.0,5,10804,1.000,0.000,-0.000,-0.270,-0.007,200.0,-2.9,0
4789,100.11,0.00,3375.1,158.1,0.0,5,10872,1.000,0.000,-0.000,-0.269,-0.007,200.0,-2.3,0
4790,100.13,0.00,3376.0,158.7,0.0,5,10940,1.000,0.000,-0.001,-0.268,-0.007,200.0,-1.6,0
4791,100.15,0.00,3377.0,159.3,0.0,5,10996,1.000,0.000,-0.001,-0.267,-0.007,200.0,-1.3,0
4792,100.18,0.00,3378.0,159.9,0.0,5,11040,1.000,0.000,-0.000,-0.266,-0.007,200.0,-1.3,0
4793,100.20,0.00,3379.0,160.6,0.0,5,11079,0.990,0.000,-0.000,-0.264,-0.007,200.0,-1.4,0
4794,100.22,0.00,3379.9,161.2,0.0,5,11069,0.980,0.000,-0.000,-0.263,-0.007,200.0,-2.8,0
4795,100.24,0.00,3380.9,161.9,0.0,5,11097,0.970,0.000,-0.000,-0.262,-0.007,200.0,-3.3,0
4796,100.26,0.00,3381.9,162.4,0.0,5,11144,0.960,0.000,-0.000,-0.261,-0.007,200.0,-3.1,0
4797,100.29,0.00,3382.9,163.0,0.0,5,11198,0.950,0.000,-0.001,-0.260,-0.007,200.0,-2.8,0
4798,100.31,0.00,3383.9,163.6,0.0,5,11246,0.940,0.000,-0.001,-0.259,-0.007,200.0,-2.5,0
4799,100.33,0.00,3384.9,164.1,0.0,5,11284,0.930,0.000,-0.000,-0.257,-0.007,200.0,-2.6,0
4800,100.35,0.00,3385.9,164.7,0.0,5,11316,0.920,0.000,-0.000,-0.256,-0.007,200.0,-2.8,0
4801,100.37,0.00,3386.9,165.2,0.0,5,11345,0.910,0.000,-0.000,-0.255,-0.007,200.0,-3.0,0
4802,100.40,0.00,3387.9,165.8,0.0,5,11354,0.900,0.000,-0.000,-0.254,-0.007,200.0,-3.8,0
4803,100.42,0.00,3389.0,166.3,0.0,5,11383,0.890,0.000,-0.001,-0.253,-0.007,200.0,-4.0,0
4804,100.44,0.00,3390.0,166.8,0.0,5,11418,0.880,0.000,-0.001,-0.251,-0.007,200.0,-4.0,0
4805,100.46,0.00,3391.0,167.3,0.0,5,11455,0.870,0.000,-0.000,-0.250,-0.007,200.0,-4.0,0
4806,100.48,0.00,3392.0,167.8,0.0,5,11488,0.860,0.000,-0.000,-0.249,-0.007,200.0,-4.0,0
4807,100.51,0.00,3393.1,168.3,0.0,5,11517,0.850,0.000,-0.000,-0.248,-0.007,200.0,-4.1,0
4808,100.53,0.00,3394.1,168.8,0.0,5,11543,0.840,0.000,-0.000,-0.247,-0.007,200.0,-4.3,0
4809,100.55,0.00,3395.1,169.2,0.0,5,11558,0.830,0.000,-0.001,-0.246,-0.007,200.0,-4.7,0
4810,100.57,0.00,3396.2,169.7,0.0,5,11576,0.820,0.000,-0.001,-0.244,-0.007,200.0,-5.2,0
4811,100.59,0.00,3397.2,170.1,0.0,5,11603,0.810,0.000,-0.000,-0.243,-0.007,200.0,-5.3,0
4812,100.62,0.00,3398.2,170.2,0.0,6,10630,0.800,0.000,-0.000,-0.242,-0.007,200.0,-12.3,0
4813,100.64,0.00,3399.3,170.0,0.0,6,10629,0.790,0.000,-0.000,-0.241,-0.007,200.0,-12.6,0
4814,100.66,0.00,3400.3,169.8,0.0,5,11325,0.780,0.000,-0.000,-0.240,-0.007,200.0,-12.6,0
4815,100.68,0.00,3401.3,169.6,0.0,5,11321,0.770,0.000,-0.001,-0.239,-0.007,200.0,-12.6,0
4816,100.70,0.00,3402.4,169.3,0.0,5,11286,0.760,0.000,-0.001,-0.238,-0.007,200.0,-12.7,0
4817,100.73,0.00,3403.4,169.5,0.0,5,11539,0.750,0.000,-0.000,-0.236,-0.006,200.0,-6.0,0
4818,100.75,0.00,3404.4,169.9,0.0,5,11561,0.740,0.000,-0.000,-0.235,-0.006,200.0,-6.0,0
4819,100.77,0.00,3405.5,170.2,0.0,5,11580,0.730,0.000,-0.000,-0.234,-0.006,200.0,-6.1,0
4820,100.79,0.00,3406.5,170.3,0.0,6,10609,0.720,0.000,-0.000,-0.233,-0.006,200.0,-12.4,0
4821,100.81,0.00,3407.6,170.0,0.0,6,10608,0.710,0.000,-0.000,-0.232,-0.006,200.0,-12.6,0
4822,100.84,0.00,3408.6,169.8,0.0,6,10381,0.700,0.000,-0.001,-0.231,-0.006,200.0,-12.6,0
4823,100.86,0.00,3409.7,169.7,0.0,5,11399,0.690,0.000,-0.000,-0.230,-0.006,200.0,-12.5,0
4824,100.88,0.00,3410.7,169.4,0.0,5,11394,0.680,0.000,-0.000,-0.229,-0.006,200.0,-12.6,0
4825,100.90,0.00,3411.7,169.2,0.0,5,11278,0.670,0.000,-0.000,-0.228,-0.006,200.0,-12.7,0
4826,100.92,0.00,3412.8,169.3,0.0,5,11495,0.660,0.000,-0.000,-0.227,-0.006,200.0,-6.9,0
4827,100.95,0.00,3413.8,169.6,0.0,5,11514,0.650,0.000,-0.000,-0.226,-0.006,200.0,-6.8,0
4828,100.97,0.00,3414.8,169.9,0.0,5,11528,0.640,0.000,-0.000,-0.224,-0.006,200.0,-6.9,0
4829,100.99,0.00,3415.9,170.2,0.0,5,11542,0.630,0.000,-0.001,-0.223,-0.006,200.0,-7.0,0
4830,101.01,0.00,3416.9,170.2,-0.0,6,10575,0.620,0.000,-0.001,-0.222,-0.006,200.0,-12.4,0
4831,101.03,0.00,3417.9,169.9,0.0,6,10575,0.610,0.000,-0.000,-0.221,-0.006,200.0,-12.6,0
4832,101.06,0.00,3419.0,169.7,0.0,5,11321,0.600,0.000,-0.000,-0.220,-0.006,200.0,-12.6,0
4833,101.08,0.00,3420.0,169.5,0.0,5,11317,0.590,0.000,-0.000,-0.219,-0.006,200.0,-12.6,0
4834,101.10,0.00,3421.1,169.3,0.0,5,11282,0.580,0.000,-0.000,-0.218,-0.006,200.0,-12.7,0
4835,101.12,0.00,3422.1,169.3,0.0,5,11465,0.570,0.000,-0.000,-0.217,-0.006,200.0,-7.7,0
4836,101.14,0.00,3423.1,169.5,0.0,5,11476,0.560,0.000,-0.001,-0.216,-0.006,200.0,-7.7,0
4837,101.17,0.00,3424.2,169.7,0.0,5,11484,0.550,0.000,-0.000,-0.215,-0.006,200.0,-7.9,0
4838,101.19,0.00,3425.2,169.9,0.0,5,11491,0.540,0.000,-0.000,-0.214,-0.006,200.0,-8.0,0
4839,101.21,0.00,3426.2,170.1,0.0,5,11493,0.530,0.000,-0.000,-0.213,-0.006,200.0,-8.3,0
4840,101.23,0.00,3427.3,170.0,0.0,6,10530,0.520,0.000,-0.000,-0.212,-0.006,200.0,-12.5,0
4841,101.25,0.00,3428.3,169.8,0.0,6,10530,0.510,0.000,-0.000,-0.211,-0.006,200.0,-12.6,0
4842,101.28,0.00,3429.3,169.6,0.0,5,11313,0.500,0.000,-0.001,-0.210,-0.006,200.0,-12.6,0
4843,101.30,0.00,3430.4,169.4,0.0,5,11309,0.490,0.000,-0.000,-0.209,-0.006,200.0,-12.6,0
4844,101.32,0.00,3431.4,169.1,0.0,5,11274,0.480,0.000,-0.000,-0.208,-0.006,200.0,-12.6,0
4845,101.34,0.00,3432.5,169.1,0.0,5,11415,0.470,0.000,-0.000,-0.207,-0.006,200.0,-8.7,0
4846,101.36,0.00,3433.5,169.3,0.0,5,11419,0.460,0.000,-0.000,-0.206,-0.006,200.0,-8.8,0
4847,101.39,0.00,3434.5,169.4,0.0,5,11415,0.450,0.000,-0.000,-0.205,-0.006,200.0,-9.1,0
4848,101.41,0.00,3435.6,169.4,0.0,5,11417,0.440,0.000,-0.001,-0.204,-0.006,200.0,-9.2,0
4849,101.43,0.00,3436.6,169.5,0.0,5,11420,0.430,0.000,-0.000,-0.203,-0.006,200.0,-9.3,0
4850,101.45,0.00,3437.6,169.6,0.0,5,11424,0.420,0.000,-0.000,-0.202,-0.006,200.0,-9.3,0
4851,101.47,0.00,3438.7,169.7,0.0,5,11426,0.410,0.000,-0.000,-0.201,-0.006,200.0,-9.4,0
4852,101.50,0.00,3439.7,169.7,0.0,5,11426,0.400,0.000,-0.000,-0.200,-0.006,200.0,-9.5,0
4853,101.52,0.00,3440.7,169.8,0.0,5,11426,0.390,0.000,-0.000,-0.199,-0.006,200.0,-9.6,0
4854,101.54,0.00,3441.8,169.8,0.0,5,11421,0.380,0.000,-0.000,-0.198,-0.006,200.0,-9.8,0
4855,101.56,0.00,3442.8,169.8,0.0,5,11418,0.370,0.000,-0.000,-0.197,-0.006,200.0,-9.9,0
4856,101.58,0.00,3443.9,169.8,0.0,5,11416,0.360,0.000,-0.000,-0.196,-0.006,200.0,-10.0,0
4857,101.61,0.00,3444.9,169.8,0.0,5,11414,0.350,0.000,-0.000,-0.195,-0.006,200.0,-10.1,0
4858,101.63,0.00,3445.9,169.8,0.0,5,11411,0.340,0.000,-0.000,-0.194,-0.006,200.0,-10.1,0
4859,101.65,0.00,3447.0,169.8,0.0,5,11407,0.330,0.000,-0.000,-0.193,-0.006,200.0,-10.2,0
4860,101.67,0.00,3448.0,169.8,0.0,5,11402,0.320,0.000,-0.001,-0.192,-0.006,200.0,-10.3,0
4861,101.69,0.00,3449.0,169.8,-0.0,5,11396,0.310,0.000,-0.000,-0.191,-0.006,200.0,-10.4,0
4862,101.72,0.00,3450.1,169.7,0.0,5,11387,0.300,0.000,-0.000,-0.190,-0.006,200.0,-10.6,0
4863,101.74,0.00,3451.1,169.7,0.0,5,11380,0.290,0.000,0.000,-0.189,-0.006,200.0,-10.7,0
4864,101.76,0.00,3452.2,169.6,0.0,5,11374,0.280,0.000,0.000,-0.188,-0.006,200.0,-10.8,0
4865,101.78,0.00,3453.2,169.6,0.0,5,11367,0.270,0.000,0.000,-0.187,-0.006,200.0,-10.9,0
4866,101.80,0.00,3454.2,169.5,0.0,5,11358,0.260,0.000,0.000,-0.186,-0.006,200.0,-10.9,0
4867,101.83,0.00,3455.3,169.4,0.0,5,11349,0.250,0.000,0.000,-0.185,-0.006,200.0,-11.0,0
4868,101.85,0.00,3456.3,169.3,0.0,5,11339,0.240,0.000,0.000,-0.184,-0.006,200.0,-11.1,0
4869,101.87,0.00,3457.3,169.2,0.0,5,11327,0.230,0.000,0.000,-0.183,-0.006,200.0,-11.3,0
4870,101.89,0.00,3458.4,169.1,0.0,5,11316,0.220,0.000,0.000,-0.182,-0.006,200.0,-11.4,0
4871,101.91,0.00,3459.4,169.0,0.0,5,11304,0.210,0.000,0.000,-0.181,-0.006,200.0,-11.4,0
4872,101.94,0.00,3460.4,168.8,0.0,5,11292,0.200,0.000,0.000,-0.180,-0.006,200.0,-11.5,0
4873,101.96,0.00,3461.5,168.7,0.0,5,11280,0.190,0.000,0.000,-0.179,-0.006,200.0,-11.6,0
4874,101.98,0.00,3462.5,168.5,0.0,5,11267,0.180,0.000,0.000,-0.178,-0.006,199.4,-11.7,0
4875,102.00,0.00,3463.5,168.4,0.0,5,11252,0.170,0.000,-0.000,-0.177,-0.006,198.3,-11.8,0
4876,102.02,0.00,3464.6,168.2,0.0,5,11238,0.160,0.000,-0.000,-0.177,-0.006,197.2,-11.9,0
4877,102.05,0.00,3465.6,168.0,0.0,5,11222,0.150,0.000,-0.000,-0.176,-0.006,196.1,-12.0,0
4878,102.07,0.00,3466.6,167.9,0.0,5,11206,0.140,0.000,-0.000,-0.175,-0.006,195.1,-12.1,0
4879,102.09,0.00,3467.6,167.7,0.0,5,11190,0.130,0.000,-0.000,-0.174,-0.006,194.0,-12.2,0
4880,102.11,0.00,3468.7,167.5,0.0,5,11173,0.120,0.000,0.000,-0.173,-0.006,192.9,-12.2,0
4881,102.13,0.00,3469.7,167.3,0.0,5,11156,0.110,0.000,0.005,-0.172,-0.006,191.9,-12.3,0
4882,102.16,0.00,3470.7,167.0,0.0,5,11138,0.100,0.000,0.004,-0.171,-0.006,191.0,-12.4,0
4883,102.18,0.00,3471.7,166.8,-0.0,5,11119,0.090,0.000,0.002,-0.170,-0.006,190.3,-12.5,0
4884,102.20,0.00,3472.7,166.6,-0.0,5,11100,0.080,0.000,-0.000,-0.169,-0.006,189.5,-12.6,0
4885,102.22,0.00,3473.8,166.3,-0.1,5,11080,0.070,0.000,-0.001,-0.168,-0.007,188.7,-12.7,0
4886,102.24,0.00,3474.8,166.1,-0.1,5,11059,0.060,0.000,-0.002,-0.167,-0.007,187.7,-12.7,0
4887,102.27,0.00,3475.8,165.8,-0.1,5,11038,0.050,0.000,-0.002,-0.166,-0.007,186.6,-12.8,0
4888,102.29,0.00,3476.8,165.6,-0.0,5,11017,0.040,0.000,-0.001,-0.164,-0.007,185.4,-12.9,0
4889,102.31,0.00,3477.8,165.3,-0.0,5,10995,0.030,0.000,-0.000,-0.163,-0.007,184.3,-13.0,0
4890,102.33,0.00,3478.8,165.0,-0.0,5,10972,0.020,0.000,-0.000,-0.162,-0.007,183.2,-13.1,0
4891,102.35,0.00,3479.8,164.7,-0.0,5,10949,0.010,0.000,-0.001,-0.161,-0.007,182.2,-13.2,0
4892,102.38,0.00,3480.8,164.4,-0.0,5,10926,0.000,0.000,-0.001,-0.160,-0.007,181.2,-13.2,0
4893,102.40,0.00,3481.8,164.1,-0.0,5,10902,0.000,0.000,-0.001,-0.159,-0.007,180.2,-13.3,0
4894,102.42,0.00,3482.8,163.8,-0.0,5,10881,0.000,0.000,-0.001,-0.158,-0.007,179.2,-13.3,0
4895,102.44,0.00,3483.8,163.5,-0.0,5,10860,0.000,0.000,-0.001,-0.157,-0.007,178.2,-13.3,0
4896,102.46,0.00,3484.8,163.2,-0.0,5,10839,0.000,0.000,-0.001,-0.156,-0.007,177.1,-13.2,0
4897,102.49,0.00,3485.8,162.9,-0.0,5,10819,0.000,0.000,-0.002,-0.155,-0.007,176.1,-13.2,0
4898,102.51,0.00,3486.8,162.5,-0.0,5,10799,0.000,0.000,-0.002,-0.154,-0.007,175.1,-13.2,0
4899,102.53,0.00,3487.8,162.2,-0.0,5,10778,0.000,0.000,-0.001,-0.153,-0.007,174.0,-13.1,0
4900,102.55,0.00,3488.8,161.9,-0.0,5,10759,0.000,0.000,-0.001,-0.152,-0.007,172.9,-13.1,0
4901,102.57,0.00,3489.8,161.6,-0.0,5,10739,0.000,0.000,-0.001,-0.150,-0.007,171.9,-13.1,0
4902,102.60,0.00,3490.8,161.3,-0.0,5,10718,0.000,0.000,-0.001,-0.149,-0.007,170.9,-13.1,0
4903,102.62,0.00,3491.8,161.0,-0.0,5,10698,0.000,0.000,-0.002,-0.148,-0.007,169.9,-13.0,0
4904,102.64,0.00,3492.8,160.7,-0.0,5,10678,0.000,0.000,-0.001,-0.147,-0.007,168.8,-13.0,0
4905,102.66,0.00,3493.7,160.4,-0.0,5,10658,0.000,0.000,-0.001,-0.146,-0.007,167.8,-13.0,0
4906,102.68,0.00,3494.7,160.1,-0.0,5,10638,0.000,0.000,-0.001,-0.145,-0.007,166.8,-13.0,0
4907,102.71,0.00,3495.7,159.8,-0.0,5,10619,0.050,0.000,-0.002,-0.144,-0.007,165.8,-12.9,0
4908,102.73,0.00,3496.7,159.6,-0.0,5,10619,0.100,0.000,-0.001,-0.143,-0.007,164.7,-12.4,0
4909,102.75,0.00,3497.6,159.3,-0.0,5,10623,0.150,0.000,-0.001,-0.142,-0.007,163.6,-11.9,0
4910,102.77,0.00,3498.6,159.2,-0.0,5,10630,0.200,0.000,-0.001,-0.141,-0.007,162.6,-11.3,0
4911,102.79,0.00,3499.6,159.0,-0.0,5,10639,0.250,0.000,-0.000,-0.140,-0.006,161.5,-10.8,0
4912,102.82,0.00,3500.6,159.0,0.0,5,10652,0.300,0.000,-0.000,-0.139,-0.006,160.4,-10.3,0
4913,102.84,0.00,3501.5,158.9,0.0,5,10668,0.350,0.000,-0.000,-0.138,-0.006,159.4,-9.8,0
4914,102.86,0.00,3502.5,158.9,0.0,5,10687,0.400,0.000,-0.000,-0.137,-0.006,158.3,-9.2,0
4915,102.88,0.00,3503.5,159.0,0.0,5,10708,0.450,0.000,-0.001,-0.136,-0.006,157.3,-8.7,0
4916,102.90,0.00,3504.4,159.1,0.0,5,10732,0.500,0.000,-0.001,-0.135,-0.006,156.3,-8.3,0
4917,102.93,0.00,3505.4,159.2,0.0,5,10760,0.550,0.000,-0.000,-0.134,-0.006,155.2,-7.7,0
4918,102.95,0.00,3506.4,159.4,0.0,5,10792,0.600,0.000,-0.000,-0.133,-0.006,154.2,-7.2,0
4919,102.97,0.00,3507.4,159.6,0.0,5,10828,0.650,0.000,-0.000,-0.132,-0.006,153.1,-6.6,0
4920,102.99,0.00,3508.3,159.9,0.0,5,10867,0.700,0.000,-0.000,-0.131,-0.006,152.1,-6.1,0
4921,103.01,0.00,3509.3,160.2,0.0,5,10909,0.690,0.000,-0.000,-0.130,-0.006,151.1,-5.5,0
4922,103.04,0.00,3510.3,160.6,0.0,5,10928,0.680,0.000,-0.001,-0.129,-0.006,150.1,-5.6,0
4923,103.06,0.00,3511.3,160.9,0.0,5,10944,0.670,0.000,-0.001,-0.128,-0.006,149.0,-5.8,0
4924,103.08,0.00,3512.3,161.2,0.0,5,10959,0.660,0.000,-0.000,-0.127,-0.006,147.9,-6.0,0
4925,103.10,0.00,3513.2,161.5,0.0,5,10975,0.650,0.000,-0.000,-0.126,-0.006,146.9,-6.1,0
4926,103.12,0.00,3514.2,161.8,0.0,5,10992,0.640,0.000,-0.000,-0.125,-0.006,145.8,-6.3,0
4927,103.15,0.00,3515.2,162.1,0.0,5,11008,0.630,0.000,-0.000,-0.124,-0.006,144.8,-6.4,0
4928,103.17,0.00,3516.2,162.4,0.0,5,11023,0.620,0.000,-0.000,-0.123,-0.006,143.7,-6.5,0
4929,103.19,0.00,3517.2,162.6,0.0,5,11036,0.610,0.000,-0.001,-0.122,-0.006,142.7,-6.6,0
4930,103.21,0.00,3518.2,162.9,0.0,5,11049,0.600,0.000,-0.001,-0.121,-0.006,141.6,-6.7,0
4931,103.23,0.00,3519.2,163.1,0.0,5,11061,0.590,0.000,-0.000,-0.120,-0.006,140.5,-6.9,0
4932,103.26,0.00,3520.2,163.4,0.0,5,11072,0.580,0.000,-0.000,-0.119,-0.006,139.5,-7.0,0
4933,103.28,0.00,3521.2,163.6,0.0,5,11083,0.570,0.000,-0.000,-0.118,-0.006,138.4,-7.2,0
4934,103.30,0.00,3522.2,163.8,0.0,5,11094,0.560,0.000,-0.000,-0.117,-0.006,137.3,-7.3,0
4935,103.32,0.00,3523.2,164.0,0.0,5,11104,0.550,0.000,-0.000,-0.116,-0.006,136.3,-7.4,0
4936,103.34,0.00,3524.2,164.2,0.0,5,11113,0.540,0.000,-0.000,-0.115,-0.006,135.3,-7.5,0
4937,103.37,0.00,3525.2,164.4,0.0,5,11122,0.530,0.000,-0.000,-0.114,-0.006,134.2,-7.6,0
4938,103.39,0.00,3526.2,164.6,0.0,5,11129,0.520,0.000,0.017,-0.113,-0.006,133.2,-7.8,0
4939,103.41,0.00,3527.2,164.7,0.0,5,11136,0.510,0.000,0.014,-0.112,-0.006,132.5,-7.9,0
4940,103.43,0.00,3528.2,164.9,-0.0,5,11142,0.500,0.000,0.008,-0.111,-0.007,132.2,-8.0,0
4941,103.45,0.00,3529.2,165.0,-0.1,5,11149,0.490,0.000,-0.015,-0.109,-0.009,131.8,-8.1,0
4942,103.48,0.00,3530.2,165.2,-0.2,5,11154,0.480,0.000,0.003,-0.108,-0.009,130.8,-8.3,0
4943,103.50,0.00,3531.2,165.3,-0.1,5,11159,0.470,0.000,0.004,-0.107,-0.008,129.6,-8.4,0
4944,103.52,0.00,3532.3,165.4,-0.1,5,11163,0.460,0.000,0.003,-0.106,-0.008,128.6,-8.5,0
4945,103.54,0.00,3533.3,165.5,-0.1,5,11166,0.450,0.000,0.002,-0.104,-0.009,127.7,-8.6,0
4946,103.56,0.00,3534.3,165.6,-0.1,5,11169,0.440,0.000,0.000,-0.103,-0.009,126.8,-8.7,0
4947,103.59,0.00,3535.3,165.7,-0.1,5,11171,0.430,0.000,-0.001,-0.101,-0.009,125.8,-8.8,0
4948,103.61,0.00,3536.3,165.8,-0.1,5,11173,0.420,0.000,-0.001,-0.100,-0.009,124.8,-9.0,0
4949,103.63,0.00,3537.3,165.9,-0.0,5,11174,0.410,0.000,-0.001,-0.098,-0.009,123.7,-9.1,0
4950,103.65,0.00,3538.3,165.9,-0.0,5,11174,0.400,0.000,-0.001,-0.097,-0.009,122.5,-9.2,0
4951,103.67,0.00,3539.3,166.0,-0.0,5,11174,0.390,0.000,-0.000,-0.095,-0.009,121.4,-9.3,0
4952,103.70,0.00,3540.4,166.0,0.0,5,11173,0.380,0.000,-0.000,-0.094,-0.009,120.3,-9.4,0
4953,103.72,0.00,3541.4,166.0,0.0,5,11171,0.370,0.000,-0.000,-0.093,-0.009,119.2,-9.5,0
4954,103.74,0.00,3542.4,166.1,0.0,5,11169,0.360,0.000,-0.000,-0.091,-0.009,118.1,-9.6,0
4955,103.76,0.00,3543.4,166.1,0.0,5,11166,0.350,0.000,-0.001,-0.090,-0.009,117.1,-9.7,0
4956,103.78,0.00,3544.4,166.1,0.0,5,11163,0.340,0.000,-0.001,-0.088,-0.009,116.0,-9.8,0
4957,103.81,0.00,3545.4,166.1,0.0,5,11159,0.330,0.000,-0.000,-0.087,-0.008,114.9,-9.9,0
4958,103.83,0.00,3546.4,166.1,0.0,5,11154,0.320,0.000,-0.000,-0.085,-0.008,113.8,-10.0,0
4959,103.85,0.00,3547.5,166.0,0.0,5,11149,0.310,0.000,-0.001,-0.084,-0.008,112.7,-10.1,0
4960,103.87,0.00,3548.5,166.0,0.0,5,11143,0.300,0.000,-0.001,-0.082,-0.008,111.6,-10.2,0
4961,103.89,0.00,3549.5,166.0,0.0,5,11137,0.290,0.000,-0.000,-0.081,-0.008,110.5,-10.3,0
4962,103.92,0.00,3550.5,165.9,0.0,5,11130,0.280,0.000,-0.000,-0.080,-0.008,109.4,-10.4,0
4963,103.94,0.00,3551.5,165.9,0.0,5,11122,0.270,0.000,-0.000,-0.078,-0.008,108.4,-10.5,0
4964,103.96,0.00,3552.5,165.8,0.0,5,11114,0.260,0.000,-0.001,-0.077,-0.008,107.3,-10.6,0
4965,103.98,0.00,3553.6,165.7,0.0,5,11105,0.250,0.000,-0.001,-0.075,-0.008,106.2,-10.7,0
4966,104.00,0.00,3554.6,165.6,0.0,5,11096,0.240,0.000,-0.001,-0.074,-0.008,105.1,-10.8,0
4967,104.03,0.00,3555.6,165.5,0.0,5,11086,0.230,0.000,-0.000,-0.073,-0.008,104.0,-10.9,0
4968,104.05,0.00,3556.6,165.4,0.0,5,11075,0.220,0.000,-0.000,-0.071,-0.008,102.9,-11.0,0
4969,104.07,0.00,3557.6,165.3,0.0,5,11064,0.210,0.000,-0.000,-0.070,-0.008,101.9,-11.1,0
4970,104.09,0.00,3558.6,165.2,0.0,5,11053,0.200,0.000,-0.001,-0.069,-0.008,100.8,-11.2,0
4971,104.11,0.00,3559.6,165.1,0.0,5,11040,0.190,0.000,-0.001,-0.067,-0.008,99.7,-11.3,0
4972,104.14,0.00,3560.6,164.9,0.0,5,11028,0.180,0.000,-0.000,-0.066,-0.008,98.6,-11.4,0
4973,104.16,0.00,3561.6,164.8,0.0,5,11014,0.170,0.000,-0.000,-0.065,-0.008,97.6,-11.5,0
4974,104.18,0.00,3562.6,164.6,0.0,5,11000,0.160,0.000,-0.000,-0.063,-0.008,96.5,-11.6,0
4975,104.20,0.00,3563.6,164.5,0.0,5,10985,0.150,0.000,-0.001,-0.062,-0.008,95.5,-11.7,0
4976,104.22,0.00,3564.7,164.3,0.0,5,10970,0.140,0.000,-0.000,-0.061,-0.008,94.4,-11.8,0
4977,104.25,0.00,3565.7,164.1,0.0,5,10955,0.130,0.000,-0.000,-0.059,-0.008,93.3,-11.8,0
4978,104.27,0.00,3566.7,163.9,0.0,5,10938,0.120,0.000,-0.000,-0.058,-0.008,92.3,-11.9,0
4979,104.29,0.00,3567.7,163.7,0.0,5,10921,0.000,0.027,-0.000,-0.057,-0.008,91.2,-12.0,0
4980,104.31,0.00,3568.7,163.4,0.0,5,10845,0.000,0.056,-0.000,-0.056,-0.008,90.2,-12.6,0
4981,104.33,0.00,3569.7,162.9,-0.0,5,10803,0.000,0.077,0.058,-0.054,-0.008,89.2,-12.0,0
4982,104.36,0.00,3570.7,162.4,0.1,5,10759,0.000,0.056,0.049,-0.053,-0.010,89.1,-11.4,0
4983,104.38,0.00,3571.6,161.9,-0.2,5,10733,0.000,0.000,-0.031,-0.051,-0.014,90.0,-11.8,0
4984,104.40,0.00,3572.6,161.5,-0.7,5,10730,0.000,0.000,-0.043,-0.049,-0.016,90.1,-13.0,0
4985,104.42,0.00,3573.6,161.2,-0.6,5,10710,0.000,0.023,0.023,-0.047,-0.015,88.4,-13.1,0
4986,104.44,0.00,3574.6,160.9,-0.2,5,10678,0.000,0.074,0.029,-0.045,-0.014,86.9,-12.5,0
4987,104.47,0.00,3575.6,160.4,-0.1,5,10626,0.000,0.076,0.024,-0.043,-0.015,86.4,-11.4,0
4988,104.49,0.00,3576.6,159.9,-0.2,5,10590,0.000,0.054,0.015,-0.040,-0.017,86.2,-11.3,0
4989,104.51,0.00,3577.5,159.4,-0.3,5,10565,0.000,0.032,0.005,-0.038,-0.019,86.2,-11.7,0
4990,104.53,0.00,3578.5,158.9,-0.4,5,10546,0.000,0.024,-0.003,-0.035,-0.021,85.9,-12.1,0
4991,104.55,0.00,3579.5,158.5,-0.4,5,10524,0.000,0.035,-0.006,-0.032,-0.021,85.2,-12.3,0
4992,104.58,0.00,3580.4,158.2,-0.4,5,10494,0.000,0.060,-0.006,-0.029,-0.022,84.2,-12.0,0
4993,104.60,0.00,3581.4,157.7,-0.3,5,10453,0.000,0.090,-0.004,-0.026,-0.021,83.1,-11.5,0
4994,104.62,0.00,3582.4,157.2,-0.2,5,10405,0.000,0.117,-0.001,-0.023,-0.021,81.9,-10.8,0
4995,104.64,0.00,3583.3,156.5,-0.1,5,10353,0.000,0.137,0.001,-0.019,-0.021,80.8,-10.2,0
4996,104.66,0.00,3584.3,155.8,-0.1,5,10298,0.000,0.149,0.002,-0.016,-0.021,79.8,-9.7,0
4997,104.69,0.00,3585.2,155.1,-0.1,5,10244,0.000,0.156,0.002,-0.013,-0.021,78.8,-9.4,0
4998,104.71,0.00,3586.2,154.3,-0.1,5,10189,0.000,0.159,0.001,-0.010,-0.021,77.9,-9.2,0
4999,104.73,0.00,3587.1,153.5,-0.1,5,10136,0.000,0.161,0.001,-0.007,-0.021,77.1,-9.0,0
5000,104.75,0.00,3588.1,152.8,-0.1,5,10083,0.000,0.163,0.000,-0.003,-0.022,76.2,-8.9,0
5001,104.77,0.00,3589.0,152.0,-0.1,5,10028,0.000,0.167,-0.000,-0.000,-0.022,75.3,-8.9,0
5002,104.80,0.00,3589.9,151.2,-0.1,5,9973,0.000,0.170,0.000,0.003,-0.022,74.4,-8.8,0
5003,104.82,0.00,3590.8,150.4,-0.1,5,9919,0.000,0.174,0.000,0.007,-0.022,73.5,-8.6,0
5004,104.84,0.00,3591.7,149.5,-0.1,5,9864,0.000,0.177,-0.001,0.010,-0.022,72.6,-8.4,0
5005,104.86,0.00,3592.7,148.7,-0.1,5,9809,0.000,0.181,-0.001,0.013,-0.022,71.7,-8.3,0
5006,104.88,0.00,3593.6,147.9,-0.1,5,9752,0.000,0.185,-0.002,0.016,-0.022,70.7,-8.1,0
5007,104.91,0.00,3594.5,147.0,-0.1,5,9695,0.000,0.190,-0.002,0.020,-0.022,69.8,-7.9,0
5008,104.93,0.00,3595.4,146.2,-0.1,5,9636,0.000,0.196,-0.002,0.023,-0.022,68.8,-7.7,0
5009,104.95,0.00,3596.2,145.3,-0.0,5,9576,0.000,0.200,-0.002,0.026,-0.022,67.9,-7.5,0
5010,104.97,0.00,3597.1,144.4,-0.0,5,9512,0.000,0.205,-0.002,0.029,-0.022,66.9,-7.5,0
5011,104.99,0.00,3598.0,143.5,-0.0,5,9452,0.000,0.209,-0.002,0.033,-0.022,65.9,-7.3,0
5012,105.02,0.00,3598.9,142.6,-0.0,5,9391,0.000,0.212,-0.002,0.036,-0.022,65.0,-7.2,0
5013,105.04,0.00,3599.8,141.7,-0.0,5,9330,0.000,0.215,-0.001,0.039,-0.022,64.0,-7.0,0
5014,105.06,0.00,3600.6,140.8,-0.0,5,9269,0.000,0.217,-0.000,0.042,-0.022,63.1,-6.9,0
5015,105.08,0.00,3601.5,139.9,-0.0,5,9207,0.000,0.218,0.001,0.045,-0.022,62.2,-6.6,0
5016,105.10,0.00,3602.3,139.0,-0.0,4,10211,0.000,0.220,0.003,0.048,-0.022,61.4,-5.5,0
5017,105.13,0.00,3603.2,138.1,-0.0,4,10179,0.000,0.221,0.006,0.051,-0.022,60.5,-5.2,0
5018,105.15,0.00,3604.0,137.2,-0.0,4,10037,0.000,0.218,0.008,0.054,-0.022,59.7,-6.3,0
5019,105.17,0.00,3604.8,136.3,-0.0,4,9953,0.000,0.207,0.008,0.058,-0.023,59.1,-6.9,0
5020,105.19,0.00,3605.7,135.4,-0.1,4,9895,0.000,0.194,0.008,0.061,-0.024,58.4,-7.2,0
5021,105.21,0.00,3606.5,134.5,-0.1,4,9841,0.000,0.181,0.007,0.064,-0.025,57.8,-7.4,0
5022,105.24,0.00,3607.3,133.7,-0.1,4,9790,0.000,0.174,0.006,0.067,-0.025,57.3,-5.8,0
5023,105.26,0.00,3608.1,132.9,-0.2,4,9737,0.000,0.169,0.005,0.071,-0.026,56.6,-5.5,0
