step,curLapTime,lastLapTime,distFromStart,speedX,speedY,gear,rpm,accel,brake,steer,trackPos,angle,ahead,rearSpin,damage
0,-0.98,0.00,3598.4,-0.0,-0.0,0,5236,1.000,0.000,-0.010,0.333,0.008,64.6,0.0,0
1,-0.96,0.00,3598.4,-0.0,-0.0,0,5387,1.000,0.000,-0.010,0.333,0.008,64.6,0.0,0
2,-0.94,0.00,3598.4,-0.0,-0.0,0,5542,1.000,0.000,-0.010,0.333,0.008,64.6,0.0,0
3,-0.92,0.00,3598.4,-0.0,-0.0,0,5703,1.000,0.000,-0.010,0.333,0.008,64.6,0.0,0
4,-0.90,0.00,3598.4,-0.0,-0.0,0,5868,1.000,0.000,-0.010,0.333,0.008,64.6,0.0,0
5,-0.88,0.00,3598.4,-0.0,-0.0,0,6039,1.000,0.000,-0.010,0.333,0.008,64.6,0.0,0
6,-0.86,0.00,3598.4,-0.0,-0.0,0,6216,1.000,0.000,-0.010,0.333,0.008,64.6,0.0,0
7,-0.84,0.00,3598.4,-0.0,-0.0,0,6398,1.000,0.000,-0.010,0.333,0.008,64.6,0.0,0
8,-0.82,0.00,3598.4,-0.0,-0.0,0,6586,1.000,0.000,-0.010,0.333,0.008,64.6,0.0,0
9,-0.80,0.00,3598.4,-0.0,-0.0,0,6779,1.000,0.000,-0.010,0.333,0.008,64.6,0.0,0
10,-0.78,0.00,3598.4,-0.0,-0.0,0,6979,1.000,0.000,-0.010,0.333,0.008,64.6,0.0,0
11,-0.76,0.00,3598.4,-0.0,-0.0,0,7186,1.000,0.000,-0.010,0.333,0.008,64.6,0.0,0
12,-0.74,0.00,3598.4,-0.0,-0.0,0,7399,1.000,0.000,-0.010,0.333,0.008,64.6,0.0,0
13,-0.72,0.00,3598.4,-0.0,-0.0,0,7619,1.000,0.000,-0.010,0.333,0.008,64.6,0.0,0
14,-0.70,0.00,3598.4,-0.0,-0.0,0,7846,1.000,0.000,-0.010,0.333,0.008,64.6,0.0,0
15,-0.68,0.00,3598.4,-0.0,-0.0,0,8080,1.000,0.000,-0.010,0.333,0.008,64.6,0.0,0
16,-0.66,0.00,3598.4,-0.0,-0.0,0,8322,1.000,0.000,-0.010,0.333,0.008,64.6,0.0,0
17,-0.64,0.00,3598.4,-0.0,-0.0,0,8571,1.000,0.000,-0.010,0.333,0.008,64.6,0.0,0
18,-0.62,0.00,3598.4,-0.0,-0.0,0,8828,1.000,0.000,-0.010,0.333,0.008,64.6,0.0,0
19,-0.60,0.00,3598.4,-0.0,-0.0,0,9094,1.000,0.000,-0.010,0.333,0.008,64.6,0.0,0
20,-0.58,0.00,3598.4,-0.0,-0.0,0,9368,1.000,0.000,-0.010,0.333,0.008,64.6,0.0,0
21,-0.56,0.00,3598.4,-0.0,-0.0,0,9648,1.000,0.000,-0.010,0.333,0.008,64.6,0.0,0
22,-0.54,0.00,3598.4,-0.0,-0.0,0,9929,1.000,0.000,-0.010,0.333,0.008,64.6,0.0,0
23,-0.52,0.00,3598.4,-0.0,-0.0,0,10210,1.000,0.000,-0.010,0.333,0.008,64.6,0.0,0
24,-0.50,0.00,3598.4,-0.0,-0.0,0,10490,1.000,0.000,-0.010,0.333,0.008,64.6,0.0,0
25,-0.48,0.00,3598.4,-0.0,-0.0,0,10771,1.000,0.000,-0.010,0.333,0.008,64.6,0.0,0
26,-0.46,0.00,3598.4,-0.0,-0.0,0,11052,1.000,0.000,-0.010,0.333,0.008,64.6,0.0,0
27,-0.44,0.00,3598.4,-0.0,-0.0,0,11332,1.000,0.000,-0.010,0.333,0.008,64.6,0.0,0
28,-0.42,0.00,3598.4,-0.0,-0.0,0,11613,1.000,0.000,-0.010,0.333,0.008,64.6,0.0,0
29,-0.40,0.00,3598.4,-0.0,-0.0,0,11894,1.000,0.000,-0.010,0.333,0.008,64.6,0.0,0
30,-0.38,0.00,3598.4,-0.0,-0.0,0,12174,1.000,0.000,-0.010,0.333,0.008,64.6,0.0,0
31,-0.36,0.00,3598.4,-0.0,-0.0,0,12455,1.000,0.000,-0.010,0.333,0.008,64.6,0.0,0
32,-0.34,0.00,3598.4,-0.0,-0.0,0,12736,1.000,0.000,-0.010,0.333,0.008,64.6,0.0,0
33,-0.32,0.00,3598.4,-0.0,-0.0,0,13017,1.000,0.000,-0.010,0.333,0.008,64.6,0.0,0
34,-0.30,0.00,3598.4,-0.0,-0.0,0,13300,1.000,0.000,-0.010,0.333,0.008,64.6,0.0,0
35,-0.28,0.00,3598.4,-0.0,-0.0,0,13584,1.000,0.000,-0.010,0.333,0.008,64.6,0.0,0
36,-0.26,0.00,3598.4,-0.0,-0.0,0,13870,1.000,0.000,-0.010,0.333,0.008,64.6,0.0,0
37,-0.24,0.00,3598.4,-0.0,-0.0,0,14156,1.000,0.000,-0.010,0.333,0.008,64.6,0.0,0
38,-0.22,0.00,3598.4,-0.0,-0.0,0,14443,1.000,0.000,-0.010,0.333,0.008,64.6,0.0,0
39,-0.20,0.00,3598.4,-0.0,-0.0,0,14732,1.000,0.000,-0.010,0.333,0.008,64.6,0.0,0
40,-0.18,0.00,3598.4,-0.0,-0.0,0,15021,1.000,0.000,-0.010,0.333,0.008,64.6,0.0,0
41,-0.16,0.00,3598.4,-0.0,-0.0,0,15312,1.000,0.000,-0.010,0.333,0.008,64.6,0.0,0
42,-0.14,0.00,3598.4,-0.0,-0.0,0,15604,1.000,0.000,-0.010,0.333,0.008,64.6,0.0,0
43,-0.12,0.00,3598.4,-0.0,-0.0,0,15897,1.000,0.000,-0.010,0.333,0.008,64.6,0.0,0
44,-0.10,0.00,3598.4,-0.0,-0.0,0,16192,1.000,0.000,-0.010,0.333,0.008,64.6,0.0,0
45,-0.08,0.00,3598.4,-0.0,-0.0,0,16487,1.000,0.000,-0.010,0.333,0.008,64.6,0.0,0
46,-0.06,0.00,3598.4,-0.0,-0.0,0,16784,1.000,0.000,-0.010,0.333,0.008,64.6,0.0,0
47,-0.04,0.00,3598.4,-0.0,-0.0,0,17081,1.000,0.000,-0.010,0.333,0.008,64.6,0.0,0
48,-0.02,0.00,3598.4,-0.0,-0.0,0,17378,1.000,0.000,-0.010,0.333,0.008,64.6,0.0,0
49,0.02,0.00,3598.4,-0.0,0.0,0,17972,1.000,0.000,-0.007,0.333,0.009,64.4,-0.0,0
50,0.04,0.00,3598.4,0.3,-0.0,1,5249,1.000,0.000,-0.008,0.333,0.009,64.5,-0.6,0
51,0.06,0.00,3598.4,0.1,-0.0,1,5264,1.000,0.000,-0.008,0.333,0.009,64.4,1.0,0
52,0.08,0.00,3598.4,0.3,0.0,1,5236,1.000,0.000,-0.008,0.333,0.009,64.4,-0.9,0
53,0.10,0.00,3598.4,0.8,-0.0,1,5236,1.000,0.000,-0.007,0.333,0.009,64.4,5.4,0
54,0.12,0.00,3598.5,1.7,0.0,1,5236,1.000,0.000,-0.006,0.333,0.009,64.4,6.1,0
55,0.14,0.00,3598.5,2.7,0.0,1,5236,1.000,0.000,-0.006,0.333,0.009,64.3,7.7,0
56,0.16,0.00,3598.5,3.6,0.0,1,5236,1.000,0.000,-0.006,0.333,0.009,64.3,6.1,0
57,0.18,0.00,3598.5,4.5,-0.0,1,5236,1.000,0.000,-0.006,0.333,0.009,64.3,5.5,0
58,0.20,0.00,3598.5,5.4,-0.0,1,5236,1.000,0.000,-0.005,0.333,0.009,64.2,5.4,0
59,0.22,0.00,3598.6,6.3,-0.0,1,5236,1.000,0.000,-0.005,0.333,0.009,64.2,5.7,0
60,0.24,0.00,3598.6,7.1,-0.0,1,5236,0.989,0.000,-0.005,0.333,0.009,64.2,6.6,0
61,0.26,0.00,3598.7,8.0,-0.0,1,5236,0.962,0.000,-0.004,0.333,0.009,64.1,7.6,0
62,0.28,0.00,3598.7,8.8,-0.0,1,5236,0.924,0.000,-0.004,0.333,0.009,64.0,8.6,0
63,0.30,0.00,3598.8,9.7,-0.0,1,5236,0.877,0.000,-0.003,0.333,0.009,64.0,8.7,0
64,0.32,0.00,3598.8,10.5,-0.0,1,5236,0.727,0.000,-0.003,0.333,0.009,63.9,7.7,0
65,0.34,0.00,3598.9,11.3,-0.0,1,5236,0.777,0.000,-0.003,0.333,0.009,63.9,3.1,0
66,0.36,0.00,3598.9,12.1,-0.0,1,5236,0.827,0.000,-0.002,0.333,0.009,63.8,1.2,0
67,0.38,0.00,3599.0,12.8,-0.0,1,5236,0.877,0.000,-0.002,0.333,0.009,63.7,1.7,0
68,0.40,0.00,3599.1,13.5,-0.0,1,5236,0.927,0.000,-0.001,0.332,0.009,63.6,2.5,0
69,0.42,0.00,3599.2,14.3,-0.0,1,5236,0.977,0.000,-0.000,0.332,0.009,63.5,3.7,0
70,0.44,0.00,3599.2,15.1,-0.0,1,5236,0.827,0.000,0.000,0.332,0.009,63.4,5.5,0
71,0.46,0.00,3599.3,15.9,-0.0,1,5236,0.877,0.000,0.001,0.332,0.009,63.4,3.7,0
72,0.48,0.00,3599.4,16.7,0.0,1,5236,0.927,0.000,0.001,0.332,0.009,63.3,3.4,0
73,0.50,0.00,3599.5,17.6,0.0,1,5236,0.977,0.000,0.002,0.332,0.009,63.2,4.3,0
74,0.52,0.00,3599.6,18.4,0.0,1,5236,0.827,0.000,0.002,0.332,0.009,63.1,6.0,0
75,0.54,0.00,3599.7,19.2,0.0,1,5236,0.877,0.000,0.002,0.331,0.009,63.0,4.1,0
76,0.56,0.00,3599.8,19.9,0.0,1,5236,0.927,0.000,0.003,0.331,0.009,62.9,3.8,0
77,0.58,0.00,3599.9,20.7,0.0,1,5236,0.977,0.000,0.003,0.331,0.009,62.8,4.8,0
78,0.60,0.00,3600.1,21.5,0.0,1,5236,0.827,0.000,0.004,0.331,0.009,62.6,6.6,0
79,0.62,0.00,3600.2,22.3,0.0,1,5236,0.877,0.000,0.004,0.331,0.009,62.5,4.8,0
80,0.64,0.00,3600.3,23.1,0.0,1,5236,0.927,0.000,0.005,0.331,0.009,62.4,4.5,0
81,0.66,0.00,3600.4,23.9,0.0,1,5236,0.777,0.000,0.005,0.330,0.009,62.3,5.4,0
82,0.68,0.00,3600.6,24.7,0.0,1,5236,0.827,0.000,0.005,0.330,0.009,62.2,3.0,0
83,0.70,0.00,3600.7,25.4,0.0,1,5236,0.877,0.000,0.006,0.330,0.009,62.1,2.8,0
84,0.72,0.00,3600.9,26.2,0.0,1,5236,0.927,0.000,0.006,0.330,0.009,62.0,3.7,0
85,0.74,0.00,3601.0,26.9,0.0,1,5236,0.777,0.000,0.006,0.330,0.008,61.8,5.2,0
86,0.76,0.00,3601.2,27.7,0.0,1,5236,0.827,0.000,0.006,0.329,0.008,61.7,3.1,0
87,0.78,0.00,3601.3,28.4,0.0,1,5236,0.877,0.000,0.007,0.329,0.008,61.6,3.1,0
88,0.80,0.00,3601.5,29.2,0.0,1,5236,0.927,0.000,0.007,0.329,0.008,61.5,4.0,0
89,0.82,0.00,3601.6,29.9,0.0,1,5297,0.777,0.000,0.007,0.329,0.008,61.3,5.5,0
90,0.84,0.00,3601.8,30.7,0.0,1,5236,0.827,0.000,0.007,0.329,0.008,61.2,3.5,0
91,0.86,0.00,3602.0,31.4,0.0,1,5359,0.877,0.000,0.007,0.328,0.008,61.1,3.5,0
92,0.88,0.00,3602.2,32.2,0.0,1,5635,0.727,0.000,0.008,0.328,0.007,60.9,5.2,0
93,0.90,0.00,3602.3,32.9,0.0,1,5585,0.777,0.000,0.008,0.328,0.007,60.8,3.4,0
94,0.92,0.00,3602.5,33.6,0.0,1,5735,0.827,0.000,0.008,0.328,0.007,60.7,3.7,0
95,0.94,0.00,3602.7,34.4,0.0,1,6032,0.677,0.000,0.008,0.328,0.007,60.5,5.6,0
96,0.96,0.00,3602.9,35.2,0.0,1,5968,0.727,0.000,0.008,0.328,0.007,60.4,3.7,0
97,0.98,0.00,3603.1,35.9,0.0,1,6113,0.777,0.000,0.008,0.327,0.007,60.2,3.9,0
98,1.00,0.00,3603.3,36.7,0.0,1,6442,0.627,0.000,0.008,0.327,0.006,60.1,6.1,0
99,1.02,0.00,3603.5,37.5,0.0,1,6348,0.677,0.000,0.009,0.327,0.006,59.9,3.8,0
100,1.04,0.00,3603.8,38.2,0.0,1,6480,0.727,0.000,0.009,0.327,0.006,59.7,3.9,0
101,1.06,0.00,3604.0,39.0,0.0,1,6770,0.577,0.000,0.009,0.327,0.006,59.6,5.7,0
102,1.08,0.00,3604.2,39.7,0.0,1,6646,0.627,0.000,0.141,0.326,0.005,59.4,3.1,0
103,1.10,0.00,3604.4,40.4,0.3,1,6818,0.677,0.000,0.133,0.326,0.004,59.6,3.8,0
104,1.12,0.00,3604.6,41.1,0.4,1,7131,0.527,0.000,-0.016,0.327,0.001,60.4,5.9,0
105,1.14,0.00,3604.9,41.8,0.2,1,6973,0.577,0.000,-0.028,0.327,-0.002,60.8,3.0,0
106,1.16,0.00,3605.1,42.5,0.0,1,7080,0.627,0.000,-0.026,0.327,-0.002,60.6,2.9,0
107,1.18,0.00,3605.3,43.2,-0.0,1,7331,0.677,0.000,-0.006,0.327,-0.001,60.2,4.4,0
108,1.20,0.00,3605.6,43.9,-0.0,1,7709,0.527,0.000,0.111,0.327,-0.001,59.8,7.3,0
109,1.22,0.00,3605.8,44.7,0.2,1,7567,0.577,0.000,0.026,0.327,-0.002,59.8,4.6,0
110,1.24,0.00,3606.1,45.4,0.1,1,7682,0.627,0.000,-0.012,0.328,-0.003,60.0,4.3,0
111,1.26,0.00,3606.3,46.2,0.0,1,7974,0.477,0.000,-0.011,0.328,-0.004,59.9,6.2,0
112,1.28,0.00,3606.6,46.9,-0.0,1,7766,0.527,0.000,0.004,0.328,-0.004,59.6,2.7,0
113,1.30,0.00,3606.8,47.6,0.0,1,7891,0.577,0.000,0.020,0.328,-0.004,59.3,2.7,0
114,1.32,0.00,3607.1,48.3,0.0,1,8183,0.627,0.000,0.027,0.328,-0.004,59.1,4.9,0
115,1.34,0.00,3607.4,49.0,0.1,1,8629,0.477,0.000,0.023,0.328,-0.004,59.0,8.4,0
116,1.36,0.00,3607.7,49.8,0.1,1,8468,0.327,0.000,0.014,0.329,-0.005,59.0,5.5,0
117,1.38,0.00,3607.9,50.4,0.1,1,8049,0.377,0.000,0.010,0.329,-0.006,58.9,-0.6,0
118,1.40,0.00,3608.2,50.5,0.1,2,5984,0.427,0.000,0.011,0.329,-0.006,58.7,-3.7,0
119,1.42,0.00,0.0,50.5,0.1,2,5998,0.477,0.000,0.014,0.329,-0.006,58.5,-3.7,0
120,1.44,0.00,0.3,50.5,0.1,2,5837,0.527,0.000,0.023,0.329,-0.005,58.3,-3.3,0
121,1.46,0.00,0.6,50.8,0.1,2,6037,0.577,0.000,0.029,0.330,-0.004,58.2,-0.6,0
122,1.48,0.00,0.9,51.2,0.1,2,6107,0.627,0.000,0.031,0.330,-0.003,58.2,-0.3,0
123,1.50,0.00,1.2,51.6,0.1,2,6186,0.677,0.000,0.032,0.330,-0.002,58.2,0.1,0
124,1.52,0.00,1.5,52.0,0.1,2,6597,0.727,0.000,0.033,0.330,-0.001,58.2,4.8,0
125,1.54,0.00,1.8,52.6,0.1,2,6723,0.577,0.000,0.033,0.331,-0.000,58.3,6.9,0
126,1.56,0.00,2.1,53.2,0.1,2,6409,0.627,0.000,0.034,0.331,0.000,58.4,0.9,0
127,1.58,0.00,2.4,53.8,0.1,2,6426,0.677,0.000,0.036,0.331,0.001,58.4,-0.0,0
128,1.60,0.00,2.7,54.3,0.2,2,6518,0.727,0.000,0.039,0.331,0.002,58.5,0.4,0
129,1.62,0.00,3.0,54.9,0.2,2,6631,0.777,0.000,0.042,0.331,0.003,58.5,1.1,0
130,1.64,0.00,3.3,55.5,0.2,2,6770,0.827,0.000,0.044,0.331,0.003,58.6,2.1,0
131,1.66,0.00,3.6,56.1,0.2,2,6946,0.877,0.000,0.045,0.331,0.004,58.8,3.6,0
132,1.68,0.00,3.9,56.9,0.2,2,7169,0.727,0.000,0.046,0.331,0.004,59.0,5.6,0
133,1.70,0.00,4.2,57.6,0.2,2,7106,0.777,0.000,0.046,0.331,0.005,59.3,3.5,0
134,1.72,0.00,4.6,58.3,0.2,2,7207,0.827,0.000,0.046,0.330,0.005,59.6,3.7,0
135,1.74,0.00,4.9,59.0,0.2,2,7390,0.677,0.000,0.047,0.330,0.005,59.9,5.2,0
136,1.76,0.00,5.2,59.7,0.2,2,7304,0.727,0.000,0.048,0.330,0.006,60.2,2.7,0
137,1.78,0.00,5.6,60.3,0.2,2,7407,0.777,0.000,0.049,0.330,0.006,60.5,3.0,0
138,1.80,0.00,5.9,61.0,0.2,2,7586,0.827,0.000,0.049,0.330,0.006,60.8,4.5,0
139,1.82,0.00,6.3,61.8,0.1,2,7823,0.677,0.000,0.048,0.330,0.006,61.2,6.7,0
140,1.84,0.00,6.6,62.5,0.1,2,7742,0.727,0.000,0.047,0.329,0.006,61.6,4.3,0
141,1.86,0.00,7.0,63.2,0.1,2,7761,0.777,0.000,0.046,0.329,0.007,62.1,3.3,0
142,1.88,0.00,7.3,64.0,0.1,2,7874,0.827,0.000,0.046,0.329,0.007,62.4,3.5,0
143,1.90,0.00,7.7,64.8,0.1,2,8083,0.677,0.000,0.046,0.328,0.007,62.8,5.3,0
144,1.92,0.00,8.1,65.5,0.1,2,8022,0.727,0.000,0.046,0.328,0.008,63.2,3.0,0
145,1.94,0.00,8.4,66.2,0.1,2,8186,0.777,0.000,0.046,0.328,0.008,63.7,4.2,0
146,1.96,0.00,8.8,66.9,0.1,2,8441,0.627,0.000,0.045,0.327,0.009,64.1,6.7,0
147,1.98,0.00,9.2,67.6,0.1,2,8353,0.677,0.000,0.044,0.327,0.009,64.7,4.2,0
148,2.01,0.00,9.6,68.4,0.1,2,8461,0.727,0.000,0.042,0.326,0.009,65.3,4.3,0
149,2.03,0.00,10.0,69.2,0.1,2,8669,0.577,0.000,0.041,0.326,0.010,65.9,6.1,0
150,2.05,0.00,10.5,70.0,0.0,2,8520,0.627,0.000,0.040,0.325,0.010,66.5,2.5,0
151,2.07,0.00,10.9,70.7,0.0,2,8626,0.677,0.000,0.040,0.324,0.011,67.1,2.7,0
152,2.09,0.00,11.3,71.4,0.0,2,8821,0.727,0.000,0.041,0.324,0.012,67.6,4.4,0
153,2.12,0.00,11.8,72.2,0.0,2,9082,0.577,0.000,0.041,0.323,0.012,68.2,6.9,0
154,2.14,0.00,12.2,73.0,0.0,2,8910,0.627,0.000,0.040,0.322,0.013,68.9,3.1,0
155,2.16,0.00,12.7,73.8,0.0,2,8951,0.677,0.000,0.040,0.321,0.014,69.6,2.1,0
156,2.18,0.00,13.1,74.5,0.0,2,9136,0.727,0.000,0.041,0.320,0.015,70.2,3.5,0
157,2.20,0.00,13.6,75.4,0.0,2,9416,0.577,0.000,0.042,0.319,0.015,70.8,6.2,0
158,2.23,0.00,14.1,76.2,0.0,2,9311,0.627,0.000,0.041,0.317,0.016,71.6,3.3,0
159,2.25,0.00,14.5,76.9,0.0,2,9463,0.677,0.000,0.040,0.316,0.017,72.5,4.1,0
160,2.27,0.00,15.0,77.7,-0.0,2,9688,0.527,0.000,0.038,0.315,0.018,73.4,6.1,0
161,2.29,0.00,15.5,78.4,-0.0,2,9512,0.577,0.000,0.037,0.313,0.018,74.4,2.2,0
162,2.31,0.00,16.0,79.1,-0.0,2,9620,0.627,0.000,0.036,0.312,0.019,75.3,2.4,0
163,2.34,0.00,16.5,79.8,-0.0,2,9799,0.677,0.000,0.036,0.310,0.020,76.3,3.9,0
164,2.36,0.00,17.0,80.6,-0.0,2,10016,0.527,0.000,0.036,0.308,0.021,77.2,5.8,0
165,2.38,0.00,17.5,81.0,-0.0,3,7889,0.577,0.000,0.036,0.307,0.022,78.2,-5.9,0
166,2.40,0.00,18.0,80.9,0.0,3,7902,0.627,0.000,0.038,0.305,0.024,79.1,-6.0,0
167,2.42,0.00,18.5,80.8,0.0,3,7399,0.677,0.000,0.039,0.303,0.025,80.1,-5.6,0
168,2.45,0.00,19.0,81.2,0.1,3,7708,0.727,0.000,0.044,0.301,0.026,81.2,-0.0,0
169,2.47,0.00,19.5,81.8,0.1,3,7801,0.777,0.000,0.048,0.298,0.027,82.5,0.9,0
170,2.49,0.00,20.0,82.4,0.1,3,7898,0.827,0.000,0.051,0.296,0.028,84.1,1.6,0
171,2.51,0.00,20.5,83.0,0.0,3,8007,0.877,0.000,0.052,0.294,0.028,86.1,2.5,0
172,2.53,0.00,21.0,83.7,0.0,3,8129,0.927,0.000,0.052,0.292,0.028,88.4,3.6,0
173,2.56,0.00,21.5,84.5,-0.0,3,8272,0.777,0.000,0.038,0.289,0.029,91.0,5.0,0
174,2.58,0.00,22.1,85.3,-0.1,3,8199,0.827,0.000,0.035,0.287,0.029,93.4,2.3,0
175,2.60,0.00,22.6,86.0,-0.1,3,8288,0.877,0.000,0.036,0.284,0.030,95.6,2.6,0
176,2.62,0.00,23.1,86.7,-0.1,3,8408,0.927,0.000,0.040,0.281,0.031,97.6,3.6,0
177,2.64,0.00,23.7,87.5,-0.1,3,8556,0.777,0.000,0.043,0.278,0.033,99.8,5.0,0
178,2.67,0.00,24.2,88.3,-0.1,3,8496,0.827,0.000,0.201,0.275,0.034,102.5,2.5,0
179,2.69,0.00,24.8,89.0,0.1,3,8612,0.877,0.000,0.193,0.272,0.033,108.2,3.7,0
180,2.71,0.00,25.3,89.7,0.1,3,8794,0.727,0.000,0.165,0.269,0.028,120.8,5.7,0
181,2.73,0.00,25.9,90.4,-0.1,3,8741,0.777,0.000,0.129,0.267,0.022,141.5,3.4,0
182,2.75,0.00,26.4,91.1,-0.3,3,8840,0.827,0.000,0.094,0.265,0.016,164.7,3.9,0
183,2.78,0.00,27.0,91.8,-0.6,3,8982,0.677,0.000,0.066,0.263,0.012,172.6,5.3,0
184,2.80,0.00,27.6,92.5,-0.7,3,8884,0.727,0.000,0.039,0.262,0.009,177.1,2.3,0
185,2.82,0.00,28.1,93.2,-0.8,3,8952,0.777,0.000,0.030,0.260,0.008,179.5,2.3,0
186,2.84,0.00,28.7,93.9,-0.7,3,9062,0.827,0.000,0.029,0.258,0.008,180.9,3.2,0
187,2.86,0.00,29.3,94.6,-0.6,3,9204,0.877,0.000,0.033,0.257,0.009,181.8,4.5,0
188,2.89,0.00,29.9,95.4,-0.6,3,9379,0.727,0.000,0.038,0.255,0.011,182.5,6.5,0
189,2.91,0.00,30.5,96.2,-0.5,3,9286,0.777,0.000,0.042,0.254,0.012,183.3,3.3,0
190,2.93,0.00,31.1,96.9,-0.4,3,9371,0.827,0.000,0.046,0.252,0.013,184.1,3.5,0
191,2.95,0.00,31.7,97.7,-0.4,3,9519,0.877,0.000,0.049,0.250,0.014,184.9,5.0,0
192,2.97,0.00,32.3,98.5,-0.4,3,9691,0.727,0.000,0.044,0.248,0.014,185.8,6.8,0
193,3.00,0.00,32.9,99.3,-0.4,3,9596,0.777,0.000,0.025,0.247,0.011,186.7,3.6,0
194,3.02,0.00,33.5,100.1,-0.5,3,9676,0.827,0.000,0.009,0.245,0.008,187.3,3.7,0
195,3.04,0.00,34.1,100.8,-0.5,3,9826,0.677,0.000,-0.002,0.244,0.006,187.5,5.1,0
196,3.06,0.00,34.7,101.6,-0.5,3,9723,0.727,0.000,-0.007,0.243,0.005,187.3,1.9,0
197,3.08,0.00,35.3,102.3,-0.4,3,9804,0.777,0.000,-0.008,0.242,0.005,186.8,2.1,0
198,3.11,0.00,36.0,103.0,-0.3,3,9927,0.827,0.000,-0.007,0.241,0.005,186.0,3.1,0
199,3.13,0.00,36.6,103.7,-0.2,3,10069,0.877,0.000,-0.005,0.241,0.005,185.2,4.5,0
200,3.15,0.00,37.2,104.6,-0.2,3,10226,0.727,0.000,-0.003,0.240,0.006,184.4,6.1,0
201,3.17,0.00,37.9,105.3,-0.1,3,10121,0.777,0.000,-0.001,0.239,0.006,183.6,2.7,0
202,3.19,0.00,38.5,106.1,-0.1,3,10203,0.827,0.000,0.001,0.238,0.006,182.9,2.8,0
203,3.22,0.00,39.2,106.8,-0.0,3,10338,0.877,0.000,0.001,0.238,0.006,182.2,4.0,0
204,3.24,0.00,39.8,107.7,-0.0,3,10498,0.727,0.000,0.001,0.237,0.006,181.5,5.6,0
205,3.26,0.00,40.5,108.4,-0.0,3,10402,0.777,0.000,0.001,0.236,0.006,180.8,2.4,0
206,3.28,0.00,41.2,109.2,-0.0,3,10490,0.827,0.000,0.001,0.235,0.006,180.2,2.7,0
207,3.30,0.00,41.8,109.9,-0.0,3,10630,0.877,0.000,0.001,0.235,0.006,179.5,4.0,0
208,3.33,0.00,42.5,110.7,-0.0,3,10790,0.727,0.000,0.000,0.234,0.006,178.9,5.7,0
209,3.35,0.00,43.2,111.1,-0.0,4,8732,0.777,0.000,-0.000,0.233,0.006,178.2,-8.0,0
210,3.37,0.00,43.9,111.0,-0.0,4,8741,0.827,0.000,-0.000,0.233,0.006,177.5,-8.2,0
211,3.39,0.00,44.5,110.9,-0.0,4,8241,0.877,0.000,-0.000,0.232,0.006,176.8,-7.9,0
212,3.41,0.00,45.2,111.2,-0.0,4,8605,0.927,0.000,-0.000,0.231,0.006,176.2,0.4,0
213,3.44,0.00,45.9,111.8,-0.0,4,8700,0.977,0.000,-0.000,0.231,0.006,175.5,1.7,0
214,3.46,0.00,46.6,112.5,-0.0,4,8781,1.000,0.000,-0.000,0.230,0.006,174.8,2.4,0
215,3.48,0.00,47.3,113.3,-0.0,4,8844,1.000,0.000,-0.000,0.229,0.006,174.1,2.7,0
216,3.50,0.00,48.0,114.0,-0.0,4,8894,1.000,0.000,0.000,0.229,0.006,173.4,2.5,0
217,3.52,0.00,48.7,114.8,-0.0,4,8949,1.000,0.000,0.000,0.228,0.006,172.6,2.4,0
218,3.55,0.00,49.4,115.5,-0.0,4,9012,1.000,0.000,0.000,0.227,0.006,171.9,2.6,0
219,3.57,0.00,50.1,116.3,-0.0,4,9085,1.000,0.000,0.000,0.227,0.006,171.2,2.9,0
220,3.59,0.00,50.8,117.0,-0.0,4,9157,1.000,0.000,0.000,0.226,0.006,170.5,3.2,0
221,3.61,0.00,51.5,117.8,-0.0,4,9225,1.000,0.000,0.001,0.225,0.006,169.7,3.4,0
222,3.63,0.00,52.2,118.6,0.0,4,9289,1.000,0.000,0.000,0.224,0.006,169.0,3.6,0
223,3.66,0.00,53.0,119.3,-0.0,4,9352,1.000,0.000,0.000,0.224,0.006,168.3,3.6,0
224,3.68,0.00,53.7,120.1,-0.0,4,9413,1.000,0.000,0.000,0.223,0.006,167.5,3.7,0
225,3.70,0.00,54.4,120.9,-0.0,4,9473,1.000,0.000,0.000,0.222,0.006,166.8,3.6,0
226,3.72,0.00,55.2,121.7,-0.0,4,9529,1.000,0.000,0.001,0.222,0.006,166.0,3.5,0
227,3.74,0.00,55.9,122.5,-0.0,4,9586,1.000,0.000,0.000,0.221,0.006,165.3,3.4,0
228,3.77,0.00,56.7,123.3,-0.0,4,9644,1.000,0.000,0.000,0.220,0.006,164.5,3.4,0
229,3.79,0.00,57.4,124.1,-0.0,4,9702,1.000,0.000,0.000,0.219,0.006,163.8,3.3,0
230,3.81,0.00,58.2,124.8,-0.0,4,9763,1.000,0.000,0.000,0.219,0.006,163.0,3.3,0
231,3.83,0.00,58.9,125.6,-0.0,4,9822,1.000,0.000,0.001,0.218,0.006,162.2,3.3,0
232,3.85,0.00,59.7,126.4,-0.0,4,9880,1.000,0.000,0.000,0.217,0.006,161.4,3.2,0
233,3.88,0.00,60.5,127.2,-0.0,4,9937,1.000,0.000,0.000,0.217,0.006,160.7,3.1,0
234,3.90,0.00,61.3,128.0,-0.0,4,9992,1.000,0.000,0.000,0.216,0.006,159.9,3.0,0
235,3.92,0.00,62.1,128.7,-0.0,4,10048,1.000,0.000,0.006,0.215,0.006,159.1,2.9,0
236,3.94,0.00,62.8,129.5,0.0,4,10105,1.000,0.000,0.005,0.214,0.005,158.3,2.9,0
237,3.96,0.00,63.6,130.3,-0.0,4,10161,1.000,0.000,0.003,0.214,0.005,157.7,2.8,0
238,3.99,0.00,64.4,131.1,-0.0,4,10218,1.000,0.000,0.002,0.213,0.005,157.0,2.7,0
239,4.01,0.00,65.2,131.8,-0.0,4,10275,1.000,0.000,0.000,0.212,0.004,156.2,2.7,0
240,4.03,0.00,66.1,132.6,-0.1,4,10333,1.000,0.000,-0.001,0.212,0.004,155.5,2.6,0
241,4.05,0.00,66.9,133.4,-0.1,4,10391,1.000,0.000,-0.001,0.211,0.004,154.7,2.6,0
242,4.07,0.00,67.7,134.1,-0.0,4,10447,1.000,0.000,-0.001,0.210,0.004,153.8,2.5,0
243,4.10,0.00,68.5,134.9,-0.0,4,10502,1.000,0.000,-0.001,0.210,0.004,153.0,2.4,0
244,4.12,0.00,69.3,135.7,-0.0,4,10557,1.000,0.000,-0.000,0.209,0.004,152.1,2.3,0
245,4.14,0.00,70.2,136.4,-0.0,4,10613,1.000,0.000,0.000,0.209,0.004,151.2,2.2,0
246,4.16,0.00,71.0,137.2,-0.0,4,10668,1.000,0.000,0.000,0.208,0.004,150.4,2.2,0
247,4.18,0.00,71.8,137.9,-0.0,4,10724,1.000,0.000,0.000,0.207,0.004,149.5,2.1,0
248,4.21,0.00,72.7,138.7,0.0,4,10780,1.000,0.000,0.000,0.207,0.004,148.6,2.0,0
249,4.23,0.00,73.5,139.5,0.0,4,10835,1.000,0.000,0.000,0.206,0.004,147.8,2.0,0
250,4.25,0.00,74.4,140.2,0.0,4,10892,1.000,0.000,0.000,0.205,0.004,146.9,1.9,0
251,4.27,0.00,75.2,140.5,-0.0,5,9779,1.000,0.000,0.000,0.205,0.004,146.0,-9.9,0
252,4.29,0.00,76.1,140.3,-0.0,5,9784,1.000,0.000,0.000,0.204,0.004,145.2,-10.4,0
253,4.32,0.00,77.0,140.2,-0.0,5,9353,1.000,0.000,0.000,0.203,0.004,144.3,-10.2,0
254,4.34,0.00,77.8,140.5,-0.0,5,9740,1.000,0.000,0.000,0.203,0.004,143.4,-0.2,0
255,4.36,0.00,78.7,141.2,-0.0,5,9803,1.000,0.000,0.000,0.202,0.004,142.5,0.5,0
256,4.38,0.00,79.5,141.8,-0.0,5,9835,1.000,0.000,0.000,0.202,0.004,141.7,0.2,0
257,4.40,0.00,80.4,142.5,-0.0,5,9866,1.000,0.000,0.000,0.201,0.004,140.8,-0.2,0
258,4.43,0.00,81.3,143.1,-0.0,5,9902,1.000,0.000,0.000,0.200,0.004,139.9,-0.4,0
259,4.45,0.00,82.2,143.8,-0.0,5,9944,1.000,0.000,0.000,0.200,0.004,139.0,-0.5,0
260,4.47,0.00,83.0,144.4,-0.0,5,9990,1.000,0.000,0.000,0.199,0.004,138.1,-0.5,0
261,4.49,0.00,83.9,145.1,-0.0,5,10039,1.000,0.000,0.000,0.198,0.004,137.2,-0.4,0
262,4.51,0.00,84.8,145.7,-0.0,5,10086,1.000,0.000,0.000,0.198,0.004,136.3,-0.4,0
263,4.54,0.00,85.7,146.4,-0.0,5,10130,1.000,0.000,0.000,0.197,0.004,135.4,-0.4,0
264,4.56,0.00,86.6,147.0,-0.0,5,10173,1.000,0.000,0.000,0.196,0.004,134.4,-0.4,0
265,4.58,0.00,87.5,147.7,-0.0,5,10215,1.000,0.000,0.000,0.196,0.004,133.5,-0.5,0
266,4.60,0.00,88.4,148.3,-0.0,5,10257,1.000,0.000,0.000,0.195,0.004,132.6,-0.6,0
267,4.62,0.00,89.3,148.9,-0.0,5,10298,1.000,0.000,0.000,0.194,0.004,131.7,-0.7,0
268,4.65,0.00,90.2,149.6,-0.0,5,10339,1.000,0.000,0.000,0.194,0.004,130.7,-0.7,0
269,4.67,0.00,91.2,150.2,-0.0,5,10381,1.000,0.000,0.000,0.193,0.004,129.8,-0.8,0
270,4.69,0.00,92.1,150.9,-0.0,5,10423,1.000,0.000,0.000,0.192,0.004,128.9,-0.9,0
271,4.71,0.00,93.0,151.5,-0.0,5,10465,1.000,0.000,0.000,0.192,0.004,127.9,-0.9,0
272,4.73,0.00,93.9,152.1,-0.0,5,10508,1.000,0.000,0.000,0.191,0.004,127.0,-1.0,0
273,4.76,0.00,94.9,152.8,-0.0,5,10550,1.000,0.000,0.000,0.190,0.004,126.0,-1.0,0
274,4.78,0.00,95.8,153.4,-0.0,5,10592,1.000,0.000,0.000,0.189,0.004,125.1,-1.0,0
275,4.80,0.00,96.7,154.0,-0.0,5,10634,1.000,0.000,0.000,0.189,0.004,124.1,-1.1,0
276,4.82,0.00,97.7,154.6,-0.0,5,10675,1.000,0.000,0.000,0.188,0.004,123.2,-1.1,0
277,4.84,0.00,98.6,155.3,-0.0,5,10716,1.000,0.000,0.000,0.187,0.004,122.2,-1.2,0
278,4.87,0.00,99.6,155.9,-0.0,5,10757,1.000,0.000,0.001,0.187,0.004,121.2,-1.3,0
279,4.89,0.00,100.5,156.5,0.0,5,10798,1.000,0.000,0.000,0.186,0.004,120.3,-1.3,0
280,4.91,0.00,101.5,157.1,-0.0,5,10840,1.000,0.000,0.000,0.185,0.004,119.3,-1.4,0
281,4.93,0.00,102.4,157.8,-0.0,5,10881,1.000,0.000,0.000,0.184,0.004,118.3,-1.4,0
282,4.95,0.00,103.4,158.4,-0.0,5,10922,1.000,0.000,0.000,0.184,0.004,117.3,-1.5,0
283,4.98,0.00,104.4,159.0,-0.0,5,10963,1.000,0.000,0.000,0.183,0.004,116.3,-1.5,0
284,5.00,0.00,105.4,159.6,-0.0,5,11004,1.000,0.000,0.000,0.182,0.004,115.3,-1.6,0
285,5.02,0.00,106.3,160.2,-0.0,5,11044,0.990,0.000,0.001,0.182,0.004,114.4,-1.7,0
286,5.04,0.00,107.3,160.8,-0.0,5,11079,0.980,0.000,0.000,0.181,0.004,113.4,-1.9,0
287,5.06,0.00,108.3,161.4,-0.0,5,11113,0.970,0.000,0.000,0.180,0.004,112.4,-2.1,0
288,5.09,0.00,109.3,162.0,-0.0,5,11148,0.960,0.000,0.000,0.180,0.004,111.4,-2.2,0
289,5.11,0.00,110.3,162.6,-0.0,5,11181,0.950,0.000,0.000,0.179,0.004,110.3,-2.4,0
290,5.13,0.00,111.3,163.2,-0.0,5,11214,0.940,0.000,0.001,0.178,0.004,109.3,-2.6,0
291,5.15,0.00,112.3,163.7,-0.0,5,11246,0.930,0.000,0.011,0.177,0.004,108.3,-2.8,0
292,5.17,0.00,113.3,164.3,0.0,5,11278,0.920,0.000,0.009,0.177,0.004,107.4,-3.0,0
293,5.20,0.00,114.3,164.8,-0.0,5,11307,0.910,0.000,0.005,0.176,0.003,106.6,-3.2,0
294,5.22,0.00,115.3,165.3,-0.1,5,11336,0.900,0.000,0.002,0.176,0.002,105.7,-3.4,0
295,5.24,0.00,116.3,165.8,-0.1,5,11366,0.890,0.000,-0.001,0.175,0.002,104.8,-3.5,0
296,5.26,0.00,117.3,166.3,-0.1,5,11395,0.880,0.000,-0.002,0.175,0.002,103.8,-3.7,0
297,5.28,0.00,118.3,166.8,-0.1,5,11424,0.870,0.000,-0.002,0.174,0.002,102.8,-3.8,0
298,5.31,0.00,119.4,167.3,-0.1,5,11451,0.860,0.000,-0.002,0.174,0.002,101.7,-4.0,0
299,5.33,0.00,120.4,167.8,-0.0,5,11478,0.850,0.000,-0.001,0.173,0.002,100.6,-4.2,0
300,5.35,0.00,121.4,168.2,-0.0,5,11504,0.840,0.000,0.000,0.173,0.002,99.5,-4.3,0
301,5.37,0.00,122.4,168.7,0.0,5,11528,0.830,0.000,0.001,0.173,0.002,98.4,-4.6,0
302,5.39,0.00,123.5,169.1,0.0,5,11552,0.000,0.033,0.001,0.172,0.002,97.4,-4.7,0
303,5.42,0.00,124.5,169.0,0.0,5,11219,0.000,0.070,0.000,0.172,0.002,96.3,-12.7,0
304,5.44,0.00,125.5,168.5,-0.0,5,11166,0.000,0.089,-0.001,0.171,0.002,95.3,-12.1,0
305,5.46,0.00,126.6,167.9,-0.0,5,11118,0.000,0.103,-0.001,0.171,0.002,94.3,-11.7,0
306,5.48,0.00,127.6,167.3,-0.0,5,11068,0.000,0.116,-0.002,0.171,0.002,93.2,-11.5,0
307,5.50,0.00,128.6,166.6,-0.0,5,11018,0.000,0.127,-0.002,0.170,0.002,92.2,-11.2,0
308,5.53,0.00,129.6,165.9,-0.0,5,10966,0.000,0.137,-0.002,0.170,0.002,91.2,-10.9,0
309,5.55,0.00,130.6,165.1,-0.0,5,10914,0.000,0.145,-0.002,0.170,0.002,90.1,-10.6,0
310,5.57,0.00,131.6,164.4,-0.0,5,10859,0.000,0.153,-0.001,0.169,0.002,89.1,-10.3,0
311,5.59,0.00,132.6,163.6,-0.0,5,10803,0.000,0.159,-0.001,0.169,0.002,88.0,-10.0,0
312,5.61,0.00,133.6,162.8,-0.0,5,10747,0.000,0.164,-0.001,0.168,0.002,87.0,-9.8,0
313,5.64,0.00,134.6,161.9,-0.0,5,10690,0.000,0.168,-0.002,0.168,0.002,86.0,-9.6,0
314,5.66,0.00,135.6,161.1,-0.0,5,10632,0.000,0.172,-0.002,0.168,0.002,85.0,-9.5,0
315,5.68,0.00,136.6,160.2,-0.0,5,10574,0.000,0.175,-0.001,0.167,0.002,84.0,-9.3,0
316,5.70,0.00,137.6,159.4,-0.0,5,10517,0.000,0.178,-0.001,0.167,0.002,83.0,-9.2,0
317,5.72,0.00,138.5,158.5,-0.0,5,10459,0.000,0.180,-0.001,0.166,0.002,82.0,-9.0,0
318,5.75,0.00,139.5,157.7,-0.0,5,10400,0.000,0.182,-0.001,0.166,0.002,81.0,-8.9,0
319,5.77,0.00,140.5,156.8,-0.0,5,10341,0.000,0.184,-0.002,0.166,0.002,80.0,-8.8,0
320,5.79,0.00,141.4,155.9,-0.0,5,10282,0.000,0.186,-0.002,0.165,0.002,79.1,-8.7,0
321,5.81,0.00,142.4,155.0,-0.0,5,10223,0.000,0.188,-0.001,0.165,0.002,78.1,-8.6,0
322,5.83,0.00,143.3,154.2,-0.0,5,10164,0.000,0.190,-0.001,0.164,0.002,77.1,-8.5,0
323,5.86,0.00,144.3,153.3,-0.0,5,10105,0.000,0.192,-0.001,0.164,0.002,76.1,-8.4,0
324,5.88,0.00,145.2,152.4,-0.0,5,10045,0.000,0.193,-0.001,0.164,0.002,75.2,-8.3,0
325,5.90,0.00,146.1,151.5,-0.0,5,9987,0.000,0.194,-0.001,0.163,0.002,74.2,-8.1,0
326,5.92,0.00,147.0,150.6,-0.0,5,9927,0.000,0.195,-0.000,0.163,0.002,73.3,-8.0,0
327,5.94,0.00,148.0,149.7,-0.0,5,9868,0.000,0.196,0.025,0.163,0.002,72.4,-8.0,0
328,5.97,0.00,148.9,148.8,0.0,5,9808,0.000,0.189,0.020,0.162,0.001,71.6,-7.8,0
329,5.99,0.00,149.8,148.0,-0.1,5,9753,0.000,0.177,0.011,0.162,-0.000,71.0,-7.9,0
330,6.01,0.00,150.7,147.1,-0.2,5,9702,0.000,0.166,0.003,0.162,-0.002,70.3,-8.2,0
331,6.03,0.00,151.6,146.3,-0.3,5,9654,0.000,0.162,-0.003,0.162,-0.003,69.6,-8.4,0
332,6.05,0.00,152.5,145.5,-0.3,5,9605,0.000,0.164,-0.007,0.162,-0.004,68.8,-8.4,0
333,6.08,0.00,153.4,144.8,-0.3,5,9553,0.000,0.171,-0.007,0.163,-0.004,67.9,-8.3,0
334,6.10,0.00,154.2,144.0,-0.2,5,9499,0.000,0.180,-0.006,0.163,-0.004,66.9,-8.0,0
335,6.12,0.00,155.1,143.2,-0.1,5,9442,0.000,0.189,-0.004,0.163,-0.003,66.0,-7.7,0
336,6.14,0.00,156.0,142.3,-0.1,5,9382,0.000,0.196,-0.002,0.164,-0.003,65.0,-7.5,0
337,6.16,0.00,156.9,141.5,-0.0,5,9322,0.000,0.201,-0.001,0.164,-0.002,64.1,-7.2,0
338,6.19,0.00,157.7,140.6,-0.0,5,9262,0.000,0.204,-0.000,0.164,-0.002,63.2,-7.1,0
339,6.21,0.00,158.6,139.7,0.0,5,9202,0.000,0.206,-0.000,0.165,-0.002,62.3,-7.0,0
340,6.23,0.00,159.4,138.9,-0.0,4,10205,0.000,0.209,-0.001,0.165,-0.002,61.4,-6.2,0
341,6.25,0.00,160.3,138.0,-0.0,4,10173,0.000,0.213,-0.001,0.165,-0.002,60.6,-6.0,0
342,6.27,0.00,161.1,137.2,-0.0,4,10036,0.000,0.216,-0.001,0.165,-0.002,59.7,-6.9,0
343,6.30,0.00,161.9,136.2,0.0,4,9964,0.000,0.216,-0.000,0.166,-0.002,58.8,-6.8,0
344,6.32,0.00,162.8,135.3,0.0,4,9894,0.000,0.216,0.000,0.166,-0.002,58.0,-6.8,0
345,6.34,0.00,163.6,134.3,0.0,4,9824,0.000,0.216,0.001,0.166,-0.002,57.1,-6.7,0
346,6.36,0.00,164.4,133.4,0.0,4,9754,0.000,0.216,0.001,0.167,-0.002,56.2,-6.7,0
347,6.38,0.00,165.2,132.5,0.0,4,9686,0.000,0.216,0.002,0.167,-0.001,55.4,-6.6,0
348,6.41,0.00,166.0,131.5,0.1,4,9617,0.000,0.215,0.002,0.167,-0.001,54.6,-6.5,0
349,6.43,0.00,166.8,130.6,0.0,4,9550,0.000,0.215,0.002,0.167,-0.001,53.8,-6.5,0
350,6.45,0.00,167.6,129.7,0.0,4,9483,0.000,0.214,0.002,0.168,-0.002,53.0,-6.5,0
351,6.47,0.00,168.4,128.8,0.0,4,9416,0.000,0.214,0.003,0.168,-0.002,52.2,-6.4,0
352,6.49,0.00,169.2,127.8,0.0,4,9350,0.000,0.214,0.004,0.168,-0.002,51.4,-6.3,0
353,6.52,0.00,170.0,126.9,0.0,4,9285,0.000,0.213,0.087,0.168,-0.002,50.6,-6.2,0
354,6.54,0.00,170.8,126.0,0.2,4,9220,0.000,0.199,0.079,0.169,-0.004,50.1,-5.5,0
355,6.56,0.00,171.5,125.2,0.0,4,9160,0.000,0.166,0.057,0.170,-0.009,49.9,-6.0,0
356,6.58,0.00,172.3,124.4,-0.3,4,9117,0.000,0.135,0.033,0.171,-0.014,49.7,-6.9,0
357,6.60,0.00,173.0,123.7,-0.5,4,9082,0.000,0.114,0.012,0.173,-0.019,49.5,-7.6,0
358,6.63,0.00,173.8,123.1,-0.7,4,9049,0.000,0.108,-0.001,0.175,-0.022,49.1,-7.9,0
359,6.65,0.00,174.5,122.5,-0.7,4,9012,0.000,0.114,-0.006,0.177,-0.024,48.5,-7.9,0
360,6.67,0.00,175.3,122.0,-0.6,4,8969,0.000,0.128,-0.006,0.179,-0.025,47.8,-7.7,0
361,6.69,0.00,176.0,121.4,-0.5,4,8920,0.000,0.144,-0.003,0.182,-0.025,47.0,-7.4,0
362,6.71,0.00,176.8,120.7,-0.3,4,8865,0.000,0.159,0.000,0.184,-0.024,46.3,-7.0,0
363,6.74,0.00,177.5,120.0,-0.2,4,8808,0.000,0.171,0.003,0.187,-0.024,45.5,-6.6,0
364,6.76,0.00,178.2,119.3,-0.2,4,8749,0.000,0.180,0.006,0.190,-0.024,44.8,-6.4,0
365,6.78,0.00,179.0,118.5,-0.1,4,8689,0.000,0.186,0.007,0.192,-0.025,44.1,-6.2,0
366,6.80,0.00,179.7,117.8,-0.1,4,8628,0.000,0.190,0.007,0.195,-0.025,43.4,-6.0,0
367,6.82,0.00,180.4,117.0,-0.1,4,8568,0.000,0.192,0.007,0.198,-0.026,42.7,-5.9,0
368,6.85,0.00,181.1,116.2,-0.1,4,8509,0.000,0.194,0.006,0.201,-0.027,42.0,-5.8,0
369,6.87,0.00,181.8,115.4,-0.1,4,8449,0.000,0.196,0.006,0.204,-0.027,41.4,-5.7,0
370,6.89,0.00,182.5,114.6,-0.1,4,8390,0.000,0.198,0.006,0.207,-0.028,40.7,-5.7,0
371,6.91,0.00,183.2,113.8,-0.1,4,8329,0.000,0.200,0.006,0.211,-0.028,40.1,-6.0,0
372,6.93,0.00,183.9,112.9,-0.1,4,8269,0.000,0.202,0.003,0.214,-0.029,39.4,-5.7,0
373,6.96,0.00,184.6,112.1,-0.1,4,8209,0.000,0.204,0.035,0.217,-0.022,38.8,-5.5,0
374,6.98,0.00,185.3,111.3,-0.0,4,8148,0.000,0.202,0.068,0.219,-0.016,38.2,-5.2,0
375,7.00,0.00,186.0,110.5,0.0,4,8098,0.000,0.188,0.094,0.220,-0.011,37.8,-4.6,0
376,7.02,0.00,186.7,109.7,0.0,4,8044,0.000,0.164,0.110,0.221,-0.008,37.5,-5.3,0
377,7.04,0.00,187.4,109.0,-0.1,3,9863,0.000,0.132,0.118,0.222,-0.007,37.5,-5.2,0
378,7.07,0.00,188.0,108.4,-0.2,3,9833,0.000,0.097,0.120,0.223,-0.007,37.6,-5.7,0
379,7.09,0.00,188.7,107.9,-0.4,3,9737,0.000,0.059,0.119,0.223,-0.008,37.7,-7.4,0
380,7.11,0.00,189.4,107.4,-0.6,3,9717,0.000,0.019,0.116,0.223,-0.010,38.0,-8.0,0
381,7.13,0.00,190.0,107.1,-0.7,3,9709,0.050,0.000,0.115,0.224,-0.011,38.3,-8.6,0
382,7.15,0.00,190.7,106.8,-0.7,3,9729,0.100,0.000,0.116,0.224,-0.012,38.5,-8.4,0
383,7.18,0.00,191.4,106.7,-0.8,3,9749,0.150,0.000,0.117,0.225,-0.013,38.8,-7.7,0
384,7.20,0.00,192.0,106.6,-0.8,3,9775,0.200,0.000,0.120,0.226,-0.014,39.1,-7.0,0
385,7.22,0.00,192.7,106.6,-0.8,3,9807,0.250,0.000,0.125,0.226,-0.015,39.5,-6.3,0
386,7.24,0.00,193.3,106.7,-0.8,3,9839,0.300,0.000,0.130,0.227,-0.016,39.9,-5.7,0
387,7.26,0.00,194.0,106.8,-0.8,3,9881,0.350,0.000,0.136,0.228,-0.017,40.3,-5.0,0
388,7.29,0.00,194.7,106.9,-0.7,3,9932,0.400,0.000,0.142,0.229,-0.018,40.7,-4.3,0
389,7.31,0.00,195.3,107.2,-0.7,3,9992,0.450,0.000,0.149,0.230,-0.019,41.3,-3.5,0
390,7.33,0.00,196.0,107.4,-0.8,3,10061,0.500,0.000,0.156,0.232,-0.020,42.0,-2.6,0
391,7.35,0.00,196.7,107.8,-0.8,3,10137,0.550,0.000,0.165,0.233,-0.022,42.8,-1.7,0
392,7.37,0.00,197.3,108.1,-0.9,3,10218,0.600,0.000,0.157,0.235,-0.024,43.7,-0.8,0
393,7.40,0.00,198.0,108.6,-1.0,3,10309,0.650,0.000,0.136,0.237,-0.027,44.8,0.2,0
394,7.42,0.00,198.7,109.1,-1.2,3,10408,0.700,0.000,0.116,0.238,-0.029,45.9,1.2,0
395,7.44,0.00,199.4,109.7,-1.3,3,10517,0.750,0.000,0.100,0.240,-0.030,47.1,2.3,0
396,7.46,0.00,200.1,110.3,-1.4,3,10635,0.800,0.000,0.088,0.242,-0.030,48.2,3.4,0
397,7.48,0.00,200.7,110.6,-1.4,4,8643,0.850,0.000,0.083,0.244,-0.030,49.1,-7.7,0
398,7.51,0.00,201.4,110.4,-1.2,4,8653,0.900,0.000,0.083,0.246,-0.028,49.9,-8.1,0
399,7.53,0.00,202.1,110.3,-1.1,4,8203,0.950,0.000,0.085,0.248,-0.026,50.7,-7.8,0
400,7.55,0.00,202.8,110.7,-1.1,4,8638,1.000,0.000,0.056,0.250,-0.024,51.6,2.3,0
401,7.57,0.00,203.5,111.3,-1.2,4,8768,1.000,0.000,0.025,0.251,-0.022,52.5,4.3,0
402,7.59,0.00,204.2,112.1,-1.3,4,8815,1.000,0.000,0.025,0.252,-0.019,53.1,4.2,0
403,7.62,0.00,204.9,112.8,-1.2,4,8891,1.000,0.000,0.041,0.253,-0.014,53.4,4.7,0
404,7.64,0.00,205.6,113.5,-1.1,4,8940,1.000,0.000,0.062,0.253,-0.009,53.7,4.6,0
405,7.66,0.00,206.3,114.3,-1.0,4,8981,1.000,0.000,0.083,0.253,-0.005,54.0,4.3,0
406,7.68,0.00,207.0,115.0,-0.9,4,9026,1.000,0.000,0.101,0.252,-0.001,54.6,4.1,0
407,7.70,0.00,207.7,115.8,-0.8,4,9081,1.000,0.000,0.112,0.251,0.002,55.6,4.0,0
408,7.73,0.00,208.5,116.4,-0.9,4,9233,0.850,0.000,0.106,0.250,0.004,57.3,6.1,0
409,7.75,0.00,209.2,117.1,-1.2,4,9208,0.900,0.000,0.091,0.248,0.005,59.7,4.5,0
410,7.77,0.00,209.9,117.8,-1.4,4,9252,0.950,0.000,0.076,0.246,0.005,62.2,4.3,0
411,7.79,0.00,210.6,118.5,-1.6,4,9329,1.000,0.000,0.067,0.244,0.007,64.8,4.8,0
412,7.81,0.00,211.4,119.2,-1.7,4,9420,0.850,0.000,0.063,0.241,0.009,67.3,5.6,0
413,7.84,0.00,212.1,119.9,-1.7,4,9418,0.900,0.000,0.060,0.238,0.012,69.8,4.1,0
414,7.86,0.00,212.9,120.5,-1.8,4,9540,0.750,0.000,0.056,0.235,0.014,72.8,6.0,0
415,7.88,0.00,213.6,121.2,-1.9,4,9427,0.800,0.000,0.055,0.231,0.018,75.8,2.4,0
416,7.90,0.00,214.4,121.8,-1.7,4,9446,0.850,0.000,0.063,0.227,0.022,78.2,1.6,0
417,7.92,0.00,215.1,122.4,-1.5,4,9502,0.900,0.000,0.076,0.222,0.027,80.6,1.7,0
418,7.95,0.00,215.9,123.0,-1.4,4,9677,0.950,0.000,0.091,0.217,0.031,83.8,4.4,0
419,7.97,0.00,216.7,123.6,-1.5,4,9878,0.800,0.000,0.088,0.211,0.033,89.2,8.4,0
420,7.99,0.00,217.4,124.3,-1.8,4,9770,0.650,0.000,0.087,0.205,0.035,96.1,5.0,0
421,8.01,0.00,218.1,124.8,-1.8,4,9608,0.700,0.000,0.094,0.199,0.038,102.9,0.1,0
422,8.03,0.00,218.8,125.3,-1.7,4,9620,0.750,0.000,0.244,0.193,0.041,109.9,-0.7,0
423,8.05,0.00,219.5,125.7,-1.5,4,9734,0.800,0.000,0.249,0.187,0.043,120.0,1.3,0
424,8.07,0.00,220.2,126.0,-1.7,4,9946,0.650,0.000,0.234,0.180,0.042,141.8,6.1,0
425,8.09,0.00,221.0,126.4,-2.2,4,9856,0.700,0.000,0.207,0.174,0.038,185.1,3.4,0
426,8.11,0.00,221.7,126.8,-2.8,4,9863,0.750,0.000,0.169,0.167,0.033,196.8,2.6,0
427,8.13,0.00,222.4,127.2,-3.2,4,9902,0.800,0.000,0.103,0.161,0.022,200.0,2.6,0
428,8.15,0.00,223.1,127.7,-3.5,4,9949,0.850,0.000,0.038,0.156,0.011,200.0,2.6,0
429,8.17,0.00,223.8,128.2,-3.8,4,10085,0.900,0.000,-0.015,0.152,0.002,200.0,4.7,0
430,8.19,0.00,224.5,128.8,-4.0,4,10158,0.750,0.000,-0.052,0.148,-0.005,200.0,5.4,0
431,8.21,0.00,225.2,129.4,-3.8,4,10037,0.800,0.000,-0.066,0.145,-0.007,200.0,1.5,0
432,8.23,0.00,225.9,129.9,-3.2,4,10032,0.850,0.000,-0.062,0.143,-0.007,200.0,0.2,0
433,8.25,0.00,226.7,130.5,-2.4,4,10072,0.900,0.000,-0.043,0.141,-0.004,200.0,0.0,0
434,8.27,0.00,227.4,131.1,-1.7,4,10135,0.950,0.000,-0.022,0.140,-0.000,200.0,0.4,0
435,8.29,0.00,228.1,131.8,-1.0,4,10214,1.000,0.000,-0.002,0.138,0.003,200.0,1.2,0
436,8.31,0.00,228.9,132.5,-0.6,4,10306,1.000,0.000,0.009,0.137,0.005,200.0,2.1,0
437,8.33,0.00,229.6,133.2,-0.3,4,10369,1.000,0.000,0.014,0.136,0.006,199.4,2.4,0
438,8.35,0.00,230.3,133.9,-0.2,4,10428,1.000,0.000,0.014,0.135,0.006,198.7,2.5,0
439,8.37,0.00,231.1,134.6,-0.1,4,10482,1.000,0.000,0.011,0.134,0.005,198.1,2.5,0
440,8.39,0.00,231.8,135.3,-0.2,4,10536,1.000,0.000,0.006,0.133,0.004,197.6,2.5,0
441,8.41,0.00,232.6,136.0,-0.2,4,10591,1.000,0.000,0.002,0.133,0.004,197.0,2.5,0
442,8.43,0.00,233.3,136.7,-0.2,4,10645,1.000,0.000,-0.000,0.132,0.003,196.4,2.5,0
443,8.45,0.00,234.1,137.4,-0.2,4,10698,1.000,0.000,-0.002,0.132,0.003,195.7,2.4,0
444,8.47,0.00,234.9,138.1,-0.2,4,10750,1.000,0.000,-0.002,0.131,0.003,194.9,2.4,0
445,8.49,0.00,235.6,138.8,-0.1,4,10801,1.000,0.000,-0.002,0.131,0.003,194.1,2.3,0
446,8.51,0.00,236.4,139.5,-0.1,4,10851,1.000,0.000,-0.001,0.130,0.003,193.3,2.2,0
447,8.53,0.00,237.2,140.2,-0.1,4,10901,1.000,0.000,-0.001,0.130,0.003,192.5,2.1,0
448,8.55,0.00,238.0,140.6,-0.0,5,9787,1.000,0.000,-0.000,0.129,0.003,191.7,-9.7,0
449,8.57,0.00,238.8,140.4,-0.0,5,9791,1.000,0.000,0.000,0.129,0.003,190.9,-10.4,0
450,8.59,0.00,239.5,140.3,-0.0,5,9359,1.000,0.000,0.001,0.128,0.003,190.1,-10.3,0
451,8.61,0.00,240.3,140.6,-0.0,5,9737,1.000,0.000,0.001,0.128,0.003,189.3,-0.5,0
452,8.63,0.00,241.1,141.2,-0.0,5,9804,1.000,0.000,0.000,0.127,0.003,188.5,0.5,0
453,8.65,0.00,241.9,141.8,-0.0,5,9840,1.000,0.000,0.000,0.127,0.003,187.7,0.4,0
454,8.67,0.00,242.7,142.4,-0.0,5,9869,1.000,0.000,0.000,0.127,0.003,186.9,0.0,0
455,8.69,0.00,243.5,143.0,-0.0,5,9902,1.000,0.000,0.000,0.126,0.003,186.1,-0.2,0
456,8.71,0.00,244.3,143.6,-0.0,5,9939,1.000,0.000,0.000,0.126,0.003,185.3,-0.3,0
457,8.73,0.00,245.1,144.2,-0.0,5,9980,1.000,0.000,0.000,0.125,0.003,184.5,-0.4,0
458,8.75,0.00,245.9,144.8,-0.0,5,10026,1.000,0.000,0.000,0.125,0.003,183.7,-0.3,0
459,8.77,0.00,246.7,145.4,-0.0,5,10074,1.000,0.000,0.000,0.124,0.003,182.9,-0.1,0
460,8.79,0.00,247.5,146.0,-0.0,5,10115,1.000,0.000,0.000,0.124,0.003,182.1,-0.1,0
461,8.81,0.00,248.3,146.6,-0.0,5,10154,1.000,0.000,0.000,0.124,0.003,181.3,-0.2,0
462,8.83,0.00,249.1,147.2,-0.0,5,10193,1.000,0.000,0.000,0.123,0.003,180.4,-0.3,0
463,8.85,0.00,249.9,147.8,-0.0,5,10231,1.000,0.000,0.000,0.123,0.003,179.6,-0.4,0
464,8.87,0.00,250.8,148.4,-0.0,5,10268,1.000,0.000,0.000,0.122,0.003,178.8,-0.5,0
465,8.89,0.00,251.6,149.0,-0.0,5,10307,1.000,0.000,0.000,0.122,0.003,177.9,-0.5,0
466,8.91,0.00,252.4,149.6,-0.0,5,10346,1.000,0.000,0.000,0.121,0.003,177.1,-0.6,0
467,8.93,0.00,253.2,150.2,-0.0,5,10387,1.000,0.000,0.000,0.121,0.003,176.2,-0.6,0
468,8.95,0.00,254.1,150.8,-0.0,5,10435,1.000,0.000,0.000,0.121,0.003,175.4,-0.4,0
469,8.97,0.00,254.9,151.4,-0.0,5,10473,1.000,0.000,0.000,0.120,0.003,174.5,-0.5,0
470,8.99,0.00,255.8,152.0,-0.0,5,10509,1.000,0.000,0.000,0.120,0.003,173.7,-0.6,0
471,9.01,0.00,256.6,152.6,-0.0,5,10546,1.000,0.000,0.001,0.119,0.003,172.8,-0.8,0
472,9.03,0.00,257.5,153.2,0.0,5,10582,1.000,0.000,0.000,0.119,0.003,172.0,-0.9,0
473,9.05,0.00,258.3,153.8,-0.0,5,10619,1.000,0.000,0.000,0.118,0.003,171.1,-1.0,0
474,9.07,0.00,259.2,154.3,-0.0,5,10657,1.000,0.000,0.000,0.118,0.003,170.3,-1.0,0
475,9.09,0.00,260.0,154.9,-0.0,5,10697,1.000,0.000,0.000,0.117,0.003,169.4,-1.1,0
476,9.11,0.00,260.9,155.5,-0.0,5,10745,1.000,0.000,0.000,0.117,0.003,168.5,-0.9,0
477,9.13,0.00,261.8,156.1,-0.0,5,10792,1.000,0.000,0.000,0.117,0.003,167.7,-0.7,0
478,9.15,0.00,262.6,156.7,-0.0,5,10826,1.000,0.000,0.000,0.116,0.003,166.8,-0.8,0
479,9.17,0.00,263.5,157.2,-0.0,5,10860,1.000,0.000,0.000,0.116,0.003,165.9,-1.0,0
480,9.19,0.00,264.4,157.8,-0.0,5,10894,1.000,0.000,0.000,0.115,0.003,165.0,-1.2,0
481,9.21,0.00,265.2,158.4,-0.0,5,10929,1.000,0.000,0.000,0.115,0.003,164.1,-1.4,0
482,9.23,0.00,266.1,159.0,-0.0,5,10965,1.000,0.000,0.000,0.114,0.003,163.2,-1.4,0
483,9.25,0.00,267.0,159.6,-0.0,5,11002,1.000,0.000,0.001,0.114,0.003,162.3,-1.5,0
484,9.27,0.00,267.9,160.1,0.0,5,11041,0.990,0.000,0.000,0.113,0.003,161.4,-1.5,0
485,9.29,0.00,268.8,160.7,-0.0,5,11096,0.980,0.000,0.000,0.113,0.003,160.5,-1.2,0
486,9.31,0.00,269.7,161.3,-0.0,5,11127,0.970,0.000,0.000,0.113,0.003,159.6,-1.3,0
487,9.33,0.00,270.6,161.8,-0.0,5,11152,0.960,0.000,0.000,0.112,0.003,158.7,-1.7,0
488,9.35,0.00,271.5,162.4,-0.0,5,11177,0.950,0.000,0.000,0.112,0.003,157.8,-2.1,0
489,9.37,0.00,272.4,162.9,-0.0,5,11202,0.940,0.000,0.001,0.111,0.003,156.9,-2.4,0
490,9.39,0.00,273.3,163.4,-0.0,5,11228,0.930,0.000,0.000,0.111,0.003,156.0,-2.7,0
491,9.41,0.00,274.2,163.9,-0.0,5,11256,0.920,0.000,0.000,0.110,0.003,155.1,-2.9,0
492,9.43,0.00,275.1,164.4,-0.0,5,11285,0.910,0.000,0.000,0.110,0.003,154.2,-3.1,0
493,9.45,0.00,276.0,164.9,-0.0,5,11332,0.900,0.000,0.004,0.109,0.003,153.2,-2.8,0
494,9.47,0.00,277.0,165.4,0.0,5,11364,0.890,0.000,0.003,0.109,0.003,152.3,-2.7,0
495,9.49,0.00,277.9,165.9,-0.0,5,11383,0.880,0.000,0.002,0.109,0.003,151.4,-3.1,0
496,9.51,0.00,278.8,166.4,-0.0,5,11404,0.870,0.000,0.001,0.108,0.002,150.6,-3.5,0
497,9.53,0.00,279.7,166.8,-0.0,5,11424,0.860,0.000,-0.000,0.108,0.002,149.7,-3.8,0
498,9.55,0.00,280.7,167.3,-0.1,5,11445,0.850,0.000,-0.001,0.107,0.002,148.7,-4.1,0
499,9.57,0.00,281.6,167.7,-0.1,5,11468,0.840,0.000,-0.001,0.107,0.002,147.8,-4.3,0
500,9.59,0.00,282.5,168.1,-0.0,5,11491,0.830,0.000,-0.001,0.107,0.002,146.9,-4.5,0
501,9.61,0.00,283.4,168.5,-0.0,5,11518,0.820,0.000,-0.000,0.106,0.002,145.9,-4.6,0
502,9.63,0.00,284.4,169.0,-0.0,5,11543,0.810,0.000,0.000,0.106,0.002,144.9,-4.6,0
503,9.65,0.00,285.3,169.4,-0.0,5,11565,0.800,0.000,0.000,0.106,0.002,144.0,-4.8,0
504,9.67,0.00,286.3,169.7,0.0,5,11585,0.790,0.000,0.000,0.105,0.002,143.0,-5.0,0
505,9.69,0.00,287.2,170.1,0.0,5,11606,0.780,0.000,0.000,0.105,0.002,142.1,-5.2,0
506,9.71,0.00,288.2,170.2,-0.0,6,10632,0.770,0.000,0.000,0.105,0.002,141.1,-12.2,0
507,9.73,0.00,289.1,170.0,-0.0,6,10632,0.760,0.000,0.000,0.104,0.002,140.1,-12.6,0
508,9.75,0.00,290.0,169.8,-0.0,6,10381,0.750,0.000,0.000,0.104,0.002,139.2,-12.6,0
509,9.77,0.00,291.0,169.7,-0.0,5,11407,0.740,0.000,0.000,0.104,0.002,138.2,-12.5,0
510,9.79,0.00,291.9,169.5,0.0,5,11402,0.730,0.000,0.000,0.103,0.002,137.3,-12.6,0
511,9.81,0.00,292.9,169.3,0.0,5,11285,0.720,0.000,0.000,0.103,0.002,136.3,-12.7,0
512,9.83,0.00,293.8,169.4,0.0,5,11526,0.710,0.000,0.000,0.103,0.002,135.4,-6.3,0
513,9.85,0.00,294.8,169.7,0.0,5,11548,0.700,0.000,0.000,0.102,0.002,134.4,-6.1,0
514,9.87,0.00,295.7,170.1,0.0,5,11561,0.690,0.000,0.000,0.102,0.002,133.5,-6.3,0
515,9.89,0.00,296.6,170.1,0.0,6,10592,0.680,0.000,0.001,0.102,0.002,132.5,-12.2,0
516,9.91,0.00,297.6,169.9,0.0,6,10592,0.670,0.000,0.000,0.101,0.002,131.5,-12.6,0
517,9.93,0.00,298.5,169.7,0.0,5,11319,0.660,0.000,0.000,0.101,0.002,130.6,-12.6,0
518,9.95,0.00,299.5,169.5,0.0,5,11315,0.650,0.000,0.000,0.100,0.002,129.6,-12.6,0
519,9.97,0.00,300.4,169.3,-0.0,5,11310,0.640,0.000,0.000,0.100,0.002,128.7,-12.6,0
520,9.99,0.00,301.4,169.1,-0.0,5,11273,0.630,0.000,0.000,0.100,0.002,127.7,-12.7,0
521,10.01,0.00,302.3,169.2,-0.0,5,11477,0.620,0.000,0.000,0.099,0.002,126.8,-7.2,0
522,10.03,0.00,303.2,169.5,-0.0,5,11492,0.610,0.000,0.000,0.099,0.002,125.8,-7.1,0
523,10.05,0.00,304.2,169.7,-0.0,5,11501,0.600,0.000,0.000,0.099,0.002,124.9,-7.3,0
524,10.07,0.00,305.1,169.9,-0.0,5,11509,0.590,0.000,0.000,0.098,0.002,123.9,-7.5,0
525,10.09,0.00,306.1,170.1,-0.0,5,11526,0.580,0.000,-0.000,0.098,0.002,123.0,-7.4,0
526,10.11,0.00,307.0,170.1,-0.0,6,10560,0.570,0.000,-0.000,0.098,0.002,122.0,-12.3,0
527,10.13,0.00,308.0,169.9,-0.0,6,10560,0.560,0.000,-0.000,0.097,0.002,121.1,-12.6,0
528,10.15,0.00,308.9,169.7,-0.0,5,11320,0.550,0.000,-0.000,0.097,0.002,120.1,-12.6,0
529,10.17,0.00,309.8,169.6,-0.0,5,11316,0.540,0.000,-0.000,0.097,0.002,119.2,-12.6,0
530,10.19,0.00,310.8,169.4,-0.0,5,11312,0.530,0.000,-0.000,0.096,0.002,118.2,-12.6,0
531,10.21,0.00,311.7,169.2,-0.0,5,11274,0.520,0.000,-0.000,0.096,0.002,117.3,-12.7,0
532,10.23,0.00,312.7,169.2,-0.0,5,11432,0.510,0.000,-0.000,0.096,0.002,116.3,-8.4,0
533,10.25,0.00,313.6,169.3,-0.0,5,11451,0.500,0.000,-0.001,0.095,0.002,115.3,-8.0,0
534,10.27,0.00,314.5,169.5,-0.0,5,11451,0.490,0.000,-0.000,0.095,0.002,114.4,-8.3,0
535,10.29,0.00,315.5,169.6,0.0,5,11452,0.480,0.000,-0.000,0.095,0.002,113.4,-8.5,0
536,10.31,0.00,316.4,169.7,0.0,5,11453,0.470,0.000,-0.000,0.094,0.002,112.5,-8.7,0
537,10.33,0.00,317.4,169.8,0.0,5,11455,0.460,0.000,-0.000,0.094,0.002,111.5,-8.9,0
538,10.35,0.00,318.3,169.9,0.0,5,11458,0.450,0.000,0.000,0.094,0.002,110.6,-9.0,0
539,10.37,0.00,319.3,170.0,0.0,5,11461,0.440,0.000,0.000,0.093,0.002,109.6,-9.1,0
540,10.39,0.00,320.2,170.0,0.0,6,10502,0.430,0.000,0.000,0.093,0.002,108.6,-12.4,0
541,10.41,0.00,321.2,169.8,0.0,6,10502,0.420,0.000,0.000,0.093,0.002,107.7,-12.6,0
542,10.43,0.00,322.1,169.6,0.0,5,11312,0.410,0.000,0.000,0.092,0.002,106.7,-12.6,0
543,10.45,0.00,323.0,169.4,0.0,5,11308,0.400,0.000,0.001,0.092,0.002,105.8,-12.6,0
544,10.47,0.00,324.0,169.2,0.0,5,11304,0.390,0.000,0.001,0.091,0.002,104.8,-12.6,0
545,10.49,0.00,324.9,169.1,0.0,5,11267,0.380,0.000,0.000,0.091,0.002,103.9,-12.7,0
546,10.51,0.00,325.9,169.0,-0.0,5,11365,0.370,0.000,-0.000,0.091,0.002,103.0,-9.9,0
547,10.53,0.00,326.8,169.0,-0.0,5,11365,0.360,0.000,0.007,0.090,0.002,102.0,-9.9,0
548,10.55,0.00,327.7,169.1,0.0,5,11370,0.350,0.000,0.005,0.090,0.002,101.1,-9.8,0
549,10.57,0.00,328.7,169.1,-0.0,5,11371,0.340,0.000,0.003,0.090,0.001,100.2,-9.8,0
550,10.59,0.00,329.6,169.1,-0.1,5,11363,0.330,0.000,0.001,0.090,0.001,99.3,-10.0,0
551,10.61,0.00,330.6,169.1,-0.1,5,11357,0.320,0.000,-0.000,0.089,0.001,98.4,-10.2,0
552,10.63,0.00,331.5,169.1,-0.1,5,11351,0.000,0.027,-0.001,0.089,0.001,97.4,-10.3,0
553,10.65,0.00,332.4,168.9,-0.1,5,11209,0.000,0.056,-0.001,0.089,0.001,96.5,-12.9,0
554,10.67,0.00,333.4,168.5,-0.1,5,11169,0.000,0.076,-0.001,0.089,0.001,95.6,-12.2,0
555,10.69,0.00,334.3,168.0,-0.1,5,11129,0.000,0.093,-0.001,0.089,0.001,94.6,-11.8,0
556,10.71,0.00,335.2,167.5,-0.1,5,11077,0.000,0.108,-0.002,0.089,0.001,93.7,-11.7,0
557,10.73,0.00,336.2,166.9,-0.1,5,11031,0.000,0.121,-0.002,0.088,0.001,92.7,-11.5,0
558,10.75,0.00,337.1,166.3,-0.1,5,10990,0.000,0.131,-0.002,0.088,0.001,91.8,-11.2,0
559,10.77,0.00,338.0,165.7,-0.0,5,10948,0.000,0.140,-0.002,0.088,0.001,90.8,-10.9,0
560,10.79,0.00,338.9,165.0,-0.0,5,10903,0.000,0.148,-0.001,0.088,0.001,89.9,-10.6,0
561,10.81,0.00,339.8,164.3,-0.0,5,10856,0.000,0.155,-0.001,0.088,0.001,89.0,-10.0,0
562,10.83,0.00,340.8,163.6,-0.0,5,10808,0.000,0.161,-0.001,0.088,0.001,88.1,-9.6,0
563,10.85,0.00,341.7,162.9,-0.0,5,10759,0.000,0.166,-0.001,0.088,0.001,87.1,-9.4,0
564,10.87,0.00,342.6,162.2,-0.0,5,10698,0.000,0.171,-0.002,0.087,0.001,86.2,-9.6,0
565,10.89,0.00,343.5,161.4,-0.0,5,10644,0.000,0.175,-0.002,0.087,0.001,85.3,-9.6,0
566,10.91,0.00,344.4,160.7,-0.0,5,10596,0.000,0.178,-0.002,0.087,0.001,84.4,-9.5,0
567,10.93,0.00,345.2,159.9,-0.0,5,10548,0.000,0.181,-0.001,0.087,0.001,83.5,-9.3,0
568,10.95,0.00,346.1,159.1,-0.0,5,10497,0.000,0.183,-0.001,0.087,0.001,82.6,-9.2,0
569,10.97,0.00,347.0,158.4,-0.0,5,10447,0.000,0.186,-0.001,0.087,0.001,81.7,-8.9,0
570,10.99,0.00,347.9,157.6,-0.0,5,10395,0.000,0.188,-0.002,0.086,0.001,80.8,-8.7,0
571,11.01,0.00,348.8,156.8,-0.0,5,10343,0.000,0.190,-0.002,0.086,0.001,79.9,-8.6,0
572,11.03,0.00,349.6,156.0,-0.0,5,10288,0.000,0.192,-0.001,0.086,0.001,79.0,-8.6,0
573,11.05,0.00,350.5,155.2,-0.0,5,10231,0.000,0.194,-0.001,0.086,0.001,78.2,-8.6,0
574,11.07,0.00,351.4,154.4,-0.0,5,10179,0.000,0.196,-0.002,0.086,0.001,77.3,-8.5,0
575,11.09,0.00,352.2,153.7,-0.0,5,10127,0.000,0.197,-0.002,0.086,0.001,76.4,-8.4,0
576,11.11,0.00,353.1,152.9,-0.0,5,10075,0.000,0.199,-0.001,0.086,0.001,75.6,-8.3,0
577,11.13,0.00,353.9,152.1,-0.0,5,10022,0.000,0.200,-0.001,0.085,0.001,74.7,-8.1,0
578,11.15,0.00,354.8,151.3,-0.0,5,9968,0.000,0.201,-0.001,0.085,0.001,73.8,-7.9,0
579,11.17,0.00,355.6,150.5,-0.0,5,9915,0.000,0.203,-0.001,0.085,0.001,73.0,-7.8,0
580,11.19,0.00,356.4,149.7,-0.0,5,9861,0.000,0.204,-0.001,0.085,0.001,72.1,-7.7,0
581,11.21,0.00,357.3,148.8,-0.0,5,9802,0.000,0.205,-0.002,0.085,0.001,71.3,-7.8,0
582,11.23,0.00,358.1,148.0,-0.0,5,9749,0.000,0.206,-0.001,0.084,0.001,70.5,-7.8,0
583,11.25,0.00,358.9,147.2,-0.0,5,9697,0.000,0.207,-0.001,0.084,0.001,69.6,-7.7,0
584,11.27,0.00,359.7,146.4,-0.0,5,9645,0.000,0.207,-0.001,0.084,0.001,68.8,-7.6,0
585,11.29,0.00,360.5,145.6,-0.0,5,9592,0.000,0.208,-0.001,0.084,0.001,68.0,-7.5,0
586,11.31,0.00,361.3,144.8,-0.0,5,9539,0.000,0.209,-0.001,0.084,0.001,67.2,-7.3,0
587,11.33,0.00,362.1,144.0,-0.0,5,9485,0.000,0.211,-0.001,0.084,0.001,66.4,-7.1,0
588,11.35,0.00,362.9,143.2,-0.0,5,9431,0.000,0.212,0.014,0.083,0.001,65.6,-7.0,0
589,11.37,0.00,363.7,142.4,0.0,5,9377,0.000,0.210,0.012,0.083,0.001,64.8,-6.9,0
590,11.39,0.00,364.5,141.6,-0.0,5,9320,0.000,0.207,0.008,0.083,-0.000,64.1,-7.1,0
591,11.41,0.00,365.3,140.8,-0.1,5,9270,0.000,0.204,0.003,0.083,-0.001,63.4,-7.1,0
592,11.43,0.00,366.1,140.0,-0.2,5,9221,0.000,0.203,-0.001,0.083,-0.002,62.6,-7.1,0
593,11.45,0.00,366.9,139.2,-0.2,5,9172,0.000,0.203,-0.004,0.083,-0.002,61.9,-7.1,0
594,11.47,0.00,367.6,138.5,-0.2,4,10175,0.000,0.207,-0.004,0.084,-0.002,61.1,-6.3,0
595,11.49,0.00,368.4,137.8,-0.1,4,10146,0.000,0.213,-0.004,0.084,-0.002,60.3,-6.1,0
596,11.51,0.00,369.2,137.0,-0.1,4,10035,0.000,0.218,-0.003,0.084,-0.002,59.5,-6.6,0
597,11.53,0.00,369.9,136.2,-0.1,4,9965,0.000,0.220,-0.002,0.084,-0.002,58.7,-6.6,0
598,11.55,0.00,370.7,135.4,-0.0,4,9901,0.000,0.221,-0.000,0.084,-0.001,57.9,-6.6,0
599,11.57,0.00,371.4,134.5,0.0,4,9835,0.000,0.222,0.001,0.084,-0.001,57.2,-6.7,0
600,11.59,0.00,372.2,133.7,0.0,4,9771,0.000,0.222,0.002,0.085,-0.001,56.4,-6.8,0
601,11.61,0.00,372.9,132.8,0.1,4,9711,0.000,0.222,0.002,0.085,-0.001,55.6,-6.7,0
602,11.63,0.00,373.6,132.0,0.1,4,9651,0.000,0.221,0.002,0.085,-0.001,54.9,-6.6,0
603,11.65,0.00,374.4,131.2,0.0,4,9592,0.000,0.221,0.001,0.085,-0.001,54.2,-6.6,0
604,11.67,0.00,375.1,130.3,0.0,4,9532,0.000,0.221,0.001,0.085,-0.001,53.4,-6.5,0
605,11.69,0.00,375.8,129.5,0.0,4,9471,0.000,0.221,0.001,0.085,-0.001,52.7,-6.3,0
606,11.71,0.00,376.5,128.7,0.0,4,9411,0.000,0.222,0.001,0.086,-0.001,52.0,-6.2,0
607,11.73,0.00,377.2,127.9,0.0,4,9351,0.000,0.222,0.000,0.086,-0.001,51.2,-6.1,0
608,11.75,0.00,378.0,127.1,0.0,4,9290,0.000,0.223,0.001,0.086,-0.001,50.5,-6.0,0
609,11.77,0.00,378.7,126.2,0.0,4,9227,0.000,0.224,0.001,0.086,-0.001,49.8,-6.0,0
610,11.79,0.00,379.4,125.4,0.0,4,9166,0.000,0.225,0.001,0.086,-0.001,49.1,-6.0,0
611,11.81,0.00,380.1,124.6,0.0,4,9107,0.000,0.225,0.001,0.086,-0.001,48.4,-5.9,0
612,11.83,0.00,380.7,123.8,0.0,4,9048,0.000,0.226,0.001,0.086,-0.001,47.7,-5.8,0
613,11.85,0.00,381.4,123.0,0.0,4,8989,0.000,0.227,0.001,0.086,-0.001,47.0,-5.7,0
614,11.87,0.00,382.1,122.1,0.0,4,8929,0.000,0.228,0.001,0.086,-0.001,46.3,-5.6,0
615,11.89,0.00,382.8,121.3,0.0,4,8869,0.000,0.228,0.002,0.087,-0.001,45.6,-5.6,0
616,11.91,0.00,383.5,120.5,0.0,4,8810,0.000,0.229,0.036,0.087,-0.001,44.9,-5.4,0
617,11.93,0.00,384.1,119.7,0.1,4,8750,0.000,0.227,0.031,0.087,-0.001,44.3,-5.1,0
618,11.95,0.00,384.8,118.9,0.0,4,8691,0.000,0.221,0.022,0.087,-0.003,43.8,-5.2,0
619,11.97,0.00,385.4,118.1,-0.1,4,8636,0.000,0.215,0.013,0.088,-0.005,43.2,-5.3,0
620,11.99,0.00,386.1,117.3,-0.2,4,8579,0.000,0.212,0.004,0.088,-0.007,42.7,-5.5,0
621,12.01,0.00,386.7,116.6,-0.2,4,8525,0.000,0.211,-0.002,0.089,-0.008,42.1,-5.6,0
622,12.03,0.00,387.4,115.8,-0.2,4,8473,0.000,0.212,-0.005,0.089,-0.008,41.5,-5.5,0
623,12.05,0.00,388.0,115.0,-0.2,4,8418,0.000,0.216,-0.006,0.090,-0.009,40.8,-5.4,0
624,12.07,0.00,388.7,114.3,-0.2,4,8362,0.000,0.220,-0.006,0.091,-0.009,40.2,-5.2,0
625,12.09,0.00,389.3,113.5,-0.1,4,8304,0.000,0.225,-0.005,0.092,-0.008,39.5,-5.1,0
626,12.11,0.00,389.9,112.8,-0.1,4,8245,0.000,0.229,-0.004,0.092,-0.008,38.9,-4.9,0
627,12.13,0.00,390.6,112.0,-0.1,4,8186,0.000,0.233,-0.002,0.093,-0.008,38.2,-4.6,0
628,12.15,0.00,391.2,111.2,-0.0,4,8126,0.000,0.236,-0.002,0.094,-0.008,37.6,-4.5,0
629,12.17,0.00,391.8,110.4,-0.0,4,8065,0.000,0.238,-0.001,0.095,-0.007,36.9,-4.4,0
630,12.19,0.00,392.4,109.6,-0.0,4,8005,0.000,0.240,-0.001,0.095,-0.007,36.3,-4.3,0
631,12.21,0.00,393.0,108.8,-0.0,3,9812,0.000,0.242,-0.000,0.096,-0.007,35.7,-3.7,0
632,12.23,0.00,393.6,108.0,-0.0,3,9785,0.000,0.246,0.000,0.097,-0.007,35.1,-3.7,0
633,12.25,0.00,394.2,107.2,-0.0,3,9602,0.000,0.248,0.001,0.097,-0.007,34.5,-4.5,0
634,12.27,0.00,394.8,106.3,0.0,3,9512,0.000,0.247,0.002,0.098,-0.007,33.9,-4.7,0
635,12.29,0.00,395.4,105.4,0.0,3,9434,0.000,0.245,0.005,0.099,-0.007,33.3,-4.7,0
636,12.31,0.00,396.0,104.6,0.0,3,9357,0.000,0.243,0.149,0.100,-0.007,32.7,-4.7,0
637,12.33,0.00,396.5,103.7,0.3,3,9283,0.000,0.235,0.139,0.101,-0.009,32.2,-3.2,0
638,12.35,0.00,397.1,102.9,0.3,3,9210,0.000,0.214,0.111,0.102,-0.015,31.9,-3.8,0
639,12.37,0.00,397.7,102.0,0.0,3,9146,0.000,0.191,0.076,0.104,-0.022,31.6,-4.8,0
640,12.39,0.00,398.3,101.3,-0.2,3,9093,0.000,0.174,0.043,0.106,-0.028,31.4,-5.5,0
641,12.41,0.00,398.8,100.6,-0.5,3,9044,0.000,0.165,0.017,0.109,-0.034,31.0,-5.8,0
642,12.43,0.00,399.4,100.0,-0.6,3,8995,0.000,0.164,-0.000,0.111,-0.037,30.6,-5.8,0
643,12.45,0.00,399.9,99.4,-0.6,3,8943,0.000,0.169,-0.010,0.114,-0.039,30.1,-5.7,0
644,12.47,0.00,400.5,98.8,-0.5,3,8884,0.000,0.177,-0.015,0.117,-0.040,29.6,-5.5,0
645,12.49,0.00,401.0,98.1,-0.5,3,8824,0.000,0.188,-0.015,0.120,-0.040,29.1,-5.3,0
646,12.51,0.00,401.6,97.5,-0.4,3,8760,0.000,0.198,-0.013,0.124,-0.039,28.5,-5.0,0
647,12.53,0.00,402.1,96.8,-0.3,3,8693,0.000,0.208,-0.011,0.127,-0.038,27.9,-4.8,0
648,12.55,0.00,402.6,96.1,-0.2,3,8624,0.000,0.216,-0.009,0.130,-0.038,27.3,-4.6,0
649,12.57,0.00,403.2,95.3,-0.1,3,8554,0.000,0.223,-0.006,0.133,-0.037,26.8,-4.4,0
650,12.59,0.00,403.7,94.6,-0.1,3,8482,0.000,0.229,-0.005,0.136,-0.037,26.2,-4.3,0
651,12.61,0.00,404.2,93.8,-0.0,3,8410,0.000,0.233,-0.004,0.140,-0.036,25.7,-4.1,0
652,12.63,0.00,404.7,93.0,-0.0,3,8337,0.000,0.237,-0.003,0.143,-0.036,25.1,-3.9,0
653,12.65,0.00,405.2,92.2,-0.0,3,8265,0.000,0.240,-0.003,0.146,-0.036,24.6,-3.6,0
654,12.67,0.00,405.8,91.4,-0.0,3,8192,0.000,0.243,-0.002,0.149,-0.036,24.1,-3.4,0
655,12.69,0.00,406.3,90.6,-0.0,3,8118,0.000,0.246,0.017,0.152,-0.032,23.6,-3.3,0
656,12.71,0.00,406.8,89.8,0.0,3,8044,0.000,0.246,0.091,0.154,-0.016,23.1,-3.3,0
657,12.73,0.00,407.3,89.0,0.2,3,7971,0.000,0.243,0.157,0.155,-0.003,22.6,-2.8,0
658,12.75,0.00,407.8,88.2,0.3,3,7892,0.000,0.231,0.209,0.155,0.008,22.3,-2.4,0
659,12.77,0.00,408.3,87.4,0.3,3,7826,0.000,0.213,0.247,0.154,0.016,22.1,-2.1,0
660,12.79,0.00,408.8,86.6,0.3,3,7767,0.000,0.189,0.273,0.153,0.021,21.9,-2.2,0
661,12.81,0.00,409.3,85.9,0.2,3,7714,0.000,0.163,0.290,0.151,0.025,21.8,-2.7,0
662,12.83,0.00,409.8,85.3,0.0,3,7669,0.000,0.135,0.298,0.149,0.026,21.7,-3.2,0
663,12.85,0.00,410.3,84.7,-0.1,3,7632,0.000,0.108,0.300,0.147,0.026,21.7,-3.9,0
664,12.87,0.00,410.7,84.2,-0.3,3,7602,0.000,0.083,0.297,0.145,0.025,21.7,-4.5,0
665,12.89,0.00,411.2,83.8,-0.5,3,7579,0.000,0.059,0.292,0.142,0.024,21.8,-5.0,0
666,12.91,0.00,411.7,83.5,-0.7,3,7561,0.000,0.038,0.285,0.140,0.022,21.8,-5.5,0
667,12.93,0.00,412.2,83.2,-0.8,3,7548,0.000,0.021,0.277,0.137,0.021,21.9,-5.9,0
668,12.95,0.00,412.6,83.0,-1.0,3,7539,0.000,0.006,0.271,0.135,0.019,21.9,-6.2,0
669,12.97,0.00,413.1,82.8,-1.1,3,7532,0.050,0.000,0.265,0.133,0.018,22.0,-6.4,0
670,12.99,0.00,413.6,82.7,-1.1,3,7553,0.100,0.000,0.262,0.130,0.017,22.0,-6.0,0
671,13.01,0.00,414.1,82.7,-1.1,3,7575,0.150,0.000,0.260,0.128,0.016,22.0,-5.4,0
672,13.03,0.00,414.5,82.6,-1.1,3,7600,0.200,0.000,0.260,0.125,0.016,22.0,-4.8,0
673,13.05,0.00,415.0,82.7,-1.1,3,7629,0.250,0.000,0.262,0.123,0.016,22.0,-4.3,0
674,13.07,0.00,415.5,82.7,-1.0,3,7662,0.300,0.000,0.266,0.121,0.017,21.9,-3.7,0
675,13.09,0.00,415.9,82.8,-1.0,3,7699,0.350,0.000,0.271,0.119,0.018,21.9,-3.1,0
676,13.11,0.00,416.4,83.0,-0.9,3,7741,0.000,0.008,0.276,0.116,0.018,21.9,-2.5,0
677,13.13,0.00,416.9,83.0,-0.8,3,7548,0.000,0.010,0.282,0.114,0.020,21.8,-6.1,0
678,13.15,0.00,417.4,82.8,-0.7,3,7529,0.000,0.005,0.288,0.112,0.020,21.8,-6.2,0
679,13.17,0.00,417.8,82.6,-0.7,3,7517,0.050,0.000,0.290,0.109,0.021,21.8,-6.3,0
680,13.19,0.00,418.3,82.5,-0.7,3,7535,0.100,0.000,0.290,0.107,0.020,21.8,-6.0,0
681,13.21,0.00,418.8,82.5,-0.7,3,7555,0.150,0.000,0.287,0.105,0.020,21.8,-5.4,0
682,13.23,0.00,419.2,82.4,-0.7,3,7580,0.200,0.000,0.283,0.103,0.019,21.8,-4.9,0
683,13.25,0.00,419.7,82.5,-0.7,3,7610,0.250,0.000,0.279,0.101,0.018,21.8,-4.3,0
684,13.27,0.00,420.2,82.5,-0.8,3,7643,0.300,0.000,0.276,0.099,0.017,21.9,-3.7,0
685,13.29,0.00,420.6,82.6,-0.8,3,7681,0.350,0.000,0.274,0.097,0.016,21.9,-3.2,0
686,13.31,0.00,421.1,82.8,-0.8,3,7723,0.400,0.000,0.274,0.095,0.016,21.9,-2.6,0
687,13.33,0.00,421.6,83.0,-0.8,3,7770,0.000,0.007,0.275,0.093,0.016,21.9,-2.0,0
688,13.35,0.00,422.0,83.0,-0.8,3,7550,0.000,0.008,0.279,0.091,0.016,21.9,-6.1,0
689,13.37,0.00,422.5,82.8,-0.7,3,7532,0.000,0.003,0.281,0.089,0.017,21.8,-6.3,0
690,13.39,0.00,423.0,82.7,-0.7,3,7521,0.050,0.000,0.283,0.087,0.017,21.8,-6.4,0
691,13.41,0.00,423.4,82.6,-0.6,3,7538,0.100,0.000,0.282,0.085,0.017,21.8,-6.0,0
692,13.43,0.00,423.9,82.5,-0.6,3,7559,0.150,0.000,0.279,0.083,0.016,21.9,-5.5,0
693,13.45,0.00,424.4,82.5,-0.7,3,7584,0.200,0.000,0.275,0.081,0.015,21.9,-4.9,0
694,13.47,0.00,424.8,82.5,-0.7,3,7613,0.250,0.000,0.271,0.079,0.014,21.9,-4.4,0
695,13.49,0.00,425.3,82.6,-0.7,3,7646,0.300,0.000,0.268,0.077,0.013,21.9,-3.8,0
696,13.51,0.00,425.8,82.7,-0.7,3,7683,0.350,0.000,0.267,0.076,0.013,22.0,-3.2,0
697,13.53,0.00,426.2,82.8,-0.7,3,7725,0.400,0.000,0.267,0.074,0.012,22.0,-2.7,0
698,13.55,0.00,426.7,83.0,-0.7,3,7772,0.000,0.004,0.268,0.072,0.012,22.0,-2.1,0
699,13.57,0.00,427.1,83.0,-0.7,3,7557,0.000,0.005,0.271,0.071,0.013,21.9,-6.2,0
700,13.59,0.00,427.6,82.9,-0.6,3,7541,0.050,0.000,0.273,0.069,0.013,21.9,-6.4,0
701,13.61,0.00,428.1,82.8,-0.6,3,7558,0.100,0.000,0.275,0.067,0.013,21.9,-6.0,0
702,13.63,0.00,428.5,82.7,-0.5,3,7578,0.150,0.000,0.275,0.066,0.013,21.9,-5.5,0
703,13.65,0.00,429.0,82.7,-0.5,3,7603,0.200,0.000,0.273,0.064,0.013,21.9,-5.0,0
704,13.67,0.00,429.5,82.7,-0.5,3,7632,0.250,0.000,0.271,0.063,0.012,22.0,-4.4,0
705,13.69,0.00,429.9,82.8,-0.6,3,7665,0.300,0.000,0.268,0.061,0.011,22.0,-3.9,0
706,13.71,0.00,430.4,82.9,-0.6,3,7703,0.350,0.000,0.266,0.060,0.011,22.0,-3.3,0
707,13.73,0.00,430.9,83.1,-0.6,3,7745,0.000,0.001,0.265,0.058,0.011,22.0,-2.7,0
708,13.75,0.00,431.3,83.1,-0.6,3,7561,0.000,0.000,0.265,0.057,0.010,22.0,-6.4,0
709,13.77,0.00,431.8,82.9,-0.6,3,7547,0.050,0.000,0.266,0.056,0.010,22.0,-6.5,0
710,13.79,0.00,432.3,82.8,-0.5,3,7562,0.100,0.000,0.266,0.054,0.010,22.0,-6.0,0
711,13.81,0.00,432.7,82.8,-0.5,3,7583,0.150,0.000,0.265,0.053,0.010,22.0,-5.5,0
712,13.83,0.00,433.2,82.8,-0.5,3,7608,0.200,0.000,0.263,0.052,0.009,22.0,-5.0,0
713,13.85,0.00,433.7,82.8,-0.5,3,7636,0.250,0.000,0.261,0.051,0.009,22.1,-4.5,0
714,13.87,0.00,434.1,82.9,-0.5,3,7669,0.300,0.000,0.260,0.049,0.008,22.1,-3.9,0
715,13.89,0.00,434.6,83.0,-0.5,3,7707,0.350,0.000,0.259,0.048,0.008,22.1,-3.4,0
716,13.91,0.00,435.1,83.1,-0.5,3,7749,0.400,0.000,0.259,0.047,0.008,22.1,-2.8,0
717,13.93,0.00,435.5,83.4,-0.5,3,7796,0.000,0.007,0.260,0.046,0.008,22.1,-2.2,0
718,13.95,0.00,436.0,83.3,-0.5,3,7583,0.000,0.008,0.263,0.045,0.009,22.1,-6.3,0
719,13.97,0.00,436.5,83.2,-0.5,3,7567,0.000,0.002,0.265,0.044,0.009,22.1,-6.4,0
720,13.99,0.00,436.9,83.1,-0.4,3,7557,0.050,0.000,0.266,0.042,0.009,22.1,-6.5,0
721,14.01,0.00,437.4,83.0,-0.4,3,7574,0.100,0.000,0.265,0.041,0.009,22.1,-6.1,0
722,14.03,0.00,437.8,82.9,-0.4,3,7594,0.150,0.000,0.262,0.040,0.008,22.1,-5.6,0
723,14.05,0.00,438.3,82.9,-0.4,3,7619,0.200,0.000,0.259,0.039,0.007,22.2,-5.0,0
724,14.07,0.00,438.8,82.9,-0.5,3,7648,0.250,0.000,0.256,0.038,0.006,22.2,-4.5,0
725,14.09,0.00,439.2,83.0,-0.5,3,7681,0.300,0.000,0.254,0.037,0.005,22.2,-3.9,0
726,14.11,0.00,439.7,83.1,-0.5,3,7718,0.350,0.000,0.253,0.036,0.005,22.2,-3.4,0
727,14.13,0.00,440.2,83.3,-0.5,3,7760,0.400,0.000,0.254,0.035,0.005,22.2,-2.8,0
728,14.15,0.00,440.6,83.5,-0.5,3,7807,0.000,0.002,0.257,0.034,0.005,22.2,-2.3,0
729,14.17,0.00,441.1,83.5,-0.5,3,7599,0.000,0.003,0.260,0.033,0.005,22.2,-6.4,0
730,14.19,0.00,441.6,83.4,-0.4,3,7584,0.050,0.000,0.264,0.033,0.006,22.2,-6.5,0
731,14.21,0.00,442.0,83.3,-0.4,3,7601,0.100,0.000,0.265,0.032,0.006,22.2,-6.1,0
732,14.23,0.00,442.5,83.2,-0.4,3,7621,0.150,0.000,0.264,0.031,0.005,22.2,-5.6,0
733,14.25,0.00,443.0,83.2,-0.4,3,7646,0.200,0.000,0.262,0.030,0.005,22.3,-5.1,0
734,14.27,0.00,443.4,83.2,-0.4,3,7674,0.250,0.000,0.259,0.029,0.004,22.3,-4.5,0
735,14.29,0.00,443.9,83.3,-0.4,3,7708,0.300,0.000,0.257,0.029,0.003,22.3,-4.0,0
736,14.31,0.00,444.4,83.4,-0.4,3,7746,0.350,0.000,0.255,0.028,0.002,22.4,-3.4,0
737,14.33,0.00,444.8,83.6,-0.5,3,7788,0.400,0.000,0.254,0.027,0.002,22.4,-2.9,0
738,14.35,0.00,445.3,83.8,-0.5,3,7836,0.000,0.003,0.255,0.027,0.002,22.4,-2.3,0
739,14.37,0.00,445.8,83.8,-0.4,3,7626,0.000,0.002,0.257,0.026,0.002,22.4,-6.4,0
740,14.39,0.00,446.2,83.7,-0.4,3,7612,0.050,0.000,0.258,0.026,0.002,22.4,-6.6,0
741,14.41,0.00,446.7,83.6,-0.4,3,7628,0.100,0.000,0.258,0.025,0.002,22.4,-6.1,0
742,14.43,0.00,447.2,83.5,-0.4,3,7649,0.150,0.000,0.257,0.025,0.001,22.5,-5.6,0
743,14.45,0.00,447.6,83.5,-0.4,3,7673,0.200,0.000,0.255,0.024,0.001,22.5,-5.1,0
744,14.47,0.00,448.1,83.5,-0.4,3,7702,0.250,0.000,0.252,0.024,0.000,22.5,-4.6,0
745,14.49,0.00,448.6,83.6,-0.4,3,7736,0.300,0.000,0.250,0.023,-0.001,22.6,-4.0,0
746,14.51,0.00,449.0,83.7,-0.4,3,7774,0.350,0.000,0.249,0.023,-0.001,22.6,-3.5,0
747,14.53,0.00,449.5,83.9,-0.4,3,7816,0.400,0.000,0.249,0.022,-0.001,22.6,-2.9,0
748,14.55,0.00,450.0,84.1,-0.4,3,7864,0.450,0.000,0.249,0.022,-0.001,22.7,-2.3,0
749,14.57,0.00,450.4,84.4,-0.4,3,7918,0.000,0.006,0.251,0.022,-0.001,22.7,-1.7,0
750,14.59,0.00,450.9,84.4,-0.4,3,7677,0.000,0.003,0.253,0.021,-0.001,22.8,-6.4,0
751,14.61,0.00,451.4,84.2,-0.4,3,7664,0.050,0.000,0.255,0.021,-0.000,22.8,-6.6,0
752,14.63,0.00,451.8,84.1,-0.3,3,7680,0.100,0.000,0.255,0.021,-0.000,22.9,-6.2,0
753,14.65,0.00,452.3,84.1,-0.3,3,7701,0.150,0.000,0.253,0.020,-0.001,23.1,-5.7,0
754,14.67,0.00,452.8,84.1,-0.3,3,7726,0.200,0.000,0.250,0.020,-0.001,23.3,-5.1,0
755,14.69,0.00,453.2,84.1,-0.4,3,7755,0.250,0.000,0.246,0.020,-0.002,23.5,-4.6,0
756,14.71,0.00,453.7,84.2,-0.4,3,7789,0.300,0.000,0.242,0.020,-0.003,23.7,-4.1,0
757,14.73,0.00,454.2,84.3,-0.4,3,7828,0.350,0.000,0.239,0.019,-0.003,24.0,-3.5,0
758,14.75,0.00,454.7,84.5,-0.4,3,7871,0.400,0.000,0.237,0.019,-0.003,24.3,-2.9,0
759,14.77,0.00,455.1,84.7,-0.4,3,7918,0.450,0.000,0.236,0.019,-0.003,24.6,-2.4,0
760,14.79,0.00,455.6,85.0,-0.4,3,7972,0.500,0.000,0.237,0.019,-0.003,24.8,-1.7,0
761,14.81,0.00,456.1,85.3,-0.4,3,8033,0.550,0.000,0.240,0.019,-0.002,25.0,-1.1,0
762,14.83,0.00,456.5,85.6,-0.4,3,8102,0.600,0.000,0.243,0.018,-0.001,25.2,-0.3,0
763,14.85,0.00,457.0,86.0,-0.5,3,8181,0.650,0.000,0.246,0.018,0.000,25.4,0.5,0
764,14.87,0.00,457.5,86.5,-0.5,3,8270,0.700,0.000,0.250,0.017,0.001,25.5,1.5,0
765,14.89,0.00,458.0,87.0,-0.5,3,8374,0.750,0.000,0.253,0.017,0.002,25.7,2.7,0
766,14.91,0.00,458.5,87.5,-0.6,3,8496,0.800,0.000,0.255,0.016,0.003,25.8,4.1,0
767,14.93,0.00,459.0,88.1,-0.8,3,8636,0.650,0.000,0.257,0.015,0.003,26.0,5.8,0
768,14.95,0.00,459.5,88.7,-0.9,3,8559,0.700,0.000,0.257,0.014,0.004,26.1,3.4,0
769,14.97,0.00,459.9,89.2,-1.0,3,8631,0.750,0.000,0.258,0.013,0.004,26.2,3.7,0
770,14.99,0.00,460.4,89.7,-1.1,3,8754,0.600,0.000,0.260,0.011,0.005,26.3,5.1,0
771,15.01,0.00,460.9,90.2,-1.2,3,8673,0.650,0.000,0.261,0.010,0.005,26.4,2.7,0
772,15.03,0.00,461.5,90.7,-1.2,3,8742,0.000,0.015,0.263,0.008,0.006,26.5,3.1,0
773,15.05,0.00,462.0,90.8,-1.2,3,8260,0.000,0.016,0.265,0.006,0.006,26.5,-6.2,0
774,15.07,0.00,462.5,90.6,-1.1,3,8228,0.000,0.001,0.268,0.005,0.007,26.6,-6.7,0
775,15.09,0.00,463.0,90.4,-1.0,3,8218,0.050,0.000,0.267,0.003,0.007,26.7,-7.1,0
776,15.11,0.00,463.5,90.3,-1.0,3,8236,0.100,0.000,0.262,0.002,0.006,26.8,-6.6,0
777,15.13,0.00,464.0,90.2,-1.1,3,8259,0.150,0.000,0.254,0.000,0.005,26.9,-6.0,0
778,15.15,0.00,464.5,90.2,-1.1,3,8287,0.200,0.000,0.246,-0.001,0.003,27.1,-5.4,0
779,15.17,0.00,465.0,90.2,-1.2,3,8321,0.250,0.000,0.237,-0.003,0.002,27.2,-4.7,0
780,15.19,0.00,465.5,90.2,-1.3,3,8359,0.300,0.000,0.231,-0.004,0.000,27.3,-4.0,0
781,15.21,0.00,466.0,90.3,-1.3,3,8402,0.350,0.000,0.226,-0.005,-0.000,27.3,-3.4,0
782,15.23,0.00,466.5,90.5,-1.3,3,8450,0.400,0.000,0.224,-0.006,-0.000,27.4,-2.7,0
783,15.25,0.00,467.0,90.7,-1.3,3,8504,0.450,0.000,0.225,-0.008,-0.000,27.4,-2.0,0
784,15.27,0.00,467.5,91.0,-1.3,3,8564,0.500,0.000,0.229,-0.009,0.001,27.4,-1.2,0
785,15.29,0.00,468.0,91.3,-1.2,3,8631,0.550,0.000,0.234,-0.010,0.002,27.4,-0.4,0
786,15.31,0.00,468.5,91.7,-1.2,3,8709,0.600,0.000,0.241,-0.012,0.004,27.3,0.5,0
787,15.33,0.00,469.0,92.1,-1.2,3,8798,0.000,0.023,0.250,-0.013,0.006,27.3,1.6,0
788,15.35,0.00,469.5,92.1,-1.1,3,8371,0.000,0.033,0.231,-0.015,0.001,27.2,-6.1,0
789,15.37,0.00,470.0,91.9,-1.0,3,8336,0.000,0.029,0.179,-0.015,-0.009,27.1,-6.3,0
790,15.39,0.00,470.5,91.7,-0.9,3,8315,0.000,0.026,0.128,-0.015,-0.020,27.0,-6.8,0
791,15.41,0.00,471.0,91.5,-1.0,3,8295,0.000,0.026,0.080,-0.014,-0.030,26.8,-7.1,0
792,15.43,0.00,471.6,91.3,-1.1,3,8278,0.000,0.032,0.038,-0.012,-0.038,26.6,-7.2,0
793,15.45,0.00,472.1,91.1,-1.1,3,8259,0.000,0.044,0.008,-0.010,-0.044,26.3,-7.0,0
794,15.47,0.00,472.6,90.9,-1.0,3,8236,0.000,0.063,-0.010,-0.007,-0.048,26.0,-6.9,0
795,15.49,0.00,473.1,90.6,-0.9,3,8205,0.000,0.086,-0.019,-0.003,-0.049,25.5,-6.6,0
796,15.51,0.00,473.6,90.3,-0.7,3,8167,0.000,0.111,-0.021,-0.000,-0.050,25.0,-6.2,0
797,15.53,0.00,474.1,89.9,-0.5,3,8121,0.000,0.134,-0.019,0.004,-0.049,24.5,-5.7,0
798,15.55,0.00,474.6,89.4,-0.3,3,8070,0.000,0.155,-0.015,0.007,-0.048,23.9,-5.2,0
799,15.57,0.00,475.1,88.9,-0.2,3,8017,0.000,0.174,-0.011,0.011,-0.047,23.4,-4.8,0
800,15.59,0.00,475.6,88.3,-0.1,3,7959,0.000,0.189,-0.007,0.015,-0.046,22.9,-4.3,0
801,15.61,0.00,476.0,87.7,0.0,3,7895,0.000,0.202,-0.005,0.018,-0.046,22.4,-4.0,0
802,15.63,0.00,476.5,87.0,0.1,3,7824,0.000,0.211,-0.002,0.022,-0.045,21.8,-4.2,0
803,15.65,0.00,477.0,86.3,0.1,3,7754,0.000,0.219,-0.001,0.026,-0.045,21.3,-4.4,0
804,15.67,0.00,477.5,85.6,0.1,3,7685,0.000,0.226,0.001,0.030,-0.045,20.9,-4.3,0
805,15.69,0.00,478.0,84.8,0.1,3,7615,0.000,0.232,0.020,0.033,-0.041,20.4,-4.1,0
806,15.71,0.00,478.4,84.1,0.2,3,7545,0.000,0.236,0.113,0.036,-0.021,19.9,-3.9,0
807,15.73,0.00,478.9,83.3,0.4,3,7475,0.000,0.234,0.197,0.037,-0.004,19.5,-3.1,0
808,15.75,0.00,479.4,82.6,0.6,3,7414,0.000,0.223,0.264,0.037,0.009,19.2,-2.0,0
809,15.77,0.00,479.8,81.8,0.7,3,7356,0.000,0.205,0.316,0.037,0.020,19.0,-1.2,0
810,15.79,0.00,480.3,81.1,0.8,3,7296,0.000,0.181,0.355,0.036,0.028,18.9,-1.3,0
811,15.81,0.00,480.7,80.4,0.8,3,7241,0.000,0.154,0.384,0.034,0.033,18.8,-1.7,0
812,15.83,0.00,481.2,79.8,0.7,3,7192,0.000,0.126,0.403,0.032,0.037,18.8,-2.3,0
813,15.85,0.00,481.6,79.3,0.6,2,9047,0.000,0.098,0.413,0.030,0.039,18.8,-2.6,0
814,15.87,0.00,482.1,78.8,0.4,2,9026,0.000,0.072,0.412,0.027,0.038,18.8,-3.3,0
815,15.89,0.00,482.5,78.5,0.2,2,8918,0.000,0.045,0.406,0.025,0.037,18.9,-4.9,0
816,15.91,0.00,482.9,78.1,-0.0,2,8880,0.000,0.017,0.397,0.022,0.034,19.0,-5.9,0
817,15.93,0.00,483.4,77.8,-0.2,2,8870,0.050,0.000,0.387,0.020,0.032,19.1,-6.5,0
818,15.95,0.00,483.8,77.6,-0.3,2,8910,0.100,0.000,0.377,0.017,0.030,19.3,-6.1,0
819,15.97,0.00,484.2,77.5,-0.4,2,8952,0.150,0.000,0.367,0.015,0.027,19.4,-5.3,0
820,15.99,0.00,484.7,77.5,-0.5,2,9005,0.200,0.000,0.357,0.012,0.025,19.5,-4.4,0
821,16.01,0.00,485.1,77.5,-0.7,2,9070,0.250,0.000,0.348,0.010,0.023,19.7,-3.3,0
822,16.03,0.00,485.6,77.6,-0.8,2,9145,0.300,0.000,0.335,0.007,0.020,19.8,-2.3,0
823,16.06,0.00,486.1,77.8,-0.9,2,9233,0.350,0.000,0.326,0.005,0.018,19.9,-1.2,0
824,16.08,0.00,486.6,78.1,-1.0,2,9335,0.400,0.000,0.320,0.002,0.016,20.0,0.0,0
825,16.10,0.00,487.1,78.4,-1.0,2,9423,0.450,0.000,0.319,0.000,0.016,20.1,0.9,0
826,16.12,0.00,487.5,78.8,-1.0,2,9542,0.500,0.000,0.323,-0.002,0.016,20.2,2.0,0
827,16.14,0.00,488.0,79.3,-1.0,2,9693,0.550,0.000,0.328,-0.005,0.017,20.2,3.5,0
828,16.17,0.00,488.5,79.8,-1.0,2,9881,0.400,0.000,0.333,-0.007,0.017,20.2,5.5,0
829,16.19,0.00,489.0,80.3,-1.1,2,9705,0.000,0.011,0.336,-0.010,0.018,20.3,2.0,0
830,16.21,0.00,489.5,80.4,-1.0,3,7557,0.000,0.011,0.338,-0.012,0.018,20.3,-5.0,0
831,16.23,0.00,490.0,80.2,-0.9,3,7545,0.050,0.000,0.341,-0.015,0.018,20.4,-5.3,0
832,16.25,0.00,490.5,80.1,-0.7,3,7313,0.100,0.000,0.341,-0.017,0.018,20.4,-5.6,0
833,16.28,0.00,490.9,80.0,-0.6,3,7330,0.150,0.000,0.339,-0.019,0.017,20.5,-5.1,0
834,16.30,0.00,491.4,79.9,-0.5,2,9266,0.200,0.000,0.334,-0.021,0.016,20.6,-5.7,0
835,16.32,0.00,491.9,79.7,-0.5,2,9273,0.250,0.000,0.325,-0.023,0.014,20.8,-5.8,0
836,16.34,0.00,492.4,79.6,-0.6,2,9191,0.300,0.000,0.313,-0.025,0.011,21.0,-5.5,0
837,16.36,0.00,492.9,79.7,-0.7,2,9445,0.350,0.000,0.299,-0.026,0.008,21.1,-1.6,0
838,16.39,0.00,493.4,80.0,-0.8,2,9554,0.400,0.000,0.286,-0.028,0.005,21.3,-0.3,0
839,16.41,0.00,493.9,80.3,-1.0,2,9669,0.450,0.000,0.276,-0.029,0.003,21.4,1.0,0
840,16.43,0.00,494.3,80.5,-1.0,3,7677,0.500,0.000,0.271,-0.030,0.002,21.6,-5.5,0
841,16.45,0.00,494.8,80.4,-0.8,3,7690,0.550,0.000,0.273,-0.031,0.002,21.6,-5.8,0
842,16.47,0.00,495.3,80.3,-0.6,3,7355,0.600,0.000,0.276,-0.032,0.002,21.7,-5.3,0
843,16.50,0.00,495.8,80.5,-0.6,3,7672,0.650,0.000,0.278,-0.033,0.002,21.8,0.6,0
844,16.52,0.00,496.3,80.9,-0.6,3,7781,0.700,0.000,0.276,-0.034,0.002,21.9,2.1,0
845,16.54,0.00,496.8,81.4,-0.7,3,7889,0.750,0.000,0.271,-0.035,0.001,22.0,3.3,0
846,16.56,0.00,497.3,82.0,-0.8,3,8004,0.800,0.000,0.266,-0.035,-0.001,22.1,4.7,0
847,16.58,0.00,497.8,82.6,-1.0,3,8114,0.650,0.000,0.263,-0.036,-0.002,22.2,5.8,0
848,16.61,0.00,498.3,83.2,-1.1,3,8009,0.700,0.000,0.262,-0.037,-0.002,22.3,2.8,0
849,16.63,0.00,498.8,83.7,-1.0,3,8076,0.000,0.004,0.267,-0.038,-0.001,22.3,3.0,0
850,16.65,0.00,499.3,83.8,-0.9,3,7628,0.000,0.007,0.274,-0.039,0.000,22.4,-6.1,0
851,16.67,0.00,499.8,83.6,-0.7,3,7605,0.050,0.000,0.280,-0.040,0.001,22.4,-6.3,0
852,16.69,0.00,500.3,83.5,-0.6,3,7621,0.100,0.000,0.279,-0.041,0.001,22.5,-6.0,0
853,16.72,0.00,500.8,83.4,-0.5,3,7641,0.150,0.000,0.272,-0.041,-0.001,22.6,-5.5,0
854,16.74,0.00,501.3,83.4,-0.5,3,7665,0.200,0.000,0.263,-0.042,-0.003,22.8,-5.0,0
855,16.76,0.00,501.8,83.4,-0.5,3,7690,0.250,0.000,0.255,-0.042,-0.005,22.9,-4.5,0
856,16.78,0.00,502.4,83.4,-0.5,3,7723,0.300,0.000,0.249,-0.042,-0.006,23.1,-4.0,0
857,16.80,0.00,502.9,83.6,-0.5,3,7762,0.350,0.000,0.245,-0.042,-0.007,23.2,-3.4,0
858,16.83,0.00,503.4,83.7,-0.5,3,7807,0.400,0.000,0.242,-0.042,-0.008,23.3,-2.8,0
859,16.85,0.00,503.9,84.0,-0.5,3,7857,0.450,0.000,0.240,-0.042,-0.009,23.5,-2.2,0
860,16.87,0.00,504.4,84.2,-0.5,3,7914,0.500,0.000,0.238,-0.042,-0.009,23.6,-1.5,0
861,16.89,0.00,504.9,84.5,-0.5,3,7979,0.550,0.000,0.239,-0.042,-0.009,23.7,-0.8,0
862,16.91,0.00,505.4,84.9,-0.5,3,8037,0.600,0.000,0.241,-0.042,-0.009,23.7,-0.3,0
863,16.94,0.00,505.9,85.4,-0.5,3,8114,0.650,0.000,0.246,-0.041,-0.009,23.8,0.4,0
864,16.96,0.00,506.4,85.8,-0.5,3,8208,0.700,0.000,0.251,-0.041,-0.008,23.9,1.4,0
865,16.98,0.00,507.0,86.3,-0.5,3,8323,0.000,0.002,0.255,-0.041,-0.008,23.9,2.8,0
866,17.00,0.00,507.5,86.5,-0.4,3,7868,0.000,0.001,0.257,-0.041,-0.008,24.0,-6.5,0
867,17.02,0.00,508.0,86.3,-0.4,3,7849,0.050,0.000,0.257,-0.041,-0.008,24.1,-6.8,0
868,17.05,0.00,508.5,86.2,-0.4,3,7864,0.100,0.000,0.254,-0.040,-0.010,24.3,-6.3,0
869,17.07,0.00,509.1,86.1,-0.4,3,7883,0.150,0.000,0.249,-0.040,-0.012,24.5,-5.8,0
870,17.09,0.00,509.6,86.1,-0.4,3,7907,0.200,0.000,0.244,-0.039,-0.014,24.6,-5.3,0
871,17.11,0.00,510.1,86.1,-0.5,3,7938,0.250,0.000,0.238,-0.039,-0.016,24.9,-4.7,0
872,17.13,0.00,510.6,86.1,-0.5,3,7973,0.300,0.000,0.235,-0.038,-0.018,25.1,-4.1,0
873,17.16,0.00,511.2,86.3,-0.6,3,8014,0.350,0.000,0.232,-0.037,-0.020,25.3,-3.5,0
874,17.18,0.00,511.7,86.4,-0.6,3,8060,0.400,0.000,0.231,-0.035,-0.022,25.5,-2.8,0
875,17.20,0.00,512.2,86.7,-0.6,3,8112,0.450,0.000,0.232,-0.034,-0.023,25.6,-2.2,0
876,17.22,0.00,512.7,86.9,-0.6,3,8163,0.500,0.000,0.237,-0.033,-0.024,25.8,-1.7,0
877,17.24,0.00,513.3,87.3,-0.6,3,8226,0.550,0.000,0.245,-0.031,-0.025,25.9,-1.0,0
878,17.27,0.00,513.8,87.6,-0.6,3,8303,0.600,0.000,0.255,-0.030,-0.025,26.1,-0.1,0
879,17.29,0.00,514.3,88.1,-0.6,3,8394,0.650,0.000,0.270,-0.028,-0.026,26.2,0.9,0
880,17.31,0.00,514.9,88.5,-0.6,3,8502,0.700,0.000,0.456,-0.026,-0.028,26.4,2.3,0
881,17.33,0.00,515.4,89.0,-0.7,3,8629,0.750,0.000,0.427,-0.024,-0.030,26.7,4.6,0
882,17.35,0.00,516.0,89.6,-0.9,3,8780,0.600,0.000,0.387,-0.022,-0.034,27.0,6.7,0
883,17.38,0.00,516.5,90.1,-1.2,3,8696,0.650,0.000,0.339,-0.020,-0.040,27.5,4.0,0
884,17.40,0.00,517.1,90.6,-1.4,3,8775,0.700,0.000,0.291,-0.017,-0.045,28.0,4.3,0
885,17.42,0.00,517.6,91.1,-1.7,3,8909,0.550,0.000,0.243,-0.015,-0.049,28.6,5.7,0
886,17.44,0.00,518.2,91.5,-2.0,3,8819,0.600,0.000,0.197,-0.012,-0.054,29.3,3.0,0
887,17.46,0.00,518.7,92.0,-2.2,3,8888,0.650,0.000,0.158,-0.009,-0.057,29.9,3.3,0
888,17.49,0.00,519.3,92.5,-2.3,3,8992,0.700,0.000,0.131,-0.006,-0.059,30.5,4.3,0
889,17.51,0.00,519.9,93.1,-2.4,3,9101,0.550,0.000,0.155,-0.003,-0.060,31.0,5.4,0
890,17.53,0.00,520.4,93.6,-2.3,3,8971,0.600,0.000,0.144,0.001,-0.059,31.5,2.1,0
891,17.55,0.00,521.0,94.1,-2.1,3,9017,0.650,0.000,0.138,0.004,-0.057,31.9,1.9,0
892,17.57,0.00,521.6,94.7,-1.9,3,9110,0.700,0.000,0.136,0.007,-0.055,32.3,2.7,0
893,17.60,0.00,522.2,95.3,-1.8,3,9225,0.750,0.000,0.135,0.010,-0.052,32.7,3.9,0
894,17.62,0.00,522.7,95.9,-1.7,3,9360,0.600,0.000,0.128,0.014,-0.049,33.1,5.3,0
895,17.64,0.00,523.3,96.5,-1.6,3,9250,0.650,0.000,0.126,0.017,-0.047,33.6,2.1,0
896,17.66,0.00,523.9,97.1,-1.4,3,9307,0.700,0.000,0.130,0.019,-0.043,34.0,2.0,0
897,17.68,0.00,524.5,97.7,-1.3,3,9418,0.750,0.000,0.137,0.022,-0.039,34.5,3.0,0
898,17.71,0.00,525.1,98.4,-1.2,3,9550,0.800,0.000,0.144,0.024,-0.035,35.1,4.4,0
899,17.73,0.00,525.7,99.1,-1.2,3,9701,0.650,0.000,0.158,0.027,-0.032,35.8,6.1,0
900,17.75,0.00,526.3,99.8,-1.2,3,9606,0.700,0.000,0.159,0.029,-0.030,36.7,3.1,0
901,17.77,0.00,527.0,100.4,-1.2,3,9689,0.750,0.000,0.158,0.030,-0.028,37.7,3.4,0
902,17.79,0.00,527.6,101.1,-1.3,3,9811,0.800,0.000,0.156,0.032,-0.026,38.9,4.6,0
903,17.82,0.00,528.2,101.8,-1.4,3,9962,0.650,0.000,0.150,0.033,-0.025,40.4,6.2,0
904,17.84,0.00,528.8,102.5,-1.5,3,9866,0.700,0.000,0.136,0.034,-0.023,42.1,3.2,0
905,17.86,0.00,529.5,103.1,-1.5,3,9949,0.750,0.000,0.120,0.035,-0.021,44.0,3.5,0
906,17.88,0.00,530.1,103.7,-1.6,3,10074,0.800,0.000,0.112,0.035,-0.019,45.9,4.7,0
907,17.90,0.00,530.7,104.5,-1.7,3,10218,0.650,0.000,0.105,0.035,-0.016,48.0,6.2,0
908,17.93,0.00,531.4,105.2,-1.7,3,10104,0.700,0.000,0.093,0.035,-0.013,50.3,2.8,0
909,17.95,0.00,532.0,105.8,-1.7,3,10172,0.750,0.000,0.086,0.035,-0.009,52.6,2.8,0
910,17.97,0.00,532.7,106.5,-1.6,3,10286,0.800,0.000,0.094,0.034,-0.004,54.9,3.8,0
911,17.99,0.00,533.3,107.2,-1.5,3,10422,0.650,0.000,0.091,0.032,0.001,57.7,5.1,0
912,18.01,0.00,534.0,107.9,-1.4,3,10314,0.700,0.000,0.074,0.030,0.006,65.0,1.8,0
913,18.04,0.00,534.6,108.5,-1.4,3,10388,0.750,0.000,0.015,0.028,0.011,132.9,2.0,0
914,18.06,0.00,535.3,109.2,-1.4,3,10498,0.800,0.000,0.147,0.025,0.019,134.1,2.8,0
915,18.08,0.00,536.0,109.9,-1.0,3,10628,0.850,0.000,0.181,0.021,0.026,131.4,4.4,0
916,18.10,0.00,536.7,110.6,-0.9,3,10785,0.700,0.000,0.191,0.017,0.031,131.2,6.2,0
917,18.12,0.00,537.3,111.0,-0.9,4,8729,0.750,0.000,0.191,0.012,0.033,126.5,-7.4,0
918,18.15,0.00,538.0,110.8,-0.9,4,8738,0.800,0.000,0.185,0.008,0.034,121.6,-8.0,0
919,18.17,0.00,538.7,110.7,-1.0,4,8231,0.850,0.000,0.173,0.003,0.034,116.3,-7.7,0
920,18.19,0.00,539.4,111.0,-1.2,4,8624,0.900,0.000,0.168,-0.002,0.034,110.8,1.4,0
921,18.21,0.00,540.0,111.5,-1.5,4,8750,0.950,0.000,0.145,-0.007,0.033,105.4,3.7,0
922,18.23,0.00,540.7,112.1,-1.9,4,8854,0.800,0.000,0.104,-0.013,0.024,100.1,5.1,0
923,18.26,0.00,541.4,112.8,-2.2,4,8786,0.850,0.000,0.047,-0.017,0.013,95.4,2.3,0
924,18.28,0.00,542.1,113.4,-2.4,4,8817,0.900,0.000,0.005,-0.020,0.004,91.8,1.9,0
925,18.30,0.00,542.8,114.0,-2.3,4,8879,0.950,0.000,-0.020,-0.023,-0.001,89.5,2.1,0
926,18.32,0.00,543.5,114.7,-2.0,4,8965,1.000,0.000,-0.029,-0.025,-0.003,88.2,2.9,0
927,18.34,0.00,544.2,115.4,-1.6,4,9066,1.000,0.000,-0.029,-0.026,-0.002,87.6,4.0,0
928,18.37,0.00,544.9,116.2,-1.3,4,9133,1.000,0.000,-0.022,-0.028,-0.001,87.3,4.2,0
929,18.39,0.00,545.6,117.0,-0.9,4,9189,1.000,0.000,-0.015,-0.029,0.000,87.0,4.1,0
930,18.41,0.00,546.3,117.8,-0.6,4,9243,1.000,0.000,-0.008,-0.029,0.002,86.8,3.9,0
931,18.43,0.00,547.1,118.6,-0.3,4,9298,1.000,0.000,-0.002,-0.030,0.003,86.3,3.7,0
932,18.45,0.00,547.8,119.4,-0.2,4,9354,1.000,0.000,0.001,-0.031,0.003,85.8,3.6,0
933,18.48,0.00,548.5,120.2,-0.1,4,9415,1.000,0.000,0.002,-0.031,0.004,85.1,3.6,0
934,18.50,0.00,549.3,121.0,-0.0,4,9461,1.000,0.000,-0.029,-0.032,0.004,84.4,3.2,0
935,18.52,0.00,550.0,121.8,-0.1,4,9520,1.000,0.000,-0.026,-0.032,0.004,83.8,3.2,0
936,18.54,0.00,550.8,122.6,0.0,4,9588,1.000,0.000,-0.018,-0.033,0.006,83.5,3.3,0
937,18.56,0.00,551.5,123.4,0.1,4,9658,1.000,0.000,-0.010,-0.034,0.007,83.2,3.5,0
938,18.59,0.00,552.3,124.2,0.2,4,9724,1.000,0.000,-0.004,-0.035,0.009,82.8,3.6,0
939,18.61,0.00,553.0,125.0,0.3,4,9784,1.000,0.000,0.000,-0.035,0.009,82.2,3.6,0
940,18.63,0.00,553.8,125.8,0.3,4,9843,1.000,0.000,0.003,-0.036,0.010,81.6,3.5,0
941,18.65,0.00,554.6,126.6,0.2,4,9900,1.000,0.000,0.003,-0.037,0.010,80.8,3.4,0
942,18.67,0.00,555.3,127.4,0.2,4,9957,1.000,0.000,0.002,-0.038,0.010,79.9,3.3,0
943,18.70,0.00,556.1,128.2,0.2,4,10002,1.000,0.000,0.001,-0.039,0.009,79.0,2.9,0
944,18.72,0.00,556.9,129.0,0.1,4,10056,1.000,0.000,-0.000,-0.041,0.009,78.1,2.8,0
945,18.74,0.00,557.7,129.7,0.1,4,10117,1.000,0.000,-0.001,-0.042,0.009,77.3,2.8,0
946,18.76,0.00,558.5,130.5,0.1,4,10182,1.000,0.000,-0.001,-0.043,0.009,76.4,2.8,0
947,18.78,0.00,559.3,131.3,0.0,4,10245,1.000,0.000,-0.002,-0.044,0.009,75.6,2.9,0
948,18.81,0.00,560.1,132.1,0.0,4,10306,1.000,0.000,-0.002,-0.045,0.009,74.7,2.9,0
949,18.83,0.00,560.9,132.9,0.0,4,10364,1.000,0.000,-0.001,-0.046,0.009,73.9,2.9,0
950,18.85,0.00,561.7,133.6,0.0,4,10421,1.000,0.000,-0.001,-0.047,0.009,73.0,2.8,0
951,18.87,0.00,562.5,134.4,0.0,4,10473,1.000,0.000,-0.001,-0.048,0.009,72.2,2.6,0
952,18.89,0.00,563.4,135.2,0.0,4,10523,1.000,0.000,-0.001,-0.050,0.008,71.3,2.4,0
953,18.92,0.00,564.2,136.0,0.0,4,10579,1.000,0.000,-0.002,-0.051,0.008,70.4,2.3,0
954,18.94,0.00,565.0,136.8,0.0,4,10638,1.000,0.000,-0.002,-0.052,0.008,69.6,2.2,0
955,18.96,0.00,565.9,137.5,0.0,4,10699,1.000,0.000,-0.002,-0.053,0.008,68.7,2.3,0
956,18.98,0.00,566.7,138.3,0.0,4,10759,1.000,0.000,-0.001,-0.054,0.008,67.8,2.3,0
957,19.00,0.00,567.6,139.1,0.0,4,10817,1.000,0.000,-0.001,-0.055,0.008,67.0,2.2,0
958,19.03,0.00,568.4,139.8,0.0,4,10874,0.000,0.017,-0.001,-0.057,0.008,66.1,2.2,0
959,19.05,0.00,569.3,139.9,0.0,4,10339,0.000,0.068,-0.002,-0.058,0.008,65.2,-10.8,0
960,19.07,0.00,570.1,139.5,0.0,4,10282,0.000,0.093,-0.002,-0.059,0.008,64.3,-10.0,0
961,19.09,0.00,571.0,139.0,0.0,4,10230,0.000,0.113,-0.002,-0.060,0.008,63.4,-9.6,0
962,19.11,0.00,571.8,138.4,0.0,4,10176,0.000,0.129,-0.002,-0.061,0.008,62.6,-9.3,0
963,19.14,0.00,572.7,137.8,0.0,4,10121,0.000,0.142,-0.001,-0.062,0.008,61.7,-9.0,0
964,19.16,0.00,573.5,137.1,0.0,4,10065,0.000,0.153,-0.002,-0.064,0.009,60.8,-8.7,0
965,19.18,0.00,574.3,136.4,0.0,4,10008,0.000,0.163,-0.002,-0.065,0.009,60.0,-8.4,0
966,19.20,0.00,575.2,135.6,0.0,4,9949,0.000,0.171,-0.003,-0.066,0.009,59.1,-8.1,0
967,19.22,0.00,576.0,134.9,0.0,4,9888,0.000,0.177,-0.004,-0.067,0.009,58.3,-7.8,0
968,19.25,0.00,576.8,134.1,0.0,4,9827,0.000,0.181,-0.083,-0.068,0.009,57.5,-7.6,0
969,19.27,0.00,577.6,133.3,-0.2,4,9766,0.000,0.161,-0.074,-0.070,0.011,57.1,-7.0,0
970,19.29,0.00,578.4,132.5,0.0,4,9718,0.000,0.111,-0.050,-0.072,0.016,57.4,-7.6,0
971,19.31,0.00,579.2,131.9,0.4,4,9693,0.000,0.061,-0.022,-0.074,0.022,57.7,-8.7,0
972,19.33,0.00,580.1,131.4,0.7,4,9682,0.000,0.032,-0.001,-0.076,0.026,57.8,-9.6,0
973,19.36,0.00,580.9,131.0,0.8,4,9670,0.000,0.031,0.010,-0.079,0.028,57.5,-10.1,0
974,19.38,0.00,581.7,130.7,0.7,4,9647,0.000,0.051,0.011,-0.082,0.029,56.8,-10.0,0
975,19.40,0.00,582.4,130.3,0.6,4,9613,0.000,0.081,0.007,-0.086,0.029,55.9,-9.6,0
976,19.42,0.00,583.2,129.9,0.4,4,9567,0.000,0.111,0.001,-0.089,0.029,55.0,-9.0,0
977,19.44,0.00,584.0,129.4,0.3,4,9514,0.000,0.135,-0.005,-0.092,0.028,54.1,-8.3,0
978,19.47,0.00,584.8,128.7,0.2,4,9456,0.000,0.150,-0.008,-0.096,0.028,53.3,-7.9,0
979,19.49,0.00,585.6,128.1,0.1,4,9399,0.000,0.157,-0.009,-0.099,0.029,52.5,-7.6,0
980,19.51,0.00,586.4,127.4,0.1,4,9344,0.000,0.160,-0.009,-0.103,0.029,51.9,-7.5,0
981,19.53,0.00,587.2,126.6,0.1,4,9290,0.000,0.161,-0.007,-0.107,0.030,51.2,-7.3,0
982,19.55,0.00,587.9,125.9,0.2,4,9237,0.000,0.162,-0.006,-0.111,0.031,50.6,-7.2,0
983,19.58,0.00,588.7,125.2,0.2,4,9184,0.000,0.164,-0.023,-0.114,0.028,50.0,-7.2,0
984,19.60,0.00,589.5,124.5,0.1,4,9130,0.000,0.161,-0.054,-0.117,0.022,49.4,-7.0,0
985,19.62,0.00,590.2,123.8,0.1,4,9077,0.000,0.142,-0.078,-0.120,0.017,49.1,-7.0,0
986,19.64,0.00,591.0,123.1,0.1,4,9037,0.000,0.104,-0.090,-0.122,0.015,49.2,-7.2,0
987,19.66,0.00,591.8,122.5,0.3,4,9012,0.000,0.052,-0.093,-0.123,0.014,49.6,-7.8,0
988,19.69,0.00,592.5,122.1,0.5,4,9004,0.050,0.000,-0.087,-0.124,0.015,50.2,-8.8,0
989,19.71,0.00,593.3,121.9,0.7,4,9032,0.100,0.000,-0.079,-0.126,0.016,50.9,-9.2,0
990,19.73,0.00,594.0,121.7,0.9,4,9045,0.150,0.000,-0.072,-0.127,0.017,51.6,-8.7,0
991,19.75,0.00,594.7,121.7,1.0,4,9060,0.200,0.000,-0.070,-0.128,0.017,52.2,-8.2,0
992,19.77,0.00,595.5,121.6,1.0,4,9079,0.250,0.000,-0.069,-0.129,0.017,52.7,-7.7,0
993,19.80,0.00,596.2,121.7,1.0,4,9102,0.300,0.000,-0.070,-0.130,0.017,53.1,-7.1,0
994,19.82,0.00,597.0,121.7,0.9,4,9129,0.350,0.000,-0.073,-0.131,0.016,53.4,-6.6,0
995,19.84,0.00,597.7,121.9,0.9,4,9160,0.400,0.000,-0.076,-0.132,0.016,53.8,-6.0,0
996,19.86,0.00,598.5,122.0,0.8,4,9196,0.450,0.000,-0.078,-0.133,0.015,54.2,-5.4,0
997,19.88,0.00,599.2,122.2,0.8,4,9236,0.500,0.000,-0.077,-0.134,0.015,54.6,-4.8,0
998,19.91,0.00,600.0,122.5,0.8,4,9281,0.550,0.000,-0.074,-0.136,0.015,55.1,-4.2,0
999,19.93,0.00,600.8,122.8,0.8,4,9329,0.600,0.000,-0.072,-0.137,0.015,55.5,-3.6,0
1000,19.95,0.00,601.5,123.2,0.8,4,9383,0.650,0.000,-0.070,-0.138,0.015,56.0,-3.0,0
1001,19.97,0.00,602.3,123.6,0.8,4,9442,0.700,0.000,-0.067,-0.139,0.015,56.5,-2.3,0
1002,19.99,0.00,603.0,124.1,0.8,4,9505,0.750,0.000,-0.065,-0.140,0.015,56.9,-1.6,0
1003,20.02,0.00,603.8,124.6,0.9,4,9573,0.800,0.000,-0.063,-0.141,0.015,57.3,-0.9,0
1004,20.04,0.00,604.6,125.2,0.9,4,9647,0.850,0.000,-0.062,-0.142,0.015,57.7,-0.1,0
1005,20.06,0.00,605.3,125.8,0.9,4,9728,0.900,0.000,-0.060,-0.142,0.014,58.1,0.7,0
1006,20.08,0.00,606.1,126.4,0.9,4,9815,0.950,0.000,-0.058,-0.143,0.014,58.5,1.6,0
1007,20.10,0.00,606.9,127.1,1.0,4,9909,1.000,0.000,-0.056,-0.144,0.014,58.9,2.6,0
1008,20.13,0.00,607.7,127.9,1.0,4,10011,1.000,0.000,-0.054,-0.145,0.014,59.3,3.7,0
1009,20.15,0.00,608.5,128.7,1.1,4,10076,1.000,0.000,-0.053,-0.146,0.014,59.7,3.8,0
1010,20.17,0.00,609.2,129.4,1.1,4,10133,1.000,0.000,0.009,-0.146,0.013,60.1,3.8,0
1011,20.19,0.00,610.0,130.2,1.3,4,10186,1.000,0.000,0.030,-0.147,0.012,60.1,3.5,0
1012,20.21,0.00,610.8,131.0,1.2,4,10235,1.000,0.000,-0.083,-0.147,0.008,59.4,3.2,0
1013,20.24,0.00,611.7,131.8,0.8,4,10289,1.000,0.000,-0.105,-0.146,0.004,58.8,3.3,0
1014,20.26,0.00,612.5,132.6,0.6,4,10351,0.000,0.021,-0.105,-0.146,0.003,59.1,3.4,0
1015,20.28,0.00,613.3,132.7,0.7,4,9802,0.050,0.000,-0.091,-0.146,0.005,59.9,-9.8,0
1016,20.30,0.00,614.1,132.4,0.8,4,9811,0.100,0.000,0.014,-0.146,0.008,61.0,-10.2,0
1017,20.32,0.00,614.9,132.3,1.2,4,9822,0.150,0.000,0.019,-0.146,0.008,61.6,-9.7,0
1018,20.35,0.00,615.7,132.2,1.2,4,9838,0.200,0.000,0.000,-0.146,0.005,61.0,-9.1,0
1019,20.37,0.00,616.5,132.2,0.9,4,9857,0.250,0.000,-0.029,-0.145,0.001,60.2,-8.5,0
1020,20.39,0.00,617.3,132.2,0.6,4,9880,0.300,0.000,-0.130,-0.144,-0.003,59.6,-8.0,0
1021,20.41,0.00,618.2,132.2,0.2,4,9906,0.350,0.000,-0.132,-0.143,-0.003,59.8,-7.2,0
1022,20.43,0.00,619.0,132.3,0.3,4,9937,0.400,0.000,-0.030,-0.143,-0.000,61.0,-6.7,0
1023,20.46,0.00,619.8,132.5,0.8,4,9970,0.450,0.000,-0.010,-0.142,0.003,62.1,-6.2,0
1024,20.48,0.00,620.6,132.7,1.0,4,10007,0.500,0.000,-0.011,-0.142,0.002,62.3,-5.7,0
1025,20.50,0.00,621.4,132.9,0.9,4,10048,0.550,0.000,-0.025,-0.141,-0.000,62.0,-5.2,0
1026,20.52,0.00,622.2,133.2,0.7,4,10095,0.600,0.000,-0.041,-0.140,-0.003,61.6,-4.6,0
1027,20.54,0.00,623.0,133.6,0.5,4,10147,0.650,0.000,-0.052,-0.139,-0.004,61.3,-3.9,0
1028,20.57,0.00,623.9,134.0,0.5,4,10204,0.700,0.000,-0.057,-0.138,-0.005,61.3,-3.3,0
1029,20.59,0.00,624.7,134.4,0.5,4,10267,0.750,0.000,-0.057,-0.136,-0.006,61.6,-2.6,0
1030,20.61,0.00,625.5,134.9,0.6,4,10334,0.800,0.000,-0.053,-0.135,-0.005,62.0,-1.8,0
1031,20.63,0.00,626.3,135.5,0.7,4,10407,0.850,0.000,-0.048,-0.134,-0.005,62.5,-1.1,0
1032,20.65,0.00,627.2,136.1,0.8,4,10485,0.900,0.000,-0.043,-0.132,-0.004,62.9,-0.3,0
1033,20.68,0.00,628.0,136.7,0.8,4,10568,0.000,0.007,-0.041,-0.131,-0.004,63.2,0.6,0
1034,20.70,0.00,628.9,136.8,0.8,4,10110,0.050,0.000,-0.040,-0.129,-0.004,63.5,-10.8,0
1035,20.72,0.00,629.7,136.6,0.8,4,10115,0.100,0.000,-0.040,-0.128,-0.004,63.7,-10.6,0
1036,20.74,0.00,630.5,136.4,0.8,4,10125,0.150,0.000,-0.039,-0.127,-0.004,64.0,-10.0,0
1037,20.76,0.00,631.4,136.3,0.8,4,10140,0.200,0.000,-0.038,-0.125,-0.004,64.2,-9.4,0
1038,20.79,0.00,632.2,136.2,0.8,4,10159,0.250,0.000,-0.037,-0.124,-0.004,64.5,-8.9,0
1039,20.81,0.00,633.0,136.2,0.7,4,10181,0.300,0.000,-0.036,-0.122,-0.005,64.8,-8.3,0
1040,20.83,0.00,633.9,136.3,0.7,4,10206,0.350,0.000,-0.037,-0.121,-0.005,65.0,-7.7,0
1041,20.85,0.00,634.7,136.4,0.7,4,10236,0.400,0.000,-0.038,-0.119,-0.005,65.2,-7.2,0
1042,20.87,0.00,635.5,136.5,0.6,4,10269,0.450,0.000,-0.039,-0.118,-0.006,65.4,-6.6,0
1043,20.90,0.00,636.4,136.7,0.6,4,10306,0.500,0.000,-0.040,-0.117,-0.006,65.6,-6.0,0
1044,20.92,0.00,637.2,137.0,0.6,4,10348,0.550,0.000,-0.041,-0.115,-0.006,65.8,-5.5,0
1045,20.94,0.00,638.1,137.3,0.6,4,10395,0.600,0.000,-0.040,-0.114,-0.007,66.2,-4.9,0
1046,20.96,0.00,638.9,137.6,0.6,4,10446,0.650,0.000,-0.040,-0.112,-0.007,66.5,-4.2,0
1047,20.98,0.00,639.7,138.0,0.6,4,10502,0.700,0.000,-0.038,-0.110,-0.007,66.9,-3.6,0
1048,21.01,0.00,640.6,138.4,0.6,4,10563,0.750,0.000,-0.037,-0.109,-0.007,67.2,-2.9,0
1049,21.03,0.00,641.4,138.9,0.6,4,10628,0.800,0.000,-0.036,-0.107,-0.007,67.6,-2.2,0
1050,21.05,0.00,642.3,139.5,0.6,4,10699,0.850,0.000,-0.035,-0.106,-0.007,68.0,-1.5,0
1051,21.07,0.00,643.1,140.1,0.7,4,10774,0.900,0.000,-0.034,-0.104,-0.008,68.4,-0.7,0
1052,21.09,0.00,644.0,140.3,0.7,5,9683,0.950,0.000,-0.033,-0.102,-0.008,68.8,-10.0,0
1053,21.12,0.00,644.9,140.1,0.6,5,9688,1.000,0.000,-0.033,-0.100,-0.008,69.2,-10.4,0
1054,21.14,0.00,645.7,140.0,0.6,5,9338,1.000,0.000,-0.032,-0.098,-0.008,69.7,-10.2,0
1055,21.16,0.00,646.6,139.9,0.6,4,10552,1.000,0.000,-0.100,-0.097,-0.008,70.2,-10.3,0
1056,21.18,0.00,647.4,139.7,0.5,4,10552,1.000,0.000,-0.091,-0.095,-0.007,71.7,-10.3,0
1057,21.20,0.00,648.3,139.6,0.7,4,10359,1.000,0.000,-0.070,-0.094,-0.003,74.6,-10.3,0
1058,21.23,0.00,649.1,140.0,1.0,4,10889,1.000,0.000,-0.046,-0.092,0.001,78.1,2.0,0
1059,21.25,0.00,650.0,140.7,1.4,4,10985,1.000,0.000,-0.027,-0.092,0.005,81.5,3.2,0
1060,21.27,0.00,650.9,141.0,1.5,5,9862,1.000,0.000,-0.017,-0.091,0.006,83.7,-9.7,0
1061,21.29,0.00,651.7,140.9,1.3,5,9866,1.000,0.000,-0.017,-0.090,0.006,84.2,-10.4,0
1062,21.31,0.00,652.6,140.7,1.1,5,9389,1.000,0.000,-0.022,-0.090,0.005,84.1,-10.3,0
1063,21.34,0.00,653.5,141.1,0.9,5,9774,1.000,0.000,-0.027,-0.090,0.004,83.9,-0.3,0
1064,21.36,0.00,654.3,141.7,0.8,5,9841,1.000,0.000,-0.031,-0.089,0.003,83.8,0.5,0
1065,21.38,0.00,655.2,142.4,0.7,5,9880,1.000,0.000,-0.032,-0.089,0.003,83.8,0.4,0
1066,21.40,0.00,656.1,143.1,0.7,5,9916,1.000,0.000,-0.032,-0.089,0.002,83.8,0.1,0
1067,21.42,0.00,656.9,143.7,0.7,5,9953,1.000,0.000,-0.032,-0.088,0.002,83.7,-0.1,0
1068,21.45,0.00,657.8,144.4,0.7,5,9995,1.000,0.000,-0.032,-0.088,0.002,83.6,-0.3,0
1069,21.47,0.00,658.7,145.0,0.7,5,10040,1.000,0.000,-0.032,-0.087,0.002,83.5,-0.3,0
1070,21.49,0.00,659.6,145.7,0.7,5,10088,1.000,0.000,-0.032,-0.087,0.002,83.3,-0.2,0
1071,21.51,0.00,660.5,146.4,0.7,5,10132,1.000,0.000,-0.031,-0.087,0.002,83.1,-0.2,0
1072,21.53,0.00,661.4,147.0,0.7,5,10178,1.000,0.000,-0.030,-0.086,0.002,82.9,-0.2,0
1073,21.56,0.00,662.3,147.7,0.7,5,10223,1.000,0.000,-0.029,-0.086,0.002,82.7,-0.3,0
1074,21.58,0.00,663.2,148.3,0.7,5,10266,1.000,0.000,-0.029,-0.085,0.002,82.4,-0.3,0
1075,21.60,0.00,664.1,149.0,0.8,5,10307,1.000,0.000,-0.029,-0.084,0.002,82.0,-0.4,0
1076,21.62,0.00,665.0,149.6,0.7,5,10349,1.000,0.000,-0.029,-0.084,0.001,81.7,-0.5,0
1077,21.64,0.00,665.9,150.3,0.7,5,10392,1.000,0.000,-0.028,-0.083,0.001,81.3,-0.6,0
1078,21.67,0.00,666.9,150.9,0.7,5,10433,1.000,0.000,-0.028,-0.083,0.001,80.9,-0.7,0
1079,21.69,0.00,667.8,151.5,0.7,5,10475,1.000,0.000,-0.029,-0.082,0.001,80.4,-0.7,0
1080,21.71,0.00,668.7,152.2,0.7,5,10518,1.000,0.000,-0.029,-0.082,0.001,80.0,-0.8,0
1081,21.73,0.00,669.7,152.8,0.7,5,10562,0.000,0.011,-0.028,-0.081,0.001,79.5,-0.8,0
1082,21.75,0.00,670.6,152.9,0.7,5,10161,0.000,0.037,-0.028,-0.080,0.001,79.0,-11.7,0
1083,21.78,0.00,671.5,152.5,0.7,5,10122,0.000,0.042,-0.028,-0.080,0.000,78.5,-11.4,0
1084,21.80,0.00,672.5,152.2,0.7,5,10093,0.000,0.045,-0.027,-0.079,0.001,78.1,-11.4,0
1085,21.82,0.00,673.4,151.8,0.7,5,10065,0.000,0.046,-0.024,-0.078,0.001,77.6,-11.3,0
1086,21.84,0.00,674.3,151.3,0.8,5,10037,0.000,0.047,-0.022,-0.078,0.001,77.1,-11.3,0
1087,21.86,0.00,675.2,150.9,0.8,5,10010,0.000,0.051,-0.020,-0.077,0.001,76.6,-11.2,0
1088,21.89,0.00,676.2,150.5,0.8,5,9981,0.000,0.055,-0.019,-0.077,0.001,76.1,-11.1,0
1089,21.91,0.00,677.1,150.1,0.7,5,9952,0.000,0.062,-0.020,-0.076,0.001,75.5,-10.9,0
1090,21.93,0.00,678.0,149.6,0.7,5,9919,0.000,0.068,-0.021,-0.075,0.001,74.9,-10.7,0
1091,21.95,0.00,678.9,149.2,0.7,5,9886,0.000,0.074,-0.021,-0.075,0.001,74.3,-10.6,0
1092,21.97,0.00,679.8,148.7,0.6,5,9852,0.000,0.079,-0.021,-0.074,0.001,73.7,-10.4,0
1093,22.00,0.00,680.7,148.2,0.6,5,9817,0.000,0.083,-0.021,-0.074,0.001,73.1,-10.2,0
1094,22.02,0.00,681.6,147.7,0.6,5,9782,0.000,0.087,-0.022,-0.073,0.000,72.5,-10.1,0
1095,22.04,0.00,682.5,147.2,0.6,5,9745,0.000,0.091,-0.021,-0.073,0.000,71.9,-10.0,0
1096,22.06,0.00,683.4,146.6,0.6,5,9709,0.000,0.094,-0.021,-0.072,0.000,71.3,-9.9,0
1097,22.08,0.00,684.3,146.1,0.6,5,9672,0.000,0.097,-0.020,-0.071,0.000,70.7,-9.8,0
1098,22.11,0.00,685.2,145.5,0.6,5,9634,0.000,0.100,-0.020,-0.071,0.000,70.1,-9.7,0
1099,22.13,0.00,686.1,145.0,0.6,5,9596,0.000,0.103,-0.019,-0.070,0.000,69.5,-9.6,0
1100,22.15,0.00,687.0,144.4,0.6,5,9558,0.000,0.106,-0.019,-0.070,0.000,68.8,-9.5,0
1101,22.17,0.00,687.9,143.9,0.6,5,9518,0.000,0.110,-0.019,-0.069,0.000,68.2,-9.4,0
1102,22.19,0.00,688.8,143.3,0.6,5,9478,0.000,0.113,-0.019,-0.068,-0.000,67.5,-9.2,0
1103,22.22,0.00,689.6,142.7,0.5,5,9438,0.000,0.116,-0.019,-0.068,-0.000,66.9,-9.1,0
1104,22.24,0.00,690.5,142.1,0.5,5,9397,0.000,0.119,-0.018,-0.067,-0.000,66.3,-9.0,0
1105,22.26,0.00,691.4,141.5,0.5,5,9356,0.000,0.123,-0.019,-0.067,-0.000,65.6,-8.9,0
1106,22.28,0.00,692.2,140.9,0.5,5,9313,0.000,0.125,-0.018,-0.066,-0.000,65.0,-8.8,0
1107,22.30,0.00,693.1,140.2,0.5,5,9272,0.000,0.128,-0.018,-0.065,-0.001,64.3,-8.7,0
1108,22.33,0.00,693.9,139.6,0.5,5,9229,0.000,0.130,-0.018,-0.065,-0.001,63.6,-8.7,0
1109,22.35,0.00,694.8,139.0,0.5,4,10237,0.000,0.135,-0.018,-0.064,-0.001,63.0,-7.9,0
1110,22.37,0.00,695.6,138.4,0.5,4,10205,0.000,0.140,-0.009,-0.064,0.001,62.3,-7.7,0
1111,22.39,0.00,696.5,137.8,0.5,4,10124,0.000,0.145,-0.002,-0.063,0.003,61.6,-8.5,0
1112,22.41,0.00,697.3,137.1,0.4,4,10070,0.000,0.150,0.003,-0.063,0.003,60.9,-8.3,0
1113,22.44,0.00,698.2,136.4,0.4,4,10013,0.000,0.158,0.006,-0.064,0.004,60.1,-8.2,0
1114,22.46,0.00,699.0,135.6,0.3,4,9952,0.000,0.166,0.006,-0.064,0.004,59.2,-8.0,0
1115,22.48,0.00,699.8,134.9,0.2,4,9891,0.000,0.175,0.005,-0.064,0.004,58.3,-7.8,0
1116,22.50,0.00,700.6,134.1,0.2,4,9828,0.000,0.184,0.003,-0.064,0.003,57.5,-7.6,0
1117,22.52,0.00,701.5,133.3,0.1,4,9763,0.000,0.190,0.002,-0.065,0.003,56.6,-7.8,0
1118,22.55,0.00,702.3,132.4,0.1,4,9700,0.000,0.194,0.002,-0.065,0.003,55.8,-7.5,0
1119,22.57,0.00,703.1,131.6,0.0,4,9636,0.000,0.199,0.001,-0.065,0.003,54.9,-7.3,0
1120,22.59,0.00,703.9,130.7,0.0,4,9574,0.000,0.202,0.001,-0.065,0.003,54.1,-7.0,0
1121,22.61,0.00,704.7,129.9,0.0,4,9515,0.000,0.204,0.001,-0.066,0.003,53.3,-6.6,0
1122,22.63,0.00,705.5,129.0,0.0,4,9448,0.000,0.206,0.001,-0.066,0.003,52.5,-6.4,0
1123,22.66,0.00,706.3,128.1,0.0,4,9379,0.000,0.208,0.002,-0.066,0.003,51.7,-6.4,0
1124,22.68,0.00,707.0,127.3,0.0,4,9311,0.000,0.210,0.002,-0.067,0.003,50.9,-6.3,0
1125,22.70,0.00,707.8,126.4,0.0,4,9245,0.000,0.212,0.001,-0.067,0.003,50.1,-6.2,0
1126,22.72,0.00,708.6,125.5,0.0,4,9179,0.000,0.214,0.001,-0.067,0.003,49.4,-6.2,0
1127,22.74,0.00,709.3,124.6,0.0,4,9113,0.000,0.215,0.001,-0.068,0.003,48.6,-6.2,0
1128,22.77,0.00,710.1,123.7,0.0,4,9048,0.000,0.216,0.000,-0.068,0.003,47.8,-6.1,0
1129,22.79,0.00,710.9,122.8,0.0,4,8983,0.000,0.218,-0.037,-0.068,0.003,47.0,-5.9,0
1130,22.81,0.00,711.6,121.9,-0.1,4,8921,0.000,0.213,-0.031,-0.069,0.004,46.4,-5.6,0
1131,22.83,0.00,712.3,121.1,0.0,4,8859,0.000,0.204,-0.020,-0.069,0.006,45.8,-5.7,0
1132,22.85,0.00,713.1,120.2,0.1,4,8799,0.000,0.197,-0.009,-0.070,0.008,45.2,-5.8,0
1133,22.88,0.00,713.8,119.4,0.2,4,8741,0.000,0.193,-0.000,-0.071,0.010,44.6,-5.9,0
1134,22.90,0.00,714.5,118.6,0.3,4,8684,0.000,0.194,0.005,-0.072,0.011,43.9,-6.0,0
1135,22.92,0.00,715.3,117.8,0.3,4,8625,0.000,0.199,0.007,-0.073,0.011,43.2,-5.9,0
1136,22.94,0.00,716.0,117.0,0.2,4,8564,0.000,0.205,0.007,-0.074,0.011,42.5,-5.6,0
1137,22.96,0.00,716.7,116.2,0.2,4,8501,0.000,0.211,0.005,-0.075,0.011,41.8,-5.4,0
1138,22.99,0.00,717.4,115.3,0.1,4,8437,0.000,0.217,0.004,-0.076,0.010,41.0,-5.2,0
1139,23.01,0.00,718.1,114.5,0.1,4,8371,0.000,0.222,0.002,-0.077,0.010,40.3,-5.0,0
1140,23.03,0.00,718.8,113.6,0.0,4,8305,0.000,0.225,0.001,-0.079,0.010,39.5,-4.9,0
1141,23.05,0.00,719.5,112.7,0.0,4,8237,0.000,0.228,0.001,-0.080,0.010,38.8,-4.9,0
1142,23.07,0.00,720.2,111.8,0.0,4,8172,0.000,0.230,0.000,-0.081,0.010,38.1,-4.8,0
1143,23.10,0.00,720.9,110.9,0.0,4,8107,0.000,0.232,-0.000,-0.082,0.010,37.4,-4.6,0
1144,23.12,0.00,721.5,110.0,0.0,4,8041,0.000,0.233,-0.000,-0.083,0.010,36.8,-4.5,0
1145,23.14,0.00,722.2,109.1,0.0,4,7975,0.000,0.234,-0.001,-0.084,0.010,36.1,-4.4,0
1146,23.16,0.00,722.9,108.3,0.0,3,9773,0.000,0.236,-0.002,-0.085,0.010,35.4,-3.8,0
1147,23.18,0.00,723.5,107.4,0.0,3,9744,0.000,0.240,-0.005,-0.086,0.010,34.8,-3.5,0
1148,23.21,0.00,724.2,106.5,0.0,3,9538,0.000,0.241,-0.159,-0.087,0.010,34.1,-4.2,0
1149,23.23,0.00,724.8,105.6,-0.3,3,9447,0.000,0.229,-0.145,-0.089,0.013,33.6,-2.5,0
1150,23.25,0.00,725.5,104.6,-0.2,3,9364,0.000,0.199,-0.113,-0.090,0.019,33.3,-3.4,0
1151,23.27,0.00,726.1,103.7,0.1,3,9298,0.000,0.167,-0.074,-0.093,0.027,33.1,-5.2,0
1152,23.29,0.00,726.7,102.9,0.4,3,9237,0.000,0.144,-0.036,-0.096,0.035,32.9,-6.3,0
1153,23.32,0.00,727.4,102.3,0.7,3,9198,0.000,0.132,-0.007,-0.099,0.041,32.6,-6.6,0
1154,23.34,0.00,728.0,101.6,0.8,3,9155,0.000,0.133,0.011,-0.103,0.044,32.2,-6.6,0
1155,23.36,0.00,728.6,101.0,0.7,3,9106,0.000,0.143,0.019,-0.107,0.046,31.6,-6.4,0
1156,23.38,0.00,729.2,100.4,0.6,3,9048,0.000,0.158,0.020,-0.111,0.046,31.0,-6.0,0
1157,23.40,0.00,729.8,99.7,0.5,3,8983,0.000,0.175,0.017,-0.115,0.045,30.3,-5.6,0
1158,23.43,0.00,730.4,99.0,0.3,3,8910,0.000,0.189,0.012,-0.119,0.044,29.6,-5.3,0
1159,23.45,0.00,731.0,98.3,0.2,3,8833,0.000,0.202,0.008,-0.123,0.043,29.0,-4.9,0
1160,23.47,0.00,731.6,97.5,0.1,3,8753,0.000,0.212,0.004,-0.127,0.042,28.3,-4.6,0
1161,23.49,0.00,732.2,96.7,0.0,3,8673,0.000,0.220,0.002,-0.131,0.041,27.7,-4.4,0
1162,23.51,0.00,732.8,95.8,-0.0,3,8592,0.000,0.225,-0.049,-0.135,0.030,27.1,-4.3,0
1163,23.54,0.00,733.4,95.0,-0.2,3,8512,0.000,0.225,-0.109,-0.137,0.018,26.5,-4.0,0
1164,23.56,0.00,734.0,94.1,-0.3,3,8427,0.000,0.215,-0.155,-0.138,0.008,26.1,-3.7,0
1165,23.58,0.00,734.6,93.2,-0.3,3,8356,0.000,0.195,-0.187,-0.139,0.002,25.8,-3.6,0
1166,23.60,0.00,735.2,92.4,-0.2,3,8294,0.000,0.167,-0.205,-0.139,-0.002,25.6,-3.8,0
1167,23.62,0.00,735.7,91.7,-0.0,3,8242,0.000,0.136,-0.213,-0.139,-0.004,25.6,-4.3,0
1168,23.65,0.00,736.3,91.0,0.2,3,8201,0.000,0.104,-0.214,-0.139,-0.004,25.6,-4.9,0
1169,23.67,0.00,736.9,90.5,0.3,3,8169,0.000,0.075,-0.211,-0.138,-0.003,25.6,-5.5,0
1170,23.69,0.00,737.4,90.1,0.5,3,8145,0.000,0.048,-0.205,-0.137,-0.002,25.7,-6.0,0
1171,23.71,0.00,738.0,89.7,0.7,3,8128,0.000,0.026,-0.199,-0.136,-0.001,25.7,-6.4,0
1172,23.73,0.00,738.5,89.4,0.8,3,8115,0.000,0.009,-0.194,-0.136,0.000,25.8,-6.8,0
1173,23.76,0.00,739.1,89.2,0.8,3,8105,0.050,0.000,-0.191,-0.135,0.001,25.8,-7.0,0
1174,23.78,0.00,739.7,89.1,0.9,3,8125,0.100,0.000,-0.190,-0.134,0.001,25.8,-6.6,0
1175,23.80,0.00,740.2,89.0,0.9,3,8146,0.150,0.000,-0.190,-0.133,0.001,25.8,-6.0,0
1176,23.82,0.00,740.8,89.0,0.8,3,8170,0.200,0.000,-0.193,-0.132,0.001,25.8,-5.5,0
1177,23.84,0.00,741.3,89.0,0.8,3,8200,0.250,0.000,-0.196,-0.132,0.000,25.7,-4.9,0
1178,23.87,0.00,741.9,89.0,0.7,3,8234,0.300,0.000,-0.201,-0.131,-0.001,25.7,-4.3,0
1179,23.89,0.00,742.4,89.2,0.6,3,8274,0.000,0.005,-0.205,-0.130,-0.001,25.6,-3.7,0
1180,23.91,0.00,743.0,89.1,0.6,3,8100,0.000,0.004,-0.210,-0.129,-0.002,25.6,-7.0,0
1181,23.93,0.00,743.5,88.9,0.5,3,8083,0.050,0.000,-0.212,-0.128,-0.003,25.6,-7.0,0
1182,23.95,0.00,744.1,88.8,0.5,3,8099,0.100,0.000,-0.211,-0.127,-0.002,25.6,-6.6,0
1183,23.98,0.00,744.6,88.7,0.6,3,8119,0.150,0.000,-0.209,-0.127,-0.002,25.6,-6.0,0
1184,24.00,0.00,745.2,88.7,0.6,3,8144,0.200,0.000,-0.206,-0.126,-0.001,25.6,-5.5,0
1185,24.02,0.00,745.7,88.7,0.6,3,8174,0.250,0.000,-0.204,-0.125,-0.001,25.7,-4.9,0
1186,24.04,0.00,746.3,88.7,0.7,3,8209,0.300,0.000,-0.202,-0.124,-0.000,25.7,-4.3,0
1187,24.06,0.00,746.8,88.9,0.7,3,8248,0.350,0.000,-0.202,-0.124,-0.000,25.7,-3.7,0
1188,24.09,0.00,747.4,89.0,0.7,3,8293,0.400,0.000,-0.204,-0.123,-0.000,25.6,-3.1,0
1189,24.11,0.00,748.0,89.3,0.6,3,8345,0.000,0.012,-0.207,-0.122,-0.001,25.6,-2.5,0
1190,24.13,0.00,748.5,89.2,0.6,3,8109,0.000,0.012,-0.211,-0.121,-0.002,25.6,-6.8,0
1191,24.15,0.00,749.1,89.0,0.5,3,8088,0.000,0.004,-0.213,-0.120,-0.002,25.6,-6.9,0
1192,24.17,0.00,749.6,88.8,0.5,3,8075,0.050,0.000,-0.213,-0.120,-0.002,25.6,-7.1,0
1193,24.20,0.00,750.2,88.7,0.6,3,8091,0.100,0.000,-0.210,-0.119,-0.001,25.6,-6.6,0
1194,24.22,0.00,750.7,88.6,0.6,3,8112,0.150,0.000,-0.206,-0.118,-0.000,25.6,-6.0,0
1195,24.24,0.00,751.3,88.6,0.7,3,8137,0.200,0.000,-0.202,-0.117,0.000,25.7,-5.4,0
1196,24.26,0.00,751.8,88.6,0.7,3,8166,0.250,0.000,-0.198,-0.117,0.001,25.7,-4.9,0
1197,24.28,0.00,752.4,88.7,0.7,3,8201,0.300,0.000,-0.197,-0.116,0.002,25.7,-4.3,0
1198,24.31,0.00,752.9,88.8,0.7,3,8240,0.350,0.000,-0.198,-0.115,0.001,25.7,-3.7,0
1199,24.33,0.00,753.5,89.0,0.7,3,8285,0.400,0.000,-0.200,-0.115,0.001,25.7,-3.1,0
1200,24.35,0.00,754.0,89.2,0.6,3,8336,0.000,0.006,-0.204,-0.114,0.000,25.6,-2.5,0
1201,24.37,0.00,754.6,89.2,0.6,3,8106,0.000,0.008,-0.209,-0.114,-0.001,25.6,-6.9,0
1202,24.39,0.00,755.1,89.0,0.5,3,8086,0.000,0.001,-0.212,-0.113,-0.001,25.6,-7.0,0
1203,24.42,0.00,755.7,88.8,0.5,3,8073,0.050,0.000,-0.213,-0.112,-0.001,25.6,-7.1,0
1204,24.44,0.00,756.2,88.6,0.5,3,8088,0.100,0.000,-0.210,-0.111,-0.001,25.6,-6.6,0
1205,24.46,0.00,756.8,88.6,0.6,3,8108,0.150,0.000,-0.206,-0.111,0.000,25.6,-6.0,0
1206,24.48,0.00,757.3,88.5,0.6,3,8133,0.200,0.000,-0.201,-0.110,0.001,25.7,-5.5,0
1207,24.50,0.00,757.9,88.6,0.7,3,8163,0.250,0.000,-0.198,-0.110,0.002,25.7,-4.9,0
1208,24.53,0.00,758.4,88.6,0.7,3,8197,0.300,0.000,-0.196,-0.109,0.002,25.7,-4.3,0
1209,24.55,0.00,759.0,88.8,0.7,3,8236,0.350,0.000,-0.197,-0.109,0.002,25.7,-3.7,0
1210,24.57,0.00,759.5,88.9,0.7,3,8281,0.400,0.000,-0.199,-0.108,0.002,25.7,-3.1,0
1211,24.59,0.00,760.1,89.2,0.6,3,8333,0.000,0.004,-0.203,-0.107,0.001,25.6,-2.5,0
1212,24.61,0.00,760.6,89.1,0.6,3,8104,0.000,0.005,-0.208,-0.107,0.000,25.6,-6.9,0
1213,24.64,0.00,761.2,88.9,0.5,3,8086,0.050,0.000,-0.211,-0.106,-0.000,25.6,-7.0,0
1214,24.66,0.00,761.7,88.8,0.5,3,8102,0.100,0.000,-0.211,-0.106,-0.000,25.6,-6.6,0
1215,24.68,0.00,762.3,88.7,0.5,3,8122,0.150,0.000,-0.209,-0.105,0.000,25.6,-6.0,0
1216,24.70,0.00,762.8,88.7,0.6,3,8147,0.200,0.000,-0.205,-0.105,0.001,25.6,-5.5,0
1217,24.72,0.00,763.4,88.7,0.6,3,8177,0.250,0.000,-0.202,-0.104,0.002,25.7,-4.9,0
1218,24.75,0.00,763.9,88.8,0.6,3,8212,0.300,0.000,-0.200,-0.104,0.002,25.7,-4.3,0
1219,24.77,0.00,764.5,88.9,0.6,3,8251,0.350,0.000,-0.199,-0.103,0.002,25.7,-3.7,0
1220,24.79,0.00,765.0,89.1,0.6,3,8296,0.400,0.000,-0.200,-0.103,0.002,25.7,-3.1,0
1221,24.81,0.00,765.6,89.3,0.6,3,8348,0.000,0.011,-0.202,-0.102,0.002,25.7,-2.5,0
1222,24.83,0.00,766.1,89.3,0.6,3,8114,0.000,0.011,-0.206,-0.102,0.001,25.6,-6.8,0
1223,24.86,0.00,766.7,89.1,0.5,3,8093,0.000,0.003,-0.209,-0.101,0.001,25.6,-6.9,0
1224,24.88,0.00,767.2,88.9,0.5,3,8080,0.050,0.000,-0.209,-0.100,0.001,25.6,-7.1,0
1225,24.90,0.00,767.8,88.7,0.5,3,8096,0.100,0.000,-0.207,-0.100,0.001,25.6,-6.6,0
1226,24.92,0.00,768.3,88.7,0.6,3,8116,0.150,0.000,-0.204,-0.099,0.002,25.7,-6.0,0
1227,24.94,0.00,768.9,88.6,0.6,3,8141,0.200,0.000,-0.200,-0.099,0.003,25.7,-5.5,0
1228,24.97,0.00,769.4,88.6,0.7,3,8171,0.250,0.000,-0.198,-0.099,0.004,25.7,-4.9,0
1229,24.99,0.00,770.0,88.7,0.7,3,8205,0.300,0.000,-0.197,-0.098,0.004,25.8,-4.3,0
1230,25.01,0.00,770.5,88.8,0.7,3,8245,0.350,0.000,-0.198,-0.098,0.004,25.8,-3.7,0
1231,25.03,0.00,771.1,89.0,0.6,3,8290,0.400,0.000,-0.201,-0.098,0.004,25.7,-3.1,0
1232,25.05,0.00,771.6,89.3,0.6,3,8341,0.000,0.004,-0.205,-0.097,0.003,25.7,-2.5,0
1233,25.08,0.00,772.2,89.2,0.6,3,8113,0.000,0.005,-0.211,-0.097,0.002,25.7,-7.0,0
1234,25.10,0.00,772.7,89.0,0.5,3,8094,0.050,0.000,-0.214,-0.096,0.002,25.7,-7.0,0
1235,25.12,0.00,773.3,88.9,0.5,3,8110,0.100,0.000,-0.215,-0.096,0.002,25.7,-6.6,0
1236,25.14,0.00,773.8,88.8,0.5,3,8130,0.150,0.000,-0.214,-0.096,0.003,25.7,-6.0,0
1237,25.16,0.00,774.4,88.8,0.6,3,8155,0.200,0.000,-0.211,-0.095,0.004,25.7,-5.5,0
1238,25.19,0.00,774.9,88.8,0.6,3,8185,0.250,0.000,-0.209,-0.095,0.005,25.8,-4.9,0
1239,25.21,0.00,775.5,88.9,0.6,3,8220,0.300,0.000,-0.207,-0.095,0.006,25.8,-4.3,0
1240,25.23,0.00,776.0,89.0,0.7,3,8260,0.350,0.000,-0.207,-0.095,0.007,25.9,-3.7,0
1241,25.25,0.00,776.6,89.2,0.7,3,8305,0.400,0.000,-0.209,-0.095,0.007,25.9,-3.1,0
1242,25.27,0.00,777.2,89.4,0.7,3,8357,0.450,0.000,-0.213,-0.095,0.007,25.9,-2.4,0
1243,25.30,0.00,777.7,89.7,0.7,3,8417,0.000,0.009,-0.218,-0.094,0.007,25.9,-1.7,0
1244,25.32,0.00,778.3,89.6,0.6,3,8148,0.000,0.009,-0.225,-0.094,0.007,25.9,-6.8,0
1245,25.34,0.00,778.8,89.4,0.6,3,8127,0.050,0.000,-0.230,-0.094,0.007,25.9,-6.9,0
1246,25.36,0.00,779.4,89.3,0.6,3,8145,0.100,0.000,-0.232,-0.094,0.007,25.9,-6.6,0
1247,25.38,0.00,779.9,89.2,0.6,3,8165,0.150,0.000,-0.232,-0.094,0.009,26.0,-6.0,0
1248,25.41,0.00,780.5,89.1,0.7,3,8190,0.200,0.000,-0.232,-0.095,0.011,26.1,-5.4,0
1249,25.43,0.00,781.0,89.1,0.7,3,8221,0.250,0.000,-0.232,-0.095,0.013,26.2,-4.8,0
1250,25.45,0.00,781.6,89.2,0.8,3,8257,0.300,0.000,-0.234,-0.095,0.015,26.3,-4.2,0
1251,25.47,0.00,782.1,89.3,0.8,3,8298,0.350,0.000,-0.238,-0.096,0.017,26.4,-3.5,0
1252,25.49,0.00,782.7,89.5,0.9,3,8345,0.400,0.000,-0.245,-0.097,0.019,26.6,-2.9,0
1253,25.52,0.00,783.2,89.7,0.9,3,8398,0.450,0.000,-0.255,-0.098,0.021,26.7,-2.1,0
1254,25.54,0.00,783.8,90.0,0.9,3,8460,0.500,0.000,-0.267,-0.099,0.022,26.9,-1.3,0
1255,25.56,0.00,784.3,90.3,0.9,3,8532,0.550,0.000,-0.283,-0.100,0.024,27.1,-0.4,0
1256,25.58,0.00,784.9,90.6,1.0,3,8615,0.600,0.000,-0.302,-0.101,0.025,27.3,0.6,0
1257,25.60,0.00,785.5,91.0,1.1,3,8714,0.650,0.000,-0.326,-0.102,0.027,27.6,1.9,0
1258,25.63,0.00,786.0,91.5,1.2,3,8831,0.700,0.000,-0.354,-0.104,0.030,28.0,3.5,0
1259,25.65,0.00,786.6,92.0,1.4,3,8968,0.550,0.000,-0.389,-0.105,0.033,28.5,5.5,0
1260,25.67,0.00,787.2,92.5,1.6,3,8881,0.600,0.000,-0.394,-0.107,0.037,29.1,3.3,0
1261,25.69,0.00,787.8,92.9,1.8,3,8954,0.650,0.000,-0.367,-0.109,0.042,29.8,3.9,0
1262,25.71,0.00,788.3,93.3,2.1,3,9077,0.500,0.000,-0.337,-0.111,0.046,30.7,5.4,0
1263,25.74,0.00,788.9,93.7,2.3,3,8977,0.550,0.000,-0.306,-0.113,0.051,31.6,2.7,0
1264,25.76,0.00,789.5,94.0,2.5,3,9038,0.600,0.000,-0.111,-0.116,0.055,32.7,3.0,0
1265,25.78,0.00,790.1,94.5,2.8,3,9137,0.650,0.000,-0.044,-0.118,0.058,33.8,3.4,0
1266,25.80,0.00,790.7,95.0,3.1,3,9231,0.700,0.000,-0.050,-0.121,0.056,34.5,4.3,0
1267,25.82,0.00,791.3,95.6,2.9,3,9322,0.750,0.000,-0.082,-0.123,0.051,34.9,5.0,0
1268,25.85,0.00,791.9,96.3,2.6,3,9434,0.600,0.000,-0.123,-0.125,0.045,35.1,6.1,0
1269,25.87,0.00,792.5,96.9,2.3,3,9301,0.650,0.000,-0.167,-0.127,0.039,35.4,2.5,0
1270,25.89,0.00,793.1,97.5,1.9,3,9360,0.700,0.000,-0.208,-0.128,0.033,35.8,2.6,0
1271,25.91,0.00,793.7,98.1,1.6,3,9479,0.750,0.000,-0.228,-0.129,0.028,36.4,4.0,0
1272,25.93,0.00,794.3,98.7,1.5,3,9621,0.600,0.000,-0.239,-0.130,0.025,37.3,5.6,0
1273,25.96,0.00,794.9,99.3,1.5,3,9534,0.650,0.000,-0.241,-0.131,0.023,38.5,2.9,0
1274,25.98,0.00,795.5,99.8,1.5,3,9621,0.700,0.000,-0.239,-0.132,0.022,40.2,3.5,0
1275,26.00,0.00,796.1,100.4,1.6,3,9750,0.750,0.000,-0.222,-0.132,0.021,42.2,4.9,0
1276,26.02,0.00,796.8,101.0,1.9,3,9899,0.600,0.000,-0.162,-0.133,0.021,44.8,6.7,0
1277,26.04,0.00,797.4,101.6,2.2,3,9796,0.650,0.000,-0.103,-0.133,0.021,47.8,3.4,0
1278,26.07,0.00,798.0,102.1,2.4,3,9856,0.700,0.000,-0.089,-0.133,0.019,50.8,3.4,0
1279,26.09,0.00,798.7,102.8,2.4,3,9954,0.750,0.000,-0.086,-0.132,0.015,53.4,4.1,0
1280,26.11,0.00,799.3,103.4,2.3,3,10069,0.600,0.000,-0.093,-0.131,0.009,56.0,5.2,0
1281,26.13,0.00,800.0,104.1,2.2,3,9946,0.650,0.000,-0.105,-0.129,0.002,58.6,1.8,0
1282,26.15,0.00,800.6,104.6,1.9,3,10009,0.700,0.000,-0.120,-0.127,-0.005,61.3,1.9,0
1283,26.18,0.00,801.3,105.2,1.7,3,10117,0.750,0.000,-0.134,-0.124,-0.012,64.4,2.9,0
1284,26.20,0.00,801.9,105.9,1.6,3,10246,0.800,0.000,-0.139,-0.121,-0.018,68.5,4.2,0
1285,26.22,0.00,802.6,106.6,1.5,3,10395,0.650,0.000,-0.134,-0.117,-0.024,74.1,5.9,0
1286,26.24,0.00,803.2,107.2,1.6,3,10293,0.700,0.000,-0.113,-0.112,-0.029,81.4,2.7,0
1287,26.26,0.00,803.9,107.8,1.6,3,10369,0.750,0.000,-0.123,-0.107,-0.035,90.2,2.9,0
1288,26.29,0.00,804.6,108.5,1.6,3,10489,0.800,0.000,-0.141,-0.101,-0.041,101.0,4.1,0
1289,26.31,0.00,805.2,109.2,1.7,3,10634,0.650,0.000,-0.278,-0.095,-0.046,116.1,5.7,0
1290,26.33,0.00,805.9,109.8,1.6,3,10539,0.700,0.000,-0.289,-0.088,-0.050,141.1,3.3,0
1291,26.35,0.00,806.6,110.4,1.7,3,10634,0.750,0.000,-0.242,-0.080,-0.043,189.6,4.2,0
1292,26.37,0.00,807.3,110.6,1.8,4,8646,0.800,0.000,-0.162,-0.074,-0.030,200.0,-6.8,0
1293,26.40,0.00,807.9,110.4,1.9,4,8656,0.850,0.000,-0.091,-0.070,-0.017,200.0,-7.9,0
1294,26.42,0.00,808.6,110.3,2.1,4,8202,0.900,0.000,-0.026,-0.066,-0.006,200.0,-7.7,0
1295,26.44,0.00,809.3,110.6,2.2,4,8623,0.950,0.000,0.019,-0.064,0.001,200.0,1.9,0
1296,26.46,0.00,810.0,111.3,2.2,4,8731,1.000,0.000,0.042,-0.062,0.006,200.0,3.5,0
1297,26.48,0.00,810.6,112.0,2.0,4,8801,1.000,0.000,0.047,-0.061,0.006,200.0,3.9,0
1298,26.51,0.00,811.3,112.8,1.6,4,8831,1.000,0.000,0.038,-0.059,0.005,200.0,3.3,0
1299,26.53,0.00,812.0,113.6,1.1,4,8866,1.000,0.000,0.024,-0.058,0.002,200.0,2.7,0
1300,26.55,0.00,812.7,114.3,0.7,4,8918,1.000,0.000,0.009,-0.058,0.000,200.0,2.5,0
1301,26.57,0.00,813.4,115.1,0.4,4,8983,1.000,0.000,-0.001,-0.057,-0.002,200.0,2.7,0
1302,26.59,0.00,814.1,115.8,0.2,4,9056,1.000,0.000,-0.007,-0.057,-0.003,200.0,3.0,0
1303,26.62,0.00,814.8,116.6,0.1,4,9129,1.000,0.000,-0.008,-0.056,-0.003,200.0,3.3,0
1304,26.64,0.00,815.6,117.4,0.1,4,9198,1.000,0.000,-0.007,-0.056,-0.003,200.0,3.6,0
1305,26.66,0.00,816.3,118.1,0.1,4,9263,1.000,0.000,-0.005,-0.055,-0.002,200.0,3.7,0
1306,26.68,0.00,817.0,118.9,0.1,4,9327,1.000,0.000,-0.002,-0.055,-0.002,200.0,3.8,0
1307,26.70,0.00,817.7,119.7,0.1,4,9390,1.000,0.000,-0.000,-0.055,-0.001,200.0,3.8,0
1308,26.73,0.00,818.5,120.5,0.1,4,9452,1.000,0.000,0.001,-0.054,-0.001,200.0,3.8,0
1309,26.75,0.00,819.2,121.3,0.1,4,9510,1.000,0.000,0.002,-0.054,-0.001,200.0,3.8,0
1310,26.77,0.00,819.9,122.1,0.1,4,9567,1.000,0.000,0.001,-0.054,-0.001,200.0,3.7,0
1311,26.79,0.00,820.7,122.9,0.1,4,9626,1.000,0.000,0.001,-0.054,-0.001,200.0,3.6,0
1312,26.81,0.00,821.5,123.7,0.0,4,9685,1.000,0.000,0.000,-0.054,-0.001,200.0,3.5,0
1313,26.84,0.00,822.2,124.5,0.0,4,9745,1.000,0.000,-0.000,-0.054,-0.001,200.0,3.5,0
1314,26.86,0.00,823.0,125.3,0.0,4,9804,1.000,0.000,-0.000,-0.053,-0.001,200.0,3.4,0
1315,26.88,0.00,823.7,126.1,0.0,4,9863,1.000,0.000,-0.001,-0.053,-0.001,200.0,3.4,0
1316,26.90,0.00,824.5,126.9,0.0,4,9922,1.000,0.000,-0.001,-0.053,-0.001,200.0,3.3,0
1317,26.92,0.00,825.3,127.7,0.0,4,9980,1.000,0.000,-0.000,-0.053,-0.001,200.0,3.2,0
1318,26.95,0.00,826.1,128.5,0.0,4,10037,1.000,0.000,-0.000,-0.053,-0.001,200.0,3.2,0
1319,26.97,0.00,826.9,129.3,0.0,4,10095,1.000,0.000,-0.000,-0.053,-0.001,200.0,3.1,0
1320,26.99,0.00,827.7,130.1,0.0,4,10152,1.000,0.000,-0.000,-0.052,-0.001,200.0,3.0,0
1321,27.01,0.00,828.5,130.8,0.0,4,10209,1.000,0.000,-0.000,-0.052,-0.001,200.0,2.9,0
1322,27.03,0.00,829.3,131.6,0.0,4,10267,1.000,0.000,-0.000,-0.052,-0.001,199.8,2.8,0
1323,27.06,0.00,830.1,132.4,0.0,4,10324,1.000,0.000,-0.001,-0.052,-0.001,199.0,2.8,0
1324,27.08,0.00,830.9,133.2,0.0,4,10382,1.000,0.000,-0.000,-0.052,-0.001,198.2,2.7,0
1325,27.10,0.00,831.7,134.0,0.0,4,10439,1.000,0.000,-0.000,-0.052,-0.001,197.3,2.6,0
1326,27.12,0.00,832.5,134.7,0.0,4,10496,1.000,0.000,-0.000,-0.052,-0.001,196.5,2.6,0
1327,27.14,0.00,833.3,135.5,0.0,4,10553,1.000,0.000,-0.000,-0.051,-0.001,195.7,2.5,0
1328,27.17,0.00,834.2,136.3,0.0,4,10610,1.000,0.000,-0.000,-0.051,-0.001,194.8,2.4,0
1329,27.19,0.00,835.0,137.1,0.0,4,10666,1.000,0.000,-0.001,-0.051,-0.001,194.0,2.3,0
1330,27.21,0.00,835.8,137.8,0.0,4,10723,1.000,0.000,-0.000,-0.051,-0.001,193.1,2.3,0
1331,27.23,0.00,836.7,138.6,0.0,4,10779,1.000,0.000,-0.000,-0.051,-0.001,192.3,2.2,0
1332,27.25,0.00,837.5,139.4,0.0,4,10835,1.000,0.000,-0.000,-0.051,-0.001,191.4,2.1,0
1333,27.28,0.00,838.4,140.1,0.0,4,10892,1.000,0.000,-0.000,-0.051,-0.001,190.6,2.1,0
1334,27.30,0.00,839.2,140.4,0.0,5,9779,1.000,0.000,-0.000,-0.050,-0.001,189.7,-9.9,0
1335,27.32,0.00,840.1,140.3,0.0,5,9783,1.000,0.000,-0.000,-0.050,-0.001,188.8,-10.4,0
1336,27.34,0.00,841.0,140.1,0.0,5,9351,1.000,0.000,-0.000,-0.050,-0.001,187.9,-10.2,0
1337,27.36,0.00,841.8,140.5,0.0,5,9738,1.000,0.000,-0.000,-0.050,-0.001,187.1,-0.2,0
1338,27.39,0.00,842.7,141.1,0.0,5,9803,1.000,0.000,-0.000,-0.050,-0.001,186.2,0.5,0
1339,27.41,0.00,843.5,141.8,-0.0,5,9837,1.000,0.000,-0.000,-0.050,-0.001,185.3,0.2,0
1340,27.43,0.00,844.4,142.5,-0.0,5,9870,1.000,0.000,-0.000,-0.050,-0.001,184.4,-0.1,0
1341,27.45,0.00,845.3,143.2,-0.0,5,9907,1.000,0.000,-0.000,-0.050,-0.001,183.5,-0.3,0
1342,27.47,0.00,846.2,143.8,-0.0,5,9950,1.000,0.000,-0.000,-0.049,-0.001,182.6,-0.4,0
1343,27.50,0.00,847.0,144.5,-0.0,5,9997,1.000,0.000,-0.000,-0.049,-0.001,181.7,-0.4,0
1344,27.52,0.00,847.9,145.1,-0.0,5,10046,1.000,0.000,-0.000,-0.049,-0.001,180.8,-0.3,0
1345,27.54,0.00,848.8,145.8,-0.0,5,10094,1.000,0.000,-0.000,-0.049,-0.001,179.9,-0.3,0
1346,27.56,0.00,849.7,146.5,-0.0,5,10139,1.000,0.000,-0.000,-0.049,-0.001,179.0,-0.3,0
1347,27.58,0.00,850.6,147.1,-0.0,5,10183,1.000,0.000,-0.000,-0.049,-0.001,178.1,-0.3,0
1348,27.61,0.00,851.5,147.8,-0.0,5,10225,1.000,0.000,-0.000,-0.049,-0.001,177.2,-0.4,0
1349,27.63,0.00,852.4,148.4,-0.0,5,10268,1.000,0.000,-0.000,-0.048,-0.001,176.3,-0.5,0
1350,27.65,0.00,853.3,149.1,-0.0,5,10309,1.000,0.000,-0.000,-0.048,-0.001,175.3,-0.6,0
1351,27.67,0.00,854.2,149.7,0.0,5,10351,1.000,0.000,-0.000,-0.048,-0.001,174.4,-0.7,0
1352,27.69,0.00,855.2,150.4,0.0,5,10394,1.000,0.000,-0.000,-0.048,-0.001,173.5,-0.7,0
1353,27.72,0.00,856.1,151.0,-0.0,5,10437,1.000,0.000,-0.000,-0.048,-0.001,172.5,-0.8,0
1354,27.74,0.00,857.0,151.7,-0.0,5,10480,1.000,0.000,-0.000,-0.048,-0.001,171.6,-0.8,0
1355,27.76,0.00,857.9,152.3,0.0,5,10523,1.000,0.000,-0.000,-0.048,-0.001,170.6,-0.9,0
1356,27.78,0.00,858.9,152.9,0.0,5,10566,1.000,0.000,-0.000,-0.047,-0.001,169.7,-0.9,0
1357,27.80,0.00,859.8,153.6,-0.0,5,10609,1.000,0.000,-0.000,-0.047,-0.001,168.7,-1.0,0
1358,27.83,0.00,860.7,154.2,-0.0,5,10651,1.000,0.000,-0.000,-0.047,-0.001,167.8,-1.0,0
1359,27.85,0.00,861.7,154.9,0.0,5,10693,1.000,0.000,-0.001,-0.047,-0.001,166.8,-1.1,0
1360,27.87,0.00,862.6,155.5,-0.0,5,10736,1.000,0.000,-0.005,-0.047,-0.001,165.9,-1.1,0
1361,27.89,0.00,863.6,156.1,-0.0,5,10777,1.000,0.000,-0.004,-0.047,-0.001,165.0,-1.2,0
1362,27.91,0.00,864.5,156.8,0.0,5,10819,1.000,0.000,-0.002,-0.047,-0.000,164.1,-1.3,0
1363,27.94,0.00,865.5,157.4,0.0,5,10861,1.000,0.000,-0.000,-0.047,-0.000,163.2,-1.3,0
1364,27.96,0.00,866.5,158.0,0.1,5,10903,1.000,0.000,0.001,-0.047,0.000,162.3,-1.4,0
1365,27.98,0.00,867.4,158.7,0.1,5,10945,1.000,0.000,0.001,-0.047,0.000,161.4,-1.4,0
1366,28.00,0.00,868.4,159.3,0.0,5,10986,1.000,0.000,0.001,-0.046,0.000,160.4,-1.5,0
1367,28.02,0.00,869.4,159.9,0.0,5,11028,1.000,0.000,0.000,-0.046,0.000,159.3,-1.5,0
1368,28.05,0.00,870.4,160.6,0.0,5,11069,0.990,0.000,0.000,-0.046,0.000,158.3,-1.6,0
1369,28.07,0.00,871.3,161.2,0.0,5,11105,0.980,0.000,0.000,-0.046,-0.000,157.3,-1.8,0
1370,28.09,0.00,872.3,161.8,0.0,5,11140,0.970,0.000,-0.000,-0.046,-0.000,156.3,-2.0,0
1371,28.11,0.00,873.3,162.4,-0.0,5,11175,0.960,0.000,-0.000,-0.046,-0.000,155.3,-2.2,0
1372,28.13,0.00,874.3,163.0,-0.0,5,11208,0.950,0.000,-0.000,-0.046,-0.000,154.3,-2.4,0
1373,28.16,0.00,875.3,163.5,-0.0,5,11242,0.940,0.000,0.000,-0.046,-0.000,153.2,-2.6,0
1374,28.18,0.00,876.3,164.1,-0.0,5,11274,0.930,0.000,0.000,-0.046,-0.000,152.2,-2.8,0
1375,28.20,0.00,877.3,164.7,-0.0,5,11306,0.920,0.000,0.000,-0.046,-0.000,151.2,-2.9,0
1376,28.22,0.00,878.3,165.2,-0.0,5,11338,0.910,0.000,0.000,-0.046,-0.000,150.2,-3.1,0
1377,28.24,0.00,879.3,165.8,-0.0,5,11368,0.900,0.000,0.000,-0.046,-0.000,149.1,-3.3,0
1378,28.27,0.00,880.4,166.3,-0.0,5,11398,0.890,0.000,0.000,-0.046,-0.000,148.1,-3.5,0
1379,28.29,0.00,881.4,166.8,-0.0,5,11427,0.880,0.000,0.000,-0.046,-0.000,147.1,-3.7,0
1380,28.31,0.00,882.4,167.3,-0.0,5,11456,0.870,0.000,0.000,-0.046,-0.000,146.0,-3.8,0
1381,28.33,0.00,883.4,167.8,-0.0,5,11484,0.860,0.000,0.000,-0.046,-0.000,145.0,-4.0,0
1382,28.35,0.00,884.4,168.3,-0.0,5,11511,0.850,0.000,0.000,-0.046,-0.000,143.9,-4.2,0
1383,28.38,0.00,885.5,168.7,-0.0,5,11538,0.840,0.000,0.000,-0.046,-0.000,142.9,-4.4,0
1384,28.40,0.00,886.5,169.2,0.0,5,11564,0.830,0.000,0.001,-0.046,-0.000,141.8,-4.5,0
1385,28.42,0.00,887.5,169.6,0.0,5,11589,0.820,0.000,0.000,-0.046,-0.000,140.8,-4.7,0
1386,28.44,0.00,888.6,170.1,-0.0,5,11614,0.810,0.000,0.000,-0.046,-0.000,139.7,-4.8,0
1387,28.46,0.00,889.6,170.2,-0.0,6,10640,0.800,0.000,-0.000,-0.046,-0.000,138.6,-12.3,0
1388,28.49,0.00,890.7,169.9,-0.0,6,10639,0.790,0.000,-0.000,-0.046,-0.000,137.6,-12.6,0
1389,28.51,0.00,891.7,169.7,-0.0,5,11322,0.780,0.000,-0.000,-0.046,-0.000,136.5,-12.6,0
1390,28.53,0.00,892.7,169.5,-0.0,5,11318,0.770,0.000,-0.000,-0.046,-0.000,135.4,-12.6,0
1391,28.55,0.00,893.8,169.3,-0.0,5,11284,0.760,0.000,-0.000,-0.046,-0.000,134.4,-12.7,0
1392,28.57,0.00,894.8,169.5,-0.0,5,11548,0.750,0.000,-0.000,-0.046,-0.000,133.3,-5.7,0
1393,28.60,0.00,895.8,169.8,-0.0,5,11572,0.740,0.000,-0.000,-0.046,-0.000,132.3,-5.6,0
1394,28.62,0.00,896.9,170.2,-0.0,5,11586,0.730,0.000,-0.000,-0.046,-0.000,131.2,-5.8,0
1395,28.64,0.00,897.9,170.2,-0.0,6,10614,0.720,0.000,0.000,-0.046,-0.000,130.2,-12.3,0
1396,28.66,0.00,899.0,170.0,-0.0,6,10614,0.710,0.000,0.000,-0.046,-0.000,129.1,-12.6,0
1397,28.68,0.00,900.0,169.8,-0.0,6,10379,0.700,0.000,0.000,-0.046,-0.000,128.0,-12.6,0
1398,28.71,0.00,901.0,169.6,0.0,5,11398,0.690,0.000,0.000,-0.046,-0.000,127.0,-12.5,0
1399,28.73,0.00,902.1,169.4,0.0,5,11392,0.680,0.000,0.001,-0.046,-0.000,125.9,-12.6,0
1400,28.75,0.00,903.1,169.2,0.0,5,11277,0.670,0.000,0.001,-0.046,-0.000,124.9,-12.7,0
1401,28.77,0.00,904.1,169.3,0.0,5,11501,0.660,0.000,0.000,-0.046,-0.000,123.8,-6.7,0
1402,28.79,0.00,905.2,169.6,-0.0,5,11518,0.650,0.000,-0.000,-0.046,-0.000,122.7,-6.6,0
1403,28.82,0.00,906.2,169.9,-0.0,5,11529,0.640,0.000,-0.000,-0.046,-0.000,121.7,-6.9,0
1404,28.84,0.00,907.3,170.2,-0.0,5,11540,0.630,0.000,-0.000,-0.046,-0.000,120.6,-7.1,0
1405,28.86,0.00,908.3,170.2,-0.0,6,10573,0.620,0.000,-0.000,-0.046,-0.000,119.6,-12.4,0
1406,28.88,0.00,909.3,169.9,-0.0,6,10573,0.610,0.000,-0.000,-0.046,-0.000,118.5,-12.6,0
1407,28.90,0.00,910.4,169.7,-0.0,5,11322,0.600,0.000,-0.001,-0.046,-0.000,117.4,-12.6,0
1408,28.93,0.00,911.4,169.5,-0.0,5,11317,0.590,0.000,-0.000,-0.045,-0.000,116.4,-12.6,0
1409,28.95,0.00,912.4,169.3,0.0,5,11283,0.580,0.000,-0.000,-0.045,-0.000,115.3,-12.7,0
1410,28.97,0.00,913.5,169.3,0.0,5,11467,0.570,0.000,-0.000,-0.045,-0.000,114.3,-7.7,0
1411,28.99,0.00,914.5,169.5,0.0,5,11478,0.560,0.000,-0.000,-0.045,-0.000,113.2,-7.7,0
1412,29.01,0.00,915.6,169.7,0.0,5,11485,0.550,0.000,-0.009,-0.045,-0.000,112.2,-7.9,0
1413,29.04,0.00,916.6,169.9,-0.0,5,11492,0.540,0.000,-0.007,-0.045,0.000,111.2,-8.0,0
1414,29.06,0.00,917.6,170.1,0.0,5,11500,0.530,0.000,-0.004,-0.045,0.001,110.3,-8.2,0
1415,29.08,0.00,918.7,170.1,0.1,6,10537,0.520,0.000,-0.001,-0.045,0.001,109.4,-12.4,0
1416,29.10,0.00,919.7,169.9,0.1,6,10537,0.510,0.000,0.001,-0.045,0.002,108.4,-12.6,0
1417,29.12,0.00,920.7,169.6,0.1,5,11316,0.500,0.000,0.001,-0.046,0.002,107.4,-12.6,0
1418,29.15,0.00,921.8,169.4,0.1,5,11312,0.490,0.000,0.002,-0.046,0.002,106.3,-12.6,0
1419,29.17,0.00,922.8,169.2,0.1,5,11278,0.480,0.000,0.001,-0.046,0.002,105.2,-12.7,0
1420,29.19,0.00,923.8,169.2,0.0,5,11418,0.470,0.000,0.000,-0.046,0.001,104.1,-8.8,0
1421,29.21,0.00,924.9,169.3,0.0,5,11423,0.460,0.000,-0.000,-0.046,0.001,103.0,-8.8,0
1422,29.23,0.00,925.9,169.4,-0.0,5,11428,0.450,0.000,-0.000,-0.047,0.001,102.0,-8.9,0
1423,29.26,0.00,927.0,169.5,-0.0,5,11429,0.440,0.000,-0.000,-0.047,0.001,100.9,-9.0,0
1424,29.28,0.00,928.0,169.6,-0.0,5,11431,0.430,0.000,-0.000,-0.047,0.001,99.9,-9.1,0
1425,29.30,0.00,929.0,169.7,-0.0,5,11431,0.000,0.000,-0.000,-0.047,0.001,98.8,-9.3,0
1426,29.32,0.00,930.1,169.5,-0.0,5,11262,0.000,0.035,0.000,-0.048,0.001,97.8,-13.6,0
1427,29.34,0.00,931.1,169.1,0.0,5,11221,0.000,0.060,0.001,-0.048,0.001,96.7,-13.0,0
1428,29.37,0.00,932.1,168.6,0.0,5,11178,0.000,0.080,0.001,-0.048,0.001,95.7,-12.4,0
1429,29.39,0.00,933.2,168.1,0.0,5,11134,0.000,0.097,0.002,-0.048,0.001,94.6,-11.9,0
1430,29.41,0.00,934.2,167.5,0.0,5,11085,0.000,0.112,0.002,-0.048,0.001,93.6,-11.6,0
1431,29.43,0.00,935.2,166.8,0.0,5,11036,0.000,0.124,0.002,-0.049,0.001,92.6,-11.2,0
1432,29.45,0.00,936.2,166.1,0.0,5,10986,0.000,0.135,0.002,-0.049,0.001,91.5,-10.9,0
1433,29.48,0.00,937.2,165.4,0.0,5,10934,0.000,0.145,0.001,-0.049,0.001,90.5,-10.6,0
1434,29.50,0.00,938.2,164.7,0.0,5,10880,0.000,0.153,0.001,-0.049,0.001,89.4,-10.3,0
1435,29.52,0.00,939.2,163.9,0.0,5,10824,0.000,0.159,0.002,-0.049,0.001,88.4,-10.0,0
1436,29.54,0.00,940.2,163.1,0.0,5,10769,0.000,0.164,0.002,-0.050,0.001,87.4,-9.8,0
1437,29.56,0.00,941.2,162.3,0.0,5,10712,0.000,0.169,0.001,-0.050,0.001,86.3,-9.7,0
1438,29.59,0.00,942.2,161.4,0.0,5,10654,0.000,0.174,0.001,-0.050,0.001,85.3,-9.5,0
1439,29.61,0.00,943.2,160.6,0.0,5,10597,0.000,0.177,0.002,-0.050,0.001,84.3,-9.3,0
1440,29.63,0.00,944.2,159.7,0.0,5,10540,0.000,0.180,0.002,-0.050,0.001,83.3,-9.2,0
1441,29.65,0.00,945.2,158.9,0.0,5,10482,0.000,0.183,0.001,-0.050,0.001,82.3,-9.1,0
1442,29.67,0.00,946.1,158.0,0.0,5,10423,0.000,0.186,0.001,-0.051,0.001,81.3,-8.9,0
1443,29.70,0.00,947.1,157.2,0.0,5,10364,0.000,0.188,0.001,-0.051,0.001,80.4,-8.8,0
1444,29.72,0.00,948.1,156.3,0.0,5,10305,0.000,0.189,0.001,-0.051,0.001,79.4,-8.7,0
1445,29.74,0.00,949.0,155.4,0.0,5,10247,0.000,0.191,0.001,-0.051,0.001,78.4,-8.6,0
1446,29.76,0.00,950.0,154.5,0.0,5,10187,0.000,0.192,0.002,-0.051,0.001,77.4,-8.5,0
1447,29.78,0.00,950.9,153.6,0.0,5,10129,0.000,0.194,0.001,-0.051,0.001,76.5,-8.4,0
1448,29.81,0.00,951.8,152.8,0.0,5,10070,0.000,0.195,0.001,-0.051,0.001,75.5,-8.3,0
1449,29.83,0.00,952.8,151.9,0.0,5,10011,0.000,0.197,0.000,-0.051,0.001,74.6,-8.2,0
1450,29.85,0.00,953.7,151.0,0.0,5,9951,0.000,0.198,-0.019,-0.052,0.001,73.6,-8.1,0
1451,29.87,0.00,954.6,150.1,-0.0,5,9892,0.000,0.193,-0.015,-0.052,0.002,72.8,-7.9,0
1452,29.89,0.00,955.5,149.2,0.1,5,9836,0.000,0.184,-0.008,-0.052,0.003,72.1,-8.0,0
1453,29.92,0.00,956.4,148.4,0.2,5,9783,0.000,0.177,-0.001,-0.053,0.004,71.4,-8.2,0
1454,29.94,0.00,957.3,147.6,0.2,5,9733,0.000,0.174,0.004,-0.053,0.005,70.6,-8.2,0
1455,29.96,0.00,958.2,146.7,0.3,5,9681,0.000,0.177,0.006,-0.054,0.006,69.7,-8.2,0
1456,29.98,0.00,959.1,145.9,0.2,5,9626,0.000,0.183,0.005,-0.054,0.006,68.8,-8.1,0
1457,30.00,0.00,960.0,145.1,0.2,5,9570,0.000,0.190,0.004,-0.055,0.005,67.9,-7.9,0
1458,30.03,0.00,960.9,144.3,0.1,5,9511,0.000,0.196,0.003,-0.056,0.005,66.9,-7.6,0
1459,30.05,0.00,961.8,143.4,0.1,5,9452,0.000,0.201,0.002,-0.056,0.005,66.0,-7.5,0
1460,30.07,0.00,962.7,142.6,0.0,5,9392,0.000,0.205,0.001,-0.057,0.005,65.1,-7.3,0
1461,30.09,0.00,963.5,141.7,0.0,5,9332,0.000,0.208,0.001,-0.057,0.004,64.2,-7.2,0
1462,30.11,0.00,964.4,140.8,0.0,5,9273,0.000,0.210,0.001,-0.058,0.004,63.3,-7.1,0
1463,30.14,0.00,965.2,139.9,0.0,5,9214,0.000,0.211,0.001,-0.059,0.004,62.4,-6.9,0
1464,30.16,0.00,966.1,139.1,0.0,4,10219,0.000,0.214,0.001,-0.059,0.004,61.5,-6.1,0
1465,30.18,0.00,966.9,138.2,0.0,4,10186,0.000,0.218,0.001,-0.060,0.004,60.6,-5.9,0
1466,30.20,0.00,967.8,137.3,0.0,4,10048,0.000,0.221,0.001,-0.061,0.004,59.8,-6.8,0
1467,30.22,0.00,968.6,136.4,-0.0,4,9974,0.000,0.221,-0.000,-0.061,0.004,58.9,-6.7,0
1468,30.25,0.00,969.4,135.4,-0.0,4,9904,0.000,0.220,-0.001,-0.062,0.004,58.0,-6.7,0
1469,30.27,0.00,970.3,134.5,-0.0,4,9835,0.000,0.220,-0.001,-0.062,0.004,57.2,-6.8,0
1470,30.29,0.00,971.1,133.6,-0.0,4,9766,0.000,0.219,-0.002,-0.063,0.004,56.3,-6.8,0
1471,30.31,0.00,971.9,132.6,-0.0,4,9698,0.000,0.219,-0.002,-0.063,0.004,55.5,-6.7,0
1472,30.33,0.00,972.7,131.7,-0.0,4,9632,0.000,0.218,-0.002,-0.064,0.004,54.7,-6.5,0
1473,30.36,0.00,973.5,130.8,-0.0,4,9565,0.000,0.217,-0.002,-0.064,0.004,53.9,-6.4,0
1474,30.38,0.00,974.3,129.9,-0.0,4,9497,0.000,0.217,-0.002,-0.065,0.004,53.1,-6.4,0
1475,30.40,0.00,975.1,128.9,-0.0,4,9430,0.000,0.217,-0.002,-0.066,0.004,52.3,-6.3,0
1476,30.42,0.00,975.9,128.0,-0.0,4,9363,0.000,0.217,-0.003,-0.066,0.004,51.5,-6.2,0
1477,30.44,0.00,976.7,127.1,-0.0,4,9296,0.000,0.217,-0.079,-0.067,0.004,50.7,-6.2,0
1478,30.47,0.00,977.4,126.2,-0.2,4,9231,0.000,0.205,-0.072,-0.067,0.006,50.1,-5.7,0
1479,30.49,0.00,978.2,125.3,-0.0,4,9171,0.000,0.176,-0.050,-0.068,0.011,49.9,-6.2,0
1480,30.51,0.00,979.0,124.5,0.3,4,9125,0.000,0.149,0.012,-0.070,0.016,49.6,-6.9,0
1481,30.53,0.00,979.7,123.8,0.6,4,9087,0.000,0.139,0.027,-0.072,0.019,49.2,-7.4,0
1482,30.55,0.00,980.5,123.2,0.6,4,9047,0.000,0.150,0.029,-0.073,0.019,48.5,-7.4,0
1483,30.58,0.00,981.2,122.5,0.5,4,8995,0.000,0.171,0.023,-0.075,0.018,47.6,-7.0,0
1484,30.60,0.00,982.0,121.8,0.3,4,8933,0.000,0.192,0.015,-0.077,0.016,46.6,-6.5,0
1485,30.62,0.00,982.7,121.0,0.1,4,8865,0.000,0.211,-0.050,-0.079,0.014,45.7,-6.0,0
1486,30.64,0.00,983.5,120.2,-0.2,4,8793,0.000,0.215,-0.053,-0.080,0.014,44.9,-5.3,0
1487,30.66,0.00,984.2,119.3,-0.1,4,8726,0.000,0.202,-0.043,-0.082,0.017,44.4,-5.3,0
1488,30.69,0.00,984.9,118.5,0.0,4,8670,0.000,0.185,0.035,-0.085,0.020,44.0,-5.8,0
1489,30.71,0.00,985.6,117.7,0.4,4,8620,0.000,0.182,0.043,-0.087,0.022,43.4,-6.2,0
1490,30.73,0.00,986.4,116.9,0.4,4,8567,0.000,0.197,-0.033,-0.089,0.020,42.6,-6.2,0
1491,30.75,0.00,987.1,116.1,0.1,4,8504,0.000,0.208,-0.040,-0.091,0.020,41.8,-5.6,0
1492,30.77,0.00,987.8,115.3,-0.0,4,8438,0.000,0.205,-0.035,-0.094,0.021,41.2,-5.3,0
1493,30.80,0.00,988.5,114.5,0.0,4,8382,0.000,0.195,-0.026,-0.096,0.024,40.7,-5.3,0
1494,30.82,0.00,989.2,113.7,0.1,4,8327,0.000,0.187,-0.016,-0.099,0.026,40.2,-5.4,0
1495,30.84,0.00,989.9,112.9,0.2,4,8273,0.000,0.183,-0.006,-0.102,0.028,39.7,-5.6,0
1496,30.86,0.00,990.5,112.1,0.3,4,8219,0.000,0.184,0.000,-0.105,0.029,39.1,-5.6,0
1497,30.88,0.00,991.2,111.4,0.3,4,8164,0.000,0.189,0.004,-0.108,0.030,38.4,-5.5,0
1498,30.91,0.00,991.9,110.6,0.2,4,8107,0.000,0.196,0.005,-0.111,0.030,37.8,-5.4,0
1499,30.93,0.00,992.6,109.9,0.2,4,8047,0.000,0.204,0.003,-0.114,0.030,37.1,-5.2,0
1500,30.95,0.00,993.3,109.1,0.1,3,9861,0.000,0.212,-0.087,-0.118,0.030,36.4,-4.6,0
1501,30.97,0.00,993.9,108.3,-0.1,3,9831,0.000,0.211,-0.078,-0.121,0.032,35.8,-3.8,0
1502,30.99,0.00,994.6,107.5,-0.1,3,9644,0.000,0.192,-0.066,-0.125,0.034,35.5,-5.2,0
1503,31.02,0.00,995.2,106.7,0.1,3,9573,0.000,0.169,-0.082,-0.128,0.031,35.2,-5.8,0
1504,31.04,0.00,995.9,105.9,0.2,3,9517,0.000,0.146,-0.095,-0.131,0.028,35.0,-6.1,0
1505,31.06,0.00,996.5,105.2,0.3,3,9470,0.000,0.122,-0.103,-0.134,0.026,34.8,-6.3,0
1506,31.08,0.00,997.2,104.6,0.4,3,9426,0.000,0.098,-0.108,-0.136,0.025,34.7,-6.7,0
1507,31.10,0.00,997.8,104.0,0.5,3,9389,0.000,0.075,-0.109,-0.138,0.024,34.7,-7.1,0
1508,31.13,0.00,998.5,103.6,0.5,3,9358,0.000,0.054,-0.109,-0.140,0.024,34.6,-7.5,0
1509,31.15,0.00,999.1,103.2,0.6,3,9334,0.000,0.035,-0.108,-0.142,0.024,34.6,-7.8,0
1510,31.17,0.00,999.8,102.8,0.7,3,9314,0.000,0.019,-0.106,-0.144,0.024,34.6,-8.0,0
1511,31.19,0.00,1000.4,102.5,0.7,3,9297,0.000,0.007,-0.106,-0.146,0.024,34.6,-8.3,0
1512,31.21,0.00,1001.0,102.3,0.8,3,9284,0.050,0.000,-0.106,-0.148,0.024,34.6,-8.4,0
1513,31.24,0.00,1001.6,102.1,0.7,3,9303,0.100,0.000,-0.108,-0.149,0.023,34.5,-7.9,0
1514,31.26,0.00,1002.3,102.0,0.7,3,9325,0.150,0.000,-0.110,-0.151,0.023,34.4,-7.3,0
1515,31.28,0.00,1002.9,102.0,0.7,3,9353,0.200,0.000,-0.113,-0.153,0.022,34.3,-6.6,0
1516,31.30,0.00,1003.5,102.0,0.6,3,9386,0.000,0.004,-0.116,-0.154,0.021,34.3,-6.0,0
1517,31.32,0.00,1004.2,101.9,0.6,3,9249,0.000,0.002,-0.117,-0.156,0.021,34.2,-8.4,0
1518,31.35,0.00,1004.8,101.7,0.6,3,9230,0.050,0.000,-0.118,-0.157,0.020,34.1,-8.5,0
1519,31.37,0.00,1005.4,101.5,0.6,3,9247,0.100,0.000,-0.118,-0.159,0.020,34.1,-7.9,0
1520,31.39,0.00,1006.1,101.4,0.6,3,9269,0.150,0.000,-0.117,-0.160,0.020,34.1,-7.2,0
1521,31.41,0.00,1006.7,101.4,0.6,3,9296,0.200,0.000,-0.117,-0.161,0.020,34.1,-6.6,0
1522,31.43,0.00,1007.3,101.4,0.6,3,9329,0.250,0.000,-0.118,-0.163,0.020,34.0,-5.9,0
1523,31.46,0.00,1007.9,101.5,0.6,3,9369,0.300,0.000,-0.119,-0.164,0.019,33.9,-5.3,0
1524,31.48,0.00,1008.6,101.6,0.6,3,9415,0.000,0.010,-0.121,-0.165,0.019,33.9,-4.6,0
1525,31.50,0.00,1009.2,101.5,0.6,3,9213,0.000,0.010,-0.122,-0.167,0.018,33.8,-8.2,0
1526,31.52,0.00,1009.8,101.3,0.6,3,9190,0.000,0.002,-0.123,-0.168,0.018,33.8,-8.3,0
1527,31.54,0.00,1010.5,101.1,0.6,3,9174,0.050,0.000,-0.123,-0.169,0.018,33.7,-8.4,0
1528,31.57,0.00,1011.1,100.9,0.6,3,9192,0.100,0.000,-0.121,-0.170,0.018,33.7,-7.8,0
1529,31.59,0.00,1011.7,100.8,0.7,3,9214,0.150,0.000,-0.119,-0.172,0.018,33.7,-7.1,0
1530,31.61,0.00,1012.3,100.8,0.7,3,9241,0.200,0.000,-0.119,-0.173,0.018,33.7,-6.5,0
1531,31.63,0.00,1013.0,100.8,0.7,3,9275,0.250,0.000,-0.119,-0.174,0.018,33.6,-5.9,0
1532,31.65,0.00,1013.6,100.9,0.7,3,9314,0.300,0.000,-0.120,-0.175,0.018,33.6,-5.2,0
1533,31.68,0.00,1014.2,101.0,0.6,3,9359,0.000,0.006,-0.122,-0.176,0.017,33.5,-4.5,0
1534,31.70,0.00,1014.8,100.9,0.6,3,9161,0.000,0.007,-0.125,-0.177,0.017,33.4,-8.2,0
1535,31.72,0.00,1015.5,100.7,0.6,3,9138,0.000,0.000,-0.126,-0.178,0.016,33.4,-8.2,0
1536,31.74,0.00,1016.1,100.5,0.6,3,9124,0.050,0.000,-0.126,-0.179,0.016,33.3,-8.4,0
1537,31.76,0.00,1016.7,100.3,0.6,3,9140,0.100,0.000,-0.125,-0.180,0.016,33.3,-7.7,0
1538,31.79,0.00,1017.3,100.2,0.6,3,9162,0.150,0.000,-0.124,-0.181,0.016,33.3,-7.1,0
1539,31.81,0.00,1018.0,100.2,0.7,3,9189,0.200,0.000,-0.122,-0.182,0.016,33.2,-6.4,0
1540,31.83,0.00,1018.6,100.2,0.7,3,9222,0.250,0.000,-0.122,-0.183,0.016,33.2,-5.8,0
1541,31.85,0.00,1019.2,100.3,0.7,3,9261,0.300,0.000,-0.123,-0.184,0.016,33.2,-5.2,0
1542,31.87,0.00,1019.8,100.4,0.6,3,9306,0.000,0.007,-0.125,-0.185,0.016,33.1,-4.5,0
1543,31.90,0.00,1020.4,100.3,0.6,3,9108,0.000,0.007,-0.128,-0.186,0.015,33.0,-8.1,0
1544,31.92,0.00,1021.1,100.1,0.6,3,9087,0.000,0.001,-0.131,-0.187,0.014,32.9,-8.2,0
1545,31.94,0.00,1021.7,99.9,0.6,3,9070,0.050,0.000,-0.131,-0.188,0.014,32.9,-8.3,0
1546,31.96,0.00,1022.3,99.7,0.6,3,9087,0.100,0.000,-0.130,-0.188,0.014,32.9,-7.7,0
1547,31.98,0.00,1022.9,99.6,0.6,3,9109,0.150,0.000,-0.128,-0.189,0.015,32.9,-7.0,0
1548,32.01,0.00,1023.5,99.6,0.7,3,9137,0.200,0.000,-0.126,-0.190,0.015,32.9,-6.4,0
1549,32.03,0.00,1024.1,99.6,0.7,3,9169,0.250,0.000,-0.125,-0.191,0.015,32.8,-5.8,0
1550,32.05,0.00,1024.7,99.7,0.7,3,9207,0.300,0.000,-0.126,-0.191,0.015,32.8,-5.1,0
1551,32.07,0.00,1025.2,99.8,0.7,3,9250,0.000,0.002,-0.129,-0.192,0.014,32.7,-4.5,0
1552,32.09,0.00,1025.8,99.7,0.6,3,9059,0.000,0.004,-0.131,-0.193,0.014,32.7,-8.1,0
1553,32.11,0.00,1026.4,99.5,0.6,3,9039,0.050,0.000,-0.134,-0.193,0.013,32.6,-8.2,0
1554,32.13,0.00,1026.9,99.4,0.6,3,9057,0.100,0.000,-0.135,-0.194,0.013,32.5,-7.6,0
1555,32.15,0.00,1027.5,99.3,0.6,3,9080,0.150,0.000,-0.134,-0.195,0.013,32.5,-7.0,0
1556,32.17,0.00,1028.0,99.3,0.6,3,9107,0.200,0.000,-0.134,-0.195,0.013,32.5,-6.4,0
1557,32.19,0.00,1028.6,99.3,0.6,3,9140,0.250,0.000,-0.133,-0.196,0.013,32.5,-5.7,0
1558,32.21,0.00,1029.2,99.4,0.7,3,9178,0.000,0.000,-0.133,-0.196,0.014,32.4,-5.1,0
1559,32.23,0.00,1029.7,99.3,0.7,3,9017,0.050,0.000,-0.134,-0.197,0.013,32.4,-8.2,0
1560,32.25,0.00,1030.3,99.1,0.6,3,9033,0.100,0.000,-0.135,-0.198,0.013,32.4,-7.6,0
1561,32.27,0.00,1030.8,99.0,0.7,3,9055,0.150,0.000,-0.136,-0.198,0.013,32.3,-7.0,0
1562,32.29,0.00,1031.4,99.0,0.7,3,9082,0.200,0.000,-0.136,-0.199,0.013,32.3,-6.3,0
1563,32.31,0.00,1032.0,99.0,0.7,3,9115,0.250,0.000,-0.137,-0.199,0.013,32.3,-5.7,0
1564,32.33,0.00,1032.5,99.1,0.7,3,9153,0.000,0.002,-0.138,-0.200,0.013,32.2,-5.0,0
1565,32.35,0.00,1033.1,99.0,0.6,3,8992,0.000,0.001,-0.139,-0.200,0.013,32.2,-8.1,0
1566,32.37,0.00,1033.7,98.8,0.6,3,8974,0.050,0.000,-0.139,-0.201,0.013,32.1,-8.2,0
1567,32.39,0.00,1034.2,98.7,0.7,3,8991,0.100,0.000,-0.139,-0.202,0.013,32.1,-7.6,0
1568,32.41,0.00,1034.8,98.6,0.7,3,9014,0.150,0.000,-0.140,-0.202,0.014,32.1,-6.9,0
1569,32.43,0.00,1035.3,98.5,0.7,3,9041,0.200,0.000,-0.140,-0.203,0.014,32.1,-6.3,0
1570,32.45,0.00,1035.9,98.6,0.7,3,9074,0.250,0.000,-0.141,-0.203,0.014,32.0,-5.6,0
1571,32.47,0.00,1036.4,98.6,0.7,3,9111,0.300,0.000,-0.142,-0.204,0.014,32.0,-5.0,0
1572,32.49,0.00,1037.0,98.7,0.7,3,9154,0.000,0.004,-0.144,-0.204,0.014,32.0,-4.3,0
1573,32.51,0.00,1037.6,98.7,0.7,3,8962,0.000,0.004,-0.146,-0.205,0.014,31.9,-8.0,0
1574,32.53,0.00,1038.1,98.5,0.7,3,8943,0.050,0.000,-0.148,-0.206,0.014,31.9,-8.1,0
1575,32.55,0.00,1038.7,98.3,0.7,3,8961,0.100,0.000,-0.149,-0.206,0.014,31.8,-7.5,0
1576,32.57,0.00,1039.2,98.2,0.7,3,8983,0.150,0.000,-0.150,-0.207,0.015,31.8,-6.9,0
1577,32.59,0.00,1039.8,98.2,0.7,3,9011,0.200,0.000,-0.151,-0.208,0.015,31.8,-6.2,0
1578,32.61,0.00,1040.3,98.2,0.7,3,9043,0.250,0.000,-0.152,-0.208,0.016,31.8,-5.6,0
1579,32.63,0.00,1040.9,98.3,0.7,3,9082,0.300,0.000,-0.153,-0.209,0.017,31.8,-4.9,0
1580,32.65,0.00,1041.5,98.4,0.7,3,9125,0.000,0.001,-0.155,-0.210,0.017,31.7,-4.2,0
1581,32.67,0.00,1042.0,98.3,0.7,3,8932,0.000,0.000,-0.158,-0.211,0.017,31.7,-8.0,0
1582,32.69,0.00,1042.6,98.1,0.7,3,8914,0.050,0.000,-0.160,-0.212,0.018,31.7,-8.1,0
1583,32.71,0.00,1043.1,98.0,0.7,3,8930,0.100,0.000,-0.163,-0.213,0.019,31.7,-7.5,0
1584,32.73,0.00,1043.7,97.9,0.8,3,8953,0.150,0.000,-0.164,-0.214,0.020,31.7,-6.8,0
1585,32.75,0.00,1044.2,97.9,0.8,3,8980,0.200,0.000,-0.166,-0.215,0.021,31.7,-6.2,0
1586,32.77,0.00,1044.8,97.9,0.8,3,9013,0.250,0.000,-0.170,-0.216,0.022,31.7,-5.5,0
1587,32.79,0.00,1045.3,97.9,0.8,3,9051,0.300,0.000,-0.174,-0.217,0.023,31.7,-4.8,0
1588,32.81,0.00,1045.9,98.0,0.8,3,9097,0.350,0.000,-0.179,-0.219,0.024,31.8,-4.1,0
1589,32.83,0.00,1046.5,98.2,0.9,3,9147,0.400,0.000,-0.185,-0.220,0.026,31.8,-3.4,0
1590,32.85,0.00,1047.0,98.4,0.9,3,9204,0.450,0.000,-0.192,-0.221,0.027,31.9,-2.6,0
1591,32.87,0.00,1047.6,98.7,0.9,3,9269,0.500,0.000,-0.200,-0.223,0.028,32.0,-1.8,0
1592,32.89,0.00,1048.1,99.0,0.9,3,9344,0.000,0.005,-0.210,-0.225,0.030,32.1,-0.8,0
1593,32.91,0.00,1048.7,99.0,0.9,3,8994,0.050,0.000,-0.223,-0.227,0.031,32.3,-7.7,0
1594,32.93,0.00,1049.3,98.8,0.9,3,9005,0.100,0.000,-0.236,-0.229,0.033,32.4,-7.4,0
1595,32.95,0.00,1049.8,98.7,0.9,3,9027,0.150,0.000,-0.251,-0.231,0.036,32.7,-6.8,0
1596,32.97,0.00,1050.4,98.6,1.0,3,9056,0.200,0.000,-0.257,-0.234,0.040,33.1,-6.0,0
1597,32.99,0.00,1050.9,98.6,1.1,3,9092,0.250,0.000,-0.251,-0.236,0.044,33.6,-5.2,0
1598,33.01,0.00,1051.5,98.6,1.3,3,9133,0.300,0.000,-0.238,-0.239,0.049,34.3,-4.4,0
1599,33.03,0.00,1052.1,98.7,1.5,3,9182,0.350,0.000,-0.222,-0.243,0.055,35.0,-3.6,0
1600,33.05,0.00,1052.6,98.8,1.7,3,9236,0.400,0.000,-0.196,-0.247,0.060,35.7,-2.8,0
1601,33.07,0.00,1053.2,99.0,1.8,3,9296,0.450,0.000,-0.168,-0.250,0.064,36.5,-1.9,0
1602,33.09,0.00,1053.8,99.3,1.9,3,9361,0.500,0.000,0.061,-0.255,0.066,37.3,-1.1,0
1603,33.11,0.00,1054.3,99.6,2.3,3,9421,0.550,0.000,0.110,-0.259,0.066,37.7,-0.6,0
1604,33.13,0.00,1054.9,100.1,2.3,3,9464,0.600,0.000,0.060,-0.262,0.058,37.2,-0.6,0
1605,33.15,0.00,1055.5,100.5,1.8,3,9528,0.650,0.000,-0.033,-0.265,0.046,36.4,-0.3,0
1606,33.17,0.00,1056.0,101.1,1.1,3,9615,0.700,0.000,-0.142,-0.268,0.035,35.6,0.6,0
1607,33.19,0.00,1056.6,101.6,0.6,3,9719,0.750,0.000,-0.195,-0.270,0.026,35.1,1.9,0
1608,33.21,0.00,1057.2,102.2,0.3,3,9843,0.800,0.000,-0.186,-0.272,0.021,35.0,3.4,0
1609,33.23,0.00,1057.8,102.9,0.3,3,9989,0.850,0.000,-0.169,-0.273,0.018,35.3,4.9,0
1610,33.25,0.00,1058.4,103.5,0.5,3,10155,0.700,0.000,-0.165,-0.274,0.017,35.7,6.7,0
1611,33.27,0.00,1059.0,104.2,0.8,3,10074,0.750,0.000,-0.170,-0.275,0.016,36.3,4.1,0
1612,33.29,0.00,1059.6,104.8,1.0,3,10157,0.800,0.000,-0.183,-0.276,0.016,37.0,4.4,0
1613,33.31,0.00,1060.2,105.4,1.2,3,10295,0.650,0.000,-0.191,-0.276,0.016,37.8,6.0,0
1614,33.33,0.00,1060.8,106.0,1.5,3,10208,0.700,0.000,-0.195,-0.277,0.016,38.8,3.4,0
1615,33.35,0.00,1061.4,106.6,1.6,3,10289,0.750,0.000,-0.196,-0.277,0.017,40.0,3.9,0
1616,33.37,0.00,1062.0,107.1,1.9,3,10418,0.600,0.000,-0.189,-0.277,0.017,41.3,5.4,0
1617,33.39,0.00,1062.6,107.6,2.1,3,10324,0.650,0.000,-0.181,-0.276,0.018,42.9,2.7,0
1618,33.41,0.00,1063.2,108.1,2.2,3,10394,0.700,0.000,-0.173,-0.276,0.018,44.6,3.1,0
1619,33.43,0.00,1063.8,108.6,2.3,3,10500,0.750,0.000,-0.158,-0.276,0.017,46.5,4.2,0
1620,33.45,0.00,1064.5,109.1,2.5,3,10626,0.600,0.000,-0.144,-0.275,0.017,48.5,5.6,0
1621,33.47,0.00,1065.1,109.7,2.6,3,10519,0.650,0.000,-0.055,-0.274,0.016,50.8,2.6,0
1622,33.49,0.00,1065.7,110.2,2.8,3,10569,0.700,0.000,-0.041,-0.273,0.013,52.9,2.4,0
1623,33.51,0.00,1066.4,110.4,2.6,4,8591,0.750,0.000,-0.056,-0.272,0.007,54.2,-7.5,0
1624,33.53,0.00,1067.0,110.3,2.2,4,8600,0.800,0.000,-0.087,-0.270,-0.001,55.1,-8.1,0
1625,33.55,0.00,1067.6,110.2,1.7,4,8192,0.850,0.000,-0.120,-0.268,-0.009,56.0,-7.7,0
1626,33.57,0.00,1068.3,110.5,1.4,4,8548,0.900,0.000,-0.144,-0.265,-0.016,57.5,0.6,0
1627,33.59,0.00,1068.9,111.0,1.2,4,8652,0.950,0.000,-0.156,-0.262,-0.021,59.8,2.4,0
1628,33.61,0.00,1069.5,111.5,1.3,4,8745,1.000,0.000,-0.156,-0.258,-0.025,63.1,3.7,0
1629,33.63,0.00,1070.2,112.1,1.4,4,8842,1.000,0.000,-0.146,-0.254,-0.028,67.5,4.9,0
1630,33.65,0.00,1070.8,112.8,1.6,4,8907,0.850,0.000,-0.130,-0.249,-0.032,73.1,5.3,0
1631,33.67,0.00,1071.5,113.4,1.8,4,8844,0.900,0.000,-0.111,-0.244,-0.035,79.6,2.7,0
1632,33.69,0.00,1072.1,113.9,2.0,4,8891,0.950,0.000,-0.128,-0.239,-0.040,86.7,2.7,0
1633,33.71,0.00,1072.8,114.5,2.0,4,8970,1.000,0.000,-0.150,-0.232,-0.046,94.7,3.6,0
1634,33.73,0.00,1073.4,115.2,1.9,4,9077,0.850,0.000,-0.289,-0.225,-0.051,104.8,5.1,0
1635,33.75,0.00,1074.1,115.7,1.9,4,9042,0.900,0.000,-0.301,-0.218,-0.056,119.8,3.9,0
1636,33.77,0.00,1074.7,116.2,2.0,4,9121,0.950,0.000,-0.308,-0.210,-0.059,136.9,4.9,0
1637,33.79,0.00,1075.4,116.8,2.2,4,9237,0.800,0.000,-0.243,-0.202,-0.046,150.3,6.8,0
1638,33.81,0.00,1076.0,117.3,2.6,4,9199,0.850,0.000,-0.171,-0.195,-0.033,162.4,4.7,0
1639,33.83,0.00,1076.7,117.7,3.0,4,9259,0.900,0.000,-0.088,-0.190,-0.019,173.0,4.7,0
1640,33.85,0.00,1077.3,118.3,3.4,4,9347,0.750,0.000,-0.025,-0.185,-0.007,181.6,5.5,0
1641,33.87,0.00,1078.0,118.8,3.7,4,9265,0.800,0.000,0.031,-0.181,0.002,187.5,2.5,0
1642,33.89,0.00,1078.7,119.4,3.6,4,9282,0.850,0.000,0.057,-0.179,0.007,190.3,1.8,0
1643,33.91,0.00,1079.3,119.9,3.2,4,9325,0.900,0.000,0.061,-0.176,0.008,190.3,1.7,0
1644,33.93,0.00,1080.0,120.6,2.6,4,9386,0.950,0.000,0.052,-0.174,0.006,188.3,2.0,0
1645,33.95,0.00,1080.7,121.2,1.9,4,9463,1.000,0.000,0.036,-0.173,0.003,185.5,2.7,0
1646,33.97,0.00,1081.3,121.9,1.3,4,9551,1.000,0.000,0.020,-0.171,-0.000,182.6,3.5,0
1647,33.99,0.00,1082.0,122.7,0.9,4,9608,1.000,0.000,-0.002,-0.170,-0.003,180.0,3.6,0
1648,34.01,0.00,1082.7,123.4,0.5,4,9659,1.000,0.000,-0.010,-0.169,-0.004,178.2,3.5,0
1649,34.03,0.00,1083.4,124.1,0.3,4,9709,1.000,0.000,-0.013,-0.168,-0.005,177.1,3.4,0
1650,34.05,0.00,1084.1,124.8,0.2,4,9755,1.000,0.000,-0.012,-0.168,-0.004,176.5,3.2,0
1651,34.07,0.00,1084.8,125.6,0.1,4,9807,1.000,0.000,-0.009,-0.167,-0.004,176.2,3.1,0
1652,34.09,0.00,1085.5,126.3,0.2,4,9863,1.000,0.000,-0.005,-0.167,-0.003,176.0,3.1,0
1653,34.11,0.00,1086.2,127.0,0.2,4,9920,1.000,0.000,-0.002,-0.166,-0.002,175.7,3.1,0
1654,34.13,0.00,1086.9,127.7,0.2,4,9976,1.000,0.000,0.000,-0.166,-0.002,175.3,3.2,0
1655,34.15,0.00,1087.6,128.4,0.2,4,10032,1.000,0.000,0.002,-0.165,-0.002,174.8,3.2,0
1656,34.17,0.00,1088.3,129.1,0.2,4,10085,1.000,0.000,0.002,-0.165,-0.002,174.1,3.1,0
1657,34.19,0.00,1089.0,129.8,0.1,4,10137,1.000,0.000,0.002,-0.165,-0.002,173.3,3.0,0
1658,34.21,0.00,1089.8,130.5,0.1,4,10188,1.000,0.000,0.002,-0.164,-0.002,172.5,3.0,0
1659,34.23,0.00,1090.5,131.2,0.1,4,10238,1.000,0.000,0.001,-0.164,-0.002,171.7,2.9,0
1660,34.25,0.00,1091.2,132.0,0.0,4,10284,1.000,0.000,0.001,-0.164,-0.002,170.8,2.6,0
1661,34.27,0.00,1092.0,132.7,0.0,4,10333,1.000,0.000,-0.000,-0.163,-0.002,170.0,2.5,0
1662,34.29,0.00,1092.7,133.4,0.0,4,10386,1.000,0.000,-0.000,-0.163,-0.002,169.2,2.5,0
1663,34.31,0.00,1093.4,134.1,0.0,4,10440,1.000,0.000,-0.001,-0.163,-0.002,168.4,2.4,0
1664,34.33,0.00,1094.2,134.8,-0.0,4,10494,1.000,0.000,-0.001,-0.163,-0.002,167.6,2.4,0
1665,34.35,0.00,1094.9,135.5,-0.0,4,10548,1.000,0.000,-0.000,-0.162,-0.002,166.9,2.4,0
1666,34.37,0.00,1095.7,136.2,0.0,4,10601,1.000,0.000,-0.000,-0.162,-0.002,166.1,2.4,0
1667,34.39,0.00,1096.5,136.9,0.0,4,10652,1.000,0.000,0.000,-0.162,-0.002,165.3,2.4,0
1668,34.41,0.00,1097.2,137.6,0.0,4,10703,1.000,0.000,0.000,-0.162,-0.002,164.5,2.3,0
1669,34.43,0.00,1098.0,138.3,0.0,4,10752,1.000,0.000,0.000,-0.161,-0.002,163.8,2.2,0
1670,34.45,0.00,1098.8,139.0,0.0,4,10799,1.000,0.000,0.000,-0.161,-0.002,163.0,2.0,0
1671,34.47,0.00,1099.5,139.7,0.0,4,10849,1.000,0.000,0.000,-0.161,-0.002,162.2,1.9,0
1672,34.49,0.00,1100.3,140.4,0.0,4,10901,1.000,0.000,0.000,-0.160,-0.002,161.3,1.9,0
1673,34.51,0.00,1101.1,140.7,0.0,5,9787,1.000,0.000,0.000,-0.160,-0.002,160.6,-9.7,0
1674,34.53,0.00,1101.9,140.5,0.0,5,9791,1.000,0.000,0.001,-0.160,-0.002,159.8,-10.4,0
1675,34.55,0.00,1102.7,140.4,0.0,5,9365,1.000,0.000,0.001,-0.160,-0.002,159.0,-10.3,0
1676,34.57,0.00,1103.4,140.7,0.0,5,9743,1.000,0.000,0.000,-0.159,-0.002,158.1,-0.5,0
1677,34.59,0.00,1104.2,141.3,0.0,5,9810,1.000,0.000,0.000,-0.159,-0.002,157.3,0.5,0
1678,34.61,0.00,1105.0,141.9,-0.0,5,9844,1.000,0.000,0.000,-0.159,-0.002,156.5,0.3,0
1679,34.63,0.00,1105.8,142.5,-0.0,5,9870,1.000,0.000,0.000,-0.158,-0.002,155.6,-0.1,0
1680,34.65,0.00,1106.6,143.1,-0.0,5,9901,1.000,0.000,0.000,-0.158,-0.002,154.8,-0.4,0
1681,34.67,0.00,1107.4,143.7,-0.0,5,9938,1.000,0.000,0.000,-0.158,-0.002,154.0,-0.5,0
1682,34.69,0.00,1108.2,144.3,-0.0,5,9979,1.000,0.000,0.000,-0.158,-0.002,153.2,-0.5,0
1683,34.71,0.00,1109.0,144.9,-0.0,5,10022,1.000,0.000,0.000,-0.157,-0.002,152.3,-0.5,0
1684,34.73,0.00,1109.8,145.5,-0.0,5,10067,1.000,0.000,0.000,-0.157,-0.002,151.5,-0.4,0
1685,34.75,0.00,1110.6,146.1,-0.0,5,10110,1.000,0.000,0.000,-0.157,-0.002,150.6,-0.3,0
1686,34.77,0.00,1111.4,146.6,-0.0,5,10151,1.000,0.000,0.000,-0.156,-0.002,149.8,-0.3,0
1687,34.79,0.00,1112.2,147.2,-0.0,5,10190,1.000,0.000,0.000,-0.156,-0.002,149.0,-0.4,0
1688,34.81,0.00,1113.0,147.8,-0.0,5,10227,1.000,0.000,0.000,-0.156,-0.002,148.1,-0.5,0
1689,34.83,0.00,1113.9,148.4,-0.0,5,10265,1.000,0.000,0.000,-0.156,-0.002,147.3,-0.6,0
1690,34.85,0.00,1114.7,149.0,-0.0,5,10303,1.000,0.000,0.000,-0.155,-0.002,146.4,-0.6,0
1691,34.87,0.00,1115.5,149.6,-0.0,5,10342,1.000,0.000,0.000,-0.155,-0.002,145.5,-0.7,0
1692,34.89,0.00,1116.4,150.2,-0.0,5,10380,1.000,0.000,0.000,-0.155,-0.002,144.7,-0.7,0
1693,34.91,0.00,1117.2,150.8,-0.0,5,10419,1.000,0.000,0.000,-0.154,-0.002,143.8,-0.8,0
1694,34.93,0.00,1118.0,151.3,0.0,5,10458,1.000,0.000,0.000,-0.154,-0.002,142.9,-0.8,0
1695,34.95,0.00,1118.9,151.9,-0.0,5,10497,1.000,0.000,-0.000,-0.154,-0.002,142.1,-0.9,0
1696,34.97,0.00,1119.7,152.5,0.0,5,10536,1.000,0.000,-0.000,-0.153,-0.002,141.2,-0.9,0
1697,34.99,0.00,1120.6,153.1,-0.0,5,10574,1.000,0.000,-0.000,-0.153,-0.002,140.3,-1.0,0
1698,35.01,0.00,1121.4,153.7,0.0,5,10612,1.000,0.000,-0.000,-0.153,-0.002,139.4,-1.0,0
1699,35.03,0.00,1122.3,154.2,-0.0,5,10651,1.000,0.000,-0.000,-0.153,-0.002,138.5,-1.1,0
1700,35.05,0.00,1123.1,154.8,0.0,5,10689,1.000,0.000,-0.000,-0.152,-0.002,137.7,-1.1,0
1701,35.07,0.00,1124.0,155.4,-0.0,5,10728,1.000,0.000,-0.000,-0.152,-0.002,136.8,-1.2,0
1702,35.09,0.00,1124.9,156.0,0.0,5,10766,1.000,0.000,-0.000,-0.152,-0.002,135.9,-1.2,0
1703,35.11,0.00,1125.7,156.6,0.0,5,10804,1.000,0.000,-0.000,-0.151,-0.002,135.0,-1.3,0
1704,35.13,0.00,1126.6,157.1,0.0,5,10841,1.000,0.000,-0.000,-0.151,-0.002,134.1,-1.3,0
1705,35.15,0.00,1127.5,157.7,0.0,5,10879,1.000,0.000,-0.000,-0.151,-0.002,133.2,-1.4,0
1706,35.17,0.00,1128.4,158.3,0.0,5,10917,1.000,0.000,-0.001,-0.150,-0.002,132.2,-1.4,0
1707,35.19,0.00,1129.2,158.8,-0.0,5,10954,1.000,0.000,-0.001,-0.150,-0.002,131.3,-1.5,0
1708,35.21,0.00,1130.1,159.4,0.0,5,10992,1.000,0.000,-0.001,-0.150,-0.002,130.5,-1.5,0
1709,35.23,0.00,1131.0,160.0,0.0,5,11029,0.990,0.000,-0.015,-0.149,-0.002,129.6,-1.6,0
1710,35.25,0.00,1131.9,160.5,-0.0,5,11062,0.980,0.000,-0.012,-0.149,-0.002,128.9,-1.7,0
1711,35.27,0.00,1132.8,161.1,0.0,5,11093,0.970,0.000,-0.008,-0.149,-0.001,128.4,-1.9,0
1712,35.29,0.00,1133.7,161.6,0.1,5,11124,0.960,0.000,-0.003,-0.149,0.000,128.0,-2.1,0
1713,35.31,0.00,1134.6,162.2,0.2,5,11155,0.950,0.000,-0.000,-0.149,0.001,127.4,-2.3,0
1714,35.33,0.00,1135.5,162.7,0.2,5,11185,0.940,0.000,0.002,-0.149,0.001,126.6,-2.5,0
1715,35.35,0.00,1136.4,163.2,0.2,5,11214,0.930,0.000,0.002,-0.149,0.001,125.7,-2.7,0
1716,35.37,0.00,1137.3,163.7,0.1,5,11242,0.920,0.000,0.002,-0.149,0.001,124.7,-2.9,0
1717,35.39,0.00,1138.2,164.2,0.1,5,11269,0.910,0.000,0.001,-0.149,0.001,123.7,-3.0,0
1718,35.41,0.00,1139.1,164.7,0.0,5,11296,0.900,0.000,0.000,-0.149,0.001,122.7,-3.2,0
1719,35.43,0.00,1140.0,165.1,0.0,5,11323,0.890,0.000,-0.000,-0.149,0.001,121.7,-3.4,0
1720,35.45,0.00,1141.0,165.6,0.0,5,11349,0.880,0.000,-0.000,-0.149,0.001,120.7,-3.6,0
1721,35.47,0.00,1141.9,166.1,0.0,5,11376,0.870,0.000,-0.000,-0.149,0.001,119.7,-3.7,0
1722,35.49,0.00,1142.8,166.5,-0.0,5,11401,0.860,0.000,-0.000,-0.149,0.001,118.7,-3.9,0
1723,35.51,0.00,1143.7,167.0,-0.0,5,11425,0.850,0.000,-0.000,-0.149,0.001,117.8,-4.0,0
1724,35.53,0.00,1144.7,167.4,-0.0,5,11449,0.840,0.000,-0.000,-0.150,0.001,116.8,-4.2,0
1725,35.55,0.00,1145.6,167.8,-0.0,5,11472,0.830,0.000,-0.000,-0.150,0.001,115.9,-4.4,0
1726,35.57,0.00,1146.5,168.2,-0.0,5,11494,0.820,0.000,0.000,-0.150,0.001,114.9,-4.6,0
1727,35.59,0.00,1147.5,168.6,-0.0,5,11516,0.810,0.000,0.000,-0.150,0.001,113.9,-4.7,0
1728,35.61,0.00,1148.4,169.0,-0.0,5,11539,0.800,0.000,0.000,-0.150,0.001,112.9,-4.9,0
1729,35.63,0.00,1149.3,169.4,-0.0,5,11564,0.790,0.000,0.000,-0.150,0.001,112.0,-4.9,0
1730,35.65,0.00,1150.3,169.7,-0.0,5,11583,0.780,0.000,0.000,-0.150,0.001,111.0,-5.1,0
1731,35.67,0.00,1151.2,170.1,-0.0,5,11601,0.770,0.000,0.000,-0.150,0.001,110.0,-5.3,0
1732,35.69,0.00,1152.2,170.2,0.0,6,10628,0.760,0.000,0.001,-0.150,0.001,109.0,-12.2,0
1733,35.71,0.00,1153.1,170.0,0.0,6,10627,0.750,0.000,0.001,-0.150,0.001,108.1,-12.6,0
1734,35.73,0.00,1154.1,169.8,0.0,5,11324,0.740,0.000,0.001,-0.151,0.001,107.1,-12.6,0
1735,35.75,0.00,1155.0,169.6,-0.0,5,11320,0.730,0.000,0.000,-0.151,0.000,106.1,-12.6,0
1736,35.77,0.00,1156.0,169.4,-0.0,5,11316,0.720,0.000,0.000,-0.151,0.000,105.0,-12.6,0
1737,35.79,0.00,1156.9,169.2,-0.0,5,11276,0.710,0.000,-0.000,-0.151,0.000,104.1,-12.7,0
1738,35.81,0.00,1157.8,169.3,-0.0,5,11516,0.700,0.000,-0.000,-0.151,0.000,103.1,-6.3,0
1739,35.83,0.00,1158.8,169.6,-0.0,5,11536,0.690,0.000,-0.000,-0.151,0.000,102.1,-6.1,0
1740,35.85,0.00,1159.7,169.9,-0.0,5,11545,0.680,0.000,-0.000,-0.151,0.000,101.1,-6.4,0
1741,35.87,0.00,1160.7,170.1,-0.0,5,11556,0.670,0.000,-0.000,-0.151,0.000,100.1,-6.6,0
1742,35.89,0.00,1161.6,170.2,-0.0,6,10587,0.000,0.009,0.000,-0.151,0.000,99.2,-12.3,0
1743,35.91,0.00,1162.5,170.0,0.0,6,10555,0.000,0.039,0.000,-0.151,0.000,98.2,-12.4,0
1744,35.93,0.00,1163.5,169.7,0.0,5,11277,0.000,0.066,0.000,-0.151,0.000,97.2,-11.9,0
1745,35.95,0.00,1164.4,169.3,0.0,5,11241,0.000,0.089,0.000,-0.151,0.000,96.3,-11.1,0
1746,35.97,0.00,1165.4,168.9,0.0,5,11206,0.000,0.109,0.000,-0.151,0.000,95.3,-10.6,0
1747,35.99,0.00,1166.3,168.3,0.0,5,11140,0.000,0.123,0.000,-0.151,0.000,94.3,-11.3,0
1748,36.01,0.00,1167.2,167.7,0.0,5,11090,0.000,0.132,0.001,-0.151,0.001,93.4,-11.0,0
1749,36.03,0.00,1168.2,167.1,0.0,5,11043,0.000,0.139,0.001,-0.151,0.001,92.5,-10.8,0
1750,36.05,0.00,1169.1,166.4,0.0,5,10994,0.000,0.146,0.001,-0.152,0.001,91.5,-10.6,0
1751,36.07,0.00,1170.0,165.7,0.0,5,10945,0.000,0.152,0.001,-0.152,0.001,90.6,-10.4,0
1752,36.09,0.00,1170.9,165.0,0.0,5,10895,0.000,0.158,-0.000,-0.152,0.001,89.6,-10.2,0
1753,36.11,0.00,1171.9,164.2,0.0,5,10844,0.000,0.162,-0.034,-0.152,0.001,88.7,-10.0,0
1754,36.13,0.00,1172.8,163.5,-0.0,5,10793,0.000,0.148,-0.028,-0.152,0.002,88.2,-9.7,0
1755,36.15,0.00,1173.7,162.8,0.1,5,10751,0.000,0.117,-0.017,-0.152,0.004,88.1,-10.0,0
1756,36.17,0.00,1174.6,162.1,0.3,5,10720,0.000,0.088,-0.006,-0.153,0.006,88.0,-10.7,0
1757,36.19,0.00,1175.5,161.5,0.5,5,10695,0.000,0.073,0.003,-0.154,0.008,87.7,-11.2,0
1758,36.21,0.00,1176.4,161.0,0.5,5,10669,0.000,0.075,0.007,-0.154,0.009,87.1,-11.5,0
1759,36.23,0.00,1177.3,160.5,0.5,5,10636,0.000,0.089,0.009,-0.155,0.009,86.2,-11.4,0
1760,36.25,0.00,1178.2,160.0,0.4,5,10598,0.000,0.110,0.008,-0.156,0.009,85.2,-11.0,0
1761,36.27,0.00,1179.0,159.5,0.3,5,10552,0.000,0.133,0.005,-0.157,0.009,84.1,-10.5,0
1762,36.29,0.00,1179.9,158.9,0.1,5,10501,0.000,0.153,0.003,-0.158,0.008,83.0,-10.0,0
1763,36.31,0.00,1180.8,158.2,0.1,5,10447,0.000,0.167,0.001,-0.160,0.008,81.9,-9.5,0
1764,36.33,0.00,1181.7,157.5,0.0,5,10392,0.000,0.177,-0.000,-0.161,0.007,80.9,-9.2,0
1765,36.35,0.00,1182.5,156.7,0.0,5,10338,0.000,0.182,-0.000,-0.162,0.007,80.0,-9.0,0
1766,36.37,0.00,1183.4,155.9,0.0,5,10284,0.000,0.185,-0.000,-0.163,0.007,79.1,-8.9,0
1767,36.39,0.00,1184.3,155.1,0.0,5,10232,0.000,0.186,0.000,-0.164,0.007,78.2,-8.7,0
1768,36.41,0.00,1185.2,154.3,0.0,5,10179,0.000,0.187,0.001,-0.165,0.007,77.4,-8.6,0
1769,36.43,0.00,1186.0,153.6,0.0,5,10126,0.000,0.189,0.001,-0.166,0.008,76.5,-8.5,0
1770,36.45,0.00,1186.8,152.8,0.0,5,10072,0.000,0.191,0.002,-0.167,0.008,75.6,-8.4,0
1771,36.47,0.00,1187.7,152.0,0.0,5,10018,0.000,0.193,0.002,-0.168,0.008,74.8,-8.3,0
1772,36.49,0.00,1188.5,151.2,0.0,5,9965,0.000,0.196,0.001,-0.169,0.008,73.9,-8.2,0
1773,36.51,0.00,1189.4,150.4,0.0,5,9910,0.000,0.198,0.001,-0.170,0.008,73.0,-8.1,0
1774,36.53,0.00,1190.2,149.6,0.0,5,9856,0.000,0.200,0.001,-0.171,0.008,72.1,-8.0,0
1775,36.55,0.00,1191.0,148.7,0.0,5,9801,0.000,0.202,0.001,-0.172,0.008,71.3,-7.9,0
1776,36.57,0.00,1191.9,147.9,0.0,5,9749,0.000,0.203,0.001,-0.173,0.008,70.4,-7.6,0
1777,36.59,0.00,1192.7,147.1,0.0,5,9694,0.000,0.204,0.001,-0.174,0.008,69.6,-7.6,0
1778,36.61,0.00,1193.5,146.3,0.0,5,9638,0.000,0.205,0.001,-0.175,0.008,68.7,-7.5,0
1779,36.63,0.00,1194.3,145.5,0.0,5,9583,0.000,0.207,0.001,-0.176,0.008,67.9,-7.4,0
1780,36.65,0.00,1195.1,144.7,0.0,5,9527,0.000,0.208,0.001,-0.177,0.008,67.1,-7.3,0
1781,36.67,0.00,1195.9,143.8,0.0,5,9472,0.000,0.209,0.000,-0.178,0.008,66.2,-7.4,0
1782,36.69,0.00,1196.7,143.0,0.0,5,9417,0.000,0.209,0.000,-0.179,0.008,65.4,-7.3,0
1783,36.71,0.00,1197.5,142.2,0.0,5,9363,0.000,0.209,-0.012,-0.180,0.005,64.6,-7.2,0
1784,36.73,0.00,1198.3,141.4,0.0,5,9309,0.000,0.205,-0.025,-0.180,0.003,63.9,-7.1,0
1785,36.75,0.00,1199.1,140.6,0.0,5,9261,0.000,0.190,-0.034,-0.181,0.001,63.4,-7.0,0
1786,36.77,0.00,1199.9,139.8,0.1,5,9215,0.000,0.166,-0.040,-0.181,-0.000,63.1,-7.2,0
1787,36.79,0.00,1200.6,139.1,0.2,4,10228,0.000,0.135,-0.041,-0.180,-0.001,63.1,-6.9,0
1788,36.81,0.00,1201.4,138.5,0.3,4,10198,0.000,0.104,-0.040,-0.180,-0.000,63.1,-7.5,0
1789,36.83,0.00,1202.2,138.0,0.4,4,10156,0.000,0.073,-0.038,-0.180,0.000,63.2,-9.0,0
1790,36.85,0.00,1203.0,137.5,0.5,4,10130,0.000,0.043,-0.036,-0.179,0.001,63.3,-9.8,0
1791,36.87,0.00,1203.7,137.1,0.6,4,10115,0.000,0.017,-0.034,-0.179,0.001,63.5,-10.4,0
1792,36.89,0.00,1204.5,136.8,0.7,4,10104,0.050,0.000,-0.032,-0.178,0.001,63.5,-10.9,0
1793,36.91,0.00,1205.2,136.6,0.7,4,10118,0.100,0.000,-0.031,-0.178,0.002,63.6,-10.6,0
1794,36.93,0.00,1206.0,136.5,0.7,4,10130,0.150,0.000,-0.032,-0.177,0.002,63.6,-10.1,0
1795,36.95,0.00,1206.8,136.4,0.7,4,10144,0.200,0.000,-0.033,-0.177,0.001,63.5,-9.5,0
1796,36.97,0.00,1207.5,136.3,0.7,4,10161,0.250,0.000,-0.035,-0.176,0.001,63.4,-8.9,0
1797,36.99,0.00,1208.3,136.3,0.6,4,10182,0.300,0.000,-0.037,-0.176,0.001,63.3,-8.4,0
1798,37.01,0.00,1209.0,136.3,0.6,4,10208,0.350,0.000,-0.039,-0.175,0.000,63.2,-7.8,0
1799,37.03,0.00,1209.8,136.4,0.5,4,10237,0.400,0.000,-0.041,-0.175,0.000,63.1,-7.2,0
1800,37.05,0.00,1210.6,136.5,0.5,4,10270,0.000,0.009,-0.042,-0.174,-0.000,63.0,-6.6,0
1801,37.07,0.00,1211.3,136.4,0.5,4,10080,0.000,0.003,-0.042,-0.174,-0.000,63.0,-10.9,0
1802,37.09,0.00,1212.1,136.2,0.6,4,10062,0.050,0.000,-0.041,-0.173,0.000,63.1,-11.1,0
1803,37.11,0.00,1212.8,136.0,0.6,4,10071,0.100,0.000,-0.039,-0.173,0.001,63.2,-10.6,0
1804,37.13,0.00,1213.6,135.8,0.7,4,10082,0.150,0.000,-0.037,-0.172,0.001,63.4,-10.0,0
1805,37.15,0.00,1214.4,135.7,0.7,4,10097,0.200,0.000,-0.035,-0.172,0.002,63.4,-9.4,0
1806,37.17,0.00,1215.1,135.7,0.7,4,10115,0.250,0.000,-0.035,-0.172,0.002,63.5,-8.9,0
1807,37.19,0.00,1215.9,135.7,0.7,4,10136,0.300,0.000,-0.036,-0.171,0.002,63.5,-8.3,0
1808,37.21,0.00,1216.6,135.7,0.6,4,10161,0.350,0.000,-0.037,-0.171,0.002,63.4,-7.7,0
1809,37.23,0.00,1217.4,135.8,0.6,4,10190,0.400,0.000,-0.039,-0.170,0.001,63.3,-7.2,0
1810,37.25,0.00,1218.2,135.9,0.6,4,10222,0.450,0.000,-0.040,-0.170,0.001,63.3,-6.6,0
1811,37.27,0.00,1218.9,136.1,0.6,4,10258,0.500,0.000,-0.042,-0.170,0.001,63.2,-6.0,0
1812,37.29,0.00,1219.7,136.3,0.6,4,10298,0.550,0.000,-0.043,-0.169,0.001,63.2,-5.4,0
1813,37.31,0.00,1220.4,136.5,0.6,4,10342,0.000,0.000,-0.043,-0.169,0.001,63.2,-4.8,0
1814,37.33,0.00,1221.2,136.5,0.6,4,10090,0.050,0.000,-0.043,-0.168,0.001,63.2,-11.0,0
1815,37.35,0.00,1222.0,136.3,0.6,4,10095,0.100,0.000,-0.042,-0.168,0.002,63.3,-10.6,0
1816,37.37,0.00,1222.7,136.1,0.6,4,10106,0.150,0.000,-0.041,-0.168,0.002,63.4,-10.0,0
1817,37.39,0.00,1223.5,136.0,0.7,4,10121,0.200,0.000,-0.039,-0.167,0.003,63.5,-9.4,0
1818,37.41,0.00,1224.2,136.0,0.7,4,10139,0.250,0.000,-0.038,-0.167,0.003,63.7,-8.9,0
1819,37.43,0.00,1225.0,136.0,0.7,4,10160,0.300,0.000,0.014,-0.167,0.003,63.7,-8.3,0
1820,37.45,0.00,1225.8,136.0,0.8,4,10185,0.350,0.000,0.006,-0.166,0.002,63.4,-7.7,0
1821,37.47,0.00,1226.5,136.1,0.7,4,10213,0.000,0.006,-0.012,-0.166,-0.001,62.7,-7.2,0
1822,37.49,0.00,1227.3,136.0,0.5,4,10048,0.000,0.039,-0.030,-0.165,-0.003,61.9,-10.9,0
1823,37.51,0.00,1228.0,135.7,0.3,4,10010,0.000,0.052,-0.043,-0.164,-0.005,61.4,-10.3,0
1824,37.53,0.00,1228.8,135.3,0.2,4,9977,0.000,0.047,-0.050,-0.163,-0.006,61.1,-10.0,0
1825,37.55,0.00,1229.5,134.9,0.3,4,9951,0.000,0.027,-0.050,-0.162,-0.006,61.2,-10.1,0
1826,37.57,0.00,1230.3,134.6,0.4,4,9936,0.050,0.000,-0.046,-0.161,-0.005,61.4,-10.5,0
1827,37.59,0.00,1231.0,134.4,0.5,4,9954,0.100,0.000,-0.041,-0.160,-0.004,61.7,-10.4,0
1828,37.61,0.00,1231.8,134.2,0.6,4,9966,0.150,0.000,-0.036,-0.159,-0.003,62.0,-9.9,0
1829,37.63,0.00,1232.5,134.1,0.7,4,9982,0.200,0.000,-0.034,-0.158,-0.002,62.2,-9.3,0
1830,37.65,0.00,1233.3,134.1,0.7,4,10000,0.250,0.000,-0.034,-0.157,-0.002,62.3,-8.7,0
1831,37.67,0.00,1234.0,134.1,0.7,4,10021,0.300,0.000,-0.036,-0.156,-0.002,62.4,-8.2,0
1832,37.69,0.00,1234.8,134.1,0.7,4,10046,0.350,0.000,-0.039,-0.155,-0.002,62.4,-7.6,0
1833,37.71,0.00,1235.5,134.2,0.6,4,10074,0.400,0.000,-0.042,-0.154,-0.002,62.4,-7.0,0
1834,37.73,0.00,1236.3,134.3,0.6,4,10107,0.450,0.000,-0.045,-0.154,-0.003,62.4,-6.5,0
1835,37.75,0.00,1237.0,134.5,0.5,4,10143,0.500,0.000,-0.046,-0.153,-0.003,62.5,-5.9,0
1836,37.77,0.00,1237.8,134.7,0.5,4,10185,0.550,0.000,-0.047,-0.152,-0.002,62.7,-5.2,0
1837,37.79,0.00,1238.5,135.0,0.6,4,10230,0.600,0.000,-0.047,-0.151,-0.002,62.9,-4.6,0
1838,37.81,0.00,1239.3,135.3,0.6,4,10278,0.650,0.000,-0.047,-0.150,-0.002,63.2,-4.0,0
1839,37.83,0.00,1240.0,135.7,0.6,4,10330,0.700,0.000,-0.046,-0.150,-0.001,63.6,-3.4,0
1840,37.85,0.00,1240.8,136.1,0.6,4,10387,0.750,0.000,-0.046,-0.149,-0.001,63.9,-2.7,0
1841,37.87,0.00,1241.5,136.5,0.7,4,10448,0.800,0.000,-0.045,-0.148,-0.000,64.3,-2.0,0
1842,37.89,0.00,1242.3,137.0,0.7,4,10514,0.850,0.000,-0.045,-0.148,0.000,64.7,-1.3,0
1843,37.91,0.00,1243.1,137.5,0.7,4,10586,0.900,0.000,-0.046,-0.147,0.001,65.1,-0.5,0
1844,37.93,0.00,1243.8,138.1,0.8,4,10663,0.950,0.000,-0.045,-0.146,0.001,65.6,0.3,0
1845,37.95,0.00,1244.6,138.7,0.8,4,10747,1.000,0.000,-0.039,-0.146,0.001,66.1,1.2,0
1846,37.97,0.00,1245.4,139.3,0.9,4,10845,1.000,0.000,-0.035,-0.145,0.002,66.6,2.4,0
1847,37.99,0.00,1246.2,140.0,0.9,4,10903,1.000,0.000,-0.031,-0.144,0.002,67.1,2.6,0
1848,38.01,0.00,1247.0,140.3,0.9,5,9789,1.000,0.000,-0.030,-0.144,0.002,67.5,-9.5,0
1849,38.03,0.00,1247.7,140.2,0.8,5,9793,1.000,0.000,-0.032,-0.143,0.001,67.7,-10.4,0
1850,38.05,0.00,1248.5,140.1,0.8,5,9344,1.000,0.000,-0.034,-0.143,0.001,67.9,-10.2,0
1851,38.07,0.00,1249.3,140.3,0.7,5,9725,1.000,0.000,-0.035,-0.142,0.000,68.2,-0.4,0
1852,38.09,0.00,1250.1,140.9,0.7,5,9794,1.000,0.000,-0.033,-0.141,-0.000,68.7,0.7,0
1853,38.11,0.00,1250.9,141.5,0.8,5,9829,1.000,0.000,-0.031,-0.141,-0.000,69.2,0.6,0
1854,38.13,0.00,1251.7,142.1,0.8,5,9858,1.000,0.000,-0.031,-0.140,-0.001,69.7,0.3,0
1855,38.15,0.00,1252.5,142.7,0.8,5,9889,1.000,0.000,-0.031,-0.139,-0.001,70.1,-0.0,0
1856,38.17,0.00,1253.2,143.3,0.8,5,9933,1.000,0.000,-0.032,-0.138,-0.002,70.5,0.1,0
1857,38.19,0.00,1254.0,143.9,0.8,5,9973,1.000,0.000,-0.034,-0.137,-0.002,70.9,0.0,0
1858,38.21,0.00,1254.8,144.5,0.7,5,10013,1.000,0.000,-0.035,-0.136,-0.003,71.4,0.0,0
1859,38.23,0.00,1255.7,145.1,0.7,5,10053,1.000,0.000,-0.035,-0.135,-0.004,71.9,-0.0,0
1860,38.25,0.00,1256.5,145.7,0.8,5,10092,1.000,0.000,-0.034,-0.134,-0.004,72.6,-0.1,0
1861,38.27,0.00,1257.3,146.3,0.8,5,10132,1.000,0.000,-0.032,-0.132,-0.004,73.3,-0.1,0
1862,38.29,0.00,1258.1,146.9,0.8,5,10170,1.000,0.000,-0.031,-0.131,-0.005,74.0,-0.2,0
1863,38.31,0.00,1258.9,147.5,0.8,5,10209,1.000,0.000,-0.031,-0.129,-0.006,74.6,-0.2,0
1864,38.33,0.00,1259.7,148.1,0.8,5,10248,1.000,0.000,-0.031,-0.128,-0.006,75.3,-0.3,0
1865,38.35,0.00,1260.6,148.6,0.8,5,10298,1.000,0.000,-0.031,-0.126,-0.007,76.1,-0.1,0
1866,38.37,0.00,1261.4,149.2,0.8,5,10339,1.000,0.000,-0.031,-0.124,-0.008,76.9,-0.0,0
1867,38.39,0.00,1262.2,149.8,0.8,5,10374,1.000,0.000,-0.029,-0.123,-0.008,77.8,-0.2,0
1868,38.41,0.00,1263.1,150.4,0.8,5,10408,1.000,0.000,-0.028,-0.121,-0.009,78.8,-0.3,0
1869,38.43,0.00,1263.9,151.0,0.8,5,10442,1.000,0.000,-0.028,-0.119,-0.010,79.7,-0.5,0
1870,38.45,0.00,1264.8,151.6,0.8,5,10477,1.000,0.000,-0.031,-0.116,-0.011,80.6,-0.7,0
1871,38.47,0.00,1265.6,152.1,0.8,5,10514,1.000,0.000,-0.035,-0.114,-0.012,81.6,-0.8,0
1872,38.49,0.00,1266.5,152.7,0.8,5,10552,1.000,0.000,-0.039,-0.112,-0.012,82.7,-0.8,0
1873,38.51,0.00,1267.3,153.3,0.8,5,10592,1.000,0.000,-0.039,-0.109,-0.013,84.2,-0.8,0
1874,38.53,0.00,1268.2,153.9,0.8,5,10643,1.000,0.000,-0.034,-0.106,-0.013,86.0,-0.6,0
1875,38.55,0.00,1269.0,154.4,0.9,5,10692,1.000,0.000,-0.030,-0.104,-0.014,87.9,-0.3,0
1876,38.57,0.00,1269.9,155.0,0.9,5,10724,1.000,0.000,-0.028,-0.101,-0.014,89.9,-0.5,0
1877,38.59,0.00,1270.7,155.6,0.9,5,10756,1.000,0.000,-0.029,-0.098,-0.015,91.8,-0.7,0
1878,38.61,0.00,1271.6,156.2,0.9,5,10789,1.000,0.000,-0.031,-0.095,-0.016,93.7,-0.9,0
1879,38.63,0.00,1272.5,156.7,0.9,5,10822,1.000,0.000,-0.034,-0.092,-0.017,95.8,-1.1,0
1880,38.65,0.00,1273.3,157.3,0.9,5,10856,1.000,0.000,-0.036,-0.088,-0.018,98.1,-1.2,0
1881,38.67,0.00,1274.2,157.9,0.9,5,10894,1.000,0.000,-0.039,-0.085,-0.018,100.7,-1.2,0
1882,38.69,0.00,1275.1,158.4,0.9,5,10932,0.990,0.000,-0.041,-0.081,-0.019,103.8,-1.2,0
1883,38.71,0.00,1276.0,159.0,0.9,5,10983,0.980,0.000,-0.041,-0.077,-0.019,107.6,-1.0,0
1884,38.73,0.00,1276.9,159.5,0.9,5,11022,0.970,0.000,-0.155,-0.074,-0.020,112.2,-0.9,0
1885,38.75,0.00,1277.8,160.1,0.9,5,11050,0.960,0.000,-0.143,-0.070,-0.018,121.3,-0.8,0
1886,38.77,0.00,1278.7,160.6,1.1,5,11082,0.950,0.000,-0.115,-0.067,-0.014,140.3,-0.9,0
1887,38.79,0.00,1279.5,161.0,1.6,5,11114,0.940,0.000,-0.080,-0.064,-0.008,171.7,-1.1,0
1888,38.81,0.00,1280.5,161.5,2.1,5,11141,0.930,0.000,-0.047,-0.061,-0.003,200.0,-1.4,0
1889,38.83,0.00,1281.3,162.0,2.4,5,11164,0.920,0.000,-0.023,-0.059,0.000,200.0,-1.7,0
1890,38.85,0.00,1282.2,162.5,2.4,5,11183,0.910,0.000,-0.014,-0.057,0.001,200.0,-2.2,0
1891,38.87,0.00,1283.2,163.0,2.2,5,11203,0.900,0.000,-0.016,-0.054,0.000,200.0,-2.6,0
1892,38.89,0.00,1284.1,163.5,1.9,5,11249,0.890,0.000,-0.024,-0.052,-0.002,200.0,-2.3,0
1893,38.91,0.00,1285.0,164.0,1.6,5,11269,0.880,0.000,-0.032,-0.050,-0.004,200.0,-2.6,0
1894,38.93,0.00,1285.9,164.4,1.3,5,11285,0.870,0.000,-0.039,-0.048,-0.005,200.0,-3.0,0
1895,38.95,0.00,1286.8,164.9,1.2,5,11304,0.860,0.000,-0.042,-0.046,-0.006,200.0,-3.3,0
1896,38.97,0.00,1287.7,165.3,1.1,5,11324,0.850,0.000,-0.043,-0.044,-0.007,200.0,-3.6,0
1897,38.99,0.00,1288.7,165.7,1.1,5,11345,0.840,0.000,-0.042,-0.042,-0.008,200.0,-3.9,0
1898,39.01,0.00,1289.6,166.2,1.1,5,11367,0.830,0.000,-0.041,-0.040,-0.008,200.0,-4.1,0
1899,39.03,0.00,1290.5,166.6,1.1,5,11390,0.820,0.000,-0.025,-0.038,-0.005,200.0,-4.2,0
1900,39.05,0.00,1291.4,167.0,1.1,5,11436,0.810,0.000,-0.009,-0.036,-0.003,200.0,-3.9,0
1901,39.07,0.00,1292.3,167.3,1.1,5,11466,0.800,0.000,0.001,-0.035,-0.001,200.0,-3.7,0
1902,39.09,0.00,1293.3,167.7,1.0,5,11474,0.790,0.000,0.007,-0.034,0.000,200.0,-4.2,0
1903,39.11,0.00,1294.2,168.1,0.9,5,11485,0.780,0.000,0.007,-0.033,0.000,200.0,-4.7,0
1904,39.13,0.00,1295.2,168.5,0.6,5,11498,0.770,0.000,0.005,-0.032,-0.000,200.0,-5.1,0
1905,39.15,0.00,1296.1,168.9,0.4,5,11512,0.760,0.000,0.002,-0.032,-0.001,200.0,-5.4,0
1906,39.17,0.00,1297.0,169.2,0.3,5,11528,0.750,0.000,-0.001,-0.031,-0.001,200.0,-5.6,0
1907,39.19,0.00,1298.0,169.6,0.2,5,11547,0.740,0.000,-0.003,-0.031,-0.002,200.0,-5.7,0
1908,39.21,0.00,1298.9,169.9,0.1,5,11570,0.730,0.000,-0.004,-0.031,-0.002,200.0,-5.8,0
1909,39.23,0.00,1299.8,170.2,0.1,5,11618,0.720,0.000,-0.003,-0.030,-0.002,200.0,-5.0,0
1910,39.25,0.00,1300.8,170.3,0.1,6,10643,0.710,0.000,-0.002,-0.030,-0.001,200.0,-12.0,0
1911,39.27,0.00,1301.8,170.1,0.1,6,10642,0.700,0.000,-0.000,-0.030,-0.001,200.0,-12.6,0
1912,39.29,0.00,1302.7,169.9,0.1,6,10386,0.690,0.000,0.001,-0.029,-0.001,200.0,-12.6,0
1913,39.31,0.00,1303.6,169.8,0.1,5,11404,0.680,0.000,0.001,-0.029,-0.001,200.0,-12.5,0
1914,39.33,0.00,1304.6,169.6,0.0,5,11399,0.670,0.000,0.000,-0.029,-0.001,200.0,-12.6,0
1915,39.35,0.00,1305.5,169.4,0.0,5,11289,0.660,0.000,0.000,-0.029,-0.001,200.0,-12.7,0
1916,39.37,0.00,1306.5,169.5,0.0,5,11504,0.650,0.000,-0.000,-0.029,-0.001,200.0,-6.9,0
1917,39.39,0.00,1307.4,169.7,0.0,5,11541,0.640,0.000,-0.000,-0.028,-0.001,200.0,-6.2,0
1918,39.41,0.00,1308.3,170.0,0.0,5,11546,0.630,0.000,-0.000,-0.028,-0.001,200.0,-6.5,0
1919,39.43,0.00,1309.3,170.2,0.0,5,11551,0.620,0.000,-0.000,-0.028,-0.001,199.7,-6.9,0
1920,39.45,0.00,1310.2,170.2,0.0,6,10582,0.610,0.000,0.000,-0.028,-0.001,198.8,-12.3,0
1921,39.47,0.00,1311.2,170.0,0.0,6,10582,0.600,0.000,0.000,-0.028,-0.001,197.8,-12.6,0
1922,39.49,0.00,1312.1,169.8,0.0,6,10381,0.590,0.000,0.000,-0.028,-0.001,196.8,-12.6,0
1923,39.51,0.00,1313.1,169.7,0.0,5,11385,0.580,0.000,0.000,-0.027,-0.001,195.9,-12.5,0
1924,39.53,0.00,1314.0,169.5,-0.0,5,11381,0.570,0.000,0.000,-0.027,-0.001,194.9,-12.6,0
1925,39.55,0.00,1315.0,169.3,-0.0,5,11284,0.560,0.000,0.000,-0.027,-0.001,194.0,-12.7,0
1926,39.57,0.00,1315.9,169.3,-0.0,5,11465,0.550,0.000,0.000,-0.027,-0.001,193.0,-7.7,0
1927,39.59,0.00,1316.8,169.5,-0.0,5,11474,0.540,0.000,0.000,-0.027,-0.001,192.1,-7.7,0
1928,39.61,0.00,1317.8,169.7,-0.0,5,11476,0.530,0.000,0.000,-0.026,-0.001,191.1,-8.0,0
1929,39.63,0.00,1318.7,169.8,-0.0,5,11479,0.520,0.000,0.000,-0.026,-0.001,190.2,-8.2,0
1930,39.65,0.00,1319.7,170.0,-0.0,5,11483,0.510,0.000,0.000,-0.026,-0.001,189.2,-8.4,0
1931,39.67,0.00,1320.6,170.1,-0.0,5,11488,0.500,0.000,0.000,-0.026,-0.001,188.2,-8.5,0
1932,39.69,0.00,1321.5,170.1,0.0,6,10526,0.490,0.000,0.000,-0.026,-0.001,187.3,-12.4,0
1933,39.71,0.00,1322.5,169.9,0.0,6,10526,0.480,0.000,0.000,-0.026,-0.001,186.3,-12.6,0
1934,39.73,0.00,1323.4,169.7,0.0,5,11319,0.470,0.000,0.000,-0.025,-0.001,185.3,-12.6,0
1935,39.75,0.00,1324.4,169.5,0.0,5,11315,0.460,0.000,0.000,-0.025,-0.001,184.4,-12.6,0
1936,39.77,0.00,1325.3,169.3,0.0,5,11311,0.450,0.000,0.000,-0.025,-0.001,183.4,-12.6,0
1937,39.79,0.00,1326.3,169.1,0.0,5,11272,0.440,0.000,0.000,-0.025,-0.001,182.5,-12.7,0
1938,39.81,0.00,1327.2,169.1,0.0,5,11396,0.430,0.000,0.000,-0.025,-0.001,181.5,-9.2,0
1939,39.83,0.00,1328.1,169.2,0.0,5,11399,0.420,0.000,0.000,-0.024,-0.001,180.5,-9.2,0
1940,39.85,0.00,1329.1,169.3,0.0,5,11398,0.410,0.000,0.000,-0.024,-0.001,179.6,-9.4,0
1941,39.87,0.00,1330.0,169.3,0.0,5,11398,0.400,0.000,0.000,-0.024,-0.001,178.6,-9.5,0
1942,39.89,0.00,1331.0,169.4,0.0,5,11400,0.390,0.000,0.000,-0.024,-0.001,177.7,-9.5,0
1943,39.91,0.00,1331.9,169.4,0.0,5,11399,0.380,0.000,-0.000,-0.024,-0.001,176.7,-9.6,0
1944,39.93,0.00,1332.8,169.4,0.0,5,11397,0.370,0.000,-0.000,-0.023,-0.001,175.8,-9.8,0
1945,39.95,0.00,1333.8,169.5,0.0,5,11395,0.360,0.000,-0.000,-0.023,-0.001,174.8,-9.9,0
1946,39.97,0.00,1334.7,169.5,0.0,5,11392,0.350,0.000,-0.000,-0.023,-0.001,173.8,-10.0,0
1947,39.99,0.00,1335.7,169.5,0.0,5,11389,0.340,0.000,-0.000,-0.023,-0.001,172.9,-10.1,0
1948,40.01,0.00,1336.6,169.5,0.0,5,11385,0.330,0.000,-0.000,-0.023,-0.001,171.9,-10.2,0
1949,40.03,0.00,1337.6,169.5,0.0,5,11381,0.320,0.000,-0.000,-0.022,-0.001,171.0,-10.3,0
1950,40.05,0.00,1338.5,169.5,0.0,5,11377,0.310,0.000,-0.000,-0.022,-0.001,170.0,-10.4,0
1951,40.07,0.00,1339.4,169.5,0.0,5,11372,0.300,0.000,-0.000,-0.022,-0.001,169.1,-10.5,0
1952,40.09,0.00,1340.4,169.4,0.0,5,11366,0.290,0.000,-0.000,-0.022,-0.001,168.1,-10.6,0
1953,40.11,0.00,1341.3,169.4,-0.0,5,11359,0.280,0.000,0.004,-0.022,-0.001,167.1,-10.7,0
1954,40.13,0.00,1342.3,169.3,0.0,5,11352,0.270,0.000,0.003,-0.022,-0.001,166.2,-10.8,0
1955,40.15,0.00,1343.2,169.3,-0.0,5,11344,0.260,0.000,0.002,-0.021,-0.001,165.3,-10.9,0
1956,40.17,0.00,1344.1,169.2,-0.0,5,11336,0.250,0.000,0.000,-0.021,-0.002,164.5,-11.0,0
1957,40.19,0.00,1345.1,169.1,-0.0,5,11328,0.240,0.000,-0.000,-0.021,-0.002,163.6,-11.1,0
1958,40.21,0.00,1346.0,169.1,-0.0,5,11318,0.230,0.000,-0.001,-0.021,-0.002,162.6,-11.2,0
1959,40.23,0.00,1347.0,169.0,-0.0,5,11309,0.220,0.000,-0.001,-0.020,-0.002,161.7,-11.3,0
1960,40.25,0.00,1347.9,168.9,-0.0,5,11299,0.210,0.000,-0.000,-0.020,-0.002,160.7,-11.4,0
1961,40.27,0.00,1348.8,168.8,-0.0,5,11288,0.200,0.000,-0.000,-0.020,-0.002,159.7,-11.5,0
1962,40.29,0.00,1349.8,168.7,-0.0,5,11277,0.190,0.000,-0.000,-0.020,-0.002,158.7,-11.6,0
1963,40.31,0.00,1350.7,168.5,0.0,5,11265,0.180,0.000,-0.000,-0.019,-0.002,157.8,-11.7,0
1964,40.33,0.00,1351.7,168.4,0.0,5,11253,0.170,0.000,-0.000,-0.019,-0.002,156.8,-11.8,0
1965,40.35,0.00,1352.6,168.3,0.0,5,11240,0.160,0.000,-0.000,-0.019,-0.002,155.9,-11.9,0
1966,40.37,0.00,1353.5,168.1,0.0,5,11226,0.150,0.000,-0.000,-0.018,-0.002,154.9,-12.0,0
1967,40.39,0.00,1354.5,168.0,0.0,5,11212,0.140,0.000,-0.000,-0.018,-0.002,154.0,-12.1,0
1968,40.41,0.00,1355.4,167.8,0.0,5,11198,0.130,0.000,-0.000,-0.018,-0.002,153.0,-12.2,0
1969,40.43,0.00,1356.3,167.6,0.0,5,11183,0.120,0.000,-0.000,-0.018,-0.002,152.1,-12.2,0
1970,40.45,0.00,1357.2,167.4,0.0,5,11168,0.110,0.000,-0.000,-0.017,-0.002,151.1,-12.3,0
1971,40.47,0.00,1358.2,167.3,0.0,5,11152,0.100,0.000,-0.000,-0.017,-0.002,150.2,-12.4,0
1972,40.49,0.00,1359.1,167.1,0.0,5,11135,0.090,0.000,-0.001,-0.017,-0.002,149.2,-12.5,0
1973,40.51,0.00,1360.0,166.9,-0.0,5,11118,0.080,0.000,-0.000,-0.017,-0.002,148.3,-12.6,0
1974,40.53,0.00,1361.0,166.7,0.0,5,11101,0.070,0.000,-0.000,-0.016,-0.002,147.3,-12.7,0
1975,40.55,0.00,1361.9,166.4,0.0,5,11083,0.060,0.000,0.000,-0.016,-0.002,146.4,-12.8,0
1976,40.57,0.00,1362.8,166.2,0.0,5,11064,0.050,0.000,0.000,-0.016,-0.002,145.4,-12.8,0
1977,40.59,0.00,1363.7,166.0,0.0,5,11045,0.040,0.000,0.001,-0.016,-0.001,144.5,-12.9,0
1978,40.61,0.00,1364.7,165.7,0.0,5,11025,0.030,0.000,0.001,-0.015,-0.001,143.5,-13.0,0
1979,40.63,0.00,1365.6,165.5,0.0,5,11005,0.020,0.000,0.001,-0.015,-0.001,142.6,-13.1,0
1980,40.65,0.00,1366.5,165.2,0.0,5,10984,0.010,0.000,0.001,-0.015,-0.001,141.6,-13.2,0
1981,40.67,0.00,1367.4,165.0,0.0,5,10963,0.000,0.000,0.001,-0.015,-0.001,140.7,-13.3,0
1982,40.69,0.00,1368.3,164.7,0.0,5,10941,0.000,0.000,0.001,-0.014,-0.001,139.8,-13.3,0
1983,40.71,0.00,1369.2,164.4,0.0,5,10925,0.000,0.000,0.001,-0.014,-0.001,138.8,-13.3,0
1984,40.73,0.00,1370.2,164.2,0.0,5,10907,0.000,0.000,0.001,-0.014,-0.001,137.9,-13.3,0
1985,40.75,0.00,1371.1,163.9,0.0,5,10888,0.000,0.000,0.001,-0.014,-0.001,137.0,-13.2,0
1986,40.77,0.00,1372.0,163.6,0.0,5,10870,0.000,0.000,0.001,-0.013,-0.001,136.0,-13.2,0
1987,40.79,0.00,1372.9,163.3,0.0,5,10851,0.000,0.000,0.001,-0.013,-0.001,135.1,-13.2,0
1988,40.81,0.00,1373.8,163.1,0.0,5,10833,0.000,0.000,0.001,-0.013,-0.001,134.2,-13.2,0
1989,40.83,0.00,1374.7,162.8,0.0,5,10815,0.000,0.000,0.001,-0.013,-0.001,133.3,-13.2,0
1990,40.85,0.00,1375.6,162.5,0.0,5,10797,0.000,0.000,0.001,-0.012,-0.001,132.3,-13.2,0
1991,40.87,0.00,1376.5,162.3,0.0,5,10780,0.000,0.000,0.001,-0.012,-0.001,131.4,-13.1,0
1992,40.89,0.00,1377.4,162.0,0.0,5,10764,0.000,0.000,0.001,-0.012,-0.001,130.5,-13.0,0
1993,40.91,0.00,1378.3,161.7,0.0,5,10746,0.000,0.000,0.001,-0.012,-0.001,129.6,-13.0,0
1994,40.93,0.00,1379.2,161.5,0.0,5,10728,0.000,0.000,0.001,-0.012,-0.001,128.6,-13.0,0
1995,40.95,0.00,1380.1,161.2,0.0,5,10710,0.000,0.000,0.001,-0.011,-0.001,127.7,-13.0,0
1996,40.97,0.00,1381.0,160.9,0.0,5,10691,0.000,0.000,0.001,-0.011,-0.001,126.8,-13.0,0
1997,40.99,0.00,1381.9,160.7,0.0,5,10674,0.000,0.000,0.001,-0.011,-0.001,125.9,-13.0,0
1998,41.01,0.00,1382.8,160.4,0.0,5,10656,0.000,0.000,0.002,-0.011,-0.001,125.0,-13.0,0
1999,41.03,0.00,1383.7,160.1,0.0,5,10639,0.000,0.000,0.001,-0.011,-0.001,124.1,-13.0,0
2000,41.05,0.00,1384.5,159.9,0.0,5,10623,0.050,0.000,0.001,-0.010,-0.001,123.2,-12.9,0
2001,41.07,0.00,1385.4,159.6,0.0,5,10625,0.100,0.000,0.001,-0.010,-0.001,122.3,-12.4,0
2002,41.09,0.00,1386.3,159.4,0.0,5,10630,0.150,0.000,0.001,-0.010,-0.001,121.4,-11.9,0
2003,41.11,0.00,1387.2,159.3,0.0,5,10638,0.200,0.000,0.001,-0.010,-0.001,120.5,-11.4,0
2004,41.13,0.00,1388.1,159.2,0.0,5,10649,0.250,0.000,0.000,-0.010,-0.001,119.6,-10.8,0
2005,41.15,0.00,1389.0,159.1,-0.0,5,10663,0.300,0.000,-0.000,-0.009,-0.001,118.7,-10.3,0
2006,41.17,0.00,1389.9,159.1,-0.0,5,10680,0.350,0.000,-0.000,-0.009,-0.001,117.8,-9.8,0
2007,41.19,0.00,1390.7,159.1,-0.0,5,10699,0.400,0.000,-0.001,-0.009,-0.001,116.9,-9.2,0
2008,41.21,0.00,1391.6,159.2,-0.0,5,10721,0.450,0.000,-0.000,-0.009,-0.001,116.0,-8.7,0
2009,41.23,0.00,1392.5,159.3,-0.0,5,10743,0.500,0.000,-0.000,-0.009,-0.001,115.1,-8.3,0
2010,41.25,0.00,1393.4,159.4,0.0,5,10770,0.550,0.000,0.000,-0.008,-0.001,114.2,-7.8,0
2011,41.27,0.00,1394.3,159.6,0.0,5,10801,0.600,0.000,0.008,-0.008,-0.001,113.3,-7.3,0
2012,41.29,0.00,1395.2,159.8,0.0,5,10836,0.590,0.000,0.007,-0.008,-0.002,112.5,-6.7,0
2013,41.31,0.00,1396.1,160.0,-0.0,5,10849,0.580,0.000,0.004,-0.008,-0.002,111.7,-6.8,0
2014,41.33,0.00,1397.0,160.2,-0.0,5,10861,0.570,0.000,0.002,-0.007,-0.002,110.9,-6.9,0
2015,41.35,0.00,1397.8,160.5,-0.1,5,10872,0.560,0.000,0.000,-0.007,-0.003,110.0,-7.0,0
2016,41.37,0.00,1398.7,160.7,-0.1,5,10881,0.550,0.000,-0.001,-0.007,-0.003,109.2,-7.1,0
2017,41.39,0.00,1399.6,160.9,-0.1,5,10890,0.540,0.000,-0.001,-0.006,-0.003,108.3,-7.2,0
2018,41.41,0.00,1400.5,161.0,-0.1,5,10894,0.530,0.000,-0.001,-0.006,-0.003,107.4,-7.5,0
2019,41.43,0.00,1401.4,161.2,-0.0,5,10902,0.520,0.000,-0.001,-0.006,-0.003,106.4,-7.6,0
2020,41.45,0.00,1402.3,161.4,-0.0,5,10911,0.510,0.000,-0.001,-0.005,-0.003,105.5,-7.7,0
2021,41.47,0.00,1403.2,161.5,-0.0,5,10919,0.500,0.000,-0.000,-0.005,-0.003,104.6,-7.8,0
2022,41.49,0.00,1404.1,161.7,0.0,5,10927,0.490,0.000,0.000,-0.004,-0.003,103.6,-7.9,0
2023,41.51,0.00,1405.0,161.8,0.0,5,10933,0.480,0.000,0.000,-0.004,-0.003,102.7,-8.0,0
2024,41.53,0.00,1405.9,162.0,0.0,5,10938,0.470,0.000,0.000,-0.004,-0.003,101.8,-8.1,0
2025,41.55,0.00,1406.8,162.1,0.0,5,10942,0.460,0.000,-0.000,-0.003,-0.003,100.9,-8.2,0
2026,41.57,0.00,1407.7,162.2,0.0,5,10945,0.450,0.000,-0.000,-0.003,-0.003,100.0,-8.3,0
2027,41.59,0.00,1408.6,162.3,0.0,5,10946,0.440,0.000,-0.000,-0.002,-0.003,99.0,-8.6,0
2028,41.61,0.00,1409.5,162.4,0.0,5,10949,0.430,0.000,-0.000,-0.002,-0.003,98.1,-8.7,0
2029,41.63,0.00,1410.4,162.5,0.0,5,10952,0.420,0.000,-0.000,-0.002,-0.003,97.2,-8.7,0
2030,41.65,0.00,1411.3,162.6,0.0,5,10955,0.410,0.000,-0.001,-0.001,-0.003,96.3,-8.8,0
2031,41.67,0.00,1412.2,162.7,-0.0,5,10957,0.400,0.000,-0.001,-0.001,-0.003,95.4,-8.9,0
2032,41.69,0.00,1413.1,162.7,0.0,5,10958,0.390,0.000,-0.000,-0.000,-0.002,94.4,-9.0,0
2033,41.71,0.00,1414.0,162.8,0.0,5,10958,0.380,0.000,-0.000,-0.000,-0.002,93.5,-9.1,0
2034,41.73,0.00,1414.9,162.8,0.0,5,10957,0.370,0.000,-0.000,0.000,-0.002,92.6,-9.2,0
2035,41.75,0.00,1415.8,162.9,0.0,5,10953,0.360,0.000,-0.000,0.001,-0.002,91.6,-9.4,0
2036,41.77,0.00,1416.7,162.9,0.0,5,10951,0.000,0.007,-0.000,0.001,-0.002,90.7,-9.5,0
2037,41.79,0.00,1417.6,162.7,0.0,5,10811,0.000,0.038,-0.000,0.001,-0.002,89.8,-12.9,0
2038,41.81,0.00,1418.5,162.4,-0.0,5,10773,0.000,0.061,-0.001,0.002,-0.002,88.9,-12.3,0
2039,41.83,0.00,1419.5,162.0,-0.0,5,10735,0.000,0.080,-0.001,0.002,-0.003,88.0,-11.8,0
2040,41.85,0.00,1420.3,161.5,-0.0,5,10695,0.000,0.097,-0.002,0.003,-0.003,87.1,-11.4,0
2041,41.87,0.00,1421.2,160.9,-0.0,5,10653,0.000,0.111,-0.002,0.003,-0.003,86.2,-11.1,0
2042,41.89,0.00,1422.1,160.4,-0.0,5,10609,0.000,0.124,-0.002,0.003,-0.003,85.3,-10.8,0
2043,41.91,0.00,1423.0,159.8,-0.0,5,10564,0.000,0.135,-0.002,0.004,-0.003,84.3,-10.4,0
2044,41.93,0.00,1423.9,159.1,-0.0,5,10519,0.000,0.144,-0.001,0.004,-0.002,83.4,-10.0,0
2045,41.95,0.00,1424.8,158.5,-0.0,5,10471,0.000,0.152,-0.001,0.004,-0.002,82.5,-9.8,0
2046,41.97,0.00,1425.7,157.8,-0.0,5,10420,0.000,0.159,-0.001,0.005,-0.002,81.6,-9.6,0
2047,41.99,0.00,1426.5,157.1,-0.0,5,10370,0.000,0.165,-0.001,0.005,-0.002,80.7,-9.4,0
2048,42.01,0.00,1427.4,156.3,-0.0,5,10318,0.000,0.169,-0.002,0.005,-0.002,79.9,-9.2,0
2049,42.03,0.00,1428.3,155.6,-0.0,5,10267,0.000,0.174,-0.002,0.006,-0.002,79.0,-9.1,0
2050,42.05,0.00,1429.1,154.8,-0.0,5,10215,0.000,0.178,-0.001,0.006,-0.002,78.1,-9.0,0
2051,42.07,0.00,1430.0,154.1,-0.0,5,10163,0.000,0.181,-0.001,0.006,-0.002,77.2,-8.8,0
2052,42.09,0.00,1430.8,153.3,-0.0,5,10111,0.000,0.184,-0.001,0.007,-0.002,76.3,-8.7,0
2053,42.11,0.00,1431.7,152.5,-0.0,5,10062,0.000,0.187,-0.001,0.007,-0.002,75.5,-8.4,0
2054,42.13,0.00,1432.5,151.7,-0.0,5,10009,0.000,0.189,0.018,0.007,-0.002,74.6,-8.3,0
2055,42.15,0.00,1433.4,151.0,0.0,5,9954,0.000,0.187,0.015,0.008,-0.003,73.8,-8.1,0
2056,42.17,0.00,1434.2,150.2,-0.1,5,9902,0.000,0.181,0.009,0.008,-0.004,73.2,-8.2,0
2057,42.19,0.00,1435.1,149.4,-0.1,5,9853,0.000,0.175,0.003,0.009,-0.005,72.5,-8.3,0
2058,42.21,0.00,1435.9,148.7,-0.2,5,9806,0.000,0.172,-0.002,0.009,-0.006,71.8,-8.4,0
2059,42.23,0.00,1436.7,147.9,-0.2,5,9759,0.000,0.173,-0.005,0.010,-0.007,71.0,-8.5,0
2060,42.25,0.00,1437.5,147.2,-0.2,5,9710,0.000,0.177,-0.005,0.011,-0.007,70.2,-8.4,0
2061,42.27,0.00,1438.3,146.5,-0.2,5,9660,0.000,0.182,-0.005,0.011,-0.007,69.3,-8.2,0
2062,42.29,0.00,1439.2,145.7,-0.1,5,9612,0.000,0.188,-0.004,0.012,-0.006,68.5,-7.9,0
2063,42.31,0.00,1440.0,145.0,-0.1,5,9559,0.000,0.194,-0.003,0.013,-0.006,67.6,-7.7,0
2064,42.33,0.00,1440.8,144.2,-0.1,5,9504,0.000,0.198,-0.002,0.013,-0.006,66.8,-7.5,0
2065,42.35,0.00,1441.6,143.4,-0.0,5,9449,0.000,0.202,-0.001,0.014,-0.006,65.9,-7.4,0
2066,42.37,0.00,1442.4,142.6,-0.0,5,9393,0.000,0.205,-0.000,0.015,-0.005,65.1,-7.2,0
2067,42.39,0.00,1443.2,141.8,-0.0,5,9339,0.000,0.206,-0.001,0.016,-0.005,64.3,-7.1,0
2068,42.41,0.00,1443.9,141.0,-0.0,5,9285,0.000,0.207,-0.001,0.016,-0.005,63.5,-7.2,0
2069,42.43,0.00,1444.7,140.2,-0.0,5,9231,0.000,0.208,-0.001,0.017,-0.005,62.7,-7.2,0
2070,42.45,0.00,1445.5,139.4,-0.0,5,9177,0.000,0.209,-0.001,0.018,-0.005,61.9,-7.0,0
2071,42.47,0.00,1446.3,138.6,-0.0,4,10181,0.000,0.212,-0.001,0.018,-0.005,61.1,-6.2,0
2072,42.49,0.00,1447.0,137.8,-0.0,4,10152,0.000,0.216,-0.001,0.019,-0.005,60.3,-5.9,0
2073,42.51,0.00,1447.8,137.0,-0.0,4,10036,0.000,0.219,-0.001,0.020,-0.005,59.5,-6.6,0
2074,42.53,0.00,1448.5,136.2,0.0,4,9963,0.000,0.219,-0.001,0.020,-0.005,58.8,-6.7,0
2075,42.55,0.00,1449.3,135.3,0.0,4,9898,0.000,0.219,-0.000,0.021,-0.005,58.0,-6.7,0
2076,42.57,0.00,1450.0,134.5,0.0,4,9833,0.000,0.219,0.001,0.022,-0.005,57.2,-6.7,0
2077,42.59,0.00,1450.8,133.6,0.0,4,9770,0.000,0.218,0.001,0.022,-0.005,56.4,-6.6,0
2078,42.61,0.00,1451.5,132.8,0.0,4,9708,0.000,0.218,0.001,0.023,-0.005,55.7,-6.7,0
2079,42.63,0.00,1452.3,131.9,0.0,4,9646,0.000,0.217,0.002,0.024,-0.005,54.9,-6.8,0
2080,42.65,0.00,1453.0,131.1,0.0,4,9585,0.000,0.217,0.002,0.024,-0.005,54.2,-6.7,0
2081,42.67,0.00,1453.7,130.2,0.0,4,9524,0.000,0.217,0.002,0.025,-0.005,53.4,-6.6,0
2082,42.69,0.00,1454.5,129.4,0.0,4,9466,0.000,0.216,0.002,0.025,-0.005,52.7,-6.4,0
2083,42.71,0.00,1455.2,128.6,0.0,4,9407,0.000,0.216,0.002,0.026,-0.005,52.0,-6.2,0
2084,42.73,0.00,1455.9,127.7,0.0,4,9345,0.000,0.216,0.003,0.027,-0.005,51.2,-6.2,0
2085,42.75,0.00,1456.6,126.9,0.0,4,9283,0.000,0.216,0.043,0.027,-0.005,50.5,-6.1,0
2086,42.77,0.00,1457.3,126.1,0.1,4,9222,0.000,0.210,0.038,0.028,-0.006,49.9,-5.9,0
2087,42.79,0.00,1458.0,125.3,0.0,4,9165,0.000,0.198,0.027,0.029,-0.008,49.5,-6.0,0
2088,42.81,0.00,1458.7,124.5,-0.1,4,9113,0.000,0.185,0.015,0.030,-0.011,49.0,-6.3,0
2089,42.83,0.00,1459.4,123.8,-0.2,4,9065,0.000,0.177,0.004,0.031,-0.013,48.5,-6.7,0
2090,42.85,0.00,1460.0,123.0,-0.3,4,9018,0.000,0.175,-0.003,0.032,-0.014,47.9,-6.8,0
2091,42.87,0.00,1460.7,122.4,-0.3,4,8969,0.000,0.177,-0.007,0.033,-0.015,47.3,-6.8,0
2092,42.89,0.00,1461.4,121.7,-0.3,4,8918,0.000,0.183,-0.008,0.035,-0.015,46.6,-6.6,0
2093,42.91,0.00,1462.1,121.0,-0.3,4,8866,0.000,0.191,-0.007,0.036,-0.015,45.9,-6.3,0
2094,42.93,0.00,1462.8,120.2,-0.2,4,8811,0.000,0.199,-0.005,0.038,-0.014,45.2,-6.0,0
2095,42.95,0.00,1463.4,119.5,-0.1,4,8752,0.000,0.206,-0.004,0.039,-0.014,44.5,-5.8,0
2096,42.97,0.00,1464.1,118.7,-0.1,4,8692,0.000,0.212,-0.002,0.041,-0.014,43.8,-5.6,0
2097,42.99,0.00,1464.7,118.0,-0.0,4,8631,0.000,0.216,-0.001,0.042,-0.013,43.1,-5.4,0
2098,43.01,0.00,1465.4,117.2,-0.0,4,8570,0.000,0.219,-0.000,0.043,-0.013,42.4,-5.3,0
2099,43.03,0.00,1466.0,116.4,-0.0,4,8510,0.000,0.222,-0.000,0.045,-0.013,41.8,-5.2,0
2100,43.05,0.00,1466.7,115.6,-0.0,4,8450,0.000,0.223,-0.000,0.046,-0.013,41.1,-5.1,0
2101,43.07,0.00,1467.3,114.8,-0.0,4,8391,0.000,0.225,-0.000,0.048,-0.013,40.5,-5.2,0
2102,43.09,0.00,1468.0,114.0,-0.0,4,8331,0.000,0.226,0.000,0.049,-0.013,39.8,-5.1,0
2103,43.11,0.00,1468.6,113.2,-0.0,4,8272,0.000,0.227,0.090,0.050,-0.014,39.2,-5.0,0
2104,43.13,0.00,1469.2,112.4,0.2,4,8213,0.000,0.220,0.082,0.052,-0.015,38.7,-4.2,0
2105,43.15,0.00,1469.8,111.5,0.1,4,8159,0.000,0.199,0.062,0.054,-0.019,38.4,-4.5,0
2106,43.17,0.00,1470.5,110.8,-0.1,4,8114,0.000,0.179,0.039,0.056,-0.024,38.1,-5.1,0
2107,43.19,0.00,1471.1,110.1,-0.3,4,8071,0.000,0.164,0.020,0.058,-0.028,37.8,-5.5,0
2108,43.21,0.00,1471.7,109.5,-0.4,4,8031,0.000,0.159,0.005,0.061,-0.031,37.4,-5.8,0
2109,43.23,0.00,1472.3,108.9,-0.5,3,9847,0.000,0.161,-0.003,0.064,-0.033,37.0,-5.3,0
2110,43.25,0.00,1472.9,108.3,-0.4,3,9820,0.000,0.171,-0.005,0.067,-0.034,36.4,-5.2,0
2111,43.27,0.00,1473.5,107.7,-0.4,3,9692,0.000,0.182,0.073,0.070,-0.034,35.8,-5.8,0
2112,43.29,0.00,1474.1,107.0,-0.1,3,9614,0.000,0.182,0.066,0.073,-0.035,35.3,-5.4,0
2113,43.31,0.00,1474.7,106.3,-0.1,3,9547,0.000,0.171,0.049,0.076,-0.038,34.9,-5.7,0
2114,43.33,0.00,1475.3,105.6,-0.2,3,9488,0.000,0.159,0.030,0.080,-0.042,34.6,-6.2,0
2115,43.35,0.00,1475.8,104.9,-0.3,3,9436,0.000,0.151,0.013,0.084,-0.045,34.2,-6.4,0
2116,43.37,0.00,1476.4,104.3,-0.4,3,9386,0.000,0.150,0.025,0.088,-0.043,33.8,-6.5,0
2117,43.39,0.00,1477.0,103.7,-0.4,3,9332,0.000,0.151,0.054,0.092,-0.037,33.4,-6.4,0
2118,43.41,0.00,1477.6,103.1,-0.3,3,9279,0.000,0.149,0.079,0.095,-0.031,32.9,-6.1,0
2119,43.43,0.00,1478.2,102.5,-0.2,3,9227,0.000,0.142,0.098,0.097,-0.027,32.6,-5.9,0
2120,43.45,0.00,1478.7,101.9,-0.2,3,9175,0.000,0.129,0.111,0.099,-0.024,32.4,-6.0,0
2121,43.47,0.00,1479.3,101.3,-0.2,3,9129,0.000,0.112,0.119,0.101,-0.022,32.2,-6.2,0
2122,43.49,0.00,1479.9,100.8,-0.3,3,9090,0.000,0.094,0.122,0.103,-0.022,32.1,-6.4,0
2123,43.51,0.00,1480.4,100.3,-0.4,3,9056,0.000,0.075,0.122,0.105,-0.021,32.0,-6.7,0
2124,43.53,0.00,1481.0,99.9,-0.5,3,9029,0.000,0.057,0.121,0.106,-0.021,32.0,-7.0,0
2125,43.55,0.00,1481.6,99.5,-0.5,3,9006,0.000,0.042,0.119,0.108,-0.021,32.0,-7.3,0
2126,43.57,0.00,1482.1,99.2,-0.6,3,8986,0.000,0.029,0.118,0.109,-0.022,31.9,-7.5,0
2127,43.59,0.00,1482.7,98.9,-0.7,3,8969,0.000,0.018,0.116,0.111,-0.022,31.9,-7.7,0
2128,43.61,0.00,1483.2,98.7,-0.7,3,8953,0.000,0.010,0.115,0.112,-0.022,31.8,-7.9,0
2129,43.63,0.00,1483.8,98.5,-0.7,3,8939,0.000,0.005,0.116,0.113,-0.022,31.8,-8.0,0
2130,43.65,0.00,1484.3,98.3,-0.7,3,8924,0.000,0.000,0.117,0.115,-0.021,31.7,-8.0,0
2131,43.67,0.00,1484.9,98.1,-0.7,3,8911,0.050,0.000,0.118,0.116,-0.021,31.6,-8.1,0
2132,43.69,0.00,1485.4,98.0,-0.6,3,8928,0.100,0.000,0.120,0.117,-0.020,31.5,-7.5,0
2133,43.71,0.00,1486.0,97.9,-0.6,3,8949,0.150,0.000,0.122,0.118,-0.020,31.4,-6.9,0
2134,43.73,0.00,1486.5,97.8,-0.6,3,8975,0.000,0.003,0.124,0.119,-0.019,31.3,-6.3,0
2135,43.75,0.00,1487.1,97.7,-0.5,3,8877,0.000,0.004,0.125,0.121,-0.019,31.3,-8.0,0
2136,43.77,0.00,1487.6,97.5,-0.5,3,8859,0.000,0.001,0.127,0.122,-0.018,31.2,-8.0,0
2137,43.79,0.00,1488.2,97.4,-0.5,3,8844,0.050,0.000,0.128,0.123,-0.018,31.1,-8.0,0
2138,43.81,0.00,1488.7,97.2,-0.5,3,8861,0.100,0.000,0.128,0.124,-0.018,31.0,-7.4,0
2139,43.83,0.00,1489.3,97.1,-0.5,3,8883,0.150,0.000,0.128,0.125,-0.017,31.0,-6.8,0
2140,43.85,0.00,1489.8,97.1,-0.5,3,8909,0.200,0.000,0.129,0.126,-0.017,30.9,-6.2,0
2141,43.87,0.00,1490.4,97.1,-0.5,3,8939,0.000,0.006,0.130,0.127,-0.017,30.8,-5.6,0
2142,43.89,0.00,1490.9,97.0,-0.5,3,8813,0.000,0.006,0.131,0.128,-0.017,30.7,-7.8,0
2143,43.91,0.00,1491.5,96.8,-0.5,3,8795,0.000,0.002,0.132,0.129,-0.016,30.7,-7.9,0
2144,43.93,0.00,1492.0,96.7,-0.5,3,8780,0.050,0.000,0.132,0.130,-0.016,30.6,-7.9,0
2145,43.95,0.00,1492.5,96.5,-0.5,3,8797,0.100,0.000,0.132,0.131,-0.016,30.5,-7.4,0
2146,43.97,0.00,1493.1,96.4,-0.5,3,8818,0.150,0.000,0.133,0.132,-0.016,30.5,-6.8,0
2147,43.99,0.00,1493.6,96.4,-0.5,3,8844,0.000,0.000,0.133,0.133,-0.016,30.4,-6.2,0
2148,44.01,0.00,1494.2,96.3,-0.5,3,8749,0.050,0.000,0.133,0.133,-0.015,30.3,-7.9,0
2149,44.03,0.00,1494.7,96.1,-0.5,3,8764,0.100,0.000,0.134,0.134,-0.015,30.3,-7.3,0
2150,44.05,0.00,1495.2,96.1,-0.5,3,8785,0.150,0.000,0.135,0.135,-0.015,30.2,-6.7,0
2151,44.07,0.00,1495.8,96.0,-0.5,3,8811,0.000,0.003,0.136,0.136,-0.015,30.1,-6.1,0
2152,44.09,0.00,1496.3,95.9,-0.5,3,8715,0.000,0.003,0.137,0.137,-0.014,30.0,-7.8,0
2153,44.11,0.00,1496.9,95.7,-0.5,3,8699,0.050,0.000,0.138,0.138,-0.014,30.0,-7.8,0
2154,44.13,0.00,1497.4,95.6,-0.4,3,8715,0.100,0.000,0.138,0.138,-0.014,29.9,-7.3,0
2155,44.15,0.00,1497.9,95.5,-0.5,3,8736,0.150,0.000,0.138,0.139,-0.014,29.8,-6.7,0
2156,44.17,0.00,1498.5,95.5,-0.5,3,8761,0.000,0.002,0.138,0.140,-0.014,29.8,-6.1,0
2157,44.19,0.00,1499.0,95.4,-0.5,3,8666,0.000,0.002,0.140,0.141,-0.013,29.7,-7.8,0
2158,44.21,0.00,1499.5,95.2,-0.5,3,8650,0.050,0.000,0.140,0.141,-0.013,29.6,-7.8,0
2159,44.23,0.00,1500.1,95.1,-0.5,3,8667,0.100,0.000,0.141,0.142,-0.013,29.6,-7.2,0
2160,44.25,0.00,1500.6,95.0,-0.4,3,8687,0.150,0.000,0.142,0.143,-0.013,29.5,-6.7,0
2161,44.27,0.00,1501.2,95.0,-0.4,3,8712,0.000,0.002,0.142,0.143,-0.013,29.4,-6.1,0
2162,44.29,0.00,1501.7,94.8,-0.4,3,8618,0.000,0.002,0.143,0.144,-0.012,29.3,-7.7,0
2163,44.31,0.00,1502.2,94.7,-0.4,3,8602,0.050,0.000,0.143,0.145,-0.012,29.3,-7.7,0
2164,44.33,0.00,1502.8,94.5,-0.4,3,8619,0.100,0.000,0.144,0.145,-0.012,29.2,-7.2,0
2165,44.35,0.00,1503.3,94.5,-0.4,3,8639,0.150,0.000,0.145,0.146,-0.012,29.1,-6.6,0
2166,44.37,0.00,1503.8,94.4,-0.4,3,8663,0.000,0.002,0.146,0.146,-0.012,29.1,-6.0,0
2167,44.39,0.00,1504.4,94.3,-0.4,3,8571,0.000,0.001,0.147,0.147,-0.011,29.0,-7.6,0
2168,44.41,0.00,1504.9,94.1,-0.4,3,8556,0.050,0.000,0.148,0.148,-0.011,28.9,-7.7,0
2169,44.43,0.00,1505.4,94.0,-0.4,3,8571,0.100,0.000,0.147,0.148,-0.011,28.9,-7.1,0
2170,44.45,0.00,1506.0,93.9,-0.4,3,8592,0.150,0.000,0.148,0.149,-0.011,28.8,-6.6,0
2171,44.47,0.00,1506.5,93.9,-0.4,3,8617,0.000,0.000,0.149,0.149,-0.011,28.7,-6.0,0
2172,44.49,0.00,1507.0,93.8,-0.4,3,8525,0.050,0.000,0.151,0.150,-0.010,28.7,-7.6,0
2173,44.51,0.00,1507.5,93.7,-0.4,3,8540,0.100,0.000,0.152,0.150,-0.010,28.6,-7.1,0
2174,44.53,0.00,1508.1,93.6,-0.3,3,8559,0.150,0.000,0.153,0.151,-0.010,28.5,-6.5,0
2175,44.55,0.00,1508.6,93.5,-0.3,3,8583,0.000,0.002,0.154,0.151,-0.010,28.5,-6.0,0
2176,44.57,0.00,1509.1,93.4,-0.3,3,8492,0.000,0.000,0.154,0.152,-0.010,28.4,-7.6,0
2177,44.59,0.00,1509.7,93.3,-0.3,3,8477,0.050,0.000,0.155,0.152,-0.010,28.4,-7.6,0
2178,44.61,0.00,1510.2,93.1,-0.4,3,8492,0.100,0.000,0.156,0.153,-0.010,28.3,-7.1,0
2179,44.63,0.00,1510.7,93.1,-0.4,3,8512,0.150,0.000,0.156,0.153,-0.009,28.3,-6.5,0
2180,44.65,0.00,1511.2,93.0,-0.4,3,8536,0.200,0.000,0.157,0.154,-0.009,28.2,-5.9,0
2181,44.67,0.00,1511.8,93.0,-0.3,3,8564,0.250,0.000,0.159,0.154,-0.009,28.2,-5.4,0
2182,44.69,0.00,1512.3,93.1,-0.3,3,8598,0.000,0.007,0.160,0.155,-0.009,28.1,-4.8,0
2183,44.71,0.00,1512.8,93.0,-0.3,3,8453,0.000,0.007,0.162,0.155,-0.008,28.1,-7.4,0
2184,44.73,0.00,1513.3,92.8,-0.3,3,8435,0.000,0.001,0.163,0.155,-0.008,28.0,-7.4,0
2185,44.75,0.00,1513.8,92.7,-0.3,3,8422,0.050,0.000,0.164,0.156,-0.008,28.0,-7.5,0
2186,44.77,0.00,1514.4,92.5,-0.3,3,8438,0.100,0.000,0.164,0.156,-0.008,28.0,-7.0,0
2187,44.79,0.00,1514.9,92.4,-0.3,3,8457,0.150,0.000,0.165,0.157,-0.008,28.0,-6.4,0
2188,44.81,0.00,1515.4,92.4,-0.3,3,8481,0.200,0.000,0.165,0.157,-0.008,27.9,-5.9,0
2189,44.83,0.00,1516.0,92.4,-0.3,3,8510,0.250,0.000,0.166,0.157,-0.008,27.9,-5.3,0
2190,44.85,0.00,1516.5,92.5,-0.3,3,8544,0.300,0.000,0.166,0.158,-0.008,27.9,-4.7,0
2191,44.87,0.00,1517.0,92.6,-0.3,3,8583,0.000,0.003,0.168,0.158,-0.008,27.9,-4.2,0
2192,44.89,0.00,1517.5,92.5,-0.3,3,8412,0.000,0.001,0.171,0.158,-0.007,27.8,-7.4,0
2193,44.91,0.00,1518.0,92.4,-0.3,3,8397,0.050,0.000,0.174,0.159,-0.007,27.8,-7.5,0
2194,44.93,0.00,1518.6,92.2,-0.3,3,8412,0.100,0.000,0.175,0.159,-0.006,27.8,-7.0,0
2195,44.95,0.00,1519.1,92.2,-0.2,3,8431,0.150,0.000,0.176,0.159,-0.006,27.8,-6.4,0
2196,44.97,0.00,1519.6,92.1,-0.2,3,8455,0.200,0.000,0.176,0.159,-0.006,27.8,-5.9,0
2197,44.99,0.00,1520.1,92.1,-0.3,3,8484,0.250,0.000,0.175,0.160,-0.007,27.8,-5.3,0
2198,45.01,0.00,1520.7,92.2,-0.3,3,8518,0.300,0.000,0.176,0.160,-0.007,27.8,-4.7,0
2199,45.03,0.00,1521.2,92.3,-0.3,3,8558,0.350,0.000,0.178,0.160,-0.006,27.9,-4.1,0
2200,45.05,0.00,1521.7,92.5,-0.3,3,8602,0.400,0.000,0.180,0.160,-0.006,27.9,-3.5,0
2201,45.07,0.00,1522.2,92.7,-0.3,3,8643,0.000,0.004,0.184,0.161,-0.005,27.9,-3.0,0
2202,45.09,0.00,1522.7,92.6,-0.2,3,8421,0.000,0.002,0.188,0.161,-0.005,27.9,-7.3,0
2203,45.11,0.00,1523.3,92.4,-0.2,3,8404,0.050,0.000,0.190,0.161,-0.004,27.9,-7.5,0
2204,45.13,0.00,1523.8,92.3,-0.2,3,8418,0.100,0.000,0.189,0.161,-0.005,28.0,-7.0,0
2205,45.15,0.00,1524.3,92.2,-0.2,3,8438,0.150,0.000,0.189,0.161,-0.005,28.0,-6.4,0
2206,45.17,0.00,1524.8,92.2,-0.3,3,8463,0.200,0.000,0.188,0.161,-0.005,28.1,-5.8,0
2207,45.19,0.00,1525.4,92.2,-0.4,3,8493,0.250,0.000,0.187,0.161,-0.005,28.2,-5.2,0
2208,45.21,0.00,1525.9,92.2,-0.4,3,8521,0.300,0.000,0.188,0.161,-0.005,28.3,-4.7,0
2209,45.23,0.00,1526.4,92.3,-0.3,3,8559,0.350,0.000,0.189,0.162,-0.005,28.4,-4.1,0
2210,45.25,0.00,1526.9,92.5,-0.3,3,8603,0.400,0.000,0.191,0.162,-0.005,28.4,-3.5,0
2211,45.27,0.00,1527.5,92.7,-0.3,3,8656,0.450,0.000,0.192,0.162,-0.005,28.5,-2.8,0
2212,45.29,0.00,1528.0,92.9,-0.3,3,8717,0.500,0.000,0.194,0.162,-0.005,28.6,-2.1,0
2213,45.31,0.00,1528.5,93.2,-0.4,3,8786,0.550,0.000,0.196,0.162,-0.004,28.7,-1.2,0
2214,45.33,0.00,1529.0,93.6,-0.4,3,8863,0.600,0.000,0.198,0.162,-0.004,28.8,-0.3,0
2215,45.35,0.00,1529.6,94.0,-0.4,3,8920,0.650,0.000,0.202,0.162,-0.003,28.8,0.1,0
2216,45.37,0.00,1530.1,94.5,-0.4,3,9009,0.000,0.017,0.207,0.161,-0.003,28.9,1.0,0
2217,45.39,0.00,1530.6,94.5,-0.4,3,8586,0.000,0.014,0.212,0.161,-0.002,29.0,-7.0,0
2218,45.41,0.00,1531.2,94.3,-0.3,3,8562,0.050,0.000,0.215,0.161,-0.001,29.0,-7.3,0
2219,45.43,0.00,1531.7,94.1,-0.3,3,8580,0.100,0.000,0.212,0.161,-0.002,29.2,-7.1,0
2220,45.45,0.00,1532.2,94.0,-0.4,3,8601,0.150,0.000,0.206,0.161,-0.004,29.4,-6.5,0
2221,45.47,0.00,1532.8,93.9,-0.5,3,8627,0.200,0.000,0.197,0.161,-0.005,29.6,-5.9,0
2222,45.49,0.00,1533.3,93.9,-0.6,3,8655,0.250,0.000,0.190,0.160,-0.007,29.8,-5.3,0
2223,45.51,0.00,1533.8,94.0,-0.6,3,8691,0.300,0.000,0.184,0.161,-0.008,30.0,-4.6,0
2224,45.53,0.00,1534.4,94.1,-0.7,3,8733,0.350,0.000,0.180,0.161,-0.009,30.2,-4.0,0
2225,45.55,0.00,1534.9,94.2,-0.7,3,8780,0.400,0.000,0.177,0.161,-0.010,30.4,-3.3,0
2226,45.57,0.00,1535.4,94.4,-0.7,3,8833,0.450,0.000,0.175,0.161,-0.011,30.5,-2.6,0
2227,45.59,0.00,1536.0,94.7,-0.7,3,8892,0.500,0.000,0.173,0.161,-0.011,30.6,-1.8,0
2228,45.61,0.00,1536.5,95.0,-0.7,3,8957,0.550,0.000,0.174,0.162,-0.011,30.7,-1.1,0
2229,45.63,0.00,1537.0,95.3,-0.7,3,9022,0.600,0.000,0.177,0.162,-0.011,30.8,-0.4,0
2230,45.65,0.00,1537.6,95.8,-0.6,3,9106,0.650,0.000,0.180,0.162,-0.010,30.9,0.5,0
2231,45.67,0.00,1538.1,96.2,-0.6,3,9203,0.700,0.000,0.183,0.162,-0.010,31.0,1.5,0
2232,45.69,0.00,1538.7,96.7,-0.6,3,9314,0.750,0.000,0.185,0.163,-0.009,31.1,2.8,0
2233,45.71,0.00,1539.2,97.3,-0.7,3,9445,0.800,0.000,0.183,0.163,-0.010,31.2,4.3,0
2234,45.73,0.00,1539.8,97.9,-0.9,3,9590,0.000,0.005,0.180,0.163,-0.011,31.4,6.0,0
2235,45.75,0.00,1540.3,98.1,-0.9,3,8926,0.000,0.004,0.177,0.163,-0.011,31.5,-7.3,0
2236,45.77,0.00,1540.9,97.9,-0.8,3,8895,0.050,0.000,0.177,0.163,-0.011,31.7,-7.9,0
2237,45.79,0.00,1541.4,97.8,-0.7,3,8910,0.100,0.000,0.176,0.163,-0.012,31.8,-7.4,0
2238,45.81,0.00,1542.0,97.6,-0.7,3,8931,0.150,0.000,0.172,0.164,-0.013,32.0,-6.8,0
2239,45.83,0.00,1542.5,97.6,-0.8,3,8959,0.200,0.000,0.167,0.164,-0.014,32.2,-6.1,0
2240,45.85,0.00,1543.1,97.6,-0.8,3,8991,0.250,0.000,0.160,0.165,-0.015,32.4,-5.5,0
2241,45.87,0.00,1543.7,97.6,-0.8,3,9028,0.300,0.000,0.154,0.165,-0.017,32.6,-4.8,0
2242,45.89,0.00,1544.2,97.7,-0.8,3,9066,0.350,0.000,0.151,0.166,-0.017,32.8,-4.2,0
2243,45.91,0.00,1544.8,97.9,-0.8,3,9112,0.400,0.000,0.151,0.167,-0.018,32.9,-3.5,0
2244,45.93,0.00,1545.3,98.1,-0.8,3,9165,0.450,0.000,0.152,0.168,-0.017,33.0,-2.9,0
2245,45.95,0.00,1545.9,98.3,-0.7,3,9226,0.500,0.000,0.154,0.169,-0.017,33.1,-2.1,0
2246,45.97,0.00,1546.4,98.7,-0.7,3,9297,0.550,0.000,0.157,0.169,-0.016,33.2,-1.3,0
2247,45.99,0.00,1547.0,99.0,-0.6,3,9378,0.600,0.000,0.158,0.170,-0.016,33.3,-0.3,0
2248,46.01,0.00,1547.5,99.5,-0.6,3,9466,0.650,0.000,0.160,0.171,-0.016,33.4,0.7,0
2249,46.03,0.00,1548.1,100.0,-0.6,3,9548,0.700,0.000,0.162,0.172,-0.016,33.5,1.4,0
2250,46.05,0.00,1548.7,100.5,-0.7,3,9649,0.750,0.000,0.163,0.173,-0.016,33.6,2.4,0
2251,46.07,0.00,1549.2,101.1,-0.7,3,9769,0.800,0.000,0.163,0.174,-0.016,33.8,3.7,0
2252,46.09,0.00,1549.8,101.7,-0.9,3,9905,0.000,0.010,0.161,0.174,-0.016,33.9,5.2,0
2253,46.11,0.00,1550.4,101.9,-0.9,3,9256,0.000,0.007,0.159,0.175,-0.017,34.1,-7.7,0
2254,46.13,0.00,1551.0,101.6,-0.8,3,9223,0.050,0.000,0.158,0.176,-0.017,34.2,-8.3,0
2255,46.15,0.00,1551.5,101.4,-0.8,3,9241,0.100,0.000,0.156,0.177,-0.018,34.4,-7.8,0
2256,46.17,0.00,1552.1,101.3,-0.8,3,9263,0.150,0.000,0.153,0.178,-0.019,34.6,-7.2,0
2257,46.19,0.00,1552.7,101.3,-0.8,3,9291,0.200,0.000,0.148,0.179,-0.020,34.8,-6.5,0
2258,46.21,0.00,1553.2,101.2,-0.8,3,9324,0.250,0.000,0.144,0.180,-0.021,35.1,-5.8,0
2259,46.23,0.00,1553.8,101.3,-0.9,3,9363,0.300,0.000,0.141,0.181,-0.022,35.3,-5.1,0
2260,46.25,0.00,1554.4,101.4,-0.9,3,9406,0.350,0.000,0.138,0.182,-0.023,35.5,-4.3,0
2261,46.27,0.00,1555.0,101.5,-0.9,3,9455,0.400,0.000,0.137,0.184,-0.024,35.7,-3.6,0
2262,46.29,0.00,1555.5,101.8,-0.8,3,9504,0.450,0.000,0.138,0.185,-0.024,35.8,-3.0,0
2263,46.31,0.00,1556.1,102.0,-0.8,3,9564,0.500,0.000,0.142,0.187,-0.023,35.9,-2.3,0
2264,46.33,0.00,1556.7,102.3,-0.7,3,9632,0.550,0.000,0.146,0.188,-0.023,36.0,-1.5,0
2265,46.35,0.00,1557.3,102.7,-0.7,3,9711,0.600,0.000,0.150,0.189,-0.022,36.1,-0.6,0
2266,46.37,0.00,1557.9,103.1,-0.6,3,9794,0.650,0.000,0.152,0.191,-0.022,36.2,0.3,0
2267,46.39,0.00,1558.4,103.6,-0.7,3,9889,0.700,0.000,0.153,0.193,-0.023,36.4,1.3,0
2268,46.41,0.00,1559.0,104.1,-0.7,3,9987,0.750,0.000,0.154,0.194,-0.023,36.6,2.3,0
2269,46.43,0.00,1559.6,104.7,-0.8,3,10099,0.800,0.000,0.154,0.196,-0.024,36.7,3.4,0
2270,46.45,0.00,1560.2,105.3,-0.9,3,10230,0.850,0.000,0.154,0.197,-0.025,37.0,4.8,0
2271,46.47,0.00,1560.8,106.0,-1.1,3,10383,0.700,0.000,0.005,0.198,-0.026,37.2,6.6,0
2272,46.49,0.00,1561.4,106.6,-1.5,3,10287,0.000,0.023,0.004,0.200,-0.026,37.4,3.4,0
2273,46.51,0.00,1562.0,106.8,-1.5,3,9688,0.000,0.046,0.028,0.201,-0.022,37.1,-8.3,0
2274,46.53,0.00,1562.6,106.5,-1.1,3,9641,0.000,0.058,0.208,0.201,-0.016,36.7,-8.1,0
2275,46.55,0.00,1563.2,106.1,-0.6,3,9600,0.000,0.057,0.231,0.202,-0.012,36.4,-7.1,0
2276,46.57,0.00,1563.8,105.7,-0.3,3,9561,0.000,0.030,0.238,0.203,-0.011,36.5,-7.0,0
2277,46.59,0.00,1564.4,105.3,-0.3,3,9538,0.050,0.000,0.233,0.203,-0.014,36.9,-7.9,0
2278,46.61,0.00,1565.0,105.0,-0.5,3,9565,0.100,0.000,0.042,0.205,-0.019,37.5,-8.1,0
2279,46.63,0.00,1565.6,104.9,-1.1,3,9588,0.150,0.000,0.022,0.206,-0.023,37.9,-7.6,0
2280,46.65,0.00,1566.2,104.9,-1.4,3,9616,0.200,0.000,0.027,0.207,-0.022,38.0,-6.9,0
2281,46.67,0.00,1566.8,104.9,-1.2,3,9647,0.250,0.000,0.046,0.207,-0.018,37.7,-6.2,0
2282,46.69,0.00,1567.4,104.9,-0.9,3,9681,0.300,0.000,0.070,0.208,-0.013,37.4,-5.6,0
2283,46.71,0.00,1568.0,105.0,-0.7,3,9720,0.350,0.000,0.298,0.208,-0.009,37.2,-5.0,0
2284,46.73,0.00,1568.6,105.2,-0.2,3,9766,0.400,0.000,0.316,0.209,-0.007,37.0,-3.8,0
2285,46.75,0.00,1569.2,105.3,-0.1,3,9819,0.450,0.000,0.103,0.209,-0.008,37.3,-2.9,0
2286,46.77,0.00,1569.8,105.6,-0.3,3,9879,0.500,0.000,0.090,0.210,-0.010,37.6,-2.8,0
2287,46.79,0.00,1570.3,105.9,-0.6,3,9943,0.550,0.000,0.090,0.210,-0.010,37.7,-2.1,0
2288,46.81,0.00,1570.9,106.3,-0.6,3,10020,0.600,0.000,0.097,0.211,-0.009,37.7,-1.3,0
2289,46.83,0.00,1571.5,106.7,-0.6,3,10104,0.000,0.003,0.106,0.211,-0.008,37.7,-0.4,0
2290,46.85,0.00,1572.2,106.7,-0.5,3,9690,0.000,0.006,0.115,0.211,-0.006,37.7,-8.7,0
2291,46.87,0.00,1572.8,106.5,-0.5,3,9662,0.050,0.000,0.121,0.211,-0.005,37.7,-8.8,0
2292,46.89,0.00,1573.3,106.3,-0.4,3,9678,0.100,0.000,0.123,0.211,-0.005,37.8,-8.3,0
2293,46.91,0.00,1574.0,106.2,-0.5,3,9700,0.150,0.000,0.123,0.211,-0.006,37.9,-7.7,0
2294,46.93,0.00,1574.5,106.1,-0.5,3,9726,0.200,0.000,0.123,0.212,-0.007,38.1,-7.0,0
2295,46.95,0.00,1575.2,106.1,-0.6,3,9758,0.250,0.000,0.122,0.212,-0.007,38.3,-6.3,0
2296,46.97,0.00,1575.7,106.1,-0.6,3,9795,0.300,0.000,0.121,0.212,-0.008,38.5,-5.6,0
2297,46.99,0.00,1576.3,106.2,-0.6,3,9837,0.350,0.000,0.121,0.212,-0.009,38.7,-4.9,0
2298,47.01,0.00,1576.9,106.3,-0.7,3,9885,0.400,0.000,0.122,0.212,-0.010,38.9,-4.2,0
2299,47.03,0.00,1577.5,106.5,-0.7,3,9937,0.450,0.000,0.125,0.213,-0.010,39.1,-3.5,0
2300,47.05,0.00,1578.2,106.8,-0.6,3,9997,0.500,0.000,0.128,0.213,-0.011,39.3,-2.8,0
2301,47.07,0.00,1578.8,107.1,-0.6,3,10065,0.550,0.000,0.133,0.214,-0.011,39.5,-1.9,0
2302,47.09,0.00,1579.3,107.5,-0.6,3,10140,0.600,0.000,0.137,0.214,-0.011,39.8,-1.1,0
2303,47.11,0.00,1580.0,107.9,-0.7,3,10225,0.650,0.000,0.141,0.215,-0.012,40.1,-0.2,0
2304,47.13,0.00,1580.6,108.3,-0.7,3,10319,0.700,0.000,0.142,0.215,-0.013,40.5,0.9,0
2305,47.15,0.00,1581.2,108.9,-0.8,3,10421,0.750,0.000,0.144,0.216,-0.014,40.9,1.9,0
2306,47.17,0.00,1581.8,109.4,-0.9,3,10536,0.800,0.000,0.145,0.216,-0.016,41.5,3.2,0
2307,47.19,0.00,1582.4,110.0,-1.0,3,10668,0.850,0.000,0.147,0.217,-0.018,42.1,4.6,0
2308,47.21,0.00,1583.0,110.3,-1.1,4,8669,0.900,0.000,0.151,0.218,-0.020,42.8,-7.3,0
2309,47.23,0.00,1583.7,110.2,-1.0,4,8678,0.950,0.000,0.158,0.219,-0.022,43.5,-8.0,0
2310,47.25,0.00,1584.3,110.0,-1.0,4,8182,1.000,0.000,0.157,0.220,-0.024,44.4,-7.7,0
2311,47.27,0.00,1584.9,110.3,-1.1,4,8654,1.000,0.000,0.133,0.222,-0.027,45.5,3.3,0
2312,47.29,0.00,1585.5,110.9,-1.4,4,8781,0.850,0.000,0.106,0.224,-0.030,46.8,5.5,0
2313,47.31,0.00,1586.2,111.5,-1.7,4,8726,0.900,0.000,0.080,0.225,-0.033,48.1,3.2,0
2314,47.33,0.00,1586.8,112.0,-1.9,4,8759,0.950,0.000,0.063,0.227,-0.034,49.3,2.9,0
2315,47.35,0.00,1587.4,112.6,-1.9,4,8820,1.000,0.000,0.055,0.229,-0.035,50.2,3.3,0
2316,47.37,0.00,1588.1,113.2,-1.8,4,8896,1.000,0.000,0.055,0.231,-0.033,50.9,4.0,0
2317,47.39,0.00,1588.7,113.9,-1.7,4,8942,1.000,0.000,0.060,0.233,-0.031,51.4,3.9,0
2318,47.41,0.00,1589.3,114.6,-1.5,4,8985,1.000,0.000,0.067,0.234,-0.029,51.9,3.7,0
2319,47.43,0.00,1590.0,115.2,-1.4,4,9032,1.000,0.000,0.056,0.236,-0.027,52.5,3.6,0
2320,47.45,0.00,1590.6,115.9,-1.3,4,9082,1.000,0.000,0.028,0.237,-0.024,53.0,3.6,0
2321,47.47,0.00,1591.3,116.6,-1.2,4,9134,1.000,0.000,0.025,0.239,-0.021,53.4,3.5,0
2322,47.49,0.00,1592.0,117.2,-1.1,4,9185,1.000,0.000,0.036,0.240,-0.017,53.6,3.5,0
2323,47.51,0.00,1592.6,117.9,-1.0,4,9233,1.000,0.000,0.053,0.240,-0.013,53.7,3.4,0
2324,47.53,0.00,1593.3,118.6,-0.8,4,9285,1.000,0.000,0.067,0.241,-0.009,53.9,3.4,0
2325,47.55,0.00,1594.0,119.3,-0.7,4,9340,1.000,0.000,0.078,0.241,-0.006,54.4,3.4,0
2326,47.57,0.00,1594.6,120.0,-0.7,4,9397,1.000,0.000,0.085,0.240,-0.003,55.2,3.6,0
2327,47.59,0.00,1595.3,120.7,-0.7,4,9456,1.000,0.000,0.090,0.240,-0.002,56.3,3.7,0
2328,47.61,0.00,1596.0,121.4,-0.8,4,9514,1.000,0.000,0.083,0.239,-0.000,57.7,3.8,0
2329,47.63,0.00,1596.7,122.1,-0.9,4,9572,1.000,0.000,0.075,0.239,0.000,59.4,4.0,0
2330,47.65,0.00,1597.4,122.7,-1.1,4,9630,1.000,0.000,0.066,0.237,0.001,61.2,4.1,0
2331,47.67,0.00,1598.1,123.4,-1.2,4,9686,1.000,0.000,0.060,0.236,0.003,63.1,4.1,0
2332,47.69,0.00,1598.8,124.1,-1.2,4,9737,1.000,0.000,0.056,0.235,0.004,64.9,4.1,0
2333,47.71,0.00,1599.5,124.8,-1.3,4,9788,1.000,0.000,0.053,0.233,0.006,66.7,4.0,0
2334,47.73,0.00,1600.2,125.5,-1.3,4,9837,1.000,0.000,0.053,0.231,0.008,68.6,3.9,0
2335,47.75,0.00,1600.9,126.2,-1.3,4,9884,1.000,0.000,0.055,0.228,0.011,70.5,3.8,0
2336,47.77,0.00,1601.6,126.9,-1.2,4,9931,1.000,0.000,0.056,0.226,0.014,72.5,3.6,0
2337,47.79,0.00,1602.3,127.6,-1.2,4,9978,1.000,0.000,0.056,0.223,0.016,74.7,3.5,0
2338,47.81,0.00,1603.0,128.2,-1.2,4,10025,1.000,0.000,0.056,0.220,0.019,77.1,3.3,0
2339,47.83,0.00,1603.8,128.9,-1.1,4,10076,1.000,0.000,0.054,0.216,0.021,79.8,3.3,0
2340,47.85,0.00,1604.5,129.6,-1.1,4,10126,1.000,0.000,0.063,0.213,0.024,82.7,3.2,0
2341,47.87,0.00,1605.2,130.3,-1.1,4,10175,1.000,0.000,0.064,0.208,0.026,86.1,3.2,0
2342,47.89,0.00,1606.0,131.0,-1.1,4,10225,1.000,0.000,0.065,0.204,0.029,90.1,3.1,0
2343,47.91,0.00,1606.7,131.6,-1.1,4,10275,1.000,0.000,0.068,0.199,0.031,94.9,3.1,0
2344,47.93,0.00,1607.4,132.3,-1.2,4,10331,1.000,0.000,0.073,0.194,0.033,100.6,3.2,0
2345,47.95,0.00,1608.2,133.0,-1.2,4,10383,1.000,0.000,0.214,0.189,0.034,107.6,3.2,0
2346,47.97,0.00,1608.9,133.6,-1.1,4,10439,1.000,0.000,0.209,0.184,0.035,118.8,3.9,0
2347,47.99,0.00,1609.7,134.2,-1.3,4,10503,1.000,0.000,0.190,0.179,0.032,139.5,4.3,0
2348,48.01,0.00,1610.4,134.9,-1.7,4,10570,1.000,0.000,0.162,0.173,0.028,176.0,4.6,0
2349,48.03,0.00,1611.2,135.5,-2.1,4,10647,0.850,0.000,0.126,0.168,0.024,200.0,5.2,0
2350,48.05,0.00,1611.9,136.0,-2.6,4,10590,0.900,0.000,0.094,0.163,0.019,200.0,2.7,0
2351,48.07,0.00,1612.7,136.6,-2.9,4,10651,0.950,0.000,0.068,0.158,0.016,200.0,3.0,0
2352,48.09,0.00,1613.5,137.1,-3.1,4,10733,1.000,0.000,0.019,0.154,0.007,200.0,3.8,0
2353,48.11,0.00,1614.2,137.8,-3.2,4,10812,1.000,0.000,-0.019,0.150,0.001,200.0,4.6,0
2354,48.13,0.00,1615.0,138.4,-3.1,4,10839,1.000,0.000,-0.039,0.148,-0.003,200.0,3.9,0
2355,48.15,0.00,1615.8,139.1,-2.7,4,10865,1.000,0.000,-0.043,0.145,-0.003,200.0,3.2,0
2356,48.17,0.00,1616.5,139.8,-2.2,4,10897,1.000,0.000,-0.035,0.143,-0.002,200.0,2.7,0
2357,48.19,0.00,1617.3,140.5,-1.6,4,10933,1.000,0.000,-0.021,0.142,0.000,200.0,2.3,0
2358,48.21,0.00,1618.1,140.8,-1.0,5,9815,1.000,0.000,-0.006,0.141,0.003,200.0,-9.7,0
2359,48.23,0.00,1618.9,140.7,-0.5,5,9818,1.000,0.000,0.005,0.139,0.005,200.0,-10.4,0
2360,48.25,0.00,1619.7,140.5,-0.2,5,9373,1.000,0.000,0.010,0.138,0.005,200.0,-10.3,0
2361,48.27,0.00,1620.5,140.8,-0.0,5,9744,1.000,0.000,0.010,0.138,0.005,200.0,-0.7,0
2362,48.29,0.00,1621.2,141.3,-0.0,5,9806,1.000,0.000,0.007,0.137,0.005,200.0,0.2,0
2363,48.31,0.00,1622.0,142.0,-0.0,5,9790,1.000,0.000,0.003,0.136,0.004,200.0,-1.2,0
2364,48.33,0.00,1622.8,142.6,-0.0,5,9801,1.000,0.000,0.000,0.136,0.004,200.0,-2.1,0
2365,48.35,0.00,1623.6,143.1,-0.0,5,9844,1.000,0.000,-0.001,0.135,0.003,200.0,-2.0,0
2366,48.37,0.00,1624.4,143.7,-0.0,5,9902,1.000,0.000,-0.002,0.135,0.003,200.0,-1.5,0
2367,48.39,0.00,1625.2,144.2,0.0,5,9966,1.000,0.000,-0.002,0.134,0.003,200.0,-0.8,0
2368,48.41,0.00,1626.0,144.8,0.0,5,10024,1.000,0.000,-0.002,0.134,0.003,200.0,-0.3,0
2369,48.43,0.00,1626.8,145.4,0.1,5,10071,1.000,0.000,-0.001,0.133,0.003,200.0,-0.1,0
2370,48.45,0.00,1627.6,145.9,0.1,5,10110,1.000,0.000,-0.001,0.133,0.003,200.0,-0.1,0
2371,48.47,0.00,1628.4,146.5,0.1,5,10144,1.000,0.000,-0.000,0.133,0.003,200.0,-0.3,0
2372,48.49,0.00,1629.2,147.1,0.1,5,10170,1.000,0.000,-0.000,0.132,0.003,200.0,-0.6,0
2373,48.51,0.00,1630.1,147.7,0.1,5,10187,1.000,0.000,-0.001,0.132,0.003,200.0,-1.2,0
2374,48.53,0.00,1630.9,148.2,0.1,5,10223,1.000,0.000,-0.001,0.132,0.003,200.0,-1.4,0
2375,48.55,0.00,1631.7,148.8,0.1,5,10265,1.000,0.000,-0.001,0.131,0.003,200.0,-1.3,0
2376,48.57,0.00,1632.5,149.3,0.1,5,10312,1.000,0.000,-0.001,0.131,0.003,200.0,-1.1,0
2377,48.59,0.00,1633.4,149.9,0.1,5,10356,1.000,0.000,-0.001,0.130,0.003,200.0,-0.9,0
2378,48.61,0.00,1634.2,150.5,0.1,5,10398,1.000,0.000,-0.001,0.130,0.003,200.0,-0.8,0
2379,48.63,0.00,1635.0,151.0,0.1,5,10438,1.000,0.000,-0.001,0.130,0.003,200.0,-0.8,0
2380,48.65,0.00,1635.9,151.6,0.1,5,10476,1.000,0.000,-0.001,0.129,0.003,200.0,-0.8,0
2381,48.67,0.00,1636.7,152.1,0.1,5,10520,1.000,0.000,-0.000,0.129,0.003,200.0,-0.7,0
2382,48.69,0.00,1637.6,152.7,0.1,5,10571,1.000,0.000,-0.000,0.128,0.003,200.0,-0.3,0
2383,48.71,0.00,1638.4,153.2,0.1,5,10600,1.000,0.000,-0.000,0.128,0.003,200.0,-0.6,0
2384,48.73,0.00,1639.3,153.8,0.1,5,10630,1.000,0.000,-0.000,0.128,0.003,200.0,-0.8,0
2385,48.75,0.00,1640.1,154.4,0.1,5,10659,1.000,0.000,-0.000,0.127,0.003,200.0,-1.1,0
2386,48.77,0.00,1641.0,154.9,0.1,5,10690,1.000,0.000,-0.000,0.127,0.003,200.0,-1.3,0
2387,48.79,0.00,1641.8,155.5,0.1,5,10723,1.000,0.000,-0.001,0.126,0.003,200.0,-1.4,0
2388,48.81,0.00,1642.7,156.0,0.1,5,10759,1.000,0.000,-0.000,0.126,0.003,200.0,-1.5,0
2389,48.83,0.00,1643.6,156.6,0.1,5,10797,1.000,0.000,-0.000,0.126,0.003,200.0,-1.5,0
2390,48.85,0.00,1644.5,157.1,0.1,5,10856,1.000,0.000,-0.000,0.125,0.003,200.0,-1.0,0
2391,48.87,0.00,1645.3,157.7,0.1,5,10902,1.000,0.000,-0.000,0.125,0.003,200.0,-0.7,0
2392,48.89,0.00,1646.2,158.2,0.1,5,10929,1.000,0.000,-0.000,0.125,0.003,200.0,-1.0,0
2393,48.91,0.00,1647.1,158.8,0.1,5,10958,1.000,0.000,-0.000,0.124,0.003,200.0,-1.3,0
2394,48.93,0.00,1648.0,159.3,0.1,5,10987,1.000,0.000,-0.000,0.124,0.003,200.0,-1.5,0
2395,48.95,0.00,1648.9,159.9,0.1,5,11018,1.000,0.000,-0.000,0.123,0.003,200.0,-1.7,0
2396,48.97,0.00,1649.8,160.4,0.1,5,11050,0.990,0.000,-0.000,0.123,0.003,200.0,-1.9,0
2397,48.99,0.00,1650.7,161.0,0.1,5,11080,0.980,0.000,-0.001,0.123,0.003,200.0,-2.1,0
2398,49.01,0.00,1651.5,161.5,0.1,5,11110,0.970,0.000,-0.000,0.122,0.003,200.0,-2.3,0
2399,49.03,0.00,1652.4,162.0,0.1,5,11139,0.960,0.000,-0.000,0.122,0.003,200.0,-2.5,0
2400,49.05,0.00,1653.3,162.5,0.1,5,11170,0.950,0.000,-0.000,0.121,0.003,200.0,-2.6,0
2401,49.07,0.00,1654.2,163.0,0.1,5,11200,0.940,0.000,-0.000,0.121,0.003,200.0,-2.7,0
2402,49.09,0.00,1655.2,163.5,0.1,5,11230,0.930,0.000,-0.000,0.121,0.003,200.0,-2.8,0
2403,49.11,0.00,1656.1,164.0,0.1,5,11258,0.920,0.000,-0.000,0.120,0.003,200.0,-3.0,0
2404,49.13,0.00,1657.0,164.4,0.1,5,11284,0.910,0.000,-0.001,0.120,0.003,200.0,-3.1,0
2405,49.15,0.00,1657.9,164.9,0.1,5,11310,0.900,0.000,-0.000,0.119,0.003,200.0,-3.3,0
2406,49.17,0.00,1658.8,165.4,0.1,5,11336,0.890,0.000,-0.000,0.119,0.003,200.0,-3.5,0
2407,49.19,0.00,1659.7,165.8,0.1,5,11359,0.880,0.000,-0.000,0.119,0.003,200.0,-3.7,0
2408,49.21,0.00,1660.7,166.2,0.1,5,11383,0.870,0.000,-0.000,0.118,0.003,200.0,-3.9,0
2409,49.23,0.00,1661.6,166.7,0.1,5,11406,0.860,0.000,-0.000,0.118,0.003,200.0,-4.0,0
2410,49.25,0.00,1662.5,167.1,0.1,5,11430,0.850,0.000,-0.000,0.117,0.003,200.0,-4.2,0
2411,49.27,0.00,1663.4,167.5,0.1,5,11452,0.840,0.000,-0.000,0.117,0.003,200.0,-4.3,0
2412,49.29,0.00,1664.4,167.9,0.1,5,11474,0.830,0.000,-0.001,0.117,0.003,200.0,-4.5,0
2413,49.31,0.00,1665.3,168.3,0.1,5,11496,0.820,0.000,-0.000,0.116,0.003,200.0,-4.6,0
2414,49.33,0.00,1666.2,168.6,0.1,5,11517,0.810,0.000,-0.000,0.116,0.003,200.0,-4.8,0
2415,49.35,0.00,1667.2,169.0,0.1,5,11536,0.800,0.000,-0.000,0.115,0.003,200.0,-5.0,0
2416,49.37,0.00,1668.1,169.4,0.1,5,11556,0.790,0.000,-0.000,0.115,0.003,200.0,-5.1,0
2417,49.39,0.00,1669.0,169.7,0.1,5,11575,0.780,0.000,-0.000,0.114,0.003,200.0,-5.3,0
2418,49.41,0.00,1670.0,170.1,0.1,5,11593,0.770,0.000,-0.000,0.114,0.003,200.0,-5.4,0
2419,49.43,0.00,1670.9,170.1,0.1,6,10621,0.760,0.000,-0.000,0.114,0.003,200.0,-12.2,0
2420,49.45,0.00,1671.9,169.9,0.1,6,10620,0.750,0.000,-0.000,0.113,0.003,200.0,-12.6,0
2421,49.47,0.00,1672.8,169.7,0.1,5,11317,0.740,0.000,-0.000,0.113,0.003,200.0,-12.6,0
2422,49.49,0.00,1673.8,169.4,0.1,5,11312,0.730,0.000,-0.000,0.112,0.003,200.0,-12.6,0
2423,49.51,0.00,1674.7,169.2,0.1,5,11308,0.720,0.000,-0.000,0.112,0.003,200.0,-12.6,0
2424,49.53,0.00,1675.7,169.0,0.1,5,11264,0.710,0.000,-0.000,0.112,0.003,200.0,-12.7,0
2425,49.55,0.00,1676.6,169.1,0.1,5,11501,0.700,0.000,-0.000,0.111,0.003,200.0,-6.3,0
2426,49.57,0.00,1677.5,169.3,0.1,5,11519,0.690,0.000,-0.000,0.111,0.003,200.0,-6.1,0
2427,49.59,0.00,1678.5,169.6,0.1,5,11528,0.680,0.000,-0.000,0.110,0.003,200.0,-6.4,0
2428,49.61,0.00,1679.4,169.9,0.1,5,11537,0.670,0.000,-0.000,0.110,0.003,200.0,-6.6,0
2429,49.63,0.00,1680.4,170.1,0.1,5,11548,0.660,0.000,-0.000,0.110,0.003,200.0,-6.8,0
2430,49.65,0.00,1681.3,170.1,0.1,6,10580,0.650,0.000,-0.000,0.109,0.003,200.0,-12.3,0
2431,49.67,0.00,1682.2,169.9,0.0,6,10579,0.640,0.000,-0.001,0.109,0.003,200.0,-12.6,0
2432,49.69,0.00,1683.2,169.7,0.0,5,11317,0.630,0.000,-0.000,0.108,0.003,200.0,-12.6,0
2433,49.71,0.00,1684.1,169.4,0.1,5,11313,0.620,0.000,-0.000,0.108,0.003,200.0,-12.6,0
2434,49.73,0.00,1685.1,169.2,0.1,5,11308,0.610,0.000,-0.000,0.108,0.003,200.0,-12.6,0
2435,49.75,0.00,1686.0,169.0,0.1,5,11264,0.600,0.000,-0.000,0.107,0.003,200.0,-12.7,0
2436,49.77,0.00,1687.0,169.0,0.1,5,11453,0.590,0.000,0.000,0.107,0.003,200.0,-7.5,0
2437,49.79,0.00,1687.9,169.2,0.1,5,11464,0.580,0.000,0.000,0.106,0.003,200.0,-7.4,0
2438,49.81,0.00,1688.8,169.4,0.1,5,11468,0.570,0.000,0.000,0.106,0.003,200.0,-7.6,0
2439,49.83,0.00,1689.8,169.5,0.0,5,11473,0.560,0.000,0.000,0.106,0.003,200.0,-7.8,0
2440,49.85,0.00,1690.7,169.7,0.0,5,11478,0.550,0.000,0.000,0.105,0.003,200.0,-8.0,0
2441,49.87,0.00,1691.7,169.8,0.0,5,11484,0.540,0.000,0.000,0.105,0.003,200.0,-8.1,0
2442,49.89,0.00,1692.6,170.0,0.0,5,11490,0.530,0.000,0.000,0.104,0.003,200.0,-8.2,0
2443,49.91,0.00,1693.5,170.1,0.0,5,11496,0.520,0.000,0.000,0.104,0.003,200.0,-8.3,0
2444,49.93,0.00,1694.5,170.0,0.0,6,10534,0.510,0.000,0.000,0.104,0.003,200.0,-12.4,0
2445,49.95,0.00,1695.4,169.8,0.0,6,10534,0.500,0.000,0.000,0.103,0.003,200.0,-12.6,0
2446,49.97,0.00,1696.4,169.6,0.0,5,11312,0.490,0.000,0.000,0.103,0.003,200.0,-12.6,0
2447,49.99,0.00,1697.3,169.4,0.0,5,11308,0.480,0.000,0.000,0.102,0.003,200.0,-12.6,0
2448,50.01,0.00,1698.3,169.2,0.0,5,11304,0.470,0.000,0.000,0.102,0.003,200.0,-12.6,0
2449,50.03,0.00,1699.2,168.9,0.0,5,11259,0.460,0.000,0.000,0.102,0.003,200.0,-12.7,0
2450,50.05,0.00,1700.1,168.9,0.0,5,11389,0.450,0.000,0.000,0.101,0.003,200.0,-9.0,0
2451,50.07,0.00,1701.1,168.9,0.0,5,11392,0.440,0.000,0.000,0.101,0.003,200.0,-9.0,0
2452,50.09,0.00,1702.0,169.0,0.0,5,11390,0.430,0.000,0.000,0.100,0.003,200.0,-9.1,0
2453,50.11,0.00,1703.0,169.0,0.0,5,11388,0.420,0.000,0.001,0.100,0.003,200.0,-9.2,0
2454,50.13,0.00,1703.9,169.1,0.0,5,11386,0.410,0.000,0.000,0.100,0.003,200.0,-9.4,0
2455,50.15,0.00,1704.8,169.1,0.0,5,11385,0.400,0.000,0.000,0.099,0.003,200.0,-9.5,0
2456,50.17,0.00,1705.8,169.1,0.0,5,11383,0.390,0.000,0.000,0.099,0.003,200.0,-9.6,0
2457,50.19,0.00,1706.7,169.1,0.0,5,11381,0.380,0.000,0.000,0.098,0.003,200.0,-9.7,0
2458,50.21,0.00,1707.7,169.2,0.0,5,11378,0.370,0.000,0.000,0.098,0.003,200.0,-9.8,0
2459,50.23,0.00,1708.6,169.1,0.0,5,11374,0.360,0.000,0.000,0.098,0.003,200.0,-9.9,0
2460,50.25,0.00,1709.5,169.1,0.0,5,11369,0.350,0.000,0.000,0.097,0.003,200.0,-10.0,0
2461,50.27,0.00,1710.5,169.1,0.0,5,11364,0.340,0.000,0.000,0.097,0.003,200.0,-10.1,0
2462,50.29,0.00,1711.4,169.1,0.0,5,11358,0.330,0.000,0.000,0.097,0.003,200.0,-10.2,0
2463,50.31,0.00,1712.3,169.0,0.0,5,11352,0.320,0.000,0.001,0.096,0.003,200.0,-10.3,0
2464,50.33,0.00,1713.3,169.0,0.0,5,11346,0.310,0.000,0.000,0.096,0.003,200.0,-10.4,0
2465,50.35,0.00,1714.2,168.9,0.0,5,11338,0.300,0.000,0.000,0.095,0.003,200.0,-10.5,0
2466,50.37,0.00,1715.2,168.9,0.0,5,11330,0.290,0.000,0.000,0.095,0.003,200.0,-10.6,0
2467,50.39,0.00,1716.1,168.8,0.0,5,11322,0.280,0.000,0.000,0.095,0.003,200.0,-10.7,0
2468,50.41,0.00,1717.0,168.7,0.0,5,11313,0.270,0.000,0.000,0.094,0.003,200.0,-10.8,0
2469,50.43,0.00,1718.0,168.7,0.0,5,11304,0.260,0.000,0.000,0.094,0.003,200.0,-10.9,0
2470,50.45,0.00,1718.9,168.6,0.0,5,11294,0.250,0.000,0.000,0.093,0.003,200.0,-11.0,0
2471,50.47,0.00,1719.8,168.5,0.0,5,11284,0.240,0.000,0.001,0.093,0.003,200.0,-11.1,0
2472,50.49,0.00,1720.8,168.3,0.0,5,11273,0.230,0.000,0.000,0.093,0.003,200.0,-11.2,0
2473,50.51,0.00,1721.7,168.2,0.0,5,11261,0.220,0.000,0.000,0.092,0.003,200.0,-11.3,0
2474,50.53,0.00,1722.7,168.1,0.0,5,11249,0.210,0.000,0.000,0.092,0.003,200.0,-11.3,0
2475,50.55,0.00,1723.6,168.0,0.0,5,11236,0.200,0.000,0.000,0.091,0.003,200.0,-11.4,0
2476,50.57,0.00,1724.5,167.8,0.0,5,11223,0.190,0.000,0.001,0.091,0.003,200.0,-11.5,0
2477,50.59,0.00,1725.5,167.7,0.0,5,11209,0.180,0.000,0.001,0.091,0.002,200.0,-11.6,0
2478,50.61,0.00,1726.4,167.5,0.0,5,11195,0.170,0.000,0.000,0.090,0.002,200.0,-11.7,0
2479,50.63,0.00,1727.3,167.3,-0.0,5,11180,0.160,0.000,0.000,0.090,0.002,200.0,-11.8,0
2480,50.65,0.00,1728.2,167.2,-0.0,5,11165,0.150,0.000,0.000,0.089,0.002,200.0,-11.9,0
2481,50.67,0.00,1729.2,167.0,-0.0,5,11150,0.140,0.000,0.000,0.089,0.002,200.0,-12.0,0
2482,50.69,0.00,1730.1,166.8,-0.0,5,11133,0.130,0.000,0.000,0.089,0.002,200.0,-12.1,0
2483,50.71,0.00,1731.0,166.6,-0.0,5,11116,0.120,0.000,0.000,0.088,0.002,200.0,-12.2,0
2484,50.73,0.00,1732.0,166.4,-0.0,5,11099,0.110,0.000,0.000,0.088,0.002,200.0,-12.2,0
2485,50.75,0.00,1732.9,166.2,-0.0,5,11081,0.100,0.000,0.001,0.088,0.002,200.0,-12.3,0
2486,50.77,0.00,1733.8,166.0,0.0,5,11063,0.090,0.000,0.001,0.087,0.002,200.0,-12.4,0
2487,50.79,0.00,1734.7,165.7,-0.0,5,11044,0.080,0.000,0.000,0.087,0.002,200.0,-12.5,0
2488,50.81,0.00,1735.6,165.5,-0.0,5,11025,0.070,0.000,-0.000,0.087,0.002,200.0,-12.6,0
2489,50.83,0.00,1736.6,165.3,-0.0,5,11005,0.060,0.000,-0.000,0.086,0.002,200.0,-12.7,0
2490,50.85,0.00,1737.5,165.0,-0.0,5,10984,0.050,0.000,-0.000,0.086,0.002,200.0,-12.8,0
2491,50.87,0.00,1738.4,164.7,-0.0,5,10963,0.040,0.000,-0.000,0.086,0.002,200.0,-12.8,0
2492,50.89,0.00,1739.3,164.5,-0.0,5,10942,0.030,0.000,-0.001,0.085,0.002,200.0,-12.9,0
2493,50.91,0.00,1740.2,164.2,-0.0,5,10920,0.020,0.000,-0.001,0.085,0.002,200.0,-13.0,0
2494,50.93,0.00,1741.1,163.9,-0.0,5,10898,0.010,0.000,-0.001,0.085,0.002,199.8,-13.1,0
2495,50.95,0.00,1742.0,163.6,-0.0,5,10876,0.000,0.000,-0.001,0.084,0.002,198.9,-13.1,0
2496,50.97,0.00,1743.0,163.3,-0.0,5,10852,0.000,0.000,-0.001,0.084,0.002,198.0,-13.2,0
2497,50.99,0.00,1743.9,163.0,-0.0,5,10832,0.000,0.000,-0.001,0.084,0.002,197.1,-13.2,0
2498,51.01,0.00,1744.8,162.7,-0.0,5,10812,0.000,0.000,-0.001,0.083,0.002,196.2,-13.2,0
2499,51.03,0.00,1745.7,162.4,-0.0,5,10792,0.000,0.000,-0.001,0.083,0.002,195.3,-13.2,0
2500,51.05,0.00,1746.6,162.1,-0.0,5,10772,0.000,0.000,-0.001,0.083,0.002,194.4,-13.2,0
2501,51.07,0.00,1747.5,161.8,-0.0,5,10753,0.000,0.000,-0.001,0.083,0.002,193.5,-13.1,0
2502,51.09,0.00,1748.4,161.6,-0.0,5,10733,0.000,0.000,-0.001,0.082,0.002,192.6,-13.1,0
2503,51.11,0.00,1749.3,161.3,-0.0,5,10714,0.000,0.000,-0.001,0.082,0.002,191.7,-13.1,0
2504,51.13,0.00,1750.2,161.0,-0.0,5,10695,0.000,0.000,-0.001,0.082,0.002,190.8,-13.0,0
2505,51.15,0.00,1751.0,160.7,-0.0,5,10676,0.000,0.000,-0.001,0.081,0.002,189.9,-13.0,0
2506,51.17,0.00,1751.9,160.4,-0.0,5,10656,0.000,0.000,-0.001,0.081,0.002,189.0,-13.0,0
2507,51.19,0.00,1752.8,160.1,-0.0,5,10637,0.000,0.000,-0.002,0.081,0.002,188.1,-13.0,0
2508,51.21,0.00,1753.7,159.8,-0.0,5,10618,0.050,0.000,-0.002,0.081,0.002,187.2,-12.9,0
2509,51.23,0.00,1754.6,159.5,-0.0,5,10618,0.100,0.000,-0.001,0.080,0.002,186.3,-12.4,0
2510,51.25,0.00,1755.5,159.3,-0.0,5,10622,0.150,0.000,-0.001,0.080,0.002,185.4,-11.9,0
2511,51.27,0.00,1756.4,159.1,-0.0,5,10629,0.200,0.000,-0.000,0.080,0.002,184.4,-11.3,0
2512,51.29,0.00,1757.3,159.0,-0.0,5,10638,0.250,0.000,0.000,0.079,0.002,183.5,-10.8,0
2513,51.31,0.00,1758.1,158.9,0.0,5,10650,0.300,0.000,0.000,0.079,0.002,182.6,-10.3,0
2514,51.33,0.00,1759.0,158.9,0.0,5,10664,0.350,0.000,0.000,0.079,0.002,181.7,-9.8,0
2515,51.35,0.00,1759.9,158.8,0.0,5,10682,0.400,0.000,0.000,0.079,0.002,180.8,-9.2,0
2516,51.37,0.00,1760.8,158.9,0.0,5,10702,0.450,0.000,0.000,0.078,0.002,179.9,-8.7,0
2517,51.39,0.00,1761.7,158.9,0.0,5,10725,0.500,0.000,0.000,0.078,0.002,179.0,-8.2,0
2518,51.41,0.00,1762.6,159.1,0.0,5,10752,0.550,0.000,0.000,0.078,0.002,178.2,-7.7,0
2519,51.43,0.00,1763.4,159.2,0.0,5,10782,0.600,0.000,0.000,0.078,0.002,177.3,-7.1,0
2520,51.45,0.00,1764.3,159.4,0.0,5,10815,0.650,0.000,0.000,0.077,0.002,176.4,-6.6,0
2521,51.47,0.00,1765.2,159.6,0.0,5,10850,0.700,0.000,0.000,0.077,0.002,175.5,-6.0,0
2522,51.49,0.00,1766.1,159.9,0.0,5,10887,0.750,0.000,0.000,0.077,0.002,174.6,-5.5,0
2523,51.51,0.00,1767.0,160.2,0.0,5,10928,0.740,0.000,0.000,0.076,0.002,173.7,-5.0,0
2524,51.53,0.00,1767.9,160.6,-0.0,5,10945,0.730,0.000,0.000,0.076,0.002,172.8,-5.1,0
2525,51.55,0.00,1768.8,160.9,-0.0,5,10961,0.720,0.000,0.000,0.076,0.002,171.9,-5.3,0
2526,51.57,0.00,1769.7,161.2,-0.0,5,10978,0.710,0.000,0.000,0.076,0.002,171.0,-5.4,0
2527,51.59,0.00,1770.6,161.5,-0.0,5,11000,0.700,0.000,0.000,0.075,0.002,170.1,-5.4,0
2528,51.61,0.00,1771.5,161.8,-0.0,5,11017,0.690,0.000,0.001,0.075,0.002,169.1,-5.5,0
2529,51.63,0.00,1772.4,162.1,0.0,5,11029,0.680,0.000,0.000,0.075,0.002,168.2,-5.7,0
2530,51.65,0.00,1773.3,162.3,-0.0,5,11042,0.670,0.000,0.000,0.074,0.002,167.3,-5.9,0
2531,51.67,0.00,1774.2,162.6,-0.0,5,11054,0.660,0.000,0.000,0.074,0.002,166.4,-6.0,0
2532,51.69,0.00,1775.1,162.9,-0.0,5,11066,0.650,0.000,0.000,0.074,0.002,165.5,-6.2,0
2533,51.71,0.00,1776.0,163.1,-0.0,5,11078,0.640,0.000,0.000,0.074,0.002,164.6,-6.3,0
2534,51.73,0.00,1776.9,163.3,-0.0,5,11090,0.630,0.000,0.000,0.073,0.002,163.7,-6.5,0
2535,51.75,0.00,1777.8,163.6,-0.0,5,11110,0.620,0.000,0.000,0.073,0.002,162.8,-6.4,0
2536,51.77,0.00,1778.7,163.8,-0.0,5,11122,0.610,0.000,0.000,0.073,0.002,161.8,-6.5,0
2537,51.79,0.00,1779.6,164.0,-0.0,5,11128,0.600,0.000,0.000,0.072,0.002,160.9,-6.7,0
2538,51.81,0.00,1780.5,164.2,-0.0,5,11135,0.590,0.000,0.000,0.072,0.002,160.0,-6.9,0
2539,51.83,0.00,1781.4,164.4,-0.0,5,11142,0.580,0.000,0.000,0.072,0.002,159.1,-7.1,0
2540,51.85,0.00,1782.3,164.6,-0.0,5,11150,0.570,0.000,0.000,0.072,0.002,158.1,-7.2,0
2541,51.87,0.00,1783.3,164.8,-0.0,5,11157,0.560,0.000,0.001,0.071,0.002,157.2,-7.4,0
2542,51.89,0.00,1784.2,164.9,0.0,5,11164,0.550,0.000,0.000,0.071,0.002,156.3,-7.5,0
2543,51.91,0.00,1785.1,165.1,-0.0,5,11183,0.540,0.000,0.004,0.071,0.002,155.4,-7.3,0
2544,51.93,0.00,1786.0,165.2,0.0,5,11188,0.530,0.000,0.003,0.071,0.002,154.5,-7.4,0
2545,51.95,0.00,1786.9,165.4,-0.0,5,11189,0.520,0.000,0.002,0.070,0.001,153.6,-7.7,0
2546,51.97,0.00,1787.8,165.5,-0.0,5,11192,0.510,0.000,0.000,0.070,0.001,152.7,-7.9,0
2547,51.99,0.00,1788.8,165.6,-0.0,5,11194,0.500,0.000,-0.000,0.070,0.001,151.8,-8.1,0
2548,52.01,0.00,1789.7,165.8,-0.0,5,11197,0.490,0.000,-0.001,0.070,0.001,150.9,-8.2,0
2549,52.03,0.00,1790.6,165.9,-0.0,5,11200,0.480,0.000,-0.001,0.070,0.001,150.0,-8.3,0
2550,52.05,0.00,1791.5,166.0,-0.0,5,11203,0.470,0.000,-0.001,0.069,0.001,149.0,-8.4,0
2551,52.07,0.00,1792.5,166.1,-0.0,5,11218,0.460,0.000,-0.000,0.069,0.001,148.1,-8.2,0
2552,52.09,0.00,1793.4,166.1,-0.0,5,11217,0.450,0.000,0.000,0.069,0.001,147.1,-8.4,0
2553,52.11,0.00,1794.3,166.2,0.0,5,11214,0.440,0.000,0.000,0.069,0.001,146.2,-8.6,0
2554,52.13,0.00,1795.2,166.3,0.0,5,11212,0.430,0.000,0.000,0.069,0.001,145.2,-8.8,0
2555,52.15,0.00,1796.2,166.3,0.0,5,11210,0.420,0.000,0.000,0.068,0.001,144.3,-9.0,0
2556,52.17,0.00,1797.1,166.4,0.0,5,11209,0.410,0.000,0.000,0.068,0.001,143.4,-9.1,0
2557,52.19,0.00,1798.0,166.4,0.0,5,11207,0.400,0.000,0.000,0.068,0.001,142.4,-9.2,0
2558,52.21,0.00,1798.9,166.5,0.0,5,11206,0.390,0.000,0.000,0.068,0.001,141.5,-9.3,0
2559,52.23,0.00,1799.8,166.5,0.0,5,11216,0.380,0.000,0.000,0.068,0.001,140.6,-9.1,0
2560,52.25,0.00,1800.8,166.5,0.0,5,11210,0.370,0.000,0.000,0.068,0.001,139.6,-9.3,0
2561,52.27,0.00,1801.7,166.5,0.0,5,11203,0.360,0.000,0.000,0.067,0.001,138.7,-9.5,0
2562,52.29,0.00,1802.6,166.5,0.0,5,11197,0.350,0.000,0.000,0.067,0.001,137.8,-9.7,0
2563,52.31,0.00,1803.5,166.5,0.0,5,11191,0.340,0.000,0.000,0.067,0.001,136.8,-9.8,0
2564,52.33,0.00,1804.5,166.5,0.0,5,11185,0.330,0.000,0.000,0.067,0.001,135.9,-10.0,0
2565,52.35,0.00,1805.4,166.5,0.0,5,11180,0.320,0.000,0.000,0.067,0.001,134.9,-10.1,0
2566,52.37,0.00,1806.3,166.4,-0.0,5,11175,0.310,0.000,0.000,0.066,0.001,134.0,-10.2,0
2567,52.39,0.00,1807.2,166.4,-0.0,5,11176,0.300,0.000,0.000,0.066,0.001,133.1,-10.0,0
2568,52.41,0.00,1808.2,166.3,-0.0,5,11166,0.290,0.000,0.000,0.066,0.001,132.1,-10.2,0
2569,52.43,0.00,1809.1,166.3,-0.0,5,11157,0.280,0.000,0.000,0.066,0.001,131.2,-10.4,0
2570,52.45,0.00,1810.0,166.2,-0.0,5,11147,0.270,0.000,0.000,0.066,0.001,130.3,-10.5,0
2571,52.47,0.00,1810.9,166.1,-0.0,5,11138,0.260,0.000,0.000,0.066,0.001,129.3,-10.7,0
2572,52.49,0.00,1811.9,166.1,-0.0,5,11128,0.250,0.000,0.000,0.065,0.001,128.4,-10.8,0
2573,52.51,0.00,1812.8,166.0,-0.0,5,11118,0.240,0.000,0.000,0.065,0.001,127.5,-10.9,0
2574,52.53,0.00,1813.7,165.9,-0.0,5,11108,0.230,0.000,-0.000,0.065,0.001,126.5,-11.0,0
2575,52.55,0.00,1814.6,165.8,-0.0,5,11102,0.220,0.000,-0.000,0.065,0.001,125.6,-10.9,0
2576,52.57,0.00,1815.5,165.7,0.0,5,11090,0.210,0.000,-0.000,0.065,0.001,124.7,-11.1,0
2577,52.59,0.00,1816.5,165.5,0.0,5,11077,0.200,0.000,-0.000,0.064,0.001,123.7,-11.2,0
2578,52.61,0.00,1817.4,165.4,0.0,5,11064,0.190,0.000,-0.000,0.064,0.001,122.8,-11.3,0
2579,52.63,0.00,1818.3,165.3,0.0,5,11050,0.180,0.000,-0.000,0.064,0.001,121.9,-11.4,0
2580,52.65,0.00,1819.2,165.1,0.0,5,11037,0.170,0.000,-0.000,0.064,0.001,121.0,-11.5,0
2581,52.67,0.00,1820.2,165.0,0.0,5,11023,0.160,0.000,-0.000,0.064,0.001,120.0,-11.6,0
2582,52.69,0.00,1821.1,164.8,0.0,5,11009,0.150,0.000,-0.000,0.064,0.001,119.1,-11.7,0
2583,52.71,0.00,1822.0,164.7,0.0,5,10996,0.140,0.000,-0.001,0.063,0.001,118.2,-11.7,0
2584,52.73,0.00,1822.9,164.5,0.0,5,10980,0.130,0.000,-0.000,0.063,0.001,117.2,-11.8,0
2585,52.75,0.00,1823.8,164.3,0.0,5,10964,0.120,0.000,-0.000,0.063,0.001,116.3,-11.9,0
2586,52.77,0.00,1824.7,164.1,0.0,5,10947,0.110,0.000,-0.000,0.063,0.001,115.4,-12.0,0
2587,52.79,0.00,1825.6,163.9,0.0,5,10930,0.100,0.000,-0.000,0.063,0.001,114.5,-12.1,0
2588,52.81,0.00,1826.5,163.7,0.0,5,10913,0.090,0.000,-0.000,0.063,0.001,113.5,-12.2,0
2589,52.83,0.00,1827.5,163.5,0.0,5,10895,0.080,0.000,-0.001,0.062,0.001,112.6,-12.3,0
2590,52.85,0.00,1828.3,163.3,0.0,5,10877,0.070,0.000,-0.001,0.062,0.001,111.7,-12.4,0
2591,52.87,0.00,1829.3,163.0,0.0,5,10857,0.060,0.000,-0.000,0.062,0.001,110.8,-12.5,0
2592,52.89,0.00,1830.2,162.8,0.0,5,10838,0.050,0.000,-0.000,0.062,0.001,109.9,-12.6,0
2593,52.91,0.00,1831.1,162.6,0.0,5,10818,0.040,0.000,-0.001,0.062,0.001,109.0,-12.7,0
2594,52.93,0.00,1832.0,162.3,0.0,5,10798,0.030,0.000,-0.001,0.062,0.001,108.1,-12.7,0
2595,52.95,0.00,1832.9,162.1,-0.0,5,10777,0.020,0.000,-0.001,0.061,0.001,107.1,-12.8,0
2596,52.97,0.00,1833.8,161.8,-0.0,5,10756,0.010,0.000,-0.001,0.061,0.001,106.2,-12.9,0
2597,52.99,0.00,1834.7,161.5,-0.0,5,10734,0.000,0.000,-0.001,0.061,0.001,105.3,-13.0,0
2598,53.01,0.00,1835.6,161.2,-0.0,5,10712,0.000,0.000,-0.001,0.061,0.001,104.4,-13.1,0
2599,53.03,0.00,1836.5,161.0,-0.0,5,10692,0.000,0.000,0.006,0.061,0.001,103.5,-13.1,0
2600,53.05,0.00,1837.3,160.7,0.0,5,10673,0.000,0.000,0.004,0.061,0.001,102.7,-13.1,0
2601,53.07,0.00,1838.2,160.4,-0.0,5,10655,0.000,0.000,0.002,0.060,0.000,101.8,-13.0,0
2602,53.09,0.00,1839.1,160.1,-0.1,5,10637,0.000,0.000,-0.000,0.060,-0.000,101.0,-13.0,0
2603,53.11,0.00,1840.0,159.8,-0.1,5,10619,0.050,0.000,-0.002,0.060,-0.000,100.1,-12.9,0
2604,53.13,0.00,1840.9,159.6,-0.1,5,10620,0.100,0.000,-0.003,0.060,-0.001,99.3,-12.4,0
2605,53.15,0.00,1841.8,159.4,-0.1,5,10625,0.150,0.000,-0.003,0.060,-0.001,98.4,-11.9,0
2606,53.17,0.00,1842.7,159.2,-0.0,5,10632,0.200,0.000,-0.002,0.060,-0.000,97.4,-11.3,0
2607,53.19,0.00,1843.6,159.1,-0.0,5,10642,0.250,0.000,-0.001,0.060,-0.000,96.5,-10.8,0
2608,53.21,0.00,1844.5,159.0,0.0,5,10657,0.300,0.000,-0.001,0.061,-0.000,95.6,-10.2,0
2609,53.23,0.00,1845.3,158.9,0.0,5,10672,0.350,0.000,-0.000,0.061,0.000,94.7,-9.7,0
2610,53.25,0.00,1846.2,158.9,0.1,5,10690,0.400,0.000,0.000,0.060,0.000,93.8,-9.2,0
2611,53.27,0.00,1847.1,159.0,0.1,5,10710,0.450,0.000,0.000,0.060,0.000,92.9,-8.7,0
2612,53.29,0.00,1848.0,159.1,0.1,5,10733,0.500,0.000,0.000,0.061,0.000,92.0,-8.2,0
2613,53.31,0.00,1848.9,159.2,0.1,5,10759,0.550,0.000,-0.000,0.061,0.000,91.1,-7.7,0
2614,53.33,0.00,1849.8,159.4,0.1,5,10788,0.600,0.000,-0.000,0.061,0.000,90.2,-7.2,0
2615,53.35,0.00,1850.6,159.6,0.1,5,10821,0.650,0.000,-0.000,0.061,0.000,89.3,-6.7,0
2616,53.37,0.00,1851.5,159.8,0.1,5,10862,0.700,0.000,-0.000,0.061,0.000,88.4,-6.0,0
2617,53.39,0.00,1852.4,160.1,0.1,5,10904,0.000,0.008,-0.000,0.061,0.000,87.5,-5.4,0
2618,53.41,0.00,1853.3,160.0,0.1,5,10634,0.000,0.045,-0.000,0.061,0.000,86.6,-12.4,0
2619,53.43,0.00,1854.2,159.7,0.1,5,10590,0.000,0.067,-0.001,0.061,0.000,85.7,-11.9,0
2620,53.45,0.00,1855.1,159.2,0.0,5,10552,0.000,0.085,-0.002,0.061,-0.000,84.8,-11.4,0
2621,53.47,0.00,1856.0,158.7,0.0,5,10510,0.000,0.100,-0.002,0.061,-0.000,83.9,-11.0,0
2622,53.49,0.00,1856.8,158.2,0.0,5,10468,0.000,0.114,-0.002,0.061,-0.000,83.1,-10.7,0
2623,53.51,0.00,1857.7,157.6,0.0,5,10423,0.000,0.125,-0.002,0.061,-0.000,82.2,-10.4,0
2624,53.53,0.00,1858.6,157.0,0.0,5,10377,0.000,0.135,-0.002,0.061,-0.000,81.3,-10.1,0
2625,53.55,0.00,1859.5,156.3,0.0,5,10328,0.000,0.144,-0.002,0.061,0.000,80.4,-9.9,0
2626,53.57,0.00,1860.3,155.6,0.1,5,10280,0.000,0.152,-0.002,0.061,0.000,79.5,-9.6,0
2627,53.59,0.00,1861.2,155.0,0.1,5,10232,0.000,0.158,-0.001,0.061,0.000,78.6,-9.4,0
2628,53.61,0.00,1862.0,154.2,0.1,5,10182,0.000,0.164,-0.001,0.061,0.000,77.7,-9.1,0
2629,53.63,0.00,1862.9,153.5,0.1,5,10132,0.000,0.168,-0.001,0.061,0.000,76.9,-8.9,0
2630,53.65,0.00,1863.8,152.8,0.1,5,10081,0.000,0.172,-0.002,0.061,0.000,76.0,-8.7,0
2631,53.67,0.00,1864.6,152.0,0.1,5,10030,0.000,0.176,-0.002,0.061,0.000,75.2,-8.6,0
2632,53.69,0.00,1865.4,151.3,0.1,5,9978,0.000,0.179,-0.002,0.061,0.000,74.3,-8.4,0
2633,53.71,0.00,1866.3,150.5,0.1,5,9925,0.000,0.182,-0.002,0.061,0.000,73.5,-8.3,0
2634,53.73,0.00,1867.1,149.7,0.1,5,9871,0.000,0.185,-0.002,0.061,0.000,72.6,-8.2,0
2635,53.75,0.00,1867.9,148.9,0.1,5,9819,0.000,0.187,-0.001,0.061,0.000,71.8,-8.1,0
2636,53.77,0.00,1868.8,148.2,0.1,5,9767,0.000,0.189,-0.001,0.061,0.000,70.9,-8.0,0
2637,53.79,0.00,1869.6,147.4,0.1,5,9714,0.000,0.191,-0.001,0.061,0.000,70.1,-7.9,0
2638,53.81,0.00,1870.4,146.6,0.1,5,9661,0.000,0.192,-0.001,0.061,0.000,69.3,-7.8,0
2639,53.83,0.00,1871.2,145.8,0.1,5,9608,0.000,0.193,-0.001,0.061,0.000,68.5,-7.7,0
2640,53.85,0.00,1872.0,145.0,0.1,5,9555,0.000,0.195,-0.001,0.061,0.000,67.6,-7.6,0
2641,53.87,0.00,1872.8,144.2,0.1,5,9502,0.000,0.196,-0.001,0.062,0.000,66.8,-7.5,0
2642,53.89,0.00,1873.6,143.4,0.1,5,9448,0.000,0.197,0.013,0.062,0.000,66.0,-7.4,0
2643,53.91,0.00,1874.4,142.6,0.1,5,9394,0.000,0.196,0.011,0.062,-0.000,65.3,-7.3,0
2644,53.93,0.00,1875.2,141.8,0.1,5,9343,0.000,0.194,0.007,0.062,-0.001,64.5,-7.3,0
2645,53.95,0.00,1876.0,141.0,0.0,5,9292,0.000,0.191,0.002,0.062,-0.002,63.8,-7.2,0
2646,53.97,0.00,1876.8,140.2,-0.0,5,9242,0.000,0.190,-0.001,0.062,-0.003,63.1,-7.3,0
2647,53.99,0.00,1877.5,139.5,-0.1,5,9192,0.000,0.191,-0.003,0.063,-0.003,62.3,-7.2,0
2648,54.01,0.00,1878.3,138.7,-0.0,4,10197,0.000,0.195,-0.004,0.063,-0.003,61.6,-6.4,0
2649,54.03,0.00,1879.1,138.0,-0.0,4,10168,0.000,0.200,-0.004,0.063,-0.003,60.8,-6.2,0
2650,54.05,0.00,1879.9,137.3,0.0,4,10056,0.000,0.206,-0.003,0.064,-0.003,60.0,-6.9,0
2651,54.07,0.00,1880.6,136.4,0.1,4,9985,0.000,0.207,-0.002,0.064,-0.003,59.2,-7.0,0
2652,54.09,0.00,1881.4,135.6,0.1,4,9922,0.000,0.208,-0.001,0.064,-0.002,58.4,-7.0,0
2653,54.11,0.00,1882.1,134.8,0.1,4,9860,0.000,0.209,0.000,0.065,-0.002,57.6,-6.9,0
2654,54.13,0.00,1882.9,133.9,0.2,4,9797,0.000,0.209,0.001,0.065,-0.002,56.9,-6.9,0
2655,54.15,0.00,1883.6,133.1,0.2,4,9736,0.000,0.210,0.002,0.066,-0.002,56.1,-6.8,0
2656,54.17,0.00,1884.3,132.3,0.2,4,9674,0.000,0.209,0.002,0.066,-0.002,55.3,-6.7,0
2657,54.19,0.00,1885.1,131.4,0.2,4,9614,0.000,0.209,0.001,0.066,-0.002,54.6,-6.7,0
2658,54.21,0.00,1885.8,130.6,0.2,4,9553,0.000,0.209,0.001,0.067,-0.002,53.9,-6.6,0
2659,54.23,0.00,1886.5,129.8,0.2,4,9493,0.000,0.209,0.001,0.067,-0.002,53.1,-6.6,0
2660,54.25,0.00,1887.2,129.0,0.2,4,9432,0.000,0.209,0.001,0.067,-0.002,52.4,-6.5,0
2661,54.27,0.00,1888.0,128.1,0.2,4,9373,0.000,0.210,0.001,0.068,-0.002,51.7,-6.4,0
2662,54.29,0.00,1888.7,127.3,0.2,4,9313,0.000,0.210,0.000,0.068,-0.001,51.0,-6.3,0
2663,54.31,0.00,1889.4,126.5,0.2,4,9254,0.000,0.211,0.001,0.068,-0.001,50.3,-6.2,0
2664,54.33,0.00,1890.1,125.7,0.2,4,9193,0.000,0.212,0.001,0.069,-0.001,49.5,-6.1,0
2665,54.35,0.00,1890.8,124.9,0.2,4,9133,0.000,0.213,0.001,0.069,-0.001,48.8,-6.0,0
2666,54.37,0.00,1891.5,124.1,0.2,4,9073,0.000,0.213,0.001,0.069,-0.001,48.1,-5.9,0
2667,54.39,0.00,1892.2,123.2,0.2,4,9013,0.000,0.214,0.001,0.070,-0.001,47.4,-5.9,0
2668,54.41,0.00,1892.8,122.4,0.2,4,8953,0.000,0.215,0.001,0.070,-0.001,46.8,-5.8,0
2669,54.43,0.00,1893.5,121.6,0.2,4,8893,0.000,0.216,0.001,0.070,-0.001,46.1,-5.8,0
2670,54.45,0.00,1894.2,120.8,0.2,4,8833,0.000,0.216,0.035,0.071,-0.001,45.4,-5.7,0
2671,54.47,0.00,1894.8,120.0,0.3,4,8774,0.000,0.214,0.031,0.071,-0.002,44.8,-5.5,0
2672,54.49,0.00,1895.5,119.2,0.2,4,8716,0.000,0.208,0.022,0.072,-0.004,44.2,-5.5,0
2673,54.51,0.00,1896.2,118.4,0.1,4,8661,0.000,0.202,0.013,0.072,-0.006,43.7,-5.5,0
2674,54.53,0.00,1896.8,117.6,0.0,4,8609,0.000,0.199,0.004,0.073,-0.007,43.1,-5.6,0
2675,54.55,0.00,1897.5,116.9,-0.1,4,8555,0.000,0.198,-0.002,0.074,-0.008,42.5,-5.6,0
2676,54.57,0.00,1898.1,116.1,-0.1,4,8500,0.000,0.200,-0.005,0.075,-0.009,41.9,-5.6,0
2677,54.59,0.00,1898.8,115.4,-0.1,4,8444,0.000,0.203,-0.006,0.076,-0.009,41.3,-5.5,0
2678,54.61,0.00,1899.4,114.6,-0.0,4,8387,0.000,0.207,-0.006,0.076,-0.009,40.6,-5.4,0
2679,54.63,0.00,1900.0,113.8,0.0,4,8330,0.000,0.212,-0.005,0.077,-0.009,39.9,-5.2,0
2680,54.65,0.00,1900.7,113.1,0.1,4,8271,0.000,0.216,-0.004,0.078,-0.009,39.3,-5.1,0
2681,54.67,0.00,1901.3,112.3,0.1,4,8212,0.000,0.219,-0.003,0.079,-0.008,38.6,-5.1,0
2682,54.69,0.00,1901.9,111.5,0.1,4,8153,0.000,0.222,-0.002,0.080,-0.008,38.0,-4.9,0
2683,54.71,0.00,1902.5,110.7,0.1,4,8093,0.000,0.225,-0.002,0.081,-0.008,37.4,-4.8,0
2684,54.73,0.00,1903.2,109.9,0.1,4,8033,0.000,0.227,-0.001,0.082,-0.008,36.7,-4.6,0
2685,54.75,0.00,1903.8,109.1,0.2,3,9846,0.000,0.229,-0.001,0.083,-0.008,36.1,-3.9,0
2686,54.77,0.00,1904.4,108.3,0.2,3,9819,0.000,0.233,-0.000,0.084,-0.008,35.5,-3.7,0
2687,54.79,0.00,1905.0,107.5,0.2,3,9641,0.000,0.235,0.000,0.085,-0.008,34.9,-4.5,0
2688,54.81,0.00,1905.6,106.7,0.2,3,9548,0.000,0.234,0.001,0.086,-0.008,34.3,-4.7,0
2689,54.83,0.00,1906.2,105.8,0.2,3,9467,0.000,0.232,0.003,0.087,-0.007,33.7,-4.8,0
2690,54.85,0.00,1906.7,104.9,0.2,3,9389,0.000,0.230,0.155,0.088,-0.007,33.1,-4.9,0
2691,54.87,0.00,1907.3,104.1,0.5,3,9316,0.000,0.223,0.145,0.089,-0.009,32.6,-3.3,0
2692,54.89,0.00,1907.9,103.2,0.4,3,9245,0.000,0.202,0.117,0.090,-0.015,32.3,-3.5,0
2693,54.91,0.00,1908.5,102.4,0.2,3,9180,0.000,0.179,0.083,0.092,-0.022,32.1,-4.6,0
2694,54.93,0.00,1909.0,101.7,-0.1,3,9125,0.000,0.161,0.050,0.095,-0.029,31.8,-5.6,0
2695,54.95,0.00,1909.6,101.0,-0.3,3,9075,0.000,0.150,0.022,0.098,-0.034,31.5,-6.0,0
2696,54.97,0.00,1910.2,100.4,-0.5,3,9028,0.000,0.147,0.002,0.101,-0.038,31.1,-6.1,0
2697,54.99,0.00,1910.7,99.8,-0.5,3,8978,0.000,0.151,-0.010,0.104,-0.041,30.6,-6.1,0
2698,55.01,0.00,1911.3,99.1,-0.5,3,8925,0.000,0.159,-0.016,0.107,-0.041,30.1,-5.9,0
2699,55.03,0.00,1911.8,98.5,-0.4,3,8870,0.000,0.170,-0.017,0.110,-0.041,29.6,-5.6,0
2700,55.05,0.00,1912.3,97.9,-0.3,3,8807,0.000,0.181,-0.016,0.114,-0.041,29.0,-5.4,0
2701,55.07,0.00,1912.9,97.2,-0.1,3,8741,0.000,0.191,-0.013,0.117,-0.040,28.4,-5.1,0
2702,55.09,0.00,1913.4,96.5,-0.0,3,8672,0.000,0.201,-0.010,0.121,-0.039,27.8,-4.9,0
2703,55.11,0.00,1914.0,95.8,0.0,3,8600,0.000,0.209,-0.007,0.124,-0.038,27.2,-4.6,0
2704,55.13,0.00,1914.5,95.0,0.1,3,8527,0.000,0.215,-0.005,0.128,-0.038,26.7,-4.4,0
2705,55.15,0.00,1915.0,94.3,0.1,3,8455,0.000,0.221,-0.003,0.131,-0.037,26.1,-4.2,0
2706,55.17,0.00,1915.5,93.5,0.2,3,8381,0.000,0.225,-0.002,0.135,-0.037,25.6,-4.1,0
2707,55.19,0.00,1916.0,92.7,0.2,3,8308,0.000,0.228,-0.001,0.138,-0.036,25.0,-3.8,0
2708,55.21,0.00,1916.6,91.9,0.2,3,8234,0.000,0.231,-0.001,0.141,-0.036,24.5,-3.9,0
2709,55.23,0.00,1917.1,91.1,0.2,3,8161,0.000,0.233,-0.000,0.144,-0.036,24.0,-4.0,0
2710,55.25,0.00,1917.6,90.2,0.2,3,8087,0.000,0.234,0.046,0.147,-0.026,23.5,-4.0,0
2711,55.27,0.00,1918.1,89.4,0.3,3,8015,0.000,0.233,0.115,0.149,-0.012,23.0,-3.9,0
2712,55.29,0.00,1918.6,88.6,0.5,3,7945,0.000,0.226,0.172,0.150,0.000,22.6,-3.3,0
2713,55.31,0.00,1919.1,87.8,0.5,3,7874,0.000,0.212,0.216,0.150,0.009,22.3,-2.8,0
2714,55.33,0.00,1919.6,87.0,0.5,3,7814,0.000,0.191,0.247,0.150,0.016,22.1,-2.5,0
2715,55.35,0.00,1920.1,86.3,0.5,3,7759,0.000,0.167,0.269,0.149,0.020,22.0,-2.6,0
2716,55.37,0.00,1920.6,85.6,0.4,3,7709,0.000,0.142,0.283,0.147,0.023,21.9,-3.0,0
2717,55.39,0.00,1921.1,85.0,0.2,3,7665,0.000,0.117,0.291,0.146,0.024,21.8,-3.4,0
2718,55.41,0.00,1921.6,84.5,0.1,3,7629,0.000,0.094,0.296,0.144,0.025,21.8,-3.7,0
2719,55.43,0.00,1922.0,84.1,-0.1,3,7598,0.000,0.073,0.299,0.142,0.025,21.7,-4.3,0
2720,55.45,0.00,1922.5,83.7,-0.2,3,7571,0.000,0.054,0.299,0.140,0.024,21.7,-4.9,0
2721,55.47,0.00,1923.0,83.3,-0.3,3,7550,0.000,0.035,0.297,0.138,0.024,21.7,-5.4,0
2722,55.49,0.00,1923.5,83.0,-0.4,3,7533,0.000,0.019,0.293,0.135,0.022,21.8,-5.9,0
2723,55.51,0.00,1923.9,82.8,-0.5,3,7520,0.000,0.004,0.288,0.133,0.021,21.8,-6.2,0
2724,55.53,0.00,1924.4,82.6,-0.7,3,7508,0.050,0.000,0.281,0.131,0.019,21.8,-6.6,0
2725,55.55,0.00,1924.9,82.4,-0.8,3,7527,0.100,0.000,0.273,0.129,0.016,21.9,-6.1,0
2726,55.57,0.00,1925.3,82.3,-1.0,3,7547,0.150,0.000,0.266,0.127,0.014,22.0,-5.4,0
2727,55.59,0.00,1925.8,82.3,-1.0,3,7571,0.200,0.000,0.261,0.125,0.012,22.0,-4.8,0
2728,55.61,0.00,1926.3,82.3,-1.0,3,7596,0.250,0.000,0.260,0.123,0.011,22.0,-4.3,0
2729,55.63,0.00,1926.8,82.3,-1.0,3,7625,0.300,0.000,0.263,0.121,0.011,22.0,-3.7,0
2730,55.65,0.00,1927.2,82.4,-0.9,3,7658,0.350,0.000,0.269,0.120,0.011,22.0,-3.1,0
2731,55.67,0.00,1927.7,82.5,-0.8,3,7695,0.400,0.000,0.277,0.118,0.012,22.0,-2.6,0
2732,55.69,0.00,1928.2,82.7,-0.7,3,7737,0.450,0.000,0.287,0.116,0.013,21.9,-2.0,0
2733,55.71,0.00,1928.6,82.9,-0.6,3,7786,0.000,0.003,0.298,0.114,0.014,21.9,-1.4,0
2734,55.73,0.00,1929.1,82.8,-0.5,3,7541,0.000,0.006,0.308,0.113,0.014,21.8,-6.2,0
2735,55.75,0.00,1929.6,82.7,-0.4,3,7519,0.050,0.000,0.317,0.111,0.015,21.8,-6.3,0
2736,55.77,0.00,1930.0,82.5,-0.4,3,7534,0.100,0.000,0.324,0.110,0.014,21.8,-5.9,0
2737,55.79,0.00,1930.5,82.4,-0.4,3,7551,0.150,0.000,0.328,0.108,0.013,21.9,-5.4,0
2738,55.81,0.00,1931.0,82.3,-0.4,3,7573,0.200,0.000,0.331,0.107,0.011,22.0,-4.8,0
2739,55.83,0.00,1931.4,82.3,-0.5,3,7599,0.250,0.000,0.334,0.106,0.009,22.1,-4.3,0
2740,55.85,0.00,1931.9,82.3,-0.5,3,7630,0.300,0.000,0.339,0.104,0.007,22.3,-3.6,0
2741,55.87,0.00,1932.4,82.4,-0.6,3,7666,0.350,0.000,0.346,0.103,0.005,22.5,-3.0,0
2742,55.89,0.00,1932.8,82.5,-0.7,3,7707,0.400,0.000,0.355,0.102,0.002,22.7,-2.3,0
2743,55.91,0.00,1933.3,82.6,-0.7,3,7754,0.450,0.000,0.368,0.102,-0.000,23.0,-1.6,0
2744,55.93,0.00,1933.8,82.8,-0.8,3,7807,0.500,0.000,0.386,0.101,-0.003,23.3,-0.8,0
2745,55.95,0.00,1934.2,83.0,-0.9,3,7869,0.550,0.000,0.398,0.100,-0.005,23.6,0.2,0
2746,55.97,0.00,1934.7,83.3,-0.9,3,7936,0.600,0.000,0.402,0.100,-0.007,24.0,1.1,0
2747,55.99,0.00,1935.2,83.6,-1.0,3,8013,0.650,0.000,0.402,0.100,-0.010,24.5,2.2,0
2748,56.01,0.00,1935.7,84.0,-1.2,3,8105,0.700,0.000,0.399,0.100,-0.012,25.0,3.4,0
2749,56.03,0.00,1936.1,84.4,-1.3,3,8214,0.750,0.000,0.394,0.099,-0.015,25.6,4.8,0
2750,56.05,0.00,1936.6,84.8,-1.5,3,8342,0.600,0.000,0.389,0.099,-0.017,26.3,6.6,0
2751,56.07,0.00,1937.1,85.2,-1.7,3,8268,0.650,0.000,0.383,0.099,-0.020,27.1,4.5,0
2752,56.09,0.00,1937.6,85.6,-1.8,3,8324,0.700,0.000,0.376,0.099,-0.023,28.0,4.7,0
2753,56.11,0.00,1938.0,86.0,-2.0,3,8432,0.550,0.000,0.369,0.099,-0.026,29.1,6.1,0
2754,56.13,0.00,1938.5,86.3,-2.1,3,8344,0.600,0.000,0.217,0.099,-0.028,30.4,3.8,0
2755,56.15,0.00,1939.0,86.7,-2.4,3,8394,0.650,0.000,0.174,0.100,-0.031,31.7,3.5,0
2756,56.17,0.00,1939.5,87.1,-2.5,3,8485,0.700,0.000,0.157,0.100,-0.031,33.1,4.4,0
2757,56.19,0.00,1940.0,87.6,-2.6,3,8570,0.550,0.000,0.155,0.100,-0.029,34.4,5.3,0
2758,56.21,0.00,1940.5,88.0,-2.5,3,8436,0.600,0.000,0.164,0.100,-0.027,35.7,1.9,0
2759,56.23,0.00,1941.0,88.4,-2.2,3,8464,0.650,0.000,0.183,0.099,-0.022,36.9,1.7,0
2760,56.25,0.00,1941.5,88.9,-1.9,3,8542,0.700,0.000,0.205,0.099,-0.017,38.2,2.5,0
2761,56.27,0.00,1942.0,89.3,-1.6,3,8635,0.750,0.000,0.228,0.099,-0.012,39.6,3.5,0
2762,56.29,0.00,1942.5,89.8,-1.4,3,8745,0.800,0.000,0.240,0.098,-0.008,41.4,4.7,0
2763,56.31,0.00,1943.0,90.4,-1.3,3,8878,0.650,0.000,0.240,0.097,-0.004,43.8,6.2,0
2764,56.33,0.00,1943.5,90.9,-1.3,3,8789,0.700,0.000,0.233,0.096,-0.002,46.9,3.6,0
2765,56.35,0.00,1944.1,91.4,-1.3,3,8853,0.750,0.000,0.222,0.095,0.001,50.6,3.8,0
2766,56.37,0.00,1944.6,92.0,-1.4,3,8966,0.800,0.000,0.130,0.093,0.004,55.0,5.0,0
2767,56.39,0.00,1945.1,92.6,-1.6,3,9100,0.650,0.000,0.112,0.091,0.008,60.1,6.3,0
2768,56.41,0.00,1945.6,93.2,-1.6,3,8931,0.700,0.000,0.107,0.089,0.013,65.1,2.0,0
2769,56.43,0.00,1946.2,93.7,-1.4,3,8969,0.750,0.000,0.117,0.086,0.021,69.8,1.6,0
2770,56.45,0.00,1946.7,94.3,-1.1,3,9070,0.800,0.000,0.132,0.083,0.030,74.5,2.5,0
2771,56.47,0.00,1947.2,94.9,-0.9,3,9203,0.850,0.000,0.152,0.079,0.039,78.3,4.0,0
2772,56.49,0.00,1947.8,95.6,-0.8,3,9357,0.700,0.000,0.178,0.074,0.047,81.7,5.8,0
2773,56.51,0.00,1948.3,96.2,-0.7,3,9274,0.750,0.000,0.209,0.069,0.054,85.1,3.2,0
2774,56.53,0.00,1948.8,96.8,-0.7,3,9360,0.800,0.000,0.238,0.063,0.060,88.3,3.8,0
2775,56.55,0.00,1949.4,97.5,-0.7,3,9498,0.650,0.000,0.313,0.058,0.053,91.4,5.5,0
2776,56.57,0.00,1949.9,98.0,-0.8,3,9423,0.700,0.000,0.228,0.053,0.042,94.5,3.4,0
2777,56.59,0.00,1950.5,98.6,-0.9,3,9500,0.750,0.000,0.170,0.048,0.031,97.6,3.6,0
2778,56.61,0.00,1951.0,99.1,-1.1,3,9643,0.800,0.000,0.116,0.045,0.020,100.6,5.0,0
2779,56.63,0.00,1951.6,99.7,-1.3,3,9829,0.650,0.000,0.068,0.043,0.010,103.6,7.3,0
2780,56.65,0.00,1952.1,100.3,-1.6,3,9760,0.700,0.000,0.026,0.041,0.002,106.3,4.9,0
2781,56.67,0.00,1952.7,100.9,-1.7,3,9823,0.750,0.000,-0.005,0.039,-0.004,108.3,4.9,0
2782,56.69,0.00,1953.2,101.5,-1.7,3,9924,0.600,0.000,-0.024,0.038,-0.008,109.4,5.7,0
2783,56.71,0.00,1953.8,102.1,-1.5,3,9779,0.650,0.000,-0.033,0.038,-0.010,109.5,1.9,0
2784,56.73,0.00,1954.4,102.6,-1.3,3,9810,0.700,0.000,-0.033,0.037,-0.010,108.9,1.4,0
2785,56.75,0.00,1955.0,103.2,-0.9,3,9894,0.750,0.000,-0.027,0.037,-0.009,107.8,2.0,0
2786,56.77,0.00,1955.5,103.8,-0.6,3,9994,0.800,0.000,-0.020,0.037,-0.007,106.6,2.8,0
2787,56.79,0.00,1956.1,104.5,-0.4,3,10105,0.850,0.000,-0.013,0.037,-0.006,105.4,3.8,0
2788,56.81,0.00,1956.7,105.2,-0.1,3,10228,0.900,0.000,-0.007,0.038,-0.005,104.3,4.9,0
2789,56.83,0.00,1957.3,106.0,0.0,3,10367,0.750,0.000,-0.003,0.038,-0.004,103.3,6.2,0
2790,56.85,0.00,1957.9,106.7,0.1,3,10264,0.800,0.000,-0.001,0.039,-0.003,102.5,2.9,0
2791,56.87,0.00,1958.5,107.4,0.2,3,10365,0.850,0.000,-0.000,0.039,-0.003,101.8,3.5,0
2792,56.89,0.00,1959.1,108.1,0.2,3,10516,0.700,0.000,0.000,0.039,-0.003,101.2,5.1,0
2793,56.91,0.00,1959.7,108.8,0.2,3,10418,0.750,0.000,-0.000,0.040,-0.003,100.6,2.1,0
2794,56.93,0.00,1960.3,109.4,0.2,3,10488,0.800,0.000,-0.001,0.040,-0.003,100.0,2.2,0
2795,56.95,0.00,1960.9,110.1,0.2,3,10605,0.850,0.000,-0.001,0.041,-0.003,99.4,3.2,0
2796,56.97,0.00,1961.5,110.4,0.2,4,8618,0.900,0.000,-0.002,0.042,-0.003,98.8,-7.9,0
2797,56.99,0.00,1962.1,110.3,0.2,4,8627,0.950,0.000,-0.002,0.042,-0.003,98.1,-8.2,0
2798,57.01,0.00,1962.7,110.2,0.2,4,8187,1.000,0.000,-0.001,0.043,-0.003,97.5,-7.9,0
2799,57.03,0.00,1963.3,110.5,0.2,4,8615,1.000,0.000,-0.001,0.043,-0.003,96.8,1.9,0
2800,57.05,0.00,1963.9,111.1,0.2,4,8706,1.000,0.000,-0.001,0.044,-0.003,96.2,3.2,0
2801,57.07,0.00,1964.6,111.8,0.2,4,8751,1.000,0.000,-0.001,0.044,-0.003,95.5,3.1,0
2802,57.09,0.00,1965.2,112.5,0.2,4,8784,1.000,0.000,-0.001,0.045,-0.003,94.9,2.7,0
2803,57.11,0.00,1965.8,113.1,0.2,4,8820,1.000,0.000,-0.002,0.045,-0.003,94.3,2.3,0
2804,57.13,0.00,1966.4,113.8,0.2,4,8862,1.000,0.000,-0.002,0.046,-0.003,93.7,2.1,0
2805,57.15,0.00,1967.1,114.5,0.2,4,8915,1.000,0.000,-0.003,0.046,-0.003,93.0,2.1,0
2806,57.17,0.00,1967.7,115.2,0.2,4,8977,1.000,0.000,-0.003,0.047,-0.003,92.4,2.4,0
2807,57.19,0.00,1968.4,115.8,0.2,4,9044,1.000,0.000,-0.003,0.048,-0.003,91.8,2.7,0
2808,57.21,0.00,1969.0,116.5,0.2,4,9109,1.000,0.000,-0.004,0.048,-0.003,91.1,3.0,0
2809,57.23,0.00,1969.7,117.2,0.2,4,9170,1.000,0.000,-0.004,0.049,-0.003,90.4,3.2,0
2810,57.25,0.00,1970.3,117.9,0.2,4,9228,1.000,0.000,-0.003,0.049,-0.003,89.7,3.3,0
2811,57.27,0.00,1971.0,118.6,0.2,4,9284,1.000,0.000,-0.003,0.050,-0.003,89.0,3.4,0
2812,57.29,0.00,1971.6,119.3,0.2,4,9338,1.000,0.000,-0.003,0.050,-0.003,88.3,3.4,0
2813,57.31,0.00,1972.3,120.0,0.2,4,9391,1.000,0.000,-0.003,0.051,-0.003,87.6,3.4,0
2814,57.33,0.00,1973.0,120.7,0.2,4,9444,1.000,0.000,-0.003,0.051,-0.003,87.0,3.3,0
2815,57.35,0.00,1973.6,121.4,0.2,4,9495,1.000,0.000,-0.003,0.052,-0.003,86.3,3.3,0
2816,57.37,0.00,1974.3,122.1,0.2,4,9514,1.000,0.000,-0.003,0.052,-0.003,85.6,2.4,0
2817,57.39,0.00,1975.0,122.8,0.2,4,9558,1.000,0.000,-0.003,0.053,-0.003,84.9,2.1,0
2818,57.41,0.00,1975.7,123.5,0.2,4,9619,1.000,0.000,-0.004,0.053,-0.003,84.2,2.3,0
2819,57.43,0.00,1976.4,124.2,0.2,4,9691,1.000,0.000,-0.004,0.054,-0.003,83.5,2.7,0
2820,57.45,0.00,1977.0,124.9,0.1,4,9760,1.000,0.000,-0.004,0.054,-0.003,82.7,3.1,0
2821,57.47,0.00,1977.8,125.6,0.1,4,9822,1.000,0.000,-0.003,0.055,-0.003,82.0,3.3,0
2822,57.49,0.00,1978.5,126.3,0.1,4,9877,1.000,0.000,-0.003,0.056,-0.003,81.3,3.3,0
2823,57.51,0.00,1979.2,127.0,0.1,4,9926,1.000,0.000,-0.003,0.056,-0.003,80.5,3.1,0
2824,57.53,0.00,1979.9,127.7,0.1,4,9973,1.000,0.000,0.034,0.057,-0.003,79.8,2.9,0
2825,57.55,0.00,1980.6,128.4,0.2,4,10018,1.000,0.000,0.030,0.057,-0.004,79.3,2.8,0
2826,57.57,0.00,1981.3,129.1,0.1,4,10065,1.000,0.000,0.021,0.058,-0.006,79.2,2.6,0
2827,57.59,0.00,1982.0,129.9,0.0,4,10062,1.000,0.000,0.011,0.059,-0.008,79.1,1.3,0
2828,57.61,0.00,1982.7,130.6,-0.1,4,10098,1.000,0.000,0.003,0.060,-0.010,78.9,0.8,0
2829,57.63,0.00,1983.5,131.2,-0.1,4,10163,1.000,0.000,-0.003,0.061,-0.011,78.5,1.0,0
2830,57.65,0.00,1984.2,131.9,-0.2,4,10245,1.000,0.000,-0.006,0.062,-0.011,77.9,1.7,0
2831,57.67,0.00,1984.9,132.6,-0.1,4,10322,1.000,0.000,-0.007,0.063,-0.011,77.2,2.3,0
2832,57.69,0.00,1985.7,133.2,-0.1,4,10389,1.000,0.000,-0.007,0.065,-0.011,76.4,2.7,0
2833,57.71,0.00,1986.4,133.9,-0.1,4,10444,1.000,0.000,-0.006,0.066,-0.011,75.6,2.8,0
2834,57.73,0.00,1987.2,134.6,-0.0,4,10488,1.000,0.000,-0.005,0.067,-0.011,74.7,2.5,0
2835,57.75,0.00,1987.9,135.3,0.0,4,10529,1.000,0.000,-0.004,0.069,-0.011,73.9,2.2,0
2836,57.77,0.00,1988.7,136.0,0.1,4,10571,1.000,0.000,-0.003,0.070,-0.010,73.0,2.0,0
2837,57.79,0.00,1989.4,136.7,0.1,4,10593,1.000,0.000,-0.003,0.071,-0.010,72.2,1.4,0
2838,57.81,0.00,1990.2,137.4,0.1,4,10573,1.000,0.000,-0.003,0.073,-0.010,71.4,-0.5,0
2839,57.83,0.00,1990.9,138.1,0.1,4,10625,1.000,0.000,-0.003,0.074,-0.010,70.6,-0.6,0
2840,57.85,0.00,1991.7,138.8,0.1,4,10703,1.000,0.000,-0.003,0.075,-0.010,69.8,0.0,0
2841,57.87,0.00,1992.5,139.4,0.1,4,10792,1.000,0.000,-0.003,0.077,-0.010,69.0,1.0,0
2842,57.89,0.00,1993.2,140.0,0.1,4,10873,1.000,0.000,-0.003,0.078,-0.010,68.2,1.7,0
2843,57.91,0.00,1994.0,140.3,0.1,5,9764,1.000,0.000,-0.003,0.080,-0.010,67.3,-9.7,0
2844,57.93,0.00,1994.8,140.2,0.1,5,9768,0.000,0.012,-0.002,0.081,-0.010,66.5,-10.4,0
2845,57.95,0.00,1995.6,140.0,0.1,5,9304,0.000,0.047,-0.001,0.082,-0.010,65.6,-10.8,0
2846,57.97,0.00,1996.4,139.7,0.1,4,10317,0.000,0.077,0.000,0.084,-0.009,64.7,-9.6,0
2847,57.99,0.00,1997.1,139.3,0.1,4,10287,0.000,0.102,0.001,0.085,-0.009,63.9,-9.0,0
2848,58.01,0.00,1997.9,138.9,0.1,4,10233,0.000,0.121,0.001,0.086,-0.009,63.1,-9.1,0
2849,58.03,0.00,1998.7,138.3,0.1,4,10179,0.000,0.132,0.000,0.087,-0.009,62.3,-8.7,0
2850,58.05,0.00,1999.5,137.7,0.1,4,10121,0.000,0.141,-0.000,0.089,-0.009,61.6,-8.5,0
2851,58.07,0.00,2000.2,137.0,0.1,4,10062,0.000,0.149,-0.001,0.090,-0.009,60.8,-8.4,0
2852,58.09,0.00,2001.0,136.3,0.0,4,10003,0.000,0.157,-0.001,0.091,-0.010,60.0,-8.2,0
2853,58.11,0.00,2001.7,135.7,0.0,4,9946,0.000,0.164,-0.001,0.092,-0.010,59.3,-8.1,0
2854,58.13,0.00,2002.5,134.9,0.0,4,9888,0.000,0.168,-0.001,0.094,-0.010,58.5,-9.1,0
2855,58.15,0.00,2003.2,134.2,0.0,4,9834,0.000,0.174,-0.001,0.095,-0.010,57.7,-8.8,0
2856,58.17,0.00,2004.0,133.4,0.0,4,9779,0.000,0.179,-0.000,0.096,-0.010,57.0,-8.4,0
2857,58.19,0.00,2004.7,132.7,0.0,4,9723,0.000,0.183,0.105,0.097,-0.010,56.2,-8.0,0
2858,58.21,0.00,2005.4,131.9,0.3,4,9692,0.000,0.159,0.096,0.099,-0.012,55.9,-6.1,0
2859,58.23,0.00,2006.2,131.2,0.1,4,9645,0.000,0.099,0.070,0.101,-0.017,56.3,-6.7,0
2860,58.25,0.00,2006.9,130.6,-0.2,4,9617,0.000,0.036,0.041,0.103,-0.023,56.9,-8.3,0
2861,58.27,0.00,2007.6,130.2,-0.5,4,9606,0.050,0.000,0.015,0.106,-0.027,57.4,-9.8,0
2862,58.29,0.00,2008.3,129.9,-0.7,4,9625,0.100,0.000,-0.002,0.109,-0.031,57.5,-10.0,0
2863,58.31,0.00,2009.1,129.7,-0.7,4,9636,0.150,0.000,-0.010,0.112,-0.033,57.2,-9.5,0
2864,58.33,0.00,2009.8,129.6,-0.7,4,9650,0.000,0.008,-0.010,0.115,-0.033,56.6,-8.9,0
2865,58.35,0.00,2010.5,129.4,-0.5,4,9566,0.000,0.043,-0.005,0.119,-0.033,55.8,-10.4,0
2866,58.37,0.00,2011.2,129.1,-0.4,4,9527,0.000,0.073,-0.000,0.122,-0.033,55.0,-9.9,0
2867,58.39,0.00,2011.9,128.7,-0.2,4,9484,0.000,0.096,0.004,0.126,-0.033,54.2,-9.3,0
2868,58.41,0.00,2012.7,128.2,-0.2,4,9439,0.000,0.112,0.006,0.130,-0.033,53.5,-8.8,0
2869,58.43,0.00,2013.4,127.7,-0.1,4,9409,0.000,0.123,0.008,0.133,-0.033,52.8,-7.9,0
2870,58.45,0.00,2014.1,127.1,-0.1,4,9360,0.000,0.130,0.008,0.137,-0.034,52.2,-7.5,0
2871,58.47,0.00,2014.8,126.5,-0.1,4,9306,0.000,0.135,0.008,0.141,-0.034,51.6,-7.4,0
2872,58.49,0.00,2015.5,125.9,-0.1,4,9250,0.000,0.138,0.008,0.145,-0.035,51.0,-7.4,0
2873,58.51,0.00,2016.2,125.3,-0.1,4,9196,0.000,0.141,0.007,0.149,-0.036,50.4,-7.4,0
2874,58.53,0.00,2016.9,124.6,-0.1,4,9145,0.000,0.142,0.006,0.153,-0.036,49.8,-7.4,0
2875,58.55,0.00,2017.6,124.0,-0.1,4,9098,0.000,0.144,0.006,0.157,-0.037,49.3,-7.6,0
2876,58.57,0.00,2018.2,123.3,-0.1,4,9050,0.000,0.143,0.005,0.161,-0.038,48.7,-8.6,0
2877,58.59,0.00,2018.9,122.7,-0.1,4,9007,0.000,0.144,0.004,0.166,-0.038,48.1,-8.3,0
2878,58.61,0.00,2019.6,122.0,-0.1,4,8962,0.000,0.147,0.033,0.170,-0.033,47.6,-7.9,0
2879,58.63,0.00,2020.3,121.4,-0.1,4,8915,0.000,0.140,0.063,0.173,-0.027,47.2,-7.5,0
2880,58.65,0.00,2021.0,120.8,0.0,4,8897,0.000,0.113,0.084,0.176,-0.023,47.1,-6.5,0
2881,58.67,0.00,2021.7,120.2,0.0,4,8862,0.000,0.071,0.098,0.178,-0.020,47.3,-6.8,0
2882,58.69,0.00,2022.3,119.7,-0.0,4,8836,0.000,0.017,0.105,0.180,-0.018,47.8,-7.7,0
2883,58.71,0.00,2023.0,119.4,-0.1,4,8826,0.050,0.000,0.105,0.182,-0.018,48.6,-9.2,0
2884,58.73,0.00,2023.7,119.2,-0.3,4,8835,0.100,0.000,0.096,0.184,-0.018,49.9,-9.0,0
2885,58.75,0.00,2024.3,119.0,-0.6,4,8844,0.150,0.000,0.085,0.185,-0.020,51.4,-8.5,0
2886,58.77,0.00,2025.0,118.9,-0.8,4,8857,0.200,0.000,0.075,0.187,-0.020,52.9,-7.9,0
2887,58.79,0.00,2025.7,118.8,-1.0,4,8863,0.250,0.000,0.071,0.188,-0.020,54.2,-7.6,0
2888,58.81,0.00,2026.3,118.8,-0.9,4,8872,0.300,0.000,0.075,0.189,-0.019,55.1,-7.3,0
2889,58.83,0.00,2027.0,118.8,-0.7,4,8891,0.350,0.000,0.084,0.190,-0.017,55.8,-6.9,0
2890,58.85,0.00,2027.7,118.8,-0.6,4,8921,0.400,0.000,0.094,0.191,-0.014,56.5,-6.2,0
2891,58.87,0.00,2028.3,118.9,-0.5,4,8958,0.450,0.000,0.101,0.192,-0.012,57.5,-5.5,0
2892,58.89,0.00,2029.0,119.0,-0.5,4,8998,0.500,0.000,0.104,0.193,-0.012,58.8,-4.7,0
2893,58.91,0.00,2029.7,119.2,-0.6,4,9040,0.550,0.000,-0.025,0.194,-0.011,60.4,-4.0,0
2894,58.93,0.00,2030.3,119.4,-1.0,4,9078,0.600,0.000,-0.022,0.194,-0.009,61.4,-3.5,0
2895,58.95,0.00,2031.0,119.8,-1.0,4,9083,0.650,0.000,0.010,0.194,-0.003,61.0,-3.9,0
2896,58.97,0.00,2031.7,120.1,-0.7,4,9125,0.700,0.000,0.050,0.193,0.004,60.3,-3.5,0
2897,58.99,0.00,2032.4,120.4,-0.4,4,9182,0.750,0.000,0.083,0.192,0.010,59.9,-2.7,0
2898,59.01,0.00,2033.0,120.8,-0.2,4,9254,0.800,0.000,0.101,0.190,0.014,60.2,-1.6,0
2899,59.03,0.00,2033.7,121.3,-0.2,4,9336,0.850,0.000,0.106,0.188,0.016,61.1,-0.4,0
2900,59.05,0.00,2034.4,121.7,-0.4,4,9424,0.900,0.000,0.103,0.186,0.018,62.5,0.8,0
2901,59.07,0.00,2035.1,122.3,-0.6,4,9513,0.950,0.000,0.095,0.184,0.018,64.2,2.0,0
2902,59.09,0.00,2035.8,122.8,-0.8,4,9605,1.000,0.000,0.085,0.181,0.018,66.1,3.1,0
2903,59.11,0.00,2036.5,123.5,-1.1,4,9702,1.000,0.000,0.076,0.178,0.018,68.1,4.3,0
2904,59.13,0.00,2037.2,124.1,-1.3,4,9756,1.000,0.000,0.069,0.175,0.019,70.0,4.5,0
2905,59.15,0.00,2037.9,124.8,-1.5,4,9797,1.000,0.000,0.065,0.171,0.020,71.8,4.3,0
2906,59.17,0.00,2038.6,125.4,-1.6,4,9836,1.000,0.000,0.067,0.167,0.022,73.4,4.1,0
2907,59.19,0.00,2039.3,126.1,-1.6,4,9878,1.000,0.000,0.074,0.163,0.024,74.7,3.9,0
2908,59.21,0.00,2040.0,126.8,-1.5,4,9924,1.000,0.000,0.082,0.159,0.027,75.9,3.8,0
2909,59.23,0.00,2040.7,127.4,-1.5,4,10020,1.000,0.000,0.088,0.154,0.029,77.3,4.6,0
2910,59.25,0.00,2041.4,127.9,-1.6,4,10209,0.850,0.000,0.086,0.149,0.031,79.3,8.2,0
2911,59.27,0.00,2042.1,128.5,-1.8,4,10121,0.700,0.000,0.087,0.144,0.031,81.9,5.3,0
2912,59.29,0.00,2042.9,129.0,-2.0,4,9960,0.750,0.000,0.093,0.138,0.031,84.6,0.5,0
2913,59.31,0.00,2043.6,129.5,-2.1,4,9970,0.800,0.000,0.108,0.133,0.032,86.7,-0.0,0
2914,59.33,0.00,2044.3,129.9,-2.0,4,10021,0.850,0.000,0.115,0.127,0.033,88.3,0.4,0
2915,59.35,0.00,2045.0,130.4,-1.8,4,10086,0.900,0.000,0.092,0.121,0.029,89.9,1.1,0
2916,59.37,0.00,2045.8,130.9,-1.7,4,10242,0.950,0.000,0.067,0.117,0.023,91.6,3.2,0
2917,59.39,0.00,2046.5,131.2,-2.0,4,10595,0.800,0.000,0.035,0.112,0.017,94.1,11.0,0
2918,59.41,0.00,2047.2,131.8,-2.4,4,10509,0.650,0.000,0.001,0.109,0.010,96.8,8.4,0
2919,59.43,0.00,2048.0,132.3,-2.6,4,10249,0.700,0.000,0.045,0.105,0.005,98.7,1.2,0
2920,59.45,0.00,2048.7,132.8,-2.4,4,10186,0.750,0.000,0.025,0.103,0.001,99.9,-1.3,0
2921,59.47,0.00,2049.4,133.2,-2.1,4,10203,0.800,0.000,0.010,0.101,-0.002,100.8,-1.8,0
2922,59.49,0.00,2050.2,133.7,-1.7,4,10243,0.850,0.000,0.002,0.099,-0.004,101.0,-1.6,0
2923,59.51,0.00,2050.9,134.2,-1.4,4,10301,0.900,0.000,0.000,0.098,-0.004,100.4,-1.1,0
2924,59.53,0.00,2051.7,134.7,-1.1,4,10376,0.950,0.000,0.002,0.098,-0.004,99.5,-0.3,0
2925,59.55,0.00,2052.4,135.3,-0.8,4,10467,1.000,0.000,0.004,0.097,-0.004,98.4,0.8,0
2926,59.57,0.00,2053.2,135.8,-0.6,4,10701,1.000,0.000,0.005,0.097,-0.004,97.5,5.0,0
2927,59.59,0.00,2053.9,136.4,-0.5,4,10873,0.850,0.000,0.005,0.097,-0.004,96.8,8.3,0
2928,59.61,0.00,2054.7,137.0,-0.4,4,10737,0.900,0.000,-0.066,0.097,-0.004,96.3,4.2,0
2929,59.63,0.00,2055.4,137.7,-0.5,4,10701,0.950,0.000,-0.060,0.097,-0.003,94.9,2.1,0
2930,59.65,0.00,2056.2,138.3,-0.3,4,10726,1.000,0.000,-0.042,0.097,-0.000,92.5,1.5,0
2931,59.67,0.00,2057.0,139.0,-0.0,4,10779,1.000,0.000,-0.022,0.097,0.004,89.8,1.5,0
2932,59.69,0.00,2057.8,139.6,0.3,4,10811,1.000,0.000,-0.005,0.097,0.007,87.6,1.1,0
2933,59.71,0.00,2058.5,140.3,0.4,4,10851,1.000,0.000,0.007,0.096,0.009,85.9,0.8,0
2934,59.73,0.00,2059.3,140.5,0.4,5,9742,1.000,0.000,0.012,0.095,0.009,84.7,-10.0,0
2935,59.75,0.00,2060.1,140.3,0.4,5,9746,1.000,0.000,0.012,0.094,0.009,84.0,-10.4,0
2936,59.77,0.00,2060.9,140.2,0.3,5,9352,1.000,0.000,0.009,0.094,0.008,83.5,-10.2,0
2937,59.79,0.00,2061.7,140.4,0.2,5,9742,1.000,0.000,0.006,0.093,0.008,83.1,-0.1,0
2938,59.81,0.00,2062.4,140.9,0.1,5,9805,1.000,0.000,0.004,0.092,0.007,82.6,0.9,0
2939,59.83,0.00,2063.2,141.5,-0.0,5,9829,1.000,0.000,0.002,0.091,0.006,82.0,0.5,0
2940,59.85,0.00,2064.0,142.1,-0.0,5,9847,1.000,0.000,0.001,0.090,0.006,81.4,-0.0,0
2941,59.87,0.00,2064.8,142.7,-0.1,5,9869,1.000,0.000,0.001,0.089,0.006,80.6,-0.6,0
2942,59.89,0.00,2065.6,143.2,-0.1,5,9896,1.000,0.000,0.002,0.088,0.006,79.9,-0.9,0
2943,59.91,0.00,2066.4,143.8,-0.1,5,9929,1.000,0.000,0.007,0.088,0.005,79.1,-1.1,0
2944,59.93,0.00,2067.2,144.4,-0.0,5,9967,1.000,0.000,0.010,0.087,0.005,78.4,-1.1,0
2945,59.95,0.00,2068.0,145.0,-0.0,5,9965,1.000,0.000,0.012,0.086,0.005,77.8,-2.2,0
2946,59.97,0.00,2068.8,145.5,-0.1,5,10006,1.000,0.000,0.012,0.086,0.004,77.2,-2.1,0
2947,59.99,0.00,2069.6,146.0,-0.1,5,10062,1.000,0.000,0.011,0.085,0.003,76.7,-1.7,0
2948,60.01,0.00,2070.4,146.6,-0.1,5,10121,1.000,0.000,0.010,0.085,0.002,76.2,-1.1,0
2949,60.03,0.00,2071.2,147.1,-0.2,5,10174,1.000,0.000,0.010,0.084,0.001,75.7,-0.6,0
2950,60.05,0.00,2072.1,147.7,-0.2,5,10218,1.000,0.000,0.009,0.084,0.000,75.2,-0.5,0
2951,60.07,0.00,2072.9,148.2,-0.2,5,10255,0.000,0.009,0.008,0.084,-0.000,74.7,-0.5,0
2952,60.09,0.00,2073.7,148.3,-0.2,5,9859,0.000,0.038,0.017,0.084,0.001,74.1,-11.3,0
2953,60.11,0.00,2074.5,147.9,-0.2,5,9818,0.000,0.042,0.025,0.083,0.002,73.7,-11.0,0
2954,60.13,0.00,2075.3,147.5,-0.2,5,9790,0.000,0.034,0.030,0.083,0.002,73.4,-10.9,0
2955,60.15,0.00,2076.2,147.2,-0.3,5,9767,0.000,0.015,0.030,0.082,0.002,73.4,-11.1,0
2956,60.17,0.00,2077.0,146.8,-0.3,5,9751,0.050,0.000,0.027,0.082,0.002,73.6,-11.5,0
2957,60.19,0.00,2077.8,146.6,-0.5,5,9758,0.100,0.000,0.023,0.081,0.001,73.9,-11.3,0
2958,60.21,0.00,2078.6,146.4,-0.5,5,9764,0.150,0.000,0.021,0.080,0.001,74.1,-10.7,0
2959,60.23,0.00,2079.4,146.2,-0.6,5,9771,0.200,0.000,0.020,0.080,0.001,74.1,-10.2,0
2960,60.25,0.00,2080.2,146.1,-0.6,5,9782,0.250,0.000,0.022,0.079,0.001,74.1,-9.7,0
2961,60.27,0.00,2081.1,146.0,-0.5,5,9795,0.300,0.000,0.026,0.078,0.002,73.9,-9.2,0
2962,60.29,0.00,2081.9,146.0,-0.5,5,9814,0.350,0.000,0.030,0.078,0.002,73.8,-8.6,0
2963,60.31,0.00,2082.7,146.0,-0.5,5,9845,0.400,0.000,0.031,0.077,0.002,73.8,-7.7,0
2964,60.33,0.00,2083.5,146.0,-0.5,5,9862,0.450,0.000,0.029,0.076,0.002,74.0,-7.3,0
2965,60.35,0.00,2084.3,146.1,-0.5,5,9882,0.500,0.000,0.027,0.075,0.002,74.2,-6.9,0
2966,60.37,0.00,2085.1,146.2,-0.6,5,9904,0.550,0.000,0.026,0.075,0.002,74.4,-6.5,0
2967,60.39,0.00,2085.9,146.4,-0.5,5,9929,0.600,0.000,0.025,0.074,0.002,74.6,-6.1,0
2968,60.41,0.00,2086.8,146.6,-0.5,5,9958,0.650,0.000,0.026,0.073,0.002,74.7,-5.7,0
2969,60.43,0.00,2087.6,146.9,-0.5,5,9992,0.700,0.000,0.028,0.072,0.002,74.7,-5.2,0
2970,60.45,0.00,2088.4,147.2,-0.5,5,10032,0.750,0.000,0.029,0.071,0.002,74.8,-4.7,0
2971,60.47,0.00,2089.2,147.5,-0.5,5,10078,0.800,0.000,0.030,0.071,0.003,74.9,-4.1,0
2972,60.49,0.00,2090.0,147.8,-0.5,5,10151,0.850,0.000,0.030,0.070,0.003,75.1,-2.7,0
2973,60.51,0.00,2090.8,148.2,-0.5,5,10197,0.900,0.000,0.027,0.069,0.002,75.5,-2.2,0
2974,60.53,0.00,2091.7,148.7,-0.6,5,10244,0.950,0.000,0.024,0.068,0.002,75.8,-1.7,0
2975,60.55,0.00,2092.5,149.2,-0.6,5,10295,1.000,0.000,0.023,0.067,0.002,76.2,-1.3,0
2976,60.57,0.00,2093.3,149.7,-0.6,5,10348,1.000,0.000,0.022,0.066,0.002,76.4,-0.8,0
2977,60.59,0.00,2094.2,150.3,-0.6,5,10379,0.000,0.018,0.023,0.065,0.002,76.6,-1.0,0
2978,60.61,0.00,2095.0,150.3,-0.6,5,9990,0.000,0.014,0.025,0.065,0.003,76.7,-11.2,0
2979,60.63,0.00,2095.8,150.0,-0.5,5,9963,0.050,0.000,0.026,0.064,0.003,76.9,-11.7,0
2980,60.65,0.00,2096.7,149.7,-0.5,5,9968,0.100,0.000,0.025,0.063,0.003,77.3,-11.5,0
2981,60.67,0.00,2097.5,149.5,-0.5,5,9972,0.150,0.000,0.022,0.062,0.003,77.7,-11.0,0
2982,60.69,0.00,2098.3,149.3,-0.6,5,9980,0.200,0.000,0.020,0.061,0.003,78.2,-10.5,0
2983,60.71,0.00,2099.2,149.2,-0.6,5,9991,0.250,0.000,0.019,0.060,0.003,78.6,-9.9,0
2984,60.73,0.00,2100.0,149.1,-0.6,5,10003,0.300,0.000,0.019,0.059,0.004,78.9,-9.4,0
2985,60.75,0.00,2100.8,149.1,-0.5,5,10018,0.350,0.000,0.021,0.057,0.004,79.1,-8.9,0
2986,60.77,0.00,2101.7,149.1,-0.5,5,10035,0.400,0.000,0.023,0.056,0.005,79.3,-8.4,0
2987,60.79,0.00,2102.5,149.1,-0.5,5,10055,0.450,0.000,0.024,0.055,0.005,79.5,-7.9,0
2988,60.81,0.00,2103.3,149.2,-0.4,5,10078,0.500,0.000,0.024,0.054,0.006,79.9,-7.4,0
2989,60.83,0.00,2104.1,149.3,-0.4,5,10102,0.550,0.000,0.025,0.053,0.006,80.3,-7.0,0
2990,60.85,0.00,2105.0,149.5,-0.4,5,10128,0.600,0.000,0.011,0.052,0.006,80.8,-6.6,0
2991,60.87,0.00,2105.8,149.7,-0.5,5,10160,0.650,0.000,0.012,0.050,0.007,81.0,-6.1,0
2992,60.89,0.00,2106.6,149.9,-0.4,5,10198,0.700,0.000,0.018,0.049,0.008,80.9,-5.5,0
2993,60.91,0.00,2107.5,150.2,-0.4,5,10240,0.750,0.000,0.023,0.047,0.009,80.8,-4.8,0
2994,60.93,0.00,2108.3,150.5,-0.3,5,10284,0.800,0.000,0.026,0.045,0.010,81.0,-4.2,0
2995,60.95,0.00,2109.1,150.9,-0.3,5,10331,0.850,0.000,0.027,0.044,0.010,81.5,-3.6,0
2996,60.97,0.00,2110.0,151.3,-0.4,5,10379,0.900,0.000,0.026,0.042,0.011,82.3,-3.0,0
2997,60.99,0.00,2110.8,151.7,-0.4,5,10430,0.950,0.000,0.025,0.040,0.011,83.2,-2.5,0
2998,61.01,0.00,2111.7,152.2,-0.5,5,10465,1.000,0.000,0.024,0.038,0.011,84.2,-2.4,0
2999,61.03,0.00,2112.5,152.8,-0.5,5,10508,1.000,0.000,0.024,0.036,0.011,85.2,-2.2,0
3000,61.05,0.00,2113.4,153.3,-0.5,5,10546,1.000,0.000,0.025,0.034,0.011,86.2,-2.2,0
3001,61.07,0.00,2114.2,153.8,-0.5,5,10592,1.000,0.000,0.027,0.032,0.011,87.4,-1.9,0
3002,61.09,0.00,2115.1,154.4,-0.5,5,10643,1.000,0.000,0.027,0.030,0.012,88.9,-1.5,0
3003,61.11,0.00,2115.9,154.9,-0.5,5,10690,1.000,0.000,0.027,0.028,0.012,90.9,-1.3,0
3004,61.13,0.00,2116.8,155.4,-0.5,5,10728,1.000,0.000,0.026,0.026,0.012,94.0,-1.3,0
3005,61.15,0.00,2117.7,155.9,-0.6,5,10762,1.000,0.000,0.024,0.023,0.012,99.0,-1.3,0
3006,61.17,0.00,2118.5,156.5,-0.6,5,10795,1.000,0.000,0.022,0.021,0.011,112.3,-1.4,0
3007,61.19,0.00,2119.4,157.1,-0.6,5,10780,1.000,0.000,0.022,0.019,0.012,121.6,-2.8,0
3008,61.21,0.00,2120.3,157.6,-0.6,5,10810,1.000,0.000,0.024,0.016,0.012,126.4,-3.0,0
3009,61.23,0.00,2121.2,158.1,-0.5,5,10855,1.000,0.000,0.026,0.014,0.013,129.9,-2.8,0
3010,61.25,0.00,2122.0,158.6,-0.5,5,10912,0.990,0.000,0.131,0.012,0.013,133.2,-2.2,0
3011,61.27,0.00,2122.9,159.1,-0.4,5,10962,0.980,0.000,0.120,0.009,0.012,140.3,-1.5,0
3012,61.29,0.00,2123.8,159.6,-0.6,5,11007,0.970,0.000,0.091,0.007,0.007,152.4,-1.4,0
3013,61.31,0.00,2124.7,160.0,-1.1,5,11043,0.960,0.000,0.052,0.006,0.001,167.0,-1.4,0
3014,61.33,0.00,2125.6,160.5,-1.7,5,11069,0.950,0.000,0.020,0.005,-0.005,182.6,-1.6,0
3015,61.35,0.00,2126.5,161.0,-1.9,5,11040,0.940,0.000,-0.007,0.004,-0.008,194.9,-3.1,0
3016,61.37,0.00,2127.4,161.5,-1.8,5,11038,0.930,0.000,-0.007,0.004,-0.007,199.3,-4.3,0
3017,61.39,0.00,2128.3,162.0,-1.3,5,11068,0.920,0.000,0.005,0.003,-0.005,198.0,-4.4,0
3018,61.41,0.00,2129.2,162.4,-0.9,5,11114,0.910,0.000,0.019,0.003,-0.002,195.6,-4.0,0
3019,61.43,0.00,2130.1,162.8,-0.6,5,11161,0.900,0.000,0.030,0.002,0.000,195.0,-3.5,0
3020,61.45,0.00,2131.0,163.2,-0.4,5,11198,0.890,0.000,0.035,0.002,0.001,197.4,-3.3,0
3021,61.47,0.00,2131.9,163.7,-0.5,5,11224,0.880,0.000,0.032,0.001,0.001,200.0,-3.4,0
3022,61.49,0.00,2132.8,164.1,-0.6,5,11245,0.870,0.000,0.026,0.000,0.000,200.0,-3.6,0
3023,61.51,0.00,2133.7,164.5,-0.7,5,11225,0.860,0.000,0.021,-0.000,-0.000,200.0,-4.7,0
3024,61.53,0.00,2134.6,164.9,-0.6,5,11218,0.850,0.000,0.021,-0.001,0.000,200.0,-5.9,0
3025,61.55,0.00,2135.5,165.3,-0.6,5,11246,0.840,0.000,0.024,-0.002,0.001,200.0,-5.8,0
3026,61.57,0.00,2136.5,165.6,-0.5,5,11289,0.830,0.000,0.027,-0.002,0.002,200.0,-5.4,0
3027,61.59,0.00,2137.4,166.0,-0.5,5,11333,0.820,0.000,0.030,-0.003,0.003,200.0,-4.8,0
3028,61.61,0.00,2138.3,166.3,-0.5,5,11367,0.810,0.000,0.030,-0.004,0.003,200.0,-4.6,0
3029,61.63,0.00,2139.2,166.6,-0.5,5,11388,0.800,0.000,0.026,-0.005,0.002,200.0,-4.6,0
3030,61.65,0.00,2140.2,167.0,-0.6,5,11404,0.790,0.000,0.022,-0.006,0.002,200.0,-4.8,0
3031,61.67,0.00,2141.1,167.3,-0.7,5,11377,0.780,0.000,0.020,-0.007,0.002,200.0,-5.9,0
3032,61.69,0.00,2142.0,167.7,-0.6,5,11366,0.770,0.000,0.021,-0.008,0.002,200.0,-7.1,0
3033,61.71,0.00,2142.9,168.0,-0.5,5,11390,0.760,0.000,0.019,-0.009,0.003,200.0,-7.0,0
3034,61.73,0.00,2143.9,168.2,-0.5,5,11427,0.750,0.000,0.023,-0.010,0.004,200.0,-6.5,0
3035,61.75,0.00,2144.8,168.5,-0.4,5,11466,0.740,0.000,0.027,-0.011,0.005,200.0,-6.0,0
3036,61.77,0.00,2145.8,168.7,-0.4,5,11495,0.730,0.000,0.028,-0.012,0.006,200.0,-5.7,0
3037,61.79,0.00,2146.7,169.0,-0.5,5,11513,0.720,0.000,0.027,-0.013,0.006,200.0,-5.7,0
3038,61.81,0.00,2147.6,169.2,-0.6,5,11525,0.710,0.000,0.013,-0.015,0.003,200.0,-5.8,0
3039,61.83,0.00,2148.6,169.5,-0.7,5,11493,0.700,0.000,0.002,-0.016,0.001,200.0,-7.0,0
3040,61.85,0.00,2149.5,169.8,-0.6,5,11493,0.690,0.000,-0.004,-0.016,0.000,200.0,-7.7,0
3041,61.87,0.00,2150.5,170.0,-0.5,5,11510,0.680,0.000,-0.004,-0.017,0.000,200.0,-7.6,0
3042,61.89,0.00,2151.4,170.2,-0.3,5,11538,0.670,0.000,-0.002,-0.017,0.001,200.0,-7.3,0
3043,61.91,0.00,2152.3,170.1,-0.2,6,10573,0.660,0.000,0.000,-0.018,0.001,200.0,-12.4,0
3044,61.93,0.00,2153.3,169.9,-0.1,6,10572,0.650,0.000,0.002,-0.018,0.001,200.0,-12.6,0
3045,61.95,0.00,2154.2,169.6,-0.1,5,11316,0.640,0.000,0.002,-0.018,0.001,200.0,-12.6,0
3046,61.97,0.00,2155.2,169.4,-0.0,5,11312,0.630,0.000,0.002,-0.019,0.001,200.0,-12.6,0
3047,61.99,0.00,2156.1,169.1,-0.0,5,11307,0.620,0.000,0.001,-0.019,0.001,200.0,-12.5,0
3048,62.01,0.00,2157.1,168.8,-0.0,5,11253,0.610,0.000,0.000,-0.019,0.001,200.0,-12.7,0
3049,62.03,0.00,2158.0,168.8,-0.0,5,11427,0.600,0.000,0.000,-0.019,0.001,200.0,-7.8,0
3050,62.05,0.00,2158.9,169.0,-0.0,5,11438,0.590,0.000,-0.000,-0.019,0.001,200.0,-7.7,0
3051,62.07,0.00,2159.9,169.1,-0.0,5,11449,0.580,0.000,-0.000,-0.020,0.001,200.0,-7.7,0
3052,62.09,0.00,2160.8,169.2,-0.0,5,11458,0.570,0.000,-0.000,-0.020,0.001,200.0,-7.7,0
3053,62.11,0.00,2161.8,169.4,-0.0,5,11464,0.560,0.000,-0.000,-0.020,0.001,200.0,-7.8,0
3054,62.13,0.00,2162.7,169.5,-0.0,5,11468,0.550,0.000,-0.000,-0.020,0.001,200.0,-7.9,0
3055,62.15,0.00,2163.6,169.6,-0.0,5,11470,0.540,0.000,0.000,-0.020,0.001,200.0,-8.0,0
3056,62.17,0.00,2164.6,169.7,-0.0,5,11456,0.530,0.000,-0.000,-0.020,0.001,200.0,-8.6,0
3057,62.19,0.00,2165.5,169.8,-0.0,5,11458,0.520,0.000,-0.000,-0.020,0.001,200.0,-8.7,0
3058,62.21,0.00,2166.5,169.8,-0.0,5,11464,0.510,0.000,-0.000,-0.021,0.001,200.0,-8.7,0
3059,62.23,0.00,2167.4,169.9,-0.0,5,11472,0.500,0.000,-0.000,-0.021,0.001,200.0,-8.6,0
3060,62.25,0.00,2168.3,170.0,-0.0,5,11477,0.490,0.000,-0.000,-0.021,0.001,200.0,-8.6,0
3061,62.27,0.00,2169.3,170.0,-0.0,5,11479,0.480,0.000,-0.000,-0.021,0.001,200.0,-8.6,0
3062,62.29,0.00,2170.2,169.9,-0.0,6,10518,0.470,0.000,-0.000,-0.021,0.001,200.0,-12.4,0
3063,62.31,0.00,2171.2,169.6,-0.0,6,10518,0.460,0.000,-0.001,-0.021,0.001,200.0,-12.6,0
3064,62.33,0.00,2172.1,169.4,-0.0,5,11299,0.450,0.000,-0.001,-0.021,0.001,200.0,-12.6,0
3065,62.35,0.00,2173.1,169.1,-0.0,5,11295,0.440,0.000,-0.000,-0.022,0.001,200.0,-12.6,0
3066,62.37,0.00,2174.0,168.8,0.0,5,11291,0.430,0.000,-0.000,-0.022,0.001,200.0,-12.6,0
3067,62.39,0.00,2174.9,168.6,0.0,5,11236,0.420,0.000,-0.000,-0.022,0.001,200.0,-12.7,0
3068,62.41,0.00,2175.9,168.5,0.0,5,11348,0.410,0.000,-0.000,-0.022,0.001,200.0,-9.4,0
3069,62.43,0.00,2176.8,168.4,0.0,5,11345,0.400,0.000,-0.000,-0.022,0.001,200.0,-9.3,0
3070,62.45,0.00,2177.8,168.4,0.0,5,11339,0.390,0.000,-0.000,-0.022,0.001,200.0,-9.5,0
3071,62.47,0.00,2178.7,168.4,0.0,5,11332,0.380,0.000,-0.002,-0.022,0.001,200.0,-9.6,0
3072,62.49,0.00,2179.6,168.4,-0.0,5,11325,0.370,0.000,-0.001,-0.023,0.001,200.0,-9.7,0
3073,62.51,0.00,2180.6,168.3,0.0,5,11313,0.360,0.000,-0.001,-0.023,0.001,200.0,-10.0,0
3074,62.53,0.00,2181.5,168.3,0.0,5,11306,0.350,0.000,-0.000,-0.023,0.001,200.0,-10.1,0
3075,62.55,0.00,2182.4,168.2,0.0,5,11300,0.340,0.000,0.000,-0.023,0.001,200.0,-10.1,0
3076,62.57,0.00,2183.4,168.1,0.0,5,11294,0.330,0.000,0.001,-0.023,0.001,200.0,-10.1,0
3077,62.59,0.00,2184.3,168.0,0.0,5,11287,0.320,0.000,0.001,-0.024,0.001,200.0,-10.2,0
3078,62.61,0.00,2185.2,167.9,0.0,5,11278,0.310,0.000,0.000,-0.024,0.001,200.0,-10.3,0
3079,62.63,0.00,2186.2,167.9,0.0,5,11268,0.300,0.000,0.000,-0.024,0.001,200.0,-10.4,0
3080,62.65,0.00,2187.1,167.7,-0.0,5,11257,0.290,0.000,0.000,-0.024,0.001,200.0,-10.5,0
3081,62.67,0.00,2188.0,167.6,-0.0,5,11244,0.280,0.000,0.000,-0.024,0.001,200.0,-10.6,0
3082,62.69,0.00,2188.9,167.5,-0.0,5,11232,0.270,0.000,0.000,-0.025,0.001,200.0,-10.7,0
3083,62.71,0.00,2189.9,167.4,-0.0,5,11220,0.260,0.000,0.001,-0.025,0.001,200.0,-10.8,0
3084,62.73,0.00,2190.8,167.3,-0.0,5,11208,0.250,0.000,0.001,-0.025,0.001,200.0,-10.9,0
3085,62.75,0.00,2191.7,167.1,-0.0,5,11196,0.240,0.000,0.000,-0.025,0.001,200.0,-11.0,0
3086,62.77,0.00,2192.7,167.0,-0.0,5,11182,0.230,0.000,0.000,-0.025,0.001,200.0,-11.0,0
3087,62.79,0.00,2193.6,166.8,-0.0,5,11167,0.220,0.000,0.000,-0.025,0.001,200.0,-11.1,0
3088,62.81,0.00,2194.5,166.6,-0.0,5,11152,0.210,0.000,-0.006,-0.026,-0.000,200.0,-11.2,0
3089,62.83,0.00,2195.4,166.4,-0.0,5,11134,0.200,0.000,-0.014,-0.025,-0.002,200.0,-11.4,0
3090,62.85,0.00,2196.4,166.3,-0.0,5,11114,0.190,0.000,-0.020,-0.025,-0.003,200.0,-11.6,0
3091,62.87,0.00,2197.3,166.1,0.0,5,11098,0.180,0.000,-0.023,-0.024,-0.004,200.0,-11.6,0
3092,62.89,0.00,2198.2,165.9,0.1,5,11084,0.170,0.000,-0.024,-0.024,-0.004,200.0,-11.7,0
3093,62.91,0.00,2199.1,165.6,0.2,5,11068,0.160,0.000,-0.021,-0.023,-0.004,200.0,-11.7,0
3094,62.93,0.00,2200.1,165.4,0.3,5,11051,0.150,0.000,-0.019,-0.022,-0.004,200.0,-11.7,0
3095,62.95,0.00,2201.0,165.2,0.4,5,11032,0.140,0.000,-0.017,-0.021,-0.004,200.0,-11.8,0
3096,62.97,0.00,2201.9,165.0,0.5,5,11013,0.130,0.000,-0.015,-0.020,-0.004,200.0,-11.9,0
3097,62.99,0.00,2202.8,164.7,0.5,5,10989,0.120,0.000,-0.015,-0.019,-0.004,200.0,-12.1,0
3098,63.01,0.00,2203.7,164.4,0.5,5,10969,0.110,0.000,-0.017,-0.018,-0.005,200.0,-12.1,0
3099,63.03,0.00,2204.6,164.2,0.4,5,10949,0.100,0.000,-0.018,-0.017,-0.005,200.0,-12.2,0
3100,63.05,0.00,2205.6,163.9,0.4,5,10929,0.090,0.000,-0.017,-0.015,-0.006,200.0,-12.3,0
3101,63.07,0.00,2206.5,163.6,0.4,5,10907,0.080,0.000,-0.017,-0.014,-0.006,200.0,-12.3,0
3102,63.09,0.00,2207.4,163.4,0.5,5,10884,0.070,0.000,-0.016,-0.013,-0.006,200.0,-12.4,0
3103,63.11,0.00,2208.3,163.1,0.5,5,10861,0.060,0.000,-0.015,-0.011,-0.007,200.0,-12.5,0
3104,63.13,0.00,2209.2,162.8,0.5,5,10838,0.050,0.000,-0.016,-0.010,-0.007,200.0,-12.6,0
3105,63.15,0.00,2210.1,162.5,0.5,5,10814,0.040,0.000,-0.017,-0.008,-0.008,200.0,-12.7,0
3106,63.17,0.00,2211.0,162.2,0.5,5,10789,0.030,0.000,-0.015,-0.006,-0.008,199.4,-12.8,0
3107,63.19,0.00,2211.9,161.8,0.5,5,10764,0.020,0.000,-0.016,-0.005,-0.008,199.8,-12.8,0
3108,63.21,0.00,2212.8,161.5,0.5,5,10739,0.010,0.000,-0.016,-0.003,-0.008,200.0,-12.9,0
3109,63.23,0.00,2213.7,161.2,0.5,5,10713,0.000,0.000,-0.017,-0.001,-0.009,200.0,-13.1,0
3110,63.25,0.00,2214.6,160.9,0.5,5,10687,0.000,0.000,-0.019,0.001,-0.009,200.0,-13.2,0
3111,63.27,0.00,2215.5,160.5,0.5,5,10663,0.000,0.000,-0.021,0.003,-0.010,200.0,-13.1,0
3112,63.29,0.00,2216.4,160.2,0.6,5,10632,0.000,0.000,-0.017,0.005,-0.010,194.4,-13.4,0
3113,63.31,0.00,2217.2,159.9,0.7,5,10614,0.000,0.000,-0.015,0.007,-0.010,195.2,-13.2,0
3114,63.33,0.00,2218.1,159.5,0.7,5,10595,0.000,0.000,-0.013,0.009,-0.010,195.9,-13.1,0
3115,63.35,0.00,2219.0,159.2,0.7,5,10575,0.050,0.000,-0.013,0.011,-0.010,196.6,-13.0,0
3116,63.37,0.00,2219.9,158.9,0.7,5,10574,0.100,0.000,-0.014,0.013,-0.010,196.9,-12.5,0
3117,63.39,0.00,2220.8,158.6,0.6,5,10576,0.150,0.000,-0.017,0.015,-0.011,196.9,-12.0,0
3118,63.41,0.00,2221.7,158.4,0.5,5,10580,0.200,0.000,-0.020,0.017,-0.012,129.6,-11.4,0
3119,63.43,0.00,2222.5,158.2,0.5,5,10607,0.250,0.000,-0.023,0.020,-0.013,126.9,-10.3,0
3120,63.45,0.00,2223.4,158.1,0.5,5,10647,0.300,0.000,-0.023,0.022,-0.013,123.3,-8.8,0
3121,63.47,0.00,2224.3,158.0,0.6,5,10644,0.350,0.000,-0.019,0.024,-0.013,119.0,-8.7,0
3122,63.49,0.00,2225.2,157.9,0.7,5,10645,0.400,0.000,-0.015,0.027,-0.013,114.8,-8.5,0
3123,63.51,0.00,2226.1,157.9,0.7,5,10650,0.450,0.000,-0.011,0.029,-0.013,111.3,-8.4,0
3124,63.53,0.00,2226.9,158.0,0.7,5,10661,0.500,0.000,-0.013,0.032,-0.013,109.0,-8.2,0
3125,63.55,0.00,2227.8,158.1,0.6,5,10681,0.550,0.000,-0.012,0.035,-0.013,107.8,-7.7,0
3126,63.57,0.00,2228.7,158.2,0.4,5,10709,0.600,0.000,-0.004,0.037,-0.012,107.2,-7.1,0
3127,63.59,0.00,2229.6,158.2,0.3,5,10965,0.650,0.000,0.005,0.039,-0.010,106.4,-0.8,0
3128,63.61,0.00,2230.4,158.1,0.3,5,11254,0.500,0.000,0.015,0.040,-0.008,105.3,7.1,0
3129,63.63,0.00,2231.3,158.4,0.3,5,11082,0.550,0.000,0.023,0.042,-0.007,104.8,2.8,0
3130,63.65,0.00,2232.2,158.8,0.2,5,10872,0.540,0.000,0.026,0.043,-0.006,105.3,-3.5,0
3131,63.67,0.00,2233.1,159.0,0.1,5,10776,0.530,0.000,0.022,0.044,-0.006,106.7,-6.8,0
3132,63.69,0.00,2234.0,159.2,-0.1,5,10755,0.520,0.000,0.021,0.045,-0.006,108.2,-7.6,0
3133,63.71,0.00,2234.9,159.3,-0.2,5,10756,0.510,0.000,0.023,0.046,-0.005,109.0,-7.8,0
3134,63.73,0.00,2235.8,159.4,-0.2,5,10764,0.500,0.000,0.027,0.046,-0.004,109.3,-7.9,0
3135,63.75,0.00,2236.6,159.4,-0.2,5,10872,0.490,0.000,0.030,0.047,-0.004,109.9,-5.3,0
3136,63.77,0.00,2237.5,159.4,-0.4,5,11065,0.480,0.000,0.027,0.047,-0.004,112.2,-0.4,0
3137,63.79,0.00,2238.4,159.5,-0.7,5,11033,0.470,0.000,0.016,0.047,-0.005,177.7,-0.8,0
3138,63.81,0.00,2239.3,159.7,-0.9,5,10886,0.460,0.000,0.008,0.047,-0.006,174.6,-5.1,0
3139,63.83,0.00,2240.2,159.9,-1.0,5,10813,0.450,0.000,0.005,0.047,-0.007,172.1,-7.5,0
3140,63.85,0.00,2241.1,160.0,-0.9,5,10789,0.440,0.000,0.008,0.047,-0.006,170.5,-8.3,0
3141,63.87,0.00,2242.0,160.1,-0.7,5,10782,0.430,0.000,0.017,0.047,-0.004,169.6,-8.7,0
3142,63.89,0.00,2242.8,160.1,-0.5,5,10783,0.420,0.000,0.027,0.047,-0.002,168.8,-8.8,0
3143,63.91,0.00,2243.7,160.1,-0.3,5,10853,0.410,0.000,0.033,0.047,-0.001,167.5,-7.2,0
3144,63.93,0.00,2244.6,160.1,-0.4,5,10902,0.400,0.000,0.028,0.047,-0.001,171.6,-5.8,0
3145,63.95,0.00,2245.5,160.2,-0.5,5,10856,0.390,0.000,0.023,0.047,-0.002,168.8,-7.0,0
3146,63.97,0.00,2246.4,160.3,-0.7,5,10820,0.380,0.000,0.018,0.046,-0.003,166.1,-8.1,0
3147,63.99,0.00,2247.3,160.3,-0.7,5,10799,0.370,0.000,0.010,0.046,-0.003,169.8,-8.7,0
3148,64.01,0.00,2248.3,160.3,-0.7,5,10785,0.360,0.000,0.012,0.046,-0.003,167.7,-9.2,0
3149,64.03,0.00,2249.3,160.3,-0.6,5,10778,0.350,0.000,0.017,0.045,-0.001,166.1,-9.4,0
3150,64.05,0.00,2250.2,160.3,-0.5,5,10775,0.340,0.000,0.024,0.045,0.000,164.6,-9.5,0
3151,64.07,0.00,2251.2,160.3,-0.4,5,10818,0.330,0.000,0.028,0.044,0.001,162.7,-8.3,0
3152,64.10,0.00,2252.2,160.3,-0.5,5,10800,0.320,0.000,0.026,0.044,0.001,160.2,-8.7,0
3153,64.12,0.00,2253.2,160.3,-0.5,5,10780,0.310,0.000,0.017,0.043,0.000,157.6,-9.2,0
3154,64.14,0.00,2254.2,160.2,-0.6,5,10766,0.300,0.000,0.016,0.042,0.000,155.1,-9.6,0
3155,64.16,0.00,2255.1,160.2,-0.6,5,10754,0.290,0.000,0.017,0.042,0.000,153.0,-9.8,0
3156,64.18,0.00,2256.1,160.1,-0.5,5,10744,0.280,0.000,0.019,0.041,0.001,151.1,-10.0,0
3157,64.21,0.00,2257.1,160.1,-0.5,5,10736,0.270,0.000,0.022,0.040,0.002,149.3,-10.1,0
3158,64.23,0.00,2258.1,160.0,-0.4,5,10740,0.260,0.000,0.024,0.040,0.002,147.4,-9.9,0
3159,64.25,0.00,2259.1,159.9,-0.5,5,10730,0.250,0.000,0.017,0.039,0.002,145.2,-10.0,0
3160,64.27,0.00,2260.0,159.8,-0.5,5,10716,0.240,0.000,0.017,0.038,0.002,143.1,-10.2,0
3161,64.29,0.00,2261.0,159.7,-0.5,5,10704,0.230,0.000,0.018,0.037,0.003,141.1,-10.4,0
3162,64.32,0.00,2262.0,159.6,-0.5,5,10692,0.220,0.000,0.020,0.036,0.003,139.2,-10.5,0
3163,64.34,0.00,2263.0,159.5,-0.5,5,10679,0.210,0.000,0.021,0.035,0.003,137.3,-10.6,0
3164,64.36,0.00,2263.9,159.4,-0.5,5,10667,0.200,0.000,0.021,0.034,0.003,135.3,-10.7,0
3165,64.38,0.00,2264.9,159.3,-0.5,5,10654,0.190,0.000,0.021,0.033,0.003,133.4,-10.8,0
3166,64.40,0.00,2265.9,159.1,-0.5,5,10641,0.240,0.000,0.013,0.032,0.004,131.4,-10.9,0
3167,64.43,0.00,2266.9,159.0,-0.5,5,10652,0.290,0.000,0.014,0.031,0.004,129.6,-10.4,0
3168,64.45,0.00,2267.8,158.9,-0.5,5,10666,0.340,0.000,0.017,0.030,0.005,128.0,-9.9,0
3169,64.47,0.00,2268.8,158.9,-0.4,5,10684,0.390,0.000,0.020,0.028,0.005,126.3,-9.3,0
3170,64.49,0.00,2269.8,158.9,-0.4,5,10703,0.380,0.000,0.022,0.027,0.006,124.6,-8.8,0
3171,64.51,0.00,2270.7,159.0,-0.4,5,10701,0.370,0.000,0.022,0.026,0.006,122.7,-8.9,0
3172,64.54,0.00,2271.7,159.0,-0.4,5,10698,0.360,0.000,0.021,0.025,0.006,120.7,-9.1,0
3173,64.56,0.00,2272.7,159.0,-0.4,5,10680,0.350,0.000,0.021,0.023,0.006,118.9,-9.5,0
3174,64.58,0.00,2273.7,159.0,-0.4,5,10678,0.340,0.000,0.022,0.022,0.006,117.1,-9.6,0
3175,64.60,0.00,2274.6,159.0,-0.4,5,10679,0.330,0.000,0.023,0.020,0.006,115.4,-9.6,0
3176,64.62,0.00,2275.6,159.0,-0.4,5,10681,0.320,0.000,0.023,0.019,0.006,113.7,-9.5,0
3177,64.65,0.00,2276.6,158.9,-0.4,5,10679,0.370,0.000,0.010,0.018,0.006,112.0,-9.5,0
3178,64.67,0.00,2277.6,158.9,-0.4,5,10699,0.420,0.000,0.012,0.016,0.007,110.3,-8.9,0
3179,64.69,0.00,2278.5,159.0,-0.4,5,10721,0.470,0.000,0.007,0.015,0.006,108.9,-8.4,0
3180,64.71,0.00,2279.5,159.1,-0.4,5,10738,0.520,0.000,0.003,0.013,0.005,107.5,-8.1,0
3181,64.73,0.00,2280.5,159.2,-0.4,5,10762,0.570,0.000,0.000,0.012,0.004,106.3,-7.7,0
3182,64.76,0.00,2281.4,159.4,-0.3,5,10793,0.620,0.000,-0.001,0.011,0.004,105.3,-7.2,0
3183,64.78,0.00,2282.4,159.6,-0.2,5,10830,0.670,0.000,-0.000,0.010,0.004,104.3,-6.6,0
3184,64.80,0.00,2283.4,159.9,-0.2,5,10872,0.720,0.000,0.000,0.009,0.004,103.3,-5.9,0
3185,64.82,0.00,2284.4,160.2,-0.1,5,10916,0.710,0.000,0.001,0.009,0.004,102.3,-5.2,0
3186,64.84,0.00,2285.3,160.5,-0.1,5,10937,0.700,0.000,0.001,0.008,0.004,101.3,-5.3,0
3187,64.87,0.00,2286.3,160.9,-0.0,5,10954,0.690,0.000,0.001,0.007,0.004,100.3,-5.4,0
3188,64.89,0.00,2287.3,161.1,-0.0,5,11011,0.680,0.000,0.001,0.006,0.004,99.3,-4.5,0
3189,64.91,0.00,2288.3,161.5,-0.0,5,11009,0.670,0.000,0.001,0.005,0.004,98.2,-5.1,0
3190,64.93,0.00,2289.3,161.8,-0.0,5,11011,0.660,0.000,0.001,0.005,0.004,97.2,-5.6,0
3191,64.95,0.00,2290.3,162.0,-0.0,5,11016,0.650,0.000,0.000,0.004,0.004,96.1,-6.0,0
3192,64.98,0.00,2291.3,162.3,-0.0,5,11023,0.640,0.000,0.000,0.003,0.004,95.1,-6.3,0
3193,65.00,0.00,2292.3,162.6,-0.0,5,11034,0.630,0.000,0.000,0.003,0.004,94.1,-6.5,0
3194,65.02,0.00,2293.2,162.8,-0.0,5,11047,0.620,0.000,0.000,0.002,0.004,93.0,-6.7,0
3195,65.04,0.00,2294.2,163.1,-0.0,5,11083,0.610,0.000,0.001,0.001,0.004,92.0,-6.2,0
3196,65.06,0.00,2295.2,163.3,-0.0,5,11090,0.000,0.016,0.001,0.001,0.004,91.0,-6.4,0
3197,65.09,0.00,2296.2,163.1,-0.0,5,10836,0.000,0.053,0.001,-0.000,0.004,89.9,-12.7,0
3198,65.11,0.00,2297.2,162.7,0.0,5,10787,0.000,0.076,0.001,-0.001,0.004,88.9,-12.0,0
3199,65.13,0.00,2298.2,162.1,0.0,5,10742,0.000,0.094,0.001,-0.001,0.004,87.9,-11.5,0
3200,65.15,0.00,2299.2,161.5,0.0,5,10694,0.000,0.109,0.002,-0.002,0.004,86.9,-11.0,0
3201,65.17,0.00,2300.2,160.9,0.0,5,10644,0.000,0.121,0.002,-0.003,0.004,85.9,-10.7,0
3202,65.20,0.00,2301.2,160.2,0.0,5,10589,0.000,0.133,0.002,-0.003,0.004,84.9,-10.5,0
3203,65.22,0.00,2302.2,159.5,0.0,5,10536,0.000,0.143,0.002,-0.004,0.004,83.8,-10.2,0
3204,65.24,0.00,2303.1,158.7,0.0,5,10483,0.000,0.152,0.001,-0.004,0.004,82.8,-9.9,0
3205,65.26,0.00,2304.1,157.9,0.0,5,10428,0.000,0.159,0.001,-0.005,0.004,81.8,-9.6,0
3206,65.28,0.00,2305.1,157.1,0.0,5,10372,0.000,0.164,0.001,-0.006,0.004,80.8,-9.3,0
3207,65.31,0.00,2306.0,156.3,0.0,5,10316,0.000,0.169,0.001,-0.006,0.004,79.8,-9.1,0
3208,65.33,0.00,2307.0,155.4,0.0,5,10258,0.000,0.172,-0.048,-0.007,0.004,78.9,-9.0,0
3209,65.35,0.00,2307.9,154.6,-0.1,5,10200,0.000,0.156,-0.041,-0.008,0.005,78.3,-8.6,0
3210,65.37,0.00,2308.9,153.8,0.1,5,10152,0.000,0.118,-0.024,-0.009,0.009,78.2,-9.0,0
3211,65.39,0.00,2309.8,153.1,0.4,5,10120,0.000,0.084,0.042,-0.010,0.012,78.2,-9.9,0
3212,65.42,0.00,2310.7,152.4,0.7,5,10094,0.000,0.086,-0.001,-0.011,0.013,77.5,-10.5,0
3213,65.44,0.00,2311.7,151.9,0.4,5,10057,0.000,0.111,-0.004,-0.013,0.013,76.4,-10.4,0
3214,65.46,0.00,2312.6,151.3,0.3,5,10006,0.000,0.126,-0.005,-0.014,0.013,75.4,-9.9,0
3215,65.48,0.00,2313.5,150.6,0.2,5,9956,0.000,0.135,-0.003,-0.016,0.013,74.5,-9.5,0
3216,65.50,0.00,2314.4,149.9,0.2,5,9905,0.000,0.140,-0.001,-0.018,0.013,73.7,-9.3,0
3217,65.53,0.00,2315.3,149.2,0.2,5,9855,0.000,0.145,0.000,-0.020,0.014,72.8,-9.1,0
3218,65.55,0.00,2316.2,148.4,0.2,5,9806,0.000,0.151,0.001,-0.021,0.014,72.0,-8.8,0
3219,65.57,0.00,2317.2,147.7,0.1,5,9752,0.000,0.158,0.002,-0.023,0.014,71.0,-8.7,0
3220,65.59,0.00,2318.1,146.9,0.1,5,9696,0.000,0.165,0.002,-0.025,0.014,70.1,-8.5,0
3221,65.61,0.00,2318.9,146.1,0.1,5,9640,0.000,0.172,0.001,-0.027,0.014,69.2,-8.3,0
3222,65.64,0.00,2319.8,145.3,0.1,5,9582,0.000,0.177,0.001,-0.029,0.014,68.3,-8.4,0
3223,65.66,0.00,2320.7,144.4,0.1,5,9525,0.000,0.182,0.000,-0.031,0.014,67.3,-8.3,0
3224,65.68,0.00,2321.6,143.6,0.0,5,9467,0.000,0.185,0.000,-0.033,0.014,66.4,-8.0,0
3225,65.70,0.00,2322.5,142.7,0.0,5,9411,0.000,0.188,0.035,-0.035,0.014,65.6,-7.8,0
3226,65.72,0.00,2323.3,141.9,0.1,5,9359,0.000,0.203,0.014,-0.037,0.013,64.4,-7.2,0
3227,65.75,0.00,2324.2,141.0,-0.0,5,9293,0.000,0.224,0.007,-0.039,0.011,63.2,-6.8,0
3228,65.77,0.00,2325.1,140.1,-0.2,5,9218,0.000,0.239,0.001,-0.040,0.010,62.0,-6.3,0
3229,65.79,0.00,2325.9,139.1,-0.2,5,9142,0.000,0.246,-0.003,-0.042,0.009,60.9,-5.8,0
3230,65.81,0.00,2326.8,138.1,-0.2,4,10136,0.000,0.246,-0.005,-0.044,0.009,60.0,-5.0,0
3231,65.83,0.00,2327.6,137.1,-0.2,4,10104,0.000,0.242,-0.004,-0.045,0.009,59.1,-5.8,0
3232,65.86,0.00,2328.4,136.1,-0.1,4,9938,0.000,0.236,-0.003,-0.046,0.009,58.3,-6.8,0
3233,65.88,0.00,2329.3,135.0,-0.1,4,9862,0.000,0.227,-0.002,-0.048,0.009,57.5,-6.7,0
3234,65.90,0.00,2330.1,134.0,-0.0,4,9808,0.000,0.218,-0.000,-0.049,0.010,56.8,-6.3,0
3235,65.92,0.00,2330.9,133.0,0.0,4,9742,0.000,0.213,0.001,-0.051,0.010,56.0,-6.2,0
3236,65.94,0.00,2331.7,132.1,0.0,4,9669,0.000,0.210,-0.000,-0.052,0.010,55.2,-6.3,0
3237,65.97,0.00,2332.5,131.2,0.0,4,9596,0.000,0.209,-0.098,-0.053,0.010,54.4,-6.4,0
3238,65.99,0.00,2333.3,130.3,-0.1,4,9525,0.000,0.185,-0.088,-0.055,0.013,54.0,-5.6,0
3239,66.01,0.00,2334.1,129.3,0.0,4,9469,0.000,0.126,-0.059,-0.057,0.018,54.2,-7.0,0
3240,66.03,0.00,2334.9,128.6,0.4,4,9442,0.000,0.064,-0.023,-0.059,0.024,54.7,-8.6,0
3241,66.05,0.00,2335.7,128.1,0.7,4,9435,0.000,0.026,0.004,-0.062,0.029,54.9,-9.5,0
3242,66.08,0.00,2336.5,127.7,0.9,4,9427,0.000,0.022,0.007,-0.065,0.032,54.6,-9.9,0
3243,66.10,0.00,2337.2,127.4,0.8,4,9411,0.000,0.041,0.008,-0.069,0.033,54.0,-9.8,0
3244,66.12,0.00,2338.0,127.0,0.6,4,9379,0.000,0.071,0.003,-0.072,0.033,53.1,-9.4,0
3245,66.14,0.00,2338.8,126.6,0.4,4,9333,0.000,0.100,0.007,-0.076,0.033,52.2,-8.7,0
3246,66.16,0.00,2339.6,126.0,0.3,4,9278,0.000,0.125,0.000,-0.080,0.032,51.3,-8.1,0
3247,66.19,0.00,2340.3,125.4,0.2,4,9217,0.000,0.144,-0.006,-0.084,0.032,50.5,-7.6,0
3248,66.21,0.00,2341.1,124.7,0.1,4,9156,0.000,0.155,-0.010,-0.088,0.032,49.7,-7.4,0
3249,66.23,0.00,2341.9,124.0,0.1,4,9095,0.000,0.158,-0.010,-0.092,0.032,49.0,-7.9,0
3250,66.25,0.00,2342.6,123.3,0.1,4,9041,0.000,0.157,-0.009,-0.096,0.033,48.4,-7.7,0
3251,66.27,0.00,2343.4,122.5,0.1,4,8989,0.000,0.156,-0.007,-0.100,0.034,47.8,-7.4,0
3252,66.30,0.00,2344.1,121.8,0.1,4,8942,0.000,0.156,-0.006,-0.104,0.035,47.2,-7.1,0
3253,66.32,0.00,2344.8,121.1,0.1,4,8899,0.000,0.157,-0.005,-0.108,0.036,46.6,-6.5,0
3254,66.34,0.00,2345.6,120.3,0.1,4,8843,0.000,0.161,-0.006,-0.113,0.037,45.9,-6.4,0
3255,66.36,0.00,2346.3,119.6,0.1,4,8780,0.000,0.165,-0.007,-0.117,0.037,45.3,-6.3,0
3256,66.38,0.00,2347.1,118.9,0.1,4,8718,0.000,0.168,-0.008,-0.121,0.038,44.6,-6.2,0
3257,66.41,0.00,2347.8,118.1,0.1,4,8658,0.000,0.170,-0.008,-0.126,0.038,44.0,-6.2,0
3258,66.43,0.00,2348.5,117.3,0.1,4,8600,0.000,0.169,-0.008,-0.130,0.039,43.3,-7.4,0
3259,66.45,0.00,2349.2,116.5,0.1,4,8545,0.000,0.167,-0.008,-0.135,0.040,42.8,-7.9,0
3260,66.47,0.00,2349.9,115.8,0.1,4,8493,0.000,0.166,-0.014,-0.140,0.039,42.2,-7.5,0
3261,66.49,0.00,2350.6,115.0,0.1,4,8441,0.000,0.164,-0.067,-0.143,0.029,41.6,-7.0,0
3262,66.52,0.00,2351.3,114.3,-0.0,4,8402,0.000,0.144,-0.110,-0.146,0.020,41.4,-6.0,0
3263,66.54,0.00,2352.1,113.6,-0.1,4,8371,0.000,0.098,-0.137,-0.148,0.014,41.5,-5.9,0
3264,66.56,0.00,2352.8,113.0,-0.2,4,8336,0.000,0.028,-0.158,-0.150,0.011,42.1,-6.9,0
3265,66.58,0.00,2353.4,112.6,-0.1,4,8324,0.050,0.000,-0.150,-0.151,0.009,43.2,-8.3,0
3266,66.60,0.00,2354.1,112.3,0.2,4,8333,0.100,0.000,-0.125,-0.152,0.011,44.8,-8.4,0
3267,66.63,0.00,2354.8,112.2,0.7,4,8341,0.150,0.000,-0.099,-0.153,0.013,46.5,-7.9,0
3268,66.65,0.00,2355.5,112.1,0.8,4,8344,0.200,0.000,-0.085,-0.154,0.013,48.0,-7.6,0
3269,66.67,0.00,2356.2,112.0,0.8,4,8357,0.250,0.000,-0.083,-0.154,0.011,49.1,-7.1,0
3270,66.69,0.00,2356.9,112.0,0.8,4,8378,0.300,0.000,-0.088,-0.155,0.008,50.2,-6.6,0
3271,66.71,0.00,2357.6,112.0,0.7,4,8402,0.350,0.000,-0.086,-0.155,0.006,51.3,-6.0,0
3272,66.74,0.00,2358.3,112.0,0.7,4,8428,0.400,0.000,-0.082,-0.154,0.005,52.6,-5.4,0
3273,66.76,0.00,2359.0,112.1,0.7,4,8438,0.450,0.000,-0.081,-0.154,0.003,53.8,-5.4,0
3274,66.78,0.00,2359.7,112.3,0.6,4,8469,0.500,0.000,-0.083,-0.154,0.000,55.0,-4.9,0
3275,66.80,0.00,2360.4,112.5,0.5,4,8510,0.550,0.000,-0.083,-0.153,-0.003,56.2,-4.2,0
3276,66.82,0.00,2361.1,112.7,0.5,4,8555,0.600,0.000,-0.080,-0.152,-0.005,57.6,-3.5,0
3277,66.85,0.00,2361.8,113.0,0.5,4,8602,0.650,0.000,-0.075,-0.151,-0.006,59.2,-2.9,0
3278,66.87,0.00,2362.5,113.3,0.6,4,8655,0.700,0.000,-0.069,-0.149,-0.008,60.9,-2.2,0
3279,66.89,0.00,2363.2,113.7,0.6,4,8708,0.750,0.000,-0.067,-0.148,-0.010,62.6,-1.6,0
3280,66.91,0.00,2363.9,114.1,0.6,4,8766,0.800,0.000,-0.065,-0.146,-0.013,64.2,-0.9,0
3281,66.93,0.00,2364.6,114.6,0.6,4,8830,0.850,0.000,-0.124,-0.143,-0.015,65.9,-0.2,0
3282,66.96,0.00,2365.3,115.1,0.5,4,8903,0.900,0.000,-0.123,-0.141,-0.016,94.1,0.7,0
3283,66.98,0.00,2366.0,115.6,0.7,4,9087,0.950,0.000,-0.114,-0.138,-0.015,92.9,4.0,0
3284,67.00,0.00,2366.7,116.2,1.0,4,9205,0.800,0.000,-0.098,-0.136,-0.013,92.2,6.0,0
3285,67.02,0.00,2367.4,116.8,1.3,4,9110,0.850,0.000,-0.085,-0.133,-0.012,91.6,2.8,0
3286,67.04,0.00,2368.2,117.4,1.4,4,9132,0.900,0.000,-0.076,-0.130,-0.011,90.4,2.1,0
3287,67.07,0.00,2368.9,118.0,1.4,4,9190,0.950,0.000,-0.074,-0.127,-0.011,89.3,2.2,0
3288,67.09,0.00,2369.6,118.5,1.5,4,9518,0.800,0.000,-0.067,-0.124,-0.011,88.1,8.7,0
3289,67.11,0.00,2370.3,119.1,1.9,4,9495,0.650,0.000,-0.061,-0.121,-0.011,86.8,7.9,0
3290,67.13,0.00,2371.1,119.7,2.0,4,9280,0.700,0.000,-0.058,-0.118,-0.011,85.7,1.9,0
3291,67.15,0.00,2371.8,120.2,1.8,4,9250,0.750,0.000,-0.067,-0.115,-0.013,84.6,-0.1,0
3292,67.18,0.00,2372.5,120.7,1.5,4,9283,0.800,0.000,-0.076,-0.111,-0.015,83.6,-0.4,0
3293,67.20,0.00,2373.3,120.9,1.5,4,9721,0.650,0.000,-0.078,-0.108,-0.016,82.5,8.8,0
3294,67.22,0.00,2374.0,121.4,1.9,4,9656,0.500,0.000,-0.073,-0.104,-0.015,81.2,7.6,0
3295,67.24,0.00,2374.8,121.9,2.1,4,9371,0.550,0.000,-0.070,-0.100,-0.016,80.1,0.3,0
3296,67.26,0.00,2375.5,122.3,1.8,4,9317,0.600,0.000,-0.080,-0.096,-0.019,79.1,-2.2,0
3297,67.29,0.00,2376.3,122.6,1.4,4,9403,0.650,0.000,-0.090,-0.092,-0.021,78.1,-1.6,0
3298,67.31,0.00,2377.0,122.6,1.7,4,9919,0.500,0.000,-0.084,-0.088,-0.020,76.8,10.5,0
3299,67.33,0.00,2377.8,123.0,2.2,4,9759,0.350,0.000,-0.070,-0.083,-0.017,75.3,7.0,0
3300,67.35,0.00,2378.5,123.4,2.4,4,9398,0.400,0.000,-0.051,-0.079,-0.014,73.9,-2.4,0
3301,67.37,0.00,2379.3,123.6,2.3,4,9334,0.450,0.000,-0.024,-0.075,-0.009,72.7,-4.8,0
3302,67.40,0.00,2380.0,123.7,2.0,4,9453,0.500,0.000,-0.006,-0.072,-0.005,71.6,-2.7,0
3303,67.42,0.00,2380.8,124.0,2.0,4,9522,0.550,0.000,0.012,-0.069,-0.002,70.5,-1.1,0
3304,67.44,0.00,2381.6,124.3,1.9,4,9510,0.600,0.000,0.034,-0.067,0.000,69.6,-2.0,0
3305,67.46,0.00,2382.3,124.7,1.6,4,9515,0.650,0.000,0.033,-0.066,0.000,68.8,-2.7,0
3306,67.48,0.00,2383.1,125.1,1.1,4,9537,0.700,0.000,0.024,-0.064,-0.002,68.2,-2.9,0
3307,67.51,0.00,2383.8,125.6,0.7,4,9599,0.750,0.000,0.012,-0.063,-0.004,67.6,-2.3,0
3308,67.53,0.00,2384.6,126.1,0.4,4,9666,0.800,0.000,0.003,-0.062,-0.005,67.0,-1.6,0
3309,67.55,0.00,2385.4,126.7,0.2,4,9736,0.850,0.000,-0.003,-0.061,-0.007,66.3,-0.8,0
3310,67.57,0.00,2386.2,127.3,0.1,4,9814,0.900,0.000,-0.006,-0.060,-0.007,65.6,-0.0,0
3311,67.59,0.00,2386.9,127.9,0.0,4,9900,0.950,0.000,-0.006,-0.059,-0.007,64.8,0.8,0
3312,67.62,0.00,2387.7,128.6,0.0,4,10058,1.000,0.000,-0.005,-0.058,-0.007,64.0,3.3,0
3313,67.64,0.00,2388.5,129.3,0.0,4,10175,1.000,0.000,-0.003,-0.057,-0.006,63.2,5.0,0
3314,67.66,0.00,2389.3,130.1,0.1,4,10219,1.000,0.000,-0.002,-0.056,-0.006,62.3,4.7,0
3315,67.68,0.00,2390.1,130.9,0.1,4,10248,1.000,0.000,-0.000,-0.055,-0.006,61.5,3.9,0
3316,67.70,0.00,2390.9,131.7,0.1,4,10277,1.000,0.000,0.001,-0.054,-0.006,60.7,3.1,0
3317,67.73,0.00,2391.7,132.4,0.1,4,10399,1.000,0.000,0.001,-0.053,-0.006,59.9,4.5,0
3318,67.75,0.00,2392.5,133.2,0.1,4,10451,0.000,0.051,0.001,-0.053,-0.006,59.0,4.5,0
3319,67.77,0.00,2393.3,133.3,0.1,4,9834,0.000,0.101,0.000,-0.052,-0.005,58.2,-9.1,0
3320,67.79,0.00,2394.2,132.7,0.0,4,9768,0.000,0.121,0.001,-0.051,-0.005,57.4,-8.5,0
3321,67.81,0.00,2395.0,132.1,0.1,4,9702,0.000,0.136,0.001,-0.050,-0.005,56.6,-8.6,0
3322,67.84,0.00,2395.8,131.5,0.1,4,9640,0.000,0.149,0.001,-0.049,-0.005,55.7,-8.5,0
3323,67.86,0.00,2396.6,130.8,0.0,4,9589,0.000,0.160,0.001,-0.049,-0.005,54.9,-7.8,0
3324,67.88,0.00,2397.4,130.1,0.0,4,9535,0.000,0.168,0.001,-0.048,-0.005,54.1,-7.5,0
3325,67.90,0.00,2398.2,129.3,0.0,4,9478,0.000,0.176,0.001,-0.047,-0.005,53.3,-7.4,0
3326,67.92,0.00,2398.9,128.5,0.0,4,9401,0.000,0.183,0.001,-0.047,-0.005,52.5,-7.7,0
3327,67.95,0.00,2399.7,127.8,0.0,4,9344,0.000,0.189,0.001,-0.046,-0.005,51.7,-7.0,0
3328,67.97,0.00,2400.5,127.0,0.0,4,9289,0.000,0.194,0.001,-0.045,-0.005,50.9,-6.2,0
3329,67.99,0.00,2401.3,126.1,0.0,4,9231,0.000,0.198,0.001,-0.044,-0.005,50.2,-5.9,0
3330,68.01,0.00,2402.1,125.3,0.0,4,9170,0.000,0.201,0.002,-0.044,-0.005,49.4,-6.0,0
3331,68.03,0.00,2402.8,124.4,0.0,4,9085,0.000,0.205,0.001,-0.043,-0.005,48.6,-6.7,0
3332,68.06,0.00,2403.6,123.6,0.0,4,9028,0.000,0.208,0.001,-0.042,-0.005,47.8,-5.9,0
3333,68.08,0.00,2404.3,122.7,0.0,4,8971,0.000,0.211,0.002,-0.042,-0.005,47.1,-5.2,0
3334,68.10,0.00,2405.1,121.9,0.0,4,8910,0.000,0.213,0.003,-0.041,-0.005,46.3,-5.2,0
3335,68.12,0.00,2405.8,121.0,0.0,4,8848,0.000,0.214,0.030,-0.040,-0.005,45.6,-5.4,0
3336,68.14,0.00,2406.6,120.1,0.1,4,8761,0.000,0.213,0.025,-0.040,-0.006,44.9,-6.1,0
3337,68.17,0.00,2407.3,119.3,0.0,4,8706,0.000,0.210,0.016,-0.039,-0.008,44.2,-5.5,0
3338,68.19,0.00,2408.0,118.4,-0.1,4,8654,0.000,0.206,0.007,-0.038,-0.009,43.6,-4.9,0
3339,68.21,0.00,2408.7,117.5,-0.2,4,8599,0.000,0.205,0.001,-0.037,-0.011,43.0,-4.9,0
3340,68.23,0.00,2409.4,116.7,-0.2,4,8541,0.000,0.205,-0.004,-0.036,-0.011,42.3,-5.2,0
3341,68.25,0.00,2410.2,115.9,-0.2,4,8462,0.000,0.209,-0.006,-0.035,-0.012,41.6,-5.8,0
3342,68.28,0.00,2410.9,115.1,-0.2,4,8401,0.000,0.214,-0.006,-0.033,-0.012,40.9,-5.5,0
3343,68.30,0.00,2411.6,114.2,-0.1,4,8347,0.000,0.219,-0.005,-0.032,-0.012,40.1,-4.4,0
3344,68.32,0.00,2412.2,113.4,-0.1,4,8287,0.000,0.223,-0.004,-0.031,-0.011,39.4,-4.1,0
3345,68.34,0.00,2412.9,112.5,-0.1,4,8224,0.000,0.226,-0.003,-0.030,-0.011,38.7,-4.3,0
3346,68.36,0.00,2413.6,111.6,-0.0,4,8161,0.000,0.228,-0.002,-0.029,-0.011,38.0,-4.5,0
3347,68.39,0.00,2414.3,110.8,-0.0,4,8070,0.000,0.232,-0.001,-0.027,-0.011,37.3,-5.3,0
3348,68.41,0.00,2415.0,109.9,-0.0,4,8015,0.000,0.235,-0.001,-0.026,-0.010,36.6,-4.0,0
3349,68.43,0.00,2415.7,109.0,-0.0,3,9823,0.000,0.238,-0.001,-0.025,-0.010,35.9,-2.8,0
3350,68.45,0.00,2416.3,108.2,-0.0,3,9793,0.000,0.241,-0.000,-0.024,-0.010,35.3,-2.7,0
3351,68.47,0.00,2417.0,107.2,0.0,3,9603,0.000,0.242,0.001,-0.023,-0.010,34.6,-4.2,0
3352,68.50,0.00,2417.6,106.3,0.0,3,9481,0.000,0.241,0.002,-0.022,-0.010,33.9,-5.2,0
3353,68.52,0.00,2418.3,105.3,0.0,3,9387,0.000,0.239,0.162,-0.021,-0.010,33.3,-5.6,0
3354,68.54,0.00,2418.9,104.4,0.3,3,9325,0.000,0.233,0.151,-0.019,-0.012,32.7,-2.3,0
3355,68.56,0.00,2419.5,103.5,0.2,3,9253,0.000,0.212,0.120,-0.017,-0.018,32.4,-2.3,0
3356,68.58,0.00,2420.2,102.5,-0.0,3,9187,0.000,0.187,0.082,-0.015,-0.026,32.1,-4.0,0
3357,68.61,0.00,2420.8,101.7,-0.3,3,9129,0.000,0.168,0.045,-0.012,-0.033,31.7,-5.4,0
3358,68.63,0.00,2421.4,101.0,-0.6,3,9052,0.000,0.160,0.015,-0.009,-0.039,31.3,-6.4,0
3359,68.65,0.00,2422.0,100.3,-0.7,3,9000,0.000,0.159,-0.007,-0.005,-0.043,30.9,-6.4,0
3360,68.67,0.00,2422.6,99.6,-0.8,3,8955,0.000,0.166,-0.018,-0.002,-0.045,30.4,-5.5,0
3361,68.69,0.00,2423.2,99.0,-0.7,3,8898,0.000,0.177,-0.022,0.002,-0.046,29.8,-5.0,0
3362,68.72,0.00,2423.8,98.2,-0.5,3,8834,0.000,0.189,-0.020,0.006,-0.045,29.1,-4.7,0
3363,68.74,0.00,2424.4,97.5,-0.4,3,8764,0.000,0.200,-0.016,0.010,-0.044,28.5,-4.7,0
3364,68.76,0.00,2425.0,96.7,-0.3,3,8675,0.000,0.211,-0.012,0.014,-0.043,27.8,-4.9,0
3365,68.78,0.00,2425.6,95.9,-0.1,3,8578,0.000,0.221,-0.008,0.018,-0.042,27.2,-5.3,0
3366,68.80,0.00,2426.2,95.1,-0.1,3,8514,0.000,0.229,-0.004,0.022,-0.041,26.6,-3.9,0
3367,68.83,0.00,2426.8,94.3,-0.0,3,8442,0.000,0.235,-0.002,0.026,-0.040,26.0,-3.2,0
3368,68.85,0.00,2427.4,93.4,0.0,3,8365,0.000,0.238,-0.001,0.030,-0.040,25.4,-3.1,0
3369,68.87,0.00,2427.9,92.5,0.0,3,8287,0.000,0.241,0.000,0.034,-0.040,24.8,-3.4,0
3370,68.89,0.00,2428.5,91.6,0.0,3,8208,0.000,0.243,0.000,0.037,-0.040,24.2,-3.6,0
3371,68.91,0.00,2429.0,90.7,0.0,3,8088,0.000,0.246,0.000,0.041,-0.039,23.6,-4.4,0
3372,68.94,0.00,2429.6,89.8,0.0,3,8017,0.000,0.248,0.000,0.045,-0.039,23.1,-3.9,0
3373,68.96,0.00,2430.1,89.0,0.0,3,7955,0.000,0.254,0.001,0.048,-0.039,22.5,-0.7,0
3374,68.98,0.00,2430.7,88.1,0.0,3,7880,0.000,0.257,0.001,0.052,-0.039,22.0,1.0,0
3375,69.00,0.00,2431.2,87.2,0.0,3,7800,0.000,0.258,0.019,0.055,-0.035,21.4,0.8,0
3376,69.02,0.00,2431.8,86.2,0.1,3,7715,0.000,0.255,0.099,0.058,-0.019,20.9,-1.0,0
3377,69.05,0.00,2432.3,85.3,0.2,3,7631,0.000,0.249,0.169,0.059,-0.004,20.4,-2.1,0
3378,69.07,0.00,2432.8,84.4,0.3,3,7426,0.000,0.240,0.221,0.059,0.007,20.1,-4.4,0
3379,69.09,0.00,2433.3,83.7,0.1,3,7365,0.000,0.224,0.254,0.058,0.013,19.8,-1.9,0
3380,69.11,0.00,2433.8,82.8,-0.2,3,7369,0.000,0.204,0.281,0.057,0.019,19.6,1.9,0
3381,69.13,0.00,2434.3,82.1,-0.3,3,7341,0.000,0.186,0.305,0.055,0.023,19.3,3.0,0
3382,69.16,0.00,2434.8,81.3,-0.3,3,7296,0.000,0.166,0.330,0.052,0.028,19.1,1.8,0
3383,69.18,0.00,2435.3,80.5,-0.2,3,7246,0.000,0.145,0.349,0.050,0.032,19.0,-0.3,0
3384,69.20,0.00,2435.8,79.9,-0.1,3,7197,0.000,0.123,0.358,0.047,0.033,18.8,-2.1,0
3385,69.22,0.00,2436.3,79.4,-0.5,2,9050,0.000,0.102,0.351,0.044,0.032,18.8,-4.3,0
3386,69.24,0.00,2436.8,78.9,-1.1,2,9026,0.000,0.079,0.329,0.041,0.027,18.8,-3.8,0
3387,69.27,0.00,2437.3,78.5,-1.6,2,8861,0.000,0.057,0.308,0.037,0.023,18.8,-4.8,0
3388,69.29,0.00,2437.8,78.1,-1.9,2,8837,0.000,0.038,0.291,0.034,0.019,18.8,-5.3,0
3389,69.31,0.00,2438.3,77.7,-2.0,2,8825,0.000,0.024,0.283,0.030,0.017,18.7,-5.9,0
3390,69.33,0.00,2438.8,77.4,-1.9,2,8810,0.000,0.015,0.279,0.027,0.016,18.7,-6.2,0
3391,69.35,0.00,2439.2,77.2,-1.7,2,8792,0.000,0.009,0.278,0.024,0.015,18.6,-6.4,0
3392,69.38,0.00,2439.7,77.0,-1.8,2,8739,0.000,0.004,0.275,0.021,0.014,18.5,-7.1,0
3393,69.40,0.00,2440.2,76.7,-2.0,2,8722,0.050,0.000,0.264,0.018,0.012,18.5,-7.2,0
3394,69.42,0.00,2440.6,76.6,-2.2,2,8782,0.100,0.000,0.257,0.015,0.010,18.4,-6.1,0
3395,69.44,0.00,2441.1,76.5,-2.2,2,8842,0.150,0.000,0.255,0.012,0.010,18.4,-4.9,0
3396,69.46,0.00,2441.6,76.5,-2.0,2,8900,0.000,0.011,0.262,0.009,0.011,18.2,-3.9,0
3397,69.49,0.00,2442.0,76.4,-1.7,2,8719,0.000,0.018,0.278,0.006,0.014,18.1,-6.2,0
3398,69.51,0.00,2442.5,76.2,-1.4,2,8686,0.000,0.021,0.295,0.003,0.017,17.9,-6.1,0
3399,69.53,0.00,2443.0,75.9,-1.1,2,8642,0.000,0.023,0.310,0.000,0.020,17.8,-6.2,0
3400,69.55,0.00,2443.4,75.7,-1.1,2,8608,0.000,0.020,0.316,-0.002,0.020,17.7,-6.3,0
3401,69.57,0.00,2443.9,75.5,-1.0,2,8589,0.000,0.016,0.319,-0.005,0.021,17.6,-6.3,0
3402,69.60,0.00,2444.3,75.2,-1.0,2,8571,0.000,0.012,0.319,-0.008,0.020,17.5,-6.3,0
3403,69.62,0.00,2444.8,75.0,-0.9,2,8553,0.000,0.009,0.319,-0.010,0.020,17.4,-6.3,0
3404,69.64,0.00,2445.3,74.8,-0.8,2,8535,0.000,0.007,0.324,-0.013,0.021,17.4,-6.3,0
3405,69.66,0.00,2445.7,74.6,-0.7,2,8516,0.000,0.005,0.329,-0.015,0.021,17.3,-6.3,0
3406,69.68,0.00,2446.2,74.4,-0.6,2,8497,0.000,0.004,0.334,-0.018,0.022,17.2,-6.4,0
3407,69.71,0.00,2446.6,74.2,-0.6,2,8472,0.000,0.003,0.338,-0.020,0.022,17.1,-6.5,0
3408,69.73,0.00,2447.1,74.1,-0.6,2,8454,0.000,0.001,0.339,-0.022,0.022,17.0,-6.5,0
3409,69.75,0.00,2447.5,73.9,-0.6,2,8437,0.050,0.000,0.342,-0.025,0.021,17.0,-6.5,0
3410,69.77,0.00,2448.0,73.8,-0.6,2,8473,0.100,0.000,0.913,-0.027,0.020,16.9,-5.7,0
3411,69.79,0.00,2448.4,73.7,-0.4,2,8512,0.000,0.001,0.898,-0.029,0.019,16.8,-4.2,0
3412,69.82,0.00,2448.9,73.4,-0.3,2,8394,0.050,0.000,0.880,-0.031,0.018,16.8,-4.4,0
3413,69.84,0.00,2449.3,73.2,-0.3,2,8411,0.100,0.000,0.855,-0.032,0.016,16.8,-3.4,0
3414,69.86,0.00,2449.8,73.0,-0.3,2,8440,0.150,0.000,0.825,-0.034,0.014,16.7,-2.5,0
3415,69.88,0.00,2450.2,72.9,-0.4,2,8479,0.200,0.000,0.793,-0.035,0.011,16.7,-1.8,0
3416,69.90,0.00,2450.6,72.8,-0.4,2,8531,0.250,0.000,0.754,-0.036,0.007,16.7,-1.0,0
3417,69.93,0.00,2451.1,72.9,-0.5,2,8599,0.300,0.000,0.710,-0.037,0.002,16.7,-0.3,0
3418,69.95,0.00,2451.5,73.0,-0.7,2,8684,0.350,0.000,0.664,-0.038,-0.003,16.7,0.7,0
3419,69.97,0.00,2452.0,73.1,-0.9,2,8789,0.400,0.000,0.622,-0.038,-0.008,16.7,1.8,0
3420,69.99,0.00,2452.4,73.4,-1.1,2,8916,0.450,0.000,0.586,-0.039,-0.011,16.7,3.3,0
3421,70.01,0.00,2452.8,73.7,-1.4,2,9068,0.000,0.018,0.554,-0.039,-0.014,16.7,5.0,0
3422,70.04,0.00,2453.3,73.8,-1.6,2,8442,0.000,0.026,0.528,-0.040,-0.015,16.6,-4.0,0
3423,70.06,0.00,2453.7,73.5,-1.4,2,8375,0.000,0.021,0.513,-0.040,-0.015,16.5,-4.5,0
3424,70.08,0.00,2454.2,73.2,-1.3,2,8339,0.000,0.015,0.497,-0.041,-0.015,16.4,-5.0,0
3425,70.10,0.00,2454.6,72.9,-1.2,2,8306,0.000,0.008,0.474,-0.041,-0.017,16.4,-5.5,0
3426,70.12,0.00,2455.1,72.6,-1.2,2,8278,0.000,0.003,0.445,-0.041,-0.019,16.3,-6.0,0
3427,70.15,0.00,2455.5,72.4,-1.3,2,8254,0.050,0.000,0.413,-0.040,-0.022,16.2,-6.3,0
3428,70.17,0.00,2455.9,72.2,-1.4,2,8294,0.100,0.000,0.379,-0.040,-0.025,16.1,-5.5,0
3429,70.19,0.00,2456.4,72.1,-1.5,2,8345,0.000,0.001,0.350,-0.040,-0.027,16.0,-4.6,0
3430,70.21,0.00,2456.8,72.0,-1.6,2,8222,0.000,0.006,0.327,-0.039,-0.029,15.9,-6.2,0
3431,70.23,0.00,2457.2,71.8,-1.5,2,8195,0.000,0.011,0.315,-0.039,-0.029,15.8,-6.1,0
3432,70.26,0.00,2457.7,71.6,-1.3,2,8169,0.000,0.015,0.309,-0.038,-0.028,15.6,-6.0,0
3433,70.28,0.00,2458.1,71.4,-1.2,2,8143,0.000,0.019,0.307,-0.038,-0.026,15.5,-5.9,0
3434,70.30,0.00,2458.5,71.2,-1.1,2,8117,0.000,0.022,0.308,-0.037,-0.024,15.4,-5.9,0
3435,70.32,0.00,2459.0,70.9,-0.9,2,8091,0.000,0.025,0.322,-0.037,-0.020,15.2,-5.8,0
3436,70.34,0.00,2459.4,70.7,-0.8,2,8064,0.000,0.025,0.442,-0.036,-0.014,15.1,-5.7,0
3437,70.37,0.00,2459.8,70.5,-0.6,2,8037,0.000,0.023,0.457,-0.036,-0.009,15.0,-5.2,0
3438,70.39,0.00,2460.2,70.2,-0.4,2,8011,0.000,0.009,0.464,-0.036,-0.005,14.9,-5.2,0
3439,70.41,0.00,2460.7,70.0,-0.3,2,7995,0.050,0.000,0.467,-0.036,-0.002,14.9,-5.5,0
3440,70.43,0.00,2461.1,69.8,-0.2,2,8028,0.100,0.000,0.469,-0.037,0.001,14.9,-5.1,0
3441,70.45,0.00,2461.5,69.7,-0.2,2,8066,0.150,0.000,0.473,-0.037,0.005,14.9,-4.3,0
3442,70.48,0.00,2461.9,69.7,-0.1,2,8112,0.200,0.000,0.478,-0.038,0.008,14.9,-3.6,0
3443,70.50,0.00,2462.4,69.8,-0.1,2,8167,0.250,0.000,0.487,-0.039,0.012,14.9,-2.8,0
3444,70.52,0.00,2462.8,69.9,-0.1,2,8232,0.300,0.000,0.541,-0.040,0.020,15.0,-1.9,0
3445,70.54,0.00,2463.2,70.1,-0.0,2,8308,0.350,0.000,0.570,-0.042,0.028,15.1,-0.8,0
3446,70.56,0.00,2463.6,70.3,-0.1,2,8398,0.400,0.000,0.597,-0.044,0.035,15.2,0.4,0
3447,70.59,0.00,2464.0,70.5,-0.2,2,8553,0.450,0.000,0.618,-0.047,0.042,15.4,2.4,0
3448,70.61,0.00,2464.5,70.9,-0.5,2,8692,0.500,0.000,0.635,-0.051,0.048,15.7,4.2,0
3449,70.63,0.00,2464.9,71.3,-0.8,2,8848,0.350,0.000,0.649,-0.055,0.055,16.0,6.2,0
3450,70.65,0.00,2465.3,71.7,-1.1,2,8653,0.400,0.000,0.678,-0.061,0.062,16.3,3.0,0
3451,70.67,0.00,2465.8,72.0,-1.1,2,8708,0.450,0.000,0.713,-0.067,0.071,16.6,3.5,0
3452,70.70,0.00,2466.2,72.4,-1.1,2,8822,0.500,0.000,0.761,-0.074,0.086,16.9,4.9,0
3453,70.72,0.00,2466.6,72.8,-1.1,2,8968,0.350,0.000,0.818,-0.082,0.103,17.4,6.8,0
3454,70.74,0.00,2467.0,73.1,-1.1,2,8786,0.400,0.000,0.859,-0.091,0.119,18.2,3.9,0
3455,70.76,0.00,2467.4,73.2,-1.2,2,8970,0.250,0.000,0.891,-0.102,0.135,42.5,6.4,0
3456,70.78,0.00,2467.9,73.3,-1.5,2,8778,0.300,0.000,0.933,-0.114,0.148,41.5,3.5,0
3457,70.81,0.00,2468.3,73.5,-1.8,2,8804,0.350,0.000,0.976,-0.127,0.160,40.3,3.9,0
3458,70.83,0.00,2468.7,73.7,-2.1,2,8882,0.200,0.000,0.907,-0.142,0.175,39.1,5.4,0
3459,70.85,0.00,2469.1,73.9,-2.2,2,8680,0.250,0.000,0.996,-0.158,0.193,38.0,2.5,0
3460,70.87,0.00,2469.5,74.0,-2.0,2,8720,0.300,0.000,1.000,-0.175,0.213,37.1,3.5,0
3461,70.89,0.00,2469.9,74.1,-1.6,2,8783,0.350,0.000,1.000,-0.192,0.201,36.3,4.9,0
3462,70.92,0.00,2470.4,74.3,-1.2,2,8860,0.200,0.000,0.957,-0.208,0.189,35.4,6.1,0
3463,70.94,0.00,2470.8,74.3,-0.8,2,8735,0.250,0.000,0.895,-0.223,0.175,34.6,3.5,0
3464,70.96,0.00,2471.3,74.2,-0.9,2,8973,0.100,0.000,0.816,-0.237,0.159,33.6,6.3,0
3465,70.98,0.00,2471.7,74.2,-1.5,2,8718,0.150,0.000,0.718,-0.249,0.138,32.5,1.9,0
3466,71.00,0.00,2472.2,74.2,-2.1,2,8704,0.200,0.000,0.589,-0.261,0.119,31.5,1.3,0
3467,71.03,0.00,2472.6,74.3,-2.5,2,8774,0.250,0.000,0.507,-0.271,0.101,30.5,1.8,0
3468,71.05,0.00,2473.1,74.4,-2.5,2,8871,0.300,0.000,0.433,-0.281,0.086,29.6,2.3,0
3469,71.07,0.00,2473.5,74.5,-2.4,2,8988,0.350,0.000,0.360,-0.290,0.070,28.7,2.8,0
3470,71.09,0.00,2474.0,74.8,-2.2,2,9106,0.400,0.000,0.284,-0.297,0.055,27.8,3.5,0
3471,71.11,0.00,2474.4,75.0,-2.3,2,9505,0.250,0.000,0.141,-0.303,0.037,26.9,8.1,0
3472,71.14,0.00,2474.9,75.1,-3.3,2,9734,0.100,0.000,0.044,-0.308,0.017,26.0,11.3,0
3473,71.16,0.00,2475.3,75.2,-4.5,2,9508,0.000,0.000,-0.049,-0.312,-0.003,25.0,7.8,0
3474,71.18,0.00,2475.8,75.3,-5.1,2,8984,0.050,0.000,-0.120,-0.317,-0.018,24.2,-0.6,0
3475,71.20,0.00,2476.3,75.4,-5.0,2,8747,0.100,0.000,-0.155,-0.320,-0.025,23.6,-4.8,0
3476,71.22,0.00,2476.7,75.5,-4.3,2,8715,0.150,0.000,-0.154,-0.323,-0.025,23.2,-5.5,0
3477,71.25,0.00,2477.2,75.6,-3.2,2,8758,0.200,0.000,-0.130,-0.325,-0.020,22.9,-5.1,0
3478,71.27,0.00,2477.7,75.9,-2.2,2,8831,0.250,0.000,-0.096,-0.326,-0.013,22.6,-4.3,0
3479,71.29,0.00,2478.1,76.1,-1.5,2,8967,0.300,0.000,-0.066,-0.327,-0.007,22.2,-2.4,0
3480,71.31,0.00,2478.6,76.5,-1.0,2,9027,0.350,0.000,-0.043,-0.328,-0.002,21.9,-2.0,0
3481,71.33,0.00,2479.1,76.9,-0.6,2,9102,0.400,0.000,-0.026,-0.329,0.001,21.5,-1.5,0
3482,71.36,0.00,2479.5,77.4,-0.4,2,9193,0.450,0.000,-0.016,-0.329,0.003,21.1,-1.0,0
3483,71.38,0.00,2480.0,78.0,-0.3,2,9309,0.500,0.000,-0.010,-0.330,0.005,20.6,-0.2,0
3484,71.40,0.00,2480.5,78.6,-0.2,2,9450,0.550,0.000,-0.007,-0.331,0.005,20.1,0.8,0
3485,71.42,0.00,2481.0,79.3,-0.2,2,9615,0.000,0.021,-0.005,-0.331,0.006,19.7,2.1,0
3486,71.44,0.00,2481.4,79.5,-0.1,2,9076,0.000,0.072,-0.005,-0.332,0.006,19.2,-6.3,0
3487,71.47,0.00,2481.9,79.3,-0.1,2,9020,0.000,0.107,-0.004,-0.333,0.006,18.7,-3.0,0
3488,71.49,0.00,2482.4,79.1,-0.1,2,8968,0.000,0.141,-0.004,-0.333,0.007,18.2,2.5,0
3489,71.51,0.00,2482.9,78.7,-0.1,2,8899,0.000,0.166,-0.041,-0.334,0.007,17.7,5.8,0
3490,71.53,0.00,2483.4,78.2,-0.2,2,8813,0.000,0.096,-0.206,-0.333,-0.026,17.2,10.5,0
3491,71.55,0.00,2484.0,77.9,-0.5,2,8784,0.000,0.109,-0.708,-0.330,-0.062,16.8,13.3,0
3492,71.58,0.00,2484.6,77.3,-0.9,2,8656,0.000,0.109,-0.858,-0.325,-0.092,16.5,6.4,0
3493,71.60,0.00,2485.1,76.6,-0.8,2,8332,0.000,0.202,-0.960,-0.318,-0.111,16.3,-2.3,0
3494,71.62,0.00,2485.6,75.9,0.1,2,7884,0.000,0.164,-1.000,-0.309,-0.117,16.3,-5.3,0
3495,71.64,0.00,2486.2,75.2,1.6,2,7588,0.000,0.110,-1.000,-0.299,-0.116,16.5,-9.1,0
3496,71.66,0.00,2486.7,74.4,3.3,2,7443,0.000,0.023,-0.998,-0.288,-0.106,16.8,-12.2,0
3497,71.69,0.00,2487.2,73.8,5.1,2,7457,0.050,0.000,-0.552,-0.276,-0.088,17.1,-15.3,0
3498,71.71,0.00,2487.6,72.9,6.5,2,8014,0.100,0.000,-0.464,-0.264,-0.071,17.5,-9.0,0
3499,71.73,0.00,2488.1,72.4,7.3,2,8319,0.150,0.000,-0.407,-0.252,-0.059,17.8,-4.4,0
3500,71.75,0.00,2488.6,72.2,7.7,2,8445,0.200,0.000,-0.376,-0.240,-0.052,18.0,-2.0,0
3501,71.77,0.00,2489.1,72.0,8.0,2,8546,0.250,0.000,-0.365,-0.228,-0.048,18.2,-0.1,0
3502,71.80,0.00,2489.6,72.0,8.2,2,8667,0.300,0.000,-0.364,-0.217,-0.047,18.4,1.9,0
3503,71.82,0.00,2490.0,72.0,8.5,2,8812,0.350,0.000,-0.357,-0.205,-0.044,18.5,4.2,0
3504,71.84,0.00,2490.5,72.1,8.7,2,8980,0.200,0.000,-0.348,-0.193,-0.041,18.6,6.8,0
3505,71.86,0.00,2490.9,72.2,8.9,2,8755,0.250,0.000,-0.346,-0.181,-0.039,18.6,3.4,0
3506,71.88,0.00,2491.4,72.2,8.9,2,8766,0.300,0.000,-0.353,-0.169,-0.039,18.7,3.5,0
3507,71.91,0.00,2491.9,72.3,8.7,2,8861,0.350,0.000,-0.367,-0.157,-0.041,18.7,5.0,0
3508,71.93,0.00,2492.3,72.5,8.5,2,8992,0.200,0.000,-0.387,-0.145,-0.044,18.7,6.9,0
3509,71.95,0.00,2492.8,72.6,8.2,2,8753,0.250,0.000,-0.414,-0.133,-0.048,18.6,3.3,0
3510,71.97,0.00,2493.2,72.7,7.8,2,8762,0.300,0.000,-0.442,-0.121,-0.053,18.6,3.3,0
3511,71.99,0.00,2493.7,72.8,7.2,2,8842,0.350,0.000,-0.466,-0.109,-0.056,18.5,4.5,0
3512,72.02,0.00,2494.2,73.0,6.7,2,8947,0.200,0.000,-0.494,-0.098,-0.061,18.4,5.9,0
3513,72.04,0.00,2494.6,73.2,6.0,2,8716,0.250,0.000,-0.526,-0.086,-0.066,18.2,2.3,0
3514,72.06,0.00,2495.1,73.3,5.4,2,8741,0.300,0.000,-0.562,-0.075,-0.072,18.1,2.5,0
3515,72.08,0.00,2495.5,73.5,4.7,2,8815,0.350,0.000,-0.600,-0.065,-0.078,17.9,3.5,0
3516,72.10,0.00,2496.0,73.7,4.0,2,8903,0.400,0.000,-0.639,-0.054,-0.085,17.8,4.7,0
3517,72.13,0.00,2496.4,74.0,3.5,2,9002,0.250,0.000,-0.679,-0.044,-0.092,17.6,6.0,0
3518,72.15,0.00,2496.9,74.3,2.9,2,8797,0.300,0.000,-0.711,-0.033,-0.097,17.5,2.6,0
3519,72.17,0.00,2497.3,74.4,2.3,2,8841,0.350,0.000,-0.742,-0.023,-0.102,17.3,3.0,0
3520,72.19,0.00,2497.8,74.7,1.8,2,8916,0.000,0.018,-0.773,-0.013,-0.107,17.2,3.8,0
3521,72.21,0.00,2498.2,74.6,1.2,2,8523,0.000,0.026,-0.802,-0.003,-0.111,17.1,-1.4,0
3522,72.24,0.00,2498.7,74.3,0.8,2,8475,0.000,0.019,-0.824,0.006,-0.114,17.0,-1.3,0
3523,72.26,0.00,2499.1,74.0,0.4,2,8441,0.000,0.005,-0.836,0.015,-0.115,16.9,-1.7,0
3524,72.28,0.00,2499.6,73.6,0.1,2,8415,0.050,0.000,-0.837,0.024,-0.114,17.0,-2.7,0
3525,72.30,0.00,2500.0,73.4,0.0,2,8434,0.100,0.000,-0.824,0.033,-0.110,17.1,-2.8,0
3526,72.32,0.00,2500.5,73.3,-0.0,2,8462,0.150,0.000,-0.800,0.041,-0.104,17.2,-2.6,0
3527,72.35,0.00,2500.9,73.2,0.0,2,8506,0.200,0.000,-0.772,0.049,-0.097,17.5,-2.0,0
3528,72.37,0.00,2501.4,73.2,0.2,2,8562,0.250,0.000,-0.744,0.056,-0.089,17.7,-1.3,0
3529,72.39,0.00,2501.8,73.3,0.3,2,8633,0.300,0.000,-0.718,0.062,-0.081,17.9,-0.5,0
3530,72.41,0.00,2502.2,73.4,0.5,2,8724,0.350,0.000,-0.694,0.069,-0.074,18.2,0.6,0
3531,72.43,0.00,2502.7,73.7,0.6,2,8833,0.400,0.000,-0.674,0.074,-0.067,18.5,1.9,0
3532,72.46,0.00,2503.1,74.0,0.9,2,8962,0.450,0.000,-0.660,0.080,-0.060,18.7,3.4,0
3533,72.48,0.00,2503.6,74.4,1.1,2,9119,0.300,0.000,-0.646,0.085,-0.052,19.0,5.3,0
3534,72.50,0.00,2504.0,74.7,1.3,2,8938,0.350,0.000,-0.635,0.091,-0.045,19.3,2.1,0
3535,72.52,0.00,2504.5,75.0,1.5,2,9013,0.400,0.000,-0.625,0.095,-0.039,19.7,2.7,0
3536,72.54,0.00,2504.9,75.3,1.5,2,9124,0.450,0.000,-0.615,0.100,-0.033,20.0,3.9,0
3537,72.57,0.00,2505.4,75.7,1.6,2,9267,0.300,0.000,-0.605,0.104,-0.028,20.4,5.4,0
3538,72.59,0.00,2505.8,76.0,1.6,2,9083,0.350,0.000,-0.592,0.107,-0.023,20.9,1.9,0
3539,72.61,0.00,2506.3,76.3,1.6,2,9162,0.400,0.000,-0.578,0.110,-0.018,21.4,2.4,0
3540,72.63,0.00,2506.7,76.6,1.6,2,9291,0.450,0.000,-0.561,0.113,-0.013,22.0,3.8,0
3541,72.65,0.00,2507.2,77.0,1.7,2,9451,0.300,0.000,-0.538,0.116,-0.007,22.7,5.5,0
3542,72.68,0.00,2507.7,77.4,1.8,2,9259,0.350,0.000,-0.516,0.118,-0.001,23.5,1.9,0
3543,72.70,0.00,2508.1,77.7,1.8,2,9327,0.400,0.000,-0.498,0.120,0.005,24.4,2.2,0
3544,72.72,0.00,2508.6,78.0,1.8,2,9440,0.450,0.000,-0.595,0.121,0.009,25.4,3.2,0
3545,72.74,0.00,2509.1,78.5,1.7,2,9585,0.300,0.000,-0.554,0.122,0.014,26.6,5.1,0
3546,72.76,0.00,2509.5,78.8,1.7,2,9404,0.350,0.000,-0.506,0.123,0.019,28.1,1.7,0
3547,72.79,0.00,2510.0,79.1,1.7,2,9489,0.400,0.000,-0.267,0.123,0.023,29.8,2.1,0
3548,72.81,0.00,2510.5,79.4,1.8,2,9618,0.450,0.000,-0.220,0.123,0.028,31.8,2.3,0
3549,72.83,0.00,2510.9,79.9,2.0,2,9766,0.500,0.000,-0.189,0.122,0.032,34.0,3.5,0
3550,72.85,0.00,2511.4,80.5,2.1,2,9925,0.550,0.000,-0.170,0.122,0.034,36.3,4.9,0
3551,72.87,0.00,2511.9,80.8,1.9,3,7871,0.600,0.000,-0.164,0.121,0.034,38.7,-5.1,0
3552,72.90,0.00,2512.4,80.8,1.6,3,7884,0.650,0.000,-0.168,0.120,0.033,41.0,-5.8,0
3553,72.92,0.00,2512.9,80.8,1.2,3,7403,0.700,0.000,-0.225,0.119,0.030,43.5,-5.3,0
3554,72.94,0.00,2513.4,81.2,0.8,3,7794,0.750,0.000,-0.205,0.117,0.028,46.6,1.8,0
3555,72.96,0.00,2513.9,81.8,0.7,3,7938,0.800,0.000,-0.175,0.116,0.027,49.9,3.6,0
3556,72.98,0.00,2514.4,82.5,0.8,3,8079,0.650,0.000,-0.147,0.114,0.027,52.9,5.0,0
3557,73.01,0.00,2514.9,83.2,0.9,3,7990,0.700,0.000,-0.129,0.113,0.025,55.5,2.2,0
3558,73.03,0.00,2515.4,83.9,0.8,3,8021,0.750,0.000,-0.125,0.112,0.021,57.4,1.5,0
3559,73.05,0.00,2515.9,84.6,0.6,3,8123,0.800,0.000,-0.132,0.111,0.016,58.9,2.1,0
3560,73.07,0.00,2516.4,85.3,0.4,3,8258,0.850,0.000,-0.068,0.111,0.010,60.4,3.4,0
3561,73.09,0.00,2516.9,86.1,0.5,3,8423,0.700,0.000,-0.087,0.111,0.004,61.5,5.1,0
3562,73.12,0.00,2517.4,86.9,0.4,3,8359,0.750,0.000,-0.111,0.111,-0.003,62.4,2.6,0
3563,73.14,0.00,2517.9,87.6,0.3,3,8444,0.800,0.000,-0.136,0.112,-0.009,63.4,2.8,0
3564,73.16,0.00,2518.5,88.4,0.2,3,8525,0.850,0.000,-0.193,0.113,-0.015,64.5,3.1,0
3565,73.18,0.00,2519.0,89.2,-0.1,3,8645,0.900,0.000,-0.197,0.115,-0.019,66.0,3.7,0
3566,73.20,0.00,2519.5,90.0,-0.1,3,8821,0.750,0.000,-0.181,0.117,-0.020,68.4,5.5,0
3567,73.23,0.00,2520.1,90.8,0.2,3,8796,0.800,0.000,-0.160,0.119,-0.020,70.9,3.6,0
3568,73.25,0.00,2520.6,91.6,0.4,3,8947,0.650,0.000,-0.090,0.120,-0.009,73.2,5.1,0
3569,73.27,0.00,2521.2,92.3,0.8,3,8895,0.700,0.000,-0.037,0.121,0.001,75.0,2.9,0
3570,73.29,0.00,2521.8,93.1,0.9,3,8817,0.750,0.000,0.005,0.122,0.008,76.0,0.3,0
3571,73.31,0.00,2522.3,93.9,0.7,3,8852,0.800,0.000,0.017,0.122,0.010,75.9,-0.8,0
3572,73.34,0.00,2522.9,94.7,0.5,3,9013,0.850,0.000,0.013,0.122,0.010,75.3,0.7,0
3573,73.36,0.00,2523.5,95.5,0.3,3,9262,0.900,0.000,0.006,0.121,0.009,74.6,4.0,0
3574,73.38,0.00,2524.1,96.3,0.1,3,9583,0.750,0.000,-0.002,0.120,0.009,73.8,8.7,0
3575,73.40,0.00,2524.7,97.2,0.0,3,9606,0.600,0.000,-0.007,0.120,0.008,73.1,7.8,0
3576,73.42,0.00,2525.3,97.9,-0.1,3,9436,0.650,0.000,-0.009,0.119,0.008,72.6,3.1,0
3577,73.45,0.00,2525.9,98.6,-0.1,3,9472,0.700,0.000,-0.011,0.118,0.009,72.0,2.4,0
3578,73.47,0.00,2526.5,99.4,-0.2,3,9578,0.750,0.000,-0.010,0.117,0.009,71.5,3.0,0
3579,73.49,0.00,2527.1,100.1,-0.2,3,9703,0.800,0.000,-0.009,0.116,0.010,71.0,4.0,0
3580,73.51,0.00,2527.7,101.0,-0.2,3,9844,0.650,0.000,-0.008,0.114,0.011,70.6,5.2,0
3581,73.53,0.00,2528.3,101.8,-0.1,3,9732,0.700,0.000,-0.007,0.113,0.011,70.1,1.7,0
3582,73.56,0.00,2528.9,102.5,-0.1,3,9812,0.750,0.000,-0.006,0.112,0.012,69.6,1.8,0
3583,73.58,0.00,2529.6,103.3,-0.1,3,9849,0.800,0.000,-0.006,0.110,0.012,69.0,1.2,0
3584,73.60,0.00,2530.2,104.2,-0.1,3,9946,0.850,0.000,-0.005,0.109,0.013,68.5,1.5,0
3585,73.62,0.00,2530.8,105.0,-0.1,3,10116,0.900,0.000,-0.005,0.107,0.013,68.0,3.2,0
3586,73.64,0.00,2531.5,105.9,-0.1,3,10358,0.750,0.000,-0.006,0.106,0.014,67.4,6.2,0
3587,73.67,0.00,2532.1,106.7,-0.1,3,10345,0.800,0.000,-0.006,0.104,0.014,66.8,4.5,0
3588,73.69,0.00,2532.8,107.5,-0.1,3,10483,0.650,0.000,-0.006,0.102,0.015,66.3,5.6,0
3589,73.71,0.00,2533.5,108.3,-0.1,3,10379,0.700,0.000,-0.006,0.100,0.015,65.7,2.3,0
3590,73.73,0.00,2534.1,109.0,-0.1,3,10456,0.750,0.000,-0.006,0.099,0.016,65.1,2.3,0
3591,73.75,0.00,2534.8,109.8,-0.1,3,10577,0.800,0.000,-0.007,0.097,0.016,64.5,3.2,0
3592,73.78,0.00,2535.5,110.6,-0.1,3,10718,0.850,0.000,-0.007,0.095,0.017,64.0,4.5,0
3593,73.80,0.00,2536.1,111.0,-0.1,4,8711,0.900,0.000,-0.007,0.093,0.017,63.4,-7.9,0
3594,73.82,0.00,2536.8,111.0,-0.1,4,8721,0.950,0.000,-0.007,0.090,0.018,62.8,-8.2,0
3595,73.84,0.00,2537.5,110.9,-0.1,4,8244,1.000,0.000,-0.007,0.088,0.019,62.2,-7.9,0
3596,73.86,0.00,2538.2,111.5,-0.1,4,8662,1.000,0.000,-0.007,0.086,0.019,61.6,1.4,0
3597,73.89,0.00,2538.9,112.2,-0.1,4,8766,1.000,0.000,-0.006,0.084,0.020,61.0,2.7,0
3598,73.91,0.00,2539.6,113.0,-0.1,4,8852,1.000,0.000,-0.006,0.081,0.020,60.5,3.3,0
3599,73.93,0.00,2540.2,113.8,-0.1,4,8935,1.000,0.000,-0.006,0.079,0.021,59.9,3.8,0
3600,73.95,0.00,2540.9,114.7,-0.1,4,9016,1.000,0.000,-0.006,0.076,0.021,59.3,4.3,0
3601,73.97,0.00,2541.6,115.5,-0.1,4,9095,1.000,0.000,-0.006,0.073,0.022,58.6,4.7,0
3602,74.00,0.00,2542.3,116.3,-0.1,4,9174,0.850,0.000,-0.007,0.071,0.022,58.0,5.1,0
3603,74.02,0.00,2543.1,117.1,-0.1,4,9113,0.900,0.000,-0.007,0.068,0.023,57.4,2.3,0
3604,74.04,0.00,2543.8,117.9,-0.1,4,9182,0.950,0.000,-0.007,0.065,0.024,56.8,2.4,0
3605,74.06,0.00,2544.5,118.6,-0.1,4,9288,1.000,0.000,-0.008,0.062,0.024,56.2,3.4,0
3606,74.08,0.00,2545.2,119.4,-0.1,4,9459,0.850,0.000,-0.031,0.059,0.025,55.6,6.0,0
3607,74.11,0.00,2546.0,120.2,-0.1,4,9399,0.900,0.000,-0.027,0.056,0.026,55.1,3.3,0
3608,74.13,0.00,2546.7,121.0,-0.1,4,9450,0.950,0.000,-0.018,0.052,0.028,54.7,3.0,0
3609,74.15,0.00,2547.4,121.8,0.0,4,9537,1.000,0.000,-0.009,0.049,0.030,54.3,3.6,0
3610,74.17,0.00,2548.2,122.6,0.1,4,9641,1.000,0.000,-0.003,0.045,0.032,53.8,4.5,0
3611,74.19,0.00,2548.9,123.5,0.1,4,9712,1.000,0.000,-0.000,0.041,0.033,53.3,4.7,0
3612,74.22,0.00,2549.7,124.4,0.1,4,9777,1.000,0.000,-0.000,0.037,0.033,52.6,4.8,0
3613,74.24,0.00,2550.5,125.2,0.1,4,9849,0.000,0.053,-0.002,0.033,0.034,51.9,5.0,0
3614,74.26,0.00,2551.2,125.4,0.0,4,9255,0.000,0.106,-0.005,0.029,0.034,51.1,-7.9,0
3615,74.28,0.00,2552.0,125.0,-0.0,4,9195,0.000,0.127,-0.007,0.024,0.034,50.4,-7.4,0
3616,74.30,0.00,2552.8,124.5,-0.0,4,9117,0.000,0.143,-0.007,0.020,0.035,49.7,-8.3,0
3617,74.33,0.00,2553.5,123.9,-0.0,4,9077,0.000,0.152,-0.007,0.015,0.035,49.1,-8.2,0
3618,74.35,0.00,2554.3,123.3,-0.0,4,9041,0.000,0.159,-0.007,0.011,0.036,48.4,-7.9,0
3619,74.37,0.00,2555.0,122.7,-0.0,4,8999,0.000,0.166,-0.006,0.006,0.037,47.8,-7.6,0
3620,74.39,0.00,2555.8,122.0,-0.0,4,8954,0.000,0.171,-0.005,0.002,0.038,47.1,-7.3,0
3621,74.41,0.00,2556.5,121.4,-0.0,4,8907,0.000,0.177,-0.005,-0.003,0.038,46.5,-6.9,0
3622,74.44,0.00,2557.2,120.7,-0.0,4,8856,0.000,0.184,-0.005,-0.008,0.039,45.8,-6.2,0
3623,74.46,0.00,2558.0,120.0,-0.0,4,8802,0.000,0.191,-0.006,-0.013,0.039,45.2,-5.2,0
3624,74.48,0.00,2558.7,119.3,-0.0,4,8744,0.000,0.197,-0.014,-0.017,0.038,44.5,-5.0,0
3625,74.50,0.00,2559.4,118.6,-0.1,4,8685,0.000,0.198,-0.043,-0.022,0.033,43.9,-5.2,0
3626,74.52,0.00,2560.2,117.9,-0.1,4,8600,0.000,0.187,-0.066,-0.026,0.028,43.5,-6.2,0
3627,74.55,0.00,2560.9,117.1,-0.1,4,8548,0.000,0.155,-0.076,-0.029,0.026,43.4,-6.9,0
3628,74.57,0.00,2561.6,116.5,0.1,4,8538,0.000,0.104,-0.074,-0.032,0.025,43.7,-6.9,0
3629,74.59,0.00,2562.3,116.0,0.2,4,8533,0.000,0.044,-0.061,-0.035,0.025,44.3,-7.6,0
3630,74.61,0.00,2563.0,115.7,0.4,4,8540,0.050,0.000,-0.055,-0.037,0.025,45.0,-8.4,0
3631,74.63,0.00,2563.7,115.6,0.5,4,8569,0.100,0.000,-0.045,-0.040,0.024,45.6,-8.7,0
3632,74.66,0.00,2564.4,115.6,0.5,4,8585,0.150,0.000,-0.048,-0.042,0.022,46.1,-8.2,0
3633,74.68,0.00,2565.1,115.6,0.4,4,8605,0.200,0.000,-0.055,-0.044,0.020,46.7,-7.8,0
3634,74.70,0.00,2565.8,115.6,0.4,4,8637,0.250,0.000,-0.060,-0.046,0.018,47.4,-7.1,0
3635,74.72,0.00,2566.6,115.8,0.4,4,8665,0.300,0.000,-0.052,-0.047,0.016,48.8,-6.6,0
3636,74.74,0.00,2567.3,115.9,0.4,4,8695,0.350,0.000,-0.045,-0.049,0.014,51.6,-6.2,0
3637,74.77,0.00,2568.0,116.1,0.4,4,8729,0.400,0.000,0.096,-0.050,0.012,108.4,-5.7,0
3638,74.79,0.00,2568.7,116.4,0.7,4,8765,0.450,0.000,0.069,-0.050,0.006,107.5,-5.2,0
3639,74.81,0.00,2569.4,116.7,0.5,4,8806,0.500,0.000,0.022,-0.050,-0.003,107.6,-4.8,0
3640,74.83,0.00,2570.1,117.0,0.1,4,8851,0.550,0.000,-0.203,-0.049,-0.012,46.6,-4.4,0
3641,74.85,0.00,2570.8,117.4,-0.4,4,8898,0.600,0.000,-0.233,-0.047,-0.018,46.3,-3.5,0
3642,74.88,0.00,2571.6,117.8,-0.5,4,8967,0.650,0.000,-0.049,-0.045,-0.017,104.4,-2.5,0
3643,74.90,0.00,2572.3,118.3,0.1,4,9034,0.700,0.000,-0.135,-0.043,-0.015,103.7,-2.2,0
3644,74.92,0.00,2573.0,118.8,0.3,4,9114,0.750,0.000,-0.118,-0.042,-0.014,103.3,-1.1,0
3645,74.94,0.00,2573.7,119.4,0.5,4,9199,0.800,0.000,-0.098,-0.040,-0.012,100.7,-0.1,0
3646,74.96,0.00,2574.5,120.0,0.8,4,9291,0.850,0.000,-0.088,-0.037,-0.010,98.1,1.0,0
3647,74.99,0.00,2575.2,120.7,1.0,4,9390,0.900,0.000,-0.071,-0.035,-0.009,95.6,2.1,0
3648,75.01,0.00,2575.9,121.4,1.2,4,9494,0.950,0.000,-0.056,-0.033,-0.008,93.2,3.3,0
3649,75.03,0.00,2576.7,122.2,1.3,4,9601,1.000,0.000,-0.057,-0.031,-0.008,91.0,4.5,0
3650,75.05,0.00,2577.4,123.0,1.4,4,9713,0.850,0.000,-0.061,-0.028,-0.009,88.9,5.7,0
3651,75.07,0.00,2578.2,123.8,1.4,4,9653,0.900,0.000,-0.066,-0.026,-0.010,86.8,2.9,0
3652,75.10,0.00,2579.0,124.5,1.4,4,9720,0.950,0.000,-0.056,-0.023,-0.012,84.7,3.0,0
3653,75.12,0.00,2579.7,125.3,1.4,4,9820,1.000,0.000,-0.063,-0.020,-0.013,82.6,3.8,0
3654,75.14,0.00,2580.5,126.1,1.4,4,9934,0.850,0.000,-0.069,-0.017,-0.014,80.4,5.1,0
3655,75.16,0.00,2581.3,126.9,1.4,4,9878,0.900,0.000,-0.074,-0.013,-0.015,78.1,2.4,0
3656,75.18,0.00,2582.0,127.7,1.4,4,9931,0.950,0.000,-0.078,-0.010,-0.016,75.7,2.3,0
3657,75.21,0.00,2582.8,128.5,1.3,4,10005,1.000,0.000,-0.083,-0.006,-0.017,73.4,2.6,0
3658,75.23,0.00,2583.6,129.3,1.3,4,10116,1.000,0.000,-0.087,-0.002,-0.018,71.1,3.8,0
3659,75.25,0.00,2584.4,130.1,1.4,4,10210,1.000,0.000,-0.089,0.001,-0.019,68.8,4.5,0
3660,75.27,0.00,2585.2,130.9,1.5,4,10298,1.000,0.000,-0.059,0.005,-0.019,66.3,5.0,0
3661,75.29,0.00,2586.0,131.7,1.7,4,10375,0.850,0.000,-0.057,0.010,-0.018,64.0,5.3,0
3662,75.32,0.00,2586.8,132.5,1.8,4,10309,0.900,0.000,-0.059,0.014,-0.019,61.9,2.3,0
3663,75.34,0.00,2587.6,133.3,1.8,4,10329,0.000,0.010,-0.065,0.018,-0.020,59.9,1.5,0
3664,75.36,0.00,2588.4,133.4,1.5,4,9863,0.000,0.108,-0.077,0.023,-0.022,58.3,-10.2,0
3665,75.38,0.00,2589.2,133.0,1.2,4,9789,0.000,0.177,-0.088,0.028,-0.025,56.6,-8.1,0
3666,75.40,0.00,2590.1,132.4,1.1,4,9704,0.000,0.241,-0.094,0.032,-0.026,54.9,-7.4,0
3667,75.43,0.00,2590.9,131.5,1.1,4,9602,0.000,0.310,-0.090,0.037,-0.025,52.8,-7.0,0
3668,75.45,0.00,2591.7,130.4,1.2,4,9482,0.000,0.377,0.022,0.041,-0.023,50.7,-5.9,0
3669,75.47,0.00,2592.4,129.1,1.7,4,9350,0.000,0.410,0.027,0.046,-0.024,49.1,-4.8,0
3670,75.49,0.00,2593.2,127.6,1.6,4,9276,0.000,0.395,0.006,0.051,-0.029,48.1,-2.5,0
3671,75.51,0.00,2594.0,126.2,1.1,4,9183,0.000,0.369,-0.024,0.056,-0.036,47.3,-2.3,0
3672,75.54,0.00,2594.8,124.9,0.7,4,9085,0.000,0.351,-0.051,0.062,-0.042,46.5,-2.8,0
3673,75.56,0.00,2595.5,123.6,0.4,4,8988,0.000,0.353,-0.068,0.068,-0.046,45.5,-1.8,0
3674,75.58,0.00,2596.3,122.5,0.4,4,8891,0.000,0.367,-0.079,0.075,-0.049,44.3,2.1,0
3675,75.60,0.00,2597.0,121.3,0.4,4,8789,0.000,0.384,-0.069,0.081,-0.048,43.1,6.3,0
3676,75.62,0.00,2597.8,120.1,0.5,4,8684,0.000,0.396,-0.021,0.087,-0.039,41.9,9.2,0
3677,75.65,0.00,2598.5,118.8,0.7,4,8493,0.000,0.400,0.023,0.092,-0.031,40.9,7.3,0
3678,75.67,0.00,2599.2,117.4,0.9,4,8300,0.000,0.393,0.061,0.096,-0.024,39.9,3.1,0
3679,75.69,0.00,2599.9,115.9,0.9,4,8284,0.000,0.363,0.085,0.100,-0.019,39.2,1.4,0
3680,75.71,0.00,2600.6,114.4,0.8,4,8259,0.000,0.318,0.097,0.103,-0.016,38.8,-1.7,0
3681,75.73,0.00,2601.3,113.1,0.5,4,8222,0.000,0.266,0.097,0.105,-0.017,38.6,-4.0,0
3682,75.76,0.00,2602.0,112.1,0.2,4,8182,0.000,0.213,0.088,0.107,-0.018,38.6,-5.0,0
3683,75.78,0.00,2602.7,111.3,-0.2,4,8149,0.000,0.165,0.076,0.110,-0.021,38.7,-5.6,0
3684,75.80,0.00,2603.4,110.6,-0.4,4,8122,0.000,0.128,0.067,0.112,-0.023,38.8,-6.1,0
3685,75.82,0.00,2604.1,110.1,-0.5,4,8099,0.000,0.102,0.063,0.114,-0.024,38.8,-6.4,0
3686,75.84,0.00,2604.7,109.7,-0.6,4,8076,0.000,0.084,0.062,0.116,-0.024,38.7,-6.7,0
3687,75.87,0.00,2605.4,109.3,-0.6,3,9904,0.000,0.075,0.063,0.118,-0.024,38.6,-6.4,0
3688,75.89,0.00,2606.1,109.1,-0.6,3,9874,0.000,0.069,0.066,0.120,-0.023,38.5,-6.5,0
3689,75.91,0.00,2606.8,108.8,-0.6,3,9832,0.000,0.061,0.069,0.122,-0.023,38.4,-7.8,0
3690,75.93,0.00,2607.4,108.4,-0.6,3,9802,0.000,0.050,0.076,0.124,-0.022,38.3,-8.0,0
3691,75.95,0.00,2608.1,108.1,-0.6,3,9781,0.000,0.035,0.080,0.125,-0.022,38.3,-8.2,0
3692,75.98,0.00,2608.8,107.8,-0.6,3,9765,0.000,0.018,0.080,0.127,-0.022,38.3,-8.5,0
3693,76.00,0.00,2609.4,107.6,-0.6,3,9754,0.050,0.000,0.077,0.129,-0.023,38.4,-8.8,0
3694,76.02,0.00,2610.1,107.5,-0.7,3,9784,0.100,0.000,0.074,0.131,-0.023,38.6,-8.4,0
3695,76.04,0.00,2610.7,107.5,-0.7,3,9813,0.150,0.000,0.074,0.132,-0.023,38.7,-7.8,0
3696,76.06,0.00,2611.4,107.5,-0.7,3,9846,0.200,0.000,0.076,0.134,-0.023,38.8,-7.1,0
3697,76.09,0.00,2612.1,107.6,-0.6,3,9884,0.250,0.000,0.079,0.136,-0.022,39.0,-6.5,0
3698,76.11,0.00,2612.7,107.7,-0.6,3,9929,0.300,0.000,0.082,0.138,-0.021,39.1,-5.9,0
3699,76.13,0.00,2613.4,107.9,-0.6,3,9981,0.350,0.000,0.086,0.139,-0.020,39.2,-5.2,0
3700,76.15,0.00,2614.1,108.2,-0.5,3,10042,0.400,0.000,0.092,0.141,-0.019,39.4,-4.5,0
3701,76.17,0.00,2614.7,108.5,-0.5,3,10102,0.450,0.000,0.096,0.142,-0.018,39.6,-3.8,0
3702,76.20,0.00,2615.4,108.9,-0.5,3,10172,0.500,0.000,0.100,0.144,-0.017,39.8,-3.2,0
3703,76.22,0.00,2616.1,109.3,-0.5,3,10255,0.550,0.000,0.102,0.145,-0.016,40.2,-2.3,0
3704,76.24,0.00,2616.7,109.8,-0.6,3,10351,0.600,0.000,0.104,0.146,-0.015,40.6,-1.3,0
3705,76.26,0.00,2617.4,110.4,-0.6,3,10456,0.650,0.000,0.106,0.147,-0.014,41.1,-0.2,0
3706,76.28,0.00,2618.1,110.6,-0.6,4,8505,0.700,0.000,0.107,0.148,-0.012,41.6,-7.9,0
3707,76.31,0.00,2618.8,110.6,-0.6,4,8515,0.750,0.000,0.107,0.149,-0.012,42.1,-8.1,0
3708,76.33,0.00,2619.5,110.6,-0.6,4,8216,0.800,0.000,0.103,0.149,-0.011,42.7,-7.8,0
3709,76.35,0.00,2620.2,110.9,-0.7,4,8549,0.850,0.000,0.102,0.150,-0.011,43.3,-0.3,0
3710,76.37,0.00,2620.8,111.5,-0.9,4,8651,0.900,0.000,0.103,0.150,-0.009,43.8,1.2,0
3711,76.39,0.00,2621.5,112.2,-1.0,4,8712,0.950,0.000,0.105,0.150,-0.008,44.3,1.5,0
3712,76.42,0.00,2622.2,113.0,-1.0,4,8800,1.000,0.000,0.108,0.150,-0.007,44.8,2.3,0
3713,76.44,0.00,2622.9,113.7,-1.1,4,8915,1.000,0.000,0.113,0.149,-0.005,45.2,3.7,0
3714,76.46,0.00,2623.6,114.5,-1.2,4,9018,1.000,0.000,0.123,0.148,-0.002,45.6,4.8,0
3715,76.48,0.00,2624.3,115.3,-1.4,4,9108,0.850,0.000,0.132,0.147,0.001,46.0,5.7,0
3716,76.50,0.00,2625.1,116.1,-1.4,4,9011,0.900,0.000,0.140,0.145,0.003,46.5,1.9,0
3717,76.53,0.00,2625.8,116.8,-1.4,4,9087,0.950,0.000,0.147,0.143,0.005,47.0,2.3,0
3718,76.55,0.00,2626.5,117.5,-1.5,4,9215,1.000,0.000,0.157,0.141,0.008,47.5,4.0,0
3719,76.57,0.00,2627.2,118.2,-1.7,4,9368,0.850,0.000,0.165,0.138,0.011,48.1,6.3,0
3720,76.59,0.00,2628.0,119.0,-1.9,4,9284,0.900,0.000,0.170,0.135,0.013,48.8,3.2,0
3721,76.61,0.00,2628.7,119.7,-2.0,4,9338,0.950,0.000,0.172,0.131,0.014,49.6,3.0,0
3722,76.64,0.00,2629.5,120.4,-2.1,4,9458,1.000,0.000,0.175,0.127,0.016,50.4,4.5,0
3723,76.66,0.00,2630.2,121.2,-2.4,4,9609,0.850,0.000,0.187,0.123,0.020,51.2,6.8,0
3724,76.68,0.00,2631.0,121.9,-2.7,4,9559,0.900,0.000,0.196,0.118,0.023,52.1,4.7,0
3725,76.70,0.00,2631.7,122.6,-2.7,4,9589,0.950,0.000,0.197,0.112,0.024,53.1,3.6,0
3726,76.72,0.00,2632.5,123.2,-3.0,4,9705,0.800,0.000,0.130,0.106,0.023,54.5,5.0,0
3727,76.75,0.00,2633.2,123.8,-3.6,4,9680,0.850,0.000,0.056,0.100,0.008,55.9,3.2,0
3728,76.77,0.00,2634.0,124.4,-4.2,4,9767,0.900,0.000,-0.014,0.096,-0.006,56.9,4.0,0
3729,76.79,0.00,2634.8,125.3,-3.8,4,9585,0.950,0.000,-0.048,0.093,-0.013,56.9,-1.5,0
3730,76.81,0.00,2635.5,126.1,-2.8,4,9637,1.000,0.000,-0.042,0.091,-0.012,56.0,-1.9,0
3731,76.83,0.00,2636.3,126.9,-1.8,4,9788,1.000,0.000,-0.022,0.090,-0.008,54.7,0.1,0
3732,76.86,0.00,2637.1,127.7,-1.1,4,9954,0.000,0.090,-0.003,0.090,-0.004,53.4,2.6,0
3733,76.88,0.00,2637.9,127.7,-0.5,4,9404,0.000,0.153,0.010,0.089,-0.001,52.3,-8.4,0
3734,76.90,0.00,2638.7,127.1,-0.2,4,9319,0.000,0.175,0.015,0.089,-0.001,51.4,-8.0,0
3735,76.92,0.00,2639.4,126.4,-0.1,4,9255,0.000,0.183,0.087,0.089,-0.001,50.7,-7.8,0
3736,76.94,0.00,2640.2,125.7,0.1,4,9198,0.000,0.171,0.074,0.089,-0.004,50.2,-7.2,0
3737,76.97,0.00,2641.0,124.9,-0.1,4,9178,0.000,0.143,0.047,0.090,-0.010,50.1,-6.8,0
3738,76.99,0.00,2641.7,124.3,-0.3,4,9140,0.000,0.122,0.022,0.091,-0.015,49.9,-7.4,0
3739,77.01,0.00,2642.5,123.7,-0.5,4,9102,0.000,0.115,-0.029,0.093,-0.019,49.5,-7.8,0
3740,77.03,0.00,2643.2,123.2,-0.6,4,9062,0.000,0.126,-0.036,0.095,-0.020,48.9,-7.8,0
3741,77.05,0.00,2644.0,122.6,-0.5,4,9014,0.000,0.152,-0.030,0.097,-0.019,48.0,-7.8,0
3742,77.08,0.00,2644.7,122.0,-0.3,4,8957,0.000,0.182,0.026,0.099,-0.017,47.0,-7.3,0
3743,77.10,0.00,2645.5,121.4,0.0,4,8891,0.000,0.199,0.034,0.100,-0.016,46.1,-6.5,0
3744,77.12,0.00,2646.2,120.6,0.1,4,8828,0.000,0.200,0.031,0.103,-0.017,45.5,-6.0,0
3745,77.14,0.00,2646.9,119.8,0.0,4,8780,0.000,0.194,-0.031,0.105,-0.019,44.9,-5.6,0
3746,77.16,0.00,2647.7,119.0,-0.2,4,8728,0.000,0.197,-0.035,0.107,-0.020,44.3,-5.5,0
3747,77.19,0.00,2648.4,118.3,-0.2,4,8667,0.000,0.213,0.032,0.109,-0.018,43.4,-5.7,0
3748,77.21,0.00,2649.1,117.5,0.1,4,8597,0.000,0.222,0.038,0.111,-0.018,42.6,-5.4,0
3749,77.23,0.00,2649.8,116.7,0.1,4,8530,0.000,0.218,0.033,0.114,-0.019,42.0,-5.2,0
3750,77.25,0.00,2650.5,115.8,0.1,4,8472,0.000,0.209,0.024,0.116,-0.022,41.5,-5.0,0
3751,77.27,0.00,2651.2,115.0,-0.0,4,8417,0.000,0.201,0.015,0.119,-0.024,41.0,-5.2,0
3752,77.30,0.00,2651.9,114.3,-0.1,4,8364,0.000,0.197,0.008,0.122,-0.026,40.5,-5.4,0
3753,77.32,0.00,2652.6,113.5,-0.2,4,8311,0.000,0.197,0.003,0.125,-0.027,39.9,-5.5,0
3754,77.34,0.00,2653.3,112.8,-0.2,4,8251,0.000,0.201,-0.002,0.128,-0.028,39.3,-5.7,0
3755,77.36,0.00,2654.0,112.0,-0.2,4,8198,0.000,0.207,-0.004,0.131,-0.029,38.6,-5.5,0
3756,77.38,0.00,2654.7,111.2,-0.1,4,8142,0.000,0.214,-0.005,0.134,-0.029,37.9,-5.3,0
3757,77.41,0.00,2655.4,110.5,-0.1,4,8083,0.000,0.222,-0.003,0.137,-0.029,37.2,-5.0,0
3758,77.43,0.00,2656.1,109.6,-0.0,4,8021,0.000,0.229,0.094,0.140,-0.029,36.5,-4.8,0
3759,77.45,0.00,2656.7,108.9,0.2,3,9829,0.000,0.227,0.085,0.144,-0.030,36.0,-2.8,0
3760,77.47,0.00,2657.4,108.1,0.2,3,9799,0.000,0.210,0.064,0.147,-0.035,35.7,-2.9,0
3761,77.49,0.00,2658.0,107.3,0.0,3,9625,0.000,0.190,0.068,0.151,-0.033,35.4,-5.0,0
3762,77.52,0.00,2658.7,106.5,-0.1,3,9559,0.000,0.169,0.087,0.155,-0.029,35.1,-5.8,0
3763,77.54,0.00,2659.4,105.8,-0.2,3,9487,0.000,0.147,0.101,0.158,-0.026,34.9,-6.6,0
3764,77.56,0.00,2660.0,105.1,-0.3,3,9448,0.000,0.122,0.110,0.160,-0.024,34.8,-6.7,0
3765,77.58,0.00,2660.7,104.5,-0.4,3,9417,0.000,0.095,0.113,0.162,-0.023,34.8,-6.9,0
3766,77.60,0.00,2661.3,104.0,-0.5,3,9391,0.000,0.070,0.114,0.164,-0.023,34.8,-7.2,0
3767,77.63,0.00,2661.9,103.6,-0.5,3,9369,0.000,0.047,0.114,0.166,-0.023,34.8,-7.5,0
3768,77.65,0.00,2662.6,103.3,-0.6,3,9353,0.000,0.029,0.114,0.168,-0.023,34.8,-7.8,0
3769,77.67,0.00,2663.2,103.0,-0.6,3,9338,0.000,0.014,0.114,0.169,-0.023,34.8,-8.1,0
3770,77.69,0.00,2663.9,102.8,-0.6,3,9326,0.000,0.003,0.115,0.171,-0.022,34.8,-8.3,0
3771,77.71,0.00,2664.5,102.6,-0.6,3,9315,0.050,0.000,0.115,0.173,-0.022,34.9,-8.5,0
3772,77.74,0.00,2665.1,102.5,-0.6,3,9337,0.100,0.000,0.116,0.174,-0.022,34.9,-8.0,0
3773,77.76,0.00,2665.8,102.5,-0.6,3,9365,0.150,0.000,0.117,0.176,-0.021,34.9,-7.3,0
3774,77.78,0.00,2666.4,102.5,-0.6,3,9398,0.200,0.000,0.118,0.177,-0.021,34.9,-6.6,0
3775,77.80,0.00,2667.1,102.6,-0.6,3,9436,0.250,0.000,0.120,0.179,-0.021,34.9,-6.0,0
3776,77.82,0.00,2667.7,102.7,-0.6,3,9479,0.300,0.000,0.123,0.180,-0.020,34.8,-5.3,0
3777,77.85,0.00,2668.3,102.9,-0.6,3,9529,0.000,0.009,0.125,0.182,-0.019,34.8,-4.7,0
3778,77.87,0.00,2669.0,102.8,-0.5,3,9331,0.000,0.007,0.128,0.183,-0.019,34.8,-8.3,0
3779,77.89,0.00,2669.6,102.6,-0.5,3,9314,0.050,0.000,0.129,0.185,-0.018,34.8,-8.4,0
3780,77.91,0.00,2670.2,102.5,-0.5,3,9337,0.100,0.000,0.127,0.186,-0.019,34.8,-7.9,0
3781,77.93,0.00,2670.9,102.5,-0.6,3,9364,0.150,0.000,0.125,0.187,-0.019,34.9,-7.3,0
3782,77.96,0.00,2671.5,102.5,-0.6,3,9397,0.200,0.000,0.122,0.189,-0.019,35.0,-6.6,0
3783,77.98,0.00,2672.2,102.5,-0.6,3,9436,0.250,0.000,0.120,0.190,-0.020,35.0,-6.0,0
3784,78.00,0.00,2672.8,102.7,-0.7,3,9480,0.300,0.000,0.120,0.191,-0.020,35.0,-5.3,0
3785,78.02,0.00,2673.4,102.9,-0.6,3,9529,0.350,0.000,0.121,0.193,-0.019,35.0,-4.6,0
3786,78.04,0.00,2674.1,103.1,-0.6,3,9585,0.000,0.008,0.124,0.194,-0.019,35.0,-4.0,0
3787,78.07,0.00,2674.7,103.1,-0.6,3,9355,0.000,0.008,0.127,0.195,-0.018,35.0,-8.3,0
3788,78.09,0.00,2675.3,102.9,-0.6,3,9336,0.050,0.000,0.129,0.197,-0.018,35.0,-8.4,0
3789,78.11,0.00,2676.0,102.8,-0.5,3,9360,0.100,0.000,0.128,0.198,-0.018,35.0,-8.0,0
3790,78.13,0.00,2676.6,102.7,-0.6,3,9387,0.150,0.000,0.126,0.199,-0.018,35.0,-7.3,0
3791,78.15,0.00,2677.3,102.7,-0.6,3,9420,0.200,0.000,0.123,0.200,-0.019,35.1,-6.6,0
3792,78.18,0.00,2677.9,102.8,-0.6,3,9459,0.250,0.000,0.121,0.202,-0.019,35.2,-6.0,0
3793,78.20,0.00,2678.5,102.9,-0.6,3,9503,0.300,0.000,0.120,0.203,-0.019,35.2,-5.3,0
3794,78.22,0.00,2679.2,103.1,-0.6,3,9552,0.350,0.000,0.121,0.204,-0.019,35.2,-4.7,0
3795,78.24,0.00,2679.8,103.4,-0.6,3,9608,0.000,0.009,0.123,0.205,-0.018,35.2,-4.0,0
3796,78.26,0.00,2680.5,103.3,-0.6,3,9377,0.000,0.009,0.126,0.207,-0.017,35.1,-8.4,0
3797,78.29,0.00,2681.1,103.2,-0.5,3,9358,0.000,0.000,0.128,0.208,-0.017,35.1,-8.4,0
3798,78.31,0.00,2681.7,103.0,-0.5,3,9346,0.050,0.000,0.127,0.209,-0.017,35.2,-8.7,0
3799,78.33,0.00,2682.4,102.9,-0.6,3,9368,0.100,0.000,0.124,0.210,-0.018,35.2,-8.0,0
3800,78.35,0.00,2683.0,102.8,-0.6,3,9396,0.150,0.000,0.121,0.211,-0.018,35.3,-7.3,0
3801,78.37,0.00,2683.7,102.8,-0.6,3,9429,0.200,0.000,0.118,0.213,-0.019,35.3,-6.7,0
3802,78.40,0.00,2684.3,102.9,-0.7,3,9467,0.250,0.000,0.117,0.214,-0.019,35.4,-6.0,0
3803,78.42,0.00,2684.9,103.0,-0.6,3,9511,0.300,0.000,0.118,0.215,-0.018,35.4,-5.3,0
3804,78.44,0.00,2685.6,103.2,-0.6,3,9561,0.350,0.000,0.120,0.216,-0.018,35.4,-4.7,0
3805,78.46,0.00,2686.2,103.5,-0.6,3,9617,0.000,0.003,0.124,0.217,-0.017,35.3,-4.0,0
3806,78.48,0.00,2686.9,103.5,-0.5,3,9390,0.000,0.004,0.127,0.219,-0.016,35.3,-8.5,0
3807,78.51,0.00,2687.5,103.3,-0.5,3,9371,0.050,0.000,0.128,0.220,-0.016,35.3,-8.6,0
3808,78.53,0.00,2688.2,103.2,-0.5,3,9395,0.100,0.000,0.127,0.221,-0.016,35.3,-8.0,0
3809,78.55,0.00,2688.8,103.1,-0.5,3,9422,0.150,0.000,0.124,0.222,-0.017,35.4,-7.4,0
3810,78.57,0.00,2689.4,103.1,-0.6,3,9455,0.200,0.000,0.122,0.223,-0.017,35.4,-6.7,0
3811,78.59,0.00,2690.1,103.2,-0.6,3,9494,0.250,0.000,0.120,0.224,-0.017,35.5,-6.0,0
3812,78.62,0.00,2690.7,103.3,-0.6,3,9538,0.300,0.000,0.120,0.225,-0.017,35.5,-5.4,0
3813,78.64,0.00,2691.4,103.5,-0.6,3,9588,0.350,0.000,0.121,0.227,-0.017,35.5,-4.7,0
3814,78.66,0.00,2692.0,103.8,-0.6,3,9644,0.000,0.007,0.123,0.228,-0.016,35.5,-4.0,0
3815,78.68,0.00,2692.7,103.7,-0.5,3,9414,0.000,0.007,0.126,0.229,-0.016,35.4,-8.4,0
3816,78.70,0.00,2693.3,103.6,-0.5,3,9394,0.050,0.000,0.127,0.230,-0.015,35.5,-8.6,0
3817,78.73,0.00,2693.9,103.4,-0.5,3,9419,0.100,0.000,0.125,0.231,-0.016,35.5,-8.1,0
3818,78.75,0.00,2694.6,103.4,-0.6,3,9446,0.150,0.000,0.123,0.232,-0.016,35.5,-7.4,0
3819,78.77,0.00,2695.2,103.4,-0.6,3,9479,0.200,0.000,0.121,0.233,-0.016,35.6,-6.7,0
3820,78.79,0.00,2695.9,103.5,-0.6,3,9518,0.250,0.000,0.119,0.234,-0.017,35.6,-6.1,0
3821,78.81,0.00,2696.5,103.6,-0.6,3,9562,0.300,0.000,0.119,0.235,-0.017,35.6,-5.4,0
3822,78.84,0.00,2697.2,103.8,-0.6,3,9612,0.350,0.000,0.121,0.236,-0.016,35.6,-4.7,0
3823,78.86,0.00,2697.8,104.0,-0.5,3,9668,0.000,0.011,0.123,0.238,-0.016,35.6,-4.1,0
3824,78.88,0.00,2698.5,104.0,-0.5,3,9435,0.000,0.011,0.125,0.239,-0.015,35.6,-8.4,0
3825,78.90,0.00,2699.1,103.8,-0.5,3,9414,0.000,0.001,0.126,0.240,-0.015,35.6,-8.5,0
3826,78.92,0.00,2699.8,103.6,-0.5,3,9404,0.050,0.000,0.125,0.241,-0.015,35.6,-8.7,0
3827,78.95,0.00,2700.4,103.5,-0.5,3,9426,0.100,0.000,0.122,0.242,-0.016,35.7,-8.1,0
3828,78.97,0.00,2701.1,103.5,-0.6,3,9454,0.150,0.000,0.119,0.243,-0.016,35.8,-7.4,0
3829,78.99,0.00,2701.7,103.5,-0.6,3,9487,0.200,0.000,0.117,0.244,-0.016,35.8,-6.7,0
3830,79.01,0.00,2702.3,103.5,-0.6,3,9525,0.250,0.000,0.116,0.245,-0.016,35.8,-6.1,0
3831,79.03,0.00,2703.0,103.7,-0.6,3,9569,0.300,0.000,0.118,0.246,-0.016,35.8,-5.4,0
3832,79.06,0.00,2703.6,103.9,-0.5,3,9619,0.350,0.000,0.120,0.247,-0.016,35.8,-4.8,0
3833,79.08,0.00,2704.3,104.1,-0.5,3,9678,0.000,0.005,0.122,0.248,-0.015,35.8,-4.0,0
3834,79.10,0.00,2704.9,104.1,-0.5,3,9447,0.000,0.005,0.125,0.249,-0.014,35.7,-8.5,0
3835,79.12,0.00,2705.6,103.9,-0.5,3,9429,0.050,0.000,0.126,0.250,-0.014,35.7,-8.6,0
3836,79.14,0.00,2706.2,103.8,-0.5,3,9452,0.100,0.000,0.124,0.251,-0.014,35.8,-8.1,0
3837,79.17,0.00,2706.9,103.8,-0.5,3,9480,0.150,0.000,0.122,0.252,-0.015,35.8,-7.4,0
3838,79.19,0.00,2707.5,103.8,-0.5,3,9513,0.200,0.000,0.121,0.253,-0.015,35.9,-6.8,0
3839,79.21,0.00,2708.2,103.8,-0.5,3,9551,0.250,0.000,0.120,0.254,-0.015,35.9,-6.1,0
3840,79.23,0.00,2708.8,104.0,-0.5,3,9595,0.300,0.000,0.119,0.255,-0.015,35.9,-5.4,0
3841,79.25,0.00,2709.5,104.2,-0.5,3,9646,0.350,0.000,0.120,0.256,-0.015,35.9,-4.8,0
3842,79.28,0.00,2710.1,104.4,-0.5,3,9705,0.000,0.010,0.122,0.257,-0.014,35.9,-4.0,0
3843,79.30,0.00,2710.8,104.4,-0.5,3,9469,0.000,0.010,0.124,0.258,-0.014,35.9,-8.5,0
3844,79.32,0.00,2711.4,104.2,-0.5,3,9450,0.050,0.000,0.124,0.259,-0.014,35.9,-8.6,0
3845,79.34,0.00,2712.1,104.1,-0.5,3,9475,0.100,0.000,0.123,0.260,-0.014,35.9,-8.1,0
3846,79.36,0.00,2712.7,104.0,-0.5,3,9503,0.150,0.000,0.121,0.261,-0.014,36.0,-7.4,0
3847,79.39,0.00,2713.4,104.0,-0.5,3,9536,0.200,0.000,0.120,0.262,-0.015,36.0,-6.8,0
3848,79.41,0.00,2714.0,104.1,-0.5,3,9574,0.250,0.000,0.119,0.263,-0.015,36.0,-6.1,0
3849,79.43,0.00,2714.7,104.2,-0.5,3,9618,0.300,0.000,0.119,0.264,-0.015,36.0,-5.5,0
3850,79.45,0.00,2715.3,104.4,-0.5,3,9669,0.000,0.001,0.120,0.265,-0.014,36.0,-4.8,0
3851,79.47,0.00,2716.0,104.4,-0.5,3,9472,0.050,0.000,0.121,0.266,-0.014,36.0,-8.7,0
3852,79.50,0.00,2716.6,104.3,-0.5,3,9493,0.100,0.000,0.121,0.267,-0.014,36.0,-8.1,0
3853,79.52,0.00,2717.3,104.2,-0.5,3,9520,0.150,0.000,0.121,0.268,-0.014,36.1,-7.5,0
3854,79.54,0.00,2717.9,104.2,-0.5,3,9553,0.200,0.000,0.120,0.269,-0.014,36.1,-6.8,0
3855,79.56,0.00,2718.6,104.3,-0.5,3,9592,0.250,0.000,0.120,0.270,-0.014,36.1,-6.1,0
3856,79.58,0.00,2719.2,104.4,-0.5,3,9636,0.300,0.000,0.121,0.271,-0.014,36.1,-5.5,0
3857,79.61,0.00,2719.9,104.6,-0.5,3,9687,0.000,0.009,0.124,0.272,-0.013,36.1,-4.8,0
3858,79.63,0.00,2720.5,104.6,-0.5,3,9485,0.000,0.007,0.126,0.272,-0.013,36.1,-8.5,0
3859,79.65,0.00,2721.2,104.4,-0.4,3,9465,0.050,0.000,0.126,0.273,-0.013,36.1,-8.7,0
3860,79.67,0.00,2721.8,104.3,-0.5,3,9491,0.100,0.000,0.124,0.274,-0.013,36.1,-8.2,0
3861,79.69,0.00,2722.5,104.2,-0.6,3,9520,0.150,0.000,0.025,0.275,-0.014,36.2,-7.5,0
3862,79.72,0.00,2723.1,104.2,-0.8,3,9555,0.200,0.000,0.127,0.276,-0.012,36.1,-6.8,0
3863,79.74,0.00,2723.8,104.3,-0.5,3,9592,0.000,0.003,0.140,0.276,-0.010,35.9,-6.1,0
3864,79.76,0.00,2724.4,104.2,-0.4,3,9457,0.000,0.003,0.144,0.277,-0.009,35.9,-8.6,0
3865,79.78,0.00,2725.1,104.0,-0.3,3,9442,0.050,0.000,0.144,0.277,-0.009,35.9,-8.6,0
3866,79.80,0.00,2725.7,103.9,-0.4,3,9463,0.100,0.000,0.142,0.278,-0.010,36.0,-8.1,0
3867,79.83,0.00,2726.4,103.9,-0.4,3,9490,0.150,0.000,0.138,0.278,-0.011,36.0,-7.4,0
3868,79.85,0.00,2727.0,103.9,-0.5,3,9528,0.200,0.000,0.133,0.279,-0.012,36.1,-6.7,0
3869,79.87,0.00,2727.7,103.9,-0.6,3,9571,0.250,0.000,0.025,0.280,-0.013,36.3,-5.9,0
3870,79.89,0.00,2728.3,104.1,-0.9,3,9615,0.300,0.000,0.030,0.280,-0.012,36.2,-5.3,0
3871,79.91,0.00,2729.0,104.3,-0.8,3,9662,0.000,0.005,0.152,0.281,-0.008,35.9,-4.8,0
3872,79.94,0.00,2729.7,104.3,-0.4,3,9462,0.000,0.020,0.170,0.281,-0.005,35.6,-8.4,0
3873,79.96,0.00,2730.3,104.0,-0.2,3,9436,0.000,0.012,0.174,0.281,-0.004,35.6,-8.1,0
3874,79.98,0.00,2730.9,103.8,-0.2,3,9420,0.050,0.000,0.170,0.281,-0.005,35.7,-8.3,0
3875,80.00,0.00,2731.6,103.7,-0.3,3,9444,0.100,0.000,0.162,0.281,-0.007,35.9,-8.0,0
3876,80.02,0.00,2732.2,103.7,-0.4,3,9471,0.150,0.000,0.152,0.282,-0.010,36.1,-7.4,0
3877,80.05,0.00,2732.9,103.7,-0.5,3,9508,0.200,0.000,0.029,0.282,-0.012,36.3,-6.7,0
3878,80.07,0.00,2733.5,103.7,-1.0,3,9552,0.250,0.000,0.027,0.283,-0.013,36.3,-5.9,0
3879,80.09,0.00,2734.2,103.9,-1.0,3,9595,0.300,0.000,0.160,0.283,-0.009,36.1,-5.4,0
3880,80.11,0.00,2734.8,104.1,-0.5,3,9642,0.350,0.000,0.176,0.283,-0.006,35.8,-4.6,0
3881,80.13,0.00,2735.5,104.3,-0.3,3,9693,0.000,0.013,0.181,0.283,-0.006,35.8,-4.0,0
3882,80.16,0.00,2736.1,104.3,-0.3,3,9461,0.000,0.004,0.179,0.283,-0.007,35.9,-8.2,0
3883,80.18,0.00,2736.8,104.1,-0.3,3,9446,0.050,0.000,0.173,0.284,-0.008,36.1,-8.6,0
3884,80.20,0.00,2737.4,104.0,-0.4,3,9467,0.100,0.000,0.037,0.285,-0.011,36.3,-8.1,0
3885,80.22,0.00,2738.1,103.9,-0.8,3,9497,0.150,0.000,0.034,0.285,-0.011,36.3,-7.5,0
3886,80.24,0.00,2738.7,104.0,-0.8,3,9533,0.200,0.000,0.183,0.285,-0.008,36.1,-6.8,0
3887,80.27,0.00,2739.4,104.0,-0.4,3,9571,0.250,0.000,0.197,0.285,-0.006,35.9,-5.9,0
3888,80.29,0.00,2740.1,104.1,-0.3,3,9613,0.300,0.000,0.198,0.286,-0.007,36.0,-5.3,0
3889,80.31,0.00,2740.7,104.3,-0.3,3,9663,0.350,0.000,0.047,0.286,-0.009,36.2,-4.6,0
3890,80.33,0.00,2741.3,104.6,-0.7,3,9720,0.400,0.000,0.042,0.287,-0.010,36.3,-4.1,0
3891,80.35,0.00,2742.0,104.9,-0.8,3,9784,0.000,0.023,0.210,0.287,-0.008,36.1,-3.4,0
3892,80.38,0.00,2742.7,104.9,-0.4,3,9509,0.000,0.034,0.227,0.287,-0.005,35.9,-7.8,0
3893,80.40,0.00,2743.3,104.6,-0.2,3,9476,0.000,0.016,0.231,0.287,-0.006,36.0,-7.6,0
3894,80.42,0.00,2744.0,104.3,-0.2,3,9460,0.050,0.000,0.053,0.288,-0.009,36.2,-8.2,0
3895,80.44,0.00,2744.6,104.2,-0.7,3,9488,0.100,0.000,0.039,0.288,-0.012,36.4,-8.2,0
3896,80.46,0.00,2745.3,104.2,-0.9,3,9519,0.150,0.000,0.049,0.288,-0.010,36.3,-7.5,0
3897,80.49,0.00,2745.9,104.2,-0.8,3,9553,0.200,0.000,0.261,0.288,-0.007,36.1,-6.8,0
3898,80.51,0.00,2746.6,104.3,-0.3,3,9589,0.000,0.001,0.278,0.288,-0.005,35.9,-5.8,0
3899,80.53,0.00,2747.2,104.1,-0.2,3,9453,0.050,0.000,0.282,0.289,-0.007,36.1,-8.3,0
3900,80.55,0.00,2747.9,104.0,-0.2,3,9470,0.100,0.000,0.047,0.289,-0.012,36.5,-7.9,0
3901,80.57,0.00,2748.5,103.9,-0.8,3,9497,0.150,0.000,0.028,0.290,-0.016,36.9,-7.5,0
3902,80.60,0.00,2749.2,104.0,-1.0,3,9533,0.200,0.000,0.036,0.291,-0.015,36.8,-6.8,0
3903,80.62,0.00,2749.8,104.1,-0.9,3,9572,0.250,0.000,0.057,0.291,-0.011,36.5,-6.1,0
3904,80.64,0.00,2750.5,104.2,-0.6,3,9615,0.300,0.000,0.364,0.291,-0.006,36.2,-5.5,0
3905,80.66,0.00,2751.1,104.4,-0.2,3,9661,0.000,0.001,0.390,0.291,-0.004,36.0,-4.3,0
3906,80.68,0.00,2751.8,104.3,0.0,3,9467,0.050,0.000,0.409,0.292,-0.006,36.3,-7.7,0
3907,80.71,0.00,2752.4,104.1,-0.1,3,9480,0.100,0.000,0.067,0.293,-0.011,36.8,-7.3,0
3908,80.73,0.00,2753.1,104.0,-0.6,3,9504,0.150,0.000,0.041,0.294,-0.018,37.6,-7.4,0
3909,80.75,0.00,2753.7,104.0,-1.1,3,9541,0.200,0.000,0.040,0.295,-0.019,37.9,-6.7,0
3910,80.77,0.00,2754.4,104.1,-1.1,3,9582,0.250,0.000,0.055,0.296,-0.017,37.8,-6.1,0
3911,80.79,0.00,2755.0,104.3,-0.8,3,9624,0.300,0.000,0.077,0.296,-0.013,37.7,-5.5,0
3912,80.82,0.00,2755.7,104.5,-0.6,3,9672,0.350,0.000,0.098,0.297,-0.010,37.5,-4.9,0
3913,80.84,0.00,2756.3,104.7,-0.4,3,9722,0.400,0.000,0.117,0.297,-0.007,37.4,-4.3,0
3914,80.86,0.00,2757.0,105.1,-0.2,3,9780,0.450,0.000,0.431,0.298,-0.005,37.5,-3.7,0
3915,80.88,0.00,2757.7,105.4,0.0,3,9850,0.500,0.000,0.419,0.298,-0.004,37.7,-2.2,0
3916,80.90,0.00,2758.3,105.8,-0.0,3,9933,0.550,0.000,0.137,0.298,-0.007,38.4,-0.7,0
3917,80.93,0.00,2759.0,106.2,-0.4,3,10038,0.600,0.000,0.131,0.299,-0.012,39.3,-0.5,0
3918,80.95,0.00,2759.7,106.7,-0.7,3,10158,0.650,0.000,0.134,0.300,-0.014,40.1,0.6,0
3919,80.97,0.00,2760.3,107.3,-0.9,3,10284,0.700,0.000,0.140,0.301,-0.016,40.8,2.1,0
3920,80.99,0.00,2761.0,108.0,-1.1,3,10412,0.750,0.000,0.149,0.301,-0.017,41.6,3.5,0
3921,81.01,0.00,2761.7,108.7,-1.2,3,10552,0.800,0.000,0.173,0.302,-0.019,42.5,5.0,0
3922,81.04,0.00,2762.4,109.4,-1.4,3,10682,0.650,0.000,0.153,0.303,-0.021,43.6,6.3,0
3923,81.06,0.00,2763.1,110.2,-1.6,3,10564,0.700,0.000,0.132,0.304,-0.023,44.8,2.7,0
3924,81.08,0.00,2763.7,110.5,-1.5,4,8584,0.750,0.000,0.117,0.305,-0.024,46.0,-7.5,0
3925,81.10,0.00,2764.4,110.4,-1.4,4,8594,0.800,0.000,0.108,0.306,-0.024,47.1,-8.0,0
3926,81.12,0.00,2765.1,110.3,-1.3,4,8202,0.850,0.000,0.099,0.307,-0.024,48.2,-7.7,0
3927,81.15,0.00,2765.8,110.7,-1.2,4,8586,0.900,0.000,0.086,0.308,-0.023,49.5,1.0,0
3928,81.17,0.00,2766.5,111.3,-1.3,4,8698,0.950,0.000,0.073,0.310,-0.022,50.8,2.7,0
3929,81.19,0.00,2767.2,112.0,-1.3,4,8791,1.000,0.000,0.045,0.311,-0.021,52.1,3.6,0
3930,81.21,0.00,2767.9,112.8,-1.4,4,8872,1.000,0.000,0.019,0.312,-0.018,53.1,4.3,0
3931,81.23,0.00,2768.6,113.7,-1.3,4,8889,1.000,0.000,0.031,0.312,-0.013,53.6,3.1,0
3932,81.26,0.00,2769.3,114.5,-1.1,4,8935,1.000,0.000,0.060,0.312,-0.006,53.6,2.7,0
3933,81.28,0.00,2770.1,115.3,-0.8,4,9002,1.000,0.000,0.088,0.311,-0.000,53.8,2.8,0
3934,81.30,0.00,2770.8,116.1,-0.6,4,9081,1.000,0.000,0.121,0.310,0.005,54.4,3.2,0
3935,81.32,0.00,2771.5,116.9,-0.4,4,9160,1.000,0.000,0.123,0.309,0.009,55.7,3.7,0
3936,81.34,0.00,2772.2,117.7,-0.5,4,9240,1.000,0.000,0.114,0.307,0.010,57.7,4.1,0
3937,81.37,0.00,2773.0,118.5,-0.7,4,9327,1.000,0.000,0.100,0.305,0.011,60.3,4.7,0
3938,81.39,0.00,2773.7,119.3,-1.0,4,9400,0.850,0.000,0.084,0.303,0.012,63.2,5.0,0
3939,81.41,0.00,2774.5,120.2,-1.1,4,9296,0.900,0.000,0.073,0.300,0.014,66.2,1.0,0
3940,81.43,0.00,2775.2,120.9,-1.1,4,9371,0.950,0.000,0.072,0.297,0.018,68.9,1.3,0
3941,81.45,0.00,2776.0,121.6,-1.0,4,9489,1.000,0.000,0.074,0.294,0.022,71.5,2.7,0
3942,81.48,0.00,2776.8,122.4,-1.0,4,9611,1.000,0.000,0.077,0.290,0.026,74.5,4.2,0
3943,81.50,0.00,2777.5,123.2,-1.0,4,9685,1.000,0.000,0.069,0.285,0.029,78.4,4.5,0
3944,81.52,0.00,2778.3,124.1,-1.1,4,9747,1.000,0.000,0.072,0.280,0.032,83.0,4.4,0
3945,81.54,0.00,2779.1,124.9,-1.2,4,9808,1.000,0.000,0.083,0.275,0.036,88.1,4.4,0
3946,81.56,0.00,2779.8,125.8,-1.2,4,9815,1.000,0.000,0.088,0.269,0.039,94.2,3.2,0
3947,81.59,0.00,2780.6,126.6,-1.1,4,9840,1.000,0.000,0.098,0.262,0.043,101.1,2.1,0
3948,81.61,0.00,2781.4,127.4,-1.0,4,9912,1.000,0.000,0.261,0.255,0.047,109.5,2.3,0
3949,81.63,0.00,2782.2,128.2,-0.9,4,10008,1.000,0.000,0.265,0.248,0.049,122.7,3.9,0
3950,81.65,0.00,2783.0,128.9,-1.0,4,10108,1.000,0.000,0.246,0.241,0.047,150.8,4.9,0
3951,81.67,0.00,2783.8,129.6,-1.5,4,10212,0.850,0.000,0.211,0.233,0.043,197.2,5.9,0
3952,81.70,0.00,2784.6,130.3,-2.2,4,10190,0.900,0.000,0.120,0.227,0.028,194.5,4.1,0
3953,81.72,0.00,2785.4,130.9,-2.9,4,10252,0.950,0.000,0.038,0.221,0.013,189.2,4.2,0
3954,81.74,0.00,2786.2,131.7,-3.2,4,10264,1.000,0.000,-0.019,0.217,0.003,184.8,2.8,0
3955,81.76,0.00,2787.0,132.5,-3.2,4,10400,1.000,0.000,-0.050,0.214,-0.002,182.1,4.4,0
3956,81.78,0.00,2787.8,133.2,-2.8,4,10528,0.850,0.000,-0.057,0.211,-0.003,180.8,6.0,0
3957,81.81,0.00,2788.7,134.0,-2.3,4,10473,0.900,0.000,-0.049,0.209,-0.002,180.6,3.4,0
3958,81.83,0.00,2789.5,134.7,-1.6,4,10518,0.950,0.000,-0.033,0.207,0.001,180.8,3.0,0
3959,81.85,0.00,2790.3,135.5,-1.0,4,10581,1.000,0.000,-0.013,0.205,0.004,181.1,3.0,0
3960,81.87,0.00,2791.1,136.3,-0.5,4,10657,1.000,0.000,-0.001,0.204,0.006,181.0,3.5,0
3961,81.89,0.00,2792.0,137.2,-0.1,4,10697,1.000,0.000,0.006,0.203,0.007,180.5,3.0,0
3962,81.92,0.00,2792.8,138.1,0.1,4,10638,1.000,0.000,0.008,0.202,0.007,179.8,0.1,0
3963,81.94,0.00,2793.7,138.9,0.1,4,10686,1.000,0.000,0.006,0.201,0.007,178.8,-0.4,0
3964,81.96,0.00,2794.5,139.7,0.1,4,10779,1.000,0.000,0.003,0.200,0.007,177.8,0.3,0
3965,81.98,0.00,2795.4,140.4,0.1,4,10896,1.000,0.000,0.000,0.199,0.006,176.7,1.6,0
3966,82.00,0.00,2796.2,140.8,0.1,5,9787,1.000,0.000,-0.002,0.198,0.006,175.7,-9.8,0
3967,82.03,0.00,2797.1,140.7,0.2,5,9791,1.000,0.000,-0.002,0.198,0.006,174.8,-10.4,0
3968,82.05,0.00,2797.9,140.5,0.2,5,9376,1.000,0.000,-0.001,0.197,0.006,174.0,-10.2,0
3969,82.07,0.00,2798.8,140.9,0.2,5,9772,1.000,0.000,-0.004,0.196,0.006,173.1,-0.1,0
3970,82.09,0.00,2799.7,141.7,0.2,5,9790,1.000,0.000,-0.004,0.196,0.006,172.3,-0.7,0
3971,82.11,0.00,2800.5,142.4,0.2,5,9821,1.000,0.000,-0.003,0.195,0.006,171.4,-1.2,0
3972,82.14,0.00,2801.4,143.1,0.2,5,9873,1.000,0.000,-0.003,0.195,0.006,170.6,-1.1,0
3973,82.16,0.00,2802.3,143.8,0.2,5,9940,1.000,0.000,-0.003,0.194,0.006,169.7,-0.6,0
3974,82.18,0.00,2803.2,144.4,0.2,5,10009,1.000,0.000,-0.003,0.193,0.006,168.7,0.0,0
3975,82.20,0.00,2804.1,145.1,0.2,5,10068,1.000,0.000,-0.003,0.193,0.006,167.8,0.3,0
3976,82.22,0.00,2804.9,145.8,0.2,5,10119,1.000,0.000,-0.003,0.192,0.006,166.9,0.4,0
3977,82.25,0.00,2805.8,146.5,0.2,5,10164,1.000,0.000,-0.004,0.191,0.006,166.0,0.3,0
3978,82.27,0.00,2806.7,147.3,0.2,5,10177,1.000,0.000,-0.004,0.190,0.006,165.0,-0.6,0
3979,82.29,0.00,2807.6,147.9,0.2,5,10220,1.000,0.000,-0.003,0.190,0.006,164.1,-0.8,0
3980,82.31,0.00,2808.5,148.6,0.2,5,10272,1.000,0.000,-0.003,0.189,0.006,163.2,-0.7,0
3981,82.33,0.00,2809.4,149.3,0.2,5,10329,1.000,0.000,-0.003,0.188,0.006,162.3,-0.5,0
3982,82.36,0.00,2810.4,150.0,0.2,5,10382,1.000,0.000,-0.003,0.188,0.006,161.3,-0.3,0
3983,82.38,0.00,2811.3,150.7,0.2,5,10432,1.000,0.000,-0.003,0.187,0.006,160.4,-0.2,0
3984,82.40,0.00,2812.2,151.4,0.2,5,10478,1.000,0.000,-0.003,0.186,0.006,159.4,-0.3,0
3985,82.42,0.00,2813.1,152.1,0.2,5,10521,1.000,0.000,-0.003,0.185,0.006,158.5,-0.4,0
3986,82.44,0.00,2814.1,152.7,0.1,5,10565,1.000,0.000,-0.003,0.185,0.006,157.5,-0.5,0
3987,82.47,0.00,2815.0,153.4,0.1,5,10609,1.000,0.000,-0.003,0.184,0.006,156.6,-0.6,0
3988,82.49,0.00,2815.9,154.1,0.1,5,10653,1.000,0.000,-0.002,0.183,0.006,155.6,-0.7,0
3989,82.51,0.00,2816.9,154.8,0.1,5,10698,1.000,0.000,-0.003,0.182,0.006,154.7,-0.7,0
3990,82.53,0.00,2817.8,155.5,0.1,5,10743,1.000,0.000,-0.003,0.182,0.006,153.7,-0.7,0
3991,82.55,0.00,2818.8,156.1,0.1,5,10790,1.000,0.000,-0.003,0.181,0.006,152.7,-0.7,0
3992,82.58,0.00,2819.7,156.8,0.1,5,10849,1.000,0.000,-0.002,0.180,0.006,151.8,-0.5,0
3993,82.60,0.00,2820.7,157.5,0.1,5,10915,1.000,0.000,-0.002,0.179,0.006,150.8,0.1,0
3994,82.62,0.00,2821.7,158.1,0.1,5,10948,1.000,0.000,-0.002,0.179,0.006,149.8,-0.3,0
3995,82.64,0.00,2822.6,158.8,0.1,5,10980,1.000,0.000,-0.002,0.178,0.006,148.8,-0.7,0
3996,82.66,0.00,2823.6,159.5,0.1,5,11014,1.000,0.000,-0.002,0.177,0.006,147.8,-1.0,0
3997,82.69,0.00,2824.6,160.2,0.1,5,11053,0.990,0.000,-0.002,0.176,0.006,146.8,-1.2,0
3998,82.71,0.00,2825.6,160.8,0.1,5,11091,0.980,0.000,-0.002,0.175,0.006,145.8,-1.4,0
3999,82.73,0.00,2826.6,161.5,0.1,5,11148,0.970,0.000,-0.001,0.174,0.006,144.8,-1.3,0
4000,82.75,0.00,2827.5,162.1,0.1,5,11242,0.960,0.000,-0.001,0.174,0.006,143.8,0.2,0
4001,82.77,0.00,2828.5,162.7,0.1,5,11255,0.950,0.000,-0.001,0.173,0.006,142.8,-0.6,0
4002,82.80,0.00,2829.5,163.4,0.1,5,11267,0.940,0.000,-0.001,0.172,0.006,141.8,-1.5,0
4003,82.82,0.00,2830.5,164.0,0.1,5,11284,0.930,0.000,-0.001,0.171,0.006,140.8,-2.2,0
4004,82.84,0.00,2831.5,164.6,0.1,5,11307,0.920,0.000,-0.001,0.170,0.006,139.8,-2.7,0
4005,82.86,0.00,2832.6,165.2,0.1,5,11336,0.910,0.000,-0.001,0.169,0.006,138.7,-3.0,0
4006,82.88,0.00,2833.6,165.8,0.1,5,11390,0.900,0.000,-0.000,0.168,0.006,137.7,-2.8,0
4007,82.91,0.00,2834.6,166.3,0.1,5,11440,0.890,0.000,-0.000,0.167,0.006,136.7,-2.4,0
4008,82.93,0.00,2835.6,166.9,0.1,5,11461,0.880,0.000,-0.000,0.167,0.006,135.6,-2.9,0
4009,82.95,0.00,2836.6,167.4,0.1,5,11484,0.870,0.000,-0.000,0.166,0.006,134.6,-3.3,0
4010,82.97,0.00,2837.6,168.0,0.1,5,11507,0.860,0.000,-0.000,0.165,0.006,133.5,-3.7,0
4011,82.99,0.00,2838.7,168.5,0.1,5,11532,0.850,0.000,-0.000,0.164,0.006,132.5,-4.1,0
4012,83.02,0.00,2839.7,169.0,0.1,5,11559,0.840,0.000,-0.001,0.163,0.006,131.4,-4.3,0
4013,83.04,0.00,2840.7,169.5,0.1,5,11587,0.830,0.000,-0.001,0.162,0.006,130.4,-4.5,0
4014,83.06,0.00,2841.8,170.0,0.1,5,11616,0.820,0.000,-0.000,0.161,0.006,129.3,-4.7,0
4015,83.08,0.00,2842.8,170.2,0.1,6,10642,0.810,0.000,-0.000,0.160,0.006,128.3,-12.2,0
4016,83.10,0.00,2843.8,170.0,0.1,6,10641,0.800,0.000,0.000,0.159,0.006,127.2,-12.6,0
4017,83.13,0.00,2844.9,169.8,0.1,5,11326,0.790,0.000,0.000,0.158,0.006,126.2,-12.6,0
4018,83.15,0.00,2845.9,169.6,0.1,5,11321,0.780,0.000,0.000,0.157,0.006,125.1,-12.6,0
4019,83.17,0.00,2847.0,169.5,0.1,5,11295,0.770,0.000,0.001,0.157,0.006,124.1,-12.7,0
4020,83.19,0.00,2848.0,169.7,0.1,5,11566,0.760,0.000,0.000,0.156,0.006,123.0,-5.6,0
4021,83.21,0.00,2849.0,170.1,0.1,5,11596,0.750,0.000,-0.000,0.155,0.006,121.9,-5.4,0
4022,83.24,0.00,2850.1,170.2,0.1,6,10623,0.740,0.000,-0.000,0.154,0.006,120.8,-12.3,0
4023,83.26,0.00,2851.1,170.0,0.1,6,10622,0.730,0.000,-0.000,0.153,0.006,119.8,-12.6,0
4024,83.28,0.00,2852.2,169.9,0.1,6,10382,0.720,0.000,-0.000,0.152,0.006,118.7,-12.6,0
4025,83.30,0.00,2853.2,169.7,0.1,5,11403,0.710,0.000,-0.007,0.151,0.006,117.7,-12.5,0
4026,83.32,0.00,2854.2,169.6,0.0,5,11398,0.700,0.000,-0.006,0.150,0.006,116.7,-12.6,0
4027,83.35,0.00,2855.3,169.4,0.1,5,11288,0.690,0.000,-0.003,0.149,0.006,115.7,-12.7,0
4028,83.37,0.00,2856.3,169.6,0.1,5,11525,0.680,0.000,0.000,0.148,0.007,114.8,-6.4,0
4029,83.39,0.00,2857.3,169.9,0.1,5,11548,0.670,0.000,0.002,0.147,0.007,113.8,-6.4,0
4030,83.41,0.00,2858.4,170.2,0.1,5,11563,0.660,0.000,0.002,0.146,0.007,112.7,-6.6,0
4031,83.43,0.00,2859.4,170.3,0.1,6,10594,0.650,0.000,0.001,0.145,0.007,111.6,-12.4,0
4032,83.46,0.00,2860.5,170.1,0.1,6,10594,0.640,0.000,0.001,0.144,0.007,110.5,-12.6,0
4033,83.48,0.00,2861.5,170.0,0.0,6,10388,0.630,0.000,0.000,0.143,0.007,109.4,-12.6,0
4034,83.50,0.00,2862.5,169.8,0.0,5,11398,0.620,0.000,-0.000,0.141,0.007,108.4,-12.5,0
4035,83.52,0.00,2863.6,169.7,0.0,5,11393,0.610,0.000,0.000,0.140,0.007,107.3,-12.6,0
4036,83.54,0.00,2864.6,169.5,0.0,5,11294,0.600,0.000,0.000,0.139,0.007,106.3,-12.7,0
4037,83.57,0.00,2865.6,169.6,0.0,5,11490,0.590,0.000,0.000,0.138,0.007,105.2,-7.5,0
4038,83.59,0.00,2866.7,169.9,0.0,5,11506,0.580,0.000,0.001,0.137,0.007,104.2,-7.5,0
4039,83.61,0.00,2867.7,170.1,0.0,5,11517,0.570,0.000,0.000,0.136,0.007,103.1,-7.6,0
4040,83.63,0.00,2868.8,170.1,0.0,6,10553,0.560,0.000,0.000,0.135,0.006,102.0,-12.4,0
4041,83.65,0.00,2869.8,170.0,0.0,6,10553,0.550,0.000,0.000,0.134,0.006,100.9,-12.6,0
4042,83.68,0.00,2870.8,169.8,0.0,5,11324,0.540,0.000,0.000,0.133,0.006,99.9,-12.6,0
4043,83.70,0.00,2871.9,169.6,0.0,5,11320,0.530,0.000,0.001,0.131,0.006,98.8,-12.6,0
4044,83.72,0.00,2872.9,169.4,0.0,5,11293,0.000,0.031,0.000,0.130,0.006,97.8,-12.7,0
4045,83.74,0.00,2873.9,169.1,-0.0,5,11223,0.000,0.061,0.000,0.129,0.006,96.7,-13.1,0
4046,83.76,0.00,2875.0,168.7,-0.0,5,11182,0.000,0.085,-0.000,0.128,0.006,95.6,-12.4,0
4047,83.79,0.00,2876.0,168.2,-0.0,5,11139,0.000,0.106,-0.001,0.127,0.006,94.6,-11.8,0
4048,83.81,0.00,2877.0,167.6,-0.0,5,11092,0.000,0.122,-0.001,0.126,0.006,93.5,-11.2,0
4049,83.83,0.00,2878.1,167.0,-0.0,5,11042,0.000,0.136,-0.001,0.125,0.006,92.4,-10.9,0
4050,83.85,0.00,2879.1,166.3,-0.0,5,10986,0.000,0.147,-0.001,0.124,0.006,91.4,-10.8,0
4051,83.87,0.00,2880.1,165.6,-0.0,5,10936,0.000,0.156,-0.002,0.123,0.006,90.4,-10.5,0
4052,83.90,0.00,2881.1,164.8,-0.0,5,10884,0.000,0.164,-0.001,0.122,0.006,89.3,-10.2,0
4053,83.92,0.00,2882.1,164.0,-0.0,5,10831,0.000,0.170,-0.001,0.121,0.006,88.3,-9.9,0
4054,83.94,0.00,2883.1,163.2,-0.0,5,10776,0.000,0.176,-0.001,0.120,0.006,87.3,-9.5,0
4055,83.96,0.00,2884.1,162.4,-0.0,5,10721,0.000,0.181,-0.001,0.119,0.006,86.3,-9.2,0
4056,83.98,0.00,2885.1,161.6,-0.0,5,10664,0.000,0.185,-0.001,0.118,0.006,85.3,-9.1,0
4057,84.01,0.00,2886.1,160.8,-0.0,5,10598,0.000,0.190,-0.001,0.117,0.006,84.3,-9.2,0
4058,84.03,0.00,2887.1,159.9,-0.0,5,10542,0.000,0.193,-0.001,0.116,0.006,83.3,-9.1,0
4059,84.05,0.00,2888.0,159.1,-0.0,5,10487,0.000,0.195,-0.001,0.115,0.006,82.3,-9.0,0
4060,84.07,0.00,2889.0,158.2,-0.0,5,10431,0.000,0.198,-0.001,0.114,0.006,81.3,-8.9,0
4061,84.09,0.00,2890.0,157.3,-0.0,5,10374,0.000,0.200,-0.001,0.113,0.006,80.3,-8.7,0
4062,84.12,0.00,2890.9,156.5,-0.0,5,10316,0.000,0.202,-0.001,0.112,0.006,79.3,-8.4,0
4063,84.14,0.00,2891.9,155.6,-0.0,5,10258,0.000,0.204,-0.001,0.111,0.006,78.3,-8.3,0
4064,84.16,0.00,2892.8,154.7,-0.0,5,10198,0.000,0.206,-0.001,0.110,0.006,77.4,-8.2,0
4065,84.18,0.00,2893.8,153.9,-0.0,5,10135,0.000,0.208,-0.002,0.109,0.006,76.4,-8.3,0
4066,84.20,0.00,2894.7,153.0,-0.0,5,10077,0.000,0.209,-0.018,0.108,0.006,75.5,-8.1,0
4067,84.23,0.00,2895.6,152.1,-0.1,5,10019,0.000,0.205,-0.015,0.107,0.006,74.6,-8.0,0
4068,84.25,0.00,2896.6,151.2,0.0,5,9964,0.000,0.198,-0.009,0.106,0.008,73.9,-8.0,0
4069,84.27,0.00,2897.5,150.3,0.1,5,9910,0.000,0.192,-0.002,0.105,0.009,73.1,-8.1,0
4070,84.29,0.00,2898.4,149.5,0.2,5,9858,0.000,0.189,0.003,0.104,0.010,72.3,-8.2,0
4071,84.31,0.00,2899.3,148.7,0.2,5,9806,0.000,0.191,0.005,0.102,0.010,71.4,-8.2,0
4072,84.34,0.00,2900.2,147.9,0.2,5,9751,0.000,0.196,0.005,0.101,0.010,70.5,-8.0,0
4073,84.36,0.00,2901.1,147.1,0.1,5,9695,0.000,0.202,0.004,0.100,0.010,69.6,-7.8,0
4074,84.38,0.00,2902.0,146.2,0.1,5,9637,0.000,0.208,0.003,0.098,0.009,68.6,-7.6,0
4075,84.40,0.00,2902.9,145.4,0.0,5,9577,0.000,0.213,0.002,0.097,0.009,67.7,-7.4,0
4076,84.42,0.00,2903.8,144.5,0.0,5,9518,0.000,0.217,0.001,0.096,0.009,66.7,-7.3,0
4077,84.45,0.00,2904.7,143.6,-0.0,5,9458,0.000,0.219,0.001,0.094,0.009,65.8,-7.2,0
4078,84.47,0.00,2905.5,142.7,-0.0,5,9398,0.000,0.220,0.001,0.093,0.009,64.9,-7.3,0
4079,84.49,0.00,2906.4,141.8,-0.0,5,9339,0.000,0.222,0.001,0.092,0.009,64.0,-7.2,0
4080,84.51,0.00,2907.3,141.0,-0.0,5,9280,0.000,0.223,0.002,0.091,0.009,63.2,-7.0,0
4081,84.53,0.00,2908.1,140.1,-0.0,5,9225,0.000,0.224,0.002,0.089,0.009,62.3,-6.7,0
4082,84.56,0.00,2909.0,139.2,-0.0,5,9165,0.000,0.226,0.002,0.088,0.009,61.4,-6.6,0
4083,84.58,0.00,2909.8,138.3,-0.0,4,10164,0.000,0.230,0.001,0.087,0.009,60.5,-5.8,0
4084,84.60,0.00,2910.7,137.5,-0.0,4,10132,0.000,0.234,0.001,0.085,0.009,59.7,-5.6,0
4085,84.62,0.00,2911.5,136.6,-0.0,4,9988,0.000,0.237,0.001,0.084,0.009,58.8,-6.4,0
4086,84.64,0.00,2912.3,135.6,-0.1,4,9914,0.000,0.235,0.000,0.083,0.008,57.9,-6.9,0
4087,84.67,0.00,2913.2,134.7,-0.1,4,9845,0.000,0.235,-0.001,0.082,0.008,57.1,-6.9,0
4088,84.69,0.00,2914.0,133.7,-0.1,4,9776,0.000,0.234,-0.001,0.081,0.008,56.2,-6.8,0
4089,84.71,0.00,2914.8,132.8,-0.1,4,9712,0.000,0.234,-0.001,0.079,0.008,55.4,-6.6,0
4090,84.73,0.00,2915.6,131.9,-0.1,4,9648,0.000,0.233,-0.001,0.078,0.008,54.6,-6.2,0
4091,84.75,0.00,2916.4,130.9,-0.1,4,9579,0.000,0.232,-0.001,0.077,0.008,53.7,-6.2,0
4092,84.78,0.00,2917.2,130.0,-0.1,4,9507,0.000,0.233,-0.002,0.076,0.008,52.9,-6.2,0
4093,84.80,0.00,2918.0,129.1,-0.1,4,9437,0.000,0.233,-0.002,0.075,0.008,52.1,-6.1,0
4094,84.82,0.00,2918.8,128.2,-0.1,4,9368,0.000,0.232,-0.004,0.074,0.008,51.3,-6.0,0
4095,84.84,0.00,2919.6,127.3,-0.1,4,9301,0.000,0.231,-0.103,0.072,0.008,50.6,-6.6,0
4096,84.86,0.00,2920.3,126.4,-0.3,4,9236,0.000,0.215,-0.091,0.071,0.011,50.1,-5.7,0
4097,84.89,0.00,2921.1,125.5,-0.1,4,9179,0.000,0.179,-0.061,0.069,0.017,49.9,-6.2,0
4098,84.91,0.00,2921.9,124.7,0.3,4,9137,0.000,0.147,0.036,0.067,0.023,49.8,-7.0,0
4099,84.93,0.00,2922.6,124.0,0.7,4,9112,0.000,0.138,0.053,0.064,0.027,49.4,-7.1,0
4100,84.95,0.00,2923.4,123.4,0.7,4,9071,0.000,0.159,0.049,0.062,0.026,48.5,-7.3,0
4101,84.97,0.00,2924.1,122.8,0.5,4,9013,0.000,0.191,0.035,0.059,0.023,47.4,-6.9,0
4102,85.00,0.00,2924.9,122.0,0.1,4,8942,0.000,0.221,0.018,0.057,0.020,46.3,-6.2,0
4103,85.02,0.00,2925.6,121.2,-0.1,4,8866,0.000,0.242,-0.079,0.054,0.017,45.3,-5.5,0
4104,85.04,0.00,2926.4,120.3,-0.4,4,8790,0.000,0.243,-0.082,0.052,0.017,44.6,-4.6,0
4105,85.06,0.00,2927.1,119.4,-0.4,4,8721,0.000,0.219,0.025,0.049,0.021,44.2,-5.5,0
4106,85.08,0.00,2927.8,118.5,0.1,4,8669,0.000,0.204,0.041,0.046,0.024,43.7,-6.0,0
4107,85.11,0.00,2928.6,117.7,0.3,4,8617,0.000,0.212,0.038,0.044,0.023,43.0,-6.2,0
4108,85.13,0.00,2929.3,116.9,0.2,4,8558,0.000,0.230,0.028,0.041,0.021,42.0,-5.8,0
4109,85.15,0.00,2930.0,116.0,0.0,4,8499,0.000,0.247,-0.087,0.039,0.019,41.1,-4.9,0
4110,85.17,0.00,2930.7,115.2,-0.4,4,8426,0.000,0.249,-0.090,0.037,0.019,40.4,-3.5,0
4111,85.19,0.00,2931.4,114.2,-0.3,4,8350,0.000,0.228,-0.072,0.034,0.023,40.0,-3.6,0
4112,85.22,0.00,2932.1,113.3,-0.1,4,8288,0.000,0.202,0.060,0.031,0.028,39.7,-4.5,0
4113,85.24,0.00,2932.8,112.6,0.4,4,8238,0.000,0.193,0.074,0.028,0.031,39.2,-4.8,0
4114,85.26,0.00,2933.4,111.8,0.5,4,8187,0.000,0.211,-0.040,0.025,0.029,38.4,-5.3,0
4115,85.28,0.00,2934.1,111.0,0.0,4,8122,0.000,0.224,-0.047,0.022,0.028,37.6,-5.7,0
4116,85.30,0.00,2934.8,110.2,-0.1,4,8058,0.000,0.220,-0.039,0.018,0.029,37.0,-5.4,0
4117,85.33,0.00,2935.5,109.4,-0.1,4,8001,0.000,0.211,-0.026,0.015,0.032,36.6,-5.2,0
4118,85.35,0.00,2936.1,108.6,0.1,3,9808,0.000,0.205,-0.094,0.011,0.035,36.1,-4.6,0
4119,85.37,0.00,2936.8,107.9,-0.1,3,9778,0.000,0.196,-0.075,0.007,0.039,35.7,-3.8,0
4120,85.39,0.00,2937.5,107.1,0.0,3,9638,0.000,0.178,-0.048,0.003,0.044,35.4,-5.0,0
4121,85.41,0.00,2938.1,106.4,0.2,3,9571,0.000,0.164,-0.025,-0.002,0.048,35.1,-5.6,0
4122,85.44,0.00,2938.8,105.7,0.3,3,9506,0.000,0.157,-0.006,-0.007,0.052,34.7,-6.1,0
4123,85.46,0.00,2939.4,105.0,0.4,3,9445,0.000,0.160,0.005,-0.013,0.054,34.2,-6.3,0
4124,85.48,0.00,2940.0,104.3,0.4,3,9383,0.000,0.168,0.011,-0.018,0.055,33.6,-6.3,0
4125,85.50,0.00,2940.7,103.7,0.3,3,9318,0.000,0.179,0.013,-0.024,0.055,32.9,-6.1,0
4126,85.52,0.00,2941.3,102.9,0.2,3,9250,0.000,0.191,0.012,-0.029,0.055,32.3,-6.5,0
4127,85.55,0.00,2941.9,102.2,0.1,3,9179,0.000,0.203,0.010,-0.035,0.054,31.6,-6.2,0
4128,85.57,0.00,2942.6,101.4,0.1,3,9104,0.000,0.214,-0.008,-0.040,0.050,30.9,-5.7,0
4129,85.59,0.00,2943.2,100.6,-0.0,3,9026,0.000,0.221,-0.060,-0.044,0.039,30.3,-5.3,0
4130,85.61,0.00,2943.8,99.8,-0.2,3,8952,0.000,0.219,-0.103,-0.048,0.030,29.7,-4.7,0
4131,85.63,0.00,2944.4,98.9,-0.3,3,8896,0.000,0.204,-0.134,-0.051,0.023,29.4,-3.9,0
4132,85.66,0.00,2945.0,98.1,-0.3,3,8826,0.000,0.180,-0.153,-0.053,0.019,29.1,-3.9,0
4133,85.68,0.00,2945.6,97.4,-0.2,3,8761,0.000,0.151,-0.162,-0.056,0.017,29.0,-4.5,0
4134,85.70,0.00,2946.2,96.7,-0.1,3,8708,0.000,0.120,-0.164,-0.057,0.017,29.0,-5.2,0
4135,85.72,0.00,2946.8,96.1,0.1,3,8669,0.000,0.088,-0.161,-0.059,0.017,29.0,-6.2,0
4136,85.74,0.00,2947.4,95.7,0.3,3,8642,0.000,0.059,-0.153,-0.060,0.019,29.1,-6.7,0
4137,85.77,0.00,2948.0,95.3,0.4,3,8626,0.000,0.033,-0.144,-0.062,0.020,29.2,-7.0,0
4138,85.79,0.00,2948.6,95.0,0.6,3,8615,0.000,0.013,-0.138,-0.063,0.021,29.3,-7.3,0
4139,85.81,0.00,2949.1,94.8,0.7,3,8608,0.050,0.000,-0.134,-0.065,0.022,29.4,-7.6,0
4140,85.83,0.00,2949.7,94.7,0.7,3,8634,0.100,0.000,-0.134,-0.066,0.022,29.4,-7.2,0
4141,85.85,0.00,2950.3,94.7,0.6,3,8656,0.150,0.000,-0.138,-0.068,0.021,29.3,-6.6,0
4142,85.88,0.00,2950.9,94.7,0.5,3,8682,0.000,0.003,-0.146,-0.069,0.019,29.2,-6.1,0
4143,85.90,0.00,2951.5,94.6,0.4,3,8594,0.000,0.004,-0.153,-0.070,0.018,29.1,-7.6,0
4144,85.92,0.00,2952.1,94.4,0.3,3,8579,0.000,0.001,-0.157,-0.072,0.017,29.1,-7.6,0
4145,85.94,0.00,2952.6,94.3,0.3,3,8566,0.050,0.000,-0.157,-0.073,0.017,29.1,-7.7,0
4146,85.96,0.00,2953.2,94.2,0.3,3,8585,0.100,0.000,-0.154,-0.074,0.017,29.1,-7.2,0
4147,85.99,0.00,2953.8,94.1,0.4,3,8609,0.150,0.000,-0.149,-0.075,0.018,29.1,-6.6,0
4148,86.01,0.00,2954.4,94.1,0.5,3,8637,0.200,0.000,-0.147,-0.077,0.018,29.2,-6.0,0
4149,86.03,0.00,2954.9,94.2,0.5,3,8671,0.250,0.000,-0.146,-0.078,0.018,29.2,-5.4,0
4150,86.05,0.00,2955.5,94.3,0.5,3,8702,0.300,0.000,-0.148,-0.079,0.018,29.2,-5.0,0
4151,86.07,0.00,2956.1,94.5,0.4,3,8743,0.000,0.001,-0.152,-0.080,0.017,29.1,-4.4,0
4152,86.10,0.00,2956.7,94.4,0.3,3,8584,0.000,0.004,-0.158,-0.081,0.016,29.0,-7.6,0
4153,86.12,0.00,2957.3,94.3,0.3,3,8567,0.050,0.000,-0.162,-0.083,0.015,29.0,-7.6,0
4154,86.14,0.00,2957.8,94.2,0.3,3,8585,0.100,0.000,-0.163,-0.084,0.015,29.0,-7.1,0
4155,86.16,0.00,2958.4,94.1,0.3,3,8608,0.150,0.000,-0.160,-0.085,0.015,29.0,-6.6,0
4156,86.18,0.00,2959.0,94.1,0.3,3,8637,0.200,0.000,-0.156,-0.086,0.016,29.0,-6.0,0
4157,86.21,0.00,2959.6,94.2,0.4,3,8671,0.250,0.000,-0.152,-0.087,0.016,29.1,-5.4,0
4158,86.23,0.00,2960.2,94.3,0.4,3,8711,0.300,0.000,-0.151,-0.088,0.017,29.1,-4.8,0
4159,86.25,0.00,2960.8,94.5,0.5,3,8756,0.000,0.001,-0.151,-0.089,0.016,29.1,-4.2,0
4160,86.27,0.00,2961.3,94.4,0.4,3,8584,0.000,0.001,-0.153,-0.090,0.016,29.1,-7.6,0
4161,86.29,0.00,2961.9,94.3,0.3,3,8570,0.050,0.000,-0.157,-0.091,0.015,29.0,-7.6,0
4162,86.32,0.00,2962.5,94.2,0.3,3,8585,0.100,0.000,-0.159,-0.092,0.014,29.0,-7.1,0
4163,86.34,0.00,2963.1,94.1,0.3,3,8608,0.150,0.000,-0.160,-0.093,0.014,29.0,-6.6,0
4164,86.36,0.00,2963.7,94.1,0.3,3,8637,0.200,0.000,-0.159,-0.094,0.014,29.0,-6.0,0
4165,86.38,0.00,2964.2,94.2,0.3,3,8670,0.250,0.000,-0.157,-0.095,0.014,29.0,-5.4,0
4166,86.40,0.00,2964.8,94.3,0.3,3,8710,0.300,0.000,-0.156,-0.097,0.015,29.0,-4.8,0
4167,86.43,0.00,2965.4,94.5,0.4,3,8755,0.000,0.006,-0.155,-0.098,0.015,29.0,-4.2,0
4168,86.45,0.00,2966.0,94.4,0.4,3,8577,0.000,0.003,-0.155,-0.099,0.015,29.0,-7.5,0
4169,86.47,0.00,2966.6,94.2,0.4,3,8564,0.050,0.000,-0.156,-0.100,0.014,29.0,-7.6,0
4170,86.49,0.00,2967.2,94.1,0.4,3,8583,0.100,0.000,-0.156,-0.100,0.014,29.0,-7.1,0
4171,86.51,0.00,2967.7,94.1,0.3,3,8604,0.150,0.000,-0.157,-0.101,0.014,29.0,-6.6,0
4172,86.54,0.00,2968.3,94.1,0.3,3,8632,0.200,0.000,-0.158,-0.102,0.014,29.0,-6.0,0
4173,86.56,0.00,2968.9,94.1,0.3,3,8666,0.250,0.000,-0.158,-0.103,0.014,29.0,-5.4,0
4174,86.58,0.00,2969.5,94.3,0.3,3,8705,0.000,0.000,-0.159,-0.104,0.013,29.0,-4.8,0
4175,86.60,0.00,2970.1,94.2,0.3,3,8561,0.050,0.000,-0.159,-0.105,0.013,29.0,-7.7,0
4176,86.62,0.00,2970.7,94.1,0.3,3,8578,0.100,0.000,-0.157,-0.106,0.013,29.0,-7.1,0
4177,86.65,0.00,2971.2,94.0,0.3,3,8601,0.150,0.000,-0.156,-0.107,0.014,29.0,-6.6,0
4178,86.67,0.00,2971.8,94.0,0.4,3,8629,0.200,0.000,-0.155,-0.108,0.014,29.0,-6.0,0
4179,86.69,0.00,2972.4,94.1,0.4,3,8661,0.250,0.000,-0.156,-0.109,0.014,29.0,-5.4,0
4180,86.71,0.00,2973.0,94.2,0.3,3,8697,0.300,0.000,-0.157,-0.110,0.013,29.0,-4.9,0
4181,86.73,0.00,2973.6,94.4,0.3,3,8741,0.000,0.008,-0.160,-0.111,0.013,28.9,-4.3,0
4182,86.76,0.00,2974.1,94.3,0.3,3,8569,0.000,0.007,-0.163,-0.112,0.012,28.9,-7.5,0
4183,86.78,0.00,2974.7,94.1,0.2,3,8552,0.000,0.000,-0.165,-0.112,0.012,28.9,-7.5,0
4184,86.80,0.00,2975.3,94.0,0.2,3,8541,0.050,0.000,-0.164,-0.113,0.012,28.9,-7.7,0
4185,86.82,0.00,2975.9,93.9,0.3,3,8559,0.100,0.000,-0.161,-0.114,0.012,28.9,-7.1,0
4186,86.84,0.00,2976.5,93.8,0.3,3,8582,0.150,0.000,-0.159,-0.115,0.013,29.0,-6.6,0
4187,86.87,0.00,2977.1,93.8,0.4,3,8611,0.200,0.000,-0.157,-0.116,0.013,29.0,-6.0,0
4188,86.89,0.00,2977.6,93.9,0.4,3,8644,0.250,0.000,-0.156,-0.117,0.014,29.0,-5.4,0
4189,86.91,0.00,2978.2,94.0,0.4,3,8680,0.300,0.000,-0.157,-0.118,0.014,29.0,-4.8,0
4190,86.93,0.00,2978.8,94.2,0.3,3,8723,0.350,0.000,-0.160,-0.118,0.013,29.0,-4.3,0
4191,86.95,0.00,2979.4,94.4,0.3,3,8774,0.000,0.008,-0.164,-0.119,0.012,29.0,-3.7,0
4192,86.98,0.00,2980.0,94.3,0.3,3,8571,0.000,0.008,-0.168,-0.120,0.012,28.9,-7.5,0
4193,87.00,0.00,2980.6,94.2,0.2,3,8554,0.000,0.001,-0.170,-0.121,0.011,28.9,-7.5,0
4194,87.02,0.00,2981.1,94.0,0.2,3,8542,0.050,0.000,-0.170,-0.122,0.012,28.9,-7.7,0
4195,87.04,0.00,2981.7,93.9,0.3,3,8560,0.100,0.000,-0.168,-0.123,0.012,29.0,-7.1,0
4196,87.06,0.00,2982.3,93.8,0.3,3,8584,0.150,0.000,-0.165,-0.123,0.013,29.0,-6.5,0
4197,87.09,0.00,2982.9,93.8,0.4,3,8612,0.200,0.000,-0.163,-0.124,0.014,29.1,-6.0,0
4198,87.11,0.00,2983.5,93.9,0.4,3,8646,0.250,0.000,-0.162,-0.125,0.015,29.1,-5.3,0
4199,87.13,0.00,2984.0,94.0,0.4,3,8682,0.300,0.000,-0.163,-0.126,0.015,29.1,-4.8,0
4200,87.15,0.00,2984.6,94.2,0.4,3,8726,0.350,0.000,-0.165,-0.127,0.015,29.1,-4.2,0
4201,87.17,0.00,2985.2,94.4,0.3,3,8778,0.400,0.000,-0.169,-0.128,0.014,29.1,-3.6,0
4202,87.20,0.00,2985.8,94.7,0.3,3,8837,0.000,0.014,-0.174,-0.129,0.014,29.1,-2.9,0
4203,87.22,0.00,2986.4,94.6,0.3,3,8593,0.000,0.013,-0.179,-0.130,0.014,29.0,-7.3,0
4204,87.24,0.00,2987.0,94.4,0.3,3,8574,0.000,0.002,-0.181,-0.131,0.014,29.1,-7.5,0
4205,87.26,0.00,2987.6,94.3,0.3,3,8563,0.050,0.000,-0.180,-0.132,0.015,29.1,-7.7,0
4206,87.28,0.00,2988.1,94.1,0.3,3,8582,0.100,0.000,-0.179,-0.133,0.016,29.2,-7.2,0
4207,87.31,0.00,2988.7,94.1,0.4,3,8605,0.150,0.000,-0.177,-0.135,0.018,29.3,-6.5,0
4208,87.33,0.00,2989.3,94.1,0.4,3,8633,0.200,0.000,-0.177,-0.136,0.019,29.4,-6.0,0
4209,87.35,0.00,2989.9,94.1,0.5,3,8665,0.250,0.000,-0.179,-0.137,0.020,29.4,-5.4,0
4210,87.37,0.00,2990.5,94.2,0.4,3,8705,0.300,0.000,-0.182,-0.139,0.021,29.5,-4.7,0
4211,87.39,0.00,2991.1,94.4,0.4,3,8752,0.350,0.000,-0.187,-0.140,0.022,29.5,-4.1,0
4212,87.42,0.00,2991.6,94.6,0.4,3,8806,0.400,0.000,-0.194,-0.142,0.023,29.6,-3.4,0
4213,87.44,0.00,2992.2,94.8,0.4,3,8868,0.450,0.000,-0.201,-0.144,0.023,29.6,-2.6,0
4214,87.46,0.00,2992.8,95.2,0.5,3,8939,0.500,0.000,-0.208,-0.146,0.025,29.7,-1.7,0
4215,87.48,0.00,2993.4,95.5,0.5,3,9020,0.000,0.001,-0.217,-0.147,0.026,29.8,-0.8,0
4216,87.50,0.00,2994.0,95.6,0.5,3,8685,0.050,0.000,-0.227,-0.149,0.027,29.9,-7.6,0
4217,87.53,0.00,2994.6,95.4,0.5,3,8698,0.100,0.000,-0.239,-0.152,0.029,30.1,-7.2,0
4218,87.55,0.00,2995.2,95.3,0.5,3,8720,0.150,0.000,-0.253,-0.154,0.032,30.4,-6.5,0
4219,87.57,0.00,2995.8,95.3,0.6,3,8749,0.200,0.000,-0.269,-0.157,0.035,30.8,-5.9,0
4220,87.59,0.00,2996.4,95.3,0.6,3,8785,0.250,0.000,-0.288,-0.160,0.039,31.2,-5.1,0
4221,87.61,0.00,2997.0,95.4,0.8,3,8830,0.300,0.000,-0.314,-0.163,0.044,31.8,-4.3,0
4222,87.64,0.00,2997.6,95.5,0.9,3,8882,0.350,0.000,-0.289,-0.166,0.050,32.6,-3.3,0
4223,87.66,0.00,2998.2,95.6,1.1,3,8943,0.400,0.000,-0.249,-0.170,0.057,33.5,-2.4,0
4224,87.68,0.00,2998.8,95.8,1.4,3,9014,0.450,0.000,-0.210,-0.175,0.063,34.5,-1.5,0
4225,87.70,0.00,2999.3,96.1,1.7,3,9093,0.500,0.000,-0.116,-0.180,0.068,35.6,-0.5,0
4226,87.72,0.00,2999.9,96.5,2.0,3,9176,0.550,0.000,0.083,-0.185,0.071,36.5,0.3,0
4227,87.75,0.00,3000.6,97.0,2.4,3,9217,0.600,0.000,0.074,-0.189,0.068,36.9,0.3,0
4228,87.77,0.00,3001.2,97.6,2.1,3,9260,0.650,0.000,0.016,-0.193,0.058,36.3,0.0,0
4229,87.79,0.00,3001.8,98.2,1.4,3,9339,0.700,0.000,-0.057,-0.196,0.045,35.5,0.5,0
4230,87.81,0.00,3002.4,98.8,0.8,3,9441,0.750,0.000,-0.120,-0.199,0.034,34.9,1.4,0
4231,87.83,0.00,3003.0,99.6,0.4,3,9558,0.800,0.000,-0.159,-0.202,0.026,34.7,2.5,0
4232,87.86,0.00,3003.6,100.3,0.2,3,9695,0.850,0.000,-0.179,-0.204,0.021,34.8,3.9,0
4233,87.88,0.00,3004.3,101.1,0.3,3,9863,0.700,0.000,-0.194,-0.206,0.018,35.3,5.7,0
4234,87.90,0.00,3004.9,101.8,0.4,3,9805,0.750,0.000,-0.211,-0.207,0.017,36.0,3.3,0
4235,87.92,0.00,3005.5,102.5,0.6,3,9925,0.800,0.000,-0.234,-0.208,0.017,36.9,4.4,0
4236,87.94,0.00,3006.2,103.2,0.8,3,10048,0.650,0.000,-0.247,-0.209,0.017,38.1,5.5,0
4237,87.97,0.00,3006.8,103.9,1.1,3,9980,0.700,0.000,-0.234,-0.210,0.018,39.5,3.1,0
4238,87.99,0.00,3007.5,104.5,1.3,3,10104,0.750,0.000,-0.212,-0.211,0.020,41.3,4.2,0
4239,88.01,0.00,3008.1,105.1,1.6,3,10266,0.600,0.000,-0.182,-0.211,0.022,43.5,6.1,0
4240,88.03,0.00,3008.8,105.7,2.0,3,10178,0.650,0.000,-0.147,-0.212,0.024,46.1,3.3,0
4241,88.05,0.00,3009.5,106.2,2.3,3,10259,0.700,0.000,-0.052,-0.212,0.026,49.0,3.7,0
4242,88.08,0.00,3010.1,106.8,2.7,3,10368,0.750,0.000,-0.023,-0.212,0.025,51.7,4.6,0
4243,88.10,0.00,3010.8,107.5,2.8,3,10477,0.600,0.000,-0.035,-0.212,0.020,53.5,5.5,0
4244,88.12,0.00,3011.5,108.2,2.5,3,10291,0.650,0.000,-0.058,-0.211,0.013,54.8,0.8,0
4245,88.14,0.00,3012.2,108.8,2.0,3,10335,0.700,0.000,-0.092,-0.210,0.005,55.6,0.4,0
4246,88.16,0.00,3012.8,109.4,1.5,3,10438,0.750,0.000,-0.125,-0.208,-0.004,56.5,1.4,0
4247,88.19,0.00,3013.5,110.1,1.2,3,10570,0.800,0.000,-0.148,-0.206,-0.011,58.2,2.8,0
4248,88.21,0.00,3014.2,110.3,0.9,4,8593,0.850,0.000,-0.156,-0.203,-0.017,60.8,-7.7,0
4249,88.23,0.00,3014.9,110.2,0.8,4,8604,0.900,0.000,-0.151,-0.200,-0.021,64.6,-8.0,0
4250,88.25,0.00,3015.6,110.1,0.8,4,8186,0.950,0.000,-0.133,-0.197,-0.024,69.9,-7.7,0
4251,88.27,0.00,3016.3,110.5,1.0,4,8633,1.000,0.000,-0.105,-0.193,-0.026,76.7,2.5,0
4252,88.30,0.00,3017.0,111.2,1.3,4,8727,1.000,0.000,-0.087,-0.189,-0.029,84.8,3.8,0
4253,88.32,0.00,3017.7,111.9,1.4,4,8773,1.000,0.000,-0.090,-0.184,-0.034,93.5,3.5,0
4254,88.34,0.00,3018.4,112.7,1.5,4,8825,1.000,0.000,-0.109,-0.178,-0.039,103.0,3.5,0
4255,88.36,0.00,3019.1,113.4,1.4,4,8891,1.000,0.000,-0.265,-0.172,-0.045,114.3,3.7,0
4256,88.38,0.00,3019.8,114.1,1.3,4,8975,0.850,0.000,-0.279,-0.165,-0.050,132.6,5.0,0
4257,88.41,0.00,3020.5,114.7,1.3,4,8945,0.900,0.000,-0.270,-0.157,-0.050,168.4,3.4,0
4258,88.43,0.00,3021.2,115.3,1.6,4,9040,0.950,0.000,-0.192,-0.151,-0.037,200.0,4.5,0
4259,88.45,0.00,3021.9,115.9,2.0,4,9153,0.800,0.000,-0.113,-0.145,-0.023,200.0,5.7,0
4260,88.47,0.00,3022.6,116.6,2.4,4,9066,0.850,0.000,-0.042,-0.141,-0.011,200.0,2.1,0
4261,88.49,0.00,3023.3,117.2,2.6,4,9126,0.900,0.000,0.010,-0.137,-0.002,200.0,2.2,0
4262,88.52,0.00,3024.0,117.8,2.6,4,9219,0.950,0.000,0.038,-0.135,0.003,200.0,3.1,0
4263,88.54,0.00,3024.8,118.5,2.3,4,9317,1.000,0.000,0.047,-0.133,0.004,200.0,4.2,0
4264,88.56,0.00,3025.5,119.3,1.9,4,9420,0.850,0.000,0.041,-0.131,0.003,200.0,5.2,0
4265,88.58,0.00,3026.2,120.1,1.4,4,9342,0.900,0.000,0.029,-0.130,0.001,200.0,2.0,0
4266,88.60,0.00,3026.9,120.8,0.9,4,9395,0.950,0.000,0.014,-0.129,-0.001,200.0,1.9,0
4267,88.63,0.00,3027.7,121.5,0.5,4,9484,1.000,0.000,0.002,-0.128,-0.003,200.0,2.6,0
4268,88.65,0.00,3028.4,122.3,0.2,4,9581,1.000,0.000,-0.005,-0.127,-0.004,200.0,3.6,0
4269,88.67,0.00,3029.2,123.1,0.1,4,9644,1.000,0.000,-0.008,-0.126,-0.005,200.0,3.6,0
4270,88.69,0.00,3029.9,124.0,0.0,4,9684,1.000,0.000,-0.007,-0.126,-0.005,200.0,3.1,0
4271,88.71,0.00,3030.7,124.8,-0.0,4,9727,1.000,0.000,-0.005,-0.125,-0.004,200.0,2.6,0
4272,88.74,0.00,3031.5,125.6,-0.0,4,9792,1.000,0.000,-0.002,-0.125,-0.004,200.0,2.7,0
4273,88.76,0.00,3032.2,126.4,0.0,4,9870,1.000,0.000,-0.000,-0.124,-0.003,200.0,3.0,0
4274,88.78,0.00,3033.0,127.2,0.0,4,9947,1.000,0.000,0.001,-0.124,-0.003,200.0,3.4,0
4275,88.80,0.00,3033.8,128.0,-0.0,4,10015,1.000,0.000,0.001,-0.123,-0.003,200.0,3.6,0
4276,88.82,0.00,3034.6,128.8,-0.0,4,10077,1.000,0.000,0.001,-0.123,-0.003,200.0,3.6,0
4277,88.85,0.00,3035.4,129.6,-0.0,4,10133,1.000,0.000,0.001,-0.122,-0.003,200.0,3.4,0
4278,88.87,0.00,3036.2,130.4,-0.1,4,10188,1.000,0.000,0.000,-0.122,-0.003,200.0,3.3,0
4279,88.89,0.00,3037.0,131.2,-0.1,4,10242,1.000,0.000,-0.000,-0.122,-0.003,200.0,3.1,0
4280,88.91,0.00,3037.8,132.0,-0.1,4,10282,1.000,0.000,-0.000,-0.121,-0.003,200.0,2.6,0
4281,88.93,0.00,3038.6,132.8,-0.1,4,10324,1.000,0.000,-0.001,-0.121,-0.003,200.0,2.1,0
4282,88.96,0.00,3039.4,133.6,-0.1,4,10384,1.000,0.000,-0.001,-0.121,-0.003,200.0,2.1,0
4283,88.98,0.00,3040.2,134.4,-0.1,4,10454,1.000,0.000,-0.000,-0.120,-0.003,200.0,2.3,0
4284,89.00,0.00,3041.0,135.1,-0.1,4,10526,1.000,0.000,0.000,-0.120,-0.003,200.0,2.6,0
4285,89.02,0.00,3041.9,135.9,-0.1,4,10592,1.000,0.000,0.000,-0.120,-0.003,200.0,2.7,0
4286,89.04,0.00,3042.7,136.7,-0.1,4,10653,1.000,0.000,0.000,-0.119,-0.003,200.0,2.7,0
4287,89.07,0.00,3043.5,137.5,-0.1,4,10709,1.000,0.000,0.000,-0.119,-0.003,200.0,2.6,0
4288,89.09,0.00,3044.4,138.3,-0.1,4,10764,1.000,0.000,0.000,-0.119,-0.003,200.0,2.5,0
4289,89.11,0.00,3045.2,139.0,-0.1,4,10818,1.000,0.000,0.000,-0.118,-0.003,200.0,2.3,0
4290,89.13,0.00,3046.1,139.8,-0.1,4,10850,1.000,0.000,-0.000,-0.118,-0.003,200.0,1.6,0
4291,89.15,0.00,3046.9,140.6,-0.1,4,10903,1.000,0.000,-0.000,-0.117,-0.003,200.0,1.5,0
4292,89.18,0.00,3047.8,140.9,-0.1,5,9790,1.000,0.000,0.000,-0.117,-0.003,200.0,-10.0,0
4293,89.20,0.00,3048.7,140.8,-0.1,5,9794,1.000,0.000,0.000,-0.117,-0.003,200.0,-10.4,0
4294,89.22,0.00,3049.5,140.6,-0.1,5,9383,1.000,0.000,0.000,-0.116,-0.003,200.0,-10.2,0
4295,89.24,0.00,3050.4,141.0,-0.1,5,9773,1.000,0.000,0.000,-0.116,-0.003,200.0,-0.2,0
4296,89.26,0.00,3051.2,141.6,-0.1,5,9839,1.000,0.000,0.000,-0.116,-0.003,200.0,0.5,0
4297,89.29,0.00,3052.1,142.3,-0.1,5,9875,1.000,0.000,0.000,-0.115,-0.003,200.0,0.3,0
4298,89.31,0.00,3053.0,143.0,-0.1,5,9908,1.000,0.000,0.000,-0.115,-0.003,200.0,-0.1,0
4299,89.33,0.00,3053.8,143.7,-0.1,5,9933,1.000,0.000,0.000,-0.115,-0.003,200.0,-0.7,0
4300,89.35,0.00,3054.7,144.4,-0.1,5,9975,1.000,0.000,0.000,-0.114,-0.003,200.0,-0.8,0
4301,89.37,0.00,3055.6,145.0,-0.1,5,10027,1.000,0.000,0.001,-0.114,-0.003,200.0,-0.6,0
4302,89.40,0.00,3056.5,145.7,-0.1,5,10083,1.000,0.000,0.000,-0.113,-0.003,200.0,-0.4,0
4303,89.42,0.00,3057.4,146.4,-0.1,5,10136,1.000,0.000,0.000,-0.113,-0.003,200.0,-0.2,0
4304,89.44,0.00,3058.3,147.0,-0.1,5,10183,1.000,0.000,0.000,-0.113,-0.003,200.0,-0.2,0
4305,89.46,0.00,3059.2,147.7,-0.1,5,10226,1.000,0.000,0.000,-0.112,-0.003,200.0,-0.3,0
4306,89.48,0.00,3060.1,148.4,-0.1,5,10268,1.000,0.000,0.000,-0.112,-0.003,200.0,-0.4,0
4307,89.51,0.00,3061.0,149.0,-0.1,5,10307,1.000,0.000,0.000,-0.112,-0.003,200.0,-0.5,0
4308,89.53,0.00,3061.9,149.7,-0.1,5,10340,1.000,0.000,0.001,-0.111,-0.003,200.0,-0.9,0
4309,89.55,0.00,3062.8,150.3,-0.1,5,10382,1.000,0.000,0.000,-0.111,-0.003,200.0,-1.0,0
4310,89.57,0.00,3063.8,151.0,-0.1,5,10429,1.000,0.000,0.000,-0.110,-0.003,200.0,-1.0,0
4311,89.59,0.00,3064.7,151.7,-0.1,5,10478,1.000,0.000,0.000,-0.110,-0.003,200.0,-0.9,0
4312,89.62,0.00,3065.6,152.3,-0.1,5,10526,1.000,0.000,0.001,-0.110,-0.003,200.0,-0.8,0
4313,89.64,0.00,3066.6,153.0,-0.1,5,10571,1.000,0.000,0.000,-0.109,-0.003,200.0,-0.8,0
4314,89.66,0.00,3067.5,153.6,-0.1,5,10614,1.000,0.000,0.000,-0.109,-0.003,199.4,-0.9,0
4315,89.68,0.00,3068.4,154.3,-0.1,5,10657,1.000,0.000,0.000,-0.108,-0.003,198.5,-0.9,0
4316,89.70,0.00,3069.4,154.9,-0.1,5,10690,1.000,0.000,0.000,-0.108,-0.003,197.5,-1.2,0
4317,89.73,0.00,3070.3,155.6,-0.1,5,10730,1.000,0.000,0.000,-0.108,-0.003,196.6,-1.4,0
4318,89.75,0.00,3071.3,156.2,-0.1,5,10775,1.000,0.000,0.000,-0.107,-0.003,195.6,-1.4,0
4319,89.77,0.00,3072.2,156.8,-0.1,5,10821,1.000,0.000,0.000,-0.107,-0.003,194.6,-1.3,0
4320,89.79,0.00,3073.2,157.5,-0.1,5,10868,1.000,0.000,0.000,-0.106,-0.003,193.7,-1.3,0
4321,89.81,0.00,3074.2,158.1,-0.1,5,10912,1.000,0.000,0.001,-0.106,-0.003,192.7,-1.3,0
4322,89.84,0.00,3075.1,158.8,-0.1,5,10954,1.000,0.000,0.000,-0.105,-0.003,191.7,-1.3,0
4323,89.86,0.00,3076.1,159.4,-0.1,5,10996,1.000,0.000,0.000,-0.105,-0.003,190.7,-1.4,0
4324,89.88,0.00,3077.1,160.0,-0.1,5,11032,0.990,0.000,-0.000,-0.105,-0.003,189.8,-1.6,0
4325,89.90,0.00,3078.1,160.7,-0.1,5,11066,0.980,0.000,-0.000,-0.104,-0.003,188.8,-1.9,0
4326,89.92,0.00,3079.0,161.3,-0.1,5,11102,0.970,0.000,-0.000,-0.104,-0.003,187.8,-2.1,0
4327,89.95,0.00,3080.0,161.9,-0.1,5,11140,0.960,0.000,-0.000,-0.103,-0.003,186.8,-2.2,0
4328,89.97,0.00,3081.0,162.5,-0.1,5,11178,0.950,0.000,-0.000,-0.103,-0.003,185.8,-2.3,0
4329,89.99,0.00,3082.0,163.1,-0.1,5,11213,0.940,0.000,-0.000,-0.102,-0.003,184.8,-2.5,0
4330,90.01,0.00,3083.0,163.7,-0.1,5,11246,0.930,0.000,-0.000,-0.102,-0.003,183.8,-2.6,0
4331,90.03,0.00,3084.0,164.2,-0.1,5,11279,0.920,0.000,-0.000,-0.101,-0.003,182.8,-2.8,0
4332,90.06,0.00,3085.0,164.8,-0.0,5,11306,0.910,0.000,-0.000,-0.101,-0.003,181.7,-3.1,0
4333,90.08,0.00,3086.0,165.3,-0.0,5,11336,0.900,0.000,-0.000,-0.100,-0.003,180.7,-3.3,0
4334,90.10,0.00,3087.0,165.9,-0.0,5,11368,0.890,0.000,-0.000,-0.100,-0.003,179.7,-3.5,0
4335,90.12,0.00,3088.1,166.4,-0.0,5,11399,0.880,0.000,-0.000,-0.099,-0.003,178.7,-3.6,0
4336,90.14,0.00,3089.1,166.9,-0.0,5,11430,0.870,0.000,-0.000,-0.099,-0.003,177.6,-3.8,0
4337,90.17,0.00,3090.1,167.4,-0.0,5,11459,0.860,0.000,-0.000,-0.099,-0.003,176.6,-3.9,0
4338,90.19,0.00,3091.1,167.9,-0.0,5,11488,0.850,0.000,-0.000,-0.098,-0.003,175.6,-4.1,0
4339,90.21,0.00,3092.1,168.4,-0.0,5,11515,0.840,0.000,-0.000,-0.098,-0.003,174.5,-4.3,0
4340,90.23,0.00,3093.2,168.8,-0.0,5,11539,0.830,0.000,-0.000,-0.097,-0.003,173.5,-4.5,0
4341,90.25,0.00,3094.2,169.3,-0.0,5,11564,0.820,0.000,-0.000,-0.097,-0.003,172.5,-4.7,0
4342,90.28,0.00,3095.2,169.7,-0.0,5,11590,0.810,0.000,-0.000,-0.096,-0.003,171.4,-4.8,0
4343,90.30,0.00,3096.3,170.2,-0.0,5,11616,0.800,0.000,-0.000,-0.096,-0.003,170.4,-5.0,0
4344,90.32,0.00,3097.3,170.3,-0.0,6,10641,0.790,0.000,-0.000,-0.095,-0.003,169.3,-12.3,0
4345,90.34,0.00,3098.4,170.0,-0.0,6,10640,0.780,0.000,-0.000,-0.095,-0.003,168.3,-12.6,0
4346,90.36,0.00,3099.4,169.8,-0.0,6,10381,0.770,0.000,-0.000,-0.094,-0.003,167.2,-12.6,0
4347,90.39,0.00,3100.4,169.7,-0.0,5,11409,0.760,0.000,-0.001,-0.094,-0.003,166.2,-12.5,0
4348,90.41,0.00,3101.5,169.5,-0.0,5,11404,0.750,0.000,-0.001,-0.093,-0.003,165.1,-12.6,0
4349,90.43,0.00,3102.5,169.3,-0.0,5,11280,0.740,0.000,-0.000,-0.093,-0.003,164.1,-12.7,0
4350,90.45,0.00,3103.5,169.4,-0.0,5,11536,0.730,0.000,0.000,-0.092,-0.003,163.0,-5.9,0
4351,90.47,0.00,3104.6,169.8,-0.0,5,11559,0.720,0.000,0.000,-0.092,-0.003,162.0,-5.8,0
4352,90.50,0.00,3105.6,170.1,-0.0,5,11574,0.710,0.000,0.000,-0.091,-0.003,160.9,-6.1,0
4353,90.52,0.00,3106.7,170.2,-0.0,6,10603,0.700,0.000,0.000,-0.091,-0.003,159.9,-12.3,0
4354,90.54,0.00,3107.7,170.0,-0.0,6,10603,0.690,0.000,0.000,-0.090,-0.003,158.8,-12.6,0
4355,90.56,0.00,3108.7,169.8,-0.0,5,11324,0.680,0.000,0.002,-0.090,-0.003,157.8,-12.6,0
4356,90.58,0.00,3109.8,169.5,-0.0,5,11319,0.670,0.000,0.002,-0.089,-0.003,156.7,-12.6,0
4357,90.61,0.00,3110.8,169.3,-0.0,5,11286,0.660,0.000,0.001,-0.089,-0.003,155.7,-12.7,0
4358,90.63,0.00,3111.8,169.4,-0.0,5,11506,0.650,0.000,-0.000,-0.088,-0.003,154.7,-6.8,0
4359,90.65,0.00,3112.9,169.7,-0.1,5,11523,0.640,0.000,-0.001,-0.088,-0.003,153.7,-6.7,0
4360,90.67,0.00,3113.9,170.0,-0.0,5,11534,0.630,0.000,-0.001,-0.087,-0.003,152.6,-7.0,0
4361,90.69,0.00,3115.0,170.0,-0.0,6,10568,0.620,0.000,-0.001,-0.087,-0.003,151.5,-12.4,0
4362,90.72,0.00,3116.0,169.8,-0.0,6,10567,0.610,0.000,-0.000,-0.086,-0.003,150.5,-12.6,0
4363,90.74,0.00,3117.0,169.6,-0.0,5,11314,0.600,0.000,-0.000,-0.086,-0.003,149.4,-12.6,0
4364,90.76,0.00,3118.1,169.4,-0.0,5,11309,0.590,0.000,0.000,-0.085,-0.003,148.4,-12.6,0
4365,90.78,0.00,3119.1,169.2,-0.0,5,11276,0.580,0.000,0.000,-0.085,-0.003,147.3,-12.7,0
4366,90.80,0.00,3120.1,169.2,-0.0,5,11460,0.570,0.000,-0.000,-0.084,-0.003,146.3,-7.7,0
4367,90.83,0.00,3121.2,169.5,-0.0,5,11472,0.560,0.000,-0.000,-0.084,-0.003,145.2,-7.7,0
4368,90.85,0.00,3122.2,169.7,-0.0,5,11480,0.550,0.000,-0.000,-0.083,-0.003,144.2,-7.8,0
4369,90.87,0.00,3123.2,169.9,-0.0,5,11487,0.540,0.000,-0.000,-0.083,-0.003,143.2,-8.0,0
4370,90.89,0.00,3124.3,170.1,-0.0,5,11498,0.530,0.000,-0.000,-0.082,-0.003,142.1,-8.1,0
4371,90.91,0.00,3125.3,170.0,-0.0,6,10535,0.520,0.000,-0.000,-0.082,-0.003,141.1,-12.4,0
4372,90.94,0.00,3126.4,169.8,-0.0,6,10535,0.510,0.000,-0.000,-0.081,-0.003,140.0,-12.6,0
4373,90.96,0.00,3127.4,169.6,-0.0,5,11314,0.500,0.000,-0.000,-0.081,-0.003,139.0,-12.6,0
4374,90.98,0.00,3128.4,169.4,-0.0,5,11309,0.490,0.000,-0.001,-0.080,-0.003,137.9,-12.6,0
4375,91.00,0.00,3129.5,169.2,-0.0,5,11276,0.480,0.000,-0.000,-0.080,-0.003,136.9,-12.7,0
4376,91.02,0.00,3130.5,169.2,-0.0,5,11417,0.470,0.000,-0.000,-0.079,-0.003,135.8,-8.8,0
4377,91.05,0.00,3131.5,169.3,0.0,5,11425,0.460,0.000,-0.000,-0.079,-0.003,134.8,-8.7,0
4378,91.07,0.00,3132.6,169.4,0.0,5,11427,0.450,0.000,-0.000,-0.078,-0.003,133.7,-8.9,0
4379,91.09,0.00,3133.6,169.5,0.0,5,11429,0.440,0.000,-0.000,-0.078,-0.003,132.7,-9.0,0
4380,91.11,0.00,3134.7,169.6,-0.0,5,11431,0.430,0.000,-0.000,-0.077,-0.003,131.6,-9.2,0
4381,91.13,0.00,3135.7,169.7,-0.0,5,11432,0.420,0.000,-0.000,-0.077,-0.003,130.6,-9.3,0
4382,91.16,0.00,3136.7,169.8,-0.0,5,11434,0.410,0.000,-0.000,-0.076,-0.003,129.5,-9.4,0
4383,91.18,0.00,3137.8,169.9,-0.0,5,11435,0.400,0.000,-0.000,-0.076,-0.003,128.5,-9.5,0
4384,91.20,0.00,3138.8,169.9,-0.0,5,11436,0.390,0.000,-0.001,-0.075,-0.003,127.4,-9.6,0
4385,91.22,0.00,3139.8,170.0,-0.0,5,11438,0.380,0.000,-0.000,-0.075,-0.003,126.4,-9.6,0
4386,91.24,0.00,3140.9,170.0,0.0,5,11436,0.370,0.000,-0.000,-0.074,-0.003,125.3,-9.8,0
4387,91.27,0.00,3141.9,169.9,0.0,6,10479,0.360,0.000,-0.000,-0.074,-0.003,124.3,-12.5,0
4388,91.29,0.00,3142.9,169.7,0.0,6,10480,0.350,0.000,-0.000,-0.073,-0.003,123.2,-12.6,0
4389,91.31,0.00,3144.0,169.5,0.0,5,11306,0.340,0.000,-0.000,-0.073,-0.003,122.2,-12.6,0
4390,91.33,0.00,3145.0,169.3,0.0,5,11302,0.330,0.000,-0.000,-0.072,-0.003,121.1,-12.6,0
4391,91.35,0.00,3146.1,169.1,0.0,5,11269,0.320,0.000,-0.000,-0.072,-0.003,120.1,-12.6,0
4392,91.38,0.00,3147.1,169.0,0.0,5,11344,0.310,0.000,-0.000,-0.071,-0.003,119.1,-10.4,0
4393,91.40,0.00,3148.1,169.0,-0.0,5,11340,0.300,0.000,-0.001,-0.071,-0.003,118.0,-10.4,0
4394,91.42,0.00,3149.2,168.9,-0.0,5,11333,0.290,0.000,-0.000,-0.070,-0.003,117.0,-10.6,0
4395,91.44,0.00,3150.2,168.9,0.0,5,11326,0.280,0.000,-0.000,-0.070,-0.003,115.9,-10.7,0
4396,91.46,0.00,3151.2,168.8,0.0,5,11319,0.270,0.000,-0.000,-0.069,-0.003,114.9,-10.8,0
4397,91.49,0.00,3152.2,168.8,0.0,5,11311,0.260,0.000,-0.000,-0.069,-0.003,113.8,-10.9,0
4398,91.51,0.00,3153.3,168.7,0.0,5,11303,0.250,0.000,-0.000,-0.068,-0.003,112.8,-11.0,0
4399,91.53,0.00,3154.3,168.6,0.0,5,11295,0.240,0.000,-0.000,-0.068,-0.003,111.8,-11.1,0
4400,91.55,0.00,3155.3,168.6,0.0,5,11286,0.230,0.000,-0.000,-0.067,-0.003,110.7,-11.2,0
4401,91.57,0.00,3156.4,168.5,0.0,5,11276,0.220,0.000,-0.000,-0.067,-0.003,109.7,-11.3,0
4402,91.60,0.00,3157.4,168.4,0.0,5,11265,0.210,0.000,-0.000,-0.066,-0.003,108.6,-11.4,0
4403,91.62,0.00,3158.4,168.2,0.0,5,11254,0.200,0.000,-0.000,-0.066,-0.003,107.6,-11.5,0
4404,91.64,0.00,3159.5,168.1,0.0,5,11242,0.190,0.000,-0.001,-0.066,-0.003,106.6,-11.6,0
4405,91.66,0.00,3160.5,168.0,-0.0,5,11230,0.180,0.000,-0.000,-0.065,-0.003,105.5,-11.6,0
4406,91.68,0.00,3161.5,167.9,0.0,5,11217,0.170,0.000,0.004,-0.065,-0.003,104.5,-11.7,0
4407,91.71,0.00,3162.5,167.7,0.0,5,11204,0.160,0.000,0.004,-0.064,-0.003,103.5,-11.8,0
4408,91.73,0.00,3163.6,167.6,-0.0,5,11190,0.150,0.000,0.002,-0.064,-0.003,102.5,-11.9,0
4409,91.75,0.00,3164.6,167.4,-0.0,5,11175,0.140,0.000,0.000,-0.063,-0.003,101.5,-12.0,0
4410,91.77,0.00,3165.6,167.2,-0.0,5,11160,0.130,0.000,-0.001,-0.063,-0.004,100.4,-12.1,0
4411,91.79,0.00,3166.6,167.0,-0.0,5,11144,0.120,0.000,-0.001,-0.062,-0.004,99.4,-12.2,0
4412,91.82,0.00,3167.7,166.8,-0.0,5,11128,0.110,0.000,-0.001,-0.061,-0.003,98.4,-12.3,0
4413,91.84,0.00,3168.7,166.6,-0.0,5,11111,0.100,0.000,-0.001,-0.061,-0.003,97.3,-12.4,0
4414,91.86,0.00,3169.7,166.4,-0.0,5,11093,0.090,0.000,-0.000,-0.060,-0.003,96.3,-12.5,0
4415,91.88,0.00,3170.7,166.2,0.0,5,11075,0.080,0.000,0.000,-0.060,-0.003,95.3,-12.5,0
4416,91.90,0.00,3171.7,166.0,0.0,5,11057,0.000,0.009,0.000,-0.059,-0.003,94.2,-12.6,0
4417,91.93,0.00,3172.7,165.7,0.0,5,11005,0.000,0.039,0.001,-0.059,-0.003,93.2,-13.2,0
4418,91.95,0.00,3173.7,165.3,0.0,5,10967,0.000,0.065,0.001,-0.058,-0.003,92.2,-12.6,0
4419,91.97,0.00,3174.8,164.8,0.0,5,10925,0.000,0.085,0.001,-0.058,-0.003,91.2,-12.0,0
4420,91.99,0.00,3175.8,164.3,0.0,5,10881,0.000,0.103,0.001,-0.057,-0.003,90.1,-11.5,0
4421,92.01,0.00,3176.8,163.7,0.0,5,10834,0.000,0.118,0.001,-0.057,-0.003,89.1,-11.1,0
4422,92.04,0.00,3177.8,163.1,0.0,5,10784,0.000,0.130,0.001,-0.056,-0.003,88.1,-10.7,0
4423,92.06,0.00,3178.8,162.4,0.0,5,10733,0.000,0.140,0.001,-0.056,-0.003,87.1,-10.4,0
4424,92.08,0.00,3179.7,161.6,0.0,5,10681,0.000,0.149,0.001,-0.055,-0.003,86.1,-10.2,0
4425,92.10,0.00,3180.7,160.9,0.0,5,10628,0.000,0.156,0.001,-0.055,-0.003,85.1,-9.9,0
4426,92.12,0.00,3181.7,160.1,0.0,5,10574,0.000,0.163,0.002,-0.054,-0.003,84.1,-9.7,0
4427,92.15,0.00,3182.7,159.3,0.0,5,10518,0.000,0.168,0.001,-0.054,-0.003,83.1,-9.5,0
4428,92.17,0.00,3183.7,158.5,0.0,5,10462,0.000,0.172,0.001,-0.053,-0.003,82.2,-9.3,0
4429,92.19,0.00,3184.6,157.7,0.0,5,10406,0.000,0.176,0.001,-0.053,-0.003,81.2,-9.2,0
4430,92.21,0.00,3185.6,156.9,0.0,5,10350,0.000,0.180,0.001,-0.052,-0.003,80.2,-9.0,0
4431,92.23,0.00,3186.5,156.0,0.0,5,10293,0.000,0.183,0.001,-0.052,-0.003,79.2,-8.8,0
4432,92.26,0.00,3187.5,155.2,0.0,5,10235,0.000,0.186,0.001,-0.051,-0.003,78.3,-8.7,0
4433,92.28,0.00,3188.4,154.3,0.0,5,10177,0.000,0.188,0.001,-0.051,-0.003,77.3,-8.6,0
4434,92.30,0.00,3189.4,153.5,0.0,5,10119,0.000,0.190,0.001,-0.050,-0.003,76.4,-8.5,0
4435,92.32,0.00,3190.3,152.6,0.0,5,10061,0.000,0.192,0.002,-0.050,-0.003,75.4,-8.4,0
4436,92.34,0.00,3191.2,151.7,0.0,5,10003,0.000,0.194,0.001,-0.049,-0.003,74.5,-8.3,0
4437,92.37,0.00,3192.2,150.9,0.0,5,9945,0.000,0.196,0.001,-0.049,-0.003,73.6,-8.2,0
4438,92.39,0.00,3193.1,150.0,0.0,5,9886,0.000,0.197,0.001,-0.049,-0.003,72.6,-8.0,0
4439,92.41,0.00,3194.0,149.1,0.0,5,9828,0.000,0.198,0.001,-0.048,-0.003,71.7,-7.9,0
4440,92.43,0.00,3194.9,148.2,0.0,5,9770,0.000,0.200,0.001,-0.048,-0.003,70.8,-7.8,0
4441,92.45,0.00,3195.8,147.4,0.0,5,9710,0.000,0.201,0.001,-0.047,-0.003,69.9,-7.7,0
4442,92.48,0.00,3196.7,146.5,0.0,5,9652,0.000,0.203,0.001,-0.047,-0.003,69.0,-7.6,0
4443,92.50,0.00,3197.6,145.6,0.0,5,9592,0.000,0.204,0.001,-0.046,-0.003,68.1,-7.5,0
4444,92.52,0.00,3198.5,144.7,0.0,5,9533,0.000,0.205,0.001,-0.046,-0.003,67.2,-7.5,0
4445,92.54,0.00,3199.4,143.8,0.0,5,9475,0.000,0.206,0.001,-0.046,-0.003,66.3,-7.4,0
4446,92.56,0.00,3200.2,143.0,0.0,5,9416,0.000,0.207,0.012,-0.045,-0.003,65.4,-7.3,0
4447,92.59,0.00,3201.1,142.1,0.1,5,9358,0.000,0.207,0.010,-0.045,-0.003,64.5,-7.1,0
4448,92.61,0.00,3202.0,141.2,0.0,5,9300,0.000,0.205,0.006,-0.044,-0.004,63.7,-7.1,0
4449,92.63,0.00,3202.8,140.3,-0.0,5,9242,0.000,0.204,0.003,-0.044,-0.004,62.9,-7.0,0
4450,92.65,0.00,3203.7,139.4,-0.1,5,9185,0.000,0.205,0.000,-0.043,-0.005,62.1,-7.0,0
4451,92.67,0.00,3204.5,138.6,-0.1,4,10187,0.000,0.208,-0.001,-0.042,-0.005,61.2,-6.2,0
4452,92.70,0.00,3205.4,137.8,-0.1,4,10155,0.000,0.212,-0.002,-0.042,-0.005,60.4,-6.0,0
4453,92.72,0.00,3206.2,136.9,-0.1,4,10023,0.000,0.215,-0.002,-0.041,-0.005,59.5,-6.9,0
4454,92.74,0.00,3207.1,136.0,-0.1,4,9951,0.000,0.215,-0.002,-0.041,-0.005,58.7,-6.9,0
4455,92.76,0.00,3207.9,135.1,-0.0,4,9883,0.000,0.214,-0.002,-0.040,-0.005,57.8,-6.9,0
4456,92.78,0.00,3208.7,134.2,-0.0,4,9818,0.000,0.214,-0.001,-0.039,-0.005,57.0,-6.8,0
4457,92.81,0.00,3209.5,133.3,-0.0,4,9751,0.000,0.214,-0.001,-0.039,-0.005,56.2,-6.8,0
4458,92.83,0.00,3210.3,132.4,-0.0,4,9683,0.000,0.214,-0.002,-0.038,-0.005,55.4,-6.7,0
4459,92.85,0.00,3211.1,131.5,-0.0,4,9617,0.000,0.214,-0.002,-0.037,-0.005,54.5,-6.7,0
4460,92.87,0.00,3211.9,130.6,-0.0,4,9550,0.000,0.215,-0.002,-0.037,-0.005,53.7,-6.6,0
4461,92.89,0.00,3212.7,129.7,-0.0,4,9484,0.000,0.216,-0.002,-0.036,-0.005,52.9,-6.5,0
4462,92.92,0.00,3213.5,128.8,-0.0,4,9417,0.000,0.216,-0.001,-0.036,-0.005,52.1,-6.4,0
4463,92.94,0.00,3214.3,127.9,-0.0,4,9351,0.000,0.217,-0.001,-0.035,-0.005,51.3,-6.4,0
4464,92.96,0.00,3215.1,127.0,-0.0,4,9285,0.000,0.217,-0.002,-0.034,-0.005,50.5,-6.2,0
4465,92.98,0.00,3215.9,126.1,-0.0,4,9220,0.000,0.218,-0.002,-0.034,-0.005,49.8,-6.1,0
4466,93.00,0.00,3216.6,125.2,-0.0,4,9156,0.000,0.219,-0.002,-0.033,-0.005,49.0,-6.0,0
4467,93.03,0.00,3217.4,124.3,-0.0,4,9090,0.000,0.220,-0.001,-0.033,-0.005,48.2,-5.9,0
4468,93.05,0.00,3218.1,123.4,-0.0,4,9023,0.000,0.221,-0.001,-0.032,-0.005,47.4,-5.8,0
4469,93.07,0.00,3218.9,122.5,-0.0,4,8957,0.000,0.222,-0.001,-0.032,-0.004,46.7,-5.7,0
4470,93.09,0.00,3219.6,121.6,-0.0,4,8891,0.000,0.223,-0.002,-0.031,-0.005,45.9,-5.6,0
4471,93.11,0.00,3220.4,120.7,-0.0,4,8825,0.000,0.224,-0.002,-0.031,-0.004,45.2,-5.5,0
4472,93.14,0.00,3221.1,119.8,-0.0,4,8759,0.000,0.225,-0.001,-0.030,-0.004,44.4,-5.7,0
4473,93.16,0.00,3221.8,118.9,-0.0,4,8694,0.000,0.226,0.025,-0.029,-0.004,43.7,-5.6,0
4474,93.18,0.00,3222.6,118.0,0.0,4,8628,0.000,0.225,0.021,-0.029,-0.005,43.0,-5.4,0
4475,93.20,0.00,3223.3,117.1,-0.0,4,8563,0.000,0.222,0.013,-0.028,-0.007,42.4,-5.3,0
4476,93.22,0.00,3224.0,116.2,-0.1,4,8505,0.000,0.219,0.005,-0.027,-0.008,41.7,-5.1,0
4477,93.25,0.00,3224.7,115.4,-0.1,4,8443,0.000,0.218,-0.000,-0.026,-0.009,41.0,-5.1,0
4478,93.27,0.00,3225.4,114.5,-0.2,4,8379,0.000,0.219,-0.004,-0.026,-0.010,40.4,-5.0,0
4479,93.29,0.00,3226.1,113.7,-0.2,4,8314,0.000,0.222,-0.005,-0.025,-0.010,39.7,-5.0,0
4480,93.31,0.00,3226.8,112.8,-0.1,4,8249,0.000,0.225,-0.005,-0.024,-0.010,39.0,-4.9,0
4481,93.33,0.00,3227.5,111.9,-0.1,4,8183,0.000,0.228,-0.004,-0.023,-0.010,38.3,-4.9,0
4482,93.36,0.00,3228.2,111.1,-0.1,4,8118,0.000,0.230,-0.003,-0.022,-0.009,37.6,-4.9,0
4483,93.38,0.00,3228.8,110.2,-0.0,4,8053,0.000,0.233,-0.002,-0.021,-0.009,36.9,-4.7,0
4484,93.40,0.00,3229.5,109.3,-0.0,4,7987,0.000,0.235,-0.002,-0.020,-0.009,36.2,-4.5,0
4485,93.42,0.00,3230.2,108.4,-0.0,3,9787,0.000,0.238,-0.001,-0.019,-0.009,35.5,-3.8,0
4486,93.44,0.00,3230.8,107.6,-0.0,3,9758,0.000,0.242,-0.001,-0.018,-0.009,34.8,-3.5,0
4487,93.47,0.00,3231.5,106.7,0.0,3,9556,0.000,0.244,-0.001,-0.017,-0.009,34.2,-4.5,0
4488,93.49,0.00,3232.1,105.7,0.0,3,9460,0.000,0.242,-0.000,-0.016,-0.008,33.5,-4.6,0
4489,93.51,0.00,3232.8,104.7,0.0,3,9372,0.000,0.240,0.001,-0.015,-0.008,32.8,-4.6,0
4490,93.53,0.00,3233.4,103.8,0.0,3,9287,0.000,0.239,0.002,-0.014,-0.008,32.2,-4.7,0
4491,93.55,0.00,3234.1,102.8,0.0,3,9203,0.000,0.238,0.155,-0.013,-0.008,31.6,-4.6,0
4492,93.58,0.00,3234.7,101.9,0.3,3,9122,0.000,0.232,0.143,-0.012,-0.010,31.0,-2.9,0
4493,93.60,0.00,3235.3,101.0,0.3,3,9040,0.000,0.213,0.111,-0.010,-0.017,30.6,-3.5,0
4494,93.62,0.00,3235.9,100.1,0.0,3,8969,0.000,0.194,0.072,-0.008,-0.025,30.3,-4.7,0
4495,93.64,0.00,3236.5,99.2,-0.3,3,8906,0.000,0.181,0.036,-0.005,-0.032,29.9,-5.3,0
4496,93.66,0.00,3237.1,98.5,-0.5,3,8846,0.000,0.176,0.008,-0.002,-0.037,29.4,-5.5,0
4497,93.69,0.00,3237.7,97.8,-0.6,3,8787,0.000,0.178,-0.008,0.001,-0.040,28.9,-5.4,0
4498,93.71,0.00,3238.3,97.0,-0.6,3,8725,0.000,0.185,-0.016,0.004,-0.042,28.4,-5.2,0
4499,93.73,0.00,3238.9,96.3,-0.5,3,8657,0.000,0.194,-0.018,0.008,-0.042,27.8,-5.0,0
4500,93.75,0.00,3239.5,95.5,-0.4,3,8586,0.000,0.203,-0.016,0.011,-0.041,27.2,-4.7,0
4501,93.77,0.00,3240.1,94.8,-0.3,3,8511,0.000,0.212,-0.013,0.015,-0.040,26.6,-4.5,0
4502,93.80,0.00,3240.7,94.0,-0.2,3,8433,0.000,0.221,-0.009,0.019,-0.039,25.9,-4.1,0
4503,93.82,0.00,3241.2,93.1,-0.1,3,8353,0.000,0.227,-0.006,0.022,-0.038,25.3,-3.7,0
4504,93.84,0.00,3241.8,92.3,-0.0,3,8273,0.000,0.232,-0.004,0.026,-0.038,24.7,-3.6,0
4505,93.86,0.00,3242.3,91.4,0.0,3,8192,0.000,0.236,-0.003,0.029,-0.037,24.2,-3.6,0
4506,93.88,0.00,3242.9,90.5,0.0,3,8112,0.000,0.239,-0.002,0.033,-0.037,23.6,-3.6,0
4507,93.91,0.00,3243.4,89.6,0.0,3,8024,0.000,0.242,-0.002,0.036,-0.036,23.0,-3.7,0
4508,93.93,0.00,3244.0,88.8,0.0,3,7940,0.000,0.245,-0.001,0.039,-0.036,22.5,-3.6,0
4509,93.95,0.00,3244.5,87.8,0.0,3,7864,0.000,0.247,-0.001,0.043,-0.036,21.9,-3.4,0
4510,93.97,0.00,3245.1,86.9,0.0,3,7786,0.000,0.249,-0.001,0.046,-0.036,21.4,-3.2,0
4511,93.99,0.00,3245.6,86.0,0.0,3,7706,0.000,0.250,-0.000,0.049,-0.036,20.8,-3.0,0
4512,94.02,0.00,3246.1,85.1,0.0,3,7626,0.000,0.252,-0.000,0.052,-0.036,20.3,-2.9,0
4513,94.04,0.00,3246.6,84.2,0.0,3,7544,0.000,0.253,0.001,0.055,-0.035,19.8,-2.7,0
4514,94.06,0.00,3247.2,83.3,0.0,3,7462,0.000,0.255,0.001,0.058,-0.035,19.3,-2.5,0
4515,94.08,0.00,3247.7,82.4,0.0,3,7380,0.000,0.257,0.003,0.061,-0.035,18.8,-2.2,0
4516,94.10,0.00,3248.2,81.5,0.0,3,7296,0.000,0.258,0.005,0.064,-0.035,18.3,-2.1,0
4517,94.13,0.00,3248.7,80.6,0.0,3,7213,0.000,0.258,0.031,0.067,-0.031,17.8,-2.1,0
4518,94.15,0.00,3249.2,79.7,0.1,3,7131,0.000,0.258,0.154,0.069,-0.007,17.3,-2.2,0
4519,94.17,0.00,3249.6,78.8,0.3,2,8960,0.000,0.255,0.500,0.069,0.015,16.9,-0.6,0
4520,94.19,0.00,3250.1,78.0,0.6,2,8937,0.000,0.248,0.585,0.067,0.032,16.5,3.3,0
4521,94.21,0.00,3250.6,77.1,0.7,2,8638,0.000,0.227,0.644,0.065,0.043,16.3,6.1,0
4522,94.24,0.00,3251.1,76.1,0.6,2,8530,0.000,0.196,0.685,0.062,0.051,16.1,6.8,0
4523,94.26,0.00,3251.6,75.1,0.4,2,8439,0.000,0.162,0.712,0.058,0.056,15.9,5.8,0
4524,94.28,0.00,3252.0,74.3,0.1,2,8359,0.000,0.128,0.728,0.054,0.059,15.8,4.1,0
4525,94.30,0.00,3252.5,73.5,-0.1,2,8291,0.000,0.096,0.735,0.049,0.060,15.8,2.1,0
4526,94.32,0.00,3252.9,72.8,-0.4,2,8235,0.000,0.066,0.733,0.044,0.059,15.7,0.2,0
4527,94.35,0.00,3253.4,72.2,-0.6,2,8190,0.000,0.038,0.725,0.039,0.057,15.7,-1.5,0
4528,94.37,0.00,3253.8,71.7,-0.9,2,8156,0.000,0.013,0.711,0.034,0.053,15.7,-3.0,0
4529,94.39,0.00,3254.3,71.3,-1.2,2,8131,0.050,0.000,0.693,0.030,0.049,15.7,-4.2,0
4530,94.41,0.00,3254.7,71.0,-1.5,2,8167,0.100,0.000,0.674,0.025,0.045,15.8,-4.1,0
4531,94.43,0.00,3255.1,70.8,-1.8,2,8209,0.150,0.000,0.655,0.020,0.040,15.8,-3.2,0
4532,94.46,0.00,3255.6,70.6,-2.0,2,8262,0.200,0.000,0.642,0.015,0.037,15.8,-2.1,0
4533,94.48,0.00,3256.0,70.6,-2.2,2,8325,0.250,0.000,0.633,0.010,0.035,15.8,-0.9,0
4534,94.50,0.00,3256.4,70.5,-2.4,2,8400,0.300,0.000,0.626,0.005,0.032,15.8,0.5,0
4535,94.52,0.00,3256.9,70.6,-2.6,2,8487,0.350,0.000,0.623,0.000,0.031,15.8,1.9,0
4536,94.54,0.00,3257.3,70.7,-2.7,2,8589,0.400,0.000,0.623,-0.005,0.030,15.7,3.4,0
4537,94.57,0.00,3257.7,70.9,-2.8,2,8709,0.250,0.000,0.625,-0.010,0.029,15.7,5.1,0
4538,94.59,0.00,3258.2,71.0,-2.9,2,8504,0.300,0.000,0.630,-0.015,0.029,15.6,1.9,0
4539,94.61,0.00,3258.6,71.1,-2.9,2,8545,0.350,0.000,0.639,-0.020,0.030,15.6,2.4,0
4540,94.63,0.00,3259.0,71.2,-2.9,2,8639,0.000,0.011,0.652,-0.025,0.031,15.5,3.8,0
4541,94.65,0.00,3259.4,71.1,-2.8,2,8157,0.000,0.015,0.666,-0.030,0.033,15.4,-2.9,0
4542,94.68,0.00,3259.9,70.8,-2.7,2,8076,0.000,0.006,0.681,-0.036,0.035,15.3,-3.5,0
4543,94.70,0.00,3260.3,70.4,-2.5,2,8040,0.050,0.000,0.693,-0.041,0.036,15.3,-3.8,0
4544,94.72,0.00,3260.7,70.1,-2.5,2,8070,0.100,0.000,0.702,-0.046,0.036,15.2,-3.3,0
4545,94.74,0.00,3261.2,69.9,-2.4,2,8110,0.150,0.000,0.707,-0.051,0.035,15.2,-2.3,0
4546,94.76,0.00,3261.6,69.7,-2.4,2,8159,0.200,0.000,0.709,-0.056,0.034,15.1,-1.2,0
4547,94.79,0.00,3262.0,69.6,-2.5,2,8218,0.250,0.000,0.716,-0.061,0.033,15.1,-0.0,0
4548,94.81,0.00,3262.4,69.6,-2.5,2,8287,0.300,0.000,0.722,-0.066,0.032,15.1,1.3,0
4549,94.83,0.00,3262.8,69.6,-2.6,2,8368,0.350,0.000,0.731,-0.071,0.032,15.1,2.6,0
4550,94.85,0.00,3263.2,69.7,-2.6,2,8463,0.400,0.000,0.742,-0.076,0.031,15.0,4.1,0
4551,94.87,0.00,3263.6,69.9,-2.7,2,8575,0.250,0.000,0.755,-0.081,0.031,15.0,5.8,0
4552,94.90,0.00,3264.1,70.0,-2.8,2,8371,0.300,0.000,0.773,-0.086,0.032,14.9,2.8,0
4553,94.92,0.00,3264.5,70.0,-2.7,2,8409,0.000,0.001,0.795,-0.091,0.033,14.9,3.4,0
4554,94.94,0.00,3264.9,69.9,-2.6,2,8017,0.050,0.000,0.821,-0.097,0.035,14.8,-2.3,0
4555,94.96,0.00,3265.3,69.6,-2.5,2,8012,0.100,0.000,0.848,-0.102,0.037,14.7,-2.0,0
4556,94.98,0.00,3265.7,69.3,-2.3,2,8044,0.150,0.000,0.875,-0.107,0.038,14.7,-1.0,0
4557,95.01,0.00,3266.1,69.1,-2.2,2,8087,0.200,0.000,0.901,-0.112,0.039,14.6,0.2,0
4558,95.03,0.00,3266.5,69.0,-2.2,2,8139,0.250,0.000,0.926,-0.117,0.039,14.6,1.4,0
4559,95.05,0.00,3266.9,68.9,-2.1,2,8202,0.300,0.000,0.953,-0.122,0.038,14.6,2.8,0
4560,95.07,0.00,3267.3,68.9,-2.2,2,8277,0.350,0.000,0.982,-0.127,0.037,14.5,4.3,0
4561,95.09,0.00,3267.7,68.9,-2.2,2,8366,0.200,0.000,1.000,-0.132,0.036,14.5,5.9,0
4562,95.12,0.00,3268.1,68.9,-2.3,2,8164,0.250,0.000,1.000,-0.137,0.035,14.5,3.2,0
4563,95.14,0.00,3268.5,68.8,-2.3,2,8194,0.300,0.000,1.000,-0.142,0.034,14.5,3.8,0
4564,95.16,0.00,3268.9,68.8,-2.3,2,8263,0.150,0.000,1.000,-0.146,0.034,14.5,5.0,0
4565,95.18,0.00,3269.3,68.7,-2.2,2,8066,0.200,0.000,1.000,-0.151,0.034,14.4,2.2,0
4566,95.20,0.00,3269.7,68.6,-2.2,2,8092,0.250,0.000,1.000,-0.156,0.035,14.4,2.8,0
4567,95.23,0.00,3270.1,68.5,-2.1,2,8148,0.300,0.000,1.000,-0.161,0.035,14.3,3.8,0
4568,95.25,0.00,3270.5,68.5,-2.1,2,8218,0.350,0.000,1.000,-0.165,0.034,14.3,5.0,0
4569,95.27,0.00,3270.9,68.5,-2.1,2,8304,0.200,0.000,1.000,-0.170,0.034,14.3,6.3,0
4570,95.29,0.00,3271.3,68.5,-2.1,2,8107,0.250,0.000,1.000,-0.174,0.033,14.3,3.3,0
4571,95.31,0.00,3271.7,68.4,-2.0,2,8136,0.300,0.000,1.000,-0.179,0.033,14.2,3.7,0
4572,95.34,0.00,3272.1,68.4,-2.0,2,8203,0.350,0.000,1.000,-0.183,0.032,14.2,4.8,0
4573,95.36,0.00,3272.5,68.4,-2.0,2,8288,0.200,0.000,1.000,-0.187,0.032,14.2,6.1,0
4574,95.38,0.00,3272.9,68.4,-2.0,2,8094,0.250,0.000,1.000,-0.192,0.031,14.2,3.2,0
4575,95.40,0.00,3273.3,68.3,-1.9,2,8126,0.300,0.000,1.000,-0.196,0.031,14.2,3.7,0
4576,95.42,0.00,3273.7,68.3,-1.9,2,8193,0.350,0.000,1.000,-0.200,0.030,14.1,4.8,0
4577,95.45,0.00,3274.1,68.4,-1.9,2,8277,0.200,0.000,0.861,-0.204,0.030,14.1,6.0,0
4578,95.47,0.00,3274.5,68.4,-1.9,2,8084,0.250,0.000,0.757,-0.208,0.029,14.1,2.4,0
4579,95.49,0.00,3274.9,68.3,-1.8,2,8117,0.300,0.000,0.697,-0.212,0.029,14.1,1.9,0
4580,95.51,0.00,3275.2,68.3,-1.8,2,8187,0.350,0.000,0.658,-0.216,0.028,14.1,2.2,0
4581,95.53,0.00,3275.6,68.5,-1.8,2,8274,0.400,0.000,0.633,-0.220,0.027,14.0,3.0,0
4582,95.56,0.00,3276.0,68.6,-1.8,2,8380,0.450,0.000,0.616,-0.224,0.027,14.0,4.1,0
4583,95.58,0.00,3276.4,68.9,-1.9,2,8508,0.300,0.000,0.605,-0.227,0.026,14.1,5.5,0
4584,95.60,0.00,3276.8,69.1,-2.0,2,8318,0.350,0.000,0.600,-0.231,0.025,14.1,2.2,0
4585,95.62,0.00,3277.2,69.3,-1.9,2,8366,0.400,0.000,0.603,-0.235,0.025,14.1,2.5,0
4586,95.64,0.00,3277.6,69.5,-1.9,2,8466,0.450,0.000,0.613,-0.239,0.026,14.2,3.8,0
4587,95.67,0.00,3278.0,69.8,-1.9,2,8596,0.300,0.000,0.628,-0.243,0.027,14.3,5.4,0
4588,95.69,0.00,3278.4,70.0,-1.9,2,8411,0.000,0.001,0.648,-0.247,0.028,14.4,2.3,0
4589,95.71,0.00,3278.8,69.9,-1.8,2,8015,0.050,0.000,0.676,-0.251,0.029,14.5,-3.8,0
4590,95.73,0.00,3279.2,69.7,-1.6,2,8020,0.100,0.000,0.710,-0.255,0.030,14.7,-3.5,0
4591,95.75,0.00,3279.6,69.5,-1.5,2,8053,0.150,0.000,0.751,-0.259,0.031,14.9,-2.5,0
4592,95.78,0.00,3280.0,69.3,-1.4,2,8096,0.200,0.000,0.802,-0.262,0.031,15.2,-1.4,0
4593,95.80,0.00,3280.3,69.2,-1.4,2,8149,0.250,0.000,0.866,-0.266,0.029,15.6,-0.1,0
4594,95.82,0.00,3280.7,69.2,-1.4,2,8212,0.300,0.000,0.919,-0.269,0.028,16.1,1.4,0
4595,95.84,0.00,3281.1,69.2,-1.5,2,8288,0.350,0.000,0.903,-0.273,0.025,16.7,3.0,0
4596,95.86,0.00,3281.5,69.3,-1.6,2,8378,0.400,0.000,0.883,-0.276,0.023,17.5,4.5,0
4597,95.89,0.00,3281.9,69.4,-1.7,2,8486,0.250,0.000,0.812,-0.279,0.020,18.5,6.0,0
4598,95.91,0.00,3282.3,69.5,-1.8,2,8292,0.300,0.000,0.706,-0.283,0.018,19.6,2.6,0
4599,95.93,0.00,3282.7,69.6,-1.9,2,8335,0.350,0.000,0.658,-0.286,0.016,21.0,2.4,0
4600,95.95,0.00,3283.1,69.7,-2.0,2,8423,0.400,0.000,0.640,-0.289,0.015,22.7,3.2,0
4601,95.97,0.00,3283.5,69.9,-2.0,2,8535,0.450,0.000,0.619,-0.292,0.014,24.8,4.4,0
4602,96.00,0.00,3283.8,70.1,-2.1,2,8672,0.300,0.000,0.594,-0.295,0.013,27.5,6.0,0
4603,96.02,0.00,3284.2,70.3,-2.2,2,8479,0.350,0.000,0.512,-0.298,0.012,31.1,2.6,0
4604,96.04,0.00,3284.6,70.5,-2.2,2,8526,0.400,0.000,0.473,-0.302,0.012,35.9,2.5,0
4605,96.06,0.00,3285.0,70.7,-2.2,2,8631,0.450,0.000,0.431,-0.305,0.012,42.7,3.4,0
4606,96.08,0.00,3285.4,71.1,-2.3,2,8766,0.500,0.000,0.352,-0.308,0.013,52.8,4.8,0
4607,96.11,0.00,3285.8,71.5,-2.4,2,8929,0.350,0.000,0.239,-0.312,0.015,69.0,6.4,0
4608,96.13,0.00,3286.2,71.9,-2.5,2,8725,0.400,0.000,0.169,-0.315,0.018,97.1,2.3,0
4609,96.15,0.00,3286.6,72.2,-2.4,2,8758,0.450,0.000,0.217,-0.319,0.025,148.3,1.9,0
4610,96.17,0.00,3287.0,72.7,-2.2,2,8856,0.500,0.000,0.195,-0.324,0.024,200.0,2.8,0
4611,96.19,0.00,3287.5,73.1,-1.9,2,8984,0.550,0.000,0.124,-0.327,0.012,200.0,3.9,0
4612,96.22,0.00,3287.9,73.7,-1.7,2,9127,0.600,0.000,0.064,-0.330,0.002,200.0,4.8,0
4613,96.24,0.00,3288.4,74.4,-1.7,2,9350,0.450,0.000,0.016,-0.331,-0.006,200.0,6.9,0
4614,96.26,0.00,3288.8,75.0,-1.6,2,9162,0.500,0.000,-0.018,-0.332,-0.012,200.0,3.1,0
4615,96.28,0.00,3289.3,75.6,-1.4,2,9174,0.550,0.000,-0.034,-0.333,-0.015,200.0,2.0,0
4616,96.30,0.00,3289.8,76.3,-1.2,2,9280,0.600,0.000,-0.035,-0.333,-0.015,200.0,2.4,0
4617,96.33,0.00,3290.2,77.0,-0.9,2,9436,0.650,0.000,-0.030,-0.333,-0.014,200.0,3.5,0
4618,96.35,0.00,3290.7,77.8,-0.7,2,9625,0.700,0.000,-0.022,-0.332,-0.013,200.0,5.0,0
4619,96.37,0.00,3291.2,78.7,-0.5,2,9849,0.550,0.000,-0.015,-0.332,-0.012,200.0,6.9,0
4620,96.39,0.00,3291.7,79.5,-0.3,2,9670,0.600,0.000,-0.009,-0.332,-0.011,200.0,2.8,0
4621,96.41,0.00,3292.2,80.2,-0.2,2,9783,0.650,0.000,-0.005,-0.331,-0.010,200.0,3.1,0
4622,96.44,0.00,3292.6,80.5,-0.1,3,7757,0.700,0.000,-0.001,-0.330,-0.009,200.0,-5.9,0
4623,96.46,0.00,3293.1,80.5,-0.1,3,7771,0.750,0.000,0.001,-0.330,-0.009,200.0,-6.0,0
4624,96.48,0.00,3293.6,80.4,-0.0,3,7363,0.800,0.000,0.001,-0.329,-0.009,200.0,-5.5,0
4625,96.50,0.00,3294.1,80.9,-0.0,3,7777,0.850,0.000,0.001,-0.328,-0.009,200.0,1.9,0
4626,96.52,0.00,3294.6,81.5,-0.0,3,7994,0.900,0.000,0.000,-0.328,-0.009,200.0,5.0,0
4627,96.55,0.00,3295.1,82.3,-0.0,3,8152,0.750,0.000,-0.000,-0.327,-0.009,200.0,6.8,0
4628,96.57,0.00,3295.6,83.0,-0.0,3,8036,0.800,0.000,-0.000,-0.326,-0.009,200.0,3.3,0
4629,96.59,0.00,3296.1,83.8,-0.0,3,8063,0.850,0.000,-0.001,-0.325,-0.009,200.0,2.4,0
4630,96.61,0.00,3296.7,84.5,-0.0,3,8162,0.900,0.000,-0.001,-0.325,-0.009,200.0,2.9,0
4631,96.63,0.00,3297.2,85.3,-0.0,3,8300,0.950,0.000,-0.001,-0.324,-0.009,200.0,4.2,0
4632,96.66,0.00,3297.7,86.1,-0.0,3,8475,0.800,0.000,-0.000,-0.323,-0.009,200.0,6.0,0
4633,96.68,0.00,3298.2,86.9,-0.0,3,8424,0.850,0.000,-0.000,-0.322,-0.009,200.0,3.6,0
4634,96.70,0.00,3298.8,87.7,-0.0,3,8529,0.900,0.000,-0.000,-0.322,-0.009,200.0,4.2,0
4635,96.72,0.00,3299.3,88.5,0.0,3,8695,0.750,0.000,-0.000,-0.321,-0.009,200.0,5.9,0
4636,96.74,0.00,3299.8,89.3,-0.0,3,8624,0.800,0.000,-0.001,-0.320,-0.009,200.0,3.2,0
4637,96.77,0.00,3300.4,90.0,-0.0,3,8711,0.850,0.000,-0.001,-0.319,-0.009,200.0,3.4,0
4638,96.79,0.00,3300.9,90.8,-0.0,3,8858,0.900,0.000,-0.000,-0.319,-0.009,200.0,4.8,0
4639,96.81,0.00,3301.5,91.6,0.0,3,9042,0.750,0.000,-0.000,-0.318,-0.009,200.0,6.8,0
4640,96.83,0.00,3302.1,92.5,0.0,3,8962,0.800,0.000,-0.000,-0.317,-0.009,200.0,3.9,0
4641,96.85,0.00,3302.6,93.2,0.0,3,9042,0.850,0.000,-0.001,-0.316,-0.009,200.0,4.0,0
4642,96.88,0.00,3303.2,94.0,-0.0,3,9193,0.700,0.000,-0.001,-0.315,-0.009,200.0,5.4,0
4643,96.90,0.00,3303.8,94.8,-0.0,3,9105,0.750,0.000,-0.001,-0.314,-0.009,200.0,2.3,0
4644,96.92,0.00,3304.4,95.5,-0.0,3,9196,0.800,0.000,-0.000,-0.314,-0.009,200.0,2.7,0
4645,96.94,0.00,3304.9,96.3,0.0,3,9343,0.850,0.000,-0.000,-0.313,-0.008,200.0,4.1,0
4646,96.96,0.00,3305.5,97.1,0.0,3,9521,0.700,0.000,-0.000,-0.312,-0.008,200.0,6.1,0
4647,96.99,0.00,3306.1,97.9,0.0,3,9429,0.750,0.000,-0.000,-0.311,-0.008,200.0,3.0,0
4648,97.01,0.00,3306.7,98.6,0.0,3,9516,0.800,0.000,-0.000,-0.310,-0.008,200.0,3.2,0
4649,97.03,0.00,3307.3,99.4,0.0,3,9653,0.850,0.000,-0.001,-0.309,-0.008,200.0,4.4,0
4650,97.05,0.00,3307.9,100.2,-0.0,3,9813,0.700,0.000,-0.001,-0.309,-0.008,200.0,6.0,0
4651,97.07,0.00,3308.6,101.0,-0.0,3,9713,0.750,0.000,-0.000,-0.308,-0.008,200.0,2.7,0
4652,97.10,0.00,3309.2,101.8,0.0,3,9795,0.800,0.000,-0.000,-0.307,-0.008,200.0,2.8,0
4653,97.12,0.00,3309.8,102.5,0.0,3,9930,0.850,0.000,-0.000,-0.306,-0.008,200.0,4.0,0
4654,97.14,0.00,3310.4,103.4,0.0,3,10089,0.700,0.000,-0.000,-0.305,-0.008,200.0,5.6,0
4655,97.16,0.00,3311.1,104.1,0.0,3,9992,0.750,0.000,-0.000,-0.304,-0.008,200.0,2.4,0
4656,97.18,0.00,3311.7,104.9,0.0,3,10080,0.800,0.000,-0.001,-0.303,-0.008,200.0,2.7,0
4657,97.21,0.00,3312.3,105.6,0.0,3,10219,0.850,0.000,-0.001,-0.302,-0.008,200.0,4.0,0
4658,97.23,0.00,3313.0,106.4,0.0,3,10379,0.700,0.000,-0.000,-0.301,-0.008,200.0,5.6,0
4659,97.25,0.00,3313.7,107.2,0.0,3,10298,0.750,0.000,-0.000,-0.301,-0.008,200.0,2.6,0
4660,97.27,0.00,3314.3,107.9,0.0,3,10418,0.800,0.000,-0.000,-0.300,-0.008,200.0,3.6,0
4661,97.29,0.00,3315.0,108.7,0.0,3,10544,0.850,0.000,-0.000,-0.299,-0.008,200.0,4.7,0
4662,97.32,0.00,3315.6,109.5,0.0,3,10687,0.700,0.000,-0.001,-0.298,-0.008,200.0,6.0,0
4663,97.34,0.00,3316.3,110.3,0.0,3,10563,0.750,0.000,-0.001,-0.297,-0.008,200.0,2.2,0
4664,97.36,0.00,3317.0,110.6,0.0,4,8580,0.800,0.000,-0.000,-0.296,-0.008,200.0,-8.0,0
4665,97.38,0.00,3317.7,110.5,0.0,4,8590,0.850,0.000,-0.000,-0.295,-0.008,200.0,-8.2,0
4666,97.40,0.00,3318.3,110.4,0.0,4,8205,0.900,0.000,-0.000,-0.294,-0.008,200.0,-7.8,0
4667,97.43,0.00,3319.0,110.8,0.0,4,8583,0.950,0.000,-0.000,-0.293,-0.008,200.0,0.7,0
4668,97.45,0.00,3319.7,111.5,0.0,4,8690,1.000,0.000,-0.001,-0.292,-0.008,200.0,2.2,0
4669,97.47,0.00,3320.4,112.2,-0.0,4,8783,1.000,0.000,-0.001,-0.292,-0.008,200.0,3.2,0
4670,97.49,0.00,3321.1,113.0,0.0,4,8849,1.000,0.000,-0.000,-0.291,-0.008,200.0,3.3,0
4671,97.51,0.00,3321.8,113.7,0.0,4,8917,1.000,0.000,-0.000,-0.290,-0.008,200.0,3.6,0
4672,97.54,0.00,3322.4,114.5,0.0,4,8977,1.000,0.000,-0.000,-0.289,-0.008,200.0,3.6,0
4673,97.56,0.00,3323.2,115.3,0.0,4,9035,1.000,0.000,-0.000,-0.288,-0.008,200.0,3.6,0
4674,97.58,0.00,3323.9,116.1,0.0,4,9096,1.000,0.000,-0.000,-0.287,-0.008,200.0,3.6,0
4675,97.60,0.00,3324.6,116.9,0.0,4,9159,1.000,0.000,-0.001,-0.286,-0.008,200.0,3.6,0
4676,97.62,0.00,3325.3,117.7,0.0,4,9225,1.000,0.000,-0.001,-0.285,-0.008,200.0,3.7,0
4677,97.65,0.00,3326.0,118.5,0.0,4,9292,1.000,0.000,-0.000,-0.284,-0.008,200.0,3.8,0
4678,97.67,0.00,3326.7,119.3,0.0,4,9360,1.000,0.000,-0.000,-0.283,-0.008,200.0,4.0,0
4679,97.69,0.00,3327.5,120.1,0.0,4,9428,1.000,0.000,-0.000,-0.282,-0.008,200.0,4.1,0
4680,97.71,0.00,3328.2,120.9,0.0,4,9493,1.000,0.000,-0.000,-0.281,-0.008,200.0,4.1,0
4681,97.73,0.00,3328.9,121.7,0.0,4,9558,1.000,0.000,-0.001,-0.280,-0.008,200.0,4.2,0
4682,97.76,0.00,3329.7,122.5,0.0,4,9619,1.000,0.000,-0.000,-0.279,-0.008,200.0,4.2,0
4683,97.78,0.00,3330.4,123.4,0.0,4,9677,1.000,0.000,-0.000,-0.278,-0.008,200.0,4.0,0
4684,97.80,0.00,3331.2,124.2,0.0,4,9734,1.000,0.000,-0.000,-0.277,-0.008,200.0,3.9,0
4685,97.82,0.00,3332.0,125.0,0.0,4,9791,1.000,0.000,-0.001,-0.276,-0.008,200.0,3.8,0
4686,97.84,0.00,3332.7,125.8,0.0,4,9850,1.000,0.000,-0.001,-0.276,-0.008,200.0,3.6,0
4687,97.87,0.00,3333.5,126.6,0.0,4,9908,1.000,0.000,-0.000,-0.275,-0.007,200.0,3.5,0
4688,97.89,0.00,3334.3,127.4,0.0,4,9967,1.000,0.000,-0.000,-0.274,-0.007,200.0,3.4,0
4689,97.91,0.00,3335.1,128.2,0.0,4,10026,1.000,0.000,-0.000,-0.273,-0.007,200.0,3.4,0
4690,97.93,0.00,3335.8,129.0,0.0,4,10077,1.000,0.000,-0.000,-0.272,-0.007,200.0,3.1,0
4691,97.95,0.00,3336.6,129.8,0.0,4,10129,1.000,0.000,-0.000,-0.271,-0.007,200.0,2.9,0
4692,97.98,0.00,3337.4,130.6,0.0,4,10190,1.000,0.000,-0.001,-0.270,-0.007,200.0,2.8,0
4693,98.00,0.00,3338.2,131.4,0.0,4,10255,1.000,0.000,-0.001,-0.269,-0.007,200.0,2.9,0
4694,98.02,0.00,3339.0,132.2,0.0,4,10320,1.000,0.000,-0.000,-0.268,-0.007,200.0,3.0,0
4695,98.04,0.00,3339.8,133.0,0.0,4,10383,1.000,0.000,-0.000,-0.267,-0.007,200.0,3.0,0
4696,98.06,0.00,3340.7,133.8,0.0,4,10442,1.000,0.000,-0.000,-0.266,-0.007,200.0,2.9,0
4697,98.09,0.00,3341.5,134.6,0.0,4,10498,1.000,0.000,-0.000,-0.265,-0.007,200.0,2.8,0
4698,98.11,0.00,3342.3,135.4,0.0,4,10554,1.000,0.000,-0.000,-0.264,-0.007,200.0,2.7,0
4699,98.13,0.00,3343.1,136.2,0.0,4,10590,1.000,0.000,-0.001,-0.263,-0.007,200.0,2.2,0
4700,98.15,0.00,3344.0,137.0,0.0,4,10632,1.000,0.000,-0.001,-0.262,-0.007,200.0,1.6,0
4701,98.17,0.00,3344.8,137.8,0.0,4,10694,1.000,0.000,-0.000,-0.261,-0.007,200.0,1.6,0
4702,98.20,0.00,3345.7,138.6,0.0,4,10766,1.000,0.000,-0.000,-0.260,-0.007,200.0,1.9,0
4703,98.22,0.00,3346.5,139.4,0.0,4,10839,1.000,0.000,-0.000,-0.259,-0.007,200.0,2.2,0
4704,98.24,0.00,3347.4,140.1,0.0,4,10905,1.000,0.000,-0.000,-0.258,-0.007,200.0,2.4,0
4705,98.26,0.00,3348.2,140.5,0.0,5,9791,1.000,0.000,-0.000,-0.257,-0.007,200.0,-9.9,0
4706,98.28,0.00,3349.1,140.3,0.0,5,9795,1.000,0.000,-0.000,-0.256,-0.007,200.0,-10.4,0
4707,98.31,0.00,3349.9,140.2,0.0,5,9353,1.000,0.000,-0.000,-0.255,-0.007,200.0,-10.2,0
4708,98.33,0.00,3350.8,140.6,0.0,5,9712,1.000,0.000,-0.000,-0.254,-0.007,200.0,-1.0,0
4709,98.35,0.00,3351.7,141.3,0.0,5,9772,1.000,0.000,-0.000,-0.253,-0.007,200.0,-0.5,0
4710,98.37,0.00,3352.5,141.9,0.0,5,9817,1.000,0.000,-0.001,-0.252,-0.007,200.0,-0.5,0
4711,98.39,0.00,3353.4,142.6,0.0,5,9866,1.000,0.000,-0.001,-0.251,-0.007,200.0,-0.4,0
4712,98.42,0.00,3354.3,143.3,0.0,5,9920,1.000,0.000,-0.000,-0.250,-0.007,200.0,-0.2,0
4713,98.44,0.00,3355.2,143.9,0.0,5,9972,1.000,0.000,-0.000,-0.249,-0.007,200.0,-0.1,0
4714,98.46,0.00,3356.0,144.6,0.0,5,10018,1.000,0.000,-0.000,-0.248,-0.007,200.0,-0.1,0
4715,98.48,0.00,3356.9,145.3,0.0,5,10063,1.000,0.000,-0.000,-0.247,-0.007,200.0,-0.2,0
4716,98.50,0.00,3357.8,146.0,0.0,5,10075,1.000,0.000,-0.000,-0.246,-0.007,200.0,-1.0,0
4717,98.53,0.00,3358.7,146.7,0.0,5,10104,1.000,0.000,-0.001,-0.245,-0.007,200.0,-1.6,0
4718,98.55,0.00,3359.6,147.3,0.0,5,10156,1.000,0.000,-0.001,-0.244,-0.007,200.0,-1.4,0
4719,98.57,0.00,3360.5,148.0,0.0,5,10220,1.000,0.000,-0.000,-0.243,-0.007,200.0,-1.0,0
4720,98.59,0.00,3361.4,148.6,0.0,5,10280,1.000,0.000,-0.000,-0.242,-0.007,200.0,-0.5,0
4721,98.61,0.00,3362.3,149.3,0.0,5,10332,1.000,0.000,-0.000,-0.241,-0.007,200.0,-0.4,0
4722,98.64,0.00,3363.2,149.9,0.0,5,10374,1.000,0.000,-0.000,-0.240,-0.007,200.0,-0.5,0
4723,98.66,0.00,3364.2,150.6,0.0,5,10414,1.000,0.000,-0.000,-0.239,-0.007,200.0,-0.7,0
4724,98.68,0.00,3365.1,151.3,0.0,5,10418,1.000,0.000,-0.001,-0.238,-0.007,200.0,-1.7,0
4725,98.70,0.00,3366.0,152.0,0.0,5,10442,1.000,0.000,-0.001,-0.237,-0.006,200.0,-2.4,0
4726,98.72,0.00,3366.9,152.6,0.0,5,10494,1.000,0.000,-0.000,-0.236,-0.006,200.0,-2.2,0
4727,98.75,0.00,3367.9,153.2,0.0,5,10562,1.000,0.000,-0.000,-0.235,-0.006,200.0,-1.6,0
4728,98.77,0.00,3368.8,153.9,0.0,5,10626,1.000,0.000,-0.000,-0.234,-0.006,200.0,-1.0,0
4729,98.79,0.00,3369.7,154.5,0.0,5,10678,1.000,0.000,-0.000,-0.233,-0.006,200.0,-0.9,0
4730,98.81,0.00,3370.7,155.1,0.0,5,10720,1.000,0.000,-0.001,-0.232,-0.006,200.0,-1.0,0
4731,98.83,0.00,3371.6,155.8,0.0,5,10758,1.000,0.000,-0.000,-0.231,-0.006,200.0,-1.1,0
4732,98.86,0.00,3372.6,156.5,0.0,5,10743,1.000,0.000,-0.000,-0.230,-0.006,200.0,-2.7,0
4733,98.88,0.00,3373.6,157.1,0.0,5,10776,1.000,0.000,-0.000,-0.229,-0.006,200.0,-3.1,0
4734,98.90,0.00,3374.5,157.8,0.0,5,10833,1.000,0.000,-0.001,-0.228,-0.006,200.0,-2.7,0
4735,98.92,0.00,3375.5,158.4,0.0,5,10903,1.000,0.000,-0.001,-0.227,-0.006,200.0,-2.0,0
4736,98.94,0.00,3376.4,159.0,0.0,5,10967,1.000,0.000,-0.000,-0.226,-0.006,200.0,-1.4,0
4737,98.97,0.00,3377.4,159.6,0.0,5,11017,1.000,0.000,-0.000,-0.225,-0.006,200.0,-1.3,0
4738,98.99,0.00,3378.4,160.2,0.0,5,11059,0.990,0.000,-0.000,-0.224,-0.006,200.0,-1.3,0
4739,99.01,0.00,3379.4,160.9,0.0,5,11082,0.980,0.000,-0.000,-0.223,-0.006,200.0,-1.7,0
4740,99.03,0.00,3380.4,161.5,0.0,5,11075,0.970,0.000,-0.000,-0.222,-0.006,200.0,-3.2,0
4741,99.05,0.00,3381.4,162.1,0.0,5,11114,0.960,0.000,-0.001,-0.221,-0.006,200.0,-3.3,0
4742,99.08,0.00,3382.3,162.7,0.0,5,11165,0.950,0.000,-0.001,-0.220,-0.006,200.0,-3.0,0
4743,99.10,0.00,3383.3,163.3,0.0,5,11217,0.940,0.000,-0.000,-0.219,-0.006,200.0,-2.7,0
4744,99.12,0.00,3384.3,163.8,0.0,5,11260,0.930,0.000,-0.000,-0.218,-0.006,200.0,-2.6,0
4745,99.14,0.00,3385.3,164.4,0.0,5,11295,0.920,0.000,-0.000,-0.217,-0.006,200.0,-2.7,0
4746,99.16,0.00,3386.4,164.9,0.0,5,11325,0.910,0.000,-0.000,-0.216,-0.006,200.0,-2.9,0
4747,99.19,0.00,3387.4,165.5,0.0,5,11341,0.900,0.000,-0.000,-0.215,-0.006,200.0,-3.5,0
4748,99.21,0.00,3388.4,166.0,0.0,5,11360,0.890,0.000,-0.001,-0.214,-0.006,200.0,-4.0,0
4749,99.23,0.00,3389.4,166.5,0.0,5,11392,0.880,0.000,-0.000,-0.213,-0.006,200.0,-4.1,0
4750,99.25,0.00,3390.4,167.0,0.0,5,11429,0.870,0.000,-0.000,-0.212,-0.006,200.0,-4.1,0
4751,99.27,0.00,3391.4,167.5,0.0,5,11464,0.860,0.000,-0.000,-0.211,-0.006,200.0,-4.0,0
4752,99.30,0.00,3392.5,168.0,0.0,5,11495,0.850,0.000,-0.001,-0.210,-0.006,200.0,-4.1,0
4753,99.32,0.00,3393.5,168.5,0.0,5,11522,0.840,0.000,-0.001,-0.209,-0.006,200.0,-4.3,0
4754,99.34,0.00,3394.5,168.9,0.0,5,11547,0.830,0.000,-0.000,-0.208,-0.006,200.0,-4.5,0
4755,99.36,0.00,3395.6,169.4,0.0,5,11556,0.820,0.000,-0.000,-0.207,-0.006,200.0,-5.1,0
4756,99.38,0.00,3396.6,169.8,0.0,5,11580,0.810,0.000,-0.000,-0.206,-0.006,200.0,-5.3,0
4757,99.41,0.00,3397.6,170.2,0.0,5,11609,0.800,0.000,-0.000,-0.205,-0.006,200.0,-5.3,0
4758,99.43,0.00,3398.7,170.3,0.0,6,10635,0.790,0.000,-0.000,-0.204,-0.006,200.0,-12.3,0
4759,99.45,0.00,3399.7,170.1,0.0,6,10635,0.780,0.000,-0.000,-0.203,-0.005,200.0,-12.6,0
4760,99.47,0.00,3400.8,169.9,0.0,6,10384,0.770,0.000,-0.000,-0.202,-0.005,200.0,-12.6,0
4761,99.49,0.00,3401.8,169.7,0.0,5,11412,0.760,0.000,-0.001,-0.201,-0.006,200.0,-12.5,0
4762,99.52,0.00,3402.8,169.5,-0.0,5,11407,0.750,0.000,-0.001,-0.200,-0.005,200.0,-12.6,0
4763,99.54,0.00,3403.9,169.3,0.0,5,11281,0.740,0.000,-0.000,-0.199,-0.005,200.0,-12.7,0
4764,99.56,0.00,3404.9,169.4,0.0,5,11528,0.730,0.000,-0.000,-0.198,-0.005,200.0,-6.1,0
4765,99.58,0.00,3405.9,169.8,0.0,5,11552,0.720,0.000,-0.000,-0.197,-0.005,200.0,-6.0,0
4766,99.60,0.00,3407.0,170.1,0.0,5,11571,0.710,0.000,-0.000,-0.196,-0.005,200.0,-6.1,0
4767,99.63,0.00,3408.0,170.1,0.0,6,10601,0.700,0.000,-0.000,-0.195,-0.005,200.0,-12.3,0
4768,99.65,0.00,3409.1,169.9,0.0,6,10600,0.690,0.000,-0.001,-0.194,-0.005,200.0,-12.6,0
4769,99.67,0.00,3410.1,169.7,0.0,5,11321,0.680,0.000,-0.001,-0.193,-0.005,200.0,-12.6,0
4770,99.69,0.00,3411.1,169.5,0.0,5,11317,0.670,0.000,-0.000,-0.193,-0.005,200.0,-12.6,0
4771,99.71,0.00,3412.2,169.3,0.0,5,11282,0.660,0.000,0.000,-0.192,-0.005,200.0,-12.7,0
4772,99.74,0.00,3413.2,169.4,0.0,5,11497,0.650,0.000,0.000,-0.191,-0.005,200.0,-6.9,0
4773,99.76,0.00,3414.2,169.6,0.0,5,11515,0.640,0.000,0.000,-0.190,-0.005,200.0,-6.8,0
4774,99.78,0.00,3415.3,169.9,0.0,5,11528,0.630,0.000,-0.000,-0.189,-0.005,200.0,-7.0,0
4775,99.80,0.00,3416.3,170.2,0.0,5,11540,0.620,0.000,-0.000,-0.188,-0.005,200.0,-7.1,0
4776,99.82,0.00,3417.3,170.2,0.0,6,10573,0.610,0.000,-0.000,-0.187,-0.005,200.0,-12.4,0
4777,99.85,0.00,3418.4,169.9,-0.0,6,10573,0.600,0.000,-0.001,-0.186,-0.005,200.0,-12.6,0
4778,99.87,0.00,3419.4,169.7,-0.0,5,11322,0.590,0.000,-0.001,-0.185,-0.005,200.0,-12.6,0
4779,99.89,0.00,3420.5,169.5,0.0,5,11318,0.580,0.000,-0.000,-0.184,-0.005,200.0,-12.6,0
4780,99.91,0.00,3421.5,169.3,0.0,5,11283,0.570,0.000,0.000,-0.184,-0.005,200.0,-12.7,0
4781,99.93,0.00,3422.5,169.3,0.0,5,11462,0.560,0.000,0.000,-0.183,-0.005,200.0,-7.8,0
4782,99.96,0.00,3423.6,169.5,0.0,5,11472,0.550,0.000,0.000,-0.182,-0.005,200.0,-7.8,0
4783,99.98,0.00,3424.6,169.7,0.0,5,11479,0.540,0.000,0.000,-0.181,-0.005,200.0,-8.0,0
4784,100.00,0.00,3425.6,169.9,0.0,5,11485,0.530,0.000,-0.000,-0.180,-0.005,200.0,-8.1,0
4785,100.02,0.00,3426.7,170.1,0.0,5,11485,0.520,0.000,-0.000,-0.179,-0.005,200.0,-8.4,0
4786,100.04,0.00,3427.7,170.0,0.0,6,10524,0.510,0.000,-0.000,-0.178,-0.005,200.0,-12.5,0
4787,100.07,0.00,3428.8,169.8,0.0,6,10524,0.500,0.000,-0.000,-0.178,-0.005,200.0,-12.6,0
4788,100.09,0.00,3429.8,169.6,0.0,5,11311,0.490,0.000,-0.000,-0.177,-0.005,200.0,-12.6,0
4789,100.11,0.00,3430.8,169.3,0.0,5,11306,0.480,0.000,-0.000,-0.176,-0.005,200.0,-12.6,0
4790,100.13,0.00,3431.9,169.1,0.0,5,11272,0.470,0.000,-0.000,-0.175,-0.005,200.0,-12.6,0
4791,100.15,0.00,3432.9,169.1,0.0,5,11408,0.460,0.000,-0.001,-0.174,-0.005,200.0,-8.8,0
4792,100.18,0.00,3433.9,169.2,-0.0,5,11408,0.450,0.000,-0.000,-0.173,-0.005,200.0,-9.0,0
4793,100.20,0.00,3435.0,169.3,0.0,5,11407,0.440,0.000,-0.000,-0.172,-0.005,200.0,-9.2,0
4794,100.22,0.00,3436.0,169.4,0.0,5,11409,0.430,0.000,-0.000,-0.172,-0.005,200.0,-9.3,0
4795,100.24,0.00,3437.0,169.5,0.0,5,11412,0.420,0.000,-0.000,-0.171,-0.005,200.0,-9.3,0
4796,100.26,0.00,3438.1,169.5,0.0,5,11415,0.410,0.000,-0.000,-0.170,-0.005,200.0,-9.4,0
4797,100.29,0.00,3439.1,169.6,0.0,5,11416,0.400,0.000,-0.000,-0.169,-0.005,200.0,-9.5,0
4798,100.31,0.00,3440.1,169.6,0.0,5,11416,0.390,0.000,-0.000,-0.168,-0.005,200.0,-9.6,0
4799,100.33,0.00,3441.2,169.6,0.0,5,11414,0.380,0.000,-0.000,-0.167,-0.005,200.0,-9.7,0
4800,100.35,0.00,3442.2,169.7,0.0,5,11408,0.370,0.000,-0.000,-0.167,-0.005,200.0,-9.9,0
4801,100.37,0.00,3443.2,169.7,0.0,5,11406,0.360,0.000,-0.000,-0.166,-0.005,200.0,-10.0,0
4802,100.40,0.00,3444.3,169.7,0.0,5,11404,0.350,0.000,-0.000,-0.165,-0.005,200.0,-10.1,0
4803,100.42,0.00,3445.3,169.7,0.0,5,11401,0.340,0.000,-0.000,-0.164,-0.005,200.0,-10.1,0
4804,100.44,0.00,3446.4,169.7,0.0,5,11398,0.330,0.000,-0.000,-0.163,-0.005,200.0,-10.2,0
4805,100.46,0.00,3447.4,169.7,0.0,5,11392,0.320,0.000,-0.000,-0.162,-0.005,200.0,-10.3,0
4806,100.48,0.00,3448.4,169.6,0.0,5,11387,0.310,0.000,-0.000,-0.162,-0.005,200.0,-10.4,0
4807,100.51,0.00,3449.5,169.6,0.0,5,11378,0.300,0.000,-0.000,-0.161,-0.005,200.0,-10.6,0
4808,100.53,0.00,3450.5,169.5,0.0,5,11371,0.290,0.000,-0.000,-0.160,-0.005,200.0,-10.7,0
4809,100.55,0.00,3451.5,169.5,0.0,5,11364,0.280,0.000,-0.000,-0.159,-0.005,200.0,-10.8,0
4810,100.57,0.00,3452.6,169.4,0.0,5,11357,0.270,0.000,-0.000,-0.158,-0.005,200.0,-10.9,0
4811,100.59,0.00,3453.6,169.3,0.0,5,11349,0.260,0.000,-0.000,-0.157,-0.005,200.0,-10.9,0
4812,100.62,0.00,3454.7,169.3,0.0,5,11340,0.250,0.000,-0.000,-0.156,-0.005,200.0,-11.0,0
4813,100.64,0.00,3455.7,169.2,0.0,5,11330,0.240,0.000,-0.000,-0.156,-0.005,200.0,-11.1,0
4814,100.66,0.00,3456.7,169.1,0.0,5,11319,0.230,0.000,-0.000,-0.155,-0.005,200.0,-11.2,0
4815,100.68,0.00,3457.8,168.9,0.0,5,11306,0.220,0.000,-0.000,-0.154,-0.005,200.0,-11.4,0
4816,100.70,0.00,3458.8,168.8,0.0,5,11295,0.210,0.000,-0.000,-0.153,-0.005,200.0,-11.4,0
4817,100.73,0.00,3459.8,168.7,0.0,5,11283,0.200,0.000,-0.000,-0.152,-0.005,200.0,-11.5,0
4818,100.75,0.00,3460.8,168.6,0.0,5,11271,0.190,0.000,-0.000,-0.151,-0.005,200.0,-11.6,0
4819,100.77,0.00,3461.9,168.4,0.0,5,11257,0.180,0.000,-0.000,-0.151,-0.005,200.0,-11.7,0
4820,100.79,0.00,3462.9,168.2,0.0,5,11243,0.170,0.000,-0.000,-0.150,-0.005,199.1,-11.8,0
4821,100.81,0.00,3463.9,168.1,0.0,5,11229,0.160,0.000,-0.000,-0.149,-0.005,198.0,-11.9,0
4822,100.84,0.00,3464.9,167.9,0.0,5,11213,0.150,0.000,-0.000,-0.148,-0.005,196.9,-12.0,0
4823,100.86,0.00,3466.0,167.7,0.0,5,11197,0.140,0.000,-0.000,-0.147,-0.005,195.9,-12.1,0
4824,100.88,0.00,3467.0,167.5,0.0,5,11181,0.130,0.000,-0.000,-0.146,-0.005,194.8,-12.1,0
4825,100.90,0.00,3468.0,167.3,0.0,5,11164,0.120,0.000,-0.000,-0.146,-0.005,193.7,-12.2,0
4826,100.92,0.00,3469.1,167.1,0.0,5,11147,0.110,0.000,-0.000,-0.145,-0.005,192.7,-12.3,0
4827,100.95,0.00,3470.1,166.9,0.0,5,11129,0.100,0.000,-0.000,-0.144,-0.005,191.6,-12.4,0
4828,100.97,0.00,3471.1,166.7,0.0,5,11110,0.090,0.000,0.005,-0.143,-0.005,190.5,-12.5,0
4829,100.99,0.00,3472.1,166.4,0.0,5,11091,0.080,0.000,0.004,-0.142,-0.005,189.6,-12.6,0
4830,101.01,0.00,3473.1,166.2,-0.0,5,11071,0.070,0.000,0.002,-0.141,-0.005,188.9,-12.6,0
4831,101.03,0.00,3474.1,166.0,-0.0,5,11051,0.060,0.000,-0.000,-0.141,-0.006,188.2,-12.7,0
4832,101.06,0.00,3475.2,165.7,-0.1,5,11030,0.050,0.000,-0.001,-0.140,-0.006,187.3,-12.8,0
4833,101.08,0.00,3476.2,165.4,-0.1,5,11008,0.040,0.000,-0.002,-0.139,-0.006,186.4,-12.9,0
4834,101.10,0.00,3477.2,165.2,-0.1,5,10986,0.030,0.000,-0.002,-0.138,-0.006,185.3,-13.0,0
4835,101.12,0.00,3478.2,164.9,-0.0,5,10964,0.020,0.000,-0.001,-0.137,-0.006,184.2,-13.1,0
4836,101.14,0.00,3479.2,164.6,-0.0,5,10940,0.010,0.000,-0.001,-0.136,-0.006,183.1,-13.1,0
4837,101.17,0.00,3480.2,164.3,-0.0,5,10917,0.000,0.000,-0.001,-0.135,-0.006,182.0,-13.2,0
4838,101.19,0.00,3481.2,164.0,-0.0,5,10894,0.000,0.000,-0.001,-0.134,-0.006,180.9,-13.3,0
4839,101.21,0.00,3482.2,163.7,-0.0,5,10873,0.000,0.000,-0.001,-0.133,-0.006,179.9,-13.3,0
4840,101.23,0.00,3483.2,163.3,-0.0,5,10852,0.000,0.000,-0.001,-0.132,-0.006,178.9,-13.2,0
4841,101.25,0.00,3484.2,163.0,-0.0,5,10831,0.000,0.000,-0.001,-0.131,-0.006,177.9,-13.2,0
4842,101.28,0.00,3485.2,162.7,-0.0,5,10811,0.000,0.000,-0.001,-0.130,-0.006,176.8,-13.2,0
4843,101.30,0.00,3486.2,162.4,-0.0,5,10790,0.000,0.000,-0.001,-0.129,-0.006,175.8,-13.2,0
4844,101.32,0.00,3487.2,162.1,-0.0,5,10770,0.000,0.000,-0.001,-0.128,-0.006,174.8,-13.1,0
4845,101.34,0.00,3488.2,161.8,-0.0,5,10750,0.000,0.000,-0.001,-0.127,-0.006,173.8,-13.1,0
4846,101.36,0.00,3489.2,161.5,-0.0,5,10730,0.000,0.000,-0.002,-0.126,-0.006,172.8,-13.1,0
4847,101.39,0.00,3490.1,161.2,-0.0,5,10710,0.000,0.000,-0.002,-0.125,-0.006,171.8,-13.0,0
4848,101.41,0.00,3491.1,160.9,-0.0,5,10690,0.000,0.000,-0.001,-0.124,-0.006,170.7,-13.0,0
4849,101.43,0.00,3492.1,160.6,-0.0,5,10670,0.000,0.000,-0.001,-0.123,-0.006,169.6,-13.0,0
4850,101.45,0.00,3493.1,160.3,-0.0,5,10650,0.000,0.000,-0.001,-0.122,-0.006,168.6,-13.0,0
4851,101.47,0.00,3494.1,160.0,-0.0,5,10630,0.000,0.000,-0.001,-0.122,-0.006,167.6,-13.0,0
4852,101.50,0.00,3495.0,159.7,-0.0,5,10610,0.050,0.000,-0.001,-0.121,-0.006,166.6,-12.9,0
4853,101.52,0.00,3496.0,159.4,-0.0,5,10611,0.100,0.000,-0.001,-0.120,-0.006,165.6,-12.4,0
4854,101.54,0.00,3497.0,159.2,-0.0,5,10615,0.150,0.000,-0.001,-0.119,-0.006,164.5,-11.9,0
4855,101.56,0.00,3498.0,159.0,-0.0,5,10622,0.200,0.000,-0.001,-0.118,-0.006,163.5,-11.3,0
4856,101.58,0.00,3498.9,158.9,-0.0,5,10631,0.250,0.000,-0.001,-0.117,-0.006,162.4,-10.8,0
4857,101.61,0.00,3499.9,158.8,0.0,5,10644,0.300,0.000,-0.000,-0.116,-0.006,161.3,-10.3,0
4858,101.63,0.00,3500.9,158.8,0.0,5,10660,0.350,0.000,-0.000,-0.115,-0.006,160.2,-9.7,0
4859,101.65,0.00,3501.8,158.8,0.0,5,10679,0.400,0.000,-0.000,-0.114,-0.006,159.2,-9.2,0
4860,101.67,0.00,3502.8,158.9,0.0,5,10701,0.450,0.000,-0.000,-0.113,-0.006,158.2,-8.7,0
4861,101.69,0.00,3503.8,159.0,0.0,5,10725,0.500,0.000,-0.000,-0.112,-0.006,157.1,-8.2,0
4862,101.72,0.00,3504.8,159.1,0.0,5,10752,0.550,0.000,-0.000,-0.111,-0.006,156.1,-7.7,0
4863,101.74,0.00,3505.7,159.3,0.0,5,10784,0.600,0.000,-0.001,-0.110,-0.006,155.1,-7.2,0
4864,101.76,0.00,3506.7,159.5,0.0,5,10819,0.650,0.000,-0.001,-0.109,-0.006,154.1,-6.7,0
4865,101.78,0.00,3507.7,159.8,0.0,5,10859,0.700,0.000,-0.000,-0.109,-0.006,153.0,-6.1,0
4866,101.80,0.00,3508.7,160.1,0.0,5,10901,0.690,0.000,-0.000,-0.108,-0.005,151.9,-5.5,0
4867,101.83,0.00,3509.6,160.5,0.0,5,10920,0.680,0.000,-0.000,-0.107,-0.005,150.9,-5.6,0
4868,101.85,0.00,3510.6,160.8,0.0,5,10937,0.670,0.000,-0.000,-0.106,-0.005,149.9,-5.8,0
4869,101.87,0.00,3511.6,161.1,0.0,5,10952,0.660,0.000,-0.000,-0.105,-0.005,148.8,-6.0,0
4870,101.89,0.00,3512.6,161.4,0.0,5,10967,0.650,0.000,-0.001,-0.104,-0.005,147.8,-6.1,0
4871,101.91,0.00,3513.6,161.7,0.0,5,10984,0.640,0.000,-0.000,-0.103,-0.005,146.7,-6.3,0
4872,101.94,0.00,3514.6,162.0,0.0,5,11000,0.630,0.000,-0.000,-0.102,-0.005,145.7,-6.4,0
4873,101.96,0.00,3515.6,162.3,0.0,5,11015,0.620,0.000,-0.000,-0.101,-0.005,144.6,-6.5,0
4874,101.98,0.00,3516.5,162.5,0.0,5,11029,0.610,0.000,-0.001,-0.100,-0.005,143.6,-6.6,0
4875,102.00,0.00,3517.5,162.8,0.0,5,11042,0.600,0.000,-0.000,-0.100,-0.005,142.5,-6.7,0
4876,102.02,0.00,3518.5,163.0,0.0,5,11054,0.590,0.000,-0.000,-0.099,-0.005,141.5,-6.9,0
4877,102.05,0.00,3519.5,163.3,0.0,5,11064,0.580,0.000,-0.000,-0.098,-0.005,140.4,-7.0,0
4878,102.07,0.00,3520.5,163.5,0.0,5,11075,0.570,0.000,-0.001,-0.097,-0.005,139.4,-7.2,0
4879,102.09,0.00,3521.5,163.7,0.0,5,11086,0.560,0.000,-0.001,-0.096,-0.005,138.3,-7.3,0
4880,102.11,0.00,3522.5,163.9,0.0,5,11096,0.550,0.000,-0.000,-0.095,-0.005,137.2,-7.4,0
4881,102.13,0.00,3523.5,164.1,0.0,5,11106,0.540,0.000,-0.000,-0.094,-0.005,136.1,-7.5,0
4882,102.16,0.00,3524.5,164.3,0.0,5,11114,0.530,0.000,0.000,-0.093,-0.005,135.1,-7.6,0
4883,102.18,0.00,3525.5,164.5,0.0,5,11122,0.520,0.000,0.000,-0.093,-0.005,134.0,-7.8,0
4884,102.20,0.00,3526.6,164.6,0.0,5,11129,0.510,0.000,0.000,-0.092,-0.005,133.0,-7.9,0
4885,102.22,0.00,3527.6,164.8,0.0,5,11135,0.500,0.000,0.017,-0.091,-0.005,131.9,-8.0,0
4886,102.24,0.00,3528.6,164.9,0.0,5,11141,0.490,0.000,0.014,-0.090,-0.006,131.2,-8.1,0
4887,102.27,0.00,3529.6,165.1,-0.0,5,11147,0.480,0.000,0.009,-0.089,-0.007,130.9,-8.3,0
4888,102.29,0.00,3530.6,165.2,-0.1,5,11152,0.470,0.000,0.003,-0.088,-0.008,130.6,-8.4,0
4889,102.31,0.00,3531.6,165.3,-0.2,5,11156,0.460,0.000,-0.000,-0.087,-0.009,130.0,-8.5,0
4890,102.33,0.00,3532.6,165.4,-0.2,5,11159,0.450,0.000,-0.002,-0.085,-0.009,129.2,-8.6,0
4891,102.35,0.00,3533.6,165.5,-0.1,5,11162,0.440,0.000,-0.002,-0.084,-0.009,128.1,-8.7,0
4892,102.38,0.00,3534.6,165.6,-0.1,5,11164,0.430,0.000,-0.002,-0.083,-0.009,127.0,-8.8,0
4893,102.40,0.00,3535.6,165.7,-0.1,5,11166,0.420,0.000,-0.001,-0.081,-0.009,125.8,-8.9,0
4894,102.42,0.00,3536.7,165.8,-0.0,5,11166,0.410,0.000,-0.000,-0.080,-0.008,124.6,-9.1,0
4895,102.44,0.00,3537.7,165.8,0.0,5,11167,0.400,0.000,-0.000,-0.078,-0.008,123.5,-9.2,0
4896,102.46,0.00,3538.7,165.9,0.0,5,11166,0.390,0.000,-0.000,-0.077,-0.008,122.4,-9.3,0
4897,102.49,0.00,3539.7,165.9,0.0,5,11166,0.380,0.000,-0.000,-0.076,-0.008,121.3,-9.4,0
4898,102.51,0.00,3540.7,165.9,0.0,5,11164,0.370,0.000,-0.000,-0.074,-0.008,120.2,-9.5,0
4899,102.53,0.00,3541.7,166.0,0.0,5,11162,0.360,0.000,-0.001,-0.073,-0.008,119.2,-9.6,0
4900,102.55,0.00,3542.7,166.0,0.0,5,11160,0.350,0.000,-0.001,-0.071,-0.008,118.1,-9.7,0
4901,102.57,0.00,3543.7,166.0,0.0,5,11156,0.340,0.000,-0.000,-0.070,-0.008,117.0,-9.8,0
4902,102.60,0.00,3544.8,166.0,0.0,5,11152,0.330,0.000,-0.000,-0.069,-0.008,115.9,-9.9,0
4903,102.62,0.00,3545.8,166.0,0.0,5,11147,0.320,0.000,-0.000,-0.067,-0.008,114.8,-10.0,0
4904,102.64,0.00,3546.8,165.9,0.0,5,11142,0.310,0.000,-0.001,-0.066,-0.008,113.7,-10.1,0
4905,102.66,0.00,3547.8,165.9,0.0,5,11136,0.300,0.000,-0.001,-0.065,-0.008,112.7,-10.2,0
4906,102.68,0.00,3548.8,165.9,0.0,5,11130,0.290,0.000,-0.001,-0.063,-0.008,111.6,-10.3,0
4907,102.71,0.00,3549.8,165.8,0.0,5,11123,0.280,0.000,-0.000,-0.062,-0.008,110.4,-10.4,0
4908,102.73,0.00,3550.8,165.8,0.0,5,11116,0.270,0.000,-0.000,-0.061,-0.008,109.4,-10.5,0
4909,102.75,0.00,3551.8,165.7,0.0,5,11108,0.260,0.000,-0.000,-0.059,-0.008,108.3,-10.6,0
4910,102.77,0.00,3552.9,165.6,0.0,5,11099,0.250,0.000,-0.001,-0.058,-0.008,107.2,-10.7,0
4911,102.79,0.00,3553.9,165.5,0.0,5,11089,0.240,0.000,-0.001,-0.057,-0.008,106.1,-10.8,0
4912,102.82,0.00,3554.9,165.4,0.0,5,11079,0.230,0.000,-0.000,-0.056,-0.008,105.0,-10.9,0
4913,102.84,0.00,3555.9,165.3,0.0,5,11069,0.220,0.000,-0.000,-0.054,-0.007,104.0,-11.0,0
4914,102.86,0.00,3556.9,165.2,0.0,5,11058,0.210,0.000,-0.000,-0.053,-0.007,102.9,-11.1,0
4915,102.88,0.00,3557.9,165.1,0.0,5,11046,0.200,0.000,-0.001,-0.052,-0.007,101.8,-11.2,0
4916,102.90,0.00,3558.9,165.0,0.0,5,11034,0.190,0.000,-0.001,-0.050,-0.007,100.8,-11.3,0
4917,102.93,0.00,3559.9,164.8,0.0,5,11021,0.180,0.000,-0.001,-0.049,-0.007,99.7,-11.4,0
4918,102.95,0.00,3560.9,164.7,0.0,5,11008,0.170,0.000,-0.000,-0.048,-0.007,98.6,-11.5,0
4919,102.97,0.00,3561.9,164.5,0.0,5,10993,0.160,0.000,-0.000,-0.047,-0.007,97.5,-11.6,0
4920,102.99,0.00,3562.9,164.4,0.0,5,10979,0.150,0.000,-0.000,-0.046,-0.007,96.4,-11.7,0
4921,103.01,0.00,3564.0,164.2,0.0,5,10964,0.140,0.000,-0.000,-0.044,-0.007,95.4,-11.7,0
4922,103.04,0.00,3565.0,164.0,0.0,5,10948,0.130,0.000,-0.001,-0.043,-0.007,94.3,-11.8,0
4923,103.06,0.00,3566.0,163.8,0.0,5,10932,0.120,0.000,-0.000,-0.042,-0.007,93.3,-11.9,0
4924,103.08,0.00,3567.0,163.6,0.0,5,10915,0.110,0.000,-0.000,-0.041,-0.007,92.2,-12.0,0
4925,103.10,0.00,3568.0,163.4,0.0,5,10898,0.000,0.014,-0.000,-0.040,-0.007,91.2,-12.1,0
4926,103.12,0.00,3569.0,163.1,0.0,5,10832,0.000,0.045,0.000,-0.038,-0.007,90.1,-12.9,0
4927,103.15,0.00,3569.9,162.7,0.0,5,10792,0.000,0.072,0.001,-0.037,-0.007,89.0,-12.2,0
4928,103.17,0.00,3570.9,162.2,0.0,5,10747,0.000,0.094,-0.032,-0.036,-0.007,88.0,-11.6,0
4929,103.19,0.00,3571.9,161.6,-0.0,5,10700,0.000,0.135,-0.025,-0.035,-0.006,86.4,-11.0,0
4930,103.21,0.00,3572.9,160.9,0.1,5,10637,0.000,0.192,-0.013,-0.034,-0.003,84.4,-10.1,0
4931,103.23,0.00,3573.9,160.1,0.3,5,10554,0.000,0.239,-0.004,-0.034,-0.001,82.4,-8.9,0
4932,103.26,0.00,3574.9,159.1,0.5,5,10466,0.000,0.264,0.002,-0.033,0.000,80.8,-7.7,0
4933,103.28,0.00,3575.8,158.0,0.5,5,10381,0.000,0.271,0.008,-0.033,0.001,79.5,-7.1,0
4934,103.30,0.00,3576.8,156.8,0.4,5,10302,0.000,0.262,0.014,-0.032,0.001,78.4,-6.8,0
4935,103.32,0.00,3577.8,155.7,0.3,5,10230,0.000,0.242,0.016,-0.032,0.001,77.6,-7.0,0
4936,103.34,0.00,3578.7,154.6,0.2,5,10168,0.000,0.216,0.014,-0.032,-0.000,77.1,-7.3,0
4937,103.37,0.00,3579.7,153.6,0.1,5,10114,0.000,0.188,0.011,-0.032,-0.001,76.6,-7.8,0
4938,103.39,0.00,3580.6,152.7,-0.1,5,10066,0.000,0.164,0.007,-0.032,-0.003,76.1,-8.4,0
4939,103.41,0.00,3581.5,151.9,-0.2,5,10021,0.000,0.147,0.004,-0.031,-0.004,75.6,-8.9,0
4940,103.43,0.00,3582.4,151.1,-0.2,5,9979,0.000,0.139,0.003,-0.031,-0.005,75.0,-9.1,0
4941,103.45,0.00,3583.4,150.4,-0.2,5,9935,0.000,0.136,0.004,-0.030,-0.006,74.3,-9.2,0
4942,103.48,0.00,3584.3,149.7,-0.2,5,9891,0.000,0.137,0.005,-0.029,-0.006,73.5,-9.2,0
4943,103.50,0.00,3585.2,149.0,-0.2,5,9845,0.000,0.138,0.006,-0.029,-0.007,72.8,-9.1,0
4944,103.52,0.00,3586.1,148.3,-0.2,5,9798,0.000,0.139,0.007,-0.028,-0.007,72.1,-9.0,0
4945,103.54,0.00,3587.0,147.6,-0.2,5,9751,0.000,0.137,0.007,-0.027,-0.008,71.4,-8.9,0
4946,103.56,0.00,3587.9,146.9,-0.2,5,9705,0.000,0.135,0.007,-0.026,-0.009,70.7,-8.9,0
4947,103.59,0.00,3588.8,146.2,-0.2,5,9660,0.000,0.133,0.006,-0.025,-0.010,70.1,-8.9,0
4948,103.61,0.00,3589.7,145.5,-0.2,5,9614,0.000,0.132,0.006,-0.023,-0.011,69.4,-9.0,0
4949,103.63,0.00,3590.6,144.8,-0.2,5,9571,0.000,0.131,0.006,-0.022,-0.011,68.8,-9.0,0
4950,103.65,0.00,3591.5,144.2,-0.2,5,9528,0.000,0.131,0.006,-0.020,-0.012,68.1,-8.9,0
4951,103.67,0.00,3592.3,143.5,-0.2,5,9485,0.000,0.131,0.006,-0.019,-0.013,67.4,-8.8,0
4952,103.70,0.00,3593.2,142.8,-0.2,5,9441,0.000,0.132,0.006,-0.017,-0.014,66.8,-8.8,0
4953,103.72,0.00,3594.1,142.2,-0.2,5,9397,0.000,0.133,0.006,-0.015,-0.014,66.1,-8.6,0
4954,103.74,0.00,3594.9,141.5,-0.2,5,9353,0.000,0.134,0.006,-0.013,-0.015,65.4,-8.5,0
4955,103.76,0.00,3595.8,140.9,-0.2,5,9309,0.000,0.135,0.006,-0.011,-0.016,64.8,-8.5,0
4956,103.78,0.00,3596.7,140.2,-0.2,5,9263,0.000,0.136,0.007,-0.009,-0.016,64.1,-8.4,0
4957,103.81,0.00,3597.5,139.5,-0.2,5,9218,0.000,0.137,0.007,-0.007,-0.017,63.4,-8.4,0
4958,103.83,0.00,3598.4,138.9,-0.2,4,10225,0.000,0.139,0.007,-0.005,-0.018,62.8,-7.6,0
4959,103.85,0.00,3599.2,138.3,-0.2,4,10193,0.000,0.143,0.008,-0.003,-0.019,62.2,-7.5,0
4960,103.87,0.00,3600.1,137.7,-0.2,4,10108,0.000,0.144,0.010,-0.000,-0.019,61.5,-8.4,0
4961,103.89,0.00,3600.9,136.9,-0.2,4,10054,0.000,0.139,0.011,0.002,-0.020,60.9,-8.4,0
4962,103.92,0.00,3601.7,136.2,-0.2,4,10004,0.000,0.133,0.012,0.005,-0.021,60.4,-8.3,0
4963,103.94,0.00,3602.6,135.6,-0.2,4,9956,0.000,0.125,0.011,0.008,-0.022,59.9,-8.3,0
4964,103.96,0.00,3603.4,134.9,-0.2,4,9912,0.000,0.118,0.010,0.011,-0.024,59.4,-8.5,0
4965,103.98,0.00,3604.2,134.3,-0.2,4,9869,0.000,0.113,0.009,0.014,-0.025,58.9,-8.6,0
4966,104.00,0.00,3605.0,133.7,-0.3,4,9820,0.000,0.110,0.008,0.017,-0.026,58.4,-8.9,0
4967,104.03,0.00,3605.8,133.1,-0.3,4,9781,0.000,0.108,0.008,0.020,-0.027,57.9,-8.9,0
4968,104.05,0.00,3606.7,132.5,-0.3,4,9741,0.000,0.108,0.008,0.024,-0.028,57.4,-8.8,0
4969,104.07,0.00,3607.5,131.9,-0.3,4,9702,0.000,0.112,0.008,0.027,-0.029,56.8,-7.6,0
4970,104.09,0.00,3608.3,131.4,-0.3,4,9657,0.000,0.117,0.010,0.031,-0.029,56.2,-7.4,0
