step,curLapTime,lastLapTime,distFromStart,speedX,speedY,gear,rpm,accel,brake,steer,trackPos,angle,ahead,rearSpin,damage,aim,lineTarget,aheadPlan,allowed,throttle,track0,track1,track2,track3,track4,track5,track6,track7,track8,track9,track10,track11,track12,track13,track14,track15,track16,track17,track18
0,-0.982,0.000,3598.4,-0.0,-0.0,0,5236,1.000,0.000,-0.172,0.333,0.008,64.6,0.0,0,-2.10,-0.169,67.2,309.3,1.000,5.7,12.6,22.5,140.5,90.9,77.4,71.7,67.4,64.6,62.0,59.7,57.5,54.7,51.9,47.2,40.1,31.0,22.8,11.2
1,-0.962,0.000,3598.4,-0.0,-0.0,0,5387,1.000,0.000,-0.172,0.333,0.008,64.6,0.0,0,-2.10,-0.169,67.2,309.3,1.000,5.7,12.6,22.5,140.5,90.9,77.4,71.7,67.4,64.6,62.0,59.7,57.5,54.7,51.9,47.2,40.1,31.0,22.8,11.2
2,-0.942,0.000,3598.4,-0.0,-0.0,0,5542,1.000,0.000,-0.172,0.333,0.008,64.6,0.0,0,-2.10,-0.169,67.2,309.3,1.000,5.7,12.6,22.5,140.5,90.9,77.4,71.7,67.4,64.6,62.0,59.7,57.5,54.7,51.9,47.2,40.1,31.0,22.8,11.2
3,-0.922,0.000,3598.4,-0.0,-0.0,0,5703,1.000,0.000,-0.172,0.333,0.008,64.6,0.0,0,-2.10,-0.169,67.2,309.3,1.000,5.7,12.6,22.5,140.5,90.9,77.4,71.7,67.4,64.6,62.0,59.7,57.5,54.7,51.9,47.2,40.1,31.0,22.8,11.2
4,-0.902,0.000,3598.4,-0.0,-0.0,0,5868,1.000,0.000,-0.172,0.333,0.008,64.6,0.0,0,-2.10,-0.169,67.2,309.3,1.000,5.7,12.6,22.5,140.5,90.9,77.4,71.7,67.4,64.6,62.0,59.7,57.5,54.7,51.9,47.2,40.1,31.0,22.8,11.2
5,-0.882,0.000,3598.4,-0.0,-0.0,0,6039,1.000,0.000,-0.172,0.333,0.008,64.6,0.0,0,-2.10,-0.169,67.2,309.3,1.000,5.7,12.6,22.5,140.5,90.9,77.4,71.7,67.4,64.6,62.0,59.7,57.5,54.7,51.9,47.2,40.1,31.0,22.8,11.2
6,-0.862,0.000,3598.4,-0.0,-0.0,0,6216,1.000,0.000,-0.172,0.333,0.008,64.6,0.0,0,-2.10,-0.169,67.2,309.3,1.000,5.7,12.6,22.5,140.5,90.9,77.4,71.7,67.4,64.6,62.0,59.7,57.5,54.7,51.9,47.2,40.1,31.0,22.8,11.2
7,-0.842,0.000,3598.4,-0.0,-0.0,0,6398,1.000,0.000,-0.172,0.333,0.008,64.6,0.0,0,-2.10,-0.169,67.2,309.3,1.000,5.7,12.6,22.5,140.5,90.9,77.4,71.7,67.4,64.6,62.0,59.7,57.5,54.7,51.9,47.2,40.1,31.0,22.8,11.2
8,-0.822,0.000,3598.4,-0.0,-0.0,0,6586,1.000,0.000,-0.172,0.333,0.008,64.6,0.0,0,-2.10,-0.169,67.2,309.3,1.000,5.7,12.6,22.5,140.5,90.9,77.4,71.7,67.4,64.6,62.0,59.7,57.5,54.7,51.9,47.2,40.1,31.0,22.8,11.2
9,-0.802,0.000,3598.4,-0.0,-0.0,0,6779,1.000,0.000,-0.172,0.333,0.008,64.6,0.0,0,-2.10,-0.169,67.2,309.3,1.000,5.7,12.6,22.5,140.5,90.9,77.4,71.7,67.4,64.6,62.0,59.7,57.5,54.7,51.9,47.2,40.1,31.0,22.8,11.2
10,-0.782,0.000,3598.4,-0.0,-0.0,0,6979,1.000,0.000,-0.172,0.333,0.008,64.6,0.0,0,-2.10,-0.169,67.2,309.3,1.000,5.7,12.6,22.5,140.5,90.9,77.4,71.7,67.4,64.6,62.0,59.7,57.5,54.7,51.9,47.2,40.1,31.0,22.8,11.2
11,-0.762,0.000,3598.4,-0.0,-0.0,0,7186,1.000,0.000,-0.172,0.333,0.008,64.6,0.0,0,-2.10,-0.169,67.2,309.3,1.000,5.7,12.6,22.5,140.5,90.9,77.4,71.7,67.4,64.6,62.0,59.7,57.5,54.7,51.9,47.2,40.1,31.0,22.8,11.2
12,-0.742,0.000,3598.4,-0.0,-0.0,0,7399,1.000,0.000,-0.172,0.333,0.008,64.6,0.0,0,-2.10,-0.169,67.2,309.3,1.000,5.7,12.6,22.5,140.5,90.9,77.4,71.7,67.4,64.6,62.0,59.7,57.5,54.7,51.9,47.2,40.1,31.0,22.8,11.2
13,-0.722,0.000,3598.4,-0.0,-0.0,0,7619,1.000,0.000,-0.172,0.333,0.008,64.6,0.0,0,-2.10,-0.169,67.2,309.3,1.000,5.7,12.6,22.5,140.5,90.9,77.4,71.7,67.4,64.6,62.0,59.7,57.5,54.7,51.9,47.2,40.1,31.0,22.8,11.2
14,-0.702,0.000,3598.4,-0.0,-0.0,0,7846,1.000,0.000,-0.172,0.333,0.008,64.6,0.0,0,-2.10,-0.169,67.2,309.3,1.000,5.7,12.6,22.5,140.5,90.9,77.4,71.7,67.4,64.6,62.0,59.7,57.5,54.7,51.9,47.2,40.1,31.0,22.8,11.2
15,-0.682,0.000,3598.4,-0.0,-0.0,0,8080,1.000,0.000,-0.172,0.333,0.008,64.6,0.0,0,-2.10,-0.169,67.2,309.3,1.000,5.7,12.6,22.5,140.5,90.9,77.4,71.7,67.4,64.6,62.0,59.7,57.5,54.7,51.9,47.2,40.1,31.0,22.8,11.2
16,-0.662,0.000,3598.4,-0.0,-0.0,0,8322,1.000,0.000,-0.172,0.333,0.008,64.6,0.0,0,-2.10,-0.169,67.2,309.3,1.000,5.7,12.6,22.5,140.5,90.9,77.4,71.7,67.4,64.6,62.0,59.7,57.5,54.7,51.9,47.2,40.1,31.0,22.8,11.2
17,-0.642,0.000,3598.4,-0.0,-0.0,0,8571,1.000,0.000,-0.172,0.333,0.008,64.6,0.0,0,-2.10,-0.169,67.2,309.3,1.000,5.7,12.6,22.5,140.5,90.9,77.4,71.7,67.4,64.6,62.0,59.7,57.5,54.7,51.9,47.2,40.1,31.0,22.8,11.2
18,-0.622,0.000,3598.4,-0.0,-0.0,0,8828,1.000,0.000,-0.172,0.333,0.008,64.6,0.0,0,-2.10,-0.169,67.2,309.3,1.000,5.7,12.6,22.5,140.5,90.9,77.4,71.7,67.4,64.6,62.0,59.7,57.5,54.7,51.9,47.2,40.1,31.0,22.8,11.2
19,-0.602,0.000,3598.4,-0.0,-0.0,0,9094,1.000,0.000,-0.172,0.333,0.008,64.6,0.0,0,-2.10,-0.169,67.2,309.3,1.000,5.7,12.6,22.5,140.5,90.9,77.4,71.7,67.4,64.6,62.0,59.7,57.5,54.7,51.9,47.2,40.1,31.0,22.8,11.2
20,-0.582,0.000,3598.4,-0.0,-0.0,0,9368,1.000,0.000,-0.172,0.333,0.008,64.6,0.0,0,-2.10,-0.169,67.2,309.3,1.000,5.7,12.6,22.5,140.5,90.9,77.4,71.7,67.4,64.6,62.0,59.7,57.5,54.7,51.9,47.2,40.1,31.0,22.8,11.2
21,-0.562,0.000,3598.4,-0.0,-0.0,0,9648,1.000,0.000,-0.172,0.333,0.008,64.6,0.0,0,-2.10,-0.169,67.2,309.3,1.000,5.7,12.6,22.5,140.5,90.9,77.4,71.7,67.4,64.6,62.0,59.7,57.5,54.7,51.9,47.2,40.1,31.0,22.8,11.2
22,-0.542,0.000,3598.4,-0.0,-0.0,0,9929,1.000,0.000,-0.172,0.333,0.008,64.6,0.0,0,-2.10,-0.169,67.2,309.3,1.000,5.7,12.6,22.5,140.5,90.9,77.4,71.7,67.4,64.6,62.0,59.7,57.5,54.7,51.9,47.2,40.1,31.0,22.8,11.2
23,-0.522,0.000,3598.4,-0.0,-0.0,0,10210,1.000,0.000,-0.172,0.333,0.008,64.6,0.0,0,-2.10,-0.169,67.2,309.3,1.000,5.7,12.6,22.5,140.5,90.9,77.4,71.7,67.4,64.6,62.0,59.7,57.5,54.7,51.9,47.2,40.1,31.0,22.8,11.2
24,-0.502,0.000,3598.4,-0.0,-0.0,0,10490,1.000,0.000,-0.172,0.333,0.008,64.6,0.0,0,-2.10,-0.169,67.2,309.3,1.000,5.7,12.6,22.5,140.5,90.9,77.4,71.7,67.4,64.6,62.0,59.7,57.5,54.7,51.9,47.2,40.1,31.0,22.8,11.2
25,-0.482,0.000,3598.4,-0.0,-0.0,0,10771,1.000,0.000,-0.172,0.333,0.008,64.6,0.0,0,-2.10,-0.169,67.2,309.3,1.000,5.7,12.6,22.5,140.5,90.9,77.4,71.7,67.4,64.6,62.0,59.7,57.5,54.7,51.9,47.2,40.1,31.0,22.8,11.2
26,-0.462,0.000,3598.4,-0.0,-0.0,0,11052,1.000,0.000,-0.172,0.333,0.008,64.6,0.0,0,-2.10,-0.169,67.2,309.3,1.000,5.7,12.6,22.5,140.5,90.9,77.4,71.7,67.4,64.6,62.0,59.7,57.5,54.7,51.9,47.2,40.1,31.0,22.8,11.2
27,-0.442,0.000,3598.4,-0.0,-0.0,0,11332,1.000,0.000,-0.172,0.333,0.008,64.6,0.0,0,-2.10,-0.169,67.2,309.3,1.000,5.7,12.6,22.5,140.5,90.9,77.4,71.7,67.4,64.6,62.0,59.7,57.5,54.7,51.9,47.2,40.1,31.0,22.8,11.2
28,-0.422,0.000,3598.4,-0.0,-0.0,0,11613,1.000,0.000,-0.172,0.333,0.008,64.6,0.0,0,-2.10,-0.169,67.2,309.3,1.000,5.7,12.6,22.5,140.5,90.9,77.4,71.7,67.4,64.6,62.0,59.7,57.5,54.7,51.9,47.2,40.1,31.0,22.8,11.2
29,-0.402,0.000,3598.4,-0.0,-0.0,0,11894,1.000,0.000,-0.172,0.333,0.008,64.6,0.0,0,-2.10,-0.169,67.2,309.3,1.000,5.7,12.6,22.5,140.5,90.9,77.4,71.7,67.4,64.6,62.0,59.7,57.5,54.7,51.9,47.2,40.1,31.0,22.8,11.2
30,-0.382,0.000,3598.4,-0.0,-0.0,0,12174,1.000,0.000,-0.172,0.333,0.008,64.6,0.0,0,-2.10,-0.169,67.2,309.3,1.000,5.7,12.6,22.5,140.5,90.9,77.4,71.7,67.4,64.6,62.0,59.7,57.5,54.7,51.9,47.2,40.1,31.0,22.8,11.2
31,-0.362,0.000,3598.4,-0.0,-0.0,0,12455,1.000,0.000,-0.172,0.333,0.008,64.6,0.0,0,-2.10,-0.169,67.2,309.3,1.000,5.7,12.6,22.5,140.5,90.9,77.4,71.7,67.4,64.6,62.0,59.7,57.5,54.7,51.9,47.2,40.1,31.0,22.8,11.2
32,-0.342,0.000,3598.4,-0.0,-0.0,0,12736,1.000,0.000,-0.172,0.333,0.008,64.6,0.0,0,-2.10,-0.169,67.2,309.3,1.000,5.7,12.6,22.5,140.5,90.9,77.4,71.7,67.4,64.6,62.0,59.7,57.5,54.7,51.9,47.2,40.1,31.0,22.8,11.2
33,-0.322,0.000,3598.4,-0.0,-0.0,0,13017,1.000,0.000,-0.172,0.333,0.008,64.6,0.0,0,-2.10,-0.169,67.2,309.3,1.000,5.7,12.6,22.5,140.5,90.9,77.4,71.7,67.4,64.6,62.0,59.7,57.5,54.7,51.9,47.2,40.1,31.0,22.8,11.2
34,-0.302,0.000,3598.4,-0.0,-0.0,0,13300,1.000,0.000,-0.172,0.333,0.008,64.6,0.0,0,-2.10,-0.169,67.2,309.3,1.000,5.7,12.6,22.5,140.5,90.9,77.4,71.7,67.4,64.6,62.0,59.7,57.5,54.7,51.9,47.2,40.1,31.0,22.8,11.2
35,-0.282,0.000,3598.4,-0.0,-0.0,0,13584,1.000,0.000,-0.172,0.333,0.008,64.6,0.0,0,-2.10,-0.169,67.2,309.3,1.000,5.7,12.6,22.5,140.5,90.9,77.4,71.7,67.4,64.6,62.0,59.7,57.5,54.7,51.9,47.2,40.1,31.0,22.8,11.2
36,-0.262,0.000,3598.4,-0.0,-0.0,0,13870,1.000,0.000,-0.172,0.333,0.008,64.6,0.0,0,-2.10,-0.169,67.2,309.3,1.000,5.7,12.6,22.5,140.5,90.9,77.4,71.7,67.4,64.6,62.0,59.7,57.5,54.7,51.9,47.2,40.1,31.0,22.8,11.2
37,-0.242,0.000,3598.4,-0.0,-0.0,0,14156,1.000,0.000,-0.172,0.333,0.008,64.6,0.0,0,-2.10,-0.169,67.2,309.3,1.000,5.7,12.6,22.5,140.5,90.9,77.4,71.7,67.4,64.6,62.0,59.7,57.5,54.7,51.9,47.2,40.1,31.0,22.8,11.2
38,-0.222,0.000,3598.4,-0.0,-0.0,0,14443,1.000,0.000,-0.172,0.333,0.008,64.6,0.0,0,-2.10,-0.169,67.2,309.3,1.000,5.7,12.6,22.5,140.5,90.9,77.4,71.7,67.4,64.6,62.0,59.7,57.5,54.7,51.9,47.2,40.1,31.0,22.8,11.2
39,-0.202,0.000,3598.4,-0.0,-0.0,0,14732,1.000,0.000,-0.172,0.333,0.008,64.6,0.0,0,-2.10,-0.169,67.2,309.3,1.000,5.7,12.6,22.5,140.5,90.9,77.4,71.7,67.4,64.6,62.0,59.7,57.5,54.7,51.9,47.2,40.1,31.0,22.8,11.2
40,-0.182,0.000,3598.4,-0.0,-0.0,0,15021,1.000,0.000,-0.172,0.333,0.008,64.6,0.0,0,-2.10,-0.169,67.2,309.3,1.000,5.7,12.6,22.5,140.5,90.9,77.4,71.7,67.4,64.6,62.0,59.7,57.5,54.7,51.9,47.2,40.1,31.0,22.8,11.2
41,-0.162,0.000,3598.4,-0.0,-0.0,0,15312,1.000,0.000,-0.172,0.333,0.008,64.6,0.0,0,-2.10,-0.169,67.2,309.3,1.000,5.7,12.6,22.5,140.5,90.9,77.4,71.7,67.4,64.6,62.0,59.7,57.5,54.7,51.9,47.2,40.1,31.0,22.8,11.2
42,-0.142,0.000,3598.4,-0.0,-0.0,0,15604,1.000,0.000,-0.172,0.333,0.008,64.6,0.0,0,-2.10,-0.169,67.2,309.3,1.000,5.7,12.6,22.5,140.5,90.9,77.4,71.7,67.4,64.6,62.0,59.7,57.5,54.7,51.9,47.2,40.1,31.0,22.8,11.2
43,-0.122,0.000,3598.4,-0.0,-0.0,0,15897,1.000,0.000,-0.172,0.333,0.008,64.6,0.0,0,-2.10,-0.169,67.2,309.3,1.000,5.7,12.6,22.5,140.5,90.9,77.4,71.7,67.4,64.6,62.0,59.7,57.5,54.7,51.9,47.2,40.1,31.0,22.8,11.2
44,-0.102,0.000,3598.4,-0.0,-0.0,0,16192,1.000,0.000,-0.172,0.333,0.008,64.6,0.0,0,-2.10,-0.169,67.2,309.3,1.000,5.7,12.6,22.5,140.5,90.9,77.4,71.7,67.4,64.6,62.0,59.7,57.5,54.7,51.9,47.2,40.1,31.0,22.8,11.2
45,-0.082,0.000,3598.4,-0.0,-0.0,0,16487,1.000,0.000,-0.172,0.333,0.008,64.6,0.0,0,-2.10,-0.169,67.2,309.3,1.000,5.7,12.6,22.5,140.5,90.9,77.4,71.7,67.4,64.6,62.0,59.7,57.5,54.7,51.9,47.2,40.1,31.0,22.8,11.2
46,-0.062,0.000,3598.4,-0.0,-0.0,0,16784,1.000,0.000,-0.172,0.333,0.008,64.6,0.0,0,-2.10,-0.169,67.2,309.3,1.000,5.7,12.6,22.5,140.5,90.9,77.4,71.7,67.4,64.6,62.0,59.7,57.5,54.7,51.9,47.2,40.1,31.0,22.8,11.2
47,-0.042,0.000,3598.4,-0.0,-0.0,0,17081,1.000,0.000,-0.172,0.333,0.008,64.6,0.0,0,-2.10,-0.169,67.2,309.3,1.000,5.7,12.6,22.5,140.5,90.9,77.4,71.7,67.4,64.6,62.0,59.7,57.5,54.7,51.9,47.2,40.1,31.0,22.8,11.2
48,-0.022,0.000,3598.4,-0.0,-0.0,0,17378,1.000,0.000,-0.172,0.333,0.008,64.6,0.0,0,-2.10,-0.169,67.2,309.3,1.000,5.7,12.6,22.5,140.5,90.9,77.4,71.7,67.4,64.6,62.0,59.7,57.5,54.7,51.9,47.2,40.1,31.0,22.8,11.2
49,0.018,0.000,3598.4,-0.0,0.0,0,17972,1.000,0.000,-0.170,0.333,0.009,64.4,-0.0,0,-2.09,-0.169,67.2,308.4,1.000,5.7,12.6,22.5,139.8,90.6,77.1,71.5,67.2,64.4,61.9,59.5,57.4,54.6,51.8,47.2,40.0,31.0,22.7,11.2
50,0.038,0.000,3598.4,0.7,-0.0,1,16374,1.000,0.000,-0.170,0.333,0.009,64.5,31.4,0,-2.10,-0.169,67.2,308.7,1.000,5.7,12.6,22.5,139.9,90.7,77.2,71.5,67.2,64.5,61.9,59.6,57.4,54.6,51.8,47.2,40.0,31.0,22.7,11.2
51,0.058,0.000,3598.5,1.5,-0.0,1,15230,1.000,0.000,-0.170,0.333,0.009,64.4,54.2,0,-2.09,-0.169,67.2,308.4,1.000,5.7,12.6,22.6,139.8,90.6,77.1,71.5,67.2,64.4,61.9,59.5,57.4,54.6,51.8,47.2,40.0,31.0,22.7,11.2
52,0.078,0.000,3598.5,2.4,-0.1,1,14464,1.000,0.000,-0.168,0.333,0.009,64.3,76.2,0,-2.09,-0.168,67.2,307.9,1.000,5.7,12.7,22.6,139.3,90.4,77.0,71.4,67.1,64.3,61.8,59.5,57.3,54.5,51.7,47.1,40.0,31.0,22.7,11.2
53,0.098,0.000,3598.5,3.4,-0.1,1,14018,1.000,0.000,-0.167,0.333,0.009,64.2,97.1,0,-2.08,-0.168,67.2,307.1,1.000,5.7,12.7,22.7,138.7,90.2,76.8,71.2,66.9,64.2,61.7,59.3,57.2,54.4,51.6,47.0,39.9,30.9,22.7,11.2
54,0.118,0.000,3598.5,4.4,-0.1,1,13844,1.000,0.000,-0.164,0.333,0.010,64.0,116.6,0,-2.07,-0.168,67.1,306.1,1.000,5.7,12.7,22.8,137.9,89.8,76.6,71.0,66.7,64.0,61.5,59.2,57.0,54.3,51.5,46.9,39.8,30.9,22.7,11.2
55,0.138,0.000,3598.5,5.4,-0.1,1,13906,1.000,0.000,-0.161,0.333,0.011,63.8,136.1,0,-2.06,-0.167,67.1,304.8,1.000,5.7,12.7,23.0,136.9,89.4,76.2,70.7,66.5,63.8,61.3,59.0,56.9,54.1,51.3,46.8,39.7,30.8,22.6,11.2
56,0.158,0.000,3598.6,6.4,-0.1,1,14181,1.000,0.000,-0.157,0.333,0.011,63.5,155.9,0,-2.05,-0.167,67.1,303.3,1.000,5.7,12.8,23.2,135.8,88.9,75.8,70.4,66.2,63.5,61.0,58.8,56.6,53.9,51.1,46.6,39.6,30.7,22.6,11.2
57,0.178,0.000,3598.6,7.4,-0.1,1,14758,0.000,0.000,-0.153,0.333,0.012,63.2,176.9,0,-2.03,-0.166,67.1,301.6,1.000,5.7,12.8,23.4,134.4,88.3,75.4,70.0,65.8,63.2,60.7,58.5,56.4,53.7,50.9,46.5,39.5,30.6,22.5,11.2
58,0.198,0.000,3598.7,8.3,-0.1,1,14767,0.200,0.000,-0.148,0.333,0.013,62.8,143.0,0,-2.02,-0.165,67.0,299.6,1.000,5.7,12.9,23.7,132.9,87.6,74.9,69.6,65.5,62.8,60.4,58.2,56.1,53.4,50.7,46.3,39.3,30.5,22.5,11.2
59,0.218,0.000,3598.7,9.2,-0.1,1,14472,0.360,0.000,-0.142,0.332,0.014,62.5,119.6,0,-2.00,-0.163,67.0,297.6,1.000,5.7,12.9,24.0,131.3,86.9,74.4,69.1,65.1,62.5,60.1,57.8,55.8,53.2,50.4,46.1,39.1,30.4,22.4,11.1
60,0.238,0.000,3598.8,10.2,-0.1,1,14164,0.488,0.000,-0.136,0.332,0.016,62.0,105.3,0,-1.98,-0.162,66.9,295.4,1.000,5.8,13.0,24.4,129.6,86.1,73.8,68.6,64.6,62.0,59.7,57.5,55.5,52.9,50.2,45.8,39.0,30.3,22.3,11.1
61,0.260,0.000,3598.8,11.2,-0.1,1,13818,0.590,0.000,-0.129,0.332,0.017,61.6,97.3,0,-1.96,-0.160,66.8,292.8,1.000,5.8,13.0,24.9,127.7,85.2,73.1,68.0,64.1,61.6,59.2,57.1,55.1,52.5,49.9,45.6,38.8,30.1,22.2,11.1
62,0.280,0.000,3598.9,12.1,-0.1,1,13554,0.672,0.000,-0.121,0.331,0.019,61.1,95.9,0,-1.94,-0.158,66.7,290.4,1.000,5.8,13.1,25.3,125.9,84.4,72.5,67.5,63.6,61.1,58.8,56.7,54.7,52.2,49.5,45.3,38.5,30.0,22.1,11.1
63,0.300,0.000,3598.9,13.0,-0.1,1,13376,0.738,0.000,-0.114,0.331,0.020,60.7,99.0,0,-1.92,-0.155,66.6,287.9,1.000,5.8,13.2,25.9,124.1,83.5,71.9,66.9,63.1,60.7,58.4,56.3,54.3,51.8,49.2,45.0,38.3,29.8,22.0,11.1
64,0.320,0.000,3599.0,14.0,-0.1,1,13309,0.790,0.000,-0.106,0.331,0.021,60.2,105.5,0,-1.91,-0.153,66.5,285.5,1.000,5.8,13.3,26.5,122.2,82.7,71.2,66.3,62.6,60.2,57.9,55.9,53.9,51.5,48.9,44.8,38.1,29.7,22.0,11.1
65,0.340,0.000,3599.1,14.9,-0.1,1,13366,0.832,0.000,-0.099,0.330,0.023,59.7,114.7,0,-1.89,-0.151,66.4,283.0,1.000,5.8,13.4,27.2,120.4,81.8,70.6,65.8,62.1,59.7,57.5,55.5,53.6,51.1,48.6,44.5,37.9,29.5,21.9,11.0
66,0.360,0.000,3599.2,15.9,-0.1,1,13556,0.866,0.000,-0.091,0.330,0.024,59.2,126.2,0,-1.88,-0.150,66.4,280.5,1.000,5.8,13.4,28.1,118.6,81.0,69.9,65.2,61.6,59.2,57.0,55.0,53.2,50.7,48.3,44.2,37.7,29.4,21.8,11.0
67,0.380,0.000,3599.3,16.8,-0.1,1,13894,0.893,0.000,-0.082,0.329,0.026,58.7,139.3,0,-1.87,-0.147,66.3,278.0,1.000,5.8,13.5,29.1,116.9,80.1,69.3,64.6,61.0,58.7,56.6,54.6,52.8,50.4,47.9,43.9,37.4,29.2,21.7,11.0
68,0.400,0.000,3599.4,17.8,-0.1,1,14490,0.914,0.000,-0.074,0.329,0.027,58.3,154.3,0,-1.86,-0.145,66.2,275.6,1.000,5.9,13.6,30.4,115.1,79.2,68.6,64.0,60.5,58.3,56.1,54.2,52.4,50.0,47.6,43.6,37.2,29.1,21.6,11.0
69,0.420,0.000,3599.5,18.7,-0.0,1,15724,0.695,0.000,-0.065,0.328,0.029,57.8,170.9,0,-1.87,-0.142,66.0,273.3,1.000,5.9,13.7,32.3,113.5,78.4,68.0,63.5,60.0,57.8,55.7,53.8,52.0,49.7,47.3,43.4,37.0,28.9,21.5,11.0
70,0.440,0.000,3599.6,19.6,-0.0,1,18536,0.384,0.000,0.094,0.328,0.030,57.3,175.1,0,-6.15,-0.139,65.9,271.0,1.000,5.9,13.8,200.0,111.9,77.6,67.3,62.9,59.5,57.3,55.3,53.4,51.6,49.3,46.9,43.1,36.8,28.7,21.4,10.9
71,0.460,0.000,3599.7,20.6,0.2,1,17313,0.508,0.000,0.097,0.327,0.031,57.1,160.3,0,-6.17,-0.136,65.8,270.3,1.000,5.9,13.8,200.0,111.4,77.3,67.1,62.7,59.3,57.1,55.1,53.2,51.4,49.2,46.8,43.0,36.7,28.7,21.4,10.9
72,0.480,0.000,3599.8,21.5,0.2,1,17156,0.606,0.000,0.092,0.327,0.029,57.3,153.1,0,-6.15,-0.133,65.6,271.8,1.000,5.9,13.8,200.0,112.4,77.8,67.4,63.0,59.6,57.3,55.3,53.4,51.6,49.3,46.9,43.0,36.7,28.7,21.4,10.9
73,0.502,0.000,3599.9,22.6,0.2,1,17144,0.685,0.000,-0.062,0.327,0.028,57.6,151.7,0,-1.93,-0.129,65.5,273.8,1.000,5.9,13.7,35.4,113.9,78.4,67.9,63.4,59.9,57.6,55.6,53.6,51.8,49.5,47.1,43.2,36.9,28.8,21.5,11.0
74,0.522,0.000,3600.1,23.5,-0.0,1,17312,0.748,0.000,0.085,0.326,0.027,57.6,155.2,0,-6.13,-0.126,65.3,274.1,1.000,5.9,13.7,200.0,114.1,78.4,67.9,63.4,59.9,57.6,55.5,53.6,51.8,49.5,47.1,43.2,36.8,28.8,21.4,11.0
75,0.542,0.000,3600.2,24.5,0.1,1,17891,0.798,0.000,0.086,0.326,0.027,57.5,162.4,0,-6.14,-0.122,65.2,274.0,1.000,5.9,13.8,200.0,114.0,78.3,67.8,63.3,59.8,57.5,55.4,53.5,51.7,49.4,47.0,43.1,36.8,28.8,21.4,11.0
76,0.562,0.000,3600.3,25.4,0.2,1,19230,0.813,0.000,0.081,0.325,0.025,57.8,172.2,0,-6.13,-0.118,65.0,275.7,1.000,5.9,13.7,200.0,115.2,78.8,68.2,63.6,60.0,57.8,55.7,53.7,51.9,49.5,47.1,43.2,36.8,28.8,21.5,11.0
77,0.582,0.000,3600.5,26.3,0.2,1,19655,0.722,0.000,-0.071,0.325,0.024,58.1,173.9,0,-1.95,-0.114,64.8,278.0,1.000,5.9,13.6,32.8,116.8,79.5,68.6,64.0,60.4,58.1,55.9,54.0,52.1,49.8,47.3,43.3,37.0,28.9,21.5,11.0
78,0.602,0.000,3600.7,27.3,-0.1,2,14211,0.778,0.000,-0.072,0.324,0.023,58.1,146.9,0,-1.96,-0.109,64.7,278.6,1.000,5.9,13.6,33.0,117.2,79.6,68.7,64.0,60.4,58.1,56.0,54.0,52.1,49.7,47.3,43.3,36.9,28.9,21.5,11.0
79,0.622,0.000,3600.8,28.2,-0.2,2,14250,0.822,0.000,0.082,0.323,0.024,57.6,146.2,0,-6.14,-0.106,64.5,276.4,1.000,5.9,13.7,200.0,115.7,78.9,68.1,63.5,59.9,57.6,55.5,53.6,51.7,49.4,47.0,43.0,36.7,28.7,21.4,11.0
80,0.642,0.000,3601.0,29.2,0.1,2,14318,0.858,0.000,0.087,0.323,0.024,57.4,147.9,0,-6.16,-0.101,64.3,275.4,1.000,5.9,13.8,200.0,115.0,78.4,67.8,63.2,59.7,57.4,55.3,53.3,51.5,49.2,46.8,42.8,36.6,28.6,21.4,11.0
81,0.662,0.000,3601.1,30.1,0.2,2,14417,0.886,0.000,0.082,0.322,0.023,57.6,151.2,0,-6.15,-0.096,64.1,277.2,1.000,5.9,13.8,200.0,116.3,79.0,68.1,63.5,59.9,57.6,55.5,53.5,51.7,49.3,46.9,42.9,36.6,28.7,21.4,11.0
82,0.682,0.000,3601.3,31.1,0.1,2,14553,0.909,0.000,0.073,0.322,0.021,58.0,155.8,0,-6.12,-0.091,63.9,376.8,1.000,5.9,13.7,200.0,118.3,79.8,68.7,64.0,60.4,58.0,55.9,53.9,52.0,49.6,47.1,43.1,36.8,28.8,21.5,11.0
83,0.702,0.000,3601.5,32.1,0.1,2,14733,0.927,0.000,-0.079,0.321,0.018,58.5,161.5,0,-2.03,-0.087,63.7,283.2,1.000,5.9,13.6,33.2,120.6,80.8,69.4,64.5,60.8,58.5,56.3,54.2,52.3,49.9,47.4,43.3,36.9,28.9,21.5,11.0
84,0.722,0.000,3601.7,33.0,-0.2,2,14965,0.942,0.000,-0.081,0.321,0.017,58.6,168.1,0,-2.05,-0.083,63.5,284.5,1.000,5.9,13.6,33.0,121.5,81.1,69.6,64.7,61.0,58.6,56.4,54.3,52.4,49.9,47.4,43.3,36.9,28.9,21.5,11.0
85,0.742,0.000,3601.8,34.0,-0.3,2,15264,0.863,0.000,0.069,0.320,0.018,58.1,175.4,0,-6.12,-0.077,63.3,376.8,1.000,5.9,13.7,200.0,120.0,80.3,69.0,64.2,60.5,58.1,55.9,53.9,52.0,49.6,47.1,43.1,36.7,28.7,21.4,11.0
86,0.762,0.000,3602.0,34.9,-0.1,2,15582,0.592,0.000,0.075,0.319,0.018,57.8,179.3,0,-6.14,-0.072,63.1,376.8,1.000,5.9,13.7,200.0,119.1,79.8,68.6,63.8,60.2,57.8,55.6,53.6,51.7,49.3,46.9,42.8,36.5,28.6,21.4,11.0
87,0.782,0.000,3602.2,35.9,0.0,2,15704,0.674,0.000,0.069,0.319,0.017,58.0,170.5,0,-6.13,-0.067,62.9,376.8,1.000,5.9,13.7,200.0,120.5,80.4,68.9,64.1,60.4,58.0,55.8,53.8,51.9,49.5,47.0,42.9,36.6,28.7,21.4,11.0
88,0.802,0.000,3602.4,36.8,-0.0,2,15756,0.739,0.000,0.060,0.318,0.014,58.5,165.2,0,-6.10,-0.062,62.6,376.8,1.000,5.9,13.6,200.0,123.0,81.3,69.6,64.7,60.9,58.5,56.2,54.1,52.2,49.8,47.2,43.1,36.7,28.8,21.5,11.0
89,0.822,0.000,3602.6,37.8,-0.1,2,15804,0.791,0.000,-0.088,0.318,0.012,59.0,162.9,0,-2.15,-0.056,62.4,290.3,1.000,5.9,13.6,34.3,125.8,82.5,70.4,65.3,61.5,59.0,56.7,54.6,52.6,50.1,47.5,43.3,36.9,28.9,21.5,11.0
90,0.842,0.000,3602.8,38.8,-0.4,2,15873,0.833,0.000,-0.090,0.317,0.010,59.1,163.2,0,-2.17,-0.050,62.1,292.1,1.000,5.9,13.5,33.8,127.2,82.9,70.7,65.6,61.6,59.1,56.8,54.7,52.7,50.2,47.6,43.4,36.9,28.9,21.5,11.0
91,0.862,0.000,3603.1,39.7,-0.5,2,15979,0.866,0.000,0.054,0.316,0.011,58.6,165.2,0,-6.09,-0.045,61.9,376.8,1.000,5.9,13.6,200.0,125.5,82.1,70.1,65.0,61.1,58.6,56.4,54.3,52.3,49.8,47.2,43.1,36.6,28.7,21.4,11.0
92,0.882,0.000,3603.3,40.7,-0.3,2,16134,0.893,0.000,0.061,0.315,0.012,58.3,169.0,0,-6.12,-0.039,61.6,376.8,1.000,5.9,13.7,200.0,124.4,81.5,69.6,64.6,60.7,58.3,56.0,53.9,52.0,49.5,46.9,42.8,36.4,28.6,21.4,11.0
93,0.902,0.000,3603.5,41.7,-0.2,2,16352,0.914,0.000,0.056,0.315,0.010,58.5,173.9,0,-6.11,-0.032,61.4,376.8,1.000,5.9,13.7,200.0,125.9,82.0,69.9,64.8,61.0,58.5,56.2,54.1,52.1,49.6,47.0,42.9,36.5,28.6,21.4,11.0
94,0.922,0.000,3603.8,42.6,-0.2,2,16658,0.850,0.000,0.046,0.314,0.007,58.9,179.9,0,-6.08,-0.026,61.1,376.8,1.000,5.9,13.6,200.0,128.8,83.1,70.7,65.4,61.5,58.9,56.6,54.4,52.5,49.9,47.3,43.1,36.6,28.7,21.4,11.0
95,0.942,0.000,3604.0,43.6,-0.3,2,17000,0.661,0.000,0.034,0.314,0.005,59.5,182.9,0,-6.05,-0.020,60.9,376.8,1.000,5.8,13.6,200.0,132.3,84.4,71.5,66.2,62.1,59.5,57.1,54.9,52.9,50.3,47.6,43.3,36.7,28.8,21.5,11.0
96,0.962,0.000,3604.2,44.6,-0.4,2,17072,0.729,0.000,-0.105,0.313,0.002,60.1,176.7,0,-2.34,-0.013,60.6,303.7,1.000,5.8,13.5,33.3,136.0,85.8,72.4,66.9,62.7,60.1,57.6,55.4,53.3,50.6,47.9,43.6,36.9,28.9,21.6,11.1
97,0.982,0.000,3604.5,45.5,-0.7,2,17094,0.783,0.000,-0.108,0.313,0.000,60.3,174.5,0,-2.37,-0.007,60.3,305.9,1.000,5.8,13.5,33.3,137.8,86.3,72.8,67.2,63.0,60.3,57.8,55.5,53.4,50.7,48.0,43.6,36.9,28.9,21.6,11.1
98,1.004,0.000,3604.8,46.6,-0.8,2,17164,0.826,0.000,0.020,0.312,0.001,59.6,174.6,0,-6.05,0.001,60.0,376.8,1.000,5.8,13.6,200.0,135.4,85.2,71.9,66.4,62.3,59.6,57.2,54.9,52.9,50.2,47.5,43.2,36.6,28.7,21.5,11.0
99,1.024,0.000,3605.0,47.5,-0.6,2,17292,0.861,0.000,0.020,0.311,0.002,59.1,176.6,0,-6.09,0.008,59.7,376.8,1.000,5.9,13.7,200.0,133.5,84.3,71.2,65.8,61.7,59.1,56.7,54.5,52.4,49.8,47.2,42.9,36.3,28.5,21.3,11.0
100,1.044,0.000,3605.3,48.5,-0.5,2,17515,0.889,0.000,0.008,0.311,0.001,59.1,179.9,0,-6.10,0.013,59.4,376.8,1.000,5.9,13.8,200.0,134.4,84.5,71.3,65.9,61.7,59.1,56.7,54.5,52.4,49.8,47.1,42.8,36.3,28.5,21.3,11.0
101,1.064,0.000,3605.6,49.5,-0.5,2,17885,0.780,0.000,-0.008,0.310,-0.001,59.3,184.4,0,-6.09,0.015,59.3,376.8,1.000,5.9,13.7,200.0,136.3,85.1,71.7,66.1,62.0,59.3,56.8,54.6,52.5,49.9,47.2,42.8,36.3,28.5,21.3,11.0
102,1.084,0.000,3605.8,50.5,-0.6,2,17977,0.757,0.000,-0.095,0.310,-0.002,59.5,183.3,0,-4.05,0.016,59.5,306.5,1.000,5.9,13.7,118.2,138.2,85.6,72.0,66.4,62.2,59.5,57.0,54.7,52.6,50.0,47.2,42.9,36.2,28.5,21.3,11.0
103,1.104,0.000,3606.1,51.4,-0.8,2,17930,0.805,0.000,-0.103,0.309,-0.003,59.3,180.9,0,-4.14,0.016,59.3,306.5,1.000,5.9,13.8,121.3,138.2,85.5,71.8,66.2,62.0,59.3,56.8,54.5,52.5,49.8,47.1,42.7,36.1,28.4,21.2,11.0
104,1.124,0.000,3606.4,52.4,-0.9,2,18040,0.844,0.000,-0.035,0.309,-0.001,58.6,180.6,0,-6.15,0.016,58.6,376.8,1.000,5.9,14.0,200.0,135.3,84.2,70.9,65.4,61.2,58.6,56.1,53.9,51.9,49.2,46.6,42.3,35.8,28.1,21.1,11.0
105,1.144,0.000,3606.7,53.4,-0.7,2,18270,0.876,0.000,-0.036,0.308,-0.000,57.8,182.2,0,-6.20,0.015,57.8,376.8,1.000,5.9,14.2,200.0,132.3,82.8,69.8,64.5,60.4,57.8,55.4,53.3,51.2,48.7,46.0,41.8,35.4,27.9,21.0,10.9
106,1.164,0.000,3607.0,54.5,-0.6,2,18602,0.790,0.000,-0.040,0.307,0.001,57.3,185.8,0,-6.24,0.014,57.5,376.3,1.000,5.9,14.3,200.0,130.4,81.9,69.1,63.8,59.8,57.3,54.9,52.8,50.8,48.2,45.6,41.5,35.1,27.7,20.8,10.9
107,1.184,0.000,3607.3,55.4,-0.6,2,18656,0.832,0.000,-0.045,0.307,0.001,56.7,184.8,0,-6.29,0.012,57.2,375.3,1.000,5.9,14.5,200.0,128.6,81.0,68.4,63.2,59.3,56.7,54.4,52.3,50.3,47.8,45.2,41.1,34.8,27.5,20.7,10.9
108,1.204,0.000,3607.6,56.4,-0.6,2,18870,0.825,0.000,-0.049,0.306,0.002,56.2,186.1,0,-6.33,0.011,56.8,375.1,1.000,6.0,14.7,200.0,126.7,80.1,67.7,62.6,58.7,56.2,53.9,51.8,49.9,47.4,44.8,40.8,34.6,27.3,20.6,10.8
109,1.224,0.000,3607.9,57.4,-0.5,2,19034,0.802,0.000,-0.052,0.305,0.003,55.5,186.8,0,-6.38,0.010,56.5,375.3,1.000,6.0,14.9,200.0,124.4,79.0,66.9,61.8,58.0,55.5,53.3,51.2,49.3,46.9,44.4,40.4,34.2,27.0,20.4,10.8
110,1.244,0.000,3608.3,58.4,-0.5,2,19091,0.841,0.000,-0.053,0.305,0.005,54.8,185.9,0,-6.44,0.009,56.1,375.8,1.000,6.0,15.1,200.0,121.8,77.8,65.9,61.0,57.2,54.8,52.6,50.6,48.7,46.3,43.9,39.9,33.9,26.8,20.3,10.8
111,1.264,0.000,0.1,59.4,-0.4,2,19249,0.873,0.000,-0.047,0.303,0.007,54.0,186.4,0,-6.51,0.007,56.0,376.3,1.000,6.0,15.4,200.0,118.8,76.4,64.8,60.0,56.4,54.0,51.9,49.9,48.1,45.7,43.3,39.4,33.5,26.5,20.1,10.7
112,1.284,0.000,0.5,60.4,-0.3,2,19459,0.877,0.000,-0.035,0.302,0.011,53.2,187.7,0,-6.58,0.005,56.3,276.3,1.000,6.1,15.7,200.0,115.7,74.9,63.7,59.0,55.5,53.2,51.1,49.2,47.4,45.1,42.7,38.9,33.1,26.2,19.9,10.7
113,1.304,0.000,0.8,61.4,-0.2,2,19483,0.902,0.000,-0.022,0.301,0.016,52.4,185.0,0,-6.65,0.004,56.5,272.1,1.000,6.1,16.0,200.0,112.7,73.4,62.6,58.1,54.6,52.4,50.3,48.4,46.7,44.4,42.1,38.4,32.7,26.0,19.8,10.6
114,1.324,0.000,1.2,62.4,-0.1,2,19434,0.921,0.000,-0.010,0.300,0.019,51.6,184.2,0,-6.73,0.003,56.7,268.3,1.000,6.2,16.3,200.0,110.0,72.1,61.6,57.1,53.8,51.6,49.6,47.7,46.0,43.8,41.6,37.9,32.3,25.7,19.6,10.6
115,1.344,0.000,1.5,63.1,0.0,2,19578,0.937,0.000,0.000,0.299,0.023,50.9,186.1,0,-6.79,0.002,57.0,262.5,1.000,6.2,16.7,200.0,107.8,71.0,60.7,56.4,53.1,50.9,49.0,47.1,45.5,43.3,41.1,37.5,32.0,25.4,19.4,10.5
116,1.364,0.000,1.9,64.0,0.1,3,15740,0.950,0.000,0.009,0.298,0.026,50.3,164.0,0,-6.85,0.002,57.3,258.9,1.000,6.2,17.0,200.0,106.0,70.1,60.0,55.7,52.4,50.3,48.4,46.6,45.0,42.8,40.6,37.1,31.7,25.2,19.3,10.5
117,1.384,0.000,2.2,64.9,0.2,3,15791,0.960,0.000,0.017,0.296,0.029,49.8,164.5,0,-6.90,0.001,57.6,257.2,1.000,6.3,17.3,200.0,104.7,69.3,59.3,55.1,51.9,49.8,47.9,46.2,44.5,42.4,40.3,36.8,31.4,25.0,19.2,10.5
118,1.404,0.000,2.6,65.9,0.2,3,15847,0.968,0.000,0.022,0.295,0.032,49.4,164.4,0,-6.94,0.001,57.9,256.6,1.000,6.3,17.6,200.0,103.7,68.7,58.8,54.7,51.5,49.4,47.5,45.8,44.2,42.1,39.9,36.5,31.1,24.8,19.0,10.4
119,1.424,0.000,3.0,66.9,0.3,3,15901,0.974,0.000,0.025,0.293,0.034,49.1,163.2,0,-6.97,0.001,58.2,256.8,1.000,6.3,17.8,200.0,103.2,68.3,58.5,54.3,51.1,49.1,47.2,45.5,43.9,41.8,39.7,36.2,30.9,24.7,18.9,10.4
120,1.444,0.000,3.4,67.9,0.3,3,15949,0.979,0.000,0.027,0.291,0.036,48.9,161.5,0,-7.00,0.000,58.6,257.4,1.000,6.4,18.1,200.0,102.9,68.0,58.2,54.1,50.9,48.9,47.0,45.2,43.6,41.6,39.4,36.0,30.7,24.5,18.9,10.4
121,1.464,0.000,3.7,69.0,0.2,3,15988,0.984,0.000,0.028,0.289,0.038,48.7,159.7,0,-7.03,0.000,59.0,257.9,1.000,6.4,18.3,200.0,103.0,67.8,58.0,53.9,50.7,48.7,46.8,45.0,43.4,41.4,39.2,35.8,30.6,24.4,18.8,10.3
122,1.484,0.000,4.1,70.1,0.2,3,16024,0.987,0.000,0.028,0.286,0.039,48.5,158.0,0,-7.04,0.000,59.4,258.4,1.000,6.4,18.6,200.0,103.3,67.8,57.9,53.7,50.6,48.5,46.6,44.9,43.3,41.2,39.1,35.7,30.4,24.3,18.7,10.3
123,1.504,0.000,4.5,71.1,0.1,3,16058,0.989,0.000,0.026,0.284,0.040,48.4,156.8,0,-7.06,0.000,59.9,259.4,1.000,6.4,18.8,200.0,104.0,67.9,57.9,53.7,50.5,48.4,46.5,44.8,43.2,41.1,39.0,35.5,30.3,24.2,18.6,10.3
124,1.524,0.000,4.9,72.1,0.0,3,16093,0.992,0.000,0.065,0.281,0.041,48.4,156.2,0,-7.07,-0.007,60.3,260.7,1.000,6.5,19.0,200.0,104.8,68.0,57.9,53.7,50.5,48.4,46.5,44.7,43.1,41.0,38.9,35.4,30.2,24.1,18.5,10.2
125,1.544,0.000,5.3,73.2,-0.0,3,16133,0.993,0.000,0.093,0.279,0.041,48.5,156.1,0,-7.05,-0.018,60.7,263.5,1.000,6.5,19.1,200.0,106.7,68.6,58.3,53.9,50.7,48.5,46.6,44.8,43.2,41.1,38.9,35.4,30.1,24.0,18.5,10.2
126,1.564,0.000,5.8,74.2,-0.1,3,16179,0.995,0.000,0.107,0.276,0.040,49.1,156.4,0,-7.01,-0.027,61.2,269.3,1.000,6.5,19.0,200.0,110.7,70.0,59.2,54.7,51.3,49.1,47.1,45.3,43.6,41.4,39.2,35.6,30.2,24.1,18.5,10.2
127,1.584,0.000,6.2,75.1,-0.3,3,16234,0.996,0.000,0.109,0.273,0.037,50.1,157.0,0,-6.92,-0.035,61.5,278.9,1.000,6.5,18.8,200.0,117.5,72.4,60.8,56.0,52.4,50.1,48.0,46.1,44.3,42.1,39.7,36.1,30.5,24.2,18.6,10.2
128,1.604,0.000,6.6,76.1,-0.7,3,16293,0.997,0.000,0.097,0.270,0.032,51.6,157.8,0,-6.79,-0.046,62.0,376.8,1.000,6.5,18.4,200.0,127.8,75.9,63.1,57.9,54.1,51.6,49.4,47.3,45.4,43.0,40.6,36.7,30.9,24.5,18.7,10.2
129,1.624,0.000,7.0,77.2,-1.2,3,16349,0.997,0.000,0.006,0.267,0.026,53.5,156.4,0,-4.68,-0.060,62.5,259.8,1.000,6.5,17.9,119.4,142.9,80.6,66.2,60.5,56.2,53.5,51.1,48.9,46.9,44.3,41.7,37.6,31.4,24.8,18.9,10.3
130,1.644,0.000,7.5,78.3,-1.9,3,16377,0.998,0.000,-0.033,0.264,0.020,55.6,153.0,0,-4.04,-0.071,63.0,230.7,1.000,6.5,17.5,86.8,161.9,85.9,69.6,63.2,58.6,55.6,53.0,50.6,48.4,45.6,42.8,38.4,32.0,25.1,19.1,10.3
131,1.664,0.000,7.9,79.4,-2.5,3,16393,0.998,0.000,-0.049,0.260,0.016,57.3,150.0,0,-3.95,-0.087,63.7,238.5,1.000,6.5,17.3,72.6,179.7,90.6,72.5,65.6,60.5,57.3,54.5,51.9,49.6,46.7,43.7,39.1,32.4,25.3,19.2,10.3
132,1.684,0.000,8.4,80.5,-2.9,3,16407,0.999,0.000,-0.059,0.257,0.014,58.7,148.1,0,-3.88,-0.102,64.4,245.0,1.000,6.5,17.2,65.1,186.4,94.6,74.9,67.5,62.1,58.7,55.7,53.0,50.5,47.5,44.4,39.6,32.6,25.4,19.2,10.3
133,1.704,0.000,8.8,81.5,-3.2,3,16429,0.999,0.000,-0.066,0.253,0.012,59.8,147.7,0,-3.83,-0.118,65.0,250.7,1.000,6.5,17.1,60.5,190.2,98.2,77.0,69.1,63.4,59.8,56.7,53.9,51.3,48.1,44.9,40.0,32.8,25.4,19.2,10.3
134,1.724,0.000,9.3,82.5,-3.5,3,16462,0.999,0.000,-0.071,0.249,0.011,60.8,148.1,0,-3.79,-0.134,65.7,256.0,1.000,6.6,17.2,57.3,192.9,101.7,78.9,70.5,64.5,60.8,57.6,54.6,52.0,48.7,45.4,40.3,33.0,25.4,19.2,10.3
135,1.744,0.000,9.7,83.4,-3.7,3,16507,0.999,0.000,-0.077,0.245,0.010,61.8,148.8,0,-3.76,-0.152,66.5,261.4,1.000,6.6,17.2,54.7,195.2,105.3,80.9,72.0,65.7,61.8,58.4,55.4,52.6,49.2,45.8,40.6,33.1,25.4,19.2,10.2
136,1.764,0.000,10.2,84.4,-3.9,3,16559,0.999,0.000,-0.084,0.240,0.009,62.9,149.5,0,-3.73,-0.170,67.2,267.1,1.000,6.6,17.3,52.6,197.2,109.2,82.9,73.5,66.9,62.9,59.3,56.1,53.2,49.7,46.2,40.8,33.2,25.4,19.2,10.2
137,1.784,0.000,10.7,85.4,-4.1,3,16617,1.000,0.000,-0.091,0.236,0.009,63.9,150.0,0,-3.71,-0.190,68.1,273.0,1.000,6.6,17.3,50.8,198.9,113.3,85.1,75.1,68.1,63.9,60.2,56.9,53.9,50.2,46.6,41.1,33.3,25.4,19.2,10.2
138,1.804,0.000,11.2,86.4,-4.4,3,16678,1.000,0.000,-0.099,0.231,0.008,64.9,150.4,0,-3.68,-0.212,69.0,279.1,1.000,6.7,17.4,49.4,200.0,117.6,87.2,76.7,69.4,64.9,61.1,57.6,54.5,50.8,47.0,41.4,33.4,25.4,19.1,10.1
139,1.824,0.000,11.7,87.4,-4.6,3,16741,1.000,0.000,-0.108,0.227,0.008,65.9,150.7,0,-3.64,-0.235,70.0,285.2,1.000,6.7,17.5,48.2,200.0,122.0,89.4,78.3,70.6,65.9,61.9,58.3,55.1,51.2,47.4,41.6,33.5,25.4,19.1,10.1
140,1.844,0.000,12.1,88.4,-4.7,3,16805,1.000,0.000,-0.116,0.222,0.008,66.9,150.7,0,-3.60,-0.261,71.1,376.8,1.000,6.8,17.7,47.3,200.0,126.5,91.5,79.7,71.7,66.9,62.7,59.0,55.7,51.7,47.7,41.8,33.5,25.3,19.0,10.1
141,1.864,0.000,12.6,89.5,-4.9,3,16835,1.000,0.000,-0.123,0.216,0.008,67.6,147.5,0,-3.58,-0.287,72.2,376.8,1.000,6.8,17.8,46.8,200.0,130.6,93.3,81.0,72.6,67.6,63.3,59.5,56.1,52.0,48.0,41.9,33.5,25.2,18.9,10.0
142,1.884,0.000,13.2,90.6,-5.0,3,16841,1.000,0.000,-0.129,0.211,0.009,68.2,143.9,0,-3.57,-0.316,73.4,376.8,1.000,6.9,18.1,46.5,200.0,134.2,94.8,82.0,73.3,68.2,63.7,59.8,56.4,52.2,48.1,41.9,33.5,25.1,18.8,10.0
143,1.904,0.000,13.7,91.7,-5.1,3,16835,1.000,0.000,-0.134,0.206,0.010,68.5,140.8,0,-3.57,-0.349,74.8,376.8,1.000,6.9,18.3,46.5,200.0,137.0,95.9,82.7,73.8,68.5,64.0,60.0,56.5,52.2,48.1,41.9,33.3,25.0,18.7,9.9
144,1.924,0.000,14.2,92.8,-5.1,3,16836,1.000,0.000,-0.138,0.200,0.012,68.6,138.9,0,-3.58,-0.385,76.4,376.8,1.000,7.0,18.7,46.8,200.0,138.9,96.5,83.0,73.9,68.6,64.0,60.0,56.4,52.1,47.9,41.7,33.2,24.8,18.5,9.9
145,1.944,0.000,14.7,93.8,-5.1,3,16846,1.000,0.000,-0.140,0.194,0.014,68.4,138.1,0,-3.60,-0.423,78.0,376.8,1.000,7.1,19.0,47.4,200.0,139.8,96.6,82.9,73.8,68.4,63.8,59.7,56.2,51.9,47.7,41.4,32.9,24.6,18.4,9.8
146,1.964,0.000,15.2,94.8,-5.1,3,16870,1.000,0.000,-0.141,0.188,0.017,68.0,137.9,0,-3.63,-0.462,79.6,376.8,1.000,7.1,19.5,48.2,200.0,139.8,96.2,82.5,73.4,68.0,63.4,59.3,55.8,51.5,47.3,41.1,32.6,24.4,18.2,9.7
147,1.984,0.000,15.8,95.8,-5.0,3,16900,1.000,0.000,-0.124,0.182,0.020,67.3,137.8,0,-3.67,-0.470,81.3,376.8,1.000,7.2,19.9,49.2,200.0,138.8,95.4,81.7,72.7,67.3,62.8,58.7,55.2,51.0,46.8,40.7,32.3,24.1,18.0,9.6
148,2.006,0.000,16.4,96.9,-4.9,3,16943,1.000,0.000,-0.100,0.174,0.024,66.6,137.6,0,-3.72,-0.470,83.8,376.8,1.000,7.3,20.4,50.3,200.0,137.5,94.4,80.9,71.9,66.6,62.0,58.1,54.6,50.4,46.3,40.2,31.9,23.8,17.7,9.5
149,2.028,0.000,17.0,98.0,-4.8,3,16986,1.000,0.000,-0.079,0.167,0.027,66.2,137.1,0,-3.75,-0.470,86.4,376.8,1.000,7.4,20.8,51.0,200.0,137.8,94.1,80.5,71.5,66.2,61.6,57.7,54.2,50.0,45.9,39.8,31.5,23.5,17.5,9.5
150,2.050,0.000,17.6,99.2,-4.7,3,17026,1.000,0.000,-0.065,0.159,0.029,66.4,136.4,0,-3.75,-0.470,89.1,376.8,1.000,7.5,21.1,51.1,200.0,141.0,95.2,81.1,71.9,66.4,61.8,57.8,54.2,49.9,45.8,39.7,31.4,23.4,17.4,9.4
151,2.072,0.000,18.2,100.4,-4.7,3,17031,1.000,0.000,-0.057,0.152,0.030,67.4,132.7,0,-3.73,-0.470,92.2,376.8,1.000,7.6,21.3,50.4,200.0,147.8,97.8,82.8,73.1,67.4,62.6,58.4,54.7,50.3,46.1,39.8,31.4,23.3,17.3,9.3
152,2.094,0.000,18.8,101.6,-4.9,3,17013,1.000,0.000,-0.055,0.144,0.029,69.2,128.7,0,-3.67,-0.470,95.7,376.8,1.000,7.6,21.4,49.1,200.0,159.5,102.2,85.8,75.3,69.2,64.0,59.6,55.7,51.1,46.7,40.2,31.5,23.2,17.2,9.3
153,2.116,0.000,19.4,102.8,-5.1,3,16991,1.000,0.000,-0.059,0.136,0.028,71.8,125.2,0,-3.59,-0.470,99.7,376.8,1.000,7.7,21.3,47.4,200.0,171.6,108.9,90.3,78.5,71.8,66.2,61.4,57.3,52.3,47.6,40.8,31.8,23.3,17.1,9.2
154,2.138,0.000,20.1,103.9,-5.5,3,16975,1.000,0.000,-0.068,0.127,0.026,75.4,122.8,0,-3.47,-0.470,104.2,376.8,1.000,7.8,21.2,45.6,200.0,177.6,118.3,96.4,82.9,75.4,69.2,63.9,59.3,54.0,48.9,41.7,32.2,23.4,17.1,9.2
155,2.160,0.000,20.7,105.0,-5.9,3,16972,1.000,0.000,-0.081,0.119,0.023,80.1,121.2,0,-3.33,-0.470,108.9,376.8,1.000,7.8,21.0,43.7,200.0,182.5,131.5,104.6,88.8,80.1,73.0,67.1,62.0,56.1,50.6,42.8,32.7,23.6,17.1,9.1
156,2.182,0.000,21.3,106.1,-6.4,3,16978,1.000,0.000,-0.110,0.110,0.020,86.0,119.9,0,-2.76,-0.470,114.1,362.6,1.000,7.9,20.8,41.9,157.6,186.5,149.6,115.4,96.2,86.0,77.7,70.9,65.2,58.6,52.6,44.1,33.3,23.8,17.2,9.1
157,2.204,0.000,22.0,107.2,-6.9,3,16990,1.000,0.000,-0.129,0.101,0.017,92.6,118.6,0,-2.41,-0.470,121.6,366.1,1.000,7.9,20.6,40.3,131.7,189.8,168.1,128.4,104.8,92.6,83.0,75.2,68.7,61.3,54.7,45.4,34.0,24.0,17.2,9.0
158,2.226,0.000,22.7,108.3,-7.4,3,17004,1.000,0.000,-0.140,0.092,0.016,99.4,117.2,0,-2.19,-0.470,130.1,368.7,1.000,8.0,20.5,39.2,115.8,192.3,174.4,142.7,113.8,99.4,88.2,79.3,72.1,63.9,56.6,46.6,34.5,24.2,17.2,9.0
159,2.248,0.000,23.3,109.4,-7.7,3,17008,1.000,0.000,-0.144,0.083,0.015,106.1,114.5,0,-2.04,-0.470,140.1,370.6,1.000,8.1,20.5,38.4,105.5,194.0,178.0,158.0,122.9,106.1,93.3,83.3,75.2,66.2,58.3,47.6,34.9,24.3,17.2,8.9
160,2.270,0.000,24.0,110.6,-7.9,3,16992,1.000,0.000,-0.143,0.073,0.015,112.7,110.9,0,-1.93,-0.470,148.8,372.0,1.000,8.1,20.5,37.9,98.4,195.4,180.5,167.2,132.2,112.7,98.2,87.0,78.1,68.4,59.8,48.5,35.2,24.3,17.1,8.8
161,2.292,0.000,24.7,111.8,-8.1,3,16967,1.000,0.000,-0.139,0.063,0.015,119.5,107.3,0,-1.84,-0.470,156.5,373.1,1.000,8.2,20.5,37.4,93.0,196.4,182.4,171.1,142.1,119.5,103.2,90.8,81.0,70.4,61.3,49.3,35.5,24.3,17.0,8.7
162,2.314,0.000,25.4,112.9,-8.2,3,16942,1.000,0.000,-0.134,0.053,0.015,127.3,104.1,0,-1.75,-0.470,164.4,374.0,1.000,8.3,20.6,37.0,88.4,197.3,184.0,173.9,153.6,127.3,108.7,94.8,84.1,72.6,62.8,50.1,35.8,24.3,17.0,8.6
163,2.336,0.000,26.1,114.1,-8.3,3,16919,1.000,0.000,-0.129,0.043,0.015,136.8,101.3,0,-1.67,-0.470,170.7,375.0,1.000,8.4,20.6,36.6,84.2,198.3,185.5,176.4,163.7,136.8,115.3,99.6,87.7,75.1,64.6,51.1,36.1,24.4,16.9,8.6
164,2.358,0.000,26.8,115.2,-8.4,3,16901,1.000,0.000,-0.126,0.033,0.016,149.5,98.8,0,-1.57,-0.470,174.1,376.1,1.000,8.5,20.6,36.1,80.1,199.4,187.1,178.7,168.4,149.5,123.8,105.7,92.2,78.2,66.7,52.3,36.6,24.5,16.9,8.5
165,2.380,0.000,27.5,116.3,-8.5,3,16888,1.000,0.000,-0.125,0.022,0.015,162.3,96.4,0,-1.47,-0.470,176.8,376.8,1.000,8.6,20.6,35.6,76.1,200.0,188.7,180.9,172.1,162.3,135.2,113.6,98.0,82.2,69.4,53.7,37.1,24.6,16.8,8.4
166,2.402,0.000,28.2,117.5,-8.7,3,16874,1.000,0.000,-0.125,0.012,0.015,167.8,93.9,0,-1.36,-0.470,179.0,376.8,1.000,8.7,20.5,35.0,72.2,200.0,190.3,183.1,175.3,167.8,150.6,124.0,105.4,87.1,72.7,55.5,37.8,24.7,16.8,8.3
167,2.424,0.000,28.9,118.6,-8.9,3,16857,1.000,0.000,-0.127,0.001,0.014,171.8,90.9,0,-1.25,-0.470,181.0,376.8,1.000,8.7,20.4,34.3,68.5,200.0,192.0,185.2,178.1,171.8,162.9,137.9,115.0,93.3,76.8,57.7,38.6,25.0,16.9,8.3
168,2.446,0.000,29.6,119.7,-9.1,3,16837,1.000,0.000,0.073,-0.010,0.013,175.1,87.8,0,-0.94,0.000,182.8,370.1,1.000,8.8,20.3,33.7,65.2,149.4,193.6,187.2,180.6,175.1,168.1,156.1,127.3,101.0,81.7,60.2,39.5,25.2,16.9,8.2
169,2.468,0.000,30.4,120.8,-9.1,3,16813,1.000,0.000,0.075,-0.020,0.010,179.0,85.4,0,-0.73,0.000,184.5,372.6,1.000,8.8,20.0,32.8,61.0,127.3,196.0,189.8,183.9,179.0,173.3,166.0,150.1,114.5,90.1,64.4,41.0,25.7,17.0,8.2
170,2.490,0.000,31.1,121.9,-9.6,3,16788,1.000,0.000,0.033,-0.031,0.003,184.6,82.7,0,-0.47,0.000,186.0,376.8,1.000,8.8,19.5,31.2,55.1,103.1,200.0,194.2,188.8,184.6,180.0,174.6,168.0,147.5,109.0,73.2,44.2,26.8,17.4,8.2
171,2.512,0.000,31.9,122.9,-10.5,3,16763,1.000,0.000,-0.033,-0.041,-0.008,190.9,79.7,0,-0.02,0.000,190.9,376.8,1.000,8.8,18.9,29.3,49.0,82.8,126.6,200.0,194.7,190.9,187.0,182.7,177.9,169.8,151.8,89.8,49.5,28.4,18.0,8.2
172,2.534,0.000,32.6,123.9,-11.8,3,16742,1.000,0.000,-0.121,-0.050,-0.023,197.8,76.9,0,0.43,0.000,197.8,376.8,1.000,8.7,18.1,27.3,43.5,67.8,94.2,119.0,200.0,197.8,193.8,190.1,186.2,180.0,171.5,122.5,57.7,30.8,18.8,8.3
173,2.556,0.000,33.4,124.8,-13.3,3,16725,1.000,0.000,-0.226,-0.059,-0.041,200.0,74.5,0,1.03,0.000,200.0,376.8,1.000,8.6,17.5,25.7,39.2,57.5,75.3,90.1,109.0,128.1,200.0,196.9,193.0,187.7,181.1,163.6,69.5,33.6,19.7,8.3
174,2.578,0.000,34.1,125.7,-14.6,3,16717,1.000,0.000,-0.312,-0.068,-0.056,136.8,72.7,0,1.53,0.000,136.8,375.5,1.000,8.6,17.0,24.5,36.2,51.2,64.7,75.2,87.8,99.7,115.4,136.8,198.7,193.1,187.1,173.7,84.0,36.5,20.5,8.4
175,2.600,0.000,34.9,126.6,-15.5,3,16715,1.000,0.000,-0.365,-0.075,-0.065,115.4,71.0,0,1.84,0.000,115.4,373.0,1.000,8.6,16.7,23.8,34.7,48.1,59.7,68.5,78.6,88.0,99.8,115.4,136.7,196.3,190.1,178.0,96.5,38.5,21.0,8.4
176,2.622,0.000,35.7,127.7,-15.6,3,16714,1.000,0.000,-0.379,-0.083,-0.067,111.1,68.9,0,1.90,0.000,111.1,373.2,1.000,8.6,16.7,23.8,34.5,47.5,58.7,67.1,76.8,85.6,96.7,111.1,130.6,196.6,190.3,178.4,100.2,38.8,21.1,8.4
177,2.644,0.000,36.5,128.8,-14.9,3,16710,1.000,0.000,-0.357,-0.089,-0.064,118.9,66.1,0,1.76,0.000,118.9,370.5,1.000,8.7,17.0,24.2,35.4,49.1,61.0,70.1,80.6,90.3,102.7,118.9,141.4,194.0,187.9,175.7,93.5,37.6,20.6,8.3
178,2.666,0.000,37.3,130.1,-13.5,3,16697,0.000,0.000,-0.307,-0.096,-0.056,140.3,62.7,0,1.45,0.000,140.3,371.5,1.000,8.8,17.4,25.1,37.2,52.6,66.4,77.2,90.1,102.3,118.3,140.3,194.9,189.5,183.5,170.1,81.6,35.4,19.9,8.1
179,2.688,0.000,38.1,131.3,-11.5,3,15972,0.200,0.000,-0.238,-0.102,-0.044,196.9,17.2,0,1.02,0.000,196.9,373.6,1.000,9.0,18.0,26.3,39.9,58.0,75.1,89.2,106.8,124.3,196.9,192.9,189.0,183.8,177.4,161.4,69.4,32.8,19.0,8.0
180,2.710,0.000,38.9,132.2,-8.5,3,15493,0.360,0.000,-0.153,-0.107,-0.030,193.3,-7.1,0,0.59,0.000,193.3,369.8,1.000,9.1,18.8,28.0,43.8,66.7,90.3,111.5,140.2,193.3,189.3,185.6,181.9,176.3,168.7,134.5,58.2,30.0,18.0,7.8
181,2.732,0.000,39.7,132.4,-5.3,3,15144,0.488,0.000,-0.052,-0.111,-0.013,184.9,-7.6,0,0.02,0.000,184.9,370.8,1.000,9.3,19.7,30.2,49.4,80.5,117.5,194.2,188.7,184.9,181.3,177.4,173.0,166.0,154.9,94.1,49.0,27.4,17.0,7.6
182,2.754,0.000,40.5,132.7,-2.7,3,14898,0.590,0.000,0.031,-0.114,0.001,178.0,-5.0,0,-0.42,0.000,178.5,369.7,1.000,9.5,20.6,32.3,55.3,97.3,193.2,186.9,181.8,178.0,173.9,169.3,163.9,154.0,119.0,75.1,43.3,25.5,16.3,7.5
183,2.776,0.000,41.3,133.1,-1.0,3,14737,0.672,0.000,0.074,-0.116,0.009,173.4,-2.8,0,-0.57,0.000,177.6,364.9,1.000,9.6,21.1,33.6,59.3,110.1,188.7,182.7,177.5,173.4,168.9,163.7,157.3,137.4,100.9,67.4,40.6,24.5,15.9,7.4
184,2.798,0.000,42.1,133.6,-0.2,3,14642,0.738,0.000,0.082,-0.118,0.010,171.9,-1.0,0,-0.61,0.000,176.7,363.3,1.000,9.6,21.2,33.9,60.1,112.8,187.2,181.3,176.1,171.9,167.3,162.0,155.4,132.5,98.2,66.1,40.1,24.3,15.8,7.4
185,2.820,0.000,43.0,134.2,-0.1,3,14598,0.790,0.000,0.065,-0.119,0.007,172.6,0.4,0,-0.54,0.000,175.9,363.8,1.000,9.6,21.1,33.4,58.6,107.4,187.6,181.6,176.5,172.6,168.2,163.1,157.1,142.7,103.9,68.6,40.9,24.6,15.9,7.4
186,2.842,0.000,43.8,134.8,-0.3,3,14594,0.832,0.000,0.039,-0.120,0.002,174.0,1.6,0,-0.45,0.000,175.0,365.1,1.000,9.5,20.8,32.7,56.3,99.8,188.9,182.8,177.8,174.0,169.8,165.2,159.8,149.7,114.6,73.1,42.5,25.1,16.1,7.4
187,2.864,0.000,44.6,135.6,-0.6,3,14616,0.866,0.000,0.014,-0.121,-0.002,175.2,2.6,0,-0.36,0.000,175.2,366.4,1.000,9.5,20.5,32.0,54.2,93.4,190.1,183.9,178.8,175.2,171.2,166.9,162.0,153.4,127.4,78.1,44.1,25.6,16.3,7.5
188,2.886,0.000,45.4,136.4,-0.8,3,14656,0.893,0.000,-0.009,-0.121,-0.006,175.7,3.4,0,-0.15,0.000,175.7,360.3,1.000,9.5,20.3,31.5,52.8,89.3,136.8,184.4,179.3,175.7,171.9,167.8,163.2,155.3,138.5,82.1,45.3,26.0,16.5,7.5
189,2.908,0.000,46.3,137.2,-0.9,3,14711,0.914,0.000,-0.018,-0.121,-0.007,175.5,4.0,0,-0.12,0.000,175.5,360.1,1.000,9.4,20.2,31.3,52.2,87.5,132.6,184.2,179.0,175.5,171.8,167.7,163.2,155.7,141.9,84.2,45.9,26.2,16.5,7.5
190,2.930,0.000,47.1,138.1,-0.8,3,14775,0.931,0.000,-0.018,-0.121,-0.007,174.6,4.6,0,-0.12,0.000,174.6,359.1,1.000,9.4,20.2,31.3,52.1,87.5,132.5,183.3,178.2,174.6,170.9,166.9,162.4,155.0,141.5,84.2,46.0,26.3,16.5,7.5
191,2.952,0.000,48.0,138.9,-0.6,3,14848,0.945,0.000,-0.013,-0.120,-0.006,173.4,5.2,0,-0.14,0.000,173.4,357.7,1.000,9.4,20.3,31.4,52.5,88.4,134.7,182.0,176.9,173.4,169.7,165.7,161.2,153.6,139.6,83.1,45.6,26.2,16.5,7.5
192,2.974,0.000,48.8,139.9,-0.4,3,14926,0.956,0.000,-0.002,-0.120,-0.005,172.1,5.8,0,-0.30,0.000,172.1,362.8,1.000,9.5,20.3,31.6,52.9,89.8,186.7,180.6,175.5,172.1,168.3,164.2,159.7,152.1,136.8,81.6,45.2,26.0,16.5,7.5
193,2.996,0.000,49.7,140.8,-0.2,3,15010,0.965,0.000,0.003,-0.120,-0.004,170.8,6.3,0,-0.32,0.000,170.8,361.4,1.000,9.5,20.4,31.7,53.3,90.9,185.4,179.3,174.3,170.8,167.1,163.0,158.4,150.7,134.0,80.6,44.9,25.9,16.4,7.5
194,3.018,0.000,50.5,141.7,-0.1,3,15095,0.972,0.000,0.005,-0.119,-0.004,169.8,6.9,0,-0.32,0.000,169.8,360.2,1.000,9.5,20.4,31.7,53.4,91.3,184.2,178.2,173.2,169.8,166.0,161.9,157.4,149.6,132.8,80.1,44.8,25.9,16.4,7.5
195,3.040,0.000,51.4,142.6,-0.0,3,15182,0.977,0.000,0.005,-0.119,-0.004,168.9,7.2,0,-0.32,0.000,168.9,359.1,1.000,9.5,20.4,31.7,53.4,91.2,183.3,177.3,172.3,168.9,165.2,161.1,156.6,148.9,132.9,80.2,44.8,25.9,16.4,7.5
196,3.062,0.000,52.3,143.6,-0.0,3,15266,0.982,0.000,0.003,-0.118,-0.004,168.1,7.4,0,-0.31,0.000,168.1,358.2,1.000,9.4,20.4,31.7,53.3,90.8,182.5,176.5,171.5,168.1,164.4,160.4,155.9,148.4,133.6,80.6,44.9,26.0,16.4,7.5
197,3.084,0.000,53.2,144.6,-0.1,3,15350,0.986,0.000,0.001,-0.118,-0.004,167.3,7.5,0,-0.31,0.000,167.3,357.3,1.000,9.4,20.3,31.6,53.1,90.4,181.6,175.7,170.8,167.3,163.7,159.7,155.3,147.8,134.0,81.1,45.1,26.0,16.5,7.5
198,3.106,0.000,54.0,145.5,-0.1,3,15432,0.988,0.000,-0.001,-0.117,-0.005,166.5,7.4,0,-0.30,0.000,166.5,356.4,1.000,9.4,20.3,31.5,52.9,90.0,180.8,174.8,170.0,166.5,162.9,159.0,154.6,147.3,134.1,81.5,45.2,26.1,16.5,7.5
199,3.128,0.000,54.9,146.5,-0.1,3,15511,0.991,0.000,-0.001,-0.116,-0.005,165.7,7.3,0,-0.30,0.000,165.7,355.4,1.000,9.4,20.3,31.5,52.9,89.7,179.9,173.9,169.1,165.7,162.1,158.2,153.8,146.6,133.8,81.7,45.3,26.1,16.5,7.5
200,3.150,0.000,55.8,147.5,-0.1,3,15588,0.993,0.000,-0.002,-0.116,-0.005,164.8,7.3,0,-0.29,0.000,164.8,354.3,1.000,9.4,20.3,31.5,52.8,89.7,178.9,173.0,168.2,164.8,161.2,157.3,153.0,145.8,133.4,81.8,45.4,26.1,16.5,7.5
201,3.172,0.000,56.7,148.5,-0.1,3,15662,0.994,0.000,-0.001,-0.115,-0.005,163.8,7.3,0,-0.29,0.000,163.8,353.2,1.000,9.4,20.3,31.5,52.8,89.7,177.8,172.0,167.2,163.8,160.3,156.4,152.1,145.0,132.8,81.8,45.4,26.1,16.5,7.5
202,3.194,0.000,57.6,149.5,-0.0,3,15735,0.995,0.000,-0.001,-0.114,-0.005,162.9,7.2,0,-0.30,0.000,162.9,352.0,1.000,9.4,20.3,31.5,52.8,89.7,176.8,171.0,166.2,162.9,159.3,155.4,151.2,144.2,132.2,81.7,45.4,26.1,16.6,7.6
203,3.216,0.000,58.6,150.5,-0.0,3,15805,0.996,0.000,-0.151,-0.114,-0.005,161.9,7.3,0,-0.30,-0.850,161.9,350.8,1.000,9.4,20.3,31.4,52.8,89.8,175.7,169.9,165.2,161.9,158.3,154.5,150.3,143.3,131.5,81.7,45.4,26.2,16.6,7.6
204,3.238,0.000,59.5,151.4,-0.2,3,15875,0.997,0.000,-0.136,-0.113,-0.002,159.8,7.7,0,-0.34,-0.850,159.8,348.4,1.000,9.4,20.4,31.8,54.0,93.3,173.5,167.9,163.2,159.8,156.2,152.3,147.9,140.6,126.8,78.4,44.3,25.8,16.4,7.5
205,3.260,0.000,60.4,152.4,0.2,3,15944,0.998,0.000,-0.094,-0.113,0.006,155.7,7.9,0,-0.49,-0.850,158.1,343.7,1.000,9.5,20.9,33.0,57.6,104.5,169.3,163.9,159.3,155.7,151.9,147.6,142.7,133.9,107.6,70.4,41.7,24.9,16.1,7.5
206,3.282,0.000,61.4,153.3,1.0,3,16015,0.998,0.000,-0.041,-0.114,0.015,150.6,8.1,0,-0.71,-0.850,157.1,338.3,1.000,9.6,21.5,34.7,62.7,122.7,164.6,159.4,154.5,150.6,146.3,141.4,135.4,118.2,90.2,62.5,38.8,23.8,15.6,7.4
207,3.304,0.000,62.3,154.3,1.8,3,16084,0.998,0.000,0.013,-0.116,0.024,145.6,8.3,0,-1.09,-0.850,156.1,345.2,1.000,9.7,22.1,36.2,68.1,170.7,160.5,155.1,149.8,145.6,140.8,134.9,126.4,99.5,78.9,56.8,36.5,23.0,15.3,7.3
208,3.326,0.000,63.2,155.3,2.2,3,16152,0.999,0.000,0.041,-0.118,0.029,141.9,8.1,0,-1.20,-0.850,155.1,341.6,1.000,9.8,22.5,37.3,71.9,167.5,157.6,152.0,146.5,141.9,136.6,129.8,114.6,90.6,73.2,53.8,35.2,22.4,15.0,7.3
209,3.348,0.000,64.2,156.3,2.2,3,16215,0.999,0.000,0.048,-0.120,0.030,140.3,7.7,0,-1.23,-0.850,154.1,339.8,1.000,9.8,22.6,37.7,73.0,165.9,156.1,150.5,144.9,140.3,134.9,127.7,111.3,88.5,71.8,53.0,34.8,22.3,14.9,7.2
210,3.370,0.000,65.1,157.3,1.8,3,16272,0.999,0.000,0.039,-0.123,0.028,140.3,7.1,0,-1.19,-0.850,153.1,339.3,1.000,9.8,22.6,37.4,71.9,165.5,155.7,150.2,144.7,140.3,135.1,128.5,115.0,90.8,73.2,53.7,35.1,22.3,14.9,7.2
211,3.392,0.000,66.1,158.3,1.2,3,16326,0.999,0.000,0.022,-0.126,0.025,140.9,6.6,0,-1.13,-0.850,152.1,339.5,1.000,9.8,22.4,36.9,69.8,165.6,155.8,150.4,145.2,140.9,136.1,130.3,121.4,95.6,76.2,55.3,35.7,22.6,15.0,7.2
212,3.414,0.000,67.1,159.2,0.6,3,16379,0.999,0.000,0.006,-0.129,0.022,141.5,6.3,0,-1.07,-0.850,151.1,339.6,1.000,9.8,22.2,36.4,67.8,165.8,155.9,150.6,145.6,141.5,137.0,131.6,124.5,101.0,79.6,56.9,36.4,22.8,15.1,7.2
213,3.436,0.000,68.1,160.2,0.2,3,16432,1.000,0.000,-0.006,-0.132,0.020,141.6,6.1,0,-1.03,-0.850,150.0,339.4,1.000,9.8,22.1,36.0,66.5,165.5,155.6,150.5,145.5,141.6,137.2,132.2,125.8,105.2,82.1,58.2,36.8,22.9,15.1,7.2
214,3.458,0.000,69.0,161.2,-0.1,3,16484,1.000,0.000,-0.011,-0.135,0.019,141.1,6.0,0,-1.02,-0.850,149.0,338.6,1.000,9.8,22.1,35.9,66.0,164.8,154.9,149.8,144.9,141.1,136.8,131.9,125.8,107.1,83.2,58.7,36.9,22.9,15.1,7.2
215,3.480,0.000,70.0,162.2,-0.1,3,16538,1.000,0.000,-0.011,-0.138,0.019,140.1,5.8,0,-1.02,-0.850,147.9,337.2,1.000,9.8,22.2,36.0,66.1,163.7,153.8,148.8,143.9,140.1,135.9,131.0,125.0,106.9,83.0,58.5,36.8,22.9,15.1,7.2
216,3.502,0.000,71.0,163.2,-0.1,3,16591,1.000,0.000,-0.008,-0.142,0.019,138.8,5.7,0,-1.03,-0.850,146.8,335.6,1.000,9.9,22.3,36.2,66.7,162.3,152.5,147.5,142.6,138.8,134.6,129.7,123.6,105.2,81.9,57.9,36.5,22.7,15.0,7.1
217,3.524,0.000,72.0,164.1,0.0,3,16642,1.000,0.000,-0.003,-0.145,0.020,137.4,5.5,0,-1.05,-0.850,145.8,333.9,1.000,9.9,22.4,36.5,67.4,160.8,151.1,146.1,141.2,137.4,133.2,128.2,122.1,103.1,80.6,57.1,36.2,22.6,14.9,7.1
218,3.546,0.000,73.0,165.1,0.1,3,16694,1.000,0.000,0.001,-0.148,0.021,136.1,5.4,0,-1.06,-0.850,144.7,332.2,1.000,10.0,22.5,36.7,68.1,159.4,149.8,144.8,139.9,136.1,131.8,126.8,120.6,101.3,79.4,56.5,35.9,22.4,14.8,7.1
219,3.568,0.000,74.0,166.1,0.1,3,16748,1.000,0.000,0.004,-0.152,0.021,134.8,5.3,0,-1.07,-0.850,143.6,330.6,1.000,10.0,22.6,36.9,68.6,158.0,148.5,143.5,138.7,134.8,130.6,125.6,119.4,100.1,78.6,56.0,35.6,22.3,14.7,7.1
220,3.590,0.000,75.1,167.1,0.1,3,16801,1.000,0.000,0.005,-0.155,0.021,133.8,5.2,0,-1.08,-0.850,142.5,329.2,1.000,10.0,22.7,37.0,68.8,156.8,147.4,142.4,137.6,133.8,129.5,124.6,118.5,99.6,78.2,55.7,35.5,22.2,14.7,7.0
221,3.612,0.000,76.1,168.0,0.1,3,16854,1.000,0.000,0.004,-0.159,0.021,132.8,5.0,0,-1.08,-0.850,141.4,327.9,1.000,10.0,22.7,37.1,68.9,155.7,146.4,141.4,136.6,132.8,128.6,123.8,117.8,99.6,78.1,55.6,35.4,22.1,14.6,7.0
222,3.634,0.000,77.1,169.0,0.1,3,16904,1.000,0.000,0.002,-0.162,0.021,131.9,4.8,0,-1.07,-0.850,140.3,326.6,1.000,10.1,22.8,37.2,68.8,154.6,145.4,140.4,135.7,131.9,127.8,123.0,117.2,99.9,78.2,55.6,35.3,22.0,14.6,7.0
223,3.656,0.000,78.1,170.0,-0.0,3,16956,1.000,0.000,0.001,-0.166,0.020,131.0,4.7,0,-1.07,-0.850,139.2,325.4,1.000,10.1,22.8,37.2,68.8,153.6,144.3,139.4,134.7,131.0,126.9,122.3,116.5,100.2,78.4,55.6,35.3,22.0,14.5,6.9
224,3.678,0.000,79.2,170.9,-0.0,3,17007,1.000,0.000,-0.000,-0.169,0.020,130.1,4.5,0,-1.07,-0.850,138.1,324.0,1.000,10.1,22.9,37.3,68.8,152.5,143.3,138.4,133.7,130.1,126.0,121.4,115.8,100.3,78.4,55.6,35.2,21.9,14.5,6.9
225,3.700,0.000,80.2,171.9,-0.1,3,17056,1.000,0.000,-0.001,-0.173,0.020,129.1,4.3,0,-1.07,-0.850,136.9,322.6,1.000,10.2,22.9,37.3,68.9,151.3,142.2,137.3,132.7,129.1,125.0,120.5,115.0,100.2,78.2,55.4,35.1,21.8,14.4,6.9
226,3.722,0.000,81.3,172.9,-0.1,3,17106,1.000,0.000,-0.000,-0.176,0.020,128.0,4.2,0,-1.07,-0.850,135.8,321.2,1.000,10.2,23.0,37.4,69.1,150.1,141.0,136.2,131.6,128.0,124.0,119.5,114.1,99.9,77.9,55.2,34.9,21.7,14.4,6.9
227,3.744,0.000,82.4,173.8,-0.0,3,17157,1.000,0.000,0.000,-0.180,0.020,126.9,4.1,0,-1.08,-0.850,134.7,319.7,1.000,10.2,23.1,37.6,69.3,148.8,139.9,135.1,130.5,126.9,123.0,118.5,113.1,99.5,77.6,55.0,34.8,21.7,14.3,6.8
228,3.766,0.000,83.4,174.8,-0.0,3,17208,1.000,0.000,0.001,-0.183,0.020,125.8,3.9,0,-1.08,-0.850,133.5,318.1,1.000,10.2,23.1,37.7,69.5,147.6,138.7,133.9,129.4,125.8,121.9,117.5,112.2,99.0,77.3,54.7,34.6,21.6,14.2,6.8
229,3.788,0.000,84.5,175.7,-0.0,3,17258,1.000,0.000,0.001,-0.187,0.020,124.7,3.8,0,-1.08,-0.850,132.4,316.6,1.000,10.3,23.2,37.8,69.7,146.3,137.5,132.8,128.2,124.7,120.8,116.5,111.2,98.7,77.0,54.5,34.5,21.5,14.2,6.8
230,3.810,0.000,85.6,176.7,-0.0,3,17308,1.000,0.000,0.001,-0.190,0.020,123.6,3.6,0,-1.09,-0.850,131.2,315.1,1.000,10.3,23.3,37.9,69.8,145.1,136.4,131.6,127.1,123.6,119.8,115.5,110.3,98.4,76.7,54.3,34.3,21.4,14.1,6.7
231,3.832,0.000,86.6,177.6,-0.0,3,17357,1.000,0.000,0.001,-0.194,0.020,122.6,3.5,0,-1.09,-0.850,130.0,313.6,1.000,10.3,23.3,38.0,70.0,143.9,135.2,130.5,126.0,122.6,118.7,114.5,109.4,98.1,76.5,54.1,34.2,21.3,14.1,6.7
232,3.854,0.000,87.7,178.6,-0.0,3,17406,1.000,0.000,0.001,-0.198,0.020,121.5,3.3,0,-1.09,-0.850,128.9,312.0,1.000,10.4,23.4,38.1,70.1,142.6,134.0,129.4,124.9,121.5,117.7,113.5,108.5,97.7,76.3,54.0,34.1,21.2,14.0,6.7
233,3.876,0.000,88.8,179.5,-0.0,3,17457,1.000,0.000,0.001,-0.201,0.019,120.4,3.2,0,-1.09,-0.850,127.7,310.5,1.000,10.4,23.5,38.2,70.3,141.4,132.9,128.2,123.8,120.4,116.7,112.5,107.6,97.2,76.1,53.8,34.0,21.1,13.9,6.6
234,3.898,0.000,89.9,180.4,-0.0,3,17506,1.000,0.000,0.001,-0.205,0.019,119.3,3.1,0,-1.10,-0.850,126.5,308.9,1.000,10.4,23.5,38.3,70.4,140.2,131.7,127.1,122.7,119.3,115.6,111.5,106.7,96.7,75.9,53.6,33.8,21.0,13.9,6.6
235,3.920,0.000,91.0,181.4,-0.0,3,17554,1.000,0.000,0.001,-0.208,0.019,118.2,2.9,0,-1.10,-0.850,125.3,307.3,1.000,10.5,23.6,38.3,70.5,138.9,130.5,125.9,121.6,118.2,114.6,110.5,105.7,96.2,75.6,53.4,33.7,21.0,13.8,6.6
236,3.942,0.000,92.1,182.3,-0.0,3,17604,1.000,0.000,0.001,-0.212,0.019,117.1,2.8,0,-1.11,-0.850,124.1,305.7,1.000,10.5,23.7,38.4,70.7,137.6,129.3,124.8,120.4,117.1,113.5,109.5,104.8,95.6,75.4,53.3,33.6,20.9,13.8,6.6
237,3.964,0.000,93.3,183.2,-0.0,3,17654,1.000,0.000,0.001,-0.216,0.019,116.0,2.6,0,-1.11,-0.850,122.9,304.1,1.000,10.5,23.7,38.5,70.8,136.4,128.1,123.6,119.3,116.0,112.4,108.4,103.8,94.9,75.2,53.1,33.5,20.8,13.7,6.5
238,3.986,0.000,94.4,184.2,-0.0,3,17704,1.000,0.000,0.001,-0.219,0.019,114.9,2.5,0,-1.11,-0.850,121.7,302.5,1.000,10.5,23.8,38.6,70.9,135.1,126.9,122.4,118.2,114.9,111.3,107.4,102.9,94.3,75.0,52.9,33.3,20.7,13.6,6.5
239,4.008,0.000,95.5,185.1,-0.0,3,17755,1.000,0.000,0.001,-0.223,0.019,113.8,2.4,0,-1.12,-0.850,120.5,300.8,1.000,10.6,23.8,38.7,71.1,133.8,125.7,121.2,117.0,113.8,110.3,106.4,101.9,93.6,74.8,52.7,33.2,20.6,13.6,6.5
240,4.030,0.000,96.6,186.0,-0.1,3,17805,1.000,0.000,0.001,-0.226,0.019,112.6,2.3,0,-1.12,-0.850,119.2,299.1,1.000,10.6,23.9,38.8,71.2,132.5,124.5,120.0,115.9,112.6,109.2,105.3,101.0,92.9,74.6,52.6,33.1,20.5,13.5,6.4
241,4.052,0.000,97.8,187.0,-0.1,3,17857,1.000,0.000,0.001,-0.230,0.019,111.5,2.1,0,-1.13,-0.850,118.0,297.5,1.000,10.6,24.0,38.9,71.3,131.2,123.2,118.8,114.7,111.5,108.1,104.3,100.0,92.1,74.4,52.4,33.0,20.4,13.5,6.4
242,4.074,0.000,98.9,187.9,-0.1,3,17920,1.000,0.000,0.001,-0.234,0.018,110.4,2.0,0,-1.14,-0.850,116.8,295.7,1.000,10.7,24.0,39.0,71.4,129.9,122.0,117.6,113.5,110.4,107.0,103.2,99.0,91.4,74.2,52.2,32.8,20.4,13.4,6.4
243,4.096,0.000,100.1,188.8,-0.1,3,18000,1.000,0.000,0.001,-0.237,0.018,109.2,1.8,0,-1.14,-0.850,115.5,294.0,1.000,10.7,24.1,39.1,71.6,128.6,120.8,116.4,112.4,109.2,105.9,102.2,98.0,90.6,74.0,52.0,32.7,20.3,13.4,6.4
244,4.118,0.000,101.2,189.7,-0.1,3,18081,1.000,0.000,0.001,-0.241,0.018,108.1,1.7,0,-1.15,-0.850,114.3,292.3,1.000,10.7,24.1,39.2,71.7,127.3,119.5,115.2,111.2,108.1,104.8,101.1,97.0,89.8,73.8,51.8,32.6,20.2,13.3,6.3
245,4.140,0.000,102.4,190.6,-0.1,3,18162,1.000,0.000,0.001,-0.244,0.018,106.9,1.6,0,-1.15,-0.850,113.0,290.5,1.000,10.8,24.2,39.2,71.8,126.0,118.2,114.0,110.0,106.9,103.6,100.1,96.0,89.0,73.5,51.7,32.4,20.1,13.2,6.3
246,4.162,0.000,103.6,191.5,-0.1,3,18243,1.000,0.000,0.001,-0.248,0.018,105.8,1.5,0,-1.16,-0.850,111.8,288.7,1.000,10.8,24.3,39.3,72.0,124.6,117.0,112.8,108.8,105.8,102.5,99.0,95.0,88.2,73.3,51.5,32.3,20.0,13.2,6.3
247,4.184,0.000,104.7,192.4,-0.1,3,18324,1.000,0.000,0.001,-0.251,0.018,104.6,1.4,0,-1.17,-0.850,110.5,286.9,1.000,10.8,24.3,39.4,72.1,123.3,115.7,111.5,107.6,104.6,101.4,97.9,94.0,87.3,73.1,51.3,32.2,19.9,13.1,6.2
248,4.206,0.000,105.9,193.3,-0.1,3,18402,1.000,0.000,0.001,-0.255,0.018,103.4,1.2,0,-1.17,-0.850,109.3,285.1,1.000,10.8,24.4,39.5,72.2,121.9,114.4,110.3,106.4,103.4,100.2,96.8,93.0,86.5,72.9,51.1,32.1,19.9,13.1,6.2
249,4.228,0.000,107.1,194.2,-0.1,3,18480,1.000,0.000,0.001,-0.258,0.018,102.2,1.1,0,-1.18,-0.850,108.0,283.2,1.000,10.9,24.4,39.6,72.3,120.6,113.2,109.0,105.2,102.2,99.1,95.7,91.9,85.6,72.7,51.0,31.9,19.8,13.0,6.2
250,4.250,0.000,108.3,195.1,-0.1,3,18559,1.000,0.000,0.001,-0.262,0.018,101.0,0.9,0,-1.19,-0.850,106.7,281.3,1.000,10.9,24.5,39.7,72.5,119.2,111.9,107.8,104.0,101.0,97.9,94.6,90.9,84.7,72.5,50.8,31.8,19.7,12.9,6.2
251,4.272,0.000,109.5,196.0,-0.1,3,18639,1.000,0.000,0.001,-0.265,0.017,99.9,0.8,0,-1.20,-0.850,105.4,279.4,1.000,10.9,24.6,39.8,72.6,117.9,110.6,106.5,102.7,99.9,96.8,93.5,89.9,83.8,72.3,50.6,31.7,19.6,12.9,6.1
252,4.294,0.000,110.7,196.9,-0.1,3,18719,1.000,0.000,0.002,-0.269,0.017,98.7,0.8,0,-1.21,-0.850,104.1,277.5,1.000,11.0,24.6,39.9,72.7,116.5,109.3,105.2,101.5,98.7,95.6,92.4,88.8,82.9,72.0,50.4,31.6,19.5,12.8,6.1
253,4.316,0.000,111.9,197.8,-0.1,3,18799,1.000,0.000,0.001,-0.273,0.017,97.5,0.6,0,-1.21,-0.850,102.8,275.6,1.000,11.0,24.7,39.9,72.8,115.1,108.0,104.0,100.3,97.5,94.5,91.3,87.8,82.0,71.9,50.3,31.4,19.4,12.8,6.1
254,4.338,0.000,113.1,198.7,-0.1,3,18877,1.000,0.000,0.001,-0.276,0.017,96.3,0.5,0,-1.22,-0.850,101.5,273.7,1.000,11.0,24.7,40.0,73.1,113.7,106.7,102.7,99.0,96.3,93.3,90.2,86.7,81.1,71.7,50.1,31.3,19.4,12.7,6.0
255,4.360,0.000,114.3,199.6,-0.1,3,18947,1.000,0.000,0.002,-0.280,0.017,95.1,0.3,0,-1.24,-0.850,100.2,271.7,1.000,11.0,24.8,40.1,73.9,112.4,105.3,101.4,97.8,95.1,92.1,89.0,85.7,80.2,71.3,49.9,31.2,19.3,12.7,6.0
256,4.382,0.000,115.6,200.5,-0.1,3,19018,1.000,0.000,0.022,-0.283,0.017,93.8,-0.0,0,-1.82,-0.850,98.9,292.9,1.000,11.1,24.9,40.2,127.7,111.0,104.0,100.2,96.6,93.8,91.0,87.9,84.6,79.3,70.9,49.8,31.1,19.2,12.6,6.0
257,4.404,0.000,116.8,201.3,-0.1,3,19089,1.000,0.000,0.017,-0.286,0.016,92.9,-0.2,0,-1.82,-0.850,97.6,291.1,1.000,11.1,24.8,40.1,126.4,109.8,102.9,99.1,95.5,92.9,90.1,87.1,83.9,78.7,71.0,50.1,31.1,19.2,12.6,6.0
258,4.426,0.000,118.0,202.2,-0.2,3,19162,1.000,0.000,0.009,-0.290,0.014,92.1,-0.4,0,-1.80,-0.850,96.3,289.7,1.000,11.1,24.8,39.8,125.4,108.8,102.0,98.2,94.8,92.1,89.4,86.5,83.4,78.5,71.4,50.9,31.4,19.2,12.6,5.9
259,4.448,0.000,119.3,203.0,-0.4,3,19233,1.000,0.000,0.001,-0.293,0.012,91.3,-0.6,0,-1.78,-0.850,94.9,288.2,1.000,11.1,24.7,39.6,124.3,107.8,101.0,97.3,93.9,91.3,88.6,85.8,82.8,78.1,71.5,51.6,31.6,19.3,12.6,5.9
260,4.470,0.000,120.5,203.9,-0.4,3,19303,1.000,0.000,-0.003,-0.296,0.012,90.3,-0.8,0,-1.77,-0.850,93.6,286.4,1.000,11.1,24.7,39.5,122.9,106.6,99.9,96.2,92.8,90.3,87.7,84.9,81.9,77.4,71.1,52.0,31.7,19.3,12.6,5.9
261,4.492,0.000,121.7,204.7,-0.4,3,19370,1.000,0.000,-0.004,-0.298,0.011,89.1,-1.0,0,-1.78,-0.850,92.3,284.2,1.000,11.1,24.7,39.6,121.3,105.1,98.5,94.9,91.6,89.1,86.5,83.8,80.9,76.4,70.4,52.0,31.6,19.2,12.5,5.9
262,4.514,0.000,123.0,205.5,-0.3,3,19434,1.000,0.000,-0.003,-0.301,0.012,87.7,-1.3,0,-1.78,-0.850,90.9,281.8,1.000,11.2,24.8,39.7,119.5,103.6,97.1,93.5,90.2,87.7,85.2,82.5,79.6,75.2,69.4,51.6,31.5,19.1,12.5,5.9
263,4.536,0.000,124.3,206.3,-0.2,3,19501,1.000,0.000,-0.000,-0.304,0.012,86.3,-1.5,0,-1.79,-0.850,89.6,279.2,1.000,11.2,24.9,39.9,117.7,102.0,95.6,92.0,88.8,86.3,83.8,81.1,78.3,74.0,68.3,51.2,31.2,19.0,12.4,5.8
264,4.558,0.000,125.5,206.5,-0.1,4,15794,1.000,0.000,0.002,-0.306,0.012,84.9,-15.0,0,-1.80,-0.850,88.3,276.6,1.000,11.2,25.0,40.0,115.9,100.5,94.1,90.6,87.3,84.9,82.4,79.8,77.0,72.8,67.2,50.8,31.0,18.9,12.3,5.8
265,4.580,0.000,126.8,206.8,-0.0,4,16051,1.000,0.000,0.003,-0.309,0.012,83.6,-4.3,0,-1.80,-0.850,86.9,274.2,1.000,11.2,25.0,40.1,114.1,99.0,92.7,89.2,86.0,83.6,81.1,78.5,75.8,71.7,66.3,50.5,30.9,18.8,12.3,5.8
266,4.602,0.000,128.0,207.4,-0.0,4,16258,1.000,0.000,0.003,-0.312,0.012,82.3,-3.9,0,-1.81,-0.850,85.6,271.8,1.000,11.3,25.1,40.2,112.4,97.5,91.3,87.8,84.7,82.3,79.9,77.4,74.7,70.7,65.4,50.4,30.8,18.8,12.3,5.8
267,4.624,0.000,129.3,208.1,-0.0,4,16415,1.000,0.000,0.152,-0.314,0.012,81.1,-4.0,0,-1.81,0.000,84.2,269.5,1.000,11.3,25.1,40.2,110.8,96.1,89.9,86.5,83.4,81.1,78.7,76.2,73.6,69.7,64.6,50.4,30.8,18.7,12.2,5.7
268,4.646,0.000,130.6,208.7,0.1,4,16536,1.000,0.000,0.131,-0.317,0.008,80.8,-3.7,0,-1.76,0.000,82.9,268.9,1.000,11.3,24.8,39.5,110.4,95.5,89.5,86.1,83.1,80.8,78.5,76.1,73.6,69.9,65.2,52.8,31.6,19.0,12.3,5.8
269,4.668,0.000,131.9,209.3,-0.8,4,16630,1.000,0.000,0.081,-0.318,-0.002,82.0,-3.6,0,-1.65,0.000,82.0,271.1,1.000,11.2,24.2,37.7,112.0,96.5,90.3,87.1,84.1,82.0,79.8,77.5,75.2,71.7,67.5,57.8,34.1,19.9,12.6,5.8
270,4.690,0.000,133.1,209.9,-1.9,4,16707,1.000,0.000,0.027,-0.318,-0.012,83.2,-3.6,0,-1.56,0.000,83.2,273.9,1.000,11.0,23.4,35.9,113.9,97.7,91.2,88.1,85.3,83.2,81.1,79.0,76.8,73.5,69.6,61.3,37.4,20.9,13.0,5.9
271,4.712,0.000,134.4,210.5,-2.7,4,16770,1.000,0.000,-0.034,-0.317,-0.020,83.7,-3.6,0,-0.86,0.000,83.7,250.5,1.000,11.0,22.9,34.7,59.9,98.1,91.5,88.4,85.7,83.7,81.6,79.6,77.4,74.4,70.7,63.0,40.2,21.8,13.4,5.9
272,4.734,0.000,135.7,211.1,-2.7,4,16818,1.000,0.000,-0.024,-0.315,-0.022,82.8,-4.0,0,-1.49,0.000,82.8,274.0,1.000,10.9,22.8,34.3,114.0,97.2,90.6,87.5,84.8,82.8,80.9,78.8,76.7,73.7,70.2,62.8,41.3,22.1,13.5,5.9
273,4.756,0.000,137.0,211.7,-2.0,4,16858,1.000,0.000,-0.016,-0.313,-0.021,81.1,-4.3,0,-1.50,0.000,81.1,270.5,1.000,10.9,22.8,34.5,111.5,95.2,88.8,85.7,83.1,81.1,79.2,77.1,75.1,72.1,68.6,61.4,40.7,22.0,13.5,6.0
274,4.778,0.000,138.3,212.4,-1.1,4,16894,1.000,0.000,-0.003,-0.310,-0.018,79.2,-4.6,0,-1.51,0.000,79.2,266.5,1.000,10.9,22.9,34.8,108.8,93.0,86.7,83.7,81.1,79.2,77.2,75.3,73.2,70.3,66.8,59.7,39.9,21.8,13.4,6.0
275,4.800,0.000,139.6,213.0,-0.5,4,16924,1.000,0.000,0.006,-0.307,-0.016,77.4,-4.7,0,-1.52,0.000,77.4,262.8,1.000,10.9,23.0,35.0,106.3,90.9,84.8,81.9,79.3,77.4,75.5,73.5,71.5,68.6,65.2,58.3,39.3,21.7,13.4,6.0
276,4.822,0.000,140.9,213.6,-0.2,4,16954,1.000,0.000,0.010,-0.304,-0.015,75.9,-4.7,0,-1.52,0.000,75.9,259.7,1.000,10.9,23.0,35.1,104.2,89.1,83.2,80.3,77.8,75.9,74.0,72.1,70.1,67.3,63.9,57.2,39.2,21.7,13.4,6.0
277,4.844,0.000,142.2,214.2,-0.1,4,16982,1.000,0.000,0.009,-0.301,-0.016,74.6,-4.7,0,-1.52,0.000,74.6,257.1,1.000,10.9,22.9,35.0,102.4,87.6,81.8,79.0,76.4,74.6,72.7,70.8,68.9,66.1,62.9,56.4,39.5,21.8,13.5,6.0
278,4.866,0.000,143.5,214.9,-0.1,4,17011,1.000,0.000,0.004,-0.297,-0.016,73.4,-4.8,0,-1.51,0.000,73.4,254.7,1.000,10.8,22.8,34.8,100.8,86.2,80.5,77.7,75.2,73.4,71.6,69.7,67.8,65.1,62.0,55.7,39.9,22.0,13.6,6.1
279,4.888,0.000,144.8,215.5,-0.2,4,17038,1.000,0.000,-0.000,-0.294,-0.017,72.2,-4.8,0,-1.49,0.000,72.2,252.2,1.000,10.8,22.7,34.6,99.3,84.9,79.2,76.4,74.0,72.2,70.4,68.6,66.7,64.1,61.0,54.9,40.4,22.2,13.7,6.1
280,4.910,0.000,146.2,216.1,-0.2,4,17064,1.000,0.000,-0.003,-0.290,-0.018,70.9,-5.0,0,-1.49,0.000,70.9,249.6,1.000,10.8,22.6,34.4,97.6,83.4,77.8,75.1,72.7,70.9,69.2,67.4,65.6,63.0,60.0,54.1,40.5,22.3,13.8,6.1
281,4.932,0.000,147.5,216.7,-0.2,4,17088,1.000,0.000,-0.003,-0.286,-0.018,69.6,-5.1,0,-1.48,0.000,69.6,246.7,1.000,10.7,22.6,34.3,95.7,81.8,76.3,73.7,71.3,69.6,67.9,66.1,64.3,61.8,58.9,53.2,40.3,22.4,13.9,6.2
282,4.954,0.000,148.8,217.3,-0.1,4,17115,1.000,0.000,-0.002,-0.283,-0.017,68.2,-5.1,0,-1.48,0.000,68.2,243.7,1.000,10.7,22.5,34.2,93.8,80.2,74.8,72.2,69.9,68.2,66.5,64.8,63.0,60.6,57.7,52.2,40.0,22.5,13.9,6.2
283,4.976,0.000,150.1,217.9,-0.0,4,17141,1.000,0.000,-0.001,-0.279,-0.017,66.7,-5.1,0,-1.48,0.000,66.7,240.5,1.000,10.7,22.5,34.2,91.8,78.5,73.3,70.7,68.4,66.7,65.1,63.4,61.7,59.3,56.5,51.2,39.6,22.6,14.0,6.2
284,4.998,0.000,151.5,218.5,0.0,4,17167,1.000,0.000,-0.000,-0.275,-0.017,65.3,-5.2,0,-1.49,0.000,65.3,237.4,1.000,10.6,22.4,34.1,89.9,76.9,71.7,69.2,66.9,65.3,63.7,62.0,60.4,58.1,55.3,50.2,39.2,22.7,14.0,6.3
285,5.020,0.000,152.8,219.1,0.0,4,17192,1.000,0.000,0.000,-0.272,-0.017,63.9,-5.2,0,-1.49,0.000,63.9,234.2,1.000,10.6,22.4,34.2,88.0,75.2,70.2,67.7,65.5,63.9,62.3,60.7,59.1,56.8,54.2,49.2,38.7,22.8,14.1,6.3
286,5.042,0.000,154.2,219.7,0.0,4,17217,1.000,0.000,0.000,-0.268,-0.016,62.5,-5.4,0,-1.49,0.000,62.5,231.1,1.000,10.6,22.3,34.3,86.1,73.6,68.7,66.3,64.1,62.5,61.0,59.4,57.8,55.6,53.0,48.2,38.2,22.9,14.2,6.3
287,5.064,0.000,155.5,220.3,0.0,4,17240,1.000,0.000,0.000,-0.264,-0.016,61.2,-5.5,0,-1.50,0.000,61.2,227.9,1.000,10.6,22.2,34.6,84.2,72.0,67.2,64.8,62.7,61.2,59.6,58.1,56.5,54.4,51.9,47.2,37.7,23.0,14.2,6.3
288,5.086,0.000,156.8,220.9,0.0,4,17265,1.000,0.000,0.000,-0.260,-0.016,59.8,-5.5,0,-1.51,0.000,59.8,224.7,1.000,10.5,22.2,35.2,82.4,70.4,65.7,63.4,61.3,59.8,58.3,56.8,55.3,53.2,50.7,46.2,37.1,23.1,14.3,6.4
289,5.108,0.000,158.2,221.5,0.0,4,17289,0.000,0.000,0.001,-0.257,-0.016,58.4,-5.5,0,-1.53,0.000,58.4,221.4,1.000,10.5,22.1,36.1,80.5,68.8,64.2,61.9,59.9,58.4,56.9,55.5,54.0,51.9,49.6,45.2,36.5,23.3,14.4,6.4
290,5.130,0.000,159.6,221.3,0.0,4,16778,0.000,0.048,0.001,-0.253,-0.016,57.0,-18.8,0,-1.57,0.000,57.0,218.1,0.693,10.5,22.0,38.0,78.6,67.2,62.7,60.5,58.4,57.0,55.6,54.2,52.7,50.7,48.5,44.2,35.9,23.4,14.5,6.4
291,5.152,0.000,160.9,220.6,-0.0,4,16256,0.743,0.000,0.201,-0.249,-0.017,55.7,-17.8,0,-3.58,0.284,55.7,242.4,0.743,10.4,22.0,107.9,76.8,65.7,61.3,59.0,57.1,55.7,54.3,52.9,51.5,49.6,47.3,43.3,35.3,23.5,14.5,6.5
292,5.174,0.000,162.2,220.5,0.1,4,16555,0.793,0.000,0.344,-0.245,-0.022,55.1,-8.5,0,-3.58,0.283,55.1,242.3,0.793,10.3,21.6,107.8,76.2,65.0,60.6,58.4,56.4,55.1,53.7,52.3,51.0,49.1,47.0,43.0,35.4,24.2,14.9,6.5
293,5.196,0.000,163.6,220.7,-1.1,4,16801,0.000,0.070,0.200,-0.239,-0.036,55.9,-6.2,0,-1.44,0.259,55.9,217.1,0.548,10.2,20.7,36.1,78.0,66.0,61.4,59.2,57.3,55.9,54.6,53.2,51.9,50.1,48.0,44.1,36.6,25.7,15.7,6.7
294,5.218,0.000,164.9,220.2,-3.2,4,16211,0.598,0.000,0.156,-0.231,-0.056,57.5,-15.7,0,-1.29,0.340,57.5,223.5,0.598,9.9,19.6,31.1,81.7,68.3,63.2,60.7,58.8,57.5,56.1,54.8,53.5,51.7,49.6,45.8,38.5,27.7,16.9,6.9
295,5.240,0.000,166.3,219.8,-5.2,4,16446,0.648,0.000,0.103,-0.221,-0.075,59.0,-9.2,0,-1.21,0.399,59.0,231.0,0.648,9.7,18.5,28.0,86.0,70.9,65.2,62.6,60.5,59.0,57.7,56.4,55.1,53.3,51.2,47.5,40.2,29.5,18.4,7.2
296,5.262,0.000,167.6,219.8,-6.7,4,16654,0.698,0.000,0.058,-0.209,-0.092,60.4,-8.2,0,-1.17,0.447,60.4,238.0,0.698,9.4,17.6,25.9,90.3,73.4,67.1,64.2,61.9,60.4,58.9,57.5,56.2,54.4,52.4,48.7,41.6,30.9,19.8,7.4
297,5.284,0.000,169.0,219.9,-7.4,4,16806,0.748,0.000,0.005,-0.194,-0.105,61.1,-7.5,0,-1.16,0.441,61.1,242.9,0.748,9.2,17.0,24.6,93.3,75.0,68.3,65.2,62.8,61.1,59.6,58.1,56.7,54.9,52.9,49.3,42.3,31.8,20.8,7.7
298,5.306,0.000,170.3,220.1,-7.1,4,16919,0.798,0.000,-0.042,-0.178,-0.112,60.9,-7.4,0,-1.17,0.398,60.9,244.3,0.798,9.0,16.5,24.0,94.2,75.1,68.3,65.1,62.6,60.9,59.4,57.9,56.4,54.6,52.6,49.0,42.2,32.1,21.4,7.9
299,5.328,0.000,171.7,220.5,-5.9,4,17002,0.848,0.000,-0.063,-0.159,-0.112,59.5,-7.6,0,-1.16,0.351,59.5,240.9,0.848,8.9,16.3,24.2,92.0,73.4,66.7,63.6,61.1,59.5,58.0,56.5,55.1,53.3,51.3,47.9,41.3,31.6,21.4,8.1
300,5.350,0.000,173.0,220.9,-3.9,4,17072,0.898,0.000,-0.038,-0.139,-0.107,57.1,-7.6,0,-1.15,0.346,57.1,233.4,0.898,8.8,16.3,25.5,87.5,70.1,63.9,61.0,58.7,57.1,55.6,54.3,53.0,51.2,49.4,46.0,39.7,30.5,21.0,8.2
301,5.372,0.000,174.3,221.4,-1.9,4,17142,0.948,0.000,0.039,-0.119,-0.100,54.5,-7.1,0,-1.16,0.422,54.5,225.1,0.948,8.7,16.5,28.0,82.6,66.6,60.8,58.1,56.0,54.5,53.2,51.9,50.6,49.0,47.3,44.0,38.0,29.4,20.5,8.4
302,5.394,0.000,175.7,221.9,-0.5,4,17214,0.998,0.000,0.218,-0.098,-0.097,52.6,-6.3,0,-4.32,0.515,52.6,289.3,0.998,8.5,16.5,131.6,79.2,64.1,58.6,56.0,53.9,52.6,51.3,50.0,48.9,47.3,45.6,42.5,36.7,28.5,20.2,8.5
303,5.416,0.000,177.0,222.4,-0.1,4,17289,1.000,0.000,0.158,-0.076,-0.101,51.8,-4.7,0,-4.41,0.423,51.8,291.7,1.000,8.3,16.3,132.3,78.6,63.3,57.8,55.2,53.2,51.8,50.5,49.3,48.1,46.6,44.9,41.9,36.3,28.4,20.3,8.8
304,5.438,0.000,178.4,223.0,-1.2,4,17338,0.000,0.000,0.069,-0.052,-0.112,52.2,-4.6,0,-4.70,0.338,52.2,221.9,1.000,8.1,15.8,141.6,80.7,64.4,58.5,55.8,53.6,52.2,50.8,49.6,48.3,46.7,45.0,42.1,36.5,28.7,20.8,9.1
305,5.460,0.000,179.8,222.7,-2.5,4,16818,1.000,0.000,0.072,-0.028,-0.124,52.7,-18.8,0,-5.06,0.432,52.7,226.4,1.000,7.8,15.3,153.5,83.4,65.6,59.3,56.5,54.2,52.7,51.3,49.9,48.6,47.0,45.2,42.2,36.8,29.0,21.2,9.4
306,5.482,0.000,181.1,222.8,-3.3,4,17105,1.000,0.000,-0.068,-0.001,-0.134,52.9,-4.8,0,-1.28,0.508,52.9,230.0,1.000,7.6,14.9,30.4,85.4,66.4,59.9,56.9,54.5,52.9,51.4,50.0,48.7,47.0,45.2,42.1,36.8,29.2,21.4,9.7
307,5.504,0.000,182.5,223.4,-3.8,4,17281,1.000,0.000,0.093,0.026,-0.138,52.2,-4.7,0,-5.59,0.568,52.2,229.4,1.000,7.4,14.8,168.2,85.1,65.8,59.2,56.2,53.8,52.2,50.7,49.3,48.0,46.3,44.4,41.4,36.2,28.8,21.3,9.8
308,5.526,0.000,183.8,224.0,-2.5,4,17361,1.000,0.000,0.115,0.054,-0.139,50.9,-4.9,0,-5.62,0.617,50.9,225.9,1.000,7.2,14.9,165.0,83.1,64.2,57.7,54.7,52.4,50.9,49.4,48.0,46.8,45.1,43.3,40.3,35.3,28.2,21.0,10.0
309,5.548,0.000,185.2,224.5,-2.3,4,17410,1.000,0.000,0.180,0.083,-0.132,50.5,-4.9,0,-5.91,0.655,50.5,227.0,1.000,7.1,14.8,172.8,83.7,64.1,57.4,54.4,52.1,50.5,49.0,47.6,46.3,44.6,42.8,39.8,34.9,28.0,21.0,10.1
310,5.570,0.000,186.6,225.0,-2.6,4,17430,1.000,0.000,0.242,0.110,-0.126,50.9,-5.2,0,-6.47,0.686,50.9,232.2,1.000,6.9,14.5,192.9,86.7,65.4,58.3,55.1,52.6,50.9,49.4,47.9,46.6,44.8,42.9,39.8,34.8,28.1,21.2,10.3
311,5.592,0.000,187.9,225.5,-3.4,4,17457,1.000,0.000,0.266,0.135,-0.125,52.2,-4.4,0,-6.55,0.711,52.2,242.2,1.000,6.7,14.0,200.0,92.9,68.2,60.3,56.8,54.0,52.2,50.6,49.0,47.5,45.6,43.6,40.3,35.1,28.4,21.5,10.5
312,5.614,0.000,189.3,225.9,-4.6,4,17491,1.000,0.000,0.230,0.160,-0.127,54.4,-3.2,0,-6.37,0.663,54.4,257.5,1.000,6.5,13.5,200.0,102.7,72.7,63.5,59.5,56.4,54.4,52.5,50.8,49.1,47.0,44.8,41.3,35.6,28.8,21.9,10.7
313,5.636,0.000,190.7,226.3,-5.7,4,17498,1.000,0.000,0.148,0.183,-0.128,56.9,-3.8,0,-6.18,0.530,56.9,276.4,1.000,6.3,12.9,200.0,115.7,78.2,67.4,62.8,59.2,56.9,54.8,52.9,51.0,48.7,46.3,42.3,36.3,29.3,22.2,11.0
314,5.658,0.000,192.1,226.6,-6.4,4,17530,1.000,0.000,-0.050,0.207,-0.127,59.5,-3.8,0,-2.15,0.424,59.5,297.4,1.000,6.1,12.5,26.1,131.2,84.1,71.4,66.1,62.0,59.5,57.1,54.9,52.9,50.3,47.6,43.4,36.8,29.6,22.5,11.1
315,5.680,0.000,193.5,227.1,-7.0,4,17557,1.000,0.000,-0.060,0.228,-0.121,60.6,-5.0,0,-2.46,0.339,60.6,311.6,1.000,6.0,12.4,36.3,142.3,87.6,73.5,67.8,63.4,60.6,58.1,55.8,53.6,50.9,48.1,43.6,36.8,29.4,22.5,11.3
316,5.702,0.000,194.9,227.7,-5.5,4,17549,1.000,0.000,0.104,0.248,-0.103,58.6,-6.2,0,-6.02,0.271,58.6,371.9,1.000,5.9,12.7,195.3,136.1,84.3,70.9,65.4,61.2,58.6,56.1,53.9,51.8,49.2,46.5,42.2,35.7,28.5,22.0,11.2
317,5.724,0.000,196.3,228.3,-3.1,4,17572,1.000,0.000,0.167,0.265,-0.084,56.2,-5.6,0,-6.31,0.217,56.2,376.8,1.000,5.9,13.2,200.0,128.0,80.4,67.8,62.6,58.7,56.2,53.9,51.7,49.8,47.3,44.7,40.7,34.4,27.6,21.4,11.2
318,5.746,0.000,197.8,228.8,-2.2,4,17598,1.000,0.000,0.190,0.281,-0.071,55.7,-5.0,0,-6.37,0.163,55.7,376.8,1.000,5.8,13.5,200.0,130.0,80.3,67.5,62.2,58.2,55.7,53.3,51.2,49.2,46.7,44.2,40.1,33.9,27.0,21.0,11.1
319,5.768,0.000,199.2,229.3,-2.5,4,17631,1.000,0.000,0.086,0.294,-0.063,56.7,-4.4,0,-4.17,0.067,56.7,310.8,1.000,5.8,13.5,112.8,141.6,83.6,69.4,63.7,59.4,56.7,54.2,52.0,49.9,47.2,44.5,40.3,33.8,26.9,20.9,11.2
320,5.790,0.000,200.6,229.8,-3.3,4,17663,1.000,0.000,0.052,0.305,-0.057,58.4,-4.6,0,-3.51,0.017,58.4,235.2,1.000,5.7,13.6,73.4,160.1,88.6,72.5,66.1,61.4,58.4,55.7,53.2,51.0,48.1,45.3,40.7,34.0,26.8,20.8,11.2
321,5.812,0.000,202.0,230.3,-3.9,4,17705,1.000,0.000,0.089,0.314,-0.049,59.5,-4.2,0,-3.60,0.034,59.5,239.5,1.000,5.7,13.9,62.7,178.5,92.7,74.8,67.8,62.7,59.5,56.7,54.0,51.7,48.7,45.7,40.9,34.0,26.6,20.6,11.2
322,5.834,0.000,203.5,230.8,-3.9,4,17712,1.000,0.000,0.134,0.320,-0.039,60.3,-4.3,0,-3.82,0.041,60.3,241.7,1.000,5.7,14.3,58.6,197.4,96.2,76.6,69.1,63.7,60.3,57.3,54.6,52.1,48.9,45.8,40.9,33.8,26.3,20.3,11.1
323,5.856,0.000,204.9,231.3,-3.9,4,17757,1.000,0.000,0.164,0.324,-0.030,61.5,-3.1,0,-3.78,0.037,61.5,246.2,1.000,5.7,14.9,54.6,200.0,101.1,79.2,71.0,65.2,61.5,58.3,55.4,52.8,49.5,46.2,41.1,33.7,26.1,20.0,11.1
324,5.878,0.000,206.4,231.8,-4.3,4,17795,1.000,0.000,0.176,0.326,-0.023,63.8,-2.4,0,-3.66,0.022,63.8,252.6,1.000,5.7,15.4,49.8,200.0,109.3,83.7,74.4,67.8,63.8,60.2,57.0,54.2,50.6,47.1,41.7,33.9,26.1,19.9,11.0
325,5.900,0.000,207.8,232.3,-4.7,4,17791,1.000,0.000,0.184,0.326,-0.016,66.6,-2.6,0,-3.54,0.001,66.6,364.8,1.000,5.8,15.9,45.8,200.0,120.6,89.5,78.7,71.2,66.6,62.6,59.1,56.0,52.1,48.3,42.5,34.3,26.1,19.7,11.0
326,5.922,0.000,209.3,232.6,-5.4,4,17918,1.000,0.000,0.094,0.324,-0.010,70.6,-0.0,0,-3.41,-0.128,70.6,359.2,1.000,5.8,16.2,42.2,200.0,137.7,97.8,84.7,75.9,70.6,66.0,62.0,58.5,54.1,49.9,43.6,34.8,26.2,19.6,10.9
327,5.944,0.000,210.7,233.1,-6.1,4,17913,1.000,0.000,-0.005,0.319,-0.003,75.0,-1.0,0,-3.30,-0.303,75.0,353.7,1.000,5.9,16.5,39.7,200.0,159.9,107.6,91.6,81.1,75.0,69.7,65.2,61.1,56.3,51.6,44.7,35.3,26.3,19.6,10.8
328,5.966,0.000,212.2,233.7,-6.2,4,17959,1.000,0.000,-0.068,0.312,0.008,77.0,-2.0,0,-3.28,-0.470,82.8,352.6,1.000,6.0,17.0,39.5,200.0,174.7,113.1,95.3,83.7,77.0,71.3,66.4,62.2,57.1,52.2,45.0,35.3,26.1,19.3,10.6
329,5.988,0.000,213.7,234.2,-5.6,4,18031,1.000,0.000,-0.010,0.303,0.025,75.1,-0.9,0,-3.36,-0.470,97.4,352.6,1.000,6.3,18.0,41.7,200.0,170.4,110.3,92.9,81.6,75.1,69.6,64.8,60.7,55.7,50.9,43.9,34.4,25.5,18.8,10.4
330,6.010,0.000,215.1,234.9,-3.8,4,17972,1.000,0.000,0.077,0.290,0.045,70.8,-3.3,0,-3.53,-0.470,122.7,352.6,1.000,6.5,19.3,45.8,200.0,153.8,102.3,86.8,76.7,70.8,65.7,61.4,57.5,52.9,48.5,41.9,33.1,24.6,18.2,10.1
331,6.032,0.000,216.6,235.3,-2.3,4,18136,1.000,0.000,0.160,0.273,0.064,67.9,-0.5,0,-3.67,-0.470,67.9,352.6,1.000,6.8,20.4,49.2,200.0,144.6,97.4,82.9,73.4,67.9,63.1,59.0,55.4,51.0,46.8,40.5,32.0,23.8,17.7,9.9
332,6.054,0.000,218.0,235.9,-1.9,4,18129,1.000,0.000,0.224,0.254,0.079,67.6,-0.8,0,-3.71,-0.470,67.6,352.6,1.000,7.1,21.1,50.0,200.0,147.4,97.8,83.0,73.3,67.6,62.8,58.6,54.9,50.5,46.3,40.0,31.5,23.4,17.4,9.7
333,6.076,0.000,219.5,236.5,-2.1,4,18112,1.000,0.000,0.272,0.232,0.090,69.6,-1.9,0,-3.65,-0.470,69.6,352.6,1.000,7.4,21.4,48.8,200.0,162.4,103.3,86.5,75.8,69.6,64.4,59.9,56.0,51.3,46.8,40.3,31.5,23.2,17.2,9.5
334,6.098,0.000,221.0,236.8,-3.3,4,18368,1.000,0.000,0.295,0.207,0.096,75.8,4.0,0,-3.48,-0.470,75.8,352.6,1.000,7.6,21.1,45.4,200.0,192.0,119.2,97.0,83.4,75.8,69.5,64.1,59.6,54.2,49.1,41.8,32.2,23.5,17.1,9.3
335,6.120,0.000,222.4,237.3,-5.0,4,18330,1.000,0.000,0.247,0.179,0.090,87.2,2.9,0,-2.72,-0.470,87.2,351.4,1.000,7.7,20.6,41.3,152.8,198.9,152.9,117.5,97.7,87.2,78.8,71.8,66.0,59.3,53.1,44.5,33.6,24.0,17.3,9.2
336,6.142,0.000,223.9,237.7,-6.7,4,18362,1.000,0.000,0.151,0.153,0.074,106.6,2.6,0,-2.04,-0.470,106.6,352.6,1.000,7.8,19.9,37.5,104.8,200.0,191.8,157.4,123.2,106.6,94.0,84.1,76.1,67.1,59.1,48.4,35.6,24.8,17.6,9.1
337,6.164,0.000,225.3,238.1,-8.5,4,18386,1.000,0.000,0.058,0.130,0.056,142.8,1.6,0,-1.57,-0.470,142.8,352.6,1.000,7.8,19.2,34.2,79.2,200.0,198.6,192.2,174.9,142.8,120.6,104.4,92.1,79.0,68.0,53.9,38.2,25.8,17.9,9.1
338,6.186,0.000,226.8,238.5,-9.7,4,18348,1.000,0.000,-0.022,0.108,0.041,186.5,-1.0,0,-1.22,-0.470,200.0,352.6,1.000,7.9,18.7,31.9,66.0,200.0,200.0,197.4,192.1,186.5,162.4,133.9,113.9,94.2,78.7,60.2,40.9,26.8,18.3,9.0
339,6.208,0.000,228.2,239.0,-9.6,4,18286,1.000,0.000,0.178,0.089,0.033,190.3,-3.9,0,-0.86,0.000,199.8,364.8,1.000,8.0,18.5,31.0,61.0,146.6,200.0,198.7,194.3,190.3,184.4,158.5,130.8,105.2,85.9,64.0,42.4,27.3,18.4,9.0
340,6.230,0.000,229.7,239.6,-7.7,4,18246,1.000,0.000,0.186,0.073,0.029,190.5,-4.7,0,-0.76,0.000,199.2,372.7,1.000,8.1,18.7,31.0,59.7,135.8,200.0,198.2,194.1,190.5,185.6,171.4,139.1,110.1,88.9,65.4,42.8,27.3,18.3,8.9
341,6.252,0.000,231.1,240.1,-6.1,4,18250,1.000,0.000,0.154,0.060,0.024,191.1,-5.1,0,-0.64,0.000,198.5,376.8,1.000,8.2,18.6,30.6,57.4,122.6,200.0,198.1,194.4,191.1,187.1,181.1,154.3,119.0,94.4,68.0,43.7,27.5,18.3,8.8
342,6.274,0.000,232.6,240.5,-5.1,4,18278,1.000,0.000,0.114,0.049,0.017,192.1,-5.7,0,-0.48,0.000,197.2,376.8,1.000,8.2,18.4,29.8,54.4,108.1,200.0,198.3,194.9,192.1,188.7,184.4,177.4,134.9,103.9,72.6,45.4,28.0,18.4,8.8
343,6.296,0.000,234.1,241.0,-4.7,4,18326,1.000,0.000,0.066,0.041,0.009,193.1,-5.9,0,-0.25,0.000,195.7,375.4,1.000,8.2,18.2,28.9,51.0,94.9,167.0,198.6,195.6,193.1,190.3,186.8,182.4,160.9,118.3,79.2,47.7,28.8,18.7,8.8
344,6.318,0.000,235.6,241.4,-4.6,4,18372,1.000,0.000,0.022,0.035,0.002,193.7,-6.1,0,-0.05,0.000,194.2,375.5,1.000,8.2,17.9,28.1,48.2,85.2,138.4,198.7,196.0,193.7,191.2,188.3,184.7,177.6,136.7,86.8,50.2,29.6,19.0,8.8
345,6.340,0.000,237.0,242.0,-4.3,4,18407,1.000,0.000,-0.007,0.030,-0.003,193.5,-6.4,0,0.06,0.000,193.5,374.9,1.000,8.2,17.7,27.6,46.6,79.9,124.7,198.2,195.6,193.5,191.1,188.4,185.3,179.5,152.4,92.7,52.0,30.2,19.2,8.8
346,6.362,0.000,238.5,242.5,-3.6,4,18435,1.000,0.000,-0.015,0.027,-0.004,192.2,-6.9,0,0.08,0.000,192.2,373.5,1.000,8.2,17.7,27.5,46.3,78.9,121.9,196.8,194.3,192.2,189.9,187.3,184.3,178.8,156.5,94.1,52.4,30.2,19.2,8.8
347,6.384,0.000,240.0,243.1,-2.5,4,18464,1.000,0.000,-0.008,0.025,-0.003,190.3,-7.2,0,0.05,0.000,190.3,371.4,1.000,8.3,17.8,27.8,46.9,80.7,126.1,195.0,192.4,190.3,188.0,185.3,182.2,176.5,150.5,91.8,51.6,30.0,19.0,8.7
348,6.406,0.000,241.5,243.6,-1.4,4,18498,1.000,0.000,0.004,0.023,-0.000,188.2,-7.4,0,-0.01,0.000,188.2,368.7,1.000,8.3,18.0,28.1,47.9,83.5,133.0,193.0,190.4,188.2,185.8,183.1,179.9,173.7,142.2,88.6,50.6,29.6,18.9,8.7
349,6.428,0.000,243.0,244.2,-0.7,4,18534,1.000,0.000,0.011,0.022,0.001,186.3,-7.6,0,-0.05,0.000,186.6,366.4,1.000,8.3,18.1,28.4,48.6,85.4,137.9,191.1,188.5,186.3,183.9,181.1,177.8,171.4,137.2,86.6,49.9,29.4,18.8,8.7
350,6.450,0.000,244.5,244.7,-0.4,4,18571,1.000,0.000,0.012,0.022,0.001,184.7,-7.7,0,-0.06,0.000,185.1,364.5,1.000,8.3,18.1,28.4,48.7,85.8,138.8,189.6,186.9,184.7,182.3,179.5,176.3,169.9,136.4,86.2,49.8,29.3,18.8,8.7
351,6.472,0.000,246.0,245.2,-0.3,4,18611,1.000,0.000,0.007,0.021,0.001,183.4,-7.7,0,-0.04,0.000,183.5,363.0,1.000,8.3,18.1,28.3,48.4,85.0,136.6,188.1,185.5,183.4,181.0,178.3,175.1,169.0,138.5,87.1,50.0,29.4,18.8,8.7
352,6.494,0.000,247.5,245.8,-0.3,4,18652,1.000,0.000,0.001,0.021,-0.000,182.1,-7.7,0,-0.02,0.000,182.1,361.6,1.000,8.3,18.0,28.2,48.1,83.9,133.8,186.8,184.2,182.1,179.8,177.1,174.0,168.2,141.3,88.2,50.4,29.5,18.8,8.7
353,6.516,0.000,249.0,246.3,-0.4,4,18689,1.000,0.000,-0.003,0.020,-0.001,180.7,-7.8,0,-0.00,0.000,180.7,360.2,1.000,8.3,18.0,28.2,47.9,83.2,132.2,185.3,182.8,180.7,178.4,175.8,172.8,167.2,143.2,88.9,50.6,29.6,18.9,8.7
354,6.538,0.000,250.5,246.8,-0.3,4,18725,1.000,0.000,-0.003,0.020,-0.001,179.2,-8.0,0,0.00,0.000,179.2,358.7,1.000,8.3,18.0,28.2,47.9,83.2,132.1,183.8,181.2,179.2,176.9,174.3,171.3,165.9,143.2,88.9,50.6,29.6,18.9,8.7
355,6.560,0.000,252.0,247.4,-0.2,4,18762,1.000,0.000,-0.002,0.020,-0.001,177.6,-8.1,0,-0.01,0.000,177.6,356.9,1.000,8.3,18.0,28.2,48.0,83.6,133.1,182.2,179.6,177.6,175.3,172.7,169.8,164.3,142.1,88.4,50.4,29.5,18.8,8.7
356,6.582,0.000,253.5,247.9,-0.1,4,18806,1.000,0.000,0.000,0.020,-0.000,175.9,-8.0,0,-0.02,0.000,175.9,355.1,1.000,8.3,18.1,28.3,48.2,84.1,134.4,180.5,178.0,175.9,173.7,171.1,168.1,162.7,140.7,87.9,50.3,29.5,18.8,8.7
357,6.604,0.000,255.0,248.4,0.0,4,18848,1.000,0.000,0.001,0.020,0.000,174.3,-7.9,0,-0.02,0.000,174.4,352.9,1.000,8.3,18.1,28.3,48.3,84.5,135.3,178.9,176.4,174.3,172.1,169.5,166.6,161.2,139.8,87.5,50.2,29.4,18.8,8.7
358,6.626,0.000,256.5,248.9,0.0,4,18883,1.000,0.000,0.002,0.020,0.000,172.8,-8.1,0,-0.03,0.000,172.8,351.2,1.000,8.3,18.1,28.3,48.3,84.6,135.6,177.3,174.8,172.8,170.5,168.0,165.1,159.8,139.5,87.4,50.1,29.4,18.8,8.7
359,6.648,0.000,258.1,249.5,0.0,4,18917,1.000,0.000,0.001,0.020,0.000,171.3,-8.2,0,-0.02,0.000,171.3,349.5,1.000,8.3,18.1,28.3,48.3,84.5,135.3,175.8,173.3,171.3,169.0,166.5,163.7,158.5,139.8,87.6,50.2,29.4,18.8,8.7
360,6.670,0.000,259.6,250.0,-0.0,4,18951,1.000,0.000,-0.000,0.020,-0.000,169.8,-8.4,0,-0.02,0.000,169.8,347.6,1.000,8.3,18.1,28.3,48.2,84.3,134.7,174.2,171.7,169.8,167.6,165.1,162.3,157.2,140.4,87.8,50.2,29.4,18.8,8.7
361,6.692,0.000,261.1,250.5,-0.0,4,18997,1.000,0.000,-0.001,0.020,-0.000,168.2,-8.2,0,-0.01,0.000,168.2,345.6,1.000,8.3,18.1,28.3,48.2,84.1,134.4,172.7,170.2,168.2,166.1,163.6,160.8,155.8,140.8,87.9,50.3,29.5,18.8,8.7
362,6.714,0.000,262.6,251.0,-0.0,4,19034,1.000,0.000,-0.001,0.020,-0.000,166.7,-8.2,0,-0.01,0.000,166.7,343.2,1.000,8.3,18.1,28.3,48.2,84.1,134.4,171.1,168.6,166.7,164.5,162.1,159.3,154.4,140.7,87.9,50.3,29.5,18.8,8.7
363,6.736,0.000,264.2,251.5,-0.0,4,19065,1.000,0.000,-0.001,0.020,-0.000,165.1,-8.4,0,-0.01,0.000,165.1,341.5,1.000,8.3,18.1,28.3,48.2,84.2,134.7,169.5,167.0,165.1,163.0,160.6,157.8,153.0,140.4,87.8,50.2,29.4,18.8,8.7
364,6.758,0.000,265.7,252.0,0.0,4,19096,1.000,0.000,-0.000,0.020,0.000,163.5,-8.6,0,-0.02,0.000,163.5,339.8,1.000,8.3,18.1,28.3,48.3,84.4,135.1,167.9,165.4,163.5,161.4,159.0,156.3,151.5,140.0,87.6,50.2,29.4,18.8,8.7
365,6.780,0.000,267.3,252.5,0.0,4,19129,1.000,0.000,0.000,0.020,0.000,161.9,-8.8,0,-0.02,0.000,162.0,337.8,1.000,8.3,18.1,28.3,48.3,84.5,135.4,166.3,163.8,161.9,159.8,157.5,154.8,150.1,139.6,87.5,50.1,29.4,18.8,8.7
366,6.802,0.000,268.8,253.0,0.0,4,19179,1.000,0.000,0.000,0.020,0.000,160.4,-8.5,0,-0.02,0.000,160.4,335.5,1.000,8.3,18.1,28.3,48.3,84.6,135.5,164.7,162.3,160.4,158.3,156.0,153.3,148.7,139.0,87.5,50.1,29.4,18.8,8.7
367,6.824,0.000,270.4,253.4,0.0,4,19211,1.000,0.000,-0.150,0.020,0.000,158.8,-8.6,0,-0.02,-0.850,158.9,333.1,1.000,8.3,18.1,28.3,48.3,84.6,135.5,163.1,160.7,158.8,156.7,154.4,151.8,147.3,138.1,87.4,50.1,29.4,18.8,8.7
368,6.846,0.000,271.9,253.9,-0.0,4,19240,1.000,0.000,-0.122,0.020,0.005,156.2,-8.3,0,-0.20,-0.850,157.3,333.4,1.000,8.4,18.3,28.9,50.2,90.5,163.1,160.6,158.2,156.2,154.0,151.6,148.8,143.8,126.5,82.1,48.3,28.8,18.5,8.6
369,6.868,0.000,273.5,254.3,1.4,4,19278,1.000,0.000,-0.060,0.018,0.016,151.8,-8.3,0,-0.43,-0.850,155.6,329.4,1.000,8.5,19.0,30.6,55.6,109.5,159.5,156.8,154.0,151.8,149.3,146.4,142.9,133.7,102.6,71.3,44.4,27.3,17.9,8.5
370,6.890,0.000,275.0,254.8,2.8,4,19314,1.000,0.000,0.005,0.015,0.027,147.2,-8.4,0,-0.85,-0.850,154.0,330.5,1.000,8.6,19.7,32.5,62.0,160.6,155.8,152.8,149.7,147.2,144.2,140.5,134.7,108.3,86.8,63.2,41.1,26.0,17.4,8.4
371,6.912,0.000,276.6,255.2,3.4,4,19363,1.000,0.000,0.035,0.010,0.032,143.9,-8.2,0,-0.95,-0.850,152.4,326.8,1.000,8.7,20.1,33.6,65.9,158.0,153.1,149.9,146.6,143.9,140.6,136.0,122.6,98.4,80.2,59.6,39.5,25.4,17.0,8.3
372,6.934,0.000,278.1,255.7,2.7,4,19377,1.000,0.000,0.032,0.005,0.031,142.5,-8.7,0,-0.94,-0.850,150.8,324.4,1.000,8.7,20.2,33.7,65.8,156.5,151.6,148.5,145.2,142.5,139.3,135.0,123.5,98.8,80.5,59.7,39.4,25.3,17.0,8.3
373,6.956,0.000,279.7,256.1,1.5,4,19398,1.000,0.000,0.012,-0.001,0.027,142.2,-9.2,0,-0.86,-0.850,149.2,323.6,1.000,8.7,20.0,33.2,63.5,155.4,150.8,147.8,144.7,142.2,139.3,135.6,130.0,105.0,84.4,61.7,40.2,25.5,17.1,8.3
374,6.978,0.000,281.3,256.6,0.4,4,19424,1.000,0.000,-0.008,-0.007,0.024,141.8,-9.4,0,-0.80,-0.850,147.6,323.0,1.000,8.8,19.9,32.7,61.4,154.4,149.9,147.0,144.1,141.8,139.1,135.8,131.5,111.8,88.6,63.9,41.0,25.8,17.1,8.2
375,7.000,0.000,282.8,257.1,-0.2,4,19451,1.000,0.000,-0.017,-0.012,0.022,140.6,-9.6,0,-0.77,-0.850,145.9,322.1,1.000,8.8,19.9,32.6,60.8,152.9,148.5,145.7,142.9,140.6,138.0,135.0,131.0,114.7,90.3,64.6,41.2,25.8,17.1,8.2
376,7.022,0.000,284.4,257.5,-0.2,4,19486,1.000,0.000,-0.013,-0.019,0.023,138.9,-9.6,0,-0.79,-0.850,144.3,320.5,1.000,8.8,20.1,32.9,61.5,151.2,146.7,143.9,141.1,138.9,136.3,133.2,129.2,112.7,89.0,63.8,40.8,25.6,17.0,8.1
377,7.044,0.000,286.0,257.4,0.1,5,17455,1.000,0.000,-0.003,-0.025,0.024,136.8,-19.0,0,-0.82,-0.850,142.6,318.7,1.000,8.9,20.3,33.4,62.8,149.3,144.8,142.0,139.1,136.8,134.2,131.1,126.9,108.7,86.4,62.4,40.1,25.3,16.8,8.1
378,7.066,0.000,287.5,257.5,0.3,5,17642,1.000,0.000,0.004,-0.031,0.025,134.9,-10.3,0,-0.85,-0.850,141.0,317.0,1.000,9.0,20.5,33.8,64.0,147.4,142.9,140.1,137.2,134.9,132.2,129.0,124.7,105.6,84.3,61.2,39.5,25.0,16.6,8.0
379,7.088,0.000,289.1,257.9,0.3,5,17654,1.000,0.000,0.006,-0.037,0.026,133.2,-10.2,0,-0.85,-0.850,139.3,315.5,1.000,9.0,20.7,34.1,64.6,145.7,141.2,138.3,135.5,133.2,130.6,127.4,123.1,104.4,83.4,60.6,39.2,24.8,16.5,8.0
380,7.110,0.000,290.7,258.3,0.2,5,17666,1.000,0.000,0.005,-0.044,0.025,131.7,-10.3,0,-0.85,-0.850,137.7,313.8,1.000,9.1,20.8,34.2,64.7,144.0,139.6,136.8,134.0,131.7,129.1,126.0,122.0,104.6,83.4,60.5,39.1,24.7,16.4,7.9
381,7.132,0.000,292.3,258.7,0.0,5,17676,1.000,0.000,0.001,-0.050,0.024,130.3,-10.5,0,-0.84,-0.850,136.0,311.8,1.000,9.1,20.8,34.3,64.6,142.5,138.1,135.3,132.6,130.3,127.8,124.8,120.9,105.3,83.7,60.5,39.0,24.6,16.3,7.9
382,7.154,0.000,293.9,259.1,-0.1,5,17690,1.000,0.000,-0.001,-0.057,0.024,128.9,-10.5,0,-0.84,-0.850,134.4,309.8,1.000,9.2,20.9,34.4,64.7,140.8,136.5,133.8,131.0,128.9,126.4,123.5,119.7,105.6,83.8,60.4,38.9,24.5,16.3,7.8
383,7.176,0.000,295.4,259.5,-0.1,5,17705,1.000,0.000,-0.001,-0.063,0.024,127.3,-10.5,0,-0.84,-0.850,132.7,307.7,1.000,9.2,21.1,34.6,64.9,139.2,134.8,132.1,129.5,127.3,124.8,122.0,118.3,105.2,83.5,60.2,38.7,24.3,16.2,7.8
384,7.198,0.000,297.0,259.8,-0.1,5,17721,1.000,0.000,0.000,-0.069,0.024,125.7,-10.5,0,-0.84,-0.850,131.0,305.5,1.000,9.3,21.2,34.8,65.3,137.5,133.2,130.5,127.8,125.7,123.2,120.4,116.8,104.4,82.8,59.7,38.4,24.2,16.0,7.7
385,7.220,0.000,298.6,260.2,-0.0,5,17739,1.000,0.000,0.002,-0.076,0.024,124.0,-10.4,0,-0.85,-0.850,129.4,303.1,1.000,9.4,21.3,35.0,65.8,135.7,131.5,128.8,126.1,124.0,121.6,118.8,115.3,103.5,82.2,59.2,38.1,24.0,15.9,7.7
386,7.242,0.000,300.2,260.6,-0.0,5,17753,1.000,0.000,0.002,-0.082,0.024,122.4,-10.4,0,-0.86,-0.850,127.7,300.2,1.000,9.4,21.4,35.2,66.2,134.0,129.8,127.1,124.5,122.4,120.1,117.3,113.9,102.9,81.6,58.9,37.8,23.8,15.8,7.6
387,7.264,0.000,301.8,261.0,-0.0,5,17765,1.000,0.000,0.002,-0.089,0.024,120.8,-10.5,0,-0.86,-0.850,126.0,297.7,1.000,9.5,21.5,35.4,66.4,132.4,128.1,125.5,122.9,120.8,118.5,115.8,112.5,102.6,81.3,58.6,37.6,23.7,15.7,7.6
388,7.286,0.000,303.4,261.4,-0.1,5,17779,1.000,0.000,0.001,-0.095,0.023,119.3,-10.5,0,-0.86,-0.850,124.3,295.1,1.000,9.5,21.7,35.5,66.6,130.7,126.5,123.9,121.3,119.3,117.0,114.3,111.1,102.3,81.0,58.3,37.4,23.5,15.6,7.5
389,7.308,0.000,305.0,261.8,-0.1,5,17793,1.000,0.000,0.001,-0.101,0.023,117.7,-10.6,0,-0.86,-0.850,122.7,292.4,1.000,9.6,21.8,35.7,66.9,129.0,124.8,122.2,119.7,117.7,115.4,112.8,109.7,101.9,80.7,58.1,37.2,23.4,15.5,7.5
390,7.330,0.000,306.6,262.1,-0.1,5,17820,1.000,0.000,0.001,-0.107,0.023,116.1,-10.3,0,-0.87,-0.850,121.0,289.0,1.000,9.6,21.9,35.9,67.2,127.3,123.2,120.6,118.1,116.1,113.9,111.3,108.2,101.1,80.4,57.7,37.0,23.2,15.4,7.4
391,7.352,0.000,308.2,262.5,-0.1,5,17822,1.000,0.000,0.001,-0.114,0.023,114.5,-10.4,0,-0.87,-0.850,119.3,286.4,1.000,9.7,22.0,36.0,67.4,125.6,121.5,118.9,116.5,114.5,112.3,109.8,106.8,100.1,79.9,57.4,36.8,23.1,15.3,7.4
392,7.374,0.000,309.8,262.9,-0.1,5,17843,1.000,0.000,0.002,-0.120,0.023,112.9,-10.6,0,-0.88,-0.850,117.6,284.4,1.000,9.7,22.1,36.2,67.7,123.9,119.8,117.3,114.8,112.9,110.7,108.3,105.3,99.0,79.5,57.1,36.6,22.9,15.2,7.3
393,7.396,0.000,311.4,263.3,-0.1,5,17865,1.000,0.000,0.002,-0.126,0.023,111.3,-10.7,0,-0.89,-0.850,115.9,281.6,1.000,9.8,22.2,36.4,68.0,122.1,118.1,115.6,113.2,111.3,109.2,106.8,103.9,97.9,79.2,56.8,36.3,22.8,15.1,7.3
394,7.418,0.000,313.0,263.6,-0.1,5,17898,1.000,0.000,0.002,-0.132,0.022,109.7,-10.6,0,-0.89,-0.850,114.2,278.7,1.000,9.8,22.3,36.5,68.2,120.4,116.4,114.0,111.6,109.7,107.6,105.2,102.5,96.8,78.9,56.5,36.1,22.7,15.0,7.2
395,7.440,0.000,314.6,264.0,-0.1,5,17931,1.000,0.000,0.001,-0.138,0.022,108.1,-10.3,0,-0.90,-0.850,112.6,274.5,1.000,9.9,22.4,36.7,68.4,118.7,114.8,112.3,110.0,108.1,106.1,103.7,101.0,95.7,78.6,56.3,35.9,22.5,14.9,7.2
396,7.462,0.000,316.2,264.4,-0.1,5,17948,1.000,0.000,0.001,-0.144,0.022,106.5,-10.5,0,-0.91,-0.850,110.9,272.2,1.000,9.9,22.5,36.8,68.6,117.0,113.1,110.7,108.4,106.5,104.5,102.2,99.6,94.5,78.3,56.0,35.7,22.4,14.8,7.1
397,7.484,0.000,317.9,264.7,-0.1,5,17967,1.000,0.000,0.001,-0.150,0.022,104.9,-10.7,0,-0.92,-0.850,109.2,270.0,1.000,10.0,22.6,37.0,68.9,115.3,111.4,109.0,106.7,104.9,102.9,100.7,98.1,93.2,77.9,55.7,35.5,22.2,14.7,7.1
398,7.506,0.000,319.5,265.1,-0.1,5,17988,1.000,0.000,0.002,-0.156,0.022,103.3,-10.8,0,-0.93,-0.850,107.5,267.1,1.000,10.0,22.8,37.2,69.2,113.6,109.7,107.3,105.1,103.3,101.3,99.1,96.6,91.9,77.5,55.4,35.3,22.1,14.6,7.0
399,7.528,0.000,321.1,265.5,-0.1,5,18041,0.000,0.023,0.002,-0.162,0.022,101.7,-10.1,0,-0.93,-0.850,105.8,262.3,0.693,10.1,22.9,37.3,69.4,111.8,108.0,105.7,103.4,101.7,99.7,97.6,95.1,90.6,77.1,55.1,35.1,22.0,14.5,7.0
400,7.550,0.000,322.7,265.0,-0.1,5,17587,0.000,0.193,0.001,-0.168,0.021,100.1,-21.3,0,-0.94,-0.850,104.1,258.5,0.000,10.1,22.9,37.5,69.6,110.1,106.3,104.0,101.8,100.1,98.2,96.1,93.7,89.4,77.0,54.9,34.9,21.8,14.4,6.9
401,7.572,0.000,324.3,263.9,-0.2,5,17450,0.000,0.186,-0.000,-0.174,0.021,98.5,-17.5,0,-0.95,-0.850,102.4,257.6,0.000,10.2,23.0,37.6,69.6,108.4,104.7,102.4,100.2,98.5,96.7,94.6,92.3,88.1,76.9,54.8,34.8,21.7,14.4,6.9
402,7.594,0.000,325.9,262.6,-0.2,5,17366,0.000,0.257,-0.001,-0.180,0.020,96.9,-17.0,0,-0.95,-0.850,100.7,254.9,0.000,10.2,23.1,37.7,69.7,106.7,103.0,100.8,98.6,96.9,95.1,93.1,90.9,86.9,76.8,54.6,34.6,21.6,14.3,6.8
403,7.616,0.000,327.5,261.2,-0.2,5,17243,0.000,0.269,-0.001,-0.185,0.020,95.4,-15.5,0,-0.96,-0.850,99.0,253.2,0.000,10.3,23.2,37.8,69.9,105.0,101.3,99.1,97.0,95.4,93.6,91.6,89.4,85.6,76.6,54.4,34.4,21.5,14.2,6.8
404,7.638,0.000,329.1,259.6,-0.2,5,17115,0.000,0.510,-0.001,-0.191,0.020,93.8,-16.0,0,-0.97,-0.850,97.3,246.8,0.000,10.3,23.3,38.0,70.1,103.3,99.7,97.5,95.4,93.8,92.0,90.1,87.9,84.2,76.2,54.1,34.2,21.3,14.1,6.7
405,7.660,0.000,330.7,257.6,-0.2,5,16893,0.000,0.475,-0.001,-0.196,0.020,92.2,-10.0,0,-0.99,-0.850,95.7,245.5,0.000,10.4,23.4,38.1,70.3,101.6,98.0,95.8,93.8,92.2,90.5,88.6,86.5,82.9,75.9,53.8,34.0,21.2,14.0,6.7
406,7.682,0.000,332.3,255.4,-0.2,5,16766,0.000,0.348,-0.000,-0.202,0.020,90.6,-9.9,0,-1.00,-0.850,94.0,245.8,0.000,10.4,23.5,38.3,70.6,99.9,96.3,94.2,92.2,90.6,88.9,87.1,85.0,81.6,75.2,53.5,33.8,21.1,13.9,6.6
407,7.704,0.000,333.8,253.4,-0.2,5,16691,0.000,0.363,0.000,-0.207,0.020,89.1,-12.0,0,-1.02,-0.850,92.4,243.6,0.000,10.4,23.6,38.4,70.8,98.2,94.7,92.6,90.6,89.1,87.4,85.6,83.6,80.2,74.4,53.2,33.7,21.0,13.8,6.6
408,7.726,0.000,335.4,251.6,-0.2,5,16541,0.000,0.467,0.000,-0.212,0.019,87.5,-12.5,0,-1.03,-0.850,90.8,239.8,0.000,10.5,23.7,38.5,70.9,96.6,93.1,91.0,89.0,87.5,85.9,84.1,82.2,78.9,73.5,53.0,33.5,20.8,13.7,6.6
409,7.748,0.000,336.9,249.6,-0.2,5,16359,0.000,0.216,0.012,-0.217,0.019,86.0,-9.9,0,-1.39,-0.850,89.2,242.8,0.000,10.5,23.8,38.6,100.8,95.0,91.5,89.4,87.5,86.0,84.4,82.7,80.8,77.6,72.6,52.8,33.3,20.7,13.7,6.5
410,7.770,0.000,338.4,247.9,-0.2,5,16368,0.000,0.192,0.008,-0.222,0.018,84.6,-15.7,0,-1.38,-0.850,87.6,241.6,0.000,10.6,23.8,38.6,99.2,93.4,90.0,88.0,86.1,84.6,83.1,81.4,79.5,76.5,71.9,53.0,33.3,20.7,13.6,6.5
411,7.792,0.000,339.9,246.6,-0.4,5,16297,0.000,0.140,0.001,-0.227,0.017,83.3,-16.1,0,-1.37,-0.850,86.0,241.4,-0.007,10.6,23.8,38.5,97.6,91.9,88.6,86.6,84.7,83.3,81.8,80.2,78.4,75.5,71.3,53.6,33.5,20.7,13.6,6.5
412,7.814,0.000,341.4,245.5,-0.5,5,16245,0.000,0.146,0.146,-0.231,0.016,82.0,-16.9,0,-1.36,0.000,84.4,240.1,-0.012,10.6,23.8,38.4,96.1,90.4,87.1,85.2,83.4,82.0,80.5,78.9,77.2,74.5,70.5,53.9,33.5,20.6,13.5,6.4
413,7.836,0.000,342.9,244.4,-0.4,5,16162,0.000,0.201,0.120,-0.235,0.011,81.3,-15.5,0,-1.30,0.000,82.9,237.9,0.000,10.6,23.5,37.5,94.9,89.4,86.2,84.3,82.6,81.3,79.8,78.4,76.8,74.3,70.8,57.1,34.6,21.0,13.7,6.4
414,7.858,0.000,344.4,243.2,-1.8,5,16056,0.000,0.687,0.044,-0.238,-0.001,81.5,-14.3,0,-0.75,0.000,81.5,227.0,0.000,10.5,22.7,35.5,60.4,89.1,86.1,84.3,82.7,81.5,80.2,78.9,77.4,75.3,72.4,64.9,37.9,22.1,14.1,6.5
415,7.880,0.000,345.9,241.0,-3.4,5,15700,0.000,0.554,-0.016,-0.239,-0.013,81.5,-0.7,0,-0.59,0.000,81.5,227.6,0.000,10.4,22.0,33.8,55.3,88.7,85.8,84.2,82.7,81.5,80.4,79.1,77.8,75.9,73.4,67.7,41.8,23.3,14.6,6.5
416,7.902,0.000,347.4,238.5,-4.0,5,15590,0.000,0.408,-0.046,-0.239,-0.018,80.8,-2.0,0,-0.52,0.000,80.8,228.0,0.000,10.3,21.7,32.9,53.0,87.7,84.9,83.3,81.9,80.8,79.6,78.5,77.2,75.4,73.1,67.9,44.1,24.0,14.8,6.6
417,7.924,0.000,348.8,236.3,-3.4,5,15517,0.000,0.320,-0.044,-0.239,-0.018,79.2,-9.0,0,-0.53,0.000,79.2,227.5,0.000,10.3,21.7,32.9,53.1,86.1,83.3,81.8,80.3,79.2,78.1,77.0,75.7,73.9,71.7,66.7,44.0,24.0,14.8,6.6
418,7.946,0.000,350.3,234.5,-2.1,5,15434,0.000,0.323,-0.023,-0.237,-0.014,77.2,-13.0,0,-0.60,0.000,77.2,225.7,0.000,10.4,21.9,33.5,54.7,84.1,81.3,79.8,78.3,77.2,76.1,74.9,73.7,71.9,69.7,64.6,42.4,23.6,14.7,6.6
419,7.968,0.000,351.7,232.9,-0.8,5,15333,0.000,0.364,0.003,-0.236,-0.009,75.2,-12.8,0,-0.68,0.000,75.2,223.3,0.000,10.4,22.2,34.2,57.6,82.1,79.3,77.7,76.3,75.2,74.0,72.9,71.6,69.8,67.6,62.4,40.7,23.1,14.5,6.5
420,7.990,0.000,353.1,231.3,0.1,5,15210,0.000,0.000,0.032,-0.234,-0.006,73.3,-11.3,0,-1.09,0.000,73.3,229.4,0.000,10.4,22.3,34.6,85.1,80.2,77.4,75.9,74.4,73.3,72.2,71.1,69.8,68.0,65.8,60.7,39.7,22.8,14.4,6.5
421,8.010,0.000,354.4,230.3,0.4,5,15288,0.000,0.052,0.031,-0.233,-0.006,72.1,-18.6,0,-1.08,0.000,72.1,227.0,-0.007,10.4,22.3,34.6,83.7,78.8,76.1,74.5,73.1,72.1,71.0,69.8,68.6,66.8,64.7,59.7,39.8,22.8,14.4,6.6
422,8.030,0.000,355.7,229.7,0.1,5,15230,0.000,0.128,0.019,-0.231,-0.009,71.0,-17.9,0,-1.06,0.000,71.0,224.8,-0.012,10.4,22.1,34.1,82.4,77.7,75.0,73.5,72.1,71.0,70.0,68.9,67.7,66.0,63.9,59.3,40.7,23.1,14.5,6.6
423,8.050,0.000,356.9,228.9,-0.3,5,15151,0.000,0.192,0.003,-0.229,-0.012,70.1,-16.0,0,-1.02,0.000,70.1,222.8,0.000,10.3,21.9,33.6,81.3,76.6,74.0,72.5,71.1,70.1,69.1,68.0,66.9,65.2,63.2,58.9,41.9,23.5,14.7,6.6
424,8.070,0.000,358.2,228.0,-0.7,5,15059,0.000,0.287,-0.008,-0.227,-0.014,69.1,-14.3,0,-0.99,0.000,69.1,219.9,0.000,10.3,21.7,33.3,80.0,75.4,72.8,71.4,70.0,69.1,68.0,67.0,65.9,64.3,62.4,58.2,42.8,23.8,14.8,6.7
425,8.090,0.000,359.5,226.8,-0.7,5,14943,0.000,0.403,-0.013,-0.225,-0.015,67.9,-11.6,0,-0.98,0.000,67.9,216.4,0.000,10.2,21.7,33.1,78.7,74.1,71.6,70.1,68.8,67.9,66.9,65.8,64.8,63.2,61.3,57.4,43.3,24.0,14.9,6.7
426,8.110,0.000,360.7,225.3,-0.6,5,14795,0.000,0.477,-0.011,-0.222,-0.014,66.5,-8.3,0,-0.98,0.000,66.5,213.5,0.000,10.2,21.6,33.1,77.2,72.7,70.2,68.8,67.5,66.5,65.6,64.6,63.5,62.0,60.2,56.3,43.3,24.1,15.0,6.7
427,8.130,0.000,362.0,223.5,-0.4,5,14646,0.000,0.527,-0.007,-0.220,-0.013,65.2,-5.5,0,-0.98,0.000,65.2,210.8,0.000,10.2,21.6,33.1,75.8,71.3,68.8,67.4,66.1,65.2,64.2,63.2,62.2,60.7,58.9,55.2,43.1,24.0,15.0,6.7
428,8.150,0.000,363.2,221.6,-0.1,5,14493,0.000,0.539,-0.002,-0.217,-0.012,63.8,-3.7,0,-0.98,0.000,63.8,208.6,0.000,10.2,21.7,33.2,74.3,69.8,67.4,66.0,64.7,63.8,62.9,61.9,60.9,59.4,57.7,54.0,42.8,24.0,15.0,6.7
429,8.170,0.000,364.4,219.6,0.0,5,14343,0.000,0.535,0.000,-0.215,-0.012,62.5,-3.8,0,-0.99,0.000,62.5,206.7,0.000,10.2,21.7,33.2,72.9,68.4,66.0,64.6,63.4,62.5,61.6,60.6,59.6,58.2,56.5,52.9,42.6,24.0,15.0,6.7
430,8.190,0.000,365.6,217.6,0.1,5,14206,0.000,0.539,0.002,-0.213,-0.011,61.2,-4.6,0,-0.99,0.000,61.2,204.6,0.000,10.2,21.6,33.2,71.5,67.1,64.7,63.3,62.1,61.2,60.3,59.4,58.4,57.0,55.3,51.9,42.4,24.0,15.0,6.8
431,8.210,0.000,366.9,215.5,0.1,5,14074,0.000,0.549,0.001,-0.210,-0.011,60.0,-4.8,0,-0.98,0.000,60.0,202.4,0.000,10.2,21.6,33.2,70.1,65.8,63.4,62.1,60.9,60.0,59.1,58.2,57.3,55.9,54.3,50.9,42.1,24.1,15.1,6.8
432,8.230,0.000,368.0,213.5,0.0,5,13939,0.000,0.577,-0.000,-0.208,-0.012,58.8,-4.3,0,-0.98,0.000,58.8,199.8,0.000,10.1,21.5,33.1,68.8,64.5,62.2,60.9,59.7,58.8,58.0,57.1,56.1,54.8,53.2,50.0,41.7,24.2,15.1,6.8
433,8.250,0.000,369.2,211.5,-0.0,5,13792,0.000,0.604,-0.002,-0.206,-0.012,57.7,-2.4,0,-0.98,0.000,57.7,197.3,0.000,10.1,21.5,33.0,67.5,63.2,60.9,59.7,58.5,57.7,56.8,55.9,55.0,53.7,52.2,49.1,41.3,24.3,15.2,6.8
434,8.270,0.000,370.4,209.4,-0.1,5,13639,0.000,0.630,-0.003,-0.203,-0.012,56.5,-0.1,0,-0.98,0.000,56.5,194.7,0.000,10.1,21.4,32.9,66.2,62.0,59.7,58.5,57.3,56.5,55.7,54.8,53.9,52.6,51.1,48.1,40.8,24.4,15.2,6.8
435,8.290,0.000,371.5,207.2,-0.1,5,13474,0.000,0.655,-0.003,-0.201,-0.012,55.3,2.2,0,-0.98,0.000,55.3,192.0,0.000,10.1,21.4,32.8,64.9,60.7,58.5,57.2,56.1,55.3,54.5,53.7,52.8,51.6,50.1,47.2,40.2,24.4,15.3,6.9
436,8.310,0.000,372.7,205.1,-0.1,4,14916,0.000,0.681,-0.003,-0.199,-0.012,54.2,6.4,0,-0.99,0.000,54.2,189.4,0.000,10.1,21.4,32.7,63.6,59.5,57.3,56.0,55.0,54.2,53.4,52.5,51.7,50.5,49.1,46.2,39.6,24.5,15.3,6.9
437,8.330,0.000,373.8,202.9,-0.0,4,14857,0.000,0.709,-0.002,-0.197,-0.012,53.0,10.0,0,-0.99,0.000,53.0,186.7,0.000,10.0,21.3,32.7,62.3,58.2,56.0,54.8,53.8,53.0,52.2,51.4,50.6,49.4,48.0,45.3,38.9,24.6,15.3,6.9
438,8.350,0.000,374.9,200.7,-0.0,4,14451,0.000,0.734,-0.001,-0.195,-0.012,51.8,12.0,0,-1.00,0.000,51.8,184.0,0.000,10.0,21.3,32.7,61.0,57.0,54.8,53.7,52.6,51.8,51.1,50.3,49.5,48.3,47.0,44.3,38.3,24.6,15.4,6.9
439,8.370,0.000,376.1,198.3,0.0,4,14222,0.000,0.752,0.000,-0.192,-0.011,50.7,15.4,0,-1.01,0.000,50.7,181.2,0.000,10.0,21.3,33.1,59.7,55.7,53.6,52.5,51.4,50.7,49.9,49.2,48.4,47.3,45.9,43.4,37.6,24.6,15.4,6.9
440,8.390,0.000,377.1,195.8,0.1,4,14016,0.000,0.768,0.003,-0.190,-0.011,49.6,20.2,0,-1.06,0.000,49.6,178.5,0.000,10.0,21.3,34.7,58.4,54.5,52.4,51.3,50.3,49.6,48.8,48.1,47.3,46.2,44.9,42.4,36.9,24.7,15.4,6.9
441,8.410,0.000,378.2,193.3,0.1,4,13812,0.000,0.781,0.034,-0.188,-0.011,48.4,25.0,0,-1.93,0.000,48.4,175.8,0.000,10.0,21.2,63.1,57.2,53.3,51.3,50.2,49.2,48.4,47.7,47.0,46.2,45.2,43.9,41.5,36.2,24.7,15.4,7.0
442,8.430,0.000,379.3,190.8,0.1,4,13587,0.000,0.787,0.033,-0.186,-0.011,47.4,29.4,0,-1.93,0.000,47.4,173.2,0.000,10.0,21.2,61.8,56.0,52.1,50.2,49.1,48.1,47.4,46.7,46.0,45.2,44.2,43.0,40.6,35.6,24.8,15.5,7.0
443,8.450,0.000,380.3,188.3,0.0,4,13386,0.000,0.785,0.027,-0.184,-0.012,46.4,34.0,0,-1.91,0.000,46.4,170.7,0.000,9.9,21.1,60.6,54.8,51.1,49.1,48.0,47.1,46.4,45.7,45.0,44.3,43.3,42.1,39.8,35.0,25.0,15.6,7.0
444,8.470,0.000,381.4,185.7,-0.1,4,13201,0.000,0.779,0.021,-0.182,-0.013,45.4,38.5,0,-1.89,0.000,45.4,168.3,0.000,9.9,21.0,59.4,53.7,50.0,48.1,47.0,46.1,45.4,44.8,44.1,43.4,42.4,41.3,39.1,34.4,25.2,15.7,7.0
445,8.490,0.000,382.4,183.2,-0.2,4,13022,0.000,0.387,0.015,-0.180,-0.014,44.5,42.6,0,-1.88,0.000,44.5,165.9,0.000,9.9,20.9,58.3,52.6,49.0,47.1,46.0,45.1,44.5,43.8,43.1,42.5,41.5,40.4,38.3,33.8,25.3,15.8,7.1
446,8.510,0.000,383.4,180.9,-0.3,4,13134,0.000,0.779,0.010,-0.178,-0.015,43.5,27.6,0,-1.87,0.000,43.5,163.5,0.000,9.8,20.8,57.1,51.5,47.9,46.1,45.0,44.2,43.5,42.9,42.2,41.6,40.6,39.5,37.5,33.2,25.3,15.9,7.1
447,8.530,0.000,384.4,178.6,-0.3,4,12739,0.000,0.789,0.007,-0.175,-0.016,42.5,29.7,0,-1.86,0.000,42.5,161.1,0.000,9.8,20.7,55.9,50.4,46.8,45.0,44.0,43.2,42.5,41.9,41.3,40.6,39.7,38.7,36.7,32.6,25.1,15.9,7.1
448,8.550,0.000,385.4,176.2,-0.3,4,12518,0.000,0.397,0.006,-0.173,-0.016,41.6,37.0,0,-1.86,0.000,41.6,158.6,0.000,9.8,20.7,54.8,49.3,45.8,44.0,43.0,42.2,41.6,40.9,40.3,39.7,38.8,37.8,35.9,31.9,24.9,16.0,7.1
449,8.570,0.000,386.4,174.1,-0.2,4,12615,0.000,0.807,0.005,-0.171,-0.016,40.6,25.5,0,-1.86,0.000,40.6,156.2,0.000,9.8,20.6,53.6,48.1,44.7,43.0,42.0,41.2,40.6,40.0,39.4,38.7,37.9,36.9,35.0,31.2,24.6,16.0,7.2
450,8.590,0.000,387.3,171.9,-0.2,4,12199,0.000,0.822,0.005,-0.168,-0.016,39.6,31.3,0,-1.86,0.000,39.6,153.7,0.000,9.8,20.6,52.4,47.0,43.6,41.9,41.0,40.2,39.6,39.0,38.4,37.8,37.0,36.0,34.2,30.5,24.3,16.1,7.2
451,8.610,0.000,388.3,169.6,-0.1,4,11964,0.000,0.414,0.006,-0.166,-0.016,38.6,42.1,0,-1.87,0.000,38.6,151.3,0.000,9.7,20.7,51.3,45.9,42.6,40.9,40.0,39.2,38.6,38.0,37.5,36.9,36.1,35.1,33.4,29.8,23.9,16.1,7.2
452,8.630,0.000,389.2,167.4,-0.1,3,14724,0.000,0.841,0.007,-0.163,-0.016,37.7,35.4,0,-1.88,0.000,37.7,148.9,0.000,9.7,20.9,50.1,44.8,41.5,39.9,39.0,38.2,37.7,37.1,36.5,36.0,35.2,34.3,32.6,29.2,23.5,16.2,7.2
453,8.650,0.000,390.1,165.4,-0.0,3,14666,0.000,0.429,0.008,-0.161,-0.016,36.7,44.6,0,-1.90,0.000,36.7,146.6,0.000,9.7,21.4,49.0,43.7,40.5,38.9,38.0,37.3,36.7,36.2,35.6,35.1,34.3,33.4,31.8,28.5,23.1,16.2,7.2
454,8.670,0.000,391.1,163.4,-0.0,3,14510,0.000,0.874,0.009,-0.159,-0.016,35.8,35.0,0,-1.95,0.000,35.8,144.3,0.000,9.7,22.4,47.8,42.7,39.5,37.9,37.1,36.3,35.8,35.3,34.7,34.2,33.4,32.6,31.0,27.8,22.7,16.2,7.3
455,8.690,0.000,392.0,161.2,-0.0,3,13894,0.000,0.441,0.209,-0.156,-0.016,34.9,44.6,0,-3.84,0.810,34.9,142.0,0.000,9.7,53.6,46.7,41.6,38.5,37.0,36.1,35.4,34.9,34.4,33.8,33.3,32.6,31.8,30.2,27.2,22.3,16.2,7.3
456,8.710,0.000,392.8,159.0,0.1,3,14006,0.000,0.442,0.409,-0.154,-0.017,34.0,39.3,0,-3.84,0.810,34.0,139.8,0.000,9.6,52.5,45.7,40.7,37.6,36.1,35.2,34.5,34.0,33.5,33.0,32.5,31.8,31.0,29.5,26.6,21.9,16.2,7.3
457,8.730,0.000,393.7,157.1,0.1,3,13874,0.000,0.875,0.540,-0.151,-0.021,33.4,33.9,0,-3.82,0.662,33.4,138.1,0.000,9.6,51.6,44.8,39.9,36.9,35.4,34.6,33.9,33.4,32.9,32.4,31.9,31.2,30.4,29.0,26.1,21.7,16.3,7.4
458,8.750,0.000,394.6,155.1,-0.4,3,13280,0.000,0.417,0.408,-0.148,-0.029,33.0,52.2,0,-3.78,0.483,33.0,136.9,0.000,9.5,51.0,44.3,39.3,36.4,34.9,34.1,33.5,33.0,32.5,32.0,31.5,30.9,30.1,28.7,25.9,21.6,16.4,7.5
459,8.770,0.000,395.4,153.0,-1.4,3,13425,0.000,0.387,0.466,-0.144,-0.040,32.7,49.2,0,-3.73,0.663,32.7,136.0,0.000,9.3,50.4,43.8,39.0,36.1,34.6,33.8,33.2,32.7,32.2,31.8,31.3,30.6,29.9,28.5,25.8,21.7,16.6,7.6
460,8.790,0.000,396.3,151.2,-2.2,3,13348,0.000,0.360,0.378,-0.139,-0.052,32.5,42.0,0,-3.68,0.584,32.5,135.3,0.000,9.2,50.0,43.4,38.6,35.7,34.3,33.6,32.9,32.5,32.0,31.5,31.1,30.4,29.7,28.4,25.8,21.7,16.8,7.7
461,8.810,0.000,397.1,149.4,-2.9,3,13216,0.000,0.333,0.400,-0.133,-0.065,32.2,32.4,0,-3.63,0.704,32.2,134.5,0.000,9.1,49.5,43.0,38.3,35.5,34.1,33.3,32.7,32.2,31.8,31.3,30.9,30.3,29.5,28.2,25.7,21.7,17.0,7.9
462,8.830,0.000,397.9,147.7,-3.6,3,13081,0.000,0.619,0.344,-0.127,-0.077,32.0,24.4,0,-3.59,0.674,32.0,133.9,0.000,8.9,49.1,42.6,38.0,35.2,33.8,33.1,32.5,32.0,31.6,31.1,30.7,30.1,29.4,28.1,25.6,21.8,17.2,8.1
463,8.850,0.000,398.8,146.0,-4.2,3,12652,0.000,0.282,0.341,-0.119,-0.090,31.8,30.4,0,-3.54,0.750,31.8,133.2,0.000,8.7,48.7,42.3,37.7,35.0,33.6,32.9,32.3,31.8,31.4,31.0,30.5,29.9,29.2,28.0,25.5,21.8,17.3,8.3
464,8.870,0.000,399.6,144.3,-4.8,3,12736,0.000,0.515,0.304,-0.110,-0.103,31.6,23.1,0,-3.50,0.754,31.6,132.5,0.000,8.6,48.3,41.9,37.4,34.7,33.4,32.6,32.0,31.6,31.2,30.7,30.3,29.7,29.1,27.8,25.4,21.7,17.4,8.5
465,8.890,0.000,400.4,142.6,-5.3,3,12409,0.000,0.236,0.293,-0.101,-0.115,31.3,24.8,0,-3.46,0.805,31.3,131.8,0.000,8.4,47.9,41.6,37.0,34.4,33.1,32.4,31.8,31.3,30.9,30.5,30.1,29.5,28.8,27.6,25.3,21.7,17.4,8.7
466,8.910,0.000,401.1,141.0,-5.7,3,12469,0.000,0.435,0.261,-0.090,-0.127,31.1,15.4,0,-3.43,0.810,31.1,131.0,0.000,8.3,47.4,41.2,36.7,34.1,32.8,32.1,31.5,31.1,30.6,30.2,29.8,29.2,28.6,27.4,25.1,21.6,17.4,8.8
467,8.930,0.000,401.9,139.5,-5.9,3,12189,0.000,0.402,0.225,-0.078,-0.138,30.8,14.8,0,-3.40,0.810,30.8,130.2,0.000,8.1,47.0,40.8,36.3,33.7,32.5,31.8,31.2,30.8,30.4,30.0,29.6,29.0,28.4,27.2,24.9,21.5,17.4,9.0
468,8.950,0.000,402.7,137.9,-6.2,3,12042,0.000,0.366,0.190,-0.066,-0.150,30.5,13.4,0,-3.37,0.810,30.5,129.4,0.000,8.0,46.6,40.3,36.0,33.4,32.1,31.5,30.9,30.5,30.1,29.7,29.3,28.7,28.1,26.9,24.7,21.4,17.4,9.1
469,8.970,0.000,403.4,136.4,-6.4,3,11933,0.000,0.335,0.156,-0.052,-0.160,30.2,10.1,0,-3.35,0.810,30.2,128.5,0.000,7.9,46.1,39.9,35.6,33.0,31.8,31.1,30.6,30.2,29.8,29.4,29.0,28.4,27.8,26.7,24.5,21.2,17.3,9.2
470,8.990,0.000,404.2,134.9,-6.4,3,11835,0.000,0.310,0.124,-0.037,-0.171,29.8,5.6,0,-3.33,0.810,29.8,127.5,0.000,7.8,45.6,39.5,35.1,32.6,31.4,30.8,30.2,29.8,29.4,29.0,28.6,28.1,27.5,26.4,24.2,21.0,17.2,9.3
471,9.010,0.000,404.9,133.5,-6.4,2,14853,0.000,0.293,0.072,-0.021,-0.180,29.4,3.5,0,-3.32,0.810,29.4,126.5,0.000,7.7,45.1,39.0,34.7,32.2,31.0,30.4,29.8,29.4,29.1,28.7,28.3,27.8,27.2,26.1,24.0,20.8,17.1,9.4
472,9.030,0.000,405.7,132.3,-6.2,2,14794,0.000,0.289,0.019,-0.005,-0.189,29.0,0.5,0,-3.31,0.810,29.0,125.5,0.000,7.6,44.5,38.5,34.2,31.8,30.6,30.0,29.4,29.0,28.6,28.3,27.9,27.4,26.8,25.7,23.7,20.6,16.9,9.4
473,9.050,0.000,406.4,131.2,-6.0,2,14602,0.000,0.298,0.012,0.013,-0.189,28.5,-4.8,0,-3.31,0.810,28.5,124.2,0.000,7.6,43.9,37.9,33.7,31.3,30.1,29.5,28.9,28.5,28.2,27.8,27.4,26.9,26.3,25.3,23.3,20.3,16.7,9.4
474,9.070,0.000,407.1,130.0,-5.5,2,14354,0.000,0.311,0.081,0.030,-0.172,28.0,-7.2,0,-3.32,0.810,28.0,122.8,0.000,7.6,43.2,37.2,33.1,30.7,29.5,28.9,28.4,28.0,27.6,27.3,26.9,26.4,25.8,24.8,22.9,19.9,16.5,9.4
475,9.090,0.000,407.8,128.8,-5.0,2,14187,0.000,0.323,0.152,0.044,-0.156,27.5,-5.4,0,-3.32,0.810,27.5,121.4,0.000,7.6,42.5,36.5,32.4,30.1,28.9,28.3,27.8,27.5,27.1,26.7,26.4,25.9,25.3,24.3,22.4,19.6,16.2,9.4
476,9.110,0.000,408.5,127.5,-4.6,2,14013,0.000,0.326,0.217,0.057,-0.140,27.0,-2.9,0,-3.33,0.810,27.0,120.1,0.000,7.6,41.9,35.9,31.9,29.5,28.4,27.8,27.3,27.0,26.6,26.3,25.9,25.4,24.9,23.9,22.0,19.3,16.0,9.3
477,9.130,0.000,409.3,126.2,-4.4,2,13850,0.000,0.318,0.273,0.069,-0.127,26.6,-0.4,0,-3.33,0.810,26.6,119.0,0.000,7.6,41.3,35.4,31.4,29.1,28.0,27.4,26.9,26.6,26.2,25.9,25.5,25.1,24.5,23.6,21.7,19.0,15.8,9.3
478,9.150,0.000,410.0,124.9,-4.4,2,13697,0.000,0.298,0.320,0.079,-0.116,26.2,1.4,0,-3.33,0.810,26.2,118.1,0.000,7.6,40.9,35.0,31.0,28.7,27.7,27.1,26.6,26.2,25.9,25.6,25.2,24.8,24.2,23.3,21.5,18.8,15.7,9.3
479,9.170,0.000,410.7,123.6,-4.6,2,13558,0.000,0.267,0.342,0.088,-0.107,26.0,2.2,0,-3.33,0.783,26.0,117.5,0.000,7.6,40.6,34.7,30.7,28.5,27.4,26.8,26.3,26.0,25.7,25.3,25.0,24.5,24.0,23.1,21.3,18.6,15.6,9.3
480,9.190,0.000,411.4,122.3,-4.9,2,13435,0.000,0.227,0.353,0.095,-0.101,25.8,1.6,0,-3.33,0.752,25.8,117.0,0.000,7.6,40.3,34.5,30.5,28.3,27.2,26.7,26.2,25.8,25.5,25.2,24.8,24.4,23.9,22.9,21.2,18.5,15.5,9.3
481,9.210,0.000,412.0,121.1,-5.4,2,13329,0.000,0.182,0.364,0.101,-0.096,25.7,-0.2,0,-3.32,0.737,25.7,116.7,0.000,7.5,40.2,34.4,30.4,28.2,27.1,26.6,26.1,25.7,25.4,25.1,24.7,24.3,23.8,22.8,21.1,18.5,15.5,9.3
482,9.230,0.000,412.7,120.0,-5.9,2,13242,0.000,0.132,0.366,0.106,-0.094,25.7,-2.5,0,-3.32,0.723,25.7,116.7,-0.007,7.5,40.1,34.3,30.4,28.1,27.1,26.5,26.0,25.7,25.4,25.0,24.7,24.3,23.7,22.8,21.1,18.5,15.5,9.4
483,9.250,0.000,413.4,119.0,-6.6,2,13177,0.000,0.079,0.366,0.111,-0.093,25.7,-5.0,0,-3.31,0.720,25.7,116.7,-0.012,7.5,40.2,34.3,30.4,28.2,27.1,26.6,26.1,25.7,25.4,25.1,24.7,24.3,23.8,22.8,21.1,18.5,15.5,9.4
484,9.270,0.000,414.1,118.1,-7.4,2,13132,0.000,0.024,0.360,0.114,-0.093,25.8,-7.5,0,-3.30,0.720,25.8,116.9,-0.015,7.4,40.3,34.4,30.5,28.3,27.2,26.6,26.2,25.8,25.5,25.1,24.8,24.4,23.9,22.9,21.2,18.6,15.6,9.4
485,9.290,0.000,414.7,117.3,-8.3,2,13111,0.000,0.000,0.352,0.117,-0.096,26.0,-10.1,0,-3.29,0.728,26.0,117.2,0.000,7.4,40.5,34.6,30.7,28.4,27.3,26.8,26.3,26.0,25.6,25.3,25.0,24.5,24.0,23.1,21.3,18.7,15.7,9.5
486,9.310,0.000,415.4,116.7,-9.2,2,13070,0.000,0.041,0.341,0.120,-0.099,26.1,-11.9,0,-3.29,0.740,26.1,115.3,-0.007,7.3,40.7,34.8,30.8,28.6,27.5,27.0,26.5,26.1,25.8,25.4,25.1,24.7,24.1,23.2,21.4,18.8,15.8,9.5
487,9.330,0.000,416.1,116.1,-10.1,2,12947,0.000,0.087,0.330,0.121,-0.102,26.3,-11.3,0,-3.28,0.754,26.3,113.7,-0.012,7.3,40.9,35.0,31.1,28.8,27.7,27.1,26.6,26.3,26.0,25.6,25.3,24.8,24.3,23.4,21.6,18.9,15.9,9.6
488,9.350,0.000,416.7,115.3,-11.0,2,12786,0.000,0.066,0.319,0.123,-0.106,26.5,-9.7,0,-3.27,0.770,26.5,113.4,-0.015,7.3,41.2,35.3,31.3,29.0,27.9,27.3,26.8,26.5,26.1,25.8,25.5,25.0,24.5,23.5,21.7,19.1,16.0,9.6
489,9.370,0.000,417.4,114.6,-11.9,2,12688,0.000,0.006,0.309,0.123,-0.109,26.7,-9.6,0,-3.27,0.784,26.7,113.9,-0.018,7.2,41.4,35.5,31.5,29.2,28.1,27.5,27.0,26.7,26.3,26.0,25.6,25.2,24.6,23.7,21.9,19.2,16.1,9.6
490,9.390,0.000,418.0,113.8,-12.8,2,12666,0.144,0.000,0.299,0.123,-0.113,26.8,-11.5,0,-3.26,0.797,26.8,114.3,0.144,7.2,41.6,35.7,31.7,29.4,28.3,27.7,27.2,26.8,26.5,26.1,25.8,25.3,24.8,23.8,22.0,19.3,16.2,9.7
491,9.410,0.000,418.7,113.2,-13.6,2,12688,0.194,0.000,0.288,0.123,-0.117,27.0,-8.1,0,-3.26,0.810,27.0,114.7,0.194,7.2,41.9,35.9,31.9,29.5,28.4,27.9,27.4,27.0,26.6,26.3,26.0,25.5,25.0,24.0,22.1,19.4,16.3,9.7
492,9.430,0.000,419.3,112.7,-14.4,2,12746,0.244,0.000,0.271,0.123,-0.120,27.2,-5.0,0,-3.26,0.810,27.2,115.2,0.244,7.1,42.1,36.1,32.1,29.7,28.6,28.0,27.5,27.2,26.8,26.5,26.1,25.6,25.1,24.1,22.3,19.5,16.3,9.7
493,9.450,0.000,420.0,112.4,-15.0,2,12833,0.294,0.000,0.256,0.122,-0.124,27.3,-2.0,0,-3.26,0.810,27.3,115.5,0.294,7.1,42.3,36.3,32.2,29.9,28.8,28.2,27.7,27.3,27.0,26.6,26.3,25.8,25.2,24.3,22.4,19.6,16.4,9.7
494,9.470,0.000,420.6,112.1,-15.7,2,12944,0.344,0.000,0.244,0.120,-0.126,27.4,0.9,0,-3.26,0.810,27.4,115.9,0.344,7.1,42.5,36.5,32.4,30.0,28.9,28.3,27.8,27.4,27.1,26.7,26.4,25.9,25.4,24.4,22.5,19.7,16.5,9.8
495,9.490,0.000,421.3,111.8,-16.2,2,13078,0.394,0.000,0.237,0.119,-0.128,27.5,3.8,0,-3.26,0.810,27.5,116.1,0.394,7.1,42.7,36.6,32.5,30.1,29.0,28.4,27.9,27.5,27.2,26.8,26.5,26.0,25.4,24.4,22.6,19.8,16.5,9.8
496,9.510,0.000,421.9,111.7,-16.6,2,13233,0.444,0.000,0.236,0.117,-0.128,27.6,6.9,0,-3.27,0.810,27.6,116.2,0.444,7.1,42.7,36.7,32.5,30.2,29.0,28.4,27.9,27.6,27.2,26.9,26.5,26.0,25.5,24.5,22.6,19.8,16.5,9.7
497,9.530,0.000,422.5,111.7,-16.9,2,13410,0.494,0.000,0.242,0.114,-0.128,27.5,10.0,0,-3.28,0.810,27.5,116.1,0.494,7.1,42.8,36.7,32.5,30.2,29.0,28.4,27.9,27.5,27.2,26.8,26.5,26.0,25.4,24.4,22.6,19.7,16.5,9.7
498,9.550,0.000,423.2,111.7,-17.0,2,13608,0.544,0.000,0.254,0.112,-0.125,27.5,13.4,0,-3.29,0.810,27.5,116.0,0.544,7.2,42.7,36.6,32.4,30.1,28.9,28.3,27.8,27.5,27.1,26.7,26.4,25.9,25.4,24.4,22.5,19.7,16.4,9.7
499,9.570,0.000,423.8,111.9,-17.0,2,13829,0.594,0.000,0.273,0.109,-0.122,27.3,17.1,0,-3.31,0.810,27.3,115.6,0.594,7.2,42.6,36.5,32.3,29.9,28.8,28.2,27.7,27.3,27.0,26.6,26.3,25.8,25.2,24.2,22.3,19.5,16.3,9.6
500,9.590,0.000,424.5,112.1,-17.0,2,14074,0.644,0.000,0.298,0.106,-0.117,27.1,21.0,0,-3.33,0.810,27.1,115.2,0.644,7.3,42.4,36.3,32.1,29.7,28.6,28.0,27.5,27.1,26.8,26.4,26.1,25.6,25.0,24.0,22.2,19.4,16.2,9.6
501,9.610,0.000,425.1,112.4,-16.9,2,14344,0.549,0.000,0.327,0.102,-0.112,26.9,25.4,0,-3.36,0.810,26.9,114.6,0.694,7.4,42.1,36.0,31.9,29.5,28.4,27.8,27.3,26.9,26.5,26.2,25.8,25.4,24.8,23.8,22.0,19.2,16.0,9.5
502,9.630,0.000,425.8,112.8,-16.8,2,14556,0.628,0.000,0.341,0.098,-0.106,26.6,24.5,0,-3.39,0.773,26.6,114.0,0.744,7.5,41.9,35.7,31.6,29.2,28.1,27.5,27.0,26.6,26.3,25.9,25.6,25.1,24.6,23.6,21.7,19.0,15.9,9.4
503,9.650,0.000,426.4,113.1,-16.6,2,14766,0.548,0.000,0.366,0.093,-0.099,26.4,26.8,0,-3.42,0.754,26.4,113.3,0.794,7.6,41.6,35.4,31.3,29.0,27.8,27.2,26.7,26.4,26.0,25.7,25.3,24.8,24.3,23.3,21.5,18.8,15.7,9.3
504,9.670,0.000,427.0,113.5,-16.4,2,14913,0.000,0.016,0.386,0.088,-0.092,26.1,25.1,0,-3.45,0.720,26.1,112.6,0.549,7.7,41.3,35.1,31.0,28.6,27.5,26.9,26.4,26.1,25.7,25.4,25.0,24.5,24.0,23.0,21.2,18.5,15.5,9.2
505,9.690,0.000,427.7,113.6,-15.9,2,13467,0.000,0.066,0.414,0.082,-0.085,25.7,4.9,0,-3.48,0.693,25.7,111.8,0.377,7.8,40.9,34.7,30.6,28.3,27.2,26.6,26.1,25.7,25.4,25.0,24.7,24.2,23.7,22.7,20.9,18.3,15.3,9.1
506,9.710,0.000,428.3,113.3,-15.1,2,12839,0.000,0.101,0.445,0.076,-0.075,25.3,-1.6,0,-3.53,0.654,25.3,110.8,0.257,7.9,40.4,34.3,30.2,27.9,26.7,26.2,25.7,25.3,25.0,24.6,24.3,23.8,23.3,22.4,20.6,18.0,15.0,9.0
507,9.730,0.000,429.0,112.8,-14.3,2,12542,0.000,0.127,0.478,0.070,-0.065,24.9,-1.7,0,-3.57,0.613,24.9,109.7,0.173,8.1,39.9,33.8,29.7,27.4,26.3,25.7,25.2,24.9,24.5,24.2,23.9,23.4,22.9,22.0,20.2,17.6,14.7,8.9
508,9.750,0.000,429.6,112.0,-13.4,2,12356,0.000,0.143,0.500,0.063,-0.056,24.5,0.0,0,-3.61,0.568,24.5,108.7,0.114,8.2,39.5,33.3,29.3,27.0,25.9,25.3,24.8,24.5,24.1,23.8,23.5,23.0,22.5,21.6,19.9,17.3,14.5,8.8
509,9.770,0.000,430.2,111.2,-12.7,2,12213,0.000,0.148,0.516,0.057,-0.047,24.1,1.8,0,-3.66,0.539,24.1,107.7,0.073,8.4,39.0,32.9,28.9,26.6,25.5,24.9,24.5,24.1,23.8,23.4,23.1,22.7,22.2,21.2,19.5,17.1,14.3,8.7
510,9.790,0.000,430.9,110.3,-12.1,2,12094,0.000,0.142,0.524,0.049,-0.040,23.8,2.8,0,-3.70,0.516,23.8,107.0,0.044,8.6,38.7,32.6,28.5,26.3,25.2,24.6,24.1,23.8,23.5,23.1,22.8,22.4,21.9,21.0,19.3,16.8,14.1,8.6
511,9.810,0.000,431.5,109.3,-11.7,2,11996,0.000,0.125,0.529,0.042,-0.035,23.6,3.1,0,-3.74,0.505,23.6,106.4,0.024,8.7,38.5,32.3,28.3,26.0,24.9,24.4,23.9,23.6,23.2,22.9,22.6,22.1,21.6,20.7,19.1,16.6,13.9,8.5
512,9.830,0.000,432.1,108.4,-11.5,2,11916,0.000,0.100,0.528,0.035,-0.032,23.4,2.5,0,-3.78,0.499,23.4,105.9,0.010,8.8,38.3,32.1,28.1,25.8,24.8,24.2,23.7,23.4,23.1,22.7,22.4,22.0,21.5,20.6,18.9,16.5,13.8,8.4
513,9.850,0.000,432.7,107.4,-11.4,2,11855,0.000,0.069,0.525,0.027,-0.030,23.3,1.1,0,-3.81,0.500,23.3,105.7,-0.000,8.9,38.2,32.0,28.0,25.7,24.6,24.1,23.6,23.3,22.9,22.6,22.3,21.8,21.3,20.4,18.8,16.4,13.7,8.3
514,9.870,0.000,433.3,106.6,-11.3,2,11810,0.000,0.034,0.520,0.020,-0.030,23.2,-0.9,0,-3.84,0.503,23.2,105.5,-0.007,9.0,38.2,32.0,27.9,25.6,24.6,24.0,23.5,23.2,22.9,22.5,22.2,21.8,21.3,20.4,18.7,16.3,13.6,8.3
515,9.890,0.000,433.9,105.8,-11.4,2,11780,0.000,0.000,0.513,0.012,-0.031,23.2,-3.4,0,-3.87,0.511,23.2,105.5,0.000,9.0,38.3,32.0,27.9,25.6,24.6,24.0,23.5,23.2,22.8,22.5,22.2,21.7,21.2,20.3,18.7,16.2,13.5,8.2
516,9.910,0.000,434.5,105.1,-11.6,2,11759,0.116,0.000,0.504,0.004,-0.033,23.2,-5.9,0,-3.91,0.521,23.2,105.6,0.129,9.1,38.4,32.1,28.0,25.7,24.6,24.0,23.5,23.2,22.9,22.5,22.2,21.8,21.3,20.3,18.7,16.2,13.5,8.2
517,9.930,0.000,435.1,104.5,-11.8,2,11772,0.169,0.000,0.495,-0.003,-0.036,23.2,-4.0,0,-3.94,0.533,23.2,105.7,0.179,9.1,38.7,32.2,28.1,25.7,24.6,24.1,23.6,23.2,22.9,22.6,22.2,21.8,21.3,20.4,18.7,16.2,13.5,8.1
518,9.950,0.000,435.6,104.1,-12.0,2,11816,0.221,0.000,0.488,-0.011,-0.039,23.3,-1.9,0,-3.98,0.544,23.3,105.9,0.229,9.2,39.0,32.3,28.1,25.8,24.7,24.1,23.7,23.3,23.0,22.6,22.3,21.8,21.3,20.4,18.7,16.2,13.5,8.1
519,9.970,0.000,436.2,103.7,-12.2,2,11885,0.273,0.000,0.485,-0.018,-0.041,23.4,0.4,0,-4.02,0.554,23.4,106.1,0.279,9.2,39.3,32.4,28.2,25.9,24.8,24.2,23.7,23.4,23.0,22.7,22.3,21.9,21.4,20.4,18.7,16.2,13.5,8.1
520,9.990,0.000,436.8,103.5,-12.3,2,11976,0.324,0.000,0.483,-0.026,-0.043,23.4,2.8,0,-4.07,0.559,23.4,106.2,0.329,9.3,39.6,32.5,28.3,25.9,24.8,24.2,23.7,23.4,23.0,22.7,22.4,21.9,21.4,20.4,18.7,16.2,13.4,8.0
521,10.010,0.000,437.4,103.3,-12.4,2,12086,0.375,0.000,0.485,-0.033,-0.044,23.4,5.3,0,-4.12,0.561,23.4,106.2,0.379,9.3,39.9,32.5,28.3,25.9,24.8,24.2,23.7,23.4,23.0,22.7,22.3,21.9,21.4,20.4,18.7,16.2,13.4,8.0
522,10.030,0.000,437.9,103.3,-12.4,2,12214,0.426,0.000,0.489,-0.040,-0.044,23.3,7.9,0,-4.17,0.558,23.3,106.1,0.429,9.4,40.1,32.5,28.3,25.9,24.8,24.2,23.7,23.3,23.0,22.6,22.3,21.8,21.3,20.4,18.6,16.1,13.3,7.9
523,10.050,0.000,438.5,103.3,-12.3,2,12360,0.477,0.000,0.496,-0.048,-0.044,23.2,10.5,0,-4.24,0.553,23.2,105.9,0.479,9.5,40.3,32.5,28.2,25.8,24.7,24.1,23.6,23.2,22.9,22.5,22.2,21.7,21.2,20.3,18.5,16.0,13.2,7.9
524,10.070,0.000,439.1,103.4,-12.1,2,12522,0.527,0.000,0.503,-0.055,-0.042,23.1,13.3,0,-4.30,0.544,23.1,105.6,0.529,9.6,40.5,32.4,28.1,25.7,24.6,24.0,23.5,23.1,22.8,22.4,22.1,21.6,21.1,20.1,18.4,15.9,13.1,7.8
525,10.090,0.000,439.6,103.6,-11.9,2,12703,0.578,0.000,0.512,-0.062,-0.039,23.0,16.2,0,-4.36,0.533,23.0,105.2,0.579,9.7,40.5,32.2,27.9,25.5,24.4,23.8,23.3,23.0,22.6,22.3,21.9,21.5,20.9,20.0,18.3,15.8,13.0,7.7
526,10.110,0.000,440.2,103.9,-11.7,2,12903,0.628,0.000,0.521,-0.069,-0.036,22.8,19.2,0,-4.43,0.522,22.8,104.8,0.629,9.8,40.5,32.1,27.7,25.3,24.2,23.6,23.1,22.8,22.4,22.1,21.7,21.3,20.8,19.8,18.1,15.6,12.9,7.6
527,10.130,0.000,440.8,104.2,-11.5,2,13124,0.678,0.000,0.529,-0.077,-0.033,22.6,22.5,0,-4.50,0.510,22.6,104.3,0.679,9.9,40.5,31.9,27.5,25.2,24.0,23.4,22.9,22.6,22.2,21.9,21.6,21.1,20.6,19.6,17.9,15.4,12.7,7.6
528,10.150,0.000,441.4,104.6,-11.3,2,13365,0.000,0.021,0.537,-0.084,-0.030,22.4,26.1,0,-4.56,0.498,22.4,103.9,0.469,10.0,40.5,31.7,27.3,25.0,23.8,23.3,22.8,22.4,22.1,21.7,21.4,20.9,20.4,19.5,17.8,15.3,12.6,7.5
529,10.170,0.000,441.9,104.8,-11.1,2,12366,0.000,0.055,0.545,-0.092,-0.027,22.2,5.7,0,-4.63,0.488,22.2,103.4,0.321,10.2,40.5,31.6,27.1,24.8,23.6,23.1,22.6,22.2,21.9,21.5,21.2,20.7,20.2,19.3,17.6,15.1,12.5,7.4
530,10.190,0.000,442.5,104.5,-10.5,2,11842,0.000,0.072,0.558,-0.100,-0.022,22.0,-0.3,0,-4.71,0.477,22.0,102.7,0.218,10.3,40.3,31.3,26.9,24.5,23.4,22.8,22.3,22.0,21.6,21.3,20.9,20.5,20.0,19.1,17.4,14.9,12.3,7.3
531,10.210,0.000,443.1,103.9,-9.9,2,11642,0.000,0.079,0.574,-0.107,-0.017,21.7,-0.8,0,-4.78,0.470,21.7,102.0,0.145,10.5,40.1,31.1,26.6,24.2,23.1,22.5,22.0,21.7,21.3,21.0,20.7,20.2,19.7,18.8,17.1,14.7,12.1,7.2
532,10.230,0.000,443.7,103.3,-9.3,2,11526,0.000,0.079,0.589,-0.115,-0.012,21.4,-0.4,0,-4.86,0.470,21.4,101.4,0.095,10.6,40.0,30.9,26.3,24.0,22.8,22.3,21.8,21.4,21.1,20.8,20.4,20.0,19.5,18.6,16.9,14.5,12.0,7.2
533,10.250,0.000,444.2,102.6,-8.8,2,11439,0.000,0.047,0.597,-0.122,-0.009,21.2,-0.1,0,-4.93,0.470,21.2,101.3,0.059,10.8,39.9,30.7,26.1,23.8,22.6,22.1,21.6,21.2,20.9,20.6,20.2,19.8,19.3,18.4,16.7,14.4,11.8,7.1
534,10.270,0.000,444.8,101.9,-8.5,2,11398,0.000,0.011,0.598,-0.130,-0.007,21.1,-1.3,0,-5.00,0.470,21.1,101.4,0.035,10.9,39.9,30.7,26.0,23.6,22.5,21.9,21.4,21.1,20.8,20.4,20.1,19.7,19.2,18.3,16.6,14.3,11.7,7.0
535,10.290,0.000,445.3,101.3,-8.2,2,11378,0.065,0.000,0.593,-0.137,-0.007,21.0,-3.5,0,-5.07,0.470,21.0,101.5,0.123,11.0,40.1,30.8,25.9,23.5,22.4,21.9,21.4,21.0,20.7,20.4,20.0,19.6,19.1,18.2,16.5,14.2,11.7,7.0
536,10.310,0.000,445.9,100.7,-8.1,2,11371,0.126,0.000,0.583,-0.144,-0.008,21.0,-3.5,0,-5.13,0.470,21.0,101.6,0.173,11.0,40.3,31.1,25.9,23.5,22.4,21.8,21.4,21.0,20.7,20.3,20.0,19.6,19.1,18.1,16.5,14.1,11.6,6.9
537,10.330,0.000,446.4,100.3,-8.1,2,11393,0.186,0.000,0.570,-0.150,-0.010,21.0,-2.4,0,-5.18,0.470,21.0,101.8,0.223,11.1,40.6,31.4,26.0,23.6,22.5,21.9,21.4,21.0,20.7,20.4,20.0,19.6,19.1,18.2,16.5,14.1,11.6,6.9
538,10.350,0.000,447.0,100.0,-8.1,2,11441,0.243,0.000,0.557,-0.157,-0.013,21.1,-0.7,0,-5.24,0.470,21.1,102.0,0.273,11.1,40.8,31.9,26.2,23.7,22.5,21.9,21.4,21.1,20.7,20.4,20.1,19.6,19.1,18.2,16.5,14.1,11.6,6.8
539,10.370,0.000,447.5,99.8,-8.2,2,11512,0.299,0.000,0.546,-0.163,-0.016,21.2,1.1,0,-5.29,0.470,21.2,102.4,0.323,11.1,41.1,32.4,26.3,23.7,22.6,22.0,21.5,21.2,20.8,20.5,20.1,19.7,19.1,18.2,16.5,14.1,11.6,6.8
540,10.390,0.000,448.0,99.6,-8.2,2,11605,0.354,0.000,0.541,-0.169,-0.019,21.2,3.1,0,-5.34,0.476,21.2,102.7,0.373,11.1,41.4,32.9,26.5,23.8,22.7,22.1,21.6,21.2,20.9,20.5,20.2,19.7,19.2,18.3,16.5,14.1,11.5,6.8
541,10.410,0.000,448.6,99.6,-8.2,2,11718,0.408,0.000,0.540,-0.175,-0.021,21.2,5.3,0,-5.39,0.482,21.2,103.1,0.423,11.1,41.6,33.3,26.7,23.9,22.7,22.1,21.6,21.2,20.9,20.5,20.2,19.7,19.2,18.3,16.5,14.1,11.5,6.7
542,10.430,0.000,449.1,99.7,-8.2,2,11848,0.461,0.000,0.541,-0.181,-0.022,21.2,7.5,0,-5.43,0.483,21.2,103.6,0.473,11.2,41.8,33.6,27.0,24.0,22.7,22.1,21.6,21.2,20.9,20.5,20.2,19.7,19.2,18.3,16.5,14.1,11.5,6.7
543,10.450,0.000,449.7,99.8,-8.2,2,11997,0.513,0.000,0.544,-0.187,-0.022,21.2,9.9,0,-5.48,0.483,21.2,104.1,0.523,11.2,41.9,33.8,27.1,24.0,22.7,22.1,21.6,21.2,20.8,20.5,20.1,19.7,19.2,18.2,16.5,14.0,11.4,6.7
544,10.470,0.000,450.2,100.1,-8.1,2,12162,0.565,0.000,0.547,-0.192,-0.022,21.1,12.4,0,-5.53,0.478,21.1,104.6,0.573,11.3,41.9,34.0,27.3,24.0,22.7,22.0,21.5,21.1,20.8,20.4,20.1,19.6,19.1,18.1,16.4,14.0,11.4,6.6
545,10.490,0.000,450.7,100.3,-8.0,2,12344,0.617,0.000,0.553,-0.198,-0.021,21.1,15.1,0,-5.58,0.474,21.1,105.1,0.623,11.3,41.9,34.1,27.5,24.1,22.7,22.0,21.4,21.1,20.7,20.4,20.0,19.5,19.0,18.1,16.3,13.9,11.3,6.6
546,10.510,0.000,451.3,100.7,-8.0,2,12544,0.668,0.000,0.558,-0.203,-0.021,21.0,18.0,0,-5.63,0.470,21.0,105.7,0.673,11.4,41.9,34.2,27.7,24.1,22.7,22.0,21.4,21.0,20.6,20.3,19.9,19.5,18.9,18.0,16.3,13.8,11.2,6.5
547,10.530,0.000,451.8,101.1,-8.0,2,12764,0.719,0.000,0.564,-0.209,-0.020,21.0,21.4,0,-5.67,0.470,21.0,106.3,0.723,11.5,41.9,34.3,28.0,24.2,22.7,22.0,21.4,21.0,20.6,20.2,19.9,19.4,18.9,17.9,16.2,13.7,11.2,6.5
548,10.550,0.000,452.4,101.6,-8.1,2,13009,0.542,0.000,0.566,-0.214,-0.020,21.0,25.2,0,-5.70,0.470,21.0,106.8,0.773,11.6,42.0,34.4,28.3,24.4,22.8,22.0,21.4,21.0,20.6,20.2,19.8,19.3,18.8,17.8,16.1,13.7,11.1,6.4
549,10.570,0.000,452.9,102.1,-8.3,2,13166,0.639,0.000,0.566,-0.220,-0.020,21.0,21.2,0,-5.73,0.470,21.0,107.2,0.823,11.6,42.0,34.5,28.5,24.6,22.9,22.1,21.5,21.0,20.6,20.2,19.8,19.3,18.8,17.8,16.1,13.6,11.0,6.4
550,10.590,0.000,453.5,102.5,-8.4,2,13331,0.725,0.000,0.566,-0.226,-0.021,21.1,22.1,0,-5.74,0.470,21.1,107.6,0.873,11.7,42.1,34.6,28.8,24.9,23.1,22.2,21.6,21.1,20.7,20.2,19.8,19.3,18.7,17.8,16.0,13.6,11.0,6.4
551,10.610,0.000,454.0,103.0,-8.6,2,13530,0.647,0.000,0.566,-0.232,-0.021,21.2,26.0,0,-5.75,0.470,21.2,108.0,0.923,11.7,42.1,34.8,29.0,25.2,23.3,22.4,21.7,21.2,20.8,20.3,19.9,19.3,18.7,17.7,16.0,13.5,10.9,6.3
552,10.630,0.000,454.6,103.4,-8.8,2,13698,0.714,0.000,0.563,-0.238,-0.022,21.4,25.9,0,-5.75,0.470,21.4,108.2,0.973,11.8,42.2,34.9,29.3,25.6,23.6,22.7,21.9,21.4,20.9,20.4,20.0,19.4,18.8,17.7,15.9,13.5,10.9,6.3
553,10.650,0.000,455.1,103.9,-9.1,2,13885,0.535,0.000,0.558,-0.244,-0.024,21.6,28.6,0,-5.73,0.470,21.6,108.5,1.000,11.8,42.3,35.1,29.5,25.9,24.0,23.0,22.2,21.6,21.1,20.6,20.1,19.5,18.9,17.8,15.9,13.4,10.9,6.2
554,10.670,0.000,455.7,104.3,-9.5,2,13978,0.628,0.000,0.551,-0.250,-0.026,22.0,24.0,0,-5.70,0.470,22.0,108.7,1.000,11.8,42.4,35.3,29.8,26.3,24.5,23.4,22.5,22.0,21.4,20.9,20.4,19.7,19.0,17.8,15.9,13.4,10.8,6.2
555,10.690,0.000,456.2,104.7,-9.8,2,14084,0.702,0.000,0.544,-0.257,-0.028,22.4,24.5,0,-5.65,0.470,22.4,108.8,1.000,11.8,42.5,35.4,30.1,26.7,24.9,23.9,23.0,22.4,21.8,21.2,20.7,20.0,19.2,18.0,15.9,13.4,10.8,6.2
556,10.710,0.000,456.8,105.1,-10.2,2,14227,0.606,0.000,0.542,-0.263,-0.030,22.8,28.0,0,-5.59,0.479,22.8,109.0,1.000,11.9,42.7,35.6,30.3,27.0,25.3,24.3,23.4,22.8,22.2,21.6,21.0,20.2,19.4,18.1,16.0,13.4,10.8,6.1
557,10.730,0.000,457.4,105.5,-10.6,2,14328,0.685,0.000,0.535,-0.270,-0.032,23.3,26.9,0,-5.52,0.481,23.3,109.5,1.000,11.9,42.8,35.8,30.6,27.3,25.6,24.7,23.9,23.3,22.7,22.1,21.4,20.6,19.8,18.3,16.1,13.4,10.7,6.1
558,10.750,0.000,457.9,105.9,-11.0,2,14457,0.508,0.000,0.531,-0.277,-0.035,23.7,29.3,0,-5.44,0.490,23.7,110.2,1.000,11.9,42.9,36.0,30.8,27.6,26.0,25.1,24.3,23.7,23.1,22.5,21.9,21.1,20.2,18.6,16.2,13.4,10.7,6.0
559,10.770,0.000,458.5,106.3,-11.4,2,14491,0.607,0.000,0.525,-0.284,-0.038,24.1,24.3,0,-5.36,0.496,24.1,110.9,1.000,11.9,43.1,36.1,31.0,27.9,26.3,25.4,24.7,24.1,23.5,23.0,22.4,21.6,20.6,19.0,16.4,13.4,10.7,6.0
560,10.790,0.000,459.1,106.6,-11.8,2,14550,0.685,0.000,0.522,-0.291,-0.041,24.5,25.1,0,-5.29,0.504,24.5,111.5,1.000,11.9,43.2,36.3,31.3,28.2,26.6,25.7,25.0,24.5,23.9,23.4,22.8,22.0,21.1,19.4,16.6,13.4,10.7,6.0
561,10.810,0.000,459.6,106.9,-12.2,2,14656,0.528,0.000,0.518,-0.298,-0.044,24.8,29.1,0,-5.22,0.508,24.8,112.1,1.000,12.0,43.3,36.5,31.5,28.4,26.9,26.0,25.3,24.8,24.3,23.7,23.2,22.4,21.6,19.9,16.8,13.5,10.6,5.9
562,10.830,0.000,460.2,107.2,-12.6,2,14689,0.623,0.000,0.514,-0.305,-0.047,25.1,25.7,0,-5.15,0.514,25.1,112.6,1.000,12.0,43.5,36.6,31.7,28.7,27.1,26.3,25.6,25.1,24.6,24.1,23.5,22.8,22.0,20.3,17.2,13.6,10.6,5.9
563,10.850,0.000,460.8,107.5,-13.0,2,14754,0.657,0.000,0.512,-0.312,-0.049,25.4,27.3,0,-5.09,0.519,25.4,113.1,1.000,12.0,43.6,36.8,31.8,28.9,27.4,26.6,25.9,25.4,24.9,24.3,23.8,23.1,22.3,20.7,17.6,13.7,10.6,5.8
564,10.870,0.000,461.3,107.8,-13.4,2,14844,0.448,0.000,0.510,-0.319,-0.052,25.6,29.9,0,-5.02,0.522,25.6,113.5,1.000,12.0,43.7,36.9,32.0,29.1,27.6,26.8,26.1,25.6,25.1,24.6,24.1,23.4,22.6,21.1,18.0,13.9,10.6,5.8
565,10.890,0.000,461.9,108.1,-13.8,2,14820,0.558,0.000,0.507,-0.327,-0.055,25.8,23.6,0,-4.96,0.525,25.8,113.9,1.000,12.0,43.8,37.0,32.1,29.2,27.8,27.0,26.3,25.8,25.3,24.8,24.4,23.7,22.9,21.4,18.4,14.0,10.6,5.7
566,10.910,0.000,462.5,108.3,-14.1,2,14829,0.647,0.000,0.508,-0.334,-0.057,26.0,23.9,0,-4.91,0.528,26.0,114.3,1.000,12.0,43.9,37.1,32.3,29.4,27.9,27.1,26.5,26.0,25.5,25.0,24.6,23.9,23.1,21.7,18.8,14.3,10.6,5.7
567,10.930,0.000,463.1,108.5,-14.3,2,14894,0.589,0.000,0.508,-0.342,-0.058,26.1,27.9,0,-4.86,0.527,26.1,114.4,1.000,11.9,43.9,37.1,32.3,29.5,28.0,27.3,26.6,26.1,25.7,25.2,24.7,24.1,23.3,21.9,19.1,14.5,10.6,5.6
568,10.950,0.000,463.6,108.8,-14.6,2,14948,0.538,0.000,0.508,-0.349,-0.060,26.3,28.5,0,-4.81,0.526,26.3,114.6,1.000,11.9,44.0,37.2,32.4,29.6,28.1,27.4,26.7,26.3,25.8,25.3,24.9,24.2,23.5,22.1,19.4,14.9,10.7,5.6
569,10.970,0.000,464.2,109.0,-14.9,2,14968,0.630,0.000,0.508,-0.357,-0.062,26.4,26.9,0,-4.77,0.527,26.4,114.8,1.000,11.9,44.0,37.3,32.5,29.7,28.3,27.5,26.9,26.4,25.9,25.5,25.0,24.4,23.6,22.3,19.6,15.2,10.8,5.5
570,10.990,0.000,464.8,109.3,-15.1,2,15031,0.457,0.000,0.510,-0.364,-0.064,26.5,29.4,0,-4.72,0.527,26.5,114.9,1.000,11.8,44.1,37.3,32.5,29.7,28.3,27.6,26.9,26.5,26.0,25.6,25.1,24.5,23.8,22.4,19.8,15.6,10.9,5.5
571,11.010,0.000,465.4,109.5,-15.3,2,15002,0.566,0.000,0.511,-0.372,-0.065,26.6,24.4,0,-4.68,0.525,26.6,115.0,1.000,11.8,44.1,37.3,32.6,29.8,28.4,27.7,27.0,26.6,26.1,25.7,25.2,24.6,23.9,22.5,20.0,15.8,11.0,5.4
572,11.030,0.000,466.0,109.7,-15.4,2,15012,0.653,0.000,0.515,-0.380,-0.065,26.6,25.4,0,-4.65,0.523,26.6,115.0,1.000,11.7,44.1,37.3,32.6,29.8,28.4,27.7,27.0,26.6,26.1,25.7,25.2,24.6,23.9,22.6,20.1,16.1,11.2,5.4
573,11.050,0.000,466.5,110.0,-15.5,2,15082,0.443,0.000,0.518,-0.387,-0.066,26.6,29.5,0,-4.62,0.518,26.6,115.0,1.000,11.7,44.0,37.2,32.5,29.7,28.4,27.7,27.0,26.6,26.1,25.7,25.3,24.7,24.0,22.7,20.2,16.2,11.4,5.3
574,11.070,0.000,467.1,110.2,-15.6,2,15047,0.554,0.000,0.521,-0.395,-0.066,26.6,24.4,0,-4.59,0.513,26.6,114.8,1.000,11.6,44.0,37.2,32.5,29.7,28.4,27.6,27.0,26.6,26.1,25.7,25.3,24.7,24.0,22.7,20.2,16.4,11.7,5.3
575,11.090,0.000,467.7,110.4,-15.6,2,15055,0.643,0.000,0.525,-0.403,-0.066,26.6,25.4,0,-4.56,0.510,26.6,114.7,1.000,11.6,43.9,37.1,32.4,29.7,28.3,27.6,27.0,26.6,26.1,25.7,25.2,24.6,24.0,22.7,20.3,16.5,11.9,5.2
576,11.110,0.000,468.3,110.6,-15.7,2,15122,0.442,0.000,0.529,-0.411,-0.065,26.5,29.4,0,-4.54,0.505,26.5,114.0,1.000,11.5,43.8,37.0,32.3,29.6,28.3,27.5,26.9,26.5,26.1,25.6,25.2,24.6,23.9,22.7,20.3,16.6,12.1,5.2
577,11.130,0.000,468.9,110.9,-15.8,2,15087,0.554,0.000,0.537,-0.419,-0.064,26.4,24.3,0,-4.53,0.498,26.4,113.1,1.000,11.4,43.7,36.9,32.2,29.5,28.1,27.4,26.8,26.4,26.0,25.5,25.1,24.5,23.9,22.6,20.3,16.6,12.2,5.2
578,11.150,0.000,469.5,111.1,-15.6,2,15093,0.643,0.000,0.527,-0.427,-0.065,26.2,25.2,0,-4.53,0.488,26.2,112.0,1.000,11.4,43.4,36.6,32.0,29.2,27.9,27.2,26.6,26.2,25.8,25.3,24.9,24.3,23.7,22.5,20.1,16.6,12.3,5.2
579,11.170,0.000,470.1,111.5,-15.4,2,15158,0.000,0.000,0.487,-0.434,-0.076,25.9,29.1,0,-4.53,0.502,25.9,111.0,1.000,11.3,43.1,36.3,31.7,29.0,27.7,27.0,26.4,25.9,25.5,25.1,24.7,24.1,23.5,22.3,20.0,16.5,12.3,5.2
580,11.190,0.000,470.7,111.6,-14.9,2,14853,0.000,0.058,0.482,-0.439,-0.086,25.6,7.1,0,-4.55,0.556,25.6,110.0,0.693,11.3,42.8,36.0,31.3,28.6,27.3,26.6,26.0,25.6,25.2,24.8,24.4,23.8,23.2,22.0,19.7,16.3,12.3,5.2
581,11.210,0.000,471.3,111.4,-14.4,2,12635,0.000,0.152,0.458,-0.444,-0.095,25.3,0.2,0,-4.57,0.563,25.3,107.8,0.000,11.2,42.3,35.5,30.9,28.2,26.9,26.3,25.7,25.3,24.9,24.4,24.0,23.5,22.8,21.7,19.5,16.1,12.2,5.2
582,11.230,0.000,471.9,110.8,-13.8,2,12229,0.000,0.194,0.452,-0.446,-0.104,24.9,1.1,0,-4.59,0.595,24.9,106.4,0.000,11.2,41.9,35.1,30.5,27.9,26.6,25.9,25.3,24.9,24.5,24.1,23.7,23.1,22.5,21.4,19.2,15.9,12.1,5.3
583,11.250,0.000,472.6,110.0,-13.2,2,11955,0.000,0.167,0.430,-0.448,-0.114,24.6,3.3,0,-4.61,0.603,24.6,106.2,0.000,11.2,41.5,34.7,30.1,27.5,26.2,25.6,25.0,24.6,24.2,23.8,23.4,22.9,22.2,21.1,19.0,15.8,12.1,5.3
584,11.270,0.000,473.2,109.0,-12.8,2,11821,0.000,0.113,0.417,-0.448,-0.125,24.4,3.1,0,-4.61,0.633,24.4,106.3,-0.007,11.2,41.3,34.5,29.9,27.3,26.0,25.3,24.8,24.4,24.0,23.6,23.2,22.6,22.0,20.9,18.8,15.6,12.0,5.4
585,11.290,0.000,473.8,108.1,-12.6,2,11782,0.000,0.052,0.393,-0.446,-0.138,24.2,0.6,0,-4.61,0.651,24.2,106.6,-0.012,11.1,41.1,34.3,29.7,27.1,25.8,25.2,24.6,24.2,23.8,23.4,23.0,22.5,21.9,20.8,18.7,15.6,12.1,5.5
586,11.310,0.000,474.4,107.2,-12.5,2,11797,0.000,0.000,0.373,-0.443,-0.153,24.1,-3.3,0,-4.61,0.684,24.1,106.9,0.000,11.1,41.0,34.2,29.6,27.0,25.8,25.1,24.5,24.1,23.7,23.4,23.0,22.4,21.8,20.7,18.7,15.6,12.1,5.6
587,11.330,0.000,475.0,106.5,-12.5,2,11828,0.052,0.000,0.343,-0.439,-0.169,24.1,-7.4,0,-4.59,0.710,24.1,107.2,0.131,11.0,41.1,34.2,29.6,27.0,25.8,25.1,24.5,24.1,23.7,23.4,23.0,22.4,21.8,20.7,18.7,15.6,12.2,5.7
588,11.350,0.000,475.6,105.9,-12.5,2,11814,0.118,0.000,0.309,-0.433,-0.186,24.2,-7.7,0,-4.57,0.752,24.2,107.8,0.181,10.9,41.2,34.2,29.6,27.0,25.8,25.1,24.6,24.2,23.8,23.4,23.0,22.5,21.9,20.8,18.7,15.7,12.2,5.8
589,11.370,0.000,476.2,105.4,-12.5,2,11836,0.180,0.000,0.246,-0.426,-0.203,24.2,-6.2,0,-4.56,0.797,24.2,108.1,0.231,10.9,41.3,34.3,29.7,27.1,25.8,25.2,24.6,24.2,23.8,23.4,23.1,22.5,21.9,20.8,18.8,15.8,12.3,5.9
590,11.390,0.000,476.7,105.0,-12.5,2,11890,0.240,0.000,0.165,-0.417,-0.220,24.3,-4.2,0,-4.54,0.810,24.3,108.7,0.281,10.8,41.4,34.4,29.8,27.1,25.9,25.2,24.7,24.3,23.9,23.5,23.1,22.6,22.0,20.9,18.8,15.8,12.4,6.0
591,11.410,0.000,477.3,104.8,-12.5,2,11974,0.298,0.000,0.075,-0.406,-0.237,24.3,-2.1,0,-4.53,0.810,24.3,109.2,0.331,10.7,41.5,34.5,29.8,27.2,26.0,25.3,24.7,24.3,23.9,23.6,23.2,22.6,22.0,21.0,18.9,15.9,12.5,6.1
592,11.430,0.000,477.9,104.7,-12.6,2,12083,0.355,0.000,-0.007,-0.394,-0.253,24.4,0.1,0,-4.52,0.810,24.4,109.4,0.381,10.6,41.6,34.6,29.9,27.3,26.0,25.4,24.8,24.4,24.0,23.6,23.2,22.7,22.1,21.0,19.0,16.0,12.6,6.2
593,11.450,0.000,478.4,104.6,-12.7,2,12217,0.410,0.000,0.011,-0.381,-0.247,24.4,2.5,0,-4.51,0.810,24.4,109.5,0.431,10.6,41.7,34.7,30.0,27.3,26.1,25.4,24.8,24.4,24.0,23.7,23.3,22.7,22.1,21.1,19.0,16.0,12.6,6.3
594,11.470,0.000,479.0,104.7,-12.8,2,12373,0.464,0.000,0.035,-0.369,-0.241,24.4,5.4,0,-4.51,0.810,24.4,110.6,0.481,10.6,41.8,34.7,30.0,27.3,26.1,25.4,24.8,24.4,24.0,23.6,23.3,22.7,22.1,21.0,19.0,16.0,12.7,6.4
595,11.490,0.000,479.5,104.9,-12.6,2,12548,0.517,0.000,0.067,-0.358,-0.233,24.4,7.4,0,-4.52,0.810,24.4,114.2,0.531,10.5,41.8,34.6,29.9,27.2,26.0,25.3,24.8,24.4,24.0,23.6,23.2,22.7,22.1,21.0,19.0,16.0,12.6,6.4
596,11.510,0.000,480.0,105.3,-12.1,2,12732,0.570,0.000,0.110,-0.347,-0.222,24.2,8.9,0,-4.53,0.810,24.2,115.1,0.581,10.5,41.6,34.4,29.7,27.1,25.8,25.1,24.6,24.2,23.8,23.4,23.0,22.5,21.9,20.8,18.8,15.9,12.6,6.4
597,11.530,0.000,480.6,105.7,-11.5,2,12927,0.622,0.000,0.164,-0.337,-0.210,23.9,10.8,0,-4.56,0.810,23.9,114.4,0.631,10.6,41.3,34.1,29.4,26.8,25.5,24.9,24.3,23.9,23.5,23.1,22.8,22.2,21.7,20.6,18.6,15.7,12.5,6.4
598,11.550,0.000,481.1,106.2,-10.8,2,13134,0.674,0.000,0.224,-0.327,-0.196,23.6,13.2,0,-4.60,0.810,23.6,113.6,0.681,10.6,41.0,33.8,29.1,26.4,25.2,24.6,24.0,23.6,23.2,22.8,22.5,22.0,21.4,20.3,18.4,15.5,12.3,6.4
599,11.570,0.000,481.7,106.7,-10.1,2,13360,0.725,0.000,0.285,-0.318,-0.183,23.3,16.4,0,-4.63,0.810,23.3,112.7,0.731,10.7,40.6,33.4,28.7,26.1,24.9,24.2,23.7,23.3,22.9,22.5,22.2,21.6,21.1,20.0,18.1,15.3,12.2,6.4
600,11.590,0.000,482.2,107.3,-9.5,2,13609,0.776,0.000,0.340,-0.310,-0.170,23.0,20.2,0,-4.67,0.810,23.0,111.9,0.781,10.8,40.2,33.0,28.3,25.8,24.5,23.9,23.4,23.0,22.6,22.2,21.9,21.3,20.8,19.8,17.9,15.1,12.1,6.4
601,11.610,0.000,482.8,107.9,-9.1,2,13886,0.827,0.000,0.365,-0.302,-0.159,22.7,24.7,0,-4.71,0.755,22.7,111.2,0.831,10.8,39.9,32.7,28.0,25.5,24.2,23.6,23.1,22.7,22.3,21.9,21.6,21.1,20.5,19.5,17.6,14.9,11.9,6.4
602,11.630,0.000,483.4,108.6,-8.9,2,14191,0.797,0.000,0.397,-0.295,-0.148,22.5,28.7,0,-4.74,0.722,22.5,110.6,0.881,10.9,39.6,32.4,27.8,25.2,24.0,23.4,22.8,22.5,22.1,21.7,21.4,20.9,20.3,19.3,17.4,14.8,11.8,6.4
603,11.650,0.000,483.9,109.4,-8.8,2,14477,0.000,0.065,0.420,-0.289,-0.138,22.2,30.4,0,-4.78,0.679,22.2,107.6,0.609,11.0,39.4,32.2,27.5,25.0,23.8,23.2,22.6,22.2,21.9,21.5,21.2,20.7,20.1,19.1,17.3,14.6,11.8,6.4
604,11.670,0.000,484.5,109.8,-8.6,2,12884,0.000,0.219,0.448,-0.283,-0.128,22.1,5.1,0,-4.81,0.646,22.1,104.9,0.000,11.0,39.2,32.0,27.3,24.8,23.6,23.0,22.4,22.1,21.7,21.3,21.0,20.5,19.9,18.9,17.1,14.5,11.7,6.4
605,11.690,0.000,485.1,109.3,-8.0,2,12200,0.000,0.196,0.482,-0.279,-0.117,21.8,4.1,0,-4.85,0.609,21.8,104.9,0.000,11.1,39.0,31.7,27.1,24.5,23.3,22.7,22.2,21.8,21.4,21.1,20.7,20.2,19.7,18.7,16.9,14.3,11.5,6.4
606,11.710,0.000,485.6,108.4,-7.4,2,12007,0.000,0.158,0.507,-0.274,-0.107,21.5,5.6,0,-4.90,0.563,21.5,104.8,0.000,11.2,38.7,31.4,26.8,24.2,23.0,22.4,21.9,21.5,21.2,20.8,20.5,20.0,19.4,18.5,16.7,14.2,11.4,6.4
607,11.730,0.000,486.2,107.5,-7.0,2,11913,0.000,0.115,0.522,-0.271,-0.097,21.3,4.7,0,-4.94,0.529,21.3,104.7,-0.007,11.3,38.4,31.1,26.5,24.0,22.8,22.2,21.7,21.3,20.9,20.6,20.2,19.8,19.2,18.3,16.5,14.0,11.3,6.3
608,11.750,0.000,486.8,106.5,-6.6,2,11875,0.000,0.069,0.530,-0.268,-0.090,21.2,2.4,0,-4.98,0.509,21.2,104.8,-0.012,11.4,38.3,31.0,26.3,23.8,22.6,22.0,21.5,21.2,20.8,20.4,20.1,19.6,19.1,18.1,16.4,13.9,11.2,6.3
609,11.770,0.000,487.3,105.7,-6.3,2,11849,0.000,0.022,0.532,-0.265,-0.085,21.1,-0.7,0,-5.01,0.497,21.1,104.9,-0.015,11.5,38.3,30.9,26.3,23.8,22.6,22.0,21.4,21.1,20.7,20.4,20.0,19.5,19.0,18.1,16.3,13.8,11.2,6.3
610,11.790,0.000,487.9,105.0,-6.2,2,11822,0.081,0.000,0.529,-0.263,-0.081,21.1,-4.3,0,-5.03,0.494,21.1,105.1,0.130,11.5,38.4,31.0,26.3,23.8,22.6,22.0,21.5,21.1,20.7,20.4,20.0,19.5,19.0,18.1,16.3,13.8,11.2,6.3
611,11.810,0.000,488.4,104.4,-6.2,2,11819,0.141,0.000,0.522,-0.261,-0.080,21.2,-4.8,0,-5.04,0.498,21.2,105.4,0.180,11.4,38.7,31.2,26.5,23.9,22.7,22.1,21.6,21.2,20.8,20.5,20.1,19.6,19.1,18.1,16.4,13.9,11.2,6.3
612,11.830,0.000,489.0,104.0,-6.4,2,11844,0.199,0.000,0.512,-0.259,-0.081,21.4,-3.9,0,-5.04,0.509,21.4,105.6,0.230,11.4,39.1,31.5,26.7,24.1,22.9,22.3,21.7,21.4,21.0,20.6,20.3,19.8,19.3,18.3,16.5,14.0,11.3,6.4
613,11.850,0.000,489.5,103.7,-6.7,2,11894,0.255,0.000,0.500,-0.258,-0.083,21.6,-2.3,0,-5.03,0.521,21.6,105.8,0.280,11.3,39.5,31.8,27.0,24.4,23.1,22.5,22.0,21.6,21.2,20.8,20.5,20.0,19.4,18.5,16.6,14.1,11.4,6.4
614,11.870,0.000,490.1,103.6,-7.1,2,11966,0.310,0.000,0.494,-0.256,-0.085,21.8,-0.4,0,-5.03,0.539,21.8,106.0,0.330,11.2,39.9,32.2,27.3,24.6,23.4,22.7,22.2,21.8,21.4,21.0,20.7,20.2,19.6,18.6,16.8,14.2,11.4,6.4
615,11.890,0.000,490.6,103.5,-7.4,2,12058,0.364,0.000,0.489,-0.255,-0.086,22.0,1.5,0,-5.03,0.546,22.0,106.2,0.380,11.2,40.4,32.5,27.5,24.8,23.6,22.9,22.4,22.0,21.6,21.2,20.9,20.3,19.8,18.8,16.9,14.3,11.5,6.4
616,11.910,0.000,491.2,103.5,-7.6,2,12168,0.418,0.000,0.492,-0.253,-0.086,22.1,3.6,0,-5.04,0.553,22.1,106.4,0.430,11.1,40.7,32.7,27.7,25.0,23.7,23.1,22.5,22.1,21.7,21.4,21.0,20.5,19.9,18.9,17.0,14.4,11.5,6.4
617,11.930,0.000,491.7,103.5,-7.7,2,12296,0.470,0.000,0.494,-0.252,-0.085,22.2,5.9,0,-5.06,0.549,22.2,106.6,0.480,11.1,41.0,32.9,27.9,25.1,23.8,23.2,22.6,22.2,21.8,21.4,21.1,20.6,20.0,18.9,17.1,14.4,11.6,6.5
618,11.950,0.000,492.3,103.7,-7.7,2,12442,0.522,0.000,0.499,-0.252,-0.084,22.3,8.5,0,-5.07,0.546,22.3,106.8,0.530,11.1,41.2,33.1,28.0,25.2,23.9,23.3,22.7,22.3,21.9,21.5,21.1,20.6,20.0,19.0,17.1,14.4,11.6,6.5
619,11.970,0.000,492.8,103.9,-7.8,2,12608,0.574,0.000,0.500,-0.251,-0.082,22.3,11.3,0,-5.09,0.539,22.3,106.9,0.580,11.1,41.4,33.2,28.1,25.3,24.0,23.3,22.7,22.3,22.0,21.6,21.2,20.7,20.1,19.0,17.1,14.4,11.6,6.5
620,11.990,0.000,493.4,104.2,-7.9,2,12794,0.625,0.000,0.502,-0.250,-0.081,22.4,14.2,0,-5.11,0.537,22.4,107.0,0.630,11.1,41.6,33.4,28.2,25.4,24.1,23.4,22.8,22.4,22.0,21.6,21.2,20.7,20.1,19.1,17.2,14.5,11.6,6.5
621,12.010,0.000,493.9,104.5,-8.1,2,13002,0.676,0.000,0.503,-0.250,-0.080,22.5,17.4,0,-5.13,0.535,22.5,107.1,0.680,11.1,41.8,33.5,28.3,25.5,24.1,23.5,22.9,22.5,22.1,21.7,21.3,20.8,20.2,19.1,17.2,14.5,11.6,6.5
622,12.030,0.000,494.5,104.9,-8.3,2,13229,0.727,0.000,0.504,-0.250,-0.079,22.5,20.3,0,-5.15,0.534,22.5,107.2,0.730,11.1,42.1,33.7,28.4,25.6,24.2,23.5,23.0,22.5,22.1,21.7,21.4,20.8,20.2,19.2,17.2,14.5,11.6,6.5
623,12.050,0.000,495.1,105.4,-8.5,2,13476,0.778,0.000,0.504,-0.250,-0.079,22.6,23.8,0,-5.16,0.533,22.6,107.2,0.780,11.1,42.4,33.9,28.6,25.7,24.3,23.6,23.0,22.6,22.2,21.8,21.4,20.9,20.3,19.2,17.3,14.5,11.6,6.5
624,12.070,0.000,495.6,105.9,-8.9,2,13752,0.542,0.000,0.502,-0.251,-0.078,22.7,28.2,0,-5.18,0.533,22.7,107.3,0.830,11.1,42.7,34.1,28.7,25.8,24.5,23.8,23.2,22.7,22.3,21.9,21.5,21.0,20.4,19.3,17.3,14.6,11.6,6.5
625,12.090,0.000,496.2,106.4,-9.3,2,13906,0.650,0.000,0.499,-0.251,-0.079,22.9,22.7,0,-5.19,0.535,22.9,107.3,0.880,11.0,43.1,34.4,29.0,26.0,24.6,23.9,23.3,22.9,22.5,22.1,21.7,21.1,20.5,19.4,17.4,14.6,11.7,6.5
626,12.110,0.000,496.8,106.8,-9.8,2,14062,0.746,0.000,0.493,-0.252,-0.081,23.1,23.6,0,-5.21,0.539,23.1,107.3,0.930,11.0,43.5,34.7,29.2,26.2,24.8,24.1,23.5,23.1,22.6,22.2,21.8,21.3,20.6,19.5,17.5,14.7,11.7,6.5
627,12.130,0.000,497.3,107.2,-10.3,2,14266,0.661,0.000,0.490,-0.254,-0.083,23.2,28.5,0,-5.22,0.547,23.2,107.4,0.980,11.0,43.9,35.1,29.5,26.4,25.0,24.3,23.7,23.2,22.8,22.4,22.0,21.4,20.8,19.7,17.6,14.8,11.8,6.5
628,12.150,0.000,497.9,107.6,-10.8,2,14439,0.674,0.000,0.484,-0.255,-0.085,23.4,28.6,0,-5.24,0.552,23.4,108.0,1.000,11.0,44.4,35.4,29.8,26.7,25.3,24.5,23.9,23.4,23.0,22.6,22.2,21.6,21.0,19.8,17.8,14.9,11.8,6.5
629,12.170,0.000,498.5,108.1,-11.4,2,14596,0.632,0.000,0.482,-0.257,-0.087,23.7,29.0,0,-5.25,0.560,23.7,108.6,1.000,10.9,44.9,35.8,30.1,26.9,25.5,24.7,24.1,23.7,23.2,22.8,22.4,21.8,21.1,20.0,17.9,14.9,11.9,6.5
630,12.190,0.000,499.1,108.4,-11.9,2,14717,0.690,0.000,0.477,-0.259,-0.090,23.9,28.2,0,-5.27,0.563,23.9,109.3,1.000,10.9,45.5,36.2,30.4,27.2,25.8,25.0,24.4,23.9,23.5,23.0,22.6,22.0,21.3,20.2,18.0,15.0,11.9,6.5
631,12.210,0.000,499.6,108.8,-12.5,2,14856,0.488,0.000,0.474,-0.261,-0.093,24.2,30.6,0,-5.30,0.570,24.2,110.0,1.000,10.9,46.3,36.7,30.8,27.5,26.0,25.3,24.6,24.2,23.7,23.3,22.8,22.2,21.6,20.4,18.2,15.2,12.0,6.5
632,12.230,0.000,500.2,109.1,-13.1,2,14880,0.591,0.000,0.467,-0.264,-0.096,24.4,24.9,0,-5.33,0.574,24.4,110.9,1.000,10.8,47.1,37.2,31.2,27.9,26.4,25.6,24.9,24.4,24.0,23.5,23.1,22.5,21.8,20.6,18.4,15.3,12.1,6.5
633,12.250,0.000,500.8,109.3,-13.7,2,14927,0.672,0.000,0.463,-0.266,-0.100,24.7,25.6,0,-5.38,0.583,24.7,111.7,1.000,10.8,48.0,37.7,31.6,28.2,26.7,25.9,25.2,24.7,24.3,23.8,23.4,22.7,22.1,20.8,18.6,15.4,12.1,6.5
634,12.270,0.000,501.4,109.5,-14.3,2,15026,0.527,0.000,0.459,-0.269,-0.104,25.0,29.5,0,-5.43,0.588,25.0,112.5,1.000,10.7,49.1,38.1,32.0,28.6,27.0,26.2,25.5,25.0,24.6,24.1,23.6,23.0,22.3,21.0,18.8,15.6,12.2,6.5
635,12.290,0.000,502.0,109.8,-14.9,2,15051,0.621,0.000,0.459,-0.272,-0.108,25.3,26.1,0,-5.50,0.593,25.3,113.3,1.000,10.7,50.2,38.6,32.4,28.9,27.3,26.5,25.8,25.3,24.8,24.4,23.9,23.3,22.5,21.3,18.9,15.7,12.3,6.5
636,12.310,0.000,502.6,110.0,-15.3,2,15108,0.623,0.000,0.458,-0.275,-0.111,25.6,27.8,0,-5.58,0.594,25.6,114.1,1.000,10.7,51.5,39.1,32.8,29.3,27.7,26.8,26.1,25.6,25.1,24.6,24.2,23.5,22.8,21.5,19.1,15.8,12.4,6.5
637,12.330,0.000,503.2,110.2,-15.8,2,15176,0.466,0.000,0.458,-0.278,-0.114,25.9,29.6,0,-5.67,0.595,25.9,114.9,1.000,10.7,52.9,39.6,33.2,29.6,28.0,27.1,26.4,25.9,25.4,24.9,24.4,23.8,23.0,21.7,19.3,15.9,12.4,6.5
638,12.350,0.000,503.8,110.4,-16.3,2,15155,0.573,0.000,0.457,-0.281,-0.117,26.2,25.0,0,-5.78,0.595,26.2,115.8,1.000,10.6,54.6,40.2,33.6,30.0,28.3,27.4,26.7,26.2,25.7,25.2,24.7,24.0,23.3,21.9,19.5,16.1,12.5,6.5
639,12.370,0.000,504.3,110.5,-16.8,2,15175,0.659,0.000,0.456,-0.284,-0.121,26.5,26.5,0,-5.91,0.596,26.5,116.6,1.000,10.6,56.4,40.8,34.0,30.3,28.6,27.8,27.0,26.5,26.0,25.5,25.0,24.3,23.5,22.1,19.7,16.2,12.6,6.5
640,12.390,0.000,504.9,110.7,-17.2,2,15258,0.288,0.000,0.458,-0.287,-0.124,26.8,31.2,0,-6.07,0.597,26.8,117.4,1.000,10.6,58.5,41.5,34.4,30.7,29.0,28.1,27.3,26.8,26.2,25.7,25.2,24.5,23.8,22.4,19.8,16.3,12.6,6.5
641,12.410,0.000,505.5,110.8,-17.6,2,15130,0.431,0.000,0.460,-0.290,-0.127,27.1,19.4,0,-6.25,0.596,27.1,118.2,1.000,10.6,60.8,42.2,34.8,31.0,29.3,28.4,27.6,27.1,26.5,26.0,25.5,24.8,24.0,22.6,20.0,16.4,12.7,6.5
642,12.430,0.000,506.1,110.9,-17.7,2,15045,0.544,0.000,0.467,-0.294,-0.129,27.3,17.8,0,-6.46,0.593,27.3,118.8,1.000,10.6,63.1,42.9,35.1,31.3,29.5,28.6,27.8,27.3,26.7,26.2,25.7,24.9,24.2,22.7,20.1,16.5,12.7,6.5
643,12.450,0.000,506.7,110.9,-17.8,2,15032,0.636,0.000,0.473,-0.297,-0.130,27.4,21.5,0,-6.68,0.583,27.4,119.2,1.000,10.6,65.6,43.5,35.3,31.5,29.7,28.8,28.0,27.4,26.9,26.3,25.8,25.1,24.3,22.8,20.2,16.5,12.7,6.5
644,12.470,0.000,507.3,111.0,-17.8,2,15096,0.550,0.000,0.480,-0.300,-0.130,27.6,27.5,0,-6.94,0.575,27.6,119.7,1.000,10.6,68.4,44.2,35.6,31.7,29.9,28.9,28.1,27.6,27.0,26.5,25.9,25.2,24.4,22.9,20.3,16.6,12.7,6.4
645,12.490,0.000,507.9,111.1,-17.9,2,15141,0.497,0.000,0.481,-0.303,-0.132,27.7,28.2,0,-7.24,0.566,27.7,120.2,1.000,10.6,71.8,45.1,35.9,31.9,30.1,29.1,28.3,27.7,27.2,26.6,26.1,25.4,24.5,23.1,20.4,16.6,12.8,6.4
646,12.510,0.000,508.5,111.3,-18.1,2,15150,0.597,0.000,0.487,-0.306,-0.133,27.9,26.4,0,-7.60,0.564,27.9,120.7,1.000,10.6,75.8,46.0,36.2,32.1,30.3,29.3,28.5,27.9,27.4,26.8,26.2,25.5,24.7,23.2,20.4,16.7,12.8,6.4
647,12.530,0.000,509.1,111.5,-18.1,2,15203,0.447,0.000,0.492,-0.309,-0.134,28.1,28.7,0,-8.00,0.555,28.1,121.2,1.000,10.6,80.4,47.1,36.6,32.3,30.5,29.5,28.7,28.1,27.5,26.9,26.4,25.6,24.8,23.3,20.5,16.7,12.8,6.4
648,12.550,0.000,509.7,111.6,-18.1,2,15171,0.557,0.000,0.509,-0.312,-0.134,28.2,24.4,0,-8.70,0.549,28.2,121.5,1.000,10.6,88.3,48.1,36.9,32.5,30.6,29.6,28.8,28.2,27.6,27.0,26.5,25.7,24.9,23.4,20.6,16.7,12.8,6.4
649,12.570,0.000,510.3,111.8,-18.0,2,15184,0.535,0.000,0.662,-0.315,-0.134,28.3,26.0,0,-13.61,0.525,28.3,121.8,0.922,10.6,164.7,49.3,37.3,32.6,30.7,29.7,28.9,28.3,27.7,27.1,26.6,25.8,24.9,23.4,20.6,16.7,12.8,6.3
650,12.590,0.000,510.9,111.9,-17.9,2,15194,0.530,0.000,0.572,-0.317,-0.133,28.3,27.2,0,-13.25,0.470,28.3,122.1,0.972,10.7,157.3,50.5,37.6,32.8,30.8,29.8,28.9,28.3,27.8,27.2,26.6,25.8,25.0,23.4,20.6,16.7,12.7,6.3
651,12.610,0.000,511.5,112.1,-17.7,2,15204,0.554,0.000,0.538,-0.320,-0.132,28.4,27.5,0,-12.89,0.470,28.4,122.5,1.000,10.7,150.4,51.8,38.0,32.9,30.9,29.9,29.0,28.4,27.8,27.2,26.7,25.9,25.0,23.4,20.6,16.7,12.7,6.3
652,12.630,0.000,512.1,112.2,-17.6,2,15229,0.503,0.000,0.525,-0.323,-0.132,28.4,28.3,0,-12.53,0.485,28.4,122.8,1.000,10.7,143.7,53.3,38.5,33.1,30.9,29.9,29.1,28.4,27.8,27.3,26.7,25.9,25.0,23.5,20.6,16.7,12.7,6.3
653,12.650,0.000,512.7,112.4,-17.4,2,15224,0.602,0.000,0.518,-0.325,-0.131,28.5,26.2,0,-12.17,0.500,28.5,123.3,1.000,10.7,137.3,54.9,38.9,33.3,31.0,30.0,29.1,28.5,27.9,27.3,26.7,25.9,25.0,23.5,20.6,16.6,12.6,6.2
654,12.670,0.000,513.3,112.6,-17.1,2,15268,0.521,0.000,0.512,-0.328,-0.129,28.5,28.4,0,-11.82,0.506,28.5,123.6,1.000,10.8,131.4,56.6,39.4,33.4,31.1,30.0,29.1,28.5,27.9,27.3,26.7,25.9,25.0,23.4,20.6,16.6,12.6,6.2
655,12.690,0.000,513.9,112.9,-16.9,2,15274,0.617,0.000,0.508,-0.330,-0.127,28.5,26.6,0,-11.47,0.510,28.5,124.1,1.000,10.8,125.6,58.6,39.9,33.6,31.2,30.0,29.1,28.5,27.9,27.3,26.7,25.9,25.0,23.4,20.5,16.5,12.5,6.2
656,12.710,0.000,514.6,113.1,-16.6,2,15329,0.503,0.000,0.505,-0.332,-0.126,28.5,29.0,0,-11.12,0.511,28.5,124.6,1.000,10.8,120.1,60.8,40.5,33.8,31.3,30.1,29.1,28.5,27.9,27.3,26.7,25.9,25.0,23.4,20.5,16.5,12.5,6.2
657,12.730,0.000,515.2,113.4,-16.4,2,15326,0.603,0.000,0.498,-0.335,-0.124,28.5,26.1,0,-10.76,0.510,28.5,125.2,1.000,10.9,114.6,63.5,41.2,34.1,31.5,30.2,29.2,28.5,27.9,27.2,26.7,25.8,24.9,23.3,20.4,16.4,12.4,6.1
658,12.750,0.000,515.8,113.6,-16.1,2,15369,0.622,0.000,0.495,-0.337,-0.123,28.6,27.9,0,-10.41,0.511,28.6,125.9,1.000,10.9,109.2,66.7,42.0,34.4,31.6,30.3,29.3,28.6,27.9,27.3,26.6,25.8,24.9,23.3,20.4,16.4,12.4,6.1
659,12.770,0.000,516.4,113.9,-15.9,2,15432,0.525,0.000,0.490,-0.338,-0.121,28.6,29.3,0,-10.06,0.506,28.6,127.2,1.000,10.9,104.0,70.4,42.9,34.8,31.9,30.5,29.4,28.6,27.9,27.3,26.6,25.8,24.9,23.3,20.4,16.4,12.3,6.1
660,12.790,0.000,517.0,114.2,-15.6,2,15436,0.620,0.000,0.487,-0.340,-0.120,28.7,26.1,0,-9.75,0.498,28.7,129.3,1.000,10.9,98.8,75.3,43.9,35.2,32.1,30.7,29.5,28.7,28.0,27.3,26.7,25.8,24.9,23.2,20.3,16.3,12.3,6.1
661,12.810,0.000,517.6,114.5,-15.3,2,15479,0.677,0.000,0.513,-0.342,-0.118,28.9,27.5,0,-10.42,0.477,28.9,131.7,1.000,11.0,93.8,152.5,45.0,35.7,32.4,30.9,29.7,28.9,28.1,27.4,26.7,25.8,24.8,23.2,20.3,16.2,12.2,6.0
662,12.830,0.000,518.2,114.8,-15.1,2,15570,0.459,0.000,0.476,-0.344,-0.116,29.0,30.9,0,-10.14,0.414,29.0,134.4,1.000,11.0,88.6,146.7,46.3,36.3,32.7,31.1,29.9,29.0,28.2,27.5,26.8,25.8,24.8,23.2,20.2,16.2,12.2,6.0
663,12.850,0.000,518.8,115.2,-14.9,2,15531,0.567,0.000,0.472,-0.345,-0.115,29.2,24.2,0,-9.81,0.407,29.2,137.5,1.000,11.0,83.2,141.0,47.9,36.9,33.2,31.5,30.1,29.2,28.4,27.6,26.9,25.9,24.9,23.2,20.2,16.2,12.2,6.0
664,12.870,0.000,519.5,115.4,-14.7,2,15528,0.654,0.000,0.442,-0.347,-0.114,29.5,24.0,0,-9.44,0.351,29.5,141.1,1.000,11.0,77.5,135.5,49.8,37.7,33.7,31.9,30.4,29.5,28.6,27.8,27.0,26.0,24.9,23.1,20.2,16.1,12.1,6.0
665,12.890,0.000,520.1,115.7,-14.4,2,15584,0.723,0.000,0.421,-0.348,-0.112,29.8,26.6,0,-9.03,0.301,29.8,145.2,1.000,11.1,71.1,130.3,51.9,38.6,34.2,32.3,30.8,29.8,28.9,28.0,27.2,26.1,25.0,23.1,20.1,16.1,12.1,5.9
666,12.910,0.000,520.7,116.1,-14.2,2,15702,0.619,0.000,0.401,-0.349,-0.111,30.2,30.7,0,-8.53,0.252,30.2,150.1,1.000,11.1,63.3,125.2,54.4,39.6,34.9,32.8,31.2,30.2,29.2,28.2,27.4,26.3,25.1,23.2,20.1,16.0,12.0,5.9
667,12.930,0.000,521.3,116.6,-14.0,2,15773,0.695,0.000,0.386,-0.351,-0.110,30.7,29.0,0,-8.05,0.210,30.7,156.2,1.000,11.1,56.9,120.0,57.8,41.0,35.8,33.5,31.8,30.7,29.6,28.6,27.7,26.5,25.3,23.3,20.1,16.0,12.0,5.9
668,12.950,0.000,521.9,117.0,-14.0,2,15877,0.674,0.000,0.371,-0.352,-0.109,31.3,30.7,0,-7.58,0.173,31.3,164.0,1.000,11.1,51.8,114.6,62.2,42.7,36.9,34.4,32.5,31.3,30.2,29.1,28.1,26.9,25.6,23.4,20.1,16.0,12.0,5.9
669,12.970,0.000,522.6,117.4,-14.0,2,15974,0.671,0.000,0.353,-0.353,-0.110,32.2,31.1,0,-7.11,0.143,32.2,149.0,1.000,11.1,47.5,109.2,68.3,44.9,38.4,35.6,33.5,32.2,30.9,29.8,28.7,27.4,25.9,23.7,20.2,16.1,12.0,5.9
670,12.990,0.000,523.2,117.9,-14.1,2,16064,0.683,0.000,0.340,-0.354,-0.110,33.2,31.1,0,-6.76,0.118,33.2,172.7,1.000,11.1,44.0,103.8,141.0,47.7,40.2,37.1,34.7,33.2,31.9,30.6,29.5,28.0,26.5,24.0,20.3,16.1,12.1,5.9
671,13.010,0.000,523.8,118.3,-14.2,2,16152,0.681,0.000,0.326,-0.355,-0.112,34.6,31.3,0,-6.40,0.097,34.6,166.5,1.000,11.1,41.1,98.3,134.6,51.3,42.5,38.9,36.3,34.6,33.1,31.7,30.4,28.7,27.1,24.5,20.5,16.2,12.1,5.9
672,13.030,0.000,524.5,118.8,-14.4,2,16233,0.698,0.000,0.308,-0.356,-0.113,36.2,31.3,0,-6.01,0.072,36.2,173.3,1.000,11.1,38.6,92.9,128.4,56.0,45.4,41.2,38.2,36.2,34.5,32.9,31.5,29.7,27.9,25.0,20.8,16.3,12.1,5.9
673,13.050,0.000,525.1,119.2,-14.6,2,16321,0.651,0.000,0.288,-0.357,-0.114,38.3,32.1,0,-5.56,0.051,38.3,187.0,1.000,11.1,36.4,87.4,122.2,62.4,49.1,44.1,40.5,38.3,36.3,34.5,32.9,30.9,28.8,25.7,21.1,16.4,12.2,5.9
674,13.070,0.000,525.8,119.7,-14.8,2,16375,0.721,0.000,0.244,-0.358,-0.116,40.9,30.8,0,-4.80,0.033,40.9,169.2,1.000,11.0,34.5,81.9,116.0,138.0,54.1,47.9,43.6,40.9,38.6,36.5,34.6,32.3,30.0,26.5,21.5,16.5,12.2,5.9
675,13.090,0.000,526.4,120.1,-15.1,2,16475,0.638,0.000,0.212,-0.358,-0.119,44.3,32.8,0,-4.42,0.020,44.3,247.6,1.000,11.0,32.8,76.2,110.0,131.2,60.9,53.0,47.6,44.3,41.5,39.0,36.8,34.1,31.5,27.6,22.1,16.6,12.3,5.9
676,13.110,0.000,527.0,120.5,-15.4,2,16522,0.710,0.000,0.169,-0.359,-0.121,48.8,30.8,0,-3.68,0.009,48.8,235.5,1.000,11.0,31.2,70.4,104.0,124.6,135.6,60.0,52.9,48.8,45.3,42.3,39.6,36.5,33.4,28.9,22.7,16.9,12.4,5.9
677,13.130,0.000,527.7,121.0,-15.7,2,16606,0.725,0.000,0.132,-0.360,-0.124,54.9,31.9,0,-3.05,0.005,54.9,224.1,1.000,11.0,29.9,64.2,98.2,118.2,128.8,134.6,60.3,54.9,50.4,46.5,43.3,39.4,35.7,30.4,23.5,17.1,12.5,5.9
678,13.150,0.000,528.3,121.4,-16.1,2,16718,0.600,0.000,0.099,-0.361,-0.127,64.2,33.4,0,-2.48,0.004,64.2,271.1,1.000,10.9,28.6,57.5,92.5,112.0,122.2,127.9,132.9,64.2,57.3,52.2,48.0,43.1,38.7,32.4,24.5,17.5,12.6,6.0
679,13.170,0.000,529.0,121.9,-16.4,2,16721,0.680,0.000,0.061,-0.361,-0.130,133.4,29.3,0,-1.77,0.003,133.4,300.2,1.000,10.9,27.5,52.0,87.0,105.9,115.8,121.3,126.2,129.7,133.4,60.2,54.5,48.1,42.5,34.8,25.6,17.9,12.7,6.0
680,13.190,0.000,529.7,122.3,-16.8,2,16763,0.744,0.000,0.025,-0.362,-0.133,130.2,29.6,0,-1.13,0.003,130.2,296.2,1.000,10.9,26.5,47.7,81.6,100.1,109.7,115.0,119.7,123.2,126.7,130.2,133.9,54.8,47.4,37.8,27.0,18.3,12.8,6.0
681,13.210,0.000,530.3,122.8,-17.1,2,16882,0.510,0.000,-0.175,-0.362,-0.135,123.8,32.7,0,-0.75,0.000,123.8,298.8,1.000,10.8,25.6,44.2,76.5,94.7,104.0,109.1,113.7,117.0,120.4,123.8,127.3,132.3,54.0,41.6,28.6,18.9,12.9,6.0
682,13.230,0.000,531.0,123.2,-17.4,2,16785,0.608,0.000,-0.316,-0.363,-0.137,117.9,23.8,0,-0.36,0.000,117.9,290.7,1.000,10.8,24.9,41.4,71.7,89.6,98.7,103.7,108.1,111.3,114.6,117.9,121.3,126.1,131.7,46.3,30.4,19.5,13.0,6.0
683,13.250,0.000,531.6,123.7,-17.6,2,16738,0.687,0.000,-0.348,-0.363,-0.134,113.8,21.1,0,-0.32,0.000,113.8,284.8,1.000,10.8,24.5,39.9,68.5,86.2,95.1,99.9,104.2,107.4,110.5,113.8,117.1,121.8,127.3,50.0,31.7,19.8,13.1,6.0
684,13.270,0.000,532.3,124.3,-17.1,2,16766,0.749,0.000,-0.340,-0.365,-0.125,112.2,22.2,0,-0.33,0.000,112.2,282.5,1.000,10.9,24.6,39.8,67.6,85.0,93.7,98.5,102.8,105.9,109.0,112.2,115.4,120.1,125.5,50.6,31.7,19.6,12.9,5.9
685,13.290,0.000,533.0,125.1,-16.0,2,16870,0.799,0.000,-0.301,-0.366,-0.111,112.4,24.6,0,-0.36,0.000,112.4,290.2,1.000,11.1,25.1,40.7,68.4,85.4,94.1,98.8,103.1,106.1,109.3,112.4,115.7,120.3,125.7,48.4,30.5,19.0,12.5,5.8
686,13.310,0.000,533.7,126.0,-14.4,2,17037,0.840,0.000,-0.244,-0.368,-0.093,113.8,27.3,0,-0.41,0.000,113.8,292.1,1.000,11.3,25.8,42.3,70.1,86.8,95.5,100.2,104.4,107.5,110.6,113.8,117.0,121.7,127.1,44.8,28.8,18.1,12.0,5.7
687,13.330,0.000,534.3,127.1,-12.6,2,17252,0.872,0.000,-0.165,-0.371,-0.075,115.6,29.9,0,-0.79,0.000,115.6,280.9,1.000,11.5,26.6,44.3,72.1,88.6,97.2,102.0,106.2,109.3,112.4,115.6,118.9,123.6,55.8,41.1,27.0,17.3,11.6,5.6
688,13.350,0.000,535.0,128.2,-10.7,2,17478,0.897,0.000,-0.093,-0.373,-0.056,117.4,31.9,0,-0.86,0.000,117.4,289.7,1.000,11.7,27.4,46.4,74.0,90.3,98.9,103.7,107.9,111.0,114.2,117.4,120.7,125.4,50.3,37.9,25.4,16.5,11.2,5.4
689,13.370,0.000,535.7,129.3,-9.1,2,17681,0.918,0.000,-0.015,-0.377,-0.039,118.6,33.5,0,-1.21,0.000,118.6,280.5,1.000,11.9,28.2,48.2,75.3,91.5,100.1,104.9,109.1,112.2,115.4,118.6,121.9,56.5,46.4,35.5,24.2,15.8,10.8,5.3
690,13.390,0.000,536.4,130.4,-7.8,2,17853,0.934,0.000,-0.103,-0.381,-0.024,119.1,35.0,0,-1.26,-0.850,121.5,284.5,1.000,12.1,28.7,49.4,76.0,92.0,100.6,105.3,109.6,112.7,115.8,119.1,122.4,52.4,44.1,34.0,23.3,15.4,10.5,5.2
691,13.410,0.000,537.1,131.5,-6.9,2,18018,0.947,0.000,-0.048,-0.385,-0.010,119.0,35.5,0,-1.29,-0.850,119.5,281.8,1.000,12.2,29.1,50.3,76.2,92.1,100.6,105.3,109.5,112.6,115.8,119.0,122.3,50.4,42.5,32.9,22.7,15.0,10.3,5.1
692,13.430,0.000,537.8,132.6,-6.0,2,18222,0.958,0.000,0.008,-0.391,0.003,118.8,36.7,0,-1.32,-0.850,118.8,280.7,1.000,12.3,29.5,51.1,76.3,92.0,100.4,105.1,109.3,112.4,115.6,118.8,122.1,48.8,41.2,32.0,22.1,14.7,10.1,5.0
693,13.450,0.000,538.5,133.8,-5.3,2,18436,0.966,0.000,0.208,-0.397,0.015,117.9,38.2,0,-1.34,0.850,117.9,284.0,1.000,12.4,29.6,51.3,75.8,91.4,99.7,104.4,108.5,111.6,114.7,117.9,121.1,48.3,40.8,31.6,21.8,14.4,9.9,4.9
694,13.470,0.000,539.2,134.9,-4.8,2,18662,0.787,0.000,0.392,-0.404,0.024,116.0,40.6,0,-1.33,0.850,116.0,281.2,1.000,12.4,29.5,50.6,74.5,89.8,98.1,102.6,106.7,109.8,112.8,116.0,119.2,49.8,41.7,32.0,21.9,14.4,9.8,4.9
695,13.490,0.000,540.0,135.9,-4.8,2,18305,0.829,0.000,0.399,-0.412,0.029,112.6,35.1,0,-0.98,0.850,112.6,282.7,1.000,12.4,29.0,48.8,72.2,87.1,95.1,99.6,103.6,106.5,109.5,112.6,115.7,120.2,44.9,33.7,22.5,14.6,9.8,4.8
696,13.510,0.000,540.7,136.9,-5.1,2,18190,0.864,0.000,0.357,-0.420,0.024,108.1,32.3,0,-0.57,0.850,108.1,283.2,1.000,12.4,28.1,46.2,68.9,83.4,91.2,95.5,99.4,102.2,105.1,108.1,111.1,115.5,120.6,37.1,23.9,15.0,10.0,4.8
697,13.530,0.000,541.5,137.8,-5.8,2,18268,0.891,0.000,0.287,-0.428,0.011,102.9,31.8,0,-0.53,0.850,102.9,275.2,1.000,12.2,27.1,43.4,65.2,79.1,86.6,90.8,94.5,97.2,100.0,102.9,105.8,109.9,114.9,42.8,25.9,15.7,10.2,4.8
698,13.550,0.000,542.2,138.6,-6.7,2,18497,0.913,0.000,0.191,-0.434,-0.005,97.2,33.1,0,0.02,0.850,98.8,279.4,1.000,12.1,26.1,40.4,61.0,74.5,81.6,85.6,89.2,91.8,94.5,97.2,100.0,104.0,108.7,118.0,29.0,16.7,10.6,4.8
699,13.570,0.000,543.0,139.3,-7.8,2,18850,0.930,0.000,0.105,-0.439,-0.022,91.3,35.9,0,0.07,0.850,98.1,268.9,1.000,12.0,24.9,37.7,56.7,69.6,76.5,80.3,83.7,86.2,88.7,91.3,94.0,97.8,102.3,111.1,33.6,18.0,11.0,4.9
700,13.590,0.000,543.8,140.1,-9.2,2,19237,0.944,0.000,0.015,-0.443,-0.040,85.4,39.4,0,0.15,0.850,97.4,258.1,1.000,11.8,23.9,35.1,52.3,64.7,71.3,74.9,78.2,80.5,83.0,85.4,88.0,91.6,95.8,104.2,40.6,19.8,11.6,4.9
701,13.610,0.000,544.6,140.8,-10.7,2,19593,0.952,0.000,-0.107,-0.446,-0.058,79.8,42.6,0,1.12,0.850,79.8,273.6,1.000,11.6,22.9,32.9,48.1,60.0,66.3,69.8,72.9,75.1,77.4,79.8,82.2,85.6,89.7,97.6,115.2,22.0,12.3,5.0
702,13.630,0.000,545.4,141.5,-12.0,3,15268,0.961,0.000,-0.186,-0.448,-0.074,75.0,13.6,0,1.16,0.850,75.0,264.1,1.000,11.5,22.0,31.1,44.7,56.1,62.1,65.4,68.4,70.6,72.8,75.0,77.3,80.6,84.5,92.1,108.8,24.4,13.0,5.1
703,13.650,0.000,546.1,142.0,-12.5,3,15377,0.969,0.000,-0.231,-0.450,-0.082,72.2,18.9,0,1.18,0.850,72.2,258.1,1.000,11.4,21.6,30.2,42.8,53.9,59.7,62.9,65.8,67.9,70.0,72.2,74.4,77.6,81.3,88.7,104.9,26.1,13.4,5.1
704,13.670,0.000,546.9,142.8,-12.1,3,15504,0.975,0.000,-0.242,-0.450,-0.085,71.1,22.0,0,1.18,0.850,71.1,255.6,1.000,11.4,21.5,30.0,42.4,53.1,58.8,61.9,64.8,66.8,68.9,71.1,73.2,76.4,80.1,87.3,103.3,26.5,13.5,5.1
705,13.690,0.000,547.7,143.7,-11.0,3,15630,0.980,0.000,-0.226,-0.449,-0.081,71.3,22.9,0,1.16,0.850,71.3,256.2,1.000,11.4,21.7,30.4,43.0,53.5,59.1,62.3,65.1,67.1,69.2,71.3,73.5,76.6,80.3,87.5,103.6,25.8,13.3,5.1
706,13.710,0.000,548.5,144.7,-9.4,3,15743,0.984,0.000,-0.190,-0.448,-0.074,72.5,22.1,0,1.12,0.850,72.5,258.7,1.000,11.5,22.0,31.1,44.3,54.7,60.3,63.4,66.2,68.3,70.4,72.5,74.7,77.9,81.6,88.9,105.1,24.4,13.0,5.1
707,13.730,0.000,549.4,145.7,-7.4,3,15836,0.987,0.000,-0.143,-0.447,-0.064,74.3,20.3,0,1.09,0.850,74.3,262.3,1.000,11.6,22.5,32.2,46.0,56.4,62.0,65.1,67.9,70.0,72.1,74.3,76.5,79.7,83.5,90.9,107.4,22.9,12.5,5.0
708,13.750,0.000,550.2,146.8,-5.3,3,15905,0.990,0.000,-0.092,-0.445,-0.053,76.3,17.4,0,1.06,0.850,76.3,266.4,1.000,11.7,23.1,33.4,47.7,58.1,63.8,67.0,69.8,71.9,74.1,76.3,78.5,81.8,85.6,93.2,110.1,21.4,12.1,5.0
709,13.770,0.000,551.0,147.9,-3.4,3,15951,0.992,0.000,-0.044,-0.442,-0.043,78.1,14.0,0,1.03,0.850,90.0,270.3,1.000,11.7,23.6,34.6,49.3,59.7,65.4,68.6,71.5,73.7,75.9,78.1,80.4,83.7,87.6,95.3,112.5,20.2,11.8,5.0
710,13.790,0.000,551.8,148.9,-1.9,3,15980,0.994,0.000,0.027,-0.439,-0.035,79.4,10.9,0,0.07,0.850,89.0,247.1,1.000,11.8,24.1,35.7,50.4,60.9,66.6,69.9,72.8,75.0,77.2,79.4,81.7,85.1,89.0,96.8,39.0,19.4,11.5,4.9
711,13.810,0.000,552.6,149.9,-0.7,3,16004,0.995,0.000,0.052,-0.435,-0.030,79.9,8.8,0,0.04,0.850,88.1,248.4,1.000,11.8,24.3,36.3,50.9,61.3,67.1,70.3,73.3,75.4,77.6,79.9,82.2,85.6,89.5,97.4,36.8,19.0,11.4,4.9
712,13.830,0.000,553.5,150.9,-0.1,3,16025,0.996,0.000,0.057,-0.432,-0.029,79.4,7.6,0,0.04,0.850,87.2,247.7,1.000,11.8,24.4,36.4,50.7,61.0,66.7,69.9,72.8,74.9,77.1,79.4,81.7,85.0,89.0,96.8,36.7,19.0,11.4,5.0
713,13.850,0.000,554.3,151.8,-0.0,3,16052,0.997,0.000,0.049,-0.428,-0.030,78.1,7.0,0,0.05,0.850,86.3,245.5,1.000,11.8,24.2,36.1,50.0,60.0,65.6,68.8,71.7,73.8,75.9,78.1,80.4,83.7,87.6,95.3,38.3,19.3,11.6,5.0
714,13.870,0.000,555.2,152.7,-0.2,3,16085,0.997,0.000,0.001,-0.423,-0.033,76.5,7.1,0,0.99,0.850,85.3,268.4,1.000,11.7,23.9,35.5,49.0,58.8,64.2,67.3,70.1,72.2,74.3,76.5,78.7,82.0,85.8,93.4,110.4,19.7,11.8,5.1
715,13.890,0.000,556.0,153.6,-0.5,3,16123,0.998,0.000,-0.163,-0.419,-0.036,75.0,7.4,0,1.00,0.000,84.3,265.3,1.000,11.6,23.7,35.0,48.0,57.6,63.0,66.0,68.7,70.8,72.8,75.0,77.2,80.3,84.1,91.5,108.3,20.2,12.0,5.1
716,13.910,0.000,556.9,154.5,-0.8,3,16164,0.998,0.000,-0.160,-0.414,-0.035,74.3,8.1,0,0.99,0.000,83.4,264.1,1.000,11.6,23.7,34.9,47.7,57.1,62.4,65.4,68.1,70.1,72.2,74.3,76.4,79.6,83.3,90.7,107.4,20.3,12.0,5.2
717,13.930,0.000,557.7,155.4,-0.5,3,16209,0.999,0.000,-0.130,-0.410,-0.029,74.9,8.2,0,0.98,0.000,82.4,265.7,1.000,11.6,24.0,35.6,48.3,57.7,63.0,66.0,68.7,70.7,72.8,74.9,77.1,80.3,84.0,91.5,108.4,19.7,11.9,5.2
718,13.950,0.000,558.6,156.2,0.3,3,16258,0.999,0.000,-0.053,-0.407,-0.020,76.4,8.3,0,0.02,0.000,81.4,242.8,1.000,11.7,24.5,36.5,49.3,58.8,64.2,67.3,70.0,72.1,74.2,76.4,78.6,81.8,85.6,93.2,37.4,18.9,11.6,5.1
719,13.970,0.000,559.5,157.1,1.3,3,16308,0.999,0.000,-0.008,-0.404,-0.011,77.7,8.3,0,-0.03,0.000,80.5,245.5,1.000,11.8,25.1,37.4,50.3,60.0,65.4,68.5,71.3,73.4,75.5,77.7,80.0,83.3,87.2,94.9,32.7,18.1,11.3,5.1
720,13.990,0.000,560.3,158.0,2.0,3,16358,0.999,0.000,0.023,-0.401,-0.004,78.4,8.0,0,-0.06,0.000,79.5,246.8,1.000,11.8,25.5,38.0,50.8,60.5,66.0,69.1,72.0,74.1,76.2,78.4,80.7,84.0,87.9,95.8,30.8,17.6,11.2,5.1
721,14.010,0.000,561.2,159.0,2.2,3,16403,0.999,0.000,0.037,-0.399,-0.001,78.3,7.3,0,-0.07,0.000,78.6,246.6,1.000,11.9,25.7,38.0,50.8,60.4,65.9,69.0,71.8,73.9,76.1,78.3,80.5,83.8,87.8,95.6,30.2,17.4,11.1,5.1
722,14.030,0.000,562.1,159.9,2.0,3,16444,1.000,0.000,0.038,-0.397,-0.001,77.4,6.6,0,-0.07,0.000,77.6,244.9,1.000,11.8,25.7,37.8,50.3,59.7,65.1,68.2,71.0,73.1,75.2,77.4,79.6,82.9,86.8,94.5,30.7,17.5,11.2,5.1
723,14.050,0.000,563.0,160.8,1.6,3,16484,1.000,0.000,0.029,-0.395,-0.003,76.0,5.9,0,-0.06,0.000,76.7,242.3,1.000,11.8,25.5,37.3,49.4,58.7,64.0,67.0,69.7,71.8,73.8,76.0,78.2,81.4,85.2,92.9,32.4,17.7,11.2,5.2
724,14.070,0.000,563.9,161.7,1.1,3,16523,1.000,0.000,-0.017,-0.393,-0.005,74.4,5.6,0,0.93,0.000,75.7,265.6,1.000,11.8,25.3,36.7,48.5,57.5,62.7,65.6,68.3,70.3,72.3,74.4,76.6,79.8,83.5,91.0,108.1,18.0,11.4,5.2
725,14.090,0.000,564.8,162.6,0.6,3,16566,1.000,0.000,-0.025,-0.391,-0.007,73.1,5.6,0,0.93,0.000,74.8,262.8,1.000,11.7,25.1,36.2,47.7,56.5,61.5,64.4,67.1,69.0,71.0,73.1,75.2,78.3,82.0,89.4,106.3,18.1,11.4,5.2
726,14.110,0.000,565.7,163.5,0.3,3,16612,1.000,0.000,-0.025,-0.390,-0.007,72.2,5.8,0,0.93,0.000,73.8,261.0,1.000,11.7,25.1,35.8,47.1,55.8,60.7,63.6,66.2,68.1,70.1,72.2,74.3,77.3,81.0,88.3,105.0,18.2,11.5,5.2
727,14.130,0.000,566.6,164.4,0.3,3,16663,1.000,0.000,-0.020,-0.389,-0.006,71.5,5.9,0,0.92,0.000,72.8,259.6,1.000,11.7,25.1,35.6,46.7,55.3,60.2,63.0,65.6,67.5,69.4,71.5,73.6,76.6,80.2,87.5,104.1,18.1,11.5,5.2
728,14.150,0.000,567.5,165.3,0.4,3,16713,1.000,0.000,-0.013,-0.388,-0.004,70.9,5.9,0,0.92,0.000,71.9,258.5,1.000,11.7,25.1,35.5,46.4,54.8,59.7,62.5,65.0,66.9,68.9,70.9,73.0,76.0,79.6,86.8,103.3,18.0,11.4,5.2
729,14.170,0.000,568.5,166.2,0.5,3,16763,1.000,0.000,-0.006,-0.387,-0.003,70.3,5.8,0,0.91,0.000,70.9,257.3,1.000,11.7,25.2,35.3,46.0,54.4,59.2,61.9,64.5,66.3,68.3,70.3,72.3,75.3,78.9,86.1,102.6,17.9,11.4,5.2
730,14.190,0.000,569.4,167.1,0.5,3,16811,1.000,0.000,-0.000,-0.386,-0.002,69.6,5.6,0,0.91,0.000,69.9,255.9,1.000,11.7,25.1,35.1,45.6,53.8,58.6,61.3,63.8,65.7,67.6,69.6,71.6,74.6,78.1,85.3,101.7,17.9,11.4,5.2
731,14.210,0.000,570.3,168.0,0.5,3,16856,1.000,0.000,0.003,-0.385,-0.001,68.8,5.1,0,0.91,0.000,69.0,254.2,1.000,11.7,25.0,34.8,45.1,53.2,57.9,60.6,63.1,64.9,66.8,68.8,70.8,73.7,77.2,84.3,100.6,17.8,11.4,5.2
732,14.230,0.000,571.2,168.9,0.5,3,16900,1.000,0.000,0.004,-0.385,-0.001,67.8,4.8,0,0.90,0.000,68.0,252.3,1.000,11.7,24.9,34.4,44.6,52.5,57.1,59.8,62.2,64.0,65.9,67.8,69.8,72.7,76.2,83.2,99.3,17.8,11.4,5.2
733,14.250,0.000,572.2,169.8,0.4,3,16944,1.000,0.000,0.003,-0.384,-0.001,66.8,4.7,0,0.90,0.000,67.0,250.1,1.000,11.7,24.7,34.0,43.9,51.7,56.3,58.9,61.3,63.1,64.9,66.8,68.8,71.6,75.1,82.0,97.9,17.9,11.4,5.2
734,14.270,0.000,573.1,170.7,0.3,3,16990,1.000,0.000,0.001,-0.384,-0.001,65.8,4.6,0,0.90,0.000,66.0,247.9,1.000,11.7,24.6,33.6,43.3,51.0,55.4,58.0,60.3,62.1,63.9,65.8,67.7,70.5,73.9,80.7,96.4,18.0,11.4,5.2
735,14.290,0.000,574.1,171.6,0.2,3,17038,1.000,0.000,-0.000,-0.383,-0.002,64.7,4.5,0,0.90,0.000,65.0,245.6,1.000,11.7,24.4,33.2,42.7,50.2,54.5,57.0,59.3,61.1,62.9,64.7,66.6,69.4,72.7,79.4,95.0,18.3,11.4,5.2
736,14.310,0.000,575.0,172.5,0.1,3,17087,1.000,0.000,-0.002,-0.383,-0.002,63.7,4.5,0,0.90,0.000,64.0,243.3,1.000,11.7,24.1,32.8,42.0,49.4,53.6,56.1,58.4,60.1,61.8,63.7,65.5,68.3,71.5,78.2,93.5,18.5,11.4,5.2
737,14.330,0.000,576.0,173.3,0.1,3,17135,1.000,0.000,-0.002,-0.382,-0.002,62.6,4.4,0,0.90,0.000,63.0,241.0,1.000,11.7,23.9,32.3,41.4,48.6,52.8,55.2,57.5,59.1,60.9,62.6,64.5,67.2,70.4,76.9,92.1,18.9,11.4,5.3
738,14.350,0.000,577.0,174.2,0.0,3,17178,1.000,0.000,-0.003,-0.382,-0.002,61.6,4.0,0,0.90,0.000,62.0,238.8,1.000,11.7,23.7,31.9,40.8,47.8,52.0,54.4,56.5,58.2,59.9,61.6,63.5,66.1,69.3,75.8,90.8,19.4,11.5,5.3
739,14.370,0.000,577.9,175.1,0.0,3,17221,1.000,0.000,-0.002,-0.382,-0.002,60.6,3.7,0,0.90,0.000,61.0,236.6,1.000,11.7,23.5,31.5,40.2,47.1,51.1,53.5,55.6,57.3,58.9,60.6,62.4,65.0,68.2,74.6,89.4,19.9,11.5,5.3
740,14.390,0.000,578.9,176.0,0.0,3,17266,1.000,0.000,-0.002,-0.381,-0.002,59.7,3.6,0,0.91,0.000,60.0,234.3,1.000,11.7,23.3,31.1,39.6,46.3,50.3,52.6,54.7,56.3,58.0,59.7,61.4,64.0,67.1,73.4,88.1,20.7,11.5,5.3
741,14.410,0.000,579.9,176.9,0.0,3,17314,1.000,0.000,-0.002,-0.381,-0.002,58.7,3.6,0,0.92,0.000,59.0,232.1,1.000,11.7,23.0,30.7,39.0,45.6,49.5,51.7,53.8,55.4,57.0,58.7,60.4,62.9,66.0,72.2,86.7,21.7,11.6,5.3
742,14.430,0.000,580.9,177.7,0.0,3,17363,1.000,0.000,-0.002,-0.381,-0.002,57.7,3.6,0,0.93,0.000,58.0,229.7,1.000,11.7,22.8,30.2,38.3,44.8,48.7,50.9,52.9,54.4,56.0,57.7,59.4,61.9,64.9,71.0,85.3,23.1,11.7,5.3
743,14.450,0.000,581.9,178.6,0.0,3,17411,1.000,0.000,-0.003,-0.381,-0.002,56.7,3.6,0,0.96,0.000,57.0,227.4,1.000,11.7,22.5,29.8,37.7,44.1,47.8,50.0,52.0,53.5,55.1,56.7,58.4,60.8,63.8,69.8,83.9,25.1,11.8,5.3
744,14.470,0.000,582.9,179.5,0.0,3,17460,1.000,0.000,-0.004,-0.380,-0.001,55.7,3.5,0,1.01,0.000,55.9,225.1,1.000,11.6,22.3,29.4,37.1,43.3,47.0,49.1,51.1,52.6,54.1,55.7,57.3,59.7,62.7,68.6,82.6,28.6,12.0,5.3
745,14.490,0.000,583.9,180.4,0.0,3,17497,1.000,0.000,0.115,-0.380,-0.001,54.7,2.9,0,3.38,-0.003,54.9,249.6,1.000,11.6,22.0,28.9,36.5,42.6,46.2,48.3,50.2,51.6,53.1,54.7,56.3,58.7,61.6,67.4,81.2,111.7,12.2,5.3
746,14.510,0.000,584.9,181.2,0.2,3,17537,1.000,0.000,0.117,-0.380,-0.003,53.3,3.0,0,3.38,-0.003,53.9,244.3,1.000,11.5,21.6,28.3,35.6,41.5,45.0,47.0,48.9,50.3,51.8,53.3,54.9,57.2,60.0,65.7,79.2,109.1,12.6,5.3
747,14.530,0.000,585.9,182.1,-0.2,3,17587,1.000,0.000,0.099,-0.379,-0.009,51.2,3.1,0,3.37,-0.003,52.8,237.0,1.000,11.4,21.0,27.4,34.3,39.9,43.3,45.2,47.0,48.3,49.7,51.2,52.7,54.9,57.6,63.0,76.0,104.8,13.3,5.3
748,14.550,0.000,586.9,182.9,-0.9,3,17648,1.000,0.000,0.071,-0.377,-0.018,48.8,3.5,0,3.36,-0.002,51.7,229.0,1.000,11.2,20.4,26.4,32.9,38.2,41.3,43.2,44.9,46.1,47.4,48.8,50.2,52.3,54.8,60.0,72.3,99.9,14.4,5.4
749,14.570,0.000,587.9,183.7,-1.7,3,17712,1.000,0.000,0.043,-0.375,-0.026,46.5,3.8,0,3.36,-0.002,50.6,221.3,1.000,11.1,19.8,25.4,31.6,36.5,39.5,41.2,42.8,44.0,45.2,46.5,47.9,49.8,52.2,57.1,68.8,95.2,15.7,5.5
750,14.590,0.000,588.9,184.5,-2.3,3,17769,1.000,0.000,-0.009,-0.371,-0.039,44.5,4.0,0,3.36,-0.002,50.6,214.4,1.000,10.9,19.2,24.5,30.4,35.0,37.8,39.4,41.0,42.1,43.3,44.5,45.8,47.6,49.9,54.6,65.7,91.0,17.3,5.7
751,14.610,0.000,590.0,185.4,-2.6,3,17813,1.000,0.000,-0.070,-0.366,-0.053,42.9,3.8,0,3.39,-0.001,42.9,209.0,1.000,10.7,18.7,23.8,29.4,33.8,36.5,38.1,39.5,40.6,41.7,42.9,44.1,45.9,48.1,52.5,63.3,87.7,19.0,5.8
752,14.630,0.000,591.0,186.2,-2.5,3,17846,1.000,0.000,-0.117,-0.358,-0.063,41.9,3.4,0,3.44,-0.011,41.9,205.7,1.000,10.6,18.3,23.3,28.7,33.1,35.6,37.2,38.6,39.6,40.7,41.9,43.0,44.8,46.9,51.3,61.8,85.9,20.6,6.0
753,14.650,0.000,592.1,187.1,-1.9,3,17888,1.000,0.000,-0.149,-0.349,-0.067,41.5,2.9,0,3.50,-0.035,41.5,204.7,1.000,10.5,18.1,23.1,28.4,32.7,35.3,36.8,38.2,39.3,40.4,41.5,42.7,44.4,46.6,50.9,61.5,85.8,21.5,6.1
754,14.670,0.000,593.2,187.9,-0.8,3,17959,1.000,0.000,-0.161,-0.338,-0.067,41.7,2.8,0,3.56,-0.059,41.7,205.7,1.000,10.4,18.1,23.0,28.4,32.8,35.4,36.9,38.4,39.4,40.5,41.7,42.9,44.7,46.9,51.4,62.2,87.1,21.7,6.2
755,14.690,0.000,594.2,188.7,0.6,3,18058,1.000,0.000,-0.156,-0.327,-0.064,42.3,3.4,0,3.64,-0.076,42.3,208.3,1.000,10.4,18.1,23.1,28.6,33.1,35.8,37.4,38.8,39.9,41.1,42.3,43.6,45.4,47.7,52.3,63.5,89.5,21.4,6.3
756,14.710,0.000,595.3,189.5,2.0,3,18169,1.000,0.000,-0.139,-0.314,-0.060,43.1,4.1,0,3.71,-0.080,43.1,212.0,1.000,10.3,18.1,23.3,28.9,33.6,36.4,38.0,39.5,40.7,41.9,43.1,44.4,46.4,48.7,53.6,65.3,92.5,20.9,6.3
757,14.730,0.000,596.4,190.3,3.3,3,18278,1.000,0.000,-0.113,-0.302,-0.055,44.0,4.9,0,3.79,-0.072,44.0,216.1,1.000,10.3,18.2,23.4,29.3,34.1,37.0,38.7,40.3,41.5,42.7,44.0,45.4,47.4,49.9,54.9,67.3,95.8,20.4,6.4
758,14.750,0.000,597.4,191.0,4.4,3,18383,1.000,0.000,-0.087,-0.289,-0.050,44.9,5.5,0,3.87,-0.054,54.0,220.3,1.000,10.2,18.2,23.6,29.6,34.5,37.5,39.3,41.0,42.2,43.5,44.9,46.3,48.4,50.9,56.2,69.1,99.0,20.1,6.5
759,14.770,0.000,598.5,191.8,5.2,3,18474,1.000,0.000,-0.070,-0.276,-0.047,45.5,5.9,0,3.96,-0.041,54.4,224.3,1.000,10.1,18.2,23.6,29.8,34.9,38.0,39.8,41.5,42.8,44.1,45.5,47.0,49.1,51.8,57.3,70.6,101.8,20.1,6.6
760,14.790,0.000,599.6,192.5,5.6,3,18549,1.000,0.000,-0.060,-0.262,-0.045,45.9,5.9,0,4.04,-0.031,54.6,227.8,1.000,10.0,18.1,23.6,29.8,35.0,38.2,40.0,41.8,43.1,44.5,45.9,47.4,49.6,52.3,58.0,71.7,104.2,20.2,6.7
761,14.810,0.000,600.7,193.3,5.8,3,18614,1.000,0.000,-0.060,-0.249,-0.045,46.0,5.7,0,4.12,-0.024,54.9,230.8,1.000,9.9,18.0,23.5,29.8,35.0,38.2,40.1,41.9,43.2,44.6,46.0,47.6,49.8,52.6,58.4,72.4,105.9,20.5,6.8
762,14.830,0.000,601.8,194.1,5.7,3,18669,1.000,0.000,-0.066,-0.235,-0.046,46.0,5.4,0,4.21,-0.018,55.2,233.2,1.000,9.8,17.8,23.3,29.6,34.8,38.1,40.0,41.7,43.1,44.5,46.0,47.5,49.8,52.6,58.5,72.8,107.2,20.9,7.0
763,14.850,0.000,602.8,194.9,5.4,3,18719,1.000,0.000,-0.076,-0.222,-0.048,45.8,4.9,0,4.29,-0.014,55.4,235.2,1.000,9.7,17.6,23.1,29.3,34.6,37.8,39.7,41.5,42.9,44.3,45.8,47.4,49.7,52.5,58.4,72.9,108.1,21.5,7.1
764,14.870,0.000,603.9,195.7,5.1,3,18773,1.000,0.000,-0.087,-0.208,-0.050,45.6,4.6,0,4.37,-0.010,55.7,237.2,1.000,9.6,17.4,22.8,29.0,34.3,37.6,39.5,41.3,42.6,44.1,45.6,47.1,49.4,52.3,58.3,72.9,109.0,22.0,7.2
765,14.890,0.000,605.0,196.5,4.8,3,18829,1.000,0.000,-0.099,-0.194,-0.051,45.4,4.3,0,4.46,-0.008,55.9,239.5,1.000,9.5,17.2,22.6,28.8,34.1,37.3,39.2,41.0,42.4,43.8,45.4,46.9,49.3,52.1,58.2,73.0,110.0,22.6,7.4
766,14.910,0.000,606.1,197.3,4.6,3,18889,1.000,0.000,-0.108,-0.180,-0.052,45.2,4.0,0,4.56,-0.006,56.1,242.5,1.000,9.4,17.0,22.4,28.6,33.9,37.1,39.1,40.9,42.3,43.7,45.2,46.8,49.2,52.1,58.2,73.2,111.5,23.0,7.5
767,14.930,0.000,607.2,198.1,4.5,3,18951,1.000,0.000,-0.114,-0.167,-0.052,45.2,3.8,0,4.66,-0.005,56.3,246.3,1.000,9.3,16.9,22.2,28.4,33.7,37.0,39.0,40.8,42.2,43.7,45.2,46.9,49.3,52.2,58.4,73.7,113.4,23.4,7.6
768,14.950,0.000,608.3,198.8,4.5,3,19014,1.000,0.000,-0.119,-0.153,-0.052,45.4,3.7,0,4.77,-0.003,56.5,251.2,1.000,9.2,16.7,22.1,28.3,33.7,37.0,39.0,40.9,42.3,43.8,45.4,47.0,49.4,52.5,58.8,74.4,116.1,23.6,7.7
769,14.970,0.000,609.4,199.6,4.5,3,19079,1.000,0.000,-0.120,-0.139,-0.050,45.6,3.6,0,4.90,-0.003,56.6,257.5,1.000,9.1,16.6,22.0,28.3,33.7,37.1,39.1,41.0,42.5,44.0,45.6,47.3,49.8,52.9,59.3,75.4,119.5,23.8,7.9
770,14.990,0.000,610.6,200.3,4.7,3,19146,1.000,0.000,-0.120,-0.126,-0.048,46.0,3.5,0,5.04,-0.002,56.8,265.0,1.000,9.0,16.5,21.9,28.3,33.8,37.3,39.3,41.3,42.8,44.3,46.0,47.7,50.2,53.4,60.0,76.5,123.4,23.9,8.0
771,15.010,0.000,611.7,201.0,4.8,3,19209,1.000,0.000,-0.118,-0.112,-0.046,46.4,3.4,0,5.12,-0.001,57.0,270.3,1.000,8.9,16.4,21.9,28.3,34.0,37.5,39.6,41.6,43.1,44.7,46.4,48.1,50.8,54.0,60.8,77.9,126.2,23.9,8.1
772,15.030,0.000,612.8,201.7,5.0,3,19271,1.000,0.000,-0.112,-0.099,-0.044,46.8,3.3,0,5.16,-0.001,57.1,273.9,1.000,8.8,16.4,21.9,28.4,34.1,37.7,39.9,41.9,43.5,45.1,46.8,48.7,51.4,54.7,61.7,79.3,128.2,23.9,8.2
773,15.050,0.000,613.9,202.5,5.1,3,19331,1.000,0.000,-0.107,-0.087,-0.042,47.3,3.1,0,5.18,-0.001,57.3,276.7,1.000,8.7,16.3,21.8,28.5,34.3,38.0,40.2,42.3,43.9,45.6,47.3,49.2,52.0,55.4,62.6,80.7,129.7,23.8,8.2
774,15.070,0.000,615.0,203.2,5.2,3,19388,1.000,0.000,-0.102,-0.074,-0.040,47.8,2.9,0,5.20,-0.001,57.4,278.8,1.000,8.7,16.2,21.8,28.5,34.5,38.2,40.5,42.6,44.3,46.0,47.8,49.7,52.6,56.1,63.6,82.2,130.8,23.8,8.3
775,15.090,0.000,616.2,203.9,5.3,3,19442,1.000,0.000,-0.098,-0.062,-0.038,48.3,2.6,0,5.20,-0.001,57.5,280.4,1.000,8.6,16.1,21.8,28.6,34.6,38.5,40.8,43.0,44.6,46.4,48.3,50.2,53.1,56.8,64.4,83.7,131.6,23.9,8.4
776,15.110,0.000,617.3,204.6,5.2,3,19495,1.000,0.000,-0.095,-0.050,-0.036,48.6,2.3,0,5.20,-0.000,57.6,281.5,1.000,8.5,16.0,21.7,28.6,34.7,38.6,41.0,43.2,44.9,46.7,48.6,50.7,53.7,57.4,65.2,85.2,132.2,23.9,8.5
777,15.130,0.000,618.5,204.8,5.0,4,15790,1.000,0.000,-0.096,-0.038,-0.035,48.9,-13.4,0,5.20,-0.000,57.8,282.5,1.000,8.4,15.9,21.6,28.5,34.8,38.7,41.1,43.4,45.1,47.0,48.9,51.0,54.0,57.8,65.8,86.6,132.4,24.0,8.6
778,15.150,0.000,619.6,205.0,4.6,4,16007,1.000,0.000,-0.100,-0.027,-0.034,49.1,-2.6,0,5.21,-0.000,57.9,283.2,1.000,8.3,15.8,21.5,28.5,34.7,38.7,41.2,43.5,45.2,47.1,49.1,51.1,54.2,58.1,66.3,87.7,132.4,24.2,8.7
779,15.170,0.000,620.7,205.5,4.4,4,16193,1.000,0.000,-0.101,-0.017,-0.033,49.3,-1.6,0,5.21,-0.000,58.1,283.7,1.000,8.3,15.7,21.4,28.4,34.8,38.8,41.3,43.6,45.4,47.3,49.3,51.4,54.6,58.5,66.9,89.2,132.5,24.3,8.8
780,15.190,0.000,621.9,206.0,4.3,4,16340,1.000,0.000,-0.099,-0.006,-0.032,49.7,-1.6,0,5.19,-0.000,58.3,284.2,1.000,8.2,15.6,21.4,28.4,34.9,39.0,41.5,43.9,45.8,47.7,49.7,51.9,55.2,59.2,67.7,91.2,132.6,24.3,8.9
781,15.210,0.000,623.0,206.6,4.3,4,16456,1.000,0.000,-0.095,0.003,-0.030,50.3,-1.7,0,5.17,-0.000,58.4,284.5,1.000,8.1,15.6,21.3,28.5,35.1,39.3,41.9,44.3,46.2,48.2,50.3,52.5,55.8,60.0,68.7,93.6,132.7,24.3,8.9
782,15.230,0.000,624.2,207.1,4.3,4,16548,1.000,0.000,-0.091,0.013,-0.028,50.8,-1.8,0,5.15,-0.000,58.6,284.6,1.000,8.1,15.5,21.3,28.6,35.3,39.6,42.2,44.7,46.6,48.7,50.8,53.1,56.5,60.8,69.8,96.3,132.8,24.3,9.0
783,15.250,0.000,625.3,207.7,4.3,4,16621,1.000,0.000,-0.088,0.022,-0.026,51.3,-2.0,0,5.13,-0.000,58.8,284.6,1.000,8.0,15.5,21.3,28.7,35.5,39.9,42.5,45.1,47.1,49.1,51.3,53.7,57.2,61.5,70.8,99.3,132.7,24.2,9.1
784,15.270,0.000,626.5,208.2,4.2,4,16681,1.000,0.000,-0.085,0.031,-0.024,51.8,-2.2,0,5.11,-0.000,58.9,284.4,1.000,7.9,15.4,21.3,28.7,35.6,40.1,42.8,45.5,47.5,49.6,51.8,54.2,57.8,62.3,71.8,102.3,132.6,24.2,9.1
785,15.290,0.000,627.6,208.8,4.1,4,16730,1.000,0.000,-0.085,0.040,-0.023,52.3,-2.3,0,5.09,-0.000,59.1,284.1,1.000,7.9,15.4,21.2,28.8,35.8,40.3,43.1,45.8,47.8,50.0,52.3,54.7,58.4,63.0,72.8,105.6,132.3,24.2,9.2
786,15.310,0.000,628.8,209.3,4.0,4,16772,1.000,0.000,-0.084,0.048,-0.022,52.7,-2.5,0,5.07,-0.000,59.3,283.7,1.000,7.8,15.3,21.2,28.8,35.9,40.5,43.4,46.1,48.2,50.4,52.7,55.2,59.0,63.6,73.9,107.8,132.0,24.2,9.2
787,15.330,0.000,629.9,209.9,3.9,4,16808,1.000,0.000,-0.084,0.056,-0.021,53.2,-2.6,0,5.03,-0.000,59.4,283.2,1.000,7.8,15.2,21.2,28.8,36.0,40.7,43.6,46.4,48.5,50.8,53.2,55.7,59.6,64.3,75.1,109.1,131.7,24.2,9.3
788,15.350,0.000,631.1,210.4,3.8,4,16839,1.000,0.000,-0.083,0.063,-0.019,53.7,-2.7,0,5.00,-0.000,59.7,282.6,1.000,7.7,15.2,21.2,28.9,36.2,41.0,43.9,46.8,48.9,51.2,53.7,56.3,60.2,65.1,76.4,110.1,131.3,24.2,9.3
789,15.370,0.000,632.3,211.0,3.7,4,16868,1.000,0.000,-0.081,0.070,-0.018,54.2,-2.8,0,4.95,-0.000,59.9,282.0,1.000,7.7,15.1,21.2,29.0,36.4,41.3,44.3,47.1,49.4,51.7,54.2,56.9,60.9,65.9,77.9,110.8,130.9,24.2,9.4
790,15.390,0.000,633.5,211.5,3.7,4,16896,1.000,0.000,-0.108,0.077,-0.016,54.8,-2.9,0,4.90,0.001,60.1,281.2,1.000,7.6,15.1,21.2,29.1,36.6,41.6,44.6,47.6,49.8,52.2,54.8,57.5,61.6,66.9,79.7,111.3,130.5,24.2,9.4
791,15.410,0.000,634.6,212.0,3.6,4,16922,1.000,0.000,-0.125,0.083,-0.014,55.6,-2.7,0,4.84,0.007,60.3,280.6,1.000,7.6,15.1,21.2,29.2,36.9,42.0,45.1,48.2,50.5,53.0,55.6,58.4,62.6,68.2,81.9,111.8,130.1,24.1,9.5
792,15.430,0.000,635.8,212.6,3.7,4,16946,1.000,0.000,-0.096,0.089,-0.011,56.7,-2.6,0,3.73,0.012,60.5,271.9,1.000,7.6,15.1,21.3,29.6,37.5,42.7,45.9,49.1,51.5,54.0,56.7,59.6,64.1,70.1,85.2,112.5,92.1,23.8,9.5
793,15.450,0.000,637.0,213.1,3.9,4,16971,1.000,0.000,-0.082,0.095,-0.008,58.0,-2.7,0,3.20,0.017,60.7,272.8,1.000,7.5,15.2,21.5,29.9,38.1,43.5,46.9,50.1,52.6,55.2,58.0,61.1,65.9,72.5,89.2,113.1,72.9,23.6,9.5
794,15.470,0.000,638.2,213.6,4.1,4,16994,1.000,0.000,-0.076,0.100,-0.005,59.3,-2.8,0,2.96,0.025,61.1,273.3,1.000,7.5,15.2,21.6,30.3,38.7,44.3,47.7,51.0,53.6,56.4,59.3,62.5,67.8,74.9,93.5,113.5,63.5,23.4,9.5
795,15.490,0.000,639.4,214.2,4.1,4,17018,1.000,0.000,-0.074,0.104,-0.002,60.4,-3.0,0,2.83,0.032,61.4,273.4,1.000,7.5,15.2,21.8,30.6,39.1,44.9,48.4,51.9,54.5,57.3,60.4,63.9,69.5,77.3,96.7,113.6,58.3,23.2,9.5
796,15.510,0.000,640.5,214.7,4.0,4,17040,1.000,0.000,-0.073,0.109,-0.001,61.5,-3.2,0,2.73,0.041,61.8,273.3,1.000,7.5,15.3,21.8,30.8,39.5,45.4,49.0,52.5,55.2,58.2,61.5,65.2,71.2,79.6,98.2,113.5,55.1,23.1,9.5
797,15.530,0.000,641.7,215.2,3.9,4,17061,1.000,0.000,-0.070,0.112,0.001,62.5,-3.3,0,2.66,0.052,62.5,273.0,1.000,7.5,15.3,21.9,31.0,39.9,45.9,49.6,53.2,56.0,59.1,62.5,66.5,72.9,81.9,99.1,113.2,52.9,23.0,9.6
798,15.550,0.000,642.9,215.8,3.7,4,17081,1.000,0.000,-0.067,0.116,0.002,63.6,-3.5,0,2.59,0.064,63.6,272.5,1.000,7.5,15.3,22.0,31.1,40.2,46.3,50.1,53.7,56.7,60.0,63.6,67.8,74.7,84.4,99.6,112.9,51.2,23.0,9.6
799,15.570,0.000,644.1,216.3,3.6,4,17101,1.000,0.000,-0.062,0.118,0.003,64.8,-3.7,0,2.53,0.078,64.8,271.9,1.000,7.4,15.3,22.0,31.3,40.5,46.7,50.6,54.3,57.4,60.9,64.8,69.2,76.5,87.1,99.9,112.5,49.9,22.9,9.6
800,15.590,0.000,645.3,216.9,3.4,4,17121,1.000,0.000,-0.056,0.121,0.004,65.9,-3.8,0,2.48,0.094,65.9,271.3,1.000,7.4,15.3,22.1,31.5,40.8,47.1,51.0,54.9,58.2,61.8,65.9,70.6,78.5,89.5,100.0,112.1,48.9,22.8,9.6
801,15.610,0.000,646.5,217.4,3.2,4,17142,1.000,0.000,-0.050,0.123,0.005,67.0,-4.0,0,2.43,0.110,67.0,270.5,1.000,7.4,15.3,22.1,31.6,41.0,47.4,51.4,55.5,58.9,62.7,67.0,72.0,80.4,90.6,99.9,111.5,48.1,22.8,9.6
802,15.630,0.000,647.7,218.0,3.1,4,17163,1.000,0.000,-0.044,0.125,0.005,68.0,-4.2,0,2.39,0.129,68.0,269.5,1.000,7.4,15.3,22.1,31.6,41.1,47.6,51.7,56.0,59.5,63.5,68.0,73.3,82.2,91.1,99.7,110.9,47.6,22.8,9.6
803,15.650,0.000,648.9,218.5,2.9,4,17183,1.000,0.000,-0.039,0.127,0.005,68.9,-4.4,0,2.35,0.149,68.9,268.5,1.000,7.4,15.3,22.1,31.6,41.2,47.7,52.0,56.4,60.0,64.1,68.9,74.4,83.9,91.2,99.2,110.1,47.3,22.8,9.6
804,15.670,0.000,650.2,219.1,2.6,4,17204,1.000,0.000,-0.034,0.129,0.004,69.6,-4.6,0,2.33,0.172,69.6,267.2,1.000,7.4,15.2,22.0,31.6,41.2,47.7,52.1,56.6,60.3,64.6,69.6,75.4,84.8,91.1,98.7,109.3,47.3,22.9,9.7
805,15.690,0.000,651.4,219.6,2.4,4,17224,1.000,0.000,-0.030,0.130,0.003,70.1,-4.8,0,2.31,0.196,70.1,265.9,1.000,7.3,15.2,21.9,31.4,41.0,47.6,52.1,56.7,60.6,65.0,70.1,76.1,85.0,90.7,98.0,108.3,47.5,23.0,9.7
806,15.710,0.000,652.6,220.2,2.2,4,17244,1.000,0.000,-0.027,0.132,0.002,70.4,-4.9,0,2.30,0.222,70.4,264.4,1.000,7.3,15.1,21.8,31.3,40.8,47.5,52.0,56.7,60.6,65.2,70.4,76.6,84.8,90.1,97.1,107.3,47.8,23.1,9.7
807,15.730,0.000,653.8,220.7,1.9,4,17265,1.000,0.000,-0.024,0.134,-0.000,70.6,-5.1,0,2.29,0.249,70.6,262.8,1.000,7.3,15.0,21.7,31.1,40.5,47.2,51.8,56.6,60.6,65.2,70.6,77.0,84.4,89.4,96.3,106.3,48.1,23.2,9.7
808,15.750,0.000,655.0,221.3,1.7,4,17286,1.000,0.000,-0.019,0.136,-0.002,70.7,-5.2,0,2.29,0.284,72.1,261.2,1.000,7.3,14.9,21.5,30.8,40.2,46.9,51.5,56.4,60.5,65.2,70.7,77.2,83.9,88.6,95.3,105.2,48.6,23.4,9.8
809,15.770,0.000,656.3,221.8,1.6,4,17308,1.000,0.000,-0.014,0.138,-0.004,70.5,-5.3,0,2.30,0.318,73.5,259.5,1.000,7.2,14.8,21.4,30.5,39.8,46.5,51.2,56.1,60.2,64.9,70.5,77.1,83.2,87.8,94.3,104.0,49.1,23.6,9.8
810,15.790,0.000,657.5,222.4,1.4,4,17329,1.000,0.000,-0.013,0.140,-0.006,70.1,-5.4,0,2.32,0.351,75.0,257.6,1.000,7.2,14.7,21.1,30.2,39.3,46.0,50.7,55.6,59.7,64.5,70.1,76.6,82.3,86.7,93.1,102.8,49.8,23.8,9.8
811,15.810,0.000,658.7,222.9,1.2,4,17350,1.000,0.000,-0.016,0.143,-0.009,69.5,-5.5,0,2.34,0.378,76.1,255.7,1.000,7.2,14.5,20.9,29.8,38.8,45.5,50.1,55.0,59.1,63.9,69.5,75.9,81.3,85.6,91.9,101.5,50.6,24.1,9.9
812,15.830,0.000,660.0,223.5,1.0,4,17372,1.000,0.000,-0.029,0.146,-0.012,68.9,-5.6,0,2.37,0.387,76.4,253.7,1.000,7.1,14.4,20.7,29.4,38.3,44.9,49.5,54.4,58.5,63.3,68.9,75.1,80.3,84.5,90.7,100.2,51.4,24.4,10.0
813,15.850,0.000,661.2,224.0,0.9,4,17395,1.000,0.000,-0.040,0.150,-0.014,68.7,-5.6,0,2.38,0.392,76.7,251.8,1.000,7.1,14.3,20.4,29.0,37.8,44.5,49.1,54.0,58.2,63.0,68.7,74.6,79.4,83.5,89.6,99.0,51.9,24.7,10.0
814,15.870,0.000,662.4,224.6,0.9,4,17417,1.000,0.000,-0.046,0.154,-0.015,69.3,-5.6,0,2.37,0.394,76.8,250.2,1.000,7.0,14.2,20.3,28.8,37.7,44.4,49.1,54.1,58.4,63.4,69.3,74.4,78.9,82.8,88.7,97.9,51.8,24.8,10.1
815,15.890,0.000,663.7,225.1,1.1,4,17440,1.000,0.000,-0.049,0.158,-0.015,70.5,-5.6,0,2.32,0.392,76.7,248.7,1.000,7.0,14.1,20.2,28.8,37.7,44.6,49.5,54.7,59.2,64.4,70.5,74.5,78.6,82.3,88.0,97.0,51.3,24.9,10.1
816,15.910,0.000,664.9,225.6,1.3,4,17463,1.000,0.000,-0.050,0.162,-0.015,71.3,-5.6,0,2.26,0.388,76.5,247.4,1.000,7.0,14.1,20.2,28.8,37.9,45.1,50.2,55.7,60.4,66.0,71.3,74.7,78.4,81.9,87.4,96.2,50.5,24.9,10.1
817,15.930,0.000,666.2,226.2,1.5,4,17486,1.000,0.000,-0.049,0.166,-0.014,71.9,-5.6,0,2.19,0.381,76.2,246.1,1.000,6.9,14.1,20.2,28.8,38.2,45.7,51.1,56.9,62.0,67.9,71.9,74.8,78.2,81.5,86.8,95.3,49.5,24.9,10.1
818,15.950,0.000,667.4,226.7,1.8,4,17510,1.000,0.000,-0.049,0.171,-0.013,72.2,-5.7,0,2.12,0.372,75.8,244.9,1.000,6.9,14.0,20.2,28.9,38.6,46.5,52.2,58.4,63.9,68.9,72.2,74.8,78.0,81.1,86.2,94.5,48.6,24.9,10.2
819,15.970,0.000,668.7,227.2,1.9,4,17532,1.000,0.000,-0.049,0.175,-0.012,72.3,-5.7,0,2.05,0.362,75.4,243.6,1.000,6.9,14.0,20.2,29.0,39.1,47.4,53.4,60.1,65.7,69.5,72.3,74.7,77.7,80.7,85.6,93.7,47.7,24.8,10.2
820,15.990,0.000,670.0,227.7,2.1,4,17555,1.000,0.000,-0.050,0.179,-0.010,72.3,-5.7,0,1.99,0.351,74.9,242.2,1.000,6.8,14.0,20.2,29.2,39.6,48.3,54.8,62.0,66.6,69.8,72.3,74.6,77.3,80.2,84.9,92.9,46.8,24.8,10.2
821,16.012,0.000,671.4,228.3,2.2,4,17578,1.000,0.000,-0.051,0.184,-0.009,72.2,-5.7,0,1.92,0.337,74.3,240.7,1.000,6.8,14.0,20.2,29.3,40.3,49.5,56.5,63.7,67.1,69.8,72.2,74.2,76.9,79.6,84.2,91.9,46.0,24.7,10.2
822,16.034,0.000,672.7,228.9,2.2,4,17603,1.000,0.000,-0.053,0.188,-0.008,71.9,-5.7,0,1.86,0.322,73.7,239.1,1.000,6.8,13.9,20.2,29.6,41.0,50.9,58.4,64.5,67.4,69.8,71.9,73.9,76.4,79.0,83.4,90.9,45.1,24.7,10.3
823,16.056,0.000,674.1,229.5,2.3,4,17626,1.000,0.000,-0.055,0.192,-0.007,71.6,-5.8,0,1.79,0.306,73.0,237.5,1.000,6.8,13.9,20.3,29.8,41.9,52.5,60.3,64.9,67.4,69.6,71.6,73.5,75.8,78.4,82.6,90.0,44.2,24.6,10.3
824,16.078,0.000,675.5,230.0,2.3,4,17650,1.000,0.000,-0.057,0.196,-0.005,71.3,-5.8,0,1.72,0.288,72.3,235.9,1.000,6.7,13.9,20.3,30.2,42.9,54.4,61.3,65.1,67.4,69.4,71.3,73.0,75.3,77.7,81.8,89.0,43.3,24.5,10.3
825,16.100,0.000,676.9,230.6,2.4,4,17674,1.000,0.000,-0.057,0.199,-0.003,70.9,-5.9,0,1.66,0.271,71.5,234.3,1.000,6.7,13.9,20.4,30.7,44.2,56.7,61.9,65.2,67.3,69.2,70.9,72.6,74.7,77.0,81.0,88.0,42.3,24.3,10.3
826,16.122,0.000,678.3,231.1,2.5,4,17697,1.000,0.000,-0.057,0.202,-0.001,70.5,-5.9,0,1.59,0.252,70.7,232.7,1.000,6.7,14.0,20.5,31.3,45.7,58.0,62.2,65.2,67.1,68.8,70.5,72.1,74.1,76.4,80.3,87.1,41.4,24.1,10.3
827,16.144,0.000,679.8,231.7,2.5,4,17722,0.000,0.000,-0.056,0.205,0.001,70.0,-5.9,0,1.53,0.233,70.0,231.1,1.000,6.7,14.0,20.7,31.9,47.5,58.7,62.3,65.1,66.8,68.5,70.0,71.5,73.5,75.7,79.4,86.1,40.4,23.9,10.3
828,16.166,0.000,681.2,231.4,2.5,4,17103,0.000,0.000,-0.055,0.207,0.003,69.5,-19.5,0,1.47,0.213,69.5,229.4,1.000,6.7,14.1,20.9,32.7,49.6,59.0,62.3,64.8,66.5,68.0,69.5,71.0,72.9,75.0,78.6,85.1,39.5,23.7,10.3
829,16.188,0.000,682.6,230.7,2.6,4,17016,0.000,0.033,-0.053,0.209,0.005,69.1,-19.8,0,1.40,0.193,69.1,227.8,0.693,6.7,14.1,21.2,33.6,51.8,59.3,62.3,64.6,66.1,67.6,69.1,70.4,72.3,74.3,77.8,84.2,38.5,23.4,10.3
830,16.210,0.000,684.0,230.0,2.8,4,16953,0.000,0.075,-0.047,0.210,0.008,68.6,-19.0,0,1.34,0.172,68.6,226.2,0.478,6.7,14.2,21.6,34.9,53.2,59.5,62.2,64.4,65.8,67.3,68.6,69.9,71.7,73.6,77.1,83.2,37.5,23.1,10.3
831,16.232,0.000,685.4,229.2,2.9,4,16870,0.000,0.111,-0.041,0.211,0.011,68.1,-18.0,0,1.27,0.151,68.1,224.7,0.328,6.7,14.4,22.1,36.3,53.9,59.5,62.0,64.1,65.5,66.8,68.1,69.4,71.1,73.0,76.3,82.3,36.4,22.8,10.2
832,16.254,0.000,686.8,228.2,3.1,4,16783,0.000,0.146,-0.035,0.211,0.014,67.6,-17.1,0,1.21,0.130,67.6,223.0,0.222,6.8,14.6,22.6,37.9,54.4,59.4,61.8,63.7,65.1,66.4,67.6,68.8,70.5,72.3,75.5,81.4,35.4,22.4,10.2
833,16.276,0.000,688.2,227.1,3.1,4,16688,0.000,0.181,-0.033,0.211,0.017,67.0,-16.3,0,1.16,0.109,67.0,221.3,0.000,6.8,14.7,23.1,39.5,54.5,59.1,61.4,63.2,64.5,65.8,67.0,68.1,69.7,71.5,74.6,80.4,34.6,22.1,10.2
834,16.298,0.000,689.5,226.0,3.0,4,16585,0.000,0.217,-0.032,0.210,0.019,66.2,-15.4,0,1.10,0.087,66.2,219.4,0.000,6.8,14.9,23.6,41.2,54.3,58.7,60.9,62.6,63.9,65.1,66.2,67.3,68.9,70.6,73.7,79.3,33.8,21.8,10.2
835,16.320,0.000,690.9,224.7,2.9,4,16476,0.000,0.252,-0.033,0.208,0.020,65.4,-14.4,0,1.05,0.065,65.4,217.4,0.000,6.8,15.1,24.2,42.8,54.1,58.2,60.2,62.0,63.1,64.3,65.4,66.5,68.0,69.7,72.7,78.2,33.1,21.5,10.1
836,16.342,0.000,692.3,223.3,2.8,4,16356,0.000,0.285,-0.034,0.207,0.022,64.6,-13.5,0,1.00,0.043,64.6,215.4,0.000,6.9,15.3,24.7,43.7,53.7,57.6,59.6,61.2,62.4,63.5,64.6,65.6,67.1,68.7,71.6,77.1,32.4,21.3,10.1
837,16.364,0.000,693.6,221.8,2.7,4,16232,0.000,0.313,0.056,0.204,0.023,63.7,-12.6,0,0.96,0.000,63.7,213.3,0.000,6.9,15.6,25.4,44.2,53.3,57.0,58.9,60.5,61.6,62.7,63.7,64.8,66.2,67.8,70.6,76.0,31.7,21.0,10.0
838,16.386,0.000,695.0,220.2,2.7,4,16102,0.000,0.369,0.048,0.202,0.021,62.4,-12.5,0,0.95,0.000,62.4,210.6,0.000,6.9,15.7,25.6,43.8,52.3,55.9,57.7,59.3,60.4,61.4,62.4,63.5,64.9,66.4,69.2,74.5,31.5,20.9,10.0
839,16.408,0.000,696.3,218.5,1.7,4,15952,0.000,0.464,0.029,0.200,0.017,60.6,-11.0,0,0.99,0.000,60.6,207.1,0.000,6.9,15.5,25.2,42.4,50.7,54.2,56.0,57.5,58.6,59.6,60.6,61.6,63.0,64.5,67.3,72.6,32.0,21.1,10.0
840,16.430,0.000,697.6,216.6,0.6,4,15781,0.000,0.560,0.004,0.198,0.012,58.7,-7.5,0,1.04,0.000,58.7,203.2,0.000,6.9,15.3,24.6,40.8,48.9,52.4,54.1,55.6,56.7,57.7,58.7,59.7,61.0,62.6,65.3,70.6,32.6,21.3,10.0
841,16.452,0.000,699.0,214.4,-0.2,4,15557,0.000,0.634,-0.015,0.195,0.009,56.9,-3.7,0,1.08,0.000,56.9,199.6,0.000,6.9,15.2,24.2,39.6,47.3,50.7,52.4,53.9,54.9,55.9,56.9,57.9,59.3,60.8,63.5,68.7,33.1,21.5,10.1
842,16.474,0.000,700.3,212.0,-0.6,4,15318,0.000,0.678,-0.023,0.193,0.007,55.4,0.4,0,1.10,0.000,55.4,196.4,0.000,6.9,15.2,24.1,38.7,46.1,49.4,51.1,52.5,53.5,54.5,55.4,56.4,57.7,59.2,61.9,67.0,33.3,21.5,10.1
843,16.496,0.000,701.6,209.4,-0.5,4,15083,0.000,0.695,-0.021,0.191,0.008,54.2,2.8,0,1.11,0.000,54.2,193.4,0.000,6.9,15.2,24.2,38.1,45.1,48.3,49.9,51.3,52.3,53.2,54.2,55.1,56.4,57.9,60.5,65.6,33.4,21.5,10.0
844,16.518,0.000,702.8,206.7,-0.3,4,14858,0.000,0.697,-0.014,0.189,0.009,53.0,3.7,0,1.10,0.000,53.0,190.7,0.000,6.9,15.4,24.5,37.6,44.3,47.3,48.9,50.2,51.2,52.1,53.0,54.0,55.2,56.6,59.2,64.2,33.5,21.3,10.0
845,16.540,0.000,704.1,204.0,-0.0,4,14671,0.000,0.698,-0.006,0.187,0.011,51.9,5.6,0,1.11,0.000,51.9,188.0,0.000,7.0,15.5,24.7,37.2,43.4,46.4,47.9,49.2,50.1,51.0,51.9,52.8,54.1,55.4,58.0,62.9,34.1,21.2,10.0
846,16.562,0.000,705.3,201.3,0.2,4,14492,0.000,0.703,-0.206,0.184,0.012,50.8,8.1,0,2.12,-0.421,50.8,185.2,0.000,7.0,15.6,24.9,36.6,42.6,45.4,46.9,48.1,49.0,49.9,50.8,51.7,52.9,54.2,56.7,61.5,69.1,21.1,9.9
847,16.584,0.000,706.5,198.7,0.1,4,14273,0.000,0.692,-0.383,0.182,0.016,49.9,14.7,0,2.08,-0.470,49.9,182.9,0.000,7.1,15.8,25.5,36.3,42.0,44.7,46.1,47.3,48.2,49.1,49.9,50.8,51.9,53.3,55.7,60.4,67.9,20.8,9.9
848,16.606,0.000,707.7,196.3,0.8,4,14068,0.000,0.621,-0.334,0.178,0.026,49.7,26.6,0,1.99,-0.447,49.7,181.9,0.000,7.2,16.4,26.9,36.7,42.1,44.7,46.0,47.2,48.0,48.9,49.7,50.5,51.7,53.0,55.3,60.0,67.2,20.2,9.7
849,16.628,0.000,708.9,193.8,2.5,4,13901,0.000,0.508,-0.134,0.173,0.042,49.9,31.2,0,0.81,0.000,49.9,181.7,0.000,7.3,17.3,28.4,37.4,42.5,45.0,46.4,47.5,48.3,49.1,49.9,50.7,51.8,53.1,55.4,59.9,30.0,19.3,9.6
850,16.650,0.000,710.1,191.3,4.2,4,13774,0.000,0.397,0.066,0.167,0.057,50.1,23.6,0,0.67,0.000,50.1,181.4,0.000,7.5,18.4,29.7,38.1,43.0,45.4,46.6,47.7,48.5,49.3,50.1,50.8,51.9,53.1,55.4,59.8,27.5,18.5,9.4
851,16.672,0.000,711.3,189.0,5.4,4,13680,0.000,0.341,0.249,0.160,0.067,49.7,8.3,0,0.59,0.000,49.7,180.3,0.000,7.7,19.3,30.2,38.1,42.8,45.2,46.4,47.5,48.2,49.0,49.7,50.5,51.5,52.7,54.9,59.2,26.3,17.9,9.2
852,16.694,0.000,712.4,187.1,5.3,4,13607,0.000,0.403,0.250,0.153,0.066,48.4,-0.3,0,0.61,0.000,48.4,177.1,0.000,7.7,19.4,29.6,37.2,41.7,44.0,45.2,46.2,46.9,47.7,48.4,49.2,50.2,51.4,53.5,57.8,27.4,17.8,9.2
853,16.716,0.000,713.6,185.3,3.4,4,13469,0.000,0.579,0.151,0.146,0.053,46.1,-0.8,0,1.77,0.000,46.1,171.9,0.000,7.7,18.7,28.0,35.2,39.6,41.8,42.9,43.9,44.7,45.4,46.1,46.8,47.9,49.0,51.1,55.4,62.2,18.3,9.2
854,16.738,0.000,714.7,183.3,0.6,4,13210,0.000,0.780,0.067,0.139,0.035,43.5,3.9,0,1.88,0.000,43.5,165.9,0.000,7.6,17.7,26.1,32.9,37.1,39.2,40.4,41.4,42.1,42.8,43.5,44.2,45.2,46.3,48.4,52.6,59.4,19.1,9.3
855,16.760,0.000,715.8,181.0,-1.8,4,12850,0.000,0.963,-0.006,0.133,0.020,41.1,16.3,0,1.98,0.000,41.1,160.0,0.000,7.5,17.0,24.6,30.9,35.0,37.0,38.1,39.1,39.7,40.4,41.1,41.8,42.8,43.9,46.0,50.1,56.8,19.9,9.4
856,16.782,0.000,716.9,178.5,-3.2,3,15664,0.000,0.500,-0.206,0.128,0.010,39.2,40.5,0,2.06,-0.810,39.2,154.5,0.000,7.5,16.5,23.5,29.4,33.3,35.2,36.3,37.2,37.9,38.6,39.2,39.9,40.9,41.9,44.0,48.0,54.7,20.9,9.5
857,16.804,0.000,718.0,176.1,-3.7,3,15594,0.000,0.500,-0.406,0.123,0.006,37.9,39.9,0,2.11,-0.810,37.9,150.7,0.000,7.5,16.4,22.8,28.5,32.1,34.0,35.0,35.9,36.6,37.2,37.9,38.5,39.4,40.5,42.5,46.4,53.0,22.0,9.5
858,16.826,0.000,719.0,173.9,-3.2,3,15349,0.000,1.000,-0.530,0.118,0.010,37.2,33.8,0,2.11,-0.666,37.2,148.8,0.000,7.6,16.6,22.7,28.1,31.6,33.4,34.4,35.3,35.9,36.5,37.2,37.8,38.7,39.7,41.7,45.6,52.0,22.4,9.4
859,16.848,0.000,720.1,171.5,-1.7,3,14569,0.000,0.500,-0.380,0.113,0.023,37.0,58.1,0,2.03,-0.497,37.0,148.2,0.000,7.7,17.0,23.0,28.2,31.6,33.4,34.3,35.2,35.8,36.4,37.0,37.7,38.5,39.5,41.4,45.3,51.7,21.7,9.2
860,16.870,0.000,721.1,168.9,0.4,3,14709,0.000,0.473,-0.423,0.107,0.039,37.1,57.1,0,1.93,-0.701,37.1,148.3,0.000,7.9,17.5,23.4,28.4,31.8,33.5,34.5,35.3,35.9,36.5,37.1,37.7,38.6,39.6,41.4,45.2,51.5,20.7,9.0
861,16.892,0.000,722.2,166.5,2.3,3,14596,0.000,0.406,-0.327,0.100,0.056,37.2,50.8,0,1.83,-0.642,37.2,148.6,0.000,8.1,18.0,23.7,28.7,32.0,33.7,34.6,35.4,36.0,36.6,37.2,37.8,38.7,39.6,41.5,45.2,51.4,19.8,8.9
862,16.914,0.000,723.2,164.3,3.8,3,14457,0.000,0.343,-0.336,0.093,0.072,37.2,39.5,0,1.76,-0.773,37.2,148.9,0.000,8.3,18.3,24.0,28.9,32.1,33.8,34.7,35.5,36.1,36.7,37.2,37.8,38.7,39.6,41.4,45.1,51.2,19.0,8.7
863,16.936,0.000,724.2,162.2,4.9,3,14323,0.000,0.615,-0.277,0.084,0.087,37.2,28.5,0,1.69,-0.761,37.2,148.3,0.000,8.5,18.6,24.2,29.0,32.1,33.8,34.7,35.5,36.0,36.6,37.2,37.8,38.6,39.5,41.3,44.9,51.0,18.5,8.5
864,16.958,0.000,725.1,160.2,5.8,3,13860,0.000,0.281,-0.255,0.075,0.101,37.0,33.1,0,1.64,-0.810,37.0,147.3,0.000,8.8,18.8,24.3,29.0,32.1,33.7,34.6,35.4,35.9,36.5,37.0,37.6,38.4,39.3,41.1,44.7,50.7,18.0,8.3
865,16.980,0.000,726.1,158.2,6.4,3,13942,0.000,0.527,-0.217,0.064,0.113,36.8,23.4,0,1.60,-0.810,36.8,146.1,0.000,9.0,18.9,24.2,28.8,31.9,33.5,34.4,35.1,35.7,36.2,36.8,37.3,38.1,39.0,40.8,44.3,50.3,17.8,8.2
866,17.002,0.000,727.1,156.3,6.8,3,13528,0.000,0.558,-0.183,0.051,0.124,36.4,23.9,0,1.57,-0.810,36.4,143.6,0.000,9.2,19.0,24.2,28.7,31.6,33.2,34.0,34.8,35.3,35.9,36.4,37.0,37.8,38.7,40.4,43.9,49.7,17.8,8.0
867,17.024,0.000,728.0,154.2,7.1,3,13242,0.000,0.272,-0.154,0.038,0.134,36.0,27.3,0,1.55,-0.810,36.0,141.8,0.000,9.4,18.9,24.0,28.4,31.3,32.8,33.7,34.4,34.9,35.5,36.0,36.6,37.3,38.2,39.9,43.3,49.2,17.9,7.8
868,17.046,0.000,729.0,152.2,7.1,3,13361,0.000,0.497,-0.131,0.024,0.142,35.5,16.5,0,1.56,-0.810,35.5,140.8,0.000,9.5,18.8,23.7,28.0,30.9,32.4,33.2,33.9,34.5,35.0,35.5,36.1,36.8,37.7,39.3,42.7,48.5,18.4,7.7
869,17.068,0.000,729.9,150.3,6.9,3,13052,0.000,0.433,-0.113,0.009,0.150,35.0,15.7,0,1.58,-0.810,35.0,140.2,0.000,9.6,18.7,23.5,27.6,30.4,31.9,32.7,33.4,33.9,34.4,35.0,35.5,36.2,37.1,38.7,42.1,47.8,19.4,7.6
870,17.090,0.000,730.8,148.4,6.6,3,12926,0.000,0.369,-0.172,-0.008,0.156,34.4,12.9,0,3.74,-0.810,34.4,139.5,0.000,9.6,18.5,23.1,27.2,29.9,31.3,32.1,32.8,33.3,33.8,34.4,34.9,35.6,36.4,38.1,41.3,47.0,55.1,7.5
871,17.112,0.000,731.7,146.6,6.1,3,12850,0.000,0.338,-0.142,-0.025,0.163,33.8,10.2,0,3.74,-0.810,33.8,138.4,0.000,9.7,18.3,22.8,26.7,29.4,30.8,31.6,32.3,32.8,33.3,33.8,34.3,35.0,35.8,37.4,40.6,46.3,54.3,7.4
872,17.134,0.000,732.6,144.9,5.8,3,12757,0.000,0.313,-0.118,-0.044,0.166,33.2,6.0,0,3.74,-0.810,33.2,137.2,0.000,9.7,18.1,22.5,26.3,28.9,30.3,31.1,31.7,32.2,32.7,33.2,33.7,34.4,35.2,36.8,40.0,45.5,53.5,7.3
873,17.156,0.000,733.4,143.3,5.4,3,12656,0.000,0.292,-0.167,-0.061,0.153,32.7,1.4,0,3.73,-0.810,32.7,136.0,0.000,9.7,17.9,22.2,25.9,28.5,29.8,30.6,31.2,31.7,32.2,32.7,33.2,33.8,34.7,36.2,39.4,44.9,52.8,7.3
874,17.178,0.000,734.3,141.9,5.1,3,12537,0.000,0.302,-0.211,-0.077,0.142,32.2,-0.4,0,3.73,-0.810,32.2,134.4,0.000,9.8,17.8,21.9,25.6,28.1,29.4,30.1,30.8,31.3,31.7,32.2,32.7,33.4,34.2,35.7,38.8,44.2,52.1,7.2
875,17.200,0.000,735.2,140.5,5.0,3,12406,0.000,0.296,-0.245,-0.092,0.133,31.9,0.5,0,3.72,-0.810,31.9,133.3,0.000,9.8,17.7,21.7,25.3,27.8,29.1,29.8,30.5,30.9,31.4,31.9,32.3,33.0,33.8,35.3,38.4,43.8,51.6,7.2
876,17.222,0.000,736.0,139.1,5.2,3,12288,0.000,0.261,-0.271,-0.105,0.126,31.6,1.8,0,3.71,-0.810,31.6,132.6,0.000,9.8,17.6,21.6,25.2,27.6,28.9,29.6,30.2,30.7,31.1,31.6,32.1,32.7,33.5,35.0,38.1,43.4,51.2,7.1
877,17.244,0.000,736.9,137.8,5.4,3,12195,0.000,0.211,-0.289,-0.117,0.120,31.4,1.8,0,3.70,-0.810,31.4,132.3,0.000,9.9,17.6,21.5,25.1,27.5,28.7,29.4,30.1,30.5,31.0,31.4,31.9,32.6,33.3,34.8,37.8,43.2,51.0,7.0
878,17.266,0.000,737.8,136.6,5.7,3,12125,0.000,0.154,-0.302,-0.128,0.116,31.3,0.2,0,3.68,-0.810,31.3,132.3,0.000,9.9,17.6,21.5,25.0,27.4,28.6,29.3,30.0,30.4,30.9,31.3,31.8,32.4,33.2,34.7,37.7,43.0,50.8,7.0
879,17.288,0.000,738.6,135.5,6.1,3,12073,0.000,0.093,-0.307,-0.137,0.114,31.3,-2.3,0,3.66,-0.808,31.3,132.4,-0.007,10.0,17.6,21.5,25.0,27.4,28.6,29.3,29.9,30.4,30.8,31.3,31.7,32.4,33.2,34.6,37.6,42.9,50.7,6.9
880,17.310,0.000,739.4,134.5,6.6,3,12040,0.000,0.032,-0.303,-0.146,0.112,31.3,-5.3,0,3.65,-0.801,31.3,132.7,-0.012,10.0,17.7,21.6,25.0,27.4,28.7,29.3,30.0,30.4,30.9,31.3,31.8,32.4,33.2,34.6,37.6,42.9,50.6,6.9
881,17.332,0.000,740.3,133.8,7.2,3,12024,0.000,0.000,-0.300,-0.154,0.112,31.4,-8.5,0,3.63,-0.805,31.4,133.1,0.000,10.1,17.8,21.7,25.1,27.5,28.7,29.4,30.0,30.5,30.9,31.4,31.9,32.5,33.3,34.7,37.7,43.0,50.7,6.8
882,17.354,0.000,741.1,133.1,7.8,3,11998,0.131,0.000,-0.292,-0.162,0.113,31.5,-10.6,0,3.61,-0.810,31.5,133.6,0.133,10.2,17.9,21.8,25.3,27.6,28.9,29.6,30.2,30.6,31.1,31.5,32.0,32.6,33.4,34.8,37.8,43.1,50.8,6.7
883,17.376,0.000,741.9,132.7,8.4,3,12010,0.182,0.000,-0.281,-0.169,0.115,31.7,-8.5,0,3.59,-0.810,31.7,133.9,0.183,10.3,18.0,21.9,25.4,27.8,29.0,29.7,30.3,30.8,31.2,31.7,32.1,32.8,33.5,35.0,38.0,43.3,50.9,6.6
884,17.398,0.000,742.8,132.3,8.9,3,12046,0.232,0.000,-0.273,-0.176,0.115,31.8,-6.9,0,3.57,-0.810,31.8,134.1,0.233,10.3,18.1,22.0,25.5,27.9,29.1,29.8,30.4,30.9,31.3,31.8,32.2,32.9,33.7,35.1,38.1,43.4,51.0,6.6
885,17.420,0.000,743.6,132.0,9.4,3,12100,0.282,0.000,-0.270,-0.182,0.115,31.8,-5.4,0,3.56,-0.810,31.8,134.2,0.283,10.4,18.1,22.1,25.6,27.9,29.2,29.9,30.5,30.9,31.4,31.8,32.3,33.0,33.7,35.2,38.2,43.4,51.1,6.5
886,17.442,0.000,744.4,131.8,9.6,3,12169,0.333,0.000,-0.273,-0.188,0.114,31.8,-3.9,0,3.55,-0.810,31.8,134.0,0.333,10.4,18.2,22.1,25.6,27.9,29.2,29.9,30.5,30.9,31.4,31.8,32.3,32.9,33.7,35.1,38.1,43.4,51.0,6.5
887,17.464,0.000,745.3,131.7,9.7,3,12253,0.383,0.000,-0.283,-0.193,0.111,31.7,-2.3,0,3.55,-0.810,31.7,133.6,0.383,10.4,18.1,22.0,25.5,27.8,29.1,29.8,30.4,30.8,31.3,31.7,32.2,32.8,33.6,35.0,38.0,43.2,50.9,6.5
888,17.486,0.000,746.1,131.7,9.6,3,12350,0.433,0.000,-0.301,-0.197,0.107,31.6,-0.7,0,3.55,-0.810,31.6,133.1,0.433,10.4,18.1,21.9,25.4,27.7,28.9,29.6,30.2,30.7,31.1,31.6,32.0,32.7,33.4,34.8,37.8,43.0,50.7,6.5
889,17.508,0.000,746.9,131.7,9.4,3,12460,0.483,0.000,-0.324,-0.202,0.101,31.3,0.9,0,3.55,-0.808,31.3,132.5,0.483,10.4,18.0,21.8,25.2,27.5,28.7,29.4,30.0,30.4,30.9,31.3,31.8,32.4,33.2,34.6,37.5,42.7,50.3,6.5
890,17.530,0.000,747.7,131.8,9.0,3,12580,0.000,0.000,-0.338,-0.205,0.095,31.0,2.5,0,3.56,-0.777,31.0,131.8,0.483,10.4,17.8,21.6,25.0,27.2,28.5,29.1,29.7,30.1,30.6,31.0,31.5,32.1,32.8,34.3,37.2,42.4,50.0,6.5
891,17.552,0.000,748.6,131.6,8.5,3,12478,0.000,0.037,-0.363,-0.209,0.087,30.7,-8.0,0,3.56,-0.759,30.7,129.9,0.331,10.3,17.7,21.4,24.7,26.9,28.1,28.8,29.4,29.8,30.2,30.7,31.1,31.8,32.5,33.9,36.8,41.9,49.5,6.5
892,17.574,0.000,749.4,131.2,7.9,3,11816,0.000,0.131,-0.382,-0.211,0.079,30.3,-8.1,0,3.57,-0.725,30.3,127.5,0.225,10.3,17.5,21.1,24.4,26.6,27.8,28.5,29.0,29.5,29.9,30.3,30.8,31.4,32.1,33.5,36.4,41.5,49.1,6.5
893,17.596,0.000,750.2,130.6,7.4,2,14795,0.000,0.166,-0.403,-0.214,0.072,30.0,-1.5,0,3.58,-0.698,30.0,126.2,0.000,10.2,17.3,20.9,24.1,26.3,27.5,28.1,28.7,29.1,29.6,30.0,30.4,31.0,31.8,33.1,36.0,41.1,48.6,6.6
894,17.618,0.000,751.0,129.8,7.1,2,14732,0.000,0.146,-0.419,-0.215,0.065,29.7,2.9,0,3.59,-0.670,29.7,125.9,-0.007,10.2,17.2,20.7,23.9,26.1,27.2,27.9,28.4,28.9,29.3,29.7,30.1,30.7,31.5,32.8,35.7,40.7,48.2,6.6
895,17.640,0.000,751.9,129.0,6.8,2,14421,0.000,0.122,-0.432,-0.216,0.060,29.5,0.0,0,3.60,-0.649,29.5,125.6,-0.012,10.1,17.1,20.6,23.7,25.9,27.0,27.6,28.2,28.6,29.0,29.5,29.9,30.5,31.2,32.6,35.4,40.4,47.9,6.6
896,17.662,0.000,752.7,127.9,6.9,2,14243,0.000,0.094,-0.438,-0.217,0.057,29.3,-2.4,0,3.61,-0.630,29.3,125.1,-0.015,10.1,17.0,20.5,23.6,25.7,26.9,27.5,28.1,28.5,28.9,29.3,29.7,30.3,31.1,32.4,35.2,40.3,47.8,6.6
897,17.684,0.000,753.5,126.9,7.1,2,14132,0.000,0.068,-0.439,-0.217,0.056,29.3,-4.6,0,3.61,-0.622,29.3,124.7,-0.018,10.1,17.0,20.4,23.6,25.7,26.8,27.5,28.0,28.4,28.9,29.3,29.7,30.3,31.0,32.4,35.2,40.2,47.7,6.6
898,17.706,0.000,754.3,126.0,7.6,2,14039,0.000,0.045,-0.431,-0.217,0.058,29.4,-6.8,0,3.61,-0.622,29.4,124.2,-0.019,10.1,17.0,20.5,23.6,25.8,26.9,27.5,28.1,28.5,28.9,29.4,29.8,30.4,31.1,32.5,35.3,40.3,47.8,6.6
899,17.728,0.000,755.1,125.1,8.3,2,13953,0.000,0.026,-0.419,-0.216,0.061,29.5,-8.8,0,3.60,-0.631,29.5,123.7,-0.021,10.2,17.1,20.6,23.8,25.9,27.1,27.7,28.3,28.7,29.1,29.5,30.0,30.6,31.3,32.7,35.5,40.6,48.1,6.6
900,17.750,0.000,755.8,124.2,9.2,2,13869,0.000,0.009,-0.401,-0.215,0.067,29.8,-10.5,0,3.60,-0.649,29.8,123.2,-0.021,10.2,17.2,20.8,24.0,26.2,27.3,28.0,28.5,29.0,29.4,29.8,30.2,30.9,31.6,32.9,35.8,40.9,48.4,6.6
901,17.772,0.000,756.6,123.4,10.1,2,13788,0.000,0.000,-0.380,-0.214,0.074,30.2,-12.0,0,3.59,-0.673,30.2,123.4,0.000,10.2,17.4,21.0,24.3,26.5,27.6,28.3,28.9,29.3,29.7,30.2,30.6,31.2,31.9,33.3,36.2,41.3,48.9,6.5
902,17.794,0.000,757.4,122.7,11.2,2,13701,0.161,0.000,-0.358,-0.213,0.082,30.5,-13.2,0,3.58,-0.701,30.5,124.3,0.161,10.3,17.6,21.3,24.6,26.8,28.0,28.7,29.2,29.7,30.1,30.5,31.0,31.6,32.3,33.7,36.6,41.8,49.4,6.5
903,17.816,0.000,758.2,122.0,12.3,2,13733,0.211,0.000,-0.335,-0.211,0.090,30.9,-8.4,0,3.57,-0.732,30.9,125.3,0.211,10.4,17.8,21.5,24.9,27.2,28.4,29.0,29.6,30.1,30.5,30.9,31.4,32.0,32.8,34.2,37.1,42.3,50.0,6.4
904,17.838,0.000,758.9,121.5,13.3,2,13809,0.261,0.000,-0.314,-0.210,0.098,31.3,-5.0,0,3.57,-0.763,31.3,126.3,0.261,10.4,18.0,21.8,25.2,27.5,28.7,29.4,30.0,30.4,30.9,31.3,31.8,32.4,33.2,34.6,37.6,42.8,50.6,6.4
905,17.860,0.000,759.7,121.1,14.2,2,13914,0.311,0.000,-0.296,-0.208,0.105,31.7,-2.1,0,3.57,-0.791,31.7,127.0,0.311,10.5,18.2,22.0,25.5,27.8,29.1,29.7,30.3,30.8,31.2,31.7,32.1,32.8,33.5,35.0,38.0,43.2,51.3,6.4
906,17.882,0.000,760.5,120.8,14.9,2,14044,0.361,0.000,-0.281,-0.207,0.110,32.0,0.8,0,3.59,-0.810,32.0,127.6,0.361,10.5,18.3,22.2,25.7,28.1,29.3,30.0,30.6,31.1,31.5,32.0,32.4,33.1,33.8,35.3,38.3,43.5,51.9,6.4
907,17.904,0.000,761.2,120.6,15.5,2,14196,0.411,0.000,-0.264,-0.205,0.114,32.2,3.7,0,3.61,-0.810,32.2,128.0,0.411,10.5,18.4,22.4,25.9,28.2,29.5,30.2,30.8,31.3,31.7,32.2,32.6,33.3,34.0,35.5,38.5,43.8,52.5,6.3
908,17.926,0.000,762.0,120.4,15.8,2,14370,0.461,0.000,-0.255,-0.203,0.116,32.3,6.7,0,3.64,-0.810,32.3,128.3,0.461,10.5,18.4,22.4,26.0,28.3,29.6,30.3,30.9,31.4,31.8,32.3,32.7,33.4,34.2,35.6,38.6,43.9,53.0,6.4
909,17.948,0.000,762.8,120.4,16.0,2,14565,0.511,0.000,-0.255,-0.201,0.117,32.3,9.8,0,3.68,-0.810,32.3,128.4,0.511,10.5,18.4,22.4,26.0,28.3,29.6,30.3,30.9,31.4,31.8,32.3,32.8,33.4,34.2,35.6,38.7,44.0,53.4,6.4
910,17.970,0.000,763.5,120.5,16.0,2,14782,0.561,0.000,-0.262,-0.199,0.116,32.2,13.1,0,3.71,-0.810,32.2,128.3,0.561,10.5,18.4,22.4,25.9,28.3,29.6,30.2,30.9,31.3,31.8,32.2,32.7,33.4,34.1,35.6,38.6,43.9,53.7,6.4
911,17.992,0.000,764.3,120.7,15.9,2,15020,0.611,0.000,-0.276,-0.197,0.113,32.1,16.4,0,3.76,-0.810,32.1,128.0,0.611,10.5,18.3,22.3,25.8,28.2,29.4,30.1,30.7,31.2,31.6,32.1,32.6,33.2,34.0,35.4,38.5,43.8,53.9,6.4
912,18.014,0.000,765.1,121.0,15.7,2,15280,0.661,0.000,-0.295,-0.195,0.110,31.9,20.1,0,3.80,-0.810,31.9,127.6,0.661,10.4,18.2,22.1,25.6,28.0,29.2,29.9,30.6,31.0,31.4,31.9,32.4,33.0,33.8,35.2,38.3,43.6,54.0,6.5
913,18.036,0.000,765.8,121.4,15.5,2,15566,0.711,0.000,-0.317,-0.192,0.106,31.7,24.1,0,3.85,-0.810,31.7,127.1,0.711,10.4,18.1,22.0,25.4,27.8,29.0,29.7,30.3,30.8,31.2,31.7,32.1,32.8,33.6,35.0,38.0,43.4,54.1,6.5
914,18.058,0.000,766.6,121.9,15.4,2,15883,0.630,0.000,-0.328,-0.189,0.102,31.5,28.6,0,3.91,-0.787,31.5,126.6,0.761,10.3,17.9,21.8,25.2,27.6,28.8,29.5,30.1,30.6,31.0,31.5,31.9,32.6,33.3,34.8,37.8,43.2,54.2,6.6
915,18.080,0.000,767.4,122.4,15.3,2,16116,0.706,0.000,-0.344,-0.186,0.098,31.2,27.8,0,3.96,-0.771,31.2,126.0,0.811,10.2,17.8,21.6,25.0,27.4,28.6,29.3,29.9,30.3,30.8,31.2,31.7,32.3,33.1,34.5,37.5,43.0,54.4,6.6
916,18.102,0.000,768.1,122.9,15.2,2,16339,0.582,0.000,-0.357,-0.183,0.094,31.0,30.5,0,4.03,-0.751,31.0,125.5,0.861,10.2,17.6,21.4,24.8,27.1,28.4,29.1,29.7,30.1,30.5,31.0,31.4,32.1,32.8,34.3,37.3,42.8,54.6,6.7
917,18.124,0.000,768.9,123.3,15.1,2,16419,0.688,0.000,-0.371,-0.179,0.090,30.8,26.8,0,4.10,-0.733,30.8,125.0,0.911,10.1,17.5,21.3,24.6,26.9,28.2,28.8,29.4,29.9,30.3,30.8,31.2,31.9,32.6,34.0,37.0,42.6,54.8,6.7
918,18.146,0.000,769.7,123.8,15.0,2,16532,0.782,0.000,-0.386,-0.174,0.086,30.5,29.1,0,4.18,-0.713,30.5,124.4,0.961,10.0,17.3,21.1,24.4,26.7,27.9,28.6,29.2,29.6,30.1,30.5,31.0,31.6,32.3,33.8,36.8,42.5,55.1,6.8
919,18.168,0.000,770.5,124.3,15.0,2,16752,0.000,0.000,-0.401,-0.170,0.082,30.3,35.1,0,4.26,-0.693,30.3,123.8,0.961,10.0,17.2,20.9,24.2,26.5,27.7,28.4,29.0,29.4,29.8,30.3,30.7,31.4,32.1,33.5,36.5,42.3,55.4,6.9
920,18.190,0.000,771.3,124.6,14.9,2,16081,0.000,0.025,-0.415,-0.165,0.078,30.0,5.2,0,4.36,-0.673,30.0,123.3,0.665,9.9,17.0,20.7,24.0,26.3,27.5,28.1,28.7,29.2,29.6,30.0,30.5,31.1,31.9,33.3,36.2,42.2,55.9,6.9
921,18.212,0.000,772.0,124.2,14.3,2,14083,0.000,0.050,-0.438,-0.159,0.073,29.7,-5.1,0,4.45,-0.653,29.7,122.4,0.459,9.8,16.8,20.5,23.7,26.0,27.2,27.8,28.4,28.8,29.3,29.7,30.2,30.8,31.5,32.9,35.9,42.0,56.1,7.0
922,18.234,0.000,772.8,123.6,13.6,2,13794,0.000,0.068,-0.460,-0.154,0.066,29.3,-6.9,0,4.55,-0.622,29.3,121.4,0.314,9.7,16.6,20.2,23.4,25.6,26.8,27.5,28.1,28.5,28.9,29.3,29.8,30.4,31.1,32.6,35.5,41.7,56.2,7.1
923,18.256,0.000,773.6,122.8,13.0,2,13621,0.000,0.071,-0.476,-0.148,0.061,29.0,-6.4,0,4.65,-0.593,29.0,120.6,0.213,9.6,16.4,19.9,23.1,25.3,26.5,27.1,27.7,28.1,28.6,29.0,29.4,30.1,30.8,32.2,35.1,41.5,56.4,7.2
924,18.278,0.000,774.4,122.0,12.6,2,13497,0.000,0.054,-0.484,-0.143,0.057,28.8,-5.8,0,4.78,-0.571,28.8,120.1,0.142,9.5,16.3,19.7,22.9,25.1,26.3,26.9,27.5,27.9,28.3,28.8,29.2,29.8,30.5,31.9,34.9,41.4,57.0,7.3
925,18.300,0.000,775.1,121.1,12.3,2,13414,0.000,0.025,-0.487,-0.137,0.055,28.6,-6.2,0,4.93,-0.560,28.6,119.9,0.092,9.5,16.1,19.6,22.8,24.9,26.1,26.7,27.3,27.7,28.2,28.6,29.0,29.7,30.4,31.8,34.8,41.5,58.1,7.4
926,18.322,0.000,775.9,120.2,12.3,2,13360,0.000,0.000,-0.484,-0.131,0.055,28.5,-7.6,0,5.13,-0.556,28.5,119.8,0.092,9.4,16.1,19.6,22.7,24.9,26.0,26.7,27.3,27.7,28.1,28.5,29.0,29.6,30.3,31.7,34.8,41.9,59.7,7.4
927,18.344,0.000,776.6,119.4,12.4,2,13308,0.047,0.000,-0.480,-0.125,0.056,28.6,-9.5,0,5.38,-0.559,28.6,119.9,0.155,9.4,16.1,19.6,22.7,24.9,26.1,26.7,27.3,27.7,28.2,28.6,29.0,29.7,30.4,31.8,35.0,42.6,62.0,7.5
928,18.366,0.000,777.4,118.7,12.8,2,13280,0.119,0.000,-0.473,-0.119,0.060,28.7,-9.0,0,5.69,-0.566,28.7,120.3,0.205,9.4,16.1,19.6,22.8,25.0,26.2,26.8,27.4,27.8,28.3,28.7,29.2,29.8,30.5,32.0,35.4,43.5,65.1,7.5
929,18.388,0.000,778.1,118.0,13.2,2,13292,0.186,0.000,-0.468,-0.113,0.064,28.9,-6.6,0,6.08,-0.574,28.9,121.0,0.255,9.4,16.2,19.7,22.9,25.1,26.3,27.0,27.6,28.0,28.4,28.9,29.3,30.0,30.7,32.3,35.9,44.7,69.1,7.5
930,18.410,0.000,778.8,117.5,13.6,2,13346,0.250,0.000,-0.466,-0.107,0.069,29.1,-3.5,0,6.55,-0.581,29.1,121.8,0.305,9.4,16.2,19.8,23.0,25.3,26.5,27.2,27.8,28.2,28.6,29.1,29.5,30.2,31.0,32.6,36.6,46.1,74.1,7.5
931,18.432,0.000,779.6,117.1,14.0,2,13436,0.311,0.000,-0.467,-0.102,0.073,29.3,-0.2,0,7.11,-0.584,29.3,122.8,0.355,9.4,16.3,19.9,23.2,25.4,26.7,27.3,27.9,28.4,28.8,29.3,29.7,30.4,31.3,33.0,37.3,47.7,80.2,7.5
932,18.454,0.000,780.3,116.8,14.3,2,13559,0.369,0.000,-0.473,-0.096,0.077,29.5,3.2,0,7.76,-0.582,29.5,123.7,0.405,9.4,16.3,20.0,23.3,25.5,26.8,27.4,28.1,28.5,29.0,29.5,30.0,30.7,31.6,33.5,38.0,49.5,87.5,7.5
933,18.476,0.000,781.0,116.6,14.5,2,13711,0.426,0.000,-0.483,-0.091,0.079,29.6,6.6,0,8.50,-0.575,29.6,124.5,0.455,9.3,16.3,20.0,23.3,25.6,26.8,27.5,28.2,28.6,29.1,29.6,30.2,30.9,31.9,33.9,38.7,51.3,96.1,7.6
934,18.498,0.000,781.7,116.5,14.5,2,13889,0.482,0.000,-0.497,-0.085,0.080,29.8,10.1,0,9.31,-0.561,29.8,125.2,0.505,9.3,16.3,20.0,23.3,25.6,26.8,27.5,28.2,28.7,29.2,29.8,30.3,31.1,32.1,34.2,39.4,53.1,106.2,7.6
935,18.520,0.000,782.5,116.5,14.4,2,14093,0.537,0.000,-0.514,-0.080,0.080,29.8,13.8,0,10.20,-0.543,29.8,125.8,0.555,9.2,16.2,19.9,23.2,25.5,26.8,27.5,28.2,28.7,29.3,29.8,30.4,31.3,32.3,34.5,40.0,55.0,118.1,7.7
936,18.542,0.000,783.2,116.7,14.3,2,14320,0.590,0.000,-0.533,-0.075,0.078,29.9,17.5,0,11.17,-0.519,29.9,126.3,0.605,9.2,16.1,19.8,23.1,25.4,26.7,27.5,28.2,28.7,29.3,29.9,30.5,31.4,32.5,34.8,40.6,56.8,132.6,7.7
937,18.564,0.000,783.9,116.9,14.1,2,14570,0.643,0.000,-0.554,-0.070,0.076,29.9,21.4,0,12.24,-0.493,29.9,126.8,0.655,9.1,16.0,19.6,22.9,25.3,26.6,27.4,28.1,28.7,29.3,29.9,30.5,31.4,32.6,35.0,41.2,58.8,151.1,7.8
938,18.586,0.000,784.6,117.2,13.9,2,14845,0.558,0.000,-0.579,-0.064,0.073,29.9,25.5,0,13.43,-0.470,29.9,128.2,0.705,9.1,15.9,19.5,22.8,25.1,26.5,27.3,28.1,28.7,29.3,29.9,30.6,31.5,32.7,35.2,41.8,61.0,176.8,7.9
939,18.608,0.000,785.4,117.6,13.7,2,15047,0.637,0.000,-0.598,-0.059,0.070,29.9,24.5,0,14.28,-0.466,29.9,129.8,0.755,9.0,15.7,19.3,22.6,25.0,26.4,27.3,28.1,28.7,29.3,29.9,30.6,31.6,32.9,35.5,42.5,63.6,200.0,7.9
940,18.630,0.000,786.1,117.9,13.5,2,15247,0.563,0.000,-0.583,-0.053,0.068,30.0,27.0,0,14.26,-0.455,30.0,131.5,0.805,8.9,15.6,19.2,22.4,24.9,26.4,27.3,28.1,28.7,29.3,30.0,30.7,31.8,33.1,35.9,43.3,66.6,200.0,8.0
941,18.652,0.000,786.8,118.3,13.3,2,15376,0.661,0.000,-0.571,-0.047,0.065,30.1,25.2,0,14.22,-0.438,30.1,133.5,0.855,8.9,15.5,19.0,22.3,24.8,26.3,27.2,28.1,28.7,29.4,30.1,30.9,32.0,33.4,36.3,44.2,70.2,200.0,8.1
942,18.674,0.000,787.6,118.6,13.2,2,15535,0.637,0.000,-0.560,-0.041,0.062,30.2,27.9,0,14.18,-0.414,30.2,135.7,0.905,8.8,15.3,18.8,22.1,24.7,26.3,27.3,28.1,28.8,29.5,30.2,31.0,32.2,33.7,36.8,45.3,74.5,200.0,8.2
943,18.696,0.000,788.3,119.0,13.0,2,15678,0.671,0.000,-0.546,-0.035,0.059,30.5,28.5,0,14.11,-0.383,30.5,138.3,0.955,8.7,15.2,18.7,22.0,24.7,26.3,27.3,28.2,28.9,29.7,30.5,31.3,32.5,34.0,37.4,46.6,80.0,200.0,8.3
944,18.718,0.000,789.0,119.4,13.0,2,15828,0.662,0.000,-0.497,-0.029,0.056,30.8,30.1,0,13.06,-0.349,30.8,141.4,1.000,8.7,15.1,18.5,21.9,24.7,26.4,27.5,28.4,29.2,29.9,30.8,31.6,32.9,34.6,38.2,48.3,87.4,173.6,8.3
945,18.740,0.000,789.8,119.9,13.1,2,15966,0.729,0.000,-0.375,-0.022,0.054,31.2,30.4,0,9.36,-0.343,31.2,145.3,1.000,8.6,15.0,18.4,21.9,24.8,26.6,27.7,28.7,29.5,30.3,31.2,32.1,33.5,35.3,39.2,50.4,97.7,100.4,8.4
946,18.762,0.000,790.5,120.3,13.2,2,16146,0.643,0.000,-0.361,-0.016,0.053,31.7,32.7,0,8.14,-0.359,31.7,150.0,1.000,8.5,14.9,18.3,21.9,25.0,26.9,28.0,29.1,29.9,30.8,31.7,32.7,34.3,36.2,40.5,53.2,112.7,73.4,8.5
947,18.784,0.000,791.2,120.8,13.5,2,16261,0.714,0.000,-0.343,-0.008,0.053,32.5,30.4,0,8.09,-0.295,32.5,156.2,1.000,8.5,14.8,18.2,22.0,25.2,27.2,28.5,29.6,30.5,31.5,32.5,33.6,35.3,37.4,42.2,56.8,136.8,59.0,8.6
948,18.806,0.000,792.0,121.3,13.8,2,16401,0.677,0.000,-0.355,-0.001,0.053,33.5,32.0,0,8.80,-0.244,33.5,164.2,1.000,8.4,14.7,18.2,22.2,25.6,27.7,29.1,30.3,31.3,32.4,33.5,34.7,36.5,38.9,44.3,61.7,179.6,50.1,8.6
949,18.828,0.000,792.7,121.7,14.2,2,16512,0.684,0.000,-0.342,0.007,0.053,34.7,31.9,0,8.96,-0.191,34.7,175.1,1.000,8.4,14.6,18.2,22.4,26.0,28.4,29.8,31.2,32.3,33.5,34.7,36.1,38.1,40.8,47.1,68.2,200.0,44.0,8.7
950,18.850,0.000,793.5,122.2,14.6,2,16611,0.655,0.000,-0.322,0.015,0.054,36.3,32.2,0,8.70,-0.156,36.3,161.8,1.000,8.3,14.6,18.3,22.7,26.6,29.2,30.8,32.3,33.6,34.9,36.3,37.8,40.2,43.3,50.7,77.5,200.0,39.5,8.8
951,18.872,0.000,794.2,122.6,15.1,2,16671,0.722,0.000,-0.303,0.023,0.055,38.2,31.2,0,8.40,-0.130,38.2,172.1,1.000,8.2,14.5,18.4,23.1,27.4,30.2,32.0,33.7,35.1,36.6,38.2,40.0,42.7,46.4,55.5,91.0,200.0,36.1,8.8
952,18.894,0.000,795.0,123.1,15.6,2,16788,0.506,0.000,-0.284,0.032,0.056,40.6,33.8,0,8.06,-0.107,40.6,185.7,1.000,8.2,14.5,18.6,23.6,28.3,31.4,33.4,35.4,37.0,38.7,40.6,42.7,46.0,50.5,61.8,112.3,200.0,33.4,8.9
953,18.916,0.000,795.7,123.5,16.0,2,16680,0.605,0.000,-0.195,0.041,0.058,43.6,25.9,0,5.94,-0.071,43.6,203.2,1.000,8.1,14.4,18.8,24.2,29.4,32.9,35.2,37.5,39.4,41.4,43.6,46.1,50.2,55.7,70.5,150.6,123.0,31.2,9.0
954,18.938,0.000,796.5,123.8,16.4,2,16644,0.684,0.000,-0.151,0.051,0.058,47.3,24.6,0,5.36,-0.015,47.3,187.3,1.000,8.0,14.4,19.0,24.9,30.6,34.7,37.3,40.0,42.2,44.6,47.3,50.3,55.4,62.6,82.6,200.0,90.7,29.5,9.0
955,18.960,0.000,797.3,124.2,16.7,2,16708,0.747,0.000,-0.139,0.060,0.058,51.8,27.3,0,4.83,-0.011,51.8,205.1,1.000,8.0,14.5,19.3,25.6,32.0,36.6,39.7,42.9,45.5,48.4,51.8,55.6,62.0,71.5,100.4,200.0,73.6,28.1,9.1
956,18.982,0.000,798.0,124.6,17.0,2,16882,0.635,0.000,-0.132,0.070,0.058,57.5,32.1,0,4.38,-0.009,57.5,228.1,1.000,7.9,14.5,19.6,26.4,33.7,39.0,42.7,46.5,49.7,53.3,57.5,62.5,71.1,84.3,129.7,200.0,62.7,26.9,9.2
957,19.004,0.000,798.8,125.1,17.3,2,16972,0.708,0.000,-0.127,0.080,0.058,65.5,30.3,0,3.97,-0.007,65.5,228.2,1.000,7.8,14.5,19.9,27.5,35.7,42.1,46.5,51.2,55.2,59.9,65.5,72.3,84.4,104.6,189.3,200.0,55.0,25.9,9.3
958,19.026,0.000,799.5,125.6,17.6,2,17096,0.561,0.000,-0.112,0.091,0.057,77.0,32.4,0,3.26,-0.004,77.0,341.3,1.000,7.7,14.6,20.4,28.7,38.3,45.9,51.4,57.5,62.8,69.2,77.0,86.8,105.6,140.5,200.0,167.2,49.2,24.9,9.4
959,19.048,0.000,800.3,126.0,17.9,2,17023,0.649,0.000,-0.096,0.102,0.057,94.3,26.9,0,2.47,-0.002,94.3,376.8,1.000,7.6,14.7,20.9,30.2,41.4,50.9,58.0,66.1,73.4,82.5,94.3,110.0,143.4,200.0,200.0,119.3,44.8,24.1,9.5
960,19.070,0.000,801.1,126.4,18.1,2,17031,0.719,0.000,-0.095,0.113,0.055,122.2,27.1,0,1.97,-0.001,122.2,376.8,1.000,7.5,14.9,21.5,31.9,45.2,57.1,66.6,77.8,88.6,102.7,122.2,150.9,200.0,200.0,200.0,94.7,41.5,23.4,9.6
961,19.092,0.000,801.8,126.9,18.2,2,17148,0.701,0.000,-0.007,0.125,0.053,174.3,30.5,0,1.55,0.113,174.3,376.8,1.000,7.4,15.0,22.1,33.8,49.8,65.3,78.3,94.9,111.9,136.3,174.3,200.0,200.0,200.0,200.0,79.8,38.8,22.8,9.6
962,19.114,0.000,802.6,127.4,18.3,2,17285,0.567,0.000,0.187,0.136,0.051,200.0,31.3,0,1.02,0.447,200.0,376.8,1.000,7.3,15.2,22.8,36.0,55.6,76.5,95.7,122.6,153.4,197.6,200.0,200.0,200.0,200.0,152.4,69.5,36.6,22.2,9.7
963,19.136,0.000,803.4,127.9,18.4,2,17183,0.654,0.000,0.050,0.149,0.047,200.0,24.2,0,0.65,0.000,200.0,376.8,1.000,7.2,15.4,23.5,38.5,62.7,91.7,121.7,170.4,200.0,200.0,200.0,200.0,200.0,200.0,119.9,62.5,34.9,21.7,9.8
964,19.158,0.000,804.1,128.5,18.1,2,17188,0.723,0.000,0.051,0.162,0.041,200.0,24.3,0,0.34,0.000,200.0,376.8,1.000,7.2,15.5,24.1,40.9,70.5,110.7,159.1,200.0,200.0,200.0,200.0,200.0,200.0,167.3,102.5,57.9,33.7,21.4,9.8
965,19.180,0.000,804.9,129.1,17.7,2,17305,0.778,0.000,0.043,0.175,0.034,200.0,27.3,0,0.06,0.000,200.0,376.8,1.000,7.1,15.6,24.8,43.4,79.8,137.7,199.2,200.0,200.0,200.0,200.0,200.0,189.0,137.5,91.0,54.4,32.7,21.1,9.9
966,19.202,0.000,805.7,129.8,17.2,2,17542,0.804,0.000,0.029,0.189,0.026,200.0,31.4,0,-0.20,0.000,200.0,376.8,1.000,7.0,15.7,25.4,46.2,91.7,180.9,200.0,200.0,200.0,200.0,200.0,200.0,153.8,118.2,82.5,51.5,31.8,20.9,9.9
967,19.224,0.000,806.5,130.5,16.8,2,17869,0.567,0.000,0.047,0.203,0.026,200.0,35.2,0,-0.44,0.000,200.0,376.8,1.000,6.9,15.9,26.2,49.7,108.7,200.0,200.0,200.0,200.0,200.0,200.0,166.8,130.1,104.0,75.6,49.0,31.0,20.6,10.0
968,19.246,0.000,807.3,131.3,16.4,2,17352,0.654,0.000,0.108,0.216,0.035,200.0,26.0,0,-0.68,0.000,200.0,376.8,1.000,6.9,16.1,27.1,54.0,135.0,200.0,200.0,200.0,200.0,200.0,167.1,139.3,113.0,92.9,69.8,46.6,30.2,20.4,10.0
969,19.268,0.000,808.1,132.0,15.9,2,17400,0.723,0.000,0.164,0.227,0.043,200.0,22.6,0,-0.96,0.000,200.0,376.8,1.000,6.9,16.3,28.0,58.6,172.3,200.0,200.0,200.0,200.0,171.7,142.7,122.1,101.5,85.2,65.5,44.8,29.5,20.1,10.0
970,19.290,0.000,808.9,132.7,15.2,2,17492,0.778,0.000,0.205,0.237,0.049,186.3,22.8,0,-1.16,0.000,200.0,376.8,1.000,6.8,16.4,28.6,62.3,194.2,200.0,200.0,200.0,186.3,152.8,129.6,112.5,94.9,80.6,62.8,43.7,29.1,20.0,10.0
971,19.312,0.000,809.7,133.6,14.3,2,17667,0.823,0.000,0.225,0.245,0.051,175.9,24.5,0,-1.22,0.000,200.0,376.8,1.000,6.8,16.4,28.7,63.9,196.7,200.0,200.0,200.0,175.9,146.0,124.7,108.9,92.5,78.9,61.9,43.3,29.0,20.0,10.1
972,19.334,0.000,810.5,134.6,13.1,2,17908,0.858,0.000,0.225,0.252,0.050,180.4,26.7,0,-1.18,0.000,200.0,376.8,1.000,6.7,16.2,28.3,62.6,194.7,200.0,200.0,200.0,180.4,149.1,127.1,110.8,93.9,80.0,62.6,43.8,29.2,20.2,10.1
973,19.356,0.000,811.4,135.7,11.7,2,18148,0.887,0.000,0.205,0.258,0.046,200.0,28.7,0,-1.04,0.000,200.0,376.8,1.000,6.6,15.8,27.4,58.8,186.7,200.0,200.0,200.0,200.0,162.8,137.0,118.3,99.3,84.0,65.1,45.0,29.8,20.4,10.2
974,19.378,0.000,812.2,136.8,10.0,2,18375,0.909,0.000,0.168,0.263,0.040,200.0,30.3,0,-0.75,0.000,200.0,376.7,1.000,6.5,15.4,26.2,53.9,148.2,200.0,200.0,200.0,200.0,200.0,155.7,132.0,108.9,90.7,69.2,46.9,30.7,20.9,10.3
975,19.400,0.000,813.0,138.1,8.2,2,18576,0.927,0.000,0.125,0.267,0.032,200.0,31.4,0,-0.49,0.000,200.0,376.7,1.000,6.4,14.9,25.0,49.0,117.4,200.0,200.0,200.0,200.0,200.0,200.0,152.7,122.7,100.2,74.5,49.4,31.7,21.4,10.4
976,19.422,0.000,813.9,139.3,6.5,2,18760,0.942,0.000,0.085,0.270,0.025,200.0,32.2,0,-0.29,0.000,200.0,376.8,1.000,6.4,14.5,23.8,45.0,97.1,191.7,200.0,200.0,200.0,200.0,200.0,180.8,140.2,111.6,80.7,52.1,32.8,21.8,10.5
977,19.444,0.000,814.8,140.6,5.0,2,18934,0.954,0.000,0.048,0.273,0.018,200.0,32.8,0,-0.09,0.000,200.0,376.8,1.000,6.3,14.1,22.9,42.0,84.4,170.7,198.0,200.0,200.0,200.0,200.0,200.0,160.0,123.8,87.0,54.6,33.9,22.3,10.6
978,19.466,0.000,815.6,141.9,3.7,2,19084,0.963,0.000,0.020,0.275,0.013,200.0,33.0,0,0.08,0.000,200.0,376.8,1.000,6.2,13.9,22.3,40.0,76.7,142.4,192.6,200.0,200.0,200.0,200.0,200.0,179.0,134.9,92.4,56.7,34.7,22.6,10.7
979,19.488,0.000,816.5,143.1,2.8,2,19215,0.970,0.000,0.004,0.276,0.010,200.0,32.8,0,0.19,0.000,200.0,376.8,1.000,6.2,13.7,21.9,38.8,72.7,129.3,188.3,199.4,200.0,200.0,200.0,200.0,200.0,142.7,96.0,58.1,35.2,22.9,10.7
980,19.510,0.000,817.4,144.4,2.2,2,19331,0.976,0.000,-0.002,0.277,0.009,200.0,32.3,0,0.23,0.000,200.0,376.8,1.000,6.2,13.7,21.8,38.4,71.2,124.9,186.0,197.7,200.0,200.0,200.0,200.0,200.0,145.9,97.5,58.6,35.4,22.9,10.7
981,19.532,0.000,818.3,145.6,1.9,2,19438,0.981,0.000,0.001,0.278,0.009,200.0,31.6,0,0.22,0.000,200.0,376.8,1.000,6.2,13.7,21.8,38.4,71.5,125.9,185.6,197.0,200.0,200.0,200.0,200.0,200.0,145.2,97.1,58.5,35.4,22.9,10.7
982,19.554,0.000,819.1,146.9,1.8,2,19533,0.985,0.000,0.008,0.279,0.010,200.0,30.8,0,0.20,0.000,200.0,376.8,1.000,6.2,13.7,21.9,38.8,72.8,130.0,186.2,196.9,200.0,200.0,200.0,200.0,200.0,142.2,95.8,58.1,35.2,22.9,10.7
983,19.576,0.000,820.0,148.0,1.6,3,15412,0.988,0.000,0.015,0.279,0.011,200.0,-3.4,0,0.18,0.000,200.0,376.8,1.000,6.2,13.7,22.0,39.1,74.1,134.3,186.7,196.8,200.0,200.0,200.0,200.0,200.0,139.5,94.6,57.6,35.0,22.8,10.7
984,19.598,0.000,821.0,148.7,1.3,3,15504,0.990,0.000,0.014,0.278,0.011,200.0,4.4,0,0.18,0.000,200.0,376.8,1.000,6.2,13.7,22.0,39.1,73.8,133.3,185.6,195.7,200.0,200.0,200.0,200.0,200.0,140.1,94.9,57.7,35.1,22.8,10.7
985,19.620,0.000,821.9,149.6,1.0,3,15602,0.992,0.000,0.010,0.278,0.010,200.0,6.7,0,0.21,0.000,200.0,376.8,1.000,6.2,13.7,21.9,38.8,72.8,129.8,183.8,194.2,199.6,200.0,200.0,200.0,200.0,142.4,95.9,58.1,35.2,22.9,10.7
986,19.642,0.000,822.8,150.5,0.7,3,15700,0.994,0.000,0.005,0.277,0.009,200.0,7.5,0,0.24,0.000,200.0,376.8,1.000,6.2,13.7,21.8,38.5,71.6,126.1,181.8,192.7,198.1,200.0,200.0,200.0,200.0,145.0,97.0,58.5,35.3,22.9,10.7
987,19.664,0.000,823.7,151.5,0.5,3,15792,0.995,0.000,0.001,0.276,0.008,200.0,7.7,0,0.26,0.000,200.0,376.8,1.000,6.2,13.7,21.7,38.3,70.8,123.4,180.0,191.2,196.7,200.0,200.0,200.0,200.0,147.2,98.0,58.8,35.4,23.0,10.7
988,19.686,0.000,824.6,152.5,0.3,3,15879,0.996,0.000,-0.002,0.276,0.008,200.0,7.6,0,0.27,0.000,200.0,376.8,1.000,6.2,13.7,21.7,38.1,70.3,121.7,178.6,190.0,195.5,200.0,200.0,200.0,200.0,148.5,98.6,59.0,35.5,23.0,10.7
989,19.708,0.000,825.6,153.5,0.2,3,15959,0.997,0.000,-0.003,0.275,0.008,200.0,7.3,0,0.28,0.000,200.0,376.8,1.000,6.2,13.7,21.7,38.1,70.1,121.1,177.5,188.9,194.5,199.1,200.0,200.0,200.0,149.1,98.8,59.1,35.5,23.0,10.7
990,19.730,0.000,826.5,154.5,0.1,3,16036,0.997,0.000,-0.002,0.273,0.008,200.0,7.1,0,0.29,0.000,200.0,376.8,1.000,6.2,13.7,21.8,38.2,70.2,121.4,176.8,188.1,193.6,198.2,200.0,200.0,200.0,148.9,98.7,59.0,35.5,23.0,10.7
991,19.752,0.000,827.5,155.5,0.1,3,16106,0.998,0.000,-0.001,0.272,0.008,200.0,6.8,0,0.28,0.000,200.0,376.8,1.000,6.2,13.7,21.8,38.3,70.5,122.0,176.2,187.3,192.7,197.3,200.0,200.0,200.0,148.4,98.4,58.9,35.4,22.9,10.7
992,19.774,0.000,828.4,156.5,0.1,3,16174,0.998,0.000,-0.000,0.271,0.008,200.0,6.7,0,0.28,0.000,200.0,376.8,1.000,6.2,13.8,21.9,38.4,70.8,122.7,175.7,186.5,191.9,196.4,200.0,200.0,200.0,147.8,98.1,58.8,35.4,22.9,10.7
993,19.796,0.000,829.4,157.5,0.1,3,16239,0.999,0.000,0.001,0.270,0.008,199.5,6.6,0,0.28,0.000,199.5,376.8,1.000,6.2,13.8,21.9,38.5,71.0,123.2,175.0,185.7,191.0,195.5,199.5,200.0,200.0,147.4,97.9,58.7,35.3,22.9,10.7
994,19.818,0.000,830.3,158.5,0.1,3,16304,0.999,0.000,0.001,0.269,0.008,198.5,6.5,0,0.29,0.000,198.5,376.8,1.000,6.3,13.8,21.9,38.5,71.1,123.5,174.3,184.8,190.1,194.5,198.5,200.0,200.0,147.2,97.8,58.6,35.3,22.8,10.7
995,19.840,0.000,831.3,159.5,0.1,3,16366,0.999,0.000,0.001,0.268,0.008,197.5,6.5,0,0.29,0.000,197.5,376.8,1.000,6.3,13.8,22.0,38.6,71.2,123.6,173.5,183.8,189.1,193.6,197.5,200.0,200.0,147.2,97.8,58.6,35.2,22.8,10.7
996,19.862,0.000,832.3,160.5,0.0,3,16426,0.999,0.000,0.001,0.266,0.008,196.5,6.4,0,0.29,0.000,196.5,376.8,1.000,6.3,13.8,22.0,38.6,71.3,123.5,172.6,182.9,188.1,192.5,196.5,200.0,200.0,147.2,97.8,58.5,35.2,22.8,10.7
997,19.884,0.000,833.3,161.5,0.0,3,16487,0.999,0.000,0.000,0.265,0.008,195.4,6.2,0,0.30,0.000,195.4,376.8,1.000,6.3,13.9,22.0,38.7,71.3,123.4,171.7,181.9,187.1,191.5,195.4,198.9,200.0,147.4,97.8,58.5,35.2,22.8,10.7
998,19.906,0.000,834.3,162.5,0.0,3,16546,1.000,0.000,0.000,0.264,0.008,194.4,6.1,0,0.30,0.000,194.4,376.8,1.000,6.3,13.9,22.1,38.7,71.3,123.4,170.8,180.9,186.1,190.5,194.4,197.9,200.0,147.4,97.8,58.5,35.2,22.8,10.6
999,19.928,0.000,835.3,163.5,0.0,3,16604,1.000,0.000,0.000,0.263,0.008,193.3,6.0,0,0.30,0.000,193.3,376.8,1.000,6.3,13.9,22.1,38.8,71.4,123.5,170.0,179.9,185.1,189.5,193.3,196.8,200.0,147.4,97.7,58.5,35.1,22.8,10.6
1000,19.950,0.000,836.3,164.5,-0.0,3,16658,1.000,0.000,0.000,0.261,0.008,192.3,5.8,0,0.30,0.000,192.3,376.8,1.000,6.3,13.9,22.1,38.8,71.5,123.6,169.1,179.0,184.1,188.5,192.3,195.8,200.0,147.3,97.6,58.4,35.1,22.7,10.6
1001,19.972,0.000,837.3,165.4,-0.0,3,16714,1.000,0.000,0.000,0.260,0.008,191.3,5.6,0,0.30,0.000,191.3,375.9,1.000,6.3,14.0,22.2,38.9,71.6,123.8,168.3,178.0,183.1,187.4,191.3,194.7,199.1,147.2,97.6,58.3,35.1,22.7,10.6
1002,19.994,0.000,838.3,166.4,-0.0,3,16768,1.000,0.000,0.000,0.259,0.008,190.2,5.5,0,0.30,0.000,190.2,374.8,1.000,6.3,14.0,22.2,39.0,71.7,124.0,167.5,177.1,182.1,186.4,190.2,193.7,198.1,147.0,97.5,58.3,35.0,22.7,10.6
1003,20.016,0.000,839.3,167.4,-0.0,3,16821,1.000,0.000,0.000,0.257,0.008,189.2,5.3,0,0.30,0.000,189.2,373.6,1.000,6.4,14.0,22.2,39.0,71.8,124.2,166.6,176.1,181.1,185.4,189.2,192.6,197.0,146.9,97.4,58.2,35.0,22.7,10.6
1004,20.038,0.000,840.3,168.4,-0.0,3,16874,1.000,0.000,0.001,0.256,0.008,188.2,5.2,0,0.30,0.000,188.2,372.5,1.000,6.4,14.0,22.3,39.1,72.0,124.4,165.8,175.2,180.1,184.4,188.2,191.6,195.9,146.7,97.3,58.2,35.0,22.6,10.6
1005,20.060,0.000,841.4,169.4,-0.0,3,16926,1.000,0.000,0.001,0.255,0.008,187.1,5.0,0,0.30,0.000,187.1,371.4,1.000,6.4,14.1,22.3,39.2,72.1,124.5,164.9,174.2,179.1,183.3,187.1,190.5,194.8,146.7,97.2,58.1,34.9,22.6,10.6
1006,20.082,0.000,842.4,170.4,-0.0,3,16980,1.000,0.000,0.000,0.253,0.008,186.0,4.9,0,0.30,0.000,186.0,370.2,1.000,6.4,14.1,22.4,39.2,72.1,124.5,164.0,173.2,178.0,182.3,186.0,189.4,193.7,146.7,97.2,58.1,34.9,22.6,10.6
1007,20.104,0.000,843.4,171.3,-0.0,3,17031,1.000,0.000,0.000,0.252,0.008,184.9,4.7,0,0.31,0.000,184.9,369.0,1.000,6.4,14.1,22.4,39.3,72.2,124.5,163.1,172.1,177.0,181.2,184.9,188.3,192.6,146.8,97.2,58.1,34.9,22.6,10.5
1008,20.126,0.000,844.5,172.3,-0.0,3,17082,1.000,0.000,0.000,0.251,0.008,183.8,4.6,0,0.31,0.000,183.8,367.9,1.000,6.4,14.1,22.4,39.3,72.2,124.6,162.2,171.1,176.0,180.1,183.8,187.2,191.5,146.7,97.1,58.0,34.9,22.6,10.5
1009,20.148,0.000,845.6,173.3,-0.0,3,17134,1.000,0.000,0.000,0.249,0.008,182.7,4.4,0,0.31,0.000,182.7,366.7,1.000,6.4,14.1,22.5,39.4,72.4,124.8,161.3,170.1,174.9,179.1,182.7,186.1,190.3,146.6,97.0,58.0,34.8,22.5,10.5
1010,20.170,0.000,846.6,174.2,-0.0,3,17185,1.000,0.000,0.000,0.248,0.008,181.7,4.2,0,0.31,0.000,181.7,365.5,1.000,6.4,14.2,22.5,39.4,72.5,125.0,160.4,169.1,173.9,178.0,181.7,185.0,189.2,146.4,96.9,57.9,34.8,22.5,10.5
1011,20.192,0.000,847.7,175.2,-0.0,3,17235,1.000,0.000,0.000,0.247,0.008,180.6,4.1,0,0.31,0.000,180.6,364.3,1.000,6.4,14.2,22.5,39.5,72.6,125.2,159.5,168.1,172.8,176.9,180.6,183.9,188.1,146.3,96.8,57.8,34.7,22.5,10.5
1012,20.214,0.000,848.8,176.2,-0.0,3,17286,1.000,0.000,0.001,0.245,0.008,179.5,3.9,0,0.31,0.000,179.5,363.1,1.000,6.5,14.2,22.6,39.6,72.7,125.4,158.6,167.1,171.8,175.8,179.5,182.8,187.0,146.2,96.7,57.8,34.7,22.5,10.5
1013,20.236,0.000,849.8,177.1,-0.0,3,17337,1.000,0.000,0.001,0.244,0.007,178.4,3.8,0,0.31,0.000,178.4,361.9,1.000,6.5,14.2,22.6,39.6,72.8,125.5,157.7,166.1,170.7,174.8,178.4,181.6,185.8,146.5,96.7,57.7,34.7,22.4,10.5
1014,20.258,0.000,850.9,178.1,-0.0,3,17388,1.000,0.000,-0.004,0.243,0.007,177.2,3.6,0,0.42,0.000,177.2,365.2,1.000,6.5,14.3,22.6,39.7,72.9,125.5,156.7,165.0,169.6,173.6,177.2,180.5,184.7,188.9,96.6,57.7,34.7,22.4,10.5
1015,20.280,0.000,852.0,179.0,-0.0,3,17438,1.000,0.000,-0.003,0.241,0.007,176.1,3.5,0,0.41,0.000,176.1,364.0,1.000,6.5,14.3,22.7,39.8,73.1,126.0,155.8,164.0,168.6,172.6,176.1,179.4,183.5,187.8,96.4,57.6,34.6,22.4,10.5
1016,20.302,0.000,853.1,180.0,0.0,3,17488,1.000,0.000,-0.001,0.240,0.008,175.1,3.4,0,0.41,0.000,175.1,362.8,1.000,6.5,14.3,22.8,39.9,73.5,127.0,155.1,163.1,167.6,171.6,175.1,178.3,182.5,186.7,96.0,57.4,34.5,22.3,10.4
1017,20.324,0.000,854.2,180.9,0.0,3,17539,1.000,0.000,0.000,0.238,0.008,174.1,3.2,0,0.40,0.000,174.1,361.6,1.000,6.5,14.4,22.8,40.1,73.9,128.1,154.4,162.2,166.7,170.6,174.1,177.3,181.4,185.6,95.6,57.3,34.4,22.3,10.4
1018,20.346,0.000,855.3,181.9,0.0,3,17588,1.000,0.000,0.001,0.237,0.008,173.0,3.1,0,0.39,0.000,173.0,360.4,1.000,6.5,14.4,22.9,40.2,74.2,128.9,153.5,161.3,165.7,169.5,173.0,176.2,180.3,184.5,95.3,57.1,34.4,22.3,10.4
1019,20.368,0.000,856.4,182.8,0.1,3,17639,1.000,0.000,0.002,0.235,0.008,171.9,2.9,0,0.39,0.000,171.9,359.1,1.000,6.5,14.4,22.9,40.3,74.4,129.2,152.6,160.2,164.6,168.4,171.9,175.0,179.1,183.3,95.2,57.0,34.3,22.2,10.4
1020,20.390,0.000,857.6,183.8,0.0,3,17689,1.000,0.000,0.001,0.234,0.008,170.7,2.8,0,0.39,0.000,170.7,357.8,1.000,6.6,14.5,23.0,40.4,74.5,129.2,151.6,159.1,163.5,167.3,170.7,173.9,177.9,182.1,95.2,57.0,34.3,22.2,10.4
1021,20.412,0.000,858.7,184.7,0.0,3,17740,1.000,0.000,0.001,0.233,0.008,169.5,2.7,0,0.39,0.000,169.5,356.4,1.000,6.6,14.5,23.0,40.4,74.4,129.0,150.5,158.0,162.3,166.1,169.5,172.6,176.7,180.8,95.2,57.0,34.3,22.2,10.4
1022,20.434,0.000,859.8,185.7,-0.0,3,17791,1.000,0.000,0.000,0.231,0.008,168.3,2.5,0,0.39,0.000,168.3,355.1,1.000,6.6,14.5,23.0,40.4,74.4,128.7,149.4,156.9,161.1,164.9,168.3,171.4,175.4,179.6,95.3,57.0,34.3,22.2,10.4
1023,20.456,0.000,861.0,186.6,-0.0,3,17844,1.000,0.000,0.000,0.230,0.008,167.1,2.4,0,0.39,0.000,167.1,353.7,1.000,6.6,14.5,23.1,40.5,74.5,128.7,148.4,155.8,160.0,163.7,167.1,170.2,174.2,178.3,95.3,57.0,34.2,22.2,10.4
1024,20.478,0.000,862.1,187.5,-0.0,3,17901,1.000,0.000,0.000,0.228,0.008,165.9,2.2,0,0.39,0.000,165.9,352.4,1.000,6.6,14.5,23.1,40.5,74.6,128.7,147.4,154.7,158.9,162.6,165.9,169.0,173.0,177.1,95.2,56.9,34.2,22.1,10.3
1025,20.500,0.000,863.2,188.5,-0.0,3,17982,1.000,0.000,0.000,0.227,0.008,164.8,2.1,0,0.38,0.000,164.8,351.0,1.000,6.6,14.6,23.2,40.6,74.7,128.9,146.4,153.6,157.7,161.4,164.8,167.8,171.8,175.9,95.1,56.9,34.2,22.1,10.3
1026,20.522,0.000,864.4,189.4,-0.0,3,18064,1.000,0.000,0.001,0.225,0.008,163.6,2.0,0,0.38,0.000,163.6,349.6,1.000,6.6,14.6,23.2,40.7,74.8,129.1,145.4,152.5,156.6,160.3,163.6,166.6,170.5,174.6,95.0,56.8,34.1,22.1,10.3
1027,20.544,0.000,865.6,190.3,-0.0,3,18145,1.000,0.000,0.151,0.224,0.008,162.4,1.8,0,0.38,0.850,162.4,348.2,1.000,6.6,14.6,23.2,40.7,74.9,129.2,144.4,151.4,155.4,159.1,162.4,165.4,169.3,173.4,95.0,56.7,34.1,22.1,10.3
1028,20.566,0.000,866.7,191.2,0.1,3,18228,1.000,0.000,0.133,0.222,0.004,160.0,2.2,0,0.45,0.850,160.0,345.8,1.000,6.6,14.5,22.9,39.7,71.2,118.5,141.0,148.6,152.8,156.6,160.0,163.1,167.1,171.2,99.1,58.2,34.6,22.3,10.3
1029,20.588,0.000,867.9,192.1,-0.6,3,18325,1.000,0.000,0.084,0.222,-0.005,155.3,2.4,0,0.64,0.850,157.1,341.5,1.000,6.6,14.1,22.0,36.9,62.8,96.8,131.7,142.3,147.4,151.6,155.3,158.7,163.0,167.4,112.5,62.5,36.0,22.8,10.4
1030,20.610,0.000,869.1,193.0,-1.6,3,18426,1.000,0.000,0.019,0.223,-0.015,149.8,2.5,0,1.09,0.850,155.9,345.1,1.000,6.5,13.7,21.0,34.1,55.2,79.8,104.8,133.2,140.3,145.4,149.8,153.5,158.2,163.0,170.6,68.5,37.9,23.6,10.5
1031,20.632,0.000,870.3,193.9,-2.5,3,18514,1.000,0.000,-0.024,0.224,-0.023,144.8,2.5,0,1.25,0.850,154.7,341.2,1.000,6.4,13.4,20.2,32.3,50.4,70.3,89.1,116.2,133.2,139.8,144.8,149.0,154.1,159.1,167.2,73.9,39.5,24.2,10.6
1032,20.654,0.000,871.4,194.8,-2.7,3,18581,1.000,0.000,-0.042,0.226,-0.026,141.9,2.1,0,1.33,0.850,153.4,338.7,1.000,6.4,13.3,19.9,31.5,48.6,67.0,83.8,107.5,128.8,136.6,141.9,146.4,151.6,156.8,165.0,76.4,40.3,24.4,10.7
1033,20.676,0.000,872.6,195.7,-2.2,3,18640,1.000,0.000,-0.036,0.229,-0.025,141.3,1.5,0,1.31,0.850,152.1,337.6,1.000,6.4,13.3,19.9,31.6,49.0,67.8,85.1,109.8,129.1,136.2,141.3,145.6,150.8,155.9,164.0,75.8,40.1,24.4,10.7
1034,20.698,0.000,873.8,196.6,-1.4,3,18706,1.000,0.000,-0.018,0.232,-0.021,141.8,1.1,0,1.23,0.850,150.9,337.1,1.000,6.4,13.3,20.1,32.2,50.6,70.9,90.2,118.6,131.0,137.1,141.8,145.9,150.8,155.7,163.6,73.5,39.5,24.2,10.7
1035,20.720,0.000,875.0,197.5,-0.6,3,18781,1.000,0.000,0.000,0.235,-0.018,142.2,0.8,0,1.16,0.850,149.6,336.6,1.000,6.4,13.4,20.4,32.9,52.3,74.5,96.3,124.7,132.5,137.8,142.2,146.0,150.7,155.5,163.2,71.3,38.9,24.0,10.7
1036,20.742,0.000,876.3,198.4,-0.1,3,18860,1.000,0.000,0.011,0.238,-0.016,142.0,0.7,0,1.12,0.850,148.3,335.7,1.000,6.4,13.4,20.5,33.2,53.4,76.9,100.4,126.1,132.8,137.8,142.0,145.7,150.2,154.9,162.4,70.0,38.6,23.9,10.7
1037,20.764,0.000,877.5,199.3,0.1,3,18935,1.000,0.000,0.014,0.241,-0.015,141.0,0.5,0,1.11,0.850,147.0,334.4,1.000,6.3,13.4,20.4,33.2,53.6,77.3,101.3,125.6,132.0,136.9,141.0,144.6,149.1,153.7,161.2,69.8,38.6,23.9,10.7
1038,20.786,0.000,878.7,200.2,0.1,3,19008,1.000,0.000,0.011,0.244,-0.016,139.5,0.3,0,1.12,0.850,145.7,332.6,1.000,6.3,13.3,20.3,32.9,53.0,76.2,99.6,124.0,130.5,135.4,139.5,143.1,147.6,152.2,159.7,70.4,38.8,24.0,10.7
1039,20.808,0.000,879.9,201.1,-0.0,3,19080,1.000,0.000,0.004,0.248,-0.017,137.7,0.0,0,1.15,0.850,144.4,330.6,1.000,6.3,13.2,20.1,32.5,52.1,74.5,96.8,121.8,128.6,133.6,137.7,141.4,145.9,150.5,158.0,71.3,39.1,24.2,10.8
1040,20.830,0.000,881.1,202.0,-0.2,3,19152,1.000,0.000,-0.002,0.251,-0.018,136.0,-0.2,0,1.17,0.850,143.1,328.7,1.000,6.2,13.1,19.9,32.2,51.3,73.0,94.5,119.9,126.8,131.9,136.0,139.7,144.3,148.9,156.4,72.1,39.4,24.3,10.8
1041,20.852,0.000,882.4,202.8,-0.2,3,19223,1.000,0.000,-0.005,0.255,-0.018,134.6,-0.4,0,1.19,0.850,141.8,327.0,1.000,6.2,13.0,19.8,31.9,50.8,72.2,93.1,118.3,125.4,130.4,134.6,138.2,142.8,147.4,154.9,72.7,39.6,24.4,10.8
1042,20.874,0.000,883.6,203.7,-0.2,3,19292,1.000,0.000,-0.005,0.258,-0.018,133.3,-0.6,0,1.19,0.850,140.5,325.3,1.000,6.2,13.0,19.7,31.8,50.6,71.9,92.8,117.4,124.2,129.2,133.3,137.0,141.5,146.1,153.5,72.8,39.7,24.5,10.9
1043,20.896,0.000,884.9,204.5,-0.1,3,19362,1.000,0.000,-0.003,0.262,-0.018,132.2,-0.9,0,1.19,0.850,139.2,323.8,1.000,6.2,12.9,19.6,31.7,50.6,72.0,93.1,116.7,123.3,128.1,132.2,135.8,140.3,144.8,152.3,72.7,39.8,24.5,10.9
1044,20.918,0.000,886.1,205.4,-0.0,3,19430,1.000,0.000,-0.001,0.266,-0.017,131.1,-1.1,0,1.18,0.850,137.8,322.3,1.000,6.1,12.9,19.6,31.7,50.6,72.2,93.6,116.1,122.4,127.1,131.1,134.7,139.1,143.6,151.0,72.6,39.8,24.6,10.9
1045,20.940,0.000,887.4,206.2,0.0,3,19498,1.000,0.000,0.000,0.269,-0.017,130.0,-1.3,0,1.18,0.850,136.5,320.7,1.000,6.1,12.8,19.5,31.6,50.5,72.3,93.9,115.3,121.4,126.1,130.0,133.5,137.9,142.4,149.7,72.6,39.8,24.6,11.0
1046,20.962,0.000,888.6,206.4,0.1,4,15791,1.000,0.000,0.001,0.273,-0.017,128.8,-15.0,0,1.18,0.850,135.1,319.0,1.000,6.1,12.8,19.4,31.5,50.4,72.2,93.8,114.4,120.3,124.9,128.8,132.3,136.6,141.0,148.3,72.6,39.9,24.7,11.0
1047,20.984,0.000,889.9,206.7,0.1,4,16048,1.000,0.000,0.001,0.276,-0.017,127.5,-4.2,0,1.19,0.850,133.8,317.3,1.000,6.0,12.7,19.4,31.3,50.2,71.8,93.4,113.3,119.1,123.6,127.5,130.9,135.3,139.7,146.9,72.8,40.0,24.7,11.0
1048,21.006,0.000,891.2,207.3,0.0,4,16254,1.000,0.000,-0.000,0.280,-0.017,126.2,-3.8,0,1.20,0.850,132.4,315.5,1.000,6.0,12.6,19.2,31.2,49.9,71.4,92.8,112.1,117.9,122.3,126.2,129.6,133.9,138.3,145.5,73.1,40.1,24.8,11.0
1049,21.028,0.000,892.4,208.0,0.0,4,16411,1.000,0.000,-0.001,0.284,-0.017,124.8,-3.9,0,1.20,0.850,131.1,313.8,1.000,6.0,12.6,19.1,31.0,49.6,71.0,92.2,110.9,116.6,121.0,124.8,128.2,132.5,136.9,144.0,73.3,40.3,24.9,11.1
1050,21.050,0.000,893.7,208.6,0.0,4,16532,1.000,0.000,-0.002,0.287,-0.017,123.5,-4.0,0,1.21,0.850,129.7,312.0,1.000,5.9,12.5,19.1,30.8,49.3,70.6,91.7,109.8,115.4,119.8,123.5,126.9,131.1,135.5,142.6,73.5,40.4,25.0,11.1
1051,21.072,0.000,895.0,209.3,0.0,4,16627,1.000,0.000,-0.002,0.291,-0.017,122.3,-4.2,0,1.22,0.850,128.4,310.2,1.000,5.9,12.5,19.0,30.7,49.2,70.4,91.5,108.8,114.2,118.5,122.3,125.6,129.8,134.1,141.2,73.7,40.5,25.0,11.1
1052,21.094,0.000,896.3,209.9,0.0,4,16701,1.000,0.000,-0.002,0.294,-0.017,121.0,-4.3,0,1.22,0.850,127.0,308.5,1.000,5.9,12.4,18.9,30.6,49.0,70.2,91.4,107.8,113.1,117.3,121.0,124.3,128.5,132.7,139.8,73.8,40.5,25.1,11.2
1053,21.116,0.000,897.6,210.6,0.0,4,16761,1.000,0.000,-0.001,0.298,-0.016,119.8,-4.3,0,1.22,0.850,125.6,306.7,1.000,5.9,12.3,18.8,30.5,48.9,70.1,91.4,106.8,112.0,116.1,119.8,123.0,127.2,131.4,138.4,73.8,40.6,25.1,11.2
1054,21.138,0.000,898.8,211.2,0.1,4,16813,1.000,0.000,-0.000,0.302,-0.016,118.5,-4.4,0,1.22,0.850,124.3,304.9,1.000,5.8,12.3,18.7,30.4,48.7,70.0,91.3,105.8,110.8,114.9,118.5,121.7,125.8,130.0,137.0,73.9,40.7,25.2,11.2
1055,21.160,0.000,900.1,211.8,0.1,4,16857,1.000,0.000,-0.000,0.305,-0.016,117.2,-4.4,0,1.23,0.850,122.9,303.1,1.000,5.8,12.2,18.6,30.2,48.6,69.8,91.0,104.7,109.6,113.7,117.2,120.4,124.5,128.7,135.6,74.0,40.8,25.2,11.3
1056,21.182,0.000,901.4,212.5,0.1,4,16895,1.000,0.000,-0.001,0.309,-0.016,115.9,-4.4,0,1.23,0.850,121.5,301.3,1.000,5.8,12.2,18.5,30.1,48.3,69.5,90.6,103.6,108.4,112.4,115.9,119.1,123.1,127.2,134.1,74.2,40.9,25.3,11.3
1057,21.204,0.000,902.7,213.1,0.0,4,16930,1.000,0.000,-0.001,0.312,-0.016,114.6,-4.5,0,1.24,0.850,120.1,299.3,1.000,5.7,12.1,18.5,29.9,48.1,69.2,90.2,102.4,107.2,111.1,114.6,117.7,121.7,125.8,132.7,74.3,41.0,25.4,11.3
1058,21.226,0.000,904.0,213.8,0.0,4,16961,1.000,0.000,-0.001,0.316,-0.016,113.3,-4.6,0,1.25,0.850,118.7,297.4,1.000,5.7,12.1,18.4,29.8,47.9,68.9,89.9,101.3,106.0,109.9,113.3,116.4,120.3,124.4,131.2,74.5,41.1,25.4,11.3
1059,21.248,0.000,905.4,214.4,0.0,4,16990,1.000,0.000,-0.002,0.319,-0.016,112.0,-4.6,0,1.25,0.850,117.3,295.5,1.000,5.7,12.0,18.3,29.7,47.7,68.7,89.6,100.2,104.8,108.6,112.0,115.0,119.0,123.0,129.8,74.6,41.2,25.5,11.4
1060,21.270,0.000,906.7,215.0,0.0,4,17020,1.000,0.000,-0.001,0.323,-0.016,110.7,-4.7,0,1.26,0.850,115.9,293.6,1.000,5.7,11.9,18.2,29.6,47.5,68.5,89.2,99.1,103.6,107.3,110.7,113.7,117.6,121.6,128.3,74.7,41.2,25.5,11.4
1061,21.292,0.000,908.0,215.7,0.1,4,17046,1.000,0.000,-0.001,0.326,-0.016,109.4,-4.8,0,1.26,0.850,114.5,291.7,1.000,5.6,11.9,18.1,29.4,47.4,68.3,88.7,98.0,102.4,106.1,109.4,112.4,116.2,120.2,126.9,74.8,41.3,25.6,11.4
1062,21.314,0.000,909.3,216.3,0.1,4,17074,1.000,0.000,-0.001,0.330,-0.015,108.1,-4.9,0,1.27,0.850,113.1,289.8,1.000,5.6,11.8,18.0,29.3,47.2,68.1,88.1,96.9,101.2,104.8,108.1,111.0,114.8,118.8,125.4,74.9,41.4,25.7,11.5
1063,21.336,0.000,910.6,216.9,0.1,4,17100,1.000,0.000,-0.001,0.333,-0.015,106.7,-4.9,0,1.28,0.850,111.7,287.8,1.000,5.6,11.8,17.9,29.2,47.0,67.9,87.3,95.8,99.9,103.5,106.7,109.7,113.4,117.4,124.0,75.0,41.5,25.7,11.5
1064,21.358,0.000,911.9,217.5,0.1,4,17126,1.000,0.000,-0.001,0.337,-0.015,105.4,-5.0,0,1.29,0.850,110.3,285.8,1.000,5.5,11.7,17.9,29.1,46.9,67.7,86.6,94.6,98.7,102.3,105.4,108.3,112.0,115.9,122.5,75.1,41.6,25.8,11.5
1065,21.380,0.000,913.3,218.1,0.1,4,17152,1.000,0.000,-0.001,0.340,-0.015,104.1,-5.1,0,1.30,0.850,108.9,283.8,1.000,5.5,11.7,17.8,28.9,46.7,67.5,85.7,93.5,97.5,101.0,104.1,107.0,110.6,114.5,121.0,75.2,41.6,25.8,11.5
1066,21.402,0.000,914.6,218.8,0.1,4,17178,1.000,0.000,-0.002,0.343,-0.015,102.7,-5.1,0,1.31,0.850,107.5,281.8,1.000,5.5,11.6,17.7,28.8,46.5,67.2,84.9,92.3,96.2,99.7,102.7,105.6,109.2,113.1,119.5,75.4,41.7,25.9,11.6
1067,21.424,0.000,916.0,219.4,0.1,4,17203,1.000,0.000,-0.002,0.347,-0.015,101.4,-5.2,0,1.32,0.850,106.0,279.5,1.000,5.5,11.5,17.6,28.7,46.3,67.1,84.0,91.2,95.0,98.4,101.4,104.2,107.8,111.6,118.0,75.4,41.8,25.9,11.6
1068,21.446,0.000,917.3,220.0,0.1,4,17230,1.000,0.000,-0.001,0.350,-0.015,100.1,-5.2,0,1.33,0.850,104.6,277.3,1.000,5.4,11.5,17.5,28.6,46.2,66.9,83.2,90.0,93.8,97.1,100.1,102.9,106.4,110.2,116.6,75.5,41.9,26.0,11.6
1069,21.468,0.000,918.6,220.6,0.1,4,17258,1.000,0.000,-0.001,0.354,-0.014,98.8,-5.1,0,1.34,0.850,103.2,274.8,1.000,5.4,11.4,17.5,28.5,46.1,66.8,82.3,88.9,92.6,95.8,98.8,101.5,105.0,108.8,115.1,75.5,41.9,26.0,11.7
1070,21.490,0.000,920.0,221.2,0.1,4,17283,1.000,0.000,-0.001,0.357,-0.014,97.4,-5.2,0,1.35,0.850,101.7,272.5,1.000,5.4,11.4,17.4,28.4,45.9,66.6,81.3,87.7,91.3,94.5,97.4,100.1,103.6,107.3,113.6,75.7,42.0,26.1,11.7
1071,21.512,0.000,921.3,221.8,0.1,4,17307,1.000,0.000,-0.001,0.360,-0.014,96.1,-5.3,0,1.36,0.850,100.3,270.4,1.000,5.4,11.3,17.3,28.2,45.7,66.4,80.4,86.5,90.1,93.2,96.1,98.7,102.2,105.9,112.1,76.2,42.1,26.1,11.7
1072,21.534,0.000,922.7,222.4,0.1,4,17331,1.000,0.000,-0.002,0.363,-0.014,94.7,-5.4,0,1.39,0.850,98.8,268.3,1.000,5.3,11.3,17.2,28.1,45.6,66.2,79.4,85.3,88.8,91.9,94.7,97.3,100.8,104.4,110.5,78.3,42.1,26.2,11.7
1073,21.556,0.000,924.1,223.1,0.1,4,17355,1.000,0.000,-0.018,0.367,-0.014,93.4,-5.5,0,1.85,0.850,97.4,280.9,1.000,5.3,11.2,17.2,28.0,45.4,66.0,78.4,84.2,87.5,90.6,93.4,95.9,99.3,102.9,109.0,119.6,42.2,26.3,11.8
1074,21.578,0.000,925.4,223.7,0.1,4,17379,1.000,0.000,-0.013,0.370,-0.013,92.2,-5.6,0,1.84,0.850,95.9,278.8,1.000,5.3,11.2,17.1,28.0,45.7,66.7,77.8,83.3,86.5,89.5,92.2,94.8,98.1,101.6,107.7,118.1,42.1,26.2,11.8
1075,21.600,0.000,926.8,224.3,0.2,4,17410,1.000,0.000,-0.006,0.373,-0.012,91.2,-5.4,0,1.81,0.850,94.5,276.4,1.000,5.3,11.2,17.2,28.2,46.3,68.1,77.4,82.6,85.7,88.6,91.2,93.7,97.0,100.5,106.4,116.7,41.9,26.2,11.8
1076,21.622,0.000,928.2,224.9,0.4,4,17435,1.000,0.000,0.000,0.376,-0.010,90.2,-5.5,0,1.80,0.850,93.0,274.4,1.000,5.2,11.2,17.2,28.3,46.8,68.7,76.8,81.8,84.8,87.6,90.2,92.6,95.8,99.2,105.1,115.3,41.7,26.1,11.8
1077,21.644,0.000,929.5,225.5,0.4,4,17457,1.000,0.000,0.003,0.378,-0.010,88.9,-5.7,0,1.80,0.850,91.6,272.4,1.000,5.2,11.1,17.2,28.3,46.9,68.5,75.9,80.7,83.7,86.4,88.9,91.3,94.5,97.9,103.7,113.8,41.7,26.1,11.8
1078,21.666,0.000,930.9,226.1,0.3,4,17481,1.000,0.000,0.002,0.381,-0.010,87.5,-5.8,0,1.80,0.850,90.1,270.3,1.000,5.2,11.1,17.1,28.2,46.7,67.7,74.8,79.4,82.3,85.0,87.5,89.9,93.0,96.3,102.1,112.2,41.8,26.2,11.8
1079,21.688,0.000,932.3,226.7,0.2,4,17504,1.000,0.000,0.000,0.384,-0.010,86.0,-5.9,0,1.81,0.850,88.7,267.9,1.000,5.2,11.0,17.0,28.1,46.4,66.7,73.5,78.0,80.9,83.5,86.0,88.3,91.4,94.7,100.4,110.5,41.9,26.3,11.9
1080,21.710,0.000,933.7,227.2,0.1,4,17529,1.000,0.000,-0.002,0.386,-0.010,84.5,-5.9,0,1.83,0.850,87.2,265.5,1.000,5.2,11.0,16.9,27.9,46.0,65.7,72.2,76.7,79.5,82.1,84.5,86.8,89.9,93.1,98.8,108.8,42.0,26.3,11.9
1081,21.732,0.000,935.1,227.8,0.0,4,17555,1.000,0.000,-0.003,0.388,-0.010,83.0,-5.9,0,1.84,0.850,85.7,263.0,1.000,5.1,10.9,16.8,27.8,45.8,64.8,71.0,75.4,78.1,80.7,83.0,85.3,88.3,91.6,97.2,107.1,42.1,26.4,11.9
1082,21.754,0.000,936.5,228.4,0.0,4,17579,1.000,0.000,-0.152,0.391,-0.010,81.7,-6.0,0,1.84,0.000,84.3,260.6,1.000,5.1,10.9,16.8,27.7,45.7,63.9,69.9,74.1,76.8,79.3,81.7,83.9,86.9,90.1,95.6,105.5,42.2,26.4,11.9
1083,21.776,0.000,937.9,229.0,-0.1,4,17603,1.000,0.000,-0.130,0.393,-0.006,81.3,-5.6,0,1.78,0.000,82.8,259.4,1.000,5.1,11.0,17.0,28.5,48.1,65.0,70.2,74.1,76.7,79.1,81.3,83.5,86.3,89.5,94.9,104.5,41.4,26.1,11.9
1084,21.798,0.000,939.3,229.5,1.0,4,17632,1.000,0.000,-0.075,0.394,0.004,82.4,-5.5,0,1.63,0.000,82.4,259.7,1.000,5.2,11.3,17.9,31.0,55.7,67.9,72.3,75.8,78.1,80.3,82.4,84.4,87.2,90.1,95.3,104.6,39.4,25.4,11.8
1085,21.820,0.000,940.7,230.1,2.4,4,17662,1.000,0.000,-0.018,0.393,0.015,83.5,-5.5,0,1.49,0.000,83.5,260.0,1.000,5.2,11.7,18.9,34.2,61.1,70.2,74.1,77.3,79.4,81.5,83.5,85.4,87.9,90.8,95.8,104.8,37.5,24.6,11.6
1086,21.842,0.000,942.1,230.6,3.1,4,17688,1.000,0.000,0.037,0.392,0.023,83.6,-5.5,0,0.92,0.000,83.6,245.6,1.000,5.3,12.0,19.7,36.8,63.0,71.0,74.7,77.7,79.7,81.7,83.6,85.4,87.9,90.6,95.5,61.0,36.3,24.1,11.6
1087,21.864,0.000,943.5,231.2,2.9,4,17701,1.000,0.000,0.027,0.389,0.024,82.4,-6.0,0,1.41,0.000,82.4,256.9,1.000,5.3,12.1,19.9,37.4,62.5,70.2,73.7,76.6,78.6,80.5,82.4,84.2,86.6,89.3,94.1,102.8,36.0,23.9,11.5
1088,21.886,0.000,944.9,231.8,1.9,4,17718,1.000,0.000,0.014,0.386,0.022,80.3,-6.3,0,1.43,0.000,80.3,253.8,1.000,5.3,12.1,19.7,36.6,60.7,68.3,71.8,74.6,76.6,78.5,80.3,82.1,84.6,87.2,92.0,100.7,36.3,24.1,11.5
1089,21.908,0.000,946.3,232.4,0.9,4,17741,1.000,0.000,-0.001,0.383,0.018,78.2,-6.5,0,1.47,0.000,78.2,250.6,1.000,5.3,12.0,19.5,35.8,58.8,66.2,69.7,72.6,74.5,76.4,78.2,80.0,82.4,85.1,89.8,98.5,36.7,24.2,11.5
1090,21.930,0.000,947.8,233.0,0.3,4,17765,1.000,0.000,-0.011,0.379,0.017,76.4,-6.6,0,1.49,0.000,76.4,247.6,1.000,5.4,12.0,19.4,35.3,57.3,64.6,68.0,70.8,72.7,74.6,76.4,78.1,80.5,83.2,87.9,96.5,36.9,24.3,11.5
1091,21.952,0.000,949.2,233.5,0.0,4,17790,1.000,0.000,-0.012,0.376,0.016,74.9,-6.7,0,1.49,0.000,74.9,244.9,1.000,5.4,12.1,19.5,35.4,56.3,63.3,66.6,69.4,71.2,73.1,74.9,76.6,78.9,81.5,86.2,94.8,36.9,24.2,11.5
1092,21.974,0.000,950.6,234.1,0.1,4,17815,1.000,0.000,-0.008,0.372,0.017,73.5,-6.7,0,1.49,0.000,73.5,242.4,1.000,5.4,12.2,19.7,35.9,55.6,62.3,65.5,68.2,70.0,71.8,73.5,75.2,77.5,80.1,84.7,93.2,36.7,24.1,11.4
1093,21.996,0.000,952.0,234.7,0.2,4,17840,1.000,0.000,-0.002,0.368,0.018,72.3,-6.8,0,1.47,0.000,72.3,240.0,1.000,5.5,12.3,19.9,36.5,54.9,61.3,64.4,67.0,68.8,70.6,72.3,73.9,76.2,78.7,83.2,91.6,36.4,24.0,11.4
1094,22.018,0.000,953.5,235.2,0.3,4,17876,1.000,0.000,0.002,0.364,0.019,70.9,-6.8,0,1.46,0.000,70.9,237.4,1.000,5.5,12.4,20.1,37.0,54.1,60.3,63.3,65.8,67.6,69.3,70.9,72.6,74.8,77.3,81.7,90.0,36.2,23.8,11.4
1095,22.040,0.000,954.9,235.8,0.3,4,17917,0.000,0.000,0.003,0.359,0.019,69.5,-6.9,0,1.46,0.000,69.5,234.7,1.000,5.5,12.5,20.3,37.3,53.2,59.1,62.0,64.5,66.2,67.9,69.5,71.1,73.3,75.7,80.1,88.3,36.0,23.8,11.3
1096,22.062,0.000,956.4,235.5,0.2,4,17381,0.000,0.067,0.002,0.355,0.019,68.0,-19.9,0,1.46,0.000,68.0,231.8,0.693,5.6,12.6,20.4,37.4,52.1,57.8,60.7,63.1,64.7,66.4,68.0,69.5,71.7,74.1,78.4,86.5,36.0,23.7,11.3
1097,22.084,0.000,957.8,234.7,0.0,4,17292,0.000,0.181,0.000,0.351,0.018,66.4,-18.6,0,1.47,0.000,66.4,228.8,0.000,5.6,12.6,20.5,37.5,51.0,56.5,59.3,61.6,63.2,64.8,66.4,67.9,70.1,72.4,76.7,84.7,35.9,23.7,11.3
1098,22.106,0.000,959.2,233.6,-0.1,4,17160,0.000,0.281,-0.002,0.346,0.018,64.8,-16.1,0,1.47,0.000,64.8,225.7,0.000,5.6,12.7,20.6,37.3,49.9,55.2,57.9,60.2,61.7,63.3,64.8,66.4,68.4,70.8,75.0,82.9,35.9,23.6,11.2
1099,22.128,0.000,960.7,232.2,-0.1,4,17007,0.000,0.363,-0.003,0.342,0.017,63.3,-13.9,0,1.48,0.000,63.3,222.6,0.000,5.7,12.8,20.7,37.1,48.8,53.9,56.5,58.8,60.3,61.8,63.3,64.8,66.9,69.1,73.3,81.2,35.9,23.6,11.2
1100,22.150,0.000,962.1,230.5,-0.2,4,16840,0.000,0.431,-0.004,0.338,0.017,61.9,-12.0,0,1.49,0.000,61.9,219.6,0.000,5.7,12.8,20.8,36.8,47.8,52.7,55.2,57.4,58.9,60.4,61.9,63.3,65.3,67.6,71.7,79.4,36.0,23.5,11.2
1101,22.172,0.000,963.5,228.6,-0.1,4,16661,0.000,0.486,-0.003,0.334,0.017,60.5,-10.4,0,1.50,0.000,60.5,216.6,0.000,5.8,12.9,20.9,36.5,46.8,51.6,54.0,56.1,57.6,59.0,60.5,61.9,63.8,66.0,70.1,77.8,36.2,23.4,11.1
1102,22.194,0.000,964.9,226.5,-0.1,4,16478,0.000,0.533,-0.003,0.330,0.017,59.1,-8.6,0,1.51,0.000,59.1,213.6,0.000,5.8,13.0,21.1,36.1,45.9,50.4,52.8,54.8,56.2,57.7,59.1,60.4,62.4,64.5,68.5,76.1,36.7,23.3,11.1
1103,22.216,0.000,966.2,224.2,-0.1,4,16287,0.000,0.574,-0.003,0.326,0.018,57.7,-6.7,0,1.54,0.000,57.7,210.5,0.000,5.8,13.1,21.2,35.7,44.9,49.3,51.5,53.5,54.9,56.3,57.7,59.0,60.9,63.0,66.9,74.4,37.6,23.3,11.1
1104,22.238,0.000,967.6,221.9,-0.1,4,16085,0.000,0.611,-0.003,0.322,0.018,56.3,-4.7,0,1.59,0.000,56.3,207.4,0.000,5.9,13.2,21.4,35.2,43.9,48.1,50.3,52.2,53.6,55.0,56.3,57.6,59.5,61.5,65.4,72.8,39.7,23.2,11.0
1105,22.260,0.000,968.9,219.4,-0.0,4,15877,0.000,0.644,-0.203,0.318,0.018,54.9,-2.5,0,2.78,-0.313,54.9,204.4,0.000,5.9,13.3,21.5,34.6,42.9,47.0,49.1,51.0,52.3,53.6,54.9,56.2,58.0,60.1,63.8,71.1,82.5,23.1,11.0
1106,22.282,0.000,970.3,217.0,-0.2,4,15666,0.000,0.627,-0.403,0.313,0.022,54.2,5.3,0,2.74,-0.366,54.2,202.3,0.000,6.0,13.5,22.1,34.6,42.5,46.4,48.5,50.3,51.6,52.9,54.2,55.4,57.2,59.2,62.9,70.1,81.3,22.8,10.9
1107,22.304,0.000,971.6,214.6,1.0,4,15483,0.000,0.494,-0.342,0.308,0.035,54.7,17.1,0,2.62,-0.344,54.7,202.6,0.000,6.1,14.2,23.9,35.9,43.5,47.2,49.3,51.0,52.2,53.5,54.7,55.9,57.7,59.6,63.2,70.2,81.2,21.9,10.7
1108,22.326,0.000,972.9,212.2,3.2,4,15367,0.000,0.287,-0.261,0.300,0.055,56.1,16.9,0,1.19,-0.433,56.1,204.3,0.000,6.3,15.4,26.4,37.9,45.2,48.8,50.8,52.5,53.7,54.9,56.1,57.3,58.9,60.8,64.3,71.1,32.6,20.7,10.5
1109,22.348,0.000,974.2,210.0,5.5,4,15312,0.000,0.079,-0.061,0.291,0.076,57.5,4.2,0,0.99,0.000,57.5,206.4,-0.007,6.5,16.8,28.8,40.0,47.0,50.5,52.4,54.0,55.2,56.4,57.5,58.7,60.3,62.1,65.6,72.2,29.0,19.5,10.2
1110,22.370,0.000,975.5,208.4,7.6,4,15306,0.000,0.000,0.139,0.280,0.096,58.8,-14.0,0,0.83,0.000,58.8,208.0,0.000,6.8,18.5,30.8,41.7,48.5,52.0,53.8,55.4,56.5,57.7,58.8,59.9,61.5,63.3,66.6,73.1,26.5,18.5,10.0
1111,22.392,0.000,976.7,207.6,9.0,4,15288,0.000,0.000,0.339,0.267,0.107,58.8,-18.4,0,0.75,0.000,58.8,207.5,0.000,7.0,19.7,31.7,42.1,48.8,52.1,53.9,55.5,56.6,57.7,58.8,59.9,61.4,63.2,66.4,72.8,25.4,17.9,9.8
1112,22.414,0.000,978.0,207.0,7.6,4,15263,0.000,0.115,0.375,0.253,0.099,56.4,-18.0,0,0.81,0.000,56.4,202.7,-0.007,7.1,19.3,30.3,40.2,46.6,49.8,51.6,53.1,54.2,55.3,56.4,57.5,59.0,60.7,63.9,70.3,26.7,18.0,9.7
1113,22.436,0.000,979.3,206.3,3.5,4,15171,0.000,0.532,0.175,0.240,0.073,51.9,-13.7,0,2.29,-0.602,51.9,193.6,0.000,7.0,17.8,27.3,36.4,42.4,45.5,47.2,48.7,49.7,50.8,51.9,52.9,54.4,56.1,59.3,65.6,75.8,19.0,9.8
1114,22.458,0.000,980.5,204.7,-1.5,4,14818,0.000,0.995,-0.025,0.229,0.043,46.9,-2.1,0,2.51,-0.732,46.9,182.8,0.000,6.8,16.2,24.2,32.3,37.9,40.8,42.4,43.8,44.8,45.9,46.9,47.9,49.4,51.0,54.2,60.4,70.7,20.7,10.0
1115,22.480,0.000,981.8,202.2,-5.4,4,14227,0.000,1.000,-0.225,0.218,0.020,43.0,21.8,0,2.70,-0.777,43.0,173.7,0.000,6.8,15.2,22.2,29.4,34.5,37.2,38.7,40.1,41.1,42.0,43.0,44.0,45.4,47.0,50.1,56.2,66.4,22.8,10.1
1116,22.502,0.000,983.0,199.3,-7.2,3,17370,0.000,0.500,-0.425,0.209,0.009,40.7,47.2,0,2.83,-0.810,40.7,170.3,0.000,6.8,14.8,21.2,27.8,32.6,35.1,36.6,37.9,38.8,39.7,40.7,41.6,42.9,44.5,47.5,53.5,63.5,24.8,10.2
1117,22.524,0.000,984.2,196.6,-6.8,3,17287,0.000,0.500,-0.625,0.200,0.010,39.7,45.0,0,2.86,-0.640,39.7,164.8,0.000,6.9,14.9,21.0,27.3,31.9,34.4,35.8,37.0,37.9,38.8,39.7,40.6,41.9,43.4,46.3,52.2,62.2,25.6,10.1
1118,22.546,0.000,985.4,194.3,-4.6,3,17200,0.000,1.000,-0.488,0.191,0.025,40.1,38.6,0,2.73,-0.470,40.1,165.6,0.000,7.0,15.4,21.6,27.8,32.4,34.9,36.2,37.4,38.3,39.2,40.1,41.0,42.3,43.8,46.6,52.5,62.3,24.4,9.9
1119,22.568,0.000,986.6,191.5,-0.9,3,16430,0.000,0.500,-0.410,0.181,0.049,41.4,56.0,0,2.55,-0.554,41.4,168.2,0.000,7.3,16.3,22.7,29.1,33.7,36.2,37.5,38.7,39.6,40.5,41.4,42.3,43.6,45.1,47.9,53.7,63.3,22.2,9.6
1120,22.590,0.000,987.7,188.6,2.8,3,16491,0.000,0.391,-0.353,0.171,0.074,42.8,48.1,0,2.38,-0.660,42.8,171.1,0.000,7.6,17.2,23.9,30.4,35.1,37.6,39.0,40.2,41.1,41.9,42.8,43.8,45.0,46.5,49.3,55.0,64.6,20.4,9.3
1121,22.612,0.000,988.9,186.0,5.7,3,16392,0.000,0.527,-0.294,0.159,0.098,44.1,32.2,0,2.25,-0.737,44.1,173.6,0.000,8.0,18.0,24.9,31.6,36.3,38.8,40.2,41.4,42.3,43.2,44.1,45.0,46.3,47.7,50.5,56.2,65.6,19.0,9.0
1122,22.634,0.000,990.0,183.6,8.0,3,16014,0.000,0.306,-0.243,0.145,0.120,45.1,25.4,0,2.14,-0.810,45.1,175.6,0.000,8.3,18.8,25.8,32.6,37.4,39.9,41.2,42.5,43.3,44.2,45.1,46.0,47.3,48.7,51.5,57.1,66.4,18.0,8.7
1123,22.656,0.000,991.1,181.3,9.7,3,15954,0.000,0.119,-0.165,0.131,0.140,45.9,12.1,0,2.05,-0.810,45.9,177.1,-0.007,8.6,19.4,26.6,33.5,38.2,40.7,42.0,43.3,44.1,45.0,45.9,46.8,48.0,49.5,52.2,57.8,67.0,17.2,8.5
1124,22.678,0.000,992.2,179.5,10.9,3,15973,0.000,0.000,-0.093,0.114,0.159,46.5,-5.1,0,1.98,-0.810,46.5,178.2,0.000,8.8,20.0,27.3,34.1,38.9,41.3,42.7,43.9,44.8,45.6,46.5,47.4,48.7,50.1,52.8,58.3,67.4,16.5,8.3
1125,22.700,0.000,993.3,178.3,11.8,3,15990,0.168,0.000,-0.021,0.095,0.177,47.1,-16.1,0,1.91,-0.810,47.1,179.2,0.195,9.1,20.5,27.9,34.8,39.5,41.9,43.3,44.5,45.4,46.2,47.1,48.0,49.2,50.6,53.3,58.7,67.8,15.9,8.1
1126,22.722,0.000,994.4,177.6,12.5,3,16025,0.223,0.000,0.045,0.074,0.194,47.5,-14.3,0,1.85,-0.810,47.5,179.8,0.245,9.3,21.0,28.4,35.2,39.9,42.4,43.7,44.9,45.7,46.6,47.5,48.3,49.6,51.0,53.6,59.0,67.9,15.4,7.9
1127,22.744,0.000,995.4,177.2,12.6,3,16101,0.277,0.000,0.026,0.052,0.192,47.4,-12.6,0,1.81,-0.810,47.4,179.4,0.295,9.5,21.2,28.5,35.3,39.9,42.3,43.7,44.8,45.7,46.5,47.4,48.2,49.5,50.8,53.5,58.8,67.6,15.1,7.8
1128,22.766,0.000,996.5,177.0,11.5,3,16188,0.331,0.000,-0.004,0.030,0.185,46.7,-11.1,0,1.80,-0.810,46.7,177.6,0.345,9.6,21.1,28.2,34.9,39.4,41.8,43.1,44.2,45.1,45.9,46.7,47.6,48.8,50.1,52.7,58.0,66.7,15.0,7.7
1129,22.788,0.000,997.6,176.9,9.7,3,16276,0.000,0.014,-0.051,0.008,0.172,45.6,-10.0,0,1.81,-0.810,45.6,174.9,0.234,9.7,20.8,27.7,34.1,38.5,40.8,42.1,43.2,44.0,44.8,45.6,46.5,47.6,49.0,51.6,56.8,65.4,15.2,7.6
1130,22.810,0.000,998.7,176.6,7.4,3,15950,0.000,0.162,-0.112,-0.013,0.157,44.3,-15.7,0,1.83,-0.810,44.3,171.6,0.000,9.7,20.4,26.9,33.1,37.3,39.6,40.8,41.9,42.7,43.5,44.3,45.1,46.3,47.6,50.1,55.2,63.8,15.6,7.5
1131,22.832,0.000,999.7,175.8,5.4,3,15778,0.000,0.282,-0.172,-0.033,0.142,43.1,-10.7,0,1.85,-0.810,43.1,168.4,0.000,9.7,20.0,26.2,32.2,36.3,38.4,39.6,40.7,41.5,42.3,43.1,43.9,45.0,46.3,48.7,53.8,62.3,16.0,7.4
1132,22.854,0.000,1000.8,174.6,4.0,3,15585,0.000,0.346,-0.217,-0.053,0.130,42.1,-4.7,0,1.85,-0.810,42.1,166.0,0.000,9.8,19.7,25.8,31.5,35.5,37.6,38.8,39.8,40.6,41.3,42.1,42.9,44.0,45.3,47.7,52.6,61.1,16.3,7.4
1133,22.876,0.000,1001.9,173.1,3.4,3,15402,0.000,0.351,-0.243,-0.071,0.122,41.5,-0.1,0,1.84,-0.810,41.5,164.4,0.000,9.8,19.6,25.5,31.1,35.0,37.1,38.3,39.3,40.0,40.8,41.5,42.3,43.4,44.6,47.0,51.9,60.3,16.4,7.3
1134,22.898,0.000,1002.9,171.5,3.4,3,15220,0.000,0.305,-0.248,-0.089,0.119,41.3,1.0,0,1.81,-0.810,41.3,163.7,0.000,9.9,19.7,25.5,31.0,34.9,36.9,38.1,39.1,39.8,40.6,41.3,42.1,43.1,44.4,46.7,51.6,59.8,16.2,7.1
1135,22.920,0.000,1004.0,169.8,4.0,3,15077,0.000,0.219,-0.234,-0.105,0.119,41.4,-1.7,0,1.77,-0.810,41.4,163.8,0.000,10.1,19.9,25.8,31.2,35.1,37.1,38.2,39.2,40.0,40.7,41.4,42.2,43.2,44.5,46.8,51.6,59.8,15.8,7.0
1136,22.942,0.000,1005.0,168.3,5.1,3,14986,0.000,0.107,-0.205,-0.121,0.123,41.8,-6.4,0,1.72,-0.810,41.8,164.5,-0.007,10.3,20.3,26.1,31.7,35.5,37.5,38.6,39.6,40.4,41.1,41.8,42.6,43.6,44.9,47.2,52.0,60.1,15.2,6.9
1137,22.964,0.000,1006.0,167.1,6.3,3,14956,0.000,0.000,-0.164,-0.137,0.129,42.4,-11.4,0,1.66,-0.810,42.4,165.7,0.000,10.5,20.7,26.7,32.2,36.1,38.1,39.2,40.2,41.0,41.7,42.4,43.2,44.2,45.4,47.8,52.5,60.5,14.5,6.7
1138,22.986,0.000,1007.1,166.3,7.6,3,14963,0.178,0.000,-0.118,-0.152,0.136,43.1,-15.5,0,1.60,-0.810,43.1,167.1,0.180,10.7,21.2,27.2,32.9,36.7,38.8,39.9,40.9,41.6,42.4,43.1,43.8,44.9,46.1,48.4,53.2,61.1,13.8,6.5
1139,23.008,0.000,1008.1,165.7,8.8,3,14992,0.229,0.000,-0.077,-0.167,0.143,43.7,-12.2,0,1.55,-0.810,43.7,168.3,0.230,10.9,21.6,27.8,33.4,37.3,39.4,40.5,41.5,42.2,43.0,43.7,44.4,45.5,46.7,49.0,53.7,61.5,13.2,6.4
1140,23.030,0.000,1009.1,165.4,9.6,3,15051,0.279,0.000,-0.048,-0.182,0.147,44.0,-10.6,0,1.51,-0.810,44.0,168.9,0.280,11.1,21.9,28.1,33.8,37.7,39.7,40.9,41.9,42.6,43.3,44.0,44.8,45.8,47.0,49.3,54.0,61.7,12.8,6.2
1141,23.052,0.000,1010.1,165.1,9.8,3,15122,0.329,0.000,-0.040,-0.197,0.146,44.1,-9.4,0,1.47,-0.810,44.1,168.7,0.330,11.2,22.1,28.3,33.9,37.8,39.8,40.9,41.9,42.6,43.3,44.1,44.8,45.8,47.0,49.3,53.9,61.6,12.5,6.1
1142,23.074,0.000,1011.2,165.0,9.4,3,15204,0.379,0.000,-0.052,-0.211,0.142,43.7,-8.3,0,1.46,-0.810,43.7,167.8,0.380,11.2,22.0,28.1,33.7,37.5,39.5,40.6,41.6,42.3,43.0,43.7,44.5,45.5,46.7,48.9,53.5,61.0,12.4,6.0
1143,23.096,0.000,1012.2,165.0,8.4,3,15293,0.429,0.000,-0.082,-0.225,0.134,43.1,-7.3,0,1.45,-0.810,43.1,166.1,0.430,11.3,21.8,27.8,33.2,37.0,38.9,40.0,41.0,41.7,42.4,43.1,43.8,44.8,46.0,48.2,52.7,60.2,12.5,6.0
1144,23.118,0.000,1013.2,165.1,7.1,3,15386,0.000,0.000,-0.125,-0.239,0.123,42.3,-6.4,0,1.45,-0.810,42.3,164.0,0.430,11.3,21.5,27.3,32.6,36.3,38.2,39.2,40.2,40.9,41.6,42.3,43.0,44.0,45.1,47.3,51.7,59.2,12.7,5.9
1145,23.140,0.000,1014.2,164.8,5.7,3,15235,0.000,0.077,-0.170,-0.252,0.112,41.4,-14.4,0,1.45,-0.810,41.4,161.7,0.294,11.2,21.2,26.8,32.0,35.5,37.4,38.4,39.4,40.0,40.7,41.4,42.1,43.1,44.2,46.3,50.7,58.1,13.0,5.9
1146,23.162,0.000,1015.3,164.2,4.6,3,14785,0.000,0.155,-0.211,-0.265,0.102,40.6,-12.2,0,1.45,-0.810,40.6,159.5,0.000,11.2,21.0,26.4,31.4,34.9,36.7,37.7,38.7,39.3,40.0,40.6,41.3,42.3,43.4,45.5,49.8,57.1,13.2,5.8
1147,23.184,0.000,1016.3,163.3,3.9,3,14653,0.000,0.167,-0.237,-0.277,0.095,40.1,-8.6,0,1.44,-0.810,40.1,158.4,0.000,11.3,20.8,26.2,31.1,34.5,36.3,37.3,38.2,38.8,39.5,40.1,40.8,41.7,42.8,44.9,49.2,56.4,13.3,5.8
1148,23.206,0.000,1017.3,162.3,3.8,3,14540,0.000,0.147,-0.246,-0.288,0.091,39.9,-7.3,0,1.42,-0.810,39.9,157.7,-0.007,11.3,20.8,26.1,31.0,34.3,36.1,37.1,38.0,38.6,39.3,39.9,40.6,41.5,42.6,44.6,48.9,56.0,13.2,5.7
1149,23.228,0.000,1018.3,161.3,4.2,3,14444,0.000,0.102,-0.238,-0.299,0.091,39.9,-8.1,0,1.39,-0.810,39.9,157.6,-0.012,11.4,20.9,26.2,31.0,34.4,36.1,37.1,38.0,38.6,39.3,39.9,40.6,41.5,42.6,44.6,48.8,55.9,12.9,5.6
1150,23.250,0.000,1019.3,160.3,5.0,3,14374,0.000,0.034,-0.216,-0.309,0.094,40.2,-10.3,0,1.36,-0.810,40.2,158.0,-0.015,11.5,21.1,26.4,31.3,34.6,36.4,37.4,38.2,38.9,39.5,40.2,40.8,41.7,42.8,44.8,49.0,55.9,12.6,5.5
1151,23.272,0.000,1020.3,159.4,6.0,3,14341,0.000,0.000,-0.185,-0.319,0.099,40.5,-13.1,0,1.32,-0.810,40.5,158.7,0.000,11.6,21.4,26.8,31.6,35.0,36.8,37.7,38.6,39.2,39.9,40.5,41.2,42.1,43.2,45.2,49.3,56.2,12.1,5.4
1152,23.294,0.000,1021.3,158.8,7.1,3,14303,0.170,0.000,-0.150,-0.329,0.105,41.0,-14.8,0,1.29,-0.810,41.0,159.5,0.170,11.8,21.7,27.1,32.0,35.4,37.2,38.2,39.1,39.7,40.3,41.0,41.6,42.5,43.6,45.6,49.7,56.6,11.6,5.3
1153,23.316,0.000,1022.3,158.3,8.1,3,14327,0.220,0.000,-0.118,-0.339,0.111,41.3,-11.5,0,1.26,-0.810,41.3,160.2,0.220,11.9,22.0,27.5,32.4,35.8,37.6,38.6,39.4,40.1,40.7,41.3,42.0,42.9,43.9,45.9,50.0,57.0,11.2,5.2
1154,23.338,0.000,1023.3,157.9,8.8,3,14376,0.270,0.000,-0.094,-0.348,0.114,41.6,-9.9,0,1.24,-0.810,41.6,160.5,0.270,12.0,22.2,27.7,32.7,36.1,37.8,38.8,39.7,40.3,40.9,41.6,42.2,43.1,44.2,46.1,50.1,57.4,10.9,5.1
1155,23.360,0.000,1024.3,157.7,9.2,3,14442,0.320,0.000,-0.084,-0.357,0.115,41.6,-8.6,0,1.22,-0.810,41.6,160.4,0.320,12.1,22.3,27.8,32.8,36.1,37.9,38.9,39.7,40.4,41.0,41.6,42.3,43.1,44.2,46.1,50.1,57.5,10.7,5.0
1156,23.382,0.000,1025.3,157.6,9.1,3,14520,0.370,0.000,-0.089,-0.366,0.113,41.4,-7.4,0,1.21,-0.810,41.4,159.8,0.370,12.2,22.3,27.8,32.7,36.0,37.8,38.7,39.6,40.2,40.8,41.4,42.1,42.9,44.0,45.9,49.8,57.4,10.6,5.0
1157,23.404,0.000,1026.3,157.5,8.6,3,14610,0.420,0.000,-0.108,-0.375,0.108,41.0,-6.3,0,1.21,-0.810,41.0,158.7,0.420,12.2,22.2,27.6,32.4,35.7,37.4,38.4,39.2,39.8,40.4,41.0,41.7,42.5,43.5,45.5,49.3,57.0,10.6,4.9
1158,23.426,0.000,1027.3,157.6,7.8,3,14707,0.000,0.000,-0.138,-0.383,0.100,40.5,-5.2,0,1.21,-0.810,40.5,157.1,0.420,12.2,22.0,27.3,32.0,35.2,36.9,37.9,38.7,39.3,39.9,40.5,41.1,42.0,43.0,44.8,48.7,56.3,10.7,4.9
1159,23.448,0.000,1028.3,157.4,6.8,3,14579,0.000,0.034,-0.174,-0.391,0.092,39.8,-13.6,0,1.21,-0.810,39.8,155.1,0.287,12.1,21.8,26.9,31.5,34.7,36.3,37.3,38.1,38.7,39.2,39.8,40.4,41.3,42.3,44.1,47.9,55.6,10.9,4.9
1160,23.470,0.000,1029.3,156.8,5.8,3,14137,0.000,0.097,-0.210,-0.399,0.083,39.2,-12.9,0,1.21,-0.810,39.2,153.3,0.194,12.1,21.5,26.5,31.1,34.2,35.8,36.7,37.5,38.1,38.6,39.2,39.8,40.6,41.6,43.4,47.2,54.8,11.1,4.8
1161,23.492,0.000,1030.3,156.1,5.2,3,14028,0.000,0.129,-0.238,-0.406,0.077,38.7,-10.3,0,1.21,-0.810,38.7,152.0,0.129,12.1,21.3,26.3,30.7,33.7,35.4,36.2,37.0,37.6,38.2,38.7,39.3,40.1,41.1,42.9,46.6,54.3,11.2,4.8
1162,23.514,0.000,1031.3,155.3,4.9,3,13922,0.000,0.120,-0.254,-0.412,0.072,38.4,-8.4,0,1.21,-0.810,38.4,151.3,0.083,12.1,21.2,26.1,30.5,33.5,35.1,35.9,36.7,37.3,37.8,38.4,39.0,39.8,40.7,42.5,46.2,54.0,11.3,4.8
1163,23.536,0.000,1032.2,154.4,5.0,3,13837,0.000,0.079,-0.258,-0.419,0.071,38.3,-8.2,0,1.21,-0.810,38.3,151.2,0.051,12.1,21.2,26.1,30.4,33.4,35.0,35.8,36.6,37.1,37.7,38.3,38.8,39.6,40.6,42.3,46.0,54.1,11.2,4.7
1164,23.558,0.000,1033.2,153.5,5.4,3,13781,0.000,0.017,-0.249,-0.424,0.072,38.3,-9.7,0,1.22,-0.810,38.3,151.6,0.029,12.2,21.3,26.1,30.5,33.4,35.0,35.8,36.6,37.2,37.7,38.3,38.8,39.6,40.5,42.3,46.1,54.5,11.0,4.7
1165,23.580,0.000,1034.2,152.8,6.0,3,13757,0.000,0.000,-0.232,-0.430,0.075,38.4,-12.3,0,1.23,-0.810,38.4,152.2,0.029,12.2,21.5,26.3,30.6,33.6,35.1,36.0,36.7,37.3,37.8,38.4,38.9,39.7,40.6,42.4,46.3,55.3,10.8,4.6
1166,23.602,0.000,1035.2,152.1,6.8,3,13702,0.161,0.000,-0.209,-0.435,0.079,38.6,-13.7,0,1.26,-0.810,38.6,153.2,0.161,12.3,21.6,26.5,30.9,33.8,35.3,36.2,36.9,37.5,38.0,38.6,39.1,39.9,40.8,42.6,46.8,56.3,10.5,4.6
1167,23.624,0.000,1036.1,151.6,7.7,3,13723,0.211,0.000,-0.186,-0.440,0.084,38.8,-10.6,0,1.30,-0.810,38.8,154.4,0.211,12.4,21.8,26.7,31.1,34.0,35.6,36.4,37.2,37.7,38.2,38.8,39.3,40.1,41.0,42.9,47.3,57.5,10.2,4.5
1168,23.646,0.000,1037.1,151.3,8.4,3,13768,0.261,0.000,-0.165,-0.445,0.088,39.0,-9.0,0,1.35,-0.810,39.0,155.6,0.261,12.5,22.0,26.9,31.3,34.2,35.8,36.6,37.3,37.9,38.4,39.0,39.5,40.3,41.3,43.2,47.9,58.8,9.9,4.4
1169,23.668,0.000,1038.1,151.0,9.0,3,13830,0.311,0.000,-0.152,-0.450,0.091,39.0,-7.7,0,1.40,-0.810,39.0,156.8,0.311,12.5,22.1,27.1,31.4,34.3,35.8,36.7,37.4,37.9,38.5,39.0,39.6,40.4,41.4,43.5,48.4,60.0,9.7,4.4
1170,23.690,0.000,1039.0,150.9,9.2,3,13907,0.361,0.000,-0.149,-0.454,0.091,39.0,-6.3,0,1.46,-0.810,39.0,157.3,0.361,12.6,22.2,27.1,31.4,34.3,35.8,36.6,37.3,37.9,38.4,39.0,39.6,40.5,41.5,43.7,48.8,61.1,9.6,4.3
1171,23.712,0.000,1040.0,150.8,9.1,3,13996,0.411,0.000,-0.158,-0.459,0.089,38.9,-5.0,0,1.52,-0.810,38.9,157.4,0.411,12.6,22.1,27.0,31.3,34.1,35.6,36.4,37.1,37.7,38.3,38.9,39.5,40.4,41.4,43.6,49.0,61.9,9.6,4.3
1172,23.734,0.000,1041.0,150.8,8.8,3,14096,0.461,0.000,-0.177,-0.463,0.085,38.6,-3.7,0,1.58,-0.810,38.6,157.0,0.461,12.6,22.0,26.8,31.0,33.8,35.3,36.1,36.8,37.4,38.0,38.6,39.2,40.1,41.2,43.5,48.9,62.4,9.7,4.3
1173,23.756,0.000,1041.9,150.9,8.2,3,14205,0.511,0.000,-0.204,-0.467,0.079,38.2,-2.4,0,1.63,-0.810,38.2,156.3,0.511,12.5,21.8,26.5,30.7,33.4,34.9,35.7,36.4,37.0,37.6,38.2,38.8,39.7,40.9,43.2,48.7,62.6,9.8,4.3
1174,23.778,0.000,1042.9,151.1,7.5,3,14323,0.561,0.000,-0.236,-0.471,0.072,37.8,-1.2,0,1.68,-0.810,37.8,155.9,0.561,12.5,21.6,26.2,30.3,33.0,34.4,35.2,36.0,36.6,37.1,37.8,38.4,39.3,40.5,42.8,48.4,62.6,10.0,4.3
1175,23.800,0.000,1043.8,151.3,6.8,3,14448,0.611,0.000,-0.271,-0.474,0.065,37.3,-0.0,0,1.74,-0.810,37.3,156.5,0.611,12.4,21.3,25.9,29.8,32.5,33.9,34.8,35.5,36.1,36.7,37.3,37.9,38.9,40.0,42.4,48.1,62.6,10.2,4.3
1176,23.822,0.000,1044.8,151.6,6.1,3,14580,0.661,0.000,-0.307,-0.477,0.058,36.9,1.2,0,1.80,-0.810,36.9,155.7,0.661,12.4,21.1,25.5,29.4,32.0,33.5,34.3,35.1,35.6,36.2,36.9,37.5,38.4,39.6,42.0,47.8,62.7,10.5,4.3
1177,23.844,0.000,1045.8,151.9,5.6,3,14718,0.711,0.000,-0.336,-0.479,0.051,36.5,2.7,0,1.87,-0.800,36.5,154.1,0.711,12.3,20.9,25.2,29.0,31.6,33.1,33.9,34.7,35.2,35.9,36.5,37.1,38.1,39.3,41.7,47.6,62.9,10.8,4.3
1178,23.866,0.000,1046.8,152.3,5.3,3,14866,0.761,0.000,-0.345,-0.481,0.045,36.2,4.4,0,1.95,-0.761,36.2,154.1,0.761,12.3,20.7,25.0,28.7,31.2,32.7,33.6,34.4,34.9,35.6,36.2,36.9,37.8,39.0,41.5,47.6,63.6,11.1,4.3
1179,23.888,0.000,1047.8,152.8,5.2,3,15022,0.811,0.000,-0.363,-0.482,0.041,36.0,6.1,0,2.06,-0.748,36.0,154.7,0.811,12.2,20.5,24.7,28.4,31.0,32.5,33.3,34.1,34.7,35.4,36.0,36.7,37.7,38.9,41.5,47.8,64.6,11.3,4.3
1180,23.910,0.000,1048.7,153.3,5.4,3,15188,0.861,0.000,-0.371,-0.483,0.037,36.0,8.1,0,2.19,-0.724,36.0,155.7,0.861,12.2,20.4,24.5,28.2,30.8,32.3,33.2,34.0,34.6,35.3,36.0,36.7,37.7,39.0,41.6,48.2,66.2,11.6,4.3
1181,23.932,0.000,1049.7,153.9,5.7,3,15365,0.911,0.000,-0.382,-0.482,0.035,36.0,10.4,0,2.34,-0.713,36.0,157.2,0.911,12.2,20.3,24.4,28.0,30.6,32.2,33.1,34.0,34.6,35.3,36.0,36.7,37.8,39.1,41.9,48.9,68.3,11.8,4.4
1182,23.954,0.000,1050.7,154.5,6.1,3,15554,0.961,0.000,-0.388,-0.482,0.034,36.2,13.2,0,2.53,-0.698,36.2,159.3,0.961,12.2,20.2,24.2,27.8,30.6,32.2,33.2,34.1,34.7,35.4,36.2,36.9,38.1,39.4,42.4,49.8,71.1,12.0,4.4
1183,23.976,0.000,1051.7,155.1,6.8,3,15760,1.000,0.000,-0.394,-0.480,0.033,36.5,16.7,0,2.76,-0.690,36.5,161.5,1.000,12.1,20.1,24.1,27.8,30.6,32.3,33.3,34.3,35.0,35.7,36.5,37.3,38.5,39.9,43.0,51.1,74.8,12.2,4.4
1184,23.998,0.000,1052.7,155.8,7.6,3,15979,1.000,0.000,-0.397,-0.478,0.034,37.0,20.4,0,3.05,-0.682,37.0,161.6,1.000,12.1,20.1,24.0,27.8,30.8,32.6,33.6,34.6,35.4,36.1,37.0,37.8,39.1,40.7,44.0,52.8,79.8,12.3,4.4
1185,24.020,0.000,1053.7,156.4,8.6,3,16186,1.000,0.000,-0.403,-0.475,0.036,37.6,23.2,0,3.42,-0.678,37.6,164.6,1.000,12.1,20.0,24.0,27.9,31.0,32.9,34.1,35.1,35.9,36.7,37.6,38.5,39.9,41.6,45.3,55.0,86.6,12.5,4.4
1186,24.042,0.000,1054.7,157.1,9.7,3,16376,1.000,0.000,-0.409,-0.472,0.037,38.5,25.6,0,3.88,-0.671,38.5,168.6,1.000,12.1,20.0,24.0,28.1,31.4,33.4,34.6,35.8,36.6,37.5,38.5,39.5,41.0,42.9,46.9,57.9,96.0,12.6,4.4
1187,24.064,0.000,1055.7,157.8,10.9,3,16550,1.000,0.000,-0.413,-0.467,0.040,39.6,28.0,0,4.47,-0.655,39.6,173.9,1.000,12.1,20.0,24.0,28.4,31.9,34.1,35.4,36.6,37.5,38.5,39.6,40.7,42.3,44.4,48.9,61.6,109.3,12.7,4.5
1188,24.086,0.000,1056.7,158.4,12.2,3,16710,1.000,0.000,-0.403,-0.462,0.043,40.9,30.5,0,5.26,-0.602,40.9,180.9,1.000,12.0,19.9,24.1,28.7,32.5,34.9,36.3,37.7,38.7,39.8,40.9,42.2,44.0,46.3,51.5,66.3,129.0,12.8,4.5
1189,24.108,0.000,1057.8,158.9,13.5,3,16860,1.000,0.000,-0.379,-0.456,0.046,42.6,32.9,0,6.09,-0.518,42.6,190.4,1.000,12.0,19.9,24.3,29.2,33.3,35.9,37.5,38.9,40.1,41.3,42.6,44.0,46.1,48.7,54.7,72.5,154.2,13.0,4.5
1190,24.130,0.000,1058.8,159.5,14.9,3,16999,1.000,0.000,-0.317,-0.449,0.049,44.6,35.2,0,6.53,-0.384,44.6,203.6,1.000,12.0,19.9,24.5,29.7,34.3,37.1,38.8,40.5,41.8,43.2,44.6,46.2,48.6,51.7,58.7,80.8,172.7,13.2,4.6
1191,24.152,0.000,1059.8,160.0,16.3,3,17129,0.913,0.000,-0.200,-0.441,0.051,47.1,36.9,0,6.77,-0.167,47.1,222.4,1.000,11.9,19.9,24.8,30.4,35.4,38.6,40.5,42.4,43.9,45.4,47.1,48.9,51.8,55.4,63.9,92.2,188.3,13.5,4.7
1192,24.174,0.000,1060.8,160.5,17.6,3,17170,0.931,0.000,-0.132,-0.432,0.054,50.1,34.6,0,6.82,-0.064,50.1,203.2,1.000,11.9,20.0,25.1,31.2,36.7,40.3,42.5,44.7,46.3,48.2,50.1,52.3,55.6,60.0,70.5,108.7,200.0,13.9,4.7
1193,24.196,0.000,1061.9,161.0,18.9,3,17219,0.862,0.000,-0.099,-0.422,0.056,53.7,33.8,0,6.55,-0.047,53.7,218.9,1.000,11.8,20.0,25.5,32.1,38.2,42.3,44.8,47.3,49.3,51.4,53.7,56.3,60.3,65.7,79.0,133.2,200.0,14.1,4.8
1194,24.218,0.000,1062.9,161.4,19.9,3,17205,0.890,0.000,0.019,-0.411,0.055,57.9,31.1,0,3.48,-0.033,57.9,237.6,1.000,11.7,20.1,25.9,33.1,39.9,44.4,47.4,50.3,52.6,55.1,57.9,61.0,66.0,72.7,90.0,156.0,71.9,14.4,4.9
1195,24.240,0.000,1064.0,161.9,20.8,3,17223,0.912,0.000,0.029,-0.399,0.054,62.6,29.7,0,3.26,-0.022,62.6,259.5,1.000,11.6,20.1,26.3,34.0,41.5,46.8,50.1,53.5,56.2,59.2,62.6,66.4,72.5,81.0,104.0,170.9,51.7,14.6,5.0
1196,24.262,0.000,1065.0,162.4,21.3,3,17267,0.929,0.000,0.020,-0.386,0.050,67.5,29.9,0,3.21,-0.013,67.5,238.3,1.000,11.5,20.1,26.6,34.9,43.2,49.0,52.9,56.8,60.0,63.5,67.5,72.1,79.6,90.4,121.4,182.2,43.5,14.9,5.1
1197,24.284,0.000,1066.0,163.0,21.5,3,17328,0.943,0.000,0.001,-0.372,0.044,72.8,30.7,0,3.18,-0.006,72.8,367.5,1.000,11.3,20.1,26.8,35.7,44.7,51.3,55.7,60.2,63.9,68.1,72.8,78.3,87.6,101.4,140.7,191.1,39.2,15.3,5.3
1198,24.306,0.000,1067.1,163.7,21.5,3,17396,0.871,0.000,-0.031,-0.357,0.036,78.6,31.8,0,3.13,-0.000,78.6,375.3,1.000,11.1,20.0,27.0,36.4,46.2,53.5,58.5,63.7,68.0,72.9,78.6,85.2,96.7,114.4,153.1,198.5,36.7,15.6,5.5
1199,24.328,0.000,1068.1,164.4,21.2,3,17371,0.897,0.000,0.048,-0.340,0.026,84.8,29.6,0,3.00,0.168,84.8,376.8,1.000,10.9,19.9,27.1,37.0,47.7,55.8,61.4,67.3,72.3,78.0,84.8,92.9,107.2,130.0,162.2,200.0,35.1,15.9,5.7
1200,24.350,0.000,1069.2,165.0,20.8,3,17368,0.917,0.000,0.156,-0.322,0.015,91.1,27.7,0,2.87,0.424,91.1,376.8,1.000,10.7,19.7,27.1,37.5,49.0,57.9,64.1,70.7,76.4,83.1,91.1,100.8,118.4,141.5,169.0,200.0,34.2,16.3,5.9
1201,24.372,0.000,1070.2,165.8,20.1,3,17383,0.934,0.000,0.139,-0.303,0.002,96.2,25.6,0,2.79,0.470,96.2,376.8,1.000,10.4,19.5,27.0,37.7,49.7,59.2,66.0,73.3,79.6,87.1,96.2,107.4,128.3,147.8,173.2,200.0,34.0,16.8,6.2
1202,24.394,0.000,1071.3,166.7,18.9,3,17406,0.947,0.000,0.099,-0.282,-0.016,98.7,24.6,0,2.02,0.470,123.1,349.9,1.000,10.2,19.2,26.7,37.5,49.7,59.6,66.6,74.3,81.0,89.0,98.7,110.9,132.6,150.3,174.9,122.3,34.5,17.4,6.5
1203,24.416,0.000,1072.3,167.6,17.4,3,17422,0.958,0.000,0.015,-0.259,-0.035,99.0,23.4,0,2.03,0.470,151.0,349.9,1.000,10.0,18.8,26.2,36.9,49.1,59.0,66.1,73.9,80.7,88.9,99.0,111.6,133.3,150.6,174.9,120.4,35.5,18.0,6.8
1204,24.438,0.000,1073.4,168.6,15.7,3,17418,0.966,0.000,-0.082,-0.235,-0.056,97.8,22.0,0,2.09,0.470,97.8,348.7,1.000,9.7,18.4,25.6,36.1,48.2,58.0,65.0,72.8,79.6,87.7,97.8,110.4,132.3,149.6,173.8,122.3,36.8,18.7,7.1
1205,24.460,0.000,1074.5,169.6,13.8,3,17408,0.973,0.000,-0.184,-0.208,-0.078,96.4,20.7,0,2.15,0.470,96.4,347.5,1.000,9.5,18.0,25.1,35.4,47.3,57.0,63.9,71.6,78.3,86.4,96.4,109.1,131.1,148.4,172.7,124.6,38.0,19.4,7.4
1206,24.482,0.000,1075.5,170.6,12.1,3,17400,0.978,0.000,-0.211,-0.181,-0.083,96.0,19.7,0,2.18,0.470,96.0,346.8,1.000,9.3,17.6,24.6,34.8,46.7,56.3,63.2,70.9,77.7,85.9,96.0,108.9,130.9,148.0,172.1,124.7,38.9,19.9,7.6
1207,24.504,0.000,1076.5,171.5,10.6,3,17394,0.983,0.000,-0.200,-0.155,-0.080,97.3,18.5,0,2.14,0.470,97.3,347.2,1.000,9.1,17.3,24.3,34.5,46.4,56.2,63.3,71.2,78.2,86.7,97.3,110.8,132.4,148.8,172.5,120.3,39.3,20.4,7.8
1208,24.526,0.000,1077.6,172.4,9.4,3,17391,0.986,0.000,-0.182,-0.131,-0.076,100.7,16.7,0,2.06,0.470,100.7,348.8,1.000,8.9,17.1,24.1,34.4,46.7,56.8,64.2,72.6,80.0,89.2,100.7,115.6,135.5,150.9,173.9,113.4,39.2,20.6,8.0
1209,24.548,0.000,1078.6,173.3,8.4,3,17398,0.989,0.000,-0.157,-0.109,-0.071,106.9,15.0,0,1.93,0.470,106.9,351.5,1.000,8.8,17.0,24.0,34.7,47.4,58.2,66.2,75.3,83.6,93.8,106.9,123.4,139.9,154.2,176.4,104.5,38.7,20.7,8.2
1210,24.570,0.000,1079.7,174.2,7.7,3,17414,0.991,0.000,-0.126,-0.089,-0.065,117.0,13.5,0,1.78,0.470,117.0,355.2,1.000,8.7,16.9,24.1,35.2,48.8,60.5,69.4,79.7,89.2,101.2,117.0,131.1,145.1,158.4,179.7,95.0,37.9,20.7,8.3
1211,24.592,0.000,1080.7,175.0,7.3,3,17440,0.993,0.000,-0.090,-0.071,-0.057,127.5,12.3,0,1.63,0.470,127.5,359.5,1.000,8.6,16.9,24.4,36.0,50.7,63.8,74.0,86.1,97.4,112.3,127.5,138.3,150.8,163.2,183.7,85.9,36.8,20.6,8.4
1212,24.614,0.000,1081.8,175.9,7.0,3,17473,0.994,0.000,-0.052,-0.054,-0.049,135.8,11.2,0,1.48,0.470,179.0,364.0,1.000,8.5,17.0,24.7,37.0,53.2,68.1,80.1,94.7,108.9,124.7,135.8,145.0,156.4,168.1,187.8,78.1,35.6,20.4,8.5
1213,24.636,0.000,1082.9,176.8,6.7,3,17504,0.995,0.000,-0.016,-0.039,-0.042,142.3,10.1,0,1.35,0.470,177.6,368.0,1.000,8.5,17.1,25.1,38.1,55.9,72.9,87.1,105.0,121.2,132.8,142.3,150.7,161.3,172.5,191.6,72.0,34.6,20.2,8.5
1214,24.658,0.000,1084.0,177.7,6.4,3,17530,0.996,0.000,0.011,-0.025,-0.036,146.7,8.8,0,1.26,0.470,176.3,370.7,1.000,8.4,17.1,25.3,39.0,58.2,77.3,93.7,115.0,128.0,138.0,146.7,154.5,164.7,175.5,194.2,68.0,33.9,20.1,8.6
1215,24.680,0.000,1085.0,178.7,5.8,3,17541,0.997,0.000,0.025,-0.012,-0.033,148.4,7.3,0,1.22,0.470,174.8,371.6,1.000,8.3,17.1,25.3,39.4,59.4,79.8,97.6,119.4,130.8,140.2,148.4,156.1,166.0,176.6,195.0,66.2,33.7,20.1,8.7
1216,24.702,0.000,1086.1,179.7,4.9,3,17552,0.998,0.000,0.024,-0.001,-0.032,147.8,5.8,0,1.22,0.470,173.4,370.6,1.000,8.2,16.9,25.1,39.2,59.2,79.7,97.7,119.2,130.3,139.5,147.8,155.3,165.2,175.7,194.0,66.4,33.9,20.3,8.8
1217,24.724,0.000,1087.2,180.7,3.8,3,17568,0.998,0.000,0.013,0.009,-0.033,145.3,4.5,0,1.26,0.470,172.0,368.2,1.000,8.1,16.7,24.8,38.4,57.9,77.5,94.8,116.1,127.7,137.0,145.3,152.9,162.8,173.4,191.7,68.1,34.5,20.6,8.9
1218,24.746,0.000,1088.3,181.6,2.8,3,17594,0.999,0.000,-0.001,0.019,-0.035,142.2,3.7,0,1.30,0.470,170.6,365.2,1.000,8.0,16.4,24.3,37.6,56.2,74.9,91.0,111.7,124.1,133.7,142.2,149.9,159.9,170.5,188.9,70.3,35.2,20.9,9.0
1219,24.768,0.000,1089.5,182.6,1.9,3,17633,0.999,0.000,-0.014,0.028,-0.037,139.5,3.2,0,1.34,0.470,169.2,362.5,1.000,8.0,16.2,23.9,36.9,54.9,72.7,88.0,107.9,121.0,130.9,139.5,147.3,157.3,168.0,186.5,72.2,35.9,21.2,9.1
1220,24.790,0.000,1090.6,183.5,1.3,3,17679,0.999,0.000,-0.020,0.036,-0.037,137.8,3.0,0,1.36,0.470,167.8,360.6,1.000,7.9,16.0,23.7,36.5,54.2,71.7,86.6,106.0,119.3,129.2,137.8,145.6,155.6,166.3,184.7,73.2,36.3,21.4,9.1
1221,24.812,0.000,1091.7,184.5,1.0,3,17722,0.999,0.000,-0.021,0.044,-0.036,137.2,2.6,0,1.36,0.470,166.5,359.6,1.000,7.8,15.9,23.6,36.3,54.1,71.7,86.8,106.4,119.0,128.7,137.2,144.8,154.8,165.4,183.7,73.2,36.4,21.5,9.2
1222,24.834,0.000,1092.8,185.4,0.9,3,17772,0.999,0.000,-0.017,0.052,-0.035,137.2,2.4,0,1.34,0.470,165.1,359.1,1.000,7.8,15.9,23.5,36.3,54.4,72.4,88.0,107.9,119.7,129.0,137.2,144.8,154.6,165.0,183.2,72.5,36.4,21.6,9.3
1223,24.856,0.000,1094.0,186.3,0.8,3,17826,1.000,0.000,-0.011,0.059,-0.033,137.5,2.3,0,1.32,0.470,163.7,358.7,1.000,7.7,15.8,23.5,36.4,54.8,73.4,89.6,109.6,120.5,129.5,137.5,144.9,154.6,164.9,182.9,71.6,36.3,21.6,9.3
1224,24.878,0.000,1095.1,187.3,0.8,3,17882,1.000,0.000,-0.007,0.066,-0.032,137.6,2.3,0,1.30,0.470,162.3,358.2,1.000,7.7,15.8,23.4,36.5,55.2,74.3,91.2,110.7,121.0,129.8,137.6,144.9,154.4,164.6,182.5,70.9,36.2,21.7,9.4
1225,24.900,0.000,1096.2,188.2,0.8,3,17960,1.000,0.000,-0.004,0.073,-0.031,137.3,2.2,0,1.29,0.470,161.0,357.5,1.000,7.6,15.7,23.4,36.5,55.4,74.9,92.2,111.2,121.1,129.6,137.3,144.5,153.9,164.0,181.8,70.5,36.2,21.7,9.4
1226,24.922,0.000,1097.4,189.1,0.7,3,18041,1.000,0.000,-0.004,0.080,-0.030,136.7,2.0,0,1.29,0.470,159.6,356.5,1.000,7.6,15.6,23.3,36.4,55.5,75.2,92.7,111.2,120.8,129.2,136.7,143.8,153.1,163.2,180.8,70.3,36.3,21.8,9.4
1227,24.944,0.000,1098.6,190.0,0.6,3,18116,1.000,0.000,-0.004,0.086,-0.029,135.9,1.8,0,1.28,0.470,158.2,355.2,1.000,7.5,15.5,23.2,36.3,55.4,75.2,93.0,110.9,120.3,128.5,135.9,143.0,152.2,162.2,179.7,70.3,36.4,21.9,9.5
1228,24.966,0.000,1099.7,191.0,0.5,3,18193,1.000,0.000,-0.006,0.092,-0.029,135.1,1.6,0,1.28,0.470,156.8,353.9,1.000,7.5,15.4,23.1,36.2,55.2,75.1,93.0,110.4,119.6,127.7,135.1,142.0,151.2,161.1,178.5,70.4,36.5,22.0,9.5
1229,24.988,0.000,1100.9,191.9,0.4,3,18274,1.000,0.000,-0.007,0.098,-0.028,134.2,1.5,0,1.28,0.470,155.5,352.6,1.000,7.4,15.4,23.0,36.0,55.1,75.1,93.1,109.9,118.9,126.9,134.2,141.1,150.2,160.0,177.4,70.4,36.6,22.1,9.6
1230,25.010,0.000,1102.1,192.8,0.4,3,18357,1.000,0.000,-0.007,0.104,-0.028,133.4,1.4,0,1.28,0.470,154.1,351.4,1.000,7.4,15.3,22.9,35.9,55.1,75.2,93.4,109.6,118.4,126.2,133.4,140.2,149.2,159.0,176.2,70.4,36.7,22.2,9.6
1231,25.032,0.000,1103.2,193.7,0.4,3,18440,1.000,0.000,-0.007,0.110,-0.027,132.7,1.3,0,1.27,0.470,152.7,350.2,1.000,7.4,15.2,22.8,35.9,55.1,75.4,93.9,109.3,117.9,125.5,132.7,139.4,148.3,158.0,175.2,70.3,36.8,22.2,9.7
1232,25.054,0.000,1104.4,194.6,0.3,3,18522,1.000,0.000,-0.006,0.116,-0.026,132.0,1.2,0,1.27,0.470,151.3,349.1,1.000,7.3,15.1,22.7,35.8,55.2,75.7,94.4,109.0,117.4,124.9,132.0,138.6,147.5,157.1,174.2,70.1,36.8,22.3,9.7
1233,25.076,0.000,1105.6,195.5,0.4,3,18599,1.000,0.000,-0.006,0.121,-0.026,131.3,1.0,0,1.26,0.470,149.9,347.9,1.000,7.3,15.1,22.6,35.8,55.2,76.0,94.7,108.8,116.9,124.3,131.3,137.8,146.6,156.2,173.1,69.9,36.8,22.3,9.8
1234,25.098,0.000,1106.8,196.4,0.3,3,18676,1.000,0.000,-0.006,0.127,-0.025,130.5,0.9,0,1.26,0.470,148.5,346.7,1.000,7.2,15.0,22.5,35.7,55.3,76.3,94.9,108.4,116.4,123.7,130.5,137.0,145.7,155.2,172.0,69.7,36.9,22.4,9.8
1235,25.120,0.000,1108.0,197.3,0.3,3,18756,1.000,0.000,-0.005,0.132,-0.024,129.8,0.8,0,1.25,0.470,147.1,345.5,1.000,7.2,14.9,22.5,35.7,55.3,76.6,95.0,108.0,115.8,123.0,129.8,136.2,144.8,154.2,170.9,69.6,36.9,22.5,9.8
1236,25.142,0.000,1109.2,198.2,0.3,3,18837,1.000,0.000,-0.005,0.137,-0.024,128.9,0.7,0,1.25,0.470,145.7,344.2,1.000,7.2,14.9,22.4,35.6,55.4,76.8,95.0,107.5,115.2,122.3,128.9,135.3,143.8,153.2,169.8,69.5,37.0,22.5,9.9
1237,25.164,0.000,1110.5,199.1,0.3,3,18915,1.000,0.000,-0.005,0.142,-0.023,128.1,0.5,0,1.25,0.470,144.3,342.9,1.000,7.1,14.8,22.3,35.5,55.4,77.0,94.9,107.0,114.5,121.5,128.1,134.4,142.8,152.1,168.6,69.4,37.0,22.6,9.9
1238,25.186,0.000,1111.7,200.0,0.3,3,18988,1.000,0.000,-0.005,0.147,-0.023,127.2,0.3,0,1.24,0.470,142.9,341.5,1.000,7.1,14.7,22.2,35.4,55.4,77.2,94.7,106.5,113.8,120.7,127.2,133.4,141.8,151.0,167.5,69.3,37.1,22.6,10.0
1239,25.208,0.000,1112.9,200.9,0.3,3,19058,1.000,0.000,-0.006,0.152,-0.022,126.3,0.0,0,1.24,0.470,141.5,340.2,1.000,7.0,14.7,22.2,35.4,55.4,77.4,94.4,105.9,113.1,119.9,126.3,132.5,140.8,149.9,166.2,69.2,37.1,22.7,10.0
1240,25.230,0.000,1114.1,201.8,0.3,3,19128,1.000,0.000,-0.006,0.157,-0.022,125.4,-0.2,0,1.24,0.470,140.1,338.8,1.000,7.0,14.6,22.1,35.3,55.5,77.7,94.2,105.3,112.4,119.1,125.4,131.5,139.8,148.8,165.1,69.1,37.2,22.8,10.0
1241,25.252,0.000,1115.4,202.6,0.3,3,19199,1.000,0.000,-0.005,0.162,-0.021,124.6,-0.4,0,1.23,0.470,138.7,337.5,1.000,7.0,14.6,22.0,35.3,55.5,78.0,93.9,104.8,111.7,118.3,124.6,130.6,138.8,147.7,163.9,68.9,37.2,22.8,10.1
1242,25.274,0.000,1116.6,203.5,0.3,3,19270,1.000,0.000,-0.005,0.166,-0.020,123.7,-0.6,0,1.23,0.470,137.3,336.1,1.000,6.9,14.5,22.0,35.2,55.6,78.3,93.6,104.2,111.0,117.5,123.7,129.7,137.7,146.6,162.7,68.8,37.2,22.8,10.1
1243,25.296,0.000,1117.8,204.3,0.3,3,19340,1.000,0.000,-0.005,0.171,-0.020,122.8,-0.8,0,1.23,0.470,135.9,334.7,1.000,6.9,14.5,21.9,35.2,55.7,78.6,93.2,103.5,110.3,116.6,122.8,128.7,136.7,145.5,161.5,68.7,37.2,22.9,10.1
1244,25.318,0.000,1119.1,205.1,0.3,3,19410,1.000,0.000,-0.004,0.175,-0.019,121.8,-1.0,0,1.22,0.470,134.4,333.2,1.000,6.9,14.4,21.8,35.1,55.7,78.9,92.8,102.9,109.5,115.8,121.8,127.7,135.6,144.4,160.2,68.5,37.3,22.9,10.2
1245,25.340,0.000,1120.4,206.0,0.3,3,19477,1.000,0.000,-0.004,0.179,-0.019,120.8,-1.3,0,1.22,0.470,133.0,331.7,1.000,6.8,14.4,21.8,35.1,55.8,79.0,92.3,102.2,108.7,114.9,120.8,126.6,134.5,143.2,158.9,68.5,37.3,23.0,10.2
1246,25.362,0.000,1121.6,206.8,0.3,3,19544,1.000,0.000,-0.005,0.183,-0.018,119.8,-1.5,0,1.22,0.470,131.6,330.2,1.000,6.8,14.3,21.7,35.0,55.8,79.0,91.8,101.4,107.8,113.9,119.8,125.5,133.3,142.0,157.6,68.4,37.3,23.0,10.2
1247,25.384,0.000,1122.9,206.9,0.2,4,15828,1.000,0.000,-0.005,0.187,-0.018,118.8,-15.0,0,1.22,0.470,130.1,328.6,1.000,6.8,14.2,21.6,35.0,55.8,78.9,91.2,100.7,106.9,113.0,118.8,124.5,132.2,140.8,156.3,68.3,37.4,23.1,10.3
1248,25.406,0.000,1124.2,207.2,0.2,4,16085,1.000,0.000,-0.005,0.191,-0.017,117.8,-4.3,0,1.22,0.470,128.7,327.0,1.000,6.7,14.2,21.6,34.9,55.8,78.7,90.7,99.9,106.1,112.0,117.8,123.4,131.0,139.5,155.0,68.2,37.4,23.1,10.3
1249,25.428,0.000,1125.4,207.9,0.2,4,16290,1.000,0.000,-0.004,0.195,-0.017,116.8,-3.9,0,1.22,0.470,127.3,325.5,1.000,6.7,14.1,21.5,34.9,55.9,78.6,90.2,99.2,105.3,111.1,116.8,122.3,129.9,138.4,153.7,68.1,37.4,23.2,10.3
1250,25.450,0.000,1126.7,208.5,0.2,4,16445,1.000,0.000,-0.004,0.199,-0.016,115.8,-4.0,0,1.22,0.470,125.8,323.9,1.000,6.7,14.1,21.5,34.9,56.0,78.4,89.6,98.4,104.4,110.2,115.8,121.3,128.8,137.2,152.4,68.0,37.4,23.2,10.3
1251,25.472,0.000,1128.0,209.2,0.2,4,16565,1.000,0.000,-0.004,0.203,-0.016,114.7,-4.1,0,1.22,0.470,124.4,322.3,1.000,6.7,14.1,21.4,34.8,56.1,78.1,89.0,97.6,103.5,109.2,114.7,120.2,127.6,135.9,151.0,67.9,37.5,23.2,10.4
1252,25.494,0.000,1129.2,209.8,0.2,4,16657,1.000,0.000,-0.004,0.206,-0.015,113.7,-4.2,0,1.22,0.470,123.0,320.7,1.000,6.6,14.0,21.4,34.8,56.1,77.8,88.3,96.8,102.6,108.2,113.7,119.1,126.4,134.7,149.7,67.8,37.5,23.3,10.4
1253,25.516,0.000,1130.5,210.5,0.2,4,16730,1.000,0.000,-0.004,0.210,-0.015,112.6,-4.3,0,1.22,0.470,121.5,319.0,1.000,6.6,14.0,21.3,34.7,56.1,77.4,87.6,96.0,101.6,107.2,112.6,117.9,125.2,133.4,148.3,67.7,37.5,23.3,10.4
1254,25.538,0.000,1131.8,211.1,0.2,4,16789,1.000,0.000,-0.004,0.213,-0.014,111.5,-4.4,0,1.22,0.470,120.1,317.3,1.000,6.6,13.9,21.3,34.7,56.2,77.0,86.9,95.1,100.7,106.2,111.5,116.8,124.0,132.1,146.9,67.7,37.5,23.3,10.4
1255,25.560,0.000,1133.1,211.7,0.2,4,16837,1.000,0.000,-0.004,0.216,-0.014,110.4,-4.4,0,1.22,0.470,118.6,315.6,1.000,6.6,13.9,21.2,34.7,56.2,76.5,86.2,94.2,99.7,105.1,110.4,115.6,122.8,130.8,145.5,67.8,37.6,23.4,10.5
1256,25.582,0.000,1134.4,212.4,0.2,4,16879,1.000,0.000,-0.004,0.219,-0.013,109.3,-4.5,0,1.23,0.470,117.2,313.8,1.000,6.5,13.8,21.2,34.6,56.3,76.1,85.5,93.3,98.8,104.1,109.3,114.4,121.5,129.5,144.1,67.9,37.6,23.4,10.5
1257,25.604,0.000,1135.7,213.0,0.2,4,16916,1.000,0.000,-0.004,0.222,-0.013,108.2,-4.5,0,1.23,0.470,115.7,312.1,1.000,6.5,13.8,21.1,34.6,56.4,75.6,84.8,92.4,97.8,103.0,108.2,113.3,120.3,128.2,142.7,68.1,37.6,23.4,10.5
1258,25.626,0.000,1137.0,213.6,0.2,4,16951,1.000,0.000,-0.004,0.225,-0.013,107.1,-4.5,0,1.23,0.470,114.3,310.3,1.000,6.5,13.8,21.1,34.6,56.4,75.0,84.0,91.6,96.8,102.0,107.1,112.1,119.0,126.9,141.3,68.5,37.6,23.4,10.5
1259,25.648,0.000,1138.3,214.3,0.2,4,16983,1.000,0.000,-0.003,0.228,-0.012,105.9,-4.6,0,1.24,0.470,112.8,308.5,1.000,6.5,13.7,21.1,34.6,56.5,74.5,83.3,90.7,95.8,100.9,105.9,110.9,117.8,125.5,139.8,68.9,37.6,23.5,10.6
1260,25.670,0.000,1139.6,214.9,0.2,4,17011,1.000,0.000,-0.003,0.231,-0.012,104.8,-4.7,0,1.25,0.470,111.4,306.6,1.000,6.4,13.7,21.0,34.5,56.6,73.9,82.5,89.7,94.8,99.8,104.8,109.7,116.5,124.2,138.4,69.6,37.6,23.5,10.6
1261,25.692,0.000,1140.9,215.5,0.2,4,17039,1.000,0.000,-0.004,0.234,-0.011,103.6,-4.8,0,1.26,0.470,109.9,304.8,1.000,6.4,13.7,21.0,34.5,56.6,73.3,81.6,88.8,93.8,98.7,103.6,108.5,115.2,122.8,136.9,70.6,37.6,23.5,10.6
1262,25.714,0.000,1142.3,216.1,0.2,4,17066,1.000,0.000,-0.004,0.237,-0.011,102.4,-4.8,0,1.27,0.470,108.5,302.8,1.000,6.4,13.6,20.9,34.5,56.6,72.7,80.8,87.8,92.7,97.6,102.4,107.2,113.9,121.4,135.4,72.1,37.6,23.5,10.6
1263,25.736,0.000,1143.6,216.8,0.2,4,17094,1.000,0.000,-0.004,0.239,-0.011,101.2,-4.9,0,1.29,0.470,107.0,300.9,1.000,6.4,13.6,20.9,34.5,56.6,72.0,80.0,86.8,91.7,96.5,101.2,106.0,112.6,120.1,134.0,74.3,37.6,23.6,10.6
1264,25.758,0.000,1144.9,217.4,0.2,4,17120,1.000,0.000,-0.034,0.242,-0.010,100.1,-5.0,0,2.17,0.470,105.6,334.5,1.000,6.4,13.6,20.9,34.5,56.5,71.4,79.2,85.9,90.7,95.4,100.1,104.8,111.3,118.7,132.5,161.3,37.6,23.6,10.6
1265,25.780,0.000,1146.2,218.0,0.2,4,17146,1.000,0.000,-0.027,0.244,-0.009,99.6,-5.0,0,2.15,0.470,104.1,333.3,1.000,6.4,13.6,21.0,34.8,57.0,71.4,79.0,85.6,90.3,94.9,99.6,104.2,110.7,118.0,131.7,160.4,37.4,23.5,10.6
1266,25.802,0.000,1147.6,218.6,0.4,4,17172,1.000,0.000,0.015,0.246,-0.006,99.6,-5.0,0,1.28,0.470,102.7,297.4,1.000,6.4,13.7,21.2,35.5,58.1,72.0,79.4,85.9,90.5,95.1,99.6,104.2,110.6,117.8,131.4,76.5,37.0,23.4,10.6
1267,25.824,0.000,1148.9,219.2,0.7,4,17198,1.000,0.000,-0.009,0.248,-0.005,98.9,-4.9,0,2.12,0.470,101.2,331.3,1.000,6.4,13.7,21.3,35.7,58.2,71.7,79.0,85.3,89.8,94.4,98.9,103.4,109.7,116.9,130.3,159.1,36.8,23.3,10.6
1268,25.846,0.000,1150.2,219.8,0.5,4,17225,1.000,0.000,-0.009,0.249,-0.004,97.6,-5.0,0,2.12,0.470,99.8,328.9,1.000,6.3,13.7,21.2,35.7,57.8,70.9,78.0,84.2,88.7,93.1,97.6,102.1,108.3,115.4,128.8,157.2,36.8,23.3,10.6
1269,25.868,0.000,1151.6,220.4,0.4,4,17250,1.000,0.000,-0.006,0.250,-0.004,96.5,-5.1,0,2.12,0.470,98.3,327.0,1.000,6.3,13.7,21.3,35.9,57.6,70.3,77.3,83.4,87.7,92.1,96.5,100.9,107.1,114.1,127.4,155.6,36.7,23.3,10.6
1270,25.890,0.000,1153.0,221.0,0.4,4,17273,1.000,0.000,-0.003,0.252,-0.003,95.5,-5.3,0,2.12,0.470,96.9,325.2,1.000,6.3,13.7,21.3,36.0,57.3,69.7,76.5,82.5,86.8,91.1,95.5,99.8,105.9,112.9,126.0,154.1,36.6,23.3,10.7
1271,25.912,0.000,1154.3,221.7,0.4,4,17297,1.000,0.000,-0.001,0.253,-0.002,94.3,-5.4,0,2.12,0.470,95.4,323.1,1.000,6.3,13.7,21.3,36.1,56.9,69.0,75.6,81.5,85.8,90.0,94.3,98.6,104.6,111.5,124.5,152.4,36.5,23.2,10.7
1272,25.934,0.000,1155.7,222.3,0.3,4,17322,1.000,0.000,-0.001,0.253,-0.002,93.0,-5.4,0,2.12,0.470,94.0,320.8,1.000,6.3,13.7,21.3,36.2,56.4,68.2,74.7,80.4,84.6,88.8,93.0,97.2,103.2,110.0,122.9,150.5,36.5,23.2,10.7
1273,25.956,0.000,1157.0,222.9,0.3,4,17351,1.000,0.000,-0.001,0.254,-0.002,91.6,-5.3,0,2.12,0.470,92.5,318.1,1.000,6.3,13.7,21.3,36.1,55.8,67.2,73.6,79.2,83.3,87.4,91.6,95.8,101.7,108.4,121.2,148.5,36.5,23.2,10.7
1274,25.978,0.000,1158.4,223.5,0.2,4,17375,1.000,0.000,-0.001,0.255,-0.002,90.2,-5.4,0,2.12,0.470,91.1,315.7,1.000,6.3,13.7,21.3,36.1,55.2,66.3,72.5,78.0,82.0,86.1,90.2,94.3,100.1,106.8,119.5,146.5,36.5,23.3,10.7
1275,26.000,0.000,1159.8,224.1,0.1,4,17399,1.000,0.000,-0.001,0.255,-0.002,88.8,-5.6,0,2.13,0.470,89.6,313.3,1.000,6.3,13.6,21.3,36.1,54.5,65.3,71.4,76.8,80.8,84.7,88.8,92.8,98.6,105.2,117.8,144.5,36.5,23.3,10.7
1276,26.022,0.000,1161.1,224.7,0.1,4,17422,1.000,0.000,-0.002,0.256,-0.002,87.4,-5.7,0,2.13,0.470,88.2,310.9,1.000,6.3,13.6,21.3,36.1,53.9,64.4,70.3,75.6,79.5,83.4,87.4,91.4,97.0,103.6,116.0,142.5,36.6,23.3,10.7
1277,26.044,0.000,1162.5,225.3,0.1,4,17445,1.000,0.000,-0.001,0.256,-0.002,86.0,-5.8,0,2.13,0.470,86.7,308.6,1.000,6.3,13.6,21.3,36.1,53.2,63.4,69.2,74.4,78.2,82.1,86.0,89.9,95.5,102.0,114.3,140.5,36.6,23.3,10.7
1278,26.066,0.000,1163.9,225.8,0.1,4,17472,1.000,0.000,-0.001,0.257,-0.002,84.6,-5.8,0,2.14,0.470,85.3,306.1,1.000,6.3,13.6,21.3,36.0,52.5,62.5,68.1,73.2,76.9,80.7,84.6,88.5,94.0,100.4,112.6,138.5,36.6,23.3,10.7
1279,26.088,0.000,1165.3,226.4,0.1,4,17496,1.000,0.000,-0.001,0.257,-0.001,83.2,-5.8,0,2.14,0.470,83.8,303.6,1.000,6.3,13.6,21.3,35.9,51.9,61.5,67.0,72.0,75.7,79.4,83.2,87.0,92.5,98.8,110.9,136.5,36.7,23.3,10.7
1280,26.110,0.000,1166.6,227.0,0.1,4,17520,1.000,0.000,-0.001,0.258,-0.001,81.8,-5.9,0,2.15,0.470,82.4,301.1,1.000,6.3,13.6,21.3,35.7,51.1,60.5,65.9,70.8,74.4,78.1,81.8,85.6,90.9,97.2,109.1,134.4,36.9,23.3,10.7
1281,26.132,0.000,1168.0,227.6,0.1,4,17544,1.000,0.000,-0.001,0.258,-0.001,80.4,-6.0,0,2.16,0.470,80.9,298.6,1.000,6.3,13.6,21.3,35.5,50.4,59.6,64.8,69.6,73.1,76.7,80.4,84.1,89.4,95.5,107.4,132.4,37.0,23.3,10.7
1282,26.154,0.000,1169.4,228.2,0.1,4,17567,1.000,0.000,-0.008,0.258,-0.001,79.0,-6.1,0,2.16,0.457,79.4,296.1,1.000,6.3,13.6,21.3,35.3,49.7,58.6,63.7,68.4,71.8,75.4,79.0,82.6,87.8,93.9,105.6,130.4,37.3,23.3,10.7
1283,26.176,0.000,1170.8,228.8,0.1,4,17592,1.000,0.000,-0.023,0.259,-0.001,77.7,-6.2,0,2.17,0.422,78.0,293.7,1.000,6.3,13.6,21.3,35.1,49.1,57.7,62.7,67.3,70.7,74.1,77.7,81.3,86.4,92.4,104.0,128.5,37.5,23.2,10.7
1284,26.198,0.000,1172.2,229.4,0.1,4,17616,1.000,0.000,-0.034,0.259,0.001,76.8,-6.2,0,2.17,0.388,76.8,292.0,1.000,6.3,13.7,21.5,35.1,48.7,57.2,62.1,66.6,69.9,73.3,76.8,80.3,85.4,91.4,102.8,127.2,37.6,23.2,10.7
1285,26.220,0.000,1173.6,230.0,0.3,4,17641,1.000,0.000,-0.037,0.259,0.004,76.4,-6.2,0,2.16,0.353,76.4,291.2,1.000,6.3,13.8,21.8,35.3,48.7,57.1,61.9,66.3,69.6,73.0,76.4,79.9,85.0,90.8,102.2,126.5,37.4,23.0,10.6
1286,26.242,0.000,1175.0,230.5,0.7,4,17666,1.000,0.000,-0.035,0.258,0.007,76.4,-6.3,0,2.13,0.319,76.4,291.1,1.000,6.3,14.0,22.2,35.7,49.0,57.3,62.0,66.4,69.7,73.0,76.4,79.9,84.9,90.7,102.0,126.4,37.0,22.7,10.6
1287,26.264,0.000,1176.4,231.1,1.0,4,17690,1.000,0.000,-0.031,0.257,0.011,76.5,-6.3,0,2.11,0.286,76.5,291.2,1.000,6.4,14.2,22.6,36.2,49.3,57.5,62.2,66.6,69.8,73.1,76.5,79.9,84.9,90.7,101.9,126.5,36.5,22.4,10.5
1288,26.286,0.000,1177.9,231.7,1.2,4,17713,1.000,0.000,-0.028,0.255,0.015,76.5,-6.4,0,2.09,0.252,76.5,291.1,1.000,6.4,14.4,23.0,36.5,49.6,57.6,62.3,66.6,69.8,73.1,76.5,79.9,84.8,90.5,101.7,126.4,36.2,22.2,10.5
1289,26.308,0.000,1179.3,232.2,1.3,4,17737,1.000,0.000,-0.027,0.252,0.018,76.2,-6.4,0,2.08,0.219,76.2,290.6,1.000,6.5,14.6,23.3,36.8,49.6,57.6,62.2,66.5,69.7,72.9,76.2,79.6,84.5,90.2,101.3,126.0,35.9,22.0,10.4
1290,26.330,0.000,1180.7,232.8,1.4,4,17760,1.000,0.000,-0.026,0.249,0.021,75.8,-6.5,0,2.07,0.187,75.8,289.9,1.000,6.5,14.8,23.6,36.9,49.6,57.4,62.0,66.2,69.4,72.6,75.8,79.2,84.0,89.7,100.7,125.5,35.8,21.8,10.4
1291,26.352,0.000,1182.1,233.4,1.4,4,17785,1.000,0.000,-0.026,0.245,0.024,75.4,-6.5,0,2.06,0.155,75.4,289.1,1.000,6.6,15.0,23.8,37.0,49.5,57.2,61.7,65.9,69.0,72.1,75.4,78.7,83.5,89.1,100.0,124.9,35.7,21.6,10.3
1292,26.374,0.000,1183.5,233.9,1.3,4,17809,1.000,0.000,-0.025,0.240,0.027,74.9,-6.6,0,2.05,0.123,74.9,288.2,1.000,6.6,15.2,24.0,37.0,49.3,56.9,61.4,65.5,68.5,71.7,74.9,78.2,82.9,88.5,99.3,124.3,35.6,21.5,10.3
1293,26.396,0.000,1185.0,234.5,1.3,4,17828,1.000,0.000,-0.025,0.235,0.030,74.3,-6.8,0,2.04,0.092,74.3,287.2,1.000,6.7,15.4,24.2,37.0,49.1,56.6,61.0,65.1,68.1,71.2,74.3,77.6,82.3,87.8,98.5,123.5,35.6,21.3,10.2
1294,26.418,0.000,1186.4,235.0,1.3,4,17859,1.000,0.000,-0.024,0.229,0.032,73.8,-6.8,0,2.04,0.062,73.8,286.2,1.000,6.8,15.6,24.3,36.9,48.9,56.3,60.6,64.6,67.6,70.6,73.8,77.0,81.6,87.1,97.7,122.8,35.6,21.2,10.1
1295,26.440,0.000,1187.8,235.6,1.2,4,17901,1.000,0.000,-0.023,0.222,0.035,73.1,-6.9,0,2.04,0.031,73.1,285.1,1.000,6.8,15.7,24.4,36.8,48.6,55.9,60.1,64.1,67.0,70.0,73.1,76.3,80.9,86.3,96.8,121.9,35.7,21.1,10.0
1296,26.462,0.000,1189.3,236.1,1.2,4,17943,1.000,0.000,-0.022,0.215,0.037,72.4,-6.9,0,2.04,0.001,72.4,283.9,1.000,6.9,15.9,24.5,36.7,48.3,55.4,59.6,63.5,66.4,69.4,72.4,75.6,80.1,85.5,95.9,121.1,35.9,21.0,9.9
1297,26.484,0.000,1190.7,236.7,1.2,4,17985,1.000,0.000,-0.017,0.207,0.040,71.8,-6.9,0,2.04,-0.008,71.8,282.6,1.000,7.0,16.0,24.5,36.6,47.9,55.0,59.1,62.9,65.8,68.7,71.8,74.9,79.4,84.7,95.0,120.2,36.0,20.9,9.9
1298,26.506,0.000,1192.2,237.3,1.1,4,18017,1.000,0.000,-0.011,0.198,0.042,71.0,-7.2,0,2.04,-0.013,71.0,281.2,1.000,7.1,16.1,24.5,36.4,47.5,54.4,58.5,62.3,65.1,68.0,71.0,74.0,78.5,83.7,94.0,119.1,36.4,20.9,9.8
1299,26.528,0.000,1193.6,237.8,1.1,4,18056,1.000,0.000,-0.006,0.189,0.043,70.0,-7.3,0,2.05,-0.015,70.0,279.2,1.000,7.2,16.1,24.4,36.1,46.9,53.7,57.7,61.4,64.2,67.0,70.0,73.0,77.4,82.5,92.7,117.7,36.9,20.9,9.7
1300,26.550,0.000,1195.1,238.4,0.9,4,18098,1.000,0.000,-0.003,0.179,0.044,68.7,-7.3,0,2.06,-0.016,68.7,276.6,1.000,7.3,16.1,24.3,35.6,46.2,52.8,56.7,60.3,63.0,65.8,68.7,71.7,76.0,81.1,91.1,115.8,37.8,21.0,9.7
1301,26.572,0.000,1196.5,238.9,0.7,4,18141,1.000,0.000,-0.001,0.169,0.045,67.3,-7.3,0,2.09,-0.016,67.3,273.6,1.000,7.3,16.1,24.1,35.0,45.3,51.8,55.6,59.1,61.8,64.5,67.3,70.2,74.5,79.5,89.4,113.7,38.9,21.1,9.6
1302,26.594,0.000,1198.0,239.4,0.6,4,18183,1.000,0.000,-0.021,0.160,0.040,65.8,-7.3,0,2.12,-0.013,65.8,270.3,1.000,7.4,16.0,23.8,34.4,44.4,50.6,54.3,57.8,60.4,63.1,65.8,68.7,72.8,77.8,87.5,111.4,40.5,21.3,9.6
1303,26.616,0.000,1199.5,240.0,0.4,4,18213,1.000,0.000,-0.043,0.151,0.036,64.6,-7.6,0,2.16,-0.010,64.6,267.6,1.000,7.4,16.0,23.6,33.9,43.6,49.7,53.3,56.7,59.2,61.9,64.6,67.4,71.5,76.3,86.0,109.5,42.1,21.4,9.5
1304,26.638,0.000,1200.9,240.5,0.5,4,18254,1.000,0.000,-0.056,0.143,0.033,63.9,-7.6,0,2.18,-0.008,63.9,266.5,1.000,7.4,16.0,23.5,33.7,43.3,49.3,52.8,56.2,58.7,61.3,63.9,66.7,70.8,75.6,85.1,108.8,43.0,21.5,9.5
1305,26.660,0.000,1202.4,241.1,0.9,4,18299,1.000,0.000,-0.058,0.136,0.032,63.9,-7.4,0,2.18,-0.006,63.9,267.1,1.000,7.5,16.1,23.6,33.8,43.3,49.3,52.9,56.2,58.7,61.2,63.9,66.7,70.7,75.5,85.0,109.2,42.9,21.4,9.5
1306,26.682,0.000,1203.9,241.6,1.4,4,18346,1.000,0.000,-0.055,0.129,0.033,64.3,-7.3,0,2.16,-0.005,64.3,268.9,1.000,7.6,16.2,23.8,34.1,43.6,49.6,53.2,56.5,59.0,61.6,64.3,67.0,71.0,75.8,85.4,110.4,42.1,21.2,9.4
1307,26.704,0.000,1205.3,242.1,1.9,4,18390,1.000,0.000,-0.051,0.123,0.033,64.7,-7.2,0,2.15,-0.004,64.7,271.2,1.000,7.6,16.4,24.0,34.4,44.0,50.0,53.6,56.9,59.4,62.0,64.7,67.5,71.5,76.3,85.9,112.0,41.2,21.0,9.3
1308,26.726,0.000,1206.8,242.6,2.2,4,18422,1.000,0.000,-0.048,0.117,0.034,65.0,-7.3,0,2.15,-0.003,65.0,273.4,1.000,7.7,16.5,24.2,34.6,44.3,50.3,53.9,57.2,59.7,62.3,65.0,67.8,71.8,76.7,86.3,113.5,40.6,20.8,9.3
1309,26.748,0.000,1208.3,243.1,2.4,4,18459,1.000,0.000,-0.048,0.111,0.034,65.2,-7.4,0,2.16,-0.002,65.2,275.2,1.000,7.7,16.6,24.3,34.8,44.4,50.5,54.1,57.4,59.9,62.5,65.2,67.9,72.0,76.8,86.5,114.8,40.2,20.7,9.2
1310,26.770,0.000,1209.8,243.6,2.4,4,18498,1.000,0.000,-0.051,0.105,0.033,65.2,-7.4,0,2.17,-0.002,65.2,276.7,1.000,7.8,16.7,24.4,34.8,44.5,50.5,54.1,57.4,59.9,62.5,65.2,67.9,72.0,76.7,86.5,115.9,40.1,20.6,9.2
1311,26.792,0.000,1211.3,244.1,2.4,4,18539,1.000,0.000,-0.054,0.099,0.033,65.1,-7.3,0,2.18,-0.001,65.1,278.3,1.000,7.8,16.7,24.5,34.9,44.5,50.5,54.1,57.4,59.9,62.5,65.1,67.9,71.9,76.7,86.6,117.0,40.0,20.6,9.1
1312,26.814,0.000,1212.8,244.7,2.5,4,18579,1.000,0.000,-0.056,0.094,0.032,65.2,-7.3,0,2.20,-0.001,65.2,280.4,1.000,7.9,16.8,24.6,35.0,44.6,50.6,54.1,57.4,59.9,62.5,65.2,67.9,71.9,76.7,86.9,118.5,39.8,20.5,9.1
1313,26.836,0.000,1214.2,245.2,2.5,4,18614,1.000,0.000,-0.057,0.088,0.032,65.3,-7.4,0,2.22,-0.001,65.3,283.0,1.000,7.9,16.9,24.7,35.1,44.7,50.7,54.3,57.6,60.0,62.6,65.3,68.0,72.0,76.8,87.3,120.4,39.5,20.4,9.1
1314,26.858,0.000,1215.7,245.7,2.6,4,18649,1.000,0.000,-0.057,0.083,0.032,65.4,-7.5,0,2.25,-0.001,65.4,286.1,1.000,8.0,17.0,24.8,35.3,44.9,50.9,54.4,57.7,60.2,62.8,65.4,68.2,72.2,77.0,87.8,122.7,39.1,20.2,9.0
1315,26.880,0.000,1217.2,246.2,2.7,4,18687,1.000,0.000,-0.057,0.078,0.032,65.6,-7.5,0,2.28,-0.000,65.6,289.6,1.000,8.0,17.1,24.9,35.4,45.0,51.0,54.6,57.9,60.4,62.9,65.6,68.3,72.3,77.2,88.5,125.3,38.8,20.1,9.0
1316,26.902,0.000,1218.7,246.6,2.7,4,18726,1.000,0.000,-0.058,0.072,0.032,65.7,-7.5,0,2.32,-0.000,65.7,293.4,1.000,8.0,17.2,25.1,35.5,45.2,51.2,54.7,58.0,60.5,63.1,65.7,68.5,72.5,77.5,89.2,128.1,38.4,20.0,8.9
1317,26.924,0.000,1220.2,247.1,2.8,4,18764,1.000,0.000,-0.058,0.067,0.032,65.9,-7.5,0,2.36,-0.000,65.9,297.7,1.000,8.1,17.2,25.2,35.7,45.3,51.3,54.9,58.2,60.7,63.2,65.9,68.6,72.7,77.9,90.1,131.4,38.1,19.9,8.9
1318,26.946,0.000,1221.8,247.6,2.8,4,18800,1.000,0.000,-0.058,0.062,0.032,66.1,-7.5,0,2.42,-0.000,66.1,302.7,1.000,8.1,17.3,25.3,35.9,45.5,51.5,55.1,58.4,60.9,63.4,66.1,68.8,73.0,78.4,91.1,135.3,37.7,19.8,8.8
1319,26.968,0.000,1223.3,248.1,2.8,4,18834,1.000,0.000,-0.058,0.057,0.032,66.3,-7.6,0,2.48,-0.000,66.3,308.2,1.000,8.2,17.4,25.4,36.0,45.7,51.7,55.2,58.6,61.0,63.6,66.3,69.0,73.3,78.9,92.2,139.6,37.4,19.7,8.8
1320,26.990,0.000,1224.8,248.6,2.9,4,18870,1.000,0.000,-0.059,0.051,0.032,66.4,-7.6,0,2.56,-0.000,66.4,314.3,1.000,8.2,17.5,25.5,36.1,45.8,51.8,55.4,58.7,61.2,63.7,66.4,69.3,73.7,79.5,93.5,144.5,37.0,19.6,8.7
1321,27.012,0.000,1226.3,249.1,2.9,4,18905,1.000,0.000,-0.060,0.046,0.032,66.6,-7.7,0,2.64,-0.000,66.6,321.1,1.000,8.3,17.6,25.7,36.3,46.0,52.0,55.6,58.9,61.3,63.9,66.6,69.6,74.2,80.3,94.9,150.1,36.7,19.5,8.7
1322,27.034,0.000,1227.8,249.6,2.9,4,18939,1.000,0.000,-0.062,0.041,0.033,66.9,-7.7,0,2.74,-0.000,66.9,329.1,1.000,8.3,17.7,25.8,36.4,46.1,52.2,55.7,59.0,61.5,64.1,66.9,69.9,74.7,81.1,96.6,156.7,36.4,19.3,8.7
1323,27.056,0.000,1229.3,250.0,2.9,4,18974,1.000,0.000,-0.063,0.036,0.033,67.3,-7.8,0,2.86,-0.000,67.3,338.4,1.000,8.4,17.8,25.9,36.6,46.3,52.4,55.9,59.2,61.7,64.4,67.3,70.4,75.5,82.1,98.6,164.7,36.0,19.2,8.6
1324,27.078,0.000,1230.9,250.5,3.0,4,19007,1.000,0.000,-0.064,0.030,0.033,67.8,-7.8,0,3.00,-0.000,67.8,254.8,1.000,8.4,17.9,26.1,36.8,46.5,52.6,56.2,59.5,62.0,64.8,67.8,71.1,76.3,83.4,100.9,174.6,35.6,19.1,8.6
1325,27.100,0.000,1232.4,251.0,3.0,4,19041,1.000,0.000,-0.067,0.025,0.034,68.4,-7.9,0,3.17,-0.004,68.4,259.0,1.000,8.5,18.0,26.2,37.0,46.8,52.9,56.4,59.8,62.4,65.3,68.4,71.9,77.4,84.9,103.7,186.8,35.2,19.0,8.5
1326,27.122,0.000,1234.0,251.4,3.1,4,19074,1.000,0.000,-0.069,0.019,0.034,69.2,-7.9,0,3.34,-0.006,69.2,264.0,1.000,8.5,18.1,26.4,37.3,47.1,53.2,56.7,60.2,62.9,65.9,69.2,72.9,78.7,86.7,107.1,200.0,34.7,18.8,8.5
1327,27.144,0.000,1235.5,251.9,3.2,4,19106,1.000,0.000,-0.062,0.014,0.035,70.2,-8.0,0,3.30,-0.007,70.2,269.9,1.000,8.6,18.3,26.6,37.5,47.4,53.5,57.1,60.7,63.6,66.8,70.2,74.1,80.4,88.9,111.1,200.0,34.1,18.6,8.4
1328,27.166,0.000,1237.0,252.3,3.2,4,19138,1.000,0.000,-0.055,0.008,0.035,71.3,-8.1,0,3.27,-0.006,71.3,276.2,1.000,8.6,18.4,26.8,37.8,47.7,53.8,57.6,61.3,64.3,67.6,71.3,75.4,82.1,91.3,115.6,200.0,33.7,18.5,8.4
1329,27.188,0.000,1238.6,252.8,3.2,4,19171,1.000,0.000,-0.049,0.002,0.035,72.3,-8.1,0,3.25,-0.004,72.3,376.6,1.000,8.7,18.5,26.9,37.9,47.8,54.0,57.9,61.8,64.9,68.4,72.3,76.6,83.7,93.6,120.1,200.0,33.4,18.4,8.3
1330,27.210,0.000,1240.1,253.2,3.1,4,19200,1.000,0.000,-0.047,-0.003,0.035,73.1,-8.3,0,3.23,-0.002,73.1,376.5,1.000,8.7,18.6,27.0,38.0,47.9,54.1,58.1,62.2,65.4,69.1,73.1,77.7,85.1,95.6,124.5,200.0,33.2,18.3,8.3
1331,27.232,0.000,1241.7,253.7,3.0,4,19228,1.000,0.000,-0.047,-0.009,0.034,73.8,-8.5,0,3.22,-0.000,73.8,376.5,1.000,8.8,18.6,27.0,38.0,47.8,54.1,58.3,62.4,65.8,69.6,73.8,78.6,86.4,97.6,128.9,200.0,33.2,18.2,8.2
1332,27.254,0.000,1243.2,254.1,2.8,4,19257,1.000,0.000,-0.029,-0.015,0.032,74.5,-8.6,0,3.21,0.011,74.5,376.4,1.000,8.8,18.6,27.0,37.9,47.7,54.1,58.4,62.7,66.2,70.1,74.5,79.5,87.7,99.6,133.4,200.0,33.3,18.2,8.2
1333,27.276,0.000,1244.8,254.5,2.6,4,19286,1.000,0.000,-0.016,-0.020,0.030,74.7,-8.8,0,3.22,0.027,74.7,376.4,1.000,8.8,18.6,26.9,37.7,47.4,53.9,58.2,62.6,66.2,70.2,74.7,79.9,88.5,100.9,136.9,200.0,33.7,18.2,8.2
1334,27.298,0.000,1246.3,255.0,2.3,4,19319,1.000,0.000,-0.012,-0.025,0.027,74.2,-8.9,0,3.25,0.045,74.2,376.0,1.000,8.8,18.5,26.7,37.2,46.7,53.3,57.6,62.0,65.6,69.7,74.2,79.5,88.2,100.8,138.1,200.0,34.6,18.4,8.1
1335,27.320,0.000,1247.9,255.5,1.8,4,19346,1.000,0.000,-0.014,-0.029,0.022,73.2,-9.1,0,3.31,0.067,73.2,376.0,1.000,8.8,18.4,26.3,36.6,45.9,52.4,56.7,61.0,64.6,68.6,73.2,78.4,87.1,99.8,137.3,200.0,36.1,18.6,8.2
1336,27.342,0.000,1249.5,255.9,1.4,4,19374,1.000,0.000,-0.018,-0.032,0.017,72.0,-9.2,0,3.37,0.090,72.0,376.1,1.000,8.8,18.2,26.0,35.9,45.0,51.4,55.7,60.0,63.5,67.5,72.0,77.2,85.8,98.5,136.0,200.0,38.0,18.8,8.2
1337,27.364,0.000,1251.0,256.3,1.2,4,19404,1.000,0.000,-0.021,-0.035,0.012,71.0,-9.4,0,3.43,0.118,71.0,376.0,1.000,8.8,18.0,25.6,35.3,44.2,50.6,54.7,59.0,62.5,66.5,71.0,76.2,84.8,97.4,135.3,200.0,40.3,19.1,8.2
1338,27.386,0.000,1252.6,256.8,1.0,4,19436,1.000,0.000,-0.022,-0.036,0.008,70.2,-9.4,0,3.49,0.147,70.2,375.9,1.000,8.8,17.8,25.3,34.7,43.5,49.8,54.0,58.2,61.7,65.7,70.2,75.4,84.1,96.8,135.4,200.0,42.4,19.3,8.2
1339,27.408,0.000,1254.2,257.2,1.0,4,19473,1.000,0.000,-0.021,-0.037,0.004,69.7,-9.3,0,3.53,0.181,69.7,375.5,1.000,8.7,17.7,24.9,34.2,42.9,49.2,53.3,57.6,61.1,65.1,69.7,74.9,83.7,96.7,136.5,200.0,44.0,19.6,8.2
1340,27.430,0.000,1255.7,257.6,1.0,4,19501,1.000,0.000,-0.018,-0.036,-0.000,69.2,-9.5,0,3.57,0.217,69.2,375.5,1.000,8.7,17.5,24.6,33.7,42.3,48.6,52.8,57.1,60.6,64.6,69.2,74.5,83.5,96.8,138.2,200.0,45.4,19.9,8.3
1341,27.452,0.000,1257.3,257.5,1.0,5,17469,1.000,0.000,-0.013,-0.035,-0.004,68.7,-18.9,0,3.62,0.261,71.1,375.7,1.000,8.6,17.3,24.3,33.1,41.7,48.0,52.1,56.5,60.0,64.1,68.7,74.1,83.2,96.8,139.8,200.0,46.8,20.3,8.3
1342,27.474,0.000,1258.9,257.6,1.0,5,17652,1.000,0.000,-0.012,-0.032,-0.008,68.0,-10.3,0,3.67,0.307,73.1,375.5,1.000,8.6,17.1,23.9,32.5,41.0,47.2,51.4,55.7,59.3,63.3,68.0,73.4,82.6,96.4,140.5,200.0,48.3,20.7,8.4
1343,27.496,0.000,1260.5,258.0,0.9,5,17661,1.000,0.000,-0.006,-0.028,-0.013,67.0,-10.0,0,3.73,0.366,75.6,375.4,1.000,8.5,16.9,23.5,31.9,40.2,46.4,50.5,54.8,58.4,62.4,67.0,72.4,81.6,95.5,140.3,200.0,50.0,21.2,8.5
1344,27.518,0.000,1262.0,258.4,0.8,5,17678,1.000,0.000,-0.004,-0.023,-0.018,65.9,-10.0,0,3.81,0.426,78.1,374.9,1.000,8.4,16.6,23.0,31.2,39.4,45.5,49.5,53.8,57.3,61.3,65.9,71.2,80.3,94.2,139.2,200.0,51.8,21.7,8.5
1345,27.540,0.000,1263.6,258.8,0.7,5,17685,1.000,0.000,-0.014,-0.017,-0.024,64.4,-10.2,0,3.90,0.470,81.2,375.0,1.000,8.3,16.3,22.5,30.4,38.5,44.4,48.4,52.6,56.0,59.9,64.4,69.7,78.7,92.3,136.9,200.0,53.8,22.4,8.7
1346,27.562,0.000,1265.2,259.1,0.6,5,17696,1.000,0.000,-0.045,-0.009,-0.029,63.2,-10.3,0,3.98,0.470,84.9,375.2,1.000,8.2,16.0,22.0,29.7,37.6,43.4,47.4,51.5,54.9,58.7,63.2,68.4,77.3,90.8,135.4,200.0,55.5,23.2,8.8
1347,27.584,0.000,1266.8,259.5,0.6,5,17709,1.000,0.000,-0.065,-0.001,-0.032,63.0,-10.3,0,4.01,0.470,88.7,375.2,1.000,8.2,15.7,21.6,29.2,37.1,43.0,46.9,51.1,54.5,58.4,63.0,68.3,77.5,91.6,139.0,200.0,56.0,23.8,8.9
1348,27.606,0.000,1268.4,259.9,1.0,5,17728,1.000,0.000,-0.071,0.009,-0.033,64.4,-10.1,0,3.96,0.470,93.4,374.9,1.000,8.1,15.6,21.4,29.1,37.2,43.2,47.4,51.7,55.3,59.5,64.4,70.2,80.2,95.9,151.5,200.0,54.8,24.1,9.0
1349,27.628,0.000,1270.0,260.2,1.7,5,17749,1.000,0.000,-0.067,0.019,-0.032,67.3,-9.8,0,3.85,0.470,99.4,374.3,1.000,8.0,15.5,21.3,29.1,37.6,44.1,48.5,53.2,57.2,61.8,67.3,73.8,85.3,104.0,176.1,200.0,52.7,24.1,9.1
1350,27.650,0.000,1271.5,260.6,2.4,5,17759,1.000,0.000,-0.059,0.029,-0.030,71.2,-9.8,0,3.73,0.470,106.9,374.4,1.000,7.9,15.4,21.2,29.4,38.3,45.3,50.1,55.3,59.7,65.0,71.2,78.7,92.5,115.5,200.0,200.0,50.5,24.1,9.1
1351,27.672,0.000,1273.1,260.9,2.9,5,17770,1.000,0.000,-0.051,0.040,-0.028,75.5,-9.9,0,3.50,0.470,116.2,374.7,1.000,7.9,15.3,21.2,29.6,39.0,46.5,51.8,57.5,62.5,68.3,75.5,84.3,100.7,129.7,200.0,190.2,48.8,24.1,9.2
1352,27.694,0.000,1274.7,261.2,3.1,5,17781,1.000,0.000,-0.043,0.050,-0.028,79.5,-10.0,0,3.12,0.470,128.0,374.5,1.000,7.8,15.1,21.1,29.7,39.5,47.4,53.1,59.4,64.8,71.4,79.5,89.6,109.0,144.9,200.0,162.0,47.7,24.1,9.3
1353,27.716,0.000,1276.3,261.6,3.0,5,17804,1.000,0.000,-0.047,0.061,-0.029,82.8,-9.7,0,2.90,0.470,143.3,374.1,1.000,7.7,14.9,20.9,29.6,39.8,48.1,54.1,60.8,66.7,73.9,82.8,94.2,116.6,160.3,200.0,146.1,47.0,24.3,9.4
1354,27.738,0.000,1277.9,261.9,2.9,5,17812,1.000,0.000,-0.054,0.072,-0.031,86.5,-9.8,0,2.72,0.470,163.7,373.6,1.000,7.6,14.7,20.7,29.6,40.1,48.8,55.2,62.4,68.7,76.6,86.5,99.3,125.4,179.0,200.0,134.3,46.4,24.4,9.5
1355,27.760,0.000,1279.5,262.3,2.8,5,17819,1.000,0.000,-0.059,0.084,-0.032,91.4,-10.0,0,2.56,0.470,187.0,373.9,1.000,7.5,14.5,20.6,29.7,40.6,49.8,56.6,64.4,71.4,80.2,91.4,106.2,137.5,200.0,200.0,123.5,45.7,24.5,9.6
1356,27.782,0.000,1281.1,262.6,2.8,5,17838,1.000,0.000,-0.062,0.095,-0.033,98.2,-10.1,0,2.39,0.470,192.4,374.2,1.000,7.4,14.4,20.5,29.9,41.3,51.2,58.6,67.3,75.1,85.1,98.2,116.0,155.6,200.0,200.0,113.5,44.8,24.4,9.8
1357,27.804,0.000,1282.7,263.0,2.8,5,17857,1.000,0.000,-0.064,0.107,-0.033,107.2,-10.2,0,2.21,0.470,197.3,374.2,1.000,7.3,14.3,20.5,30.2,42.2,52.9,61.1,70.8,79.8,91.5,107.2,129.3,182.0,200.0,200.0,104.8,43.9,24.4,9.9
1358,27.826,0.000,1284.3,263.3,2.9,5,17898,1.000,0.000,-0.066,0.119,-0.033,119.3,-9.7,0,2.04,0.470,200.0,373.5,1.000,7.2,14.2,20.6,30.6,43.4,55.1,64.3,75.3,85.9,99.9,119.3,148.1,200.0,200.0,200.0,97.0,42.9,24.2,10.0
1359,27.848,0.000,1285.9,263.6,3.1,5,17917,1.000,0.000,-0.064,0.130,-0.032,137.5,-9.8,0,1.85,0.470,200.0,373.0,1.000,7.1,14.2,20.7,31.2,45.0,58.0,68.6,81.6,94.4,111.9,137.5,178.3,200.0,200.0,200.0,89.8,41.7,24.0,10.0
1360,27.870,0.000,1287.5,263.9,3.2,5,17934,1.000,0.000,-0.061,0.142,-0.032,164.5,-10.0,0,1.65,0.470,200.0,373.5,1.000,7.0,14.2,20.9,31.9,47.0,61.7,74.0,89.7,105.7,128.7,164.5,200.0,200.0,200.0,200.0,83.5,40.6,23.8,10.1
1361,27.892,0.000,1289.1,264.3,3.3,5,17951,1.000,0.000,-0.059,0.154,-0.032,200.0,-10.1,0,1.43,0.470,200.0,373.5,1.000,6.9,14.2,21.1,32.7,49.2,65.8,80.3,99.5,120.0,151.2,200.0,200.0,200.0,200.0,189.8,78.3,39.6,23.6,10.1
1362,27.914,0.000,1290.8,264.6,3.3,5,17969,1.000,0.000,-0.041,0.166,-0.028,200.0,-10.2,0,1.21,0.470,200.0,373.1,1.000,6.9,14.2,21.3,33.5,51.3,70.0,87.0,110.4,136.7,179.4,200.0,200.0,200.0,200.0,166.9,74.3,38.7,23.4,10.2
1363,27.936,0.000,1292.4,264.9,3.2,5,18022,1.000,0.000,-0.018,0.176,-0.023,200.0,-9.5,0,1.04,0.470,200.0,371.0,1.000,6.8,14.2,21.4,34.1,53.3,74.1,93.7,121.9,155.3,200.0,200.0,200.0,200.0,200.0,151.1,71.3,38.1,23.2,10.2
1364,27.958,0.000,1294.0,265.3,3.0,5,18029,1.000,0.000,-0.147,0.185,-0.020,200.0,-10.0,0,0.95,0.000,200.0,370.3,1.000,6.8,14.2,21.5,34.6,54.6,77.1,98.9,131.3,171.4,200.0,200.0,200.0,200.0,200.0,142.3,69.6,37.7,23.2,10.3
1365,27.980,0.000,1295.6,265.6,2.5,5,18043,1.000,0.000,-0.115,0.193,-0.014,200.0,-9.7,0,0.77,0.000,200.0,371.1,1.000,6.8,14.3,21.8,35.6,57.6,83.5,110.0,152.1,200.0,200.0,200.0,200.0,200.0,195.3,129.2,66.5,36.9,22.9,10.3
1366,28.002,0.000,1297.2,265.9,3.1,5,18063,1.000,0.000,-0.060,0.198,-0.005,200.0,-9.8,0,0.48,0.000,200.0,371.2,1.000,6.8,14.6,22.6,38.0,64.6,99.5,139.8,200.0,200.0,200.0,200.0,200.0,197.3,182.7,110.6,61.4,35.4,22.4,10.2
1367,28.024,0.000,1298.9,266.2,3.8,5,18081,1.000,0.000,-0.008,0.202,0.004,200.0,-10.2,0,0.17,0.000,200.0,371.3,1.000,6.8,14.9,23.4,40.5,72.6,120.2,200.0,200.0,200.0,200.0,200.0,198.3,189.0,152.2,98.1,57.4,34.1,21.9,10.2
1368,28.046,0.000,1300.5,266.5,3.9,5,18133,1.000,0.000,0.018,0.204,0.009,200.0,-9.5,0,0.06,0.000,200.0,368.7,1.000,6.8,15.0,23.9,42.1,78.0,136.1,200.0,200.0,200.0,200.0,199.2,193.8,182.1,138.5,92.3,55.4,33.4,21.7,10.1
1369,28.068,0.000,1302.1,266.9,3.2,5,18132,1.000,0.000,0.020,0.205,0.009,200.0,-10.3,0,0.05,0.000,200.0,368.9,1.000,6.8,15.0,23.9,42.2,78.2,137.0,200.0,200.0,200.0,200.0,197.5,192.1,180.6,137.9,92.0,55.4,33.4,21.7,10.1
1370,28.090,0.000,1303.8,267.3,1.9,5,18140,1.000,0.000,0.005,0.206,0.006,200.0,-10.8,0,0.11,0.000,200.0,370.3,1.000,6.8,14.9,23.6,41.2,75.0,127.5,200.0,200.0,200.0,200.0,197.3,192.3,182.6,145.1,95.2,56.5,33.8,21.8,10.2
1371,28.112,0.000,1305.4,267.6,0.9,5,18155,1.000,0.000,-0.010,0.206,0.004,200.0,-11.1,0,0.17,0.000,200.0,370.7,1.000,6.8,14.8,23.3,40.3,71.9,118.8,200.0,200.0,200.0,200.0,197.1,192.5,183.9,153.5,98.7,57.7,34.2,22.0,10.2
1372,28.134,0.000,1307.0,268.0,0.3,5,18189,1.000,0.000,-0.016,0.205,0.002,200.0,-10.9,0,0.19,0.000,200.0,371.1,1.000,6.8,14.7,23.2,39.9,70.8,115.7,200.0,200.0,200.0,199.9,196.0,191.5,183.4,157.1,100.2,58.2,34.4,22.1,10.2
1373,28.156,0.000,1308.7,268.3,0.2,5,18220,1.000,0.000,-0.012,0.205,0.003,200.0,-10.6,0,0.17,0.000,200.0,370.1,1.000,6.8,14.8,23.3,40.1,71.5,117.6,200.0,200.0,200.0,198.0,194.1,189.6,181.5,154.9,99.3,57.9,34.3,22.0,10.2
1374,28.178,0.000,1310.3,268.7,0.3,5,18234,1.000,0.000,-0.004,0.204,0.004,199.2,-10.9,0,0.13,0.000,199.6,370.9,1.000,6.8,14.9,23.5,40.7,73.1,122.0,200.0,200.0,199.2,195.7,191.8,187.3,178.9,150.2,97.3,57.2,34.0,21.9,10.2
1375,28.200,0.000,1311.9,269.0,0.4,5,18250,1.000,0.000,0.003,0.203,0.006,197.1,-11.1,0,0.10,0.000,199.0,372.0,1.000,6.8,14.9,23.6,41.1,74.5,125.6,200.0,200.0,197.1,193.7,189.7,185.1,176.6,146.8,95.9,56.7,33.8,21.8,10.2
1376,28.222,0.000,1313.6,269.4,0.4,5,18269,1.000,0.000,0.004,0.202,0.006,195.4,-11.3,0,0.09,0.000,197.5,372.4,1.000,6.8,15.0,23.7,41.2,74.8,126.5,200.0,198.5,195.4,191.9,188.0,183.4,175.0,146.0,95.5,56.5,33.8,21.8,10.1
1377,28.244,0.000,1315.2,269.7,0.2,5,18308,1.000,0.000,0.002,0.201,0.005,193.9,-10.9,0,0.10,0.000,195.8,372.2,1.000,6.8,15.0,23.7,41.1,74.5,125.3,200.0,197.0,193.9,190.4,186.6,182.1,174.0,147.1,95.9,56.6,33.8,21.8,10.1
1378,28.266,0.000,1316.9,270.1,0.1,5,18327,1.000,0.000,-0.001,0.200,0.005,192.4,-11.0,0,0.11,0.000,194.1,371.2,1.000,6.8,15.0,23.6,41.0,74.0,123.8,199.3,195.4,192.4,189.0,185.2,180.8,173.0,148.5,96.5,56.8,33.9,21.8,10.1
1379,28.288,0.000,1318.5,270.4,-0.0,5,18344,1.000,0.000,-0.002,0.198,0.005,190.8,-11.2,0,0.12,0.000,192.4,370.2,1.000,6.8,15.0,23.6,41.0,73.8,123.1,197.6,193.8,190.8,187.5,183.7,179.4,171.8,149.3,96.8,56.9,33.9,21.8,10.1
1380,28.310,0.000,1320.2,270.8,-0.0,5,18362,1.000,0.000,-0.002,0.197,0.005,189.1,-11.4,0,0.12,0.000,190.7,368.9,1.000,6.8,15.0,23.7,41.1,73.9,123.4,195.9,192.1,189.1,185.8,182.1,177.9,170.3,149.0,96.6,56.8,33.8,21.8,10.1
1381,28.332,0.000,1321.8,271.1,-0.0,5,18381,1.000,0.000,-0.001,0.196,0.005,187.4,-11.5,0,0.12,0.000,189.0,367.5,1.000,6.9,15.0,23.7,41.2,74.2,124.2,194.1,190.3,187.4,184.1,180.4,176.2,168.7,148.3,96.3,56.7,33.8,21.7,10.1
1382,28.354,0.000,1323.5,271.4,0.0,5,18416,1.000,0.000,0.001,0.194,0.005,185.6,-11.2,0,0.11,0.000,187.3,365.3,1.000,6.9,15.1,23.8,41.3,74.6,125.1,192.3,188.6,185.6,182.3,178.7,174.5,167.1,147.4,95.9,56.5,33.7,21.7,10.1
1383,28.376,0.000,1325.2,271.8,0.1,5,18434,1.000,0.000,0.001,0.193,0.005,183.9,-11.4,0,0.11,0.000,185.6,363.6,1.000,6.9,15.1,23.9,41.4,74.8,125.6,190.6,186.8,183.9,180.7,177.0,172.9,165.6,147.1,95.7,56.4,33.6,21.7,10.1
1384,28.398,0.000,1326.8,272.1,0.0,5,18453,1.000,0.000,0.001,0.192,0.005,182.2,-11.5,0,0.11,0.000,183.9,362.3,1.000,6.9,15.1,23.9,41.5,74.9,125.5,188.8,185.2,182.2,179.0,175.4,171.4,164.2,147.1,95.7,56.4,33.6,21.7,10.1
1385,28.420,0.000,1328.5,272.5,0.0,5,18472,1.000,0.000,-0.000,0.190,0.005,180.6,-11.6,0,0.12,0.000,182.2,360.9,1.000,6.9,15.1,23.9,41.5,74.8,125.2,187.1,183.5,180.6,177.4,173.9,169.9,162.9,147.4,95.8,56.4,33.6,21.6,10.1
1386,28.442,0.000,1330.2,272.8,-0.0,5,18494,1.000,0.000,-0.001,0.189,0.005,178.9,-11.7,0,0.12,0.000,180.5,359.4,1.000,6.9,15.2,23.9,41.5,74.8,125.1,185.4,181.8,178.9,175.8,172.3,168.3,161.5,147.3,95.8,56.4,33.6,21.6,10.0
1387,28.464,0.000,1331.8,273.1,-0.0,5,18520,1.000,0.000,-0.000,0.188,0.005,177.2,-11.6,0,0.12,0.000,178.8,357.5,1.000,6.9,15.2,24.0,41.6,75.0,125.4,183.7,180.1,177.2,174.1,170.7,166.7,160.0,146.7,95.7,56.3,33.5,21.6,10.0
1388,28.486,0.000,1333.5,273.5,-0.0,5,18540,1.000,0.000,0.000,0.186,0.005,175.5,-11.7,0,0.12,0.000,177.1,355.8,1.000,6.9,15.2,24.0,41.7,75.2,125.8,181.9,178.3,175.5,172.4,169.0,165.1,158.5,145.8,95.5,56.2,33.5,21.6,10.0
1389,28.508,0.000,1335.2,273.8,0.0,5,18561,1.000,0.000,0.001,0.185,0.005,173.8,-11.7,0,0.12,0.000,175.4,354.3,1.000,6.9,15.2,24.1,41.8,75.3,126.1,180.2,176.6,173.8,170.7,167.3,163.5,157.0,144.9,95.3,56.1,33.4,21.5,10.0
1390,28.530,0.000,1336.8,274.1,0.0,5,18581,1.000,0.000,0.000,0.184,0.005,172.1,-11.8,0,0.12,0.000,173.6,352.7,1.000,7.0,15.3,24.1,41.8,75.4,126.1,178.4,174.9,172.1,169.1,165.7,161.9,155.5,144.0,95.3,56.1,33.4,21.5,10.0
1391,28.552,0.000,1338.5,274.5,-0.0,5,18603,1.000,0.000,0.000,0.182,0.005,170.4,-11.8,0,0.12,0.000,171.9,351.1,1.000,7.0,15.3,24.1,41.9,75.4,126.1,176.7,173.2,170.4,167.4,164.1,160.4,154.1,143.0,95.3,56.1,33.4,21.5,10.0
1392,28.574,0.000,1340.2,274.8,-0.0,5,18625,1.000,0.000,0.000,0.181,0.005,168.7,-11.9,0,0.12,0.000,170.2,349.3,1.000,7.0,15.3,24.2,41.9,75.5,126.3,174.9,171.5,168.7,165.8,162.5,158.8,152.6,142.0,95.2,56.0,33.3,21.5,10.0
1393,28.596,0.000,1341.9,275.1,-0.0,5,18646,1.000,0.000,0.001,0.180,0.005,167.0,-11.9,0,0.11,0.000,168.5,347.6,1.000,7.0,15.3,24.2,42.0,75.6,126.5,173.2,169.7,167.0,164.1,160.8,157.2,151.1,140.9,95.1,55.9,33.3,21.4,10.0
1394,28.618,0.000,1343.6,275.5,-0.0,5,18667,1.000,0.000,0.000,0.178,0.005,165.3,-12.0,0,0.11,0.000,166.8,345.9,1.000,7.0,15.3,24.2,42.0,75.7,126.5,171.4,168.0,165.3,162.4,159.2,155.6,149.7,139.8,95.0,55.9,33.3,21.4,10.0
1395,28.640,0.000,1345.2,275.8,-0.0,5,18688,1.000,0.000,0.000,0.177,0.005,163.6,-12.0,0,0.11,0.000,165.0,344.1,1.000,7.0,15.4,24.3,42.1,75.8,126.5,169.7,166.3,163.6,160.8,157.6,154.0,148.2,138.6,95.0,55.9,33.3,21.4,9.9
1396,28.662,0.000,1346.9,276.1,-0.0,5,18706,1.000,0.000,0.000,0.176,0.005,161.9,-12.1,0,0.11,0.000,163.3,342.1,1.000,7.0,15.4,24.3,42.2,75.9,126.7,167.9,164.6,161.9,159.1,155.9,152.5,146.7,137.5,94.9,55.8,33.2,21.4,9.9
1397,28.684,0.000,1348.6,276.4,-0.0,5,18727,1.000,0.000,0.001,0.174,0.005,160.2,-12.1,0,0.11,0.000,161.6,340.1,1.000,7.0,15.4,24.3,42.2,76.0,126.9,166.2,162.8,160.2,157.4,154.3,150.8,145.2,136.2,94.8,55.7,33.2,21.4,9.9
1398,28.706,0.000,1350.3,276.7,-0.0,5,18750,1.000,0.000,0.151,0.173,0.005,158.5,-12.1,0,0.11,0.850,159.8,338.1,1.000,7.0,15.4,24.4,42.3,76.0,127.3,164.4,161.1,158.5,155.7,152.6,149.3,143.7,135.0,94.8,55.7,33.2,21.3,9.9
1399,28.728,0.000,1352.0,277.0,-0.0,5,18773,1.000,0.000,-0.029,0.172,-0.001,158.4,-11.6,0,0.22,0.000,158.4,337.6,1.000,7.0,15.2,23.8,40.4,70.3,111.5,164.0,160.9,158.4,155.8,152.9,149.8,144.8,137.5,102.2,58.1,34.0,21.7,10.0
1400,28.750,0.000,1353.7,277.3,-1.9,5,18791,1.000,0.000,-0.223,0.173,-0.009,158.9,-12.0,0,0.37,-0.850,158.9,337.8,1.000,7.0,14.9,22.9,38.0,63.2,94.6,164.2,161.2,158.9,156.5,153.8,151.0,146.5,140.4,115.5,62.2,35.3,22.2,10.0
1401,28.772,0.000,1355.4,277.6,-1.7,5,18802,1.000,0.000,-0.192,0.173,-0.003,155.6,-11.6,0,0.27,-0.850,155.6,334.2,1.000,7.0,15.1,23.5,39.7,68.0,105.9,161.0,158.0,155.6,153.1,150.4,147.4,142.7,136.1,105.8,59.3,34.4,21.8,10.0
1402,28.794,0.000,1357.1,277.8,1.2,5,18832,1.000,0.000,-0.093,0.171,0.014,148.6,-11.3,0,-0.16,-0.850,152.9,331.0,1.000,7.1,15.9,25.6,46.2,89.7,158.4,154.8,151.3,148.6,145.7,142.4,138.8,132.6,120.9,83.6,51.6,31.7,20.7,9.8
1403,28.816,0.000,1358.8,278.0,4.2,5,18869,1.000,0.000,0.015,0.168,0.033,140.4,-11.2,0,-0.73,-0.850,151.2,331.1,1.000,7.3,17.0,28.4,55.9,158.4,151.8,147.7,143.6,140.4,136.7,132.5,127.2,112.2,91.8,68.4,45.4,29.2,19.7,9.6
1404,28.838,0.000,1360.5,278.3,5.7,5,18885,1.000,0.000,0.070,0.162,0.043,134.5,-11.4,0,-0.90,-0.850,149.3,326.0,1.000,7.4,17.7,30.3,63.6,154.1,147.1,142.6,138.1,134.5,130.2,124.7,115.4,96.0,80.6,61.9,42.4,27.9,19.1,9.5
1405,28.860,0.000,1362.2,278.6,4.5,5,18870,1.000,0.000,0.060,0.155,0.041,133.7,-12.4,0,-0.86,-0.850,147.5,324.4,1.000,7.5,17.7,30.2,62.4,152.8,145.9,141.6,137.2,133.7,129.7,124.7,117.5,98.3,82.1,62.7,42.7,28.0,19.0,9.4
1406,28.882,0.000,1363.9,278.9,1.8,5,18884,1.000,0.000,0.015,0.148,0.032,135.5,-12.7,0,-0.72,-0.850,145.8,324.6,1.000,7.5,17.3,29.0,57.0,153.0,146.5,142.5,138.6,135.5,132.0,128.0,123.2,111.2,90.8,67.6,44.8,28.8,19.4,9.4
1407,28.904,0.000,1365.6,279.2,-0.2,5,18910,1.000,0.000,-0.022,0.140,0.025,136.3,-12.5,0,-0.62,-0.850,143.9,324.3,1.000,7.5,17.1,28.1,53.3,152.7,146.5,142.8,139.2,136.3,133.2,129.7,125.6,118.2,99.5,72.1,46.6,29.4,19.6,9.4
1408,28.926,0.000,1367.3,279.5,-0.9,5,18933,1.000,0.000,-0.031,0.133,0.023,135.1,-12.5,0,-0.59,-0.850,142.1,322.5,1.000,7.5,17.1,28.1,52.8,151.2,145.1,141.5,137.9,135.1,132.1,128.7,124.9,118.0,101.5,73.0,46.9,29.5,19.6,9.4
1409,28.948,0.000,1369.0,279.8,-0.4,5,18948,1.000,0.000,-0.017,0.125,0.026,132.6,-12.5,0,-0.63,-0.850,140.3,319.6,1.000,7.6,17.4,28.7,54.6,148.8,142.7,139.0,135.4,132.6,129.5,126.1,122.1,114.9,97.3,70.7,45.8,29.0,19.3,9.3
1410,28.970,0.000,1370.7,280.1,0.3,5,18957,1.000,0.000,0.001,0.118,0.029,129.7,-12.9,0,-0.68,-0.850,138.4,316.4,1.000,7.7,17.8,29.5,56.9,146.2,140.0,136.3,132.6,129.7,126.6,123.0,118.9,111.0,92.3,67.9,44.5,28.4,19.0,9.2
1411,28.992,0.000,1372.4,280.4,0.6,5,18980,1.000,0.000,0.010,0.109,0.031,127.4,-12.9,0,-0.71,-0.850,136.6,313.7,1.000,7.8,18.0,30.0,58.5,144.0,137.8,134.0,130.3,127.4,124.2,120.7,116.5,108.3,89.7,66.4,43.7,28.0,18.8,9.1
1412,29.014,0.000,1374.2,280.7,0.5,5,19006,1.000,0.000,0.010,0.101,0.030,125.8,-12.7,0,-0.71,-0.850,134.8,311.4,1.000,7.9,18.2,30.3,58.8,142.1,136.0,132.3,128.6,125.8,122.6,119.1,115.0,107.3,89.3,66.1,43.5,27.8,18.7,9.1
1413,29.036,0.000,1375.9,281.0,0.2,5,19028,1.000,0.000,0.004,0.093,0.029,124.5,-12.7,0,-0.69,-0.850,132.9,309.4,1.000,7.9,18.3,30.3,58.5,140.5,134.5,130.8,127.2,124.5,121.4,118.0,114.1,107.0,90.3,66.4,43.5,27.8,18.6,9.0
1414,29.058,0.000,1377.6,281.3,-0.1,5,19027,1.000,0.000,-0.001,0.085,0.028,123.1,-13.2,0,-0.68,-0.850,131.1,307.3,1.000,8.0,18.4,30.4,58.3,138.9,132.9,129.3,125.8,123.1,120.1,116.8,113.1,106.4,91.1,66.7,43.5,27.7,18.5,9.0
1415,29.080,0.000,1379.3,281.6,-0.2,5,19047,1.000,0.000,-0.003,0.077,0.027,121.5,-13.2,0,-0.68,-0.850,129.3,305.0,1.000,8.1,18.5,30.6,58.6,137.1,131.2,127.6,124.1,121.5,118.6,115.3,111.7,105.3,90.9,66.5,43.3,27.5,18.4,8.9
1416,29.102,0.000,1381.0,281.9,-0.2,5,19073,1.000,0.000,-0.001,0.069,0.028,119.7,-13.1,0,-0.69,-0.850,127.4,302.5,1.000,8.1,18.7,30.9,59.2,135.1,129.3,125.7,122.3,119.7,116.8,113.6,110.0,103.8,90.1,65.9,43.0,27.3,18.2,8.8
1417,29.124,0.000,1382.8,282.1,-0.1,5,19098,1.000,0.000,0.001,0.061,0.028,117.8,-12.9,0,-0.70,-0.850,125.6,300.0,1.000,8.2,18.8,31.2,59.9,133.2,127.3,123.8,120.4,117.8,115.0,111.8,108.3,102.2,89.1,65.2,42.6,27.1,18.1,8.8
1418,29.146,0.000,1384.5,282.4,0.0,5,19117,1.000,0.000,0.003,0.053,0.028,116.0,-12.8,0,-0.71,-0.850,123.7,297.5,1.000,8.3,19.0,31.5,60.5,131.2,125.4,121.9,118.6,116.0,113.2,110.1,106.6,100.7,88.2,64.7,42.2,26.8,17.9,8.7
1419,29.168,0.000,1386.2,282.7,0.0,5,19122,1.000,0.000,0.003,0.045,0.028,114.3,-13.3,0,-0.71,-0.850,121.9,295.0,1.000,8.3,19.2,31.7,60.9,129.4,123.6,120.2,116.8,114.3,111.5,108.5,105.1,99.3,87.8,64.3,41.9,26.7,17.8,8.6
1420,29.190,0.000,1387.9,282.9,-0.1,5,19144,1.000,0.000,0.002,0.037,0.027,112.6,-13.2,0,-0.71,-0.850,120.0,292.6,1.000,8.4,19.3,31.9,61.1,127.5,121.8,118.4,115.2,112.6,109.9,106.9,103.6,98.1,87.5,64.0,41.7,26.5,17.7,8.6
1421,29.212,0.000,1389.7,283.2,-0.1,5,19168,1.000,0.000,0.001,0.029,0.027,111.0,-13.0,0,-0.71,-0.850,118.1,290.1,1.000,8.5,19.4,32.1,61.4,125.7,120.0,116.7,113.5,111.0,108.3,105.4,102.2,96.8,87.3,63.8,41.5,26.3,17.6,8.5
1422,29.234,0.000,1391.4,283.5,-0.1,5,19189,1.000,0.000,0.001,0.021,0.027,109.3,-12.9,0,-0.72,-0.850,116.3,287.6,1.000,8.5,19.6,32.4,61.7,123.8,118.2,114.9,111.7,109.3,106.7,103.8,100.7,95.5,86.7,63.5,41.3,26.2,17.5,8.4
1423,29.256,0.000,1393.1,283.7,-0.1,5,19198,1.000,0.000,0.001,0.013,0.027,107.5,-13.2,0,-0.73,-0.850,114.4,285.0,1.000,8.6,19.7,32.6,62.1,121.9,116.4,113.1,110.0,107.5,105.0,102.2,99.1,94.0,85.8,63.1,41.0,26.0,17.3,8.4
1424,29.278,0.000,1394.8,284.0,-0.1,5,19217,0.000,0.000,0.002,0.005,0.027,105.8,-13.2,0,-0.73,-0.850,112.6,282.4,1.000,8.7,19.9,32.8,62.5,120.0,114.5,111.3,108.2,105.8,103.3,100.5,97.5,92.6,84.9,62.7,40.7,25.8,17.2,8.3
1425,29.300,0.000,1396.6,283.5,-0.1,5,18822,0.000,0.040,0.002,-0.003,0.026,104.1,-23.4,0,-0.74,-0.850,110.7,279.8,0.693,8.7,20.0,33.0,62.8,118.1,112.7,109.5,106.4,104.1,101.6,98.9,96.0,91.3,84.0,62.4,40.5,25.6,17.1,8.2
1426,29.322,0.000,1398.3,282.6,-0.2,5,18746,0.000,0.123,0.000,-0.010,0.026,102.5,-22.6,0,-0.74,-0.850,108.9,277.3,0.478,8.8,20.1,33.2,63.0,116.3,110.9,107.8,104.8,102.5,100.0,97.4,94.5,90.0,83.1,62.2,40.3,25.5,17.0,8.2
1427,29.344,0.000,1400.0,281.4,-0.2,5,18643,0.000,0.197,-0.001,-0.018,0.025,100.8,-20.7,0,-0.75,-0.850,107.0,274.7,0.000,8.9,20.3,33.4,63.2,114.5,109.1,106.0,103.1,100.8,98.4,95.9,93.1,88.6,82.2,62.0,40.1,25.3,16.9,8.1
1428,29.366,0.000,1401.8,280.1,-0.2,5,18529,0.000,0.261,-0.001,-0.025,0.025,99.1,-18.9,0,-0.76,-0.850,105.2,272.0,0.000,8.9,20.4,33.6,63.5,112.6,107.3,104.2,101.3,99.1,96.8,94.3,91.5,87.2,81.1,61.7,39.9,25.2,16.7,8.1
1429,29.388,0.000,1403.5,278.5,-0.2,5,18400,0.000,0.319,-0.001,-0.033,0.025,97.4,-17.5,0,-0.77,-0.850,103.3,269.3,0.000,9.0,20.5,33.8,63.8,110.7,105.5,102.5,99.6,97.4,95.1,92.6,90.0,85.8,79.9,61.3,39.6,25.0,16.6,8.0
1430,29.410,0.000,1405.2,276.7,-0.2,5,18261,0.000,0.368,0.000,-0.040,0.025,95.7,-16.2,0,-0.78,-0.850,101.5,266.6,0.000,9.1,20.7,34.0,64.2,108.8,103.7,100.7,97.8,95.7,93.4,91.0,88.4,84.3,78.7,60.9,39.3,24.8,16.5,8.0
1431,29.432,0.000,1406.8,274.8,-0.2,5,18114,0.000,0.409,0.001,-0.047,0.025,94.0,-15.2,0,-0.80,-0.850,99.7,263.9,0.000,9.1,20.8,34.2,64.6,107.0,101.9,98.9,96.1,94.0,91.8,89.4,86.9,82.9,77.5,60.6,39.1,24.6,16.4,7.9
1432,29.454,0.000,1408.5,272.7,-0.2,5,17969,0.000,0.442,0.000,-0.054,0.024,92.4,-13.7,0,-0.81,-0.850,97.9,261.2,0.000,9.2,20.9,34.4,64.8,105.2,100.1,97.2,94.4,92.4,90.2,87.9,85.4,81.5,76.4,60.3,38.8,24.5,16.3,7.8
1433,29.476,0.000,1410.2,270.6,-0.2,5,17810,0.000,0.470,-0.000,-0.061,0.024,90.7,-12.6,0,-0.82,-0.850,96.1,258.5,0.000,9.2,21.0,34.6,65.0,103.4,98.4,95.5,92.8,90.7,88.6,86.3,83.9,80.2,75.2,60.1,38.6,24.3,16.2,7.8
1434,29.498,0.000,1411.8,268.4,-0.2,5,17647,0.000,0.496,-0.000,-0.068,0.024,89.1,-11.6,0,-0.83,-0.850,94.4,255.8,0.000,9.3,21.1,34.7,65.3,101.6,96.6,93.8,91.1,89.1,87.0,84.8,82.4,78.8,74.0,59.8,38.4,24.2,16.1,7.7
1435,29.520,0.000,1413.5,266.1,-0.2,5,17480,0.000,0.518,-0.000,-0.074,0.024,87.5,-10.9,0,-0.85,-0.850,92.6,253.0,0.000,9.3,21.3,34.9,66.5,99.8,94.9,92.1,89.5,87.5,85.4,83.3,81.0,77.5,72.9,59.5,38.2,24.0,16.0,7.7
1436,29.542,0.000,1415.1,263.7,-0.2,5,17311,0.000,0.000,0.016,-0.081,0.023,85.9,-10.1,0,-1.33,-0.850,90.9,263.0,0.000,9.4,21.4,35.1,106.4,98.0,93.2,90.4,87.8,85.9,83.9,81.8,79.5,76.1,71.7,59.3,38.0,23.9,15.9,7.6
1437,29.564,0.000,1416.7,262.3,-0.2,5,17415,0.000,0.000,0.010,-0.087,0.022,84.5,-21.3,0,-1.31,-0.850,89.2,260.5,0.000,9.4,21.4,35.0,104.7,96.4,91.7,88.9,86.4,84.5,82.6,80.5,78.3,75.0,70.8,59.7,38.1,23.9,15.8,7.6
1438,29.586,0.000,1418.3,261.6,-0.5,5,17365,0.000,0.040,0.001,-0.093,0.020,83.3,-21.7,0,-1.29,-0.850,87.5,258.2,-0.007,9.5,21.4,34.9,103.1,94.9,90.3,87.6,85.2,83.3,81.4,79.4,77.3,74.1,70.1,60.2,38.4,23.9,15.8,7.5
1439,29.608,0.000,1419.9,260.8,-0.6,5,17298,0.000,0.126,-0.005,-0.099,0.019,82.0,-20.7,0,-1.28,-0.850,85.8,255.6,-0.012,9.5,21.4,34.8,101.5,93.4,88.8,86.2,83.8,82.0,80.1,78.1,76.1,73.0,69.2,60.1,38.5,23.9,15.7,7.5
1440,29.630,0.000,1421.5,259.7,-0.6,5,17201,0.000,0.214,0.144,-0.105,0.019,80.4,-18.7,0,-1.29,0.000,84.1,252.9,0.000,9.6,21.5,34.9,99.7,91.6,87.1,84.5,82.2,80.4,78.6,76.7,74.7,71.7,68.0,59.4,38.3,23.8,15.7,7.5
1441,29.652,0.000,1423.0,258.5,-0.4,5,17083,0.000,0.244,0.121,-0.110,0.014,79.7,-14.6,0,-1.24,0.000,82.4,251.0,0.000,9.5,21.3,34.3,98.5,90.6,86.2,83.7,81.4,79.7,77.9,76.1,74.2,71.4,67.9,60.2,39.4,24.1,15.8,7.5
1442,29.674,0.000,1424.6,257.0,-1.8,5,16971,0.000,0.784,0.043,-0.113,0.002,80.4,-13.9,0,-0.64,0.000,80.7,238.7,0.000,9.5,20.6,32.4,58.4,90.7,86.5,84.1,82.0,80.4,78.7,77.0,75.2,72.6,69.5,62.8,43.0,25.4,16.3,7.5
1443,29.696,0.000,1426.2,254.5,-3.5,5,16572,0.000,0.666,-0.018,-0.115,-0.009,80.8,1.5,0,-0.47,0.000,80.8,238.7,0.000,9.4,20.0,30.8,51.0,90.7,86.7,84.4,82.3,80.8,79.2,77.6,76.0,73.6,70.7,64.7,47.2,26.7,16.8,7.6
1444,29.718,0.000,1427.7,251.6,-4.1,5,16413,0.000,0.600,-0.046,-0.116,-0.015,80.1,1.1,0,-0.40,0.000,80.1,237.1,0.000,9.3,19.7,30.1,49.0,89.7,85.8,83.6,81.6,80.1,78.6,77.1,75.5,73.2,70.4,64.7,49.5,27.5,17.0,7.6
1445,29.740,0.000,1429.2,248.8,-3.4,5,16258,0.000,0.611,-0.042,-0.116,-0.014,78.4,-4.5,0,-0.41,0.000,78.4,234.1,0.000,9.3,19.7,30.2,49.5,87.9,84.0,81.8,79.9,78.4,76.9,75.4,73.8,71.6,68.9,63.3,49.1,27.4,17.0,7.6
1446,29.762,0.000,1430.8,246.1,-2.1,5,16081,0.000,0.093,-0.002,-0.115,-0.010,76.1,-6.1,0,-1.00,0.000,76.1,241.8,-0.007,9.4,20.0,30.7,92.6,85.6,81.7,79.5,77.6,76.1,74.7,73.2,71.6,69.3,66.7,61.2,47.3,26.8,16.8,7.6
1447,29.784,0.000,1432.3,244.5,-0.7,5,16195,0.000,0.191,0.017,-0.114,-0.006,74.0,-18.1,0,-1.03,0.000,74.0,238.2,0.000,9.4,20.2,31.2,90.4,83.4,79.5,77.4,75.4,74.0,72.5,71.0,69.5,67.3,64.6,59.3,45.8,26.4,16.6,7.6
1448,29.806,0.000,1433.8,243.3,-0.1,5,16084,0.000,0.284,0.020,-0.113,-0.006,72.3,-16.3,0,-1.03,0.000,72.3,235.2,0.000,9.4,20.2,31.3,88.6,81.6,77.8,75.7,73.7,72.3,70.9,69.4,67.9,65.7,63.2,58.0,45.3,26.3,16.6,7.6
1449,29.828,0.000,1435.2,241.9,-0.1,5,15957,0.000,0.344,0.014,-0.112,-0.007,71.0,-13.7,0,-1.01,0.000,71.0,232.6,0.000,9.4,20.1,31.1,87.0,80.1,76.4,74.3,72.4,71.0,69.6,68.2,66.7,64.6,62.1,57.1,45.3,26.5,16.7,7.6
1450,29.850,0.000,1436.7,240.3,-0.3,5,15824,0.000,0.389,0.004,-0.110,-0.009,69.8,-11.7,0,-0.99,0.000,69.8,230.1,0.000,9.3,20.0,30.8,85.5,78.7,75.0,73.0,71.1,69.8,68.4,67.0,65.6,63.6,61.1,56.4,45.3,26.8,16.8,7.6
1451,29.872,0.000,1438.2,238.5,-0.5,5,15683,0.000,0.432,-0.002,-0.108,-0.010,68.5,-10.1,0,-0.98,0.000,68.5,227.4,0.000,9.3,19.9,30.6,84.0,77.2,73.6,71.6,69.8,68.5,67.2,65.8,64.4,62.4,60.1,55.5,45.1,27.0,16.9,7.6
1452,29.894,0.000,1439.6,236.5,-0.4,5,15542,0.000,0.480,-0.004,-0.106,-0.010,67.1,-8.4,0,-0.97,0.000,67.1,224.6,0.000,9.3,19.8,30.5,82.3,75.7,72.1,70.1,68.3,67.1,65.8,64.4,63.1,61.1,58.9,54.4,44.5,27.1,17.0,7.7
1453,29.916,0.000,1441.1,234.5,-0.3,5,15378,0.000,0.529,-0.003,-0.104,-0.010,65.5,-6.7,0,-0.97,0.000,65.5,221.6,0.000,9.3,19.8,30.4,80.6,74.0,70.5,68.5,66.8,65.5,64.3,62.9,61.6,59.7,57.5,53.2,43.8,27.1,17.0,7.7
1454,29.938,0.000,1442.5,232.3,-0.1,5,15204,0.000,0.575,0.000,-0.102,-0.009,64.0,-5.1,0,-0.98,0.000,64.0,218.5,0.000,9.3,19.8,30.5,78.8,72.3,68.8,66.9,65.2,64.0,62.7,61.5,60.2,58.3,56.2,52.0,43.0,27.1,17.0,7.7
1455,29.960,0.000,1443.9,229.9,0.0,5,15021,0.000,0.614,0.003,-0.100,-0.009,62.5,-3.7,0,-0.98,0.000,62.5,215.4,0.000,9.3,19.8,30.5,77.1,70.6,67.2,65.4,63.7,62.5,61.2,60.0,58.7,56.9,54.8,50.8,42.2,27.1,17.0,7.7
1456,29.982,0.000,1445.3,227.5,0.1,5,14834,0.000,0.645,0.004,-0.098,-0.008,61.0,-2.5,0,-0.98,0.000,61.0,212.3,0.000,9.2,19.8,30.5,75.4,69.0,65.7,63.8,62.2,61.0,59.8,58.6,57.3,55.6,53.6,49.7,41.4,27.1,17.0,7.7
1457,30.004,0.000,1446.7,224.9,0.1,5,14651,0.000,0.669,0.004,-0.096,-0.008,59.6,-0.6,0,-0.98,0.000,59.6,209.3,0.000,9.2,19.7,30.4,73.8,67.5,64.2,62.4,60.7,59.6,58.4,57.2,56.0,54.3,52.3,48.6,40.7,27.2,17.1,7.7
1458,30.026,0.000,1448.0,222.3,0.1,5,14469,0.000,0.689,0.003,-0.094,-0.008,58.2,1.8,0,-0.98,0.000,58.2,206.3,0.000,9.2,19.7,30.5,72.2,66.0,62.7,60.9,59.4,58.2,57.1,55.9,54.7,53.1,51.2,47.5,40.0,27.2,17.1,7.8
1459,30.048,0.000,1449.4,219.6,0.1,5,14274,0.000,0.708,0.002,-0.092,-0.009,56.9,4.0,0,-0.98,0.000,56.9,203.3,0.000,9.2,19.6,30.7,70.6,64.5,61.3,59.5,58.0,56.9,55.7,54.6,53.5,51.9,50.0,46.5,39.3,27.3,17.2,7.8
1460,30.070,0.000,1450.7,216.9,0.0,5,14076,0.000,0.726,0.001,-0.090,-0.009,55.5,6.7,0,-0.98,0.000,55.5,200.3,0.000,9.2,19.6,31.1,69.0,63.0,59.8,58.1,56.6,55.5,54.4,53.3,52.2,50.6,48.8,45.4,38.5,27.3,17.2,7.8
1461,30.092,0.000,1452.0,214.2,0.0,5,13877,0.000,0.743,0.002,-0.088,-0.009,54.2,9.5,0,-1.00,0.000,54.2,197.2,0.000,9.2,19.6,32.0,67.4,61.5,58.4,56.7,55.2,54.2,53.1,52.0,50.9,49.4,47.7,44.4,37.8,27.2,17.2,7.8
1462,30.114,0.000,1453.3,211.4,0.0,5,13675,0.000,0.760,0.003,-0.086,-0.009,52.8,12.4,0,-1.05,0.000,52.8,194.1,0.000,9.1,19.5,34.1,65.9,60.0,57.0,55.3,53.9,52.8,51.8,50.7,49.7,48.2,46.5,43.3,37.0,27.0,17.3,7.8
1463,30.136,0.000,1454.6,208.6,0.0,5,13485,0.000,0.777,0.203,-0.084,-0.009,51.5,16.5,0,-2.19,0.384,51.5,191.0,0.000,9.1,19.5,73.3,64.3,58.6,55.6,54.0,52.6,51.5,50.5,49.5,48.5,47.0,45.4,42.3,36.2,26.8,17.3,7.8
1464,30.158,0.000,1455.9,205.9,0.2,5,13288,0.000,0.768,0.320,-0.082,-0.011,50.5,25.2,0,-2.17,0.435,50.5,188.5,0.000,9.1,19.3,72.0,63.1,57.4,54.5,52.9,51.5,50.5,49.5,48.5,47.6,46.2,44.6,41.6,35.7,26.8,17.5,7.9
1465,30.180,0.000,1457.1,203.3,-0.5,4,14710,0.000,0.699,0.308,-0.079,-0.020,50.2,38.9,0,-2.11,0.469,50.2,187.3,0.000,9.0,18.8,71.3,62.5,57.0,54.1,52.6,51.2,50.2,49.3,48.3,47.3,46.0,44.4,41.5,35.9,27.2,18.0,8.0
1466,30.202,0.000,1458.4,200.7,-1.9,4,14647,0.000,0.595,0.291,-0.075,-0.032,50.3,45.6,0,-2.03,0.527,50.3,186.8,0.000,8.8,18.1,70.9,62.3,56.9,54.1,52.6,51.3,50.3,49.4,48.4,47.5,46.2,44.7,41.9,36.4,28.0,18.8,8.1
1467,30.224,0.000,1459.6,198.3,-3.2,4,14274,0.000,0.488,0.091,-0.070,-0.046,50.5,42.4,0,-0.81,0.000,50.5,186.5,0.000,8.7,17.4,32.2,62.2,56.8,54.1,52.7,51.4,50.5,49.5,48.6,47.7,46.4,44.9,42.2,36.8,28.6,19.6,8.3
1468,30.246,0.000,1460.8,195.7,-4.4,4,14134,0.000,0.407,-0.109,-0.064,-0.057,50.4,30.3,0,-0.69,0.000,50.4,185.6,0.000,8.6,16.8,29.1,61.9,56.6,54.0,52.5,51.3,50.4,49.5,48.6,47.7,46.4,45.0,42.3,37.1,29.1,20.3,8.4
1469,30.268,0.000,1462.0,193.4,-4.9,4,14019,0.000,0.392,-0.230,-0.057,-0.063,49.7,13.2,0,-0.68,0.000,49.7,183.6,0.000,8.5,16.5,30.0,61.0,55.8,53.2,51.8,50.6,49.7,48.8,48.0,47.1,45.9,44.5,41.9,36.8,29.1,20.5,8.6
1470,30.290,0.000,1463.2,191.3,-4.2,4,13907,0.000,0.468,-0.174,-0.049,-0.058,48.0,3.7,0,-1.87,0.000,48.0,180.0,0.000,8.4,16.7,67.2,59.1,54.0,51.5,50.1,48.9,48.0,47.2,46.3,45.4,44.2,42.9,40.4,35.5,28.2,20.1,8.6
1471,30.312,0.000,1464.3,189.3,-2.2,4,13728,0.000,0.657,-0.115,-0.042,-0.046,45.5,0.6,0,-1.94,0.000,45.5,174.3,0.000,8.5,17.4,64.5,56.5,51.4,48.9,47.5,46.4,45.5,44.7,43.9,43.0,41.9,40.6,38.1,33.5,26.7,19.3,8.5
1472,30.334,0.000,1465.5,187.1,0.1,4,13430,0.000,0.852,0.085,-0.036,-0.031,43.0,6.8,0,-2.03,0.805,43.0,168.2,0.000,8.5,18.5,61.7,53.7,48.7,46.2,44.9,43.8,43.0,42.1,41.3,40.5,39.4,38.2,35.9,31.5,25.1,18.5,8.4
1473,30.356,0.000,1466.6,184.6,2.1,4,13052,0.000,1.000,0.285,-0.030,-0.020,40.8,22.5,0,-2.12,0.810,40.8,162.5,0.000,8.6,19.8,59.3,51.3,46.4,44.0,42.7,41.6,40.8,40.0,39.3,38.5,37.4,36.2,34.0,29.9,24.0,17.8,8.4
1474,30.378,0.000,1467.7,182.0,2.8,3,15917,0.000,0.500,0.485,-0.024,-0.017,39.5,50.0,0,-2.16,0.810,39.5,158.8,0.000,8.5,20.8,57.6,49.7,44.9,42.6,41.3,40.2,39.5,38.7,38.0,37.2,36.2,35.0,32.9,29.0,23.3,17.5,8.4
1475,30.400,0.000,1468.8,179.5,2.3,3,15845,0.000,0.500,0.373,-0.018,-0.023,38.8,52.7,0,-2.15,0.559,38.8,156.9,0.000,8.4,21.2,56.7,48.9,44.2,41.9,40.6,39.6,38.8,38.1,37.4,36.6,35.6,34.5,32.5,28.6,23.2,17.5,8.5
1476,30.422,0.000,1469.9,177.2,0.8,3,15683,0.000,0.470,0.410,-0.011,-0.034,38.7,44.0,0,-2.10,0.711,38.7,156.7,0.000,8.3,20.8,56.3,48.6,44.0,41.7,40.5,39.5,38.7,38.0,37.3,36.6,35.6,34.5,32.5,28.7,23.3,17.7,8.7
1477,30.444,0.000,1471.0,175.0,-0.8,3,15466,0.000,0.797,0.325,-0.004,-0.050,38.9,37.2,0,-2.03,0.661,38.9,157.3,0.000,8.1,20.1,56.2,48.6,44.1,41.8,40.7,39.6,38.9,38.2,37.5,36.8,35.8,34.7,32.7,29.0,23.6,18.0,8.9
1478,30.466,0.000,1472.0,172.5,-2.6,3,14883,0.000,0.331,0.320,0.005,-0.066,39.2,46.9,0,-1.95,0.777,39.2,157.6,0.000,8.0,19.2,56.3,48.8,44.3,42.1,40.9,39.9,39.2,38.5,37.7,37.1,36.1,35.0,33.0,29.3,24.0,18.3,9.1
1479,30.488,0.000,1473.1,170.2,-4.1,3,15008,0.000,0.270,0.265,0.014,-0.082,39.3,35.3,0,-1.89,0.782,39.3,157.7,0.000,7.8,18.6,56.2,48.8,44.4,42.2,41.0,40.0,39.3,38.6,37.9,37.2,36.3,35.2,33.2,29.6,24.2,18.6,9.2
1480,30.510,0.000,1474.1,168.1,-5.2,3,14919,0.000,0.448,0.225,0.024,-0.096,39.4,18.5,0,-1.84,0.810,39.4,157.5,0.000,7.7,18.1,56.1,48.8,44.4,42.2,41.1,40.1,39.4,38.7,38.0,37.3,36.4,35.3,33.4,29.7,24.4,18.8,9.4
1481,30.532,0.000,1475.1,166.2,-6.0,3,14576,0.000,0.370,0.173,0.036,-0.111,39.4,13.5,0,-1.79,0.810,39.4,157.1,0.000,7.5,17.7,55.9,48.7,44.4,42.2,41.1,40.1,39.4,38.7,38.1,37.4,36.4,35.4,33.5,29.8,24.6,19.0,9.5
1482,30.554,0.000,1476.1,164.2,-6.7,3,14429,0.000,0.293,0.127,0.049,-0.123,39.4,7.0,0,-1.75,0.810,39.4,156.7,0.000,7.4,17.4,55.6,48.5,44.3,42.2,41.0,40.1,39.4,38.7,38.0,37.4,36.4,35.4,33.5,29.9,24.7,19.1,9.6
1483,30.576,0.000,1477.1,162.4,-7.1,3,14335,0.000,0.237,0.146,0.062,-0.122,39.3,-0.9,0,-1.72,0.810,39.3,156.0,0.000,7.3,17.2,55.4,48.3,44.1,42.0,40.9,40.0,39.3,38.6,38.0,37.3,36.4,35.4,33.5,29.9,24.8,19.2,9.7
1484,30.598,0.000,1478.1,160.9,-7.4,3,14264,0.000,0.172,0.164,0.075,-0.122,39.2,-5.1,0,-1.68,0.810,39.2,155.8,0.000,7.2,16.9,55.1,48.1,44.0,41.9,40.8,39.9,39.2,38.5,37.9,37.2,36.3,35.3,33.5,30.0,24.8,19.3,9.8
1485,30.620,0.000,1479.1,159.6,-7.6,3,14214,0.000,0.109,0.178,0.087,-0.122,39.2,-7.7,0,-1.65,0.810,39.2,155.8,-0.007,7.1,16.7,54.9,48.0,43.9,41.8,40.7,39.8,39.2,38.5,37.9,37.2,36.3,35.3,33.5,30.0,24.9,19.4,9.9
1486,30.642,0.000,1480.1,158.6,-7.8,3,14177,0.000,0.067,0.188,0.099,-0.122,39.2,-9.8,0,-1.61,0.810,39.2,155.6,-0.012,7.0,16.3,54.7,47.9,43.8,41.8,40.7,39.8,39.2,38.5,37.9,37.2,36.4,35.4,33.5,30.1,25.1,19.6,10.0
1487,30.664,0.000,1481.1,157.7,-8.1,3,14135,0.000,0.045,0.197,0.111,-0.124,39.2,-11.3,0,-1.57,0.810,39.2,155.2,-0.015,6.9,16.0,54.6,47.8,43.8,41.8,40.8,39.9,39.2,38.6,37.9,37.3,36.4,35.4,33.6,30.2,25.2,19.7,10.1
1488,30.686,0.000,1482.0,156.9,-8.3,3,14087,0.000,0.024,0.189,0.122,-0.125,39.3,-12.2,0,-1.54,0.810,39.3,154.8,-0.018,6.8,15.6,54.5,47.8,43.8,41.8,40.8,39.9,39.3,38.6,38.0,37.4,36.5,35.5,33.7,30.3,25.4,19.9,10.3
1489,30.708,0.000,1483.0,156.2,-8.6,3,14041,0.000,0.014,0.175,0.133,-0.126,39.3,-13.2,0,-1.50,0.810,39.3,154.3,-0.019,6.8,15.3,54.4,47.7,43.8,41.8,40.8,39.9,39.3,38.6,38.0,37.4,36.5,35.6,33.8,30.4,25.5,20.0,10.4
1490,30.730,0.000,1484.0,155.5,-8.8,3,13990,0.000,0.019,0.164,0.144,-0.127,39.3,-13.9,0,-1.47,0.810,39.3,153.6,-0.021,6.7,15.0,54.2,47.6,43.7,41.8,40.8,39.9,39.3,38.6,38.0,37.4,36.6,35.6,33.8,30.5,25.6,20.2,10.5
1491,30.752,0.000,1484.9,154.9,-8.9,3,13930,0.000,0.025,0.155,0.155,-0.127,39.2,-14.0,0,-1.44,0.810,39.2,152.9,-0.021,6.6,14.8,54.0,47.5,43.6,41.7,40.7,39.8,39.2,38.6,38.0,37.4,36.5,35.6,33.9,30.6,25.7,20.3,10.6
1492,30.774,0.000,1485.9,154.3,-8.9,3,13869,0.000,0.016,0.150,0.166,-0.127,39.1,-13.8,0,-1.41,0.810,39.1,152.4,-0.022,6.5,14.6,53.8,47.3,43.5,41.6,40.6,39.7,39.1,38.5,37.9,37.3,36.5,35.5,33.8,30.5,25.7,20.3,10.6
1493,30.796,0.000,1486.8,153.7,-8.9,3,13820,0.000,0.010,0.146,0.177,-0.126,39.0,-14.0,0,-1.39,0.810,39.0,151.9,-0.022,6.4,14.4,53.5,47.1,43.3,41.4,40.4,39.6,39.0,38.4,37.8,37.2,36.4,35.4,33.7,30.5,25.7,20.4,10.7
1494,30.818,0.000,1487.8,153.1,-8.8,3,13774,0.000,0.008,0.144,0.187,-0.125,38.8,-14.2,0,-1.37,0.810,38.8,151.4,-0.023,6.3,14.3,53.2,46.8,43.1,41.2,40.3,39.4,38.8,38.2,37.6,37.1,36.3,35.3,33.7,30.5,25.7,20.4,10.8
1495,30.840,0.000,1488.7,152.5,-8.7,3,13727,0.000,0.002,0.144,0.198,-0.123,38.7,-14.3,0,-1.34,0.810,38.7,151.0,-0.023,6.3,14.1,53.0,46.6,42.9,41.0,40.1,39.3,38.7,38.1,37.5,36.9,36.1,35.2,33.6,30.4,25.7,20.5,10.9
1496,30.862,0.000,1489.7,152.0,-8.5,3,13686,0.000,0.000,0.145,0.208,-0.122,38.5,-14.4,0,-1.32,0.810,38.5,150.7,0.000,6.2,14.0,52.7,46.3,42.6,40.8,39.9,39.1,38.5,37.9,37.3,36.8,36.0,35.1,33.4,30.3,25.7,20.5,10.9
1497,30.884,0.000,1490.6,151.4,-8.4,3,13642,0.000,0.000,0.146,0.218,-0.120,38.3,-14.4,0,-1.30,0.810,38.3,150.3,0.000,6.1,13.9,52.3,46.0,42.4,40.6,39.7,38.9,38.3,37.7,37.1,36.6,35.8,34.9,33.3,30.2,25.6,20.5,11.0
1498,30.906,0.000,1491.6,150.9,-8.2,3,13596,0.000,0.000,0.149,0.228,-0.118,38.1,-14.4,0,-1.29,0.810,38.1,149.7,0.000,6.1,13.8,52.0,45.8,42.1,40.4,39.4,38.6,38.1,37.5,36.9,36.4,35.6,34.7,33.1,30.1,25.6,20.5,11.0
1499,30.928,0.000,1492.5,150.4,-8.0,3,13553,0.000,0.000,0.153,0.237,-0.116,37.9,-14.3,0,-1.27,0.810,37.9,149.0,0.000,6.0,13.8,51.7,45.5,41.9,40.1,39.2,38.4,37.9,37.3,36.7,36.2,35.4,34.6,33.0,30.0,25.5,20.5,11.1
1500,30.950,0.000,1493.5,149.9,-7.8,3,13510,0.000,0.000,0.158,0.247,-0.114,37.6,-14.1,0,-1.25,0.810,37.6,148.6,0.000,5.9,13.7,51.4,45.2,41.6,39.9,39.0,38.2,37.6,37.1,36.5,36.0,35.2,34.4,32.8,29.9,25.5,20.5,11.1
1501,30.972,0.000,1494.4,149.4,-7.6,3,13466,0.000,0.000,0.162,0.256,-0.111,37.4,-14.0,0,-1.24,0.810,37.4,148.0,0.000,5.9,13.7,51.1,44.9,41.3,39.6,38.7,37.9,37.4,36.8,36.3,35.8,35.0,34.2,32.6,29.7,25.4,20.5,11.2
1502,30.994,0.000,1495.3,148.9,-7.5,3,13421,0.000,0.007,0.168,0.265,-0.109,37.2,-14.0,0,-1.23,0.810,37.2,147.2,-0.007,5.8,13.6,50.7,44.6,41.1,39.4,38.5,37.7,37.2,36.6,36.1,35.6,34.8,34.0,32.5,29.6,25.3,20.4,11.2
1503,31.016,0.000,1496.3,148.4,-7.3,3,13372,0.000,0.014,0.174,0.274,-0.107,36.9,-13.6,0,-1.21,0.810,36.9,146.6,-0.012,5.7,13.6,50.4,44.3,40.8,39.1,38.2,37.5,36.9,36.4,35.9,35.3,34.6,33.8,32.3,29.5,25.2,20.4,11.3
1504,31.038,0.000,1497.2,147.8,-7.1,3,13321,0.000,0.000,0.179,0.282,-0.104,36.7,-13.2,0,-1.20,0.810,36.7,146.4,0.000,5.7,13.5,50.2,44.0,40.5,38.9,38.0,37.2,36.7,36.2,35.7,35.1,34.4,33.6,32.1,29.3,25.1,20.4,11.3
1505,31.060,0.000,1498.1,147.3,-7.0,3,13284,0.000,0.000,0.182,0.291,-0.103,36.5,-13.5,0,-1.19,0.810,36.5,146.1,0.000,5.6,13.5,49.9,43.8,40.3,38.7,37.8,37.0,36.5,36.0,35.5,35.0,34.2,33.4,32.0,29.2,25.1,20.4,11.3
1506,31.082,0.000,1499.0,146.8,-7.0,3,13239,0.000,0.000,0.185,0.299,-0.101,36.3,-13.6,0,-1.18,0.810,36.3,145.5,0.000,5.6,13.4,49.7,43.5,40.1,38.5,37.6,36.9,36.3,35.8,35.3,34.8,34.1,33.3,31.9,29.1,25.0,20.4,11.4
1507,31.104,0.000,1500.0,146.3,-7.0,3,13195,0.000,0.000,0.187,0.306,-0.100,36.2,-13.5,0,-1.16,0.810,36.2,145.1,0.000,5.5,13.3,49.5,43.4,39.9,38.3,37.4,36.7,36.2,35.7,35.1,34.6,33.9,33.2,31.7,29.0,25.0,20.4,11.4
1508,31.126,0.000,1500.9,145.8,-6.9,3,13152,0.000,0.000,0.188,0.314,-0.098,36.0,-13.4,0,-1.15,0.810,36.0,145.3,0.000,5.5,13.3,49.3,43.2,39.8,38.1,37.3,36.5,36.0,35.5,35.0,34.5,33.8,33.0,31.6,28.9,24.9,20.4,11.5
1509,31.148,0.000,1501.8,145.3,-7.0,3,13106,0.000,0.000,0.187,0.321,-0.097,35.9,-13.4,0,-1.14,0.810,35.9,145.0,0.000,5.4,13.2,49.1,43.0,39.6,38.0,37.1,36.4,35.9,35.4,34.9,34.4,33.7,32.9,31.5,28.8,24.9,20.4,11.5
1510,31.170,0.000,1502.7,144.8,-7.0,3,13058,0.000,0.000,0.187,0.328,-0.096,35.8,-13.4,0,-1.13,0.810,35.8,144.6,0.000,5.4,13.1,49.0,42.9,39.5,37.8,37.0,36.3,35.8,35.2,34.7,34.3,33.6,32.8,31.4,28.8,24.8,20.4,11.6
1511,31.192,0.000,1503.6,144.3,-7.1,3,13015,0.150,0.000,0.187,0.335,-0.095,35.6,-13.3,0,-1.12,0.810,35.6,144.4,0.150,5.3,13.0,48.8,42.7,39.3,37.7,36.9,36.2,35.6,35.1,34.6,34.1,33.5,32.7,31.3,28.7,24.8,20.4,11.6
1512,31.214,0.000,1504.5,143.9,-7.1,3,13030,0.200,0.000,0.188,0.342,-0.095,35.5,-10.1,0,-1.11,0.810,35.5,144.0,0.200,5.3,12.9,48.7,42.6,39.2,37.6,36.7,36.0,35.5,35.0,34.5,34.0,33.4,32.6,31.2,28.6,24.8,20.4,11.6
1513,31.236,0.000,1505.5,143.6,-7.1,3,13070,0.250,0.000,0.189,0.348,-0.093,35.4,-8.6,0,-1.11,0.810,35.4,143.7,0.250,5.2,12.9,48.6,42.4,39.0,37.4,36.6,35.9,35.4,34.9,34.4,33.9,33.2,32.5,31.1,28.5,24.7,20.3,11.7
1514,31.258,0.000,1506.4,143.4,-7.0,3,13125,0.000,0.000,0.195,0.355,-0.091,35.2,-7.3,0,-1.10,0.810,35.2,143.3,0.250,5.2,12.9,48.4,42.3,38.9,37.3,36.4,35.7,35.2,34.7,34.2,33.7,33.1,32.3,31.0,28.4,24.6,20.3,11.7
1515,31.280,0.000,1507.3,143.1,-6.9,3,13063,0.000,0.000,0.203,0.361,-0.089,35.0,-12.2,0,-1.10,0.810,35.0,142.9,0.250,5.1,12.9,48.2,42.1,38.7,37.1,36.2,35.5,35.0,34.5,34.0,33.6,32.9,32.1,30.8,28.3,24.5,20.2,11.7
1516,31.302,0.000,1508.2,142.6,-6.7,3,12994,0.000,0.000,0.213,0.366,-0.086,34.8,-12.7,0,-1.10,0.810,34.8,142.4,0.250,5.1,13.0,48.0,41.8,38.5,36.9,36.0,35.3,34.8,34.3,33.8,33.4,32.7,32.0,30.6,28.1,24.4,20.2,11.7
1517,31.324,0.000,1509.1,142.1,-6.5,3,12928,0.000,0.000,0.221,0.372,-0.084,34.6,-12.8,0,-1.11,0.810,34.6,141.9,0.250,5.1,13.1,47.8,41.6,38.3,36.7,35.8,35.1,34.6,34.1,33.7,33.2,32.5,31.8,30.4,27.9,24.3,20.1,11.7
1518,31.346,0.000,1510.0,141.6,-6.4,3,12865,0.300,0.000,0.228,0.377,-0.082,34.5,-12.8,0,-1.11,0.810,34.5,141.6,0.300,5.0,13.2,47.6,41.5,38.1,36.5,35.7,35.0,34.5,34.0,33.5,33.0,32.4,31.6,30.3,27.8,24.2,20.1,11.7
1519,31.368,0.000,1510.9,141.3,-6.5,3,12935,0.350,0.000,0.232,0.382,-0.080,34.4,-6.7,0,-1.11,0.810,34.4,141.4,0.350,5.0,13.2,47.6,41.4,38.0,36.4,35.6,34.9,34.4,33.9,33.4,32.9,32.3,31.5,30.2,27.7,24.1,20.0,11.8
1520,31.390,0.000,1511.8,141.2,-6.4,3,13028,0.000,0.000,0.238,0.387,-0.078,34.3,-4.9,0,-1.11,0.810,34.3,141.1,0.350,5.0,13.3,47.5,41.3,37.9,36.3,35.5,34.8,34.3,33.8,33.3,32.8,32.2,31.4,30.1,27.6,24.0,20.0,11.8
1521,31.412,0.000,1512.7,141.0,-6.3,3,12958,0.000,0.000,0.245,0.391,-0.076,34.1,-11.5,0,-1.12,0.810,34.1,140.9,0.350,5.0,13.4,47.4,41.1,37.8,36.2,35.3,34.6,34.1,33.6,33.2,32.7,32.0,31.3,30.0,27.5,23.9,19.9,11.8
1522,31.434,0.000,1513.6,140.5,-6.3,3,12880,0.400,0.000,0.252,0.396,-0.074,34.0,-12.3,0,-1.13,0.810,34.0,140.6,0.400,4.9,13.6,47.3,41.0,37.6,36.0,35.2,34.5,34.0,33.5,33.1,32.6,31.9,31.2,29.9,27.4,23.9,19.9,11.8
1523,31.456,0.000,1514.5,140.2,-6.3,3,12978,0.450,0.000,0.259,0.400,-0.073,33.9,-4.3,0,-1.14,0.810,33.9,140.5,0.450,4.9,13.7,47.2,41.0,37.6,36.0,35.1,34.4,33.9,33.4,33.0,32.5,31.8,31.1,29.8,27.3,23.8,19.8,11.8
1524,31.478,0.000,1515.4,140.3,-6.2,3,13101,0.500,0.000,0.267,0.403,-0.070,33.8,-2.4,0,-1.15,0.810,33.8,140.3,0.500,4.9,14.0,47.2,40.9,37.5,35.9,35.0,34.3,33.8,33.3,32.9,32.4,31.7,31.0,29.7,27.2,23.7,19.7,11.8
1525,31.500,0.000,1516.3,140.4,-6.2,3,13233,0.000,0.000,0.276,0.407,-0.068,33.7,-1.0,0,-1.17,0.810,33.7,140.1,0.500,4.9,14.3,47.1,40.8,37.4,35.8,34.9,34.2,33.7,33.2,32.7,32.3,31.6,30.9,29.6,27.1,23.6,19.7,11.8
1526,31.522,0.000,1517.2,140.2,-6.1,3,13129,0.000,0.000,0.289,0.410,-0.065,33.6,-10.7,0,-1.19,0.810,33.6,139.8,0.500,4.9,14.7,47.0,40.7,37.2,35.6,34.8,34.1,33.6,33.1,32.6,32.1,31.5,30.8,29.5,27.0,23.5,19.6,11.8
1527,31.544,0.000,1518.1,139.7,-6.0,3,13020,0.000,0.000,0.302,0.413,-0.062,33.5,-11.9,0,-1.21,0.810,33.5,139.6,0.500,4.8,15.3,47.0,40.6,37.1,35.5,34.7,34.0,33.5,33.0,32.5,32.0,31.4,30.7,29.3,26.9,23.4,19.5,11.8
1528,31.566,0.000,1519.0,139.2,-5.9,3,12918,0.550,0.000,0.313,0.416,-0.060,33.4,-11.8,0,-1.25,0.807,33.4,139.5,0.550,4.8,16.1,46.9,40.5,37.1,35.4,34.6,33.9,33.4,32.9,32.4,31.9,31.3,30.6,29.2,26.8,23.3,19.5,11.8
1529,31.588,0.000,1519.9,139.0,-5.9,3,13062,0.600,0.000,0.313,0.418,-0.058,33.4,-0.8,0,-1.28,0.793,33.4,139.5,0.600,4.8,16.8,47.0,40.5,37.0,35.4,34.6,33.9,33.4,32.9,32.4,31.9,31.2,30.5,29.2,26.8,23.3,19.4,11.7
1530,31.610,0.000,1520.8,139.2,-6.1,3,13235,0.650,0.000,0.317,0.420,-0.057,33.4,2.3,0,-1.31,0.793,33.4,139.7,0.650,4.8,17.2,47.1,40.6,37.1,35.5,34.6,33.9,33.4,32.9,32.4,31.9,31.3,30.5,29.2,26.8,23.3,19.4,11.7
1531,31.632,0.000,1521.7,139.5,-6.4,3,13418,0.700,0.000,0.319,0.421,-0.056,33.4,4.5,0,-1.33,0.786,33.4,139.9,0.700,4.8,17.5,47.3,40.7,37.2,35.5,34.7,33.9,33.4,32.9,32.4,32.0,31.3,30.6,29.2,26.8,23.3,19.4,11.7
1532,31.654,0.000,1522.6,139.8,-6.7,3,13605,0.750,0.000,0.415,0.423,-0.055,33.5,5.5,0,-3.92,0.785,33.5,140.1,0.750,4.8,58.3,47.4,40.8,37.2,35.6,34.7,34.0,33.5,33.0,32.5,32.0,31.3,30.6,29.2,26.8,23.2,19.4,11.7
1533,31.676,0.000,1523.5,140.2,-6.8,3,13794,0.000,0.000,0.360,0.423,-0.052,33.4,7.6,0,-3.95,0.654,33.4,140.2,0.750,4.8,58.5,47.5,40.8,37.2,35.6,34.7,34.0,33.4,32.9,32.4,32.0,31.3,30.5,29.2,26.7,23.2,19.3,11.7
1534,31.698,0.000,1524.4,140.2,-6.7,3,13616,0.000,0.056,0.413,0.424,-0.049,33.4,-8.6,0,-3.98,0.728,33.4,137.7,0.518,4.8,58.6,47.6,40.8,37.2,35.5,34.7,33.9,33.4,32.9,32.4,31.9,31.2,30.5,29.1,26.7,23.1,19.2,11.7
1535,31.720,0.000,1525.3,139.6,-6.6,3,12567,0.000,0.024,0.398,0.423,-0.045,33.3,-8.0,0,-4.01,0.656,33.3,137.8,0.356,4.9,58.7,47.6,40.8,37.2,35.5,34.6,33.9,33.3,32.8,32.3,31.8,31.2,30.4,29.1,26.6,23.0,19.2,11.6
1536,31.742,0.000,1526.2,138.9,-6.4,3,12535,0.000,0.000,0.427,0.423,-0.042,33.3,-8.3,0,-4.04,0.677,33.3,138.0,0.356,4.9,58.9,47.7,40.8,37.1,35.4,34.6,33.8,33.3,32.8,32.3,31.8,31.1,30.3,29.0,26.5,23.0,19.1,11.6
1537,31.764,0.000,1527.1,138.3,-6.3,3,12488,0.406,0.000,0.418,0.422,-0.040,33.4,-9.6,0,-4.08,0.637,33.4,138.3,0.406,4.9,59.3,47.9,40.9,37.2,35.5,34.6,33.9,33.4,32.8,32.3,31.8,31.1,30.4,29.0,26.5,23.0,19.1,11.6
1538,31.786,0.000,1528.0,137.9,-6.6,3,12615,0.456,0.000,0.427,0.421,-0.040,33.5,-1.9,0,-4.11,0.649,33.5,138.6,0.456,4.9,59.8,48.3,41.2,37.5,35.7,34.8,34.1,33.5,33.0,32.5,32.0,31.3,30.5,29.2,26.6,23.0,19.1,11.6
1539,31.808,0.000,1528.8,137.8,-7.1,3,12766,0.506,0.000,0.417,0.419,-0.041,33.8,0.8,0,-4.15,0.638,33.8,138.7,0.506,4.9,60.6,48.8,41.6,37.8,36.0,35.1,34.4,33.8,33.3,32.8,32.2,31.5,30.8,29.4,26.8,23.1,19.2,11.6
1540,31.830,0.000,1529.7,137.9,-7.6,3,12925,0.556,0.000,0.421,0.418,-0.042,34.1,2.0,0,-4.18,0.651,34.1,138.9,0.556,4.9,61.3,49.3,42.1,38.2,36.4,35.4,34.7,34.1,33.6,33.0,32.5,31.8,31.0,29.6,27.0,23.3,19.3,11.6
1541,31.852,0.000,1530.6,138.0,-7.9,3,13086,0.606,0.000,0.328,0.415,-0.042,34.3,3.5,0,-1.51,0.646,34.3,139.2,0.606,4.9,18.1,49.8,42.4,38.4,36.6,35.7,34.9,34.3,33.8,33.2,32.7,32.0,31.2,29.7,27.1,23.3,19.3,11.6
1542,31.874,0.000,1531.5,138.1,-8.0,3,13254,0.656,0.000,0.401,0.413,-0.040,34.4,4.7,0,-1.52,0.772,34.4,139.4,0.656,5.0,18.1,50.1,42.6,38.6,36.7,35.8,35.0,34.4,33.9,33.3,32.8,32.0,31.2,29.8,27.1,23.4,19.3,11.6
1543,31.896,0.000,1532.4,138.4,-8.1,3,13431,0.706,0.000,0.364,0.410,-0.038,34.5,7.1,0,-1.56,0.673,34.5,139.5,0.706,5.0,18.7,50.3,42.7,38.7,36.8,35.8,35.0,34.5,33.9,33.4,32.8,32.1,31.3,29.8,27.1,23.3,19.2,11.5
1544,31.918,0.000,1533.3,138.7,-8.1,3,13616,0.756,0.000,0.501,0.407,-0.035,34.5,8.7,0,-4.33,0.723,34.5,139.7,0.756,5.0,63.0,50.4,42.8,38.7,36.8,35.9,35.0,34.5,33.9,33.3,32.8,32.1,31.2,29.8,27.1,23.3,19.2,11.5
1545,31.940,0.000,1534.2,139.1,-8.1,3,13806,0.806,0.000,0.406,0.403,-0.032,34.4,11.3,0,-4.37,0.537,34.4,139.8,0.806,5.1,63.2,50.5,42.8,38.7,36.8,35.8,35.0,34.4,33.9,33.3,32.8,32.0,31.2,29.7,27.0,23.2,19.1,11.4
1546,31.962,0.000,1535.1,139.5,-8.1,3,14004,0.856,0.000,0.496,0.399,-0.029,34.4,13.4,0,-4.41,0.666,34.4,139.9,0.856,5.1,63.5,50.6,42.8,38.7,36.8,35.8,35.0,34.4,33.9,33.3,32.7,32.0,31.2,29.7,27.0,23.1,19.0,11.4
1547,31.984,0.000,1536.0,140.0,-8.2,3,14213,0.906,0.000,0.428,0.395,-0.027,34.4,16.5,0,-4.45,0.543,34.4,140.0,0.906,5.2,63.8,50.8,42.9,38.8,36.8,35.9,35.0,34.4,33.9,33.3,32.7,32.0,31.2,29.7,26.9,23.1,19.0,11.3
1548,32.006,0.000,1536.9,140.5,-8.5,3,14431,0.000,0.000,0.486,0.390,-0.025,34.5,18.8,0,-4.49,0.635,34.5,140.0,0.906,5.2,64.2,51.1,43.1,38.9,36.9,35.9,35.1,34.5,33.9,33.4,32.8,32.0,31.2,29.7,26.9,23.1,18.9,11.3
1549,32.026,0.000,1537.7,140.7,-8.5,3,14201,0.000,0.000,0.442,0.385,-0.024,34.6,-3.3,0,-4.53,0.557,34.6,140.3,0.906,5.3,64.6,51.3,43.2,39.0,37.0,36.0,35.1,34.6,34.0,33.4,32.8,32.1,31.2,29.7,26.9,23.0,18.9,11.3
1550,32.046,0.000,1538.5,140.2,-8.2,3,13974,0.956,0.000,0.486,0.380,-0.021,34.5,-8.5,0,-4.56,0.617,34.5,140.6,0.956,5.3,64.8,51.4,43.3,39.0,37.0,36.0,35.1,34.5,33.9,33.4,32.8,32.0,31.2,29.6,26.9,23.0,18.8,11.2
1551,32.066,0.000,1539.3,140.1,-8.1,3,14159,1.000,0.000,0.456,0.375,-0.019,34.5,11.9,0,-4.60,0.557,34.5,140.9,1.000,5.4,65.0,51.5,43.3,39.0,37.0,36.0,35.1,34.5,33.9,33.3,32.8,32.0,31.1,29.6,26.8,22.9,18.8,11.2
1552,32.086,0.000,1540.1,140.5,-8.3,3,14402,1.000,0.000,0.477,0.370,-0.019,34.6,20.7,0,-4.64,0.598,34.6,141.0,1.000,5.4,65.5,51.8,43.5,39.1,37.1,36.1,35.2,34.6,34.0,33.4,32.8,32.1,31.2,29.6,26.8,22.9,18.7,11.1
1553,32.106,0.000,1541.0,141.1,-8.8,3,14651,1.000,0.000,0.450,0.365,-0.020,34.8,24.8,0,-4.68,0.570,34.8,141.1,1.000,5.5,66.1,52.2,43.8,39.4,37.4,36.3,35.4,34.8,34.2,33.6,33.0,32.2,31.3,29.8,26.9,23.0,18.8,11.1
1554,32.126,0.000,1541.8,141.6,-9.5,3,14886,0.000,0.000,0.457,0.359,-0.023,35.1,27.1,0,-4.72,0.606,35.1,141.2,1.000,5.5,67.0,52.9,44.3,39.8,37.7,36.7,35.8,35.1,34.5,33.9,33.3,32.5,31.6,30.0,27.1,23.1,18.8,11.1
1555,32.146,0.000,1542.6,141.9,-10.1,3,14617,0.000,0.000,0.438,0.353,-0.026,35.5,0.3,0,-4.76,0.597,35.5,141.5,1.000,5.5,67.9,53.5,44.8,40.2,38.1,37.0,36.1,35.5,34.8,34.2,33.6,32.8,31.9,30.3,27.3,23.2,18.9,11.1
1556,32.166,0.000,1543.4,141.5,-10.1,3,14348,1.000,0.000,0.350,0.347,-0.027,35.6,-7.9,0,-1.91,0.622,35.6,141.9,1.000,5.6,21.1,53.9,45.1,40.4,38.3,37.2,36.3,35.6,35.0,34.4,33.8,32.9,32.0,30.4,27.4,23.2,18.9,11.0
1557,32.186,0.000,1544.2,141.4,-10.1,3,14525,1.000,0.000,0.428,0.341,-0.027,35.7,13.1,0,-1.93,0.742,35.7,142.3,1.000,5.6,21.3,54.2,45.3,40.6,38.4,37.3,36.4,35.7,35.1,34.4,33.8,33.0,32.1,30.4,27.4,23.2,18.9,11.0
1558,32.206,0.000,1545.0,141.8,-10.3,3,14744,1.000,0.000,0.381,0.335,-0.027,35.8,22.1,0,-1.94,0.635,35.8,142.6,1.000,5.7,21.1,54.5,45.5,40.8,38.6,37.4,36.5,35.8,35.2,34.6,33.9,33.1,32.1,30.5,27.4,23.2,18.8,11.0
1559,32.226,0.000,1545.9,142.3,-10.7,3,14974,1.000,0.000,0.421,0.329,-0.029,36.1,26.9,0,-1.93,0.699,36.1,142.8,1.000,5.7,20.2,55.1,45.9,41.1,38.9,37.7,36.8,36.1,35.4,34.8,34.1,33.3,32.3,30.6,27.6,23.3,18.9,10.9
1560,32.246,0.000,1546.7,142.8,-11.4,3,15202,1.000,0.000,0.386,0.322,-0.032,36.4,30.5,0,-1.92,0.646,36.4,143.0,1.000,5.8,19.2,55.8,46.4,41.5,39.3,38.1,37.1,36.4,35.8,35.1,34.5,33.6,32.6,30.9,27.8,23.4,18.9,10.9
1561,32.266,0.000,1547.5,143.4,-12.3,3,15417,0.000,0.000,0.403,0.316,-0.037,36.9,32.8,0,-1.92,0.693,36.9,143.2,1.000,5.8,18.3,56.6,47.1,42.1,39.8,38.6,37.6,36.9,36.2,35.5,34.9,34.0,33.0,31.2,28.0,23.6,19.0,10.9
1562,32.286,0.000,1548.3,143.7,-12.9,3,15087,1.000,0.000,0.386,0.309,-0.041,37.3,3.6,0,-1.92,0.669,37.3,144.1,1.000,5.8,17.7,57.4,47.7,42.6,40.3,39.1,38.0,37.3,36.6,36.0,35.3,34.4,33.4,31.6,28.3,23.8,19.1,10.9
1563,32.306,0.000,1549.2,143.7,-13.1,3,15217,1.000,0.000,0.407,0.303,-0.043,37.6,18.4,0,-1.94,0.693,37.6,144.9,1.000,5.9,17.5,58.0,48.1,43.0,40.6,39.3,38.3,37.6,36.9,36.2,35.5,34.6,33.6,31.7,28.4,23.9,19.2,10.9
1564,32.326,0.000,1550.0,144.1,-13.3,3,15385,1.000,0.000,0.401,0.296,-0.044,37.8,26.7,0,-1.96,0.665,37.8,145.5,1.000,5.9,17.4,58.5,48.5,43.2,40.8,39.6,38.5,37.8,37.1,36.4,35.7,34.8,33.7,31.9,28.5,23.9,19.2,10.8
1565,32.346,0.000,1550.8,144.6,-13.7,3,15569,1.000,0.000,0.410,0.290,-0.046,38.1,32.0,0,-1.97,0.672,38.1,146.3,1.000,6.0,17.3,59.1,48.9,43.6,41.2,39.9,38.8,38.1,37.4,36.6,35.9,35.0,33.9,32.1,28.7,24.0,19.2,10.8
1566,32.366,0.000,1551.6,145.1,-14.3,3,15757,0.732,0.000,0.394,0.283,-0.049,38.5,35.6,0,-1.99,0.660,38.5,147.3,1.000,6.0,17.0,59.8,49.5,44.1,41.6,40.3,39.2,38.5,37.7,37.0,36.3,35.3,34.2,32.3,28.9,24.2,19.3,10.8
1567,32.386,0.000,1552.5,145.5,-14.9,3,15784,0.786,0.000,0.392,0.276,-0.053,38.9,28.8,0,-2.00,0.682,38.9,148.5,1.000,6.0,16.7,60.6,50.1,44.6,42.1,40.8,39.7,38.9,38.1,37.4,36.7,35.7,34.6,32.6,29.1,24.3,19.4,10.8
1568,32.406,0.000,1553.3,145.9,-15.4,3,15805,0.829,0.000,0.382,0.269,-0.056,39.3,26.3,0,-2.01,0.685,39.3,149.7,1.000,6.1,16.5,61.5,50.8,45.2,42.6,41.2,40.1,39.3,38.6,37.8,37.1,36.1,34.9,33.0,29.4,24.5,19.4,10.8
1569,32.426,0.000,1554.1,146.3,-15.8,3,15842,0.863,0.000,0.378,0.263,-0.060,39.7,26.7,0,-2.03,0.699,39.7,150.7,1.000,6.1,16.3,62.3,51.4,45.6,43.0,41.7,40.5,39.7,38.9,38.2,37.4,36.4,35.3,33.2,29.6,24.6,19.5,10.8
1570,32.446,0.000,1555.0,146.6,-16.2,3,15900,0.890,0.000,0.371,0.256,-0.063,40.1,28.6,0,-2.06,0.704,40.1,151.8,1.000,6.1,16.1,63.2,51.9,46.1,43.4,42.1,40.9,40.1,39.3,38.5,37.7,36.7,35.6,33.5,29.8,24.7,19.6,10.7
1571,32.466,0.000,1555.8,147.0,-16.6,3,15974,0.912,0.000,0.368,0.249,-0.065,40.4,30.4,0,-2.09,0.713,40.4,152.8,1.000,6.2,16.0,64.2,52.5,46.6,43.8,42.5,41.3,40.4,39.6,38.8,38.1,37.0,35.8,33.8,30.0,24.9,19.6,10.7
1572,32.486,0.000,1556.7,147.4,-16.9,3,16060,0.847,0.000,0.363,0.243,-0.068,40.8,32.5,0,-2.12,0.717,40.8,153.8,1.000,6.2,15.9,65.2,53.0,47.0,44.3,42.9,41.6,40.8,40.0,39.2,38.4,37.3,36.1,34.0,30.2,25.0,19.7,10.7
1573,32.506,0.000,1557.5,147.8,-17.3,3,16111,0.858,0.000,0.358,0.236,-0.071,41.2,32.1,0,-2.16,0.724,41.2,154.9,1.000,6.2,15.8,66.4,53.6,47.5,44.7,43.3,42.1,41.2,40.4,39.6,38.8,37.7,36.5,34.3,30.4,25.1,19.7,10.7
1574,32.526,0.000,1558.3,148.1,-17.7,3,16162,0.809,0.000,0.352,0.230,-0.074,41.6,32.4,0,-2.20,0.731,41.6,156.0,1.000,6.3,15.7,67.7,54.3,48.1,45.2,43.7,42.5,41.6,40.8,39.9,39.1,38.0,36.8,34.6,30.7,25.3,19.8,10.7
1575,32.546,0.000,1559.2,148.5,-18.0,3,16180,0.847,0.000,0.347,0.224,-0.077,42.0,30.9,0,-2.25,0.740,42.0,157.1,1.000,6.3,15.6,69.2,54.9,48.6,45.7,44.2,42.9,42.0,41.2,40.3,39.5,38.4,37.1,34.9,30.9,25.4,19.9,10.6
1576,32.566,0.000,1560.0,148.9,-18.3,3,16212,0.878,0.000,0.344,0.218,-0.079,42.4,31.0,0,-2.30,0.745,42.4,158.2,1.000,6.3,15.5,70.7,55.5,49.1,46.1,44.6,43.3,42.4,41.5,40.7,39.8,38.7,37.4,35.2,31.1,25.6,19.9,10.6
1577,32.586,0.000,1560.9,149.2,-18.5,3,16263,0.757,0.000,0.342,0.211,-0.081,42.8,32.4,0,-2.36,0.750,42.8,159.2,1.000,6.4,15.4,72.4,56.2,49.5,46.5,45.0,43.7,42.8,41.9,41.0,40.2,39.0,37.7,35.4,31.3,25.7,20.0,10.6
1578,32.606,0.000,1561.7,149.6,-18.7,3,16248,0.806,0.000,0.338,0.206,-0.084,43.1,29.6,0,-2.43,0.753,43.1,160.2,1.000,6.4,15.4,74.2,56.9,50.0,46.9,45.4,44.1,43.1,42.2,41.3,40.5,39.3,38.0,35.7,31.5,25.8,20.0,10.6
1579,32.626,0.000,1562.6,149.9,-18.9,3,16254,0.845,0.000,0.336,0.200,-0.086,43.5,29.4,0,-2.50,0.755,43.5,161.1,1.000,6.4,15.3,76.1,57.6,50.4,47.3,45.7,44.4,43.5,42.6,41.7,40.8,39.6,38.2,35.9,31.6,25.9,20.1,10.5
1580,32.646,0.000,1563.4,150.3,-18.9,3,16282,0.876,0.000,0.334,0.194,-0.087,43.7,30.2,0,-2.59,0.749,43.7,161.9,1.000,6.5,15.3,78.2,58.3,50.8,47.7,46.1,44.7,43.7,42.8,41.9,41.0,39.8,38.5,36.1,31.8,26.0,20.1,10.5
1581,32.666,0.000,1564.3,150.6,-18.9,3,16332,0.794,0.000,0.332,0.189,-0.088,44.0,31.9,0,-2.68,0.742,44.0,162.8,1.000,6.5,15.3,80.3,59.1,51.2,48.0,46.3,45.0,44.0,43.1,42.2,41.3,40.0,38.7,36.3,31.9,26.0,20.1,10.5
1582,32.686,0.000,1565.2,151.0,-18.9,3,16338,0.835,0.000,0.328,0.184,-0.089,44.3,30.3,0,-2.78,0.731,44.3,163.7,1.000,6.5,15.4,82.7,59.9,51.6,48.3,46.6,45.2,44.3,43.3,42.4,41.5,40.2,38.9,36.4,32.0,26.1,20.1,10.5
1583,32.706,0.000,1566.0,151.4,-18.9,3,16363,0.868,0.000,0.324,0.179,-0.090,44.5,30.6,0,-2.90,0.720,44.5,164.6,1.000,6.6,15.4,85.4,60.8,52.0,48.6,46.9,45.5,44.5,43.6,42.6,41.7,40.4,39.1,36.6,32.1,26.1,20.1,10.4
1584,32.726,0.000,1566.9,151.8,-18.8,3,16407,0.864,0.000,0.321,0.174,-0.091,44.7,31.4,0,-3.03,0.705,44.7,165.6,1.000,6.6,15.4,88.3,61.8,52.5,48.9,47.2,45.7,44.7,43.8,42.8,41.9,40.6,39.2,36.7,32.2,26.2,20.1,10.4
1585,32.746,0.000,1567.7,152.2,-18.6,3,16446,0.864,0.000,0.319,0.169,-0.091,44.9,31.6,0,-3.17,0.687,44.9,166.7,1.000,6.6,15.4,91.4,62.8,53.0,49.2,47.4,45.9,44.9,44.0,43.0,42.1,40.8,39.4,36.8,32.3,26.2,20.1,10.4
1586,32.766,0.000,1568.6,152.6,-18.5,3,16483,0.880,0.000,0.315,0.165,-0.091,45.1,31.7,0,-3.33,0.667,45.1,167.8,1.000,6.7,15.5,95.0,63.9,53.5,49.5,47.7,46.2,45.1,44.1,43.2,42.2,40.9,39.5,37.0,32.4,26.2,20.1,10.3
1587,32.786,0.000,1569.5,153.1,-18.4,3,16527,0.863,0.000,0.311,0.161,-0.092,45.3,32.2,0,-3.50,0.645,45.3,169.1,1.000,6.7,15.5,99.1,65.0,54.1,49.9,48.0,46.4,45.3,44.3,43.3,42.4,41.1,39.6,37.1,32.5,26.3,20.1,10.3
1588,32.806,0.000,1570.3,153.6,-18.2,3,16558,0.891,0.000,0.307,0.157,-0.092,45.6,31.6,0,-3.70,0.620,45.6,171.4,1.000,6.7,15.6,103.7,66.3,54.7,50.4,48.3,46.7,45.6,44.5,43.5,42.5,41.2,39.8,37.2,32.5,26.3,20.1,10.3
1589,32.826,0.000,1571.2,154.0,-18.0,3,16599,0.912,0.000,0.298,0.153,-0.092,45.8,31.8,0,-3.93,0.581,45.8,174.2,1.000,6.8,15.6,108.9,67.8,55.4,50.8,48.7,47.0,45.8,44.7,43.7,42.7,41.3,39.9,37.3,32.6,26.3,20.1,10.3
1590,32.846,0.000,1572.1,154.5,-17.8,3,16651,0.930,0.000,0.283,0.150,-0.092,46.1,32.4,0,-4.18,0.528,46.1,177.3,1.000,6.8,15.6,115.1,69.3,56.1,51.3,49.1,47.3,46.1,44.9,43.9,42.8,41.5,40.0,37.4,32.7,26.3,20.1,10.2
1591,32.866,0.000,1573.0,155.0,-17.7,3,16714,0.904,0.000,0.257,0.146,-0.092,46.4,33.3,0,-4.47,0.453,46.4,180.7,1.000,6.8,15.7,122.5,71.1,57.0,51.9,49.5,47.7,46.4,45.2,44.1,43.0,41.6,40.1,37.5,32.7,26.3,20.1,10.2
1592,32.886,0.000,1573.8,155.6,-17.5,3,16756,0.923,0.000,0.224,0.143,-0.092,46.8,32.5,0,-4.81,0.362,46.8,184.7,1.000,6.8,15.7,131.5,73.2,58.0,52.6,50.1,48.1,46.8,45.6,44.4,43.3,41.8,40.3,37.6,32.8,26.4,20.1,10.2
1593,32.906,0.000,1574.7,156.1,-17.4,3,16800,0.938,0.000,0.203,0.140,-0.092,47.3,32.0,0,-5.21,0.290,47.3,189.1,1.000,6.9,15.7,142.6,75.6,59.1,53.3,50.7,48.6,47.3,45.9,44.7,43.6,42.0,40.4,37.7,32.9,26.4,20.1,10.2
1594,32.926,0.000,1575.6,156.7,-17.3,3,16848,0.951,0.000,0.191,0.138,-0.092,47.8,31.9,0,-5.67,0.232,47.8,198.6,1.000,6.9,15.7,156.5,78.2,60.3,54.2,51.4,49.2,47.8,46.4,45.1,43.9,42.3,40.6,37.8,33.0,26.5,20.1,10.2
1595,32.946,0.000,1576.5,157.3,-17.1,3,16903,0.961,0.000,0.187,0.135,-0.093,48.4,32.1,0,-6.22,0.185,48.4,209.2,1.000,6.9,15.7,174.6,81.4,61.8,55.2,52.2,49.9,48.4,46.9,45.6,44.3,42.6,40.9,38.0,33.1,26.5,20.1,10.1
1596,32.966,0.000,1577.4,157.8,-17.0,3,16960,0.968,0.000,0.191,0.133,-0.093,49.0,32.4,0,-6.87,0.148,49.0,220.9,1.000,6.9,15.7,199.2,85.0,63.4,56.3,53.2,50.7,49.0,47.5,46.1,44.7,43.0,41.2,38.1,33.2,26.6,20.1,10.1
1597,32.986,0.000,1578.3,158.5,-16.9,3,17015,0.975,0.000,0.173,0.131,-0.093,49.8,32.6,0,-6.83,0.119,49.8,235.0,1.000,6.9,15.7,200.0,89.3,65.3,57.6,54.2,51.6,49.8,48.2,46.7,45.3,43.4,41.5,38.4,33.3,26.6,20.1,10.1
1598,33.006,0.000,1579.2,159.1,-16.9,3,17069,0.980,0.000,0.156,0.129,-0.094,50.7,32.6,0,-6.75,0.094,50.7,244.7,1.000,6.9,15.7,200.0,94.4,67.5,59.1,55.4,52.6,50.7,49.0,47.4,45.9,44.0,42.0,38.6,33.4,26.7,20.1,10.1
1599,33.026,0.000,1580.0,159.7,-16.8,3,17120,0.984,0.000,0.137,0.127,-0.094,51.8,32.6,0,-6.67,0.069,51.8,254.4,1.000,7.0,15.6,200.0,100.7,70.0,60.8,56.8,53.8,51.8,50.0,48.2,46.6,44.6,42.5,39.0,33.6,26.8,20.2,10.1
1600,33.046,0.000,1581.0,160.4,-16.8,3,17170,0.987,0.000,0.119,0.126,-0.095,53.0,32.6,0,-6.58,0.049,53.0,265.8,1.000,7.0,15.6,200.0,108.3,73.0,62.8,58.5,55.2,53.0,51.0,49.2,47.5,45.3,43.0,39.4,33.7,26.9,20.2,10.1
1601,33.066,0.000,1581.9,161.0,-16.7,3,17215,0.990,0.000,0.103,0.124,-0.096,54.4,32.2,0,-6.48,0.033,54.4,214.2,1.000,7.0,15.6,200.0,117.7,76.4,65.1,60.3,56.7,54.4,52.2,50.3,48.4,46.1,43.7,39.8,33.9,27.0,20.3,10.1
1602,33.086,0.000,1582.8,161.7,-16.7,3,17256,0.992,0.000,0.088,0.123,-0.096,55.9,31.8,0,-6.38,0.021,55.9,221.3,1.000,7.0,15.5,200.0,129.5,80.4,67.7,62.4,58.4,55.9,53.6,51.5,49.5,47.0,44.4,40.3,34.1,27.0,20.3,10.1
1603,33.106,0.000,1583.7,162.4,-16.6,3,17295,0.993,0.000,-0.012,0.122,-0.097,57.6,31.4,0,-3.81,0.012,57.6,229.4,1.000,7.0,15.5,96.4,144.7,85.1,70.7,64.8,60.4,57.6,55.1,52.8,50.7,48.0,45.3,40.9,34.4,27.1,20.3,10.1
1604,33.126,0.000,1584.6,163.1,-16.6,3,17333,0.995,0.000,-0.033,0.121,-0.097,59.5,30.3,0,-3.41,0.005,59.5,238.2,1.000,7.0,15.4,64.4,164.0,90.4,73.9,67.4,62.5,59.5,56.7,54.2,51.9,49.0,46.1,41.5,34.6,27.2,20.4,10.1
1605,33.146,0.000,1585.5,163.8,-16.4,3,17364,0.996,0.000,-0.027,0.120,-0.096,61.3,29.1,0,-3.58,0.004,61.3,247.2,1.000,7.0,15.5,53.6,187.7,96.0,77.2,69.9,64.6,61.3,58.3,55.6,53.1,50.0,46.9,42.0,34.8,27.2,20.4,10.1
1606,33.166,0.000,1586.4,164.6,-16.1,3,17388,0.997,0.000,-0.019,0.120,-0.094,63.0,28.3,0,-3.66,0.003,63.0,256.1,1.000,7.0,15.6,48.4,200.0,101.8,80.5,72.4,66.6,63.0,59.8,56.8,54.2,50.9,47.6,42.4,34.9,27.1,20.3,10.1
1607,33.186,0.000,1587.4,165.4,-15.7,3,17408,0.997,0.000,-0.014,0.119,-0.092,64.6,27.4,0,-3.58,0.002,64.6,265.3,1.000,7.0,15.7,45.5,200.0,107.9,83.8,74.9,68.6,64.6,61.2,58.0,55.2,51.7,48.2,42.8,35.0,27.0,20.2,10.0
1608,33.206,0.000,1588.3,166.2,-15.1,3,17420,0.998,0.000,-0.006,0.119,-0.089,66.2,26.3,0,-3.52,0.002,66.2,274.7,1.000,7.0,15.8,43.8,200.0,114.5,87.2,77.4,70.5,66.2,62.5,59.2,56.2,52.4,48.8,43.1,35.1,26.9,20.1,10.0
1609,33.226,0.000,1589.2,167.0,-14.5,3,17427,0.998,0.000,0.006,0.119,-0.085,67.8,24.9,0,-3.48,0.001,67.8,284.2,1.000,7.1,16.0,42.7,200.0,121.3,90.6,79.8,72.3,67.8,63.8,60.2,57.0,53.1,49.3,43.4,35.1,26.7,20.0,10.0
1610,33.246,0.000,1590.2,167.9,-13.8,3,17426,0.999,0.000,0.021,0.119,-0.081,69.2,23.4,0,-3.44,0.001,69.2,294.0,1.000,7.1,16.2,42.1,200.0,128.6,94.0,82.2,74.1,69.2,65.0,61.2,57.8,53.7,49.7,43.6,35.1,26.6,19.8,9.9
1611,33.266,0.000,1591.1,168.7,-13.0,3,17425,0.999,0.000,0.038,0.119,-0.077,70.7,21.9,0,-3.41,0.001,70.7,376.8,1.000,7.1,16.5,41.6,200.0,136.5,97.5,84.6,75.9,70.7,66.1,62.1,58.6,54.3,50.1,43.8,35.0,26.4,19.7,9.9
1612,33.286,0.000,1592.1,169.6,-12.2,3,17424,0.999,0.000,0.056,0.119,-0.072,72.1,20.4,0,-3.39,0.001,72.1,376.8,1.000,7.2,16.8,41.3,200.0,145.3,101.2,87.1,77.7,72.1,67.3,63.1,59.4,54.9,50.5,43.9,35.0,26.2,19.5,9.8
1613,33.306,0.000,1593.0,170.4,-11.3,3,17419,0.999,0.000,0.074,0.119,-0.067,73.7,18.8,0,-3.36,0.000,73.7,376.8,1.000,7.2,17.1,41.0,200.0,155.5,105.4,89.9,79.7,73.7,68.6,64.1,60.2,55.5,50.9,44.1,34.9,26.0,19.3,9.8
1614,33.326,0.000,1594.0,171.3,-10.5,3,17416,0.999,0.000,0.093,0.119,-0.062,75.6,17.2,0,-3.33,0.000,75.6,376.8,1.000,7.2,17.4,40.6,200.0,168.1,110.2,93.1,82.0,75.6,70.1,65.3,61.2,56.2,51.4,44.4,34.9,25.9,19.1,9.8
1615,33.346,0.000,1595.0,172.1,-9.7,3,17415,1.000,0.000,0.110,0.119,-0.057,77.8,15.9,0,-3.31,0.000,77.8,376.8,1.000,7.3,17.7,40.1,200.0,184.5,116.1,97.0,84.8,77.8,71.8,66.8,62.4,57.1,52.1,44.7,35.0,25.7,19.0,9.7
1616,33.366,0.000,1595.9,173.0,-8.9,3,17419,1.000,0.000,0.125,0.119,-0.053,80.6,14.7,0,-3.26,0.000,80.6,376.8,1.000,7.3,17.9,39.4,200.0,200.0,123.7,101.9,88.2,80.6,74.1,68.6,63.9,58.3,53.0,45.3,35.1,25.7,18.8,9.7
1617,33.386,0.000,1596.9,173.8,-8.3,3,17426,1.000,0.000,0.136,0.119,-0.049,84.2,13.6,0,-3.17,0.000,84.2,376.8,1.000,7.3,18.1,38.6,200.0,200.0,134.0,108.3,92.8,84.2,77.0,71.0,65.9,59.8,54.1,46.0,35.4,25.7,18.7,9.6
1618,33.406,0.000,1597.9,174.6,-7.8,3,17438,1.000,0.000,0.132,0.120,-0.046,89.0,12.7,0,-2.69,0.000,89.0,376.8,1.000,7.3,18.2,37.6,161.7,200.0,148.4,117.1,98.9,89.0,80.9,74.2,68.5,61.8,55.7,46.9,35.8,25.8,18.7,9.6
1619,33.426,0.000,1598.8,175.4,-7.3,3,17456,1.000,0.000,0.057,0.120,-0.043,95.3,11.8,0,-2.31,-0.048,95.3,376.8,1.000,7.3,18.3,36.4,131.0,200.0,169.1,129.1,107.0,95.3,85.9,78.3,71.8,64.5,57.7,48.2,36.4,25.9,18.6,9.6
1620,33.446,0.000,1599.8,176.2,-7.1,3,17479,1.000,0.000,-0.029,0.120,-0.041,102.8,10.5,0,-2.08,-0.146,102.8,376.8,1.000,7.4,18.2,35.4,111.2,200.0,197.3,144.3,116.8,102.8,91.9,83.0,75.7,67.4,59.9,49.6,37.0,26.1,18.6,9.6
1621,33.466,0.000,1600.8,177.0,-6.8,3,17502,1.000,0.000,-0.107,0.120,-0.036,108.7,9.0,0,-1.95,-0.268,108.7,376.8,1.000,7.4,18.4,34.9,101.6,200.0,200.0,157.2,124.7,108.7,96.3,86.5,78.5,69.5,61.5,50.5,37.3,26.1,18.6,9.5
1622,33.486,0.000,1601.8,177.9,-6.1,3,17512,1.000,0.000,-0.160,0.119,-0.026,107.3,7.4,0,-2.00,-0.412,107.3,376.8,1.000,7.5,18.8,35.8,103.7,200.0,200.0,155.2,123.1,107.3,95.0,85.3,77.4,68.5,60.6,49.8,36.8,25.7,18.3,9.4
1623,33.506,0.000,1602.8,178.8,-4.8,3,17506,1.000,0.000,-0.126,0.117,-0.010,96.4,5.4,0,-2.30,-0.470,96.4,376.8,1.000,7.6,19.7,38.4,123.7,200.0,181.8,134.2,109.2,96.4,86.3,78.1,71.3,63.6,56.6,47.0,35.1,24.8,17.8,9.3
1624,33.526,0.000,1603.8,179.7,-2.8,3,17501,1.000,0.000,-0.022,0.114,0.011,82.9,3.5,0,-3.04,-0.470,95.2,376.8,1.000,7.8,21.0,42.9,174.4,200.0,140.6,110.0,92.4,82.9,75.2,68.9,63.5,57.2,51.4,43.3,32.9,23.6,17.1,9.1
1625,33.546,0.000,1604.8,180.6,-0.8,3,17512,1.000,0.000,0.074,0.109,0.030,73.4,2.5,0,-3.60,-0.470,108.5,376.8,1.000,8.1,22.4,47.8,200.0,200.0,116.2,94.2,80.8,73.4,67.2,62.0,57.5,52.3,47.4,40.3,31.0,22.5,16.5,8.9
1626,33.566,0.000,1605.8,181.5,0.4,3,17527,1.000,0.000,0.132,0.102,0.044,69.5,1.8,0,-3.74,-0.470,132.3,376.8,1.000,8.2,23.2,50.7,200.0,182.7,107.5,88.2,76.2,69.5,63.8,59.0,54.9,50.1,45.4,38.8,30.0,21.9,16.1,8.8
1627,33.586,0.000,1606.8,182.3,0.6,3,17550,1.000,0.000,0.154,0.095,0.050,70.4,1.3,0,-3.72,-0.470,160.1,376.8,1.000,8.4,23.4,50.3,200.0,194.8,110.8,90.1,77.5,70.4,64.6,59.6,55.3,50.3,45.6,38.8,29.9,21.8,15.9,8.7
1628,33.606,0.000,1607.9,183.1,0.1,3,17593,1.000,0.000,0.151,0.086,0.052,75.5,1.4,0,-3.56,-0.470,174.4,376.8,1.000,8.5,23.1,47.7,200.0,200.0,125.2,99.1,83.8,75.5,68.7,63.0,58.2,52.6,47.4,40.0,30.5,22.0,16.0,8.6
1629,33.626,0.000,1608.9,183.9,-0.8,3,17654,1.000,0.000,0.118,0.077,0.051,84.4,2.0,0,-2.85,-0.470,182.8,376.8,1.000,8.5,22.5,44.5,152.0,200.0,153.6,115.6,95.1,84.4,75.9,68.9,63.1,56.5,50.4,42.0,31.6,22.4,16.1,8.5
1630,33.646,0.000,1609.9,184.6,-1.8,3,17735,1.000,0.000,0.091,0.067,0.050,97.1,2.9,0,-2.34,-0.470,200.0,376.8,1.000,8.5,21.9,41.5,118.2,200.0,200.0,141.8,111.8,97.1,85.8,76.9,69.7,61.6,54.4,44.6,32.8,22.9,16.3,8.5
1631,33.666,0.000,1611.0,185.4,-2.6,3,17820,1.000,0.000,0.074,0.057,0.049,113.6,3.8,0,-1.99,-0.470,200.0,376.8,1.000,8.6,21.4,39.1,98.3,200.0,200.0,181.5,134.6,113.6,98.3,86.6,77.4,67.4,58.8,47.4,34.2,23.5,16.5,8.5
1632,33.686,0.000,1612.0,186.2,-3.3,3,17892,1.000,0.000,0.066,0.045,0.049,134.9,4.5,0,-1.73,-0.470,200.0,376.8,1.000,8.6,21.0,37.3,85.6,200.0,200.0,200.0,166.0,134.9,113.6,98.1,86.4,74.0,63.5,50.3,35.5,24.0,16.6,8.4
1633,33.706,0.000,1613.0,186.9,-3.7,3,17963,1.000,0.000,0.050,0.033,0.047,162.7,4.7,0,-1.50,-0.470,200.0,376.8,1.000,8.6,20.6,35.8,77.1,200.0,200.0,200.0,200.0,162.7,132.4,111.6,96.5,81.1,68.6,53.3,36.9,24.5,16.8,8.4
1634,33.726,0.000,1614.1,187.7,-3.9,3,18030,1.000,0.000,0.010,0.022,0.040,198.4,4.5,0,-1.29,-0.470,200.0,376.8,1.000,8.6,20.4,34.7,71.2,194.5,200.0,200.0,200.0,198.4,154.7,126.9,107.5,88.6,73.7,56.2,38.1,24.9,16.9,8.4
1635,33.746,0.000,1615.1,188.6,-3.9,3,18064,1.000,0.000,-0.018,0.012,0.035,200.0,3.6,0,-1.09,-0.470,200.0,376.8,1.000,8.7,20.3,34.1,67.8,168.5,200.0,200.0,200.0,200.0,175.4,140.1,116.6,94.5,77.7,58.3,38.9,25.1,17.0,8.3
1636,33.766,0.000,1616.2,189.4,-3.6,3,18118,1.000,0.000,-0.028,0.003,0.033,200.0,3.0,0,-1.03,-0.470,200.0,376.8,1.000,8.8,20.3,34.0,66.9,160.9,200.0,200.0,200.0,200.0,184.5,145.6,120.2,96.7,79.0,58.8,39.0,25.1,16.9,8.2
1637,33.786,0.000,1617.2,190.2,-2.9,3,18182,1.000,0.000,-0.021,-0.006,0.033,200.0,2.7,0,-1.07,-0.470,200.0,376.8,1.000,8.8,20.5,34.4,67.9,164.5,200.0,200.0,200.0,200.0,180.1,142.6,118.0,95.1,77.8,58.1,38.6,24.8,16.7,8.2
1638,33.806,0.000,1618.3,191.0,-2.1,3,18244,1.000,0.000,-0.006,-0.014,0.035,200.0,2.4,0,-1.16,-0.470,200.0,376.8,1.000,8.9,20.8,35.0,69.8,174.4,200.0,200.0,200.0,200.0,169.4,135.6,113.0,91.6,75.4,56.6,37.8,24.5,16.5,8.1
1639,33.826,0.000,1619.3,191.9,-1.4,3,18302,1.000,0.000,0.008,-0.022,0.037,200.0,1.9,0,-1.26,-0.470,200.0,376.8,1.000,9.0,21.1,35.7,71.8,184.9,200.0,200.0,200.0,200.0,160.2,129.4,108.5,88.6,73.2,55.2,37.1,24.1,16.3,8.0
1640,33.846,0.000,1620.4,192.7,-0.8,3,18356,1.000,0.000,0.015,-0.030,0.037,200.0,1.5,0,-1.30,-0.470,200.0,376.8,1.000,9.1,21.3,36.1,72.8,189.8,200.0,200.0,200.0,200.0,156.3,126.7,106.5,87.1,72.1,54.5,36.7,23.8,16.1,7.9
1641,33.866,0.000,1621.5,193.5,-0.6,3,18412,1.000,0.000,0.016,-0.037,0.037,200.0,1.1,0,-1.30,-0.470,200.0,376.8,1.000,9.1,21.4,36.2,72.9,188.3,200.0,200.0,200.0,200.0,157.2,127.1,106.6,87.0,72.0,54.3,36.5,23.7,16.0,7.9
1642,33.886,0.000,1622.5,194.4,-0.5,3,18361,1.000,0.000,0.013,-0.044,0.036,200.0,-1.4,0,-1.27,-0.470,200.0,376.8,1.000,9.2,21.5,36.2,72.5,183.7,200.0,200.0,200.0,200.0,160.6,129.1,107.9,87.8,72.4,54.5,36.5,23.6,16.0,7.8
1643,33.906,0.000,1623.6,195.2,-0.4,3,18420,1.000,0.000,0.009,-0.051,0.035,200.0,-1.9,0,-1.23,-0.470,200.0,376.8,1.000,9.2,21.5,36.2,72.1,179.0,200.0,200.0,200.0,200.0,164.7,131.6,109.5,88.7,72.9,54.7,36.5,23.6,15.9,7.8
1644,33.926,0.000,1624.7,196.0,-0.4,3,18518,1.000,0.000,0.007,-0.057,0.034,200.0,-1.4,0,-1.21,-0.470,200.0,376.8,1.000,9.3,21.6,36.3,71.7,175.2,200.0,200.0,200.0,200.0,168.4,133.7,110.9,89.5,73.3,54.8,36.5,23.5,15.8,7.7
1645,33.946,0.000,1625.8,196.7,-0.4,3,18645,1.000,0.000,0.005,-0.064,0.033,200.0,-0.4,0,-1.19,-0.470,200.0,376.8,1.000,9.3,21.7,36.3,71.5,172.3,200.0,200.0,200.0,200.0,171.5,135.4,111.9,90.0,73.6,54.9,36.4,23.4,15.8,7.7
1646,33.966,0.000,1626.9,197.5,-0.4,3,18762,1.000,0.000,0.004,-0.070,0.032,200.0,0.4,0,-1.17,-0.470,200.0,376.8,1.000,9.4,21.8,36.4,71.4,170.2,200.0,200.0,200.0,200.0,173.9,136.8,112.7,90.4,73.8,54.9,36.3,23.3,15.7,7.7
1647,33.986,0.000,1628.0,198.3,-0.3,3,18859,1.000,0.000,0.005,-0.076,0.032,200.0,0.9,0,-1.16,-0.470,200.0,376.8,1.000,9.4,21.8,36.5,71.3,168.6,200.0,200.0,200.0,200.0,175.9,137.8,113.2,90.7,73.8,54.8,36.2,23.2,15.6,7.6
1648,34.006,0.000,1629.1,199.0,-0.3,3,18932,1.000,0.000,0.005,-0.082,0.031,200.0,0.9,0,-1.15,-0.470,200.0,376.8,1.000,9.5,21.9,36.6,71.3,167.2,200.0,200.0,200.0,200.0,177.8,138.7,113.8,90.9,73.9,54.7,36.1,23.1,15.5,7.6
1649,34.026,0.000,1630.2,199.9,-0.3,3,18939,1.000,0.000,0.005,-0.088,0.030,200.0,-0.4,0,-1.14,-0.470,200.0,376.8,1.000,9.5,22.0,36.7,71.3,166.0,200.0,200.0,200.0,200.0,179.6,139.6,114.2,91.0,73.9,54.7,36.0,23.0,15.4,7.5
1650,34.046,0.000,1631.3,200.7,-0.2,3,19000,1.000,0.000,0.006,-0.094,0.030,200.0,-0.7,0,-1.14,-0.470,200.0,376.8,1.000,9.6,22.1,36.8,71.3,164.8,200.0,200.0,200.0,200.0,181.3,140.5,114.7,91.2,73.9,54.6,35.9,22.9,15.4,7.5
1651,34.066,0.000,1632.4,201.4,-0.2,3,19074,1.000,0.000,0.006,-0.099,0.029,200.0,-0.7,0,-1.13,-0.470,200.0,376.8,1.000,9.6,22.2,36.9,71.3,163.6,200.0,200.0,200.0,200.0,183.3,141.4,115.2,91.4,74.0,54.5,35.8,22.8,15.3,7.4
1652,34.086,0.000,1633.5,202.2,-0.2,3,19152,1.000,0.000,0.006,-0.105,0.029,200.0,-0.6,0,-1.12,-0.470,200.0,376.8,1.000,9.7,22.2,36.9,71.2,162.2,200.0,200.0,200.0,200.0,185.7,142.6,115.8,91.7,74.1,54.5,35.7,22.7,15.2,7.4
1653,34.106,0.000,1634.7,202.9,-0.2,3,19226,1.000,0.000,0.006,-0.111,0.028,200.0,-0.5,0,-1.10,-0.470,200.0,376.8,1.000,9.7,22.3,37.0,71.1,160.7,200.0,200.0,200.0,200.0,188.3,144.0,116.6,92.0,74.2,54.5,35.6,22.7,15.1,7.3
1654,34.126,0.000,1635.8,203.7,-0.2,3,19293,1.000,0.000,0.006,-0.116,0.028,200.0,-0.6,0,-1.09,-0.470,200.0,376.8,1.000,9.7,22.4,37.1,71.0,159.2,200.0,200.0,200.0,200.0,191.2,145.4,117.4,92.4,74.4,54.4,35.5,22.6,15.1,7.3
1655,34.146,0.000,1636.9,204.4,-0.2,3,19368,1.000,0.000,0.006,-0.121,0.027,200.0,-0.5,0,-1.08,-0.470,200.0,376.8,1.000,9.8,22.4,37.1,70.9,157.7,200.0,200.0,200.0,200.0,194.3,147.0,118.2,92.8,74.5,54.5,35.4,22.5,15.0,7.3
1656,34.166,0.000,1638.1,205.1,-0.2,3,19434,1.000,0.000,0.005,-0.127,0.026,200.0,-0.6,0,-1.06,-0.470,200.0,376.5,1.000,9.8,22.5,37.2,70.8,156.1,200.0,200.0,200.0,200.0,197.8,148.8,119.3,93.3,74.8,54.5,35.4,22.4,14.9,7.2
1657,34.186,0.000,1639.2,205.9,-0.2,3,19485,1.000,0.000,0.005,-0.132,0.026,200.0,-0.9,0,-1.05,-0.470,200.0,376.4,1.000,9.9,22.6,37.2,70.6,154.7,200.0,200.0,200.0,200.0,200.0,150.5,120.2,93.8,75.0,54.5,35.3,22.3,14.9,7.2
1658,34.206,0.000,1640.4,206.0,-0.2,4,15782,1.000,0.000,0.005,-0.137,0.025,200.0,-14.8,0,-1.04,-0.470,200.0,376.5,1.000,9.9,22.6,37.3,70.6,153.6,200.0,200.0,200.0,200.0,200.0,151.8,120.9,94.1,75.1,54.5,35.2,22.3,14.8,7.1
1659,34.226,0.000,1641.5,206.3,-0.2,4,16012,1.000,0.000,0.006,-0.142,0.025,200.0,-4.4,0,-1.04,-0.470,200.0,376.5,1.000,9.9,22.7,37.4,70.6,152.8,200.0,200.0,200.0,200.0,200.0,152.9,121.5,94.3,75.1,54.4,35.1,22.2,14.7,7.1
1660,34.246,0.000,1642.7,206.8,-0.2,4,16204,1.000,0.000,0.006,-0.147,0.024,200.0,-3.8,0,-1.03,-0.470,200.0,376.3,1.000,10.0,22.8,37.4,70.5,151.6,200.0,200.0,200.0,200.0,200.0,154.5,122.3,94.7,75.3,54.4,35.0,22.1,14.7,7.1
1661,34.266,0.000,1643.8,207.4,-0.2,4,16354,1.000,0.000,0.006,-0.152,0.024,200.0,-3.9,0,-1.02,-0.470,200.0,376.2,1.000,10.0,22.8,37.4,70.4,150.3,200.0,200.0,200.0,200.0,200.0,156.4,123.3,95.2,75.5,54.4,35.0,22.0,14.6,7.0
1662,34.286,0.000,1645.0,207.9,-0.2,4,16475,1.000,0.000,0.005,-0.156,0.023,200.0,-3.5,0,-1.01,-0.470,200.0,375.9,1.000,10.0,22.9,37.5,70.2,148.9,200.0,200.0,200.0,200.0,200.0,158.6,124.5,95.8,75.8,54.5,34.9,22.0,14.6,7.0
1663,34.306,0.000,1646.1,208.5,-0.2,4,16571,1.000,0.000,0.159,-0.161,0.023,200.0,-3.7,0,-1.00,0.000,200.0,375.7,1.000,10.1,22.9,37.5,70.1,147.5,200.0,200.0,200.0,200.0,200.0,160.8,125.8,96.4,76.1,54.6,34.9,21.9,14.5,7.0
1664,34.326,0.000,1647.3,209.1,-0.0,4,16646,1.000,0.000,0.139,-0.165,0.019,200.0,-3.4,0,-0.88,0.000,200.0,375.9,1.000,10.1,22.7,37.0,67.9,137.9,200.0,200.0,200.0,200.0,200.0,180.1,137.1,102.8,79.9,56.4,35.6,22.1,14.6,7.0
1665,34.346,0.000,1648.4,209.6,-0.7,4,16708,1.000,0.000,0.089,-0.169,0.011,200.0,-3.4,0,-0.63,0.000,200.0,376.1,1.000,10.0,22.2,35.5,62.9,118.3,200.0,200.0,200.0,200.0,200.0,200.0,178.3,124.1,92.1,62.2,37.7,22.9,14.9,7.0
1666,34.366,0.000,1649.6,210.1,-1.7,4,16761,1.000,0.000,0.033,-0.171,0.001,200.0,-3.5,0,-0.32,0.000,200.0,376.2,1.000,9.9,21.6,33.9,58.0,101.9,164.2,200.0,200.0,200.0,200.0,200.0,200.0,163.1,111.9,70.5,40.5,23.8,15.2,7.0
1667,34.386,0.000,1650.8,210.6,-2.5,4,16806,1.000,0.000,-0.012,-0.172,-0.007,200.0,-3.6,0,-0.08,0.000,200.0,376.3,1.000,9.9,21.2,32.8,54.7,92.0,139.8,193.3,200.0,200.0,200.0,200.0,200.0,200.0,134.5,78.8,43.1,24.7,15.6,7.1
1668,34.406,0.000,1651.9,211.2,-2.7,4,16844,1.000,0.000,-0.033,-0.173,-0.010,200.0,-3.7,0,0.03,0.000,200.0,376.3,1.000,9.9,21.0,32.3,53.3,87.9,130.5,176.0,200.0,200.0,200.0,200.0,200.0,200.0,149.0,83.5,44.5,25.1,15.7,7.1
1669,34.426,0.000,1653.1,211.8,-2.3,4,16877,1.000,0.000,-0.032,-0.174,-0.010,200.0,-3.9,0,0.02,0.000,200.0,376.3,1.000,9.9,21.0,32.3,53.4,88.2,131.0,177.0,200.0,200.0,200.0,200.0,200.0,200.0,148.0,83.1,44.3,25.0,15.7,7.1
1670,34.446,0.000,1654.3,212.3,-1.5,4,16906,1.000,0.000,-0.017,-0.173,-0.008,200.0,-4.2,0,-0.06,0.000,200.0,376.4,1.000,9.9,21.2,32.7,54.4,91.0,137.4,188.7,200.0,200.0,200.0,200.0,200.0,200.0,137.8,79.8,43.4,24.7,15.6,7.1
1671,34.466,0.000,1655.5,212.9,-0.8,4,16932,1.000,0.000,-0.001,-0.173,-0.005,200.0,-4.4,0,-0.14,0.000,200.0,376.6,1.000,9.9,21.3,33.1,55.6,94.5,145.5,200.0,200.0,200.0,200.0,200.0,200.0,199.2,127.7,76.3,42.3,24.4,15.5,7.0
1672,34.486,0.000,1656.7,213.4,-0.2,4,16955,1.000,0.000,0.011,-0.173,-0.003,200.0,-4.6,0,-0.21,0.000,200.0,376.8,1.000,9.9,21.4,33.4,56.4,96.9,151.5,200.0,200.0,200.0,200.0,200.0,200.0,185.0,121.7,74.2,41.7,24.2,15.4,7.0
1673,34.506,0.000,1657.8,214.0,0.1,4,16978,1.000,0.000,0.014,-0.172,-0.002,200.0,-4.8,0,-0.22,0.000,200.0,376.8,1.000,9.9,21.5,33.5,56.7,97.7,153.3,200.0,200.0,200.0,200.0,200.0,200.0,181.3,120.1,73.6,41.5,24.1,15.4,7.0
1674,34.526,0.000,1659.0,214.5,0.1,4,16999,1.000,0.000,0.011,-0.172,-0.003,200.0,-4.9,0,-0.20,0.000,200.0,376.8,1.000,9.9,21.4,33.4,56.4,96.9,151.4,200.0,200.0,200.0,200.0,200.0,200.0,185.1,121.8,74.2,41.7,24.2,15.4,7.0
1675,34.546,0.000,1660.2,215.1,-0.0,4,17021,1.000,0.000,0.005,-0.171,-0.004,200.0,-4.9,0,-0.17,0.000,200.0,376.8,1.000,9.9,21.3,33.2,55.9,95.5,148.0,200.0,200.0,200.0,200.0,200.0,200.0,192.6,125.0,75.4,42.1,24.4,15.4,7.1
1676,34.566,0.000,1661.4,215.6,-0.1,4,17044,1.000,0.000,-0.001,-0.170,-0.005,200.0,-4.9,0,-0.13,0.000,200.0,376.8,1.000,9.9,21.3,33.0,55.5,94.2,145.1,200.0,200.0,200.0,200.0,200.0,200.0,200.0,128.2,76.6,42.5,24.5,15.5,7.1
1677,34.586,0.000,1662.6,216.2,-0.2,4,17067,1.000,0.000,-0.004,-0.170,-0.005,200.0,-5.0,0,-0.12,0.000,200.0,376.8,1.000,9.9,21.2,32.9,55.2,93.5,143.5,200.0,200.0,200.0,200.0,200.0,200.0,200.0,130.0,77.3,42.7,24.6,15.5,7.1
1678,34.606,0.000,1663.8,216.7,-0.2,4,17091,1.000,0.000,-0.004,-0.169,-0.005,200.0,-5.0,0,-0.12,0.000,200.0,376.8,1.000,9.9,21.2,32.9,55.1,93.4,143.3,200.0,200.0,200.0,200.0,200.0,200.0,200.0,130.2,77.4,42.8,24.6,15.6,7.1
1679,34.626,0.000,1665.0,217.3,-0.1,4,17113,1.000,0.000,-0.003,-0.168,-0.005,200.0,-5.0,0,-0.12,0.000,200.0,376.8,1.000,9.9,21.2,32.9,55.2,93.7,144.0,200.0,200.0,200.0,200.0,200.0,200.0,200.0,129.4,77.2,42.7,24.6,15.6,7.1
1680,34.646,0.000,1666.2,217.8,-0.0,4,17136,1.000,0.000,-0.001,-0.167,-0.005,200.0,-5.1,0,-0.13,0.000,200.0,376.8,1.000,9.9,21.2,32.9,55.3,94.1,145.0,200.0,200.0,200.0,200.0,200.0,200.0,200.0,128.4,76.8,42.6,24.6,15.6,7.1
1681,34.666,0.000,1667.5,218.3,0.1,4,17159,1.000,0.000,0.001,-0.166,-0.004,200.0,-5.1,0,-0.14,0.000,200.0,376.8,1.000,9.8,21.2,33.0,55.4,94.4,145.8,200.0,200.0,200.0,200.0,200.0,200.0,197.8,127.5,76.5,42.6,24.6,15.6,7.1
1682,34.686,0.000,1668.7,218.9,0.1,4,17181,1.000,0.000,0.001,-0.165,-0.004,200.0,-5.2,0,-0.14,0.000,200.0,376.8,1.000,9.8,21.2,33.0,55.4,94.5,146.1,200.0,200.0,200.0,200.0,200.0,200.0,197.0,127.2,76.5,42.6,24.6,15.6,7.1
1683,34.706,0.000,1669.9,219.4,0.1,4,17202,1.000,0.000,0.001,-0.164,-0.004,200.0,-5.3,0,-0.14,0.000,200.0,376.8,1.000,9.8,21.2,32.9,55.4,94.4,145.9,200.0,200.0,200.0,200.0,200.0,200.0,197.3,127.4,76.6,42.6,24.6,15.6,7.1
1684,34.726,0.000,1671.1,220.0,0.1,4,17225,1.000,0.000,0.000,-0.163,-0.004,200.0,-5.4,0,-0.13,0.000,200.0,376.8,1.000,9.8,21.2,32.9,55.3,94.2,145.5,200.0,200.0,200.0,200.0,200.0,200.0,198.3,127.8,76.8,42.7,24.7,15.6,7.1
1685,34.746,0.000,1672.3,220.5,0.1,4,17246,1.000,0.000,-0.000,-0.162,-0.004,200.0,-5.4,0,-0.13,0.000,200.0,376.8,1.000,9.8,21.1,32.8,55.2,94.0,145.1,200.0,200.0,200.0,200.0,200.0,200.0,199.2,128.3,77.0,42.8,24.7,15.6,7.1
1686,34.766,0.000,1673.6,221.0,0.1,4,17268,1.000,0.000,-0.001,-0.161,-0.004,200.0,-5.5,0,-0.12,0.000,200.0,376.8,1.000,9.8,21.1,32.8,55.1,93.8,144.8,200.0,200.0,200.0,200.0,200.0,200.0,199.9,128.6,77.1,42.9,24.7,15.7,7.2
1687,34.786,0.000,1674.8,221.6,0.1,4,17290,1.000,0.000,-0.001,-0.160,-0.004,200.0,-5.5,0,-0.12,0.000,200.0,376.8,1.000,9.8,21.1,32.8,55.1,93.8,144.7,200.0,200.0,200.0,200.0,200.0,200.0,200.0,128.8,77.2,42.9,24.8,15.7,7.2
1688,34.806,0.000,1676.0,222.1,0.1,4,17313,1.000,0.000,-0.001,-0.159,-0.004,200.0,-5.6,0,-0.12,0.000,200.0,376.8,1.000,9.8,21.1,32.8,55.1,93.8,144.7,200.0,200.0,200.0,200.0,200.0,200.0,200.0,128.8,77.2,43.0,24.8,15.7,7.2
1689,34.826,0.000,1677.3,222.6,0.1,4,17335,1.000,0.000,-0.001,-0.158,-0.004,200.0,-5.6,0,-0.12,0.000,200.0,376.8,1.000,9.8,21.1,32.8,55.1,93.8,144.9,200.0,200.0,200.0,200.0,200.0,200.0,199.6,128.6,77.2,43.0,24.8,15.7,7.2
1690,34.846,0.000,1678.5,223.1,0.1,4,17357,1.000,0.000,-0.000,-0.157,-0.004,200.0,-5.7,0,-0.13,0.000,200.0,376.8,1.000,9.8,21.1,32.7,55.1,93.8,145.0,200.0,200.0,200.0,200.0,200.0,200.0,199.1,128.5,77.2,43.0,24.8,15.7,7.2
1691,34.866,0.000,1679.7,223.7,0.1,4,17378,1.000,0.000,-0.000,-0.156,-0.004,200.0,-5.7,0,-0.13,0.000,200.0,376.8,1.000,9.8,21.1,32.7,55.0,93.8,145.1,200.0,200.0,200.0,200.0,200.0,200.0,198.8,128.4,77.2,43.0,24.8,15.7,7.2
1692,34.886,0.000,1681.0,224.2,0.1,4,17398,1.000,0.000,-0.000,-0.155,-0.004,200.0,-5.8,0,-0.13,0.000,200.0,376.8,1.000,9.8,21.0,32.7,55.0,93.7,145.0,200.0,200.0,200.0,200.0,200.0,200.0,199.0,128.5,77.3,43.1,24.9,15.8,7.2
1693,34.906,0.000,1682.2,224.7,0.1,4,17420,1.000,0.000,-0.000,-0.154,-0.004,200.0,-5.9,0,-0.12,0.000,200.0,376.8,1.000,9.8,21.0,32.7,55.0,93.7,144.8,200.0,200.0,200.0,200.0,200.0,200.0,199.2,128.7,77.4,43.1,24.9,15.8,7.2
1694,34.926,0.000,1683.5,225.2,0.1,4,17442,1.000,0.000,-0.001,-0.153,-0.004,200.0,-5.9,0,-0.12,0.000,200.0,376.8,1.000,9.7,21.0,32.6,54.9,93.6,144.7,200.0,200.0,200.0,200.0,200.0,200.0,199.6,128.9,77.5,43.2,24.9,15.8,7.2
1695,34.946,0.000,1684.7,225.7,0.1,4,17463,1.000,0.000,-0.001,-0.152,-0.004,200.0,-6.0,0,-0.12,0.000,200.0,376.8,1.000,9.7,21.0,32.6,54.9,93.5,144.6,200.0,200.0,200.0,200.0,200.0,200.0,199.7,129.0,77.6,43.2,25.0,15.8,7.2
1696,34.966,0.000,1686.0,226.3,0.1,4,17485,1.000,0.000,-0.000,-0.152,-0.004,200.0,-6.0,0,-0.12,0.000,200.0,376.8,1.000,9.7,21.0,32.6,54.8,93.5,144.7,200.0,200.0,200.0,200.0,200.0,200.0,199.5,128.9,77.6,43.2,25.0,15.8,7.2
1697,34.986,0.000,1687.2,226.8,0.1,4,17506,1.000,0.000,-0.000,-0.151,-0.004,200.0,-6.1,0,-0.12,0.000,200.0,376.8,1.000,9.7,21.0,32.6,54.8,93.5,144.7,200.0,200.0,200.0,200.0,200.0,200.0,199.3,128.9,77.6,43.3,25.0,15.8,7.2
1698,35.006,0.000,1688.5,227.3,0.1,4,17527,1.000,0.000,-0.000,-0.150,-0.004,200.0,-6.1,0,-0.12,0.000,200.0,376.8,1.000,9.7,20.9,32.6,54.8,93.4,144.6,200.0,200.0,200.0,200.0,200.0,200.0,199.4,129.0,77.7,43.3,25.0,15.9,7.2
1699,35.026,0.000,1689.8,227.8,0.1,4,17548,1.000,0.000,-0.001,-0.149,-0.004,200.0,-6.2,0,-0.12,0.000,200.0,376.8,1.000,9.7,20.9,32.5,54.7,93.3,144.5,200.0,200.0,200.0,200.0,200.0,200.0,199.7,129.2,77.8,43.4,25.0,15.9,7.3
1700,35.046,0.000,1691.0,228.3,0.1,4,17569,1.000,0.000,-0.001,-0.148,-0.004,200.0,-6.2,0,-0.12,0.000,200.0,376.8,1.000,9.7,20.9,32.5,54.7,93.3,144.4,200.0,200.0,200.0,200.0,200.0,200.0,199.7,129.3,77.8,43.4,25.1,15.9,7.3
1701,35.066,0.000,1692.3,228.8,0.1,4,17589,1.000,0.000,-0.000,-0.147,-0.004,200.0,-6.3,0,-0.12,0.000,200.0,376.8,1.000,9.7,20.9,32.5,54.7,93.3,144.5,200.0,200.0,200.0,200.0,200.0,200.0,199.4,129.2,77.8,43.4,25.1,15.9,7.3
1702,35.086,0.000,1693.6,229.3,0.1,4,17611,1.000,0.000,-0.000,-0.146,-0.004,200.0,-6.3,0,-0.12,0.000,200.0,376.8,1.000,9.7,20.9,32.5,54.7,93.3,144.6,200.0,200.0,200.0,200.0,200.0,200.0,199.2,129.1,77.8,43.4,25.1,15.9,7.3
1703,35.106,0.000,1694.9,229.8,0.1,4,17631,1.000,0.000,-0.000,-0.145,-0.004,200.0,-6.4,0,-0.12,0.000,200.0,376.8,1.000,9.7,20.9,32.4,54.6,93.3,144.5,200.0,200.0,200.0,200.0,200.0,200.0,199.3,129.2,77.9,43.5,25.1,15.9,7.3
1704,35.126,0.000,1696.1,230.3,0.1,4,17652,1.000,0.000,-0.000,-0.144,-0.004,200.0,-6.4,0,-0.11,0.000,200.0,376.8,1.000,9.7,20.8,32.4,54.6,93.2,144.4,200.0,200.0,200.0,200.0,200.0,200.0,199.5,129.4,78.0,43.5,25.2,16.0,7.3
1705,35.146,0.000,1697.4,230.8,0.0,4,17673,1.000,0.000,-0.001,-0.143,-0.004,200.0,-6.5,0,-0.11,0.000,200.0,376.8,1.000,9.7,20.8,32.4,54.5,93.1,144.2,200.0,200.0,200.0,200.0,200.0,200.0,199.8,129.5,78.1,43.6,25.2,16.0,7.3
1706,35.166,0.000,1698.7,231.3,0.0,4,17693,1.000,0.000,-0.001,-0.142,-0.004,200.0,-6.6,0,-0.11,0.000,200.0,376.8,1.000,9.7,20.8,32.4,54.5,93.1,144.2,200.0,200.0,200.0,200.0,200.0,200.0,199.8,129.6,78.1,43.6,25.2,16.0,7.3
1707,35.186,0.000,1700.0,231.8,0.0,4,17714,1.000,0.000,-0.000,-0.142,-0.004,200.0,-6.6,0,-0.11,0.000,200.0,376.8,1.000,9.6,20.8,32.4,54.5,93.1,144.3,200.0,200.0,200.0,200.0,200.0,200.0,199.5,129.5,78.1,43.6,25.2,16.0,7.3
1708,35.206,0.000,1701.3,232.3,0.1,4,17735,1.000,0.000,-0.000,-0.141,-0.004,200.0,-6.6,0,-0.11,0.000,200.0,376.8,1.000,9.6,20.8,32.3,54.5,93.1,144.4,200.0,200.0,200.0,200.0,200.0,200.0,199.2,129.4,78.1,43.7,25.2,16.0,7.3
1709,35.226,0.000,1702.6,232.8,0.1,4,17756,1.000,0.000,-0.000,-0.140,-0.004,200.0,-6.7,0,-0.11,0.000,200.0,376.8,1.000,9.6,20.8,32.3,54.4,93.0,144.3,200.0,200.0,200.0,200.0,200.0,200.0,199.3,129.5,78.2,43.7,25.3,16.0,7.3
1710,35.246,0.000,1703.9,233.3,0.0,4,17777,1.000,0.000,-0.000,-0.139,-0.004,200.0,-6.7,0,-0.11,0.000,200.0,376.8,1.000,9.6,20.8,32.3,54.4,93.0,144.2,200.0,200.0,200.0,200.0,200.0,200.0,199.5,129.6,78.3,43.7,25.3,16.0,7.3
1711,35.266,0.000,1705.2,233.8,0.0,4,17797,1.000,0.000,-0.000,-0.138,-0.004,200.0,-6.8,0,-0.11,0.000,200.0,376.8,1.000,9.6,20.7,32.3,54.4,92.9,144.1,200.0,200.0,200.0,200.0,200.0,200.0,199.7,129.8,78.4,43.8,25.3,16.1,7.3
1712,35.286,0.000,1706.5,234.3,0.0,4,17818,1.000,0.000,-0.001,-0.137,-0.004,200.0,-6.9,0,-0.11,0.000,200.0,376.8,1.000,9.6,20.7,32.2,54.3,92.8,144.0,200.0,200.0,200.0,200.0,200.0,200.0,200.0,129.9,78.5,43.8,25.3,16.1,7.3
1713,35.306,0.000,1707.8,234.8,0.0,4,17840,1.000,0.000,-0.001,-0.136,-0.004,200.0,-6.9,0,-0.11,0.000,200.0,376.8,1.000,9.6,20.7,32.2,54.3,92.8,143.9,200.0,200.0,200.0,200.0,200.0,200.0,199.9,130.0,78.5,43.9,25.4,16.1,7.4
1714,35.326,0.000,1709.1,235.3,0.0,4,17875,1.000,0.000,-0.000,-0.136,-0.004,200.0,-7.0,0,-0.11,0.000,200.0,376.8,1.000,9.6,20.7,32.2,54.3,92.8,144.1,200.0,200.0,200.0,200.0,200.0,200.0,199.5,129.8,78.5,43.9,25.4,16.1,7.4
1715,35.346,0.000,1710.4,235.8,0.0,4,17911,1.000,0.000,0.000,-0.135,-0.004,200.0,-7.0,0,-0.11,0.000,200.0,376.8,1.000,9.6,20.7,32.2,54.3,92.8,144.2,200.0,200.0,200.0,200.0,200.0,200.0,199.2,129.7,78.5,43.9,25.4,16.1,7.4
1716,35.366,0.000,1711.7,236.3,0.0,4,17947,1.000,0.000,0.000,-0.134,-0.004,200.0,-7.0,0,-0.11,0.000,200.0,376.8,1.000,9.6,20.7,32.2,54.2,92.8,144.1,200.0,200.0,200.0,200.0,200.0,200.0,199.2,129.8,78.5,43.9,25.4,16.1,7.4
1717,35.386,0.000,1713.0,236.7,0.0,4,17981,1.000,0.000,-0.000,-0.133,-0.004,200.0,-7.1,0,-0.11,0.000,200.0,376.8,1.000,9.6,20.7,32.2,54.2,92.7,144.1,200.0,200.0,200.0,200.0,200.0,200.0,199.4,129.9,78.6,44.0,25.4,16.1,7.4
1718,35.406,0.000,1714.3,237.2,0.0,4,18017,1.000,0.000,-0.000,-0.132,-0.004,200.0,-7.2,0,-0.11,0.000,200.0,376.8,1.000,9.6,20.7,32.1,54.2,92.6,143.9,200.0,200.0,200.0,200.0,200.0,200.0,199.6,130.0,78.7,44.0,25.5,16.2,7.4
1719,35.426,0.000,1715.6,237.7,0.0,4,18052,1.000,0.000,-0.000,-0.132,-0.004,200.0,-7.2,0,-0.10,0.000,200.0,376.8,1.000,9.6,20.6,32.1,54.1,92.6,143.8,200.0,200.0,200.0,200.0,200.0,200.0,199.8,130.2,78.7,44.0,25.5,16.2,7.4
1720,35.446,0.000,1717.0,238.2,0.0,4,18088,1.000,0.000,-0.001,-0.131,-0.004,200.0,-7.2,0,-0.10,0.000,200.0,376.8,1.000,9.6,20.6,32.1,54.1,92.5,143.7,200.0,200.0,200.0,200.0,200.0,200.0,200.0,130.3,78.8,44.1,25.5,16.2,7.4
1721,35.466,0.000,1718.3,238.7,0.0,4,18123,1.000,0.000,-0.000,-0.130,-0.004,200.0,-7.3,0,-0.10,0.000,200.0,376.8,1.000,9.6,20.6,32.1,54.1,92.5,143.7,200.0,200.0,200.0,200.0,200.0,200.0,199.7,130.3,78.9,44.1,25.5,16.2,7.4
1722,35.486,0.000,1719.6,239.1,0.0,4,18157,1.000,0.000,-0.000,-0.129,-0.004,200.0,-7.4,0,-0.10,0.000,200.0,376.8,1.000,9.5,20.6,32.1,54.0,92.5,143.7,200.0,200.0,200.0,200.0,200.0,200.0,199.0,130.3,78.9,44.1,25.6,16.2,7.4
1723,35.506,0.000,1721.0,239.6,0.0,4,18191,1.000,0.000,-0.000,-0.128,-0.003,200.0,-7.4,0,-0.10,0.000,200.0,376.8,1.000,9.5,20.6,32.0,54.0,92.4,143.7,200.0,200.0,200.0,200.0,200.0,200.0,198.2,130.3,78.9,44.2,25.6,16.2,7.4
1724,35.526,0.000,1722.3,240.1,0.0,4,18226,1.000,0.000,-0.000,-0.127,-0.003,200.0,-7.5,0,-0.11,0.000,200.0,376.8,1.000,9.5,20.6,32.0,54.0,92.4,143.6,200.0,200.0,200.0,200.0,200.0,200.0,197.4,130.4,79.0,44.2,25.6,16.2,7.4
1725,35.546,0.000,1723.6,240.6,0.0,4,18261,1.000,0.000,-0.000,-0.127,-0.003,200.0,-7.5,0,-0.11,0.000,200.0,376.8,1.000,9.5,20.6,32.0,53.9,92.3,143.5,200.0,200.0,200.0,200.0,200.0,200.0,196.5,130.6,79.1,44.3,25.6,16.3,7.4
1726,35.566,0.000,1725.0,241.0,0.0,4,18296,1.000,0.000,-0.000,-0.126,-0.003,200.0,-7.5,0,-0.11,0.000,200.0,376.8,1.000,9.5,20.5,32.0,53.9,92.2,143.4,200.0,200.0,200.0,200.0,200.0,200.0,195.5,130.7,79.1,44.3,25.6,16.3,7.4
1727,35.586,0.000,1726.3,241.5,0.0,4,18331,1.000,0.000,-0.000,-0.125,-0.003,200.0,-7.6,0,-0.11,0.000,200.0,376.8,1.000,9.5,20.5,31.9,53.9,92.2,143.3,200.0,200.0,200.0,200.0,200.0,200.0,194.6,130.8,79.2,44.3,25.7,16.3,7.4
1728,35.606,0.000,1727.6,242.0,0.0,4,18364,1.000,0.000,-0.000,-0.124,-0.003,200.0,-7.7,0,-0.11,0.000,200.0,376.8,1.000,9.5,20.5,31.9,53.8,92.1,143.2,200.0,200.0,200.0,200.0,200.0,200.0,193.6,130.9,79.3,44.4,25.7,16.3,7.5
1729,35.626,0.000,1729.0,242.4,0.0,4,18398,1.000,0.000,-0.000,-0.124,-0.003,200.0,-7.7,0,-0.11,0.000,200.0,376.8,1.000,9.5,20.5,31.9,53.8,92.0,143.1,200.0,200.0,200.0,200.0,200.0,200.0,192.5,131.1,79.4,44.4,25.7,16.3,7.5
1730,35.646,0.000,1730.3,242.9,0.0,4,18432,1.000,0.000,-0.001,-0.123,-0.003,200.0,-7.7,0,-0.11,0.000,200.0,376.8,1.000,9.5,20.5,31.9,53.7,92.0,143.0,200.0,200.0,200.0,200.0,200.0,200.0,191.5,131.2,79.4,44.5,25.7,16.3,7.5
1731,35.666,0.000,1731.7,243.4,0.0,4,18467,1.000,0.000,-0.000,-0.122,-0.003,200.0,-7.8,0,-0.11,0.000,200.0,376.8,1.000,9.5,20.5,31.9,53.7,92.0,143.0,200.0,200.0,200.0,200.0,200.0,199.4,190.3,131.2,79.4,44.5,25.8,16.3,7.5
1732,35.686,0.000,1733.0,243.8,0.0,4,18500,1.000,0.000,-0.000,-0.121,-0.003,200.0,-7.8,0,-0.12,0.000,200.0,376.8,1.000,9.5,20.5,31.8,53.7,92.0,143.1,200.0,200.0,200.0,200.0,200.0,198.1,189.2,131.1,79.5,44.5,25.8,16.4,7.5
1733,35.706,0.000,1734.4,244.3,0.0,4,18530,1.000,0.000,0.000,-0.120,-0.003,200.0,-7.9,0,-0.12,0.000,200.0,376.8,1.000,9.5,20.4,31.8,53.7,91.9,143.0,200.0,200.0,200.0,200.0,200.0,196.8,188.1,131.1,79.5,44.5,25.8,16.4,7.5
1734,35.726,0.000,1735.8,244.8,0.0,4,18558,1.000,0.000,0.000,-0.120,-0.003,200.0,-8.2,0,-0.13,0.000,200.0,376.8,1.000,9.5,20.4,31.8,53.6,91.9,143.0,200.0,200.0,200.0,200.0,199.3,195.5,187.0,131.3,79.6,44.6,25.8,16.4,7.5
1735,35.746,0.000,1737.1,245.2,0.0,4,18592,1.000,0.000,0.000,-0.119,-0.003,200.0,-8.2,0,-0.13,0.000,200.0,376.8,1.000,9.5,20.4,31.8,53.6,91.8,142.9,200.0,200.0,200.0,200.0,198.0,194.2,185.8,131.4,79.6,44.6,25.8,16.4,7.5
1736,35.766,0.000,1738.5,245.7,0.0,4,18629,1.000,0.000,0.000,-0.118,-0.003,200.0,-8.2,0,-0.13,0.000,200.0,376.8,1.000,9.5,20.4,31.8,53.6,91.7,142.7,200.0,200.0,200.0,199.7,196.6,192.9,184.7,131.5,79.7,44.6,25.9,16.4,7.5
1737,35.786,0.000,1739.8,246.1,0.0,4,18666,1.000,0.000,0.000,-0.117,-0.003,200.0,-8.1,0,-0.14,0.000,200.0,376.8,1.000,9.4,20.4,31.7,53.5,91.7,142.6,200.0,200.0,200.0,198.3,195.3,191.6,183.6,131.6,79.8,44.7,25.9,16.4,7.5
1738,35.806,0.000,1741.2,246.6,0.0,4,18701,1.000,0.000,0.000,-0.117,-0.003,199.6,-8.1,0,-0.14,0.000,199.6,376.8,1.000,9.4,20.4,31.7,53.5,91.6,142.5,200.0,200.0,199.6,197.0,193.9,190.3,182.4,131.7,79.9,44.7,25.9,16.4,7.5
1739,35.826,0.000,1742.6,247.0,0.0,4,18721,1.000,0.000,0.000,-0.116,-0.003,198.2,-8.5,0,-0.15,0.000,198.2,376.8,1.000,9.4,20.4,31.7,53.5,91.5,142.4,200.0,200.0,198.2,195.6,192.6,188.9,181.3,131.9,79.9,44.8,25.9,16.5,7.5
1740,35.846,0.000,1744.0,247.5,0.0,4,18755,1.000,0.000,0.000,-0.115,-0.003,196.8,-8.5,0,-0.15,0.000,196.8,376.8,1.000,9.4,20.3,31.7,53.4,91.5,142.3,200.0,199.0,196.8,194.2,191.2,187.6,180.1,132.0,80.0,44.8,26.0,16.5,7.5
1741,35.866,0.000,1745.3,247.9,0.0,4,18792,1.000,0.000,0.000,-0.114,-0.003,195.4,-8.4,0,-0.15,0.000,195.4,376.8,1.000,9.4,20.3,31.6,53.4,91.4,142.2,200.0,197.6,195.4,192.8,189.9,186.3,178.9,132.1,80.1,44.8,26.0,16.5,7.5
1742,35.886,0.000,1746.7,248.4,0.0,4,18830,1.000,0.000,0.000,-0.113,-0.003,194.0,-8.4,0,-0.15,0.000,194.0,375.7,1.000,9.4,20.3,31.6,53.3,91.3,142.1,199.0,196.2,194.0,191.5,188.5,185.0,177.8,132.2,80.1,44.9,26.0,16.5,7.5
1743,35.906,0.000,1748.1,248.8,0.0,4,18865,1.000,0.000,0.000,-0.113,-0.003,192.6,-8.3,0,-0.15,0.000,192.6,374.2,1.000,9.4,20.3,31.6,53.3,91.3,142.0,197.5,194.8,192.6,190.1,187.2,183.7,176.6,132.3,80.2,44.9,26.0,16.5,7.6
1744,35.926,0.000,1749.5,249.3,-0.0,4,18890,1.000,0.000,0.000,-0.112,-0.003,191.2,-8.5,0,-0.15,0.000,191.2,372.7,1.000,9.4,20.3,31.6,53.3,91.2,141.9,196.1,193.4,191.2,188.7,185.8,182.3,175.4,132.5,80.3,45.0,26.0,16.5,7.6
1745,35.946,0.000,1750.9,249.7,0.0,4,18922,1.000,0.000,0.000,-0.111,-0.003,189.8,-8.6,0,-0.15,0.000,189.8,371.3,1.000,9.4,20.3,31.6,53.2,91.1,141.8,194.7,192.0,189.8,187.3,184.5,181.0,174.2,132.6,80.4,45.0,26.1,16.5,7.6
1746,35.966,0.000,1752.2,250.1,-0.0,4,18955,1.000,0.000,0.000,-0.110,-0.003,188.4,-8.6,0,-0.15,0.000,188.4,369.8,1.000,9.4,20.3,31.5,53.2,91.1,141.7,193.3,190.6,188.4,185.9,183.1,179.7,173.0,132.7,80.4,45.0,26.1,16.6,7.6
1747,35.986,0.000,1753.6,250.6,0.0,4,18988,1.000,0.000,-0.000,-0.110,-0.003,187.0,-8.6,0,-0.15,0.000,187.0,368.2,1.000,9.4,20.2,31.5,53.2,91.0,141.6,191.8,189.1,187.0,184.5,181.7,178.4,171.8,132.8,80.5,45.1,26.1,16.6,7.6
1748,36.006,0.000,1755.0,251.0,0.0,4,19020,1.000,0.000,-0.000,-0.109,-0.003,185.6,-8.7,0,-0.15,0.000,185.6,366.7,1.000,9.4,20.2,31.5,53.1,91.0,141.5,190.4,187.7,185.6,183.1,180.3,177.0,170.5,132.9,80.6,45.1,26.1,16.6,7.6
1749,36.026,0.000,1756.4,251.4,0.0,4,19049,1.000,0.000,-0.000,-0.108,-0.003,184.2,-8.7,0,-0.15,0.000,184.2,365.2,1.000,9.4,20.2,31.5,53.1,90.9,141.4,188.9,186.3,184.2,181.7,179.0,175.7,169.3,133.0,80.6,45.2,26.2,16.6,7.6
1750,36.046,0.000,1757.8,251.8,0.0,4,19078,1.000,0.000,-0.000,-0.107,-0.003,182.7,-8.8,0,-0.15,0.000,182.7,363.7,1.000,9.4,20.2,31.4,53.0,90.8,141.3,187.5,184.9,182.7,180.3,177.6,174.3,168.1,133.2,80.7,45.2,26.2,16.6,7.6
1751,36.066,0.000,1759.2,252.2,0.0,4,19108,1.000,0.000,-0.000,-0.106,-0.003,181.3,-8.9,0,-0.15,0.000,181.3,362.1,1.000,9.4,20.2,31.4,53.0,90.8,141.2,186.1,183.4,181.3,178.9,176.2,173.0,166.8,133.3,80.8,45.2,26.2,16.6,7.6
1752,36.086,0.000,1760.6,252.7,0.0,4,19138,1.000,0.000,-0.001,-0.106,-0.003,179.9,-8.9,0,-0.15,0.000,179.9,360.5,1.000,9.3,20.2,31.4,53.0,90.7,141.1,184.6,182.0,179.9,177.5,174.8,171.7,165.6,133.4,80.9,45.3,26.2,16.6,7.6
1753,36.106,0.000,1762.0,253.1,0.0,4,19167,1.000,0.000,-0.000,-0.105,-0.003,178.5,-9.0,0,-0.15,0.000,178.5,359.0,1.000,9.3,20.2,31.4,52.9,90.7,141.1,183.2,180.6,178.5,176.1,173.5,170.3,164.3,133.4,80.9,45.3,26.2,16.7,7.6
1754,36.126,0.000,1763.4,253.5,0.0,4,19200,1.000,0.000,-0.000,-0.104,-0.003,177.0,-9.0,0,-0.15,0.000,177.0,357.4,1.000,9.3,20.2,31.4,52.9,90.7,141.2,181.7,179.1,177.0,174.7,172.1,168.9,163.1,133.3,80.9,45.3,26.3,16.7,7.6
1755,36.146,0.000,1764.8,253.9,0.0,4,19229,1.000,0.000,-0.000,-0.103,-0.003,175.6,-9.0,0,-0.15,0.000,175.6,355.8,1.000,9.3,20.1,31.4,52.9,90.6,141.2,180.2,177.7,175.6,173.3,170.7,167.6,161.8,133.4,80.9,45.4,26.3,16.7,7.6
1756,36.166,0.000,1766.3,254.3,0.0,4,19256,1.000,0.000,-0.000,-0.102,-0.003,174.2,-9.1,0,-0.15,0.000,174.2,354.2,1.000,9.3,20.1,31.3,52.9,90.6,141.1,178.8,176.2,174.2,171.9,169.3,166.2,160.5,133.5,81.0,45.4,26.3,16.7,7.6
1757,36.186,0.000,1767.7,254.7,0.0,4,19283,1.000,0.000,-0.000,-0.102,-0.003,172.7,-9.2,0,-0.15,0.000,172.7,352.6,1.000,9.3,20.1,31.3,52.8,90.5,141.0,177.3,174.8,172.7,170.5,167.9,164.9,159.3,133.6,81.1,45.4,26.3,16.7,7.6
1758,36.206,0.000,1769.1,255.1,0.0,4,19310,1.000,0.000,-0.000,-0.101,-0.003,171.3,-9.3,0,-0.15,0.000,171.3,350.8,1.000,9.3,20.1,31.3,52.8,90.4,140.9,175.9,173.3,171.3,169.0,166.5,163.5,158.0,133.7,81.1,45.5,26.4,16.7,7.7
1759,36.226,0.000,1770.5,255.5,0.0,4,19344,1.000,0.000,-0.001,-0.100,-0.003,169.9,-9.3,0,-0.15,0.000,169.9,349.0,1.000,9.3,20.1,31.3,52.8,90.4,140.7,174.4,171.9,169.9,167.6,165.1,162.1,156.7,133.8,81.2,45.5,26.4,16.7,7.7
1760,36.246,0.000,1771.9,255.8,0.0,4,19374,1.000,0.000,-0.000,-0.099,-0.003,168.4,-9.2,0,-0.15,0.000,168.4,346.8,1.000,9.3,20.1,31.2,52.7,90.4,140.8,172.9,170.4,168.4,166.2,163.7,160.8,155.4,133.8,81.2,45.5,26.4,16.8,7.7
1761,36.266,0.000,1773.3,256.2,0.0,4,19398,1.000,0.000,-0.000,-0.099,-0.003,167.0,-9.3,0,-0.15,0.000,167.0,345.1,1.000,9.3,20.1,31.2,52.7,90.4,140.8,171.4,169.0,167.0,164.8,162.3,159.4,154.1,133.8,81.2,45.6,26.4,16.8,7.7
1762,36.286,0.000,1774.8,256.6,0.0,4,19423,1.000,0.000,-0.000,-0.098,-0.003,165.5,-9.5,0,-0.15,0.000,165.5,343.6,1.000,9.3,20.0,31.2,52.7,90.3,140.8,170.0,167.5,165.5,163.3,160.9,158.0,152.8,133.8,81.3,45.6,26.4,16.8,7.7
1763,36.306,0.000,1776.2,257.0,0.0,4,19448,1.000,0.000,-0.000,-0.097,-0.003,164.1,-9.6,0,-0.15,0.000,164.1,341.7,1.000,9.3,20.0,31.2,52.7,90.3,140.7,168.5,166.0,164.1,161.9,159.5,156.6,151.6,133.9,81.4,45.6,26.5,16.8,7.7
1764,36.326,0.000,1777.6,257.4,0.0,4,19478,1.000,0.000,0.003,-0.096,-0.003,162.6,-9.6,0,-0.23,0.000,162.6,342.6,1.000,9.3,20.0,31.2,52.6,90.2,169.5,167.0,164.6,162.6,160.5,158.1,155.3,150.3,134.0,81.4,45.7,26.5,16.8,7.7
1765,36.346,0.000,1779.1,257.7,0.0,4,19515,1.000,0.000,0.002,-0.095,-0.003,161.2,-9.3,0,-0.22,0.000,161.2,340.1,1.000,9.3,20.0,31.1,52.5,90.0,168.0,165.6,163.1,161.2,159.1,156.7,153.9,149.0,134.6,81.7,45.8,26.5,16.8,7.7
1766,36.366,0.000,1780.5,257.6,-0.0,5,17485,1.000,0.000,-0.150,-0.095,-0.004,159.8,-18.8,0,-0.22,-0.850,159.8,338.4,1.000,9.3,20.0,31.1,52.4,89.7,166.5,164.1,161.7,159.8,157.7,155.3,152.6,147.8,135.4,82.0,45.9,26.6,16.9,7.7
1767,36.386,0.000,1781.9,257.7,-0.2,5,17648,1.000,0.000,-0.129,-0.094,0.000,157.5,-10.0,0,-0.29,-0.850,157.5,336.1,1.000,9.3,20.2,31.6,54.0,94.5,164.4,161.9,159.5,157.5,155.3,152.8,149.9,144.7,123.9,77.6,44.5,26.1,16.7,7.7
1768,36.406,0.000,1783.4,257.9,1.1,5,17663,1.000,0.000,-0.074,-0.095,0.010,153.5,-9.5,0,-0.50,-0.850,156.1,331.9,1.000,9.4,20.8,33.2,58.8,110.5,161.2,158.4,155.7,153.5,151.0,148.1,144.5,135.3,100.7,67.9,41.1,24.9,16.2,7.6
1769,36.426,0.000,1784.8,258.2,2.6,5,17676,1.000,0.000,-0.008,-0.097,0.021,149.0,-9.5,0,-0.93,-0.850,154.6,333.1,1.000,9.5,21.5,35.1,65.1,162.3,157.7,154.6,151.5,149.0,146.0,142.2,136.4,107.2,84.0,59.8,38.0,23.7,15.7,7.5
1770,36.446,0.000,1786.2,258.5,3.5,5,17702,1.000,0.000,0.030,-0.100,0.028,145.3,-9.2,0,-1.07,-0.850,153.1,328.8,1.000,9.6,22.1,36.5,70.0,159.7,154.7,151.5,148.1,145.3,141.8,136.8,119.5,94.1,75.7,55.5,36.2,23.0,15.4,7.4
1771,36.466,0.000,1787.7,258.8,3.2,5,17694,1.000,0.000,0.037,-0.103,0.029,143.4,-9.7,0,-1.10,-0.850,151.6,326.8,1.000,9.6,22.2,36.9,71.1,158.0,153.0,149.7,146.3,143.4,139.8,134.6,115.9,91.8,74.1,54.5,35.7,22.8,15.2,7.4
1772,36.486,0.000,1789.1,259.2,2.2,5,17699,1.000,0.000,0.022,-0.107,0.026,143.0,-10.2,0,-1.04,-0.850,150.1,326.1,1.000,9.7,22.1,36.4,69.3,156.9,152.1,148.9,145.7,143.0,139.7,135.4,123.0,96.1,76.9,55.9,36.3,22.9,15.3,7.4
1773,36.506,0.000,1790.5,259.5,0.9,5,17708,1.000,0.000,-0.000,-0.112,0.022,142.8,-10.4,0,-0.95,-0.850,148.6,324.9,1.000,9.7,21.9,35.8,66.8,156.0,151.4,148.4,145.4,142.8,139.9,136.2,130.5,103.1,81.2,58.1,37.1,23.2,15.4,7.4
1774,36.526,0.000,1792.0,259.8,0.1,5,17720,1.000,0.000,-0.015,-0.117,0.019,142.2,-10.4,0,-0.90,-0.850,147.1,323.6,1.000,9.7,21.8,35.4,65.2,154.9,150.4,147.5,144.6,142.2,139.4,136.1,131.5,108.3,84.3,59.6,37.6,23.4,15.4,7.4
1775,36.546,0.000,1793.4,260.1,-0.2,5,17754,1.000,0.000,-0.017,-0.121,0.019,140.9,-9.8,0,-0.90,-0.850,145.6,320.2,1.000,9.7,21.9,35.5,65.1,153.5,149.0,146.1,143.3,140.9,138.2,134.9,130.5,109.1,84.7,59.7,37.6,23.3,15.4,7.3
1776,36.566,0.000,1794.9,260.5,-0.1,5,17749,1.000,0.000,-0.012,-0.126,0.020,139.2,-10.1,0,-0.92,-0.850,144.1,318.2,1.000,9.7,22.0,35.8,66.0,151.8,147.3,144.4,141.5,139.2,136.4,133.1,128.6,106.4,82.9,58.7,37.1,23.1,15.2,7.3
1777,36.586,0.000,1796.3,260.8,0.1,5,17758,1.000,0.000,-0.003,-0.131,0.021,137.2,-10.3,0,-0.95,-0.850,142.6,316.7,1.000,9.8,22.2,36.3,67.3,150.0,145.5,142.6,139.6,137.2,134.5,131.1,126.2,102.6,80.5,57.4,36.5,22.8,15.1,7.2
1778,36.606,0.000,1797.8,261.1,0.3,5,17768,1.000,0.000,0.004,-0.136,0.022,135.4,-10.5,0,-0.98,-0.850,141.1,314.3,1.000,9.9,22.4,36.6,68.3,148.3,143.7,140.8,137.9,135.4,132.6,129.2,124.1,99.9,78.7,56.4,36.0,22.6,15.0,7.2
1779,36.626,0.000,1799.2,261.4,0.3,5,17780,1.000,0.000,0.006,-0.141,0.023,133.9,-10.5,0,-0.99,-0.850,139.6,312.2,1.000,9.9,22.5,36.8,68.8,146.7,142.1,139.2,136.3,133.9,131.1,127.6,122.6,98.7,77.9,55.9,35.7,22.4,14.9,7.1
1780,36.646,0.000,1800.7,261.7,0.2,5,17820,1.000,0.000,0.005,-0.146,0.022,132.5,-9.8,0,-0.99,-0.850,138.0,308.2,1.000,9.9,22.6,36.9,68.9,145.2,140.7,137.8,134.9,132.5,129.7,126.4,121.6,98.8,77.8,55.7,35.6,22.3,14.8,7.1
1781,36.666,0.000,1802.1,262.1,0.1,5,17807,1.000,0.000,0.002,-0.151,0.022,131.2,-10.1,0,-0.98,-0.850,136.5,306.5,1.000,10.0,22.6,37.0,68.8,143.7,139.2,136.4,133.5,131.2,128.5,125.2,120.7,99.4,78.1,55.8,35.5,22.2,14.7,7.1
1782,36.686,0.000,1803.6,262.4,-0.0,5,17816,1.000,0.000,-0.000,-0.157,0.021,129.9,-10.4,0,-0.97,-0.850,135.0,305.7,1.000,10.0,22.7,37.0,68.7,142.2,137.8,135.0,132.2,129.9,127.2,124.1,119.8,99.9,78.4,55.8,35.5,22.2,14.7,7.0
1783,36.706,0.000,1805.0,262.7,-0.1,5,17830,1.000,0.000,-0.001,-0.162,0.021,128.5,-10.6,0,-0.97,-0.850,133.5,304.0,1.000,10.1,22.8,37.1,68.8,140.7,136.3,133.5,130.8,128.5,125.9,122.8,118.6,100.0,78.3,55.7,35.3,22.1,14.6,7.0
1784,36.726,0.000,1806.5,263.0,-0.1,5,17853,1.000,0.000,-0.001,-0.167,0.021,127.0,-10.7,0,-0.98,-0.850,132.0,302.4,1.000,10.1,22.9,37.3,69.0,139.2,134.8,132.0,129.3,127.0,124.5,121.4,117.3,99.5,77.9,55.4,35.1,21.9,14.5,6.9
1785,36.746,0.000,1808.0,263.3,-0.1,5,17891,1.000,0.000,0.000,-0.172,0.021,125.5,-10.1,0,-0.98,-0.850,130.4,299.2,1.000,10.2,23.0,37.5,69.4,137.6,133.2,130.5,127.7,125.5,123.0,119.9,116.0,98.8,77.3,55.0,34.9,21.8,14.4,6.9
1786,36.766,0.000,1809.4,263.6,-0.0,5,17902,1.000,0.000,0.001,-0.177,0.021,124.0,-10.4,0,-0.99,-0.850,128.9,297.7,1.000,10.2,23.1,37.6,69.7,136.0,131.7,128.9,126.2,124.0,121.5,118.5,114.6,98.0,76.8,54.6,34.7,21.6,14.3,6.8
1787,36.786,0.000,1810.9,263.9,-0.0,5,17916,1.000,0.000,0.002,-0.182,0.021,122.5,-10.7,0,-1.00,-0.850,127.4,297.0,1.000,10.2,23.2,37.8,70.1,134.4,130.1,127.4,124.7,122.5,120.0,117.1,113.2,97.4,76.3,54.3,34.5,21.5,14.2,6.8
1788,36.806,0.000,1812.4,264.3,-0.0,5,17931,1.000,0.000,0.002,-0.187,0.021,121.0,-10.8,0,-1.00,-0.850,125.8,295.4,1.000,10.3,23.3,38.0,70.3,132.9,128.6,125.9,123.2,121.0,118.6,115.7,111.9,97.0,75.9,54.0,34.3,21.4,14.1,6.8
1789,36.826,0.000,1813.8,264.6,-0.0,5,17948,1.000,0.000,0.002,-0.192,0.020,119.6,-11.0,0,-1.01,-0.850,124.3,294.3,1.000,10.3,23.4,38.1,70.4,131.3,127.1,124.4,121.7,119.6,117.2,114.3,110.7,96.7,75.7,53.8,34.1,21.3,14.1,6.7
1790,36.846,0.000,1815.3,264.9,-0.1,5,17983,1.000,0.000,0.001,-0.197,0.020,118.2,-10.6,0,-1.01,-0.850,122.7,291.7,1.000,10.4,23.4,38.2,70.6,129.8,125.5,122.9,120.3,118.2,115.8,113.0,109.4,96.6,75.5,53.6,33.9,21.2,14.0,6.7
1791,36.866,0.000,1816.8,265.2,-0.1,5,17998,1.000,0.000,0.001,-0.202,0.020,116.7,-10.8,0,-1.01,-0.850,121.2,290.0,1.000,10.4,23.5,38.3,70.7,128.2,124.0,121.4,118.8,116.7,114.4,111.6,108.2,96.4,75.3,53.4,33.8,21.0,13.9,6.6
1792,36.886,0.000,1818.2,265.5,-0.1,5,18014,1.000,0.000,0.001,-0.207,0.020,115.2,-10.9,0,-1.02,-0.850,119.6,288.8,1.000,10.5,23.6,38.4,70.9,126.6,122.5,119.9,117.3,115.2,112.9,110.2,106.9,96.1,75.0,53.1,33.6,20.9,13.8,6.6
1793,36.906,0.000,1819.7,265.8,-0.1,5,18031,1.000,0.000,0.001,-0.212,0.020,113.8,-11.0,0,-1.02,-0.850,118.1,286.8,1.000,10.5,23.7,38.6,71.1,125.1,120.9,118.3,115.8,113.8,111.5,108.8,105.5,95.7,74.6,52.9,33.4,20.8,13.7,6.6
1794,36.926,0.000,1821.2,266.1,-0.1,5,18049,1.000,0.000,0.001,-0.217,0.020,112.3,-11.1,0,-1.03,-0.850,116.5,285.0,1.000,10.5,23.8,38.7,71.3,123.5,119.4,116.8,114.3,112.3,110.0,107.4,104.2,95.3,74.3,52.6,33.2,20.7,13.7,6.5
1795,36.946,0.000,1822.7,266.4,-0.1,5,18084,1.000,0.000,0.001,-0.222,0.020,110.8,-10.7,0,-1.03,-0.850,115.0,282.0,1.000,10.6,23.9,38.8,71.6,121.9,117.8,115.3,112.8,110.8,108.6,106.0,102.9,94.9,74.0,52.3,33.1,20.6,13.6,6.5
1796,36.966,0.000,1824.2,266.7,-0.1,5,18098,1.000,0.000,0.002,-0.227,0.019,109.3,-10.9,0,-1.04,-0.850,113.4,279.8,1.000,10.6,24.0,39.0,71.8,120.3,116.3,113.8,111.3,109.3,107.1,104.6,101.5,94.3,73.6,52.1,32.9,20.4,13.5,6.4
1797,36.986,0.000,1825.7,267.0,-0.1,5,18115,1.000,0.000,0.002,-0.232,0.019,107.8,-11.0,0,-1.05,-0.850,111.9,278.2,1.000,10.7,24.0,39.1,71.9,118.7,114.7,112.2,109.8,107.8,105.7,103.2,100.2,93.5,73.4,51.8,32.7,20.3,13.4,6.4
1798,37.006,0.000,1827.1,267.3,-0.1,5,18131,1.000,0.000,0.001,-0.237,0.019,106.4,-11.1,0,-1.05,-0.850,110.3,276.2,1.000,10.7,24.1,39.2,72.1,117.2,113.2,110.7,108.3,106.4,104.3,101.8,98.9,92.6,73.2,51.6,32.5,20.2,13.3,6.4
1799,37.026,0.000,1828.6,267.6,-0.1,5,18149,1.000,0.000,0.001,-0.241,0.019,104.9,-11.2,0,-1.06,-0.850,108.8,274.2,1.000,10.7,24.2,39.3,72.2,115.6,111.6,109.2,106.8,104.9,102.8,100.4,97.6,91.7,72.9,51.4,32.4,20.1,13.3,6.3
1800,37.046,0.000,1830.1,267.9,-0.1,5,18180,1.000,0.000,0.001,-0.246,0.019,103.4,-10.9,0,-1.07,-0.850,107.2,271.3,1.000,10.8,24.3,39.4,72.4,114.0,110.1,107.6,105.3,103.4,101.4,99.0,96.3,90.6,72.6,51.2,32.2,20.0,13.2,6.3
1801,37.066,0.000,1831.6,268.2,-0.1,5,18196,1.000,0.000,0.002,-0.251,0.019,101.9,-11.1,0,-1.08,-0.850,105.7,269.1,1.000,10.8,24.4,39.6,72.6,112.4,108.5,106.1,103.8,101.9,99.9,97.6,94.9,89.5,72.3,50.9,32.0,19.9,13.1,6.2
1802,37.086,0.000,1833.1,268.5,-0.1,5,18212,0.000,0.000,0.002,-0.255,0.018,100.5,-11.2,0,-1.09,-0.850,104.1,267.4,1.000,10.9,24.4,39.7,72.7,110.8,106.9,104.6,102.3,100.5,98.5,96.2,93.6,88.4,72.1,50.7,31.9,19.8,13.0,6.2
1803,37.106,0.000,1834.6,268.1,-0.1,5,17804,0.000,0.010,0.001,-0.260,0.018,99.0,-22.0,0,-1.10,-0.850,102.5,265.2,0.693,10.9,24.5,39.8,72.8,109.2,105.4,103.0,100.8,99.0,97.0,94.8,92.2,87.4,71.9,50.5,31.7,19.7,13.0,6.2
1804,37.126,0.000,1836.1,267.4,-0.1,5,17750,0.000,0.085,0.000,-0.265,0.018,97.5,-22.0,0,-1.11,-0.850,101.0,263.0,0.478,10.9,24.6,39.8,72.8,107.7,103.9,101.5,99.3,97.5,95.6,93.5,91.0,86.3,71.9,50.4,31.6,19.6,12.9,6.1
1805,37.146,0.000,1837.5,266.6,-0.2,5,17662,0.000,0.212,-0.001,-0.269,0.017,96.1,-20.4,0,-1.12,-0.850,99.4,259.7,0.000,11.0,24.6,39.9,72.9,106.1,102.3,100.0,97.8,96.1,94.2,92.1,89.7,85.2,71.8,50.3,31.5,19.5,12.8,6.1
1806,37.166,0.000,1839.0,265.4,-0.2,5,17540,0.000,0.293,-0.001,-0.274,0.017,94.6,-17.5,0,-1.13,-0.850,97.9,256.9,0.000,11.0,24.7,40.0,72.9,104.5,100.8,98.5,96.3,94.6,92.8,90.7,88.3,84.1,71.7,50.1,31.4,19.4,12.8,6.1
1807,37.186,0.000,1840.5,263.9,-0.2,5,17414,0.000,0.330,-0.001,-0.278,0.017,93.2,-15.5,0,-1.14,-0.850,96.3,254.7,0.000,11.0,24.8,40.1,73.1,102.9,99.2,97.0,94.9,93.2,91.3,89.3,87.0,82.9,71.4,49.9,31.2,19.3,12.7,6.0
1808,37.206,0.000,1842.0,262.4,-0.2,5,17294,0.000,0.375,-0.001,-0.282,0.017,91.7,-14.2,0,-1.15,-0.850,94.8,252.2,0.000,11.1,24.9,40.2,73.3,101.4,97.7,95.5,93.4,91.7,89.9,87.9,85.7,81.7,71.1,49.7,31.1,19.2,12.6,6.0
1809,37.226,0.000,1843.4,260.6,-0.1,5,17162,0.000,0.410,-0.000,-0.286,0.017,90.2,-13.0,0,-1.17,-0.850,93.3,249.8,0.000,11.1,24.9,40.3,73.4,99.8,96.2,94.0,91.9,90.2,88.5,86.5,84.3,80.5,70.8,49.5,30.9,19.1,12.5,6.0
1810,37.246,0.000,1844.8,258.8,-0.1,5,17019,0.000,0.478,0.000,-0.291,0.017,88.8,-12.3,0,-1.18,-0.850,91.8,246.7,0.000,11.1,25.0,40.4,73.7,98.3,94.6,92.5,90.4,88.8,87.1,85.1,83.0,79.3,70.6,49.3,30.8,19.0,12.5,5.9
1811,37.266,0.000,1846.3,256.9,-0.1,5,16862,0.000,0.057,0.011,-0.295,0.016,87.4,-10.3,0,-1.52,-0.850,90.3,253.2,-0.007,11.2,25.1,40.5,102.6,96.7,93.1,91.0,89.0,87.4,85.7,83.8,81.7,78.1,70.4,49.1,30.6,18.9,12.4,5.9
1812,37.286,0.000,1847.7,255.5,-0.1,5,16938,0.000,0.090,0.008,-0.299,0.016,86.1,-19.5,0,-1.51,-0.850,88.8,251.2,-0.012,11.2,25.1,40.5,101.1,95.3,91.7,89.6,87.6,86.1,84.4,82.6,80.5,77.1,70.7,49.3,30.6,18.9,12.4,5.9
1813,37.306,0.000,1849.1,254.6,-0.3,5,16869,0.000,0.126,0.001,-0.302,0.014,84.9,-19.2,0,-1.50,-0.850,87.3,249.6,-0.015,11.2,25.1,40.3,99.7,93.9,90.4,88.4,86.4,84.9,83.2,81.5,79.5,76.3,70.8,49.8,30.7,18.9,12.3,5.8
1814,37.326,0.000,1850.5,253.7,-0.4,5,16794,0.000,0.175,-0.004,-0.306,0.013,83.6,-18.2,0,-1.49,-0.850,85.8,247.6,0.000,11.2,25.0,40.2,98.2,92.5,89.1,87.0,85.1,83.6,82.0,80.3,78.4,75.3,70.4,50.1,30.8,18.8,12.3,5.8
1815,37.346,0.000,1851.9,252.6,-0.4,5,16703,0.000,0.247,0.145,-0.309,0.013,82.2,-16.9,0,-1.49,0.000,84.4,245.1,0.000,11.3,25.1,40.2,96.7,91.0,87.6,85.6,83.7,82.2,80.7,79.0,77.2,74.2,69.5,50.1,30.8,18.8,12.3,5.8
1816,37.366,0.000,1853.3,251.3,-0.2,5,16593,0.000,0.311,0.125,-0.312,0.009,81.5,-13.0,0,-1.44,0.000,82.9,242.6,0.000,11.2,24.8,39.6,95.5,89.9,86.6,84.7,82.9,81.5,80.0,78.4,76.6,73.9,69.9,52.3,31.5,19.0,12.3,5.8
1817,37.386,0.000,1854.7,249.9,-1.3,5,16467,0.000,0.758,0.060,-0.314,-0.001,81.6,-11.0,0,-0.95,0.000,81.6,232.2,0.000,11.1,24.2,37.8,64.6,89.6,86.4,84.6,82.9,81.6,80.3,78.8,77.3,74.9,71.7,59.7,34.0,19.9,12.7,5.8
1818,37.406,0.000,1856.1,247.7,-2.9,5,16117,0.000,0.733,0.004,-0.315,-0.011,81.7,2.6,0,-0.77,0.000,81.7,230.6,0.000,11.0,23.5,36.0,59.3,89.2,86.2,84.5,82.9,81.7,80.5,79.1,77.7,75.6,72.9,65.8,37.2,20.9,13.1,5.9
1819,37.426,0.000,1857.5,245.1,-3.8,5,15927,0.000,0.749,-0.031,-0.315,-0.018,81.2,8.2,0,-0.68,0.000,81.2,227.7,0.000,11.0,23.0,35.0,56.5,88.4,85.5,83.9,82.4,81.2,80.0,78.8,77.4,75.5,72.9,67.0,39.5,21.6,13.3,5.9
1820,37.446,0.000,1858.8,242.4,-3.7,5,15726,0.000,0.772,-0.041,-0.314,-0.020,80.1,10.3,0,-0.66,0.000,80.1,224.6,0.000,10.9,22.9,34.7,55.6,87.1,84.3,82.7,81.2,80.1,78.9,77.7,76.4,74.5,72.1,66.5,40.4,21.9,13.4,5.9
1821,37.466,0.000,1860.2,239.7,-3.0,5,15515,0.000,0.831,-0.033,-0.313,-0.019,78.5,11.1,0,-0.69,0.000,78.5,220.7,0.000,10.9,23.0,34.8,56.2,85.5,82.7,81.1,79.6,78.5,77.3,76.1,74.9,73.0,70.6,65.1,39.9,21.7,13.4,5.9
1822,37.486,0.000,1861.5,236.8,-1.9,5,15295,0.000,0.833,-0.016,-0.311,-0.015,76.7,14.2,0,-0.75,0.000,76.7,217.8,0.000,11.0,23.1,35.3,57.6,83.7,80.9,79.3,77.8,76.7,75.6,74.3,73.1,71.2,68.8,63.2,38.7,21.4,13.3,5.9
1823,37.506,0.000,1862.8,233.9,-0.9,5,15104,0.000,0.363,0.016,-0.310,-0.012,74.9,17.0,0,-1.17,0.000,74.9,224.3,0.000,11.0,23.3,35.8,86.8,81.9,79.1,77.5,76.0,74.9,73.7,72.5,71.3,69.3,66.9,61.3,37.6,21.1,13.2,5.9
1824,37.526,0.000,1864.1,231.4,-0.1,5,15192,0.000,0.328,0.028,-0.308,-0.009,73.3,-0.8,0,-1.20,0.000,73.3,222.5,0.000,11.0,23.5,36.1,85.2,80.3,77.5,75.9,74.4,73.3,72.1,70.9,69.7,67.8,65.4,59.8,36.9,20.9,13.1,5.9
1825,37.546,0.000,1865.4,229.5,0.2,5,15100,0.000,0.298,0.027,-0.306,-0.010,72.0,-10.7,0,-1.20,0.000,72.0,221.3,0.000,11.0,23.4,36.1,83.8,78.9,76.2,74.6,73.1,72.0,70.9,69.7,68.5,66.6,64.3,59.0,37.1,21.0,13.2,5.9
1826,37.566,0.000,1866.6,228.1,-0.0,5,15016,0.000,0.292,0.016,-0.303,-0.012,71.0,-12.3,0,-1.17,0.000,71.0,219.9,0.000,10.9,23.2,35.7,82.5,77.7,75.0,73.5,72.0,71.0,69.9,68.7,67.5,65.7,63.5,58.5,37.9,21.3,13.3,6.0
1827,37.586,0.000,1867.9,226.7,-0.4,5,14931,0.000,0.323,0.003,-0.301,-0.014,70.0,-12.0,0,-1.15,0.000,70.0,218.0,0.000,10.9,23.0,35.2,81.3,76.6,73.9,72.4,71.0,70.0,68.9,67.8,66.6,64.9,62.8,58.1,38.9,21.6,13.4,6.0
1828,37.606,0.000,1869.2,225.3,-0.6,5,14828,0.000,0.366,-0.007,-0.298,-0.016,68.9,-10.6,0,-1.12,0.000,68.9,215.7,0.000,10.8,22.9,34.9,80.1,75.4,72.8,71.3,70.0,68.9,67.9,66.8,65.7,64.0,62.0,57.5,39.7,21.9,13.6,6.1
1829,37.626,0.000,1870.4,223.8,-0.6,5,14710,0.000,0.423,-0.011,-0.295,-0.017,67.8,-8.8,0,-1.11,0.000,67.8,213.1,0.000,10.8,22.8,34.7,78.7,74.1,71.6,70.1,68.7,67.8,66.7,65.7,64.6,62.9,61.0,56.7,40.1,22.1,13.6,6.1
1830,37.646,0.000,1871.7,222.1,-0.5,5,14573,0.000,0.503,-0.011,-0.293,-0.016,66.5,-6.5,0,-1.11,0.000,66.5,209.9,0.000,10.8,22.7,34.6,77.3,72.8,70.2,68.8,67.4,66.5,65.5,64.4,63.3,61.7,59.8,55.7,40.2,22.1,13.7,6.1
1831,37.666,0.000,1872.9,220.3,-0.3,5,14411,0.000,0.585,-0.007,-0.290,-0.016,65.1,-3.3,0,-1.11,0.000,65.1,206.4,0.000,10.8,22.7,34.7,75.9,71.4,68.8,67.4,66.1,65.1,64.1,63.1,62.1,60.5,58.6,54.6,40.1,22.1,13.7,6.1
1832,37.686,0.000,1874.1,218.3,-0.1,5,14228,0.000,0.641,-0.004,-0.287,-0.015,63.8,0.3,0,-1.12,0.000,63.8,203.3,0.000,10.8,22.7,34.7,74.5,70.0,67.5,66.0,64.8,63.8,62.8,61.8,60.8,59.2,57.4,53.5,40.0,22.1,13.7,6.1
1833,37.706,0.000,1875.3,216.1,0.1,5,14043,0.000,0.672,-0.001,-0.284,-0.014,62.5,3.7,0,-1.12,0.000,62.5,200.5,0.000,10.7,22.7,34.7,73.1,68.6,66.1,64.7,63.4,62.5,61.5,60.6,59.5,58.0,56.2,52.4,39.9,22.2,13.8,6.2
1834,37.726,0.000,1876.5,213.8,0.1,5,13865,0.000,0.666,0.001,-0.281,-0.014,61.3,6.5,0,-1.12,0.000,61.3,198.3,0.000,10.7,22.7,34.7,71.7,67.2,64.8,63.4,62.2,61.3,60.3,59.3,58.3,56.9,55.1,51.4,39.9,22.2,13.8,6.2
1835,37.746,0.000,1877.7,211.4,0.2,5,13706,0.000,0.641,0.001,-0.278,-0.014,60.1,7.7,0,-1.12,0.000,60.1,196.5,0.000,10.7,22.6,34.6,70.3,66.0,63.5,62.2,61.0,60.1,59.1,58.2,57.2,55.8,54.0,50.5,40.1,22.3,13.9,6.2
1836,37.766,0.000,1878.8,209.1,0.2,5,13562,0.000,0.617,-0.000,-0.275,-0.014,58.9,7.3,0,-1.12,0.000,58.9,194.6,0.000,10.7,22.6,34.5,69.0,64.7,62.3,61.0,59.8,58.9,58.0,57.0,56.1,54.7,53.0,49.6,40.0,22.4,13.9,6.2
1837,37.786,0.000,1880.0,206.8,0.1,5,13424,0.000,0.602,-0.002,-0.272,-0.014,57.7,6.3,0,-1.12,0.000,57.7,192.7,0.000,10.6,22.5,34.4,67.8,63.5,61.1,59.8,58.6,57.7,56.9,55.9,55.0,53.6,52.0,48.7,39.9,22.5,14.0,6.3
1838,37.806,0.000,1881.1,204.6,0.1,4,14870,0.000,0.595,-0.003,-0.269,-0.014,56.6,7.0,0,-1.12,0.000,56.6,190.6,0.000,10.6,22.5,34.3,66.5,62.2,59.9,58.6,57.5,56.6,55.7,54.8,53.9,52.6,51.0,47.8,39.6,22.6,14.1,6.3
1839,37.826,0.000,1882.3,202.5,0.1,4,14812,0.000,0.610,-0.004,-0.267,-0.015,55.5,6.8,0,-1.12,0.000,55.5,188.3,0.000,10.6,22.4,34.2,65.2,61.0,58.7,57.4,56.3,55.5,54.6,53.7,52.8,51.5,50.0,46.9,39.1,22.7,14.1,6.3
1840,37.846,0.000,1883.4,200.4,0.1,4,14477,0.000,0.633,-0.003,-0.264,-0.014,54.3,6.1,0,-1.12,0.000,54.3,185.8,0.000,10.6,22.4,34.2,63.9,59.8,57.5,56.3,55.1,54.3,53.5,52.6,51.8,50.5,49.0,46.0,38.6,22.8,14.2,6.3
1841,37.866,0.000,1884.5,198.2,0.1,4,14266,0.000,0.665,-0.002,-0.261,-0.014,53.2,7.6,0,-1.13,0.000,53.2,182.9,0.000,10.6,22.3,34.1,62.6,58.5,56.3,55.1,54.0,53.2,52.4,51.5,50.7,49.4,48.0,45.1,38.1,22.8,14.2,6.4
1842,37.886,0.000,1885.6,196.0,0.2,4,14065,0.000,0.707,-0.000,-0.258,-0.014,52.0,11.1,0,-1.15,0.000,52.0,179.9,0.000,10.5,22.3,34.4,61.4,57.3,55.1,53.9,52.8,52.0,51.2,50.4,49.6,48.4,46.9,44.1,37.5,22.9,14.2,6.4
1843,37.906,0.000,1886.7,193.7,0.2,4,13852,0.000,0.748,0.002,-0.256,-0.014,50.9,16.4,0,-1.18,0.000,50.9,176.8,0.000,10.5,22.3,35.2,60.1,56.1,53.9,52.8,51.7,50.9,50.1,49.3,48.5,47.3,45.9,43.2,36.9,22.9,14.3,6.4
1844,37.926,0.000,1887.7,191.3,0.3,4,13631,0.000,0.779,0.202,-0.253,-0.013,49.8,23.2,0,-2.07,0.461,49.8,173.8,0.000,10.5,22.2,65.0,58.9,54.9,52.8,51.6,50.6,49.8,49.0,48.3,47.4,46.3,45.0,42.3,36.3,23.0,14.3,6.4
1845,37.946,0.000,1888.8,188.9,0.4,4,13410,0.000,0.789,0.402,-0.250,-0.015,48.9,33.2,0,-2.05,0.503,48.9,171.3,0.000,10.5,22.1,63.8,57.8,53.9,51.8,50.6,49.6,48.9,48.1,47.3,46.6,45.4,44.1,41.6,35.8,23.2,14.4,6.5
1846,37.966,0.000,1889.8,186.6,0.1,4,13210,0.000,0.383,0.416,-0.247,-0.020,48.3,47.8,0,-2.00,0.451,48.3,169.4,0.000,10.4,21.7,63.0,57.0,53.1,51.1,50.0,49.0,48.3,47.5,46.8,46.0,45.0,43.7,41.2,35.9,24.0,14.7,6.5
1847,37.986,0.000,1890.9,184.4,-0.7,4,13349,0.000,0.367,0.397,-0.243,-0.029,48.0,43.9,0,-1.92,0.472,48.0,167.9,0.000,10.3,21.1,62.4,56.4,52.7,50.7,49.6,48.7,48.0,47.3,46.6,45.8,44.8,43.6,41.2,36.2,25.3,15.3,6.6
1848,38.006,0.000,1891.9,182.6,-1.7,4,13252,0.000,0.705,0.385,-0.239,-0.041,47.9,35.6,0,-1.81,0.523,47.9,166.7,0.000,10.1,20.4,62.0,56.1,52.4,50.5,49.5,48.5,47.9,47.2,46.5,45.8,44.8,43.6,41.4,36.6,27.1,15.9,6.7
1849,38.026,0.000,1892.9,180.6,-2.9,4,12854,0.000,0.340,0.185,-0.233,-0.054,47.8,44.6,0,-0.76,0.000,47.8,165.2,0.000,9.9,19.7,29.7,55.8,52.2,50.4,49.4,48.5,47.8,47.1,46.5,45.8,44.9,43.7,41.6,37.1,28.5,16.8,6.9
1850,38.046,0.000,1893.9,178.6,-4.1,4,12917,0.000,0.335,-0.015,-0.226,-0.066,47.7,36.1,0,-0.63,0.000,47.7,163.5,0.000,9.8,19.0,27.7,55.4,52.0,50.2,49.2,48.3,47.7,47.0,46.4,45.7,44.8,43.8,41.7,37.4,29.5,17.7,7.0
1851,38.066,0.000,1894.9,176.8,-4.9,4,12808,0.000,0.682,-0.215,-0.219,-0.076,47.3,21.6,0,-0.55,0.000,47.3,161.4,0.000,9.6,18.5,26.7,54.9,51.5,49.7,48.8,47.9,47.3,46.7,46.0,45.4,44.5,43.5,41.5,37.4,30.0,18.5,7.2
1852,38.086,0.000,1895.8,174.9,-5.2,4,12406,0.000,0.703,-0.277,-0.211,-0.079,46.5,24.7,0,-0.53,0.000,46.5,159.1,0.000,9.6,18.2,26.7,53.9,50.6,48.9,47.9,47.1,46.5,45.9,45.3,44.6,43.8,42.8,40.9,36.9,29.8,18.9,7.3
1853,38.106,0.000,1896.8,172.7,-4.5,4,12187,0.000,0.355,-0.232,-0.203,-0.075,45.2,32.3,0,-1.55,0.000,45.2,156.8,0.000,9.5,18.3,58.3,52.5,49.2,47.5,46.6,45.8,45.2,44.6,44.0,43.4,42.5,41.5,39.7,35.8,29.0,18.8,7.3
1854,38.126,0.000,1897.8,170.7,-3.0,3,14987,0.000,0.717,-0.196,-0.195,-0.066,43.6,24.2,0,-1.59,0.000,43.6,154.6,0.000,9.5,18.5,56.5,50.9,47.6,45.9,45.0,44.2,43.6,43.0,42.4,41.8,41.0,40.0,38.2,34.4,27.9,18.4,7.3
1855,38.146,0.000,1898.7,168.7,-1.3,3,14928,0.000,0.727,-0.146,-0.188,-0.054,41.8,28.4,0,-1.65,0.000,41.8,152.5,0.000,9.6,18.9,54.5,49.1,45.8,44.1,43.2,42.4,41.8,41.2,40.7,40.1,39.3,38.3,36.5,32.8,26.6,17.8,7.3
1856,38.166,0.000,1899.6,166.6,0.4,3,14510,0.000,0.366,-0.093,-0.180,-0.042,40.1,32.7,0,-1.71,0.000,40.1,150.3,0.000,9.6,19.4,52.5,47.3,44.0,42.4,41.5,40.7,40.1,39.5,39.0,38.4,37.6,36.6,34.9,31.3,25.4,17.2,7.3
1857,38.186,0.000,1900.5,164.5,1.7,3,14546,0.000,0.738,-0.047,-0.174,-0.032,38.5,20.1,0,-1.78,0.000,38.5,148.1,0.000,9.7,20.0,50.8,45.6,42.4,40.7,39.8,39.1,38.5,38.0,37.4,36.8,36.0,35.1,33.4,30.0,24.3,16.8,7.2
1858,38.206,0.000,1901.5,162.4,2.5,3,14054,0.000,0.740,-0.011,-0.167,-0.024,37.1,24.1,0,-1.85,0.000,37.1,146.0,0.000,9.7,20.9,49.2,44.1,40.9,39.3,38.4,37.7,37.1,36.6,36.0,35.5,34.7,33.8,32.2,28.9,23.5,16.5,7.2
1859,38.226,0.000,1902.3,160.1,3.0,3,13758,0.000,0.369,0.013,-0.162,-0.019,35.9,31.9,0,-1.92,0.000,35.9,143.8,0.000,9.7,22.2,47.8,42.8,39.6,38.0,37.2,36.4,35.9,35.4,34.8,34.3,33.5,32.7,31.1,27.9,22.8,16.3,7.2
1860,38.246,0.000,1903.2,158.0,3.1,3,13909,0.000,0.753,0.213,-0.156,-0.016,34.9,23.3,0,-3.92,0.810,34.9,141.4,0.000,9.7,54.7,46.6,41.6,38.5,36.9,36.1,35.4,34.9,34.3,33.8,33.3,32.6,31.7,30.2,27.1,22.3,16.2,7.3
1861,38.266,0.000,1904.1,156.0,3.0,3,13456,0.000,0.379,0.413,-0.151,-0.016,34.0,31.7,0,-3.91,0.810,34.0,139.3,0.000,9.6,53.5,45.6,40.6,37.6,36.1,35.3,34.5,34.0,33.5,33.0,32.5,31.8,31.0,29.5,26.6,21.9,16.2,7.3
1862,38.286,0.000,1905.0,154.0,2.5,3,13586,0.000,0.751,0.550,-0.146,-0.022,33.5,29.5,0,-3.88,0.656,33.5,137.5,0.000,9.5,52.7,44.8,39.9,37.0,35.5,34.7,34.0,33.5,33.0,32.5,32.0,31.3,30.6,29.1,26.3,21.8,16.4,7.4
1863,38.306,0.000,1905.8,152.2,1.5,3,13136,0.000,0.369,0.400,-0.141,-0.032,33.2,45.9,0,-3.83,0.470,33.2,135.9,0.000,9.4,52.3,44.4,39.6,36.6,35.2,34.4,33.7,33.2,32.8,32.3,31.8,31.1,30.4,29.0,26.2,21.9,16.6,7.5
1864,38.326,0.000,1906.7,150.3,0.1,3,13246,0.000,0.364,0.460,-0.135,-0.045,33.1,44.4,0,-3.78,0.674,33.1,134.2,0.000,9.2,52.2,44.1,39.3,36.4,35.0,34.3,33.6,33.1,32.6,32.2,31.7,31.0,30.3,28.9,26.2,22.0,17.0,7.7
1865,38.346,0.000,1907.5,148.7,-1.1,3,13128,0.000,0.366,0.361,-0.128,-0.059,33.0,39.9,0,-3.74,0.593,33.0,132.6,0.000,9.1,52.1,43.8,39.1,36.3,34.9,34.1,33.5,33.0,32.5,32.1,31.6,31.0,30.3,28.9,26.3,22.2,17.2,7.9
1866,38.366,0.000,1908.3,147.1,-2.3,3,12962,0.000,0.363,0.383,-0.121,-0.073,32.9,34.5,0,-3.71,0.727,32.9,131.1,0.000,8.9,52.1,43.5,38.9,36.1,34.7,34.0,33.3,32.9,32.4,32.0,31.5,30.9,30.2,28.9,26.3,22.3,17.5,8.1
1867,38.386,0.000,1909.1,145.5,-3.3,3,12793,0.000,0.351,0.322,-0.113,-0.087,32.7,29.8,0,-3.68,0.698,32.7,130.0,0.000,8.7,52.1,43.3,38.6,35.9,34.5,33.8,33.2,32.7,32.3,31.9,31.4,30.8,30.1,28.8,26.3,22.4,17.7,8.3
1868,38.406,0.000,1909.9,143.9,-4.1,3,12637,0.000,0.668,0.321,-0.104,-0.100,32.6,24.6,0,-3.67,0.780,32.6,129.1,0.000,8.6,52.0,43.0,38.4,35.7,34.3,33.6,33.0,32.6,32.1,31.7,31.3,30.7,30.0,28.7,26.3,22.4,17.8,8.5
1869,38.426,0.000,1910.7,142.2,-4.9,3,12132,0.000,0.311,0.281,-0.094,-0.113,32.4,34.2,0,-3.65,0.782,32.4,128.4,0.000,8.4,52.0,42.7,38.1,35.4,34.1,33.4,32.8,32.4,32.0,31.5,31.1,30.5,29.8,28.6,26.2,22.4,17.9,8.7
1870,38.446,0.000,1911.5,140.5,-5.6,3,12222,0.000,0.282,0.259,-0.083,-0.125,32.1,28.8,0,-3.65,0.810,32.1,127.8,0.000,8.2,51.9,42.4,37.8,35.1,33.8,33.2,32.6,32.1,31.7,31.3,30.9,30.3,29.6,28.4,26.1,22.4,18.0,8.9
1871,38.466,0.000,1912.3,138.9,-6.0,3,12186,0.000,0.509,0.226,-0.072,-0.137,31.8,20.4,0,-3.65,0.810,31.8,127.4,0.000,8.1,51.8,42.1,37.4,34.8,33.5,32.9,32.3,31.8,31.4,31.0,30.6,30.0,29.4,28.2,25.9,22.3,18.0,9.1
1872,38.486,0.000,1913.0,137.3,-6.3,3,11835,0.000,0.233,0.195,-0.059,-0.147,31.5,22.2,0,-3.65,0.810,31.5,126.7,0.000,7.9,51.6,41.7,37.0,34.4,33.2,32.5,31.9,31.5,31.1,30.7,30.3,29.7,29.1,27.9,25.7,22.2,18.0,9.3
1873,38.506,0.000,1913.8,135.7,-6.5,2,14903,0.000,0.434,0.167,-0.046,-0.157,31.2,15.8,0,-3.66,0.810,31.2,125.9,0.000,7.8,51.3,41.3,36.5,34.0,32.8,32.1,31.6,31.2,30.8,30.4,30.0,29.4,28.8,27.6,25.4,22.0,17.9,9.4
1874,38.526,0.000,1914.5,134.4,-6.5,2,14844,0.000,0.417,0.142,-0.032,-0.166,30.8,16.9,0,-3.67,0.810,30.8,124.9,0.000,7.7,51.0,40.9,36.1,33.6,32.4,31.7,31.2,30.8,30.4,30.0,29.6,29.0,28.4,27.3,25.1,21.8,17.8,9.5
1875,38.546,0.000,1915.3,132.9,-6.4,2,14550,0.000,0.406,0.112,-0.017,-0.174,30.3,14.5,0,-3.69,0.810,30.3,123.7,0.000,7.6,50.6,40.4,35.6,33.1,31.9,31.3,30.7,30.3,29.9,29.5,29.2,28.6,28.0,26.9,24.8,21.5,17.7,9.5
1876,38.566,0.000,1916.0,131.4,-6.3,2,14198,0.000,0.402,0.070,-0.001,-0.181,29.8,11.2,0,-3.70,0.810,29.8,122.3,0.000,7.5,50.1,39.8,35.0,32.6,31.4,30.8,30.2,29.8,29.4,29.1,28.7,28.2,27.6,26.5,24.4,21.2,17.5,9.6
1877,38.586,0.000,1916.7,129.8,-6.1,2,13948,0.000,0.389,0.033,0.015,-0.187,29.3,8.3,0,-3.71,0.810,29.3,121.0,0.000,7.4,49.5,39.2,34.4,32.0,30.8,30.2,29.7,29.3,28.9,28.6,28.2,27.7,27.1,26.0,24.0,20.9,17.2,9.6
1878,38.606,0.000,1917.4,128.1,-5.9,2,13755,0.000,0.345,0.021,0.032,-0.187,28.7,3.2,0,-3.73,0.810,28.7,120.3,0.000,7.4,48.8,38.5,33.8,31.4,30.2,29.6,29.1,28.7,28.4,28.0,27.7,27.1,26.6,25.5,23.6,20.5,17.0,9.6
1879,38.626,0.000,1918.1,126.4,-5.6,2,13640,0.000,0.284,0.090,0.048,-0.171,28.2,-3.8,0,-3.74,0.810,28.2,119.9,0.000,7.4,48.1,37.8,33.1,30.8,29.7,29.1,28.6,28.2,27.8,27.5,27.1,26.6,26.1,25.0,23.1,20.2,16.7,9.6
1880,38.646,0.000,1918.8,125.0,-5.2,2,13585,0.000,0.231,0.152,0.062,-0.157,27.7,-8.3,0,-3.77,0.810,27.7,119.5,0.000,7.4,47.5,37.3,32.6,30.3,29.1,28.6,28.0,27.7,27.3,27.0,26.6,26.2,25.6,24.6,22.7,19.9,16.5,9.5
1881,38.666,0.000,1919.5,123.7,-4.9,2,13572,0.000,0.177,0.200,0.074,-0.145,27.3,-9.0,0,-3.80,0.810,27.3,119.4,0.000,7.4,47.3,36.9,32.1,29.9,28.8,28.2,27.7,27.3,27.0,26.6,26.3,25.8,25.3,24.3,22.4,19.6,16.4,9.5
1882,38.686,0.000,1920.2,122.6,-4.8,2,13584,0.000,0.103,0.235,0.086,-0.137,27.1,-8.7,0,-3.86,0.810,27.1,119.8,-0.007,7.3,47.5,36.7,31.9,29.6,28.5,27.9,27.4,27.1,26.7,26.4,26.1,25.6,25.1,24.1,22.2,19.5,16.3,9.6
1883,38.706,0.000,1920.9,121.7,-4.9,2,13606,0.000,0.062,0.262,0.096,-0.130,26.9,-9.3,0,-3.93,0.810,26.9,119.7,-0.012,7.3,47.9,36.7,31.7,29.4,28.3,27.7,27.3,26.9,26.6,26.2,25.9,25.4,24.9,24.0,22.1,19.4,16.2,9.6
1884,38.726,0.000,1921.6,121.0,-5.0,2,13589,0.000,0.036,0.283,0.106,-0.125,26.8,-9.7,0,-4.03,0.810,26.8,119.5,-0.015,7.2,48.6,36.8,31.6,29.3,28.2,27.6,27.1,26.8,26.5,26.1,25.8,25.3,24.8,23.9,22.1,19.4,16.2,9.6
1885,38.746,0.000,1922.3,120.3,-5.2,2,13552,0.000,0.013,0.306,0.115,-0.120,26.7,-10.2,0,-4.14,0.810,26.7,119.4,-0.018,7.2,49.3,36.9,31.6,29.1,28.0,27.5,27.0,26.7,26.3,26.0,25.7,25.2,24.7,23.8,22.0,19.3,16.2,9.7
1886,38.766,0.000,1923.0,119.8,-5.3,2,13512,0.000,0.000,0.326,0.123,-0.115,26.5,-10.9,0,-4.26,0.802,26.5,119.2,0.000,7.2,50.2,37.1,31.5,29.0,27.9,27.3,26.9,26.5,26.2,25.9,25.5,25.1,24.6,23.6,21.9,19.2,16.1,9.7
1887,38.786,0.000,1923.6,119.3,-5.4,2,13464,0.000,0.000,0.337,0.131,-0.110,26.4,-11.6,0,-4.40,0.775,26.4,119.2,0.000,7.1,51.1,37.3,31.5,28.9,27.8,27.2,26.7,26.4,26.1,25.7,25.4,25.0,24.5,23.5,21.8,19.1,16.1,9.7
1888,38.806,0.000,1924.3,118.8,-5.6,2,13383,0.156,0.000,0.353,0.137,-0.105,26.3,-12.1,0,-4.57,0.760,26.3,118.9,0.156,7.1,52.3,37.5,31.5,28.8,27.6,27.1,26.6,26.3,25.9,25.6,25.3,24.8,24.3,23.4,21.7,19.1,16.1,9.7
1889,38.826,0.000,1925.0,118.4,-5.9,2,13406,0.206,0.000,0.362,0.143,-0.102,26.2,-8.1,0,-4.77,0.738,26.2,118.4,0.206,7.1,53.8,38.0,31.6,28.8,27.6,27.0,26.5,26.2,25.9,25.5,25.2,24.8,24.3,23.4,21.6,19.0,16.0,9.7
1890,38.846,0.000,1925.7,118.1,-6.2,2,13461,0.256,0.000,0.373,0.149,-0.100,26.2,-5.7,0,-5.02,0.726,26.2,118.9,0.256,7.1,55.8,38.5,31.8,28.9,27.6,27.0,26.5,26.2,25.8,25.5,25.2,24.7,24.2,23.3,21.6,19.0,16.0,9.7
1891,38.866,0.000,1926.3,117.9,-6.5,2,13538,0.306,0.000,0.383,0.153,-0.097,26.2,-3.6,0,-5.31,0.710,26.2,119.8,0.306,7.0,58.2,39.2,32.1,29.0,27.7,27.1,26.5,26.2,25.8,25.5,25.1,24.7,24.2,23.3,21.6,19.0,16.0,9.8
1892,38.886,0.000,1927.0,117.8,-6.9,2,13632,0.356,0.000,0.397,0.158,-0.095,26.2,-1.7,0,-5.64,0.697,26.2,120.4,0.356,7.0,60.9,40.0,32.4,29.1,27.8,27.1,26.6,26.2,25.8,25.4,25.1,24.6,24.1,23.2,21.5,19.0,16.0,9.8
1893,38.906,0.000,1927.7,117.7,-7.1,2,13743,0.406,0.000,0.413,0.161,-0.092,26.2,0.3,0,-6.01,0.678,26.2,118.8,0.406,7.0,64.0,40.8,32.7,29.3,27.9,27.2,26.6,26.2,25.8,25.4,25.1,24.6,24.1,23.2,21.5,18.9,16.0,9.8
1894,38.926,0.000,1928.3,117.8,-7.2,2,13870,0.456,0.000,0.432,0.164,-0.088,26.2,2.4,0,-6.41,0.656,26.2,119.3,0.456,7.0,67.4,41.7,33.0,29.4,27.9,27.2,26.6,26.2,25.8,25.4,25.0,24.5,24.0,23.1,21.4,18.9,15.9,9.8
1895,38.946,0.000,1929.0,117.9,-7.3,2,14011,0.506,0.000,0.455,0.167,-0.084,26.2,4.5,0,-6.86,0.630,26.2,119.8,0.506,7.0,71.3,42.6,33.3,29.6,28.0,27.2,26.6,26.2,25.8,25.4,25.0,24.5,23.9,23.0,21.3,18.8,15.9,9.8
1896,38.966,0.000,1929.7,118.0,-7.3,2,14170,0.556,0.000,0.477,0.169,-0.079,26.2,7.2,0,-7.36,0.600,26.2,120.5,0.556,7.1,75.7,43.6,33.6,29.7,28.1,27.3,26.6,26.2,25.8,25.4,25.0,24.4,23.9,22.9,21.1,18.7,15.8,9.7
1897,38.986,0.000,1930.4,118.2,-7.4,2,14349,0.606,0.000,0.495,0.170,-0.074,26.2,10.1,0,-7.94,0.569,26.2,121.2,0.606,7.1,81.2,44.7,34.0,29.9,28.2,27.3,26.7,26.2,25.8,25.3,24.9,24.4,23.8,22.8,21.0,18.5,15.7,9.7
1898,39.006,0.000,1931.1,118.5,-7.6,2,14546,0.656,0.000,0.515,0.171,-0.069,26.3,13.0,0,-8.62,0.544,26.3,122.0,0.656,7.1,88.0,46.0,34.5,30.1,28.3,27.5,26.7,26.3,25.8,25.4,24.9,24.4,23.8,22.7,20.9,18.4,15.6,9.7
1899,39.026,0.000,1931.8,118.9,-7.7,2,14763,0.706,0.000,0.525,0.171,-0.064,26.4,16.1,0,-9.22,0.518,26.4,122.9,0.706,7.2,94.4,47.5,35.0,30.4,28.5,27.6,26.9,26.4,25.9,25.4,25.0,24.4,23.7,22.6,20.8,18.3,15.5,9.6
1900,39.046,0.000,1932.4,119.3,-8.0,2,15001,0.756,0.000,0.534,0.171,-0.060,26.5,19.4,0,-9.67,0.504,26.5,124.1,0.756,7.2,99.8,49.4,35.7,30.7,28.8,27.8,27.0,26.5,26.0,25.5,25.1,24.4,23.8,22.6,20.7,18.2,15.4,9.6
1901,39.066,0.000,1933.1,119.8,-8.4,2,15262,0.806,0.000,0.538,0.169,-0.056,26.7,23.1,0,-10.05,0.492,26.7,125.4,0.806,7.3,104.7,51.8,36.6,31.2,29.1,28.1,27.3,26.7,26.2,25.7,25.2,24.6,23.9,22.7,20.6,18.1,15.3,9.6
1902,39.086,0.000,1933.8,120.3,-8.8,2,15554,0.801,0.000,0.542,0.167,-0.053,27.0,27.5,0,-10.35,0.486,27.0,127.1,0.856,7.3,109.3,54.8,37.7,31.9,29.6,28.5,27.6,27.0,26.5,25.9,25.4,24.7,24.0,22.8,20.6,18.0,15.2,9.5
1903,39.106,0.000,1934.5,120.9,-9.4,2,15846,0.617,0.000,0.543,0.165,-0.050,27.5,30.3,0,-10.62,0.481,27.5,129.1,0.906,7.4,114.0,58.8,39.1,32.6,30.2,29.0,28.1,27.5,26.9,26.3,25.7,25.0,24.2,22.9,20.7,17.9,15.2,9.5
1904,39.126,0.000,1935.2,121.4,-10.0,2,15968,0.725,0.000,0.546,0.161,-0.048,28.0,24.8,0,-10.90,0.480,28.0,131.8,0.956,7.4,119.4,63.9,40.8,33.6,30.9,29.7,28.7,28.0,27.3,26.7,26.1,25.4,24.5,23.1,20.8,17.9,15.1,9.4
1905,39.146,0.000,1935.9,121.8,-10.5,2,16087,0.815,0.000,0.550,0.157,-0.045,28.6,26.0,0,-11.17,0.476,28.6,135.0,1.000,7.5,125.6,70.4,42.8,34.7,31.8,30.4,29.3,28.6,27.9,27.2,26.6,25.7,24.9,23.4,20.9,17.9,15.0,9.4
1906,39.166,0.000,1936.6,122.3,-11.0,2,16274,0.619,0.000,0.548,0.152,-0.042,29.2,31.1,0,-11.45,0.453,29.2,138.8,1.000,7.6,132.5,78.9,45.2,36.0,32.8,31.2,30.0,29.2,28.5,27.8,27.1,26.2,25.2,23.6,21.0,17.8,14.9,9.3
1907,39.186,0.000,1937.3,122.7,-11.6,2,16333,0.695,0.000,0.539,0.146,-0.040,30.1,27.1,0,-11.71,0.421,30.1,143.8,1.000,7.6,140.8,88.7,48.2,37.7,34.0,32.3,31.0,30.1,29.3,28.5,27.7,26.8,25.7,24.0,21.2,17.9,14.8,9.3
1908,39.206,0.000,1938.0,123.0,-12.1,2,16403,0.756,0.000,0.381,0.139,-0.039,31.2,27.9,0,-7.95,0.373,31.2,150.4,1.000,7.7,76.8,96.1,52.2,39.8,35.5,33.7,32.2,31.2,30.3,29.4,28.6,27.5,26.4,24.5,21.5,18.0,14.8,9.2
1909,39.226,0.000,1938.7,123.4,-12.8,2,16531,0.805,0.000,0.391,0.132,-0.038,32.5,30.4,0,-6.89,0.430,32.5,159.1,1.000,7.8,57.0,102.3,57.6,42.4,37.5,35.4,33.7,32.5,31.5,30.5,29.6,28.4,27.2,25.1,21.9,18.1,14.7,9.1
1910,39.246,0.000,1939.4,123.8,-13.6,2,16732,0.641,0.000,0.265,0.124,-0.038,34.3,34.6,0,-6.42,0.193,34.3,171.1,1.000,7.9,46.2,108.1,65.2,45.9,40.1,37.5,35.5,34.3,33.1,32.0,30.9,29.6,28.2,25.9,22.4,18.3,14.7,9.1
1911,39.266,0.000,1940.1,124.2,-14.5,2,16795,0.713,0.000,0.196,0.115,-0.038,36.4,29.8,0,-6.20,0.064,36.4,185.2,1.000,8.0,39.3,114.6,76.1,50.6,43.3,40.3,37.9,36.4,35.0,33.7,32.6,31.0,29.4,26.9,23.0,18.6,14.8,9.0
1912,39.286,0.000,1940.8,124.6,-15.2,2,16844,0.771,0.000,0.193,0.105,-0.037,39.0,28.4,0,-6.09,0.051,39.0,192.7,1.000,8.1,34.8,121.9,87.3,56.4,47.3,43.6,40.8,39.0,37.3,35.8,34.4,32.7,30.9,28.0,23.6,18.9,14.9,8.9
1913,39.306,0.000,1941.5,125.0,-15.8,2,16948,0.816,0.000,0.198,0.095,-0.035,42.0,30.6,0,-6.00,0.041,42.0,218.4,1.000,8.2,31.8,130.0,94.4,64.0,52.2,47.5,44.1,42.0,40.0,38.2,36.6,34.5,32.5,29.2,24.3,19.2,14.9,8.9
1914,39.326,0.000,1942.2,125.4,-16.4,2,17132,0.449,0.000,0.206,0.084,-0.033,45.6,34.8,0,-5.91,0.033,45.6,227.5,1.000,8.3,29.4,138.9,100.2,74.2,58.4,52.5,48.2,45.6,43.2,41.1,39.1,36.7,34.3,30.6,25.2,19.5,15.0,8.8
1915,39.346,0.000,1942.9,125.8,-16.9,2,16884,0.559,0.000,0.210,0.072,-0.031,50.5,22.9,0,-5.75,0.024,50.5,236.2,1.000,8.5,27.5,148.6,105.7,85.2,67.5,59.5,53.9,50.5,47.5,44.9,42.5,39.6,36.7,32.3,26.2,19.9,15.1,8.7
1916,39.366,0.000,1943.7,126.0,-17.4,2,16778,0.648,0.000,0.130,0.059,-0.030,57.1,20.3,0,-3.17,0.015,57.1,246.3,1.000,8.6,25.8,64.0,111.7,92.5,79.7,69.2,61.6,57.1,53.2,49.8,46.8,43.2,39.7,34.5,27.4,20.5,15.3,8.5
1917,39.386,0.000,1944.4,126.2,-17.8,2,16780,0.718,0.000,0.129,0.046,-0.027,65.9,22.3,0,-2.76,0.007,65.9,258.0,1.000,8.6,24.5,53.9,118.6,98.2,88.0,81.0,72.2,65.9,60.6,56.2,52.3,47.7,43.4,37.1,28.8,21.0,15.4,8.4
1918,39.406,0.000,1945.1,126.4,-18.2,2,16887,0.774,0.000,0.102,0.033,-0.024,77.7,26.8,0,-2.46,-0.015,77.7,285.7,1.000,8.7,23.4,47.1,126.3,103.3,94.1,88.5,82.8,77.7,70.9,64.7,59.5,53.5,47.9,40.2,30.4,21.7,15.7,8.4
1919,39.426,0.000,1945.8,126.9,-18.5,2,17070,0.682,0.000,-0.056,0.018,-0.021,85.7,30.0,0,-2.23,-0.319,85.7,301.8,1.000,8.8,22.5,42.3,134.6,108.7,99.2,94.2,89.5,85.7,81.4,76.1,69.2,61.0,53.7,43.9,32.2,22.4,15.9,8.3
1920,39.446,0.000,1946.5,127.3,-18.7,2,17140,0.746,0.000,-0.124,0.003,-0.016,91.2,27.0,0,-2.07,-0.470,91.2,311.8,1.000,8.9,21.7,38.8,142.4,114.2,103.6,98.7,94.5,91.2,87.7,83.8,79.3,70.6,60.8,48.3,34.3,23.2,16.1,8.2
1921,39.466,0.000,1947.2,127.8,-18.8,2,17241,0.797,0.000,-0.102,-0.013,-0.009,95.2,27.7,0,-1.96,-0.470,95.2,320.2,1.000,8.9,21.2,36.4,149.3,119.6,107.8,102.5,98.2,95.2,92.1,88.7,85.0,79.0,69.0,53.0,36.3,23.9,16.3,8.1
1922,39.486,0.000,1947.9,128.4,-18.7,2,17435,0.562,0.000,0.098,-0.030,0.000,98.4,31.3,0,-0.98,0.000,98.4,288.8,1.000,9.0,20.8,34.6,67.4,124.7,111.8,106.0,101.4,98.4,95.4,92.3,89.0,83.9,76.8,58.3,38.4,24.6,16.5,8.0
1923,39.506,0.000,1948.6,128.9,-18.4,2,17252,0.649,0.000,0.151,-0.048,0.010,101.4,25.0,0,-0.87,0.000,105.0,295.7,1.000,9.1,20.4,33.2,60.9,129.9,115.9,109.6,104.6,101.4,98.3,95.4,92.3,87.7,81.7,64.5,40.7,25.3,16.6,7.9
1924,39.526,0.000,1949.3,129.4,-18.1,2,17225,0.720,0.000,0.133,-0.066,0.008,104.2,24.7,0,-0.78,0.000,107.6,301.9,1.000,9.1,20.1,32.0,56.3,134.6,120.0,113.1,107.8,104.2,100.9,97.9,94.9,90.7,85.3,71.6,43.1,25.9,16.8,7.9
1925,39.546,0.000,1950.0,129.9,-17.6,2,17299,0.776,0.000,0.081,-0.083,-0.001,106.8,27.2,0,-0.73,0.000,106.8,306.9,1.000,9.2,19.9,31.1,53.0,138.6,123.6,116.2,110.5,106.8,103.3,100.0,96.9,92.9,87.8,76.2,45.4,26.6,16.9,7.8
1926,39.566,0.000,1950.8,130.5,-17.0,2,17474,0.820,0.000,0.037,-0.099,-0.008,108.9,30.5,0,-0.70,0.000,108.9,310.9,1.000,9.2,19.8,30.5,50.6,141.8,126.5,118.9,112.8,108.9,105.2,101.8,98.6,94.4,89.6,79.1,47.6,27.1,17.0,7.7
1927,39.586,0.000,1951.5,131.2,-16.5,2,17804,0.529,0.000,-0.150,-0.113,-0.015,110.7,35.4,0,-0.68,-0.850,110.7,313.0,1.000,9.3,19.6,30.0,48.8,144.4,129.0,121.2,114.8,110.7,106.9,103.3,99.9,95.6,91.0,81.1,49.8,27.6,17.1,7.6
1928,39.606,0.000,1952.2,131.7,-16.0,2,17399,0.623,0.000,-0.184,-0.126,-0.021,112.4,26.0,0,-0.66,-0.850,112.4,313.6,1.000,9.4,19.5,29.5,47.3,146.8,131.3,123.4,116.7,112.4,108.4,104.7,101.2,96.8,92.1,82.7,52.0,28.0,17.2,7.6
1929,39.626,0.000,1953.0,132.3,-15.4,2,17461,0.699,0.000,-0.209,-0.137,-0.026,113.4,23.2,0,-0.65,-0.850,113.4,313.4,1.000,9.4,19.5,29.3,46.3,148.2,132.6,124.6,117.9,113.4,109.3,105.5,101.9,97.3,92.6,83.5,53.7,28.3,17.2,7.5
1930,39.646,0.000,1953.7,132.9,-14.6,2,17591,0.759,0.000,-0.224,-0.148,-0.028,113.5,24.5,0,-0.65,-0.850,113.5,312.3,1.000,9.5,19.6,29.3,46.0,148.4,132.8,124.8,118.0,113.5,109.3,105.5,101.9,97.2,92.5,83.5,54.4,28.3,17.1,7.4
1931,39.666,0.000,1954.5,133.6,-13.7,2,17832,0.807,0.000,-0.228,-0.157,-0.028,112.5,27.4,0,-0.66,-0.850,112.5,310.6,1.000,9.6,19.7,29.5,46.3,147.3,131.7,123.8,117.0,112.5,108.4,104.6,101.0,96.4,91.7,82.8,54.0,28.1,16.9,7.4
1932,39.686,0.000,1955.2,134.5,-12.6,2,18144,0.846,0.000,-0.221,-0.166,-0.027,110.6,30.6,0,-0.68,-0.850,110.6,308.1,1.000,9.6,20.0,29.9,47.2,145.0,129.5,121.6,115.0,110.6,106.6,102.8,99.4,94.9,90.2,81.3,52.4,27.5,16.7,7.3
1933,39.706,0.000,1956.0,135.4,-11.3,2,18442,0.877,0.000,-0.204,-0.174,-0.023,107.8,33.7,0,-0.71,-0.850,107.8,303.4,1.000,9.7,20.3,30.6,48.7,141.6,126.3,118.4,112.0,107.8,104.0,100.4,97.0,92.7,88.2,79.1,50.0,26.7,16.3,7.2
1934,39.726,0.000,1956.7,136.3,-9.9,2,18716,0.901,0.000,-0.179,-0.181,-0.018,104.5,36.4,0,-0.75,-0.850,104.5,298.1,1.000,9.8,20.7,31.5,50.8,137.3,122.2,114.5,108.4,104.5,100.8,97.4,94.2,90.1,85.7,76.3,47.2,25.8,15.9,7.1
1935,39.746,0.000,1957.5,137.4,-8.5,2,18943,0.921,0.000,-0.149,-0.188,-0.012,100.9,38.2,0,-0.80,-0.850,100.9,292.6,1.000,10.0,21.2,32.5,53.4,132.5,117.6,110.3,104.6,100.9,97.5,94.2,91.2,87.3,82.8,73.0,44.2,24.8,15.5,7.0
1936,39.766,0.000,1958.2,138.5,-7.0,2,19119,0.937,0.000,-0.117,-0.194,-0.005,97.4,39.0,0,-0.86,-0.850,97.4,287.0,1.000,10.1,21.7,33.6,56.3,127.6,113.1,106.2,100.9,97.4,94.2,91.1,88.3,84.5,79.8,69.5,41.5,23.9,15.1,6.9
1937,39.786,0.000,1959.0,139.5,-5.7,2,19371,0.949,0.000,-0.087,-0.199,0.001,94.2,41.2,0,-0.93,-0.850,94.5,280.6,1.000,10.2,22.1,34.7,59.4,123.0,108.9,102.5,97.5,94.2,91.1,88.3,85.6,81.7,76.9,65.9,39.2,23.0,14.7,6.8
1938,39.806,0.000,1959.8,140.6,-4.5,2,19534,0.960,0.000,-0.059,-0.204,0.006,91.4,42.0,0,-1.01,-0.850,93.6,275.3,1.000,10.3,22.6,35.8,62.8,118.9,105.4,99.3,94.5,91.4,88.5,85.8,83.1,79.2,74.2,62.4,37.3,22.3,14.4,6.7
1939,39.826,0.000,1960.6,141.7,-3.4,3,15422,0.968,0.000,-0.005,-0.209,0.010,89.1,10.0,0,-1.99,-0.850,92.7,311.6,1.000,10.4,23.0,36.7,145.6,115.4,102.4,96.6,92.1,89.1,86.3,83.7,81.0,76.9,71.9,59.3,35.9,21.8,14.2,6.6
1940,39.846,0.000,1961.4,142.6,-2.4,3,15459,0.974,0.000,0.033,-0.213,0.014,87.2,8.6,0,-2.02,-0.470,91.8,308.4,1.000,10.4,23.3,37.4,142.4,112.5,100.0,94.4,90.0,87.2,84.5,81.8,79.1,75.0,69.9,56.7,34.9,21.3,14.0,6.6
1941,39.866,0.000,1962.2,143.5,-1.6,3,15496,0.979,0.000,0.041,-0.217,0.015,85.9,8.1,0,-2.03,-0.470,90.9,306.7,1.000,10.5,23.4,37.8,140.4,110.7,98.5,93.0,88.7,85.9,83.2,80.6,77.9,73.9,68.7,55.6,34.4,21.1,13.8,6.5
1942,39.886,0.000,1963.0,144.4,-1.1,3,15536,0.983,0.000,0.039,-0.220,0.014,85.2,7.7,0,-2.03,-0.470,90.0,306.2,1.000,10.5,23.5,37.7,139.5,110.0,97.8,92.3,88.1,85.2,82.6,80.0,77.3,73.4,68.4,55.8,34.4,21.1,13.8,6.5
1943,39.906,0.000,1963.8,145.2,-0.9,3,15578,0.987,0.000,0.030,-0.223,0.012,85.0,7.7,0,-2.02,-0.470,89.1,306.4,1.000,10.5,23.4,37.4,139.5,109.9,97.6,92.1,87.8,85.0,82.4,79.8,77.2,73.3,68.5,56.8,34.8,21.2,13.8,6.5
1944,39.926,0.000,1964.6,146.1,-0.9,3,15625,0.989,0.000,0.019,-0.225,0.010,85.0,8.0,0,-2.01,-0.470,88.1,306.8,1.000,10.5,23.2,37.0,139.7,110.2,97.7,92.1,87.8,85.0,82.3,79.8,77.2,73.4,68.7,57.9,35.4,21.4,13.9,6.5
1945,39.946,0.000,1965.4,147.0,-0.9,3,15677,0.992,0.000,0.007,-0.227,0.007,84.9,8.4,0,-2.00,-0.470,87.3,307.2,1.000,10.5,23.1,36.6,140.0,110.4,97.8,92.2,87.8,84.9,82.2,79.7,77.2,73.5,69.0,58.8,36.0,21.6,14.0,6.5
1946,39.966,0.000,1966.2,147.8,-1.0,3,15732,0.993,0.000,-0.003,-0.229,0.005,84.7,9.0,0,-1.99,-0.470,86.4,307.2,1.000,10.5,23.0,36.3,140.0,110.4,97.7,92.1,87.6,84.7,82.0,79.5,77.0,73.4,69.0,59.3,36.5,21.8,14.0,6.5
1947,39.986,0.000,1967.0,148.7,-1.0,3,15793,0.995,0.000,-0.010,-0.230,0.003,84.3,9.8,0,-1.98,-0.470,85.5,306.7,1.000,10.5,22.9,36.1,139.7,110.1,97.4,91.7,87.2,84.3,81.6,79.1,76.7,73.1,68.8,59.5,36.9,21.9,14.0,6.5
1948,40.006,0.000,1967.9,149.6,-0.9,3,15855,0.996,0.000,-0.013,-0.231,0.003,83.7,9.8,0,-1.98,-0.470,84.6,305.8,1.000,10.5,22.9,36.0,138.9,109.4,96.7,91.0,86.6,83.7,81.0,78.5,76.1,72.6,68.4,59.3,37.0,21.9,14.1,6.5
1949,40.026,0.000,1968.7,150.5,-0.8,3,15912,0.997,0.000,-0.013,-0.233,0.003,82.9,9.4,0,-1.99,-0.470,83.7,304.7,1.000,10.5,22.9,36.0,137.7,108.3,95.7,90.1,85.8,82.9,80.2,77.7,75.3,71.9,67.7,58.9,37.0,21.9,14.0,6.5
1950,40.046,0.000,1969.5,151.4,-0.6,3,15965,0.997,0.000,-0.011,-0.234,0.003,81.9,8.8,0,-1.99,-0.470,82.8,303.2,1.000,10.5,22.9,36.1,136.2,107.1,94.6,89.1,84.8,81.9,79.3,76.8,74.5,71.1,67.0,58.3,36.9,21.8,14.0,6.5
1951,40.066,0.000,1970.4,152.3,-0.4,3,16016,0.998,0.000,-0.008,-0.234,0.003,80.9,8.0,0,-1.99,-0.470,81.9,301.6,1.000,10.5,23.0,36.2,134.6,105.7,93.4,87.9,83.7,80.9,78.3,75.9,73.5,70.2,66.1,57.7,36.7,21.8,14.0,6.5
1952,40.086,0.000,1971.2,153.2,-0.2,3,16061,0.998,0.000,-0.005,-0.235,0.004,79.8,7.3,0,-2.00,-0.470,81.0,299.8,1.000,10.5,23.0,36.3,133.0,104.2,92.1,86.8,82.6,79.8,77.3,74.9,72.6,69.3,65.3,57.0,36.5,21.7,13.9,6.5
1953,40.106,0.000,1972.1,154.2,-0.1,3,16106,0.999,0.000,-0.003,-0.236,0.004,78.8,6.6,0,-2.00,-0.470,80.1,297.8,1.000,10.5,23.1,36.4,131.5,102.9,91.0,85.7,81.5,78.8,76.3,73.9,71.7,68.4,64.5,56.3,36.4,21.6,13.9,6.5
1954,40.126,0.000,1972.9,155.1,-0.0,3,16149,0.999,0.000,0.008,-0.237,0.004,77.9,6.2,0,-2.01,-0.452,79.2,295.9,1.000,10.5,23.1,36.4,130.0,101.6,89.8,84.6,80.6,77.9,75.4,73.1,70.8,67.6,63.7,55.8,36.3,21.6,13.9,6.4
1955,40.146,0.000,1973.8,156.0,0.1,3,16193,0.999,0.000,0.018,-0.237,0.004,77.0,6.0,0,-2.01,-0.431,78.3,294.3,1.000,10.5,23.1,36.4,128.8,100.6,88.9,83.7,79.7,77.0,74.6,72.3,70.0,66.9,63.1,55.3,36.3,21.6,13.9,6.4
1956,40.166,0.000,1974.7,156.9,0.1,3,16230,0.999,0.000,0.024,-0.238,0.003,76.4,5.0,0,-2.01,-0.409,77.4,293.2,1.000,10.5,23.0,36.3,128.0,99.8,88.2,83.1,79.0,76.4,73.9,71.6,69.5,66.3,62.6,55.1,36.5,21.7,13.9,6.4
1957,40.186,0.000,1975.5,157.8,0.0,3,16270,0.999,0.000,0.028,-0.238,0.002,76.0,4.8,0,-2.00,-0.388,76.5,292.6,1.000,10.5,22.9,36.0,127.5,99.4,87.8,82.6,78.6,76.0,73.5,71.2,69.0,66.0,62.3,55.0,37.0,21.8,14.0,6.5
1958,40.206,0.000,1976.4,158.6,-0.1,3,16313,1.000,0.000,0.028,-0.238,-0.000,75.7,5.0,0,-2.00,-0.366,75.7,292.4,1.000,10.5,22.8,35.7,127.4,99.3,87.6,82.4,78.3,75.7,73.2,70.9,68.7,65.7,62.2,55.1,37.6,22.0,14.1,6.5
1959,40.226,0.000,1977.3,159.5,-0.3,3,16365,1.000,0.000,0.026,-0.238,-0.003,75.5,5.7,0,-1.99,-0.345,75.5,292.6,1.000,10.5,22.6,35.3,127.5,99.4,87.5,82.3,78.2,75.5,73.0,70.7,68.5,65.6,62.1,55.2,38.4,22.3,14.2,6.5
1960,40.246,0.000,1978.2,160.4,-0.4,3,16420,1.000,0.000,0.023,-0.238,-0.006,75.4,6.3,0,-1.98,-0.324,75.4,292.8,1.000,10.4,22.5,34.8,127.7,99.5,87.5,82.2,78.1,75.4,72.9,70.5,68.3,65.4,62.0,55.3,39.3,22.6,14.3,6.5
1961,40.266,0.000,1979.1,161.2,-0.6,3,16476,1.000,0.000,0.020,-0.237,-0.008,75.3,6.5,0,-1.96,-0.302,75.3,293.1,1.000,10.4,22.3,34.4,127.9,99.7,87.6,82.2,78.0,75.3,72.7,70.4,68.2,65.3,62.0,55.5,40.3,22.9,14.4,6.5
1962,40.286,0.000,1980.0,162.1,-0.7,3,16532,1.000,0.000,0.017,-0.237,-0.011,75.2,6.5,0,-1.95,-0.281,75.2,293.3,1.000,10.4,22.1,33.9,128.1,99.8,87.6,82.2,77.9,75.2,72.6,70.2,68.0,65.1,61.9,55.5,41.2,23.3,14.5,6.6
1963,40.306,0.000,1980.9,163.0,-0.8,3,16585,1.000,0.000,0.014,-0.235,-0.014,75.0,6.3,0,-1.95,-0.259,75.0,293.5,1.000,10.3,21.9,33.5,128.2,99.9,87.6,82.1,77.8,75.0,72.4,70.0,67.8,64.9,61.7,55.5,41.9,23.6,14.7,6.6
1964,40.326,0.000,1981.8,163.9,-0.9,3,16632,1.000,0.000,0.012,-0.234,-0.016,74.8,5.3,0,-1.94,-0.238,74.8,293.4,1.000,10.3,21.7,33.1,128.1,99.8,87.5,81.9,77.6,74.8,72.2,69.8,67.5,64.6,61.4,55.4,42.3,23.9,14.8,6.6
1965,40.346,0.000,1982.7,164.9,-0.9,3,16658,1.000,0.000,0.012,-0.232,-0.018,74.4,3.2,0,-1.94,-0.217,74.4,293.0,1.000,10.3,21.6,32.8,127.8,99.6,87.2,81.6,77.2,74.4,71.8,69.4,67.1,64.2,61.1,55.2,42.6,24.2,14.9,6.6
1966,40.366,0.000,1983.6,165.8,-0.8,3,16688,1.000,0.000,0.014,-0.230,-0.020,73.9,2.7,0,-1.93,-0.196,73.9,292.2,1.000,10.2,21.5,32.5,127.2,99.0,86.7,81.1,76.7,73.9,71.3,68.9,66.6,63.7,60.6,54.9,42.7,24.5,15.0,6.7
1967,40.386,0.000,1984.5,166.6,-0.7,3,16728,1.000,0.000,0.017,-0.228,-0.021,73.4,3.1,0,-1.93,-0.175,73.4,291.3,1.000,10.2,21.3,32.3,126.6,98.5,86.1,80.5,76.2,73.4,70.8,68.3,66.1,63.2,60.1,54.5,42.7,24.7,15.2,6.7
1968,40.406,0.000,1985.5,167.4,-0.7,3,16778,1.000,0.000,0.019,-0.225,-0.022,72.8,4.0,0,-1.93,-0.154,72.8,290.5,1.000,10.2,21.2,32.0,126.0,97.9,85.6,80.0,75.7,72.8,70.2,67.8,65.6,62.7,59.6,54.1,42.7,25.0,15.3,6.7
1969,40.426,0.000,1986.4,168.3,-0.6,3,16836,1.000,0.000,0.019,-0.222,-0.024,72.4,4.8,0,-1.92,-0.132,72.4,289.9,1.000,10.1,21.1,31.7,125.5,97.5,85.2,79.6,75.2,72.4,69.8,67.4,65.1,62.2,59.2,53.8,42.8,25.3,15.4,6.8
1970,40.446,0.000,1987.3,169.1,-0.7,3,16894,1.000,0.000,0.017,-0.219,-0.026,72.1,4.9,0,-1.92,-0.111,72.1,289.6,1.000,10.1,20.9,31.3,125.3,97.3,85.0,79.3,74.9,72.1,69.4,67.0,64.7,61.8,58.8,53.5,42.8,25.7,15.6,6.8
1971,40.466,0.000,1988.3,170.0,-0.7,3,16948,1.000,0.000,0.014,-0.215,-0.029,71.8,4.7,0,-1.92,-0.091,71.8,289.3,1.000,10.0,20.7,30.9,125.1,97.1,84.8,79.1,74.7,71.8,69.2,66.7,64.4,61.5,58.5,53.3,42.9,26.2,15.8,6.9
1972,40.486,0.000,1989.2,170.9,-0.8,3,16997,1.000,0.000,0.011,-0.211,-0.031,71.5,4.5,0,-1.91,-0.070,71.5,289.0,1.000,10.0,20.5,30.5,124.9,96.9,84.6,78.8,74.4,71.5,68.8,66.4,64.1,61.2,58.1,53.0,42.9,26.6,16.0,6.9
1973,40.506,0.000,1990.2,171.9,-0.8,3,17006,1.000,0.000,0.010,-0.207,-0.033,71.1,1.1,0,-1.91,-0.049,71.1,288.4,1.000,9.9,20.3,30.2,124.4,96.5,84.2,78.4,73.9,71.1,68.4,65.9,63.7,60.7,57.7,52.6,42.8,27.1,16.2,7.0
1974,40.526,0.000,1991.2,172.7,-0.7,3,17023,1.000,0.000,0.012,-0.202,-0.034,70.5,0.3,0,-1.90,-0.029,70.5,287.4,1.000,9.9,20.2,30.0,123.7,95.8,83.6,77.8,73.3,70.5,67.8,65.3,63.1,60.1,57.1,52.1,42.6,27.4,16.3,7.0
1975,40.546,0.000,1992.1,173.6,-0.6,3,17058,1.000,0.000,0.014,-0.197,-0.035,69.8,0.7,0,-1.90,-0.008,69.8,286.1,1.000,9.8,20.0,29.8,122.7,95.0,82.9,77.1,72.6,69.8,67.1,64.7,62.4,59.5,56.5,51.6,42.3,27.7,16.5,7.1
1976,40.566,0.000,1993.1,174.4,-0.5,3,17110,1.000,0.000,0.025,-0.192,-0.036,69.1,1.9,0,-1.90,0.018,69.1,284.9,1.000,9.8,19.9,29.6,121.8,94.2,82.1,76.4,72.0,69.1,66.5,64.0,61.8,58.9,55.9,51.0,42.0,28.0,16.6,7.1
1977,40.586,0.000,1994.0,175.2,-0.5,3,17177,1.000,0.000,0.031,-0.187,-0.038,68.6,3.1,0,-1.90,0.037,68.6,284.1,1.000,9.7,19.7,29.4,121.2,93.6,81.6,75.9,71.4,68.6,65.9,63.5,61.3,58.4,55.4,50.6,41.7,28.3,16.8,7.2
1978,40.606,0.000,1995.0,176.0,-0.5,3,17247,1.000,0.000,0.028,-0.181,-0.040,68.3,3.5,0,-1.89,0.048,68.3,283.9,1.000,9.6,19.5,29.1,121.1,93.5,81.5,75.7,71.2,68.3,65.7,63.3,61.0,58.1,55.1,50.3,41.6,28.7,17.1,7.2
1979,40.626,0.000,1996.0,176.9,-0.7,3,17306,1.000,0.000,0.018,-0.175,-0.043,68.3,3.6,0,-1.89,0.052,68.3,284.3,1.000,9.6,19.2,28.7,121.4,93.7,81.7,75.8,71.3,68.3,65.7,63.2,60.9,57.9,54.9,50.0,41.6,29.0,17.4,7.3
1980,40.646,0.000,1997.0,177.7,-0.9,3,17357,1.000,0.000,0.006,-0.168,-0.047,68.3,3.4,0,-1.89,0.053,68.3,284.6,1.000,9.5,19.0,28.3,121.6,93.9,81.8,75.9,71.3,68.3,65.6,63.0,60.7,57.8,54.7,49.8,41.5,29.3,17.7,7.4
1981,40.666,0.000,1998.0,178.7,-1.0,3,17329,1.000,0.000,-0.002,-0.161,-0.049,67.9,-0.8,0,-1.89,0.052,67.9,284.1,1.000,9.4,18.8,28.1,121.2,93.5,81.5,75.6,70.9,67.9,65.2,62.7,60.3,57.3,54.3,49.4,41.3,29.5,18.0,7.5
1982,40.686,0.000,1999.0,179.5,-0.8,3,17340,1.000,0.000,-0.005,-0.154,-0.049,67.1,-1.5,0,-1.89,0.049,67.1,282.5,1.000,9.3,18.6,28.2,120.1,92.5,80.5,74.7,70.1,67.1,64.4,61.9,59.6,56.6,53.6,48.7,40.8,29.4,18.2,7.6
1983,40.706,0.000,2000.0,180.4,-0.6,3,17380,1.000,0.000,-0.005,-0.146,-0.049,66.0,-0.9,0,-1.89,0.045,66.0,280.2,1.000,9.3,18.5,28.4,118.4,91.1,79.2,73.5,68.9,66.0,63.3,60.9,58.6,55.7,52.7,48.0,40.2,29.2,18.4,7.6
1984,40.726,0.000,2001.0,181.1,-0.4,3,17451,1.000,0.000,-0.004,-0.139,-0.049,64.8,0.5,0,-1.90,0.041,64.8,277.7,1.000,9.2,18.4,28.9,116.6,89.5,77.8,72.1,67.7,64.8,62.2,59.8,57.6,54.7,51.8,47.1,39.6,28.9,18.5,7.7
1985,40.746,0.000,2002.0,181.9,-0.3,3,17536,1.000,0.000,-0.003,-0.131,-0.048,63.6,1.8,0,-1.90,0.036,63.6,275.1,1.000,9.2,18.3,29.5,114.7,87.9,76.4,70.8,66.4,63.6,61.1,58.7,56.5,53.7,50.9,46.3,38.9,28.7,18.7,7.8
1986,40.766,0.000,2003.0,182.7,-0.2,3,17613,1.000,0.000,-0.003,-0.123,-0.048,62.5,2.2,0,-1.92,0.032,62.5,272.6,1.000,9.1,18.2,30.3,113.0,86.4,75.0,69.5,65.2,62.5,60.0,57.6,55.5,52.8,50.0,45.5,38.3,28.4,18.8,7.8
1987,40.786,0.000,2004.0,183.6,-0.1,3,17664,1.000,0.000,-0.004,-0.115,-0.048,61.3,2.2,0,-1.93,0.028,61.3,270.1,1.000,9.0,18.1,31.6,111.2,84.9,73.6,68.2,64.0,61.3,58.9,56.6,54.5,51.8,49.1,44.6,37.7,28.1,18.8,7.9
1988,40.806,0.000,2005.0,184.4,-0.0,3,17689,1.000,0.000,-0.004,-0.107,-0.048,60.2,1.3,0,-1.97,0.024,60.2,267.5,1.000,9.0,18.1,33.9,109.4,83.3,72.2,66.9,62.8,60.2,57.8,55.5,53.5,50.9,48.2,43.8,37.0,27.8,18.8,8.0
1989,40.826,0.000,2006.1,185.4,-0.0,3,17565,1.000,0.000,0.105,-0.099,-0.047,59.0,-2.9,0,-5.13,0.021,59.0,335.1,1.000,8.9,18.0,161.8,107.6,81.8,70.9,65.6,61.6,59.0,56.7,54.5,52.5,49.9,47.3,43.0,36.4,27.4,18.8,8.0
1990,40.846,0.000,2007.1,186.2,0.2,3,17640,1.000,0.000,0.092,-0.090,-0.050,58.6,-2.6,0,-5.16,0.018,58.6,334.8,1.000,8.8,17.9,161.6,107.2,81.4,70.5,65.2,61.2,58.6,56.2,54.0,52.0,49.4,46.8,42.6,36.0,27.3,18.9,8.1
1991,40.866,0.000,2008.1,186.9,-0.2,3,17732,1.000,0.000,0.062,-0.081,-0.055,59.2,-1.4,0,-5.20,0.015,59.2,337.9,1.000,8.7,17.6,164.2,108.6,82.5,71.4,66.1,61.9,59.2,56.7,54.4,52.4,49.7,47.0,42.6,36.0,27.5,19.2,8.3
1992,40.886,0.000,2009.2,187.7,-0.7,3,17856,1.000,0.000,-0.066,-0.071,-0.062,60.0,0.4,0,-2.49,0.013,60.0,268.8,1.000,8.6,17.3,63.5,110.4,83.9,72.6,67.2,62.8,60.0,57.4,55.0,52.9,50.1,47.3,42.8,36.0,27.6,19.4,8.4
1993,40.906,0.000,2010.2,188.4,-1.5,3,17964,1.000,0.000,0.011,-0.062,-0.065,59.8,1.6,0,-5.27,0.011,59.8,342.4,1.000,8.5,17.2,168.2,110.4,83.8,72.5,67.1,62.7,59.8,57.2,54.8,52.6,49.8,47.0,42.5,35.7,27.5,19.5,8.5
1994,40.926,0.000,2011.2,189.2,-1.1,3,18054,1.000,0.000,0.007,-0.051,-0.065,58.7,1.8,0,-5.30,0.009,58.7,339.8,1.000,8.4,17.3,166.0,108.7,82.4,71.2,65.9,61.5,58.7,56.1,53.8,51.6,48.9,46.1,41.7,35.0,27.1,19.4,8.6
1995,40.946,0.000,2012.3,190.0,-0.9,3,18117,1.000,0.000,-0.002,-0.041,-0.066,57.8,1.6,0,-5.32,0.008,57.8,338.2,1.000,8.3,17.4,164.5,107.5,81.3,70.2,64.9,60.6,57.8,55.3,53.0,50.8,48.1,45.4,41.0,34.4,26.7,19.3,8.7
1996,40.966,0.000,2013.4,191.0,-0.8,3,17956,1.000,0.000,-0.010,-0.030,-0.066,56.9,-2.9,0,-5.35,0.007,56.9,336.2,1.000,8.2,17.5,162.8,106.1,80.1,69.1,63.9,59.6,56.9,54.4,52.1,50.0,47.3,44.6,40.3,33.8,26.3,19.1,8.8
1997,40.986,0.000,2014.4,191.8,-0.6,3,17984,1.000,0.000,-0.013,-0.019,-0.066,55.6,-4.1,0,-5.38,0.006,55.6,333.1,1.000,8.1,17.8,160.1,104.1,78.4,67.6,62.5,58.3,55.6,53.2,51.0,48.9,46.3,43.6,39.4,33.1,25.9,18.9,8.9
1998,41.006,0.000,2015.5,192.5,-0.3,3,18093,1.000,0.000,-0.014,-0.008,-0.065,54.2,-3.5,0,-5.40,0.005,54.2,329.3,1.000,8.1,18.2,156.9,101.8,76.4,65.9,60.8,56.8,54.2,51.8,49.7,47.7,45.1,42.6,38.5,32.3,25.4,18.7,8.9
1999,41.026,0.000,2016.6,193.3,-0.1,3,18252,1.000,0.000,-0.014,0.004,-0.063,52.7,-1.8,0,-5.43,0.004,52.7,325.3,1.000,8.0,18.7,153.5,99.3,74.4,64.0,59.1,55.2,52.7,50.4,48.3,46.4,44.0,41.5,37.5,31.5,24.8,18.4,9.0
2000,41.046,0.000,2017.6,194.0,0.1,3,18410,1.000,0.000,-0.014,0.015,-0.062,51.2,-0.0,0,-5.46,0.003,51.2,321.2,1.000,8.0,19.4,150.1,96.8,72.3,62.2,57.4,53.6,51.2,49.0,47.0,45.1,42.8,40.3,36.5,30.7,24.2,18.1,9.0
2001,41.066,0.000,2018.7,194.7,0.2,3,18530,1.000,0.000,-0.013,0.026,-0.060,49.7,0.7,0,-5.49,0.002,49.7,316.8,1.000,8.0,20.3,146.5,94.2,70.1,60.3,55.6,52.0,49.7,47.5,45.6,43.8,41.5,39.2,35.5,29.9,23.7,17.8,9.0
2002,41.086,0.000,2019.8,195.5,0.4,3,18609,1.000,0.000,0.027,0.037,-0.051,48.1,0.9,0,-5.53,0.002,48.1,312.3,1.000,8.0,21.5,142.9,91.5,67.9,58.3,53.8,50.3,48.1,46.1,44.2,42.5,40.3,38.0,34.5,29.1,23.1,17.4,9.0
2003,41.106,0.000,2020.9,196.4,0.5,3,18493,1.000,0.000,0.077,0.045,-0.039,46.9,-2.4,0,-5.59,0.002,46.9,309.4,1.000,8.0,22.9,140.5,89.7,66.3,56.9,52.5,49.1,46.9,45.0,43.1,41.4,39.3,37.1,33.6,28.4,22.6,17.1,8.9
2004,41.126,0.000,2022.0,197.3,0.4,3,18457,1.000,0.000,0.112,0.052,-0.031,46.6,-5.0,0,-5.65,0.001,46.6,309.8,1.000,8.0,23.9,140.9,89.6,66.2,56.7,52.3,48.8,46.6,44.6,42.8,41.1,38.9,36.7,33.3,28.0,22.2,17.0,8.9
2005,41.146,0.000,2023.1,198.0,0.0,3,18557,1.000,0.000,0.130,0.057,-0.027,47.2,-4.5,0,-5.73,0.001,47.2,313.8,1.000,8.0,24.2,144.1,91.3,67.4,57.7,53.2,49.6,47.2,45.1,43.2,41.4,39.2,36.9,33.3,27.9,22.1,16.9,8.9
2006,41.166,0.000,2024.2,198.6,-0.7,3,18714,1.000,0.000,0.133,0.062,-0.026,48.9,-2.7,0,-5.81,0.001,48.9,322.0,1.000,8.0,23.9,150.8,94.9,70.1,60.0,55.2,51.4,48.9,46.6,44.5,42.5,40.1,37.7,33.8,28.2,22.1,16.9,9.0
2007,41.186,0.000,2025.3,199.3,-1.7,3,18893,1.000,0.000,0.126,0.065,-0.027,51.4,-0.4,0,-5.92,0.001,51.4,333.7,1.000,8.0,23.3,160.6,99.9,74.0,63.3,58.2,54.1,51.4,48.8,46.5,44.3,41.6,39.0,34.8,28.6,22.3,17.0,9.0
2008,41.206,0.000,2026.4,200.1,-2.6,3,18813,1.000,0.000,0.121,0.068,-0.028,54.1,-3.0,0,-6.04,0.000,54.1,347.3,1.000,7.9,22.7,172.6,105.0,78.1,66.8,61.4,57.0,54.1,51.4,48.8,46.4,43.4,40.4,35.8,29.2,22.5,17.1,9.0
2009,41.226,0.000,2027.5,200.8,-3.0,3,18907,1.000,0.000,0.131,0.071,-0.027,56.3,-2.5,0,-6.25,0.000,56.3,266.9,1.000,7.9,22.5,186.6,109.0,81.3,69.5,63.9,59.3,56.3,53.4,50.7,48.2,44.9,41.6,36.6,29.6,22.6,17.1,9.0
2010,41.246,0.000,2028.7,201.4,-3.2,3,19058,1.000,0.000,0.142,0.073,-0.025,58.4,-0.7,0,-6.43,0.000,58.4,272.3,1.000,7.9,22.3,200.0,112.8,84.4,72.2,66.4,61.6,58.4,55.4,52.6,49.9,46.4,42.9,37.5,30.0,22.7,17.0,9.0
2011,41.266,0.000,2029.8,202.0,-3.7,3,19207,1.000,0.000,0.014,0.074,-0.024,61.1,1.2,0,-2.72,0.000,61.1,278.7,1.000,7.9,21.9,56.1,117.3,88.2,75.6,69.4,64.5,61.1,57.9,54.9,52.1,48.4,44.6,38.7,30.7,22.9,17.0,9.0
2012,41.286,0.000,2030.9,202.7,-4.5,3,19235,1.000,0.000,0.017,0.074,-0.022,63.4,0.4,0,-2.61,0.000,63.4,284.2,1.000,7.9,21.7,50.7,121.3,91.5,78.5,72.1,66.9,63.4,60.1,57.0,54.0,50.2,46.2,39.8,31.2,23.0,17.0,9.0
2013,41.306,0.000,2032.0,203.4,-4.2,3,19224,1.000,0.000,0.049,0.074,-0.015,64.0,-1.4,0,-2.61,0.000,64.0,285.8,1.000,8.0,21.9,49.9,122.5,92.3,79.2,72.7,67.5,64.0,60.6,57.5,54.5,50.6,46.5,40.0,31.2,22.9,16.8,9.0
2014,41.326,0.000,2033.2,204.1,-3.5,3,19306,1.000,0.000,0.067,0.072,-0.006,63.7,-1.0,0,-2.64,-0.032,63.7,285.6,1.000,8.1,22.3,50.4,122.3,92.1,78.9,72.5,67.3,63.7,60.4,57.2,54.2,50.4,46.3,39.8,30.9,22.6,16.6,8.9
2015,41.346,0.000,2034.3,204.8,-3.0,3,19395,1.000,0.000,0.062,0.070,0.003,63.7,-0.4,0,-2.66,-0.110,64.7,285.8,1.000,8.2,22.6,50.5,122.5,92.0,78.9,72.5,67.2,63.7,60.3,57.2,54.2,50.3,46.2,39.7,30.7,22.4,16.4,8.8
2016,41.366,0.000,2035.5,205.4,-2.7,3,19474,1.000,0.000,0.053,0.066,0.011,63.9,-0.1,0,-2.67,-0.194,68.3,286.8,1.000,8.3,22.8,50.2,123.2,92.4,79.2,72.8,67.5,63.9,60.6,57.4,54.4,50.4,46.4,39.8,30.6,22.2,16.2,8.7
2017,41.386,0.000,2036.6,206.1,-2.6,3,19554,1.000,0.000,0.041,0.061,0.018,64.3,0.2,0,-2.67,-0.283,72.0,288.3,1.000,8.4,23.0,49.5,124.3,93.0,79.7,73.2,67.9,64.3,60.9,57.7,54.7,50.7,46.6,40.0,30.6,22.1,16.0,8.6
2018,41.406,0.000,2037.8,206.2,-2.5,4,15840,1.000,0.000,0.031,0.054,0.026,64.7,-14.4,0,-2.68,-0.376,76.0,289.6,1.000,8.6,23.1,49.1,125.3,93.5,80.1,73.6,68.3,64.7,61.2,58.0,54.9,51.0,46.8,40.2,30.6,22.0,15.9,8.5
2019,41.426,0.000,2038.9,206.4,-2.4,4,16064,1.000,0.000,0.028,0.046,0.035,64.5,-3.6,0,-2.70,-0.470,80.1,286.8,1.000,8.7,23.3,49.4,125.4,93.3,80.0,73.4,68.1,64.5,61.1,57.8,54.8,50.8,46.7,40.1,30.5,21.8,15.7,8.4
2020,41.446,0.000,2040.1,206.9,-2.1,4,16252,1.000,0.000,0.078,0.036,0.045,64.0,-2.8,0,-2.73,-0.470,84.6,283.3,1.000,8.9,23.6,50.2,124.9,92.7,79.4,72.9,67.6,64.0,60.6,57.4,54.4,50.4,46.3,39.8,30.2,21.5,15.5,8.2
2021,41.466,0.000,2041.2,207.4,-1.9,4,16410,1.000,0.000,0.125,0.025,0.054,63.9,0.1,0,-2.76,-0.470,63.9,278.5,1.000,9.0,23.8,50.4,125.1,92.6,79.3,72.8,67.5,63.9,60.5,57.3,54.3,50.3,46.2,39.7,30.1,21.3,15.3,8.1
2022,41.486,0.000,2042.4,207.9,-2.1,4,16557,1.000,0.000,0.156,0.012,0.060,65.2,1.3,0,-2.73,-0.470,65.2,278.4,1.000,9.1,23.6,48.5,128.2,94.3,80.9,74.3,68.8,65.2,61.7,58.4,55.3,51.3,47.1,40.4,30.5,21.4,15.3,8.0
2023,41.506,0.000,2043.5,208.4,-2.8,4,16656,1.000,0.000,0.175,-0.002,0.063,67.6,0.5,0,-2.69,-0.470,67.6,282.3,1.000,9.2,23.2,45.6,134.1,97.5,83.7,77.0,71.4,67.6,64.0,60.6,57.4,53.2,48.8,41.7,31.4,21.7,15.3,7.9
2024,41.526,0.000,2044.7,208.9,-3.5,4,16726,1.000,0.000,0.174,-0.018,0.061,70.0,0.1,0,-2.67,-0.470,70.0,287.2,1.000,9.2,22.9,43.2,140.5,100.6,86.6,79.6,73.9,70.0,66.3,62.7,59.4,55.0,50.5,43.1,32.2,22.0,15.4,7.9
2025,41.546,0.000,2045.8,209.4,-3.9,4,16780,1.000,0.000,0.142,-0.032,0.053,72.2,0.7,0,-2.67,-0.470,72.2,293.8,1.000,9.3,22.5,41.4,147.1,103.5,89.1,82.0,76.2,72.2,68.4,64.7,61.3,56.7,52.0,44.3,33.1,22.4,15.5,7.8
2026,41.566,0.000,2047.0,209.7,-4.7,4,16892,1.000,0.000,0.104,-0.046,0.044,75.2,6.9,0,-2.71,-0.470,97.6,302.9,1.000,9.3,22.1,39.3,158.1,107.6,92.7,85.4,79.3,75.2,71.3,67.5,63.9,59.2,54.2,46.2,34.2,22.9,15.6,7.8
2027,41.586,0.000,2048.2,210.1,-5.8,4,16967,1.000,0.000,0.064,-0.058,0.032,79.3,6.0,0,-2.99,-0.470,95.7,340.7,1.000,9.3,21.5,36.9,189.4,113.8,97.3,89.8,83.6,79.3,75.2,71.2,67.4,62.5,57.2,48.6,35.9,23.6,15.9,7.7
2028,41.606,0.000,2049.3,210.7,-6.7,4,16996,1.000,0.000,0.015,-0.069,0.021,83.4,3.2,0,-2.98,-0.470,94.1,357.1,1.000,9.3,21.0,35.0,200.0,120.7,102.2,94.3,87.9,83.4,79.2,75.0,71.1,65.9,60.4,51.3,37.6,24.5,16.2,7.7
2029,41.626,0.000,2050.5,211.3,-7.1,4,16997,1.000,0.000,-0.024,-0.079,0.012,86.2,0.2,0,-2.87,-0.470,92.6,362.8,1.000,9.3,20.6,33.8,200.0,126.2,105.8,97.4,90.8,86.2,81.9,77.7,73.6,68.2,62.5,53.1,38.9,25.1,16.4,7.7
2030,41.646,0.000,2051.7,211.9,-6.4,4,16987,1.000,0.000,-0.033,-0.087,0.009,86.2,-2.5,0,-2.88,-0.470,91.0,366.1,1.000,9.3,20.6,33.7,200.0,126.8,105.8,97.3,90.7,86.2,81.8,77.6,73.6,68.2,62.5,53.1,38.9,25.2,16.4,7.7
2031,41.666,0.000,2052.8,212.5,-4.9,4,16977,1.000,0.000,-0.016,-0.094,0.012,83.6,-4.3,0,-2.97,-0.470,89.5,369.7,1.000,9.4,20.9,34.7,200.0,122.6,102.7,94.5,88.1,83.6,79.4,75.3,71.3,66.1,60.6,51.5,37.9,24.7,16.2,7.6
2032,41.686,0.000,2054.0,212.9,-3.4,4,17014,1.000,0.000,0.009,-0.101,0.015,80.5,-1.2,0,-3.09,-0.470,88.1,264.7,1.000,9.5,21.2,36.1,200.0,117.5,98.8,91.1,84.8,80.5,76.3,72.4,68.6,63.5,58.3,49.6,36.6,24.1,15.9,7.5
2033,41.706,0.000,2055.2,213.5,-2.2,4,17031,1.000,0.000,0.026,-0.106,0.017,78.0,-2.0,0,-3.19,-0.470,86.6,259.5,1.000,9.6,21.5,37.2,200.0,113.7,95.9,88.4,82.2,78.0,74.0,70.1,66.5,61.6,56.5,48.1,35.7,23.7,15.7,7.5
2034,41.726,0.000,2056.4,214.1,-1.5,4,17038,1.000,0.000,0.033,-0.111,0.018,76.6,-3.3,0,-3.25,-0.470,85.2,259.8,1.000,9.6,21.7,38.0,200.0,111.6,94.1,86.8,80.7,76.6,72.6,68.8,65.2,60.4,55.4,47.3,35.2,23.4,15.6,7.4
2035,41.746,0.000,2057.6,214.6,-1.2,4,17045,1.000,0.000,0.029,-0.116,0.016,76.0,-4.0,0,-3.28,-0.470,83.8,262.0,1.000,9.6,21.7,38.3,200.0,110.9,93.4,86.1,80.1,76.0,72.0,68.3,64.7,60.0,55.0,47.0,35.0,23.4,15.6,7.4
2036,41.766,0.000,2058.8,215.2,-1.1,4,17054,1.000,0.000,0.021,-0.120,0.014,75.7,-4.6,0,-3.29,-0.470,82.4,264.5,1.000,9.6,21.7,38.4,200.0,110.9,93.1,85.8,79.8,75.7,71.8,68.0,64.5,59.8,54.9,46.8,34.9,23.4,15.6,7.4
2037,41.786,0.000,2060.0,215.7,-1.1,4,17064,1.000,0.000,0.013,-0.124,0.012,75.4,-5.1,0,-3.30,-0.470,81.0,267.0,1.000,9.7,21.7,38.5,200.0,110.8,92.8,85.4,79.4,75.4,71.5,67.8,64.2,59.6,54.7,46.7,34.9,23.4,15.6,7.3
2038,41.806,0.000,2061.2,216.2,-1.1,4,17083,1.000,0.000,0.011,-0.127,0.010,74.9,-4.7,0,-3.32,-0.461,79.6,267.3,1.000,9.7,21.7,38.7,200.0,110.4,92.3,84.8,78.9,74.9,71.0,67.3,63.8,59.2,54.3,46.4,34.7,23.3,15.6,7.3
2039,41.826,0.000,2062.4,216.7,-1.0,4,17103,1.000,0.000,0.024,-0.130,0.009,74.1,-4.8,0,-3.35,-0.429,78.2,267.0,1.000,9.7,21.8,39.2,200.0,109.6,91.4,84.0,78.2,74.1,70.3,66.7,63.2,58.6,53.8,46.0,34.5,23.2,15.6,7.3
2040,41.846,0.000,2063.6,217.3,-0.9,4,17122,1.000,0.000,0.035,-0.132,0.007,73.5,-5.0,0,-3.38,-0.397,76.9,266.7,1.000,9.7,21.9,39.5,200.0,108.9,90.7,83.3,77.5,73.5,69.7,66.1,62.7,58.1,53.4,45.7,34.3,23.2,15.5,7.3
2041,41.866,0.000,2064.8,217.8,-0.8,4,17142,1.000,0.000,0.041,-0.134,0.005,73.3,-5.1,0,-3.39,-0.365,75.6,266.9,1.000,9.7,21.9,39.6,200.0,109.1,90.6,83.1,77.2,73.3,69.5,65.9,62.5,58.0,53.3,45.6,34.2,23.2,15.6,7.3
2042,41.886,0.000,2066.0,218.3,-1.0,4,17160,1.000,0.000,0.040,-0.136,0.001,73.6,-5.3,0,-3.37,-0.334,74.2,268.7,1.000,9.7,21.8,39.4,200.0,110.3,91.1,83.4,77.5,73.6,69.8,66.2,62.7,58.2,53.5,45.8,34.4,23.3,15.6,7.3
2043,41.906,0.000,2067.2,218.8,-1.2,4,17179,1.000,0.000,0.035,-0.137,-0.003,74.1,-5.4,0,-3.35,-0.303,74.1,271.3,1.000,9.6,21.7,38.9,200.0,112.1,92.1,84.1,78.1,74.1,70.3,66.7,63.2,58.7,53.9,46.2,34.6,23.4,15.7,7.3
2044,41.926,0.000,2068.4,219.4,-1.3,4,17182,1.000,0.000,0.031,-0.137,-0.007,74.5,-6.8,0,-3.33,-0.273,74.5,273.8,1.000,9.6,21.6,38.6,200.0,113.8,92.9,84.6,78.5,74.5,70.7,67.1,63.6,59.0,54.2,46.5,34.9,23.5,15.8,7.4
2045,41.946,0.000,2069.7,219.9,-1.3,4,17196,1.000,0.000,0.030,-0.137,-0.010,74.6,-6.8,0,-3.32,-0.243,74.6,275.5,1.000,9.6,21.5,38.5,200.0,115.0,93.4,84.9,78.6,74.6,70.8,67.2,63.7,59.1,54.3,46.5,34.9,23.6,15.8,7.4
2046,41.966,0.000,2070.9,220.4,-1.3,4,17218,1.000,0.000,0.031,-0.136,-0.013,74.5,-6.4,0,-3.32,-0.214,74.5,376.8,1.000,9.6,21.5,38.5,200.0,115.8,93.5,84.9,78.5,74.5,70.7,67.1,63.6,59.1,54.3,46.5,34.9,23.6,15.9,7.4
2047,41.986,0.000,2072.1,220.8,-1.2,4,17247,1.000,0.000,0.032,-0.134,-0.015,74.4,-5.8,0,-3.33,-0.185,74.4,376.8,1.000,9.5,21.5,38.6,200.0,116.5,93.7,84.9,78.4,74.4,70.6,66.9,63.5,58.9,54.2,46.4,34.9,23.6,15.9,7.4
2048,42.006,0.000,2073.3,221.3,-1.2,4,17276,1.000,0.000,0.031,-0.132,-0.017,74.3,-5.4,0,-3.33,-0.165,74.3,376.8,1.000,9.5,21.4,38.5,200.0,117.6,94.0,85.0,78.4,74.3,70.5,66.9,63.4,58.9,54.2,46.4,34.9,23.6,15.9,7.4
2049,42.026,0.000,2074.6,221.8,-1.3,4,17303,1.000,0.000,0.030,-0.129,-0.017,74.3,-5.3,0,-3.33,-0.167,74.3,376.8,1.000,9.5,21.4,38.5,200.0,118.9,94.5,85.2,78.5,74.3,70.5,66.9,63.5,58.9,54.2,46.5,35.0,23.7,15.9,7.5
2050,42.046,0.000,2075.8,222.3,-1.3,4,17319,1.000,0.000,0.029,-0.127,-0.017,74.3,-5.8,0,-3.33,-0.169,74.3,376.8,1.000,9.5,21.4,38.5,200.0,120.2,95.0,85.4,78.6,74.3,70.5,66.8,63.4,58.9,54.2,46.5,35.0,23.7,16.0,7.5
2051,42.066,0.000,2077.0,222.8,-1.3,4,17342,1.000,0.000,0.029,-0.125,-0.016,74.2,-5.7,0,-3.33,-0.171,74.2,376.8,1.000,9.5,21.4,38.5,200.0,121.6,95.3,85.6,78.6,74.2,70.3,66.7,63.3,58.8,54.1,46.4,35.0,23.7,16.0,7.5
2052,42.086,0.000,2078.3,223.3,-1.3,4,17365,1.000,0.000,0.030,-0.123,-0.016,74.1,-5.6,0,-3.34,-0.172,74.1,376.8,1.000,9.5,21.4,38.6,200.0,123.2,95.7,85.7,78.5,74.1,70.2,66.6,63.2,58.7,54.0,46.3,34.9,23.7,16.0,7.5
2053,42.106,0.000,2079.5,223.8,-1.3,4,17388,1.000,0.000,0.030,-0.121,-0.015,74.1,-5.5,0,-3.34,-0.174,74.1,376.8,1.000,9.5,21.4,38.7,200.0,125.2,96.1,85.9,78.6,74.1,70.0,66.4,63.0,58.6,53.9,46.3,34.9,23.7,16.0,7.5
2054,42.126,0.000,2080.8,224.3,-1.3,4,17412,1.000,0.000,0.032,-0.119,-0.014,73.9,-5.4,0,-3.36,-0.176,73.9,376.2,1.000,9.4,21.4,38.8,200.0,127.4,96.4,85.9,78.5,73.9,69.8,66.2,62.8,58.4,53.7,46.1,34.8,23.7,16.0,7.5
2055,42.146,0.000,2082.0,224.8,-1.3,4,17436,1.000,0.000,0.035,-0.118,-0.013,73.7,-5.0,0,-3.37,-0.179,73.7,374.4,1.000,9.4,21.4,39.0,200.0,130.3,96.6,85.9,78.4,73.7,69.6,65.9,62.5,58.1,53.5,46.0,34.7,23.6,16.0,7.5
2056,42.166,0.000,2083.2,225.3,-1.4,4,17502,1.000,0.000,0.034,-0.116,-0.013,73.8,-3.1,0,-3.38,-0.181,73.8,370.4,1.000,9.4,21.4,39.1,200.0,136.8,97.4,86.3,78.5,73.8,69.6,65.8,62.5,58.1,53.4,45.9,34.7,23.6,16.0,7.5
2057,42.186,0.000,2084.5,225.8,-1.5,4,17512,1.000,0.000,0.032,-0.115,-0.013,74.1,-4.0,0,-3.39,-0.185,74.1,369.7,1.000,9.4,21.4,39.0,200.0,154.1,98.6,87.1,79.0,74.1,69.8,66.0,62.5,58.1,53.5,46.0,34.8,23.7,16.0,7.6
2058,42.206,0.000,2085.8,226.3,-1.6,4,17516,1.000,0.000,0.029,-0.113,-0.013,74.5,-4.8,0,-3.40,-0.189,74.5,370.8,1.000,9.4,21.3,38.9,200.0,163.4,99.9,87.9,79.6,74.5,70.1,66.2,62.6,58.2,53.6,46.1,34.8,23.7,16.0,7.6
2059,42.226,0.000,2087.0,226.8,-1.7,4,17524,1.000,0.000,0.026,-0.112,-0.013,74.8,-5.4,0,-3.40,-0.194,74.8,372.0,1.000,9.4,21.3,38.8,200.0,169.5,101.2,88.7,80.0,74.8,70.3,66.3,62.7,58.2,53.6,46.1,34.8,23.7,16.1,7.6
2060,42.246,0.000,2088.3,227.3,-1.6,4,17535,1.000,0.000,0.026,-0.111,-0.012,74.9,-5.9,0,-3.41,-0.199,74.9,373.2,1.000,9.4,21.3,39.0,200.0,173.4,101.9,89.0,80.2,74.9,70.2,66.1,62.5,58.0,53.4,45.9,34.7,23.7,16.1,7.6
2061,42.266,0.000,2089.5,227.8,-1.5,4,17552,1.000,0.000,0.028,-0.110,-0.011,74.8,-5.8,0,-3.42,-0.206,74.8,374.2,1.000,9.4,21.4,39.3,200.0,176.2,102.4,89.2,80.2,74.8,70.0,65.9,62.2,57.7,53.1,45.7,34.6,23.6,16.0,7.6
2062,42.286,0.000,2090.8,228.3,-1.4,4,17587,1.000,0.000,0.028,-0.109,-0.011,74.7,-5.5,0,-3.43,-0.213,74.7,374.3,1.000,9.4,21.4,39.5,200.0,179.0,103.1,89.5,80.2,74.7,69.9,65.7,62.0,57.4,52.9,45.5,34.5,23.6,16.0,7.6
2063,42.306,0.000,2092.1,228.8,-1.4,4,17601,1.000,0.000,0.027,-0.108,-0.010,74.9,-5.7,0,-3.44,-0.221,74.9,375.0,1.000,9.4,21.5,39.7,200.0,182.1,104.2,90.0,80.5,74.9,70.0,65.7,61.9,57.2,52.7,45.3,34.4,23.5,16.0,7.6
2064,42.326,0.000,2093.3,229.3,-1.4,4,17616,1.000,0.000,0.025,-0.107,-0.009,75.1,-6.0,0,-3.44,-0.231,75.1,375.7,1.000,9.4,21.5,39.9,200.0,185.0,105.6,90.7,80.9,75.1,70.0,65.7,61.8,57.1,52.5,45.2,34.3,23.5,16.0,7.6
2065,42.346,0.000,2094.6,229.8,-1.4,4,17633,1.000,0.000,0.024,-0.107,-0.008,75.2,-6.2,0,-3.45,-0.241,75.2,376.3,1.000,9.4,21.6,40.2,200.0,187.8,107.2,91.3,81.2,75.2,70.1,65.6,61.7,56.9,52.3,45.0,34.2,23.4,15.9,7.6
2066,42.366,0.000,2095.9,230.2,-1.3,4,17650,1.000,0.000,0.022,-0.106,-0.007,75.3,-6.4,0,-3.45,-0.254,75.3,376.8,1.000,9.4,21.6,40.5,200.0,190.3,108.9,91.7,81.4,75.3,70.0,65.5,61.5,56.7,52.0,44.8,34.0,23.4,15.9,7.6
2067,42.386,0.000,2097.2,230.7,-1.3,4,17670,1.000,0.000,0.021,-0.106,-0.006,75.2,-6.4,0,-3.46,-0.268,75.2,376.8,1.000,9.4,21.7,40.9,200.0,192.6,110.9,92.1,81.5,75.2,69.9,65.3,61.3,56.4,51.7,44.5,33.8,23.3,15.9,7.6
2068,42.406,0.000,2098.4,231.2,-1.2,4,17692,1.000,0.000,0.019,-0.106,-0.005,75.2,-6.4,0,-3.48,-0.283,75.2,376.8,1.000,9.4,21.8,41.4,200.0,194.8,113.3,92.4,81.5,75.2,69.8,65.1,61.0,56.1,51.3,44.2,33.6,23.2,15.8,7.6
2069,42.426,0.000,2099.7,231.7,-1.2,4,17712,1.000,0.000,0.019,-0.106,-0.004,75.0,-6.5,0,-3.49,-0.300,75.0,376.8,1.000,9.4,21.9,41.9,200.0,196.8,116.6,92.6,81.4,75.0,69.5,64.8,60.7,55.7,51.0,43.8,33.4,23.0,15.8,7.6
2070,42.446,0.000,2101.0,232.2,-1.1,4,17730,1.000,0.000,0.018,-0.107,-0.002,74.8,-6.5,0,-3.50,-0.317,74.8,376.8,1.000,9.5,22.0,42.6,200.0,198.6,123.2,92.6,81.3,74.8,69.2,64.5,60.3,55.3,50.5,43.5,33.1,22.9,15.7,7.5
2071,42.466,0.000,2102.3,232.7,-1.0,4,17749,1.000,0.000,0.017,-0.108,-0.000,74.6,-6.7,0,-3.49,-0.335,74.6,376.8,1.000,9.5,22.2,43.3,200.0,200.0,135.8,92.7,81.2,74.6,68.9,64.1,59.9,54.9,50.1,43.1,32.9,22.7,15.6,7.5
2072,42.486,0.000,2103.6,233.1,-1.0,4,17768,1.000,0.000,0.014,-0.109,0.001,74.3,-6.7,0,-3.50,-0.358,75.2,376.8,1.000,9.5,22.3,44.1,200.0,200.0,140.5,92.9,81.0,74.3,68.6,63.7,59.5,54.5,49.7,42.6,32.6,22.6,15.5,7.5
2073,42.506,0.000,2104.9,233.6,-0.9,4,17775,1.000,0.000,0.012,-0.110,0.003,73.9,-7.2,0,-3.52,-0.383,76.3,376.8,1.000,9.5,22.5,45.0,200.0,200.0,143.2,92.8,80.7,73.9,68.2,63.3,59.1,54.0,49.2,42.2,32.2,22.4,15.4,7.5
2074,42.526,0.000,2106.2,234.1,-0.8,4,17798,1.000,0.000,0.010,-0.112,0.005,73.4,-7.3,0,-3.54,-0.409,77.4,376.8,1.000,9.6,22.7,45.9,200.0,200.0,144.6,92.5,80.2,73.4,67.6,62.7,58.5,53.4,48.6,41.6,31.9,22.2,15.3,7.5
2075,42.546,0.000,2107.5,234.6,-0.8,4,17822,1.000,0.000,0.011,-0.114,0.008,72.6,-7.3,0,-3.57,-0.436,78.6,376.8,1.000,9.6,23.0,47.0,200.0,200.0,145.1,91.9,79.5,72.6,66.9,62.0,57.7,52.7,48.0,41.0,31.5,22.0,15.2,7.4
2076,42.566,0.000,2108.8,235.0,-0.7,4,17850,1.000,0.000,0.008,-0.116,0.010,71.9,-7.2,0,-3.60,-0.470,80.0,376.8,1.000,9.7,23.2,48.0,200.0,200.0,145.4,91.3,78.7,71.9,66.1,61.2,57.0,52.0,47.3,40.4,31.0,21.7,15.1,7.4
2077,42.586,0.000,2110.1,235.5,-0.6,4,17888,1.000,0.000,0.023,-0.119,0.012,71.1,-7.1,0,-3.63,-0.470,81.8,376.8,1.000,9.7,23.5,48.9,200.0,200.0,145.7,90.7,78.0,71.1,65.4,60.5,56.3,51.3,46.6,39.8,30.6,21.5,14.9,7.3
2078,42.606,0.000,2111.4,236.0,-0.6,4,17921,1.000,0.000,0.034,-0.123,0.014,70.8,-7.1,0,-3.65,-0.470,83.7,376.8,1.000,9.8,23.7,49.6,200.0,200.0,147.4,91.0,77.7,70.8,65.0,60.1,55.9,50.9,46.2,39.3,30.2,21.2,14.8,7.3
2079,42.626,0.000,2112.7,236.5,-0.6,4,17923,1.000,0.000,0.040,-0.127,0.015,71.2,-8.0,0,-3.64,-0.470,86.1,376.8,1.000,9.8,23.9,49.7,200.0,200.0,151.3,93.2,78.4,71.2,65.2,60.2,55.9,50.8,46.0,39.1,30.0,21.1,14.7,7.3
2080,42.646,0.000,2114.0,236.9,-0.8,4,17961,1.000,0.000,0.023,-0.131,0.015,72.2,-7.9,0,-3.07,-0.470,89.8,376.8,1.000,9.8,24.0,49.5,141.4,200.0,156.3,98.7,79.8,72.2,66.0,60.7,56.2,51.0,46.1,39.0,29.9,21.0,14.6,7.2
2081,42.666,0.000,2115.3,237.4,-1.0,4,18008,1.000,0.000,0.023,-0.135,0.015,73.2,-7.7,0,-2.94,-0.470,103.5,376.8,1.000,9.9,24.1,49.3,133.8,200.0,160.4,121.4,81.3,73.2,66.7,61.2,56.6,51.2,46.1,38.9,29.7,20.9,14.6,7.2
2082,42.686,0.000,2116.7,237.8,-1.1,4,18054,1.000,0.000,0.027,-0.139,0.016,73.9,-7.4,0,-2.88,-0.470,112.4,376.8,1.000,9.9,24.3,49.4,129.2,200.0,163.2,130.7,82.6,73.9,67.1,61.5,56.7,51.2,46.0,38.8,29.5,20.7,14.5,7.1
2083,42.706,0.000,2118.0,238.3,-1.2,4,18094,1.000,0.000,0.030,-0.144,0.017,74.9,-7.3,0,-2.82,-0.470,119.7,376.8,1.000,10.0,24.5,49.3,124.9,200.0,166.7,137.2,84.7,74.9,67.8,61.9,57.0,51.3,46.0,38.6,29.3,20.6,14.4,7.1
2084,42.726,0.000,2119.3,238.7,-1.2,4,18083,1.000,0.000,0.033,-0.149,0.017,76.3,-8.3,0,-2.75,-0.470,126.0,376.8,1.000,10.0,24.6,49.1,120.6,200.0,171.1,142.9,88.2,76.3,68.8,62.6,57.5,51.6,46.2,38.6,29.1,20.5,14.3,7.1
2085,42.746,0.000,2120.6,239.2,-1.2,4,18107,1.000,0.000,0.035,-0.154,0.018,77.9,-8.7,0,-2.69,-0.470,132.9,376.8,1.000,10.1,24.8,48.9,116.9,200.0,175.7,147.6,94.2,77.9,69.8,63.3,58.0,51.9,46.3,38.5,28.9,20.3,14.2,7.0
2086,42.766,0.000,2121.9,239.6,-1.2,4,18151,1.000,0.000,0.037,-0.159,0.018,80.2,-8.4,0,-2.59,-0.470,144.0,376.8,1.000,10.1,25.0,48.6,113.6,200.0,180.7,151.8,120.0,80.2,70.9,64.1,58.6,52.2,46.5,38.5,28.8,20.2,14.1,7.0
2087,42.786,0.000,2123.3,240.1,-1.3,4,18208,1.000,0.000,0.038,-0.164,0.018,83.7,-7.9,0,-2.52,-0.470,149.9,376.8,1.000,10.2,25.1,48.3,110.3,200.0,186.6,155.9,129.3,83.7,72.4,65.2,59.3,52.7,46.7,38.6,28.6,20.0,14.0,6.9
2088,42.806,0.000,2124.6,240.5,-1.4,4,18255,1.000,0.000,0.036,-0.170,0.018,93.5,-7.6,0,-2.43,-0.470,155.2,376.8,1.000,10.2,25.2,47.7,106.5,200.0,195.3,161.6,137.5,93.5,75.1,66.9,60.6,53.6,47.3,38.9,28.6,20.0,13.9,6.9
2089,42.826,0.000,2125.9,240.9,-1.6,4,18296,1.000,0.000,0.030,-0.175,0.017,124.3,-7.4,0,-2.28,-0.470,160.7,376.8,1.000,10.2,25.2,47.0,102.7,200.0,200.0,168.9,145.0,124.3,79.8,69.3,62.5,54.9,48.2,39.3,28.7,19.9,13.9,6.8
2090,42.846,0.000,2127.3,241.4,-1.7,4,18253,1.000,0.000,0.028,-0.180,0.016,132.8,-9.2,0,-2.19,-0.470,166.4,376.8,1.000,10.3,25.2,46.4,99.6,200.0,200.0,175.7,150.4,132.8,87.2,71.8,64.1,56.0,49.0,39.7,28.8,19.8,13.8,6.8
2091,42.866,0.000,2128.6,241.8,-1.5,4,18290,1.000,0.000,0.031,-0.185,0.017,137.4,-9.2,0,-2.10,-0.470,172.3,376.8,1.000,10.3,25.3,46.2,97.4,200.0,200.0,180.9,153.9,137.4,113.2,73.9,65.1,56.7,49.4,39.8,28.7,19.7,13.7,6.8
2092,42.886,0.000,2129.9,242.3,-1.4,4,18345,1.000,0.000,0.037,-0.191,0.018,140.8,-8.7,0,-2.05,-0.470,178.7,376.8,1.000,10.4,25.4,46.1,95.5,200.0,200.0,185.6,157.0,140.8,120.6,76.4,66.0,57.2,49.7,39.8,28.6,19.5,13.6,6.7
2093,42.906,0.000,2131.3,242.7,-1.3,4,18404,1.000,0.000,0.040,-0.196,0.019,144.8,-8.1,0,-1.99,-0.470,186.0,376.8,1.000,10.5,25.5,45.7,93.3,200.0,200.0,192.1,161.4,144.8,127.1,81.7,67.8,58.1,50.2,40.0,28.5,19.4,13.5,6.7
2094,42.926,0.000,2132.6,243.1,-1.4,4,18450,1.000,0.000,0.035,-0.201,0.018,150.9,-7.7,0,-1.84,-0.470,191.8,376.8,1.000,10.5,25.4,45.0,90.2,200.0,200.0,200.0,169.2,150.9,135.0,113.2,71.9,60.1,51.6,40.8,28.7,19.4,13.4,6.6
2095,42.946,0.000,2134.0,243.5,-1.6,4,18412,1.000,0.000,0.029,-0.207,0.017,158.4,-9.2,0,-1.73,-0.470,192.5,376.8,1.000,10.5,25.3,44.2,87.0,200.0,200.0,200.0,178.9,158.4,142.1,124.8,80.3,62.7,53.3,41.6,29.0,19.4,13.4,6.6
2096,42.966,0.000,2135.3,244.0,-1.6,4,18428,1.000,0.000,0.028,-0.212,0.017,164.3,-9.9,0,-1.62,-0.470,195.3,376.8,1.000,10.6,25.2,43.8,84.7,200.0,200.0,200.0,186.7,164.3,146.7,130.9,108.7,65.0,54.5,42.2,29.2,19.4,13.3,6.5
2097,42.986,0.000,2136.7,244.4,-1.4,4,18475,1.000,0.000,0.034,-0.217,0.018,168.7,-9.5,0,-1.57,-0.470,198.0,376.8,1.000,10.6,25.3,43.5,83.0,200.0,200.0,200.0,192.7,168.7,150.0,134.5,115.8,67.1,55.3,42.6,29.2,19.3,13.2,6.5
2098,43.006,0.000,2138.0,244.8,-1.3,4,18541,1.000,0.000,0.040,-0.223,0.019,173.4,-8.7,0,-1.52,-0.470,199.8,376.8,1.000,10.7,25.3,43.2,81.4,200.0,200.0,200.0,199.1,173.4,153.6,137.7,121.0,70.2,56.2,43.0,29.3,19.2,13.1,6.4
2099,43.026,0.000,2139.4,245.2,-1.3,4,18596,1.000,0.000,0.039,-0.228,0.018,182.2,-8.2,0,-1.43,-0.470,200.0,376.8,1.000,10.7,25.2,42.6,79.0,200.0,200.0,200.0,200.0,182.2,160.3,143.0,127.8,81.5,58.3,43.9,29.6,19.2,13.0,6.4
2100,43.046,0.000,2140.8,245.6,-1.6,4,18639,1.000,0.000,0.030,-0.233,0.017,195.9,-7.8,0,-1.28,-0.470,200.0,376.8,1.000,10.8,24.9,41.8,76.1,200.0,200.0,200.0,200.0,195.9,170.5,151.0,135.4,111.2,62.3,45.5,30.2,19.4,13.0,6.4
2101,43.066,0.000,2142.1,246.1,-1.7,4,18565,1.000,0.000,0.134,-0.239,0.016,200.0,-10.4,0,-0.95,0.000,200.0,376.8,1.000,10.8,24.8,41.1,73.8,121.9,200.0,200.0,200.0,200.0,180.4,158.5,141.4,119.9,67.7,47.0,30.7,19.5,13.1,6.3
2102,43.086,0.000,2143.5,246.4,-1.4,4,18608,1.000,0.000,0.117,-0.244,0.014,200.0,-9.7,0,-0.76,0.000,200.0,376.8,1.000,10.8,24.5,40.1,70.7,109.3,200.0,200.0,200.0,200.0,197.0,171.0,151.1,129.6,99.1,49.4,31.6,19.8,13.1,6.3
2103,43.106,0.000,2144.8,246.8,-1.9,4,18677,1.000,0.000,0.085,-0.248,0.008,200.0,-8.8,0,-0.56,0.000,200.0,376.8,1.000,10.7,23.9,38.4,66.3,97.7,200.0,200.0,200.0,200.0,200.0,196.4,170.3,143.7,120.0,54.7,33.4,20.4,13.4,6.3
2104,43.126,0.000,2146.2,247.1,-2.7,4,18747,1.000,0.000,0.048,-0.251,0.002,200.0,-8.0,0,-0.33,0.000,200.0,376.8,1.000,10.7,23.3,36.8,61.9,89.0,178.0,200.0,200.0,200.0,200.0,200.0,198.2,162.8,135.2,65.5,35.7,21.2,13.6,6.3
2105,43.146,0.000,2147.6,247.4,-3.5,4,18800,1.000,0.000,0.000,-0.254,-0.005,200.0,-7.4,0,0.01,0.000,200.0,376.8,1.000,10.6,22.8,35.3,58.2,82.6,107.1,200.0,200.0,200.0,200.0,200.0,200.0,186.4,151.0,104.1,38.3,22.1,14.0,6.4
2106,43.166,0.000,2149.0,247.9,-3.6,4,18731,1.000,0.000,-0.028,-0.256,-0.010,200.0,-9.8,0,0.12,0.000,200.0,376.8,1.000,10.5,22.5,34.6,56.1,79.2,99.5,196.2,200.0,200.0,200.0,200.0,200.0,200.0,161.4,114.4,40.0,22.6,14.1,6.4
2107,43.186,0.000,2150.3,248.3,-2.7,4,18750,1.000,0.000,-0.023,-0.256,-0.010,200.0,-10.3,0,0.10,0.000,200.0,376.8,1.000,10.6,22.5,34.7,56.2,79.0,100.0,200.0,200.0,200.0,200.0,200.0,200.0,199.1,158.9,112.9,39.7,22.5,14.1,6.4
2108,43.206,0.000,2151.7,248.7,-1.5,4,18801,1.000,0.000,-0.005,-0.256,-0.006,200.0,-9.8,0,0.03,0.000,200.0,376.8,1.000,10.6,22.7,35.2,57.2,80.3,104.8,200.0,200.0,200.0,200.0,200.0,200.0,186.8,150.8,106.9,38.5,22.1,14.0,6.3
2109,43.226,0.000,2153.1,249.1,-0.5,4,18864,1.000,0.000,0.011,-0.256,-0.003,200.0,-9.0,0,-0.03,0.000,200.0,376.8,1.000,10.6,22.9,35.7,57.9,81.4,110.9,200.0,200.0,200.0,200.0,200.0,200.0,177.4,144.5,101.8,37.6,21.8,13.8,6.3
2110,43.246,0.000,2154.5,249.5,-0.1,4,18914,1.000,0.000,0.016,-0.256,-0.002,200.0,-8.5,0,-0.05,0.000,200.0,376.8,1.000,10.6,23.0,35.8,57.9,81.3,114.3,200.0,200.0,200.0,200.0,200.0,200.0,174.0,142.1,100.4,37.4,21.7,13.8,6.3
2111,43.266,0.000,2155.9,249.9,-0.0,4,18952,1.000,0.000,0.012,-0.255,-0.003,200.0,-8.3,0,-0.04,0.000,200.0,376.8,1.000,10.6,22.9,35.7,57.3,80.2,112.1,200.0,200.0,200.0,200.0,200.0,200.0,175.4,142.9,102.1,37.6,21.8,13.9,6.3
2112,43.286,0.000,2157.3,250.3,-0.2,4,18922,1.000,0.000,0.004,-0.254,-0.005,200.0,-9.8,0,-0.01,0.000,200.0,376.8,1.000,10.6,22.8,35.4,56.5,78.8,108.2,200.0,200.0,200.0,200.0,200.0,200.0,178.6,145.0,104.4,38.1,22.0,13.9,6.4
2113,43.306,0.000,2158.7,250.7,-0.3,4,18958,1.000,0.000,-0.001,-0.253,-0.005,200.0,-9.7,0,0.01,0.000,200.0,376.8,1.000,10.6,22.7,35.3,55.8,77.5,105.7,200.0,200.0,200.0,200.0,200.0,200.0,180.9,146.3,105.9,38.6,22.1,14.0,6.4
2114,43.326,0.000,2160.1,251.1,-0.3,4,19004,1.000,0.000,-0.004,-0.252,-0.006,200.0,-9.3,0,0.02,0.000,200.0,376.8,1.000,10.6,22.7,35.2,55.3,76.7,104.8,200.0,200.0,200.0,200.0,200.0,200.0,181.3,146.5,106.4,38.9,22.2,14.0,6.4
2115,43.346,0.000,2161.4,251.4,-0.3,4,19047,1.000,0.000,-0.003,-0.251,-0.006,200.0,-9.0,0,0.02,0.000,200.0,376.8,1.000,10.6,22.7,35.1,54.9,76.2,105.4,200.0,200.0,200.0,200.0,200.0,200.0,180.2,145.7,106.1,39.0,22.2,14.0,6.4
2116,43.366,0.000,2162.8,251.8,-0.1,4,19080,1.000,0.000,-0.001,-0.250,-0.005,200.0,-8.9,0,0.01,0.000,200.0,376.8,1.000,10.6,22.7,35.1,54.6,75.8,107.1,200.0,200.0,200.0,200.0,200.0,200.0,178.3,144.3,105.4,39.2,22.2,14.0,6.4
2117,43.386,0.000,2164.2,252.2,-0.0,4,19084,1.000,0.000,0.001,-0.249,-0.005,200.0,-9.3,0,-0.00,0.000,200.0,376.8,1.000,10.5,22.7,35.1,54.3,75.4,109.5,200.0,200.0,200.0,200.0,200.0,200.0,176.6,143.1,104.7,39.3,22.2,14.0,6.4
2118,43.406,0.000,2165.6,252.6,0.0,4,19092,1.000,0.000,0.002,-0.248,-0.005,200.0,-10.0,0,-0.01,0.000,200.0,376.8,1.000,10.5,22.7,35.0,53.9,74.9,112.8,199.7,200.0,200.0,200.0,200.0,200.0,175.4,142.2,104.3,39.7,22.2,14.1,6.4
2119,43.426,0.000,2167.1,253.0,0.0,4,19125,1.000,0.000,0.002,-0.247,-0.005,200.0,-9.9,0,-0.01,0.000,200.0,376.8,1.000,10.5,22.7,34.9,53.5,74.3,115.4,198.5,200.0,200.0,200.0,200.0,200.0,174.8,141.7,104.1,40.2,22.2,14.1,6.4
2120,43.446,0.000,2168.5,253.3,-0.0,4,19167,1.000,0.000,0.000,-0.246,-0.005,200.0,-9.6,0,-0.01,0.000,200.0,376.8,1.000,10.5,22.6,34.8,52.9,73.7,116.9,197.1,200.0,200.0,200.0,200.0,200.0,174.7,141.5,104.1,40.8,22.3,14.1,6.4
2121,43.466,0.000,2169.9,253.7,-0.0,4,19205,1.000,0.000,-0.000,-0.244,-0.005,200.0,-9.3,0,-0.00,0.000,200.0,376.8,1.000,10.5,22.6,34.6,52.4,73.0,118.7,195.8,200.0,200.0,200.0,200.0,200.0,174.4,141.2,104.0,41.5,22.4,14.1,6.4
2122,43.486,0.000,2171.3,254.0,-0.0,4,19236,1.000,0.000,-0.001,-0.243,-0.005,200.0,-9.2,0,-0.00,0.000,200.0,376.8,1.000,10.5,22.6,34.4,51.9,72.5,121.1,194.5,200.0,200.0,200.0,200.0,200.0,173.9,140.8,103.7,42.4,22.4,14.2,6.5
2123,43.506,0.000,2172.7,254.4,-0.0,4,19231,1.000,0.000,-0.001,-0.242,-0.005,200.0,-10.0,0,-0.01,0.000,200.0,376.8,1.000,10.5,22.5,34.2,51.4,72.0,124.4,193.4,200.0,200.0,200.0,200.0,200.0,173.1,140.1,103.3,43.3,22.4,14.2,6.5
2124,43.526,0.000,2174.1,254.8,-0.0,4,19258,1.000,0.000,-0.000,-0.241,-0.005,200.0,-10.0,0,-0.01,0.000,200.0,376.8,1.000,10.5,22.5,34.1,51.0,71.5,128.3,192.3,200.0,200.0,200.0,200.0,200.0,172.1,139.4,102.8,44.3,22.5,14.2,6.5
2125,43.546,0.000,2175.5,255.1,0.0,4,19292,1.000,0.000,0.000,-0.240,-0.005,200.0,-9.9,0,-0.02,0.000,200.0,376.8,1.000,10.5,22.5,33.9,50.5,71.1,132.1,191.1,200.0,200.0,200.0,200.0,200.0,171.1,138.6,102.3,45.6,22.6,14.2,6.5
2126,43.566,0.000,2176.9,255.4,0.0,4,19329,1.000,0.000,0.000,-0.238,-0.005,200.0,-9.6,0,-0.02,0.000,200.0,376.8,1.000,10.5,22.4,33.7,49.9,70.6,135.5,190.0,199.9,200.0,200.0,200.0,200.0,170.3,138.0,101.8,47.2,22.7,14.2,6.5
2127,43.586,0.000,2178.4,255.8,0.0,4,19359,1.000,0.000,0.000,-0.237,-0.005,200.0,-9.5,0,-0.02,0.000,200.0,376.8,1.000,10.4,22.4,33.5,49.4,70.2,138.7,188.8,198.6,200.0,200.0,200.0,200.0,169.6,137.4,101.4,49.2,22.8,14.3,6.5
2128,43.606,0.000,2179.8,256.1,0.0,4,19381,1.000,0.000,0.000,-0.236,-0.005,200.0,-9.6,0,-0.02,0.000,200.0,376.8,1.000,10.4,22.3,33.2,48.9,69.7,141.8,187.5,197.2,200.0,200.0,200.0,200.0,168.9,136.8,101.0,51.2,22.9,14.3,6.5
2129,43.626,0.000,2181.2,256.5,0.0,4,19388,1.000,0.000,0.000,-0.235,-0.005,200.0,-10.1,0,-0.02,0.000,200.0,376.8,1.000,10.4,22.2,33.0,48.3,69.3,144.9,186.3,195.9,200.0,200.0,200.0,200.0,168.2,136.3,100.5,52.8,23.1,14.3,6.5
2130,43.646,0.000,2182.6,256.8,0.0,4,19416,1.000,0.000,-0.000,-0.234,-0.005,200.0,-10.1,0,-0.02,0.000,200.0,376.8,1.000,10.4,22.1,32.7,47.8,68.9,147.9,185.1,194.6,200.0,200.0,200.0,200.0,167.5,135.7,100.1,54.1,23.4,14.4,6.5
2131,43.666,0.000,2184.1,257.1,0.0,4,19447,1.000,0.000,-0.000,-0.232,-0.005,200.0,-9.9,0,-0.02,0.000,200.0,376.8,1.000,10.4,22.0,32.4,47.3,68.6,151.0,183.9,193.2,199.2,200.0,200.0,200.0,166.9,135.1,99.7,55.2,23.6,14.4,6.5
2132,43.686,0.000,2185.5,257.5,0.0,4,19477,1.000,0.000,-0.000,-0.231,-0.005,200.0,-9.8,0,-0.02,0.000,200.0,376.8,1.000,10.4,21.9,32.1,46.8,68.2,154.0,182.6,191.9,197.9,200.0,200.0,200.0,166.9,134.5,99.3,56.1,23.9,14.5,6.6
2133,43.706,0.000,2186.9,257.8,0.0,4,19502,1.000,0.000,-0.003,-0.230,-0.005,200.0,-9.8,0,0.04,0.000,200.0,376.8,1.000,10.4,21.8,31.8,46.3,67.9,157.1,181.4,190.6,196.5,200.0,200.0,200.0,200.0,134.0,98.8,56.9,24.2,14.6,6.6
2134,43.726,0.000,2188.3,257.6,-0.0,5,17474,1.000,0.000,-0.002,-0.229,-0.005,200.0,-19.0,0,0.04,0.000,200.0,376.8,1.000,10.4,21.6,31.6,45.8,67.7,161.6,180.3,189.3,195.2,200.0,200.0,200.0,200.0,133.2,98.3,57.5,24.6,14.6,6.6
2135,43.746,0.000,2189.8,257.7,0.0,5,17640,1.000,0.000,-0.001,-0.228,-0.005,200.0,-10.6,0,0.04,0.000,200.0,376.8,1.000,10.4,21.5,31.3,45.4,67.7,162.9,179.2,188.1,193.9,200.0,200.0,200.0,200.0,132.1,97.6,57.9,24.9,14.8,6.6
2136,43.766,0.000,2191.2,257.9,0.1,5,17653,1.000,0.000,-0.000,-0.226,-0.004,200.0,-10.3,0,0.05,0.000,200.0,376.8,1.000,10.3,21.4,31.0,45.0,67.7,162.9,178.1,186.9,192.7,198.9,200.0,200.0,200.0,131.2,97.0,58.2,25.4,14.9,6.6
2137,43.786,0.000,2192.7,258.2,0.1,5,17662,1.000,0.000,-0.000,-0.225,-0.004,200.0,-10.4,0,0.05,0.000,200.0,376.8,1.000,10.3,21.2,30.6,44.5,67.6,162.4,177.0,185.6,191.4,197.5,200.0,200.0,200.0,130.4,96.4,58.6,25.8,15.0,6.6
2138,43.806,0.000,2194.1,258.5,0.1,5,17669,1.000,0.000,-0.002,-0.224,-0.005,200.0,-10.5,0,0.06,0.000,200.0,376.8,1.000,10.3,21.0,30.3,44.1,67.6,161.8,175.8,184.3,190.0,196.1,200.0,200.0,200.0,129.7,96.0,58.9,26.4,15.2,6.6
2139,43.826,0.000,2195.5,258.8,0.0,5,17675,1.000,0.000,-0.017,-0.223,-0.008,200.0,-10.8,0,0.07,0.000,200.0,376.8,1.000,10.2,20.8,30.0,43.7,67.7,161.1,174.6,183.0,188.7,194.8,200.0,200.0,200.0,128.9,95.4,59.1,26.9,15.4,6.7
2140,43.846,0.000,2197.0,259.1,0.1,5,17648,1.000,0.000,-0.026,-0.220,-0.010,200.0,-12.0,0,0.06,0.000,200.0,376.8,1.000,10.2,20.7,29.7,43.5,68.7,161.5,174.1,182.3,188.0,194.0,200.0,200.0,200.0,126.7,94.1,58.8,27.4,15.5,6.7
2141,43.866,0.000,2198.4,259.3,0.2,5,17670,1.000,0.000,-0.027,-0.218,-0.011,200.0,-11.9,0,-0.06,0.000,200.0,376.8,1.000,10.2,20.6,29.6,43.7,71.5,162.8,174.3,182.3,188.0,194.1,200.0,200.0,149.7,122.7,91.8,57.9,27.7,15.6,6.7
2142,43.886,0.000,2199.8,259.6,0.5,5,17691,1.000,0.000,-0.026,-0.215,-0.011,200.0,-11.5,0,-0.11,0.000,200.0,376.8,1.000,10.1,20.6,29.5,44.1,77.1,164.4,174.9,182.7,188.5,194.6,200.0,200.0,142.6,117.8,88.9,56.6,27.9,15.7,6.8
2143,43.906,0.000,2201.3,259.8,0.8,5,17713,1.000,0.000,-0.023,-0.212,-0.011,200.0,-11.0,0,-0.17,0.000,200.0,376.8,1.000,10.1,20.5,29.5,44.7,87.3,166.0,175.8,183.5,189.3,195.6,200.0,200.0,135.1,112.5,85.7,55.1,27.9,15.7,6.8
2144,43.926,0.000,2202.8,260.1,1.0,5,17697,1.000,0.000,-0.020,-0.208,-0.010,200.0,-12.0,0,-0.24,0.000,200.0,376.8,1.000,10.1,20.5,29.5,45.4,99.9,167.3,176.5,184.2,190.2,196.6,200.0,200.0,128.4,107.7,82.8,53.7,27.9,15.8,6.8
2145,43.946,0.000,2204.2,260.4,1.0,5,17706,1.000,0.000,-0.018,-0.205,-0.011,200.0,-12.1,0,-0.38,0.000,200.0,376.8,1.000,10.0,20.4,29.5,46.1,112.4,167.8,176.6,184.5,190.5,197.0,200.0,147.9,123.4,104.1,80.6,52.7,28.0,15.9,6.9
2146,43.966,0.000,2205.7,260.6,1.0,5,17731,1.000,0.000,-0.022,-0.201,-0.012,200.0,-11.6,0,-0.44,0.000,200.0,376.8,1.000,10.0,20.3,29.4,46.6,124.7,167.9,176.5,184.4,190.5,197.0,200.0,142.0,119.6,101.3,78.7,51.9,28.1,16.0,6.9
2147,43.986,0.000,2207.1,260.8,0.9,5,17756,1.000,0.000,-0.025,-0.197,-0.013,200.0,-10.9,0,-0.52,0.000,200.0,376.8,1.000,10.0,20.2,29.3,47.2,139.2,167.8,176.3,184.3,190.4,197.0,200.0,137.1,115.9,98.5,77.0,51.2,28.2,16.2,6.9
2148,44.006,0.000,2208.6,261.1,1.0,5,17773,1.000,0.000,-0.027,-0.193,-0.014,200.0,-10.5,0,-0.57,0.000,200.0,376.8,1.000,9.9,20.1,29.4,48.1,146.9,168.0,176.4,184.4,190.6,197.2,200.0,131.7,111.9,95.6,75.0,50.2,28.2,16.3,7.0
2149,44.026,0.000,2210.0,261.3,1.1,5,17785,1.000,0.000,-0.029,-0.189,-0.014,200.0,-10.2,0,-0.62,0.000,200.0,376.8,1.000,9.9,20.0,29.5,49.2,149.3,168.2,176.6,184.7,191.0,197.7,200.0,126.1,107.8,92.4,72.9,49.2,28.1,16.4,7.0
2150,44.046,0.000,2211.5,261.6,1.2,5,17794,1.000,0.000,-0.176,-0.184,-0.015,198.5,-10.2,0,-0.75,-0.850,198.5,375.2,1.000,9.8,19.9,29.6,50.8,151.1,168.6,177.1,185.3,191.6,198.5,136.5,120.5,103.5,89.1,70.8,48.2,27.9,16.6,7.1
2151,44.066,0.000,2212.9,261.8,1.2,5,17804,1.000,0.000,-0.009,-0.180,-0.012,200.0,-9.5,0,-0.86,0.000,200.0,376.1,1.000,9.8,20.0,30.2,54.6,154.6,170.7,179.5,188.0,194.7,200.0,124.3,110.8,96.2,83.5,67.1,46.1,27.3,16.5,7.1
2152,44.086,0.000,2214.4,262.0,2.4,5,17816,1.000,0.000,-0.131,-0.175,-0.008,199.1,-9.8,0,-1.09,-0.850,199.1,371.2,1.000,9.8,20.3,31.2,61.8,158.4,173.9,183.2,192.1,199.1,125.6,111.7,100.6,88.2,77.4,63.0,43.7,26.5,16.3,7.1
2153,44.106,0.000,2215.8,262.2,2.5,5,17877,1.000,0.000,-0.113,-0.171,-0.005,130.4,-8.4,0,-1.30,-0.850,130.4,361.3,1.000,9.8,20.5,32.0,70.9,160.6,176.1,185.7,195.0,130.4,115.3,103.4,93.7,82.8,73.1,60.0,42.0,25.9,16.2,7.1
2154,44.126,0.000,2217.3,262.4,3.3,5,17962,1.000,0.000,-0.078,-0.168,-0.000,114.8,-6.1,0,-1.60,-0.850,114.8,344.9,1.000,9.8,20.9,33.5,88.6,164.1,180.3,190.5,129.9,114.8,102.8,93.1,85.1,75.9,67.6,56.0,39.7,25.0,15.9,7.1
2155,44.146,0.000,2218.8,262.6,4.2,5,17935,1.000,0.000,-0.035,-0.165,0.006,101.0,-7.4,0,-2.00,-0.850,109.0,350.2,1.000,9.9,21.4,35.4,119.9,168.2,185.6,196.5,112.6,101.0,91.5,83.6,77.0,69.4,62.3,52.0,37.3,24.0,15.6,7.1
2156,44.166,0.000,2220.2,262.9,4.8,5,17914,1.000,0.000,-0.008,-0.163,0.010,92.1,-8.5,0,-2.37,-0.470,103.5,319.3,1.000,9.9,21.9,37.2,138.2,171.2,189.4,119.7,101.9,92.1,84.1,77.3,71.6,64.8,58.6,49.1,35.6,23.3,15.3,7.1
2157,44.186,0.000,2221.7,263.2,4.3,5,17899,1.000,0.000,-0.013,-0.161,0.009,89.1,-9.4,0,-2.44,-0.470,98.1,319.2,1.000,9.9,22.0,38.1,139.4,171.1,189.5,115.0,98.3,89.1,81.4,75.0,69.5,63.0,57.0,47.9,34.9,23.0,15.3,7.1
2158,44.206,0.000,2223.2,263.3,3.3,5,18078,1.000,0.000,-0.033,-0.159,0.004,88.7,-5.4,0,-2.44,-0.470,93.4,317.0,1.000,9.8,22.0,38.3,138.0,169.3,187.4,114.9,98.0,88.7,81.0,74.5,69.0,62.6,56.5,47.5,34.8,23.0,15.3,7.1
2159,44.226,0.000,2224.6,263.5,2.6,5,18167,1.000,0.000,-0.046,-0.157,0.002,86.9,-3.0,0,-2.47,-0.470,88.7,315.9,1.000,9.8,22.2,39.0,137.8,168.4,186.4,112.4,95.9,86.9,79.4,73.0,67.7,61.4,55.5,46.7,34.3,22.8,15.3,7.2
2160,44.246,0.000,2226.1,263.9,2.4,5,18068,1.000,0.000,-0.045,-0.155,0.001,83.0,-6.2,0,-2.58,-0.470,84.3,316.5,1.000,9.8,22.5,40.5,139.1,169.0,187.2,106.5,91.4,83.0,76.0,70.1,65.1,59.1,53.5,45.2,33.4,22.4,15.1,7.2
2161,44.266,0.000,2227.6,264.3,2.4,5,18006,1.000,0.000,-0.042,-0.153,0.001,79.5,-8.2,0,-2.71,-0.470,80.7,316.9,1.000,9.9,22.9,42.2,140.0,169.3,125.0,101.4,87.4,79.5,73.0,67.4,62.7,57.1,51.8,43.8,32.5,22.0,14.9,7.1
2162,44.286,0.000,2229.0,264.6,2.0,5,18011,1.000,0.000,-0.027,-0.152,0.004,78.1,-8.7,0,-2.75,-0.470,81.9,315.6,1.000,9.9,23.1,43.2,139.2,168.2,121.9,99.5,85.8,78.1,71.6,66.2,61.5,56.0,50.8,43.1,32.1,21.8,14.8,7.1
2163,44.306,0.000,2230.5,264.5,1.6,5,18388,1.000,0.000,-0.014,-0.152,0.007,76.9,0.5,0,-2.78,-0.470,83.0,313.8,1.000,9.9,23.3,44.2,138.2,166.8,120.5,98.2,84.5,76.9,70.6,65.2,60.6,55.1,50.0,42.4,31.7,21.6,14.7,7.1
2164,44.326,0.000,2232.0,264.6,1.5,5,18567,1.000,0.000,0.009,-0.152,0.011,74.7,5.4,0,-2.87,-0.470,84.4,313.1,1.000,10.0,23.6,45.9,138.0,166.2,116.3,95.1,82.0,74.7,68.6,63.4,58.9,53.7,48.7,41.4,31.0,21.2,14.6,7.1
2165,44.346,0.000,2233.4,265.1,1.6,5,18369,1.000,0.000,0.031,-0.154,0.015,72.5,-0.2,0,-2.95,-0.470,85.9,312.4,1.000,10.0,24.0,47.8,137.7,165.7,112.3,92.1,79.6,72.5,66.6,61.6,57.3,52.2,47.4,40.3,30.3,20.9,14.4,7.0
2166,44.366,0.000,2234.9,265.7,1.3,5,18155,1.000,0.000,0.045,-0.157,0.017,71.5,-6.5,0,-2.98,-0.470,87.2,310.5,1.000,10.1,24.3,48.9,136.5,164.1,111.2,91.0,78.5,71.5,65.7,60.7,56.4,51.4,46.6,39.7,29.9,20.7,14.3,7.0
2167,44.386,0.000,2236.4,266.0,0.7,5,18158,1.000,0.000,0.050,-0.160,0.018,71.8,-7.9,0,-2.96,-0.470,88.7,307.2,1.000,10.1,24.4,49.2,134.4,161.5,113.2,92.0,79.0,71.8,65.8,60.7,56.3,51.2,46.4,39.4,29.7,20.5,14.2,7.0
2168,44.406,0.000,2237.8,266.0,-0.1,5,18434,1.000,0.000,0.043,-0.164,0.017,73.2,-0.9,0,-2.82,-0.470,90.4,302.9,1.000,10.1,24.4,48.8,131.6,158.1,174.9,95.0,81.0,73.2,66.9,61.5,57.0,51.6,46.6,39.5,29.7,20.5,14.1,6.9
2169,44.426,0.000,2239.3,266.4,-1.1,5,18372,1.000,0.000,0.031,-0.169,0.015,76.1,-2.7,0,-2.71,-0.470,92.4,297.5,1.000,10.1,24.3,47.8,128.0,154.0,170.0,100.6,84.7,76.1,69.1,63.3,58.4,52.6,47.3,39.9,29.9,20.6,14.2,6.9
2170,44.446,0.000,2240.8,266.8,-1.9,5,18236,1.000,0.000,0.018,-0.174,0.012,79.4,-7.0,0,-2.59,-0.470,94.4,292.2,1.000,10.2,24.2,46.8,124.3,150.0,165.2,107.4,89.1,79.4,71.7,65.3,60.0,53.8,48.2,40.3,30.1,20.6,14.2,6.9
2171,44.466,0.000,2242.3,267.2,-2.3,5,18165,1.000,0.000,0.015,-0.179,0.012,80.9,-9.6,0,-2.43,-0.470,113.3,307.8,1.000,10.2,24.3,46.8,121.9,147.2,161.9,171.2,91.2,80.9,72.7,66.0,60.5,54.1,48.3,40.2,30.0,20.5,14.1,6.9
2172,44.486,0.000,2243.8,267.4,-2.0,5,18248,1.000,0.000,0.028,-0.184,0.014,80.2,-8.5,0,-2.44,-0.470,125.5,305.5,1.000,10.3,24.6,47.5,120.7,145.6,160.1,169.2,90.6,80.2,72.0,65.3,59.7,53.4,47.6,39.6,29.5,20.3,13.9,6.8
2173,44.506,0.000,2245.2,267.6,-1.8,5,18366,1.000,0.000,0.039,-0.189,0.016,80.1,-5.4,0,-2.45,-0.470,133.9,302.7,1.000,10.3,24.9,48.0,119.3,143.7,158.0,166.8,90.7,80.1,71.7,64.9,59.3,52.9,47.1,39.1,29.2,20.0,13.8,6.7
2174,44.526,0.000,2246.7,268.0,-1.8,5,18300,1.000,0.000,0.040,-0.195,0.016,81.8,-7.7,0,-2.41,-0.470,132.5,298.7,1.000,10.4,25.0,47.8,116.9,141.1,154.9,163.5,93.2,81.8,72.9,65.8,59.9,53.2,47.3,39.1,29.0,19.9,13.7,6.7
2175,44.546,0.000,2248.2,268.3,-2.1,5,18256,1.000,0.000,0.037,-0.201,0.015,84.9,-9.4,0,-2.34,-0.470,127.3,294.1,1.000,10.4,25.0,47.3,114.1,138.1,151.4,159.6,97.5,84.9,75.1,67.4,61.1,54.1,47.8,39.3,29.0,19.9,13.6,6.7
2176,44.566,0.000,2249.7,268.6,-2.1,5,18235,1.000,0.000,0.038,-0.206,0.015,87.1,-10.6,0,-2.29,-0.470,127.4,300.7,1.000,10.5,25.1,47.1,111.9,135.5,148.4,156.4,100.8,87.1,76.7,68.5,61.9,54.5,48.0,39.2,28.8,19.7,13.5,6.6
2177,44.586,0.000,2251.2,268.8,-2.0,5,18344,1.000,0.000,0.038,-0.212,0.015,88.7,-8.5,0,-2.11,-0.470,157.2,301.7,1.000,10.5,25.3,47.2,109.9,133.3,145.9,153.6,161.2,88.7,77.7,69.2,62.3,54.7,48.0,39.1,28.6,19.6,13.4,6.6
2178,44.606,0.000,2252.7,269.1,-2.1,5,18362,1.000,0.000,0.038,-0.217,0.015,92.1,-8.2,0,-2.06,-0.470,154.0,302.2,1.000,10.6,25.4,46.8,107.5,130.7,142.8,150.3,157.6,92.1,80.1,70.8,63.5,55.5,48.5,39.3,28.5,19.5,13.4,6.5
2179,44.626,0.000,2254.2,269.4,-2.3,5,18336,1.000,0.000,0.034,-0.223,0.014,97.4,-9.5,0,-2.00,-0.470,150.9,297.2,1.000,10.6,25.5,46.3,104.7,127.9,139.6,146.8,153.8,97.4,83.5,73.3,65.4,56.8,49.3,39.6,28.5,19.4,13.3,6.5
2180,44.646,0.000,2255.7,269.7,-2.4,5,18323,1.000,0.000,0.027,-0.229,0.013,155.3,-10.4,0,-1.79,-0.470,155.3,299.3,1.000,10.7,25.5,45.8,102.0,125.2,136.5,143.4,150.1,155.3,87.3,76.0,67.3,58.1,50.2,40.0,28.5,19.3,13.2,6.4
2181,44.666,0.000,2257.2,270.0,-2.3,5,18319,1.000,0.000,0.030,-0.234,0.013,152.2,-11.1,0,-1.76,-0.470,152.2,301.4,1.000,10.7,25.6,45.6,100.0,123.0,134.0,140.7,147.2,152.2,89.9,77.8,68.6,58.8,50.6,40.1,28.4,19.2,13.1,6.4
2182,44.686,0.000,2258.7,270.3,-2.0,5,18374,1.000,0.000,0.036,-0.240,0.014,149.4,-10.2,0,-1.73,-0.470,149.4,301.0,1.000,10.8,25.7,45.5,98.3,121.0,131.7,138.2,144.5,149.4,92.2,79.2,69.5,59.3,50.9,40.1,28.2,19.0,13.0,6.3
2183,44.706,0.000,2260.2,270.6,-1.9,5,18379,1.000,0.000,0.033,-0.245,0.014,151.4,-10.5,0,-1.53,-0.470,151.4,306.8,1.000,10.8,25.8,45.2,96.2,118.7,129.1,135.4,141.6,146.3,151.4,81.7,71.3,60.5,51.5,40.4,28.2,18.9,12.9,6.3
2184,44.726,0.000,2261.7,270.8,-1.9,5,18385,1.000,0.000,0.033,-0.250,0.014,147.9,-10.9,0,-1.50,-0.470,147.9,306.9,1.000,10.8,25.8,44.8,93.8,116.3,126.4,132.5,138.4,143.0,147.9,85.2,73.7,62.0,52.5,40.8,28.3,18.8,12.8,6.2
2185,44.746,0.000,2263.2,271.1,-1.9,5,18391,1.000,0.000,0.027,-0.255,0.013,149.5,-11.2,0,-1.27,-0.470,149.5,313.5,1.000,10.9,25.8,44.3,91.5,113.9,123.7,129.6,135.3,139.7,144.4,149.5,76.7,63.9,53.7,41.4,28.4,18.7,12.8,6.2
2186,44.766,0.000,2264.7,271.4,-1.9,5,18400,1.000,0.000,0.028,-0.261,0.013,146.0,-11.5,0,-1.24,-0.470,146.0,313.0,1.000,10.9,25.7,43.9,89.2,111.6,121.1,126.9,132.4,136.6,141.2,146.0,79.7,65.8,54.9,41.9,28.5,18.7,12.7,6.2
2187,44.786,0.000,2266.2,271.7,-1.8,5,18409,1.000,0.000,0.031,-0.266,0.013,142.9,-11.8,0,-1.22,-0.470,142.9,312.0,1.000,11.0,25.7,43.6,87.3,109.4,118.7,124.3,129.6,133.7,138.1,142.9,82.7,67.7,56.1,42.4,28.6,18.6,12.6,6.1
2188,44.806,0.000,2267.7,271.9,-1.7,5,18425,1.000,0.000,0.231,-0.271,0.014,139.7,-11.9,0,-0.99,0.850,139.7,314.5,1.000,11.0,25.7,43.2,85.3,107.2,116.4,121.8,126.9,130.9,135.2,139.7,144.6,69.7,57.3,43.0,28.7,18.5,12.5,6.1
2189,44.826,0.000,2269.2,272.1,-1.5,5,18447,1.000,0.000,0.109,-0.276,0.010,134.8,-10.8,0,-0.93,0.000,134.8,308.0,1.000,11.0,25.4,42.0,80.7,103.9,112.8,117.9,122.8,126.5,130.5,134.8,139.4,76.6,61.7,45.2,29.5,18.8,12.6,6.1
2190,44.846,0.000,2270.7,272.3,-2.8,5,18476,1.000,0.000,0.050,-0.279,0.001,127.1,-11.0,0,-0.56,0.000,127.1,305.4,1.000,10.9,24.5,39.5,71.4,98.2,107.1,111.8,116.2,119.6,123.2,127.1,131.2,137.4,74.5,51.6,32.0,19.7,12.9,6.1
2191,44.866,0.000,2272.2,272.5,-4.3,5,18485,1.000,0.000,-0.003,-0.282,-0.008,120.5,-11.2,0,-0.21,0.000,123.9,304.9,1.000,10.9,23.8,37.5,64.7,93.0,102.0,106.6,110.7,113.8,117.1,120.5,124.3,129.9,137.0,59.3,34.6,20.5,13.2,6.1
2192,44.886,0.000,2273.7,272.8,-4.3,5,18457,1.000,0.000,0.137,-0.283,-0.010,117.0,-12.6,0,-0.18,0.850,121.1,299.3,1.000,10.8,23.5,36.7,62.2,90.1,99.1,103.7,107.6,110.5,113.7,117.0,120.5,125.9,132.6,63.3,35.9,20.9,13.3,6.1
2193,44.906,0.000,2275.2,273.0,-3.1,5,18475,1.000,0.000,0.134,-0.284,-0.010,114.2,-12.0,0,-0.15,0.850,118.2,294.8,1.000,10.8,23.3,36.2,60.6,87.8,96.8,101.2,105.1,107.9,110.9,114.2,117.6,122.7,129.2,66.5,36.8,21.2,13.4,6.1
2194,44.926,0.000,2276.7,273.2,-3.0,5,18510,1.000,0.000,0.095,-0.284,-0.015,109.8,-11.4,0,0.32,0.850,115.4,304.9,1.000,10.8,22.8,34.9,57.2,83.9,93.0,97.4,101.2,103.9,106.8,109.8,112.9,117.7,123.8,137.0,39.4,22.0,13.7,6.2
2195,44.946,0.000,2278.2,273.4,-3.6,5,18546,1.000,0.000,0.057,-0.283,-0.023,104.9,-11.1,0,0.35,0.850,113.0,295.6,1.000,10.6,22.2,33.4,53.2,79.1,88.5,93.0,96.8,99.5,102.2,104.9,107.9,112.3,117.8,129.8,43.4,23.2,14.2,6.2
2196,44.966,0.000,2279.8,273.6,-4.2,5,18550,1.000,0.000,0.014,-0.279,-0.031,100.7,-11.4,0,0.40,0.850,111.4,287.6,1.000,10.5,21.6,32.2,50.2,74.7,84.5,89.0,92.8,95.5,98.1,100.7,103.5,107.6,112.7,123.8,47.7,24.4,14.6,6.3
2197,44.986,0.000,2281.3,273.8,-4.1,5,18561,1.000,0.000,-0.010,-0.275,-0.036,97.9,-11.8,0,0.44,0.850,109.7,282.2,1.000,10.4,21.3,31.5,48.5,71.8,81.8,86.3,90.1,92.7,95.3,97.9,100.5,104.4,109.3,119.9,50.6,25.2,14.9,6.4
2198,45.006,0.000,2282.8,274.1,-3.3,5,18580,1.000,0.000,-0.013,-0.269,-0.037,96.2,-11.8,0,0.44,0.850,108.1,279.4,1.000,10.4,21.2,31.3,48.2,70.9,80.5,84.9,88.6,91.1,93.7,96.2,98.8,102.6,107.4,117.8,51.3,25.5,15.1,6.4
2199,45.026,0.000,2284.3,274.4,-2.1,5,18600,1.000,0.000,-0.004,-0.262,-0.035,95.3,-11.7,0,0.43,0.850,106.3,278.0,1.000,10.4,21.2,31.3,48.5,70.9,79.9,84.2,87.7,90.3,92.8,95.3,97.8,101.6,106.4,116.8,50.6,25.4,15.1,6.5
2200,45.046,0.000,2285.8,274.6,-1.1,5,18621,1.000,0.000,0.007,-0.255,-0.032,94.4,-11.6,0,0.42,0.850,104.6,276.2,1.000,10.3,21.2,31.5,49.0,70.9,79.4,83.5,87.0,89.5,91.9,94.4,96.9,100.8,105.5,115.9,49.8,25.4,15.2,6.5
2201,45.066,0.000,2287.4,274.8,-0.5,5,18694,0.000,0.281,0.013,-0.248,-0.031,93.2,-10.2,0,0.41,0.850,102.9,266.5,0.000,10.3,21.1,31.4,49.1,70.4,78.5,82.5,85.9,88.4,90.8,93.2,95.7,99.5,104.3,114.6,49.5,25.4,15.2,6.6
2202,45.086,0.000,2288.9,274.0,-0.2,5,18087,0.000,0.745,0.011,-0.240,-0.031,91.6,-15.2,0,0.42,0.850,101.2,256.4,0.000,10.2,21.0,31.2,48.8,69.4,77.2,81.1,84.5,86.9,89.2,91.6,94.1,97.8,102.5,112.6,50.1,25.7,15.4,6.7
2203,45.106,0.000,2290.4,271.9,-0.3,5,17740,0.000,0.922,0.005,-0.233,-0.032,89.8,-0.9,0,0.43,0.850,99.5,250.7,0.000,10.1,20.8,30.9,48.2,68.0,75.7,79.5,82.8,85.1,87.5,89.8,92.2,95.9,100.4,110.3,51.1,26.1,15.6,6.7
2204,45.126,0.000,2291.9,269.0,-0.5,5,17448,0.000,1.000,-0.001,-0.225,-0.033,88.0,14.2,0,0.45,0.850,97.8,245.0,0.000,10.1,20.6,30.6,47.6,66.7,74.2,77.9,81.1,83.4,85.7,88.0,90.4,93.9,98.4,108.0,52.2,26.5,15.8,6.8
2205,45.146,0.000,2293.4,265.9,-0.5,5,17174,0.000,1.000,-0.005,-0.217,-0.034,86.3,26.4,0,0.46,0.850,96.1,242.0,0.000,10.0,20.4,30.3,47.1,65.5,72.8,76.4,79.6,81.8,84.1,86.3,88.6,92.1,96.5,105.9,53.1,26.9,16.0,6.9
2206,45.166,0.000,2294.9,262.5,-0.5,5,16858,0.000,1.000,-0.007,-0.209,-0.034,84.8,31.8,0,0.48,0.850,94.4,235.7,0.000,9.9,20.3,30.1,46.7,64.5,71.5,75.1,78.2,80.4,82.6,84.8,87.1,90.5,94.8,104.0,53.8,27.1,16.2,6.9
2207,45.186,0.000,2296.3,259.1,-0.4,5,16627,0.000,1.000,-0.007,-0.202,-0.034,83.3,36.1,0,0.49,0.850,92.8,233.8,0.000,9.9,20.2,30.0,46.5,63.5,70.3,73.8,76.8,79.0,81.2,83.3,85.6,88.9,93.1,102.3,54.2,27.4,16.3,7.0
2208,45.206,0.000,2297.7,255.5,-0.3,5,16418,0.000,0.901,-0.007,-0.194,-0.033,82.0,39.9,0,0.50,0.850,91.1,235.0,0.000,9.8,20.1,29.8,46.3,62.6,69.2,72.6,75.6,77.7,79.8,82.0,84.2,87.5,91.6,100.6,55.5,27.6,16.5,7.1
2209,45.226,0.000,2299.2,252.1,-0.2,5,16273,0.199,0.000,-0.037,-0.186,-0.033,80.6,41.0,0,1.39,0.850,89.6,272.5,0.199,9.8,20.0,29.7,46.1,61.7,68.1,71.5,74.4,76.4,78.5,80.6,82.8,86.1,90.1,99.0,123.5,27.8,16.6,7.1
2210,45.246,0.000,2300.5,249.6,-0.1,5,16390,0.249,0.000,-0.032,-0.179,-0.032,79.5,0.3,0,1.38,0.850,88.0,272.8,0.249,9.7,19.9,29.6,46.1,61.0,67.2,70.5,73.3,75.4,77.4,79.5,81.6,84.9,88.9,97.7,122.0,27.9,16.7,7.2
2211,45.266,0.000,2301.9,248.7,0.2,5,16512,0.299,0.000,-0.019,-0.172,-0.029,78.7,-16.8,0,1.38,0.850,86.4,273.5,0.299,9.7,19.9,29.8,46.7,60.7,66.7,69.9,72.7,74.7,76.7,78.7,80.9,84.1,88.2,97.0,121.5,27.7,16.7,7.2
2212,45.286,0.000,2303.3,248.4,0.7,5,16584,0.349,0.000,-0.153,-0.165,-0.025,78.1,-17.2,0,1.37,0.000,84.9,274.9,0.349,9.6,20.0,30.0,47.5,60.5,66.3,69.4,72.1,74.1,76.1,78.1,80.3,83.5,87.6,96.5,121.2,27.4,16.6,7.3
2213,45.306,0.000,2304.7,248.0,0.9,5,16638,0.399,0.000,-0.124,-0.159,-0.019,78.2,-16.4,0,1.37,0.000,83.3,279.1,0.399,9.7,20.2,30.7,48.8,60.8,66.4,69.5,72.2,74.1,76.1,78.2,80.4,83.7,87.9,97.1,122.8,26.7,16.4,7.3
2214,45.326,0.000,2306.1,247.7,1.9,5,16682,0.000,0.000,-0.038,-0.155,-0.009,79.4,-16.0,0,0.33,0.000,81.8,246.7,0.399,9.7,20.7,32.0,50.7,61.9,67.5,70.5,73.2,75.1,77.2,79.4,81.7,85.3,89.7,99.4,44.9,25.5,16.0,7.2
2215,45.346,0.000,2307.4,247.2,3.1,5,16534,0.449,0.000,0.007,-0.151,0.000,80.4,-20.4,0,0.28,0.000,80.4,251.7,0.449,9.8,21.2,33.3,52.0,62.8,68.2,71.2,73.9,75.9,78.1,80.4,82.8,86.5,91.2,101.5,41.7,24.5,15.6,7.2
2216,45.366,0.000,2308.8,246.8,3.3,5,16612,0.499,0.000,0.028,-0.149,0.005,80.1,-15.7,0,0.26,0.000,80.1,252.8,0.499,9.8,21.5,33.9,52.1,62.5,67.9,70.8,73.5,75.6,77.8,80.1,82.6,86.3,91.1,101.6,40.4,24.0,15.5,7.2
2217,45.386,0.000,2310.2,246.7,2.6,5,16682,0.549,0.000,0.025,-0.147,0.004,78.5,-15.1,0,0.26,0.000,78.5,249.9,0.549,9.8,21.4,33.7,51.2,61.3,66.5,69.4,72.0,74.0,76.2,78.5,80.9,84.5,89.2,99.5,40.7,24.2,15.5,7.2
2218,45.406,0.000,2311.5,246.6,1.6,5,16744,0.000,0.000,0.010,-0.146,0.001,76.2,-14.5,0,0.29,0.000,76.2,245.2,0.549,9.7,21.2,33.2,49.8,59.6,64.7,67.5,70.0,72.0,74.0,76.2,78.6,82.1,86.5,96.4,43.1,24.5,15.7,7.2
2219,45.426,0.000,2312.9,246.2,0.6,5,16547,0.599,0.000,-0.058,-0.145,-0.002,74.0,-20.3,0,1.83,0.000,74.5,316.2,0.599,9.7,21.0,32.7,48.5,58.0,62.9,65.6,68.1,70.0,71.9,74.0,76.3,79.7,83.9,93.3,147.1,24.9,15.8,7.3
2220,45.446,0.000,2314.3,245.9,-0.0,5,16660,0.649,0.000,-0.041,-0.144,-0.002,72.7,-13.8,0,1.38,0.000,73.1,280.9,0.649,9.7,21.0,32.8,47.8,57.0,61.8,64.4,66.9,68.7,70.6,72.7,74.9,78.2,82.4,91.7,119.4,24.9,15.8,7.3
2221,45.466,0.000,2315.6,245.9,0.4,5,16756,0.699,0.000,-0.039,-0.144,0.002,72.2,-13.2,0,1.83,0.000,72.2,314.0,0.699,9.7,21.2,33.3,47.7,56.6,61.3,63.9,66.3,68.2,70.1,72.2,74.4,77.8,82.0,91.3,144.2,24.5,15.7,7.2
2222,45.486,0.000,2317.0,246.0,0.8,5,16834,0.749,0.000,-0.017,-0.144,0.007,71.9,-12.8,0,1.79,0.000,71.9,311.9,0.749,9.8,21.5,34.1,47.6,56.2,60.9,63.5,65.9,67.8,69.8,71.9,74.1,77.5,81.8,91.3,142.5,24.0,15.5,7.2
2223,45.506,0.000,2318.4,246.0,1.2,5,16902,0.799,0.000,0.001,-0.145,0.010,71.3,-12.3,0,1.77,0.000,71.3,309.9,0.799,9.8,21.7,34.5,47.3,55.7,60.3,62.9,65.3,67.2,69.2,71.3,73.6,77.0,81.3,90.9,140.9,23.6,15.3,7.2
2224,45.526,0.000,2319.7,246.2,1.3,5,16966,0.849,0.000,0.008,-0.146,0.012,70.3,-11.7,0,1.77,0.000,70.3,308.1,0.849,9.8,21.9,34.5,46.7,54.9,59.4,61.9,64.3,66.2,68.2,70.3,72.5,75.9,80.2,89.7,139.5,23.4,15.2,7.2
2225,45.546,0.000,2321.1,246.4,1.0,5,17028,0.899,0.000,0.007,-0.148,0.012,68.8,-11.2,0,1.80,0.000,68.8,306.6,0.899,9.9,21.9,34.2,45.8,53.8,58.2,60.7,63.0,64.8,66.8,68.8,71.0,74.3,78.5,87.9,138.3,23.3,15.2,7.1
2226,45.566,0.000,2322.5,246.6,0.6,5,17088,0.949,0.000,0.002,-0.150,0.011,67.2,-10.6,0,1.83,0.000,67.2,305.2,0.949,9.9,21.9,33.7,44.9,52.6,56.8,59.2,61.5,63.3,65.2,67.2,69.3,72.5,76.6,85.7,137.2,23.4,15.2,7.1
2227,45.586,0.000,2323.8,246.9,0.3,5,17141,0.999,0.000,-0.003,-0.152,0.010,65.6,-10.6,0,1.86,0.000,65.6,303.7,0.999,9.9,21.8,33.3,43.9,51.4,55.5,57.8,60.1,61.8,63.6,65.6,67.6,70.8,74.7,83.6,136.0,23.4,15.2,7.1
2228,45.606,0.000,2325.2,247.3,0.1,5,17198,1.000,0.000,0.014,-0.154,0.009,64.1,-10.0,0,1.34,0.000,64.1,264.8,1.000,9.9,21.9,32.8,43.0,50.2,54.2,56.5,58.7,60.4,62.2,64.1,66.1,69.1,73.0,81.6,107.6,23.4,15.2,7.1
2229,45.626,0.000,2326.6,247.6,0.1,5,17236,1.000,0.000,0.011,-0.156,0.009,62.5,-9.8,0,1.32,0.000,62.5,260.0,1.000,9.9,21.9,32.3,42.0,49.0,52.9,55.1,57.3,58.9,60.6,62.5,64.5,67.4,71.2,79.6,104.4,23.4,15.2,7.1
2230,45.646,0.000,2328.0,247.9,-0.1,5,17266,1.000,0.000,0.006,-0.158,0.007,60.8,-9.6,0,1.30,0.000,60.8,255.3,1.000,9.9,21.8,31.7,41.0,47.7,51.5,53.7,55.8,57.3,59.0,60.8,62.7,65.6,69.2,77.3,101.2,23.5,15.2,7.1
2231,45.666,0.000,2329.4,248.3,-0.3,5,17289,1.000,0.000,0.001,-0.159,0.006,59.2,-9.5,0,1.29,0.000,59.2,250.6,1.000,9.9,21.8,31.1,40.0,46.5,50.1,52.3,54.3,55.8,57.4,59.2,61.0,63.8,67.3,75.1,98.2,23.9,15.2,7.1
2232,45.686,0.000,2330.7,248.7,-0.3,5,17298,0.000,0.000,-0.001,-0.161,0.006,57.6,-10.4,0,1.29,0.000,57.6,246.4,1.000,9.9,21.7,30.5,39.0,45.3,48.9,50.9,52.9,54.3,55.9,57.6,59.4,62.1,65.5,73.1,95.5,24.6,15.2,7.1
2233,45.706,0.000,2332.1,248.3,-0.3,5,16884,0.000,0.160,-0.002,-0.163,0.006,56.2,-20.3,0,1.30,0.000,56.2,242.6,0.000,9.9,21.6,29.9,38.1,44.2,47.7,49.7,51.6,53.0,54.6,56.2,57.9,60.6,63.9,71.3,93.2,25.7,15.2,7.1
2234,45.726,0.000,2333.5,247.4,-0.1,5,16375,0.000,0.288,-0.001,-0.164,0.006,54.8,-16.8,0,1.32,0.000,54.8,239.2,0.000,9.9,21.5,29.4,37.3,43.2,46.5,48.5,50.3,51.7,53.2,54.8,56.6,59.1,62.4,69.7,91.0,27.9,15.1,7.0
2235,45.746,0.000,2334.9,246.1,-0.0,5,16233,0.198,0.000,-0.160,-0.166,0.007,53.5,-14.9,0,3.75,-0.310,53.5,257.5,0.198,10.0,21.3,28.9,36.4,42.1,45.4,47.3,49.1,50.5,52.0,53.5,55.2,57.7,60.9,68.0,88.9,115.7,15.1,7.0
2236,45.766,0.000,2336.2,245.2,-0.1,5,16274,0.248,0.000,-0.161,-0.168,0.012,53.1,-17.3,0,3.73,-0.354,53.1,254.1,0.248,10.0,21.3,28.6,36.0,41.6,44.9,46.8,48.6,50.0,51.5,53.1,54.8,57.3,60.6,67.8,89.3,113.9,14.8,7.0
2237,45.786,0.000,2337.6,244.8,1.3,5,16320,0.298,0.000,-0.125,-0.171,0.025,54.3,-17.3,0,3.59,-0.409,54.3,245.9,0.298,10.2,21.7,29.0,36.5,42.1,45.5,47.5,49.5,51.0,52.6,54.3,56.1,58.9,62.4,70.4,95.2,110.4,14.3,6.9
2238,45.806,0.000,2338.9,244.3,3.1,5,16360,0.348,0.000,-0.026,-0.176,0.041,56.1,-16.8,0,1.96,-0.462,56.1,281.9,0.348,10.4,22.1,29.5,37.1,42.9,46.5,48.7,50.9,52.5,54.3,56.1,58.1,61.2,65.2,74.2,119.6,27.3,13.7,6.7
2239,45.826,0.000,2340.3,244.0,4.6,5,16400,0.398,0.000,0.057,-0.183,0.053,57.4,-16.4,0,1.86,-0.410,57.4,278.6,0.398,10.6,22.3,29.7,37.3,43.3,47.1,49.5,51.7,53.5,55.4,57.4,59.5,62.9,67.2,77.2,117.2,25.8,13.3,6.6
2240,45.846,0.000,2341.7,243.7,4.7,5,16440,0.448,0.000,0.044,-0.191,0.056,56.6,-15.8,0,3.42,-0.358,56.6,276.4,0.448,10.7,22.1,29.2,36.7,42.6,46.4,48.8,51.0,52.8,54.6,56.6,58.8,62.2,66.5,76.6,115.7,100.8,13.2,6.5
2241,45.866,0.000,2343.0,243.5,3.2,5,16482,0.498,0.000,0.048,-0.200,0.053,54.4,-15.3,0,3.58,-0.312,54.4,275.3,0.498,10.7,21.5,28.3,35.4,41.1,44.7,46.9,49.1,50.7,52.5,54.4,56.5,59.6,63.7,73.2,114.9,101.2,13.6,6.5
2242,45.886,0.000,2344.4,243.4,1.7,5,16525,0.548,0.000,0.039,-0.209,0.047,51.7,-15.0,0,3.80,-0.269,51.7,274.3,0.548,10.7,20.9,27.3,34.0,39.3,42.7,44.8,46.8,48.3,50.0,51.7,53.6,56.6,60.4,69.0,114.2,101.9,14.2,6.4
2243,45.906,0.000,2345.7,243.3,0.4,5,16566,0.000,0.456,0.026,-0.218,0.041,49.1,-14.9,0,4.03,-0.231,49.1,231.7,0.000,10.6,20.2,26.2,32.5,37.5,40.7,42.6,44.5,45.9,47.5,49.1,50.9,53.6,57.0,65.0,113.5,102.4,15.1,6.4
2244,45.926,0.000,2347.1,242.1,-0.5,5,15934,0.000,0.340,-0.051,-0.227,0.036,46.8,-8.3,0,3.89,-0.351,46.8,232.8,0.000,10.5,19.6,25.3,31.2,35.9,38.9,40.7,42.5,43.8,45.2,46.8,48.4,50.9,54.2,61.5,84.6,102.5,16.2,6.4
2245,45.946,0.000,2348.4,240.4,-1.1,5,15840,0.000,0.283,-0.118,-0.236,0.035,45.2,-10.0,0,4.01,-0.458,45.2,232.3,0.000,10.5,19.1,24.5,30.2,34.7,37.6,39.3,41.0,42.3,43.7,45.2,46.7,49.1,52.2,59.2,81.2,101.8,17.5,6.4
2246,45.966,0.000,2349.7,238.7,-0.8,5,15740,0.000,0.399,-0.124,-0.245,0.042,45.0,-15.6,0,4.01,-0.529,45.0,228.4,0.000,10.4,18.9,24.2,29.8,34.4,37.3,39.0,40.8,42.1,43.5,45.0,46.6,49.1,52.3,59.5,83.3,99.9,18.2,6.4
2247,45.986,0.000,2351.1,237.0,1.1,5,15568,0.189,0.000,-0.182,-0.253,0.036,46.4,-14.8,0,4.09,-0.578,46.4,264.6,0.189,10.5,18.9,24.3,30.0,34.9,38.0,39.9,41.8,43.2,44.7,46.4,48.2,50.9,54.5,62.8,107.5,96.5,17.9,6.3
2248,46.006,0.000,2352.4,236.0,2.8,5,15611,0.239,0.000,-0.092,-0.259,0.035,49.3,-16.9,0,3.69,-0.412,49.3,260.1,0.239,10.5,19.2,24.8,30.8,36.2,39.7,41.8,43.9,45.6,47.4,49.3,51.4,54.6,58.9,69.1,104.4,91.7,17.2,6.3
2249,46.026,0.000,2353.8,235.5,4.5,5,15661,0.289,0.000,-0.016,-0.263,0.034,52.8,-16.8,0,3.26,-0.286,52.8,255.3,0.289,10.6,19.4,25.2,31.7,37.6,41.6,44.1,46.5,48.4,50.5,52.8,55.2,59.2,64.4,77.2,101.3,86.0,16.6,6.2
2250,46.046,0.000,2355.1,235.1,5.1,5,15709,0.339,0.000,0.071,-0.265,0.028,54.5,-16.6,0,3.11,-0.074,54.5,251.7,0.339,10.5,19.4,25.2,31.9,38.2,42.4,45.0,47.7,49.7,52.0,54.5,57.3,61.6,67.5,104.0,98.9,81.9,16.7,6.2
2251,46.066,0.000,2356.4,234.8,4.0,5,15755,0.389,0.000,0.005,-0.265,0.009,52.9,-16.4,0,3.23,-0.036,52.9,250.1,0.389,10.4,18.9,24.5,31.0,37.1,41.1,43.7,46.3,48.3,50.5,52.9,55.5,59.8,65.4,102.8,97.9,82.1,18.0,6.4
2252,46.086,0.000,2357.8,234.5,1.9,5,15805,0.439,0.000,-0.093,-0.262,-0.012,50.1,-15.7,0,3.42,-0.026,53.5,249.2,0.439,10.2,18.3,23.5,29.7,35.4,39.2,41.6,43.9,45.8,47.8,50.1,52.5,56.4,61.5,74.6,97.3,83.4,20.2,6.5
2253,46.106,0.000,2359.1,234.3,0.7,5,15859,0.489,0.000,-0.161,-0.256,-0.028,48.6,-15.0,0,3.54,-0.012,57.1,247.5,0.489,10.0,17.8,22.8,28.8,34.4,38.0,40.4,42.7,44.5,46.4,48.6,51.0,54.7,59.7,72.2,96.2,83.0,22.1,6.7
2254,46.126,0.000,2360.4,234.1,0.7,5,15918,0.539,0.000,-0.151,-0.249,-0.037,48.8,-13.9,0,3.54,0.091,63.9,244.8,0.539,9.9,17.5,22.5,28.5,34.1,37.9,40.3,42.6,44.5,46.5,48.8,51.2,55.1,60.4,99.1,94.5,81.1,23.0,6.8
2255,46.146,0.000,2361.7,234.0,1.6,5,15983,0.589,0.000,-0.076,-0.239,-0.042,50.0,-12.8,0,3.38,0.269,71.4,249.0,0.589,9.8,17.3,22.4,28.6,34.4,38.4,40.9,43.4,45.4,47.6,50.0,52.6,56.9,62.7,97.2,92.4,78.3,23.2,6.9
2256,46.166,0.000,2363.1,233.9,2.8,5,16055,0.639,0.000,-0.018,-0.227,-0.046,51.3,-11.8,0,3.22,0.417,77.8,245.9,0.639,9.7,17.1,22.2,28.6,34.7,38.9,41.6,44.2,46.4,48.7,51.3,54.3,58.9,65.4,95.2,90.3,75.5,23.4,7.1
2257,46.186,0.000,2364.4,233.8,3.5,5,16130,0.000,0.000,-0.027,-0.214,-0.053,51.8,-11.0,0,3.15,0.470,51.8,233.0,0.639,9.6,16.8,21.9,28.4,34.6,38.8,41.6,44.4,46.6,49.0,51.8,54.8,59.8,66.7,93.5,88.6,73.6,23.9,7.3
2258,46.206,0.000,2365.7,233.5,3.3,5,15924,0.000,0.787,-0.078,-0.198,-0.062,51.2,-19.3,0,3.18,0.470,51.2,215.4,0.000,9.4,16.4,21.5,27.8,34.0,38.2,41.0,43.8,46.0,48.4,51.2,54.3,59.3,66.4,92.1,87.2,72.7,24.9,7.5
2259,46.226,0.000,2367.0,232.3,3.1,5,14920,0.000,1.000,-0.131,-0.181,-0.072,50.6,10.8,0,3.22,0.470,50.6,199.2,0.000,9.2,16.0,21.0,27.2,33.3,37.6,40.3,43.1,45.3,47.8,50.6,53.7,58.7,66.6,90.7,85.9,71.8,25.9,7.7
2260,46.246,0.000,2368.3,230.4,3.1,4,16464,0.000,0.500,-0.182,-0.161,-0.081,49.8,54.2,0,3.20,0.470,49.8,196.8,0.000,9.0,15.6,20.5,26.7,32.7,36.9,39.6,42.4,44.6,47.0,49.8,52.9,58.0,91.3,89.4,84.6,71.0,26.8,8.0
2261,46.266,0.000,2369.5,228.3,3.0,4,16395,0.000,0.500,-0.236,-0.140,-0.089,49.0,64.4,0,3.26,0.470,49.0,194.5,0.000,8.8,15.2,20.0,26.0,32.0,36.1,38.8,41.6,43.8,46.2,49.0,52.0,57.1,89.9,88.1,83.3,70.3,27.7,8.3
2262,46.286,0.000,2370.8,226.9,3.2,4,16095,0.000,0.500,-0.288,-0.118,-0.098,48.3,72.7,0,3.31,0.470,48.3,192.2,0.000,8.5,14.8,19.5,25.5,31.3,35.5,38.2,40.9,43.1,45.5,48.3,51.4,56.4,88.6,86.7,82.1,69.5,28.6,8.6
2263,46.306,0.000,2372.1,225.3,3.3,4,15934,0.000,0.500,-0.338,-0.094,-0.105,47.6,85.4,0,3.35,0.470,47.6,189.9,0.000,8.3,14.5,19.0,24.9,30.7,34.8,37.5,40.2,42.4,44.8,47.6,50.7,55.8,87.2,85.4,80.8,68.6,29.3,8.9
2264,46.326,0.000,2373.3,223.6,3.4,4,15548,0.000,0.500,-0.384,-0.068,-0.112,47.1,85.8,0,3.39,0.470,47.1,187.6,0.000,8.1,14.1,18.6,24.4,30.2,34.2,36.9,39.6,41.8,44.3,47.1,50.2,55.4,85.8,84.0,79.5,67.6,30.0,9.2
2265,46.346,0.000,2374.5,222.7,4.2,4,14939,0.000,0.500,-0.434,-0.041,-0.117,46.9,97.4,0,3.39,0.453,46.9,185.2,0.000,7.9,13.8,18.2,24.0,29.8,33.9,36.6,39.3,41.5,44.1,46.9,50.1,55.5,84.4,82.6,78.1,66.5,30.5,9.5
2266,46.366,0.000,2375.8,221.3,4.7,4,14978,0.000,0.500,-0.497,-0.012,-0.122,46.5,126.4,0,3.42,0.411,46.5,182.9,0.000,7.6,13.4,17.8,23.5,29.3,33.4,36.1,38.8,41.1,43.6,46.5,49.8,55.3,83.0,81.2,76.8,65.5,31.0,9.8
2267,46.386,0.000,2377.0,219.9,5.0,4,14542,0.000,0.500,-0.564,0.018,-0.128,45.9,134.1,0,3.46,0.370,45.9,180.7,0.000,7.4,13.0,17.3,23.0,28.7,32.7,35.5,38.2,40.5,43.0,45.9,49.3,54.8,81.7,79.9,75.5,64.6,31.6,10.1
2268,46.406,0.000,2378.2,219.4,5.6,4,13698,0.000,0.500,-0.631,0.049,-0.134,45.4,145.2,0,3.50,0.328,45.4,178.5,0.000,7.2,12.7,16.9,22.5,28.1,32.2,34.9,37.7,39.9,42.5,45.4,48.8,55.1,80.4,78.6,74.3,63.7,32.2,10.4
2269,46.426,0.000,2379.4,218.0,6.1,3,16680,0.000,0.500,-0.646,0.082,-0.131,45.1,164.2,0,3.38,0.304,45.1,179.2,0.000,6.9,12.3,16.5,22.0,27.6,31.7,34.4,37.2,39.5,42.1,45.1,48.5,79.9,79.0,77.3,73.0,62.7,32.6,10.7
2270,46.446,0.000,2380.6,216.3,6.6,3,16609,0.000,0.500,-0.661,0.113,-0.128,44.7,171.1,0,3.41,0.281,44.7,176.9,0.000,6.7,12.0,16.1,21.5,27.1,31.2,33.9,36.7,39.0,41.7,44.7,48.2,78.5,77.7,75.9,71.7,61.7,33.0,10.9
2271,46.466,0.000,2381.8,214.1,7.1,3,16704,0.000,0.500,-0.671,0.145,-0.124,44.7,172.9,0,3.42,0.258,44.7,174.7,0.000,6.5,11.7,15.7,21.1,26.7,30.8,33.6,36.5,38.8,41.6,44.7,48.4,77.1,76.3,74.6,70.4,60.6,33.3,11.2
2272,46.486,0.000,2382.9,211.3,7.6,3,16947,0.000,0.500,-0.679,0.175,-0.119,44.9,171.0,0,3.42,0.235,44.9,172.4,0.000,6.3,11.4,15.3,20.7,26.3,30.5,33.3,36.3,38.8,41.6,44.9,48.7,75.8,74.9,73.2,69.1,59.5,33.5,11.4
2273,46.506,0.000,2384.1,208.1,7.7,3,17337,0.000,0.500,-0.680,0.205,-0.115,45.0,164.5,0,3.22,0.212,45.0,171.5,0.000,6.1,11.0,15.0,20.3,26.0,30.2,33.1,36.2,38.7,41.6,45.0,75.1,74.4,73.6,71.8,67.8,58.4,33.6,11.6
2274,46.526,0.000,2385.2,204.9,7.5,3,17622,0.000,0.500,-0.689,0.234,-0.111,45.2,153.0,0,3.24,0.190,45.2,169.3,0.000,5.9,10.7,14.6,19.9,25.6,29.9,32.9,36.0,38.6,41.6,45.2,73.8,73.1,72.2,70.5,66.5,57.4,33.8,11.9
2275,46.546,0.000,2386.3,201.8,6.9,3,17703,0.000,0.429,-0.701,0.261,-0.107,45.0,139.5,0,3.26,0.167,45.0,182.6,0.000,5.7,10.4,14.2,19.5,25.2,29.5,32.5,35.6,38.3,41.4,45.0,72.5,71.8,71.0,69.3,65.4,56.5,34.0,12.1
2276,46.566,0.000,2387.4,199.1,6.0,3,17640,0.000,0.042,-0.717,0.286,-0.105,44.7,121.6,0,3.30,0.145,44.7,195.4,-0.007,5.5,10.1,13.8,19.0,24.6,28.9,31.9,35.1,37.8,40.9,44.7,71.3,70.6,69.8,68.1,64.3,55.7,34.3,12.3
2277,46.586,0.000,2388.5,196.8,5.2,3,17737,0.000,0.000,-0.722,0.311,-0.102,70.5,86.7,0,3.12,0.123,70.5,199.2,0.219,5.3,9.8,13.5,18.6,24.2,28.5,31.5,34.7,37.4,40.6,70.5,70.1,69.4,68.6,67.0,63.2,54.8,34.6,12.5
2278,46.606,0.000,2389.6,195.1,4.5,3,17642,0.000,0.000,-0.723,0.333,-0.097,69.2,56.1,0,3.11,0.101,69.2,196.8,0.269,5.2,9.6,13.3,18.4,24.1,28.5,31.6,34.9,37.8,41.2,69.2,68.8,68.1,67.3,65.7,61.9,53.8,34.5,12.6
2279,46.626,0.000,2390.7,193.7,4.3,3,17519,0.000,0.000,-0.700,0.354,-0.090,68.2,33.8,0,2.81,0.080,68.2,193.7,0.269,5.0,9.5,13.1,18.4,24.4,29.1,32.5,36.2,39.4,68.2,67.8,67.3,66.6,65.8,64.2,60.5,52.4,33.9,12.7
2280,46.646,0.000,2391.7,192.5,4.6,3,17391,0.000,0.227,-0.660,0.373,-0.079,67.1,17.8,0,2.48,0.059,67.1,186.0,0.000,4.9,9.4,13.2,18.8,25.3,30.7,34.6,39.0,67.1,66.6,66.2,65.7,65.0,64.2,62.5,58.8,50.7,33.0,12.7
2281,46.666,0.000,2392.8,191.3,5.5,3,17058,0.000,0.637,-0.606,0.391,-0.066,65.3,17.7,0,2.14,0.036,65.3,176.6,0.000,4.9,9.4,13.4,19.6,27.0,33.5,38.4,65.8,65.3,64.9,64.4,63.9,63.2,62.4,60.7,56.9,48.8,31.8,12.7
2282,46.686,0.000,2393.8,189.7,6.6,3,16514,0.000,0.441,-0.549,0.407,-0.052,63.6,37.9,0,1.80,0.013,63.6,170.2,0.000,4.8,9.5,13.8,20.5,29.3,37.3,64.7,64.0,63.6,63.1,62.6,62.1,61.4,60.5,58.8,54.9,46.8,30.6,12.6
2283,46.706,0.000,2394.9,187.9,7.6,3,16416,0.000,0.483,-0.498,0.422,-0.039,61.9,46.8,0,1.47,-0.002,61.9,166.7,0.000,4.7,9.6,14.1,21.6,31.9,63.7,63.0,62.3,61.9,61.4,60.9,60.4,59.7,58.8,57.0,53.1,45.0,29.6,12.6
2284,46.726,0.000,2395.9,186.1,8.5,3,16087,0.000,0.500,-0.456,0.435,-0.027,60.2,50.0,0,1.40,-0.007,60.2,159.2,0.000,4.7,9.7,14.5,22.8,35.1,62.0,61.3,60.7,60.2,59.7,59.2,58.7,57.9,57.1,55.3,51.4,43.3,28.7,12.5
2285,46.746,0.000,2396.9,184.2,9.4,3,15862,0.000,0.500,-0.410,0.447,-0.015,58.6,55.4,0,1.03,-0.014,58.6,157.5,0.000,4.6,9.8,14.9,24.2,61.7,60.4,59.7,59.0,58.6,58.1,57.6,57.0,56.3,55.4,53.6,49.7,41.8,27.9,12.5
2286,46.766,0.000,2398.0,182.1,9.9,3,15688,0.000,0.500,-0.210,0.458,-0.005,57.0,57.4,0,1.00,0.000,57.0,158.3,0.000,4.6,9.8,15.3,25.6,60.2,58.9,58.2,57.5,57.0,56.5,56.0,55.5,54.7,53.8,52.1,48.2,40.4,27.3,12.4
2287,46.786,0.000,2399.0,179.9,10.2,3,15445,0.000,0.484,-0.083,0.467,0.003,55.6,52.4,0,0.97,0.000,55.8,158.8,0.000,4.5,9.9,15.6,26.9,58.8,57.5,56.7,56.1,55.6,55.1,54.6,54.0,53.3,52.4,50.7,46.8,39.2,26.8,12.4
2288,46.806,0.000,2400.0,177.8,10.5,3,15211,0.000,0.498,-0.047,0.476,0.010,54.2,44.7,0,0.95,0.000,54.8,156.1,0.000,4.5,10.0,15.9,28.1,57.4,56.1,55.4,54.7,54.2,53.7,53.2,52.7,52.0,51.1,49.4,45.6,38.3,26.4,12.4
2289,46.826,0.000,2400.9,175.7,10.2,3,15060,0.000,0.465,-0.025,0.484,0.015,53.1,40.9,0,0.94,0.000,53.9,155.4,0.000,4.4,9.9,16.0,28.8,56.2,54.9,54.2,53.6,53.1,52.6,52.1,51.6,50.8,50.0,48.3,44.6,37.6,26.2,12.4
2290,46.846,0.000,2401.9,173.6,9.5,3,14988,0.000,0.384,-0.017,0.490,0.016,52.1,35.1,0,0.96,0.000,52.9,156.5,0.000,4.4,9.9,15.9,28.9,55.2,53.9,53.2,52.5,52.1,51.6,51.1,50.6,49.9,49.0,47.4,43.8,37.1,26.2,12.4
2291,46.866,0.000,2402.9,171.6,8.4,3,14902,0.000,0.708,-0.019,0.496,0.016,51.2,23.1,0,0.99,0.000,52.0,155.7,0.000,4.3,9.7,15.7,28.4,54.2,53.0,52.3,51.6,51.2,50.7,50.2,49.7,49.0,48.2,46.6,43.2,36.7,26.4,12.5
2292,46.886,0.000,2403.8,169.6,7.4,3,14423,0.000,0.375,-0.024,0.501,0.015,50.3,28.7,0,1.03,0.000,51.1,153.0,0.000,4.3,9.6,15.5,28.0,53.3,52.1,51.4,50.8,50.3,49.9,49.4,48.9,48.2,47.4,45.9,42.6,36.4,26.5,12.6
2293,46.906,0.000,2404.8,167.6,6.3,3,14576,0.000,0.727,-0.034,0.505,0.013,49.5,24.9,0,1.07,0.000,50.1,151.4,0.000,4.3,9.5,15.2,27.3,52.4,51.2,50.6,49.9,49.5,49.1,48.6,48.1,47.5,46.7,45.2,42.0,36.1,26.7,12.6
2294,46.926,0.000,2405.7,165.6,5.1,3,14201,0.000,0.320,-0.047,0.508,0.010,48.7,35.1,0,1.11,0.000,49.2,151.2,0.000,4.2,9.3,14.9,26.6,51.6,50.4,49.8,49.2,48.7,48.3,47.9,47.4,46.8,46.0,44.6,41.5,35.8,27.0,12.7
2295,46.946,0.000,2406.6,163.7,4.0,3,14329,0.000,0.632,-0.061,0.511,0.007,48.0,25.3,0,1.16,0.000,48.3,149.4,0.000,4.2,9.2,14.6,25.8,50.8,49.6,49.0,48.4,48.0,47.5,47.1,46.7,46.1,45.3,43.9,40.9,35.5,27.2,12.7
2296,46.966,0.000,2407.5,161.8,3.2,3,13936,0.000,0.351,-0.070,0.513,0.006,47.2,29.1,0,1.18,0.000,47.4,146.1,0.000,4.2,9.1,14.4,25.7,49.9,48.8,48.1,47.6,47.2,46.8,46.3,45.9,45.3,44.6,43.2,40.3,35.1,27.3,12.8
2297,46.986,0.000,2408.4,159.9,2.5,3,14052,0.000,0.512,-0.057,0.515,0.004,46.3,24.9,0,0.67,0.000,46.5,148.1,0.000,4.1,9.0,14.3,51.1,49.0,47.9,47.3,46.7,46.3,45.9,45.5,45.1,44.5,43.8,42.5,39.7,34.7,27.2,12.8
2298,47.006,0.000,2409.3,158.1,2.0,3,13849,0.000,0.442,-0.060,0.517,0.004,45.5,25.1,0,0.69,0.000,45.7,147.7,0.000,4.1,9.0,14.2,50.1,48.1,47.0,46.4,45.9,45.5,45.1,44.7,44.3,43.7,43.0,41.7,39.0,34.2,27.1,12.8
2299,47.026,0.000,2410.2,156.3,1.6,3,13706,0.000,0.388,-0.060,0.518,0.004,44.6,20.2,0,0.71,0.000,44.8,146.9,0.000,4.1,9.0,14.2,49.2,47.2,46.1,45.5,45.0,44.6,44.2,43.8,43.4,42.9,42.2,40.9,38.3,33.6,26.9,12.8
2300,47.046,0.000,2411.0,154.5,1.4,3,13567,0.000,0.454,-0.054,0.519,0.005,43.7,12.2,0,0.72,0.000,43.9,143.9,0.000,4.1,9.0,14.2,48.2,46.2,45.2,44.6,44.1,43.7,43.3,42.9,42.5,42.0,41.3,40.1,37.5,33.0,26.6,12.8
2301,47.066,0.000,2411.9,152.9,1.3,3,13404,0.000,0.486,-0.045,0.519,0.007,42.8,12.0,0,0.73,0.000,43.1,141.6,0.000,4.1,9.1,14.4,47.2,45.3,44.2,43.6,43.1,42.8,42.4,42.0,41.6,41.1,40.4,39.2,36.7,32.4,26.2,12.8
2302,47.086,0.000,2412.7,151.1,1.3,3,13247,0.000,0.443,-0.034,0.519,0.009,41.8,13.3,0,0.74,0.000,42.2,140.8,0.000,4.1,9.1,14.5,46.2,44.3,43.3,42.7,42.2,41.8,41.4,41.1,40.7,40.2,39.5,38.4,35.9,31.7,25.8,12.8
2303,47.106,0.000,2413.6,149.4,1.3,3,13152,0.000,0.343,-0.024,0.519,0.011,40.9,11.3,0,0.74,0.000,41.4,141.0,0.000,4.1,9.2,14.7,45.3,43.3,42.3,41.7,41.3,40.9,40.5,40.2,39.8,39.3,38.7,37.5,35.1,31.1,25.4,12.7
2304,47.126,0.000,2414.4,147.8,1.3,3,13012,0.000,0.394,-0.014,0.518,0.014,40.0,1.4,0,0.75,0.000,40.5,138.4,0.000,4.1,9.2,14.8,44.3,42.4,41.4,40.8,40.3,40.0,39.6,39.3,38.9,38.4,37.8,36.7,34.4,30.5,25.1,12.7
2305,47.146,0.000,2415.2,146.3,1.4,3,12866,0.000,0.459,-0.004,0.518,0.016,39.1,0.0,0,0.75,0.000,39.7,135.6,0.000,4.2,9.3,15.0,43.3,41.4,40.5,39.9,39.4,39.1,38.7,38.4,38.0,37.5,36.9,35.8,33.6,29.8,24.7,12.7
2306,47.166,0.000,2416.0,144.7,1.3,3,12700,0.000,0.462,0.004,0.517,0.017,38.2,3.1,0,0.76,0.000,38.9,134.0,0.000,4.2,9.4,15.2,42.4,40.5,39.6,39.0,38.6,38.2,37.9,37.5,37.2,36.7,36.1,35.0,32.9,29.2,24.3,12.7
2307,47.186,0.000,2416.8,143.1,1.3,3,12574,0.000,0.409,0.008,0.515,0.018,37.4,5.4,0,0.77,0.000,38.1,133.5,0.000,4.2,9.4,15.4,41.5,39.7,38.7,38.2,37.7,37.4,37.0,36.7,36.4,35.9,35.3,34.3,32.2,28.6,23.9,12.6
2308,47.206,0.000,2417.6,141.5,1.1,3,12457,0.000,0.357,0.010,0.514,0.019,36.6,2.8,0,0.77,0.000,37.3,133.0,0.000,4.2,9.5,15.8,40.6,38.8,37.9,37.4,36.9,36.6,36.2,35.9,35.6,35.1,34.6,33.6,31.5,28.1,23.5,12.6
2309,47.226,0.000,2418.4,140.0,1.0,3,12317,0.000,0.420,0.011,0.513,0.019,35.8,-3.0,0,0.74,0.000,36.5,130.3,0.000,4.2,9.5,17.3,39.8,38.0,37.1,36.6,36.1,35.8,35.5,35.1,34.8,34.4,33.8,32.8,30.9,27.6,23.2,12.6
2310,47.246,0.000,2419.1,138.6,0.8,3,12174,0.000,0.472,0.044,0.511,0.018,35.0,-0.1,0,-0.22,0.000,35.7,127.9,0.000,4.2,9.5,41.7,38.9,37.2,36.3,35.8,35.3,35.0,34.7,34.4,34.1,33.6,33.1,32.1,30.2,27.0,22.8,12.6
2311,47.266,0.000,2419.9,137.1,0.7,3,12018,0.000,0.462,0.040,0.510,0.018,34.3,4.5,0,-0.20,0.000,34.9,126.6,0.000,4.2,9.5,40.9,38.1,36.4,35.5,35.0,34.6,34.3,34.0,33.7,33.4,32.9,32.4,31.5,29.6,26.5,22.5,12.6
2312,47.286,0.000,2420.7,135.5,0.5,3,11905,0.000,0.400,0.031,0.508,0.016,33.6,6.8,0,-0.18,0.000,34.1,126.3,0.000,4.2,9.5,40.1,37.4,35.6,34.8,34.3,33.9,33.6,33.3,33.0,32.7,32.2,31.8,30.9,29.0,26.1,22.2,12.6
2313,47.306,0.000,2421.4,133.9,0.3,3,11779,0.000,0.362,0.022,0.506,0.014,32.9,3.2,0,-0.16,0.000,33.4,125.6,0.000,4.2,9.5,39.3,36.6,34.9,34.1,33.6,33.2,32.9,32.6,32.3,32.0,31.6,31.1,30.2,28.5,25.6,21.8,12.6
2314,47.326,0.000,2422.2,132.5,0.1,2,14768,0.000,0.410,0.012,0.505,0.012,32.2,0.3,0,-0.14,0.000,32.6,123.2,0.000,4.3,9.5,38.5,35.8,34.2,33.3,32.9,32.5,32.2,31.9,31.6,31.3,30.9,30.5,29.6,27.9,25.1,21.5,12.6
2315,47.346,0.000,2422.9,131.3,-0.1,2,14710,0.000,0.457,0.005,0.504,0.011,31.5,3.7,0,-0.12,0.000,31.9,121.1,0.000,4.3,9.5,37.7,35.1,33.5,32.6,32.2,31.8,31.5,31.2,31.0,30.7,30.3,29.8,29.0,27.3,24.6,21.2,12.6
2316,47.366,0.000,2423.6,129.9,-0.2,2,14363,0.000,0.457,-0.001,0.502,0.010,30.8,5.2,0,-0.11,0.000,31.1,119.8,0.000,4.3,9.6,36.9,34.3,32.7,31.9,31.5,31.1,30.8,30.5,30.3,30.0,29.6,29.2,28.4,26.7,24.1,20.8,12.6
2317,47.386,0.000,2424.3,128.4,-0.2,2,14085,0.000,0.411,-0.005,0.501,0.009,30.1,5.8,0,-0.10,0.000,30.4,119.2,0.000,4.3,9.8,36.1,33.6,32.0,31.2,30.8,30.4,30.1,29.9,29.6,29.3,28.9,28.5,27.7,26.1,23.6,20.4,12.6
2318,47.406,0.000,2425.0,126.7,-0.3,2,13914,0.000,0.354,-0.007,0.500,0.008,29.4,3.1,0,-0.10,0.000,29.7,118.7,0.000,4.3,10.3,35.3,32.8,31.2,30.5,30.0,29.7,29.4,29.2,28.9,28.6,28.3,27.9,27.1,25.6,23.1,20.0,12.5
2319,47.426,0.000,2425.7,125.2,-0.3,2,13648,0.000,0.401,-0.008,0.499,0.008,28.7,-5.1,0,-0.11,0.000,29.0,116.3,0.000,4.3,11.2,34.5,32.0,30.5,29.7,29.3,29.0,28.7,28.5,28.2,28.0,27.6,27.2,26.4,25.0,22.6,19.6,12.4
2320,47.446,0.000,2426.4,123.8,-0.3,2,13462,0.000,0.446,0.051,0.497,0.008,28.0,-3.9,0,-1.83,0.000,28.2,114.0,0.000,4.3,37.0,33.7,31.3,29.8,29.0,28.6,28.3,28.0,27.8,27.5,27.3,26.9,26.5,25.8,24.4,22.1,19.2,12.3
2321,47.466,0.000,2427.1,122.3,-0.2,2,13285,0.000,0.445,0.047,0.496,0.007,27.4,0.2,0,-1.82,0.000,27.6,112.6,0.000,4.3,36.2,33.0,30.5,29.1,28.3,27.9,27.6,27.4,27.1,26.9,26.6,26.3,25.9,25.2,23.8,21.6,18.9,12.2
2322,47.486,0.000,2427.8,120.7,-0.3,2,13146,0.000,0.407,0.037,0.495,0.005,26.7,2.6,0,-1.81,0.000,26.9,111.8,0.000,4.3,35.4,32.3,29.9,28.4,27.7,27.3,27.0,26.7,26.5,26.3,26.0,25.7,25.3,24.6,23.3,21.2,18.5,12.1
2323,47.506,0.000,2428.4,119.0,-0.4,2,13055,0.000,0.345,0.025,0.495,0.002,26.1,1.3,0,-1.80,0.000,26.2,111.4,0.000,4.3,34.7,31.5,29.2,27.8,27.1,26.7,26.4,26.1,25.9,25.7,25.4,25.1,24.8,24.1,22.8,20.7,18.2,12.0
2324,47.526,0.000,2429.1,117.6,-0.5,2,12854,0.000,0.348,0.013,0.494,-0.000,25.5,-5.2,0,-1.79,0.000,25.5,110.0,0.000,4.3,34.0,30.9,28.5,27.1,26.4,26.1,25.8,25.5,25.3,25.1,24.9,24.5,24.2,23.5,22.3,20.3,17.8,11.9
2325,47.546,0.000,2429.8,116.3,-0.6,2,12687,0.000,0.397,0.001,0.494,-0.002,24.9,-6.5,0,-1.79,0.000,24.9,107.7,0.000,4.4,33.3,30.2,27.9,26.5,25.8,25.5,25.2,24.9,24.7,24.5,24.3,24.0,23.6,23.0,21.8,19.8,17.4,11.8
2326,47.566,0.000,2430.4,115.1,-0.7,2,12543,0.000,0.528,-0.007,0.493,-0.004,24.3,4.0,0,-1.78,0.000,24.3,104.0,0.000,4.4,32.6,29.5,27.2,25.9,25.2,24.8,24.5,24.3,24.1,23.9,23.7,23.4,23.0,22.4,21.2,19.4,17.1,11.6
2327,47.586,0.000,2431.0,113.9,-0.7,2,12265,0.000,0.293,-0.012,0.493,-0.005,23.7,21.8,0,-1.78,0.000,23.7,101.7,0.000,4.5,31.8,28.7,26.5,25.2,24.6,24.2,23.9,23.7,23.5,23.3,23.1,22.8,22.5,21.9,20.7,18.9,16.7,11.5
2328,47.606,0.000,2431.7,112.7,-0.7,2,12414,0.000,0.297,0.081,0.492,0.014,23.1,26.5,0,-1.79,0.000,23.4,100.3,0.000,4.7,31.1,28.0,25.8,24.5,23.9,23.6,23.3,23.1,22.9,22.7,22.5,22.2,21.9,21.3,20.1,18.4,16.3,11.3
2329,47.626,0.000,2432.4,111.3,-0.5,2,12367,0.000,0.298,0.185,0.489,0.036,22.4,22.6,0,-1.80,0.000,23.3,98.9,0.000,4.9,30.3,27.3,25.1,23.9,23.2,22.9,22.6,22.4,22.2,22.0,21.8,21.6,21.3,20.7,19.6,17.9,15.9,11.1
2330,47.646,0.000,2433.1,110.4,-0.3,2,11781,0.000,0.307,0.281,0.484,0.056,21.8,12.9,0,-1.81,0.000,21.8,97.6,0.000,5.1,29.6,26.6,24.5,23.2,22.6,22.3,22.0,21.8,21.6,21.5,21.3,21.0,20.7,20.2,19.1,17.5,15.5,11.0
2331,47.666,0.000,2433.8,109.9,-0.5,2,10926,0.000,0.346,0.369,0.477,0.074,21.3,10.4,0,-1.82,0.000,21.3,95.7,0.000,5.3,28.9,25.9,23.9,22.6,22.1,21.7,21.5,21.3,21.1,20.9,20.7,20.5,20.2,19.6,18.6,17.1,15.2,10.8
2332,47.686,0.000,2434.4,109.2,-0.8,2,10519,0.000,0.350,0.446,0.468,0.090,20.8,15.6,0,-1.84,0.000,20.8,94.7,0.000,5.6,28.3,25.4,23.3,22.1,21.5,21.2,21.0,20.8,20.6,20.4,20.2,20.0,19.7,19.2,18.2,16.7,14.8,10.6
2333,47.706,0.000,2435.1,107.9,-1.2,2,10547,0.000,0.353,0.514,0.457,0.104,20.3,22.0,0,-1.86,0.000,20.3,93.4,0.000,5.9,27.8,24.8,22.8,21.6,21.1,20.8,20.5,20.3,20.2,20.0,19.8,19.6,19.3,18.8,17.8,16.3,14.6,10.5
2334,47.726,0.000,2435.7,106.3,-1.7,2,10903,0.000,0.366,0.572,0.445,0.115,19.9,28.4,0,-1.89,0.000,19.9,91.3,0.000,6.2,27.3,24.4,22.4,21.2,20.7,20.4,20.1,19.9,19.8,19.6,19.4,19.2,18.9,18.4,17.5,16.0,14.3,10.3
2335,47.746,0.000,2436.4,104.9,-2.2,2,10675,0.000,0.316,0.618,0.432,0.124,19.6,26.0,0,-1.93,0.000,19.6,91.9,0.000,6.5,26.8,23.9,22.0,20.8,20.3,20.0,19.7,19.6,19.4,19.2,19.1,18.8,18.6,18.1,17.1,15.7,14.0,10.2
2336,47.766,0.000,2437.0,103.9,-3.2,2,10145,0.000,0.332,0.645,0.417,0.129,19.3,20.7,0,-1.97,0.000,19.3,90.3,0.000,6.8,26.5,23.6,21.6,20.5,20.0,19.7,19.5,19.3,19.1,18.9,18.8,18.5,18.3,17.8,16.9,15.5,13.8,10.0
2337,47.786,0.000,2437.6,102.6,-4.5,2,9996,0.000,0.301,0.689,0.401,0.131,19.1,21.4,0,-2.01,0.470,19.1,90.3,0.000,7.1,26.2,23.4,21.4,20.3,19.8,19.5,19.2,19.1,18.9,18.7,18.6,18.3,18.1,17.6,16.7,15.3,13.7,9.9
2338,47.806,0.000,2438.2,101.1,-5.6,2,10187,0.000,0.235,0.701,0.384,0.131,18.9,24.1,0,-2.06,0.470,18.9,91.4,0.000,7.4,26.0,23.2,21.2,20.1,19.6,19.3,19.0,18.9,18.7,18.5,18.4,18.1,17.9,17.4,16.5,15.1,13.5,9.8
2339,47.826,0.000,2438.8,99.5,-6.4,2,10425,0.000,0.178,0.712,0.366,0.130,18.7,22.9,0,-2.12,0.470,18.7,92.2,0.000,7.7,25.8,23.0,21.0,19.9,19.4,19.1,18.9,18.7,18.5,18.3,18.2,18.0,17.7,17.2,16.3,15.0,13.4,9.7
2340,47.846,0.000,2439.4,98.1,-6.8,2,10603,0.000,0.169,0.723,0.348,0.130,18.5,19.0,0,-2.18,0.470,18.5,91.1,0.000,8.0,25.6,22.8,20.8,19.7,19.2,18.9,18.7,18.5,18.3,18.2,18.0,17.8,17.5,17.0,16.2,14.8,13.2,9.6
2341,47.866,0.000,2440.0,96.9,-7.5,2,10444,0.000,0.161,0.725,0.330,0.128,18.3,13.4,0,-2.24,0.470,18.3,90.3,0.000,8.3,25.4,22.6,20.7,19.6,19.0,18.7,18.5,18.3,18.2,18.0,17.8,17.6,17.4,16.9,16.0,14.7,13.1,9.4
2342,47.886,0.000,2440.5,95.9,-8.5,2,10354,0.000,0.141,0.714,0.311,0.123,18.2,11.2,0,-2.30,0.470,18.2,90.0,0.000,8.6,25.3,22.5,20.6,19.4,18.9,18.6,18.4,18.2,18.1,17.9,17.7,17.5,17.3,16.8,15.9,14.6,13.0,9.3
2343,47.906,0.000,2441.1,94.8,-9.3,2,10314,0.000,0.121,0.699,0.292,0.117,18.1,9.7,0,-2.36,0.470,18.1,89.8,0.000,8.9,25.2,22.4,20.5,19.4,18.8,18.5,18.3,18.1,18.0,17.8,17.6,17.4,17.2,16.7,15.8,14.5,12.9,9.2
2344,47.926,0.000,2441.6,93.8,-10.1,2,10279,0.000,0.101,0.684,0.273,0.111,18.0,8.2,0,-2.42,0.470,18.0,89.6,0.000,9.1,25.1,22.3,20.4,19.3,18.7,18.5,18.2,18.0,17.9,17.7,17.6,17.3,17.1,16.6,15.7,14.4,12.8,9.1
2345,47.946,0.000,2442.2,92.8,-10.7,2,10239,0.000,0.166,0.673,0.254,0.106,18.0,6.5,0,-2.48,0.470,18.0,89.4,0.000,9.4,25.0,22.2,20.3,19.2,18.7,18.4,18.1,18.0,17.8,17.6,17.5,17.2,17.0,16.5,15.6,14.3,12.7,9.0
2346,47.966,0.000,2442.7,91.8,-11.2,2,10078,0.000,0.065,0.663,0.235,0.101,17.9,7.6,0,-2.55,0.470,17.9,89.1,-0.007,9.7,24.9,22.1,20.2,19.1,18.6,18.3,18.0,17.9,17.7,17.5,17.4,17.1,16.9,16.4,15.5,14.2,12.6,8.9
2347,47.986,0.000,2443.2,90.9,-11.7,2,10029,0.000,0.095,0.651,0.216,0.095,17.8,3.8,0,-2.62,0.470,17.8,88.9,-0.012,10.0,24.8,22.0,20.1,19.0,18.5,18.2,17.9,17.8,17.6,17.4,17.3,17.0,16.8,16.3,15.4,14.1,12.5,8.8
2348,48.006,0.000,2443.7,90.0,-12.5,2,9900,0.000,0.059,0.631,0.197,0.088,17.7,2.6,0,-2.69,0.470,17.7,88.7,-0.015,10.2,24.7,22.0,20.1,18.9,18.4,18.1,17.9,17.7,17.5,17.4,17.2,17.0,16.7,16.2,15.3,14.0,12.4,8.7
2349,48.026,0.000,2444.3,89.1,-13.1,2,9847,0.000,0.022,0.608,0.178,0.080,17.7,0.8,0,-2.75,0.470,17.7,88.6,-0.018,10.4,24.6,21.9,20.0,18.9,18.4,18.1,17.8,17.7,17.5,17.3,17.2,16.9,16.7,16.2,15.3,13.9,12.3,8.6
2350,48.046,0.000,2444.8,88.3,-13.7,2,9825,0.078,0.000,0.583,0.160,0.072,17.6,-1.5,0,-2.80,0.470,17.6,88.5,0.096,10.6,24.6,21.9,20.0,18.9,18.3,18.0,17.8,17.6,17.4,17.3,17.1,16.9,16.6,16.1,15.2,13.8,12.2,8.5
2351,48.066,0.000,2445.3,87.6,-14.3,2,9833,0.132,0.000,0.563,0.141,0.064,17.6,-1.2,0,-2.86,0.470,17.6,88.4,0.146,10.8,24.5,21.9,19.9,18.8,18.3,18.0,17.8,17.6,17.4,17.2,17.1,16.8,16.6,16.1,15.2,13.8,12.1,8.4
2352,48.086,0.000,2445.8,87.0,-14.7,2,9869,0.184,0.000,0.545,0.122,0.057,17.5,0.3,0,-2.91,0.470,17.5,88.3,0.196,11.0,24.4,21.8,19.9,18.8,18.2,18.0,17.7,17.5,17.4,17.2,17.0,16.8,16.5,16.0,15.1,13.7,12.1,8.3
2353,48.106,0.000,2446.2,86.5,-15.1,2,9931,0.237,0.000,0.534,0.104,0.051,17.5,2.5,0,-2.97,0.477,18.5,88.2,0.246,11.2,24.3,21.7,19.9,18.7,18.2,17.9,17.7,17.5,17.3,17.1,17.0,16.7,16.5,16.0,15.0,13.6,12.0,8.2
2354,48.126,0.000,2446.7,86.1,-15.5,2,10017,0.289,0.000,0.529,0.086,0.044,17.4,5.2,0,-3.04,0.492,18.3,88.0,0.296,11.4,24.2,21.7,19.8,18.7,18.1,17.8,17.6,17.4,17.2,17.1,16.9,16.7,16.4,15.9,15.0,13.5,11.9,8.1
2355,48.146,0.000,2447.2,85.7,-15.8,2,10125,0.340,0.000,0.522,0.068,0.038,17.3,8.1,0,-3.11,0.498,18.1,87.8,0.346,11.7,24.1,21.6,19.7,18.6,18.1,17.8,17.5,17.3,17.2,17.0,16.8,16.6,16.3,15.8,14.9,13.5,11.8,8.1
2356,48.166,0.000,2447.7,85.5,-16.2,2,10253,0.391,0.000,0.520,0.051,0.033,17.3,11.2,0,-3.20,0.508,17.9,87.6,0.396,12.0,24.0,21.5,19.6,18.5,18.0,17.7,17.4,17.3,17.1,16.9,16.7,16.5,16.2,15.7,14.8,13.4,11.7,7.9
2357,48.186,0.000,2448.2,85.3,-16.4,2,10401,0.442,0.000,0.519,0.033,0.028,17.1,14.4,0,-3.33,0.511,17.7,87.3,0.446,12.6,23.9,21.4,19.5,18.4,17.9,17.6,17.3,17.1,17.0,16.8,16.6,16.4,16.1,15.6,14.7,13.3,11.6,7.8
2358,48.206,0.000,2448.6,85.2,-16.7,2,10567,0.340,0.000,0.719,0.015,0.025,17.0,17.9,0,-19.47,0.512,17.5,86.9,0.496,58.9,23.7,21.2,19.4,18.3,17.7,17.4,17.2,17.0,16.8,16.7,16.5,16.3,16.0,15.5,14.6,13.1,11.5,7.7
2359,48.226,0.000,2449.1,85.2,-16.8,2,10683,0.134,0.000,0.919,-0.002,0.024,16.9,17.3,0,-19.23,0.470,17.3,86.5,0.258,57.7,23.5,21.0,19.2,18.1,17.6,17.3,17.0,16.9,16.7,16.5,16.3,16.1,15.8,15.4,14.4,13.0,11.3,7.6
2360,48.246,0.000,2449.6,85.0,-16.8,2,10681,0.000,0.000,1.000,-0.020,0.024,16.7,11.5,0,-19.05,0.470,17.1,85.5,0.066,56.5,23.3,20.8,19.0,17.9,17.4,17.1,16.8,16.7,16.5,16.3,16.2,15.9,15.7,15.2,14.2,12.8,11.2,7.5
2361,48.266,0.000,2450.1,84.7,-16.6,2,10577,0.000,0.013,1.000,-0.037,0.025,16.5,5.4,0,-18.96,0.470,17.0,84.4,0.039,55.5,23.0,20.6,18.8,17.7,17.1,16.9,16.6,16.5,16.3,16.1,15.9,15.7,15.4,15.0,14.0,12.6,11.0,7.3
2362,48.286,0.000,2450.5,84.2,-16.2,2,9583,0.000,0.038,1.000,-0.054,0.028,16.2,4.3,0,-18.91,0.470,16.8,83.4,0.021,54.5,22.8,20.3,18.5,17.4,16.9,16.6,16.4,16.2,16.0,15.9,15.7,15.5,15.2,14.7,13.8,12.4,10.8,7.2
2363,48.306,0.000,2451.0,83.5,-15.8,2,9404,0.000,0.054,1.000,-0.071,0.029,16.0,5.2,0,-18.84,0.470,16.6,82.5,0.007,53.5,22.5,20.0,18.3,17.2,16.7,16.4,16.1,16.0,15.8,15.6,15.5,15.3,15.0,14.5,13.6,12.2,10.6,7.1
2364,48.326,0.000,2451.4,82.8,-15.5,2,9263,0.000,0.054,1.000,-0.088,0.030,15.8,6.6,0,-18.75,0.470,16.3,81.8,-0.002,52.5,22.3,19.8,18.0,17.0,16.4,16.2,15.9,15.8,15.6,15.4,15.3,15.0,14.8,14.3,13.4,12.0,10.4,6.9
2365,48.346,0.000,2451.9,82.1,-15.2,2,9158,0.000,0.043,1.000,-0.105,0.031,15.6,7.5,0,-18.63,0.470,16.2,81.2,-0.008,51.5,22.1,19.6,17.8,16.7,16.2,16.0,15.7,15.6,15.4,15.2,15.1,14.8,14.6,14.1,13.2,11.9,10.3,6.8
2366,48.366,0.000,2452.3,81.3,-15.0,2,9082,0.000,0.029,1.000,-0.121,0.032,15.4,7.7,0,-18.49,0.470,16.0,80.7,-0.013,50.5,21.9,19.3,17.6,16.5,16.0,15.8,15.5,15.4,15.2,15.0,14.9,14.6,14.4,13.9,13.0,11.7,10.1,6.7
2367,48.386,0.000,2452.7,80.6,-14.8,2,9023,0.000,0.017,1.000,-0.138,0.033,15.2,7.3,0,-18.32,0.470,15.8,80.2,-0.016,49.4,21.7,19.1,17.4,16.3,15.8,15.6,15.3,15.2,15.0,14.8,14.7,14.5,14.2,13.7,12.9,11.5,10.0,6.6
2368,48.406,0.000,2453.2,79.8,-14.6,2,8974,0.000,0.007,1.000,-0.154,0.033,15.0,6.6,0,-18.15,0.470,15.6,79.7,-0.018,48.4,21.5,18.9,17.2,16.2,15.6,15.4,15.1,15.0,14.8,14.7,14.5,14.3,14.0,13.6,12.7,11.4,9.8,6.5
2369,48.426,0.000,2453.6,79.2,-14.3,2,8931,0.029,0.000,1.000,-0.169,0.033,14.8,5.8,0,-17.99,0.470,15.4,79.2,0.043,47.3,21.4,18.7,17.0,16.0,15.5,15.2,15.0,14.8,14.6,14.5,14.3,14.1,13.8,13.4,12.5,11.2,9.7,6.4
2370,48.446,0.000,2454.0,78.5,-14.0,2,8920,0.031,0.000,1.000,-0.185,0.033,14.6,5.7,0,-17.84,0.470,15.2,78.6,0.041,46.4,21.2,18.5,16.8,15.8,15.3,15.0,14.8,14.6,14.4,14.3,14.1,13.9,13.7,13.2,12.3,11.0,9.5,6.2
2371,48.466,0.000,2454.4,78.0,-13.7,2,8909,0.032,0.000,1.000,-0.200,0.034,14.4,5.5,0,-17.70,0.470,15.0,78.1,0.040,45.4,21.0,18.3,16.6,15.6,15.1,14.8,14.6,14.4,14.3,14.1,13.9,13.7,13.5,13.0,12.2,10.9,9.4,6.1
2372,48.486,0.000,2454.8,77.4,-13.4,2,8894,0.032,0.000,1.000,-0.215,0.034,14.2,5.2,0,-17.56,0.470,14.8,78.0,0.039,44.4,20.9,18.0,16.4,15.4,14.9,14.6,14.4,14.2,14.1,13.9,13.8,13.5,13.3,12.8,12.0,10.7,9.2,6.0
2373,48.506,0.000,2455.2,76.9,-13.2,2,8874,0.033,0.000,1.000,-0.230,0.034,14.0,4.9,0,-17.42,0.470,14.6,78.0,0.038,43.5,20.8,17.8,16.1,15.2,14.7,14.4,14.2,14.0,13.9,13.7,13.6,13.3,13.1,12.7,11.8,10.6,9.1,5.9
2374,48.526,0.000,2455.6,76.4,-13.0,2,8851,0.033,0.000,1.000,-0.245,0.034,13.8,4.7,0,-17.29,0.470,14.4,78.0,0.037,42.6,20.6,17.6,15.9,15.0,14.5,14.2,14.0,13.8,13.7,13.5,13.4,13.2,12.9,12.5,11.6,10.4,8.9,5.8
2375,48.546,0.000,2456.0,75.9,-12.7,2,8824,0.033,0.000,1.000,-0.259,0.034,13.6,4.6,0,-17.17,0.470,14.2,78.0,0.037,41.7,20.5,17.4,15.7,14.7,14.3,14.0,13.8,13.6,13.5,13.3,13.2,13.0,12.7,12.3,11.5,10.2,8.8,5.7
2376,48.566,0.000,2456.4,75.4,-12.5,2,8794,0.033,0.000,1.000,-0.273,0.034,13.4,4.5,0,-17.07,0.470,14.0,78.0,0.036,40.9,20.4,17.2,15.5,14.5,14.1,13.8,13.6,13.4,13.3,13.1,13.0,12.8,12.5,12.1,11.3,10.1,8.6,5.6
2377,48.586,0.000,2456.8,74.9,-12.2,2,8762,0.033,0.000,1.000,-0.287,0.034,13.2,4.4,0,-16.97,0.470,13.8,78.0,0.035,40.0,20.3,17.0,15.3,14.3,13.9,13.6,13.4,13.2,13.1,12.9,12.8,12.6,12.4,11.9,11.1,9.9,8.5,5.5
2378,48.606,0.000,2457.1,74.4,-11.9,2,8727,0.033,0.000,1.000,-0.300,0.033,13.0,4.3,0,-16.87,0.470,13.6,78.0,0.035,39.2,20.2,16.8,15.1,14.1,13.6,13.4,13.2,13.0,12.9,12.7,12.6,12.4,12.2,11.7,10.9,9.7,8.3,5.4
2379,48.626,0.000,2457.5,74.0,-11.6,2,8690,0.033,0.000,1.000,-0.314,0.033,12.8,4.2,0,-16.77,0.470,13.4,78.0,0.035,38.4,20.1,16.6,14.9,13.9,13.4,13.2,13.0,12.8,12.7,12.5,12.4,12.2,12.0,11.6,10.8,9.6,8.2,5.3
2380,48.646,0.000,2457.9,73.5,-11.4,2,8652,0.034,0.000,1.000,-0.327,0.032,12.6,4.0,0,-16.67,0.470,13.2,78.0,0.035,37.6,20.0,16.4,14.6,13.7,13.2,13.0,12.8,12.6,12.5,12.4,12.2,12.0,11.8,11.4,10.6,9.4,8.1,5.2
2381,48.666,0.000,2458.3,73.0,-11.1,2,8613,0.035,0.000,1.000,-0.339,0.032,12.5,3.9,0,-16.56,0.470,13.0,78.0,0.036,36.7,20.0,16.2,14.4,13.5,13.0,12.8,12.6,12.5,12.3,12.2,12.0,11.8,11.6,11.2,10.4,9.3,7.9,5.1
2382,48.686,0.000,2458.6,72.6,-10.8,2,8574,0.036,0.000,1.000,-0.351,0.030,12.3,3.9,0,-16.45,0.470,12.8,78.0,0.037,35.9,20.0,16.1,14.2,13.3,12.8,12.6,12.4,12.3,12.1,12.0,11.8,11.6,11.4,11.0,10.3,9.1,7.8,5.0
2383,48.706,0.000,2459.0,72.1,-10.5,2,8534,0.038,0.000,1.000,-0.363,0.031,12.1,3.8,0,-16.33,0.470,12.6,78.0,0.038,35.1,20.0,15.9,14.0,13.1,12.7,12.4,12.2,12.1,11.9,11.8,11.7,11.5,11.2,10.8,10.1,9.0,7.6,4.9
2384,48.726,0.000,2459.3,71.7,-10.3,2,8494,0.039,0.000,1.000,-0.375,0.032,11.9,3.7,0,-16.21,0.470,12.4,78.0,0.039,34.3,20.1,15.8,13.8,12.9,12.5,12.2,12.0,11.9,11.8,11.6,11.5,11.3,11.1,10.7,9.9,8.8,7.5,4.8
2385,48.746,0.000,2459.7,71.3,-10.0,2,8455,0.039,0.000,1.000,-0.387,0.033,11.7,3.6,0,-16.08,0.470,12.3,78.0,0.040,33.6,20.1,15.7,13.7,12.7,12.3,12.1,11.9,11.7,11.6,11.4,11.3,11.1,10.9,10.5,9.8,8.7,7.4,4.7
2386,48.766,0.000,2460.0,70.8,-9.8,2,8414,0.040,0.000,1.000,-0.398,0.033,11.5,3.5,0,-15.95,0.470,12.1,78.0,0.040,32.8,20.3,15.6,13.5,12.5,12.1,11.9,11.7,11.5,11.4,11.3,11.1,10.9,10.7,10.3,9.6,8.5,7.3,4.7
2387,48.786,0.000,2460.4,70.4,-9.5,2,8374,0.040,0.000,1.000,-0.409,0.033,11.4,3.4,0,-15.80,0.470,11.9,78.0,0.040,32.0,20.4,15.5,13.4,12.4,11.9,11.7,11.5,11.4,11.2,11.1,11.0,10.8,10.6,10.2,9.5,8.4,7.1,4.6
2388,48.806,0.000,2460.7,70.0,-9.3,2,8333,0.040,0.000,1.000,-0.420,0.033,11.2,3.3,0,-15.65,0.470,11.7,78.0,0.040,31.2,20.7,15.5,13.2,12.2,11.8,11.5,11.3,11.2,11.1,10.9,10.8,10.6,10.4,10.0,9.3,8.3,7.0,4.5
2389,48.826,0.000,2461.1,69.6,-9.1,2,8292,0.041,0.000,1.000,-0.431,0.032,11.0,3.2,0,-15.50,0.470,11.5,78.0,0.041,30.4,21.0,15.5,13.1,12.0,11.6,11.4,11.2,11.0,10.9,10.8,10.6,10.5,10.2,9.9,9.2,8.1,6.9,4.4
2390,48.846,0.000,2461.4,69.2,-8.9,2,8251,0.042,0.000,1.000,-0.441,0.031,10.9,3.1,0,-15.36,0.470,11.4,78.0,0.042,29.7,21.4,15.5,13.0,11.9,11.4,11.2,11.0,10.9,10.7,10.6,10.5,10.3,10.1,9.7,9.0,8.0,6.8,4.3
2391,48.866,0.000,2461.7,68.8,-8.7,2,8211,0.043,0.000,1.000,-0.452,0.031,10.7,3.0,0,-15.24,0.470,11.2,78.0,0.043,29.0,21.8,15.5,12.9,11.8,11.3,11.0,10.8,10.7,10.6,10.4,10.3,10.1,9.9,9.6,8.9,7.9,6.7,4.3
2392,48.886,0.000,2462.1,68.4,-8.4,2,8170,0.044,0.000,1.000,-0.461,0.030,10.5,3.0,0,-15.13,0.470,11.0,78.0,0.044,28.3,22.4,15.5,12.8,11.6,11.1,10.9,10.7,10.5,10.4,10.3,10.2,10.0,9.8,9.4,8.7,7.7,6.6,4.2
2393,48.906,0.000,2462.4,68.0,-8.2,2,8131,0.047,0.000,1.000,-0.471,0.030,10.4,2.9,0,-15.03,0.470,10.9,78.0,0.047,27.6,23.2,15.6,12.7,11.5,11.0,10.8,10.5,10.4,10.3,10.1,10.0,9.8,9.6,9.3,8.6,7.6,6.4,4.1
2394,48.926,0.000,2462.7,67.6,-7.9,2,8092,0.048,0.000,1.000,-0.480,0.032,10.3,2.9,0,-16.32,0.468,10.8,78.0,0.048,26.9,46.3,15.7,12.7,11.4,10.9,10.6,10.4,10.3,10.1,10.0,9.8,9.7,9.5,9.1,8.4,7.5,6.3,4.0
2395,48.946,0.000,2463.0,67.3,-7.7,2,8053,0.049,0.000,1.000,-0.490,0.033,10.1,2.8,0,-16.18,0.464,10.8,78.0,0.049,26.2,45.3,15.8,12.7,11.3,10.8,10.5,10.3,10.1,10.0,9.8,9.7,9.5,9.3,9.0,8.3,7.3,6.2,4.0
2396,48.966,0.000,2463.3,66.9,-7.4,2,8015,0.049,0.000,1.000,-0.499,0.035,10.0,2.7,0,-16.02,0.458,10.7,78.0,0.049,25.6,44.4,16.1,12.7,11.3,10.7,10.4,10.2,10.0,9.9,9.7,9.6,9.4,9.2,8.8,8.2,7.2,6.1,3.9
2397,48.986,0.000,2463.6,66.5,-7.2,2,7977,0.050,0.000,1.000,-0.508,0.036,9.9,2.6,0,-15.85,0.451,10.7,78.0,0.050,24.9,43.5,16.4,12.7,11.2,10.6,10.3,10.1,9.9,9.8,9.6,9.5,9.3,9.1,8.7,8.0,7.1,6.0,3.8
2398,49.006,0.000,2463.9,66.2,-7.0,2,7940,0.050,0.000,1.000,-0.517,0.036,9.9,2.5,0,-15.64,0.444,10.6,78.0,0.050,24.3,42.6,16.8,12.8,11.2,10.6,10.3,10.0,9.9,9.7,9.5,9.4,9.2,9.0,8.6,7.9,7.0,5.9,3.7
2399,49.026,0.000,2464.2,65.8,-6.8,2,7902,0.050,0.000,1.000,-0.525,0.036,9.8,2.3,0,-15.42,0.435,10.6,78.0,0.050,23.6,41.6,17.3,12.9,11.3,10.6,10.3,10.0,9.8,9.6,9.5,9.3,9.1,8.9,8.5,7.8,6.8,5.8,3.7
2400,49.046,0.000,2464.5,65.5,-6.6,2,7864,0.051,0.000,1.000,-0.534,0.036,9.8,2.2,0,-15.17,0.426,10.6,78.0,0.051,23.0,40.7,17.9,13.1,11.3,10.6,10.2,10.0,9.8,9.6,9.4,9.3,9.0,8.8,8.4,7.7,6.7,5.7,3.6
2401,49.066,0.000,2464.8,65.1,-6.4,2,7827,0.052,0.000,1.000,-0.542,0.036,9.8,2.1,0,-14.89,0.417,10.7,78.0,0.052,22.4,39.8,18.7,13.3,11.4,10.6,10.3,10.0,9.8,9.6,9.4,9.2,9.0,8.7,8.3,7.6,6.6,5.6,3.6
2402,49.086,0.000,2465.1,64.8,-6.1,2,7790,0.054,0.000,1.000,-0.550,0.036,9.8,2.0,0,-14.59,0.408,10.7,78.0,0.054,21.9,38.9,19.8,13.6,11.5,10.7,10.3,10.0,9.8,9.6,9.4,9.2,9.0,8.7,8.2,7.5,6.5,5.5,3.5
2403,49.106,0.000,2465.4,64.5,-5.9,2,7754,0.056,0.000,1.000,-0.558,0.035,9.8,1.9,0,-13.67,0.398,10.8,78.0,0.056,21.3,38.0,42.2,14.0,11.7,10.8,10.4,10.0,9.8,9.6,9.4,9.2,8.9,8.7,8.2,7.4,6.4,5.4,3.4
2404,49.126,0.000,2465.7,64.2,-5.6,2,7718,0.060,0.000,1.000,-0.565,0.035,9.9,1.8,0,-13.44,0.389,10.9,78.0,0.060,20.8,37.2,41.2,14.5,11.9,11.0,10.5,10.1,9.9,9.7,9.4,9.2,9.0,8.7,8.2,7.3,6.3,5.3,3.4
2405,49.146,0.000,2466.0,63.9,-5.4,2,7684,0.064,0.000,1.000,-0.572,0.036,10.0,1.7,0,-13.18,0.379,11.2,78.0,0.064,20.3,36.3,40.3,15.1,12.2,11.2,10.7,10.3,10.0,9.8,9.5,9.3,9.0,8.7,8.2,7.3,6.2,5.2,3.3
2406,49.166,0.000,2466.3,63.5,-5.1,2,7652,0.066,0.000,1.000,-0.580,0.039,10.2,1.7,0,-12.88,0.369,11.6,78.0,0.066,19.8,35.4,39.4,15.9,12.6,11.4,10.9,10.5,10.2,9.9,9.7,9.4,9.1,8.8,8.2,7.3,6.2,5.1,3.2
2407,49.186,0.000,2466.5,63.3,-4.9,2,7620,0.067,0.000,1.000,-0.587,0.042,10.4,1.6,0,-12.53,0.360,12.2,78.0,0.067,19.3,34.6,38.5,16.9,13.1,11.8,11.2,10.7,10.4,10.1,9.8,9.6,9.2,8.9,8.3,7.3,6.1,5.0,3.2
2408,49.206,0.000,2466.8,63.0,-4.6,2,7588,0.067,0.000,1.000,-0.594,0.045,10.7,1.5,0,-11.01,0.350,12.8,78.0,0.067,18.9,33.8,37.6,40.3,13.7,12.2,11.6,11.0,10.7,10.4,10.0,9.8,9.4,9.0,8.3,7.3,6.1,5.0,3.1
2409,49.226,0.000,2467.1,62.7,-4.4,2,7557,0.066,0.000,1.000,-0.601,0.048,11.0,1.3,0,-10.73,0.341,13.7,78.0,0.066,18.4,32.9,36.7,39.4,14.6,12.8,12.0,11.4,11.0,10.7,10.3,10.0,9.6,9.2,8.5,7.3,6.1,4.9,3.1
2410,49.246,0.000,2467.3,62.4,-4.1,2,7525,0.065,0.000,1.000,-0.607,0.051,11.5,1.2,0,-10.40,0.332,14.8,78.0,0.065,18.0,32.1,35.9,38.5,15.6,13.5,12.6,11.9,11.5,11.1,10.7,10.3,9.9,9.4,8.6,7.4,6.0,4.9,3.0
2411,49.266,0.000,2467.6,62.2,-3.8,2,7493,0.115,0.000,0.973,-0.614,0.055,12.1,1.0,0,-8.93,0.065,12.1,78.0,0.115,17.7,31.4,35.0,37.6,39.2,14.4,13.4,12.6,12.1,11.6,11.2,10.8,10.2,9.7,8.8,7.5,6.1,4.8,3.0
2412,49.286,0.000,2467.8,61.9,-3.5,2,7477,0.107,0.000,0.981,-0.621,0.058,12.8,1.6,0,-8.63,0.063,12.8,78.0,0.107,17.3,30.6,34.2,36.8,38.3,15.6,14.3,13.4,12.8,12.2,11.7,11.3,10.7,10.1,9.1,7.7,6.1,4.8,2.9
2413,49.306,0.000,2468.1,61.7,-3.2,2,7459,0.157,0.000,0.958,-0.627,0.061,13.7,1.5,0,-7.43,0.061,13.7,78.0,0.157,17.0,29.9,33.4,35.9,37.5,38.2,15.6,14.4,13.7,13.1,12.5,11.9,11.2,10.5,9.5,7.9,6.2,4.8,2.8
2414,49.326,0.000,2468.4,61.6,-3.0,2,7456,0.207,0.000,0.921,-0.634,0.065,14.9,2.0,0,-5.82,0.060,14.9,78.0,0.207,16.7,29.1,32.6,35.1,36.6,37.4,37.8,38.1,14.9,14.1,13.4,12.7,11.9,11.1,9.9,8.1,6.3,4.8,2.8
2415,49.346,0.000,2468.6,61.7,-3.0,2,7469,0.217,0.000,0.933,-0.640,0.071,37.6,2.8,0,-5.15,0.059,37.6,128.9,0.217,16.4,28.5,31.9,34.3,35.8,36.6,37.0,37.3,37.6,15.2,14.3,13.5,12.6,11.7,10.3,8.3,6.3,4.8,2.7
2416,49.366,0.000,2468.9,61.8,-2.8,2,7484,0.119,0.000,0.970,-0.648,0.083,37.2,3.2,0,-4.63,0.047,37.2,124.3,0.119,16.3,28.0,31.3,33.8,35.2,36.0,36.4,36.7,37.0,37.2,14.9,14.0,13.0,12.0,10.5,8.4,6.3,4.7,2.7
2417,49.386,0.000,2469.1,62.0,-2.5,2,7469,0.031,0.000,1.000,-0.655,0.100,37.0,1.7,0,-4.19,0.038,37.0,120.4,0.031,16.3,27.7,30.9,33.3,34.8,35.5,35.9,36.3,36.5,36.8,37.0,14.0,13.0,11.9,10.4,8.3,6.2,4.7,2.6
2418,49.406,0.000,2469.4,62.0,-2.0,2,7427,0.011,0.000,1.000,-0.664,0.122,36.7,0.8,0,-4.23,0.030,36.7,117.3,0.011,16.4,27.5,30.7,33.0,34.5,35.2,35.6,35.9,36.2,36.4,36.7,13.7,12.6,11.6,10.1,8.1,6.0,4.5,2.5
2419,49.426,0.000,2469.7,61.9,-1.3,2,7383,0.000,0.000,1.000,-0.673,0.132,36.1,1.4,0,-4.76,0.024,36.1,117.2,0.000,16.5,27.3,30.5,32.8,34.2,34.9,35.3,35.6,35.9,36.1,14.3,13.2,12.2,11.2,9.8,7.8,5.9,4.4,2.5
2420,49.446,0.000,2470.0,61.7,-0.4,2,7083,0.000,0.000,1.000,-0.681,0.130,36.0,1.4,0,-4.32,0.019,36.0,120.3,0.000,16.6,27.0,30.1,32.4,33.8,34.5,34.9,35.2,35.5,35.7,36.0,13.0,12.0,11.1,9.6,7.7,5.7,4.3,2.4
2421,49.466,0.000,2470.4,61.4,0.3,2,7053,0.000,0.000,1.000,-0.688,0.124,35.4,0.7,0,-4.31,0.015,35.4,123.0,0.000,16.5,26.7,29.7,31.9,33.3,34.0,34.4,34.7,35.0,35.2,35.4,13.6,12.2,11.2,9.7,7.7,5.7,4.3,2.4
2422,49.486,0.000,2470.7,61.1,0.9,2,7020,0.000,0.000,1.000,-0.694,0.112,34.8,-0.5,0,-3.84,0.012,34.8,125.1,0.000,16.3,26.2,29.1,31.3,32.7,33.4,33.8,34.1,34.3,34.6,34.8,35.0,13.3,11.8,10.1,7.9,5.8,4.3,2.3
2423,49.506,0.000,2471.0,60.8,1.1,2,6985,0.050,0.000,0.984,-0.699,0.096,34.0,-1.6,0,-2.93,0.010,34.0,122.3,0.050,16.0,25.5,28.4,30.6,31.9,32.6,33.0,33.3,33.5,33.8,34.0,34.2,34.6,34.9,10.9,8.3,6.0,4.4,2.3
2424,49.526,0.000,2471.4,60.6,0.3,2,6990,0.100,0.000,0.851,-0.703,0.072,33.0,-2.0,0,-2.39,0.008,33.0,115.6,0.100,15.6,24.8,27.6,29.7,31.0,31.7,32.0,32.3,32.6,32.8,33.0,33.2,33.6,33.9,34.6,9.2,6.4,4.5,2.4
2425,49.546,0.000,2471.7,60.5,-1.1,2,7013,0.150,0.000,0.711,-0.707,0.042,31.9,-0.4,0,-2.34,0.006,31.9,107.5,0.150,15.1,23.9,26.6,28.7,30.0,30.6,31.0,31.3,31.5,31.7,31.9,32.1,32.5,32.8,33.5,10.7,7.1,4.8,2.4
2426,49.566,0.000,2472.1,60.5,-2.8,2,7064,0.200,0.000,0.532,-0.711,0.010,30.8,2.9,0,-1.61,0.005,30.8,103.2,0.200,14.7,23.0,25.6,27.6,28.9,29.5,29.8,30.1,30.4,30.6,30.8,31.0,31.3,31.7,32.3,33.7,8.0,5.2,2.4
2427,49.586,0.000,2472.4,60.5,-4.2,2,7138,0.250,0.000,0.385,-0.714,-0.023,29.7,4.3,0,-1.57,0.004,30.2,102.3,0.250,14.2,22.1,24.7,26.6,27.8,28.4,28.7,29.0,29.2,29.4,29.7,29.9,30.2,30.5,31.1,32.5,9.3,5.7,2.5
2428,49.606,0.000,2472.7,60.6,-5.0,2,7215,0.300,0.000,0.268,-0.716,-0.052,28.6,4.0,0,-1.52,0.005,28.6,99.9,0.300,13.9,21.4,23.8,25.7,26.8,27.4,27.8,28.0,28.2,28.4,28.6,28.8,29.1,29.5,30.1,31.4,11.1,6.2,2.5
2429,49.626,0.000,2473.1,60.7,-5.3,2,7295,0.350,0.000,0.068,-0.717,-0.077,27.8,3.8,0,-0.46,0.000,27.8,101.2,0.350,13.6,20.7,23.1,24.9,26.0,26.6,26.9,27.2,27.4,27.6,27.8,28.0,28.2,28.6,29.2,30.4,32.6,6.7,2.6
2430,49.646,0.000,2473.4,60.9,-5.4,2,7384,0.400,0.000,-0.132,-0.717,-0.096,27.0,3.8,0,-0.46,0.000,27.0,104.4,0.400,13.4,20.2,22.5,24.2,25.3,25.9,26.2,26.4,26.6,26.8,27.0,27.2,27.5,27.8,28.4,29.6,31.8,7.3,2.7
2431,49.666,0.000,2473.7,61.2,-5.5,2,7484,0.450,0.000,-0.332,-0.716,-0.109,26.4,4.1,0,-0.46,0.000,26.4,107.7,0.450,13.2,19.8,22.0,23.7,24.8,25.3,25.6,25.9,26.0,26.2,26.4,26.6,26.9,27.2,27.8,29.0,31.1,7.7,2.7
2432,49.686,0.000,2474.1,61.7,-5.4,2,7589,0.500,0.000,-0.431,-0.715,-0.112,26.0,3.4,0,-0.47,0.000,26.0,110.0,0.500,13.2,19.5,21.7,23.3,24.4,24.9,25.2,25.5,25.6,25.8,26.0,26.2,26.5,26.8,27.4,28.5,30.6,7.9,2.7
2433,49.706,0.000,2474.4,62.0,-5.3,2,7713,0.550,0.000,-0.409,-0.714,-0.107,25.8,7.8,0,-0.49,0.000,25.8,109.0,0.550,13.2,19.4,21.5,23.2,24.2,24.7,25.0,25.3,25.4,25.6,25.8,26.0,26.2,26.6,27.1,28.3,30.4,7.7,2.7
2434,49.726,0.000,2474.8,62.2,-4.9,2,7907,0.559,0.000,-0.368,-0.713,-0.098,25.7,18.4,0,-0.52,0.000,25.7,106.1,0.600,13.3,19.4,21.4,23.0,24.1,24.6,24.9,25.1,25.3,25.5,25.7,25.9,26.1,26.4,27.0,28.1,30.2,7.5,2.7
2435,49.746,0.000,2475.1,62.6,-4.4,2,8160,0.065,0.000,-0.322,-0.711,-0.089,25.5,26.5,0,-0.55,0.000,25.5,103.4,0.650,13.4,19.3,21.4,22.9,24.0,24.5,24.8,25.0,25.2,25.4,25.5,25.7,26.0,26.3,26.8,28.0,30.0,7.2,2.7
2436,49.766,0.000,2475.5,63.1,-3.8,2,8247,0.232,0.000,-0.280,-0.710,-0.080,25.4,16.4,0,-0.57,0.000,25.4,101.6,0.700,13.4,19.2,21.3,22.8,23.8,24.3,24.6,24.9,25.0,25.2,25.4,25.6,25.8,26.1,26.7,27.8,29.9,7.0,2.7
2437,49.786,0.000,2475.8,63.6,-3.2,2,8312,0.376,0.000,-0.242,-0.709,-0.072,25.2,10.8,0,-0.60,0.000,25.2,100.4,0.750,13.5,19.1,21.1,22.7,23.7,24.2,24.4,24.7,24.9,25.0,25.2,25.4,25.7,25.9,26.5,27.7,29.7,6.8,2.7
2438,49.806,0.000,2476.2,64.1,-2.7,2,8386,0.501,0.000,-0.209,-0.708,-0.064,25.0,9.2,0,-0.62,0.000,25.0,100.2,0.800,13.5,19.0,21.0,22.5,23.5,24.0,24.3,24.5,24.7,24.8,25.0,25.2,25.5,25.7,26.3,27.4,29.4,6.6,2.7
2439,49.826,0.000,2476.5,65.0,-2.2,2,8453,0.610,0.000,-0.175,-0.706,-0.057,24.8,3.1,0,-0.64,0.000,24.8,102.2,0.850,13.5,18.9,20.8,22.3,23.3,23.8,24.1,24.3,24.5,24.6,24.8,25.0,25.2,25.5,26.1,27.2,29.2,6.5,2.6
2440,49.846,0.000,2476.9,65.8,-1.7,2,8525,0.708,0.000,-0.141,-0.705,-0.050,24.6,2.6,0,-0.65,0.000,25.6,104.2,0.900,13.5,18.8,20.7,22.1,23.1,23.6,23.9,24.1,24.3,24.4,24.6,24.8,25.0,25.3,25.9,27.0,29.0,6.4,2.6
2441,49.866,0.000,2477.3,66.6,-1.3,2,8632,0.797,0.000,-0.111,-0.703,-0.044,24.4,5.0,0,-0.67,0.000,25.2,105.4,0.950,13.5,18.6,20.5,21.9,22.9,23.4,23.6,23.9,24.0,24.2,24.4,24.5,24.8,25.1,25.6,26.7,28.7,6.3,2.6
2442,49.886,0.000,2477.6,67.5,-1.0,2,8782,0.877,0.000,-0.086,-0.702,-0.038,24.1,9.4,0,-0.68,0.000,24.9,105.5,1.000,13.4,18.4,20.2,21.7,22.6,23.1,23.4,23.6,23.8,23.9,24.1,24.3,24.5,24.8,25.3,26.4,28.4,6.3,2.6
2443,49.906,0.000,2478.0,68.1,-0.7,2,9021,0.902,0.000,-0.068,-0.700,-0.034,23.8,22.0,0,-0.69,0.000,24.5,103.4,1.000,13.4,18.2,20.0,21.4,22.3,22.8,23.1,23.3,23.5,23.6,23.8,24.0,24.2,24.5,25.0,26.1,28.1,6.4,2.6
2444,49.926,0.000,2478.4,68.7,-0.6,2,9356,0.922,0.000,-0.054,-0.699,-0.031,23.5,32.0,0,-0.68,0.000,24.1,103.1,1.000,13.3,18.0,19.7,21.1,22.0,22.5,22.8,23.0,23.2,23.3,23.5,23.6,23.9,24.2,24.7,25.8,27.7,7.1,2.6
2445,49.946,0.000,2478.8,69.5,-0.4,2,9769,0.937,0.000,-0.106,-0.697,-0.029,23.1,44.1,0,1.12,0.000,23.7,102.8,1.000,13.2,17.8,19.5,20.8,21.7,22.2,22.4,22.7,22.8,23.0,23.1,23.3,23.5,23.8,24.3,25.4,27.3,30.3,2.6
2446,49.966,0.000,2479.2,70.4,-0.5,2,10237,0.950,0.000,-0.093,-0.696,-0.026,22.8,55.3,0,1.11,0.000,23.3,102.3,1.000,13.1,17.5,19.2,20.5,21.4,21.9,22.1,22.3,22.5,22.6,22.8,23.0,23.2,23.5,24.0,25.0,26.9,29.9,2.7
2447,49.986,0.000,2479.6,71.3,-0.4,2,10747,0.960,0.000,-0.075,-0.694,-0.023,22.5,65.9,0,1.11,0.000,22.9,101.5,1.000,13.0,17.3,18.9,20.2,21.1,21.5,21.8,22.0,22.2,22.3,22.5,22.6,22.9,23.1,23.6,24.7,26.6,29.5,2.7
2448,50.006,0.000,2480.0,72.2,-0.3,2,11294,0.968,0.000,-0.058,-0.693,-0.019,22.1,76.0,0,1.10,0.000,22.5,100.6,1.000,12.9,17.1,18.7,19.9,20.8,21.2,21.5,21.7,21.8,22.0,22.1,22.3,22.5,22.8,23.3,24.3,26.2,29.1,2.7
2449,50.026,0.000,2480.4,73.1,-0.1,2,11919,0.974,0.000,-0.042,-0.692,-0.015,21.8,85.9,0,1.09,0.000,22.1,99.4,1.000,12.8,16.8,18.4,19.6,20.5,20.9,21.1,21.3,21.5,21.6,21.8,22.0,22.2,22.4,22.9,23.9,25.8,28.7,2.7
2450,50.046,0.000,2480.8,74.1,0.1,2,12634,0.979,0.000,-0.027,-0.691,-0.012,21.4,95.8,0,1.09,0.000,21.7,98.1,1.000,12.6,16.6,18.1,19.3,20.1,20.5,20.8,21.0,21.1,21.3,21.4,21.6,21.8,22.1,22.5,23.6,25.4,28.3,2.7
2451,50.066,0.000,2481.2,75.2,0.2,2,13456,0.984,0.000,-0.015,-0.690,-0.010,21.1,103.4,0,1.08,0.000,21.2,97.4,1.000,12.5,16.3,17.8,19.0,19.8,20.2,20.4,20.6,20.8,20.9,21.1,21.2,21.4,21.7,22.2,23.2,25.0,27.8,2.7
2452,50.086,0.000,2481.6,76.3,0.3,2,14318,0.987,0.000,-0.007,-0.690,-0.008,20.7,108.2,0,1.08,0.000,20.8,96.7,1.000,12.4,16.0,17.4,18.6,19.4,19.8,20.0,20.2,20.4,20.5,20.7,20.8,21.0,21.3,21.7,22.7,24.5,27.3,2.7
2453,50.106,0.000,2482.0,77.5,0.3,2,15188,0.989,0.000,-0.002,-0.689,-0.007,20.3,116.4,0,1.07,0.000,20.4,95.0,1.000,12.2,15.7,17.1,18.3,19.0,19.4,19.6,19.8,20.0,20.1,20.3,20.4,20.6,20.8,21.3,22.3,24.0,26.8,2.7
2454,50.126,0.000,2482.5,78.6,0.3,2,16186,0.992,0.000,0.001,-0.688,-0.006,19.8,128.1,0,1.07,0.000,19.9,93.0,1.000,12.0,15.4,16.7,17.9,18.6,19.0,19.2,19.4,19.5,19.7,19.8,20.0,20.2,20.4,20.9,21.8,23.5,26.3,2.9
2455,50.146,0.000,2482.9,79.6,0.3,2,17757,0.993,0.000,0.003,-0.687,-0.006,19.4,142.8,0,1.07,0.000,19.5,91.0,1.000,11.8,15.1,16.4,17.5,18.2,18.6,18.8,19.0,19.1,19.3,19.4,19.5,19.7,20.0,20.4,21.3,23.0,25.8,3.1
2456,50.166,0.000,2483.5,80.6,0.3,2,19438,0.000,0.000,-0.170,-0.685,-0.042,18.9,158.7,0,1.08,0.000,19.6,89.2,1.000,11.7,14.7,16.0,17.1,17.8,18.2,18.4,18.5,18.7,18.8,18.9,19.1,19.3,19.5,19.9,20.9,22.5,25.2,3.3
2457,50.186,0.000,2484.1,81.5,0.3,2,17217,0.000,0.000,-0.370,-0.680,-0.085,18.5,127.0,0,1.09,0.000,18.5,87.9,1.000,11.5,14.4,15.7,16.7,17.4,17.7,17.9,18.1,18.2,18.4,18.5,18.6,18.8,19.0,19.5,20.4,22.0,24.7,3.7
2458,50.206,0.000,2484.8,82.4,0.3,2,16260,0.000,0.000,-0.570,-0.672,-0.128,18.1,96.2,0,1.12,0.000,18.1,86.8,1.000,11.3,14.1,15.3,16.3,17.0,17.3,17.5,17.7,17.8,17.9,18.1,18.2,18.4,18.6,19.0,19.9,21.5,24.1,4.2
2459,50.226,0.000,2485.4,82.7,0.4,2,15828,0.000,0.000,-0.770,-0.660,-0.170,17.6,81.0,0,1.17,0.000,17.6,85.2,0.788,11.0,13.8,14.9,15.9,16.5,16.9,17.1,17.2,17.4,17.5,17.6,17.7,17.9,18.1,18.5,19.4,21.0,23.6,4.9
2460,50.246,0.000,2486.0,82.8,0.4,2,15466,0.000,0.000,-0.970,-0.645,-0.212,17.2,72.5,0,1.28,0.000,17.2,84.4,0.538,10.8,13.4,14.5,15.5,16.1,16.4,16.6,16.8,16.9,17.0,17.2,17.3,17.5,17.7,18.1,18.9,20.5,23.0,6.1
2461,50.266,0.000,2486.6,82.7,0.2,2,15118,0.000,0.000,-1.000,-0.627,-0.249,16.7,63.3,0,10.25,-0.107,16.7,83.7,0.500,10.6,13.1,14.2,15.1,15.7,16.0,16.2,16.4,16.5,16.6,16.7,16.8,17.0,17.2,17.6,18.4,20.0,22.5,36.5
2462,50.286,0.000,2487.2,82.5,-0.0,2,14783,0.000,0.000,-1.000,-0.607,-0.275,16.3,53.7,0,10.40,-0.180,16.3,83.0,0.374,10.4,12.8,13.8,14.7,15.3,15.7,15.8,16.0,16.1,16.2,16.3,16.5,16.6,16.8,17.2,18.0,19.5,22.0,36.1
2463,50.306,0.000,2487.7,82.3,0.1,2,14455,0.000,0.000,-1.000,-0.586,-0.295,16.1,44.6,0,10.62,-0.238,16.1,82.5,0.285,10.2,12.6,13.6,14.5,15.1,15.4,15.6,15.7,15.8,15.9,16.1,16.2,16.3,16.5,16.9,17.7,19.2,21.7,35.9
2464,50.326,0.000,2488.3,81.7,0.5,2,14110,0.000,0.000,-1.000,-0.563,-0.302,15.9,34.8,0,10.96,-0.284,15.9,82.7,0.225,10.1,12.4,13.4,14.3,14.9,15.2,15.4,15.6,15.7,15.8,15.9,16.0,16.2,16.4,16.8,17.6,19.1,21.7,36.3
2465,50.346,0.000,2488.8,81.2,1.9,2,13753,0.000,0.000,-1.000,-0.540,-0.294,16.0,25.0,0,11.51,-0.321,16.0,82.8,0.183,10.0,12.3,13.4,14.3,15.0,15.3,15.5,15.6,15.8,15.9,16.0,16.1,16.3,16.5,16.9,17.8,19.3,22.0,37.7
2466,50.366,0.000,2489.3,81.3,3.6,2,13288,0.000,0.000,-1.000,-0.516,-0.275,16.2,-1.2,0,12.29,-0.351,16.2,83.0,0.154,9.9,12.4,13.5,14.5,15.1,15.5,15.7,15.9,16.0,16.1,16.2,16.4,16.6,16.8,17.2,18.1,19.8,22.6,39.9
2467,50.386,0.000,2489.8,80.8,4.6,2,12758,0.000,0.000,-1.000,-0.492,-0.254,16.5,-9.1,0,13.22,-0.375,16.5,82.3,0.134,9.8,12.5,13.7,14.7,15.4,15.7,15.9,16.1,16.3,16.4,16.5,16.7,16.9,17.1,17.5,18.5,20.3,23.2,42.7
2468,50.406,0.000,2490.3,80.1,4.5,2,12283,0.000,0.000,-1.000,-0.470,-0.239,16.7,-6.1,0,14.13,-0.394,16.7,82.7,0.126,9.7,12.5,13.7,14.8,15.5,15.9,16.1,16.3,16.4,16.6,16.7,16.8,17.0,17.3,17.8,18.8,20.6,23.7,45.3
2469,50.426,0.000,2490.8,79.5,3.9,2,11869,0.000,0.000,-1.000,-0.449,-0.233,16.7,-3.7,0,14.95,-0.409,16.7,82.8,0.125,9.6,12.4,13.7,14.8,15.5,15.9,16.1,16.3,16.4,16.6,16.7,16.9,17.1,17.3,17.8,18.8,20.8,24.0,47.3
2470,50.446,0.000,2491.3,79.1,3.3,2,11501,0.000,0.000,-1.000,-0.428,-0.234,16.7,-2.7,0,15.66,-0.421,16.7,82.6,0.127,9.5,12.3,13.6,14.7,15.4,15.8,16.0,16.2,16.4,16.5,16.7,16.8,17.0,17.3,17.8,18.8,20.8,24.0,48.8
2471,50.466,0.000,2491.8,78.7,3.0,2,11170,0.000,0.000,-1.000,-0.408,-0.240,16.5,-2.5,0,16.31,-0.431,16.5,82.2,0.129,9.4,12.1,13.4,14.5,15.2,15.6,15.9,16.1,16.2,16.4,16.5,16.7,16.9,17.1,17.6,18.7,20.7,24.0,50.0
2472,50.486,0.000,2492.3,78.4,2.9,2,10871,0.000,0.000,-1.000,-0.388,-0.246,16.4,-2.8,0,16.97,-0.439,16.4,81.8,0.127,9.2,12.0,13.2,14.3,15.1,15.5,15.7,15.9,16.1,16.2,16.4,16.5,16.7,17.0,17.5,18.5,20.5,23.9,51.2
2473,50.506,0.000,2492.8,78.0,3.0,2,10599,0.000,0.000,-1.000,-0.368,-0.250,16.2,-3.4,0,17.74,-0.445,16.2,81.4,0.123,9.1,11.8,13.1,14.2,14.9,15.4,15.6,15.8,15.9,16.1,16.2,16.4,16.6,16.9,17.4,18.4,20.5,23.9,52.8
2474,50.526,0.000,2493.2,77.7,3.4,2,10352,0.009,0.000,-1.000,-0.347,-0.251,16.2,-4.4,0,18.71,-0.450,16.2,81.2,0.117,9.0,11.7,13.0,14.1,14.9,15.3,15.5,15.7,15.9,16.0,16.2,16.3,16.5,16.8,17.3,18.4,20.5,23.9,55.0
2475,50.546,0.000,2493.7,77.3,3.9,2,10128,0.024,0.000,-1.000,-0.326,-0.246,16.1,-4.8,0,19.92,-0.454,16.1,81.2,0.110,8.9,11.6,12.9,14.0,14.8,15.2,15.5,15.7,15.8,16.0,16.1,16.3,16.5,16.8,17.3,18.4,20.5,24.1,58.2
2476,50.566,0.000,2494.1,76.9,4.3,2,9937,0.035,0.000,-1.000,-0.305,-0.240,16.1,-3.7,0,21.34,-0.457,16.1,81.2,0.104,8.7,11.5,12.9,14.0,14.8,15.2,15.5,15.7,15.8,16.0,16.1,16.3,16.5,16.8,17.3,18.5,20.7,24.3,62.2
2477,50.586,0.000,2494.6,76.5,4.5,2,9775,0.044,0.000,-1.000,-0.284,-0.234,16.2,-2.7,0,22.86,-0.460,16.2,81.2,0.099,8.6,11.5,12.8,14.0,14.8,15.2,15.5,15.7,15.8,16.0,16.2,16.3,16.6,16.8,17.4,18.6,20.8,24.6,66.8
2478,50.606,0.000,2495.0,76.1,4.6,2,9635,0.052,0.000,-1.000,-0.264,-0.228,16.2,-1.9,0,24.28,-0.462,16.2,81.3,0.096,8.5,11.4,12.8,13.9,14.8,15.2,15.5,15.7,15.8,16.0,16.2,16.3,16.6,16.9,17.4,18.6,20.9,24.8,71.4
2479,50.626,0.000,2495.4,75.7,4.7,2,9513,0.059,0.000,-1.000,-0.244,-0.222,16.2,-1.3,0,25.59,-0.463,16.2,81.4,0.094,8.4,11.3,12.7,13.9,14.8,15.2,15.5,15.7,15.9,16.0,16.2,16.4,16.6,16.9,17.5,18.7,21.1,25.1,76.0
2480,50.646,0.000,2495.8,75.3,4.7,2,9405,0.065,0.000,-1.000,-0.224,-0.216,16.2,-0.8,0,26.80,-0.465,16.2,81.5,0.093,8.3,11.3,12.7,13.9,14.8,15.2,15.5,15.7,15.9,16.1,16.2,16.4,16.7,17.0,17.6,18.8,21.2,25.3,80.6
2481,50.666,0.000,2496.3,75.0,4.7,2,9310,0.071,0.000,-1.000,-0.205,-0.211,16.3,-0.4,0,27.91,-0.466,16.3,81.6,0.094,8.2,11.2,12.6,13.9,14.8,15.2,15.5,15.7,15.9,16.1,16.3,16.5,16.7,17.0,17.6,18.9,21.4,25.6,85.1
2482,50.686,0.000,2496.7,74.7,4.8,2,9226,0.076,0.000,-1.000,-0.186,-0.204,16.3,-0.1,0,28.91,-0.467,16.3,81.7,0.094,8.1,11.2,12.6,13.9,14.8,15.3,15.5,15.8,16.0,16.1,16.3,16.5,16.8,17.1,17.7,19.0,21.6,25.9,89.7
2483,50.706,0.000,2497.1,74.4,4.8,2,9150,0.082,0.000,-1.000,-0.168,-0.197,16.4,0.2,0,29.82,-0.467,16.4,81.8,0.096,8.1,11.1,12.6,13.9,14.8,15.3,15.6,15.8,16.0,16.2,16.4,16.6,16.8,17.2,17.8,19.2,21.8,26.3,94.2
2484,50.726,0.000,2497.5,74.1,4.9,2,9083,0.087,0.000,-1.000,-0.151,-0.190,16.4,0.5,0,30.64,-0.468,16.4,82.0,0.098,8.0,11.1,12.5,13.9,14.8,15.3,15.6,15.9,16.0,16.2,16.4,16.6,16.9,17.2,17.9,19.3,22.0,26.6,98.6
2485,50.746,0.000,2497.9,73.8,4.9,2,9022,0.092,0.000,-1.000,-0.133,-0.183,16.5,0.8,0,5.04,-0.468,16.5,82.2,0.101,7.9,11.0,12.5,13.9,14.8,15.4,15.6,15.9,16.1,16.3,16.5,16.7,17.0,17.3,18.0,19.4,22.2,27.1,16.4
2486,50.766,0.000,2498.3,73.5,4.9,2,8968,0.097,0.000,-1.000,-0.117,-0.176,16.6,1.1,0,4.92,-0.469,16.6,82.3,0.105,7.8,11.0,12.5,13.9,14.9,15.4,15.7,16.0,16.2,16.3,16.6,16.8,17.1,17.4,18.1,19.5,22.4,27.5,15.6
2487,50.786,0.000,2498.8,73.3,4.9,2,8920,0.103,0.000,-1.000,-0.100,-0.170,16.6,1.4,0,4.90,-0.469,16.6,82.5,0.108,7.7,10.9,12.5,13.9,14.9,15.4,15.7,16.0,16.2,16.4,16.6,16.8,17.1,17.5,18.2,19.7,22.6,28.1,15.1
2488,50.806,0.000,2499.2,73.0,4.8,2,8878,0.108,0.000,-1.000,-0.085,-0.164,16.7,1.6,0,4.92,-0.469,16.7,82.7,0.113,7.6,10.9,12.5,13.9,14.9,15.5,15.8,16.1,16.3,16.5,16.7,16.9,17.2,17.6,18.3,19.8,22.8,28.6,14.7
2489,50.826,0.000,2499.6,72.8,4.8,2,8839,0.114,0.000,-1.000,-0.069,-0.159,16.7,1.9,0,4.96,-0.469,16.7,82.9,0.117,7.6,10.8,12.5,13.9,15.0,15.5,15.8,16.1,16.3,16.5,16.7,17.0,17.3,17.7,18.4,20.0,23.0,29.2,14.5
2490,50.846,0.000,2500.0,72.6,4.7,2,8806,0.119,0.000,-1.000,-0.054,-0.153,16.8,2.1,0,5.03,-0.468,16.8,83.1,0.123,7.5,10.8,12.4,13.9,15.0,15.6,15.9,16.2,16.4,16.6,16.8,17.0,17.4,17.7,18.5,20.1,23.3,29.9,14.2
2491,50.866,0.000,2500.4,72.4,4.6,2,8776,0.126,0.000,-1.000,-0.040,-0.147,16.9,2.3,0,5.12,-0.464,16.9,83.3,0.129,7.4,10.8,12.4,14.0,15.0,15.6,15.9,16.2,16.5,16.7,16.9,17.1,17.5,17.8,18.6,20.3,23.5,30.7,14.0
2492,50.886,0.000,2500.8,72.2,4.4,2,8750,0.134,0.000,-1.000,-0.026,-0.141,17.0,2.5,0,5.22,-0.459,17.0,83.5,0.136,7.4,10.7,12.4,14.0,15.1,15.7,16.0,16.3,16.5,16.7,17.0,17.2,17.6,17.9,18.7,20.4,23.8,31.6,13.9
2493,50.906,0.000,2501.2,72.0,4.3,2,8728,0.142,0.000,-1.000,-0.013,-0.135,17.1,2.7,0,5.35,-0.452,17.1,83.7,0.144,7.3,10.7,12.4,14.0,15.1,15.7,16.1,16.4,16.6,16.8,17.1,17.3,17.6,18.0,18.8,20.6,24.2,32.5,13.7
2494,50.926,0.000,2501.6,71.9,4.1,2,8710,0.152,0.000,-1.000,-0.001,-0.129,17.1,2.9,0,5.49,-0.444,17.1,83.9,0.153,7.2,10.7,12.4,14.0,15.1,15.8,16.1,16.4,16.7,16.9,17.1,17.4,17.7,18.2,19.0,20.7,24.5,33.6,13.6
2495,50.946,0.000,2501.9,71.7,3.8,2,8695,0.163,0.000,-1.000,0.012,-0.124,17.2,3.1,0,5.66,-0.435,17.2,84.2,0.164,7.2,10.6,12.4,14.0,15.2,15.8,16.2,16.5,16.7,17.0,17.2,17.5,17.8,18.3,19.1,20.9,24.9,34.8,13.5
2496,50.966,0.000,2502.3,71.6,3.6,2,8685,0.175,0.000,-1.000,0.023,-0.119,17.3,3.3,0,5.85,-0.426,17.3,84.4,0.176,7.1,10.6,12.4,14.1,15.2,15.9,16.3,16.6,16.8,17.1,17.3,17.6,17.9,18.4,19.2,21.1,25.4,36.1,13.4
2497,50.986,0.000,2502.7,71.5,3.4,2,8680,0.213,0.000,-0.988,0.034,-0.115,17.4,3.5,0,6.07,-0.417,17.4,84.7,0.213,7.1,10.6,12.4,14.1,15.3,16.0,16.3,16.7,16.9,17.2,17.4,17.7,18.0,18.5,19.4,21.3,25.9,37.7,13.3
2498,51.006,0.000,2503.1,71.4,3.2,2,8688,0.250,0.000,-0.976,0.045,-0.110,17.5,4.1,0,6.32,-0.407,17.5,85.0,0.251,7.0,10.6,12.4,14.1,15.4,16.0,16.4,16.8,17.0,17.3,17.5,17.8,18.2,18.6,19.5,21.6,26.5,39.5,13.2
2499,51.026,0.000,2503.5,71.4,3.0,2,8711,0.291,0.000,-0.962,0.055,-0.105,17.6,4.9,0,6.61,-0.398,17.6,85.3,0.292,7.0,10.6,12.5,14.2,15.4,16.1,16.5,16.9,17.1,17.4,17.6,17.9,18.3,18.8,19.7,21.9,27.1,41.6,13.1
2500,51.046,0.000,2503.9,71.5,2.8,2,8748,0.331,0.000,-0.950,0.064,-0.099,17.8,5.7,0,6.95,-0.388,17.8,85.6,0.332,6.9,10.6,12.5,14.2,15.5,16.2,16.6,17.0,17.2,17.5,17.8,18.0,18.4,18.9,19.9,22.2,27.9,44.1,13.0
2501,51.066,0.000,2504.3,71.6,2.6,2,8800,0.365,0.000,-0.940,0.073,-0.094,17.9,6.6,0,7.34,-0.380,17.9,85.8,0.366,6.9,10.6,12.5,14.3,15.6,16.3,16.7,17.1,17.3,17.6,17.9,18.2,18.6,19.1,20.1,22.6,28.7,46.9,12.9
2502,51.086,0.000,2504.7,71.8,2.5,2,8863,0.391,0.000,-0.935,0.081,-0.090,18.0,7.4,0,7.80,-0.372,18.0,86.1,0.391,6.9,10.6,12.5,14.3,15.7,16.4,16.8,17.2,17.4,17.7,18.0,18.3,18.7,19.3,20.3,23.0,29.6,50.4,12.9
2503,51.106,0.000,2505.1,72.0,2.3,2,8933,0.409,0.000,-0.935,0.090,-0.085,18.1,7.9,0,8.32,-0.366,18.1,86.4,0.409,6.8,10.6,12.5,14.4,15.7,16.5,16.9,17.3,17.5,17.8,18.1,18.4,18.9,19.5,20.6,23.4,30.6,54.4,12.8
2504,51.126,0.000,2505.4,72.3,2.2,2,9007,0.425,0.000,-0.937,0.097,-0.082,18.3,8.4,0,8.83,-0.361,18.3,86.8,0.425,6.8,10.6,12.6,14.4,15.8,16.6,17.0,17.4,17.7,18.0,18.3,18.6,19.1,19.7,20.9,23.9,31.7,58.6,12.7
2505,51.146,0.000,2505.8,72.5,2.0,2,9084,0.445,0.000,-0.937,0.105,-0.078,18.5,8.9,0,9.28,-0.356,18.5,87.2,0.445,6.7,10.6,12.6,14.5,15.9,16.6,17.1,17.5,17.8,18.1,18.5,18.8,19.3,19.9,21.2,24.4,32.9,62.6,12.7
2506,51.166,0.000,2506.2,72.8,1.9,2,9166,0.469,0.000,-0.934,0.112,-0.074,18.7,9.6,0,9.68,-0.352,18.7,87.7,0.469,6.7,10.6,12.6,14.6,16.0,16.8,17.2,17.7,18.0,18.3,18.7,19.0,19.6,20.2,21.6,25.1,34.4,66.5,12.6
2507,51.186,0.000,2506.6,73.2,1.9,2,9257,0.496,0.000,-0.930,0.118,-0.070,18.9,10.5,0,10.03,-0.347,18.9,88.3,0.496,6.7,10.6,12.7,14.6,16.1,16.9,17.4,17.9,18.2,18.5,18.9,19.3,19.9,20.6,22.0,25.8,36.2,70.3,12.5
2508,51.206,0.000,2507.0,73.6,1.9,2,9359,0.533,0.000,-0.919,0.125,-0.065,19.2,11.7,0,10.34,-0.342,19.2,88.9,0.533,6.7,10.6,12.7,14.7,16.2,17.1,17.6,18.1,18.4,18.8,19.2,19.6,20.2,21.0,22.6,26.6,38.3,74.0,12.5
2509,51.226,0.000,2507.4,74.0,1.9,2,9477,0.573,0.000,-0.905,0.131,-0.060,19.6,13.4,0,10.60,-0.337,19.6,89.7,0.573,6.6,10.6,12.8,14.8,16.4,17.3,17.8,18.4,18.7,19.1,19.6,20.0,20.6,21.5,23.2,27.6,40.9,77.7,12.4
2510,51.246,0.000,2507.8,74.5,2.1,2,9614,0.494,0.000,-0.888,0.137,-0.055,20.0,15.5,0,10.83,-0.330,20.0,90.6,0.615,6.6,10.7,12.8,14.9,16.6,17.6,18.1,18.7,19.1,19.5,20.0,20.4,21.1,22.0,23.9,28.8,44.1,81.4,12.3
2511,51.266,0.000,2508.2,75.0,2.2,2,9715,0.562,0.000,-0.868,0.142,-0.050,20.4,13.7,0,11.01,-0.323,23.8,99.8,0.659,6.6,10.7,12.9,15.1,16.8,17.9,18.5,19.1,19.5,20.0,20.4,21.0,21.7,22.7,24.7,30.2,48.2,85.1,12.2
2512,51.286,0.000,2508.6,75.4,2.3,2,9830,0.631,0.000,-0.821,0.148,-0.045,21.0,14.6,0,11.14,-0.262,24.2,100.9,0.709,6.6,10.7,13.0,15.3,17.1,18.2,18.9,19.5,20.0,20.5,21.0,21.5,22.4,23.4,25.6,31.8,53.1,88.7,12.1
2513,51.306,0.000,2509.1,75.9,2.4,2,9975,0.515,0.000,-0.776,0.153,-0.039,21.6,17.3,0,11.26,-0.210,24.7,102.1,0.759,6.6,10.8,13.1,15.5,17.4,18.6,19.3,20.0,20.5,21.1,21.6,22.2,23.1,24.3,26.8,33.8,58.0,92.6,12.0
2514,51.326,0.000,2509.5,76.4,2.6,2,10076,0.614,0.000,-0.736,0.158,-0.033,22.4,15.2,0,11.42,-0.168,25.2,103.4,0.809,6.6,10.8,13.2,15.7,17.8,19.1,19.9,20.6,21.2,21.8,22.4,23.1,24.1,25.4,28.2,36.3,62.7,98.1,11.9
2515,51.346,0.000,2509.9,76.9,2.9,2,10209,0.622,0.000,-0.706,0.162,-0.027,23.3,17.4,0,11.81,-0.135,25.8,104.7,0.859,6.6,10.9,13.4,16.0,18.3,19.7,20.5,21.4,22.0,22.6,23.3,24.1,25.2,26.7,29.9,39.5,67.2,108.1,11.8
2516,51.366,0.000,2510.3,77.5,3.2,2,10353,0.430,0.000,-0.751,0.167,-0.020,24.5,19.3,0,14.36,-0.108,26.5,106.0,0.812,6.6,11.0,13.6,16.4,18.9,20.4,21.3,22.2,22.9,23.7,24.5,25.3,26.6,28.2,32.0,43.6,71.7,167.0,11.7
2517,51.386,0.000,2510.7,78.0,3.5,2,10413,0.556,0.000,-0.682,0.171,-0.012,25.8,14.5,0,13.68,-0.086,27.2,107.5,0.862,6.6,11.1,13.8,16.9,19.5,21.3,22.3,23.3,24.1,24.9,25.8,26.8,28.3,30.2,34.7,49.2,76.2,159.2,11.6
2518,51.406,0.000,2511.1,78.4,3.8,2,10503,0.667,0.000,-0.609,0.175,-0.005,27.5,15.7,0,12.83,-0.066,28.1,109.1,0.912,6.6,11.2,14.1,17.4,20.3,22.2,23.4,24.6,25.5,26.4,27.5,28.6,30.3,32.6,38.0,54.9,80.5,149.4,11.4
2519,51.426,0.000,2511.6,78.9,4.1,2,10648,0.766,0.000,-0.409,0.179,0.003,29.4,19.8,0,6.88,-0.031,29.4,112.1,0.962,6.6,11.3,14.4,18.0,21.2,23.4,24.7,26.0,27.1,28.2,29.4,30.7,32.8,35.6,42.2,60.1,84.6,50.5,11.3
2520,51.446,0.000,2512.0,79.5,4.4,2,10852,0.843,0.000,-0.297,0.183,0.010,31.8,24.8,0,6.36,-0.012,31.8,134.0,1.000,6.6,11.5,14.7,18.6,22.3,24.7,26.3,27.8,29.0,30.4,31.8,33.4,35.9,39.4,47.9,65.0,88.9,44.3,11.2
2521,51.466,0.000,2512.4,80.1,5.0,2,11117,0.875,0.000,-0.253,0.186,0.018,35.0,31.1,0,5.97,-0.012,35.0,160.6,1.000,6.7,11.7,15.2,19.5,23.6,26.5,28.3,30.1,31.6,33.2,35.0,37.0,40.2,44.6,54.0,69.8,95.0,39.6,11.1
2522,51.486,0.000,2512.9,80.8,5.6,2,11430,0.000,0.000,-0.278,0.190,0.027,39.4,38.6,0,7.73,-0.010,39.4,184.7,1.000,6.7,11.9,15.7,20.6,25.4,28.8,31.0,33.3,35.1,37.1,39.4,42.0,46.3,51.3,59.8,74.8,168.6,35.7,10.9
2523,51.506,0.000,2513.3,81.5,6.3,2,11355,0.200,0.000,-0.209,0.193,0.037,45.7,12.3,0,6.88,-0.008,45.7,206.6,1.000,6.7,12.2,16.4,21.9,27.6,31.8,34.6,37.5,39.9,42.6,45.7,48.9,53.1,57.6,65.4,79.9,160.7,32.5,10.8
2524,51.526,0.000,2513.7,81.8,6.7,2,11231,0.360,0.000,-0.143,0.196,0.046,52.1,2.5,0,6.02,-0.006,52.1,214.1,1.000,6.8,12.5,17.1,23.4,30.2,35.4,39.0,42.8,46.0,49.1,52.1,55.0,58.8,63.0,70.4,84.4,151.7,30.0,10.6
2525,51.546,0.000,2514.2,82.0,6.8,2,11157,0.488,0.000,-0.089,0.198,0.053,57.1,3.6,0,5.22,-0.005,57.1,222.2,1.000,6.8,12.8,17.8,25.0,33.1,39.5,44.1,48.6,51.6,54.4,57.1,59.8,63.4,67.4,74.6,88.8,140.9,28.2,10.5
2526,51.566,0.000,2514.6,82.3,6.9,2,11160,0.590,0.000,0.022,0.200,0.058,61.3,7.9,0,2.51,-0.003,61.3,232.9,1.000,6.8,13.1,18.5,26.6,36.2,44.3,49.3,53.3,56.0,58.7,61.3,63.8,67.3,71.1,78.2,94.3,52.5,26.8,10.5
2527,51.586,0.000,2515.1,82.7,7.0,2,11231,0.672,0.000,0.035,0.202,0.061,64.6,11.9,0,2.32,-0.002,64.6,249.9,1.000,6.8,13.4,19.2,28.2,39.5,48.6,53.2,56.9,59.6,62.1,64.6,67.1,70.4,74.2,81.1,102.7,46.4,25.7,10.4
2528,51.606,0.000,2515.5,83.4,6.9,2,11357,0.738,0.000,-0.001,0.204,0.061,67.0,16.2,0,3.14,-0.001,67.0,223.8,1.000,6.8,13.6,19.7,29.6,42.6,51.6,56.0,59.6,62.1,64.6,67.0,69.4,72.7,76.5,83.2,162.8,43.5,24.9,10.4
2529,51.626,0.000,2516.0,84.1,6.7,2,11531,0.790,0.000,-0.006,0.206,0.060,69.2,21.1,0,2.91,-0.001,69.2,228.6,1.000,6.8,13.8,20.3,31.1,45.8,54.2,58.4,61.9,64.4,66.8,69.2,71.5,74.8,78.4,85.4,158.9,41.3,24.3,10.3
2530,51.646,0.000,2516.4,84.8,6.6,2,11749,0.832,0.000,-0.011,0.207,0.058,71.3,26.5,0,2.69,-0.000,71.3,233.0,1.000,6.8,14.0,20.9,32.8,48.6,56.7,60.7,64.2,66.6,68.9,71.3,73.6,76.8,80.4,88.0,154.7,39.3,23.7,10.3
2531,51.666,0.000,2516.9,85.6,6.6,2,12007,0.866,0.000,-0.016,0.209,0.057,73.4,32.4,0,2.47,-0.000,73.4,238.1,1.000,6.8,14.2,21.6,34.9,51.4,59.1,63.0,66.4,68.7,71.1,73.4,75.6,78.8,82.4,91.3,150.0,37.5,23.1,10.3
2532,51.686,0.000,2517.4,86.5,6.7,2,12303,0.494,0.000,0.003,0.211,0.057,75.5,38.9,0,2.26,0.004,75.5,312.5,1.000,6.8,14.5,22.4,37.4,54.0,61.5,65.3,68.6,70.9,73.2,75.5,77.7,80.8,84.7,96.4,144.6,35.7,22.5,10.2
2533,51.706,0.000,2517.8,87.3,6.9,2,12438,0.595,0.000,0.037,0.212,0.057,77.6,29.6,0,2.34,0.062,77.6,303.4,1.000,6.8,14.8,23.4,40.3,56.6,63.8,67.6,70.8,73.1,75.3,77.6,79.8,83.0,87.6,161.6,138.1,34.2,22.0,10.2
2534,51.726,0.000,2518.3,88.1,6.9,2,12550,0.676,0.000,0.072,0.214,0.055,79.3,24.5,0,2.14,0.119,79.3,295.3,1.000,6.8,15.2,24.3,43.2,58.7,65.8,69.5,72.7,74.9,77.1,79.3,81.6,85.3,90.9,158.0,132.3,32.9,21.5,10.1
2535,51.746,0.000,2518.8,88.9,6.8,2,12658,0.741,0.000,0.094,0.216,0.052,80.6,22.0,0,1.99,0.175,80.6,291.2,1.000,6.8,15.4,25.1,45.3,60.3,67.3,70.9,74.0,76.2,78.4,80.6,83.1,87.4,94.5,154.9,127.9,32.0,21.1,10.1
2536,51.766,0.000,2519.3,89.8,6.5,2,12783,0.793,0.000,0.108,0.218,0.047,81.8,22.5,0,1.88,0.230,81.8,288.4,1.000,6.8,15.6,25.8,46.9,61.5,68.4,72.0,75.0,77.2,79.4,81.8,84.5,89.4,99.6,152.2,124.4,31.2,20.8,10.1
2537,51.786,0.000,2519.8,90.7,6.3,2,12937,0.834,0.000,0.109,0.221,0.041,82.7,25.2,0,1.88,0.284,82.7,320.8,1.000,6.8,15.8,26.4,48.0,62.4,69.1,72.7,75.7,77.9,80.1,82.7,85.7,91.2,159.4,149.8,121.8,30.7,20.6,10.0
2538,51.806,0.000,2520.2,91.6,6.0,2,13124,0.867,0.000,0.129,0.223,0.036,83.3,29.2,0,1.26,0.324,83.3,318.5,1.000,6.8,16.0,26.9,48.8,62.9,69.6,73.1,76.1,78.3,80.6,83.3,86.5,92.7,157.7,147.8,51.0,30.3,20.4,10.0
2539,51.826,0.000,2520.8,92.5,5.8,2,13347,0.894,0.000,0.138,0.226,0.038,83.5,34.2,0,1.23,0.310,83.5,316.7,1.000,6.8,16.1,27.3,49.2,63.0,69.7,73.2,76.2,78.3,80.7,83.5,86.9,93.8,156.4,146.4,49.7,30.0,20.3,10.0
2540,51.846,0.000,2521.3,93.4,5.6,2,13608,0.915,0.000,0.140,0.227,0.040,83.3,40.0,0,1.22,0.297,83.3,315.5,1.000,6.8,16.1,27.4,49.2,62.9,69.5,72.9,75.9,78.1,80.5,83.3,86.8,94.0,155.6,145.5,49.7,29.9,20.3,10.0
2541,51.866,0.000,2521.8,94.6,5.2,2,13898,0.932,0.000,0.136,0.229,0.040,82.7,41.5,0,1.24,0.283,82.7,315.0,1.000,6.8,16.1,27.4,48.9,62.5,69.0,72.4,75.4,77.5,79.9,82.7,86.1,93.3,155.1,145.1,51.0,29.9,20.3,10.0
2542,51.886,0.000,2522.3,96.0,4.7,2,14137,0.946,0.000,0.103,0.230,0.038,81.6,37.0,0,1.83,0.270,81.6,315.4,1.000,6.8,16.0,27.1,48.2,61.6,68.1,71.5,74.4,76.5,78.9,81.6,84.8,91.2,155.2,145.4,117.9,30.1,20.4,10.1
2543,51.906,0.000,2522.9,97.3,4.1,2,14340,0.957,0.000,0.083,0.231,0.036,80.1,35.3,0,1.89,0.257,80.1,316.3,1.000,6.8,15.8,26.7,47.2,60.5,66.9,70.3,73.2,75.3,77.5,80.1,83.1,88.7,155.6,146.1,118.9,30.4,20.6,10.1
2544,51.926,0.000,2523.4,98.4,3.5,2,14551,0.965,0.000,0.062,0.231,0.033,78.6,39.0,0,1.96,0.243,78.6,317.2,1.000,6.7,15.7,26.3,46.2,59.3,65.7,69.0,72.0,74.0,76.2,78.6,81.4,86.4,156.0,146.9,120.1,30.8,20.7,10.1
2545,51.946,0.000,2524.0,99.4,2.9,2,14816,0.972,0.000,0.046,0.231,0.030,77.2,47.0,0,1.94,0.230,77.2,282.1,1.000,6.7,15.6,25.9,45.3,58.2,64.6,67.9,70.8,72.9,74.9,77.2,79.9,84.5,94.0,147.4,121.1,31.1,20.9,10.1
2546,51.966,0.000,2524.5,100.3,2.5,2,15176,0.978,0.000,0.031,0.231,0.029,76.2,57.4,0,1.99,0.217,76.2,280.0,1.000,6.7,15.5,25.7,44.7,57.4,63.6,67.0,69.8,71.9,73.9,76.2,78.7,83.1,91.2,147.6,121.7,31.3,20.9,10.2
2547,51.986,0.000,2525.1,101.2,2.2,2,15690,0.982,0.000,0.022,0.230,0.028,75.4,68.8,0,2.02,0.203,75.4,278.0,1.000,6.7,15.5,25.6,44.3,56.8,63.0,66.3,69.1,71.2,73.2,75.4,77.9,82.1,89.8,147.4,121.8,31.4,21.0,10.2
2548,52.006,0.000,2525.6,102.1,2.0,2,16470,0.986,0.000,0.018,0.230,0.028,74.8,80.5,0,2.03,0.190,74.8,276.4,1.000,6.7,15.5,25.7,44.1,56.4,62.5,65.8,68.6,70.6,72.7,74.8,77.3,81.6,89.1,146.9,121.4,31.3,20.9,10.1
2549,52.026,0.000,2526.2,103.0,1.9,2,17857,0.989,0.000,0.018,0.229,0.030,74.5,91.8,0,2.02,0.177,74.5,275.1,1.000,6.7,15.6,25.9,44.1,56.2,62.3,65.5,68.3,70.3,72.3,74.5,77.0,81.3,89.1,146.0,120.7,31.1,20.9,10.1
2550,52.046,0.000,2526.8,104.0,1.8,2,19118,0.991,0.000,0.021,0.227,0.031,74.3,102.1,0,2.00,0.163,74.3,276.4,1.000,6.8,15.7,26.1,44.2,56.1,62.1,65.3,68.1,70.1,72.1,74.3,76.8,81.3,89.7,145.0,119.6,30.9,20.7,10.1
2551,52.066,0.000,2527.4,105.0,1.9,2,19586,0.993,0.000,0.027,0.226,0.033,74.2,106.2,0,1.96,0.150,74.2,276.5,1.000,6.8,15.8,26.5,44.4,56.2,62.1,65.2,68.0,70.0,72.0,74.2,76.8,81.5,91.3,143.7,118.3,30.6,20.6,10.1
2552,52.086,0.000,2528.0,106.0,2.0,2,19480,0.994,0.000,0.031,0.224,0.036,74.2,102.4,0,2.01,0.137,74.2,309.3,1.000,6.8,15.9,26.9,44.6,56.2,62.0,65.2,67.9,69.9,71.9,74.2,76.9,81.7,151.3,142.5,117.0,30.3,20.5,10.0
2553,52.106,0.000,2528.6,107.0,2.1,2,19547,0.995,0.000,0.036,0.223,0.038,74.2,101.9,0,1.98,0.123,74.2,307.9,1.000,6.9,16.1,27.3,44.8,56.2,62.0,65.1,67.8,69.7,71.8,74.2,76.9,82.0,150.1,141.2,115.8,30.0,20.3,10.0
2554,52.126,0.000,2529.2,108.1,2.2,2,19568,0.996,0.000,0.041,0.221,0.040,74.1,101.5,0,1.96,0.110,74.1,306.1,1.000,6.9,16.2,27.7,44.9,56.1,61.9,64.9,67.6,69.6,71.7,74.1,76.9,82.3,149.0,140.0,114.6,29.7,20.2,10.0
2555,52.146,0.000,2529.8,109.3,2.3,3,15452,0.997,0.000,0.045,0.219,0.041,73.9,68.9,0,1.93,0.096,73.9,306.2,1.000,6.9,16.4,28.0,44.9,56.0,61.7,64.7,67.4,69.3,71.5,73.9,76.9,82.5,147.9,138.9,113.6,29.5,20.1,9.9
2556,52.166,0.000,2530.4,110.5,2.2,3,15466,0.998,0.000,0.046,0.217,0.043,73.6,62.4,0,1.92,0.082,73.6,305.8,1.000,6.9,16.5,28.3,44.9,55.8,61.4,64.4,67.0,69.0,71.1,73.6,76.6,82.4,147.0,137.9,112.8,29.3,20.0,9.9
2557,52.186,0.000,2531.0,111.7,2.2,3,15470,0.998,0.000,0.044,0.214,0.043,73.1,57.9,0,1.92,0.068,73.1,304.6,1.000,7.0,16.6,28.5,44.7,55.4,61.0,63.9,66.6,68.5,70.6,73.1,76.1,81.9,146.3,137.2,112.2,29.1,19.9,9.9
2558,52.206,0.000,2531.6,112.8,2.1,3,15477,0.998,0.000,0.040,0.212,0.044,72.5,56.2,0,1.93,0.055,72.5,302.5,1.000,7.0,16.6,28.6,44.4,55.0,60.5,63.4,66.0,67.9,70.1,72.5,75.5,81.3,145.7,136.6,111.8,29.1,19.8,9.9
2559,52.226,0.000,2532.2,113.8,1.9,3,15493,0.999,0.000,0.035,0.209,0.044,71.9,56.6,0,1.94,0.041,71.9,300.0,1.000,7.0,16.7,28.7,44.1,54.5,59.9,62.8,65.4,67.3,69.4,71.9,74.8,80.5,145.1,136.1,111.5,29.0,19.8,9.8
2560,52.246,0.000,2532.9,114.8,1.8,3,15523,0.999,0.000,0.029,0.206,0.044,71.2,58.0,0,1.95,0.027,71.2,297.9,1.000,7.1,16.8,28.7,43.7,54.0,59.3,62.2,64.8,66.6,68.7,71.2,74.1,79.6,144.5,135.6,111.2,29.0,19.7,9.8
2561,52.266,0.000,2533.5,115.8,1.6,3,15563,0.999,0.000,0.024,0.203,0.044,70.5,59.6,0,1.96,0.013,70.5,296.3,1.000,7.1,16.8,28.7,43.4,53.5,58.8,61.6,64.1,66.0,68.1,70.5,73.3,78.8,143.9,135.1,110.8,29.0,19.7,9.8
2562,52.286,0.000,2534.2,116.8,1.5,3,15612,0.999,0.000,0.014,0.200,0.044,69.9,60.8,0,1.97,-0.000,69.9,295.5,1.000,7.1,16.9,28.8,43.1,53.1,58.3,61.1,63.6,65.4,67.5,69.9,72.7,78.1,143.3,134.5,110.4,28.9,19.6,9.8
2563,52.306,0.000,2534.8,117.8,1.4,3,15666,0.999,0.000,0.012,0.196,0.045,69.3,61.4,0,1.97,-0.003,69.3,295.5,1.000,7.1,17.0,28.8,42.9,52.7,57.8,60.6,63.0,64.9,67.0,69.3,72.2,77.6,142.5,133.8,109.9,28.9,19.5,9.7
2564,52.326,0.000,2535.5,118.8,1.4,3,15723,1.000,0.000,0.012,0.193,0.046,68.9,61.6,0,1.97,-0.005,68.9,294.9,1.000,7.2,17.2,29.0,42.7,52.3,57.4,60.2,62.6,64.4,66.5,68.9,71.8,77.4,141.6,132.9,109.1,28.8,19.4,9.7
2565,52.346,0.000,2536.1,119.8,1.4,3,15778,1.000,0.000,0.014,0.189,0.047,68.6,61.3,0,1.96,-0.006,68.6,293.9,1.000,7.2,17.3,29.1,42.6,52.1,57.1,59.8,62.2,64.0,66.1,68.6,71.5,77.2,140.7,131.9,108.3,28.6,19.3,9.6
2566,52.366,0.000,2536.8,120.9,1.4,3,15831,1.000,0.000,0.016,0.185,0.048,68.2,60.6,0,1.95,-0.007,68.2,292.6,1.000,7.3,17.5,29.2,42.4,51.8,56.7,59.4,61.8,63.7,65.8,68.2,71.2,77.2,139.7,131.0,107.4,28.5,19.2,9.6
2567,52.386,0.000,2537.5,122.0,1.4,3,15870,1.000,0.000,0.019,0.180,0.049,67.9,57.5,0,1.94,-0.007,67.9,292.2,1.000,7.3,17.7,29.3,42.3,51.5,56.4,59.0,61.4,63.3,65.4,67.9,70.9,77.2,138.7,130.0,106.6,28.4,19.0,9.6
2568,52.406,0.000,2538.2,123.2,1.4,3,15890,1.000,0.000,0.022,0.176,0.051,67.5,53.5,0,1.93,-0.006,67.5,291.5,1.000,7.4,17.8,29.3,42.1,51.1,56.0,58.6,60.9,62.8,65.0,67.5,70.5,77.0,137.8,129.0,105.8,28.3,18.9,9.5
2569,52.426,0.000,2538.8,124.3,1.4,3,15900,1.000,0.000,0.023,0.172,0.051,67.0,49.9,0,1.93,-0.006,67.0,290.4,1.000,7.4,18.0,29.3,41.8,50.7,55.5,58.1,60.4,62.3,64.5,67.0,70.1,76.7,137.0,128.2,105.2,28.3,18.8,9.5
2570,52.446,0.000,2539.5,125.4,1.3,3,15907,1.000,0.000,0.023,0.167,0.052,66.4,47.4,0,1.94,-0.005,66.4,288.8,1.000,7.5,18.1,29.3,41.5,50.3,55.0,57.5,59.9,61.7,63.9,66.4,69.5,76.2,136.2,127.5,104.6,28.3,18.7,9.4
2571,52.466,0.000,2540.2,126.5,1.2,3,15914,1.000,0.000,0.022,0.162,0.052,65.7,46.0,0,1.95,-0.005,65.7,286.9,1.000,7.5,18.2,29.2,41.2,49.8,54.4,56.9,59.2,61.1,63.2,65.7,68.8,75.4,135.5,126.8,104.2,28.4,18.6,9.4
2572,52.486,0.000,2540.9,127.5,1.1,3,15929,1.000,0.000,0.020,0.157,0.052,65.0,45.1,0,1.96,-0.004,65.0,285.3,1.000,7.6,18.3,29.1,40.8,49.2,53.8,56.3,58.6,60.4,62.5,65.0,68.0,74.5,134.8,126.3,103.8,28.6,18.5,9.3
2573,52.506,0.000,2541.7,128.6,1.0,3,15944,1.000,0.000,0.018,0.152,0.052,64.2,44.3,0,1.98,-0.004,64.2,284.0,1.000,7.6,18.4,28.9,40.4,48.7,53.2,55.6,57.9,59.7,61.8,64.2,67.2,73.5,134.2,125.7,103.4,28.8,18.5,9.3
2574,52.526,0.000,2542.4,129.6,0.9,3,15964,1.000,0.000,0.016,0.146,0.052,63.4,43.4,0,2.00,-0.003,63.4,282.4,1.000,7.7,18.5,28.8,39.9,48.1,52.5,54.9,57.2,59.0,61.0,63.4,66.3,72.4,133.6,125.2,103.1,29.1,18.4,9.3
2575,52.546,0.000,2543.1,130.7,0.8,3,15982,1.000,0.000,0.013,0.141,0.052,62.6,42.3,0,2.02,-0.003,62.6,281.1,1.000,7.7,18.6,28.6,39.5,47.5,51.8,54.2,56.4,58.2,60.2,62.6,65.4,71.3,133.0,124.7,102.8,29.5,18.3,9.2
2576,52.566,0.000,2543.8,131.8,0.7,3,16000,1.000,0.000,0.010,0.135,0.052,61.7,40.9,0,2.05,-0.002,61.7,280.3,1.000,7.7,18.6,28.4,39.0,46.9,51.2,53.5,55.7,57.5,59.4,61.7,64.5,70.2,132.4,124.2,102.5,30.0,18.3,9.2
2577,52.586,0.000,2544.6,132.8,0.6,3,16017,1.000,0.000,0.008,0.129,0.052,60.9,39.3,0,2.07,-0.002,60.9,279.7,1.000,7.8,18.7,28.2,38.6,46.3,50.5,52.8,55.0,56.7,58.6,60.9,63.6,69.1,131.8,123.7,102.2,30.6,18.2,9.1
2578,52.606,0.000,2545.3,133.8,0.5,3,16042,1.000,0.000,0.006,0.124,0.051,60.1,39.2,0,2.10,-0.002,60.1,278.1,1.000,7.9,18.7,28.0,38.2,45.7,49.8,52.1,54.2,55.9,57.9,60.1,62.8,68.1,131.2,123.1,101.8,31.3,18.2,9.1
2579,52.626,0.000,2546.0,134.9,0.4,3,16069,1.000,0.000,0.005,0.118,0.051,59.3,38.5,0,2.13,-0.002,59.3,277.4,1.000,7.9,18.7,27.8,37.7,45.1,49.2,51.4,53.5,55.2,57.1,59.3,61.9,67.1,130.5,122.6,101.5,32.2,18.2,9.0
2580,52.646,0.000,2546.8,135.9,0.3,3,16093,1.000,0.000,0.004,0.111,0.051,58.5,37.1,0,2.16,-0.001,58.5,276.9,1.000,8.0,18.7,27.6,37.3,44.5,48.5,50.7,52.8,54.5,56.3,58.5,61.1,66.1,129.9,122.0,101.1,33.4,18.2,9.0
2581,52.666,0.000,2547.6,137.0,0.2,3,16111,1.000,0.000,0.003,0.105,0.051,57.7,35.0,0,2.20,-0.001,57.7,276.6,1.000,8.0,18.7,27.4,36.8,43.9,47.9,50.1,52.1,53.7,55.6,57.7,60.2,65.2,129.2,121.3,100.7,35.3,18.2,8.9
2582,52.686,0.000,2548.3,138.1,0.2,3,16122,1.000,0.000,-0.013,0.099,0.051,56.9,32.4,0,2.69,-0.001,56.9,276.4,1.000,8.1,18.7,27.1,36.4,43.4,47.2,49.4,51.4,53.0,54.8,56.9,59.4,64.2,128.5,120.7,100.3,69.8,18.2,8.9
2583,52.706,0.000,2549.1,139.2,0.1,3,16125,1.000,0.000,-0.011,0.092,0.052,56.2,29.5,0,2.72,-0.001,56.2,275.9,1.000,8.1,18.7,26.9,36.0,42.8,46.6,48.7,50.7,52.3,54.1,56.2,58.7,63.5,127.7,120.0,99.7,70.1,18.2,8.8
2584,52.726,0.000,2549.8,140.3,0.1,3,16124,1.000,0.000,-0.007,0.086,0.053,55.6,26.7,0,2.74,-0.001,55.6,273.4,1.000,8.2,18.6,26.8,35.6,42.3,46.1,48.1,50.1,51.7,53.5,55.6,58.1,62.9,126.8,119.1,99.0,70.2,18.2,8.8
2585,52.746,0.000,2550.6,141.4,0.1,3,16120,1.000,0.000,-0.002,0.079,0.053,55.0,24.2,0,2.76,-0.001,55.0,269.7,1.000,8.3,18.6,26.6,35.3,41.8,45.5,47.6,49.5,51.1,52.9,55.0,57.5,62.4,125.8,118.2,98.3,70.1,18.2,8.7
2586,52.766,0.000,2551.4,142.5,0.2,3,16116,1.000,0.000,0.004,0.072,0.054,54.4,22.3,0,2.77,-0.000,54.4,266.4,1.000,8.3,18.6,26.4,34.9,41.3,44.9,47.0,48.9,50.5,52.3,54.4,56.9,61.8,124.9,117.3,97.5,70.1,18.3,8.6
2587,52.786,0.000,2552.2,143.5,0.2,3,16116,1.000,0.000,0.008,0.065,0.055,53.7,20.9,0,2.80,-0.000,53.7,264.5,1.000,8.4,18.5,26.2,34.5,40.8,44.3,46.3,48.3,49.8,51.6,53.7,56.2,61.1,124.0,116.5,96.9,70.1,18.3,8.6
2588,52.806,0.000,2553.0,144.2,0.2,3,16163,1.000,0.000,0.010,0.058,0.055,52.9,27.4,0,2.83,-0.000,52.9,257.0,1.000,8.5,18.4,25.9,34.0,40.2,43.7,45.6,47.5,49.1,50.9,52.9,55.4,60.2,123.2,115.8,96.4,70.2,18.5,8.5
2589,52.826,0.000,2553.8,145.1,0.2,3,16243,1.000,0.000,0.011,0.051,0.055,52.0,31.7,0,2.87,-0.000,52.0,255.0,1.000,8.5,18.3,25.6,33.5,39.6,43.0,44.9,46.8,48.3,50.0,52.0,54.4,59.1,122.5,115.1,96.0,70.3,18.6,8.5
2590,52.846,0.000,2554.6,146.1,0.1,3,16328,1.000,0.000,0.010,0.043,0.055,51.1,32.8,0,2.92,-0.000,51.1,256.8,1.000,8.6,18.2,25.3,33.0,38.9,42.2,44.1,45.9,47.4,49.1,51.1,53.4,57.9,121.9,114.6,95.7,70.5,18.9,8.4
2591,52.866,0.000,2555.4,147.1,0.0,3,16400,1.000,0.000,0.009,0.036,0.054,50.1,31.6,0,2.97,-0.000,50.1,259.6,1.000,8.6,18.0,24.9,32.4,38.2,41.4,43.3,45.1,46.6,48.2,50.1,52.4,56.7,121.3,114.1,95.5,70.7,19.1,8.4
2592,52.886,0.000,2556.3,148.2,-0.1,3,16446,1.000,0.000,0.007,0.029,0.053,49.1,28.5,0,3.03,-0.000,49.1,262.3,1.000,8.6,17.9,24.6,31.8,37.4,40.6,42.4,44.2,45.6,47.2,49.1,51.3,55.3,120.8,113.7,95.3,70.9,19.5,8.4
2593,52.906,0.000,2557.1,149.4,-0.2,3,16459,1.000,0.000,0.004,0.021,0.052,48.0,23.9,0,3.09,-0.000,48.0,264.2,1.000,8.6,17.7,24.2,31.2,36.7,39.8,41.6,43.3,44.7,46.2,48.0,50.1,54.0,120.2,113.2,95.2,71.1,19.9,8.3
2594,52.926,0.000,2557.9,150.5,-0.3,3,16453,1.000,0.000,-0.002,0.014,0.052,47.0,19.5,0,3.29,-0.000,47.0,234.4,1.000,8.6,17.5,23.8,30.6,36.0,39.0,40.7,42.4,43.7,45.3,47.0,49.0,52.7,61.6,112.8,95.0,71.1,20.4,8.3
2595,52.946,0.000,2558.8,151.7,-0.4,3,16436,1.000,0.000,-0.012,0.006,0.049,46.0,15.8,0,3.36,-0.000,46.0,232.3,1.000,8.6,17.3,23.4,30.1,35.3,38.2,39.9,41.5,42.9,44.3,46.0,48.0,51.5,59.1,112.2,94.7,71.1,20.9,8.3
2596,52.966,0.000,2559.6,152.7,-0.5,3,16425,1.000,0.000,-0.046,-0.001,0.042,45.1,13.4,0,3.43,-0.000,45.1,230.7,1.000,8.6,17.1,23.1,29.5,34.6,37.5,39.1,40.7,42.0,43.5,45.1,47.0,50.5,57.5,111.6,94.3,70.9,21.5,8.3
2597,52.986,0.000,2560.4,153.5,-0.5,3,16445,1.000,0.000,-0.074,-0.007,0.035,44.4,17.6,0,3.47,-0.000,44.4,223.3,1.000,8.6,17.0,22.8,29.1,34.0,36.8,38.5,40.1,41.4,42.8,44.4,46.3,49.8,57.0,110.6,93.5,70.5,22.1,8.4
2598,53.006,0.000,2561.3,154.3,-0.4,3,16532,1.000,0.000,-0.086,-0.012,0.031,44.1,23.5,0,3.28,-0.000,44.1,245.1,1.000,8.6,16.9,22.6,28.8,33.7,36.4,38.1,39.7,41.0,42.5,44.1,46.1,49.8,115.8,109.1,92.1,69.5,22.5,8.3
2599,53.026,0.000,2562.2,155.3,0.0,3,16621,1.000,0.000,-0.092,-0.016,0.028,44.4,24.6,0,3.23,-0.000,44.4,244.1,1.000,8.6,16.8,22.5,28.7,33.5,36.3,37.9,39.6,41.0,42.6,44.4,46.5,50.8,113.8,107.0,89.9,68.1,22.6,8.3
2600,53.046,0.000,2563.0,156.3,0.6,3,16687,1.000,0.000,-0.088,-0.020,0.028,45.2,23.1,0,3.12,-0.000,45.2,242.1,1.000,8.7,16.9,22.6,28.7,33.5,36.3,38.1,39.9,41.4,43.1,45.2,47.7,53.8,111.3,104.3,87.2,66.2,22.6,8.3
2601,53.066,0.000,2563.9,157.4,1.4,3,16720,1.000,0.000,-0.071,-0.023,0.028,46.5,19.8,0,2.80,-0.000,46.5,250.9,1.000,8.7,16.9,22.6,28.8,33.6,36.5,38.4,40.4,42.1,44.1,46.5,49.9,111.9,108.4,101.3,84.3,64.1,22.4,8.3
2602,53.086,0.000,2564.8,158.5,2.1,3,16726,1.000,0.000,-0.054,-0.025,0.029,48.6,15.9,0,2.45,-0.000,48.6,254.9,1.000,8.7,17.0,22.7,28.9,33.7,36.8,38.9,41.1,43.0,45.4,48.6,112.1,109.1,105.6,98.1,81.5,62.0,22.2,8.2
2603,53.106,0.000,2565.7,159.5,2.7,3,16724,1.000,0.000,-0.049,-0.027,0.029,52.7,13.6,0,2.36,-0.000,52.7,252.5,1.000,8.7,17.0,22.7,28.9,33.8,37.1,39.4,41.9,44.1,47.1,52.7,109.4,106.4,102.8,95.0,79.0,60.1,22.2,8.2
2604,53.126,0.000,2566.6,160.4,3.1,3,16760,1.000,0.000,-0.039,-0.029,0.029,109.0,15.2,0,2.07,-0.000,109.0,255.8,1.000,8.7,17.0,22.7,28.9,33.9,37.4,39.9,42.8,45.5,49.9,109.0,106.9,103.8,100.0,92.0,76.8,58.3,22.2,8.2
2605,53.146,0.000,2567.4,161.3,3.5,3,16801,1.000,0.000,-0.032,-0.030,0.028,108.5,15.4,0,1.78,-0.000,108.5,255.9,1.000,8.7,17.0,22.7,28.9,34.0,37.8,40.6,43.9,47.7,108.5,106.5,104.3,101.2,97.4,89.1,74.6,56.7,22.3,8.2
2606,53.166,0.000,2568.4,162.3,3.8,3,16840,1.000,0.000,-0.027,-0.030,0.026,108.2,14.9,0,1.50,-0.000,108.2,256.1,1.000,8.7,17.0,22.6,28.8,34.1,38.2,41.3,45.5,108.2,106.1,104.0,101.9,98.7,94.7,86.4,72.7,55.1,22.4,8.2
2607,53.186,0.000,2569.3,163.3,4.0,3,16875,1.000,0.000,-0.011,-0.031,0.024,106.0,14.0,0,1.47,0.013,106.0,253.1,1.000,8.7,16.9,22.5,28.6,34.1,38.5,42.1,48.1,106.0,103.9,101.8,99.6,96.3,92.3,84.0,70.9,53.8,22.7,8.2
2608,53.206,0.000,2570.2,164.3,4.0,3,16904,1.000,0.000,0.189,-0.030,0.021,104.0,12.8,0,1.21,0.470,104.8,253.9,1.000,8.7,16.8,22.3,28.3,34.0,38.8,43.0,106.0,104.0,101.9,99.8,97.6,94.3,90.2,82.0,69.4,52.7,23.2,8.3
2609,53.226,0.000,2571.1,165.3,4.1,3,16930,1.000,0.000,0.204,-0.029,0.014,102.9,12.0,0,1.23,0.470,104.1,252.8,1.000,8.6,16.5,21.9,27.8,33.4,38.2,42.5,104.9,102.9,100.8,98.7,96.5,93.2,89.2,81.1,68.7,52.5,24.3,8.3
2610,53.246,0.000,2572.0,166.2,3.4,3,16971,1.000,0.000,0.132,-0.027,-0.000,103.5,12.1,0,1.59,0.470,103.5,250.8,1.000,8.5,16.0,21.1,26.6,31.8,36.0,39.3,44.5,103.5,101.5,99.5,97.3,94.2,90.4,82.4,69.5,53.8,27.3,8.5
2611,53.266,0.000,2572.9,167.2,1.8,3,17004,1.000,0.000,0.033,-0.023,-0.019,103.0,10.7,0,2.02,0.470,103.0,251.4,1.000,8.3,15.4,20.1,25.2,29.8,33.2,35.8,38.9,42.3,103.0,101.1,99.1,96.2,92.6,85.1,71.3,55.6,30.8,8.7
2612,53.286,0.000,2573.9,168.2,0.1,3,17029,1.000,0.000,-0.064,-0.018,-0.037,102.4,9.1,0,2.48,0.470,102.4,251.9,1.000,8.2,14.8,19.2,23.9,28.0,31.0,33.1,35.5,37.7,40.8,102.4,100.5,97.7,94.3,87.4,73.0,57.0,33.7,9.0
2613,53.306,0.000,2574.8,169.3,-1.1,3,17044,1.000,0.000,-0.139,-0.012,-0.050,41.9,7.5,0,2.92,0.470,95.1,246.4,1.000,8.0,14.3,18.5,23.0,26.8,29.6,31.5,33.6,35.5,37.9,41.9,100.7,98.0,94.7,88.0,73.6,57.5,35.4,9.2
2614,53.326,0.000,2575.8,170.3,-1.4,3,17050,1.000,0.000,-0.171,-0.004,-0.057,41.9,5.7,0,2.95,0.470,41.9,249.9,1.000,7.9,14.0,18.1,22.4,26.3,29.0,31.0,33.1,35.0,37.5,41.9,99.5,96.8,93.5,86.9,72.7,56.9,35.8,9.3
2615,53.346,0.000,2576.7,171.3,-0.9,3,17060,1.000,0.000,-0.166,0.004,-0.059,99.0,4.6,0,2.58,0.470,99.0,249.9,1.000,7.8,13.9,17.9,22.2,26.2,29.2,31.3,33.6,35.9,39.5,99.0,97.1,94.4,91.1,84.4,70.6,55.5,35.2,9.4
2616,53.366,0.000,2577.7,172.2,0.0,3,17084,1.000,0.000,-0.146,0.013,-0.057,97.8,4.5,0,2.19,0.470,97.8,248.1,1.000,7.8,13.8,17.8,22.2,26.5,29.8,32.3,35.5,39.4,97.8,95.9,94.0,91.2,87.8,80.9,67.9,53.6,34.2,9.5
2617,53.386,0.000,2578.6,173.1,1.0,3,17132,1.000,0.000,-0.122,0.022,-0.055,96.3,5.4,0,1.82,0.470,96.3,245.2,1.000,7.7,13.8,17.8,22.3,27.1,31.0,34.3,41.1,96.3,94.5,92.6,90.6,87.7,84.2,77.0,65.1,51.6,33.0,9.5
2618,53.406,0.000,2579.6,173.9,2.0,3,17203,1.000,0.000,-0.099,0.032,-0.052,92.9,6.8,0,1.47,0.470,92.9,242.7,1.000,7.7,13.7,17.8,22.5,27.8,32.8,39.4,94.8,92.9,91.0,89.1,87.0,84.0,80.4,73.4,62.4,49.6,31.9,9.6
2619,53.426,0.000,2580.5,174.8,3.0,3,17289,1.000,0.000,-0.104,0.043,-0.049,89.5,8.2,0,1.11,0.412,89.5,241.3,1.000,7.6,13.7,17.7,22.8,29.0,36.6,94.0,91.4,89.5,87.5,85.5,83.4,80.3,76.5,70.0,59.9,47.6,30.9,9.7
2620,53.446,0.000,2581.5,175.6,3.8,3,17379,1.000,0.000,-0.261,0.054,-0.046,86.0,9.5,0,0.73,0.000,86.0,240.2,1.000,7.5,13.6,17.7,23.2,30.6,93.5,90.6,88.0,86.0,84.0,81.9,79.7,76.4,72.8,66.8,57.5,45.8,29.9,9.7
2621,53.466,0.000,2582.5,176.5,4.5,3,17447,1.000,0.000,-0.241,0.065,-0.042,82.2,10.2,0,0.69,0.000,82.2,234.9,1.000,7.5,13.6,17.8,23.8,34.2,90.0,87.0,84.3,82.2,80.1,77.9,75.6,72.4,69.1,63.7,55.1,43.9,28.9,9.8
2622,53.486,0.000,2583.5,177.3,5.2,3,17496,1.000,0.000,-0.199,0.076,-0.037,78.1,10.6,0,0.19,0.000,78.1,238.0,1.000,7.4,13.6,18.0,24.9,91.6,86.1,83.0,80.2,78.1,75.9,73.6,71.4,68.5,65.5,60.6,52.7,41.9,27.9,9.8
2623,53.506,0.000,2584.4,178.1,6.0,3,17564,1.000,0.000,-0.175,0.087,-0.032,73.7,11.4,0,0.17,0.000,73.7,231.7,1.000,7.4,13.5,18.2,26.4,87.7,82.1,78.9,76.0,73.7,71.5,69.4,67.4,64.8,62.1,57.6,50.5,40.0,26.9,9.9
2624,53.526,0.000,2585.4,178.9,6.8,3,17652,1.000,0.000,-0.146,0.098,-0.026,69.3,12.3,0,0.14,0.000,69.3,226.6,1.000,7.3,13.6,18.6,29.2,83.7,77.9,74.5,71.4,69.3,67.3,65.4,63.6,61.3,58.9,54.8,48.2,38.1,25.9,9.9
2625,53.546,0.000,2586.4,179.6,7.7,3,17754,1.000,0.000,-0.085,0.109,-0.020,65.1,13.6,0,-0.75,0.000,65.1,237.6,1.000,7.3,13.6,19.3,90.1,79.4,73.3,69.8,66.9,65.1,63.3,61.6,60.0,57.9,55.7,52.0,45.9,36.2,25.0,9.9
2626,53.566,0.000,2587.4,180.4,8.7,3,17848,1.000,0.000,-0.057,0.119,-0.014,61.3,14.3,0,-0.76,0.000,61.3,230.8,1.000,7.2,13.8,20.1,86.1,75.1,68.7,65.5,63.0,61.3,59.7,58.2,56.8,54.9,52.9,49.5,43.8,34.5,24.1,10.0
2627,53.586,0.000,2588.4,181.3,9.2,3,17748,1.000,0.000,-0.040,0.130,-0.010,58.2,11.6,0,-0.77,0.000,58.2,225.0,1.000,7.2,13.9,21.0,82.5,71.1,64.9,62.1,59.8,58.2,56.8,55.4,54.1,52.3,50.5,47.4,41.9,33.0,23.4,10.0
2628,53.606,0.000,2589.4,182.2,9.1,3,17788,1.000,0.000,-0.039,0.140,-0.010,55.8,10.2,0,-0.77,0.000,55.8,219.7,1.000,7.1,14.0,21.9,79.5,67.8,62.1,59.4,57.3,55.8,54.5,53.2,51.9,50.3,48.6,45.7,40.4,32.0,22.9,10.1
2629,53.626,0.000,2590.4,183.0,8.6,3,17851,1.000,0.000,-0.048,0.150,-0.012,53.8,9.8,0,-0.77,0.000,53.8,215.0,1.000,7.0,14.0,22.9,76.9,65.1,59.7,57.2,55.2,53.8,52.6,51.3,50.2,48.7,47.0,44.3,39.1,31.1,22.5,10.2
2630,53.646,0.000,2591.4,183.8,8.1,3,17933,1.000,0.000,-0.056,0.160,-0.014,51.9,10.0,0,-0.78,0.000,51.9,210.1,1.000,6.9,14.1,24.6,74.2,62.5,57.4,55.1,53.2,51.9,50.7,49.6,48.5,47.0,45.5,42.8,37.9,30.2,22.1,10.3
2631,53.666,0.000,2592.4,184.7,7.8,3,18027,1.000,0.000,-0.062,0.170,-0.015,50.0,10.4,0,-0.84,0.000,50.0,204.8,1.000,6.8,14.3,28.8,71.4,59.9,55.2,53.0,51.2,50.0,48.8,47.8,46.7,45.4,43.9,41.4,36.6,29.3,21.6,10.3
2632,53.686,0.000,2593.5,185.7,7.3,3,17900,1.000,0.000,0.138,0.180,-0.017,48.2,6.6,0,-2.65,0.495,48.2,210.9,1.000,6.7,14.5,85.5,68.7,57.5,53.1,51.0,49.3,48.2,47.1,46.1,45.1,43.8,42.4,40.0,35.4,28.5,21.2,10.3
2633,53.706,0.000,2594.5,186.7,6.7,3,17831,1.000,0.000,0.107,0.190,-0.024,47.0,2.8,0,-2.65,0.456,47.0,206.9,1.000,6.6,14.7,83.8,66.9,56.0,51.7,49.7,48.1,47.0,45.9,44.9,44.0,42.7,41.4,39.1,34.6,28.0,21.0,10.4
2634,53.726,0.000,2595.5,187.6,5.0,3,17860,1.000,0.000,0.041,0.200,-0.039,46.7,1.3,0,-2.64,0.462,46.7,204.0,1.000,6.5,14.4,83.4,66.8,55.9,51.5,49.5,47.8,46.7,45.6,44.6,43.7,42.4,41.1,38.7,34.5,28.0,21.1,10.5
2635,53.746,0.000,2596.5,188.6,3.0,3,17981,1.000,0.000,-0.016,0.212,-0.056,46.7,2.4,0,-2.64,0.506,46.7,201.6,1.000,6.4,14.1,83.4,67.1,56.1,51.6,49.5,47.8,46.7,45.6,44.6,43.6,42.3,40.9,38.6,34.4,28.0,21.2,10.6
2636,53.766,0.000,2597.6,189.5,1.3,3,18127,1.000,0.000,-0.004,0.224,-0.059,46.5,4.1,0,-2.64,0.555,46.5,199.3,1.000,6.3,13.9,83.1,67.1,56.2,51.6,49.4,47.7,46.5,45.4,44.4,43.4,42.1,40.7,38.3,34.2,28.0,21.3,10.7
2637,53.786,0.000,2598.7,190.2,0.3,3,18486,1.000,0.000,0.039,0.235,-0.057,46.1,9.2,0,-2.64,0.607,46.1,196.8,1.000,6.2,13.9,82.5,66.7,55.9,51.2,49.0,47.3,46.1,45.0,44.0,43.0,41.6,40.2,37.8,33.8,27.8,21.3,10.8
2638,53.806,0.000,2599.7,190.7,-0.4,3,19129,0.000,0.258,0.082,0.245,-0.054,45.6,20.2,0,-2.65,0.648,45.6,183.7,0.000,6.2,13.9,81.7,66.1,55.4,50.7,48.5,46.7,45.6,44.5,43.4,42.4,41.1,39.7,37.3,33.3,27.5,21.2,10.8
2639,53.826,0.000,2600.8,190.9,-1.1,3,17401,0.000,0.317,0.118,0.253,-0.051,45.2,-0.8,0,-2.66,0.680,45.2,182.7,0.000,6.1,13.9,81.1,65.7,55.1,50.3,48.1,46.4,45.2,44.1,43.0,42.0,40.7,39.3,36.9,32.9,27.3,21.1,10.9
2640,53.846,0.000,2601.9,189.9,-1.6,3,16898,0.000,0.296,0.145,0.261,-0.050,45.0,-5.4,0,-2.67,0.706,45.0,182.1,0.000,6.1,13.8,80.8,65.6,55.2,50.3,48.0,46.2,45.0,43.9,42.8,41.8,40.4,39.0,36.6,32.6,27.1,21.0,10.9
2641,53.866,0.000,2602.9,188.5,-2.3,3,16760,0.000,0.222,0.158,0.268,-0.052,45.2,-7.4,0,-2.67,0.727,45.2,182.2,0.000,6.0,13.7,80.8,65.9,55.8,50.7,48.3,46.5,45.2,44.0,42.9,41.8,40.5,39.0,36.5,32.4,27.1,21.1,11.0
2642,53.886,0.000,2604.0,187.2,-3.2,3,16715,0.205,0.000,0.156,0.275,-0.057,45.9,-11.4,0,-2.66,0.744,45.9,191.6,0.205,5.9,13.4,81.4,66.8,57.0,51.8,49.2,47.2,45.9,44.7,43.5,42.4,40.9,39.3,36.7,32.5,27.2,21.3,11.1
2643,53.906,0.000,2605.0,186.4,-4.2,3,16823,0.255,0.000,0.136,0.281,-0.064,47.2,-13.1,0,-2.64,0.757,47.2,192.3,0.255,5.8,12.9,82.4,68.2,58.7,53.6,50.9,48.7,47.2,45.9,44.6,43.4,41.8,40.1,37.4,32.9,27.5,21.5,11.2
2644,53.926,0.000,2606.1,186.1,-5.4,3,16958,0.305,0.000,0.106,0.289,-0.073,49.1,-12.3,0,-2.59,0.768,49.1,201.8,0.305,5.7,12.5,83.7,69.8,60.7,55.8,53.1,50.7,49.1,47.6,46.2,44.8,43.1,41.3,38.3,33.4,27.8,21.9,11.4
2645,53.946,0.000,2607.1,186.0,-6.4,3,17053,0.355,0.000,0.047,0.296,-0.082,51.1,-11.3,0,-2.54,0.713,51.1,204.4,0.355,5.6,12.0,84.8,71.2,62.4,57.7,55.1,52.8,51.1,49.4,47.8,46.4,44.5,42.5,39.2,34.0,28.0,22.2,11.5
2646,53.966,0.000,2608.2,185.9,-7.0,3,17127,0.405,0.000,-0.006,0.304,-0.086,52.5,-10.5,0,-2.50,0.640,52.5,205.9,0.405,5.5,11.8,85.3,72.0,63.3,58.8,56.3,54.1,52.5,50.8,49.1,47.5,45.5,43.3,39.8,34.4,28.1,22.3,11.6
2647,53.986,0.000,2609.2,185.9,-6.8,3,17192,0.455,0.000,-0.035,0.313,-0.085,52.7,-9.8,0,-2.48,0.566,52.7,205.6,0.455,5.5,11.7,85.1,71.8,63.3,58.9,56.5,54.3,52.7,51.1,49.5,47.8,45.7,43.5,39.9,34.3,27.9,22.2,11.7
2648,54.006,0.000,2610.3,186.1,-5.9,3,17255,0.505,0.000,-0.024,0.321,-0.077,51.9,-9.1,0,-2.49,0.511,51.9,203.6,0.505,5.5,11.9,83.9,70.7,62.3,57.9,55.6,53.4,51.9,50.3,48.7,47.1,45.0,42.8,39.2,33.7,27.4,21.8,11.6
2649,54.026,0.000,2611.3,186.3,-4.5,3,17321,0.555,0.000,0.025,0.328,-0.065,50.4,-8.3,0,-2.52,0.492,50.4,200.4,0.555,5.5,12.4,82.2,69.1,60.7,56.4,54.0,51.9,50.4,48.8,47.2,45.7,43.6,41.5,38.1,32.7,26.7,21.3,11.5
2650,54.046,0.000,2612.4,186.6,-3.1,3,17392,0.605,0.000,0.096,0.335,-0.053,48.8,-7.4,0,-2.56,0.510,48.8,197.0,0.605,5.5,13.0,80.4,67.3,59.0,54.7,52.4,50.3,48.8,47.3,45.7,44.2,42.2,40.2,36.9,31.8,25.9,20.8,11.4
2651,54.066,0.000,2613.4,186.9,-2.0,3,17479,0.655,0.000,0.171,0.341,-0.042,47.7,-6.0,0,-2.59,0.553,47.7,193.1,0.655,5.5,13.6,79.0,66.0,57.8,53.5,51.2,49.2,47.7,46.2,44.6,43.2,41.3,39.3,36.1,31.0,25.3,20.3,11.4
2652,54.086,0.000,2614.5,187.3,-1.6,3,17574,0.705,0.000,0.223,0.346,-0.035,47.2,-4.4,0,-2.60,0.577,47.2,187.7,0.705,5.5,14.3,78.1,65.2,57.1,52.9,50.6,48.6,47.2,45.7,44.2,42.8,40.8,38.9,35.6,30.6,24.9,20.0,11.3
2653,54.106,0.000,2615.6,187.7,-1.7,3,17655,0.000,0.000,0.249,0.350,-0.031,47.3,-3.3,0,-2.59,0.587,47.3,187.7,0.705,5.5,14.9,77.7,65.0,57.0,52.9,50.7,48.7,47.3,45.9,44.5,43.0,41.0,39.0,35.7,30.5,24.7,19.8,11.3
2654,54.126,0.000,2616.6,187.6,-2.2,3,17044,0.755,0.000,0.253,0.354,-0.031,48.0,-15.8,0,-2.56,0.584,48.0,189.3,0.755,5.4,15.3,77.9,65.3,57.5,53.5,51.3,49.4,48.0,46.6,45.2,43.8,41.9,39.7,36.2,30.8,24.8,19.7,11.3
2655,54.146,0.000,2617.7,187.6,-3.1,3,17428,0.805,0.000,0.240,0.357,-0.033,49.1,-2.5,0,-2.51,0.571,49.1,192.2,0.805,5.4,15.4,78.4,66.0,58.3,54.4,52.3,50.4,49.1,47.8,46.4,45.1,43.2,41.0,37.1,31.3,25.0,19.7,11.3
2656,54.166,0.000,2618.8,188.1,-4.2,3,17822,0.855,0.000,0.217,0.359,-0.037,50.4,0.1,0,-2.44,0.554,50.4,196.3,0.855,5.4,15.3,79.2,67.0,59.4,55.6,53.5,51.7,50.4,49.1,47.8,46.5,44.6,42.5,38.5,32.2,25.4,19.8,11.4
2657,54.186,0.000,2619.8,188.6,-5.4,3,17955,0.905,0.000,0.188,0.361,-0.041,51.8,2.2,0,-2.37,0.533,51.8,198.4,0.905,5.3,15.0,80.1,68.0,60.6,56.8,54.8,53.0,51.8,50.5,49.2,47.9,46.1,44.0,40.2,33.2,25.8,19.9,11.4
2658,54.206,0.000,2620.9,189.1,-6.5,3,18127,0.955,0.000,0.065,0.363,-0.043,53.0,4.6,0,-2.30,0.320,53.0,200.2,0.955,5.3,14.8,80.9,69.0,61.7,58.0,56.0,54.2,53.0,51.7,50.5,49.2,47.5,45.5,41.7,34.4,26.4,20.1,11.4
2659,54.226,0.000,2622.0,189.8,-7.5,3,18231,1.000,0.000,-0.045,0.364,-0.044,53.8,4.8,0,-2.25,0.121,53.8,201.4,1.000,5.3,14.7,81.3,69.6,62.4,58.7,56.8,55.1,53.8,52.6,51.4,50.1,48.4,46.5,42.8,35.5,26.9,20.2,11.4
2660,54.246,0.000,2623.1,190.6,-7.9,3,18346,1.000,0.000,-0.044,0.364,-0.038,53.9,5.2,0,-2.23,0.087,53.9,201.0,1.000,5.4,15.0,81.0,69.4,62.3,58.7,56.7,55.1,53.9,52.7,51.4,50.2,48.6,46.6,43.0,35.9,27.0,20.2,11.3
2661,54.266,0.000,2624.2,191.5,-7.1,3,18407,1.000,0.000,0.010,0.362,-0.024,53.0,4.8,0,-2.24,0.079,53.0,199.0,1.000,5.5,15.7,79.9,68.4,61.3,57.8,55.9,54.2,53.0,51.8,50.7,49.5,47.8,45.9,42.4,35.6,26.6,19.9,11.1
2662,54.286,0.000,2625.3,192.5,-5.7,3,18362,1.000,0.000,0.079,0.359,-0.008,51.8,2.4,0,-2.27,0.072,51.8,196.3,1.000,5.6,16.6,78.5,67.0,60.0,56.5,54.6,53.0,51.8,50.7,49.5,48.4,46.7,44.9,41.5,34.8,26.1,19.5,10.9
2663,54.306,0.000,2626.4,193.4,-4.3,3,18413,1.000,0.000,0.149,0.355,0.009,50.7,1.9,0,-2.29,0.063,51.9,193.7,1.000,5.8,17.3,77.1,65.7,58.8,55.3,53.5,51.9,50.7,49.6,48.5,47.3,45.7,44.0,40.6,34.2,25.7,19.2,10.7
2664,54.326,0.000,2627.5,194.2,-3.4,3,18524,0.000,0.027,0.217,0.348,0.026,50.0,2.9,0,-2.30,0.053,53.3,191.8,0.693,6.0,17.8,76.0,64.7,57.9,54.5,52.7,51.1,50.0,48.9,47.8,46.6,45.1,43.3,40.1,33.9,25.4,18.9,10.6
2665,54.346,0.000,2628.7,194.2,-2.8,3,17571,0.000,0.080,0.269,0.339,0.038,49.7,-14.8,0,-2.29,0.043,54.6,190.7,0.478,6.2,18.0,75.4,64.2,57.4,54.1,52.3,50.8,49.7,48.6,47.5,46.4,44.9,43.1,40.0,33.9,25.4,18.8,10.4
2666,54.366,0.000,2629.8,193.5,-2.8,3,17455,0.000,0.041,0.307,0.329,0.048,49.9,-13.6,0,-2.26,0.032,56.0,190.7,0.328,6.3,17.8,75.3,64.2,57.6,54.2,52.5,51.0,49.9,48.8,47.7,46.6,45.2,43.5,40.4,34.4,25.8,18.9,10.3
2667,54.386,0.000,2630.9,192.7,-3.5,3,17387,0.000,0.000,0.334,0.316,0.056,50.6,-14.5,0,-2.19,0.019,50.6,191.9,0.328,6.4,17.2,75.8,64.8,58.2,54.9,53.2,51.7,50.6,49.6,48.5,47.4,46.0,44.3,41.2,35.4,26.7,19.3,10.3
2668,54.406,0.000,2632.0,191.9,-4.2,3,17337,0.378,0.000,0.423,0.302,0.059,52.0,-15.8,0,-0.85,0.000,52.0,194.4,0.378,6.4,16.3,34.6,66.1,59.5,56.3,54.6,53.1,52.0,51.0,49.9,48.9,47.4,45.7,42.7,36.9,28.1,19.9,10.3
2669,54.426,0.000,2633.1,191.3,-6.0,3,17562,0.428,0.000,0.315,0.288,0.042,54.4,-8.5,0,-0.58,0.000,59.6,199.0,0.428,6.3,15.0,25.7,68.4,61.9,58.7,57.0,55.5,54.4,53.4,52.3,51.3,49.8,48.2,45.1,39.3,30.4,21.2,10.5
2670,54.446,0.000,2634.1,190.8,-9.3,3,17721,0.478,0.000,0.118,0.276,0.006,57.6,-7.0,0,-0.40,0.000,58.3,205.0,0.478,6.2,13.6,21.5,71.5,65.1,61.9,60.2,58.7,57.6,56.6,55.5,54.5,53.0,51.4,48.3,42.4,33.3,23.1,10.8
2671,54.466,0.000,2635.2,190.5,-11.8,3,17681,0.528,0.000,-0.061,0.268,-0.028,60.5,-8.3,0,-0.26,0.000,60.5,210.1,0.528,6.0,12.5,18.7,74.2,67.8,64.7,63.0,61.5,60.5,59.4,58.4,57.3,55.9,54.2,51.2,45.2,36.0,25.3,11.1
2672,54.486,0.000,2636.3,190.5,-12.6,3,17701,0.578,0.000,-0.196,0.263,-0.047,61.6,-8.5,0,0.53,0.000,61.6,200.1,0.578,6.0,12.0,17.4,27.9,68.9,65.8,64.1,62.7,61.6,60.6,59.5,58.5,57.1,55.4,52.4,46.5,37.3,26.6,11.3
2673,54.506,0.000,2637.3,190.7,-11.2,3,17746,0.628,0.000,-0.214,0.261,-0.049,60.6,-8.0,0,0.51,0.000,60.6,197.9,0.628,6.0,11.9,17.4,29.5,67.8,64.7,63.1,61.6,60.6,59.6,58.5,57.5,56.1,54.5,51.5,45.8,36.8,26.5,11.3
2674,54.526,0.000,2638.4,191.2,-8.0,3,17809,0.678,0.000,-0.136,0.259,-0.036,57.9,-7.4,0,-0.23,0.000,57.9,204.5,0.678,6.1,12.4,18.3,71.2,65.0,62.0,60.3,58.9,57.9,56.9,55.9,54.9,53.6,52.0,49.1,43.5,35.1,25.4,11.1
2675,54.546,0.000,2639.4,191.7,-4.2,3,17910,0.728,0.000,-0.059,0.259,-0.019,54.8,-6.1,0,-0.29,0.000,54.8,197.9,0.728,6.2,13.0,19.7,67.8,61.7,58.7,57.2,55.8,54.8,53.8,52.9,51.9,50.6,49.1,46.3,41.0,33.0,24.1,10.9
2676,54.566,0.000,2640.5,192.2,-1.1,3,18026,0.000,0.000,0.008,0.259,-0.004,52.0,-4.2,0,-0.35,0.000,52.0,191.9,0.728,6.3,13.5,21.6,64.8,58.8,55.9,54.3,53.0,52.0,51.1,50.2,49.2,47.9,46.5,43.8,38.7,31.2,23.0,10.7
2677,54.586,0.000,2641.6,192.1,0.7,3,17376,0.000,0.158,0.049,0.259,0.006,49.9,-17.3,0,-0.41,0.000,50.6,187.0,0.000,6.3,13.9,24.2,62.4,56.6,53.7,52.2,50.9,49.9,49.0,48.1,47.2,46.0,44.6,42.0,37.1,30.0,22.3,10.6
2678,54.606,0.000,2642.6,191.4,1.4,3,17196,0.000,0.298,0.109,0.259,0.009,48.5,-13.9,0,-1.81,0.000,49.5,183.5,0.000,6.4,14.0,70.6,60.7,55.0,52.2,50.7,49.4,48.5,47.6,46.7,45.9,44.6,43.3,40.8,36.1,29.3,22.0,10.6
2679,54.626,0.000,2643.7,190.3,1.4,3,16992,0.000,0.352,0.094,0.258,0.007,47.7,-9.8,0,-1.79,0.000,48.4,181.3,0.000,6.3,14.0,69.5,59.7,54.0,51.3,49.8,48.6,47.7,46.8,45.9,45.1,43.9,42.6,40.1,35.6,29.0,21.9,10.6
2680,54.646,0.000,2644.8,188.8,0.7,3,16816,0.000,0.340,0.059,0.259,0.001,47.3,-10.4,0,-1.77,0.000,47.3,180.1,0.000,6.3,13.7,68.8,59.1,53.5,50.8,49.4,48.1,47.3,46.4,45.5,44.7,43.5,42.2,39.8,35.4,28.9,21.9,10.7
2681,54.666,0.000,2645.8,187.3,-0.3,3,16689,0.000,0.315,0.019,0.259,-0.007,46.9,-11.8,0,-1.75,0.000,46.9,179.1,0.000,6.2,13.4,68.3,58.7,53.1,50.4,49.0,47.8,46.9,46.1,45.2,44.4,43.3,42.0,39.6,35.2,28.9,22.0,10.8
2682,54.686,0.000,2646.8,185.8,-1.1,3,16606,0.000,0.309,-0.013,0.260,-0.013,46.5,-12.1,0,-1.73,0.000,46.5,177.8,0.000,6.2,13.2,67.6,58.1,52.6,49.9,48.5,47.3,46.5,45.6,44.8,44.0,42.8,41.6,39.3,34.9,28.7,22.0,10.8
2683,54.706,0.000,2647.9,184.4,-1.5,3,16508,0.000,0.342,-0.031,0.261,-0.016,45.7,-11.6,0,-1.72,0.000,45.7,175.7,0.000,6.2,13.2,66.6,57.1,51.7,49.1,47.7,46.5,45.7,44.9,44.1,43.3,42.2,40.9,38.6,34.4,28.4,21.9,10.9
2684,54.726,0.000,2648.9,183.0,-1.4,3,16359,0.000,0.407,-0.034,0.263,-0.016,44.7,-10.6,0,-1.72,0.000,44.7,173.0,0.000,6.2,13.3,65.2,55.9,50.6,48.0,46.6,45.5,44.7,43.9,43.1,42.3,41.2,40.0,37.8,33.7,27.8,21.6,10.9
2685,54.746,0.000,2649.9,181.5,-1.0,3,16173,0.000,0.487,-0.027,0.264,-0.015,43.5,-8.8,0,-1.72,0.000,43.5,169.9,0.000,6.2,13.6,63.7,54.5,49.2,46.7,45.4,44.3,43.5,42.7,41.9,41.1,40.1,38.9,36.8,32.8,27.2,21.2,10.9
2686,54.766,0.000,2650.9,179.8,-0.5,3,15951,0.000,0.563,-0.016,0.266,-0.012,42.2,-6.2,0,-1.73,0.000,42.2,166.7,0.000,6.2,14.0,62.1,53.0,47.8,45.4,44.1,43.0,42.2,41.4,40.7,39.9,38.9,37.8,35.7,31.9,26.5,20.7,10.9
2687,54.786,0.000,2651.9,177.9,-0.1,3,15707,0.000,0.629,-0.005,0.267,-0.010,41.0,-2.7,0,-1.75,0.000,41.0,163.5,0.000,6.2,14.6,60.5,51.5,46.5,44.1,42.8,41.7,41.0,40.2,39.5,38.8,37.8,36.7,34.7,31.0,25.8,20.3,10.8
2688,54.806,0.000,2652.9,175.8,0.2,3,15448,0.000,0.679,0.003,0.269,-0.008,39.8,1.7,0,-1.77,0.000,39.8,160.5,0.000,6.2,15.3,59.0,50.1,45.2,42.8,41.6,40.6,39.8,39.1,38.4,37.7,36.7,35.6,33.7,30.2,25.2,19.9,10.8
2689,54.826,0.000,2653.8,173.7,0.4,3,15176,0.000,0.713,0.009,0.270,-0.007,38.7,6.5,0,-1.79,0.000,38.7,157.7,0.000,6.2,16.3,57.5,48.8,44.0,41.7,40.5,39.5,38.7,38.0,37.3,36.7,35.7,34.7,32.8,29.4,24.6,19.5,10.7
2690,54.846,0.000,2654.8,171.4,0.5,3,14921,0.000,0.734,0.012,0.272,-0.006,37.7,11.7,0,-1.83,0.000,37.7,155.0,0.000,6.2,17.5,56.2,47.6,42.8,40.6,39.4,38.4,37.7,37.0,36.4,35.7,34.8,33.8,32.0,28.6,24.0,19.1,10.7
2691,54.866,0.000,2655.8,169.1,0.5,3,14678,0.000,0.745,0.014,0.273,-0.006,36.8,16.8,0,-1.89,0.000,36.8,152.5,0.000,6.2,19.5,54.9,46.4,41.8,39.6,38.4,37.4,36.8,36.1,35.4,34.8,33.9,32.9,31.2,27.9,23.5,18.8,10.6
2692,54.886,0.000,2656.7,166.7,0.5,3,14444,0.000,0.753,0.214,0.275,-0.006,35.8,23.3,0,-4.68,0.803,35.8,150.0,0.000,6.2,66.4,53.7,45.3,40.7,38.6,37.4,36.5,35.8,35.2,34.5,33.9,33.1,32.1,30.4,27.3,22.9,18.4,10.5
2693,54.906,0.000,2657.6,164.4,0.5,3,14216,0.000,0.374,0.401,0.276,-0.008,35.0,32.3,0,-4.70,0.804,35.0,147.8,0.000,6.3,65.2,52.6,44.3,39.8,37.7,36.6,35.7,35.0,34.4,33.8,33.1,32.3,31.4,29.7,26.7,22.5,18.1,10.4
2694,54.926,0.000,2658.5,162.3,0.4,3,14375,0.000,0.712,0.379,0.277,-0.001,34.5,26.6,0,-4.71,0.669,34.5,146.4,0.000,6.3,64.5,51.9,43.7,39.2,37.1,36.1,35.1,34.5,33.9,33.3,32.7,31.8,30.9,29.3,26.3,22.2,17.9,10.4
2695,54.946,0.000,2659.4,160.3,-0.3,3,13900,0.000,0.319,0.420,0.277,0.002,34.3,32.9,0,-4.72,0.699,34.5,146.0,0.000,6.4,64.2,51.6,43.5,39.0,36.9,35.9,35.0,34.3,33.7,33.1,32.5,31.7,30.8,29.1,26.2,22.1,17.8,10.3
2696,54.966,0.000,2660.3,158.4,-1.3,3,14013,0.000,0.533,0.400,0.276,0.001,34.4,24.1,0,-4.72,0.644,34.5,146.1,0.000,6.4,64.3,51.7,43.5,39.1,37.0,35.9,35.0,34.4,33.7,33.1,32.5,31.7,30.8,29.2,26.2,22.1,17.8,10.3
2697,54.986,0.000,2661.2,156.5,-2.5,3,13720,0.000,0.411,0.412,0.274,-0.002,34.6,24.5,0,-4.72,0.672,34.6,146.7,0.000,6.4,64.7,52.0,43.8,39.3,37.2,36.2,35.2,34.6,34.0,33.3,32.7,31.9,31.0,29.3,26.3,22.2,17.9,10.3
2698,55.006,0.000,2662.1,154.7,-3.6,3,13627,0.000,0.278,0.395,0.271,-0.006,34.9,21.9,0,-4.72,0.656,34.9,147.6,0.000,6.4,65.2,52.5,44.2,39.7,37.6,36.5,35.6,34.9,34.3,33.6,33.0,32.2,31.3,29.6,26.6,22.4,18.0,10.4
2699,55.026,0.000,2663.0,153.1,-4.6,3,13587,0.000,0.149,0.397,0.269,-0.011,35.3,14.4,0,-4.72,0.679,35.3,148.6,-0.007,6.3,65.8,53.0,44.6,40.1,38.0,36.9,35.9,35.3,34.6,34.0,33.4,32.5,31.6,29.9,26.8,22.6,18.1,10.4
2700,55.046,0.000,2663.9,151.7,-5.5,3,13569,0.000,0.026,0.382,0.266,-0.017,35.7,4.9,0,-4.71,0.677,35.7,149.7,-0.012,6.3,66.4,53.6,45.2,40.6,38.4,37.3,36.3,35.7,35.0,34.4,33.8,32.9,31.9,30.2,27.1,22.8,18.3,10.4
2701,55.066,0.000,2664.7,150.8,-6.3,3,13575,0.159,0.000,0.279,0.263,-0.025,36.2,-4.5,0,-2.02,0.697,36.2,151.1,0.159,6.3,22.4,54.3,45.8,41.2,39.0,37.8,36.9,36.2,35.5,34.9,34.2,33.4,32.4,30.7,27.5,23.1,18.5,10.5
2702,55.086,0.000,2665.6,150.1,-7.3,3,13592,0.209,0.000,0.310,0.261,-0.033,36.8,-7.3,0,-1.92,0.809,36.8,152.8,0.209,6.3,19.7,55.2,46.6,41.9,39.6,38.5,37.5,36.8,36.2,35.5,34.8,34.0,33.0,31.2,27.9,23.4,18.7,10.5
2703,55.106,0.000,2666.4,149.8,-8.3,3,13632,0.259,0.000,0.279,0.258,-0.042,37.5,-7.2,0,-1.87,0.795,37.5,154.6,0.259,6.2,18.2,56.0,47.4,42.6,40.4,39.2,38.2,37.5,36.8,36.1,35.5,34.6,33.5,31.7,28.4,23.8,19.0,10.6
2704,55.126,0.000,2667.3,149.5,-9.3,3,13688,0.309,0.000,0.266,0.256,-0.049,38.1,-6.3,0,-1.84,0.809,38.1,156.2,0.309,6.2,17.2,56.9,48.1,43.3,41.0,39.8,38.8,38.1,37.4,36.7,36.0,35.1,34.1,32.2,28.9,24.1,19.2,10.6
2705,55.146,0.000,2668.1,149.3,-10.0,3,13759,0.359,0.000,0.254,0.254,-0.056,38.6,-4.9,0,-1.82,0.810,38.6,157.5,0.359,6.2,16.6,57.5,48.7,43.9,41.5,40.3,39.3,38.6,37.9,37.2,36.5,35.6,34.5,32.7,29.2,24.4,19.4,10.7
2706,55.166,0.000,2669.0,149.2,-10.5,3,13844,0.409,0.000,0.252,0.253,-0.060,38.9,-3.3,0,-1.81,0.810,38.9,157.3,0.409,6.2,16.2,58.0,49.1,44.2,41.9,40.7,39.7,38.9,38.2,37.5,36.8,35.9,34.8,32.9,29.5,24.6,19.5,10.7
2707,55.186,0.000,2669.8,149.2,-10.7,3,13942,0.459,0.000,0.260,0.251,-0.062,39.1,-1.7,0,-1.80,0.810,39.1,156.4,0.459,6.2,16.0,58.2,49.4,44.4,42.1,40.9,39.9,39.1,38.4,37.7,37.0,36.1,35.0,33.1,29.6,24.7,19.6,10.7
2708,55.206,0.000,2670.7,149.2,-10.6,3,14052,0.509,0.000,0.276,0.250,-0.063,39.2,0.1,0,-1.80,0.810,39.2,155.7,0.509,6.2,16.0,58.3,49.4,44.5,42.1,40.9,39.9,39.2,38.5,37.7,37.0,36.1,35.0,33.1,29.6,24.7,19.6,10.7
2709,55.226,0.000,2671.5,149.3,-10.4,3,14174,0.559,0.000,0.296,0.249,-0.062,39.1,2.0,0,-1.81,0.810,39.1,155.2,0.559,6.2,16.1,58.3,49.4,44.4,42.1,40.9,39.9,39.1,38.4,37.7,37.0,36.1,35.0,33.1,29.6,24.7,19.6,10.7
2710,55.246,0.000,2672.4,149.5,-10.1,3,14306,0.609,0.000,0.321,0.248,-0.061,39.0,3.7,0,-1.82,0.810,39.0,155.2,0.609,6.2,16.3,58.1,49.3,44.3,42.0,40.8,39.7,39.0,38.3,37.6,36.9,36.0,34.9,33.0,29.5,24.6,19.5,10.7
2711,55.266,0.000,2673.2,149.8,-9.7,3,14445,0.659,0.000,0.333,0.247,-0.059,38.9,5.3,0,-1.83,0.781,38.9,155.2,0.659,6.2,16.5,58.0,49.1,44.2,41.8,40.6,39.6,38.9,38.2,37.5,36.8,35.8,34.8,32.9,29.4,24.5,19.4,10.7
2712,55.286,0.000,2674.1,150.1,-9.2,3,14591,0.709,0.000,0.354,0.246,-0.057,38.7,6.8,0,-1.84,0.765,38.7,155.0,0.709,6.2,16.7,57.7,48.9,44.0,41.6,40.4,39.4,38.7,38.0,37.3,36.6,35.6,34.6,32.7,29.2,24.4,19.4,10.6
2713,55.306,0.000,2674.9,150.5,-8.8,3,14743,0.759,0.000,0.369,0.246,-0.054,38.5,8.3,0,-1.85,0.737,38.5,153.0,0.759,6.3,17.0,57.5,48.6,43.7,41.4,40.2,39.2,38.5,37.8,37.1,36.4,35.4,34.4,32.5,29.1,24.3,19.3,10.6
2714,55.326,0.000,2675.8,150.9,-8.3,3,14900,0.809,0.000,0.388,0.245,-0.051,38.2,9.9,0,-1.87,0.716,38.2,151.5,0.809,6.3,17.4,57.2,48.4,43.5,41.2,40.0,38.9,38.2,37.5,36.8,36.1,35.2,34.2,32.3,28.9,24.1,19.1,10.6
2715,55.346,0.000,2676.7,151.4,-7.9,3,15065,0.859,0.000,0.404,0.244,-0.048,38.0,12.0,0,-1.88,0.690,38.0,151.5,0.859,6.3,17.8,56.9,48.1,43.2,40.9,39.7,38.7,38.0,37.3,36.6,35.9,35.0,34.0,32.1,28.7,24.0,19.0,10.5
2716,55.366,0.000,2677.5,152.0,-7.7,3,15240,0.000,0.000,0.418,0.244,-0.046,37.8,14.2,0,-1.90,0.668,37.8,151.5,0.859,6.3,18.2,56.6,47.9,43.0,40.7,39.5,38.5,37.8,37.1,36.4,35.7,34.8,33.8,31.9,28.6,23.9,19.0,10.5
2717,55.386,0.000,2678.4,152.1,-7.3,3,14980,0.000,0.000,0.428,0.243,-0.043,37.6,-6.2,0,-1.91,0.649,37.6,151.5,0.859,6.3,18.5,56.4,47.7,42.8,40.5,39.3,38.3,37.6,36.9,36.2,35.6,34.6,33.6,31.8,28.4,23.7,18.9,10.5
2718,55.406,0.000,2679.2,151.7,-6.8,3,14744,0.909,0.000,0.440,0.242,-0.041,37.4,-10.0,0,-1.93,0.635,37.4,151.7,0.909,6.4,19.0,56.1,47.4,42.6,40.3,39.1,38.1,37.4,36.7,36.0,35.3,34.4,33.4,31.6,28.2,23.6,18.8,10.4
2719,55.426,0.000,2680.1,151.7,-6.4,3,14929,0.959,0.000,0.445,0.242,-0.038,37.2,8.4,0,-1.95,0.619,37.2,151.9,0.959,6.4,19.5,55.9,47.2,42.4,40.1,38.9,37.9,37.2,36.5,35.8,35.2,34.3,33.2,31.4,28.1,23.5,18.7,10.4
2720,55.446,0.000,2681.0,152.3,-6.4,3,15167,0.000,0.000,0.445,0.241,-0.038,37.2,15.1,0,-1.96,0.613,37.2,151.8,0.959,6.4,19.6,55.9,47.1,42.3,40.0,38.9,37.9,37.2,36.5,35.8,35.1,34.2,33.2,31.4,28.1,23.5,18.7,10.4
2721,55.466,0.000,2681.8,152.5,-6.4,3,14928,0.000,0.000,0.442,0.240,-0.038,37.2,-6.3,0,-1.96,0.613,37.2,151.9,0.959,6.4,19.6,55.9,47.2,42.4,40.1,38.9,37.9,37.2,36.5,35.8,35.2,34.3,33.2,31.4,28.1,23.5,18.7,10.4
2722,55.486,0.000,2682.7,152.0,-6.4,3,14703,1.000,0.000,0.442,0.240,-0.039,37.3,-10.3,0,-1.96,0.617,37.3,152.1,1.000,6.4,19.5,56.0,47.3,42.4,40.1,39.0,38.0,37.3,36.6,35.9,35.2,34.3,33.3,31.4,28.1,23.5,18.7,10.4
2723,55.506,0.000,2683.6,152.1,-6.4,3,14938,1.000,0.000,0.436,0.239,-0.040,37.4,10.5,0,-1.95,0.617,37.4,152.2,1.000,6.4,19.3,56.2,47.4,42.5,40.3,39.1,38.1,37.4,36.7,36.0,35.3,34.4,33.4,31.5,28.2,23.6,18.7,10.4
2724,55.526,0.000,2684.4,152.6,-6.9,3,15218,0.000,0.000,0.429,0.239,-0.042,37.6,17.8,0,-1.93,0.625,37.6,152.1,1.000,6.4,18.8,56.4,47.7,42.8,40.5,39.3,38.3,37.6,36.9,36.2,35.5,34.6,33.6,31.7,28.4,23.7,18.8,10.4
2725,55.546,0.000,2685.3,152.8,-7.4,3,14984,0.000,0.000,0.422,0.238,-0.046,37.9,-5.4,0,-1.92,0.634,37.9,152.2,1.000,6.4,18.3,56.8,48.0,43.1,40.8,39.6,38.6,37.9,37.1,36.5,35.8,34.8,33.8,31.9,28.6,23.8,18.9,10.5
2726,55.566,0.000,2686.1,152.4,-7.6,3,14754,0.000,0.000,0.417,0.238,-0.048,38.0,-10.4,0,-1.90,0.645,38.0,152.4,1.000,6.4,18.0,57.1,48.2,43.3,41.0,39.8,38.8,38.0,37.3,36.6,36.0,35.0,34.0,32.1,28.7,23.9,19.0,10.5
2727,55.586,0.000,2687.0,151.9,-7.6,3,14551,1.000,0.000,0.411,0.238,-0.050,38.2,-11.6,0,-1.90,0.651,38.2,152.6,1.000,6.4,17.7,57.3,48.4,43.5,41.2,40.0,38.9,38.2,37.5,36.8,36.1,35.2,34.1,32.3,28.8,24.0,19.1,10.5
2728,55.606,0.000,2687.9,151.9,-7.8,3,14807,1.000,0.000,0.403,0.238,-0.052,38.4,10.8,0,-1.88,0.660,38.4,152.9,1.000,6.3,17.4,57.6,48.7,43.7,41.4,40.2,39.1,38.4,37.7,37.0,36.3,35.4,34.3,32.4,29.0,24.2,19.1,10.5
2729,55.626,0.000,2688.7,152.3,-8.4,3,15122,1.000,0.000,0.390,0.238,-0.056,38.7,19.3,0,-1.87,0.670,38.7,152.9,1.000,6.3,17.0,58.0,49.1,44.1,41.7,40.5,39.5,38.7,38.0,37.3,36.6,35.7,34.6,32.7,29.2,24.3,19.3,10.6
2730,55.646,0.000,2689.6,152.9,-9.2,3,15445,0.000,0.000,0.374,0.238,-0.061,39.2,23.9,0,-1.85,0.688,39.2,152.8,1.000,6.3,16.5,58.6,49.6,44.6,42.2,41.0,39.9,39.2,38.4,37.7,37.0,36.1,35.0,33.1,29.5,24.6,19.4,10.6
2731,55.666,0.000,2690.5,153.2,-10.0,3,15195,0.000,0.000,0.360,0.238,-0.066,39.6,-2.4,0,-1.83,0.709,39.6,152.8,1.000,6.2,16.0,59.1,50.1,45.1,42.7,41.4,40.4,39.6,38.9,38.2,37.5,36.5,35.4,33.4,29.9,24.9,19.6,10.7
2732,55.686,0.000,2691.3,152.9,-10.2,3,14938,1.000,0.000,0.356,0.238,-0.069,39.9,-10.2,0,-1.82,0.729,39.9,153.1,1.000,6.2,15.7,59.5,50.4,45.3,42.9,41.7,40.6,39.9,39.1,38.4,37.7,36.7,35.6,33.7,30.1,25.0,19.7,10.7
2733,55.706,0.000,2692.2,152.9,-10.2,3,15156,1.000,0.000,0.352,0.238,-0.070,40.0,11.7,0,-1.82,0.734,40.0,153.4,1.000,6.2,15.6,59.6,50.5,45.5,43.1,41.8,40.7,40.0,39.2,38.5,37.8,36.8,35.7,33.8,30.1,25.1,19.8,10.7
2734,55.726,0.000,2693.1,153.4,-10.4,3,15433,1.000,0.000,0.349,0.238,-0.071,40.1,20.5,0,-1.81,0.739,40.1,153.4,1.000,6.2,15.5,59.8,50.7,45.6,43.2,41.9,40.9,40.1,39.4,38.6,37.9,36.9,35.8,33.9,30.2,25.2,19.8,10.7
2735,55.746,0.000,2693.9,153.9,-10.8,3,15727,0.000,0.000,0.341,0.239,-0.074,40.3,25.8,0,-1.81,0.744,40.3,153.4,1.000,6.2,15.3,60.0,50.9,45.8,43.4,42.1,41.1,40.3,39.6,38.8,38.1,37.1,36.0,34.0,30.4,25.3,19.9,10.7
2736,55.766,0.000,2694.8,154.3,-11.2,3,15434,0.000,0.000,0.334,0.239,-0.076,40.5,-1.2,0,-1.80,0.755,40.5,153.5,1.000,6.2,15.1,60.3,51.2,46.1,43.6,42.4,41.3,40.5,39.8,39.0,38.3,37.3,36.2,34.2,30.6,25.4,20.0,10.8
2737,55.786,0.000,2695.7,154.0,-11.0,3,15148,0.000,0.000,0.336,0.240,-0.076,40.6,-10.1,0,-1.80,0.763,40.6,153.8,1.000,6.2,15.1,60.4,51.2,46.1,43.7,42.4,41.3,40.6,39.8,39.1,38.4,37.4,36.3,34.3,30.6,25.4,20.0,10.8
2738,55.806,0.000,2696.6,153.4,-10.7,3,14898,1.000,0.000,0.337,0.240,-0.076,40.6,-12.3,0,-1.80,0.761,40.6,154.1,1.000,6.2,15.1,60.4,51.2,46.1,43.7,42.4,41.3,40.6,39.8,39.1,38.4,37.4,36.2,34.2,30.6,25.4,20.0,10.8
2739,55.826,0.000,2697.4,153.4,-10.3,3,15125,1.000,0.000,0.339,0.241,-0.075,40.5,10.9,0,-1.80,0.760,40.5,154.5,1.000,6.2,15.1,60.3,51.2,46.1,43.6,42.4,41.3,40.5,39.8,39.0,38.3,37.3,36.2,34.2,30.6,25.4,20.0,10.8
2740,55.846,0.000,2698.3,153.9,-10.3,3,15415,1.000,0.000,0.336,0.243,-0.075,40.6,19.7,0,-1.79,0.757,40.6,154.7,1.000,6.1,15.0,60.4,51.2,46.1,43.7,42.4,41.3,40.6,39.8,39.1,38.4,37.4,36.3,34.3,30.6,25.4,20.0,10.8
2741,55.866,0.000,2699.2,154.5,-10.6,3,15717,1.000,0.000,0.330,0.244,-0.077,40.7,24.7,0,-1.79,0.761,40.7,154.7,1.000,6.1,14.9,60.6,51.4,46.3,43.8,42.6,41.5,40.7,40.0,39.2,38.5,37.5,36.4,34.4,30.7,25.5,20.1,10.8
2742,55.886,0.000,2700.1,155.2,-11.1,3,16002,0.000,0.000,0.321,0.245,-0.079,41.0,27.6,0,-1.78,0.770,41.0,154.6,1.000,6.1,14.7,60.9,51.7,46.5,44.1,42.8,41.7,41.0,40.2,39.5,38.7,37.7,36.6,34.6,30.9,25.7,20.2,10.9
2743,55.906,0.000,2700.9,155.6,-11.5,3,15651,0.000,0.000,0.316,0.246,-0.081,41.2,-1.0,0,-1.77,0.781,41.2,154.7,1.000,6.1,14.5,61.1,51.9,46.8,44.3,43.0,41.9,41.2,40.4,39.7,38.9,37.9,36.8,34.8,31.1,25.8,20.3,10.9
2744,55.926,0.000,2701.8,155.3,-11.2,3,15339,0.000,0.000,0.321,0.247,-0.081,41.2,-10.3,0,-1.77,0.788,41.2,154.9,1.000,6.1,14.5,61.1,51.9,46.8,44.3,43.0,41.9,41.2,40.4,39.7,38.9,37.9,36.8,34.8,31.1,25.8,20.3,10.9
2745,55.946,0.000,2702.7,154.8,-10.7,3,15071,1.000,0.000,0.326,0.248,-0.079,41.0,-12.5,0,-1.77,0.782,41.0,155.3,1.000,6.1,14.6,61.0,51.8,46.6,44.2,42.9,41.8,41.0,40.3,39.5,38.8,37.8,36.7,34.7,31.0,25.7,20.3,10.9
2746,55.966,0.000,2703.6,154.7,-10.2,3,15288,1.000,0.000,0.331,0.250,-0.077,40.9,10.6,0,-1.78,0.774,40.9,155.6,1.000,6.1,14.7,60.8,51.6,46.4,44.0,42.7,41.6,40.9,40.1,39.4,38.7,37.7,36.5,34.5,30.8,25.7,20.2,10.9
2747,55.986,0.000,2704.5,155.3,-10.0,3,15568,1.000,0.000,0.332,0.251,-0.076,40.8,19.5,0,-1.78,0.767,40.8,155.8,1.000,6.1,14.7,60.7,51.5,46.4,43.9,42.7,41.6,40.8,40.1,39.3,38.6,37.6,36.5,34.5,30.8,25.6,20.2,10.9
2748,56.006,0.000,2705.4,155.9,-10.2,3,15861,0.000,0.000,0.328,0.253,-0.077,40.9,24.2,0,-1.77,0.767,40.9,155.8,1.000,6.1,14.6,60.8,51.6,46.5,44.0,42.8,41.7,40.9,40.2,39.4,38.7,37.7,36.6,34.6,30.9,25.7,20.2,10.9
2749,56.026,0.000,2706.2,156.2,-10.3,3,15548,0.000,0.000,0.324,0.255,-0.078,41.0,-2.9,0,-1.77,0.772,41.0,155.9,1.000,6.0,14.5,60.9,51.8,46.6,44.2,42.9,41.8,41.0,40.3,39.5,38.8,37.8,36.7,34.7,31.0,25.8,20.3,10.9
2750,56.046,0.000,2707.1,155.9,-10.0,3,15259,1.000,0.000,0.328,0.256,-0.077,41.0,-10.9,0,-1.77,0.778,41.0,156.2,1.000,6.0,14.5,60.9,51.7,46.6,44.1,42.9,41.8,41.0,40.3,39.5,38.8,37.8,36.7,34.7,31.0,25.8,20.3,10.9
2751,56.066,0.000,2708.0,155.9,-9.6,3,15464,1.000,0.000,0.333,0.258,-0.075,40.9,10.7,0,-1.77,0.772,40.9,156.5,1.000,6.0,14.6,60.8,51.6,46.4,44.0,42.7,41.7,40.9,40.1,39.4,38.7,37.7,36.6,34.6,30.9,25.7,20.3,10.9
2752,56.086,0.000,2708.9,156.5,-9.4,3,15724,1.000,0.000,0.335,0.260,-0.074,40.8,18.6,0,-1.77,0.766,40.8,156.6,1.000,6.0,14.6,60.7,51.5,46.4,43.9,42.7,41.6,40.8,40.1,39.3,38.6,37.6,36.5,34.5,30.8,25.7,20.2,10.9
2753,56.106,0.000,2709.8,157.2,-9.5,3,15988,0.000,0.000,0.333,0.262,-0.074,40.8,22.5,0,-1.77,0.763,40.8,156.5,1.000,6.0,14.5,60.7,51.5,46.4,43.9,42.7,41.6,40.8,40.1,39.3,38.6,37.6,36.5,34.5,30.8,25.7,20.3,10.9
2754,56.126,0.000,2710.7,157.5,-9.6,3,15649,0.000,0.000,0.333,0.264,-0.074,40.9,-4.0,0,-1.76,0.765,40.9,156.6,1.000,6.0,14.5,60.7,51.5,46.4,44.0,42.7,41.6,40.9,40.1,39.4,38.6,37.7,36.5,34.5,30.9,25.7,20.3,11.0
2755,56.146,0.000,2711.6,157.1,-9.2,3,15354,0.000,0.000,0.340,0.266,-0.072,40.8,-11.1,0,-1.76,0.765,40.8,156.8,1.000,6.0,14.5,60.6,51.4,46.3,43.9,42.6,41.5,40.8,40.0,39.3,38.6,37.6,36.4,34.5,30.8,25.6,20.2,11.0
2756,56.166,0.000,2712.5,156.6,-8.7,3,15104,1.000,0.000,0.343,0.268,-0.070,40.6,-12.7,0,-1.76,0.756,40.6,157.2,1.000,6.0,14.6,60.4,51.3,46.1,43.7,42.5,41.4,40.6,39.9,39.1,38.4,37.4,36.3,34.3,30.7,25.6,20.2,11.0
2757,56.186,0.000,2713.4,156.7,-8.3,3,15339,1.000,0.000,0.346,0.270,-0.069,40.5,9.7,0,-1.76,0.751,40.5,157.5,1.000,6.0,14.6,60.3,51.2,46.1,43.6,42.4,41.3,40.5,39.8,39.1,38.3,37.4,36.3,34.3,30.6,25.5,20.2,11.0
2758,56.206,0.000,2714.3,157.2,-8.3,3,15630,1.000,0.000,0.343,0.272,-0.069,40.6,17.3,0,-1.76,0.747,40.6,157.6,1.000,5.9,14.6,60.3,51.2,46.1,43.7,42.4,41.3,40.6,39.8,39.1,38.4,37.4,36.3,34.3,30.7,25.6,20.2,11.0
2759,56.226,0.000,2715.2,157.9,-8.7,3,15920,0.000,0.000,0.337,0.274,-0.070,40.7,21.0,0,-1.75,0.752,40.7,157.5,1.000,5.9,14.4,60.5,51.4,46.3,43.8,42.6,41.5,40.7,40.0,39.3,38.5,37.5,36.4,34.4,30.8,25.7,20.3,11.0
2760,56.246,0.000,2716.1,158.2,-8.9,3,15599,0.000,0.000,0.331,0.277,-0.072,40.9,-5.2,0,-1.74,0.760,40.9,157.6,1.000,5.9,14.2,60.8,51.6,46.5,44.0,42.8,41.7,40.9,40.2,39.4,38.7,37.7,36.6,34.6,30.9,25.8,20.4,11.0
2761,56.266,0.000,2717.0,157.8,-8.8,3,15320,1.000,0.000,0.333,0.279,-0.072,41.0,-11.6,0,-1.74,0.768,41.0,157.8,1.000,5.9,14.2,60.8,51.6,46.5,44.1,42.8,41.7,41.0,40.2,39.5,38.7,37.8,36.6,34.6,31.0,25.8,20.4,11.1
2762,56.286,0.000,2717.9,157.8,-8.6,3,15538,1.000,0.000,0.334,0.281,-0.071,40.9,10.0,0,-1.74,0.765,40.9,158.1,1.000,5.8,14.2,60.8,51.6,46.5,44.0,42.8,41.7,40.9,40.2,39.4,38.7,37.7,36.6,34.6,31.0,25.8,20.4,11.1
2763,56.306,0.000,2718.8,158.4,-8.7,3,15813,0.000,0.000,0.333,0.284,-0.071,41.0,17.6,0,-1.74,0.764,41.0,158.0,1.000,5.8,14.1,60.8,51.6,46.5,44.1,42.8,41.7,41.0,40.2,39.5,38.7,37.8,36.6,34.6,31.0,25.8,20.4,11.1
2764,56.326,0.000,2719.7,158.7,-8.7,3,15525,0.000,0.000,0.333,0.286,-0.071,41.0,-6.2,0,-1.73,0.765,41.0,158.0,1.000,5.8,14.1,60.8,51.6,46.5,44.1,42.8,41.7,41.0,40.2,39.5,38.8,37.8,36.7,34.7,31.0,25.9,20.5,11.1
2765,56.346,0.000,2720.6,158.3,-8.3,3,15265,0.000,0.000,0.340,0.288,-0.069,40.9,-11.8,0,-1.73,0.765,40.9,158.3,1.000,5.8,14.1,60.7,51.5,46.4,44.0,42.7,41.6,40.9,40.1,39.4,38.7,37.7,36.6,34.6,30.9,25.8,20.4,11.1
2766,56.366,0.000,2721.5,157.8,-7.9,3,15041,1.000,0.000,0.343,0.291,-0.067,40.7,-13.1,0,-1.73,0.755,40.7,158.5,1.000,5.8,14.2,60.5,51.4,46.3,43.8,42.6,41.5,40.7,40.0,39.3,38.6,37.6,36.5,34.5,30.8,25.7,20.4,11.1
2767,56.386,0.000,2722.4,157.8,-7.8,3,15301,1.000,0.000,0.341,0.293,-0.067,40.8,9.6,0,-1.73,0.752,40.8,158.6,1.000,5.8,14.1,60.5,51.4,46.3,43.8,42.6,41.5,40.8,40.0,39.3,38.6,37.6,36.5,34.5,30.9,25.8,20.4,11.1
2768,56.406,0.000,2723.3,158.3,-8.1,3,15630,1.000,0.000,0.333,0.296,-0.068,40.9,17.6,0,-1.72,0.754,40.9,158.7,1.000,5.7,13.9,60.7,51.6,46.4,44.0,42.8,41.7,40.9,40.2,39.4,38.7,37.7,36.6,34.6,31.0,25.9,20.5,11.2
2769,56.426,0.000,2724.2,159.0,-8.7,3,15956,0.000,0.000,0.322,0.298,-0.071,41.2,21.4,0,-1.71,0.764,41.2,158.5,1.000,5.7,13.7,61.1,51.9,46.8,44.3,43.1,42.0,41.2,40.5,39.7,39.0,38.0,36.9,34.9,31.2,26.1,20.6,11.2
2770,56.446,0.000,2725.1,159.3,-9.2,3,15646,0.000,0.000,0.317,0.300,-0.074,41.5,-5.1,0,-1.70,0.779,41.5,158.4,1.000,5.7,13.5,61.5,52.2,47.0,44.6,43.3,42.2,41.5,40.7,40.0,39.3,38.3,37.1,35.1,31.4,26.2,20.7,11.3
2771,56.466,0.000,2726.0,159.0,-9.1,3,15369,0.000,0.000,0.323,0.302,-0.073,41.5,-11.7,0,-1.71,0.787,41.5,158.6,1.000,5.7,13.5,61.5,52.2,47.0,44.6,43.3,42.2,41.5,40.7,40.0,39.2,38.2,37.1,35.1,31.4,26.2,20.8,11.3
2772,56.486,0.000,2726.9,158.5,-8.6,3,15134,1.000,0.000,0.328,0.305,-0.071,41.3,-13.1,0,-1.71,0.779,41.3,158.8,1.000,5.7,13.5,61.4,52.0,46.9,44.4,43.2,42.1,41.3,40.6,39.8,39.1,38.1,37.0,35.0,31.3,26.1,20.7,11.3
2773,56.506,0.000,2727.8,158.5,-8.4,3,15392,0.000,0.000,0.329,0.307,-0.070,41.3,10.4,0,-1.71,0.772,41.3,157.6,1.000,5.6,13.5,61.4,51.9,46.8,44.4,43.1,42.0,41.3,40.5,39.8,39.0,38.0,36.9,34.9,31.3,26.1,20.7,11.3
2774,56.526,0.000,2728.7,158.6,-8.5,3,15200,0.000,0.000,0.325,0.309,-0.070,41.3,-8.0,0,-1.72,0.771,41.3,158.1,1.000,5.6,13.4,61.7,52.0,46.9,44.4,43.2,42.1,41.3,40.6,39.8,39.1,38.1,37.0,35.0,31.3,26.2,20.7,11.3
2775,56.546,0.000,2729.6,158.1,-8.4,3,14995,1.000,0.000,0.323,0.312,-0.071,41.4,-12.5,0,-1.72,0.776,41.4,159.4,1.000,5.6,13.3,62.0,52.1,47.0,44.5,43.3,42.2,41.4,40.7,39.9,39.2,38.2,37.1,35.1,31.4,26.2,20.8,11.3
2776,56.566,0.000,2730.5,158.2,-8.4,3,15269,1.000,0.000,0.319,0.314,-0.072,41.5,9.4,0,-1.73,0.779,41.5,159.6,1.000,5.6,13.2,62.4,52.2,47.1,44.7,43.4,42.3,41.5,40.8,40.1,39.3,38.3,37.2,35.2,31.5,26.3,20.9,11.4
2777,56.586,0.000,2731.4,158.7,-8.7,3,15610,1.000,0.000,0.315,0.317,-0.073,41.7,17.1,0,-1.74,0.784,41.7,159.6,1.000,5.5,13.1,63.0,52.4,47.3,44.8,43.5,42.5,41.7,40.9,40.2,39.5,38.5,37.3,35.3,31.6,26.4,20.9,11.4
2778,56.606,0.000,2732.3,159.4,-9.2,3,15945,1.000,0.000,0.308,0.319,-0.075,41.9,20.7,0,-1.75,0.790,41.9,159.4,1.000,5.5,12.9,63.7,52.7,47.5,45.0,43.8,42.7,41.9,41.1,40.4,39.7,38.7,37.5,35.5,31.8,26.6,21.0,11.4
2779,56.626,0.000,2733.2,160.1,-9.8,3,16242,0.000,0.000,0.302,0.322,-0.077,42.1,23.6,0,-1.77,0.799,42.1,159.3,1.000,5.5,12.7,64.5,52.9,47.7,45.3,44.0,42.9,42.1,41.4,40.6,39.9,38.9,37.7,35.7,32.0,26.7,21.1,11.5
2780,56.646,0.000,2734.1,160.4,-10.2,3,15875,0.000,0.000,0.297,0.324,-0.079,42.3,-3.6,0,-1.79,0.808,42.3,159.3,1.000,5.5,12.6,65.4,53.2,47.9,45.5,44.2,43.1,42.3,41.6,40.8,40.1,39.1,37.9,35.9,32.1,26.8,21.2,11.5
2781,56.666,0.000,2735.1,160.1,-10.0,3,15567,0.000,0.000,0.300,0.326,-0.078,42.3,-11.7,0,-1.82,0.810,42.3,159.6,1.000,5.4,12.6,65.9,53.3,47.9,45.5,44.2,43.1,42.3,41.6,40.8,40.1,39.1,37.9,35.9,32.1,26.8,21.3,11.5
2782,56.686,0.000,2736.0,159.6,-9.7,3,15310,1.000,0.000,0.305,0.328,-0.077,42.3,-13.6,0,-1.85,0.810,42.3,160.1,1.000,5.4,12.6,66.4,53.4,47.9,45.4,44.1,43.0,42.3,41.5,40.7,40.0,39.0,37.9,35.8,32.1,26.8,21.2,11.5
2783,56.706,0.000,2736.9,159.6,-9.4,3,15552,1.000,0.000,0.308,0.331,-0.076,42.2,9.4,0,-1.88,0.803,42.2,160.7,1.000,5.4,12.6,67.0,53.4,47.8,45.3,44.0,43.0,42.2,41.4,40.7,39.9,38.9,37.8,35.8,32.0,26.8,21.2,11.5
2784,56.726,0.000,2737.8,160.1,-9.4,3,15865,1.000,0.000,0.307,0.333,-0.075,42.2,17.6,0,-1.92,0.800,42.2,161.1,1.000,5.4,12.5,67.8,53.6,47.8,45.3,44.1,43.0,42.2,41.4,40.7,40.0,39.0,37.8,35.8,32.1,26.8,21.2,11.5
2785,56.746,0.000,2738.7,160.8,-9.7,3,16178,1.000,0.000,0.303,0.336,-0.076,42.3,21.5,0,-1.96,0.800,42.3,161.6,1.000,5.4,12.4,69.0,54.0,48.0,45.5,44.2,43.1,42.3,41.6,40.8,40.1,39.1,37.9,35.9,32.2,26.9,21.3,11.6
2786,56.766,0.000,2739.6,161.5,-10.2,3,16463,1.000,0.000,0.297,0.338,-0.078,42.5,24.5,0,-2.03,0.806,42.5,162.1,1.000,5.3,12.2,70.6,54.7,48.3,45.7,44.4,43.3,42.5,41.8,41.0,40.3,39.3,38.1,36.1,32.3,27.0,21.4,11.6
2787,56.786,0.000,2740.6,162.2,-10.9,3,16705,1.000,0.000,0.288,0.340,-0.081,42.8,26.3,0,-2.10,0.810,42.8,162.7,1.000,5.3,12.1,72.5,55.5,48.8,46.0,44.7,43.6,42.8,42.1,41.3,40.6,39.5,38.4,36.3,32.6,27.2,21.5,11.7
2788,56.806,0.000,2741.5,162.9,-11.6,3,16897,1.000,0.000,0.278,0.342,-0.084,43.1,27.3,0,-2.19,0.810,43.1,163.6,1.000,5.3,11.9,74.8,56.4,49.3,46.4,45.0,43.9,43.1,42.3,41.6,40.8,39.8,38.6,36.6,32.8,27.4,21.7,11.7
2789,56.826,0.000,2742.4,163.6,-12.3,3,17044,1.000,0.000,0.270,0.343,-0.086,43.3,28.0,0,-2.30,0.810,43.3,164.5,1.000,5.3,11.8,77.2,57.3,49.8,46.8,45.3,44.1,43.3,42.5,41.8,41.0,40.0,38.8,36.8,32.9,27.5,21.8,11.7
2790,56.846,0.000,2743.4,164.3,-12.8,3,17158,1.000,0.000,0.266,0.345,-0.087,43.5,28.7,0,-2.41,0.810,43.5,165.8,1.000,5.2,11.7,79.8,58.3,50.3,47.1,45.6,44.4,43.5,42.7,41.9,41.2,40.2,39.0,36.9,33.1,27.6,21.9,11.8
2791,56.866,0.000,2744.3,165.0,-13.3,3,17250,1.000,0.000,0.265,0.346,-0.088,43.7,29.3,0,-2.54,0.810,43.7,168.3,1.000,5.2,11.6,82.5,59.2,50.8,47.5,45.9,44.6,43.7,42.9,42.1,41.3,40.3,39.1,37.0,33.2,27.7,21.9,11.8
2792,56.886,0.000,2745.2,165.7,-13.7,3,17340,1.000,0.000,0.266,0.347,-0.089,44.0,30.6,0,-2.69,0.810,44.0,170.8,1.000,5.2,11.5,85.7,60.3,51.4,47.9,46.2,44.9,44.0,43.1,42.2,41.4,40.4,39.2,37.1,33.2,27.8,22.0,11.8
2793,56.906,0.000,2746.2,166.4,-14.2,3,17425,1.000,0.000,0.266,0.348,-0.090,44.3,31.6,0,-2.87,0.810,44.3,173.6,1.000,5.2,11.5,89.4,61.6,52.1,48.4,46.6,45.2,44.3,43.3,42.5,41.6,40.5,39.3,37.2,33.3,27.9,22.0,11.8
2794,56.926,0.000,2747.2,167.1,-14.7,3,17497,1.000,0.000,0.266,0.348,-0.092,44.7,32.3,0,-3.07,0.810,44.7,176.7,1.000,5.2,11.4,94.0,63.2,52.9,49.0,47.2,45.7,44.7,43.7,42.8,41.9,40.7,39.5,37.3,33.5,27.9,22.1,11.9
2795,56.946,0.000,2748.1,167.8,-15.2,3,17558,1.000,0.000,0.267,0.349,-0.093,45.1,32.8,0,-3.31,0.810,45.1,180.3,1.000,5.2,11.3,99.5,65.0,53.9,49.8,47.8,46.2,45.1,44.1,43.2,42.2,41.0,39.7,37.5,33.6,28.0,22.2,11.9
2796,56.966,0.000,2749.1,168.4,-15.7,3,17609,1.000,0.000,0.259,0.349,-0.095,45.7,33.1,0,-3.59,0.790,45.7,184.6,1.000,5.2,11.3,106.3,67.1,55.1,50.6,48.5,46.8,45.7,44.6,43.6,42.6,41.4,40.0,37.7,33.7,28.1,22.2,11.9
2797,56.986,0.000,2750.1,169.1,-16.2,3,17654,1.000,0.000,0.235,0.349,-0.096,46.3,33.3,0,-3.93,0.735,46.3,190.4,1.000,5.2,11.2,114.6,69.5,56.4,51.6,49.3,47.5,46.3,45.2,44.1,43.1,41.7,40.3,37.9,33.8,28.2,22.3,11.9
2798,57.006,0.000,2751.0,169.8,-16.6,3,17698,1.000,0.000,0.193,0.349,-0.098,47.0,33.4,0,-4.32,0.635,47.0,198.5,1.000,5.2,11.1,124.8,72.2,57.8,52.6,50.2,48.3,47.0,45.8,44.7,43.6,42.2,40.7,38.1,33.9,28.3,22.4,11.9
2799,57.026,0.000,2752.0,170.4,-17.0,3,17742,1.000,0.000,0.141,0.349,-0.099,47.8,33.1,0,-4.77,0.508,47.8,209.4,1.000,5.2,11.1,137.3,75.3,59.4,53.8,51.2,49.1,47.8,46.5,45.3,44.1,42.6,41.0,38.4,34.0,28.4,22.4,11.9
2800,57.046,0.000,2753.0,171.1,-17.4,3,17788,1.000,0.000,0.107,0.348,-0.099,48.6,32.6,0,-5.30,0.406,48.6,216.0,1.000,5.2,11.1,152.8,78.6,61.1,55.0,52.2,50.0,48.6,47.2,45.9,44.7,43.1,41.4,38.6,34.1,28.4,22.4,11.9
2801,57.066,0.000,2754.0,171.8,-17.6,3,17836,1.000,0.000,0.088,0.348,-0.099,49.4,32.1,0,-5.92,0.325,49.4,223.2,1.000,5.2,11.1,172.8,82.4,62.9,56.3,53.3,50.9,49.4,47.9,46.6,45.3,43.6,41.8,38.9,34.2,28.4,22.4,11.9
2802,57.086,0.000,2755.0,172.5,-17.8,3,17880,1.000,0.000,0.081,0.347,-0.098,50.3,31.6,0,-6.66,0.260,50.3,230.7,1.000,5.2,11.2,200.0,86.7,64.8,57.6,54.4,51.9,50.3,48.7,47.3,45.9,44.1,42.2,39.2,34.2,28.4,22.4,11.9
2803,57.106,0.000,2755.9,173.2,-17.9,3,17944,1.000,0.000,0.053,0.346,-0.097,51.2,31.3,0,-6.59,0.208,51.2,238.7,1.000,5.2,11.2,200.0,91.5,67.0,59.1,55.7,53.0,51.2,49.5,48.0,46.5,44.6,42.7,39.4,34.3,28.3,22.3,11.9
2804,57.126,0.000,2756.9,174.0,-18.0,3,17966,1.000,0.000,0.034,0.345,-0.096,52.1,30.1,0,-6.53,0.166,52.1,247.5,1.000,5.2,11.3,200.0,96.7,69.2,60.6,56.9,54.0,52.1,50.3,48.7,47.1,45.1,43.1,39.7,34.4,28.2,22.2,11.9
2805,57.146,0.000,2757.9,174.8,-17.8,3,17986,1.000,0.000,0.023,0.344,-0.093,52.9,28.8,0,-6.48,0.133,52.9,256.0,1.000,5.2,11.4,200.0,102.1,71.3,62.0,58.0,54.9,52.9,51.0,49.3,47.6,45.6,43.4,39.9,34.3,28.0,22.1,11.8
2806,57.166,0.000,2758.9,175.6,-17.4,3,18012,1.000,0.000,0.021,0.342,-0.089,53.5,27.6,0,-6.45,0.107,53.5,264.1,1.000,5.3,11.6,200.0,107.5,73.2,63.2,58.9,55.6,53.5,51.5,49.7,48.0,45.8,43.6,39.9,34.2,27.8,21.9,11.8
2807,57.186,0.000,2760.0,176.4,-16.9,3,18042,1.000,0.000,0.026,0.340,-0.084,54.1,26.5,0,-6.43,0.085,54.1,272.8,1.000,5.3,11.9,200.0,113.1,75.1,64.3,59.8,56.3,54.1,52.0,50.1,48.3,46.1,43.7,39.9,34.1,27.6,21.7,11.7
2808,57.206,0.000,2761.0,177.2,-16.3,3,18068,1.000,0.000,0.031,0.338,-0.079,54.6,25.5,0,-6.33,0.068,54.6,215.3,1.000,5.3,12.2,196.9,119.4,77.1,65.5,60.7,57.0,54.6,52.5,50.5,48.6,46.3,43.8,39.9,34.0,27.3,21.5,11.6
2809,57.226,0.000,2762.0,178.1,-15.7,3,18084,1.000,0.000,0.038,0.336,-0.073,55.2,24.3,0,-6.16,0.053,55.2,367.1,1.000,5.4,12.5,190.7,126.2,79.0,66.6,61.5,57.6,55.2,52.9,50.8,48.9,46.4,43.9,39.9,33.8,27.0,21.3,11.6
2810,57.246,0.000,2763.0,179.0,-14.9,3,18023,1.000,0.000,0.044,0.333,-0.067,55.6,21.7,0,-5.94,0.033,55.6,357.4,1.000,5.4,12.9,181.7,133.1,80.8,67.6,62.2,58.1,55.6,53.2,51.0,49.0,46.5,43.9,39.8,33.6,26.7,21.0,11.5
2811,57.266,0.000,2764.0,179.9,-13.9,3,17983,1.000,0.000,0.017,0.330,-0.059,55.7,19.3,0,-4.63,0.013,55.7,258.9,1.000,5.5,13.4,129.1,139.0,82.1,68.2,62.5,58.3,55.7,53.2,51.0,49.0,46.4,43.7,39.5,33.2,26.4,20.7,11.4
2812,57.286,0.000,2765.1,180.8,-12.8,3,17968,1.000,0.000,0.037,0.327,-0.050,55.5,17.0,0,-4.28,0.004,55.5,230.9,1.000,5.6,14.1,111.8,143.6,82.7,68.3,62.5,58.2,55.5,53.0,50.7,48.7,46.0,43.4,39.1,32.8,26.0,20.3,11.2
2813,57.306,0.000,2766.1,181.7,-11.5,3,17967,1.000,0.000,0.069,0.323,-0.040,55.3,15.2,0,-4.15,0.003,55.3,226.3,1.000,5.7,15.0,102.5,148.3,83.3,68.4,62.4,58.0,55.3,52.7,50.4,48.3,45.7,43.0,38.7,32.4,25.5,19.9,11.1
2814,57.326,0.000,2767.2,182.6,-10.3,3,17968,1.000,0.000,0.103,0.319,-0.031,55.1,13.7,0,-4.10,0.002,55.1,227.8,1.000,5.8,16.0,95.1,154.2,84.2,68.7,62.5,58.0,55.1,52.6,50.2,48.1,45.4,42.7,38.4,32.0,25.2,19.6,11.0
2815,57.346,0.000,2768.2,183.6,-9.2,3,17930,1.000,0.000,0.138,0.315,-0.022,55.2,11.7,0,-4.09,0.002,55.2,230.0,1.000,5.9,17.1,88.4,162.2,85.5,69.2,62.8,58.1,55.2,52.6,50.2,48.0,45.2,42.4,38.1,31.6,24.8,19.2,10.9
2816,57.366,0.000,2769.2,184.5,-8.1,3,17866,1.000,0.000,0.176,0.309,-0.013,55.3,9.1,0,-4.14,0.001,55.3,232.5,1.000,6.0,18.1,83.4,171.6,86.9,69.8,63.2,58.3,55.3,52.6,50.1,47.9,45.1,42.2,37.8,31.3,24.5,18.9,10.7
2817,57.386,0.000,2770.3,185.4,-7.0,3,17870,1.000,0.000,0.224,0.304,-0.004,55.5,7.8,0,-4.44,0.001,55.5,235.3,1.000,6.1,18.9,79.2,200.0,88.6,70.5,63.6,58.6,55.5,52.7,50.1,47.9,45.0,42.1,37.6,31.0,24.2,18.6,10.6
2818,57.406,0.000,2771.3,186.2,-6.1,3,17916,1.000,0.000,0.254,0.298,0.005,56.1,7.4,0,-4.36,0.000,57.8,240.1,1.000,6.2,19.6,74.0,200.0,91.5,72.0,64.6,59.3,56.1,53.1,50.5,48.1,45.2,42.2,37.6,30.9,23.9,18.4,10.5
2819,57.426,0.000,2772.4,187.0,-5.5,3,17987,1.000,0.000,0.219,0.291,0.011,57.6,7.5,0,-4.20,-0.048,62.0,249.2,1.000,6.3,19.9,66.7,200.0,97.3,75.1,67.0,61.2,57.6,54.5,51.6,49.1,45.9,42.8,37.9,31.0,23.9,18.2,10.4
2820,57.446,0.000,2773.5,187.8,-5.4,3,18069,1.000,0.000,0.141,0.284,0.015,60.2,7.3,0,-4.01,-0.173,67.4,263.3,1.000,6.4,19.9,59.4,200.0,106.6,80.1,70.7,64.1,60.2,56.6,53.5,50.7,47.3,43.9,38.7,31.3,23.9,18.1,10.3
2821,57.466,0.000,2774.6,188.6,-5.4,3,18058,1.000,0.000,0.050,0.276,0.019,63.3,4.8,0,-3.79,-0.329,74.0,373.2,1.000,6.5,19.8,53.7,196.6,119.3,86.5,75.4,67.9,63.3,59.4,55.9,52.8,49.0,45.3,39.6,31.8,24.0,18.1,10.2
2822,57.486,0.000,2775.6,189.4,-5.3,3,18103,1.000,0.000,-0.017,0.267,0.024,66.1,3.2,0,-3.62,-0.470,82.9,369.0,1.000,6.6,19.9,50.4,192.5,132.3,92.5,79.7,71.1,66.1,61.7,57.8,54.5,50.3,46.3,40.3,32.1,24.1,18.0,10.1
2823,57.506,0.000,2776.7,190.3,-5.0,3,18180,1.000,0.000,0.013,0.257,0.034,67.1,2.5,0,-3.57,-0.470,94.4,366.3,1.000,6.8,20.3,49.8,190.0,139.3,95.3,81.5,72.4,67.1,62.5,58.4,54.9,50.6,46.5,40.4,32.0,23.9,17.8,9.9
2824,57.526,0.000,2777.8,191.2,-4.1,3,18245,1.000,0.000,0.057,0.246,0.046,67.1,2.2,0,-3.57,-0.470,115.0,364.4,1.000,7.0,20.8,50.2,188.2,142.5,96.1,81.9,72.5,67.1,62.4,58.3,54.7,50.4,46.2,40.0,31.6,23.6,17.5,9.8
2825,57.546,0.000,2778.8,192.0,-3.3,3,18295,1.000,0.000,0.100,0.233,0.056,67.7,1.7,0,-3.54,-0.470,67.7,362.0,1.000,7.2,21.2,50.0,185.9,148.9,98.3,83.3,73.4,67.7,62.8,58.6,54.9,50.5,46.2,39.9,31.4,23.3,17.3,9.6
2826,57.566,0.000,2779.9,192.9,-2.8,3,18290,1.000,0.000,0.133,0.220,0.065,69.8,0.4,0,-3.45,-0.470,69.8,358.4,1.000,7.4,21.4,48.7,182.6,163.5,103.7,86.8,76.0,69.8,64.5,60.0,56.1,51.4,46.9,40.3,31.5,23.2,17.2,9.5
2827,57.586,0.000,2781.0,193.8,-2.5,3,18314,1.000,0.000,0.162,0.205,0.072,73.2,-0.7,0,-3.35,-0.470,73.2,353.4,1.000,7.5,21.3,46.7,178.1,198.9,112.7,92.7,80.3,73.2,67.4,62.4,58.1,52.9,48.1,41.1,31.9,23.3,17.1,9.3
2828,57.606,0.000,2782.1,194.6,-2.5,3,18401,1.000,0.000,0.182,0.189,0.078,78.5,-0.3,0,-3.12,-0.470,78.5,372.1,1.000,7.7,21.1,44.4,171.7,195.5,126.9,101.8,86.7,78.5,71.6,65.9,61.0,55.3,50.0,42.3,32.5,23.5,17.1,9.2
2829,57.626,0.000,2783.2,195.3,-2.6,3,18521,1.000,0.000,0.188,0.173,0.081,86.9,0.6,0,-2.71,-0.470,86.9,367.7,1.000,7.7,20.7,41.6,153.3,191.3,152.5,117.1,97.4,86.9,78.5,71.5,65.7,59.0,52.9,44.3,33.5,23.9,17.2,9.2
2830,57.646,0.000,2784.3,196.1,-3.2,3,18657,1.000,0.000,0.152,0.155,0.077,101.1,1.9,0,-2.12,-0.470,101.1,371.2,1.000,7.8,20.2,38.5,113.1,185.9,194.6,145.5,115.8,101.1,89.7,80.6,73.2,64.9,57.4,47.3,35.0,24.5,17.4,9.1
2831,57.666,0.000,2785.4,196.8,-4.0,3,18760,1.000,0.000,0.080,0.139,0.064,122.6,2.7,0,-1.69,-0.470,122.6,370.5,1.000,7.8,19.6,35.8,89.6,179.7,189.7,193.9,145.4,122.6,106.1,93.4,83.5,72.7,63.3,51.0,36.8,25.3,17.7,9.1
2832,57.686,0.000,2786.5,197.7,-4.4,3,18739,1.000,0.000,0.025,0.124,0.054,147.7,0.3,0,-1.39,-0.470,147.7,370.0,1.000,7.9,19.2,34.0,77.6,173.8,185.3,189.9,193.5,147.7,124.0,106.9,93.9,80.3,68.9,54.4,38.4,25.9,17.9,9.1
2833,57.706,0.000,2787.6,198.5,-4.3,3,18910,1.000,0.000,-0.005,0.110,0.048,193.3,1.8,0,-1.21,-0.470,193.3,369.8,1.000,7.9,19.1,33.3,72.5,169.5,182.1,187.0,190.8,193.3,137.4,116.5,101.1,85.3,72.4,56.4,39.2,26.1,18.0,9.0
2834,57.726,0.000,2788.7,199.2,-4.0,3,19087,1.000,0.000,-0.016,0.098,0.046,191.4,3.7,0,-1.16,-0.470,191.4,367.8,1.000,8.0,19.2,33.2,70.8,166.9,180.1,185.1,188.9,191.4,144.5,121.3,104.5,87.6,73.9,57.2,39.4,26.1,17.9,8.9
2835,57.746,0.000,2789.8,200.0,-3.5,3,19218,1.000,0.000,-0.017,0.086,0.045,190.1,4.7,0,-1.15,-0.470,190.1,364.7,1.000,8.1,19.4,33.4,70.8,165.5,178.7,183.8,187.6,190.1,146.0,122.1,105.0,87.8,73.9,57.1,39.2,25.9,17.7,8.8
2836,57.766,0.000,2790.9,200.8,-2.9,3,19283,1.000,0.000,-0.013,0.075,0.045,189.0,4.5,0,-1.16,-0.470,189.0,362.4,1.000,8.2,19.6,33.8,71.6,164.8,177.7,182.7,186.5,189.0,144.7,121.0,104.0,86.9,73.2,56.5,38.9,25.7,17.6,8.7
2837,57.786,0.000,2792.0,201.7,-2.3,3,19307,1.000,0.000,-0.005,0.064,0.045,188.0,3.5,0,-1.19,-0.470,188.0,360.5,1.000,8.3,19.9,34.3,72.8,164.3,176.9,181.8,185.6,188.0,141.9,118.9,102.3,85.6,72.1,55.7,38.4,25.4,17.4,8.6
2838,57.806,0.000,2793.1,202.6,-1.6,3,19181,1.000,0.000,0.004,0.054,0.046,187.1,-0.5,0,-1.22,-0.470,187.1,361.5,1.000,8.4,20.1,34.8,74.3,164.0,176.2,181.0,184.7,187.1,138.3,116.2,100.1,83.9,70.8,54.8,37.8,25.1,17.2,8.6
2839,57.826,0.000,2794.3,203.5,-1.0,3,19211,1.000,0.000,0.013,0.044,0.046,186.2,-1.7,0,-1.25,-0.470,186.2,362.0,1.000,8.5,20.4,35.3,75.8,163.6,175.5,180.2,183.8,186.2,134.8,113.5,98.1,82.4,69.6,54.0,37.3,24.7,17.0,8.5
2840,57.846,0.000,2795.4,204.3,-0.6,3,19290,1.000,0.000,0.018,0.035,0.047,185.1,-1.6,0,-1.27,-0.470,185.1,361.1,1.000,8.6,20.6,35.7,76.7,162.9,174.5,179.2,182.8,185.1,133.2,112.2,96.9,81.4,68.9,53.4,37.0,24.5,16.8,8.4
2841,57.866,0.000,2796.5,205.1,-0.4,3,19395,1.000,0.000,0.020,0.025,0.046,183.9,-1.1,0,-1.26,-0.470,183.9,359.7,1.000,8.7,20.8,35.9,76.8,161.7,173.2,177.9,181.5,183.9,133.9,112.5,97.1,81.4,68.8,53.3,36.8,24.4,16.7,8.3
2842,57.886,0.000,2797.7,205.8,-0.3,3,19494,1.000,0.000,0.016,0.016,0.045,182.3,-0.7,0,-1.24,-0.470,182.3,358.1,1.000,8.7,20.8,35.9,76.1,160.0,171.7,176.4,180.0,182.3,137.1,114.6,98.5,82.3,69.3,53.5,36.8,24.3,16.6,8.3
2843,57.906,0.000,2798.8,206.1,-0.4,4,15794,1.000,0.000,0.011,0.008,0.043,180.8,-14.6,0,-1.20,-0.470,180.8,355.6,1.000,8.8,20.9,35.9,75.0,158.1,170.0,174.7,178.4,180.8,141.5,117.5,100.5,83.6,70.1,53.8,36.8,24.2,16.5,8.2
2844,57.926,0.000,2800.0,206.4,-0.4,4,16019,1.000,0.000,0.005,-0.001,0.041,181.5,-5.0,0,-1.11,-0.470,181.5,357.2,1.000,8.9,21.0,35.9,74.3,156.4,168.4,173.2,176.9,179.2,181.5,119.9,102.1,84.5,70.7,54.1,36.8,24.2,16.5,8.2
2845,57.946,0.000,2801.1,207.0,-0.4,4,16205,1.000,0.000,0.004,-0.009,0.040,180.1,-4.3,0,-1.10,-0.470,180.1,355.6,1.000,8.9,21.1,36.0,74.0,154.9,167.0,171.8,175.4,177.8,180.1,121.4,103.1,85.1,71.0,54.1,36.8,24.1,16.4,8.1
2846,57.966,0.000,2802.3,207.6,-0.4,4,16357,1.000,0.000,0.005,-0.017,0.040,178.8,-3.8,0,-1.10,-0.470,178.8,354.2,1.000,9.0,21.2,36.1,73.9,153.7,165.7,170.5,174.1,176.5,178.8,122.3,103.5,85.3,71.0,54.0,36.6,23.9,16.3,8.0
2847,57.986,0.000,2803.4,208.2,-0.3,4,16481,1.000,0.000,0.006,-0.025,0.039,177.4,-3.5,0,-1.09,-0.470,177.4,352.2,1.000,9.1,21.3,36.2,73.9,152.5,164.5,169.2,172.8,175.2,177.4,122.9,103.9,85.4,71.0,53.9,36.5,23.8,16.2,8.0
2848,58.006,0.000,2804.6,208.8,-0.3,4,16582,1.000,0.000,0.007,-0.032,0.038,176.1,-3.4,0,-1.09,-0.470,176.1,350.2,1.000,9.1,21.4,36.4,73.8,151.2,163.2,167.9,171.5,173.9,176.1,123.8,104.4,85.6,71.0,53.9,36.4,23.7,16.1,7.9
2849,58.026,0.000,2805.7,209.5,-0.2,4,16664,1.000,0.000,0.007,-0.040,0.037,174.7,-3.3,0,-1.08,-0.470,174.7,348.0,1.000,9.2,21.5,36.4,73.7,149.9,161.8,166.5,170.2,172.5,174.7,125.0,105.1,86.0,71.2,53.8,36.3,23.6,16.0,7.9
2850,58.046,0.000,2806.9,210.1,-0.2,4,16724,1.000,0.000,0.007,-0.047,0.037,173.4,-4.1,0,-1.07,-0.470,173.4,346.7,1.000,9.2,21.6,36.5,73.5,148.5,160.5,165.2,168.8,171.2,173.4,126.3,105.9,86.4,71.4,53.8,36.2,23.5,15.9,7.8
2851,58.066,0.000,2808.1,210.7,-0.2,4,16775,1.000,0.000,0.006,-0.055,0.036,172.0,-4.2,0,-1.05,-0.470,172.0,345.2,1.000,9.3,21.7,36.6,73.3,147.2,159.1,163.8,167.4,169.8,172.0,127.7,106.8,86.8,71.6,53.9,36.1,23.4,15.8,7.7
2852,58.086,0.000,2809.2,211.4,-0.2,4,16822,1.000,0.000,0.006,-0.062,0.035,170.6,-4.1,0,-1.04,-0.470,170.6,343.2,1.000,9.3,21.8,36.7,73.1,145.9,157.8,162.4,166.1,168.4,170.6,129.1,107.6,87.2,71.8,53.9,36.0,23.3,15.7,7.7
2853,58.106,0.000,2810.4,212.0,-0.2,4,16864,1.000,0.000,0.006,-0.069,0.034,169.3,-3.9,0,-1.03,-0.470,169.3,341.0,1.000,9.4,21.9,36.8,72.9,144.6,156.4,161.1,164.7,167.1,169.3,130.4,108.4,87.6,71.9,53.9,35.9,23.2,15.6,7.6
2854,58.126,0.000,2811.6,212.6,-0.2,4,16903,1.000,0.000,0.006,-0.076,0.033,167.9,-3.7,0,-1.02,-0.470,167.9,338.9,1.000,9.4,22.0,36.8,72.8,143.3,155.1,159.8,163.3,165.7,167.9,132.3,109.2,88.1,72.1,53.9,35.8,23.1,15.5,7.6
2855,58.146,0.000,2812.8,213.2,-0.2,4,16939,1.000,0.000,0.197,-0.082,0.033,168.6,-3.7,0,-0.94,0.000,168.6,339.1,1.000,9.5,22.0,36.9,72.6,142.0,153.8,158.4,162.0,164.3,166.5,168.6,110.1,88.5,72.3,53.9,35.7,23.0,15.5,7.5
2856,58.166,0.000,2814.0,213.8,-0.1,4,16969,1.000,0.000,0.178,-0.089,0.029,166.5,-3.3,0,-0.87,0.000,166.5,336.7,1.000,9.5,21.9,36.4,70.1,138.9,151.3,156.1,159.8,162.2,164.4,166.5,118.0,93.4,75.5,55.5,36.3,23.2,15.5,7.5
2857,58.186,0.000,2815.2,214.4,-0.8,4,17000,1.000,0.000,0.124,-0.094,0.020,163.1,-2.9,0,-0.60,0.000,163.1,334.8,1.000,9.5,21.4,34.8,64.0,129.7,146.6,151.9,155.9,158.5,160.8,163.1,165.2,110.6,86.2,60.9,38.5,24.0,15.8,7.5
2858,58.206,0.000,2816.3,214.9,-2.0,4,17033,1.000,0.000,0.058,-0.098,0.008,159.0,-2.7,0,-0.25,0.000,159.0,333.0,1.000,9.4,20.7,33.0,57.9,106.9,140.3,146.6,151.1,153.9,156.5,159.0,161.2,164.2,104.5,69.5,41.6,25.1,16.2,7.6
2859,58.226,0.000,2817.5,215.5,-3.1,4,17070,1.000,0.000,-0.000,-0.101,-0.002,155.0,-2.4,0,0.06,0.000,155.5,331.6,1.000,9.3,20.2,31.5,53.4,92.4,133.3,141.3,146.4,149.6,152.4,155.0,157.4,160.6,163.8,79.3,44.9,26.2,16.6,7.6
2860,58.246,0.000,2818.7,216.0,-3.7,4,17102,1.000,0.000,0.117,-0.104,-0.008,152.0,-2.5,0,0.15,0.850,154.3,327.6,1.000,9.3,19.9,30.7,51.0,85.2,126.9,137.2,142.9,146.3,149.3,152.0,154.5,157.8,161.2,87.0,47.2,26.9,16.9,7.7
2861,58.266,0.000,2819.9,216.6,-3.4,4,17130,1.000,0.000,0.091,-0.105,-0.013,149.3,-2.1,0,0.23,0.850,153.1,324.2,1.000,9.3,19.6,30.1,49.2,80.3,117.4,133.5,139.7,143.3,146.5,149.3,151.9,155.3,158.8,94.3,49.2,27.5,17.1,7.7
2862,58.286,0.000,2821.2,217.2,-3.4,4,17160,1.000,0.000,0.055,-0.105,-0.019,146.0,-2.1,0,0.37,0.850,151.9,320.3,1.000,9.2,19.3,29.2,47.0,74.3,105.1,128.0,135.6,139.6,143.0,146.0,148.8,152.3,155.9,106.7,52.4,28.4,17.5,7.7
2863,58.306,0.000,2822.4,217.8,-3.6,4,17184,1.000,0.000,0.012,-0.104,-0.026,142.6,-2.6,0,0.71,0.850,150.6,324.6,1.000,9.1,18.9,28.4,44.9,69.2,95.2,119.1,131.0,135.6,139.3,142.6,145.5,149.2,153.0,159.2,56.0,29.5,17.9,7.8
2864,58.326,0.000,2823.6,218.4,-3.6,4,17204,1.000,0.000,-0.012,-0.101,-0.030,139.8,-3.2,0,0.78,0.850,149.4,322.5,1.000,9.1,18.7,27.8,43.5,66.0,89.2,109.9,127.1,132.3,136.3,139.8,142.9,146.7,150.6,156.9,58.9,30.3,18.2,7.9
2865,58.346,0.000,2824.8,219.0,-3.3,4,17221,1.000,0.000,-0.021,-0.098,-0.032,138.0,-3.8,0,0.80,0.850,148.1,320.4,1.000,9.0,18.5,27.6,42.9,64.8,87.2,106.9,125.0,130.4,134.5,138.0,141.1,145.0,148.9,155.3,60.1,30.7,18.3,7.9
2866,58.366,0.000,2826.0,219.6,-2.5,4,17236,1.000,0.000,-0.016,-0.094,-0.031,137.2,-4.4,0,0.79,0.850,146.8,319.5,1.000,9.0,18.5,27.6,43.0,65.2,88.0,108.2,124.6,129.8,133.8,137.2,140.2,144.0,147.9,154.2,59.7,30.6,18.4,7.9
2867,58.386,0.000,2827.2,220.2,-1.6,4,17260,1.000,0.000,-0.005,-0.090,-0.029,136.7,-4.1,0,0.75,0.850,145.5,318.1,1.000,9.0,18.5,27.7,43.4,66.3,90.2,111.6,125.0,129.6,133.4,136.7,139.6,143.3,147.1,153.3,58.7,30.4,18.3,8.0
2868,58.406,0.000,2828.4,220.8,-0.9,4,17284,1.000,0.000,0.004,-0.086,-0.027,136.1,-4.3,0,0.72,0.850,144.2,317.0,1.000,9.0,18.5,27.8,43.8,67.3,92.1,114.6,124.9,129.3,132.9,136.1,139.0,142.6,146.3,152.4,57.8,30.3,18.3,8.0
2869,58.426,0.000,2829.7,221.4,-0.5,4,17304,1.000,0.000,0.009,-0.081,-0.026,135.2,-4.7,0,0.71,0.850,142.9,316.4,1.000,8.9,18.5,27.8,43.9,67.7,93.0,115.3,124.4,128.6,132.1,135.2,138.0,141.5,145.2,151.2,57.5,30.3,18.3,8.0
2870,58.446,0.000,2830.9,222.0,-0.2,4,17323,1.000,0.000,0.009,-0.076,-0.026,134.0,-5.0,0,0.71,0.850,141.6,315.5,1.000,8.9,18.4,27.7,43.7,67.4,92.7,114.6,123.3,127.4,130.9,134.0,136.8,140.3,143.9,149.9,57.8,30.4,18.4,8.1
2871,58.466,0.000,2832.1,222.6,-0.2,4,17343,1.000,0.000,0.006,-0.070,-0.026,132.6,-5.2,0,0.72,0.850,140.3,313.9,1.000,8.9,18.3,27.5,43.4,66.8,91.7,113.3,122.0,126.1,129.5,132.6,135.4,138.9,142.5,148.5,58.4,30.7,18.6,8.1
2872,58.486,0.000,2833.4,223.2,-0.2,4,17364,1.000,0.000,0.002,-0.065,-0.027,131.1,-5.4,0,0.73,0.850,139.0,312.6,1.000,8.8,18.2,27.3,43.0,66.1,90.5,111.8,120.5,124.6,128.1,131.1,133.9,137.4,141.0,147.0,59.0,30.9,18.7,8.2
2873,58.506,0.000,2834.6,223.8,-0.2,4,17403,1.000,0.000,-0.001,-0.060,-0.027,129.7,-4.6,0,0.74,0.850,137.7,309.6,1.000,8.8,18.1,27.1,42.6,65.4,89.5,110.4,119.1,123.2,126.7,129.7,132.5,136.0,139.6,145.5,59.7,31.2,18.8,8.2
2874,58.526,0.000,2835.9,224.4,-0.2,4,17426,1.000,0.000,-0.003,-0.054,-0.028,128.4,-4.9,0,0.74,0.850,136.3,307.9,1.000,8.7,18.0,26.9,42.3,64.9,88.7,109.3,117.9,121.9,125.3,128.4,131.1,134.6,138.2,144.1,60.2,31.4,19.0,8.3
2875,58.546,0.000,2837.1,225.0,-0.1,4,17447,1.000,0.000,-0.003,-0.048,-0.028,127.1,-5.2,0,0.75,0.850,135.0,306.9,1.000,8.7,17.9,26.8,42.1,64.6,88.3,108.5,116.7,120.7,124.1,127.1,129.8,133.3,136.9,142.8,60.5,31.6,19.1,8.3
2876,58.566,0.000,2838.4,225.6,-0.1,4,17467,1.000,0.000,-0.003,-0.043,-0.027,125.9,-5.4,0,0.75,0.850,133.7,306.0,1.000,8.6,17.8,26.7,42.0,64.5,88.1,107.8,115.7,119.6,123.0,125.9,128.6,132.0,135.6,141.4,60.7,31.7,19.2,8.4
2877,58.586,0.000,2839.6,226.2,0.0,4,17487,1.000,0.000,-0.002,-0.037,-0.027,124.7,-5.6,0,0.75,0.850,132.3,305.0,1.000,8.6,17.7,26.6,41.9,64.3,88.1,107.2,114.7,118.5,121.8,124.7,127.4,130.8,134.3,140.1,60.8,31.9,19.3,8.4
2878,58.606,0.000,2840.9,226.8,0.1,4,17509,1.000,0.000,-0.001,-0.031,-0.027,123.5,-5.8,0,0.75,0.850,131.0,304.0,1.000,8.5,17.6,26.4,41.7,64.2,87.9,106.5,113.7,117.4,120.7,123.5,126.2,129.5,133.0,138.8,61.0,32.0,19.4,8.4
2879,58.626,0.000,2842.1,227.3,0.1,4,17536,1.000,0.000,-0.000,-0.026,-0.027,122.3,-5.7,0,0.75,0.850,129.6,302.5,1.000,8.5,17.6,26.3,41.5,63.9,87.7,105.6,112.6,116.3,119.5,122.3,124.9,128.2,131.7,137.4,61.3,32.1,19.5,8.5
2880,58.646,0.000,2843.4,227.9,0.1,4,17559,1.000,0.000,-0.001,-0.020,-0.026,121.0,-5.8,0,0.75,0.850,128.3,301.1,1.000,8.4,17.5,26.2,41.3,63.7,87.4,104.7,111.5,115.1,118.2,121.0,123.6,126.9,130.4,136.1,61.5,32.3,19.6,8.5
2881,58.666,0.000,2844.7,228.5,0.1,4,17582,1.000,0.000,-0.001,-0.014,-0.026,119.8,-5.9,0,0.75,0.850,126.9,299.7,1.000,8.4,17.4,26.0,41.1,63.3,86.9,103.7,110.3,113.9,117.0,119.8,122.3,125.6,129.0,134.7,61.9,32.5,19.7,8.6
2882,58.686,0.000,2845.9,229.1,0.1,4,17605,1.000,0.000,-0.001,-0.009,-0.026,118.5,-6.0,0,0.76,0.850,125.6,298.2,1.000,8.3,17.3,25.9,40.9,63.0,86.5,102.7,109.2,112.7,115.7,118.5,121.0,124.3,127.6,133.3,62.2,32.7,19.8,8.6
2883,58.706,0.000,2847.2,229.6,0.1,4,17628,1.000,0.000,-0.002,-0.003,-0.026,117.2,-6.1,0,0.76,0.850,124.2,296.6,1.000,8.3,17.2,25.8,40.7,62.7,86.1,101.8,108.0,111.5,114.5,117.2,119.7,122.9,126.3,131.9,62.5,32.8,19.9,8.7
2884,58.726,0.000,2848.5,230.2,0.1,4,17651,1.000,0.000,-0.002,0.003,-0.026,115.9,-6.2,0,0.77,0.850,122.8,294.9,1.000,8.2,17.1,25.6,40.5,62.4,85.8,100.8,106.9,110.3,113.2,115.9,118.4,121.6,124.9,130.5,62.8,33.0,20.0,8.7
2885,58.746,0.000,2849.8,230.8,0.1,4,17679,1.000,0.000,-0.002,0.008,-0.026,114.7,-6.1,0,0.77,0.850,121.5,293.0,1.000,8.2,17.0,25.5,40.3,62.2,85.4,99.8,105.7,109.1,112.0,114.7,117.1,120.3,123.6,129.1,63.0,33.2,20.1,8.8
2886,58.766,0.000,2851.1,231.4,0.1,4,17702,1.000,0.000,-0.002,0.014,-0.026,113.4,-6.2,0,0.77,0.850,120.1,291.1,1.000,8.2,16.9,25.4,40.1,61.9,85.2,98.8,104.6,107.9,110.8,113.4,115.8,118.9,122.2,127.7,63.3,33.3,20.2,8.8
2887,58.786,0.000,2852.3,231.9,0.1,4,17724,1.000,0.000,-0.002,0.020,-0.026,112.1,-6.3,0,0.78,0.850,118.7,289.4,1.000,8.1,16.8,25.2,39.9,61.6,84.8,97.8,103.4,106.7,109.5,112.1,114.5,117.6,120.9,126.3,63.6,33.5,20.3,8.9
2888,58.806,0.000,2853.6,232.5,0.1,4,17748,1.000,0.000,-0.002,0.025,-0.026,110.8,-6.4,0,0.78,0.850,117.4,287.6,1.000,8.1,16.7,25.1,39.7,61.4,84.5,96.8,102.3,105.5,108.3,110.8,113.2,116.3,119.5,124.9,63.8,33.7,20.4,8.9
2889,58.826,0.000,2854.9,233.1,0.1,4,17771,1.000,0.000,-0.002,0.031,-0.025,109.6,-6.5,0,0.79,0.850,116.0,285.8,1.000,8.0,16.6,25.0,39.5,61.1,84.2,95.8,101.1,104.2,107.0,109.6,111.9,114.9,118.1,123.5,64.1,33.8,20.5,9.0
2890,58.846,0.000,2856.2,233.6,0.1,4,17795,1.000,0.000,-0.002,0.037,-0.025,108.3,-6.5,0,0.79,0.850,114.6,284.0,1.000,8.0,16.5,24.9,39.3,60.9,83.9,94.8,100.0,103.0,105.8,108.3,110.6,113.6,116.8,122.1,64.3,34.0,20.6,9.0
2891,58.866,0.000,2857.5,234.2,0.1,4,17820,1.000,0.000,-0.002,0.042,-0.025,107.0,-6.6,0,0.80,0.850,113.2,282.0,1.000,7.9,16.5,24.7,39.1,60.6,83.6,93.8,98.8,101.8,104.5,107.0,109.3,112.2,115.4,120.7,64.6,34.1,20.7,9.1
2892,58.886,0.000,2858.8,234.7,0.1,4,17844,1.000,0.000,-0.002,0.048,-0.025,105.7,-6.6,0,0.80,0.850,111.8,280.1,1.000,7.9,16.4,24.6,39.0,60.3,83.3,92.7,97.6,100.6,103.2,105.7,107.9,110.9,114.0,119.3,64.8,34.3,20.8,9.1
2893,58.906,0.000,2860.1,235.3,0.1,4,17883,1.000,0.000,-0.002,0.053,-0.025,104.4,-6.7,0,0.81,0.850,110.4,278.2,1.000,7.8,16.3,24.5,38.8,60.1,83.0,91.7,96.5,99.4,102.0,104.4,106.6,109.5,112.6,117.9,65.0,34.4,20.9,9.2
2894,58.926,0.000,2861.4,235.9,0.1,4,17923,1.000,0.000,-0.002,0.059,-0.025,103.1,-6.8,0,0.81,0.850,109.0,276.3,1.000,7.8,16.2,24.3,38.6,59.8,82.5,90.6,95.3,98.1,100.7,103.1,105.3,108.2,111.2,116.5,65.3,34.6,21.0,9.2
2895,58.946,0.000,2862.8,236.4,0.1,4,17963,1.000,0.000,-0.002,0.064,-0.025,101.8,-6.8,0,0.82,0.850,107.6,274.3,1.000,7.8,16.1,24.2,38.4,59.6,81.9,89.6,94.1,96.9,99.4,101.8,104.0,106.8,109.9,115.0,65.5,34.7,21.1,9.3
2896,58.966,0.000,2864.1,237.0,0.1,4,18005,1.000,0.000,-0.002,0.070,-0.024,100.5,-6.9,0,0.82,0.850,106.2,272.3,1.000,7.7,16.0,24.1,38.2,59.4,81.3,88.5,93.0,95.7,98.2,100.5,102.7,105.5,108.5,113.6,65.7,34.9,21.2,9.3
2897,58.986,0.000,2865.4,237.5,0.1,4,18045,1.000,0.000,-0.002,0.075,-0.024,99.2,-6.9,0,0.83,0.850,104.8,270.2,1.000,7.7,15.9,24.0,38.1,59.1,80.6,87.4,91.8,94.5,96.9,99.2,101.3,104.1,107.1,112.2,65.9,35.0,21.3,9.4
2898,59.006,0.000,2866.7,238.1,0.1,4,18086,1.000,0.000,-0.002,0.080,-0.024,97.9,-7.0,0,0.84,0.850,103.4,268.0,1.000,7.6,15.8,23.8,37.9,58.9,79.8,86.3,90.6,93.2,95.6,97.9,100.0,102.8,105.7,110.7,66.1,35.2,21.4,9.4
2899,59.026,0.000,2868.0,238.6,0.1,4,18125,1.000,0.000,-0.002,0.086,-0.024,96.6,-7.0,0,0.85,0.850,102.0,265.9,1.000,7.6,15.8,23.7,37.7,58.7,79.0,85.3,89.4,92.0,94.4,96.6,98.7,101.4,104.3,109.3,66.3,35.3,21.5,9.4
2900,59.046,0.000,2869.3,239.1,0.1,4,18165,1.000,0.000,-0.002,0.091,-0.024,95.3,-7.1,0,0.86,0.850,100.6,263.8,1.000,7.5,15.7,23.6,37.5,58.5,78.2,84.2,88.2,90.8,93.1,95.3,97.3,100.0,102.9,107.9,66.5,35.4,21.6,9.5
2901,59.066,0.000,2870.7,239.7,0.1,4,18204,1.000,0.000,-0.001,0.096,-0.023,94.0,-7.2,0,0.87,0.850,99.1,261.6,1.000,7.5,15.6,23.5,37.4,58.3,77.4,83.1,87.0,89.5,91.8,94.0,96.0,98.7,101.5,106.4,66.7,35.6,21.7,9.5
2902,59.086,0.000,2872.0,240.2,0.1,4,18246,1.000,0.000,-0.002,0.102,-0.023,92.6,-7.2,0,0.88,0.850,97.7,259.2,1.000,7.5,15.5,23.4,37.2,58.0,76.5,82.0,85.8,88.3,90.5,92.6,94.6,97.3,100.1,105.0,66.9,35.7,21.8,9.6
2903,59.106,0.000,2873.3,240.8,0.1,4,18286,1.000,0.000,-0.002,0.107,-0.023,91.3,-7.2,0,0.89,0.850,96.3,256.9,1.000,7.4,15.4,23.3,37.0,57.8,75.6,80.9,84.6,87.0,89.2,91.3,93.3,95.9,98.7,103.5,67.1,35.8,21.9,9.6
2904,59.126,0.000,2874.7,241.3,0.1,4,18325,1.000,0.000,-0.002,0.112,-0.023,90.0,-7.3,0,0.90,0.850,94.9,254.6,1.000,7.4,15.3,23.1,36.9,57.6,74.7,79.8,83.4,85.8,87.9,90.0,91.9,94.5,97.3,102.0,67.3,36.0,22.0,9.7
2905,59.146,0.000,2876.0,241.8,0.1,4,18364,1.000,0.000,-0.002,0.117,-0.023,88.7,-7.3,0,0.91,0.850,93.4,251.9,1.000,7.3,15.3,23.0,36.7,57.4,73.7,78.7,82.2,84.5,86.6,88.7,90.6,93.1,95.8,100.6,67.5,36.1,22.0,9.7
2906,59.166,0.000,2877.4,242.4,0.1,4,18404,1.000,0.000,-0.002,0.123,-0.022,87.3,-7.3,0,0.93,0.850,92.0,248.8,1.000,7.3,15.2,22.9,36.5,57.2,72.8,77.5,81.0,83.2,85.3,87.3,89.2,91.7,94.4,99.1,68.8,36.2,22.1,9.7
2907,59.186,0.000,2878.7,242.9,0.1,4,18462,1.000,0.000,-0.017,0.128,-0.022,86.0,-7.0,0,1.38,0.850,90.6,257.9,1.000,7.2,15.1,22.8,36.4,57.0,71.8,76.4,79.8,82.0,84.0,86.0,87.9,90.3,93.0,97.6,105.8,36.3,22.2,9.8
2908,59.206,0.000,2880.1,243.4,0.1,4,18506,1.000,0.000,-0.013,0.133,-0.021,84.8,-6.8,0,1.37,0.850,89.1,254.0,1.000,7.2,15.1,22.7,36.4,57.1,71.0,75.4,78.7,80.9,82.9,84.8,86.6,89.0,91.7,96.2,104.4,36.4,22.3,9.8
2909,59.226,0.000,2881.4,244.0,0.3,4,18536,1.000,0.000,-0.007,0.138,-0.020,83.7,-7.1,0,1.36,0.850,87.7,251.7,1.000,7.2,15.0,22.7,36.5,57.6,70.4,74.6,77.8,79.8,81.8,83.7,85.5,87.8,90.4,95.0,103.0,36.3,22.3,9.9
2910,59.246,0.000,2882.8,244.5,0.4,4,18569,1.000,0.000,-0.002,0.142,-0.019,82.5,-7.3,0,1.35,0.850,86.2,249.9,1.000,7.1,15.0,22.7,36.6,58.0,69.7,73.7,76.7,78.8,80.7,82.5,84.3,86.6,89.2,93.6,101.6,36.2,22.3,9.9
2911,59.266,0.000,2884.2,245.0,0.4,4,18603,1.000,0.000,-0.149,0.147,-0.018,81.3,-7.5,0,1.34,0.000,84.8,247.0,1.000,7.1,14.9,22.7,36.6,58.2,68.8,72.6,75.6,77.6,79.5,81.3,83.0,85.3,87.8,92.2,100.1,36.2,22.3,9.9
2912,59.286,0.000,2885.5,245.5,0.2,4,18638,0.000,0.000,-0.131,0.151,-0.015,80.5,-7.1,0,1.30,0.000,83.3,245.4,1.000,7.1,15.0,22.9,37.3,59.6,68.7,72.3,75.1,77.0,78.8,80.5,82.2,84.5,86.9,91.2,99.0,35.7,22.2,9.9
2913,59.306,0.000,2886.9,245.3,1.1,4,18096,0.000,0.000,-0.085,0.154,-0.006,80.9,-20.4,0,1.21,0.000,81.9,243.2,1.000,7.1,15.3,23.8,39.8,62.4,69.8,73.1,75.7,77.5,79.2,80.9,82.4,84.6,86.9,91.1,98.6,34.3,21.6,9.9
2914,59.326,0.000,2888.2,244.6,2.5,4,18042,0.000,0.516,-0.012,0.156,0.005,81.4,-21.1,0,0.59,0.000,81.4,231.9,0.000,7.2,15.8,25.0,43.4,64.8,71.2,74.2,76.6,78.3,79.9,81.4,82.9,85.0,87.2,91.2,54.6,32.6,21.0,9.8
2915,59.346,0.000,2889.6,243.2,3.6,4,17695,0.000,0.342,0.032,0.157,0.014,81.5,-9.4,0,0.49,0.000,81.5,233.9,0.000,7.3,16.2,26.0,46.7,65.9,71.8,74.6,76.9,78.4,80.0,81.5,82.9,84.9,87.0,90.9,51.3,31.4,20.5,9.7
2916,59.366,0.000,2890.9,241.3,3.7,4,17647,0.000,0.194,0.047,0.157,0.017,80.5,-12.6,0,0.45,0.000,80.5,235.0,0.000,7.3,16.3,26.4,47.9,65.5,71.1,73.8,76.0,77.6,79.1,80.5,81.9,83.9,86.0,89.8,50.2,31.0,20.4,9.7
2917,59.386,0.000,2892.3,240.0,2.9,4,17619,0.000,0.164,0.038,0.157,0.015,78.8,-16.7,0,0.48,0.000,78.8,234.3,0.000,7.3,16.2,26.1,47.1,64.0,69.5,72.2,74.4,75.9,77.4,78.8,80.2,82.1,84.2,88.0,50.9,31.2,20.5,9.7
2918,59.406,0.000,2893.6,238.9,1.6,4,17551,0.000,0.286,0.014,0.156,0.010,76.7,-17.5,0,0.56,0.000,76.7,230.8,0.000,7.2,16.0,25.6,45.4,62.0,67.5,70.1,72.3,73.8,75.3,76.7,78.1,80.0,82.2,85.9,54.7,31.8,20.7,9.7
2919,59.426,0.000,2894.9,237.6,0.4,4,17408,0.214,0.000,-0.024,0.155,0.006,74.7,-14.9,0,1.08,0.000,74.7,238.9,0.214,7.2,15.9,25.1,43.8,60.1,65.5,68.1,70.3,71.8,73.3,74.7,76.1,78.0,80.1,83.9,90.8,32.4,20.9,9.7
2920,59.446,0.000,2896.2,236.9,-0.3,4,17543,0.000,0.000,-0.031,0.154,0.005,73.1,-17.2,0,1.09,0.000,73.1,236.1,0.214,7.2,15.8,25.0,43.3,58.8,64.1,66.7,68.8,70.3,71.7,73.1,74.5,76.4,78.5,82.2,89.1,32.6,21.0,9.7
2921,59.466,0.000,2897.6,236.4,-0.2,4,17440,0.000,0.008,-0.022,0.152,0.006,72.0,-20.1,0,1.07,0.000,72.0,233.9,0.143,7.2,15.9,25.2,44.0,58.2,63.2,65.7,67.8,69.3,70.7,72.0,73.4,75.2,77.3,81.0,87.8,32.3,20.9,9.7
2922,59.486,0.000,2898.9,235.8,0.2,4,17397,0.000,0.079,-0.008,0.151,0.009,71.1,-20.0,0,1.03,0.000,71.1,231.9,0.093,7.3,16.1,25.6,45.0,57.7,62.6,65.0,67.0,68.4,69.8,71.1,72.4,74.2,76.2,79.9,86.6,31.9,20.7,9.7
2923,59.506,0.000,2900.2,235.1,0.5,4,17317,0.000,0.148,0.004,0.149,0.011,70.1,-18.3,0,1.01,0.000,70.1,229.8,0.058,7.3,16.2,25.9,45.5,57.2,61.8,64.2,66.1,67.5,68.8,70.1,71.4,73.2,75.2,78.7,85.3,31.5,20.5,9.6
2924,59.526,0.000,2901.5,234.2,0.7,4,17221,0.000,0.221,0.011,0.147,0.013,69.0,-16.6,0,0.99,0.000,69.0,227.4,0.000,7.3,16.3,26.2,45.5,56.4,60.9,63.1,65.1,66.4,67.7,69.0,70.2,72.0,73.9,77.4,84.0,31.3,20.4,9.6
2925,59.546,0.000,2902.8,233.1,0.6,4,17106,0.000,0.296,0.011,0.145,0.013,67.7,-14.7,0,0.99,0.000,67.7,224.8,0.000,7.3,16.4,26.2,45.0,55.3,59.7,61.9,63.8,65.1,66.4,67.7,68.9,70.6,72.5,76.0,82.4,31.2,20.4,9.6
2926,59.566,0.000,2904.1,231.8,0.4,4,16974,0.000,0.371,0.008,0.143,0.012,66.2,-12.9,0,0.99,0.000,66.2,222.0,0.000,7.4,16.4,26.2,44.3,54.2,58.5,60.6,62.5,63.7,65.0,66.2,67.5,69.1,71.0,74.4,80.8,31.2,20.4,9.6
2927,59.586,0.000,2905.3,230.2,0.2,4,16825,0.000,0.436,0.003,0.140,0.011,64.8,-11.7,0,1.00,0.000,64.8,219.2,0.000,7.4,16.4,26.1,43.6,53.0,57.2,59.3,61.1,62.3,63.6,64.8,66.0,67.6,69.5,72.9,79.2,31.3,20.4,9.6
2928,59.606,0.000,2906.6,228.5,0.0,4,16665,0.000,0.491,0.000,0.138,0.010,63.4,-10.4,0,1.00,0.000,63.4,216.4,0.000,7.4,16.4,26.1,42.9,51.9,56.0,58.0,59.8,61.0,62.2,63.4,64.6,66.2,68.0,71.4,77.6,31.3,20.4,9.6
2929,59.626,0.000,2907.9,226.6,-0.1,4,16509,0.000,0.534,-0.001,0.136,0.010,62.1,-8.8,0,1.00,0.000,62.1,213.7,0.000,7.4,16.4,26.2,42.3,50.9,54.8,56.8,58.5,59.7,60.9,62.1,63.2,64.8,66.6,69.9,76.1,31.3,20.3,9.5
2930,59.646,0.000,2909.1,224.6,-0.0,4,16340,0.000,0.567,-0.000,0.134,0.010,60.8,-7.4,0,1.00,0.000,60.8,211.0,0.000,7.4,16.4,26.2,41.7,49.9,53.7,55.7,57.3,58.5,59.7,60.8,62.0,63.5,65.3,68.5,74.7,31.2,20.3,9.5
2931,59.666,0.000,2910.4,222.5,0.0,4,16162,0.000,0.596,0.001,0.132,0.010,59.6,-6.3,0,1.00,0.000,59.6,208.3,0.000,7.4,16.5,26.3,41.1,49.0,52.7,54.5,56.2,57.3,58.5,59.6,60.7,62.2,64.0,67.2,73.2,31.2,20.3,9.5
2932,59.686,0.000,2911.6,220.3,0.0,4,15980,0.000,0.622,0.003,0.130,0.011,58.4,-5.1,0,0.99,0.000,58.4,205.6,0.000,7.5,16.5,26.4,40.5,48.0,51.6,53.4,55.0,56.2,57.3,58.4,59.5,61.0,62.7,65.8,71.8,31.1,20.2,9.5
2933,59.706,0.000,2912.8,218.0,0.1,4,15793,0.000,0.643,0.004,0.128,0.011,57.1,-5.2,0,0.99,0.000,57.1,202.9,0.000,7.5,16.6,26.5,39.8,47.1,50.5,52.3,53.9,55.0,56.1,57.1,58.2,59.7,61.4,64.4,70.4,31.0,20.2,9.5
2934,59.726,0.000,2914.0,215.6,0.1,4,15606,0.000,0.666,0.004,0.126,0.011,55.9,-4.3,0,1.00,0.000,55.9,200.2,0.000,7.5,16.6,26.6,39.2,46.1,49.5,51.2,52.7,53.8,54.9,55.9,57.0,58.4,60.1,63.1,69.0,31.1,20.1,9.5
2935,59.746,0.000,2915.2,213.3,0.0,4,15443,0.000,0.688,0.003,0.124,0.011,54.7,-1.9,0,1.00,0.000,54.7,197.4,0.000,7.5,16.7,26.6,38.5,45.1,48.4,50.1,51.6,52.6,53.6,54.7,55.7,57.1,58.8,61.7,67.5,31.5,20.1,9.4
2936,59.766,0.000,2916.4,210.9,0.0,4,15257,0.000,0.709,0.002,0.122,0.010,53.5,0.5,0,1.02,0.000,53.5,194.6,0.000,7.5,16.7,26.7,37.8,44.2,47.3,49.0,50.4,51.4,52.5,53.5,54.5,55.9,57.5,60.4,66.1,32.2,20.1,9.4
2937,59.786,0.000,2917.6,208.4,-0.0,4,15049,0.000,0.729,0.001,0.120,0.010,52.3,2.8,0,1.05,0.000,52.3,191.8,0.000,7.5,16.7,26.6,37.1,43.2,46.3,47.9,49.3,50.3,51.3,52.3,53.3,54.6,56.2,59.1,64.7,33.8,20.0,9.4
2938,59.806,0.000,2918.7,206.0,-0.0,4,14838,0.000,0.747,-0.199,0.118,0.010,51.1,5.7,0,2.18,-0.407,51.1,189.0,0.000,7.6,16.8,26.6,36.4,42.3,45.3,46.8,48.2,49.2,50.1,51.1,52.1,53.4,54.9,57.8,63.3,72.2,20.0,9.4
2939,59.826,0.000,2919.8,203.5,-0.2,4,14630,0.000,0.734,-0.341,0.115,0.013,50.3,11.2,0,2.15,-0.453,50.3,186.8,0.000,7.6,17.0,26.7,36.0,41.7,44.6,46.1,47.4,48.4,49.3,50.3,51.2,52.5,54.0,56.8,62.3,71.1,19.8,9.3
2940,59.846,0.000,2921.0,201.1,0.5,4,14441,0.000,0.643,-0.310,0.112,0.024,50.2,20.6,0,2.08,-0.463,50.2,186.2,0.000,7.7,17.6,27.5,36.4,41.9,44.7,46.2,47.5,48.4,49.3,50.2,51.2,52.5,53.9,56.7,62.0,70.7,19.2,9.2
2941,59.866,0.000,2922.1,198.7,2.1,4,14304,0.000,0.502,-0.110,0.108,0.039,50.7,22.9,0,0.81,0.000,50.7,186.7,0.000,7.9,18.6,28.7,37.2,42.6,45.3,46.7,48.0,48.9,49.8,50.7,51.6,52.9,54.3,57.0,62.2,30.2,18.3,9.1
2942,59.886,0.000,2923.2,196.3,3.8,4,14236,0.000,0.366,0.090,0.102,0.055,51.1,14.0,0,0.67,0.000,51.1,187.1,0.000,8.1,19.7,29.7,38.0,43.2,45.8,47.2,48.5,49.4,50.2,51.1,52.0,53.2,54.6,57.3,62.4,27.2,17.6,8.9
2943,59.906,0.000,2924.3,194.3,4.9,4,14148,0.000,0.310,0.241,0.095,0.064,50.9,-1.7,0,0.60,0.000,50.9,186.2,0.000,8.2,20.4,30.0,38.1,43.1,45.7,47.1,48.3,49.1,50.0,50.9,51.7,52.9,54.3,56.9,62.0,26.2,17.1,8.8
2944,59.926,0.000,2925.3,192.8,4.7,4,14064,0.000,0.401,0.231,0.089,0.061,49.5,-6.1,0,0.66,0.000,49.5,182.8,0.000,8.3,20.3,29.3,37.0,41.9,44.4,45.7,46.9,47.8,48.6,49.5,50.3,51.5,52.8,55.4,60.4,28.4,17.1,8.7
2945,59.946,0.000,2926.4,191.3,2.8,4,13919,0.000,0.608,0.127,0.082,0.047,47.0,-4.7,0,1.91,0.000,47.0,177.2,0.000,8.2,19.4,27.7,35.0,39.7,42.1,43.4,44.6,45.4,46.2,47.0,47.9,49.0,50.3,52.8,57.8,66.0,17.6,8.8
2946,59.966,0.000,2927.5,189.4,0.1,4,13656,0.000,0.828,0.046,0.077,0.030,44.3,-2.3,0,2.00,0.000,44.3,171.0,0.000,8.1,18.5,26.0,32.8,37.2,39.6,40.8,41.9,42.7,43.5,44.3,45.1,46.3,47.6,50.0,54.9,63.1,18.4,8.9
2947,59.986,0.000,2928.5,187.1,-2.1,4,13312,0.000,0.991,-0.154,0.071,0.016,42.0,7.0,0,2.09,-0.786,42.0,165.4,0.000,8.0,17.7,24.6,30.9,35.2,37.4,38.6,39.7,40.5,41.2,42.0,42.8,43.9,45.2,47.6,52.4,60.4,19.4,8.9
2948,60.006,0.000,2929.5,184.5,-3.4,3,16239,0.000,1.000,-0.354,0.067,0.009,40.3,27.8,0,2.15,-0.810,40.3,161.2,0.000,8.0,17.3,23.7,29.7,33.8,35.9,37.1,38.1,38.8,39.6,40.3,41.1,42.2,43.4,45.7,50.5,58.4,20.4,9.0
2949,60.026,0.000,2930.6,181.9,-3.3,3,16171,0.000,0.500,-0.532,0.062,0.010,39.5,52.0,0,2.15,-0.737,39.5,158.9,0.000,8.0,17.3,23.4,29.2,33.1,35.1,36.3,37.3,38.0,38.7,39.5,40.2,41.3,42.5,44.7,49.4,57.3,20.8,8.9
2950,60.046,0.000,2931.6,179.7,-2.2,3,15995,0.000,0.493,-0.361,0.057,0.020,39.3,48.7,0,2.11,-0.494,39.3,158.2,0.000,8.2,17.5,23.6,29.2,33.0,35.0,36.1,37.1,37.8,38.5,39.3,40.0,41.0,42.2,44.5,49.1,56.8,20.4,8.8
2951,60.066,0.000,2932.6,177.5,-0.4,3,15759,0.000,0.868,-0.426,0.052,0.034,39.5,39.3,0,2.03,-0.727,39.5,158.4,0.000,8.3,18.0,24.0,29.5,33.3,35.3,36.4,37.4,38.1,38.8,39.5,40.2,41.2,42.4,44.6,49.2,56.8,19.6,8.6
2952,60.086,0.000,2933.5,175.3,1.4,3,15167,0.000,0.365,-0.314,0.045,0.051,39.8,50.8,0,1.95,-0.638,39.8,158.9,0.000,8.5,18.4,24.4,29.9,33.7,35.7,36.8,37.7,38.4,39.1,39.8,40.5,41.5,42.7,44.9,49.4,57.0,18.7,8.5
2953,60.106,0.000,2934.5,172.8,3.1,3,15275,0.000,0.584,-0.331,0.038,0.067,40.1,34.3,0,1.87,-0.790,40.1,159.4,0.000,8.8,18.8,24.9,30.3,34.1,36.0,37.1,38.1,38.7,39.4,40.1,40.8,41.8,43.0,45.2,49.6,57.2,17.9,8.3
2954,60.126,0.000,2935.4,170.6,4.5,3,14893,0.000,0.450,-0.259,0.030,0.084,40.4,27.5,0,1.80,-0.768,40.4,159.9,0.000,9.0,19.2,25.3,30.7,34.4,36.4,37.4,38.4,39.1,39.8,40.4,41.1,42.1,43.3,45.4,49.9,57.3,17.2,8.1
2955,60.146,0.000,2936.4,168.4,5.8,3,14745,0.000,0.319,-0.220,0.021,0.100,40.7,17.8,0,1.74,-0.810,40.7,160.4,0.000,9.3,19.6,25.6,31.1,34.7,36.7,37.7,38.7,39.4,40.1,40.7,41.4,42.4,43.5,45.7,50.1,57.5,16.6,7.9
2956,60.166,0.000,2937.3,166.5,6.6,3,14756,0.000,0.205,-0.163,0.010,0.116,41.0,7.2,0,1.68,-0.810,41.0,160.7,0.000,9.5,20.0,26.0,31.4,35.0,36.9,38.0,38.9,39.6,40.3,41.0,41.6,42.6,43.7,45.9,50.2,57.6,16.0,7.7
2957,60.186,0.000,2938.2,164.9,7.1,3,14720,0.000,0.124,-0.110,-0.002,0.130,41.1,-3.9,0,1.63,-0.810,41.1,160.8,-0.007,9.7,20.2,26.2,31.6,35.2,37.1,38.1,39.1,39.7,40.4,41.1,41.8,42.7,43.8,46.0,50.3,57.6,15.5,7.6
2958,60.206,0.000,2939.1,163.8,7.4,3,14668,0.000,0.071,-0.060,-0.017,0.144,41.1,-10.8,0,1.59,-0.810,41.1,160.8,-0.012,9.9,20.4,26.4,31.7,35.3,37.2,38.2,39.1,39.8,40.5,41.1,41.8,42.8,43.9,46.0,50.3,57.5,15.1,7.4
2959,60.226,0.000,2940.0,163.0,7.7,3,14625,0.000,0.043,-0.013,-0.032,0.156,41.1,-13.8,0,1.56,-0.810,41.1,160.5,-0.015,10.1,20.6,26.5,31.8,35.3,37.2,38.2,39.1,39.8,40.4,41.1,41.8,42.7,43.8,45.9,50.1,57.4,14.8,7.2
2960,60.246,0.000,2940.9,162.4,7.8,3,14589,0.000,0.046,0.023,-0.049,0.167,40.9,-15.0,0,1.53,-0.810,40.9,159.9,-0.018,10.2,20.7,26.5,31.7,35.2,37.0,38.0,38.9,39.6,40.2,40.9,41.6,42.5,43.6,45.6,49.8,57.0,14.6,7.1
2961,60.266,0.000,2941.8,161.9,7.5,3,14545,0.000,0.079,0.045,-0.068,0.174,40.4,-15.1,0,1.52,-0.810,40.4,158.7,-0.019,10.3,20.6,26.3,31.4,34.8,36.6,37.6,38.5,39.1,39.8,40.4,41.1,42.0,43.1,45.1,49.3,56.4,14.6,7.0
2962,60.286,0.000,2942.7,161.3,6.9,3,14483,0.000,0.139,0.023,-0.087,0.172,39.8,-14.3,0,1.52,-0.810,39.8,156.9,-0.021,10.3,20.4,25.9,30.9,34.2,36.0,37.0,37.9,38.5,39.1,39.8,40.4,41.3,42.4,44.4,48.5,55.5,14.8,6.9
2963,60.306,0.000,2943.6,160.6,5.9,3,14395,0.000,0.212,-0.042,-0.106,0.158,38.9,-12.6,0,1.52,-0.810,38.9,154.8,0.000,10.4,20.1,25.4,30.2,33.5,35.2,36.2,37.0,37.7,38.3,38.9,39.5,40.4,41.5,43.4,47.5,54.5,15.2,6.8
2964,60.326,0.000,2944.5,159.7,4.6,3,14322,0.000,0.279,-0.100,-0.123,0.143,38.0,-8.8,0,1.54,-0.810,38.0,152.5,0.000,10.3,19.7,24.9,29.6,32.8,34.5,35.4,36.2,36.8,37.4,38.0,38.7,39.5,40.5,42.5,46.5,53.4,15.8,6.8
2965,60.346,0.000,2945.4,158.7,3.5,3,14200,0.000,0.326,-0.154,-0.139,0.130,37.3,-5.2,0,1.56,-0.810,37.3,150.6,0.000,10.3,19.5,24.5,29.0,32.1,33.8,34.7,35.5,36.1,36.7,37.3,37.9,38.7,39.7,41.6,45.6,52.4,16.4,6.7
2966,60.366,0.000,2946.3,157.4,2.8,3,14051,0.000,0.344,-0.196,-0.155,0.119,36.7,-2.3,0,1.57,-0.810,36.7,149.0,0.000,10.4,19.3,24.1,28.5,31.6,33.2,34.1,34.9,35.5,36.1,36.7,37.2,38.1,39.1,41.0,44.8,51.6,17.0,6.7
2967,60.386,0.000,2947.2,156.1,2.5,3,13893,0.000,0.328,-0.223,-0.169,0.112,36.3,-2.0,0,1.57,-0.810,36.3,147.9,0.000,10.4,19.2,23.9,28.3,31.3,32.9,33.8,34.5,35.1,35.7,36.3,36.9,37.7,38.7,40.5,44.4,51.1,17.4,6.6
2968,60.406,0.000,2948.1,154.7,2.7,3,13752,0.000,0.280,-0.232,-0.182,0.109,36.1,-2.6,0,1.55,-0.810,36.1,147.5,0.000,10.5,19.2,23.9,28.2,31.2,32.8,33.7,34.4,35.0,35.6,36.1,36.7,37.6,38.5,40.4,44.2,50.8,17.3,6.5
2969,60.426,0.000,2948.9,153.4,3.3,3,13644,0.000,0.212,-0.226,-0.195,0.108,36.2,-4.2,0,1.52,-0.810,36.2,147.6,0.000,10.6,19.3,24.0,28.3,31.3,32.9,33.7,34.5,35.1,35.6,36.2,36.8,37.6,38.6,40.4,44.2,50.8,16.8,6.4
2970,60.446,0.000,2949.8,152.2,4.1,3,13591,0.000,0.133,-0.209,-0.207,0.110,36.4,-6.2,0,1.47,-0.810,36.4,148.0,-0.007,10.7,19.5,24.2,28.5,31.5,33.1,33.9,34.7,35.3,35.8,36.4,37.0,37.8,38.8,40.6,44.4,51.0,16.2,6.3
2971,60.466,0.000,2950.7,151.2,4.8,3,13563,0.000,0.058,-0.190,-0.218,0.112,36.7,-8.7,0,1.43,-0.810,36.7,148.5,-0.012,10.8,19.7,24.5,28.8,31.7,33.3,34.2,35.0,35.5,36.1,36.7,37.2,38.1,39.0,40.9,44.6,51.2,15.5,6.2
2972,60.486,0.000,2951.5,150.5,5.6,3,13538,0.000,0.000,-0.170,-0.229,0.114,36.9,-11.3,0,1.40,-0.810,36.9,149.1,0.000,10.9,19.9,24.7,29.0,32.0,33.6,34.4,35.2,35.8,36.3,36.9,37.5,38.3,39.3,41.1,44.9,51.5,15.0,6.1
2973,60.506,0.000,2952.4,149.9,6.3,3,13522,0.000,0.000,-0.152,-0.239,0.117,37.1,-13.5,0,1.36,-0.810,37.1,149.5,0.000,11.0,20.1,24.9,29.2,32.2,33.8,34.7,35.4,36.0,36.6,37.1,37.7,38.5,39.5,41.3,45.1,51.7,14.5,6.0
2974,60.526,0.000,2953.2,149.5,6.9,3,13476,0.156,0.000,-0.136,-0.249,0.119,37.4,-14.0,0,1.33,-0.810,37.4,150.0,0.157,11.1,20.3,25.1,29.5,32.4,34.0,34.9,35.6,36.2,36.8,37.4,37.9,38.8,39.7,41.5,45.3,51.8,14.0,5.9
2975,60.546,0.000,2954.1,149.1,7.5,3,13491,0.206,0.000,-0.122,-0.259,0.120,37.5,-11.0,0,1.31,-0.810,37.5,150.3,0.207,11.2,20.4,25.3,29.6,32.6,34.2,35.0,35.8,36.4,36.9,37.5,38.1,38.9,39.9,41.7,45.4,52.0,13.7,5.8
2976,60.566,0.000,2954.9,148.9,8.0,3,13530,0.256,0.000,-0.115,-0.268,0.120,37.6,-9.4,0,1.29,-0.810,37.6,150.4,0.257,11.3,20.5,25.4,29.7,32.7,34.3,35.1,35.9,36.5,37.0,37.6,38.2,39.0,39.9,41.7,45.5,52.0,13.4,5.7
2977,60.586,0.000,2955.8,148.7,8.1,3,13586,0.306,0.000,-0.118,-0.277,0.118,37.5,-8.1,0,1.27,-0.810,37.5,150.2,0.307,11.4,20.5,25.4,29.7,32.7,34.2,35.1,35.9,36.4,37.0,37.5,38.1,38.9,39.9,41.7,45.4,51.9,13.3,5.7
2978,60.606,0.000,2956.6,148.7,7.9,3,13655,0.357,0.000,-0.132,-0.286,0.114,37.3,-7.0,0,1.27,-0.810,37.3,149.7,0.357,11.4,20.5,25.3,29.6,32.5,34.0,34.9,35.7,36.2,36.8,37.3,37.9,38.7,39.7,41.4,45.2,51.6,13.3,5.6
2979,60.626,0.000,2957.5,148.7,7.4,3,13737,0.407,0.000,-0.156,-0.294,0.108,37.0,-5.8,0,1.26,-0.810,37.0,148.8,0.407,11.4,20.4,25.1,29.3,32.2,33.7,34.6,35.3,35.9,36.4,37.0,37.6,38.4,39.3,41.1,44.7,51.2,13.5,5.6
2980,60.646,0.000,2958.3,148.7,6.7,3,13830,0.000,0.000,-0.187,-0.302,0.101,36.6,-4.6,0,1.27,-0.810,36.6,147.7,0.407,11.4,20.2,24.8,29.0,31.8,33.4,34.2,34.9,35.5,36.0,36.6,37.1,37.9,38.9,40.6,44.3,50.6,13.7,5.6
2981,60.666,0.000,2959.2,148.6,6.1,3,13743,0.000,0.021,-0.216,-0.309,0.094,36.2,-12.1,0,1.27,-0.810,36.2,146.7,0.278,11.4,20.1,24.6,28.7,31.5,33.0,33.8,34.6,35.1,35.6,36.2,36.7,37.5,38.4,40.2,43.8,50.1,14.1,5.5
2982,60.686,0.000,2960.0,148.2,5.6,3,13368,0.000,0.043,-0.241,-0.316,0.088,35.9,-12.3,0,1.27,-0.810,35.9,145.8,0.188,11.3,19.9,24.4,28.5,31.2,32.7,33.5,34.3,34.8,35.3,35.9,36.4,37.2,38.1,39.8,43.4,49.7,14.4,5.5
2983,60.706,0.000,2960.9,147.7,5.3,3,13304,0.000,0.051,-0.259,-0.323,0.083,35.6,-11.3,0,1.27,-0.810,35.6,145.2,0.124,11.4,19.8,24.3,28.3,31.0,32.5,33.3,34.0,34.6,35.1,35.6,36.2,36.9,37.8,39.5,43.1,49.4,14.5,5.5
2984,60.726,0.000,2961.7,147.1,5.1,3,13260,0.000,0.046,-0.271,-0.329,0.080,35.5,-10.4,0,1.27,-0.810,35.5,144.7,0.080,11.4,19.8,24.2,28.2,30.9,32.4,33.2,33.9,34.4,34.9,35.5,36.0,36.8,37.6,39.4,42.9,49.1,14.7,5.5
2985,60.746,0.000,2962.6,146.5,5.0,3,13211,0.000,0.033,-0.279,-0.335,0.077,35.4,-10.2,0,1.26,-0.810,35.4,144.4,0.049,11.4,19.8,24.2,28.1,30.8,32.3,33.1,33.8,34.3,34.8,35.4,35.9,36.6,37.5,39.2,42.8,49.0,14.7,5.4
2986,60.766,0.000,2963.4,146.0,5.1,3,13164,0.000,0.014,-0.281,-0.341,0.076,35.3,-10.7,0,1.25,-0.810,35.3,144.3,0.027,11.4,19.8,24.2,28.1,30.8,32.2,33.0,33.7,34.3,34.8,35.3,35.8,36.6,37.5,39.2,42.7,48.9,14.6,5.4
2987,60.786,0.000,2964.2,145.5,5.3,3,13124,0.000,0.000,-0.276,-0.346,0.076,35.4,-11.6,0,1.24,-0.810,35.4,144.3,0.027,11.5,19.9,24.2,28.2,30.9,32.3,33.1,33.8,34.3,34.8,35.4,35.9,36.6,37.5,39.2,42.7,48.9,14.4,5.3
2988,60.806,0.000,2965.1,145.0,5.7,3,13078,0.000,0.000,-0.263,-0.351,0.078,35.5,-12.5,0,1.22,-0.810,35.5,144.7,0.027,11.5,20.0,24.4,28.3,31.0,32.4,33.2,33.9,34.5,35.0,35.5,36.0,36.8,37.7,39.4,42.9,49.0,14.0,5.3
2989,60.826,0.000,2965.9,144.5,6.3,3,13032,0.150,0.000,-0.245,-0.356,0.081,35.7,-12.9,0,1.19,-0.810,35.7,145.1,0.150,11.6,20.1,24.5,28.5,31.2,32.6,33.4,34.2,34.7,35.2,35.7,36.3,37.0,37.9,39.6,43.1,49.2,13.5,5.2
2990,60.846,0.000,2966.8,144.1,7.0,3,13047,0.200,0.000,-0.225,-0.361,0.085,36.0,-10.0,0,1.17,-0.810,36.0,145.7,0.200,11.7,20.3,24.7,28.7,31.4,32.9,33.7,34.4,34.9,35.4,36.0,36.5,37.2,38.1,39.8,43.3,49.5,13.1,5.2
2991,60.866,0.000,2967.6,143.9,7.5,3,13083,0.250,0.000,-0.210,-0.365,0.087,36.1,-8.5,0,1.15,-0.810,36.1,146.1,0.250,11.7,20.4,24.9,28.9,31.6,33.0,33.8,34.6,35.1,35.6,36.1,36.7,37.4,38.3,40.0,43.5,49.7,12.8,5.1
2992,60.886,0.000,2968.4,143.7,7.8,3,13135,0.300,0.000,-0.201,-0.370,0.088,36.2,-7.2,0,1.14,-0.810,36.2,146.3,0.300,11.8,20.5,24.9,29.0,31.7,33.1,33.9,34.7,35.2,35.7,36.2,36.8,37.5,38.4,40.1,43.6,49.7,12.6,5.1
2993,60.906,0.000,2969.2,143.6,8.0,3,13202,0.350,0.000,-0.199,-0.374,0.088,36.2,-5.9,0,1.13,-0.810,36.2,146.3,0.350,11.8,20.5,25.0,29.0,31.7,33.2,34.0,34.7,35.2,35.7,36.2,36.8,37.5,38.4,40.1,43.6,49.7,12.5,5.0
2994,60.926,0.000,2970.1,143.5,8.0,3,13282,0.400,0.000,-0.202,-0.378,0.087,36.2,-4.5,0,1.12,-0.810,36.2,146.1,0.400,11.8,20.5,25.0,29.0,31.7,33.1,33.9,34.6,35.1,35.7,36.2,36.7,37.5,38.4,40.0,43.5,49.6,12.4,5.0
2995,60.946,0.000,2970.9,143.5,8.0,3,13376,0.450,0.000,-0.206,-0.383,0.086,36.1,-3.1,0,1.12,-0.810,36.1,145.9,0.450,11.8,20.5,24.9,28.9,31.6,33.1,33.9,34.6,35.1,35.6,36.1,36.7,37.4,38.3,40.0,43.4,49.5,12.4,5.0
2996,60.966,0.000,2971.8,143.6,7.9,3,13482,0.500,0.000,-0.213,-0.386,0.084,36.0,-1.8,0,1.11,-0.810,36.0,145.6,0.500,11.8,20.5,24.9,28.8,31.5,33.0,33.8,34.5,35.0,35.5,36.0,36.6,37.3,38.2,39.8,43.3,49.4,12.4,5.0
2997,60.986,0.000,2972.6,143.7,7.8,3,13598,0.550,0.000,-0.223,-0.390,0.081,35.9,-0.6,0,1.11,-0.810,35.9,145.3,0.550,11.8,20.4,24.8,28.7,31.4,32.9,33.6,34.3,34.9,35.4,35.9,36.4,37.2,38.0,39.7,43.1,49.2,12.5,4.9
2998,61.006,0.000,2973.4,143.9,7.5,3,13720,0.600,0.000,-0.239,-0.393,0.077,35.7,0.2,0,1.11,-0.810,35.7,144.7,0.600,11.8,20.3,24.7,28.6,31.2,32.7,33.4,34.1,34.6,35.2,35.7,36.2,36.9,37.8,39.5,42.9,48.9,12.6,4.9
2999,61.026,0.000,2974.2,144.2,7.0,3,13849,0.000,0.000,-0.263,-0.397,0.072,35.4,1.4,0,1.12,-0.810,35.4,143.9,0.600,11.8,20.2,24.5,28.4,31.0,32.4,33.2,33.9,34.4,34.9,35.4,35.9,36.6,37.5,39.1,42.5,48.6,12.9,4.9
3000,61.046,0.000,2975.1,144.2,6.4,3,13715,0.000,0.000,-0.291,-0.399,0.066,35.0,-10.3,0,1.13,-0.810,35.0,143.0,0.600,11.8,20.0,24.3,28.1,30.7,32.1,32.8,33.5,34.0,34.5,35.0,35.5,36.3,37.1,38.7,42.1,48.2,13.3,4.9
3001,61.066,0.000,2975.9,143.7,5.8,3,13581,0.000,0.004,-0.315,-0.402,0.060,34.7,-11.8,0,1.14,-0.810,34.7,142.2,0.413,11.7,19.9,24.1,27.8,30.4,31.8,32.6,33.2,33.7,34.2,34.7,35.2,36.0,36.8,38.4,41.8,47.8,13.8,4.9
3002,61.086,0.000,2976.8,143.3,5.5,3,12941,0.000,0.009,-0.322,-0.405,0.057,34.5,-11.7,0,1.15,-0.789,34.5,141.7,0.282,11.7,19.8,24.0,27.7,30.2,31.6,32.4,33.0,33.5,34.0,34.5,35.0,35.7,36.6,38.2,41.5,47.6,14.1,4.9
3003,61.106,0.000,2977.6,142.8,5.4,3,12894,0.000,0.001,-0.326,-0.407,0.055,34.4,-11.5,0,1.16,-0.781,34.4,141.4,0.191,11.7,19.8,23.9,27.6,30.2,31.5,32.3,32.9,33.4,33.9,34.4,34.9,35.6,36.5,38.0,41.4,47.6,14.2,4.9
3004,61.126,0.000,2978.4,142.4,5.4,3,12864,0.000,0.000,-0.325,-0.409,0.054,34.4,-11.6,0,1.16,-0.775,34.4,141.3,0.191,11.7,19.8,23.9,27.6,30.1,31.5,32.2,32.9,33.4,33.9,34.4,34.9,35.6,36.4,38.0,41.3,47.7,14.2,4.9
3005,61.146,0.000,2979.2,141.9,5.5,3,12820,0.000,0.000,-0.324,-0.411,0.054,34.4,-11.7,0,1.17,-0.777,34.4,141.3,0.191,11.7,19.8,23.9,27.6,30.1,31.5,32.2,32.9,33.4,33.9,34.4,34.9,35.6,36.4,38.0,41.3,47.8,14.1,4.9
3006,61.166,0.000,2980.1,141.5,5.6,3,12776,0.000,0.000,-0.321,-0.413,0.054,34.4,-11.8,0,1.17,-0.777,34.4,141.3,0.191,11.8,19.8,23.9,27.6,30.2,31.5,32.3,32.9,33.4,33.9,34.4,34.9,35.6,36.5,38.0,41.4,48.1,14.0,4.9
3007,61.186,0.000,2980.9,141.0,5.9,3,12732,0.241,0.000,-0.317,-0.415,0.056,34.5,-11.9,0,1.18,-0.781,34.5,141.5,0.241,11.8,19.9,24.0,27.7,30.2,31.6,32.3,33.0,33.5,34.0,34.5,35.0,35.7,36.5,38.1,41.4,48.5,13.8,4.9
3008,61.206,0.000,2981.7,140.7,6.2,3,12781,0.291,0.000,-0.308,-0.416,0.058,34.6,-7.3,0,1.19,-0.786,34.6,142.0,0.291,11.8,20.0,24.1,27.8,30.4,31.7,32.5,33.1,33.6,34.1,34.6,35.1,35.8,36.7,38.3,41.6,49.0,13.4,4.8
3009,61.226,0.000,2982.5,140.5,6.7,3,12853,0.341,0.000,-0.298,-0.418,0.061,34.8,-5.4,0,1.20,-0.800,34.8,142.6,0.341,11.9,20.1,24.3,28.0,30.5,31.9,32.7,33.3,33.8,34.3,34.8,35.3,36.0,36.9,38.5,41.9,49.7,13.0,4.8
3010,61.246,0.000,2983.3,140.4,7.3,3,12939,0.391,0.000,-0.286,-0.420,0.065,35.0,-3.8,0,1.23,-0.810,35.0,143.5,0.391,11.9,20.2,24.4,28.2,30.7,32.1,32.9,33.5,34.0,34.5,35.0,35.5,36.2,37.1,38.7,42.3,50.6,12.7,4.8
3011,61.266,0.000,2984.2,140.3,7.8,3,13037,0.441,0.000,-0.272,-0.421,0.068,35.2,-2.7,0,1.26,-0.810,35.2,144.3,0.441,12.0,20.3,24.5,28.3,30.9,32.3,33.0,33.7,34.2,34.7,35.2,35.7,36.4,37.2,38.9,42.7,51.5,12.4,4.7
3012,61.286,0.000,2985.0,140.3,8.0,3,13143,0.491,0.000,-0.267,-0.423,0.069,35.2,-1.6,0,1.30,-0.810,35.2,145.0,0.491,12.0,20.3,24.6,28.4,30.9,32.3,33.1,33.7,34.2,34.7,35.2,35.7,36.5,37.3,39.0,43.0,52.3,12.3,4.7
3013,61.306,0.000,2985.8,140.4,8.1,3,13260,0.541,0.000,-0.270,-0.424,0.069,35.2,-0.1,0,1.34,-0.810,35.2,145.4,0.541,12.0,20.3,24.6,28.3,30.9,32.3,33.0,33.7,34.2,34.7,35.2,35.7,36.4,37.3,39.0,43.2,52.9,12.3,4.7
3014,61.326,0.000,2986.6,140.6,8.0,3,13388,0.591,0.000,-0.279,-0.425,0.067,35.1,1.6,0,1.39,-0.810,35.1,145.7,0.591,12.0,20.3,24.5,28.3,30.8,32.2,32.9,33.6,34.1,34.6,35.1,35.6,36.3,37.2,39.0,43.3,53.5,12.4,4.7
3015,61.346,0.000,2987.4,140.8,7.9,3,13528,0.641,0.000,-0.289,-0.426,0.065,35.0,3.5,0,1.45,-0.810,35.0,146.1,0.641,12.0,20.2,24.4,28.2,30.7,32.1,32.8,33.5,34.0,34.5,35.0,35.5,36.3,37.2,39.0,43.5,54.1,12.5,4.7
3016,61.366,0.000,2988.3,141.0,7.8,3,13679,0.691,0.000,-0.298,-0.427,0.064,34.9,5.3,0,1.51,-0.810,34.9,146.6,0.691,12.0,20.2,24.4,28.1,30.6,32.0,32.7,33.4,33.9,34.4,34.9,35.4,36.2,37.2,39.1,43.7,54.9,12.6,4.7
3017,61.386,0.000,2989.1,141.4,7.9,3,13840,0.741,0.000,-0.307,-0.428,0.062,34.9,7.2,0,1.58,-0.810,34.9,146.9,0.741,11.9,20.1,24.3,28.0,30.6,31.9,32.6,33.3,33.8,34.3,34.9,35.4,36.2,37.2,39.2,44.0,55.8,12.7,4.7
3018,61.406,0.000,2989.9,141.8,7.9,3,14004,0.791,0.000,-0.314,-0.429,0.060,34.8,7.8,0,1.66,-0.800,34.8,146.7,0.791,11.9,20.1,24.2,27.9,30.4,31.8,32.5,33.2,33.7,34.3,34.8,35.4,36.2,37.2,39.3,44.3,56.7,12.8,4.7
3019,61.426,0.000,2990.8,142.3,7.7,3,14171,0.841,0.000,-0.327,-0.429,0.057,34.7,9.0,0,1.75,-0.791,34.7,146.4,0.841,11.9,20.0,24.1,27.8,30.3,31.6,32.4,33.1,33.6,34.1,34.7,35.3,36.1,37.2,39.3,44.5,57.6,13.1,4.7
3020,61.446,0.000,2991.6,142.8,7.6,3,14345,0.891,0.000,-0.340,-0.429,0.053,34.6,10.9,0,1.84,-0.774,34.6,145.7,0.891,11.9,19.9,24.0,27.6,30.1,31.4,32.2,32.9,33.4,34.0,34.6,35.2,36.0,37.1,39.3,44.7,58.4,13.5,4.7
3021,61.466,0.000,2992.4,143.3,7.4,3,14531,0.941,0.000,-0.351,-0.429,0.050,34.5,13.5,0,1.94,-0.756,34.5,145.4,0.941,11.8,19.8,23.8,27.4,29.9,31.2,32.0,32.8,33.3,33.9,34.5,35.1,36.0,37.1,39.4,45.0,59.4,14.0,4.8
3022,61.486,0.000,2993.3,143.9,7.5,3,14731,0.991,0.000,-0.359,-0.429,0.047,34.5,16.6,0,2.06,-0.740,34.5,146.2,0.991,11.8,19.7,23.7,27.3,29.8,31.2,32.0,32.7,33.3,33.9,34.5,35.1,36.1,37.2,39.6,45.4,60.8,14.4,4.8
3023,61.506,0.000,2994.1,144.6,7.9,3,14948,1.000,0.000,-0.365,-0.428,0.046,34.6,20.1,0,2.20,-0.730,34.6,147.2,1.000,11.8,19.6,23.6,27.2,29.7,31.2,32.0,32.8,33.4,34.0,34.6,35.3,36.3,37.5,39.9,46.1,62.7,14.6,4.8
3024,61.526,0.000,2994.9,145.2,8.4,3,15161,1.000,0.000,-0.368,-0.426,0.046,34.9,22.3,0,2.37,-0.722,34.9,148.5,1.000,11.8,19.6,23.6,27.2,29.8,31.3,32.2,33.0,33.6,34.2,34.9,35.6,36.6,37.9,40.5,47.1,65.3,14.7,4.8
3025,61.546,0.000,2995.8,146.0,9.0,3,15347,1.000,0.000,-0.373,-0.424,0.046,35.2,22.6,0,2.56,-0.718,35.2,150.1,1.000,11.8,19.6,23.6,27.2,29.8,31.4,32.3,33.2,33.8,34.5,35.2,36.0,37.0,38.4,41.2,48.3,68.5,14.9,4.8
3026,61.566,0.000,2996.7,146.7,9.6,3,15514,1.000,0.000,-0.379,-0.422,0.046,35.6,23.6,0,2.78,-0.711,35.6,151.9,1.000,11.7,19.6,23.6,27.2,29.9,31.6,32.6,33.5,34.1,34.8,35.6,36.4,37.5,38.9,41.9,49.6,72.1,15.1,4.8
3027,61.586,0.000,2997.5,147.3,10.1,3,15671,1.000,0.000,-0.386,-0.419,0.046,36.0,25.4,0,3.04,-0.703,36.0,154.1,1.000,11.7,19.5,23.5,27.2,30.1,31.8,32.8,33.8,34.5,35.2,36.0,36.8,38.1,39.6,42.8,51.1,76.5,15.3,4.9
3028,61.606,0.000,2998.4,147.9,10.8,3,15824,1.000,0.000,-0.390,-0.415,0.047,36.6,27.9,0,3.36,-0.693,36.6,157.0,1.000,11.7,19.5,23.5,27.3,30.3,32.2,33.2,34.2,35.0,35.8,36.6,37.5,38.8,40.4,43.9,53.1,82.4,15.5,4.9
3029,61.626,0.000,2999.2,148.5,11.7,3,15976,1.000,0.000,-0.394,-0.411,0.049,37.5,30.6,0,3.76,-0.688,37.5,160.8,1.000,11.7,19.5,23.5,27.5,30.7,32.6,33.8,34.9,35.7,36.6,37.5,38.4,39.8,41.6,45.4,55.8,90.6,15.4,4.9
3030,61.646,0.000,3000.1,149.0,12.8,3,16127,1.000,0.000,-0.389,-0.407,0.052,38.5,33.4,0,4.29,-0.667,38.5,165.6,1.000,11.7,19.6,23.6,27.8,31.2,33.3,34.6,35.7,36.6,37.5,38.5,39.6,41.2,43.1,47.4,59.2,102.3,15.2,4.9
3031,61.666,0.000,3001.0,149.6,13.9,3,16261,0.981,0.000,-0.377,-0.402,0.056,39.9,34.1,0,4.98,-0.620,39.9,172.0,1.000,11.7,19.6,23.8,28.2,31.9,34.1,35.5,36.8,37.7,38.8,39.9,41.0,42.8,45.0,49.8,63.6,119.1,14.9,5.0
3032,61.686,0.000,3001.8,150.2,15.0,3,16368,0.883,0.000,-0.355,-0.396,0.059,41.4,34.7,0,5.88,-0.538,41.4,180.1,1.000,11.7,19.6,23.9,28.6,32.6,35.0,36.5,37.9,39.0,40.2,41.4,42.7,44.6,47.1,52.6,68.9,144.1,14.8,5.0
3033,61.706,0.000,3002.7,150.6,16.1,3,16411,0.907,0.000,-0.342,-0.390,0.062,43.1,33.0,0,7.06,-0.449,43.1,190.6,1.000,11.6,19.7,24.1,29.1,33.4,36.1,37.7,39.3,40.5,41.7,43.1,44.6,46.8,49.6,56.0,75.7,184.6,14.7,5.0
3034,61.726,0.000,3003.6,151.0,17.1,3,16466,0.854,0.000,-0.268,-0.383,0.065,45.2,33.8,0,7.28,-0.314,45.2,204.9,1.000,11.6,19.7,24.4,29.7,34.4,37.3,39.2,40.9,42.2,43.7,45.2,46.9,49.4,52.7,60.3,84.7,200.0,14.7,5.1
3035,61.746,0.000,3004.5,151.4,18.2,3,16498,0.848,0.000,-0.160,-0.376,0.068,47.8,33.1,0,7.04,-0.151,47.8,225.8,1.000,11.6,19.7,24.7,30.5,35.6,38.9,40.9,42.9,44.4,46.1,47.8,49.8,52.8,56.6,65.8,97.3,200.0,14.6,5.1
3036,61.766,0.000,3005.4,151.7,19.3,3,16528,0.769,0.000,-0.079,-0.369,0.072,51.0,32.3,0,6.77,-0.051,51.0,207.7,1.000,11.6,19.8,25.1,31.3,37.0,40.7,43.0,45.3,47.0,48.9,51.0,53.3,56.9,61.6,72.9,115.8,200.0,14.6,5.2
3037,61.786,0.000,3006.3,152.0,20.3,3,16504,0.815,0.000,0.026,-0.360,0.074,54.7,27.7,0,4.41,-0.040,54.7,224.0,1.000,11.5,19.9,25.5,32.3,38.5,42.7,45.4,48.0,50.0,52.3,54.7,57.5,61.8,67.5,81.9,143.5,114.7,14.6,5.2
3038,61.806,0.000,3007.2,152.4,21.0,3,16499,0.852,0.000,0.059,-0.352,0.075,58.7,25.7,0,3.81,-0.031,58.7,242.1,1.000,11.5,20.0,25.9,33.2,40.1,44.8,47.8,50.8,53.2,55.8,58.7,62.0,67.2,74.3,92.8,185.5,66.0,14.8,5.3
3039,61.826,0.000,3008.0,152.7,21.4,3,16525,0.882,0.000,0.065,-0.342,0.073,62.9,26.2,0,3.70,-0.023,62.9,261.6,1.000,11.4,20.0,26.2,34.0,41.5,46.8,50.2,53.6,56.4,59.4,62.9,66.7,72.9,81.7,105.5,200.0,51.3,15.0,5.4
3040,61.846,0.000,3008.9,153.2,21.7,3,16583,0.905,0.000,0.066,-0.333,0.071,67.3,28.2,0,3.49,-0.016,67.3,237.9,1.000,11.3,20.0,26.4,34.7,43.0,48.8,52.7,56.6,59.8,63.3,67.3,71.9,79.4,90.2,121.3,200.0,44.1,15.2,5.5
3041,61.866,0.000,3009.8,153.7,21.8,3,16664,0.827,0.000,0.060,-0.322,0.067,72.4,30.5,0,3.32,-0.010,72.4,254.4,1.000,11.1,20.0,26.7,35.5,44.5,51.0,55.4,59.8,63.5,67.7,72.4,77.8,87.0,100.7,142.5,200.0,39.8,15.4,5.6
3042,61.886,0.000,3010.7,154.2,21.9,3,16699,0.861,0.000,0.048,-0.311,0.062,78.2,29.4,0,3.20,-0.006,78.2,376.8,1.000,11.0,20.0,26.9,36.3,46.1,53.4,58.3,63.4,67.7,72.6,78.2,84.8,96.2,113.7,172.4,200.0,36.9,15.7,5.7
3043,61.906,0.000,3011.6,154.8,21.7,3,16735,0.889,0.000,0.029,-0.299,0.057,84.7,28.5,0,3.09,-0.003,84.7,376.8,1.000,10.9,19.9,27.1,37.1,47.7,55.8,61.4,67.3,72.2,77.9,84.7,92.7,106.9,129.6,200.0,200.0,35.0,15.9,5.9
3044,61.926,0.000,3012.5,155.4,21.3,3,16768,0.911,0.000,0.013,-0.287,0.049,91.2,28.0,0,2.61,-0.000,91.2,339.3,1.000,10.7,19.8,27.2,37.7,49.1,58.0,64.2,70.9,76.6,83.2,91.2,100.8,118.4,147.8,200.0,165.5,33.9,16.1,6.0
3045,61.946,0.000,3013.4,156.1,20.7,3,16811,0.929,0.000,0.091,-0.274,0.040,97.5,28.3,0,2.19,0.137,97.5,376.8,1.000,10.5,19.7,27.3,38.1,50.3,59.9,66.8,74.2,80.6,88.2,97.5,108.9,130.2,167.9,200.0,128.9,33.3,16.5,6.2
3046,61.966,0.000,3014.3,156.8,19.9,3,16865,0.943,0.000,0.183,-0.260,0.030,103.7,28.3,0,2.00,0.342,103.7,376.8,1.000,10.3,19.5,27.2,38.4,51.3,61.6,69.1,77.3,84.5,93.1,103.7,117.1,142.9,191.2,200.0,110.2,33.0,16.8,6.4
3047,61.986,0.000,3015.2,157.5,19.2,3,16927,0.955,0.000,0.220,-0.246,0.019,109.3,28.0,0,1.90,0.470,109.3,376.8,1.000,10.1,19.3,27.1,38.6,51.9,62.9,70.9,79.8,87.7,97.3,109.3,124.6,155.2,200.0,200.0,100.2,33.0,17.1,6.6
3048,62.006,0.000,3016.1,158.3,18.3,3,16991,0.964,0.000,0.172,-0.230,0.005,111.4,27.7,0,1.87,0.470,111.4,376.8,1.000,9.9,19.0,26.8,38.2,51.8,63.0,71.2,80.5,88.7,98.8,111.4,127.9,161.2,200.0,200.0,97.5,33.6,17.6,6.8
3049,62.026,0.000,3017.0,159.3,16.8,3,17031,0.971,0.000,0.105,-0.213,-0.012,110.0,25.7,0,1.92,0.470,135.2,376.8,1.000,9.7,18.6,26.2,37.5,50.9,61.9,70.1,79.2,87.4,97.4,110.0,126.4,159.8,200.0,200.0,99.8,34.7,18.2,7.1
3050,62.046,0.000,3017.9,160.4,15.0,3,17029,0.977,0.000,0.024,-0.196,-0.030,106.3,22.5,0,2.02,0.470,183.8,376.8,1.000,9.5,18.2,25.6,36.6,49.5,60.2,68.0,76.8,84.6,94.2,106.3,121.9,153.4,200.0,200.0,105.2,36.1,18.9,7.3
3051,62.066,0.000,3018.8,161.5,13.1,3,17013,0.981,0.000,-0.064,-0.177,-0.049,101.7,19.8,0,2.15,0.470,200.0,376.8,1.000,9.3,17.8,24.9,35.5,48.0,58.2,65.6,74.0,81.4,90.4,101.7,116.2,145.3,200.0,200.0,112.5,37.6,19.6,7.6
3052,62.086,0.000,3019.7,162.5,11.2,3,16996,0.985,0.000,-0.153,-0.157,-0.067,98.2,17.7,0,2.26,0.470,98.2,376.8,1.000,9.1,17.4,24.4,34.7,46.7,56.5,63.7,71.7,78.8,87.4,98.2,112.0,139.4,193.5,200.0,118.6,39.0,20.3,7.8
3053,62.106,0.000,3020.7,163.4,9.5,3,16985,0.988,0.000,-0.212,-0.136,-0.079,96.8,16.6,0,2.31,0.470,96.8,376.8,1.000,9.0,17.1,24.0,34.1,45.9,55.6,62.7,70.6,77.6,86.2,96.8,110.5,137.7,191.8,200.0,120.6,39.9,20.8,8.0
3054,62.126,0.000,3021.6,164.3,8.2,3,16982,0.990,0.000,-0.204,-0.116,-0.077,97.9,16.0,0,2.29,0.470,97.9,376.8,1.000,8.8,16.8,23.7,33.8,45.7,55.6,62.8,70.8,78.0,86.8,97.9,112.1,140.9,199.5,200.0,118.0,40.2,21.1,8.2
3055,62.146,0.000,3022.5,165.2,7.2,3,16975,0.992,0.000,-0.187,-0.098,-0.074,101.2,13.6,0,2.21,0.470,101.2,376.8,1.000,8.7,16.7,23.6,33.8,46.0,56.2,63.7,72.2,79.8,89.3,101.2,116.8,149.1,200.0,200.0,112.1,40.1,21.2,8.3
3056,62.166,0.000,3023.4,166.1,6.3,3,16965,0.994,0.000,-0.167,-0.080,-0.070,106.3,11.6,0,2.11,0.470,106.3,376.8,1.000,8.6,16.6,23.5,34.0,46.6,57.3,65.3,74.4,82.7,93.0,106.3,124.0,161.8,200.0,200.0,105.3,39.6,21.3,8.4
3057,62.186,0.000,3024.3,166.9,5.7,3,16975,0.995,0.000,-0.142,-0.065,-0.065,113.7,11.3,0,1.98,0.470,113.7,376.8,1.000,8.5,16.5,23.6,34.3,47.5,58.9,67.6,77.6,86.8,98.4,113.7,134.5,181.1,200.0,200.0,98.1,39.0,21.3,8.5
3058,62.206,0.000,3025.2,167.7,5.3,3,17009,0.996,0.000,-0.113,-0.050,-0.059,125.0,11.6,0,1.83,0.470,125.0,376.7,1.000,8.4,16.5,23.7,34.9,49.0,61.4,71.0,82.3,92.9,106.5,125.0,151.1,200.0,200.0,200.0,90.5,38.1,21.2,8.6
3059,62.226,0.000,3026.2,168.5,5.1,3,17056,0.997,0.000,-0.078,-0.036,-0.052,142.3,12.1,0,1.66,0.470,142.3,375.5,1.000,8.4,16.6,24.0,35.8,51.0,64.8,75.8,89.0,101.7,118.6,142.3,177.8,200.0,200.0,200.0,83.0,37.0,21.0,8.6
3060,62.246,0.000,3027.1,169.3,5.2,3,17112,0.998,0.000,-0.040,-0.024,-0.045,168.6,12.2,0,1.47,0.470,200.0,374.9,1.000,8.3,16.7,24.4,36.9,53.5,69.3,82.2,98.2,114.0,136.0,168.6,200.0,200.0,200.0,200.0,76.1,35.8,20.7,8.7
3061,62.266,0.000,3028.0,170.1,5.3,3,17168,0.998,0.000,-0.001,-0.012,-0.038,200.0,12.0,0,1.24,0.470,200.0,374.9,1.000,8.3,16.8,24.8,38.1,56.5,74.5,89.9,109.6,130.1,160.0,200.0,200.0,200.0,200.0,186.2,70.5,34.7,20.5,8.7
3062,62.286,0.000,3029.0,171.0,5.3,3,17215,0.998,0.000,0.031,-0.002,-0.032,200.0,11.4,0,1.01,0.470,200.0,374.9,1.000,8.2,16.9,25.1,39.1,59.1,79.4,97.3,121.3,147.2,187.1,200.0,200.0,200.0,200.0,158.9,66.6,34.0,20.3,8.8
3063,62.306,0.000,3029.9,171.9,5.1,3,17250,0.999,0.000,-0.169,0.008,-0.029,200.0,10.1,0,0.90,0.000,200.0,375.2,1.000,8.2,16.9,25.2,39.6,60.5,82.4,102.1,129.0,159.1,200.0,200.0,200.0,200.0,200.0,147.1,64.8,33.6,20.3,8.8
3064,62.326,0.000,3030.9,172.9,4.4,3,17257,0.999,0.000,-0.165,0.017,-0.026,200.0,8.9,0,0.82,0.000,200.0,375.8,1.000,8.1,16.9,25.3,40.0,61.8,85.1,106.4,136.5,170.9,200.0,200.0,200.0,200.0,200.0,138.6,63.4,33.4,20.3,8.9
3065,62.346,0.000,3031.8,173.7,3.9,3,17271,0.999,0.000,-0.133,0.024,-0.020,200.0,8.2,0,0.66,0.000,200.0,376.1,1.000,8.1,17.0,25.7,41.2,65.0,91.5,116.9,154.6,200.0,200.0,200.0,200.0,200.0,200.0,124.5,60.5,32.7,20.1,8.9
3066,62.366,0.000,3032.8,174.6,3.8,3,17297,0.999,0.000,-0.093,0.031,-0.013,200.0,7.7,0,0.49,0.000,200.0,376.1,1.000,8.1,17.2,26.3,43.0,69.9,101.9,134.9,188.2,200.0,200.0,200.0,200.0,200.0,200.0,109.8,57.0,31.8,19.8,8.9
3067,62.386,0.000,3033.8,175.4,4.0,3,17338,0.999,0.000,-0.048,0.036,-0.006,200.0,7.6,0,0.25,0.000,200.0,375.8,1.000,8.1,17.5,27.1,45.3,76.4,116.6,162.3,200.0,200.0,200.0,200.0,200.0,200.0,165.1,97.4,53.6,30.8,19.4,8.8
3068,62.406,0.000,3034.8,176.2,4.1,3,17391,1.000,0.000,-0.007,0.040,0.001,200.0,7.7,0,0.04,0.000,200.0,375.5,1.000,8.2,17.7,27.8,47.6,83.6,134.8,200.0,200.0,200.0,200.0,200.0,200.0,200.0,140.2,88.3,50.8,29.9,19.1,8.8
3069,62.426,0.000,3035.8,177.1,4.2,3,17446,1.000,0.000,0.024,0.043,0.006,200.0,7.6,0,-0.12,0.000,200.0,375.6,1.000,8.2,18.0,28.4,49.6,90.2,153.1,200.0,200.0,200.0,200.0,200.0,200.0,174.9,125.9,82.5,48.9,29.3,18.9,8.8
3070,62.446,0.000,3036.7,178.0,4.0,3,17489,1.000,0.000,0.040,0.046,0.009,200.0,7.1,0,-0.20,0.000,200.0,375.6,1.000,8.2,18.0,28.7,50.6,94.0,164.6,200.0,200.0,200.0,200.0,200.0,200.0,162.9,119.6,79.9,48.0,29.0,18.8,8.8
3071,62.466,0.000,3037.7,178.9,3.5,3,17518,1.000,0.000,0.041,0.048,0.009,200.0,6.1,0,-0.20,0.000,200.0,375.7,1.000,8.2,18.0,28.7,50.6,93.9,164.8,200.0,200.0,200.0,200.0,200.0,200.0,162.8,119.6,79.9,48.1,29.0,18.8,8.8
3072,62.486,0.000,3038.7,179.8,2.7,3,17519,1.000,0.000,0.030,0.049,0.007,200.0,4.4,0,-0.13,0.000,200.0,376.2,1.000,8.1,17.9,28.4,49.6,90.8,155.6,200.0,200.0,200.0,200.0,200.0,200.0,171.9,124.5,82.1,48.9,29.3,19.0,8.8
3073,62.506,0.000,3039.7,180.7,1.8,3,17536,1.000,0.000,0.013,0.050,0.004,200.0,3.4,0,-0.04,0.000,200.0,376.6,1.000,8.1,17.7,27.9,48.3,86.7,143.8,200.0,200.0,200.0,200.0,200.0,200.0,187.1,132.3,85.4,50.1,29.8,19.1,8.9
3074,62.526,0.000,3040.7,181.6,1.1,3,17569,1.000,0.000,-0.003,0.051,0.001,200.0,3.0,0,0.04,0.000,200.0,376.7,1.000,8.1,17.6,27.5,47.2,83.2,134.5,200.0,200.0,200.0,200.0,200.0,200.0,200.0,140.4,88.8,51.2,30.2,19.3,8.9
3075,62.546,0.000,3041.7,182.5,0.5,3,17613,1.000,0.000,-0.013,0.052,-0.000,200.0,2.8,0,0.10,0.000,200.0,376.7,1.000,8.0,17.5,27.3,46.5,81.1,129.2,189.2,200.0,200.0,200.0,200.0,200.0,200.0,146.0,91.0,52.0,30.4,19.4,8.9
3076,62.566,0.000,3042.8,183.4,0.2,3,17663,1.000,0.000,-0.015,0.052,-0.001,200.0,2.8,0,0.12,0.000,200.0,376.8,1.000,8.0,17.4,27.2,46.3,80.5,127.7,186.0,200.0,200.0,200.0,200.0,200.0,200.0,147.8,91.7,52.2,30.5,19.4,8.9
3077,62.586,0.000,3043.8,184.2,0.1,3,17714,1.000,0.000,-0.012,0.053,-0.000,200.0,2.8,0,0.10,0.000,200.0,376.8,1.000,8.0,17.4,27.3,46.5,81.0,129.1,189.0,200.0,200.0,200.0,200.0,200.0,200.0,146.2,91.1,52.0,30.4,19.4,8.9
3078,62.606,0.000,3044.8,185.1,0.2,3,17764,1.000,0.000,-0.006,0.053,0.001,200.0,2.8,0,0.07,0.000,200.0,376.8,1.000,8.0,17.5,27.4,46.8,82.1,132.0,195.2,200.0,200.0,200.0,200.0,200.0,200.0,143.0,89.8,51.6,30.3,19.4,8.9
3079,62.626,0.000,3045.8,186.0,0.2,3,17796,1.000,0.000,-0.001,0.053,0.002,200.0,2.3,0,0.04,0.000,200.0,376.8,1.000,8.0,17.5,27.5,47.2,83.3,135.0,200.0,200.0,200.0,200.0,200.0,200.0,200.0,140.0,88.6,51.2,30.2,19.3,8.9
3080,62.646,0.000,3046.9,186.8,0.3,3,17832,1.000,0.000,0.003,0.053,0.002,200.0,1.9,0,0.02,0.000,200.0,376.8,1.000,8.1,17.6,27.6,47.5,84.1,137.1,200.0,200.0,200.0,200.0,200.0,200.0,198.5,138.0,87.8,50.9,30.1,19.3,8.9
3081,62.666,0.000,3047.9,187.7,0.3,3,17891,1.000,0.000,0.005,0.053,0.002,200.0,1.8,0,0.02,0.000,200.0,376.8,1.000,8.1,17.6,27.7,47.6,84.4,137.9,200.0,200.0,200.0,200.0,200.0,200.0,197.0,137.3,87.5,50.8,30.0,19.3,8.9
3082,62.686,0.000,3049.0,188.5,0.2,3,17976,1.000,0.000,0.004,0.052,0.002,200.0,1.9,0,0.02,0.000,200.0,376.8,1.000,8.1,17.6,27.6,47.5,84.3,137.5,200.0,200.0,200.0,200.0,200.0,200.0,197.7,137.6,87.7,50.9,30.0,19.3,8.9
3083,62.706,0.000,3050.0,189.4,0.1,3,18066,1.000,0.000,0.003,0.052,0.002,200.0,2.0,0,0.03,0.000,200.0,376.8,1.000,8.1,17.6,27.6,47.4,83.9,136.5,200.0,200.0,200.0,200.0,200.0,200.0,199.3,138.5,88.0,51.0,30.1,19.3,8.9
3084,62.726,0.000,3051.1,190.2,0.0,3,18149,1.000,0.000,0.001,0.052,0.002,200.0,2.0,0,0.04,0.000,200.0,376.8,1.000,8.1,17.6,27.6,47.3,83.4,135.3,200.0,200.0,200.0,200.0,200.0,200.0,199.6,139.6,88.5,51.1,30.1,19.3,8.9
3085,62.746,0.000,3052.1,191.1,-0.0,3,18226,1.000,0.000,-0.001,0.052,0.001,200.0,2.0,0,0.04,0.000,200.0,376.8,1.000,8.1,17.5,27.5,47.2,83.1,134.5,200.0,200.0,200.0,200.0,200.0,200.0,199.2,140.4,88.8,51.2,30.2,19.3,8.9
3086,62.766,0.000,3053.2,191.9,-0.1,3,18297,1.000,0.000,-0.001,0.051,0.001,200.0,1.9,0,0.04,0.000,200.0,376.8,1.000,8.1,17.5,27.5,47.2,83.0,134.2,200.0,200.0,200.0,200.0,200.0,200.0,198.5,140.7,88.9,51.3,30.2,19.3,8.9
3087,62.786,0.000,3054.3,192.8,-0.1,3,18343,1.000,0.000,-0.001,0.051,0.001,200.0,1.2,0,0.04,0.000,200.0,376.8,1.000,8.1,17.6,27.5,47.2,83.1,134.3,200.0,200.0,200.0,200.0,200.0,200.0,197.6,140.6,88.8,51.2,30.2,19.3,8.9
3088,62.806,0.000,3055.3,193.6,-0.1,3,18413,1.000,0.000,-0.000,0.051,0.001,200.0,0.9,0,0.03,0.000,200.0,376.8,1.000,8.1,17.6,27.6,47.2,83.2,134.6,200.0,200.0,200.0,200.0,200.0,200.0,196.6,140.3,88.7,51.2,30.1,19.3,8.9
3089,62.826,0.000,3056.4,194.5,-0.1,3,18492,1.000,0.000,0.000,0.050,0.001,200.0,0.9,0,0.03,0.000,200.0,376.8,1.000,8.1,17.6,27.6,47.3,83.3,134.9,200.0,200.0,200.0,200.0,200.0,200.0,195.7,140.1,88.6,51.1,30.1,19.3,8.9
3090,62.846,0.000,3057.5,195.3,-0.1,3,18577,1.000,0.000,0.001,0.050,0.001,200.0,1.0,0,0.03,0.000,200.0,376.8,1.000,8.1,17.6,27.6,47.3,83.4,135.1,200.0,200.0,200.0,200.0,200.0,200.0,194.7,139.9,88.5,51.1,30.1,19.3,8.9
3091,62.866,0.000,3058.6,196.1,-0.1,3,18662,1.000,0.000,0.001,0.050,0.001,200.0,1.1,0,0.03,0.000,200.0,376.8,1.000,8.1,17.6,27.6,47.3,83.4,135.1,200.0,200.0,200.0,200.0,200.0,200.0,193.8,139.8,88.5,51.1,30.1,19.3,8.9
3092,62.886,0.000,3059.7,197.0,-0.1,3,18741,1.000,0.000,0.001,0.049,0.001,200.0,1.1,0,0.02,0.000,200.0,376.8,1.000,8.1,17.6,27.6,47.3,83.4,135.0,200.0,200.0,200.0,200.0,200.0,200.0,193.0,139.9,88.5,51.1,30.1,19.3,8.9
3093,62.906,0.000,3060.8,197.8,-0.1,3,18817,1.000,0.000,0.000,0.049,0.001,200.0,1.0,0,0.02,0.000,200.0,376.8,1.000,8.1,17.6,27.6,47.3,83.3,134.8,200.0,200.0,200.0,200.0,200.0,199.1,192.1,140.1,88.6,51.1,30.1,19.3,8.9
3094,62.926,0.000,3061.9,198.7,-0.1,3,18867,1.000,0.000,0.000,0.049,0.001,200.0,0.5,0,0.02,0.000,200.0,376.8,1.000,8.1,17.6,27.6,47.3,83.3,134.7,200.0,200.0,200.0,200.0,200.0,198.0,191.2,140.3,88.6,51.1,30.1,19.3,8.9
3095,62.946,0.000,3063.0,199.5,-0.1,3,18931,1.000,0.000,0.000,0.049,0.001,200.0,0.2,0,0.02,0.000,200.0,376.8,1.000,8.1,17.6,27.6,47.3,83.3,134.7,200.0,200.0,200.0,200.0,199.9,197.0,190.3,140.3,88.6,51.1,30.1,19.3,8.9
3096,62.966,0.000,3064.1,200.3,-0.1,3,19001,1.000,0.000,0.000,0.048,0.001,200.0,0.0,0,0.01,0.000,200.0,376.8,1.000,8.1,17.6,27.6,47.3,83.3,134.7,200.0,200.0,200.0,200.0,198.8,195.9,189.3,140.2,88.6,51.1,30.1,19.2,8.9
3097,62.986,0.000,3065.2,201.1,-0.1,3,19074,1.000,0.000,0.001,0.048,0.001,200.0,-0.1,0,0.01,0.000,200.0,376.8,1.000,8.1,17.6,27.6,47.4,83.4,134.8,200.0,200.0,200.0,199.9,197.7,194.8,188.3,140.2,88.6,51.1,30.1,19.2,8.9
3098,63.006,0.000,3066.3,201.9,-0.1,3,19147,1.000,0.000,0.001,0.048,0.001,200.0,-0.2,0,0.01,0.000,200.0,376.8,1.000,8.1,17.6,27.6,47.4,83.4,134.8,200.0,200.0,200.0,198.8,196.6,193.7,187.4,140.2,88.6,51.1,30.1,19.2,8.9
3099,63.026,0.000,3067.4,202.7,-0.1,3,19216,1.000,0.000,0.001,0.047,0.001,199.5,-0.3,0,0.00,0.000,199.6,376.8,1.000,8.1,17.6,27.6,47.4,83.3,134.6,200.0,200.0,199.5,197.7,195.5,192.7,186.4,140.3,88.6,51.1,30.1,19.2,8.9
3100,63.046,0.000,3068.6,203.5,-0.1,3,19283,1.000,0.000,0.000,0.047,0.001,198.4,-0.4,0,0.00,0.000,198.6,376.8,1.000,8.1,17.6,27.6,47.3,83.3,134.4,200.0,200.0,198.4,196.6,194.4,191.6,185.5,140.5,88.7,51.1,30.1,19.2,8.9
3101,63.066,0.000,3069.7,204.3,-0.1,3,19330,1.000,0.000,0.000,0.047,0.001,197.3,-0.9,0,0.00,0.000,197.5,376.8,1.000,8.1,17.6,27.6,47.3,83.2,134.3,200.0,198.8,197.3,195.5,193.3,190.5,184.6,140.7,88.7,51.1,30.1,19.2,8.9
3102,63.086,0.000,3070.8,205.1,-0.1,3,19391,1.000,0.000,0.000,0.046,0.001,196.1,-1.2,0,-0.00,0.000,196.3,376.2,1.000,8.1,17.6,27.6,47.3,83.2,134.3,199.4,197.7,196.1,194.3,192.2,189.4,183.6,140.7,88.7,51.1,30.1,19.2,8.9
3103,63.106,0.000,3072.0,205.8,-0.1,3,19457,1.000,0.000,0.000,0.046,0.001,195.0,-1.4,0,-0.00,0.000,195.2,375.0,1.000,8.1,17.6,27.7,47.4,83.3,134.3,198.3,196.5,195.0,193.2,191.0,188.3,182.5,140.6,88.7,51.1,30.0,19.2,8.9
3104,63.126,0.000,3073.1,206.6,-0.1,3,19524,1.000,0.000,0.000,0.046,0.001,193.8,-1.4,0,-0.00,0.000,194.0,373.8,1.000,8.1,17.6,27.7,47.4,83.3,134.4,197.1,195.3,193.8,192.0,189.9,187.2,181.5,140.5,88.6,51.1,30.0,19.2,8.9
3105,63.146,0.000,3074.3,206.8,-0.1,4,15816,1.000,0.000,0.000,0.046,0.001,192.7,-14.9,0,-0.00,0.000,192.9,372.5,1.000,8.1,17.6,27.7,47.4,83.3,134.5,195.9,194.2,192.7,190.9,188.8,186.1,180.5,140.5,88.6,51.0,30.0,19.2,8.9
3106,63.166,0.000,3075.4,207.0,-0.1,4,16050,1.000,0.000,0.001,0.045,0.001,191.5,-4.4,0,-0.00,0.000,191.7,371.3,1.000,8.1,17.6,27.7,47.4,83.4,134.6,194.7,193.0,191.5,189.7,187.6,185.0,179.4,140.4,88.6,51.0,30.0,19.2,8.9
3107,63.186,0.000,3076.6,207.6,-0.1,4,16245,1.000,0.000,0.000,0.045,0.001,190.4,-3.8,0,0.00,0.000,190.5,370.1,1.000,8.1,17.7,27.7,47.4,83.4,134.6,193.6,191.8,190.4,188.6,186.5,183.9,178.4,140.4,88.6,51.0,30.0,19.2,8.9
3108,63.206,0.000,3077.7,208.2,-0.1,4,16395,1.000,0.000,0.000,0.045,0.001,189.2,-4.1,0,0.00,0.000,189.4,368.9,1.000,8.1,17.7,27.7,47.4,83.4,134.5,192.4,190.7,189.2,187.4,185.3,182.8,177.4,140.5,88.6,51.0,30.0,19.2,8.9
3109,63.226,0.000,3078.9,208.8,-0.1,4,16512,1.000,0.000,0.000,0.045,0.001,188.0,-4.2,0,0.00,0.000,188.2,367.6,1.000,8.1,17.7,27.7,47.4,83.4,134.5,191.2,189.5,188.0,186.3,184.2,181.6,176.4,140.4,88.6,51.0,30.0,19.2,8.9
3110,63.246,0.000,3080.1,209.4,-0.1,4,16606,1.000,0.000,0.000,0.044,0.001,186.8,-4.3,0,0.00,0.000,187.0,366.3,1.000,8.1,17.7,27.7,47.4,83.4,134.6,190.0,188.3,186.8,185.1,183.1,180.5,175.3,140.4,88.5,51.0,30.0,19.2,8.9
3111,63.266,0.000,3081.2,210.0,-0.1,4,16683,1.000,0.000,0.000,0.044,0.001,185.7,-4.3,0,0.00,0.000,185.8,365.1,1.000,8.1,17.7,27.7,47.5,83.5,134.7,188.8,187.1,185.7,184.0,181.9,179.4,174.3,140.3,88.5,51.0,30.0,19.2,8.9
3112,63.286,0.000,3082.4,210.6,-0.1,4,16745,1.000,0.000,0.001,0.044,0.001,184.5,-4.3,0,0.00,0.000,184.7,363.8,1.000,8.1,17.7,27.7,47.5,83.5,134.8,187.6,185.9,184.5,182.8,180.7,178.2,173.2,140.2,88.5,51.0,30.0,19.2,8.8
3113,63.306,0.000,3083.6,211.2,-0.0,4,16796,1.000,0.000,0.000,0.044,0.001,183.3,-4.3,0,0.00,0.000,183.5,362.5,1.000,8.1,17.7,27.7,47.5,83.5,134.7,186.5,184.8,183.3,181.6,179.6,177.1,172.1,140.2,88.5,51.0,30.0,19.2,8.8
3114,63.326,0.000,3084.7,211.8,-0.1,4,16842,1.000,0.000,0.000,0.043,0.001,182.1,-4.4,0,0.00,0.000,182.3,361.3,1.000,8.1,17.7,27.7,47.5,83.5,134.7,185.3,183.6,182.1,180.4,178.4,176.0,171.1,140.3,88.5,51.0,30.0,19.2,8.8
3115,63.346,0.000,3085.9,212.4,-0.1,4,16879,1.000,0.000,0.000,0.043,0.001,180.9,-4.5,0,0.00,0.000,181.1,360.0,1.000,8.1,17.7,27.7,47.5,83.5,134.7,184.1,182.4,180.9,179.3,177.3,174.8,170.0,140.3,88.5,50.9,30.0,19.2,8.8
3116,63.366,0.000,3087.1,213.0,-0.1,4,16913,1.000,0.000,0.000,0.043,0.001,179.8,-4.6,0,0.00,0.000,179.9,358.7,1.000,8.1,17.7,27.8,47.5,83.5,134.7,182.9,181.2,179.8,178.1,176.1,173.7,168.9,140.2,88.4,50.9,30.0,19.2,8.8
3117,63.386,0.000,3088.3,213.6,-0.0,4,16944,1.000,0.000,0.000,0.043,0.001,178.6,-4.6,0,0.00,0.000,178.7,357.3,1.000,8.1,17.7,27.8,47.5,83.6,134.8,181.6,180.0,178.6,176.9,174.9,172.5,167.9,140.2,88.4,50.9,29.9,19.2,8.8
3118,63.406,0.000,3089.5,214.1,-0.0,4,16973,1.000,0.000,0.001,0.042,0.001,177.4,-4.6,0,0.00,0.000,177.5,356.0,1.000,8.1,17.7,27.8,47.5,83.6,134.9,180.4,178.8,177.4,175.7,173.8,171.4,166.8,140.1,88.4,50.9,29.9,19.2,8.8
3119,63.426,0.000,3090.7,214.7,-0.0,4,17001,1.000,0.000,0.000,0.042,0.001,176.2,-4.6,0,0.00,0.000,176.3,354.7,1.000,8.1,17.7,27.8,47.5,83.6,134.9,179.2,177.6,176.2,174.5,172.6,170.2,165.7,140.1,88.4,50.9,29.9,19.2,8.8
3120,63.446,0.000,3091.9,215.3,-0.0,4,17029,1.000,0.000,0.000,0.042,0.001,175.0,-4.7,0,0.01,0.000,175.1,353.4,1.000,8.1,17.7,27.8,47.5,83.6,134.8,178.0,176.4,175.0,173.3,171.4,169.1,164.6,140.2,88.4,50.9,29.9,19.1,8.8
3121,63.466,0.000,3093.1,215.9,-0.0,4,17053,1.000,0.000,0.000,0.042,0.001,173.7,-4.8,0,0.01,0.000,173.9,352.0,1.000,8.1,17.7,27.8,47.6,83.6,134.8,176.8,175.1,173.7,172.1,170.2,167.9,163.5,140.2,88.4,50.9,29.9,19.1,8.8
3122,63.486,0.000,3094.3,216.5,-0.0,4,17077,1.000,0.000,0.000,0.041,0.001,172.5,-4.9,0,0.01,0.000,172.7,350.7,1.000,8.1,17.7,27.8,47.6,83.6,134.8,175.6,173.9,172.5,170.9,169.0,166.8,162.4,140.2,88.4,50.9,29.9,19.1,8.8
3123,63.506,0.000,3095.5,217.0,-0.0,4,17102,1.000,0.000,0.000,0.041,0.001,171.3,-5.0,0,0.01,0.000,171.5,349.3,1.000,8.1,17.7,27.8,47.6,83.6,134.9,174.3,172.7,171.3,169.7,167.8,165.6,161.3,140.1,88.3,50.9,29.9,19.1,8.8
3124,63.526,0.000,3096.7,217.6,-0.0,4,17127,1.000,0.000,0.000,0.041,0.001,170.1,-5.0,0,0.01,0.000,170.3,347.9,1.000,8.1,17.7,27.8,47.6,83.7,134.9,173.1,171.5,170.1,168.5,166.7,164.4,160.2,140.0,88.3,50.8,29.9,19.1,8.8
3125,63.546,0.000,3097.9,218.2,-0.0,4,17151,1.000,0.000,0.000,0.041,0.001,168.9,-5.0,0,0.01,0.000,169.0,346.5,1.000,8.1,17.7,27.8,47.6,83.7,135.0,171.9,170.2,168.9,167.3,165.5,163.2,159.1,140.0,88.3,50.8,29.9,19.1,8.8
3126,63.566,0.000,3099.1,218.8,-0.0,4,17175,1.000,0.000,0.001,0.041,0.001,167.7,-5.1,0,0.01,0.000,167.8,345.1,1.000,8.1,17.7,27.8,47.6,83.7,135.1,170.6,169.0,167.7,166.1,164.3,162.1,158.0,139.9,88.2,50.8,29.9,19.1,8.8
3127,63.586,0.000,3100.3,219.3,-0.0,4,17199,1.000,0.000,0.000,0.040,0.001,166.4,-5.1,0,0.01,0.000,166.6,343.7,1.000,8.2,17.7,27.8,47.6,83.7,135.0,169.4,167.8,166.4,164.9,163.1,160.9,156.8,140.0,88.2,50.8,29.9,19.1,8.8
3128,63.606,0.000,3101.5,219.9,-0.0,4,17223,1.000,0.000,0.000,0.040,0.001,165.2,-5.2,0,0.01,0.000,165.3,342.3,1.000,8.2,17.7,27.8,47.6,83.7,134.9,168.1,166.5,165.2,163.7,161.9,159.7,155.7,140.1,88.3,50.8,29.9,19.1,8.8
3129,63.626,0.000,3102.8,220.5,-0.0,4,17246,1.000,0.000,0.000,0.040,0.001,164.0,-5.3,0,0.01,0.000,164.1,340.8,1.000,8.2,17.7,27.8,47.6,83.7,134.9,166.9,165.3,164.0,162.4,160.7,158.5,154.6,140.1,88.3,50.8,29.9,19.1,8.8
3130,63.646,0.000,3104.0,221.0,-0.0,4,17270,1.000,0.000,0.000,0.040,0.001,162.7,-5.3,0,0.01,0.000,162.9,339.4,1.000,8.2,17.7,27.8,47.6,83.7,135.0,165.6,164.1,162.7,161.2,159.4,157.3,153.5,140.0,88.3,50.8,29.9,19.1,8.8
3131,63.666,0.000,3105.2,221.6,-0.0,4,17294,1.000,0.000,0.000,0.039,0.001,161.5,-5.4,0,0.01,0.000,161.6,337.9,1.000,8.2,17.8,27.8,47.7,83.7,135.0,164.4,162.8,161.5,160.0,158.2,156.1,152.3,140.0,88.2,50.8,29.9,19.1,8.8
3132,63.686,0.000,3106.4,222.2,-0.0,4,17317,1.000,0.000,0.000,0.039,0.001,160.2,-5.4,0,0.01,0.000,160.4,336.4,1.000,8.2,17.8,27.9,47.7,83.8,135.1,163.1,161.6,160.2,158.7,157.0,154.9,151.2,139.9,88.2,50.8,29.9,19.1,8.8
3133,63.706,0.000,3107.7,222.7,-0.0,4,17340,1.000,0.000,-0.150,0.039,0.001,159.0,-5.5,0,0.01,-0.850,159.1,334.9,1.000,8.2,17.8,27.9,47.7,83.8,135.1,161.9,160.3,159.0,157.5,155.8,153.7,150.0,139.9,88.2,50.8,29.9,19.1,8.8
3134,63.726,0.000,3108.9,223.3,-0.2,4,17364,1.000,0.000,-0.129,0.038,0.004,157.2,-5.0,0,-0.14,-0.850,157.9,334.7,1.000,8.2,17.9,28.3,49.0,87.9,161.8,160.2,158.6,157.2,155.7,153.9,151.7,147.7,130.5,84.3,49.5,29.4,18.9,8.8
3135,63.746,0.000,3110.2,223.8,0.6,4,17389,1.000,0.000,-0.082,0.037,0.013,154.4,-4.9,0,-0.31,-0.850,156.6,332.1,1.000,8.3,18.4,29.6,52.9,101.3,159.6,157.8,156.0,154.4,152.7,150.5,147.9,141.8,110.4,75.4,46.3,28.2,18.4,8.7
3136,63.766,0.000,3111.4,224.3,1.8,4,17417,1.000,0.000,0.118,0.035,0.023,151.2,-4.9,0,-0.56,0.000,155.3,329.1,1.000,8.4,19.0,31.2,58.2,122.5,157.1,155.1,153.0,151.2,149.0,146.3,142.4,119.0,93.9,67.3,43.1,27.0,17.9,8.6
3137,63.786,0.000,3112.7,224.8,2.9,4,17442,1.000,0.000,0.156,0.032,0.027,148.8,-4.9,0,-0.81,0.000,154.0,330.4,1.000,8.5,19.4,32.1,61.4,158.2,155.2,153.1,150.8,148.8,146.4,143.2,137.4,108.6,87.2,63.8,41.5,26.4,17.6,8.5
3138,63.806,0.000,3113.9,225.4,2.2,4,17457,1.000,0.000,0.119,0.029,0.022,148.9,-5.3,0,-0.54,0.000,152.8,326.1,1.000,8.4,19.1,31.2,58.0,120.9,154.7,152.7,150.6,148.9,146.8,144.2,140.7,120.5,94.7,67.6,43.1,27.0,17.8,8.5
3139,63.826,0.000,3115.2,225.9,0.4,4,17477,1.000,0.000,0.057,0.026,0.011,149.8,-5.5,0,-0.27,0.000,151.5,326.1,1.000,8.3,18.5,29.6,52.4,98.6,154.7,153.0,151.3,149.8,148.1,146.2,143.8,139.0,113.8,76.7,46.5,28.2,18.4,8.6
3140,63.846,0.000,3116.4,226.4,-1.3,4,17505,1.000,0.000,0.000,0.025,0.000,150.2,-5.3,0,-0.07,0.000,150.3,325.8,1.000,8.3,18.0,28.2,48.0,84.0,154.4,153.0,151.5,150.2,148.8,147.2,145.3,142.0,135.6,88.0,50.4,29.6,18.9,8.7
3141,63.866,0.000,3117.7,227.0,-2.3,4,17528,1.000,0.000,-0.186,0.024,-0.006,149.9,-5.4,0,0.13,-0.850,149.9,323.4,1.000,8.2,17.7,27.4,45.8,77.2,117.8,152.4,151.0,149.9,148.6,147.1,145.5,142.6,138.0,96.5,53.0,30.4,19.2,8.7
3142,63.886,0.000,3118.9,227.5,-2.5,4,17544,1.000,0.000,-0.178,0.023,-0.005,148.4,-5.4,0,0.10,-0.850,148.4,321.8,1.000,8.3,17.8,27.6,46.3,78.8,121.3,150.9,149.5,148.4,147.1,145.6,143.9,141.0,136.3,94.3,52.4,30.2,19.1,8.7
3143,63.906,0.000,3120.2,228.0,-1.0,4,17562,1.000,0.000,-0.118,0.021,0.006,145.5,-5.5,0,-0.17,-0.850,146.4,320.7,1.000,8.4,18.4,29.1,50.6,91.9,150.0,148.4,146.8,145.5,144.0,142.3,140.2,136.5,123.8,81.0,48.0,28.7,18.5,8.6
3144,63.926,0.000,3121.5,228.5,1.0,4,17591,1.000,0.000,-0.043,0.019,0.019,141.8,-5.4,0,-0.48,-0.850,145.1,317.2,1.000,8.5,19.2,31.2,57.3,116.6,147.2,145.4,143.4,141.8,140.0,137.7,134.9,124.9,97.2,68.7,43.4,27.0,17.8,8.5
3145,63.946,0.000,3122.7,229.0,2.6,4,17622,1.000,0.000,0.022,0.015,0.030,138.2,-5.3,0,-0.84,-0.850,143.8,317.5,1.000,8.6,19.9,33.1,64.3,147.5,144.5,142.4,140.1,138.2,135.9,132.8,127.3,101.9,82.7,61.1,40.2,25.7,17.2,8.4
3146,63.966,0.000,3124.0,229.6,3.3,4,17642,1.000,0.000,0.050,0.011,0.035,135.7,-5.4,0,-0.95,-0.850,142.5,315.1,1.000,8.7,20.3,34.2,68.3,145.7,142.5,140.2,137.8,135.7,133.0,129.2,115.3,93.6,77.0,57.9,38.7,25.0,16.9,8.3
3147,63.986,0.000,3125.3,230.1,2.8,4,17655,1.000,0.000,0.046,0.007,0.034,134.6,-5.8,0,-0.93,-0.850,141.2,313.3,1.000,8.7,20.4,34.2,68.0,144.5,141.3,139.0,136.7,134.6,132.0,128.5,116.5,94.3,77.5,58.0,38.7,25.0,16.9,8.3
3148,64.008,0.000,3126.7,230.7,1.6,4,17673,1.000,0.000,0.021,0.001,0.030,134.3,-6.2,0,-0.84,-0.850,139.7,312.1,1.000,8.7,20.2,33.5,65.0,143.4,140.4,138.4,136.2,134.3,132.1,129.2,124.5,101.0,81.9,60.4,39.7,25.3,17.0,8.3
3149,64.030,0.000,3128.1,231.3,0.4,4,17698,1.000,0.000,-0.004,-0.004,0.025,133.9,-6.3,0,-0.75,-0.850,138.2,310.9,1.000,8.7,20.0,32.9,62.2,142.4,139.6,137.7,135.6,133.9,131.9,129.5,126.2,109.2,87.0,63.1,40.7,25.7,17.1,8.2
3150,64.052,0.000,3129.5,231.9,-0.3,4,17722,1.000,0.000,-0.017,-0.010,0.022,133.0,-6.4,0,-0.71,-0.850,136.8,309.3,1.000,8.8,19.9,32.6,60.9,141.2,138.5,136.6,134.7,133.0,131.2,128.9,126.0,114.0,89.9,64.5,41.2,25.8,17.1,8.2
3151,64.074,0.000,3130.9,232.5,-0.4,4,17746,1.000,0.000,-0.017,-0.016,0.022,131.6,-6.5,0,-0.71,-0.850,135.3,307.4,1.000,8.8,20.0,32.8,61.2,139.7,137.0,135.1,133.2,131.6,129.8,127.5,124.7,113.6,89.6,64.2,41.0,25.7,17.0,8.2
3152,64.096,0.000,3132.4,233.1,-0.2,4,17778,1.000,0.000,-0.009,-0.021,0.024,129.9,-6.4,0,-0.74,-0.850,133.8,305.1,1.000,8.9,20.2,33.2,62.4,138.1,135.3,133.5,131.5,129.9,128.0,125.7,122.8,110.0,87.2,62.9,40.4,25.4,16.9,8.1
3153,64.118,0.000,3133.8,233.6,0.1,4,17799,1.000,0.000,0.000,-0.027,0.025,128.1,-6.5,0,-0.77,-0.850,132.4,303.0,1.000,8.9,20.4,33.7,63.7,136.5,133.7,131.8,129.8,128.1,126.2,123.9,120.8,106.3,84.8,61.5,39.7,25.1,16.7,8.1
3154,64.140,0.000,3135.2,234.2,0.3,4,17823,1.000,0.000,0.006,-0.033,0.026,126.5,-6.6,0,-0.79,-0.850,130.9,301.0,1.000,9.0,20.6,34.0,64.7,134.9,132.1,130.2,128.2,126.5,124.6,122.2,119.1,104.0,83.2,60.5,39.3,24.9,16.6,8.0
3155,64.162,0.000,3136.7,234.8,0.3,4,17847,1.000,0.000,0.007,-0.039,0.026,125.1,-6.7,0,-0.80,-0.850,129.4,299.1,1.000,9.1,20.7,34.2,65.0,133.4,130.6,128.7,126.7,125.1,123.2,120.8,117.7,103.3,82.7,60.2,39.0,24.7,16.5,7.9
3156,64.184,0.000,3138.1,235.4,0.1,4,17887,1.000,0.000,0.004,-0.045,0.026,123.7,-6.8,0,-0.79,-0.850,127.9,297.2,1.000,9.1,20.8,34.3,65.0,132.0,129.2,127.3,125.3,123.7,121.9,119.6,116.6,103.8,82.9,60.2,38.9,24.6,16.4,7.9
3157,64.206,0.000,3139.5,236.0,-0.0,4,17938,1.000,0.000,0.001,-0.051,0.025,122.4,-6.7,0,-0.78,-0.850,126.4,295.1,1.000,9.1,20.9,34.4,64.9,130.5,127.8,125.9,124.0,122.4,120.6,118.4,115.6,104.5,83.2,60.2,38.9,24.5,16.3,7.9
3158,64.228,0.000,3141.0,236.5,-0.1,4,17980,1.000,0.000,-0.001,-0.057,0.024,121.0,-6.7,0,-0.77,-0.850,124.9,292.8,1.000,9.2,21.0,34.5,64.9,129.1,126.3,124.5,122.6,121.0,119.3,117.1,114.4,104.8,83.3,60.2,38.8,24.4,16.2,7.8
3159,64.250,0.000,3142.4,237.1,-0.1,4,18019,1.000,0.000,-0.001,-0.063,0.024,119.6,-6.8,0,-0.78,-0.850,123.4,290.8,1.000,9.2,21.1,34.6,65.2,127.6,124.8,123.0,121.2,119.6,117.9,115.8,113.1,104.6,83.0,59.9,38.6,24.3,16.1,7.8
3160,64.272,0.000,3143.9,237.7,-0.1,4,18058,1.000,0.000,-0.001,-0.069,0.024,118.1,-6.9,0,-0.78,-0.850,121.9,289.0,1.000,9.3,21.2,34.8,65.5,126.0,123.3,121.5,119.7,118.1,116.4,114.3,111.7,103.9,82.5,59.5,38.3,24.1,16.0,7.7
3161,64.294,0.000,3145.3,238.2,-0.1,4,18097,1.000,0.000,0.001,-0.075,0.024,116.6,-7.1,0,-0.79,-0.850,120.4,287.0,1.000,9.4,21.3,35.0,66.0,124.5,121.8,120.0,118.2,116.6,114.9,112.9,110.3,103.0,81.8,59.1,38.0,24.0,15.9,7.7
3162,64.316,0.000,3146.8,238.8,-0.0,4,18136,1.000,0.000,0.002,-0.081,0.024,115.2,-7.2,0,-0.80,-0.850,118.9,285.1,1.000,9.4,21.4,35.2,66.4,123.0,120.3,118.5,116.7,115.2,113.4,111.4,108.9,102.2,81.2,58.7,37.8,23.8,15.8,7.6
3163,64.338,0.000,3148.2,239.4,-0.0,4,18184,1.000,0.000,0.002,-0.087,0.024,113.7,-7.1,0,-0.80,-0.850,117.4,282.8,1.000,9.5,21.6,35.4,66.7,121.4,118.8,117.0,115.2,113.7,112.0,110.0,107.5,101.4,80.8,58.3,37.6,23.7,15.7,7.6
3164,64.360,0.000,3149.7,239.9,-0.0,4,18224,1.000,0.000,0.002,-0.093,0.024,112.2,-7.1,0,-0.81,-0.850,115.9,280.8,1.000,9.5,21.7,35.6,66.9,119.9,117.2,115.5,113.7,112.2,110.6,108.6,106.2,100.5,80.5,58.1,37.4,23.5,15.6,7.5
3165,64.382,0.000,3151.2,240.5,-0.1,4,18263,1.000,0.000,0.002,-0.099,0.024,110.8,-7.2,0,-0.81,-0.850,114.4,278.8,1.000,9.6,21.8,35.7,67.1,118.4,115.7,114.0,112.2,110.8,109.2,107.2,104.9,99.6,80.3,57.8,37.2,23.4,15.5,7.5
3166,64.404,0.000,3152.7,241.0,-0.1,4,18302,1.000,0.000,0.001,-0.105,0.024,109.3,-7.4,0,-0.82,-0.850,112.8,276.9,1.000,9.6,21.9,35.9,67.3,116.9,114.2,112.5,110.8,109.3,107.7,105.9,103.6,98.6,80.0,57.6,37.0,23.3,15.4,7.4
3167,64.426,0.000,3154.1,241.6,-0.1,4,18341,1.000,0.000,0.001,-0.110,0.023,107.9,-7.4,0,-0.82,-0.850,111.3,275.0,1.000,9.7,22.0,36.0,67.5,115.3,112.7,111.0,109.3,107.9,106.3,104.5,102.2,97.5,79.8,57.4,36.8,23.1,15.4,7.4
3168,64.448,0.000,3155.6,242.2,-0.1,4,18383,1.000,0.000,0.001,-0.116,0.023,106.4,-7.5,0,-0.83,-0.850,109.8,272.9,1.000,9.7,22.1,36.2,67.8,113.8,111.2,109.5,107.8,106.4,104.8,103.0,100.9,96.4,79.4,57.1,36.6,23.0,15.3,7.3
3169,64.470,0.000,3157.1,242.7,-0.1,4,18423,1.000,0.000,0.002,-0.122,0.023,104.9,-7.5,0,-0.84,-0.850,108.2,270.8,1.000,9.7,22.2,36.3,68.0,112.3,109.7,108.0,106.3,104.9,103.4,101.6,99.5,95.2,79.0,56.8,36.4,22.9,15.2,7.3
3170,64.492,0.000,3158.6,243.3,-0.1,4,18463,1.000,0.000,0.002,-0.128,0.023,103.4,-7.6,0,-0.84,-0.850,106.7,268.7,1.000,9.8,22.3,36.5,68.3,110.7,108.1,106.5,104.8,103.4,101.9,100.2,98.1,94.0,78.7,56.5,36.2,22.7,15.1,7.2
3171,64.514,0.000,3160.1,243.8,-0.1,4,18503,1.000,0.000,0.001,-0.134,0.023,102.0,-7.7,0,-0.85,-0.850,105.2,266.5,1.000,9.8,22.4,36.6,68.5,109.2,106.6,105.0,103.3,102.0,100.5,98.8,96.7,92.8,78.4,56.3,36.0,22.6,15.0,7.2
3172,64.536,0.000,3161.5,244.3,-0.1,4,18543,1.000,0.000,0.001,-0.139,0.023,100.5,-7.7,0,-0.86,-0.850,103.6,264.3,1.000,9.9,22.5,36.8,68.7,107.6,105.1,103.4,101.8,100.5,99.0,97.3,95.4,91.6,78.1,56.0,35.8,22.5,14.9,7.1
3173,64.558,0.000,3163.0,244.9,-0.1,4,18583,1.000,0.000,0.002,-0.145,0.022,99.0,-7.8,0,-0.87,-0.850,102.1,261.9,1.000,9.9,22.6,36.9,69.0,106.0,103.5,101.9,100.3,99.0,97.6,95.9,94.0,90.3,77.8,55.7,35.6,22.3,14.8,7.1
3174,64.580,0.000,3164.5,245.4,-0.1,4,18623,1.000,0.000,0.002,-0.151,0.022,97.5,-7.8,0,-0.88,-0.850,100.5,259.6,1.000,10.0,22.7,37.1,69.2,104.5,102.0,100.4,98.8,97.5,96.1,94.5,92.6,89.1,77.5,55.5,35.4,22.2,14.7,7.1
3175,64.602,0.000,3166.0,246.0,-0.1,4,18662,1.000,0.000,0.002,-0.156,0.022,96.0,-7.9,0,-0.89,-0.850,99.0,257.2,1.000,10.0,22.8,37.2,69.4,102.9,100.4,98.8,97.3,96.0,94.6,93.0,91.2,87.8,77.2,55.2,35.2,22.1,14.6,7.0
3176,64.624,0.000,3167.5,246.5,-0.1,4,18702,1.000,0.000,0.001,-0.162,0.022,94.5,-7.9,0,-0.90,-0.850,97.4,254.9,1.000,10.1,22.9,37.4,69.5,101.3,98.9,97.3,95.8,94.5,93.1,91.6,89.8,86.6,77.0,55.0,35.1,21.9,14.5,7.0
3177,64.646,0.000,3169.1,247.1,-0.1,4,18740,1.000,0.000,0.001,-0.167,0.022,93.0,-8.0,0,-0.91,-0.850,95.8,252.5,1.000,10.1,23.0,37.5,69.7,99.8,97.3,95.8,94.2,93.0,91.7,90.2,88.4,85.3,76.7,54.7,34.9,21.8,14.4,6.9
3178,64.668,0.000,3170.6,247.6,-0.1,4,18780,1.000,0.000,0.002,-0.173,0.021,91.5,-8.1,0,-0.92,-0.850,94.3,250.1,1.000,10.2,23.1,37.7,70.0,98.2,95.7,94.2,92.7,91.5,90.2,88.7,87.0,84.0,76.3,54.5,34.7,21.7,14.4,6.9
3179,64.690,0.000,3172.1,248.1,-0.1,4,18818,0.000,0.000,0.002,-0.178,0.021,90.0,-8.1,0,-0.93,-0.850,92.7,247.6,1.000,10.2,23.2,37.8,70.2,96.6,94.2,92.7,91.2,90.0,88.7,87.2,85.6,82.7,76.0,54.2,34.5,21.6,14.3,6.8
3180,64.712,0.000,3173.6,247.8,-0.1,4,18284,0.000,0.005,0.003,-0.184,0.021,88.5,-21.0,0,-0.95,-0.850,91.1,245.2,0.693,10.3,23.3,38.0,70.5,95.0,92.6,91.1,89.6,88.5,87.2,85.8,84.1,81.3,75.5,53.9,34.3,21.4,14.2,6.8
3181,64.734,0.000,3175.1,247.0,-0.0,4,18226,0.000,0.089,0.004,-0.189,0.021,86.9,-21.1,0,-0.96,-0.850,89.6,242.8,0.478,10.3,23.4,38.1,70.8,93.4,91.0,89.5,88.1,86.9,85.7,84.3,82.7,80.0,74.7,53.5,34.1,21.3,14.1,6.7
3182,64.756,0.000,3176.6,246.2,0.0,4,18125,0.000,0.160,0.004,-0.194,0.021,85.4,-19.2,0,-0.98,-0.850,88.0,240.5,0.000,10.4,23.5,38.3,71.0,91.8,89.5,88.0,86.5,85.4,84.2,82.8,81.3,78.6,73.8,53.2,33.9,21.2,14.0,6.7
3183,64.778,0.000,3178.1,245.0,0.0,4,18011,0.000,0.232,0.005,-0.200,0.021,83.9,-17.6,0,-1.00,-0.850,86.4,237.9,0.000,10.4,23.5,38.4,71.3,90.2,87.9,86.5,85.0,83.9,82.7,81.4,79.9,77.3,72.9,53.0,33.7,21.0,13.9,6.7
3184,64.800,0.000,3179.6,243.7,-0.0,4,17879,0.000,0.005,0.163,-0.205,0.021,82.5,-16.0,0,-1.27,0.000,84.9,241.1,-0.007,10.4,23.6,38.5,92.2,88.7,86.4,84.9,83.5,82.5,81.3,80.0,78.5,76.0,71.9,52.9,33.5,20.9,13.8,6.6
3185,64.822,0.000,3181.1,242.7,0.1,4,17900,0.000,0.338,0.125,-0.209,0.015,81.6,-19.9,0,-0.92,0.000,83.3,233.5,0.000,10.4,23.3,37.6,67.9,87.5,85.3,84.0,82.7,81.6,80.5,79.3,78.0,75.8,72.6,56.0,34.7,21.3,14.0,6.6
3186,64.844,0.000,3182.6,241.2,-1.6,4,17646,0.000,0.317,0.052,-0.213,0.002,81.7,-12.4,0,-0.67,0.000,81.8,232.5,0.000,10.3,22.4,35.2,60.5,87.0,85.0,83.7,82.6,81.7,80.7,79.7,78.5,76.8,74.4,66.3,38.3,22.6,14.4,6.7
3187,64.866,0.000,3184.0,239.5,-3.5,4,17514,0.000,0.285,-0.018,-0.214,-0.012,81.5,-13.4,0,-0.48,0.000,81.5,231.4,0.000,10.2,21.6,33.2,54.6,86.3,84.5,83.4,82.3,81.5,80.6,79.7,78.7,77.2,75.3,70.3,42.8,24.0,15.0,6.7
3188,64.888,0.000,3185.5,237.8,-4.3,4,17403,0.000,0.294,-0.055,-0.214,-0.019,80.7,-14.7,0,-0.40,0.000,80.7,229.5,0.000,10.1,21.2,32.2,51.8,85.2,83.5,82.4,81.4,80.7,79.9,79.0,78.1,76.7,74.9,70.7,45.8,24.9,15.3,6.8
3189,64.910,0.000,3186.9,236.2,-3.7,4,17288,0.000,0.347,-0.054,-0.214,-0.019,79.2,-14.3,0,-0.40,0.000,79.2,226.9,0.000,10.1,21.2,32.2,51.9,83.6,81.9,80.9,79.9,79.2,78.4,77.5,76.6,75.3,73.5,69.4,45.7,24.9,15.3,6.8
3190,64.932,0.000,3188.4,234.5,-2.2,4,17146,0.000,0.421,-0.027,-0.213,-0.014,77.2,-12.6,0,-0.48,0.000,77.2,223.7,0.000,10.2,21.5,32.9,53.8,81.8,80.1,79.0,78.0,77.2,76.4,75.6,74.6,73.3,71.5,67.2,43.6,24.3,15.1,6.8
3191,64.954,0.000,3189.8,232.6,-0.7,4,16972,0.000,0.493,0.005,-0.212,-0.007,75.2,-10.4,0,-0.57,0.000,75.2,220.4,0.000,10.2,21.9,33.8,56.2,79.9,78.1,77.0,76.0,75.2,74.4,73.5,72.6,71.2,69.3,64.8,41.3,23.6,14.9,6.7
3192,64.976,0.000,3191.2,230.5,0.3,4,16776,0.000,0.543,0.026,-0.210,-0.004,73.4,-7.9,0,-0.64,0.000,73.4,217.3,0.000,10.2,22.1,34.3,57.9,78.2,76.4,75.3,74.2,73.4,72.6,71.7,70.8,69.3,67.5,62.9,40.1,23.2,14.7,6.7
3193,64.998,0.000,3192.6,228.2,0.6,4,16577,0.000,0.305,0.039,-0.209,-0.003,72.0,-5.8,0,-0.95,0.000,72.0,219.8,0.000,10.2,22.1,34.4,79.6,76.7,74.9,73.8,72.8,72.0,71.2,70.3,69.4,67.9,66.1,61.7,39.9,23.2,14.7,6.7
3194,65.020,0.000,3194.0,226.3,0.4,4,16552,0.000,0.330,0.028,-0.208,-0.005,70.8,-12.3,0,-0.92,0.000,70.8,217.4,0.000,10.2,21.9,34.0,78.2,75.3,73.6,72.5,71.5,70.8,70.0,69.1,68.2,66.9,65.2,61.1,40.8,23.4,14.8,6.8
3195,65.042,0.000,3195.4,224.6,-0.2,4,16420,0.000,0.364,0.009,-0.206,-0.009,69.7,-12.4,0,-0.88,0.000,69.7,215.1,0.000,10.1,21.7,33.4,76.9,74.1,72.4,71.4,70.4,69.7,68.9,68.1,67.3,66.0,64.4,60.7,42.1,23.9,15.0,6.8
3196,65.064,0.000,3196.8,222.9,-0.7,4,16277,0.000,0.398,-0.008,-0.204,-0.012,68.6,-11.2,0,-0.84,0.000,68.6,212.7,0.000,10.1,21.4,32.9,75.6,72.9,71.2,70.2,69.3,68.6,67.8,67.1,66.3,65.0,63.5,60.1,43.5,24.4,15.2,6.8
3197,65.086,0.000,3198.1,221.1,-0.9,4,16126,0.000,0.436,-0.016,-0.202,-0.014,67.3,-9.9,0,-0.82,0.000,67.3,210.1,0.000,10.1,21.3,32.6,74.2,71.5,69.9,68.9,68.0,67.3,66.6,65.9,65.1,63.9,62.4,59.1,44.2,24.6,15.3,6.9
3198,65.108,0.000,3199.4,219.1,-0.7,4,15963,0.000,0.475,-0.015,-0.200,-0.013,65.9,-8.4,0,-0.81,0.000,65.9,207.4,0.000,10.0,21.3,32.6,72.8,70.1,68.5,67.5,66.6,65.9,65.2,64.5,63.7,62.6,61.1,58.0,44.2,24.6,15.3,6.9
3199,65.130,0.000,3200.8,217.1,-0.5,4,15792,0.000,0.515,-0.010,-0.198,-0.012,64.5,-6.8,0,-0.82,0.000,64.5,204.6,0.000,10.0,21.3,32.7,71.3,68.6,67.0,66.0,65.2,64.5,63.8,63.1,62.3,61.2,59.8,56.7,43.8,24.6,15.3,6.9
3200,65.152,0.000,3202.1,215.0,-0.2,4,15611,0.000,0.550,-0.003,-0.195,-0.011,63.1,-5.0,0,-0.82,0.000,63.1,201.8,0.000,10.0,21.4,32.8,69.8,67.1,65.5,64.6,63.7,63.1,62.4,61.7,60.9,59.8,58.4,55.4,43.4,24.5,15.3,6.9
3201,65.174,0.000,3203.4,212.7,0.0,4,15420,0.000,0.578,0.001,-0.193,-0.010,61.7,-3.4,0,-0.83,0.000,61.7,199.0,0.000,10.0,21.4,32.9,68.4,65.7,64.1,63.2,62.3,61.7,61.0,60.3,59.6,58.5,57.1,54.2,43.2,24.4,15.3,6.9
3202,65.196,0.000,3204.7,210.4,0.1,4,15226,0.000,0.601,0.002,-0.191,-0.010,60.3,-2.0,0,-0.82,0.000,60.3,196.3,0.000,10.0,21.4,32.9,67.0,64.3,62.7,61.8,61.0,60.3,59.7,59.0,58.3,57.2,55.9,53.1,43.2,24.4,15.3,6.9
3203,65.218,0.000,3206.0,208.0,0.1,4,15030,0.000,0.618,0.001,-0.189,-0.010,59.1,-0.7,0,-0.81,0.000,59.1,193.5,0.000,10.0,21.3,32.8,65.6,63.0,61.4,60.5,59.7,59.1,58.4,57.7,57.0,56.0,54.7,52.0,43.3,24.5,15.4,6.9
3204,65.240,0.000,3207.2,205.5,0.0,4,14834,0.000,0.632,-0.001,-0.187,-0.010,57.8,0.4,0,-0.81,0.000,57.8,190.8,0.000,10.0,21.3,32.7,64.3,61.6,60.1,59.2,58.4,57.8,57.2,56.5,55.8,54.8,53.6,51.0,43.2,24.6,15.4,7.0
3205,65.262,0.000,3208.5,203.0,-0.1,4,14641,0.000,0.645,-0.003,-0.185,-0.010,56.6,1.9,0,-0.80,0.000,56.6,188.1,0.000,10.0,21.2,32.6,62.9,60.3,58.8,58.0,57.2,56.6,55.9,55.3,54.6,53.7,52.5,50.0,42.8,24.7,15.5,7.0
3206,65.284,0.000,3209.7,200.5,-0.1,4,14447,0.000,0.658,-0.004,-0.183,-0.010,55.3,3.6,0,-0.80,0.000,55.3,185.3,0.000,9.9,21.2,32.5,61.6,59.0,57.6,56.7,55.9,55.3,54.7,54.1,53.5,52.5,51.3,48.9,42.3,24.8,15.5,7.0
3207,65.306,0.000,3210.9,198.0,-0.1,4,14245,0.000,0.672,-0.004,-0.181,-0.011,54.1,5.6,0,-0.80,0.000,54.1,182.6,0.000,9.9,21.1,32.5,60.3,57.7,56.3,55.5,54.7,54.1,53.5,52.9,52.3,51.3,50.2,47.9,41.7,24.9,15.6,7.0
3208,65.328,0.000,3212.1,195.4,-0.1,4,14041,0.000,0.685,-0.004,-0.179,-0.010,52.9,8.0,0,-0.80,0.000,52.9,179.8,0.000,9.9,21.1,32.4,59.0,56.5,55.0,54.2,53.5,52.9,52.3,51.7,51.1,50.2,49.1,46.8,41.0,24.9,15.6,7.0
3209,65.350,0.000,3213.3,192.8,-0.1,4,13836,0.000,0.698,-0.004,-0.177,-0.010,51.7,10.8,0,-0.81,0.000,51.7,177.0,0.000,9.9,21.1,32.4,57.7,55.2,53.8,53.0,52.2,51.7,51.1,50.5,49.9,49.0,48.0,45.8,40.3,25.0,15.6,7.1
3210,65.372,0.000,3214.5,190.2,-0.1,4,13628,0.000,0.708,-0.003,-0.175,-0.010,50.5,13.7,0,-0.81,0.000,50.5,174.2,0.000,9.9,21.0,32.3,56.4,54.0,52.6,51.8,51.0,50.5,49.9,49.4,48.8,47.9,46.9,44.8,39.6,25.0,15.7,7.1
3211,65.394,0.000,3215.7,187.6,-0.1,4,13422,0.000,0.716,-0.003,-0.173,-0.010,49.3,17.1,0,-0.82,0.000,49.3,171.4,0.000,9.9,21.0,32.3,55.2,52.7,51.3,50.6,49.9,49.3,48.8,48.2,47.6,46.8,45.8,43.8,38.8,25.1,15.7,7.1
3212,65.416,0.000,3216.8,185.0,-0.0,4,13226,0.000,0.720,-0.003,-0.171,-0.010,48.2,21.1,0,-0.83,0.000,48.2,168.8,0.000,9.8,21.0,32.2,53.9,51.5,50.2,49.4,48.7,48.2,47.6,47.1,46.5,45.7,44.8,42.8,38.1,25.1,15.7,7.1
3213,65.438,0.000,3217.9,182.4,-0.0,4,13022,0.000,0.724,-0.003,-0.169,-0.010,47.0,25.1,0,-0.84,0.000,47.0,166.1,0.000,9.8,20.9,32.3,52.7,50.3,49.0,48.2,47.5,47.0,46.5,46.0,45.4,44.7,43.7,41.8,37.3,25.2,15.8,7.1
3214,65.460,0.000,3219.0,179.8,-0.1,4,12817,0.000,0.726,0.022,-0.167,-0.010,45.9,29.4,0,-1.54,0.000,45.9,163.5,0.000,9.8,20.9,54.7,51.5,49.1,47.8,47.1,46.4,45.9,45.4,44.9,44.4,43.6,42.7,40.9,36.6,25.3,15.8,7.1
3215,65.482,0.000,3220.1,177.2,-0.0,4,12616,0.000,0.725,0.019,-0.165,-0.011,44.8,33.9,0,-1.53,0.000,44.8,160.9,0.000,9.8,20.8,53.6,50.3,48.0,46.7,46.0,45.3,44.8,44.3,43.8,43.3,42.6,41.7,39.9,35.9,25.4,15.9,7.2
3216,65.504,0.000,3221.2,174.6,-0.1,4,12418,0.000,0.360,0.014,-0.163,-0.011,43.8,37.9,0,-1.52,0.000,43.8,158.5,0.000,9.8,20.8,52.4,49.2,46.9,45.6,44.9,44.3,43.8,43.3,42.8,42.3,41.6,40.7,39.1,35.2,25.5,16.0,7.2
3217,65.526,0.000,3222.2,172.2,-0.2,4,12511,0.000,0.723,0.009,-0.162,-0.012,42.8,21.1,0,-1.50,0.000,42.8,156.0,0.000,9.7,20.7,51.3,48.1,45.8,44.6,43.9,43.2,42.8,42.3,41.8,41.3,40.6,39.8,38.2,34.5,25.7,16.0,7.2
3218,65.548,0.000,3223.3,169.9,-0.3,4,12112,0.000,0.728,0.003,-0.160,-0.013,41.8,22.3,0,-1.48,0.000,41.8,153.6,0.000,9.7,20.6,50.1,47.0,44.7,43.5,42.8,42.2,41.8,41.3,40.9,40.4,39.7,38.9,37.3,33.8,25.9,16.1,7.2
3219,65.570,0.000,3224.3,167.4,-0.3,3,14806,0.000,0.728,-0.001,-0.157,-0.014,40.8,31.4,0,-1.46,0.000,40.8,151.2,0.000,9.7,20.5,49.0,45.9,43.7,42.5,41.8,41.2,40.8,40.3,39.9,39.4,38.8,38.0,36.5,33.1,25.9,16.2,7.3
3220,65.592,0.000,3225.3,165.1,-0.3,3,14742,0.000,0.366,-0.003,-0.155,-0.014,39.8,39.4,0,-1.45,0.000,39.8,148.8,0.000,9.7,20.4,47.9,44.7,42.6,41.4,40.8,40.2,39.8,39.3,38.9,38.4,37.8,37.0,35.6,32.4,25.7,16.2,7.3
3221,65.614,0.000,3226.3,162.9,-0.3,3,14506,0.000,0.747,-0.003,-0.153,-0.014,38.7,23.7,0,-1.45,0.000,38.7,146.4,0.000,9.6,20.4,46.7,43.6,41.5,40.4,39.7,39.2,38.7,38.3,37.9,37.5,36.8,36.1,34.7,31.6,25.5,16.3,7.3
3222,65.636,0.000,3227.3,160.7,-0.2,3,13950,0.000,0.755,-0.003,-0.151,-0.014,37.7,28.8,0,-1.45,0.000,37.7,144.0,0.000,9.6,20.4,45.6,42.5,40.4,39.3,38.7,38.1,37.7,37.3,36.9,36.5,35.9,35.2,33.8,30.9,25.1,16.3,7.3
3223,65.658,0.000,3228.3,158.2,-0.2,3,13618,0.000,0.376,-0.002,-0.149,-0.014,36.7,37.5,0,-1.45,0.000,36.7,141.6,0.000,9.6,20.3,44.5,41.5,39.4,38.3,37.7,37.1,36.7,36.3,35.9,35.5,34.9,34.2,32.9,30.1,24.7,16.4,7.3
3224,65.680,0.000,3229.2,155.9,-0.1,3,13764,0.000,0.752,-0.002,-0.147,-0.014,35.8,26.3,0,-1.45,0.000,35.8,139.3,0.000,9.6,20.3,43.4,40.4,38.4,37.3,36.7,36.2,35.8,35.4,35.0,34.6,34.0,33.3,32.1,29.4,24.3,16.4,7.3
3225,65.702,0.000,3230.2,153.6,-0.1,3,13256,0.000,0.377,-0.003,-0.145,-0.014,34.8,31.8,0,-1.45,0.000,34.8,136.9,0.000,9.6,20.3,42.4,39.4,37.4,36.3,35.7,35.2,34.8,34.4,34.1,33.7,33.1,32.5,31.2,28.6,23.9,16.4,7.4
3226,65.724,0.000,3231.1,151.3,-0.1,3,13392,0.000,0.754,-0.003,-0.143,-0.014,33.9,21.6,0,-1.47,0.000,33.9,134.7,0.000,9.6,20.6,41.3,38.3,36.4,35.3,34.8,34.2,33.9,33.5,33.1,32.8,32.2,31.6,30.4,27.9,23.4,16.5,7.4
3227,65.746,0.000,3232.0,149.0,-0.1,3,12879,0.000,0.378,0.197,-0.141,-0.015,33.0,28.5,0,-2.90,0.810,33.0,132.4,0.000,9.5,43.8,40.3,37.3,35.4,34.4,33.8,33.3,33.0,32.6,32.2,31.9,31.3,30.7,29.6,27.2,23.0,16.5,7.4
3228,65.768,0.000,3232.9,146.9,0.0,3,12982,0.000,0.756,0.397,-0.138,-0.016,32.1,20.8,0,-2.88,0.810,32.1,130.3,0.000,9.5,42.8,39.3,36.4,34.5,33.5,32.9,32.5,32.1,31.8,31.4,31.0,30.5,30.0,28.9,26.6,22.6,16.7,7.4
3229,65.790,0.000,3233.8,144.8,-0.1,3,12467,0.000,0.370,0.498,-0.136,-0.022,31.5,35.1,0,-2.83,0.678,31.5,128.6,0.000,9.4,41.9,38.5,35.6,33.7,32.8,32.3,31.8,31.5,31.1,30.8,30.4,29.9,29.4,28.3,26.1,22.3,16.9,7.5
3230,65.812,0.000,3234.7,142.8,-0.7,3,12587,0.000,0.355,0.383,-0.132,-0.033,31.0,34.3,0,-2.77,0.540,31.0,127.2,0.000,9.3,41.2,37.8,35.0,33.2,32.2,31.7,31.3,31.0,30.6,30.3,30.0,29.5,29.0,27.9,25.9,22.3,17.2,7.6
3231,65.834,0.000,3235.6,141.0,-1.6,3,12475,0.000,0.684,0.420,-0.128,-0.046,30.5,27.8,0,-2.69,0.697,30.5,126.0,0.000,9.2,40.5,37.2,34.4,32.7,31.8,31.3,30.9,30.5,30.2,29.9,29.6,29.1,28.6,27.7,25.7,22.3,17.5,7.8
3232,65.856,0.000,3236.4,139.1,-2.5,3,11968,0.000,0.325,0.343,-0.123,-0.060,30.2,39.4,0,-2.62,0.646,30.2,124.8,0.000,9.0,39.9,36.6,33.9,32.2,31.4,30.9,30.5,30.2,29.9,29.6,29.2,28.8,28.3,27.4,25.5,22.2,17.8,7.9
3233,65.878,0.000,3237.3,137.2,-3.4,3,12051,0.000,0.307,0.352,-0.116,-0.073,29.8,32.9,0,-2.56,0.751,29.8,123.6,0.000,8.8,39.3,36.0,33.4,31.8,30.9,30.5,30.0,29.8,29.5,29.2,28.9,28.5,28.0,27.1,25.2,22.2,17.9,8.1
3234,65.900,0.000,3238.1,135.4,-3.9,3,11955,0.000,0.602,0.304,-0.109,-0.087,29.3,24.1,0,-2.50,0.740,29.3,122.2,0.000,8.7,38.6,35.4,32.9,31.3,30.4,30.0,29.6,29.3,29.0,28.8,28.5,28.1,27.6,26.7,25.0,22.0,18.0,8.3
3235,65.922,0.000,3238.9,133.6,-4.5,3,11502,0.000,0.287,0.297,-0.101,-0.099,28.9,30.4,0,-2.44,0.805,28.9,121.0,0.000,8.5,38.0,34.8,32.3,30.8,30.0,29.5,29.1,28.9,28.6,28.3,28.0,27.7,27.2,26.4,24.7,21.9,18.0,8.5
3236,65.944,0.000,3239.7,131.8,-4.8,2,14488,0.000,0.547,0.264,-0.091,-0.111,28.4,25.3,0,-2.39,0.810,28.4,119.8,0.000,8.4,37.3,34.2,31.8,30.2,29.4,29.0,28.7,28.4,28.1,27.9,27.6,27.2,26.8,26.0,24.3,21.6,18.0,8.7
3237,65.966,0.000,3240.5,130.2,-5.0,2,14426,0.000,0.268,0.234,-0.081,-0.122,27.9,30.5,0,-2.34,0.810,27.9,118.5,0.000,8.2,36.6,33.6,31.2,29.7,28.9,28.5,28.1,27.9,27.6,27.3,27.1,26.7,26.3,25.5,23.9,21.3,17.9,8.9
3238,65.988,0.000,3241.3,128.6,-5.0,2,14237,0.000,0.536,0.211,-0.070,-0.131,27.3,19.3,0,-2.30,0.810,27.3,116.9,0.000,8.1,35.9,32.9,30.5,29.0,28.3,27.9,27.5,27.3,27.0,26.8,26.5,26.2,25.8,25.0,23.5,21.0,17.7,9.2
3239,66.010,0.000,3242.1,126.8,-4.9,2,13664,0.000,0.270,0.192,-0.057,-0.138,26.7,22.4,0,-2.27,0.810,26.7,115.1,0.000,7.9,35.2,32.2,29.8,28.4,27.7,27.3,26.9,26.7,26.5,26.2,26.0,25.6,25.2,24.5,23.0,20.6,17.5,9.4
3240,66.032,0.000,3242.9,125.0,-4.7,2,13707,0.000,0.538,0.175,-0.044,-0.146,26.1,13.8,0,-2.24,0.810,26.1,113.4,0.000,7.8,34.5,31.5,29.2,27.8,27.0,26.7,26.3,26.1,25.9,25.6,25.4,25.0,24.7,24.0,22.5,20.2,17.2,9.5
3241,66.054,0.000,3243.6,123.3,-4.6,2,13174,0.000,0.271,0.157,-0.030,-0.153,25.5,16.5,0,-2.21,0.810,25.5,111.6,0.000,7.7,33.7,30.8,28.5,27.1,26.4,26.1,25.7,25.5,25.3,25.0,24.8,24.5,24.1,23.4,22.0,19.8,16.9,9.6
3242,66.076,0.000,3244.4,121.5,-4.6,2,13207,0.000,0.546,0.123,-0.015,-0.161,24.9,6.5,0,-2.18,0.810,24.9,109.8,0.000,7.5,33.0,30.1,27.9,26.5,25.8,25.5,25.1,24.9,24.7,24.5,24.2,23.9,23.6,22.9,21.6,19.4,16.7,9.7
3243,66.098,0.000,3245.1,119.7,-4.6,2,12725,0.000,0.522,0.074,0.000,-0.169,24.4,9.7,0,-2.15,0.810,24.4,108.5,0.000,7.4,32.4,29.4,27.2,25.9,25.2,24.9,24.6,24.4,24.1,23.9,23.7,23.4,23.0,22.4,21.1,19.0,16.4,9.7
3244,66.120,0.000,3245.8,117.7,-4.7,2,12450,0.000,0.483,0.028,0.016,-0.176,23.8,11.6,0,-2.14,0.810,23.8,107.4,0.000,7.3,31.7,28.7,26.6,25.3,24.6,24.3,24.0,23.8,23.6,23.4,23.1,22.8,22.5,21.9,20.6,18.6,16.1,9.7
3245,66.142,0.000,3246.5,115.8,-4.7,2,12277,0.000,0.450,-0.011,0.033,-0.182,23.2,10.9,0,-2.13,0.810,23.2,106.2,0.000,7.2,30.9,28.0,25.9,24.7,24.0,23.7,23.4,23.2,23.0,22.8,22.6,22.3,21.9,21.3,20.1,18.2,15.8,9.7
3246,66.164,0.000,3247.2,113.8,-4.6,2,12150,0.000,0.440,-0.041,0.050,-0.186,22.5,8.7,0,-2.13,0.810,22.5,104.5,0.000,7.2,30.2,27.3,25.2,24.0,23.4,23.0,22.7,22.5,22.3,22.1,21.9,21.6,21.3,20.7,19.6,17.7,15.4,9.6
3247,66.186,0.000,3247.9,112.0,-4.2,2,12020,0.000,0.440,-0.060,0.067,-0.188,21.9,7.3,0,-2.14,0.810,21.9,102.7,0.000,7.3,29.4,26.5,24.5,23.3,22.7,22.3,22.1,21.9,21.7,21.5,21.3,21.0,20.7,20.1,19.0,17.2,15.0,9.6
3248,66.208,0.000,3248.6,110.2,-3.7,2,11883,0.000,0.447,-0.065,0.084,-0.187,21.1,6.5,0,-2.16,0.810,21.1,100.8,0.000,7.4,28.6,25.7,23.7,22.5,21.9,21.6,21.3,21.1,21.0,20.8,20.6,20.3,20.0,19.5,18.4,16.7,14.6,9.4
3249,66.230,0.000,3249.2,108.4,-3.1,2,11734,0.000,0.459,0.097,0.099,-0.152,20.4,6.5,0,-2.19,0.810,20.4,98.8,0.000,7.6,27.7,24.9,22.9,21.7,21.2,20.9,20.6,20.4,20.2,20.0,19.9,19.6,19.3,18.8,17.8,16.1,14.1,9.3
3250,66.252,0.000,3249.9,106.7,-2.3,2,11561,0.000,0.472,0.258,0.111,-0.117,19.7,9.1,0,-2.24,0.810,19.7,96.9,0.000,7.9,26.9,24.1,22.1,21.0,20.4,20.1,19.9,19.7,19.5,19.4,19.2,18.9,18.6,18.1,17.1,15.6,13.7,9.1
3251,66.274,0.000,3250.6,105.1,-1.8,2,11311,0.000,0.488,0.405,0.120,-0.086,19.1,13.6,0,-2.30,0.810,19.1,95.0,0.000,8.3,26.1,23.4,21.4,20.3,19.8,19.5,19.3,19.1,18.9,18.7,18.6,18.3,18.1,17.6,16.6,15.1,13.3,9.0
3252,66.296,0.000,3251.2,103.4,-1.5,2,11085,0.000,0.242,0.463,0.126,-0.058,18.5,20.6,0,-2.36,0.668,18.5,93.4,0.000,8.7,25.5,22.7,20.8,19.8,19.2,19.0,18.7,18.5,18.4,18.2,18.0,17.8,17.5,17.1,16.1,14.7,13.0,8.9
3253,66.318,0.000,3251.9,101.8,-1.5,2,11245,0.000,0.469,0.533,0.129,-0.035,18.1,15.9,0,-2.45,0.589,18.1,92.1,0.000,9.3,24.9,22.2,20.3,19.3,18.7,18.5,18.2,18.1,17.9,17.7,17.6,17.4,17.1,16.6,15.7,14.4,12.7,8.8
3254,66.340,0.000,3252.6,100.3,-1.6,2,10872,0.000,0.224,0.560,0.130,-0.014,17.7,22.3,0,-2.57,0.493,17.7,91.1,0.000,10.0,24.4,21.7,19.9,18.8,18.3,18.0,17.8,17.7,17.5,17.3,17.2,17.0,16.7,16.3,15.4,14.1,12.4,8.6
3255,66.362,0.000,3253.2,98.8,-1.9,2,10953,0.000,0.213,0.611,0.129,0.004,17.3,16.9,0,-2.78,0.470,17.3,90.0,0.000,11.1,23.9,21.2,19.4,18.4,17.9,17.7,17.4,17.3,17.1,17.0,16.8,16.6,16.4,15.9,15.1,13.8,12.2,8.5
3256,66.384,0.000,3253.8,97.5,-2.1,2,10852,0.000,0.412,0.811,0.126,0.019,16.9,12.4,0,-9.61,0.470,17.3,89.1,0.000,33.4,23.5,20.9,19.1,18.1,17.6,17.3,17.1,16.9,16.8,16.6,16.5,16.3,16.0,15.6,14.8,13.5,12.0,8.4
3257,66.406,0.000,3254.4,96.2,-2.4,2,10469,0.000,0.196,0.910,0.121,0.033,16.6,21.2,0,-9.71,0.470,17.2,88.2,0.000,33.1,23.1,20.5,18.7,17.7,17.3,17.0,16.8,16.6,16.5,16.3,16.2,16.0,15.7,15.3,14.5,13.3,11.8,8.3
3258,66.428,0.000,3255.0,94.9,-2.8,2,10513,0.000,0.184,0.935,0.114,0.044,16.4,20.4,0,-9.83,0.470,17.1,87.4,0.000,32.9,22.8,20.2,18.4,17.4,17.0,16.7,16.5,16.4,16.2,16.1,15.9,15.7,15.5,15.1,14.3,13.0,11.6,8.2
3259,66.450,0.000,3255.6,93.7,-3.2,2,10411,0.000,0.174,0.965,0.106,0.055,16.1,18.6,0,-9.95,0.470,16.1,86.6,0.000,32.6,22.5,19.9,18.2,17.2,16.7,16.5,16.2,16.1,15.9,15.8,15.6,15.4,15.2,14.8,14.0,12.8,11.4,8.1
3260,66.472,0.000,3256.2,92.6,-3.7,2,10286,0.000,0.164,0.996,0.097,0.065,15.8,17.2,0,-10.07,0.470,15.8,85.9,0.000,32.4,22.2,19.6,17.9,16.9,16.4,16.2,16.0,15.8,15.7,15.6,15.4,15.2,15.0,14.6,13.8,12.6,11.2,8.0
3261,66.494,0.000,3256.8,91.5,-4.1,2,10163,0.000,0.154,1.000,0.086,0.074,15.6,16.3,0,-10.21,0.470,15.6,85.3,0.000,32.3,21.9,19.4,17.6,16.7,16.2,16.0,15.8,15.6,15.5,15.3,15.2,15.0,14.8,14.4,13.6,12.4,11.1,7.9
3262,66.516,0.000,3257.3,90.4,-4.6,2,10043,0.000,0.178,1.000,0.074,0.081,15.4,15.4,0,-10.35,0.470,15.4,83.2,0.000,32.1,21.7,19.1,17.4,16.4,16.0,15.7,15.5,15.4,15.2,15.1,15.0,14.8,14.5,14.1,13.4,12.2,10.9,7.8
3263,66.538,0.000,3257.9,89.4,-5.1,2,9882,0.000,0.208,1.000,0.062,0.088,15.2,15.9,0,-10.51,0.470,15.2,81.0,0.000,32.0,21.5,18.9,17.2,16.2,15.8,15.5,15.3,15.2,15.0,14.9,14.8,14.6,14.3,13.9,13.2,12.1,10.7,7.7
3264,66.560,0.000,3258.4,88.3,-5.6,2,9700,0.000,0.227,1.000,0.048,0.094,15.0,17.6,0,-10.68,0.470,15.0,79.1,0.000,31.9,21.3,18.7,17.0,16.0,15.6,15.3,15.1,15.0,14.8,14.7,14.5,14.4,14.1,13.7,13.0,11.9,10.6,7.6
3265,66.582,0.000,3259.0,87.1,-6.1,2,9518,0.000,0.224,1.000,0.033,0.099,14.8,19.7,0,-10.87,0.470,14.8,78.1,0.000,31.9,21.1,18.5,16.8,15.8,15.3,15.1,14.9,14.8,14.6,14.5,14.3,14.2,13.9,13.5,12.8,11.7,10.4,7.4
3266,66.604,0.000,3259.5,85.9,-6.6,2,9362,0.000,0.197,1.000,0.018,0.103,14.6,20.9,0,-11.07,0.470,14.6,78.0,0.000,31.8,20.9,18.2,16.5,15.6,15.1,14.9,14.7,14.6,14.4,14.3,14.1,13.9,13.7,13.3,12.6,11.5,10.2,7.3
3267,66.626,0.000,3260.0,84.7,-7.0,2,9248,0.000,0.167,1.000,0.002,0.108,14.4,20.6,0,-11.28,0.470,14.4,78.0,0.000,31.8,20.7,18.0,16.3,15.4,14.9,14.7,14.5,14.4,14.2,14.1,13.9,13.7,13.5,13.1,12.4,11.3,10.0,7.2
3268,66.648,0.000,3260.5,83.5,-7.4,2,9158,0.000,0.137,1.000,-0.015,0.112,14.1,19.0,0,-11.52,0.470,14.1,78.0,0.000,31.8,20.5,17.8,16.1,15.2,14.7,14.5,14.3,14.1,14.0,13.9,13.7,13.5,13.3,12.9,12.2,11.1,9.9,7.1
3269,66.670,0.000,3261.0,82.4,-7.7,2,9082,0.000,0.109,1.000,-0.032,0.115,13.9,16.6,0,-11.77,0.470,13.9,78.0,0.000,31.9,20.3,17.6,15.9,15.0,14.5,14.3,14.1,13.9,13.8,13.7,13.5,13.3,13.1,12.8,12.0,11.0,9.7,6.9
3270,66.692,0.000,3261.5,81.3,-8.0,2,9014,0.000,0.083,1.000,-0.050,0.117,13.8,14.0,0,-12.04,0.470,13.8,78.0,0.000,31.9,20.1,17.4,15.7,14.8,14.3,14.1,13.9,13.8,13.6,13.5,13.3,13.2,12.9,12.6,11.8,10.8,9.5,6.8
3271,66.714,0.000,3262.0,80.4,-8.2,2,8952,0.000,0.059,1.000,-0.068,0.120,13.6,11.4,0,-12.32,0.470,13.6,78.0,-0.007,32.0,19.9,17.3,15.6,14.6,14.2,13.9,13.7,13.6,13.4,13.3,13.2,13.0,12.8,12.4,11.7,10.6,9.4,6.7
3272,66.736,0.000,3262.4,79.5,-8.4,2,8897,0.000,0.074,1.000,-0.086,0.122,13.4,9.0,0,-12.63,0.470,13.4,78.0,-0.012,32.2,19.8,17.1,15.4,14.4,14.0,13.7,13.5,13.4,13.3,13.1,13.0,12.8,12.6,12.2,11.5,10.4,9.2,6.5
3273,66.758,0.000,3262.9,78.6,-8.6,2,8795,0.000,0.032,1.000,-0.105,0.123,13.2,8.2,0,-12.96,0.470,13.2,78.0,-0.015,32.4,19.7,17.0,15.2,14.3,13.8,13.6,13.4,13.2,13.1,13.0,12.8,12.6,12.4,12.0,11.3,10.3,9.0,6.4
3274,66.780,0.000,3263.3,77.9,-8.8,2,8759,0.000,0.000,1.000,-0.123,0.124,13.1,6.3,0,-13.32,0.470,13.1,78.0,0.031,32.7,19.5,16.8,15.1,14.1,13.7,13.4,13.2,13.1,12.9,12.8,12.7,12.5,12.3,11.9,11.2,10.1,8.9,6.3
3275,66.802,0.000,3263.8,77.1,-9.0,2,8739,0.000,0.000,1.000,-0.142,0.124,12.9,3.8,0,-13.70,0.470,12.9,78.0,0.022,33.0,19.4,16.7,14.9,14.0,13.5,13.3,13.1,12.9,12.8,12.6,12.5,12.3,12.1,11.7,11.0,9.9,8.7,6.1
3276,66.824,0.000,3264.2,76.5,-9.2,2,8715,0.000,0.000,1.000,-0.161,0.123,12.8,2.3,0,-14.12,0.470,12.8,78.0,0.014,33.4,19.3,16.6,14.8,13.8,13.4,13.1,12.9,12.8,12.6,12.5,12.3,12.2,11.9,11.6,10.8,9.8,8.6,6.0
3277,66.846,0.000,3264.7,75.9,-9.3,2,8687,0.000,0.000,1.000,-0.180,0.123,12.6,1.5,0,-14.57,0.470,12.6,78.0,0.007,33.8,19.2,16.4,14.7,13.7,13.2,13.0,12.8,12.6,12.5,12.3,12.2,12.0,11.8,11.4,10.7,9.6,8.4,5.9
3278,66.868,0.000,3265.1,75.3,-9.4,2,8653,0.000,0.000,1.000,-0.199,0.121,12.5,1.0,0,-15.06,0.470,12.5,78.0,0.000,34.3,19.2,16.3,14.5,13.5,13.1,12.8,12.6,12.5,12.3,12.2,12.1,11.9,11.7,11.3,10.5,9.5,8.3,5.8
3279,66.890,0.000,3265.5,74.7,-9.5,2,8616,0.000,0.000,1.000,-0.218,0.120,12.3,0.8,0,-15.59,0.470,12.3,78.0,0.000,34.9,19.1,16.2,14.4,13.4,12.9,12.7,12.5,12.3,12.2,12.1,11.9,11.7,11.5,11.1,10.4,9.4,8.2,5.6
3280,66.912,0.000,3265.9,74.1,-9.6,2,8418,0.000,0.000,1.000,-0.237,0.118,12.2,0.8,0,-16.16,0.470,12.2,78.0,0.000,35.6,19.0,16.1,14.3,13.3,12.8,12.6,12.4,12.2,12.1,11.9,11.8,11.6,11.4,11.0,10.3,9.2,8.0,5.5
3281,66.934,0.000,3266.3,73.5,-9.7,2,8356,0.000,0.000,1.000,-0.255,0.116,12.1,0.9,0,-16.79,0.470,12.1,78.0,0.000,36.4,18.9,16.0,14.2,13.2,12.7,12.4,12.2,12.1,11.9,11.8,11.7,11.5,11.2,10.9,10.1,9.1,7.9,5.4
3282,66.956,0.000,3266.7,72.9,-9.8,2,8293,0.000,0.000,1.000,-0.274,0.113,12.0,1.0,0,-17.49,0.470,12.0,78.0,0.000,37.3,18.9,15.9,14.1,13.0,12.6,12.3,12.1,12.0,11.8,11.7,11.5,11.3,11.1,10.7,10.0,8.9,7.7,5.3
3283,66.978,0.000,3267.1,72.3,-9.8,2,8230,0.000,0.000,1.000,-0.292,0.110,11.8,1.0,0,-18.25,0.470,11.8,78.0,0.000,38.4,18.9,15.9,14.0,12.9,12.5,12.2,12.0,11.8,11.7,11.6,11.4,11.2,11.0,10.6,9.9,8.8,7.6,5.2
3284,67.000,0.000,3267.5,71.8,-9.9,2,8166,0.000,0.000,1.000,-0.310,0.107,11.7,1.1,0,-19.10,0.470,11.7,78.0,0.000,39.7,18.8,15.8,13.9,12.8,12.4,12.1,11.9,11.7,11.6,11.4,11.3,11.1,10.9,10.5,9.7,8.7,7.5,5.1
3285,67.022,0.000,3267.9,71.2,-10.0,2,8103,0.000,0.000,1.000,-0.328,0.103,11.6,1.2,0,-20.05,0.470,11.6,78.0,0.000,41.2,18.8,15.8,13.8,12.8,12.3,12.0,11.8,11.6,11.5,11.3,11.2,11.0,10.8,10.4,9.6,8.6,7.4,4.9
3286,67.044,0.000,3268.3,70.6,-10.0,2,8040,0.000,0.000,1.000,-0.345,0.099,11.5,1.2,0,-21.11,0.470,11.5,78.0,0.000,43.0,18.8,15.7,13.7,12.7,12.2,11.9,11.7,11.5,11.4,11.2,11.1,10.9,10.7,10.3,9.5,8.4,7.2,4.8
3287,67.066,0.000,3268.7,70.0,-10.1,2,7978,0.000,0.000,1.000,-0.362,0.094,11.5,1.3,0,-22.29,0.470,11.5,78.0,0.000,45.2,18.8,15.7,13.7,12.6,12.1,11.8,11.6,11.5,11.3,11.2,11.0,10.8,10.6,10.2,9.4,8.3,7.1,4.7
3288,67.088,0.000,3269.0,69.4,-10.1,2,7915,0.000,0.000,1.000,-0.379,0.089,11.4,1.4,0,-23.63,0.470,11.4,78.0,0.000,47.8,18.8,15.7,13.6,12.5,12.0,11.8,11.5,11.4,11.2,11.1,10.9,10.7,10.5,10.1,9.3,8.2,7.0,4.6
3289,67.110,0.000,3269.4,68.8,-10.2,2,7853,0.000,0.000,1.000,-0.396,0.084,11.3,1.5,0,-25.13,0.470,11.3,78.0,0.000,51.0,18.9,15.6,13.6,12.5,12.0,11.7,11.5,11.3,11.2,11.0,10.8,10.6,10.4,10.0,9.2,8.1,6.9,4.5
3290,67.132,0.000,3269.8,68.3,-10.2,2,7790,0.000,0.000,1.000,-0.412,0.079,11.2,1.6,0,-26.83,0.470,11.2,78.0,0.000,55.1,18.9,15.6,13.6,12.4,11.9,11.6,11.4,11.2,11.1,10.9,10.8,10.6,10.3,9.9,9.1,8.0,6.8,4.4
3291,67.154,0.000,3270.1,67.7,-10.2,2,7729,0.000,0.000,1.000,-0.428,0.074,11.2,1.6,0,-28.74,0.468,11.2,78.0,0.000,60.2,18.9,15.6,13.5,12.4,11.9,11.6,11.4,11.2,11.0,10.9,10.7,10.5,10.3,9.8,9.0,7.9,6.7,4.3
3292,67.176,0.000,3270.5,67.1,-10.2,2,7667,0.000,0.000,1.000,-0.443,0.068,11.1,1.7,0,-30.88,0.463,11.1,78.0,0.000,67.0,19.0,15.6,13.5,12.4,11.8,11.5,11.3,11.1,11.0,10.8,10.7,10.4,10.2,9.8,9.0,7.8,6.6,4.2
3293,67.198,0.000,3270.8,66.6,-10.2,2,7606,0.000,0.000,1.000,-0.458,0.062,11.1,1.8,0,-33.24,0.455,11.1,78.0,0.000,76.2,19.1,15.7,13.5,12.3,11.8,11.5,11.3,11.1,10.9,10.8,10.6,10.4,10.1,9.7,8.9,7.8,6.5,4.1
3294,67.220,0.000,3271.2,66.0,-10.2,2,7545,0.000,0.000,1.000,-0.472,0.056,11.1,1.9,0,-35.81,0.446,11.1,78.0,0.000,89.6,19.2,15.7,13.5,12.3,11.8,11.5,11.2,11.1,10.9,10.7,10.6,10.3,10.1,9.6,8.8,7.7,6.4,4.0
3295,67.242,0.000,3271.5,65.4,-10.2,2,7485,0.000,0.000,1.000,-0.486,0.049,11.0,1.9,0,-38.47,0.435,12.1,78.0,0.000,110.4,19.3,15.8,13.5,12.3,11.7,11.5,11.2,11.0,10.9,10.7,10.5,10.3,10.0,9.6,8.8,7.6,6.3,4.0
3296,67.264,0.000,3271.9,64.9,-10.1,2,7425,0.000,0.000,1.000,-0.500,0.043,11.0,2.0,0,-41.07,0.422,11.9,78.0,0.000,147.4,19.4,15.8,13.5,12.3,11.7,11.4,11.2,11.0,10.8,10.7,10.5,10.3,10.0,9.6,8.7,7.5,6.3,3.9
3297,67.286,0.000,3272.2,64.3,-10.0,2,7365,0.000,0.000,1.000,-0.513,0.036,11.0,2.0,0,-42.77,0.409,11.8,78.0,0.000,200.0,19.6,15.9,13.6,12.3,11.7,11.4,11.2,11.0,10.8,10.7,10.5,10.3,10.0,9.5,8.7,7.5,6.2,3.8
3298,67.308,0.000,3272.5,63.8,-10.0,2,7305,0.000,0.000,1.000,-0.525,0.030,11.0,2.0,0,-42.77,0.395,11.6,78.0,0.000,200.0,19.8,16.0,13.6,12.3,11.8,11.4,11.2,11.0,10.8,10.6,10.5,10.2,10.0,9.5,8.6,7.4,6.1,3.7
3299,67.330,0.000,3272.9,63.3,-9.9,2,7247,0.000,0.000,1.000,-0.537,0.023,11.0,2.1,0,-42.76,0.380,11.5,78.0,0.000,200.0,20.1,16.0,13.7,12.4,11.8,11.5,11.2,11.0,10.8,10.7,10.5,10.2,10.0,9.5,8.6,7.4,6.1,3.7
3300,67.352,0.000,3273.2,62.7,-9.8,2,7188,0.000,0.000,1.000,-0.548,0.016,11.0,2.1,0,-38.07,0.365,11.4,78.0,0.000,107.0,20.5,16.1,13.7,12.4,11.8,11.5,11.2,11.0,10.9,10.7,10.5,10.2,10.0,9.5,8.6,7.3,6.0,3.6
3301,67.374,0.000,3273.5,62.2,-9.6,2,7130,0.000,0.000,1.000,-0.559,0.009,11.1,2.1,0,-31.03,0.349,11.3,78.0,0.000,67.2,20.9,16.3,13.8,12.5,11.9,11.5,11.3,11.1,10.9,10.7,10.5,10.3,10.0,9.5,8.6,7.3,6.0,3.5
3302,67.396,0.000,3273.8,61.7,-9.5,2,7073,0.000,0.000,1.000,-0.569,0.001,11.1,2.1,0,-25.54,0.334,11.1,78.0,0.000,50.9,21.4,16.4,13.9,12.5,11.9,11.6,11.3,11.1,10.9,10.7,10.5,10.3,10.0,9.5,8.6,7.3,5.9,3.5
3303,67.418,0.000,3274.2,61.1,-9.4,2,7016,0.000,0.000,1.000,-0.579,-0.006,11.2,2.1,0,-21.60,0.318,11.2,78.0,0.000,42.0,22.0,16.6,14.0,12.6,12.0,11.6,11.4,11.2,11.0,10.8,10.6,10.3,10.0,9.5,8.6,7.3,5.9,3.4
3304,67.440,0.000,3274.5,60.6,-9.2,2,6960,0.000,0.000,1.000,-0.588,-0.014,11.2,2.1,0,-18.78,0.302,11.2,78.0,0.000,36.4,22.8,16.8,14.1,12.7,12.1,11.7,11.4,11.2,11.0,10.8,10.6,10.4,10.1,9.6,8.6,7.3,5.9,3.4
3305,67.462,0.000,3274.8,60.1,-9.0,2,6905,0.040,0.000,0.984,-0.596,-0.021,11.3,2.0,0,-16.73,0.287,11.3,78.0,0.040,32.4,23.7,17.0,14.2,12.8,12.2,11.8,11.5,11.3,11.1,10.9,10.7,10.4,10.1,9.6,8.6,7.3,5.8,3.3
3306,67.484,0.000,3275.1,59.6,-8.8,2,6907,0.090,0.000,0.891,-0.603,-0.029,11.4,2.7,0,-15.22,0.271,11.4,78.0,0.090,29.6,24.8,17.3,14.4,12.9,12.3,11.9,11.6,11.4,11.2,11.0,10.8,10.5,10.2,9.7,8.7,7.3,5.8,3.3
3307,67.506,0.000,3275.4,59.2,-8.6,2,6922,0.140,0.000,0.812,-0.610,-0.036,11.5,3.4,0,-14.11,0.256,11.5,78.0,0.140,27.3,26.1,17.7,14.5,13.1,12.4,12.0,11.7,11.5,11.3,11.1,10.9,10.6,10.3,9.7,8.7,7.3,5.8,3.3
3308,67.528,0.000,3275.7,58.9,-8.4,2,6951,0.190,0.000,0.744,-0.617,-0.044,11.6,4.1,0,-13.30,0.241,11.6,78.0,0.190,25.6,27.8,18.2,14.7,13.2,12.5,12.1,11.8,11.6,11.4,11.2,11.0,10.7,10.4,9.8,8.8,7.3,5.8,3.2
3309,67.550,0.000,3276.0,58.6,-8.1,2,6995,0.240,0.000,0.686,-0.622,-0.052,11.7,4.8,0,-12.74,0.228,11.7,78.0,0.240,24.1,29.9,18.8,14.9,13.3,12.6,12.3,11.9,11.7,11.5,11.3,11.1,10.8,10.5,9.9,8.8,7.4,5.8,3.2
3310,67.572,0.000,3276.3,58.4,-7.9,2,7052,0.290,0.000,0.637,-0.627,-0.059,11.8,5.5,0,-12.42,0.216,11.8,78.0,0.290,22.9,32.5,19.4,15.2,13.5,12.8,12.4,12.1,11.8,11.6,11.4,11.2,10.9,10.6,10.0,8.9,7.4,5.9,3.2
3311,67.594,0.000,3276.6,58.3,-7.6,2,7121,0.340,0.000,0.601,-0.631,-0.065,12.0,6.4,0,-12.32,0.206,12.0,78.0,0.340,22.0,35.9,20.2,15.5,13.7,12.9,12.5,12.2,12.0,11.7,11.5,11.3,11.0,10.7,10.1,9.0,7.5,5.9,3.2
3312,67.616,0.000,3276.9,58.2,-7.3,2,7203,0.390,0.000,0.579,-0.635,-0.072,12.1,7.5,0,-12.46,0.197,12.1,78.0,0.390,21.1,40.4,21.1,15.9,13.9,13.0,12.6,12.3,12.1,11.9,11.6,11.4,11.1,10.8,10.2,9.1,7.5,5.9,3.2
3313,67.638,0.000,3277.2,58.3,-7.1,2,7298,0.440,0.000,0.571,-0.638,-0.077,12.2,8.6,0,-12.84,0.191,12.2,78.0,0.440,20.4,46.4,22.2,16.3,14.1,13.2,12.8,12.4,12.2,12.0,11.7,11.5,11.2,10.9,10.3,9.1,7.6,5.9,3.2
3314,67.660,0.000,3277.5,58.4,-6.8,2,7407,0.490,0.000,0.578,-0.640,-0.082,12.3,10.1,0,-13.51,0.187,12.3,78.0,0.490,19.8,55.1,23.5,16.7,14.3,13.4,12.9,12.6,12.3,12.1,11.8,11.6,11.3,11.0,10.3,9.2,7.6,5.9,3.2
3315,67.682,0.000,3277.8,58.6,-6.5,2,7529,0.540,0.000,0.598,-0.642,-0.086,12.4,11.7,0,-14.50,0.184,12.4,78.0,0.540,19.3,68.6,25.0,17.3,14.6,13.6,13.1,12.7,12.4,12.2,11.9,11.7,11.4,11.0,10.4,9.3,7.7,6.0,3.2
3316,67.704,0.000,3278.1,58.9,-6.2,2,7668,0.460,0.000,0.630,-0.643,-0.090,12.6,13.8,0,-15.82,0.184,12.6,78.0,0.590,18.9,92.4,26.8,17.9,15.0,13.8,13.3,12.9,12.6,12.3,12.1,11.8,11.5,11.1,10.5,9.3,7.7,6.0,3.2
3317,67.726,0.000,3278.4,59.1,-5.9,2,7774,0.536,0.000,0.669,-0.644,-0.093,12.8,12.7,0,-17.39,0.186,12.8,78.0,0.640,18.5,146.5,29.1,18.6,15.3,14.1,13.5,13.1,12.8,12.5,12.2,11.9,11.6,11.2,10.6,9.4,7.7,6.0,3.2
3318,67.748,0.000,3278.7,59.4,-5.7,2,7893,0.479,0.000,0.675,-0.644,-0.096,13.0,14.2,0,-18.01,0.189,13.0,78.0,0.690,18.1,200.0,32.0,19.5,15.8,14.4,13.8,13.3,13.0,12.7,12.4,12.1,11.7,11.3,10.6,9.4,7.8,6.1,3.2
3319,67.770,0.000,3279.0,59.7,-5.4,2,7988,0.571,0.000,0.658,-0.644,-0.098,13.2,13.3,0,-17.92,0.193,13.2,78.8,0.740,17.7,200.0,36.0,20.5,16.3,14.8,14.2,13.6,13.2,12.9,12.6,12.3,11.9,11.4,10.7,9.5,7.8,6.1,3.2
3320,67.792,0.000,3279.3,60.1,-5.1,2,8107,0.562,0.000,0.640,-0.643,-0.101,13.6,15.2,0,-17.81,0.194,13.6,80.0,0.790,17.4,200.0,41.5,21.8,17.0,15.3,14.6,14.0,13.6,13.2,12.8,12.5,12.1,11.6,10.8,9.6,7.9,6.1,3.2
3321,67.814,0.000,3279.6,60.4,-4.9,2,8226,0.618,0.000,0.608,-0.642,-0.103,14.0,15.8,0,-17.34,0.189,14.0,82.2,0.840,17.1,178.8,50.1,23.5,17.8,15.9,15.1,14.4,14.0,13.6,13.2,12.8,12.3,11.8,11.0,9.6,7.9,6.2,3.2
3322,67.836,0.000,3279.9,60.9,-4.8,2,8367,0.642,0.000,0.529,-0.641,-0.106,14.5,17.7,0,-15.67,0.174,14.5,86.4,0.890,16.7,127.1,65.1,25.7,18.9,16.7,15.8,15.0,14.5,14.0,13.6,13.2,12.7,12.1,11.2,9.8,8.0,6.2,3.2
3323,67.858,0.000,3280.2,61.3,-4.8,2,8524,0.704,0.000,0.437,-0.639,-0.110,15.2,19.4,0,-13.64,0.148,15.2,94.3,0.940,16.4,98.3,98.3,29.0,20.4,17.8,16.7,15.8,15.2,14.7,14.2,13.7,13.1,12.5,11.5,9.9,8.1,6.3,3.3
3324,67.880,0.000,3280.5,61.8,-4.9,2,8715,0.588,0.000,0.383,-0.637,-0.114,16.2,22.7,0,-12.18,0.148,16.2,107.5,0.990,16.1,79.8,200.0,33.9,22.5,19.2,17.9,16.8,16.2,15.5,15.0,14.4,13.7,13.0,11.9,10.2,8.2,6.4,3.3
3325,67.902,0.000,3280.8,62.4,-5.1,2,8869,0.678,0.000,0.356,-0.635,-0.120,17.4,21.3,0,-11.73,0.132,17.4,103.5,1.000,15.7,66.8,200.0,42.1,25.4,21.2,19.5,18.3,17.4,16.7,16.0,15.4,14.6,13.8,12.5,10.5,8.4,6.5,3.3
3326,67.924,0.000,3281.2,62.9,-5.4,2,9053,0.585,0.000,0.321,-0.632,-0.126,19.2,24.1,0,-11.25,0.111,19.2,115.4,1.000,15.4,57.4,200.0,57.6,29.9,24.1,21.9,20.2,19.2,18.3,17.4,16.6,15.7,14.7,13.2,10.9,8.6,6.6,3.4
3327,67.946,0.000,3281.5,63.5,-5.7,2,9203,0.668,0.000,0.258,-0.630,-0.133,21.6,23.2,0,-9.96,0.095,21.6,131.8,1.000,15.0,50.3,161.3,97.2,37.1,28.4,25.2,23.0,21.6,20.4,19.3,18.4,17.2,16.0,14.1,11.5,8.8,6.7,3.4
3328,67.968,0.000,3281.8,64.1,-6.1,2,9384,0.662,0.000,0.159,-0.627,-0.140,25.1,26.0,0,-7.70,0.079,25.1,187.0,1.000,14.7,44.8,113.2,200.0,50.5,35.2,30.4,27.1,25.1,23.5,22.0,20.7,19.1,17.6,15.3,12.2,9.2,6.8,3.5
3329,67.990,0.000,3282.1,64.7,-6.6,2,9574,0.547,0.000,0.106,-0.624,-0.146,30.5,28.3,0,-6.74,0.063,30.5,156.6,1.000,14.4,40.4,87.6,200.0,81.6,47.4,38.8,33.5,30.5,28.0,25.9,24.0,21.9,19.9,16.9,13.1,9.5,7.0,3.5
3330,68.012,0.000,3282.5,65.3,-7.1,2,9709,0.637,0.000,0.043,-0.621,-0.152,39.0,25.6,0,-5.30,0.050,39.0,169.2,1.000,14.1,37.0,72.1,200.0,200.0,73.9,54.4,44.2,39.0,34.9,31.6,28.9,25.7,22.9,19.0,14.2,10.0,7.2,3.6
3331,68.034,0.000,3282.8,65.9,-7.6,2,9863,0.710,0.000,-0.009,-0.618,-0.156,54.2,27.1,0,-3.98,0.040,54.2,320.0,1.000,13.9,34.3,62.0,149.4,200.0,165.2,90.7,65.1,54.2,46.4,40.5,36.0,31.2,27.0,21.6,15.5,10.5,7.4,3.6
3332,68.056,0.000,3283.1,66.5,-8.0,2,10056,0.367,0.000,-0.045,-0.616,-0.158,86.6,31.0,0,-2.80,0.032,86.6,256.1,1.000,13.7,32.2,55.0,113.3,200.0,200.0,200.0,119.5,86.6,67.9,55.8,47.4,39.2,32.7,24.9,16.9,11.1,7.5,3.6
3333,68.078,0.000,3283.5,67.2,-8.3,2,10084,0.493,0.000,-0.059,-0.614,-0.158,200.0,20.3,0,-1.94,0.026,200.0,376.4,1.000,13.5,30.6,50.0,93.2,195.1,200.0,200.0,200.0,200.0,121.6,87.1,67.9,51.8,40.8,29.2,18.6,11.7,7.7,3.6
3334,68.100,0.000,3283.8,67.8,-8.4,2,10106,0.595,0.000,-0.058,-0.611,-0.155,200.0,17.1,0,-1.25,0.012,200.0,376.5,1.000,13.3,29.3,46.5,81.0,147.4,200.0,200.0,200.0,200.0,200.0,176.2,111.1,73.2,52.7,34.5,20.5,12.3,7.9,3.7
3335,68.122,0.000,3284.2,68.4,-8.2,2,10165,0.676,0.000,-0.258,-0.609,-0.150,200.0,18.6,0,-0.78,0.000,200.0,376.5,1.000,13.2,28.3,43.8,72.9,122.1,184.6,200.0,200.0,200.0,200.0,200.0,200.0,115.8,71.1,41.3,22.5,12.8,8.1,3.7
3336,68.144,0.000,3284.5,69.0,-8.2,2,10276,0.667,0.000,-0.406,-0.607,-0.141,200.0,21.8,0,-0.42,0.000,200.0,376.5,1.000,13.2,27.7,42.1,68.0,108.6,155.0,200.0,200.0,200.0,200.0,200.0,200.0,200.0,96.8,48.3,24.2,13.2,8.2,3.6
3337,68.166,0.000,3284.9,69.8,-8.2,2,10397,0.673,0.000,-0.356,-0.606,-0.124,200.0,22.8,0,-0.38,0.000,200.0,376.5,1.000,13.2,27.6,41.9,67.2,106.2,149.8,191.9,200.0,200.0,200.0,200.0,200.0,200.0,104.9,49.8,24.3,13.2,8.1,3.6
3338,68.188,0.000,3285.2,70.7,-7.6,2,10520,0.738,0.000,-0.264,-0.606,-0.101,200.0,22.4,0,-0.52,0.000,200.0,376.5,1.000,13.3,28.1,42.7,69.4,111.4,160.2,200.0,200.0,200.0,200.0,200.0,200.0,179.4,88.6,45.5,23.1,12.7,7.9,3.5
3339,68.210,0.000,3285.6,71.6,-6.5,2,10669,0.791,0.000,-0.155,-0.607,-0.075,200.0,24.1,0,-0.75,0.000,200.0,376.3,1.000,13.4,28.6,44.0,72.7,120.1,178.4,200.0,200.0,200.0,200.0,200.0,200.0,123.5,71.9,40.4,21.5,12.2,7.6,3.4
3340,68.232,0.000,3286.0,72.6,-5.5,2,10850,0.833,0.000,-0.046,-0.608,-0.050,200.0,27.5,0,-0.92,0.000,200.0,375.6,1.000,13.5,29.2,45.3,76.0,129.1,198.6,200.0,200.0,200.0,200.0,200.0,188.4,95.6,61.2,36.6,20.3,11.7,7.4,3.4
3341,68.254,0.000,3286.4,73.7,-4.6,2,11066,0.866,0.000,0.056,-0.611,-0.027,200.0,32.1,0,-1.07,0.000,200.0,375.1,1.000,13.6,29.5,46.1,78.3,135.5,200.0,200.0,200.0,200.0,200.0,200.0,146.9,83.2,55.6,34.3,19.5,11.4,7.2,3.3
3342,68.276,0.000,3286.7,74.6,-3.9,2,11319,0.893,0.000,0.144,-0.614,-0.006,200.0,37.8,0,-1.10,0.000,200.0,374.8,1.000,13.7,29.6,46.3,78.8,136.7,200.0,200.0,200.0,200.0,200.0,200.0,141.5,81.1,54.5,33.8,19.2,11.2,7.1,3.3
3343,68.298,0.000,3287.2,75.6,-3.5,2,11612,0.914,0.000,0.137,-0.617,-0.004,200.0,44.3,0,-0.98,0.000,200.0,374.9,1.000,13.7,29.4,45.7,76.9,131.0,200.0,200.0,200.0,200.0,200.0,200.0,175.1,90.7,58.5,35.1,19.5,11.3,7.1,3.3
3344,68.320,0.000,3287.7,76.6,-3.3,2,11944,0.931,0.000,0.085,-0.620,-0.012,200.0,51.0,0,-0.75,0.000,200.0,375.2,1.000,13.6,28.9,44.3,72.9,119.6,176.3,200.0,200.0,200.0,200.0,200.0,200.0,125.7,71.0,39.1,20.6,11.6,7.2,3.3
3345,68.342,0.000,3288.1,77.5,-3.5,2,12314,0.945,0.000,0.015,-0.622,-0.022,200.0,58.1,0,-0.38,0.000,200.0,375.6,1.000,13.5,28.1,42.4,67.8,106.2,148.5,188.7,200.0,200.0,200.0,200.0,200.0,200.0,104.5,47.4,22.7,12.2,7.4,3.3
3346,68.364,0.000,3288.6,78.3,-4.1,2,12743,0.956,0.000,-0.062,-0.624,-0.034,200.0,69.5,0,0.03,0.000,200.0,374.6,1.000,13.3,27.3,40.5,62.8,94.3,126.1,153.8,190.5,200.0,200.0,200.0,200.0,200.0,200.0,62.5,25.5,12.9,7.7,3.3
3347,68.386,0.000,3289.1,79.2,-4.8,2,13278,0.000,0.000,-0.127,-0.625,-0.045,200.0,81.1,0,0.24,0.000,200.0,374.2,1.000,13.2,26.5,38.8,58.7,85.4,110.6,131.3,157.1,182.8,200.0,200.0,200.0,200.0,200.0,89.3,29.0,13.7,7.9,3.3
3348,68.408,0.000,3289.6,80.1,-5.4,2,13265,0.000,0.000,-0.181,-0.627,-0.053,200.0,46.2,0,0.50,0.000,200.0,374.4,1.000,13.1,26.0,37.6,56.0,79.6,101.1,118.1,138.5,158.0,184.0,200.0,200.0,200.0,200.0,133.8,32.4,14.4,8.1,3.4
3349,68.430,0.000,3290.1,81.0,-5.6,2,12964,0.200,0.000,-0.214,-0.628,-0.057,200.0,11.5,0,0.74,0.000,200.0,374.8,1.000,13.1,25.7,37.0,54.7,76.9,96.8,112.2,130.5,147.7,170.1,200.0,200.0,200.0,200.0,180.9,34.5,14.8,8.2,3.4
3350,68.452,0.000,3290.6,81.5,-4.9,2,12582,0.360,0.000,-0.202,-0.628,-0.055,200.0,-3.8,0,0.60,0.000,200.0,375.3,1.000,13.1,25.9,37.3,55.3,78.3,98.9,115.1,134.4,152.7,176.8,200.0,200.0,200.0,200.0,153.6,33.4,14.5,8.2,3.3
3351,68.474,0.000,3291.1,81.8,-3.6,2,12280,0.488,0.000,-0.157,-0.628,-0.047,200.0,-2.9,0,0.30,0.000,200.0,375.9,1.000,13.2,26.4,38.5,57.9,83.6,107.6,127.0,150.9,174.4,200.0,200.0,200.0,200.0,200.0,99.1,29.8,13.8,7.9,3.3
3352,68.496,0.000,3291.6,82.3,-2.5,2,12080,0.590,0.000,-0.108,-0.628,-0.038,200.0,-0.5,0,0.10,0.000,200.0,375.9,1.000,13.3,27.0,39.9,61.2,90.8,119.8,144.5,176.3,200.0,200.0,200.0,200.0,200.0,200.0,70.2,26.6,13.1,7.7,3.3
3353,68.518,0.000,3292.1,83.0,-1.6,2,11968,0.672,0.000,-0.063,-0.627,-0.030,200.0,2.3,0,-0.14,0.000,200.0,375.6,1.000,13.4,27.6,41.2,64.4,98.1,132.9,163.9,200.0,200.0,200.0,200.0,200.0,200.0,163.0,56.1,24.3,12.5,7.5,3.3
3354,68.540,0.000,3292.6,83.7,-1.0,2,11930,0.738,0.000,-0.030,-0.626,-0.024,200.0,5.3,0,-0.34,0.000,200.0,375.5,1.000,13.5,28.0,42.2,67.0,104.2,144.5,182.1,200.0,200.0,200.0,200.0,200.0,200.0,113.8,48.9,22.9,12.2,7.4,3.3
3355,68.562,0.000,3293.1,84.6,-0.5,2,11955,0.790,0.000,-0.009,-0.625,-0.020,200.0,8.5,0,-0.43,0.000,200.0,375.6,1.000,13.5,28.3,42.9,68.8,108.7,153.4,196.4,200.0,200.0,200.0,200.0,200.0,200.0,95.2,45.2,22.1,12.0,7.3,3.2
3356,68.584,0.000,3293.6,85.5,-0.2,2,12034,0.832,0.000,0.003,-0.624,-0.018,200.0,12.1,0,-0.51,0.000,200.0,375.7,1.000,13.5,28.5,43.3,69.9,111.5,159.0,200.0,200.0,200.0,200.0,200.0,200.0,188.3,87.0,43.3,21.7,11.9,7.3,3.3
3357,68.606,0.000,3294.1,86.5,-0.1,2,12162,0.866,0.000,0.009,-0.622,-0.017,200.0,16.0,0,-0.56,0.000,200.0,375.8,1.000,13.5,28.5,43.4,70.4,112.8,161.8,200.0,200.0,200.0,200.0,200.0,200.0,173.0,83.8,42.6,21.5,11.8,7.3,3.3
3358,68.628,0.000,3294.7,87.4,0.0,2,12344,0.893,0.000,0.010,-0.621,-0.016,200.0,22.7,0,-0.57,0.000,200.0,375.0,1.000,13.5,28.5,43.5,70.5,113.1,162.5,200.0,200.0,200.0,200.0,200.0,200.0,169.5,83.1,42.5,21.5,11.9,7.3,3.3
3359,68.650,0.000,3295.2,88.3,0.0,2,12585,0.914,0.000,0.008,-0.619,-0.016,200.0,29.7,0,-0.56,0.000,200.0,374.6,1.000,13.5,28.5,43.4,70.3,112.8,161.8,200.0,200.0,200.0,200.0,200.0,200.0,172.6,84.0,42.8,21.6,11.9,7.4,3.3
3360,68.672,0.000,3295.7,89.3,0.0,2,12873,0.931,0.000,0.004,-0.618,-0.017,200.0,36.5,0,-0.54,0.000,200.0,374.6,1.000,13.5,28.4,43.3,70.0,112.1,160.5,200.0,200.0,200.0,200.0,200.0,200.0,179.1,85.7,43.3,21.8,12.0,7.4,3.3
3361,68.694,0.000,3296.3,90.3,-0.0,2,13205,0.945,0.000,-0.000,-0.616,-0.017,200.0,43.2,0,-0.51,0.000,200.0,374.7,1.000,13.5,28.4,43.1,69.7,111.4,159.2,200.0,200.0,200.0,200.0,200.0,200.0,186.7,87.6,43.9,22.0,12.1,7.5,3.3
3362,68.716,0.000,3296.8,91.4,-0.1,2,13583,0.956,0.000,-0.003,-0.615,-0.018,200.0,49.9,0,-0.48,0.000,200.0,375.1,1.000,13.5,28.3,43.0,69.5,110.8,158.0,200.0,200.0,200.0,200.0,200.0,200.0,193.2,89.2,44.4,22.2,12.1,7.5,3.3
3363,68.738,0.000,3297.4,92.5,-0.1,2,14009,0.965,0.000,-0.006,-0.613,-0.018,200.0,56.6,0,-0.47,0.000,200.0,375.5,1.000,13.4,28.3,42.9,69.3,110.5,157.4,200.0,200.0,200.0,200.0,200.0,200.0,197.4,90.3,44.8,22.3,12.2,7.5,3.3
3364,68.760,0.000,3298.0,93.6,-0.1,2,14490,0.972,0.000,-0.006,-0.611,-0.018,200.0,63.5,0,-0.46,0.000,200.0,375.8,1.000,13.4,28.2,42.9,69.2,110.3,157.2,200.0,200.0,200.0,200.0,200.0,200.0,198.5,90.7,45.0,22.4,12.3,7.6,3.4
3365,68.782,0.000,3298.6,94.7,-0.1,2,15039,0.977,0.000,-0.006,-0.610,-0.018,200.0,70.8,0,-0.47,0.000,200.0,376.0,1.000,13.4,28.2,42.9,69.2,110.4,157.4,200.0,200.0,200.0,200.0,200.0,200.0,196.9,90.6,45.0,22.5,12.3,7.6,3.4
3366,68.804,0.000,3299.1,95.8,-0.1,2,15678,0.982,0.000,-0.005,-0.608,-0.018,200.0,78.6,0,-0.48,0.000,200.0,376.1,1.000,13.4,28.2,42.9,69.3,110.6,157.9,200.0,200.0,200.0,200.0,200.0,200.0,193.6,90.1,45.0,22.5,12.3,7.6,3.4
3367,68.826,0.000,3299.7,96.9,-0.0,2,16457,0.986,0.000,-0.003,-0.606,-0.017,200.0,87.0,0,-0.49,0.000,200.0,376.1,1.000,13.4,28.2,42.9,69.4,110.9,158.5,200.0,200.0,200.0,200.0,200.0,200.0,189.5,89.4,44.9,22.5,12.4,7.6,3.4
3368,68.848,0.000,3300.3,98.0,-0.0,2,17494,0.988,0.000,-0.002,-0.605,-0.017,200.0,95.9,0,-0.50,0.000,200.0,376.1,1.000,13.4,28.2,42.9,69.5,111.2,159.2,200.0,200.0,200.0,200.0,200.0,200.0,185.7,88.7,44.8,22.6,12.4,7.7,3.4
3369,68.870,0.000,3300.9,99.1,0.0,2,18687,0.991,0.000,-0.000,-0.603,-0.017,200.0,104.9,0,-0.51,0.000,200.0,376.0,1.000,13.4,28.2,42.9,69.5,111.4,159.7,200.0,200.0,200.0,200.0,200.0,200.0,182.4,88.2,44.8,22.6,12.4,7.7,3.4
3370,68.892,0.000,3301.5,100.2,0.0,2,19354,0.993,0.000,0.001,-0.601,-0.016,200.0,113.1,0,-0.52,0.000,200.0,375.9,1.000,13.4,28.2,42.9,69.6,111.6,160.2,200.0,200.0,200.0,200.0,200.0,200.0,180.1,87.8,44.8,22.6,12.5,7.7,3.4
3371,68.914,0.000,3302.2,101.3,0.1,2,19507,0.994,0.000,0.001,-0.600,-0.016,200.0,111.9,0,-0.53,0.000,200.0,375.9,1.000,13.4,28.2,42.9,69.6,111.7,160.4,200.0,200.0,200.0,200.0,200.0,200.0,178.7,87.7,44.8,22.7,12.5,7.7,3.5
3372,68.936,0.000,3302.8,102.4,0.1,2,19476,0.995,0.000,0.002,-0.598,-0.016,200.0,111.7,0,-0.53,0.000,200.0,375.9,1.000,13.3,28.1,42.9,69.6,111.7,160.6,200.0,200.0,200.0,200.0,200.0,200.0,178.0,87.7,44.9,22.8,12.6,7.8,3.5
3373,68.958,0.000,3303.4,103.5,0.1,3,15440,0.996,0.000,0.002,-0.596,-0.016,200.0,79.7,0,-0.53,0.000,200.0,375.8,1.000,13.3,28.1,42.8,69.5,111.7,160.6,200.0,200.0,200.0,200.0,200.0,200.0,177.8,87.8,45.1,22.9,12.6,7.8,3.5
3374,68.980,0.000,3304.0,104.6,0.1,3,15487,0.997,0.000,0.002,-0.594,-0.016,200.0,78.4,0,-0.52,0.000,200.0,375.8,1.000,13.3,28.1,42.8,69.4,111.6,160.5,200.0,200.0,200.0,200.0,200.0,200.0,178.3,88.1,45.3,23.0,12.7,7.8,3.5
3375,69.002,0.000,3304.7,105.8,0.1,3,15534,0.998,0.000,0.001,-0.593,-0.016,200.0,77.5,0,-0.52,0.000,200.0,375.8,1.000,13.3,28.1,42.7,69.4,111.5,160.3,200.0,200.0,200.0,200.0,200.0,200.0,179.0,88.5,45.5,23.1,12.7,7.9,3.5
3376,69.024,0.000,3305.3,106.9,0.1,3,15581,0.998,0.000,0.001,-0.591,-0.016,200.0,76.5,0,-0.52,0.000,200.0,375.8,1.000,13.3,28.0,42.7,69.3,111.4,160.1,200.0,200.0,200.0,200.0,200.0,200.0,179.7,88.9,45.7,23.2,12.8,7.9,3.5
3377,69.046,0.000,3306.0,108.0,0.1,3,15623,0.998,0.000,0.001,-0.589,-0.016,200.0,75.4,0,-0.51,0.000,200.0,375.9,1.000,13.3,28.0,42.7,69.2,111.3,160.0,200.0,200.0,200.0,200.0,200.0,200.0,180.2,89.2,45.8,23.3,12.8,7.9,3.5
3378,69.068,0.000,3306.7,109.2,0.1,3,15663,0.999,0.000,0.001,-0.587,-0.016,200.0,74.3,0,-0.51,0.000,200.0,375.9,1.000,13.3,28.0,42.6,69.2,111.2,159.9,200.0,200.0,200.0,200.0,200.0,200.0,180.5,89.5,46.0,23.4,12.9,8.0,3.6
3379,69.090,0.000,3307.3,110.3,0.1,3,15702,0.999,0.000,0.000,-0.585,-0.016,200.0,73.1,0,-0.51,0.000,200.0,375.8,1.000,13.2,27.9,42.6,69.1,111.1,159.8,200.0,200.0,200.0,200.0,200.0,200.0,180.9,89.8,46.2,23.5,12.9,8.0,3.6
3380,69.112,0.000,3308.0,111.4,0.1,3,15739,0.999,0.000,0.000,-0.583,-0.016,200.0,71.7,0,-0.51,0.000,200.0,375.8,1.000,13.2,27.9,42.5,69.1,111.0,159.8,200.0,200.0,200.0,200.0,200.0,200.0,180.9,90.0,46.3,23.6,13.0,8.0,3.6
3381,69.134,0.000,3308.7,112.6,0.1,3,15772,0.999,0.000,0.001,-0.582,-0.016,200.0,70.2,0,-0.51,0.000,200.0,375.8,1.000,13.2,27.9,42.5,69.0,111.0,159.9,200.0,200.0,200.0,200.0,200.0,200.0,180.4,90.1,46.5,23.6,13.0,8.1,3.6
3382,69.156,0.000,3309.4,113.7,0.1,3,15800,0.999,0.000,0.001,-0.580,-0.016,200.0,68.4,0,-0.51,0.000,200.0,375.8,1.000,13.2,27.9,42.5,69.0,111.0,160.0,200.0,200.0,200.0,200.0,200.0,200.0,179.9,90.1,46.6,23.7,13.1,8.1,3.6
3383,69.178,0.000,3310.1,114.9,0.1,3,15825,1.000,0.000,0.001,-0.578,-0.016,200.0,66.4,0,-0.51,0.000,200.0,375.9,1.000,13.2,27.8,42.4,68.9,111.0,160.0,200.0,200.0,200.0,200.0,200.0,200.0,179.7,90.3,46.7,23.8,13.1,8.2,3.6
3384,69.200,0.000,3310.8,116.0,0.1,3,15846,1.000,0.000,0.001,-0.576,-0.016,200.0,64.3,0,-0.51,0.000,200.0,375.8,1.000,13.2,27.8,42.4,68.9,111.0,160.0,200.0,200.0,200.0,200.0,200.0,200.0,179.6,90.5,46.9,23.9,13.2,8.2,3.7
3385,69.222,0.000,3311.5,117.2,0.1,3,15862,1.000,0.000,0.001,-0.574,-0.015,200.0,62.0,0,-0.51,0.000,200.0,375.3,1.000,13.2,27.8,42.4,68.8,110.9,160.0,200.0,200.0,200.0,200.0,200.0,200.0,179.5,90.7,47.0,24.0,13.3,8.2,3.7
3386,69.244,0.000,3312.2,118.4,0.1,3,15874,1.000,0.000,0.001,-0.572,-0.015,200.0,59.7,0,-0.50,0.000,200.0,375.0,1.000,13.1,27.7,42.3,68.8,110.9,159.9,200.0,200.0,200.0,200.0,200.0,200.0,179.6,90.9,47.2,24.1,13.3,8.3,3.7
3387,69.266,0.000,3312.9,119.5,0.1,3,15882,1.000,0.000,0.001,-0.570,-0.015,200.0,57.3,0,-0.50,0.000,200.0,374.8,1.000,13.1,27.7,42.3,68.7,110.8,159.9,200.0,200.0,200.0,200.0,200.0,200.0,179.7,91.1,47.4,24.2,13.4,8.3,3.7
3388,69.288,0.000,3313.7,120.7,0.1,3,15886,1.000,0.000,0.001,-0.568,-0.015,200.0,55.2,0,-0.50,0.000,200.0,374.7,1.000,13.1,27.7,42.2,68.7,110.7,159.9,200.0,200.0,200.0,200.0,200.0,200.0,179.7,91.3,47.5,24.3,13.4,8.3,3.7
3389,69.310,0.000,3314.4,121.8,0.1,3,15904,1.000,0.000,0.002,-0.566,-0.015,200.0,55.3,0,-0.50,0.000,200.0,374.1,1.000,13.1,27.6,42.2,68.6,110.7,159.8,200.0,200.0,200.0,200.0,200.0,200.0,179.8,91.5,47.7,24.4,13.5,8.4,3.7
3390,69.332,0.000,3315.2,122.9,0.1,3,15926,1.000,0.000,0.001,-0.564,-0.015,200.0,54.2,0,-0.50,0.000,200.0,374.1,1.000,13.1,27.6,42.1,68.6,110.6,159.7,200.0,200.0,200.0,200.0,200.0,200.0,180.2,91.8,47.9,24.5,13.5,8.4,3.8
3391,69.354,0.000,3315.9,124.0,0.1,3,15941,1.000,0.000,0.001,-0.562,-0.015,200.0,52.2,0,-0.49,0.000,200.0,374.4,1.000,13.1,27.6,42.1,68.5,110.5,159.6,200.0,200.0,200.0,200.0,200.0,200.0,180.7,92.2,48.1,24.6,13.6,8.4,3.8
3392,69.376,0.000,3316.7,125.2,0.1,3,15949,1.000,0.000,0.001,-0.560,-0.015,200.0,49.3,0,-0.49,0.000,200.0,374.8,1.000,13.0,27.5,42.0,68.4,110.4,159.5,200.0,200.0,200.0,200.0,200.0,200.0,181.2,92.5,48.3,24.7,13.7,8.5,3.8
3393,69.398,0.000,3317.4,126.4,0.1,3,15948,1.000,0.000,0.001,-0.558,-0.015,200.0,45.6,0,-0.49,0.000,200.0,375.3,1.000,13.0,27.5,42.0,68.3,110.3,159.3,200.0,200.0,200.0,200.0,200.0,200.0,181.7,92.9,48.5,24.8,13.7,8.5,3.8
3394,69.420,0.000,3318.2,127.6,0.1,3,15937,1.000,0.000,0.001,-0.556,-0.015,200.0,41.5,0,-0.48,0.000,200.0,375.5,1.000,13.0,27.5,41.9,68.3,110.1,159.2,200.0,200.0,200.0,200.0,200.0,200.0,182.2,93.2,48.7,24.9,13.8,8.6,3.8
3395,69.442,0.000,3319.0,128.8,0.1,3,15919,1.000,0.000,0.000,-0.554,-0.015,200.0,37.3,0,-0.48,0.000,200.0,375.5,1.000,13.0,27.4,41.9,68.2,110.0,159.0,200.0,200.0,200.0,200.0,200.0,200.0,182.9,93.6,48.9,25.0,13.8,8.6,3.8
3396,69.464,0.000,3319.8,130.0,0.1,3,15893,1.000,0.000,0.000,-0.552,-0.015,200.0,33.1,0,-0.48,0.000,200.0,375.4,1.000,13.0,27.4,41.8,68.1,109.9,158.9,200.0,200.0,200.0,200.0,200.0,200.0,183.4,93.9,49.1,25.1,13.9,8.6,3.9
3397,69.486,0.000,3320.6,131.2,0.1,3,15868,1.000,0.000,0.000,-0.550,-0.015,200.0,29.3,0,-0.47,0.000,200.0,375.4,1.000,13.0,27.4,41.8,68.0,109.8,158.8,200.0,200.0,200.0,200.0,200.0,200.0,183.7,94.2,49.3,25.2,14.0,8.7,3.9
3398,69.508,0.000,3321.4,132.3,0.1,3,15846,1.000,0.000,0.000,-0.548,-0.015,200.0,27.1,0,-0.47,0.000,200.0,374.9,1.000,12.9,27.3,41.7,68.0,109.8,158.7,200.0,200.0,200.0,200.0,200.0,200.0,183.8,94.4,49.4,25.3,14.0,8.7,3.9
3399,69.530,0.000,3322.2,133.4,0.1,3,15832,1.000,0.000,0.000,-0.546,-0.015,200.0,25.3,0,-0.47,0.000,200.0,374.7,1.000,12.9,27.3,41.7,67.9,109.7,158.7,200.0,200.0,200.0,200.0,200.0,200.0,183.8,94.7,49.6,25.4,14.1,8.7,3.9
3400,69.552,0.000,3323.0,134.6,0.1,3,15816,1.000,0.000,0.000,-0.544,-0.015,200.0,23.1,0,-0.47,0.000,200.0,374.7,1.000,12.9,27.3,41.7,67.8,109.6,158.7,200.0,200.0,200.0,200.0,200.0,200.0,183.8,94.9,49.8,25.5,14.2,8.8,3.9
3401,69.574,0.000,3323.9,135.7,0.1,3,15801,1.000,0.000,0.000,-0.542,-0.015,200.0,20.8,0,-0.47,0.000,200.0,374.9,1.000,12.9,27.3,41.6,67.8,109.6,158.6,200.0,200.0,200.0,200.0,200.0,200.0,183.9,95.1,49.9,25.6,14.2,8.8,3.9
3402,69.596,0.000,3324.7,136.8,0.1,3,15789,1.000,0.000,0.000,-0.540,-0.015,200.0,18.3,0,-0.46,0.000,200.0,375.2,1.000,12.9,27.2,41.6,67.7,109.5,158.6,200.0,200.0,200.0,200.0,200.0,200.0,184.1,95.4,50.1,25.7,14.3,8.9,4.0
3403,69.618,0.000,3325.5,138.0,0.0,3,15775,1.000,0.000,0.000,-0.537,-0.015,200.0,15.9,0,-0.46,0.000,200.0,375.4,1.000,12.9,27.2,41.5,67.7,109.4,158.5,200.0,200.0,200.0,200.0,200.0,200.0,184.3,95.6,50.3,25.8,14.3,8.9,4.0
3404,69.640,0.000,3326.4,139.1,0.0,3,15766,1.000,0.000,-0.000,-0.535,-0.015,200.0,13.9,0,-0.46,0.000,200.0,375.6,1.000,12.8,27.2,41.5,67.6,109.3,158.4,200.0,200.0,200.0,200.0,200.0,200.0,184.6,95.9,50.5,26.0,14.4,8.9,4.0
3405,69.662,0.000,3327.2,140.2,0.0,3,15761,1.000,0.000,-0.000,-0.533,-0.015,200.0,12.4,0,-0.46,0.000,200.0,375.7,1.000,12.8,27.1,41.4,67.5,109.2,158.2,200.0,200.0,200.0,200.0,200.0,200.0,185.1,96.3,50.7,26.1,14.5,9.0,4.0
3406,69.684,0.000,3328.1,141.3,0.0,3,15761,1.000,0.000,-0.000,-0.531,-0.015,200.0,11.4,0,-0.45,0.000,200.0,375.8,1.000,12.8,27.1,41.4,67.4,109.1,158.1,200.0,200.0,200.0,200.0,200.0,200.0,185.6,96.6,50.9,26.2,14.5,9.0,4.0
3407,69.706,0.000,3329.0,142.3,0.0,3,15769,1.000,0.000,-0.001,-0.529,-0.014,200.0,11.1,0,-0.45,0.000,200.0,375.8,1.000,12.8,27.0,41.3,67.3,108.9,157.9,200.0,200.0,200.0,200.0,200.0,200.0,186.2,97.0,51.1,26.3,14.6,9.1,4.1
3408,69.728,0.000,3329.8,143.3,0.0,3,15783,1.000,0.000,-0.001,-0.527,-0.014,200.0,10.8,0,-0.45,0.000,200.0,375.7,1.000,12.8,27.0,41.3,67.3,108.9,157.8,200.0,200.0,200.0,200.0,200.0,200.0,186.5,97.3,51.3,26.4,14.7,9.1,4.1
3409,69.750,0.000,3330.7,144.4,0.0,3,15804,1.000,0.000,-0.001,-0.525,-0.014,200.0,10.6,0,-0.44,0.000,200.0,375.7,1.000,12.8,27.0,41.2,67.2,108.8,157.8,200.0,200.0,200.0,200.0,200.0,200.0,186.4,97.5,51.5,26.5,14.7,9.1,4.1
3410,69.772,0.000,3331.6,145.4,0.0,3,15831,1.000,0.000,-0.000,-0.523,-0.014,200.0,10.3,0,-0.44,0.000,200.0,375.7,1.000,12.7,26.9,41.2,67.2,108.8,157.8,200.0,200.0,200.0,200.0,200.0,200.0,186.1,97.6,51.6,26.6,14.8,9.2,4.1
3411,69.794,0.000,3332.5,146.5,0.0,3,15858,1.000,0.000,-0.000,-0.520,-0.014,200.0,10.0,0,-0.44,0.000,200.0,375.7,1.000,12.7,26.9,41.1,67.1,108.7,157.8,200.0,200.0,200.0,200.0,200.0,200.0,186.0,97.8,51.8,26.7,14.8,9.2,4.1
3412,69.816,0.000,3333.4,147.5,0.0,3,15889,1.000,0.000,-0.000,-0.518,-0.014,200.0,9.6,0,-0.44,0.000,200.0,376.0,1.000,12.7,26.9,41.1,67.0,108.6,157.7,200.0,200.0,200.0,200.0,200.0,200.0,186.2,98.0,51.9,26.8,14.9,9.3,4.1
3413,69.838,0.000,3334.3,148.6,0.0,3,15923,1.000,0.000,-0.001,-0.516,-0.014,200.0,9.2,0,-0.44,0.000,200.0,376.2,1.000,12.7,26.8,41.0,67.0,108.5,157.6,200.0,200.0,200.0,200.0,200.0,200.0,186.7,98.4,52.2,26.9,15.0,9.3,4.2
3414,69.860,0.000,3335.2,149.6,0.0,3,15960,1.000,0.000,-0.001,-0.514,-0.014,200.0,8.8,0,-0.43,0.000,200.0,376.2,1.000,12.7,26.8,41.0,66.9,108.4,157.5,200.0,200.0,200.0,200.0,200.0,200.0,186.9,98.7,52.3,27.0,15.0,9.3,4.2
3415,69.882,0.000,3336.1,150.7,0.0,3,15999,1.000,0.000,-0.000,-0.512,-0.014,200.0,8.2,0,-0.43,0.000,200.0,376.4,1.000,12.7,26.8,40.9,66.8,108.4,157.5,200.0,200.0,200.0,200.0,200.0,200.0,186.8,98.8,52.5,27.1,15.1,9.4,4.2
3416,69.904,0.000,3337.1,151.7,0.0,3,16037,1.000,0.000,-0.000,-0.510,-0.014,200.0,7.7,0,-0.43,0.000,200.0,376.6,1.000,12.6,26.7,40.9,66.8,108.3,157.5,200.0,200.0,200.0,200.0,200.0,200.0,186.9,99.0,52.7,27.2,15.1,9.4,4.2
3417,69.926,0.000,3338.0,152.7,0.0,3,16079,1.000,0.000,-0.001,-0.507,-0.014,200.0,7.5,0,-0.43,0.000,200.0,376.6,1.000,12.6,26.7,40.8,66.7,108.2,157.3,200.0,200.0,200.0,200.0,200.0,200.0,187.3,99.4,52.9,27.3,15.2,9.5,4.2
3418,69.948,0.000,3338.9,153.7,0.0,3,16124,1.000,0.000,-0.001,-0.505,-0.014,200.0,7.6,0,-0.43,0.000,200.0,376.5,1.000,12.6,26.7,40.8,66.6,108.1,157.2,200.0,200.0,200.0,200.0,200.0,200.0,187.5,99.6,53.1,27.5,15.3,9.5,4.3
3419,69.970,0.000,3339.9,154.7,0.0,3,16174,1.000,0.000,-0.001,-0.503,-0.014,200.0,7.7,0,-0.43,0.000,200.0,376.3,1.000,12.6,26.6,40.7,66.5,108.0,157.2,200.0,200.0,200.0,200.0,200.0,200.0,187.4,99.8,53.2,27.6,15.3,9.5,4.3
3420,69.992,0.000,3340.8,155.8,0.0,3,16225,1.000,0.000,-0.000,-0.501,-0.014,200.0,7.7,0,-0.43,0.000,200.0,376.7,1.000,12.6,26.6,40.7,66.5,108.0,157.3,200.0,200.0,200.0,200.0,200.0,200.0,187.0,99.9,53.4,27.7,15.4,9.6,4.3
3421,70.014,0.000,3341.8,156.8,0.0,3,16279,1.000,0.000,-0.000,-0.499,-0.014,200.0,7.6,0,-0.42,0.000,200.0,376.8,1.000,12.5,26.6,40.7,66.4,108.0,157.3,200.0,200.0,200.0,200.0,200.0,200.0,186.9,100.1,53.5,27.8,15.5,9.6,4.3
3422,70.036,0.000,3342.7,157.8,0.0,3,16331,1.000,0.000,-0.000,-0.496,-0.014,200.0,7.5,0,-0.42,0.000,200.0,376.8,1.000,12.5,26.5,40.6,66.4,107.9,157.1,200.0,200.0,200.0,200.0,200.0,200.0,187.2,100.4,53.7,27.9,15.5,9.7,4.3
3423,70.058,0.000,3343.7,158.9,0.0,3,16375,1.000,0.000,-0.001,-0.494,-0.014,200.0,6.1,0,-0.42,0.000,200.0,376.8,1.000,12.5,26.5,40.5,66.3,107.7,157.0,200.0,200.0,200.0,200.0,200.0,200.0,187.8,100.8,53.9,28.0,15.6,9.7,4.4
3424,70.080,0.000,3344.7,159.9,0.0,3,16417,1.000,0.000,-0.001,-0.492,-0.013,200.0,5.4,0,-0.41,0.000,200.0,376.8,1.000,12.5,26.5,40.5,66.2,107.6,156.9,200.0,200.0,200.0,200.0,200.0,200.0,188.1,101.1,54.1,28.1,15.7,9.7,4.4
3425,70.102,0.000,3345.6,160.9,0.0,3,16463,1.000,0.000,-0.001,-0.490,-0.013,200.0,5.4,0,-0.41,0.000,200.0,376.8,1.000,12.5,26.4,40.4,66.1,107.6,156.8,200.0,200.0,200.0,200.0,200.0,200.0,188.1,101.2,54.3,28.2,15.7,9.8,4.4
3426,70.124,0.000,3346.6,161.9,0.0,3,16515,1.000,0.000,-0.000,-0.488,-0.013,200.0,5.8,0,-0.41,0.000,200.0,376.8,1.000,12.5,26.4,40.4,66.1,107.5,156.8,200.0,200.0,200.0,200.0,200.0,200.0,187.9,101.4,54.4,28.3,15.8,9.8,4.4
3427,70.146,0.000,3347.6,162.9,0.0,3,16574,1.000,0.000,-0.000,-0.485,-0.013,200.0,6.2,0,-0.41,0.000,200.0,376.8,1.000,12.4,26.4,40.4,66.0,107.4,156.8,200.0,200.0,200.0,200.0,200.0,200.0,187.9,101.6,54.6,28.4,15.8,9.9,4.4
3428,70.168,0.000,3348.6,163.9,0.0,3,16633,1.000,0.000,-0.000,-0.483,-0.013,200.0,6.3,0,-0.41,0.000,200.0,376.8,1.000,12.4,26.3,40.3,65.9,107.3,156.7,200.0,200.0,200.0,200.0,200.0,200.0,188.2,101.9,54.8,28.5,15.9,9.9,4.4
3429,70.190,0.000,3349.6,164.9,0.0,3,16692,1.000,0.000,-0.001,-0.481,-0.013,200.0,6.2,0,-0.40,0.000,200.0,376.8,1.000,12.4,26.3,40.2,65.9,107.2,156.5,200.0,200.0,200.0,200.0,200.0,200.0,188.8,102.3,55.0,28.6,16.0,9.9,4.5
3430,70.212,0.000,3350.6,165.9,0.0,3,16741,1.000,0.000,-0.001,-0.479,-0.013,200.0,5.0,0,-0.40,0.000,200.0,376.8,1.000,12.4,26.3,40.2,65.8,107.1,156.4,200.0,200.0,200.0,200.0,200.0,200.0,189.1,102.6,55.2,28.7,16.0,10.0,4.5
3431,70.234,0.000,3351.7,167.0,0.0,3,16777,1.000,0.000,-0.001,-0.476,-0.013,200.0,3.7,0,-0.40,0.000,200.0,376.8,1.000,12.4,26.2,40.1,65.7,107.0,156.4,200.0,200.0,200.0,200.0,200.0,200.0,189.0,102.7,55.4,28.8,16.1,10.0,4.5
3432,70.256,0.000,3352.7,168.0,0.0,3,16820,1.000,0.000,-0.001,-0.474,-0.013,200.0,3.6,0,-0.40,0.000,200.0,376.8,1.000,12.3,26.2,40.1,65.7,107.0,156.4,200.0,200.0,200.0,200.0,200.0,200.0,188.8,102.9,55.5,28.9,16.2,10.1,4.5
3433,70.278,0.000,3353.7,168.9,0.0,3,16872,1.000,0.000,-0.000,-0.472,-0.013,200.0,4.2,0,-0.40,0.000,200.0,376.8,1.000,12.3,26.2,40.1,65.6,106.9,156.4,200.0,200.0,200.0,200.0,200.0,200.0,188.5,103.0,55.7,29.0,16.2,10.1,4.5
3434,70.300,0.000,3354.7,169.9,0.0,3,16936,1.000,0.000,-0.000,-0.470,-0.013,200.0,4.8,0,-0.40,0.000,200.0,376.8,1.000,12.3,26.1,40.0,65.5,106.9,156.4,200.0,200.0,200.0,200.0,200.0,200.0,188.5,103.2,55.8,29.1,16.3,10.2,4.6
3435,70.322,0.000,3355.8,170.9,0.0,3,17000,1.000,0.000,-0.000,-0.467,-0.013,200.0,5.1,0,-0.39,0.000,200.0,376.8,1.000,12.3,26.1,40.0,65.5,106.8,156.2,200.0,200.0,200.0,200.0,200.0,200.0,188.8,103.5,56.0,29.3,16.4,10.2,4.6
3436,70.344,0.000,3356.8,171.9,0.0,3,17060,1.000,0.000,-0.001,-0.465,-0.013,200.0,5.0,0,-0.39,0.000,200.0,376.8,1.000,12.3,26.0,39.9,65.4,106.6,156.1,200.0,200.0,200.0,200.0,200.0,200.0,189.4,103.8,56.2,29.4,16.4,10.2,4.6
3437,70.366,0.000,3357.9,172.9,0.0,3,17106,1.000,0.000,-0.001,-0.463,-0.013,200.0,3.5,0,-0.39,0.000,200.0,376.8,1.000,12.3,26.0,39.8,65.3,106.5,156.0,200.0,200.0,200.0,200.0,200.0,200.0,189.7,104.1,56.4,29.5,16.5,10.3,4.6
3438,70.388,0.000,3358.9,173.9,0.0,3,17127,1.000,0.000,-0.001,-0.461,-0.013,200.0,2.0,0,-0.39,0.000,200.0,376.8,1.000,12.2,26.0,39.8,65.2,106.5,155.9,200.0,200.0,200.0,200.0,200.0,200.0,189.6,104.3,56.6,29.6,16.5,10.3,4.6
3439,70.410,0.000,3360.0,174.9,0.0,3,17166,1.000,0.000,-0.000,-0.458,-0.013,200.0,2.0,0,-0.39,0.000,200.0,376.8,1.000,12.2,25.9,39.8,65.2,106.4,155.9,200.0,200.0,200.0,200.0,200.0,200.0,189.4,104.4,56.7,29.7,16.6,10.4,4.7
3440,70.432,0.000,3361.1,175.8,0.0,3,17224,1.000,0.000,-0.000,-0.456,-0.012,200.0,2.8,0,-0.38,0.000,200.0,376.8,1.000,12.2,25.9,39.7,65.1,106.3,155.9,200.0,200.0,200.0,200.0,200.0,200.0,189.4,104.6,56.9,29.8,16.7,10.4,4.7
3441,70.454,0.000,3362.2,176.8,0.0,3,17296,1.000,0.000,-0.001,-0.454,-0.012,200.0,3.6,0,-0.38,0.000,200.0,376.8,1.000,12.2,25.9,39.6,65.0,106.2,155.7,200.0,200.0,200.0,200.0,200.0,200.0,189.9,105.0,57.1,29.9,16.7,10.4,4.7
3442,70.476,0.000,3363.2,177.7,0.0,3,17365,1.000,0.000,-0.001,-0.452,-0.012,200.0,3.9,0,-0.38,0.000,200.0,376.8,1.000,12.2,25.8,39.6,64.9,106.1,155.6,200.0,200.0,200.0,200.0,200.0,200.0,190.1,105.2,57.3,30.0,16.8,10.5,4.7
3443,70.498,0.000,3364.3,178.7,0.0,3,17426,1.000,0.000,-0.000,-0.449,-0.012,200.0,3.9,0,-0.38,0.000,200.0,376.8,1.000,12.2,25.8,39.5,64.9,106.1,155.7,200.0,200.0,200.0,200.0,200.0,200.0,189.8,105.3,57.4,30.1,16.9,10.5,4.7
3444,70.520,0.000,3365.4,179.7,0.0,3,17441,1.000,0.000,-0.000,-0.447,-0.012,200.0,1.5,0,-0.38,0.000,200.0,376.8,1.000,12.1,25.8,39.5,64.8,106.0,155.6,200.0,200.0,200.0,200.0,200.0,200.0,189.8,105.5,57.6,30.2,16.9,10.6,4.7
3445,70.542,0.000,3366.5,180.7,0.0,3,17453,1.000,0.000,-0.001,-0.445,-0.012,200.0,0.5,0,-0.37,0.000,200.0,376.8,1.000,12.1,25.7,39.4,64.7,105.9,155.4,200.0,200.0,200.0,200.0,200.0,200.0,190.3,105.9,57.8,30.3,17.0,10.6,4.8
3446,70.564,0.000,3367.6,181.7,0.0,3,17504,1.000,0.000,-0.001,-0.443,-0.012,200.0,0.8,0,-0.37,0.000,200.0,376.8,1.000,12.1,25.7,39.4,64.6,105.8,155.3,200.0,200.0,200.0,200.0,200.0,200.0,190.6,106.2,58.0,30.5,17.1,10.6,4.8
3447,70.586,0.000,3368.8,182.6,0.0,3,17585,1.000,0.000,-0.001,-0.440,-0.012,200.0,1.9,0,-0.37,0.000,200.0,376.8,1.000,12.1,25.6,39.3,64.6,105.7,155.3,200.0,200.0,200.0,200.0,200.0,200.0,190.6,106.3,58.2,30.6,17.1,10.7,4.8
3448,70.608,0.000,3369.9,183.5,0.0,3,17672,1.000,0.000,-0.000,-0.438,-0.012,200.0,2.6,0,-0.37,0.000,200.0,376.8,1.000,12.1,25.6,39.3,64.5,105.6,155.3,200.0,200.0,200.0,200.0,200.0,200.0,190.3,106.4,58.3,30.7,17.2,10.7,4.8
3449,70.630,0.000,3371.0,184.4,0.0,3,17737,1.000,0.000,-0.000,-0.436,-0.012,200.0,2.9,0,-0.37,0.000,200.0,376.8,1.000,12.0,25.6,39.2,64.5,105.6,155.3,200.0,200.0,200.0,200.0,200.0,200.0,190.2,106.6,58.5,30.8,17.2,10.8,4.8
3450,70.652,0.000,3372.1,185.4,0.0,3,17778,1.000,0.000,-0.000,-0.434,-0.012,200.0,2.4,0,-0.36,0.000,200.0,376.8,1.000,12.0,25.5,39.2,64.4,105.5,155.1,200.0,200.0,200.0,200.0,200.0,200.0,190.6,106.9,58.7,30.9,17.3,10.8,4.9
3451,70.674,0.000,3373.3,186.4,0.0,3,17690,1.000,0.000,-0.001,-0.431,-0.012,200.0,-0.6,0,-0.36,0.000,200.0,376.8,1.000,12.0,25.5,39.1,64.3,105.3,154.9,200.0,200.0,200.0,200.0,200.0,200.0,191.2,107.3,58.9,31.0,17.4,10.9,4.9
3452,70.696,0.000,3374.4,187.4,0.0,3,17788,1.000,0.000,-0.001,-0.429,-0.012,200.0,-0.7,0,-0.36,0.000,200.0,376.8,1.000,12.0,25.5,39.1,64.2,105.2,154.8,200.0,200.0,200.0,200.0,200.0,200.0,191.6,107.6,59.1,31.1,17.4,10.9,4.9
3453,70.718,0.000,3375.6,188.3,0.0,3,17892,1.000,0.000,-0.001,-0.427,-0.012,200.0,0.3,0,-0.35,0.000,200.0,376.8,1.000,12.0,25.4,39.0,64.1,105.1,154.7,200.0,200.0,200.0,200.0,200.0,200.0,191.6,107.8,59.2,31.2,17.5,10.9,4.9
3454,70.740,0.000,3376.7,189.2,0.0,3,18019,1.000,0.000,-0.001,-0.424,-0.012,200.0,1.4,0,-0.35,0.000,200.0,376.8,1.000,11.9,25.4,39.0,64.1,105.1,154.8,200.0,200.0,200.0,200.0,200.0,200.0,191.4,107.9,59.4,31.3,17.6,11.0,4.9
3455,70.762,0.000,3377.9,190.1,0.0,3,18137,1.000,0.000,-0.000,-0.422,-0.012,200.0,2.0,0,-0.35,0.000,200.0,376.8,1.000,11.9,25.4,38.9,64.0,105.0,154.8,200.0,200.0,200.0,200.0,200.0,200.0,190.9,107.9,59.5,31.4,17.6,11.0,5.0
3456,70.784,0.000,3379.0,191.0,0.0,3,18232,1.000,0.000,-0.000,-0.420,-0.011,200.0,2.2,0,-0.35,0.000,200.0,376.8,1.000,11.9,25.3,38.9,64.0,105.0,154.8,200.0,200.0,200.0,200.0,200.0,200.0,190.8,108.1,59.6,31.5,17.7,11.1,5.0
3457,70.806,0.000,3380.2,192.0,0.0,3,18201,1.000,0.000,-0.000,-0.418,-0.011,200.0,-0.1,0,-0.35,0.000,200.0,376.8,1.000,11.9,25.3,38.8,63.9,104.9,154.7,200.0,200.0,200.0,200.0,200.0,200.0,191.1,108.4,59.8,31.6,17.8,11.1,5.0
3458,70.828,0.000,3381.4,192.9,0.0,3,18266,1.000,0.000,-0.001,-0.415,-0.011,200.0,-0.7,0,-0.35,0.000,200.0,376.8,1.000,11.9,25.3,38.8,63.8,104.7,154.4,200.0,200.0,200.0,200.0,200.0,200.0,191.8,108.8,60.1,31.7,17.8,11.1,5.0
3459,70.850,0.000,3382.6,193.8,0.0,3,18377,1.000,0.000,-0.001,-0.413,-0.011,200.0,-0.2,0,-0.34,0.000,200.0,376.8,1.000,11.9,25.2,38.7,63.7,104.6,154.3,200.0,200.0,200.0,200.0,200.0,200.0,192.2,109.1,60.3,31.8,17.9,11.2,5.0
3460,70.872,0.000,3383.8,194.7,0.0,3,18505,1.000,0.000,-0.001,-0.411,-0.011,200.0,0.6,0,-0.34,0.000,200.0,376.8,1.000,11.8,25.2,38.7,63.6,104.5,154.3,200.0,200.0,200.0,200.0,200.0,200.0,192.1,109.2,60.4,31.9,18.0,11.2,5.1
3461,70.894,0.000,3384.9,195.6,0.0,3,18618,1.000,0.000,-0.001,-0.409,-0.011,200.0,1.2,0,-0.34,0.000,200.0,376.8,1.000,11.8,25.1,38.6,63.6,104.5,154.3,200.0,200.0,200.0,200.0,200.0,200.0,191.8,109.3,60.5,32.0,18.0,11.3,5.1
3462,70.916,0.000,3386.1,196.5,0.0,3,18712,1.000,0.000,-0.000,-0.406,-0.011,200.0,1.3,0,-0.34,0.000,200.0,376.8,1.000,11.8,25.1,38.6,63.5,104.5,154.4,200.0,200.0,200.0,200.0,200.0,200.0,191.4,109.4,60.7,32.1,18.1,11.3,5.1
3463,70.938,0.000,3387.3,197.4,0.0,3,18769,1.000,0.000,-0.000,-0.404,-0.011,200.0,0.9,0,-0.34,0.000,200.0,376.8,1.000,11.8,25.1,38.5,63.5,104.4,154.3,200.0,200.0,200.0,200.0,200.0,200.0,191.3,109.5,60.8,32.2,18.1,11.3,5.1
3464,70.960,0.000,3388.6,198.4,0.0,3,18808,1.000,0.000,-0.000,-0.402,-0.011,200.0,-0.2,0,-0.34,0.000,200.0,376.8,1.000,11.8,25.0,38.5,63.4,104.3,154.2,200.0,200.0,200.0,200.0,200.0,200.0,191.6,109.8,61.0,32.3,18.2,11.4,5.1
3465,70.982,0.000,3389.8,199.3,0.0,3,18889,1.000,0.000,-0.001,-0.400,-0.011,200.0,-0.3,0,-0.33,0.000,200.0,376.8,1.000,11.7,25.0,38.4,63.3,104.1,154.0,200.0,200.0,200.0,200.0,200.0,200.0,192.3,110.2,61.2,32.4,18.3,11.4,5.2
3466,71.004,0.000,3391.0,200.2,0.0,3,18980,1.000,0.000,-0.001,-0.397,-0.011,200.0,-0.2,0,-0.33,0.000,200.0,376.8,1.000,11.7,25.0,38.4,63.2,104.0,153.8,200.0,200.0,200.0,200.0,200.0,200.0,192.6,110.5,61.4,32.6,18.3,11.5,5.2
3467,71.026,0.000,3392.2,201.0,0.0,3,19070,1.000,0.000,-0.001,-0.395,-0.011,200.0,-0.1,0,-0.33,0.000,200.0,376.8,1.000,11.7,24.9,38.3,63.1,103.9,153.8,200.0,200.0,200.0,200.0,200.0,200.0,192.6,110.6,61.6,32.7,18.4,11.5,5.2
3468,71.048,0.000,3393.4,201.9,0.0,3,19149,1.000,0.000,-0.000,-0.393,-0.011,200.0,-0.2,0,-0.33,0.000,200.0,376.8,1.000,11.7,24.9,38.3,63.1,103.9,153.8,200.0,200.0,200.0,200.0,200.0,200.0,192.2,110.7,61.7,32.7,18.5,11.5,5.2
3469,71.070,0.000,3394.7,202.8,0.0,3,19221,1.000,0.000,-0.000,-0.391,-0.011,200.0,-0.3,0,-0.33,0.000,200.0,376.8,1.000,11.7,24.9,38.2,63.0,103.8,153.8,200.0,200.0,200.0,200.0,200.0,200.0,192.1,110.8,61.8,32.8,18.5,11.6,5.2
3470,71.092,0.000,3395.9,203.7,0.0,3,19247,1.000,0.000,-0.001,-0.388,-0.011,200.0,-1.4,0,-0.32,0.000,200.0,376.8,1.000,11.7,24.8,38.2,62.9,103.7,153.6,200.0,200.0,200.0,200.0,200.0,200.0,192.5,111.1,62.0,33.0,18.6,11.6,5.2
3471,71.114,0.000,3397.2,204.5,0.0,3,19316,1.000,0.000,-0.001,-0.386,-0.011,200.0,-1.7,0,-0.32,0.000,200.0,376.8,1.000,11.6,24.8,38.1,62.8,103.6,153.5,200.0,200.0,200.0,200.0,200.0,200.0,192.8,111.4,62.2,33.1,18.6,11.7,5.3
3472,71.136,0.000,3398.4,205.3,0.0,3,19398,1.000,0.000,-0.001,-0.384,-0.010,200.0,-1.7,0,-0.32,0.000,200.0,376.8,1.000,11.6,24.8,38.1,62.8,103.5,153.5,200.0,200.0,200.0,200.0,200.0,200.0,192.6,111.5,62.3,33.2,18.7,11.7,5.3
3473,71.158,0.000,3399.7,206.2,0.0,3,19485,1.000,0.000,-0.000,-0.382,-0.010,200.0,-1.5,0,-0.32,0.000,200.0,376.8,1.000,11.6,24.7,38.0,62.7,103.5,153.6,200.0,200.0,200.0,200.0,200.0,200.0,192.3,111.6,62.4,33.2,18.8,11.7,5.3
3474,71.180,0.000,3400.9,206.3,0.0,4,15782,1.000,0.000,-0.000,-0.380,-0.010,200.0,-15.0,0,-0.32,0.000,200.0,376.8,1.000,11.6,24.7,38.0,62.7,103.4,153.5,200.0,200.0,200.0,200.0,200.0,200.0,192.4,111.8,62.6,33.4,18.8,11.8,5.3
3475,71.202,0.000,3402.2,206.6,0.0,4,16040,1.000,0.000,-0.001,-0.377,-0.010,200.0,-4.2,0,-0.31,0.000,200.0,376.8,1.000,11.6,24.6,37.9,62.6,103.3,153.3,200.0,200.0,200.0,200.0,200.0,200.0,193.0,112.1,62.8,33.5,18.9,11.8,5.3
3476,71.224,0.000,3403.5,207.3,0.0,4,16244,1.000,0.000,-0.001,-0.375,-0.010,200.0,-4.4,0,-0.31,0.000,200.0,376.8,1.000,11.6,24.6,37.9,62.5,103.2,153.2,200.0,200.0,200.0,200.0,200.0,200.0,193.2,112.4,63.0,33.6,18.9,11.9,5.4
3477,71.246,0.000,3404.7,207.9,0.0,4,16398,1.000,0.000,-0.000,-0.373,-0.010,200.0,-4.6,0,-0.31,0.000,200.0,376.8,1.000,11.5,24.6,37.8,62.4,103.1,153.2,200.0,200.0,200.0,200.0,200.0,200.0,193.0,112.5,63.1,33.7,19.0,11.9,5.4
3478,71.268,0.000,3406.0,208.6,0.0,4,16517,1.000,0.000,-0.000,-0.371,-0.010,200.0,-4.5,0,-0.31,0.000,200.0,376.8,1.000,11.5,24.5,37.8,62.4,103.0,153.1,200.0,200.0,200.0,200.0,200.0,200.0,193.0,112.6,63.3,33.8,19.1,11.9,5.4
3479,71.290,0.000,3407.3,209.2,0.0,4,16614,1.000,0.000,-0.001,-0.369,-0.010,200.0,-4.4,0,-0.30,0.000,200.0,376.8,1.000,11.5,24.5,37.7,62.3,102.9,152.9,200.0,200.0,200.0,200.0,200.0,200.0,193.5,112.9,63.5,33.9,19.1,12.0,5.4
3480,71.312,0.000,3408.6,209.9,0.0,4,16692,1.000,0.000,-0.001,-0.366,-0.010,200.0,-4.3,0,-0.30,0.000,200.0,376.8,1.000,11.5,24.5,37.7,62.2,102.8,152.8,200.0,200.0,200.0,200.0,200.0,200.0,193.7,113.2,63.6,34.0,19.2,12.0,5.4
3481,71.334,0.000,3409.8,210.5,0.0,4,16757,1.000,0.000,-0.001,-0.364,-0.010,200.0,-4.3,0,-0.30,0.000,200.0,376.8,1.000,11.5,24.4,37.6,62.1,102.7,152.8,200.0,200.0,200.0,200.0,200.0,200.0,193.4,113.3,63.8,34.1,19.2,12.1,5.4
3482,71.356,0.000,3411.1,211.2,0.0,4,16807,1.000,0.000,-0.000,-0.362,-0.010,200.0,-4.8,0,-0.30,0.000,200.0,376.8,1.000,11.4,24.4,37.6,62.1,102.7,152.9,200.0,200.0,200.0,200.0,200.0,200.0,193.0,113.3,63.9,34.1,19.3,12.1,5.5
3483,71.378,0.000,3412.4,211.8,0.0,4,16846,1.000,0.000,-0.000,-0.360,-0.010,200.0,-5.0,0,-0.30,0.000,200.0,376.8,1.000,11.4,24.4,37.5,62.0,102.6,152.9,200.0,200.0,200.0,200.0,200.0,200.0,193.0,113.4,64.0,34.2,19.4,12.1,5.5
3484,71.400,0.000,3413.7,212.4,0.0,4,16883,1.000,0.000,-0.000,-0.358,-0.010,200.0,-4.9,0,-0.30,0.000,200.0,376.8,1.000,11.4,24.3,37.5,61.9,102.5,152.7,200.0,200.0,200.0,200.0,200.0,200.0,193.4,113.7,64.2,34.3,19.4,12.2,5.5
3485,71.422,0.000,3415.0,213.1,0.0,4,16920,1.000,0.000,-0.001,-0.356,-0.010,200.0,-4.7,0,-0.29,0.000,200.0,376.8,1.000,11.4,24.3,37.4,61.8,102.4,152.5,200.0,200.0,200.0,200.0,200.0,200.0,194.0,114.1,64.4,34.5,19.5,12.2,5.5
3486,71.444,0.000,3416.3,213.7,0.0,4,16954,1.000,0.000,-0.001,-0.354,-0.010,200.0,-4.6,0,-0.29,0.000,200.0,376.8,1.000,11.4,24.3,37.4,61.8,102.2,152.3,200.0,200.0,200.0,200.0,200.0,200.0,193.9,114.3,64.6,34.6,19.5,12.3,5.5
3487,71.466,0.000,3417.6,214.3,0.0,4,16985,1.000,0.000,-0.001,-0.351,-0.010,200.0,-4.6,0,-0.29,0.000,200.0,376.8,1.000,11.4,24.2,37.3,61.7,102.2,152.3,200.0,200.0,200.0,200.0,200.0,200.0,193.2,114.4,64.7,34.6,19.6,12.3,5.6
3488,71.488,0.000,3418.9,215.0,0.0,4,17011,1.000,0.000,-0.000,-0.349,-0.010,200.0,-5.2,0,-0.29,0.000,200.0,376.8,1.000,11.3,24.2,37.3,61.7,102.2,152.4,200.0,200.0,200.0,200.0,200.0,200.0,192.4,114.4,64.8,34.7,19.7,12.3,5.6
3489,71.510,0.000,3420.3,215.6,0.0,4,17035,1.000,0.000,-0.000,-0.347,-0.009,200.0,-5.3,0,-0.29,0.000,200.0,376.8,1.000,11.3,24.2,37.2,61.6,102.1,152.4,200.0,200.0,200.0,200.0,200.0,200.0,191.7,114.5,64.9,34.8,19.7,12.4,5.6
3490,71.532,0.000,3421.6,216.2,0.0,4,17063,1.000,0.000,-0.000,-0.345,-0.009,200.0,-5.3,0,-0.29,0.000,200.0,376.8,1.000,11.3,24.1,37.2,61.5,102.0,152.2,200.0,200.0,200.0,200.0,200.0,200.0,191.2,114.8,65.1,34.9,19.8,12.4,5.6
3491,71.554,0.000,3422.9,216.8,0.0,4,17090,1.000,0.000,-0.000,-0.343,-0.009,200.0,-5.1,0,-0.29,0.000,200.0,376.8,1.000,11.3,24.1,37.1,61.4,101.8,152.0,200.0,200.0,200.0,200.0,200.0,200.0,190.6,115.2,65.3,35.0,19.8,12.4,5.6
3492,71.576,0.000,3424.2,217.5,0.0,4,17120,1.000,0.000,-0.001,-0.341,-0.009,200.0,-5.0,0,-0.29,0.000,200.0,376.8,1.000,11.3,24.1,37.1,61.3,101.7,151.7,200.0,200.0,200.0,200.0,200.0,200.0,190.0,115.6,65.5,35.1,19.9,12.5,5.6
3493,71.598,0.000,3425.6,218.1,0.0,4,17147,1.000,0.000,-0.001,-0.339,-0.009,200.0,-5.0,0,-0.29,0.000,200.0,376.8,1.000,11.3,24.0,37.0,61.2,101.5,151.6,200.0,200.0,200.0,200.0,200.0,200.0,189.3,115.8,65.7,35.2,20.0,12.5,5.7
3494,71.620,0.000,3426.9,218.7,0.0,4,17168,1.000,0.000,-0.001,-0.337,-0.009,200.0,-5.6,0,-0.29,0.000,200.0,376.8,1.000,11.2,24.0,37.0,61.2,101.5,151.6,200.0,200.0,200.0,200.0,200.0,200.0,188.3,115.9,65.8,35.3,20.0,12.6,5.7
3495,71.642,0.000,3428.2,219.3,0.0,4,17192,1.000,0.000,-0.000,-0.335,-0.009,200.0,-5.7,0,-0.29,0.000,200.0,376.8,1.000,11.2,24.0,36.9,61.1,101.5,151.7,200.0,200.0,200.0,200.0,200.0,200.0,187.3,115.9,65.9,35.4,20.1,12.6,5.7
3496,71.664,0.000,3429.6,219.9,0.0,4,17218,1.000,0.000,-0.000,-0.333,-0.009,200.0,-5.6,0,-0.29,0.000,200.0,376.8,1.000,11.2,23.9,36.9,61.1,101.4,151.7,200.0,200.0,200.0,200.0,200.0,200.0,186.3,116.0,66.0,35.5,20.1,12.6,5.7
3497,71.686,0.000,3430.9,220.5,0.0,4,17246,1.000,0.000,-0.000,-0.331,-0.009,200.0,-5.4,0,-0.29,0.000,200.0,376.8,1.000,11.2,23.9,36.8,61.0,101.3,151.5,200.0,200.0,200.0,200.0,200.0,200.0,185.5,116.3,66.2,35.6,20.2,12.7,5.7
3498,71.708,0.000,3432.3,221.1,0.0,4,17275,1.000,0.000,-0.000,-0.328,-0.009,200.0,-5.4,0,-0.29,0.000,200.0,376.8,1.000,11.2,23.9,36.8,60.9,101.1,151.3,200.0,200.0,200.0,200.0,200.0,200.0,184.7,116.6,66.4,35.7,20.2,12.7,5.8
3499,71.730,0.000,3433.6,221.8,0.0,4,17301,1.000,0.000,-0.001,-0.326,-0.009,200.0,-5.4,0,-0.29,0.000,200.0,376.8,1.000,11.2,23.8,36.7,60.8,101.0,151.0,200.0,200.0,200.0,200.0,200.0,200.0,183.9,117.0,66.6,35.8,20.3,12.8,5.8
3500,71.752,0.000,3435.0,222.4,0.0,4,17318,1.000,0.000,-0.001,-0.324,-0.009,200.0,-6.0,0,-0.29,0.000,200.0,376.8,1.000,11.1,23.8,36.7,60.7,100.9,150.9,200.0,200.0,200.0,200.0,200.0,200.0,182.9,117.2,66.8,35.9,20.4,12.8,5.8
3501,71.774,0.000,3436.3,223.0,0.0,4,17342,1.000,0.000,-0.000,-0.322,-0.009,200.0,-6.0,0,-0.29,0.000,200.0,376.8,1.000,11.1,23.8,36.6,60.7,100.8,150.9,200.0,200.0,200.0,200.0,200.0,199.5,181.9,117.3,66.9,36.0,20.4,12.8,5.8
3502,71.796,0.000,3437.7,223.6,0.0,4,17369,1.000,0.000,-0.000,-0.320,-0.009,200.0,-5.9,0,-0.29,0.000,200.0,376.8,1.000,11.1,23.7,36.6,60.6,100.8,150.9,200.0,200.0,200.0,200.0,200.0,198.2,180.9,117.4,67.0,36.1,20.5,12.9,5.8
3503,71.818,0.000,3439.1,224.2,0.0,4,17397,1.000,0.000,-0.000,-0.318,-0.009,200.0,-5.8,0,-0.30,0.000,200.0,376.8,1.000,11.1,23.7,36.5,60.5,100.6,150.7,200.0,200.0,200.0,200.0,200.0,196.9,179.9,117.7,67.2,36.2,20.5,12.9,5.8
3504,71.840,0.000,3440.5,224.8,0.0,4,17424,1.000,0.000,-0.000,-0.316,-0.009,200.0,-5.8,0,-0.30,0.000,200.0,376.8,1.000,11.1,23.6,36.5,60.4,100.5,150.5,200.0,200.0,200.0,200.0,200.0,195.7,179.0,118.0,67.4,36.3,20.6,12.9,5.9
3505,71.862,0.000,3441.8,225.4,0.0,4,17447,1.000,0.000,-0.000,-0.314,-0.009,200.0,-6.0,0,-0.30,0.000,200.0,376.8,1.000,11.1,23.6,36.4,60.3,100.3,150.3,200.0,200.0,200.0,200.0,200.0,194.5,178.1,118.4,67.6,36.4,20.7,13.0,5.9
3506,71.884,0.000,3443.2,226.0,0.0,4,17465,1.000,0.000,-0.001,-0.312,-0.009,200.0,-6.3,0,-0.30,0.000,200.0,376.8,1.000,11.0,23.6,36.3,60.2,100.2,150.0,200.0,200.0,200.0,200.0,200.0,193.2,177.2,118.8,67.8,36.5,20.7,13.0,5.9
3507,71.906,0.000,3444.6,226.5,0.0,4,17490,1.000,0.000,-0.001,-0.310,-0.009,200.0,-6.3,0,-0.30,0.000,200.0,376.8,1.000,11.0,23.5,36.3,60.2,100.1,149.9,200.0,200.0,200.0,200.0,200.0,191.9,176.1,119.0,67.9,36.6,20.8,13.1,5.9
3508,71.928,0.000,3446.0,227.1,0.0,4,17519,1.000,0.000,-0.000,-0.308,-0.009,200.0,-6.2,0,-0.31,0.000,200.0,376.8,1.000,11.0,23.5,36.3,60.1,100.0,149.9,200.0,200.0,200.0,200.0,198.8,190.6,175.0,119.0,68.0,36.7,20.8,13.1,5.9
3509,71.950,0.000,3447.4,227.7,0.0,4,17546,1.000,0.000,0.000,-0.306,-0.009,200.0,-6.1,0,-0.31,0.000,200.0,376.8,1.000,11.0,23.5,36.2,60.1,99.9,149.9,200.0,200.0,200.0,200.0,197.4,189.2,173.9,119.1,68.1,36.8,20.9,13.1,5.9
3510,71.972,0.000,3448.8,228.3,0.0,4,17572,1.000,0.000,0.000,-0.304,-0.009,200.0,-6.1,0,-0.31,0.000,200.0,376.8,1.000,11.0,23.4,36.2,60.0,99.8,149.7,200.0,200.0,200.0,200.0,196.0,187.9,172.9,119.4,68.3,36.9,20.9,13.2,6.0
3511,71.994,0.000,3450.2,228.9,0.0,4,17588,1.000,0.000,0.000,-0.302,-0.009,200.0,-6.5,0,-0.32,0.000,200.0,376.8,1.000,11.0,23.4,36.1,59.9,99.7,149.5,200.0,200.0,200.0,200.0,194.7,186.7,171.8,119.7,68.5,37.0,21.0,13.2,6.0
3512,72.016,0.000,3451.6,229.5,0.0,4,17611,1.000,0.000,-0.000,-0.300,-0.009,200.0,-6.6,0,-0.32,0.000,200.0,376.8,1.000,10.9,23.4,36.0,59.8,99.5,149.3,200.0,200.0,200.0,200.0,193.4,185.4,170.8,120.1,68.7,37.1,21.1,13.2,6.0
3513,72.038,0.000,3453.0,230.0,0.0,4,17637,1.000,0.000,-0.000,-0.298,-0.009,200.0,-6.6,0,-0.32,0.000,200.0,376.8,1.000,10.9,23.3,36.0,59.7,99.4,149.0,200.0,200.0,200.0,200.0,192.0,184.1,169.8,120.4,68.9,37.2,21.1,13.3,6.0
3514,72.060,0.000,3454.4,230.6,0.0,4,17666,1.000,0.000,-0.000,-0.296,-0.009,200.0,-6.5,0,-0.32,0.000,200.0,376.8,1.000,10.9,23.3,35.9,59.6,99.2,148.8,200.0,200.0,200.0,198.8,190.7,182.9,168.8,120.8,69.1,37.3,21.2,13.3,6.0
3515,72.082,0.000,3455.8,231.2,0.0,4,17691,1.000,0.000,-0.000,-0.294,-0.009,200.0,-6.4,0,-0.33,0.000,200.0,376.8,1.000,10.9,23.3,35.9,59.5,99.0,148.5,200.0,200.0,200.0,197.4,189.3,181.6,167.8,121.2,69.3,37.4,21.2,13.4,6.0
3516,72.104,0.000,3457.2,231.8,0.0,4,17714,1.000,0.000,-0.001,-0.292,-0.009,200.0,-6.6,0,-0.33,0.000,200.0,376.8,1.000,10.9,23.2,35.8,59.4,98.9,148.3,200.0,200.0,200.0,196.0,188.0,180.3,166.7,121.5,69.5,37.5,21.3,13.4,6.1
3517,72.126,0.000,3458.6,232.3,0.0,4,17728,1.000,0.000,-0.000,-0.290,-0.009,200.0,-6.9,0,-0.34,0.000,200.0,376.8,1.000,10.8,23.2,35.8,59.3,98.8,148.2,200.0,200.0,200.0,194.6,186.6,179.0,165.6,121.7,69.7,37.6,21.4,13.4,6.1
3518,72.148,0.000,3460.0,232.9,0.0,4,17757,1.000,0.000,-0.000,-0.288,-0.009,200.0,-6.9,0,-0.34,0.000,200.0,376.8,1.000,10.8,23.2,35.7,59.3,98.7,148.1,200.0,200.0,200.0,193.1,185.2,177.6,164.4,121.9,69.8,37.7,21.4,13.5,6.1
3519,72.170,0.000,3461.5,233.5,0.0,4,17785,1.000,0.000,-0.000,-0.286,-0.009,200.0,-6.8,0,-0.34,0.000,200.0,376.8,1.000,10.8,23.1,35.7,59.2,98.5,147.9,200.0,200.0,200.0,191.6,183.8,176.3,163.3,122.2,70.0,37.8,21.5,13.5,6.1
3520,72.192,0.000,3462.9,234.0,0.0,4,17812,1.000,0.000,-0.000,-0.283,-0.009,198.7,-6.8,0,-0.35,0.000,198.7,376.8,1.000,10.8,23.1,35.6,59.1,98.4,148.0,200.0,200.0,198.7,190.2,182.4,175.0,162.2,122.5,70.2,37.9,21.5,13.5,6.1
3521,72.214,0.000,3464.3,234.6,0.0,4,17836,1.000,0.000,-0.000,-0.281,-0.009,197.2,-6.8,0,-0.35,0.000,197.2,376.8,1.000,10.8,23.0,35.6,59.0,98.2,148.7,200.0,200.0,197.2,188.8,181.0,173.7,161.1,122.9,70.4,38.0,21.6,13.6,6.1
3522,72.236,0.000,3465.8,235.2,0.0,4,17857,1.000,0.000,0.004,-0.279,-0.009,195.7,-7.1,0,-0.48,0.000,195.7,376.8,1.000,10.8,23.0,35.5,58.9,98.1,200.0,200.0,200.0,195.7,187.3,179.7,172.4,160.0,123.2,70.6,38.1,21.7,13.6,6.2
3523,72.258,0.000,3467.2,235.7,0.0,4,17898,1.000,0.000,0.003,-0.277,-0.009,194.4,-7.2,0,-0.48,0.000,194.4,376.8,1.000,10.7,23.0,35.4,58.7,97.7,200.0,200.0,200.0,194.4,186.1,178.4,171.2,159.2,124.2,71.0,38.3,21.7,13.7,6.2
3524,72.280,0.000,3468.6,236.3,-0.0,4,17942,1.000,0.000,0.001,-0.275,-0.009,193.3,-7.1,0,-0.47,0.000,193.3,376.8,1.000,10.7,22.9,35.3,58.5,97.1,200.0,200.0,200.0,193.3,185.0,177.3,170.2,158.4,125.9,71.7,38.5,21.9,13.7,6.2
3525,72.302,0.000,3470.1,236.8,-0.1,4,17988,1.000,0.000,-0.001,-0.273,-0.009,192.1,-7.1,0,-0.47,0.000,192.1,376.8,1.000,10.7,22.8,35.2,58.2,96.6,200.0,200.0,200.0,192.1,183.8,176.2,169.2,157.6,127.4,72.2,38.8,21.9,13.8,6.2
3526,72.324,0.000,3471.5,237.4,-0.1,4,18031,1.000,0.000,-0.002,-0.271,-0.009,190.6,-7.1,0,-0.47,0.000,190.6,376.8,1.000,10.7,22.8,35.1,58.1,96.3,200.0,200.0,199.6,190.6,182.4,174.9,167.9,156.6,128.1,72.6,38.9,22.0,13.8,6.2
3527,72.346,0.000,3473.0,237.9,-0.1,4,18063,1.000,0.000,-0.001,-0.269,-0.009,189.0,-7.3,0,-0.48,0.000,189.0,376.8,1.000,10.7,22.8,35.1,58.0,96.2,200.0,200.0,197.9,189.0,180.9,173.4,166.5,155.3,128.1,72.6,39.0,22.1,13.9,6.3
3528,72.368,0.000,3474.4,238.5,-0.0,4,18100,1.000,0.000,-0.000,-0.266,-0.009,187.3,-7.4,0,-0.49,0.000,187.3,376.8,1.000,10.6,22.7,35.0,58.0,96.3,200.0,200.0,196.1,187.3,179.2,171.9,165.0,153.9,127.8,72.6,39.0,22.1,13.9,6.3
3529,72.390,0.000,3475.9,239.0,0.0,4,18143,1.000,0.000,0.000,-0.264,-0.009,185.7,-7.4,0,-0.49,0.000,185.7,376.8,1.000,10.6,22.7,35.0,58.0,96.3,200.0,200.0,194.4,185.7,177.7,170.4,163.6,152.7,127.7,72.7,39.1,22.2,13.9,6.3
3530,72.412,0.000,3477.4,239.6,0.0,4,18187,1.000,0.000,0.001,-0.262,-0.009,184.1,-7.4,0,-0.50,0.000,184.1,376.8,1.000,10.6,22.7,34.9,57.9,96.2,200.0,200.0,192.8,184.1,176.2,168.9,162.2,151.4,127.9,72.9,39.2,22.2,14.0,6.3
3531,72.434,0.000,3478.8,240.1,0.0,4,18230,1.000,0.000,0.000,-0.260,-0.009,182.6,-7.4,0,-0.50,0.000,182.6,376.8,1.000,10.6,22.6,34.9,57.8,96.0,200.0,200.0,191.2,182.6,174.7,167.5,160.9,150.3,128.4,73.1,39.3,22.3,14.0,6.3
3532,72.456,0.000,3480.3,240.6,0.0,4,18269,1.000,0.000,-0.000,-0.258,-0.009,181.1,-7.4,0,-0.50,0.000,181.1,376.8,1.000,10.6,22.6,34.8,57.7,95.7,200.0,200.0,189.6,181.1,173.3,166.2,159.6,149.2,128.9,73.4,39.5,22.4,14.1,6.4
3533,72.478,0.000,3481.8,241.2,-0.0,4,18300,1.000,0.000,-0.000,-0.255,-0.009,179.6,-7.7,0,-0.51,0.000,179.6,376.8,1.000,10.6,22.5,34.7,57.5,95.5,200.0,200.0,188.0,179.6,171.9,164.8,158.2,148.0,129.0,73.6,39.6,22.5,14.1,6.4
3534,72.500,0.000,3483.2,241.7,-0.0,4,18341,1.000,0.000,-0.000,-0.253,-0.009,178.0,-7.7,0,-0.51,0.000,178.0,376.8,1.000,10.5,22.5,34.7,57.4,95.4,200.0,199.6,186.4,178.0,170.4,163.4,156.9,146.8,128.8,73.9,39.7,22.5,14.1,6.4
3535,72.522,0.000,3484.7,242.3,-0.0,4,18383,1.000,0.000,-0.001,-0.251,-0.009,176.5,-7.7,0,-0.51,0.000,176.5,376.8,1.000,10.5,22.5,34.6,57.3,95.2,200.0,197.9,184.8,176.5,168.9,162.0,155.5,145.6,128.4,74.1,39.8,22.6,14.2,6.4
3536,72.544,0.000,3486.2,242.8,-0.0,4,18425,1.000,0.000,-0.000,-0.249,-0.009,174.9,-7.7,0,-0.52,0.000,174.9,376.8,1.000,10.5,22.4,34.6,57.2,95.1,200.0,196.1,183.2,174.9,167.4,160.5,154.1,144.4,127.8,74.3,39.9,22.7,14.2,6.4
3537,72.566,0.000,3487.7,243.3,0.0,4,18466,1.000,0.000,-0.000,-0.246,-0.009,173.3,-7.7,0,-0.52,0.000,173.3,376.8,1.000,10.5,22.4,34.5,57.2,95.0,200.0,194.3,181.5,173.3,165.9,159.0,152.7,143.1,127.1,74.4,40.0,22.7,14.3,6.5
3538,72.588,0.000,3489.2,243.8,0.0,4,18496,1.000,0.000,-0.000,-0.244,-0.009,171.7,-7.9,0,-0.52,0.000,171.7,376.8,1.000,10.5,22.3,34.4,57.1,94.8,200.0,192.5,179.8,171.7,164.3,157.6,151.3,141.9,126.4,74.6,40.2,22.8,14.3,6.5
3539,72.610,0.000,3490.7,244.4,0.0,4,18536,1.000,0.000,-0.000,-0.242,-0.009,170.2,-8.0,0,-0.53,0.000,170.2,376.8,1.000,10.4,22.3,34.4,57.0,94.7,200.0,190.8,178.2,170.2,162.8,156.1,150.0,140.6,125.7,74.8,40.3,22.8,14.3,6.5
3540,72.632,0.000,3492.2,244.9,0.0,4,18576,1.000,0.000,-0.000,-0.240,-0.009,168.6,-8.0,0,-0.53,0.000,168.6,376.8,1.000,10.4,22.3,34.3,56.9,94.5,200.0,189.0,176.5,168.6,161.4,154.7,148.6,139.4,125.0,75.1,40.4,22.9,14.4,6.5
3541,72.654,0.000,3493.7,245.4,0.0,4,18618,1.000,0.000,-0.150,-0.237,-0.009,167.0,-7.9,0,-0.54,-0.850,167.0,376.8,1.000,10.4,22.2,34.3,56.8,94.3,200.0,187.3,174.9,167.0,159.9,153.3,147.2,138.2,124.2,75.3,40.5,23.0,14.4,6.5
3542,72.676,0.000,3495.2,245.9,-0.1,4,18660,1.000,0.000,-0.127,-0.236,-0.005,161.7,-7.4,0,-0.60,-0.850,161.7,373.0,1.000,10.4,22.5,34.9,58.7,99.8,196.3,180.8,169.2,161.7,154.9,148.7,142.8,133.2,116.5,70.3,39.1,22.5,14.3,6.5
3543,72.698,0.000,3496.7,246.4,1.2,4,18701,1.000,0.000,-0.054,-0.235,0.007,151.6,-7.4,0,-1.16,-0.850,156.6,376.8,1.000,10.6,23.2,36.8,64.3,200.0,181.9,168.4,158.2,151.6,145.6,139.6,132.8,120.2,91.2,60.0,35.7,21.4,13.8,6.4
3544,72.720,0.000,3498.2,246.9,2.7,4,18745,1.000,0.000,0.005,-0.236,0.017,142.8,-7.5,0,-1.37,-0.850,155.1,374.2,1.000,10.7,24.0,38.9,70.9,197.5,169.6,157.7,148.6,142.8,136.7,129.8,121.0,97.3,75.1,52.6,32.9,20.4,13.4,6.4
3545,72.742,0.000,3499.7,247.4,3.2,4,18776,1.000,0.000,0.033,-0.238,0.023,137.7,-7.7,0,-1.45,-0.850,153.4,365.3,1.000,10.8,24.4,40.0,74.9,189.1,163.1,152.0,143.5,137.7,131.2,123.5,112.6,87.2,68.9,49.5,31.7,19.9,13.2,6.3
3546,72.764,0.000,3501.2,247.9,2.6,4,18804,1.000,0.000,0.030,-0.241,0.022,136.6,-8.0,0,-1.44,-0.850,151.8,363.9,1.000,10.8,24.4,40.0,74.6,187.7,161.8,150.8,142.3,136.6,130.3,122.9,112.7,87.9,69.3,49.6,31.7,19.8,13.2,6.3
3547,72.786,0.000,3502.7,248.4,1.4,4,18839,1.000,0.000,0.011,-0.244,0.018,137.5,-8.2,0,-1.39,-0.850,150.1,366.3,1.000,10.8,24.2,39.3,72.1,190.0,163.2,151.9,143.2,137.5,131.6,124.8,116.4,94.3,73.1,51.4,32.4,20.1,13.2,6.3
3548,72.808,0.000,3504.2,248.9,0.4,4,18870,1.000,0.000,-0.007,-0.247,0.015,138.2,-8.4,0,-1.33,-0.850,148.5,368.5,1.000,10.7,24.0,38.7,70.0,192.0,164.5,152.8,143.9,138.2,132.5,126.2,118.8,101.1,77.1,53.3,33.0,20.3,13.3,6.3
3549,72.830,0.000,3505.8,249.4,-0.1,4,18905,1.000,0.000,-0.015,-0.251,0.013,137.5,-8.5,0,-1.31,-0.850,146.8,368.1,1.000,10.8,24.0,38.6,69.2,191.7,163.9,152.2,143.3,137.5,132.0,125.9,118.9,104.0,78.7,54.0,33.2,20.3,13.3,6.3
3550,72.852,0.000,3507.3,249.9,-0.2,4,18942,1.000,0.000,-0.012,-0.255,0.014,135.7,-8.5,0,-1.32,-0.850,145.1,365.2,1.000,10.8,24.1,38.7,69.7,189.0,161.7,150.1,141.3,135.7,130.2,124.2,117.2,102.6,77.8,53.5,33.0,20.2,13.2,6.2
3551,72.874,0.000,3508.8,250.4,0.0,4,18979,1.000,0.000,-0.005,-0.258,0.015,133.3,-8.6,0,-1.35,-0.850,143.4,361.1,1.000,10.8,24.3,39.1,70.7,185.2,158.6,147.4,138.8,133.3,127.8,121.8,114.7,99.2,75.7,52.4,32.5,20.0,13.1,6.2
3552,72.896,0.000,3510.3,250.9,0.2,4,19016,1.000,0.000,0.002,-0.262,0.016,131.0,-8.6,0,-1.37,-0.850,141.6,357.3,1.000,10.9,24.4,39.5,71.7,181.6,155.7,144.8,136.4,131.0,125.5,119.4,112.3,96.2,73.8,51.4,32.1,19.8,13.0,6.2
3553,72.918,0.000,3511.9,251.4,0.3,4,19048,1.000,0.000,0.005,-0.266,0.017,129.1,-8.7,0,-1.38,-0.850,139.9,354.3,1.000,10.9,24.5,39.7,72.2,178.9,153.5,142.7,134.5,129.1,123.7,117.7,110.6,94.8,72.9,50.9,31.8,19.6,12.9,6.1
3554,72.940,0.000,3513.4,251.9,0.2,4,19081,1.000,0.000,0.004,-0.270,0.017,127.7,-8.8,0,-1.38,-0.850,138.2,352.2,1.000,11.0,24.6,39.8,72.3,177.0,151.8,141.1,133.0,127.7,122.3,116.4,109.5,94.7,72.8,50.7,31.7,19.5,12.8,6.1
3555,72.962,0.000,3515.0,252.4,0.1,4,19116,1.000,0.000,0.002,-0.274,0.016,126.4,-8.9,0,-1.38,-0.850,136.5,350.4,1.000,11.0,24.6,39.8,72.2,175.4,150.3,139.7,131.6,126.4,121.2,115.4,108.7,95.2,73.0,50.8,31.6,19.5,12.8,6.1
3556,72.984,0.000,3516.5,252.8,-0.0,4,19151,1.000,0.000,-0.000,-0.278,0.016,125.1,-8.9,0,-1.37,-0.850,134.8,348.6,1.000,11.0,24.7,39.8,72.0,173.7,148.9,138.3,130.3,125.1,119.9,114.3,107.8,95.2,73.3,50.8,31.6,19.4,12.7,6.0
3557,73.006,0.000,3518.1,253.3,-0.1,4,19185,1.000,0.000,-0.001,-0.282,0.015,123.7,-9.0,0,-1.37,-0.850,133.0,346.5,1.000,11.1,24.7,39.9,72.1,171.8,147.2,136.8,128.8,123.7,118.6,113.0,106.6,94.7,73.2,50.7,31.4,19.3,12.7,6.0
3558,73.028,0.000,3519.6,253.8,-0.1,4,19216,1.000,0.000,-0.001,-0.286,0.015,122.1,-9.1,0,-1.38,-0.850,131.3,344.0,1.000,11.1,24.8,40.0,72.3,169.6,145.3,135.0,127.1,122.1,117.0,111.5,105.3,93.9,72.9,50.5,31.3,19.2,12.6,6.0
3559,73.050,0.000,3521.2,254.2,-0.1,4,19249,1.000,0.000,0.000,-0.290,0.015,120.4,-9.2,0,-1.39,-0.850,129.5,341.3,1.000,11.1,24.9,40.1,72.5,167.3,143.3,133.2,125.4,120.4,115.4,110.0,103.9,92.8,72.3,50.1,31.1,19.1,12.5,5.9
3560,73.072,0.000,3522.7,254.7,-0.0,4,19282,1.000,0.000,0.001,-0.294,0.015,118.7,-9.3,0,-1.40,-0.850,127.8,338.7,1.000,11.2,25.0,40.3,72.8,164.9,141.3,131.3,123.7,118.7,113.8,108.5,102.5,91.7,71.8,49.8,30.9,19.0,12.5,5.9
3561,73.094,0.000,3524.3,255.1,-0.0,4,19315,1.000,0.000,0.002,-0.298,0.015,117.1,-9.3,0,-1.40,-0.850,126.1,336.1,1.000,11.2,25.0,40.4,73.1,162.7,139.4,129.5,122.0,117.1,112.3,107.0,101.1,90.7,71.4,49.5,30.7,18.9,12.4,5.9
3562,73.116,0.000,3525.8,255.6,-0.0,4,19347,1.000,0.000,0.002,-0.302,0.015,115.6,-9.4,0,-1.41,-0.850,124.3,333.6,1.000,11.2,25.1,40.5,73.2,160.6,137.5,127.8,120.4,115.6,110.8,105.6,99.8,89.8,71.2,49.3,30.6,18.8,12.3,5.8
3563,73.138,0.000,3527.4,256.0,-0.0,4,19378,1.000,0.000,0.002,-0.306,0.015,114.1,-9.5,0,-1.41,-0.850,122.6,331.2,1.000,11.3,25.2,40.6,73.3,158.5,135.8,126.1,118.8,114.1,109.3,104.3,98.6,89.0,71.0,49.1,30.4,18.7,12.3,5.8
3564,73.160,0.000,3529.0,256.5,-0.1,4,19409,1.000,0.000,0.001,-0.310,0.015,112.6,-9.5,0,-1.42,-0.850,120.8,328.9,1.000,11.3,25.2,40.6,73.3,156.5,134.0,124.5,117.3,112.6,107.9,102.9,97.4,88.1,71.0,49.0,30.3,18.6,12.2,5.8
3565,73.182,0.000,3530.5,256.9,-0.1,4,19441,1.000,0.000,0.000,-0.314,0.015,111.0,-9.6,0,-1.42,-0.850,119.1,326.4,1.000,11.3,25.3,40.7,73.4,154.5,132.2,122.8,115.7,111.0,106.5,101.6,96.2,87.2,70.8,48.9,30.2,18.5,12.1,5.7
3566,73.204,0.000,3532.1,257.4,-0.1,4,19472,1.000,0.000,0.001,-0.318,0.014,109.5,-9.7,0,-1.43,-0.850,117.3,323.8,1.000,11.3,25.4,40.8,73.5,152.3,130.4,121.1,114.0,109.5,105.0,100.1,94.9,86.2,70.5,48.6,30.1,18.4,12.1,5.7
3567,73.226,0.000,3533.7,257.8,-0.1,4,19502,1.000,0.000,0.001,-0.322,0.014,107.9,-9.7,0,-1.44,-0.850,115.6,321.2,1.000,11.4,25.4,40.9,73.7,150.1,128.5,119.3,112.4,107.9,103.4,98.7,93.5,85.1,70.2,48.4,29.9,18.3,12.0,5.7
3568,73.248,0.000,3535.2,257.6,-0.1,5,17470,1.000,0.000,0.001,-0.326,0.014,106.3,-19.0,0,-1.45,-0.850,113.8,318.5,1.000,11.4,25.5,41.0,73.8,147.9,126.6,117.6,110.7,106.3,101.9,97.2,92.2,84.0,70.0,48.2,29.8,18.2,11.9,5.6
3569,73.270,0.000,3536.8,257.7,-0.1,5,17656,1.000,0.000,0.001,-0.329,0.014,104.7,-10.3,0,-1.46,-0.850,112.0,315.8,1.000,11.4,25.6,41.1,74.1,145.7,124.7,115.8,109.0,104.7,100.4,95.8,90.8,82.9,69.7,48.0,29.6,18.1,11.9,5.6
3570,73.292,0.000,3538.4,258.1,-0.1,5,17663,1.000,0.000,0.002,-0.333,0.014,103.1,-10.2,0,-1.47,-0.850,110.3,313.2,1.000,11.5,25.6,41.2,74.6,143.6,122.8,114.1,107.4,103.1,98.9,94.4,89.5,81.8,69.5,47.8,29.5,18.1,11.8,5.6
3571,73.314,0.000,3540.0,258.5,-0.1,5,17674,1.000,0.000,0.002,-0.337,0.014,101.5,-10.3,0,-1.49,-0.850,108.5,310.5,1.000,11.5,25.7,41.3,75.6,141.4,121.0,112.4,105.8,101.5,97.4,92.9,88.2,80.8,69.3,47.6,29.3,18.0,11.7,5.6
3572,73.336,0.000,3541.6,258.9,-0.1,5,17686,1.000,0.000,0.002,-0.341,0.014,100.0,-10.4,0,-1.51,-0.850,106.8,307.9,1.000,11.5,25.7,41.3,77.4,139.4,119.2,110.7,104.2,100.0,95.9,91.6,86.9,79.7,69.0,47.5,29.2,17.9,11.7,5.5
3573,73.358,0.000,3543.1,259.2,-0.1,5,17699,1.000,0.000,0.133,-0.344,0.013,98.5,-10.4,0,-2.79,-0.470,105.0,376.8,1.000,11.6,25.8,41.4,200.0,137.3,117.4,109.0,102.6,98.5,94.4,90.2,85.7,78.7,68.6,47.4,29.1,17.8,11.6,5.5
3574,73.380,0.000,3544.7,259.6,-0.1,5,17713,1.000,0.000,0.066,-0.347,0.009,99.0,-10.0,0,-1.46,-0.470,103.2,307.7,1.000,11.5,25.5,40.5,74.6,139.2,118.5,109.8,103.2,99.0,95.0,90.9,86.7,80.2,71.4,50.0,30.0,18.1,11.7,5.5
3575,73.402,0.000,3546.3,259.9,-1.4,5,17730,1.000,0.000,0.018,-0.349,-0.001,101.7,-10.2,0,-1.32,-0.470,101.7,316.0,1.000,11.4,24.8,38.8,66.6,145.9,122.9,113.4,106.3,101.7,97.5,93.6,89.6,83.7,76.2,56.4,32.2,18.8,12.0,5.5
3576,73.424,0.000,3547.9,260.3,-2.3,5,17742,1.000,0.000,-0.014,-0.350,-0.007,103.3,-10.2,0,-1.26,-0.470,103.3,321.4,1.000,11.4,24.4,37.8,63.1,150.3,125.7,115.6,108.1,103.3,98.9,94.8,91.0,85.4,78.5,61.9,33.9,19.4,12.2,5.6
3577,73.446,0.000,3549.5,260.6,-2.2,5,17752,1.000,0.000,-0.021,-0.351,-0.008,102.4,-10.4,0,-1.25,-0.470,102.4,320.5,1.000,11.4,24.3,37.5,62.4,149.6,124.8,114.7,107.2,102.4,98.0,94.0,90.2,84.8,78.1,62.8,34.3,19.5,12.3,5.6
3578,73.468,0.000,3551.1,261.0,-1.4,5,17765,1.000,0.000,-0.012,-0.350,-0.007,99.7,-10.5,0,-1.28,-0.470,99.7,314.9,1.000,11.4,24.4,37.8,64.1,145.1,121.3,111.6,104.4,99.7,95.5,91.6,87.9,82.6,76.0,61.1,33.8,19.4,12.2,5.5
3579,73.490,0.000,3552.7,261.4,-0.6,5,17779,1.000,0.000,0.001,-0.350,-0.004,96.8,-10.6,0,-1.33,-0.470,96.8,308.4,1.000,11.4,24.6,38.2,67.9,139.9,117.4,108.2,101.2,96.8,92.7,89.0,85.4,80.1,73.6,59.0,33.1,19.1,12.1,5.5
3580,73.512,0.000,3554.3,261.7,-0.1,5,17792,1.000,0.000,0.058,-0.349,-0.003,94.4,-10.6,0,-2.75,-0.470,94.4,376.6,1.000,11.4,24.7,38.5,200.0,136.0,114.3,105.4,98.7,94.4,90.4,86.8,83.3,78.1,71.7,57.6,32.7,19.0,12.1,5.5
3581,73.534,0.000,3555.9,262.1,0.1,5,17804,1.000,0.000,0.047,-0.348,-0.005,93.7,-10.6,0,-2.75,-0.470,93.7,376.6,1.000,11.4,24.5,38.1,200.0,135.7,113.8,104.8,98.0,93.7,89.8,86.1,82.7,77.6,71.6,58.5,33.4,19.2,12.2,5.6
3582,73.556,0.000,3557.5,262.4,-0.6,5,17819,1.000,0.000,0.020,-0.347,-0.010,94.5,-10.6,0,-2.71,-0.470,94.5,376.6,1.000,11.3,24.1,37.1,200.0,138.6,115.5,106.1,99.0,94.5,90.5,86.7,83.3,78.4,72.7,60.7,35.0,19.8,12.4,5.6
3583,73.578,0.000,3559.1,262.8,-1.3,5,17839,1.000,0.000,-0.053,-0.345,-0.015,95.1,-10.6,0,-1.27,-0.470,95.1,309.6,1.000,11.2,23.8,36.3,64.4,141.0,116.8,107.0,99.7,95.1,90.9,87.0,83.5,78.8,73.3,62.1,36.6,20.3,12.6,5.6
3584,73.600,0.000,3560.7,263.2,-1.4,5,17859,1.000,0.000,-0.002,-0.342,-0.014,93.1,-10.7,0,-2.72,-0.470,93.1,376.5,1.000,11.2,23.8,36.3,200.0,138.0,114.3,104.8,97.6,93.1,89.0,85.3,81.8,77.2,71.9,61.1,36.6,20.3,12.6,5.7
3585,73.622,0.000,3562.3,263.5,-0.4,5,17880,1.000,0.000,0.013,-0.339,-0.011,90.1,-10.8,0,-2.81,-0.470,90.1,376.5,1.000,11.2,23.9,36.7,200.0,132.5,110.2,101.2,94.4,90.1,86.2,82.6,79.3,74.8,69.5,59.0,35.8,20.1,12.6,5.7
3586,73.644,0.000,3563.9,263.9,-0.0,5,17903,1.000,0.000,0.016,-0.337,-0.011,88.1,-10.8,0,-2.86,-0.470,88.1,376.5,1.000,11.2,23.9,36.7,200.0,129.5,107.7,98.9,92.3,88.1,84.3,80.8,77.6,73.2,68.1,58.0,35.8,20.2,12.6,5.7
3587,73.666,0.000,3565.5,264.2,-0.1,5,17926,1.000,0.000,0.010,-0.334,-0.012,86.9,-10.9,0,-2.89,-0.470,86.9,376.5,1.000,11.2,23.8,36.5,200.0,128.1,106.4,97.6,91.1,86.9,83.1,79.7,76.5,72.2,67.2,57.5,36.3,20.4,12.7,5.7
3588,73.688,0.000,3567.2,264.6,-0.3,5,17953,1.000,0.000,0.001,-0.331,-0.013,85.9,-10.8,0,-2.91,-0.470,85.9,376.2,1.000,11.1,23.6,36.1,200.0,127.0,105.4,96.6,90.0,85.9,82.1,78.7,75.5,71.3,66.5,57.2,37.0,20.6,12.8,5.8
3589,73.710,0.000,3568.8,264.9,-0.4,5,17975,1.000,0.000,0.011,-0.327,-0.014,84.6,-10.9,0,-2.94,-0.440,84.6,376.2,1.000,11.1,23.5,35.9,200.0,125.4,103.9,95.2,88.7,84.6,80.9,77.4,74.3,70.2,65.6,56.6,37.5,20.8,12.9,5.8
3590,73.732,0.000,3570.4,265.3,-0.4,5,17997,1.000,0.000,0.025,-0.324,-0.015,83.3,-10.9,0,-2.98,-0.403,83.3,376.3,1.000,11.1,23.4,35.7,200.0,123.7,102.3,93.7,87.3,83.3,79.6,76.2,73.1,69.1,64.6,55.9,37.9,21.0,13.0,5.8
3591,73.754,0.000,3572.0,265.6,-0.4,5,18019,1.000,0.000,0.033,-0.320,-0.017,82.4,-11.0,0,-2.99,-0.365,82.4,376.2,1.000,11.0,23.2,35.3,200.0,123.0,101.5,92.9,86.5,82.4,78.7,75.3,72.2,68.3,63.9,55.6,38.7,21.3,13.2,5.9
3592,73.776,0.000,3573.6,266.0,-0.7,5,18045,1.000,0.000,0.033,-0.315,-0.020,82.1,-10.9,0,-2.99,-0.329,82.1,376.2,1.000,10.9,22.9,34.7,200.0,123.6,101.5,92.7,86.2,82.1,78.3,74.9,71.8,67.9,63.6,55.6,39.6,21.8,13.4,5.9
3593,73.798,0.000,3575.3,266.3,-1.0,5,18070,1.000,0.000,0.030,-0.310,-0.024,82.1,-10.9,0,-2.98,-0.292,82.1,376.0,1.000,10.9,22.6,34.0,200.0,125.0,102.1,93.0,86.3,82.1,78.3,74.8,71.6,67.6,63.4,55.7,40.5,22.4,13.7,6.0
3594,73.820,0.000,3576.9,266.6,-1.3,5,18091,1.000,0.000,0.025,-0.305,-0.028,82.1,-10.9,0,-2.97,-0.257,82.1,376.0,1.000,10.8,22.3,33.3,200.0,126.6,102.7,93.4,86.5,82.1,78.2,74.7,71.5,67.4,63.2,55.7,41.3,23.1,13.9,6.1
3595,73.842,0.000,3578.5,267.0,-1.5,5,18112,1.000,0.000,0.022,-0.298,-0.031,82.0,-11.0,0,-2.96,-0.222,82.0,376.1,1.000,10.7,21.9,32.7,200.0,127.9,103.1,93.5,86.4,82.0,78.0,74.4,71.1,67.0,62.9,55.6,41.7,23.8,14.2,6.2
3596,73.864,0.000,3580.2,267.3,-1.5,5,18133,1.000,0.000,0.022,-0.291,-0.034,81.6,-11.0,0,-2.97,-0.187,81.6,376.0,1.000,10.6,21.7,32.3,200.0,128.4,103.0,93.2,86.0,81.6,77.6,73.9,70.6,66.5,62.3,55.2,41.9,24.4,14.5,6.2
3597,73.886,0.000,3581.8,267.6,-1.4,5,18160,1.000,0.000,0.024,-0.283,-0.036,81.0,-11.0,0,-2.99,-0.152,81.0,375.9,1.000,10.5,21.4,31.9,200.0,128.5,102.6,92.7,85.5,81.0,76.9,73.3,69.9,65.8,61.6,54.7,41.9,25.0,14.8,6.3
3598,73.908,0.000,3583.4,268.0,-1.3,5,18181,1.000,0.000,0.025,-0.274,-0.039,80.4,-11.0,0,-3.00,-0.117,80.4,375.7,1.000,10.4,21.1,31.5,200.0,128.8,102.3,92.2,84.9,80.4,76.3,72.6,69.3,65.1,60.9,54.2,41.9,25.7,15.1,6.4
3599,73.930,0.000,3585.1,268.3,-1.3,5,18202,1.000,0.000,0.023,-0.264,-0.041,79.9,-11.1,0,-3.01,-0.085,79.9,375.8,1.000,10.3,20.8,31.2,200.0,129.2,102.1,91.9,84.5,79.9,75.8,72.1,68.7,64.5,60.3,53.7,41.8,26.3,15.4,6.5
3600,73.952,0.000,3586.7,268.6,-1.3,5,18222,1.000,0.000,0.022,-0.254,-0.044,79.4,-11.2,0,-3.02,-0.052,79.4,375.9,1.000,10.2,20.5,30.9,200.0,129.7,102.0,91.5,84.0,79.4,75.2,71.5,68.1,63.9,59.7,53.1,41.6,26.8,15.8,6.6
3601,73.974,0.000,3588.3,269.0,-1.2,5,18242,1.000,0.000,0.021,-0.243,-0.046,78.8,-11.2,0,-3.04,-0.020,78.8,375.8,1.000,10.1,20.2,30.7,200.0,130.1,101.7,91.1,83.5,78.8,74.6,70.9,67.5,63.2,59.0,52.5,41.4,27.1,16.1,6.7
3602,73.996,0.000,3590.0,269.3,-1.2,5,18271,1.000,0.000,0.030,-0.231,-0.049,78.2,-11.1,0,-3.06,0.018,78.2,375.5,1.000,10.0,19.9,30.6,200.0,130.4,101.3,90.6,82.9,78.2,74.0,70.2,66.8,62.6,58.3,51.8,41.1,27.4,16.5,6.9
3603,74.018,0.000,3591.6,269.6,-1.2,5,18291,1.000,0.000,0.034,-0.218,-0.051,77.8,-11.2,0,-3.08,0.050,77.8,375.4,1.000,9.8,19.6,30.4,200.0,131.3,101.4,90.4,82.6,77.8,73.5,69.7,66.3,62.0,57.8,51.2,40.8,27.6,17.0,7.0
3604,74.040,0.000,3593.3,270.0,-1.3,5,18311,1.000,0.000,0.027,-0.205,-0.055,77.8,-11.2,0,-3.08,0.066,77.8,375.6,1.000,9.7,19.2,30.2,200.0,133.5,102.1,90.8,82.7,77.8,73.4,69.6,66.1,61.7,57.4,50.8,40.7,27.9,17.4,7.1
3605,74.062,0.000,3594.9,270.3,-1.5,5,18331,1.000,0.000,0.014,-0.191,-0.058,77.9,-11.3,0,-3.08,0.073,77.9,375.6,1.000,9.6,18.9,30.1,200.0,136.0,103.0,91.2,82.9,77.9,73.4,69.4,65.9,61.5,57.1,50.4,40.5,28.0,17.8,7.3
3606,74.084,0.000,3596.6,270.6,-1.5,5,18351,1.000,0.000,0.003,-0.176,-0.061,77.4,-11.4,0,-3.10,0.075,77.4,375.6,1.000,9.4,18.7,30.2,200.0,137.0,102.9,90.9,82.5,77.4,72.9,68.9,65.3,60.8,56.5,49.8,40.0,28.0,18.1,7.5
3607,74.106,0.000,3598.2,270.9,-1.3,5,18378,1.000,0.000,-0.003,-0.161,-0.062,76.1,-11.3,0,-3.15,0.074,76.1,375.1,1.000,9.3,18.6,30.8,200.0,135.6,101.5,89.5,81.2,76.1,71.6,67.7,64.1,59.8,55.4,48.9,39.3,27.8,18.3,7.6
3608,74.128,0.000,3599.9,271.3,-0.9,5,18396,1.000,0.000,-0.005,-0.145,-0.062,74.2,-11.4,0,-3.22,0.070,74.2,375.2,1.000,9.2,18.6,31.9,200.0,132.1,99.0,87.3,79.2,74.2,69.9,66.0,62.6,58.3,54.1,47.7,38.4,27.5,18.3,7.7
3609,74.150,0.000,3601.5,271.6,-0.5,5,18415,1.000,0.000,-0.005,-0.129,-0.061,72.0,-11.5,0,-3.31,0.064,72.0,375.4,1.000,9.0,18.6,33.7,200.0,127.6,95.8,84.6,76.8,72.0,67.8,64.1,60.8,56.6,52.6,46.3,37.5,27.0,18.2,7.9
3610,74.172,0.000,3603.2,271.9,-0.2,5,18436,1.000,0.000,-0.004,-0.112,-0.060,69.8,-11.6,0,-3.41,0.058,69.8,374.8,1.000,8.9,18.8,36.9,200.0,122.9,92.6,81.9,74.3,69.8,65.7,62.1,58.9,54.9,51.0,45.0,36.4,26.5,18.1,8.0
3611,74.194,0.000,3604.8,272.2,-0.0,5,18475,1.000,0.000,-0.004,-0.096,-0.059,67.6,-11.2,0,-3.53,0.052,67.6,373.8,1.000,8.8,19.0,41.6,200.0,118.5,89.5,79.2,72.0,67.6,63.7,60.2,57.1,53.3,49.5,43.7,35.4,26.0,18.0,8.1
3612,74.216,0.000,3606.5,272.6,0.1,5,18497,1.000,0.000,-0.005,-0.079,-0.058,65.5,-11.1,0,-3.66,0.046,65.5,372.2,1.000,8.7,19.3,46.4,200.0,114.4,86.6,76.7,69.7,65.5,61.7,58.4,55.4,51.7,48.0,42.4,34.4,25.4,17.8,8.2
3613,74.238,0.000,3608.2,272.9,0.2,5,18512,0.000,0.723,-0.006,-0.063,-0.058,63.4,-11.2,0,-3.80,0.040,63.4,255.7,0.000,8.7,19.7,51.3,200.0,110.4,83.8,74.2,67.5,63.4,59.8,56.6,53.7,50.1,46.6,41.1,33.4,24.9,17.6,8.3
3614,0.018,74.242,1.4,271.4,0.3,5,17747,0.000,1.000,0.094,-0.049,-0.048,61.4,5.7,0,-3.95,0.143,61.4,240.6,0.000,8.7,20.2,56.3,200.0,106.5,81.0,71.8,65.3,61.4,57.9,54.8,52.0,48.5,45.1,39.9,32.4,24.3,17.3,8.3
3615,0.040,74.242,3.0,268.7,0.3,5,17169,0.000,1.000,0.174,-0.037,-0.039,60.2,28.1,0,-4.06,0.205,60.2,224.8,0.000,8.6,20.7,59.3,200.0,105.1,79.6,70.5,64.1,60.2,56.7,53.7,50.9,47.5,44.1,39.0,31.6,23.8,17.1,8.3
3616,0.062,74.242,4.7,265.2,-0.4,5,16894,0.000,1.000,0.214,-0.027,-0.033,60.8,42.7,0,-4.03,0.233,60.8,232.2,0.000,8.6,20.9,58.1,200.0,109.5,81.5,71.7,64.9,60.8,57.2,54.0,51.1,47.6,44.1,38.8,31.4,23.6,17.0,8.4
3617,0.084,74.242,6.3,261.0,-1.9,5,16730,0.205,0.000,0.213,-0.020,-0.033,63.8,44.9,0,-3.86,0.233,63.8,352.6,0.205,8.5,20.7,53.2,200.0,122.9,87.9,76.4,68.5,63.8,59.7,56.1,53.0,49.1,45.3,39.6,31.7,23.7,17.1,8.4
3618,0.106,74.242,7.8,257.7,-3.3,5,16923,0.255,0.000,0.135,-0.013,-0.038,70.3,-2.8,0,-3.59,0.139,70.3,370.7,0.255,8.4,20.2,46.8,200.0,154.8,102.2,86.5,76.3,70.3,65.3,60.9,57.1,52.4,48.0,41.5,32.7,24.2,17.4,8.5
3619,0.128,74.242,9.4,256.5,-5.3,5,17058,0.305,0.000,0.005,-0.007,-0.049,84.3,-17.4,0,-3.19,0.016,84.3,376.8,0.305,8.3,19.2,39.7,200.0,193.3,136.8,109.5,93.3,84.3,76.9,70.8,65.5,59.3,53.6,45.4,34.8,25.1,18.0,8.7
3620,0.150,74.242,11.0,255.7,-7.1,5,17059,0.355,0.000,-0.074,0.000,-0.055,101.0,-18.2,0,-2.13,0.005,101.0,376.8,0.355,8.2,18.5,35.9,114.8,200.0,181.5,140.9,114.5,101.0,90.4,81.8,74.7,66.6,59.3,49.1,36.7,25.9,18.4,8.8
3621,0.172,74.242,12.5,255.1,-6.3,5,17030,0.405,0.000,-0.078,0.007,-0.047,101.7,-18.2,0,-2.12,-0.037,101.7,376.8,0.405,8.2,19.0,36.6,113.0,200.0,181.9,143.5,115.7,101.7,90.7,81.8,74.6,66.3,58.9,48.7,36.2,25.5,18.1,8.8
3622,0.194,74.242,14.1,254.4,-3.3,5,16995,0.455,0.000,-0.032,0.012,-0.028,88.1,-18.0,0,-2.66,-0.133,88.1,370.8,0.455,8.3,20.3,40.7,150.3,194.2,154.6,118.8,98.7,88.1,79.6,72.6,66.7,59.9,53.6,44.9,33.9,24.2,17.4,8.7
3623,0.216,74.242,15.6,253.8,-0.5,5,16958,0.505,0.000,0.019,0.015,-0.008,76.7,-17.8,0,-3.47,-0.252,76.7,376.8,0.505,8.5,21.9,45.9,200.0,184.6,124.1,99.5,84.7,76.7,70.0,64.4,59.6,54.0,48.8,41.3,31.7,22.9,16.7,8.5
3624,0.238,74.242,17.2,253.2,0.9,5,16919,0.555,0.000,0.013,0.016,0.007,71.2,-17.5,0,-3.67,-0.400,77.0,376.8,0.555,8.6,23.0,49.5,200.0,177.6,111.8,91.0,78.3,71.2,65.3,60.3,56.0,50.9,46.2,39.3,30.3,22.1,16.1,8.4
3625,0.260,74.242,18.7,252.5,0.9,5,16880,0.605,0.000,0.023,0.013,0.018,69.3,-17.4,0,-3.76,-0.470,85.1,376.8,0.605,8.7,23.7,51.2,200.0,174.9,108.5,88.5,76.2,69.3,63.6,58.7,54.5,49.6,45.0,38.3,29.6,21.6,15.8,8.3
3626,0.282,74.242,20.3,251.9,0.5,5,16840,0.655,0.000,0.059,0.008,0.026,68.9,-17.4,0,-3.79,-0.470,95.7,376.8,0.655,8.8,24.3,51.8,200.0,174.8,109.2,88.5,75.9,68.9,63.1,58.2,54.0,49.1,44.5,37.8,29.1,21.2,15.5,8.2
3627,0.304,74.242,21.8,251.3,-0.1,5,16801,0.705,0.000,0.080,0.001,0.031,70.9,-17.3,0,-3.73,-0.470,109.3,376.8,0.705,9.0,24.4,51.0,200.0,177.4,115.8,92.3,78.5,70.9,64.6,59.4,54.9,49.7,44.9,37.9,29.0,21.0,15.2,8.1
3628,0.326,74.242,23.4,250.6,-1.0,5,16762,0.755,0.000,0.081,-0.008,0.033,76.2,-17.2,0,-3.55,-0.470,128.4,376.8,0.755,9.1,24.2,48.7,200.0,181.9,133.0,102.4,85.2,76.2,68.8,62.8,57.7,51.9,46.5,38.9,29.4,21.0,15.2,8.0
3629,0.348,74.242,24.9,249.9,-2.1,5,16722,0.805,0.000,0.054,-0.018,0.033,85.0,-17.1,0,-2.75,-0.470,156.3,362.5,0.805,9.2,23.9,46.0,141.4,186.5,163.4,120.1,96.8,85.0,75.7,68.3,62.2,55.3,49.1,40.6,30.2,21.2,15.2,7.9
3630,0.370,74.242,26.4,249.3,-3.1,5,16682,0.855,0.000,0.045,-0.029,0.033,96.0,-17.2,0,-2.36,-0.470,169.0,366.1,0.855,9.3,23.5,43.8,117.6,189.8,172.9,145.1,111.7,96.0,84.1,74.9,67.5,59.3,52.1,42.4,31.0,21.5,15.2,7.9
3631,0.392,74.242,27.9,248.6,-3.5,5,16641,0.905,0.000,0.049,-0.041,0.035,107.8,-17.1,0,-2.12,-0.470,177.2,368.2,0.905,9.4,23.3,42.3,104.1,191.8,177.2,164.6,128.6,107.8,92.8,81.5,72.6,63.0,54.8,44.0,31.6,21.6,15.1,7.8
3632,0.414,74.242,29.4,248.0,-3.6,5,16600,0.955,0.000,0.062,-0.054,0.038,121.0,-17.0,0,-1.93,-0.470,181.3,369.6,0.955,9.5,23.1,41.2,95.1,193.1,179.8,169.8,148.4,121.0,102.1,88.3,77.8,66.7,57.4,45.5,32.2,21.7,15.1,7.6
3633,0.436,74.242,30.9,247.3,-3.5,5,16560,1.000,0.000,0.076,-0.068,0.041,138.7,-16.8,0,-1.76,-0.470,184.7,370.8,1.000,9.5,23.0,40.1,87.7,194.2,181.9,173.3,162.4,138.7,114.1,96.9,84.2,71.1,60.5,47.2,32.9,21.9,15.1,7.6
3634,0.458,74.242,32.4,246.7,-3.5,5,16520,1.000,0.000,0.079,-0.082,0.042,159.0,-16.6,0,-1.57,-0.470,187.0,372.4,1.000,9.6,22.7,38.8,80.6,195.8,184.0,176.5,168.0,159.0,132.7,109.6,93.4,77.4,64.8,49.6,33.8,22.2,15.1,7.5
3635,0.480,74.242,33.9,246.0,-3.7,5,16480,1.000,0.000,0.038,-0.095,0.033,166.0,-16.5,0,-1.38,-0.470,185.4,374.6,1.000,9.6,22.3,37.5,73.9,197.9,186.3,179.5,172.4,166.0,156.7,129.7,107.4,86.5,70.8,52.8,35.1,22.6,15.2,7.4
3636,0.502,74.242,35.4,245.4,-4.0,5,16439,1.000,0.000,0.003,-0.106,0.026,169.8,-16.7,0,-1.22,-0.470,183.7,375.7,1.000,9.6,22.0,36.4,69.0,199.6,187.8,181.5,175.1,169.8,163.2,152.7,124.0,96.7,77.3,56.2,36.4,23.0,15.3,7.4
3637,0.524,74.242,36.9,244.7,-3.7,5,16399,1.000,0.000,0.156,-0.116,0.022,170.6,-16.8,0,-0.92,0.000,182.1,362.8,1.000,9.7,22.0,35.9,66.9,139.9,187.7,181.6,175.6,170.6,164.7,156.7,134.7,102.8,81.0,57.9,36.9,23.1,15.3,7.3
3638,0.546,74.242,38.4,244.1,-2.9,5,16360,1.000,0.000,0.128,-0.125,0.017,171.8,-15.7,0,-0.79,0.000,180.4,363.1,1.000,9.7,21.8,35.3,64.4,128.2,188.1,182.1,176.4,171.8,166.5,159.9,149.5,112.2,86.5,60.5,37.8,23.4,15.4,7.3
3639,0.568,74.242,39.9,243.4,-3.2,5,16320,1.000,0.000,0.073,-0.131,0.007,175.4,-15.9,0,-0.56,0.000,178.8,365.9,1.000,9.7,21.3,33.8,59.2,108.7,190.7,184.6,179.4,175.4,170.8,165.7,159.4,140.9,102.3,67.7,40.4,24.2,15.7,7.3
3640,0.590,74.242,41.4,242.8,-4.0,5,16280,1.000,0.000,0.015,-0.135,-0.003,178.7,-16.3,0,-0.37,0.000,178.7,369.5,1.000,9.6,20.7,32.2,54.4,93.2,194.0,187.6,182.4,178.7,174.8,170.4,165.4,156.7,128.9,78.1,43.8,25.4,16.1,7.4
3641,0.612,74.242,42.9,242.1,-4.4,5,16240,1.000,0.000,-0.032,-0.138,-0.011,180.3,-16.6,0,-0.06,0.000,180.3,364.5,1.000,9.6,20.3,31.3,51.5,84.8,125.5,189.3,183.9,180.3,176.6,172.6,168.2,160.9,148.5,87.7,46.5,26.2,16.4,7.4
3642,0.634,74.242,44.4,241.5,-3.9,5,16200,1.000,0.000,-0.040,-0.139,-0.012,179.3,-16.7,0,-0.04,0.000,179.3,363.6,1.000,9.5,20.3,31.1,51.0,83.4,122.3,188.3,183.0,179.3,175.7,171.8,167.5,160.5,149.2,89.8,47.1,26.4,16.5,7.4
3643,0.656,74.242,45.8,240.9,-2.5,5,16162,1.000,0.000,-0.022,-0.140,-0.009,176.4,-16.6,0,-0.11,0.000,176.4,360.4,1.000,9.6,20.5,31.6,52.3,87.0,130.3,185.2,179.9,176.4,172.7,168.7,164.2,156.8,143.7,84.7,45.7,25.9,16.3,7.4
3644,0.678,74.242,47.3,240.4,-1.1,5,16124,1.000,0.000,0.009,-0.140,-0.004,172.9,-16.6,0,-0.35,0.000,172.9,363.2,1.000,9.6,20.8,32.3,54.3,92.6,187.7,181.5,176.5,172.9,169.1,164.9,160.2,152.1,130.7,78.6,43.8,25.3,16.0,7.3
3645,0.700,74.242,48.8,239.8,-0.1,5,16088,1.000,0.000,0.023,-0.140,-0.001,170.2,-16.5,0,-0.40,0.000,170.2,360.2,1.000,9.7,20.9,32.7,55.5,96.1,184.8,178.8,173.8,170.2,166.3,162.0,157.2,148.6,122.2,75.5,42.8,25.0,15.9,7.3
3646,0.722,74.242,50.2,239.2,0.1,5,16051,1.000,0.000,0.022,-0.139,-0.002,168.8,-16.4,0,-0.39,0.000,168.8,358.5,1.000,9.7,20.9,32.6,55.4,95.8,183.3,177.3,172.4,168.8,165.0,160.7,155.9,147.5,122.9,75.8,42.9,25.0,15.9,7.3
3647,0.744,74.242,51.7,238.6,-0.1,5,16015,1.000,0.000,0.010,-0.139,-0.004,168.2,-16.4,0,-0.35,0.000,168.2,357.7,1.000,9.6,20.8,32.3,54.4,93.1,182.6,176.6,171.7,168.2,164.4,160.3,155.7,147.9,129.3,78.2,43.7,25.3,16.0,7.3
3648,0.766,74.242,53.2,238.0,-0.4,5,15979,1.000,0.000,-0.002,-0.138,-0.006,167.6,-16.3,0,-0.31,0.000,167.6,357.0,1.000,9.6,20.6,32.0,53.5,90.4,181.9,175.9,171.0,167.6,163.9,160.0,155.5,148.2,134.7,80.9,44.5,25.6,16.2,7.4
3649,0.788,74.242,54.6,237.5,-0.6,5,15943,1.000,0.000,-0.008,-0.137,-0.007,166.5,-16.3,0,-0.29,0.000,166.5,355.8,1.000,9.6,20.5,31.8,53.0,89.0,180.8,174.8,169.9,166.5,162.9,159.0,154.7,147.6,135.5,82.3,45.0,25.7,16.2,7.4
3650,0.810,74.242,56.1,236.9,-0.5,5,15907,1.000,0.000,-0.007,-0.136,-0.007,165.0,-16.2,0,-0.29,0.000,165.0,353.9,1.000,9.6,20.5,31.8,53.0,89.1,179.1,173.2,168.3,165.0,161.4,157.5,153.3,146.3,134.4,82.2,45.0,25.8,16.2,7.4
3651,0.832,74.242,57.5,236.3,-0.2,5,15872,1.000,0.000,-0.003,-0.134,-0.006,163.2,-16.2,0,-0.30,0.000,163.2,351.8,1.000,9.6,20.6,31.9,53.3,90.0,177.2,171.3,166.5,163.2,159.6,155.8,151.5,144.5,132.5,81.3,44.8,25.7,16.2,7.4
3652,0.854,74.242,58.9,235.8,-0.0,5,15837,1.000,0.000,-0.149,-0.133,-0.005,161.4,-16.1,0,-0.32,-0.850,161.4,349.6,1.000,9.6,20.6,31.9,53.6,90.9,175.2,169.4,164.7,161.4,157.8,154.0,149.7,142.7,130.7,80.4,44.5,25.6,16.2,7.4
3653,0.876,74.242,60.4,235.2,-0.0,5,15802,1.000,0.000,-0.122,-0.132,-0.000,157.9,-15.4,0,-0.40,-0.850,157.9,345.4,1.000,9.6,20.9,32.7,55.7,97.4,171.5,165.9,161.3,157.9,154.2,150.2,145.7,138.0,119.4,74.6,42.7,25.0,16.0,7.4
3654,0.898,74.242,61.8,234.6,1.3,5,15766,1.000,0.000,-0.057,-0.133,0.012,151.4,-15.6,0,-0.66,-0.850,156.4,338.3,1.000,9.7,21.6,34.6,61.7,117.1,165.2,160.0,155.2,151.4,147.3,142.6,137.1,124.8,94.0,63.9,39.0,23.7,15.5,7.3
3655,0.920,74.242,63.3,234.0,2.8,5,15730,1.000,0.000,0.015,-0.135,0.024,144.3,-15.8,0,-1.12,-0.850,154.9,343.1,1.000,9.9,22.5,36.8,69.2,169.4,159.3,153.9,148.6,144.3,139.5,133.5,124.7,97.6,77.3,55.7,35.7,22.5,14.9,7.2
3656,0.942,74.242,64.7,233.4,3.5,5,15694,1.000,0.000,0.051,-0.138,0.030,139.5,-15.9,0,-1.26,-0.850,153.3,338.4,1.000,10.0,23.0,38.2,74.1,165.2,155.4,149.7,144.1,139.5,134.0,126.6,109.3,86.9,70.4,52.0,34.1,21.8,14.6,7.1
3657,0.964,74.242,66.1,232.8,2.9,5,15658,1.000,0.000,0.046,-0.142,0.029,138.6,-15.9,0,-1.24,-0.850,151.8,336.9,1.000,10.0,23.0,38.2,73.6,163.9,154.2,148.6,143.1,138.6,133.3,126.4,110.9,87.8,71.0,52.2,34.2,21.8,14.6,7.1
3658,0.986,74.242,67.5,232.3,1.6,5,15623,1.000,0.000,0.018,-0.146,0.024,139.9,-15.9,0,-1.13,-0.850,150.3,337.4,1.000,10.0,22.7,37.3,70.1,164.3,154.5,149.2,144.0,139.9,135.1,129.4,121.2,95.7,75.9,54.8,35.2,22.2,14.7,7.1
3659,1.008,74.242,68.9,231.7,0.3,5,15589,1.000,0.000,-0.009,-0.150,0.019,140.9,-15.8,0,-1.04,-0.850,148.8,337.8,1.000,9.9,22.4,36.4,66.9,164.7,154.8,149.7,144.8,140.9,136.6,131.6,125.3,105.3,81.8,57.6,36.3,22.5,14.9,7.1
3660,1.030,74.242,70.4,231.2,-0.4,5,15554,1.000,0.000,-0.022,-0.154,0.016,140.6,-15.7,0,-1.00,-0.850,147.3,337.2,1.000,10.0,22.3,36.1,65.5,164.1,154.1,149.1,144.4,140.6,136.5,131.8,126.1,110.6,84.8,59.0,36.8,22.7,14.9,7.1
3661,1.052,74.242,71.8,230.7,-0.5,5,15520,1.000,0.000,-0.020,-0.159,0.017,139.0,-15.7,0,-1.01,-0.850,145.8,335.1,1.000,10.0,22.4,36.3,66.0,162.3,152.5,147.5,142.7,139.0,134.9,130.2,124.5,109.2,83.9,58.5,36.5,22.5,14.8,7.0
3662,1.074,74.242,73.2,230.1,-0.1,5,15486,1.000,0.000,-0.008,-0.163,0.019,136.6,-15.6,0,-1.05,-0.850,144.3,332.3,1.000,10.1,22.7,36.8,67.5,159.9,150.2,145.2,140.4,136.6,132.5,127.7,121.7,104.2,80.8,56.9,35.8,22.2,14.6,7.0
3663,1.096,74.242,74.6,229.6,0.2,5,15453,1.000,0.000,0.003,-0.168,0.021,134.3,-15.6,0,-1.09,-0.850,142.8,329.4,1.000,10.1,22.9,37.3,69.0,157.5,148.0,143.0,138.1,134.3,130.0,125.1,118.9,99.5,77.9,55.4,35.1,21.9,14.5,6.9
3664,1.118,74.242,76.0,229.0,0.4,5,15419,1.000,0.000,0.009,-0.172,0.021,132.4,-15.6,0,-1.11,-0.850,141.3,327.1,1.000,10.2,23.0,37.6,70.0,155.5,146.1,141.1,136.3,132.4,128.2,123.2,116.9,97.2,76.4,54.5,34.7,21.7,14.4,6.9
3665,1.140,74.242,77.4,228.5,0.3,5,15386,1.000,0.000,0.008,-0.177,0.021,131.1,-15.5,0,-1.11,-0.850,139.8,325.3,1.000,10.2,23.1,37.7,70.1,153.9,144.7,139.7,134.9,131.1,126.9,122.0,115.9,97.1,76.2,54.3,34.6,21.6,14.3,6.8
3666,1.162,74.242,78.8,228.0,0.1,5,15353,1.000,0.000,0.004,-0.181,0.020,130.1,-15.5,0,-1.10,-0.850,138.3,323.7,1.000,10.2,23.1,37.7,69.7,152.6,143.4,138.5,133.8,130.1,125.9,121.2,115.4,98.2,76.8,54.5,34.6,21.6,14.2,6.8
3667,1.184,74.242,80.2,227.4,-0.0,5,15320,1.000,0.000,-0.000,-0.186,0.020,129.0,-15.4,0,-1.09,-0.850,136.8,322.2,1.000,10.3,23.2,37.7,69.4,151.3,142.2,137.3,132.7,129.0,125.0,120.4,114.8,99.4,77.4,54.8,34.6,21.5,14.2,6.8
3668,1.206,74.242,81.6,226.9,-0.1,5,15287,1.000,0.000,-0.002,-0.191,0.019,127.8,-15.4,0,-1.08,-0.850,135.3,320.5,1.000,10.3,23.2,37.7,69.4,149.9,140.8,136.0,131.4,127.8,123.8,119.3,113.9,99.8,77.6,54.8,34.5,21.4,14.1,6.7
3669,1.228,74.242,82.9,226.4,-0.1,5,15254,1.000,0.000,-0.002,-0.195,0.019,126.4,-15.3,0,-1.09,-0.850,133.8,318.5,1.000,10.3,23.3,37.9,69.6,148.3,139.3,134.6,130.0,126.4,122.5,118.0,112.7,99.4,77.2,54.5,34.3,21.3,14.1,6.7
3670,1.250,74.242,84.3,225.8,-0.1,5,15222,1.000,0.000,-0.001,-0.200,0.019,124.9,-15.3,0,-1.10,-0.850,132.3,316.5,1.000,10.4,23.4,38.0,69.9,146.6,137.8,133.0,128.5,124.9,121.0,116.6,111.4,98.5,76.6,54.1,34.1,21.2,14.0,6.7
3671,1.272,74.242,85.7,225.3,-0.0,5,15189,1.000,0.000,0.001,-0.204,0.019,123.4,-15.2,0,-1.10,-0.850,130.8,314.4,1.000,10.4,23.5,38.2,70.3,144.9,136.2,131.4,126.9,123.4,119.6,115.2,110.0,97.6,76.0,53.7,33.9,21.1,13.9,6.6
3672,1.294,74.242,87.1,224.8,0.0,5,15157,1.000,0.000,0.002,-0.208,0.019,122.0,-15.2,0,-1.11,-0.850,129.4,312.4,1.000,10.5,23.6,38.4,70.6,143.3,134.6,129.9,125.5,122.0,118.1,113.8,108.7,96.9,75.5,53.3,33.7,20.9,13.8,6.6
3673,1.316,74.242,88.4,224.3,0.0,5,15125,1.000,0.000,0.002,-0.213,0.019,120.6,-15.2,0,-1.12,-0.850,127.9,310.5,1.000,10.5,23.7,38.5,70.8,141.7,133.1,128.5,124.0,120.6,116.8,112.6,107.6,96.5,75.2,53.1,33.5,20.8,13.7,6.6
3674,1.338,74.242,89.8,223.8,-0.0,5,15093,1.000,0.000,0.002,-0.217,0.019,119.3,-15.1,0,-1.12,-0.850,126.4,308.6,1.000,10.5,23.8,38.6,71.0,140.2,131.7,127.1,122.7,119.3,115.5,111.4,106.5,96.1,75.0,52.9,33.4,20.7,13.7,6.5
3675,1.360,74.242,91.2,223.3,-0.0,5,15061,1.000,0.000,0.001,-0.222,0.019,118.0,-15.1,0,-1.12,-0.850,124.9,306.7,1.000,10.6,23.8,38.7,71.0,138.7,130.3,125.7,121.3,118.0,114.3,110.2,105.4,95.6,74.8,52.8,33.2,20.6,13.6,6.5
3676,1.382,74.242,92.5,222.7,-0.1,5,15029,1.000,0.000,0.001,-0.226,0.019,116.6,-15.0,0,-1.13,-0.850,123.5,304.7,1.000,10.6,23.9,38.8,71.2,137.1,128.8,124.3,120.0,116.6,113.0,109.0,104.3,94.9,74.6,52.6,33.1,20.5,13.5,6.4
3677,1.404,74.242,93.9,222.2,-0.1,5,14998,1.000,0.000,0.001,-0.230,0.018,115.3,-15.0,0,-1.13,-0.850,122.0,302.7,1.000,10.6,24.0,38.9,71.3,135.6,127.4,122.9,118.6,115.3,111.7,107.7,103.1,94.2,74.4,52.4,32.9,20.4,13.5,6.4
3678,1.426,74.242,95.3,221.7,-0.1,5,14966,1.000,0.000,0.001,-0.234,0.018,113.9,-14.9,0,-1.14,-0.850,120.5,300.7,1.000,10.7,24.0,39.0,71.5,134.1,125.9,121.4,117.2,113.9,110.4,106.5,102.0,93.4,74.1,52.2,32.8,20.3,13.4,6.4
3679,1.448,74.242,96.6,221.2,-0.1,5,14934,1.000,0.000,0.001,-0.239,0.018,112.6,-14.9,0,-1.14,-0.850,119.1,298.8,1.000,10.7,24.1,39.1,71.6,132.5,124.4,120.0,115.8,112.6,109.1,105.2,100.8,92.5,73.9,51.9,32.6,20.2,13.3,6.3
3680,1.470,74.242,98.0,220.7,-0.1,5,14903,1.000,0.000,0.001,-0.243,0.018,111.2,-14.9,0,-1.15,-0.850,117.6,296.8,1.000,10.7,24.2,39.2,71.8,131.0,123.0,118.6,114.4,111.2,107.8,104.0,99.6,91.6,73.6,51.7,32.5,20.1,13.3,6.3
3681,1.492,74.242,99.3,220.2,-0.0,5,14872,1.000,0.000,0.001,-0.247,0.018,109.9,-14.8,0,-1.16,-0.850,116.2,294.8,1.000,10.8,24.3,39.3,72.0,129.4,121.5,117.2,113.0,109.9,106.5,102.7,98.5,90.7,73.3,51.5,32.3,20.0,13.2,6.3
3682,1.514,74.242,100.6,219.7,-0.0,5,14841,1.000,0.000,0.001,-0.251,0.018,108.5,-14.8,0,-1.17,-0.850,114.7,292.8,1.000,10.8,24.3,39.4,72.1,127.9,120.1,115.7,111.7,108.5,105.2,101.5,97.3,89.8,73.0,51.3,32.2,19.9,13.1,6.2
3683,1.536,74.242,102.0,219.2,-0.0,5,14810,1.000,0.000,0.002,-0.255,0.018,107.2,-14.7,0,-1.17,-0.850,113.3,290.7,1.000,10.8,24.4,39.5,72.3,126.3,118.6,114.3,110.3,107.2,103.9,100.2,96.1,88.9,72.8,51.1,32.0,19.8,13.1,6.2
3684,1.558,74.242,103.3,218.7,-0.0,5,14780,1.000,0.000,0.002,-0.259,0.018,105.9,-14.7,0,-1.18,-0.850,111.8,288.6,1.000,10.9,24.5,39.6,72.4,124.8,117.2,112.9,108.9,105.9,102.6,99.0,95.0,88.0,72.6,50.9,31.9,19.7,13.0,6.2
3685,1.580,74.242,104.7,218.2,-0.1,5,14749,1.000,0.000,0.001,-0.263,0.017,104.6,-14.6,0,-1.19,-0.850,110.4,286.6,1.000,10.9,24.5,39.7,72.5,123.3,115.7,111.5,107.6,104.6,101.3,97.8,93.9,87.1,72.4,50.7,31.8,19.7,12.9,6.1
3686,1.602,74.242,106.0,217.7,-0.1,5,14719,1.000,0.000,0.001,-0.267,0.017,103.3,-14.6,0,-1.19,-0.850,109.0,284.6,1.000,10.9,24.6,39.8,72.6,121.8,114.3,110.1,106.2,103.3,100.1,96.6,92.8,86.2,72.2,50.6,31.6,19.6,12.9,6.1
3687,1.624,74.242,107.3,217.2,-0.1,5,14688,1.000,0.000,0.001,-0.271,0.017,101.9,-14.6,0,-1.20,-0.850,107.5,282.6,1.000,11.0,24.7,39.9,72.7,120.3,112.9,108.7,104.9,101.9,98.8,95.4,91.6,85.2,72.0,50.4,31.5,19.5,12.8,6.1
3688,1.646,74.242,108.6,216.8,-0.1,5,14658,1.000,0.000,0.001,-0.275,0.017,100.6,-14.5,0,-1.21,-0.850,106.1,280.5,1.000,11.0,24.7,40.0,72.9,118.8,111.4,107.3,103.5,100.6,97.5,94.2,90.4,84.2,71.8,50.2,31.4,19.4,12.7,6.1
3689,1.668,74.242,110.0,216.3,-0.1,5,14628,1.000,0.000,0.001,-0.278,0.017,99.3,-14.5,0,-1.22,-0.850,104.7,278.3,1.000,11.0,24.8,40.1,73.0,117.3,110.0,105.9,102.2,99.3,96.2,92.9,89.3,83.2,71.5,50.0,31.2,19.3,12.7,6.0
3690,1.690,74.242,111.3,215.8,-0.1,5,14599,1.000,0.000,0.002,-0.282,0.017,98.0,-14.4,0,-1.23,-0.850,103.3,276.2,1.000,11.1,24.8,40.2,73.2,115.7,108.6,104.5,100.8,98.0,94.9,91.7,88.1,82.2,71.3,49.8,31.1,19.2,12.6,6.0
3691,1.712,74.242,112.6,215.3,-0.0,5,14568,1.000,0.000,0.002,-0.286,0.017,96.6,-14.4,0,-1.24,-0.850,101.9,274.1,1.000,11.1,24.9,40.3,73.4,114.2,107.1,103.2,99.4,96.6,93.7,90.5,87.0,81.3,71.1,49.6,31.0,19.1,12.6,6.0
3692,1.734,74.242,113.9,214.8,-0.1,5,14539,1.000,0.000,0.002,-0.290,0.016,95.4,-14.4,0,-1.26,-0.850,100.4,272.0,1.000,11.1,25.0,40.4,74.1,112.8,105.7,101.8,98.1,95.4,92.4,89.3,85.9,80.3,70.9,49.5,30.8,19.0,12.5,5.9
3693,1.756,74.242,115.2,214.3,-0.1,5,14509,1.000,0.000,0.002,-0.293,0.016,94.1,-14.3,0,-1.29,-0.850,99.0,270.0,1.000,11.2,25.0,40.4,77.0,111.3,104.3,100.4,96.8,94.1,91.2,88.1,84.7,79.3,70.6,49.3,30.7,18.9,12.4,5.9
3694,1.778,74.242,116.5,213.9,-0.1,5,14480,1.000,0.000,0.021,-0.297,0.016,92.8,-14.3,0,-1.84,-0.850,97.6,291.0,1.000,11.2,25.1,40.5,126.4,109.8,102.9,99.1,95.5,92.8,90.0,86.9,83.6,78.4,70.1,49.2,30.6,18.9,12.4,5.9
