step,curLapTime,lastLapTime,distFromStart,speedX,speedY,gear,rpm,accel,brake,steer,trackPos,angle,ahead,rearSpin,damage,aim,lineTarget,aheadPlan,allowed,throttle,track0,track1,track2,track3,track4,track5,track6,track7,track8,track9,track10,track11,track12,track13,track14,track15,track16,track17,track18
0,-0.982,0.000,3598.4,-0.0,-0.0,0,5236,1.000,0.000,-0.172,0.333,0.008,64.6,0.0,0,-2.10,-0.169,67.2,299.9,1.000,5.7,12.6,22.5,140.5,90.9,77.4,71.7,67.4,64.6,62.0,59.7,57.5,54.7,51.9,47.2,40.1,31.0,22.8,11.2
1,-0.962,0.000,3598.4,-0.0,-0.0,0,5387,1.000,0.000,-0.172,0.333,0.008,64.6,0.0,0,-2.10,-0.169,67.2,299.9,1.000,5.7,12.6,22.5,140.5,90.9,77.4,71.7,67.4,64.6,62.0,59.7,57.5,54.7,51.9,47.2,40.1,31.0,22.8,11.2
2,-0.942,0.000,3598.4,-0.0,-0.0,0,5542,1.000,0.000,-0.172,0.333,0.008,64.6,0.0,0,-2.10,-0.169,67.2,299.9,1.000,5.7,12.6,22.5,140.5,90.9,77.4,71.7,67.4,64.6,62.0,59.7,57.5,54.7,51.9,47.2,40.1,31.0,22.8,11.2
3,-0.922,0.000,3598.4,-0.0,-0.0,0,5703,1.000,0.000,-0.172,0.333,0.008,64.6,0.0,0,-2.10,-0.169,67.2,299.9,1.000,5.7,12.6,22.5,140.5,90.9,77.4,71.7,67.4,64.6,62.0,59.7,57.5,54.7,51.9,47.2,40.1,31.0,22.8,11.2
4,-0.902,0.000,3598.4,-0.0,-0.0,0,5868,1.000,0.000,-0.172,0.333,0.008,64.6,0.0,0,-2.10,-0.169,67.2,299.9,1.000,5.7,12.6,22.5,140.5,90.9,77.4,71.7,67.4,64.6,62.0,59.7,57.5,54.7,51.9,47.2,40.1,31.0,22.8,11.2
5,-0.882,0.000,3598.4,-0.0,-0.0,0,6039,1.000,0.000,-0.172,0.333,0.008,64.6,0.0,0,-2.10,-0.169,67.2,299.9,1.000,5.7,12.6,22.5,140.5,90.9,77.4,71.7,67.4,64.6,62.0,59.7,57.5,54.7,51.9,47.2,40.1,31.0,22.8,11.2
6,-0.862,0.000,3598.4,-0.0,-0.0,0,6216,1.000,0.000,-0.172,0.333,0.008,64.6,0.0,0,-2.10,-0.169,67.2,299.9,1.000,5.7,12.6,22.5,140.5,90.9,77.4,71.7,67.4,64.6,62.0,59.7,57.5,54.7,51.9,47.2,40.1,31.0,22.8,11.2
7,-0.842,0.000,3598.4,-0.0,-0.0,0,6398,1.000,0.000,-0.172,0.333,0.008,64.6,0.0,0,-2.10,-0.169,67.2,299.9,1.000,5.7,12.6,22.5,140.5,90.9,77.4,71.7,67.4,64.6,62.0,59.7,57.5,54.7,51.9,47.2,40.1,31.0,22.8,11.2
8,-0.822,0.000,3598.4,-0.0,-0.0,0,6586,1.000,0.000,-0.172,0.333,0.008,64.6,0.0,0,-2.10,-0.169,67.2,299.9,1.000,5.7,12.6,22.5,140.5,90.9,77.4,71.7,67.4,64.6,62.0,59.7,57.5,54.7,51.9,47.2,40.1,31.0,22.8,11.2
9,-0.802,0.000,3598.4,-0.0,-0.0,0,6779,1.000,0.000,-0.172,0.333,0.008,64.6,0.0,0,-2.10,-0.169,67.2,299.9,1.000,5.7,12.6,22.5,140.5,90.9,77.4,71.7,67.4,64.6,62.0,59.7,57.5,54.7,51.9,47.2,40.1,31.0,22.8,11.2
10,-0.782,0.000,3598.4,-0.0,-0.0,0,6979,1.000,0.000,-0.172,0.333,0.008,64.6,0.0,0,-2.10,-0.169,67.2,299.9,1.000,5.7,12.6,22.5,140.5,90.9,77.4,71.7,67.4,64.6,62.0,59.7,57.5,54.7,51.9,47.2,40.1,31.0,22.8,11.2
11,-0.762,0.000,3598.4,-0.0,-0.0,0,7186,1.000,0.000,-0.172,0.333,0.008,64.6,0.0,0,-2.10,-0.169,67.2,299.9,1.000,5.7,12.6,22.5,140.5,90.9,77.4,71.7,67.4,64.6,62.0,59.7,57.5,54.7,51.9,47.2,40.1,31.0,22.8,11.2
12,-0.742,0.000,3598.4,-0.0,-0.0,0,7399,1.000,0.000,-0.172,0.333,0.008,64.6,0.0,0,-2.10,-0.169,67.2,299.9,1.000,5.7,12.6,22.5,140.5,90.9,77.4,71.7,67.4,64.6,62.0,59.7,57.5,54.7,51.9,47.2,40.1,31.0,22.8,11.2
13,-0.722,0.000,3598.4,-0.0,-0.0,0,7619,1.000,0.000,-0.172,0.333,0.008,64.6,0.0,0,-2.10,-0.169,67.2,299.9,1.000,5.7,12.6,22.5,140.5,90.9,77.4,71.7,67.4,64.6,62.0,59.7,57.5,54.7,51.9,47.2,40.1,31.0,22.8,11.2
14,-0.702,0.000,3598.4,-0.0,-0.0,0,7846,1.000,0.000,-0.172,0.333,0.008,64.6,0.0,0,-2.10,-0.169,67.2,299.9,1.000,5.7,12.6,22.5,140.5,90.9,77.4,71.7,67.4,64.6,62.0,59.7,57.5,54.7,51.9,47.2,40.1,31.0,22.8,11.2
15,-0.682,0.000,3598.4,-0.0,-0.0,0,8080,1.000,0.000,-0.172,0.333,0.008,64.6,0.0,0,-2.10,-0.169,67.2,299.9,1.000,5.7,12.6,22.5,140.5,90.9,77.4,71.7,67.4,64.6,62.0,59.7,57.5,54.7,51.9,47.2,40.1,31.0,22.8,11.2
16,-0.662,0.000,3598.4,-0.0,-0.0,0,8322,1.000,0.000,-0.172,0.333,0.008,64.6,0.0,0,-2.10,-0.169,67.2,299.9,1.000,5.7,12.6,22.5,140.5,90.9,77.4,71.7,67.4,64.6,62.0,59.7,57.5,54.7,51.9,47.2,40.1,31.0,22.8,11.2
17,-0.642,0.000,3598.4,-0.0,-0.0,0,8571,1.000,0.000,-0.172,0.333,0.008,64.6,0.0,0,-2.10,-0.169,67.2,299.9,1.000,5.7,12.6,22.5,140.5,90.9,77.4,71.7,67.4,64.6,62.0,59.7,57.5,54.7,51.9,47.2,40.1,31.0,22.8,11.2
18,-0.622,0.000,3598.4,-0.0,-0.0,0,8828,1.000,0.000,-0.172,0.333,0.008,64.6,0.0,0,-2.10,-0.169,67.2,299.9,1.000,5.7,12.6,22.5,140.5,90.9,77.4,71.7,67.4,64.6,62.0,59.7,57.5,54.7,51.9,47.2,40.1,31.0,22.8,11.2
19,-0.602,0.000,3598.4,-0.0,-0.0,0,9094,1.000,0.000,-0.172,0.333,0.008,64.6,0.0,0,-2.10,-0.169,67.2,299.9,1.000,5.7,12.6,22.5,140.5,90.9,77.4,71.7,67.4,64.6,62.0,59.7,57.5,54.7,51.9,47.2,40.1,31.0,22.8,11.2
20,-0.582,0.000,3598.4,-0.0,-0.0,0,9368,1.000,0.000,-0.172,0.333,0.008,64.6,0.0,0,-2.10,-0.169,67.2,299.9,1.000,5.7,12.6,22.5,140.5,90.9,77.4,71.7,67.4,64.6,62.0,59.7,57.5,54.7,51.9,47.2,40.1,31.0,22.8,11.2
21,-0.562,0.000,3598.4,-0.0,-0.0,0,9648,1.000,0.000,-0.172,0.333,0.008,64.6,0.0,0,-2.10,-0.169,67.2,299.9,1.000,5.7,12.6,22.5,140.5,90.9,77.4,71.7,67.4,64.6,62.0,59.7,57.5,54.7,51.9,47.2,40.1,31.0,22.8,11.2
22,-0.542,0.000,3598.4,-0.0,-0.0,0,9929,1.000,0.000,-0.172,0.333,0.008,64.6,0.0,0,-2.10,-0.169,67.2,299.9,1.000,5.7,12.6,22.5,140.5,90.9,77.4,71.7,67.4,64.6,62.0,59.7,57.5,54.7,51.9,47.2,40.1,31.0,22.8,11.2
23,-0.522,0.000,3598.4,-0.0,-0.0,0,10210,1.000,0.000,-0.172,0.333,0.008,64.6,0.0,0,-2.10,-0.169,67.2,299.9,1.000,5.7,12.6,22.5,140.5,90.9,77.4,71.7,67.4,64.6,62.0,59.7,57.5,54.7,51.9,47.2,40.1,31.0,22.8,11.2
24,-0.502,0.000,3598.4,-0.0,-0.0,0,10490,1.000,0.000,-0.172,0.333,0.008,64.6,0.0,0,-2.10,-0.169,67.2,299.9,1.000,5.7,12.6,22.5,140.5,90.9,77.4,71.7,67.4,64.6,62.0,59.7,57.5,54.7,51.9,47.2,40.1,31.0,22.8,11.2
25,-0.482,0.000,3598.4,-0.0,-0.0,0,10771,1.000,0.000,-0.172,0.333,0.008,64.6,0.0,0,-2.10,-0.169,67.2,299.9,1.000,5.7,12.6,22.5,140.5,90.9,77.4,71.7,67.4,64.6,62.0,59.7,57.5,54.7,51.9,47.2,40.1,31.0,22.8,11.2
26,-0.462,0.000,3598.4,-0.0,-0.0,0,11052,1.000,0.000,-0.172,0.333,0.008,64.6,0.0,0,-2.10,-0.169,67.2,299.9,1.000,5.7,12.6,22.5,140.5,90.9,77.4,71.7,67.4,64.6,62.0,59.7,57.5,54.7,51.9,47.2,40.1,31.0,22.8,11.2
27,-0.442,0.000,3598.4,-0.0,-0.0,0,11332,1.000,0.000,-0.172,0.333,0.008,64.6,0.0,0,-2.10,-0.169,67.2,299.9,1.000,5.7,12.6,22.5,140.5,90.9,77.4,71.7,67.4,64.6,62.0,59.7,57.5,54.7,51.9,47.2,40.1,31.0,22.8,11.2
28,-0.422,0.000,3598.4,-0.0,-0.0,0,11613,1.000,0.000,-0.172,0.333,0.008,64.6,0.0,0,-2.10,-0.169,67.2,299.9,1.000,5.7,12.6,22.5,140.5,90.9,77.4,71.7,67.4,64.6,62.0,59.7,57.5,54.7,51.9,47.2,40.1,31.0,22.8,11.2
29,-0.402,0.000,3598.4,-0.0,-0.0,0,11894,1.000,0.000,-0.172,0.333,0.008,64.6,0.0,0,-2.10,-0.169,67.2,299.9,1.000,5.7,12.6,22.5,140.5,90.9,77.4,71.7,67.4,64.6,62.0,59.7,57.5,54.7,51.9,47.2,40.1,31.0,22.8,11.2
30,-0.382,0.000,3598.4,-0.0,-0.0,0,12174,1.000,0.000,-0.172,0.333,0.008,64.6,0.0,0,-2.10,-0.169,67.2,299.9,1.000,5.7,12.6,22.5,140.5,90.9,77.4,71.7,67.4,64.6,62.0,59.7,57.5,54.7,51.9,47.2,40.1,31.0,22.8,11.2
31,-0.362,0.000,3598.4,-0.0,-0.0,0,12455,1.000,0.000,-0.172,0.333,0.008,64.6,0.0,0,-2.10,-0.169,67.2,299.9,1.000,5.7,12.6,22.5,140.5,90.9,77.4,71.7,67.4,64.6,62.0,59.7,57.5,54.7,51.9,47.2,40.1,31.0,22.8,11.2
32,-0.342,0.000,3598.4,-0.0,-0.0,0,12736,1.000,0.000,-0.172,0.333,0.008,64.6,0.0,0,-2.10,-0.169,67.2,299.9,1.000,5.7,12.6,22.5,140.5,90.9,77.4,71.7,67.4,64.6,62.0,59.7,57.5,54.7,51.9,47.2,40.1,31.0,22.8,11.2
33,-0.322,0.000,3598.4,-0.0,-0.0,0,13017,1.000,0.000,-0.172,0.333,0.008,64.6,0.0,0,-2.10,-0.169,67.2,299.9,1.000,5.7,12.6,22.5,140.5,90.9,77.4,71.7,67.4,64.6,62.0,59.7,57.5,54.7,51.9,47.2,40.1,31.0,22.8,11.2
34,-0.302,0.000,3598.4,-0.0,-0.0,0,13300,1.000,0.000,-0.172,0.333,0.008,64.6,0.0,0,-2.10,-0.169,67.2,299.9,1.000,5.7,12.6,22.5,140.5,90.9,77.4,71.7,67.4,64.6,62.0,59.7,57.5,54.7,51.9,47.2,40.1,31.0,22.8,11.2
35,-0.282,0.000,3598.4,-0.0,-0.0,0,13584,1.000,0.000,-0.172,0.333,0.008,64.6,0.0,0,-2.10,-0.169,67.2,299.9,1.000,5.7,12.6,22.5,140.5,90.9,77.4,71.7,67.4,64.6,62.0,59.7,57.5,54.7,51.9,47.2,40.1,31.0,22.8,11.2
36,-0.262,0.000,3598.4,-0.0,-0.0,0,13870,1.000,0.000,-0.172,0.333,0.008,64.6,0.0,0,-2.10,-0.169,67.2,299.9,1.000,5.7,12.6,22.5,140.5,90.9,77.4,71.7,67.4,64.6,62.0,59.7,57.5,54.7,51.9,47.2,40.1,31.0,22.8,11.2
37,-0.242,0.000,3598.4,-0.0,-0.0,0,14156,1.000,0.000,-0.172,0.333,0.008,64.6,0.0,0,-2.10,-0.169,67.2,299.9,1.000,5.7,12.6,22.5,140.5,90.9,77.4,71.7,67.4,64.6,62.0,59.7,57.5,54.7,51.9,47.2,40.1,31.0,22.8,11.2
38,-0.222,0.000,3598.4,-0.0,-0.0,0,14443,1.000,0.000,-0.172,0.333,0.008,64.6,0.0,0,-2.10,-0.169,67.2,299.9,1.000,5.7,12.6,22.5,140.5,90.9,77.4,71.7,67.4,64.6,62.0,59.7,57.5,54.7,51.9,47.2,40.1,31.0,22.8,11.2
39,-0.202,0.000,3598.4,-0.0,-0.0,0,14732,1.000,0.000,-0.172,0.333,0.008,64.6,0.0,0,-2.10,-0.169,67.2,299.9,1.000,5.7,12.6,22.5,140.5,90.9,77.4,71.7,67.4,64.6,62.0,59.7,57.5,54.7,51.9,47.2,40.1,31.0,22.8,11.2
40,-0.182,0.000,3598.4,-0.0,-0.0,0,15021,1.000,0.000,-0.172,0.333,0.008,64.6,0.0,0,-2.10,-0.169,67.2,299.9,1.000,5.7,12.6,22.5,140.5,90.9,77.4,71.7,67.4,64.6,62.0,59.7,57.5,54.7,51.9,47.2,40.1,31.0,22.8,11.2
41,-0.162,0.000,3598.4,-0.0,-0.0,0,15312,1.000,0.000,-0.172,0.333,0.008,64.6,0.0,0,-2.10,-0.169,67.2,299.9,1.000,5.7,12.6,22.5,140.5,90.9,77.4,71.7,67.4,64.6,62.0,59.7,57.5,54.7,51.9,47.2,40.1,31.0,22.8,11.2
42,-0.142,0.000,3598.4,-0.0,-0.0,0,15604,1.000,0.000,-0.172,0.333,0.008,64.6,0.0,0,-2.10,-0.169,67.2,299.9,1.000,5.7,12.6,22.5,140.5,90.9,77.4,71.7,67.4,64.6,62.0,59.7,57.5,54.7,51.9,47.2,40.1,31.0,22.8,11.2
43,-0.122,0.000,3598.4,-0.0,-0.0,0,15897,1.000,0.000,-0.172,0.333,0.008,64.6,0.0,0,-2.10,-0.169,67.2,299.9,1.000,5.7,12.6,22.5,140.5,90.9,77.4,71.7,67.4,64.6,62.0,59.7,57.5,54.7,51.9,47.2,40.1,31.0,22.8,11.2
44,-0.102,0.000,3598.4,-0.0,-0.0,0,16192,1.000,0.000,-0.172,0.333,0.008,64.6,0.0,0,-2.10,-0.169,67.2,299.9,1.000,5.7,12.6,22.5,140.5,90.9,77.4,71.7,67.4,64.6,62.0,59.7,57.5,54.7,51.9,47.2,40.1,31.0,22.8,11.2
45,-0.082,0.000,3598.4,-0.0,-0.0,0,16487,1.000,0.000,-0.172,0.333,0.008,64.6,0.0,0,-2.10,-0.169,67.2,299.9,1.000,5.7,12.6,22.5,140.5,90.9,77.4,71.7,67.4,64.6,62.0,59.7,57.5,54.7,51.9,47.2,40.1,31.0,22.8,11.2
46,-0.062,0.000,3598.4,-0.0,-0.0,0,16784,1.000,0.000,-0.172,0.333,0.008,64.6,0.0,0,-2.10,-0.169,67.2,299.9,1.000,5.7,12.6,22.5,140.5,90.9,77.4,71.7,67.4,64.6,62.0,59.7,57.5,54.7,51.9,47.2,40.1,31.0,22.8,11.2
47,-0.042,0.000,3598.4,-0.0,-0.0,0,17081,1.000,0.000,-0.172,0.333,0.008,64.6,0.0,0,-2.10,-0.169,67.2,299.9,1.000,5.7,12.6,22.5,140.5,90.9,77.4,71.7,67.4,64.6,62.0,59.7,57.5,54.7,51.9,47.2,40.1,31.0,22.8,11.2
48,-0.022,0.000,3598.4,-0.0,-0.0,0,17378,1.000,0.000,-0.172,0.333,0.008,64.6,0.0,0,-2.10,-0.169,67.2,299.9,1.000,5.7,12.6,22.5,140.5,90.9,77.4,71.7,67.4,64.6,62.0,59.7,57.5,54.7,51.9,47.2,40.1,31.0,22.8,11.2
49,0.018,0.000,3598.4,-0.0,0.0,0,17972,1.000,0.000,-0.170,0.333,0.009,64.4,-0.0,0,-2.09,-0.169,67.2,299.1,1.000,5.7,12.6,22.5,139.8,90.6,77.1,71.5,67.2,64.4,61.9,59.5,57.4,54.6,51.8,47.2,40.0,31.0,22.7,11.2
50,0.038,0.000,3598.4,0.3,-0.0,1,5249,1.000,0.000,-0.170,0.333,0.009,64.5,-0.6,0,-2.09,-0.169,67.2,299.2,1.000,5.7,12.6,22.5,139.9,90.7,77.2,71.5,67.2,64.5,61.9,59.6,57.4,54.6,51.8,47.2,40.0,31.0,22.7,11.2
51,0.058,0.000,3598.4,0.1,-0.0,1,5264,1.000,0.000,-0.170,0.333,0.009,64.4,1.0,0,-2.09,-0.169,67.2,299.1,1.000,5.7,12.6,22.5,139.8,90.6,77.1,71.5,67.2,64.4,61.9,59.6,57.4,54.6,51.8,47.2,40.0,31.0,22.7,11.2
52,0.078,0.000,3598.4,0.3,0.0,1,5236,1.000,0.000,-0.170,0.333,0.009,64.4,-0.9,0,-2.09,-0.169,67.2,299.1,1.000,5.7,12.6,22.5,139.8,90.6,77.1,71.5,67.2,64.4,61.9,59.5,57.4,54.6,51.8,47.2,40.0,31.0,22.7,11.2
53,0.098,0.000,3598.4,0.8,-0.0,1,5236,1.000,0.000,-0.169,0.333,0.009,64.4,5.4,0,-2.09,-0.169,67.2,298.7,1.000,5.7,12.7,22.6,139.5,90.5,77.0,71.4,67.1,64.4,61.8,59.5,57.3,54.6,51.7,47.1,40.0,31.0,22.7,11.2
54,0.118,0.000,3598.5,1.7,-0.0,1,5236,1.000,0.000,-0.168,0.333,0.009,64.3,5.9,0,-2.09,-0.169,67.2,298.2,1.000,5.7,12.7,22.6,139.1,90.3,76.9,71.3,67.0,64.3,61.7,59.4,57.3,54.5,51.7,47.1,39.9,31.0,22.7,11.2
55,0.138,0.000,3598.5,2.7,-0.1,1,5236,1.000,0.000,-0.166,0.333,0.009,64.2,7.7,0,-2.08,-0.169,67.2,297.6,1.000,5.7,12.7,22.7,138.6,90.1,76.8,71.2,66.9,64.2,61.6,59.3,57.2,54.4,51.6,47.0,39.9,30.9,22.7,11.2
56,0.158,0.000,3598.5,3.6,-0.1,1,5236,1.000,0.000,-0.165,0.333,0.010,64.0,6.5,0,-2.07,-0.168,67.2,296.9,1.000,5.7,12.7,22.8,138.0,89.9,76.6,71.0,66.8,64.0,61.5,59.2,57.1,54.3,51.5,46.9,39.8,30.9,22.7,11.2
57,0.178,0.000,3598.5,4.5,-0.1,1,5236,1.000,0.000,-0.162,0.333,0.010,63.9,5.8,0,-2.07,-0.168,67.1,296.1,1.000,5.7,12.7,22.9,137.3,89.6,76.4,70.8,66.6,63.9,61.4,59.1,56.9,54.2,51.4,46.9,39.8,30.8,22.6,11.2
58,0.198,0.000,3598.5,5.4,-0.1,1,5236,1.000,0.000,-0.160,0.333,0.011,63.7,5.7,0,-2.06,-0.167,67.1,295.0,1.000,5.7,12.7,23.1,136.4,89.2,76.1,70.6,66.4,63.7,61.2,58.9,56.8,54.0,51.3,46.7,39.7,30.8,22.6,11.2
59,0.218,0.000,3598.6,6.3,-0.1,1,5236,1.000,0.000,-0.156,0.333,0.012,63.4,6.2,0,-2.05,-0.166,67.1,293.8,1.000,5.7,12.8,23.2,135.5,88.7,75.8,70.3,66.1,63.4,61.0,58.7,56.6,53.9,51.1,46.6,39.6,30.7,22.6,11.2
60,0.238,0.000,3598.6,7.1,-0.2,1,5236,1.000,0.000,-0.153,0.333,0.012,63.2,7.5,0,-2.03,-0.165,67.0,292.5,1.000,5.7,12.8,23.4,134.4,88.3,75.4,70.0,65.8,63.2,60.7,58.5,56.4,53.7,50.9,46.5,39.5,30.6,22.5,11.2
61,0.260,0.000,3598.7,8.0,-0.2,1,5236,1.000,0.000,-0.148,0.332,0.013,62.9,7.8,0,-2.02,-0.164,67.0,290.8,1.000,5.7,12.9,23.7,133.1,87.7,75.0,69.6,65.5,62.9,60.4,58.2,56.1,53.5,50.7,46.3,39.3,30.5,22.5,11.2
62,0.280,0.000,3598.7,8.8,-0.2,1,5236,1.000,0.000,-0.144,0.332,0.014,62.6,9.1,0,-2.01,-0.163,66.9,289.3,1.000,5.7,12.9,23.9,131.8,87.1,74.5,69.2,65.2,62.6,60.2,57.9,55.9,53.2,50.5,46.1,39.2,30.4,22.4,11.1
63,0.300,0.000,3598.8,9.6,-0.2,1,5236,1.000,0.000,-0.139,0.332,0.015,62.2,10.7,0,-1.99,-0.162,66.9,287.6,1.000,5.8,13.0,24.2,130.5,86.5,74.1,68.8,64.8,62.2,59.8,57.6,55.6,53.0,50.3,45.9,39.0,30.3,22.3,11.1
64,0.320,0.000,3598.8,10.5,-0.2,1,5236,1.000,0.000,-0.133,0.331,0.016,61.9,12.4,0,-1.98,-0.160,66.8,285.8,1.000,5.8,13.0,24.6,129.1,85.8,73.6,68.4,64.4,61.9,59.5,57.3,55.3,52.7,50.1,45.7,38.9,30.2,22.3,11.1
65,0.340,0.000,3598.9,11.3,-0.2,1,5236,1.000,0.000,-0.128,0.331,0.017,61.5,13.9,0,-1.96,-0.158,66.7,284.0,1.000,5.8,13.1,24.9,127.6,85.2,73.1,68.0,64.0,61.5,59.2,57.0,55.0,52.5,49.8,45.5,38.7,30.1,22.2,11.1
66,0.360,0.000,3598.9,12.2,-0.2,1,5236,1.000,0.000,-0.122,0.331,0.018,61.1,15.2,0,-1.95,-0.156,66.6,282.1,1.000,5.8,13.1,25.3,126.1,84.5,72.6,67.5,63.6,61.1,58.8,56.7,54.7,52.2,49.6,45.3,38.5,30.0,22.1,11.1
67,0.380,0.000,3599.0,13.0,-0.2,1,5236,1.000,0.000,-0.115,0.330,0.019,60.8,16.3,0,-1.93,-0.154,66.5,280.1,1.000,5.8,13.2,25.8,124.7,83.8,72.0,67.0,63.2,60.8,58.5,56.4,54.4,51.9,49.3,45.1,38.4,29.9,22.1,11.1
68,0.400,0.000,3599.1,13.9,-0.2,1,5236,1.000,0.000,-0.109,0.330,0.020,60.4,17.2,0,-1.92,-0.151,66.4,278.2,1.000,5.8,13.3,26.3,123.2,83.1,71.5,66.6,62.8,60.4,58.1,56.0,54.1,51.6,49.0,44.8,38.2,29.7,22.0,11.1
69,0.420,0.000,3599.2,14.7,-0.2,1,5236,1.000,0.000,-0.102,0.329,0.022,60.0,18.2,0,-1.91,-0.149,66.3,276.2,1.000,5.8,13.3,26.9,121.7,82.4,71.0,66.1,62.4,60.0,57.7,55.7,53.8,51.3,48.7,44.6,38.0,29.6,21.9,11.0
70,0.440,0.000,3599.2,15.6,-0.2,1,5236,1.000,0.000,-0.096,0.329,0.023,59.6,19.2,0,-1.90,-0.147,66.3,274.3,1.000,5.8,13.4,27.5,120.2,81.6,70.4,65.6,61.9,59.6,57.4,55.3,53.4,51.0,48.5,44.4,37.8,29.5,21.8,11.0
71,0.460,0.000,3599.3,16.5,-0.2,1,5236,1.000,0.000,-0.089,0.328,0.024,59.2,20.1,0,-1.89,-0.145,66.2,272.4,1.000,5.8,13.5,28.3,118.8,80.9,69.9,65.1,61.5,59.2,57.0,55.0,53.1,50.7,48.2,44.1,37.6,29.3,21.7,11.0
72,0.480,0.000,3599.4,17.3,-0.2,1,5236,1.000,0.000,-0.082,0.328,0.025,58.8,21.1,0,-1.88,-0.142,66.1,270.5,1.000,5.9,13.5,29.2,117.3,80.2,69.3,64.7,61.1,58.8,56.6,54.6,52.8,50.4,47.9,43.9,37.4,29.2,21.7,11.0
73,0.502,0.000,3599.5,18.2,-0.2,1,5236,1.000,0.000,-0.075,0.327,0.026,58.3,22.1,0,-1.88,-0.139,65.9,268.5,1.000,5.9,13.6,30.4,115.8,79.5,68.8,64.2,60.6,58.3,56.2,54.2,52.4,50.1,47.6,43.6,37.2,29.1,21.6,11.0
74,0.522,0.000,3599.6,19.1,-0.2,1,5236,1.000,0.000,-0.067,0.326,0.027,57.9,23.1,0,-1.88,-0.137,65.8,266.7,1.000,5.9,13.7,32.0,114.5,78.8,68.2,63.7,60.2,57.9,55.8,53.9,52.1,49.8,47.3,43.4,37.0,28.9,21.5,11.0
75,0.542,0.000,3599.8,19.9,-0.2,1,5328,1.000,0.000,0.088,0.326,0.028,57.6,24.1,0,-6.14,-0.133,65.7,264.9,1.000,5.9,13.8,200.0,113.2,78.2,67.7,63.3,59.8,57.6,55.5,53.6,51.8,49.5,47.1,43.2,36.8,28.8,21.4,10.9
76,0.562,0.000,3599.9,20.8,0.1,1,5654,1.000,0.000,0.089,0.325,0.028,57.5,26.2,0,-6.14,-0.130,65.5,264.8,1.000,5.9,13.8,200.0,113.2,78.1,67.7,63.2,59.7,57.5,55.4,53.5,51.7,49.4,47.0,43.1,36.8,28.8,21.4,10.9
77,0.582,0.000,3600.0,21.7,0.1,1,6152,1.000,0.000,-0.064,0.325,0.027,57.8,30.2,0,-1.92,-0.127,65.4,266.7,1.000,5.9,13.7,33.9,114.5,78.7,68.1,63.5,60.0,57.8,55.7,53.7,51.9,49.6,47.2,43.2,36.9,28.8,21.5,11.0
78,0.602,0.000,3600.1,22.5,-0.1,1,6903,1.000,0.000,-0.064,0.324,0.026,57.8,37.0,0,-1.93,-0.124,65.3,267.1,1.000,5.9,13.7,34.3,114.8,78.8,68.1,63.6,60.1,57.8,55.7,53.7,51.9,49.6,47.2,43.2,36.9,28.8,21.5,11.0
79,0.622,0.000,3600.2,23.4,-0.2,1,8026,1.000,0.000,0.090,0.324,0.027,57.4,47.9,0,-6.15,-0.120,65.1,265.5,1.000,5.9,13.8,200.0,113.6,78.1,67.6,63.1,59.7,57.4,55.3,53.4,51.6,49.3,46.9,43.0,36.7,28.7,21.4,10.9
80,0.642,0.000,3600.4,24.3,0.1,1,9643,0.199,0.000,0.092,0.323,0.027,57.3,64.4,0,-6.16,-0.116,65.0,265.2,1.000,5.9,13.8,200.0,113.4,78.0,67.5,63.0,59.5,57.3,55.2,53.3,51.5,49.2,46.8,42.9,36.6,28.6,21.3,10.9
81,0.662,0.000,3600.5,25.2,0.1,1,7983,0.359,0.000,0.085,0.322,0.025,57.6,45.7,0,-6.14,-0.112,64.8,267.2,1.000,5.9,13.8,200.0,114.9,78.6,67.9,63.4,59.9,57.6,55.5,53.5,51.7,49.4,47.0,43.0,36.7,28.7,21.4,10.9
82,0.682,0.000,3600.7,26.1,0.1,1,7065,0.487,0.000,-0.067,0.322,0.023,58.0,33.3,0,-1.98,-0.108,64.6,269.7,1.000,5.9,13.7,35.1,116.8,79.4,68.5,63.9,60.3,58.0,55.8,53.8,52.0,49.6,47.2,43.2,36.9,28.8,21.5,11.0
83,0.702,0.000,3600.8,27.0,-0.1,1,6476,0.590,0.000,-0.068,0.321,0.022,58.0,24.9,0,-2.00,-0.104,64.4,270.5,1.000,5.9,13.7,35.2,117.4,79.6,68.6,64.0,60.4,58.0,55.9,53.9,52.0,49.7,47.2,43.2,36.9,28.8,21.5,11.0
84,0.722,0.000,3600.9,27.8,-0.2,1,6097,0.672,0.000,0.083,0.321,0.023,57.6,18.8,0,-6.14,-0.100,64.2,268.7,1.000,5.9,13.8,200.0,116.0,78.9,68.1,63.5,59.9,57.6,55.5,53.5,51.7,49.3,46.9,43.0,36.6,28.7,21.4,11.0
85,0.742,0.000,3601.1,28.7,0.0,1,5868,0.738,0.000,0.087,0.320,0.023,57.4,14.6,0,-6.16,-0.095,64.1,268.1,1.000,5.9,13.8,200.0,115.6,78.6,67.9,63.3,59.7,57.4,55.3,53.4,51.5,49.2,46.8,42.8,36.5,28.6,21.3,10.9
86,0.762,0.000,3601.3,29.5,0.1,1,5768,0.790,0.000,0.081,0.319,0.022,57.7,11.9,0,-6.14,-0.090,63.8,270.1,1.000,5.9,13.8,200.0,117.1,79.2,68.3,63.6,60.0,57.7,55.6,53.6,51.7,49.4,46.9,42.9,36.6,28.7,21.4,11.0
87,0.782,0.000,3601.4,30.3,0.2,1,5794,0.832,0.000,0.073,0.319,0.020,58.1,10.6,0,-6.12,-0.086,63.7,364.9,1.000,5.9,13.7,200.0,119.0,80.0,68.8,64.1,60.4,58.1,55.9,53.9,52.0,49.6,47.1,43.1,36.7,28.8,21.4,11.0
88,0.802,0.000,3601.6,31.1,0.2,1,5959,0.866,0.000,0.065,0.319,0.018,58.4,10.9,0,-6.09,-0.082,63.5,364.9,1.000,5.9,13.7,200.0,120.8,80.8,69.4,64.5,60.8,58.4,56.2,54.2,52.3,49.8,47.3,43.2,36.9,28.8,21.5,11.0
89,0.822,0.000,3601.8,32.0,0.2,1,6290,0.892,0.000,-0.082,0.318,0.016,58.7,13.0,0,-2.07,-0.078,63.3,277.4,1.000,5.9,13.6,32.8,122.6,81.5,69.8,64.9,61.1,58.7,56.5,54.4,52.5,50.0,47.5,43.4,36.9,28.9,21.5,11.0
90,0.842,0.000,3602.0,32.8,-0.1,1,6838,0.914,0.000,-0.081,0.318,0.015,58.6,17.7,0,-2.09,-0.073,63.1,277.6,1.000,5.9,13.6,34.2,122.7,81.4,69.8,64.8,61.1,58.6,56.4,54.3,52.4,49.9,47.4,43.3,36.9,28.9,21.5,11.0
91,0.862,0.000,3602.1,33.6,-0.2,1,7706,0.931,0.000,0.070,0.317,0.017,58.0,25.8,0,-6.13,-0.068,62.9,364.9,1.000,5.9,13.7,200.0,120.4,80.3,68.9,64.1,60.4,58.0,55.8,53.8,51.9,49.5,47.0,42.9,36.6,28.7,21.4,11.0
92,0.882,0.000,3602.3,34.5,0.1,1,9016,0.945,0.000,0.078,0.317,0.018,57.6,38.8,0,-6.16,-0.063,62.7,364.9,1.000,5.9,13.8,200.0,119.1,79.7,68.4,63.6,60.0,57.6,55.4,53.4,51.6,49.2,46.7,42.7,36.4,28.5,21.3,11.0
93,0.902,0.000,3602.5,35.3,0.2,1,10798,0.731,0.000,0.074,0.316,0.016,57.8,57.5,0,-6.15,-0.058,62.5,364.9,1.000,5.9,13.8,200.0,120.3,80.1,68.7,63.9,60.2,57.8,55.6,53.5,51.7,49.2,46.7,42.7,36.4,28.5,21.3,11.0
94,0.922,0.000,3602.7,36.2,0.2,1,11558,0.158,0.000,0.066,0.316,0.014,58.1,65.1,0,-6.13,-0.053,62.3,364.9,1.000,5.9,13.7,200.0,122.4,80.9,69.2,64.3,60.6,58.1,55.9,53.8,51.9,49.5,46.9,42.9,36.5,28.6,21.4,11.0
95,0.942,0.000,3602.9,37.1,0.1,1,9728,0.326,0.000,0.057,0.315,0.012,58.5,44.0,0,-6.10,-0.048,62.0,364.9,1.000,5.9,13.7,200.0,124.8,81.8,69.9,64.9,61.0,58.5,56.3,54.2,52.2,49.7,47.2,43.0,36.6,28.7,21.4,11.0
96,0.962,0.000,3603.1,38.0,0.0,1,8853,0.461,0.000,0.048,0.315,0.010,59.0,32.0,0,-6.07,-0.042,61.8,364.9,1.000,5.9,13.6,200.0,127.2,82.8,70.5,65.4,61.5,59.0,56.6,54.5,52.5,50.0,47.4,43.2,36.7,28.8,21.5,11.0
97,0.982,0.000,3603.3,38.8,-0.0,1,8485,0.569,0.000,0.040,0.315,0.008,59.3,25.9,0,-6.05,-0.036,61.5,364.9,1.000,5.9,13.5,200.0,129.5,83.6,71.1,65.9,61.9,59.3,57.0,54.8,52.8,50.2,47.6,43.4,36.8,28.9,21.5,11.0
98,1.004,0.000,3603.6,39.8,-0.0,1,8512,0.655,0.000,-0.099,0.315,0.005,59.7,24.3,0,-2.26,-0.030,61.3,289.4,1.000,5.8,13.5,33.2,131.9,84.5,71.7,66.3,62.3,59.7,57.3,55.1,53.0,50.4,47.8,43.5,36.9,28.9,21.6,11.1
99,1.024,0.000,3603.8,40.6,-0.3,1,8921,0.724,0.000,0.034,0.314,0.005,59.5,27.2,0,-6.04,-0.025,61.0,364.9,1.000,5.8,13.5,200.0,132.0,84.4,71.6,66.2,62.1,59.5,57.2,55.0,52.9,50.3,47.7,43.4,36.8,28.8,21.5,11.1
100,1.044,0.000,3604.1,41.5,-0.1,1,9757,0.779,0.000,0.040,0.314,0.005,59.2,34.9,0,-6.07,-0.019,60.8,364.9,1.000,5.9,13.6,200.0,130.9,83.8,71.1,65.8,61.8,59.2,56.8,54.6,52.6,50.0,47.4,43.1,36.6,28.7,21.5,11.0
101,1.064,0.000,3604.3,42.3,-0.1,1,10870,0.823,0.000,0.039,0.314,0.004,59.2,45.8,0,-6.07,-0.013,60.5,364.9,1.000,5.9,13.6,200.0,131.7,84.0,71.2,65.9,61.8,59.2,56.8,54.6,52.6,50.0,47.4,43.1,36.6,28.7,21.4,11.0
102,1.084,0.000,3604.5,43.2,-0.1,1,12170,0.718,0.000,0.034,0.313,0.003,59.4,59.0,0,-6.06,-0.007,60.3,364.9,1.000,5.8,13.6,200.0,133.5,84.6,71.6,66.2,62.1,59.4,57.0,54.8,52.8,50.1,47.5,43.2,36.6,28.7,21.5,11.0
103,1.104,0.000,3604.8,44.1,-0.1,1,12902,0.172,0.000,0.028,0.313,0.001,59.7,66.1,0,-6.05,-0.000,60.0,364.9,1.000,5.8,13.6,200.0,135.7,85.3,72.0,66.5,62.4,59.7,57.3,55.0,52.9,50.3,47.6,43.2,36.6,28.7,21.5,11.1
104,1.124,0.000,3605.0,44.9,-0.2,1,11075,0.338,0.000,-0.063,0.313,-0.001,60.0,45.0,0,-3.81,0.010,60.0,296.8,1.000,5.8,13.5,110.2,137.9,86.1,72.5,66.9,62.7,60.0,57.5,55.2,53.1,50.5,47.7,43.3,36.7,28.8,21.5,11.1
105,1.144,0.000,3605.3,45.8,-0.4,1,10203,0.470,0.000,-0.082,0.313,-0.001,59.9,33.1,0,-3.48,0.021,59.9,297.4,1.000,5.8,13.6,95.6,138.4,86.1,72.5,66.9,62.6,59.9,57.4,55.2,53.1,50.4,47.6,43.2,36.6,28.7,21.5,11.1
106,1.164,0.000,3605.5,46.7,-0.4,1,9939,0.576,0.000,0.012,0.312,-0.000,59.3,28.1,0,-6.09,0.032,59.3,364.9,1.000,5.8,13.7,200.0,135.9,85.0,71.6,66.1,61.9,59.3,56.8,54.6,52.5,49.9,47.2,42.9,36.3,28.5,21.3,11.0
107,1.184,0.000,3605.8,47.5,-0.2,1,10135,0.661,0.000,0.016,0.312,0.001,58.7,28.6,0,-6.13,0.044,58.9,364.9,1.000,5.9,13.8,200.0,133.7,84.0,70.9,65.4,61.3,58.7,56.3,54.1,52.1,49.4,46.8,42.5,36.0,28.3,21.2,11.0
108,1.204,0.000,3606.0,48.4,-0.1,1,10683,0.729,0.000,0.013,0.312,0.000,58.5,33.0,0,-6.14,0.055,58.6,364.9,1.000,5.9,13.9,200.0,133.4,83.7,70.6,65.2,61.1,58.5,56.1,53.9,51.9,49.3,46.6,42.3,35.9,28.2,21.2,11.0
109,1.224,0.000,3606.3,49.3,-0.1,1,11504,0.783,0.000,0.008,0.312,-0.000,58.4,40.6,0,-6.15,0.067,58.4,364.9,1.000,5.9,13.9,200.0,133.9,83.7,70.6,65.1,61.0,58.4,56.0,53.8,51.8,49.2,46.5,42.2,35.8,28.1,21.1,11.0
110,1.244,0.000,3606.6,50.1,-0.2,1,12535,0.826,0.000,0.003,0.312,-0.001,58.4,50.6,0,-6.16,0.078,58.4,364.9,1.000,5.9,14.0,200.0,134.5,83.8,70.6,65.1,61.0,58.4,56.0,53.7,51.7,49.1,46.4,42.1,35.7,28.1,21.1,11.0
111,1.264,0.000,3606.9,51.0,-0.2,1,13753,0.476,0.000,-0.001,0.312,-0.002,58.3,62.8,0,-6.17,0.090,58.3,364.9,1.000,5.9,14.0,200.0,135.0,83.8,70.5,65.1,60.9,58.3,55.9,53.6,51.6,49.0,46.3,42.0,35.6,28.0,21.0,11.0
112,1.284,0.000,3607.2,51.9,-0.2,1,13258,0.581,0.000,-0.005,0.312,-0.002,58.2,56.7,0,-6.18,0.102,58.2,363.7,1.000,5.9,14.1,200.0,135.3,83.8,70.5,65.0,60.8,58.2,55.7,53.5,51.5,48.9,46.2,41.9,35.4,27.9,21.0,11.0
113,1.304,0.000,3607.4,52.8,-0.2,1,13361,0.665,0.000,-0.007,0.311,-0.003,58.0,55.8,0,-6.20,0.114,58.0,363.2,1.000,5.9,14.2,200.0,135.4,83.7,70.3,64.8,60.7,58.0,55.6,53.4,51.3,48.7,46.0,41.8,35.3,27.8,20.9,11.0
114,1.324,0.000,3607.8,53.7,-0.2,1,13859,0.682,0.000,-0.007,0.311,-0.003,57.8,59.6,0,-6.22,0.127,57.8,363.3,1.000,5.9,14.2,200.0,135.3,83.4,70.1,64.6,60.5,57.8,55.4,53.2,51.1,48.5,45.9,41.6,35.2,27.7,20.9,10.9
115,1.344,0.000,3608.1,54.6,-0.3,1,14416,0.309,0.000,-0.007,0.311,-0.004,57.6,64.3,0,-6.24,0.140,57.6,363.6,1.000,5.9,14.3,200.0,135.1,83.2,69.8,64.3,60.2,57.6,55.2,53.0,50.9,48.3,45.7,41.4,35.0,27.6,20.8,10.9
116,1.364,0.000,3608.3,55.4,-0.3,1,13110,0.447,0.000,-0.006,0.311,-0.004,57.3,48.7,0,-6.26,0.153,57.3,364.2,1.000,5.9,14.4,200.0,134.8,82.9,69.6,64.1,60.0,57.3,54.9,52.7,50.7,48.1,45.5,41.2,34.8,27.5,20.7,10.9
117,1.384,0.000,0.2,56.3,-0.2,1,12573,0.558,0.000,-0.006,0.311,-0.003,57.1,40.6,0,-6.28,0.151,57.1,364.7,1.000,5.9,14.5,200.0,134.4,82.6,69.3,63.8,59.7,57.1,54.7,52.5,50.5,47.9,45.2,41.0,34.6,27.3,20.6,10.9
118,1.404,0.000,0.5,57.2,-0.2,1,12542,0.646,0.000,-0.007,0.310,-0.001,56.8,38.4,0,-6.30,0.141,56.8,364.9,1.000,5.9,14.7,200.0,134.0,82.2,69.0,63.5,59.4,56.8,54.4,52.2,50.2,47.6,45.0,40.8,34.5,27.2,20.6,10.9
119,1.424,0.000,0.9,58.1,-0.2,1,12902,0.717,0.000,-0.007,0.310,0.001,56.5,40.6,0,-6.33,0.131,56.8,364.9,1.000,5.9,14.8,200.0,133.6,81.9,68.7,63.2,59.1,56.5,54.2,52.0,50.0,47.4,44.8,40.6,34.3,27.1,20.5,10.8
120,1.444,0.000,1.2,59.0,-0.2,1,13581,0.774,0.000,-0.009,0.310,0.003,56.2,46.5,0,-6.35,0.119,57.1,364.9,1.000,6.0,14.9,200.0,133.1,81.5,68.3,62.9,58.8,56.2,53.9,51.7,49.7,47.2,44.5,40.4,34.1,26.9,20.4,10.8
121,1.464,0.000,1.5,59.6,-0.2,1,15318,0.318,0.000,-0.010,0.310,0.005,55.9,63.6,0,-6.38,0.108,57.3,362.8,1.000,6.0,15.0,200.0,132.5,81.1,67.9,62.6,58.5,55.9,53.6,51.4,49.4,46.9,44.3,40.2,33.9,26.8,20.3,10.8
122,1.484,0.000,1.9,60.3,-0.2,1,14222,0.455,0.000,-0.011,0.309,0.007,55.6,52.3,0,-6.41,0.096,57.6,362.5,1.000,6.0,15.2,200.0,131.8,80.6,67.6,62.2,58.2,55.6,53.3,51.1,49.1,46.6,44.0,39.9,33.7,26.6,20.2,10.8
123,1.504,0.000,2.2,61.2,-0.2,1,13807,0.564,0.000,-0.012,0.308,0.009,55.3,45.8,0,-6.44,0.085,57.9,362.8,1.000,6.0,15.4,200.0,131.0,80.1,67.1,61.8,57.8,55.3,52.9,50.8,48.8,46.3,43.7,39.7,33.5,26.5,20.1,10.8
124,1.524,0.000,2.5,62.0,-0.2,1,13822,0.651,0.000,-0.014,0.308,0.011,54.9,44.1,0,-6.47,0.070,58.3,363.3,1.000,6.0,15.5,200.0,130.0,79.5,66.6,61.4,57.4,54.9,52.6,50.4,48.5,46.0,43.4,39.4,33.2,26.3,20.0,10.7
125,1.544,0.000,2.9,62.9,-0.2,1,14172,0.721,0.000,-0.015,0.307,0.014,54.4,46.3,0,-6.51,0.056,58.6,364.0,1.000,6.1,15.7,200.0,128.8,78.9,66.1,60.9,57.0,54.4,52.2,50.0,48.1,45.6,43.1,39.1,33.0,26.1,19.9,10.7
126,1.564,0.000,3.3,63.9,-0.2,1,14806,0.777,0.000,-0.016,0.305,0.016,54.0,51.6,0,-6.55,0.043,58.9,364.6,1.000,6.1,16.0,200.0,127.4,78.2,65.5,60.4,56.5,54.0,51.7,49.6,47.7,45.3,42.8,38.8,32.7,26.0,19.8,10.7
127,1.584,0.000,3.6,64.8,-0.2,1,15699,0.569,0.000,-0.015,0.304,0.019,53.5,59.9,0,-6.59,0.029,59.3,364.9,1.000,6.1,16.2,200.0,125.9,77.4,64.9,59.8,55.9,53.5,51.2,49.2,47.3,44.9,42.4,38.5,32.5,25.8,19.7,10.6
128,1.604,0.000,4.0,65.8,-0.2,1,15494,0.655,0.000,-0.016,0.303,0.022,53.0,56.4,0,-6.64,0.014,59.6,364.9,1.000,6.1,16.5,200.0,124.2,76.5,64.2,59.2,55.4,53.0,50.8,48.7,46.8,44.5,42.0,38.1,32.2,25.6,19.5,10.6
129,1.624,0.000,4.4,66.7,-0.1,1,15786,0.721,0.000,0.020,0.301,0.025,52.4,57.7,0,-6.69,-0.002,60.1,364.9,1.000,6.2,16.8,200.0,122.4,75.6,63.5,58.6,54.8,52.4,50.2,48.2,46.4,44.0,41.6,37.7,31.9,25.3,19.4,10.5
130,1.644,0.000,4.7,67.7,-0.0,1,16432,0.183,0.000,0.052,0.300,0.028,52.0,63.2,0,-6.72,-0.012,60.5,364.9,1.000,6.2,17.0,200.0,121.5,75.0,63.1,58.1,54.4,52.0,49.9,47.9,46.0,43.7,41.3,37.5,31.7,25.2,19.3,10.5
131,1.664,0.000,5.1,68.6,0.1,1,14280,0.347,0.000,0.074,0.298,0.029,52.0,38.5,0,-6.73,-0.022,60.9,364.9,1.000,6.2,17.2,200.0,122.4,75.2,63.1,58.1,54.4,52.0,49.8,47.8,45.9,43.6,41.2,37.3,31.5,25.1,19.2,10.5
132,1.684,0.000,5.5,69.5,0.1,1,13187,0.477,0.000,0.084,0.296,0.029,52.3,23.9,0,-6.71,-0.033,61.4,364.9,1.000,6.3,17.2,200.0,125.6,76.1,63.7,58.6,54.7,52.3,50.1,48.0,46.1,43.8,41.3,37.4,31.6,25.1,19.2,10.5
133,1.704,0.000,5.9,70.3,0.0,1,12778,0.582,0.000,0.086,0.294,0.027,52.9,17.2,0,-6.66,-0.044,61.9,364.9,1.000,6.3,17.2,200.0,131.0,77.8,64.7,59.4,55.5,52.9,50.6,48.5,46.6,44.1,41.6,37.7,31.7,25.1,19.2,10.5
134,1.724,0.000,6.3,71.2,-0.1,1,12895,0.666,0.000,0.024,0.292,0.025,53.8,16.7,0,-4.98,-0.056,62.4,297.2,1.000,6.3,17.1,134.6,138.3,80.0,66.2,60.6,56.4,53.8,51.4,49.2,47.2,44.7,42.1,38.0,31.9,25.2,19.3,10.5
135,1.744,0.000,6.7,72.1,-0.3,1,13395,0.732,0.000,0.002,0.291,0.024,54.6,20.6,0,-4.39,-0.068,62.9,221.8,1.000,6.3,17.0,110.5,145.5,82.1,67.5,61.6,57.3,54.6,52.1,49.8,47.8,45.1,42.5,38.3,32.0,25.3,19.3,10.5
136,1.764,0.000,7.1,73.0,-0.5,1,13968,0.786,0.000,-0.002,0.289,0.024,55.0,25.5,0,-4.19,-0.081,63.5,220.3,1.000,6.3,17.0,100.4,150.4,83.4,68.2,62.2,57.8,55.0,52.4,50.1,48.0,45.4,42.6,38.4,32.0,25.2,19.3,10.5
137,1.784,0.000,7.5,74.0,-0.6,1,14728,0.829,0.000,0.001,0.286,0.025,55.1,32.2,0,-4.13,-0.096,64.1,221.3,1.000,6.3,17.2,96.0,153.6,84.0,68.6,62.4,57.9,55.1,52.5,50.2,48.1,45.4,42.6,38.3,32.0,25.1,19.2,10.4
138,1.804,0.000,7.9,75.0,-0.7,1,15726,0.863,0.000,0.006,0.284,0.026,55.1,41.6,0,-4.12,-0.111,64.7,222.0,1.000,6.3,17.4,93.4,156.1,84.4,68.7,62.5,58.0,55.1,52.5,50.2,48.0,45.3,42.6,38.3,31.9,25.0,19.1,10.4
139,1.824,0.000,8.4,76.0,-0.7,1,16957,0.890,0.000,0.010,0.282,0.027,55.2,53.6,0,-4.11,-0.127,65.4,222.8,1.000,6.4,17.5,90.9,158.9,84.9,68.9,62.7,58.0,55.2,52.5,50.2,48.0,45.3,42.5,38.2,31.8,24.9,19.1,10.4
140,1.844,0.000,8.8,77.0,-0.7,1,18431,0.000,0.000,0.012,0.279,0.028,55.3,68.5,0,-4.10,-0.143,66.1,223.9,1.000,6.4,17.7,87.9,162.6,85.6,69.3,62.9,58.2,55.3,52.6,50.2,48.0,45.3,42.5,38.1,31.7,24.8,19.0,10.3
141,1.864,0.000,9.2,77.9,-0.8,1,15123,0.200,0.000,0.011,0.276,0.029,55.5,31.6,0,-4.09,-0.161,66.8,225.5,1.000,6.4,17.9,84.3,167.6,86.6,69.8,63.3,58.5,55.5,52.8,50.4,48.1,45.4,42.5,38.1,31.6,24.8,18.9,10.3
142,1.884,0.000,9.7,78.7,-0.8,1,13330,0.360,0.000,0.010,0.273,0.029,55.8,8.8,0,-4.10,-0.179,67.6,227.3,1.000,6.5,18.0,81.0,173.2,87.7,70.4,63.7,58.8,55.8,53.0,50.5,48.3,45.5,42.6,38.1,31.6,24.7,18.9,10.3
143,1.904,0.000,10.1,79.4,-0.7,1,12775,0.488,0.000,0.011,0.270,0.030,55.9,0.2,0,-4.12,-0.199,68.5,228.3,1.000,6.5,18.2,79.3,176.6,88.4,70.7,63.9,58.9,55.9,53.1,50.6,48.3,45.4,42.6,38.1,31.5,24.6,18.8,10.3
144,1.924,0.000,10.6,80.0,-0.5,1,13061,0.590,0.000,0.015,0.268,0.032,55.7,2.2,0,-4.14,-0.219,69.3,228.5,1.000,6.5,18.5,79.2,177.6,88.5,70.6,63.8,58.8,55.7,52.9,50.4,48.1,45.3,42.4,37.9,31.3,24.4,18.7,10.2
145,1.944,0.000,11.0,80.7,-0.4,1,13559,0.672,0.000,0.019,0.265,0.034,55.6,6.6,0,-4.17,-0.239,70.2,228.6,1.000,6.6,18.8,79.3,178.2,88.5,70.5,63.7,58.7,55.6,52.8,50.2,48.0,45.1,42.2,37.7,31.1,24.3,18.6,10.2
146,1.964,0.000,11.5,81.5,-0.3,1,14216,0.738,0.000,0.019,0.262,0.036,55.5,12.6,0,-4.19,-0.265,71.3,229.0,1.000,6.6,19.1,78.9,179.1,88.8,70.6,63.6,58.6,55.5,52.7,50.1,47.8,45.0,42.1,37.6,31.0,24.1,18.5,10.1
147,1.984,0.000,11.9,82.3,-0.3,1,15057,0.790,0.000,0.014,0.259,0.037,55.5,20.6,0,-4.20,-0.295,72.6,229.8,1.000,6.7,19.4,78.0,180.3,89.3,70.8,63.7,58.6,55.5,52.6,50.1,47.8,44.9,42.0,37.5,30.9,24.0,18.4,10.1
148,2.006,0.000,12.4,83.4,-0.4,1,16044,0.832,0.000,0.008,0.255,0.039,55.5,30.0,0,-4.20,-0.330,74.0,230.9,1.000,6.7,19.7,76.9,181.5,90.0,71.0,63.9,58.7,55.5,52.7,50.1,47.7,44.8,41.9,37.4,30.7,23.9,18.3,10.1
149,2.028,0.000,12.9,84.5,-0.4,1,17102,0.866,0.000,0.001,0.251,0.041,55.6,40.0,0,-4.21,-0.367,75.6,231.9,1.000,6.8,20.0,75.9,182.5,90.6,71.3,64.0,58.8,55.6,52.7,50.1,47.7,44.8,41.8,37.2,30.6,23.7,18.2,10.0
150,2.050,0.000,13.5,85.6,-0.5,1,18297,0.893,0.000,-0.005,0.247,0.043,55.5,51.4,0,-4.22,-0.406,77.3,232.7,1.000,6.8,20.4,75.3,183.2,91.2,71.5,64.1,58.8,55.5,52.6,50.0,47.6,44.6,41.7,37.1,30.5,23.6,18.0,10.0
151,2.072,0.000,14.0,86.8,-0.6,1,19642,0.024,0.000,-0.012,0.243,0.045,55.4,64.7,0,-4.24,-0.447,79.0,233.2,1.000,6.9,20.7,75.1,183.6,91.5,71.5,64.1,58.7,55.4,52.5,49.8,47.5,44.5,41.5,36.9,30.3,23.4,17.9,9.9
152,2.094,0.000,14.5,87.8,-0.7,2,14234,0.219,0.000,-0.007,0.238,0.047,55.2,32.1,0,-4.26,-0.470,80.8,233.3,1.000,6.9,21.2,75.4,183.7,91.5,71.4,63.9,58.5,55.2,52.3,49.6,47.2,44.2,41.3,36.7,30.1,23.2,17.8,9.9
153,2.116,0.000,15.1,88.8,-0.6,2,14212,0.375,0.000,0.011,0.233,0.050,54.9,1.6,0,-4.30,-0.470,82.7,232.9,1.000,7.0,21.6,76.1,183.5,91.3,71.0,63.5,58.2,54.9,51.9,49.3,46.9,43.9,41.0,36.4,29.8,23.0,17.6,9.8
154,2.138,0.000,15.6,88.9,-0.4,2,10238,0.500,0.000,0.031,0.228,0.053,54.4,-6.5,0,-4.35,-0.470,54.4,232.1,1.000,7.1,22.1,77.2,183.0,90.8,70.6,63.1,57.7,54.4,51.5,48.9,46.5,43.6,40.6,36.1,29.5,22.8,17.4,9.7
155,2.160,0.000,16.2,89.3,-0.2,2,10690,0.600,0.000,0.048,0.222,0.056,54.2,0.0,0,-4.37,-0.470,54.2,232.2,1.000,7.1,22.5,77.4,183.1,90.8,70.4,62.9,57.5,54.2,51.3,48.7,46.3,43.3,40.4,35.9,29.3,22.6,17.3,9.7
156,2.182,0.000,16.7,89.9,-0.1,2,10939,0.680,0.000,0.058,0.217,0.057,54.4,2.9,0,-4.36,-0.470,54.4,234.1,1.000,7.2,22.7,75.9,184.0,92.0,70.9,63.2,57.8,54.4,51.4,48.7,46.3,43.3,40.4,35.8,29.2,22.5,17.2,9.6
157,2.204,0.000,17.3,90.6,-0.1,2,11202,0.744,0.000,0.062,0.212,0.058,55.0,5.6,0,-4.32,-0.470,55.0,237.7,1.000,7.3,22.8,73.1,185.7,94.4,72.2,64.1,58.4,55.0,51.9,49.1,46.7,43.6,40.6,35.9,29.2,22.4,17.1,9.6
158,2.226,0.000,17.8,91.5,-0.1,2,11423,0.795,0.000,0.062,0.206,0.057,55.8,7.6,0,-4.26,-0.470,55.8,242.9,1.000,7.3,22.8,69.8,187.7,97.8,74.0,65.5,59.5,55.8,52.6,49.8,47.2,44.0,40.9,36.1,29.3,22.4,17.0,9.5
159,2.248,0.000,18.4,92.4,-0.2,2,11647,0.836,0.000,0.061,0.201,0.057,56.9,9.3,0,-4.19,-0.470,56.9,249.2,1.000,7.4,22.7,66.4,189.7,102.1,76.2,67.1,60.8,56.9,53.6,50.6,47.9,44.6,41.4,36.4,29.5,22.4,17.0,9.5
160,2.270,0.000,19.0,93.4,-0.3,2,11918,0.869,0.000,0.058,0.195,0.056,58.2,11.7,0,-4.12,-0.470,58.2,256.6,1.000,7.4,22.6,63.3,191.6,107.3,78.8,69.0,62.3,58.2,54.7,51.5,48.7,45.3,41.9,36.8,29.6,22.5,17.0,9.5
161,2.292,0.000,19.6,94.4,-0.5,2,12246,0.895,0.000,0.055,0.189,0.055,59.7,14.9,0,-4.04,-0.470,59.7,358.4,1.000,7.4,22.5,60.4,193.5,113.4,81.8,71.2,64.0,59.7,55.9,52.6,49.6,46.0,42.5,37.2,29.8,22.5,16.9,9.4
162,2.314,0.000,20.1,95.4,-0.6,2,12640,0.916,0.000,0.051,0.183,0.054,61.3,19.0,0,-3.97,-0.470,61.3,360.2,1.000,7.5,22.4,57.6,195.3,120.9,85.3,73.8,66.0,61.3,57.3,53.8,50.7,46.9,43.2,37.7,30.0,22.6,16.9,9.4
163,2.336,0.000,20.7,96.4,-0.8,2,13095,0.933,0.000,0.046,0.177,0.053,63.3,24.0,0,-3.89,-0.470,63.3,362.1,1.000,7.5,22.2,55.0,197.2,130.4,89.6,76.8,68.3,63.3,59.0,55.2,51.9,47.9,44.0,38.2,30.3,22.7,16.9,9.3
164,2.358,0.000,21.3,97.4,-1.1,2,13593,0.946,0.000,0.039,0.171,0.051,65.7,29.8,0,-3.81,-0.470,124.5,364.0,1.000,7.6,22.0,52.4,199.0,142.7,94.9,80.6,71.2,65.7,61.0,56.9,53.4,49.1,45.0,38.9,30.7,22.8,16.9,9.3
165,2.380,0.000,21.9,98.5,-1.4,2,14120,0.957,0.000,0.030,0.165,0.049,68.5,36.0,0,-3.71,-0.470,132.9,364.9,1.000,7.6,21.8,50.0,200.0,158.9,101.5,85.1,74.5,68.5,63.4,58.9,55.1,50.5,46.1,39.7,31.1,22.9,16.9,9.3
166,2.402,0.000,22.5,99.5,-1.7,2,14672,0.966,0.000,0.020,0.159,0.047,71.8,42.5,0,-3.60,-0.470,137.9,364.9,1.000,7.7,21.6,47.8,200.0,170.3,109.5,90.4,78.5,71.8,66.1,61.3,57.1,52.1,47.4,40.6,31.5,23.1,17.0,9.2
167,2.424,0.000,23.2,100.6,-2.1,2,15206,0.973,0.000,0.010,0.152,0.045,75.6,48.8,0,-3.47,-0.470,141.1,364.9,1.000,7.7,21.4,45.8,200.0,175.7,119.3,96.8,83.2,75.6,69.2,63.9,59.3,53.9,48.8,41.5,32.0,23.3,17.0,9.2
168,2.446,0.000,23.8,101.7,-2.4,2,15699,0.564,0.000,-0.000,0.145,0.043,79.9,54.3,0,-3.34,-0.470,146.2,364.9,1.000,7.8,21.1,44.0,200.0,179.7,131.3,104.4,88.5,79.9,72.8,66.8,61.8,55.9,50.4,42.6,32.5,23.5,17.1,9.2
169,2.468,0.000,24.4,102.8,-2.7,2,14775,0.651,0.000,-0.010,0.138,0.041,84.7,39.1,0,-3.20,-0.470,154.8,364.9,1.000,7.8,20.9,42.4,200.0,183.0,146.1,113.2,94.6,84.7,76.7,70.0,64.5,58.0,52.0,43.7,33.1,23.7,17.1,9.1
170,2.490,0.000,25.0,103.9,-3.0,2,14245,0.721,0.000,-0.036,0.131,0.040,89.7,28.7,0,-2.52,-0.470,166.3,350.2,1.000,7.9,20.8,41.1,140.8,185.5,161.9,122.8,101.0,89.7,80.6,73.3,67.1,60.1,53.6,44.7,33.6,23.8,17.1,9.1
171,2.512,0.000,25.7,105.0,-3.1,2,14014,0.777,0.000,-0.037,0.123,0.040,93.7,22.9,0,-2.35,-0.470,171.0,351.7,1.000,7.9,20.8,40.4,128.1,187.0,167.3,131.0,106.3,93.7,83.8,75.8,69.1,61.6,54.8,45.4,33.9,23.9,17.1,9.0
172,2.534,0.000,26.3,106.0,-3.0,2,14012,0.821,0.000,-0.028,0.116,0.041,96.2,20.8,0,-2.27,-0.470,173.8,352.3,1.000,8.0,20.8,40.1,121.9,187.6,169.3,136.5,109.7,96.2,85.6,77.2,70.3,62.4,55.4,45.7,34.0,23.9,17.0,8.9
173,2.556,0.000,27.0,107.0,-2.8,2,14161,0.857,0.000,-0.013,0.108,0.044,97.7,21.2,0,-2.23,-0.470,176.2,352.5,1.000,8.1,21.0,40.1,118.6,187.7,170.2,140.1,111.8,97.7,86.7,78.0,70.9,62.8,55.6,45.8,33.9,23.8,16.9,8.9
174,2.578,0.000,27.6,108.0,-2.5,2,14410,0.886,0.000,0.002,0.101,0.046,99.2,23.1,0,-2.19,-0.470,178.3,352.5,1.000,8.2,21.1,40.1,115.5,187.8,170.9,144.0,114.0,99.2,87.8,78.8,71.5,63.2,55.9,45.9,33.9,23.7,16.8,8.8
175,2.600,0.000,28.3,109.1,-2.3,2,14725,0.908,0.000,0.015,0.093,0.048,101.7,26.0,0,-2.13,-0.470,180.3,352.9,1.000,8.3,21.1,39.9,111.4,188.1,172.0,150.0,117.4,101.7,89.7,80.2,72.5,64.0,56.4,46.2,33.9,23.6,16.8,8.7
176,2.622,0.000,29.0,110.1,-2.3,2,15070,0.927,0.000,0.022,0.085,0.050,105.9,29.3,0,-2.04,-0.470,182.1,353.6,1.000,8.3,21.1,39.4,105.8,188.8,173.6,158.5,123.2,105.9,92.8,82.6,74.4,65.4,57.4,46.8,34.2,23.7,16.7,8.7
177,2.644,0.000,29.6,111.2,-2.3,2,15452,0.941,0.000,0.024,0.077,0.050,112.4,33.2,0,-1.93,-0.470,183.8,354.8,1.000,8.4,21.0,38.7,99.0,189.9,175.6,163.7,132.4,112.4,97.7,86.3,77.4,67.6,59.0,47.7,34.6,23.8,16.7,8.6
178,2.666,0.000,30.3,112.3,-2.4,2,15862,0.953,0.000,0.022,0.069,0.049,122.0,37.5,0,-1.79,-0.470,185.4,356.2,1.000,8.4,20.9,37.8,91.8,191.4,178.0,167.9,146.2,122.0,104.7,91.7,81.6,70.7,61.3,49.1,35.2,24.0,16.8,8.6
179,2.688,0.000,31.0,113.4,-2.7,2,16302,0.963,0.000,0.015,0.061,0.048,135.9,42.2,0,-1.65,-0.470,186.8,357.9,1.000,8.4,20.7,36.7,84.7,193.0,180.5,171.7,160.0,135.9,114.6,99.1,87.2,74.8,64.3,50.9,36.0,24.3,16.9,8.5
180,2.710,0.000,31.7,114.5,-3.0,2,16772,0.949,0.000,0.007,0.053,0.046,154.8,47.3,0,-1.50,-0.470,188.2,359.8,1.000,8.5,20.4,35.6,78.1,194.9,183.1,175.2,166.1,154.8,128.1,108.9,94.7,80.0,68.0,53.1,37.0,24.7,17.0,8.5
181,2.732,0.000,32.4,115.7,-3.4,2,17180,0.549,0.000,-0.010,0.044,0.043,163.2,51.6,0,-1.36,-0.470,188.9,362.0,1.000,8.5,20.1,34.6,72.2,197.0,185.5,178.3,170.6,163.2,146.9,121.9,104.3,86.7,72.7,55.8,38.2,25.1,17.1,8.5
182,2.754,0.000,33.1,116.8,-3.8,2,16157,0.639,0.000,-0.041,0.036,0.036,168.1,34.8,0,-1.22,-0.470,188.2,364.1,1.000,8.5,19.9,33.5,67.3,199.2,187.7,181.0,174.1,168.1,160.0,138.7,116.1,94.6,78.0,58.8,39.4,25.6,17.3,8.5
183,2.776,0.000,33.8,117.8,-4.0,2,15578,0.711,0.000,0.159,0.028,0.031,171.0,23.6,0,-0.92,0.000,187.2,353.9,1.000,8.5,19.7,32.8,64.0,149.8,189.1,182.8,176.4,171.0,164.4,153.9,127.7,101.9,82.8,61.3,40.4,25.9,17.4,8.5
184,2.798,0.000,34.6,118.8,-3.7,2,15342,0.769,0.000,0.146,0.020,0.025,173.6,18.6,0,-0.76,0.000,186.4,355.3,1.000,8.5,19.5,32.1,60.9,132.7,190.5,184.5,178.5,173.6,167.8,160.3,142.6,111.0,88.6,64.3,41.6,26.3,17.5,8.4
185,2.820,0.000,35.3,119.8,-3.6,2,15376,0.815,0.000,0.100,0.014,0.017,177.4,17.3,0,-0.56,0.000,185.6,358.1,1.000,8.5,19.1,31.0,56.5,112.6,193.3,187.3,181.8,177.4,172.5,166.7,159.0,129.8,100.0,70.0,43.8,27.1,17.8,8.5
186,2.842,0.000,36.0,120.7,-3.8,2,15583,0.852,0.000,0.047,0.009,0.007,181.5,18.3,0,-0.37,0.000,184.8,361.8,1.000,8.5,18.7,29.6,51.9,95.2,196.9,190.6,185.5,181.5,177.2,172.4,166.8,155.5,118.9,78.6,46.9,28.1,18.2,8.5
187,2.864,0.000,36.8,121.6,-4.2,2,15882,0.882,0.000,-0.013,0.004,-0.003,185.2,20.9,0,-0.01,0.000,185.2,359.2,1.000,8.4,18.2,28.4,47.9,82.3,128.7,194.3,188.9,185.2,181.4,177.2,172.4,164.4,147.6,90.0,50.6,29.4,18.7,8.5
188,2.886,0.000,37.5,122.6,-4.6,2,16225,0.905,0.000,-0.063,0.001,-0.011,188.0,24.1,0,0.25,0.000,188.0,356.6,1.000,8.4,17.8,27.4,45.0,73.9,109.1,146.1,191.8,188.0,184.3,180.5,176.3,169.5,159.2,102.8,54.3,30.5,19.1,8.6
189,2.908,0.000,38.3,123.6,-4.9,2,16579,0.924,0.000,-0.094,-0.003,-0.017,189.6,27.6,0,0.37,0.000,189.6,358.4,1.000,8.4,17.6,26.8,43.3,69.3,99.2,128.8,193.5,189.6,185.9,182.2,178.3,172.0,163.2,113.5,57.0,31.3,19.3,8.6
190,2.930,0.000,39.0,124.7,-4.9,2,16932,0.939,0.000,-0.107,-0.005,-0.019,189.8,31.0,0,0.41,0.000,189.8,358.6,1.000,8.4,17.5,26.6,42.7,67.7,95.7,122.9,193.7,189.8,186.0,182.4,178.6,172.5,164.1,118.5,58.2,31.6,19.4,8.6
191,2.952,0.000,39.8,125.8,-4.6,2,17272,0.952,0.000,-0.103,-0.008,-0.019,188.7,34.2,0,0.40,0.000,188.7,357.5,1.000,8.4,17.6,26.7,43.0,68.2,96.8,124.6,192.6,188.7,185.0,181.4,177.5,171.5,163.0,117.0,57.8,31.4,19.4,8.6
192,2.974,0.000,40.6,127.0,-4.0,2,17602,0.961,0.000,-0.089,-0.010,-0.016,186.8,37.1,0,0.34,0.000,186.8,355.4,1.000,8.4,17.8,27.1,43.9,70.4,101.1,131.7,190.6,186.8,183.1,179.5,175.5,169.3,160.4,111.2,56.2,31.0,19.2,8.5
193,2.996,0.000,41.4,128.2,-3.3,2,17923,0.969,0.000,-0.068,-0.011,-0.013,184.4,39.9,0,0.25,0.000,184.4,352.9,1.000,8.5,18.0,27.5,45.1,73.6,107.8,143.4,188.1,184.4,180.8,177.0,172.9,166.4,156.8,103.9,54.3,30.3,18.9,8.5
194,3.018,0.000,42.1,129.4,-2.6,2,18248,0.975,0.000,-0.043,-0.013,-0.009,181.9,42.7,0,0.07,0.000,181.9,355.8,1.000,8.5,18.2,28.1,46.5,77.4,115.9,191.0,185.6,181.9,178.3,174.5,170.2,163.3,152.6,97.2,52.4,29.7,18.7,8.4
195,3.040,0.000,42.9,130.7,-2.0,2,18574,0.980,0.000,-0.025,-0.014,-0.006,179.7,45.5,0,0.01,0.000,179.7,353.4,1.000,8.6,18.4,28.5,47.8,80.9,123.9,188.6,183.3,179.7,176.1,172.1,167.7,160.4,148.2,92.0,50.8,29.2,18.5,8.4
196,3.062,0.000,43.7,131.9,-1.5,2,18894,0.945,0.000,-0.012,-0.016,-0.003,177.9,48.2,0,-0.04,0.000,177.9,351.4,1.000,8.6,18.5,28.9,48.8,83.6,130.3,186.7,181.5,177.9,174.2,170.1,165.6,158.0,144.1,88.7,49.7,28.8,18.3,8.4
197,3.084,0.000,44.5,133.1,-1.1,3,14909,0.956,0.000,-0.004,-0.016,-0.002,176.5,11.9,0,-0.07,0.000,176.5,349.8,1.000,8.6,18.6,29.1,49.3,85.3,134.4,185.2,180.1,176.5,172.7,168.6,164.0,156.3,140.8,86.8,49.1,28.6,18.2,8.4
198,3.106,0.000,45.4,133.6,-0.7,3,14882,0.965,0.000,0.001,-0.017,-0.001,175.3,-9.2,0,-0.10,0.000,175.3,348.5,1.000,8.6,18.7,29.2,49.7,86.5,137.3,183.9,178.8,175.3,171.5,167.4,162.7,154.9,137.8,85.5,48.7,28.5,18.2,8.3
199,3.128,0.000,46.2,133.4,-0.5,3,12158,0.972,0.000,0.005,-0.018,-0.000,174.1,-10.3,0,-0.12,0.000,174.1,347.3,1.000,8.6,18.8,29.4,50.1,87.4,140.8,182.7,177.7,174.1,170.3,166.2,161.5,153.6,135.4,84.6,48.4,28.4,18.1,8.3
200,3.150,0.000,47.0,133.9,-0.3,3,12968,0.978,0.000,0.011,-0.018,0.000,173.2,4.9,0,-0.26,0.000,173.3,352.6,1.000,8.6,18.8,29.4,50.2,87.7,187.8,181.7,176.7,173.2,169.4,165.3,160.7,152.8,134.7,84.3,48.3,28.3,18.1,8.3
201,3.172,0.000,47.8,134.7,-0.2,3,13193,0.982,0.000,0.009,-0.018,-0.000,172.5,8.0,0,-0.25,0.000,172.5,351.9,1.000,8.6,18.8,29.3,50.0,87.2,187.1,181.0,176.0,172.5,168.8,164.7,160.1,152.4,135.9,84.8,48.4,28.4,18.1,8.3
202,3.194,0.000,48.6,135.7,-0.2,3,13317,0.986,0.000,0.000,-0.018,-0.001,172.0,8.8,0,-0.09,0.000,172.0,344.9,1.000,8.6,18.7,29.2,49.7,86.3,137.1,180.5,175.5,172.0,168.3,164.3,159.8,152.2,137.8,85.7,48.8,28.5,18.1,8.3
203,3.216,0.000,49.5,136.6,-0.3,3,13393,0.988,0.000,-0.004,-0.019,-0.002,171.4,8.6,0,-0.08,0.000,171.4,344.3,1.000,8.6,18.7,29.2,49.5,85.5,134.8,179.8,174.9,171.4,167.7,163.8,159.3,151.9,138.6,86.5,49.0,28.6,18.2,8.3
204,3.238,0.000,50.3,137.6,-0.3,3,13455,0.991,0.000,-0.005,-0.019,-0.002,170.7,8.0,0,-0.07,0.000,170.7,343.4,1.000,8.6,18.7,29.1,49.4,85.2,134.1,179.0,174.1,170.7,167.0,163.0,158.7,151.4,138.5,86.9,49.1,28.6,18.2,8.3
205,3.260,0.000,51.2,138.6,-0.2,3,13521,0.993,0.000,-0.004,-0.018,-0.002,169.8,7.5,0,-0.08,0.000,169.8,342.4,1.000,8.6,18.7,29.1,49.4,85.3,134.7,178.1,173.2,169.8,166.1,162.2,157.8,150.6,137.9,86.8,49.1,28.6,18.2,8.3
206,3.282,0.000,52.0,139.6,-0.2,3,13599,0.994,0.000,0.002,-0.018,-0.002,168.8,7.2,0,-0.22,0.000,168.8,347.7,1.000,8.6,18.7,29.2,49.5,85.6,183.1,177.1,172.2,168.8,165.2,161.2,156.9,149.7,137.1,86.5,49.0,28.5,18.2,8.3
207,3.304,0.000,52.9,140.6,-0.1,3,13690,0.995,0.000,0.002,-0.018,-0.002,167.9,7.2,0,-0.22,0.000,167.9,346.6,1.000,8.6,18.7,29.2,49.5,85.7,182.1,176.1,171.3,167.9,164.3,160.3,156.0,148.8,136.4,86.3,48.9,28.5,18.2,8.3
208,3.326,0.000,53.7,141.5,-0.1,3,13790,0.996,0.000,0.002,-0.018,-0.002,167.0,7.3,0,-0.22,0.000,167.0,345.6,1.000,8.6,18.7,29.2,49.5,85.7,181.1,175.2,170.4,167.0,163.4,159.5,155.2,148.1,136.0,86.3,48.9,28.5,18.2,8.3
209,3.348,0.000,54.6,142.5,-0.1,3,13893,0.997,0.000,0.002,-0.018,-0.002,166.2,7.6,0,-0.22,0.000,166.2,344.7,1.000,8.6,18.7,29.2,49.5,85.6,180.2,174.3,169.5,166.2,162.6,158.7,154.4,147.4,135.6,86.5,49.0,28.6,18.2,8.3
210,3.370,0.000,55.5,143.4,-0.1,3,13993,0.998,0.000,0.001,-0.018,-0.002,165.3,7.7,0,-0.22,0.000,165.3,343.7,1.000,8.6,18.7,29.1,49.4,85.3,179.3,173.5,168.7,165.3,161.8,157.9,153.7,146.8,135.3,86.7,49.1,28.6,18.2,8.3
211,3.392,0.000,56.4,144.4,-0.1,3,14088,0.998,0.000,-0.000,-0.018,-0.002,164.5,7.8,0,-0.21,0.000,164.5,342.8,1.000,8.6,18.6,29.1,49.3,85.1,178.4,172.6,167.8,164.5,161.0,157.2,153.0,146.1,134.9,87.0,49.2,28.6,18.2,8.4
212,3.414,0.000,57.2,145.4,-0.1,3,14176,0.998,0.000,-0.001,-0.017,-0.002,163.6,7.7,0,-0.21,0.000,163.6,341.8,1.000,8.6,18.6,29.1,49.3,85.0,177.5,171.7,166.9,163.6,160.1,156.3,152.2,145.4,134.5,87.1,49.2,28.6,18.2,8.4
213,3.436,0.000,58.1,146.4,-0.1,3,14262,0.999,0.000,-0.001,-0.017,-0.002,162.7,7.6,0,-0.21,0.000,162.7,340.8,1.000,8.6,18.6,29.1,49.2,84.9,176.5,170.7,166.0,162.7,159.2,155.5,151.4,144.6,133.9,87.2,49.2,28.7,18.2,8.4
214,3.458,0.000,59.0,147.3,-0.0,3,14347,0.999,0.000,-0.001,-0.017,-0.002,161.8,7.4,0,-0.21,0.000,161.8,339.7,1.000,8.6,18.6,29.1,49.2,84.9,175.5,169.8,165.1,161.8,158.3,154.6,150.5,143.8,133.3,87.2,49.2,28.7,18.2,8.4
215,3.480,0.000,59.9,148.3,-0.0,3,14429,0.999,0.000,-0.001,-0.017,-0.002,160.9,7.2,0,-0.21,0.000,160.9,338.6,1.000,8.6,18.6,29.1,49.2,85.0,174.5,168.8,164.1,160.9,157.4,153.7,149.6,143.0,132.6,87.1,49.2,28.7,18.2,8.4
216,3.502,0.000,60.8,149.3,-0.0,3,14510,0.999,0.000,-0.201,-0.016,-0.002,159.9,7.0,0,-0.21,-0.850,159.9,337.5,1.000,8.6,18.6,29.1,49.3,85.0,173.4,167.8,163.1,159.9,156.5,152.8,148.7,142.2,131.9,87.0,49.2,28.6,18.2,8.4
217,3.524,0.000,61.8,150.3,-0.3,3,14595,0.999,0.000,-0.001,-0.016,0.001,157.8,7.5,0,-0.25,0.000,158.2,335.0,1.000,8.6,18.8,29.5,50.5,88.7,171.2,165.6,161.1,157.8,154.3,150.5,146.4,139.5,128.2,83.4,48.0,28.3,18.1,8.3
218,3.546,0.000,62.7,151.2,0.5,3,14691,1.000,0.000,-0.201,-0.017,0.007,154.4,7.0,0,-0.36,-0.850,157.3,331.1,1.000,8.7,19.2,30.4,53.3,97.8,167.6,162.3,157.8,154.4,150.7,146.7,142.1,134.4,115.6,76.5,45.7,27.4,17.7,8.3
219,3.568,0.000,63.6,152.1,0.6,3,14788,1.000,0.000,-0.001,-0.018,0.014,150.7,7.7,0,-0.49,0.000,156.3,327.2,1.000,8.8,19.5,31.4,56.5,109.2,164.1,158.9,154.3,150.7,146.8,142.5,137.5,128.2,102.6,70.5,43.5,26.6,17.4,8.2
220,3.590,0.000,64.5,153.1,1.4,3,14898,1.000,0.000,-0.201,-0.020,0.022,146.1,7.6,0,-0.90,-0.850,155.3,333.9,1.000,8.8,20.1,32.8,61.2,170.2,160.0,154.9,150.0,146.1,141.9,137.0,130.9,113.7,89.5,64.1,40.9,25.6,17.0,8.1
221,3.612,0.000,65.5,154.0,1.6,3,14998,1.000,0.000,-0.001,-0.022,0.030,141.6,8.4,0,-1.03,0.000,154.3,329.5,1.000,8.9,20.6,34.3,66.3,166.1,156.3,151.0,145.8,141.6,136.9,131.2,122.9,99.2,80.3,59.2,38.8,24.8,16.6,8.1
222,3.634,0.000,66.4,154.9,2.3,3,15109,1.000,0.000,-0.185,-0.025,0.038,136.0,8.3,0,-1.21,-0.850,153.3,324.6,1.000,9.1,21.3,36.1,73.3,161.7,152.1,146.4,140.7,136.0,130.3,122.3,105.2,86.3,71.6,54.3,36.6,23.9,16.2,8.0
223,3.656,0.000,67.4,155.9,2.4,3,15205,1.000,0.000,0.015,-0.029,0.046,130.3,9.1,0,-1.39,0.000,152.1,320.2,1.000,9.2,21.9,37.9,80.9,157.8,148.1,142.0,135.7,130.3,122.8,106.9,92.1,77.2,65.2,50.5,34.8,23.1,15.8,7.9
224,3.678,0.000,68.3,156.8,3.0,3,15304,1.000,0.000,0.215,-0.035,0.054,122.5,8.7,0,-1.63,0.000,122.5,315.6,1.000,9.3,22.7,40.1,91.2,153.8,143.6,136.9,129.7,122.5,107.3,92.4,81.1,69.3,59.4,46.9,33.0,22.2,15.4,7.8
225,3.700,0.000,69.3,157.7,3.3,3,15363,1.000,0.000,0.324,-0.040,0.055,120.8,8.5,0,-1.67,0.000,120.8,314.1,1.000,9.4,22.8,40.5,92.7,152.5,142.2,135.5,128.2,120.8,105.2,90.7,79.8,68.3,58.6,46.3,32.7,22.1,15.3,7.7
226,3.722,0.000,70.3,158.7,2.5,3,15402,1.000,0.000,0.267,-0.045,0.045,128.0,8.1,0,-1.39,0.000,148.9,316.9,1.000,9.3,22.2,38.3,81.2,154.9,145.3,139.3,133.3,128.0,121.2,106.9,92.0,76.9,64.8,50.1,34.4,22.8,15.6,7.8
227,3.744,0.000,71.2,159.6,0.8,3,15493,1.000,0.000,0.174,-0.050,0.028,136.5,7.7,0,-1.02,0.000,148.0,322.7,1.000,9.2,21.1,34.9,66.9,160.0,150.6,145.4,140.5,136.5,132.1,126.8,119.9,99.2,79.8,58.5,38.1,24.3,16.2,7.8
228,3.766,0.000,72.2,160.5,-1.3,3,15632,1.000,0.000,0.062,-0.053,0.009,143.7,8.2,0,-0.44,0.000,147.0,318.5,1.000,9.0,19.9,31.7,55.8,103.5,156.3,151.3,147.0,143.7,140.2,136.3,132.0,124.7,108.6,72.4,43.5,26.2,17.0,8.0
229,3.788,0.000,73.2,161.4,-3.1,3,15770,1.000,0.000,-0.026,-0.056,-0.008,148.8,9.1,0,-0.17,0.000,148.8,324.4,1.000,8.9,19.0,29.4,48.9,81.6,161.5,156.1,151.8,148.8,145.6,142.3,138.8,133.3,125.6,91.5,49.7,28.3,17.8,8.1
230,3.810,0.000,74.2,162.3,-4.2,3,15868,1.000,0.000,-0.226,-0.058,-0.018,151.2,9.3,0,0.17,-0.850,151.2,321.5,1.000,8.8,18.5,28.1,45.4,72.2,102.7,158.9,154.3,151.2,148.2,145.2,141.9,137.0,130.5,109.5,54.5,29.7,18.3,8.1
231,3.832,0.000,75.2,163.3,-4.5,3,15911,1.000,0.000,-0.093,-0.059,-0.019,150.5,8.9,0,0.19,0.000,150.5,320.7,1.000,8.8,18.5,28.0,45.1,71.4,101.0,158.2,153.6,150.5,147.6,144.5,141.3,136.5,130.1,111.3,55.0,29.9,18.4,8.1
232,3.854,0.000,76.2,164.3,-3.2,3,15923,1.000,0.000,-0.048,-0.060,-0.012,147.0,6.8,0,-0.12,0.000,147.0,322.4,1.000,8.9,18.9,28.9,47.5,77.7,159.8,154.4,150.0,147.0,144.1,140.9,137.6,132.4,125.5,97.8,51.4,28.8,18.0,8.1
233,3.876,0.000,77.2,165.3,-1.7,3,15960,1.000,0.000,-0.009,-0.061,-0.005,143.5,5.6,0,-0.22,0.000,143.5,317.9,1.000,9.0,19.3,29.9,50.3,85.4,155.7,150.6,146.4,143.5,140.4,137.1,133.5,128.0,120.2,86.7,48.1,27.7,17.5,8.0
234,3.898,0.000,78.2,166.3,-0.6,3,16024,1.000,0.000,-0.209,-0.062,0.000,140.6,5.1,0,-0.30,-0.850,140.8,314.3,1.000,9.0,19.6,30.7,52.5,91.9,152.7,147.7,143.6,140.6,137.4,134.0,130.3,124.4,115.8,80.2,46.0,27.0,17.3,8.0
235,3.920,0.000,79.2,167.2,-0.3,3,16108,1.000,0.000,-0.009,-0.063,0.007,137.3,5.5,0,-0.41,0.000,139.7,310.4,1.000,9.1,20.0,31.7,55.4,101.2,149.3,144.5,140.4,137.3,134.0,130.4,126.4,120.0,109.5,73.5,43.7,26.2,16.9,7.9
236,3.942,0.000,80.2,168.1,0.9,3,16212,1.000,0.000,-0.209,-0.064,0.016,132.8,5.3,0,-0.81,-0.850,138.6,316.4,1.000,9.2,20.6,33.2,60.1,154.4,145.0,140.4,136.1,132.8,129.3,125.4,121.0,113.2,94.7,65.7,40.8,25.1,16.5,7.8
237,3.964,0.000,81.3,169.1,1.2,3,16313,1.000,0.000,-0.009,-0.066,0.024,128.5,6.2,0,-0.94,0.000,137.5,311.4,1.000,9.3,21.1,34.7,65.2,150.2,141.2,136.5,132.0,128.5,124.6,120.3,115.2,104.3,83.0,59.8,38.5,24.2,16.1,7.7
238,3.986,0.000,82.3,170.0,2.2,3,16424,1.000,0.000,-0.184,-0.070,0.034,123.2,6.1,0,-1.13,-0.850,136.4,306.0,1.000,9.4,21.9,36.7,72.5,145.6,136.9,131.9,127.0,123.2,118.9,113.7,106.8,88.3,72.4,54.1,36.0,23.2,15.6,7.6
239,4.008,0.000,83.3,170.9,2.4,3,16520,1.000,0.000,0.016,-0.074,0.042,118.1,6.9,0,-1.33,0.000,135.2,301.3,1.000,9.5,22.6,38.6,80.4,141.6,132.8,127.5,122.3,118.1,113.0,106.4,93.7,77.7,65.0,49.8,34.0,22.3,15.2,7.6
240,4.030,0.000,84.4,171.8,3.1,3,16619,1.000,0.000,-0.081,-0.079,0.051,112.1,6.5,0,-1.58,-0.850,134.0,296.5,1.000,9.7,23.3,40.9,90.5,137.6,128.5,122.8,117.1,112.1,105.6,93.2,81.3,68.9,58.7,46.0,32.1,21.5,14.8,7.4
241,4.052,0.000,85.4,172.7,3.1,3,16697,1.000,0.000,0.119,-0.085,0.057,106.9,6.5,0,-1.81,0.000,106.9,292.6,1.000,9.8,24.0,42.8,99.6,134.5,125.0,119.0,112.7,106.9,96.9,84.0,74.1,63.6,54.8,43.5,30.9,20.9,14.5,7.4
242,4.074,0.000,86.5,173.7,3.5,3,16763,1.000,0.000,0.191,-0.092,0.060,103.2,6.0,0,-2.42,-0.470,103.2,311.2,1.000,9.9,24.4,44.0,150.0,132.2,122.5,116.3,109.7,103.2,91.0,79.4,70.5,60.9,52.7,42.1,30.1,20.5,14.3,7.3
243,4.096,0.000,87.6,174.6,2.8,3,16802,1.000,0.000,0.140,-0.099,0.054,107.1,5.1,0,-1.73,-0.470,107.1,290.9,1.000,9.9,24.0,42.5,96.1,133.1,123.9,118.2,112.3,107.1,99.9,86.9,76.2,65.1,55.7,43.9,30.9,20.8,14.4,7.3
244,4.118,0.000,88.6,175.6,1.1,3,16870,1.000,0.000,0.074,-0.106,0.041,113.0,4.3,0,-1.38,-0.470,129.3,294.1,1.000,9.8,23.2,39.7,82.2,135.7,127.2,122.1,117.0,113.0,108.2,102.2,91.3,75.6,63.2,48.4,33.0,21.6,14.7,7.3
245,4.140,0.000,89.7,176.5,-0.5,3,16963,1.000,0.000,0.011,-0.112,0.029,117.3,4.3,0,-1.11,-0.470,128.2,297.3,1.000,9.7,22.4,37.2,72.0,138.3,130.0,125.3,120.8,117.3,113.5,109.1,103.8,90.3,73.1,53.8,35.3,22.5,15.1,7.3
246,4.162,0.000,90.8,177.5,-1.7,3,17050,1.000,0.000,-0.189,-0.118,0.021,119.5,4.3,0,-0.96,-0.850,127.0,299.1,1.000,9.7,22.0,35.8,66.5,139.8,131.4,127.0,122.7,119.5,116.0,112.1,107.7,99.8,81.8,58.3,37.1,23.2,15.3,7.3
247,4.184,0.000,91.9,178.4,-2.2,3,17117,1.000,0.000,0.011,-0.123,0.020,118.7,4.5,0,-0.95,0.000,125.8,297.9,1.000,9.7,22.0,35.8,66.2,138.8,130.5,126.1,121.9,118.7,115.2,111.5,107.2,99.6,82.5,58.5,37.1,23.1,15.3,7.3
248,4.206,0.000,93.0,179.3,-1.1,3,17181,1.000,0.000,-0.189,-0.129,0.025,115.6,3.6,0,-1.05,-0.850,124.6,294.2,1.000,9.8,22.5,37.0,70.1,135.8,127.7,123.2,118.9,115.6,112.0,107.9,103.3,94.2,75.8,55.0,35.5,22.5,15.0,7.2
249,4.228,0.000,94.1,180.3,-0.7,3,17260,1.000,0.000,0.011,-0.135,0.031,112.0,3.7,0,-1.19,0.000,123.4,290.2,1.000,9.9,23.0,38.4,75.1,132.6,124.6,119.9,115.4,112.0,108.1,103.8,98.5,85.1,69.3,51.4,33.9,21.8,14.6,7.1
250,4.250,0.000,95.2,181.2,0.6,3,17354,1.000,0.000,-0.101,-0.142,0.040,107.1,3.5,0,-1.41,-0.850,122.1,285.3,1.000,10.1,23.8,40.6,83.2,128.7,120.6,115.7,110.9,107.1,102.9,97.7,90.0,74.2,61.8,47.1,31.9,20.9,14.2,7.0
251,4.272,0.000,96.3,182.1,1.0,3,17441,1.000,0.000,0.099,-0.149,0.046,102.9,3.6,0,-1.64,0.000,120.8,281.2,1.000,10.2,24.5,42.4,92.9,125.5,117.1,112.0,107.0,102.9,98.1,91.6,80.2,67.3,56.9,44.1,30.5,20.2,13.8,6.9
252,4.294,0.000,97.4,183.0,1.9,3,17524,1.000,0.000,0.180,-0.156,0.051,99.4,3.5,0,-2.26,-0.470,119.5,299.0,1.000,10.4,25.0,43.9,139.7,122.9,114.3,109.0,103.8,99.4,94.0,85.1,74.3,63.0,53.7,42.1,29.4,19.7,13.6,6.8
253,4.316,0.000,98.5,183.9,1.7,3,17587,1.000,0.000,0.157,-0.164,0.046,100.9,3.3,0,-2.16,-0.470,118.2,299.4,1.000,10.4,24.8,42.9,140.1,123.1,114.8,109.8,104.9,100.9,96.2,90.1,79.4,66.6,56.2,43.5,30.0,19.9,13.6,6.8
254,4.338,0.000,99.6,184.8,0.4,3,17676,1.000,0.000,0.078,-0.170,0.034,104.8,3.2,0,-1.34,-0.470,117.1,280.7,1.000,10.3,24.0,40.3,80.1,125.1,117.3,112.7,108.3,104.8,101.0,96.7,91.3,77.8,63.9,47.9,31.9,20.6,13.9,6.8
255,4.360,0.000,100.8,185.7,-1.2,3,17779,1.000,0.000,0.015,-0.176,0.022,108.4,3.2,0,-1.08,-0.470,115.9,283.8,1.000,10.2,23.2,37.9,70.7,127.5,119.7,115.5,111.4,108.4,105.1,101.5,97.4,90.3,75.1,53.8,34.4,21.5,14.3,6.8
256,4.382,0.000,101.9,186.6,-2.3,3,17867,1.000,0.000,-0.185,-0.182,0.014,110.2,3.3,0,-0.94,-0.850,114.6,285.5,1.000,10.2,22.7,36.4,65.5,128.8,120.9,116.8,113.0,110.2,107.1,103.8,100.2,94.4,85.0,58.9,36.3,22.2,14.5,6.9
257,4.404,0.000,103.1,187.5,-2.7,3,17927,1.000,0.000,0.015,-0.187,0.013,109.2,3.3,0,-0.93,0.000,113.3,284.1,1.000,10.2,22.7,36.4,65.2,127.7,119.9,115.8,112.1,109.2,106.2,103.0,99.5,93.8,85.0,59.1,36.3,22.1,14.5,6.8
258,4.426,0.000,104.2,188.4,-1.4,3,17983,1.000,0.000,-0.185,-0.192,0.018,106.1,2.3,0,-1.04,-0.850,112.1,280.1,1.000,10.3,23.2,37.6,69.0,124.6,117.0,112.9,109.1,106.1,103.0,99.7,96.0,89.9,78.3,55.1,34.6,21.5,14.1,6.7
259,4.448,0.000,105.4,189.3,-0.9,3,18059,1.000,0.000,0.015,-0.197,0.025,102.7,2.4,0,-1.18,0.000,110.8,275.9,1.000,10.4,23.8,39.1,73.7,121.4,113.9,109.7,105.8,102.7,99.5,96.0,92.0,85.0,70.8,51.2,33.0,20.8,13.8,6.7
260,4.470,0.000,106.5,190.2,0.6,3,18144,1.000,0.000,-0.096,-0.202,0.033,98.4,2.1,0,-1.42,-0.850,109.5,270.8,1.000,10.6,24.5,41.1,83.0,117.6,110.1,105.7,101.6,98.4,94.9,91.0,86.4,76.3,62.4,46.6,30.9,19.9,13.4,6.6
261,4.492,0.000,107.7,191.1,1.0,3,18228,1.000,0.000,0.104,-0.208,0.039,94.7,2.1,0,-2.07,-0.470,108.2,287.7,1.000,10.7,25.2,42.9,130.6,114.5,106.9,102.4,98.1,94.7,91.0,86.7,81.3,68.8,57.2,43.5,29.5,19.3,13.1,6.5
262,4.514,0.000,108.9,192.0,1.9,3,18309,1.000,0.000,0.177,-0.215,0.043,91.9,2.1,0,-2.16,-0.470,106.8,284.0,1.000,10.8,25.7,44.1,127.7,112.0,104.3,99.7,95.3,91.9,88.0,83.4,77.0,64.4,54.1,41.6,28.6,18.8,12.9,6.4
263,4.536,0.000,110.0,192.9,1.5,3,18377,1.000,0.000,0.150,-0.221,0.038,93.0,2.0,0,-2.06,-0.470,105.6,284.5,1.000,10.8,25.3,42.9,128.1,112.2,104.8,100.4,96.2,93.0,89.4,85.4,80.5,69.3,57.4,43.5,29.3,19.1,12.9,6.4
264,4.558,0.000,111.2,193.8,0.1,3,18469,1.000,0.000,0.071,-0.227,0.026,96.1,2.0,0,-1.31,-0.470,104.3,266.0,1.000,10.7,24.5,40.4,78.6,114.1,106.9,102.8,99.0,96.1,93.0,89.6,85.8,79.3,66.7,48.5,31.4,19.9,13.2,6.4
265,4.580,0.000,112.4,194.6,-1.5,3,18570,1.000,0.000,0.007,-0.232,0.014,98.8,2.1,0,-1.05,-0.470,103.0,268.8,1.000,10.6,23.7,38.0,68.3,116.1,108.9,105.1,101.5,98.8,96.0,93.0,89.8,84.7,77.3,55.2,34.0,20.8,13.6,6.4
266,4.602,0.000,113.6,195.5,-2.5,3,18650,1.000,0.000,-0.193,-0.236,0.006,100.0,2.0,0,-0.93,-0.850,101.7,270.1,1.000,10.5,23.2,36.7,63.9,117.0,109.7,106.0,102.6,100.0,97.4,94.6,91.6,87.0,80.9,60.7,35.9,21.5,13.8,6.4
267,4.624,0.000,114.8,195.8,-2.8,4,15103,1.000,0.000,0.007,-0.240,0.006,98.6,-13.6,0,-0.95,0.000,100.4,268.0,1.000,10.6,23.3,36.9,64.3,115.5,108.3,104.6,101.2,98.6,96.0,93.2,90.3,85.8,79.7,60.1,35.6,21.3,13.8,6.4
268,4.646,0.000,116.0,195.5,-1.1,4,15076,1.000,0.000,-0.177,-0.244,0.013,95.2,-14.5,0,-1.08,-0.850,99.1,263.2,1.000,10.7,23.9,38.3,68.8,111.9,105.0,101.3,97.8,95.2,92.5,89.6,86.5,81.7,75.0,54.6,33.6,20.5,13.4,6.3
269,4.668,0.000,117.2,195.1,-0.4,4,14450,1.000,0.000,0.023,-0.248,0.021,91.5,-15.1,0,-1.81,0.000,97.9,279.9,1.000,10.8,24.5,40.0,124.5,108.4,101.6,97.7,94.2,91.5,88.7,85.7,82.4,77.2,69.1,49.6,31.5,19.7,13.1,6.3
270,4.690,0.000,118.4,195.4,1.2,4,14978,1.000,0.000,-0.057,-0.253,0.031,87.2,-2.6,0,-1.96,-0.850,96.5,273.5,1.000,11.0,25.4,42.3,119.6,104.5,97.7,93.7,90.0,87.2,84.2,81.0,77.4,71.3,60.2,44.6,29.4,18.8,12.6,6.2
271,4.712,0.000,119.6,196.0,1.5,4,15034,1.000,0.000,0.143,-0.258,0.037,84.1,-2.2,0,-2.06,-0.470,95.2,269.0,1.000,11.1,25.9,43.9,116.2,101.8,94.8,90.8,87.0,84.1,81.0,77.7,73.8,66.9,55.6,42.0,28.2,18.3,12.4,6.1
272,4.734,0.000,120.8,196.6,2.1,4,15061,1.000,0.000,0.177,-0.263,0.038,82.5,-2.4,0,-2.10,-0.470,93.9,266.3,1.000,11.2,26.2,44.4,114.2,100.0,93.1,89.1,85.3,82.5,79.4,76.0,72.2,65.2,54.3,41.1,27.7,18.1,12.2,6.0
273,4.756,0.000,122.0,197.3,1.2,4,15090,1.000,0.000,0.134,-0.269,0.029,84.1,-2.8,0,-1.96,-0.470,92.6,267.9,1.000,11.1,25.6,42.5,115.4,100.8,94.1,90.3,86.8,84.1,81.3,78.2,74.9,69.5,60.3,44.4,29.1,18.6,12.4,6.0
274,4.778,0.000,123.2,197.9,-0.4,4,15144,1.000,0.000,0.068,-0.273,0.016,86.8,-2.9,0,-1.78,-0.470,91.3,271.5,1.000,11.0,24.6,39.8,118.1,102.6,96.1,92.5,89.2,86.8,84.2,81.5,78.6,74.2,68.2,50.8,31.6,19.5,12.8,6.1
275,4.800,0.000,124.4,198.5,-1.8,4,15200,1.000,0.000,0.010,-0.276,0.005,88.7,-2.8,0,-1.65,-0.470,90.0,274.8,1.000,10.9,23.8,37.7,120.6,104.2,97.6,94.2,91.1,88.7,86.3,83.8,81.2,77.3,72.3,58.4,34.3,20.4,13.2,6.1
276,4.822,0.000,125.6,199.1,-2.6,4,15247,1.000,0.000,0.048,-0.279,-0.002,89.3,-2.9,0,-0.93,0.000,89.3,252.9,1.000,10.8,23.4,36.5,62.3,104.7,98.0,94.6,91.6,89.3,87.0,84.6,82.1,78.4,73.8,62.8,36.2,21.1,13.4,6.1
277,4.844,0.000,126.8,199.8,-2.4,4,15293,1.000,0.000,0.025,-0.281,-0.007,89.2,-2.8,0,-0.87,0.000,89.2,252.6,1.000,10.8,23.1,35.8,59.9,104.4,97.7,94.4,91.4,89.2,87.0,84.6,82.2,78.7,74.3,64.4,37.6,21.5,13.5,6.1
278,4.866,0.000,128.0,200.4,-2.3,4,15339,1.000,0.000,0.006,-0.281,-0.011,88.8,-3.0,0,-0.83,0.000,88.8,251.9,1.000,10.8,22.9,35.2,58.2,103.9,97.1,93.9,90.9,88.8,86.6,84.4,82.0,78.6,74.4,65.2,38.7,21.8,13.7,6.2
279,4.888,0.000,129.3,201.0,-2.1,4,15382,1.000,0.000,-0.004,-0.281,-0.013,88.0,-3.2,0,-0.81,0.000,88.0,250.5,1.000,10.7,22.8,34.9,57.4,103.0,96.2,93.0,90.1,88.0,85.9,83.6,81.4,78.0,74.0,65.2,39.4,22.1,13.8,6.2
280,4.910,0.000,130.5,201.7,-1.7,4,15420,1.000,0.000,-0.006,-0.280,-0.013,86.8,-3.5,0,-0.81,0.000,86.8,248.5,1.000,10.7,22.7,34.8,57.6,101.6,94.9,91.7,88.9,86.8,84.7,82.5,80.3,77.0,73.0,64.6,39.6,22.1,13.8,6.2
281,4.932,0.000,131.7,202.3,-1.2,4,15462,1.000,0.000,-0.002,-0.279,-0.012,85.4,-3.6,0,-0.84,0.000,85.4,246.1,1.000,10.7,22.8,34.9,58.9,100.0,93.4,90.2,87.4,85.4,83.3,81.1,78.9,75.7,71.8,63.6,39.5,22.1,13.8,6.2
282,4.954,0.000,133.0,203.0,-0.8,4,15507,1.000,0.000,0.025,-0.278,-0.012,83.9,-3.8,0,-1.50,0.000,83.9,266.8,1.000,10.7,22.8,35.0,114.6,98.3,91.8,88.7,85.9,83.9,81.8,79.7,77.5,74.4,70.5,62.5,39.3,22.1,13.8,6.2
283,4.976,0.000,134.2,203.6,-0.5,4,15554,1.000,0.000,0.023,-0.276,-0.012,82.7,-3.8,0,-1.50,0.000,82.7,264.7,1.000,10.7,22.7,34.9,113.0,96.9,90.5,87.5,84.7,82.7,80.7,78.6,76.4,73.3,69.6,61.8,39.5,22.1,13.8,6.2
284,4.998,0.000,135.5,204.2,-0.5,4,15601,1.000,0.000,0.014,-0.274,-0.014,81.8,-3.8,0,-1.48,0.000,81.8,263.1,1.000,10.7,22.6,34.5,111.9,95.8,89.5,86.5,83.8,81.8,79.8,77.8,75.7,72.6,69.0,61.5,40.2,22.4,13.9,6.2
285,5.020,0.000,136.7,204.9,-0.6,4,15648,1.000,0.000,0.005,-0.271,-0.015,80.9,-3.9,0,-1.47,0.000,80.9,261.6,1.000,10.6,22.4,34.2,110.8,94.8,88.5,85.5,82.9,80.9,79.0,77.0,74.9,72.0,68.4,61.2,41.1,22.7,14.1,6.3
286,5.042,0.000,138.0,205.5,-0.6,4,15692,1.000,0.000,-0.002,-0.268,-0.017,79.9,-4.0,0,-1.45,0.000,79.9,259.8,1.000,10.6,22.3,33.9,109.5,93.6,87.4,84.4,81.8,79.9,78.0,76.0,74.0,71.1,67.7,60.7,41.7,22.9,14.2,6.3
287,5.064,0.000,139.2,206.1,-0.6,4,15736,1.000,0.000,-0.005,-0.265,-0.017,78.7,-4.1,0,-1.44,0.000,78.7,257.5,1.000,10.6,22.2,33.8,107.9,92.3,86.1,83.1,80.6,78.7,76.8,74.9,72.9,70.1,66.7,60.0,42.0,23.1,14.2,6.3
288,5.086,0.000,140.5,206.8,-0.4,4,15783,1.000,0.000,-0.005,-0.262,-0.017,77.4,-4.2,0,-1.44,0.000,77.4,254.9,1.000,10.5,22.2,33.7,106.1,90.7,84.7,81.7,79.2,77.4,75.5,73.6,71.7,68.9,65.6,59.1,42.1,23.1,14.3,6.4
289,5.108,0.000,141.8,207.4,-0.3,4,15830,1.000,0.000,-0.002,-0.259,-0.016,76.0,-4.2,0,-1.43,0.000,76.0,252.1,1.000,10.5,22.2,33.7,104.1,89.1,83.1,80.3,77.8,76.0,74.1,72.2,70.3,67.6,64.4,58.0,42.1,23.2,14.3,6.4
290,5.130,0.000,143.0,208.0,-0.1,4,15878,1.000,0.000,-0.000,-0.256,-0.016,74.5,-4.2,0,-1.43,0.000,74.5,249.3,1.000,10.5,22.1,33.7,102.2,87.4,81.6,78.8,76.3,74.5,72.7,70.9,69.0,66.3,63.2,57.0,42.0,23.2,14.4,6.4
291,5.152,0.000,144.3,208.6,-0.0,4,15925,1.000,0.000,0.001,-0.253,-0.015,73.2,-4.3,0,-1.43,0.000,73.2,246.5,1.000,10.5,22.1,33.7,100.3,85.8,80.1,77.4,74.9,73.2,71.4,69.6,67.7,65.1,62.1,56.0,41.9,23.3,14.4,6.4
292,5.174,0.000,145.6,209.3,0.0,4,15971,1.000,0.000,0.001,-0.249,-0.015,71.8,-4.3,0,-1.42,0.000,71.8,243.9,1.000,10.4,22.0,33.6,98.5,84.3,78.7,76.0,73.6,71.8,70.1,68.3,66.5,63.9,61.0,55.1,41.8,23.4,14.5,6.5
293,5.196,0.000,146.9,209.9,0.0,4,16013,1.000,0.000,0.001,-0.246,-0.015,70.5,-4.5,0,-1.42,0.000,70.5,241.2,1.000,10.4,22.0,33.5,96.7,82.7,77.3,74.6,72.2,70.5,68.8,67.1,65.3,62.8,59.9,54.2,41.6,23.5,14.5,6.5
294,5.218,0.000,148.1,210.5,0.0,4,16058,1.000,0.000,-0.000,-0.243,-0.015,69.2,-4.5,0,-1.42,0.000,69.2,238.5,1.000,10.4,21.9,33.4,94.9,81.2,75.8,73.2,70.9,69.2,67.5,65.8,64.1,61.6,58.8,53.3,41.3,23.6,14.6,6.5
295,5.240,0.000,149.4,211.1,-0.0,4,16105,1.000,0.000,-0.001,-0.239,-0.016,67.9,-4.6,0,-1.41,0.000,67.9,235.8,1.000,10.4,21.9,33.3,93.2,79.7,74.4,71.8,69.6,67.9,66.2,64.6,62.9,60.5,57.7,52.4,40.9,23.7,14.7,6.6
296,5.262,0.000,150.7,211.8,-0.0,4,16152,1.000,0.000,-0.001,-0.236,-0.016,66.6,-4.6,0,-1.41,0.000,66.6,233.1,1.000,10.3,21.8,33.2,91.4,78.2,73.0,70.4,68.2,66.6,65.0,63.3,61.7,59.3,56.6,51.5,40.5,23.8,14.7,6.6
297,5.284,0.000,152.0,212.4,-0.0,4,16199,1.000,0.000,-0.001,-0.233,-0.015,65.2,-4.6,0,-1.41,0.000,65.2,230.2,1.000,10.3,21.7,33.2,89.5,76.6,71.5,69.0,66.8,65.2,63.6,62.0,60.4,58.1,55.5,50.5,40.1,23.9,14.8,6.6
298,5.306,0.000,153.3,213.0,0.0,4,16245,1.000,0.000,-0.001,-0.229,-0.015,63.9,-4.7,0,-1.41,0.000,63.9,227.3,1.000,10.3,21.7,33.2,87.7,75.1,70.1,67.6,65.4,63.9,62.3,60.8,59.2,56.9,54.4,49.5,39.6,24.0,14.9,6.6
299,5.328,0.000,154.6,213.6,0.0,4,16285,1.000,0.000,-0.001,-0.226,-0.015,62.5,-4.8,0,-1.41,0.000,62.5,224.3,1.000,10.2,21.6,33.3,85.9,73.5,68.6,66.2,64.1,62.5,61.0,59.5,57.9,55.7,53.3,48.6,39.0,24.1,14.9,6.7
300,5.350,0.000,155.9,214.2,0.0,4,16330,1.000,0.000,-0.000,-0.223,-0.015,61.2,-4.9,0,-1.42,0.000,61.2,221.3,1.000,10.2,21.6,33.6,84.0,71.9,67.1,64.8,62.7,61.2,59.7,58.2,56.7,54.5,52.1,47.6,38.4,24.1,15.0,6.7
301,5.372,0.000,157.2,214.8,0.0,4,16377,1.000,0.000,0.000,-0.219,-0.015,59.8,-4.9,0,-1.43,0.000,59.8,218.3,1.000,10.2,21.5,34.0,82.2,70.3,65.7,63.3,61.3,59.8,58.3,56.9,55.4,53.3,51.0,46.6,37.8,24.2,15.0,6.7
302,5.394,0.000,158.5,215.4,0.0,4,16423,0.000,0.000,0.000,-0.216,-0.015,58.5,-4.9,0,-1.44,0.000,58.5,215.2,1.000,10.2,21.5,34.8,80.3,68.8,64.2,61.9,59.9,58.5,57.0,55.6,54.2,52.1,49.9,45.6,37.2,24.3,15.1,6.8
303,5.416,0.000,159.9,215.2,0.0,4,15887,0.000,0.049,0.001,-0.213,-0.015,57.1,-18.1,0,-1.47,0.000,57.1,212.1,0.693,10.1,21.4,36.2,78.5,67.2,62.7,60.5,58.5,57.1,55.7,54.3,52.9,51.0,48.7,44.6,36.6,24.4,15.2,6.8
304,5.438,0.000,161.2,214.6,0.0,4,15812,0.000,0.169,0.002,-0.209,-0.015,55.8,-17.2,0,-1.54,0.000,55.8,209.0,0.000,10.1,21.4,39.7,76.7,65.7,61.3,59.1,57.2,55.8,54.4,53.1,51.7,49.8,47.6,43.6,35.9,24.5,15.2,6.8
305,5.460,0.000,162.5,213.6,-0.0,4,15688,0.000,0.000,0.202,-0.206,-0.016,54.5,-14.6,0,-3.49,0.318,54.5,213.5,0.000,10.1,21.3,105.2,75.0,64.2,59.9,57.7,55.9,54.5,53.2,51.8,50.5,48.7,46.6,42.7,35.3,24.5,15.3,6.8
306,5.482,0.000,163.8,212.8,0.1,4,15702,0.050,0.000,0.365,-0.202,-0.021,54.0,-17.3,0,-3.50,0.370,54.0,213.5,0.050,10.0,20.9,105.2,74.5,63.5,59.3,57.1,55.3,54.0,52.6,51.3,50.0,48.2,46.2,42.4,35.3,25.0,15.6,6.9
307,5.504,0.000,165.1,212.2,-1.1,4,15678,0.000,0.063,0.235,-0.197,-0.036,54.9,-16.4,0,-1.40,0.374,54.9,208.8,0.028,9.8,20.0,37.0,76.6,64.8,60.2,58.0,56.2,54.9,53.6,52.3,51.1,49.3,47.3,43.6,36.6,26.4,16.5,7.1
308,5.526,0.000,166.4,211.4,-3.5,4,15552,0.078,0.000,0.187,-0.189,-0.058,56.8,-15.8,0,-1.22,0.468,56.8,216.2,0.078,9.6,18.8,30.1,80.9,67.5,62.4,60.0,58.1,56.8,55.5,54.2,53.0,51.2,49.2,45.6,38.6,28.3,18.0,7.3
309,5.548,0.000,167.7,210.6,-5.9,4,15570,0.128,0.000,0.113,-0.180,-0.081,59.0,-16.5,0,-1.14,0.515,59.0,225.6,0.128,9.3,17.7,26.5,86.7,71.1,65.3,62.6,60.4,59.0,57.6,56.2,55.0,53.2,51.3,47.6,40.7,30.4,19.7,7.6
310,5.570,0.000,169.0,210.0,-8.0,4,15557,0.178,0.000,0.048,-0.167,-0.102,61.2,-16.1,0,-1.13,0.558,61.2,235.6,0.178,9.0,16.7,24.1,93.0,74.9,68.3,65.3,62.8,61.2,59.7,58.2,56.8,55.0,53.0,49.4,42.5,32.1,21.2,7.9
311,5.592,0.000,170.2,209.5,-9.3,4,15553,0.228,0.000,0.005,-0.153,-0.119,62.9,-15.4,0,-1.15,0.601,62.9,244.0,0.228,8.8,15.9,22.5,98.6,78.0,70.7,67.3,64.7,62.9,61.2,59.6,58.1,56.2,54.1,50.5,43.6,33.4,22.4,8.2
312,5.614,0.000,171.5,209.1,-9.4,4,15555,0.278,0.000,-0.010,-0.136,-0.130,63.6,-14.7,0,-1.18,0.644,63.6,248.8,0.278,8.6,15.3,21.6,101.8,79.6,71.8,68.2,65.4,63.6,61.8,60.2,58.6,56.5,54.4,50.7,44.0,33.9,23.1,8.5
313,5.636,0.000,172.8,208.8,-8.4,4,15562,0.328,0.000,0.001,-0.117,-0.135,63.1,-14.0,0,-1.19,0.682,63.1,249.1,0.328,8.4,15.0,21.3,102.0,79.3,71.4,67.8,64.9,63.1,61.3,59.6,58.0,56.0,53.8,50.2,43.6,33.8,23.3,8.7
314,5.658,0.000,174.0,208.6,-6.6,4,15570,0.378,0.000,0.030,-0.096,-0.135,61.7,-13.3,0,-1.18,0.721,61.7,246.1,0.378,8.3,14.7,21.4,100.0,77.6,69.9,66.4,63.6,61.7,60.0,58.4,56.8,54.8,52.6,49.1,42.7,33.3,23.2,9.0
315,5.680,0.000,175.3,208.5,-4.8,4,15583,0.428,0.000,0.064,-0.073,-0.135,60.2,-12.6,0,-1.17,0.758,60.2,241.8,0.428,8.1,14.6,21.6,97.3,75.6,68.1,64.7,62.0,60.2,58.5,56.9,55.4,53.4,51.3,47.9,41.7,32.6,23.0,9.2
316,5.702,0.000,176.6,208.4,-3.4,4,15600,0.478,0.000,0.089,-0.048,-0.136,59.0,-11.9,0,-1.16,0.794,59.0,239.0,0.478,7.9,14.4,21.7,95.6,74.2,66.8,63.4,60.7,59.0,57.3,55.7,54.3,52.3,50.3,46.9,40.9,32.1,23.0,9.4
317,5.724,0.000,177.8,208.4,-2.6,4,15622,0.528,0.000,0.090,-0.022,-0.139,58.3,-11.2,0,-1.17,0.810,58.3,238.6,0.528,7.7,14.1,21.6,95.3,73.6,66.1,62.8,60.1,58.3,56.6,55.1,53.6,51.7,49.6,46.2,40.4,31.9,23.0,9.7
318,5.746,0.000,179.1,208.4,-2.4,4,15650,0.578,0.000,0.071,0.006,-0.145,58.1,-10.6,0,-1.19,0.810,58.1,240.6,0.578,7.4,13.7,21.3,96.3,73.8,66.1,62.7,59.9,58.1,56.4,54.8,53.3,51.4,49.3,45.9,40.1,31.8,23.2,10.0
319,5.768,0.000,180.4,208.5,-2.5,4,15683,0.628,0.000,0.048,0.034,-0.152,58.1,-10.0,0,-1.22,0.810,58.1,243.1,0.628,7.2,13.4,20.9,97.9,74.3,66.3,62.8,60.0,58.1,56.4,54.7,53.2,51.2,49.1,45.6,39.9,31.8,23.3,10.3
320,5.790,0.000,181.6,208.6,-2.6,4,15721,0.678,0.000,0.026,0.065,-0.158,58.0,-9.4,0,-1.26,0.810,58.0,245.0,0.678,7.0,13.1,20.6,99.2,74.6,66.4,62.7,59.9,58.0,56.2,54.5,53.0,50.9,48.8,45.3,39.6,31.7,23.4,10.5
321,5.812,0.000,182.9,208.8,-2.5,4,15762,0.728,0.000,0.011,0.096,-0.162,57.5,-8.8,0,-1.28,0.810,57.5,245.5,0.728,6.7,12.8,20.7,99.5,74.3,66.0,62.3,59.4,57.5,55.7,54.0,52.5,50.4,48.3,44.7,39.0,31.4,23.3,10.7
322,5.834,0.000,184.2,209.1,-2.2,4,15805,0.778,0.000,-0.003,0.128,-0.163,56.6,-8.2,0,-1.30,0.810,56.6,244.4,0.778,6.6,12.7,21.1,98.8,73.4,65.1,61.4,58.5,56.6,54.9,53.2,51.6,49.6,47.5,44.0,38.4,31.0,23.2,10.9
323,5.856,0.000,185.4,209.4,-1.8,4,15850,0.828,0.000,0.045,0.159,-0.149,55.5,-7.7,0,-1.31,0.810,55.5,241.7,0.828,6.4,12.6,22.2,97.0,72.0,63.8,60.2,57.3,55.5,53.7,52.1,50.5,48.6,46.5,43.0,37.5,30.4,22.9,11.0
324,5.878,0.000,186.7,209.8,-1.2,4,15876,0.878,0.000,0.093,0.188,-0.135,54.4,-7.8,0,-1.34,0.810,54.4,239.5,0.878,6.2,12.6,23.9,95.6,70.7,62.6,59.1,56.3,54.4,52.7,51.1,49.6,47.6,45.5,42.1,36.7,29.8,22.7,11.1
325,5.900,0.000,188.0,210.3,-1.1,4,15937,0.928,0.000,0.125,0.215,-0.126,54.2,-7.0,0,-1.41,0.810,54.2,241.3,0.928,6.1,12.4,25.8,96.7,70.9,62.6,58.9,56.0,54.2,52.4,50.8,49.2,47.3,45.2,41.7,36.3,29.6,22.6,11.2
326,5.922,0.000,189.3,210.7,-1.5,4,16011,0.978,0.000,0.141,0.239,-0.120,54.8,-5.9,0,-1.51,0.810,54.8,247.4,0.978,5.9,12.2,26.2,100.9,72.5,63.7,59.8,56.7,54.8,52.9,51.2,49.6,47.5,45.4,41.8,36.2,29.5,22.6,11.3
327,5.944,0.000,190.6,211.2,-2.1,4,16060,1.000,0.000,0.149,0.263,-0.116,56.0,-5.5,0,-1.63,0.810,56.0,257.1,1.000,5.7,11.9,24.5,107.6,75.3,65.6,61.4,58.1,56.0,54.0,52.2,50.5,48.3,46.0,42.2,36.4,29.6,22.8,11.5
328,5.966,0.000,191.9,211.7,-2.8,4,16142,1.000,0.000,0.154,0.285,-0.114,57.6,-4.4,0,-1.80,0.810,57.6,270.0,1.000,5.6,11.5,23.0,117.0,79.1,68.2,63.5,59.9,57.6,55.5,53.5,51.6,49.3,46.8,42.9,36.7,29.7,22.9,11.7
329,5.988,0.000,193.2,212.2,-3.6,4,16212,1.000,0.000,0.160,0.306,-0.112,59.7,-3.4,0,-2.03,0.810,59.7,286.5,1.000,5.4,11.2,21.7,129.7,84.0,71.5,66.2,62.2,59.7,57.3,55.1,53.1,50.6,47.9,43.7,37.1,29.9,23.1,11.8
330,6.010,0.000,194.6,212.8,-4.2,4,16257,1.000,0.000,0.159,0.325,-0.109,62.0,-3.2,0,-2.31,0.790,62.0,306.8,1.000,5.3,10.9,20.7,146.2,89.7,75.3,69.3,64.9,62.0,59.4,57.0,54.8,52.0,49.1,44.6,37.6,30.0,23.2,12.0
331,6.032,0.000,195.9,213.2,-4.8,4,16331,1.000,0.000,0.151,0.344,-0.106,64.6,-2.2,0,-2.67,0.745,64.6,331.7,1.000,5.1,10.6,20.0,168.1,96.5,79.6,72.8,67.8,64.6,61.7,59.1,56.7,53.6,50.5,45.5,38.1,30.2,23.4,12.1
332,6.054,0.000,197.2,213.7,-5.3,4,16389,1.000,0.000,0.114,0.362,-0.103,67.5,-1.7,0,-3.11,0.628,67.5,252.8,1.000,5.0,10.4,19.6,198.4,104.6,84.6,76.8,71.1,67.5,64.3,61.4,58.7,55.3,51.9,46.6,38.7,30.3,23.4,12.2
333,6.076,0.000,198.6,214.2,-5.6,4,16436,1.000,0.000,-0.086,0.378,-0.098,70.4,-1.7,0,-3.05,0.199,70.4,265.0,1.000,4.9,10.3,19.5,200.0,113.3,89.8,80.9,74.4,70.4,66.8,63.6,60.7,57.0,53.3,47.6,39.2,30.5,23.4,12.3
334,6.098,0.000,199.9,214.8,-5.8,4,16462,1.000,0.000,-0.109,0.393,-0.089,71.4,-2.7,0,-3.05,0.114,71.4,364.9,1.000,4.8,10.3,21.5,200.0,117.5,91.9,82.4,75.6,71.4,67.6,64.2,61.1,57.3,53.5,47.6,39.1,30.2,23.2,12.3
335,6.120,0.000,201.3,215.4,-4.5,4,16486,1.000,0.000,-0.029,0.405,-0.068,67.6,-3.5,0,-3.23,0.099,67.6,258.9,1.000,4.8,10.8,30.1,200.0,109.2,86.4,77.7,71.5,67.6,64.2,61.0,58.2,54.7,51.1,45.6,37.6,29.2,22.5,12.1
336,6.142,0.000,202.6,216.1,-2.2,4,16507,1.000,0.000,0.066,0.414,-0.044,63.0,-4.0,0,-3.43,0.081,63.0,240.4,1.000,4.9,11.5,45.0,193.2,98.7,79.4,71.9,66.4,63.0,59.9,57.1,54.6,51.4,48.2,43.1,35.8,28.0,21.6,11.9
337,6.164,0.000,204.0,216.7,-0.6,4,16538,1.000,0.000,0.134,0.420,-0.025,60.2,-4.2,0,-3.46,0.059,60.2,229.9,1.000,4.9,12.4,59.2,176.6,93.1,75.4,68.5,63.4,60.2,57.3,54.7,52.3,49.3,46.3,41.5,34.5,27.1,21.0,11.8
338,6.186,0.000,205.3,217.2,-0.3,4,16640,1.000,0.000,0.171,0.424,-0.012,60.0,-2.6,0,-3.61,0.033,60.0,226.9,1.000,4.9,13.0,60.4,183.2,93.9,75.5,68.4,63.2,60.0,57.0,54.4,52.0,48.9,45.9,41.1,34.1,26.6,20.6,11.7
339,6.208,0.000,206.7,217.8,-1.1,4,16677,1.000,0.000,0.178,0.425,-0.006,61.8,-2.4,0,-3.72,0.002,61.8,231.4,1.000,5.0,13.5,53.0,200.0,100.0,79.0,71.1,65.4,61.8,58.6,55.8,53.2,49.9,46.7,41.6,34.3,26.6,20.5,11.6
340,6.230,0.000,208.1,218.4,-2.2,4,16716,1.000,0.000,0.087,0.424,-0.001,65.2,-2.4,0,-3.53,-0.108,65.2,247.0,1.000,5.0,13.8,45.5,200.0,111.0,85.3,75.9,69.3,65.2,61.6,58.3,55.4,51.8,48.3,42.8,34.9,26.8,20.4,11.6
341,6.252,0.000,209.5,218.8,-3.7,4,16876,1.000,0.000,-0.013,0.420,0.002,69.5,0.0,0,-3.36,-0.249,70.6,348.2,1.000,5.0,14.1,40.2,200.0,126.6,93.6,82.2,74.3,69.5,65.3,61.6,58.3,54.2,50.3,44.2,35.6,27.1,20.5,11.5
342,6.274,0.000,210.8,219.4,-4.7,4,16877,1.000,0.000,-0.101,0.415,0.010,72.2,-1.1,0,-3.29,-0.431,78.4,344.0,1.000,5.1,14.6,38.7,200.0,138.9,99.5,86.4,77.5,72.2,67.6,63.6,60.0,55.6,51.3,44.8,35.9,27.0,20.3,11.4
343,6.296,0.000,212.2,220.0,-4.4,4,16927,1.000,0.000,-0.064,0.406,0.026,70.4,-1.5,0,-3.39,-0.470,88.9,342.3,1.000,5.3,15.7,41.7,200.0,135.1,96.9,84.2,75.6,70.4,65.9,62.0,58.5,54.2,50.0,43.7,35.0,26.4,19.8,11.2
344,6.318,0.000,213.6,220.6,-2.9,4,17002,1.000,0.000,0.029,0.394,0.048,65.8,-0.4,0,-3.62,-0.470,105.1,339.6,1.000,5.6,17.3,48.3,200.0,121.5,89.1,78.1,70.4,65.8,61.8,58.3,55.1,51.2,47.4,41.6,33.5,25.4,19.2,10.9
345,6.340,0.000,215.0,221.3,-1.2,4,16969,1.000,0.000,0.126,0.379,0.069,61.9,-2.2,0,-3.87,-0.470,61.9,224.7,1.000,5.9,18.9,55.6,200.0,110.7,82.7,72.9,66.0,61.9,58.2,55.0,52.1,48.5,45.0,39.7,32.1,24.4,18.5,10.6
346,6.362,0.000,216.4,221.8,-0.4,4,17130,0.000,0.000,0.198,0.361,0.085,60.5,0.5,0,-3.99,-0.470,60.5,221.0,1.000,6.2,20.0,58.6,200.0,108.3,80.9,71.3,64.6,60.5,56.9,53.8,50.9,47.4,44.0,38.8,31.3,23.9,18.1,10.4
347,6.384,0.000,217.8,221.7,-0.9,4,16370,1.000,0.000,0.240,0.340,0.095,61.8,-17.4,0,-3.93,-0.470,61.8,339.6,1.000,6.4,20.4,56.4,200.0,114.8,83.9,73.4,66.1,61.8,58.0,54.6,51.6,47.9,44.4,38.9,31.3,23.7,17.9,10.2
348,6.406,0.000,219.1,221.8,-1.7,4,17003,1.000,0.000,0.266,0.316,0.101,65.0,-2.4,0,-3.78,-0.470,65.0,339.6,1.000,6.7,20.4,51.9,200.0,129.6,90.8,78.4,70.0,65.0,60.7,56.9,53.6,49.6,45.6,39.8,31.7,23.8,17.8,10.0
349,6.428,0.000,220.5,222.1,-3.4,4,17348,1.000,0.000,0.271,0.291,0.103,71.6,5.8,0,-3.53,-0.470,71.6,339.6,1.000,6.9,20.0,46.1,200.0,163.8,105.5,88.7,77.9,71.6,66.3,61.7,57.8,53.0,48.4,41.7,32.7,24.2,17.9,9.9
350,6.450,0.000,221.9,222.6,-5.7,4,17394,1.000,0.000,0.249,0.263,0.099,83.6,7.0,0,-3.21,-0.470,83.6,339.6,1.000,7.0,19.2,40.3,200.0,195.9,135.9,108.7,92.5,83.6,76.3,70.2,65.0,58.8,53.1,45.0,34.5,24.9,18.1,9.8
351,6.472,0.000,223.2,223.1,-7.8,4,17353,1.000,0.000,0.128,0.235,0.081,103.2,5.3,0,-2.07,-0.470,103.2,339.6,1.000,7.1,18.5,35.7,110.4,200.0,188.8,145.6,117.5,103.2,92.1,83.1,75.7,67.3,59.8,49.5,36.8,25.9,18.5,9.7
352,6.494,0.000,224.6,223.4,-9.8,4,17430,1.000,0.000,0.029,0.209,0.062,136.6,5.6,0,-1.56,-0.470,136.6,339.6,1.000,7.2,17.8,32.3,78.7,200.0,198.0,190.9,163.4,136.6,117.4,102.9,91.6,79.4,68.9,55.3,39.7,27.1,18.9,9.7
353,6.516,0.000,226.0,223.9,-11.2,4,17400,1.000,0.000,-0.051,0.186,0.046,184.6,3.2,0,-1.21,-0.470,200.0,339.6,1.000,7.2,17.3,30.0,64.2,200.0,200.0,197.2,191.5,184.6,154.8,130.1,112.3,94.2,79.5,61.6,42.5,28.2,19.3,9.6
354,6.538,0.000,227.3,224.5,-11.2,4,17318,1.000,0.000,0.149,0.165,0.037,189.8,-0.3,0,-0.87,0.000,199.4,351.0,1.000,7.4,17.3,29.3,59.1,154.3,200.0,198.7,194.1,189.8,182.6,151.8,127.6,104.4,86.4,65.4,44.0,28.6,19.4,9.5
355,6.560,0.000,228.7,225.2,-9.2,4,17245,1.000,0.000,0.202,0.147,0.034,189.8,-2.0,0,-0.80,0.000,199.9,359.2,1.000,7.5,17.5,29.4,58.4,144.6,200.0,198.2,193.8,189.8,184.1,159.6,132.7,107.5,88.3,66.1,44.1,28.5,19.2,9.4
356,6.582,0.000,230.1,225.7,-7.2,4,17227,1.000,0.000,0.182,0.131,0.031,189.9,-2.6,0,-0.73,0.000,199.4,363.9,1.000,7.6,17.6,29.4,57.4,135.1,200.0,197.6,193.5,189.9,185.0,170.0,139.5,111.5,90.7,67.3,44.4,28.5,19.1,9.3
357,6.604,0.000,231.5,226.2,-5.7,4,17243,1.000,0.000,0.154,0.118,0.027,190.4,-3.4,0,-0.62,0.000,198.5,364.9,1.000,7.7,17.6,29.1,55.4,122.4,200.0,197.5,193.7,190.4,186.3,180.0,152.5,119.4,95.6,69.7,45.3,28.7,19.1,9.2
358,6.626,0.000,232.8,226.7,-4.9,4,17284,1.000,0.000,0.117,0.107,0.020,191.4,-3.9,0,-0.47,0.000,197.5,364.9,1.000,7.7,17.5,28.5,52.6,107.9,200.0,197.7,194.3,191.4,188.0,183.5,175.4,133.5,104.2,73.9,46.8,29.2,19.3,9.2
359,6.648,0.000,234.2,227.2,-4.5,4,17338,1.000,0.000,0.073,0.098,0.012,192.6,-4.1,0,-0.32,0.000,196.0,364.9,1.000,7.7,17.2,27.6,49.4,94.2,200.0,198.2,195.1,192.6,189.6,186.1,181.5,156.9,117.8,80.3,49.1,30.0,19.5,9.2
360,6.670,0.000,235.6,227.7,-4.5,4,17385,1.000,0.000,0.025,0.092,0.005,193.3,-4.3,0,-0.03,0.000,194.6,363.3,1.000,7.7,17.0,26.8,46.5,83.7,139.9,198.4,195.6,193.3,190.8,187.8,184.2,176.7,135.7,88.0,51.8,30.8,19.8,9.2
361,6.692,0.000,237.0,228.3,-4.3,4,17420,1.000,0.000,-0.006,0.087,-0.001,193.3,-4.8,0,0.09,0.000,193.3,363.0,1.000,7.7,16.8,26.3,44.7,77.7,123.5,198.1,195.4,193.3,191.0,188.3,185.1,179.3,152.1,94.5,53.8,31.5,20.1,9.2
362,6.714,0.000,238.4,228.9,-3.7,4,17446,1.000,0.000,-0.017,0.083,-0.003,192.3,-5.3,0,0.13,0.000,192.3,361.9,1.000,7.8,16.8,26.2,44.2,76.1,119.2,196.9,194.4,192.3,190.1,187.5,184.4,179.0,158.2,96.7,54.4,31.6,20.1,9.2
363,6.736,0.000,239.8,229.5,-2.7,4,17475,1.000,0.000,-0.012,0.080,-0.001,190.6,-5.8,0,0.10,0.000,190.6,359.7,1.000,7.8,16.9,26.4,44.8,77.6,122.6,195.3,192.7,190.6,188.3,185.7,182.6,177.0,153.5,94.8,53.8,31.4,20.0,9.2
364,6.758,0.000,241.2,230.1,-1.7,4,17510,1.000,0.000,0.001,0.078,0.001,188.6,-6.0,0,0.04,0.000,188.8,357.4,1.000,7.8,17.0,26.7,45.7,80.4,129.5,193.3,190.7,188.6,186.2,183.5,180.3,174.3,145.2,91.5,52.7,31.0,19.8,9.1
365,6.780,0.000,242.6,230.7,-0.9,4,17548,1.000,0.000,0.010,0.076,0.003,186.7,-6.2,0,-0.00,0.000,187.4,355.4,1.000,7.9,17.2,27.0,46.5,82.7,135.6,191.5,188.8,186.7,184.3,181.5,178.2,171.9,139.3,89.1,51.8,30.7,19.7,9.1
366,6.802,0.000,244.0,231.3,-0.4,4,17588,1.000,0.000,0.013,0.075,0.003,185.1,-6.3,0,-0.02,0.000,185.9,353.7,1.000,7.9,17.2,27.1,46.8,83.6,137.8,189.9,187.3,185.1,182.7,179.9,176.6,170.2,137.3,88.2,51.5,30.5,19.6,9.1
367,6.824,0.000,245.4,231.9,-0.3,4,17630,1.000,0.000,0.010,0.074,0.003,183.8,-6.4,0,-0.01,0.000,184.5,352.4,1.000,7.9,17.2,27.1,46.7,83.1,136.4,188.6,185.9,183.8,181.4,178.6,175.4,169.2,138.5,88.7,51.7,30.6,19.6,9.1
368,6.846,0.000,246.9,232.4,-0.3,4,17677,1.000,0.000,0.004,0.073,0.002,182.6,-6.4,0,0.01,0.000,183.0,351.0,1.000,7.9,17.2,27.0,46.4,82.0,133.4,187.3,184.7,182.6,180.2,177.6,174.4,168.6,141.3,89.8,52.0,30.7,19.7,9.1
369,6.868,0.000,248.3,233.0,-0.4,4,17718,1.000,0.000,-0.000,0.072,0.001,181.3,-6.5,0,0.03,0.000,181.6,349.7,1.000,7.9,17.2,26.9,46.1,81.1,131.0,186.0,183.4,181.3,179.0,176.4,173.4,167.8,143.7,90.7,52.3,30.8,19.7,9.1
370,6.890,0.000,249.7,233.6,-0.4,4,17758,1.000,0.000,-0.003,0.072,0.001,180.0,-6.6,0,0.04,0.000,180.2,348.4,1.000,7.9,17.1,26.9,46.0,80.7,130.0,184.6,182.0,180.0,177.7,175.1,172.1,166.7,144.9,91.2,52.4,30.8,19.7,9.1
371,6.912,0.000,251.1,234.2,-0.3,4,17798,1.000,0.000,-0.003,0.071,0.001,178.5,-6.7,0,0.04,0.000,178.7,346.9,1.000,7.9,17.2,26.9,46.0,80.8,130.2,183.1,180.6,178.5,176.3,173.7,170.7,165.3,144.6,91.1,52.4,30.8,19.7,9.1
372,6.934,0.000,252.6,234.7,-0.2,4,17839,1.000,0.000,-0.001,0.071,0.001,177.0,-6.8,0,0.03,0.000,177.3,345.2,1.000,7.9,17.2,27.0,46.2,81.3,131.4,181.5,179.0,177.0,174.7,172.2,169.2,163.9,143.4,90.6,52.2,30.7,19.7,9.1
373,6.956,0.000,254.0,235.3,-0.1,4,17892,1.000,0.000,0.001,0.070,0.002,175.4,-6.6,0,0.03,0.000,175.8,343.3,1.000,7.9,17.2,27.0,46.4,81.8,132.6,180.0,177.5,175.4,173.2,170.6,167.7,162.4,142.2,90.1,52.0,30.7,19.6,9.1
374,6.978,0.000,255.4,235.9,0.0,4,17931,1.000,0.000,0.002,0.070,0.002,173.9,-6.7,0,0.02,0.000,174.3,341.4,1.000,7.9,17.2,27.1,46.4,82.0,133.2,178.5,175.9,173.9,171.7,169.2,166.2,161.0,141.6,89.8,51.9,30.6,19.6,9.1
375,7.000,0.000,256.9,236.4,0.0,4,17970,1.000,0.000,0.001,0.069,0.002,172.5,-6.8,0,0.02,0.000,172.9,339.9,1.000,7.9,17.2,27.1,46.5,82.0,133.1,177.0,174.5,172.5,170.3,167.8,164.9,159.7,141.6,89.8,51.9,30.6,19.6,9.1
376,7.022,0.000,258.3,237.0,-0.0,4,18008,1.000,0.000,0.000,0.069,0.002,171.1,-6.9,0,0.03,0.000,171.4,338.4,1.000,7.9,17.2,27.1,46.4,81.9,132.8,175.5,173.0,171.1,168.9,166.4,163.5,158.4,142.0,90.0,52.0,30.6,19.6,9.1
377,7.044,0.000,259.8,237.6,-0.0,4,18047,1.000,0.000,-0.000,0.069,0.001,169.6,-7.0,0,0.03,0.000,169.9,336.6,1.000,7.9,17.2,27.1,46.4,81.8,132.5,174.0,171.6,169.6,167.4,165.0,162.2,157.2,142.2,90.0,52.0,30.6,19.6,9.1
378,7.066,0.000,261.2,238.1,-0.0,4,18101,1.000,0.000,-0.001,0.068,0.001,168.1,-6.8,0,0.03,0.000,168.5,334.7,1.000,7.9,17.2,27.1,46.4,81.8,132.5,172.5,170.1,168.1,166.0,163.6,160.8,155.9,142.3,90.1,52.0,30.6,19.6,9.1
379,7.088,0.000,262.7,238.7,-0.0,4,18142,1.000,0.000,-0.000,0.068,0.001,166.7,-6.8,0,0.03,0.000,167.0,332.6,1.000,7.9,17.2,27.1,46.4,81.9,132.7,171.0,168.6,166.7,164.5,162.1,159.4,154.5,142.1,90.0,52.0,30.6,19.6,9.0
380,7.110,0.000,264.2,239.2,-0.0,4,18178,1.000,0.000,-0.000,0.068,0.002,165.2,-7.0,0,0.03,0.000,165.5,331.0,1.000,7.9,17.3,27.1,46.5,82.0,132.9,169.5,167.1,165.2,163.0,160.7,157.9,153.2,141.9,89.9,51.9,30.6,19.6,9.0
381,7.132,0.000,265.6,239.8,0.0,4,18214,1.000,0.000,-0.000,0.067,0.002,163.7,-7.2,0,0.03,0.000,164.0,329.6,1.000,7.9,17.3,27.1,46.5,82.0,133.0,168.0,165.6,163.7,161.6,159.2,156.5,151.8,141.5,89.8,51.9,30.6,19.6,9.0
382,7.154,0.000,267.1,240.4,0.0,4,18252,1.000,0.000,0.000,0.067,0.002,162.2,-7.3,0,0.03,0.000,162.5,327.7,1.000,7.9,17.3,27.1,46.5,82.1,133.1,166.5,164.1,162.2,160.1,157.8,155.1,150.5,140.9,89.8,51.9,30.6,19.6,9.0
383,7.176,0.000,268.6,240.9,0.0,4,18305,1.000,0.000,0.000,0.066,0.002,160.7,-7.1,0,0.03,0.000,161.0,325.8,1.000,7.9,17.3,27.1,46.6,82.1,133.2,165.0,162.6,160.7,158.6,156.3,153.7,149.1,140.1,89.7,51.8,30.6,19.6,9.0
384,7.198,0.000,270.0,241.5,0.0,4,18350,1.000,0.000,-0.200,0.066,0.002,159.2,-7.0,0,0.03,-0.850,159.5,323.4,1.000,7.9,17.3,27.2,46.6,82.2,133.2,163.4,161.1,159.2,157.2,154.9,152.3,147.8,139.1,89.7,51.8,30.5,19.6,9.0
385,7.220,0.000,271.5,242.0,-0.1,4,18385,1.000,0.000,0.000,0.065,0.006,156.7,-6.4,0,-0.16,0.000,158.0,323.6,1.000,8.0,17.5,27.8,48.4,88.1,163.6,161.1,158.6,156.7,154.5,152.1,149.3,144.4,128.5,84.3,50.0,29.9,19.3,9.0
386,7.242,0.000,273.0,242.5,1.5,4,18424,1.000,0.000,-0.200,0.063,0.015,152.9,-7.0,0,-0.33,-0.850,156.5,320.5,1.000,8.1,18.1,29.1,52.6,103.0,160.4,157.8,155.1,152.9,150.6,147.8,144.5,137.4,108.5,75.1,46.6,28.6,18.8,8.9
387,7.264,0.000,274.5,243.0,1.8,4,18463,1.000,0.000,0.000,0.060,0.023,149.3,-6.3,0,-0.53,0.000,155.0,316.9,1.000,8.2,18.6,30.4,56.9,120.4,157.4,154.6,151.7,149.3,146.7,143.5,139.3,120.9,95.6,68.7,44.0,27.6,18.3,8.8
388,7.286,0.000,276.0,243.5,3.0,4,18518,1.000,0.000,-0.200,0.056,0.032,145.1,-6.7,0,-0.88,-0.850,153.4,318.4,1.000,8.3,19.2,32.1,63.0,158.9,154.1,150.9,147.7,145.1,141.9,137.7,127.8,102.6,83.7,62.3,41.2,26.5,17.8,8.7
389,7.308,0.000,277.5,243.9,3.0,4,18569,1.000,0.000,0.000,0.050,0.040,140.9,-5.5,0,-1.03,0.000,151.8,314.1,1.000,8.4,19.8,33.7,69.0,156.1,150.9,147.5,144.0,140.9,137.0,130.1,110.6,91.1,75.8,57.7,39.1,25.6,17.4,8.6
390,7.330,0.000,278.9,244.4,3.8,4,18600,1.000,0.000,0.200,0.043,0.048,135.6,-6.4,0,-1.25,0.850,150.2,310.6,1.000,8.5,20.5,35.8,77.8,152.9,147.3,143.5,139.4,135.6,128.9,109.8,95.2,80.3,68.2,53.1,36.9,24.5,16.9,8.5
391,7.352,0.000,280.4,245.0,3.7,4,18608,1.000,0.000,0.258,0.035,0.046,135.2,-6.8,0,-1.20,0.000,148.6,309.9,1.000,8.6,20.6,35.6,76.1,151.7,146.3,142.7,138.8,135.2,130.0,113.4,97.9,82.1,69.3,53.7,37.1,24.6,16.8,8.4
392,7.374,0.000,281.9,244.9,1.1,5,16668,1.000,0.000,0.168,0.028,0.030,139.8,-17.2,0,-0.85,0.000,147.1,312.0,1.000,8.5,19.6,32.6,63.1,152.9,148.3,145.3,142.3,139.8,136.9,133.3,127.8,104.2,84.3,62.2,40.8,26.0,17.4,8.5
393,7.396,0.000,283.4,244.4,-2.3,5,16631,1.000,0.000,0.041,0.022,0.007,144.0,-17.9,0,-0.22,0.000,145.6,310.2,1.000,8.4,18.4,29.3,51.3,94.2,150.7,148.3,145.9,144.0,142.0,139.7,137.0,132.4,120.0,79.4,47.4,28.5,18.4,8.6
394,7.418,0.000,284.9,243.8,-5.2,5,16224,1.000,0.000,-0.159,0.018,-0.011,146.2,-19.1,0,0.20,-0.850,146.2,309.7,1.000,8.2,17.5,26.9,44.4,73.0,107.9,149.8,147.8,146.2,144.5,142.7,140.7,137.5,132.9,103.9,55.0,31.0,19.4,8.7
395,7.440,0.000,286.4,243.8,-6.3,5,16625,1.000,0.000,-0.090,0.016,-0.016,145.6,-7.9,0,0.31,0.000,145.6,309.4,1.000,8.2,17.3,26.4,42.8,68.8,98.8,149.1,147.1,145.6,144.0,142.3,140.4,137.4,133.3,113.7,57.6,31.7,19.6,8.8
396,7.462,0.000,287.9,244.3,-3.8,5,16629,1.000,0.000,-0.042,0.014,-0.008,142.5,-8.7,0,0.12,0.000,142.5,306.5,1.000,8.3,17.8,27.5,45.7,76.5,115.6,146.2,144.1,142.5,140.8,138.9,136.9,133.6,128.8,97.8,53.2,30.3,19.1,8.7
397,7.484,0.000,289.4,244.8,-1.1,5,16647,1.000,0.000,-0.242,0.012,0.002,139.1,-9.0,0,-0.14,-0.850,139.5,305.7,1.000,8.4,18.3,28.8,49.5,87.6,145.3,143.0,140.8,139.1,137.2,135.1,132.8,129.0,122.8,84.5,49.0,28.9,18.5,8.6
398,7.506,0.000,290.9,245.2,0.3,5,16677,1.000,0.000,-0.042,0.010,0.014,134.9,-8.2,0,-0.38,0.000,137.9,301.5,1.000,8.5,19.0,30.6,55.1,106.7,141.8,139.3,136.9,134.9,132.8,130.4,127.7,122.6,105.0,72.3,44.6,27.3,17.9,8.5
399,7.528,0.000,292.4,245.6,2.6,5,16711,1.000,0.000,-0.242,0.006,0.029,129.7,-8.6,0,-0.82,-0.850,136.4,301.8,1.000,8.7,20.0,33.2,64.1,142.0,137.6,134.8,132.0,129.7,127.1,124.0,119.9,103.0,83.2,61.2,40.1,25.6,17.1,8.3
400,7.550,0.000,293.9,245.9,3.5,5,16749,1.000,0.000,-0.042,0.001,0.041,124.4,-7.3,0,-1.08,0.000,134.7,297.4,1.000,8.9,20.9,35.8,74.2,138.4,133.5,130.4,127.2,124.4,121.1,116.2,102.2,84.6,70.8,54.1,36.9,24.2,16.5,8.2
401,7.572,0.000,295.4,246.2,4.7,5,16783,1.000,0.000,0.158,-0.007,0.054,117.9,-7.7,0,-1.44,0.850,117.9,292.8,1.000,9.0,22.0,39.0,88.5,134.6,129.2,125.6,121.6,117.9,110.7,95.3,83.7,71.4,61.2,48.3,34.0,22.9,15.9,8.0
402,7.594,0.000,296.9,246.6,5.0,5,16790,1.000,0.000,0.320,-0.016,0.056,115.5,-8.3,0,-1.51,0.000,115.5,290.4,1.000,9.1,22.4,39.8,91.5,132.7,127.2,123.5,119.5,115.5,106.4,92.0,81.0,69.4,59.6,47.2,33.4,22.6,15.6,7.9
403,7.616,0.000,298.4,247.0,2.5,5,16806,1.000,0.000,0.235,-0.024,0.041,120.1,-7.9,0,-1.10,0.000,130.0,291.0,1.000,9.1,21.4,36.6,75.5,133.7,128.9,125.9,122.7,120.1,117.0,112.6,100.7,83.3,69.5,53.1,36.1,23.7,16.1,8.0
404,7.638,0.000,299.9,247.4,-1.4,5,16855,1.000,0.000,0.107,-0.031,0.017,124.9,-7.5,0,-0.65,0.000,128.4,292.7,1.000,8.9,20.0,32.4,58.9,135.6,131.7,129.2,126.8,124.9,122.9,120.5,117.8,112.8,95.9,67.0,41.9,25.9,17.0,8.1
405,7.660,0.000,301.4,247.6,-5.0,5,16908,1.000,0.000,-0.021,-0.037,-0.006,128.0,-7.1,0,-0.08,0.000,128.0,289.9,1.000,8.7,18.8,29.1,48.7,82.3,133.5,131.5,129.5,128.0,126.3,124.5,122.6,119.5,115.2,90.4,49.8,28.6,18.1,8.2
406,7.682,0.000,303.0,248.0,-7.0,5,16932,1.000,0.000,-0.221,-0.040,-0.019,128.7,-7.3,0,0.26,-0.850,128.7,287.8,1.000,8.7,18.1,27.5,44.2,70.0,99.0,131.9,130.1,128.7,127.2,125.7,124.0,121.4,118.0,108.2,56.2,30.5,18.8,8.3
407,7.704,0.000,304.5,248.4,-6.3,5,16915,1.000,0.000,-0.080,-0.042,-0.017,126.7,-8.1,0,0.09,0.000,126.7,287.5,1.000,8.7,18.3,27.9,45.1,72.2,131.8,129.9,128.1,126.7,125.2,123.7,122.0,119.3,115.8,105.5,54.7,30.0,18.6,8.3
408,7.726,0.000,306.0,248.9,-2.6,5,16929,1.000,0.000,-0.003,-0.043,-0.003,122.7,-9.1,0,-0.15,0.000,122.7,282.4,1.000,8.8,19.1,29.7,50.3,86.5,128.3,126.2,124.2,122.7,121.1,119.3,117.4,114.3,109.9,85.5,48.1,27.9,17.8,8.1
409,7.748,0.000,307.5,249.3,0.2,5,16959,1.000,0.000,-0.203,-0.045,0.008,119.2,-9.0,0,-0.50,-0.850,120.6,282.4,1.000,8.9,19.7,31.3,54.8,128.8,125.2,123.0,120.9,119.2,117.5,115.5,113.4,109.9,104.3,74.1,44.3,26.6,17.2,8.0
410,7.770,0.000,309.0,249.7,1.0,5,16988,1.000,0.000,-0.003,-0.047,0.017,115.8,-8.3,0,-0.64,0.000,119.1,278.8,1.000,9.0,20.3,32.8,59.7,126.0,122.2,119.8,117.6,115.8,113.9,111.8,109.4,105.2,94.7,66.1,41.3,25.5,16.7,8.0
411,7.792,0.000,310.6,250.1,2.8,5,17018,1.000,0.000,-0.203,-0.051,0.028,111.8,-8.7,0,-0.83,-0.850,117.5,274.6,1.000,9.2,21.1,34.9,67.0,122.8,118.7,116.2,113.8,111.8,109.7,107.2,104.3,97.9,79.7,58.4,38.1,24.2,16.2,7.8
412,7.814,0.000,312.1,250.4,3.0,5,17042,1.000,0.000,-0.003,-0.056,0.036,108.3,-8.0,0,-1.02,0.000,115.9,270.5,1.000,9.3,21.8,36.7,73.7,120.0,115.7,113.0,110.4,108.3,105.9,103.1,99.3,86.2,71.1,53.6,35.9,23.3,15.8,7.7
413,7.836,0.000,313.6,250.8,3.9,5,17093,1.000,0.000,-0.129,-0.063,0.045,104.4,-8.0,0,-1.25,-0.850,114.2,265.1,1.000,9.5,22.6,39.0,82.7,117.0,112.5,109.6,106.7,104.4,101.6,97.9,90.1,75.4,63.5,49.1,33.8,22.3,15.3,7.6
414,7.858,0.000,315.2,251.2,3.7,5,17110,1.000,0.000,0.071,-0.071,0.052,100.8,-7.8,0,-1.49,0.000,112.6,260.4,1.000,9.6,23.3,40.9,91.4,114.2,109.5,106.5,103.4,100.8,97.5,92.0,80.5,68.5,58.5,45.9,32.2,21.6,14.9,7.5
415,7.880,0.000,316.7,251.5,4.1,5,17122,1.000,0.000,0.271,-0.081,0.056,97.6,-8.7,0,-1.92,0.000,97.6,267.9,1.000,9.7,23.9,42.6,119.3,111.8,106.9,103.8,100.5,97.6,93.7,84.6,74.6,64.1,55.2,43.8,31.0,21.0,14.6,7.4
416,7.902,0.000,318.2,251.9,2.8,5,17127,1.000,0.000,0.285,-0.091,0.048,99.0,-8.6,0,-1.41,0.000,109.3,257.1,1.000,9.7,23.4,40.6,87.9,111.6,107.1,104.3,101.4,99.0,96.2,92.4,83.9,70.6,59.9,46.6,32.3,21.5,14.7,7.4
417,7.924,0.000,319.8,252.3,-0.4,5,17159,1.000,0.000,0.174,-0.100,0.028,102.4,-8.0,0,-0.91,0.000,107.7,258.6,1.000,9.6,22.1,36.5,69.9,112.8,108.9,106.6,104.3,102.4,100.5,98.2,95.6,90.6,75.8,55.5,36.2,23.0,15.4,7.4
418,7.946,0.000,321.3,252.5,-4.1,5,17248,1.000,0.000,0.053,-0.107,0.005,105.2,-6.7,0,-0.54,0.000,106.1,257.8,1.000,9.4,20.7,32.7,56.8,114.1,110.7,108.7,106.7,105.2,103.7,102.0,100.1,97.2,93.0,71.7,42.3,25.2,16.2,7.5
419,7.968,0.000,322.9,252.8,-6.9,5,17283,1.000,0.000,-0.051,-0.112,-0.014,106.7,-6.7,0,-0.10,0.000,106.7,253.4,1.000,9.3,19.7,30.1,49.2,80.0,111.5,109.7,108.0,106.7,105.3,103.9,102.3,99.9,96.9,88.7,49.2,27.4,17.0,7.6
420,7.990,0.000,324.4,253.1,-7.6,5,17278,1.000,0.000,-0.093,-0.115,-0.022,106.2,-7.6,0,0.01,0.000,106.2,253.7,1.000,9.3,19.3,29.2,46.6,73.2,110.8,109.1,107.5,106.2,104.9,103.6,102.1,100.0,97.2,90.4,53.0,28.5,17.4,7.7
421,8.010,0.000,325.8,253.6,-6.0,5,17258,0.000,0.007,-0.074,-0.116,-0.018,104.3,-9.0,0,-0.05,0.000,104.3,250.9,0.693,9.3,19.5,29.7,47.8,76.1,108.9,107.1,105.5,104.3,103.0,101.6,100.1,97.9,95.1,88.1,51.1,27.9,17.2,7.6
422,8.030,0.000,327.2,253.4,-3.2,5,16820,0.000,0.000,-0.019,-0.117,-0.009,101.4,-20.6,0,-0.36,0.000,101.4,251.8,0.693,9.4,20.1,30.9,51.2,109.3,106.2,104.4,102.7,101.4,100.1,98.6,97.1,94.7,91.7,83.4,47.0,26.6,16.7,7.6
423,8.050,0.000,328.6,252.8,-0.6,5,16772,0.000,0.263,-0.219,-0.117,-0.000,98.6,-21.3,0,-0.47,-0.850,98.6,245.0,0.000,9.5,20.6,32.2,54.9,106.8,103.6,101.7,100.0,98.6,97.2,95.7,94.0,91.5,88.2,76.1,43.5,25.5,16.3,7.5
424,8.070,0.000,330.0,251.8,0.6,5,16602,0.000,0.450,-0.019,-0.118,0.010,95.5,-12.7,0,-0.64,0.000,97.1,240.2,0.000,9.6,21.2,33.9,60.0,104.1,100.8,98.8,96.9,95.5,94.0,92.4,90.6,87.8,83.9,66.2,40.1,24.3,15.8,7.4
425,8.090,0.000,331.4,250.0,3.0,5,16406,0.000,0.481,-0.210,-0.120,0.024,91.7,-9.7,0,-0.87,-0.850,95.7,237.9,0.000,9.7,22.2,36.4,68.3,100.9,97.4,95.3,93.3,91.7,90.1,88.3,86.3,82.9,77.4,56.6,36.3,22.9,15.2,7.3
426,8.110,0.000,332.8,248.2,4.0,5,16258,0.000,0.086,-0.010,-0.123,0.035,88.2,-2.0,0,-1.46,0.000,94.3,244.0,-0.007,9.9,23.1,38.9,104.1,98.0,94.2,92.0,89.8,88.2,86.3,84.3,81.9,77.6,66.7,50.2,33.5,21.7,14.7,7.2
427,8.130,0.000,334.2,246.6,5.4,5,16328,0.000,0.171,0.190,-0.128,0.047,84.3,-15.9,0,-1.66,0.000,92.8,240.7,0.000,10.1,24.1,41.9,101.4,94.9,90.9,88.5,86.2,84.3,82.3,79.8,76.8,68.3,57.8,44.9,31.1,20.6,14.1,7.1
428,8.150,0.000,335.5,245.6,5.9,5,16204,0.000,0.309,0.305,-0.134,0.049,82.6,-16.3,0,-1.70,0.000,91.3,236.9,0.000,10.1,24.4,42.5,99.7,93.2,89.2,86.8,84.5,82.6,80.5,78.1,75.0,66.3,56.3,43.9,30.5,20.3,14.0,7.0
429,8.170,0.000,336.9,244.3,3.7,5,16072,0.000,0.344,0.232,-0.140,0.035,84.2,-9.8,0,-1.46,0.000,90.0,235.0,0.000,10.0,23.4,39.4,99.6,93.6,90.0,87.8,85.7,84.2,82.4,80.5,78.4,74.6,65.8,49.4,33.0,21.3,14.4,7.1
430,8.190,0.000,338.3,242.7,-0.4,5,15961,0.000,0.547,0.095,-0.144,0.012,86.8,-8.9,0,-0.72,0.000,88.5,229.4,0.000,9.8,21.8,34.9,62.2,95.0,91.8,89.9,88.1,86.8,85.4,83.9,82.3,79.8,76.4,63.2,38.5,23.4,15.3,7.2
431,8.210,0.000,339.6,240.8,-4.6,5,15721,0.000,0.235,-0.028,-0.146,-0.012,88.8,-6.1,0,-0.39,0.000,88.8,233.7,0.000,9.6,20.4,31.3,51.5,96.1,93.2,91.5,90.0,88.8,87.6,86.3,85.0,83.0,80.5,74.5,46.5,26.1,16.3,7.3
432,8.230,0.000,340.9,239.0,-7.2,5,15738,0.000,0.086,-0.106,-0.148,-0.027,89.4,-13.8,0,-0.22,0.000,89.4,234.9,-0.007,9.5,19.6,29.4,46.3,96.1,93.5,91.9,90.5,89.4,88.3,87.1,85.9,84.1,81.9,77.0,53.8,28.2,17.0,7.4
433,8.250,0.000,342.3,237.9,-7.3,5,15744,0.000,0.043,-0.123,-0.148,-0.030,88.4,-18.0,0,-0.19,0.000,88.4,234.7,-0.012,9.5,19.5,29.0,45.4,95.0,92.4,90.8,89.4,88.4,87.3,86.2,85.0,83.3,81.1,76.5,55.6,28.7,17.2,7.5
434,8.270,0.000,343.6,237.2,-5.3,5,15717,0.000,0.270,-0.086,-0.148,-0.023,86.1,-19.2,0,-0.27,0.000,86.1,229.5,0.000,9.5,19.8,29.9,47.6,92.9,90.2,88.6,87.2,86.1,85.0,83.9,82.7,80.9,78.7,73.9,51.6,27.6,16.8,7.4
435,8.290,0.000,344.9,236.2,-2.3,5,15573,0.000,0.429,-0.025,-0.148,-0.011,83.3,-13.9,0,-0.41,0.000,83.3,225.3,0.000,9.6,20.5,31.4,51.7,90.3,87.5,85.9,84.4,83.3,82.1,80.9,79.7,77.8,75.5,70.2,46.3,26.0,16.2,7.3
436,8.310,0.000,346.2,234.7,0.1,5,15410,0.000,0.505,0.028,-0.147,-0.001,80.6,-8.9,0,-0.55,0.000,80.6,222.2,0.000,9.7,21.1,32.9,55.9,87.8,84.9,83.3,81.8,80.6,79.4,78.2,76.9,74.9,72.5,66.6,42.4,24.8,15.8,7.2
437,8.330,0.000,347.5,232.9,1.4,5,15255,0.000,0.517,0.055,-0.146,0.004,78.6,-5.1,0,-0.63,0.000,79.1,220.2,0.000,9.8,21.4,33.7,58.3,85.9,83.0,81.3,79.8,78.6,77.4,76.2,74.9,72.9,70.3,64.3,40.7,24.2,15.6,7.2
438,8.350,0.000,348.8,230.9,1.5,5,15119,0.000,0.461,0.054,-0.146,0.004,77.4,-3.8,0,-0.63,0.000,77.8,219.3,0.000,9.8,21.3,33.6,58.2,84.5,81.7,80.0,78.5,77.4,76.2,75.0,73.7,71.7,69.3,63.5,40.8,24.2,15.6,7.2
439,8.370,0.000,350.1,228.9,0.8,5,15003,0.000,0.397,0.035,-0.145,0.000,76.6,-6.6,0,-0.58,0.000,76.6,218.7,0.000,9.7,21.1,33.1,56.4,83.5,80.7,79.1,77.7,76.6,75.4,74.2,73.0,71.1,68.8,63.5,42.1,24.7,15.7,7.3
440,8.390,0.000,351.3,227.1,-0.0,5,14912,0.000,0.354,0.010,-0.145,-0.005,75.9,-9.8,0,-0.52,0.000,75.9,217.8,0.000,9.7,20.8,32.3,54.3,82.6,79.9,78.4,76.9,75.9,74.8,73.6,72.4,70.7,68.5,63.7,43.8,25.2,16.0,7.3
441,8.410,0.000,352.6,225.5,-0.7,5,14828,0.000,0.299,-0.010,-0.144,-0.009,75.1,-11.2,0,-0.46,0.000,75.1,217.3,0.000,9.6,20.6,31.7,52.6,81.6,79.0,77.5,76.1,75.1,74.0,72.9,71.8,70.1,68.0,63.5,45.3,25.8,16.2,7.3
442,8.430,0.000,353.8,224.1,-1.0,5,14759,0.000,0.323,-0.020,-0.142,-0.010,74.0,-12.3,0,-0.44,0.000,74.0,215.4,0.000,9.6,20.4,31.4,51.9,80.5,77.9,76.4,75.0,74.0,73.0,71.9,70.8,69.1,67.1,62.8,46.1,26.0,16.3,7.4
443,8.450,0.000,355.1,222.7,-0.9,5,14660,0.000,0.371,-0.019,-0.141,-0.010,72.7,-11.3,0,-0.45,0.000,72.7,213.1,0.000,9.6,20.4,31.4,51.9,79.1,76.5,75.0,73.7,72.7,71.7,70.6,69.5,67.9,66.0,61.8,46.1,26.0,16.3,7.4
444,8.470,0.000,356.3,221.2,-0.6,5,14545,0.000,0.035,0.003,-0.140,-0.009,71.3,-9.5,0,-0.87,0.000,71.3,218.3,-0.007,9.6,20.5,31.6,82.2,77.6,75.0,73.6,72.3,71.3,70.3,69.2,68.1,66.6,64.6,60.5,45.6,25.9,16.3,7.4
445,8.490,0.000,357.5,220.3,-0.2,5,14607,0.000,0.108,0.008,-0.139,-0.008,69.9,-16.9,0,-0.87,0.000,69.9,215.9,-0.012,9.6,20.5,31.7,80.8,76.2,73.6,72.2,70.9,69.9,68.9,67.9,66.8,65.3,63.4,59.3,45.2,25.8,16.2,7.4
446,8.510,0.000,358.8,219.6,-0.1,5,14534,0.000,0.190,0.007,-0.137,-0.008,68.7,-15.8,0,-0.87,0.000,68.7,213.6,0.000,9.6,20.5,31.7,79.4,74.9,72.3,70.9,69.6,68.7,67.7,66.7,65.6,64.1,62.3,58.4,45.3,25.8,16.3,7.4
447,8.530,0.000,360.0,218.7,-0.1,5,14444,0.000,0.280,0.004,-0.136,-0.008,67.5,-13.7,0,-0.85,0.000,67.5,210.9,0.000,9.6,20.4,31.5,78.1,73.6,71.1,69.7,68.5,67.5,66.6,65.6,64.5,63.0,61.2,57.5,45.6,26.0,16.3,7.4
448,8.550,0.000,361.2,217.5,-0.2,5,14333,0.000,0.348,-0.001,-0.134,-0.009,66.4,-11.2,0,-0.83,0.000,66.4,208.4,0.000,9.5,20.4,31.4,76.8,72.3,69.9,68.5,67.3,66.4,65.4,64.5,63.5,62.0,60.2,56.6,46.0,26.1,16.4,7.4
449,8.570,0.000,362.4,216.2,-0.3,5,14215,0.000,0.426,-0.004,-0.132,-0.010,65.2,-8.7,0,-0.82,0.000,65.2,205.5,0.000,9.5,20.3,31.3,75.5,71.1,68.7,67.3,66.1,65.2,64.3,63.3,62.3,60.9,59.2,55.7,45.9,26.2,16.4,7.4
450,8.590,0.000,363.6,214.6,-0.3,5,14076,0.000,0.474,-0.005,-0.131,-0.010,64.0,-6.3,0,-0.82,0.000,64.0,203.0,0.000,9.5,20.3,31.2,74.2,69.8,67.4,66.1,64.9,64.0,63.1,62.2,61.2,59.8,58.1,54.7,45.6,26.3,16.5,7.4
451,8.610,0.000,364.8,212.9,-0.2,5,13926,0.000,0.522,-0.004,-0.129,-0.010,62.8,-5.1,0,-0.81,0.000,62.8,200.3,0.000,9.5,20.2,31.2,72.8,68.5,66.2,64.8,63.7,62.8,61.9,61.0,60.0,58.7,57.1,53.7,45.1,26.3,16.5,7.5
452,8.630,0.000,365.9,211.0,-0.1,5,13777,0.000,0.534,-0.003,-0.127,-0.009,61.6,-3.8,0,-0.81,0.000,61.6,198.2,0.000,9.5,20.2,31.2,71.5,67.2,64.9,63.6,62.4,61.6,60.7,59.8,58.9,57.5,56.0,52.7,44.6,26.3,16.5,7.5
453,8.650,0.000,367.1,209.0,-0.1,5,13643,0.000,0.499,-0.002,-0.126,-0.009,60.4,-3.4,0,-0.81,0.000,60.4,197.0,0.000,9.5,20.2,31.2,70.1,65.9,63.6,62.3,61.2,60.4,59.5,58.6,57.7,56.4,54.9,51.7,44.0,26.4,16.6,7.5
454,8.670,0.000,368.3,207.1,-0.1,5,13534,0.000,0.511,-0.002,-0.124,-0.009,59.2,-4.7,0,-0.81,0.000,59.2,194.8,0.000,9.5,20.2,31.1,68.8,64.6,62.4,61.1,60.0,59.2,58.3,57.5,56.6,55.3,53.8,50.8,43.4,26.4,16.6,7.5
455,8.690,0.000,369.4,205.2,-0.0,5,13406,0.000,0.540,-0.001,-0.122,-0.009,58.0,-4.1,0,-0.81,0.000,58.0,192.4,0.000,9.4,20.2,31.1,67.5,63.4,61.2,59.9,58.8,58.0,57.2,56.3,55.5,54.2,52.7,49.8,42.8,26.4,16.6,7.5
456,8.710,0.000,370.5,203.4,-0.0,4,14845,0.000,0.570,-0.001,-0.121,-0.009,56.8,-1.0,0,-0.81,0.000,56.8,189.9,0.000,9.4,20.1,31.1,66.2,62.1,59.9,58.7,57.6,56.8,56.0,55.2,54.4,53.1,51.7,48.8,42.1,26.5,16.6,7.5
457,8.730,0.000,371.7,201.5,-0.0,4,14787,0.000,0.601,-0.001,-0.119,-0.009,55.7,1.0,0,-0.81,0.000,55.7,187.5,0.000,9.4,20.1,31.0,65.0,60.9,58.7,57.6,56.5,55.7,54.9,54.1,53.3,52.1,50.7,47.9,41.5,26.5,16.7,7.5
458,8.750,0.000,372.8,199.6,0.0,4,14433,0.000,0.628,-0.001,-0.117,-0.009,54.6,1.6,0,-0.81,0.000,54.6,185.0,0.000,9.4,20.1,31.0,63.7,59.7,57.6,56.4,55.3,54.6,53.8,53.0,52.2,51.0,49.6,47.0,40.8,26.5,16.7,7.6
459,8.770,0.000,373.9,197.4,0.0,4,14232,0.000,0.647,-0.000,-0.116,-0.008,53.4,3.5,0,-0.82,0.000,53.4,182.5,0.000,9.4,20.1,31.0,62.4,58.5,56.4,55.2,54.2,53.4,52.7,51.9,51.1,50.0,48.6,46.0,40.1,26.6,16.7,7.6
460,8.790,0.000,375.0,195.2,0.1,4,14052,0.000,0.663,0.001,-0.114,-0.008,52.3,5.8,0,-0.82,0.000,52.3,180.0,0.000,9.4,20.1,31.0,61.2,57.3,55.2,54.1,53.0,52.3,51.5,50.8,50.0,48.9,47.6,45.1,39.4,26.6,16.7,7.6
461,8.810,0.000,376.1,193.0,0.1,4,13871,0.000,0.677,0.002,-0.113,-0.008,51.2,8.3,0,-0.82,0.000,51.2,177.5,0.000,9.4,20.0,31.0,59.9,56.1,54.0,52.9,51.9,51.2,50.4,49.7,48.9,47.9,46.6,44.1,38.7,26.6,16.7,7.6
462,8.830,0.000,377.1,190.7,0.1,4,13689,0.000,0.690,0.003,-0.111,-0.008,50.1,11.2,0,-0.83,0.000,50.1,175.0,0.000,9.4,20.0,31.1,58.7,54.9,52.9,51.8,50.8,50.1,49.4,48.6,47.9,46.8,45.6,43.2,38.0,26.6,16.8,7.6
463,8.850,0.000,378.2,188.4,0.1,4,13505,0.000,0.702,0.004,-0.110,-0.008,49.0,14.1,0,-0.84,0.000,49.0,172.5,0.000,9.3,20.0,31.7,57.5,53.7,51.8,50.7,49.7,49.0,48.3,47.6,46.9,45.8,44.6,42.3,37.3,26.6,16.8,7.6
464,8.870,0.000,379.2,186.1,0.1,4,13302,0.000,0.711,0.036,-0.108,-0.008,48.0,16.5,0,-1.77,0.000,48.0,170.0,0.000,9.3,20.0,62.0,56.3,52.6,50.7,49.6,48.6,48.0,47.3,46.6,45.9,44.9,43.7,41.4,36.6,26.7,16.8,7.6
465,8.890,0.000,380.2,183.7,0.1,4,13117,0.000,0.713,0.033,-0.107,-0.008,47.0,19.4,0,-1.75,0.000,47.0,167.6,0.000,9.3,19.9,60.9,55.2,51.5,49.6,48.6,47.6,47.0,46.3,45.6,44.9,43.9,42.8,40.6,36.0,26.8,16.9,7.6
466,8.910,0.000,381.3,181.3,0.0,4,12943,0.000,0.708,0.026,-0.105,-0.009,46.0,22.3,0,-1.73,0.000,46.0,165.4,0.000,9.3,19.8,59.7,54.1,50.5,48.6,47.6,46.7,46.0,45.4,44.7,44.0,43.1,42.0,39.9,35.4,26.9,17.0,7.7
467,8.930,0.000,382.3,179.0,-0.1,4,12776,0.000,0.350,0.018,-0.104,-0.011,45.1,24.7,0,-1.72,0.000,45.1,163.2,0.000,9.3,19.7,58.6,53.1,49.5,47.7,46.7,45.8,45.1,44.5,43.8,43.2,42.2,41.2,39.1,34.8,26.9,17.1,7.7
468,8.950,0.000,383.2,176.8,-0.3,4,12865,0.000,0.704,0.012,-0.102,-0.012,44.2,10.0,0,-1.70,0.000,44.2,161.0,0.000,9.2,19.6,57.5,52.0,48.5,46.7,45.7,44.8,44.2,43.6,42.9,42.3,41.4,40.4,38.4,34.2,26.8,17.2,7.7
469,8.970,0.000,384.2,174.8,-0.3,4,12510,0.000,0.714,0.006,-0.100,-0.013,43.3,12.3,0,-1.69,0.000,43.3,158.8,0.000,9.2,19.5,56.4,51.0,47.5,45.7,44.8,43.9,43.3,42.7,42.1,41.4,40.6,39.5,37.6,33.6,26.6,17.2,7.7
470,8.990,0.000,385.2,172.6,-0.4,4,12314,0.000,0.717,0.002,-0.099,-0.014,42.4,18.4,0,-1.68,0.000,42.4,156.5,0.000,9.2,19.5,55.3,49.9,46.5,44.7,43.8,43.0,42.4,41.8,41.2,40.5,39.7,38.7,36.8,33.0,26.3,17.3,7.8
471,9.010,0.000,386.1,170.4,-0.4,4,12125,0.000,0.360,0.000,-0.097,-0.014,41.4,24.5,0,-1.68,0.000,41.4,154.3,0.000,9.2,19.4,54.2,48.8,45.5,43.7,42.8,42.0,41.4,40.8,40.2,39.6,38.8,37.8,36.0,32.3,25.9,17.4,7.8
472,9.030,0.000,387.1,168.4,-0.3,3,14911,0.000,0.736,0.000,-0.095,-0.014,40.5,14.9,0,-1.68,0.000,40.5,152.0,0.000,9.2,19.4,53.0,47.7,44.4,42.7,41.8,41.0,40.5,39.9,39.3,38.7,37.9,37.0,35.2,31.6,25.6,17.4,7.8
473,9.050,0.000,388.0,166.5,-0.2,3,14852,0.000,0.757,0.001,-0.093,-0.014,39.5,20.7,0,-1.68,0.000,39.5,149.7,0.000,9.1,19.4,51.9,46.6,43.4,41.7,40.8,40.1,39.5,38.9,38.4,37.8,37.0,36.1,34.4,30.9,25.2,17.4,7.8
474,9.070,0.000,388.9,164.4,-0.2,3,14346,0.000,0.384,0.002,-0.091,-0.014,38.6,28.1,0,-1.68,0.000,38.6,147.4,0.000,9.1,19.4,50.8,45.6,42.4,40.7,39.9,39.1,38.6,38.0,37.5,36.9,36.1,35.2,33.6,30.2,24.7,17.5,7.8
475,9.090,0.000,389.8,162.4,-0.1,3,14397,0.000,0.778,0.003,-0.089,-0.014,37.6,17.4,0,-1.68,0.000,37.6,145.2,0.000,9.1,19.6,49.6,44.5,41.4,39.8,38.9,38.2,37.6,37.1,36.5,36.0,35.3,34.4,32.8,29.6,24.3,17.5,7.8
476,9.110,0.000,390.7,160.3,-0.0,3,13895,0.000,0.393,0.004,-0.087,-0.013,36.7,24.1,0,-1.70,0.000,36.7,143.0,0.000,9.1,19.9,48.5,43.5,40.4,38.8,37.9,37.2,36.7,36.2,35.6,35.1,34.4,33.5,32.0,28.9,23.8,17.4,7.9
477,9.130,0.000,391.6,158.2,0.0,3,13994,0.000,0.795,0.007,-0.085,-0.013,35.8,15.6,0,-1.73,0.000,35.8,140.7,0.000,9.1,20.6,47.4,42.4,39.4,37.8,37.0,36.3,35.8,35.3,34.8,34.2,33.5,32.7,31.2,28.2,23.4,17.4,7.9
478,9.150,0.000,392.5,156.1,0.1,3,13491,0.000,0.401,0.010,-0.083,-0.013,34.9,23.7,0,-1.80,0.000,34.9,138.5,0.000,9.1,22.2,46.3,41.4,38.4,36.9,36.1,35.4,34.9,34.4,33.9,33.4,32.7,31.9,30.4,27.5,22.9,17.2,7.9
479,9.170,0.000,393.3,154.1,0.1,3,13593,0.000,0.807,0.210,-0.081,-0.013,34.0,15.6,0,-3.66,0.810,34.0,136.4,0.000,9.1,51.9,45.3,40.4,37.4,36.0,35.2,34.5,34.0,33.5,33.0,32.5,31.9,31.1,29.7,26.9,22.5,17.1,7.9
480,9.190,0.000,394.2,152.1,0.2,3,13076,0.000,0.402,0.410,-0.079,-0.014,33.2,26.0,0,-3.66,0.810,33.2,134.4,0.000,9.0,50.9,44.3,39.5,36.6,35.1,34.4,33.7,33.2,32.7,32.3,31.8,31.1,30.4,29.0,26.3,22.1,17.0,7.9
481,9.210,0.000,395.0,150.1,0.1,3,13207,0.000,0.390,0.488,-0.077,-0.020,32.7,24.5,0,-3.64,0.661,32.7,133.0,0.000,9.0,50.1,43.6,38.8,36.0,34.5,33.8,33.1,32.7,32.2,31.7,31.3,30.6,29.9,28.6,25.9,21.9,17.0,8.0
482,9.230,0.000,395.9,148.4,-0.4,3,13128,0.000,0.370,0.392,-0.073,-0.030,32.4,23.2,0,-3.60,0.555,32.4,132.1,0.000,8.8,49.6,43.1,38.4,35.6,34.2,33.5,32.8,32.4,31.9,31.5,31.0,30.4,29.7,28.3,25.8,21.8,17.1,8.1
483,9.250,0.000,396.7,146.7,-1.3,3,12998,0.000,0.342,0.411,-0.069,-0.043,32.2,18.5,0,-3.54,0.686,32.2,131.6,0.000,8.7,49.2,42.8,38.2,35.4,34.0,33.3,32.7,32.2,31.8,31.3,30.9,30.3,29.6,28.3,25.8,21.9,17.3,8.3
484,9.270,0.000,397.5,145.2,-2.3,3,12862,0.000,0.622,0.339,-0.064,-0.059,32.2,14.7,0,-3.48,0.658,32.2,131.3,0.000,8.5,49.0,42.6,38.0,35.3,34.0,33.2,32.6,32.2,31.7,31.3,30.9,30.3,29.6,28.3,25.9,22.1,17.6,8.5
485,9.290,0.000,398.3,143.5,-3.4,3,12435,0.000,0.275,0.329,-0.058,-0.076,32.2,22.9,0,-3.42,0.757,32.2,131.1,0.000,8.4,48.8,42.5,37.9,35.2,33.9,33.2,32.6,32.2,31.7,31.3,30.9,30.3,29.6,28.4,26.0,22.2,17.8,8.7
486,9.310,0.000,399.1,141.9,-4.5,3,12522,0.000,0.241,0.280,-0.051,-0.091,32.1,16.5,0,-3.37,0.770,32.1,130.8,0.000,8.2,48.6,42.3,37.8,35.2,33.8,33.1,32.5,32.1,31.7,31.3,30.8,30.3,29.6,28.4,26.0,22.4,18.0,8.9
487,9.330,0.000,399.9,140.4,-5.2,3,12453,0.000,0.431,0.246,-0.043,-0.107,32.0,7.7,0,-3.32,0.810,32.0,130.5,0.000,8.0,48.3,42.1,37.7,35.0,33.7,33.0,32.4,32.0,31.6,31.2,30.8,30.2,29.5,28.3,26.0,22.4,18.1,9.1
488,9.350,0.000,400.6,139.0,-5.9,3,12142,0.000,0.381,0.193,-0.033,-0.122,31.9,8.6,0,-3.28,0.810,31.9,130.1,0.000,7.9,48.1,41.9,37.5,34.9,33.6,32.9,32.3,31.9,31.5,31.1,30.7,30.1,29.5,28.3,26.0,22.5,18.2,9.3
489,9.370,0.000,401.4,137.5,-6.6,3,11993,0.000,0.329,0.142,-0.023,-0.137,31.8,7.1,0,-3.24,0.810,31.8,129.7,0.000,7.7,47.8,41.6,37.3,34.7,33.4,32.8,32.2,31.8,31.4,31.0,30.6,30.0,29.4,28.2,25.9,22.5,18.3,9.5
490,9.390,0.000,402.2,136.0,-7.1,3,11898,0.000,0.285,0.095,-0.011,-0.150,31.6,3.0,0,-3.21,0.810,31.6,129.1,0.000,7.5,47.5,41.4,37.0,34.5,33.2,32.6,32.0,31.6,31.2,30.8,30.4,29.8,29.2,28.0,25.8,22.4,18.3,9.7
491,9.410,0.000,402.9,134.6,-7.5,3,11822,0.000,0.251,0.053,0.002,-0.162,31.3,-2.3,0,-3.18,0.810,31.3,128.4,0.000,7.4,47.1,41.0,36.7,34.2,33.0,32.3,31.7,31.3,30.9,30.5,30.1,29.6,29.0,27.8,25.7,22.3,18.3,9.8
492,9.430,0.000,403.6,133.4,-7.6,2,14841,0.000,0.232,0.015,0.016,-0.174,31.0,-4.0,0,-3.16,0.810,31.0,127.7,0.000,7.3,46.7,40.6,36.4,33.9,32.6,32.0,31.4,31.0,30.6,30.3,29.9,29.3,28.7,27.6,25.4,22.2,18.2,9.9
493,9.450,0.000,404.4,132.4,-7.5,2,14782,0.000,0.232,-0.017,0.031,-0.184,30.7,-5.4,0,-3.15,0.810,30.7,126.7,0.000,7.2,46.2,40.1,35.9,33.5,32.3,31.6,31.1,30.7,30.3,29.9,29.5,29.0,28.4,27.3,25.2,22.0,18.1,10.0
494,9.470,0.000,405.1,131.5,-7.2,2,14674,0.000,0.247,-0.039,0.047,-0.191,30.2,-8.5,0,-3.14,0.810,30.2,125.5,0.000,7.1,45.6,39.6,35.4,33.0,31.8,31.1,30.6,30.2,29.8,29.4,29.1,28.6,28.0,26.9,24.8,21.7,17.9,10.0
495,9.490,0.000,405.8,130.5,-6.7,2,14445,0.000,0.269,-0.060,0.064,-0.196,29.6,-10.0,0,-3.14,0.810,29.6,124.1,0.000,7.1,44.8,38.9,34.7,32.3,31.2,30.5,30.0,29.6,29.3,28.9,28.5,28.0,27.4,26.4,24.3,21.3,17.7,10.0
496,9.510,0.000,406.6,129.4,-6.0,2,14301,0.000,0.300,-0.021,0.081,-0.186,28.9,-9.5,0,-3.15,0.810,28.9,122.4,0.000,7.0,44.0,38.1,34.0,31.6,30.4,29.8,29.3,28.9,28.6,28.2,27.9,27.4,26.8,25.8,23.8,20.8,17.3,9.9
497,9.530,0.000,407.3,128.2,-5.1,2,14161,0.000,0.335,0.071,0.097,-0.165,28.2,-7.5,0,-3.16,0.810,28.2,120.6,0.000,7.0,43.1,37.2,33.1,30.8,29.7,29.1,28.6,28.2,27.9,27.5,27.2,26.7,26.1,25.1,23.2,20.3,17.0,9.9
498,9.550,0.000,408.0,127.0,-4.2,2,13984,0.000,0.363,0.160,0.111,-0.144,27.5,-4.3,0,-3.18,0.810,27.5,118.8,0.000,7.1,42.2,36.4,32.4,30.1,29.0,28.4,27.9,27.5,27.2,26.8,26.5,26.0,25.5,24.5,22.6,19.9,16.6,9.8
499,9.570,0.000,408.7,125.7,-3.6,2,13789,0.000,0.378,0.238,0.123,-0.127,26.9,-0.8,0,-3.19,0.810,26.9,117.3,0.000,7.1,41.4,35.6,31.7,29.4,28.4,27.8,27.3,26.9,26.6,26.3,25.9,25.5,24.9,24.0,22.2,19.5,16.3,9.7
500,9.590,0.000,409.4,124.3,-3.3,2,13602,0.000,0.375,0.303,0.134,-0.112,26.5,2.7,0,-3.19,0.810,26.5,116.0,0.000,7.1,40.8,35.1,31.2,28.9,27.9,27.3,26.8,26.5,26.1,25.8,25.5,25.0,24.5,23.6,21.8,19.2,16.1,9.7
501,9.610,0.000,410.1,122.9,-3.2,2,13428,0.000,0.346,0.353,0.143,-0.100,26.1,5.3,0,-3.19,0.806,26.1,115.2,0.000,7.1,40.4,34.6,30.7,28.5,27.5,26.9,26.5,26.1,25.8,25.5,25.1,24.7,24.2,23.3,21.5,18.9,15.9,9.7
502,9.630,0.000,410.8,121.5,-3.5,2,13284,0.000,0.311,0.358,0.150,-0.091,25.9,6.3,0,-3.19,0.738,25.9,114.5,0.000,7.1,40.0,34.3,30.4,28.3,27.2,26.7,26.2,25.9,25.5,25.2,24.9,24.4,23.9,23.0,21.3,18.8,15.8,9.7
503,9.650,0.000,411.5,120.1,-3.8,2,13156,0.000,0.266,0.383,0.156,-0.084,25.7,5.2,0,-3.19,0.731,25.7,114.0,0.000,7.1,39.8,34.1,30.2,28.1,27.0,26.5,26.0,25.7,25.4,25.0,24.7,24.3,23.8,22.9,21.2,18.7,15.7,9.7
504,9.670,0.000,412.2,118.7,-4.3,2,13040,0.000,0.217,0.386,0.162,-0.079,25.6,3.1,0,-3.19,0.697,25.6,113.7,0.000,7.1,39.6,33.9,30.1,27.9,26.9,26.4,25.9,25.6,25.3,24.9,24.6,24.2,23.7,22.8,21.1,18.6,15.7,9.7
505,9.690,0.000,412.9,117.5,-4.9,2,12948,0.000,0.163,0.395,0.166,-0.076,25.5,0.4,0,-3.19,0.694,25.5,113.6,0.000,7.1,39.6,33.9,30.1,27.9,26.9,26.3,25.9,25.5,25.2,24.9,24.6,24.1,23.6,22.8,21.1,18.6,15.7,9.7
506,9.710,0.000,413.5,116.4,-5.6,2,12877,0.000,0.107,0.390,0.169,-0.075,25.6,-2.4,0,-3.18,0.681,25.6,113.7,-0.007,7.1,39.6,33.9,30.1,27.9,26.9,26.4,25.9,25.6,25.2,24.9,24.6,24.2,23.7,22.8,21.1,18.6,15.7,9.7
507,9.730,0.000,414.2,115.5,-6.4,2,12828,0.000,0.050,0.387,0.171,-0.076,25.6,-5.3,0,-3.18,0.687,25.6,113.9,-0.012,7.1,39.7,34.0,30.2,28.0,27.0,26.4,26.0,25.6,25.3,25.0,24.7,24.2,23.7,22.8,21.2,18.7,15.8,9.7
508,9.750,0.000,414.9,114.7,-7.2,2,12800,0.000,0.000,0.376,0.173,-0.079,25.8,-8.1,0,-3.17,0.691,25.8,114.2,0.000,7.0,39.9,34.2,30.3,28.2,27.1,26.6,26.1,25.8,25.4,25.1,24.8,24.4,23.9,23.0,21.3,18.7,15.8,9.8
509,9.770,0.000,415.5,114.0,-8.1,2,12784,0.050,0.000,0.366,0.174,-0.082,25.9,-10.7,0,-3.17,0.706,25.9,114.7,0.050,7.0,40.1,34.4,30.5,28.3,27.3,26.7,26.3,25.9,25.6,25.3,25.0,24.5,24.0,23.1,21.4,18.9,15.9,9.8
510,9.790,0.000,416.2,113.5,-9.1,2,12818,0.100,0.000,0.353,0.175,-0.086,26.1,-10.3,0,-3.16,0.720,26.1,115.1,0.100,6.9,40.4,34.6,30.7,28.5,27.5,26.9,26.5,26.1,25.8,25.5,25.1,24.7,24.2,23.3,21.6,19.0,16.0,9.8
511,9.810,0.000,416.8,113.0,-10.0,2,12880,0.150,0.000,0.343,0.175,-0.090,26.3,-8.8,0,-3.16,0.737,26.3,115.3,0.150,6.9,40.6,34.8,30.9,28.7,27.7,27.1,26.6,26.3,26.0,25.6,25.3,24.9,24.4,23.4,21.7,19.1,16.1,9.9
512,9.830,0.000,417.5,112.5,-10.8,2,12962,0.200,0.000,0.334,0.175,-0.094,26.5,-6.8,0,-3.16,0.752,26.5,115.7,0.200,6.9,40.9,35.0,31.1,28.9,27.8,27.3,26.8,26.5,26.1,25.8,25.5,25.0,24.5,23.6,21.8,19.2,16.2,9.9
513,9.850,0.000,418.1,112.2,-11.5,2,13060,0.250,0.000,0.328,0.175,-0.096,26.6,-4.5,0,-3.16,0.764,26.6,116.0,0.250,6.9,41.0,35.2,31.3,29.0,28.0,27.4,26.9,26.6,26.2,25.9,25.6,25.1,24.6,23.7,21.9,19.3,16.3,9.9
514,9.870,0.000,418.8,111.9,-12.1,2,13172,0.300,0.000,0.325,0.174,-0.098,26.7,-2.0,0,-3.16,0.772,26.7,116.2,0.300,6.9,41.2,35.3,31.4,29.1,28.1,27.5,27.0,26.7,26.3,26.0,25.7,25.2,24.7,23.8,22.0,19.4,16.3,9.9
515,9.890,0.000,419.4,111.7,-12.5,2,13299,0.350,0.000,0.326,0.172,-0.098,26.7,0.5,0,-3.17,0.776,26.7,116.3,0.350,6.9,41.2,35.4,31.4,29.2,28.1,27.5,27.0,26.7,26.4,26.0,25.7,25.2,24.7,23.8,22.0,19.4,16.3,9.9
516,9.910,0.000,420.0,111.6,-12.8,2,13443,0.400,0.000,0.329,0.171,-0.098,26.7,3.3,0,-3.18,0.775,26.7,116.3,0.400,6.9,41.3,35.4,31.4,29.2,28.1,27.5,27.0,26.7,26.4,26.0,25.7,25.2,24.7,23.8,22.0,19.3,16.3,9.9
517,9.930,0.000,420.7,111.6,-13.0,2,13601,0.450,0.000,0.336,0.169,-0.096,26.6,6.1,0,-3.19,0.771,26.6,116.2,0.450,6.9,41.2,35.3,31.4,29.1,28.0,27.5,27.0,26.6,26.3,26.0,25.6,25.2,24.7,23.7,21.9,19.3,16.2,9.9
518,9.950,0.000,421.3,111.6,-13.2,2,13774,0.500,0.000,0.345,0.166,-0.094,26.5,9.0,0,-3.20,0.761,26.5,116.0,0.500,7.0,41.2,35.3,31.3,29.0,27.9,27.4,26.9,26.5,26.2,25.9,25.5,25.1,24.6,23.6,21.9,19.2,16.2,9.8
519,9.970,0.000,422.0,111.7,-13.2,2,13964,0.550,0.000,0.358,0.164,-0.090,26.4,12.1,0,-3.22,0.748,26.4,115.7,0.550,7.0,41.0,35.1,31.1,28.9,27.8,27.2,26.8,26.4,26.1,25.7,25.4,25.0,24.4,23.5,21.7,19.1,16.1,9.8
520,9.990,0.000,422.6,111.9,-13.2,2,14171,0.600,0.000,0.372,0.160,-0.086,26.3,15.4,0,-3.24,0.731,26.3,115.3,0.600,7.1,40.9,34.9,31.0,28.7,27.6,27.1,26.6,26.3,25.9,25.6,25.2,24.8,24.3,23.3,21.6,19.0,16.0,9.7
521,10.010,0.000,423.3,112.2,-13.2,2,14399,0.650,0.000,0.389,0.157,-0.081,26.1,18.8,0,-3.26,0.712,26.1,114.9,0.650,7.1,40.7,34.7,30.8,28.5,27.4,26.9,26.4,26.1,25.7,25.4,25.1,24.6,24.1,23.2,21.4,18.8,15.8,9.7
522,10.030,0.000,423.9,112.5,-13.1,2,14660,0.700,0.000,0.406,0.153,-0.076,25.8,22.6,0,-3.28,0.689,25.8,114.4,0.700,7.2,40.4,34.5,30.5,28.3,27.2,26.7,26.2,25.8,25.5,25.2,24.8,24.4,23.9,23.0,21.2,18.6,15.7,9.6
523,10.050,0.000,424.6,113.0,-13.1,2,14959,0.562,0.000,0.425,0.148,-0.070,25.6,26.9,0,-3.31,0.665,25.6,113.9,0.750,7.3,40.2,34.3,30.3,28.1,27.0,26.4,25.9,25.6,25.3,24.9,24.6,24.2,23.7,22.7,21.0,18.5,15.5,9.5
524,10.070,0.000,425.2,113.4,-13.1,2,14795,0.000,0.000,0.443,0.143,-0.064,25.4,24.4,0,-3.34,0.641,25.4,113.3,0.750,7.4,39.9,34.0,30.0,27.8,26.7,26.2,25.7,25.4,25.0,24.7,24.4,23.9,23.4,22.5,20.8,18.3,15.4,9.4
525,10.090,0.000,425.9,113.6,-12.9,2,13383,0.000,0.016,0.465,0.137,-0.058,25.1,3.0,0,-3.37,0.615,25.1,112.7,0.518,7.5,39.7,33.7,29.8,27.5,26.5,25.9,25.4,25.1,24.8,24.4,24.1,23.7,23.2,22.3,20.6,18.1,15.2,9.4
526,10.110,0.000,426.5,113.3,-12.4,2,12866,0.000,0.041,0.488,0.131,-0.050,24.8,-4.5,0,-3.40,0.585,24.8,111.9,0.356,7.7,39.3,33.3,29.4,27.2,26.1,25.6,25.1,24.8,24.4,24.1,23.8,23.4,22.9,22.0,20.3,17.8,15.0,9.3
527,10.130,0.000,427.1,112.8,-11.7,2,12649,0.000,0.060,0.507,0.125,-0.042,24.4,-5.5,0,-3.44,0.555,24.4,111.1,0.242,7.8,38.9,32.9,29.0,26.8,25.8,25.2,24.7,24.4,24.1,23.8,23.4,23.0,22.5,21.6,20.0,17.5,14.8,9.1
528,10.150,0.000,427.8,112.2,-11.1,2,12516,0.000,0.071,0.521,0.118,-0.033,24.1,-4.8,0,-3.48,0.529,24.1,110.2,0.162,8.0,38.5,32.5,28.6,26.4,25.4,24.9,24.4,24.1,23.7,23.4,23.1,22.7,22.2,21.3,19.7,17.3,14.6,9.0
529,10.170,0.000,428.4,111.5,-10.6,2,12412,0.000,0.073,0.529,0.111,-0.027,23.8,-3.8,0,-3.52,0.510,23.8,109.6,0.107,8.1,38.1,32.2,28.3,26.1,25.1,24.6,24.1,23.8,23.5,23.1,22.8,22.4,21.9,21.0,19.4,17.0,14.4,8.9
530,10.190,0.000,429.1,110.8,-10.2,2,12324,0.000,0.065,0.533,0.104,-0.022,23.5,-3.3,0,-3.55,0.498,23.5,109.0,0.068,8.2,37.9,32.0,28.1,25.9,24.9,24.3,23.9,23.5,23.2,22.9,22.6,22.2,21.7,20.8,19.2,16.9,14.2,8.9
531,10.210,0.000,429.7,110.0,-10.0,2,12251,0.000,0.048,0.532,0.097,-0.018,23.4,-3.4,0,-3.59,0.493,23.4,108.6,0.040,8.3,37.7,31.8,27.9,25.7,24.7,24.2,23.7,23.4,23.1,22.7,22.4,22.0,21.5,20.7,19.1,16.7,14.1,8.8
532,10.230,0.000,430.3,109.3,-9.9,2,12192,0.000,0.024,0.528,0.089,-0.016,23.3,-4.2,0,-3.62,0.494,23.3,108.4,0.021,8.4,37.7,31.7,27.8,25.6,24.6,24.0,23.6,23.3,22.9,22.6,22.3,21.9,21.4,20.5,18.9,16.6,14.0,8.7
533,10.250,0.000,430.9,108.6,-9.9,2,12147,0.000,0.000,0.522,0.082,-0.016,23.2,-5.6,0,-3.65,0.500,23.2,108.3,0.021,8.5,37.6,31.7,27.7,25.5,24.5,24.0,23.5,23.2,22.9,22.6,22.2,21.8,21.3,20.5,18.9,16.5,13.9,8.7
534,10.270,0.000,431.5,107.9,-10.1,2,12109,0.055,0.000,0.514,0.074,-0.017,23.2,-7.3,0,-3.67,0.508,23.2,108.3,0.071,8.6,37.7,31.7,27.7,25.5,24.5,24.0,23.5,23.2,22.9,22.5,22.2,21.8,21.3,20.4,18.8,16.5,13.9,8.6
535,10.290,0.000,432.1,107.4,-10.3,2,12154,0.108,0.000,0.506,0.066,-0.019,23.2,-6.8,0,-3.70,0.519,23.2,108.4,0.121,8.6,37.8,31.8,27.8,25.6,24.5,24.0,23.5,23.2,22.9,22.6,22.2,21.8,21.3,20.5,18.8,16.5,13.8,8.6
536,10.310,0.000,432.7,106.9,-10.6,2,12228,0.161,0.000,0.497,0.058,-0.022,23.2,-5.3,0,-3.72,0.530,23.2,108.5,0.171,8.7,37.9,31.9,27.9,25.6,24.6,24.0,23.6,23.2,22.9,22.6,22.3,21.8,21.4,20.5,18.8,16.5,13.8,8.5
537,10.330,0.000,433.3,106.5,-10.9,2,12319,0.213,0.000,0.491,0.051,-0.024,23.3,-3.3,0,-3.75,0.541,23.3,108.7,0.221,8.7,38.1,32.0,27.9,25.7,24.6,24.1,23.6,23.3,23.0,22.6,22.3,21.9,21.4,20.5,18.9,16.5,13.8,8.5
538,10.350,0.000,433.9,106.1,-11.2,2,12422,0.265,0.000,0.487,0.043,-0.027,23.3,-1.1,0,-3.78,0.550,23.3,108.9,0.271,8.8,38.2,32.1,28.0,25.8,24.7,24.1,23.7,23.3,23.0,22.7,22.3,21.9,21.4,20.5,18.9,16.5,13.8,8.4
539,10.370,0.000,434.5,105.9,-11.4,2,12536,0.316,0.000,0.485,0.035,-0.029,23.3,1.3,0,-3.81,0.556,23.3,109.0,0.321,8.8,38.4,32.1,28.0,25.8,24.7,24.2,23.7,23.3,23.0,22.7,22.4,21.9,21.4,20.5,18.8,16.4,13.7,8.4
540,10.390,0.000,435.1,105.7,-11.6,2,12661,0.367,0.000,0.486,0.027,-0.030,23.3,3.7,0,-3.85,0.559,23.3,109.0,0.371,8.9,38.6,32.2,28.1,25.8,24.7,24.1,23.7,23.3,23.0,22.7,22.3,21.9,21.4,20.5,18.8,16.4,13.7,8.3
541,10.410,0.000,435.7,105.6,-11.6,2,12798,0.418,0.000,0.489,0.019,-0.030,23.3,6.3,0,-3.89,0.557,23.3,108.9,0.421,9.0,38.7,32.1,28.0,25.7,24.7,24.1,23.6,23.3,22.9,22.6,22.3,21.8,21.3,20.4,18.8,16.3,13.6,8.3
542,10.430,0.000,436.3,105.7,-11.6,2,12949,0.469,0.000,0.495,0.011,-0.030,23.2,8.9,0,-3.94,0.552,23.2,108.8,0.471,9.1,38.7,32.1,28.0,25.7,24.6,24.0,23.5,23.2,22.9,22.5,22.2,21.8,21.3,20.3,18.7,16.2,13.5,8.2
543,10.450,0.000,436.9,105.7,-11.6,2,13116,0.519,0.000,0.503,0.003,-0.028,23.1,11.7,0,-3.99,0.545,23.1,108.5,0.521,9.2,38.8,32.0,27.8,25.5,24.5,23.9,23.4,23.1,22.7,22.4,22.1,21.6,21.1,20.2,18.5,16.1,13.4,8.1
544,10.470,0.000,437.5,105.9,-11.4,2,13299,0.570,0.000,0.511,-0.005,-0.026,22.9,14.6,0,-4.04,0.534,22.9,108.2,0.571,9.3,38.8,31.8,27.7,25.4,24.3,23.7,23.3,22.9,22.6,22.3,21.9,21.5,21.0,20.1,18.4,16.0,13.3,8.1
545,10.490,0.000,438.1,106.2,-11.3,2,13501,0.620,0.000,0.520,-0.013,-0.023,22.8,17.7,0,-4.10,0.522,22.8,107.8,0.621,9.4,38.8,31.7,27.5,25.2,24.1,23.6,23.1,22.8,22.4,22.1,21.8,21.3,20.8,19.9,18.2,15.8,13.2,8.0
546,10.510,0.000,438.7,106.5,-11.2,2,13725,0.670,0.000,0.529,-0.021,-0.020,22.6,20.9,0,-4.16,0.511,22.6,107.3,0.671,9.5,38.8,31.5,27.3,25.0,24.0,23.4,22.9,22.6,22.2,21.9,21.6,21.1,20.6,19.7,18.1,15.7,13.0,7.9
547,10.530,0.000,439.2,106.9,-11.1,2,13981,0.685,0.000,0.537,-0.030,-0.017,22.4,24.5,0,-4.23,0.499,22.4,106.9,0.721,9.7,38.8,31.3,27.1,24.8,23.8,23.2,22.7,22.4,22.0,21.7,21.4,20.9,20.5,19.6,17.9,15.5,12.9,7.8
548,10.550,0.000,439.8,107.3,-11.1,2,14185,0.000,0.022,0.544,-0.039,-0.014,22.2,27.2,0,-4.30,0.488,22.2,106.4,0.498,9.8,38.8,31.1,26.9,24.7,23.6,23.0,22.5,22.2,21.9,21.5,21.2,20.8,20.3,19.4,17.7,15.4,12.8,7.7
549,10.570,0.000,440.4,107.5,-10.9,2,12677,0.000,0.057,0.553,-0.048,-0.011,22.0,5.7,0,-4.38,0.478,22.0,106.0,0.342,9.9,38.8,30.9,26.7,24.5,23.4,22.8,22.3,22.0,21.7,21.3,21.0,20.6,20.1,19.2,17.5,15.2,12.6,7.7
550,10.590,0.000,441.0,107.2,-10.4,2,12139,0.000,0.073,0.570,-0.057,-0.006,21.7,-0.4,0,-4.46,0.470,21.7,105.3,0.232,10.1,38.7,30.6,26.5,24.2,23.1,22.5,22.1,21.7,21.4,21.1,20.8,20.3,19.8,18.9,17.3,15.0,12.4,7.6
551,10.610,0.000,441.6,106.6,-9.9,2,11935,0.000,0.080,0.591,-0.066,-0.000,21.5,-0.9,0,-4.54,0.470,21.5,104.6,0.155,10.3,38.5,30.3,26.2,23.9,22.8,22.3,21.8,21.5,21.1,20.8,20.5,20.0,19.6,18.7,17.1,14.8,12.3,7.5
552,10.630,0.000,442.2,105.9,-9.3,2,11816,0.000,0.080,0.607,-0.075,0.004,21.2,-0.4,0,-4.62,0.470,21.4,104.0,0.102,10.5,38.4,30.1,25.9,23.6,22.6,22.0,21.5,21.2,20.9,20.5,20.2,19.8,19.3,18.4,16.8,14.6,12.1,7.4
553,10.650,0.000,442.8,105.2,-8.9,2,11725,0.000,0.070,0.616,-0.084,0.007,21.0,-0.1,0,-4.71,0.470,21.3,103.5,0.064,10.6,38.4,29.9,25.7,23.4,22.3,21.8,21.3,21.0,20.7,20.3,20.0,19.6,19.1,18.3,16.7,14.4,11.9,7.3
554,10.670,0.000,443.3,104.5,-8.7,2,11652,0.000,0.050,0.618,-0.093,0.009,20.8,-0.5,0,-4.79,0.470,21.2,103.1,0.038,10.8,38.5,29.8,25.5,23.3,22.2,21.6,21.2,20.8,20.5,20.2,19.9,19.5,19.0,18.1,16.5,14.3,11.8,7.2
555,10.690,0.000,443.9,103.7,-8.5,2,11596,0.000,0.022,0.613,-0.102,0.009,20.8,-1.6,0,-4.86,0.470,21.1,103.0,0.020,10.9,38.7,29.8,25.5,23.2,22.1,21.6,21.1,20.8,20.4,20.1,19.8,19.4,18.9,18.0,16.4,14.2,11.7,7.1
556,10.710,0.000,444.5,103.0,-8.5,2,11558,0.000,0.000,0.603,-0.111,0.008,20.7,-3.4,0,-4.94,0.470,21.0,103.0,0.020,10.9,38.9,29.9,25.5,23.2,22.1,21.5,21.1,20.7,20.4,20.1,19.8,19.3,18.9,18.0,16.4,14.1,11.7,7.1
557,10.730,0.000,445.0,102.4,-8.6,2,11521,0.034,0.000,0.589,-0.119,0.005,20.8,-5.3,0,-5.00,0.470,20.9,103.1,0.070,11.0,39.3,30.2,25.5,23.2,22.1,21.6,21.1,20.8,20.4,20.1,19.8,19.4,18.9,18.0,16.4,14.1,11.6,7.0
558,10.750,0.000,445.6,101.9,-8.8,2,11525,0.091,0.000,0.573,-0.128,0.001,20.8,-5.6,0,-5.06,0.470,20.9,103.4,0.120,11.0,39.7,30.5,25.7,23.3,22.2,21.7,21.2,20.8,20.5,20.2,19.9,19.4,18.9,18.0,16.4,14.1,11.6,7.0
559,10.770,0.000,446.1,101.4,-9.0,2,11589,0.147,0.000,0.555,-0.136,-0.004,20.9,-4.5,0,-5.12,0.470,20.9,103.8,0.170,11.0,40.1,31.0,25.8,23.5,22.3,21.8,21.3,20.9,20.6,20.3,19.9,19.5,19.0,18.1,16.5,14.1,11.6,7.0
560,10.790,0.000,446.7,101.0,-9.2,2,11677,0.202,0.000,0.539,-0.144,-0.009,21.1,-2.7,0,-5.17,0.470,21.1,104.3,0.220,11.0,40.6,31.5,26.0,23.6,22.5,21.9,21.4,21.1,20.7,20.4,20.0,19.6,19.1,18.2,16.5,14.2,11.6,6.9
561,10.810,0.000,447.2,100.7,-9.5,2,11779,0.255,0.000,0.533,-0.152,-0.013,21.2,-0.7,0,-5.23,0.485,21.2,104.9,0.270,11.0,41.0,32.2,26.3,23.7,22.6,22.0,21.5,21.2,20.8,20.5,20.1,19.7,19.2,18.3,16.6,14.2,11.6,6.9
562,10.830,0.000,447.8,100.4,-9.7,2,11891,0.308,0.000,0.526,-0.159,-0.018,21.3,1.5,0,-5.28,0.493,21.3,105.5,0.320,11.0,41.3,32.8,26.5,23.9,22.7,22.1,21.6,21.3,20.9,20.6,20.2,19.8,19.3,18.3,16.6,14.2,11.6,6.9
563,10.850,0.000,448.3,100.3,-9.9,2,12016,0.360,0.000,0.524,-0.167,-0.021,21.3,3.8,0,-5.33,0.503,21.3,106.1,0.370,11.0,41.6,33.3,26.8,24.0,22.8,22.2,21.7,21.3,21.0,20.6,20.3,19.8,19.3,18.4,16.7,14.2,11.6,6.8
564,10.870,0.000,448.9,100.2,-10.0,2,12152,0.412,0.000,0.522,-0.174,-0.024,21.4,6.2,0,-5.38,0.506,21.4,106.8,0.420,11.0,41.9,33.7,27.1,24.1,22.9,22.3,21.8,21.4,21.0,20.7,20.3,19.9,19.4,18.4,16.7,14.2,11.6,6.8
565,10.890,0.000,449.4,100.3,-10.0,2,12301,0.464,0.000,0.524,-0.181,-0.026,21.4,8.8,0,-5.42,0.508,21.4,107.4,0.470,11.1,42.1,34.0,27.4,24.2,22.9,22.3,21.8,21.4,21.1,20.7,20.4,19.9,19.4,18.4,16.7,14.2,11.6,6.7
566,10.910,0.000,450.0,100.4,-10.1,2,12467,0.515,0.000,0.526,-0.188,-0.027,21.4,11.4,0,-5.47,0.506,21.4,108.0,0.520,11.1,42.2,34.3,27.6,24.3,23.0,22.3,21.8,21.4,21.1,20.7,20.3,19.9,19.3,18.4,16.6,14.2,11.5,6.7
567,10.930,0.000,450.5,100.6,-10.0,2,12650,0.566,0.000,0.530,-0.194,-0.028,21.4,14.2,0,-5.52,0.503,21.4,108.6,0.570,11.2,42.3,34.5,27.9,24.4,23.0,22.3,21.8,21.4,21.0,20.7,20.3,19.8,19.3,18.3,16.6,14.1,11.5,6.6
568,10.950,0.000,451.0,100.8,-10.0,2,12854,0.617,0.000,0.534,-0.201,-0.028,21.4,17.2,0,-5.56,0.497,21.4,109.3,0.620,11.3,42.4,34.6,28.2,24.5,23.1,22.3,21.8,21.4,21.0,20.6,20.3,19.8,19.2,18.3,16.5,14.0,11.4,6.6
569,10.970,0.000,451.6,101.1,-10.0,2,13088,0.667,0.000,0.538,-0.208,-0.028,21.3,20.6,0,-5.61,0.492,21.3,110.0,0.670,11.3,42.4,34.8,28.5,24.7,23.1,22.4,21.8,21.3,20.9,20.6,20.2,19.7,19.2,18.2,16.5,14.0,11.3,6.5
570,10.990,0.000,452.1,101.5,-10.0,2,13354,0.718,0.000,0.541,-0.214,-0.029,21.4,24.2,0,-5.64,0.486,21.4,110.6,0.720,11.4,42.4,34.9,28.8,24.8,23.2,22.4,21.8,21.4,20.9,20.5,20.2,19.7,19.1,18.2,16.4,13.9,11.3,6.5
571,11.010,0.000,452.7,101.9,-10.2,2,13663,0.470,0.000,0.543,-0.221,-0.029,21.4,28.4,0,-5.67,0.482,21.4,111.1,0.770,11.5,42.5,35.0,29.0,25.0,23.3,22.5,21.8,21.4,21.0,20.6,20.2,19.6,19.1,18.1,16.3,13.8,11.2,6.4
572,11.030,0.000,453.2,102.4,-10.3,2,13248,0.580,0.000,0.544,-0.228,-0.030,21.5,21.9,0,-5.69,0.480,21.5,111.7,0.820,11.5,42.6,35.1,29.3,25.3,23.5,22.6,21.9,21.5,21.0,20.6,20.2,19.6,19.0,18.0,16.3,13.8,11.1,6.4
573,11.050,0.000,453.8,102.7,-10.4,2,13288,0.678,0.000,0.546,-0.235,-0.030,21.6,21.7,0,-5.70,0.479,21.6,112.1,0.870,11.6,42.6,35.2,29.5,25.6,23.7,22.8,22.1,21.6,21.1,20.6,20.2,19.6,19.0,18.0,16.2,13.7,11.1,6.3
574,11.070,0.000,454.3,103.1,-10.4,2,13570,0.766,0.000,0.549,-0.242,-0.030,21.7,25.3,0,-5.71,0.475,21.7,112.5,0.920,11.7,42.6,35.3,29.6,25.9,23.9,23.0,22.2,21.7,21.2,20.7,20.2,19.7,19.0,17.9,16.1,13.6,11.0,6.3
575,11.090,0.000,454.9,103.5,-10.6,2,14004,0.420,0.000,0.550,-0.249,-0.030,21.8,31.2,0,-5.71,0.471,21.8,112.8,0.970,11.7,42.6,35.4,29.8,26.2,24.2,23.2,22.4,21.8,21.3,20.8,20.3,19.7,19.0,17.9,16.0,13.5,10.9,6.2
576,11.110,0.000,455.4,103.9,-10.7,2,13431,0.561,0.000,0.550,-0.256,-0.031,22.0,22.4,0,-5.70,0.470,22.0,113.2,1.000,11.8,42.6,35.5,30.0,26.4,24.6,23.5,22.6,22.0,21.5,21.0,20.5,19.8,19.1,17.9,16.0,13.5,10.8,6.2
577,11.130,0.000,456.0,104.2,-10.8,2,13458,0.649,0.000,0.550,-0.263,-0.031,22.3,21.8,0,-5.68,0.471,22.3,113.5,1.000,11.8,42.7,35.5,30.1,26.7,24.9,23.8,22.9,22.3,21.7,21.2,20.6,19.9,19.2,18.0,15.9,13.4,10.8,6.1
578,11.150,0.000,456.6,104.6,-10.9,2,13703,0.719,0.000,0.551,-0.270,-0.031,22.6,24.8,0,-5.65,0.470,22.6,113.8,1.000,11.9,42.7,35.6,30.3,26.9,25.1,24.1,23.3,22.6,22.0,21.4,20.8,20.1,19.3,18.0,15.9,13.3,10.7,6.1
579,11.170,0.000,457.1,105.0,-11.1,2,14054,0.558,0.000,0.552,-0.277,-0.032,22.9,29.5,0,-5.61,0.470,22.9,114.1,1.000,12.0,42.7,35.6,30.4,27.1,25.3,24.4,23.6,22.9,22.3,21.7,21.1,20.3,19.5,18.1,15.9,13.3,10.6,6.0
580,11.190,0.000,457.7,105.4,-11.3,2,13884,0.647,0.000,0.550,-0.284,-0.033,23.3,26.6,0,-5.56,0.470,23.3,114.4,1.000,12.0,42.7,35.7,30.5,27.3,25.6,24.7,23.9,23.3,22.7,22.1,21.4,20.6,19.7,18.2,15.9,13.2,10.6,6.0
581,11.210,0.000,458.2,105.7,-11.5,2,14025,0.674,0.000,0.547,-0.292,-0.034,23.6,27.9,0,-5.50,0.471,23.6,114.6,1.000,12.1,42.8,35.8,30.7,27.5,25.8,24.9,24.1,23.6,23.0,22.4,21.8,21.0,20.0,18.4,16.0,13.2,10.5,5.9
582,11.230,0.000,458.8,106.1,-11.8,2,14205,0.504,0.000,0.545,-0.299,-0.035,23.8,30.0,0,-5.45,0.474,23.8,114.9,1.000,12.1,42.8,35.9,30.8,27.6,26.0,25.2,24.4,23.8,23.3,22.7,22.1,21.3,20.4,18.7,16.1,13.1,10.4,5.9
583,11.250,0.000,459.4,106.5,-12.1,2,13917,0.603,0.000,0.542,-0.307,-0.037,24.1,25.2,0,-5.39,0.476,24.1,115.2,1.000,12.2,42.9,36.0,30.9,27.8,26.3,25.4,24.6,24.1,23.6,23.0,22.5,21.7,20.8,19.0,16.2,13.1,10.4,5.8
584,11.270,0.000,459.9,106.8,-12.3,2,14012,0.682,0.000,0.541,-0.314,-0.038,24.3,25.9,0,-5.33,0.481,24.3,115.5,1.000,12.2,43.0,36.1,31.0,28.0,26.4,25.6,24.9,24.3,23.8,23.3,22.7,22.0,21.1,19.4,16.4,13.1,10.3,5.8
585,11.290,0.000,460.5,107.1,-12.5,2,14292,0.524,0.000,0.540,-0.322,-0.040,24.6,29.5,0,-5.28,0.482,24.6,115.7,1.000,12.3,43.0,36.1,31.1,28.1,26.6,25.8,25.1,24.6,24.0,23.5,23.0,22.3,21.4,19.8,16.7,13.2,10.3,5.7
586,11.310,0.000,461.1,107.4,-12.8,2,14081,0.619,0.000,0.540,-0.330,-0.041,24.7,26.0,0,-5.23,0.483,24.7,115.9,1.000,12.3,43.0,36.2,31.2,28.3,26.8,25.9,25.2,24.7,24.2,23.7,23.2,22.5,21.7,20.1,16.9,13.2,10.2,5.6
587,11.330,0.000,461.6,107.7,-13.0,2,14214,0.678,0.000,0.539,-0.338,-0.042,24.9,27.4,0,-5.18,0.484,24.9,116.1,1.000,12.3,43.1,36.2,31.3,28.4,26.9,26.1,25.4,24.9,24.4,23.9,23.4,22.7,21.9,20.4,17.3,13.3,10.2,5.6
588,11.350,0.000,462.2,108.1,-13.2,2,14467,0.412,0.000,0.539,-0.346,-0.043,25.0,30.6,0,-5.14,0.485,25.0,116.2,1.000,12.3,43.1,36.3,31.4,28.5,27.0,26.2,25.5,25.0,24.5,24.1,23.6,22.9,22.1,20.6,17.6,13.4,10.1,5.5
589,11.370,0.000,462.8,108.4,-13.4,2,13962,0.529,0.000,0.538,-0.354,-0.045,25.2,22.8,0,-5.09,0.485,25.2,116.3,1.000,12.3,43.1,36.3,31.4,28.5,27.1,26.3,25.6,25.2,24.7,24.2,23.7,23.1,22.3,20.8,18.0,13.6,10.1,5.5
590,11.390,0.000,463.4,108.6,-13.6,2,13992,0.623,0.000,0.540,-0.362,-0.046,25.3,22.5,0,-5.05,0.486,25.3,116.4,1.000,12.3,43.1,36.3,31.5,28.6,27.2,26.4,25.7,25.3,24.8,24.3,23.8,23.2,22.4,21.0,18.2,13.8,10.1,5.4
591,11.410,0.000,463.9,108.8,-13.7,2,14248,0.699,0.000,0.541,-0.370,-0.046,25.3,26.0,0,-5.01,0.484,25.3,116.4,1.000,12.3,43.1,36.3,31.5,28.6,27.2,26.5,25.8,25.3,24.9,24.4,23.9,23.3,22.5,21.2,18.4,14.0,10.1,5.3
592,11.430,0.000,464.5,109.1,-13.9,2,14614,0.347,0.000,0.543,-0.378,-0.047,25.4,31.1,0,-4.97,0.482,25.4,116.4,1.000,12.2,43.1,36.3,31.5,28.6,27.2,26.5,25.8,25.4,24.9,24.5,24.0,23.4,22.6,21.3,18.6,14.3,10.2,5.3
593,11.450,0.000,465.1,109.3,-14.0,2,13947,0.478,0.000,0.544,-0.386,-0.047,25.4,21.1,0,-4.93,0.480,25.4,116.4,1.000,12.2,43.0,36.2,31.5,28.7,27.3,26.5,25.9,25.4,25.0,24.5,24.1,23.4,22.7,21.4,18.8,14.6,10.2,5.2
594,11.470,0.000,465.7,109.5,-14.0,2,13901,0.582,0.000,0.548,-0.394,-0.047,25.4,19.7,0,-4.90,0.479,25.4,116.3,1.000,12.2,43.0,36.2,31.4,28.6,27.3,26.5,25.9,25.4,25.0,24.5,24.1,23.5,22.8,21.4,18.9,14.8,10.3,5.2
595,11.490,0.000,466.2,109.7,-13.9,2,14127,0.666,0.000,0.553,-0.403,-0.046,25.4,22.7,0,-4.88,0.472,25.4,116.1,1.000,12.1,42.9,36.1,31.3,28.6,27.2,26.5,25.8,25.4,24.9,24.5,24.1,23.4,22.7,21.4,18.9,15.0,10.4,5.1
596,11.510,0.000,466.8,110.0,-13.9,2,14488,0.583,0.000,0.560,-0.411,-0.045,25.3,27.8,0,-4.86,0.470,25.3,115.9,1.000,12.1,42.7,36.0,31.2,28.5,27.1,26.4,25.8,25.3,24.9,24.4,24.0,23.4,22.7,21.4,19.0,15.1,10.5,5.0
597,11.530,0.000,467.4,110.2,-13.9,2,14520,0.546,0.000,0.565,-0.419,-0.045,25.3,28.2,0,-4.83,0.470,25.3,115.7,1.000,12.0,42.6,35.8,31.1,28.4,27.0,26.3,25.7,25.3,24.8,24.4,24.0,23.4,22.7,21.4,19.0,15.2,10.7,5.0
598,11.550,0.000,468.0,110.5,-14.0,2,14447,0.637,0.000,0.568,-0.428,-0.044,25.2,26.8,0,-4.80,0.470,25.2,115.4,1.000,12.0,42.6,35.8,31.1,28.3,27.0,26.3,25.7,25.2,24.8,24.4,23.9,23.3,22.7,21.4,19.0,15.3,10.9,4.9
599,11.570,0.000,468.5,110.9,-14.1,2,14641,0.445,0.000,0.574,-0.436,-0.043,25.2,29.3,0,-4.78,0.470,25.2,114.4,1.000,11.9,42.4,35.6,30.9,28.2,26.9,26.2,25.6,25.2,24.7,24.3,23.9,23.3,22.6,21.4,19.0,15.4,11.1,4.9
600,11.590,0.000,469.1,111.2,-14.0,2,14269,0.556,0.000,0.586,-0.445,-0.041,25.0,23.6,0,-4.77,0.470,25.0,113.4,1.000,11.8,42.2,35.4,30.8,28.1,26.7,26.0,25.4,25.0,24.6,24.2,23.7,23.2,22.5,21.3,19.0,15.4,11.3,4.9
601,11.610,0.000,469.7,111.5,-13.9,2,14339,0.645,0.000,0.549,-0.453,-0.049,24.8,24.1,0,-4.77,0.470,24.8,112.2,1.000,11.8,42.0,35.2,30.5,27.8,26.5,25.8,25.2,24.8,24.4,23.9,23.5,23.0,22.3,21.1,18.8,15.4,11.3,4.9
602,11.630,0.000,470.4,111.8,-13.5,2,14602,0.000,0.009,0.508,-0.460,-0.059,24.5,27.5,0,-4.79,0.471,24.5,111.1,0.693,11.7,41.6,34.8,30.2,27.5,26.2,25.5,24.9,24.5,24.1,23.7,23.3,22.7,22.0,20.9,18.6,15.2,11.3,4.9
603,11.650,0.000,471.0,112.0,-13.1,2,13257,0.000,0.104,0.506,-0.466,-0.069,24.2,7.3,0,-4.81,0.527,24.2,109.4,0.478,11.7,41.2,34.4,29.8,27.1,25.8,25.2,24.6,24.2,23.8,23.3,22.9,22.4,21.7,20.6,18.4,15.1,11.3,4.9
604,11.670,0.000,471.6,111.7,-12.6,2,12601,0.000,0.185,0.479,-0.471,-0.077,23.8,2.2,0,-4.83,0.530,23.8,107.5,0.000,11.7,40.8,34.0,29.4,26.7,25.5,24.8,24.2,23.8,23.4,23.0,22.6,22.1,21.4,20.3,18.1,14.9,11.2,4.9
605,11.690,0.000,472.2,111.0,-12.0,2,12208,0.000,0.201,0.473,-0.473,-0.086,23.5,3.8,0,-4.86,0.567,23.5,106.5,0.000,11.7,40.4,33.6,29.0,26.4,25.1,24.4,23.9,23.5,23.1,22.7,22.3,21.7,21.1,20.0,17.9,14.7,11.2,4.9
606,11.710,0.000,472.8,110.1,-11.6,2,11978,0.000,0.156,0.446,-0.475,-0.097,23.2,5.2,0,-4.88,0.575,23.2,106.5,0.000,11.7,40.0,33.2,28.7,26.1,24.8,24.1,23.6,23.2,22.8,22.4,22.0,21.5,20.9,19.8,17.7,14.6,11.1,5.0
607,11.730,0.000,473.5,109.1,-11.2,2,11883,0.000,0.095,0.432,-0.475,-0.109,23.0,3.8,0,-4.88,0.611,23.0,106.8,-0.007,11.7,39.8,33.0,28.4,25.8,24.6,23.9,23.4,23.0,22.6,22.2,21.8,21.3,20.7,19.6,17.5,14.5,11.1,5.0
608,11.750,0.000,474.1,108.2,-11.1,2,11867,0.000,0.032,0.403,-0.474,-0.122,22.8,0.2,0,-4.88,0.631,22.8,107.1,-0.012,11.6,39.6,32.8,28.3,25.7,24.4,23.8,23.2,22.8,22.5,22.1,21.7,21.2,20.6,19.5,17.5,14.5,11.1,5.1
609,11.770,0.000,474.7,107.3,-11.0,2,11890,0.000,0.000,0.383,-0.471,-0.137,22.8,-4.4,0,-4.87,0.670,22.8,107.4,0.038,11.6,39.6,32.7,28.2,25.6,24.4,23.7,23.2,22.8,22.4,22.0,21.6,21.1,20.5,19.5,17.4,14.5,11.2,5.2
610,11.790,0.000,475.3,106.6,-11.0,2,11903,0.032,0.000,0.351,-0.467,-0.154,22.8,-7.8,0,-4.86,0.697,22.8,108.0,0.088,11.5,39.6,32.8,28.2,25.6,24.4,23.8,23.2,22.8,22.4,22.0,21.7,21.1,20.6,19.5,17.5,14.5,11.3,5.3
611,11.810,0.000,475.9,106.1,-11.1,2,11935,0.094,0.000,0.324,-0.461,-0.171,22.9,-8.6,0,-4.84,0.741,22.9,108.6,0.138,11.4,39.7,32.8,28.3,25.7,24.5,23.8,23.3,22.9,22.5,22.1,21.7,21.2,20.6,19.5,17.5,14.6,11.4,5.4
612,11.830,0.000,476.4,105.6,-11.2,2,12030,0.153,0.000,0.293,-0.454,-0.189,22.9,-7.4,0,-4.82,0.777,22.9,109.0,0.188,11.4,39.8,32.9,28.3,25.7,24.5,23.9,23.3,22.9,22.5,22.2,21.8,21.3,20.7,19.6,17.6,14.7,11.4,5.5
613,11.850,0.000,477.0,105.2,-11.2,2,12146,0.210,0.000,0.253,-0.445,-0.207,23.0,-5.5,0,-4.80,0.810,23.0,109.8,0.238,11.3,40.0,33.0,28.4,25.8,24.6,24.0,23.4,23.0,22.6,22.2,21.9,21.3,20.8,19.7,17.7,14.8,11.5,5.6
614,11.870,0.000,477.6,104.9,-11.4,2,12276,0.265,0.000,0.157,-0.435,-0.225,23.1,-3.3,0,-4.78,0.810,23.1,110.1,0.288,11.2,40.2,33.2,28.6,26.0,24.7,24.1,23.5,23.1,22.7,22.4,22.0,21.5,20.9,19.8,17.8,14.9,11.6,5.7
615,11.890,0.000,478.2,104.7,-11.6,2,12419,0.320,0.000,0.117,-0.423,-0.232,23.3,-1.3,0,-4.75,0.810,23.3,110.5,0.338,11.1,40.5,33.4,28.7,26.1,24.9,24.2,23.7,23.3,22.9,22.5,22.1,21.6,21.0,19.9,17.9,15.0,11.8,5.8
616,11.910,0.000,478.7,104.6,-11.9,2,12579,0.374,0.000,0.124,-0.411,-0.229,23.4,1.1,0,-4.73,0.810,23.4,110.8,0.388,11.1,40.7,33.6,28.9,26.3,25.0,24.4,23.8,23.4,23.0,22.6,22.2,21.7,21.1,20.1,18.0,15.1,11.9,5.9
617,11.930,0.000,479.2,104.6,-12.1,2,12734,0.426,0.000,0.136,-0.401,-0.225,23.5,3.6,0,-4.72,0.810,23.5,111.1,0.438,11.0,40.9,33.7,29.0,26.4,25.1,24.5,23.9,23.5,23.1,22.7,22.3,21.8,21.2,20.1,18.1,15.2,11.9,6.0
618,11.950,0.000,479.8,104.8,-12.1,2,12843,0.479,0.000,0.156,-0.390,-0.219,23.5,5.4,0,-4.72,0.810,23.5,111.2,0.488,11.0,41.0,33.8,29.1,26.4,25.2,24.5,23.9,23.5,23.1,22.7,22.4,21.8,21.2,20.2,18.2,15.2,12.0,6.0
619,11.970,0.000,480.3,105.0,-11.8,2,12974,0.531,0.000,0.189,-0.380,-0.211,23.5,7.3,0,-4.73,0.810,23.5,111.2,0.538,11.0,41.0,33.7,29.0,26.3,25.1,24.4,23.8,23.5,23.1,22.7,22.3,21.8,21.2,20.1,18.1,15.2,12.0,6.1
620,11.990,0.000,480.8,105.3,-11.3,2,13132,0.582,0.000,0.231,-0.371,-0.202,23.3,9.6,0,-4.75,0.810,23.3,110.8,0.588,11.0,40.8,33.6,28.8,26.2,24.9,24.3,23.7,23.3,22.9,22.5,22.1,21.6,21.0,20.0,18.0,15.1,11.9,6.1
621,12.010,0.000,481.4,105.6,-10.8,2,13326,0.633,0.000,0.279,-0.362,-0.191,23.1,12.4,0,-4.78,0.810,23.1,110.3,0.638,11.0,40.6,33.3,28.6,26.0,24.7,24.0,23.5,23.1,22.7,22.3,21.9,21.4,20.8,19.8,17.8,15.0,11.8,6.1
622,12.030,0.000,481.9,106.1,-10.3,2,13561,0.684,0.000,0.325,-0.353,-0.180,22.9,15.8,0,-4.81,0.810,22.9,109.7,0.688,11.1,40.4,33.1,28.3,25.7,24.5,23.8,23.3,22.9,22.5,22.1,21.7,21.2,20.6,19.6,17.6,14.8,11.8,6.1
623,12.050,0.000,482.4,106.5,-10.0,2,13832,0.735,0.000,0.351,-0.346,-0.170,22.7,19.6,0,-4.84,0.776,22.7,109.1,0.738,11.1,40.2,32.9,28.1,25.5,24.2,23.6,23.0,22.7,22.3,21.9,21.5,21.0,20.4,19.4,17.5,14.7,11.7,6.1
624,12.070,0.000,483.0,107.1,-9.8,2,14117,0.786,0.000,0.375,-0.338,-0.161,22.5,23.5,0,-4.87,0.740,22.5,108.6,0.788,11.2,40.0,32.6,27.9,25.3,24.0,23.4,22.8,22.5,22.1,21.7,21.3,20.8,20.3,19.2,17.3,14.6,11.6,6.1
625,12.090,0.000,483.6,107.7,-9.6,2,14403,0.836,0.000,0.399,-0.332,-0.152,22.3,27.2,0,-4.90,0.708,22.3,108.2,0.838,11.2,39.8,32.5,27.7,25.1,23.9,23.2,22.7,22.3,21.9,21.5,21.2,20.7,20.1,19.1,17.2,14.5,11.5,6.1
626,12.110,0.000,484.1,108.4,-9.6,2,14764,0.000,0.007,0.421,-0.326,-0.143,22.1,31.9,0,-4.93,0.675,22.1,107.8,0.580,11.3,39.7,32.3,27.5,24.9,23.7,23.1,22.5,22.1,21.8,21.4,21.0,20.5,19.9,18.9,17.0,14.4,11.4,6.1
627,12.130,0.000,484.7,108.8,-9.5,2,12942,0.000,0.043,0.442,-0.321,-0.135,22.0,4.7,0,-4.96,0.645,22.0,107.6,0.399,11.3,39.6,32.2,27.4,24.8,23.6,22.9,22.4,22.0,21.6,21.3,20.9,20.4,19.8,18.8,16.9,14.3,11.4,6.1
628,12.150,0.000,485.2,108.6,-9.0,2,12331,0.000,0.053,0.470,-0.316,-0.126,21.8,-3.6,0,-4.99,0.617,21.8,107.1,0.272,11.4,39.4,32.0,27.2,24.6,23.4,22.8,22.2,21.8,21.5,21.1,20.7,20.2,19.7,18.7,16.8,14.2,11.3,6.1
629,12.170,0.000,485.8,108.1,-8.5,2,12142,0.000,0.053,0.489,-0.312,-0.118,21.6,-4.7,0,-5.03,0.579,21.6,106.6,0.183,11.4,39.2,31.8,27.0,24.4,23.2,22.6,22.0,21.6,21.3,20.9,20.5,20.0,19.5,18.5,16.6,14.0,11.2,6.1
630,12.190,0.000,486.4,107.5,-8.1,2,12044,0.000,0.044,0.507,-0.308,-0.110,21.5,-4.8,0,-5.07,0.552,21.5,106.2,0.121,11.5,39.1,31.6,26.8,24.2,23.0,22.4,21.8,21.5,21.1,20.7,20.4,19.9,19.3,18.3,16.5,13.9,11.1,6.1
631,12.210,0.000,486.9,106.8,-7.7,2,11993,0.000,0.026,0.514,-0.305,-0.104,21.4,-4.8,0,-5.10,0.528,21.4,105.9,0.078,11.6,39.0,31.5,26.7,24.1,22.9,22.3,21.7,21.4,21.0,20.6,20.3,19.8,19.2,18.2,16.4,13.8,11.1,6.1
632,12.230,0.000,487.5,106.2,-7.4,2,11946,0.000,0.001,0.521,-0.302,-0.099,21.3,-5.7,0,-5.13,0.519,21.3,105.8,0.048,11.6,39.0,31.5,26.7,24.1,22.8,22.2,21.7,21.3,20.9,20.6,20.2,19.7,19.2,18.2,16.4,13.8,11.0,6.1
633,12.250,0.000,488.0,105.6,-7.2,2,11908,0.019,0.000,0.518,-0.299,-0.095,21.3,-7.2,0,-5.14,0.510,21.3,105.9,0.098,11.6,39.2,31.6,26.7,24.1,22.9,22.2,21.7,21.3,20.9,20.6,20.2,19.7,19.2,18.2,16.4,13.8,11.0,6.1
634,12.270,0.000,488.6,105.1,-7.2,2,11882,0.085,0.000,0.515,-0.297,-0.094,21.4,-7.6,0,-5.15,0.514,21.4,106.3,0.148,11.6,39.4,31.8,26.9,24.2,23.0,22.3,21.8,21.4,21.0,20.7,20.3,19.8,19.2,18.2,16.4,13.8,11.1,6.1
635,12.290,0.000,489.1,104.7,-7.4,2,11948,0.147,0.000,0.504,-0.295,-0.094,21.6,-6.2,0,-5.15,0.518,21.6,106.8,0.198,11.5,39.8,32.0,27.1,24.4,23.2,22.5,22.0,21.6,21.2,20.8,20.4,19.9,19.4,18.4,16.5,13.9,11.1,6.2
636,12.310,0.000,489.7,104.3,-7.7,2,12039,0.207,0.000,0.496,-0.293,-0.096,21.8,-4.3,0,-5.15,0.532,21.8,107.4,0.248,11.4,40.2,32.4,27.4,24.7,23.4,22.7,22.2,21.8,21.4,21.0,20.6,20.1,19.6,18.5,16.7,14.0,11.2,6.2
637,12.330,0.000,490.2,104.0,-8.0,2,12143,0.265,0.000,0.489,-0.291,-0.098,22.0,-2.2,0,-5.14,0.543,22.0,108.1,0.298,11.4,40.7,32.7,27.7,24.9,23.6,23.0,22.4,22.0,21.6,21.2,20.8,20.3,19.7,18.7,16.8,14.1,11.3,6.2
638,12.350,0.000,490.8,103.8,-8.2,2,12250,0.322,0.000,0.486,-0.289,-0.099,22.2,-0.1,0,-5.14,0.554,22.2,108.7,0.348,11.3,41.1,33.0,27.9,25.1,23.8,23.2,22.6,22.2,21.8,21.4,21.0,20.5,19.9,18.9,16.9,14.2,11.4,6.2
639,12.370,0.000,491.3,103.7,-8.3,2,12372,0.377,0.000,0.486,-0.287,-0.099,22.3,2.2,0,-5.15,0.557,22.3,109.2,0.398,11.3,41.4,33.3,28.1,25.3,24.0,23.3,22.8,22.3,21.9,21.6,21.2,20.6,20.1,19.0,17.1,14.3,11.4,6.3
640,12.390,0.000,491.9,103.7,-8.4,2,12510,0.431,0.000,0.487,-0.285,-0.099,22.5,4.6,0,-5.15,0.557,22.5,109.6,0.448,11.2,41.8,33.6,28.3,25.5,24.2,23.5,22.9,22.5,22.1,21.7,21.3,20.8,20.2,19.1,17.1,14.4,11.5,6.3
641,12.410,0.000,492.4,103.8,-8.5,2,12669,0.484,0.000,0.490,-0.284,-0.098,22.6,7.2,0,-5.16,0.555,22.6,110.0,0.498,11.2,42.1,33.8,28.5,25.6,24.3,23.6,23.0,22.6,22.2,21.8,21.4,20.9,20.3,19.2,17.2,14.4,11.5,6.3
642,12.430,0.000,493.0,103.9,-8.6,2,12848,0.537,0.000,0.489,-0.282,-0.097,22.7,10.0,0,-5.17,0.552,22.7,110.3,0.548,11.2,42.3,34.0,28.7,25.8,24.4,23.7,23.1,22.7,22.3,21.9,21.5,21.0,20.4,19.3,17.3,14.5,11.5,6.3
643,12.450,0.000,493.5,104.1,-8.7,2,13050,0.589,0.000,0.491,-0.281,-0.097,22.8,13.0,0,-5.18,0.553,22.8,110.6,0.598,11.2,42.6,34.2,28.8,25.9,24.5,23.8,23.2,22.8,22.4,22.0,21.6,21.0,20.4,19.3,17.3,14.5,11.6,6.3
644,12.470,0.000,494.1,104.4,-8.9,2,13256,0.641,0.000,0.492,-0.280,-0.096,22.9,16.0,0,-5.20,0.550,22.9,110.9,0.648,11.1,42.9,34.3,28.9,26.0,24.6,23.9,23.3,22.9,22.5,22.1,21.7,21.1,20.5,19.4,17.4,14.6,11.6,6.3
645,12.490,0.000,494.6,104.8,-9.0,2,13463,0.692,0.000,0.496,-0.279,-0.095,23.0,18.8,0,-5.21,0.549,23.0,111.2,0.698,11.1,43.1,34.5,29.1,26.1,24.7,24.0,23.4,23.0,22.5,22.1,21.7,21.2,20.6,19.4,17.4,14.6,11.6,6.3
646,12.510,0.000,495.2,105.2,-9.1,2,13720,0.743,0.000,0.497,-0.278,-0.094,23.0,22.2,0,-5.23,0.544,23.0,111.5,0.748,11.1,43.4,34.7,29.2,26.2,24.8,24.1,23.5,23.0,22.6,22.2,21.8,21.2,20.6,19.5,17.5,14.6,11.6,6.3
647,12.530,0.000,495.7,105.6,-9.3,2,14035,0.742,0.000,0.497,-0.278,-0.093,23.1,26.4,0,-5.25,0.542,23.1,111.8,0.798,11.1,43.6,34.9,29.3,26.3,24.9,24.2,23.6,23.1,22.7,22.3,21.9,21.3,20.7,19.6,17.5,14.6,11.6,6.3
648,12.550,0.000,496.3,106.1,-9.7,2,14283,0.535,0.000,0.494,-0.278,-0.093,23.3,29.5,0,-5.26,0.542,23.3,112.2,0.848,11.1,44.0,35.1,29.5,26.5,25.1,24.3,23.7,23.3,22.8,22.4,22.0,21.4,20.8,19.7,17.6,14.7,11.7,6.3
649,12.570,0.000,496.9,106.6,-10.2,2,13953,0.648,0.000,0.488,-0.278,-0.094,23.4,24.1,0,-5.27,0.545,23.4,112.8,0.898,11.1,44.4,35.5,29.8,26.7,25.3,24.5,23.9,23.4,23.0,22.6,22.2,21.6,20.9,19.8,17.7,14.8,11.7,6.3
650,12.590,0.000,497.4,107.0,-10.6,2,14086,0.748,0.000,0.486,-0.278,-0.096,23.6,25.1,0,-5.28,0.555,23.6,113.3,0.948,11.0,44.8,35.8,30.0,26.9,25.5,24.7,24.1,23.6,23.2,22.8,22.3,21.8,21.1,19.9,17.8,14.9,11.8,6.3
651,12.610,0.000,498.0,107.4,-11.0,2,14419,0.657,0.000,0.482,-0.279,-0.097,23.8,29.4,0,-5.29,0.557,23.8,113.9,0.998,11.0,45.3,36.1,30.3,27.2,25.7,24.9,24.3,23.8,23.4,22.9,22.5,21.9,21.3,20.1,17.9,14.9,11.8,6.4
652,12.630,0.000,498.6,107.8,-11.5,2,14428,0.671,0.000,0.481,-0.279,-0.099,24.0,29.1,0,-5.31,0.563,24.0,114.5,1.000,11.0,45.8,36.5,30.6,27.4,25.9,25.1,24.5,24.0,23.6,23.1,22.7,22.1,21.4,20.2,18.1,15.0,11.9,6.4
653,12.650,0.000,499.2,108.2,-12.0,2,14525,0.598,0.000,0.476,-0.280,-0.101,24.2,29.8,0,-5.33,0.564,24.2,115.2,1.000,10.9,46.4,36.9,30.9,27.7,26.2,25.4,24.7,24.2,23.8,23.3,22.9,22.3,21.6,20.4,18.2,15.1,11.9,6.4
654,12.670,0.000,499.7,108.6,-12.5,2,14451,0.679,0.000,0.473,-0.281,-0.103,24.5,28.1,0,-5.36,0.570,24.5,116.0,1.000,10.9,47.2,37.3,31.3,28.0,26.4,25.6,25.0,24.5,24.0,23.6,23.1,22.5,21.8,20.6,18.4,15.2,12.0,6.4
655,12.690,0.000,500.3,108.9,-13.1,2,14665,0.498,0.000,0.466,-0.283,-0.107,24.8,30.6,0,-5.40,0.574,24.8,116.8,1.000,10.9,48.1,37.8,31.6,28.3,26.8,26.0,25.3,24.8,24.3,23.8,23.4,22.8,22.1,20.8,18.6,15.4,12.1,6.4
656,12.710,0.000,500.9,109.2,-13.7,2,14366,0.599,0.000,0.462,-0.284,-0.110,25.1,25.8,0,-5.44,0.584,25.1,117.7,1.000,10.8,49.1,38.3,32.1,28.7,27.1,26.3,25.6,25.1,24.6,24.1,23.7,23.0,22.3,21.1,18.7,15.5,12.2,6.4
657,12.730,0.000,501.5,109.4,-14.2,2,14452,0.679,0.000,0.459,-0.286,-0.114,25.4,26.4,0,-5.50,0.589,25.4,118.6,1.000,10.8,50.2,38.8,32.5,29.0,27.4,26.6,25.9,25.4,24.9,24.4,24.0,23.3,22.6,21.3,18.9,15.7,12.2,6.4
658,12.750,0.000,502.1,109.7,-14.7,2,14710,0.490,0.000,0.459,-0.288,-0.117,25.7,29.9,0,-5.57,0.594,25.7,119.4,1.000,10.7,51.4,39.3,32.9,29.4,27.7,26.9,26.2,25.7,25.2,24.7,24.2,23.6,22.8,21.5,19.1,15.8,12.3,6.4
659,12.770,0.000,502.7,109.9,-15.2,2,14415,0.592,0.000,0.457,-0.290,-0.120,26.0,25.3,0,-5.65,0.594,26.0,120.2,1.000,10.7,52.8,39.8,33.3,29.7,28.1,27.2,26.5,26.0,25.5,25.0,24.5,23.8,23.1,21.7,19.3,15.9,12.4,6.4
660,12.790,0.000,503.3,110.1,-15.6,2,14538,0.674,0.000,0.459,-0.292,-0.123,26.3,26.6,0,-5.75,0.596,26.3,121.1,1.000,10.7,54.3,40.3,33.7,30.1,28.4,27.5,26.8,26.3,25.8,25.2,24.8,24.1,23.3,22.0,19.5,16.1,12.5,6.4
661,12.810,0.000,503.8,110.3,-16.1,2,14861,0.329,0.000,0.457,-0.294,-0.126,26.6,31.2,0,-5.87,0.594,26.6,121.9,1.000,10.6,56.0,40.8,34.1,30.4,28.7,27.8,27.1,26.6,26.0,25.5,25.0,24.3,23.6,22.2,19.7,16.2,12.6,6.4
662,12.830,0.000,504.4,110.5,-16.5,2,14191,0.463,0.000,0.456,-0.296,-0.129,26.9,21.2,0,-6.01,0.597,26.9,122.8,1.000,10.6,58.0,41.5,34.5,30.8,29.1,28.2,27.4,26.9,26.3,25.8,25.3,24.6,23.8,22.4,19.9,16.3,12.6,6.5
663,12.850,0.000,505.0,110.5,-16.8,2,14148,0.571,0.000,0.459,-0.298,-0.132,27.2,20.1,0,-6.17,0.598,27.2,123.6,1.000,10.6,60.2,42.2,34.9,31.1,29.4,28.5,27.7,27.2,26.6,26.1,25.6,24.9,24.1,22.7,20.1,16.5,12.7,6.5
664,12.870,0.000,505.6,110.6,-17.0,2,14365,0.657,0.000,0.459,-0.300,-0.134,27.4,23.2,0,-6.36,0.594,27.4,124.3,1.000,10.6,62.4,42.9,35.2,31.4,29.6,28.7,27.9,27.4,26.8,26.3,25.8,25.1,24.3,22.8,20.2,16.5,12.7,6.5
665,12.890,0.000,506.2,110.8,-17.1,2,14728,0.483,0.000,0.462,-0.302,-0.135,27.6,28.5,0,-6.57,0.594,27.6,124.9,1.000,10.6,64.9,43.5,35.5,31.7,29.9,28.9,28.1,27.6,27.0,26.5,26.0,25.2,24.4,23.0,20.3,16.6,12.8,6.4
666,12.910,0.000,506.8,111.0,-17.3,2,14523,0.587,0.000,0.464,-0.304,-0.136,27.8,25.6,0,-6.82,0.590,27.8,125.5,1.000,10.6,67.8,44.3,35.8,31.9,30.1,29.2,28.3,27.8,27.2,26.7,26.1,25.4,24.6,23.1,20.4,16.7,12.8,6.4
667,12.930,0.000,507.4,111.1,-17.5,2,14687,0.530,0.000,0.468,-0.306,-0.138,28.0,27.7,0,-7.11,0.587,28.0,126.2,1.000,10.5,71.1,45.2,36.1,32.2,30.3,29.4,28.6,28.0,27.4,26.9,26.3,25.6,24.8,23.3,20.6,16.8,12.9,6.4
668,12.950,0.000,508.0,111.3,-17.6,2,14650,0.569,0.000,0.470,-0.308,-0.139,28.2,27.1,0,-7.44,0.582,28.2,127.0,1.000,10.5,75.0,46.2,36.5,32.4,30.6,29.6,28.8,28.2,27.6,27.1,26.5,25.8,24.9,23.4,20.7,16.8,12.9,6.4
669,12.970,0.000,508.6,111.5,-17.8,2,14737,0.472,0.000,0.477,-0.310,-0.141,28.4,28.2,0,-7.83,0.579,28.4,127.8,1.000,10.5,79.6,47.3,36.9,32.7,30.8,29.8,29.0,28.4,27.8,27.3,26.7,25.9,25.1,23.6,20.8,16.9,12.9,6.4
670,12.990,0.000,509.2,111.6,-17.9,2,14516,0.577,0.000,0.489,-0.312,-0.142,28.6,24.9,0,-8.41,0.570,28.6,128.7,1.000,10.5,86.4,48.4,37.3,32.9,31.0,30.0,29.2,28.6,28.0,27.4,26.9,26.1,25.2,23.7,20.9,17.0,13.0,6.4
671,13.010,0.000,509.8,111.8,-17.8,2,14658,0.395,0.000,0.659,-0.313,-0.142,28.7,26.8,0,-13.59,0.553,28.7,129.5,0.880,10.5,166.9,49.6,37.7,33.1,31.1,30.2,29.3,28.7,28.1,27.5,27.0,26.2,25.3,23.8,20.9,17.0,13.0,6.4
672,13.030,0.000,510.4,111.9,-17.7,2,14292,0.542,0.000,0.548,-0.315,-0.141,28.8,22.2,0,-13.22,0.470,28.8,130.3,0.930,10.6,159.2,50.9,38.1,33.3,31.3,30.3,29.4,28.8,28.2,27.6,27.1,26.3,25.4,23.8,21.0,17.0,13.0,6.4
673,13.050,0.000,511.0,112.0,-17.5,2,14466,0.669,0.000,0.522,-0.317,-0.140,28.9,24.7,0,-12.85,0.473,28.9,131.2,0.980,10.6,152.1,52.2,38.6,33.4,31.4,30.4,29.5,28.9,28.3,27.7,27.1,26.3,25.5,23.9,21.0,17.0,12.9,6.4
674,13.070,0.000,511.6,112.2,-17.4,2,14899,0.268,0.000,0.521,-0.318,-0.140,28.9,30.8,0,-12.47,0.508,28.9,132.1,1.000,10.6,145.3,53.7,39.0,33.6,31.5,30.4,29.6,28.9,28.3,27.8,27.2,26.4,25.5,23.9,21.0,17.0,12.9,6.4
675,13.090,0.000,512.2,112.4,-17.2,2,14135,0.415,0.000,0.503,-0.320,-0.139,29.0,19.4,0,-12.08,0.510,29.0,133.2,1.000,10.6,138.6,55.4,39.5,33.8,31.6,30.5,29.6,29.0,28.4,27.8,27.2,26.4,25.5,23.9,21.0,17.0,12.9,6.3
676,13.110,0.000,512.8,112.4,-16.9,2,14058,0.532,0.000,0.508,-0.321,-0.137,29.0,17.4,0,-11.73,0.533,29.0,134.1,1.000,10.6,132.6,57.2,40.0,34.0,31.7,30.6,29.6,29.0,28.4,27.8,27.2,26.4,25.5,23.9,21.0,17.0,12.9,6.3
677,13.130,0.000,513.4,112.5,-16.5,2,14284,0.625,0.000,0.503,-0.322,-0.135,29.0,20.4,0,-11.42,0.527,29.0,135.0,1.000,10.7,127.3,58.8,40.4,34.1,31.7,30.5,29.6,29.0,28.4,27.8,27.2,26.4,25.5,23.9,20.9,16.9,12.8,6.3
678,13.150,0.000,514.0,112.7,-16.0,2,14636,0.700,0.000,0.508,-0.324,-0.132,28.9,25.3,0,-11.11,0.534,28.9,135.9,1.000,10.7,122.2,60.7,40.9,34.3,31.7,30.5,29.6,28.9,28.3,27.7,27.1,26.3,25.4,23.8,20.9,16.8,12.7,6.3
679,13.170,0.000,514.6,113.0,-15.7,2,15044,0.302,0.000,0.503,-0.325,-0.129,28.9,31.1,0,-10.79,0.527,28.9,137.0,1.000,10.7,117.0,63.0,41.4,34.5,31.8,30.6,29.6,28.9,28.3,27.6,27.1,26.2,25.3,23.7,20.8,16.8,12.7,6.3
680,13.190,0.000,515.3,113.2,-15.4,2,14271,0.442,0.000,0.501,-0.325,-0.128,29.0,19.5,0,-10.44,0.534,29.0,138.5,1.000,10.7,111.6,65.9,42.2,34.8,32.0,30.7,29.7,29.0,28.3,27.6,27.0,26.2,25.3,23.7,20.8,16.7,12.7,6.2
681,13.210,0.000,515.9,113.4,-15.0,2,14194,0.553,0.000,0.501,-0.326,-0.126,29.0,17.4,0,-10.12,0.537,29.0,139.9,1.000,10.8,106.6,69.0,42.9,35.1,32.2,30.8,29.7,29.0,28.3,27.6,27.0,26.2,25.3,23.6,20.7,16.7,12.6,6.2
682,13.230,0.000,516.5,113.6,-14.5,2,14388,0.643,0.000,0.505,-0.327,-0.123,29.0,19.8,0,-9.86,0.537,29.0,141.3,1.000,10.8,102.1,72.2,43.6,35.3,32.3,30.9,29.7,29.0,28.3,27.6,26.9,26.1,25.2,23.5,20.6,16.6,12.5,6.2
683,13.250,0.000,517.1,113.8,-14.0,2,14703,0.714,0.000,0.510,-0.327,-0.119,28.9,24.1,0,-9.65,0.531,28.9,142.6,1.000,10.8,97.9,76.8,44.2,35.5,32.3,30.9,29.7,28.9,28.2,27.5,26.8,26.0,25.0,23.4,20.5,16.5,12.5,6.2
684,13.270,0.000,517.7,114.2,-13.6,2,15075,0.474,0.000,0.546,-0.327,-0.116,29.0,29.2,0,-10.39,0.524,29.0,144.3,1.000,10.9,93.6,152.4,45.1,35.8,32.5,31.0,29.8,29.0,28.2,27.5,26.8,25.9,24.9,23.3,20.4,16.4,12.4,6.1
685,13.290,0.000,518.3,114.6,-13.2,2,14686,0.579,0.000,0.512,-0.328,-0.113,29.1,23.3,0,-10.14,0.476,29.1,146.6,1.000,10.9,88.9,147.1,46.2,36.3,32.8,31.2,29.9,29.1,28.3,27.5,26.8,25.9,24.9,23.2,20.3,16.3,12.3,6.1
686,13.310,0.000,518.9,114.9,-12.9,2,14735,0.663,0.000,0.533,-0.328,-0.111,29.2,23.0,0,-9.85,0.521,29.2,149.2,1.000,10.9,84.1,141.9,47.6,36.8,33.1,31.4,30.1,29.2,28.4,27.6,26.9,25.9,24.9,23.2,20.2,16.3,12.3,6.1
687,13.330,0.000,519.5,115.3,-12.6,2,14980,0.731,0.000,0.510,-0.328,-0.108,29.4,26.0,0,-9.54,0.493,29.4,152.3,1.000,10.9,79.1,136.8,49.2,37.5,33.5,31.7,30.3,29.4,28.5,27.7,26.9,25.9,24.9,23.1,20.2,16.2,12.3,6.1
688,13.350,0.000,520.2,115.7,-12.3,2,15294,0.473,0.000,0.520,-0.328,-0.107,29.7,30.0,0,-9.16,0.525,29.7,156.2,1.000,11.0,73.3,131.7,51.1,38.3,34.0,32.1,30.7,29.7,28.8,27.9,27.1,26.1,25.0,23.1,20.2,16.2,12.2,6.1
689,13.370,0.000,520.8,116.1,-12.1,2,14818,0.579,0.000,0.498,-0.328,-0.105,30.1,22.3,0,-8.67,0.510,30.1,161.0,1.000,11.0,65.7,126.5,53.6,39.3,34.7,32.7,31.1,30.1,29.1,28.2,27.3,26.2,25.1,23.2,20.1,16.2,12.2,6.1
690,13.390,0.000,521.4,116.5,-11.9,2,14831,0.663,0.000,0.492,-0.328,-0.103,30.5,21.3,0,-8.19,0.511,30.5,166.7,1.000,11.0,59.0,121.5,56.5,40.5,35.5,33.3,31.6,30.5,29.5,28.5,27.6,26.4,25.2,23.3,20.1,16.1,12.2,6.1
691,13.410,0.000,522.0,116.8,-11.6,2,15066,0.730,0.000,0.475,-0.328,-0.102,31.0,23.8,0,-7.76,0.485,31.0,173.6,1.000,11.0,53.9,116.6,60.0,41.9,36.4,34.0,32.2,31.0,29.9,28.9,27.9,26.7,25.4,23.4,20.1,16.1,12.2,6.1
692,13.430,0.000,522.7,117.2,-11.5,2,15402,0.738,0.000,0.462,-0.327,-0.101,31.7,27.9,0,-7.34,0.468,31.7,182.6,1.000,11.0,49.7,111.7,64.6,43.6,37.5,34.9,32.9,31.7,30.5,29.4,28.4,27.1,25.7,23.5,20.1,16.1,12.2,6.1
693,13.450,0.000,523.3,117.7,-11.5,2,15661,0.537,0.000,0.438,-0.327,-0.101,32.6,30.9,0,-6.93,0.433,32.6,178.3,1.000,11.0,46.0,106.5,144.2,45.9,39.1,36.2,34.0,32.6,31.3,30.1,29.0,27.6,26.1,23.8,20.2,16.2,12.2,6.1
694,13.470,0.000,523.9,118.2,-11.6,2,15285,0.630,0.000,0.415,-0.327,-0.101,33.8,24.3,0,-6.59,0.390,33.8,172.1,1.000,11.0,42.7,101.1,137.8,49.1,41.1,37.8,35.4,33.8,32.4,31.0,29.8,28.3,26.7,24.2,20.4,16.2,12.2,6.1
695,13.490,0.000,524.6,118.6,-11.6,2,15319,0.704,0.000,0.382,-0.327,-0.102,35.3,23.4,0,-6.23,0.325,35.3,166.0,1.000,10.9,40.0,95.7,131.6,53.1,43.6,39.8,37.0,35.3,33.6,32.2,30.8,29.2,27.4,24.7,20.7,16.3,12.3,6.1
696,13.510,0.000,525.2,119.0,-11.7,2,15557,0.763,0.000,0.338,-0.326,-0.103,37.0,25.6,0,-5.82,0.237,37.0,173.8,1.000,10.9,37.7,90.5,125.6,58.2,46.7,42.3,39.0,37.0,35.2,33.6,32.1,30.2,28.3,25.3,21.0,16.4,12.3,6.1
697,13.530,0.000,525.8,119.5,-11.9,2,15905,0.810,0.000,0.287,-0.326,-0.104,39.2,29.5,0,-5.36,0.152,39.2,188.4,1.000,10.9,35.6,85.1,119.5,65.5,50.8,45.4,41.6,39.2,37.1,35.3,33.6,31.4,29.3,26.1,21.4,16.5,12.4,6.1
698,13.550,0.000,526.5,120.0,-12.2,2,16315,0.454,0.000,0.271,-0.325,-0.107,42.2,34.2,0,-4.64,0.162,42.2,265.1,1.000,10.9,33.7,79.5,113.4,135.0,56.4,49.7,45.1,42.2,39.7,37.5,35.6,33.1,30.7,27.1,21.9,16.7,12.5,6.1
699,13.570,0.000,527.1,120.5,-12.6,2,15624,0.563,0.000,0.256,-0.325,-0.110,46.3,22.9,0,-4.20,0.162,46.3,256.4,1.000,10.8,31.9,73.5,107.1,128.1,65.5,55.8,49.9,46.3,43.2,40.6,38.2,35.3,32.5,28.3,22.6,16.9,12.6,6.2
700,13.590,0.000,527.8,120.8,-12.9,2,15499,0.650,0.000,0.233,-0.324,-0.113,51.5,19.5,0,-3.49,0.162,51.5,276.0,1.000,10.8,30.3,67.5,101.1,121.5,132.3,64.8,56.1,51.5,47.6,44.3,41.4,38.0,34.7,29.8,23.3,17.2,12.7,6.2
701,13.610,0.000,528.4,121.2,-13.1,2,15674,0.720,0.000,0.218,-0.323,-0.115,58.1,20.9,0,-2.89,0.162,58.1,281.7,1.000,10.7,29.1,61.4,95.6,115.4,125.8,131.6,65.9,58.1,53.1,48.9,45.3,41.1,37.1,31.5,24.2,17.5,12.8,6.2
702,13.630,0.000,529.1,121.6,-13.2,2,15997,0.776,0.000,0.194,-0.323,-0.116,134.0,24.8,0,-2.12,0.162,134.0,292.0,1.000,10.7,28.0,55.4,90.3,109.6,119.7,125.3,130.3,134.0,60.3,54.8,50.2,45.0,40.2,33.5,25.2,17.9,12.8,6.2
703,13.650,0.000,529.7,122.1,-13.5,2,16393,0.803,0.000,0.168,-0.322,-0.118,131.1,29.8,0,-1.69,0.162,131.1,288.3,1.000,10.7,26.9,50.5,85.1,103.9,113.7,119.1,124.0,127.5,131.1,65.8,56.9,50.1,44.1,36.0,26.4,18.3,13.0,6.2
704,13.670,0.000,530.4,122.6,-13.9,2,16781,0.425,0.000,0.133,-0.321,-0.121,128.0,34.6,0,-1.08,0.162,128.0,289.0,1.000,10.6,25.9,46.3,79.8,98.2,107.7,112.9,117.6,121.0,124.5,128.0,131.6,57.5,49.5,39.3,27.9,18.9,13.1,6.3
705,13.690,0.000,531.1,123.1,-14.3,2,15984,0.540,0.000,-0.067,-0.320,-0.124,121.3,21.8,0,-0.70,0.000,121.3,286.6,1.000,10.6,24.9,42.7,74.4,92.4,101.7,106.8,111.3,114.6,117.9,121.3,124.8,129.7,57.3,43.8,29.9,19.6,13.3,6.3
706,13.710,0.000,531.7,123.5,-14.6,2,15813,0.632,0.000,-0.267,-0.319,-0.126,115.3,16.6,0,-0.31,0.000,115.3,285.7,1.000,10.6,24.1,39.9,69.4,87.3,96.3,101.2,105.6,108.8,112.0,115.3,118.6,123.4,129.0,49.3,32.0,20.3,13.6,6.3
707,13.730,0.000,532.4,123.9,-14.8,2,15954,0.706,0.000,-0.307,-0.318,-0.124,110.9,16.4,0,-0.26,0.000,110.9,279.6,1.000,10.6,23.7,38.3,65.9,83.6,92.4,97.2,101.5,104.6,107.7,110.9,114.2,118.8,124.3,54.1,33.7,20.8,13.7,6.3
708,13.750,0.000,533.1,124.5,-14.4,2,16213,0.764,0.000,-0.298,-0.318,-0.115,109.4,18.8,0,-0.26,0.000,109.4,277.4,1.000,10.7,23.8,38.2,65.1,82.4,91.1,95.9,100.1,103.1,106.2,109.4,112.6,117.2,122.6,55.0,33.8,20.7,13.5,6.3
709,13.770,0.000,533.7,125.3,-13.2,2,16490,0.812,0.000,-0.257,-0.318,-0.100,109.9,21.6,0,-0.30,0.000,109.9,278.0,1.000,10.8,24.2,39.1,66.1,83.1,91.7,96.4,100.6,103.7,106.7,109.9,113.1,117.7,123.0,52.3,32.5,20.0,13.1,6.2
710,13.790,0.000,534.4,126.2,-11.6,2,16757,0.849,0.000,-0.196,-0.319,-0.082,111.5,24.3,0,-0.36,0.000,111.5,280.2,1.000,11.0,24.9,40.8,68.1,84.7,93.3,98.0,102.2,105.2,108.3,111.5,114.7,119.3,124.7,48.1,30.7,19.2,12.7,6.0
711,13.810,0.000,535.1,127.3,-9.9,2,16984,0.879,0.000,-0.125,-0.321,-0.063,113.5,26.3,0,-0.41,0.000,113.5,282.9,1.000,11.2,25.7,42.7,70.2,86.7,95.2,99.9,104.1,107.2,110.3,113.5,116.7,121.4,126.8,43.9,28.7,18.3,12.3,5.9
712,13.830,0.000,535.8,128.4,-8.1,2,17183,0.904,0.000,-0.041,-0.322,-0.044,115.3,27.9,0,-0.80,0.000,115.3,278.3,1.000,11.4,26.5,44.7,72.1,88.4,96.9,101.6,105.9,108.9,112.1,115.3,118.5,123.2,54.1,40.6,27.1,17.6,11.9,5.8
713,13.850,0.000,536.5,129.5,-6.6,2,17366,0.923,0.000,-0.236,-0.325,-0.027,116.4,29.3,0,-0.85,-0.850,123.3,279.8,1.000,11.5,27.2,46.3,73.3,89.5,98.0,102.7,107.0,110.0,113.2,116.4,119.7,124.4,50.2,38.2,25.9,17.0,11.5,5.7
714,13.870,0.000,537.2,130.6,-5.8,2,17540,0.938,0.000,-0.036,-0.328,-0.010,117.6,29.8,0,-0.90,0.000,121.2,281.3,1.000,11.7,27.8,48.0,74.5,90.6,99.1,103.8,108.1,111.2,114.4,117.6,120.9,125.6,46.7,36.1,24.8,16.4,11.2,5.6
715,13.890,0.000,537.9,131.7,-4.4,2,17718,0.951,0.000,-0.067,-0.333,0.010,119.6,30.6,0,-1.28,-0.850,119.6,277.9,1.000,11.9,28.8,50.6,76.4,92.4,101.0,105.8,110.0,113.2,116.4,119.6,122.9,49.8,42.6,33.4,23.4,15.7,10.8,5.5
716,13.910,0.000,538.6,132.9,-3.2,2,17898,0.960,0.000,0.133,-0.339,0.027,120.9,31.2,0,-1.61,0.000,120.9,275.3,1.000,12.0,29.5,52.6,77.7,93.6,102.2,107.0,111.3,114.5,117.7,120.9,56.2,46.1,39.7,31.6,22.4,15.2,10.5,5.4
717,13.930,0.000,539.3,134.1,-2.2,2,18085,0.968,0.000,0.333,-0.345,0.043,121.3,32.7,0,-1.67,0.000,121.3,275.8,1.000,12.2,30.1,53.7,78.2,94.0,102.6,107.4,111.7,114.8,118.0,121.3,51.1,44.0,38.0,30.4,21.7,14.8,10.3,5.3
718,13.950,0.000,540.0,135.2,-1.6,2,18284,0.725,0.000,0.387,-0.353,0.053,119.7,35.0,0,-1.66,0.000,119.7,273.6,1.000,12.2,30.0,53.2,77.1,92.8,101.2,105.9,110.2,113.3,116.5,119.7,53.2,44.5,38.4,30.5,21.7,14.7,10.2,5.2
719,13.970,0.000,540.8,136.2,-1.7,2,17702,0.780,0.000,0.357,-0.361,0.050,116.2,25.6,0,-1.33,0.000,116.2,273.2,1.000,12.2,29.4,51.2,74.6,89.9,98.2,102.7,106.9,109.9,113.0,116.2,119.4,48.1,40.9,32.0,22.3,14.9,10.3,5.2
720,13.990,0.000,541.5,137.2,-2.3,2,17477,0.824,0.000,0.285,-0.369,0.039,111.3,20.2,0,-0.95,0.000,111.3,272.6,1.000,12.1,28.5,48.4,71.2,85.9,93.9,98.4,102.4,105.3,108.3,111.3,114.5,118.9,46.0,34.9,23.6,15.4,10.5,5.2
721,14.010,0.000,542.3,138.0,-3.1,2,17543,0.859,0.000,0.201,-0.376,0.025,105.9,18.7,0,-0.54,0.000,105.9,271.7,1.000,12.0,27.4,45.0,67.2,81.4,89.1,93.4,97.2,100.0,102.9,105.9,108.9,113.2,118.2,39.5,25.5,16.1,10.7,5.2
722,14.030,0.000,543.1,138.8,-4.0,2,17816,0.887,0.000,0.124,-0.381,0.010,100.1,20.3,0,-0.47,0.000,100.1,262.7,1.000,11.8,26.2,41.9,63.0,76.7,84.1,88.2,91.9,94.6,97.3,100.1,103.0,107.1,112.0,46.6,28.1,17.0,11.1,5.2
723,14.050,0.000,543.8,139.6,-5.1,2,18191,0.910,0.000,0.029,-0.386,-0.005,94.5,23.7,0,0.06,0.000,96.2,266.0,1.000,11.7,25.2,39.0,58.9,72.1,79.2,83.1,86.6,89.2,91.8,94.5,97.3,101.2,105.8,115.0,31.6,18.2,11.5,5.2
724,14.070,0.000,544.6,140.4,-6.3,2,18604,0.928,0.000,0.229,-0.390,-0.020,89.4,28.0,0,0.11,0.850,95.5,257.1,1.000,11.6,24.2,36.7,55.2,67.9,74.6,78.4,81.8,84.3,86.8,89.4,92.0,95.7,100.2,109.0,35.9,19.4,11.9,5.3
725,14.090,0.000,545.4,141.1,-7.0,3,14714,0.942,0.000,0.029,-0.393,-0.034,84.5,4.4,0,0.18,0.000,94.7,248.7,1.000,11.4,23.4,34.6,51.8,63.9,70.4,74.0,77.3,79.7,82.1,84.5,87.1,90.7,94.9,103.3,41.5,20.9,12.4,5.3
726,14.110,0.000,546.2,141.2,-7.3,3,14691,0.954,0.000,-0.171,-0.394,-0.047,80.3,-7.5,0,1.14,0.000,94.0,266.5,1.000,11.3,22.6,33.0,48.8,60.5,66.8,70.2,73.4,75.6,78.0,80.3,82.8,86.2,90.3,98.4,116.2,22.5,12.9,5.4
727,14.130,0.000,547.0,141.0,-7.5,3,12858,0.963,0.000,-0.246,-0.394,-0.053,77.9,-10.8,0,1.15,0.000,77.9,261.6,1.000,11.2,22.3,32.2,47.2,58.6,64.7,68.1,71.1,73.3,75.6,77.9,80.3,83.7,87.7,95.5,113.0,23.4,13.2,5.4
728,14.150,0.000,547.8,141.3,-6.8,3,13750,0.971,0.000,-0.227,-0.394,-0.049,78.3,5.7,0,1.13,0.000,92.4,262.4,1.000,11.3,22.5,32.7,47.9,59.1,65.2,68.5,71.5,73.8,76.0,78.3,80.7,84.1,88.1,95.9,113.4,22.8,13.0,5.4
729,14.170,0.000,548.5,142.1,-5.2,3,14001,0.976,0.000,-0.143,-0.394,-0.038,80.6,9.6,0,0.20,0.000,91.5,241.8,1.000,11.4,23.1,34.1,49.9,61.2,67.3,70.7,73.7,76.0,78.3,80.6,83.0,86.5,90.6,98.6,44.6,21.3,12.6,5.4
730,14.190,0.000,549.3,143.0,-3.1,3,14111,0.981,0.000,-0.077,-0.393,-0.025,83.6,10.3,0,0.10,0.000,90.7,247.4,1.000,11.5,24.0,36.0,52.4,63.7,69.9,73.4,76.5,78.8,81.2,83.6,86.0,89.6,93.7,102.0,37.4,19.8,12.1,5.3
731,14.210,0.000,550.1,144.0,-1.3,3,14151,0.985,0.000,-0.020,-0.393,-0.013,86.1,9.7,0,0.05,0.000,89.9,252.3,1.000,11.7,24.7,37.9,54.4,65.8,72.1,75.7,78.9,81.2,83.6,86.1,88.6,92.2,96.5,104.9,33.5,18.7,11.6,5.2
732,14.230,0.000,550.9,144.9,0.0,3,14159,0.988,0.000,0.020,-0.392,-0.005,87.6,8.4,0,0.01,0.000,89.0,255.5,1.000,11.8,25.3,39.3,55.7,67.2,73.5,77.1,80.3,82.7,85.1,87.6,90.2,93.8,98.2,106.7,31.2,18.0,11.4,5.2
733,14.250,0.000,551.7,145.8,0.8,3,14169,0.990,0.000,0.041,-0.391,-0.000,88.0,6.9,0,-0.01,0.000,88.2,256.6,1.000,11.8,25.6,39.9,56.1,67.6,73.9,77.5,80.7,83.1,85.6,88.0,90.6,94.3,98.6,107.3,30.1,17.6,11.2,5.2
734,14.270,0.000,552.6,146.8,1.0,3,14205,0.992,0.000,0.046,-0.390,0.001,87.5,5.9,0,-0.02,0.000,87.5,255.7,1.000,11.8,25.7,40.0,55.9,67.2,73.5,77.0,80.2,82.6,85.0,87.5,90.0,93.7,98.0,106.6,29.9,17.5,11.2,5.2
735,14.290,0.000,553.4,147.7,0.8,3,14276,0.994,0.000,0.039,-0.389,-0.001,86.3,5.6,0,-0.02,0.000,86.5,253.6,1.000,11.8,25.6,39.7,55.1,66.3,72.5,75.9,79.1,81.4,83.8,86.3,88.8,92.4,96.7,105.2,30.2,17.7,11.3,5.2
736,14.310,0.000,554.2,148.5,0.5,3,14381,0.995,0.000,0.026,-0.389,-0.003,84.7,5.9,0,-0.01,0.000,85.6,250.9,1.000,11.7,25.4,39.1,54.2,65.1,71.1,74.6,77.7,80.0,82.3,84.7,87.2,90.7,94.9,103.3,30.9,17.9,11.4,5.2
737,14.330,0.000,555.0,149.4,0.2,3,14502,0.996,0.000,0.013,-0.388,-0.006,83.1,6.6,0,-0.01,0.000,84.7,247.8,1.000,11.7,25.1,38.6,53.2,63.8,69.8,73.1,76.2,78.4,80.7,83.1,85.5,89.0,93.1,101.4,31.7,18.2,11.5,5.2
738,14.350,0.000,555.9,150.3,-0.1,3,14617,0.997,0.000,0.001,-0.387,-0.008,81.6,7.2,0,-0.00,0.000,83.8,244.9,1.000,11.7,25.0,38.1,52.3,62.7,68.5,71.8,74.8,77.0,79.3,81.6,84.0,87.4,91.5,99.6,32.4,18.4,11.6,5.2
739,14.370,0.000,556.7,151.2,-0.3,3,14719,0.997,0.000,-0.007,-0.386,-0.010,80.3,7.6,0,0.00,0.000,83.0,242.6,1.000,11.6,24.8,37.7,51.5,61.7,67.4,70.7,73.6,75.8,78.0,80.3,82.6,86.0,90.1,98.1,33.0,18.6,11.7,5.3
740,14.390,0.000,557.5,152.0,-0.4,3,14806,0.998,0.000,-0.012,-0.384,-0.011,79.2,7.6,0,0.00,0.000,82.1,240.7,1.000,11.6,24.7,37.4,50.9,60.9,66.5,69.7,72.6,74.8,77.0,79.2,81.5,84.9,88.9,96.8,33.5,18.7,11.7,5.3
741,14.410,0.000,558.4,152.9,-0.4,3,14885,0.998,0.000,-0.012,-0.383,-0.011,78.3,7.5,0,0.00,0.000,81.2,239.2,1.000,11.6,24.7,37.2,50.4,60.3,65.8,69.0,71.8,73.9,76.1,78.3,80.6,83.9,87.9,95.7,34.0,18.8,11.7,5.3
742,14.430,0.000,559.2,153.8,-0.3,3,14959,0.999,0.000,-0.011,-0.382,-0.010,77.6,7.3,0,0.00,0.000,80.3,238.0,1.000,11.6,24.7,37.0,50.0,59.7,65.2,68.3,71.1,73.2,75.4,77.6,79.8,83.1,87.0,94.8,34.4,18.8,11.7,5.3
743,14.450,0.000,560.1,154.7,-0.2,3,15029,0.999,0.000,-0.008,-0.381,-0.010,76.9,7.0,0,0.00,0.000,79.4,236.9,1.000,11.6,24.7,36.9,49.6,59.2,64.6,67.7,70.5,72.5,74.7,76.9,79.1,82.4,86.2,94.0,35.0,18.7,11.7,5.3
744,14.470,0.000,561.0,155.7,-0.1,3,15097,0.999,0.000,-0.005,-0.380,-0.009,76.1,6.7,0,0.01,0.000,78.5,235.7,1.000,11.6,24.8,36.7,49.2,58.6,64.0,67.0,69.8,71.9,74.0,76.1,78.4,81.6,85.4,93.1,36.1,18.7,11.7,5.3
745,14.490,0.000,561.8,156.6,0.0,3,15167,0.999,0.000,-0.036,-0.378,-0.009,75.4,6.4,0,0.96,0.000,77.5,259.7,1.000,11.6,24.8,36.5,48.8,58.1,63.4,66.4,69.1,71.2,73.2,75.4,77.6,80.8,84.6,92.2,109.5,18.7,11.7,5.3
746,14.510,0.000,562.7,157.5,0.0,3,15236,0.999,0.000,-0.030,-0.377,-0.007,74.8,6.1,0,0.96,0.000,76.6,258.6,1.000,11.6,24.9,36.4,48.5,57.7,62.9,65.9,68.6,70.6,72.7,74.8,77.0,80.2,83.9,91.5,108.7,18.6,11.7,5.3
747,14.530,0.000,563.6,158.3,0.2,3,15309,1.000,0.000,-0.020,-0.376,-0.005,74.4,5.8,0,0.95,0.000,75.7,257.9,1.000,11.6,25.0,36.4,48.3,57.4,62.6,65.5,68.2,70.2,72.3,74.4,76.6,79.7,83.5,91.1,108.2,18.5,11.7,5.3
748,14.550,0.000,564.5,159.2,0.3,3,15390,1.000,0.000,-0.010,-0.375,-0.003,74.0,5.8,0,0.95,0.000,74.8,257.3,1.000,11.6,25.1,36.4,48.1,57.1,62.2,65.2,67.9,69.8,71.9,74.0,76.2,79.3,83.1,90.6,107.7,18.3,11.6,5.3
749,14.570,0.000,565.3,160.1,0.5,3,15474,1.000,0.000,-0.002,-0.374,-0.001,73.5,5.7,0,0.94,0.000,73.8,256.4,1.000,11.6,25.2,36.3,47.8,56.7,61.8,64.7,67.4,69.4,71.4,73.5,75.7,78.8,82.5,90.0,107.1,18.2,11.6,5.3
750,14.590,0.000,566.2,161.0,0.6,3,15559,1.000,0.000,0.003,-0.374,-0.000,72.8,5.7,0,0.94,0.000,72.9,255.1,1.000,11.7,25.2,36.1,47.4,56.2,61.3,64.1,66.8,68.7,70.8,72.8,75.0,78.1,81.8,89.2,106.2,18.1,11.6,5.3
751,14.610,0.000,567.1,161.9,0.5,3,15643,1.000,0.000,0.005,-0.373,0.000,72.0,5.7,0,0.93,0.000,72.0,253.5,1.000,11.7,25.2,35.8,47.0,55.6,60.6,63.4,66.0,68.0,70.0,72.0,74.1,77.2,80.9,88.2,105.1,18.1,11.5,5.3
752,14.630,0.000,568.0,162.8,0.5,3,15725,1.000,0.000,0.005,-0.373,0.000,71.1,5.7,0,0.93,0.000,71.1,251.7,1.000,11.6,25.1,35.5,46.4,54.9,59.8,62.6,65.2,67.1,69.0,71.1,73.2,76.2,79.8,87.1,103.8,18.1,11.6,5.3
753,14.650,0.000,568.9,163.7,0.4,3,15805,1.000,0.000,0.004,-0.372,-0.000,70.0,5.6,0,0.93,0.000,70.1,249.7,1.000,11.6,25.0,35.1,45.8,54.1,58.9,61.7,64.2,66.1,68.0,70.0,72.1,75.1,78.7,85.9,102.4,18.1,11.6,5.3
754,14.670,0.000,569.9,164.6,0.3,3,15874,1.000,0.000,0.002,-0.372,-0.001,69.0,5.3,0,0.92,0.000,69.2,247.6,1.000,11.6,24.9,34.7,45.2,53.3,58.1,60.8,63.3,65.1,67.0,69.0,71.0,74.0,77.5,84.6,101.0,18.2,11.6,5.3
755,14.690,0.000,570.8,165.5,0.2,3,15946,1.000,0.000,-0.000,-0.372,-0.001,67.9,5.0,0,0.92,0.000,68.2,245.4,1.000,11.6,24.7,34.3,44.5,52.5,57.2,59.9,62.3,64.1,66.0,67.9,69.9,72.9,76.3,83.4,99.5,18.2,11.6,5.3
756,14.710,0.000,571.7,166.4,0.1,3,16025,1.000,0.000,-0.002,-0.371,-0.002,66.9,4.9,0,0.92,0.000,67.3,243.3,1.000,11.6,24.6,33.9,43.9,51.8,56.3,59.0,61.4,63.2,65.0,66.9,68.9,71.8,75.2,82.1,98.1,18.3,11.6,5.3
757,14.730,0.000,572.6,167.2,0.0,3,16108,1.000,0.000,-0.003,-0.371,-0.002,65.9,4.9,0,0.92,0.000,66.3,241.3,1.000,11.6,24.4,33.5,43.3,51.0,55.5,58.1,60.4,62.2,64.0,65.9,67.9,70.7,74.1,80.9,96.7,18.4,11.6,5.3
758,14.750,0.000,573.6,168.1,-0.0,3,16192,1.000,0.000,-0.003,-0.371,-0.002,64.9,4.9,0,0.91,0.000,65.3,239.3,1.000,11.6,24.2,33.1,42.7,50.3,54.7,57.2,59.6,61.3,63.1,64.9,66.9,69.6,73.0,79.8,95.4,18.6,11.7,5.3
759,14.770,0.000,574.5,169.0,-0.0,3,16274,1.000,0.000,-0.003,-0.371,-0.002,64.0,4.9,0,0.91,0.000,64.4,237.3,1.000,11.6,24.1,32.8,42.1,49.6,53.9,56.4,58.7,60.4,62.2,64.0,65.9,68.6,71.9,78.6,94.1,18.8,11.7,5.4
760,14.790,0.000,575.4,169.9,0.0,3,16355,1.000,0.000,-0.003,-0.370,-0.002,63.0,4.8,0,0.91,0.000,63.4,235.3,1.000,11.6,23.9,32.4,41.6,48.8,53.1,55.6,57.8,59.5,61.2,63.0,64.9,67.6,70.9,77.5,92.8,19.1,11.7,5.4
761,14.810,0.000,576.4,170.8,0.0,3,16426,1.000,0.000,-0.002,-0.370,-0.001,62.1,4.6,0,0.91,0.000,62.4,233.3,1.000,11.6,23.7,32.0,41.0,48.1,52.3,54.7,57.0,58.6,60.3,62.1,63.9,66.6,69.8,76.4,91.5,19.5,11.7,5.4
762,14.830,0.000,577.3,171.7,0.0,3,16490,1.000,0.000,-0.001,-0.370,-0.001,61.1,4.2,0,0.92,0.000,61.4,231.2,1.000,11.6,23.5,31.6,40.4,47.4,51.5,53.9,56.1,57.7,59.4,61.1,63.0,65.6,68.8,75.2,90.2,20.0,11.7,5.4
763,14.850,0.000,578.3,172.6,0.0,3,16566,1.000,0.000,-0.001,-0.370,-0.001,60.2,4.0,0,0.92,0.000,60.4,229.1,1.000,11.6,23.3,31.2,39.8,46.7,50.7,53.0,55.2,56.8,58.5,60.2,62.0,64.6,67.7,74.0,88.9,20.7,11.7,5.4
764,14.870,0.000,579.3,173.4,0.0,3,16649,1.000,0.000,-0.001,-0.369,-0.001,59.2,4.0,0,0.93,0.000,59.4,227.0,1.000,11.6,23.1,30.8,39.2,45.9,49.9,52.2,54.3,55.9,57.5,59.2,60.9,63.5,66.6,72.9,87.5,21.6,11.7,5.4
765,14.890,0.000,580.2,174.3,0.0,3,16734,1.000,0.000,-0.002,-0.369,-0.001,58.2,4.0,0,0.94,0.000,58.4,224.8,1.000,11.6,22.8,30.4,38.6,45.2,49.1,51.3,53.4,54.9,56.5,58.2,59.9,62.4,65.5,71.7,86.1,22.8,11.8,5.4
766,14.910,0.000,581.2,175.2,0.0,3,16819,1.000,0.000,-0.002,-0.369,-0.001,57.2,4.0,0,0.96,0.000,57.4,222.5,1.000,11.6,22.6,30.0,38.0,44.4,48.2,50.4,52.5,54.0,55.6,57.2,58.9,61.4,64.4,70.5,84.8,24.5,11.9,5.4
767,14.930,0.000,582.2,176.1,0.0,3,16900,1.000,0.000,-0.003,-0.369,-0.001,56.2,4.0,0,1.00,0.000,56.4,220.3,1.000,11.6,22.3,29.5,37.4,43.7,47.4,49.6,51.6,53.1,54.6,56.2,57.9,60.3,63.3,69.3,83.4,27.1,12.1,5.4
768,14.950,0.000,583.1,176.9,0.0,3,16970,1.000,0.000,0.012,-0.369,-0.001,55.3,3.8,0,3.39,-0.186,55.4,225.4,1.000,11.5,22.0,29.1,36.8,42.9,46.6,48.7,50.7,52.2,53.7,55.3,56.9,59.3,62.2,68.1,82.1,112.8,12.3,5.4
769,14.970,0.000,584.1,177.8,0.1,3,17028,1.000,0.000,-0.006,-0.368,-0.001,54.2,3.3,0,3.40,-0.227,54.4,222.6,1.000,11.5,21.8,28.6,36.1,42.1,45.7,47.8,49.7,51.2,52.7,54.2,55.8,58.2,61.0,66.9,80.6,111.0,12.6,5.4
770,14.990,0.000,585.1,178.7,-0.0,3,17102,1.000,0.000,-0.025,-0.368,-0.001,53.1,3.1,0,3.41,-0.268,53.4,219.7,1.000,11.4,21.5,28.1,35.4,41.3,44.8,46.9,48.7,50.2,51.6,53.1,54.7,57.0,59.8,65.6,79.1,109.2,12.9,5.4
771,15.010,0.000,586.1,179.6,-0.1,3,17183,1.000,0.000,-0.041,-0.368,-0.001,52.2,3.0,0,3.42,-0.310,52.3,217.4,1.000,11.4,21.2,27.7,34.9,40.6,44.1,46.1,47.9,49.3,50.7,52.2,53.8,56.1,58.8,64.5,77.9,107.7,13.2,5.4
772,15.030,0.000,587.1,180.4,0.0,3,17268,1.000,0.000,-0.052,-0.368,0.001,51.6,3.1,0,3.44,-0.352,51.6,215.9,1.000,11.3,21.0,27.4,34.4,40.1,43.5,45.5,47.3,48.7,50.1,51.6,53.1,55.4,58.1,63.7,77.0,106.8,13.5,5.4
773,15.050,0.000,588.1,181.3,0.3,3,17356,1.000,0.000,-0.058,-0.368,0.005,51.1,3.3,0,3.47,-0.393,51.1,215.3,1.000,11.3,20.8,27.1,34.1,39.7,43.1,45.0,46.9,48.2,49.6,51.1,52.7,54.9,57.6,63.2,76.5,106.4,13.8,5.4
774,15.070,0.000,589.1,182.1,0.6,3,17444,1.000,0.000,-0.070,-0.369,0.001,50.8,3.4,0,3.50,-0.381,50.8,215.3,1.000,11.2,20.7,26.9,33.8,39.5,42.8,44.8,46.6,47.9,49.4,50.8,52.4,54.6,57.4,63.0,76.3,106.4,14.0,5.5
775,15.090,0.000,590.2,183.0,1.0,3,17530,1.000,0.000,-0.080,-0.368,-0.003,50.7,3.6,0,3.54,-0.355,51.2,216.0,1.000,11.2,20.5,26.8,33.7,39.3,42.7,44.6,46.4,47.8,49.2,50.7,52.3,54.5,57.3,62.9,76.4,106.8,14.2,5.5
776,15.110,0.000,591.2,183.8,1.4,3,17619,1.000,0.000,-0.084,-0.366,-0.006,50.8,3.8,0,3.58,-0.328,51.9,217.4,1.000,11.2,20.5,26.7,33.6,39.3,42.6,44.6,46.4,47.8,49.3,50.8,52.3,54.6,57.4,63.1,76.7,107.7,14.4,5.5
777,15.130,0.000,592.3,184.6,1.9,3,17705,1.000,0.000,-0.085,-0.363,-0.009,50.9,4.0,0,3.63,-0.304,52.5,219.4,1.000,11.1,20.4,26.7,33.6,39.3,42.7,44.7,46.6,47.9,49.4,50.9,52.5,54.8,57.6,63.4,77.3,109.0,14.5,5.6
778,15.150,0.000,593.3,185.4,2.3,3,17792,1.000,0.000,-0.082,-0.359,-0.010,51.2,4.2,0,3.69,-0.282,53.0,221.8,1.000,11.1,20.4,26.7,33.6,39.4,42.8,44.9,46.7,48.1,49.6,51.2,52.8,55.1,58.0,63.9,78.0,110.5,14.7,5.6
779,15.170,0.000,594.4,186.3,2.7,3,17878,1.000,0.000,-0.079,-0.355,-0.012,51.4,4.4,0,3.75,-0.258,53.6,224.6,1.000,11.1,20.3,26.6,33.7,39.5,43.0,45.0,46.9,48.4,49.9,51.4,53.1,55.5,58.4,64.4,78.8,112.3,14.8,5.6
780,15.190,0.000,595.4,187.1,3.1,3,17958,1.000,0.000,-0.075,-0.350,-0.013,51.7,4.5,0,3.81,-0.236,54.2,227.7,1.000,11.0,20.3,26.6,33.7,39.6,43.1,45.2,47.2,48.6,50.1,51.7,53.4,55.8,58.8,64.9,79.6,114.2,14.9,5.7
781,15.210,0.000,596.5,187.9,3.4,3,18035,1.000,0.000,-0.072,-0.344,-0.014,52.0,4.5,0,3.88,-0.217,54.6,230.7,1.000,11.0,20.2,26.6,33.7,39.7,43.3,45.4,47.3,48.8,50.3,52.0,53.6,56.1,59.1,65.4,80.4,116.1,15.0,5.7
782,15.230,0.000,597.5,188.7,3.6,3,18113,1.000,0.000,-0.069,-0.339,-0.015,52.1,4.5,0,3.95,-0.196,55.2,233.8,1.000,10.9,20.2,26.5,33.7,39.7,43.3,45.5,47.5,49.0,50.5,52.1,53.9,56.4,59.4,65.8,81.0,118.0,15.2,5.8
783,15.250,0.000,598.6,189.5,3.7,3,18184,1.000,0.000,-0.068,-0.332,-0.017,52.3,4.4,0,4.02,-0.176,55.6,236.8,1.000,10.9,20.1,26.5,33.7,39.7,43.4,45.5,47.5,49.0,50.6,52.3,54.0,56.6,59.7,66.1,81.6,119.9,15.4,5.9
784,15.270,0.000,599.7,190.3,3.8,3,18252,1.000,0.000,-0.068,-0.326,-0.018,52.4,4.2,0,4.10,-0.159,56.1,239.7,1.000,10.8,20.0,26.4,33.6,39.7,43.3,45.5,47.6,49.1,50.7,52.4,54.1,56.7,59.8,66.3,82.1,121.7,15.6,5.9
785,15.290,0.000,600.8,191.1,3.8,3,18323,1.000,0.000,-0.068,-0.319,-0.020,52.4,4.1,0,4.17,-0.141,56.5,242.7,1.000,10.7,19.9,26.2,33.5,39.6,43.3,45.5,47.5,49.1,50.7,52.4,54.2,56.8,59.9,66.5,82.5,123.5,15.8,6.0
786,15.310,0.000,601.8,191.9,3.7,3,18391,1.000,0.000,-0.068,-0.312,-0.022,52.4,4.0,0,4.25,-0.123,57.0,245.7,1.000,10.7,19.7,26.1,33.4,39.5,43.2,45.4,47.5,49.1,50.7,52.4,54.2,56.8,60.0,66.7,83.0,125.3,16.1,6.1
787,15.330,0.000,602.9,192.7,3.7,3,18458,1.000,0.000,-0.067,-0.304,-0.023,52.4,3.8,0,4.34,-0.104,57.4,248.9,1.000,10.6,19.6,26.0,33.3,39.4,43.2,45.4,47.5,49.0,50.7,52.4,54.2,56.9,60.1,66.9,83.3,127.2,16.3,6.1
788,15.350,0.000,604.0,193.5,3.7,3,18528,1.000,0.000,-0.060,-0.297,-0.025,52.4,3.6,0,4.42,-0.073,57.8,252.2,1.000,10.5,19.5,25.8,33.1,39.3,43.1,45.3,47.4,49.0,50.7,52.4,54.2,56.9,60.2,67.0,83.7,129.2,16.6,6.2
789,15.370,0.000,605.1,194.4,3.6,3,18594,1.000,0.000,-0.055,-0.289,-0.026,52.3,3.4,0,4.49,-0.047,58.2,254.4,1.000,10.4,19.4,25.7,33.0,39.2,43.0,45.2,47.3,48.9,50.6,52.3,54.2,56.9,60.2,67.1,84.0,130.5,16.9,6.3
790,15.390,0.000,606.2,195.2,3.5,3,18659,1.000,0.000,-0.053,-0.280,-0.028,52.2,3.1,0,4.54,-0.030,58.5,255.7,1.000,10.4,19.2,25.5,32.8,39.0,42.8,45.1,47.2,48.8,50.5,52.2,54.1,56.8,60.2,67.1,84.2,131.2,17.2,6.4
791,15.410,0.000,607.3,195.5,3.3,4,15113,1.000,0.000,-0.056,-0.272,-0.030,52.0,-13.3,0,4.58,-0.016,58.9,256.3,1.000,10.3,19.1,25.3,32.6,38.7,42.6,44.8,46.9,48.6,50.2,52.0,53.9,56.6,60.0,67.0,84.2,131.5,17.5,6.5
792,15.430,0.000,608.4,195.2,2.9,4,15088,1.000,0.000,-0.063,-0.263,-0.033,51.7,-14.3,0,4.62,-0.007,59.2,256.2,1.000,10.2,18.9,25.1,32.3,38.4,42.2,44.5,46.6,48.2,49.9,51.7,53.5,56.3,59.6,66.7,84.0,131.5,17.9,6.6
793,15.450,0.000,609.5,194.9,2.6,4,14436,1.000,0.000,-0.071,-0.254,-0.035,51.4,-15.1,0,4.66,-0.004,59.5,256.3,1.000,10.1,18.7,24.9,32.0,38.2,41.9,44.2,46.3,47.9,49.6,51.4,53.3,56.0,59.4,66.5,84.0,131.5,18.3,6.7
794,15.470,0.000,610.6,195.1,2.5,4,14962,1.000,0.000,-0.073,-0.245,-0.036,51.4,-2.5,0,4.69,-0.001,59.9,256.9,1.000,10.0,18.6,24.7,31.9,38.0,41.8,44.1,46.3,47.9,49.6,51.4,53.2,56.0,59.5,66.6,84.3,131.9,18.6,6.8
795,15.490,0.000,611.7,195.7,2.7,4,15031,1.000,0.000,-0.095,-0.236,-0.037,51.5,-1.5,0,4.72,0.005,60.2,257.8,1.000,10.0,18.5,24.6,31.8,38.0,41.9,44.2,46.3,48.0,49.7,51.5,53.4,56.3,59.7,67.0,85.0,132.5,18.8,6.8
796,15.510,0.000,612.8,196.2,2.8,4,15070,1.000,0.000,-0.108,-0.227,-0.036,51.9,-1.5,0,4.73,0.011,60.4,259.1,1.000,9.9,18.4,24.6,31.8,38.1,42.1,44.4,46.6,48.3,50.0,51.9,53.8,56.7,60.3,67.7,86.2,133.2,18.9,6.9
797,15.530,0.000,613.9,196.8,3.1,4,15109,1.000,0.000,-0.114,-0.218,-0.034,52.5,-1.5,0,4.73,0.017,60.7,260.5,1.000,9.8,18.4,24.6,32.0,38.4,42.4,44.8,47.0,48.8,50.6,52.5,54.4,57.4,61.0,68.7,87.8,134.0,18.9,7.0
798,15.550,0.000,615.0,197.4,3.3,4,15148,1.000,0.000,-0.115,-0.209,-0.031,53.2,-1.5,0,4.71,0.025,61.1,261.9,1.000,9.8,18.4,24.7,32.2,38.7,42.8,45.3,47.6,49.4,51.2,53.2,55.2,58.2,62.0,69.9,89.9,134.8,18.9,7.0
799,15.570,0.000,616.1,197.9,3.6,4,15191,1.000,0.000,-0.113,-0.200,-0.029,53.9,-1.4,0,4.69,0.031,61.3,263.1,1.000,9.7,18.4,24.8,32.4,39.1,43.3,45.8,48.2,50.0,51.9,53.9,56.0,59.2,63.0,71.1,92.2,135.5,18.8,7.1
800,15.590,0.000,617.2,198.5,3.8,4,15235,1.000,0.000,-0.110,-0.192,-0.026,54.7,-1.4,0,4.67,0.037,61.6,264.1,1.000,9.7,18.4,24.9,32.6,39.5,43.8,46.4,48.8,50.7,52.6,54.7,56.9,60.1,64.1,72.4,94.7,136.1,18.8,7.1
801,15.610,0.000,618.3,199.0,4.0,4,15281,1.000,0.000,-0.107,-0.183,-0.024,55.4,-1.3,0,4.65,0.044,61.9,264.7,1.000,9.7,18.4,24.9,32.8,39.8,44.3,46.9,49.4,51.3,53.3,55.4,57.7,61.0,65.1,73.7,97.3,136.4,18.8,7.2
802,15.630,0.000,619.4,199.5,4.1,4,15326,1.000,0.000,-0.103,-0.175,-0.022,56.2,-1.2,0,4.62,0.050,62.1,265.2,1.000,9.6,18.4,25.0,33.1,40.2,44.7,47.4,50.0,52.0,54.0,56.2,58.5,61.9,66.1,74.9,100.2,136.7,18.7,7.3
803,15.650,0.000,620.5,200.1,4.1,4,15371,1.000,0.000,-0.098,-0.168,-0.020,57.0,-1.2,0,4.60,0.056,62.4,265.5,1.000,9.6,18.4,25.1,33.3,40.6,45.2,48.0,50.6,52.6,54.7,57.0,59.3,62.8,67.1,76.2,103.3,136.8,18.7,7.3
804,15.670,0.000,621.6,200.6,4.2,4,15412,1.000,0.000,-0.092,-0.160,-0.018,57.7,-1.2,0,4.57,0.064,62.7,265.6,1.000,9.5,18.4,25.2,33.5,40.9,45.7,48.5,51.2,53.3,55.4,57.7,60.1,63.7,68.2,77.6,106.7,136.9,18.7,7.4
805,15.690,0.000,622.7,201.2,4.2,4,15451,1.000,0.000,-0.086,-0.153,-0.015,58.5,-1.3,0,4.55,0.070,63.0,265.6,1.000,9.5,18.4,25.2,33.7,41.3,46.1,49.0,51.8,53.9,56.1,58.5,60.9,64.6,69.2,79.0,110.3,136.9,18.7,7.4
806,15.710,0.000,623.9,201.7,4.2,4,15489,1.000,0.000,-0.080,-0.147,-0.014,59.2,-1.5,0,4.52,0.077,63.3,265.3,1.000,9.5,18.4,25.3,33.9,41.6,46.5,49.5,52.3,54.5,56.8,59.2,61.7,65.5,70.2,80.5,112.8,136.8,18.7,7.4
807,15.730,0.000,625.0,202.3,4.1,4,15526,1.000,0.000,-0.075,-0.140,-0.012,59.8,-1.7,0,4.48,0.084,63.6,266.1,1.000,9.4,18.4,25.4,34.0,41.9,46.9,50.0,52.8,55.1,57.4,59.8,62.4,66.3,71.1,81.9,114.3,136.6,18.7,7.5
808,15.750,0.000,626.1,202.8,4.0,4,15560,1.000,0.000,-0.000,-0.134,-0.011,60.4,-1.9,0,2.42,0.091,63.9,267.4,1.000,9.4,18.4,25.4,34.2,42.1,47.2,50.3,53.3,55.5,57.9,60.4,63.0,67.0,71.9,83.3,115.2,52.9,18.7,7.5
809,15.770,0.000,627.3,203.4,3.9,4,15590,1.000,0.000,-0.007,-0.128,-0.012,60.4,-2.5,0,2.44,0.098,64.2,267.5,1.000,9.3,18.3,25.3,34.0,42.0,47.2,50.3,53.2,55.5,57.9,60.4,63.1,67.0,72.0,83.8,115.2,53.6,18.8,7.6
810,15.790,0.000,628.4,204.0,3.4,4,15616,1.000,0.000,-0.095,-0.122,-0.016,59.6,-3.0,0,4.46,0.105,64.5,266.2,1.000,9.3,18.1,24.9,33.6,41.5,46.5,49.6,52.5,54.7,57.1,59.6,62.3,66.2,71.2,82.9,114.2,134.4,19.2,7.7
811,15.810,0.000,629.5,204.6,2.6,4,15651,1.000,0.000,-0.111,-0.116,-0.018,59.0,-2.9,0,4.48,0.111,64.7,265.2,1.000,9.2,17.9,24.7,33.2,41.0,46.0,49.1,52.0,54.2,56.5,59.0,61.6,65.6,70.6,82.4,113.4,133.4,19.5,7.7
812,15.830,0.000,630.7,205.2,2.3,4,15694,1.000,0.000,-0.111,-0.111,-0.018,59.2,-2.8,0,4.45,0.118,65.0,265.3,1.000,9.1,17.8,24.6,33.2,41.0,46.1,49.2,52.1,54.3,56.7,59.2,61.9,65.9,71.1,83.4,113.5,132.8,19.6,7.8
813,15.850,0.000,631.8,205.7,2.5,4,15742,1.000,0.000,-0.099,-0.105,-0.016,60.1,-2.7,0,4.39,0.126,65.4,266.2,1.000,9.1,17.8,24.7,33.4,41.4,46.6,49.8,52.8,55.1,57.5,60.1,62.8,67.0,72.5,85.7,114.2,132.5,19.6,7.8
814,15.870,0.000,633.0,206.2,2.8,4,15791,1.000,0.000,-0.015,-0.100,-0.013,61.3,-2.7,0,2.40,0.134,65.7,267.2,1.000,9.1,17.9,24.9,33.8,42.0,47.4,50.6,53.7,56.1,58.6,61.3,64.1,68.5,74.4,88.8,114.9,49.8,19.4,7.8
815,15.890,0.000,634.1,206.8,3.2,4,15830,1.000,0.000,-0.006,-0.095,-0.012,62.0,-3.0,0,2.35,0.142,66.0,267.5,1.000,9.1,17.9,24.9,34.0,42.3,47.8,51.1,54.3,56.7,59.3,62.0,64.9,69.6,75.8,91.2,115.1,47.4,19.4,7.9
816,15.910,0.000,635.3,207.4,3.1,4,15862,1.000,0.000,-0.014,-0.089,-0.013,61.7,-3.4,0,2.39,0.152,66.5,266.5,1.000,9.0,17.8,24.8,33.7,42.0,47.5,50.8,53.9,56.4,58.9,61.7,64.7,69.4,75.7,91.4,114.4,48.9,19.6,7.9
817,15.930,0.000,636.4,208.0,2.6,4,15895,1.000,0.000,-0.032,-0.084,-0.017,60.9,-3.6,0,2.48,0.161,66.8,265.0,1.000,8.9,17.6,24.4,33.2,41.5,46.8,50.1,53.2,55.6,58.1,60.9,63.8,68.5,74.9,90.6,113.3,53.1,20.0,8.0
818,15.950,0.000,637.6,208.6,2.1,4,15932,1.000,0.000,-0.052,-0.078,-0.020,60.1,-3.8,0,2.64,0.170,67.2,263.4,1.000,8.9,17.4,24.1,32.8,40.9,46.2,49.4,52.5,54.8,57.4,60.1,63.0,67.7,74.0,89.8,112.2,60.4,20.3,8.1
819,15.970,0.000,638.7,209.1,1.7,4,15973,1.000,0.000,-0.063,-0.072,-0.022,59.6,-3.9,0,2.74,0.181,67.7,262.3,1.000,8.8,17.2,23.9,32.5,40.5,45.8,49.0,52.1,54.4,56.9,59.6,62.6,67.4,73.8,89.8,111.3,64.1,20.6,8.1
820,15.990,0.000,639.9,209.7,1.7,4,16016,1.000,0.000,-0.063,-0.066,-0.022,59.7,-3.8,0,2.72,0.193,68.2,261.5,1.000,8.8,17.1,23.8,32.4,40.4,45.7,48.9,52.0,54.4,56.9,59.7,62.7,67.6,74.2,90.9,110.8,63.0,20.8,8.2
821,16.012,0.000,641.2,210.3,1.8,4,16064,1.000,0.000,-0.056,-0.060,-0.022,60.1,-3.9,0,2.65,0.207,68.8,261.0,1.000,8.7,17.1,23.7,32.4,40.5,45.8,49.1,52.2,54.6,57.2,60.1,63.3,68.4,75.3,92.9,110.4,59.7,20.8,8.3
822,16.034,0.000,642.5,210.9,2.0,4,16112,1.000,0.000,-0.046,-0.053,-0.021,60.7,-3.9,0,2.58,0.221,69.4,260.6,1.000,8.7,17.0,23.7,32.4,40.6,46.0,49.3,52.5,55.0,57.7,60.7,64.0,69.4,76.8,94.3,110.1,56.8,20.9,8.3
823,16.056,0.000,643.8,211.5,2.2,4,16158,1.000,0.000,-0.038,-0.047,-0.020,61.2,-3.9,0,2.53,0.237,70.1,259.9,1.000,8.6,17.0,23.7,32.4,40.7,46.1,49.5,52.7,55.3,58.1,61.2,64.7,70.4,78.1,94.9,109.6,55.1,21.0,8.4
824,16.078,0.000,645.1,212.2,2.2,4,16202,1.000,0.000,-0.034,-0.040,-0.021,61.5,-4.0,0,2.52,0.255,70.9,259.0,1.000,8.6,16.9,23.6,32.3,40.6,46.1,49.5,52.8,55.4,58.3,61.5,65.2,71.0,79.2,95.0,108.9,54.6,21.1,8.4
825,16.100,0.000,646.4,212.8,2.1,4,16246,1.000,0.000,-0.033,-0.033,-0.021,61.6,-4.1,0,2.52,0.274,71.7,257.8,1.000,8.5,16.7,23.4,32.1,40.4,45.9,49.3,52.6,55.3,58.3,61.6,65.3,71.3,79.8,94.7,108.1,54.9,21.3,8.5
826,16.122,0.000,647.7,213.4,2.0,4,16289,1.000,0.000,-0.033,-0.026,-0.023,61.5,-4.3,0,2.54,0.297,72.6,256.5,1.000,8.4,16.6,23.2,31.8,40.1,45.6,49.0,52.4,55.1,58.1,61.5,65.3,71.5,80.2,94.2,107.2,55.6,21.6,8.6
827,16.144,0.000,649.0,214.0,1.8,4,16333,1.000,0.000,-0.032,-0.019,-0.024,61.3,-4.4,0,2.56,0.321,73.7,255.1,1.000,8.4,16.4,23.0,31.6,39.8,45.2,48.6,52.1,54.8,57.9,61.3,65.2,71.6,80.5,93.6,106.2,56.3,21.8,8.6
828,16.166,0.000,650.3,214.7,1.7,4,16376,1.000,0.000,-0.031,-0.012,-0.026,61.2,-4.5,0,2.58,0.347,74.7,253.6,1.000,8.3,16.3,22.8,31.3,39.4,44.9,48.3,51.7,54.5,57.7,61.2,65.1,71.6,80.9,92.9,105.2,57.0,22.1,8.7
829,16.188,0.000,651.6,215.3,1.6,4,16421,1.000,0.000,-0.030,-0.005,-0.027,61.0,-4.6,0,2.59,0.375,75.9,252.1,1.000,8.2,16.1,22.5,31.0,39.1,44.5,47.9,51.4,54.3,57.4,61.0,65.0,71.7,81.2,92.1,104.1,57.5,22.4,8.8
830,16.210,0.000,652.9,215.9,1.5,4,16467,1.000,0.000,-0.029,0.003,-0.029,60.8,-4.7,0,2.61,0.400,77.0,250.6,1.000,8.2,16.0,22.3,30.6,38.7,44.1,47.6,51.1,54.0,57.2,60.8,64.9,71.8,81.3,91.4,103.0,58.0,22.7,8.9
831,16.232,0.000,654.2,216.5,1.5,4,16510,1.000,0.000,-0.031,0.011,-0.030,60.6,-4.8,0,2.63,0.423,78.0,249.0,1.000,8.1,15.8,22.1,30.3,38.3,43.7,47.2,50.8,53.7,56.9,60.6,64.8,71.8,81.2,90.5,102.0,58.5,23.0,9.0
832,16.254,0.000,655.6,217.1,1.4,4,16556,1.000,0.000,-0.034,0.019,-0.032,60.5,-4.8,0,2.64,0.441,78.7,247.4,1.000,8.0,15.6,21.8,30.0,37.9,43.3,46.8,50.5,53.4,56.7,60.5,64.8,72.0,80.9,89.7,100.9,58.9,23.3,9.0
833,16.276,0.000,656.9,217.7,1.4,4,16601,1.000,0.000,-0.039,0.028,-0.033,60.5,-4.9,0,2.65,0.453,79.3,245.8,1.000,7.9,15.5,21.6,29.7,37.6,43.0,46.6,50.2,53.2,56.6,60.5,64.9,72.3,80.6,88.9,99.8,59.0,23.6,9.1
834,16.298,0.000,658.2,218.4,1.4,4,16646,1.000,0.000,-0.044,0.037,-0.033,60.7,-4.9,0,2.64,0.460,79.6,244.4,1.000,7.9,15.3,21.4,29.5,37.3,42.8,46.4,50.1,53.2,56.7,60.7,65.2,72.9,80.4,88.2,98.8,58.7,23.8,9.2
835,16.320,0.000,659.5,219.0,1.4,4,16693,1.000,0.000,-0.049,0.046,-0.034,61.1,-4.9,0,2.61,0.460,79.6,242.9,1.000,7.8,15.2,21.2,29.3,37.1,42.7,46.4,50.2,53.4,57.0,61.1,65.9,73.9,80.2,87.5,97.9,58.1,24.0,9.3
836,16.342,0.000,660.9,219.6,1.6,4,16738,1.000,0.000,-0.053,0.055,-0.033,61.9,-4.9,0,2.57,0.457,79.4,241.6,1.000,7.7,15.1,21.1,29.1,37.0,42.7,46.6,50.6,53.9,57.6,61.9,67.0,74.7,80.0,87.0,97.0,57.1,24.2,9.4
837,16.364,0.000,662.2,220.2,1.7,4,16784,1.000,0.000,-0.056,0.064,-0.032,63.1,-4.9,0,2.51,0.449,79.1,240.4,1.000,7.6,15.0,21.0,29.1,37.1,43.0,47.0,51.1,54.6,58.6,63.1,68.5,75.3,80.0,86.5,96.2,55.9,24.3,9.4
838,16.386,0.000,663.6,220.8,1.9,4,16829,1.000,0.000,-0.057,0.073,-0.031,64.8,-4.9,0,2.43,0.440,78.7,239.2,1.000,7.6,14.9,20.9,29.0,37.2,43.4,47.5,51.9,55.6,59.8,64.8,70.4,75.7,79.9,86.0,95.4,54.5,24.4,9.5
839,16.408,0.000,664.9,221.4,2.1,4,16875,1.000,0.000,-0.057,0.082,-0.029,66.8,-4.9,0,2.35,0.430,78.3,238.1,1.000,7.5,14.8,20.9,29.1,37.5,43.9,48.3,53.0,56.9,61.5,66.8,71.6,75.9,79.8,85.6,94.6,53.0,24.4,9.6
840,16.430,0.000,666.3,221.9,2.2,4,16920,1.000,0.000,-0.057,0.091,-0.028,68.7,-4.9,0,2.26,0.417,77.8,237.0,1.000,7.5,14.8,20.8,29.1,37.8,44.6,49.2,54.2,58.5,63.4,68.7,72.3,76.1,79.6,85.1,93.9,51.6,24.4,9.6
841,16.452,0.000,667.6,222.5,2.4,4,16963,1.000,0.000,-0.057,0.099,-0.026,69.7,-5.0,0,2.18,0.404,77.2,235.8,1.000,7.4,14.7,20.8,29.2,38.2,45.3,50.3,55.6,60.2,65.6,69.7,72.7,76.1,79.4,84.6,93.1,50.3,24.4,9.7
842,16.474,0.000,669.0,223.1,2.5,4,17007,1.000,0.000,-0.057,0.107,-0.024,70.2,-5.0,0,2.10,0.390,76.6,234.5,1.000,7.4,14.7,20.8,29.3,38.7,46.2,51.5,57.3,62.3,67.0,70.2,72.8,75.9,79.0,84.1,92.3,49.1,24.4,9.7
843,16.496,0.000,670.3,223.7,2.5,4,17049,1.000,0.000,-0.058,0.115,-0.022,70.5,-5.1,0,2.02,0.375,76.0,233.2,1.000,7.3,14.6,20.8,29.4,39.2,47.2,52.9,59.1,64.2,67.7,70.5,72.8,75.7,78.6,83.5,91.5,47.9,24.4,9.8
844,16.518,0.000,671.7,224.3,2.6,4,17092,1.000,0.000,-0.059,0.123,-0.020,70.5,-5.1,0,1.94,0.359,75.3,231.9,1.000,7.3,14.6,20.8,29.6,39.9,48.3,54.4,61.2,65.2,68.1,70.5,72.7,75.4,78.2,82.8,90.6,46.8,24.3,9.8
845,16.540,0.000,673.1,224.8,2.6,4,17136,1.000,0.000,-0.060,0.130,-0.018,70.5,-5.1,0,1.87,0.341,74.5,230.6,1.000,7.2,14.5,20.8,29.8,40.6,49.6,56.2,62.7,65.8,68.3,70.5,72.5,75.0,77.7,82.2,89.8,45.8,24.3,9.9
846,16.562,0.000,674.5,225.4,2.6,4,17176,1.000,0.000,-0.061,0.136,-0.016,70.4,-5.2,0,1.80,0.323,73.8,229.2,1.000,7.2,14.5,20.8,30.1,41.5,51.1,58.4,63.5,66.1,68.3,70.4,72.2,74.7,77.2,81.5,88.9,44.7,24.2,9.9
847,16.584,0.000,675.8,226.0,2.7,4,17220,1.000,0.000,-0.061,0.143,-0.014,70.2,-5.2,0,1.73,0.305,73.0,227.8,1.000,7.1,14.5,20.8,30.5,42.5,53.0,59.9,63.9,66.2,68.3,70.2,71.9,74.2,76.7,80.8,88.0,43.7,24.1,9.9
848,16.606,0.000,677.2,226.6,2.7,4,17260,0.000,0.000,-0.061,0.148,-0.012,69.9,-5.3,0,1.65,0.286,72.2,226.4,1.000,7.1,14.5,20.9,31.0,43.7,55.1,60.7,64.1,66.2,68.1,69.9,71.6,73.8,76.1,80.1,87.1,42.6,23.9,10.0
849,16.628,0.000,678.6,226.3,2.7,4,16700,0.000,0.000,-0.061,0.154,-0.010,69.6,-19.0,0,1.59,0.266,71.3,224.9,1.000,7.1,14.5,21.0,31.5,45.1,56.8,61.2,64.2,66.1,67.9,69.6,71.2,73.3,75.5,79.4,86.2,41.6,23.8,10.0
850,16.650,0.000,680.0,225.7,2.7,4,16647,0.000,0.000,-0.058,0.159,-0.007,69.3,-19.3,0,1.52,0.246,70.5,223.5,1.000,7.0,14.5,21.2,32.2,46.9,57.9,61.6,64.3,66.1,67.7,69.3,70.8,72.8,74.9,78.7,85.4,40.5,23.5,10.0
851,16.672,0.000,681.3,225.0,2.9,4,16598,0.000,0.028,-0.052,0.163,-0.003,69.0,-19.3,0,1.44,0.226,69.6,222.2,0.693,7.0,14.6,21.5,33.1,49.3,58.6,61.8,64.3,66.0,67.5,69.0,70.5,72.4,74.4,78.1,84.6,39.3,23.2,10.0
852,16.694,0.000,682.7,224.3,3.1,4,16534,0.000,0.059,-0.044,0.166,0.000,68.8,-18.7,0,1.36,0.205,68.8,220.9,0.478,7.0,14.7,21.9,34.3,51.9,59.1,62.0,64.3,65.9,67.3,68.8,70.1,71.9,73.9,77.5,83.8,38.1,22.9,10.0
853,16.716,0.000,684.1,223.6,3.2,4,16463,0.000,0.090,-0.038,0.169,0.003,68.4,-17.9,0,1.30,0.184,68.4,219.5,0.328,7.0,14.8,22.3,35.5,53.1,59.3,62.0,64.2,65.6,67.0,68.4,69.7,71.4,73.4,76.8,82.9,37.0,22.6,10.0
854,16.738,0.000,685.4,222.7,3.2,4,16384,0.000,0.123,-0.035,0.171,0.006,67.9,-17.1,0,1.24,0.163,67.9,218.0,0.222,7.0,14.9,22.7,36.7,53.8,59.3,61.8,63.8,65.2,66.6,67.9,69.1,70.8,72.7,76.0,82.0,36.1,22.3,10.0
855,16.760,0.000,686.8,221.7,3.2,4,16299,0.000,0.159,-0.035,0.173,0.008,67.2,-16.2,0,1.19,0.142,67.2,216.3,0.000,7.0,15.0,23.0,37.9,54.0,59.0,61.4,63.4,64.7,66.0,67.2,68.4,70.1,71.9,75.1,81.0,35.3,22.1,10.0
856,16.782,0.000,688.1,220.6,3.0,4,16203,0.000,0.194,-0.037,0.174,0.010,66.5,-15.3,0,1.15,0.120,66.5,214.6,0.000,7.0,15.1,23.4,39.2,54.0,58.7,60.9,62.8,64.1,65.3,66.5,67.7,69.3,71.0,74.2,80.0,34.6,21.9,9.9
857,16.804,0.000,689.5,219.5,2.9,4,16099,0.000,0.225,-0.038,0.175,0.012,65.8,-14.4,0,1.10,0.098,65.8,212.8,0.000,7.0,15.3,23.9,40.5,53.8,58.2,60.4,62.2,63.4,64.6,65.8,66.9,68.4,70.2,73.2,78.9,33.9,21.6,9.9
858,16.826,0.000,690.8,218.2,2.8,4,15991,0.000,0.252,-0.039,0.175,0.013,65.0,-13.5,0,1.05,0.077,65.0,211.0,0.000,7.1,15.4,24.3,42.1,53.6,57.8,59.8,61.5,62.7,63.9,65.0,66.1,67.6,69.3,72.3,77.9,33.2,21.4,9.9
859,16.848,0.000,692.1,216.8,2.7,4,15876,0.000,0.273,0.021,0.174,0.015,64.3,-12.7,0,1.00,0.000,64.3,209.2,0.000,7.1,15.6,24.9,43.3,53.4,57.3,59.3,60.9,62.1,63.2,64.3,65.3,66.8,68.4,71.4,76.8,32.5,21.1,9.9
860,16.870,0.000,693.5,215.4,2.7,4,15762,0.000,0.313,0.020,0.174,0.015,63.2,-12.6,0,0.98,0.000,63.2,207.0,0.000,7.1,15.8,25.2,43.4,52.7,56.5,58.4,60.0,61.1,62.2,63.2,64.3,65.7,67.3,70.2,75.6,32.1,20.9,9.8
861,16.892,0.000,694.8,213.9,2.1,4,15632,0.000,0.375,0.004,0.173,0.012,61.8,-12.0,0,0.98,0.000,61.8,204.2,0.000,7.1,15.8,25.2,42.7,51.5,55.2,57.1,58.6,59.7,60.8,61.8,62.9,64.3,65.8,68.7,74.0,32.2,20.9,9.8
862,16.914,0.000,696.1,212.2,1.4,4,15478,0.000,0.437,-0.003,0.173,0.010,60.4,-10.2,0,1.00,0.000,60.4,201.3,0.000,7.1,15.7,25.1,41.9,50.3,53.9,55.7,57.2,58.3,59.3,60.4,61.4,62.8,64.3,67.1,72.4,32.3,21.0,9.9
863,16.936,0.000,697.4,210.3,0.9,4,15328,0.000,0.485,-0.005,0.172,0.010,59.0,-7.6,0,1.00,0.000,59.0,198.5,0.000,7.1,15.7,25.1,41.2,49.2,52.7,54.4,55.9,57.0,58.0,59.0,60.0,61.3,62.9,65.6,70.8,32.3,21.0,9.8
864,16.958,0.000,698.6,208.3,0.7,4,15146,0.000,0.522,-0.005,0.170,0.010,57.7,-5.7,0,1.01,0.000,57.7,195.8,0.000,7.1,15.7,25.1,40.6,48.2,51.5,53.2,54.7,55.7,56.7,57.7,58.7,60.0,61.5,64.2,69.3,32.3,21.0,9.8
865,16.980,0.000,699.9,206.2,0.5,4,14956,0.000,0.552,-0.003,0.169,0.010,56.4,-4.0,0,1.01,0.000,56.4,193.1,0.000,7.1,15.8,25.2,40.0,47.2,50.4,52.1,53.5,54.5,55.5,56.4,57.4,58.7,60.2,62.8,67.9,32.2,20.9,9.8
866,17.002,0.000,701.2,204.0,0.5,4,14764,0.000,0.575,-0.000,0.167,0.011,55.2,-2.7,0,1.00,0.000,55.2,190.4,0.000,7.1,15.8,25.3,39.4,46.2,49.4,51.0,52.4,53.3,54.3,55.2,56.1,57.4,58.9,61.5,66.5,32.1,20.9,9.8
867,17.024,0.000,702.4,201.7,0.5,4,14570,0.000,0.595,0.002,0.165,0.011,54.0,-2.8,0,1.01,0.000,54.0,187.8,0.000,7.2,15.9,25.4,38.7,45.3,48.3,49.9,51.2,52.1,53.1,54.0,54.9,56.2,57.6,60.2,65.1,32.0,20.8,9.8
868,17.046,0.000,703.6,199.3,0.4,4,14379,0.000,0.615,0.003,0.164,0.012,52.8,-1.5,0,1.01,0.000,52.8,185.0,0.000,7.2,16.0,25.5,38.0,44.3,47.2,48.7,50.0,51.0,51.9,52.8,53.7,54.9,56.3,58.8,63.7,32.3,20.8,9.8
869,17.068,0.000,704.8,196.9,0.4,4,14226,0.000,0.635,0.003,0.162,0.012,51.5,1.5,0,1.03,0.000,51.5,182.2,0.000,7.2,16.0,25.6,37.3,43.3,46.1,47.6,48.9,49.8,50.7,51.5,52.4,53.6,55.0,57.5,62.3,33.2,20.7,9.7
870,17.090,0.000,706.0,194.5,0.3,4,14022,0.000,0.656,-0.197,0.160,0.012,50.3,4.0,0,2.06,-0.438,50.3,179.4,0.000,7.2,16.0,25.6,36.6,42.3,45.1,46.5,47.7,48.6,49.5,50.3,51.2,52.3,53.7,56.1,60.9,68.3,20.7,9.7
871,17.112,0.000,707.2,192.1,0.0,4,13811,0.000,0.654,-0.378,0.157,0.014,49.4,11.5,0,2.03,-0.486,49.4,177.1,0.000,7.3,16.2,26.1,36.2,41.6,44.3,45.7,46.9,47.7,48.6,49.4,50.2,51.4,52.7,55.1,59.8,67.1,20.5,9.7
872,17.134,0.000,708.4,189.8,0.7,4,13615,0.000,0.296,-0.332,0.154,0.025,49.2,23.6,0,1.95,-0.462,49.2,176.1,0.000,7.4,16.8,27.2,36.5,41.7,44.2,45.6,46.7,47.5,48.4,49.2,50.0,51.1,52.4,54.7,59.3,66.5,19.9,9.6
873,17.156,0.000,709.5,187.7,2.1,4,13676,0.000,0.493,-0.132,0.150,0.040,49.4,13.8,0,0.78,0.000,49.4,176.0,0.000,7.5,17.8,28.6,37.2,42.2,44.6,45.9,47.0,47.8,48.6,49.4,50.2,51.2,52.5,54.8,59.2,30.0,19.0,9.4
874,17.178,0.000,710.7,185.7,3.9,4,13389,0.000,0.386,0.068,0.144,0.057,49.7,8.3,0,0.62,0.000,49.7,176.1,0.000,7.7,19.0,29.8,38.0,42.7,45.1,46.3,47.4,48.2,48.9,49.7,50.4,51.5,52.7,54.9,59.3,27.0,18.1,9.2
875,17.200,0.000,711.8,183.6,5.3,4,13297,0.000,0.323,0.261,0.137,0.069,49.5,-1.4,0,0.52,0.000,49.5,175.3,0.000,7.9,19.9,30.4,38.1,42.7,45.0,46.2,47.3,48.0,48.8,49.5,50.2,51.3,52.4,54.6,58.9,25.6,17.5,9.0
876,17.222,0.000,712.9,181.9,5.4,4,13235,0.000,0.385,0.264,0.129,0.068,48.3,-3.7,0,0.54,0.000,48.3,172.4,0.000,8.0,20.1,29.9,37.2,41.7,43.9,45.1,46.1,46.8,47.5,48.3,49.0,50.0,51.1,53.3,57.5,26.4,17.4,9.0
877,17.244,0.000,714.0,180.3,3.5,4,13110,0.000,0.556,0.162,0.122,0.055,46.0,-1.7,0,1.72,0.000,46.0,167.4,0.000,7.9,19.3,28.2,35.2,39.5,41.7,42.8,43.8,44.5,45.3,46.0,46.7,47.7,48.8,50.9,55.1,61.8,17.9,9.0
878,17.266,0.000,715.1,178.4,0.7,4,12861,0.000,0.751,0.074,0.116,0.036,43.3,3.3,0,1.82,0.000,43.3,161.6,0.000,7.8,18.2,26.4,33.0,37.1,39.2,40.3,41.2,41.9,42.6,43.3,44.0,45.0,46.1,48.2,52.3,59.0,18.6,9.1
879,17.288,0.000,716.2,176.2,-1.7,4,12512,0.000,0.939,-0.002,0.110,0.020,41.0,15.0,0,1.92,0.000,41.0,155.7,0.000,7.7,17.4,24.8,31.0,34.9,36.9,38.0,38.9,39.6,40.3,41.0,41.6,42.6,43.7,45.7,49.8,56.5,19.5,9.2
880,17.310,0.000,717.3,173.7,-3.2,4,12078,0.000,0.500,-0.202,0.105,0.009,39.1,35.2,0,2.00,-0.810,39.1,150.5,0.000,7.7,16.9,23.7,29.5,33.2,35.1,36.2,37.1,37.7,38.4,39.1,39.7,40.6,41.7,43.7,47.7,54.3,20.6,9.3
881,17.332,0.000,718.3,171.2,-3.9,3,14853,0.000,0.500,-0.402,0.100,0.004,37.7,36.3,0,2.06,-0.810,37.7,146.9,0.000,7.7,16.7,23.0,28.4,32.0,33.9,34.9,35.7,36.4,37.0,37.7,38.3,39.2,40.2,42.2,46.1,52.6,21.7,9.3
882,17.354,0.000,719.3,169.2,-3.5,3,14789,0.000,0.500,-0.529,0.095,0.007,36.9,34.9,0,2.07,-0.671,36.9,144.9,0.000,7.7,16.8,22.8,28.0,31.4,33.2,34.2,35.1,35.7,36.3,36.9,37.5,38.4,39.4,41.3,45.2,51.6,22.3,9.2
883,17.376,0.000,720.4,167.2,-2.1,3,14762,0.000,0.500,-0.377,0.090,0.020,36.8,33.8,0,1.99,-0.498,36.8,144.6,0.000,7.9,17.2,23.0,28.1,31.5,33.2,34.2,35.0,35.6,36.2,36.8,37.4,38.3,39.3,41.1,44.9,51.3,21.6,9.1
884,17.398,0.000,721.4,165.0,-0.0,3,14524,0.000,0.453,-0.411,0.084,0.038,37.0,31.0,0,1.87,-0.705,37.0,145.3,0.000,8.1,17.8,23.5,28.5,31.8,33.5,34.4,35.3,35.9,36.4,37.0,37.6,38.5,39.5,41.3,45.0,51.3,20.3,8.9
885,17.420,0.000,722.4,162.9,2.0,3,14330,0.000,0.381,-0.306,0.078,0.058,37.4,27.4,0,1.76,-0.659,37.4,146.1,0.000,8.3,18.3,24.0,28.9,32.2,33.9,34.8,35.6,36.2,36.8,37.4,38.0,38.8,39.8,41.6,45.2,51.4,19.0,8.7
886,17.442,0.000,723.4,160.9,3.9,3,14174,0.000,0.314,-0.301,0.070,0.078,37.7,19.1,0,1.66,-0.801,37.7,146.7,0.000,8.6,18.8,24.5,29.4,32.6,34.2,35.1,35.9,36.5,37.1,37.7,38.3,39.1,40.0,41.8,45.5,51.6,17.9,8.4
887,17.464,0.000,724.4,159.1,5.5,3,14041,0.000,0.552,-0.232,0.060,0.098,37.9,11.7,0,1.57,-0.808,37.9,146.4,0.000,8.9,19.3,24.9,29.7,32.9,34.5,35.4,36.2,36.8,37.3,37.9,38.5,39.3,40.2,42.0,45.6,51.6,17.1,8.2
888,17.486,0.000,725.3,157.2,6.8,3,13612,0.000,0.241,-0.164,0.050,0.116,38.1,16.5,0,1.50,-0.810,38.1,146.0,0.000,9.2,19.7,25.2,30.0,33.1,34.7,35.6,36.4,36.9,37.5,38.1,38.6,39.4,40.4,42.1,45.7,51.6,16.4,8.0
889,17.508,0.000,726.3,155.3,7.8,3,13677,0.000,0.428,-0.105,0.038,0.132,38.0,6.3,0,1.44,-0.810,38.0,145.2,0.000,9.5,19.9,25.4,30.1,33.1,34.7,35.6,36.4,36.9,37.5,38.0,38.6,39.4,40.3,42.0,45.5,51.5,15.9,7.8
890,17.530,0.000,727.2,153.6,8.6,3,13333,0.000,0.441,-0.053,0.024,0.146,37.9,3.9,0,1.40,-0.810,37.9,143.2,0.000,9.7,20.1,25.4,30.0,33.1,34.7,35.5,36.3,36.8,37.4,37.9,38.5,39.3,40.2,41.9,45.3,51.2,15.5,7.7
891,17.552,0.000,728.1,151.7,9.1,3,13104,0.000,0.400,-0.010,0.010,0.159,37.7,2.8,0,1.36,-0.810,37.7,142.2,0.000,9.9,20.1,25.4,29.9,32.9,34.5,35.3,36.0,36.6,37.1,37.7,38.2,39.0,39.9,41.6,45.0,50.8,15.3,7.5
892,17.574,0.000,729.1,149.9,9.3,3,12975,0.000,0.332,0.023,-0.006,0.169,37.3,-0.3,0,1.34,-0.810,37.3,141.7,0.000,10.0,20.1,25.2,29.6,32.6,34.1,34.9,35.7,36.2,36.7,37.3,37.8,38.6,39.4,41.1,44.5,50.3,15.2,7.3
893,17.596,0.000,730.0,148.1,9.1,3,12921,0.000,0.268,0.044,-0.023,0.176,36.7,-5.5,0,1.34,-0.810,36.7,141.3,0.000,10.1,19.9,24.9,29.2,32.1,33.6,34.4,35.1,35.7,36.2,36.7,37.2,38.0,38.9,40.5,43.8,49.6,15.4,7.2
894,17.618,0.000,730.9,146.6,8.5,3,12900,0.000,0.229,0.057,-0.041,0.182,36.0,-9.7,0,1.34,-0.810,36.0,140.6,0.000,10.2,19.7,24.5,28.7,31.5,33.0,33.8,34.5,35.0,35.5,36.0,36.6,37.3,38.1,39.8,43.1,48.7,15.9,7.1
895,17.640,0.000,731.7,145.4,7.6,3,12876,0.000,0.243,0.066,-0.060,0.185,35.3,-10.6,0,1.37,-0.810,35.3,139.0,0.000,10.2,19.3,24.0,28.1,30.8,32.3,33.0,33.7,34.2,34.7,35.3,35.8,36.5,37.3,38.9,42.2,47.8,16.7,7.0
896,17.662,0.000,732.6,144.2,6.5,3,12810,0.000,0.286,0.052,-0.080,0.180,34.3,-9.6,0,1.45,-0.810,34.3,137.0,0.000,10.2,19.0,23.5,27.4,30.0,31.4,32.2,32.9,33.3,33.8,34.3,34.8,35.5,36.4,37.9,41.1,46.7,18.8,7.0
897,17.684,0.000,733.5,143.0,5.2,3,12708,0.000,0.344,-0.114,-0.098,0.159,33.3,-7.3,0,3.63,-0.810,33.3,134.7,0.000,10.1,18.5,22.8,26.6,29.1,30.5,31.2,31.9,32.4,32.8,33.3,33.8,34.5,35.3,36.8,40.0,45.4,53.3,6.9
898,17.706,0.000,734.4,141.8,3.9,3,12552,0.000,0.432,-0.202,-0.115,0.138,32.4,-1.3,0,3.65,-0.810,32.4,131.8,0.000,10.0,18.1,22.2,25.8,28.3,29.6,30.3,31.0,31.4,31.9,32.4,32.8,33.5,34.3,35.8,38.9,44.2,52.0,6.9
899,17.728,0.000,735.3,140.3,3.0,3,12346,0.000,0.477,-0.273,-0.131,0.122,31.6,6.8,0,3.66,-0.810,31.6,129.4,0.000,10.0,17.8,21.7,25.3,27.6,28.9,29.6,30.2,30.7,31.1,31.6,32.1,32.7,33.5,35.0,38.0,43.3,51.1,6.9
900,17.750,0.000,736.1,138.7,2.7,3,12141,0.000,0.467,-0.328,-0.144,0.109,31.1,14.4,0,3.66,-0.810,31.1,128.0,0.000,10.0,17.5,21.4,24.8,27.2,28.4,29.1,29.7,30.2,30.6,31.1,31.5,32.2,32.9,34.4,37.3,42.6,50.3,6.9
901,17.772,0.000,737.0,136.9,2.8,3,11969,0.000,0.210,-0.351,-0.156,0.098,30.6,19.4,0,3.66,-0.772,30.6,127.3,0.000,10.0,17.4,21.2,24.5,26.8,28.0,28.7,29.3,29.7,30.2,30.6,31.1,31.7,32.5,33.9,36.8,42.1,49.7,6.9
902,17.794,0.000,737.8,135.3,3.0,3,12048,0.000,0.359,-0.367,-0.166,0.090,30.3,10.8,0,3.65,-0.740,30.3,127.0,0.000,10.0,17.3,21.0,24.3,26.6,27.8,28.4,29.0,29.5,29.9,30.3,30.8,31.4,32.1,33.5,36.5,41.7,49.3,6.8
903,17.816,0.000,738.7,133.8,3.4,3,11803,0.000,0.285,-0.376,-0.174,0.085,30.2,10.6,0,3.64,-0.718,30.2,127.0,0.000,10.0,17.2,20.9,24.2,26.4,27.6,28.3,28.9,29.3,29.7,30.2,30.6,31.2,32.0,33.4,36.3,41.4,49.0,6.8
904,17.838,0.000,739.5,132.4,3.9,2,14814,0.000,0.206,-0.380,-0.182,0.082,30.1,10.9,0,3.63,-0.707,30.1,127.2,0.000,10.1,17.2,20.9,24.1,26.4,27.6,28.2,28.8,29.2,29.6,30.1,30.5,31.1,31.9,33.3,36.2,41.3,48.9,6.8
905,17.860,0.000,740.3,131.3,4.5,2,14750,0.000,0.151,-0.380,-0.188,0.080,30.1,7.3,0,3.62,-0.702,30.1,127.2,0.000,10.1,17.2,20.9,24.1,26.4,27.6,28.2,28.8,29.2,29.6,30.1,30.5,31.1,31.9,33.2,36.1,41.3,48.8,6.7
906,17.882,0.000,741.1,130.2,5.1,2,14572,0.000,0.095,-0.377,-0.194,0.080,30.1,-0.6,0,3.60,-0.701,30.1,127.3,-0.007,10.1,17.3,21.0,24.2,26.4,27.6,28.3,28.8,29.3,29.7,30.1,30.6,31.2,31.9,33.3,36.2,41.3,48.9,6.7
907,17.904,0.000,742.0,129.2,5.8,2,14428,0.000,0.030,-0.368,-0.199,0.082,30.3,-5.7,0,3.59,-0.706,30.3,127.6,-0.012,10.2,17.4,21.1,24.3,26.5,27.7,28.4,29.0,29.4,29.8,30.3,30.7,31.3,32.0,33.4,36.3,41.4,49.0,6.6
908,17.926,0.000,742.8,128.3,6.6,2,14372,0.000,0.000,-0.356,-0.203,0.085,30.5,-9.9,0,3.57,-0.717,30.5,128.1,0.000,10.3,17.5,21.2,24.5,26.7,27.9,28.6,29.2,29.6,30.0,30.5,30.9,31.5,32.3,33.6,36.5,41.7,49.2,6.6
909,17.948,0.000,743.6,127.5,7.5,2,14310,0.048,0.000,-0.341,-0.207,0.089,30.7,-12.6,0,3.56,-0.733,30.7,128.7,0.050,10.3,17.7,21.4,24.7,27.0,28.2,28.8,29.4,29.9,30.3,30.7,31.2,31.8,32.5,33.9,36.8,42.0,49.5,6.5
910,17.970,0.000,744.4,126.9,8.5,2,14320,0.098,0.000,-0.324,-0.211,0.094,31.0,-12.2,0,3.54,-0.754,31.0,129.2,0.100,10.4,17.9,21.6,25.0,27.2,28.5,29.1,29.7,30.1,30.6,31.0,31.5,32.1,32.8,34.2,37.2,42.3,49.9,6.4
911,17.992,0.000,745.2,126.3,9.4,2,14365,0.149,0.000,-0.308,-0.214,0.099,31.3,-10.7,0,3.52,-0.777,31.3,129.8,0.150,10.5,18.0,21.8,25.2,27.5,28.7,29.4,30.0,30.4,30.9,31.3,31.8,32.4,33.1,34.6,37.5,42.7,50.2,6.4
912,18.014,0.000,746.0,125.8,10.3,2,14434,0.199,0.000,-0.293,-0.217,0.104,31.6,-8.8,0,3.51,-0.799,31.6,130.4,0.200,10.5,18.2,22.1,25.5,27.8,29.0,29.7,30.3,30.7,31.2,31.6,32.1,32.7,33.4,34.9,37.8,43.0,50.6,6.3
913,18.036,0.000,746.8,125.4,11.0,2,14520,0.249,0.000,-0.277,-0.220,0.109,31.9,-6.6,0,3.49,-0.810,31.9,130.9,0.250,10.6,18.3,22.2,25.7,28.0,29.2,29.9,30.5,31.0,31.4,31.9,32.3,33.0,33.7,35.1,38.1,43.3,50.9,6.3
914,18.058,0.000,747.5,125.0,11.6,2,14622,0.299,0.000,-0.260,-0.222,0.112,32.1,-4.3,0,3.48,-0.810,32.1,131.4,0.300,10.7,18.5,22.4,25.8,28.2,29.4,30.1,30.7,31.2,31.6,32.1,32.5,33.2,33.9,35.3,38.3,43.5,51.1,6.2
915,18.080,0.000,748.3,124.8,12.1,2,14739,0.349,0.000,-0.249,-0.224,0.114,32.2,-1.9,0,3.47,-0.810,32.2,131.9,0.350,10.7,18.5,22.5,26.0,28.3,29.6,30.2,30.9,31.3,31.7,32.2,32.6,33.3,34.0,35.5,38.4,43.7,51.3,6.2
916,18.102,0.000,749.1,124.6,12.4,2,14870,0.400,0.000,-0.244,-0.226,0.114,32.3,0.6,0,3.47,-0.810,32.3,132.1,0.400,10.7,18.6,22.5,26.0,28.4,29.6,30.3,30.9,31.4,31.8,32.3,32.7,33.4,34.1,35.5,38.5,43.7,51.3,6.2
917,18.124,0.000,749.9,124.6,12.5,2,15017,0.450,0.000,-0.247,-0.228,0.114,32.2,3.1,0,3.47,-0.810,32.2,132.2,0.450,10.7,18.6,22.5,26.0,28.4,29.6,30.3,30.9,31.3,31.8,32.2,32.7,33.3,34.1,35.5,38.5,43.7,51.3,6.2
918,18.146,0.000,750.7,124.6,12.5,2,15177,0.500,0.000,-0.257,-0.229,0.111,32.1,5.7,0,3.47,-0.810,32.1,132.0,0.500,10.7,18.5,22.5,25.9,28.3,29.5,30.2,30.8,31.2,31.7,32.1,32.6,33.2,34.0,35.4,38.4,43.6,51.2,6.2
919,18.168,0.000,751.5,124.8,12.3,2,15347,0.550,0.000,-0.274,-0.231,0.108,32.0,8.4,0,3.47,-0.810,32.0,131.6,0.550,10.7,18.4,22.3,25.8,28.1,29.4,30.0,30.6,31.1,31.5,32.0,32.4,33.1,33.8,35.2,38.2,43.4,51.0,6.2
920,18.190,0.000,752.3,125.1,12.1,2,15530,0.600,0.000,-0.297,-0.232,0.103,31.7,11.2,0,3.48,-0.810,31.7,131.1,0.600,10.6,18.3,22.2,25.6,27.9,29.1,29.8,30.4,30.8,31.3,31.7,32.2,32.8,33.6,35.0,37.9,43.1,50.7,6.2
921,18.212,0.000,753.1,125.4,11.7,2,15732,0.650,0.000,-0.325,-0.232,0.097,31.4,14.1,0,3.49,-0.810,31.4,130.4,0.650,10.6,18.2,22.0,25.4,27.7,28.9,29.5,30.1,30.6,31.0,31.4,31.9,32.5,33.3,34.7,37.6,42.8,50.3,6.2
922,18.234,0.000,753.9,125.9,11.4,2,15959,0.700,0.000,-0.338,-0.233,0.091,31.1,17.3,0,3.51,-0.776,31.1,129.6,0.700,10.5,18.0,21.8,25.1,27.4,28.6,29.2,29.8,30.3,30.7,31.1,31.6,32.2,32.9,34.3,37.3,42.4,50.0,6.3
923,18.256,0.000,754.7,126.4,11.1,2,16220,0.750,0.000,-0.360,-0.232,0.084,30.8,20.8,0,3.52,-0.758,30.8,128.8,0.750,10.5,17.8,21.6,24.8,27.1,28.3,28.9,29.5,30.0,30.4,30.8,31.3,31.9,32.6,34.0,36.9,42.0,49.6,6.3
924,18.278,0.000,755.5,127.0,11.0,2,16530,0.800,0.000,-0.375,-0.231,0.078,30.5,24.9,0,3.54,-0.728,30.5,127.1,0.800,10.4,17.7,21.3,24.6,26.8,28.0,28.7,29.2,29.7,30.1,30.5,31.0,31.6,32.3,33.7,36.6,41.7,49.2,6.4
925,18.300,0.000,756.3,127.6,11.0,2,16899,0.000,0.010,-0.391,-0.230,0.073,30.3,29.8,0,3.55,-0.708,30.3,126.5,0.553,10.4,17.5,21.1,24.4,26.6,27.8,28.4,29.0,29.4,29.8,30.3,30.7,31.3,32.0,33.4,36.3,41.4,48.9,6.4
926,18.322,0.000,757.1,128.0,10.9,2,14943,0.000,0.055,-0.406,-0.228,0.068,30.0,0.6,0,3.56,-0.686,30.0,125.9,0.380,10.3,17.4,21.0,24.2,26.3,27.5,28.2,28.7,29.1,29.6,30.0,30.4,31.0,31.8,33.1,36.0,41.1,48.6,6.5
927,18.344,0.000,757.9,127.5,10.3,2,14359,0.000,0.074,-0.431,-0.226,0.061,29.6,-6.1,0,3.58,-0.666,29.6,125.1,0.259,10.2,17.2,20.7,23.9,26.0,27.2,27.8,28.4,28.8,29.2,29.6,30.1,30.7,31.4,32.7,35.6,40.6,48.2,6.5
928,18.366,0.000,758.7,126.8,9.7,2,14149,0.000,0.082,-0.451,-0.223,0.054,29.3,-6.2,0,3.60,-0.632,29.3,124.2,0.174,10.1,17.0,20.5,23.6,25.7,26.8,27.5,28.0,28.4,28.9,29.3,29.7,30.3,31.0,32.3,35.2,40.2,47.7,6.6
929,18.388,0.000,759.5,125.9,9.2,2,14011,0.000,0.077,-0.465,-0.220,0.048,29.0,-5.7,0,3.62,-0.605,29.0,123.5,0.115,10.1,16.8,20.2,23.3,25.4,26.5,27.2,27.7,28.1,28.5,29.0,29.4,30.0,30.7,32.0,34.8,39.8,47.3,6.7
930,18.410,0.000,760.3,125.0,9.0,2,13902,0.000,0.056,-0.468,-0.216,0.044,28.8,-5.8,0,3.64,-0.585,28.8,123.1,0.074,10.0,16.7,20.1,23.1,25.2,26.4,27.0,27.5,27.9,28.4,28.8,29.2,29.8,30.5,31.8,34.6,39.6,47.1,6.7
931,18.432,0.000,761.1,124.1,9.1,2,13818,0.000,0.020,-0.466,-0.212,0.044,28.7,-6.9,0,3.65,-0.581,28.7,122.9,0.044,10.0,16.6,20.0,23.1,25.2,26.3,26.9,27.5,27.9,28.3,28.7,29.1,29.7,30.4,31.7,34.5,39.6,47.1,6.8
932,18.454,0.000,761.9,123.3,9.4,2,13764,0.000,0.000,-0.456,-0.208,0.045,28.7,-9.0,0,3.67,-0.584,28.7,123.0,0.044,10.0,16.6,20.0,23.1,25.2,26.3,27.0,27.5,27.9,28.3,28.7,29.2,29.8,30.5,31.8,34.6,39.6,47.3,6.8
933,18.476,0.000,762.6,122.5,9.9,2,13703,0.037,0.000,-0.445,-0.204,0.049,28.9,-10.9,0,3.69,-0.598,28.9,123.4,0.094,10.0,16.7,20.1,23.2,25.3,26.5,27.1,27.7,28.1,28.5,28.9,29.3,29.9,30.6,32.0,34.8,39.8,47.6,6.8
934,18.498,0.000,763.4,121.8,10.6,2,13696,0.099,0.000,-0.430,-0.200,0.054,29.1,-10.7,0,3.71,-0.613,29.1,124.0,0.144,10.0,16.8,20.3,23.4,25.5,26.7,27.3,27.9,28.3,28.7,29.1,29.5,30.2,30.9,32.2,35.1,40.1,48.2,6.8
935,18.520,0.000,764.2,121.1,11.4,2,13767,0.158,0.000,-0.418,-0.196,0.061,29.4,-8.9,0,3.73,-0.633,29.4,124.7,0.194,10.0,16.9,20.4,23.6,25.8,26.9,27.6,28.1,28.5,29.0,29.4,29.8,30.4,31.2,32.5,35.4,40.5,48.9,6.8
936,18.542,0.000,764.9,120.6,12.2,2,13867,0.215,0.000,-0.408,-0.192,0.067,29.7,-6.4,0,3.77,-0.649,29.7,125.4,0.244,10.0,17.0,20.6,23.8,26.0,27.2,27.8,28.4,28.8,29.3,29.7,30.1,30.7,31.5,32.9,35.8,40.9,49.7,6.8
937,18.564,0.000,765.7,120.1,13.0,2,13984,0.271,0.000,-0.401,-0.187,0.074,30.0,-3.7,0,3.81,-0.663,30.0,126.1,0.294,10.0,17.1,20.8,24.0,26.2,27.4,28.1,28.7,29.1,29.5,30.0,30.4,31.0,31.8,33.2,36.1,41.3,50.6,6.8
938,18.586,0.000,766.4,119.7,13.6,2,14118,0.326,0.000,-0.385,-0.183,0.079,30.2,-0.7,0,3.87,-0.673,30.2,126.7,0.344,10.0,17.2,20.9,24.2,26.4,27.6,28.3,28.9,29.3,29.8,30.2,30.6,31.3,32.0,33.4,36.4,41.6,51.5,6.8
939,18.608,0.000,767.2,119.4,14.1,2,14267,0.379,0.000,-0.381,-0.179,0.083,30.4,2.3,0,3.93,-0.695,30.4,127.1,0.394,10.1,17.3,21.0,24.3,26.6,27.8,28.5,29.1,29.5,29.9,30.4,30.8,31.5,32.2,33.6,36.6,41.9,52.4,6.8
940,18.630,0.000,767.9,119.2,14.4,2,14430,0.432,0.000,-0.376,-0.174,0.086,30.5,5.4,0,4.00,-0.700,30.5,127.4,0.444,10.0,17.3,21.0,24.4,26.7,27.9,28.5,29.1,29.6,30.0,30.5,30.9,31.6,32.3,33.7,36.7,42.1,53.3,6.8
941,18.652,0.000,768.7,119.2,14.6,2,14610,0.485,0.000,-0.380,-0.170,0.087,30.5,8.6,0,4.08,-0.706,30.5,127.4,0.494,10.0,17.3,21.0,24.4,26.7,27.9,28.6,29.2,29.6,30.0,30.5,30.9,31.6,32.3,33.8,36.7,42.3,54.0,6.8
942,18.674,0.000,769.4,119.2,14.6,2,14808,0.537,0.000,-0.385,-0.165,0.086,30.4,12.0,0,4.17,-0.701,30.4,127.4,0.544,10.0,17.2,21.0,24.3,26.6,27.8,28.5,29.1,29.5,30.0,30.4,30.9,31.5,32.3,33.7,36.7,42.4,54.7,6.9
943,18.696,0.000,770.2,119.4,14.6,2,15022,0.588,0.000,-0.394,-0.161,0.085,30.3,15.5,0,4.26,-0.695,30.3,127.1,0.594,9.9,17.2,20.9,24.2,26.5,27.7,28.4,29.0,29.4,29.9,30.3,30.8,31.4,32.2,33.6,36.6,42.4,55.4,6.9
944,18.718,0.000,770.9,119.6,14.5,2,15254,0.640,0.000,-0.405,-0.156,0.082,30.2,19.0,0,4.35,-0.682,30.2,126.8,0.644,9.9,17.0,20.8,24.1,26.4,27.6,28.2,28.8,29.3,29.7,30.2,30.6,31.3,32.0,33.4,36.4,42.4,55.9,7.0
945,18.740,0.000,771.7,119.9,14.3,2,15518,0.691,0.000,-0.418,-0.151,0.080,30.0,22.9,0,4.46,-0.667,30.0,126.4,0.694,9.8,16.9,20.6,23.9,26.2,27.4,28.1,28.7,29.1,29.5,30.0,30.4,31.1,31.8,33.2,36.2,42.4,56.5,7.0
946,18.762,0.000,772.5,120.3,14.2,2,15817,0.429,0.000,-0.431,-0.146,0.077,29.8,27.2,0,4.57,-0.649,29.8,126.0,0.744,9.7,16.8,20.5,23.7,26.0,27.2,27.9,28.5,28.9,29.3,29.8,30.2,30.9,31.6,33.0,36.0,42.4,57.2,7.1
947,18.784,0.000,773.2,120.7,14.1,2,15258,0.542,0.000,-0.444,-0.141,0.073,29.6,18.7,0,4.69,-0.632,29.6,125.6,0.794,9.7,16.7,20.3,23.6,25.8,27.0,27.7,28.3,28.7,29.1,29.6,30.0,30.7,31.4,32.8,35.8,42.4,57.9,7.2
948,18.806,0.000,774.0,121.0,13.8,2,15280,0.642,0.000,-0.462,-0.136,0.069,29.3,18.4,0,4.82,-0.614,29.3,125.1,0.844,9.6,16.5,20.1,23.3,25.6,26.8,27.4,28.0,28.5,28.9,29.3,29.8,30.4,31.1,32.6,35.6,42.3,58.5,7.3
949,18.828,0.000,774.7,121.3,13.5,2,15563,0.733,0.000,-0.477,-0.130,0.065,29.0,22.3,0,4.95,-0.590,29.0,124.5,0.894,9.5,16.3,19.9,23.1,25.3,26.5,27.2,27.7,28.2,28.6,29.0,29.5,30.1,30.8,32.3,35.3,42.2,59.1,7.3
950,18.850,0.000,775.5,121.8,13.2,2,15988,0.510,0.000,-0.490,-0.124,0.060,28.7,28.4,0,5.10,-0.569,28.7,124.0,0.944,9.4,16.1,19.7,22.8,25.0,26.2,26.9,27.5,27.9,28.3,28.7,29.2,29.8,30.5,31.9,35.0,42.1,59.7,7.4
951,18.872,0.000,776.2,122.2,13.0,2,15609,0.647,0.000,-0.499,-0.118,0.055,28.5,22.5,0,5.27,-0.552,28.5,123.5,0.994,9.3,16.0,19.5,22.6,24.8,26.0,26.6,27.2,27.6,28.0,28.5,28.9,29.5,30.3,31.7,34.8,42.1,60.6,7.5
952,18.894,0.000,777.0,122.6,12.8,2,15797,0.722,0.000,-0.509,-0.111,0.051,28.2,24.5,0,5.45,-0.539,28.2,123.1,1.000,9.3,15.8,19.2,22.4,24.5,25.7,26.3,26.9,27.3,27.8,28.2,28.6,29.3,30.0,31.4,34.6,42.1,61.6,7.6
953,18.916,0.000,777.8,123.0,12.7,2,16131,0.000,0.000,-0.517,-0.104,0.047,27.9,29.0,0,5.66,-0.525,27.9,122.7,1.000,9.2,15.6,19.0,22.1,24.3,25.5,26.1,26.7,27.1,27.5,27.9,28.4,29.0,29.7,31.1,34.4,42.2,62.8,7.7
954,18.938,0.000,778.5,123.2,12.4,2,14430,0.000,0.003,-0.526,-0.097,0.043,27.7,3.2,0,5.89,-0.515,27.7,122.3,0.693,9.1,15.5,18.8,21.9,24.0,25.2,25.8,26.4,26.8,27.2,27.7,28.1,28.7,29.4,30.9,34.3,42.3,64.2,7.8
955,18.960,0.000,779.3,122.8,11.8,2,13904,0.000,0.015,-0.542,-0.090,0.037,27.3,-5.4,0,6.10,-0.502,27.3,121.7,0.478,9.0,15.3,18.6,21.6,23.7,24.8,25.5,26.0,26.5,26.9,27.3,27.7,28.3,29.1,30.5,34.0,42.2,65.2,8.0
956,18.982,0.000,780.1,122.2,11.0,2,13711,0.000,0.021,-0.555,-0.082,0.030,26.9,-7.2,0,6.32,-0.480,26.9,121.0,0.328,8.9,15.0,18.3,21.3,23.3,24.5,25.1,25.7,26.1,26.5,26.9,27.3,27.9,28.7,30.1,33.6,42.1,66.1,8.1
957,19.004,0.000,780.8,121.5,10.4,2,13598,0.000,0.013,-0.568,-0.075,0.025,26.6,-7.5,0,6.59,-0.470,26.6,120.5,0.222,8.8,14.8,18.0,21.0,23.0,24.2,24.8,25.3,25.7,26.1,26.6,27.0,27.6,28.3,29.8,33.4,42.1,67.6,8.2
958,19.026,0.000,781.6,120.8,9.9,2,13521,0.000,0.000,-0.579,-0.067,0.021,26.3,-7.8,0,6.92,-0.470,26.3,120.3,0.222,8.7,14.7,17.8,20.8,22.8,23.9,24.5,25.1,25.5,25.9,26.3,26.7,27.3,28.1,29.6,33.3,42.4,69.9,8.3
959,19.048,0.000,782.3,120.1,9.7,2,13458,0.141,0.000,-0.584,-0.060,0.019,26.2,-8.6,0,7.36,-0.470,26.2,120.6,0.272,8.6,14.5,17.7,20.6,22.7,23.8,24.4,24.9,25.3,25.7,26.2,26.6,27.2,28.0,29.6,33.4,43.0,73.5,8.4
960,19.070,0.000,783.0,119.5,9.6,2,13674,0.217,0.000,-0.586,-0.052,0.020,26.1,-4.8,0,7.94,-0.470,26.1,121.3,0.322,8.6,14.5,17.6,20.5,22.6,23.7,24.3,24.9,25.3,25.7,26.1,26.6,27.2,28.0,29.7,33.8,44.1,78.8,8.5
961,19.092,0.000,783.8,119.0,9.7,2,13838,0.288,0.000,-0.589,-0.045,0.021,26.2,-1.5,0,8.67,-0.470,26.2,122.4,0.372,8.5,14.4,17.6,20.5,22.6,23.7,24.3,24.9,25.3,25.7,26.2,26.7,27.4,28.2,30.0,34.3,45.6,86.3,8.6
962,19.114,0.000,784.5,118.7,9.9,2,13995,0.355,0.000,-0.597,-0.037,0.024,26.3,1.6,0,9.58,-0.470,26.3,123.8,0.422,8.5,14.4,17.6,20.5,22.6,23.7,24.4,24.9,25.4,25.9,26.3,26.8,27.6,28.5,30.3,35.0,47.4,96.6,8.6
963,19.136,0.000,785.2,118.5,10.1,2,14156,0.418,0.000,-0.613,-0.030,0.026,26.5,4.8,0,10.69,-0.470,26.5,125.5,0.472,8.4,14.4,17.6,20.5,22.6,23.8,24.4,25.1,25.5,26.0,26.5,27.0,27.8,28.8,30.8,35.8,49.6,110.8,8.6
964,19.158,0.000,786.0,118.4,10.3,2,14327,0.479,0.000,-0.638,-0.023,0.028,26.7,8.0,0,11.99,-0.470,26.7,127.3,0.522,8.4,14.3,17.6,20.5,22.6,23.8,24.5,25.2,25.7,26.2,26.7,27.3,28.1,29.1,31.2,36.7,52.1,130.7,8.7
965,19.180,0.000,786.7,118.5,10.4,2,14514,0.538,0.000,-0.673,-0.016,0.028,26.9,11.5,0,13.47,-0.470,26.9,129.2,0.572,8.4,14.3,17.5,20.5,22.6,23.8,24.6,25.3,25.8,26.3,26.9,27.5,28.3,29.4,31.7,37.6,54.9,159.4,8.8
966,19.202,0.000,787.4,118.6,10.4,2,14718,0.595,0.000,-0.713,-0.008,0.028,27.0,15.2,0,14.94,-0.470,27.0,131.0,0.622,8.3,14.2,17.4,20.4,22.6,23.9,24.6,25.3,25.9,26.4,27.0,27.7,28.6,29.7,32.1,38.5,57.9,200.0,8.8
967,19.224,0.000,788.1,118.9,10.4,2,14946,0.650,0.000,-0.707,-0.001,0.027,27.2,19.3,0,14.89,-0.470,27.2,133.0,0.672,8.2,14.1,17.3,20.2,22.5,23.9,24.7,25.4,26.0,26.6,27.2,27.8,28.8,30.0,32.6,39.4,61.2,200.0,8.9
968,19.246,0.000,788.9,119.2,10.4,2,15206,0.448,0.000,-0.705,0.006,0.025,27.3,23.4,0,14.84,-0.470,27.3,135.1,0.722,8.2,14.0,17.2,20.1,22.5,23.9,24.7,25.5,26.1,26.7,27.3,28.0,29.1,30.3,33.1,40.5,65.2,200.0,9.0
969,19.268,0.000,789.6,119.5,10.4,2,14819,0.553,0.000,-0.706,0.014,0.024,27.5,17.7,0,14.77,-0.470,27.5,137.5,0.772,8.1,13.9,17.0,20.0,22.4,23.9,24.7,25.6,26.2,26.8,27.5,28.3,29.3,30.7,33.6,41.7,70.0,200.0,9.1
970,19.290,0.000,790.3,119.7,10.3,2,14924,0.603,0.000,-0.711,0.022,0.021,27.7,18.9,0,14.70,-0.470,27.7,138.3,0.778,8.0,13.7,16.8,19.9,22.4,23.9,24.8,25.6,26.3,27.0,27.7,28.5,29.6,31.1,34.2,43.0,75.7,200.0,9.2
971,19.312,0.000,791.1,120.0,10.1,2,15108,0.688,0.000,-0.682,0.030,0.018,27.9,21.4,0,13.55,-0.470,27.9,139.8,0.828,7.9,13.6,16.7,19.8,22.3,23.9,24.9,25.7,26.4,27.1,27.9,28.7,29.9,31.5,34.8,44.4,82.7,169.3,9.3
972,19.334,0.000,791.8,120.4,10.0,2,15440,0.603,0.000,-0.595,0.038,0.016,28.2,25.7,0,10.76,-0.470,28.2,143.8,0.878,7.8,13.4,16.5,19.7,22.3,24.0,25.0,25.9,26.6,27.4,28.2,29.1,30.4,32.0,35.6,46.2,92.4,112.8,9.4
973,19.356,0.000,792.5,120.8,10.1,2,15406,0.708,0.000,-0.558,0.047,0.014,28.6,24.0,0,9.35,-0.470,28.6,149.8,0.928,7.8,13.3,16.4,19.7,22.4,24.2,25.2,26.2,27.0,27.8,28.6,29.6,31.0,32.7,36.7,48.6,106.9,85.8,9.5
974,19.378,0.000,793.3,121.2,10.2,2,15708,0.656,0.000,-0.558,0.056,0.013,29.3,27.0,0,8.98,-0.470,29.3,157.5,0.978,7.7,13.2,16.3,19.7,22.6,24.4,25.6,26.6,27.4,28.3,29.3,30.3,31.8,33.7,38.2,51.8,130.5,69.9,9.6
975,19.400,0.000,794.0,121.6,10.5,2,15760,0.647,0.000,-0.582,0.065,0.013,30.1,26.7,0,9.44,-0.470,30.1,166.3,1.000,7.6,13.1,16.2,19.8,22.9,24.9,26.1,27.2,28.1,29.1,30.1,31.2,32.9,35.1,40.1,56.3,174.8,59.3,9.7
976,19.422,0.000,794.7,122.0,10.9,2,15798,0.642,0.000,-0.590,0.074,0.013,31.2,26.5,0,9.57,-0.470,31.2,178.3,1.000,7.6,13.0,16.2,20.0,23.3,25.4,26.7,28.0,29.0,30.0,31.2,32.4,34.3,36.8,42.6,62.4,200.0,51.6,9.8
977,19.444,0.000,795.5,122.4,11.3,2,15838,0.651,0.000,-0.581,0.084,0.014,32.6,26.4,0,9.29,-0.470,32.6,195.4,1.000,7.5,12.9,16.3,20.2,23.8,26.1,27.6,29.0,30.1,31.3,32.6,34.0,36.2,39.0,45.9,71.1,200.0,46.0,9.9
978,19.466,0.000,796.2,122.8,11.7,2,15922,0.609,0.000,-0.572,0.094,0.015,34.3,27.0,0,8.98,-0.470,34.3,221.3,1.000,7.4,12.8,16.4,20.6,24.4,27.0,28.6,30.2,31.5,32.8,34.3,35.9,38.5,41.9,50.3,84.0,200.0,41.7,10.0
979,19.488,0.000,797.0,123.2,12.1,2,15887,0.688,0.000,-0.443,0.104,0.017,36.4,25.8,0,8.61,-0.237,36.4,169.4,1.000,7.3,12.8,16.5,21.0,25.2,28.1,29.9,31.7,33.1,34.7,36.4,38.3,41.4,45.5,56.0,104.6,200.0,38.4,10.1
980,19.510,0.000,797.7,123.6,12.6,2,16132,0.750,0.000,-0.325,0.115,0.018,39.1,27.9,0,6.70,-0.123,39.1,209.3,1.000,7.3,12.8,16.6,21.5,26.2,29.4,31.5,33.6,35.2,37.1,39.1,41.4,45.1,50.3,64.0,142.0,133.2,35.6,10.2
981,19.532,0.000,798.5,124.0,13.1,2,16504,0.538,0.000,-0.322,0.125,0.019,42.6,31.3,0,5.90,-0.155,42.6,207.7,1.000,7.2,12.8,16.9,22.1,27.3,31.0,33.4,35.9,37.9,40.1,42.6,45.5,50.2,56.9,76.0,200.0,98.6,33.3,10.3
982,19.554,0.000,799.2,124.4,13.6,2,16138,0.630,0.000,-0.305,0.137,0.021,47.4,24.4,0,5.24,-0.152,47.4,239.8,1.000,7.1,12.8,17.2,22.9,28.8,33.1,36.0,39.0,41.5,44.2,47.4,51.1,57.3,66.6,95.8,200.0,78.7,31.3,10.3
983,19.576,0.000,800.0,124.7,14.1,2,16219,0.704,0.000,-0.279,0.148,0.022,53.9,24.2,0,4.66,-0.126,53.9,364.9,1.000,7.0,12.9,17.5,23.9,30.7,35.8,39.3,43.0,46.1,49.7,53.9,58.9,67.6,81.5,132.5,200.0,66.2,29.6,10.4
984,19.598,0.000,800.7,125.1,14.5,2,16510,0.763,0.000,-0.250,0.160,0.024,63.0,27.4,0,4.13,-0.086,63.0,364.9,1.000,7.0,13.0,18.0,25.0,32.9,39.1,43.5,48.2,52.3,57.1,63.0,70.1,83.4,106.5,200.0,200.0,57.6,28.2,10.4
985,19.620,0.000,801.5,125.6,15.0,2,16906,0.418,0.000,-0.195,0.172,0.025,77.0,32.3,0,3.15,-0.029,77.0,364.9,1.000,6.9,13.1,18.5,26.4,35.7,43.5,49.2,55.6,61.2,68.2,77.0,88.3,111.4,158.8,200.0,148.6,51.2,26.9,10.4
986,19.642,0.000,802.2,126.0,15.5,2,16144,0.534,0.000,-0.065,0.184,0.026,101.2,19.9,0,2.37,0.154,101.2,364.9,1.000,6.8,13.3,19.1,28.1,39.5,49.5,57.3,66.5,75.0,86.2,101.2,122.5,173.9,200.0,200.0,109.5,46.2,25.7,10.4
987,19.664,0.000,803.0,126.3,15.8,2,16065,0.627,0.000,0.116,0.197,0.026,146.1,16.4,0,1.81,0.470,146.1,364.9,1.000,6.7,13.5,19.8,30.1,44.0,57.3,68.4,82.3,96.3,116.1,146.1,194.7,200.0,200.0,200.0,88.8,42.5,24.8,10.5
988,19.686,0.000,803.7,126.6,15.9,2,16287,0.702,0.000,0.123,0.210,0.024,200.0,17.2,0,1.32,0.470,200.0,364.9,1.000,6.6,13.6,20.4,32.0,49.0,66.7,82.7,104.8,129.3,169.1,200.0,200.0,200.0,200.0,173.9,76.9,40.0,24.1,10.5
989,19.708,0.000,804.5,127.1,15.7,2,16625,0.762,0.000,-0.011,0.224,0.018,200.0,21.0,0,0.93,0.000,200.0,364.9,1.000,6.5,13.7,20.9,33.7,53.9,77.0,99.9,135.0,180.3,200.0,200.0,200.0,200.0,200.0,139.2,69.8,38.3,23.6,10.5
990,19.730,0.000,805.2,127.8,15.3,2,17009,0.809,0.000,-0.029,0.238,0.012,200.0,26.4,0,0.66,0.000,200.0,364.9,1.000,6.4,13.8,21.3,35.4,59.3,89.6,123.1,183.2,200.0,200.0,200.0,200.0,200.0,200.0,119.2,64.9,37.0,23.3,10.6
991,19.752,0.000,806.0,128.5,15.0,2,17409,0.568,0.000,-0.046,0.252,0.005,200.0,31.8,0,0.37,0.000,200.0,364.9,1.000,6.4,13.9,21.8,37.5,66.5,108.5,163.8,200.0,200.0,200.0,200.0,200.0,200.0,163.7,104.3,60.5,35.7,22.9,10.6
992,19.774,0.000,806.8,129.2,14.7,2,16923,0.654,0.000,0.003,0.266,0.012,200.0,23.9,0,0.07,0.000,200.0,364.9,1.000,6.3,14.0,22.5,40.2,76.8,141.2,200.0,200.0,200.0,200.0,200.0,200.0,180.4,135.5,92.5,56.6,34.5,22.5,10.6
993,19.796,0.000,807.6,129.9,14.3,2,16881,0.723,0.000,0.061,0.279,0.022,200.0,21.4,0,-0.21,0.000,200.0,364.9,1.000,6.3,14.2,23.2,43.3,90.5,192.2,200.0,200.0,200.0,200.0,200.0,200.0,148.6,117.0,83.7,53.4,33.4,22.2,10.6
994,19.818,0.000,808.4,130.6,13.8,2,17053,0.779,0.000,0.109,0.289,0.030,200.0,22.2,0,-0.41,0.000,200.0,364.9,1.000,6.2,14.4,23.9,46.4,107.6,200.0,200.0,200.0,200.0,200.0,200.0,162.5,129.4,104.9,77.5,51.0,32.6,21.9,10.6
995,19.840,0.000,809.2,131.4,13.2,2,17326,0.823,0.000,0.149,0.299,0.037,200.0,24.5,0,-0.58,0.000,200.0,364.9,1.000,6.2,14.5,24.5,49.3,127.0,200.0,200.0,200.0,200.0,200.0,171.7,144.0,117.5,97.1,73.3,49.3,32.0,21.6,10.6
996,19.862,0.000,810.0,132.3,12.6,2,17634,0.858,0.000,0.176,0.307,0.041,200.0,27.3,0,-0.70,0.000,200.0,364.9,1.000,6.1,14.5,24.8,51.4,145.1,200.0,200.0,200.0,200.0,200.0,157.3,133.9,110.8,92.6,70.8,48.2,31.6,21.5,10.7
997,19.884,0.000,810.8,133.2,11.8,2,17944,0.820,0.000,0.189,0.313,0.043,200.0,30.2,0,-0.77,0.000,200.0,364.9,1.000,6.1,14.5,24.9,52.1,154.2,200.0,200.0,200.0,200.0,182.9,152.1,130.2,108.4,91.0,69.9,47.9,31.5,21.5,10.7
998,19.906,0.000,811.6,134.3,10.9,2,18013,0.856,0.000,0.185,0.319,0.042,200.0,29.5,0,-0.72,0.000,200.0,364.9,1.000,6.0,14.3,24.6,51.2,148.7,200.0,200.0,200.0,200.0,200.0,155.1,132.5,110.0,92.2,70.7,48.3,31.8,21.7,10.7
999,19.928,0.000,812.4,135.4,9.7,2,18144,0.885,0.000,0.166,0.324,0.039,200.0,29.5,0,-0.60,0.000,200.0,364.9,1.000,6.0,14.1,23.9,48.8,131.4,200.0,200.0,200.0,200.0,200.0,166.7,140.9,115.9,96.3,73.2,49.5,32.3,21.9,10.8
1000,19.950,0.000,813.3,136.6,8.2,2,18296,0.908,0.000,0.135,0.328,0.034,200.0,29.8,0,-0.43,0.000,200.0,364.9,1.000,5.9,13.7,23.0,45.6,111.2,199.3,200.0,200.0,200.0,200.0,200.0,156.3,126.1,103.3,77.2,51.4,33.1,22.3,10.9
1001,19.972,0.000,814.1,137.9,6.7,2,18458,0.926,0.000,0.100,0.331,0.027,200.0,30.3,0,-0.26,0.000,200.0,364.9,1.000,5.8,13.4,22.1,42.3,94.3,192.2,200.0,200.0,200.0,200.0,200.0,178.8,140.4,112.8,82.4,53.7,34.1,22.7,11.0
1002,19.994,0.000,815.0,139.1,5.3,2,18628,0.941,0.000,0.064,0.334,0.021,200.0,30.8,0,-0.09,0.000,200.0,364.9,1.000,5.8,13.1,21.3,39.6,81.9,176.6,198.6,200.0,200.0,200.0,200.0,200.0,158.0,123.9,88.2,56.1,35.0,23.2,11.1
1003,20.016,0.000,815.8,140.2,3.9,3,14708,0.953,0.000,0.032,0.336,0.015,200.0,-2.2,0,0.11,0.000,200.0,364.9,1.000,5.7,12.8,20.7,37.4,73.4,141.5,192.9,200.0,200.0,200.0,200.0,200.0,177.6,135.7,94.1,58.4,35.9,23.6,11.2
1004,20.038,0.000,816.7,140.3,2.4,3,14683,0.962,0.000,-0.000,0.337,0.010,200.0,-10.3,0,0.29,0.000,200.0,364.9,1.000,5.7,12.6,20.1,35.5,66.4,118.0,185.1,197.8,200.0,200.0,200.0,200.0,200.0,149.9,100.7,60.9,36.9,24.0,11.2
1005,20.060,0.000,817.5,140.1,1.3,3,12762,0.970,0.000,-0.024,0.338,0.006,200.0,-10.9,0,0.42,0.000,200.0,364.7,1.000,5.7,12.4,19.7,34.2,62.2,105.2,166.8,193.6,200.0,200.0,200.0,200.0,200.0,162.3,106.2,62.9,37.6,24.2,11.3
1006,20.082,0.000,818.4,140.6,0.7,3,13586,0.976,0.000,-0.031,0.338,0.005,200.0,4.5,0,0.46,0.000,200.0,364.8,1.000,5.6,12.4,19.5,33.9,60.9,101.7,158.2,191.7,198.5,200.0,200.0,200.0,200.0,166.7,108.0,63.5,37.8,24.3,11.3
1007,20.104,0.000,819.3,141.4,0.5,3,13806,0.981,0.000,-0.024,0.338,0.006,200.0,7.6,0,0.43,0.000,200.0,364.9,1.000,5.7,12.4,19.6,34.2,61.9,104.5,165.2,191.8,198.3,200.0,200.0,200.0,200.0,163.1,106.5,63.0,37.6,24.3,11.3
1008,20.126,0.000,820.1,142.4,0.5,3,13924,0.985,0.000,-0.011,0.337,0.008,200.0,8.3,0,0.36,0.000,200.0,364.9,1.000,5.7,12.5,19.8,34.8,64.1,110.8,177.8,192.7,198.8,200.0,200.0,200.0,200.0,156.3,103.6,61.9,37.2,24.1,11.3
1009,20.148,0.000,821.0,143.4,0.6,3,13997,0.988,0.000,0.001,0.337,0.010,200.0,8.0,0,0.31,0.000,200.0,364.9,1.000,5.7,12.6,20.1,35.5,66.3,117.6,181.3,193.5,199.2,200.0,200.0,200.0,200.0,150.2,100.9,61.0,36.9,24.0,11.2
1010,20.170,0.000,821.9,144.3,0.7,3,14056,0.990,0.000,0.008,0.336,0.011,200.0,7.3,0,0.28,0.000,200.0,364.9,1.000,5.7,12.7,20.2,35.9,67.9,122.4,182.5,193.6,199.1,200.0,200.0,200.0,200.0,146.6,99.2,60.3,36.6,23.9,11.2
1011,20.192,0.000,822.8,145.3,0.6,3,14122,0.992,0.000,0.011,0.335,0.011,200.0,6.8,0,0.27,0.000,200.0,364.9,1.000,5.7,12.7,20.3,36.1,68.5,124.2,182.3,193.0,198.4,200.0,200.0,200.0,200.0,145.3,98.6,60.1,36.5,23.8,11.2
1012,20.214,0.000,823.6,146.3,0.5,3,14206,0.994,0.000,0.010,0.334,0.011,200.0,6.6,0,0.28,0.000,200.0,364.9,1.000,5.7,12.7,20.3,36.1,68.3,123.4,181.2,192.0,197.4,200.0,200.0,200.0,200.0,145.9,98.8,60.2,36.6,23.8,11.2
1013,20.236,0.000,824.5,147.3,0.4,3,14305,0.995,0.000,0.006,0.332,0.011,200.0,6.7,0,0.30,0.000,200.0,364.9,1.000,5.7,12.7,20.3,36.0,67.7,121.2,179.6,190.7,196.1,200.0,200.0,200.0,200.0,147.6,99.6,60.4,36.6,23.8,11.2
1014,20.258,0.000,825.5,148.3,0.2,3,14412,0.996,0.000,0.002,0.331,0.010,200.0,7.0,0,0.32,0.000,200.0,364.7,1.000,5.7,12.7,20.2,35.8,67.0,118.8,177.9,189.3,194.8,199.5,200.0,200.0,200.0,149.4,100.4,60.7,36.7,23.9,11.2
1015,20.280,0.000,826.4,149.2,0.1,3,14518,0.997,0.000,-0.001,0.330,0.009,200.0,7.2,0,0.33,0.000,200.0,364.7,1.000,5.7,12.7,20.2,35.7,66.5,117.0,176.4,188.1,193.6,198.3,200.0,200.0,200.0,150.9,101.0,60.9,36.8,23.9,11.2
1016,20.302,0.000,827.3,150.2,0.0,3,14616,0.997,0.000,-0.003,0.329,0.009,200.0,7.4,0,0.34,0.000,200.0,364.7,1.000,5.7,12.7,20.2,35.7,66.2,116.2,175.3,187.0,192.5,197.2,200.0,200.0,200.0,151.6,101.3,61.0,36.8,23.9,11.2
1017,20.324,0.000,828.2,151.2,0.0,3,14707,0.998,0.000,-0.003,0.327,0.009,200.0,7.3,0,0.35,0.000,200.0,364.7,1.000,5.8,12.7,20.3,35.7,66.3,116.3,174.5,186.1,191.6,196.3,200.0,200.0,200.0,151.6,101.3,60.9,36.8,23.8,11.2
1018,20.346,0.000,829.1,152.2,0.0,3,14793,0.998,0.000,-0.002,0.326,0.009,199.4,7.2,0,0.35,0.000,199.4,364.8,1.000,5.8,12.8,20.3,35.8,66.6,116.9,174.0,185.3,190.8,195.4,199.4,200.0,200.0,151.1,101.0,60.8,36.7,23.8,11.1
1019,20.368,0.000,830.1,153.2,0.0,3,14875,0.999,0.000,-0.001,0.324,0.009,198.5,7.0,0,0.34,0.000,198.5,364.8,1.000,5.8,12.8,20.4,36.0,66.9,117.8,173.5,184.6,190.0,194.5,198.5,200.0,200.0,150.4,100.7,60.7,36.6,23.8,11.1
1020,20.390,0.000,831.0,154.1,0.0,3,14957,0.999,0.000,0.000,0.323,0.009,197.7,6.7,0,0.34,0.000,197.7,364.9,1.000,5.8,12.8,20.4,36.1,67.3,118.6,173.0,183.8,189.2,193.7,197.7,200.0,200.0,149.8,100.3,60.5,36.6,23.7,11.1
1021,20.412,0.000,831.9,155.1,0.0,3,15039,0.999,0.000,0.001,0.322,0.010,196.7,6.5,0,0.34,0.000,196.7,364.9,1.000,5.8,12.9,20.5,36.2,67.5,119.3,172.4,183.0,188.3,192.8,196.7,200.0,200.0,149.3,100.1,60.4,36.5,23.7,11.1
1022,20.434,0.000,832.9,156.1,0.0,3,15124,0.999,0.000,0.001,0.320,0.010,195.8,6.3,0,0.34,0.000,195.8,364.9,1.000,5.8,12.9,20.5,36.3,67.7,119.7,171.7,182.1,187.4,191.9,195.8,199.3,200.0,149.0,99.9,60.3,36.5,23.7,11.1
1023,20.456,0.000,833.8,157.1,0.0,3,15210,0.999,0.000,0.001,0.319,0.010,194.8,6.2,0,0.34,0.000,194.8,364.9,1.000,5.8,12.9,20.6,36.4,67.8,119.8,170.9,181.2,186.4,190.9,194.8,198.3,200.0,149.0,99.9,60.3,36.4,23.6,11.1
1024,20.478,0.000,834.8,158.1,0.0,3,15298,1.000,0.000,0.001,0.317,0.009,193.8,6.1,0,0.35,0.000,193.8,364.9,1.000,5.8,12.9,20.6,36.4,67.9,119.8,170.0,180.3,185.5,189.9,193.8,197.3,200.0,149.0,99.8,60.2,36.4,23.6,11.1
1025,20.500,0.000,835.8,159.1,0.0,3,15389,1.000,0.000,0.001,0.316,0.009,192.8,6.1,0,0.35,0.000,192.8,364.9,1.000,5.9,13.0,20.7,36.5,67.9,119.8,169.2,179.3,184.5,188.9,192.8,196.3,200.0,149.1,99.8,60.2,36.4,23.6,11.1
1026,20.522,0.000,836.8,160.0,-0.0,3,15478,1.000,0.000,0.000,0.314,0.009,191.7,6.0,0,0.35,0.000,191.7,364.5,1.000,5.9,13.0,20.7,36.5,68.0,119.7,168.3,178.3,183.5,187.9,191.7,195.2,199.6,149.2,99.8,60.2,36.3,23.6,11.0
1027,20.544,0.000,837.7,161.0,-0.0,3,15566,1.000,0.000,0.000,0.313,0.009,190.7,5.9,0,0.35,0.000,190.7,363.5,1.000,5.9,13.0,20.7,36.6,68.0,119.7,167.4,177.3,182.5,186.8,190.7,194.2,198.6,149.2,99.8,60.1,36.3,23.6,11.0
1028,20.566,0.000,838.7,162.0,-0.0,3,15653,1.000,0.000,-0.000,0.311,0.009,189.7,5.8,0,0.36,0.000,189.7,362.4,1.000,5.9,13.0,20.8,36.6,68.1,119.8,166.5,176.4,181.5,185.8,189.7,193.1,197.5,149.2,99.8,60.1,36.3,23.5,11.0
1029,20.588,0.000,839.7,163.0,-0.0,3,15739,1.000,0.000,0.000,0.310,0.009,188.6,5.6,0,0.36,0.000,188.6,361.4,1.000,5.9,13.1,20.8,36.7,68.3,120.0,165.7,175.4,180.5,184.8,188.6,192.1,196.5,149.1,99.7,60.0,36.2,23.5,11.0
1030,20.610,0.000,840.7,163.9,-0.0,3,15825,1.000,0.000,0.000,0.308,0.009,187.6,5.5,0,0.36,0.000,187.6,360.3,1.000,5.9,13.1,20.9,36.8,68.4,120.2,164.9,174.5,179.5,183.8,187.6,191.1,195.4,148.9,99.6,60.0,36.2,23.5,11.0
1031,20.632,0.000,841.7,164.9,-0.0,3,15910,1.000,0.000,0.000,0.307,0.009,186.6,5.4,0,0.35,0.000,186.6,359.3,1.000,5.9,13.1,20.9,36.9,68.6,120.4,164.1,173.6,178.5,182.8,186.6,190.0,194.4,148.8,99.5,59.9,36.2,23.5,11.0
1032,20.654,0.000,842.7,165.9,-0.0,3,15996,1.000,0.000,0.000,0.305,0.009,185.6,5.2,0,0.35,0.000,185.6,358.2,1.000,6.0,13.2,21.0,37.0,68.7,120.7,163.2,172.6,177.6,181.8,185.6,189.0,193.3,148.6,99.4,59.8,36.1,23.4,11.0
1033,20.676,0.000,843.8,166.9,-0.0,3,16082,1.000,0.000,0.001,0.303,0.009,184.5,5.1,0,0.35,0.000,184.5,357.1,1.000,6.0,13.2,21.0,37.0,68.9,121.0,162.4,171.7,176.6,180.8,184.5,187.9,192.2,148.4,99.2,59.8,36.1,23.4,11.0
1034,20.698,0.000,844.8,167.8,-0.0,3,16168,1.000,0.000,0.001,0.302,0.009,183.5,5.0,0,0.35,0.000,183.5,356.0,1.000,6.0,13.2,21.0,37.1,69.0,121.1,161.5,170.7,175.6,179.7,183.5,186.9,191.1,148.4,99.2,59.7,36.0,23.4,10.9
1035,20.720,0.000,845.8,168.8,-0.0,3,16255,1.000,0.000,0.000,0.300,0.009,182.4,4.9,0,0.36,0.000,182.4,354.9,1.000,6.0,13.2,21.1,37.2,69.0,121.1,160.6,169.7,174.5,178.7,182.4,185.8,190.0,148.4,99.1,59.7,36.0,23.4,10.9
1036,20.742,0.000,846.8,169.8,-0.0,3,16341,1.000,0.000,0.000,0.299,0.009,181.3,4.8,0,0.36,0.000,181.3,353.7,1.000,6.0,13.3,21.1,37.2,69.1,121.2,159.7,168.7,173.5,177.6,181.3,184.7,188.9,148.4,99.1,59.6,36.0,23.3,10.9
1037,20.764,0.000,847.9,170.7,-0.0,3,16427,1.000,0.000,0.000,0.297,0.009,180.2,4.6,0,0.36,0.000,180.2,352.6,1.000,6.0,13.3,21.2,37.3,69.2,121.3,158.8,167.7,172.4,176.6,180.2,183.6,187.8,148.9,99.0,59.6,35.9,23.3,10.9
1038,20.786,0.000,848.9,171.7,-0.0,3,16513,1.000,0.000,-0.004,0.296,0.009,179.2,4.5,0,0.47,0.000,179.2,355.9,1.000,6.0,13.3,21.2,37.4,69.4,121.6,157.9,166.7,171.4,175.5,179.2,182.5,186.7,191.1,98.9,59.5,35.9,23.3,10.9
1039,20.808,0.000,850.0,172.7,-0.0,3,16599,1.000,0.000,-0.003,0.294,0.009,178.1,4.4,0,0.46,0.000,178.1,354.8,1.000,6.0,13.4,21.3,37.5,69.7,122.3,157.2,165.8,170.5,174.5,178.1,181.5,185.7,190.0,98.6,59.4,35.8,23.2,10.9
1040,20.830,0.000,851.0,173.7,0.0,3,16685,1.000,0.000,-0.001,0.292,0.009,177.2,4.3,0,0.45,0.000,177.2,353.7,1.000,6.1,13.4,21.3,37.7,70.1,123.5,156.5,164.9,169.6,173.6,177.2,180.5,184.6,188.9,98.2,59.2,35.7,23.2,10.9
1041,20.852,0.000,852.1,174.6,0.0,3,16770,1.000,0.000,0.001,0.291,0.009,176.2,4.2,0,0.45,0.000,176.2,352.6,1.000,6.1,13.4,21.4,37.8,70.6,124.7,155.8,164.1,168.6,172.6,176.2,179.4,183.6,187.9,97.8,59.0,35.7,23.2,10.9
1042,20.874,0.000,853.2,175.6,0.1,3,16855,1.000,0.000,0.002,0.289,0.010,175.1,4.0,0,0.44,0.000,175.1,351.5,1.000,6.1,13.5,21.5,38.0,70.9,125.4,155.0,163.1,167.6,171.6,175.1,178.4,182.5,186.7,97.5,58.9,35.6,23.1,10.8
1043,20.896,0.000,854.2,176.5,0.1,3,16939,1.000,0.000,0.002,0.287,0.010,174.0,3.9,0,0.44,0.000,174.0,350.3,1.000,6.1,13.5,21.5,38.0,71.0,125.5,154.1,162.1,166.6,170.5,174.0,177.2,181.3,185.6,97.4,58.8,35.6,23.1,10.8
1044,20.918,0.000,855.3,177.5,0.0,3,17022,1.000,0.000,0.001,0.286,0.009,172.9,3.7,0,0.44,0.000,172.9,349.0,1.000,6.1,13.5,21.6,38.1,71.0,125.3,153.1,161.0,165.5,169.4,172.9,176.1,180.2,184.4,97.5,58.8,35.5,23.1,10.8
1045,20.940,0.000,856.4,178.5,0.0,3,17106,1.000,0.000,0.000,0.284,0.009,171.7,3.6,0,0.44,0.000,171.7,347.8,1.000,6.1,13.6,21.6,38.1,71.0,125.0,152.0,159.9,164.3,168.2,171.7,174.9,179.0,183.2,97.5,58.8,35.5,23.0,10.8
1046,20.962,0.000,857.5,179.4,-0.0,3,17190,1.000,0.000,0.000,0.282,0.009,170.5,3.4,0,0.44,0.000,170.5,346.5,1.000,6.1,13.6,21.6,38.2,71.0,124.9,151.0,158.8,163.2,167.1,170.5,173.7,177.8,182.0,97.5,58.8,35.5,23.0,10.8
1047,20.984,0.000,858.6,180.4,-0.0,3,17273,1.000,0.000,0.000,0.281,0.009,169.4,3.3,0,0.44,0.000,169.4,345.3,1.000,6.2,13.6,21.7,38.3,71.1,125.0,150.0,157.7,162.1,165.9,169.4,172.6,176.6,180.8,97.5,58.7,35.4,23.0,10.8
1048,21.006,0.000,859.7,181.3,-0.0,3,17356,1.000,0.000,0.000,0.279,0.009,168.3,3.2,0,0.44,0.000,168.3,344.0,1.000,6.2,13.6,21.7,38.3,71.3,125.2,149.1,156.7,161.0,164.8,168.3,171.4,175.4,179.6,97.4,58.6,35.4,23.0,10.8
1049,21.028,0.000,860.8,182.3,-0.0,3,17439,1.000,0.000,0.000,0.277,0.009,167.1,3.0,0,0.43,0.000,167.1,342.8,1.000,6.2,13.7,21.8,38.4,71.4,125.5,148.1,155.6,159.9,163.7,167.1,170.3,174.3,178.4,97.3,58.6,35.4,22.9,10.7
1050,21.050,0.000,861.9,183.2,-0.0,3,17521,1.000,0.000,0.001,0.276,0.009,166.0,2.9,0,0.43,0.000,166.0,341.5,1.000,6.2,13.7,21.8,38.5,71.6,125.8,147.2,154.6,158.8,162.6,166.0,169.1,173.1,177.2,97.1,58.5,35.3,22.9,10.7
1051,21.072,0.000,863.1,184.2,-0.0,3,17604,1.000,0.000,0.001,0.274,0.009,164.8,2.7,0,0.43,0.000,164.8,340.2,1.000,6.2,13.7,21.9,38.6,71.7,125.9,146.2,153.5,157.7,161.5,164.8,167.9,171.9,176.0,97.0,58.4,35.3,22.9,10.7
1052,21.094,0.000,864.2,185.1,-0.0,3,17686,1.000,0.000,0.001,0.272,0.009,163.6,2.6,0,0.43,0.000,163.6,338.9,1.000,6.2,13.8,21.9,38.6,71.8,125.9,145.2,152.4,156.6,160.3,163.6,166.7,170.7,174.8,97.0,58.4,35.2,22.9,10.7
1053,21.116,0.000,865.3,186.0,-0.0,3,17768,1.000,0.000,0.201,0.271,0.009,162.5,2.5,0,0.43,0.850,162.5,337.6,1.000,6.2,13.8,22.0,38.7,71.8,125.9,144.1,151.3,155.4,159.1,162.5,165.5,169.5,173.5,97.0,58.3,35.2,22.8,10.7
1054,21.138,0.000,866.5,186.9,0.2,3,17853,1.000,0.000,0.001,0.269,0.005,160.0,3.1,0,0.50,0.000,160.0,335.2,1.000,6.2,13.7,21.6,37.6,68.1,114.6,140.6,148.4,152.7,156.6,160.0,163.1,167.2,171.3,101.4,59.9,35.7,23.0,10.7
1055,21.160,0.000,867.6,187.8,-0.8,3,17947,1.000,0.000,0.201,0.268,-0.002,156.0,2.7,0,0.66,0.850,156.7,331.6,1.000,6.2,13.4,20.9,35.5,61.2,96.4,132.6,143.0,148.1,152.3,156.0,159.4,163.6,168.0,112.2,63.5,36.9,23.5,10.8
1056,21.182,0.000,868.8,188.7,-1.1,3,18036,1.000,0.000,0.001,0.268,-0.009,151.9,3.4,0,0.85,0.000,155.6,327.8,1.000,6.2,13.1,20.3,33.6,55.8,83.4,113.6,136.9,143.0,147.8,151.9,155.5,160.0,164.6,125.2,67.4,38.2,24.0,10.9
1057,21.204,0.000,869.9,189.6,-2.1,3,18135,1.000,0.000,0.135,0.269,-0.018,146.6,3.1,0,1.23,0.850,154.3,332.0,1.000,6.1,12.8,19.5,31.4,50.1,71.3,92.3,124.2,135.8,141.9,146.6,150.6,155.6,160.5,168.4,73.1,40.0,24.7,11.0
1058,21.226,0.000,871.1,190.5,-2.3,3,18221,1.000,0.000,-0.065,0.271,-0.025,141.6,3.5,0,1.41,0.000,153.1,328.4,1.000,6.0,12.5,18.8,29.8,46.1,63.7,79.9,102.8,127.0,135.9,141.6,146.1,151.5,156.8,165.1,78.7,41.6,25.3,11.1
1059,21.248,0.000,872.2,191.4,-3.0,3,18302,1.000,0.000,-0.232,0.274,-0.031,136.7,3.0,0,1.59,0.000,151.9,325.0,1.000,6.0,12.3,18.3,28.5,43.2,58.3,71.6,89.6,109.1,129.5,136.7,141.9,147.7,153.3,162.0,84.1,43.1,25.8,11.2
1060,21.270,0.000,873.4,192.3,-2.8,3,18350,1.000,0.000,-0.208,0.277,-0.027,138.1,2.9,0,1.47,0.000,150.6,324.9,1.000,6.0,12.4,18.5,29.2,44.9,61.4,76.5,97.5,121.2,132.2,138.1,142.8,148.3,153.6,162.0,80.7,42.2,25.6,11.1
1061,21.292,0.000,874.6,193.2,-1.1,3,18423,1.000,0.000,-0.134,0.279,-0.014,143.8,2.4,0,1.15,0.000,149.4,327.6,1.000,6.0,12.8,19.5,31.9,51.8,75.5,99.7,127.5,134.5,139.5,143.8,147.5,152.1,156.8,164.4,70.9,39.5,24.6,11.0
1062,21.314,0.000,875.8,194.1,1.0,3,18536,1.000,0.000,-0.037,0.280,0.002,149.1,2.7,0,0.59,0.000,149.1,323.0,1.000,6.1,13.4,21.0,36.1,64.1,104.7,129.9,137.7,142.0,145.7,149.1,152.2,156.2,160.3,106.5,61.8,36.5,23.4,10.8
1063,21.336,0.000,877.0,194.9,2.8,3,18640,1.000,0.000,0.163,0.281,0.015,152.4,2.9,0,0.35,0.850,152.4,325.5,1.000,6.2,13.9,22.4,40.5,79.3,128.2,136.9,142.7,146.2,149.4,152.4,155.2,158.8,162.5,90.3,56.1,34.5,22.6,10.7
1064,21.358,0.000,878.2,195.2,3.6,4,15097,1.000,0.000,0.053,0.281,0.019,152.4,-13.5,0,0.29,0.000,152.4,325.2,1.000,6.2,14.0,22.8,42.0,85.2,129.9,137.7,143.1,146.4,149.5,152.4,155.0,158.5,162.2,86.5,54.6,33.9,22.4,10.7
1065,21.380,0.000,879.4,194.9,2.2,4,15069,1.000,0.000,0.024,0.280,0.014,149.4,-14.5,0,0.38,0.000,149.4,322.1,1.000,6.2,13.8,22.2,39.9,77.0,124.9,133.9,139.6,143.2,146.4,149.4,152.1,155.7,159.5,92.1,56.7,34.7,22.7,10.7
1066,21.402,0.000,880.5,194.6,0.9,4,14412,1.000,0.000,0.224,0.280,0.008,146.3,-15.3,0,0.47,0.850,146.3,319.0,1.000,6.2,13.6,21.6,38.0,70.2,118.5,129.7,136.0,139.8,143.2,146.3,149.1,152.9,156.8,98.5,59.1,35.6,23.0,10.8
1067,21.424,0.000,881.7,194.9,0.3,4,14935,1.000,0.000,0.024,0.279,-0.000,142.1,-2.3,0,0.66,0.000,142.2,314.9,1.000,6.1,13.3,20.8,35.4,61.8,98.5,123.0,130.7,135.0,138.7,142.1,145.1,149.1,153.2,110.5,63.1,37.0,23.6,10.9
1068,21.446,0.000,882.9,195.5,-1.3,4,15006,1.000,0.000,0.160,0.280,-0.012,136.2,-1.9,0,1.11,0.850,140.9,317.8,1.000,6.0,12.8,19.7,32.3,52.8,77.5,103.3,122.3,127.9,132.4,136.2,139.7,144.0,148.4,155.7,69.9,39.2,24.5,11.0
1069,21.468,0.000,884.1,196.1,-2.0,4,15051,1.000,0.000,-0.040,0.281,-0.022,130.5,-1.5,0,1.34,0.000,139.7,313.2,1.000,6.0,12.4,18.8,29.9,46.8,65.4,82.9,108.2,120.1,125.9,130.5,134.4,139.2,144.0,151.7,77.2,41.3,25.3,11.1
1070,21.490,0.000,885.3,196.7,-3.1,4,15090,1.000,0.000,0.051,0.284,-0.031,124.7,-2.1,0,1.58,0.850,138.4,308.8,1.000,5.9,12.1,18.0,28.1,42.6,57.5,70.6,88.4,107.7,119.0,124.7,129.3,134.6,139.7,147.9,84.8,43.4,26.0,11.3
1071,21.512,0.000,886.5,197.4,-2.8,4,15119,1.000,0.000,-0.149,0.288,-0.035,121.3,-2.5,0,1.71,0.000,137.1,305.9,1.000,5.8,11.9,17.7,27.3,40.8,54.4,66.1,81.5,97.7,114.6,121.3,126.2,131.7,137.1,145.5,88.8,44.5,26.4,11.3
1072,21.534,0.000,887.7,198.0,-2.7,4,15152,1.000,0.000,-0.254,0.292,-0.035,120.3,-2.8,0,1.71,0.000,135.8,304.5,1.000,5.8,11.9,17.6,27.2,40.7,54.3,66.1,81.6,98.0,113.8,120.3,125.1,130.6,135.9,144.2,88.7,44.6,26.5,11.4
1073,21.556,0.000,889.0,198.7,-1.6,4,15197,1.000,0.000,-0.193,0.296,-0.024,124.9,-2.5,0,1.40,0.000,134.5,306.4,1.000,5.8,12.1,18.3,29.0,45.1,62.6,78.8,102.1,114.5,120.3,124.9,128.7,133.5,138.2,145.9,79.3,42.2,25.7,11.3
1074,21.578,0.000,890.2,199.3,0.5,4,15273,1.000,0.000,-0.102,0.299,-0.007,130.5,-2.1,0,1.03,0.000,133.2,309.6,1.000,5.9,12.6,19.5,32.5,54.5,82.3,109.3,118.6,123.2,127.1,130.5,133.7,137.7,141.8,148.7,68.1,38.9,24.5,11.1
1075,21.600,0.000,891.4,199.8,2.5,4,15346,1.000,0.000,-0.008,0.300,0.008,134.8,-1.7,0,0.53,0.000,134.8,304.8,1.000,6.0,13.2,21.0,37.0,68.5,110.4,119.5,125.2,128.7,131.9,134.8,137.5,141.1,144.8,99.7,59.9,36.1,23.4,10.9
1076,21.622,0.000,892.6,200.5,3.7,4,15392,1.000,0.000,0.192,0.301,0.019,136.8,-1.8,0,0.35,0.850,136.8,306.4,1.000,6.0,13.6,22.2,40.8,82.8,116.6,123.4,128.2,131.3,134.1,136.8,139.3,142.6,146.1,87.9,55.4,34.4,22.7,10.8
1077,21.644,0.000,893.8,201.1,4.0,4,15407,1.000,0.000,0.052,0.301,0.020,135.7,-2.3,0,0.34,0.000,135.7,305.0,1.000,6.1,13.7,22.2,41.0,83.7,115.8,122.4,127.2,130.2,133.0,135.7,138.2,141.4,144.9,87.4,55.2,34.4,22.7,10.8
1078,21.666,0.000,895.1,201.8,2.2,4,15430,1.000,0.000,0.009,0.301,0.012,132.0,-3.4,0,0.48,0.000,132.0,301.2,1.000,6.0,13.3,21.4,38.1,72.2,110.0,117.7,122.9,126.2,129.2,132.0,134.6,138.0,141.6,95.9,58.5,35.6,23.2,10.9
1079,21.688,0.000,896.3,202.5,0.6,4,15474,1.000,0.000,0.209,0.300,0.006,128.8,-3.6,0,0.80,0.850,128.8,305.3,1.000,6.0,13.1,20.8,36.2,65.6,104.5,113.7,119.3,122.8,125.9,128.8,131.5,135.1,138.8,145.0,61.1,36.5,23.6,11.0
1080,21.710,0.000,897.5,203.1,0.2,4,15526,1.000,0.000,0.009,0.300,-0.001,125.2,-2.9,0,0.92,0.000,125.7,301.8,1.000,5.9,12.8,20.1,34.1,59.0,93.2,108.6,115.0,118.8,122.1,125.2,128.0,131.7,135.5,142.0,64.8,37.8,24.1,11.0
1081,21.732,0.000,898.8,203.7,-1.3,4,15582,1.000,0.000,0.151,0.301,-0.011,120.4,-3.2,0,1.11,0.850,124.4,297.2,1.000,5.9,12.5,19.2,31.5,51.7,76.2,99.7,108.8,113.2,117.0,120.4,123.5,127.4,131.5,138.3,70.6,39.7,24.8,11.2
1082,21.754,0.000,900.0,204.3,-1.7,4,15633,1.000,0.000,-0.049,0.302,-0.020,116.0,-2.7,0,1.31,0.000,123.1,293.0,1.000,5.8,12.2,18.4,29.6,46.8,66.1,84.7,102.3,107.9,112.2,116.0,119.3,123.5,127.8,134.8,76.4,41.4,25.5,11.3
1083,21.776,0.000,901.3,204.9,-2.7,4,15680,1.000,0.000,-0.212,0.305,-0.027,111.7,-3.1,0,1.50,0.000,121.7,289.0,1.000,5.7,11.9,17.8,28.1,43.1,59.1,73.6,93.7,102.4,107.5,111.7,115.3,119.7,124.2,131.6,82.4,43.2,26.1,11.4
1084,21.798,0.000,902.5,205.5,-2.5,4,15708,1.000,0.000,-0.191,0.307,-0.023,112.1,-3.2,0,1.41,0.000,120.4,288.4,1.000,5.7,12.0,18.0,28.7,44.7,62.1,78.5,97.5,103.7,108.2,112.1,115.4,119.7,124.0,131.2,79.5,42.4,25.9,11.4
1085,21.820,0.000,903.8,206.1,-0.8,4,15761,1.000,0.000,-0.117,0.309,-0.010,115.8,-3.2,0,1.10,0.000,119.1,290.8,1.000,5.8,12.4,19.0,31.4,52.0,77.3,97.5,105.0,109.1,112.6,115.8,118.7,122.5,126.4,133.0,70.2,39.7,24.9,11.2
1086,21.842,0.000,905.1,206.7,1.3,4,15826,1.000,0.000,-0.035,0.310,0.005,119.5,-3.0,0,0.84,0.000,119.5,293.3,1.000,5.9,12.9,20.4,35.5,64.2,97.6,105.4,110.5,113.8,116.7,119.5,122.0,125.4,129.0,135.1,61.8,36.9,23.8,11.1
1087,21.864,0.000,906.3,207.3,2.8,4,15878,1.000,0.000,0.165,0.310,0.017,121.5,-3.0,0,0.45,0.850,121.5,287.4,1.000,6.0,13.4,21.6,39.4,78.2,103.1,109.1,113.5,116.3,119.0,121.5,123.9,127.0,130.4,91.7,56.7,35.0,23.0,10.9
1088,21.886,0.000,907.6,208.0,3.4,4,15902,1.000,0.000,0.047,0.310,0.019,120.8,-3.2,0,0.40,0.000,120.8,286.4,1.000,6.0,13.5,21.9,40.3,82.0,103.1,108.8,113.0,115.8,118.4,120.8,123.2,126.2,129.5,88.5,55.7,34.7,22.9,10.9
1089,21.908,0.000,908.9,208.6,2.0,4,15930,1.000,0.000,0.006,0.309,0.013,117.8,-4.1,0,0.73,0.000,117.8,290.1,1.000,5.9,13.2,21.3,38.1,73.1,99.1,105.2,109.7,112.6,115.3,117.8,120.2,123.3,126.7,132.5,58.2,35.6,23.2,11.0
1090,21.930,0.000,910.1,209.3,0.7,4,15974,1.000,0.000,0.206,0.308,0.008,115.1,-4.3,0,0.80,0.850,115.1,287.0,1.000,5.9,13.1,20.8,36.5,67.6,95.6,102.2,106.8,109.8,112.5,115.1,117.5,120.7,124.2,130.0,60.3,36.3,23.5,11.0
1091,21.952,0.000,911.4,209.9,0.2,4,16025,1.000,0.000,0.006,0.307,0.002,111.8,-3.6,0,0.90,0.000,111.8,283.4,1.000,5.9,12.8,20.2,34.6,61.0,90.7,98.2,103.2,106.3,109.2,111.8,114.4,117.7,121.2,127.2,63.5,37.4,24.0,11.1
1092,21.974,0.000,912.7,210.5,-1.3,4,16080,1.000,0.000,0.164,0.307,-0.008,107.5,-3.9,0,1.07,0.850,110.0,278.7,1.000,5.8,12.5,19.3,32.0,53.4,80.3,92.3,98.1,101.6,104.7,107.5,110.2,113.7,117.4,123.6,68.9,39.2,24.7,11.2
1093,21.996,0.000,914.0,211.1,-1.7,4,16130,1.000,0.000,-0.036,0.308,-0.016,103.6,-3.3,0,1.25,0.000,108.7,274.4,1.000,5.8,12.2,18.5,30.0,48.2,69.2,86.1,93.2,97.1,100.5,103.6,106.4,110.0,113.8,120.3,74.4,40.9,25.3,11.3
1094,22.018,0.000,915.3,211.7,-2.7,4,16179,1.000,0.000,0.072,0.310,-0.024,99.6,-3.7,0,1.46,0.850,107.3,269.9,1.000,5.7,11.9,17.9,28.4,44.1,61.0,76.8,88.0,92.5,96.3,99.6,102.6,106.4,110.3,117.0,80.5,42.7,26.0,11.4
1095,22.040,0.000,916.6,212.3,-2.4,4,16216,1.000,0.000,-0.128,0.313,-0.028,96.9,-3.8,0,2.02,0.470,105.9,281.5,1.000,5.7,11.7,17.5,27.5,42.1,57.4,71.3,84.5,89.5,93.4,96.9,99.9,103.8,107.9,114.6,125.9,43.7,26.4,11.5
1096,22.062,0.000,917.9,212.9,-2.6,4,16258,1.000,0.000,-0.164,0.317,-0.029,95.3,-4.0,0,2.04,0.470,104.5,279.2,1.000,5.6,11.6,17.4,27.2,41.6,56.6,70.1,83.1,88.0,91.9,95.3,98.4,102.3,106.3,113.0,124.3,44.0,26.5,11.5
1097,22.084,0.000,919.2,213.5,-1.4,4,16301,1.000,0.000,-0.098,0.320,-0.020,97.3,-4.0,0,1.37,0.470,103.2,264.7,1.000,5.7,11.9,18.0,28.9,45.7,64.6,80.1,87.1,90.9,94.3,97.3,100.0,103.6,107.3,113.7,77.6,42.0,25.8,11.4
1098,22.106,0.000,920.5,214.1,0.5,4,16357,1.000,0.000,-0.030,0.323,-0.007,99.9,-4.0,0,1.10,0.470,101.8,266.5,1.000,5.7,12.2,18.9,31.6,53.0,78.3,86.2,91.3,94.4,97.2,99.9,102.3,105.6,109.1,115.0,69.0,39.5,24.9,11.3
1099,22.128,0.000,921.8,214.7,2.0,4,16403,1.000,0.000,0.170,0.325,0.003,101.2,-4.1,0,0.94,0.850,101.2,267.4,1.000,5.7,12.5,19.7,34.0,60.5,83.1,89.1,93.4,96.2,98.8,101.2,103.5,106.6,109.9,115.6,63.7,37.7,24.2,11.2
1100,22.150,0.000,923.1,215.3,2.6,4,16432,1.000,0.000,-0.030,0.326,0.004,100.2,-4.1,0,0.93,0.000,100.2,265.7,1.000,5.7,12.6,19.8,34.3,61.5,82.6,88.3,92.5,95.2,97.8,100.2,102.5,105.5,108.7,114.4,63.2,37.6,24.2,11.2
1101,22.172,0.000,924.4,216.0,1.1,4,16467,1.000,0.000,0.170,0.328,-0.001,97.3,-4.7,0,1.03,0.850,97.7,262.0,1.000,5.7,12.3,19.3,32.7,56.7,78.9,85.1,89.4,92.2,94.9,97.3,99.6,102.7,106.0,111.7,66.1,38.6,24.6,11.3
1102,22.194,0.000,925.8,216.6,0.6,4,16521,1.000,0.000,-0.030,0.330,-0.007,94.4,-4.3,0,1.14,0.000,96.3,258.1,1.000,5.6,12.1,18.7,31.2,52.4,74.9,81.7,86.3,89.2,91.9,94.4,96.8,99.9,103.2,109.0,69.5,39.7,25.0,11.4
1103,22.216,0.000,927.1,217.2,-1.0,4,16576,1.000,0.000,-0.167,0.332,-0.015,90.8,-4.3,0,1.78,0.000,94.9,267.5,1.000,5.6,11.8,18.0,29.3,47.3,68.4,77.1,82.2,85.3,88.1,90.8,93.2,96.5,99.9,105.9,116.2,41.3,25.7,11.5
1104,22.238,0.000,928.4,217.8,-1.4,4,16610,1.000,0.000,-0.157,0.334,-0.013,90.0,-4.2,0,1.75,0.000,93.5,265.8,1.000,5.6,11.8,18.1,29.6,48.3,69.4,76.9,81.7,84.7,87.4,90.0,92.4,95.5,98.9,104.8,114.9,41.0,25.6,11.5
1105,22.260,0.000,929.7,218.4,-0.2,4,16657,1.000,0.000,-0.083,0.335,-0.002,91.5,-4.3,0,1.09,0.000,92.1,252.8,1.000,5.6,12.2,19.0,32.1,55.3,74.4,80.0,84.0,86.7,89.2,91.5,93.7,96.7,99.9,105.5,67.3,39.0,24.8,11.4
1106,22.282,0.000,931.1,218.9,1.5,4,16712,1.000,0.000,-0.017,0.335,0.010,93.2,-4.4,0,0.88,0.000,93.2,254.3,1.000,5.7,12.6,20.1,35.6,66.0,78.2,82.8,86.4,88.8,91.1,93.2,95.3,98.1,101.1,106.4,60.8,36.8,23.9,11.2
1107,22.304,0.000,932.4,219.5,2.6,4,16754,1.000,0.000,0.027,0.334,0.018,93.8,-4.5,0,0.76,0.000,93.8,254.5,1.000,5.8,13.0,21.0,38.5,70.0,79.8,84.0,87.3,89.6,91.7,93.8,95.8,98.4,101.3,106.4,57.2,35.5,23.4,11.1
1108,22.326,0.000,933.8,220.1,2.7,4,16793,1.000,0.000,0.039,0.333,0.021,92.9,-4.8,0,0.74,0.000,92.9,253.0,1.000,5.8,13.1,21.3,39.5,70.2,79.4,83.4,86.6,88.8,90.9,92.9,94.9,97.5,100.3,105.3,56.2,35.1,23.2,11.1
1109,22.348,0.000,935.1,220.8,2.0,4,16829,1.000,0.000,0.028,0.330,0.018,91.0,-5.1,0,0.77,0.000,91.0,250.1,1.000,5.8,13.0,21.2,38.8,68.5,77.6,81.6,84.8,87.0,89.0,91.0,93.0,95.6,98.4,103.4,56.9,35.3,23.3,11.1
1110,22.370,0.000,936.5,221.4,1.0,4,16869,1.000,0.000,0.009,0.328,0.015,88.8,-5.3,0,0.82,0.000,88.8,246.9,1.000,5.8,12.9,20.8,37.6,66.1,75.3,79.3,82.5,84.7,86.8,88.8,90.7,93.3,96.2,101.2,58.4,35.8,23.5,11.1
1111,22.392,0.000,937.8,222.0,0.2,4,16911,1.000,0.000,-0.007,0.326,0.012,86.7,-5.4,0,0.88,0.000,86.7,244.0,1.000,5.8,12.9,20.6,36.7,64.1,73.3,77.3,80.5,82.7,84.7,86.7,88.7,91.3,94.1,99.1,60.0,36.3,23.6,11.1
1112,22.414,0.000,939.2,222.6,-0.1,4,16954,1.000,0.000,-0.015,0.323,0.010,85.0,-5.5,0,0.92,0.000,85.0,241.4,1.000,5.8,12.9,20.5,36.4,62.8,71.8,75.7,78.9,81.0,83.1,85.0,87.0,89.5,92.4,97.3,62.4,36.4,23.7,11.1
1113,22.436,0.000,940.5,223.2,-0.2,4,16997,1.000,0.000,-0.030,0.321,0.011,83.7,-5.6,0,1.41,0.000,83.7,252.5,1.000,5.8,12.9,20.7,36.7,62.2,70.8,74.6,77.7,79.8,81.8,83.7,85.6,88.1,90.9,95.9,104.8,36.3,23.6,11.1
1114,22.458,0.000,941.9,223.8,-0.0,4,17044,1.000,0.000,-0.020,0.318,0.013,82.7,-5.6,0,1.39,0.000,82.7,250.6,1.000,5.9,13.1,20.9,37.5,62.1,70.2,73.9,76.8,78.9,80.8,82.7,84.6,87.1,89.8,94.7,103.5,35.9,23.4,11.0
1115,22.480,0.000,943.3,224.4,0.3,4,17090,1.000,0.000,-0.006,0.315,0.015,81.9,-5.6,0,1.36,0.000,81.9,248.8,1.000,5.9,13.2,21.3,38.5,62.1,69.7,73.3,76.1,78.1,80.0,81.9,83.7,86.1,88.8,93.6,102.3,35.4,23.2,11.0
1116,22.502,0.000,944.6,225.0,0.5,4,17133,1.000,0.000,0.004,0.312,0.017,80.9,-5.7,0,1.34,0.000,80.9,246.9,1.000,5.9,13.3,21.6,39.4,61.8,69.0,72.5,75.3,77.2,79.0,80.9,82.6,85.0,87.6,92.3,100.9,35.0,23.0,10.9
1117,22.524,0.000,946.0,225.6,0.6,4,17175,1.000,0.000,0.007,0.308,0.018,79.6,-5.8,0,1.33,0.000,79.6,244.7,1.000,6.0,13.4,21.8,39.8,61.1,68.0,71.3,74.1,76.0,77.8,79.6,81.3,83.6,86.2,90.9,99.4,34.9,22.9,10.9
1118,22.546,0.000,947.4,226.2,0.4,4,17217,1.000,0.000,0.006,0.305,0.017,78.1,-5.9,0,1.33,0.000,78.1,242.3,1.000,6.0,13.5,21.9,39.9,60.0,66.8,70.0,72.7,74.5,76.3,78.1,79.8,82.1,84.7,89.3,97.7,34.8,22.9,10.9
1119,22.568,0.000,948.8,226.8,0.2,4,17259,1.000,0.000,0.003,0.301,0.017,76.5,-6.0,0,1.34,0.000,76.5,239.8,1.000,6.0,13.5,21.9,39.8,58.9,65.4,68.6,71.2,73.0,74.8,76.5,78.2,80.5,83.0,87.6,96.0,34.8,22.9,10.9
1120,22.590,0.000,950.2,227.4,0.0,4,17304,1.000,0.000,-0.001,0.297,0.016,75.0,-6.0,0,1.34,0.000,75.0,237.2,1.000,6.1,13.6,21.9,39.7,57.8,64.1,67.2,69.7,71.5,73.3,75.0,76.6,78.9,81.4,85.9,94.2,34.8,22.9,10.8
1121,22.612,0.000,951.6,228.0,-0.0,4,17347,1.000,0.000,-0.002,0.294,0.016,73.5,-6.1,0,1.34,0.000,73.5,234.6,1.000,6.1,13.6,22.0,39.8,56.7,62.8,65.8,68.3,70.1,71.8,73.5,75.1,77.3,79.8,84.2,92.5,34.8,22.8,10.8
1122,22.634,0.000,953.0,228.6,-0.1,4,17390,1.000,0.000,-0.002,0.290,0.015,72.0,-6.1,0,1.34,0.000,72.0,232.0,1.000,6.1,13.7,22.1,40.0,55.7,61.6,64.6,67.0,68.7,70.4,72.0,73.6,75.8,78.3,82.6,90.8,34.7,22.8,10.8
1123,22.656,0.000,954.4,229.2,-0.0,4,17432,1.000,0.000,-0.000,0.286,0.016,70.6,-6.2,0,1.33,0.000,70.6,229.5,1.000,6.2,13.8,22.2,40.3,54.8,60.5,63.3,65.7,67.4,69.0,70.6,72.2,74.3,76.7,81.1,89.2,34.6,22.7,10.7
1124,22.678,0.000,955.8,229.8,0.0,4,17475,0.000,0.024,0.001,0.283,0.016,69.2,-6.3,0,1.33,0.000,69.2,227.0,0.693,6.2,13.9,22.4,40.4,53.8,59.3,62.1,64.4,66.0,67.6,69.2,70.8,72.9,75.2,79.5,87.5,34.5,22.6,10.7
1125,22.700,0.000,957.2,229.5,0.0,4,16925,0.000,0.143,0.002,0.279,0.016,67.8,-18.8,0,1.32,0.000,67.8,224.3,0.478,6.2,13.9,22.5,40.3,52.8,58.1,60.8,63.1,64.7,66.3,67.8,69.3,71.4,73.7,77.9,85.8,34.4,22.5,10.7
1126,22.722,0.000,958.6,228.5,0.1,4,16801,0.000,0.232,0.003,0.275,0.016,66.4,-16.3,0,1.32,0.000,66.4,221.6,0.000,6.2,14.0,22.6,40.1,51.8,57.0,59.6,61.8,63.3,64.9,66.4,67.9,69.9,72.2,76.3,84.2,34.2,22.5,10.7
1127,22.744,0.000,960.0,227.3,0.1,4,16665,0.000,0.308,0.003,0.272,0.016,65.0,-14.3,0,1.32,0.000,65.0,218.8,0.000,6.3,14.1,22.7,39.8,50.8,55.8,58.3,60.5,62.0,63.5,65.0,66.4,68.4,70.7,74.8,82.5,34.1,22.4,10.6
1128,22.766,0.000,961.3,225.8,0.1,4,16514,0.000,0.373,0.003,0.268,0.016,63.5,-12.7,0,1.32,0.000,63.5,216.0,0.000,6.3,14.1,22.8,39.3,49.8,54.6,57.0,59.1,60.6,62.1,63.5,65.0,66.9,69.1,73.2,80.8,34.1,22.3,10.6
1129,22.788,0.000,962.7,224.0,0.1,4,16353,0.000,0.429,0.003,0.265,0.016,62.1,-11.4,0,1.33,0.000,62.1,213.2,0.000,6.3,14.2,22.9,38.8,48.8,53.4,55.8,57.8,59.3,60.7,62.1,63.5,65.4,67.6,71.6,79.2,34.0,22.3,10.6
1130,22.810,0.000,964.1,222.1,0.0,4,16182,0.000,0.478,0.002,0.261,0.016,60.7,-9.9,0,1.34,0.000,60.7,210.3,0.000,6.4,14.3,23.0,38.3,47.7,52.2,54.5,56.5,57.9,59.3,60.7,62.1,64.0,66.1,70.0,77.5,34.2,22.2,10.5
1131,22.832,0.000,965.4,220.1,0.0,4,16008,0.000,0.520,0.002,0.258,0.016,59.3,-8.2,0,1.35,0.000,59.3,207.5,0.000,6.4,14.3,23.1,37.7,46.7,51.0,53.3,55.2,56.6,58.0,59.3,60.6,62.5,64.6,68.4,75.8,34.5,22.2,10.5
1132,22.854,0.000,966.8,217.9,0.0,4,15822,0.000,0.555,0.002,0.254,0.016,57.9,-6.4,0,1.36,0.000,57.9,204.6,0.000,6.4,14.4,23.2,37.2,45.7,49.9,52.0,53.9,55.3,56.6,57.9,59.2,61.1,63.1,66.9,74.2,35.1,22.1,10.5
1133,22.876,0.000,968.1,215.6,0.0,4,15630,0.000,0.586,0.001,0.251,0.016,56.6,-4.6,0,1.39,0.000,56.6,201.7,0.000,6.5,14.5,23.3,36.5,44.7,48.7,50.8,52.7,54.0,55.3,56.6,57.9,59.6,61.7,65.4,72.6,36.2,22.1,10.5
1134,22.898,0.000,969.4,213.3,0.1,4,15433,0.000,0.613,-0.000,0.247,0.016,55.3,-2.6,0,1.45,0.000,55.3,198.9,0.000,6.5,14.5,23.5,35.9,43.7,47.6,49.7,51.5,52.7,54.0,55.3,56.5,58.3,60.2,63.9,71.0,38.8,22.0,10.4
1135,22.920,0.000,970.7,210.8,0.1,4,15232,0.000,0.636,-0.200,0.244,0.016,54.0,-0.9,0,2.63,-0.336,54.0,196.0,0.000,6.5,14.6,23.6,35.3,42.8,46.5,48.5,50.2,51.5,52.7,54.0,55.2,56.9,58.8,62.4,69.5,80.5,21.9,10.4
1136,22.942,0.000,972.0,208.4,-0.1,4,15032,0.000,0.615,-0.371,0.240,0.020,53.2,6.4,0,2.60,-0.387,53.2,194.1,0.000,6.6,14.9,24.1,35.2,42.3,46.0,47.9,49.6,50.8,52.0,53.2,54.4,56.1,58.0,61.5,68.4,79.4,21.6,10.3
1137,22.964,0.000,973.2,206.1,1.0,4,14866,0.000,0.493,-0.323,0.235,0.032,53.6,17.3,0,2.49,-0.384,53.6,194.2,0.000,6.7,15.6,25.5,36.2,43.1,46.6,48.4,50.1,51.3,52.4,53.6,54.8,56.4,58.3,61.7,68.5,79.2,20.8,10.2
1138,22.986,0.000,974.5,203.8,2.9,4,14744,0.000,0.311,-0.246,0.229,0.051,54.7,17.0,0,1.09,-0.465,54.7,195.5,0.000,6.9,16.7,27.3,37.7,44.4,47.8,49.6,51.2,52.4,53.5,54.7,55.8,57.4,59.2,62.6,69.2,32.1,19.8,9.9
1139,23.008,0.000,975.7,201.7,4.9,4,14678,0.000,0.126,-0.046,0.221,0.070,55.9,5.5,0,0.91,0.000,55.9,197.1,-0.007,7.1,18.1,29.1,39.3,45.8,49.2,51.0,52.5,53.6,54.8,55.9,57.0,58.5,60.3,63.6,70.1,28.5,18.7,9.7
1140,23.030,0.000,977.0,200.0,6.8,4,14660,0.000,0.000,0.154,0.211,0.088,56.8,-12.1,0,0.77,0.000,56.8,198.3,0.000,7.4,19.6,30.7,40.6,47.0,50.3,52.0,53.6,54.7,55.8,56.8,57.9,59.5,61.2,64.4,70.7,26.1,17.8,9.5
1141,23.052,0.000,978.2,199.2,7.9,4,14672,0.000,0.000,0.354,0.200,0.097,56.6,-17.4,0,0.71,0.000,56.6,197.4,0.000,7.6,20.3,31.1,40.7,47.0,50.2,51.9,53.4,54.4,55.5,56.6,57.6,59.1,60.8,64.0,70.2,25.3,17.3,9.3
1142,23.074,0.000,979.4,198.6,6.4,4,14650,0.000,0.209,0.329,0.188,0.087,54.1,-17.0,0,0.79,0.000,54.1,192.5,0.000,7.6,19.7,29.6,38.7,44.7,47.8,49.5,50.9,52.0,53.0,54.1,55.1,56.6,58.3,61.4,67.6,27.5,17.5,9.3
1143,23.096,0.000,980.6,197.8,2.7,4,14502,0.000,0.590,0.129,0.177,0.063,49.9,-10.2,0,2.25,-0.668,49.9,184.0,0.000,7.5,18.3,26.9,35.2,40.9,43.8,45.4,46.8,47.8,48.8,49.9,50.9,52.3,53.9,57.0,63.2,73.2,18.6,9.4
1144,23.118,0.000,981.8,196.0,-1.6,4,14145,0.000,0.974,-0.071,0.167,0.035,45.5,1.4,0,2.44,-0.746,45.5,174.6,0.000,7.3,16.9,24.3,31.8,37.0,39.7,41.2,42.6,43.5,44.5,45.5,46.5,47.9,49.5,52.5,58.5,68.5,20.3,9.6
1145,23.140,0.000,983.0,193.5,-4.8,4,13597,0.000,0.500,-0.271,0.159,0.017,42.3,24.9,0,2.59,-0.790,42.3,167.1,0.000,7.3,16.0,22.6,29.4,34.2,36.8,38.2,39.5,40.4,41.3,42.3,43.2,44.5,46.1,49.0,54.9,64.9,22.3,9.7
1146,23.162,0.000,984.2,191.0,-6.0,4,13691,0.000,0.500,-0.471,0.151,0.010,40.4,23.9,0,2.68,-0.810,40.4,162.0,0.000,7.3,15.7,21.9,28.1,32.7,35.2,36.5,37.7,38.6,39.5,40.4,41.3,42.6,44.1,46.9,52.8,62.6,23.8,9.7
1147,23.184,0.000,985.3,188.7,-5.2,4,13592,0.000,0.500,-0.556,0.143,0.016,40.0,23.4,0,2.65,-0.577,40.0,160.8,0.000,7.4,15.9,21.9,28.0,32.4,34.9,36.2,37.4,38.2,39.1,40.0,40.9,42.1,43.6,46.4,52.1,61.8,23.9,9.5
1148,23.206,0.000,986.5,186.6,-2.6,4,13471,0.000,1.000,-0.393,0.134,0.035,40.8,25.6,0,2.51,-0.470,40.8,162.7,0.000,7.6,16.5,22.7,28.9,33.3,35.7,37.0,38.2,39.1,39.9,40.8,41.7,42.9,44.4,47.2,52.8,62.4,22.3,9.3
1149,23.228,0.000,987.6,184.0,0.9,4,12865,0.000,0.417,-0.392,0.124,0.061,42.2,46.3,0,2.35,-0.684,42.2,165.5,0.000,7.9,17.4,23.8,30.2,34.7,37.1,38.4,39.6,40.5,41.3,42.2,43.1,44.4,45.8,48.6,54.2,63.6,20.3,9.0
1150,23.250,0.000,988.7,181.4,4.1,4,13035,0.000,0.286,-0.288,0.114,0.086,43.6,39.1,0,2.21,-0.684,43.6,168.1,0.000,8.3,18.2,24.9,31.4,36.0,38.4,39.8,40.9,41.8,42.7,43.6,44.4,45.7,47.1,49.9,55.4,64.8,18.8,8.7
1151,23.272,0.000,989.8,179.2,6.5,4,12995,0.000,0.356,-0.260,0.102,0.108,44.6,20.5,0,2.10,-0.810,44.6,170.2,0.000,8.6,19.0,25.9,32.5,37.1,39.5,40.8,42.0,42.9,43.8,44.6,45.5,46.8,48.2,50.9,56.4,65.7,17.7,8.5
1152,23.294,0.000,990.9,177.2,8.2,4,12788,0.000,0.176,-0.176,0.088,0.129,45.5,10.6,0,2.01,-0.810,45.5,171.9,0.000,8.8,19.7,26.7,33.4,38.0,40.4,41.8,42.9,43.8,44.7,45.5,46.4,47.7,49.1,51.8,57.3,66.4,16.8,8.3
1153,23.316,0.000,992.0,175.5,9.6,4,12775,0.000,0.023,-0.097,0.072,0.149,46.3,-2.0,0,1.93,-0.810,46.3,173.3,-0.007,9.1,20.3,27.4,34.1,38.8,41.2,42.5,43.7,44.6,45.4,46.3,47.2,48.4,49.8,52.5,57.9,67.0,16.1,8.0
1154,23.338,0.000,993.0,174.4,10.7,4,12808,0.000,0.000,-0.022,0.055,0.168,46.9,-12.5,0,1.86,-0.810,46.9,174.5,0.043,9.4,20.8,28.1,34.8,39.4,41.9,43.2,44.4,45.2,46.1,46.9,47.8,49.0,50.4,53.1,58.5,67.4,15.4,7.8
1155,23.360,0.000,994.1,173.8,11.4,4,12783,0.000,0.000,0.044,0.035,0.184,47.3,-15.4,0,1.81,-0.810,47.3,175.1,0.093,9.6,21.3,28.5,35.3,39.9,42.3,43.6,44.8,45.6,46.5,47.3,48.2,49.4,50.8,53.4,58.8,67.6,14.9,7.7
1156,23.382,0.000,995.2,173.2,11.5,4,12749,0.000,0.000,0.042,0.014,0.186,47.3,-15.9,0,1.77,-0.810,47.3,174.6,0.143,9.8,21.5,28.7,35.3,39.9,42.3,43.6,44.7,45.6,46.4,47.3,48.1,49.3,50.7,53.3,58.6,67.3,14.6,7.5
1157,23.404,0.000,996.2,172.8,10.6,4,12725,0.025,0.000,-0.007,-0.007,0.179,46.6,-15.7,0,1.76,-0.810,46.6,173.0,0.193,9.9,21.4,28.4,34.9,39.4,41.7,43.0,44.1,45.0,45.8,46.6,47.5,48.6,50.0,52.6,57.8,66.5,14.6,7.4
1158,23.426,0.000,997.3,172.4,8.9,4,12723,0.000,0.006,-0.052,-0.028,0.167,45.6,-14.8,0,1.76,-0.810,45.6,170.6,0.128,9.9,21.1,27.9,34.2,38.5,40.8,42.1,43.2,44.0,44.8,45.6,46.4,47.6,48.9,51.5,56.6,65.2,14.7,7.3
1159,23.448,0.000,998.3,172.0,7.0,4,12685,0.000,0.125,-0.104,-0.048,0.154,44.5,-14.5,0,1.77,-0.810,44.5,167.8,0.083,10.0,20.7,27.2,33.3,37.5,39.8,41.0,42.1,42.9,43.7,44.5,45.3,46.4,47.7,50.2,55.3,63.8,15.0,7.2
1160,23.470,0.000,999.4,171.4,5.3,4,12582,0.000,0.223,-0.153,-0.067,0.141,43.4,-10.4,0,1.78,-0.810,43.4,165.2,0.000,10.0,20.4,26.7,32.6,36.7,38.8,40.0,41.1,41.9,42.6,43.4,44.2,45.3,46.6,49.0,54.1,62.5,15.3,7.2
1161,23.492,0.000,1000.4,170.5,4.2,4,12460,0.000,0.275,-0.189,-0.086,0.131,42.6,-5.9,0,1.78,-0.810,42.6,163.3,0.000,10.1,20.2,26.3,32.0,36.0,38.1,39.3,40.4,41.1,41.9,42.6,43.4,44.5,45.8,48.2,53.1,61.5,15.4,7.1
1162,23.514,0.000,1001.4,169.3,3.6,4,12345,0.000,0.278,-0.209,-0.104,0.125,42.2,-2.6,0,1.76,-0.810,42.2,162.0,0.000,10.2,20.2,26.2,31.8,35.7,37.8,38.9,39.9,40.7,41.4,42.2,42.9,44.0,45.3,47.6,52.5,60.8,15.4,7.0
1163,23.536,0.000,1002.5,168.0,3.6,4,12236,0.000,0.245,-0.213,-0.122,0.121,42.0,-1.8,0,1.73,-0.810,42.0,161.4,0.000,10.3,20.2,26.2,31.7,35.6,37.6,38.7,39.8,40.5,41.2,42.0,42.7,43.8,45.0,47.4,52.2,60.4,15.2,6.9
1164,23.558,0.000,1003.5,166.6,4.0,4,12146,0.000,0.185,-0.203,-0.138,0.121,42.0,-3.6,0,1.70,-0.810,42.0,161.3,0.000,10.4,20.4,26.3,31.8,35.7,37.7,38.8,39.8,40.5,41.3,42.0,42.8,43.8,45.0,47.4,52.2,60.3,14.9,6.7
1165,23.580,0.000,1004.5,165.5,4.7,3,14877,0.000,0.109,-0.182,-0.154,0.123,42.3,-4.6,0,1.65,-0.810,42.3,161.7,-0.007,10.6,20.7,26.6,32.1,35.9,38.0,39.1,40.1,40.8,41.5,42.3,43.0,44.1,45.3,47.6,52.3,60.4,14.4,6.6
1166,23.602,0.000,1005.5,164.7,5.5,3,14812,0.000,0.035,-0.154,-0.170,0.127,42.6,-7.4,0,1.61,-0.810,42.6,162.3,-0.012,10.7,21.0,27.0,32.5,36.3,38.4,39.5,40.5,41.2,41.9,42.6,43.4,44.4,45.6,47.9,52.7,60.6,13.9,6.4
1167,23.624,0.000,1006.6,164.0,6.3,3,14788,0.000,0.000,-0.126,-0.185,0.130,43.0,-13.1,0,1.56,-0.810,43.0,163.0,0.000,10.9,21.3,27.4,32.9,36.7,38.7,39.9,40.8,41.6,42.3,43.0,43.7,44.8,46.0,48.3,53.0,60.9,13.4,6.3
1168,23.646,0.000,1007.6,163.4,7.0,3,14728,0.036,0.000,-0.101,-0.200,0.133,43.3,-15.3,0,1.52,-0.810,43.3,163.5,0.050,11.1,21.6,27.7,33.2,37.0,39.1,40.2,41.1,41.9,42.6,43.3,44.0,45.1,46.3,48.6,53.2,61.0,13.0,6.2
1169,23.668,0.000,1008.6,162.8,7.5,3,14714,0.088,0.000,-0.084,-0.215,0.135,43.5,-14.9,0,1.48,-0.810,43.5,163.6,0.100,11.2,21.8,27.9,33.4,37.2,39.2,40.3,41.3,42.0,42.7,43.5,44.2,45.2,46.4,48.7,53.3,61.0,12.6,6.0
1170,23.690,0.000,1009.6,162.3,7.6,3,14730,0.141,0.000,-0.078,-0.230,0.134,43.4,-13.8,0,1.46,-0.810,43.4,163.4,0.150,11.3,22.0,28.0,33.5,37.3,39.3,40.3,41.3,42.0,42.7,43.4,44.2,45.2,46.4,48.6,53.2,60.8,12.4,5.9
1171,23.712,0.000,1010.6,162.0,7.4,3,14757,0.193,0.000,-0.082,-0.244,0.131,43.2,-12.5,0,1.43,-0.810,43.2,162.8,0.200,11.4,22.0,28.0,33.4,37.1,39.1,40.2,41.1,41.8,42.5,43.2,44.0,45.0,46.1,48.4,52.9,60.4,12.2,5.8
1172,23.734,0.000,1011.6,161.7,7.0,3,14788,0.244,0.000,-0.097,-0.258,0.126,42.9,-11.2,0,1.42,-0.810,42.9,161.8,0.250,11.5,21.9,27.8,33.2,36.8,38.8,39.9,40.8,41.5,42.2,42.9,43.6,44.6,45.7,47.9,52.4,59.9,12.1,5.8
1173,23.756,0.000,1012.6,161.5,6.3,3,14822,0.000,0.000,-0.118,-0.271,0.120,42.4,-10.1,0,1.40,-0.810,42.4,160.6,0.250,11.5,21.8,27.6,32.9,36.5,38.4,39.4,40.4,41.0,41.7,42.4,43.1,44.1,45.2,47.4,51.8,59.2,12.1,5.7
1174,23.778,0.000,1013.6,161.1,5.6,3,14563,0.000,0.014,-0.143,-0.284,0.113,41.9,-14.5,0,1.39,-0.810,41.9,159.3,0.168,11.5,21.7,27.3,32.5,36.0,37.9,39.0,39.9,40.5,41.2,41.9,42.6,43.6,44.7,46.8,51.2,58.5,12.2,5.6
1175,23.800,0.000,1014.6,160.6,5.0,3,14496,0.000,0.047,-0.164,-0.297,0.107,41.5,-14.3,0,1.38,-0.810,41.5,158.1,0.111,11.6,21.6,27.1,32.2,35.7,37.5,38.6,39.5,40.1,40.8,41.5,42.1,43.1,44.2,46.3,50.6,57.9,12.2,5.5
1176,23.822,0.000,1015.6,160.0,4.7,3,14417,0.000,0.061,-0.177,-0.309,0.103,41.1,-13.2,0,1.36,-0.810,41.1,157.2,0.070,11.6,21.5,27.0,32.0,35.4,37.3,38.3,39.2,39.8,40.5,41.1,41.8,42.8,43.9,45.9,50.2,57.4,12.1,5.5
1177,23.844,0.000,1016.6,159.3,4.6,3,14346,0.000,0.056,-0.182,-0.321,0.100,41.0,-12.4,0,1.34,-0.810,41.0,156.6,0.042,11.7,21.5,27.0,31.9,35.3,37.1,38.1,39.0,39.7,40.3,41.0,41.6,42.6,43.6,45.7,49.9,57.0,12.0,5.4
1178,23.866,0.000,1017.6,158.6,4.7,3,14279,0.000,0.036,-0.179,-0.332,0.099,40.9,-12.5,0,1.32,-0.810,40.9,156.3,0.023,11.7,21.6,27.0,31.9,35.3,37.1,38.1,39.0,39.6,40.3,40.9,41.6,42.5,43.6,45.6,49.8,56.8,11.8,5.3
1179,23.888,0.000,1018.6,157.9,5.1,3,14226,0.000,0.006,-0.169,-0.343,0.099,40.9,-13.2,0,1.29,-0.810,40.9,156.2,0.009,11.8,21.7,27.1,32.0,35.4,37.2,38.1,39.0,39.7,40.3,40.9,41.6,42.5,43.6,45.6,49.8,56.7,11.5,5.2
1180,23.910,0.000,1019.6,157.3,5.6,3,14188,0.000,0.000,-0.155,-0.353,0.101,41.1,-14.3,0,1.26,-0.810,41.1,156.3,0.009,11.9,21.9,27.3,32.2,35.5,37.3,38.3,39.2,39.8,40.4,41.1,41.7,42.6,43.7,45.7,49.8,56.7,11.2,5.1
1181,23.932,0.000,1020.6,156.8,6.1,3,14139,0.000,0.000,-0.140,-0.363,0.103,41.2,-14.7,0,1.24,-0.810,41.2,156.5,0.009,12.0,22.0,27.4,32.3,35.7,37.5,38.4,39.3,39.9,40.6,41.2,41.8,42.7,43.8,45.8,49.9,56.7,11.0,5.0
1182,23.954,0.000,1021.6,156.2,6.6,3,14090,0.058,0.000,-0.126,-0.373,0.104,41.3,-14.8,0,1.21,-0.810,41.3,156.5,0.059,12.1,22.2,27.6,32.5,35.8,37.6,38.5,39.4,40.0,40.7,41.3,41.9,42.8,43.9,45.9,49.9,56.8,10.7,4.9
1183,23.976,0.000,1022.6,155.8,6.9,3,14105,0.108,0.000,-0.117,-0.383,0.105,41.3,-13.6,0,1.19,-0.810,41.3,156.4,0.109,12.2,22.3,27.7,32.6,35.9,37.6,38.6,39.5,40.1,40.7,41.3,42.0,42.9,43.9,45.8,49.8,56.8,10.5,4.9
1184,23.998,0.000,1023.5,155.3,7.1,3,14125,0.158,0.000,-0.113,-0.392,0.104,41.3,-12.4,0,1.18,-0.810,41.3,156.1,0.159,12.3,22.4,27.7,32.6,35.9,37.6,38.6,39.4,40.0,40.6,41.3,41.9,42.8,43.8,45.7,49.7,56.8,10.3,4.8
1185,24.020,0.000,1024.5,155.0,7.0,3,14152,0.208,0.000,-0.116,-0.401,0.102,41.1,-11.2,0,1.17,-0.810,41.1,155.6,0.209,12.3,22.4,27.7,32.5,35.8,37.5,38.4,39.3,39.9,40.5,41.1,41.7,42.6,43.6,45.5,49.4,56.6,10.2,4.7
1186,24.042,0.000,1025.5,154.8,6.8,3,14184,0.259,0.000,-0.126,-0.410,0.099,40.9,-10.0,0,1.16,-0.810,40.9,154.9,0.259,12.4,22.3,27.6,32.3,35.6,37.3,38.2,39.0,39.6,40.3,40.9,41.5,42.3,43.3,45.2,49.1,56.4,10.1,4.7
1187,24.064,0.000,1026.5,154.6,6.5,3,14220,0.000,0.000,-0.141,-0.419,0.095,40.5,-8.8,0,1.15,-0.810,40.5,153.9,0.259,12.4,22.2,27.4,32.1,35.3,37.0,37.9,38.7,39.3,39.9,40.5,41.1,42.0,43.0,44.9,48.7,56.0,10.1,4.6
1188,24.086,0.000,1027.5,154.2,6.0,3,13943,0.000,0.000,-0.160,-0.427,0.090,40.2,-13.7,0,1.15,-0.810,40.2,152.9,0.259,12.4,22.1,27.2,31.9,35.0,36.7,37.6,38.4,39.0,39.6,40.2,40.7,41.6,42.6,44.4,48.2,55.6,10.1,4.6
1189,24.108,0.000,1028.5,153.8,5.6,3,13884,0.000,0.024,-0.178,-0.435,0.085,39.8,-14.0,0,1.14,-0.810,39.8,151.8,0.174,12.4,22.0,27.1,31.6,34.7,36.3,37.2,38.0,38.6,39.2,39.8,40.4,41.2,42.2,44.0,47.7,55.3,10.1,4.5
1190,24.130,0.000,1029.4,153.2,5.3,3,13818,0.000,0.044,-0.193,-0.442,0.081,39.5,-13.2,0,1.14,-0.810,39.5,150.8,0.115,12.4,21.9,26.9,31.4,34.5,36.1,37.0,37.7,38.3,38.9,39.5,40.0,40.9,41.8,43.6,47.3,55.0,10.1,4.5
1191,24.152,0.000,1030.4,152.6,5.2,3,13747,0.000,0.044,-0.202,-0.449,0.078,39.2,-12.3,0,1.14,-0.810,39.2,150.2,0.073,12.4,21.9,26.8,31.3,34.3,35.9,36.8,37.5,38.1,38.7,39.2,39.8,40.6,41.6,43.3,47.0,54.9,10.1,4.4
1192,24.174,0.000,1031.4,152.0,5.3,3,13686,0.000,0.023,-0.204,-0.456,0.077,39.1,-12.1,0,1.14,-0.810,39.1,150.0,0.044,12.5,21.9,26.8,31.2,34.2,35.8,36.7,37.4,38.0,38.5,39.1,39.7,40.5,41.4,43.2,46.9,55.0,10.0,4.4
1193,24.196,0.000,1032.3,151.4,5.5,3,13641,0.000,0.000,-0.200,-0.462,0.077,39.1,-12.7,0,1.15,-0.810,39.1,150.1,0.044,12.5,21.9,26.8,31.2,34.2,35.8,36.6,37.4,37.9,38.5,39.1,39.6,40.4,41.3,43.1,46.9,55.3,9.9,4.3
1194,24.218,0.000,1033.3,150.8,5.9,3,13605,0.000,0.000,-0.192,-0.468,0.078,39.1,-13.6,0,1.16,-0.810,39.1,150.4,0.044,12.6,22.0,26.9,31.3,34.2,35.8,36.6,37.4,37.9,38.5,39.1,39.6,40.4,41.3,43.0,47.0,55.8,9.7,4.3
1195,24.240,0.000,1034.3,150.3,6.3,3,13554,0.094,0.000,-0.180,-0.474,0.080,39.1,-13.9,0,1.18,-0.810,39.1,150.8,0.094,12.6,22.1,27.0,31.4,34.3,35.9,36.7,37.5,38.0,38.5,39.1,39.6,40.4,41.3,43.1,47.2,56.4,9.5,4.2
1196,24.262,0.000,1035.2,149.8,6.8,3,13609,0.144,0.000,-0.170,-0.479,0.082,39.1,-12.0,0,1.20,-0.810,39.1,151.3,0.144,12.7,22.2,27.1,31.4,34.4,35.9,36.8,37.5,38.0,38.6,39.1,39.7,40.4,41.3,43.2,47.4,57.1,9.3,4.2
1197,24.284,0.000,1036.2,149.4,7.2,3,13638,0.194,0.000,-0.162,-0.484,0.083,39.1,-10.7,0,1.24,-0.810,39.1,151.9,0.194,12.7,22.3,27.2,31.5,34.4,35.9,36.8,37.5,38.0,38.6,39.1,39.7,40.4,41.4,43.2,47.7,57.9,9.2,4.1
1198,24.306,0.000,1037.1,149.2,7.4,3,13670,0.244,0.000,-0.158,-0.490,0.083,39.1,-9.5,0,1.28,-0.810,39.1,152.4,0.244,12.8,22.3,27.2,31.5,34.4,35.9,36.7,37.5,38.0,38.5,39.1,39.6,40.4,41.4,43.3,47.9,58.7,9.1,4.1
1199,24.328,0.000,1038.1,148.9,7.5,3,13708,0.294,0.000,-0.160,-0.494,0.083,38.9,-8.2,0,1.32,-0.810,38.9,152.5,0.294,12.8,22.3,27.2,31.4,34.3,35.8,36.6,37.3,37.9,38.4,38.9,39.5,40.3,41.3,43.3,48.1,59.4,9.0,4.1
1200,24.350,0.000,1039.0,148.8,7.4,3,13751,0.344,0.000,-0.168,-0.499,0.081,38.7,-7.0,0,1.37,-0.810,38.7,152.5,0.344,12.8,22.3,27.1,31.3,34.1,35.6,36.4,37.1,37.6,38.2,38.7,39.3,40.2,41.2,43.2,48.2,60.0,9.0,4.0
1201,24.372,0.000,1040.0,148.7,7.1,3,13798,0.394,0.000,-0.184,-0.504,0.077,38.5,-5.8,0,1.42,-0.810,38.5,152.3,0.394,12.8,22.2,26.9,31.1,33.9,35.3,36.1,36.8,37.4,37.9,38.5,39.1,39.9,41.0,43.1,48.2,60.4,9.0,4.0
1202,24.394,0.000,1041.0,148.7,6.8,3,13850,0.444,0.000,-0.206,-0.508,0.072,38.2,-4.6,0,1.47,-0.810,38.2,151.9,0.444,12.8,22.0,26.7,30.8,33.6,35.0,35.8,36.5,37.0,37.6,38.2,38.8,39.6,40.7,42.9,48.1,60.7,9.1,4.0
1203,24.416,0.000,1041.9,148.8,6.3,3,13907,0.494,0.000,-0.230,-0.512,0.067,37.8,-3.3,0,1.52,-0.810,37.8,151.5,0.494,12.8,21.9,26.5,30.5,33.2,34.6,35.4,36.1,36.7,37.3,37.8,38.4,39.3,40.4,42.6,47.9,60.9,9.2,4.0
1204,24.438,0.000,1042.9,149.0,5.8,3,13969,0.544,0.000,-0.256,-0.515,0.062,37.5,-2.1,0,1.57,-0.810,37.5,151.1,0.544,12.7,21.7,26.2,30.2,32.8,34.2,35.0,35.8,36.3,36.9,37.5,38.1,39.0,40.1,42.3,47.8,61.2,9.3,4.0
1205,24.460,0.000,1043.8,149.2,5.4,3,14037,0.594,0.000,-0.282,-0.519,0.056,37.2,-0.9,0,1.63,-0.810,37.2,150.8,0.594,12.7,21.5,26.0,29.9,32.5,33.9,34.7,35.4,36.0,36.6,37.2,37.8,38.7,39.8,42.1,47.6,61.5,9.4,4.0
1206,24.482,0.000,1044.8,149.4,5.1,3,14113,0.644,0.000,-0.309,-0.521,0.051,36.9,0.4,0,1.70,-0.810,36.9,150.8,0.644,12.7,21.4,25.7,29.6,32.1,33.5,34.4,35.1,35.7,36.3,36.9,37.5,38.4,39.6,41.9,47.6,62.0,9.6,4.0
1207,24.504,0.000,1045.7,149.8,4.9,3,14204,0.694,0.000,-0.327,-0.523,0.046,36.6,1.9,0,1.77,-0.798,36.6,151.0,0.694,12.6,21.2,25.5,29.3,31.8,33.2,34.1,34.9,35.4,36.0,36.6,37.3,38.2,39.4,41.8,47.6,62.6,9.7,4.0
1208,24.526,0.000,1046.7,150.1,4.9,3,14314,0.744,0.000,-0.335,-0.525,0.042,36.5,3.6,0,1.87,-0.773,36.5,151.5,0.744,12.6,21.1,25.3,29.0,31.6,33.0,33.9,34.7,35.3,35.9,36.5,37.2,38.1,39.3,41.8,47.9,63.7,9.9,4.0
1209,24.548,0.000,1047.7,150.6,5.0,3,14437,0.794,0.000,-0.347,-0.526,0.039,36.5,5.4,0,1.99,-0.762,36.5,152.4,0.794,12.6,21.0,25.1,28.8,31.4,32.9,33.8,34.6,35.2,35.8,36.5,37.1,38.2,39.4,41.9,48.3,65.1,10.0,4.0
1210,24.570,0.000,1048.7,151.1,5.3,3,14575,0.844,0.000,-0.353,-0.527,0.037,36.5,7.4,0,2.13,-0.746,36.5,153.7,0.844,12.5,20.9,25.0,28.6,31.3,32.8,33.7,34.5,35.2,35.8,36.5,37.2,38.3,39.5,42.2,48.9,67.0,10.1,4.0
1211,24.592,0.000,1049.6,151.6,5.7,3,14732,0.894,0.000,-0.361,-0.527,0.036,36.7,9.7,0,2.29,-0.737,36.7,155.5,0.894,12.5,20.8,24.9,28.5,31.2,32.8,33.7,34.6,35.3,35.9,36.7,37.4,38.5,39.8,42.6,49.7,69.4,10.2,4.0
1212,24.614,0.000,1050.6,152.2,6.2,3,14913,0.944,0.000,-0.366,-0.526,0.035,36.9,12.4,0,2.49,-0.727,36.9,157.9,0.944,12.5,20.7,24.8,28.4,31.2,32.9,33.9,34.8,35.5,36.2,36.9,37.7,38.8,40.3,43.2,50.8,72.5,10.3,4.0
1213,24.636,0.000,1051.6,152.8,6.9,3,15135,0.994,0.000,-0.370,-0.525,0.036,37.3,15.9,0,2.73,-0.721,37.3,160.8,0.994,12.5,20.7,24.7,28.4,31.3,33.1,34.1,35.0,35.8,36.5,37.3,38.1,39.3,40.8,44.0,52.3,76.6,10.4,4.0
1214,24.658,0.000,1052.6,153.4,7.7,3,15385,1.000,0.000,-0.373,-0.523,0.037,37.8,19.8,0,3.02,-0.715,37.8,164.4,1.000,12.5,20.6,24.6,28.4,31.5,33.3,34.4,35.4,36.2,37.0,37.8,38.7,40.0,41.6,45.1,54.1,81.9,10.5,4.0
1215,24.680,0.000,1053.6,154.1,8.7,3,15588,1.000,0.000,-0.377,-0.520,0.039,38.6,22.8,0,3.39,-0.711,38.6,166.6,1.000,12.5,20.6,24.6,28.6,31.8,33.8,34.9,36.0,36.8,37.7,38.6,39.5,40.9,42.7,46.4,56.5,89.0,10.5,4.0
1216,24.702,0.000,1054.6,154.8,9.8,3,15765,0.925,0.000,-0.383,-0.517,0.041,39.5,25.3,0,3.86,-0.705,39.5,172.5,1.000,12.5,20.5,24.6,28.8,32.2,34.3,35.5,36.7,37.6,38.5,39.5,40.5,42.1,44.0,48.1,59.5,98.8,10.6,4.0
1217,24.724,0.000,1055.6,155.4,10.9,3,15794,0.860,0.000,-0.391,-0.513,0.043,40.6,25.1,0,4.46,-0.697,40.6,180.0,1.000,12.4,20.5,24.7,29.1,32.8,35.0,36.3,37.6,38.6,39.6,40.6,41.8,43.5,45.6,50.3,63.3,112.6,10.6,4.1
1218,24.746,0.000,1056.6,155.9,12.0,3,15752,0.888,0.000,-0.404,-0.508,0.046,42.0,23.6,0,5.23,-0.687,42.0,189.3,1.000,12.4,20.5,24.8,29.5,33.4,35.8,37.3,38.7,39.7,40.8,42.0,43.3,45.2,47.6,52.8,68.1,132.4,10.7,4.1
1219,24.768,0.000,1057.6,156.4,13.0,3,15832,0.757,0.000,-0.414,-0.502,0.048,43.6,24.6,0,5.97,-0.669,43.6,200.8,1.000,12.4,20.4,24.9,29.9,34.1,36.7,38.3,39.9,41.0,42.2,43.6,45.0,47.1,49.8,55.8,73.9,155.0,10.9,4.1
1220,24.790,0.000,1058.6,156.8,13.9,3,15687,0.806,0.000,-0.397,-0.496,0.048,45.3,21.4,0,6.37,-0.605,45.3,215.3,1.000,12.3,20.4,25.1,30.4,34.9,37.8,39.5,41.2,42.5,43.8,45.3,46.9,49.3,52.4,59.3,81.1,171.2,11.2,4.2
1221,24.812,0.000,1059.6,157.2,14.6,3,15739,0.845,0.000,-0.257,-0.489,0.048,47.2,21.8,0,6.61,-0.309,47.2,230.7,1.000,12.3,20.3,25.2,30.8,35.7,38.8,40.8,42.6,44.0,45.6,47.2,49.0,51.7,55.2,63.3,89.8,184.2,11.6,4.3
1222,24.834,0.000,1060.6,157.6,15.1,3,15864,0.876,0.000,-0.186,-0.481,0.047,49.2,22.4,0,6.75,-0.155,49.2,247.3,1.000,12.2,20.3,25.4,31.3,36.6,40.0,42.1,44.1,45.7,47.4,49.2,51.2,54.3,58.4,67.8,100.8,195.4,12.1,4.3
1223,24.856,0.000,1061.6,158.0,15.6,3,16011,0.899,0.000,-0.182,-0.473,0.044,51.5,23.2,0,6.69,-0.142,51.5,267.1,1.000,12.1,20.2,25.5,31.8,37.5,41.2,43.5,45.7,47.5,49.4,51.5,53.8,57.3,62.0,73.1,114.9,200.0,13.0,4.4
1224,24.878,0.000,1062.7,158.5,16.0,3,16156,0.751,0.000,-0.180,-0.464,0.041,54.0,24.6,0,6.52,-0.125,54.0,304.3,1.000,12.0,20.1,25.7,32.3,38.4,42.5,45.0,47.6,49.5,51.7,54.0,56.6,60.7,66.1,79.5,133.9,200.0,13.7,4.5
1225,24.900,0.000,1063.7,159.0,16.2,3,15978,0.801,0.000,-0.085,-0.453,0.036,56.8,20.3,0,3.63,-0.104,56.8,312.2,1.000,11.9,20.1,25.8,32.9,39.5,43.9,46.7,49.5,51.7,54.2,56.8,59.8,64.5,70.9,87.1,150.8,81.9,14.3,4.6
1226,24.922,0.000,1064.7,159.5,16.3,3,15980,0.841,0.000,-0.086,-0.442,0.030,59.7,18.4,0,3.35,-0.077,59.7,325.2,1.000,11.7,20.0,25.9,33.3,40.4,45.3,48.4,51.5,53.9,56.7,59.7,63.1,68.5,76.0,95.6,162.2,61.2,14.8,4.8
1227,24.944,0.000,1065.7,160.0,16.0,3,16055,0.873,0.000,-0.100,-0.430,0.023,62.4,18.5,0,3.29,-0.045,62.4,334.5,1.000,11.5,19.9,26.0,33.7,41.2,46.5,49.9,53.3,56.0,59.1,62.4,66.3,72.5,81.2,104.8,170.7,52.5,15.3,4.9
1228,24.966,0.000,1066.8,160.6,15.6,3,16154,0.898,0.000,-0.120,-0.417,0.013,65.1,19.4,0,3.28,-0.002,65.1,341.6,1.000,11.3,19.7,26.0,34.0,42.0,47.6,51.2,55.0,58.0,61.3,65.1,69.4,76.4,86.5,114.9,177.4,47.9,15.9,5.1
1229,24.988,0.000,1067.8,161.3,15.0,3,16251,0.918,0.000,-0.051,-0.402,0.001,67.8,20.3,0,3.27,0.167,67.8,347.4,1.000,11.1,19.6,25.9,34.3,42.6,48.6,52.6,56.6,59.9,63.6,67.8,72.6,80.5,92.1,126.3,182.9,45.0,16.4,5.3
1230,25.010,0.000,1068.8,162.0,14.4,3,16327,0.935,0.000,0.042,-0.387,-0.011,70.4,20.0,0,3.27,0.406,77.3,352.2,1.000,10.9,19.4,25.9,34.4,43.2,49.6,53.8,58.2,61.7,65.8,70.4,75.7,84.7,98.1,136.8,187.4,43.2,16.8,5.5
1231,25.032,0.000,1069.9,162.8,13.7,3,16394,0.948,0.000,0.033,-0.369,-0.024,72.6,18.9,0,3.26,0.470,92.2,355.6,1.000,10.7,19.2,25.7,34.5,43.6,50.3,54.7,59.4,63.2,67.6,72.6,78.5,88.5,103.5,143.3,190.8,42.2,17.3,5.8
1232,25.054,0.000,1070.9,163.7,12.7,3,16442,0.958,0.000,-0.026,-0.351,-0.040,74.1,18.1,0,3.26,0.470,115.9,357.7,1.000,10.5,18.9,25.5,34.4,43.6,50.5,55.2,60.1,64.1,68.7,74.1,80.3,91.1,107.7,146.9,192.8,42.1,17.9,6.1
1233,25.076,0.000,1072.0,164.6,11.6,3,16473,0.967,0.000,-0.098,-0.330,-0.058,75.1,17.5,0,3.27,0.470,75.1,359.0,1.000,10.3,18.6,25.2,34.1,43.6,50.6,55.4,60.4,64.6,69.5,75.1,81.7,93.2,111.0,149.3,194.1,42.4,18.4,6.4
1234,25.098,0.000,1073.0,165.5,10.5,3,16475,0.973,0.000,-0.175,-0.307,-0.076,76.2,16.5,0,3.27,0.470,76.2,360.2,1.000,10.1,18.3,24.9,33.9,43.5,50.7,55.7,60.9,65.3,70.3,76.2,83.2,95.5,114.9,151.6,195.3,42.5,19.0,6.6
1235,25.120,0.000,1074.0,166.4,9.4,3,16489,0.979,0.000,-0.253,-0.283,-0.093,78.0,15.9,0,3.25,0.470,78.0,361.9,1.000,9.9,18.1,24.7,33.8,43.6,51.1,56.3,61.8,66.4,71.7,78.0,85.5,98.9,120.5,154.3,197.0,42.3,19.3,6.9
1236,25.142,0.000,1075.1,167.3,8.5,3,16526,0.983,0.000,-0.295,-0.257,-0.102,81.1,15.9,0,3.21,0.470,81.1,364.3,1.000,9.7,18.0,24.6,34.0,44.2,52.0,57.5,63.4,68.4,74.2,81.1,89.5,104.6,128.3,158.1,199.4,41.5,19.6,7.1
1237,25.164,0.000,1076.1,168.1,7.9,3,16586,0.986,0.000,-0.258,-0.232,-0.095,86.3,16.1,0,3.09,0.470,86.3,364.9,1.000,9.6,17.9,24.7,34.4,45.2,53.7,59.7,66.2,71.7,78.3,86.3,96.0,114.1,136.4,162.9,200.0,40.2,19.6,7.2
1238,25.186,0.000,1077.1,169.0,7.6,3,16653,0.989,0.000,-0.212,-0.209,-0.086,94.4,15.7,0,2.92,0.470,94.4,364.9,1.000,9.5,17.9,24.9,35.2,46.8,56.3,63.0,70.5,77.0,84.8,94.4,106.5,127.7,144.8,168.9,200.0,38.4,19.5,7.4
1239,25.208,0.000,1078.2,169.8,7.5,3,16734,0.991,0.000,-0.130,-0.187,-0.075,106.9,15.1,0,1.86,0.470,106.9,339.6,1.000,9.4,18.0,25.3,36.3,49.2,60.0,67.9,76.8,84.8,94.5,106.9,122.5,139.0,153.3,175.5,104.3,36.5,19.2,7.5
1240,25.230,0.000,1079.2,170.6,7.6,3,16822,0.993,0.000,-0.073,-0.167,-0.065,124.1,14.2,0,1.59,0.470,124.1,346.7,1.000,9.3,18.1,25.9,37.7,52.3,64.8,74.4,85.5,95.6,108.5,124.1,135.8,148.7,161.4,182.2,86.8,34.6,18.9,7.6
1241,25.252,0.000,1080.2,171.4,7.8,3,16905,0.994,0.000,-0.021,-0.149,-0.054,136.2,13.5,0,1.40,0.470,136.2,353.1,1.000,9.3,18.3,26.5,39.3,55.8,70.6,82.4,96.4,109.8,125.1,136.2,145.5,156.9,168.6,188.3,75.1,33.0,18.6,7.6
1242,25.274,0.000,1081.3,172.3,7.8,3,16970,0.996,0.000,0.022,-0.132,-0.045,144.2,12.6,0,1.26,0.470,181.5,357.9,1.000,9.2,18.5,27.0,40.8,59.2,76.6,90.8,108.5,123.8,134.9,144.2,152.4,163.0,174.0,193.1,67.7,31.8,18.4,7.7
1243,25.296,0.000,1082.3,173.2,7.6,3,17011,0.996,0.000,0.050,-0.117,-0.039,148.6,11.4,0,1.18,0.470,180.2,360.7,1.000,9.1,18.5,27.2,41.7,61.6,81.1,97.5,118.1,130.4,140.1,148.6,156.4,166.5,177.2,195.8,63.9,31.3,18.4,7.8
1244,25.318,0.000,1083.4,174.2,6.9,3,17020,0.997,0.000,0.058,-0.103,-0.037,149.4,9.7,0,1.16,0.470,178.8,360.9,1.000,9.0,18.4,27.2,41.8,62.2,82.5,99.8,120.6,131.9,141.2,149.4,157.0,167.0,177.5,195.9,63.1,31.3,18.5,7.9
1245,25.340,0.000,1084.5,175.3,5.7,3,16998,0.998,0.000,0.047,-0.090,-0.038,147.1,7.4,0,1.19,0.470,177.4,358.6,1.000,8.9,18.1,26.7,41.1,60.9,80.4,97.0,117.6,129.3,138.7,147.1,154.7,164.7,175.3,193.7,64.8,32.0,18.9,8.0
1246,25.362,0.000,1085.5,176.3,4.3,3,16994,0.998,0.000,0.024,-0.078,-0.041,142.5,5.4,0,1.26,0.470,175.9,354.8,1.000,8.8,17.8,26.1,39.7,58.3,76.3,91.3,110.2,123.8,133.8,142.5,150.4,160.6,171.3,190.0,68.5,33.1,19.3,8.2
1247,25.384,0.000,1086.6,177.3,2.9,3,17025,0.999,0.000,-0.002,-0.067,-0.045,137.4,4.2,0,1.35,0.470,174.4,350.5,1.000,8.7,17.4,25.4,38.4,55.7,72.1,85.5,102.2,117.1,128.2,137.4,145.6,156.0,167.0,185.8,72.9,34.3,19.8,8.3
1248,25.406,0.000,1087.7,178.3,1.8,3,17092,0.999,0.000,-0.023,-0.056,-0.048,133.3,3.7,0,1.42,0.470,173.0,347.0,1.000,8.6,17.1,24.9,37.4,53.9,69.2,81.6,96.7,111.4,123.7,133.3,141.7,152.3,163.4,182.4,76.5,35.3,20.3,8.4
1249,25.428,0.000,1088.8,179.2,1.1,3,17174,0.999,0.000,-0.032,-0.046,-0.049,131.2,3.5,0,1.45,0.470,171.6,344.9,1.000,8.5,16.9,24.6,36.8,53.0,67.9,79.9,94.6,108.9,121.5,131.2,139.7,150.3,161.4,180.4,78.2,35.8,20.5,8.5
1250,25.450,0.000,1089.9,180.2,0.8,3,17260,0.999,0.000,-0.031,-0.036,-0.048,131.1,3.4,0,1.44,0.470,170.2,344.2,1.000,8.4,16.8,24.4,36.7,53.0,68.0,80.3,95.3,109.7,121.7,131.1,139.4,149.9,160.9,179.8,77.9,36.0,20.7,8.6
1251,25.472,0.000,1091.0,181.1,0.8,3,17342,0.999,0.000,-0.023,-0.026,-0.046,132.2,3.3,0,1.41,0.470,168.9,344.4,1.000,8.3,16.7,24.4,36.9,53.5,69.2,82.0,97.8,112.2,123.1,132.2,140.2,150.5,161.3,179.9,76.3,35.8,20.7,8.7
1252,25.494,0.000,1092.1,182.1,0.9,3,17419,1.000,0.000,-0.014,-0.017,-0.043,133.4,3.0,0,1.37,0.470,167.5,344.7,1.000,8.3,16.7,24.4,37.1,54.2,70.6,84.1,101.1,114.7,124.8,133.4,141.2,151.2,161.9,180.3,74.5,35.6,20.7,8.7
1253,25.516,0.000,1093.2,183.0,1.0,3,17502,1.000,0.000,-0.007,-0.008,-0.041,134.2,2.9,0,1.34,0.470,166.2,344.8,1.000,8.2,16.6,24.4,37.3,54.8,71.8,86.0,104.0,116.4,125.9,134.2,141.8,151.6,162.1,180.3,73.1,35.4,20.7,8.8
1254,25.538,0.000,1094.3,183.9,1.0,3,17584,1.000,0.000,-0.003,-0.000,-0.039,134.4,2.7,0,1.32,0.470,164.8,344.4,1.000,8.2,16.6,24.4,37.3,55.2,72.5,87.2,105.7,117.1,126.2,134.4,141.8,151.5,161.9,179.9,72.4,35.4,20.8,8.8
1255,25.560,0.000,1095.5,184.9,0.9,3,17667,1.000,0.000,-0.002,0.008,-0.038,133.9,2.6,0,1.31,0.470,163.5,343.5,1.000,8.1,16.5,24.3,37.2,55.2,72.7,87.7,106.1,117.0,126.0,133.9,141.3,150.9,161.2,179.1,72.2,35.5,20.9,8.9
1256,25.582,0.000,1096.6,185.8,0.7,3,17749,1.000,0.000,-0.004,0.016,-0.038,133.2,2.5,0,1.31,0.470,162.1,342.3,1.000,8.0,16.4,24.1,37.1,55.0,72.6,87.6,105.9,116.5,125.3,133.2,140.4,150.0,160.2,178.0,72.3,35.7,21.1,9.0
1257,25.604,0.000,1097.7,186.7,0.6,3,17830,1.000,0.000,-0.007,0.024,-0.037,132.2,2.3,0,1.32,0.470,160.7,341.0,1.000,8.0,16.2,24.0,36.9,54.7,72.3,87.4,105.5,115.8,124.5,132.2,139.5,148.9,159.0,176.8,72.6,35.9,21.2,9.0
1258,25.626,0.000,1098.9,187.7,0.5,3,17904,1.000,0.000,-0.009,0.032,-0.037,131.4,2.1,0,1.32,0.470,159.4,339.8,1.000,7.9,16.1,23.8,36.7,54.5,72.2,87.3,105.2,115.2,123.7,131.4,138.5,147.9,158.0,175.6,72.7,36.1,21.3,9.1
1259,25.648,0.000,1100.0,188.6,0.4,3,17984,1.000,0.000,-0.010,0.039,-0.036,130.7,1.9,0,1.32,0.470,158.0,338.7,1.000,7.9,16.0,23.7,36.5,54.4,72.2,87.5,105.1,114.8,123.1,130.7,137.8,147.1,157.1,174.6,72.7,36.2,21.4,9.2
1260,25.670,0.000,1101.2,189.5,0.4,3,18067,1.000,0.000,-0.010,0.046,-0.035,130.2,1.8,0,1.31,0.470,156.6,337.7,1.000,7.8,15.9,23.6,36.5,54.5,72.4,87.9,105.1,114.6,122.7,130.2,137.2,146.3,156.3,173.7,72.5,36.3,21.5,9.2
1261,25.692,0.000,1102.3,190.4,0.4,3,18151,1.000,0.000,-0.009,0.054,-0.034,129.8,1.7,0,1.30,0.470,155.2,336.9,1.000,7.8,15.9,23.5,36.4,54.6,72.8,88.6,105.3,114.4,122.4,129.8,136.6,145.7,155.6,172.9,72.1,36.3,21.6,9.3
1262,25.714,0.000,1103.5,191.4,0.4,3,18234,1.000,0.000,-0.007,0.061,-0.033,129.3,1.7,0,1.29,0.470,153.8,336.0,1.000,7.7,15.8,23.4,36.4,54.7,73.2,89.4,105.5,114.3,122.1,129.3,136.1,145.1,154.9,172.1,71.8,36.3,21.7,9.3
1263,25.736,0.000,1104.7,192.3,0.4,3,18317,1.000,0.000,-0.006,0.068,-0.032,128.9,1.6,0,1.29,0.470,152.4,335.0,1.000,7.7,15.7,23.4,36.3,54.8,73.6,90.1,105.6,114.1,121.8,128.9,135.6,144.4,154.1,171.2,71.5,36.4,21.7,9.4
1264,25.758,0.000,1105.8,193.2,0.4,3,18393,1.000,0.000,-0.006,0.074,-0.032,128.2,1.4,0,1.28,0.470,151.0,334.0,1.000,7.6,15.6,23.3,36.3,54.9,73.9,90.7,105.4,113.7,121.3,128.2,134.9,143.7,153.2,170.2,71.3,36.4,21.8,9.4
1265,25.780,0.000,1107.0,194.1,0.4,3,18472,1.000,0.000,-0.006,0.081,-0.031,127.5,1.2,0,1.28,0.470,149.6,332.8,1.000,7.6,15.6,23.2,36.2,54.9,74.1,91.1,105.1,113.3,120.6,127.5,134.1,142.8,152.3,169.2,71.2,36.5,21.9,9.5
1266,25.802,0.000,1108.2,195.0,0.4,3,18552,1.000,0.000,-0.007,0.087,-0.030,126.8,1.1,0,1.27,0.470,148.2,331.7,1.000,7.5,15.5,23.1,36.1,54.8,74.2,91.3,104.8,112.7,120.0,126.8,133.3,141.9,151.3,168.1,71.0,36.6,22.0,9.5
1267,25.824,0.000,1109.4,195.9,0.4,3,18633,1.000,0.000,-0.007,0.094,-0.030,126.0,1.0,0,1.27,0.470,146.8,330.5,1.000,7.5,15.4,23.0,36.0,54.8,74.4,91.4,104.4,112.2,119.3,126.0,132.4,141.0,150.4,167.0,70.9,36.7,22.1,9.6
1268,25.846,0.000,1110.6,196.1,0.3,4,15091,1.000,0.000,-0.007,0.100,-0.029,125.3,-14.1,0,1.26,0.470,145.3,329.3,1.000,7.4,15.3,22.9,35.9,54.8,74.6,91.5,104.0,111.6,118.7,125.3,131.6,140.1,149.4,165.9,70.8,36.7,22.1,9.6
1269,25.868,0.000,1111.8,195.8,0.3,4,15064,1.000,0.000,-0.008,0.106,-0.028,124.5,-14.6,0,1.26,0.470,143.9,328.1,1.000,7.4,15.2,22.8,35.8,54.8,74.8,91.5,103.6,111.0,117.9,124.5,130.7,139.2,148.4,164.8,70.7,36.8,22.2,9.7
1270,25.890,0.000,1113.0,195.5,0.3,4,14481,1.000,0.000,-0.007,0.112,-0.027,123.8,-15.3,0,1.26,0.470,142.5,326.9,1.000,7.3,15.2,22.7,35.8,54.9,75.1,91.5,103.2,110.5,117.3,123.8,130.0,138.3,147.4,163.8,70.5,36.9,22.3,9.7
1271,25.912,0.000,1114.2,195.8,0.3,4,14996,1.000,0.000,-0.007,0.118,-0.027,123.1,-3.1,0,1.25,0.470,141.1,325.8,1.000,7.3,15.1,22.6,35.7,55.0,75.4,91.6,102.9,110.0,116.7,123.1,129.2,137.5,146.5,162.8,70.3,36.9,22.3,9.7
1272,25.934,0.000,1115.4,196.5,0.3,4,15051,1.000,0.000,-0.006,0.123,-0.026,122.4,-2.7,0,1.25,0.470,139.7,324.7,1.000,7.3,15.0,22.6,35.7,55.1,75.9,91.6,102.6,109.6,116.1,122.4,128.5,136.6,145.6,161.8,70.0,36.9,22.4,9.8
1273,25.956,0.000,1116.6,197.1,0.3,4,15087,1.000,0.000,-0.005,0.129,-0.025,121.7,-3.0,0,1.24,0.470,138.3,323.5,1.000,7.2,15.0,22.5,35.7,55.3,76.3,91.5,102.2,109.0,115.5,121.7,127.7,135.8,144.7,160.7,69.8,36.9,22.4,9.8
1274,25.978,0.000,1117.8,197.8,0.3,4,15125,1.000,0.000,-0.004,0.134,-0.024,120.9,-3.3,0,1.24,0.470,136.9,322.2,1.000,7.2,14.9,22.4,35.6,55.3,76.6,91.3,101.7,108.4,114.8,120.9,126.8,134.8,143.7,159.6,69.6,36.9,22.5,9.9
1275,26.000,0.000,1119.0,198.5,0.3,4,15168,1.000,0.000,-0.005,0.139,-0.024,120.0,-3.5,0,1.23,0.470,135.5,320.9,1.000,7.1,14.8,22.4,35.5,55.3,76.7,90.9,101.0,107.7,114.0,120.0,125.8,133.8,142.6,158.4,69.5,37.0,22.6,9.9
1276,26.022,0.000,1120.2,199.1,0.3,4,15216,1.000,0.000,-0.006,0.144,-0.023,119.0,-3.6,0,1.23,0.470,134.1,319.4,1.000,7.1,14.8,22.3,35.4,55.3,76.8,90.4,100.3,106.8,113.0,119.0,124.8,132.7,141.4,157.1,69.5,37.1,22.6,9.9
1277,26.044,0.000,1121.4,199.8,0.3,4,15266,1.000,0.000,-0.006,0.149,-0.023,118.1,-3.6,0,1.23,0.470,132.7,318.0,1.000,7.1,14.7,22.2,35.4,55.2,76.9,90.0,99.6,106.0,112.2,118.1,123.8,131.6,140.2,155.9,69.5,37.1,22.7,10.0
1278,26.066,0.000,1122.7,200.4,0.2,4,15320,1.000,0.000,-0.006,0.154,-0.022,117.2,-3.5,0,1.23,0.470,131.3,316.6,1.000,7.0,14.7,22.1,35.3,55.3,77.0,89.5,99.0,105.3,111.3,117.2,122.8,130.5,139.1,154.7,69.4,37.2,22.7,10.0
1279,26.088,0.000,1123.9,201.1,0.2,4,15371,1.000,0.000,-0.006,0.159,-0.022,116.2,-3.5,0,1.23,0.470,129.9,315.2,1.000,7.0,14.6,22.0,35.2,55.3,77.0,89.1,98.3,104.5,110.5,116.2,121.9,129.5,138.0,153.5,69.2,37.2,22.8,10.1
1280,26.110,0.000,1125.1,201.7,0.3,4,15420,1.000,0.000,-0.006,0.163,-0.021,115.4,-3.5,0,1.23,0.470,128.5,313.8,1.000,7.0,14.5,22.0,35.2,55.4,77.0,88.7,97.7,103.8,109.7,115.4,120.9,128.5,136.9,152.3,69.1,37.3,22.8,10.1
1281,26.132,0.000,1126.4,202.4,0.3,4,15468,1.000,0.000,-0.006,0.168,-0.020,114.5,-3.6,0,1.23,0.470,127.1,312.4,1.000,6.9,14.5,21.9,35.2,55.5,77.0,88.2,97.1,103.1,108.8,114.5,120.0,127.5,135.8,151.1,68.9,37.3,22.9,10.1
1282,26.154,0.000,1127.6,203.0,0.3,4,15516,1.000,0.000,-0.005,0.172,-0.020,113.6,-3.6,0,1.22,0.470,125.7,311.1,1.000,6.9,14.4,21.9,35.1,55.6,76.9,87.8,96.4,102.3,108.0,113.6,119.0,126.5,134.8,149.9,68.7,37.3,22.9,10.1
1283,26.176,0.000,1128.8,203.7,0.3,4,15562,1.000,0.000,-0.004,0.176,-0.019,112.7,-3.7,0,1.22,0.470,124.2,309.7,1.000,6.9,14.4,21.8,35.1,55.7,76.7,87.3,95.8,101.6,107.2,112.7,118.0,125.4,133.6,148.7,68.6,37.3,23.0,10.2
1284,26.198,0.000,1130.1,204.3,0.3,4,15607,1.000,0.000,-0.004,0.181,-0.018,111.7,-3.8,0,1.22,0.470,122.8,308.2,1.000,6.8,14.3,21.8,35.1,55.7,76.4,86.7,95.0,100.7,106.3,111.7,117.0,124.3,132.5,147.4,68.5,37.3,23.0,10.2
1285,26.220,0.000,1131.3,204.9,0.3,4,15653,1.000,0.000,-0.005,0.185,-0.018,110.6,-3.9,0,1.23,0.470,121.4,306.6,1.000,6.8,14.3,21.7,35.0,55.8,76.1,86.1,94.2,99.8,105.3,110.6,115.9,123.1,131.2,146.1,68.5,37.4,23.0,10.2
1286,26.242,0.000,1132.6,205.6,0.2,4,15700,1.000,0.000,-0.005,0.189,-0.018,109.6,-4.0,0,1.23,0.470,120.0,305.0,1.000,6.8,14.2,21.6,35.0,55.8,75.7,85.4,93.4,98.9,104.3,109.6,114.8,122.0,130.0,144.7,68.6,37.4,23.1,10.3
1287,26.264,0.000,1133.8,206.2,0.2,4,15747,1.000,0.000,-0.005,0.193,-0.017,108.6,-4.0,0,1.23,0.470,118.6,303.5,1.000,6.7,14.2,21.6,34.9,55.8,75.3,84.8,92.6,98.0,103.4,108.6,113.7,120.8,128.8,143.4,68.7,37.4,23.1,10.3
1288,26.286,0.000,1135.1,206.9,0.2,4,15796,1.000,0.000,-0.005,0.196,-0.017,107.6,-4.0,0,1.23,0.470,117.1,301.9,1.000,6.7,14.1,21.5,34.9,55.9,74.9,84.1,91.8,97.2,102.4,107.6,112.6,119.7,127.6,142.1,68.9,37.4,23.2,10.3
1289,26.308,0.000,1136.4,207.5,0.2,4,15843,1.000,0.000,-0.005,0.200,-0.016,106.5,-4.1,0,1.24,0.470,115.7,300.3,1.000,6.7,14.1,21.5,34.9,56.0,74.5,83.5,91.0,96.3,101.4,106.5,111.6,118.5,126.4,140.8,69.2,37.5,23.2,10.3
1290,26.330,0.000,1137.7,208.1,0.2,4,15890,1.000,0.000,-0.004,0.204,-0.015,105.5,-4.1,0,1.24,0.470,114.3,298.7,1.000,6.7,14.0,21.4,34.8,56.1,74.0,82.8,90.2,95.4,100.5,105.5,110.5,117.4,125.1,139.5,69.7,37.5,23.2,10.4
1291,26.352,0.000,1138.9,208.8,0.2,4,15936,1.000,0.000,-0.004,0.207,-0.015,104.5,-4.2,0,1.25,0.470,112.8,297.0,1.000,6.6,14.0,21.4,34.8,56.2,73.5,82.1,89.4,94.5,99.5,104.5,109.4,116.2,123.9,138.1,70.3,37.5,23.3,10.4
1292,26.374,0.000,1140.2,209.4,0.2,4,15982,1.000,0.000,-0.004,0.210,-0.014,103.4,-4.3,0,1.26,0.470,111.4,295.4,1.000,6.6,14.0,21.3,34.8,56.3,73.0,81.4,88.5,93.5,98.5,103.4,108.2,115.0,122.6,136.7,71.3,37.5,23.3,10.4
1293,26.396,0.000,1141.5,210.0,0.2,4,16030,1.000,0.000,-0.005,0.214,-0.014,102.3,-4.3,0,1.27,0.470,110.0,293.6,1.000,6.6,13.9,21.3,34.7,56.3,72.4,80.6,87.6,92.5,97.4,102.3,107.1,113.7,121.3,135.3,72.7,37.5,23.3,10.4
1294,26.418,0.000,1142.8,210.7,0.2,4,16078,1.000,0.000,-0.005,0.217,-0.014,101.2,-4.3,0,1.29,0.470,108.5,291.8,1.000,6.6,13.9,21.2,34.7,56.3,71.9,79.9,86.7,91.6,96.4,101.2,105.9,112.5,120.0,133.9,75.0,37.5,23.3,10.5
1295,26.440,0.000,1144.0,211.3,0.2,4,16123,1.000,0.000,-0.035,0.220,-0.013,100.1,-4.4,0,2.16,0.470,107.1,324.0,1.000,6.5,13.9,21.2,34.7,56.3,71.3,79.1,85.9,90.6,95.4,100.1,104.8,111.3,118.8,132.6,161.2,37.5,23.4,10.5
1296,26.462,0.000,1145.3,211.9,0.2,4,16169,1.000,0.000,-0.028,0.223,-0.011,99.7,-4.4,0,2.15,0.470,105.7,323.1,1.000,6.5,13.9,21.3,35.0,56.9,71.4,79.0,85.6,90.3,95.0,99.7,104.3,110.8,118.1,131.8,160.4,37.3,23.3,10.5
1297,26.484,0.000,1146.6,212.5,0.4,4,16216,1.000,0.000,0.015,0.225,-0.009,99.8,-4.5,0,1.27,0.470,104.2,288.8,1.000,6.5,13.9,21.5,35.7,58.0,72.1,79.5,86.0,90.6,95.2,99.8,104.4,110.8,118.0,131.6,75.8,36.8,23.2,10.5
1298,26.506,0.000,1148.0,213.2,0.7,4,16260,1.000,0.000,-0.010,0.228,-0.007,99.1,-4.6,0,2.11,0.470,102.8,321.5,1.000,6.5,13.9,21.6,35.9,58.2,71.8,79.1,85.5,90.0,94.6,99.1,103.6,109.9,117.2,130.6,159.2,36.7,23.1,10.5
1299,26.528,0.000,1149.2,213.8,0.5,4,16315,1.000,0.000,-0.009,0.230,-0.007,97.9,-4.4,0,2.11,0.470,101.4,319.2,1.000,6.5,13.9,21.5,35.9,57.9,71.1,78.2,84.5,89.0,93.4,97.9,102.4,108.6,115.8,129.1,157.5,36.7,23.1,10.5
1300,26.550,0.000,1150.6,214.4,0.5,4,16359,1.000,0.000,-0.007,0.232,-0.006,96.9,-4.5,0,2.11,0.470,100.0,317.4,1.000,6.5,13.9,21.6,36.0,57.7,70.6,77.5,83.7,88.1,92.5,96.9,101.3,107.5,114.6,127.8,156.0,36.6,23.1,10.5
1301,26.572,0.000,1151.9,215.0,0.4,4,16402,1.000,0.000,-0.004,0.233,-0.005,95.9,-4.6,0,2.11,0.470,98.5,315.7,1.000,6.5,13.9,21.6,36.2,57.5,70.0,76.8,82.9,87.2,91.5,95.9,100.3,106.4,113.4,126.5,154.5,36.5,23.1,10.5
1302,26.594,0.000,1153.2,215.7,0.4,4,16445,1.000,0.000,-0.002,0.235,-0.005,94.8,-4.8,0,2.11,0.470,97.1,313.9,1.000,6.5,13.9,21.6,36.3,57.2,69.4,76.1,82.0,86.2,90.5,94.8,99.1,105.2,112.1,125.2,152.9,36.4,23.1,10.5
1303,26.616,0.000,1154.5,216.3,0.4,4,16489,1.000,0.000,-0.001,0.236,-0.004,93.6,-4.9,0,2.11,0.470,95.7,311.9,1.000,6.5,13.9,21.6,36.3,56.7,68.6,75.2,81.0,85.2,89.4,93.6,97.9,103.9,110.7,123.7,151.2,36.4,23.1,10.5
1304,26.638,0.000,1155.8,216.9,0.3,4,16541,1.000,0.000,-0.001,0.238,-0.004,92.3,-4.8,0,2.11,0.470,94.3,309.6,1.000,6.4,13.9,21.6,36.3,56.2,67.7,74.1,79.8,84.0,88.1,92.3,96.5,102.4,109.2,122.0,149.3,36.4,23.1,10.5
1305,26.660,0.000,1157.2,217.5,0.2,4,16589,1.000,0.000,-0.001,0.239,-0.004,90.9,-4.8,0,2.11,0.470,92.9,307.1,1.000,6.4,13.9,21.6,36.3,55.6,66.8,73.1,78.7,82.7,86.8,90.9,95.1,100.9,107.7,120.4,147.4,36.4,23.1,10.6
1306,26.682,0.000,1158.5,218.1,0.2,4,16631,1.000,0.000,-0.002,0.240,-0.004,89.6,-4.9,0,2.12,0.470,91.4,304.8,1.000,6.4,13.8,21.5,36.2,54.9,65.9,72.0,77.5,81.5,85.5,89.6,93.7,99.4,106.1,118.7,145.4,36.5,23.1,10.6
1307,26.704,0.000,1159.8,218.7,0.1,4,16673,1.000,0.000,-0.002,0.241,-0.004,88.2,-5.0,0,2.12,0.470,90.0,302.7,1.000,6.4,13.8,21.5,36.2,54.3,65.0,71.0,76.3,80.2,84.2,88.2,92.2,97.9,104.5,117.0,143.5,36.5,23.1,10.6
1308,26.726,0.000,1161.2,219.4,0.1,4,16716,1.000,0.000,-0.002,0.242,-0.004,86.9,-5.2,0,2.12,0.470,88.6,300.4,1.000,6.4,13.8,21.5,36.2,53.7,64.1,69.9,75.2,79.0,82.9,86.9,90.8,96.5,103.0,115.4,141.6,36.5,23.1,10.6
1309,26.748,0.000,1162.5,220.0,0.1,4,16758,1.000,0.000,-0.002,0.243,-0.004,85.5,-5.3,0,2.12,0.470,87.2,298.3,1.000,6.4,13.8,21.5,36.2,53.1,63.2,68.9,74.1,77.8,81.7,85.5,89.5,95.0,101.5,113.7,139.7,36.5,23.1,10.6
1310,26.770,0.000,1163.8,220.6,0.1,4,16808,1.000,0.000,-0.002,0.244,-0.003,84.2,-5.2,0,2.13,0.470,85.7,296.0,1.000,6.4,13.8,21.5,36.1,52.4,62.3,67.9,72.9,76.6,80.4,84.2,88.1,93.6,99.9,112.1,137.8,36.5,23.1,10.6
1311,26.792,0.000,1165.2,221.2,0.1,4,16852,1.000,0.000,-0.001,0.244,-0.003,82.9,-5.3,0,2.13,0.470,84.3,293.7,1.000,6.4,13.8,21.5,36.0,51.8,61.4,66.8,71.8,75.4,79.1,82.9,86.7,92.1,98.4,110.4,135.9,36.6,23.1,10.6
1312,26.814,0.000,1166.6,221.8,0.1,4,16895,1.000,0.000,-0.001,0.245,-0.003,81.6,-5.4,0,2.14,0.470,82.8,291.5,1.000,6.4,13.8,21.5,35.9,51.1,60.5,65.8,70.7,74.2,77.9,81.6,85.3,90.7,96.9,108.8,134.0,36.8,23.2,10.6
1313,26.836,0.000,1167.9,222.4,0.1,4,16938,1.000,0.000,-0.001,0.246,-0.003,80.2,-5.5,0,2.15,0.470,81.4,289.1,1.000,6.4,13.8,21.5,35.6,50.4,59.5,64.7,69.5,73.0,76.6,80.2,83.9,89.2,95.3,107.1,132.0,37.0,23.2,10.6
1314,26.858,0.000,1169.3,223.0,0.1,4,16981,1.000,0.000,-0.002,0.247,-0.003,78.8,-5.6,0,2.15,0.469,80.0,286.8,1.000,6.4,13.8,21.5,35.4,49.7,58.5,63.6,68.3,71.7,75.2,78.8,82.5,87.6,93.7,105.4,130.0,37.2,23.2,10.6
1315,26.880,0.000,1170.6,223.6,0.1,4,17026,1.000,0.000,-0.019,0.247,-0.003,77.4,-5.6,0,2.16,0.435,78.5,284.4,1.000,6.4,13.8,21.5,35.1,49.0,57.6,62.6,67.1,70.5,73.9,77.4,81.0,86.1,92.1,103.7,128.1,37.5,23.2,10.6
1316,26.902,0.000,1172.0,224.2,0.1,4,17070,1.000,0.000,-0.032,0.248,-0.002,76.4,-5.7,0,2.17,0.401,77.1,282.4,1.000,6.4,13.8,21.5,35.0,48.5,56.9,61.8,66.2,69.5,72.9,76.4,79.9,85.0,90.9,102.3,126.5,37.7,23.1,10.6
1317,26.924,0.000,1173.4,224.8,0.2,4,17114,1.000,0.000,-0.038,0.248,0.001,75.9,-5.7,0,2.16,0.367,75.9,281.4,1.000,6.4,13.9,21.8,35.2,48.4,56.7,61.5,65.9,69.1,72.5,75.9,79.4,84.4,90.2,101.5,125.7,37.6,23.0,10.6
1318,26.946,0.000,1174.8,225.4,0.5,4,17158,1.000,0.000,-0.037,0.248,0.004,75.8,-5.7,0,2.14,0.333,75.8,281.1,1.000,6.4,14.0,22.1,35.5,48.6,56.8,61.5,65.9,69.1,72.4,75.8,79.3,84.2,90.0,101.3,125.4,37.2,22.7,10.5
1319,26.968,0.000,1176.1,226.0,0.9,4,17202,1.000,0.000,-0.034,0.248,0.008,75.9,-5.8,0,2.12,0.300,75.9,281.2,1.000,6.4,14.2,22.6,36.0,49.0,57.0,61.7,66.1,69.3,72.5,75.9,79.3,84.3,90.0,101.2,125.5,36.8,22.5,10.5
1320,26.990,0.000,1177.5,226.6,1.1,4,17245,1.000,0.000,-0.030,0.246,0.012,76.0,-5.8,0,2.09,0.267,76.0,281.2,1.000,6.5,14.4,23.0,36.3,49.3,57.3,61.9,66.2,69.4,72.6,76.0,79.4,84.3,90.0,101.1,125.5,36.4,22.2,10.4
1321,27.012,0.000,1178.9,227.1,1.3,4,17287,1.000,0.000,-0.027,0.244,0.016,75.9,-5.9,0,2.08,0.234,75.9,281.0,1.000,6.5,14.6,23.3,36.6,49.4,57.3,61.9,66.2,69.3,72.6,75.9,79.2,84.1,89.8,100.8,125.4,36.1,22.0,10.4
1322,27.034,0.000,1180.3,227.7,1.4,4,17330,1.000,0.000,-0.026,0.242,0.019,75.6,-5.9,0,2.07,0.202,75.6,280.5,1.000,6.6,14.8,23.6,36.8,49.4,57.2,61.8,66.0,69.1,72.3,75.6,78.9,83.7,89.4,100.3,125.0,35.9,21.8,10.3
1323,27.056,0.000,1181.7,228.3,1.4,4,17372,1.000,0.000,-0.026,0.238,0.022,75.2,-6.0,0,2.06,0.170,75.2,279.8,1.000,6.6,15.0,23.8,36.9,49.3,57.0,61.5,65.7,68.8,71.9,75.2,78.5,83.2,88.8,99.7,124.4,35.8,21.6,10.3
1324,27.078,0.000,1183.1,228.9,1.3,4,17415,1.000,0.000,-0.026,0.235,0.024,74.7,-6.0,0,2.05,0.139,74.7,279.0,1.000,6.7,15.2,24.0,36.9,49.2,56.8,61.2,65.3,68.4,71.5,74.7,78.0,82.7,88.2,99.0,123.8,35.7,21.5,10.2
1325,27.100,0.000,1184.5,229.5,1.3,4,17454,1.000,0.000,-0.026,0.230,0.027,74.2,-6.2,0,2.04,0.108,74.2,278.1,1.000,6.7,15.4,24.1,36.9,49.0,56.5,60.9,64.9,67.9,71.0,74.2,77.4,82.1,87.6,98.3,123.1,35.7,21.3,10.2
1326,27.122,0.000,1185.9,230.0,1.3,4,17493,1.000,0.000,-0.025,0.224,0.030,73.6,-6.3,0,2.04,0.077,73.6,277.2,1.000,6.8,15.6,24.3,36.9,48.8,56.2,60.5,64.5,67.4,70.5,73.6,76.9,81.5,86.9,97.6,122.4,35.7,21.2,10.1
1327,27.144,0.000,1187.3,230.6,1.2,4,17536,1.000,0.000,-0.024,0.218,0.032,73.1,-6.3,0,2.03,0.047,73.1,276.2,1.000,6.9,15.7,24.4,36.8,48.5,55.8,60.1,64.0,66.9,70.0,73.1,76.2,80.8,86.2,96.8,121.6,35.8,21.1,10.0
1328,27.166,0.000,1188.7,231.2,1.2,4,17579,1.000,0.000,-0.023,0.212,0.035,72.4,-6.4,0,2.03,0.018,72.4,275.1,1.000,6.9,15.9,24.5,36.7,48.3,55.4,59.6,63.5,66.4,69.4,72.4,75.6,80.1,85.5,95.9,120.8,35.9,21.0,9.9
1329,27.188,0.000,1190.1,231.7,1.2,4,17622,1.000,0.000,-0.024,0.205,0.037,71.8,-6.4,0,2.03,-0.004,71.8,274.1,1.000,7.0,16.0,24.5,36.6,48.0,55.0,59.2,63.0,65.8,68.8,71.8,74.9,79.4,84.7,95.1,120.0,36.0,20.9,9.9
1330,27.210,0.000,1191.5,232.3,1.2,4,17660,1.000,0.000,-0.019,0.197,0.040,71.2,-6.5,0,2.03,-0.014,71.2,273.0,1.000,7.1,16.1,24.6,36.5,47.7,54.6,58.7,62.5,65.3,68.2,71.2,74.3,78.7,83.9,94.2,119.2,36.2,20.9,9.8
1331,27.232,0.000,1193.0,232.9,1.2,4,17697,1.000,0.000,-0.014,0.188,0.042,70.5,-6.7,0,2.04,-0.024,70.5,271.7,1.000,7.2,16.2,24.6,36.3,47.3,54.1,58.1,61.9,64.6,67.5,70.5,73.5,77.9,83.1,93.3,118.3,36.5,20.8,9.7
1332,27.254,0.000,1194.4,233.4,1.1,4,17739,1.000,0.000,-0.012,0.179,0.044,69.6,-6.8,0,2.04,-0.034,69.6,270.1,1.000,7.3,16.2,24.5,36.0,46.8,53.5,57.4,61.1,63.8,66.6,69.6,72.6,76.9,82.0,92.1,117.0,37.0,20.8,9.6
1333,27.276,0.000,1195.8,234.0,1.0,4,17783,1.000,0.000,-0.012,0.169,0.045,68.5,-6.8,0,2.06,-0.043,68.5,268.0,1.000,7.3,16.2,24.4,35.6,46.1,52.7,56.6,60.2,62.8,65.6,68.5,71.4,75.7,80.8,90.8,115.5,37.7,20.9,9.6
1334,27.298,0.000,1197.2,234.6,0.9,4,17826,1.000,0.000,-0.018,0.160,0.045,67.4,-6.8,0,2.08,-0.050,67.4,265.8,1.000,7.4,16.2,24.2,35.2,45.5,51.9,55.7,59.2,61.8,64.6,67.4,70.3,74.5,79.5,89.4,113.9,38.7,21.0,9.5
1335,27.320,0.000,1198.7,235.1,0.8,4,17862,1.000,0.000,-0.037,0.150,0.041,66.3,-6.9,0,2.10,-0.048,66.3,263.7,1.000,7.4,16.2,24.1,34.8,44.8,51.1,54.8,58.3,60.9,63.6,66.3,69.2,73.3,78.3,88.1,112.4,39.6,21.0,9.5
1336,27.342,0.000,1200.1,235.7,0.8,4,17899,1.000,0.000,-0.051,0.141,0.038,65.6,-7.1,0,2.11,-0.046,65.6,262.6,1.000,7.5,16.2,24.0,34.6,44.4,50.6,54.3,57.7,60.3,62.9,65.6,68.5,72.6,77.5,87.2,111.5,40.3,21.1,9.4
1337,27.364,0.000,1201.5,236.2,1.0,4,17944,1.000,0.000,-0.057,0.133,0.037,65.5,-7.0,0,2.11,-0.044,65.5,262.8,1.000,7.6,16.3,24.1,34.6,44.4,50.5,54.2,57.6,60.1,62.7,65.5,68.3,72.4,77.2,86.9,111.7,40.4,21.0,9.4
1338,27.386,0.000,1203.0,236.8,1.3,4,17991,1.000,0.000,-0.057,0.126,0.037,65.7,-6.8,0,2.11,-0.042,65.7,264.1,1.000,7.6,16.4,24.3,34.8,44.6,50.8,54.4,57.8,60.3,62.9,65.7,68.5,72.5,77.4,87.0,112.6,39.9,20.8,9.3
1339,27.408,0.000,1204.4,237.3,1.8,4,18038,1.000,0.000,-0.054,0.118,0.037,66.1,-6.7,0,2.10,-0.040,66.1,266.2,1.000,7.7,16.6,24.5,35.1,45.0,51.1,54.8,58.2,60.7,63.3,66.1,68.9,73.0,77.8,87.5,114.2,39.2,20.6,9.3
1340,27.430,0.000,1205.9,237.8,2.1,4,18081,1.000,0.000,-0.050,0.111,0.038,66.5,-6.6,0,2.10,-0.038,66.5,268.6,1.000,7.8,16.8,24.7,35.4,45.3,51.5,55.2,58.6,61.1,63.8,66.5,69.3,73.4,78.3,88.0,115.9,38.5,20.4,9.2
1341,27.452,0.000,1207.3,238.4,2.4,4,18111,1.000,0.000,-0.048,0.104,0.038,66.8,-6.9,0,2.10,-0.037,66.8,270.7,1.000,7.8,16.9,24.9,35.7,45.6,51.8,55.4,58.8,61.4,64.0,66.8,69.6,73.7,78.5,88.4,117.5,38.0,20.3,9.1
1342,27.474,0.000,1208.8,238.9,2.4,4,18150,1.000,0.000,-0.049,0.098,0.038,66.9,-6.9,0,2.11,-0.035,66.9,272.6,1.000,7.9,17.0,25.0,35.8,45.7,51.9,55.6,59.0,61.5,64.1,66.9,69.7,73.8,78.6,88.6,118.9,37.7,20.2,9.1
1343,27.496,0.000,1210.2,239.4,2.4,4,18191,1.000,0.000,-0.052,0.091,0.037,66.9,-6.9,0,2.13,-0.034,66.9,274.2,1.000,7.9,17.1,25.1,35.9,45.8,52.0,55.6,59.0,61.5,64.1,66.9,69.7,73.7,78.6,88.8,120.1,37.5,20.1,9.0
1344,27.518,0.000,1211.7,239.9,2.4,4,18233,1.000,0.000,-0.054,0.084,0.037,66.9,-6.9,0,2.15,-0.032,66.9,276.1,1.000,8.0,17.2,25.2,36.0,45.8,52.0,55.6,59.0,61.5,64.2,66.9,69.7,73.7,78.6,89.0,121.6,37.4,20.0,9.0
1345,27.540,0.000,1213.2,240.5,2.4,4,18274,1.000,0.000,-0.055,0.078,0.037,67.0,-6.9,0,2.17,-0.030,67.0,278.5,1.000,8.0,17.3,25.3,36.1,46.0,52.1,55.7,59.1,61.6,64.2,67.0,69.7,73.8,78.6,89.4,123.4,37.1,19.9,8.9
1346,27.562,0.000,1214.6,241.0,2.5,4,18307,1.000,0.000,-0.055,0.072,0.036,67.1,-7.0,0,2.19,-0.029,67.1,281.4,1.000,8.1,17.4,25.5,36.3,46.1,52.3,55.9,59.3,61.8,64.4,67.1,69.9,73.9,78.8,90.0,125.7,36.8,19.7,8.9
1347,27.584,0.000,1216.1,241.5,2.5,4,18345,1.000,0.000,-0.055,0.065,0.036,67.3,-7.1,0,2.22,-0.028,67.3,284.7,1.000,8.1,17.5,25.6,36.4,46.3,52.4,56.1,59.4,61.9,64.6,67.3,70.0,74.1,79.1,90.6,128.2,36.4,19.6,8.8
1348,27.606,0.000,1217.6,242.0,2.6,4,18384,1.000,0.000,-0.055,0.059,0.036,67.4,-7.1,0,2.26,-0.026,67.4,288.3,1.000,8.2,17.6,25.7,36.6,46.4,52.6,56.2,59.6,62.1,64.7,67.4,70.2,74.2,79.4,91.3,131.1,36.1,19.5,8.8
1349,27.628,0.000,1219.0,242.5,2.6,4,18424,1.000,0.000,-0.055,0.053,0.036,67.5,-7.1,0,2.31,-0.025,67.5,292.3,1.000,8.2,17.7,25.9,36.7,46.6,52.7,56.4,59.7,62.2,64.8,67.5,70.3,74.4,79.7,92.2,134.2,35.8,19.4,8.7
1350,27.650,0.000,1220.5,243.0,2.7,4,18463,1.000,0.000,-0.055,0.047,0.036,67.7,-7.1,0,2.36,-0.023,67.7,296.7,1.000,8.3,17.8,26.0,36.9,46.8,52.9,56.5,59.9,62.4,65.0,67.7,70.5,74.7,80.2,93.1,137.8,35.5,19.2,8.7
1351,27.672,0.000,1222.0,243.5,2.7,4,18499,1.000,0.000,-0.055,0.040,0.036,67.8,-7.1,0,2.42,-0.022,67.8,301.7,1.000,8.3,17.9,26.1,37.0,46.9,53.0,56.7,60.0,62.5,65.1,67.8,70.6,75.0,80.7,94.2,142.0,35.2,19.1,8.6
1352,27.694,0.000,1223.5,244.0,2.7,4,18535,1.000,0.000,-0.055,0.034,0.036,68.0,-7.2,0,2.49,-0.020,68.0,307.2,1.000,8.4,18.0,26.2,37.2,47.1,53.2,56.8,60.2,62.7,65.3,68.0,70.8,75.4,81.3,95.4,146.6,34.9,19.0,8.6
1353,27.716,0.000,1225.0,244.5,2.7,4,18572,1.000,0.000,-0.056,0.028,0.036,68.1,-7.2,0,2.57,-0.019,68.1,313.3,1.000,8.5,18.1,26.4,37.3,47.2,53.3,56.9,60.3,62.8,65.4,68.1,71.1,75.8,81.9,96.7,151.8,34.6,18.9,8.5
1354,27.738,0.000,1226.5,245.0,2.7,4,18610,1.000,0.000,-0.057,0.022,0.036,68.3,-7.3,0,2.66,-0.018,68.3,320.2,1.000,8.5,18.2,26.5,37.4,47.3,53.4,57.0,60.4,62.9,65.5,68.3,71.4,76.3,82.7,98.2,157.8,34.4,18.8,8.5
1355,27.760,0.000,1228.0,245.0,2.7,5,16672,1.000,0.000,-0.059,0.016,0.035,68.6,-17.8,0,2.77,-0.016,68.6,328.0,1.000,8.6,18.3,26.6,37.5,47.4,53.6,57.2,60.5,63.0,65.7,68.6,71.8,76.8,83.5,99.9,164.8,34.1,18.7,8.4
1356,27.782,0.000,1229.5,244.5,2.7,5,16634,1.000,0.000,-0.059,0.010,0.036,69.1,-18.1,0,2.90,-0.015,69.1,337.7,1.000,8.6,18.4,26.8,37.7,47.7,53.8,57.4,60.7,63.3,66.0,69.1,72.4,77.7,84.7,102.1,173.7,33.7,18.5,8.4
1357,27.804,0.000,1231.0,244.0,2.8,5,16237,1.000,0.000,-0.057,0.004,0.036,69.9,-19.0,0,3.06,-0.014,69.9,253.5,1.000,8.7,18.5,27.0,38.0,48.0,54.1,57.8,61.1,63.8,66.7,69.9,73.4,78.9,86.4,105.1,186.0,33.2,18.4,8.3
1358,27.826,0.000,1232.5,244.1,3.0,5,16622,1.000,0.000,-0.054,-0.002,0.037,70.9,-8.4,0,3.24,-0.012,70.9,258.8,1.000,8.7,18.7,27.2,38.4,48.4,54.6,58.2,61.7,64.5,67.5,70.9,74.6,80.5,88.5,108.8,200.0,32.6,18.2,8.3
1359,27.848,0.000,1234.0,244.5,3.1,5,16650,1.000,0.000,-0.044,-0.008,0.038,71.9,-8.1,0,3.20,-0.011,71.9,264.3,1.000,8.8,18.8,27.4,38.7,48.8,55.0,58.7,62.3,65.2,68.4,71.9,75.8,82.1,90.6,112.8,200.0,32.1,18.0,8.2
1360,27.870,0.000,1235.5,244.9,3.1,5,16669,1.000,0.000,-0.039,-0.015,0.038,72.7,-8.4,0,3.18,-0.008,72.7,364.9,1.000,8.8,18.9,27.5,38.8,48.9,55.1,58.9,62.7,65.7,69.0,72.7,76.8,83.4,92.5,116.3,200.0,31.8,17.9,8.1
1361,27.892,0.000,1237.0,245.3,2.9,5,16688,1.000,0.000,-0.039,-0.021,0.037,73.0,-8.6,0,3.18,-0.005,73.0,364.9,1.000,8.9,19.0,27.6,38.8,48.8,55.0,58.8,62.7,65.8,69.2,73.0,77.3,84.1,93.6,118.9,200.0,31.8,17.8,8.1
1362,27.914,0.000,1238.5,245.7,2.6,5,16713,1.000,0.000,-0.043,-0.027,0.035,73.1,-8.7,0,3.19,-0.002,73.1,364.9,1.000,8.9,19.0,27.5,38.6,48.5,54.7,58.6,62.5,65.7,69.2,73.1,77.4,84.5,94.4,120.9,200.0,32.1,17.8,8.1
1363,27.936,0.000,1240.0,246.1,2.3,5,16738,1.000,0.000,-0.030,-0.033,0.033,73.1,-8.8,0,3.20,0.005,73.1,364.7,1.000,8.9,18.9,27.4,38.4,48.2,54.4,58.4,62.3,65.6,69.1,73.1,77.6,84.9,95.1,122.9,200.0,32.4,17.8,8.0
1364,27.958,0.000,1241.5,246.5,2.2,5,16764,1.000,0.000,-0.019,-0.038,0.030,73.0,-8.9,0,3.22,0.018,73.0,364.6,1.000,9.0,18.9,27.3,38.1,47.8,54.0,58.0,62.1,65.3,68.9,73.0,77.6,85.1,95.6,124.6,200.0,32.8,17.9,8.0
1365,27.980,0.000,1243.0,246.9,1.9,5,16791,1.000,0.000,-0.015,-0.043,0.027,72.5,-9.0,0,3.25,0.031,72.5,364.3,1.000,9.0,18.8,27.1,37.7,47.2,53.4,57.4,61.4,64.7,68.4,72.5,77.1,84.7,95.4,125.1,200.0,33.6,18.0,8.0
1366,28.002,0.000,1244.5,247.3,1.6,5,16817,1.000,0.000,-0.015,-0.048,0.022,71.6,-9.1,0,3.30,0.047,71.6,364.2,1.000,9.0,18.7,26.8,37.1,46.4,52.5,56.5,60.6,63.8,67.5,71.6,76.2,83.7,94.5,124.6,200.0,34.7,18.1,8.0
1367,28.024,0.000,1246.0,247.7,1.3,5,16849,1.000,0.000,-0.020,-0.051,0.018,70.5,-9.0,0,3.36,0.064,70.5,363.9,1.000,9.0,18.5,26.4,36.5,45.6,51.7,55.6,59.6,62.8,66.5,70.5,75.1,82.7,93.4,123.6,200.0,36.3,18.3,8.0
1368,28.046,0.000,1247.5,248.2,1.1,5,16874,1.000,0.000,-0.023,-0.054,0.013,69.6,-9.1,0,3.42,0.085,69.6,363.9,1.000,9.0,18.4,26.1,36.0,44.8,50.8,54.8,58.7,62.0,65.6,69.6,74.2,81.7,92.5,123.0,200.0,38.0,18.6,8.0
1369,28.068,0.000,1249.0,248.6,1.0,5,16899,1.000,0.000,-0.025,-0.056,0.010,69.0,-9.2,0,3.46,0.106,69.0,364.1,1.000,8.9,18.2,25.8,35.5,44.2,50.2,54.1,58.1,61.3,64.9,69.0,73.6,81.2,92.1,123.2,200.0,40.0,18.8,8.0
1370,28.090,0.000,1250.6,249.0,1.0,5,16924,1.000,0.000,-0.024,-0.057,0.006,68.5,-9.3,0,3.51,0.132,68.5,364.1,1.000,8.9,18.1,25.6,35.0,43.6,49.6,53.5,57.5,60.8,64.4,68.5,73.2,80.9,92.1,124.2,200.0,42.0,19.0,8.0
1371,28.112,0.000,1252.1,249.4,1.1,5,16950,1.000,0.000,-0.023,-0.057,0.003,68.1,-9.4,0,3.55,0.159,68.1,364.1,1.000,8.9,18.0,25.3,34.6,43.1,49.1,53.0,57.0,60.3,64.0,68.1,72.9,80.8,92.2,125.5,200.0,43.7,19.2,8.1
1372,28.134,0.000,1253.6,249.8,1.1,5,16984,1.000,0.000,-0.022,-0.056,-0.001,67.7,-9.2,0,3.59,0.189,68.0,363.8,1.000,8.9,17.8,25.0,34.1,42.5,48.5,52.5,56.5,59.8,63.5,67.7,72.5,80.6,92.3,126.8,200.0,45.3,19.5,8.1
1373,28.156,0.000,1255.1,250.2,1.1,5,17009,1.000,0.000,-0.020,-0.054,-0.004,67.3,-9.3,0,3.63,0.224,69.5,363.7,1.000,8.8,17.6,24.7,33.6,42.0,47.9,51.9,56.0,59.3,63.1,67.3,72.2,80.4,92.4,128.2,200.0,46.8,19.8,8.2
1374,28.178,0.000,1256.7,250.6,1.1,5,17033,1.000,0.000,-0.019,-0.052,-0.008,66.8,-9.4,0,3.68,0.262,71.1,363.9,1.000,8.8,17.4,24.4,33.1,41.4,47.4,51.3,55.4,58.8,62.5,66.8,71.8,80.1,92.3,129.5,200.0,48.2,20.1,8.2
1375,28.200,0.000,1258.2,251.0,1.1,5,17058,1.000,0.000,-0.015,-0.048,-0.011,66.3,-9.5,0,3.73,0.308,73.1,363.9,1.000,8.7,17.2,24.0,32.5,40.7,46.7,50.7,54.8,58.1,61.9,66.3,71.3,79.7,92.2,130.5,200.0,49.6,20.5,8.3
1376,28.222,0.000,1259.7,251.4,1.1,5,17083,1.000,0.000,-0.012,-0.044,-0.015,65.5,-9.6,0,3.78,0.358,75.2,363.8,1.000,8.6,17.0,23.6,31.9,40.1,46.0,49.9,54.0,57.4,61.2,65.5,70.6,79.0,91.7,130.9,200.0,51.2,21.0,8.3
1377,28.244,0.000,1261.3,251.8,1.0,5,17120,1.000,0.000,-0.012,-0.038,-0.020,64.6,-9.3,0,3.85,0.410,77.4,363.3,1.000,8.5,16.7,23.2,31.2,39.3,45.2,49.1,53.1,56.5,60.3,64.6,69.6,78.1,90.8,130.5,200.0,52.8,21.5,8.4
1378,28.266,0.000,1262.8,252.2,0.9,5,17142,1.000,0.000,-0.010,-0.031,-0.025,63.5,-9.5,0,3.93,0.470,80.4,363.1,1.000,8.5,16.5,22.7,30.6,38.5,44.3,48.2,52.2,55.5,59.2,63.5,68.5,77.0,89.7,129.8,200.0,54.5,22.2,8.5
1379,28.288,0.000,1264.4,252.6,0.8,5,17166,1.000,0.000,-0.039,-0.023,-0.030,62.4,-9.6,0,4.01,0.470,83.6,363.3,1.000,8.4,16.2,22.2,29.9,37.7,43.4,47.2,51.2,54.4,58.2,62.4,67.4,75.8,88.4,128.7,200.0,56.3,22.9,8.7
1380,28.310,0.000,1265.9,253.0,0.7,5,17190,1.000,0.000,-0.062,-0.015,-0.033,62.0,-9.6,0,4.05,0.470,86.9,363.3,1.000,8.3,15.9,21.8,29.4,37.1,42.8,46.6,50.6,53.9,57.7,62.0,67.0,75.6,88.5,130.7,200.0,57.0,23.5,8.8
1381,28.332,0.000,1267.5,253.4,1.0,5,17216,1.000,0.000,-0.072,-0.005,-0.034,62.9,-9.6,0,4.02,0.470,90.9,363.3,1.000,8.2,15.7,21.6,29.1,37.0,42.8,46.8,50.9,54.4,58.3,62.9,68.2,77.4,91.5,139.1,200.0,56.2,23.9,8.9
1382,28.354,0.000,1269.0,253.7,1.6,5,17258,1.000,0.000,-0.069,0.005,-0.033,65.2,-9.1,0,3.93,0.470,96.1,362.7,1.000,8.1,15.6,21.4,29.1,37.3,43.5,47.7,52.1,55.9,60.1,65.2,71.1,81.4,97.8,156.7,200.0,54.2,24.0,9.0
1383,28.376,0.000,1270.6,254.1,2.2,5,17283,1.000,0.000,-0.062,0.016,-0.032,68.5,-9.1,0,3.81,0.470,102.6,362.5,1.000,8.0,15.5,21.4,29.3,37.9,44.5,49.1,54.0,58.1,62.9,68.5,75.3,87.5,107.2,186.2,200.0,51.9,24.0,9.0
1384,28.398,0.000,1272.1,254.5,2.8,5,17306,1.000,0.000,-0.056,0.026,-0.030,72.4,-9.2,0,3.69,0.470,110.5,362.8,1.000,7.9,15.4,21.3,29.5,38.6,45.7,50.7,56.0,60.6,66.0,72.4,80.3,94.7,119.1,200.0,200.0,49.9,24.0,9.1
1385,28.420,0.000,1273.7,254.8,3.1,5,17328,1.000,0.000,-0.048,0.037,-0.029,76.4,-9.3,0,3.40,0.470,120.4,362.9,1.000,7.9,15.3,21.2,29.7,39.2,46.8,52.1,58.0,63.1,69.1,76.4,85.5,102.5,132.8,200.0,183.2,48.4,24.0,9.2
1386,28.442,0.000,1275.2,255.2,3.1,5,17348,1.000,0.000,-0.045,0.048,-0.030,79.9,-9.4,0,3.09,0.470,132.8,362.9,1.000,7.8,15.1,21.0,29.7,39.6,47.5,53.3,59.6,65.1,71.7,79.9,90.1,109.9,146.6,200.0,159.8,47.5,24.1,9.3
1387,28.464,0.000,1276.8,255.6,2.9,5,17387,1.000,0.000,-0.051,0.059,-0.031,83.1,-9.1,0,2.89,0.470,148.7,362.2,1.000,7.7,14.9,20.9,29.6,39.8,48.1,54.2,60.9,66.9,74.1,83.1,94.5,117.1,161.3,200.0,145.3,47.0,24.3,9.4
1388,28.486,0.000,1278.3,255.9,2.8,5,17405,1.000,0.000,-0.057,0.070,-0.032,86.9,-9.3,0,2.71,0.470,170.1,361.9,1.000,7.6,14.7,20.7,29.6,40.1,48.9,55.3,62.6,69.0,76.9,86.9,99.9,126.2,180.9,200.0,133.3,46.3,24.4,9.5
1389,28.508,0.000,1279.9,256.3,2.7,5,17425,1.000,0.000,-0.061,0.081,-0.033,92.2,-9.4,0,2.53,0.470,191.1,362.3,1.000,7.5,14.6,20.6,29.7,40.7,50.0,56.9,64.8,71.9,80.8,92.2,107.4,139.4,200.0,200.0,122.1,45.5,24.4,9.6
1390,28.530,0.000,1281.5,256.7,2.8,5,17446,1.000,0.000,-0.062,0.093,-0.033,99.6,-9.5,0,2.36,0.470,194.6,362.4,1.000,7.4,14.4,20.6,30.0,41.5,51.5,59.1,67.9,75.9,86.1,99.6,117.9,159.0,200.0,200.0,112.0,44.6,24.4,9.7
1391,28.552,0.000,1283.0,257.0,2.8,5,17467,1.000,0.000,-0.064,0.104,-0.033,108.9,-9.6,0,2.18,0.470,198.5,362.4,1.000,7.3,14.3,20.6,30.3,42.5,53.3,61.7,71.6,80.8,92.7,108.9,131.8,186.9,200.0,200.0,103.4,43.6,24.3,9.8
1392,28.574,0.000,1284.6,257.4,2.9,5,17511,1.000,0.000,-0.064,0.116,-0.033,121.5,-9.1,0,2.01,0.470,200.0,361.5,1.000,7.2,14.3,20.6,30.7,43.8,55.6,65.0,76.3,87.1,101.4,121.5,151.5,200.0,200.0,200.0,95.9,42.6,24.2,9.9
1393,28.596,0.000,1286.2,257.7,3.0,5,17529,1.000,0.000,-0.062,0.128,-0.033,140.0,-9.2,0,1.82,0.470,200.0,361.3,1.000,7.1,14.2,20.8,31.4,45.4,58.5,69.3,82.5,95.6,113.6,140.0,182.4,200.0,200.0,200.0,88.9,41.5,24.0,10.0
1394,28.618,0.000,1287.7,258.1,3.2,5,17548,1.000,0.000,-0.060,0.140,-0.032,166.9,-9.4,0,1.64,0.470,200.0,361.8,1.000,7.0,14.2,21.0,32.1,47.3,62.1,74.6,90.5,106.8,130.3,166.9,200.0,200.0,200.0,199.6,82.9,40.4,23.7,10.1
1395,28.640,0.000,1289.3,258.4,3.2,5,17566,1.000,0.000,-0.059,0.152,-0.032,200.0,-9.6,0,1.42,0.470,200.0,361.7,1.000,7.0,14.3,21.2,32.8,49.4,66.1,80.7,100.0,120.7,152.2,200.0,200.0,200.0,200.0,189.2,78.0,39.5,23.5,10.1
1396,28.662,0.000,1290.9,258.8,3.1,5,17586,1.000,0.000,-0.039,0.163,-0.028,200.0,-9.7,0,1.21,0.470,200.0,361.4,1.000,6.9,14.3,21.4,33.6,51.5,70.2,87.2,110.6,136.9,179.7,200.0,200.0,200.0,200.0,166.8,74.2,38.7,23.3,10.2
1397,28.684,0.000,1292.5,259.1,3.1,5,17641,1.000,0.000,-0.017,0.173,-0.023,200.0,-8.9,0,1.04,0.470,200.0,359.1,1.000,6.9,14.3,21.5,34.2,53.4,74.2,93.8,121.9,155.1,200.0,200.0,200.0,200.0,200.0,151.3,71.3,38.0,23.2,10.2
1398,28.706,0.000,1294.0,259.5,2.9,5,17649,1.000,0.000,-0.148,0.182,-0.020,200.0,-9.5,0,0.95,0.000,200.0,358.6,1.000,6.8,14.3,21.6,34.6,54.7,77.1,98.7,130.8,170.3,200.0,200.0,200.0,200.0,200.0,142.7,69.6,37.7,23.1,10.2
1399,28.728,0.000,1295.6,259.9,2.4,5,17664,1.000,0.000,-0.117,0.189,-0.015,200.0,-9.1,0,0.78,0.000,200.0,359.5,1.000,6.8,14.3,21.9,35.6,57.5,83.2,109.3,150.6,200.0,200.0,200.0,200.0,200.0,195.6,129.9,66.6,36.9,22.9,10.2
1400,28.750,0.000,1297.2,260.2,3.0,5,17687,1.000,0.000,-0.063,0.195,-0.005,200.0,-9.3,0,0.49,0.000,200.0,359.5,1.000,6.8,14.6,22.7,38.0,64.3,98.6,137.9,200.0,200.0,200.0,200.0,200.0,197.7,183.7,111.3,61.5,35.4,22.4,10.2
1401,28.772,0.000,1298.8,260.5,3.6,5,17705,1.000,0.000,-0.011,0.198,0.003,200.0,-9.6,0,0.18,0.000,200.0,359.7,1.000,6.8,14.9,23.5,40.5,72.2,118.9,200.0,200.0,200.0,200.0,200.0,198.7,189.5,153.7,98.6,57.5,34.1,21.9,10.1
1402,28.794,0.000,1300.4,260.8,3.8,5,17761,1.000,0.000,0.017,0.201,0.008,200.0,-8.9,0,0.06,0.000,200.0,357.2,1.000,6.8,15.1,24.0,42.2,77.9,135.4,200.0,200.0,200.0,200.0,199.4,194.0,182.5,139.0,92.4,55.4,33.4,21.6,10.1
1403,28.816,0.000,1302.0,261.2,3.2,5,17762,1.000,0.000,0.020,0.202,0.009,200.0,-9.7,0,0.04,0.000,200.0,357.2,1.000,6.8,15.1,24.0,42.4,78.6,137.8,200.0,200.0,200.0,200.0,197.5,192.1,180.5,137.4,91.7,55.2,33.3,21.6,10.1
1404,28.838,0.000,1303.6,261.6,2.0,5,17770,1.000,0.000,0.008,0.202,0.007,200.0,-10.2,0,0.10,0.000,200.0,358.6,1.000,6.8,15.0,23.8,41.5,75.7,129.2,200.0,200.0,200.0,200.0,197.2,192.2,182.3,143.8,94.5,56.2,33.7,21.7,10.1
1405,28.860,0.000,1305.2,262.0,1.0,5,17785,1.000,0.000,-0.007,0.202,0.004,200.0,-10.5,0,0.16,0.000,200.0,359.0,1.000,6.8,14.9,23.4,40.5,72.6,120.3,200.0,200.0,200.0,200.0,197.1,192.4,183.7,152.0,98.0,57.4,34.1,21.9,10.2
1406,28.882,0.000,1306.8,262.4,0.3,5,17810,1.000,0.000,-0.015,0.202,0.002,200.0,-10.6,0,0.18,0.000,200.0,359.7,1.000,6.8,14.8,23.3,40.1,71.1,116.3,200.0,200.0,200.0,200.0,196.2,191.7,183.5,156.6,99.9,58.0,34.3,22.0,10.2
1407,28.904,0.000,1308.4,262.8,0.1,5,17854,1.000,0.000,-0.013,0.202,0.003,200.0,-10.0,0,0.17,0.000,200.0,358.4,1.000,6.8,14.8,23.3,40.2,71.5,117.2,200.0,200.0,200.0,198.3,194.5,190.0,181.9,155.5,99.5,57.9,34.2,22.0,10.2
1408,28.926,0.000,1310.0,263.1,0.3,5,17869,1.000,0.000,-0.006,0.201,0.004,199.6,-10.4,0,0.14,0.000,199.8,359.0,1.000,6.8,14.9,23.5,40.7,72.9,121.0,200.0,200.0,199.6,196.2,192.3,187.8,179.5,151.3,97.7,57.3,34.0,21.9,10.2
1409,28.948,0.000,1311.6,263.5,0.4,5,17887,1.000,0.000,0.001,0.200,0.005,197.6,-10.6,0,0.11,0.000,199.0,360.2,1.000,6.8,15.0,23.7,41.1,74.3,124.8,200.0,200.0,197.6,194.1,190.2,185.6,177.1,147.6,96.1,56.7,33.8,21.8,10.1
1410,28.970,0.000,1313.2,263.9,0.4,5,17906,1.000,0.000,0.004,0.199,0.006,195.8,-10.8,0,0.09,0.000,197.8,360.6,1.000,6.8,15.0,23.7,41.3,75.0,126.6,200.0,198.9,195.8,192.3,188.4,183.8,175.3,146.0,95.4,56.4,33.7,21.7,10.1
1411,28.992,0.000,1314.8,264.2,0.3,5,17941,1.000,0.000,0.003,0.198,0.005,194.2,-10.6,0,0.09,0.000,196.1,360.8,1.000,6.8,15.0,23.8,41.3,74.9,126.1,200.0,197.3,194.2,190.8,186.9,182.4,174.1,146.4,95.6,56.5,33.7,21.7,10.1
1412,29.014,0.000,1316.5,264.6,0.1,5,17969,1.000,0.000,0.000,0.197,0.005,192.7,-10.4,0,0.10,0.000,194.5,359.8,1.000,6.9,15.0,23.7,41.2,74.4,124.7,199.6,195.8,192.7,189.3,185.5,181.1,173.1,147.8,96.1,56.6,33.7,21.7,10.1
1413,29.036,0.000,1318.1,265.0,0.0,5,17986,1.000,0.000,-0.002,0.195,0.005,191.2,-10.7,0,0.11,0.000,192.8,358.7,1.000,6.9,15.0,23.7,41.1,74.1,123.7,198.1,194.3,191.2,187.9,184.1,179.8,172.0,148.8,96.5,56.7,33.8,21.7,10.1
1414,29.058,0.000,1319.7,265.3,-0.0,5,18005,1.000,0.000,-0.002,0.194,0.005,189.6,-10.8,0,0.11,0.000,191.2,357.8,1.000,6.9,15.0,23.8,41.2,74.1,123.6,196.4,192.6,189.6,186.3,182.6,178.3,170.7,148.9,96.5,56.7,33.7,21.7,10.1
1415,29.080,0.000,1321.3,265.7,-0.0,5,18025,1.000,0.000,-0.001,0.193,0.005,187.9,-11.0,0,0.11,0.000,189.5,356.3,1.000,6.9,15.1,23.8,41.3,74.4,124.3,194.6,190.9,187.9,184.6,180.9,176.7,169.2,148.2,96.2,56.6,33.7,21.7,10.1
1416,29.102,0.000,1323.0,266.1,0.0,5,18060,1.000,0.000,0.000,0.192,0.005,186.2,-10.7,0,0.11,0.000,187.8,354.6,1.000,6.9,15.1,23.9,41.4,74.7,125.1,192.9,189.2,186.2,182.9,179.2,175.0,167.6,147.5,95.8,56.4,33.6,21.7,10.1
1417,29.124,0.000,1324.6,266.4,0.0,5,18082,1.000,0.000,0.001,0.190,0.005,184.5,-10.8,0,0.11,0.000,186.2,352.7,1.000,6.9,15.1,23.9,41.5,75.0,125.7,191.2,187.4,184.5,181.2,177.6,173.4,166.1,147.0,95.6,56.3,33.6,21.6,10.1
1418,29.146,0.000,1326.2,266.8,0.0,5,18102,1.000,0.000,0.001,0.189,0.005,182.8,-11.0,0,0.11,0.000,184.5,351.4,1.000,6.9,15.2,24.0,41.6,75.1,125.9,189.5,185.8,182.8,179.6,176.0,171.9,164.7,146.9,95.5,56.3,33.5,21.6,10.0
1419,29.168,0.000,1327.8,267.1,0.0,5,18122,1.000,0.000,0.000,0.188,0.005,181.2,-11.1,0,0.11,0.000,182.8,350.1,1.000,6.9,15.2,24.0,41.6,75.1,125.7,187.8,184.1,181.2,178.0,174.5,170.4,163.3,147.0,95.5,56.3,33.5,21.6,10.0
1420,29.190,0.000,1329.5,267.5,-0.0,5,18143,1.000,0.000,0.000,0.186,0.005,179.6,-11.2,0,0.12,0.000,181.2,348.8,1.000,6.9,15.2,24.0,41.7,75.1,125.6,186.1,182.5,179.6,176.4,172.9,168.9,162.0,147.1,95.6,56.2,33.5,21.6,10.0
1421,29.212,0.000,1331.1,267.9,-0.0,5,18173,1.000,0.000,-0.000,0.185,0.005,177.9,-11.0,0,0.12,0.000,179.5,347.0,1.000,6.9,15.2,24.0,41.7,75.2,125.7,184.4,180.8,177.9,174.8,171.3,167.4,160.6,146.8,95.5,56.2,33.5,21.5,10.0
1422,29.234,0.000,1332.7,268.2,-0.0,5,18194,1.000,0.000,0.000,0.184,0.005,176.3,-11.1,0,0.12,0.000,177.8,345.4,1.000,7.0,15.2,24.1,41.8,75.3,125.8,182.7,179.1,176.3,173.2,169.7,165.8,159.1,146.1,95.4,56.1,33.4,21.5,10.0
1423,29.256,0.000,1334.4,268.6,-0.0,5,18216,1.000,0.000,0.000,0.183,0.005,174.6,-11.2,0,0.12,0.000,176.1,343.9,1.000,7.0,15.3,24.1,41.9,75.4,126.0,181.0,177.4,174.6,171.5,168.1,164.3,157.7,145.3,95.3,56.1,33.4,21.5,10.0
1424,29.278,0.000,1336.0,268.9,-0.0,5,18237,1.000,0.000,0.000,0.181,0.005,172.9,-11.3,0,0.11,0.000,174.4,342.4,1.000,7.0,15.3,24.2,41.9,75.5,126.3,179.3,175.7,172.9,169.9,166.5,162.7,156.2,144.4,95.2,56.0,33.3,21.5,10.0
1425,29.300,0.000,1337.7,269.3,-0.0,5,18259,1.000,0.000,0.001,0.180,0.005,171.3,-11.4,0,0.11,0.000,172.8,340.9,1.000,7.0,15.3,24.2,42.0,75.6,126.5,177.6,174.0,171.3,168.2,164.9,161.1,154.8,143.4,95.1,55.9,33.3,21.5,10.0
1426,29.322,0.000,1339.3,269.6,-0.0,5,18283,1.000,0.000,0.000,0.179,0.005,169.6,-11.4,0,0.11,0.000,171.1,339.3,1.000,7.0,15.3,24.2,42.0,75.7,126.5,175.8,172.3,169.6,166.6,163.3,159.6,153.3,142.4,95.0,55.9,33.3,21.4,10.0
1427,29.344,0.000,1341.0,270.0,-0.0,5,18305,1.000,0.000,0.000,0.177,0.005,167.9,-11.4,0,0.11,0.000,169.4,337.7,1.000,7.0,15.4,24.3,42.1,75.7,126.5,174.1,170.7,167.9,165.0,161.7,158.1,151.9,141.4,95.0,55.9,33.3,21.4,9.9
1428,29.366,0.000,1342.6,270.3,-0.0,5,18328,1.000,0.000,0.000,0.176,0.005,166.3,-11.5,0,0.11,0.000,167.7,336.0,1.000,7.0,15.4,24.3,42.1,75.8,126.6,172.4,169.0,166.3,163.3,160.1,156.5,150.5,140.3,94.9,55.8,33.2,21.4,9.9
1429,29.388,0.000,1344.3,270.7,-0.0,5,18350,1.000,0.000,0.001,0.175,0.005,164.6,-11.5,0,0.11,0.000,166.0,334.5,1.000,7.0,15.4,24.3,42.2,76.0,126.8,170.7,167.3,164.6,161.7,158.5,154.9,149.0,139.2,94.8,55.8,33.2,21.4,9.9
1430,29.410,0.000,1345.9,271.0,-0.0,5,18370,1.000,0.000,0.001,0.174,0.005,162.9,-11.6,0,0.11,0.000,164.3,332.6,1.000,7.0,15.4,24.4,42.2,76.0,126.9,169.0,165.6,162.9,160.1,156.9,153.4,147.5,138.1,94.8,55.7,33.2,21.3,9.9
1431,29.432,0.000,1347.6,271.3,-0.0,5,18391,1.000,0.000,0.000,0.172,0.004,161.3,-11.7,0,0.11,0.000,162.6,330.8,1.000,7.1,15.5,24.4,42.3,76.0,126.7,167.3,163.9,161.3,158.4,155.3,151.8,146.1,137.0,94.8,55.7,33.1,21.3,9.9
1432,29.454,0.000,1349.2,271.7,-0.0,5,18414,1.000,0.000,-0.000,0.171,0.004,159.6,-11.7,0,0.11,0.000,160.9,328.9,1.000,7.1,15.5,24.4,42.3,76.0,126.6,165.6,162.2,159.6,156.8,153.7,150.3,144.7,135.9,94.8,55.7,33.1,21.3,9.9
1433,29.476,0.000,1350.9,272.0,-0.0,5,18438,1.000,0.000,-0.200,0.170,0.004,157.9,-11.7,0,-0.03,-0.850,159.2,330.7,1.000,7.1,15.5,24.5,42.4,76.1,167.3,163.8,160.5,157.9,155.1,152.1,148.7,143.2,134.6,94.8,55.6,33.1,21.3,9.9
1434,29.498,0.000,1352.6,272.3,-0.1,5,18463,1.000,0.000,-0.000,0.168,0.010,154.5,-10.9,0,-0.10,0.000,157.5,327.3,1.000,7.1,15.8,25.2,44.6,83.4,164.2,160.6,157.2,154.5,151.6,148.4,144.8,138.8,128.3,88.0,53.2,32.2,20.9,9.8
1435,29.520,0.000,1354.2,272.6,2.0,5,18480,1.000,0.000,0.200,0.165,0.021,149.2,-11.6,0,-0.30,0.850,155.8,322.4,1.000,7.2,16.4,26.7,49.4,101.8,159.7,155.9,152.2,149.2,146.0,142.4,138.1,130.3,109.0,77.4,49.1,30.7,20.3,9.7
1436,29.542,0.000,1355.9,272.9,2.4,5,18493,1.000,0.000,0.080,0.162,0.018,148.4,-11.2,0,-0.25,0.000,154.0,321.1,1.000,7.2,16.3,26.5,48.5,97.6,158.6,154.8,151.2,148.4,145.2,141.8,137.8,130.7,112.7,79.2,49.8,30.9,20.3,9.7
1437,29.564,0.000,1357.6,273.2,-0.2,5,18518,1.000,0.000,0.012,0.159,0.006,150.7,-11.7,0,-0.04,0.000,152.3,322.5,1.000,7.2,15.8,24.9,43.4,78.7,159.8,156.5,153.2,150.7,148.0,145.0,141.8,136.5,128.5,92.3,54.6,32.6,21.0,9.8
1438,29.586,0.000,1359.2,273.5,-2.1,5,18546,1.000,0.000,-0.188,0.157,-0.003,151.5,-11.6,0,0.25,-0.850,151.5,319.1,1.000,7.1,15.4,24.0,40.5,69.4,108.1,156.9,153.8,151.5,149.0,146.3,143.4,138.8,132.4,104.2,58.5,33.9,21.5,9.9
1439,29.608,0.000,1360.9,273.8,-2.3,5,18561,1.000,0.000,-0.025,0.156,-0.001,149.1,-11.2,0,0.19,0.000,149.1,316.4,1.000,7.2,15.5,24.3,41.4,72.1,114.7,154.5,151.4,149.1,146.5,143.8,140.9,136.2,129.6,100.2,57.1,33.4,21.3,9.8
1440,29.630,0.000,1362.6,274.1,0.3,5,18569,1.000,0.000,-0.225,0.154,0.010,144.1,-12.1,0,-0.11,-0.850,147.2,315.2,1.000,7.3,16.1,25.7,45.6,85.6,153.4,150.0,146.7,144.1,141.4,138.4,135.1,129.7,121.2,86.3,52.3,31.7,20.6,9.7
1441,29.652,0.000,1364.3,274.4,1.5,5,18599,1.000,0.000,-0.025,0.150,0.022,138.8,-11.0,0,-0.33,0.000,145.4,309.9,1.000,7.4,16.7,27.4,51.0,106.6,148.8,145.2,141.6,138.8,135.8,132.4,128.5,121.7,105.3,75.3,48.0,30.1,19.9,9.6
1442,29.674,0.000,1365.9,274.6,3.7,5,18631,1.000,0.000,-0.225,0.145,0.036,132.2,-11.3,0,-0.77,-0.850,143.7,311.2,1.000,7.5,17.6,29.7,59.4,150.0,143.5,139.4,135.4,132.2,128.7,124.5,119.3,105.1,86.7,65.2,43.7,28.3,19.1,9.4
1443,29.696,0.000,1367.6,274.3,4.1,6,17034,1.000,0.000,-0.025,0.138,0.047,125.8,-19.1,0,-0.98,0.000,141.7,305.9,1.000,7.7,18.4,32.1,69.2,145.4,138.4,133.9,129.4,125.8,121.4,115.9,105.5,88.8,75.2,58.4,40.5,26.9,18.5,9.2
1444,29.718,0.000,1369.3,273.7,5.5,6,16994,1.000,0.000,0.175,0.128,0.061,117.3,-20.2,0,-1.31,0.850,117.3,299.6,1.000,7.9,19.5,35.3,84.9,140.2,132.4,127.4,122.0,117.3,110.5,97.8,86.9,75.1,65.1,52.1,37.2,25.4,17.7,9.0
1445,29.740,0.000,1371.0,273.0,5.3,6,16662,1.000,0.000,0.321,0.116,0.060,116.0,-21.1,0,-1.32,0.000,116.0,297.5,1.000,8.0,19.8,35.6,85.5,138.5,130.8,125.8,120.6,116.0,109.6,97.4,86.5,74.7,64.7,51.7,36.9,25.2,17.5,8.9
1446,29.762,0.000,1372.6,273.0,1.7,6,16939,1.000,0.000,0.210,0.105,0.040,123.8,-11.8,0,-0.87,0.000,136.3,301.4,1.000,7.9,18.7,31.8,65.3,141.7,135.1,131.0,127.0,123.8,120.2,116.0,110.5,95.5,79.6,60.6,41.1,26.9,18.3,9.0
1447,29.784,0.000,1374.3,273.0,-3.5,6,16982,1.000,0.000,0.050,0.097,0.011,131.6,-10.9,0,-0.19,0.000,134.6,299.8,1.000,7.8,17.2,27.5,48.9,92.4,140.4,137.1,134.0,131.6,129.0,126.2,123.1,118.2,110.8,81.4,49.5,30.1,19.6,9.2
1448,29.806,0.000,1376.0,273.1,-7.8,6,17017,1.000,0.000,-0.086,0.091,-0.014,136.2,-10.4,0,0.34,0.000,136.2,300.5,1.000,7.6,16.1,24.7,40.3,65.5,95.4,140.9,138.3,136.2,134.1,131.8,129.4,125.7,120.9,108.6,60.4,33.6,20.9,9.4
1449,29.828,0.000,1377.6,273.3,-8.9,6,16990,1.000,0.000,-0.133,0.087,-0.023,136.6,-11.6,0,0.47,0.000,136.6,300.5,1.000,7.6,15.8,23.8,37.9,59.3,82.7,141.0,138.5,136.6,134.6,132.4,130.2,126.8,122.5,112.3,65.7,35.1,21.5,9.4
1450,29.850,0.000,1379.3,273.6,-5.7,6,16964,1.000,0.000,-0.082,0.085,-0.013,132.6,-13.0,0,0.32,0.000,132.6,296.0,1.000,7.7,16.2,24.9,40.7,66.3,96.8,137.2,134.6,132.6,130.5,128.3,125.9,122.3,117.6,105.8,59.8,33.4,20.8,9.3
1451,29.872,0.000,1381.0,273.9,-1.4,6,16981,1.000,0.000,0.007,0.083,0.003,127.0,-13.1,0,-0.06,0.000,127.7,293.3,1.000,7.8,17.0,26.8,46.1,82.0,135.1,132.0,129.2,127.0,124.7,122.2,119.5,115.4,109.9,89.7,52.2,30.9,19.8,9.2
1452,29.894,0.000,1382.7,274.2,1.4,6,17009,1.000,0.000,-0.193,0.082,0.013,122.6,-12.6,0,-0.47,-0.850,125.9,295.0,1.000,7.9,17.6,28.2,50.5,136.4,131.1,127.9,124.9,122.6,120.1,117.5,114.6,110.0,103.5,78.6,48.2,29.4,19.2,9.1
1453,29.916,0.000,1384.3,274.3,1.8,6,17032,1.000,0.000,0.007,0.079,0.021,118.6,-11.6,0,-0.56,0.000,124.2,290.7,1.000,8.0,18.1,29.5,54.8,133.0,127.5,124.1,121.0,118.6,116.0,113.2,110.1,105.0,97.2,71.2,45.3,28.3,18.7,9.0
1454,29.938,0.000,1386.0,274.5,3.3,6,17033,1.000,0.000,-0.193,0.074,0.031,113.9,-12.5,0,-0.72,-0.850,122.4,285.8,1.000,8.1,18.8,31.4,61.3,129.1,123.3,119.8,116.4,113.9,111.0,107.9,104.5,98.4,85.9,63.8,42.1,27.0,18.1,8.8
1455,29.960,0.000,1387.7,274.7,3.0,6,17051,1.000,0.000,0.007,0.068,0.039,109.9,-11.6,0,-0.85,0.000,120.6,281.5,1.000,8.2,19.4,32.9,67.1,125.7,119.7,116.1,112.6,109.9,106.9,103.6,99.7,92.4,77.9,59.2,40.0,26.1,17.7,8.7
1456,29.982,0.000,1389.4,274.9,3.9,6,17069,1.000,0.000,-0.193,0.059,0.047,105.3,-12.1,0,-1.03,-0.850,118.7,276.7,1.000,8.4,20.1,34.9,75.4,122.0,115.8,112.0,108.3,105.3,102.1,98.3,93.7,82.8,70.1,54.4,37.7,25.0,17.2,8.6
1457,30.004,0.000,1391.0,275.1,3.4,6,17083,0.000,0.000,0.007,0.049,0.054,101.3,-11.3,0,-1.22,0.000,101.3,272.3,1.000,8.5,20.8,36.8,83.5,118.7,112.3,108.3,104.4,101.3,97.8,93.6,87.9,75.5,64.7,51.1,36.0,24.2,16.7,8.5
1458,30.026,0.000,1392.7,274.6,4.1,6,16727,1.000,0.000,-0.085,0.036,0.062,96.3,-22.0,0,-1.85,-0.850,96.3,281.5,1.000,8.7,21.7,39.4,125.7,114.9,108.1,103.9,99.7,96.3,92.2,86.8,78.2,67.8,58.9,47.2,33.9,23.2,16.2,8.3
1459,30.048,0.000,1394.4,274.5,3.6,6,17040,1.000,0.000,0.115,0.022,0.068,92.2,-12.2,0,-1.98,0.000,92.2,277.7,1.000,8.9,22.5,41.6,122.8,111.7,104.7,100.3,95.9,92.2,87.5,80.2,72.0,63.0,55.2,44.7,32.5,22.4,15.8,8.1
1460,30.070,0.000,1396.1,274.7,3.7,6,17050,1.000,0.000,0.161,0.007,0.069,90.0,-12.3,0,-2.02,-0.470,90.0,274.9,1.000,9.1,22.9,42.5,120.6,109.5,102.6,98.2,93.7,90.0,85.3,77.9,70.0,61.4,53.8,43.7,31.8,22.0,15.5,8.0
1461,30.092,0.000,1397.8,274.9,1.3,6,17060,1.000,0.000,0.100,-0.009,0.056,93.6,-12.3,0,-1.79,-0.470,93.6,275.4,1.000,9.1,22.2,39.6,121.0,110.6,104.3,100.4,96.6,93.6,90.2,86.1,80.7,69.5,59.8,47.4,33.6,22.7,15.7,8.0
1462,30.114,0.000,1399.4,275.1,-1.9,6,17082,0.000,0.431,0.000,-0.023,0.039,97.5,-12.2,0,-1.02,-0.470,107.5,263.8,0.000,9.0,21.3,36.2,73.8,112.4,106.7,103.3,100.0,97.5,94.8,91.8,88.4,82.5,71.1,54.0,36.6,23.9,16.2,8.0
1463,30.136,0.000,1401.1,273.8,-3.9,6,16547,0.000,0.348,-0.200,-0.035,0.028,98.8,-11.4,0,-0.83,-0.850,105.7,264.1,0.000,9.0,20.8,34.4,66.0,112.7,107.3,104.1,101.1,98.8,96.4,93.8,90.9,86.3,79.4,59.3,38.7,24.6,16.5,8.0
1464,30.158,0.000,1402.8,271.9,-3.8,6,16452,0.000,0.421,0.000,-0.047,0.031,96.4,-10.1,0,-0.90,0.000,103.9,260.8,0.000,9.2,21.2,35.3,68.7,110.2,104.8,101.7,98.6,96.4,93.9,91.3,88.4,83.7,76.4,57.1,37.6,24.1,16.1,7.9
1465,30.180,0.000,1404.4,269.9,-0.4,6,16303,0.000,0.000,-0.130,-0.059,0.043,91.2,-11.3,0,-1.61,-0.850,102.0,268.0,0.000,9.4,22.3,38.3,115.5,106.0,100.3,96.9,93.7,91.2,88.5,85.6,82.2,76.4,65.6,50.3,34.4,22.6,15.4,7.7
1466,30.202,0.000,1406.1,268.6,1.2,6,16359,0.000,0.159,0.070,-0.071,0.054,85.9,-21.0,0,-1.82,0.000,85.9,262.7,0.000,9.6,23.5,41.6,111.6,101.7,95.7,92.1,88.6,85.9,82.9,79.5,75.3,66.4,57.0,45.0,31.7,21.4,14.8,7.5
1467,30.224,0.000,1407.7,267.5,3.6,6,16239,0.000,0.361,0.195,-0.085,0.064,80.8,-18.4,0,-2.04,-0.470,80.8,257.6,0.000,9.9,24.7,45.0,108.0,97.6,91.4,87.5,83.8,80.8,77.4,73.2,67.2,58.5,50.9,41.0,29.6,20.3,14.2,7.3
1468,30.246,0.000,1409.3,265.9,2.7,6,16084,0.000,0.327,0.164,-0.099,0.057,81.7,-10.8,0,-1.92,-0.470,81.7,256.7,0.000,9.9,24.3,43.4,107.3,97.4,91.4,87.8,84.4,81.7,78.7,75.3,71.1,62.4,53.8,42.7,30.3,20.5,14.3,7.2
1469,30.268,0.000,1411.0,264.1,-0.6,6,15979,0.000,0.153,0.071,-0.111,0.038,85.6,-11.8,0,-1.61,-0.470,94.7,258.4,0.000,9.8,23.1,39.1,108.5,99.3,94.0,90.8,87.8,85.6,83.1,80.5,77.6,73.0,65.2,49.4,33.4,21.8,14.8,7.3
1470,30.290,0.000,1412.5,262.6,-3.9,6,15938,0.000,0.618,0.136,-0.121,0.019,88.6,-17.6,0,-0.88,0.000,92.9,247.6,0.000,9.7,21.9,35.6,65.9,101.0,96.1,93.2,90.6,88.6,86.5,84.3,81.9,78.3,73.5,59.1,37.3,23.2,15.3,7.3
1471,30.312,0.000,1414.2,260.5,-5.8,6,15627,0.000,0.439,0.047,-0.130,0.003,90.6,-2.7,0,-0.63,0.000,91.2,249.2,0.000,9.6,21.0,33.0,56.8,102.1,97.5,94.9,92.4,90.6,88.7,86.8,84.7,81.6,77.7,68.5,42.0,24.8,15.9,7.4
1472,30.334,0.000,1415.7,258.1,-7.2,6,15542,0.000,0.287,-0.024,-0.135,-0.011,91.8,-7.8,0,-0.47,0.000,91.8,249.8,0.000,9.5,20.3,31.1,51.2,102.5,98.2,95.7,93.4,91.8,90.0,88.2,86.3,83.5,80.0,72.5,46.9,26.4,16.5,7.4
1473,30.356,0.000,1417.3,256.2,-7.2,6,15489,0.000,0.246,-0.058,-0.139,-0.018,91.4,-14.4,0,-0.40,0.000,91.4,248.7,0.000,9.5,19.9,30.3,48.9,101.8,97.6,95.2,93.0,91.4,89.7,87.9,86.1,83.5,80.2,73.3,49.7,27.2,16.7,7.4
1474,30.378,0.000,1418.9,254.7,-5.7,6,15420,0.000,0.317,-0.051,-0.141,-0.017,89.4,-15.7,0,-0.42,0.000,89.4,245.8,0.000,9.5,20.1,30.5,49.5,99.8,95.6,93.2,91.0,89.4,87.8,86.0,84.3,81.6,78.4,71.6,48.9,26.9,16.6,7.4
1475,30.400,0.000,1420.4,253.1,-3.3,6,15310,0.000,0.444,-0.017,-0.142,-0.010,86.6,-13.6,0,-0.50,0.000,86.6,241.7,0.000,9.6,20.4,31.4,51.9,97.0,92.8,90.4,88.2,86.6,84.9,83.2,81.4,78.7,75.5,68.5,46.1,26.0,16.3,7.4
1476,30.422,0.000,1422.0,251.2,-1.1,6,15154,0.000,0.560,0.017,-0.142,-0.004,83.7,-10.0,0,-0.59,0.000,83.7,237.5,0.000,9.7,20.8,32.4,54.6,94.3,90.0,87.6,85.4,83.7,82.1,80.3,78.5,75.8,72.5,65.5,43.6,25.2,16.0,7.3
1477,30.444,0.000,1423.5,249.0,0.0,6,14978,0.000,0.619,0.034,-0.142,-0.001,81.6,-5.5,0,-0.65,0.000,81.6,234.1,0.000,9.7,21.0,32.9,56.9,92.1,87.8,85.4,83.2,81.6,79.9,78.1,76.3,73.7,70.4,63.5,42.4,24.8,15.8,7.3
1478,30.466,0.000,1425.0,246.6,0.2,6,14804,0.000,0.048,0.050,-0.142,-0.001,80.1,-2.3,0,-1.15,0.000,80.1,243.1,-0.007,9.7,21.0,32.8,98.0,90.5,86.3,83.9,81.7,80.1,78.5,76.8,75.0,72.4,69.3,62.6,42.6,24.9,15.9,7.3
1479,30.488,0.000,1426.5,245.0,-0.1,6,14907,0.000,0.632,0.013,-0.141,-0.005,79.3,-17.8,0,-0.62,0.000,79.3,229.9,0.000,9.6,20.7,32.2,57.3,89.3,85.2,82.9,80.8,79.3,77.7,76.0,74.3,71.8,68.8,62.6,44.0,25.4,16.1,7.3
1480,30.510,0.000,1428.0,243.1,-0.9,6,14585,0.000,0.621,-0.010,-0.140,-0.009,78.5,-4.4,0,-0.55,0.000,78.5,228.3,0.000,9.6,20.5,31.6,54.1,88.3,84.3,82.1,80.0,78.5,77.0,75.4,73.7,71.3,68.5,62.6,45.7,25.9,16.3,7.4
1481,30.532,0.000,1429.5,240.6,-1.1,6,14429,0.000,0.048,-0.002,-0.138,-0.011,77.3,-1.9,0,-1.03,0.000,77.3,237.2,-0.007,9.6,20.3,31.2,94.1,86.9,83.0,80.8,78.8,77.3,75.8,74.3,72.7,70.3,67.6,61.9,46.6,26.2,16.4,7.4
1482,30.554,0.000,1430.9,239.0,-1.0,6,14544,0.000,0.098,-0.005,-0.137,-0.011,75.9,-17.6,0,-1.02,0.000,75.9,234.7,-0.012,9.5,20.3,31.1,92.4,85.4,81.5,79.3,77.3,75.9,74.4,72.9,71.3,69.1,66.4,60.9,46.7,26.3,16.5,7.4
1483,30.576,0.000,1432.4,238.2,-0.7,6,14477,0.000,0.188,-0.004,-0.135,-0.011,74.4,-17.2,0,-1.02,0.000,74.4,232.0,0.000,9.5,20.3,31.1,90.7,83.7,79.9,77.7,75.8,74.4,72.9,71.4,69.9,67.7,65.1,59.8,46.5,26.4,16.5,7.4
1484,30.598,0.000,1433.8,237.1,-0.5,6,14384,0.000,0.274,-0.002,-0.133,-0.011,72.8,-15.0,0,-1.02,0.000,72.8,229.3,0.000,9.5,20.2,31.1,89.0,82.0,78.2,76.1,74.2,72.8,71.4,69.9,68.4,66.3,63.7,58.6,46.1,26.4,16.5,7.4
1485,30.620,0.000,1435.3,235.8,-0.3,6,14275,0.000,0.347,-0.001,-0.131,-0.010,71.3,-12.4,0,-1.02,0.000,71.3,226.5,0.000,9.5,20.2,31.1,87.2,80.3,76.6,74.5,72.6,71.3,69.8,68.4,66.9,64.8,62.3,57.4,45.6,26.4,16.5,7.5
1486,30.642,0.000,1436.7,234.2,-0.1,6,14151,0.000,0.408,0.000,-0.128,-0.010,69.7,-10.4,0,-1.02,0.000,69.7,223.8,0.000,9.5,20.2,31.1,85.5,78.7,75.0,72.9,71.1,69.7,68.4,67.0,65.5,63.5,61.0,56.2,45.0,26.4,16.5,7.5
1487,30.664,0.000,1438.2,232.5,-0.1,6,14018,0.000,0.457,0.000,-0.126,-0.010,68.3,-8.6,0,-1.01,0.000,68.3,221.0,0.000,9.5,20.2,31.0,83.8,77.1,73.4,71.4,69.6,68.3,66.9,65.6,64.2,62.1,59.8,55.1,44.5,26.5,16.6,7.5
1488,30.686,0.000,1439.6,230.6,-0.1,6,13885,0.000,0.498,-0.000,-0.124,-0.010,66.8,-6.9,0,-1.01,0.000,66.8,218.3,0.000,9.4,20.1,31.0,82.2,75.5,71.9,69.9,68.1,66.8,65.5,64.2,62.8,60.9,58.6,54.0,44.0,26.5,16.6,7.5
1489,30.708,0.000,1441.0,228.5,-0.1,6,13739,0.000,0.532,-0.001,-0.121,-0.010,65.4,-5.6,0,-1.01,0.000,65.4,215.6,0.000,9.4,20.1,30.9,80.6,74.0,70.4,68.5,66.7,65.4,64.1,62.8,61.5,59.6,57.3,53.0,43.4,26.6,16.7,7.5
1490,30.730,0.000,1442.4,226.4,-0.1,5,14907,0.000,0.566,-0.002,-0.119,-0.010,64.0,-2.8,0,-1.00,0.000,64.0,212.8,0.000,9.4,20.0,30.8,78.9,72.4,68.9,67.0,65.3,64.0,62.8,61.5,60.2,58.3,56.1,51.9,42.8,26.7,16.7,7.6
1491,30.752,0.000,1443.7,224.3,-0.1,5,14843,0.000,0.601,-0.002,-0.117,-0.010,62.6,-1.1,0,-1.00,0.000,62.6,210.0,0.000,9.4,20.0,30.8,77.3,70.8,67.4,65.5,63.8,62.6,61.4,60.1,58.8,57.0,54.9,50.8,42.1,26.8,16.8,7.6
1492,30.774,0.000,1445.1,222.0,-0.0,5,14484,0.000,0.629,-0.001,-0.115,-0.010,61.2,-1.7,0,-1.00,0.000,61.2,207.2,0.000,9.4,20.0,30.7,75.7,69.3,65.9,64.0,62.4,61.2,60.0,58.7,57.5,55.7,53.7,49.7,41.4,26.8,16.8,7.6
1493,30.796,0.000,1446.5,219.5,0.0,5,14293,0.000,0.650,0.000,-0.113,-0.010,59.8,-0.1,0,-1.00,0.000,59.8,204.3,0.000,9.4,19.9,30.7,74.0,67.7,64.4,62.6,60.9,59.8,58.6,57.4,56.2,54.5,52.5,48.6,40.7,26.8,16.8,7.6
1494,30.818,0.000,1447.8,217.0,0.1,5,14123,0.000,0.669,0.002,-0.110,-0.009,58.4,2.2,0,-1.01,0.000,58.4,201.4,0.000,9.3,19.9,30.8,72.4,66.2,62.9,61.1,59.5,58.4,57.2,56.0,54.9,53.2,51.2,47.5,39.9,26.9,16.9,7.6
1495,30.840,0.000,1449.1,214.4,0.1,5,13932,0.000,0.686,0.003,-0.108,-0.009,57.0,4.3,0,-1.01,0.000,57.0,198.5,0.000,9.3,19.9,31.1,70.8,64.7,61.4,59.7,58.1,57.0,55.9,54.7,53.6,51.9,50.1,46.5,39.2,26.9,16.9,7.6
1496,30.862,0.000,1450.4,211.8,0.1,5,13741,0.000,0.700,0.003,-0.106,-0.009,55.7,6.9,0,-1.02,0.000,55.7,195.7,0.000,9.3,19.9,31.5,69.3,63.2,60.0,58.3,56.8,55.7,54.6,53.4,52.3,50.7,48.9,45.4,38.4,26.9,16.9,7.7
1497,30.884,0.000,1451.7,209.1,0.1,5,13550,0.000,0.712,0.003,-0.104,-0.009,54.4,9.5,0,-1.04,0.000,54.4,192.8,0.000,9.3,19.8,32.4,67.8,61.8,58.6,56.9,55.4,54.4,53.3,52.2,51.1,49.6,47.8,44.4,37.7,26.9,17.0,7.7
1498,30.906,0.000,1453.0,206.5,0.1,5,13359,0.000,0.722,0.004,-0.102,-0.009,53.1,11.7,0,-1.08,0.000,53.1,190.0,0.000,9.3,19.8,34.4,66.2,60.3,57.3,55.6,54.1,53.1,52.0,51.0,49.9,48.4,46.7,43.4,37.0,26.8,17.0,7.7
1499,30.928,0.000,1454.2,203.8,0.1,4,14785,0.000,0.734,0.204,-0.100,-0.009,51.8,16.4,0,-2.22,0.376,51.8,187.1,0.000,9.2,19.7,73.8,64.8,58.9,55.9,54.3,52.8,51.8,50.8,49.7,48.7,47.2,45.6,42.4,36.2,26.6,17.0,7.7
1500,30.950,0.000,1455.4,201.3,0.2,4,14722,0.000,0.725,0.322,-0.098,-0.012,50.9,24.6,0,-2.20,0.426,50.9,184.8,0.000,9.2,19.5,72.5,63.6,57.8,54.9,53.3,51.9,50.9,49.9,48.9,47.9,46.4,44.8,41.8,35.8,26.6,17.2,7.7
1501,30.972,0.000,1456.7,198.8,-0.5,4,14269,0.000,0.326,0.307,-0.095,-0.021,50.7,33.1,0,-2.13,0.457,50.7,183.8,0.000,9.1,19.0,71.9,63.1,57.5,54.6,53.0,51.7,50.7,49.7,48.7,47.7,46.3,44.8,41.8,36.0,27.2,17.8,7.8
1502,30.994,0.000,1457.9,196.5,-1.8,4,14320,0.000,0.544,0.286,-0.091,-0.035,50.9,20.6,0,-2.04,0.515,50.9,183.7,0.000,9.0,18.3,71.6,63.0,57.5,54.7,53.2,51.9,50.9,49.9,49.0,48.0,46.7,45.2,42.3,36.7,28.0,18.6,8.0
1503,31.016,0.000,1459.1,194.4,-3.3,4,14011,0.000,0.421,0.086,-0.085,-0.050,51.4,19.5,0,-0.75,0.000,51.4,184.0,0.000,8.8,17.5,29.1,63.2,57.8,55.1,53.6,52.3,51.4,50.4,49.5,48.6,47.3,45.8,43.0,37.5,29.0,19.7,8.2
1504,31.038,0.000,1460.2,192.1,-4.9,4,13897,0.000,0.303,-0.114,-0.078,-0.066,51.7,8.9,0,-0.62,0.000,51.7,184.1,0.000,8.6,16.7,26.5,63.3,58.0,55.3,53.9,52.6,51.7,50.8,49.9,49.0,47.7,46.2,43.5,38.2,29.9,20.6,8.4
1505,31.060,0.000,1461.4,190.1,-6.0,4,13828,0.000,0.274,-0.285,-0.070,-0.074,51.3,-5.5,0,-0.57,0.000,51.3,182.7,0.000,8.5,16.3,25.8,62.7,57.5,54.9,53.5,52.2,51.3,50.5,49.6,48.7,47.4,46.0,43.3,38.1,30.1,21.1,8.5
1506,31.082,0.000,1462.6,188.6,-5.3,4,13767,0.000,0.380,-0.263,-0.062,-0.069,49.6,-6.5,0,-0.67,0.000,49.6,179.1,0.000,8.4,16.4,30.0,60.7,55.6,53.0,51.7,50.4,49.6,48.7,47.8,46.9,45.7,44.3,41.8,36.7,29.1,20.6,8.6
1507,31.104,0.000,1463.7,187.1,-2.7,4,13621,0.000,0.625,-0.140,-0.054,-0.051,46.6,-3.4,0,-1.93,0.000,46.6,172.7,0.000,8.5,17.2,65.7,57.6,52.6,50.0,48.6,47.4,46.6,45.7,44.9,44.0,42.8,41.5,39.0,34.3,27.2,19.5,8.5
1508,31.126,0.000,1464.8,185.1,0.5,4,13308,0.000,0.880,0.060,-0.047,-0.030,43.4,4.7,0,-2.05,0.786,43.4,165.7,0.000,8.6,18.6,62.4,54.2,49.2,46.7,45.4,44.2,43.4,42.6,41.7,40.9,39.8,38.5,36.2,31.7,25.2,18.4,8.3
1509,31.148,0.000,1466.0,182.7,3.0,4,12870,0.000,0.500,0.260,-0.041,-0.014,40.8,22.6,0,-2.17,0.810,40.8,159.4,0.000,8.7,20.2,59.6,51.4,46.5,44.0,42.8,41.6,40.8,40.0,39.3,38.5,37.4,36.2,33.9,29.8,23.8,17.5,8.3
1510,31.170,0.000,1467.1,180.3,4.1,4,12931,0.000,0.500,0.460,-0.035,-0.009,39.2,22.8,0,-2.24,0.810,39.2,155.0,0.000,8.7,21.7,57.6,49.6,44.7,42.4,41.1,40.0,39.2,38.5,37.7,37.0,35.9,34.7,32.6,28.6,23.0,17.2,8.3
1511,31.192,0.000,1468.2,178.1,3.6,4,12826,0.000,0.500,0.443,-0.029,-0.015,38.7,24.0,0,-2.23,0.592,38.7,153.6,0.000,8.6,22.0,56.7,48.8,44.1,41.7,40.5,39.4,38.7,37.9,37.2,36.5,35.4,34.3,32.2,28.4,22.9,17.2,8.4
1512,31.214,0.000,1469.3,176.0,1.7,4,12695,0.000,0.500,0.385,-0.023,-0.030,39.0,25.0,0,-2.13,0.615,39.0,154.2,0.000,8.4,20.9,56.8,49.0,44.3,42.0,40.8,39.7,39.0,38.2,37.5,36.8,35.8,34.6,32.6,28.8,23.3,17.6,8.6
1513,31.236,0.000,1470.3,173.9,-0.7,4,12535,0.000,0.409,0.339,-0.015,-0.051,39.6,23.9,0,-2.01,0.694,39.6,155.8,0.000,8.2,19.5,57.2,49.5,44.9,42.6,41.4,40.4,39.6,38.9,38.2,37.5,36.5,35.3,33.3,29.5,23.9,18.1,8.8
1514,31.258,0.000,1471.4,171.9,-3.0,4,12416,0.000,0.653,0.281,-0.007,-0.073,40.4,18.0,0,-1.90,0.757,40.4,157.1,0.000,8.0,18.2,57.7,50.2,45.6,43.3,42.1,41.1,40.4,39.6,38.9,38.2,37.2,36.1,34.1,30.2,24.6,18.7,9.1
1515,31.280,0.000,1472.4,169.7,-5.1,4,12037,0.000,0.246,0.223,0.003,-0.094,41.0,24.3,0,-1.81,0.810,41.0,158.2,0.000,7.8,17.2,58.1,50.7,46.2,44.0,42.8,41.8,41.0,40.3,39.6,38.9,37.9,36.8,34.7,30.9,25.3,19.2,9.3
1516,31.302,0.000,1473.5,167.8,-6.7,3,14802,0.000,0.360,0.148,0.015,-0.113,41.5,13.9,0,-1.73,0.810,41.5,158.9,0.000,7.6,16.5,58.3,51.0,46.6,44.4,43.2,42.2,41.5,40.7,40.0,39.3,38.4,37.2,35.2,31.4,25.8,19.7,9.5
1517,31.324,0.000,1474.5,166.1,-7.8,3,14738,0.000,0.267,0.084,0.028,-0.130,41.7,7.9,0,-1.68,0.810,41.7,159.1,0.000,7.4,15.9,58.3,51.1,46.7,44.6,43.4,42.4,41.7,41.0,40.3,39.6,38.6,37.5,35.5,31.7,26.1,20.0,9.7
1518,31.346,0.000,1475.5,164.6,-8.4,3,14609,0.000,0.207,0.030,0.043,-0.144,41.7,-3.2,0,-1.63,0.810,41.7,158.8,0.000,7.3,15.6,58.1,51.0,46.7,44.5,43.4,42.4,41.7,41.0,40.3,39.6,38.7,37.6,35.6,31.8,26.3,20.2,9.9
1519,31.368,0.000,1476.5,163.2,-8.6,3,14488,0.000,0.179,0.013,0.059,-0.150,41.5,-10.3,0,-1.60,0.810,41.5,157.9,0.000,7.2,15.3,57.8,50.7,46.5,44.3,43.2,42.2,41.5,40.9,40.2,39.5,38.5,37.5,35.5,31.8,26.3,20.3,10.0
1520,31.390,0.000,1477.5,162.0,-8.5,3,14411,0.000,0.181,0.044,0.074,-0.146,41.2,-12.2,0,-1.58,0.810,41.2,156.7,0.000,7.1,15.2,57.2,50.3,46.1,44.0,42.9,41.9,41.2,40.5,39.9,39.2,38.3,37.2,35.3,31.6,26.2,20.3,10.1
1521,31.412,0.000,1478.5,160.9,-8.0,3,14335,0.000,0.171,0.082,0.090,-0.141,40.8,-11.0,0,-1.56,0.810,40.8,155.9,0.000,7.0,15.2,56.6,49.7,45.6,43.5,42.4,41.5,40.8,40.1,39.4,38.8,37.9,36.8,35.0,31.4,26.1,20.3,10.2
1522,31.434,0.000,1479.4,159.8,-7.4,3,14264,0.000,0.175,0.122,0.104,-0.135,40.3,-9.9,0,-1.55,0.810,40.3,154.7,0.000,6.9,15.3,55.9,49.1,45.0,43.0,41.9,41.0,40.3,39.7,39.0,38.3,37.5,36.4,34.6,31.1,25.9,20.2,10.2
1523,31.456,0.000,1480.4,158.8,-6.8,3,14175,0.000,0.197,0.161,0.119,-0.130,39.9,-8.5,0,-1.53,0.810,39.9,153.3,0.000,6.8,15.3,55.3,48.5,44.5,42.5,41.4,40.5,39.9,39.2,38.6,37.9,37.1,36.1,34.2,30.8,25.7,20.1,10.3
1524,31.478,0.000,1481.4,157.7,-6.4,3,14064,0.000,0.215,0.181,0.132,-0.125,39.5,-6.7,0,-1.52,0.810,39.5,151.8,0.000,6.8,15.3,54.7,48.0,44.0,42.1,41.0,40.1,39.5,38.8,38.2,37.6,36.7,35.7,33.9,30.5,25.6,20.1,10.3
1525,31.500,0.000,1482.4,156.6,-6.1,3,13941,0.000,0.217,0.189,0.146,-0.122,39.2,-5.3,0,-1.50,0.810,39.2,150.7,0.000,6.7,15.3,54.3,47.6,43.7,41.7,40.7,39.8,39.2,38.6,37.9,37.3,36.5,35.5,33.7,30.4,25.5,20.0,10.4
1526,31.522,0.000,1483.3,155.4,-6.1,3,13822,0.000,0.209,0.190,0.158,-0.120,39.0,-5.0,0,-1.47,0.810,39.0,149.6,0.000,6.6,15.1,53.9,47.3,43.4,41.5,40.5,39.6,39.0,38.4,37.8,37.1,36.3,35.4,33.6,30.3,25.4,20.1,10.5
1527,31.544,0.000,1484.3,154.2,-6.3,3,13711,0.000,0.186,0.186,0.171,-0.119,38.9,-5.4,0,-1.44,0.810,38.9,148.9,0.000,6.5,14.9,53.6,47.1,43.3,41.4,40.4,39.5,38.9,38.3,37.7,37.1,36.2,35.3,33.6,30.3,25.5,20.2,10.6
1528,31.566,0.000,1485.2,153.0,-6.6,3,13619,0.000,0.142,0.177,0.183,-0.119,38.9,-6.5,0,-1.41,0.810,38.9,148.6,-0.007,6.4,14.6,53.5,47.0,43.2,41.3,40.3,39.5,38.9,38.2,37.6,37.0,36.2,35.3,33.6,30.4,25.6,20.3,10.7
1529,31.588,0.000,1486.2,151.9,-6.9,3,13553,0.000,0.086,0.163,0.194,-0.120,38.9,-8.5,0,-1.37,0.810,38.9,148.7,-0.012,6.3,14.3,53.4,46.9,43.2,41.3,40.3,39.5,38.9,38.3,37.7,37.1,36.3,35.4,33.7,30.5,25.7,20.4,10.8
1530,31.610,0.000,1487.1,151.0,-7.4,3,13514,0.000,0.036,0.144,0.206,-0.122,39.0,-10.8,0,-1.34,0.810,39.0,148.7,-0.015,6.2,13.9,53.3,46.9,43.2,41.4,40.4,39.6,39.0,38.4,37.8,37.2,36.4,35.5,33.8,30.6,25.9,20.6,10.9
1531,31.632,0.000,1488.1,150.2,-7.9,3,13490,0.000,0.000,0.126,0.217,-0.125,39.0,-12.8,0,-1.30,0.810,39.0,148.8,0.000,6.1,13.6,53.3,47.0,43.3,41.4,40.5,39.6,39.0,38.5,37.9,37.3,36.5,35.6,33.9,30.8,26.0,20.8,11.0
1532,31.654,0.000,1489.0,149.6,-8.3,3,13470,0.000,0.000,0.109,0.227,-0.127,39.1,-14.2,0,-1.27,0.810,39.1,148.8,0.000,6.0,13.3,53.3,47.0,43.3,41.5,40.5,39.7,39.1,38.5,37.9,37.4,36.6,35.7,34.0,30.9,26.2,20.9,11.1
1533,31.676,0.000,1489.9,149.1,-8.6,3,13426,0.000,0.000,0.096,0.238,-0.128,39.1,-14.4,0,-1.24,0.810,39.1,148.6,0.000,5.9,13.0,53.2,46.9,43.2,41.4,40.5,39.7,39.1,38.5,37.9,37.4,36.6,35.7,34.1,30.9,26.3,21.0,11.2
1534,31.698,0.000,1490.8,148.6,-8.6,3,13382,0.000,0.000,0.091,0.248,-0.127,39.0,-14.4,0,-1.22,0.810,39.0,148.2,0.000,5.8,12.8,53.0,46.7,43.1,41.3,40.4,39.6,39.0,38.4,37.9,37.3,36.5,35.6,34.0,30.9,26.3,21.1,11.3
1535,31.720,0.000,1491.8,148.1,-8.5,3,13340,0.000,0.000,0.094,0.259,-0.125,38.8,-14.4,0,-1.20,0.810,38.8,147.3,0.000,5.8,12.7,52.7,46.4,42.8,41.1,40.1,39.3,38.8,38.2,37.7,37.1,36.3,35.5,33.9,30.8,26.3,21.1,11.4
1536,31.742,0.000,1492.7,147.6,-8.2,3,13302,0.000,0.000,0.103,0.269,-0.122,38.5,-14.2,0,-1.19,0.810,38.5,146.4,0.000,5.7,12.7,52.3,46.1,42.5,40.7,39.8,39.0,38.5,37.9,37.4,36.8,36.1,35.2,33.6,30.6,26.2,21.1,11.4
1537,31.764,0.000,1493.6,147.1,-7.8,3,13264,0.000,0.000,0.117,0.279,-0.118,38.1,-14.0,0,-1.18,0.810,38.1,145.7,0.000,5.6,12.7,51.8,45.6,42.1,40.4,39.5,38.7,38.1,37.6,37.0,36.5,35.7,34.9,33.4,30.4,26.0,21.0,11.4
1538,31.786,0.000,1494.5,146.7,-7.3,3,13226,0.000,0.018,0.132,0.288,-0.113,37.8,-13.9,0,-1.17,0.810,37.8,144.8,-0.007,5.6,12.7,51.4,45.2,41.7,40.0,39.1,38.3,37.8,37.2,36.7,36.2,35.4,34.6,33.1,30.1,25.8,20.9,11.5
1539,31.808,0.000,1495.5,146.2,-6.8,3,13172,0.000,0.037,0.149,0.298,-0.109,37.4,-13.2,0,-1.16,0.810,37.4,144.0,-0.012,5.5,12.8,50.9,44.8,41.3,39.6,38.7,37.9,37.4,36.9,36.3,35.8,35.1,34.3,32.8,29.9,25.6,20.8,11.5
1540,31.830,0.000,1496.4,145.6,-6.4,3,13114,0.000,0.041,0.163,0.307,-0.104,37.1,-12.2,0,-1.15,0.810,37.1,143.4,-0.015,5.5,12.8,50.5,44.3,40.9,39.2,38.4,37.6,37.1,36.5,36.0,35.5,34.8,34.0,32.5,29.7,25.5,20.7,11.5
1541,31.852,0.000,1497.3,145.0,-6.1,3,13060,0.000,0.018,0.175,0.315,-0.101,36.8,-11.8,0,-1.14,0.810,36.8,143.2,-0.018,5.4,12.8,50.1,44.0,40.6,38.9,38.0,37.3,36.8,36.2,35.7,35.2,34.5,33.7,32.2,29.5,25.3,20.6,11.5
1542,31.874,0.000,1498.2,144.5,-5.9,3,13027,0.000,0.008,0.182,0.324,-0.098,36.5,-12.3,0,-1.13,0.810,36.5,142.9,-0.019,5.4,12.8,49.7,43.7,40.3,38.6,37.8,37.0,36.5,36.0,35.5,35.0,34.3,33.5,32.1,29.3,25.2,20.6,11.6
1543,31.896,0.000,1499.1,144.0,-5.8,3,12988,0.000,0.006,0.186,0.332,-0.096,36.3,-12.7,0,-1.12,0.810,36.3,142.4,-0.021,5.3,12.8,49.5,43.5,40.1,38.4,37.6,36.8,36.3,35.8,35.3,34.8,34.1,33.3,31.9,29.2,25.2,20.6,11.6
1544,31.918,0.000,1500.0,143.5,-5.8,3,12947,0.000,0.000,0.187,0.340,-0.095,36.2,-12.8,0,-1.10,0.810,36.2,142.1,0.000,5.3,12.7,49.3,43.3,39.9,38.3,37.4,36.7,36.2,35.7,35.2,34.7,34.0,33.2,31.8,29.1,25.1,20.6,11.7
1545,31.940,0.000,1500.9,143.0,-5.9,3,12908,0.000,0.000,0.186,0.348,-0.094,36.1,-12.9,0,-1.09,0.810,36.1,142.2,0.000,5.2,12.5,49.2,43.1,39.7,38.1,37.3,36.6,36.1,35.5,35.0,34.6,33.9,33.1,31.7,29.0,25.1,20.6,11.7
1546,31.962,0.000,1501.8,142.5,-6.0,3,12864,0.000,0.000,0.184,0.355,-0.093,35.9,-13.0,0,-1.08,0.810,35.9,142.0,0.000,5.2,12.4,49.0,43.0,39.6,38.0,37.2,36.5,35.9,35.4,34.9,34.5,33.8,33.0,31.6,29.0,25.1,20.6,11.7
1547,31.984,0.000,1502.7,142.0,-6.1,3,12819,0.000,0.000,0.181,0.362,-0.093,35.9,-13.0,0,-1.07,0.810,35.9,141.7,0.000,5.1,12.3,48.9,42.9,39.5,37.9,37.1,36.4,35.9,35.4,34.9,34.4,33.7,32.9,31.6,28.9,25.1,20.6,11.8
1548,32.006,0.000,1503.6,141.6,-6.3,3,12777,0.000,0.000,0.179,0.369,-0.092,35.8,-13.0,0,-1.06,0.810,35.8,141.5,0.000,5.0,12.2,48.8,42.8,39.4,37.8,37.0,36.3,35.8,35.3,34.8,34.3,33.6,32.9,31.5,28.9,25.0,20.6,11.8
1549,32.026,0.000,1504.5,141.1,-6.3,3,12740,0.050,0.000,0.177,0.376,-0.092,35.7,-12.9,0,-1.05,0.810,35.7,141.3,0.050,5.0,12.1,48.7,42.7,39.3,37.7,36.9,36.2,35.7,35.2,34.7,34.2,33.5,32.8,31.4,28.8,25.0,20.6,11.9
1550,32.046,0.000,1505.3,140.7,-6.4,3,12751,0.100,0.000,0.175,0.382,-0.092,35.6,-11.9,0,-1.04,0.810,35.6,141.1,0.100,5.0,12.0,48.7,42.6,39.2,37.6,36.8,36.1,35.6,35.1,34.6,34.1,33.5,32.7,31.4,28.8,25.0,20.6,11.9
1551,32.066,0.000,1506.1,140.4,-6.5,3,12774,0.150,0.000,0.175,0.387,-0.091,35.5,-10.8,0,-1.03,0.810,35.5,140.9,0.150,4.9,11.9,48.6,42.5,39.2,37.6,36.7,36.0,35.5,35.0,34.5,34.0,33.4,32.6,31.3,28.7,25.0,20.6,11.9
1552,32.086,0.000,1506.9,140.1,-6.5,3,12804,0.200,0.000,0.176,0.393,-0.090,35.4,-9.6,0,-1.03,0.810,35.4,140.7,0.200,4.9,11.8,48.5,42.4,39.1,37.5,36.6,35.9,35.4,34.9,34.4,34.0,33.3,32.5,31.2,28.7,24.9,20.6,12.0
1553,32.106,0.000,1507.7,139.9,-6.5,3,12837,0.250,0.000,0.180,0.399,-0.088,35.3,-8.4,0,-1.03,0.810,35.3,140.5,0.250,4.8,11.8,48.4,42.3,38.9,37.3,36.5,35.8,35.3,34.8,34.3,33.8,33.2,32.4,31.1,28.6,24.8,20.6,12.0
1554,32.126,0.000,1508.5,139.7,-6.3,3,12875,0.300,0.000,0.186,0.404,-0.086,35.1,-7.3,0,-1.03,0.810,35.1,140.1,0.300,4.8,11.8,48.2,42.1,38.8,37.2,36.3,35.6,35.1,34.7,34.2,33.7,33.0,32.3,31.0,28.4,24.8,20.5,12.0
1555,32.146,0.000,1509.3,139.6,-6.2,3,12918,0.350,0.000,0.195,0.409,-0.084,35.0,-6.1,0,-1.03,0.810,35.0,139.7,0.350,4.8,11.9,48.0,41.9,38.6,37.0,36.2,35.5,35.0,34.5,34.0,33.5,32.9,32.1,30.8,28.3,24.6,20.5,12.0
1556,32.166,0.000,1510.1,139.6,-6.0,3,12968,0.000,0.000,0.207,0.414,-0.081,34.8,-5.0,0,-1.03,0.810,34.8,139.3,0.350,4.7,11.9,47.8,41.7,38.4,36.8,36.0,35.3,34.8,34.3,33.8,33.3,32.7,31.9,30.6,28.1,24.5,20.4,12.0
1557,32.186,0.000,1511.0,139.4,-5.8,3,12626,0.000,0.000,0.221,0.419,-0.077,34.6,-11.3,0,-1.03,0.810,34.6,138.8,0.350,4.7,12.1,47.6,41.5,38.2,36.6,35.8,35.1,34.6,34.1,33.6,33.1,32.5,31.7,30.4,28.0,24.4,20.3,12.0
1558,32.206,0.000,1511.8,139.0,-5.5,3,12564,0.000,0.000,0.235,0.423,-0.074,34.3,-11.9,0,-1.04,0.810,34.3,138.3,0.350,4.7,12.3,47.4,41.3,37.9,36.3,35.5,34.8,34.3,33.9,33.4,32.9,32.3,31.5,30.2,27.8,24.2,20.2,12.0
1559,32.226,0.000,1512.6,138.5,-5.2,3,12522,0.000,0.000,0.246,0.427,-0.071,34.2,-12.0,0,-1.04,0.810,34.2,137.9,0.350,4.7,12.4,47.2,41.1,37.7,36.2,35.4,34.7,34.2,33.7,33.2,32.7,32.1,31.4,30.1,27.7,24.1,20.1,12.0
1560,32.246,0.000,1513.4,138.1,-5.2,3,12480,0.000,0.000,0.254,0.431,-0.069,34.1,-12.1,0,-1.05,0.810,34.1,137.7,0.350,4.7,12.5,47.1,41.0,37.6,36.1,35.2,34.5,34.1,33.6,33.1,32.6,32.0,31.3,30.0,27.6,24.0,20.1,12.0
1561,32.266,0.000,1514.2,137.7,-5.3,3,12438,0.000,0.000,0.257,0.435,-0.068,34.0,-12.1,0,-1.05,0.810,34.0,137.6,0.350,4.6,12.6,47.1,40.9,37.6,36.0,35.2,34.5,34.0,33.5,33.0,32.6,31.9,31.2,29.9,27.5,24.0,20.0,12.0
1562,32.286,0.000,1515.0,137.3,-5.4,3,12404,0.400,0.000,0.258,0.439,-0.067,34.0,-12.0,0,-1.06,0.810,34.0,137.6,0.400,4.6,12.5,47.2,41.0,37.6,36.0,35.2,34.5,34.0,33.5,33.0,32.6,31.9,31.2,29.9,27.5,24.0,20.0,12.0
1563,32.306,0.000,1515.8,137.1,-5.5,3,12757,0.450,0.000,0.256,0.442,-0.067,34.0,-4.5,0,-1.06,0.810,34.0,137.7,0.450,4.6,12.5,47.3,41.0,37.6,36.0,35.2,34.5,34.0,33.5,33.0,32.6,31.9,31.2,29.9,27.5,24.0,20.0,12.1
1564,32.326,0.000,1516.6,137.1,-5.7,3,12854,0.500,0.000,0.253,0.446,-0.067,34.0,-2.3,0,-1.07,0.810,34.0,137.9,0.500,4.5,12.5,47.4,41.1,37.7,36.1,35.2,34.5,34.0,33.5,33.1,32.6,31.9,31.2,29.9,27.5,24.0,20.0,12.1
1565,32.346,0.000,1517.4,137.2,-5.9,3,12936,0.550,0.000,0.253,0.449,-0.067,34.1,-0.7,0,-1.07,0.810,34.1,138.0,0.550,4.5,12.4,47.5,41.1,37.7,36.1,35.3,34.6,34.1,33.6,33.1,32.6,32.0,31.2,29.9,27.5,24.0,20.0,12.1
1566,32.366,0.000,1518.2,137.3,-6.2,3,13016,0.600,0.000,0.256,0.451,-0.066,34.1,0.7,0,-1.08,0.810,34.1,138.1,0.600,4.5,12.5,47.6,41.2,37.7,36.1,35.3,34.6,34.1,33.6,33.1,32.6,32.0,31.2,29.9,27.5,23.9,20.0,12.1
1567,32.386,0.000,1519.0,137.6,-6.2,3,13073,0.650,0.000,0.263,0.454,-0.064,34.0,1.6,0,-1.10,0.810,34.0,138.1,0.650,4.5,12.6,47.6,41.2,37.7,36.1,35.2,34.5,34.0,33.5,33.0,32.6,31.9,31.2,29.9,27.4,23.9,20.0,12.1
1568,32.406,0.000,1519.8,137.9,-6.2,3,13159,0.700,0.000,0.274,0.456,-0.062,33.9,2.9,0,-1.11,0.810,33.9,138.0,0.700,4.5,12.9,47.6,41.1,37.6,36.0,35.2,34.4,33.9,33.4,33.0,32.5,31.8,31.1,29.8,27.3,23.8,19.9,12.1
1569,32.426,0.000,1520.6,138.2,-6.1,3,13266,0.000,0.000,0.289,0.458,-0.059,33.8,4.6,0,-1.13,0.810,33.8,137.8,0.700,4.5,13.2,47.5,41.0,37.5,35.9,35.1,34.3,33.8,33.3,32.9,32.4,31.7,31.0,29.7,27.2,23.7,19.8,12.1
1570,32.446,0.000,1521.4,138.2,-6.0,3,12563,0.000,0.000,0.308,0.460,-0.055,33.7,-9.1,0,-1.15,0.810,33.7,137.5,0.700,4.5,13.7,47.4,40.9,37.4,35.8,34.9,34.2,33.7,33.2,32.7,32.2,31.6,30.9,29.5,27.1,23.6,19.7,12.0
1571,32.466,0.000,1522.2,137.8,-5.7,3,12467,0.000,0.000,0.324,0.461,-0.050,33.6,-10.8,0,-1.18,0.799,33.6,137.2,0.700,4.5,14.4,47.3,40.8,37.3,35.6,34.8,34.1,33.6,33.1,32.6,32.1,31.4,30.7,29.4,27.0,23.5,19.6,12.0
1572,32.486,0.000,1523.1,137.3,-5.3,3,12420,0.000,0.000,0.333,0.462,-0.046,33.4,-11.0,0,-1.22,0.777,33.4,137.0,0.700,4.5,15.3,47.3,40.7,37.1,35.5,34.7,33.9,33.4,32.9,32.4,32.0,31.3,30.6,29.3,26.8,23.4,19.5,12.0
1573,32.506,0.000,1523.9,136.9,-5.2,3,12371,0.750,0.000,0.338,0.463,-0.044,33.4,-11.2,0,-1.25,0.766,33.4,137.0,0.750,4.5,15.9,47.3,40.7,37.1,35.5,34.6,33.9,33.4,32.9,32.4,31.9,31.3,30.5,29.2,26.8,23.3,19.5,11.9
1574,32.526,0.000,1524.7,136.8,-5.4,3,13115,0.800,0.000,0.341,0.463,-0.043,33.5,3.5,0,-1.27,0.758,33.5,137.3,0.800,4.5,16.0,47.5,40.8,37.2,35.6,34.7,34.0,33.5,33.0,32.5,32.0,31.3,30.6,29.3,26.8,23.3,19.5,11.9
1575,32.546,0.000,1525.5,137.1,-5.9,3,13377,0.850,0.000,0.340,0.463,-0.043,33.6,8.7,0,-1.27,0.754,33.6,137.8,0.850,4.5,15.6,47.8,41.1,37.4,35.8,34.9,34.1,33.6,33.1,32.6,32.1,31.5,30.7,29.4,26.9,23.4,19.5,11.9
1576,32.566,0.000,1526.3,137.6,-6.4,3,13487,0.900,0.000,0.339,0.463,-0.043,33.8,10.5,0,-1.27,0.756,33.8,138.4,0.900,4.5,15.2,48.2,41.3,37.7,36.0,35.1,34.3,33.8,33.3,32.8,32.3,31.6,30.9,29.5,27.0,23.4,19.5,11.9
1577,32.586,0.000,1527.1,138.1,-6.9,3,13626,0.950,0.000,0.338,0.462,-0.043,34.0,12.5,0,-1.28,0.757,34.0,139.1,0.950,4.5,14.8,48.6,41.6,37.9,36.2,35.3,34.5,34.0,33.5,33.0,32.5,31.8,31.0,29.6,27.1,23.5,19.6,11.9
1578,32.606,0.000,1527.9,138.7,-7.5,3,13806,0.000,0.000,0.338,0.461,-0.044,34.2,15.2,0,-1.29,0.758,34.2,138.6,0.950,4.5,14.6,49.0,41.9,38.2,36.4,35.5,34.7,34.2,33.7,33.2,32.7,32.0,31.2,29.8,27.2,23.6,19.6,11.9
1579,32.626,0.000,1528.8,138.9,-7.9,3,12721,0.000,0.000,0.341,0.459,-0.043,34.4,-5.8,0,-1.30,0.758,34.4,138.5,0.950,4.6,14.5,49.4,42.2,38.4,36.6,35.7,34.9,34.4,33.8,33.3,32.8,32.1,31.3,29.9,27.3,23.7,19.7,11.9
1580,32.646,0.000,1529.6,138.4,-7.8,3,12528,1.000,0.000,0.352,0.457,-0.041,34.4,-9.9,0,-1.32,0.754,34.4,138.8,1.000,4.6,14.7,49.5,42.3,38.5,36.7,35.8,35.0,34.4,33.9,33.4,32.8,32.1,31.3,29.9,27.3,23.6,19.6,11.9
1581,32.666,0.000,1530.4,138.5,-7.7,3,13569,1.000,0.000,0.365,0.455,-0.037,34.4,10.0,0,-1.36,0.739,34.4,138.8,1.000,4.6,15.2,49.6,42.3,38.4,36.6,35.7,34.9,34.4,33.8,33.3,32.8,32.1,31.3,29.9,27.3,23.6,19.6,11.8
1582,32.686,0.000,1531.2,139.0,-7.8,3,13943,0.000,0.000,0.374,0.452,-0.034,34.4,17.4,0,-1.38,0.721,34.4,139.0,1.000,4.6,15.6,49.8,42.4,38.5,36.7,35.7,35.0,34.4,33.9,33.3,32.8,32.1,31.3,29.9,27.2,23.5,19.5,11.8
1583,32.706,0.000,1532.0,139.2,-8.0,3,12795,1.000,0.000,0.377,0.449,-0.033,34.5,-4.4,0,-1.41,0.710,34.5,139.3,1.000,4.7,15.8,50.0,42.6,38.6,36.8,35.8,35.0,34.5,33.9,33.4,32.9,32.1,31.3,29.9,27.2,23.5,19.5,11.8
1584,32.726,0.000,1532.8,139.3,-8.0,3,13732,1.000,0.000,0.388,0.446,-0.031,34.5,12.6,0,-1.44,0.705,34.5,139.5,1.000,4.7,16.2,50.2,42.6,38.7,36.8,35.9,35.1,34.5,34.0,33.4,32.9,32.1,31.3,29.9,27.2,23.5,19.4,11.7
1585,32.746,0.000,1533.7,139.8,-8.3,3,14061,0.000,0.000,0.392,0.442,-0.029,34.6,18.9,0,-1.47,0.691,34.6,139.7,1.000,4.8,16.6,50.4,42.8,38.8,36.9,35.9,35.1,34.6,34.0,33.5,32.9,32.2,31.4,29.9,27.2,23.5,19.4,11.7
1586,32.766,0.000,1534.5,140.0,-8.4,3,12880,1.000,0.000,0.399,0.438,-0.028,34.6,-3.7,0,-1.49,0.685,34.6,140.1,1.000,4.8,16.8,50.6,42.9,38.9,37.0,36.0,35.2,34.6,34.1,33.5,33.0,32.2,31.4,29.9,27.3,23.5,19.4,11.7
1587,32.786,0.000,1535.3,140.1,-8.4,3,13810,1.000,0.000,0.409,0.434,-0.026,34.7,13.1,0,-1.53,0.675,34.7,140.2,1.000,4.8,17.4,50.8,43.0,38.9,37.0,36.1,35.2,34.7,34.1,33.5,33.0,32.2,31.4,29.9,27.2,23.4,19.3,11.6
1588,32.806,0.000,1536.1,140.5,-8.7,3,14188,0.000,0.000,0.411,0.429,-0.024,34.7,20.3,0,-1.57,0.662,34.7,140.5,1.000,4.9,17.8,51.0,43.2,39.0,37.1,36.1,35.3,34.7,34.1,33.6,33.0,32.3,31.4,29.9,27.2,23.4,19.3,11.6
1589,32.826,0.000,1536.9,140.8,-8.8,3,12977,1.000,0.000,0.417,0.424,-0.024,34.8,-2.7,0,-1.59,0.658,34.8,140.8,1.000,4.9,18.1,51.3,43.3,39.2,37.2,36.2,35.4,34.8,34.2,33.7,33.1,32.3,31.5,30.0,27.2,23.4,19.3,11.5
1590,32.846,0.000,1537.8,140.9,-8.7,3,13880,1.000,0.000,0.428,0.419,-0.022,34.8,13.5,0,-1.65,0.651,34.8,141.0,1.000,5.0,19.1,51.4,43.4,39.2,37.2,36.2,35.4,34.8,34.2,33.6,33.1,32.3,31.5,30.0,27.2,23.3,19.2,11.5
1591,32.866,0.000,1538.6,141.3,-8.9,3,14244,0.000,0.000,0.530,0.413,-0.020,34.8,20.4,0,-4.49,0.636,34.8,141.2,1.000,5.1,64.9,51.6,43.5,39.3,37.3,36.3,35.4,34.8,34.2,33.7,33.1,32.3,31.5,30.0,27.2,23.3,19.1,11.5
1592,32.886,0.000,1539.4,141.5,-9.0,3,13049,1.000,0.000,0.438,0.407,-0.020,34.9,-1.6,0,-4.53,0.497,34.9,141.5,1.000,5.1,65.4,51.9,43.7,39.4,37.4,36.4,35.5,34.9,34.3,33.7,33.2,32.4,31.5,30.0,27.2,23.3,19.1,11.4
1593,32.906,0.000,1540.2,141.6,-9.0,3,13978,1.000,0.000,0.510,0.401,-0.018,34.9,14.9,0,-4.57,0.622,34.9,141.7,1.000,5.2,65.7,52.0,43.8,39.4,37.4,36.4,35.5,34.9,34.3,33.7,33.2,32.4,31.5,30.0,27.2,23.2,19.0,11.4
1594,32.926,0.000,1541.0,142.1,-9.1,3,14322,0.000,0.000,0.449,0.395,-0.017,35.0,21.7,0,-4.61,0.525,35.0,142.0,1.000,5.2,66.1,52.3,43.9,39.5,37.5,36.5,35.6,35.0,34.4,33.8,33.2,32.4,31.5,30.0,27.1,23.2,19.0,11.3
1595,32.946,0.000,1541.9,142.2,-9.2,3,13117,1.000,0.000,0.494,0.389,-0.017,35.0,-1.5,0,-4.65,0.607,35.0,142.3,1.000,5.3,66.5,52.5,44.1,39.6,37.6,36.6,35.7,35.0,34.4,33.8,33.3,32.5,31.6,30.0,27.1,23.2,19.0,11.3
1596,32.966,0.000,1542.7,142.3,-9.1,3,14041,1.000,0.000,0.460,0.382,-0.015,35.1,15.2,0,-4.69,0.547,35.1,142.5,1.000,5.3,66.8,52.7,44.2,39.7,37.6,36.6,35.7,35.1,34.4,33.8,33.3,32.4,31.6,30.0,27.1,23.1,18.9,11.2
1597,32.986,0.000,1543.5,142.7,-9.2,3,14423,1.000,0.000,0.484,0.376,-0.015,35.1,22.3,0,-4.74,0.593,35.1,142.8,1.000,5.4,67.2,52.9,44.3,39.8,37.7,36.6,35.7,35.1,34.5,33.9,33.3,32.5,31.6,30.0,27.1,23.1,18.8,11.2
1598,33.006,0.000,1544.3,143.3,-9.6,3,14638,0.808,0.000,0.457,0.369,-0.016,35.3,26.1,0,-4.78,0.560,35.3,143.3,1.000,5.5,67.8,53.3,44.6,40.0,37.9,36.8,35.9,35.3,34.6,34.0,33.4,32.6,31.7,30.1,27.1,23.1,18.8,11.1
1599,33.026,0.000,1545.2,143.8,-10.1,3,14459,0.846,0.000,0.468,0.362,-0.017,35.5,22.1,0,-4.82,0.596,35.5,144.0,1.000,5.5,68.5,53.8,44.9,40.3,38.1,37.1,36.1,35.5,34.8,34.2,33.6,32.8,31.9,30.2,27.3,23.2,18.8,11.1
1600,33.046,0.000,1546.0,144.3,-10.6,3,14455,0.877,0.000,0.349,0.355,-0.019,35.7,21.1,0,-1.94,0.581,35.7,144.8,1.000,5.6,21.5,54.3,45.3,40.6,38.4,37.3,36.4,35.7,35.1,34.4,33.8,33.0,32.0,30.4,27.4,23.2,18.9,11.0
1601,33.066,0.000,1546.8,144.7,-11.0,3,14544,0.902,0.000,0.438,0.347,-0.021,35.9,21.2,0,-1.93,0.743,35.9,145.5,1.000,5.6,20.6,54.8,45.7,40.9,38.7,37.5,36.6,35.9,35.3,34.6,34.0,33.2,32.2,30.5,27.5,23.3,18.9,11.0
1602,33.086,0.000,1547.7,145.1,-11.4,3,14677,0.921,0.000,0.375,0.340,-0.023,36.1,23.1,0,-1.94,0.623,36.1,146.2,1.000,5.7,20.1,55.3,46.0,41.2,38.9,37.8,36.8,36.1,35.5,34.8,34.2,33.3,32.4,30.7,27.6,23.3,18.9,11.0
1603,33.106,0.000,1548.5,145.6,-11.8,3,14790,0.893,0.000,0.427,0.332,-0.024,36.3,24.2,0,-1.95,0.708,36.3,146.9,1.000,5.7,19.8,55.8,46.4,41.4,39.2,38.0,37.0,36.3,35.7,35.0,34.4,33.5,32.5,30.8,27.7,23.4,18.9,10.9
1604,33.126,0.000,1549.3,146.1,-12.2,3,14852,0.870,0.000,0.392,0.324,-0.026,36.6,24.9,0,-1.97,0.637,36.6,147.6,1.000,5.8,19.5,56.3,46.7,41.7,39.4,38.3,37.3,36.6,35.9,35.2,34.6,33.7,32.7,30.9,27.8,23.4,18.9,10.9
1605,33.146,0.000,1550.2,146.5,-12.6,3,14897,0.802,0.000,0.423,0.316,-0.028,36.8,24.9,0,-1.98,0.684,36.8,148.4,1.000,5.8,19.2,56.9,47.2,42.1,39.7,38.5,37.5,36.8,36.1,35.4,34.8,33.9,32.9,31.1,27.9,23.5,18.9,10.9
1606,33.166,0.000,1551.0,146.9,-13.1,3,14851,0.842,0.000,0.400,0.308,-0.030,37.1,23.5,0,-1.99,0.643,37.1,149.3,1.000,5.9,18.9,57.4,47.6,42.4,40.0,38.8,37.8,37.1,36.4,35.7,35.0,34.1,33.1,31.3,28.0,23.5,18.9,10.8
1607,33.186,0.000,1551.9,147.3,-13.5,3,14899,0.853,0.000,0.422,0.300,-0.033,37.3,23.7,0,-2.01,0.673,37.3,150.1,1.000,5.9,18.7,58.0,48.0,42.8,40.4,39.1,38.1,37.3,36.6,35.9,35.2,34.3,33.3,31.4,28.1,23.6,18.9,10.8
1608,33.206,0.000,1552.7,147.7,-13.8,3,14967,0.789,0.000,0.409,0.292,-0.035,37.6,24.4,0,-2.03,0.645,37.6,150.9,1.000,6.0,18.5,58.6,48.4,43.1,40.6,39.4,38.3,37.6,36.9,36.2,35.5,34.5,33.5,31.6,28.3,23.7,18.9,10.7
1609,33.226,0.000,1553.6,148.1,-14.1,3,14936,0.831,0.000,0.424,0.284,-0.037,37.8,23.3,0,-2.05,0.662,37.8,151.8,1.000,6.1,18.4,59.2,48.9,43.4,40.9,39.7,38.6,37.8,37.1,36.4,35.7,34.7,33.7,31.8,28.4,23.7,19.0,10.7
1610,33.246,0.000,1554.4,148.4,-14.4,3,15020,0.753,0.000,0.414,0.276,-0.039,38.1,24.4,0,-2.07,0.642,38.1,152.6,1.000,6.1,18.3,59.7,49.3,43.8,41.2,39.9,38.9,38.1,37.3,36.6,35.9,34.9,33.8,31.9,28.5,23.8,19.0,10.7
1611,33.266,0.000,1555.3,148.7,-14.7,3,14952,0.802,0.000,0.426,0.267,-0.041,38.3,22.6,0,-2.10,0.655,38.3,153.3,1.000,6.2,18.2,60.3,49.7,44.1,41.5,40.2,39.1,38.3,37.6,36.8,36.1,35.1,34.0,32.1,28.6,23.8,19.0,10.6
1612,33.286,0.000,1556.1,149.1,-14.8,3,14998,0.831,0.000,0.422,0.259,-0.042,38.5,23.0,0,-2.12,0.639,38.5,154.0,1.000,6.2,18.2,60.9,50.0,44.4,41.8,40.4,39.3,38.5,37.8,37.0,36.3,35.3,34.2,32.2,28.7,23.9,18.9,10.6
1613,33.306,0.000,1557.0,149.4,-14.9,3,15095,0.711,0.000,0.432,0.251,-0.043,38.7,24.3,0,-2.16,0.644,38.7,154.7,1.000,6.3,18.3,61.5,50.3,44.6,42.0,40.6,39.5,38.7,37.9,37.2,36.4,35.4,34.3,32.3,28.7,23.9,18.9,10.5
1614,33.326,0.000,1557.8,149.7,-15.0,3,14974,0.769,0.000,0.429,0.243,-0.044,38.9,21.7,0,-2.19,0.630,38.9,155.3,1.000,6.3,18.3,62.2,50.6,44.8,42.2,40.8,39.7,38.9,38.1,37.3,36.6,35.5,34.4,32.4,28.8,23.9,18.9,10.5
1615,33.346,0.000,1558.7,150.0,-15.0,3,15022,0.815,0.000,0.438,0.236,-0.045,39.0,22.0,0,-2.23,0.634,39.0,155.8,1.000,6.4,18.4,62.9,50.9,45.1,42.4,41.0,39.8,39.0,38.2,37.4,36.7,35.6,34.5,32.5,28.8,23.9,18.9,10.4
1616,33.366,0.000,1559.5,150.3,-14.9,3,15107,0.784,0.000,0.439,0.228,-0.045,39.1,23.2,0,-2.27,0.623,39.1,156.3,1.000,6.5,18.6,63.5,51.2,45.2,42.5,41.1,39.9,39.1,38.3,37.5,36.8,35.7,34.5,32.5,28.8,23.9,18.8,10.4
1617,33.386,0.000,1560.4,150.7,-14.8,3,15115,0.804,0.000,0.445,0.220,-0.045,39.2,22.9,0,-2.31,0.621,39.2,156.7,1.000,6.5,18.8,64.2,51.4,45.4,42.6,41.2,40.0,39.2,38.4,37.6,36.8,35.8,34.6,32.5,28.8,23.8,18.7,10.3
1618,33.406,0.000,1561.2,151.0,-14.7,3,15168,0.768,0.000,0.447,0.213,-0.045,39.2,23.4,0,-2.36,0.613,39.2,157.0,1.000,6.6,19.0,64.9,51.5,45.5,42.7,41.3,40.1,39.2,38.4,37.6,36.9,35.8,34.6,32.5,28.8,23.8,18.7,10.2
1619,33.426,0.000,1562.1,151.4,-14.6,3,15150,0.814,0.000,0.452,0.206,-0.045,39.3,22.6,0,-2.41,0.610,39.3,157.4,1.000,6.7,19.2,65.6,51.7,45.6,42.8,41.4,40.1,39.3,38.5,37.7,36.9,35.8,34.6,32.5,28.8,23.7,18.6,10.2
1620,33.446,0.000,1563.0,151.7,-14.4,3,15210,0.790,0.000,0.455,0.198,-0.044,39.3,23.2,0,-2.47,0.604,39.3,157.7,1.000,6.7,19.4,66.4,51.9,45.7,42.9,41.4,40.2,39.3,38.5,37.7,36.9,35.8,34.6,32.5,28.7,23.7,18.5,10.1
1621,33.466,0.000,1563.8,152.1,-14.1,3,15203,0.832,0.000,0.459,0.191,-0.043,39.4,22.5,0,-2.53,0.600,39.4,158.0,1.000,6.8,19.7,67.2,52.0,45.7,42.9,41.4,40.2,39.4,38.5,37.7,36.9,35.8,34.6,32.5,28.7,23.6,18.5,10.1
1622,33.486,0.000,1564.7,152.5,-13.9,3,15280,0.786,0.000,0.463,0.184,-0.042,39.4,23.4,0,-2.59,0.593,39.4,158.3,1.000,6.9,19.9,68.1,52.2,45.8,42.9,41.5,40.2,39.4,38.5,37.7,36.9,35.8,34.6,32.4,28.6,23.5,18.4,10.0
1623,33.506,0.000,1565.5,152.9,-13.6,3,15258,0.829,0.000,0.465,0.177,-0.042,39.4,22.4,0,-2.66,0.589,39.4,158.7,1.000,6.9,20.2,69.0,52.4,45.8,42.9,41.5,40.2,39.4,38.5,37.7,36.9,35.8,34.6,32.4,28.6,23.4,18.3,10.0
1624,33.526,0.000,1566.4,153.3,-13.4,3,15319,0.836,0.000,0.468,0.171,-0.041,39.4,22.9,0,-2.73,0.586,39.4,159.1,1.000,7.0,20.5,70.1,52.6,45.9,43.0,41.5,40.2,39.4,38.5,37.7,36.9,35.7,34.5,32.4,28.5,23.4,18.2,9.9
1625,33.546,0.000,1567.3,153.7,-13.1,3,15359,0.835,0.000,0.471,0.164,-0.040,39.3,23.0,0,-2.81,0.581,39.3,159.6,1.000,7.0,20.8,71.2,52.9,45.9,43.0,41.5,40.2,39.3,38.5,37.6,36.8,35.7,34.5,32.3,28.4,23.3,18.1,9.8
1626,33.566,0.000,1568.1,154.1,-12.8,3,15391,0.849,0.000,0.474,0.158,-0.039,39.3,22.8,0,-2.89,0.577,39.3,160.2,1.000,7.1,21.0,72.5,53.2,46.0,43.0,41.5,40.2,39.3,38.5,37.6,36.8,35.7,34.5,32.3,28.4,23.2,18.1,9.8
1627,33.586,0.000,1569.0,154.5,-12.6,3,15444,0.834,0.000,0.475,0.152,-0.039,39.4,23.1,0,-2.99,0.574,39.4,160.9,1.000,7.2,21.3,74.0,53.5,46.1,43.1,41.5,40.3,39.4,38.5,37.6,36.8,35.7,34.4,32.2,28.3,23.1,18.0,9.7
1628,33.606,0.000,1569.9,155.0,-12.4,3,15458,0.867,0.000,0.476,0.146,-0.038,39.4,22.7,0,-3.09,0.573,39.4,161.8,1.000,7.2,21.5,75.7,54.0,46.2,43.1,41.6,40.3,39.4,38.5,37.7,36.8,35.7,34.4,32.2,28.3,23.1,17.9,9.7
1629,33.626,0.000,1570.8,155.4,-12.2,3,15521,0.849,0.000,0.478,0.140,-0.038,39.4,23.0,0,-3.20,0.570,39.4,162.8,1.000,7.3,21.6,77.6,54.5,46.4,43.2,41.7,40.4,39.4,38.6,37.7,36.9,35.7,34.4,32.2,28.3,23.0,17.9,9.6
1630,33.646,0.000,1571.6,155.9,-12.0,3,15539,0.879,0.000,0.479,0.134,-0.038,39.5,22.6,0,-3.32,0.569,39.5,164.0,1.000,7.3,21.7,79.9,55.1,46.6,43.3,41.7,40.4,39.5,38.6,37.8,36.9,35.7,34.5,32.2,28.3,23.0,17.8,9.6
1631,33.666,0.000,1572.5,156.3,-11.9,3,15616,0.840,0.000,0.479,0.128,-0.038,39.6,23.2,0,-3.46,0.567,39.6,165.5,1.000,7.4,21.8,82.6,55.9,46.9,43.5,41.9,40.5,39.6,38.7,37.8,37.0,35.8,34.5,32.3,28.3,23.0,17.8,9.5
1632,33.686,0.000,1573.4,156.8,-11.8,3,15613,0.872,0.000,0.479,0.123,-0.038,39.7,22.3,0,-3.62,0.567,39.7,167.2,1.000,7.4,21.8,85.8,56.8,47.3,43.7,42.0,40.7,39.7,38.8,37.9,37.1,35.9,34.6,32.3,28.3,23.0,17.7,9.5
1633,33.706,0.000,1574.3,157.2,-11.7,3,15669,0.890,0.000,0.480,0.117,-0.039,39.9,22.5,0,-3.81,0.566,39.9,169.3,1.000,7.4,21.8,89.6,57.8,47.8,44.0,42.3,40.8,39.9,39.0,38.1,37.2,36.0,34.7,32.4,28.3,23.0,17.7,9.5
1634,33.726,0.000,1575.2,157.7,-11.7,3,15746,0.839,0.000,0.481,0.112,-0.040,40.1,23.1,0,-4.02,0.565,40.1,171.7,1.000,7.5,21.8,94.2,59.0,48.4,44.4,42.6,41.1,40.1,39.1,38.2,37.3,36.1,34.8,32.5,28.4,23.0,17.7,9.4
1635,33.746,0.000,1576.0,158.1,-11.7,3,15726,0.872,0.000,0.482,0.107,-0.041,40.3,22.0,0,-4.27,0.564,40.3,174.5,1.000,7.5,21.6,99.8,60.5,49.1,44.9,42.9,41.4,40.3,39.3,38.4,37.5,36.3,35.0,32.6,28.5,23.0,17.7,9.4
1636,33.766,0.000,1576.9,158.5,-11.7,3,15795,0.887,0.000,0.483,0.102,-0.042,40.7,22.4,0,-4.57,0.563,40.7,177.9,1.000,7.5,21.5,106.7,62.2,49.9,45.5,43.4,41.8,40.7,39.6,38.6,37.7,36.5,35.1,32.8,28.6,23.1,17.7,9.4
1637,33.786,0.000,1577.8,159.0,-11.7,3,15867,0.834,0.000,0.485,0.098,-0.044,41.1,23.0,0,-4.92,0.561,41.1,181.8,1.000,7.6,21.3,115.4,64.2,50.9,46.1,44.0,42.2,41.1,40.0,39.0,38.0,36.7,35.3,32.9,28.7,23.1,17.7,9.4
1638,33.806,0.000,1578.7,159.4,-11.8,3,15836,0.867,0.000,0.488,0.093,-0.045,41.6,21.7,0,-5.35,0.559,41.6,186.5,1.000,7.6,21.2,126.4,66.6,52.0,46.9,44.6,42.8,41.6,40.4,39.3,38.3,37.0,35.5,33.1,28.8,23.2,17.7,9.3
1639,33.826,0.000,1579.6,159.9,-11.8,3,15901,0.884,0.000,0.492,0.089,-0.047,42.1,22.1,0,-5.86,0.554,42.1,192.0,1.000,7.6,21.0,140.9,69.4,53.4,47.9,45.4,43.4,42.1,40.9,39.8,38.7,37.3,35.8,33.3,29.0,23.3,17.8,9.3
1640,33.846,0.000,1580.5,160.3,-11.9,3,15986,0.799,0.000,0.498,0.085,-0.049,42.8,23.0,0,-6.49,0.548,42.8,198.6,1.000,7.6,20.7,160.7,72.8,54.9,49.0,46.3,44.2,42.8,41.5,40.3,39.2,37.7,36.1,33.5,29.1,23.4,17.8,9.3
1641,33.866,0.000,1581.4,160.7,-12.0,3,15907,0.840,0.000,0.506,0.081,-0.051,43.6,21.0,0,-7.27,0.541,43.6,206.7,1.000,7.6,20.5,189.1,76.8,56.8,50.3,47.4,45.1,43.6,42.2,41.0,39.7,38.2,36.5,33.8,29.3,23.5,17.9,9.3
1642,33.886,0.000,1582.3,161.1,-12.0,3,15952,0.872,0.000,0.491,0.078,-0.053,44.5,21.1,0,-7.47,0.530,44.5,216.3,1.000,7.7,20.3,200.0,81.5,58.8,51.7,48.6,46.1,44.5,43.0,41.7,40.4,38.7,36.9,34.1,29.5,23.6,17.9,9.3
1643,33.906,0.000,1583.2,161.5,-12.0,3,16048,0.872,0.000,0.486,0.075,-0.054,45.6,22.2,0,-7.37,0.550,45.6,226.6,1.000,7.7,20.1,200.0,87.3,61.2,53.3,49.9,47.3,45.6,44.0,42.5,41.1,39.3,37.4,34.4,29.7,23.7,18.0,9.3
1644,33.926,0.000,1584.1,161.9,-12.1,3,16119,0.853,0.000,0.464,0.072,-0.056,46.8,22.8,0,-7.25,0.537,46.8,237.7,1.000,7.7,19.9,200.0,94.4,64.1,55.3,51.5,48.6,46.8,45.0,43.4,41.9,40.0,38.0,34.8,29.9,23.8,18.0,9.3
1645,33.946,0.000,1585.0,162.3,-12.2,3,16140,0.882,0.000,0.419,0.069,-0.059,48.2,22.2,0,-7.12,0.475,48.2,251.3,1.000,7.7,19.7,200.0,103.5,67.5,57.6,53.4,50.2,48.2,46.3,44.5,42.9,40.9,38.8,35.3,30.1,23.9,18.1,9.3
1646,33.966,0.000,1585.9,162.8,-12.3,3,16213,0.906,0.000,0.377,0.067,-0.061,49.8,22.3,0,-6.97,0.403,49.8,267.8,1.000,7.7,19.5,200.0,115.4,71.6,60.3,55.6,52.1,49.8,47.7,45.8,44.1,41.8,39.6,35.9,30.4,24.1,18.2,9.3
1647,33.986,0.000,1586.8,163.2,-12.3,3,16313,0.925,0.000,0.285,0.064,-0.063,51.7,22.7,0,-6.09,0.286,51.7,288.7,1.000,7.7,19.2,169.8,131.3,76.6,63.5,58.2,54.2,51.7,49.4,47.3,45.4,43.0,40.5,36.6,30.7,24.2,18.2,9.3
1648,34.006,0.000,1587.8,163.7,-12.5,3,16419,0.940,0.000,0.156,0.063,-0.065,53.9,22.7,0,-4.37,0.162,53.9,219.3,1.000,7.7,19.0,100.1,154.0,82.8,67.3,61.2,56.7,53.9,51.4,49.1,47.0,44.3,41.6,37.4,31.1,24.4,18.3,9.3
1649,34.026,0.000,1588.7,164.2,-12.6,3,16517,0.952,0.000,0.143,0.061,-0.067,56.5,21.8,0,-4.19,0.160,56.5,231.6,1.000,7.7,18.8,74.6,187.7,90.5,71.9,64.8,59.7,56.5,53.6,51.1,48.7,45.8,42.8,38.3,31.6,24.6,18.4,9.3
1650,34.046,0.000,1589.6,164.8,-12.7,3,16607,0.961,0.000,0.130,0.060,-0.069,59.4,21.4,0,-4.05,0.154,59.4,246.0,1.000,7.7,18.6,61.5,200.0,99.9,77.3,69.0,63.1,59.4,56.2,53.3,50.7,47.4,44.2,39.2,32.1,24.7,18.5,9.3
1651,34.066,0.000,1590.5,165.4,-12.8,3,16691,0.969,0.000,0.115,0.058,-0.071,62.8,21.4,0,-3.83,0.146,62.8,263.0,1.000,7.7,18.5,53.6,200.0,111.8,83.7,73.9,66.9,62.8,59.1,55.8,52.9,49.3,45.7,40.3,32.6,24.9,18.6,9.3
1652,34.086,0.000,1591.5,166.1,-12.8,3,16770,0.975,0.000,0.102,0.057,-0.072,66.6,21.5,0,-3.65,0.138,66.6,364.9,1.000,7.7,18.4,48.3,200.0,127.2,91.4,79.5,71.4,66.6,62.3,58.6,55.3,51.3,47.3,41.4,33.2,25.0,18.6,9.3
1653,34.106,0.000,1592.4,166.8,-12.8,3,16836,0.980,0.000,0.091,0.057,-0.073,70.9,21.3,0,-3.50,0.129,70.9,364.9,1.000,7.7,18.3,44.5,200.0,147.6,100.8,86.2,76.5,70.9,66.0,61.7,58.0,53.5,49.1,42.6,33.8,25.2,18.7,9.3
1654,34.126,0.000,1593.3,167.5,-12.6,3,16894,0.984,0.000,0.083,0.056,-0.073,75.7,21.0,0,-3.37,0.118,75.7,364.9,1.000,7.7,18.2,41.7,200.0,175.6,112.1,94.0,82.4,75.7,70.1,65.2,60.9,55.9,51.0,43.9,34.4,25.4,18.7,9.3
1655,34.146,0.000,1594.2,168.2,-12.4,3,16947,0.987,0.000,0.076,0.056,-0.072,81.3,20.6,0,-3.26,0.105,81.3,364.9,1.000,7.7,18.2,39.6,200.0,200.0,126.2,103.3,89.2,81.3,74.6,69.0,64.2,58.4,53.0,45.2,35.0,25.5,18.7,9.3
1656,34.166,0.000,1595.2,168.9,-12.2,3,16996,0.990,0.000,0.058,0.055,-0.072,87.6,20.1,0,-2.82,0.090,87.6,364.9,1.000,7.7,18.2,37.9,172.0,200.0,144.1,114.5,97.1,87.6,79.8,73.2,67.7,61.2,55.2,46.6,35.7,25.7,18.7,9.3
1657,34.186,0.000,1596.1,169.7,-11.9,3,17038,0.992,0.000,0.040,0.055,-0.070,94.7,19.4,0,-2.34,0.072,94.7,364.9,1.000,7.7,18.3,36.5,133.0,200.0,167.2,128.0,106.2,94.7,85.5,77.9,71.5,64.2,57.5,48.1,36.3,25.9,18.6,9.3
1658,34.206,0.000,1597.1,170.5,-11.5,3,17072,0.994,0.000,0.030,0.055,-0.068,102.7,18.4,0,-2.09,0.052,102.7,364.9,1.000,7.7,18.3,35.5,111.5,200.0,197.2,144.1,116.7,102.7,91.7,82.9,75.6,67.3,59.8,49.6,36.9,26.0,18.6,9.3
1659,34.226,0.000,1598.0,171.3,-11.0,3,17100,0.995,0.000,0.024,0.056,-0.065,111.4,17.3,0,-1.91,0.028,111.4,364.9,1.000,7.7,18.4,34.7,98.1,200.0,200.0,163.3,128.4,111.4,98.4,88.1,79.8,70.5,62.2,51.0,37.5,26.2,18.6,9.3
1660,34.246,0.000,1599.0,172.1,-10.4,3,17121,0.996,0.000,0.020,0.056,-0.062,120.7,16.1,0,-1.77,0.000,120.7,364.9,1.000,7.7,18.4,34.1,89.3,200.0,200.0,185.7,141.3,120.7,105.3,93.4,84.0,73.5,64.4,52.3,38.0,26.3,18.5,9.2
1661,34.266,0.000,1600.0,172.9,-9.7,3,17131,0.997,0.000,-0.052,0.056,-0.058,130.3,14.7,0,-1.66,-0.091,130.3,364.9,1.000,7.8,18.5,33.7,83.3,200.0,200.0,200.0,155.1,130.3,112.3,98.7,88.0,76.5,66.5,53.5,38.5,26.3,18.4,9.2
1662,34.286,0.000,1600.9,173.8,-9.0,3,17132,0.997,0.000,-0.114,0.056,-0.052,137.2,12.7,0,-1.60,-0.195,137.2,364.9,1.000,7.8,18.7,33.6,80.3,200.0,200.0,200.0,165.5,137.2,117.1,102.2,90.6,78.3,67.7,54.1,38.6,26.3,18.3,9.1
1663,34.306,0.000,1601.9,174.7,-8.0,3,17109,0.998,0.000,-0.167,0.056,-0.042,134.0,10.3,0,-1.65,-0.338,134.0,364.9,1.000,7.9,19.1,34.4,82.6,200.0,200.0,200.0,161.4,134.0,114.5,100.0,88.8,76.7,66.4,53.1,37.9,25.8,18.0,9.1
1664,34.326,0.000,1602.9,175.7,-6.5,3,17062,0.998,0.000,-0.175,0.055,-0.026,117.6,7.6,0,-1.87,-0.470,117.6,364.9,1.000,8.0,19.9,36.7,93.7,200.0,200.0,184.7,138.6,117.6,102.2,90.3,80.9,70.6,61.7,49.9,36.1,24.9,17.5,8.9
1665,34.346,0.000,1603.9,176.7,-4.3,3,17017,0.999,0.000,-0.078,0.053,-0.004,96.2,4.9,0,-2.34,-0.470,96.2,364.9,1.000,8.2,21.2,40.7,121.0,200.0,193.4,137.7,110.0,96.2,85.5,76.9,69.9,62.0,54.9,45.3,33.5,23.5,16.8,8.7
1666,34.366,0.000,1604.9,177.6,-1.8,3,17019,0.999,0.000,0.040,0.049,0.018,80.1,3.3,0,-3.16,-0.470,103.0,364.9,1.000,8.5,22.8,45.9,173.6,200.0,139.1,107.4,89.6,80.1,72.4,66.1,60.8,54.7,49.0,41.1,31.1,22.2,16.0,8.5
1667,34.386,0.000,1605.8,178.5,0.0,3,17043,0.999,0.000,0.129,0.044,0.035,71.9,2.4,0,-3.70,-0.470,118.7,364.9,1.000,8.7,23.9,50.1,200.0,200.0,117.3,93.7,79.6,71.9,65.6,60.3,55.8,50.5,45.6,38.6,29.5,21.3,15.5,8.4
1668,34.406,0.000,1606.8,179.4,0.8,3,17078,0.999,0.000,0.168,0.038,0.045,70.5,1.8,0,-3.76,-0.470,148.3,364.9,1.000,8.9,24.4,51.2,200.0,200.0,114.5,91.6,78.0,70.5,64.3,59.1,54.7,49.6,44.8,37.9,29.0,21.0,15.3,8.2
1669,34.426,0.000,1607.8,180.2,0.5,3,17143,0.999,0.000,0.172,0.030,0.049,74.4,1.7,0,-3.61,-0.470,165.2,364.9,1.000,9.0,24.2,49.3,198.2,200.0,126.5,98.8,82.9,74.4,67.5,61.7,56.9,51.2,46.1,38.7,29.4,21.1,15.3,8.2
1670,34.446,0.000,1608.8,181.0,-0.3,3,17242,1.000,0.000,0.139,0.022,0.048,83.2,2.1,0,-2.89,-0.470,178.3,364.9,1.000,9.0,23.6,46.1,149.4,200.0,156.1,115.6,94.2,83.2,74.5,67.4,61.6,55.0,49.0,40.6,30.4,21.5,15.4,8.1
1671,34.466,0.000,1609.9,181.7,-1.3,3,17368,1.000,0.000,0.107,0.013,0.046,97.0,2.9,0,-2.37,-0.470,200.0,364.9,1.000,9.0,22.9,42.9,116.9,200.0,200.0,145.1,112.5,97.0,85.2,76.0,68.6,60.4,53.1,43.3,31.7,22.0,15.6,8.1
1672,34.486,0.000,1610.9,182.5,-2.3,3,17502,1.000,0.000,0.083,0.004,0.044,116.6,4.0,0,-1.98,-0.470,200.0,364.9,1.000,9.0,22.3,40.2,96.8,200.0,200.0,195.7,140.2,116.6,99.8,87.2,77.5,67.0,58.1,46.5,33.2,22.6,15.8,8.1
1673,34.506,0.000,1611.9,183.2,-3.1,3,17621,1.000,0.000,0.067,-0.006,0.043,144.0,4.8,0,-1.68,-0.470,200.0,364.9,1.000,9.0,21.7,38.0,83.9,200.0,200.0,200.0,182.3,144.0,118.9,101.3,88.3,74.8,63.7,49.8,34.8,23.2,16.0,8.0
1674,34.526,0.000,1612.9,184.0,-3.7,3,17715,1.000,0.000,0.050,-0.017,0.041,182.8,5.2,0,-1.43,-0.470,200.0,364.9,1.000,9.0,21.3,36.4,75.2,200.0,200.0,200.0,200.0,182.8,143.9,118.7,101.0,83.6,69.8,53.4,36.3,23.8,16.2,8.0
1675,34.546,0.000,1613.9,184.8,-4.0,3,17788,1.000,0.000,0.004,-0.027,0.033,200.0,5.2,0,-1.12,-0.470,200.0,364.9,1.000,9.0,21.0,35.1,69.3,168.4,200.0,200.0,200.0,200.0,175.7,139.2,115.3,92.9,76.1,56.8,37.7,24.3,16.4,8.0
1676,34.566,0.000,1615.0,185.6,-4.1,3,17821,1.000,0.000,0.190,-0.036,0.028,200.0,4.3,0,-0.93,0.000,200.0,364.9,1.000,9.0,20.8,34.4,66.0,148.3,200.0,200.0,200.0,200.0,200.0,158.0,127.6,100.6,81.0,59.3,38.7,24.6,16.4,8.0
1677,34.586,0.000,1616.0,186.4,-3.6,3,17881,1.000,0.000,0.160,-0.044,0.023,200.0,4.8,0,-0.79,0.000,200.0,364.9,1.000,9.1,20.6,33.8,63.3,134.2,200.0,200.0,200.0,200.0,200.0,180.1,141.4,108.7,86.0,61.8,39.6,24.9,16.5,7.9
1678,34.606,0.000,1617.0,187.2,-3.5,3,17971,1.000,0.000,0.117,-0.050,0.016,200.0,5.3,0,-0.58,0.000,200.0,364.9,1.000,9.1,20.3,32.8,59.4,116.9,200.0,200.0,200.0,200.0,200.0,200.0,171.0,125.2,95.8,66.6,41.4,25.5,16.7,7.9
1679,34.626,0.000,1618.1,187.9,-3.7,3,18072,1.000,0.000,0.065,-0.056,0.007,200.0,5.5,0,-0.33,0.000,200.0,364.9,1.000,9.0,19.9,31.6,55.3,101.5,174.8,200.0,200.0,200.0,200.0,200.0,200.0,153.0,111.1,73.5,43.9,26.3,17.0,8.0
1680,34.646,0.000,1619.1,188.7,-4.1,3,18166,1.000,0.000,0.016,-0.060,-0.001,200.0,5.5,0,-0.07,0.000,200.0,364.9,1.000,9.0,19.5,30.5,51.8,90.1,143.0,200.0,200.0,200.0,200.0,200.0,200.0,195.7,131.9,81.9,46.6,27.2,17.4,8.0
1681,34.666,0.000,1620.2,189.5,-4.3,3,18237,1.000,0.000,-0.025,-0.063,-0.008,200.0,5.1,0,0.13,0.000,200.0,364.9,1.000,9.0,19.2,29.6,49.3,82.4,124.4,171.0,200.0,200.0,200.0,200.0,200.0,200.0,156.3,90.5,49.2,28.0,17.7,8.0
1682,34.686,0.000,1621.2,190.3,-4.3,3,18283,1.000,0.000,-0.048,-0.065,-0.011,200.0,4.5,0,0.24,0.000,200.0,364.9,1.000,8.9,19.0,29.2,48.0,78.9,116.5,156.2,200.0,200.0,200.0,200.0,200.0,200.0,173.3,95.8,50.7,28.5,17.8,8.0
1683,34.706,0.000,1622.3,191.2,-3.6,3,18204,1.000,0.000,-0.047,-0.067,-0.011,200.0,1.5,0,0.23,0.000,200.0,364.9,1.000,9.0,19.1,29.3,48.2,79.2,117.1,157.1,200.0,200.0,200.0,200.0,200.0,200.0,172.0,95.4,50.5,28.4,17.8,8.0
1684,34.726,0.000,1623.3,192.1,-2.5,3,18188,1.000,0.000,-0.029,-0.068,-0.008,200.0,-0.6,0,0.13,0.000,200.0,364.9,1.000,9.0,19.3,29.7,49.4,82.7,124.6,171.0,200.0,200.0,200.0,200.0,200.0,200.0,156.1,90.2,49.0,27.9,17.6,8.0
1685,34.746,0.000,1624.4,192.9,-1.4,3,18254,1.000,0.000,-0.006,-0.069,-0.004,200.0,-0.9,0,-0.00,0.000,200.0,364.9,1.000,9.0,19.5,30.3,51.1,87.3,135.4,192.0,200.0,200.0,200.0,200.0,200.0,200.0,140.1,84.6,47.3,27.3,17.3,7.9
1686,34.766,0.000,1625.5,193.7,-0.6,3,18352,1.000,0.000,0.011,-0.069,-0.001,200.0,-0.5,0,-0.09,0.000,200.0,364.9,1.000,9.1,19.7,30.8,52.3,91.0,144.7,200.0,200.0,200.0,200.0,200.0,200.0,192.9,130.1,80.9,46.1,26.9,17.2,7.9
1687,34.786,0.000,1626.6,194.5,-0.1,3,18461,1.000,0.000,0.018,-0.070,0.001,200.0,0.2,0,-0.14,0.000,200.0,364.9,1.000,9.1,19.7,31.0,52.9,92.8,149.2,200.0,200.0,200.0,200.0,200.0,200.0,184.4,126.2,79.3,45.6,26.8,17.1,7.9
1688,34.806,0.000,1627.6,195.2,0.0,3,18558,1.000,0.000,0.016,-0.070,0.000,200.0,0.7,0,-0.13,0.000,200.0,364.9,1.000,9.1,19.7,30.9,52.8,92.5,148.4,200.0,200.0,200.0,200.0,200.0,200.0,185.9,126.9,79.6,45.7,26.8,17.1,7.9
1689,34.826,0.000,1628.7,196.0,-0.0,3,18644,1.000,0.000,0.009,-0.070,-0.001,200.0,0.9,0,-0.09,0.000,200.0,364.9,1.000,9.1,19.7,30.8,52.3,91.0,144.7,200.0,200.0,200.0,200.0,200.0,200.0,193.0,130.2,80.9,46.1,26.9,17.2,7.9
1690,34.846,0.000,1629.8,196.3,-0.1,4,15103,1.000,0.000,0.001,-0.070,-0.002,200.0,-14.1,0,-0.05,0.000,200.0,364.9,1.000,9.1,19.6,30.6,51.8,89.4,140.7,200.0,200.0,200.0,200.0,200.0,200.0,200.0,134.1,82.4,46.6,27.1,17.2,7.9
1691,34.866,0.000,1630.9,196.0,-0.2,4,15078,1.000,0.000,-0.003,-0.069,-0.003,200.0,-14.6,0,-0.03,0.000,200.0,364.9,1.000,9.0,19.5,30.5,51.5,88.5,138.3,197.7,200.0,200.0,200.0,200.0,200.0,200.0,136.7,83.4,46.9,27.2,17.3,7.9
1692,34.886,0.000,1632.0,195.7,-0.2,4,14494,1.000,0.000,-0.005,-0.069,-0.003,200.0,-15.2,0,-0.02,0.000,200.0,364.9,1.000,9.0,19.5,30.4,51.4,88.1,137.5,196.1,200.0,200.0,200.0,200.0,200.0,200.0,137.6,83.7,47.0,27.3,17.3,7.9
1693,34.906,0.000,1633.1,195.9,-0.1,4,14998,1.000,0.000,-0.005,-0.069,-0.003,200.0,-3.3,0,-0.03,0.000,200.0,364.9,1.000,9.0,19.5,30.4,51.4,88.3,137.8,196.9,200.0,200.0,200.0,200.0,200.0,200.0,137.2,83.6,47.0,27.2,17.3,7.9
1694,34.926,0.000,1634.2,196.5,-0.1,4,15053,1.000,0.000,-0.003,-0.068,-0.003,200.0,-2.6,0,-0.04,0.000,200.0,364.9,1.000,9.0,19.5,30.5,51.5,88.7,138.9,199.1,200.0,200.0,200.0,200.0,200.0,200.0,136.1,83.2,46.8,27.2,17.3,7.9
1695,34.946,0.000,1635.3,197.1,0.0,4,15085,1.000,0.000,-0.001,-0.068,-0.002,200.0,-2.9,0,-0.05,0.000,200.0,364.9,1.000,9.0,19.6,30.5,51.7,89.1,140.0,200.0,200.0,200.0,200.0,200.0,200.0,200.0,134.9,82.7,46.7,27.2,17.3,7.9
1696,34.966,0.000,1636.4,197.6,0.1,4,15119,1.000,0.000,0.000,-0.067,-0.002,200.0,-3.2,0,-0.05,0.000,200.0,364.9,1.000,9.0,19.6,30.5,51.7,89.4,140.7,200.0,200.0,200.0,200.0,200.0,200.0,200.0,134.2,82.5,46.6,27.2,17.3,7.9
1697,34.986,0.000,1637.5,198.2,0.1,4,15166,1.000,0.000,0.001,-0.067,-0.002,200.0,-3.1,0,-0.05,0.000,200.0,364.8,1.000,9.0,19.6,30.5,51.8,89.5,141.0,200.0,200.0,200.0,200.0,200.0,200.0,200.0,133.9,82.4,46.6,27.2,17.3,7.9
1698,35.006,0.000,1638.6,198.8,0.1,4,15205,1.000,0.000,0.000,-0.066,-0.002,200.0,-3.2,0,-0.05,0.000,200.0,364.6,1.000,9.0,19.6,30.5,51.7,89.4,140.8,200.0,200.0,200.0,200.0,200.0,200.0,200.0,134.0,82.5,46.7,27.2,17.3,7.9
1699,35.026,0.000,1639.7,199.4,0.1,4,15244,1.000,0.000,-0.000,-0.066,-0.002,200.0,-3.4,0,-0.05,0.000,200.0,364.5,1.000,9.0,19.5,30.5,51.7,89.2,140.5,200.0,200.0,200.0,200.0,200.0,200.0,200.0,134.4,82.6,46.7,27.2,17.3,7.9
1700,35.046,0.000,1640.8,199.9,0.1,4,15282,1.000,0.000,-0.001,-0.066,-0.002,200.0,-3.5,0,-0.05,0.000,200.0,364.7,1.000,9.0,19.5,30.5,51.6,89.1,140.2,200.0,200.0,200.0,200.0,200.0,200.0,200.0,134.6,82.7,46.8,27.2,17.3,7.9
1701,35.066,0.000,1641.9,200.5,0.1,4,15322,1.000,0.000,-0.001,-0.065,-0.002,200.0,-3.6,0,-0.05,0.000,200.0,364.7,1.000,9.0,19.5,30.5,51.6,89.1,140.1,200.0,200.0,200.0,200.0,200.0,200.0,200.0,134.7,82.8,46.8,27.2,17.3,7.9
1702,35.086,0.000,1643.0,201.1,0.1,4,15363,1.000,0.000,-0.001,-0.065,-0.002,200.0,-3.7,0,-0.05,0.000,200.0,364.6,1.000,9.0,19.5,30.4,51.6,89.1,140.2,200.0,200.0,200.0,200.0,200.0,200.0,200.0,134.7,82.8,46.8,27.2,17.3,8.0
1703,35.106,0.000,1644.1,201.6,0.1,4,15407,1.000,0.000,-0.001,-0.064,-0.002,200.0,-3.7,0,-0.05,0.000,200.0,364.7,1.000,9.0,19.5,30.4,51.6,89.1,140.3,200.0,200.0,200.0,200.0,200.0,200.0,200.0,134.6,82.7,46.8,27.2,17.3,8.0
1704,35.126,0.000,1645.2,202.2,0.1,4,15476,1.000,0.000,-0.000,-0.064,-0.002,200.0,-3.1,0,-0.05,0.000,200.0,364.0,1.000,9.0,19.5,30.4,51.6,89.2,140.4,200.0,200.0,200.0,200.0,200.0,200.0,200.0,134.4,82.7,46.8,27.3,17.3,8.0
1705,35.146,0.000,1646.4,202.8,0.1,4,15510,1.000,0.000,-0.000,-0.063,-0.002,200.0,-3.3,0,-0.05,0.000,200.0,364.0,1.000,9.0,19.5,30.4,51.6,89.2,140.5,200.0,200.0,200.0,200.0,200.0,200.0,200.0,134.4,82.7,46.8,27.3,17.4,8.0
1706,35.166,0.000,1647.5,203.3,0.1,4,15544,1.000,0.000,-0.000,-0.063,-0.002,200.0,-3.5,0,-0.05,0.000,200.0,364.2,1.000,9.0,19.5,30.4,51.6,89.1,140.5,200.0,200.0,200.0,200.0,200.0,200.0,200.0,134.4,82.7,46.8,27.3,17.4,8.0
1707,35.186,0.000,1648.6,203.9,0.1,4,15579,1.000,0.000,-0.001,-0.063,-0.002,200.0,-3.8,0,-0.05,0.000,200.0,364.6,1.000,9.0,19.5,30.4,51.6,89.1,140.4,200.0,200.0,200.0,200.0,200.0,200.0,200.0,134.5,82.8,46.8,27.3,17.4,8.0
1708,35.206,0.000,1649.8,204.5,0.1,4,15615,1.000,0.000,-0.001,-0.062,-0.002,200.0,-4.0,0,-0.05,0.000,200.0,364.9,1.000,9.0,19.5,30.4,51.5,89.1,140.3,200.0,200.0,200.0,200.0,200.0,200.0,200.0,134.5,82.8,46.9,27.3,17.4,8.0
1709,35.226,0.000,1650.9,205.0,0.1,4,15652,1.000,0.000,-0.000,-0.062,-0.002,200.0,-4.1,0,-0.05,0.000,200.0,364.9,1.000,9.0,19.5,30.4,51.5,89.1,140.4,200.0,200.0,200.0,200.0,200.0,200.0,200.0,134.5,82.8,46.9,27.3,17.4,8.0
1710,35.246,0.000,1652.0,205.6,0.1,4,15692,1.000,0.000,-0.000,-0.061,-0.002,200.0,-4.2,0,-0.05,0.000,200.0,364.9,1.000,9.0,19.5,30.4,51.5,89.1,140.4,200.0,200.0,200.0,200.0,200.0,200.0,200.0,134.5,82.8,46.9,27.3,17.4,8.0
1711,35.266,0.000,1653.2,206.1,0.1,4,15734,1.000,0.000,-0.001,-0.061,-0.002,200.0,-4.2,0,-0.05,0.000,200.0,364.9,1.000,9.0,19.5,30.4,51.5,89.0,140.3,200.0,200.0,200.0,200.0,200.0,200.0,200.0,134.5,82.8,46.9,27.3,17.4,8.0
1712,35.286,0.000,1654.3,206.7,0.1,4,15776,1.000,0.000,-0.001,-0.060,-0.002,200.0,-4.3,0,-0.05,0.000,200.0,364.9,1.000,9.0,19.4,30.4,51.5,89.0,140.3,200.0,200.0,200.0,200.0,200.0,200.0,200.0,134.6,82.9,46.9,27.3,17.4,8.0
1713,35.306,0.000,1655.5,207.3,0.1,4,15818,1.000,0.000,-0.000,-0.060,-0.002,200.0,-4.3,0,-0.05,0.000,200.0,364.9,1.000,9.0,19.4,30.3,51.5,89.0,140.4,200.0,200.0,200.0,200.0,200.0,200.0,200.0,134.5,82.8,46.9,27.3,17.4,8.0
1714,35.326,0.000,1656.6,207.8,0.1,4,15861,1.000,0.000,-0.000,-0.060,-0.002,200.0,-4.3,0,-0.05,0.000,200.0,364.9,1.000,9.0,19.4,30.3,51.5,89.0,140.4,200.0,200.0,200.0,200.0,200.0,200.0,200.0,134.5,82.9,46.9,27.4,17.4,8.0
1715,35.346,0.000,1657.8,208.4,0.1,4,15903,1.000,0.000,-0.000,-0.059,-0.002,200.0,-4.3,0,-0.05,0.000,200.0,364.9,1.000,9.0,19.4,30.3,51.4,89.0,140.3,200.0,200.0,200.0,200.0,200.0,200.0,200.0,134.5,82.9,47.0,27.4,17.4,8.0
1716,35.366,0.000,1659.0,208.9,0.1,4,15944,1.000,0.000,-0.001,-0.059,-0.002,200.0,-4.3,0,-0.04,0.000,200.0,364.9,1.000,9.0,19.4,30.3,51.4,88.9,140.2,200.0,200.0,200.0,200.0,200.0,200.0,200.0,134.7,83.0,47.0,27.4,17.4,8.0
1717,35.386,0.000,1660.1,209.5,0.1,4,15986,1.000,0.000,-0.001,-0.058,-0.002,200.0,-4.4,0,-0.04,0.000,200.0,364.9,1.000,9.0,19.4,30.3,51.4,88.9,140.2,200.0,200.0,200.0,200.0,200.0,200.0,200.0,134.7,83.0,47.0,27.4,17.4,8.0
1718,35.406,0.000,1661.3,210.0,0.1,4,16026,1.000,0.000,-0.000,-0.058,-0.002,200.0,-4.4,0,-0.04,0.000,200.0,364.9,1.000,9.0,19.4,30.3,51.4,88.9,140.3,200.0,200.0,200.0,200.0,200.0,200.0,200.0,134.6,83.0,47.0,27.4,17.4,8.0
1719,35.426,0.000,1662.5,210.6,0.1,4,16066,1.000,0.000,-0.000,-0.058,-0.002,200.0,-4.5,0,-0.04,0.000,200.0,364.9,1.000,9.0,19.4,30.3,51.4,88.9,140.3,200.0,200.0,200.0,200.0,200.0,200.0,200.0,134.6,83.0,47.0,27.4,17.4,8.0
1720,35.446,0.000,1663.6,211.1,0.1,4,16106,1.000,0.000,-0.000,-0.057,-0.002,200.0,-4.6,0,-0.04,0.000,200.0,364.9,1.000,9.0,19.4,30.3,51.4,88.9,140.3,200.0,200.0,200.0,200.0,200.0,200.0,200.0,134.6,83.0,47.0,27.4,17.5,8.0
1721,35.466,0.000,1664.8,211.7,0.1,4,16146,1.000,0.000,-0.001,-0.057,-0.002,200.0,-4.6,0,-0.04,0.000,200.0,364.9,1.000,9.0,19.4,30.3,51.4,88.8,140.2,200.0,200.0,200.0,200.0,200.0,200.0,200.0,134.7,83.1,47.1,27.4,17.5,8.0
1722,35.486,0.000,1666.0,212.2,0.1,4,16186,1.000,0.000,-0.001,-0.056,-0.002,200.0,-4.7,0,-0.04,0.000,200.0,364.9,1.000,8.9,19.4,30.3,51.3,88.8,140.1,200.0,200.0,200.0,200.0,200.0,200.0,200.0,134.8,83.1,47.1,27.4,17.5,8.0
1723,35.506,0.000,1667.2,212.8,0.1,4,16227,1.000,0.000,-0.000,-0.056,-0.002,200.0,-4.7,0,-0.04,0.000,200.0,364.9,1.000,8.9,19.4,30.3,51.3,88.8,140.2,200.0,200.0,200.0,200.0,200.0,200.0,200.0,134.7,83.1,47.1,27.4,17.5,8.0
1724,35.526,0.000,1668.3,213.3,0.1,4,16267,1.000,0.000,-0.000,-0.056,-0.002,200.0,-4.8,0,-0.04,0.000,200.0,364.9,1.000,8.9,19.4,30.2,51.3,88.9,140.3,200.0,200.0,200.0,200.0,200.0,200.0,200.0,134.6,83.0,47.1,27.5,17.5,8.0
1725,35.546,0.000,1669.5,213.9,0.1,4,16307,1.000,0.000,-0.000,-0.055,-0.002,200.0,-4.8,0,-0.04,0.000,200.0,364.9,1.000,8.9,19.4,30.2,51.3,88.8,140.3,200.0,200.0,200.0,200.0,200.0,200.0,200.0,134.7,83.1,47.1,27.5,17.5,8.0
1726,35.566,0.000,1670.7,214.4,0.1,4,16347,1.000,0.000,-0.000,-0.055,-0.002,200.0,-4.9,0,-0.04,0.000,200.0,364.9,1.000,8.9,19.4,30.2,51.3,88.8,140.2,200.0,200.0,200.0,200.0,200.0,200.0,200.0,134.8,83.1,47.1,27.5,17.5,8.0
1727,35.586,0.000,1671.9,215.0,0.1,4,16387,1.000,0.000,-0.001,-0.054,-0.002,200.0,-4.9,0,-0.04,0.000,200.0,364.9,1.000,8.9,19.3,30.2,51.3,88.7,140.0,200.0,200.0,200.0,200.0,200.0,200.0,200.0,134.9,83.2,47.2,27.5,17.5,8.0
1728,35.606,0.000,1673.1,215.5,0.1,4,16427,1.000,0.000,-0.001,-0.054,-0.002,200.0,-5.0,0,-0.04,0.000,200.0,364.9,1.000,8.9,19.3,30.2,51.2,88.7,140.0,200.0,200.0,200.0,200.0,200.0,200.0,200.0,134.9,83.2,47.2,27.5,17.5,8.0
1729,35.626,0.000,1674.3,216.0,0.1,4,16467,1.000,0.000,-0.000,-0.054,-0.001,200.0,-5.0,0,-0.04,0.000,200.0,364.9,1.000,8.9,19.3,30.2,51.3,88.7,140.1,200.0,200.0,200.0,200.0,200.0,200.0,200.0,134.8,83.2,47.2,27.5,17.5,8.0
1730,35.646,0.000,1675.5,216.6,0.1,4,16507,1.000,0.000,-0.000,-0.053,-0.001,200.0,-5.1,0,-0.04,0.000,200.0,364.9,1.000,8.9,19.3,30.2,51.3,88.8,140.2,200.0,200.0,200.0,200.0,200.0,200.0,200.0,134.7,83.2,47.2,27.5,17.5,8.0
1731,35.666,0.000,1676.7,217.1,0.1,4,16547,1.000,0.000,-0.000,-0.053,-0.001,200.0,-5.1,0,-0.04,0.000,200.0,364.9,1.000,8.9,19.3,30.2,51.2,88.7,140.2,200.0,200.0,200.0,200.0,200.0,200.0,200.0,134.7,83.2,47.2,27.5,17.5,8.0
1732,35.686,0.000,1677.9,217.7,0.1,4,16586,1.000,0.000,-0.000,-0.053,-0.001,200.0,-5.2,0,-0.04,0.000,200.0,364.9,1.000,8.9,19.3,30.2,51.2,88.7,140.1,200.0,200.0,200.0,200.0,200.0,200.0,200.0,134.8,83.2,47.2,27.5,17.5,8.1
1733,35.706,0.000,1679.1,218.2,0.1,4,16626,1.000,0.000,-0.000,-0.052,-0.001,200.0,-5.2,0,-0.04,0.000,200.0,364.9,1.000,8.9,19.3,30.2,51.2,88.6,140.0,200.0,200.0,200.0,200.0,200.0,200.0,200.0,134.9,83.3,47.2,27.5,17.5,8.1
1734,35.726,0.000,1680.3,218.7,0.1,4,16665,1.000,0.000,-0.001,-0.052,-0.002,200.0,-5.3,0,-0.04,0.000,200.0,364.9,1.000,8.9,19.3,30.1,51.2,88.6,139.9,200.0,200.0,200.0,200.0,200.0,200.0,200.0,135.1,83.3,47.3,27.6,17.5,8.1
1735,35.746,0.000,1681.6,219.3,0.1,4,16704,1.000,0.000,-0.001,-0.052,-0.001,200.0,-5.3,0,-0.04,0.000,200.0,364.9,1.000,8.9,19.3,30.1,51.2,88.6,139.9,200.0,200.0,200.0,200.0,200.0,200.0,200.0,135.1,83.4,47.3,27.6,17.6,8.1
1736,35.766,0.000,1682.8,219.8,0.1,4,16744,1.000,0.000,-0.000,-0.051,-0.001,200.0,-5.4,0,-0.04,0.000,200.0,364.9,1.000,8.9,19.3,30.1,51.2,88.6,140.0,200.0,200.0,200.0,200.0,200.0,200.0,200.0,134.9,83.3,47.3,27.6,17.6,8.1
1737,35.786,0.000,1684.0,220.3,0.1,4,16783,1.000,0.000,-0.000,-0.051,-0.001,200.0,-5.4,0,-0.04,0.000,200.0,364.9,1.000,8.9,19.3,30.1,51.2,88.6,140.1,200.0,200.0,200.0,200.0,200.0,200.0,200.0,134.8,83.3,47.3,27.6,17.6,8.1
1738,35.806,0.000,1685.2,220.9,0.1,4,16822,1.000,0.000,-0.000,-0.051,-0.001,200.0,-5.5,0,-0.04,0.000,200.0,364.9,1.000,8.9,19.3,30.1,51.2,88.6,140.1,200.0,200.0,200.0,200.0,200.0,200.0,200.0,134.8,83.3,47.3,27.6,17.6,8.1
1739,35.826,0.000,1686.5,221.4,0.1,4,16860,1.000,0.000,-0.000,-0.050,-0.001,200.0,-5.5,0,-0.04,0.000,200.0,364.9,1.000,8.9,19.3,30.1,51.1,88.6,140.1,200.0,200.0,200.0,200.0,200.0,200.0,200.0,134.9,83.3,47.3,27.6,17.6,8.1
1740,35.846,0.000,1687.7,221.9,0.1,4,16899,1.000,0.000,-0.000,-0.050,-0.001,200.0,-5.6,0,-0.04,0.000,200.0,364.9,1.000,8.9,19.3,30.1,51.1,88.5,140.0,200.0,200.0,200.0,200.0,200.0,200.0,200.0,135.0,83.4,47.3,27.6,17.6,8.1
1741,35.866,0.000,1688.9,222.5,0.1,4,16938,1.000,0.000,-0.000,-0.049,-0.001,200.0,-5.6,0,-0.04,0.000,200.0,364.9,1.000,8.9,19.3,30.1,51.1,88.5,139.9,200.0,200.0,200.0,200.0,200.0,200.0,200.0,135.1,83.4,47.3,27.6,17.6,8.1
1742,35.886,0.000,1690.2,223.0,0.0,4,16976,1.000,0.000,-0.001,-0.049,-0.001,200.0,-5.7,0,-0.04,0.000,200.0,364.9,1.000,8.9,19.3,30.1,51.1,88.4,139.8,200.0,200.0,200.0,200.0,200.0,200.0,200.0,135.2,83.5,47.4,27.6,17.6,8.1
1743,35.906,0.000,1691.4,223.5,0.0,4,17014,1.000,0.000,-0.000,-0.049,-0.001,200.0,-5.7,0,-0.04,0.000,200.0,364.9,1.000,8.9,19.3,30.1,51.1,88.4,139.8,200.0,200.0,200.0,200.0,200.0,200.0,200.0,135.2,83.5,47.4,27.6,17.6,8.1
1744,35.926,0.000,1692.7,224.0,0.1,4,17052,1.000,0.000,-0.000,-0.048,-0.001,200.0,-5.8,0,-0.04,0.000,200.0,364.9,1.000,8.9,19.2,30.1,51.1,88.5,139.9,200.0,200.0,200.0,200.0,200.0,200.0,200.0,135.1,83.5,47.4,27.6,17.6,8.1
1745,35.946,0.000,1693.9,224.5,0.1,4,17090,1.000,0.000,-0.000,-0.048,-0.001,200.0,-5.8,0,-0.04,0.000,200.0,364.9,1.000,8.9,19.2,30.1,51.0,88.4,139.8,200.0,200.0,200.0,200.0,200.0,200.0,200.0,135.1,83.5,47.4,27.6,17.6,8.1
1746,35.966,0.000,1695.1,225.1,0.0,4,17128,1.000,0.000,-0.000,-0.048,-0.001,200.0,-5.9,0,-0.04,0.000,200.0,364.9,1.000,8.9,19.2,30.0,51.0,88.4,139.8,200.0,200.0,200.0,200.0,200.0,200.0,200.0,135.2,83.5,47.4,27.7,17.6,8.1
1747,35.986,0.000,1696.4,225.6,0.0,4,17166,1.000,0.000,-0.001,-0.047,-0.001,200.0,-5.9,0,-0.04,0.000,200.0,364.9,1.000,8.9,19.2,30.0,51.0,88.4,139.7,200.0,200.0,200.0,200.0,200.0,200.0,200.0,135.2,83.6,47.4,27.7,17.6,8.1
1748,36.006,0.000,1697.7,226.1,0.0,4,17204,1.000,0.000,-0.000,-0.047,-0.001,200.0,-6.0,0,-0.04,0.000,200.0,364.9,1.000,8.9,19.2,30.0,51.0,88.4,139.8,200.0,200.0,200.0,200.0,200.0,200.0,200.0,135.2,83.6,47.4,27.7,17.6,8.1
1749,36.026,0.000,1698.9,226.6,0.0,4,17241,1.000,0.000,-0.000,-0.047,-0.001,200.0,-6.1,0,-0.04,0.000,200.0,364.9,1.000,8.9,19.2,30.0,51.0,88.4,139.8,200.0,200.0,200.0,200.0,200.0,200.0,200.0,135.1,83.5,47.4,27.7,17.6,8.1
1750,36.046,0.000,1700.2,227.1,0.0,4,17279,1.000,0.000,-0.000,-0.047,-0.001,200.0,-6.1,0,-0.04,0.000,200.0,364.9,1.000,8.9,19.2,30.0,51.0,88.4,139.8,200.0,200.0,200.0,200.0,200.0,200.0,200.0,135.1,83.5,47.4,27.7,17.6,8.1
1751,36.066,0.000,1701.4,227.6,0.0,4,17317,1.000,0.000,-0.000,-0.046,-0.001,200.0,-6.2,0,-0.04,0.000,200.0,364.9,1.000,8.9,19.2,30.0,51.0,88.4,139.8,200.0,200.0,200.0,200.0,200.0,200.0,200.0,135.2,83.6,47.5,27.7,17.6,8.1
1752,36.086,0.000,1702.7,228.2,0.0,4,17354,1.000,0.000,-0.000,-0.046,-0.001,200.0,-6.2,0,-0.04,0.000,200.0,364.9,1.000,8.9,19.2,30.0,51.0,88.3,139.7,200.0,200.0,200.0,200.0,200.0,200.0,200.0,135.2,83.6,47.5,27.7,17.6,8.1
1753,36.106,0.000,1704.0,228.7,0.0,4,17391,1.000,0.000,-0.000,-0.046,-0.001,200.0,-6.3,0,-0.03,0.000,200.0,364.9,1.000,8.9,19.2,30.0,50.9,88.3,139.7,200.0,200.0,200.0,200.0,200.0,200.0,200.0,135.3,83.6,47.5,27.7,17.7,8.1
1754,36.126,0.000,1705.2,229.2,0.0,4,17428,1.000,0.000,-0.001,-0.045,-0.001,200.0,-6.3,0,-0.03,0.000,200.0,364.9,1.000,8.9,19.2,30.0,50.9,88.3,139.6,200.0,200.0,200.0,200.0,200.0,200.0,200.0,135.4,83.7,47.5,27.7,17.7,8.1
1755,36.146,0.000,1706.5,229.7,0.0,4,17465,1.000,0.000,-0.000,-0.045,-0.001,200.0,-6.4,0,-0.03,0.000,200.0,364.9,1.000,8.9,19.2,30.0,50.9,88.3,139.7,200.0,200.0,200.0,200.0,200.0,200.0,200.0,135.3,83.7,47.5,27.7,17.7,8.1
1756,36.166,0.000,1707.8,230.2,0.0,4,17502,1.000,0.000,-0.000,-0.045,-0.001,200.0,-6.4,0,-0.03,0.000,200.0,364.9,1.000,8.9,19.2,30.0,50.9,88.3,139.8,200.0,200.0,200.0,200.0,200.0,200.0,200.0,135.2,83.6,47.5,27.7,17.7,8.1
1757,36.186,0.000,1709.1,230.7,0.0,4,17539,1.000,0.000,-0.000,-0.044,-0.001,200.0,-6.5,0,-0.03,0.000,200.0,364.9,1.000,8.9,19.2,30.0,50.9,88.3,139.8,200.0,200.0,200.0,200.0,200.0,200.0,200.0,135.2,83.6,47.5,27.7,17.7,8.1
1758,36.206,0.000,1710.4,231.2,0.0,4,17575,1.000,0.000,-0.000,-0.044,-0.001,200.0,-6.5,0,-0.03,0.000,200.0,364.9,1.000,8.8,19.2,30.0,50.9,88.3,139.8,200.0,200.0,200.0,200.0,200.0,200.0,200.0,135.2,83.7,47.5,27.7,17.7,8.1
1759,36.226,0.000,1711.6,231.7,0.0,4,17612,1.000,0.000,-0.000,-0.044,-0.001,200.0,-6.6,0,-0.03,0.000,200.0,364.9,1.000,8.8,19.2,30.0,50.9,88.3,139.7,200.0,200.0,200.0,200.0,200.0,200.0,200.0,135.3,83.7,47.5,27.7,17.7,8.1
1760,36.246,0.000,1712.9,232.2,0.0,4,17648,1.000,0.000,-0.000,-0.044,-0.001,200.0,-6.6,0,-0.03,0.000,200.0,364.9,1.000,8.8,19.2,29.9,50.9,88.2,139.7,200.0,200.0,200.0,200.0,200.0,200.0,200.0,135.3,83.7,47.6,27.8,17.7,8.1
1761,36.266,0.000,1714.2,232.7,0.0,4,17684,1.000,0.000,-0.000,-0.043,-0.001,200.0,-6.7,0,-0.03,0.000,200.0,364.9,1.000,8.8,19.2,29.9,50.9,88.2,139.6,200.0,200.0,200.0,200.0,200.0,200.0,200.0,135.4,83.7,47.6,27.8,17.7,8.1
1762,36.286,0.000,1715.5,233.2,0.0,4,17721,1.000,0.000,-0.000,-0.043,-0.001,200.0,-6.7,0,-0.03,0.000,200.0,364.9,1.000,8.8,19.2,29.9,50.8,88.2,139.6,200.0,200.0,200.0,200.0,200.0,200.0,200.0,135.4,83.8,47.6,27.8,17.7,8.1
1763,36.306,0.000,1716.8,233.7,0.0,4,17757,1.000,0.000,-0.000,-0.043,-0.001,200.0,-6.8,0,-0.03,0.000,200.0,364.9,1.000,8.8,19.1,29.9,50.8,88.2,139.5,200.0,200.0,200.0,200.0,200.0,200.0,200.0,135.5,83.8,47.6,27.8,17.7,8.1
1764,36.326,0.000,1718.1,234.2,0.0,4,17793,1.000,0.000,-0.000,-0.042,-0.001,200.0,-6.8,0,-0.03,0.000,200.0,364.9,1.000,8.8,19.1,29.9,50.8,88.1,139.5,200.0,200.0,200.0,200.0,200.0,200.0,200.0,135.5,83.8,47.6,27.8,17.7,8.1
1765,36.346,0.000,1719.4,234.6,0.0,4,17829,1.000,0.000,-0.001,-0.042,-0.001,200.0,-6.9,0,-0.03,0.000,200.0,364.9,1.000,8.8,19.1,29.9,50.8,88.1,139.5,200.0,200.0,200.0,200.0,200.0,200.0,200.0,135.5,83.8,47.6,27.8,17.7,8.1
1766,36.366,0.000,1720.7,235.1,0.0,4,17864,1.000,0.000,-0.000,-0.042,-0.001,200.0,-6.9,0,-0.03,0.000,200.0,364.9,1.000,8.8,19.1,29.9,50.8,88.1,139.5,200.0,200.0,200.0,200.0,200.0,200.0,199.1,135.5,83.8,47.6,27.8,17.7,8.1
1767,36.386,0.000,1722.0,235.6,0.0,4,17900,1.000,0.000,0.000,-0.042,-0.001,200.0,-7.0,0,-0.04,0.000,200.0,364.9,1.000,8.8,19.1,29.9,50.8,88.2,139.6,200.0,200.0,200.0,200.0,200.0,200.0,198.1,135.3,83.8,47.6,27.8,17.7,8.1
1768,36.406,0.000,1723.3,236.1,0.0,4,17936,1.000,0.000,0.000,-0.041,-0.001,200.0,-7.0,0,-0.04,0.000,200.0,364.9,1.000,8.8,19.1,29.9,50.8,88.2,139.7,200.0,200.0,200.0,200.0,200.0,200.0,197.1,135.3,83.8,47.6,27.8,17.7,8.1
1769,36.426,0.000,1724.7,236.6,0.0,4,17971,1.000,0.000,0.000,-0.041,-0.001,200.0,-7.1,0,-0.04,0.000,200.0,364.9,1.000,8.8,19.1,29.9,50.8,88.2,139.7,200.0,200.0,200.0,200.0,200.0,200.0,196.2,135.3,83.8,47.6,27.8,17.7,8.1
1770,36.446,0.000,1726.0,237.1,0.0,4,18007,1.000,0.000,0.000,-0.041,-0.001,200.0,-7.1,0,-0.04,0.000,200.0,364.9,1.000,8.8,19.1,29.9,50.8,88.1,139.6,200.0,200.0,200.0,200.0,200.0,200.0,195.2,135.4,83.8,47.6,27.8,17.7,8.1
1771,36.466,0.000,1727.3,237.6,0.0,4,18042,1.000,0.000,0.000,-0.041,-0.001,200.0,-7.2,0,-0.04,0.000,200.0,364.9,1.000,8.8,19.1,29.9,50.8,88.1,139.6,200.0,200.0,200.0,200.0,200.0,200.0,194.1,135.4,83.8,47.7,27.8,17.7,8.1
1772,36.486,0.000,1728.6,238.0,0.0,4,18077,1.000,0.000,0.000,-0.040,-0.001,200.0,-7.2,0,-0.05,0.000,200.0,364.9,1.000,8.8,19.1,29.9,50.8,88.1,139.6,200.0,200.0,200.0,200.0,200.0,200.0,193.1,135.4,83.9,47.7,27.8,17.7,8.2
1773,36.506,0.000,1729.9,238.5,0.0,4,18112,1.000,0.000,0.000,-0.040,-0.001,200.0,-7.3,0,-0.05,0.000,200.0,364.9,1.000,8.8,19.1,29.9,50.7,88.1,139.5,200.0,200.0,200.0,200.0,200.0,200.0,192.1,135.5,83.9,47.7,27.8,17.7,8.2
1774,36.526,0.000,1731.3,239.0,0.0,4,18147,1.000,0.000,0.000,-0.040,-0.001,200.0,-7.3,0,-0.05,0.000,200.0,364.9,1.000,8.8,19.1,29.9,50.7,88.0,139.5,200.0,200.0,200.0,200.0,200.0,199.9,191.0,135.5,83.9,47.7,27.9,17.8,8.2
1775,36.546,0.000,1732.6,239.5,0.0,4,18182,1.000,0.000,0.000,-0.040,-0.001,200.0,-7.4,0,-0.05,0.000,200.0,364.9,1.000,8.8,19.1,29.8,50.7,88.0,139.5,200.0,200.0,200.0,200.0,200.0,198.6,189.9,135.6,83.9,47.7,27.9,17.8,8.2
1776,36.566,0.000,1733.9,239.9,0.0,4,18216,1.000,0.000,0.001,-0.039,-0.001,200.0,-7.4,0,-0.06,0.000,200.0,364.9,1.000,8.8,19.1,29.8,50.7,88.0,139.4,200.0,200.0,200.0,200.0,200.0,197.3,188.8,135.6,84.0,47.7,27.9,17.8,8.2
1777,36.586,0.000,1735.2,240.4,0.0,4,18241,1.000,0.000,0.000,-0.039,-0.001,200.0,-7.7,0,-0.06,0.000,200.0,364.9,1.000,8.8,19.1,29.8,50.7,87.9,139.3,200.0,200.0,200.0,200.0,199.9,196.1,187.8,135.8,84.0,47.8,27.9,17.8,8.2
1778,36.606,0.000,1736.6,240.9,-0.0,4,18275,1.000,0.000,0.000,-0.039,-0.001,200.0,-7.8,0,-0.06,0.000,200.0,364.9,1.000,8.8,19.1,29.8,50.7,87.8,139.1,200.0,200.0,200.0,200.0,198.6,194.8,186.7,136.0,84.1,47.8,27.9,17.8,8.2
1779,36.626,0.000,1737.9,241.4,-0.0,4,18312,1.000,0.000,0.000,-0.039,-0.001,200.0,-7.8,0,-0.07,0.000,200.0,364.9,1.000,8.8,19.1,29.8,50.6,87.8,139.0,200.0,200.0,200.0,200.0,197.3,193.5,185.6,136.1,84.2,47.8,27.9,17.8,8.2
1780,36.646,0.000,1739.3,241.8,-0.0,4,18350,1.000,0.000,0.000,-0.038,-0.001,200.0,-7.7,0,-0.07,0.000,200.0,364.9,1.000,8.8,19.1,29.8,50.6,87.8,138.9,200.0,200.0,200.0,199.0,195.9,192.3,184.5,136.1,84.2,47.8,27.9,17.8,8.2
1781,36.666,0.000,1740.6,242.3,-0.0,4,18387,1.000,0.000,0.001,-0.038,-0.001,200.0,-7.7,0,-0.07,0.000,200.0,364.9,1.000,8.8,19.1,29.8,50.6,87.7,138.9,200.0,200.0,200.0,197.6,194.6,191.0,183.3,136.2,84.2,47.8,27.9,17.8,8.2
1782,36.686,0.000,1742.0,242.8,-0.0,4,18411,1.000,0.000,0.000,-0.038,-0.001,198.9,-8.0,0,-0.08,0.000,198.9,364.9,1.000,8.8,19.1,29.8,50.6,87.7,138.7,200.0,200.0,198.9,196.3,193.3,189.7,182.2,136.3,84.3,47.9,27.9,17.8,8.2
1783,36.706,0.000,1743.3,243.2,-0.0,4,18442,1.000,0.000,0.000,-0.038,-0.001,197.5,-8.1,0,-0.08,0.000,197.5,364.9,1.000,8.8,19.0,29.8,50.5,87.6,138.5,200.0,199.7,197.5,195.0,192.0,188.4,181.1,136.5,84.4,47.9,27.9,17.8,8.2
1784,36.726,0.000,1744.7,243.7,-0.0,4,18479,1.000,0.000,0.000,-0.037,-0.001,196.1,-8.1,0,-0.08,0.000,196.1,364.9,1.000,8.8,19.0,29.7,50.5,87.5,138.4,200.0,198.4,196.1,193.6,190.7,187.2,180.0,136.6,84.4,47.9,28.0,17.8,8.2
1785,36.746,0.000,1746.0,244.1,-0.0,4,18518,1.000,0.000,0.000,-0.037,-0.001,194.8,-8.0,0,-0.08,0.000,194.8,364.6,1.000,8.8,19.0,29.7,50.5,87.5,138.4,199.7,197.0,194.8,192.3,189.4,185.9,178.8,136.7,84.5,47.9,28.0,17.8,8.2
1786,36.766,0.000,1747.4,244.6,-0.0,4,18556,1.000,0.000,0.000,-0.037,-0.001,193.4,-7.9,0,-0.08,0.000,193.4,363.2,1.000,8.8,19.0,29.7,50.5,87.5,138.3,198.3,195.6,193.4,190.9,188.0,184.6,177.6,136.7,84.5,48.0,28.0,17.8,8.2
1787,36.786,0.000,1748.7,245.1,-0.0,4,18589,1.000,0.000,0.000,-0.036,-0.001,192.0,-8.0,0,-0.08,0.000,192.0,361.8,1.000,8.8,19.0,29.7,50.5,87.5,138.3,196.9,194.2,192.0,189.5,186.7,183.2,176.4,136.7,84.5,48.0,28.0,17.8,8.2
1788,36.806,0.000,1750.1,245.5,-0.0,4,18617,1.000,0.000,0.000,-0.036,-0.001,190.6,-8.2,0,-0.08,0.000,190.6,360.4,1.000,8.8,19.0,29.7,50.5,87.4,138.3,195.5,192.8,190.6,188.2,185.3,181.9,175.2,136.8,84.5,48.0,28.0,17.8,8.2
1789,36.826,0.000,1751.5,245.5,0.0,5,16682,1.000,0.000,0.000,-0.036,-0.001,189.3,-18.0,0,-0.08,0.000,189.3,359.0,1.000,8.8,19.0,29.7,50.5,87.4,138.3,194.1,191.4,189.3,186.8,184.0,180.6,174.0,136.8,84.5,48.0,28.0,17.8,8.2
1790,36.846,0.000,1752.8,245.0,0.0,5,16648,1.000,0.000,0.000,-0.035,-0.001,187.9,-18.3,0,-0.08,0.000,187.9,357.6,1.000,8.8,19.0,29.7,50.4,87.4,138.3,192.7,190.0,187.9,185.4,182.6,179.3,172.8,136.8,84.6,48.0,28.0,17.8,8.2
1791,36.866,0.000,1754.2,244.6,0.0,5,16279,1.000,0.000,0.000,-0.035,-0.001,186.5,-19.0,0,-0.08,0.000,186.5,356.1,1.000,8.8,19.0,29.7,50.4,87.4,138.3,191.3,188.6,186.5,184.1,181.3,178.0,171.6,136.8,84.6,48.0,28.0,17.8,8.2
1792,36.886,0.000,1755.5,244.6,0.0,5,16643,1.000,0.000,0.000,-0.035,-0.001,185.1,-9.1,0,-0.08,0.000,185.1,354.7,1.000,8.8,19.0,29.7,50.4,87.4,138.3,189.9,187.2,185.1,182.7,180.0,176.7,170.4,136.8,84.6,48.0,28.0,17.9,8.2
1793,36.906,0.000,1756.9,245.0,0.0,5,16667,1.000,0.000,0.000,-0.035,-0.001,183.7,-8.9,0,-0.08,0.000,183.7,353.3,1.000,8.8,19.0,29.7,50.4,87.4,138.3,188.5,185.9,183.7,181.3,178.6,175.4,169.2,136.8,84.6,48.0,28.0,17.9,8.2
1794,36.926,0.000,1758.3,245.4,0.0,5,16686,1.000,0.000,0.000,-0.034,-0.001,182.4,-9.0,0,-0.08,0.000,182.4,351.8,1.000,8.8,19.0,29.7,50.4,87.4,138.3,187.1,184.5,182.4,180.0,177.3,174.1,168.0,136.8,84.6,48.0,28.0,17.9,8.2
1795,36.946,0.000,1759.6,245.7,0.0,5,16706,1.000,0.000,0.000,-0.034,-0.001,181.0,-9.2,0,-0.08,0.000,181.0,350.4,1.000,8.8,19.0,29.7,50.4,87.4,138.3,185.7,183.1,181.0,178.6,175.9,172.8,166.8,136.8,84.6,48.1,28.0,17.9,8.2
1796,36.966,0.000,1761.0,246.1,0.0,5,16727,1.000,0.000,0.000,-0.034,-0.001,179.6,-9.3,0,-0.08,0.000,179.6,348.9,1.000,8.8,19.0,29.7,50.4,87.3,138.2,184.3,181.7,179.6,177.3,174.6,171.5,165.6,136.9,84.6,48.1,28.1,17.9,8.2
1797,36.986,0.000,1762.4,246.5,0.0,5,16750,1.000,0.000,0.000,-0.033,-0.001,178.2,-9.3,0,-0.08,0.000,178.2,347.4,1.000,8.8,19.0,29.6,50.4,87.3,138.2,182.8,180.3,178.2,175.9,173.2,170.1,164.4,136.9,84.7,48.1,28.1,17.9,8.2
1798,37.006,0.000,1763.7,246.8,0.0,5,16778,1.000,0.000,0.000,-0.033,-0.001,176.8,-9.3,0,-0.08,0.000,176.8,345.9,1.000,8.8,19.0,29.6,50.3,87.3,138.1,181.4,178.9,176.8,174.5,171.9,168.8,163.1,136.9,84.7,48.1,28.1,17.9,8.2
1799,37.026,0.000,1765.1,247.2,0.0,5,16803,1.000,0.000,0.000,-0.033,-0.001,175.4,-9.2,0,-0.08,0.000,175.4,344.4,1.000,8.8,19.0,29.6,50.3,87.3,138.1,180.0,177.5,175.4,173.1,170.6,167.5,161.9,137.0,84.7,48.1,28.1,17.9,8.2
1800,37.046,0.000,1766.5,247.5,0.0,5,16827,1.000,0.000,-0.000,-0.033,-0.001,174.0,-9.3,0,-0.08,0.000,174.0,342.9,1.000,8.8,19.0,29.6,50.3,87.2,138.0,178.6,176.1,174.0,171.8,169.2,166.2,160.7,137.0,84.7,48.1,28.1,17.9,8.2
1801,37.066,0.000,1767.9,247.9,0.0,5,16851,1.000,0.000,-0.000,-0.032,-0.001,172.6,-9.3,0,-0.08,0.000,172.6,341.3,1.000,8.7,19.0,29.6,50.3,87.2,138.0,177.2,174.7,172.6,170.4,167.8,164.9,159.4,137.1,84.8,48.1,28.1,17.9,8.2
1802,37.086,0.000,1769.2,248.2,0.0,5,16874,1.000,0.000,-0.000,-0.032,-0.001,171.2,-9.3,0,-0.08,0.000,171.2,339.5,1.000,8.7,18.9,29.6,50.3,87.2,138.0,175.8,173.3,171.2,169.0,166.5,163.6,158.2,137.1,84.8,48.2,28.1,17.9,8.2
1803,37.106,0.000,1770.6,248.6,-0.0,5,16904,1.000,0.000,-0.000,-0.032,-0.001,169.9,-9.2,0,-0.08,0.000,169.9,337.7,1.000,8.7,18.9,29.6,50.3,87.2,137.9,174.3,171.8,169.9,167.6,165.1,162.2,157.0,137.2,84.8,48.2,28.1,17.9,8.2
1804,37.126,0.000,1772.0,248.9,0.0,5,16929,1.000,0.000,-0.000,-0.031,-0.001,168.5,-9.2,0,-0.08,0.000,168.5,335.8,1.000,8.7,18.9,29.6,50.3,87.1,137.9,172.9,170.4,168.5,166.3,163.8,160.9,155.7,137.2,84.8,48.2,28.1,17.9,8.2
1805,37.146,0.000,1773.4,249.3,-0.0,5,16948,1.000,0.000,-0.000,-0.031,-0.001,167.1,-9.3,0,-0.08,0.000,167.1,334.3,1.000,8.7,18.9,29.6,50.2,87.1,137.8,171.5,169.0,167.1,164.9,162.4,159.6,154.5,137.3,84.9,48.2,28.1,17.9,8.2
1806,37.166,0.000,1774.8,249.7,0.0,5,16969,1.000,0.000,-0.000,-0.031,-0.001,165.6,-9.4,0,-0.07,0.000,165.6,332.9,1.000,8.7,18.9,29.6,50.2,87.1,137.8,170.0,167.6,165.6,163.5,161.0,158.2,153.2,137.3,84.9,48.2,28.1,17.9,8.2
1807,37.186,0.000,1776.2,250.0,-0.0,5,16990,1.000,0.000,-0.000,-0.030,-0.001,164.2,-9.5,0,-0.07,0.000,164.2,331.2,1.000,8.7,18.9,29.6,50.2,87.1,137.8,168.6,166.2,164.2,162.1,159.7,156.9,152.0,137.3,84.9,48.2,28.1,17.9,8.2
1808,37.206,0.000,1777.5,250.4,0.0,5,17013,1.000,0.000,-0.000,-0.030,-0.001,162.8,-9.6,0,-0.07,0.000,162.8,329.6,1.000,8.7,18.9,29.6,50.2,87.0,137.7,167.2,164.8,162.8,160.7,158.3,155.6,150.7,137.4,85.0,48.2,28.2,17.9,8.2
1809,37.226,0.000,1778.9,250.7,0.0,5,17048,1.000,0.000,-0.001,-0.030,-0.001,161.4,-9.2,0,-0.07,0.000,161.4,327.1,1.000,8.7,18.9,29.5,50.2,87.0,137.7,165.7,163.3,161.4,159.3,156.9,154.2,149.4,137.4,85.0,48.3,28.2,17.9,8.2
1810,37.246,0.000,1780.3,251.1,0.0,5,17066,1.000,0.000,-0.201,-0.030,-0.001,160.0,-9.4,0,-0.16,-0.850,160.0,328.2,1.000,8.7,18.9,29.5,50.2,87.0,166.7,164.3,161.9,160.0,157.9,155.6,152.9,148.2,137.3,85.0,48.3,28.2,17.9,8.2
1811,37.266,0.000,1781.7,251.4,-0.2,5,17086,1.000,0.000,-0.001,-0.030,0.003,157.7,-8.8,0,-0.24,0.000,158.3,326.2,1.000,8.8,19.1,30.1,51.9,92.3,164.6,162.1,159.6,157.7,155.5,153.0,150.1,144.9,125.4,80.2,46.7,27.6,17.7,8.2
1812,37.286,0.000,1783.1,251.7,1.3,5,17111,1.000,0.000,-0.201,-0.031,0.011,154.2,-9.3,0,-0.41,-0.850,156.9,322.6,1.000,8.8,19.6,31.4,55.9,105.6,161.7,159.0,156.3,154.2,151.7,148.9,145.5,138.0,106.1,71.8,43.7,26.6,17.3,8.1
1813,37.306,0.000,1784.5,252.0,1.7,5,17132,1.000,0.000,-0.001,-0.033,0.018,150.8,-8.7,0,-0.60,0.000,155.4,319.4,1.000,8.9,20.1,32.6,59.9,120.8,158.9,156.0,153.1,150.8,148.0,144.8,140.5,120.6,93.5,65.8,41.4,25.7,16.9,8.1
1814,37.326,0.000,1785.9,252.3,2.9,5,17182,1.000,0.000,-0.201,-0.036,0.027,146.6,-8.4,0,-0.95,-0.850,153.9,319.9,1.000,9.0,20.7,34.3,65.7,160.4,155.6,152.5,149.3,146.6,143.4,139.1,129.0,101.4,81.5,59.6,38.8,24.7,16.5,8.0
1815,37.346,0.000,1787.3,252.6,3.0,5,17195,1.000,0.000,-0.001,-0.040,0.035,142.6,-8.0,0,-1.11,0.000,152.5,316.6,1.000,9.1,21.3,35.9,71.4,157.7,152.6,149.2,145.7,142.6,138.6,131.8,110.5,89.6,73.6,55.2,36.9,23.8,16.1,7.9
1816,37.366,0.000,1788.7,252.8,3.9,5,17213,1.000,0.000,-0.145,-0.046,0.043,137.4,-8.6,0,-1.32,-0.850,150.9,313.7,1.000,9.3,22.1,37.9,79.5,154.7,149.2,145.4,141.3,137.4,131.1,110.4,94.5,78.7,66.1,50.8,34.8,22.9,15.6,7.8
1817,37.386,0.000,1790.1,253.1,3.6,5,17225,1.000,0.000,0.055,-0.053,0.049,132.3,-8.4,0,-1.51,0.000,149.4,310.4,1.000,9.4,22.7,39.6,86.7,152.1,146.1,142.0,137.3,132.3,115.4,98.1,85.2,72.1,61.3,47.8,33.3,22.2,15.3,7.7
1818,37.406,0.000,1791.5,253.4,4.0,5,17238,1.000,0.000,0.255,-0.062,0.054,124.3,-9.1,0,-1.68,0.000,124.3,307.5,1.000,9.5,23.2,41.2,93.6,149.6,143.3,138.9,133.5,124.3,104.2,89.7,78.8,67.3,57.7,45.6,32.1,21.6,15.0,7.6
1819,37.426,0.000,1793.0,253.7,3.2,5,17272,1.000,0.000,0.288,-0.071,0.048,130.4,-8.3,0,-1.50,0.000,146.4,305.7,1.000,9.6,23.0,39.9,86.6,149.3,143.5,139.5,135.0,130.4,116.4,98.5,85.3,71.9,61.0,47.5,32.9,21.9,15.0,7.5
1820,37.446,0.000,1794.4,254.0,0.4,5,17292,1.000,0.000,0.192,-0.079,0.031,136.8,-7.9,0,-1.06,0.000,145.0,307.1,1.000,9.4,21.8,36.4,70.9,150.8,146.0,142.8,139.6,136.8,133.5,128.9,114.8,91.6,74.4,55.1,36.3,23.2,15.6,7.6
1821,37.466,0.000,1795.8,254.2,-3.0,5,17326,1.000,0.000,0.070,-0.085,0.009,141.4,-7.8,0,-0.46,0.000,143.6,305.0,1.000,9.3,20.6,32.8,57.9,107.9,148.5,146.0,143.4,141.4,139.2,136.6,133.6,127.8,103.4,69.3,41.8,25.3,16.4,7.7
1822,37.486,0.000,1797.2,254.5,-5.9,5,17356,1.000,0.000,-0.029,-0.090,-0.009,144.0,-7.8,0,-0.12,0.000,144.0,306.8,1.000,9.2,19.6,30.2,50.0,83.1,149.9,147.7,145.6,144.0,142.2,140.2,138.0,134.4,128.9,89.7,48.3,27.4,17.2,7.8
1823,37.506,0.000,1798.6,254.7,-7.0,5,17364,1.000,0.000,-0.229,-0.092,-0.018,144.3,-8.3,0,0.16,-0.850,144.3,304.3,1.000,9.1,19.1,29.0,46.8,74.5,105.9,147.7,145.8,144.3,142.6,140.8,138.9,135.8,131.5,105.7,52.5,28.7,17.7,7.8
1824,37.526,0.000,1800.0,255.0,-6.1,5,17384,1.000,0.000,-0.064,-0.094,-0.015,142.1,-8.1,0,0.08,0.000,142.1,300.4,1.000,9.2,19.3,29.5,48.1,77.7,112.5,145.7,143.7,142.1,140.5,138.6,136.6,133.4,128.8,98.8,50.7,28.1,17.4,7.8
1825,37.546,0.000,1801.4,255.5,-2.7,5,17379,1.000,0.000,0.010,-0.096,-0.002,138.1,-9.3,0,-0.24,0.000,138.1,298.0,1.000,9.3,20.1,31.4,53.2,92.0,144.3,142.1,139.9,138.1,136.2,134.1,131.8,127.9,121.2,79.8,45.1,26.3,16.7,7.7
1826,37.566,0.000,1802.9,255.8,-0.0,5,17388,1.000,0.000,-0.190,-0.098,0.007,134.8,-9.6,0,-0.43,-0.850,136.3,295.2,1.000,9.4,20.6,32.7,57.2,104.7,141.5,139.1,136.7,134.8,132.7,130.4,127.8,123.0,107.3,70.7,42.1,25.2,16.3,7.6
1827,37.586,0.000,1804.3,256.1,0.7,5,17406,1.000,0.000,0.010,-0.100,0.014,131.7,-9.2,0,-0.73,0.000,134.8,297.4,1.000,9.5,21.1,34.0,61.2,142.9,138.8,136.2,133.7,131.7,129.4,126.9,123.8,117.6,93.6,64.5,39.8,24.4,15.9,7.5
1828,37.606,0.000,1805.7,256.4,2.2,5,17427,1.000,0.000,-0.190,-0.103,0.023,128.0,-9.6,0,-0.90,-0.850,133.4,294.4,1.000,9.6,21.8,35.7,66.8,140.0,135.7,132.9,130.2,128.0,125.4,122.4,118.5,102.2,80.8,58.1,37.2,23.4,15.5,7.4
1829,37.626,0.000,1807.1,256.7,2.4,5,17474,1.000,0.000,0.010,-0.107,0.030,124.7,-8.4,0,-1.04,0.000,131.8,290.5,1.000,9.7,22.3,37.1,71.9,137.5,132.9,130.0,127.1,124.7,121.8,118.2,112.5,90.4,73.2,54.0,35.4,22.6,15.2,7.4
1830,37.646,0.000,1808.6,257.0,3.4,5,17494,1.000,0.000,-0.134,-0.112,0.038,120.6,-8.8,0,-1.25,-0.850,130.3,286.5,1.000,9.8,23.0,39.1,79.2,134.7,129.8,126.7,123.4,120.6,117.2,111.9,96.5,79.0,65.5,49.6,33.5,21.8,14.8,7.3
1831,37.666,0.000,1810.0,257.3,3.2,5,17502,1.000,0.000,0.066,-0.118,0.044,117.0,-8.8,0,-1.43,0.000,128.8,284.2,1.000,9.9,23.6,40.7,85.6,132.1,127.0,123.7,120.1,117.0,112.7,100.9,86.5,72.1,60.6,46.7,32.0,21.1,14.4,7.2
1832,37.686,0.000,1811.4,257.6,3.8,5,17513,1.000,0.000,0.266,-0.126,0.049,113.4,-9.5,0,-1.60,0.000,127.2,282.1,1.000,10.1,24.2,42.2,92.0,129.7,124.4,120.9,117.0,113.4,107.3,91.4,79.4,67.0,56.9,44.4,30.8,20.5,14.1,7.1
1833,37.706,0.000,1812.8,257.9,2.9,5,17515,1.000,0.000,0.263,-0.134,0.042,114.9,-9.4,0,-1.41,0.000,125.7,282.3,1.000,10.1,23.8,40.8,84.9,129.4,124.4,121.2,117.8,114.9,111.0,102.6,87.5,72.6,60.8,46.6,31.8,20.9,14.2,7.1
1834,37.726,0.000,1814.3,258.1,0.1,5,17553,1.000,0.000,0.166,-0.141,0.025,118.7,-8.7,0,-0.99,0.000,124.3,284.2,1.000,9.9,22.7,37.3,70.3,130.6,126.3,123.6,120.9,118.7,116.3,113.4,109.6,94.9,75.5,54.6,35.2,22.2,14.8,7.1
1835,37.746,0.000,1815.7,258.3,-3.3,5,17598,1.000,0.000,0.056,-0.146,0.004,122.0,-8.3,0,-0.62,0.000,122.8,285.4,1.000,9.8,21.4,33.7,58.4,131.9,128.2,125.9,123.7,122.0,120.1,118.1,115.7,111.8,104.7,69.3,40.6,24.2,15.5,7.2
1836,37.766,0.000,1817.2,258.6,-5.9,5,17625,1.000,0.000,-0.040,-0.150,-0.013,123.7,-8.3,0,-0.16,0.000,123.7,282.4,1.000,9.6,20.4,31.3,51.3,83.7,129.1,127.1,125.2,123.7,122.1,120.4,118.5,115.6,111.5,89.5,46.7,26.1,16.3,7.3
1837,37.786,0.000,1818.6,258.8,-6.8,5,17629,1.000,0.000,-0.240,-0.152,-0.021,123.5,-8.9,0,-0.02,-0.850,123.5,282.5,1.000,9.6,20.0,30.3,48.6,76.5,128.6,126.7,124.9,123.5,122.0,120.5,118.8,116.1,112.5,101.5,50.2,27.1,16.6,7.3
1838,37.806,0.000,1820.0,259.2,-5.6,5,17614,1.000,0.000,-0.054,-0.153,-0.015,121.1,-9.5,0,-0.12,0.000,121.1,279.8,1.000,9.6,20.4,31.0,50.5,81.4,126.4,124.4,122.6,121.1,119.6,118.0,116.2,113.4,109.6,93.2,47.6,26.3,16.3,7.3
1839,37.826,0.000,1821.5,259.6,-1.8,5,17625,1.000,0.000,0.031,-0.154,-0.001,117.0,-10.4,0,-0.56,0.000,117.0,279.8,1.000,9.8,21.2,33.2,56.5,126.3,122.8,120.7,118.6,117.0,115.3,113.5,111.4,108.1,103.1,73.5,41.9,24.5,15.6,7.2
1840,37.846,0.000,1822.9,259.9,0.8,5,17658,1.000,0.000,-0.169,-0.155,0.008,114.0,-9.9,0,-0.67,-0.850,115.4,275.5,1.000,9.9,21.8,34.6,60.6,123.7,120.0,117.8,115.6,114.0,112.1,110.1,107.9,104.1,97.2,65.5,39.2,23.5,15.2,7.1
1841,37.866,0.000,1824.4,260.2,1.1,5,17676,1.000,0.000,0.031,-0.157,0.013,111.3,-9.5,0,-0.77,0.000,113.9,272.5,1.000,10.0,22.2,35.6,63.9,121.4,117.6,115.3,113.1,111.3,109.4,107.3,104.8,100.6,88.8,60.9,37.4,22.9,15.0,7.1
1842,37.886,0.000,1825.8,260.5,2.4,5,17695,1.000,0.000,-0.169,-0.159,0.021,108.3,-10.0,0,-0.92,-0.850,112.5,269.8,1.000,10.0,22.7,37.1,68.7,118.9,114.9,112.5,110.1,108.3,106.2,103.9,101.1,95.7,78.4,55.7,35.4,22.1,14.6,7.0
1843,37.906,0.000,1827.2,260.7,2.1,5,17709,1.000,0.000,0.031,-0.163,0.025,105.7,-9.6,0,-1.02,0.000,110.9,267.0,1.000,10.1,23.1,38.1,72.3,116.7,112.6,110.1,107.7,105.7,103.6,101.1,98.1,91.0,72.7,52.8,34.1,21.6,14.4,6.9
1844,37.926,0.000,1828.7,261.0,2.9,5,17727,1.000,0.000,-0.133,-0.167,0.031,102.9,-10.2,0,-1.18,-0.850,109.4,264.2,1.000,10.2,23.7,39.6,77.3,114.2,110.1,107.5,104.9,102.9,100.5,97.8,94.2,81.8,66.6,49.4,32.6,20.9,14.1,6.9
1845,37.946,0.000,1830.2,261.3,2.4,5,17758,0.000,0.000,0.067,-0.173,0.035,100.4,-9.5,0,-1.29,0.000,107.9,260.7,1.000,10.3,24.1,40.6,81.1,112.1,107.9,105.2,102.6,100.4,98.0,95.0,90.9,76.4,62.9,47.3,31.6,20.5,13.8,6.8
1846,37.966,0.000,1831.6,261.0,2.9,5,17326,0.000,0.022,0.256,-0.179,0.039,97.9,-21.3,0,-1.43,0.000,106.3,257.9,0.693,10.4,24.6,41.8,85.6,109.9,105.6,102.8,100.1,97.9,95.3,92.0,86.5,71.3,59.3,45.2,30.6,20.0,13.6,6.7
1847,37.986,0.000,1833.0,260.2,2.2,5,17266,0.000,0.000,0.216,-0.186,0.032,98.3,-20.5,0,-1.25,0.000,104.8,257.7,0.693,10.4,24.1,40.4,79.3,109.4,105.3,102.8,100.3,98.3,96.0,93.4,90.0,78.9,64.4,47.9,31.7,20.4,13.7,6.7
1848,38.006,0.000,1834.5,259.4,-0.6,5,17221,0.000,0.000,0.119,-0.191,0.015,100.6,-21.2,0,-0.86,0.000,103.3,258.6,0.693,10.3,22.9,36.9,66.6,110.3,106.6,104.4,102.3,100.6,98.8,96.9,94.7,90.9,83.3,57.5,35.6,21.8,14.3,6.8
1849,38.026,0.000,1835.9,258.7,-3.8,5,17166,0.743,0.000,0.014,-0.195,-0.005,102.7,-21.6,0,-0.55,0.000,102.7,259.5,0.743,10.1,21.7,33.7,56.5,111.1,107.9,105.9,104.1,102.7,101.2,99.6,97.9,95.2,91.5,74.8,41.4,23.8,15.1,6.9
1850,38.046,0.000,1837.4,258.4,-6.2,5,17487,0.000,0.080,-0.186,-0.197,-0.020,103.5,-12.3,0,-0.18,-0.850,103.5,254.2,0.513,10.0,20.9,31.6,50.7,80.2,108.2,106.4,104.8,103.5,102.2,100.8,99.3,97.0,94.0,86.3,47.2,25.6,15.7,7.0
1851,38.066,0.000,1838.8,257.8,-6.7,5,17086,0.000,0.168,-0.082,-0.198,-0.022,102.4,-19.1,0,-0.15,0.000,102.4,251.9,0.000,9.9,20.7,31.3,49.9,78.1,107.0,105.2,103.6,102.4,101.1,99.7,98.2,96.0,93.2,86.1,48.3,25.9,15.8,7.0
1852,38.086,0.000,1840.2,256.8,-3.9,5,16984,0.000,0.082,-0.026,-0.198,-0.013,99.5,-17.8,0,-0.45,0.000,99.5,252.6,-0.007,10.0,21.3,32.6,53.4,107.3,104.3,102.5,100.8,99.5,98.1,96.7,95.1,92.8,89.7,81.1,44.1,24.6,15.4,6.9
1853,38.106,0.000,1841.7,255.9,-1.0,5,16953,0.000,0.216,-0.226,-0.198,-0.004,96.6,-19.3,0,-0.58,-0.850,96.6,249.0,0.000,10.1,21.9,34.0,57.3,104.8,101.6,99.7,97.9,96.6,95.1,93.6,92.0,89.4,86.0,72.6,40.6,23.5,14.9,6.8
1854,38.126,0.000,1843.1,254.8,0.4,5,16829,0.000,0.360,-0.026,-0.199,0.008,93.3,-14.0,0,-0.77,0.000,94.6,245.0,0.000,10.2,22.6,35.9,63.0,101.9,98.6,96.6,94.7,93.3,91.7,90.1,88.3,85.4,81.3,62.1,37.1,22.3,14.4,6.7
1855,38.146,0.000,1844.5,253.2,3.0,5,16654,0.000,0.534,0.164,-0.200,0.022,89.2,-12.6,0,-1.06,0.000,93.1,239.9,0.000,10.4,23.7,38.7,72.3,98.6,95.0,92.9,90.8,89.2,87.5,85.6,83.5,80.0,72.7,52.1,33.3,20.9,13.8,6.6
1856,38.166,0.000,1845.9,251.3,4.5,5,16447,0.000,0.157,0.203,-0.203,0.027,86.9,-5.2,0,-1.49,0.000,91.6,245.6,0.000,10.5,24.1,39.8,102.5,96.5,92.8,90.6,88.5,86.9,85.2,83.2,81.0,77.1,67.5,49.3,32.1,20.4,13.6,6.6
1857,38.186,0.000,1847.3,249.6,3.1,5,16508,0.000,0.539,0.142,-0.205,0.018,87.2,-13.5,0,-0.99,0.000,90.2,236.3,0.000,10.4,23.4,38.0,69.6,96.1,92.7,90.7,88.7,87.2,85.6,83.9,82.0,78.9,74.1,54.3,34.1,21.2,13.9,6.6
1858,38.206,0.000,1848.7,247.9,0.0,5,16238,0.000,0.402,0.052,-0.206,0.002,88.6,-6.3,0,-0.69,0.000,88.8,237.4,0.000,10.2,22.3,35.1,60.2,96.6,93.4,91.6,89.9,88.6,87.2,85.7,84.1,81.7,78.4,66.8,38.6,22.7,14.6,6.7
1859,38.226,0.000,1850.0,245.9,-2.9,5,16150,0.000,0.320,-0.027,-0.206,-0.014,89.4,-9.4,0,-0.48,0.000,89.4,237.0,0.000,10.1,21.4,32.7,53.5,96.7,93.8,92.1,90.6,89.4,88.1,86.8,85.4,83.3,80.7,74.2,43.9,24.5,15.2,6.8
1860,38.246,0.000,1851.4,244.2,-4.3,5,16065,0.000,0.317,-0.071,-0.206,-0.022,89.1,-12.8,0,-0.38,0.000,89.1,235.4,0.000,10.0,20.9,31.5,50.3,96.1,93.4,91.7,90.2,89.1,87.9,86.7,85.4,83.5,81.0,75.5,47.7,25.6,15.6,6.9
1861,38.266,0.000,1852.7,242.7,-4.2,5,15963,0.000,0.420,-0.074,-0.204,-0.022,87.8,-13.3,0,-0.38,0.000,87.8,231.8,0.000,10.0,20.8,31.4,50.1,94.7,92.0,90.4,88.9,87.8,86.6,85.4,84.1,82.2,79.9,74.5,48.0,25.7,15.7,6.9
1862,38.286,0.000,1854.1,241.0,-2.7,5,15818,0.000,0.506,-0.047,-0.203,-0.017,85.7,-10.5,0,-0.44,0.000,85.7,228.5,0.000,10.0,21.1,32.1,51.9,92.7,89.9,88.3,86.8,85.7,84.5,83.3,82.0,80.1,77.7,72.1,45.6,25.0,15.5,6.9
1863,38.306,0.000,1855.4,239.1,-1.0,5,15659,0.000,0.562,-0.009,-0.202,-0.010,83.4,-7.4,0,-0.54,0.000,83.4,225.4,0.000,10.1,21.5,33.1,54.7,90.5,87.7,86.1,84.5,83.4,82.2,80.9,79.6,77.6,75.1,69.2,42.8,24.2,15.2,6.8
1864,38.326,0.000,1856.7,237.0,0.4,5,15494,0.000,0.599,0.021,-0.200,-0.004,81.3,-4.4,0,-0.62,0.000,81.3,222.6,0.000,10.1,21.8,33.9,57.1,88.5,85.6,84.0,82.4,81.3,80.0,78.8,77.4,75.4,72.8,66.6,40.8,23.6,14.9,6.8
1865,38.346,0.000,1858.0,234.8,1.1,5,15328,0.000,0.610,0.035,-0.199,-0.002,79.6,-1.7,0,-0.66,0.000,79.6,220.2,0.000,10.2,22.0,34.3,58.2,86.8,84.0,82.3,80.7,79.6,78.4,77.1,75.8,73.7,71.2,64.9,40.0,23.3,14.8,6.8
1866,38.366,0.000,1859.3,232.5,1.1,5,15162,0.000,0.616,0.033,-0.197,-0.002,78.3,-0.2,0,-0.66,0.000,78.3,217.9,0.000,10.1,21.9,34.2,58.0,85.5,82.6,81.0,79.5,78.3,77.1,75.9,74.6,72.6,70.1,64.2,40.2,23.4,14.9,6.8
1867,38.386,0.000,1860.6,230.2,0.6,5,15002,0.000,0.617,0.022,-0.196,-0.004,77.3,0.6,0,-0.64,0.000,77.3,215.6,0.000,10.1,21.8,33.8,56.9,84.3,81.5,79.9,78.4,77.3,76.2,74.9,73.7,71.8,69.4,63.9,41.0,23.7,15.0,6.9
1868,38.406,0.000,1861.9,227.9,0.1,5,14847,0.000,0.592,0.008,-0.194,-0.007,76.4,1.1,0,-0.60,0.000,76.4,213.8,0.000,10.1,21.6,33.4,55.7,83.2,80.5,78.9,77.5,76.4,75.2,74.1,72.8,71.0,68.7,63.6,42.0,24.0,15.1,6.9
1869,38.426,0.000,1863.2,225.6,-0.3,5,14706,0.000,0.560,-0.004,-0.193,-0.009,75.4,0.2,0,-0.57,0.000,75.4,212.1,0.000,10.0,21.4,33.0,54.7,82.1,79.4,77.8,76.4,75.4,74.3,73.1,71.9,70.2,68.0,63.1,42.9,24.3,15.3,6.9
1870,38.446,0.000,1864.4,223.4,-0.4,5,14574,0.000,0.548,-0.009,-0.191,-0.010,74.2,-1.1,0,-0.56,0.000,74.2,210.2,0.000,10.0,21.3,32.8,54.3,80.8,78.2,76.6,75.3,74.2,73.1,72.0,70.9,69.1,67.0,62.4,43.4,24.5,15.4,6.9
1871,38.466,0.000,1865.6,221.2,-0.4,5,14439,0.000,0.149,0.004,-0.189,-0.010,73.0,-1.9,0,-0.96,0.000,73.0,216.0,-0.007,10.0,21.3,32.8,84.1,79.5,76.9,75.4,74.0,73.0,71.9,70.8,69.7,68.0,65.9,61.4,43.5,24.6,15.4,6.9
1872,38.486,0.000,1866.9,219.7,-0.2,5,14515,0.000,0.185,0.005,-0.188,-0.010,71.7,-13.9,0,-0.95,0.000,71.7,213.8,0.000,10.0,21.3,32.8,82.7,78.1,75.5,74.1,72.7,71.7,70.7,69.6,68.5,66.8,64.8,60.4,43.5,24.6,15.4,7.0
1873,38.506,0.000,1868.1,218.6,-0.1,5,14437,0.000,0.230,0.004,-0.186,-0.010,70.5,-14.2,0,-0.95,0.000,70.5,211.9,0.000,10.0,21.2,32.7,81.4,76.8,74.3,72.8,71.5,70.5,69.5,68.4,67.3,65.7,63.7,59.5,43.7,24.7,15.5,7.0
1874,38.526,0.000,1869.3,217.5,-0.1,5,14350,0.000,0.269,0.002,-0.184,-0.010,69.3,-12.8,0,-0.94,0.000,69.3,210.0,0.000,9.9,21.2,32.6,80.1,75.5,73.0,71.6,70.3,69.3,68.3,67.2,66.2,64.6,62.7,58.6,43.9,24.8,15.5,7.0
1875,38.546,0.000,1870.5,216.3,-0.1,5,14256,0.000,0.304,0.000,-0.182,-0.011,68.1,-11.3,0,-0.93,0.000,68.1,208.1,0.000,9.9,21.1,32.5,78.7,74.3,71.8,70.3,69.0,68.1,67.1,66.1,65.0,63.5,61.6,57.6,44.1,24.8,15.6,7.0
1876,38.566,0.000,1871.7,215.0,-0.0,5,14156,0.000,0.348,-0.000,-0.180,-0.011,66.9,-9.9,0,-0.92,0.000,66.9,205.9,0.000,9.9,21.1,32.4,77.4,73.0,70.5,69.1,67.8,66.9,65.9,64.9,63.9,62.4,60.5,56.7,44.2,24.9,15.6,7.0
1877,38.586,0.000,1872.9,213.6,0.0,5,14041,0.000,0.406,-0.000,-0.178,-0.010,65.7,-8.4,0,-0.91,0.000,65.7,203.4,0.000,9.9,21.1,32.4,76.1,71.7,69.2,67.8,66.6,65.7,64.7,63.7,62.7,61.2,59.4,55.7,44.3,25.0,15.6,7.1
1878,38.606,0.000,1874.1,212.1,0.1,5,13907,0.000,0.473,-0.000,-0.176,-0.010,64.4,-6.6,0,-0.91,0.000,64.4,200.5,0.000,9.9,21.0,32.4,74.7,70.4,68.0,66.6,65.4,64.4,63.5,62.5,61.5,60.1,58.4,54.7,44.2,25.0,15.7,7.1
1879,38.626,0.000,1875.2,210.4,0.1,5,13756,0.000,0.527,0.000,-0.173,-0.010,63.2,-4.4,0,-0.90,0.000,63.2,197.7,0.000,9.9,21.0,32.3,73.4,69.1,66.7,65.3,64.1,63.2,62.3,61.4,60.4,59.0,57.3,53.8,44.0,25.1,15.7,7.1
1880,38.646,0.000,1876.4,208.5,0.2,5,13600,0.000,0.550,0.001,-0.171,-0.010,62.0,-2.2,0,-0.90,0.000,62.0,195.4,0.000,9.8,21.0,32.3,72.1,67.8,65.4,64.1,62.9,62.0,61.1,60.2,59.3,57.9,56.2,52.8,43.7,25.1,15.7,7.1
1881,38.666,0.000,1877.6,206.5,0.2,5,13452,0.000,0.554,0.002,-0.169,-0.010,60.9,-0.9,0,-0.90,0.000,60.9,193.3,0.000,9.8,21.0,32.3,70.8,66.5,64.2,62.9,61.7,60.9,60.0,59.1,58.1,56.8,55.1,51.8,43.2,25.1,15.8,7.1
1882,38.686,0.000,1878.7,204.5,0.2,4,14898,0.000,0.553,0.002,-0.167,-0.010,59.7,1.5,0,-0.90,0.000,59.7,191.4,0.000,9.8,20.9,32.2,69.5,65.3,63.0,61.7,60.5,59.7,58.8,57.9,57.0,55.7,54.1,50.9,42.8,25.2,15.8,7.1
1883,38.706,0.000,1879.8,202.6,0.2,4,14840,0.000,0.555,0.001,-0.165,-0.010,58.6,2.2,0,-0.90,0.000,58.6,189.5,0.000,9.8,20.9,32.1,68.2,64.1,61.8,60.5,59.4,58.6,57.7,56.8,55.9,54.6,53.1,50.0,42.3,25.3,15.8,7.2
1884,38.726,0.000,1881.0,200.7,0.2,4,14530,0.000,0.557,-0.000,-0.163,-0.010,57.4,0.9,0,-0.90,0.000,57.4,187.5,0.000,9.8,20.8,32.1,67.0,62.9,60.6,59.4,58.3,57.4,56.6,55.7,54.9,53.6,52.1,49.1,41.8,25.3,15.9,7.2
1885,38.746,0.000,1882.1,198.6,0.2,4,14346,0.000,0.567,-0.001,-0.161,-0.010,56.3,0.5,0,-0.90,0.000,56.3,185.3,0.000,9.8,20.8,32.0,65.7,61.7,59.5,58.2,57.1,56.3,55.5,54.7,53.8,52.6,51.1,48.2,41.2,25.4,15.9,7.2
1886,38.766,0.000,1883.2,196.5,0.2,4,14180,0.000,0.588,-0.000,-0.159,-0.010,55.2,1.2,0,-0.90,0.000,55.2,182.8,0.000,9.7,20.8,32.0,64.5,60.5,58.3,57.1,56.0,55.2,54.4,53.6,52.7,51.5,50.1,47.3,40.6,25.5,16.0,7.2
1887,38.786,0.000,1884.2,194.4,0.2,4,14007,0.000,0.615,0.000,-0.157,-0.010,54.1,2.8,0,-0.90,0.000,54.1,180.2,0.000,9.7,20.7,31.9,63.3,59.3,57.1,55.9,54.9,54.1,53.3,52.5,51.7,50.5,49.1,46.3,40.0,25.5,16.0,7.2
1888,38.806,0.000,1885.3,192.3,0.2,4,13827,0.000,0.643,0.001,-0.155,-0.010,53.0,5.3,0,-0.91,0.000,53.0,177.5,0.000,9.7,20.7,31.9,62.0,58.1,56.0,54.8,53.7,53.0,52.2,51.4,50.6,49.5,48.1,45.4,39.3,25.5,16.0,7.2
1889,38.826,0.000,1886.4,190.1,0.3,4,13639,0.000,0.669,0.002,-0.153,-0.009,51.9,8.6,0,-0.91,0.000,51.9,174.8,0.000,9.7,20.7,31.9,60.8,56.9,54.8,53.7,52.6,51.9,51.1,50.4,49.6,48.4,47.1,44.5,38.7,25.6,16.0,7.3
1890,38.846,0.000,1887.4,187.9,0.3,4,13448,0.000,0.690,0.003,-0.152,-0.009,50.8,12.6,0,-0.92,0.000,50.8,172.2,0.000,9.7,20.7,32.0,59.6,55.7,53.7,52.6,51.6,50.8,50.1,49.3,48.6,47.5,46.2,43.6,38.0,25.6,16.1,7.3
1891,38.866,0.000,1888.5,185.6,0.3,4,13255,0.000,0.707,0.003,-0.150,-0.009,49.8,17.1,0,-0.93,0.000,49.8,169.6,0.000,9.7,20.6,32.5,58.4,54.6,52.6,51.5,50.5,49.8,49.0,48.3,47.5,46.5,45.2,42.8,37.4,25.7,16.1,7.3
1892,38.886,0.000,1889.5,183.3,0.3,4,13064,0.000,0.356,0.035,-0.148,-0.009,48.7,22.3,0,-1.85,0.000,48.7,167.2,0.000,9.7,20.6,63.1,57.3,53.5,51.5,50.4,49.4,48.7,48.0,47.3,46.6,45.5,44.3,41.9,36.7,25.7,16.1,7.3
1893,38.906,0.000,1890.5,181.2,0.3,4,13155,0.000,0.720,0.032,-0.146,-0.010,47.8,10.8,0,-1.84,0.000,47.8,165.0,0.000,9.6,20.5,61.9,56.1,52.4,50.5,49.4,48.4,47.8,47.1,46.3,45.6,44.6,43.4,41.1,36.1,25.8,16.2,7.3
1894,38.926,0.000,1891.5,179.1,0.2,4,12784,0.000,0.718,0.025,-0.144,-0.011,46.8,15.1,0,-1.82,0.000,46.8,163.0,0.000,9.6,20.4,60.8,55.1,51.4,49.5,48.5,47.5,46.8,46.2,45.5,44.8,43.8,42.6,40.4,35.6,26.1,16.3,7.3
1895,38.946,0.000,1892.5,176.9,0.0,4,12581,0.000,0.358,0.016,-0.142,-0.013,46.0,22.4,0,-1.79,0.000,46.0,160.9,0.000,9.6,20.3,59.7,54.1,50.5,48.6,47.5,46.6,46.0,45.3,44.6,43.9,43.0,41.8,39.7,35.1,26.3,16.4,7.4
1896,38.966,0.000,1893.5,174.9,-0.1,4,12682,0.000,0.726,0.008,-0.140,-0.014,45.1,12.5,0,-1.78,0.000,45.1,158.6,0.000,9.5,20.2,58.6,53.1,49.5,47.6,46.6,45.7,45.1,44.4,43.8,43.1,42.2,41.1,39.0,34.6,26.3,16.5,7.4
1897,38.986,0.000,1894.4,172.9,-0.2,4,12307,0.000,0.728,0.003,-0.138,-0.015,44.2,17.7,0,-1.76,0.000,44.2,156.6,0.000,9.5,20.1,57.5,52.0,48.5,46.7,45.7,44.8,44.2,43.5,42.9,42.2,41.3,40.3,38.2,34.0,26.3,16.6,7.4
1898,39.006,0.000,1895.4,170.7,-0.2,4,12095,0.000,0.364,-0.001,-0.135,-0.016,43.3,25.8,0,-1.75,0.000,43.3,154.4,0.000,9.5,20.0,56.4,51.0,47.5,45.7,44.7,43.9,43.3,42.6,42.0,41.4,40.5,39.4,37.5,33.4,26.1,16.7,7.5
1899,39.026,0.000,1896.3,168.7,-0.2,3,14876,0.000,0.738,-0.003,-0.133,-0.016,42.3,18.6,0,-1.75,0.000,42.3,152.2,0.000,9.5,19.9,55.3,49.9,46.5,44.7,43.8,42.9,42.3,41.7,41.1,40.5,39.6,38.6,36.7,32.7,25.8,16.8,7.5
1900,39.046,0.000,1897.2,166.8,-0.1,3,14818,0.000,0.366,-0.003,-0.131,-0.016,41.4,25.8,0,-1.75,0.000,41.4,150.5,0.000,9.4,19.9,54.2,48.8,45.5,43.7,42.8,42.0,41.4,40.8,40.2,39.6,38.7,37.7,35.9,32.1,25.5,16.8,7.5
1901,39.066,0.000,1898.2,164.9,-0.1,3,14682,0.000,0.737,-0.003,-0.128,-0.016,40.4,14.9,0,-1.74,0.000,40.4,148.5,0.000,9.4,19.9,53.0,47.8,44.4,42.7,41.8,41.0,40.4,39.8,39.3,38.7,37.8,36.9,35.1,31.4,25.2,16.9,7.5
1902,39.086,0.000,1899.1,162.9,0.0,3,14149,0.000,0.371,-0.002,-0.126,-0.016,39.5,20.6,0,-1.74,0.000,39.5,146.5,0.000,9.4,19.9,51.9,46.7,43.4,41.8,40.9,40.1,39.5,38.9,38.3,37.8,37.0,36.0,34.3,30.7,24.8,16.9,7.5
1903,39.106,0.000,1900.0,160.9,0.1,3,14224,0.000,0.756,-0.000,-0.123,-0.015,38.6,12.6,0,-1.75,0.000,38.6,144.2,0.000,9.4,19.9,50.8,45.6,42.4,40.8,39.9,39.1,38.6,38.0,37.4,36.9,36.1,35.2,33.5,30.1,24.4,16.9,7.6
1904,39.126,0.000,1900.9,158.9,0.2,3,13727,0.000,0.383,0.002,-0.121,-0.015,37.6,20.7,0,-1.76,0.000,37.6,142.0,0.000,9.4,20.1,49.7,44.6,41.4,39.8,38.9,38.2,37.6,37.1,36.5,36.0,35.2,34.3,32.7,29.4,24.0,16.9,7.6
1905,39.146,0.000,1901.8,156.9,0.2,3,13823,0.000,0.767,0.003,-0.119,-0.015,36.7,13.5,0,-1.77,0.000,36.7,140.0,0.000,9.4,20.6,48.6,43.6,40.4,38.8,38.0,37.3,36.7,36.2,35.7,35.1,34.4,33.5,31.9,28.7,23.5,17.0,7.6
1906,39.166,0.000,1902.6,154.9,0.3,3,13331,0.000,0.382,0.005,-0.116,-0.015,35.8,22.0,0,-1.81,0.000,35.8,138.0,0.000,9.3,21.3,47.5,42.5,39.5,37.9,37.1,36.4,35.8,35.3,34.8,34.3,33.5,32.7,31.2,28.1,23.1,16.9,7.6
1907,39.186,0.000,1903.5,152.8,0.3,3,13446,0.000,0.763,0.009,-0.114,-0.014,35.0,15.1,0,-1.90,0.000,35.0,136.1,0.000,9.3,23.4,46.5,41.5,38.5,37.0,36.2,35.5,35.0,34.5,33.9,33.4,32.7,31.9,30.4,27.4,22.7,16.8,7.6
1908,39.206,0.000,1904.3,150.8,0.3,3,12980,0.000,0.374,0.209,-0.112,-0.014,34.1,24.0,0,-3.81,0.810,34.1,134.4,0.000,9.3,53.3,45.5,40.6,37.6,36.1,35.3,34.6,34.1,33.6,33.1,32.6,31.9,31.2,29.7,26.8,22.3,16.7,7.6
1909,39.226,0.000,1905.1,148.9,0.5,3,13108,0.000,0.368,0.409,-0.109,-0.016,33.3,19.0,0,-3.80,0.810,33.3,132.7,0.000,9.3,52.2,44.5,39.7,36.8,35.3,34.5,33.8,33.3,32.9,32.4,31.9,31.2,30.5,29.0,26.3,21.9,16.6,7.7
1910,39.246,0.000,1906.0,147.2,0.4,3,13032,0.000,0.725,0.506,-0.106,-0.021,32.8,17.2,0,-3.78,0.662,32.8,131.3,0.000,9.2,51.5,43.8,39.0,36.2,34.7,34.0,33.3,32.8,32.4,31.9,31.4,30.8,30.0,28.6,25.9,21.7,16.7,7.8
1911,39.266,0.000,1906.8,145.6,-0.2,3,12561,0.000,0.351,0.393,-0.103,-0.032,32.6,35.0,0,-3.74,0.531,32.6,130.1,0.000,9.1,51.1,43.3,38.7,35.8,34.4,33.7,33.0,32.6,32.1,31.6,31.2,30.5,29.8,28.5,25.8,21.8,16.9,7.9
1912,39.286,0.000,1907.6,143.8,-1.2,3,12663,0.000,0.342,0.432,-0.098,-0.044,32.4,34.4,0,-3.71,0.683,32.4,128.7,0.000,8.9,50.9,43.0,38.4,35.6,34.2,33.5,32.8,32.4,31.9,31.5,31.0,30.4,29.7,28.4,25.8,21.8,17.1,8.0
1913,39.306,0.000,1908.4,142.3,-2.1,3,12559,0.000,0.340,0.358,-0.093,-0.057,32.2,31.1,0,-3.68,0.631,32.2,127.3,0.000,8.8,50.8,42.7,38.1,35.4,34.0,33.3,32.7,32.2,31.8,31.3,30.9,30.3,29.6,28.3,25.8,21.9,17.3,8.2
1914,39.326,0.000,1909.2,140.8,-2.9,3,12411,0.000,0.333,0.367,-0.088,-0.070,32.1,26.4,0,-3.65,0.731,32.1,126.1,0.000,8.6,50.7,42.4,37.9,35.2,33.8,33.1,32.5,32.1,31.6,31.2,30.8,30.2,29.5,28.2,25.8,22.0,17.4,8.3
1915,39.346,0.000,1909.9,139.3,-3.6,3,12262,0.000,0.323,0.319,-0.081,-0.083,31.9,22.5,0,-3.63,0.719,31.9,125.0,0.000,8.5,50.6,42.1,37.6,35.0,33.6,32.9,32.3,31.9,31.5,31.0,30.6,30.0,29.3,28.1,25.7,22.0,17.5,8.5
1916,39.366,0.000,1910.7,137.8,-4.3,3,12122,0.000,0.309,0.311,-0.073,-0.096,31.7,18.3,0,-3.62,0.784,31.7,124.2,0.000,8.3,50.6,41.9,37.4,34.7,33.4,32.7,32.2,31.7,31.3,30.9,30.5,29.9,29.2,28.0,25.6,22.0,17.6,8.7
1917,39.386,0.000,1911.5,136.4,-4.8,3,11998,0.000,0.288,0.276,-0.064,-0.109,31.5,14.7,0,-3.61,0.795,31.5,123.7,0.000,8.2,50.6,41.6,37.1,34.5,33.2,32.6,32.0,31.5,31.1,30.7,30.3,29.7,29.1,27.9,25.6,22.0,17.7,8.9
1918,39.406,0.000,1912.2,135.0,-5.3,3,11889,0.000,0.524,0.242,-0.055,-0.122,31.4,10.6,0,-3.60,0.810,31.4,123.4,0.000,8.0,50.6,41.4,36.8,34.3,33.0,32.4,31.8,31.4,30.9,30.5,30.1,29.6,28.9,27.7,25.5,22.0,17.8,9.1
1919,39.426,0.000,1913.0,133.6,-5.8,2,14847,0.000,0.240,0.202,-0.044,-0.135,31.2,19.3,0,-3.61,0.810,31.2,122.9,0.000,7.9,50.6,41.2,36.6,34.0,32.8,32.1,31.6,31.2,30.8,30.3,29.9,29.4,28.8,27.6,25.4,21.9,17.8,9.3
1920,39.446,0.000,1913.7,132.2,-6.2,2,14789,0.000,0.449,0.166,-0.032,-0.147,30.9,13.9,0,-3.61,0.810,30.9,122.2,0.000,7.7,50.5,40.9,36.2,33.7,32.5,31.9,31.3,30.9,30.5,30.1,29.7,29.2,28.5,27.4,25.2,21.8,17.8,9.4
1921,39.466,0.000,1914.4,130.9,-6.3,2,14308,0.000,0.212,0.135,-0.020,-0.157,30.6,12.9,0,-3.63,0.810,30.6,121.4,0.000,7.6,50.4,40.5,35.9,33.4,32.2,31.5,31.0,30.6,30.2,29.8,29.4,28.9,28.3,27.1,25.0,21.7,17.7,9.5
1922,39.486,0.000,1915.1,129.5,-6.4,2,14209,0.000,0.399,0.108,-0.006,-0.167,30.2,2.0,0,-3.64,0.810,30.2,120.5,0.000,7.5,50.1,40.2,35.4,33.0,31.8,31.2,30.6,30.2,29.8,29.4,29.1,28.5,27.9,26.8,24.7,21.5,17.6,9.6
1923,39.506,0.000,1915.8,128.0,-6.5,2,13819,0.000,0.374,0.081,0.008,-0.176,29.9,1.1,0,-3.66,0.810,29.9,119.6,0.000,7.4,49.9,39.8,35.0,32.6,31.4,30.8,30.2,29.9,29.5,29.1,28.7,28.2,27.6,26.5,24.4,21.3,17.5,9.6
1924,39.526,0.000,1916.5,126.5,-6.6,2,13592,0.000,0.344,0.037,0.023,-0.185,29.5,-0.4,0,-3.68,0.810,29.5,118.8,0.000,7.4,49.6,39.4,34.6,32.2,31.0,30.4,29.9,29.5,29.1,28.7,28.4,27.8,27.3,26.2,24.2,21.1,17.4,9.7
1925,39.546,0.000,1917.2,125.0,-6.6,2,13431,0.000,0.288,-0.012,0.039,-0.193,29.1,-4.6,0,-3.71,0.810,29.1,118.4,0.000,7.3,49.3,38.9,34.1,31.7,30.6,30.0,29.5,29.1,28.7,28.3,28.0,27.5,26.9,25.9,23.9,20.8,17.2,9.7
1926,39.566,0.000,1917.9,123.5,-6.6,2,13350,0.000,0.221,0.037,0.055,-0.181,28.7,-10.8,0,-3.74,0.810,28.7,118.3,0.000,7.3,49.0,38.5,33.6,31.3,30.1,29.5,29.0,28.7,28.3,27.9,27.6,27.1,26.5,25.5,23.5,20.6,17.1,9.7
1927,39.586,0.000,1918.6,122.3,-6.3,2,13335,0.000,0.164,0.088,0.068,-0.169,28.3,-12.8,0,-3.77,0.810,28.3,118.2,0.000,7.2,48.7,38.0,33.2,30.8,29.7,29.1,28.6,28.3,27.9,27.5,27.2,26.7,26.1,25.1,23.2,20.3,16.9,9.7
1928,39.606,0.000,1919.3,121.3,-6.1,2,13344,0.000,0.121,0.130,0.081,-0.159,27.9,-12.5,0,-3.82,0.810,27.9,118.1,-0.007,7.2,48.6,37.8,32.8,30.5,29.4,28.8,28.3,27.9,27.6,27.2,26.9,26.4,25.9,24.9,23.0,20.1,16.8,9.7
1929,39.626,0.000,1920.0,120.4,-6.0,2,13364,0.000,0.060,0.164,0.093,-0.151,27.7,-11.6,0,-3.88,0.810,27.7,118.5,-0.012,7.2,48.9,37.6,32.6,30.2,29.1,28.6,28.1,27.7,27.4,27.0,26.7,26.2,25.6,24.7,22.8,20.0,16.7,9.7
1930,39.646,0.000,1920.7,119.7,-6.0,2,13397,0.000,0.001,0.192,0.104,-0.144,27.5,-11.6,0,-3.95,0.810,27.5,118.9,-0.015,7.1,49.3,37.6,32.4,30.0,28.9,28.4,27.9,27.5,27.2,26.8,26.5,26.0,25.5,24.5,22.7,19.9,16.6,9.8
1931,39.666,0.000,1921.3,119.1,-5.9,2,13424,0.000,0.000,0.218,0.114,-0.138,27.4,-12.4,0,-4.04,0.810,27.4,118.6,0.000,7.1,49.9,37.6,32.3,29.8,28.8,28.2,27.7,27.4,27.0,26.7,26.3,25.9,25.3,24.4,22.5,19.8,16.6,9.8
1932,39.686,0.000,1922.0,118.6,-5.9,2,13390,0.000,0.000,0.247,0.123,-0.132,27.2,-12.4,0,-4.15,0.810,27.2,118.4,0.000,7.1,50.5,37.7,32.2,29.7,28.6,28.0,27.5,27.2,26.8,26.5,26.2,25.7,25.2,24.2,22.4,19.7,16.5,9.8
1933,39.706,0.000,1922.7,118.1,-5.7,2,13345,0.000,0.000,0.279,0.132,-0.125,27.0,-12.2,0,-4.25,0.810,27.0,118.0,0.000,7.0,51.1,37.7,32.0,29.4,28.3,27.8,27.3,27.0,26.6,26.3,26.0,25.5,25.0,24.0,22.3,19.6,16.4,9.8
1934,39.726,0.000,1923.3,117.7,-5.5,2,13295,0.048,0.000,0.313,0.140,-0.117,26.7,-12.0,0,-4.37,0.810,26.7,117.7,0.050,7.0,51.7,37.7,31.9,29.2,28.1,27.6,27.1,26.7,26.4,26.1,25.8,25.3,24.8,23.9,22.1,19.4,16.3,9.8
1935,39.746,0.000,1924.0,117.3,-5.3,2,13318,0.099,0.000,0.339,0.147,-0.110,26.5,-10.6,0,-4.50,0.792,26.5,117.4,0.100,7.0,52.4,37.8,31.7,29.1,27.9,27.3,26.9,26.5,26.2,25.9,25.5,25.1,24.6,23.7,21.9,19.3,16.3,9.8
1936,39.766,0.000,1924.7,116.9,-5.3,2,13355,0.000,0.000,0.352,0.153,-0.104,26.4,-9.1,0,-4.67,0.757,26.4,116.3,0.100,7.0,53.4,38.0,31.7,28.9,27.8,27.2,26.7,26.4,26.0,25.7,25.4,24.9,24.4,23.5,21.8,19.2,16.2,9.8
1937,39.786,0.000,1925.3,116.5,-5.4,2,13161,0.000,0.000,0.368,0.159,-0.100,26.2,-11.2,0,-4.87,0.740,26.2,116.3,0.100,7.0,54.9,38.3,31.8,28.9,27.7,27.1,26.6,26.2,25.9,25.6,25.3,24.8,24.3,23.4,21.7,19.1,16.1,9.8
1938,39.806,0.000,1926.0,116.0,-5.6,2,13084,0.149,0.000,0.379,0.165,-0.096,26.2,-11.5,0,-5.11,0.717,26.2,117.0,0.150,7.0,56.8,38.9,31.9,28.9,27.7,27.1,26.5,26.2,25.8,25.5,25.2,24.7,24.2,23.3,21.6,19.1,16.1,9.8
1939,39.826,0.000,1926.7,115.6,-5.8,2,13281,0.199,0.000,0.391,0.170,-0.094,26.2,-7.7,0,-5.41,0.703,26.2,117.9,0.200,6.9,59.2,39.6,32.2,29.1,27.7,27.1,26.6,26.2,25.8,25.5,25.1,24.7,24.2,23.3,21.6,19.1,16.1,9.9
1940,39.846,0.000,1927.3,115.3,-6.1,2,13372,0.250,0.000,0.403,0.174,-0.092,26.2,-5.5,0,-5.76,0.686,26.2,118.9,0.250,6.9,62.2,40.4,32.5,29.2,27.9,27.2,26.6,26.2,25.9,25.5,25.1,24.7,24.2,23.3,21.6,19.0,16.1,9.9
1941,39.866,0.000,1928.0,115.1,-6.3,2,13455,0.300,0.000,0.417,0.178,-0.089,26.3,-3.5,0,-6.15,0.670,26.3,120.1,0.300,6.9,65.6,41.3,32.9,29.4,28.0,27.3,26.7,26.3,25.9,25.5,25.2,24.7,24.1,23.2,21.5,19.0,16.1,9.9
1942,39.886,0.000,1928.7,115.0,-6.5,2,13544,0.350,0.000,0.434,0.181,-0.087,26.4,-1.6,0,-6.61,0.650,26.4,120.4,0.350,6.9,69.7,42.4,33.4,29.7,28.2,27.4,26.8,26.4,26.0,25.6,25.2,24.7,24.1,23.2,21.5,19.0,16.1,9.9
1943,39.906,0.000,1929.3,114.9,-6.6,2,13645,0.400,0.000,0.453,0.184,-0.084,26.5,0.4,0,-7.13,0.628,26.5,121.4,0.400,6.9,74.5,43.6,33.8,29.9,28.3,27.6,26.9,26.5,26.0,25.6,25.2,24.7,24.1,23.1,21.4,18.9,16.0,9.9
1944,39.926,0.000,1930.0,115.0,-6.8,2,13776,0.450,0.000,0.472,0.186,-0.081,26.6,2.8,0,-7.73,0.602,26.6,122.6,0.450,6.9,80.4,44.9,34.4,30.2,28.5,27.7,27.0,26.6,26.1,25.7,25.3,24.8,24.2,23.1,21.3,18.9,16.0,9.9
1945,39.946,0.000,1930.7,115.0,-7.0,2,13912,0.500,0.000,0.489,0.188,-0.077,26.7,5.2,0,-8.43,0.577,26.7,123.8,0.500,6.9,87.7,46.4,35.0,30.6,28.8,27.9,27.2,26.7,26.3,25.8,25.4,24.8,24.2,23.1,21.3,18.8,15.9,9.9
1946,39.966,0.000,1931.3,115.2,-7.1,2,14063,0.550,0.000,0.501,0.190,-0.074,26.9,7.6,0,-9.05,0.553,26.9,125.3,0.550,6.9,94.6,48.2,35.7,31.0,29.1,28.2,27.4,26.9,26.4,26.0,25.5,24.9,24.3,23.1,21.2,18.7,15.9,9.8
1947,39.986,0.000,1932.0,115.4,-7.3,2,14230,0.600,0.000,0.509,0.191,-0.070,27.1,10.2,0,-9.50,0.537,27.1,126.9,0.600,6.9,100.1,50.2,36.4,31.4,29.4,28.4,27.6,27.1,26.6,26.1,25.6,25.0,24.3,23.2,21.2,18.6,15.8,9.8
1948,40.006,0.000,1932.6,115.7,-7.5,2,14415,0.650,0.000,0.516,0.191,-0.067,27.3,13.0,0,-9.85,0.526,27.3,128.7,0.650,7.0,104.8,52.5,37.3,31.9,29.8,28.7,27.9,27.3,26.8,26.3,25.8,25.1,24.4,23.2,21.2,18.5,15.7,9.8
1949,40.026,0.000,1933.3,116.0,-7.7,2,14621,0.700,0.000,0.521,0.191,-0.063,27.6,15.9,0,-10.14,0.517,27.6,130.7,0.700,7.0,109.1,55.3,38.3,32.5,30.2,29.1,28.2,27.6,27.1,26.5,26.0,25.3,24.6,23.3,21.2,18.5,15.7,9.8
1950,40.046,0.000,1934.0,116.5,-7.9,2,14860,0.750,0.000,0.526,0.190,-0.059,28.0,19.1,0,-10.39,0.509,28.0,133.2,0.750,7.0,113.2,58.7,39.5,33.2,30.7,29.6,28.6,28.0,27.4,26.8,26.3,25.5,24.7,23.4,21.2,18.4,15.6,9.7
1951,40.066,0.000,1934.7,116.9,-8.3,2,15136,0.800,0.000,0.530,0.189,-0.056,28.4,22.8,0,-10.64,0.503,28.4,136.1,0.800,7.1,117.9,63.0,41.0,34.0,31.3,30.1,29.1,28.4,27.8,27.2,26.6,25.8,25.0,23.6,21.2,18.3,15.5,9.7
1952,40.086,0.000,1935.3,117.4,-8.7,2,15448,0.632,0.000,0.534,0.187,-0.053,29.0,27.0,0,-10.89,0.497,29.0,139.7,0.850,7.1,123.3,68.6,42.8,35.0,32.1,30.8,29.7,29.0,28.3,27.6,27.0,26.2,25.3,23.8,21.3,18.3,15.4,9.7
1953,40.106,0.000,1936.0,118.0,-9.1,2,15229,0.725,0.000,0.537,0.184,-0.050,29.6,23.3,0,-11.16,0.492,29.6,144.1,0.900,7.2,129.7,76.0,45.0,36.2,33.1,31.6,30.4,29.6,28.9,28.2,27.5,26.6,25.7,24.1,21.5,18.3,15.3,9.6
1954,40.126,0.000,1936.7,118.4,-9.6,2,15388,0.810,0.000,0.543,0.181,-0.048,30.4,24.8,0,-11.42,0.487,30.4,149.4,0.950,7.2,137.0,85.4,47.6,37.7,34.2,32.5,31.3,30.4,29.6,28.8,28.1,27.1,26.1,24.4,21.7,18.4,15.3,9.6
1955,40.146,0.000,1937.4,118.9,-10.0,2,15763,0.498,0.000,0.544,0.177,-0.045,31.3,29.7,0,-11.64,0.480,31.3,156.0,1.000,7.3,145.2,93.0,51.0,39.5,35.5,33.7,32.3,31.3,30.5,29.6,28.8,27.8,26.7,24.9,21.9,18.4,15.2,9.5
1956,40.166,0.000,1938.0,119.3,-10.5,2,15215,0.598,0.000,0.377,0.172,-0.044,32.6,21.2,0,-7.04,0.478,32.6,164.8,1.000,7.3,63.4,99.4,55.5,41.8,37.3,35.2,33.6,32.6,31.6,30.6,29.8,28.6,27.4,25.5,22.3,18.6,15.2,9.5
1957,40.186,0.000,1938.7,119.5,-11.0,2,15219,0.679,0.000,0.412,0.167,-0.043,34.0,19.3,0,-6.40,0.549,34.0,176.3,1.000,7.4,49.7,104.9,61.4,44.7,39.4,37.0,35.2,34.0,32.9,31.9,30.9,29.6,28.3,26.1,22.7,18.7,15.2,9.4
1958,40.206,0.000,1939.4,119.8,-11.5,2,15466,0.743,0.000,0.225,0.161,-0.041,35.7,21.9,0,-6.12,0.175,35.7,191.3,1.000,7.5,41.8,110.1,69.1,48.2,41.9,39.2,37.1,35.7,34.5,33.3,32.2,30.8,29.3,26.9,23.2,18.9,15.2,9.4
1959,40.226,0.000,1940.1,120.2,-12.0,2,15771,0.794,0.000,0.226,0.154,-0.039,37.8,24.7,0,-5.98,0.162,37.8,212.4,1.000,7.6,36.6,116.0,79.6,52.6,45.0,41.8,39.4,37.8,36.3,35.0,33.7,32.1,30.5,27.8,23.8,19.2,15.3,9.3
1960,40.246,0.000,1940.8,120.7,-12.5,2,16074,0.835,0.000,0.238,0.147,-0.037,40.2,27.8,0,-5.91,0.162,40.2,228.6,1.000,7.7,32.9,122.7,88.6,58.2,48.8,45.0,42.1,40.2,38.5,37.0,35.5,33.7,31.9,28.9,24.4,19.5,15.3,9.3
1961,40.266,0.000,1941.5,121.2,-13.1,2,16426,0.565,0.000,0.252,0.139,-0.035,43.2,32.1,0,-5.84,0.162,43.2,238.8,1.000,7.8,30.2,130.4,95.1,65.6,53.6,48.9,45.4,43.2,41.2,39.4,37.7,35.6,33.5,30.1,25.1,19.8,15.4,9.2
1962,40.286,0.000,1942.2,121.7,-13.6,2,15952,0.652,0.000,0.265,0.130,-0.033,46.9,24.5,0,-5.74,0.162,46.9,247.0,1.000,7.9,28.0,139.1,100.6,75.9,60.0,54.0,49.6,46.9,44.5,42.3,40.3,37.9,35.4,31.6,26.0,20.2,15.5,9.1
1963,40.306,0.000,1942.9,122.1,-13.9,2,15948,0.722,0.000,0.266,0.121,-0.031,51.8,23.4,0,-5.59,0.141,51.8,254.5,1.000,8.0,26.2,148.3,105.8,85.7,68.7,60.8,55.2,51.8,48.8,46.1,43.7,40.7,37.8,33.4,27.1,20.7,15.7,9.0
1964,40.326,0.000,1943.6,122.5,-14.4,2,16179,0.777,0.000,0.171,0.111,-0.029,58.3,26.2,0,-3.02,0.103,58.3,262.9,1.000,8.1,24.6,62.3,111.8,92.7,80.4,70.4,62.8,58.3,54.5,51.1,48.1,44.4,40.9,35.6,28.3,21.3,15.9,8.9
1965,40.346,0.000,1944.3,122.8,-15.0,2,16522,0.655,0.000,0.144,0.101,-0.027,67.6,30.1,0,-2.61,0.053,67.6,272.4,1.000,8.1,23.2,51.8,118.8,98.6,88.6,82.0,73.9,67.6,62.4,57.8,53.9,49.3,44.9,38.4,29.9,22.0,16.2,8.9
1966,40.366,0.000,1945.0,123.2,-15.6,2,16443,0.724,0.000,0.062,0.090,-0.026,79.8,28.0,0,-2.31,-0.050,79.8,283.4,1.000,8.2,22.0,44.6,127.2,104.2,95.1,89.7,84.3,79.8,73.8,67.4,62.1,55.9,50.1,42.1,31.9,22.8,16.5,8.8
1967,40.386,0.000,1945.7,123.7,-16.1,2,16493,0.779,0.000,-0.104,0.078,-0.024,87.7,27.3,0,-2.09,-0.346,87.7,294.7,1.000,8.2,21.0,39.6,136.2,110.1,100.5,95.7,91.2,87.7,83.7,79.2,73.3,64.6,56.9,46.5,34.1,23.8,16.8,8.7
1968,40.406,0.000,1946.4,124.2,-16.5,2,16678,0.656,0.000,-0.167,0.065,-0.020,93.1,27.8,0,-1.94,-0.470,93.1,304.6,1.000,8.3,20.3,36.2,144.4,116.1,105.3,100.3,96.2,93.1,89.8,86.2,82.1,75.1,64.9,51.5,36.5,24.7,17.1,8.7
1969,40.426,0.000,1947.1,124.8,-16.7,2,16506,0.725,0.000,0.033,0.051,-0.012,96.8,23.5,0,-1.00,0.000,96.8,275.8,1.000,8.3,19.8,34.0,71.3,121.3,109.4,104.0,99.7,96.8,93.7,90.5,87.1,81.6,73.4,56.5,38.7,25.5,17.4,8.6
1970,40.446,0.000,1947.8,125.4,-16.3,2,16654,0.780,0.000,-0.167,0.037,-0.003,99.5,25.4,0,-0.86,-0.850,99.5,281.9,1.000,8.4,19.5,32.6,63.7,126.0,113.0,107.2,102.6,99.5,96.6,93.6,90.4,85.6,79.1,61.6,40.7,26.1,17.6,8.6
1971,40.466,0.000,1948.5,126.0,-16.1,2,16933,0.761,0.000,0.033,0.022,0.007,102.2,27.9,0,-0.77,0.000,105.0,287.7,1.000,8.5,19.2,31.3,58.2,130.6,116.7,110.4,105.4,102.2,99.1,96.2,93.2,88.8,83.1,67.5,42.9,26.8,17.8,8.5
1972,40.486,0.000,1949.2,126.7,-15.7,2,17079,0.557,0.000,-0.167,0.005,0.012,104.5,29.8,0,-0.71,-0.850,109.4,292.6,1.000,8.5,19.0,30.4,54.3,134.5,120.0,113.3,108.0,104.5,101.3,98.2,95.4,91.2,85.9,73.2,45.1,27.5,17.9,8.4
1973,40.506,0.000,1949.9,127.3,-15.3,2,16592,0.645,0.000,0.033,-0.010,0.004,106.7,21.0,0,-0.67,0.000,108.3,296.7,1.000,8.6,18.8,29.7,51.4,137.9,123.1,115.9,110.3,106.7,103.2,100.0,97.0,93.0,88.1,76.9,47.2,28.1,18.0,8.4
1974,40.526,0.000,1950.6,128.0,-14.5,2,16517,0.716,0.000,-0.167,-0.024,-0.002,107.9,19.0,0,-0.65,-0.850,107.9,299.1,1.000,8.7,18.8,29.3,49.8,139.8,124.9,117.5,111.7,107.9,104.4,101.1,98.0,93.9,89.2,78.7,48.7,28.4,18.1,8.3
1975,40.546,0.000,1951.3,128.6,-13.7,2,16719,0.773,0.000,0.033,-0.037,-0.005,108.4,20.2,0,-0.64,0.000,108.4,300.2,1.000,8.8,18.8,29.2,49.0,140.7,125.7,118.2,112.3,108.4,104.8,101.4,98.3,94.2,89.5,79.4,49.5,28.5,18.0,8.2
1976,40.566,0.000,1952.0,129.3,-12.6,2,17086,0.818,0.000,-0.167,-0.048,-0.007,108.3,25.1,0,-0.64,-0.850,108.3,297.9,1.000,8.8,18.9,29.2,48.7,140.7,125.8,118.2,112.2,108.3,104.7,101.3,98.1,94.0,89.4,79.5,49.9,28.5,17.9,8.1
1977,40.586,0.000,1952.7,130.0,-11.9,2,17502,0.855,0.000,0.013,-0.058,-0.010,108.2,29.6,0,-0.64,0.000,108.2,296.0,1.000,8.9,19.0,29.2,48.3,140.8,125.8,118.2,112.2,108.2,104.6,101.1,97.9,93.8,89.3,79.6,50.3,28.5,17.9,8.1
1978,40.606,0.000,1953.5,130.8,-11.0,2,17930,0.520,0.000,-0.187,-0.068,-0.012,108.1,35.3,0,-0.64,-0.850,108.1,294.7,1.000,9.0,19.0,29.2,48.0,140.8,125.8,118.2,112.1,108.1,104.4,101.0,97.8,93.6,89.1,79.7,50.7,28.5,17.8,8.0
1979,40.626,0.000,1954.2,131.6,-10.5,2,17200,0.616,0.000,-0.015,-0.076,-0.014,108.2,22.8,0,-0.64,0.000,108.2,294.5,1.000,9.0,19.1,29.1,47.5,141.1,126.0,118.4,112.2,108.2,104.4,101.0,97.7,93.5,89.1,79.9,51.4,28.6,17.8,8.0
1980,40.646,0.000,1954.9,132.4,-9.4,2,16932,0.693,0.000,-0.215,-0.083,-0.015,107.5,17.4,0,-0.64,-0.850,107.5,293.6,1.000,9.1,19.1,29.2,47.6,140.4,125.4,117.7,111.6,107.5,103.8,100.4,97.1,92.9,88.5,79.4,51.3,28.4,17.7,7.9
1981,40.666,0.000,1955.7,133.1,-8.6,2,16931,0.754,0.000,-0.021,-0.090,-0.014,106.4,15.4,0,-0.65,0.000,106.4,291.5,1.000,9.1,19.3,29.5,48.1,138.9,124.0,116.4,110.3,106.4,102.7,99.3,96.1,91.9,87.5,78.5,50.7,28.2,17.5,7.8
1982,40.686,0.000,1956.4,133.9,-7.2,2,17070,0.803,0.000,-0.221,-0.096,-0.011,104.0,16.3,0,-0.68,-0.850,104.0,287.4,1.000,9.2,19.6,30.1,49.5,135.8,121.1,113.6,107.8,104.0,100.4,97.1,94.0,90.0,85.7,76.5,48.9,27.5,17.2,7.8
1983,40.706,0.000,1957.2,134.8,-6.2,2,17260,0.843,0.000,-0.021,-0.100,-0.007,101.3,17.5,0,-0.71,0.000,101.3,283.2,1.000,9.3,19.9,30.8,51.4,132.3,117.7,110.6,105.0,101.3,97.9,94.8,91.8,88.0,83.6,74.2,46.9,26.8,16.9,7.7
1984,40.726,0.000,1957.9,135.7,-4.7,2,17470,0.874,0.000,-0.221,-0.105,-0.000,97.9,19.2,0,-0.77,-0.850,97.9,278.0,1.000,9.4,20.3,31.8,54.3,127.5,113.3,106.6,101.3,97.9,94.7,91.7,88.9,85.2,80.7,70.9,44.2,25.9,16.5,7.6
1985,40.746,0.000,1958.7,136.6,-3.8,2,17758,0.899,0.000,-0.021,-0.109,0.006,94.7,21.9,0,-0.83,0.000,96.9,272.2,1.000,9.5,20.8,32.9,57.4,122.9,109.1,102.9,97.9,94.7,91.7,88.9,86.2,82.4,77.8,67.5,41.8,25.0,16.1,7.5
1986,40.766,0.000,1959.4,137.6,-2.3,2,18059,0.919,0.000,-0.221,-0.113,0.014,91.0,24.8,0,-0.93,-0.850,96.1,265.3,1.000,9.6,21.4,34.5,62.4,117.3,104.3,98.5,94.0,91.0,88.2,85.5,82.9,79.0,74.1,62.8,39.1,24.0,15.7,7.4
1987,40.786,0.000,1960.2,138.6,-1.5,2,18295,0.936,0.000,-0.021,-0.117,0.022,87.6,26.9,0,-1.92,0.000,95.2,297.3,1.000,9.7,22.0,36.0,141.2,112.0,100.0,94.6,90.4,87.6,85.0,82.4,79.6,75.6,70.5,57.6,36.8,23.1,15.3,7.3
1988,40.806,0.000,1961.0,139.7,-0.1,2,18497,0.948,0.000,0.179,-0.121,0.032,83.8,27.9,0,-2.00,0.000,94.3,290.2,1.000,9.8,22.8,38.2,134.2,106.1,95.2,90.3,86.4,83.8,81.2,78.5,75.6,71.4,65.8,51.7,34.3,22.0,14.8,7.2
1989,40.826,0.000,1961.8,140.8,1.2,2,18616,0.959,0.000,0.095,-0.125,0.037,81.5,28.6,0,-2.04,-0.470,93.5,286.4,1.000,9.9,23.3,39.5,130.1,102.8,92.4,87.8,84.1,81.5,78.9,76.1,73.2,68.8,63.0,49.0,33.0,21.5,14.5,7.2
1990,40.846,0.000,1962.5,141.8,1.4,3,14690,0.967,0.000,0.092,-0.129,0.037,81.0,-3.6,0,-2.04,-0.470,92.5,286.2,1.000,10.0,23.3,39.4,129.4,102.2,91.8,87.2,83.5,81.0,78.4,75.6,72.8,68.5,62.9,49.2,33.1,21.5,14.5,7.1
1991,40.866,0.000,1963.3,141.8,1.0,3,14667,0.974,0.000,0.074,-0.132,0.033,81.3,-10.2,0,-2.01,-0.470,91.6,287.6,1.000,9.9,23.1,38.6,130.5,102.9,92.4,87.6,83.8,81.3,78.8,76.2,73.4,69.3,64.1,50.9,33.8,21.7,14.6,7.1
1992,40.886,0.000,1964.1,141.6,0.6,3,12897,0.979,0.000,0.048,-0.136,0.027,82.1,-11.0,0,-1.97,-0.470,90.7,290.0,1.000,9.9,22.7,37.6,132.4,104.4,93.5,88.5,84.6,82.1,79.6,77.1,74.4,70.5,65.6,53.5,34.8,22.1,14.8,7.1
1993,40.906,0.000,1964.9,141.9,0.1,3,13707,0.983,0.000,0.023,-0.139,0.022,82.8,4.2,0,-1.94,-0.470,89.8,291.8,1.000,9.9,22.4,36.7,134.2,105.9,94.5,89.4,85.4,82.8,80.3,77.8,75.3,71.5,66.9,56.2,36.0,22.5,14.9,7.2
1994,40.926,0.000,1965.7,142.7,-0.4,3,13962,0.986,0.000,0.003,-0.141,0.018,83.3,8.2,0,-1.92,-0.470,89.0,293.0,1.000,9.9,22.2,35.9,135.5,107.0,95.3,90.1,86.0,83.3,80.7,78.3,75.8,72.2,67.8,57.9,37.0,22.9,15.1,7.2
1995,40.946,0.000,1966.5,143.5,-0.7,3,14122,0.989,0.000,-0.011,-0.144,0.015,83.4,9.9,0,-1.91,-0.470,88.1,293.5,1.000,9.9,22.0,35.4,136.1,107.5,95.6,90.3,86.1,83.4,80.8,78.4,76.0,72.4,68.1,58.8,37.7,23.1,15.1,7.2
1996,40.966,0.000,1967.3,144.4,-0.8,3,14221,0.991,0.000,-0.018,-0.147,0.013,83.1,10.4,0,-1.90,-0.470,87.2,293.3,1.000,9.9,21.9,35.2,135.9,107.3,95.3,90.0,85.8,83.1,80.5,78.1,75.7,72.2,68.0,59.1,38.1,23.2,15.2,7.2
1997,40.986,0.000,1968.1,145.2,-0.8,3,14284,0.993,0.000,-0.020,-0.149,0.012,82.4,10.0,0,-1.90,-0.470,86.3,292.3,1.000,9.9,22.0,35.2,135.0,106.5,94.6,89.3,85.1,82.4,79.8,77.4,75.1,71.6,67.5,58.8,38.1,23.2,15.1,7.1
1998,41.006,0.000,1968.9,146.1,-0.6,3,14325,0.994,0.000,-0.017,-0.151,0.013,81.4,9.2,0,-1.91,-0.470,85.4,290.9,1.000,9.9,22.0,35.3,133.6,105.3,93.5,88.3,84.1,81.4,78.9,76.5,74.2,70.8,66.8,58.2,37.9,23.1,15.1,7.1
1999,41.026,0.000,1969.7,147.1,-0.4,3,14356,0.996,0.000,-0.012,-0.153,0.013,80.4,8.2,0,-1.91,-0.470,84.5,289.1,1.000,9.9,22.1,35.5,131.9,103.8,92.2,87.1,83.0,80.4,77.9,75.5,73.2,69.9,65.9,57.5,37.6,23.0,15.0,7.1
2000,41.046,0.000,1970.5,148.0,-0.2,3,14394,0.996,0.000,-0.006,-0.156,0.014,79.3,7.2,0,-1.92,-0.470,83.6,287.2,1.000,9.9,22.2,35.7,130.1,102.2,90.9,85.8,81.9,79.3,76.8,74.5,72.2,68.9,65.0,56.7,37.3,22.8,14.9,7.1
2001,41.066,0.000,1971.3,148.9,-0.1,3,14444,0.997,0.000,-0.002,-0.158,0.015,78.2,6.5,0,-1.93,-0.470,82.7,285.1,1.000,10.0,22.3,35.9,128.5,100.8,89.7,84.7,80.8,78.2,75.8,73.5,71.3,68.0,64.1,56.0,37.0,22.7,14.9,7.0
2002,41.086,0.000,1972.2,149.8,0.0,3,14508,0.998,0.000,0.001,-0.160,0.015,77.2,6.1,0,-1.93,-0.470,81.8,283.2,1.000,10.0,22.4,36.1,127.0,99.5,88.5,83.6,79.8,77.2,74.9,72.6,70.4,67.2,63.3,55.4,36.8,22.6,14.8,7.0
2003,41.106,0.000,1973.0,150.6,0.1,3,14585,0.998,0.000,0.003,-0.162,0.015,76.4,5.9,0,-1.93,-0.470,80.9,281.5,1.000,10.0,22.4,36.1,125.7,98.4,87.5,82.7,78.9,76.4,74.0,71.8,69.6,66.4,62.6,54.9,36.7,22.6,14.8,7.0
2004,41.126,0.000,1973.9,151.5,0.1,3,14659,0.999,0.000,0.003,-0.164,0.015,75.6,5.8,0,-1.94,-0.470,80.0,280.0,1.000,10.0,22.4,36.1,124.5,97.4,86.6,81.8,78.1,75.6,73.2,71.1,68.9,65.7,62.0,54.4,36.7,22.5,14.8,7.0
2005,41.146,0.000,1974.7,152.4,0.1,3,14704,0.999,0.000,0.013,-0.166,0.015,74.8,5.0,0,-1.94,-0.448,79.1,278.6,1.000,10.0,22.4,36.1,123.5,96.5,85.8,81.0,77.3,74.8,72.5,70.3,68.2,65.1,61.4,54.1,36.7,22.5,14.7,7.0
2006,41.166,0.000,1975.5,153.3,0.1,3,14782,0.999,0.000,0.022,-0.168,0.014,74.1,4.9,0,-1.94,-0.427,78.1,277.4,1.000,10.1,22.4,36.1,122.6,95.7,85.0,80.3,76.6,74.1,71.8,69.7,67.6,64.5,61.0,53.7,36.8,22.5,14.7,7.0
2007,41.186,0.000,1976.4,154.1,0.1,3,14882,0.999,0.000,0.027,-0.170,0.013,73.6,5.2,0,-1.94,-0.405,77.2,276.6,1.000,10.1,22.4,35.9,122.0,95.1,84.5,79.8,76.0,73.6,71.3,69.2,67.1,64.1,60.6,53.6,37.1,22.6,14.8,7.0
2008,41.206,0.000,1977.3,155.0,-0.0,3,14992,0.999,0.000,0.030,-0.171,0.011,73.2,5.8,0,-1.93,-0.383,76.3,276.3,1.000,10.0,22.3,35.6,121.7,94.9,84.2,79.4,75.7,73.2,71.0,68.8,66.8,63.8,60.4,53.6,37.6,22.8,14.8,7.0
2009,41.226,0.000,1978.1,155.9,-0.2,3,15099,1.000,0.000,0.030,-0.173,0.008,73.0,6.3,0,-1.92,-0.360,75.3,276.4,1.000,10.0,22.1,35.2,121.8,94.9,84.1,79.3,75.5,73.0,70.7,68.6,66.5,63.7,60.3,53.7,38.2,23.0,14.9,7.0
2010,41.246,0.000,1979.0,156.7,-0.4,3,15198,1.000,0.000,0.027,-0.174,0.005,72.9,6.6,0,-1.91,-0.339,74.4,276.7,1.000,10.0,22.0,34.7,122.0,95.1,84.1,79.2,75.4,72.9,70.6,68.4,66.4,63.6,60.3,53.8,39.0,23.3,15.0,7.0
2011,41.266,0.000,1979.9,157.6,-0.5,3,15281,1.000,0.000,0.023,-0.175,0.002,72.9,6.6,0,-1.90,-0.317,73.5,277.2,1.000,10.0,21.8,34.3,122.4,95.4,84.2,79.3,75.4,72.9,70.5,68.3,66.3,63.5,60.3,54.0,39.9,23.6,15.1,7.0
2012,41.286,0.000,1980.8,158.4,-0.7,3,15359,1.000,0.000,0.019,-0.176,-0.001,72.8,6.5,0,-1.89,-0.295,72.8,277.6,1.000,10.0,21.6,33.8,122.7,95.6,84.3,79.3,75.4,72.8,70.4,68.2,66.1,63.4,60.2,54.2,40.7,23.9,15.2,7.0
2013,41.306,0.000,1981.6,159.3,-0.9,3,15415,1.000,0.000,0.016,-0.176,-0.004,72.7,6.1,0,-1.89,-0.274,72.7,277.9,1.000,9.9,21.4,33.3,123.0,95.8,84.3,79.3,75.3,72.7,70.3,68.1,66.0,63.2,60.1,54.2,41.3,24.2,15.4,7.0
2014,41.326,0.000,1982.5,160.3,-0.9,3,15380,1.000,0.000,0.015,-0.176,-0.006,72.5,3.7,0,-1.88,-0.252,72.5,277.9,1.000,9.9,21.3,33.0,122.9,95.7,84.2,79.1,75.1,72.5,70.1,67.8,65.7,62.9,59.9,54.1,41.7,24.5,15.5,7.0
2015,41.346,0.000,1983.4,161.2,-0.9,3,15432,1.000,0.000,0.017,-0.176,-0.008,72.1,3.0,0,-1.88,-0.230,72.1,277.4,1.000,9.9,21.2,32.7,122.6,95.4,83.9,78.7,74.7,72.1,69.7,67.4,65.3,62.5,59.6,53.9,41.9,24.7,15.6,7.1
2016,41.366,0.000,1984.3,162.0,-0.8,3,15532,1.000,0.000,0.019,-0.175,-0.010,71.6,3.3,0,-1.88,-0.209,71.6,276.8,1.000,9.9,21.1,32.4,122.1,95.0,83.4,78.3,74.2,71.6,69.2,66.9,64.8,62.1,59.1,53.6,42.0,25.0,15.6,7.1
2017,41.386,0.000,1985.2,162.8,-0.7,3,15660,1.000,0.000,0.021,-0.175,-0.012,71.2,4.2,0,-1.87,-0.188,71.2,276.3,1.000,9.9,20.9,32.1,121.7,94.6,83.0,77.8,73.8,71.2,68.8,66.5,64.4,61.6,58.7,53.3,42.1,25.2,15.7,7.1
2018,41.406,0.000,1986.1,163.7,-0.7,3,15784,1.000,0.000,0.021,-0.173,-0.014,70.8,5.1,0,-1.87,-0.166,70.8,275.8,1.000,9.8,20.8,31.8,121.3,94.3,82.7,77.5,73.4,70.8,68.4,66.1,64.0,61.2,58.3,53.0,42.1,25.5,15.9,7.1
2019,41.426,0.000,1987.0,164.5,-0.8,3,15888,1.000,0.000,0.020,-0.172,-0.016,70.5,5.5,0,-1.87,-0.145,70.5,275.6,1.000,9.8,20.6,31.5,121.2,94.1,82.4,77.2,73.1,70.5,68.0,65.8,63.6,60.9,58.0,52.8,42.2,25.8,16.0,7.1
2020,41.446,0.000,1988.0,165.4,-0.8,3,15966,1.000,0.000,0.017,-0.170,-0.018,70.3,5.4,0,-1.86,-0.123,70.3,275.5,1.000,9.7,20.5,31.1,121.1,94.0,82.3,77.0,72.9,70.3,67.8,65.5,63.4,60.6,57.7,52.6,42.3,26.2,16.2,7.2
2021,41.466,0.000,1988.9,166.3,-0.9,3,16035,1.000,0.000,0.014,-0.168,-0.021,70.0,5.2,0,-1.86,-0.102,70.0,275.5,1.000,9.7,20.3,30.7,121.1,94.0,82.2,76.9,72.7,70.0,67.6,65.2,63.1,60.3,57.4,52.4,42.4,26.7,16.3,7.2
2022,41.486,0.000,1989.8,167.2,-0.9,3,15989,1.000,0.000,0.012,-0.165,-0.023,69.7,2.9,0,-1.86,-0.081,69.7,275.3,1.000,9.7,20.1,30.3,120.9,93.8,82.0,76.6,72.4,69.7,67.2,64.9,62.7,59.9,57.1,52.1,42.4,27.1,16.5,7.3
2023,41.506,0.000,1990.7,168.1,-0.9,3,15979,1.000,0.000,0.013,-0.162,-0.025,69.3,0.8,0,-1.85,-0.060,69.3,274.6,1.000,9.6,20.0,30.0,120.4,93.3,81.6,76.1,72.0,69.3,66.8,64.4,62.3,59.5,56.6,51.7,42.2,27.4,16.7,7.3
2024,41.526,0.000,1991.7,169.0,-0.7,3,16064,1.000,0.000,0.015,-0.159,-0.026,68.6,0.8,0,-1.85,-0.039,68.6,273.5,1.000,9.6,19.9,29.8,119.6,92.6,80.9,75.5,71.3,68.6,66.1,63.8,61.7,58.9,56.0,51.2,42.0,27.7,16.8,7.3
2025,41.546,0.000,1992.6,169.8,-0.6,3,16196,1.000,0.000,0.018,-0.155,-0.027,68.0,1.8,0,-1.85,-0.018,68.0,272.4,1.000,9.5,19.7,29.7,118.8,91.9,80.2,74.8,70.7,68.0,65.5,63.2,61.1,58.3,55.4,50.7,41.7,28.0,16.9,7.4
2026,41.566,0.000,1993.5,170.6,-0.6,3,16340,1.000,0.000,0.025,-0.152,-0.029,67.4,3.1,0,-1.85,0.004,67.4,271.5,1.000,9.5,19.6,29.5,118.1,91.2,79.7,74.3,70.1,67.4,64.9,62.6,60.5,57.7,54.9,50.2,41.4,28.2,17.1,7.4
2027,41.586,0.000,1994.5,171.4,-0.6,3,16469,1.000,0.000,0.037,-0.147,-0.031,67.0,4.0,0,-1.85,0.040,67.0,270.9,1.000,9.5,19.4,29.3,117.6,90.8,79.3,73.8,69.7,67.0,64.5,62.2,60.0,57.3,54.4,49.8,41.2,28.4,17.3,7.5
2028,41.606,0.000,1995.5,172.2,-0.6,3,16563,1.000,0.000,0.044,-0.143,-0.034,66.9,4.3,0,-1.85,0.075,66.9,271.1,1.000,9.4,19.2,28.9,117.8,90.9,79.3,73.8,69.6,66.9,64.4,62.0,59.9,57.1,54.2,49.6,41.2,28.8,17.5,7.5
2029,41.626,0.000,1996.4,173.1,-0.8,3,16638,1.000,0.000,0.047,-0.138,-0.038,67.1,4.2,0,-1.84,0.112,67.1,272.2,1.000,9.3,18.9,28.4,118.6,91.6,79.9,74.3,69.9,67.1,64.6,62.2,60.0,57.1,54.2,49.5,41.3,29.2,17.9,7.6
2030,41.646,0.000,1997.4,174.0,-1.1,3,16618,1.000,0.000,0.047,-0.132,-0.043,67.6,2.6,0,-1.84,0.146,67.6,273.7,1.000,9.2,18.6,27.9,119.7,92.5,80.7,75.0,70.5,67.6,65.0,62.5,60.2,57.3,54.4,49.5,41.5,29.7,18.3,7.7
2031,41.666,0.000,1998.3,174.9,-1.2,3,16558,1.000,0.000,0.048,-0.126,-0.047,68.0,-0.5,0,-1.84,0.180,68.0,275.0,1.000,9.1,18.3,27.3,120.8,93.4,81.4,75.6,71.0,68.0,65.3,62.8,60.5,57.5,54.4,49.6,41.6,30.0,18.7,7.8
2032,41.686,0.000,1999.3,175.8,-1.2,3,16639,1.000,0.000,0.053,-0.119,-0.051,68.3,-0.5,0,-1.84,0.216,68.3,275.9,1.000,9.0,18.0,26.9,121.4,93.9,81.9,76.1,71.3,68.3,65.5,62.9,60.6,57.5,54.4,49.5,41.6,30.3,19.1,7.9
2033,41.706,0.000,2000.3,176.6,-1.2,3,16775,1.000,0.000,0.058,-0.112,-0.055,68.5,0.6,0,-1.83,0.248,68.5,276.8,1.000,9.0,17.7,26.5,122.1,94.4,82.4,76.5,71.7,68.5,65.7,63.1,60.6,57.6,54.4,49.4,41.5,30.5,19.5,8.0
2034,41.726,0.000,2001.3,177.3,-1.2,3,16933,1.000,0.000,0.060,-0.103,-0.059,69.0,2.2,0,-1.83,0.279,69.0,277.9,1.000,8.9,17.4,26.1,123.0,95.2,83.0,77.1,72.2,69.0,66.0,63.3,60.9,57.7,54.5,49.4,41.5,30.7,20.0,8.1
2035,41.746,0.000,2002.3,178.1,-1.4,3,17075,1.000,0.000,0.059,-0.095,-0.064,69.7,3.4,0,-1.83,0.311,69.7,279.6,1.000,8.7,17.0,25.5,124.3,96.2,84.0,77.9,73.0,69.7,66.7,63.9,61.3,58.1,54.8,49.5,41.6,31.0,20.4,8.2
2036,41.766,0.000,2003.3,178.9,-1.7,3,17181,1.000,0.000,0.053,-0.085,-0.071,71.0,4.0,0,-1.83,0.344,71.0,282.3,1.000,8.6,16.6,24.8,126.4,98.0,85.5,79.4,74.4,71.0,67.8,64.9,62.2,58.8,55.4,49.9,41.8,31.4,20.9,8.4
2037,41.786,0.000,2004.2,179.7,-2.1,3,17259,1.000,0.000,0.045,-0.074,-0.078,72.6,4.0,0,-1.82,0.380,72.6,285.5,1.000,8.5,16.2,24.1,128.8,100.1,87.5,81.2,76.1,72.6,69.3,66.2,63.3,59.8,56.2,50.5,42.0,31.8,21.4,8.5
2038,41.806,0.000,2005.2,180.6,-2.4,3,17194,1.000,0.000,0.033,-0.063,-0.084,74.1,1.6,0,-1.82,0.404,74.1,288.4,1.000,8.3,15.8,23.5,131.1,102.1,89.2,82.9,77.7,74.1,70.7,67.5,64.5,60.7,56.9,51.0,42.3,32.1,21.9,8.7
2039,41.826,0.000,2006.2,181.5,-2.2,3,17122,1.000,0.000,0.032,-0.051,-0.089,74.8,-1.8,0,-1.82,0.430,74.8,289.7,1.000,8.2,15.5,23.1,132.2,103.1,90.1,83.7,78.4,74.8,71.4,68.1,65.0,61.1,57.2,51.2,42.3,32.2,22.2,8.9
2040,41.846,0.000,2007.3,182.3,-1.9,3,17202,1.000,0.000,0.040,-0.037,-0.092,74.8,-1.8,0,-1.82,0.457,74.8,289.8,1.000,8.1,15.2,22.9,132.2,103.1,90.1,83.7,78.4,74.8,71.4,68.1,65.0,61.0,57.1,51.0,42.0,32.1,22.3,9.0
2041,41.866,0.000,2008.3,183.1,-1.5,3,17338,1.000,0.000,0.050,-0.023,-0.094,74.6,-0.6,0,-1.82,0.485,74.6,289.4,1.000,8.0,15.0,22.8,132.0,102.8,89.9,83.5,78.2,74.6,71.2,67.9,64.8,60.8,56.9,50.7,41.7,32.0,22.4,9.2
2042,41.886,0.000,2009.3,183.9,-1.3,3,17496,1.000,0.000,0.057,-0.008,-0.097,74.7,1.1,0,-1.82,0.512,74.7,289.6,1.000,7.8,14.7,22.6,132.1,102.9,90.0,83.6,78.3,74.7,71.2,68.0,64.8,60.8,56.8,50.6,41.5,31.9,22.5,9.4
2043,41.906,0.000,2010.3,184.6,-1.3,3,17635,1.000,0.000,0.058,0.007,-0.101,75.2,2.2,0,-1.82,0.538,75.2,290.7,1.000,7.7,14.5,22.4,132.9,103.7,90.6,84.2,78.8,75.2,71.8,68.5,65.3,61.2,57.1,50.7,41.5,31.8,22.6,9.6
2044,41.926,0.000,2011.3,185.4,-1.5,3,17735,1.000,0.000,0.049,0.024,-0.107,76.6,2.7,0,-1.81,0.565,76.6,293.1,1.000,7.5,14.1,21.9,134.9,105.4,92.2,85.7,80.3,76.6,73.1,69.7,66.5,62.3,57.9,51.3,41.8,32.0,22.9,9.8
2045,41.946,0.000,2012.4,186.2,-1.9,3,17810,1.000,0.000,0.039,0.041,-0.114,78.2,2.8,0,-1.81,0.593,78.2,296.1,1.000,7.3,13.8,21.3,137.3,107.5,94.1,87.5,82.0,78.2,74.6,71.2,67.9,63.6,59.0,52.0,42.1,32.1,23.1,10.0
2046,41.966,0.000,2013.4,187.1,-2.1,3,17647,1.000,0.000,0.033,0.059,-0.120,79.5,-1.8,0,-1.81,0.623,79.5,298.5,1.000,7.2,13.5,20.9,139.3,109.1,95.6,88.9,83.3,79.5,75.9,72.4,69.1,64.6,60.0,52.7,42.4,32.2,23.3,10.2
2047,41.986,0.000,2014.4,188.0,-1.9,3,17666,1.000,0.000,0.037,0.079,-0.123,79.9,-3.2,0,-1.81,0.652,79.9,299.3,1.000,7.0,13.3,20.8,140.0,109.6,96.0,89.3,83.7,79.9,76.2,72.7,69.4,64.9,60.3,52.8,42.4,32.0,23.3,10.4
2048,42.006,0.000,2015.5,188.7,-1.5,3,17771,1.000,0.000,0.046,0.099,-0.126,79.8,-2.6,0,-1.81,0.680,79.8,299.2,1.000,6.8,13.1,20.9,139.9,109.4,95.9,89.1,83.6,79.8,76.1,72.6,69.3,64.8,60.2,52.6,42.1,31.8,23.3,10.6
2049,42.026,0.000,2016.5,189.5,-1.2,3,17931,1.000,0.000,0.054,0.120,-0.128,79.7,-0.9,0,-1.81,0.708,79.7,299.2,1.000,6.7,12.9,21.0,139.9,109.3,95.8,89.1,83.5,79.7,76.0,72.5,69.2,64.8,60.1,52.5,42.0,31.6,23.2,10.7
2050,42.046,0.000,2017.6,190.2,-1.2,3,18090,1.000,0.000,0.057,0.141,-0.131,80.0,0.9,0,-1.82,0.735,80.0,299.9,1.000,6.5,12.8,21.1,140.5,109.7,96.1,89.4,83.8,80.0,76.3,72.8,69.5,65.0,60.4,52.7,41.9,31.4,23.2,10.8
2051,42.066,0.000,2018.6,190.9,-1.3,3,18216,1.000,0.000,0.045,0.163,-0.137,81.0,1.7,0,-1.82,0.749,81.0,302.2,1.000,6.4,12.6,21.0,142.3,111.0,97.4,90.6,84.9,81.0,77.3,73.8,70.4,65.9,61.2,53.3,42.2,31.5,23.2,11.0
2052,42.086,0.000,2019.7,191.7,-1.7,3,18303,1.000,0.000,0.039,0.186,-0.136,82.7,2.0,0,-1.82,0.728,82.7,305.7,1.000,6.2,12.3,20.7,145.3,113.0,99.2,92.3,86.6,82.7,78.9,75.3,71.8,67.2,62.4,54.3,42.7,31.6,23.3,11.1
2053,42.106,0.000,2020.7,192.6,-2.0,3,18250,1.000,0.000,0.042,0.208,-0.131,84.2,0.1,0,-1.83,0.682,84.2,309.2,1.000,6.1,12.1,20.5,148.3,114.9,101.0,94.0,88.2,84.2,80.4,76.7,73.2,68.6,63.6,55.4,43.2,31.8,23.4,11.3
2054,42.126,0.000,2021.8,193.5,-1.9,3,18128,1.000,0.000,0.035,0.229,-0.125,85.1,-4.3,0,-1.84,0.608,85.1,311.5,1.000,6.0,11.9,20.6,150.2,116.0,102.0,95.0,89.1,85.1,81.2,77.5,74.0,69.3,64.3,56.0,43.5,31.8,23.3,11.4
2055,42.146,0.000,2022.9,194.2,-1.5,3,18204,1.000,0.000,0.023,0.249,-0.116,85.2,-4.5,0,-1.85,0.526,85.2,312.2,1.000,5.8,11.9,21.1,150.8,116.1,102.1,95.1,89.2,85.2,81.4,77.7,74.1,69.4,64.4,56.1,43.5,31.7,23.2,11.4
2056,42.166,0.000,2024.0,194.9,-1.2,3,18332,1.000,0.000,-0.043,0.268,-0.107,85.2,-3.5,0,-1.86,0.331,85.2,312.5,1.000,5.7,11.8,21.7,151.0,116.0,102.0,95.0,89.2,85.2,81.3,77.6,74.1,69.4,64.4,56.1,43.4,31.5,23.0,11.5
2057,42.186,0.000,2025.1,195.6,-1.2,3,18482,1.000,0.000,-0.135,0.285,-0.096,84.0,-1.9,0,-1.86,0.071,84.0,310.2,1.000,5.6,11.9,22.8,149.1,114.5,100.6,93.7,87.9,84.0,80.2,76.5,73.0,68.4,63.5,55.3,42.9,31.1,22.7,11.5
2058,42.206,0.000,2026.2,196.5,-0.9,3,18416,1.000,0.000,-0.077,0.300,-0.079,80.4,-4.1,0,-1.87,0.057,80.4,302.6,1.000,5.6,12.3,25.3,142.7,110.0,96.5,89.8,84.2,80.4,76.7,73.2,69.9,65.5,60.8,53.1,41.3,30.2,22.2,11.4
2059,42.226,0.000,2027.3,197.2,0.1,3,18512,1.000,0.000,-0.009,0.313,-0.059,75.8,-4.0,0,-1.89,0.036,75.8,292.8,1.000,5.6,12.9,28.9,134.7,104.2,91.2,84.7,79.4,75.8,72.4,69.1,65.9,61.8,57.4,50.2,39.4,29.1,21.5,11.3
2060,42.246,0.000,2028.4,197.9,0.9,3,18660,1.000,0.000,0.049,0.323,-0.042,72.5,-2.5,0,-1.92,0.016,72.5,285.8,1.000,5.6,13.6,32.1,129.1,99.9,87.3,81.1,75.9,72.5,69.2,66.0,63.0,59.1,55.0,48.1,38.0,28.3,21.0,11.2
2061,42.266,0.000,2029.6,198.0,1.2,4,15121,1.000,0.000,0.032,0.330,-0.029,71.1,-14.4,0,-1.95,-0.019,71.1,283.0,1.000,5.6,14.1,33.9,126.9,98.1,85.6,79.5,74.5,71.1,67.9,64.8,61.8,58.0,53.9,47.3,37.4,27.8,20.7,11.2
2062,42.286,0.000,2030.7,197.7,0.7,4,15096,1.000,0.000,-0.006,0.335,-0.020,70.9,-14.7,0,-1.97,-0.086,70.9,282.7,1.000,5.6,14.6,34.4,126.7,97.8,85.4,79.3,74.3,70.9,67.6,64.6,61.6,57.8,53.8,47.1,37.2,27.6,20.5,11.1
2063,42.306,0.000,2031.8,197.4,0.2,4,14620,1.000,0.000,-0.036,0.339,-0.010,70.5,-15.4,0,-1.99,-0.157,70.5,282.1,1.000,5.7,15.1,35.1,126.2,97.3,84.9,78.8,73.8,70.5,67.2,64.2,61.3,57.5,53.5,46.9,37.0,27.4,20.3,11.0
2064,42.326,0.000,2032.9,197.6,-0.1,4,15100,1.000,0.000,-0.049,0.339,0.002,69.2,-3.9,0,-2.02,-0.230,69.8,279.4,1.000,5.7,15.7,36.7,124.1,95.6,83.3,77.4,72.5,69.2,66.0,63.0,60.1,56.4,52.5,46.1,36.4,26.9,19.9,10.9
2065,42.346,0.000,2034.0,198.1,0.1,4,15166,1.000,0.000,-0.045,0.338,0.016,67.0,-3.0,0,-2.07,-0.308,73.1,274.8,1.000,5.9,16.5,39.3,120.6,92.8,80.8,75.0,70.2,67.0,64.0,61.1,58.3,54.7,50.9,44.8,35.4,26.3,19.5,10.8
2066,42.366,0.000,2035.2,198.6,0.4,4,15209,1.000,0.000,-0.030,0.334,0.032,64.5,-2.9,0,-2.14,-0.388,76.5,269.4,1.000,6.0,17.5,43.2,116.5,89.5,77.9,72.2,67.6,64.5,61.6,58.8,56.2,52.7,49.1,43.2,34.3,25.6,19.1,10.6
2067,42.386,0.000,2036.3,199.2,0.8,4,15256,1.000,0.000,-0.010,0.327,0.047,62.2,-2.7,0,-2.26,-0.470,80.2,264.1,1.000,6.2,18.5,48.8,112.7,86.3,75.0,69.6,65.1,62.2,59.3,56.7,54.1,50.8,47.4,41.8,33.3,24.9,18.6,10.4
2068,42.406,0.000,2037.4,199.7,1.0,4,15291,1.000,0.000,0.054,0.318,0.061,60.2,-2.9,0,-2.50,-0.470,60.2,259.8,1.000,6.4,19.4,59.1,109.5,83.6,72.6,67.4,63.1,60.2,57.5,54.9,52.4,49.3,46.0,40.6,32.4,24.3,18.2,10.3
2069,42.426,0.000,2038.6,200.2,1.1,4,15325,1.000,0.000,0.234,0.307,0.073,59.1,-2.9,0,-6.28,-0.470,59.1,254.7,1.000,6.6,20.1,200.0,107.8,82.2,71.3,66.1,61.9,59.1,56.4,53.9,51.5,48.4,45.1,39.9,31.9,23.9,17.9,10.1
2070,42.446,0.000,2039.7,200.8,0.8,4,15368,1.000,0.000,0.262,0.293,0.080,59.5,-2.3,0,-6.26,-0.470,59.5,252.7,1.000,6.8,20.4,200.0,108.6,82.8,71.8,66.6,62.3,59.5,56.8,54.2,51.8,48.6,45.3,40.0,31.9,23.8,17.8,9.9
2071,42.466,0.000,2040.8,201.2,-0.2,4,15474,1.000,0.000,0.133,0.278,0.082,61.6,-0.6,0,-2.39,-0.470,61.6,255.0,1.000,6.9,20.0,51.3,112.6,85.8,74.5,69.0,64.6,61.6,58.8,56.1,53.5,50.2,46.8,41.2,32.7,24.1,17.8,9.8
2072,42.486,0.000,2042.0,201.6,-1.9,4,15657,1.000,0.000,0.121,0.262,0.080,65.0,2.7,0,-2.26,-0.470,65.0,257.1,1.000,7.0,19.5,43.4,119.2,90.5,78.6,72.9,68.2,65.0,62.0,59.1,56.4,52.9,49.2,43.1,33.9,24.7,18.0,9.8
2073,42.506,0.000,2043.1,202.1,-3.6,4,15679,1.000,0.000,0.113,0.244,0.078,68.8,2.4,0,-2.21,-0.470,68.8,264.8,1.000,7.1,18.9,38.7,127.3,95.7,83.2,77.1,72.1,68.8,65.6,62.5,59.6,55.8,51.8,45.3,35.4,25.4,18.3,9.7
2074,42.526,0.000,2044.2,202.6,-4.8,4,15680,1.000,0.000,0.118,0.226,0.078,71.8,1.8,0,-2.21,-0.470,71.8,268.6,1.000,7.2,18.5,36.0,134.8,99.8,86.9,80.6,75.4,71.8,68.5,65.3,62.2,58.2,54.0,47.1,36.6,25.9,18.5,9.7
2075,42.546,0.000,2045.3,203.2,-5.2,4,15675,1.000,0.000,0.085,0.207,0.070,73.8,1.0,0,-2.23,-0.470,73.8,274.1,1.000,7.3,18.4,34.7,140.2,102.3,89.2,82.7,77.4,73.8,70.3,67.0,63.8,59.7,55.4,48.2,37.4,26.2,18.5,9.6
2076,42.566,0.000,2046.5,203.4,-5.5,4,15982,1.000,0.000,0.060,0.189,0.063,75.2,6.8,0,-2.26,-0.470,75.2,274.6,1.000,7.4,18.3,33.8,144.9,104.3,90.9,84.3,78.9,75.2,71.7,68.3,65.1,60.8,56.4,49.1,37.9,26.5,18.6,9.5
2077,42.586,0.000,2047.6,203.8,-6.1,4,16136,1.000,0.000,0.027,0.173,0.055,77.3,9.9,0,-2.30,-0.470,77.3,284.2,1.000,7.4,18.2,32.7,152.4,107.4,93.5,86.7,81.1,77.3,73.7,70.2,66.9,62.5,57.9,50.3,38.8,26.9,18.7,9.4
2078,42.606,0.000,2048.7,204.4,-6.7,4,16057,1.000,0.000,-0.004,0.157,0.046,79.6,7.0,0,-2.40,-0.470,102.6,298.2,1.000,7.5,18.0,31.5,163.6,110.9,96.1,89.2,83.5,79.6,75.9,72.3,68.9,64.4,59.6,51.7,39.7,27.4,18.8,9.4
2079,42.626,0.000,2049.9,205.1,-6.8,4,15921,1.000,0.000,-0.023,0.143,0.040,81.1,2.5,0,-2.57,-0.470,100.8,324.1,1.000,7.6,17.9,30.9,178.6,113.4,97.8,90.8,85.0,81.1,77.3,73.6,70.1,65.5,60.7,52.6,40.3,27.7,18.9,9.3
2080,42.646,0.000,2051.0,205.7,-6.1,4,15804,1.000,0.000,-0.026,0.129,0.038,80.7,-1.4,0,-2.65,-0.470,99.1,333.1,1.000,7.7,18.0,31.2,182.5,113.2,97.4,90.4,84.7,80.7,76.9,73.3,69.8,65.2,60.4,52.3,40.1,27.6,18.8,9.2
2081,42.666,0.000,2052.2,206.4,-4.7,4,15754,1.000,0.000,-0.015,0.117,0.040,78.5,-3.9,0,-2.55,-0.470,97.6,323.8,1.000,7.8,18.4,32.3,169.8,110.0,94.8,88.0,82.3,78.5,74.8,71.2,67.8,63.4,58.7,50.9,39.1,27.0,18.5,9.1
2082,42.686,0.000,2053.3,206.9,-3.1,4,15862,1.000,0.000,0.006,0.106,0.044,75.5,-2.7,0,-2.46,-0.470,96.1,310.3,1.000,7.9,18.9,34.0,156.6,105.7,91.4,84.8,79.3,75.5,71.9,68.5,65.3,61.0,56.5,49.1,37.8,26.3,18.1,9.0
2083,42.706,0.000,2054.4,207.4,-2.0,4,15949,1.000,0.000,0.023,0.095,0.046,73.1,-1.3,0,-2.44,-0.470,94.6,299.5,1.000,8.1,19.3,35.7,149.1,102.4,88.6,82.1,76.8,73.1,69.7,66.4,63.2,59.1,54.7,47.6,36.8,25.8,17.8,8.9
2084,42.726,0.000,2055.6,208.0,-1.3,4,15949,1.000,0.000,0.031,0.084,0.047,71.6,-2.3,0,-2.45,-0.470,93.0,296.6,1.000,8.2,19.6,36.9,145.5,100.3,86.9,80.5,75.2,71.6,68.2,65.0,61.9,57.9,53.6,46.7,36.2,25.4,17.6,8.8
2085,42.746,0.000,2056.8,208.5,-1.0,4,15956,1.000,0.000,0.031,0.075,0.046,70.8,-3.2,0,-2.47,-0.470,91.5,298.1,1.000,8.2,19.7,37.6,144.5,99.4,85.9,79.6,74.4,70.8,67.5,64.3,61.2,57.2,53.0,46.2,35.8,25.2,17.5,8.7
2086,42.766,0.000,2057.9,209.1,-0.9,4,15974,1.000,0.000,0.026,0.065,0.043,70.5,-3.8,0,-2.51,-0.470,89.9,300.9,1.000,8.3,19.8,37.9,145.2,99.0,85.5,79.2,74.0,70.5,67.1,63.9,60.9,56.9,52.8,45.9,35.6,25.1,17.4,8.7
2087,42.786,0.000,2059.1,209.6,-1.0,4,15996,1.000,0.000,0.020,0.056,0.041,70.2,-4.3,0,-2.54,-0.470,88.3,304.1,1.000,8.4,19.9,38.3,146.4,98.8,85.2,78.9,73.7,70.2,66.8,63.7,60.6,56.7,52.5,45.7,35.5,25.0,17.4,8.6
2088,42.806,0.000,2060.2,210.2,-1.0,4,16034,1.000,0.000,0.016,0.047,0.039,69.8,-4.5,0,-2.58,-0.470,86.8,306.8,1.000,8.4,20.0,38.7,147.3,98.4,84.7,78.5,73.3,69.8,66.5,63.3,60.3,56.4,52.2,45.5,35.3,24.9,17.3,8.6
2089,42.826,0.000,2061.4,210.7,-1.0,4,16086,1.000,0.000,0.013,0.039,0.037,69.3,-4.2,0,-2.62,-0.470,85.2,307.8,1.000,8.5,20.1,39.2,147.8,97.8,84.1,77.9,72.7,69.3,66.0,62.8,59.8,55.9,51.8,45.1,35.1,24.7,17.2,8.5
2090,42.846,0.000,2062.6,211.2,-1.0,4,16122,1.000,0.000,0.011,0.031,0.035,68.6,-4.4,0,-2.65,-0.470,83.6,308.2,1.000,8.5,20.3,40.0,147.6,97.0,83.3,77.1,72.0,68.6,65.3,62.2,59.2,55.4,51.3,44.7,34.7,24.6,17.1,8.5
2091,42.866,0.000,2063.8,211.8,-0.9,4,16156,1.000,0.000,0.011,0.023,0.034,67.8,-4.5,0,-2.69,-0.470,82.1,307.6,1.000,8.6,20.5,41.0,146.9,96.1,82.4,76.2,71.2,67.8,64.5,61.5,58.5,54.7,50.7,44.2,34.4,24.3,17.0,8.4
2092,42.886,0.000,2064.9,212.3,-0.8,4,16190,1.000,0.000,0.011,0.016,0.033,66.9,-4.7,0,-2.72,-0.470,80.6,306.3,1.000,8.6,20.7,42.1,145.8,95.0,81.4,75.3,70.3,66.9,63.7,60.7,57.8,54.0,50.1,43.7,34.0,24.1,16.9,8.3
2093,42.906,0.000,2066.1,212.8,-0.7,4,16223,1.000,0.000,0.020,0.009,0.032,66.1,-5.0,0,-2.76,-0.450,79.2,305.3,1.000,8.7,20.9,43.3,144.9,93.9,80.4,74.4,69.4,66.1,62.9,59.9,57.1,53.4,49.5,43.1,33.6,23.9,16.7,8.3
2094,42.926,0.000,2067.3,213.4,-0.7,4,16253,1.000,0.000,0.036,0.002,0.030,65.4,-5.1,0,-2.80,-0.416,77.7,305.2,1.000,8.7,21.1,44.4,144.8,93.1,79.6,73.6,68.7,65.4,62.2,59.3,56.5,52.8,48.9,42.7,33.3,23.7,16.6,8.3
2095,42.946,0.000,2068.5,213.9,-0.6,4,16241,1.000,0.000,0.048,-0.005,0.028,65.0,-6.5,0,-2.87,-0.382,76.2,307.7,1.000,8.8,21.3,45.1,147.0,92.8,79.1,73.2,68.3,65.0,61.9,58.9,56.1,52.4,48.6,42.4,33.1,23.5,16.5,8.2
2096,42.966,0.000,2069.7,214.4,-0.7,4,16285,1.000,0.000,0.057,-0.010,0.025,64.9,-6.4,0,-3.00,-0.348,74.8,316.1,1.000,8.8,21.3,45.3,154.2,93.1,79.1,73.1,68.2,64.9,61.8,58.8,56.0,52.4,48.6,42.3,33.0,23.5,16.5,8.2
2097,42.986,0.000,2070.9,214.9,-0.9,4,16343,1.000,0.000,0.064,-0.016,0.021,65.2,-5.9,0,-3.23,-0.313,73.3,237.2,1.000,8.8,21.3,44.9,169.1,94.1,79.6,73.5,68.6,65.2,62.1,59.1,56.3,52.6,48.7,42.5,33.1,23.5,16.5,8.2
2098,43.006,0.000,2072.1,215.4,-1.2,4,16410,1.000,0.000,0.064,-0.020,0.015,65.9,-5.2,0,-3.38,-0.281,71.9,239.8,1.000,8.8,21.3,44.0,181.1,95.7,80.5,74.2,69.3,65.9,62.7,59.7,56.8,53.1,49.2,42.8,33.3,23.6,16.5,8.1
2099,43.026,0.000,2073.2,215.9,-1.6,4,16469,1.000,0.000,0.058,-0.024,0.010,66.9,-4.7,0,-3.49,-0.254,70.8,243.4,1.000,8.9,21.1,42.8,192.1,98.1,81.9,75.3,70.3,66.9,63.6,60.5,57.6,53.8,49.8,43.3,33.6,23.7,16.5,8.1
2100,43.046,0.000,2074.4,216.4,-1.9,4,16518,1.000,0.000,0.049,-0.028,0.007,67.9,-4.4,0,-3.55,-0.251,70.7,247.5,1.000,8.9,21.0,41.6,200.0,100.9,83.6,76.6,71.4,67.9,64.6,61.4,58.5,54.6,50.5,43.9,34.0,23.9,16.6,8.1
2101,43.066,0.000,2075.7,216.9,-2.2,4,16532,1.000,0.000,0.039,-0.031,0.005,68.7,-5.0,0,-3.51,-0.249,70.6,251.2,1.000,8.9,20.9,40.8,200.0,103.5,85.1,77.7,72.2,68.7,65.4,62.2,59.2,55.2,51.1,44.4,34.3,24.0,16.7,8.1
2102,43.086,0.000,2076.9,217.4,-2.3,4,16575,1.000,0.000,0.035,-0.034,0.003,69.2,-4.9,0,-3.49,-0.247,70.5,254.1,1.000,8.9,20.8,40.4,200.0,105.5,86.1,78.4,72.7,69.2,65.8,62.6,59.5,55.6,51.4,44.6,34.4,24.1,16.7,8.1
2103,43.106,0.000,2078.1,217.9,-2.2,4,16618,1.000,0.000,0.034,-0.036,0.003,69.3,-4.8,0,-3.49,-0.245,70.4,256.1,1.000,8.9,20.8,40.4,200.0,106.9,86.7,78.8,72.9,69.3,65.9,62.7,59.6,55.6,51.4,44.6,34.4,24.1,16.7,8.1
2104,43.126,0.000,2079.3,218.4,-2.1,4,16657,1.000,0.000,0.037,-0.039,0.003,69.2,-4.8,0,-3.49,-0.243,70.4,257.4,1.000,8.9,20.9,40.5,200.0,107.9,87.0,78.9,72.9,69.2,65.8,62.6,59.5,55.5,51.4,44.6,34.3,24.0,16.6,8.1
2105,43.146,0.000,2080.5,218.9,-1.9,4,16697,1.000,0.000,0.041,-0.041,0.003,69.0,-4.7,0,-3.51,-0.243,70.3,258.1,1.000,8.9,21.0,40.9,200.0,108.5,87.0,78.8,72.7,69.0,65.6,62.3,59.3,55.3,51.2,44.4,34.2,23.9,16.6,8.1
2106,43.166,0.000,2081.7,219.4,-1.8,4,16736,1.000,0.000,0.046,-0.044,0.004,68.7,-4.7,0,-3.52,-0.243,70.3,257.0,1.000,9.0,21.1,41.2,200.0,109.1,87.1,78.7,72.5,68.7,65.3,62.1,59.0,55.1,50.9,44.2,34.0,23.8,16.5,8.0
2107,43.186,0.000,2082.9,219.9,-1.8,4,16872,1.000,0.000,0.047,-0.046,0.004,68.7,-2.4,0,-3.53,-0.243,70.3,253.2,1.000,9.0,21.1,41.3,200.0,110.5,87.6,78.9,72.6,68.7,65.2,62.0,59.0,55.0,50.9,44.1,34.0,23.8,16.5,8.0
2108,43.206,0.000,2084.2,220.4,-1.9,4,16884,1.000,0.000,0.043,-0.049,0.003,69.1,-2.9,0,-3.51,-0.244,70.4,254.8,1.000,9.0,21.1,41.1,200.0,113.0,88.8,79.7,73.2,69.1,65.5,62.3,59.2,55.2,51.0,44.3,34.1,23.8,16.5,8.0
2109,43.226,0.000,2085.4,220.9,-2.0,4,16888,1.000,0.000,0.037,-0.051,0.002,69.7,-3.8,0,-3.49,-0.245,70.4,358.7,1.000,9.0,21.1,40.8,200.0,116.7,90.2,80.7,73.9,69.7,66.0,62.6,59.5,55.5,51.3,44.4,34.2,23.9,16.5,8.0
2110,43.246,0.000,2086.6,221.5,-2.1,4,16901,1.000,0.000,0.033,-0.053,0.001,70.2,-4.5,0,-3.48,-0.247,70.5,360.2,1.000,9.0,21.1,40.6,200.0,121.1,91.6,81.6,74.5,70.2,66.3,62.8,59.7,55.7,51.5,44.6,34.2,23.9,16.5,8.0
2111,43.266,0.000,2087.8,222.0,-2.1,4,16918,1.000,0.000,0.033,-0.055,0.001,70.3,-5.1,0,-3.49,-0.251,70.7,361.1,1.000,9.0,21.1,40.7,200.0,126.0,92.5,82.1,74.8,70.3,66.4,62.9,59.7,55.6,51.4,44.5,34.2,23.8,16.4,8.0
2112,43.286,0.000,2089.1,222.5,-1.9,4,16942,1.000,0.000,0.034,-0.057,0.001,70.3,-5.5,0,-3.50,-0.255,70.9,362.5,1.000,9.1,21.2,40.9,200.0,132.8,93.0,82.4,74.9,70.3,66.3,62.7,59.5,55.4,51.2,44.4,34.1,23.8,16.4,7.9
2113,43.306,0.000,2090.3,223.0,-1.8,4,17012,1.000,0.000,0.035,-0.059,0.001,70.3,-4.8,0,-3.53,-0.261,71.1,362.6,1.000,9.1,21.3,41.2,200.0,147.2,93.6,82.7,75.0,70.3,66.2,62.6,59.3,55.2,51.0,44.2,34.0,23.7,16.3,7.9
2114,43.326,0.000,2091.6,223.5,-1.7,4,17040,1.000,0.000,0.034,-0.061,0.002,70.5,-5.0,0,-3.54,-0.267,71.4,363.0,1.000,9.1,21.3,41.4,200.0,155.7,94.6,83.2,75.3,70.5,66.3,62.6,59.2,55.1,50.9,44.1,33.9,23.6,16.3,7.9
2115,43.346,0.000,2092.8,224.0,-1.7,4,17069,1.000,0.000,0.032,-0.063,0.002,70.8,-5.2,0,-3.54,-0.275,71.7,363.7,1.000,9.1,21.3,41.5,200.0,162.2,95.7,83.9,75.7,70.8,66.5,62.6,59.2,55.1,50.9,44.0,33.8,23.6,16.3,7.9
2116,43.366,0.000,2094.0,224.5,-1.7,4,17099,1.000,0.000,0.029,-0.065,0.002,71.1,-5.5,0,-3.54,-0.283,72.1,364.3,1.000,9.1,21.4,41.7,200.0,167.5,97.0,84.6,76.1,71.1,66.6,62.7,59.2,55.0,50.8,44.0,33.8,23.5,16.2,7.9
2117,43.386,0.000,2095.3,225.0,-1.6,4,17129,1.000,0.000,0.027,-0.067,0.002,71.3,-5.7,0,-3.55,-0.293,72.5,364.8,1.000,9.2,21.5,41.9,200.0,171.6,98.1,85.2,76.5,71.3,66.7,62.7,59.2,54.8,50.6,43.8,33.6,23.5,16.2,7.8
2118,43.406,0.000,2096.5,225.5,-1.6,4,17161,1.000,0.000,0.026,-0.069,0.003,71.3,-5.9,0,-3.56,-0.304,73.0,364.9,1.000,9.2,21.6,42.3,200.0,174.8,99.0,85.7,76.7,71.3,66.7,62.6,59.0,54.6,50.4,43.6,33.5,23.4,16.1,7.8
2119,43.426,0.000,2097.8,226.0,-1.5,4,17203,1.000,0.000,0.025,-0.071,0.003,71.3,-5.8,0,-3.57,-0.317,73.5,364.9,1.000,9.2,21.7,42.8,200.0,177.3,99.9,86.0,76.8,71.3,66.6,62.5,58.8,54.4,50.1,43.3,33.3,23.2,16.1,7.8
2120,43.446,0.000,2099.0,226.5,-1.4,4,17239,1.000,0.000,0.024,-0.073,0.004,71.3,-5.8,0,-3.58,-0.331,74.1,364.9,1.000,9.2,21.8,43.4,200.0,179.6,100.9,86.3,76.9,71.3,66.5,62.3,58.6,54.1,49.7,43.1,33.1,23.1,16.0,7.8
2121,43.466,0.000,2100.3,227.0,-1.3,4,17274,1.000,0.000,0.023,-0.076,0.005,71.3,-5.9,0,-3.60,-0.346,74.7,364.9,1.000,9.3,21.9,44.0,200.0,181.8,102.1,86.6,76.9,71.3,66.4,62.1,58.3,53.8,49.4,42.8,32.9,23.0,15.9,7.7
2122,43.486,0.000,2101.6,227.5,-1.3,4,17308,1.000,0.000,0.022,-0.078,0.006,71.2,-6.0,0,-3.61,-0.363,75.4,364.9,1.000,9.3,22.1,44.7,200.0,184.0,103.5,86.9,77.0,71.2,66.2,61.9,58.1,53.5,49.1,42.4,32.6,22.8,15.8,7.7
2123,43.506,0.000,2102.8,228.0,-1.2,4,17342,1.000,0.000,0.020,-0.081,0.007,71.1,-6.1,0,-3.63,-0.381,76.2,364.9,1.000,9.3,22.2,45.4,200.0,186.3,105.4,87.2,77.1,71.1,66.1,61.7,57.8,53.2,48.7,42.1,32.4,22.7,15.7,7.7
2124,43.526,0.000,2104.1,228.4,-1.2,4,17373,1.000,0.000,0.018,-0.083,0.009,71.0,-6.3,0,-3.64,-0.400,77.0,364.9,1.000,9.4,22.4,46.1,200.0,188.5,107.9,87.5,77.1,71.0,65.9,61.4,57.5,52.9,48.4,41.7,32.2,22.5,15.6,7.7
2125,43.546,0.000,2105.4,228.9,-1.1,4,17394,1.000,0.000,0.015,-0.087,0.010,70.8,-6.7,0,-3.66,-0.426,78.1,364.9,1.000,9.4,22.5,46.9,200.0,190.2,110.9,87.5,76.9,70.8,65.6,61.1,57.2,52.5,48.0,41.3,31.8,22.4,15.5,7.6
2126,43.566,0.000,2106.6,229.4,-1.0,4,17430,1.000,0.000,0.012,-0.090,0.012,70.4,-6.8,0,-3.68,-0.455,79.3,364.9,1.000,9.4,22.8,47.8,200.0,191.4,114.8,87.3,76.5,70.4,65.1,60.6,56.6,51.9,47.4,40.8,31.5,22.1,15.4,7.6
2127,43.586,0.000,2107.9,229.9,-0.9,4,17471,1.000,0.000,0.017,-0.094,0.014,69.7,-6.7,0,-3.69,-0.470,80.6,364.9,1.000,9.5,23.0,48.8,200.0,191.8,124.3,86.8,75.9,69.7,64.5,59.9,56.0,51.3,46.8,40.3,31.1,21.9,15.3,7.5
2128,43.606,0.000,2109.2,230.4,-0.8,4,17513,1.000,0.000,0.029,-0.098,0.016,69.2,-6.6,0,-3.71,-0.470,81.9,364.9,1.000,9.6,23.3,49.7,200.0,192.5,129.1,86.3,75.4,69.2,63.9,59.3,55.4,50.7,46.3,39.7,30.7,21.7,15.1,7.5
2129,43.626,0.000,2110.5,230.9,-0.8,4,17552,1.000,0.000,0.038,-0.102,0.017,69.1,-6.6,0,-3.71,-0.470,83.4,364.9,1.000,9.6,23.5,50.2,200.0,195.3,135.2,86.8,75.5,69.1,63.7,59.1,55.2,50.4,45.9,39.4,30.4,21.5,15.0,7.4
2130,43.646,0.000,2111.7,231.4,-0.9,4,17566,1.000,0.000,0.041,-0.106,0.017,69.8,-7.0,0,-3.68,-0.470,85.3,364.9,1.000,9.6,23.6,50.0,200.0,200.0,142.6,88.9,76.5,69.8,64.2,59.5,55.4,50.5,45.9,39.2,30.3,21.4,14.9,7.4
2131,43.666,0.000,2113.0,231.9,-1.0,4,17588,1.000,0.000,0.040,-0.111,0.017,71.0,-7.5,0,-3.64,-0.470,88.0,364.9,1.000,9.7,23.7,49.7,200.0,200.0,149.6,92.6,78.1,71.0,65.1,60.1,55.9,50.8,46.1,39.2,30.2,21.3,14.9,7.4
2132,43.686,0.000,2114.3,232.3,-1.2,4,17629,1.000,0.000,0.020,-0.116,0.017,72.4,-7.3,0,-3.06,-0.470,92.3,364.9,1.000,9.7,23.8,49.2,142.2,200.0,155.7,99.2,80.0,72.4,66.2,61.0,56.5,51.2,46.3,39.3,30.1,21.2,14.8,7.3
2133,43.706,0.000,2115.6,232.8,-1.4,4,17678,1.000,0.000,0.020,-0.121,0.017,73.4,-7.1,0,-2.93,-0.470,107.9,364.9,1.000,9.8,23.9,49.1,134.2,200.0,159.8,121.2,81.5,73.4,66.9,61.4,56.8,51.4,46.4,39.2,29.9,21.1,14.7,7.3
2134,43.726,0.000,2116.9,233.2,-1.3,4,17723,1.000,0.000,0.026,-0.126,0.018,73.9,-6.9,0,-2.88,-0.470,117.4,364.9,1.000,9.8,24.1,49.2,130.0,200.0,162.2,129.5,82.5,73.9,67.2,61.6,56.8,51.3,46.2,38.9,29.7,20.9,14.6,7.2
2135,43.746,0.000,2118.2,233.7,-1.3,4,17762,1.000,0.000,0.031,-0.131,0.019,74.7,-6.8,0,-2.83,-0.470,125.4,364.9,1.000,9.9,24.3,49.2,125.9,200.0,165.2,135.4,84.2,74.7,67.7,61.9,57.0,51.3,46.1,38.8,29.4,20.8,14.5,7.2
2136,43.766,0.000,2119.5,234.2,-1.3,4,17745,1.000,0.000,0.034,-0.136,0.019,75.8,-8.0,0,-2.77,-0.470,132.4,364.9,1.000,9.9,24.5,49.1,121.8,200.0,169.0,140.8,87.2,75.8,68.5,62.4,57.4,51.5,46.2,38.7,29.2,20.6,14.4,7.2
2137,43.786,0.000,2120.8,234.7,-1.2,4,17776,1.000,0.000,0.037,-0.141,0.019,77.3,-8.2,0,-2.71,-0.470,139.0,364.9,1.000,10.0,24.7,48.9,118.1,200.0,173.2,145.4,91.9,77.3,69.4,63.1,57.8,51.8,46.3,38.6,29.0,20.5,14.3,7.1
2138,43.806,0.000,2122.1,235.1,-1.2,4,17823,1.000,0.000,0.039,-0.147,0.020,79.4,-7.9,0,-2.61,-0.470,146.5,364.9,1.000,10.0,24.8,48.7,114.6,200.0,178.0,149.8,115.4,79.4,70.5,63.9,58.4,52.1,46.5,38.6,28.9,20.3,14.2,7.1
2139,43.826,0.000,2123.4,235.6,-1.2,4,17881,1.000,0.000,0.039,-0.152,0.020,82.8,-7.4,0,-2.53,-0.470,151.7,364.9,1.000,10.1,25.0,48.3,111.0,200.0,184.1,154.2,126.9,82.8,72.0,65.0,59.2,52.7,46.8,38.7,28.8,20.2,14.1,7.0
2140,43.846,0.000,2124.7,236.0,-1.4,4,17929,1.000,0.000,0.036,-0.158,0.019,91.6,-7.1,0,-2.43,-0.470,156.4,364.9,1.000,10.1,25.0,47.6,107.0,200.0,192.9,160.0,135.9,91.6,74.8,66.8,60.6,53.7,47.4,39.0,28.8,20.1,14.1,7.0
2141,43.866,0.000,2126.0,236.4,-1.6,4,17969,1.000,0.000,0.029,-0.163,0.018,122.5,-6.9,0,-2.29,-0.470,161.7,364.9,1.000,10.2,25.0,46.9,103.0,200.0,200.0,167.3,143.7,122.5,79.4,69.2,62.4,55.0,48.3,39.5,28.9,20.1,14.0,6.9
2142,43.886,0.000,2127.3,237.0,-1.7,4,17926,1.000,0.000,0.028,-0.169,0.018,131.2,-8.8,0,-2.20,-0.470,167.3,364.9,1.000,10.2,25.0,46.4,100.0,200.0,200.0,173.8,149.1,131.2,85.9,71.5,64.0,56.0,49.1,39.8,28.9,20.0,13.9,6.9
2143,43.906,0.000,2128.6,237.4,-1.5,4,17964,1.000,0.000,0.031,-0.174,0.018,135.7,-8.8,0,-2.11,-0.470,173.0,364.9,1.000,10.3,25.2,46.1,97.9,200.0,200.0,178.5,152.3,135.7,109.6,73.4,64.9,56.6,49.4,39.9,28.8,19.8,13.8,6.8
2144,43.926,0.000,2129.9,237.8,-1.3,4,18021,1.000,0.000,0.037,-0.180,0.019,139.1,-8.2,0,-2.06,-0.470,179.3,364.9,1.000,10.3,25.3,46.0,96.0,200.0,200.0,182.9,155.2,139.1,118.2,75.6,65.7,57.1,49.6,39.9,28.7,19.7,13.7,6.8
2145,43.946,0.000,2131.3,238.2,-1.2,4,18080,1.000,0.000,0.041,-0.185,0.020,143.2,-7.6,0,-2.00,-0.470,186.4,364.9,1.000,10.4,25.4,45.7,93.8,200.0,200.0,189.2,159.4,143.2,125.1,80.2,67.4,58.0,50.2,40.1,28.7,19.5,13.6,6.7
2146,43.966,0.000,2132.6,238.7,-1.4,4,18128,1.000,0.000,0.035,-0.191,0.019,149.3,-7.3,0,-1.86,-0.470,194.5,364.9,1.000,10.4,25.3,45.0,90.6,200.0,200.0,200.0,167.1,149.3,133.3,110.3,71.3,59.9,51.5,40.8,28.9,19.5,13.5,6.7
2147,43.986,0.000,2133.9,239.2,-1.6,4,18096,1.000,0.000,0.028,-0.196,0.018,156.6,-8.6,0,-1.75,-0.470,193.8,364.9,1.000,10.4,25.2,44.2,87.4,200.0,200.0,200.0,176.5,156.6,140.6,122.9,78.8,62.4,53.2,41.7,29.2,19.6,13.5,6.7
2148,44.006,0.000,2135.2,239.6,-1.6,4,18105,1.000,0.000,0.028,-0.202,0.018,162.3,-9.5,0,-1.64,-0.470,195.7,364.9,1.000,10.5,25.1,43.7,85.1,200.0,200.0,200.0,184.0,162.3,145.2,129.3,105.7,64.7,54.4,42.3,29.4,19.5,13.4,6.6
2149,44.026,0.000,2136.6,240.0,-1.4,4,18152,1.000,0.000,0.033,-0.207,0.019,166.5,-9.2,0,-1.58,-0.470,198.0,364.9,1.000,10.5,25.2,43.5,83.4,200.0,200.0,200.0,189.6,166.5,148.4,133.0,113.6,66.6,55.2,42.6,29.4,19.4,13.3,6.6
2150,44.046,0.000,2137.9,240.4,-1.3,4,18220,1.000,0.000,0.040,-0.213,0.020,170.7,-8.3,0,-1.54,-0.470,199.5,364.9,1.000,10.6,25.2,43.2,81.9,200.0,200.0,200.0,195.5,170.7,151.6,136.1,118.9,69.2,56.0,43.0,29.4,19.3,13.2,6.5
2151,44.066,0.000,2139.2,240.8,-1.2,4,18277,1.000,0.000,0.040,-0.218,0.019,178.6,-7.8,0,-1.46,-0.470,200.0,364.9,1.000,10.7,25.1,42.7,79.6,200.0,200.0,200.0,200.0,178.6,157.5,141.0,125.5,76.7,57.8,43.8,29.7,19.4,13.2,6.5
2152,44.086,0.000,2140.6,241.3,-1.5,4,18322,1.000,0.000,0.031,-0.224,0.018,191.3,-7.4,0,-1.31,-0.470,200.0,364.9,1.000,10.7,24.9,41.8,76.7,200.0,200.0,200.0,200.0,191.3,167.2,148.4,133.3,107.8,61.4,45.3,30.2,19.5,13.2,6.4
2153,44.106,0.000,2141.9,241.8,-1.7,4,18249,1.000,0.000,0.139,-0.229,0.017,200.0,-10.0,0,-0.98,0.000,200.0,364.9,1.000,10.7,24.7,41.1,74.2,126.4,200.0,200.0,200.0,200.0,177.0,156.0,139.5,117.7,66.4,46.8,30.8,19.7,13.2,6.4
2154,44.126,0.000,2143.2,242.1,-1.4,4,18288,1.000,0.000,0.121,-0.234,0.015,200.0,-9.4,0,-0.79,0.000,200.0,364.9,1.000,10.7,24.4,40.0,71.1,110.9,200.0,200.0,200.0,200.0,193.3,168.3,149.1,128.0,95.3,49.3,31.7,19.9,13.2,6.4
2155,44.146,0.000,2144.6,242.5,-1.9,4,18356,1.000,0.000,0.088,-0.239,0.009,200.0,-8.6,0,-0.58,0.000,200.0,364.9,1.000,10.7,23.8,38.4,66.6,98.6,200.0,200.0,200.0,200.0,200.0,192.8,167.8,142.0,118.3,54.4,33.5,20.6,13.5,6.4
2156,44.166,0.000,2145.9,242.8,-2.6,4,18428,1.000,0.000,0.054,-0.242,0.003,200.0,-7.7,0,-0.40,0.000,200.0,364.9,1.000,10.6,23.3,36.8,62.3,89.9,200.0,200.0,200.0,200.0,200.0,200.0,193.8,160.0,133.5,64.1,35.7,21.3,13.8,6.4
2157,44.186,0.000,2147.3,243.2,-3.3,4,18487,1.000,0.000,0.007,-0.245,-0.004,200.0,-7.1,0,-0.01,0.000,200.0,364.9,1.000,10.5,22.7,35.3,58.5,83.3,109.0,200.0,200.0,200.0,200.0,200.0,200.0,182.8,148.7,101.6,38.3,22.2,14.1,6.4
2158,44.206,0.000,2148.6,243.6,-3.7,4,18448,1.000,0.000,-0.025,-0.247,-0.010,200.0,-8.5,0,0.11,0.000,200.0,364.9,1.000,10.5,22.4,34.4,56.1,79.4,99.9,200.0,200.0,200.0,200.0,200.0,200.0,200.0,160.6,113.8,40.2,22.8,14.3,6.5
2159,44.226,0.000,2150.0,244.1,-2.9,4,18437,1.000,0.000,-0.026,-0.248,-0.010,200.0,-9.9,0,0.12,0.000,200.0,364.9,1.000,10.5,22.4,34.4,55.9,78.7,99.3,200.0,200.0,200.0,200.0,200.0,200.0,200.0,160.2,114.0,40.2,22.7,14.3,6.4
2160,44.246,0.000,2151.3,244.5,-1.7,4,18482,1.000,0.000,-0.008,-0.248,-0.007,200.0,-9.7,0,0.05,0.000,200.0,364.9,1.000,10.5,22.6,34.9,56.8,79.9,103.4,200.0,200.0,200.0,200.0,200.0,200.0,189.2,152.5,108.4,39.1,22.4,14.1,6.4
2161,44.266,0.000,2152.7,244.9,-0.7,4,18547,1.000,0.000,0.009,-0.248,-0.003,200.0,-8.8,0,-0.02,0.000,200.0,364.9,1.000,10.6,22.8,35.4,57.6,81.1,109.3,200.0,200.0,200.0,200.0,200.0,200.0,178.9,145.7,103.0,38.1,22.1,14.0,6.4
2162,44.286,0.000,2154.1,245.3,-0.1,4,18604,1.000,0.000,0.016,-0.248,-0.002,200.0,-8.2,0,-0.05,0.000,200.0,364.9,1.000,10.6,22.8,35.6,57.8,81.3,113.3,200.0,200.0,200.0,200.0,200.0,200.0,174.4,142.5,100.8,37.7,21.9,14.0,6.4
2163,44.306,0.000,2155.4,245.2,-0.0,5,16672,1.000,0.000,0.013,-0.247,-0.003,200.0,-17.9,0,-0.04,0.000,200.0,364.9,1.000,10.6,22.8,35.5,57.3,80.4,112.1,200.0,200.0,200.0,200.0,200.0,200.0,175.0,142.9,102.0,37.9,22.0,14.0,6.4
2164,44.326,0.000,2156.8,244.8,-0.2,5,16638,1.000,0.000,0.006,-0.246,-0.004,200.0,-18.3,0,-0.01,0.000,200.0,364.9,1.000,10.5,22.7,35.3,56.5,78.9,108.4,200.0,200.0,200.0,200.0,200.0,200.0,178.1,144.8,104.3,38.3,22.2,14.1,6.4
2165,44.346,0.000,2158.1,244.3,-0.3,5,16259,1.000,0.000,-0.001,-0.246,-0.005,200.0,-19.0,0,0.02,0.000,200.0,364.9,1.000,10.5,22.6,35.1,55.8,77.6,105.4,200.0,200.0,200.0,200.0,200.0,200.0,180.9,146.6,106.1,38.8,22.3,14.1,6.4
2166,44.366,0.000,2159.5,244.3,-0.4,5,16606,1.000,0.000,-0.004,-0.245,-0.006,200.0,-9.4,0,0.03,0.000,200.0,364.9,1.000,10.5,22.6,35.0,55.2,76.7,104.1,200.0,200.0,200.0,200.0,200.0,200.0,182.0,147.1,106.9,39.2,22.4,14.2,6.4
2167,44.386,0.000,2160.8,244.6,-0.3,5,16637,1.000,0.000,-0.004,-0.244,-0.006,200.0,-9.0,0,0.03,0.000,200.0,364.9,1.000,10.5,22.5,34.9,54.8,76.1,104.2,200.0,200.0,200.0,200.0,200.0,200.0,181.2,146.5,106.7,39.4,22.4,14.2,6.5
2168,44.406,0.000,2162.2,244.9,-0.2,5,16657,1.000,0.000,-0.002,-0.243,-0.005,200.0,-9.1,0,0.02,0.000,200.0,364.9,1.000,10.5,22.6,35.0,54.6,75.7,105.5,200.0,200.0,200.0,200.0,200.0,200.0,179.3,145.2,106.0,39.5,22.4,14.2,6.5
2169,44.426,0.000,2163.6,245.3,-0.1,5,16676,1.000,0.000,0.001,-0.242,-0.005,200.0,-9.1,0,0.01,0.000,200.0,364.9,1.000,10.5,22.6,35.0,54.3,75.4,107.6,200.0,200.0,200.0,200.0,200.0,200.0,177.3,143.8,105.3,39.6,22.4,14.2,6.5
2170,44.446,0.000,2164.9,245.6,0.0,5,16662,1.000,0.000,0.002,-0.241,-0.005,200.0,-10.1,0,0.00,0.000,200.0,364.9,1.000,10.5,22.6,34.9,53.9,75.0,109.9,200.0,200.0,200.0,200.0,200.0,200.0,175.9,142.7,104.8,39.9,22.4,14.2,6.5
2171,44.466,0.000,2166.3,245.9,0.0,5,16682,1.000,0.000,0.002,-0.239,-0.005,200.0,-10.2,0,-0.00,0.000,200.0,364.9,1.000,10.5,22.5,34.8,53.5,74.4,112.3,199.1,200.0,200.0,200.0,200.0,200.0,175.3,142.2,104.5,40.3,22.4,14.2,6.5
2172,44.486,0.000,2167.7,246.2,0.0,5,16710,1.000,0.000,0.001,-0.238,-0.005,200.0,-10.0,0,0.00,0.000,200.0,364.9,1.000,10.5,22.5,34.7,53.0,73.7,114.0,197.8,200.0,200.0,200.0,200.0,200.0,175.1,142.0,104.5,40.9,22.5,14.2,6.5
2173,44.506,0.000,2169.0,246.5,-0.0,5,16746,1.000,0.000,-0.000,-0.237,-0.005,200.0,-9.7,0,0.00,0.000,200.0,364.9,1.000,10.4,22.5,34.5,52.5,73.1,115.5,196.5,200.0,200.0,200.0,200.0,200.0,174.9,141.7,104.4,41.6,22.5,14.3,6.5
2174,44.526,0.000,2170.4,246.9,-0.0,5,16777,1.000,0.000,-0.001,-0.236,-0.005,200.0,-9.4,0,0.01,0.000,200.0,364.9,1.000,10.4,22.4,34.3,52.0,72.5,117.6,195.2,200.0,200.0,200.0,200.0,200.0,174.5,141.4,104.2,42.4,22.6,14.3,6.5
2175,44.546,0.000,2171.8,247.2,-0.0,5,16802,1.000,0.000,-0.001,-0.235,-0.005,200.0,-9.3,0,0.00,0.000,200.0,364.9,1.000,10.4,22.4,34.2,51.5,72.0,120.6,194.1,200.0,200.0,200.0,200.0,200.0,173.8,140.8,103.8,43.2,22.6,14.3,6.5
2176,44.566,0.000,2173.2,247.5,-0.0,5,16795,1.000,0.000,-0.000,-0.234,-0.005,200.0,-10.1,0,-0.00,0.000,200.0,364.9,1.000,10.4,22.4,34.0,51.1,71.5,124.4,193.0,200.0,200.0,200.0,200.0,200.0,172.9,140.1,103.4,44.2,22.7,14.3,6.5
2177,44.586,0.000,2174.5,247.8,0.0,5,16820,1.000,0.000,-0.000,-0.233,-0.005,200.0,-10.0,0,-0.01,0.000,200.0,364.9,1.000,10.4,22.4,33.9,50.6,71.1,128.1,191.9,200.0,200.0,200.0,200.0,200.0,172.0,139.4,102.9,45.3,22.7,14.3,6.5
2178,44.606,0.000,2175.9,248.1,0.0,5,16851,1.000,0.000,0.000,-0.232,-0.005,200.0,-9.8,0,-0.01,0.000,200.0,364.9,1.000,10.4,22.3,33.7,50.1,70.6,131.5,190.7,200.0,200.0,200.0,200.0,200.0,171.2,138.8,102.4,46.7,22.8,14.4,6.6
2179,44.626,0.000,2177.3,248.4,0.0,5,16880,1.000,0.000,0.000,-0.230,-0.005,200.0,-9.6,0,-0.01,0.000,200.0,364.9,1.000,10.4,22.3,33.5,49.6,70.2,134.6,189.6,199.5,200.0,200.0,200.0,200.0,170.4,138.2,102.0,48.4,22.9,14.4,6.6
2180,44.646,0.000,2178.7,248.7,0.0,5,16904,1.000,0.000,-0.000,-0.229,-0.005,200.0,-9.5,0,-0.01,0.000,200.0,364.9,1.000,10.4,22.2,33.2,49.1,69.7,137.7,188.4,198.2,200.0,200.0,200.0,200.0,169.7,137.6,101.6,50.4,23.0,14.4,6.6
2181,44.666,0.000,2180.1,249.0,0.0,5,16913,1.000,0.000,-0.000,-0.228,-0.005,200.0,-9.8,0,-0.01,0.000,200.0,364.9,1.000,10.4,22.2,33.0,48.6,69.3,140.8,187.2,196.9,200.0,200.0,200.0,200.0,169.0,137.0,101.2,52.2,23.2,14.4,6.6
2182,44.686,0.000,2181.4,249.4,0.0,5,16927,1.000,0.000,-0.000,-0.227,-0.005,200.0,-10.0,0,-0.01,0.000,200.0,364.9,1.000,10.4,22.1,32.8,48.0,68.9,143.8,186.0,195.6,200.0,200.0,200.0,200.0,168.3,136.5,100.8,53.6,23.4,14.5,6.6
2183,44.706,0.000,2182.8,249.7,0.0,5,16950,1.000,0.000,-0.000,-0.226,-0.005,200.0,-10.0,0,-0.01,0.000,200.0,364.9,1.000,10.4,22.0,32.5,47.5,68.5,146.8,184.8,194.3,200.0,200.0,200.0,200.0,167.7,135.9,100.3,54.8,23.6,14.5,6.6
2184,44.726,0.000,2184.2,250.0,0.0,5,16978,1.000,0.000,-0.001,-0.225,-0.005,200.0,-9.8,0,-0.01,0.000,200.0,364.9,1.000,10.3,21.9,32.2,47.0,68.2,149.8,183.7,193.0,199.1,200.0,200.0,200.0,167.3,135.4,99.9,55.8,23.9,14.5,6.6
2185,44.746,0.000,2185.6,250.3,0.0,5,17002,1.000,0.000,-0.003,-0.224,-0.005,200.0,-9.7,0,0.05,0.000,200.0,364.9,1.000,10.3,21.8,32.0,46.5,67.9,153.4,182.5,191.8,197.7,200.0,200.0,200.0,200.0,134.7,99.5,56.6,24.2,14.6,6.6
2186,44.766,0.000,2187.0,250.6,0.0,5,17025,1.000,0.000,-0.002,-0.223,-0.005,200.0,-9.7,0,0.04,0.000,200.0,364.9,1.000,10.3,21.7,31.7,46.1,67.7,158.6,181.4,190.6,196.5,200.0,200.0,200.0,200.0,133.8,98.9,57.2,24.4,14.7,6.6
2187,44.786,0.000,2188.4,250.9,0.0,5,17036,1.000,0.000,-0.000,-0.221,-0.004,200.0,-9.9,0,0.04,0.000,200.0,364.9,1.000,10.3,21.5,31.4,45.7,67.6,163.1,180.5,189.5,195.4,200.0,200.0,200.0,200.0,132.8,98.2,57.6,24.8,14.8,6.6
2188,44.806,0.000,2189.8,251.2,0.1,5,17056,1.000,0.000,0.000,-0.220,-0.004,200.0,-9.9,0,0.04,0.000,200.0,364.9,1.000,10.3,21.4,31.2,45.3,67.5,163.4,179.4,188.3,194.1,200.0,200.0,200.0,200.0,131.9,97.6,58.1,25.1,14.9,6.6
2189,44.826,0.000,2191.2,251.5,0.1,5,17079,1.000,0.000,0.000,-0.219,-0.004,200.0,-9.9,0,0.05,0.000,200.0,364.9,1.000,10.3,21.3,30.9,44.8,67.4,163.0,178.2,187.0,192.8,199.0,200.0,200.0,200.0,131.2,97.1,58.5,25.6,15.0,6.7
2190,44.846,0.000,2192.6,251.8,0.1,5,17102,1.000,0.000,-0.000,-0.218,-0.004,200.0,-9.8,0,0.06,0.000,200.0,364.9,1.000,10.2,21.1,30.5,44.4,67.3,162.4,177.0,185.7,191.5,197.6,200.0,200.0,200.0,130.6,96.7,58.9,26.0,15.1,6.7
2191,44.866,0.000,2194.0,252.1,0.0,5,17120,1.000,0.000,-0.001,-0.217,-0.004,200.0,-10.0,0,0.07,0.000,200.0,364.9,1.000,10.2,20.9,30.2,43.9,67.2,161.6,175.8,184.4,190.1,196.2,200.0,200.0,200.0,130.1,96.3,59.2,26.6,15.3,6.7
2192,44.886,0.000,2195.4,252.3,0.0,5,17135,1.000,0.000,-0.016,-0.216,-0.007,200.0,-10.0,0,0.07,0.000,200.0,364.9,1.000,10.2,20.8,29.9,43.5,67.1,160.9,174.6,183.1,188.8,194.8,200.0,200.0,200.0,129.4,95.8,59.4,27.1,15.5,6.7
2193,44.906,0.000,2196.8,252.7,0.0,5,17106,1.000,0.000,-0.026,-0.214,-0.009,200.0,-11.4,0,0.07,0.000,200.0,364.9,1.000,10.1,20.6,29.6,43.3,68.0,161.2,174.0,182.3,188.0,194.0,200.0,200.0,200.0,127.4,94.6,59.2,27.6,15.6,6.8
2194,44.926,0.000,2198.2,253.0,0.2,5,17129,1.000,0.000,-0.026,-0.212,-0.010,200.0,-11.4,0,-0.05,0.000,200.0,364.9,1.000,10.1,20.5,29.5,43.5,70.5,162.6,174.2,182.2,187.9,194.0,200.0,200.0,150.7,123.5,92.3,58.3,27.9,15.7,6.8
2195,44.946,0.000,2199.6,253.2,0.4,5,17165,1.000,0.000,-0.026,-0.209,-0.011,200.0,-11.0,0,-0.09,0.000,200.0,364.9,1.000,10.1,20.5,29.4,43.8,75.3,164.2,174.8,182.6,188.4,194.6,200.0,200.0,143.9,118.8,89.6,57.0,28.1,15.8,6.8
2196,44.966,0.000,2201.0,253.5,0.7,5,17202,1.000,0.000,-0.023,-0.206,-0.010,200.0,-10.5,0,-0.15,0.000,200.0,364.9,1.000,10.1,20.4,29.4,44.4,84.5,165.8,175.6,183.3,189.2,195.5,200.0,200.0,136.6,113.7,86.5,55.6,28.1,15.8,6.8
2197,44.986,0.000,2202.4,253.8,0.9,5,17194,1.000,0.000,-0.020,-0.203,-0.010,200.0,-11.0,0,-0.22,0.000,200.0,364.9,1.000,10.0,20.4,29.4,45.1,96.4,167.1,176.4,184.1,190.0,196.4,200.0,200.0,129.8,108.9,83.6,54.2,28.1,15.9,6.9
2198,45.006,0.000,2203.8,254.1,1.0,5,17199,1.000,0.000,-0.021,-0.199,-0.011,200.0,-11.6,0,-0.28,0.000,200.0,364.9,1.000,10.0,20.3,29.3,45.7,108.4,167.7,176.6,184.4,190.4,196.9,200.0,200.0,124.8,105.2,81.3,53.2,28.2,16.0,6.9
2199,45.026,0.000,2205.3,254.3,0.9,5,17234,1.000,0.000,-0.020,-0.196,-0.011,200.0,-11.2,0,-0.42,0.000,200.0,364.9,1.000,10.0,20.2,29.3,46.2,120.7,167.9,176.5,184.4,190.5,197.0,200.0,143.5,120.7,102.2,79.4,52.4,28.3,16.1,6.9
2200,45.046,0.000,2206.7,254.6,0.9,5,17275,1.000,0.000,-0.023,-0.192,-0.012,200.0,-10.5,0,-0.49,0.000,200.0,364.9,1.000,9.9,20.1,29.2,46.8,134.7,167.9,176.4,184.4,190.5,197.0,200.0,138.5,117.0,99.4,77.6,51.6,28.4,16.3,7.0
2201,45.066,0.000,2208.1,254.9,0.9,5,17311,1.000,0.000,-0.026,-0.188,-0.013,200.0,-10.0,0,-0.56,0.000,200.0,364.9,1.000,9.9,20.0,29.2,47.5,145.9,168.0,176.4,184.4,190.6,197.2,200.0,133.4,113.3,96.6,75.8,50.7,28.4,16.4,7.0
2202,45.086,0.000,2209.5,255.1,1.0,5,17340,1.000,0.000,-0.028,-0.184,-0.014,200.0,-9.7,0,-0.60,0.000,200.0,364.9,1.000,9.8,19.9,29.3,48.6,148.6,168.2,176.6,184.6,190.9,197.6,200.0,128.1,109.3,93.6,73.8,49.8,28.3,16.5,7.1
2203,45.106,0.000,2210.9,255.4,1.1,5,17363,1.000,0.000,-0.228,-0.180,-0.014,198.2,-9.6,0,-0.73,-0.850,198.2,363.1,1.000,9.8,19.8,29.4,49.9,150.5,168.4,176.9,185.1,191.4,198.2,139.2,122.7,105.2,90.5,71.7,48.7,28.2,16.6,7.1
2204,45.126,0.000,2212.4,255.6,1.1,5,17384,1.000,0.000,-0.028,-0.175,-0.012,200.0,-8.7,0,-0.84,0.000,200.0,364.9,1.000,9.8,20.0,30.0,53.5,154.3,170.6,179.4,187.9,194.5,200.0,126.6,112.7,97.7,84.8,68.0,46.6,27.5,16.6,7.1
2205,45.146,0.000,2213.8,255.9,2.4,5,17407,1.000,0.000,-0.228,-0.172,-0.005,200.0,-9.0,0,-1.11,-0.850,200.0,361.9,1.000,9.8,20.3,31.2,62.0,159.5,175.1,184.5,193.5,200.0,124.4,110.9,100.0,87.9,77.2,62.9,43.6,26.4,16.3,7.1
2206,45.166,0.000,2215.2,256.1,2.8,5,17425,1.000,0.000,-0.028,-0.168,-0.001,125.2,-8.3,0,-1.36,0.000,125.2,356.6,1.000,9.8,20.6,32.4,74.7,162.9,178.8,188.6,198.2,125.2,111.4,100.3,91.2,80.9,71.7,59.0,41.4,25.6,16.0,7.1
2207,45.186,0.000,2216.6,256.2,3.8,5,17566,1.000,0.000,-0.228,-0.166,0.005,110.3,-5.6,0,-1.71,-0.850,118.1,341.6,1.000,9.9,21.1,34.0,96.0,166.6,183.4,193.9,124.0,110.3,99.3,90.3,82.8,74.1,66.3,55.0,39.0,24.6,15.8,7.1
2208,45.206,0.000,2218.1,256.5,4.4,5,17564,1.000,0.000,-0.028,-0.164,0.011,97.9,-5.1,0,-2.20,-0.470,112.2,329.9,1.000,9.9,21.6,35.9,132.4,170.8,188.6,128.7,108.8,97.9,89.0,81.6,75.4,68.1,61.3,51.2,36.8,23.7,15.4,7.1
2209,45.226,0.000,2219.5,256.7,5.4,5,17540,1.000,0.000,0.038,-0.162,0.018,86.5,-6.8,0,-2.55,-0.470,106.5,316.9,1.000,10.0,22.3,38.7,144.3,176.1,195.4,110.0,94.9,86.5,79.4,73.4,68.2,62.1,56.4,47.3,34.4,22.7,15.0,7.0
2210,45.246,0.000,2220.9,257.0,5.4,5,17515,1.000,0.000,0.045,-0.162,0.019,82.3,-8.2,0,-2.70,-0.470,101.1,314.5,1.000,10.0,22.6,40.2,146.0,177.3,125.5,103.7,90.0,82.3,75.7,70.2,65.4,59.7,54.2,45.7,33.5,22.3,14.9,7.0
2211,45.266,0.000,2222.3,257.3,4.0,5,17534,1.000,0.000,0.012,-0.161,0.012,83.6,-8.7,0,-2.61,-0.470,96.2,310.7,1.000,9.9,22.5,39.8,143.2,174.1,193.1,106.3,91.7,83.6,76.8,71.0,66.0,60.1,54.6,46.0,33.7,22.5,15.0,7.1
2212,45.286,0.000,2223.8,257.4,2.4,5,17763,1.000,0.000,-0.028,-0.160,0.005,86.2,-3.0,0,-2.51,-0.470,91.2,306.0,1.000,9.9,22.2,39.2,139.3,170.0,188.3,111.1,95.1,86.2,78.9,72.7,67.4,61.2,55.4,46.6,34.2,22.7,15.2,7.1
2213,45.306,0.000,2225.2,257.8,1.2,5,17732,1.000,0.000,-0.054,-0.159,-0.000,86.7,-3.8,0,-2.47,-0.470,86.7,303.1,1.000,9.8,22.2,39.3,137.2,167.6,185.5,112.4,95.8,86.7,79.2,72.8,67.4,61.1,55.2,46.5,34.2,22.7,15.2,7.1
2214,45.326,0.000,2226.7,258.2,0.9,5,17640,1.000,0.000,-0.060,-0.158,-0.002,84.0,-6.8,0,-2.54,-0.470,84.0,302.8,1.000,9.9,22.5,40.4,137.6,167.4,185.3,108.5,92.7,84.0,76.8,70.7,65.5,59.5,53.8,45.4,33.5,22.4,15.1,7.1
2215,45.346,0.000,2228.1,258.5,1.0,5,17598,1.000,0.000,-0.050,-0.157,-0.000,81.0,-8.3,0,-2.63,-0.470,81.0,302.7,1.000,9.9,22.8,41.8,138.1,167.3,185.4,104.0,89.2,81.0,74.1,68.4,63.4,57.6,52.2,44.1,32.7,22.1,14.9,7.1
2216,45.366,0.000,2229.5,258.7,1.0,5,17790,1.000,0.000,-0.030,-0.156,0.004,78.7,-4.3,0,-2.69,-0.470,82.0,302.1,1.000,9.9,23.1,43.2,138.0,166.8,184.9,100.8,86.6,78.7,72.1,66.5,61.8,56.2,50.9,43.1,32.0,21.7,14.8,7.1
2217,45.386,0.000,2231.0,258.7,1.2,5,18120,1.000,0.000,-0.002,-0.157,0.008,75.8,4.2,0,-2.83,-0.470,83.0,302.1,1.000,10.0,23.5,45.0,138.3,166.8,118.3,96.6,83.3,75.8,69.6,64.3,59.7,54.4,49.3,41.8,31.3,21.4,14.6,7.1
2218,45.406,0.000,2232.4,259.0,1.6,5,18150,1.000,0.000,0.028,-0.158,0.014,72.7,5.1,0,-2.96,-0.470,84.5,302.5,1.000,10.0,24.0,47.4,138.8,167.1,112.0,92.0,79.6,72.7,66.8,61.8,57.5,52.5,47.7,40.5,30.4,20.9,14.4,7.0
2219,45.426,0.000,2233.8,259.5,1.7,5,17911,1.000,0.000,0.049,-0.160,0.017,70.8,-1.8,0,-3.04,-0.470,85.8,301.6,1.000,10.1,24.3,49.1,138.4,166.4,108.8,89.5,77.5,70.8,65.1,60.3,56.1,51.2,46.5,39.6,29.8,20.6,14.2,7.0
2220,45.446,0.000,2235.3,260.1,1.2,5,17734,1.000,0.000,0.056,-0.163,0.018,70.5,-7.2,0,-3.03,-0.470,87.0,299.0,1.000,10.1,24.5,49.7,136.6,164.2,109.4,89.6,77.4,70.5,64.8,59.9,55.7,50.7,46.1,39.2,29.6,20.4,14.1,6.9
2221,45.466,0.000,2236.7,260.3,0.5,5,17860,1.000,0.000,0.054,-0.167,0.018,71.5,-5.3,0,-2.97,-0.470,88.6,295.1,1.000,10.2,24.6,49.5,134.1,161.0,113.3,91.8,78.8,71.5,65.5,60.4,56.1,50.9,46.1,39.2,29.5,20.4,14.1,6.9
2222,45.486,0.000,2238.2,260.4,-0.5,5,18077,1.000,0.000,0.041,-0.171,0.016,73.9,0.2,0,-2.80,-0.470,90.4,290.1,1.000,10.2,24.5,48.6,130.7,157.0,173.6,96.4,81.9,73.9,67.4,61.9,57.2,51.8,46.7,39.5,29.7,20.4,14.1,6.9
2223,45.506,0.000,2239.6,260.8,-1.6,5,17976,1.000,0.000,0.024,-0.176,0.013,77.6,-2.9,0,-2.66,-0.470,92.2,284.4,1.000,10.2,24.3,47.3,126.7,152.5,168.2,103.6,86.6,77.6,70.3,64.2,59.1,53.2,47.7,40.1,30.0,20.6,14.1,6.9
2224,45.526,0.000,2241.1,261.2,-2.4,5,17848,1.000,0.000,0.008,-0.180,0.010,81.1,-7.0,0,-2.43,-0.470,102.6,298.3,1.000,10.2,24.2,46.4,123.0,148.7,163.6,173.0,91.3,81.1,72.9,66.3,60.8,54.4,48.6,40.5,30.2,20.6,14.1,6.9
2225,45.546,0.000,2242.5,261.6,-2.5,5,17786,1.000,0.000,0.013,-0.185,0.011,81.8,-9.4,0,-2.41,-0.470,107.3,295.0,1.000,10.3,24.4,46.6,121.1,146.4,161.0,170.1,92.4,81.8,73.4,66.5,60.8,54.3,48.4,40.3,30.0,20.5,14.0,6.8
2226,45.566,0.000,2243.9,261.8,-2.0,5,17916,1.000,0.000,0.030,-0.190,0.014,80.3,-7.0,0,-2.45,-0.470,123.1,293.4,1.000,10.3,24.7,47.6,120.4,145.2,159.7,168.7,90.8,80.3,72.0,65.2,59.7,53.3,47.5,39.5,29.4,20.2,13.8,6.7
2227,45.586,0.000,2245.4,262.1,-1.7,5,18000,1.000,0.000,0.042,-0.196,0.015,80.0,-4.8,0,-2.45,-0.470,132.6,290.9,1.000,10.4,25.0,48.2,119.1,143.5,157.7,166.5,90.7,80.0,71.6,64.8,59.1,52.7,46.9,38.9,29.0,19.9,13.7,6.7
2228,45.606,0.000,2246.8,262.5,-1.7,5,17931,1.000,0.000,0.043,-0.201,0.015,81.8,-7.2,0,-2.41,-0.470,131.0,287.1,1.000,10.4,25.1,48.0,116.8,140.9,154.6,163.2,93.2,81.8,72.8,65.6,59.8,53.1,47.1,38.9,28.8,19.8,13.6,6.6
2229,45.626,0.000,2248.3,262.8,-2.0,5,17890,1.000,0.000,0.038,-0.206,0.014,85.0,-9.0,0,-2.34,-0.470,125.2,292.9,1.000,10.5,25.1,47.4,113.9,137.8,151.1,159.3,97.8,85.0,75.2,67.4,61.1,54.0,47.7,39.1,28.9,19.8,13.6,6.6
2230,45.646,0.000,2249.8,263.2,-2.1,5,17871,1.000,0.000,0.038,-0.212,0.014,87.5,-10.1,0,-2.28,-0.470,125.1,288.9,1.000,10.5,25.2,47.2,111.6,135.3,148.1,156.1,101.8,87.5,76.9,68.6,62.0,54.5,48.0,39.2,28.7,19.6,13.5,6.6
2231,45.666,0.000,2251.2,263.4,-2.0,5,17987,1.000,0.000,0.037,-0.217,0.014,89.4,-7.8,0,-2.10,-0.470,157.3,294.7,1.000,10.6,25.4,47.1,109.6,133.0,145.5,153.3,160.7,89.4,78.2,69.5,62.5,54.8,48.1,39.1,28.5,19.5,13.4,6.5
2232,45.686,0.000,2252.7,263.7,-2.1,5,18006,1.000,0.000,0.037,-0.222,0.014,92.9,-7.6,0,-2.06,-0.470,154.1,290.3,1.000,10.6,25.5,46.7,107.2,130.4,142.5,150.0,157.2,92.9,80.6,71.2,63.8,55.7,48.6,39.3,28.4,19.4,13.3,6.5
2233,45.706,0.000,2254.1,264.0,-2.2,5,17979,1.000,0.000,0.027,-0.228,0.013,158.9,-8.9,0,-1.83,-0.470,158.9,292.4,1.000,10.6,25.5,46.2,104.5,127.7,139.4,146.5,153.5,158.9,84.1,73.7,65.6,56.9,49.4,39.7,28.5,19.3,13.2,6.4
2234,45.726,0.000,2255.6,264.3,-2.3,5,17966,1.000,0.000,0.027,-0.233,0.012,155.3,-9.9,0,-1.79,-0.470,155.3,287.9,1.000,10.7,25.5,45.8,102.0,125.2,136.5,143.4,150.1,155.3,87.4,76.1,67.4,58.1,50.1,40.0,28.4,19.3,13.2,6.4
2235,45.746,0.000,2257.1,264.6,-2.1,5,17962,1.000,0.000,0.032,-0.238,0.013,152.4,-10.6,0,-1.77,-0.470,152.4,292.4,1.000,10.7,25.7,45.7,100.2,123.1,134.1,140.9,147.4,152.4,89.5,77.5,68.3,58.6,50.4,40.0,28.3,19.1,13.1,6.4
2236,45.766,0.000,2258.5,264.9,-1.9,5,18018,1.000,0.000,0.038,-0.243,0.014,149.7,-9.7,0,-1.74,-0.470,149.7,292.5,1.000,10.8,25.8,45.6,98.5,121.2,131.9,138.5,144.8,149.7,91.6,78.8,69.2,59.1,50.6,39.9,28.1,18.9,13.0,6.3
2237,45.786,0.000,2260.0,265.2,-1.8,5,18027,1.000,0.000,0.034,-0.249,0.014,151.6,-9.9,0,-1.54,-0.470,151.6,297.6,1.000,10.8,25.8,45.3,96.4,118.9,129.3,135.7,141.8,146.5,151.6,81.5,71.1,60.3,51.4,40.2,28.1,18.8,12.9,6.3
2238,45.806,0.000,2261.5,265.5,-1.9,5,18034,1.000,0.000,0.033,-0.254,0.013,148.1,-10.3,0,-1.50,-0.470,148.1,297.5,1.000,10.9,25.8,44.8,93.9,116.4,126.5,132.7,138.6,143.2,148.1,85.2,73.7,62.0,52.5,40.8,28.2,18.7,12.8,6.2
2239,45.826,0.000,2262.9,265.8,-1.9,5,18042,1.000,0.000,0.025,-0.259,0.013,149.6,-10.7,0,-1.27,-0.470,149.6,303.8,1.000,10.9,25.8,44.3,91.5,114.0,123.8,129.8,135.5,139.9,144.6,149.6,76.8,64.0,53.8,41.4,28.4,18.7,12.7,6.2
2240,45.846,0.000,2264.4,266.1,-1.9,5,18051,1.000,0.000,0.027,-0.264,0.013,146.2,-11.0,0,-1.24,-0.470,146.2,303.5,1.000,11.0,25.8,43.9,89.3,111.7,121.3,127.1,132.6,136.8,141.4,146.2,79.8,65.9,54.9,41.9,28.5,18.6,12.7,6.1
2241,45.866,0.000,2265.9,266.4,-1.8,5,18060,1.000,0.000,0.030,-0.268,0.013,143.2,-11.3,0,-1.22,-0.470,143.2,302.7,1.000,11.0,25.7,43.6,87.4,109.7,119.0,124.6,129.9,134.1,138.5,143.2,82.6,67.6,56.0,42.3,28.5,18.6,12.6,6.1
2242,45.886,0.000,2267.4,266.7,-1.6,5,18077,1.000,0.000,0.230,-0.273,0.013,140.2,-11.4,0,-1.00,0.850,140.2,305.5,1.000,11.0,25.7,43.3,85.6,107.6,116.7,122.2,127.4,131.4,135.6,140.2,145.1,69.4,57.1,42.8,28.6,18.5,12.5,6.1
2243,45.906,0.000,2268.8,266.9,-1.5,5,18100,1.000,0.000,0.108,-0.278,0.010,135.4,-10.4,0,-0.94,0.000,135.4,299.4,1.000,11.0,25.4,42.1,81.1,104.3,113.2,118.4,123.3,127.1,131.1,135.4,140.0,75.9,61.3,45.0,29.4,18.7,12.5,6.0
2244,45.926,0.000,2270.3,267.1,-2.6,5,18130,1.000,0.000,0.053,-0.281,0.001,128.1,-10.6,0,-0.58,0.000,128.1,297.5,1.000,11.0,24.6,39.8,72.3,99.0,107.9,112.6,117.1,120.5,124.2,128.1,132.2,138.5,72.8,50.7,31.6,19.5,12.8,6.1
2245,45.946,0.000,2271.8,267.3,-4.0,5,18152,1.000,0.000,0.002,-0.284,-0.007,121.6,-10.6,0,-0.22,0.000,124.8,297.3,1.000,10.9,23.9,37.8,65.6,93.9,102.9,107.5,111.6,114.8,118.1,121.6,125.4,131.1,138.3,57.9,34.1,20.4,13.1,6.1
2246,45.966,0.000,2273.3,267.6,-4.2,5,18116,1.000,0.000,0.202,-0.286,-0.010,117.9,-12.1,0,-0.18,0.850,121.9,291.6,1.000,10.9,23.6,36.9,62.8,90.8,99.8,104.4,108.3,111.3,114.5,117.9,121.4,126.8,133.7,62.3,35.5,20.8,13.3,6.1
2247,45.986,0.000,2274.8,267.9,-3.0,5,18132,1.000,0.000,0.002,-0.286,-0.011,114.7,-11.2,0,-0.15,0.000,119.1,286.7,1.000,10.8,23.3,36.2,60.8,88.2,97.2,101.7,105.6,108.4,111.5,114.7,118.1,123.3,129.8,66.2,36.7,21.1,13.4,6.1
2248,46.006,0.000,2276.2,268.1,-3.3,5,18162,1.000,0.000,0.202,-0.286,-0.015,110.8,-11.6,0,-0.09,0.850,116.4,280.5,1.000,10.8,22.9,35.2,57.8,84.8,93.8,98.3,102.1,104.9,107.7,110.8,114.0,118.9,125.0,73.7,38.9,21.8,13.6,6.1
2249,46.026,0.000,2277.7,268.3,-2.8,5,18197,1.000,0.000,0.002,-0.285,-0.018,107.2,-10.4,0,0.33,0.000,113.6,291.0,1.000,10.7,22.5,34.2,55.3,81.6,90.7,95.1,98.9,101.6,104.3,107.2,110.2,114.8,120.6,133.2,41.1,22.5,13.9,6.2
2250,46.046,0.000,2279.2,268.5,-3.7,5,18227,1.000,0.000,0.202,-0.283,-0.026,102.9,-10.6,0,0.37,0.850,112.0,283.2,1.000,10.6,22.0,33.0,52.1,77.3,86.7,91.2,94.9,97.6,100.2,102.9,105.8,110.0,115.4,127.0,44.9,23.6,14.3,6.3
2251,46.066,0.000,2280.7,268.7,-3.3,5,18221,1.000,0.000,0.002,-0.279,-0.033,99.4,-10.5,0,0.41,0.000,110.4,276.7,1.000,10.5,21.5,32.0,49.7,73.6,83.4,87.8,91.6,94.2,96.8,99.4,102.1,106.1,111.1,122.0,48.5,24.6,14.7,6.3
2252,46.086,0.000,2282.2,268.9,-3.9,5,18249,1.000,0.000,0.202,-0.273,-0.041,95.6,-10.8,0,0.48,0.850,108.9,269.7,1.000,10.4,21.0,30.9,47.1,69.2,79.6,84.1,87.9,90.5,93.1,95.6,98.2,101.9,106.6,116.8,53.6,26.0,15.2,6.4
2253,46.106,0.000,2283.7,269.1,-3.5,5,18271,0.000,0.127,0.002,-0.266,-0.047,92.4,-9.9,0,0.56,0.000,107.2,263.9,0.693,10.3,20.6,30.0,45.2,65.3,76.5,81.0,84.7,87.3,89.9,92.4,94.9,98.5,102.9,112.5,58.5,27.2,15.7,6.5
2254,46.126,0.000,2285.2,268.5,-4.0,5,17780,0.000,0.410,-0.198,-0.257,-0.054,88.9,-18.3,0,0.67,0.000,88.9,257.6,0.000,10.1,20.1,29.0,43.1,61.2,72.9,77.6,81.3,83.9,86.4,88.9,91.4,94.8,99.0,108.0,65.3,28.8,16.3,6.7
2255,46.146,0.000,2286.7,267.0,-3.8,5,17552,0.000,0.698,-0.248,-0.247,-0.052,87.9,-8.2,0,0.67,0.000,103.8,250.4,0.000,10.1,20.0,28.9,43.1,61.5,72.4,76.8,80.4,83.0,85.4,87.9,90.3,93.7,97.9,106.8,65.0,28.9,16.4,6.8
2256,46.166,0.000,2288.2,265.0,-1.5,5,17238,0.000,0.942,-0.182,-0.238,-0.039,90.0,6.9,0,0.50,0.000,102.0,243.5,0.000,10.1,20.5,30.2,46.2,66.7,75.3,79.3,82.8,85.2,87.6,90.0,92.4,95.9,100.4,110.0,55.3,27.0,15.9,6.7
2257,46.186,0.000,2289.6,262.2,2.0,5,16892,0.000,0.691,-0.094,-0.230,-0.022,93.4,22.1,0,0.36,0.000,100.2,245.7,0.000,10.2,21.3,32.2,51.4,71.5,79.0,82.9,86.2,88.5,90.9,93.4,96.0,99.9,104.8,115.6,46.1,24.8,15.2,6.7
2258,46.206,0.000,2291.1,259.1,5.1,5,16798,0.000,0.175,-0.015,-0.223,-0.006,96.7,19.0,0,0.28,0.000,98.6,253.1,0.000,10.3,22.2,34.4,57.5,75.0,82.1,85.8,89.0,91.4,94.0,96.7,99.6,103.9,109.4,121.4,40.2,23.1,14.6,6.6
2259,46.226,0.000,2292.5,256.7,6.7,5,16927,0.050,0.000,0.185,-0.217,0.005,98.8,-7.5,0,0.23,0.850,98.8,259.0,0.050,10.4,22.8,36.0,61.7,76.8,83.7,87.3,90.6,93.2,95.9,98.8,101.8,106.5,112.4,125.4,36.9,22.0,14.2,6.6
2260,46.246,0.000,2293.9,255.5,7.1,5,16964,0.100,0.000,0.048,-0.212,0.007,97.8,-19.8,0,0.23,0.000,97.8,260.3,0.100,10.4,22.8,36.2,61.6,76.1,82.8,86.4,89.7,92.2,94.9,97.8,100.9,105.5,111.3,124.3,36.6,22.0,14.2,6.6
2261,46.266,0.000,2295.3,254.9,4.3,5,16953,0.000,0.000,0.007,-0.208,-0.001,93.5,-20.3,0,0.25,0.000,93.9,252.5,0.100,10.2,22.2,34.7,58.3,72.8,79.4,82.9,86.0,88.4,90.9,93.5,96.4,100.6,106.0,118.0,39.4,23.0,14.6,6.7
2262,46.286,0.000,2296.8,254.3,1.8,5,16877,0.000,0.138,-0.026,-0.204,-0.008,90.0,-21.3,0,0.28,0.000,92.4,249.0,0.063,10.1,21.7,33.5,55.5,70.0,76.4,79.9,82.9,85.1,87.5,90.0,92.7,96.7,101.7,112.8,41.8,23.8,15.0,6.8
2263,46.306,0.000,2298.2,253.4,0.4,5,16773,0.000,0.100,-0.041,-0.201,-0.011,87.7,-17.9,0,0.29,0.000,90.9,248.9,0.037,10.1,21.5,33.0,54.2,68.2,74.5,77.9,80.9,83.0,85.3,87.7,90.3,94.1,99.0,109.7,43.0,24.3,15.2,6.9
2264,46.326,0.000,2299.6,252.4,0.1,5,16724,0.000,0.000,-0.037,-0.198,-0.010,86.5,-18.1,0,0.28,0.000,89.3,249.9,0.037,10.1,21.5,33.1,54.1,67.4,73.5,76.8,79.7,81.9,84.1,86.5,89.0,92.9,97.7,108.2,42.9,24.2,15.2,6.9
2265,46.346,0.000,2301.0,251.6,0.4,5,16707,0.000,0.000,-0.022,-0.196,-0.007,85.9,-20.6,0,0.27,0.000,87.9,251.5,0.037,10.1,21.6,33.5,54.4,67.0,73.0,76.2,79.1,81.2,83.5,85.9,88.5,92.3,97.1,107.8,41.9,24.0,15.1,6.9
2266,46.366,0.000,2302.4,251.0,0.9,5,16661,0.087,0.000,-0.004,-0.194,-0.003,85.5,-20.9,0,0.25,0.000,86.4,251.3,0.087,10.1,21.8,34.0,54.7,66.7,72.6,75.8,78.6,80.8,83.0,85.5,88.0,91.9,96.8,107.6,40.7,23.6,15.0,6.9
2267,46.386,0.000,2303.8,250.4,1.1,5,16656,0.137,0.000,0.008,-0.193,-0.001,84.7,-19.9,0,0.24,0.000,84.9,250.5,0.137,10.1,21.9,34.3,54.6,66.2,71.9,75.1,77.9,80.0,82.3,84.7,87.3,91.2,96.1,106.9,40.0,23.4,14.9,6.9
2268,46.406,0.000,2305.2,249.9,1.1,5,16642,0.000,0.000,0.011,-0.192,0.000,83.5,-19.3,0,0.23,0.000,83.5,249.0,0.137,10.1,22.0,34.4,54.1,65.3,70.9,73.9,76.7,78.8,81.1,83.5,86.0,89.8,94.7,105.4,39.8,23.3,14.9,6.9
2269,46.426,0.000,2306.5,249.3,0.8,5,16550,0.000,0.005,0.008,-0.191,-0.001,81.9,-20.7,0,0.23,0.000,82.0,246.7,0.089,10.1,21.9,34.3,53.2,64.0,69.5,72.5,75.2,77.3,79.5,81.9,84.3,88.1,92.8,103.3,40.0,23.4,14.9,6.9
2270,46.446,0.000,2307.9,248.7,0.5,5,16506,0.000,0.101,0.003,-0.190,-0.002,80.1,-20.6,0,0.23,0.000,80.6,244.2,0.055,10.1,21.8,34.1,52.3,62.8,68.1,71.0,73.7,75.7,77.9,80.1,82.6,86.2,90.8,101.0,40.4,23.5,15.0,6.9
2271,46.466,0.000,2309.3,247.9,0.2,5,16418,0.000,0.191,-0.001,-0.189,-0.002,78.5,-18.4,0,0.23,0.000,79.2,241.6,0.000,10.1,21.8,33.9,51.4,61.5,66.7,69.6,72.2,74.2,76.3,78.5,80.9,84.4,88.9,98.9,40.7,23.7,15.0,6.9
2272,46.486,0.000,2310.7,246.8,0.0,5,16314,0.000,0.265,-0.003,-0.189,-0.003,77.0,-16.2,0,0.23,0.000,77.7,239.0,0.000,10.1,21.7,33.9,50.6,60.4,65.5,68.3,70.8,72.7,74.8,77.0,79.3,82.8,87.2,96.9,41.1,23.7,15.1,6.9
2273,46.506,0.000,2312.0,245.5,0.0,5,16198,0.000,0.328,-0.002,-0.188,-0.003,75.6,-14.3,0,0.24,0.000,76.3,236.5,0.000,10.1,21.7,33.9,49.8,59.3,64.3,67.0,69.5,71.4,73.5,75.6,77.9,81.3,85.6,95.2,42.0,23.7,15.1,6.9
2274,46.526,0.000,2313.4,244.0,0.1,5,16072,0.050,0.000,-0.054,-0.187,-0.002,74.3,-13.1,0,1.77,0.000,74.9,305.8,0.050,10.1,21.7,33.9,49.1,58.3,63.2,65.9,68.3,70.2,72.2,74.3,76.5,79.9,84.2,93.6,146.5,23.7,15.1,6.9
2275,46.546,0.000,2314.8,243.0,0.1,5,16152,0.100,0.000,-0.041,-0.187,0.000,73.6,-19.1,0,1.76,0.000,73.6,304.4,0.100,10.1,21.9,34.3,48.8,57.8,62.5,65.2,67.6,69.5,71.5,73.6,75.8,79.2,83.5,92.9,145.0,23.4,15.0,6.9
2276,46.566,0.000,2316.1,242.5,0.7,5,16137,0.150,0.000,-0.015,-0.187,0.005,73.4,-19.0,0,1.72,0.000,73.4,303.2,0.150,10.1,22.2,35.1,48.8,57.6,62.3,64.9,67.4,69.3,71.3,73.4,75.7,79.2,83.5,93.2,143.2,22.9,14.7,6.9
2277,46.586,0.000,2317.4,242.0,1.3,5,16124,0.200,0.000,0.006,-0.188,0.010,73.1,-18.4,0,1.69,0.000,73.1,301.2,0.200,10.2,22.5,35.7,48.7,57.2,61.9,64.5,67.0,68.9,70.9,73.1,75.4,78.9,83.3,93.2,141.6,22.4,14.6,6.8
2278,46.606,0.000,2318.8,241.6,1.4,5,16115,0.250,0.000,0.015,-0.189,0.012,72.2,-17.9,0,1.68,0.000,72.2,299.5,0.250,10.2,22.7,35.7,48.1,56.5,61.0,63.6,66.1,68.0,70.0,72.2,74.5,78.0,82.4,92.2,140.2,22.2,14.5,6.8
2279,46.626,0.000,2320.1,241.2,1.2,5,16109,0.300,0.000,0.013,-0.190,0.011,70.7,-17.3,0,1.71,0.000,70.7,298.1,0.300,10.2,22.7,35.4,47.2,55.3,59.8,62.3,64.7,66.6,68.6,70.7,72.9,76.3,80.7,90.3,139.0,22.2,14.5,6.8
2280,46.646,0.000,2321.5,240.9,0.7,5,16106,0.350,0.000,0.005,-0.192,0.010,68.9,-16.7,0,1.74,0.000,68.9,296.9,0.350,10.2,22.6,34.8,46.2,54.0,58.3,60.8,63.2,65.0,66.9,68.9,71.1,74.4,78.6,87.9,138.0,22.3,14.5,6.8
2281,46.666,0.000,2322.8,240.6,0.3,5,16104,0.400,0.000,-0.003,-0.194,0.008,67.2,-16.2,0,1.78,0.000,67.2,295.6,0.400,10.2,22.5,34.3,45.2,52.8,56.9,59.3,61.6,63.4,65.2,67.2,69.3,72.5,76.6,85.6,136.9,22.4,14.5,6.8
2282,46.686,0.000,2324.1,240.4,0.0,5,16105,0.450,0.000,-0.007,-0.195,0.008,65.7,-15.7,0,1.81,0.000,65.7,294.2,0.450,10.2,22.5,33.8,44.2,51.6,55.7,58.0,60.2,62.0,63.8,65.7,67.8,70.9,74.8,83.6,135.8,22.4,14.5,6.8
2283,46.706,0.000,2325.5,240.2,-0.0,5,16113,0.500,0.000,0.012,-0.197,0.008,64.4,-15.2,0,1.29,0.000,64.4,257.8,0.500,10.2,22.6,33.4,43.4,50.5,54.5,56.8,59.0,60.7,62.5,64.4,66.4,69.4,73.3,81.9,108.1,22.3,14.5,6.8
2284,46.726,0.000,2326.8,240.1,0.0,5,16126,0.550,0.000,0.012,-0.199,0.008,62.9,-14.5,0,1.27,0.000,62.9,253.2,0.550,10.3,22.6,32.9,42.5,49.5,53.3,55.6,57.7,59.3,61.1,62.9,64.9,67.9,71.7,80.0,104.9,22.3,14.4,6.7
2285,46.746,0.000,2328.1,240.0,-0.1,5,16142,0.600,0.000,0.008,-0.200,0.007,61.3,-13.9,0,1.25,0.000,61.3,248.9,0.600,10.3,22.6,32.3,41.5,48.2,52.0,54.2,56.3,57.8,59.5,61.3,63.2,66.1,69.8,77.9,101.9,22.4,14.5,6.7
2286,46.766,0.000,2329.5,239.9,-0.2,5,16161,0.650,0.000,0.003,-0.202,0.005,59.7,-13.3,0,1.24,0.000,59.7,244.6,0.650,10.3,22.5,31.7,40.6,47.0,50.7,52.8,54.8,56.3,58.0,59.7,61.6,64.4,67.9,75.8,99.0,22.6,14.5,6.7
2287,46.786,0.000,2330.8,240.0,-0.3,5,16162,0.700,0.000,0.000,-0.203,0.005,58.2,-13.3,0,1.23,0.000,58.2,240.5,0.700,10.3,22.4,31.1,39.6,45.9,49.4,51.5,53.4,54.9,56.5,58.2,60.0,62.7,66.2,73.8,96.3,23.0,14.5,6.7
2288,46.806,0.000,2332.1,240.0,-0.3,5,16185,0.000,0.039,-0.001,-0.204,0.004,56.8,-12.8,0,1.23,0.000,56.8,236.9,0.483,10.3,22.2,30.5,38.7,44.8,48.2,50.2,52.1,53.6,55.1,56.8,58.5,61.2,64.5,72.0,93.8,23.7,14.5,6.7
2289,46.826,0.000,2333.5,239.6,-0.2,5,15898,0.000,0.193,-0.002,-0.206,0.004,55.4,-18.7,0,1.24,0.000,55.4,233.3,0.000,10.3,22.0,30.0,37.8,43.7,47.0,49.0,50.8,52.3,53.8,55.4,57.1,59.7,63.0,70.2,91.5,25.0,14.5,6.7
2290,46.846,0.000,2334.8,238.6,-0.2,5,15774,0.000,0.319,-0.003,-0.207,0.004,54.0,-16.0,0,1.28,0.000,54.0,229.8,0.000,10.3,21.8,29.4,37.0,42.6,45.9,47.8,49.6,51.0,52.5,54.0,55.7,58.2,61.4,68.5,89.3,28.2,14.4,6.7
2291,46.866,0.000,2336.1,237.2,-0.1,5,15628,0.000,0.311,-0.152,-0.208,0.005,52.7,-13.4,0,3.74,-0.328,52.7,228.7,0.000,10.3,21.6,28.8,36.1,41.6,44.7,46.6,48.4,49.7,51.2,52.7,54.3,56.8,59.9,66.8,87.1,114.8,14.4,6.7
2292,46.886,0.000,2337.4,235.8,-0.3,5,15553,0.000,0.359,-0.163,-0.209,0.009,52.1,-10.3,0,3.74,-0.382,52.1,226.2,0.000,10.4,21.5,28.5,35.6,41.0,44.1,46.0,47.8,49.1,50.6,52.1,53.8,56.2,59.4,66.4,87.0,113.2,14.2,6.7
2293,46.906,0.000,2338.7,234.2,0.9,5,15425,0.000,0.000,-0.135,-0.212,0.020,52.9,-8.1,0,3.62,-0.434,52.9,232.6,0.000,10.5,21.7,28.7,35.8,41.2,44.5,46.5,48.3,49.8,51.3,52.9,54.7,57.3,60.7,68.2,91.1,110.3,13.8,6.6
2294,46.926,0.000,2340.0,233.1,2.6,5,15473,0.050,0.000,-0.100,-0.216,0.035,54.5,-17.9,0,3.73,-0.484,54.5,272.7,0.050,10.7,22.0,29.1,36.3,41.9,45.4,47.5,49.5,51.1,52.7,54.5,56.4,59.3,63.1,71.5,119.0,106.4,13.3,6.4
2295,46.946,0.000,2341.3,232.4,4.2,5,15446,0.100,0.000,0.006,-0.222,0.050,56.4,-18.6,0,1.87,-0.533,56.4,269.2,0.100,10.9,22.3,29.5,36.9,42.7,46.5,48.7,50.9,52.6,54.5,56.4,58.5,61.8,65.9,75.6,116.4,27.3,12.8,6.3
2296,46.966,0.000,2342.6,231.9,5.6,5,15430,0.150,0.000,0.033,-0.229,0.061,57.7,-18.1,0,1.78,-0.578,57.7,266.1,0.150,11.1,22.5,29.6,37.0,43.1,47.1,49.5,51.8,53.6,55.6,57.7,59.9,63.4,68.0,78.6,114.1,25.9,12.5,6.2
2297,46.986,0.000,2343.9,231.4,5.4,5,15421,0.200,0.000,-0.028,-0.238,0.065,57.2,-17.6,0,3.23,-0.625,57.2,264.0,0.200,11.2,22.2,29.2,36.5,42.6,46.5,48.9,51.3,53.1,55.1,57.2,59.5,63.0,67.7,78.5,112.6,96.6,12.5,6.1
2298,47.006,0.000,2345.2,231.0,4.0,5,15411,0.250,0.000,-0.057,-0.247,0.066,56.0,-16.9,0,3.29,-0.670,56.0,262.4,0.250,11.2,21.9,28.6,35.6,41.6,45.5,47.9,50.2,52.0,53.9,56.0,58.2,61.7,66.3,76.9,111.4,96.1,12.8,6.0
2299,47.026,0.000,2346.5,230.6,2.8,5,15404,0.300,0.000,-0.081,-0.259,0.068,54.9,-16.4,0,3.33,-0.715,54.9,260.6,0.300,11.2,21.5,28.0,34.9,40.8,44.6,46.9,49.2,51.0,52.9,54.9,57.2,60.6,65.1,75.7,110.1,95.3,13.0,5.9
2300,47.046,0.000,2347.8,230.3,2.2,5,15402,0.350,0.000,-0.093,-0.271,0.071,54.4,-15.8,0,3.32,-0.758,54.4,258.6,0.350,11.2,21.2,27.6,34.3,40.2,44.0,46.4,48.6,50.4,52.3,54.4,56.7,60.1,64.7,75.5,108.6,93.9,13.3,5.8
2301,47.066,0.000,2349.0,230.0,2.0,5,15407,0.400,0.000,-0.090,-0.285,0.077,54.6,-15.0,0,3.24,-0.802,54.6,256.1,0.400,11.2,21.1,27.3,34.1,40.0,43.9,46.3,48.7,50.5,52.5,54.6,56.9,60.6,65.3,76.6,106.9,91.6,13.4,5.7
2302,47.086,0.000,2350.3,229.8,2.5,5,15414,0.450,0.000,-0.074,-0.300,0.080,56.1,-14.3,0,3.03,-0.798,56.1,252.8,0.450,11.3,21.1,27.4,34.3,40.5,44.6,47.2,49.7,51.6,53.8,56.1,58.6,62.6,67.8,80.5,104.6,87.6,13.4,5.7
2303,47.106,0.000,2351.6,229.5,3.5,5,15400,0.500,0.000,-0.067,-0.313,0.072,58.3,-14.1,0,2.81,-0.711,58.3,256.7,0.500,11.3,21.2,27.5,34.7,41.3,45.7,48.5,51.3,53.4,55.8,58.3,61.1,65.6,71.6,107.3,102.0,80.7,13.2,5.6
2304,47.126,0.000,2352.9,229.4,3.4,5,15379,0.550,0.000,-0.048,-0.324,0.061,60.2,-14.5,0,2.23,-0.607,60.2,253.8,0.550,11.3,21.1,27.5,35.0,41.9,46.6,49.6,52.5,54.9,57.4,60.2,63.3,68.2,74.9,105.3,99.6,59.0,13.2,5.6
2305,47.146,0.000,2354.2,229.3,3.0,5,15383,0.600,0.000,-0.004,-0.333,0.050,61.3,-14.2,0,2.06,-0.426,61.3,251.2,0.600,11.3,21.0,27.4,35.0,42.1,47.0,50.1,53.2,55.6,58.3,61.3,64.6,69.9,77.1,103.4,97.6,53.1,13.4,5.5
2306,47.166,0.000,2355.6,229.2,2.4,5,15380,0.650,0.000,0.110,-0.339,0.035,60.9,-14.3,0,2.11,-0.077,60.9,249.1,0.650,11.2,20.7,26.9,34.5,41.6,46.5,49.6,52.8,55.2,57.9,60.9,64.3,69.6,77.5,102.0,96.2,55.5,13.9,5.6
2307,47.186,0.000,2356.9,229.2,1.8,5,15410,0.700,0.000,0.012,-0.343,0.013,58.0,-13.5,0,2.60,-0.049,58.0,247.9,0.700,11.1,20.1,26.0,33.2,39.9,44.5,47.4,50.3,52.6,55.2,58.0,61.0,66.0,72.7,101.2,95.8,72.0,15.0,5.6
2308,47.206,0.000,2358.2,229.3,0.1,5,15458,0.750,0.000,-0.084,-0.342,-0.009,54.4,-12.2,0,2.99,-0.021,57.4,247.0,0.750,10.9,19.4,25.0,31.7,37.9,42.2,44.8,47.5,49.6,51.9,54.4,57.1,61.5,67.5,100.6,95.5,79.1,16.7,5.8
2309,47.226,0.000,2359.5,229.4,-0.6,5,15483,0.800,0.000,-0.117,-0.339,-0.025,52.9,-11.6,0,3.09,0.037,61.6,245.3,0.800,10.7,18.9,24.3,30.8,36.9,41.0,43.6,46.2,48.2,50.4,52.9,55.6,59.8,65.6,99.5,94.5,79.2,18.1,5.9
2310,47.246,0.000,2360.8,229.5,-0.2,5,15545,0.850,0.000,-0.088,-0.333,-0.034,53.3,-10.0,0,3.02,0.149,66.3,242.9,0.850,10.6,18.7,24.0,30.6,36.8,41.0,43.7,46.3,48.4,50.7,53.3,56.1,60.6,66.6,97.8,92.8,77.1,19.0,6.0
2311,47.266,0.000,2362.1,229.6,0.9,5,15611,0.900,0.000,-0.012,-0.325,-0.039,54.5,-8.6,0,2.88,0.322,73.7,240.1,0.900,10.5,18.5,23.9,30.7,37.1,41.5,44.3,47.1,49.3,51.8,54.5,57.5,62.3,69.0,95.9,90.8,74.2,19.5,6.1
2312,47.286,0.000,2363.4,229.9,1.9,5,15674,0.950,0.000,0.038,-0.314,-0.046,55.2,-7.3,0,2.76,0.470,96.0,240.2,0.950,10.4,18.2,23.7,30.5,37.1,41.6,44.5,47.5,49.8,52.4,55.2,58.4,63.6,96.2,94.2,89.0,71.9,20.1,6.3
2313,47.306,0.000,2364.7,230.2,2.2,5,15721,0.000,0.120,-0.012,-0.301,-0.057,54.5,-6.5,0,2.80,0.470,54.5,225.5,0.658,10.2,17.8,23.2,30.0,36.5,41.0,43.8,46.7,49.1,51.6,54.5,57.7,62.8,94.9,92.9,87.7,71.4,21.2,6.5
2314,47.326,0.000,2366.0,229.8,1.7,5,15204,0.000,0.984,-0.075,-0.286,-0.069,53.0,-14.9,0,2.90,0.470,53.0,207.9,0.000,10.0,17.3,22.6,29.1,35.5,39.8,42.6,45.5,47.7,50.2,53.0,56.1,61.1,93.7,91.7,86.7,71.6,22.6,6.7
2315,47.346,0.000,2367.3,228.5,1.4,5,14543,0.000,1.000,-0.135,-0.268,-0.081,51.7,24.5,0,2.98,0.470,51.7,191.3,0.000,9.8,16.9,22.0,28.4,34.6,38.9,41.6,44.4,46.6,49.0,51.7,54.8,59.7,92.4,90.5,85.6,71.3,23.8,7.0
2316,47.366,0.000,2368.5,226.4,1.4,5,14237,0.000,0.500,-0.190,-0.249,-0.091,50.7,65.8,0,3.05,0.470,50.7,189.2,0.000,9.6,16.5,21.5,27.8,33.8,38.0,40.7,43.4,45.6,48.0,50.7,53.7,58.5,91.1,89.2,84.4,70.9,25.0,7.2
2317,47.386,0.000,2369.8,224.4,1.4,5,14247,0.000,0.500,-0.240,-0.228,-0.099,49.8,71.6,0,3.10,0.470,49.8,187.1,0.000,9.4,16.1,21.0,27.2,33.1,37.3,40.0,42.6,44.8,47.2,49.8,52.8,57.7,89.8,87.9,83.2,70.1,26.0,7.5
2318,47.406,0.000,2371.1,223.0,1.7,5,14003,0.000,0.500,-0.289,-0.205,-0.107,49.3,84.4,0,3.14,0.470,49.3,185.0,0.000,9.1,15.7,20.5,26.6,32.6,36.7,39.4,42.0,44.2,46.6,49.3,52.3,57.1,88.5,86.6,81.9,69.3,26.8,7.8
2319,47.426,0.000,2372.3,221.2,2.1,5,13998,0.000,0.500,-0.331,-0.181,-0.114,48.8,98.7,0,3.16,0.470,48.8,182.8,0.000,8.9,15.4,20.1,26.2,32.1,36.2,38.9,41.6,43.7,46.1,48.8,51.9,56.8,87.1,85.2,80.6,68.3,27.6,8.1
2320,47.446,0.000,2373.5,219.6,2.6,5,13628,0.000,0.500,-0.371,-0.155,-0.119,48.6,98.5,0,3.17,0.470,48.6,180.6,0.000,8.7,15.0,19.7,25.8,31.7,35.8,38.5,41.2,43.4,45.9,48.6,51.7,56.8,85.7,83.8,79.3,67.1,28.2,8.4
2321,47.466,0.000,2374.7,218.8,3.4,5,13190,0.000,0.500,-0.427,-0.127,-0.124,48.6,114.3,0,3.15,0.433,48.6,178.3,0.000,8.5,14.7,19.4,25.4,31.3,35.5,38.3,41.0,43.3,45.8,48.6,51.8,57.1,84.2,82.4,77.8,65.9,28.6,8.7
2322,47.486,0.000,2375.9,217.4,4.0,4,14628,0.000,0.500,-0.480,-0.098,-0.129,48.5,147.5,0,3.04,0.391,48.5,180.4,0.000,8.2,14.4,19.0,25.0,30.9,35.2,37.9,40.8,43.0,45.6,48.5,51.8,83.7,82.8,81.0,76.5,64.8,29.1,9.0
2323,47.506,0.000,2377.1,216.1,4.5,4,14571,0.000,0.500,-0.544,-0.068,-0.134,48.2,157.5,0,3.06,0.347,48.2,178.3,0.000,8.0,14.1,18.6,24.5,30.5,34.7,37.5,40.3,42.6,45.2,48.2,51.5,82.4,81.5,79.7,75.2,63.9,29.7,9.3
2324,47.526,0.000,2378.3,215.6,5.2,4,13860,0.000,0.500,-0.607,-0.036,-0.139,47.9,171.1,0,3.08,0.303,47.9,176.1,0.000,7.8,13.7,18.2,24.1,30.0,34.3,37.1,39.9,42.3,44.9,47.9,51.3,81.0,80.1,78.3,73.9,62.9,30.2,9.6
2325,47.546,0.000,2379.5,214.1,5.8,4,13764,0.000,0.500,-0.618,-0.004,-0.135,47.7,186.5,0,3.09,0.284,47.7,174.0,0.000,7.6,13.4,17.8,23.7,29.6,33.9,36.7,39.6,42.0,44.7,47.7,51.3,79.7,78.8,77.0,72.6,61.8,30.6,9.9
2326,47.566,0.000,2380.7,212.4,6.2,4,13398,0.000,0.500,-0.630,0.028,-0.132,47.5,185.9,0,3.11,0.264,47.5,171.9,0.000,7.3,13.0,17.4,23.2,29.1,33.4,36.3,39.2,41.6,44.3,47.5,51.1,78.3,77.5,75.7,71.4,60.9,31.1,10.1
2327,47.586,0.000,2381.8,210.2,6.7,4,13432,0.000,0.500,-0.635,0.059,-0.128,47.4,186.8,0,2.96,0.242,47.4,170.9,0.000,7.1,12.7,17.0,22.8,28.7,33.0,35.9,38.9,41.4,44.2,47.4,77.7,77.0,76.1,74.3,70.1,59.9,31.4,10.4
2328,47.606,0.000,2383.0,207.4,7.0,4,13783,0.000,0.500,-0.647,0.090,-0.124,47.3,187.5,0,2.97,0.220,47.3,168.9,0.000,6.9,12.4,16.7,22.4,28.3,32.7,35.6,38.6,41.2,44.0,47.3,76.4,75.7,74.8,73.0,68.8,58.9,31.8,10.6
2329,47.626,0.000,2384.1,204.3,6.9,4,14180,0.000,0.500,-0.661,0.119,-0.121,47.1,182.1,0,3.00,0.198,47.1,166.9,0.000,6.7,12.1,16.3,21.9,27.8,32.2,35.1,38.2,40.8,43.7,47.1,75.1,74.4,73.5,71.8,67.6,58.0,32.2,10.9
2330,47.646,0.000,2385.2,201.2,6.4,4,14376,0.000,0.500,-0.680,0.148,-0.119,46.4,169.9,0,3.05,0.176,46.4,165.1,0.000,6.5,11.7,15.8,21.4,27.2,31.5,34.5,37.5,40.1,43.0,46.4,73.9,73.2,72.4,70.6,66.6,57.3,32.7,11.1
2331,47.666,0.000,2386.3,198.5,5.4,4,14347,0.000,0.384,-0.706,0.175,-0.118,45.2,154.7,0,3.14,0.155,45.2,181.2,0.000,6.3,11.4,15.4,20.8,26.4,30.7,33.5,36.5,39.0,41.9,45.2,72.8,72.1,71.3,69.6,65.6,56.7,33.3,11.4
2332,47.686,0.000,2387.4,196.0,4.2,4,14276,0.000,0.021,-0.737,0.201,-0.119,43.7,133.8,0,3.24,0.133,43.7,193.2,-0.007,6.1,11.0,14.9,20.1,25.6,29.6,32.4,35.3,37.7,40.5,43.7,71.7,71.1,70.3,68.6,64.8,56.2,34.1,11.7
2333,47.706,0.000,2388.4,194.0,3.2,4,14323,0.000,0.000,-0.761,0.226,-0.118,42.6,96.8,0,3.32,0.112,42.6,194.6,0.043,5.9,10.7,14.4,19.5,24.9,28.9,31.6,34.4,36.8,39.5,42.6,70.6,70.0,69.2,67.6,63.8,55.6,34.7,11.9
2334,47.726,0.000,2389.5,192.5,2.6,4,14224,0.000,0.000,-0.769,0.249,-0.114,42.9,65.6,0,3.33,0.090,42.9,192.1,0.043,5.7,10.4,14.2,19.2,24.6,28.6,31.4,34.2,36.7,39.4,42.9,69.4,68.8,68.0,66.4,62.7,54.6,34.8,12.1
2335,47.746,0.000,2390.6,191.2,2.5,4,14123,0.000,0.010,-0.749,0.272,-0.107,68.5,42.5,0,3.04,0.069,68.5,188.9,0.023,5.6,10.3,14.0,19.2,24.8,29.0,32.0,35.1,37.7,40.8,68.5,68.0,67.3,66.6,64.9,61.3,53.3,34.3,12.2
2336,47.766,0.000,2391.6,190.1,3.0,4,14020,0.000,0.164,-0.710,0.292,-0.097,67.3,26.3,0,2.70,0.047,67.3,181.6,0.000,5.5,10.2,14.1,19.5,25.6,30.3,33.6,37.2,40.4,67.3,66.9,66.4,65.7,64.9,63.3,59.6,51.6,33.3,12.2
2337,47.786,0.000,2392.7,189.0,4.1,4,13836,0.000,0.700,-0.647,0.311,-0.083,66.0,22.5,0,2.13,0.026,66.0,173.1,0.000,5.4,10.2,14.3,20.2,27.1,32.6,36.6,66.5,66.0,65.6,65.1,64.6,64.0,63.1,61.5,57.7,49.6,32.0,12.2
2338,47.806,0.000,2393.7,187.5,5.3,4,13339,0.000,0.473,-0.588,0.329,-0.069,64.3,45.4,0,1.78,0.005,64.3,166.7,0.000,5.3,10.3,14.6,21.2,29.1,35.8,65.3,64.7,64.3,63.8,63.3,62.8,62.1,61.3,59.6,55.7,47.6,30.7,12.1
2339,47.826,0.000,2394.7,185.8,6.4,4,13302,0.000,0.500,-0.531,0.346,-0.056,62.6,56.8,0,1.45,-0.003,62.6,163.9,0.000,5.3,10.4,15.0,22.2,31.3,64.3,63.7,63.0,62.6,62.1,61.6,61.1,60.4,59.5,57.8,53.9,45.8,29.7,12.1
2340,47.846,0.000,2395.8,184.0,7.4,4,13066,0.000,0.500,-0.487,0.361,-0.044,60.9,60.6,0,1.38,-0.008,60.9,157.3,0.000,5.2,10.5,15.3,23.2,33.8,62.7,62.0,61.4,60.9,60.4,59.9,59.4,58.7,57.8,56.1,52.2,44.1,28.8,12.1
2341,47.866,0.000,2396.8,182.1,8.2,4,12914,0.000,0.500,-0.440,0.374,-0.033,59.3,66.1,0,1.01,-0.014,59.3,155.1,0.000,5.1,10.5,15.6,24.3,62.4,61.2,60.4,59.8,59.3,58.8,58.3,57.8,57.1,56.2,54.4,50.5,42.5,28.0,12.1
2342,47.886,0.000,2397.8,180.2,8.6,4,12793,0.000,0.500,-0.240,0.387,-0.024,57.8,68.4,0,0.98,0.000,57.8,155.8,0.000,5.1,10.6,15.9,25.3,61.0,59.7,59.0,58.3,57.8,57.3,56.8,56.3,55.6,54.7,52.9,49.1,41.2,27.4,12.1
2343,47.906,0.000,2398.8,178.1,8.7,4,12643,0.000,0.473,-0.163,0.398,-0.016,56.5,64.8,0,0.96,0.000,56.5,157.4,0.000,5.0,10.6,16.1,26.1,59.6,58.3,57.6,56.9,56.5,56.0,55.5,55.0,54.2,53.3,51.6,47.8,40.2,27.1,12.1
2344,47.926,0.000,2399.8,176.1,8.6,4,12472,0.000,0.487,-0.137,0.409,-0.011,55.2,56.5,0,0.96,0.000,55.2,154.9,0.000,5.0,10.6,16.2,26.7,58.4,57.1,56.4,55.7,55.2,54.7,54.2,53.7,53.0,52.1,50.4,46.7,39.3,26.8,12.1
2345,47.946,0.000,2400.7,174.2,8.2,4,12365,0.000,0.471,-0.121,0.418,-0.008,54.1,53.7,0,0.97,0.000,54.1,153.6,0.000,4.9,10.5,16.2,26.9,57.2,55.9,55.2,54.6,54.1,53.6,53.1,52.6,51.9,51.1,49.4,45.8,38.7,26.7,12.1
2346,47.966,0.000,2401.7,172.2,7.3,4,12294,0.000,0.404,-0.117,0.426,-0.007,53.1,49.7,0,0.99,0.000,53.1,154.4,0.000,4.8,10.4,16.0,26.7,56.2,54.9,54.2,53.6,53.1,52.7,52.2,51.7,51.0,50.2,48.5,45.0,38.2,26.8,12.2
2347,47.986,0.000,2402.7,170.3,6.2,4,12226,0.000,0.353,-0.121,0.434,-0.008,52.3,40.7,0,1.03,0.000,52.3,154.5,0.000,4.8,10.2,15.8,26.3,55.2,54.0,53.3,52.7,52.3,51.8,51.3,50.8,50.1,49.3,47.8,44.3,37.9,27.0,12.3
2348,48.006,0.000,2403.6,168.6,5.2,4,12147,0.000,0.381,-0.126,0.440,-0.008,51.4,29.8,0,1.06,0.000,51.4,151.6,0.000,4.7,10.1,15.6,25.8,54.3,53.1,52.4,51.8,51.4,50.9,50.5,50.0,49.3,48.5,47.0,43.7,37.5,27.2,12.3
2349,48.026,0.000,2404.5,167.0,4.2,3,14867,0.000,0.394,-0.128,0.446,-0.009,50.5,26.8,0,1.09,0.000,50.5,149.6,0.000,4.7,10.0,15.4,25.5,53.4,52.2,51.5,50.9,50.5,50.0,49.6,49.1,48.5,47.7,46.2,43.0,37.0,27.3,12.4
2350,48.046,0.000,2405.4,165.5,3.4,3,14809,0.000,0.376,-0.127,0.451,-0.008,49.6,23.8,0,1.11,0.000,49.6,148.8,0.000,4.6,9.9,15.3,25.3,52.4,51.2,50.6,50.0,49.6,49.1,48.7,48.2,47.6,46.8,45.4,42.3,36.5,27.4,12.4
2351,48.066,0.000,2406.4,164.0,2.7,3,14574,0.000,0.730,-0.123,0.455,-0.007,48.6,16.6,0,1.13,0.000,48.6,147.8,0.000,4.6,9.8,15.2,25.4,51.4,50.2,49.6,49.0,48.6,48.2,47.7,47.3,46.7,45.9,44.5,41.5,35.9,27.3,12.4
2352,48.086,0.000,2407.3,162.3,2.5,3,13970,0.000,0.415,-0.110,0.458,-0.005,47.6,25.9,0,1.11,0.000,47.6,144.0,0.000,4.6,9.9,15.3,27.1,50.3,49.2,48.6,48.0,47.6,47.2,46.7,46.3,45.7,45.0,43.6,40.6,35.3,27.1,12.4
2353,48.106,0.000,2408.2,160.4,2.4,3,14028,0.000,0.349,-0.078,0.461,-0.002,46.6,26.8,0,0.59,0.000,46.6,144.8,0.000,4.6,9.9,15.4,51.4,49.3,48.1,47.5,47.0,46.6,46.1,45.7,45.3,44.7,44.0,42.6,39.7,34.6,26.8,12.4
2354,48.126,0.000,2409.0,158.6,2.3,3,14022,0.000,0.330,-0.066,0.463,0.001,45.5,20.8,0,0.60,0.000,45.6,143.9,0.000,4.6,9.9,15.6,50.3,48.2,47.1,46.5,45.9,45.5,45.1,44.7,44.3,43.7,43.0,41.7,38.9,33.9,26.5,12.4
2355,48.146,0.000,2409.9,156.9,2.2,3,13928,0.000,0.560,-0.053,0.465,0.003,44.6,10.7,0,0.61,0.000,44.7,144.2,0.000,4.6,10.0,15.7,49.3,47.2,46.1,45.5,45.0,44.6,44.2,43.7,43.3,42.7,42.1,40.8,38.0,33.2,26.2,12.4
2356,48.166,0.000,2410.8,155.3,2.2,3,13468,0.000,0.650,-0.039,0.466,0.006,43.6,8.8,0,0.61,0.000,43.8,140.7,0.000,4.6,10.0,15.9,48.2,46.2,45.1,44.5,43.9,43.6,43.2,42.8,42.4,41.8,41.1,39.8,37.2,32.5,25.9,12.4
2357,48.186,0.000,2411.6,153.4,2.3,3,13155,0.000,0.352,-0.024,0.467,0.010,42.6,18.3,0,0.61,0.000,43.0,137.8,0.000,4.6,10.1,16.1,47.2,45.2,44.1,43.5,42.9,42.6,42.2,41.8,41.4,40.8,40.2,38.9,36.3,31.8,25.5,12.3
2358,48.206,0.000,2412.5,151.6,2.3,3,13300,0.000,0.331,-0.013,0.468,0.012,41.6,14.8,0,0.62,0.000,42.1,136.9,0.000,4.6,10.2,16.3,46.2,44.2,43.1,42.5,42.0,41.6,41.2,40.8,40.5,39.9,39.3,38.1,35.5,31.2,25.1,12.3
2359,48.226,0.000,2413.3,149.9,2.1,3,13279,0.000,0.561,-0.005,0.468,0.013,40.7,6.4,0,0.63,0.000,41.3,137.2,0.000,4.6,10.2,16.4,45.2,43.2,42.2,41.6,41.1,40.7,40.3,40.0,39.6,39.0,38.4,37.2,34.8,30.6,24.8,12.3
2360,48.246,0.000,2414.2,148.2,1.9,3,12861,0.000,0.555,-0.000,0.468,0.015,39.8,6.0,0,0.63,0.000,40.5,135.6,0.000,4.6,10.2,16.5,44.3,42.3,41.3,40.7,40.2,39.8,39.5,39.1,38.7,38.2,37.6,36.4,34.1,30.0,24.5,12.3
2361,48.266,0.000,2415.0,146.5,1.8,3,12635,0.000,0.597,0.004,0.467,0.015,39.0,9.5,0,0.64,0.000,39.6,133.1,0.000,4.6,10.3,16.6,43.4,41.4,40.4,39.8,39.4,39.0,38.6,38.3,37.9,37.4,36.8,35.7,33.4,29.5,24.2,12.3
2362,48.286,0.000,2415.8,144.7,1.6,3,12453,0.000,0.299,0.005,0.467,0.016,38.2,18.0,0,0.65,0.000,38.8,131.3,0.000,4.6,10.3,16.7,42.5,40.6,39.6,39.0,38.5,38.2,37.8,37.5,37.1,36.6,36.0,34.9,32.7,28.9,23.9,12.3
2363,48.306,0.000,2416.6,142.9,1.4,3,12632,0.000,0.545,0.005,0.466,0.016,37.4,11.9,0,0.65,0.000,38.0,130.6,0.000,4.6,10.3,17.2,41.6,39.7,38.7,38.2,37.7,37.4,37.0,36.7,36.3,35.9,35.3,34.2,32.0,28.4,23.5,12.3
2364,48.326,0.000,2417.4,141.2,1.1,3,12357,0.000,0.453,0.037,0.465,0.015,36.6,13.4,0,-0.33,0.000,37.2,130.8,0.000,4.6,10.3,43.7,40.8,38.9,37.9,37.4,36.9,36.6,36.3,35.9,35.6,35.1,34.6,33.5,31.4,27.9,23.2,12.2
2365,48.346,0.000,2418.2,139.5,1.0,3,12141,0.000,0.502,0.033,0.464,0.014,35.9,8.3,0,-0.31,0.000,36.4,128.2,0.000,4.6,10.3,42.8,40.0,38.1,37.2,36.6,36.2,35.9,35.5,35.2,34.9,34.4,33.9,32.8,30.8,27.4,22.9,12.3
2366,48.366,0.000,2418.9,137.9,0.7,3,11970,0.000,0.545,0.026,0.463,0.013,35.1,10.9,0,-0.29,0.000,35.6,125.7,0.000,4.6,10.3,42.0,39.2,37.3,36.4,35.9,35.5,35.1,34.8,34.5,34.2,33.7,33.2,32.2,30.2,26.9,22.6,12.3
2367,48.386,0.000,2419.7,136.2,0.5,3,11809,0.000,0.267,0.018,0.462,0.011,34.4,17.0,0,-0.28,0.000,34.8,124.3,0.000,4.6,10.2,41.2,38.4,36.6,35.7,35.2,34.7,34.4,34.1,33.8,33.5,33.0,32.5,31.6,29.6,26.5,22.3,12.3
2368,48.406,0.000,2420.4,134.6,0.3,2,14886,0.000,0.484,0.010,0.461,0.010,33.7,11.4,0,-0.26,0.000,34.1,123.8,0.000,4.6,10.2,40.4,37.6,35.8,34.9,34.5,34.0,33.7,33.4,33.1,32.8,32.4,31.9,30.9,29.1,26.0,22.0,12.3
2369,48.426,0.000,2421.2,133.2,0.1,2,14827,0.000,0.411,0.004,0.460,0.009,33.0,11.4,0,-0.24,0.000,33.3,123.9,0.000,4.6,10.2,39.6,36.8,35.1,34.2,33.7,33.3,33.0,32.7,32.4,32.1,31.7,31.2,30.3,28.5,25.5,21.7,12.3
2370,48.446,0.000,2421.9,131.8,0.0,2,14545,0.000,0.467,-0.000,0.459,0.008,32.3,4.1,0,-0.22,0.000,32.6,121.4,0.000,4.6,10.2,38.7,36.0,34.3,33.5,33.0,32.6,32.3,32.0,31.7,31.4,31.0,30.5,29.6,27.9,25.0,21.3,12.3
2371,48.466,0.000,2422.6,130.2,-0.1,2,14177,0.000,0.509,-0.004,0.458,0.007,31.6,4.2,0,-0.21,0.000,31.8,119.1,0.000,4.6,10.3,37.9,35.3,33.6,32.7,32.3,31.9,31.6,31.3,31.0,30.7,30.3,29.9,29.0,27.3,24.5,21.0,12.3
2372,48.486,0.000,2423.4,128.6,-0.1,2,13907,0.000,0.508,-0.007,0.457,0.007,30.9,8.7,0,-0.20,0.000,31.1,117.5,0.000,4.6,10.5,37.1,34.5,32.8,32.0,31.6,31.2,30.9,30.6,30.3,30.0,29.6,29.2,28.4,26.7,24.0,20.6,12.3
2373,48.506,0.000,2424.1,126.9,-0.2,2,13709,0.000,0.232,-0.008,0.457,0.006,30.2,12.4,0,-0.20,0.000,30.4,116.7,0.000,4.6,10.8,36.3,33.7,32.1,31.3,30.8,30.5,30.2,29.9,29.6,29.4,29.0,28.5,27.7,26.1,23.5,20.2,12.2
2374,48.526,0.000,2424.8,125.2,-0.2,2,13897,0.000,0.392,-0.009,0.456,0.006,29.5,1.5,0,-0.21,0.000,29.7,116.5,0.000,4.6,11.5,35.5,32.9,31.4,30.6,30.1,29.8,29.5,29.2,28.9,28.7,28.3,27.9,27.1,25.5,23.0,19.8,12.2
2375,48.546,0.000,2425.5,123.8,-0.2,2,13494,0.000,0.419,-0.008,0.455,0.006,28.8,-5.1,0,-0.27,0.000,29.0,114.6,0.000,4.7,13.5,34.7,32.2,30.6,29.8,29.4,29.1,28.8,28.5,28.3,28.0,27.6,27.2,26.4,24.9,22.5,19.5,12.1
2376,48.566,0.000,2426.1,122.3,-0.2,2,13250,0.000,0.453,0.050,0.454,0.006,28.1,-4.9,0,-1.92,0.000,28.3,112.5,0.000,4.7,37.3,34.0,31.4,29.9,29.1,28.7,28.4,28.1,27.8,27.6,27.3,27.0,26.6,25.8,24.3,22.0,19.1,12.0
2377,48.586,0.000,2426.8,120.8,-0.1,2,13077,0.000,0.467,0.046,0.453,0.005,27.4,-0.2,0,-1.91,0.000,27.6,110.7,0.000,4.7,36.5,33.2,30.7,29.2,28.4,28.0,27.7,27.4,27.2,26.9,26.7,26.3,25.9,25.2,23.8,21.5,18.7,11.9
2378,48.606,0.000,2427.5,119.2,-0.2,2,12927,0.000,0.444,0.037,0.453,0.003,26.8,4.0,0,-1.90,0.000,26.9,109.6,0.000,4.7,35.7,32.5,30.0,28.5,27.8,27.4,27.1,26.8,26.6,26.3,26.1,25.7,25.4,24.7,23.3,21.1,18.4,11.9
2379,48.626,0.000,2428.1,117.6,-0.3,2,12821,0.000,0.390,0.026,0.452,0.001,26.2,5.3,0,-1.89,0.000,26.2,109.1,0.000,4.7,35.0,31.8,29.4,27.9,27.2,26.8,26.5,26.2,26.0,25.7,25.5,25.2,24.8,24.1,22.8,20.6,18.0,11.8
2380,48.646,0.000,2428.8,116.0,-0.4,2,12728,0.000,0.335,0.016,0.452,-0.001,25.6,2.1,0,-1.88,0.000,25.6,108.6,0.000,4.7,34.3,31.1,28.7,27.3,26.6,26.2,25.9,25.6,25.4,25.2,24.9,24.6,24.2,23.6,22.3,20.2,17.7,11.7
2381,48.666,0.000,2429.4,114.5,-0.5,2,12500,0.000,0.371,0.005,0.451,-0.003,25.0,-5.9,0,-1.88,0.000,25.0,106.6,0.000,4.7,33.6,30.4,28.0,26.6,25.9,25.6,25.3,25.0,24.8,24.6,24.3,24.0,23.7,23.0,21.8,19.8,17.3,11.5
2382,48.686,0.000,2430.1,113.3,-0.6,2,12360,0.000,0.464,-0.004,0.451,-0.005,24.4,-1.4,0,-1.88,0.000,24.4,103.5,0.000,4.8,32.9,29.7,27.4,26.0,25.3,25.0,24.7,24.4,24.2,24.0,23.8,23.5,23.1,22.5,21.2,19.3,17.0,11.4
2383,48.706,0.000,2430.7,112.2,-0.7,2,12148,0.000,0.288,-0.009,0.451,-0.006,23.8,12.4,0,-1.88,0.000,23.8,100.1,0.000,4.9,32.2,29.0,26.7,25.4,24.7,24.3,24.0,23.8,23.6,23.4,23.2,22.9,22.5,21.9,20.7,18.9,16.6,11.3
2384,48.726,0.000,2431.3,111.0,-0.6,2,12248,0.000,0.318,0.023,0.451,0.000,23.2,17.5,0,-1.88,0.000,23.2,97.8,0.000,5.0,31.4,28.3,26.0,24.7,24.1,23.7,23.4,23.2,23.0,22.8,22.6,22.3,22.0,21.4,20.2,18.4,16.2,11.1
2385,48.746,0.000,2432.0,109.7,-0.5,2,12166,0.000,0.311,0.124,0.450,0.022,22.6,17.5,0,-1.89,0.000,23.1,96.8,0.000,5.2,30.7,27.6,25.4,24.1,23.4,23.1,22.8,22.6,22.4,22.2,22.0,21.7,21.4,20.8,19.7,17.9,15.8,11.0
2386,48.766,0.000,2432.7,108.4,-0.3,2,12023,0.000,0.283,0.220,0.446,0.042,22.0,12.3,0,-1.90,0.000,23.0,96.7,0.000,5.4,30.0,26.9,24.7,23.4,22.8,22.5,22.2,22.0,21.8,21.6,21.4,21.1,20.8,20.2,19.2,17.5,15.5,10.8
2387,48.786,0.000,2433.3,107.8,-0.3,2,11249,0.000,0.387,0.304,0.441,0.059,21.5,4.4,0,-1.91,0.000,21.5,91.9,0.000,5.6,29.3,26.3,24.1,22.9,22.3,21.9,21.7,21.5,21.3,21.1,20.9,20.6,20.3,19.8,18.7,17.1,15.1,10.6
2388,48.806,0.000,2434.0,107.2,-0.7,2,10431,0.000,0.430,0.377,0.434,0.074,21.0,7.3,0,-1.93,0.000,21.0,89.7,0.000,5.8,28.7,25.7,23.6,22.3,21.7,21.4,21.2,21.0,20.8,20.6,20.4,20.1,19.9,19.3,18.3,16.7,14.8,10.5
2389,48.826,0.000,2434.6,106.3,-1.2,2,10120,0.000,0.425,0.440,0.425,0.087,20.5,17.6,0,-1.95,0.000,20.5,88.9,0.000,6.1,28.2,25.2,23.1,21.9,21.3,21.0,20.7,20.5,20.3,20.2,20.0,19.7,19.4,18.9,17.9,16.4,14.6,10.3
2390,48.846,0.000,2435.2,104.8,-1.7,2,10300,0.000,0.404,0.499,0.414,0.099,20.1,28.7,0,-1.98,0.000,20.1,88.3,0.000,6.4,27.7,24.7,22.6,21.4,20.9,20.6,20.3,20.1,19.9,19.8,19.6,19.3,19.1,18.5,17.6,16.1,14.3,10.2
2391,48.866,0.000,2435.9,103.0,-2.1,2,10592,0.000,0.306,0.623,0.403,0.109,19.7,34.5,0,-2.01,0.539,19.7,90.5,0.000,6.7,27.2,24.3,22.2,21.0,20.5,20.2,19.9,19.7,19.6,19.4,19.2,19.0,18.7,18.2,17.2,15.8,14.0,10.1
2392,48.886,0.000,2436.5,101.7,-2.6,2,10296,0.000,0.282,0.637,0.390,0.118,19.4,26.6,0,-2.06,0.470,19.4,90.1,0.000,7.0,26.8,23.9,21.8,20.7,20.1,19.8,19.6,19.4,19.2,19.1,18.9,18.6,18.4,17.9,16.9,15.5,13.8,9.9
2393,48.906,0.000,2437.1,100.7,-3.6,2,9874,0.000,0.294,0.668,0.375,0.122,19.1,20.3,0,-2.10,0.470,19.1,88.6,0.000,7.3,26.5,23.6,21.5,20.4,19.9,19.6,19.3,19.1,19.0,18.8,18.6,18.4,18.1,17.6,16.7,15.3,13.6,9.8
2394,48.926,0.000,2437.7,99.4,-4.7,2,9833,0.000,0.261,0.681,0.360,0.123,18.9,20.5,0,-2.15,0.470,18.9,88.7,0.000,7.6,26.2,23.3,21.3,20.2,19.6,19.4,19.1,18.9,18.8,18.6,18.4,18.2,17.9,17.4,16.5,15.1,13.5,9.7
2395,48.946,0.000,2438.2,97.9,-5.6,2,10037,0.000,0.199,0.689,0.344,0.122,18.8,21.7,0,-2.19,0.470,18.8,89.8,0.000,7.9,26.0,23.1,21.1,20.0,19.5,19.2,18.9,18.8,18.6,18.4,18.2,18.0,17.8,17.3,16.4,15.0,13.3,9.6
2396,48.966,0.000,2438.8,96.5,-6.2,2,10252,0.000,0.129,0.699,0.328,0.122,18.6,19.6,0,-2.25,0.470,18.6,91.2,0.000,8.2,25.8,22.9,21.0,19.8,19.3,19.0,18.8,18.6,18.4,18.2,18.1,17.8,17.6,17.1,16.2,14.8,13.2,9.5
2397,48.986,0.000,2439.4,95.2,-6.5,2,10426,0.000,0.091,0.708,0.311,0.121,18.4,14.9,0,-2.31,0.470,18.4,91.4,0.000,8.5,25.6,22.8,20.8,19.7,19.1,18.8,18.6,18.4,18.2,18.1,17.9,17.7,17.4,16.9,16.0,14.7,13.0,9.4
2398,49.006,0.000,2439.9,94.3,-7.1,2,10339,0.000,0.076,0.707,0.294,0.118,18.3,8.2,0,-2.37,0.470,18.3,91.1,0.000,8.7,25.5,22.6,20.6,19.5,19.0,18.7,18.4,18.3,18.1,17.9,17.8,17.5,17.3,16.8,15.9,14.5,12.9,9.3
2399,49.026,0.000,2440.5,93.4,-7.9,2,10292,0.000,0.059,0.693,0.277,0.113,18.2,4.7,0,-2.42,0.470,18.2,90.9,-0.007,9.0,25.4,22.5,20.6,19.4,18.9,18.6,18.4,18.2,18.0,17.9,17.7,17.5,17.2,16.7,15.8,14.5,12.8,9.2
2400,49.046,0.000,2441.0,92.6,-8.7,2,10265,0.000,0.043,0.673,0.260,0.106,18.1,2.4,0,-2.47,0.470,18.1,90.7,-0.012,9.2,25.3,22.5,20.5,19.4,18.8,18.5,18.3,18.1,18.0,17.8,17.6,17.4,17.1,16.6,15.7,14.4,12.7,9.1
2401,49.066,0.000,2441.6,91.8,-9.4,2,10235,0.000,0.056,0.653,0.242,0.099,18.1,0.6,0,-2.52,0.470,18.1,90.6,-0.015,9.3,25.2,22.4,20.4,19.3,18.8,18.5,18.2,18.1,17.9,17.7,17.6,17.3,17.1,16.6,15.7,14.3,12.7,9.0
2402,49.086,0.000,2442.1,91.1,-10.0,2,10162,0.000,0.028,0.638,0.225,0.094,18.0,-0.1,0,-2.57,0.470,18.0,90.4,-0.018,9.6,25.2,22.4,20.4,19.3,18.7,18.4,18.2,18.0,17.8,17.7,17.5,17.3,17.0,16.5,15.6,14.2,12.6,8.9
2403,49.106,0.000,2442.6,90.4,-10.4,2,10125,0.000,0.003,0.625,0.208,0.088,17.9,-1.5,0,-2.63,0.470,17.9,90.3,-0.019,9.8,25.1,22.3,20.3,19.2,18.6,18.3,18.1,17.9,17.7,17.6,17.4,17.2,16.9,16.4,15.5,14.1,12.5,8.8
2404,49.126,0.000,2443.1,89.8,-10.9,2,10070,0.000,0.000,0.613,0.191,0.083,17.8,-3.6,0,-2.69,0.470,17.8,90.1,0.031,10.0,25.0,22.2,20.2,19.1,18.6,18.3,18.0,17.8,17.7,17.5,17.3,17.1,16.8,16.3,15.4,14.0,12.4,8.7
2405,49.146,0.000,2443.6,89.2,-11.5,2,9999,0.053,0.000,0.594,0.174,0.076,17.8,-5.2,0,-2.74,0.470,17.8,89.9,0.081,10.2,24.9,22.1,20.2,19.1,18.5,18.2,18.0,17.8,17.6,17.4,17.3,17.0,16.8,16.3,15.4,14.0,12.3,8.6
2406,49.166,0.000,2444.1,88.6,-12.1,2,10040,0.108,0.000,0.572,0.157,0.069,17.8,-4.4,0,-2.79,0.470,17.8,89.8,0.131,10.4,24.8,22.1,20.2,19.0,18.5,18.2,17.9,17.8,17.6,17.4,17.2,17.0,16.7,16.2,15.3,13.9,12.3,8.5
2407,49.186,0.000,2444.6,88.1,-12.7,2,10131,0.163,0.000,0.550,0.140,0.061,17.7,-2.5,0,-2.83,0.470,17.7,89.7,0.181,10.6,24.8,22.1,20.1,19.0,18.4,18.1,17.9,17.7,17.5,17.4,17.2,16.9,16.7,16.2,15.3,13.8,12.2,8.5
2408,49.206,0.000,2445.1,87.6,-13.1,2,10244,0.216,0.000,0.536,0.123,0.055,17.7,-0.2,0,-2.89,0.470,17.7,89.6,0.231,10.8,24.7,22.0,20.1,18.9,18.4,18.1,17.8,17.7,17.5,17.3,17.1,16.9,16.6,16.1,15.2,13.8,12.1,8.4
2409,49.226,0.000,2445.6,87.2,-13.5,2,10366,0.269,0.000,0.537,0.107,0.050,17.6,2.4,0,-2.95,0.490,18.6,89.4,0.281,11.0,24.6,21.9,20.0,18.9,18.3,18.0,17.8,17.6,17.4,17.2,17.1,16.8,16.6,16.1,15.1,13.7,12.0,8.3
2410,49.246,0.000,2446.1,87.0,-13.7,2,10498,0.321,0.000,0.532,0.090,0.046,17.5,5.2,0,-3.02,0.487,18.4,89.2,0.331,11.3,24.4,21.8,19.9,18.8,18.2,17.9,17.7,17.5,17.3,17.1,17.0,16.7,16.5,16.0,15.0,13.6,11.9,8.2
2411,49.266,0.000,2446.6,86.8,-13.9,2,10663,0.373,0.000,0.537,0.074,0.042,17.4,8.3,0,-3.10,0.494,18.3,88.9,0.381,11.6,24.3,21.7,19.8,18.7,18.1,17.8,17.6,17.4,17.2,17.0,16.9,16.6,16.4,15.9,14.9,13.5,11.8,8.1
2412,49.286,0.000,2447.1,86.6,-14.1,2,10837,0.425,0.000,0.536,0.057,0.039,17.3,11.5,0,-3.21,0.488,18.1,88.6,0.431,12.0,24.1,21.5,19.7,18.5,18.0,17.7,17.4,17.3,17.1,16.9,16.7,16.5,16.2,15.7,14.8,13.4,11.7,8.0
2413,49.306,0.000,2447.6,86.6,-14.3,2,11020,0.476,0.000,0.542,0.041,0.036,17.1,14.7,0,-3.36,0.489,17.9,88.2,0.481,12.6,24.0,21.4,19.5,18.4,17.9,17.6,17.3,17.1,17.0,16.8,16.6,16.4,16.1,15.6,14.7,13.3,11.6,7.9
2414,49.326,0.000,2448.1,86.6,-14.5,2,11218,0.527,0.000,0.742,0.025,0.034,17.0,18.0,0,-20.23,0.481,17.7,87.8,0.531,61.0,23.8,21.2,19.4,18.2,17.7,17.4,17.2,17.0,16.8,16.6,16.5,16.2,16.0,15.5,14.5,13.1,11.4,7.8
2415,49.346,0.000,2448.5,86.6,-14.6,2,11434,0.303,0.000,0.942,0.009,0.033,16.8,22.4,0,-20.01,0.470,17.5,87.3,0.317,59.8,23.6,21.0,19.2,18.1,17.5,17.2,17.0,16.8,16.7,16.5,16.3,16.1,15.8,15.3,14.4,13.0,11.3,7.6
2416,49.366,0.000,2449.0,86.7,-14.7,2,11044,0.000,0.054,1.000,-0.008,0.034,16.6,18.6,0,-19.85,0.470,17.3,85.6,0.215,58.6,23.3,20.8,19.0,17.9,17.3,17.1,16.8,16.6,16.5,16.3,16.1,15.9,15.6,15.1,14.2,12.8,11.1,7.5
2417,49.386,0.000,2449.5,86.5,-14.6,2,10146,0.000,0.135,1.000,-0.024,0.036,16.4,10.2,0,-19.76,0.470,17.1,83.8,0.143,57.6,23.1,20.6,18.7,17.6,17.1,16.8,16.6,16.4,16.2,16.1,15.9,15.7,15.4,14.9,14.0,12.6,11.0,7.4
2418,49.406,0.000,2450.0,86.0,-14.2,2,9668,0.000,0.097,1.000,-0.041,0.040,16.2,11.4,0,-19.76,0.470,16.9,82.1,0.000,56.7,22.8,20.3,18.5,17.4,16.8,16.6,16.3,16.2,16.0,15.8,15.7,15.4,15.2,14.7,13.8,12.4,10.8,7.3
2419,49.426,0.000,2450.4,85.3,-13.7,2,9491,0.000,0.109,1.000,-0.057,0.044,15.9,12.1,0,-19.81,0.470,16.7,80.9,0.000,55.8,22.4,20.0,18.2,17.1,16.6,16.3,16.1,15.9,15.7,15.6,15.4,15.2,14.9,14.4,13.5,12.2,10.6,7.1
2420,49.446,0.000,2450.9,84.4,-13.2,2,9347,0.000,0.102,1.000,-0.073,0.048,15.6,12.8,0,-19.83,0.470,16.6,80.3,0.000,54.9,22.1,19.7,17.9,16.8,16.3,16.0,15.8,15.6,15.5,15.3,15.1,14.9,14.7,14.2,13.3,12.0,10.4,7.0
2421,49.466,0.000,2451.3,83.5,-12.8,2,9243,0.000,0.093,1.000,-0.089,0.050,15.4,12.9,0,-19.81,0.470,16.4,79.8,0.000,54.0,21.9,19.4,17.6,16.6,16.1,15.8,15.6,15.4,15.2,15.1,14.9,14.7,14.4,14.0,13.1,11.8,10.2,6.9
2422,49.486,0.000,2451.8,82.6,-12.5,2,9156,0.000,0.084,1.000,-0.105,0.052,15.2,12.5,0,-19.74,0.470,16.2,79.3,0.000,53.1,21.6,19.2,17.4,16.3,15.8,15.6,15.3,15.2,15.0,14.8,14.7,14.5,14.2,13.8,12.9,11.6,10.0,6.7
2423,49.506,0.000,2452.2,81.8,-12.3,2,9078,0.000,0.144,1.000,-0.120,0.054,15.0,11.9,0,-19.64,0.470,15.0,76.0,0.000,52.1,21.4,18.9,17.2,16.1,15.6,15.4,15.1,15.0,14.8,14.6,14.5,14.3,14.0,13.6,12.7,11.4,9.9,6.6
2424,49.526,0.000,2452.7,80.9,-12.1,2,8911,0.000,0.122,1.000,-0.136,0.055,14.8,13.8,0,-19.51,0.470,14.8,76.0,0.000,51.0,21.2,18.7,17.0,15.9,15.4,15.2,14.9,14.8,14.6,14.4,14.3,14.1,13.8,13.4,12.5,11.2,9.7,6.5
2425,49.546,0.000,2453.1,80.0,-11.9,2,8822,0.000,0.099,1.000,-0.151,0.056,14.6,14.4,0,-19.37,0.470,14.6,76.0,0.000,50.0,21.0,18.5,16.8,15.7,15.2,15.0,14.7,14.6,14.4,14.3,14.1,13.9,13.6,13.2,12.3,11.1,9.6,6.4
2426,49.566,0.000,2453.5,79.1,-11.6,2,8776,0.000,0.077,1.000,-0.166,0.057,14.4,14.3,0,-19.25,0.470,14.4,76.0,0.000,49.1,20.8,18.3,16.5,15.5,15.0,14.8,14.5,14.4,14.2,14.1,13.9,13.7,13.5,13.0,12.2,10.9,9.4,6.3
2427,49.586,0.000,2453.9,78.3,-11.3,2,8727,0.000,0.056,1.000,-0.181,0.059,14.2,13.0,0,-19.16,0.470,14.2,76.0,-0.007,48.1,20.6,18.0,16.3,15.3,14.8,14.6,14.3,14.2,14.0,13.9,13.7,13.5,13.3,12.8,12.0,10.7,9.3,6.2
2428,49.606,0.000,2454.3,77.5,-11.0,2,8678,0.000,0.037,1.000,-0.196,0.060,14.0,11.3,0,-19.07,0.470,14.0,76.0,-0.012,47.2,20.4,17.8,16.1,15.1,14.6,14.4,14.1,14.0,13.8,13.7,13.5,13.3,13.1,12.6,11.8,10.6,9.1,6.1
2429,49.626,0.000,2454.7,76.8,-10.7,2,8633,0.000,0.020,1.000,-0.210,0.061,13.8,9.4,0,-18.97,0.470,13.8,76.0,-0.015,46.3,20.2,17.6,15.9,14.9,14.4,14.2,13.9,13.8,13.6,13.5,13.3,13.1,12.9,12.5,11.6,10.4,9.0,6.0
2430,49.646,0.000,2455.1,76.1,-10.5,2,8593,0.000,0.004,1.000,-0.224,0.061,13.6,7.4,0,-18.85,0.470,13.6,76.0,-0.018,45.4,20.0,17.3,15.7,14.7,14.2,14.0,13.8,13.6,13.4,13.3,13.1,12.9,12.7,12.3,11.5,10.3,8.8,5.8
2431,49.666,0.000,2455.5,75.6,-10.2,2,8558,0.032,0.000,1.000,-0.238,0.061,13.4,5.6,0,-18.73,0.470,13.4,76.0,0.032,44.5,19.9,17.1,15.5,14.5,14.0,13.8,13.6,13.4,13.3,13.1,13.0,12.8,12.5,12.1,11.3,10.1,8.7,5.8
2432,49.686,0.000,2455.9,75.0,-10.0,2,8567,0.082,0.000,1.000,-0.252,0.061,13.2,4.9,0,-18.60,0.470,13.2,76.0,0.082,43.6,19.7,16.9,15.3,14.3,13.8,13.6,13.4,13.2,13.1,12.9,12.8,12.6,12.4,11.9,11.1,9.9,8.6,5.7
2433,49.706,0.000,2456.3,74.6,-9.7,2,8619,0.132,0.000,1.000,-0.265,0.061,13.1,5.6,0,-18.48,0.470,13.1,76.0,0.132,42.7,19.6,16.7,15.1,14.1,13.7,13.4,13.2,13.1,12.9,12.8,12.6,12.4,12.2,11.8,11.0,9.8,8.4,5.6
2434,49.726,0.000,2456.7,74.2,-9.5,2,8689,0.182,0.000,1.000,-0.278,0.061,12.9,6.8,0,-18.36,0.470,12.9,76.0,0.182,41.9,19.5,16.5,14.9,13.9,13.5,13.2,13.0,12.9,12.7,12.6,12.4,12.2,12.0,11.6,10.8,9.6,8.3,5.5
2435,49.746,0.000,2457.0,73.9,-9.2,2,8773,0.182,0.000,1.000,-0.291,0.061,12.7,8.3,0,-18.25,0.470,12.7,76.0,0.182,41.0,19.4,16.3,14.7,13.7,13.3,13.0,12.8,12.7,12.5,12.4,12.2,12.1,11.8,11.4,10.6,9.5,8.2,5.4
2436,49.766,0.000,2457.4,73.7,-8.9,2,8780,0.179,0.000,1.000,-0.304,0.061,12.5,8.7,0,-18.16,0.470,12.5,76.0,0.179,40.2,19.3,16.1,14.5,13.5,13.1,12.8,12.6,12.5,12.3,12.2,12.1,11.9,11.6,11.2,10.5,9.3,8.0,5.3
2437,49.786,0.000,2457.8,73.5,-8.7,2,8757,0.177,0.000,1.000,-0.316,0.061,12.3,8.7,0,-18.10,0.470,12.3,76.0,0.177,39.4,19.1,15.9,14.2,13.3,12.9,12.6,12.4,12.3,12.1,12.0,11.9,11.7,11.5,11.1,10.3,9.2,7.9,5.2
2438,49.806,0.000,2458.2,73.2,-8.3,2,8725,0.174,0.000,1.000,-0.328,0.061,12.1,8.5,0,-18.05,0.470,12.1,76.0,0.174,38.7,19.0,15.7,14.0,13.1,12.7,12.4,12.2,12.1,11.9,11.8,11.7,11.5,11.3,10.9,10.1,9.0,7.7,5.1
2439,49.826,0.000,2458.5,73.1,-8.0,2,8689,0.172,0.000,1.000,-0.340,0.062,11.9,8.2,0,-18.03,0.470,11.9,76.0,0.172,37.9,18.9,15.5,13.8,12.9,12.4,12.2,12.0,11.9,11.7,11.6,11.5,11.3,11.1,10.7,9.9,8.8,7.6,5.0
2440,49.846,0.000,2458.9,72.9,-7.6,2,8653,0.170,0.000,1.000,-0.351,0.065,11.7,7.9,0,-18.03,0.470,11.7,76.0,0.170,37.3,18.8,15.2,13.5,12.7,12.2,12.0,11.8,11.7,11.5,11.4,11.3,11.1,10.9,10.5,9.8,8.7,7.5,4.9
2441,49.866,0.000,2459.2,72.7,-7.3,2,8617,0.167,0.000,1.000,-0.363,0.068,11.4,7.5,0,-18.05,0.470,11.4,76.0,0.167,36.6,18.6,15.0,13.3,12.4,12.0,11.8,11.6,11.4,11.3,11.2,11.0,10.9,10.7,10.3,9.6,8.5,7.3,4.8
2442,49.886,0.000,2459.6,72.5,-6.8,2,8581,0.165,0.000,1.000,-0.374,0.072,11.2,7.1,0,-18.08,0.470,11.2,76.0,0.165,35.9,18.5,14.8,13.1,12.2,11.8,11.5,11.4,11.2,11.1,11.0,10.8,10.6,10.4,10.1,9.4,8.3,7.2,4.7
2443,49.906,0.000,2460.0,72.3,-6.4,2,8546,0.163,0.000,1.000,-0.385,0.076,11.0,6.7,0,-18.12,0.470,11.0,76.0,0.163,35.3,18.4,14.6,12.8,12.0,11.5,11.3,11.1,11.0,10.9,10.7,10.6,10.4,10.2,9.9,9.2,8.2,7.0,4.6
2444,49.926,0.000,2460.3,72.1,-6.1,2,8517,0.161,0.000,1.000,-0.396,0.080,10.8,6.4,0,-18.15,0.470,10.8,76.0,0.161,34.7,18.3,14.4,12.6,11.7,11.3,11.1,10.9,10.8,10.7,10.5,10.4,10.2,10.0,9.7,9.0,8.0,6.9,4.5
2445,49.946,0.000,2460.7,71.9,-5.7,2,8484,0.159,0.000,1.000,-0.407,0.083,10.6,6.0,0,-18.19,0.470,10.6,76.0,0.159,34.0,18.3,14.2,12.4,11.5,11.1,10.9,10.7,10.6,10.4,10.3,10.2,10.0,9.8,9.5,8.8,7.8,6.7,4.4
2446,49.966,0.000,2461.0,71.7,-5.3,2,8451,0.156,0.000,1.000,-0.418,0.086,10.4,5.6,0,-18.22,0.470,10.4,76.0,0.156,33.4,18.2,14.0,12.1,11.3,10.9,10.7,10.5,10.4,10.2,10.1,10.0,9.8,9.6,9.3,8.6,7.7,6.6,4.3
2447,49.986,0.000,2461.3,71.6,-5.0,2,8417,0.154,0.000,1.000,-0.428,0.090,10.1,5.1,0,-18.27,0.470,10.1,76.0,0.154,32.8,18.2,13.8,11.9,11.0,10.6,10.4,10.3,10.1,10.0,9.9,9.8,9.6,9.4,9.1,8.4,7.5,6.4,4.3
2448,50.006,0.000,2461.7,71.4,-4.6,2,8387,0.152,0.000,1.000,-0.439,0.093,9.9,4.8,0,-18.34,0.470,9.9,76.0,0.152,32.2,18.2,13.7,11.7,10.8,10.4,10.2,10.0,9.9,9.8,9.7,9.6,9.4,9.2,8.9,8.3,7.3,6.3,4.2
2449,50.026,0.000,2462.0,71.2,-4.2,2,8357,0.150,0.000,1.000,-0.449,0.096,9.7,4.4,0,-18.41,0.470,9.7,76.0,0.150,31.6,18.2,13.5,11.5,10.6,10.2,10.0,9.8,9.7,9.6,9.5,9.3,9.2,9.0,8.7,8.1,7.2,6.2,4.1
2450,50.046,0.000,2462.4,71.0,-3.9,2,8328,0.148,0.000,1.000,-0.459,0.100,9.5,4.0,0,-18.48,0.470,9.5,76.0,0.148,31.1,18.2,13.3,11.3,10.4,10.0,9.8,9.6,9.5,9.4,9.2,9.1,9.0,8.8,8.5,7.9,7.0,6.0,4.0
2451,50.066,0.000,2462.7,70.9,-3.5,2,8300,0.146,0.000,1.000,-0.470,0.106,9.3,3.6,0,-18.54,0.470,9.3,76.0,0.146,30.5,18.3,13.2,11.1,10.2,9.8,9.6,9.4,9.3,9.2,9.0,8.9,8.8,8.6,8.3,7.7,6.8,5.9,3.9
2452,50.086,0.000,2463.0,70.7,-3.2,2,8273,0.144,0.000,1.000,-0.480,0.111,9.1,3.3,0,-18.59,0.470,9.1,76.0,0.144,29.9,18.4,13.1,10.9,10.0,9.5,9.3,9.2,9.1,8.9,8.8,8.7,8.6,8.4,8.1,7.5,6.7,5.7,3.8
2453,50.106,0.000,2463.4,70.5,-2.9,2,8247,0.142,0.000,1.000,-0.490,0.116,8.9,2.9,0,-18.62,0.470,8.9,76.0,0.142,29.3,18.7,13.0,10.7,9.8,9.4,9.1,9.0,8.9,8.7,8.6,8.5,8.4,8.2,7.9,7.3,6.5,5.6,3.7
2454,50.126,0.000,2463.7,70.4,-2.6,2,8227,0.140,0.000,1.000,-0.500,0.121,8.7,2.6,0,-18.62,0.470,8.7,76.0,0.140,28.7,19.0,12.9,10.6,9.6,9.2,9.0,8.8,8.7,8.6,8.4,8.3,8.2,8.0,7.7,7.2,6.4,5.5,3.7
2455,50.146,0.000,2464.0,70.2,-2.4,2,8202,0.138,0.000,1.000,-0.511,0.124,8.5,2.3,0,-18.60,0.470,8.5,76.0,0.138,28.1,19.5,12.9,10.5,9.4,9.0,8.8,8.6,8.5,8.4,8.3,8.2,8.0,7.8,7.5,7.0,6.2,5.3,3.6
2456,50.166,0.000,2464.3,70.0,-2.3,2,8177,0.136,0.000,1.000,-0.521,0.127,8.3,2.0,0,-18.54,0.470,8.3,76.0,0.136,27.5,20.1,12.9,10.4,9.3,8.9,8.6,8.5,8.3,8.2,8.1,8.0,7.8,7.7,7.4,6.8,6.1,5.2,3.5
2457,50.186,0.000,2464.6,69.9,-2.1,2,8153,0.134,0.000,1.000,-0.531,0.130,8.2,1.7,0,-18.68,0.470,8.2,76.0,0.134,26.9,43.7,13.0,10.3,9.2,8.7,8.5,8.3,8.2,8.1,7.9,7.8,7.7,7.5,7.2,6.7,5.9,5.1,3.4
2458,50.206,0.000,2464.9,69.7,-2.0,2,8129,0.132,0.000,1.000,-0.542,0.132,8.0,1.5,0,-18.62,0.470,8.0,76.0,0.132,26.3,42.8,13.1,10.2,9.1,8.6,8.4,8.2,8.0,7.9,7.8,7.7,7.5,7.3,7.0,6.5,5.8,5.0,3.3
2459,50.226,0.000,2465.3,69.5,-1.8,2,8105,0.130,0.000,1.000,-0.552,0.134,7.9,1.2,0,-18.53,0.470,7.9,76.0,0.130,25.7,41.8,13.3,10.2,9.0,8.5,8.3,8.1,7.9,7.8,7.7,7.5,7.4,7.2,6.9,6.4,5.6,4.8,3.3
2460,50.246,0.000,2465.6,69.3,-1.7,2,8081,0.128,0.000,1.000,-0.562,0.135,7.8,1.0,0,-18.42,0.470,7.8,76.0,0.128,25.1,40.9,13.5,10.2,8.9,8.4,8.2,8.0,7.8,7.7,7.5,7.4,7.3,7.1,6.8,6.2,5.5,4.7,3.2
2461,50.266,0.000,2465.9,69.2,-1.6,2,8058,0.125,0.000,1.000,-0.573,0.136,7.7,0.8,0,-18.28,0.470,7.7,76.0,0.125,24.5,40.0,13.9,10.3,8.9,8.3,8.1,7.9,7.7,7.6,7.4,7.3,7.1,7.0,6.6,6.1,5.4,4.6,3.1
2462,50.286,0.000,2466.2,69.0,-1.5,2,8033,0.123,0.000,1.000,-0.583,0.141,7.7,0.6,0,-18.10,0.470,7.7,76.0,0.123,23.9,39.1,14.4,10.3,8.9,8.3,8.0,7.8,7.7,7.5,7.4,7.2,7.1,6.9,6.5,6.0,5.2,4.5,3.0
2463,50.306,0.000,2466.5,68.8,-1.5,2,8010,0.121,0.000,1.000,-0.593,0.145,7.6,0.4,0,-17.88,0.470,7.6,76.0,0.121,23.3,38.2,15.0,10.5,8.9,8.3,8.0,7.8,7.6,7.5,7.3,7.2,7.0,6.8,6.4,5.8,5.1,4.4,2.9
2464,50.326,0.000,2466.8,68.6,-1.4,2,7987,0.119,0.000,1.000,-0.604,0.149,7.6,0.3,0,-17.61,0.470,7.6,76.0,0.119,22.7,37.3,15.9,10.7,9.0,8.3,8.0,7.8,7.6,7.4,7.3,7.1,6.9,6.7,6.4,5.7,5.0,4.2,2.9
2465,50.346,0.000,2467.0,68.5,-1.4,2,7966,0.117,0.000,1.000,-0.615,0.153,7.6,0.2,0,-17.28,0.470,7.6,76.0,0.117,22.2,36.4,17.1,11.0,9.1,8.4,8.1,7.8,7.6,7.4,7.3,7.1,6.9,6.7,6.3,5.7,4.9,4.1,2.8
2466,50.366,0.000,2467.3,68.3,-1.4,2,7943,0.115,0.000,1.000,-0.626,0.156,7.6,0.1,0,-15.47,0.094,7.6,76.0,0.115,21.6,35.5,39.2,11.4,9.3,8.5,8.1,7.8,7.6,7.4,7.3,7.1,6.9,6.6,6.2,5.6,4.8,4.0,2.7
2467,50.386,0.000,2467.6,68.1,-1.3,2,7919,0.113,0.000,1.000,-0.637,0.159,7.7,0.0,0,-15.27,0.094,7.7,76.0,0.113,21.1,34.6,38.2,11.9,9.5,8.6,8.2,7.9,7.7,7.5,7.3,7.1,6.9,6.6,6.2,5.5,4.7,3.9,2.6
2468,50.406,0.000,2467.9,67.9,-1.3,2,7895,0.110,0.000,1.000,-0.649,0.162,7.8,-0.1,0,-15.02,0.094,7.8,76.0,0.110,20.6,33.7,37.3,12.7,9.8,8.9,8.4,8.1,7.8,7.6,7.4,7.2,6.9,6.7,6.2,5.5,4.6,3.8,2.5
2469,50.426,0.000,2468.2,67.7,-1.2,2,7871,0.108,0.000,1.000,-0.660,0.165,8.0,-0.1,0,-14.70,0.094,8.0,76.0,0.108,20.1,32.9,36.4,13.6,10.3,9.1,8.6,8.2,8.0,7.7,7.5,7.3,7.0,6.7,6.2,5.5,4.6,3.7,2.4
2470,50.446,0.000,2468.4,67.6,-1.3,2,7847,0.106,0.000,1.000,-0.672,0.168,8.2,-0.2,0,-14.33,0.094,8.2,76.0,0.106,19.6,32.0,35.5,14.9,10.8,9.5,8.9,8.5,8.2,7.9,7.7,7.4,7.1,6.8,6.3,5.5,4.5,3.7,2.4
2471,50.466,0.000,2468.7,67.6,-1.5,2,7833,0.103,0.000,1.000,-0.684,0.174,8.4,-0.2,0,-12.37,0.094,8.4,76.0,0.103,19.3,31.3,34.7,37.2,11.3,9.8,9.2,8.7,8.4,8.1,7.8,7.5,7.2,6.9,6.3,5.4,4.4,3.6,2.3
2472,50.486,0.000,2469.0,67.6,-1.7,2,7832,0.101,0.000,1.000,-0.696,0.185,8.4,-0.1,0,-12.33,0.094,8.4,76.0,0.101,19.1,30.8,34.1,36.5,11.5,9.9,9.2,8.7,8.4,8.1,7.8,7.5,7.2,6.8,6.2,5.3,4.3,3.5,2.2
2473,50.506,0.000,2469.2,67.7,-1.6,2,7828,0.100,0.000,1.000,-0.710,0.201,8.2,-0.1,0,-12.42,0.094,8.2,76.0,0.100,19.0,30.3,33.6,36.0,11.5,9.8,9.1,8.6,8.2,7.9,7.6,7.3,7.0,6.6,6.1,5.2,4.2,3.3,2.1
2474,50.526,0.000,2469.5,67.7,-1.3,2,7828,0.100,0.000,1.000,-0.724,0.219,7.9,-0.1,0,-12.61,0.094,7.9,76.0,0.100,19.0,30.0,33.2,35.5,11.1,9.5,8.8,8.2,7.9,7.6,7.3,7.1,6.7,6.4,5.8,4.9,4.0,3.2,2.0
2475,50.546,0.000,2469.9,67.8,-1.0,2,7833,0.100,0.000,1.000,-0.739,0.219,7.5,0.4,0,-12.87,0.094,7.5,76.0,0.100,19.0,29.7,32.9,35.2,10.5,9.0,8.3,7.8,7.5,7.2,6.9,6.7,6.4,6.0,5.5,4.7,3.8,3.0,1.9
2476,50.566,0.000,2470.2,67.8,-0.3,2,7829,0.100,0.000,1.000,-0.753,0.218,7.1,1.5,0,-13.10,0.094,7.1,76.0,0.100,19.1,29.5,32.6,34.8,10.0,8.5,7.9,7.4,7.1,6.8,6.6,6.3,6.0,5.7,5.2,4.4,3.6,2.8,1.8
2477,50.586,0.000,2470.6,67.6,0.4,2,7812,0.100,0.000,1.000,-0.766,0.212,6.9,1.4,0,-13.20,0.094,6.9,76.0,0.100,19.0,29.1,32.1,34.3,9.9,8.4,7.7,7.3,6.9,6.7,6.4,6.2,5.9,5.5,5.0,4.3,3.4,2.7,1.7
2478,50.606,0.000,2471.0,67.3,0.7,2,7886,0.100,0.000,1.000,-0.779,0.200,7.0,1.9,0,-13.16,0.094,7.0,76.0,0.100,18.7,28.5,31.5,33.7,10.2,8.5,7.8,7.3,7.0,6.7,6.4,6.1,5.8,5.5,5.0,4.2,3.3,2.6,1.6
2479,50.626,0.000,2471.3,67.1,0.3,2,7984,0.100,0.000,1.000,-0.790,0.181,7.3,2.8,0,-12.88,0.094,7.3,76.0,0.100,18.4,27.8,30.7,32.9,11.4,9.2,8.4,7.7,7.3,7.0,6.7,6.4,6.0,5.7,5.1,4.2,3.3,2.6,1.5
2480,50.646,0.000,2471.7,67.0,-0.9,2,8081,0.100,0.000,1.000,-0.801,0.156,8.1,4.0,0,-10.66,0.094,8.1,76.0,0.100,17.9,27.0,29.8,31.9,33.2,10.7,9.5,8.7,8.1,7.7,7.3,6.9,6.5,6.0,5.3,4.4,3.3,2.5,1.5
2481,50.666,0.000,2472.1,66.9,-2.6,2,8175,0.100,0.000,1.000,-0.812,0.127,9.6,5.8,0,-7.81,0.094,9.6,76.0,0.100,17.4,26.1,28.9,30.9,32.2,32.8,33.2,10.3,9.6,8.9,8.3,7.8,7.2,6.6,5.8,4.6,3.4,2.6,1.4
2482,50.686,0.000,2472.4,66.8,-4.2,2,8078,0.100,0.000,1.000,-0.822,0.097,32.8,5.1,0,-5.36,0.094,32.8,103.7,0.100,16.9,25.3,27.9,29.9,31.1,31.7,32.1,32.4,32.6,32.8,10.2,9.4,8.5,7.6,6.5,4.9,3.5,2.6,1.4
2483,50.706,0.000,2472.8,66.8,-5.6,2,7940,0.100,0.000,1.000,-0.831,0.067,31.9,3.4,0,-4.21,0.094,31.9,102.4,0.100,16.5,24.4,27.0,28.9,30.1,30.7,31.0,31.3,31.5,31.7,31.9,32.1,10.6,9.2,7.4,5.4,3.7,2.6,1.3
2484,50.726,0.000,2473.2,66.7,-6.4,2,7843,0.150,0.000,0.854,-0.840,0.040,30.9,2.2,0,-3.23,0.094,30.9,100.9,0.150,16.1,23.7,26.1,28.0,29.1,29.7,30.0,30.3,30.5,30.7,30.9,31.1,31.4,31.7,8.8,5.9,3.9,2.6,1.3
2485,50.746,0.000,2473.6,66.6,-6.6,2,7867,0.200,0.000,0.736,-0.848,0.018,30.1,2.6,0,-2.68,0.094,30.1,101.5,0.200,15.8,23.1,25.4,27.2,28.3,28.9,29.2,29.5,29.7,29.9,30.1,30.3,30.6,30.9,31.5,6.5,4.0,2.7,1.3
2486,50.766,0.000,2473.9,66.6,-6.4,2,7937,0.250,0.000,0.657,-0.855,0.001,29.3,3.2,0,-2.69,0.094,29.3,104.0,0.250,15.6,22.5,24.8,26.5,27.6,28.2,28.5,28.8,29.0,29.1,29.3,29.5,29.8,30.1,30.7,7.1,4.2,2.7,1.2
2487,50.786,0.000,2474.3,66.5,-5.9,2,8102,0.300,0.000,0.580,-0.860,-0.016,28.6,5.3,0,-2.70,0.094,29.0,107.0,0.300,15.4,22.0,24.2,25.9,27.0,27.5,27.8,28.1,28.2,28.4,28.6,28.8,29.1,29.4,30.0,7.9,4.4,2.7,1.2
2488,50.806,0.000,2474.7,66.3,-6.3,2,8593,0.350,0.000,0.458,-0.864,-0.039,27.8,12.0,0,-1.97,0.094,28.6,105.2,0.350,15.1,21.4,23.5,25.2,26.2,26.7,27.0,27.3,27.4,27.6,27.8,28.0,28.2,28.5,29.1,30.3,4.8,2.8,1.2
2489,50.826,0.000,2475.0,66.0,-7.5,2,9222,0.400,0.000,0.352,-0.867,-0.069,26.8,21.0,0,-1.98,0.119,26.8,99.4,0.400,14.8,20.7,22.7,24.3,25.3,25.8,26.1,26.3,26.5,26.7,26.8,27.0,27.3,27.5,28.1,29.2,5.7,3.1,1.2
2490,50.846,0.000,2475.4,65.8,-9.0,2,9786,0.450,0.000,0.227,-0.870,-0.105,25.8,29.5,0,-1.96,0.148,25.8,97.1,0.450,14.4,20.0,21.9,23.4,24.3,24.8,25.0,25.3,25.4,25.6,25.8,26.0,26.2,26.5,27.0,28.1,7.5,3.5,1.2
2491,50.866,0.000,2475.8,65.6,-10.9,2,10467,0.363,0.000,0.027,-0.872,-0.146,24.7,39.3,0,-0.86,0.000,24.7,95.4,0.500,14.0,19.2,21.0,22.4,23.3,23.7,24.0,24.2,24.4,24.5,24.7,24.8,25.1,25.3,25.8,26.9,28.7,4.2,1.3
2492,50.886,0.000,2476.1,65.4,-13.4,2,10814,0.000,0.000,-0.173,-0.873,-0.190,23.6,45.0,0,-0.87,0.000,23.6,94.7,0.550,13.6,18.4,20.1,21.4,22.2,22.7,22.9,23.1,23.3,23.4,23.6,23.7,23.9,24.2,24.7,25.7,27.4,5.4,1.4
2493,50.906,0.000,2476.5,65.1,-15.8,2,9931,0.000,0.000,-0.373,-0.873,-0.232,22.5,32.9,0,0.86,0.000,22.5,94.9,0.600,13.2,17.7,19.3,20.5,21.3,21.7,21.9,22.1,22.3,22.4,22.5,22.7,22.9,23.1,23.6,24.5,26.2,28.7,1.4
2494,50.926,0.000,2476.9,64.8,-18.0,2,9311,0.010,0.000,-0.573,-0.874,-0.270,21.7,23.0,0,0.81,0.000,21.7,93.4,0.650,12.9,17.1,18.5,19.7,20.5,20.8,21.1,21.2,21.4,21.5,21.7,21.8,22.0,22.2,22.6,23.5,25.1,27.5,1.5
2495,50.946,0.000,2477.3,64.6,-19.3,2,8490,0.141,0.000,-0.773,-0.874,-0.298,20.9,9.5,0,0.75,0.000,20.9,93.2,0.653,12.7,16.6,18.0,19.1,19.8,20.2,20.4,20.5,20.7,20.8,20.9,21.1,21.2,21.5,21.9,22.7,24.2,26.5,1.6
2496,50.966,0.000,2477.6,64.5,-19.7,2,8180,0.000,0.000,-0.973,-0.873,-0.316,20.4,3.2,0,0.70,0.000,20.4,92.2,0.253,12.6,16.2,17.6,18.6,19.3,19.6,19.8,20.0,20.1,20.2,20.4,20.5,20.7,20.9,21.3,22.1,23.5,25.8,1.7
2497,50.986,0.000,2478.0,64.4,-19.6,2,7757,0.000,0.000,-1.000,-0.871,-0.324,20.0,-4.3,0,0.65,0.000,20.0,90.2,0.200,12.5,16.0,17.3,18.3,18.9,19.3,19.5,19.6,19.7,19.9,20.0,20.1,20.3,20.5,20.9,21.6,23.1,25.3,1.7
2498,51.006,0.000,2478.4,64.5,-19.1,2,7547,0.000,0.000,-1.000,-0.870,-0.322,19.7,-8.7,0,0.62,0.000,19.7,88.5,0.200,12.5,15.8,17.1,18.1,18.7,19.0,19.2,19.4,19.5,19.6,19.7,19.8,20.0,20.2,20.6,21.4,22.8,24.9,1.8
2499,51.026,0.000,2478.8,64.7,-17.8,2,7417,0.000,0.000,-1.000,-0.867,-0.310,19.6,-11.7,0,0.59,0.000,19.6,88.2,0.200,12.5,15.8,17.0,17.9,18.6,18.9,19.1,19.2,19.4,19.5,19.6,19.7,19.9,20.1,20.4,21.2,22.6,24.8,1.7
2500,51.046,0.000,2479.1,65.0,-15.8,2,7370,0.032,0.000,-1.000,-0.864,-0.291,19.6,-13.2,0,0.58,0.000,19.6,88.3,0.200,12.6,15.8,17.0,17.9,18.5,18.9,19.0,19.2,19.3,19.4,19.6,19.7,19.8,20.0,20.4,21.2,22.6,24.7,1.7
2501,51.066,0.000,2479.5,65.3,-13.4,2,7411,0.066,0.000,-1.000,-0.860,-0.264,19.6,-12.9,0,0.59,0.000,19.6,88.4,0.200,12.6,15.8,17.0,18.0,18.6,18.9,19.1,19.2,19.4,19.5,19.6,19.7,19.9,20.1,20.5,21.2,22.6,24.8,1.7
2502,51.086,0.000,2479.9,65.7,-10.8,2,7458,0.093,0.000,-1.000,-0.856,-0.231,19.7,-12.5,0,0.60,0.000,19.7,88.8,0.200,12.7,15.9,17.1,18.1,18.7,19.0,19.2,19.4,19.5,19.6,19.7,19.8,20.0,20.2,20.6,21.4,22.8,25.1,1.6
2503,51.106,0.000,2480.2,66.0,-8.6,2,7532,0.164,0.000,-0.853,-0.852,-0.194,19.9,-11.4,0,0.63,0.000,19.9,89.2,0.250,12.8,16.0,17.2,18.2,18.9,19.2,19.4,19.6,19.7,19.8,19.9,20.0,20.2,20.4,20.8,21.6,23.1,25.4,1.6
2504,51.126,0.000,2480.6,66.3,-6.6,2,7692,0.231,0.000,-0.675,-0.848,-0.156,20.1,-8.5,0,0.66,0.000,20.1,89.7,0.300,12.9,16.1,17.4,18.4,19.0,19.4,19.6,19.7,19.9,20.0,20.1,20.2,20.4,20.6,21.0,21.9,23.4,25.7,1.6
2505,51.146,0.000,2481.0,66.7,-4.9,2,7741,0.295,0.000,-0.513,-0.844,-0.121,20.3,-6.7,0,0.70,0.000,20.3,90.1,0.350,12.9,16.2,17.4,18.5,19.2,19.5,19.7,19.9,20.0,20.1,20.3,20.4,20.6,20.8,21.2,22.0,23.6,26.0,1.5
2506,51.166,0.000,2481.3,67.2,-3.8,2,7826,0.356,0.000,-0.384,-0.841,-0.094,20.3,-5.1,0,0.72,0.000,20.3,90.3,0.400,12.9,16.2,17.5,18.5,19.2,19.6,19.8,19.9,20.1,20.2,20.3,20.4,20.6,20.8,21.3,22.1,23.7,26.2,1.5
2507,51.186,0.000,2481.7,67.6,-2.9,2,7931,0.415,0.000,-0.285,-0.839,-0.073,20.3,-3.2,0,0.74,0.000,20.3,91.0,0.450,12.9,16.1,17.4,18.5,19.1,19.5,19.7,19.9,20.0,20.1,20.3,20.4,20.6,20.8,21.2,22.1,23.7,26.2,1.5
2508,51.206,0.000,2482.1,68.1,-2.1,2,8075,0.472,0.000,-0.209,-0.837,-0.057,20.1,-1.0,0,0.75,0.000,20.1,91.9,0.500,12.8,16.0,17.3,18.3,19.0,19.4,19.6,19.8,19.9,20.0,20.1,20.3,20.5,20.7,21.1,22.0,23.6,26.1,1.5
2509,51.226,0.000,2482.5,68.6,-1.5,2,8274,0.527,0.000,-0.147,-0.836,-0.043,20.0,2.0,0,0.77,0.000,20.6,91.2,0.550,12.7,15.9,17.1,18.2,18.8,19.2,19.4,19.6,19.7,19.8,20.0,20.1,20.3,20.5,20.9,21.8,23.4,25.9,1.5
2510,51.246,0.000,2482.9,69.2,-1.0,2,8544,0.582,0.000,-0.096,-0.835,-0.032,19.7,6.1,0,0.78,0.000,20.2,89.5,0.600,12.6,15.7,16.9,18.0,18.6,19.0,19.2,19.4,19.5,19.6,19.7,19.9,20.1,20.3,20.7,21.6,23.2,25.7,1.5
2511,51.266,0.000,2483.4,69.8,-0.5,2,8837,0.636,0.000,-0.185,-0.833,-0.051,19.5,10.6,0,0.79,0.000,20.3,87.7,0.650,12.5,15.5,16.7,17.7,18.4,18.8,18.9,19.1,19.2,19.4,19.5,19.6,19.8,20.0,20.4,21.3,22.9,25.4,1.6
2512,51.286,0.000,2484.0,70.6,-0.1,2,9189,0.688,0.000,-0.343,-0.829,-0.084,19.2,15.9,0,0.80,0.000,19.2,86.3,0.700,12.3,15.3,16.5,17.5,18.1,18.5,18.7,18.9,19.0,19.1,19.2,19.4,19.5,19.8,20.2,21.0,22.6,25.2,1.8
2513,51.306,0.000,2484.6,71.3,0.2,2,9621,0.741,0.000,-0.508,-0.822,-0.118,18.9,22.5,0,0.81,0.000,18.9,85.3,0.750,12.2,15.0,16.2,17.2,17.9,18.2,18.4,18.6,18.7,18.8,18.9,19.1,19.2,19.5,19.9,20.7,22.3,24.8,1.9
2514,51.326,0.000,2485.2,72.1,0.4,2,10267,0.288,0.000,-0.675,-0.813,-0.153,18.6,31.0,0,0.82,0.000,18.6,84.8,0.800,12.0,14.8,15.9,16.9,17.6,17.9,18.1,18.3,18.4,18.5,18.6,18.8,18.9,19.1,19.6,20.4,22.0,24.5,2.2
2515,51.346,0.000,2485.8,72.0,0.5,2,10729,0.000,0.000,-0.826,-0.801,-0.184,18.4,38.2,0,0.84,0.000,18.4,84.3,0.547,11.9,14.6,15.7,16.7,17.3,17.7,17.8,18.0,18.1,18.3,18.4,18.5,18.7,18.9,19.3,20.1,21.7,24.2,2.5
2516,51.366,0.000,2486.3,71.9,0.9,2,10431,0.000,0.000,-0.950,-0.787,-0.209,18.2,33.9,0,0.89,0.000,18.2,84.0,0.300,11.7,14.4,15.5,16.5,17.1,17.5,17.7,17.8,17.9,18.1,18.2,18.3,18.5,18.7,19.1,19.9,21.5,24.1,2.8
2517,51.386,0.000,2486.9,71.8,1.7,2,10173,0.000,0.000,-0.999,-0.772,-0.219,18.1,29.6,0,0.94,0.000,18.1,83.3,0.202,11.6,14.3,15.4,16.4,17.0,17.4,17.5,17.7,17.8,18.0,18.1,18.2,18.4,18.6,19.0,19.9,21.5,24.0,3.1
2518,51.406,0.000,2487.4,71.4,2.7,2,9928,0.000,0.000,-1.000,-0.755,-0.220,18.1,25.0,0,1.02,0.000,18.1,83.0,0.200,11.5,14.2,15.4,16.3,17.0,17.4,17.5,17.7,17.8,18.0,18.1,18.2,18.4,18.6,19.0,19.9,21.5,24.2,3.4
2519,51.426,0.000,2487.9,70.9,4.2,2,9695,0.000,0.000,-0.963,-0.738,-0.209,18.3,20.7,0,1.12,0.000,18.3,84.1,0.250,11.5,14.2,15.5,16.5,17.2,17.5,17.7,17.9,18.0,18.2,18.3,18.4,18.6,18.8,19.3,20.2,21.9,24.7,3.6
2520,51.446,0.000,2488.4,70.4,6.6,2,9261,0.000,0.000,-0.849,-0.720,-0.184,18.7,14.7,0,1.25,0.000,18.7,86.0,0.300,11.5,14.4,15.7,16.8,17.5,17.9,18.1,18.3,18.5,18.6,18.7,18.9,19.1,19.3,19.8,20.8,22.6,25.5,3.6
2521,51.466,0.000,2488.9,70.1,8.9,2,8289,0.078,0.000,-0.700,-0.702,-0.151,19.4,-0.7,0,1.39,0.000,19.4,89.7,0.350,11.5,14.7,16.1,17.3,18.0,18.5,18.7,18.9,19.1,19.2,19.4,19.5,19.7,20.0,20.5,21.5,23.5,26.7,3.6
2522,51.486,0.000,2489.4,69.6,11.2,2,7850,0.182,0.000,-0.551,-0.683,-0.119,20.0,-7.4,0,1.53,0.000,20.0,92.2,0.400,11.6,15.0,16.5,17.8,18.6,19.1,19.3,19.6,19.7,19.9,20.0,20.2,20.4,20.7,21.3,22.4,24.5,28.0,3.5
2523,51.506,0.000,2489.9,69.0,13.3,2,7799,0.276,0.000,-0.400,-0.665,-0.086,20.8,-7.3,0,1.67,0.000,20.8,95.4,0.450,11.7,15.4,17.0,18.3,19.2,19.7,20.0,20.2,20.4,20.6,20.8,20.9,21.2,21.5,22.1,23.3,25.6,29.3,3.5
2524,51.526,0.000,2490.4,68.3,15.0,2,8150,0.360,0.000,-0.249,-0.647,-0.053,21.5,-0.8,0,1.79,0.000,21.5,99.1,0.500,11.7,15.7,17.4,18.9,19.9,20.4,20.7,20.9,21.1,21.3,21.5,21.7,22.0,22.3,22.9,24.2,26.7,30.6,3.5
2525,51.546,0.000,2490.8,67.8,15.9,2,8504,0.438,0.000,-0.138,-0.630,-0.028,22.1,6.5,0,1.91,0.000,22.8,101.8,0.550,11.8,16.0,17.8,19.3,20.4,20.9,21.2,21.5,21.7,21.9,22.1,22.3,22.6,22.9,23.6,25.0,27.6,31.9,3.6
2526,51.566,0.000,2491.3,67.6,16.2,2,8742,0.511,0.000,-0.173,-0.614,-0.013,22.5,11.3,0,2.03,-0.810,22.9,103.2,0.600,11.8,16.1,18.0,19.6,20.7,21.3,21.6,21.9,22.1,22.3,22.5,22.8,23.1,23.4,24.1,25.6,28.3,32.9,3.6
2527,51.586,0.000,2491.8,67.6,16.3,2,9044,0.579,0.000,-0.155,-0.599,-0.005,22.8,16.8,0,2.13,-0.810,22.9,104.1,0.650,11.7,16.2,18.2,19.8,21.0,21.6,21.9,22.2,22.4,22.6,22.8,23.0,23.4,23.7,24.4,26.0,28.8,33.8,3.8
2528,51.606,0.000,2492.2,67.8,16.5,2,9463,0.643,0.000,-0.161,-0.583,-0.002,23.0,23.7,0,2.23,-0.810,23.0,104.7,0.700,11.7,16.2,18.2,19.9,21.1,21.7,22.0,22.3,22.6,22.8,23.0,23.2,23.6,23.9,24.7,26.2,29.1,34.5,3.9
2529,51.626,0.000,2492.7,68.0,16.8,2,9989,0.380,0.000,-0.183,-0.568,-0.002,23.1,32.0,0,2.32,-0.810,23.2,105.1,0.750,11.6,16.2,18.2,20.0,21.1,21.8,22.1,22.4,22.6,22.9,23.1,23.3,23.7,24.0,24.8,26.4,29.3,35.0,4.0
2530,51.646,0.000,2493.1,68.3,17.2,2,9893,0.464,0.000,-0.218,-0.551,-0.005,23.1,30.9,0,2.42,-0.810,23.3,105.3,0.800,11.5,16.1,18.2,20.0,21.1,21.8,22.1,22.4,22.7,22.9,23.1,23.4,23.7,24.1,24.9,26.5,29.5,35.5,4.2
2531,51.666,0.000,2493.6,68.4,17.5,2,10191,0.106,0.000,-0.247,-0.535,-0.007,23.1,35.6,0,2.51,-0.810,23.3,104.7,0.850,11.4,16.1,18.1,19.9,21.1,21.7,22.1,22.4,22.6,22.9,23.1,23.4,23.7,24.1,24.9,26.5,29.6,35.9,4.4
2532,51.686,0.000,2494.0,68.5,17.7,2,9609,0.305,0.000,-0.282,-0.518,-0.009,23.1,27.0,0,2.60,-0.810,23.3,103.1,0.900,11.3,15.9,18.0,19.8,21.0,21.7,22.0,22.4,22.6,22.8,23.1,23.3,23.7,24.1,24.8,26.5,29.7,36.3,4.6
2533,51.706,0.000,2494.4,68.6,17.5,2,9500,0.474,0.000,-0.310,-0.501,-0.010,23.1,24.1,0,2.71,-0.810,23.4,104.0,0.950,11.2,15.9,18.0,19.8,21.0,21.7,22.0,22.3,22.6,22.8,23.1,23.3,23.7,24.1,24.9,26.6,29.9,36.8,4.7
2534,51.726,0.000,2494.9,68.8,17.2,2,9638,0.619,0.000,-0.326,-0.484,-0.010,23.1,25.4,0,2.83,-0.796,23.4,105.8,1.000,11.1,15.8,17.9,19.8,21.0,21.7,22.0,22.4,22.6,22.9,23.1,23.4,23.7,24.1,24.9,26.7,30.2,37.5,4.9
2535,51.746,0.000,2495.3,69.0,16.9,2,9979,0.695,0.000,-0.335,-0.468,-0.009,23.2,30.0,0,2.96,-0.775,23.4,106.1,1.000,11.0,15.7,17.9,19.8,21.0,21.7,22.1,22.4,22.7,22.9,23.2,23.4,23.8,24.2,25.1,26.8,30.5,38.3,5.1
2536,51.766,0.000,2495.8,69.4,16.7,2,10362,0.279,0.000,-0.349,-0.452,-0.008,23.3,35.3,0,3.11,-0.762,23.5,106.5,1.000,10.9,15.7,17.9,19.8,21.1,21.8,22.2,22.5,22.7,23.0,23.3,23.5,23.9,24.3,25.2,27.0,30.9,39.2,5.2
2537,51.786,0.000,2496.2,69.7,16.5,2,9649,0.423,0.000,-0.362,-0.436,-0.007,23.3,24.6,0,3.26,-0.744,23.6,107.0,1.000,10.8,15.7,17.9,19.8,21.1,21.8,22.2,22.6,22.8,23.1,23.3,23.6,24.0,24.4,25.3,27.2,31.2,40.2,5.4
2538,51.806,0.000,2496.6,70.0,16.2,2,9570,0.539,0.000,-0.378,-0.420,-0.008,23.4,22.7,0,3.42,-0.726,23.6,107.3,1.000,10.7,15.6,17.8,19.8,21.1,21.8,22.2,22.6,22.8,23.1,23.4,23.6,24.0,24.5,25.4,27.3,31.6,41.1,5.5
2539,51.826,0.000,2497.1,70.3,16.0,2,9808,0.631,0.000,-0.392,-0.405,-0.008,23.4,26.0,0,3.57,-0.704,23.6,107.5,1.000,10.6,15.5,17.8,19.7,21.1,21.8,22.2,22.6,22.8,23.1,23.4,23.6,24.0,24.5,25.4,27.4,31.9,42.0,5.7
2540,51.846,0.000,2497.5,70.7,15.7,2,10208,0.561,0.000,-0.415,-0.390,-0.009,23.3,31.8,0,3.73,-0.685,23.6,107.7,1.000,10.5,15.4,17.7,19.7,21.0,21.7,22.2,22.5,22.8,23.0,23.3,23.6,24.0,24.5,25.4,27.5,32.1,42.8,5.8
2541,51.866,0.000,2497.9,71.1,15.4,2,10334,0.414,0.000,-0.434,-0.374,-0.012,23.2,33.6,0,3.89,-0.654,23.6,107.8,1.000,10.4,15.3,17.5,19.5,20.9,21.7,22.1,22.4,22.7,23.0,23.2,23.5,23.9,24.4,25.3,27.5,32.3,43.6,6.0
2542,51.886,0.000,2498.3,71.5,15.0,2,10037,0.531,0.000,-0.457,-0.359,-0.016,23.1,28.9,0,4.05,-0.628,23.7,107.7,1.000,10.3,15.1,17.4,19.4,20.8,21.5,22.0,22.3,22.6,22.9,23.1,23.4,23.8,24.3,25.3,27.5,32.5,44.3,6.2
2543,51.906,0.000,2498.8,71.9,14.6,2,10118,0.625,0.000,-0.479,-0.344,-0.020,23.0,29.4,0,4.21,-0.596,23.7,107.7,1.000,10.2,15.0,17.3,19.3,20.7,21.4,21.8,22.2,22.5,22.7,23.0,23.3,23.7,24.2,25.2,27.5,32.6,45.0,6.4
2544,51.926,0.000,2499.2,72.4,14.1,2,10409,0.435,0.000,-0.501,-0.330,-0.025,22.9,33.2,0,4.38,-0.567,23.7,107.6,1.000,10.0,14.8,17.1,19.1,20.5,21.3,21.7,22.1,22.3,22.6,22.9,23.2,23.6,24.1,25.1,27.4,32.8,45.7,6.6
2545,51.946,0.000,2499.6,72.9,13.6,2,10154,0.548,0.000,-0.521,-0.315,-0.031,22.7,29.1,0,4.55,-0.536,23.8,107.5,1.000,9.9,14.7,17.0,19.0,20.4,21.1,21.5,21.9,22.2,22.5,22.7,23.0,23.5,24.0,25.0,27.4,32.9,46.5,6.8
2546,51.966,0.000,2500.1,73.3,13.1,2,10256,0.638,0.000,-0.539,-0.300,-0.035,22.6,29.8,0,4.73,-0.509,23.9,107.4,1.000,9.8,14.5,16.8,18.8,20.2,21.0,21.4,21.7,22.0,22.3,22.6,22.9,23.3,23.8,24.9,27.3,33.0,47.2,7.0
2547,51.986,0.000,2500.5,73.8,12.6,2,10539,0.399,0.000,-0.554,-0.286,-0.040,22.4,33.4,0,4.92,-0.485,23.9,107.1,1.000,9.7,14.4,16.6,18.6,20.0,20.8,21.2,21.6,21.9,22.1,22.4,22.7,23.2,23.7,24.8,27.3,33.1,48.0,7.2
2548,52.006,0.000,2500.9,74.3,12.1,2,10154,0.519,0.000,-0.574,-0.272,-0.044,22.3,27.2,0,5.12,-0.470,23.9,106.9,1.000,9.5,14.2,16.5,18.5,19.9,20.6,21.0,21.4,21.7,22.0,22.3,22.6,23.0,23.6,24.7,27.2,33.2,48.9,7.4
2549,52.026,0.000,2501.4,74.7,11.6,2,10179,0.610,0.000,-0.603,-0.257,-0.049,22.1,26.6,0,5.33,-0.470,24.0,106.7,0.994,9.4,14.0,16.3,18.3,19.7,20.4,20.9,21.2,21.5,21.8,22.1,22.4,22.9,23.4,24.5,27.2,33.3,49.8,7.6
2550,52.046,0.000,2501.8,75.2,11.0,2,10362,0.618,0.000,-0.633,-0.243,-0.054,21.9,28.6,0,5.54,-0.470,21.9,106.8,0.934,9.3,13.9,16.1,18.1,19.5,20.2,20.7,21.0,21.3,21.6,21.9,22.3,22.7,23.3,24.4,27.1,33.4,50.6,7.8
2551,52.066,0.000,2502.2,75.8,10.4,2,10503,0.399,0.000,-0.662,-0.230,-0.059,21.8,30.0,0,5.77,-0.470,21.8,106.6,0.876,9.2,13.7,15.9,17.9,19.3,20.1,20.5,20.9,21.2,21.5,21.8,22.1,22.6,23.1,24.3,27.0,33.5,51.6,8.1
2552,52.086,0.000,2502.7,76.3,9.8,2,10091,0.435,0.000,-0.692,-0.216,-0.065,21.6,23.3,0,6.02,-0.470,21.6,106.5,0.816,9.1,13.5,15.7,17.7,19.1,19.9,20.3,20.7,21.0,21.3,21.6,21.9,22.4,23.0,24.2,27.0,33.7,52.7,8.3
2553,52.106,0.000,2503.1,76.7,9.2,2,9942,0.443,0.000,-0.726,-0.202,-0.070,21.4,20.2,0,6.27,-0.470,21.4,106.3,0.748,8.9,13.4,15.6,17.5,18.9,19.7,20.1,20.5,20.8,21.1,21.4,21.8,22.3,22.8,24.0,26.9,33.8,53.9,8.5
2554,52.126,0.000,2503.6,77.1,8.5,2,9883,0.437,0.000,-0.760,-0.189,-0.076,21.3,18.7,0,6.53,-0.470,21.3,106.0,0.681,8.8,13.2,15.4,17.3,18.7,19.5,19.9,20.3,20.6,20.9,21.3,21.6,22.1,22.7,23.9,26.8,33.9,55.1,8.7
2555,52.146,0.000,2504.0,77.5,7.8,2,9840,0.416,0.000,-0.795,-0.176,-0.081,21.1,17.5,0,6.79,-0.470,21.1,105.5,0.611,8.7,13.0,15.2,17.1,18.5,19.3,19.7,20.1,20.4,20.7,21.1,21.4,21.9,22.5,23.7,26.7,34.0,56.2,9.0
2556,52.166,0.000,2504.4,77.8,7.1,2,9769,0.379,0.000,-0.832,-0.163,-0.087,20.9,16.0,0,7.04,-0.470,20.9,104.8,0.535,8.6,12.8,15.0,16.9,18.3,19.0,19.5,19.9,20.2,20.5,20.9,21.2,21.7,22.3,23.6,26.6,34.1,57.2,9.2
2557,52.186,0.000,2504.9,78.2,6.3,2,9633,0.330,0.000,-0.873,-0.150,-0.093,20.6,13.5,0,7.28,-0.470,20.6,102.5,0.455,8.5,12.7,14.8,16.7,18.0,18.8,19.3,19.7,20.0,20.3,20.6,21.0,21.5,22.1,23.4,26.4,34.1,58.1,9.5
2558,52.206,0.000,2505.3,78.4,5.4,2,9481,0.269,0.000,-0.916,-0.138,-0.100,20.4,10.7,0,7.51,-0.470,20.4,100.1,0.369,8.4,12.5,14.6,16.5,17.8,18.6,19.0,19.5,19.8,20.1,20.4,20.8,21.3,21.9,23.2,26.3,34.1,58.9,9.8
2559,52.226,0.000,2505.8,78.6,4.5,2,9344,0.201,0.000,-0.959,-0.126,-0.106,20.2,8.2,0,7.75,-0.470,20.2,97.2,0.281,8.2,12.3,14.3,16.2,17.6,18.4,18.8,19.2,19.6,19.9,20.2,20.6,21.1,21.7,23.0,26.1,34.1,59.8,10.1
2560,52.246,0.000,2506.2,78.6,3.6,2,9222,0.136,0.000,-1.000,-0.114,-0.113,20.0,6.1,0,7.99,-0.470,20.0,94.1,0.200,8.1,12.1,14.1,16.0,17.4,18.2,18.6,19.0,19.4,19.7,20.0,20.4,20.9,21.5,22.8,26.0,34.2,60.7,10.4
2561,52.266,0.000,2506.7,78.5,2.7,2,9118,0.149,0.000,-1.000,-0.103,-0.119,19.9,4.4,0,8.24,-0.470,19.9,91.0,0.200,8.0,12.0,14.0,15.8,17.2,18.0,18.4,18.9,19.2,19.5,19.9,20.2,20.7,21.4,22.7,26.0,34.4,61.8,10.6
2562,52.286,0.000,2507.1,78.4,2.0,2,9109,0.159,0.000,-1.000,-0.092,-0.123,19.7,3.9,0,8.51,-0.470,19.7,88.8,0.200,7.9,11.8,13.8,15.7,17.0,17.8,18.3,18.7,19.1,19.4,19.7,20.1,20.6,21.3,22.6,26.0,34.8,63.2,10.8
2563,52.306,0.000,2507.5,78.3,1.4,2,9104,0.167,0.000,-1.000,-0.081,-0.125,19.7,3.5,0,8.79,-0.470,19.7,88.7,0.200,7.9,11.7,13.7,15.5,16.9,17.8,18.2,18.7,19.0,19.3,19.7,20.1,20.6,21.3,22.7,26.2,35.4,64.9,11.0
2564,52.326,0.000,2508.0,78.2,0.9,2,9098,0.174,0.000,-1.000,-0.071,-0.126,19.7,3.0,0,9.08,-0.470,19.7,88.8,0.200,7.8,11.6,13.6,15.5,16.9,17.7,18.2,18.7,19.0,19.4,19.7,20.1,20.7,21.4,22.8,26.5,36.3,67.1,11.2
2565,52.346,0.000,2508.4,78.1,0.5,2,9090,0.179,0.000,-1.000,-0.062,-0.126,19.9,2.5,0,9.36,-0.470,19.9,89.1,0.200,7.7,11.6,13.5,15.4,16.9,17.8,18.3,18.8,19.1,19.5,19.9,20.3,20.9,21.6,23.1,26.9,37.6,69.6,11.3
2566,52.366,0.000,2508.8,78.1,0.2,2,9086,0.183,0.000,-1.000,-0.052,-0.124,20.1,2.0,0,9.64,-0.470,20.1,89.6,0.200,7.7,11.5,13.5,15.5,17.0,17.9,18.4,18.9,19.3,19.7,20.1,20.5,21.1,21.9,23.5,27.6,39.3,72.4,11.4
2567,52.386,0.000,2509.3,78.0,-0.0,2,9086,0.187,0.000,-1.000,-0.043,-0.121,20.4,1.6,0,9.91,-0.470,20.4,90.5,0.200,7.6,11.5,13.5,15.5,17.1,18.1,18.6,19.2,19.6,20.0,20.4,20.8,21.5,22.3,24.0,28.5,41.7,75.6,11.4
2568,52.406,0.000,2509.7,77.9,-0.1,2,9089,0.189,0.000,-1.000,-0.035,-0.116,20.8,1.4,0,10.14,-0.398,20.8,91.6,0.200,7.6,11.5,13.6,15.7,17.4,18.4,19.0,19.5,19.9,20.4,20.8,21.3,22.0,22.9,24.8,29.7,44.9,79.2,11.3
2569,52.426,0.000,2510.1,77.9,-0.1,2,9092,0.191,0.000,-1.000,-0.027,-0.110,21.4,1.2,0,10.34,-0.258,21.4,93.0,0.200,7.6,11.5,13.7,15.9,17.7,18.8,19.4,20.0,20.4,20.9,21.4,21.9,22.7,23.7,25.8,31.3,49.3,83.0,11.2
2570,52.446,0.000,2510.6,77.9,0.1,2,9096,0.243,0.000,-0.897,-0.019,-0.103,22.1,1.2,0,10.48,-0.094,22.1,94.8,0.250,7.5,11.6,13.8,16.1,18.1,19.2,19.9,20.6,21.1,21.6,22.1,22.7,23.6,24.6,27.0,33.3,54.1,86.9,11.1
2571,52.466,0.000,2511.0,77.9,0.2,2,9165,0.295,0.000,-0.867,-0.011,-0.095,23.0,1.6,0,10.61,-0.094,23.0,97.0,0.300,7.5,11.6,14.0,16.5,18.6,19.8,20.6,21.3,21.8,22.4,23.0,23.6,24.6,25.8,28.4,35.8,58.9,91.4,11.0
2572,52.486,0.000,2511.4,78.0,0.4,2,9248,0.346,0.000,-0.838,-0.005,-0.087,24.0,2.4,0,10.80,-0.094,24.0,99.3,0.350,7.5,11.7,14.2,16.9,19.1,20.5,21.3,22.1,22.7,23.4,24.0,24.8,25.9,27.2,30.2,38.9,63.7,97.8,10.9
2573,52.506,0.000,2511.9,78.2,0.6,2,9334,0.347,0.000,-0.925,0.002,-0.079,25.3,3.2,0,14.30,-0.094,25.3,102.3,0.351,7.5,11.8,14.4,17.3,19.8,21.3,22.2,23.1,23.8,24.5,25.3,26.1,27.3,28.9,32.4,42.9,68.2,170.1,10.8
2574,52.526,0.000,2512.3,78.4,0.7,2,9378,0.398,0.000,-0.866,0.008,-0.070,26.7,3.9,0,13.63,-0.094,26.7,105.9,0.401,7.5,12.0,14.7,17.8,20.5,22.2,23.3,24.3,25.0,25.8,26.7,27.6,29.1,30.9,35.1,48.0,72.7,162.9,10.6
2575,52.546,0.000,2512.7,78.6,0.9,2,9503,0.448,0.000,-0.799,0.014,-0.062,28.5,5.4,0,12.81,-0.094,28.5,110.0,0.451,7.5,12.1,15.1,18.5,21.4,23.4,24.5,25.7,26.5,27.5,28.5,29.6,31.2,33.4,38.5,53.4,77.1,154.1,10.5
2576,52.566,0.000,2513.2,78.9,1.2,2,9659,0.499,0.000,-0.599,0.019,-0.053,30.7,7.0,0,6.48,-0.089,30.7,114.8,0.501,7.5,12.3,15.5,19.2,22.5,24.7,26.1,27.4,28.4,29.5,30.7,32.0,34.0,36.6,42.9,58.5,81.5,51.6,10.4
2577,52.586,0.000,2513.6,79.3,1.5,2,9847,0.549,0.000,-0.466,0.024,-0.044,33.4,8.3,0,5.82,-0.078,43.4,141.7,0.551,7.6,12.5,16.0,20.1,23.8,26.3,27.9,29.5,30.7,32.0,33.4,35.0,37.5,40.8,48.6,63.5,86.0,43.1,10.2
2578,52.606,0.000,2514.0,79.7,2.0,2,10070,0.600,0.000,-0.412,0.028,-0.034,36.9,9.8,0,5.42,-0.083,45.9,145.9,0.601,7.6,12.8,16.5,21.1,25.4,28.3,30.2,32.0,33.5,35.1,36.9,38.9,42.0,46.2,54.1,68.4,91.8,37.8,10.1
2579,52.626,0.000,2514.5,80.2,2.5,2,10333,0.650,0.000,-0.362,0.033,-0.024,41.3,12.5,0,5.23,-0.075,48.6,158.6,0.651,7.6,13.1,17.2,22.3,27.3,30.7,33.0,35.2,37.1,39.1,41.3,43.9,47.7,51.8,59.2,73.1,101.9,33.8,9.9
2580,52.646,0.000,2514.9,80.8,3.1,2,10611,0.700,0.000,-0.368,0.037,-0.015,46.9,15.5,0,6.69,-0.064,51.2,175.4,0.701,7.6,13.5,17.9,23.7,29.5,33.7,36.5,39.3,41.6,44.2,46.9,49.5,53.1,57.0,64.1,77.6,161.7,30.7,9.8
2581,52.666,0.000,2515.4,81.5,3.6,2,10886,0.750,0.000,-0.293,0.041,-0.006,52.2,18.7,0,5.91,-0.045,53.8,195.3,0.751,7.7,13.8,18.7,25.3,32.2,37.3,40.8,44.5,47.1,49.7,52.2,54.7,58.0,61.8,68.7,81.9,153.5,28.2,9.7
2582,52.686,0.000,2515.8,82.2,4.2,2,11239,0.800,0.000,-0.219,0.044,0.003,57.2,22.5,0,5.08,-0.030,57.2,218.2,0.801,7.7,14.3,19.7,27.2,35.6,42.1,46.3,49.9,52.4,54.8,57.2,59.6,62.8,66.5,73.2,86.6,142.7,26.2,9.5
2583,52.706,0.000,2516.3,82.9,4.8,2,11684,0.850,0.000,-0.068,0.048,0.012,62.0,27.7,0,2.15,-0.010,62.0,234.4,0.851,7.7,14.8,20.8,29.6,40.0,47.7,51.6,55.0,57.4,59.7,62.0,64.3,67.5,71.0,77.6,93.5,47.4,24.4,9.4
2584,52.726,0.000,2516.7,83.6,5.7,2,12238,0.900,0.000,-0.038,0.052,0.021,66.5,34.3,0,3.00,0.029,66.5,215.0,0.901,7.8,15.3,22.0,32.4,45.3,52.7,56.5,59.7,62.0,64.3,66.5,68.8,71.8,75.3,81.8,163.3,41.0,22.9,9.3
2585,52.746,0.000,2517.2,84.4,6.6,2,12904,0.901,0.000,0.036,0.056,0.028,70.5,43.1,0,2.60,0.081,70.5,221.6,0.951,7.8,15.9,23.3,35.6,49.9,57.0,60.7,63.8,66.1,68.3,70.5,72.7,75.7,79.1,86.2,156.6,37.0,21.7,9.2
2586,52.766,0.000,2517.7,85.1,7.5,2,13549,0.037,0.000,0.100,0.060,0.033,74.0,51.5,0,2.26,0.132,74.0,307.9,1.000,7.9,16.4,24.7,39.3,53.9,60.8,64.3,67.4,69.6,71.8,74.0,76.1,79.1,82.6,91.8,149.5,34.1,20.8,9.1
2587,52.786,0.000,2518.1,85.9,8.2,2,11721,0.230,0.000,0.148,0.064,0.037,76.8,23.7,0,2.00,0.183,76.8,298.8,1.000,7.9,16.9,26.0,42.9,57.1,63.8,67.3,70.4,72.5,74.7,76.8,78.9,82.0,86.2,100.9,142.1,32.0,20.0,9.1
2588,52.806,0.000,2518.6,86.6,8.2,2,10785,0.384,0.000,0.162,0.069,0.035,78.5,7.1,0,2.11,0.233,78.5,292.5,1.000,7.9,17.2,27.0,45.2,59.1,65.7,69.2,72.2,74.3,76.4,78.5,80.7,84.1,89.1,160.1,135.8,30.7,19.6,9.0
2589,52.826,0.000,2519.1,87.1,7.6,2,10636,0.507,0.000,0.159,0.074,0.029,79.1,3.0,0,2.03,0.283,79.1,290.3,1.000,7.9,17.4,27.4,46.2,59.8,66.4,69.8,72.8,74.9,77.0,79.1,81.3,85.0,90.5,158.1,132.7,30.2,19.5,9.0
2590,52.846,0.000,2519.6,87.6,6.6,2,10802,0.606,0.000,0.137,0.078,0.020,78.9,4.4,0,2.02,0.333,78.9,289.1,1.000,7.9,17.3,27.5,46.3,59.7,66.2,69.6,72.6,74.7,76.8,78.9,81.1,84.9,90.5,157.2,131.7,30.2,19.5,9.1
2591,52.866,0.000,2520.1,88.3,5.6,2,11040,0.684,0.000,0.104,0.083,0.008,78.2,7.0,0,2.05,0.382,78.2,289.3,1.000,7.8,17.2,27.3,45.8,59.1,65.6,69.0,71.9,74.0,76.1,78.2,80.4,84.0,89.5,157.0,131.9,30.4,19.6,9.1
2592,52.886,0.000,2520.6,89.0,4.7,2,11304,0.748,0.000,0.084,0.087,0.005,77.3,9.8,0,2.09,0.378,77.3,290.2,1.000,7.8,17.1,27.0,45.2,58.3,64.7,68.1,71.1,73.1,75.2,77.3,79.4,83.0,88.2,157.1,132.5,30.7,19.7,9.2
2593,52.906,0.000,2521.1,89.9,3.9,2,11601,0.798,0.000,0.066,0.091,0.004,76.3,13.0,0,2.15,0.365,76.3,291.2,1.000,7.7,16.9,26.7,44.5,57.5,63.9,67.2,70.2,72.2,74.3,76.3,78.5,81.9,86.8,157.2,133.4,31.0,19.9,9.2
2594,52.926,0.000,2521.6,90.8,3.2,2,11902,0.838,0.000,0.049,0.094,0.002,75.4,16.5,0,2.20,0.351,75.4,292.3,1.000,7.7,16.8,26.4,43.9,56.7,63.0,66.3,69.2,71.3,73.3,75.4,77.5,80.7,85.5,157.4,134.2,31.3,20.0,9.3
2595,52.946,0.000,2522.1,92.1,2.5,2,11604,0.871,0.000,0.028,0.096,-0.000,74.3,10.5,0,2.27,0.338,74.4,293.8,1.000,7.7,16.6,26.0,43.1,55.7,62.0,65.3,68.2,70.2,72.3,74.3,76.3,79.5,84.0,157.7,135.5,31.7,20.2,9.3
2596,52.966,0.000,2522.6,93.3,1.8,2,11567,0.897,0.000,0.013,0.098,-0.003,73.0,7.8,0,2.05,0.325,73.8,296.0,1.000,7.6,16.5,25.6,42.1,54.6,60.8,64.0,66.9,68.9,71.0,73.0,75.0,78.0,82.2,98.1,137.2,32.2,20.4,9.4
2597,52.986,0.000,2523.1,94.4,1.2,2,11860,0.917,0.000,-0.013,0.100,-0.007,71.7,10.0,0,2.12,0.311,73.2,297.9,1.000,7.6,16.3,25.2,41.1,53.4,59.5,62.8,65.6,67.7,69.7,71.7,73.7,76.6,80.5,92.8,138.8,32.8,20.7,9.4
2598,53.006,0.000,2523.6,95.3,0.7,2,12395,0.934,0.000,-0.033,0.102,-0.009,70.6,16.0,0,2.18,0.298,72.7,298.9,1.000,7.6,16.1,24.9,40.4,52.5,58.5,61.8,64.6,66.6,68.6,70.6,72.6,75.4,79.1,90.1,139.7,33.2,20.9,9.4
2599,53.026,0.000,2524.2,96.2,0.4,2,13074,0.947,0.000,-0.045,0.103,-0.010,69.9,24.3,0,2.22,0.284,72.1,296.3,1.000,7.5,16.1,24.7,40.0,51.9,57.9,61.1,63.9,65.9,67.9,69.9,71.8,74.6,78.3,88.8,139.8,33.4,20.9,9.5
2600,53.046,0.000,2524.7,97.0,0.2,2,13842,0.958,0.000,-0.049,0.104,-0.009,69.5,34.3,0,2.21,0.271,71.5,293.3,1.000,7.5,16.1,24.8,40.0,51.7,57.6,60.8,63.6,65.5,67.5,69.5,71.4,74.2,77.9,88.5,139.1,33.3,20.9,9.5
2601,53.066,0.000,2525.2,97.9,0.2,2,14649,0.966,0.000,-0.045,0.105,-0.007,69.4,44.9,0,2.18,0.257,71.0,290.3,1.000,7.5,16.2,25.0,40.3,51.8,57.7,60.8,63.5,65.5,67.4,69.4,71.4,74.1,77.9,89.1,137.8,33.0,20.8,9.4
2602,53.086,0.000,2525.8,98.8,0.3,2,15461,0.616,0.000,-0.035,0.106,-0.004,69.5,55.7,0,2.13,0.244,70.4,287.4,1.000,7.6,16.3,25.3,40.8,52.1,57.9,61.0,63.7,65.6,67.6,69.5,71.5,74.3,78.2,90.7,135.9,32.5,20.6,9.4
2603,53.106,0.000,2526.3,99.7,0.5,2,15131,0.693,0.000,-0.023,0.106,-0.000,69.8,49.8,0,2.08,0.230,69.8,285.1,1.000,7.6,16.5,25.8,41.3,52.5,58.2,61.3,64.0,65.9,67.8,69.8,71.7,74.6,78.7,94.7,133.7,32.0,20.4,9.4
2604,53.126,0.000,2526.9,100.6,0.7,2,15033,0.754,0.000,-0.020,0.107,0.004,70.0,46.3,0,2.33,0.217,70.0,284.8,1.000,7.6,16.6,26.2,41.9,52.9,58.6,61.6,64.3,66.2,68.1,70.0,71.9,75.0,79.3,152.5,131.3,31.4,20.2,9.4
2605,53.146,0.000,2527.5,101.6,0.9,2,15080,0.804,0.000,-0.007,0.107,0.007,70.2,45.2,0,2.26,0.203,70.2,283.0,1.000,7.6,16.8,26.7,42.4,53.3,58.9,61.9,64.6,66.5,68.4,70.2,72.2,75.4,80.0,150.8,128.9,30.9,20.0,9.3
2606,53.166,0.000,2528.0,102.6,1.1,2,15243,0.843,0.000,0.006,0.107,0.011,70.4,45.9,0,2.19,0.189,70.4,280.5,1.000,7.7,17.0,27.2,42.9,53.7,59.2,62.2,64.8,66.7,68.6,70.4,72.5,75.8,80.8,149.2,126.5,30.4,19.8,9.3
2607,53.186,0.000,2528.6,103.6,1.3,2,15502,0.874,0.000,0.017,0.107,0.014,70.6,48.0,0,2.13,0.175,70.6,277.9,1.000,7.7,17.2,27.6,43.2,53.9,59.4,62.3,64.9,66.8,68.7,70.6,72.7,76.2,81.5,147.7,124.5,29.9,19.6,9.3
2608,53.206,0.000,2529.2,104.6,1.5,2,15850,0.804,0.000,0.025,0.107,0.017,70.6,51.5,0,2.09,0.162,70.6,275.1,1.000,7.7,17.3,28.0,43.5,54.0,59.4,62.4,64.9,66.8,68.6,70.6,72.7,76.3,82.0,146.3,122.8,29.6,19.4,9.2
2609,53.226,0.000,2529.8,105.8,1.6,2,15631,0.843,0.000,0.029,0.107,0.019,70.4,46.7,0,2.06,0.148,70.4,275.0,1.000,7.7,17.4,28.3,43.6,54.0,59.3,62.2,64.8,66.6,68.5,70.4,72.6,76.4,82.3,145.1,121.5,29.3,19.3,9.2
2610,53.246,0.000,2530.3,107.0,1.6,2,15518,0.875,0.000,0.029,0.106,0.020,70.1,42.7,0,2.05,0.133,70.1,274.4,1.000,7.7,17.5,28.6,43.5,53.8,59.1,62.0,64.5,66.3,68.1,70.1,72.4,76.1,82.3,144.2,120.5,29.1,19.2,9.2
2611,53.266,0.000,2530.9,108.1,1.5,2,15598,0.900,0.000,0.027,0.105,0.021,69.7,41.7,0,2.04,0.119,69.7,273.2,1.000,7.8,17.6,28.7,43.4,53.5,58.7,61.6,64.1,65.9,67.7,69.7,71.9,75.7,81.9,143.4,119.8,29.0,19.2,9.2
2612,53.286,0.000,2531.6,109.2,1.4,2,15922,0.920,0.000,0.023,0.105,0.022,69.2,44.4,0,2.05,0.105,69.2,270.9,1.000,7.8,17.6,28.8,43.1,53.1,58.3,61.1,63.6,65.4,67.2,69.2,71.4,75.2,81.4,142.8,119.3,28.9,19.1,9.2
2613,53.306,0.000,2532.2,110.2,1.3,2,16419,0.931,0.000,0.018,0.104,0.022,68.6,50.0,0,2.05,0.091,68.6,268.5,1.000,7.8,17.7,28.8,42.9,52.7,57.8,60.6,63.1,64.8,66.6,68.6,70.8,74.6,80.8,142.1,118.9,28.9,19.1,9.2
2614,53.326,0.000,2532.8,111.1,1.3,2,17004,0.394,0.000,0.013,0.103,0.023,68.0,57.1,0,2.06,0.076,68.0,266.2,1.000,7.8,17.7,28.9,42.6,52.3,57.4,60.1,62.6,64.3,66.1,68.0,70.3,74.0,80.2,141.5,118.4,28.9,19.1,9.2
2615,53.346,0.000,2533.4,112.1,1.2,2,15842,0.516,0.000,0.010,0.101,0.023,67.5,38.7,0,2.06,0.062,67.5,264.4,1.000,7.8,17.8,28.9,42.4,51.9,56.9,59.7,62.1,63.8,65.6,67.5,69.7,73.5,79.7,140.8,117.8,28.8,19.0,9.1
2616,53.366,0.000,2534.0,113.0,1.1,2,15159,0.612,0.000,0.007,0.100,0.024,67.0,26.2,0,2.06,0.048,67.0,263.3,1.000,7.8,17.8,29.0,42.2,51.6,56.5,59.2,61.6,63.3,65.1,67.0,69.3,73.0,79.3,140.0,117.1,28.7,18.9,9.1
2617,53.386,0.000,2534.7,114.0,1.0,2,14786,0.690,0.000,0.005,0.098,0.025,66.6,18.4,0,2.06,0.033,66.6,263.5,1.000,7.8,17.9,29.0,42.0,51.2,56.1,58.8,61.2,62.9,64.6,66.6,68.8,72.6,78.9,139.2,116.4,28.7,18.9,9.1
2618,53.406,0.000,2535.3,114.9,0.9,2,14673,0.752,0.000,0.002,0.096,0.026,66.1,14.8,0,2.07,0.018,66.1,263.4,1.000,7.9,18.0,29.0,41.8,50.9,55.7,58.4,60.7,62.4,64.1,66.1,68.3,72.1,78.5,138.5,115.8,28.7,18.8,9.1
2619,53.426,0.000,2535.9,115.8,0.8,2,14754,0.802,0.000,-0.001,0.094,0.026,65.6,14.2,0,2.07,0.004,65.6,262.9,1.000,7.9,18.1,29.1,41.6,50.5,55.3,57.9,60.2,61.9,63.6,65.6,67.8,71.6,78.0,137.7,115.2,28.6,18.7,9.1
2620,53.446,0.000,2536.6,116.7,0.7,2,14961,0.841,0.000,-0.003,0.092,0.027,65.1,15.6,0,2.07,-0.004,65.1,262.1,1.000,7.9,18.2,29.1,41.3,50.2,54.9,57.4,59.7,61.4,63.1,65.1,67.3,71.1,77.6,136.9,114.5,28.6,18.7,9.0
2621,53.466,0.000,2537.2,117.7,0.6,2,15178,0.873,0.000,-0.003,0.090,0.028,64.6,17.3,0,2.07,-0.009,64.6,261.8,1.000,7.9,18.3,29.1,41.1,49.8,54.4,57.0,59.3,60.9,62.6,64.6,66.8,70.6,77.2,136.1,113.8,28.6,18.6,9.0
2622,53.486,0.000,2537.9,118.8,0.5,2,15382,0.898,0.000,-0.003,0.087,0.029,64.1,18.5,0,2.07,-0.014,64.1,261.7,1.000,8.0,18.4,29.0,40.9,49.4,54.0,56.5,58.8,60.4,62.1,64.1,66.3,70.1,76.8,135.3,113.1,28.6,18.5,9.0
2623,53.506,0.000,2538.6,119.8,0.5,2,15657,0.919,0.000,-0.004,0.084,0.030,63.6,20.8,0,2.07,-0.019,63.6,261.0,1.000,8.0,18.5,29.0,40.6,49.1,53.6,56.1,58.3,59.9,61.6,63.6,65.8,69.6,76.5,134.5,112.4,28.7,18.4,8.9
2624,53.526,0.000,2539.2,120.9,0.4,2,16019,0.935,0.000,-0.004,0.082,0.030,63.1,24.3,0,2.07,-0.024,63.1,259.6,1.000,8.0,18.6,29.0,40.4,48.7,53.2,55.6,57.8,59.4,61.1,63.1,65.3,69.2,76.1,133.7,111.7,28.7,18.3,8.9
2625,53.546,0.000,2539.9,121.9,0.4,2,16472,0.948,0.000,-0.003,0.078,0.031,62.6,29.3,0,2.07,-0.029,62.6,257.6,1.000,8.1,18.7,29.0,40.1,48.3,52.7,55.2,57.3,58.9,60.6,62.6,64.8,68.7,75.8,132.9,111.0,28.8,18.2,8.9
2626,53.566,0.000,2540.6,122.9,0.4,2,16987,0.958,0.000,-0.003,0.075,0.032,62.1,35.3,0,2.07,-0.034,62.1,255.5,1.000,8.1,18.8,28.9,39.9,47.9,52.3,54.7,56.8,58.4,60.2,62.1,64.3,68.3,75.6,132.0,110.2,28.9,18.1,8.8
2627,53.586,0.000,2541.3,123.9,0.5,2,17526,0.967,0.000,-0.002,0.072,0.033,61.6,41.7,0,2.07,-0.040,61.6,253.5,1.000,8.2,18.9,28.9,39.7,47.6,51.9,54.3,56.4,57.9,59.7,61.6,63.9,67.8,75.4,131.1,109.4,29.0,18.0,8.8
2628,53.606,0.000,2541.9,125.0,0.5,2,18072,0.973,0.000,-0.001,0.068,0.034,61.2,48.2,0,2.07,-0.045,61.2,251.5,1.000,8.2,19.1,28.8,39.4,47.2,51.5,53.8,55.9,57.5,59.2,61.2,63.4,67.4,75.3,130.2,108.6,29.1,17.9,8.8
2629,53.626,0.000,2542.7,126.0,0.5,2,18613,0.632,0.000,0.000,0.065,0.036,60.7,54.6,0,2.07,-0.050,60.7,249.4,1.000,8.2,19.2,28.8,39.2,46.9,51.0,53.4,55.4,57.0,58.7,60.7,63.0,67.0,75.4,129.2,107.8,29.3,17.8,8.7
2630,53.646,0.000,2543.3,127.1,0.6,3,14614,0.706,0.000,0.002,0.061,0.037,60.2,24.5,0,2.07,-0.055,60.2,247.6,1.000,8.3,19.2,28.7,38.9,46.5,50.6,52.9,54.9,56.5,58.3,60.2,62.5,66.6,75.6,128.3,106.9,29.5,17.7,8.7
2631,53.666,0.000,2544.1,127.9,0.5,3,14592,0.765,0.000,0.002,0.057,0.038,59.7,-3.2,0,2.08,-0.061,59.7,246.5,1.000,8.3,19.3,28.6,38.6,46.1,50.1,52.4,54.4,56.0,57.7,59.7,62.0,66.2,75.7,127.4,106.2,29.9,17.6,8.7
2632,53.686,0.000,2544.8,128.0,0.4,3,11669,0.812,0.000,-0.002,0.053,0.038,59.0,-9.5,0,2.10,-0.066,59.0,246.1,1.000,8.4,19.3,28.4,38.2,45.5,49.6,51.8,53.8,55.3,57.1,59.0,61.3,65.4,74.6,126.8,105.8,30.5,17.6,8.6
2633,53.706,0.000,2545.5,128.4,0.3,3,12302,0.849,0.000,-0.006,0.049,0.038,58.3,2.1,0,2.13,-0.071,58.3,245.9,1.000,8.4,19.3,28.2,37.8,45.0,48.9,51.1,53.1,54.7,56.4,58.3,60.6,64.6,73.3,126.2,105.4,31.3,17.6,8.6
2634,53.726,0.000,2546.2,129.1,0.2,3,12499,0.879,0.000,-0.010,0.045,0.038,57.6,4.9,0,2.16,-0.077,57.6,246.5,1.000,8.4,19.3,28.0,37.4,44.5,48.4,50.5,52.5,54.0,55.7,57.6,59.9,63.8,72.4,125.5,104.9,32.4,17.5,8.5
2635,53.746,0.000,2546.9,129.9,0.1,3,12635,0.904,0.000,-0.012,0.040,0.039,57.0,6.2,0,2.18,-0.082,57.0,246.7,1.000,8.5,19.3,27.8,37.1,44.0,47.8,50.0,51.9,53.4,55.1,57.0,59.2,63.2,71.9,124.7,104.3,33.8,17.5,8.5
2636,53.766,0.000,2547.6,130.7,0.1,3,12745,0.923,0.000,-0.013,0.036,0.040,56.5,6.9,0,2.22,-0.087,56.5,246.4,1.000,8.5,19.3,27.7,36.8,43.6,47.3,49.4,51.4,52.9,54.6,56.5,58.7,62.7,71.8,123.9,103.6,36.0,17.5,8.5
2637,53.786,0.000,2548.4,131.6,0.1,3,12843,0.938,0.000,-0.033,0.031,0.041,55.9,7.3,0,2.83,-0.092,55.9,245.8,1.000,8.6,19.3,27.5,36.4,43.1,46.9,48.9,50.8,52.3,54.0,55.9,58.2,62.2,72.3,123.0,102.8,72.6,17.5,8.4
2638,53.806,0.000,2549.1,132.4,0.1,3,12938,0.951,0.000,-0.027,0.026,0.042,55.5,7.6,0,2.78,-0.098,55.5,272.8,1.000,8.6,19.3,27.4,36.2,42.8,46.4,48.5,50.4,51.9,53.6,55.5,57.8,62.0,129.4,121.9,101.8,72.2,17.4,8.4
2639,53.826,0.000,2549.8,133.3,0.2,3,13042,0.961,0.000,-0.021,0.021,0.044,55.3,8.2,0,2.76,-0.103,55.3,269.6,1.000,8.7,19.3,27.3,36.0,42.5,46.1,48.1,50.0,51.6,53.3,55.3,57.6,61.9,128.2,120.7,100.6,71.6,17.4,8.3
2640,53.846,0.000,2550.6,134.3,0.3,3,13166,0.968,0.000,-0.015,0.015,0.046,54.9,9.1,0,2.75,-0.109,54.9,265.2,1.000,8.8,19.3,27.2,35.7,42.1,45.7,47.7,49.6,51.2,52.9,54.9,57.3,61.8,127.0,119.5,99.5,71.0,17.3,8.2
2641,53.866,0.000,2551.3,135.1,0.3,3,13312,0.975,0.000,-0.010,0.010,0.048,54.6,10.3,0,2.75,-0.114,54.6,261.0,1.000,8.8,19.3,27.1,35.4,41.8,45.3,47.3,49.2,50.8,52.5,54.6,57.0,61.7,125.9,118.4,98.5,70.5,17.3,8.2
2642,53.886,0.000,2552.1,136.0,0.4,3,13465,0.980,0.000,-0.007,0.004,0.049,54.1,11.5,0,2.75,-0.119,54.1,258.1,1.000,8.9,19.3,26.9,35.1,41.3,44.8,46.8,48.7,50.3,52.1,54.1,56.6,61.4,124.8,117.3,97.6,70.2,17.4,8.1
2643,53.906,0.000,2552.8,136.7,0.4,3,13908,0.984,0.000,-0.004,-0.002,0.050,53.6,18.0,0,2.76,-0.125,53.6,251.1,1.000,9.0,19.2,26.7,34.8,40.9,44.3,46.3,48.2,49.8,51.6,53.6,56.1,61.1,123.8,116.3,96.8,69.9,17.4,8.1
2644,53.926,0.000,2553.6,137.5,0.5,3,14264,0.987,0.000,-0.002,-0.008,0.052,53.1,23.6,0,2.76,-0.130,53.1,247.5,1.000,9.0,19.2,26.5,34.4,40.4,43.8,45.7,47.7,49.3,51.1,53.1,55.7,60.8,122.8,115.4,96.0,69.6,17.5,8.0
2645,53.946,0.000,2554.4,138.4,0.5,3,14452,0.990,0.000,0.001,-0.014,0.053,52.6,25.8,0,2.77,-0.136,52.6,248.2,1.000,9.1,19.1,26.3,34.1,40.0,43.3,45.2,47.2,48.7,50.5,52.6,55.2,60.5,121.8,114.4,95.1,69.3,17.6,8.0
2646,53.966,0.000,2555.1,139.4,0.6,3,14534,0.992,0.000,0.003,-0.021,0.054,52.1,25.8,0,2.79,-0.141,52.1,250.1,1.000,9.1,19.0,26.1,33.7,39.5,42.8,44.7,46.6,48.2,50.0,52.1,54.7,60.1,120.9,113.4,94.4,69.0,17.7,7.9
2647,53.986,0.000,2555.9,140.4,0.6,3,14523,0.993,0.000,0.003,-0.027,0.055,51.5,23.8,0,2.81,-0.147,51.5,252.2,1.000,9.1,18.9,25.8,33.3,39.0,42.2,44.1,46.0,47.6,49.4,51.5,54.1,59.6,119.9,112.6,93.7,68.8,17.9,7.9
2648,54.006,0.000,2556.7,141.5,0.5,3,14447,0.995,0.000,0.003,-0.034,0.055,50.8,20.5,0,2.83,-0.152,50.8,253.9,1.000,9.1,18.8,25.6,32.8,38.4,41.6,43.5,45.4,46.9,48.7,50.8,53.4,58.9,119.1,111.8,93.0,68.6,18.1,7.9
2649,54.026,0.000,2557.5,142.6,0.5,3,14356,0.996,0.000,0.002,-0.041,0.056,50.1,17.0,0,2.86,-0.158,50.1,253.0,1.000,9.2,18.6,25.2,32.4,37.8,40.9,42.8,44.7,46.2,48.0,50.1,52.6,58.1,118.3,111.0,92.5,68.5,18.3,7.8
2650,54.046,0.000,2558.3,143.7,0.4,3,14307,0.997,0.000,-0.000,-0.047,0.056,49.3,14.3,0,2.90,-0.162,49.3,250.1,1.000,9.2,18.4,24.9,31.9,37.2,40.3,42.1,44.0,45.5,47.2,49.3,51.8,57.2,117.5,110.3,92.0,68.4,18.6,7.8
2651,54.066,0.000,2559.1,144.7,0.3,3,14328,0.997,0.000,-0.023,-0.054,0.051,48.5,12.7,0,2.94,-0.162,48.5,247.4,1.000,9.2,18.3,24.6,31.4,36.6,39.6,41.4,43.2,44.7,46.5,48.5,50.9,56.1,116.7,109.6,91.5,68.3,19.0,7.8
2652,54.086,0.000,2559.9,145.7,0.2,3,14410,0.998,0.000,-0.055,-0.061,0.045,47.7,12.2,0,2.98,-0.162,47.7,245.7,1.000,9.2,18.1,24.3,30.9,36.0,38.9,40.7,42.5,44.0,45.7,47.7,50.2,55.3,115.9,108.9,91.0,68.1,19.4,7.8
2653,54.106,0.000,2560.7,146.3,0.1,3,14950,0.998,0.000,-0.081,-0.066,0.039,47.3,20.6,0,2.99,-0.161,47.3,235.6,1.000,9.1,17.9,24.0,30.5,35.5,38.4,40.2,42.0,43.5,45.2,47.3,49.8,55.2,114.8,107.7,90.0,67.6,19.8,7.8
2654,54.126,0.000,2561.5,147.2,0.3,3,15268,0.999,0.000,-0.093,-0.071,0.036,47.4,25.6,0,2.94,-0.159,47.4,231.6,1.000,9.2,17.9,23.9,30.3,35.3,38.2,40.0,41.9,43.5,45.3,47.4,50.2,57.7,113.1,105.9,88.3,66.4,20.0,7.8
2655,54.146,0.000,2562.3,148.1,0.7,3,15390,0.999,0.000,-0.087,-0.075,0.035,48.4,26.4,0,2.68,-0.156,48.4,242.5,1.000,9.2,17.9,23.9,30.3,35.3,38.2,40.2,42.2,43.9,45.9,48.4,51.9,114.2,110.7,103.4,85.9,64.7,19.9,7.8
2656,54.166,0.000,2563.2,149.1,1.4,3,15391,0.999,0.000,-0.070,-0.079,0.036,50.5,24.9,0,2.35,-0.153,50.5,245.9,1.000,9.2,18.0,24.0,30.4,35.4,38.6,40.7,42.9,44.9,47.3,50.5,114.5,111.5,107.9,100.4,83.1,62.5,19.7,7.7
2657,54.186,0.000,2564.0,150.2,2.1,3,15310,0.999,0.000,-0.059,-0.083,0.037,55.7,21.5,0,2.24,-0.148,55.7,244.4,1.000,9.3,18.1,24.1,30.6,35.6,39.0,41.4,43.9,46.2,49.4,55.7,111.7,108.7,105.0,97.1,80.4,60.3,19.5,7.7
2658,54.206,0.000,2564.8,151.3,2.7,3,15208,0.999,0.000,-0.043,-0.085,0.038,111.1,17.5,0,1.94,-0.143,111.1,250.9,1.000,9.3,18.2,24.2,30.7,35.9,39.6,42.2,45.2,48.1,53.4,111.1,109.0,105.9,102.0,93.8,77.9,58.1,19.4,7.7
2659,54.226,0.000,2565.7,152.3,3.1,3,15214,1.000,0.000,-0.030,-0.088,0.037,110.7,15.4,0,1.66,-0.135,110.7,251.8,1.000,9.3,18.2,24.3,30.7,36.1,40.1,43.0,46.7,51.0,110.7,108.6,106.4,103.2,99.2,90.7,75.7,56.2,19.3,7.6
2660,54.246,0.000,2566.6,153.2,3.5,3,15376,1.000,0.000,-0.019,-0.090,0.037,110.4,16.7,0,1.39,-0.124,110.4,250.6,1.000,9.3,18.2,24.2,30.7,36.3,40.6,44.0,48.7,110.4,108.3,106.2,103.9,100.7,96.6,87.9,73.7,54.6,19.3,7.6
2661,54.266,0.000,2567.4,154.2,3.7,3,15477,1.000,0.000,0.092,-0.092,0.035,108.1,17.0,0,1.11,0.049,108.1,250.9,1.000,9.3,18.2,24.2,30.6,36.4,41.1,45.1,110.2,108.1,106.0,103.9,101.6,98.2,94.1,85.4,71.9,53.1,19.4,7.6
2662,54.286,0.000,2568.3,155.1,4.0,3,15537,1.000,0.000,0.292,-0.093,0.031,106.5,16.3,0,1.11,0.470,106.5,249.3,1.000,9.3,18.0,23.9,30.3,36.2,41.2,45.6,108.6,106.5,104.4,102.2,100.0,96.6,92.4,83.9,70.7,52.4,19.8,7.6
2663,54.306,0.000,2569.1,156.1,3.9,3,15564,1.000,0.000,0.264,-0.093,0.021,106.4,15.7,0,1.16,0.470,107.1,249.7,1.000,9.2,17.6,23.3,29.4,35.1,39.7,43.6,108.4,106.4,104.3,102.2,100.0,96.7,92.6,84.2,70.9,53.2,20.9,7.7
2664,54.326,0.000,2570.0,157.1,2.8,3,15566,1.000,0.000,0.168,-0.092,0.003,105.9,13.9,0,1.78,0.470,105.9,247.6,1.000,9.0,17.0,22.3,27.9,33.0,36.8,39.7,43.4,48.5,105.9,103.9,101.8,98.7,95.0,86.9,72.7,55.6,23.7,7.9
2665,54.346,0.000,2570.9,158.1,1.0,3,15573,1.000,0.000,0.054,-0.089,-0.020,106.4,11.5,0,2.29,0.470,106.4,250.1,1.000,8.8,16.2,21.1,26.3,30.6,33.8,36.0,38.4,40.6,43.8,106.4,104.4,101.5,98.1,90.9,75.6,58.4,29.1,8.1
2666,54.366,0.000,2571.8,159.1,-1.0,3,15672,1.000,0.000,-0.071,-0.085,-0.041,41.0,11.4,0,3.17,0.470,103.3,246.2,1.000,8.7,15.5,20.0,24.8,28.7,31.3,33.1,35.0,36.6,38.5,41.0,44.9,103.9,100.6,94.0,78.5,60.5,34.0,8.4
2667,54.386,0.000,2572.7,160.1,-2.4,3,15707,1.000,0.000,-0.150,-0.079,-0.057,37.8,10.7,0,3.40,0.470,37.8,235.2,1.000,8.5,15.0,19.2,23.7,27.3,29.7,31.3,33.0,34.3,35.9,37.8,40.3,104.8,101.7,95.4,80.2,61.5,36.9,8.6
2668,54.406,0.000,2573.6,161.1,-2.8,3,15684,1.000,0.000,-0.202,-0.073,-0.065,36.8,8.7,0,3.83,0.470,36.8,235.2,1.000,8.4,14.7,18.8,23.1,26.6,29.0,30.5,32.1,33.4,35.0,36.8,39.2,46.1,101.0,94.8,79.8,61.2,37.8,8.7
2669,54.426,0.000,2574.5,162.1,-2.2,3,15661,1.000,0.000,-0.195,-0.065,-0.067,37.6,6.6,0,3.42,0.470,37.6,241.9,1.000,8.3,14.6,18.6,22.9,26.4,28.9,30.5,32.2,33.7,35.4,37.6,40.6,101.9,98.8,92.5,77.6,59.8,37.2,8.8
2670,54.446,0.000,2575.4,163.1,-1.1,3,15705,1.000,0.000,-0.166,-0.057,-0.064,40.5,5.5,0,2.94,0.470,40.5,241.9,1.000,8.3,14.5,18.6,22.9,26.7,29.4,31.2,33.2,35.0,37.2,40.5,101.4,98.7,95.5,89.0,74.3,57.7,35.8,8.9
2671,54.466,0.000,2576.3,164.0,0.1,3,15831,1.000,0.000,-0.131,-0.048,-0.060,99.7,6.0,0,2.49,0.470,99.7,242.9,1.000,8.2,14.5,18.6,23.0,27.2,30.2,32.4,35.0,37.5,41.9,99.7,97.8,95.1,91.8,84.9,70.9,55.5,34.3,8.9
2672,54.486,0.000,2577.2,164.9,1.3,3,15993,1.000,0.000,-0.088,-0.038,-0.055,99.9,7.3,0,1.80,0.470,99.9,242.4,1.000,8.2,14.5,18.7,23.2,27.8,31.4,34.2,38.0,99.9,98.0,96.1,94.2,91.3,87.9,80.7,67.7,53.2,32.8,9.0
2673,54.506,0.000,2578.1,165.8,2.4,3,16165,1.000,0.000,-0.061,-0.028,-0.052,96.5,8.9,0,1.45,0.470,96.5,239.3,1.000,8.1,14.5,18.7,23.4,28.5,32.9,36.9,98.4,96.5,94.6,92.7,90.7,87.7,84.1,76.8,64.8,51.1,31.7,9.0
2674,54.526,0.000,2579.0,166.6,3.3,3,16327,1.000,0.000,-0.042,-0.017,-0.049,93.4,10.4,0,1.09,0.470,93.4,238.0,1.000,8.1,14.4,18.6,23.6,29.2,34.8,97.9,95.3,93.4,91.5,89.5,87.4,84.4,80.6,73.5,62.4,49.3,30.8,9.1
2675,54.546,0.000,2580.0,167.5,3.9,3,16461,1.000,0.000,-0.059,-0.006,-0.048,90.5,11.3,0,1.06,0.434,90.5,234.6,1.000,8.0,14.3,18.5,23.7,30.1,38.4,95.1,92.5,90.5,88.6,86.5,84.4,81.2,77.4,70.7,60.3,47.7,30.2,9.2
2676,54.566,0.000,2580.9,168.4,4.3,3,16565,1.000,0.000,-0.259,0.005,-0.048,87.7,11.8,0,0.70,0.000,87.7,235.4,1.000,7.9,14.2,18.4,23.9,31.1,95.2,92.3,89.7,87.7,85.7,83.6,81.4,78.2,74.4,68.1,58.4,46.3,29.6,9.3
2677,54.586,0.000,2581.8,169.3,4.5,3,16660,1.000,0.000,-0.256,0.017,-0.047,84.6,13.1,0,0.67,0.000,84.6,230.7,1.000,7.8,14.1,18.3,24.2,33.2,92.3,89.3,86.6,84.6,82.6,80.4,78.1,74.8,71.3,65.5,56.4,44.7,28.9,9.4
2678,54.606,0.000,2582.8,170.2,5.0,3,16677,1.000,0.000,-0.221,0.028,-0.043,80.9,12.6,0,0.17,0.000,80.9,234.8,1.000,7.8,14.0,18.4,25.0,94.2,88.9,85.8,83.0,80.9,78.8,76.5,74.2,71.1,67.8,62.5,54.2,42.9,28.0,9.5
2679,54.626,0.000,2583.7,171.1,5.6,3,16747,1.000,0.000,-0.200,0.040,-0.039,77.0,12.4,0,0.15,0.000,77.0,229.7,1.000,7.7,14.0,18.6,26.1,90.7,85.2,82.0,79.2,77.0,74.7,72.4,70.2,67.4,64.5,59.6,51.9,41.0,27.1,9.5
2680,54.646,0.000,2584.7,171.9,6.1,3,16861,1.000,0.000,-0.179,0.051,-0.035,72.9,12.8,0,0.12,0.000,72.9,224.3,1.000,7.6,13.9,18.8,27.8,87.1,81.4,78.2,75.1,72.9,70.6,68.6,66.6,64.1,61.4,56.9,49.8,39.3,26.2,9.6
2681,54.666,0.000,2585.6,172.6,6.8,3,17006,1.000,0.000,-0.154,0.062,-0.029,68.7,13.8,0,0.08,0.000,68.7,219.2,1.000,7.6,14.0,19.3,31.3,83.3,77.4,73.9,70.8,68.7,66.7,64.8,63.0,60.7,58.3,54.3,47.7,37.5,25.4,9.6
2682,54.686,0.000,2586.6,173.4,7.6,3,17163,1.000,0.000,-0.096,0.073,-0.024,64.7,15.2,0,-0.79,0.000,64.7,229.8,1.000,7.5,14.1,19.9,89.9,79.1,73.0,69.4,66.6,64.7,62.9,61.2,59.6,57.5,55.3,51.6,45.5,35.7,24.5,9.7
2683,54.706,0.000,2587.5,174.2,8.4,3,17259,1.000,0.000,-0.069,0.084,-0.018,61.0,15.4,0,-0.81,0.000,61.0,223.7,1.000,7.5,14.2,20.8,86.1,74.9,68.5,65.3,62.7,61.0,59.4,57.9,56.5,54.6,52.6,49.2,43.4,34.0,23.6,9.7
2684,54.726,0.000,2588.5,175.1,8.9,3,17229,1.000,0.000,-0.051,0.095,-0.014,58.0,13.1,0,-0.81,0.000,58.0,218.8,1.000,7.4,14.3,21.8,82.5,71.0,64.8,61.9,59.5,58.0,56.5,55.1,53.8,52.1,50.2,47.1,41.6,32.6,22.9,9.7
2685,54.746,0.000,2589.5,176.0,9.0,3,17264,1.000,0.000,-0.046,0.105,-0.013,55.6,12.0,0,-0.82,0.000,55.6,213.6,1.000,7.3,14.4,22.8,79.4,67.6,61.8,59.1,57.0,55.6,54.2,52.9,51.7,50.0,48.3,45.4,40.1,31.5,22.4,9.8
2686,54.766,0.000,2590.4,176.8,8.6,3,17354,1.000,0.000,-0.049,0.116,-0.014,53.5,11.9,0,-0.83,0.000,53.5,208.8,1.000,7.3,14.5,24.2,76.6,64.7,59.3,56.8,54.8,53.5,52.2,51.0,49.8,48.3,46.7,43.9,38.7,30.6,22.0,9.9
2687,54.786,0.000,2591.4,177.6,8.4,3,17462,1.000,0.000,-0.051,0.126,-0.014,51.4,12.3,0,-0.85,0.000,51.4,203.7,1.000,7.2,14.7,26.6,73.7,61.9,56.9,54.6,52.7,51.4,50.2,49.1,48.0,46.5,45.0,42.4,37.4,29.7,21.6,10.0
2688,54.806,0.000,2592.4,178.5,8.2,3,17567,1.000,0.000,0.149,0.136,-0.014,49.4,12.8,0,-2.70,0.502,49.4,198.3,1.000,7.1,15.0,87.7,70.7,59.1,54.5,52.3,50.6,49.4,48.3,47.2,46.2,44.8,43.4,40.9,36.1,28.7,21.1,10.0
2689,54.826,0.000,2593.4,179.5,8.2,3,17441,1.000,0.000,0.234,0.146,-0.018,47.9,8.5,0,-2.70,0.578,47.9,194.0,1.000,7.0,15.2,85.5,68.4,57.2,52.7,50.7,49.0,47.9,46.8,45.8,44.8,43.5,42.1,39.7,35.1,28.1,20.8,10.1
2690,54.846,0.000,2594.4,180.6,6.9,3,17293,1.000,0.000,0.208,0.157,-0.033,47.8,3.6,0,-2.69,0.651,47.8,194.2,1.000,6.9,14.8,85.3,68.5,57.2,52.7,50.6,48.9,47.8,46.7,45.6,44.6,43.3,41.9,39.5,35.0,28.2,21.0,10.2
2691,54.866,0.000,2595.4,181.6,4.3,3,17300,1.000,0.000,0.141,0.170,-0.056,48.7,1.5,0,-2.66,0.721,48.7,197.5,1.000,6.7,14.2,86.5,70.3,59.0,54.1,51.8,50.0,48.7,47.6,46.5,45.4,44.0,42.5,40.0,35.6,28.8,21.5,10.4
2692,54.886,0.000,2596.4,182.5,1.5,3,17441,1.000,0.000,-0.059,0.184,-0.081,50.1,2.8,0,-0.82,0.000,50.1,201.0,1.000,6.5,13.5,26.6,72.2,61.2,55.9,53.4,51.4,50.1,48.8,47.6,46.5,45.0,43.4,40.7,36.3,29.5,22.2,10.7
2693,54.906,0.000,2597.4,183.4,-0.8,3,17606,1.000,0.000,-0.259,0.199,-0.093,51.0,5.0,0,-0.77,0.000,51.0,195.6,1.000,6.3,13.0,23.7,73.3,62.8,57.2,54.5,52.4,51.0,49.6,48.4,47.2,45.6,43.9,41.1,36.5,30.0,22.6,10.9
2694,54.926,0.000,2598.4,184.3,-2.1,3,17835,0.000,0.000,-0.398,0.213,-0.092,50.8,8.5,0,-0.77,0.000,50.8,182.8,1.000,6.2,12.8,23.8,73.1,62.8,57.2,54.4,52.3,50.8,49.5,48.2,47.0,45.4,43.7,40.8,36.2,29.8,22.6,11.0
2695,54.946,0.000,2599.4,184.5,-2.3,3,16810,1.000,0.000,-0.198,0.226,-0.084,49.6,-10.3,0,-2.61,0.677,49.6,184.9,1.000,6.2,12.9,86.6,71.6,61.3,55.8,53.2,51.0,49.6,48.3,47.1,45.9,44.3,42.7,39.9,35.4,29.3,22.3,11.0
2696,54.966,0.000,2600.5,184.7,-1.6,3,17907,0.000,0.094,0.002,0.237,-0.070,47.5,8.7,0,-2.65,0.810,47.5,180.9,0.693,6.1,13.3,84.1,69.0,58.6,53.3,50.8,48.8,47.5,46.3,45.1,44.0,42.5,41.0,38.4,34.1,28.3,21.7,10.9
2697,54.986,0.000,2601.5,184.8,-0.1,3,16719,0.000,0.324,0.179,0.247,-0.054,45.3,-11.5,0,-2.68,0.810,45.3,176.4,0.000,6.2,14.0,81.2,66.0,55.5,50.6,48.3,46.5,45.3,44.1,43.0,42.0,40.6,39.2,36.8,32.8,27.2,21.0,10.8
2698,55.006,0.000,2602.6,183.9,1.0,3,16355,0.000,0.427,0.243,0.256,-0.043,43.8,-6.7,0,-2.71,0.810,43.8,173.5,0.000,6.2,14.4,79.3,64.1,53.6,48.9,46.7,45.0,43.8,42.7,41.7,40.7,39.4,38.0,35.7,31.8,26.5,20.6,10.8
2699,55.026,0.000,2603.6,182.4,0.9,3,16142,0.000,0.348,0.267,0.264,-0.041,43.5,-0.9,0,-2.72,0.810,43.5,173.6,0.000,6.1,14.5,78.8,63.7,53.5,48.7,46.5,44.7,43.5,42.4,41.4,40.4,39.0,37.6,35.3,31.4,26.3,20.5,10.8
2700,55.046,0.000,2604.6,180.7,-0.1,3,16065,0.000,0.222,0.259,0.271,-0.045,44.2,-3.2,0,-2.71,0.810,44.2,174.5,0.000,6.0,14.1,79.4,64.7,54.7,49.6,47.3,45.4,44.2,43.0,41.9,40.8,39.4,38.0,35.5,31.5,26.4,20.7,10.9
2701,55.066,0.000,2605.6,179.3,-1.6,3,16034,0.050,0.000,0.221,0.278,-0.055,45.8,-9.8,0,-2.68,0.810,45.8,188.4,0.050,5.9,13.5,80.9,66.6,57.1,51.9,49.3,47.2,45.8,44.5,43.3,42.1,40.6,39.0,36.3,32.0,26.8,21.1,11.1
2702,55.086,0.000,2606.6,178.4,-3.6,3,16144,0.100,0.000,0.160,0.286,-0.070,48.5,-15.4,0,-2.62,0.810,48.5,195.4,0.100,5.8,12.7,83.0,69.1,60.1,55.2,52.5,50.1,48.5,47.0,45.6,44.3,42.6,40.8,37.8,33.0,27.4,21.6,11.3
2703,55.106,0.000,2607.6,177.9,-5.7,3,16152,0.150,0.000,0.094,0.294,-0.086,52.0,-14.8,0,-2.52,0.810,52.0,200.3,0.150,5.6,11.9,85.3,71.8,63.1,58.5,55.9,53.7,52.0,50.3,48.6,47.1,45.1,43.0,39.6,34.3,28.1,22.3,11.5
2704,55.126,0.000,2608.6,177.6,-7.6,3,16169,0.200,0.000,0.038,0.303,-0.099,54.9,-13.8,0,-2.42,0.810,54.9,204.2,0.200,5.5,11.3,87.1,74.0,65.5,61.1,58.7,56.5,54.9,53.3,51.7,50.1,47.7,45.4,41.5,35.5,28.8,22.8,11.7
2705,55.146,0.000,2609.6,177.2,-8.8,3,16194,0.250,0.000,0.005,0.312,-0.107,56.8,-12.8,0,-2.35,0.810,56.8,206.6,0.250,5.4,11.0,88.2,75.3,67.1,62.8,60.4,58.3,56.8,55.3,53.7,52.2,49.9,47.3,43.0,36.5,29.2,23.0,11.9
2706,55.166,0.000,2610.6,177.0,-9.0,3,16229,0.300,0.000,-0.195,0.322,-0.109,57.6,-11.7,0,-0.83,0.000,57.6,207.3,0.300,5.3,10.8,32.5,75.7,67.6,63.4,61.1,59.1,57.6,56.1,54.6,53.1,50.9,48.4,43.8,36.9,29.4,23.1,12.0
2707,55.186,0.000,2611.6,177.0,-8.7,3,16263,0.350,0.000,-0.331,0.331,-0.103,57.0,-10.9,0,-1.07,0.000,57.0,205.8,0.350,5.2,10.8,44.3,74.9,66.9,62.7,60.5,58.5,57.0,55.5,54.1,52.6,50.4,48.0,43.4,36.5,29.0,22.7,12.0
2708,55.206,0.000,2612.6,177.0,-6.8,3,16291,0.400,0.000,-0.131,0.339,-0.083,54.1,-10.2,0,-2.38,0.752,54.1,200.7,0.400,5.3,11.5,84.8,72.0,64.0,59.8,57.6,55.6,54.1,52.7,51.2,49.7,47.6,45.1,41.0,34.7,27.7,21.9,11.8
2709,55.226,0.000,2613.6,177.2,-3.5,3,16344,0.450,0.000,0.069,0.346,-0.055,50.0,-9.7,0,-2.50,0.773,50.0,193.3,0.450,5.4,12.7,80.9,68.0,59.9,55.8,53.5,51.5,50.0,48.6,47.1,45.6,43.5,41.3,37.7,32.2,26.1,20.8,11.5
2710,55.246,0.000,2614.6,177.4,-0.6,3,16419,0.500,0.000,0.269,0.351,-0.030,46.6,-8.3,0,-2.61,0.746,46.6,183.5,0.500,5.5,14.5,77.5,64.6,56.5,52.3,50.1,48.1,46.6,45.2,43.7,42.2,40.4,38.4,35.3,30.4,24.8,19.9,11.3
2711,55.266,0.000,2615.6,177.6,0.9,3,16484,0.550,0.000,0.371,0.355,-0.016,44.9,-6.7,0,-2.69,0.716,44.9,178.7,0.550,5.5,17.0,75.5,62.7,54.7,50.5,48.3,46.3,44.9,43.5,42.0,40.6,38.9,37.0,34.0,29.4,24.0,19.3,11.2
2712,55.286,0.000,2616.7,177.8,0.9,3,16548,0.000,0.000,0.343,0.358,-0.011,44.9,-5.0,0,-2.70,0.601,44.9,177.8,0.550,5.5,18.4,75.0,62.3,54.4,50.4,48.2,46.3,44.9,43.5,42.1,40.7,38.9,37.0,33.9,29.2,23.8,19.1,11.1
2713,55.306,0.000,2617.7,177.6,-0.1,3,16066,0.600,0.000,0.339,0.360,-0.013,46.0,-14.5,0,-2.65,0.600,46.0,180.0,0.600,5.5,18.2,75.6,63.1,55.3,51.3,49.2,47.3,46.0,44.6,43.3,41.9,40.0,37.9,34.7,29.6,23.9,19.1,11.2
2714,55.326,0.000,2618.7,177.6,-1.5,3,16565,0.650,0.000,0.296,0.362,-0.019,47.8,-5.0,0,-2.56,0.574,47.8,186.6,0.650,5.4,17.2,76.8,64.5,56.9,53.0,50.9,49.1,47.8,46.4,45.1,43.8,41.9,39.8,36.1,30.5,24.4,19.2,11.2
2715,55.346,0.000,2619.7,177.8,-3.3,3,16700,0.700,0.000,0.258,0.364,-0.029,49.9,-2.7,0,-2.45,0.581,49.9,189.9,0.700,5.4,16.2,78.4,66.2,58.8,55.0,52.9,51.1,49.9,48.6,47.3,46.0,44.2,42.1,38.2,31.9,25.1,19.5,11.3
2716,55.366,0.000,2620.7,178.1,-5.2,3,16842,0.750,0.000,0.199,0.365,-0.037,51.9,-0.4,0,-2.35,0.543,51.9,193.3,0.750,5.3,15.3,80.0,68.0,60.7,56.9,54.9,53.2,51.9,50.7,49.4,48.2,46.4,44.4,40.6,33.5,25.9,19.9,11.4
2717,55.386,0.000,2621.7,178.5,-6.8,3,16954,0.800,0.000,0.139,0.366,-0.045,53.8,1.1,0,-2.25,0.494,53.8,196.3,0.800,5.3,14.6,81.4,69.6,62.4,58.7,56.7,55.0,53.8,52.6,51.3,50.1,48.4,46.4,42.7,35.4,26.9,20.3,11.4
2718,55.406,0.000,2622.8,178.9,-8.1,3,17083,0.850,0.000,-0.036,0.366,-0.050,55.3,2.6,0,-0.84,0.000,55.3,198.5,0.850,5.3,14.2,34.2,70.8,63.7,60.1,58.2,56.5,55.3,54.0,52.8,51.6,49.9,48.0,44.4,37.2,27.7,20.6,11.4
2719,55.426,0.000,2623.8,179.4,-9.0,3,17230,0.900,0.000,-0.064,0.366,-0.048,56.0,4.0,0,-0.75,0.000,56.0,199.5,0.900,5.3,14.0,31.1,71.4,64.3,60.8,58.9,57.2,56.0,54.8,53.6,52.4,50.8,48.9,45.3,38.3,28.4,20.9,11.4
2720,55.446,0.000,2624.8,180.2,-8.8,3,17299,0.950,0.000,-0.047,0.365,-0.039,55.7,4.1,0,-0.75,0.000,55.7,198.7,0.950,5.3,14.3,30.8,70.9,63.9,60.4,58.5,56.9,55.7,54.5,53.4,52.2,50.6,48.7,45.2,38.4,28.4,20.8,11.3
2721,55.466,0.000,2625.9,181.1,-7.6,3,17353,1.000,0.000,0.002,0.363,-0.025,54.7,3.5,0,-0.79,0.000,54.7,196.5,1.000,5.5,15.0,32.0,69.7,62.8,59.3,57.5,55.8,54.7,53.5,52.4,51.2,49.6,47.8,44.4,37.7,28.0,20.4,11.1
2722,55.486,0.000,2626.9,182.0,-6.0,3,17482,1.000,0.000,0.076,0.360,-0.006,53.4,4.6,0,-0.88,0.000,53.4,193.7,1.000,5.6,15.7,35.2,68.2,61.4,58.0,56.1,54.5,53.4,52.3,51.1,50.0,48.4,46.6,43.3,36.8,27.4,20.1,10.9
2723,55.506,0.000,2628.0,182.9,-4.5,3,17522,1.000,0.000,0.154,0.354,0.013,52.2,4.3,0,-2.18,0.247,53.9,191.2,1.000,5.8,16.3,78.1,66.9,60.1,56.7,54.9,53.4,52.2,51.1,50.0,48.9,47.4,45.6,42.4,36.1,27.0,19.7,10.7
2724,55.526,0.000,2629.0,183.8,-3.4,3,17538,1.000,0.000,0.205,0.347,0.029,51.5,3.2,0,-2.19,0.198,55.1,189.3,1.000,6.0,16.7,77.0,65.9,59.2,55.9,54.1,52.6,51.5,50.4,49.3,48.2,46.7,45.0,41.8,35.7,26.8,19.5,10.6
2725,55.546,0.000,2630.1,184.7,-3.0,3,17644,1.000,0.000,0.246,0.338,0.044,51.1,3.9,0,-2.18,0.138,56.6,188.3,1.000,6.1,16.8,76.4,65.4,58.8,55.5,53.7,52.2,51.1,50.1,49.0,47.9,46.4,44.7,41.6,35.7,26.9,19.5,10.5
2726,55.566,0.000,2631.2,185.5,-3.0,3,17726,1.000,0.000,0.274,0.327,0.057,51.2,4.5,0,-2.14,0.073,51.2,188.1,1.000,6.3,16.6,76.2,65.3,58.7,55.5,53.7,52.2,51.2,50.1,49.1,48.0,46.5,44.9,41.8,36.0,27.3,19.6,10.4
2727,55.586,0.000,2632.2,186.2,-3.2,3,17774,1.000,0.000,0.379,0.313,0.064,51.9,3.5,0,-0.83,0.000,51.9,189.1,1.000,6.3,16.1,34.5,65.8,59.3,56.1,54.4,52.9,51.9,50.8,49.8,48.7,47.3,45.6,42.6,36.9,28.2,20.0,10.4
2728,55.606,0.000,2633.3,186.8,-4.4,3,17923,1.000,0.000,0.296,0.299,0.051,53.4,5.9,0,-0.61,0.000,59.5,191.8,1.000,6.3,15.2,26.8,67.2,60.8,57.6,55.9,54.4,53.4,52.3,51.3,50.3,48.8,47.2,44.2,38.4,29.8,20.9,10.5
2729,55.626,0.000,2634.3,187.4,-6.5,3,17963,1.000,0.000,0.158,0.287,0.025,55.4,5.7,0,-0.47,0.000,58.3,195.3,1.000,6.2,14.2,23.3,69.1,62.7,59.5,57.9,56.4,55.4,54.3,53.3,52.3,50.8,49.2,46.2,40.5,31.7,22.1,10.7
2730,55.646,0.000,2635.3,188.2,-7.5,3,17783,1.000,0.000,0.044,0.278,0.003,56.8,-0.2,0,-0.37,0.000,57.1,197.7,1.000,6.1,13.4,21.1,70.4,64.1,60.9,59.3,57.8,56.8,55.8,54.7,53.7,52.3,50.7,47.7,42.0,33.2,23.4,10.8
2731,55.666,0.000,2636.4,189.0,-7.1,3,17810,1.000,0.000,-0.018,0.272,-0.008,57.0,-1.8,0,-0.32,0.000,57.0,197.8,1.000,6.1,13.1,20.2,70.5,64.2,61.1,59.4,58.0,57.0,56.0,54.9,53.9,52.5,50.9,48.0,42.3,33.7,24.0,10.9
2732,55.686,0.000,2637.4,189.8,-5.9,3,17950,1.000,0.000,-0.035,0.267,-0.011,56.1,-0.9,0,-0.31,0.000,56.1,195.9,1.000,6.1,13.1,20.1,69.4,63.2,60.2,58.5,57.1,56.1,55.1,54.1,53.1,51.7,50.2,47.3,41.8,33.4,24.0,10.9
2733,55.706,0.000,2638.5,190.7,-4.5,3,18141,1.000,0.000,-0.030,0.265,-0.009,54.8,1.1,0,-0.32,0.000,54.8,193.1,1.000,6.2,13.2,20.4,67.9,61.8,58.7,57.1,55.7,54.8,53.8,52.8,51.8,50.5,49.0,46.1,40.8,32.7,23.7,10.8
2734,55.726,0.000,2639.6,191.5,-3.2,3,18335,0.000,0.000,-0.019,0.262,-0.006,53.3,3.3,0,-0.33,0.000,53.3,189.9,1.000,6.2,13.4,20.9,66.2,60.2,57.2,55.6,54.3,53.3,52.3,51.4,50.4,49.1,47.6,44.9,39.7,31.9,23.3,10.8
2735,55.746,0.000,2640.6,191.6,-2.1,3,17360,0.000,0.152,-0.007,0.261,-0.003,51.8,-16.4,0,-0.35,0.000,51.8,186.7,0.000,6.3,13.5,21.7,64.5,58.6,55.7,54.1,52.8,51.8,50.9,50.0,49.0,47.7,46.3,43.6,38.6,31.1,23.0,10.7
2736,55.766,0.000,2641.7,190.9,-1.2,3,17186,0.000,0.275,0.004,0.260,0.000,50.4,-13.7,0,-0.37,0.000,50.4,183.5,0.000,6.3,13.6,22.9,62.9,57.1,54.2,52.7,51.4,50.4,49.5,48.6,47.7,46.4,45.0,42.5,37.6,30.4,22.6,10.7
2737,55.786,0.000,2642.8,189.8,-0.6,3,16993,0.000,0.371,0.012,0.259,0.002,49.1,-11.0,0,-0.41,0.000,49.4,180.5,0.000,6.3,13.7,25.0,61.4,55.6,52.8,51.3,50.1,49.1,48.3,47.4,46.5,45.3,43.9,41.4,36.7,29.8,22.3,10.7
2738,55.806,0.000,2643.8,188.4,-0.2,3,16783,0.000,0.439,0.062,0.258,0.003,48.0,-9.6,0,-1.78,0.000,48.3,177.7,0.000,6.3,13.8,69.8,60.0,54.4,51.6,50.1,48.9,48.0,47.1,46.2,45.4,44.2,42.9,40.4,35.8,29.2,22.0,10.6
2739,55.826,0.000,2644.8,186.7,-0.0,3,16570,0.000,0.466,0.051,0.257,0.001,47.1,-9.2,0,-1.77,0.000,47.2,175.5,0.000,6.3,13.7,68.7,59.0,53.4,50.6,49.2,48.0,47.1,46.3,45.4,44.6,43.4,42.1,39.7,35.2,28.8,21.9,10.7
2740,55.846,0.000,2645.9,184.9,-0.3,3,16384,0.000,0.461,0.029,0.257,-0.003,46.5,-9.2,0,-1.76,0.000,46.5,173.9,0.000,6.3,13.6,67.8,58.2,52.6,49.9,48.5,47.3,46.5,45.6,44.8,44.0,42.8,41.5,39.2,34.8,28.6,21.8,10.7
2741,55.866,0.000,2646.9,183.1,-0.8,3,16260,0.000,0.452,0.006,0.258,-0.008,45.8,-8.8,0,-1.75,0.000,45.8,172.2,0.000,6.3,13.5,66.9,57.4,51.9,49.3,47.9,46.7,45.8,45.0,44.2,43.4,42.3,41.0,38.7,34.4,28.3,21.7,10.8
2742,55.886,0.000,2647.9,181.3,-1.0,3,16130,0.000,0.461,-0.009,0.258,-0.010,45.1,-8.2,0,-1.74,0.000,45.1,170.3,0.000,6.2,13.5,65.9,56.5,51.0,48.4,47.1,45.9,45.1,44.3,43.5,42.7,41.6,40.3,38.1,33.9,27.9,21.6,10.8
2743,55.906,0.000,2648.9,179.5,-1.0,3,15960,0.000,0.491,-0.015,0.259,-0.012,44.1,-7.5,0,-1.74,0.000,44.1,167.9,0.000,6.2,13.6,64.6,55.3,50.0,47.4,46.1,45.0,44.1,43.3,42.6,41.8,40.7,39.5,37.3,33.3,27.5,21.3,10.8
2744,55.926,0.000,2649.9,177.7,-0.8,3,15763,0.000,0.534,-0.014,0.260,-0.011,43.1,-6.2,0,-1.74,0.000,43.1,165.3,0.000,6.2,13.8,63.3,54.1,48.8,46.3,45.0,43.9,43.1,42.3,41.5,40.8,39.7,38.6,36.4,32.5,26.9,21.0,10.8
2745,55.946,0.000,2650.9,175.9,-0.5,3,15549,0.000,0.580,-0.009,0.262,-0.010,42.0,-4.0,0,-1.75,0.000,42.0,162.5,0.000,6.2,14.2,61.8,52.7,47.6,45.1,43.9,42.8,42.0,41.2,40.5,39.7,38.7,37.6,35.5,31.7,26.3,20.6,10.8
2746,55.966,0.000,2651.9,173.9,-0.2,3,15322,0.000,0.622,-0.003,0.263,-0.009,40.9,-0.9,0,-1.76,0.000,40.9,159.7,0.000,6.2,14.8,60.4,51.4,46.4,44.0,42.7,41.6,40.9,40.1,39.4,38.7,37.7,36.6,34.6,30.9,25.7,20.2,10.8
2747,55.986,0.000,2652.8,171.9,0.0,3,15086,0.000,0.657,0.003,0.264,-0.008,39.8,3.0,0,-1.78,0.000,39.8,157.0,0.000,6.2,15.5,59.0,50.1,45.2,42.8,41.6,40.5,39.8,39.1,38.4,37.7,36.7,35.6,33.7,30.1,25.1,19.8,10.7
2748,56.006,0.000,2653.8,169.7,0.2,3,14835,0.000,0.681,0.006,0.265,-0.007,38.8,7.2,0,-1.80,0.000,38.8,154.4,0.000,6.2,16.4,57.6,48.9,44.0,41.7,40.5,39.5,38.8,38.1,37.4,36.7,35.7,34.7,32.8,29.4,24.5,19.5,10.7
2749,56.026,0.000,2654.7,167.5,0.2,3,14600,0.000,0.698,0.009,0.267,-0.006,37.8,11.7,0,-1.84,0.000,37.8,151.9,0.000,6.2,17.6,56.3,47.7,42.9,40.7,39.5,38.5,37.8,37.1,36.4,35.8,34.8,33.8,32.0,28.7,24.0,19.1,10.6
2750,56.046,0.000,2655.6,165.3,0.3,3,14375,0.000,0.354,0.012,0.268,-0.006,36.8,16.0,0,-1.90,0.000,36.8,149.5,0.000,6.2,19.5,55.0,46.5,41.8,39.6,38.5,37.5,36.8,36.2,35.5,34.9,34.0,33.0,31.2,28.0,23.5,18.8,10.5
2751,56.066,0.000,2656.5,163.2,0.3,3,14494,0.000,0.724,0.212,0.269,-0.006,35.9,4.8,0,-4.69,0.810,35.9,147.1,0.000,6.3,66.6,53.8,45.4,40.8,38.6,37.5,36.6,35.9,35.3,34.6,34.0,33.1,32.2,30.4,27.3,22.9,18.4,10.5
2752,56.086,0.000,2657.4,161.3,0.5,3,14056,0.000,0.726,0.403,0.270,-0.008,35.2,14.4,0,-4.71,0.810,35.2,145.2,0.000,6.3,65.5,52.8,44.5,40.0,37.8,36.7,35.8,35.2,34.5,33.9,33.3,32.4,31.5,29.8,26.8,22.5,18.1,10.4
2753,56.106,0.000,2658.3,159.3,0.2,3,13808,0.000,0.337,0.359,0.272,-0.005,34.8,29.1,0,-4.72,0.670,34.8,144.2,0.000,6.4,65.0,52.3,44.0,39.5,37.4,36.4,35.4,34.8,34.2,33.5,32.9,32.1,31.2,29.5,26.5,22.3,18.0,10.4
2754,56.126,0.000,2659.2,157.3,-0.6,3,13930,0.000,0.296,0.412,0.272,-0.004,34.7,22.6,0,-4.72,0.729,34.7,143.9,0.000,6.4,64.8,52.1,43.9,39.4,37.3,36.2,35.3,34.7,34.0,33.4,32.8,32.0,31.1,29.4,26.4,22.2,17.9,10.3
2755,56.146,0.000,2660.1,155.7,-1.5,3,13830,0.000,0.497,0.380,0.272,-0.005,34.8,13.8,0,-4.72,0.658,34.8,144.2,0.000,6.4,65.0,52.3,44.1,39.6,37.4,36.4,35.4,34.8,34.2,33.5,32.9,32.1,31.2,29.5,26.5,22.3,18.0,10.4
2756,56.166,0.000,2661.0,154.1,-2.7,3,13520,0.000,0.186,0.394,0.270,-0.010,35.1,15.8,0,-4.72,0.701,35.1,145.1,0.000,6.3,65.5,52.8,44.5,39.9,37.8,36.7,35.8,35.1,34.5,33.9,33.2,32.4,31.4,29.8,26.7,22.5,18.1,10.4
2757,56.186,0.000,2661.9,152.5,-3.9,3,13606,0.000,0.236,0.369,0.269,-0.016,35.6,6.8,0,-4.71,0.682,35.6,146.3,0.000,6.3,66.2,53.4,45.0,40.4,38.3,37.2,36.2,35.6,34.9,34.3,33.7,32.8,31.9,30.1,27.0,22.7,18.3,10.4
2758,56.206,0.000,2662.8,151.3,-5.0,3,13462,0.000,0.100,0.271,0.267,-0.023,36.1,2.7,0,-2.02,0.717,36.1,147.8,-0.007,6.3,22.5,54.2,45.7,41.1,38.9,37.8,36.8,36.1,35.5,34.8,34.2,33.3,32.4,30.6,27.5,23.1,18.5,10.5
2759,56.226,0.000,2663.6,150.2,-6.2,3,13454,0.000,0.000,0.292,0.266,-0.032,36.8,-5.4,0,-1.91,0.810,36.8,149.4,0.000,6.2,19.7,55.0,46.5,41.8,39.6,38.4,37.5,36.8,36.1,35.5,34.8,33.9,32.9,31.2,27.9,23.4,18.7,10.5
2760,56.246,0.000,2664.5,149.4,-7.2,3,13463,0.050,0.000,0.265,0.265,-0.041,37.5,-10.8,0,-1.86,0.810,37.5,151.2,0.050,6.2,18.1,56.0,47.3,42.6,40.3,39.2,38.2,37.5,36.8,36.1,35.5,34.6,33.5,31.7,28.4,23.8,19.0,10.6
2761,56.266,0.000,2665.3,148.9,-8.3,3,13465,0.100,0.000,0.238,0.263,-0.050,38.2,-11.8,0,-1.82,0.810,38.2,153.0,0.100,6.1,16.9,56.9,48.2,43.4,41.1,39.9,38.9,38.2,37.5,36.8,36.2,35.2,34.2,32.4,29.0,24.3,19.3,10.7
2762,56.286,0.000,2666.2,148.4,-9.4,3,13484,0.150,0.000,0.212,0.263,-0.059,38.9,-11.2,0,-1.78,0.810,38.9,154.8,0.150,6.1,16.0,57.9,49.1,44.2,41.9,40.7,39.7,38.9,38.2,37.5,36.8,35.9,34.9,33.0,29.5,24.7,19.6,10.8
2763,56.306,0.000,2667.0,148.1,-10.3,3,13517,0.200,0.000,0.191,0.262,-0.067,39.6,-10.0,0,-1.76,0.810,39.6,156.5,0.200,6.0,15.3,58.7,49.9,44.9,42.6,41.4,40.3,39.6,38.9,38.2,37.5,36.5,35.4,33.5,30.0,25.1,19.9,10.9
2764,56.326,0.000,2667.8,147.7,-11.0,3,13562,0.250,0.000,0.178,0.262,-0.073,40.1,-8.6,0,-1.74,0.810,40.1,157.8,0.250,6.0,14.8,59.4,50.5,45.5,43.1,41.9,40.9,40.1,39.4,38.7,38.0,37.0,35.9,34.0,30.4,25.4,20.1,10.9
2765,56.346,0.000,2668.7,147.5,-11.4,3,13615,0.300,0.000,0.173,0.261,-0.078,40.5,-7.1,0,-1.73,0.810,40.5,157.5,0.300,6.0,14.5,59.9,51.0,45.9,43.6,42.3,41.3,40.5,39.8,39.1,38.4,37.4,36.3,34.3,30.7,25.6,20.3,11.0
2766,56.366,0.000,2669.5,147.3,-11.6,3,13676,0.350,0.000,0.177,0.261,-0.080,40.8,-5.5,0,-1.72,0.810,40.8,157.3,0.350,6.0,14.3,60.2,51.2,46.2,43.8,42.6,41.5,40.8,40.0,39.3,38.6,37.6,36.5,34.5,30.9,25.8,20.4,11.0
2767,56.386,0.000,2670.4,147.3,-11.5,3,13742,0.400,0.000,0.189,0.262,-0.081,40.9,-3.8,0,-1.72,0.810,40.9,157.2,0.400,6.0,14.2,60.4,51.4,46.3,43.9,42.7,41.6,40.9,40.1,39.4,38.7,37.7,36.6,34.6,31.0,25.8,20.4,11.0
2768,56.406,0.000,2671.2,147.2,-11.3,3,13820,0.450,0.000,0.206,0.262,-0.081,40.9,-2.0,0,-1.72,0.810,40.9,156.7,0.450,6.0,14.2,60.4,51.4,46.4,44.0,42.7,41.6,40.9,40.1,39.4,38.7,37.7,36.6,34.6,31.0,25.8,20.4,11.0
2769,56.426,0.000,2672.0,147.3,-10.9,3,13892,0.500,0.000,0.228,0.263,-0.080,40.8,-0.4,0,-1.72,0.810,40.8,156.6,0.500,6.0,14.3,60.3,51.3,46.3,43.9,42.6,41.6,40.8,40.1,39.4,38.6,37.7,36.6,34.6,30.9,25.8,20.4,11.0
2770,56.446,0.000,2672.9,147.5,-10.4,3,13967,0.550,0.000,0.254,0.264,-0.078,40.7,1.1,0,-1.73,0.810,40.7,156.6,0.550,6.0,14.4,60.1,51.2,46.1,43.7,42.5,41.4,40.7,40.0,39.2,38.5,37.5,36.4,34.5,30.8,25.7,20.3,11.0
2771,56.466,0.000,2673.7,147.7,-9.9,3,14041,0.600,0.000,0.284,0.265,-0.076,40.5,2.6,0,-1.73,0.810,40.5,156.1,0.600,6.0,14.5,59.9,50.9,45.9,43.5,42.3,41.2,40.5,39.7,39.0,38.3,37.3,36.2,34.3,30.7,25.6,20.2,11.0
2772,56.486,0.000,2674.6,147.9,-9.2,3,14117,0.650,0.000,0.317,0.266,-0.072,40.2,4.0,0,-1.74,0.810,40.2,155.6,0.650,6.0,14.7,59.5,50.6,45.6,43.2,42.0,41.0,40.2,39.5,38.8,38.1,37.1,36.0,34.1,30.5,25.4,20.1,10.9
2773,56.506,0.000,2675.4,148.3,-8.5,3,14198,0.700,0.000,0.341,0.268,-0.068,39.9,5.5,0,-1.75,0.786,39.9,154.8,0.700,6.0,15.0,59.2,50.3,45.3,42.9,41.7,40.6,39.9,39.2,38.5,37.8,36.8,35.7,33.8,30.2,25.3,20.0,10.9
2774,56.526,0.000,2676.2,148.7,-7.9,3,14294,0.750,0.000,0.360,0.269,-0.064,39.6,7.0,0,-1.76,0.755,39.6,153.8,0.750,6.0,15.3,58.7,49.9,44.9,42.6,41.3,40.3,39.6,38.9,38.1,37.4,36.5,35.4,33.5,30.0,25.1,19.9,10.9
2775,56.546,0.000,2677.1,149.2,-7.3,3,14406,0.800,0.000,0.379,0.271,-0.060,39.3,8.8,0,-1.77,0.728,39.3,152.7,0.800,6.0,15.6,58.3,49.5,44.6,42.2,41.0,40.0,39.3,38.6,37.8,37.2,36.2,35.1,33.2,29.8,24.9,19.8,10.9
2776,56.566,0.000,2677.9,149.7,-6.9,3,14527,0.850,0.000,0.383,0.272,-0.056,39.0,10.5,0,-1.78,0.703,39.0,151.8,0.850,6.0,15.8,58.0,49.2,44.3,42.0,40.8,39.7,39.0,38.3,37.6,36.9,36.0,34.9,33.0,29.6,24.7,19.6,10.8
2777,56.586,0.000,2678.8,150.2,-6.6,3,14660,0.900,0.000,0.393,0.273,-0.053,38.8,12.3,0,-1.79,0.698,38.8,151.1,0.900,6.0,16.0,57.7,48.9,44.1,41.7,40.5,39.5,38.8,38.1,37.4,36.7,35.8,34.7,32.8,29.4,24.6,19.6,10.8
2778,56.606,0.000,2679.7,150.9,-6.5,3,14810,0.000,0.000,0.396,0.274,-0.051,38.6,14.3,0,-1.79,0.683,38.6,150.5,0.900,6.0,16.2,57.5,48.8,43.9,41.6,40.4,39.4,38.6,37.9,37.2,36.6,35.6,34.6,32.7,29.3,24.5,19.5,10.8
2779,56.626,0.000,2680.5,151.1,-6.2,3,13762,0.000,0.000,0.405,0.275,-0.049,38.5,-6.4,0,-1.80,0.679,38.5,150.1,0.900,6.0,16.4,57.3,48.6,43.7,41.4,40.2,39.2,38.5,37.8,37.1,36.4,35.5,34.4,32.6,29.2,24.4,19.4,10.8
2780,56.646,0.000,2681.4,150.7,-5.7,3,13620,0.000,0.000,0.412,0.277,-0.046,38.3,-9.8,0,-1.81,0.668,38.3,150.1,0.900,6.0,16.7,57.1,48.3,43.5,41.2,40.0,39.0,38.3,37.6,36.9,36.2,35.3,34.3,32.4,29.0,24.3,19.4,10.8
2781,56.666,0.000,2682.2,150.2,-5.4,3,13563,0.950,0.000,0.414,0.278,-0.044,38.2,-10.8,0,-1.81,0.658,38.2,150.3,0.950,6.0,16.8,56.9,48.2,43.4,41.1,39.9,38.9,38.2,37.5,36.8,36.1,35.2,34.2,32.3,29.0,24.2,19.3,10.8
2782,56.686,0.000,2683.1,150.3,-5.3,3,14564,1.000,0.000,0.411,0.279,-0.045,38.2,8.3,0,-1.81,0.654,38.2,150.6,1.000,6.0,16.7,57.0,48.3,43.4,41.1,39.9,38.9,38.2,37.5,36.8,36.2,35.2,34.2,32.4,29.0,24.3,19.3,10.8
2783,56.706,0.000,2683.9,150.8,-5.8,3,14962,1.000,0.000,0.400,0.280,-0.047,38.5,15.9,0,-1.79,0.660,38.5,151.1,1.000,6.0,16.4,57.3,48.5,43.7,41.4,40.2,39.2,38.5,37.8,37.1,36.4,35.5,34.4,32.6,29.2,24.4,19.4,10.8
2784,56.726,0.000,2684.8,151.5,-6.6,3,15200,1.000,0.000,0.385,0.281,-0.051,38.8,19.8,0,-1.78,0.674,38.8,152.0,1.000,6.0,15.9,57.8,49.0,44.1,41.8,40.6,39.6,38.8,38.1,37.4,36.8,35.8,34.8,32.9,29.5,24.7,19.6,10.9
2785,56.746,0.000,2685.7,152.2,-7.6,3,15372,1.000,0.000,0.368,0.282,-0.057,39.3,22.2,0,-1.76,0.695,39.3,153.1,1.000,5.9,15.4,58.4,49.5,44.6,42.3,41.1,40.0,39.3,38.6,37.9,37.2,36.3,35.2,33.3,29.8,24.9,19.8,10.9
2786,56.766,0.000,2686.5,152.9,-8.7,3,15517,1.000,0.000,0.352,0.283,-0.062,39.8,24.0,0,-1.74,0.717,39.8,154.2,1.000,5.9,14.9,59.0,50.1,45.1,42.8,41.6,40.5,39.8,39.1,38.4,37.7,36.7,35.6,33.7,30.2,25.2,20.0,11.0
2787,56.786,0.000,2687.4,153.5,-9.7,3,15662,0.994,0.000,0.338,0.283,-0.068,40.2,25.7,0,-1.72,0.740,40.2,155.2,1.000,5.9,14.5,59.6,50.6,45.6,43.3,42.0,41.0,40.2,39.5,38.8,38.1,37.1,36.0,34.1,30.5,25.5,20.2,11.0
2788,56.806,0.000,2688.3,154.2,-10.7,3,15829,0.779,0.000,0.325,0.283,-0.072,40.6,27.8,0,-1.71,0.759,40.6,155.2,1.000,5.8,14.2,60.1,51.1,46.1,43.7,42.4,41.4,40.6,39.9,39.2,38.5,37.5,36.4,34.4,30.8,25.7,20.4,11.1
2789,56.826,0.000,2689.2,154.8,-11.5,3,15608,0.824,0.000,0.314,0.284,-0.076,41.0,22.8,0,-1.70,0.776,41.0,155.3,1.000,5.8,13.9,60.6,51.5,46.5,44.1,42.8,41.8,41.0,40.3,39.5,38.8,37.8,36.7,34.7,31.1,26.0,20.5,11.1
2790,56.846,0.000,2690.0,155.3,-12.2,3,15597,0.859,0.000,0.305,0.284,-0.079,41.3,21.3,0,-1.70,0.791,41.3,155.8,1.000,5.8,13.7,60.9,51.9,46.8,44.4,43.1,42.1,41.3,40.6,39.8,39.1,38.1,37.0,35.0,31.3,26.1,20.7,11.2
2791,56.866,0.000,2690.9,155.8,-12.7,3,15683,0.887,0.000,0.299,0.284,-0.082,41.5,21.9,0,-1.69,0.803,41.5,156.2,1.000,5.8,13.5,61.2,52.1,47.0,44.6,43.4,42.3,41.5,40.8,40.0,39.3,38.3,37.2,35.2,31.5,26.3,20.8,11.2
2792,56.886,0.000,2691.8,156.4,-13.1,3,15804,0.910,0.000,0.294,0.284,-0.084,41.7,23.3,0,-1.69,0.810,41.7,157.0,1.000,5.8,13.4,61.4,52.4,47.2,44.8,43.5,42.5,41.7,40.9,40.2,39.5,38.5,37.4,35.3,31.6,26.4,20.8,11.2
2793,56.906,0.000,2692.7,156.9,-13.4,3,15938,0.861,0.000,0.286,0.284,-0.085,41.8,24.8,0,-1.68,0.810,41.8,157.9,1.000,5.8,13.3,61.6,52.5,47.4,45.0,43.7,42.6,41.8,41.1,40.4,39.6,38.6,37.5,35.5,31.7,26.5,20.9,11.2
2794,56.926,0.000,2693.6,157.4,-13.8,3,15975,0.859,0.000,0.279,0.283,-0.087,42.0,24.6,0,-1.68,0.810,42.0,158.3,1.000,5.7,13.3,61.8,52.7,47.6,45.1,43.9,42.8,42.0,41.2,40.5,39.8,38.8,37.6,35.6,31.9,26.6,21.0,11.3
2795,56.946,0.000,2694.5,158.0,-14.1,3,16011,0.864,0.000,0.272,0.283,-0.088,42.1,24.3,0,-1.68,0.810,42.1,158.9,1.000,5.7,13.2,62.0,52.9,47.7,45.3,44.0,42.9,42.1,41.4,40.6,39.9,38.9,37.7,35.7,32.0,26.6,21.0,11.3
2796,56.966,0.000,2695.4,158.5,-14.4,3,16055,0.860,0.000,0.267,0.283,-0.089,42.2,24.1,0,-1.68,0.810,42.2,159.5,1.000,5.7,13.1,62.2,53.0,47.8,45.4,44.1,43.0,42.2,41.5,40.7,40.0,39.0,37.8,35.8,32.0,26.7,21.1,11.3
2797,56.986,0.000,2696.3,159.0,-14.6,3,16085,0.875,0.000,0.264,0.283,-0.090,42.3,23.7,0,-1.68,0.810,42.3,159.7,1.000,5.7,13.1,62.2,53.1,47.9,45.4,44.2,43.1,42.3,41.5,40.8,40.0,39.0,37.9,35.9,32.1,26.7,21.1,11.3
2798,57.006,0.000,2697.2,159.6,-14.6,3,16141,0.858,0.000,0.265,0.282,-0.090,42.3,23.8,0,-1.68,0.810,42.3,159.8,1.000,5.7,13.1,62.2,53.1,47.9,45.4,44.2,43.1,42.3,41.5,40.8,40.0,39.0,37.9,35.8,32.1,26.7,21.1,11.3
2799,57.026,0.000,2698.2,160.2,-14.6,3,16157,0.000,0.000,0.270,0.282,-0.089,42.2,23.1,0,-1.68,0.810,42.2,159.8,1.000,5.7,13.2,62.2,53.0,47.8,45.4,44.1,43.0,42.2,41.5,40.7,40.0,39.0,37.8,35.8,32.0,26.7,21.0,11.3
2800,57.046,0.000,2699.1,160.4,-14.3,3,14866,0.000,0.000,0.279,0.282,-0.087,42.1,-2.0,0,-1.69,0.810,42.1,159.3,1.000,5.8,13.3,62.0,52.8,47.7,45.2,43.9,42.8,42.1,41.3,40.6,39.8,38.8,37.7,35.6,31.9,26.6,21.0,11.2
2801,57.066,0.000,2700.0,160.1,-13.5,3,14484,0.000,0.000,0.298,0.281,-0.083,41.8,-10.3,0,-1.70,0.810,41.8,158.5,1.000,5.8,13.5,61.6,52.5,47.3,44.9,43.6,42.5,41.8,41.0,40.3,39.5,38.5,37.4,35.4,31.6,26.4,20.8,11.2
2802,57.086,0.000,2700.9,159.6,-12.6,3,14365,0.000,0.000,0.318,0.281,-0.079,41.4,-12.5,0,-1.71,0.810,41.4,158.1,1.000,5.8,13.7,61.2,52.1,46.9,44.5,43.2,42.2,41.4,40.6,39.9,39.2,38.2,37.1,35.1,31.4,26.2,20.7,11.2
2803,57.106,0.000,2701.8,159.1,-11.7,3,14308,0.000,0.010,0.324,0.282,-0.075,41.1,-13.1,0,-1.72,0.785,41.1,157.3,0.693,5.8,13.9,60.8,51.7,46.6,44.2,42.9,41.8,41.1,40.3,39.6,38.9,37.9,36.8,34.8,31.1,26.0,20.5,11.1
2804,57.126,0.000,2702.7,158.6,-10.9,3,14255,0.000,0.011,0.335,0.282,-0.072,40.8,-12.8,0,-1.72,0.777,40.8,156.8,0.478,5.8,14.1,60.5,51.4,46.3,43.9,42.7,41.6,40.8,40.1,39.4,38.6,37.7,36.6,34.6,30.9,25.8,20.4,11.1
2805,57.146,0.000,2703.6,158.0,-10.2,3,14210,0.000,0.001,0.337,0.283,-0.070,40.7,-12.5,0,-1.73,0.763,40.7,156.4,0.328,5.8,14.2,60.3,51.2,46.2,43.7,42.5,41.4,40.7,39.9,39.2,38.5,37.5,36.4,34.4,30.8,25.7,20.4,11.1
2806,57.166,0.000,2704.5,157.5,-9.7,3,14171,0.000,0.000,0.340,0.284,-0.069,40.6,-12.7,0,-1.73,0.759,40.6,156.3,0.328,5.8,14.3,60.2,51.1,46.1,43.7,42.4,41.4,40.6,39.9,39.1,38.4,37.4,36.4,34.4,30.8,25.7,20.3,11.1
2807,57.186,0.000,2705.4,156.9,-9.4,3,14126,0.000,0.000,0.338,0.285,-0.069,40.6,-13.0,0,-1.73,0.755,40.6,156.3,0.328,5.8,14.3,60.2,51.2,46.1,43.7,42.5,41.4,40.6,39.9,39.2,38.5,37.5,36.4,34.4,30.8,25.7,20.3,11.1
2808,57.206,0.000,2706.3,156.4,-9.3,3,14081,0.362,0.000,0.335,0.286,-0.070,40.7,-13.1,0,-1.72,0.759,40.7,156.5,0.378,5.8,14.2,60.4,51.3,46.2,43.8,42.6,41.5,40.7,40.0,39.3,38.5,37.6,36.5,34.5,30.9,25.8,20.4,11.1
2809,57.226,0.000,2707.2,156.1,-9.2,3,14449,0.415,0.000,0.329,0.288,-0.071,40.9,-5.4,0,-1.72,0.763,40.9,156.8,0.428,5.8,14.0,60.5,51.4,46.4,43.9,42.7,41.6,40.9,40.1,39.4,38.7,37.7,36.6,34.6,31.0,25.9,20.5,11.1
2810,57.246,0.000,2708.1,156.0,-9.1,3,14564,0.468,0.000,0.326,0.289,-0.072,41.0,-2.6,0,-1.71,0.770,41.0,157.1,0.478,5.8,13.9,60.7,51.6,46.5,44.1,42.8,41.8,41.0,40.3,39.5,38.8,37.8,36.7,34.7,31.1,25.9,20.5,11.1
2811,57.266,0.000,2709.0,156.0,-9.0,3,14647,0.520,0.000,0.324,0.291,-0.073,41.1,-0.7,0,-1.71,0.774,41.1,157.3,0.528,5.8,13.8,60.8,51.7,46.6,44.2,42.9,41.8,41.1,40.3,39.6,38.9,37.9,36.8,34.8,31.1,26.0,20.6,11.2
2812,57.286,0.000,2709.8,156.1,-8.8,3,14729,0.571,0.000,0.325,0.294,-0.073,41.1,0.9,0,-1.70,0.777,41.1,157.4,0.578,5.7,13.8,60.8,51.7,46.6,44.2,42.9,41.9,41.1,40.4,39.6,38.9,37.9,36.8,34.8,31.2,26.0,20.6,11.2
2813,57.306,0.000,2710.7,156.3,-8.6,3,14821,0.623,0.000,0.327,0.296,-0.072,41.1,2.6,0,-1.70,0.776,41.1,157.3,0.628,5.7,13.7,60.8,51.7,46.6,44.1,42.9,41.8,41.1,40.3,39.6,38.9,37.9,36.8,34.8,31.1,26.0,20.6,11.2
2814,57.326,0.000,2711.6,156.5,-8.4,3,14913,0.674,0.000,0.332,0.298,-0.070,41.0,4.2,0,-1.70,0.773,41.0,156.7,0.678,5.7,13.8,60.6,51.5,46.5,44.0,42.8,41.7,41.0,40.2,39.5,38.8,37.8,36.7,34.7,31.1,26.0,20.6,11.2
2815,57.346,0.000,2712.5,156.9,-8.1,3,15009,0.000,0.000,0.337,0.301,-0.068,40.8,5.7,0,-1.70,0.766,40.8,155.9,0.678,5.7,13.8,60.5,51.4,46.3,43.9,42.6,41.6,40.8,40.1,39.4,38.6,37.7,36.6,34.6,31.0,25.9,20.5,11.2
2816,57.366,0.000,2713.4,156.9,-7.6,3,14247,0.000,0.004,0.345,0.303,-0.065,40.6,-9.1,0,-1.71,0.759,40.6,155.2,0.467,5.7,13.9,60.2,51.2,46.1,43.7,42.5,41.4,40.6,39.9,39.2,38.5,37.5,36.4,34.4,30.8,25.8,20.4,11.2
2817,57.386,0.000,2714.3,156.4,-7.0,3,14121,0.000,0.000,0.353,0.305,-0.062,40.4,-11.5,0,-1.71,0.749,40.4,155.2,0.467,5.7,14.1,59.9,50.9,45.9,43.5,42.2,41.2,40.4,39.7,39.0,38.3,37.3,36.2,34.3,30.7,25.7,20.4,11.2
2818,57.406,0.000,2715.2,156.0,-6.5,3,14072,0.000,0.000,0.357,0.308,-0.060,40.3,-12.1,0,-1.71,0.738,40.3,155.4,0.467,5.7,14.1,59.7,50.7,45.7,43.3,42.1,41.0,40.3,39.6,38.8,38.1,37.2,36.1,34.1,30.6,25.6,20.3,11.2
2819,57.426,0.000,2716.1,155.5,-6.2,3,14026,0.000,0.000,0.356,0.311,-0.060,40.3,-12.5,0,-1.71,0.733,40.3,155.4,0.467,5.7,14.1,59.7,50.7,45.7,43.3,42.1,41.0,40.3,39.5,38.8,38.1,37.1,36.1,34.1,30.6,25.6,20.3,11.2
2820,57.446,0.000,2717.0,155.0,-6.2,3,13981,0.516,0.000,0.349,0.313,-0.061,40.4,-12.7,0,-1.70,0.734,40.4,155.7,0.517,5.6,14.0,59.9,50.8,45.8,43.4,42.2,41.1,40.4,39.7,38.9,38.2,37.3,36.2,34.2,30.7,25.7,20.4,11.2
2821,57.466,0.000,2717.8,154.8,-6.3,3,14485,0.567,0.000,0.340,0.316,-0.063,40.6,-2.5,0,-1.69,0.743,40.6,156.2,0.567,5.6,13.7,60.2,51.1,46.1,43.7,42.4,41.4,40.6,39.9,39.2,38.5,37.5,36.4,34.5,30.9,25.8,20.5,11.3
2822,57.486,0.000,2718.7,154.9,-6.6,3,14629,0.617,0.000,0.331,0.320,-0.066,40.9,0.6,0,-1.68,0.755,40.9,156.9,0.617,5.6,13.5,60.5,51.5,46.4,44.0,42.7,41.7,40.9,40.2,39.5,38.8,37.8,36.7,34.7,31.1,26.0,20.7,11.3
2823,57.506,0.000,2719.6,155.2,-6.9,3,14739,0.667,0.000,0.323,0.323,-0.068,41.2,2.6,0,-1.67,0.768,41.2,157.4,0.667,5.5,13.2,60.8,51.8,46.7,44.3,43.0,41.9,41.2,40.5,39.7,39.0,38.0,36.9,34.9,31.3,26.2,20.8,11.4
2824,57.526,0.000,2720.5,155.5,-7.2,3,14853,0.717,0.000,0.318,0.326,-0.070,41.4,4.5,0,-1.66,0.779,41.4,157.9,0.717,5.5,13.0,61.1,52.0,46.9,44.5,43.2,42.1,41.4,40.6,39.9,39.2,38.2,37.1,35.1,31.5,26.3,20.9,11.4
2825,57.546,0.000,2721.4,155.8,-7.5,3,15004,0.767,0.000,0.314,0.329,-0.071,41.5,6.9,0,-1.65,0.786,41.5,157.4,0.767,5.4,12.9,61.2,52.1,47.0,44.6,43.4,42.3,41.5,40.8,40.1,39.3,38.3,37.2,35.2,31.6,26.4,21.0,11.5
2826,57.566,0.000,2722.3,156.2,-7.8,3,15170,0.000,0.000,0.310,0.332,-0.072,41.7,9.6,0,-1.64,0.791,41.7,155.8,0.767,5.4,12.7,61.4,52.3,47.2,44.8,43.5,42.4,41.7,40.9,40.2,39.5,38.5,37.4,35.4,31.7,26.5,21.1,11.5
2827,57.586,0.000,2723.2,156.3,-7.9,3,14246,0.000,0.000,0.308,0.336,-0.072,41.8,-8.3,0,-1.64,0.797,41.8,155.4,0.767,5.4,12.6,61.5,52.4,47.3,44.9,43.6,42.5,41.8,41.0,40.3,39.6,38.6,37.5,35.5,31.8,26.6,21.1,11.5
2828,57.606,0.000,2724.1,155.9,-7.7,3,14073,0.000,0.000,0.309,0.339,-0.072,41.8,-12.1,0,-1.63,0.799,41.8,155.6,0.767,5.4,12.6,61.5,52.4,47.3,44.9,43.6,42.5,41.8,41.0,40.3,39.6,38.6,37.5,35.5,31.8,26.6,21.1,11.6
2829,57.626,0.000,2725.0,155.4,-7.5,3,14014,0.000,0.000,0.311,0.342,-0.071,41.8,-12.9,0,-1.63,0.798,41.8,155.3,0.767,5.3,12.5,61.5,52.4,47.3,44.8,43.6,42.5,41.8,41.0,40.3,39.6,38.6,37.5,35.5,31.8,26.6,21.1,11.6
2830,57.646,0.000,2725.8,155.0,-7.3,3,13971,0.817,0.000,0.311,0.345,-0.071,41.7,-13.1,0,-1.63,0.795,41.7,156.3,0.817,5.3,12.5,61.6,52.4,47.3,44.8,43.6,42.5,41.7,41.0,40.3,39.6,38.6,37.5,35.5,31.8,26.6,21.2,11.6
2831,57.666,0.000,2726.7,155.0,-7.1,3,14851,0.867,0.000,0.308,0.349,-0.071,41.8,4.1,0,-1.63,0.795,41.8,157.9,0.867,5.3,12.4,61.8,52.4,47.3,44.9,43.6,42.6,41.8,41.1,40.3,39.6,38.6,37.5,35.5,31.9,26.7,21.2,11.6
2832,57.686,0.000,2727.6,155.3,-7.4,3,15251,0.917,0.000,0.301,0.352,-0.072,42.0,11.9,0,-1.63,0.799,42.0,157.2,0.917,5.3,12.2,62.1,52.6,47.5,45.1,43.8,42.7,42.0,41.2,40.5,39.8,38.8,37.7,35.7,32.0,26.8,21.3,11.7
2833,57.706,0.000,2728.5,155.9,-8.0,3,15517,0.967,0.000,0.289,0.355,-0.075,42.3,16.5,0,-1.63,0.808,42.3,157.6,0.967,5.2,12.0,62.8,53.0,47.9,45.4,44.2,43.1,42.3,41.6,40.8,40.1,39.1,38.0,36.0,32.3,27.0,21.5,11.7
2834,57.726,0.000,2729.4,156.5,-8.8,3,15747,1.000,0.000,0.267,0.359,-0.080,42.7,20.2,0,-1.64,0.810,42.7,158.6,1.000,5.2,11.7,63.7,53.5,48.3,45.9,44.6,43.5,42.7,42.0,41.2,40.5,39.5,38.4,36.3,32.6,27.3,21.7,11.8
2835,57.746,0.000,2730.3,157.2,-9.8,3,15944,1.000,0.000,0.245,0.362,-0.084,43.2,23.0,0,-1.65,0.810,43.2,159.3,1.000,5.1,11.5,64.7,54.0,48.8,46.3,45.0,43.9,43.2,42.4,41.7,40.9,39.9,38.8,36.7,32.9,27.6,21.9,11.9
2836,57.766,0.000,2731.2,157.9,-10.6,3,16083,1.000,0.000,0.227,0.365,-0.087,43.5,24.6,0,-1.66,0.810,43.5,159.5,1.000,5.1,11.2,65.7,54.4,49.2,46.7,45.4,44.3,43.5,42.8,42.0,41.3,40.2,39.1,37.0,33.2,27.8,22.1,11.9
2837,57.786,0.000,2732.1,158.6,-11.3,3,16202,1.000,0.000,0.216,0.367,-0.090,43.8,25.7,0,-1.68,0.810,43.8,159.8,1.000,5.0,11.1,66.6,54.7,49.4,47.0,45.7,44.6,43.8,43.0,42.2,41.5,40.5,39.3,37.3,33.4,28.0,22.2,12.0
2838,57.806,0.000,2733.0,159.4,-11.8,3,16366,0.872,0.000,0.209,0.370,-0.091,43.9,27.4,0,-1.71,0.810,43.9,159.6,1.000,5.0,11.0,67.4,55.0,49.6,47.1,45.8,44.7,43.9,43.2,42.4,41.6,40.6,39.5,37.4,33.5,28.1,22.3,12.0
2839,57.826,0.000,2733.9,160.0,-12.3,3,16352,0.000,0.000,0.202,0.372,-0.092,44.1,26.1,0,-1.74,0.810,44.1,158.9,1.000,5.0,10.9,68.3,55.3,49.8,47.3,46.0,44.9,44.1,43.3,42.5,41.8,40.8,39.6,37.5,33.7,28.2,22.3,12.1
2840,57.846,0.000,2734.9,160.4,-12.6,3,14934,0.000,0.000,0.198,0.374,-0.093,44.2,-1.8,0,-1.77,0.810,44.2,160.0,1.000,5.0,10.8,69.3,55.6,49.9,47.4,46.1,45.0,44.2,43.4,42.7,41.9,40.9,39.7,37.6,33.8,28.3,22.4,12.1
2841,57.866,0.000,2735.8,160.1,-12.3,3,14496,0.934,0.000,0.202,0.376,-0.092,44.2,-11.5,0,-1.81,0.810,44.2,161.2,1.000,5.0,10.8,70.0,55.8,49.9,47.4,46.1,45.0,44.2,43.4,42.6,41.9,40.8,39.7,37.6,33.8,28.3,22.4,12.1
2842,57.886,0.000,2736.7,160.1,-11.8,3,15568,0.947,0.000,0.212,0.379,-0.090,44.0,8.4,0,-1.85,0.810,44.0,162.3,1.000,4.9,10.8,70.5,55.8,49.7,47.2,45.9,44.8,44.0,43.2,42.5,41.7,40.7,39.6,37.5,33.6,28.2,22.4,12.1
2843,57.906,0.000,2737.6,160.6,-11.5,3,15970,0.958,0.000,0.222,0.381,-0.088,43.9,16.1,0,-1.89,0.810,43.9,163.8,1.000,4.9,10.8,71.1,55.8,49.6,47.1,45.8,44.7,43.9,43.1,42.4,41.6,40.6,39.4,37.4,33.5,28.1,22.3,12.1
2844,57.926,0.000,2738.6,161.2,-11.4,3,16196,0.966,0.000,0.229,0.383,-0.087,43.8,19.9,0,-1.94,0.810,43.8,165.2,1.000,4.9,10.8,72.0,56.0,49.6,47.0,45.7,44.6,43.8,43.0,42.3,41.5,40.5,39.4,37.3,33.5,28.1,22.3,12.1
2845,57.946,0.000,2739.5,161.9,-11.5,3,16389,0.973,0.000,0.232,0.386,-0.086,43.8,22.8,0,-1.99,0.810,43.8,165.6,1.000,4.9,10.8,73.1,56.4,49.7,47.0,45.7,44.6,43.8,43.0,42.3,41.5,40.5,39.4,37.3,33.5,28.1,22.3,12.1
2846,57.966,0.000,2740.4,162.6,-11.8,3,16524,0.978,0.000,0.233,0.388,-0.086,43.8,24.5,0,-2.07,0.810,43.8,166.5,1.000,4.9,10.8,74.6,56.9,49.9,47.1,45.7,44.6,43.8,43.1,42.3,41.6,40.6,39.4,37.3,33.5,28.1,22.3,12.1
2847,57.986,0.000,2741.3,163.3,-12.1,3,16620,0.961,0.000,0.233,0.390,-0.086,43.9,25.3,0,-2.15,0.810,43.9,167.7,1.000,4.9,10.7,76.3,57.5,50.2,47.3,45.9,44.7,43.9,43.1,42.4,41.6,40.6,39.5,37.4,33.6,28.2,22.4,12.1
2848,58.006,0.000,2742.3,164.0,-12.3,3,16659,0.956,0.000,0.236,0.391,-0.086,43.9,24.9,0,-2.24,0.810,43.9,168.7,1.000,4.9,10.7,78.2,58.1,50.5,47.4,46.0,44.8,43.9,43.2,42.4,41.7,40.6,39.5,37.4,33.6,28.2,22.4,12.2
2849,58.026,0.000,2743.2,164.8,-12.5,3,16694,0.965,0.000,0.243,0.393,-0.085,44.0,24.4,0,-2.34,0.810,44.0,169.7,1.000,4.9,10.7,80.0,58.7,50.7,47.6,46.0,44.8,44.0,43.1,42.4,41.6,40.6,39.4,37.4,33.6,28.1,22.4,12.2
2850,58.046,0.000,2744.2,165.5,-12.5,3,16755,0.947,0.000,0.253,0.394,-0.084,43.9,24.5,0,-2.44,0.810,43.9,170.8,1.000,4.8,10.7,81.8,59.2,50.9,47.6,46.1,44.8,43.9,43.1,42.3,41.5,40.5,39.3,37.3,33.5,28.1,22.3,12.1
2851,58.066,0.000,2745.1,166.2,-12.5,3,16817,0.927,0.000,0.265,0.395,-0.082,43.9,24.5,0,-2.55,0.810,43.9,171.5,1.000,4.8,10.7,83.8,59.7,51.1,47.7,46.1,44.8,43.9,43.0,42.2,41.4,40.4,39.2,37.2,33.4,28.0,22.3,12.1
2852,58.086,0.000,2746.1,166.9,-12.5,3,16843,0.942,0.000,0.277,0.396,-0.080,43.9,23.9,0,-2.68,0.810,43.9,172.9,1.000,4.8,10.8,86.0,60.4,51.4,47.8,46.2,44.8,43.9,43.0,42.1,41.3,40.3,39.1,37.1,33.3,27.9,22.2,12.1
2853,58.106,0.000,2747.1,167.6,-12.5,3,16898,0.940,0.000,0.290,0.397,-0.079,43.9,23.8,0,-2.82,0.810,43.9,174.8,1.000,4.9,10.8,88.7,61.1,51.7,48.0,46.3,44.9,43.9,43.0,42.1,41.3,40.2,39.0,37.0,33.2,27.8,22.2,12.1
2854,58.126,0.000,2748.0,168.3,-12.5,3,16942,0.937,0.000,0.302,0.397,-0.077,44.0,23.6,0,-2.99,0.810,44.0,177.3,1.000,4.9,10.9,91.8,62.0,52.1,48.3,46.5,45.0,44.0,43.1,42.2,41.3,40.2,38.9,36.9,33.1,27.8,22.1,12.1
2855,58.146,0.000,2749.0,169.0,-12.5,3,16977,0.946,0.000,0.314,0.398,-0.076,44.1,23.2,0,-3.17,0.807,44.1,180.1,1.000,4.9,10.9,95.5,63.1,52.6,48.6,46.7,45.2,44.1,43.2,42.2,41.4,40.2,38.9,36.8,33.0,27.7,22.1,12.1
2856,58.166,0.000,2750.0,169.6,-12.5,3,17028,0.937,0.000,0.320,0.398,-0.074,44.3,23.2,0,-3.39,0.792,44.3,183.2,1.000,4.9,11.0,99.8,64.3,53.2,49.0,47.0,45.4,44.3,43.3,42.4,41.4,40.2,38.9,36.7,32.9,27.6,22.0,12.1
2857,58.186,0.000,2750.9,170.3,-12.5,3,17057,0.949,0.000,0.331,0.398,-0.073,44.6,22.7,0,-3.62,0.783,44.6,186.3,1.000,4.9,11.0,104.8,65.7,53.8,49.4,47.3,45.7,44.6,43.5,42.5,41.5,40.3,38.9,36.7,32.9,27.6,22.0,12.1
2858,58.206,0.000,2751.9,171.0,-12.5,3,17114,0.936,0.000,0.340,0.398,-0.071,44.8,22.8,0,-3.89,0.768,44.8,189.9,1.000,4.9,11.1,110.7,67.2,54.5,49.9,47.7,46.0,44.8,43.7,42.7,41.7,40.4,39.0,36.6,32.8,27.5,21.9,12.0
2859,58.226,0.000,2752.9,171.6,-12.4,3,17146,0.949,0.000,0.353,0.397,-0.070,45.1,22.4,0,-4.20,0.755,45.1,192.9,1.000,4.9,11.2,117.6,68.9,55.3,50.4,48.1,46.3,45.1,44.0,42.9,41.8,40.5,39.0,36.6,32.6,27.4,21.8,12.0
2860,58.246,0.000,2753.9,172.3,-12.3,3,17208,0.920,0.000,0.366,0.397,-0.068,45.4,22.6,0,-4.55,0.738,45.4,196.0,1.000,4.9,11.3,125.9,70.8,56.2,51.0,48.6,46.7,45.4,44.2,43.1,42.0,40.6,39.1,36.6,32.5,27.3,21.8,12.0
2861,58.266,0.000,2754.9,172.9,-12.3,3,17215,0.936,0.000,0.380,0.396,-0.066,45.9,21.8,0,-4.96,0.721,45.9,199.2,1.000,4.9,11.4,136.6,73.1,57.3,51.7,49.2,47.2,45.9,44.6,43.4,42.3,40.8,39.3,36.7,32.5,27.2,21.7,12.0
2862,58.286,0.000,2755.9,173.5,-12.2,3,17270,0.933,0.000,0.396,0.395,-0.065,46.4,21.9,0,-5.45,0.701,46.4,204.5,1.000,4.9,11.5,150.2,75.7,58.5,52.6,49.9,47.8,46.4,45.1,43.8,42.6,41.1,39.5,36.8,32.4,27.1,21.6,11.9
2863,58.306,0.000,2756.9,174.2,-12.2,3,17288,0.944,0.000,0.414,0.394,-0.063,47.0,21.5,0,-6.02,0.680,47.0,210.7,1.000,5.0,11.6,167.6,78.8,59.9,53.6,50.7,48.5,47.0,45.6,44.3,43.0,41.4,39.7,36.9,32.4,27.0,21.5,11.9
2864,58.326,0.000,2757.9,174.8,-12.0,3,17331,0.905,0.000,0.445,0.392,-0.061,47.6,21.4,0,-6.95,0.655,47.6,217.5,1.000,5.0,11.7,200.0,82.1,61.4,54.6,51.5,49.1,47.6,46.1,44.7,43.4,41.7,40.0,37.0,32.4,26.9,21.4,11.9
2865,58.346,0.000,2758.9,175.4,-11.8,3,17314,0.924,0.000,0.430,0.391,-0.058,48.2,20.5,0,-6.91,0.613,48.2,224.3,1.000,5.0,11.9,200.0,85.9,63.0,55.7,52.4,49.9,48.2,46.7,45.2,43.8,42.1,40.2,37.2,32.4,26.7,21.3,11.8
2866,58.366,0.000,2759.9,176.0,-11.6,3,17367,0.939,0.000,0.448,0.389,-0.056,49.0,20.4,0,-6.85,0.628,49.0,231.5,1.000,5.0,12.0,200.0,90.4,64.9,56.9,53.4,50.7,49.0,47.3,45.8,44.3,42.5,40.5,37.4,32.4,26.6,21.2,11.8
2867,58.386,0.000,2760.9,176.6,-11.4,3,17442,0.951,0.000,0.427,0.387,-0.053,49.9,20.9,0,-6.78,0.582,49.9,240.4,1.000,5.0,12.2,200.0,96.1,67.3,58.5,54.7,51.8,49.9,48.2,46.5,45.0,43.0,41.0,37.7,32.5,26.5,21.1,11.8
2868,58.406,0.000,2761.9,177.2,-11.4,3,17524,0.961,0.000,0.397,0.385,-0.052,51.1,21.3,0,-6.69,0.514,51.1,251.2,1.000,5.1,12.3,200.0,103.5,70.1,60.5,56.3,53.2,51.1,49.2,47.5,45.8,43.7,41.6,38.1,32.6,26.5,21.1,11.7
2869,58.426,0.000,2762.9,177.9,-11.3,3,17545,0.969,0.000,0.287,0.383,-0.050,52.5,20.3,0,-6.54,0.289,52.5,263.9,1.000,5.1,12.5,198.2,112.5,73.5,62.7,58.2,54.7,52.5,50.4,48.5,46.8,44.5,42.2,38.5,32.8,26.4,21.0,11.7
2870,58.446,0.000,2764.0,178.5,-11.2,3,17589,0.975,0.000,0.203,0.381,-0.047,53.9,18.8,0,-6.25,0.131,53.9,282.5,1.000,5.1,12.7,190.2,123.3,77.2,65.1,60.1,56.3,53.9,51.7,49.6,47.8,45.4,42.9,39.0,33.0,26.4,20.8,11.6
2871,58.466,0.000,2765.0,179.2,-10.9,3,17654,0.980,0.000,0.168,0.378,-0.044,55.3,17.1,0,-5.15,0.121,55.3,294.5,1.000,5.2,13.0,149.5,136.1,81.2,67.6,62.1,58.0,55.3,53.0,50.8,48.7,46.2,43.6,39.4,33.2,26.4,20.7,11.6
2872,58.486,0.000,2766.0,179.9,-10.7,3,17732,0.984,0.000,0.121,0.375,-0.041,57.1,15.9,0,-3.73,0.108,57.1,224.6,1.000,5.2,13.3,86.7,153.1,86.0,70.6,64.5,59.9,57.1,54.4,52.1,49.9,47.2,44.4,40.0,33.4,26.4,20.6,11.5
2873,58.506,0.000,2767.1,180.6,-10.5,3,17805,0.987,0.000,0.130,0.372,-0.038,59.1,15.0,0,-3.97,0.094,59.1,233.9,1.000,5.3,13.6,65.4,200.0,91.9,74.2,67.3,62.2,59.1,56.2,53.6,51.3,48.3,45.3,40.6,33.7,26.4,20.5,11.5
2874,58.526,0.000,2768.1,181.4,-10.4,3,17842,0.990,0.000,0.123,0.368,-0.035,61.3,14.2,0,-3.77,0.077,61.3,244.6,1.000,5.3,13.9,54.9,200.0,99.0,78.3,70.5,64.8,61.3,58.2,55.3,52.8,49.5,46.3,41.3,34.0,26.4,20.3,11.4
2875,58.546,0.000,2769.1,182.2,-10.0,3,17822,0.992,0.000,0.122,0.364,-0.030,63.5,12.2,0,-3.64,0.057,63.5,255.7,1.000,5.4,14.4,49.2,200.0,106.6,82.6,73.7,67.4,63.5,60.1,57.0,54.2,50.7,47.3,42.0,34.3,26.5,20.2,11.3
2876,58.566,0.000,2770.2,183.1,-9.5,3,17845,0.993,0.000,0.126,0.360,-0.025,65.6,11.1,0,-3.55,0.033,65.6,266.5,1.000,5.4,14.9,46.1,200.0,114.4,86.7,76.8,69.8,65.6,61.8,58.5,55.5,51.8,48.1,42.5,34.5,26.4,20.1,11.3
2877,58.586,0.000,2771.2,183.9,-8.8,3,17898,0.995,0.000,0.131,0.355,-0.019,67.6,10.5,0,-3.49,0.004,67.6,364.9,1.000,5.5,15.4,44.1,200.0,122.9,90.9,79.9,72.2,67.6,63.5,59.9,56.7,52.8,48.9,43.0,34.7,26.4,19.9,11.2
2878,58.606,0.000,2772.3,184.7,-8.2,3,17962,0.996,0.000,0.062,0.350,-0.013,70.3,10.1,0,-3.35,-0.093,70.3,361.1,1.000,5.6,15.8,41.9,196.2,134.7,96.6,84.0,75.4,70.3,65.8,61.9,58.4,54.1,49.9,43.7,35.0,26.4,19.8,11.1
2879,58.626,0.000,2773.3,185.5,-7.9,3,18021,0.997,0.000,-0.014,0.344,-0.007,73.4,9.1,0,-3.22,-0.219,73.4,356.8,1.000,5.7,16.1,40.1,192.0,149.7,103.5,88.9,79.1,73.4,68.4,64.1,60.3,55.6,51.2,44.5,35.3,26.4,19.7,11.0
2880,58.646,0.000,2774.4,186.4,-7.4,3,17975,0.997,0.000,-0.088,0.337,0.001,75.5,6.1,0,-3.15,-0.380,76.2,353.3,1.000,5.8,16.5,39.4,188.5,162.5,108.7,92.4,81.7,75.5,70.2,65.5,61.5,56.6,51.9,44.9,35.4,26.3,19.6,10.8
2881,58.666,0.000,2775.5,187.4,-6.5,3,17942,0.998,0.000,-0.091,0.330,0.014,74.2,3.3,0,-3.20,-0.470,85.3,352.5,1.000,6.0,17.2,41.2,187.8,160.2,107.0,90.9,80.4,74.2,69.0,64.4,60.4,55.6,50.9,44.1,34.8,25.8,19.2,10.7
2882,58.686,0.000,2776.5,188.3,-4.8,3,17954,0.998,0.000,-0.014,0.320,0.033,69.8,1.6,0,-3.39,-0.470,97.0,354.4,1.000,6.2,18.4,45.6,189.6,143.6,98.7,84.7,75.3,69.8,65.0,60.9,57.2,52.8,48.5,42.2,33.4,25.0,18.6,10.4
2883,58.706,0.000,2777.6,189.3,-2.8,3,17987,0.999,0.000,0.072,0.310,0.052,65.6,0.6,0,-3.61,-0.470,116.3,356.1,1.000,6.4,19.7,50.8,191.3,129.0,91.1,78.8,70.5,65.6,61.3,57.5,54.2,50.1,46.2,40.3,32.1,24.2,18.1,10.2
2884,58.726,0.000,2778.7,190.2,-1.4,3,18028,0.999,0.000,0.136,0.297,0.067,63.8,0.1,0,-3.72,-0.470,63.8,355.8,1.000,6.7,20.6,53.5,190.9,124.6,88.4,76.6,68.6,63.8,59.7,56.0,52.8,48.9,45.1,39.3,31.4,23.6,17.7,10.0
2885,58.746,0.000,2779.8,191.0,-0.9,3,18040,0.999,0.000,0.173,0.284,0.077,64.9,-0.9,0,-3.66,-0.470,64.9,353.2,1.000,6.9,20.9,52.4,188.4,131.1,91.2,78.4,69.9,64.9,60.5,56.7,53.4,49.3,45.3,39.5,31.4,23.5,17.5,9.9
2886,58.766,0.000,2780.9,191.9,-1.0,3,18072,0.999,0.000,0.192,0.268,0.083,68.2,-1.8,0,-3.48,-0.470,68.2,348.7,1.000,7.0,20.8,49.3,184.1,148.8,98.7,83.7,73.9,68.2,63.3,59.1,55.4,51.0,46.7,40.4,31.8,23.6,17.5,9.7
2887,58.786,0.000,2781.9,192.7,-1.4,3,18178,0.999,0.000,0.203,0.252,0.087,73.6,-1.1,0,-3.31,-0.470,73.6,342.5,1.000,7.2,20.4,45.6,178.1,198.5,111.4,92.4,80.4,73.6,67.8,62.9,58.7,53.6,48.8,41.8,32.6,23.9,17.6,9.6
2888,58.806,0.000,2783.0,193.4,-1.9,3,18323,1.000,0.000,0.203,0.235,0.089,81.7,0.3,0,-2.96,-0.470,81.7,358.9,1.000,7.2,19.9,41.8,169.2,194.0,132.7,106.2,90.4,81.7,74.6,68.6,63.5,57.5,52.0,44.0,33.7,24.4,17.7,9.6
2889,58.826,0.000,2784.1,194.2,-2.8,3,18483,1.000,0.000,0.166,0.217,0.085,95.3,2.1,0,-2.28,-0.470,95.3,353.1,1.000,7.3,19.3,38.0,127.8,188.4,196.6,131.1,107.5,95.3,85.6,77.7,71.1,63.6,56.7,47.2,35.4,25.1,18.0,9.5
2890,58.846,0.000,2785.2,194.9,-3.9,3,18641,1.000,0.000,0.081,0.199,0.071,116.2,3.7,0,-1.74,-0.470,116.2,360.3,1.000,7.3,18.6,34.7,93.4,181.7,191.3,195.4,135.2,116.2,101.9,90.7,81.7,71.8,63.1,51.4,37.5,26.0,18.4,9.5
2891,58.866,0.000,2786.3,195.2,-4.5,4,15097,1.000,0.000,0.016,0.184,0.059,141.5,-13.5,0,-1.39,-0.470,141.5,359.4,1.000,7.4,18.2,32.7,77.5,175.3,186.4,191.0,194.5,141.5,120.6,105.0,93.1,80.3,69.4,55.3,39.4,26.8,18.7,9.5
2892,58.886,0.000,2787.3,194.9,-4.4,4,15072,1.000,0.000,-0.017,0.169,0.053,194.1,-14.4,0,-1.20,-0.470,194.1,359.0,1.000,7.4,18.1,31.9,71.7,171.0,183.2,188.0,191.7,194.1,133.5,114.5,100.2,85.4,73.0,57.5,40.4,27.1,18.7,9.4
2893,58.906,0.000,2788.4,194.7,-3.9,4,14415,1.000,0.000,-0.025,0.156,0.050,192.5,-15.2,0,-1.17,-0.470,192.5,357.3,1.000,7.5,18.2,31.9,70.5,168.9,181.4,186.3,190.0,192.5,137.9,117.6,102.4,86.8,73.9,57.9,40.4,27.0,18.6,9.4
2894,58.926,0.000,2789.5,194.9,-3.1,4,15000,1.000,0.000,-0.019,0.144,0.051,191.5,-1.5,0,-1.19,-0.470,191.5,356.4,1.000,7.7,18.5,32.5,71.8,168.3,180.5,185.4,189.1,191.5,135.8,115.8,101.0,85.6,73.0,57.2,39.9,26.7,18.4,9.3
2895,58.946,0.000,2790.6,195.5,-2.4,4,15088,1.000,0.000,-0.009,0.132,0.051,190.7,-0.1,0,-1.23,-0.470,190.7,355.2,1.000,7.8,18.8,33.1,73.7,168.1,179.9,184.7,188.3,190.7,132.1,113.0,98.7,83.8,71.6,56.2,39.3,26.3,18.2,9.1
2896,58.966,0.000,2791.7,196.2,-1.7,4,15101,1.000,0.000,0.000,0.121,0.052,189.9,-0.9,0,-1.26,-0.470,189.9,353.9,1.000,7.9,19.1,33.7,75.5,167.8,179.3,183.9,187.5,189.9,128.7,110.3,96.5,82.1,70.2,55.2,38.7,26.0,18.0,9.1
2897,58.986,0.000,2792.8,196.9,-1.1,4,15038,1.000,0.000,0.008,0.110,0.053,188.9,-3.5,0,-1.29,-0.470,188.9,353.7,1.000,8.0,19.4,34.2,77.1,167.3,178.5,183.1,186.6,188.9,126.0,108.2,94.8,80.8,69.1,54.4,38.2,25.7,17.8,9.0
2898,59.006,0.000,2793.9,197.6,-0.7,4,15050,1.000,0.000,0.017,0.100,0.053,148.4,-4.6,0,-1.36,-0.470,148.4,350.3,1.000,8.1,19.7,34.7,78.4,166.6,177.6,182.1,185.6,148.4,124.1,106.6,93.5,79.7,68.2,53.8,37.8,25.4,17.6,8.9
2899,59.026,0.000,2795.0,198.2,-0.4,4,15104,1.000,0.000,0.020,0.090,0.053,148.0,-4.4,0,-1.37,-0.470,148.0,349.1,1.000,8.2,19.9,35.0,78.9,165.6,176.5,181.0,184.5,148.0,123.6,106.1,93.0,79.2,67.8,53.4,37.5,25.2,17.4,8.8
2900,59.046,0.000,2796.1,198.8,-0.3,4,15179,1.000,0.000,0.018,0.080,0.052,185.5,-3.8,0,-1.31,-0.470,185.5,350.1,1.000,8.2,20.0,35.2,78.8,164.3,175.2,179.7,183.2,185.5,124.6,106.7,93.4,79.4,67.8,53.3,37.4,25.1,17.3,8.7
2901,59.066,0.000,2797.2,199.4,-0.2,4,15259,1.000,0.000,0.016,0.070,0.051,184.0,-3.1,0,-1.29,-0.470,184.0,348.6,1.000,8.3,20.1,35.3,78.0,162.7,173.7,178.2,181.7,184.0,127.0,108.3,94.4,80.1,68.2,53.5,37.3,25.0,17.2,8.7
2902,59.086,0.000,2798.3,200.0,-0.3,4,15328,1.000,0.000,0.012,0.061,0.049,182.5,-2.6,0,-1.26,-0.470,182.5,346.7,1.000,8.4,20.2,35.3,77.0,160.9,172.1,176.6,180.2,182.5,130.2,110.5,96.0,81.1,68.9,53.7,37.4,24.9,17.1,8.6
2903,59.106,0.000,2799.4,200.7,-0.4,4,15344,1.000,0.000,0.007,0.051,0.047,181.0,-3.2,0,-1.23,-0.470,181.0,344.7,1.000,8.5,20.3,35.2,76.0,159.2,170.5,175.1,178.6,181.0,133.6,112.8,97.6,82.1,69.5,54.0,37.4,24.8,17.1,8.5
2904,59.126,0.000,2800.5,201.3,-0.4,4,15366,1.000,0.000,0.005,0.042,0.046,179.5,-4.0,0,-1.21,-0.470,179.5,343.9,1.000,8.5,20.4,35.3,75.5,157.7,169.0,173.6,177.2,179.5,136.1,114.4,98.7,82.8,69.9,54.1,37.4,24.8,17.0,8.5
2905,59.146,0.000,2801.6,202.0,-0.4,4,15427,1.000,0.000,0.006,0.033,0.045,178.2,-3.7,0,-1.20,-0.470,178.2,342.4,1.000,8.6,20.5,35.5,75.3,156.4,167.7,172.3,175.9,178.2,137.5,115.2,99.2,83.0,70.0,54.1,37.2,24.6,16.9,8.4
2906,59.166,0.000,2802.8,202.6,-0.3,4,15496,1.000,0.000,0.007,0.025,0.044,176.9,-3.2,0,-1.19,-0.470,176.9,340.3,1.000,8.7,20.7,35.6,75.3,155.1,166.4,171.0,174.6,176.9,138.5,115.8,99.5,83.1,69.9,53.9,37.1,24.5,16.7,8.3
2907,59.186,0.000,2803.9,203.2,-0.3,4,15556,1.000,0.000,0.005,0.016,0.044,177.8,-3.0,0,-1.12,-0.470,177.8,340.8,1.000,8.7,20.8,35.8,75.2,153.9,165.2,169.7,173.3,175.6,177.8,116.5,99.9,83.3,70.0,53.9,36.9,24.4,16.6,8.3
2908,59.206,0.000,2805.0,203.8,-0.3,4,15607,1.000,0.000,0.006,0.008,0.043,176.5,-2.9,0,-1.11,-0.470,176.5,338.9,1.000,8.8,20.9,35.9,75.1,152.6,163.9,168.4,172.0,174.3,176.5,117.4,100.4,83.5,70.0,53.8,36.8,24.2,16.5,8.2
2909,59.226,0.000,2806.1,204.4,-0.2,4,15640,1.000,0.000,0.006,-0.001,0.042,175.1,-3.1,0,-1.11,-0.470,175.1,337.1,1.000,8.9,21.0,36.0,75.0,151.3,162.6,167.1,170.6,173.0,175.1,118.2,100.9,83.7,70.1,53.7,36.7,24.1,16.4,8.1
2910,59.246,0.000,2807.3,205.1,-0.2,4,15664,1.000,0.000,0.007,-0.009,0.041,173.8,-3.8,0,-1.10,-0.470,173.8,336.1,1.000,8.9,21.1,36.2,74.9,150.0,161.3,165.8,169.3,171.6,173.8,119.0,101.4,83.9,70.1,53.7,36.6,24.0,16.3,8.1
2911,59.266,0.000,2808.4,205.7,-0.2,4,15712,1.000,0.000,0.008,-0.017,0.040,172.5,-3.8,0,-1.09,-0.470,172.5,334.7,1.000,9.0,21.3,36.3,74.8,148.8,160.0,164.5,168.0,170.3,172.5,119.9,101.9,84.2,70.2,53.6,36.4,23.9,16.2,8.0
2912,59.286,0.000,2809.6,206.3,-0.2,4,15768,1.000,0.000,0.008,-0.024,0.040,171.2,-3.6,0,-1.09,-0.470,171.2,332.8,1.000,9.1,21.4,36.4,74.6,147.5,158.6,163.2,166.7,169.0,171.2,121.0,102.5,84.5,70.4,53.6,36.3,23.7,16.1,8.0
2913,59.306,0.000,2810.7,206.9,-0.2,4,15825,1.000,0.000,0.008,-0.032,0.039,169.8,-3.4,0,-1.07,-0.470,169.8,330.7,1.000,9.1,21.5,36.5,74.3,146.1,157.3,161.8,165.3,167.6,169.8,122.3,103.4,84.9,70.6,53.6,36.2,23.6,16.0,7.9
2914,59.326,0.000,2811.8,207.6,-0.2,4,15877,1.000,0.000,0.007,-0.040,0.038,168.4,-3.3,0,-1.06,-0.470,168.4,328.6,1.000,9.2,21.5,36.5,74.0,144.8,155.9,160.4,163.9,166.2,168.4,123.9,104.3,85.5,70.8,53.6,36.2,23.5,16.0,7.9
2915,59.346,0.000,2813.0,208.2,-0.3,4,15921,1.000,0.000,0.007,-0.047,0.037,167.0,-3.4,0,-1.05,-0.470,167.0,326.6,1.000,9.2,21.6,36.6,73.7,143.4,154.6,159.1,162.6,164.9,167.0,125.4,105.3,86.0,71.1,53.7,36.1,23.4,15.9,7.8
2916,59.366,0.000,2814.2,208.8,-0.3,4,15962,1.000,0.000,0.006,-0.055,0.036,165.7,-3.6,0,-1.04,-0.470,165.7,324.9,1.000,9.3,21.7,36.7,73.5,142.1,153.2,157.7,161.2,163.5,165.7,127.0,106.3,86.5,71.4,53.7,36.0,23.4,15.8,7.7
2917,59.386,0.000,2815.3,209.4,-0.3,4,16007,1.000,0.000,0.206,-0.062,0.035,166.3,-3.6,0,-0.94,0.850,166.3,325.6,1.000,9.3,21.8,36.7,73.3,140.8,151.9,156.4,159.8,162.1,164.3,166.3,107.2,87.0,71.6,53.8,35.9,23.3,15.7,7.7
2918,59.406,0.000,2816.5,210.0,-0.1,4,16055,1.000,0.000,0.188,-0.068,0.031,164.3,-2.9,0,-0.88,0.000,164.3,323.2,1.000,9.4,21.7,36.2,70.7,137.8,149.5,154.1,157.7,160.0,162.2,164.3,114.4,91.5,74.5,55.3,36.5,23.4,15.7,7.7
2919,59.426,0.000,2817.7,210.6,-0.8,4,16112,1.000,0.000,0.135,-0.074,0.022,160.9,-2.4,0,-0.62,0.000,160.9,321.1,1.000,9.3,21.2,34.6,64.5,130.3,145.0,150.1,153.9,156.4,158.7,160.9,163.0,107.3,84.6,60.5,38.6,24.2,16.0,7.7
2920,59.446,0.000,2818.8,211.1,-2.0,4,16177,1.000,0.000,0.069,-0.079,0.011,156.9,-2.2,0,-0.27,0.000,156.9,319.1,1.000,9.3,20.5,32.8,58.2,109.7,139.0,145.0,149.3,152.0,154.5,156.9,159.1,162.0,101.7,68.7,41.7,25.3,16.5,7.7
2921,59.466,0.000,2820.0,211.7,-3.1,4,16256,1.000,0.000,0.009,-0.082,0.000,152.9,-1.7,0,0.05,0.000,152.9,317.5,1.000,9.2,20.0,31.3,53.5,93.7,132.4,139.7,144.6,147.6,150.4,152.9,155.3,158.4,161.6,78.4,45.0,26.4,16.9,7.8
2922,59.486,0.000,2821.2,212.2,-3.8,4,16311,1.000,0.000,0.209,-0.085,-0.007,149.7,-1.6,0,0.15,0.850,151.6,313.2,1.000,9.1,19.6,30.4,50.7,85.2,126.0,135.4,140.8,144.1,147.0,149.7,152.2,155.4,158.8,87.0,47.6,27.3,17.2,7.8
2923,59.506,0.000,2822.4,212.8,-3.6,4,16343,1.000,0.000,0.009,-0.087,-0.013,146.7,-1.0,0,0.26,0.000,150.4,310.0,1.000,9.1,19.3,29.6,48.4,78.9,115.3,131.0,137.2,140.7,143.8,146.7,149.3,152.6,156.1,96.4,50.3,28.1,17.5,7.9
2924,59.526,0.000,2823.6,213.4,-4.0,4,16379,1.000,0.000,-0.104,-0.087,-0.020,143.1,-1.8,0,0.42,0.000,149.3,306.8,1.000,9.0,18.9,28.6,45.9,72.3,101.8,124.8,132.6,136.6,140.0,143.1,145.9,149.4,153.0,111.1,54.0,29.2,17.9,7.9
2925,59.546,0.000,2824.7,214.0,-4.1,4,16395,1.000,0.000,-0.111,-0.087,-0.022,141.5,-2.7,0,0.45,0.000,148.0,304.6,1.000,9.0,18.8,28.4,45.4,71.2,99.7,122.8,130.9,135.0,138.4,141.5,144.3,147.8,151.5,114.2,54.7,29.4,18.0,7.9
2926,59.566,0.000,2825.9,214.6,-2.8,4,16408,1.000,0.000,-0.078,-0.086,-0.016,142.2,-3.6,0,0.31,0.000,146.8,305.3,1.000,9.1,19.1,29.2,47.3,76.1,109.5,126.4,132.7,136.2,139.4,142.2,144.8,148.2,151.6,101.8,51.7,28.5,17.7,7.9
2927,59.586,0.000,2827.1,215.3,-1.1,4,16470,1.000,0.000,-0.031,-0.085,-0.007,143.6,-3.5,0,0.15,0.000,145.6,306.3,1.000,9.1,19.6,30.3,50.5,84.6,121.8,130.0,135.1,138.2,141.0,143.6,146.0,149.1,152.4,87.8,47.9,27.3,17.2,7.8
2928,59.606,0.000,2828.3,215.9,0.4,4,16509,1.000,0.000,0.169,-0.085,0.000,144.4,-3.6,0,0.04,0.850,144.4,307.1,1.000,9.2,20.0,31.3,53.5,93.6,125.7,132.1,136.6,139.4,142.0,144.4,146.7,149.6,152.7,78.5,45.0,26.4,16.9,7.8
2929,59.626,0.000,2829.5,216.5,1.4,4,16532,1.000,0.000,0.018,-0.084,0.002,143.7,-3.6,0,0.01,0.000,143.7,307.1,1.000,9.2,20.1,31.6,54.3,96.0,125.6,131.7,136.1,138.8,141.3,143.7,145.9,148.8,151.9,76.6,44.4,26.2,16.8,7.8
2930,59.646,0.000,2830.7,217.1,0.6,4,16556,1.000,0.000,0.218,-0.083,-0.002,141.3,-4.6,0,0.07,0.850,141.9,305.6,1.000,9.2,19.8,30.9,52.4,90.3,122.4,128.9,133.5,136.3,138.9,141.3,143.6,146.5,149.7,81.5,46.0,26.7,17.0,7.8
2931,59.666,0.000,2831.9,217.7,0.2,4,16595,1.000,0.000,0.018,-0.082,-0.008,138.4,-4.2,0,0.17,0.000,140.7,302.8,1.000,9.1,19.5,30.0,49.8,83.1,117.5,125.2,130.1,133.1,135.9,138.4,140.8,143.8,147.0,89.8,48.5,27.6,17.3,7.9
2932,59.686,0.000,2833.1,218.2,-1.1,4,16645,1.000,0.000,0.218,-0.080,-0.017,134.6,-4.5,0,0.35,0.850,139.4,299.1,1.000,9.0,19.0,28.8,46.6,74.5,106.4,119.8,125.5,128.9,131.9,134.6,137.1,140.4,143.7,105.2,52.7,28.9,17.9,7.9
2933,59.706,0.000,2834.4,218.8,-1.7,4,16746,1.000,0.000,0.018,-0.077,-0.025,130.9,-2.6,0,0.68,0.000,138.1,300.7,1.000,8.9,18.5,27.8,43.9,68.0,93.6,113.4,120.8,124.7,128.0,130.9,133.6,137.0,140.5,146.4,57.3,30.3,18.4,8.0
2934,59.726,0.000,2835.6,219.3,-2.8,4,16800,1.000,0.000,0.218,-0.073,-0.035,126.4,-2.8,0,0.84,0.850,136.9,295.8,1.000,8.8,18.0,26.6,41.1,61.5,81.8,99.4,114.3,119.3,123.1,126.4,129.4,133.1,136.8,143.0,64.0,32.1,19.0,8.2
2935,59.746,0.000,2836.8,219.9,-3.1,4,16839,1.000,0.000,0.018,-0.068,-0.044,122.0,-2.2,0,1.01,0.000,135.5,292.0,1.000,8.7,17.5,25.6,38.8,56.6,73.6,87.6,105.1,113.5,118.3,122.0,125.3,129.3,133.3,139.8,71.2,33.9,19.7,8.3
2936,59.766,0.000,2838.0,220.4,-4.0,4,16880,1.000,0.000,-0.182,-0.061,-0.053,116.8,-2.9,0,1.24,-0.850,116.8,288.1,1.000,8.6,17.0,24.6,36.6,52.0,66.1,77.2,90.6,103.4,112.0,116.8,120.6,125.0,129.4,136.3,81.4,36.1,20.5,8.4
2937,59.786,0.000,2839.2,221.0,-4.3,4,16897,1.000,0.000,-0.300,-0.054,-0.055,114.9,-3.4,0,1.29,0.000,114.9,286.3,1.000,8.5,16.8,24.2,36.0,51.0,64.6,75.2,88.0,100.1,109.9,114.9,118.7,123.2,127.6,134.6,83.9,36.8,20.7,8.5
2938,59.806,0.000,2840.5,221.6,-2.9,4,16908,1.000,0.000,-0.240,-0.047,-0.044,118.3,-3.6,0,1.04,0.000,131.5,288.8,1.000,8.5,17.1,25.1,38.0,55.4,72.0,85.6,102.7,110.1,114.6,118.3,121.5,125.4,129.3,135.7,73.0,34.7,20.1,8.5
2939,59.826,0.000,2841.7,222.1,-0.1,4,16967,1.000,0.000,-0.142,-0.041,-0.025,123.3,-3.6,0,0.70,0.000,130.3,293.0,1.000,8.6,17.9,26.8,42.5,65.7,90.6,107.4,113.9,117.4,120.5,123.3,125.9,129.2,132.6,138.3,59.5,31.4,19.1,8.4
2940,59.846,0.000,2842.9,222.6,2.8,4,17031,1.000,0.000,-0.030,-0.036,-0.006,127.5,-3.4,0,0.19,0.000,129.0,290.8,1.000,8.7,18.8,29.1,48.8,82.4,109.7,115.8,120.0,122.7,125.2,127.5,129.7,132.6,135.6,90.2,49.7,28.6,18.1,8.2
2941,59.866,0.000,2844.2,223.1,5.0,4,17076,1.000,0.000,0.170,-0.033,0.009,129.9,-3.4,0,-0.05,0.850,129.9,294.3,1.000,8.8,19.6,31.2,55.1,101.5,115.0,119.7,123.3,125.7,127.9,129.9,131.9,134.5,137.3,73.3,44.2,26.7,17.3,8.1
2942,59.886,0.000,2845.4,223.7,5.8,4,17078,1.000,0.000,0.073,-0.030,0.014,129.6,-4.1,0,-0.11,0.000,129.6,294.9,1.000,8.9,19.8,31.8,57.2,104.0,115.5,119.9,123.3,125.5,127.6,129.6,131.6,134.1,136.8,69.5,42.9,26.3,17.2,8.1
2943,59.906,0.000,2846.7,224.3,4.0,4,17073,1.000,0.000,0.042,-0.028,0.008,127.0,-5.7,0,-0.03,0.000,127.0,292.4,1.000,8.8,19.4,30.8,54.1,98.8,112.2,116.9,120.4,122.7,124.9,127.0,128.9,131.5,134.3,75.0,44.9,27.0,17.5,8.2
2944,59.926,0.000,2847.9,225.0,2.0,4,17108,1.000,0.000,0.242,-0.027,0.001,124.0,-6.1,0,0.09,0.850,124.0,288.9,1.000,8.7,19.0,29.7,50.9,89.3,108.3,113.4,117.2,119.6,121.9,124.0,126.0,128.7,131.5,82.8,47.6,28.0,17.9,8.3
2945,59.946,0.000,2849.2,225.5,0.8,4,17173,1.000,0.000,0.042,-0.025,-0.009,120.3,-5.0,0,0.48,0.000,122.5,290.7,1.000,8.6,18.4,28.4,47.0,78.2,103.0,108.9,113.0,115.7,118.1,120.3,122.5,125.3,128.3,133.3,51.8,29.4,18.5,8.3
2946,59.966,0.000,2850.4,226.0,-1.3,4,17243,1.000,0.000,0.242,-0.022,-0.022,115.7,-4.8,0,0.64,0.850,121.2,285.1,1.000,8.5,17.7,26.8,42.8,67.2,93.8,102.6,107.6,110.6,113.3,115.7,118.1,121.1,124.2,129.6,58.4,31.4,19.2,8.5
2947,59.986,0.000,2851.7,226.6,-2.4,4,17303,1.000,0.000,0.042,-0.018,-0.033,111.2,-3.6,0,0.83,0.000,119.9,279.5,1.000,8.4,17.1,25.4,39.5,59.5,79.7,95.2,101.9,105.4,108.5,111.2,113.7,117.0,120.3,126.0,66.2,33.6,20.0,8.6
2948,60.006,0.000,2852.9,227.0,-3.8,4,17362,1.000,0.000,0.177,-0.013,-0.045,106.0,-3.7,0,1.10,0.850,118.4,273.7,1.000,8.2,16.5,24.1,36.4,52.9,68.3,81.0,94.1,99.1,102.8,106.0,108.8,112.4,116.0,122.0,77.2,36.3,21.0,8.8
2949,60.026,0.000,2854.2,227.5,-4.4,4,17407,1.000,0.000,-0.023,-0.006,-0.056,100.9,-3.0,0,1.82,0.000,100.9,282.0,1.000,8.1,16.0,23.0,34.1,48.1,60.7,70.6,82.3,91.9,97.1,100.9,104.2,108.1,112.0,118.4,128.7,39.0,21.9,8.9
2950,60.046,0.000,2855.5,228.1,-5.2,4,17441,1.000,0.000,-0.146,0.002,-0.065,95.8,-3.7,0,2.01,0.470,95.8,278.1,1.000,8.0,15.5,22.1,32.2,44.6,55.2,63.4,72.7,81.3,90.7,95.8,99.6,104.0,108.2,114.9,125.6,41.8,22.8,9.1
2951,60.066,0.000,2856.7,228.6,-5.0,4,17446,1.000,0.000,-0.148,0.011,-0.064,94.9,-4.7,0,2.00,0.470,94.9,276.6,1.000,7.9,15.4,22.0,32.0,44.4,55.1,63.3,72.7,81.4,90.1,94.9,98.6,102.9,107.1,113.7,124.3,41.9,23.0,9.2
2952,60.086,0.000,2858.0,229.3,-3.0,4,17454,1.000,0.000,-0.098,0.020,-0.054,97.9,-5.7,0,1.80,0.470,97.9,277.5,1.000,7.9,15.6,22.6,33.5,47.6,60.3,70.4,82.4,90.0,94.4,97.9,101.0,104.7,108.4,114.6,124.7,39.5,22.3,9.2
2953,60.106,0.000,2859.3,229.8,-0.4,4,17492,1.000,0.000,-0.016,0.029,-0.041,101.0,-6.0,0,1.08,0.470,111.5,266.4,1.000,7.9,16.0,23.5,35.9,52.7,68.9,82.4,91.2,95.0,98.2,101.0,103.5,106.8,110.2,115.9,76.2,36.8,21.5,9.1
2954,60.126,0.000,2860.6,230.4,1.5,4,17536,1.000,0.000,0.184,0.037,-0.031,102.5,-6.0,0,0.89,0.850,110.2,267.7,1.000,7.9,16.3,24.2,37.8,57.2,77.1,88.7,94.1,97.2,100.0,102.5,104.8,107.8,111.0,116.3,68.7,35.1,21.0,9.1
2955,60.146,0.000,2861.8,231.0,2.3,4,17566,1.000,0.000,-0.016,0.046,-0.030,101.5,-5.7,0,0.89,0.000,108.8,266.6,1.000,7.9,16.2,24.1,37.7,57.4,77.6,88.2,93.3,96.3,99.0,101.5,103.7,106.7,109.8,115.1,68.3,35.2,21.1,9.2
2956,60.166,0.000,2863.1,231.5,0.9,4,17597,1.000,0.000,0.184,0.054,-0.036,98.6,-6.4,0,1.02,0.850,107.4,263.6,1.000,7.8,15.8,23.4,36.1,53.8,71.5,84.1,90.0,93.2,96.0,98.6,100.9,104.0,107.2,112.6,73.3,36.6,21.7,9.3
2957,60.186,0.000,2864.4,232.1,0.3,4,17642,1.000,0.000,-0.016,0.063,-0.042,95.5,-6.0,0,1.19,0.000,105.9,260.1,1.000,7.6,15.4,22.6,34.4,50.5,65.9,78.7,86.2,89.8,92.8,95.5,98.0,101.1,104.4,110.0,79.8,38.2,22.3,9.4
2958,60.206,0.000,2865.7,232.6,-1.2,4,17694,1.000,0.000,0.080,0.072,-0.050,91.6,-6.1,0,1.77,0.850,104.4,269.0,1.000,7.5,14.9,21.7,32.4,46.5,59.4,69.7,80.6,85.2,88.6,91.6,94.3,97.6,101.1,106.8,116.4,40.6,23.2,9.6
2959,60.226,0.000,2867.0,233.1,-1.6,4,17739,1.000,0.000,-0.120,0.082,-0.056,88.4,-6.0,0,1.89,0.000,88.4,265.5,1.000,7.4,14.6,21.0,31.1,43.9,55.4,64.4,75.1,81.3,85.2,88.4,91.2,94.7,98.3,104.2,114.0,42.5,23.9,9.7
2960,60.246,0.000,2868.3,233.7,-2.3,4,17776,1.000,0.000,-0.320,0.093,-0.059,86.2,-6.0,0,1.96,0.000,86.2,262.6,1.000,7.3,14.3,20.5,30.3,42.5,53.3,61.7,71.6,78.6,82.8,86.2,89.1,92.6,96.2,102.2,112.0,43.7,24.3,9.9
2961,60.266,0.000,2869.6,234.2,-1.6,4,17806,1.000,0.000,-0.315,0.103,-0.051,87.5,-5.3,0,1.82,0.000,100.1,262.2,1.000,7.3,14.4,20.9,31.3,44.8,57.2,67.2,77.2,81.4,84.7,87.5,90.1,93.4,96.8,102.4,111.9,41.8,23.9,9.9
2962,60.286,0.000,2870.9,234.7,0.6,4,17859,1.000,0.000,-0.227,0.112,-0.034,90.9,-4.4,0,1.55,0.000,98.8,263.7,1.000,7.3,14.9,22.1,34.3,51.4,68.7,78.3,83.1,86.0,88.5,90.9,93.1,95.9,99.0,104.1,113.0,38.2,22.8,9.8
2963,60.306,0.000,2872.2,235.0,3.2,4,17933,1.000,0.000,-0.107,0.119,-0.014,94.2,-3.9,0,0.76,0.000,97.3,253.8,1.000,7.4,15.6,23.8,38.8,62.8,79.5,84.3,87.8,90.1,92.2,94.2,96.1,98.7,101.4,106.1,62.4,34.7,21.5,9.6
2964,60.326,0.000,2873.5,235.4,5.6,4,18003,1.000,0.000,-0.012,0.125,0.004,96.7,-3.7,0,0.51,0.000,96.7,255.7,1.000,7.5,16.3,25.7,44.5,75.2,84.3,88.1,91.1,93.0,94.9,96.7,98.5,100.8,103.3,107.7,53.7,31.9,20.5,9.5
2965,60.346,0.000,2874.8,235.9,7.0,4,18046,1.000,0.000,0.052,0.129,0.016,97.8,-3.9,0,0.38,0.000,97.8,256.3,1.000,7.5,16.9,27.2,49.5,78.9,86.4,89.8,92.5,94.3,96.1,97.8,99.4,101.6,104.0,108.2,49.1,30.3,19.9,9.4
2966,60.366,0.000,2876.1,236.5,6.9,4,18047,1.000,0.000,0.072,0.131,0.020,97.1,-4.9,0,0.34,0.000,97.1,254.6,1.000,7.5,17.0,27.7,51.3,79.1,86.2,89.4,92.0,93.8,95.5,97.1,98.7,100.8,103.2,107.3,47.8,29.8,19.7,9.4
2967,60.386,0.000,2877.4,237.1,5.3,4,18042,1.000,0.000,0.054,0.133,0.017,95.1,-6.1,0,0.38,0.000,95.1,251.0,1.000,7.5,16.8,27.2,49.6,77.0,84.1,87.3,90.0,91.7,93.4,95.1,96.7,98.8,101.2,105.3,49.0,30.3,19.9,9.5
2968,60.406,0.000,2878.8,237.6,3.1,4,18082,1.000,0.000,0.019,0.133,0.010,92.4,-6.4,0,0.46,0.000,92.4,246.1,1.000,7.4,16.5,26.3,46.5,73.8,81.2,84.5,87.2,89.0,90.7,92.4,94.0,96.2,98.6,102.8,51.6,31.2,20.3,9.5
2969,60.426,0.000,2880.1,238.2,1.2,4,18126,1.000,0.000,-0.014,0.134,0.004,89.9,-6.3,0,0.54,0.000,89.9,240.6,1.000,7.4,16.1,25.5,44.0,70.7,78.5,81.9,84.6,86.4,88.2,89.9,91.5,93.7,96.1,100.3,54.1,32.1,20.7,9.6
2970,60.446,0.000,2881.4,238.8,0.1,4,18160,0.000,0.000,-0.031,0.134,0.001,87.9,-6.4,0,0.58,0.000,87.9,236.9,1.000,7.4,16.0,25.1,42.9,68.7,76.5,79.9,82.6,84.4,86.2,87.9,89.5,91.7,94.1,98.3,55.5,32.6,20.9,9.6
2971,60.466,0.000,2882.7,238.6,-0.2,4,17605,0.000,0.049,-0.030,0.134,0.001,86.6,-20.1,0,0.58,0.000,86.6,235.2,0.693,7.4,16.0,25.1,42.9,67.9,75.4,78.7,81.4,83.2,84.9,86.6,88.2,90.3,92.7,96.9,55.5,32.6,20.8,9.6
2972,60.486,0.000,2884.1,237.9,0.1,4,17534,0.000,0.090,-0.018,0.133,0.003,85.6,-19.2,0,0.56,0.000,85.6,233.7,0.478,7.4,16.1,25.4,43.8,67.7,74.8,78.0,80.6,82.3,84.0,85.6,87.2,89.3,91.7,95.8,54.4,32.2,20.7,9.6
2973,60.506,0.000,2885.4,237.1,0.5,4,17459,0.000,0.053,-0.003,0.132,0.006,84.8,-18.2,0,0.52,0.000,84.8,233.7,0.328,7.4,16.3,25.8,44.9,67.7,74.3,77.4,79.9,81.6,83.2,84.8,86.3,88.4,90.7,94.7,53.2,31.8,20.5,9.6
2974,60.526,0.000,2886.7,236.4,0.8,4,17408,0.000,0.108,0.008,0.132,0.008,83.8,-19.2,0,0.49,0.000,83.8,231.9,0.222,7.4,16.4,26.1,45.8,67.3,73.7,76.6,79.0,80.7,82.3,83.8,85.3,87.4,89.6,93.6,52.3,31.5,20.4,9.5
2975,60.546,0.000,2888.0,235.6,0.9,4,17328,0.000,0.112,0.013,0.131,0.009,82.6,-18.1,0,0.48,0.000,82.6,231.0,0.149,7.4,16.5,26.2,46.2,66.6,72.7,75.6,77.9,79.6,81.1,82.6,84.1,86.1,88.3,92.3,51.9,31.3,20.3,9.5
2976,60.566,0.000,2889.3,234.7,0.7,4,17265,0.000,0.082,0.011,0.129,0.009,81.3,-17.8,0,0.49,0.000,81.3,230.7,0.097,7.5,16.5,26.2,46.1,65.5,71.5,74.3,76.6,78.2,79.8,81.3,82.7,84.7,86.9,90.8,52.0,31.3,20.3,9.5
2977,60.586,0.000,2890.6,233.8,0.4,4,17219,0.000,0.095,0.006,0.128,0.008,79.8,-18.2,0,0.50,0.000,79.8,229.6,0.061,7.5,16.4,26.1,45.8,64.3,70.1,72.9,75.2,76.7,78.3,79.8,81.2,83.2,85.3,89.2,52.3,31.4,20.3,9.5
2978,60.606,0.000,2891.9,233.0,0.2,4,17155,0.000,0.180,0.001,0.127,0.007,78.3,-17.9,0,0.52,0.000,78.3,227.1,0.000,7.5,16.4,26.0,45.4,63.1,68.8,71.5,73.8,75.3,76.8,78.3,79.7,81.6,83.8,87.6,53.0,31.5,20.4,9.5
2979,60.626,0.000,2893.2,232.1,0.0,4,17046,0.000,0.254,-0.003,0.126,0.006,76.9,-16.0,0,0.55,0.000,76.9,224.7,0.000,7.5,16.4,26.0,45.3,62.1,67.6,70.2,72.4,73.9,75.4,76.9,78.3,80.2,82.3,86.1,55.0,31.6,20.4,9.5
2980,60.646,0.000,2894.5,230.9,-0.0,4,16924,0.050,0.000,-0.019,0.124,0.006,75.6,-14.3,0,1.02,0.000,75.6,233.4,0.050,7.5,16.4,26.0,45.4,61.1,66.4,69.0,71.2,72.7,74.1,75.6,76.9,78.8,80.9,84.6,91.6,31.5,20.4,9.5
2981,60.666,0.000,2895.8,230.1,0.0,4,17000,0.100,0.000,-0.013,0.123,0.007,74.4,-18.7,0,1.01,0.000,74.4,231.3,0.100,7.5,16.5,26.2,45.9,60.4,65.5,68.0,70.2,71.6,73.0,74.4,75.8,77.6,79.7,83.4,90.2,31.3,20.3,9.5
2982,60.686,0.000,2897.0,229.6,0.2,4,16992,0.000,0.000,-0.003,0.121,0.009,73.4,-18.3,0,0.98,0.000,73.4,229.3,0.100,7.5,16.6,26.5,46.6,59.8,64.7,67.2,69.2,70.7,72.0,73.4,74.7,76.6,78.6,82.2,89.0,31.0,20.1,9.4
2983,60.706,0.000,2898.3,229.1,0.5,4,16905,0.000,0.000,0.005,0.120,0.010,72.3,-19.5,0,0.96,0.000,72.3,227.2,0.100,7.6,16.7,26.7,46.9,59.1,63.9,66.2,68.2,69.6,71.0,72.3,73.6,75.4,77.4,81.0,87.7,30.8,20.0,9.4
2984,60.726,0.000,2899.6,228.6,0.5,4,16866,0.000,0.068,0.008,0.118,0.011,71.1,-19.5,0,0.95,0.000,71.1,224.9,0.063,7.6,16.8,26.9,46.8,58.2,62.9,65.2,67.1,68.5,69.8,71.1,72.4,74.2,76.1,79.7,86.3,30.7,20.0,9.4
2985,60.746,0.000,2900.8,227.9,0.4,4,16791,0.000,0.157,0.008,0.116,0.011,69.8,-18.0,0,0.95,0.000,69.8,222.5,0.000,7.6,16.8,26.9,46.4,57.2,61.7,64.0,65.9,67.2,68.5,69.8,71.1,72.8,74.7,78.2,84.8,30.6,19.9,9.4
2986,60.766,0.000,2902.1,227.1,0.3,4,16689,0.000,0.240,0.006,0.114,0.010,68.4,-15.9,0,0.95,0.000,68.4,220.0,0.000,7.6,16.8,26.9,45.8,56.1,60.5,62.7,64.6,65.9,67.2,68.4,69.7,71.4,73.3,76.7,83.2,30.6,19.9,9.4
2987,60.786,0.000,2903.4,226.0,0.1,4,16570,0.000,0.313,0.003,0.112,0.010,67.1,-13.9,0,0.95,0.000,67.1,217.4,0.000,7.6,16.8,26.9,45.1,55.0,59.3,61.4,63.3,64.6,65.8,67.1,68.3,70.0,71.8,75.3,81.7,30.7,19.9,9.3
2988,60.806,0.000,2904.6,224.6,0.0,4,16437,0.000,0.374,0.001,0.110,0.009,65.7,-12.2,0,0.95,0.000,65.7,214.9,0.000,7.6,16.9,26.9,44.5,54.0,58.1,60.2,62.0,63.3,64.5,65.7,66.9,68.6,70.4,73.8,80.2,30.7,19.9,9.3
2989,60.826,0.000,2905.9,223.1,-0.0,4,16294,0.000,0.423,-0.000,0.108,0.009,64.4,-11.3,0,0.95,0.000,64.4,212.4,0.000,7.6,16.9,26.9,43.9,53.0,57.0,59.0,60.8,62.0,63.2,64.4,65.6,67.2,69.1,72.4,78.7,30.7,19.9,9.3
2990,60.846,0.000,2907.1,221.4,-0.0,4,16146,0.000,0.464,0.000,0.106,0.009,63.2,-10.2,0,0.95,0.000,63.2,209.9,0.000,7.7,16.9,27.0,43.3,52.0,55.9,57.9,59.6,60.8,62.0,63.2,64.3,65.9,67.7,71.0,77.2,30.6,19.9,9.3
2991,60.866,0.000,2908.3,219.6,0.0,4,16006,0.000,0.498,0.002,0.104,0.009,62.0,-8.8,0,0.94,0.000,62.0,207.4,0.000,7.7,17.0,27.0,42.8,51.0,54.8,56.8,58.5,59.6,60.8,62.0,63.1,64.7,66.4,69.7,75.8,30.5,19.8,9.3
2992,60.886,0.000,2909.5,217.7,0.0,4,15846,0.000,0.528,0.003,0.102,0.010,60.7,-7.7,0,0.94,0.000,60.7,204.9,0.000,7.7,17.0,27.1,42.2,50.1,53.8,55.7,57.3,58.5,59.6,60.7,61.9,63.4,65.1,68.3,74.4,30.4,19.8,9.3
2993,60.906,0.000,2910.7,215.7,0.1,4,15680,0.000,0.556,0.003,0.100,0.010,59.5,-6.7,0,0.94,0.000,59.5,202.4,0.000,7.7,17.1,27.2,41.5,49.1,52.7,54.6,56.2,57.3,58.4,59.5,60.6,62.1,63.8,67.0,73.0,30.4,19.7,9.2
2994,60.926,0.000,2911.9,213.7,0.0,4,15510,0.000,0.582,0.003,0.099,0.010,58.3,-5.6,0,0.93,0.000,58.3,199.9,0.000,7.7,17.1,27.2,40.9,48.2,51.7,53.5,55.0,56.1,57.2,58.3,59.4,60.9,62.6,65.6,71.6,30.3,19.7,9.2
2995,60.946,0.000,2913.1,211.5,0.0,4,15334,0.000,0.604,0.003,0.097,0.010,57.1,-5.7,0,0.93,0.000,57.1,197.3,0.000,7.7,17.1,27.3,40.2,47.2,50.6,52.4,53.9,55.0,56.0,57.1,58.2,59.6,61.3,64.3,70.2,30.3,19.7,9.2
2996,60.966,0.000,2914.3,209.3,0.0,4,15159,0.000,0.625,0.003,0.095,0.009,55.9,-4.5,0,0.93,0.000,55.9,194.7,0.000,7.8,17.2,27.3,39.5,46.3,49.5,51.3,52.8,53.8,54.9,55.9,56.9,58.4,60.0,63.0,68.8,30.4,19.6,9.2
2997,60.986,0.000,2915.4,207.1,0.0,4,15010,0.000,0.644,0.003,0.093,0.009,54.7,-2.2,0,0.94,0.000,54.7,192.2,0.000,7.8,17.2,27.4,38.8,45.3,48.5,50.2,51.6,52.7,53.7,54.7,55.7,57.1,58.7,61.7,67.4,30.6,19.6,9.2
2998,61.006,0.000,2916.6,204.8,-0.0,4,14830,0.000,0.662,0.002,0.091,0.009,53.5,-0.3,0,0.95,0.000,53.5,189.6,0.000,7.8,17.2,27.4,38.1,44.4,47.5,49.1,50.5,51.5,52.5,53.5,54.5,55.9,57.5,60.4,66.0,31.1,19.6,9.2
2999,61.026,0.000,2917.7,202.6,-0.0,4,14636,0.000,0.679,0.001,0.090,0.009,52.4,1.6,0,0.97,0.000,52.4,187.0,0.000,7.8,17.2,27.3,37.4,43.5,46.5,48.1,49.4,50.4,51.4,52.4,53.4,54.7,56.2,59.1,64.7,32.2,19.6,9.2
3000,61.046,0.000,2918.8,200.3,-0.0,4,14440,0.000,0.695,-0.199,0.088,0.009,51.2,3.9,0,2.12,-0.396,51.2,184.4,0.000,7.8,17.3,27.2,36.7,42.6,45.5,47.0,48.4,49.3,50.3,51.2,52.2,53.5,55.0,57.9,63.4,72.2,19.5,9.1
3001,61.066,0.000,2919.9,197.9,-0.2,4,14247,0.000,0.679,-0.318,0.086,0.012,50.4,8.4,0,2.10,-0.440,50.4,182.4,0.000,7.9,17.5,27.3,36.4,42.0,44.8,46.3,47.6,48.6,49.5,50.4,51.4,52.7,54.2,56.9,62.4,71.1,19.3,9.1
3002,61.086,0.000,2921.0,195.7,0.5,4,14073,0.000,0.590,-0.295,0.083,0.023,50.5,16.5,0,2.02,-0.469,50.5,181.9,0.000,8.0,18.1,28.0,36.8,42.2,45.0,46.4,47.7,48.6,49.5,50.5,51.4,52.6,54.1,56.8,62.1,70.7,18.7,9.0
3003,61.106,0.000,2922.1,193.4,2.0,4,13950,0.000,0.456,-0.095,0.079,0.038,50.9,17.6,0,0.74,0.000,50.9,182.4,0.000,8.1,19.1,29.1,37.6,42.9,45.6,47.0,48.2,49.1,50.0,50.9,51.8,53.1,54.5,57.1,62.4,28.7,17.9,8.8
3004,61.126,0.000,2923.2,191.2,3.6,4,13885,0.000,0.326,0.105,0.073,0.053,51.3,8.1,0,0.61,0.000,51.3,182.8,0.000,8.3,20.2,30.1,38.3,43.5,46.1,47.5,48.7,49.6,50.5,51.3,52.2,53.4,54.8,57.4,62.6,26.2,17.1,8.7
3005,61.146,0.000,2924.2,189.4,4.7,4,13809,0.000,0.280,0.241,0.067,0.062,51.1,-5.2,0,0.54,0.000,51.1,181.9,0.000,8.5,20.9,30.4,38.4,43.4,45.9,47.3,48.5,49.4,50.2,51.1,51.9,53.1,54.5,57.1,62.1,25.3,16.7,8.5
3006,61.166,0.000,2925.3,188.1,4.5,4,13734,0.000,0.378,0.227,0.061,0.058,49.6,-7.2,0,0.59,0.000,49.6,178.6,0.000,8.5,20.7,29.6,37.2,42.1,44.6,45.9,47.1,47.9,48.8,49.6,50.5,51.6,53.0,55.5,60.5,27.0,16.7,8.5
3007,61.186,0.000,2926.3,186.7,2.5,4,13593,0.000,0.576,0.120,0.055,0.045,47.2,-5.3,0,1.86,0.000,47.2,173.3,0.000,8.4,19.8,28.0,35.2,39.9,42.3,43.6,44.7,45.5,46.4,47.2,48.0,49.2,50.5,53.0,57.9,66.0,17.2,8.6
3008,61.206,0.000,2927.3,184.9,-0.0,4,13342,0.000,0.782,0.040,0.050,0.028,44.6,-2.9,0,1.95,0.000,44.6,167.4,0.000,8.3,18.8,26.3,33.1,37.5,39.8,41.1,42.2,43.0,43.8,44.6,45.4,46.5,47.8,50.2,55.1,63.2,18.0,8.7
3009,61.226,0.000,2928.4,182.7,-2.1,4,13020,0.000,0.930,-0.160,0.045,0.014,42.3,5.5,0,2.03,-0.767,42.3,162.3,0.000,8.2,18.1,25.0,31.3,35.5,37.8,39.0,40.0,40.8,41.6,42.3,43.1,44.2,45.5,47.8,52.6,60.7,18.9,8.7
3010,61.246,0.000,2929.4,180.3,-3.3,4,12709,0.000,0.500,-0.360,0.040,0.007,40.7,21.3,0,2.08,-0.806,40.7,158.5,0.000,8.2,17.7,24.2,30.1,34.2,36.3,37.5,38.5,39.2,40.0,40.7,41.5,42.5,43.8,46.1,50.8,58.7,19.7,8.8
3011,61.266,0.000,2930.4,177.9,-3.3,4,12893,0.000,0.984,-0.507,0.036,0.010,39.9,22.9,0,2.07,-0.729,39.9,156.4,0.000,8.3,17.7,23.9,29.7,33.6,35.6,36.8,37.8,38.5,39.2,39.9,40.7,41.7,42.9,45.2,49.8,57.7,19.9,8.7
3012,61.286,0.000,2931.3,175.7,-2.0,4,12456,0.000,0.443,-0.350,0.031,0.021,40.0,46.7,0,2.01,-0.528,40.0,156.2,0.000,8.4,18.1,24.2,29.8,33.7,35.7,36.8,37.8,38.5,39.2,40.0,40.7,41.7,42.9,45.1,49.7,57.5,19.3,8.6
3013,61.306,0.000,2932.3,173.4,-0.1,4,12576,0.000,0.377,-0.400,0.026,0.037,40.3,41.3,0,1.93,-0.742,40.3,156.6,0.000,8.6,18.5,24.6,30.3,34.1,36.1,37.2,38.1,38.9,39.6,40.3,41.0,42.0,43.2,45.4,49.9,57.6,18.5,8.4
3014,61.326,0.000,2933.3,171.6,1.6,4,12462,0.000,0.316,-0.302,0.019,0.054,40.6,29.7,0,1.85,-0.674,40.6,157.2,0.000,8.8,19.0,25.1,30.7,34.5,36.5,37.6,38.5,39.2,39.9,40.6,41.4,42.4,43.5,45.7,50.2,57.8,17.6,8.2
3015,61.346,0.000,2934.2,169.7,3.0,4,12345,0.000,0.509,-0.305,0.012,0.071,41.0,13.6,0,1.78,-0.807,41.0,157.9,0.000,9.0,19.5,25.6,31.2,34.9,36.9,38.0,39.0,39.6,40.3,41.0,41.8,42.8,43.9,46.1,50.5,58.1,16.9,8.0
3016,61.366,0.000,2935.2,168.0,4.4,4,12054,0.000,0.377,-0.233,0.003,0.089,41.5,11.1,0,1.70,-0.803,41.5,158.8,0.000,9.3,20.0,26.2,31.7,35.5,37.4,38.5,39.5,40.1,40.8,41.5,42.2,43.2,44.4,46.5,50.9,58.4,16.1,7.8
3017,61.386,0.000,2936.1,166.2,5.9,3,14773,0.000,0.242,-0.162,-0.007,0.108,42.1,7.0,0,1.63,-0.810,42.1,159.7,0.000,9.6,20.5,26.7,32.3,36.0,38.0,39.1,40.0,40.7,41.4,42.1,42.8,43.7,44.9,47.0,51.4,58.8,15.3,7.6
3018,61.406,0.000,2937.0,164.8,7.1,3,14715,0.000,0.132,-0.090,-0.019,0.127,42.5,-0.7,0,1.57,-0.810,42.5,160.5,-0.007,9.9,21.0,27.2,32.8,36.5,38.5,39.5,40.5,41.1,41.8,42.5,43.2,44.2,45.3,47.4,51.8,59.1,14.6,7.4
3019,61.426,0.000,2937.9,163.8,7.7,3,14730,0.000,0.066,-0.030,-0.032,0.142,42.7,-9.6,0,1.52,-0.810,42.7,160.9,-0.012,10.2,21.3,27.6,33.1,36.8,38.7,39.8,40.7,41.4,42.1,42.7,43.4,44.4,45.5,47.6,52.0,59.2,14.1,7.3
3020,61.446,0.000,2938.8,163.1,8.0,3,14654,0.000,0.040,0.016,-0.047,0.155,42.7,-13.8,0,1.48,-0.810,42.7,160.6,-0.015,10.3,21.5,27.7,33.2,36.8,38.7,39.8,40.7,41.4,42.0,42.7,43.4,44.4,45.5,47.6,51.8,59.1,13.8,7.1
3021,61.466,0.000,2939.7,162.5,7.8,3,14612,0.000,0.058,0.044,-0.064,0.163,42.4,-15.0,0,1.46,-0.810,42.4,159.7,-0.018,10.5,21.5,27.6,33.0,36.6,38.4,39.5,40.4,41.0,41.7,42.4,43.0,44.0,45.1,47.2,51.4,58.6,13.6,6.9
3022,61.486,0.000,2940.6,162.0,7.3,3,14555,0.000,0.113,0.053,-0.082,0.168,41.7,-14.6,0,1.45,-0.810,41.7,158.1,-0.019,10.6,21.3,27.2,32.5,36.0,37.9,38.9,39.8,40.4,41.1,41.7,42.4,43.3,44.4,46.4,50.6,57.7,13.7,6.8
3023,61.506,0.000,2941.5,161.3,6.2,3,14473,0.000,0.191,0.046,-0.101,0.169,40.8,-13.5,0,1.45,-0.810,40.8,155.9,0.000,10.6,21.0,26.7,31.8,35.2,37.0,38.0,38.9,39.5,40.2,40.8,41.5,42.4,43.4,45.5,49.6,56.6,13.9,6.7
3024,61.526,0.000,2942.4,160.5,5.0,3,14364,0.000,0.276,0.030,-0.121,0.167,39.8,-11.7,0,1.46,-0.810,39.8,153.4,0.000,10.6,20.6,26.1,31.0,34.3,36.1,37.0,37.9,38.5,39.1,39.8,40.4,41.3,42.4,44.3,48.4,55.4,14.3,6.7
3025,61.546,0.000,2943.3,159.5,3.8,3,14228,0.000,0.354,-0.056,-0.140,0.150,38.7,-9.5,0,1.48,-0.810,38.7,150.8,0.000,10.6,20.2,25.4,30.2,33.4,35.1,36.0,36.9,37.5,38.1,38.7,39.3,40.2,41.2,43.2,47.2,54.1,14.8,6.6
3026,61.566,0.000,2944.2,158.2,2.7,3,14110,0.000,0.409,-0.122,-0.158,0.134,37.7,-5.1,0,1.50,-0.810,37.7,148.5,0.000,10.5,19.8,24.9,29.4,32.6,34.2,35.1,36.0,36.5,37.1,37.7,38.4,39.2,40.2,42.1,46.1,52.9,15.5,6.5
3027,61.586,0.000,2945.1,156.8,1.9,3,13964,0.000,0.431,-0.174,-0.174,0.121,37.0,-0.9,0,1.51,-0.810,37.0,146.6,0.000,10.5,19.6,24.5,28.9,31.9,33.6,34.5,35.3,35.8,36.4,37.0,37.6,38.4,39.4,41.3,45.2,51.9,16.1,6.5
3028,61.606,0.000,2945.9,155.3,1.6,3,13799,0.000,0.422,-0.211,-0.190,0.112,36.5,1.9,0,1.51,-0.810,36.5,145.3,0.000,10.6,19.4,24.2,28.5,31.5,33.1,34.0,34.8,35.3,35.9,36.5,37.1,37.9,38.9,40.7,44.6,51.2,16.5,6.4
3029,61.626,0.000,2946.8,153.7,1.6,3,13633,0.000,0.382,-0.232,-0.204,0.105,36.2,2.1,0,1.51,-0.810,36.2,144.5,0.000,10.6,19.3,24.1,28.3,31.3,32.9,33.7,34.5,35.1,35.6,36.2,36.8,37.6,38.6,40.4,44.2,50.8,16.7,6.3
3030,61.646,0.000,2947.7,152.1,2.1,3,13486,0.000,0.317,-0.236,-0.216,0.103,36.1,-0.3,0,1.48,-0.810,36.1,144.2,0.000,10.7,19.4,24.1,28.3,31.2,32.8,33.7,34.4,35.0,35.6,36.1,36.7,37.5,38.5,40.3,44.1,50.7,16.5,6.3
3031,61.666,0.000,2948.5,150.6,2.8,3,13375,0.000,0.235,-0.226,-0.228,0.103,36.2,-3.0,0,1.45,-0.810,36.2,144.4,0.000,10.8,19.5,24.2,28.5,31.4,32.9,33.8,34.6,35.1,35.7,36.2,36.8,37.6,38.6,40.4,44.2,50.7,16.0,6.2
3032,61.686,0.000,2949.4,149.4,3.8,3,13301,0.000,0.146,-0.205,-0.240,0.106,36.5,-6.1,0,1.40,-0.810,36.5,145.0,-0.007,10.9,19.7,24.5,28.7,31.6,33.2,34.1,34.8,35.4,35.9,36.5,37.1,37.9,38.8,40.7,44.4,51.0,15.3,6.0
3033,61.706,0.000,2950.2,148.4,4.7,3,13292,0.000,0.061,-0.180,-0.250,0.109,36.8,-8.6,0,1.36,-0.810,36.8,145.7,-0.012,11.0,20.0,24.7,29.0,32.0,33.5,34.4,35.1,35.7,36.3,36.8,37.4,38.2,39.2,41.0,44.7,51.3,14.6,5.9
3034,61.726,0.000,2951.1,147.6,5.5,3,13280,0.000,0.000,-0.157,-0.261,0.113,37.1,-11.2,0,1.33,-0.810,37.1,146.3,0.000,11.2,20.2,25.0,29.3,32.2,33.8,34.7,35.4,36.0,36.6,37.1,37.7,38.5,39.5,41.3,45.0,51.6,14.1,5.8
3035,61.746,0.000,2951.9,147.1,6.2,3,13270,0.000,0.000,-0.137,-0.271,0.115,37.4,-13.2,0,1.30,-0.810,37.4,146.8,0.000,11.3,20.4,25.2,29.5,32.5,34.1,34.9,35.7,36.2,36.8,37.4,38.0,38.8,39.7,41.5,45.3,51.8,13.6,5.7
3036,61.766,0.000,2952.8,146.7,6.8,3,13226,0.045,0.000,-0.123,-0.280,0.117,37.5,-13.7,0,1.27,-0.810,37.5,147.1,0.050,11.4,20.5,25.4,29.7,32.7,34.2,35.1,35.9,36.4,37.0,37.5,38.1,38.9,39.9,41.7,45.4,51.9,13.2,5.7
3037,61.786,0.000,2953.6,146.3,7.3,3,13232,0.096,0.000,-0.114,-0.290,0.117,37.7,-13.0,0,1.25,-0.810,37.7,147.3,0.100,11.4,20.7,25.5,29.8,32.8,34.3,35.2,36.0,36.5,37.1,37.7,38.2,39.0,40.0,41.8,45.5,52.0,13.0,5.6
3038,61.806,0.000,2954.4,145.9,7.6,3,13260,0.147,0.000,-0.111,-0.298,0.117,37.7,-11.8,0,1.23,-0.810,37.7,147.3,0.150,11.5,20.7,25.6,29.9,32.8,34.4,35.2,36.0,36.6,37.1,37.7,38.3,39.1,40.0,41.8,45.5,52.0,12.8,5.5
3039,61.826,0.000,2955.3,145.7,7.7,3,13297,0.198,0.000,-0.114,-0.307,0.115,37.6,-10.5,0,1.22,-0.810,37.6,147.1,0.200,11.6,20.8,25.6,29.9,32.8,34.3,35.2,35.9,36.5,37.1,37.6,38.2,39.0,39.9,41.7,45.4,51.9,12.6,5.5
3040,61.846,0.000,2956.1,145.5,7.5,3,13336,0.248,0.000,-0.126,-0.315,0.111,37.4,-9.3,0,1.21,-0.810,37.4,146.6,0.250,11.6,20.7,25.5,29.7,32.6,34.2,35.0,35.8,36.3,36.9,37.4,38.0,38.8,39.7,41.5,45.2,51.6,12.6,5.4
3041,61.866,0.000,2956.9,145.4,7.1,3,13376,0.298,0.000,-0.147,-0.323,0.106,37.2,-8.1,0,1.21,-0.810,37.2,145.9,0.300,11.6,20.6,25.3,29.5,32.4,33.9,34.8,35.5,36.0,36.6,37.2,37.7,38.5,39.4,41.2,44.8,51.2,12.7,5.4
3042,61.886,0.000,2957.8,145.3,6.5,3,13422,0.000,0.000,-0.174,-0.330,0.100,36.8,-6.9,0,1.21,-0.810,36.8,145.0,0.300,11.6,20.5,25.1,29.3,32.1,33.6,34.4,35.2,35.7,36.2,36.8,37.3,38.1,39.0,40.8,44.4,50.7,12.9,5.3
3043,61.906,0.000,2958.6,145.1,5.9,3,13131,0.000,0.000,-0.200,-0.338,0.093,36.4,-12.2,0,1.21,-0.810,36.4,144.1,0.300,11.6,20.3,24.9,29.0,31.8,33.3,34.1,34.8,35.4,35.9,36.4,37.0,37.8,38.7,40.4,44.0,50.3,13.2,5.3
3044,61.926,0.000,2959.4,144.7,5.4,3,13075,0.000,0.000,-0.221,-0.344,0.088,36.1,-12.7,0,1.21,-0.810,36.1,143.4,0.300,11.6,20.2,24.7,28.8,31.5,33.0,33.8,34.6,35.1,35.6,36.1,36.7,37.5,38.4,40.1,43.6,49.9,13.3,5.3
3045,61.946,0.000,2960.3,144.3,5.1,3,13036,0.000,0.002,-0.236,-0.351,0.084,36.0,-12.8,0,1.20,-0.810,36.0,142.8,0.203,11.6,20.2,24.6,28.6,31.4,32.8,33.7,34.4,34.9,35.4,36.0,36.5,37.3,38.2,39.9,43.4,49.6,13.4,5.2
3046,61.966,0.000,2961.1,143.9,5.1,3,13001,0.000,0.000,-0.244,-0.357,0.081,35.8,-12.6,0,1.20,-0.810,35.8,142.5,0.203,11.6,20.2,24.6,28.6,31.3,32.8,33.6,34.3,34.8,35.3,35.8,36.4,37.1,38.0,39.7,43.3,49.5,13.4,5.2
3047,61.986,0.000,2961.9,143.5,5.0,3,12971,0.000,0.000,-0.249,-0.363,0.080,35.8,-12.5,0,1.19,-0.810,35.8,142.3,0.203,11.6,20.2,24.6,28.5,31.2,32.7,33.5,34.2,34.7,35.2,35.8,36.3,37.1,37.9,39.6,43.1,49.3,13.4,5.2
3048,62.006,0.000,2962.8,143.1,5.0,3,12932,0.000,0.000,-0.251,-0.369,0.078,35.7,-12.5,0,1.18,-0.810,35.7,142.1,0.203,11.7,20.2,24.6,28.5,31.2,32.7,33.5,34.2,34.7,35.2,35.7,36.3,37.0,37.9,39.6,43.1,49.2,13.3,5.1
3049,62.026,0.000,2963.6,142.7,5.2,3,12890,0.000,0.000,-0.252,-0.374,0.077,35.7,-12.5,0,1.17,-0.810,35.7,142.1,0.203,11.7,20.2,24.6,28.5,31.2,32.7,33.4,34.2,34.7,35.2,35.7,36.2,37.0,37.9,39.5,43.0,49.2,13.2,5.1
3050,62.046,0.000,2964.4,142.3,5.4,3,12847,0.000,0.000,-0.247,-0.380,0.078,35.8,-12.6,0,1.15,-0.810,35.8,142.1,0.203,11.7,20.3,24.6,28.6,31.3,32.7,33.5,34.2,34.7,35.2,35.8,36.3,37.0,37.9,39.6,43.1,49.2,13.0,5.0
3051,62.066,0.000,2965.2,141.8,5.7,3,12804,0.253,0.000,-0.236,-0.385,0.079,35.9,-12.7,0,1.14,-0.810,35.9,142.4,0.253,11.8,20.3,24.7,28.7,31.4,32.8,33.6,34.3,34.8,35.4,35.9,36.4,37.2,38.0,39.7,43.2,49.3,12.7,5.0
3052,62.086,0.000,2966.1,141.6,6.2,3,13025,0.303,0.000,-0.223,-0.390,0.081,36.0,-7.8,0,1.12,-0.810,36.0,142.7,0.303,11.9,20.5,24.9,28.8,31.5,33.0,33.8,34.5,35.0,35.5,36.0,36.6,37.3,38.2,39.9,43.3,49.4,12.4,4.9
3053,62.106,0.000,2966.9,141.4,6.6,3,13093,0.353,0.000,-0.211,-0.394,0.083,36.2,-6.0,0,1.10,-0.810,36.2,143.0,0.353,11.9,20.6,25.0,29.0,31.7,33.1,33.9,34.6,35.1,35.6,36.2,36.7,37.5,38.3,40.0,43.5,49.6,12.1,4.9
3054,62.126,0.000,2967.7,141.4,6.9,3,13142,0.403,0.000,-0.205,-0.399,0.084,36.2,-4.9,0,1.09,-0.810,36.2,143.1,0.403,12.0,20.6,25.1,29.0,31.7,33.2,34.0,34.7,35.2,35.7,36.2,36.8,37.5,38.4,40.1,43.5,49.6,12.0,4.9
3055,62.146,0.000,2968.5,141.4,6.9,3,13202,0.453,0.000,-0.206,-0.403,0.083,36.2,-3.6,0,1.08,-0.810,36.2,143.0,0.453,12.0,20.6,25.1,29.0,31.7,33.2,33.9,34.7,35.2,35.7,36.2,36.7,37.5,38.4,40.0,43.5,49.6,11.9,4.8
3056,62.166,0.000,2969.3,141.5,6.9,3,13272,0.503,0.000,-0.214,-0.407,0.081,36.1,-2.3,0,1.08,-0.810,36.1,142.7,0.503,12.0,20.6,25.0,28.9,31.6,33.1,33.8,34.5,35.1,35.6,36.1,36.6,37.4,38.2,39.9,43.3,49.4,11.9,4.8
3057,62.186,0.000,2970.2,141.7,6.7,3,13351,0.553,0.000,-0.224,-0.411,0.078,35.9,-0.9,0,1.08,-0.810,35.9,142.3,0.553,12.0,20.6,24.9,28.8,31.5,32.9,33.7,34.4,34.9,35.4,35.9,36.5,37.2,38.1,39.7,43.2,49.2,12.0,4.8
3058,62.206,0.000,2971.0,141.9,6.6,3,13435,0.603,0.000,-0.236,-0.415,0.075,35.8,0.5,0,1.07,-0.810,35.8,141.9,0.603,12.0,20.5,24.8,28.7,31.4,32.8,33.6,34.3,34.8,35.3,35.8,36.3,37.1,37.9,39.6,43.0,49.0,12.0,4.8
3059,62.226,0.000,2971.8,142.2,6.5,3,13526,0.000,0.000,-0.248,-0.419,0.072,35.6,2.0,0,1.07,-0.810,35.6,141.5,0.603,12.0,20.4,24.8,28.6,31.2,32.6,33.4,34.1,34.6,35.1,35.6,36.1,36.9,37.7,39.4,42.8,48.8,12.1,4.7
3060,62.246,0.000,2972.6,142.2,6.2,3,12906,0.000,0.000,-0.262,-0.422,0.068,35.4,-10.0,0,1.07,-0.810,35.4,141.0,0.603,12.0,20.4,24.6,28.5,31.1,32.5,33.2,33.9,34.4,34.9,35.4,36.0,36.7,37.5,39.2,42.6,48.5,12.3,4.7
3061,62.266,0.000,2973.5,141.8,5.8,3,12821,0.000,0.000,-0.281,-0.425,0.064,35.2,-11.5,0,1.07,-0.810,35.2,140.4,0.603,12.0,20.3,24.5,28.3,30.9,32.3,33.0,33.7,34.2,34.7,35.2,35.7,36.4,37.3,38.9,42.3,48.2,12.5,4.7
3062,62.286,0.000,2974.3,141.4,5.4,3,12779,0.000,0.007,-0.299,-0.428,0.060,35.0,-11.7,0,1.08,-0.810,35.0,139.9,0.415,11.9,20.2,24.4,28.1,30.7,32.1,32.8,33.5,34.0,34.5,35.0,35.5,36.2,37.0,38.7,42.0,47.9,12.7,4.7
3063,62.306,0.000,2975.1,140.9,5.1,3,12732,0.000,0.009,-0.313,-0.431,0.057,34.8,-11.5,0,1.08,-0.810,34.8,139.4,0.284,11.9,20.1,24.3,28.0,30.5,31.9,32.7,33.3,33.8,34.3,34.8,35.3,36.0,36.9,38.5,41.8,47.7,12.9,4.7
3064,62.326,0.000,2975.9,140.5,5.0,3,12686,0.000,0.000,-0.308,-0.433,0.056,34.8,-11.4,0,1.08,-0.793,34.8,139.2,0.284,11.9,20.1,24.2,28.0,30.5,31.9,32.6,33.3,33.8,34.3,34.8,35.3,36.0,36.8,38.4,41.7,47.7,12.9,4.7
3065,62.346,0.000,2976.8,140.0,5.2,3,12648,0.000,0.000,-0.305,-0.436,0.057,34.8,-11.8,0,1.08,-0.800,34.8,139.4,0.284,12.0,20.1,24.3,28.0,30.6,31.9,32.7,33.3,33.8,34.3,34.8,35.3,36.0,36.9,38.5,41.8,47.9,12.7,4.7
3066,62.366,0.000,2977.6,139.6,5.6,3,12603,0.334,0.000,-0.295,-0.438,0.059,35.0,-12.0,0,1.07,-0.803,35.0,139.7,0.334,12.0,20.2,24.4,28.1,30.7,32.1,32.8,33.5,34.0,34.5,35.0,35.5,36.2,37.0,38.6,41.9,48.2,12.4,4.6
3067,62.386,0.000,2978.4,139.3,6.1,3,12899,0.384,0.000,-0.282,-0.440,0.062,35.1,-5.7,0,1.07,-0.810,35.1,140.1,0.384,12.0,20.3,24.5,28.3,30.9,32.2,33.0,33.6,34.1,34.6,35.1,35.6,36.4,37.2,38.8,42.1,48.6,12.1,4.6
3068,62.406,0.000,2979.2,139.3,6.5,3,12978,0.434,0.000,-0.271,-0.443,0.064,35.3,-3.8,0,1.08,-0.810,35.3,140.4,0.434,12.1,20.4,24.6,28.4,31.0,32.4,33.1,33.8,34.3,34.8,35.3,35.8,36.5,37.3,38.9,42.3,49.0,11.9,4.6
3069,62.426,0.000,2980.0,139.3,6.7,3,13048,0.484,0.000,-0.265,-0.445,0.065,35.3,-2.3,0,1.08,-0.810,35.3,140.6,0.484,12.1,20.5,24.7,28.5,31.0,32.4,33.2,33.8,34.3,34.8,35.3,35.8,36.6,37.4,39.0,42.3,49.4,11.8,4.6
3070,62.446,0.000,2980.8,139.4,6.9,3,13131,0.534,0.000,-0.264,-0.447,0.065,35.3,-0.7,0,1.10,-0.810,35.3,140.6,0.534,12.1,20.5,24.7,28.5,31.0,32.4,33.2,33.8,34.3,34.8,35.3,35.8,36.5,37.4,39.0,42.4,49.7,11.7,4.5
3071,62.466,0.000,2981.6,139.6,6.9,3,13224,0.584,0.000,-0.265,-0.449,0.065,35.3,0.9,0,1.12,-0.810,35.3,140.7,0.584,12.1,20.5,24.7,28.5,31.0,32.4,33.2,33.8,34.3,34.8,35.3,35.8,36.5,37.4,39.0,42.4,50.0,11.6,4.5
3072,62.486,0.000,2982.5,139.8,7.1,3,13326,0.634,0.000,-0.265,-0.450,0.065,35.3,2.6,0,1.14,-0.810,35.3,140.9,0.634,12.2,20.5,24.7,28.5,31.0,32.4,33.2,33.8,34.3,34.8,35.3,35.8,36.5,37.4,38.9,42.5,50.4,11.6,4.5
3073,62.506,0.000,2983.3,140.0,7.3,3,13438,0.684,0.000,-0.267,-0.452,0.064,35.3,4.5,0,1.16,-0.810,35.3,141.1,0.684,12.2,20.5,24.7,28.5,31.0,32.4,33.1,33.8,34.3,34.8,35.3,35.8,36.5,37.3,38.9,42.6,50.9,11.6,4.5
3074,62.526,0.000,2984.1,140.4,7.4,3,13512,0.734,0.000,-0.271,-0.454,0.064,35.2,5.6,0,1.19,-0.810,35.2,141.3,0.734,12.2,20.5,24.7,28.4,31.0,32.3,33.1,33.8,34.2,34.7,35.2,35.7,36.4,37.3,38.9,42.7,51.3,11.6,4.5
3075,62.546,0.000,2984.9,140.8,7.4,3,13575,0.784,0.000,-0.281,-0.455,0.062,35.1,6.2,0,1.23,-0.810,35.1,141.3,0.784,12.1,20.4,24.6,28.3,30.9,32.2,33.0,33.6,34.1,34.6,35.1,35.6,36.3,37.1,38.8,42.7,51.7,11.7,4.5
3076,62.566,0.000,2985.8,141.3,7.2,3,13682,0.000,0.000,-0.298,-0.456,0.058,34.9,7.7,0,1.27,-0.810,34.9,141.2,0.784,12.1,20.3,24.5,28.2,30.7,32.0,32.8,33.4,33.9,34.4,34.9,35.4,36.1,36.9,38.6,42.6,51.9,11.9,4.5
3077,62.586,0.000,2986.6,141.4,6.8,3,12863,0.000,0.000,-0.320,-0.457,0.054,34.6,-8.4,0,1.31,-0.810,34.6,140.9,0.784,12.1,20.2,24.3,28.0,30.5,31.8,32.5,33.2,33.7,34.1,34.6,35.1,35.8,36.7,38.4,42.5,52.0,12.2,4.5
3078,62.606,0.000,2987.4,141.0,6.3,3,12744,0.000,0.000,-0.327,-0.457,0.050,34.4,-10.8,0,1.35,-0.783,34.4,140.7,0.784,12.0,20.1,24.2,27.8,30.3,31.6,32.3,33.0,33.4,33.9,34.4,34.9,35.6,36.5,38.2,42.4,52.3,12.6,4.5
3079,62.626,0.000,2988.2,140.5,6.0,3,12692,0.834,0.000,-0.337,-0.458,0.047,34.2,-11.3,0,1.41,-0.773,34.2,140.9,0.834,12.0,20.0,24.0,27.6,30.1,31.4,32.2,32.8,33.3,33.7,34.2,34.7,35.5,36.4,38.2,42.5,52.7,12.8,4.5
3080,62.646,0.000,2989.1,140.5,6.0,3,13561,0.884,0.000,-0.338,-0.458,0.046,34.2,5.6,0,1.47,-0.760,34.2,141.4,0.884,12.0,20.0,24.0,27.6,30.0,31.3,32.1,32.7,33.2,33.7,34.2,34.7,35.5,36.4,38.2,42.7,53.5,12.9,4.5
3081,62.666,0.000,2989.9,141.0,6.2,3,13796,0.934,0.000,-0.340,-0.458,0.046,34.2,10.2,0,1.55,-0.758,34.2,141.7,0.934,12.0,20.0,24.0,27.6,30.0,31.3,32.1,32.7,33.2,33.7,34.2,34.7,35.5,36.5,38.4,43.1,54.6,12.9,4.5
3082,62.686,0.000,2990.7,141.6,6.6,3,13972,0.000,0.000,-0.341,-0.458,0.046,34.3,13.1,0,1.64,-0.755,34.3,141.5,0.934,12.0,20.0,24.0,27.6,30.0,31.3,32.1,32.7,33.2,33.8,34.3,34.9,35.7,36.7,38.7,43.7,55.9,12.9,4.5
3083,62.706,0.000,2991.5,141.8,6.8,3,12941,0.984,0.000,-0.347,-0.458,0.045,34.4,-7.1,0,1.74,-0.754,34.4,142.5,0.984,12.0,19.9,24.0,27.5,30.0,31.3,32.0,32.7,33.3,33.8,34.4,34.9,35.8,36.8,39.0,44.2,57.2,13.0,4.5
3084,62.726,0.000,2992.4,142.0,6.7,3,13878,1.000,0.000,-0.355,-0.457,0.044,34.4,10.0,0,1.84,-0.746,34.4,143.3,1.000,12.0,19.9,23.9,27.4,29.9,31.2,32.0,32.7,33.2,33.8,34.4,35.0,35.9,36.9,39.2,44.6,58.5,13.2,4.5
3085,62.746,0.000,2993.2,142.5,7.0,3,14254,1.000,0.000,-0.357,-0.457,0.043,34.5,17.0,0,1.97,-0.735,34.5,144.6,1.000,12.0,19.8,23.8,27.4,29.8,31.2,32.0,32.8,33.3,33.9,34.5,35.1,36.1,37.2,39.5,45.2,60.2,13.4,4.6
3086,62.766,0.000,2994.0,143.1,7.7,3,14499,1.000,0.000,-0.357,-0.455,0.044,34.8,21.1,0,2.12,-0.732,34.8,146.5,1.000,12.0,19.9,23.8,27.4,29.9,31.3,32.2,33.0,33.5,34.2,34.8,35.4,36.4,37.6,40.1,46.2,62.6,13.3,4.6
3087,62.786,0.000,2994.9,143.8,8.5,3,14659,1.000,0.000,-0.354,-0.454,0.046,35.2,23.4,0,2.30,-0.732,35.2,149.1,1.000,12.0,19.9,23.9,27.5,30.1,31.6,32.5,33.3,33.9,34.5,35.2,35.9,37.0,38.2,40.9,47.5,65.7,13.2,4.6
3088,62.806,0.000,2995.7,144.5,9.4,3,14723,1.000,0.000,-0.354,-0.452,0.048,35.7,23.7,0,2.52,-0.736,35.7,152.1,1.000,12.0,19.9,24.0,27.6,30.3,31.9,32.8,33.7,34.3,35.0,35.7,36.5,37.6,38.9,41.8,49.0,69.6,13.1,4.6
3089,62.826,0.000,2996.6,145.1,10.2,3,14823,1.000,0.000,-0.356,-0.449,0.050,36.3,24.7,0,2.77,-0.737,36.3,155.4,1.000,12.0,20.0,24.0,27.7,30.5,32.2,33.2,34.1,34.8,35.5,36.3,37.1,38.3,39.7,42.8,50.7,74.1,13.0,4.6
3090,62.846,0.000,2997.4,145.8,11.0,3,14972,0.858,0.000,-0.359,-0.446,0.052,36.9,26.5,0,3.05,-0.734,36.9,159.1,1.000,12.0,20.0,24.0,27.8,30.7,32.5,33.6,34.6,35.3,36.1,36.9,37.7,39.0,40.6,43.9,52.6,79.3,13.0,4.6
3091,62.866,0.000,2998.3,146.3,11.7,3,14913,0.886,0.000,-0.362,-0.442,0.054,37.6,24.6,0,3.41,-0.729,37.6,163.7,1.000,12.0,20.0,24.0,27.9,31.1,33.0,34.1,35.1,35.9,36.8,37.6,38.6,39.9,41.6,45.3,54.9,86.2,13.0,4.6
3092,62.886,0.000,2999.1,146.8,12.6,3,15000,0.834,0.000,-0.366,-0.438,0.056,38.6,25.4,0,3.84,-0.726,38.6,169.3,1.000,12.0,20.0,24.1,28.2,31.5,33.5,34.7,35.9,36.7,37.6,38.6,39.6,41.1,42.9,46.9,57.8,95.4,13.0,4.7
3093,62.906,0.000,3000.0,147.2,13.5,3,15023,0.785,0.000,-0.372,-0.434,0.059,39.7,25.2,0,4.40,-0.720,39.7,176.4,1.000,11.9,20.0,24.2,28.5,32.1,34.2,35.5,36.7,37.7,38.7,39.7,40.8,42.4,44.5,49.0,61.5,108.0,12.9,4.7
3094,62.926,0.000,3000.8,147.6,14.3,3,14913,0.828,0.000,-0.383,-0.429,0.061,41.0,22.6,0,5.09,-0.712,41.0,184.8,1.000,11.9,20.1,24.3,28.9,32.7,35.0,36.4,37.7,38.7,39.8,41.0,42.2,44.0,46.3,51.3,65.8,125.3,12.9,4.7
3095,62.946,0.000,3001.7,148.0,14.9,3,14959,0.846,0.000,-0.402,-0.424,0.063,42.3,23.0,0,5.92,-0.696,42.3,194.4,1.000,11.9,20.0,24.4,29.2,33.3,35.8,37.3,38.7,39.8,41.0,42.3,43.6,45.6,48.2,53.8,70.6,148.9,13.0,4.7
3096,62.966,0.000,3002.6,148.3,15.4,3,15073,0.651,0.000,-0.427,-0.418,0.063,43.7,24.8,0,6.94,-0.672,43.7,205.7,1.000,11.9,20.0,24.5,29.6,33.9,36.6,38.2,39.8,41.0,42.3,43.7,45.1,47.4,50.2,56.6,76.3,183.4,13.2,4.8
3097,62.986,0.000,3003.5,148.6,15.9,3,14866,0.721,0.000,-0.376,-0.413,0.063,45.3,20.9,0,7.25,-0.551,45.3,220.2,1.000,11.8,19.9,24.6,30.0,34.6,37.5,39.3,41.0,42.4,43.8,45.3,46.9,49.4,52.6,60.0,83.4,200.0,13.5,4.8
3098,63.006,0.000,3004.3,148.8,16.3,3,14904,0.777,0.000,-0.267,-0.406,0.064,47.2,20.9,0,7.08,-0.344,47.2,235.0,1.000,11.8,19.9,24.8,30.4,35.4,38.6,40.6,42.4,43.9,45.5,47.2,49.0,51.8,55.5,64.0,92.6,200.0,13.7,4.9
3099,63.026,0.000,3005.2,149.0,16.7,3,15039,0.821,0.000,-0.167,-0.400,0.063,49.4,22.1,0,6.89,-0.162,49.4,252.9,1.000,11.7,19.9,25.0,31.0,36.3,39.8,42.0,44.1,45.7,47.5,49.4,51.4,54.6,58.9,68.9,104.6,200.0,14.1,5.0
3100,63.046,0.000,3006.1,149.4,17.1,3,15154,0.857,0.000,-0.161,-0.393,0.063,51.8,22.5,0,6.70,-0.162,51.8,296.9,1.000,11.7,19.9,25.2,31.6,37.3,41.1,43.5,45.8,47.7,49.6,51.8,54.2,57.9,62.8,74.6,120.6,200.0,14.5,5.0
3101,63.066,0.000,3006.9,149.8,17.3,3,15270,0.818,0.000,-0.089,-0.385,0.061,54.4,23.4,0,4.58,-0.153,54.4,301.2,1.000,11.6,19.9,25.4,32.1,38.3,42.5,45.1,47.7,49.7,52.0,54.4,57.1,61.3,67.0,81.2,141.6,121.3,14.9,5.1
3102,63.086,0.000,3007.8,150.2,17.4,3,15294,0.854,0.000,-0.068,-0.377,0.058,57.1,22.3,0,3.83,-0.138,57.1,228.8,1.000,11.5,19.8,25.6,32.6,39.3,43.8,46.7,49.6,51.8,54.3,57.1,60.1,65.0,71.6,88.7,169.8,76.7,15.3,5.2
3103,63.106,0.000,3008.7,150.7,17.4,3,15401,0.847,0.000,-0.080,-0.369,0.053,59.9,22.9,0,3.92,-0.122,59.9,242.1,1.000,11.4,19.7,25.7,33.1,40.3,45.2,48.3,51.5,54.0,56.8,59.9,63.4,69.0,76.7,97.3,200.0,60.3,15.6,5.3
3104,63.126,0.000,3009.6,151.2,17.3,3,15477,0.815,0.000,-0.082,-0.360,0.049,63.1,23.4,0,3.71,-0.101,63.1,257.5,1.000,11.3,19.7,25.8,33.6,41.3,46.6,50.1,53.6,56.4,59.6,63.1,67.0,73.5,82.7,107.9,200.0,51.5,15.9,5.4
3105,63.146,0.000,3010.4,151.7,17.2,3,15485,0.852,0.000,-0.085,-0.350,0.043,66.7,22.7,0,3.55,-0.076,66.7,364.9,1.000,11.1,19.6,26.0,34.2,42.4,48.2,52.0,55.9,59.1,62.6,66.7,71.2,78.8,89.7,121.2,200.0,46.0,16.1,5.5
3106,63.166,0.000,3011.3,152.2,16.9,3,15531,0.882,0.000,-0.090,-0.340,0.038,70.6,22.7,0,3.41,-0.045,70.6,364.9,1.000,11.0,19.6,26.1,34.7,43.5,49.9,54.1,58.4,62.0,66.0,70.6,75.9,84.8,98.0,138.2,200.0,42.3,16.3,5.6
3107,63.186,0.000,3012.2,152.9,16.5,3,15570,0.905,0.000,-0.097,-0.329,0.031,74.7,22.4,0,3.31,-0.006,74.7,364.9,1.000,10.9,19.5,26.2,35.2,44.6,51.5,56.1,61.0,64.9,69.5,74.7,80.8,91.3,107.1,159.0,200.0,40.0,16.6,5.8
3108,63.206,0.000,3013.1,153.5,16.0,3,15640,0.924,0.000,-0.027,-0.318,0.022,78.8,22.8,0,3.24,0.125,78.8,364.9,1.000,10.7,19.4,26.3,35.7,45.6,53.0,58.1,63.4,67.8,72.9,78.8,85.8,98.0,117.0,184.2,200.0,38.4,16.8,5.9
3109,63.226,0.000,3014.0,154.2,15.4,3,15736,0.939,0.000,0.061,-0.306,0.013,83.0,22.8,0,3.17,0.314,83.0,364.9,1.000,10.5,19.3,26.3,36.0,46.5,54.4,59.9,65.7,70.6,76.3,83.0,91.0,105.2,128.1,200.0,200.0,37.3,17.1,6.1
3110,63.246,0.000,3014.9,154.9,14.8,3,15840,0.952,0.000,0.129,-0.293,0.004,87.5,22.5,0,2.91,0.470,87.5,364.9,1.000,10.4,19.2,26.3,36.4,47.4,55.9,61.8,68.2,73.6,79.9,87.5,96.6,113.2,140.8,200.0,184.9,36.5,17.3,6.3
3111,63.266,0.000,3015.8,155.6,14.2,3,15932,0.961,0.000,0.107,-0.279,-0.008,90.9,22.2,0,2.56,0.470,100.2,364.9,1.000,10.2,19.0,26.2,36.5,47.9,56.8,63.1,69.9,75.7,82.6,90.9,101.0,119.8,152.0,200.0,154.4,36.3,17.6,6.5
3112,63.286,0.000,3016.7,156.5,13.3,3,15963,0.969,0.000,0.062,-0.265,-0.022,92.6,21.4,0,2.44,0.470,125.3,364.9,1.000,10.0,18.8,26.0,36.3,47.8,57.0,63.5,70.5,76.6,83.8,92.6,103.4,123.6,159.1,200.0,142.7,36.6,18.1,6.7
3113,63.306,0.000,3017.6,157.5,12.1,3,15893,0.975,0.000,0.003,-0.249,-0.037,92.9,18.7,0,2.42,0.470,164.9,364.9,1.000,9.9,18.5,25.6,35.9,47.5,56.7,63.2,70.4,76.5,83.9,92.9,104.0,124.9,162.3,200.0,139.0,37.3,18.6,6.9
3114,63.326,0.000,3018.5,158.5,10.7,3,15837,0.980,0.000,-0.066,-0.232,-0.053,92.4,16.4,0,2.45,0.470,92.4,364.9,1.000,9.7,18.2,25.2,35.4,46.9,56.1,62.6,69.8,76.0,83.4,92.4,103.6,124.8,163.1,200.0,138.7,38.1,19.1,7.1
3115,63.346,0.000,3019.4,159.4,9.2,3,15812,0.984,0.000,-0.138,-0.214,-0.069,92.1,14.6,0,2.46,0.470,92.1,364.9,1.000,9.5,17.9,24.9,35.0,46.4,55.6,62.1,69.3,75.5,83.0,92.1,103.5,125.1,164.5,200.0,137.7,38.9,19.5,7.3
3116,63.366,0.000,3020.3,160.3,8.0,3,15826,0.987,0.000,-0.204,-0.194,-0.083,93.5,13.8,0,2.40,0.470,93.5,364.9,1.000,9.4,17.7,24.7,34.8,46.3,55.7,62.4,69.8,76.2,84.0,93.5,105.4,128.5,171.4,200.0,131.7,39.1,19.8,7.5
3117,63.386,0.000,3021.2,161.2,7.0,3,15871,0.990,0.000,-0.191,-0.175,-0.081,97.2,13.7,0,2.28,0.470,97.2,364.9,1.000,9.3,17.6,24.6,34.9,46.8,56.6,63.6,71.5,78.4,86.8,97.2,110.4,136.5,187.0,200.0,121.3,38.7,20.0,7.6
3118,63.406,0.000,3022.0,162.0,6.4,3,15905,0.992,0.000,-0.160,-0.157,-0.076,103.7,13.0,0,2.12,0.470,103.7,364.9,1.000,9.2,17.5,24.7,35.3,47.9,58.3,66.0,74.6,82.3,91.8,103.7,119.2,150.8,200.0,200.0,108.9,37.9,20.0,7.8
3119,63.426,0.000,3022.9,162.9,5.9,3,15898,0.993,0.000,-0.126,-0.141,-0.069,112.7,10.9,0,1.94,0.470,112.7,364.9,1.000,9.1,17.5,24.9,35.9,49.3,60.6,69.1,78.8,87.6,98.6,112.7,131.6,172.0,200.0,200.0,97.9,37.0,19.9,7.9
3120,63.446,0.000,3023.8,163.7,5.6,3,15971,0.995,0.000,-0.092,-0.125,-0.063,124.2,10.3,0,1.78,0.470,124.2,364.9,1.000,9.0,17.6,25.1,36.6,50.9,63.4,72.9,83.9,94.0,107.0,124.2,147.9,200.0,200.0,200.0,88.9,36.0,19.8,7.9
3121,63.466,0.000,3024.8,164.5,5.3,3,16098,0.996,0.000,-0.059,-0.111,-0.057,138.8,10.7,0,1.63,0.470,138.8,364.9,1.000,8.9,17.6,25.3,37.5,52.8,66.5,77.2,89.9,101.9,117.5,138.8,169.6,200.0,200.0,200.0,81.6,35.1,19.7,8.0
3122,63.486,0.000,3025.7,165.3,5.2,3,16228,0.997,0.000,-0.027,-0.098,-0.051,157.5,11.3,0,1.47,0.470,200.0,364.2,1.000,8.9,17.7,25.6,38.3,54.9,70.0,82.2,96.9,111.2,130.4,157.5,199.0,200.0,200.0,200.0,75.6,34.2,19.5,8.1
3123,63.506,0.000,3026.6,166.1,5.1,3,16340,0.997,0.000,0.001,-0.086,-0.045,179.8,11.7,0,1.35,0.470,200.0,363.2,1.000,8.8,17.7,25.9,39.2,56.9,73.6,87.4,104.4,121.4,144.9,179.8,200.0,200.0,200.0,200.0,71.1,33.5,19.4,8.1
3124,63.526,0.000,3027.5,167.0,5.0,3,16421,0.998,0.000,0.024,-0.075,-0.041,200.0,11.5,0,1.21,0.470,200.0,363.1,1.000,8.8,17.7,26.1,39.8,58.5,76.7,91.9,111.3,131.0,159.1,200.0,200.0,200.0,200.0,189.6,68.1,33.0,19.3,8.2
3125,63.546,0.000,3028.4,167.9,4.7,3,16471,0.998,0.000,0.037,-0.064,-0.038,200.0,10.8,0,1.11,0.470,200.0,363.3,1.000,8.7,17.7,26.1,40.1,59.5,78.5,94.8,115.7,137.4,169.2,200.0,200.0,200.0,200.0,175.1,66.6,32.9,19.4,8.3
3126,63.566,0.000,3029.4,168.8,4.2,3,16501,0.999,0.000,0.038,-0.054,-0.037,200.0,9.6,0,1.09,0.470,200.0,363.4,1.000,8.6,17.6,25.9,39.9,59.4,78.6,95.1,116.4,138.6,171.4,200.0,200.0,200.0,200.0,172.5,66.6,33.1,19.5,8.3
3127,63.586,0.000,3030.3,169.8,3.5,3,16476,0.999,0.000,0.029,-0.045,-0.038,200.0,7.5,0,1.15,0.470,200.0,363.9,1.000,8.5,17.4,25.6,39.3,58.4,77.0,93.0,113.5,134.7,165.8,200.0,200.0,200.0,200.0,179.2,68.0,33.6,19.8,8.4
3128,63.606,0.000,3031.3,170.8,2.6,3,16466,0.999,0.000,0.011,-0.036,-0.040,199.8,5.5,0,1.27,0.470,200.0,364.5,1.000,8.5,17.1,25.2,38.5,56.8,74.5,89.5,108.5,128.0,156.1,199.8,200.0,200.0,200.0,193.0,70.3,34.3,20.1,8.5
3129,63.626,0.000,3032.2,171.7,1.8,3,16502,0.999,0.000,-0.006,-0.027,-0.042,185.6,4.4,0,1.37,0.470,200.0,364.8,1.000,8.4,16.9,24.8,37.7,55.3,72.1,86.1,103.8,121.7,147.0,185.6,200.0,200.0,200.0,200.0,72.8,35.0,20.4,8.6
3130,63.646,0.000,3033.2,172.6,1.2,3,16571,0.999,0.000,-0.018,-0.019,-0.043,176.9,4.1,0,1.43,0.470,200.0,364.9,1.000,8.3,16.7,24.5,37.1,54.2,70.4,83.9,100.7,117.6,141.3,176.9,200.0,200.0,200.0,200.0,74.7,35.6,20.7,8.7
3131,63.666,0.000,3034.1,173.5,0.8,3,16660,1.000,0.000,-0.023,-0.011,-0.044,174.4,4.2,0,1.45,0.470,200.0,364.7,1.000,8.2,16.6,24.2,36.8,53.7,69.7,83.0,99.6,116.2,139.4,174.4,200.0,200.0,200.0,200.0,75.5,35.9,20.9,8.8
3132,63.686,0.000,3035.1,174.3,0.6,3,16756,1.000,0.000,-0.023,-0.004,-0.043,177.0,4.4,0,1.44,0.470,200.0,364.8,1.000,8.2,16.5,24.1,36.7,53.6,69.8,83.2,100.1,117.0,140.9,177.0,200.0,200.0,200.0,200.0,75.3,36.0,21.0,8.8
3133,63.706,0.000,3036.1,175.2,0.5,3,16846,1.000,0.000,-0.018,0.003,-0.041,184.1,4.5,0,1.41,0.470,200.0,364.8,1.000,8.1,16.4,24.1,36.8,54.0,70.6,84.4,102.0,119.8,145.1,184.1,200.0,200.0,200.0,200.0,74.4,36.0,21.0,8.9
3134,63.726,0.000,3037.0,176.1,0.6,3,16930,1.000,0.000,-0.011,0.011,-0.039,193.8,4.5,0,1.37,0.470,200.0,364.8,1.000,8.1,16.4,24.1,36.9,54.5,71.6,86.1,104.5,123.5,150.8,193.8,200.0,200.0,200.0,199.2,73.3,35.8,21.0,8.9
3135,63.746,0.000,3038.0,177.0,0.7,3,16981,1.000,0.000,-0.004,0.017,-0.038,200.0,3.9,0,1.30,0.470,200.0,364.9,1.000,8.0,16.3,24.1,37.0,54.9,72.6,87.6,106.9,127.0,156.4,200.0,200.0,200.0,200.0,190.2,72.4,35.7,21.1,9.0
3136,63.766,0.000,3039.0,177.9,0.7,3,17036,1.000,0.000,-0.001,0.024,-0.037,200.0,3.3,0,1.26,0.470,200.0,364.9,1.000,8.0,16.3,24.0,37.0,55.1,73.1,88.5,108.4,129.3,160.2,200.0,200.0,200.0,200.0,184.9,71.9,35.7,21.1,9.0
3137,63.786,0.000,3040.0,178.8,0.6,3,17113,1.000,0.000,-0.001,0.031,-0.036,200.0,3.1,0,1.25,0.470,200.0,364.9,1.000,7.9,16.2,23.9,36.9,55.1,73.2,88.7,109.0,130.3,162.0,200.0,200.0,200.0,200.0,182.4,71.8,35.8,21.2,9.1
3138,63.806,0.000,3041.0,179.7,0.5,3,17200,1.000,0.000,-0.003,0.037,-0.036,200.0,3.2,0,1.25,0.470,200.0,364.9,1.000,7.9,16.1,23.8,36.8,54.9,73.0,88.6,109.0,130.5,162.4,200.0,200.0,200.0,200.0,181.8,71.9,36.0,21.3,9.1
3139,63.826,0.000,3042.0,180.5,0.4,3,17292,1.000,0.000,-0.005,0.044,-0.035,200.0,3.4,0,1.25,0.470,200.0,364.9,1.000,7.8,16.0,23.7,36.6,54.7,72.8,88.4,108.8,130.3,162.5,200.0,200.0,200.0,200.0,181.6,72.2,36.1,21.4,9.2
3140,63.846,0.000,3043.0,181.4,0.3,3,17380,1.000,0.000,-0.007,0.050,-0.035,200.0,3.5,0,1.25,0.470,200.0,364.9,1.000,7.8,15.9,23.6,36.4,54.5,72.6,88.2,108.7,130.4,162.8,200.0,200.0,200.0,200.0,181.1,72.4,36.3,21.6,9.2
3141,63.866,0.000,3044.0,182.3,0.3,3,17460,1.000,0.000,-0.008,0.056,-0.035,200.0,3.4,0,1.24,0.470,200.0,364.9,1.000,7.7,15.8,23.4,36.3,54.4,72.5,88.3,109.0,131.0,164.0,200.0,200.0,200.0,200.0,179.7,72.4,36.4,21.6,9.3
3142,63.886,0.000,3045.0,183.1,0.2,3,17537,1.000,0.000,-0.008,0.062,-0.034,200.0,3.3,0,1.23,0.470,200.0,364.9,1.000,7.7,15.7,23.4,36.2,54.4,72.7,88.6,109.6,132.1,166.0,200.0,200.0,200.0,200.0,177.5,72.3,36.5,21.7,9.3
3143,63.906,0.000,3046.0,184.0,0.2,3,17581,1.000,0.000,-0.007,0.068,-0.033,200.0,2.6,0,1.21,0.470,200.0,364.9,1.000,7.7,15.7,23.3,36.1,54.4,72.9,89.1,110.5,133.5,168.6,200.0,200.0,200.0,200.0,174.9,72.1,36.5,21.8,9.4
3144,63.926,0.000,3047.1,184.9,0.3,3,17642,1.000,0.000,-0.007,0.074,-0.032,200.0,2.1,0,1.19,0.470,200.0,364.9,1.000,7.6,15.6,23.2,36.1,54.5,73.1,89.5,111.4,135.1,171.4,200.0,200.0,200.0,200.0,172.4,71.9,36.6,21.9,9.4
3145,63.946,0.000,3048.1,185.8,0.3,3,17721,1.000,0.000,-0.006,0.079,-0.032,200.0,2.1,0,1.18,0.470,200.0,364.9,1.000,7.6,15.5,23.1,36.0,54.5,73.4,90.0,112.4,136.6,174.2,200.0,200.0,200.0,200.0,170.0,71.7,36.6,21.9,9.5
3146,63.966,0.000,3049.1,186.6,0.3,3,17808,1.000,0.000,-0.005,0.085,-0.031,200.0,2.2,0,1.16,0.470,200.0,364.9,1.000,7.5,15.5,23.0,36.0,54.5,73.6,90.5,113.3,138.1,176.9,200.0,200.0,200.0,200.0,167.9,71.5,36.7,22.0,9.5
3147,63.986,0.000,3050.2,187.5,0.3,3,17898,1.000,0.000,-0.005,0.091,-0.030,200.0,2.4,0,1.15,0.470,200.0,364.9,1.000,7.5,15.4,23.0,35.9,54.5,73.7,90.9,114.0,139.4,179.4,200.0,200.0,200.0,200.0,166.2,71.4,36.8,22.1,9.5
3148,64.008,0.000,3051.3,188.4,0.3,3,17992,1.000,0.000,-0.005,0.097,-0.030,200.0,2.4,0,1.13,0.470,200.0,364.9,1.000,7.4,15.3,22.9,35.8,54.5,73.9,91.2,114.8,140.8,182.0,200.0,200.0,200.0,200.0,164.4,71.3,36.8,22.1,9.6
3149,64.030,0.000,3052.5,189.3,0.2,3,18078,1.000,0.000,-0.005,0.103,-0.029,200.0,2.4,0,1.12,0.470,200.0,364.9,1.000,7.4,15.3,22.8,35.7,54.5,74.0,91.6,115.5,142.1,184.6,200.0,200.0,200.0,200.0,162.8,71.2,36.9,22.2,9.6
3150,64.052,0.000,3053.6,190.3,0.2,3,18141,1.000,0.000,-0.006,0.108,-0.029,200.0,1.9,0,1.11,0.470,200.0,364.9,1.000,7.4,15.2,22.7,35.6,54.5,74.1,91.9,116.3,143.4,187.2,200.0,200.0,200.0,200.0,161.3,71.2,37.0,22.3,9.7
3151,64.074,0.000,3054.8,191.2,0.2,3,18207,1.000,0.000,-0.006,0.114,-0.028,200.0,1.4,0,1.10,0.470,200.0,364.9,1.000,7.3,15.1,22.6,35.5,54.4,74.3,92.3,117.0,144.9,190.0,200.0,200.0,200.0,200.0,159.8,71.1,37.0,22.4,9.7
3152,64.096,0.000,3056.0,192.2,0.2,3,18290,1.000,0.000,-0.005,0.120,-0.027,200.0,1.3,0,1.07,0.470,200.0,364.9,1.000,7.3,15.0,22.5,35.5,54.4,74.5,92.7,118.0,146.5,200.0,200.0,200.0,200.0,200.0,158.2,71.0,37.1,22.4,9.8
3153,64.118,0.000,3057.1,193.1,0.2,3,18381,1.000,0.000,-0.005,0.125,-0.027,200.0,1.3,0,1.06,0.470,200.0,364.9,1.000,7.2,15.0,22.4,35.4,54.5,74.7,93.1,118.8,148.1,200.0,200.0,200.0,200.0,200.0,156.7,70.8,37.2,22.5,9.8
3154,64.140,0.000,3058.3,194.0,0.2,3,18475,1.000,0.000,-0.005,0.131,-0.026,200.0,1.4,0,1.05,0.470,200.0,364.9,1.000,7.2,14.9,22.3,35.3,54.4,74.8,93.5,119.7,149.6,200.0,200.0,200.0,200.0,200.0,155.4,70.8,37.2,22.6,9.9
3155,64.162,0.000,3059.5,194.9,0.2,3,18563,1.000,0.000,-0.005,0.136,-0.026,200.0,1.4,0,1.05,0.470,200.0,364.9,1.000,7.2,14.8,22.3,35.2,54.4,75.0,93.9,120.6,151.3,200.0,200.0,200.0,200.0,200.0,154.0,70.7,37.3,22.6,9.9
3156,64.184,0.000,3060.7,195.8,0.2,3,18647,1.000,0.000,-0.005,0.141,-0.025,200.0,1.4,0,1.04,0.470,200.0,364.9,1.000,7.1,14.8,22.2,35.1,54.4,75.2,94.4,121.5,153.0,200.0,200.0,200.0,200.0,200.0,152.7,70.5,37.3,22.7,9.9
3157,64.206,0.000,3061.9,196.1,0.2,4,15102,1.000,0.000,-0.005,0.146,-0.024,200.0,-14.1,0,1.03,0.470,200.0,364.9,1.000,7.1,14.7,22.1,35.1,54.4,75.3,94.7,122.4,154.6,200.0,200.0,200.0,200.0,198.9,151.6,70.5,37.4,22.7,10.0
3158,64.228,0.000,3063.1,195.8,0.2,4,15075,1.000,0.000,-0.006,0.151,-0.024,200.0,-14.6,0,1.02,0.470,200.0,364.9,1.000,7.0,14.6,22.0,35.0,54.4,75.4,95.0,123.1,155.9,200.0,200.0,200.0,200.0,197.6,150.6,70.4,37.5,22.8,10.0
3159,64.250,0.000,3064.3,195.5,0.2,4,14479,1.000,0.000,-0.006,0.156,-0.023,200.0,-15.3,0,1.01,0.470,200.0,364.9,1.000,7.0,14.6,21.9,34.9,54.4,75.6,95.5,124.1,157.8,200.0,200.0,200.0,200.0,196.3,149.4,70.3,37.5,22.9,10.0
3160,64.272,0.000,3065.5,195.8,0.2,4,14996,1.000,0.000,-0.159,0.161,-0.023,200.0,-3.1,0,0.99,0.000,200.0,364.9,1.000,7.0,14.5,21.9,34.9,54.5,75.9,96.2,125.4,160.2,200.0,200.0,200.0,199.1,195.0,147.9,70.1,37.5,22.9,10.1
3161,64.294,0.000,3066.7,196.5,0.0,4,15056,1.000,0.000,-0.132,0.165,-0.018,200.0,-2.1,0,0.81,0.000,200.0,364.9,1.000,7.0,14.6,22.2,35.8,56.9,80.9,104.4,140.1,200.0,200.0,200.0,199.7,196.8,192.2,135.8,67.4,36.8,22.7,10.1
3162,64.316,0.000,3067.9,197.1,0.8,4,15108,1.000,0.000,-0.074,0.169,-0.008,200.0,-2.2,0,0.50,0.000,200.0,364.9,1.000,7.0,15.0,23.1,38.4,64.0,96.3,131.8,200.0,200.0,199.9,198.2,196.2,192.6,185.5,113.8,61.6,35.1,22.1,10.0
3163,64.338,0.000,3069.1,197.7,1.9,4,15154,1.000,0.000,-0.011,0.171,0.002,198.4,-2.4,0,0.15,0.000,198.7,364.9,1.000,7.1,15.4,24.2,41.6,73.8,120.6,200.0,199.8,198.4,196.6,194.6,192.0,186.8,152.7,97.4,56.5,33.4,21.4,9.9
3164,64.360,0.000,3070.3,198.4,2.6,4,15193,1.000,0.000,0.027,0.172,0.009,195.8,-2.7,0,-0.01,0.000,197.5,364.3,1.000,7.1,15.7,25.0,44.1,82.1,144.6,199.4,197.5,195.8,193.8,191.4,188.3,179.7,133.0,89.0,53.7,32.4,21.0,9.9
3165,64.382,0.000,3071.5,199.1,2.5,4,15234,1.000,0.000,0.038,0.173,0.011,194.2,-3.0,0,-0.06,0.000,196.3,362.8,1.000,7.1,15.8,25.2,44.8,84.6,152.7,197.9,195.9,194.2,192.2,189.7,186.4,172.6,128.6,87.0,52.9,32.2,20.9,9.8
3166,64.404,0.000,3072.7,199.7,1.8,4,15280,1.000,0.000,0.027,0.173,0.009,193.4,-3.2,0,-0.00,0.000,195.1,361.4,1.000,7.1,15.7,25.0,44.0,82.0,144.3,196.9,195.0,193.4,191.5,189.1,186.1,178.3,133.2,89.1,53.7,32.4,21.0,9.9
3167,64.426,0.000,3074.0,200.4,1.0,4,15330,1.000,0.000,0.008,0.172,0.006,192.8,-3.2,0,0.08,0.000,193.8,360.3,1.000,7.1,15.5,24.6,42.8,77.8,131.6,196.1,194.3,192.8,191.0,188.9,186.1,180.4,142.1,93.0,55.1,32.9,21.2,9.9
3168,64.448,0.000,3075.2,201.1,0.3,4,15379,1.000,0.000,-0.007,0.172,0.003,192.1,-3.3,0,0.14,0.000,192.6,359.4,1.000,7.0,15.4,24.3,41.9,74.7,123.0,195.2,193.5,192.1,190.4,188.4,185.9,180.9,150.1,96.4,56.2,33.3,21.4,9.9
3169,64.470,0.000,3076.4,201.7,-0.0,4,15425,1.000,0.000,-0.013,0.172,0.002,191.0,-3.4,0,0.17,0.000,191.4,358.5,1.000,7.0,15.4,24.1,41.5,73.4,119.6,194.1,192.4,191.0,189.4,187.4,185.0,180.4,153.9,97.9,56.7,33.5,21.5,9.9
3170,64.492,0.000,3077.7,202.4,-0.1,4,15462,1.000,0.000,-0.012,0.171,0.002,189.8,-3.8,0,0.16,0.000,190.1,357.5,1.000,7.0,15.4,24.2,41.6,73.7,120.3,192.8,191.2,189.8,188.1,186.2,183.8,179.1,153.1,97.6,56.6,33.4,21.4,9.9
3171,64.514,0.000,3078.9,203.1,-0.0,4,15510,1.000,0.000,-0.007,0.171,0.003,188.3,-3.9,0,0.14,0.000,188.9,356.3,1.000,7.1,15.4,24.3,41.9,74.8,123.2,191.4,189.8,188.3,186.7,184.7,182.3,177.5,149.9,96.2,56.1,33.3,21.4,9.9
3172,64.536,0.000,3080.1,203.7,0.1,4,15560,1.000,0.000,-0.001,0.170,0.004,186.9,-3.9,0,0.12,0.000,187.6,354.8,1.000,7.1,15.5,24.5,42.4,76.1,126.7,190.0,188.3,186.9,185.2,183.2,180.7,175.8,146.5,94.8,55.6,33.1,21.3,9.9
3173,64.558,0.000,3081.4,204.4,0.2,4,15612,1.000,0.000,0.003,0.169,0.005,185.5,-3.8,0,0.10,0.000,186.4,353.5,1.000,7.1,15.5,24.6,42.6,76.9,129.0,188.7,187.0,185.5,183.8,181.8,179.3,174.3,144.4,93.9,55.3,33.0,21.2,9.9
3174,64.580,0.000,3082.6,205.0,0.2,4,15664,1.000,0.000,0.004,0.168,0.005,184.2,-3.8,0,0.10,0.000,185.1,352.1,1.000,7.1,15.6,24.6,42.8,77.2,129.7,187.4,185.7,184.2,182.5,180.5,178.0,173.1,143.7,93.6,55.2,32.9,21.2,9.9
3175,64.602,0.000,3083.9,205.7,0.1,4,15713,1.000,0.000,0.003,0.167,0.005,183.0,-3.9,0,0.10,0.000,183.8,350.8,1.000,7.1,15.6,24.6,42.7,77.1,129.2,186.1,184.4,183.0,181.3,179.3,176.9,172.1,144.2,93.8,55.2,32.9,21.2,9.9
3176,64.624,0.000,3085.2,206.3,0.0,4,15756,1.000,0.000,0.001,0.166,0.005,181.8,-4.0,0,0.11,0.000,182.5,349.5,1.000,7.1,15.6,24.6,42.6,76.7,128.1,184.9,183.2,181.8,180.1,178.2,175.8,171.1,145.2,94.2,55.4,32.9,21.2,9.9
3177,64.646,0.000,3086.4,207.0,-0.0,4,15803,1.000,0.000,-0.000,0.165,0.004,180.6,-4.1,0,0.12,0.000,181.3,348.2,1.000,7.1,15.6,24.6,42.6,76.5,127.2,183.6,182.0,180.6,178.9,177.0,174.7,170.1,146.0,94.5,55.4,33.0,21.2,9.8
3178,64.668,0.000,3087.7,207.7,-0.1,4,15852,1.000,0.000,-0.001,0.164,0.004,179.3,-4.2,0,0.13,0.000,180.0,346.9,1.000,7.1,15.6,24.6,42.6,76.3,126.8,182.4,180.7,179.3,177.7,175.8,173.5,169.0,146.5,94.6,55.5,33.0,21.2,9.8
3179,64.690,0.000,3088.9,208.3,-0.1,4,15901,1.000,0.000,-0.002,0.163,0.004,178.1,-4.2,0,0.13,0.000,178.7,345.6,1.000,7.1,15.6,24.6,42.6,76.4,126.8,181.1,179.4,178.1,176.4,174.6,172.3,167.9,146.5,94.6,55.5,32.9,21.2,9.8
3180,64.712,0.000,3090.2,208.9,-0.1,4,15950,1.000,0.000,-0.001,0.162,0.004,176.8,-4.2,0,0.13,0.000,177.4,344.2,1.000,7.1,15.6,24.7,42.7,76.6,127.3,179.8,178.1,176.8,175.2,173.3,171.0,166.7,146.0,94.4,55.4,32.9,21.2,9.8
3181,64.734,0.000,3091.5,209.6,-0.0,4,15999,1.000,0.000,0.000,0.162,0.004,175.4,-4.2,0,0.12,0.000,176.1,342.8,1.000,7.1,15.6,24.7,42.8,76.9,128.0,178.4,176.8,175.4,173.8,172.0,169.7,165.4,145.4,94.1,55.2,32.9,21.1,9.8
3182,64.756,0.000,3092.8,210.2,-0.0,4,16044,1.000,0.000,0.001,0.161,0.004,174.1,-4.3,0,0.12,0.000,174.8,341.4,1.000,7.2,15.7,24.7,42.9,77.1,128.5,177.1,175.5,174.1,172.5,170.7,168.4,164.2,144.9,93.9,55.2,32.8,21.1,9.8
3183,64.778,0.000,3094.1,210.9,-0.0,4,16090,1.000,0.000,0.001,0.160,0.004,172.8,-4.4,0,0.12,0.000,173.5,340.0,1.000,7.2,15.7,24.8,42.9,77.2,128.7,175.8,174.2,172.8,171.2,169.4,167.2,163.0,144.8,93.8,55.1,32.8,21.1,9.8
3184,64.800,0.000,3095.4,211.5,-0.0,4,16138,1.000,0.000,0.001,0.159,0.004,171.5,-4.5,0,0.12,0.000,172.2,338.6,1.000,7.2,15.7,24.8,43.0,77.2,128.6,174.5,172.9,171.5,170.0,168.1,165.9,161.8,144.8,93.8,55.1,32.8,21.1,9.8
3185,64.822,0.000,3096.7,212.2,-0.0,4,16186,1.000,0.000,0.000,0.158,0.004,170.2,-4.5,0,0.13,0.000,170.9,337.2,1.000,7.2,15.7,24.8,43.0,77.2,128.5,173.2,171.6,170.2,168.7,166.9,164.7,160.7,145.0,93.8,55.1,32.7,21.1,9.8
3186,64.844,0.000,3098.0,212.8,-0.0,4,16234,1.000,0.000,-0.000,0.157,0.004,168.9,-4.5,0,0.13,0.000,169.6,335.8,1.000,7.2,15.7,24.8,43.0,77.2,128.4,171.9,170.3,168.9,167.4,165.6,163.5,159.5,145.1,93.8,55.1,32.7,21.1,9.8
3187,64.866,0.000,3099.3,213.4,-0.0,4,16282,1.000,0.000,-0.000,0.156,0.004,167.6,-4.6,0,0.13,0.000,168.3,334.3,1.000,7.2,15.8,24.9,43.0,77.2,128.4,170.5,169.0,167.6,166.1,164.3,162.2,158.3,145.1,93.8,55.0,32.7,21.0,9.8
3188,64.888,0.000,3100.6,214.1,-0.0,4,16328,1.000,0.000,-0.000,0.155,0.004,166.3,-4.7,0,0.13,0.000,166.9,332.8,1.000,7.2,15.8,24.9,43.1,77.3,128.6,169.2,167.6,166.3,164.8,163.0,160.9,157.1,145.0,93.7,55.0,32.7,21.0,9.8
3189,64.910,0.000,3101.9,214.7,-0.0,4,16374,1.000,0.000,0.000,0.154,0.004,165.0,-4.7,0,0.13,0.000,165.6,331.4,1.000,7.2,15.8,24.9,43.1,77.4,128.7,167.9,166.3,165.0,163.5,161.7,159.7,155.9,144.8,93.6,54.9,32.7,21.0,9.7
3190,64.932,0.000,3103.2,215.4,-0.0,4,16421,1.000,0.000,0.000,0.153,0.004,163.7,-4.8,0,0.13,0.000,164.3,329.9,1.000,7.2,15.8,24.9,43.2,77.5,128.9,166.5,165.0,163.7,162.2,160.4,158.4,154.7,144.7,93.6,54.9,32.6,21.0,9.7
3191,64.954,0.000,3104.5,216.0,-0.0,4,16468,1.000,0.000,0.000,0.152,0.004,162.3,-4.8,0,0.13,0.000,163.0,328.4,1.000,7.2,15.8,25.0,43.2,77.6,129.1,165.2,163.6,162.3,160.9,159.1,157.1,153.4,144.5,93.5,54.8,32.6,21.0,9.7
3192,64.976,0.000,3105.8,216.6,-0.0,4,16515,1.000,0.000,0.001,0.151,0.004,161.0,-4.9,0,0.13,0.000,161.6,326.8,1.000,7.2,15.8,25.0,43.3,77.7,129.3,163.8,162.3,161.0,159.5,157.8,155.8,152.2,143.9,93.4,54.8,32.6,21.0,9.7
3193,64.998,0.000,3107.2,217.3,-0.0,4,16562,1.000,0.000,0.000,0.150,0.004,159.7,-4.9,0,0.13,0.000,160.3,325.3,1.000,7.2,15.9,25.0,43.3,77.8,129.3,162.5,160.9,159.7,158.2,156.5,154.5,151.0,143.2,93.3,54.8,32.5,20.9,9.7
3194,65.020,0.000,3108.5,217.9,-0.0,4,16608,1.000,0.000,0.200,0.149,0.004,158.3,-5.0,0,0.13,0.850,158.9,323.7,1.000,7.3,15.9,25.0,43.4,77.8,129.3,161.1,159.6,158.3,156.9,155.2,153.3,149.7,142.4,93.3,54.7,32.5,20.9,9.7
3195,65.042,0.000,3109.8,218.5,0.1,4,16656,1.000,0.000,0.000,0.149,0.000,157.6,-4.3,0,0.22,0.000,157.6,322.7,1.000,7.2,15.7,24.6,41.9,73.3,117.3,160.2,158.8,157.6,156.3,154.7,152.9,149.8,144.4,98.7,56.5,33.1,21.2,9.7
3196,65.064,0.000,3111.2,219.1,-1.2,4,16707,1.000,0.000,0.200,0.149,-0.008,157.4,-4.7,0,0.44,0.850,157.4,320.7,1.000,7.2,15.3,23.7,39.3,65.5,98.6,134.9,158.4,157.4,156.2,154.8,153.3,150.7,146.7,111.9,60.6,34.5,21.7,9.8
3197,65.086,0.000,3112.5,219.7,-1.4,4,16757,1.000,0.000,0.000,0.150,-0.016,156.9,-4.0,0,0.65,0.000,156.9,320.1,1.000,7.1,15.0,22.8,37.1,59.7,86.0,112.4,157.9,156.9,155.9,154.7,153.3,151.1,147.8,127.6,64.9,35.8,22.2,9.9
3198,65.108,0.000,3113.8,220.2,-2.5,4,16807,1.000,0.000,-0.200,0.153,-0.025,156.5,-4.5,0,0.93,-0.850,156.5,318.6,1.000,7.0,14.6,21.9,34.7,53.8,74.3,93.3,120.2,156.5,155.6,154.6,153.4,151.5,148.7,140.4,71.2,37.7,22.9,10.0
3199,65.130,0.000,3115.2,220.8,-2.8,4,16834,1.000,0.000,-0.162,0.155,-0.024,155.1,-4.5,0,0.92,0.000,155.1,316.9,1.000,7.0,14.6,21.9,34.8,54.1,75.0,94.5,122.4,155.1,154.2,153.1,151.9,150.0,147.3,138.9,70.7,37.6,22.9,10.0
3200,65.152,0.000,3116.5,221.4,-1.1,4,16879,1.000,0.000,-0.094,0.158,-0.012,152.4,-4.8,0,0.57,0.000,152.4,314.8,1.000,7.1,15.0,23.0,37.7,61.7,90.6,120.7,153.4,152.4,151.4,150.1,148.7,146.4,143.1,120.6,63.3,35.4,22.1,9.9
3201,65.174,0.000,3117.9,222.0,1.0,4,16938,1.000,0.000,-0.016,0.159,0.002,149.3,-4.7,0,0.20,0.000,149.5,312.9,1.000,7.1,15.6,24.4,41.9,74.0,119.9,151.9,150.5,149.3,148.0,146.5,144.8,141.9,137.1,97.5,56.4,33.2,21.3,9.8
3202,65.196,0.000,3119.3,222.6,2.5,4,16985,1.000,0.000,-0.216,0.160,0.011,146.5,-4.7,0,-0.05,-0.850,148.1,311.7,1.000,7.2,16.0,25.6,45.5,85.9,150.9,149.4,147.8,146.5,145.0,143.3,141.3,137.7,127.3,86.1,52.4,31.8,20.7,9.7
3203,65.218,0.000,3120.6,223.2,2.6,4,17030,1.000,0.000,-0.016,0.159,0.019,143.8,-3.8,0,-0.21,0.000,146.8,309.0,1.000,7.3,16.4,26.7,49.1,99.8,148.7,147.0,145.3,143.8,142.1,140.2,137.8,132.9,110.7,78.2,49.3,30.7,20.2,9.6
3204,65.240,0.000,3122.0,223.7,3.5,4,17079,1.000,0.000,0.184,0.157,0.029,140.6,-4.4,0,-0.46,0.850,145.3,305.9,1.000,7.4,17.0,28.2,54.3,123.4,146.2,144.3,142.3,140.6,138.6,136.2,133.1,118.8,95.9,70.5,46.1,29.4,19.7,9.5
3205,65.262,0.000,3123.3,224.3,3.7,4,17099,1.000,0.000,0.138,0.154,0.029,139.3,-4.7,0,-0.46,0.000,144.0,304.3,1.000,7.4,17.0,28.3,54.4,123.6,144.8,142.9,140.9,139.3,137.3,135.0,131.9,118.6,95.7,70.4,46.0,29.3,19.6,9.5
3206,65.284,0.000,3124.7,224.9,1.7,4,17136,1.000,0.000,0.075,0.151,0.018,140.0,-5.3,0,-0.18,0.000,142.6,303.9,1.000,7.3,16.5,26.7,48.8,97.7,144.6,143.0,141.3,140.0,138.4,136.5,134.4,130.2,112.8,79.1,49.6,30.7,20.2,9.6
3207,65.306,0.000,3126.1,225.5,-0.5,4,17187,1.000,0.000,0.008,0.149,0.005,140.5,-5.3,0,0.05,0.000,141.2,303.7,1.000,7.3,15.9,25.2,43.7,79.0,144.5,143.1,141.7,140.5,139.2,137.7,136.0,133.1,128.3,92.1,54.3,32.4,20.9,9.7
3208,65.328,0.000,3127.5,226.1,-1.9,4,17228,1.000,0.000,-0.192,0.147,-0.003,140.2,-5.4,0,0.28,-0.850,140.2,301.5,1.000,7.2,15.6,24.3,41.0,70.4,109.9,142.5,141.2,140.2,139.0,137.7,136.2,133.8,130.1,103.0,57.9,33.6,21.3,9.8
3209,65.350,0.000,3128.9,226.7,-2.3,4,17258,1.000,0.000,-0.032,0.145,-0.002,138.6,-5.2,0,0.26,0.000,138.6,299.8,1.000,7.2,15.7,24.5,41.5,71.6,112.9,141.0,139.7,138.6,137.5,136.1,134.7,132.2,128.5,101.2,57.2,33.3,21.2,9.7
3210,65.372,0.000,3130.2,227.3,-0.5,4,17297,1.000,0.000,-0.232,0.144,0.007,136.1,-5.9,0,0.02,-0.850,137.0,298.7,1.000,7.3,16.1,25.5,44.6,81.4,140.1,138.7,137.2,136.1,134.8,133.3,131.7,128.8,124.1,89.8,53.4,32.0,20.7,9.6
3211,65.394,0.000,3131.6,227.8,0.4,4,17355,1.000,0.000,-0.032,0.141,0.017,133.2,-4.9,0,-0.16,0.000,135.5,295.6,1.000,7.4,16.6,26.9,49.0,97.2,137.6,136.1,134.5,133.2,131.7,130.0,128.0,124.4,113.5,79.2,49.4,30.5,20.1,9.5
3212,65.416,0.000,3133.0,228.4,2.3,4,17418,1.000,0.000,-0.232,0.137,0.029,129.6,-5.0,0,-0.56,-0.850,134.1,295.1,1.000,7.5,17.4,28.9,55.9,137.5,134.8,133.0,131.1,129.6,127.8,125.7,123.0,115.5,93.5,68.9,45.2,28.8,19.3,9.4
3213,65.438,0.000,3134.4,228.9,3.0,4,17465,1.000,0.000,-0.032,0.132,0.040,125.9,-4.0,0,-0.76,0.000,132.6,292.1,1.000,7.7,18.1,31.0,63.8,135.0,132.0,129.9,127.7,125.9,123.7,120.9,116.2,96.9,80.9,61.7,42.0,27.5,18.7,9.2
3214,65.460,0.000,3135.8,229.4,4.1,4,17511,1.000,0.000,0.168,0.125,0.052,121.4,-4.5,0,-1.02,0.850,131.1,288.8,1.000,7.8,19.0,33.5,75.2,132.3,128.8,126.4,123.8,121.4,118.3,110.7,96.9,82.5,70.5,55.4,38.9,26.1,18.0,9.1
3215,65.482,0.000,3137.2,230.0,4.5,4,17524,1.000,0.000,0.284,0.117,0.054,119.5,-5.2,0,-1.08,0.000,119.5,286.7,1.000,7.9,19.3,34.2,77.8,130.6,127.1,124.6,122.0,119.5,116.2,106.9,93.8,80.2,68.7,54.3,38.2,25.7,17.8,9.0
3216,65.504,0.000,3138.7,230.6,2.5,4,17543,1.000,0.000,0.210,0.109,0.041,121.7,-5.2,0,-0.78,0.000,128.2,286.7,1.000,7.9,18.6,31.8,65.6,130.6,127.6,125.6,123.4,121.7,119.5,116.8,112.6,94.8,79.1,60.4,41.1,26.9,18.3,9.0
3217,65.526,0.000,3140.1,231.1,-0.8,4,17617,1.000,0.000,0.094,0.102,0.020,124.1,-4.8,0,-0.29,0.000,126.9,283.8,1.000,7.8,17.5,28.5,52.6,107.3,128.6,127.0,125.4,124.1,122.7,121.0,119.1,115.5,104.7,74.1,46.8,29.1,19.2,9.2
3218,65.548,0.000,3141.5,231.5,-3.9,4,17688,1.000,0.000,-0.014,0.097,-0.000,125.5,-4.4,0,0.09,0.000,125.5,284.0,1.000,7.7,16.6,26.0,44.3,77.3,129.0,127.7,126.5,125.5,124.3,123.1,121.7,119.4,116.1,94.8,54.2,31.7,20.2,9.3
3219,65.570,0.000,3142.9,232.1,-5.5,4,17725,1.000,0.000,-0.214,0.094,-0.012,125.3,-4.5,0,0.39,-0.850,125.3,282.1,1.000,7.6,16.1,24.7,40.6,66.5,97.6,127.3,126.2,125.3,124.4,123.3,122.1,120.2,117.6,109.4,59.7,33.5,20.9,9.4
3220,65.592,0.000,3144.3,232.7,-5.2,4,17719,1.000,0.000,-0.070,0.091,-0.010,123.7,-5.3,0,0.35,0.000,123.7,280.2,1.000,7.6,16.3,25.0,41.3,68.2,101.3,125.7,124.6,123.7,122.7,121.6,120.4,118.5,115.8,107.3,58.6,33.1,20.7,9.4
3221,65.614,0.000,3145.7,233.3,-2.2,4,17736,1.000,0.000,-0.001,0.089,0.002,120.8,-6.6,0,0.04,0.000,121.1,278.6,1.000,7.7,16.9,26.5,45.6,80.6,124.4,123.1,121.8,120.8,119.7,118.5,117.1,114.8,111.5,91.1,52.8,31.1,20.0,9.2
3222,65.636,0.000,3147.2,233.9,0.0,4,17784,1.000,0.000,-0.201,0.086,0.010,118.3,-6.5,0,-0.12,-0.850,119.6,275.8,1.000,7.8,17.4,27.7,49.1,92.2,122.2,120.8,119.4,118.3,117.1,115.7,114.2,111.6,107.6,81.5,49.4,29.9,19.4,9.1
3223,65.658,0.000,3148.6,234.4,0.6,4,17836,1.000,0.000,-0.001,0.084,0.018,115.7,-5.6,0,-0.39,0.000,118.1,275.5,1.000,7.9,17.8,29.0,53.1,122.2,119.9,118.4,116.9,115.7,114.4,112.9,111.2,108.2,102.8,73.8,46.4,28.8,19.0,9.0
3224,65.680,0.000,3150.0,234.9,2.3,4,17884,1.000,0.000,-0.201,0.079,0.029,112.7,-6.0,0,-0.55,-0.850,116.6,272.5,1.000,8.0,18.5,30.7,59.2,119.9,117.4,115.7,114.1,112.7,111.2,109.5,107.4,103.5,89.6,65.8,43.1,27.5,18.4,8.9
3225,65.702,0.000,3151.5,235.5,2.5,4,17924,1.000,0.000,-0.001,0.074,0.037,109.9,-5.3,0,-0.70,0.000,115.2,269.7,1.000,8.2,19.1,32.4,65.3,117.7,114.9,113.2,111.3,109.9,108.2,106.2,103.7,96.7,80.0,60.4,40.7,26.4,17.9,8.8
3226,65.724,0.000,3152.9,236.0,3.5,4,17966,1.000,0.000,0.199,0.067,0.046,106.6,-5.9,0,-0.91,0.000,113.6,266.7,1.000,8.3,19.9,34.5,73.8,115.3,112.3,110.3,108.3,106.6,104.6,102.1,98.4,84.4,71.3,55.3,38.2,25.3,17.4,8.7
3227,65.746,0.000,3154.3,236.5,3.5,4,17984,1.000,0.000,0.238,0.060,0.045,105.5,-6.1,0,-0.89,0.000,112.1,265.1,1.000,8.4,19.9,34.4,72.8,113.9,111.0,109.1,107.2,105.5,103.7,101.3,98.1,85.6,72.1,55.7,38.3,25.3,17.3,8.6
3228,65.768,0.000,3155.8,237.1,1.2,4,18025,1.000,0.000,0.156,0.053,0.030,106.8,-5.9,0,-0.59,0.000,110.7,264.9,1.000,8.3,19.1,31.8,61.4,113.8,111.3,109.7,108.1,106.8,105.3,103.6,101.7,98.1,86.4,63.7,41.8,26.7,17.9,8.7
3229,65.790,0.000,3157.2,237.6,-1.8,4,18089,1.000,0.000,0.053,0.047,0.010,108.0,-5.7,0,-0.31,0.000,109.2,264.9,1.000,8.2,18.1,28.8,51.0,113.8,111.7,110.4,109.1,108.0,106.9,105.6,104.2,102.0,98.6,79.0,47.7,28.9,18.8,8.8
3230,65.812,0.000,3158.7,238.0,-4.3,4,18145,1.000,0.000,-0.038,0.044,-0.006,108.4,-5.5,0,0.12,0.000,108.4,261.9,1.000,8.1,17.3,26.8,44.8,75.6,111.5,110.4,109.3,108.4,107.4,106.4,105.2,103.4,101.0,93.9,54.1,31.0,19.6,8.9
3231,65.834,0.000,3160.2,238.6,-5.0,4,18168,1.000,0.000,-0.238,0.041,-0.013,107.6,-6.0,0,0.21,-0.850,107.6,260.6,1.000,8.0,17.0,26.1,42.7,69.6,110.5,109.4,108.4,107.6,106.7,105.7,104.7,103.0,100.8,95.1,57.3,32.0,19.9,9.0
3232,65.856,0.000,3161.6,239.2,-4.0,4,18172,1.000,0.000,-0.040,0.039,-0.007,105.5,-6.4,0,0.12,0.000,105.5,258.0,1.000,8.1,17.4,26.9,44.8,75.3,108.5,107.4,106.3,105.5,104.5,103.5,102.4,100.7,98.4,91.9,54.2,31.0,19.5,8.9
3233,65.878,0.000,3163.1,239.7,-0.7,4,18210,1.000,0.000,-0.240,0.037,0.008,102.4,-7.1,0,-0.27,-0.850,103.2,257.0,1.000,8.2,18.1,28.8,50.5,107.9,105.9,104.6,103.4,102.4,101.3,100.2,98.9,96.9,94.1,80.5,48.1,28.9,18.7,8.7
3234,65.900,0.000,3164.5,240.2,1.1,4,18267,1.000,0.000,-0.040,0.034,0.021,99.2,-6.0,0,-0.46,0.000,101.7,253.3,1.000,8.4,19.0,31.0,57.7,105.3,103.1,101.7,100.3,99.2,98.0,96.7,95.2,92.7,88.9,68.1,43.3,27.1,17.9,8.6
3235,65.922,0.000,3166.0,240.7,3.3,4,18323,1.000,0.000,-0.240,0.029,0.037,95.6,-6.1,0,-0.74,-0.850,100.2,249.3,1.000,8.6,20.0,33.9,68.2,102.6,100.1,98.5,96.9,95.6,94.2,92.6,90.7,87.2,77.0,58.1,39.0,25.3,17.2,8.4
3236,65.944,0.000,3167.5,241.2,4.1,4,18368,1.000,0.000,-0.040,0.023,0.049,92.1,-4.9,0,-1.05,0.000,98.6,245.4,1.000,8.7,21.0,36.7,80.2,99.9,97.1,95.4,93.6,92.1,90.4,88.5,86.0,78.0,66.3,51.8,36.0,24.0,16.5,8.3
3237,65.966,0.000,3169.0,241.6,5.2,4,18410,1.000,0.000,-0.086,0.014,0.061,88.3,-5.5,0,-1.54,-0.850,88.3,248.0,1.000,8.9,22.2,40.1,101.6,97.1,94.1,92.1,90.0,88.3,86.2,83.4,77.2,66.9,58.0,46.5,33.3,22.7,15.9,8.1
3238,65.988,0.000,3170.4,242.1,5.3,4,18438,1.000,0.000,0.114,0.003,0.070,84.7,-5.6,0,-1.74,0.000,84.7,244.9,1.000,9.1,23.1,43.1,99.4,94.6,91.3,89.1,86.8,84.7,82.0,76.3,68.7,60.4,53.0,43.1,31.5,21.8,15.4,8.0
3239,66.010,0.000,3171.9,242.6,5.2,4,18452,0.000,0.000,0.314,-0.009,0.073,82.6,-6.6,0,-1.81,0.000,82.6,242.3,1.000,9.3,23.7,44.5,97.6,92.8,89.4,87.1,84.7,82.6,79.6,72.9,65.9,58.1,51.1,41.8,30.7,21.3,15.1,7.9
3240,66.032,0.000,3173.4,242.3,3.2,4,17881,0.000,0.000,0.344,-0.022,0.060,84.1,-19.8,0,-1.55,0.000,84.1,241.2,1.000,9.2,22.9,41.2,96.9,92.6,89.6,87.7,85.7,84.1,82.2,79.8,75.7,65.4,56.6,45.3,32.4,22.0,15.4,7.8
3241,66.054,0.000,3174.9,241.5,-0.8,4,17813,0.000,0.163,0.199,-0.033,0.035,86.8,-20.0,0,-0.84,0.000,90.9,235.8,0.000,9.1,21.2,35.7,71.0,93.3,90.9,89.4,87.9,86.8,85.5,84.1,82.5,79.7,74.1,55.6,37.1,24.0,16.2,7.9
3242,66.076,0.000,3176.3,240.4,-5.2,4,17630,0.000,0.048,0.042,-0.041,0.005,88.8,-16.3,0,-0.34,0.000,89.3,237.0,-0.007,8.9,19.5,30.8,53.6,93.9,92.0,90.8,89.7,88.8,87.8,86.8,85.7,84.0,81.7,74.9,45.2,27.0,17.4,8.1
3243,66.098,0.000,3177.8,239.2,-9.0,4,17583,0.000,0.115,-0.093,-0.047,-0.020,89.6,-20.1,0,0.11,0.000,89.6,234.5,-0.012,8.7,18.3,27.7,44.4,70.3,92.3,91.3,90.4,89.6,88.9,88.1,87.2,85.8,84.1,80.1,55.9,30.3,18.6,8.2
3244,66.120,0.000,3179.3,238.1,-10.6,4,17463,0.000,0.118,-0.160,-0.051,-0.032,89.1,-19.5,0,0.30,0.000,89.1,233.3,-0.015,8.6,17.7,26.3,41.0,61.9,91.6,90.7,89.8,89.1,88.5,87.7,86.9,85.7,84.2,80.8,63.4,32.3,19.3,8.3
3245,66.142,0.000,3180.7,237.0,-8.8,4,17406,0.000,0.206,-0.136,-0.054,-0.028,87.3,-18.9,0,0.23,0.000,87.3,230.5,0.000,8.7,18.0,26.9,42.3,64.7,89.8,88.8,88.0,87.3,86.6,85.8,85.0,83.8,82.3,78.8,60.4,31.5,19.0,8.3
3246,66.164,0.000,3182.2,235.9,-4.7,4,17310,0.000,0.218,-0.050,-0.055,-0.013,84.5,-16.3,0,-0.15,0.000,84.5,229.2,0.000,8.8,18.8,28.7,47.1,88.9,87.2,86.2,85.3,84.5,83.8,82.9,82.0,80.7,78.9,74.9,51.9,29.0,18.1,8.1
3247,66.186,0.000,3183.6,234.6,-0.7,4,17212,0.000,0.351,0.033,-0.056,0.003,81.6,-15.5,0,-0.35,0.000,81.9,225.2,0.000,9.0,19.6,30.9,53.4,86.4,84.6,83.5,82.4,81.6,80.8,79.8,78.8,77.3,75.4,70.4,45.3,26.8,17.2,8.0
3248,66.208,0.000,3185.0,233.0,1.5,4,17030,0.000,0.437,0.076,-0.057,0.011,79.4,-11.9,0,-0.47,0.000,80.5,221.9,0.000,9.1,20.2,32.2,57.4,84.4,82.5,81.3,80.2,79.4,78.5,77.5,76.5,74.9,72.8,67.1,42.5,25.8,16.8,7.9
3249,66.230,0.000,3186.4,231.1,1.6,4,16848,0.000,0.460,0.072,-0.058,0.011,78.0,-8.9,0,-0.46,0.000,79.0,219.6,0.000,9.1,20.1,32.1,57.0,82.9,81.1,79.9,78.9,78.0,77.2,76.2,75.2,73.7,71.6,66.4,42.7,25.9,16.8,7.9
3250,66.252,0.000,3187.8,229.0,0.6,4,16680,0.000,0.446,0.040,-0.059,0.004,77.2,-8.1,0,-0.38,0.000,77.6,217.8,0.000,9.0,19.8,31.2,54.0,81.9,80.1,79.0,78.0,77.2,76.4,75.5,74.6,73.1,71.3,66.9,44.7,26.6,17.1,7.9
3251,66.274,0.000,3189.2,226.9,-0.6,4,16528,0.000,0.428,0.001,-0.059,-0.003,76.5,-9.0,0,-0.28,0.000,76.5,216.1,0.000,9.0,19.4,30.2,50.9,80.9,79.2,78.2,77.2,76.5,75.7,74.9,74.0,72.7,71.0,67.1,47.5,27.5,17.5,8.0
3252,66.296,0.000,3190.6,224.9,-1.5,4,16384,0.000,0.425,-0.024,-0.059,-0.008,75.5,-9.8,0,-0.21,0.000,75.5,214.1,0.000,8.9,19.1,29.5,49.0,79.7,78.1,77.1,76.2,75.5,74.7,74.0,73.1,71.9,70.3,66.8,49.5,28.2,17.7,8.0
3253,66.318,0.000,3192.0,222.9,-1.6,4,16240,0.000,0.444,-0.031,-0.059,-0.009,74.2,-9.8,0,-0.19,0.000,74.2,211.8,0.000,8.9,19.0,29.3,48.5,78.3,76.7,75.8,74.9,74.2,73.5,72.7,71.9,70.7,69.2,65.8,50.1,28.4,17.8,8.1
3254,66.340,0.000,3193.3,220.9,-1.2,4,16088,0.000,0.476,-0.023,-0.059,-0.008,72.7,-8.9,0,-0.22,0.000,72.7,209.2,0.000,8.9,19.1,29.5,49.1,76.8,75.2,74.3,73.4,72.7,72.0,71.2,70.4,69.2,67.7,64.4,49.4,28.2,17.7,8.0
3255,66.362,0.000,3194.7,218.8,-0.5,4,15920,0.000,0.512,-0.008,-0.058,-0.005,71.1,-7.5,0,-0.26,0.000,71.1,206.4,0.000,8.9,19.2,29.9,50.1,75.2,73.6,72.7,71.8,71.1,70.4,69.6,68.8,67.7,66.2,62.9,48.3,27.8,17.6,8.0
3256,66.384,0.000,3196.0,216.7,-0.0,4,15740,0.000,0.541,0.004,-0.057,-0.002,69.6,-5.8,0,-0.29,0.000,69.6,203.7,0.000,8.9,19.3,30.2,51.0,73.7,72.1,71.1,70.2,69.6,68.9,68.1,67.3,66.2,64.7,61.4,47.4,27.5,17.5,8.0
3257,66.406,0.000,3197.3,214.5,0.2,4,15556,0.000,0.560,0.009,-0.057,-0.001,68.2,-4.1,0,-0.31,0.000,68.2,201.1,0.000,9.0,19.4,30.3,51.4,72.3,70.7,69.7,68.8,68.2,67.5,66.7,65.9,64.8,63.4,60.2,47.0,27.4,17.5,8.0
3258,66.428,0.000,3198.6,212.2,0.2,4,15371,0.000,0.333,0.020,-0.056,-0.002,66.9,-2.9,0,-0.63,0.000,66.9,203.4,0.000,8.9,19.4,30.2,73.5,70.9,69.3,68.4,67.5,66.9,66.2,65.5,64.7,63.6,62.2,59.1,47.1,27.4,17.5,8.0
3259,66.450,0.000,3199.9,210.2,0.1,4,15346,0.000,0.352,0.012,-0.056,-0.003,65.7,-9.9,0,-0.60,0.000,65.7,201.0,0.000,8.9,19.3,30.0,72.2,69.6,68.1,67.2,66.3,65.7,65.0,64.3,63.6,62.5,61.1,58.2,47.7,27.6,17.6,8.0
3260,66.472,0.000,3201.2,208.5,-0.2,4,15218,0.000,0.386,0.002,-0.055,-0.005,64.5,-10.3,0,-0.57,0.000,64.5,198.7,0.000,8.9,19.2,29.7,70.9,68.4,66.9,66.0,65.1,64.5,63.9,63.2,62.5,61.4,60.1,57.4,48.4,27.9,17.7,8.1
3261,66.494,0.000,3202.5,206.8,-0.4,4,15077,0.000,0.419,-0.007,-0.054,-0.007,63.3,-9.0,0,-0.54,0.000,63.3,196.3,0.000,8.9,19.1,29.5,69.6,67.1,65.6,64.8,63.9,63.3,62.7,62.0,61.4,60.3,59.1,56.4,48.5,28.2,17.8,8.1
3262,66.516,0.000,3203.7,205.0,-0.5,4,14926,0.000,0.453,-0.010,-0.053,-0.007,62.1,-7.5,0,-0.53,0.000,62.1,193.9,0.000,8.9,19.0,29.4,68.3,65.8,64.4,63.5,62.7,62.1,61.5,60.8,60.2,59.2,58.0,55.4,48.1,28.3,17.8,8.1
3263,66.538,0.000,3205.0,203.1,-0.4,4,14765,0.000,0.486,-0.009,-0.052,-0.007,60.8,-5.8,0,-0.53,0.000,60.8,191.4,0.000,8.9,19.0,29.4,67.0,64.5,63.0,62.2,61.4,60.8,60.2,59.6,58.9,58.0,56.8,54.3,47.4,28.3,17.8,8.1
3264,66.560,0.000,3206.2,201.1,-0.3,4,14596,0.000,0.516,-0.006,-0.051,-0.006,59.5,-4.3,0,-0.53,0.000,59.5,188.8,0.000,8.9,19.0,29.5,65.6,63.2,61.7,60.9,60.1,59.5,58.9,58.3,57.7,56.7,55.6,53.2,46.6,28.2,17.8,8.1
3265,66.582,0.000,3207.4,199.0,-0.1,4,14421,0.000,0.543,-0.003,-0.050,-0.006,58.3,-3.0,0,-0.53,0.000,58.3,186.2,0.000,8.9,19.0,29.5,64.3,61.8,60.4,59.6,58.8,58.3,57.7,57.1,56.4,55.5,54.4,52.0,45.8,28.2,17.8,8.1
3266,66.604,0.000,3208.7,196.9,-0.0,4,14245,0.000,0.565,-0.001,-0.049,-0.005,57.0,-1.5,0,-0.53,0.000,57.0,183.6,0.000,8.9,19.0,29.6,63.0,60.5,59.1,58.3,57.6,57.0,56.4,55.8,55.2,54.3,53.2,50.9,45.0,28.1,17.8,8.1
3267,66.626,0.000,3209.8,194.6,0.0,4,14064,0.000,0.583,-0.000,-0.048,-0.005,55.8,-0.2,0,-0.53,0.000,55.8,181.0,0.000,8.8,19.0,29.6,61.7,59.3,57.9,57.1,56.3,55.8,55.2,54.6,54.0,53.1,52.1,49.9,44.3,28.1,17.8,8.1
3268,66.648,0.000,3211.0,192.4,0.0,4,13880,0.000,0.598,-0.001,-0.047,-0.005,54.6,1.1,0,-0.53,0.000,54.6,178.5,0.000,8.8,19.0,29.5,60.4,58.0,56.6,55.9,55.1,54.6,54.0,53.5,52.9,52.0,51.0,48.9,43.5,28.2,17.8,8.1
3269,66.670,0.000,3212.2,190.0,-0.0,4,13694,0.000,0.612,-0.001,-0.046,-0.005,53.4,2.5,0,-0.52,0.000,53.4,175.9,0.000,8.8,19.0,29.5,59.2,56.8,55.4,54.7,54.0,53.4,52.9,52.3,51.7,50.9,49.9,47.8,42.8,28.2,17.8,8.1
3270,66.692,0.000,3213.3,187.7,-0.0,4,13508,0.000,0.624,-0.002,-0.045,-0.005,52.3,4.0,0,-0.52,0.000,52.3,173.3,0.000,8.8,19.0,29.4,57.9,55.6,54.2,53.5,52.8,52.3,51.7,51.2,50.6,49.8,48.8,46.8,42.0,28.3,17.9,8.1
3271,66.714,0.000,3214.5,185.3,-0.1,4,13320,0.000,0.634,-0.003,-0.044,-0.005,51.1,5.6,0,-0.51,0.000,51.1,170.8,0.000,8.8,18.9,29.4,56.7,54.4,53.1,52.3,51.6,51.1,50.6,50.1,49.5,48.7,47.8,45.9,41.2,28.3,17.9,8.2
3272,66.736,0.000,3215.6,182.9,-0.1,4,13133,0.000,0.642,-0.004,-0.043,-0.005,50.0,7.4,0,-0.51,0.000,50.0,168.2,0.000,8.8,18.9,29.4,55.5,53.2,51.9,51.2,50.5,50.0,49.5,49.0,48.4,47.7,46.7,44.9,40.5,28.3,17.9,8.2
3273,66.758,0.000,3216.7,180.5,-0.1,4,12954,0.000,0.648,-0.004,-0.042,-0.005,48.9,9.8,0,-0.51,0.000,48.9,165.7,0.000,8.8,18.9,29.3,54.3,52.0,50.7,50.0,49.4,48.9,48.4,47.9,47.3,46.6,45.7,43.9,39.7,28.4,17.9,8.2
3274,66.780,0.000,3217.8,178.1,-0.1,4,12767,0.000,0.653,-0.004,-0.041,-0.005,47.8,12.3,0,-0.51,0.000,47.8,163.3,0.000,8.8,18.9,29.3,53.1,50.8,49.6,48.9,48.2,47.8,47.3,46.8,46.3,45.5,44.7,42.9,38.9,28.4,17.9,8.2
3275,66.802,0.000,3218.9,175.7,-0.1,4,12578,0.000,0.657,-0.004,-0.040,-0.005,46.7,15.0,0,-0.50,0.000,46.7,160.8,0.000,8.8,18.9,29.3,51.9,49.7,48.5,47.8,47.1,46.7,46.2,45.7,45.2,44.5,43.6,42.0,38.1,28.4,18.0,8.2
3276,66.824,0.000,3220.0,173.3,-0.1,4,12392,0.000,0.660,-0.004,-0.040,-0.005,45.6,17.9,0,-0.50,0.000,45.6,158.4,0.000,8.8,18.9,29.3,50.8,48.6,47.3,46.7,46.0,45.6,45.1,44.6,44.2,43.5,42.6,41.0,37.3,28.4,18.0,8.2
3277,66.846,0.000,3221.0,170.9,-0.0,4,12206,0.000,0.661,-0.003,-0.039,-0.005,44.5,20.6,0,-0.51,0.000,44.5,156.0,0.000,8.8,18.9,29.6,49.6,47.4,46.2,45.6,45.0,44.5,44.1,43.6,43.1,42.5,41.6,40.1,36.5,28.4,18.0,8.2
3278,66.868,0.000,3222.1,168.5,-0.0,4,12022,0.000,0.330,0.022,-0.038,-0.005,43.5,22.3,0,-1.23,0.000,43.5,153.6,0.000,8.8,18.8,51.5,48.5,46.3,45.2,44.5,43.9,43.5,43.0,42.6,42.1,41.5,40.7,39.1,35.7,28.3,18.0,8.2
3279,66.890,0.000,3223.1,166.3,-0.0,3,14777,0.000,0.669,0.020,-0.037,-0.006,42.5,8.7,0,-1.22,0.000,42.5,151.3,0.000,8.8,18.8,50.4,47.4,45.3,44.1,43.5,42.9,42.5,42.0,41.6,41.1,40.5,39.7,38.3,35.0,28.1,18.0,8.2
3280,66.912,0.000,3224.1,164.3,-0.1,3,14714,0.000,0.683,0.014,-0.036,-0.007,41.5,13.0,0,-1.20,0.000,41.5,149.0,0.000,8.7,18.7,49.3,46.3,44.2,43.1,42.5,41.9,41.5,41.1,40.6,40.2,39.6,38.8,37.4,34.3,27.9,18.1,8.2
3281,66.934,0.000,3225.1,162.1,-0.2,3,14198,0.000,0.683,0.007,-0.035,-0.008,40.5,17.8,0,-1.18,0.000,40.5,146.8,0.000,8.7,18.6,48.2,45.3,43.2,42.1,41.5,40.9,40.5,40.1,39.7,39.3,38.7,38.0,36.6,33.6,27.7,18.2,8.3
3282,66.956,0.000,3226.1,159.8,-0.3,3,13907,0.000,0.338,0.002,-0.034,-0.009,39.6,23.6,0,-1.17,0.000,39.6,144.6,0.000,8.7,18.6,47.2,44.2,42.2,41.1,40.5,40.0,39.6,39.2,38.8,38.4,37.8,37.1,35.8,32.9,27.3,18.3,8.3
3283,66.978,0.000,3227.0,157.6,-0.3,3,13995,0.000,0.678,-0.003,-0.033,-0.010,38.7,11.2,0,-1.16,0.000,38.7,142.4,0.000,8.7,18.5,46.1,43.2,41.2,40.2,39.6,39.0,38.7,38.3,37.9,37.5,36.9,36.2,34.9,32.2,26.9,18.3,8.3
3284,67.000,0.000,3228.0,155.4,-0.4,3,13526,0.000,0.681,-0.006,-0.031,-0.010,37.7,14.4,0,-1.15,0.000,37.7,140.2,0.000,8.7,18.5,45.1,42.2,40.2,39.2,38.6,38.1,37.7,37.3,36.9,36.6,36.0,35.3,34.1,31.4,26.5,18.4,8.3
3285,67.022,0.000,3228.9,153.1,-0.3,3,13243,0.000,0.338,-0.007,-0.030,-0.010,36.8,20.1,0,-1.14,0.000,36.8,138.0,0.000,8.7,18.4,44.0,41.2,39.2,38.2,37.6,37.1,36.8,36.4,36.0,35.6,35.1,34.5,33.3,30.7,26.0,18.4,8.3
3286,67.044,0.000,3229.9,150.9,-0.3,3,13370,0.000,0.677,-0.008,-0.029,-0.010,35.8,8.2,0,-1.13,0.000,35.8,135.9,0.000,8.6,18.4,43.0,40.1,38.2,37.2,36.7,36.2,35.8,35.5,35.1,34.7,34.2,33.6,32.4,30.0,25.5,18.5,8.3
3287,67.066,0.000,3230.8,148.8,-0.3,3,12946,0.000,0.680,-0.007,-0.028,-0.010,34.9,13.2,0,-1.13,0.000,34.9,133.7,0.000,8.6,18.4,42.0,39.1,37.3,36.3,35.7,35.2,34.9,34.5,34.2,33.8,33.3,32.7,31.6,29.2,25.0,18.5,8.3
3288,67.088,0.000,3231.7,146.5,-0.2,3,12684,0.000,0.338,-0.007,-0.026,-0.010,34.0,20.6,0,-1.12,0.000,34.0,131.5,0.000,8.6,18.4,40.9,38.1,36.3,35.3,34.8,34.3,34.0,33.6,33.3,32.9,32.4,31.9,30.8,28.5,24.5,18.5,8.3
3289,67.110,0.000,3232.6,144.4,-0.2,3,12804,0.000,0.679,-0.005,-0.025,-0.010,33.1,10.0,0,-1.13,0.000,33.1,129.4,0.000,8.6,18.6,39.9,37.1,35.3,34.4,33.9,33.4,33.1,32.7,32.4,32.1,31.6,31.0,30.0,27.8,24.0,18.4,8.4
3290,67.132,0.000,3233.4,142.4,-0.1,3,12347,0.000,0.343,-0.003,-0.024,-0.010,32.2,15.6,0,-1.17,0.000,32.2,127.2,0.000,8.6,19.5,38.9,36.2,34.4,33.5,32.9,32.5,32.2,31.8,31.5,31.2,30.7,30.2,29.2,27.1,23.4,18.2,8.4
3291,67.154,0.000,3234.3,140.4,-0.1,3,12436,0.000,0.694,0.197,-0.022,-0.010,31.3,6.9,0,-2.60,0.810,31.3,125.1,0.000,8.6,41.3,37.9,35.2,33.5,32.5,32.1,31.6,31.3,31.0,30.7,30.3,29.9,29.4,28.4,26.4,22.9,18.0,8.4
3292,67.176,0.000,3235.2,138.5,0.1,3,11970,0.000,0.349,0.397,-0.021,-0.012,30.5,18.0,0,-2.58,0.810,30.5,123.2,0.000,8.6,40.3,37.0,34.3,32.6,31.7,31.2,30.8,30.5,30.2,29.9,29.6,29.1,28.6,27.7,25.7,22.4,17.9,8.4
3293,67.198,0.000,3236.0,136.6,-0.0,3,12078,0.000,0.345,0.427,-0.019,-0.018,29.9,17.6,0,-2.55,0.679,29.9,121.6,0.000,8.5,39.5,36.2,33.6,31.9,31.1,30.6,30.2,29.9,29.6,29.3,29.0,28.6,28.1,27.2,25.3,22.2,17.9,8.5
3294,67.220,0.000,3236.8,135.0,-0.5,3,11966,0.000,0.674,0.364,-0.016,-0.030,29.4,16.3,0,-2.49,0.637,29.4,120.4,0.000,8.4,38.9,35.6,33.1,31.4,30.6,30.1,29.7,29.4,29.2,28.9,28.6,28.2,27.7,26.8,25.0,22.0,18.0,8.6
3295,67.242,0.000,3237.6,133.2,-1.5,3,11464,0.000,0.321,0.355,-0.012,-0.045,29.1,28.7,0,-2.42,0.723,29.1,119.3,0.000,8.2,38.3,35.1,32.6,31.0,30.2,29.7,29.4,29.1,28.8,28.5,28.2,27.8,27.4,26.5,24.8,22.0,18.1,8.8
3296,67.264,0.000,3238.4,131.4,-2.5,2,14448,0.000,0.307,0.308,-0.007,-0.059,28.7,26.4,0,-2.36,0.735,28.7,118.1,0.000,8.1,37.7,34.6,32.1,30.6,29.8,29.4,29.0,28.7,28.4,28.2,27.9,27.5,27.1,26.3,24.6,21.9,18.2,9.0
3297,67.286,0.000,3239.2,129.9,-3.2,2,14387,0.000,0.295,0.292,-0.001,-0.074,28.3,19.1,0,-2.30,0.799,28.3,117.1,0.000,7.9,37.1,34.0,31.6,30.1,29.4,28.9,28.6,28.3,28.1,27.8,27.5,27.2,26.7,25.9,24.4,21.7,18.2,9.2
3298,67.308,0.000,3240.0,128.5,-3.6,2,14256,0.000,0.572,0.251,0.006,-0.087,27.9,9.1,0,-2.24,0.810,27.9,116.1,0.000,7.8,36.5,33.5,31.1,29.7,28.9,28.5,28.2,27.9,27.7,27.4,27.2,26.8,26.4,25.6,24.1,21.5,18.2,9.4
3299,67.330,0.000,3240.8,126.7,-4.2,2,13620,0.000,0.272,0.202,0.014,-0.101,27.5,15.6,0,-2.18,0.810,27.5,114.9,0.000,7.6,35.9,32.9,30.6,29.2,28.5,28.1,27.7,27.5,27.3,27.0,26.8,26.4,26.0,25.3,23.8,21.3,18.1,9.6
3300,67.352,0.000,3241.6,125.0,-4.7,2,13664,0.000,0.266,0.158,0.023,-0.114,27.1,8.5,0,-2.13,0.810,27.1,113.5,0.000,7.5,35.3,32.4,30.1,28.7,28.0,27.6,27.3,27.1,26.8,26.6,26.3,26.0,25.6,24.9,23.5,21.1,18.0,9.9
3301,67.374,0.000,3242.3,123.4,-5.0,2,13544,0.000,0.526,0.117,0.033,-0.126,26.6,0.7,0,-2.08,0.810,26.6,112.1,0.000,7.3,34.7,31.8,29.6,28.2,27.5,27.1,26.8,26.6,26.4,26.1,25.9,25.6,25.2,24.5,23.1,20.8,17.8,10.0
3302,67.396,0.000,3243.1,121.7,-5.3,2,13020,0.000,0.252,0.078,0.044,-0.138,26.1,5.3,0,-2.04,0.810,26.1,110.9,0.000,7.2,34.1,31.2,29.0,27.7,27.0,26.7,26.3,26.1,25.9,25.7,25.4,25.1,24.7,24.1,22.7,20.5,17.7,10.2
3303,67.418,0.000,3243.8,120.0,-5.6,2,13038,0.000,0.505,0.042,0.056,-0.149,25.6,-4.2,0,-2.01,0.810,25.6,109.2,0.000,7.0,33.5,30.6,28.5,27.1,26.5,26.1,25.8,25.6,25.4,25.2,24.9,24.6,24.3,23.6,22.3,20.2,17.4,10.3
3304,67.440,0.000,3244.5,118.4,-5.8,2,12560,0.000,0.496,0.008,0.069,-0.159,25.1,-1.4,0,-1.98,0.810,25.1,107.8,0.000,6.9,32.9,30.0,27.9,26.6,26.0,25.6,25.3,25.1,24.9,24.7,24.4,24.1,23.8,23.2,21.9,19.8,17.2,10.3
3305,67.462,0.000,3245.2,116.5,-6.0,2,12278,0.000,0.464,-0.018,0.082,-0.167,24.5,0.5,0,-1.95,0.810,24.5,106.6,0.000,6.8,32.2,29.4,27.3,26.0,25.4,25.0,24.7,24.5,24.3,24.1,23.9,23.6,23.3,22.7,21.4,19.5,16.9,10.3
3306,67.484,0.000,3246.0,114.6,-5.9,2,12105,0.000,0.430,-0.036,0.096,-0.174,23.9,0.6,0,-1.94,0.810,23.9,105.5,0.000,6.7,31.5,28.7,26.6,25.4,24.8,24.4,24.1,23.9,23.7,23.5,23.3,23.0,22.7,22.1,20.9,19.0,16.6,10.3
3307,67.506,0.000,3246.7,112.8,-5.7,2,11993,0.000,0.410,-0.046,0.111,-0.178,23.3,-0.9,0,-1.94,0.810,23.3,104.1,0.000,6.7,30.8,28.0,25.9,24.7,24.1,23.8,23.5,23.3,23.1,22.9,22.7,22.4,22.1,21.5,20.4,18.6,16.2,10.2
3308,67.528,0.000,3247.3,111.0,-5.2,2,11897,0.000,0.408,-0.068,0.126,-0.181,22.7,-2.1,0,-1.94,0.810,22.7,102.4,0.000,6.7,30.0,27.2,25.2,24.0,23.4,23.1,22.9,22.7,22.5,22.3,22.1,21.8,21.5,20.9,19.8,18.1,15.8,10.1
3309,67.550,0.000,3248.0,109.4,-4.7,2,11788,0.000,0.416,-0.082,0.141,-0.182,22.0,-1.9,0,-1.95,0.810,22.0,100.6,0.000,6.7,29.2,26.5,24.5,23.3,22.7,22.4,22.2,22.0,21.8,21.6,21.4,21.1,20.8,20.3,19.2,17.5,15.4,10.0
3310,67.572,0.000,3248.7,107.7,-4.0,2,11663,0.000,0.428,-0.063,0.157,-0.176,21.3,-0.8,0,-1.97,0.810,21.3,98.7,0.000,6.8,28.4,25.7,23.7,22.6,22.0,21.7,21.4,21.3,21.1,20.9,20.7,20.5,20.2,19.6,18.6,17.0,14.9,9.9
3311,67.594,0.000,3249.3,106.1,-3.3,2,11523,0.000,0.446,0.103,0.170,-0.140,20.5,1.0,0,-1.99,0.810,20.5,96.8,0.000,7.1,27.6,24.8,22.9,21.8,21.3,21.0,20.7,20.5,20.4,20.2,20.0,19.8,19.5,19.0,18.0,16.4,14.5,9.7
3312,67.616,0.000,3250.0,104.5,-2.4,2,11347,0.000,0.463,0.265,0.181,-0.105,19.8,5.4,0,-2.03,0.810,19.8,94.9,0.000,7.3,26.7,24.1,22.2,21.1,20.5,20.3,20.0,19.8,19.7,19.5,19.3,19.1,18.8,18.3,17.4,15.9,14.0,9.5
3313,67.638,0.000,3250.7,102.9,-1.8,2,11089,0.000,0.241,0.410,0.188,-0.074,19.2,11.0,0,-2.08,0.810,19.2,92.9,0.000,7.7,26.0,23.4,21.5,20.4,19.9,19.6,19.4,19.2,19.1,18.9,18.7,18.5,18.2,17.8,16.8,15.4,13.7,9.4
3314,67.660,0.000,3251.3,101.4,-1.5,2,11214,0.000,0.483,0.461,0.192,-0.048,18.7,8.4,0,-2.13,0.660,18.7,91.5,0.000,8.0,25.4,22.8,20.9,19.9,19.4,19.1,18.9,18.7,18.6,18.4,18.2,18.0,17.8,17.3,16.4,15.0,13.3,9.3
3315,67.682,0.000,3252.0,100.0,-1.5,2,10826,0.000,0.233,0.528,0.195,-0.026,18.3,17.0,0,-2.19,0.591,18.3,90.4,0.000,8.5,24.9,22.2,20.5,19.4,18.9,18.7,18.4,18.3,18.1,18.0,17.8,17.6,17.3,16.9,16.0,14.7,13.1,9.2
3316,67.704,0.000,3252.6,98.5,-1.7,2,10914,0.000,0.221,0.551,0.195,-0.006,17.9,13.4,0,-2.27,0.500,17.9,89.5,0.000,9.0,24.4,21.8,20.0,19.0,18.5,18.3,18.1,17.9,17.7,17.6,17.4,17.2,17.0,16.5,15.7,14.4,12.8,9.0
3317,67.726,0.000,3253.3,97.2,-1.8,2,10818,0.000,0.212,0.590,0.193,0.010,17.6,9.6,0,-2.39,0.470,17.7,88.6,0.000,9.7,24.0,21.4,19.7,18.7,18.2,17.9,17.7,17.6,17.4,17.2,17.1,16.9,16.7,16.2,15.4,14.1,12.6,8.9
3318,67.748,0.000,3253.9,96.1,-2.1,2,10691,0.000,0.205,0.628,0.189,0.024,17.2,7.7,0,-2.58,0.470,17.7,87.7,0.000,10.7,23.6,21.1,19.3,18.3,17.9,17.6,17.4,17.2,17.1,16.9,16.8,16.6,16.4,15.9,15.1,13.9,12.4,8.8
3319,67.770,0.000,3254.5,95.0,-2.5,2,10560,0.000,0.197,0.828,0.183,0.035,17.0,7.1,0,-9.29,0.470,17.6,87.0,0.000,33.0,23.3,20.7,19.0,18.1,17.6,17.3,17.1,17.0,16.8,16.7,16.5,16.3,16.1,15.7,14.9,13.7,12.2,8.7
3320,67.792,0.000,3255.1,93.9,-2.9,2,10432,0.000,0.189,0.894,0.177,0.045,16.7,9.1,0,-9.39,0.470,17.5,86.3,0.000,32.8,23.0,20.5,18.8,17.8,17.3,17.1,16.9,16.7,16.6,16.4,16.3,16.1,15.9,15.5,14.7,13.5,12.0,8.6
3321,67.814,0.000,3255.7,92.9,-3.4,2,10305,0.000,0.178,0.913,0.169,0.054,16.5,11.4,0,-9.50,0.470,16.5,85.6,0.000,32.6,22.8,20.2,18.5,17.6,17.1,16.9,16.7,16.5,16.4,16.2,16.1,15.9,15.7,15.3,14.5,13.3,11.9,8.5
3322,67.836,0.000,3256.3,91.8,-4.0,2,10179,0.000,0.167,0.932,0.159,0.062,16.3,12.4,0,-9.61,0.470,16.3,85.1,0.000,32.5,22.5,20.0,18.3,17.4,16.9,16.7,16.5,16.3,16.2,16.0,15.9,15.7,15.5,15.1,14.3,13.1,11.7,8.4
3323,67.858,0.000,3256.9,90.8,-4.6,2,10054,0.000,0.155,0.951,0.149,0.069,16.1,12.7,0,-9.74,0.470,16.1,84.5,0.000,32.4,22.3,19.8,18.1,17.2,16.7,16.5,16.3,16.1,16.0,15.8,15.7,15.5,15.3,14.9,14.1,13.0,11.6,8.3
3324,67.880,0.000,3257.5,89.7,-5.2,2,9935,0.000,0.142,0.970,0.137,0.075,15.9,12.6,0,-9.88,0.470,15.9,84.0,0.000,32.3,22.1,19.6,17.9,17.0,16.5,16.3,16.1,15.9,15.8,15.6,15.5,15.3,15.1,14.7,13.9,12.8,11.4,8.2
3325,67.902,0.000,3258.0,88.7,-5.8,2,9822,0.000,0.153,0.989,0.124,0.080,15.7,12.1,0,-10.03,0.470,15.7,82.6,0.000,32.3,21.9,19.4,17.7,16.8,16.3,16.1,15.9,15.7,15.6,15.5,15.3,15.1,14.9,14.5,13.8,12.6,11.3,8.1
3326,67.924,0.000,3258.6,87.7,-6.4,2,9681,0.000,0.168,1.000,0.111,0.084,15.6,12.5,0,-10.20,0.470,15.6,80.9,0.000,32.3,21.8,19.2,17.5,16.6,16.1,15.9,15.7,15.6,15.4,15.3,15.1,14.9,14.7,14.3,13.6,12.5,11.1,8.0
3327,67.946,0.000,3259.1,86.6,-7.0,2,9526,0.000,0.181,1.000,0.096,0.087,15.4,13.6,0,-10.39,0.470,15.4,79.3,0.000,32.3,21.6,19.1,17.4,16.4,16.0,15.7,15.5,15.4,15.3,15.1,15.0,14.8,14.6,14.2,13.4,12.3,11.0,7.9
3328,67.968,0.000,3259.7,85.5,-7.6,2,9365,0.000,0.192,1.000,0.081,0.089,15.2,14.9,0,-10.59,0.470,15.2,77.8,0.000,32.4,21.5,18.9,17.2,16.3,15.8,15.6,15.4,15.2,15.1,14.9,14.8,14.6,14.4,14.0,13.3,12.1,10.8,7.8
3329,67.990,0.000,3260.2,84.3,-8.2,2,9204,0.000,0.200,1.000,0.065,0.091,15.1,16.4,0,-10.81,0.470,15.1,76.3,0.000,32.5,21.3,18.7,17.1,16.1,15.7,15.4,15.2,15.1,14.9,14.8,14.6,14.5,14.2,13.9,13.1,12.0,10.7,7.7
3330,68.012,0.000,3260.7,83.2,-8.7,2,9045,0.000,0.179,1.000,0.049,0.093,14.9,17.8,0,-11.05,0.470,14.9,76.0,0.000,32.7,21.2,18.6,16.9,15.9,15.5,15.3,15.1,14.9,14.8,14.6,14.5,14.3,14.1,13.7,12.9,11.8,10.5,7.6
3331,68.034,0.000,3261.2,82.0,-9.2,2,8926,0.000,0.150,1.000,0.031,0.094,14.7,18.0,0,-11.31,0.470,14.7,76.0,0.000,32.8,21.0,18.4,16.7,15.8,15.3,15.1,14.9,14.7,14.6,14.5,14.3,14.1,13.9,13.5,12.8,11.7,10.4,7.4
3332,68.056,0.000,3261.7,80.8,-9.7,2,8838,0.000,0.121,1.000,0.014,0.095,14.6,16.9,0,-11.59,0.470,14.6,76.0,0.000,33.0,20.9,18.3,16.6,15.6,15.2,14.9,14.7,14.6,14.4,14.3,14.2,14.0,13.8,13.4,12.6,11.5,10.2,7.3
3333,68.078,0.000,3262.2,79.7,-10.1,2,8767,0.000,0.093,1.000,-0.004,0.097,14.4,15.1,0,-11.89,0.470,14.4,76.0,0.000,33.3,20.8,18.1,16.4,15.5,15.0,14.8,14.6,14.4,14.3,14.1,14.0,13.8,13.6,13.2,12.5,11.4,10.1,7.2
3334,68.100,0.000,3262.7,78.7,-10.4,2,8707,0.000,0.067,1.000,-0.022,0.098,14.3,13.0,0,-12.22,0.470,14.3,76.0,-0.007,33.6,20.7,18.0,16.3,15.3,14.9,14.6,14.4,14.3,14.1,14.0,13.8,13.7,13.4,13.0,12.3,11.2,9.9,7.1
3335,68.122,0.000,3263.1,77.7,-10.7,2,8654,0.000,0.043,1.000,-0.041,0.099,14.1,10.7,0,-12.58,0.470,14.1,76.0,-0.012,33.9,20.6,17.9,16.1,15.2,14.7,14.5,14.3,14.1,14.0,13.8,13.7,13.5,13.3,12.9,12.2,11.1,9.8,6.9
3336,68.144,0.000,3263.6,76.8,-11.0,2,8606,0.000,0.021,1.000,-0.060,0.098,14.0,8.4,0,-12.97,0.470,14.0,76.0,-0.015,34.4,20.5,17.8,16.0,15.0,14.6,14.3,14.1,14.0,13.8,13.7,13.6,13.4,13.1,12.8,12.0,10.9,9.6,6.8
3337,68.166,0.000,3264.0,76.0,-11.2,2,8563,0.000,0.001,1.000,-0.079,0.098,13.9,6.3,0,-13.39,0.470,13.9,76.0,-0.018,34.9,20.4,17.7,15.9,14.9,14.4,14.2,14.0,13.9,13.7,13.6,13.4,13.2,13.0,12.6,11.9,10.8,9.5,6.7
3338,68.188,0.000,3264.5,75.3,-11.4,2,8524,0.032,0.000,1.000,-0.098,0.096,13.7,4.3,0,-13.85,0.470,13.7,76.0,0.032,35.5,20.3,17.6,15.8,14.8,14.3,14.1,13.9,13.7,13.6,13.4,13.3,13.1,12.9,12.5,11.7,10.6,9.3,6.5
3339,68.210,0.000,3264.9,74.6,-11.6,2,8523,0.082,0.000,1.000,-0.117,0.095,13.6,4.0,0,-14.36,0.470,13.6,76.0,0.082,36.1,20.3,17.5,15.7,14.7,14.2,14.0,13.8,13.6,13.5,13.3,13.2,13.0,12.8,12.4,11.6,10.5,9.2,6.4
3340,68.232,0.000,3265.3,74.0,-11.7,2,8571,0.132,0.000,1.000,-0.136,0.093,13.5,5.1,0,-14.91,0.470,13.5,76.0,0.132,36.9,20.2,17.4,15.6,14.6,14.1,13.8,13.6,13.5,13.3,13.2,13.0,12.9,12.6,12.2,11.5,10.4,9.1,6.3
3341,68.254,0.000,3265.8,73.5,-11.8,2,8645,0.182,0.000,1.000,-0.155,0.091,13.4,6.9,0,-15.52,0.470,13.4,76.0,0.182,37.8,20.2,17.3,15.5,14.5,14.0,13.7,13.5,13.4,13.2,13.1,12.9,12.7,12.5,12.1,11.3,10.2,8.9,6.2
3342,68.276,0.000,3266.2,73.0,-11.9,2,8735,0.200,0.000,1.000,-0.174,0.089,13.2,9.1,0,-16.18,0.470,13.2,76.0,0.200,38.7,20.1,17.2,15.4,14.3,13.9,13.6,13.4,13.2,13.1,12.9,12.8,12.6,12.4,12.0,11.2,10.1,8.8,6.1
3343,68.298,0.000,3266.6,72.6,-12.0,2,8777,0.200,0.000,1.000,-0.192,0.088,13.1,10.6,0,-16.89,0.470,13.1,76.0,0.200,39.8,20.0,17.1,15.3,14.2,13.7,13.5,13.3,13.1,13.0,12.8,12.7,12.5,12.2,11.8,11.1,9.9,8.7,5.9
3344,68.320,0.000,3267.0,72.3,-12.0,2,8767,0.198,0.000,1.000,-0.211,0.087,13.0,11.2,0,-17.67,0.470,13.0,76.0,0.198,40.9,20.0,17.0,15.1,14.1,13.6,13.3,13.1,13.0,12.8,12.7,12.5,12.3,12.1,11.7,10.9,9.8,8.5,5.8
3345,68.342,0.000,3267.4,71.9,-11.9,2,8733,0.194,0.000,1.000,-0.230,0.086,12.8,11.5,0,-18.51,0.470,12.8,76.0,0.194,42.2,19.9,16.9,15.0,14.0,13.5,13.2,13.0,12.8,12.7,12.5,12.4,12.2,11.9,11.5,10.8,9.6,8.4,5.7
3346,68.364,0.000,3267.8,71.6,-11.8,2,8686,0.190,0.000,1.000,-0.248,0.086,12.7,11.5,0,-19.42,0.470,12.7,76.0,0.190,43.6,19.8,16.8,14.9,13.8,13.3,13.0,12.8,12.7,12.5,12.4,12.2,12.0,11.8,11.4,10.6,9.5,8.2,5.6
3347,68.386,0.000,3268.2,71.3,-11.7,2,8635,0.187,0.000,1.000,-0.266,0.086,12.5,11.3,0,-20.40,0.470,12.5,76.0,0.187,45.1,19.7,16.6,14.7,13.6,13.1,12.9,12.7,12.5,12.4,12.2,12.1,11.9,11.6,11.2,10.4,9.3,8.0,5.4
3348,68.408,0.000,3268.6,71.0,-11.5,2,8584,0.183,0.000,1.000,-0.284,0.086,12.3,11.2,0,-21.45,0.470,12.3,76.0,0.183,46.8,19.5,16.5,14.5,13.5,13.0,12.7,12.5,12.3,12.2,12.0,11.9,11.7,11.4,11.0,10.3,9.1,7.9,5.3
3349,68.430,0.000,3269.0,70.7,-11.2,2,8531,0.180,0.000,1.000,-0.302,0.087,12.2,10.9,0,-22.59,0.470,12.2,76.0,0.180,48.7,19.4,16.3,14.4,13.3,12.8,12.5,12.3,12.2,12.0,11.9,11.7,11.5,11.3,10.9,10.1,9.0,7.7,5.2
3350,68.452,0.000,3269.3,70.4,-11.0,2,8479,0.176,0.000,1.000,-0.320,0.088,12.0,10.6,0,-23.82,0.470,12.0,76.0,0.176,50.9,19.3,16.2,14.2,13.1,12.6,12.4,12.1,12.0,11.8,11.7,11.5,11.3,11.1,10.7,9.9,8.8,7.6,5.0
3351,68.474,0.000,3269.7,70.1,-10.6,2,8426,0.173,0.000,1.000,-0.337,0.090,11.8,10.3,0,-25.15,0.470,11.8,76.0,0.173,53.3,19.1,16.0,14.0,12.9,12.4,12.2,12.0,11.8,11.6,11.5,11.3,11.1,10.9,10.5,9.7,8.6,7.4,4.9
3352,68.496,0.000,3270.1,69.8,-10.3,2,8374,0.169,0.000,1.000,-0.354,0.091,11.6,9.9,0,-26.58,0.470,11.6,76.0,0.169,56.2,19.0,15.8,13.8,12.8,12.2,12.0,11.8,11.6,11.4,11.3,11.1,10.9,10.7,10.3,9.5,8.4,7.2,4.8
3353,68.518,0.000,3270.5,69.5,-9.9,2,8321,0.166,0.000,1.000,-0.371,0.093,11.4,9.5,0,-28.11,0.470,11.4,76.0,0.166,59.6,18.8,15.7,13.7,12.6,12.1,11.8,11.6,11.4,11.3,11.1,11.0,10.8,10.5,10.1,9.4,8.3,7.1,4.7
3354,68.540,0.000,3270.8,69.2,-9.5,2,8270,0.163,0.000,1.000,-0.387,0.095,11.2,9.1,0,-29.75,0.470,11.2,76.0,0.163,63.7,18.7,15.5,13.5,12.4,11.9,11.6,11.4,11.2,11.1,10.9,10.8,10.6,10.3,9.9,9.2,8.1,6.9,4.5
3355,68.562,0.000,3271.2,68.9,-9.1,2,8221,0.159,0.000,1.000,-0.404,0.096,11.0,8.7,0,-31.48,0.470,11.0,76.0,0.159,68.6,18.5,15.3,13.3,12.2,11.7,11.4,11.2,11.0,10.9,10.7,10.6,10.4,10.1,9.7,9.0,7.9,6.7,4.4
3356,68.584,0.000,3271.6,68.7,-8.7,2,8170,0.156,0.000,1.000,-0.419,0.099,10.8,8.2,0,-33.30,0.470,10.8,76.0,0.156,74.8,18.3,15.1,13.1,12.0,11.5,11.2,11.0,10.8,10.7,10.5,10.4,10.2,9.9,9.5,8.8,7.7,6.6,4.3
3357,68.606,0.000,3271.9,68.4,-8.2,2,8122,0.153,0.000,1.000,-0.435,0.101,10.6,7.8,0,-35.18,0.470,10.6,76.0,0.153,82.6,18.1,14.9,12.9,11.8,11.3,11.0,10.8,10.6,10.5,10.3,10.2,10.0,9.7,9.3,8.6,7.6,6.4,4.2
3358,68.628,0.000,3272.3,68.1,-7.8,2,8074,0.150,0.000,1.000,-0.450,0.103,10.4,7.3,0,-37.09,0.470,10.4,76.0,0.150,93.1,18.0,14.7,12.7,11.6,11.1,10.8,10.6,10.4,10.3,10.1,10.0,9.8,9.6,9.1,8.4,7.4,6.2,4.1
3359,68.650,0.000,3272.7,67.9,-7.3,2,8028,0.147,0.000,1.000,-0.465,0.105,10.2,6.8,0,-38.98,0.470,10.2,76.0,0.147,107.8,17.8,14.5,12.5,11.4,10.9,10.6,10.4,10.2,10.1,9.9,9.8,9.6,9.4,9.0,8.2,7.2,6.1,4.0
3360,68.672,0.000,3273.0,67.6,-6.8,2,7983,0.144,0.000,1.000,-0.480,0.107,10.0,6.4,0,-40.79,0.470,10.0,76.0,0.144,129.7,17.6,14.3,12.3,11.2,10.7,10.4,10.2,10.0,9.9,9.7,9.6,9.4,9.2,8.8,8.0,7.0,5.9,3.9
3361,68.694,0.000,3273.3,67.3,-6.3,2,7939,0.141,0.000,1.000,-0.494,0.110,9.8,5.9,0,-42.42,0.470,9.8,76.0,0.141,166.1,17.5,14.1,12.1,11.0,10.5,10.2,10.0,9.8,9.7,9.5,9.4,9.2,9.0,8.6,7.9,6.9,5.8,3.7
3362,68.716,0.000,3273.7,67.1,-5.8,2,7896,0.139,0.000,1.000,-0.507,0.112,9.7,5.4,0,-43.24,0.470,9.7,76.0,0.139,200.0,17.3,14.0,11.9,10.8,10.3,10.0,9.8,9.7,9.5,9.4,9.2,9.0,8.8,8.4,7.7,6.7,5.6,3.6
3363,68.738,0.000,3274.1,66.8,-5.3,2,7856,0.136,0.000,1.000,-0.521,0.114,9.5,4.9,0,-43.30,0.470,9.5,76.0,0.136,200.0,17.2,13.8,11.7,10.6,10.1,9.8,9.6,9.5,9.3,9.2,9.0,8.8,8.6,8.2,7.5,6.5,5.5,3.5
3364,68.760,0.000,3274.4,66.6,-4.8,2,7816,0.133,0.000,1.000,-0.533,0.115,9.3,4.4,0,-43.36,0.470,9.3,76.0,0.133,200.0,17.1,13.6,11.5,10.4,9.9,9.7,9.4,9.3,9.1,9.0,8.9,8.7,8.4,8.1,7.4,6.4,5.4,3.5
3365,68.782,0.000,3274.7,66.4,-4.3,2,7777,0.131,0.000,1.000,-0.546,0.117,9.1,4.0,0,-43.41,0.470,9.1,76.0,0.131,200.0,17.0,13.4,11.3,10.2,9.7,9.5,9.3,9.1,9.0,8.8,8.7,8.5,8.3,7.9,7.2,6.2,5.2,3.4
3366,68.804,0.000,3275.1,66.1,-3.9,2,7740,0.128,0.000,1.000,-0.558,0.118,9.0,3.5,0,-42.35,0.470,9.0,76.0,0.128,150.1,16.9,13.3,11.2,10.1,9.6,9.3,9.1,9.0,8.8,8.7,8.5,8.3,8.1,7.7,7.0,6.1,5.1,3.3
3367,68.826,0.000,3275.4,65.9,-3.4,2,7704,0.126,0.000,1.000,-0.570,0.119,8.8,3.0,0,-40.04,0.470,8.8,76.0,0.126,104.7,16.9,13.1,11.0,9.9,9.4,9.2,9.0,8.8,8.7,8.5,8.4,8.2,8.0,7.6,6.9,6.0,5.0,3.2
3368,68.848,0.000,3275.7,65.7,-3.0,2,7670,0.124,0.000,1.000,-0.581,0.119,8.7,2.6,0,-37.64,0.470,8.7,76.0,0.124,81.8,16.9,13.0,10.9,9.8,9.3,9.0,8.8,8.7,8.5,8.4,8.2,8.0,7.8,7.4,6.8,5.8,4.9,3.1
3369,68.870,0.000,3276.1,65.4,-2.6,2,7637,0.122,0.000,1.000,-0.592,0.118,8.5,2.2,0,-35.33,0.470,8.5,76.0,0.122,67.9,16.9,12.9,10.8,9.7,9.2,8.9,8.7,8.5,8.4,8.2,8.1,7.9,7.7,7.3,6.6,5.7,4.8,3.0
3370,68.892,0.000,3276.4,65.2,-2.3,2,7606,0.120,0.000,1.000,-0.602,0.118,8.4,1.8,0,-33.19,0.470,8.4,76.0,0.120,58.6,17.0,12.8,10.7,9.5,9.0,8.8,8.6,8.4,8.3,8.1,8.0,7.8,7.6,7.2,6.5,5.6,4.7,3.0
3371,68.914,0.000,3276.7,65.0,-2.0,2,7575,0.118,0.000,1.000,-0.612,0.116,8.3,1.4,0,-31.21,0.470,8.3,76.0,0.118,51.7,17.1,12.7,10.6,9.4,8.9,8.7,8.5,8.3,8.2,8.0,7.9,7.7,7.5,7.1,6.4,5.5,4.6,2.9
3372,68.936,0.000,3277.1,64.8,-1.7,2,7546,0.116,0.000,1.000,-0.621,0.115,8.2,1.1,0,-29.41,0.470,8.2,76.0,0.116,46.5,17.4,12.6,10.5,9.4,8.8,8.6,8.4,8.2,8.1,7.9,7.8,7.6,7.4,7.0,6.3,5.4,4.5,2.8
3373,68.958,0.000,3277.4,64.6,-1.4,2,7517,0.114,0.000,1.000,-0.631,0.112,8.1,0.8,0,-27.75,0.470,8.1,76.0,0.114,42.4,17.7,12.6,10.4,9.3,8.8,8.5,8.3,8.1,8.0,7.8,7.7,7.5,7.3,6.9,6.2,5.3,4.4,2.8
3374,68.980,0.000,3277.7,64.3,-1.2,2,7489,0.112,0.000,1.000,-0.639,0.109,8.1,0.5,0,-26.22,0.470,8.1,76.0,0.112,39.0,18.1,12.6,10.4,9.2,8.7,8.5,8.2,8.1,7.9,7.8,7.6,7.4,7.2,6.9,6.2,5.3,4.3,2.7
3375,69.002,0.000,3278.0,64.1,-1.0,2,7462,0.111,0.000,1.000,-0.647,0.106,8.0,0.2,0,-24.80,0.470,8.0,76.0,0.111,36.2,18.7,12.7,10.3,9.2,8.7,8.4,8.2,8.0,7.9,7.7,7.6,7.4,7.2,6.8,6.1,5.2,4.3,2.6
3376,69.024,0.000,3278.3,63.9,-0.9,2,7436,0.109,0.000,1.000,-0.655,0.102,8.0,0.0,0,-23.49,0.470,8.0,76.0,0.109,33.8,19.5,12.8,10.3,9.2,8.7,8.4,8.2,8.0,7.8,7.7,7.6,7.4,7.1,6.7,6.1,5.1,4.2,2.6
3377,69.046,0.000,3278.7,63.7,-0.7,2,7410,0.108,0.000,1.000,-0.662,0.097,8.0,-0.2,0,-22.27,0.470,8.0,76.0,0.108,31.7,20.5,13.0,10.4,9.2,8.6,8.4,8.1,8.0,7.8,7.7,7.5,7.3,7.1,6.7,6.0,5.1,4.2,2.6
3378,69.068,0.000,3279.0,63.5,-0.6,2,7385,0.106,0.000,1.000,-0.669,0.092,8.0,-0.4,0,-21.14,0.470,8.0,76.0,0.106,29.9,21.9,13.2,10.4,9.2,8.6,8.4,8.1,8.0,7.8,7.7,7.5,7.3,7.1,6.7,6.0,5.1,4.1,2.5
3379,69.090,0.000,3279.3,63.3,-0.5,2,7360,0.105,0.000,1.000,-0.676,0.086,8.0,-0.5,0,-20.11,0.470,8.0,76.0,0.105,28.3,23.8,13.6,10.5,9.2,8.7,8.4,8.2,8.0,7.8,7.7,7.5,7.3,7.1,6.7,6.0,5.0,4.1,2.5
3380,69.112,0.000,3279.6,63.1,-0.5,2,7335,0.104,0.000,1.000,-0.682,0.080,8.0,-0.7,0,-19.19,0.470,8.0,76.0,0.104,26.9,26.5,14.1,10.6,9.3,8.7,8.4,8.2,8.0,7.9,7.7,7.5,7.3,7.1,6.7,6.0,5.0,4.1,2.4
3381,69.134,0.000,3279.9,62.9,-0.4,2,7311,0.103,0.000,1.000,-0.687,0.074,8.1,-0.8,0,-18.42,0.470,8.1,76.0,0.103,25.6,30.5,14.7,10.8,9.4,8.8,8.5,8.2,8.1,7.9,7.7,7.6,7.4,7.1,6.7,6.0,5.0,4.0,2.4
3382,69.156,0.000,3280.2,62.7,-0.4,2,7288,0.102,0.000,1.000,-0.692,0.067,8.1,-0.9,0,-17.88,0.470,8.1,76.0,0.102,24.5,36.7,15.6,11.1,9.5,8.9,8.6,8.3,8.1,8.0,7.8,7.6,7.4,7.2,6.8,6.0,5.0,4.0,2.4
3383,69.178,0.000,3280.6,62.5,-0.4,2,7264,0.101,0.000,1.000,-0.696,0.060,8.2,-0.9,0,-17.66,0.470,8.2,76.0,0.101,23.5,47.9,16.7,11.5,9.7,9.0,8.7,8.4,8.2,8.0,7.9,7.7,7.5,7.2,6.8,6.0,5.0,4.0,2.4
3384,69.200,0.000,3280.9,62.3,-0.4,2,7240,0.100,0.000,1.000,-0.700,0.052,8.3,-1.0,0,-17.95,0.470,9.7,76.0,0.100,22.5,73.0,18.3,12.0,9.9,9.2,8.8,8.5,8.3,8.1,8.0,7.8,7.6,7.3,6.9,6.1,5.1,4.0,2.4
3385,69.222,0.000,3281.2,62.1,-0.3,2,7216,0.100,0.000,1.000,-0.704,0.044,8.5,-1.1,0,-18.70,0.470,9.7,76.0,0.100,21.7,175.1,20.5,12.6,10.3,9.4,9.0,8.7,8.5,8.3,8.1,7.9,7.7,7.4,6.9,6.1,5.1,4.0,2.3
3386,69.244,0.000,3281.5,61.9,-0.3,2,7194,0.100,0.000,1.000,-0.707,0.036,8.7,-1.1,0,-18.69,0.470,9.8,76.0,0.100,20.9,200.0,23.7,13.5,10.7,9.8,9.3,8.9,8.7,8.5,8.3,8.1,7.8,7.5,7.0,6.2,5.1,4.1,2.3
3387,69.266,0.000,3281.8,61.7,-0.4,2,7171,0.100,0.000,1.000,-0.709,0.028,9.0,-1.1,0,-18.60,0.470,10.0,76.0,0.100,20.1,200.0,29.0,14.7,11.4,10.2,9.7,9.3,9.0,8.8,8.5,8.3,8.0,7.7,7.2,6.3,5.2,4.1,2.3
3388,69.288,0.000,3282.1,61.5,-0.4,2,7148,0.100,0.000,1.000,-0.711,0.020,9.4,-1.1,0,-18.19,0.470,10.2,76.0,0.100,19.5,164.2,38.5,16.4,12.2,10.8,10.2,9.7,9.4,9.1,8.9,8.6,8.3,7.9,7.3,6.4,5.3,4.1,2.3
3389,69.310,0.000,3282.4,61.3,-0.4,2,7126,0.100,0.000,1.000,-0.713,0.011,10.0,-1.1,0,-16.70,0.470,10.4,76.0,0.100,18.8,116.1,60.6,18.8,13.3,11.6,10.9,10.3,10.0,9.6,9.3,9.0,8.6,8.2,7.6,6.5,5.3,4.2,2.3
3390,69.332,0.000,3282.7,61.1,-0.4,2,7103,0.100,0.000,1.000,-0.714,0.002,10.7,-1.1,0,-13.33,0.470,10.8,76.0,0.100,18.2,90.1,162.0,22.5,14.9,12.7,11.8,11.1,10.7,10.3,9.9,9.5,9.1,8.6,7.9,6.7,5.4,4.2,2.3
3391,69.354,0.000,3283.0,60.9,-0.4,2,7081,0.100,0.000,1.000,-0.714,-0.007,11.7,-1.1,0,-12.51,0.470,11.7,76.0,0.100,17.7,73.8,200.0,28.8,17.1,14.2,13.1,12.2,11.7,11.1,10.7,10.3,9.7,9.2,8.3,7.0,5.5,4.3,2.4
3392,69.376,0.000,3283.3,60.7,-0.4,2,7058,0.100,0.000,1.000,-0.714,-0.015,13.0,-1.1,0,-12.09,0.470,13.0,76.0,0.100,17.2,62.6,200.0,41.6,20.6,16.4,14.9,13.7,13.0,12.3,11.7,11.2,10.5,9.9,8.8,7.3,5.7,4.4,2.4
3393,69.398,0.000,3283.6,60.5,-0.4,2,7036,0.150,0.000,0.934,-0.713,-0.025,14.9,-1.1,0,-11.12,0.470,14.9,76.0,0.150,16.7,54.4,162.0,79.7,26.4,19.8,17.5,15.8,14.9,14.0,13.2,12.5,11.7,10.8,9.5,7.7,5.9,4.5,2.4
3394,69.420,0.000,3283.9,60.3,-0.4,2,7064,0.200,0.000,0.791,-0.712,-0.034,17.7,-0.7,0,-8.30,0.470,17.7,83.3,0.200,16.2,48.2,115.6,200.0,37.9,25.4,21.6,19.1,17.7,16.4,15.3,14.4,13.2,12.1,10.5,8.3,6.2,4.6,2.4
3395,69.442,0.000,3284.2,60.2,-0.4,2,7104,0.250,0.000,0.716,-0.710,-0.043,22.1,-0.6,0,-7.41,0.470,22.1,94.8,0.250,15.8,43.3,90.0,200.0,70.4,36.4,28.9,24.5,22.1,20.2,18.5,17.1,15.5,14.0,11.8,9.0,6.5,4.7,2.5
3396,69.464,0.000,3284.5,60.2,-0.4,2,7155,0.300,0.000,0.598,-0.707,-0.052,30.2,-0.3,0,-5.65,0.445,30.2,113.9,0.300,15.4,39.3,73.9,200.0,200.0,66.2,44.8,34.9,30.2,26.6,23.7,21.4,18.9,16.6,13.6,10.0,6.9,4.9,2.5
3397,69.486,0.000,3284.8,60.3,-0.5,2,7215,0.350,0.000,0.398,-0.704,-0.060,48.2,0.1,0,-3.89,0.094,48.2,152.9,0.350,15.0,36.1,62.9,136.8,200.0,200.0,102.2,61.8,48.2,39.5,33.4,29.0,24.5,20.8,16.2,11.2,7.5,5.1,2.6
3398,69.508,0.000,3285.1,60.5,-0.6,2,7281,0.400,0.000,0.287,-0.701,-0.067,115.9,0.3,0,-2.51,0.135,115.9,268.5,0.400,14.7,33.5,55.1,104.2,200.0,200.0,200.0,200.0,115.9,75.5,56.0,44.5,34.6,27.5,20.0,12.9,8.1,5.4,2.6
3399,69.530,0.000,3285.4,60.8,-0.7,2,7341,0.450,0.000,0.272,-0.698,-0.071,200.0,0.7,0,-1.52,0.162,200.0,364.9,0.450,14.4,31.5,49.8,86.6,156.2,200.0,200.0,200.0,200.0,200.0,137.0,83.7,54.2,38.7,25.2,14.8,8.8,5.7,2.6
3400,69.552,0.000,3285.7,61.2,-0.7,2,7401,0.500,0.000,0.072,-0.694,-0.071,200.0,1.2,0,-0.87,0.000,200.0,364.5,0.500,14.2,30.1,46.2,76.0,124.7,183.8,200.0,200.0,200.0,200.0,200.0,200.0,103.2,58.4,32.2,17.0,9.5,6.0,2.7
3401,69.574,0.000,3286.0,61.7,-0.8,2,7460,0.550,0.000,-0.128,-0.690,-0.067,200.0,1.3,0,-0.44,0.000,200.0,363.9,0.550,14.0,29.1,43.8,69.7,108.6,150.9,190.4,200.0,200.0,200.0,200.0,200.0,200.0,93.3,40.6,19.1,10.2,6.2,2.7
3402,69.596,0.000,3286.3,62.3,-1.1,2,7509,0.600,0.000,-0.144,-0.687,-0.055,200.0,1.3,0,-0.33,0.000,200.0,363.4,0.600,13.9,28.7,43.0,67.6,103.6,141.3,175.5,200.0,200.0,200.0,200.0,200.0,200.0,120.5,45.1,20.0,10.4,6.3,2.7
3403,69.618,0.000,3286.7,62.9,-1.1,2,7595,0.650,0.000,-0.058,-0.686,-0.036,200.0,1.3,0,-0.38,0.000,200.0,363.2,0.650,13.9,28.9,43.4,68.5,105.7,145.4,181.8,200.0,200.0,200.0,200.0,200.0,200.0,106.9,43.1,19.6,10.3,6.3,2.7
3404,69.640,0.000,3287.0,63.5,-0.7,2,7736,0.700,0.000,0.003,-0.685,-0.023,200.0,2.2,0,-0.46,0.000,200.0,363.3,0.700,14.0,29.2,44.0,70.1,109.6,152.9,193.8,200.0,200.0,200.0,200.0,200.0,200.0,89.6,40.0,19.0,10.2,6.2,2.7
3405,69.662,0.000,3287.4,64.2,-0.4,2,7908,0.750,0.000,0.009,-0.684,-0.021,200.0,3.5,0,-0.50,0.000,200.0,363.6,0.750,14.0,29.3,44.3,70.9,111.7,157.0,200.0,200.0,200.0,200.0,200.0,200.0,200.0,82.9,38.7,18.7,10.1,6.2,2.7
3406,69.684,0.000,3287.8,65.0,-0.2,2,8123,0.800,0.000,0.007,-0.683,-0.020,200.0,5.4,0,-0.50,0.000,200.0,364.0,0.800,14.0,29.3,44.3,71.0,112.0,157.6,200.0,200.0,200.0,200.0,200.0,200.0,200.0,82.2,38.6,18.7,10.1,6.2,2.7
3407,69.706,0.000,3288.2,65.9,-0.1,2,8402,0.850,0.000,0.003,-0.682,-0.021,200.0,8.1,0,-0.50,0.000,200.0,364.3,0.850,14.0,29.2,44.2,70.9,111.6,156.9,200.0,200.0,200.0,200.0,200.0,200.0,200.0,83.4,38.9,18.9,10.2,6.2,2.8
3408,69.728,0.000,3288.6,66.7,-0.1,2,9007,0.900,0.000,-0.002,-0.680,-0.021,200.0,15.6,0,-0.49,0.000,200.0,363.3,0.900,14.0,29.2,44.1,70.6,111.1,156.0,198.8,200.0,200.0,200.0,200.0,200.0,200.0,85.0,39.3,19.0,10.2,6.3,2.8
3409,69.750,0.000,3289.0,67.5,-0.1,2,9753,0.950,0.000,-0.006,-0.679,-0.021,200.0,25.4,0,-0.48,0.000,200.0,362.9,0.950,14.0,29.1,44.0,70.4,110.7,155.2,197.6,200.0,200.0,200.0,200.0,200.0,200.0,86.4,39.7,19.1,10.3,6.3,2.8
3410,69.772,0.000,3289.4,68.5,-0.1,2,10575,1.000,0.000,-0.008,-0.678,-0.021,200.0,36.3,0,-0.48,0.000,200.0,362.9,1.000,13.9,29.1,44.0,70.3,110.4,154.7,196.9,200.0,200.0,200.0,200.0,200.0,200.0,87.2,40.0,19.2,10.3,6.3,2.8
3411,69.794,0.000,3289.8,69.4,-0.1,2,11466,1.000,0.000,-0.010,-0.676,-0.021,200.0,48.2,0,-0.48,0.000,200.0,363.1,1.000,13.9,29.1,44.0,70.3,110.4,154.7,196.9,200.0,200.0,200.0,200.0,200.0,200.0,87.4,40.1,19.3,10.4,6.4,2.8
3412,69.816,0.000,3290.3,70.4,-0.1,2,12288,0.631,0.000,-0.010,-0.675,-0.021,200.0,59.0,0,-0.48,0.000,200.0,363.5,1.000,13.9,29.1,44.0,70.3,110.5,155.0,197.5,200.0,200.0,200.0,200.0,200.0,200.0,87.1,40.2,19.4,10.4,6.4,2.8
3413,69.838,0.000,3290.7,71.5,-0.1,2,11911,0.705,0.000,-0.010,-0.674,-0.021,200.0,52.2,0,-0.48,0.000,200.0,363.8,1.000,13.9,29.1,44.0,70.4,110.8,155.6,198.5,200.0,200.0,200.0,200.0,200.0,200.0,86.3,40.1,19.4,10.4,6.4,2.8
3414,69.860,0.000,3291.1,72.5,-0.1,2,11793,0.764,0.000,-0.009,-0.672,-0.021,200.0,48.3,0,-0.49,0.000,200.0,364.1,1.000,13.9,29.1,44.0,70.5,111.2,156.4,199.8,200.0,200.0,200.0,200.0,200.0,200.0,85.2,39.9,19.4,10.5,6.4,2.8
3415,69.882,0.000,3291.6,73.6,-0.1,2,11858,0.811,0.000,-0.007,-0.671,-0.020,200.0,47.3,0,-0.50,0.000,200.0,363.9,1.000,13.9,29.1,44.1,70.7,111.6,157.4,200.0,200.0,200.0,200.0,200.0,200.0,200.0,84.0,39.8,19.4,10.5,6.4,2.9
3416,69.904,0.000,3292.0,74.6,-0.0,2,12080,0.849,0.000,-0.005,-0.669,-0.020,200.0,48.8,0,-0.51,0.000,200.0,363.6,1.000,13.9,29.1,44.1,70.9,112.1,158.4,200.0,200.0,200.0,200.0,200.0,200.0,197.9,82.7,39.6,19.4,10.5,6.5,2.9
3417,69.926,0.000,3292.5,75.6,-0.0,2,12434,0.879,0.000,-0.003,-0.668,-0.019,200.0,52.2,0,-0.53,0.000,200.0,363.3,1.000,13.9,29.1,44.1,71.0,112.5,159.3,200.0,200.0,200.0,200.0,200.0,200.0,190.7,81.6,39.4,19.4,10.5,6.5,2.9
3418,69.948,0.000,3293.0,76.6,0.0,2,12883,0.787,0.000,-0.001,-0.666,-0.019,200.0,57.1,0,-0.55,0.000,200.0,363.2,1.000,13.9,29.1,44.2,71.1,112.9,160.1,200.0,200.0,200.0,200.0,200.0,200.0,184.9,80.8,39.3,19.4,10.6,6.5,2.9
3419,69.970,0.000,3293.4,77.6,0.0,2,13032,0.735,0.000,-0.000,-0.665,-0.019,200.0,57.8,0,-0.56,0.000,200.0,363.4,1.000,13.9,29.1,44.2,71.2,113.2,160.8,200.0,200.0,200.0,200.0,200.0,200.0,180.7,80.1,39.2,19.4,10.6,6.5,2.9
3420,69.992,0.000,3293.9,78.6,0.1,2,13014,0.788,0.000,0.001,-0.663,-0.018,200.0,55.7,0,-0.57,0.000,200.0,363.6,1.000,13.9,29.1,44.2,71.3,113.4,161.2,200.0,200.0,200.0,200.0,200.0,200.0,177.9,79.8,39.2,19.5,10.6,6.6,2.9
3421,70.014,0.000,3294.4,79.6,0.1,2,13242,0.766,0.000,0.001,-0.662,-0.018,200.0,57.1,0,-0.58,0.000,200.0,363.4,1.000,13.9,29.1,44.2,71.3,113.5,161.5,200.0,200.0,200.0,200.0,200.0,200.0,175.9,79.6,39.3,19.5,10.7,6.6,2.9
3422,70.036,0.000,3294.9,80.5,0.1,2,13470,0.608,0.000,0.002,-0.660,-0.018,200.0,59.0,0,-0.58,0.000,200.0,362.8,1.000,13.8,29.1,44.2,71.3,113.6,161.8,200.0,200.0,200.0,200.0,200.0,200.0,174.5,79.5,39.3,19.6,10.7,6.6,2.9
3423,70.058,0.000,3295.4,81.5,0.1,2,13115,0.686,0.000,0.002,-0.659,-0.018,200.0,52.2,0,-0.58,0.000,200.0,362.8,1.000,13.8,29.1,44.2,71.3,113.6,161.9,200.0,200.0,200.0,200.0,200.0,200.0,173.7,79.5,39.4,19.7,10.8,6.6,2.9
3424,70.080,0.000,3295.9,82.5,0.1,2,12980,0.749,0.000,0.002,-0.657,-0.018,200.0,48.2,0,-0.58,0.000,200.0,363.0,1.000,13.8,29.0,44.1,71.3,113.6,161.9,200.0,200.0,200.0,200.0,200.0,200.0,173.4,79.7,39.6,19.7,10.8,6.7,3.0
3425,70.102,0.000,3296.4,83.5,0.1,2,12992,0.799,0.000,0.002,-0.656,-0.018,200.0,46.4,0,-0.58,0.000,200.0,363.3,1.000,13.8,29.0,44.1,71.2,113.6,161.9,200.0,200.0,200.0,200.0,200.0,200.0,173.5,79.9,39.7,19.8,10.8,6.7,3.0
3426,70.124,0.000,3296.9,84.6,0.1,2,13121,0.839,0.000,0.002,-0.654,-0.018,200.0,46.4,0,-0.58,0.000,200.0,363.7,1.000,13.8,29.0,44.1,71.2,113.5,161.9,200.0,200.0,200.0,200.0,200.0,200.0,173.7,80.1,39.9,19.9,10.9,6.7,3.0
3427,70.146,0.000,3297.4,85.6,0.1,2,13351,0.872,0.000,0.002,-0.652,-0.018,200.0,47.9,0,-0.58,0.000,200.0,364.0,1.000,13.8,29.0,44.0,71.1,113.4,161.8,200.0,200.0,200.0,200.0,200.0,200.0,174.2,80.4,40.0,20.0,10.9,6.8,3.0
3428,70.168,0.000,3297.9,86.7,0.1,2,13678,0.897,0.000,0.001,-0.651,-0.018,200.0,50.9,0,-0.57,0.000,200.0,364.2,1.000,13.8,28.9,44.0,71.1,113.3,161.6,200.0,200.0,200.0,200.0,200.0,200.0,174.8,80.8,40.2,20.1,11.0,6.8,3.0
3429,70.190,0.000,3298.5,87.8,0.1,2,14089,0.869,0.000,0.001,-0.649,-0.018,200.0,55.2,0,-0.57,0.000,200.0,364.3,1.000,13.8,28.9,43.9,71.0,113.3,161.5,200.0,200.0,200.0,200.0,200.0,200.0,175.2,81.1,40.4,20.2,11.0,6.8,3.0
3430,70.212,0.000,3299.0,88.8,0.1,2,14416,0.617,0.000,0.001,-0.647,-0.018,200.0,58.3,0,-0.57,0.000,200.0,364.3,1.000,13.7,28.9,43.9,70.9,113.2,161.5,200.0,200.0,200.0,200.0,200.0,200.0,175.4,81.3,40.5,20.3,11.1,6.8,3.0
3431,70.234,0.000,3299.6,89.9,0.1,2,13913,0.694,0.000,0.001,-0.646,-0.018,200.0,49.2,0,-0.57,0.000,200.0,364.2,1.000,13.7,28.9,43.9,70.9,113.2,161.5,200.0,200.0,200.0,200.0,200.0,200.0,175.4,81.5,40.7,20.4,11.1,6.9,3.1
3432,70.256,0.000,3300.1,91.0,0.1,2,13697,0.755,0.000,0.001,-0.644,-0.017,200.0,43.8,0,-0.57,0.000,200.0,364.1,1.000,13.7,28.8,43.8,70.9,113.1,161.5,200.0,200.0,200.0,200.0,200.0,200.0,175.4,81.7,40.8,20.4,11.2,6.9,3.1
3433,70.278,0.000,3300.7,92.0,0.1,2,13675,0.804,0.000,0.001,-0.642,-0.017,200.0,41.4,0,-0.57,0.000,200.0,364.1,1.000,13.7,28.8,43.8,70.8,113.1,161.4,200.0,200.0,200.0,200.0,200.0,200.0,175.5,81.9,41.0,20.5,11.2,6.9,3.1
3434,70.300,0.000,3301.2,93.1,0.1,2,13804,0.843,0.000,0.001,-0.641,-0.017,200.0,41.4,0,-0.56,0.000,200.0,364.0,1.000,13.7,28.8,43.8,70.8,113.0,161.4,200.0,200.0,200.0,200.0,200.0,200.0,175.6,82.2,41.1,20.6,11.3,7.0,3.1
3435,70.322,0.000,3301.8,94.1,0.1,2,14049,0.875,0.000,0.001,-0.639,-0.017,200.0,43.1,0,-0.56,0.000,200.0,364.0,1.000,13.7,28.8,43.7,70.7,113.0,161.4,200.0,200.0,200.0,200.0,200.0,200.0,175.8,82.4,41.3,20.7,11.3,7.0,3.1
3436,70.344,0.000,3302.4,95.2,0.1,2,14388,0.900,0.000,0.001,-0.637,-0.017,200.0,46.3,0,-0.56,0.000,200.0,364.0,1.000,13.7,28.7,43.7,70.7,112.9,161.3,200.0,200.0,200.0,200.0,200.0,200.0,176.1,82.7,41.5,20.8,11.4,7.0,3.1
3437,70.366,0.000,3303.0,96.2,0.1,2,14800,0.920,0.000,0.001,-0.635,-0.017,200.0,50.6,0,-0.56,0.000,200.0,364.0,1.000,13.6,28.7,43.7,70.6,112.8,161.2,200.0,200.0,200.0,200.0,200.0,200.0,176.4,83.0,41.6,20.9,11.5,7.1,3.1
3438,70.388,0.000,3303.6,97.3,0.1,2,15272,0.765,0.000,0.001,-0.634,-0.017,200.0,55.8,0,-0.56,0.000,200.0,364.0,1.000,13.6,28.7,43.6,70.5,112.7,161.1,200.0,200.0,200.0,200.0,200.0,200.0,176.7,83.3,41.8,21.0,11.5,7.1,3.2
3439,70.410,0.000,3304.2,98.4,0.1,2,15201,0.812,0.000,0.000,-0.632,-0.017,200.0,53.1,0,-0.55,0.000,200.0,364.0,1.000,13.6,28.6,43.6,70.5,112.7,161.1,200.0,200.0,200.0,200.0,200.0,200.0,177.1,83.6,42.0,21.1,11.6,7.1,3.2
3440,70.432,0.000,3304.8,99.5,0.1,2,15300,0.850,0.000,0.000,-0.630,-0.017,200.0,52.5,0,-0.55,0.000,200.0,364.0,1.000,13.6,28.6,43.5,70.4,112.6,161.0,200.0,200.0,200.0,200.0,200.0,200.0,177.2,83.8,42.2,21.2,11.6,7.2,3.2
3441,70.454,0.000,3305.4,100.6,0.1,2,15518,0.880,0.000,0.001,-0.628,-0.017,200.0,53.8,0,-0.55,0.000,200.0,364.0,1.000,13.6,28.6,43.5,70.4,112.6,161.1,200.0,200.0,200.0,200.0,200.0,200.0,177.0,84.0,42.3,21.3,11.7,7.2,3.2
3442,70.476,0.000,3306.0,101.7,0.1,2,15834,0.681,0.000,0.001,-0.627,-0.017,200.0,56.6,0,-0.55,0.000,200.0,364.0,1.000,13.6,28.6,43.5,70.4,112.6,161.1,200.0,200.0,200.0,200.0,200.0,200.0,176.8,84.1,42.4,21.3,11.7,7.2,3.2
3443,70.498,0.000,3306.6,102.8,0.1,2,15449,0.745,0.000,0.001,-0.625,-0.017,200.0,49.1,0,-0.55,0.000,200.0,364.0,1.000,13.6,28.5,43.4,70.3,112.5,161.0,200.0,200.0,200.0,200.0,200.0,200.0,176.8,84.4,42.6,21.4,11.8,7.3,3.2
3444,70.520,0.000,3307.3,103.9,0.1,2,15308,0.796,0.000,0.001,-0.623,-0.017,200.0,44.8,0,-0.55,0.000,200.0,364.0,1.000,13.5,28.5,43.4,70.2,112.4,161.0,200.0,200.0,200.0,200.0,200.0,200.0,177.1,84.6,42.8,21.5,11.8,7.3,3.3
3445,70.542,0.000,3307.9,105.0,0.1,2,15330,0.837,0.000,0.001,-0.621,-0.017,200.0,43.0,0,-0.54,0.000,200.0,364.0,1.000,13.5,28.5,43.3,70.2,112.4,160.9,200.0,200.0,200.0,200.0,200.0,200.0,177.5,84.9,43.0,21.6,11.9,7.3,3.3
3446,70.564,0.000,3308.5,106.1,0.1,2,15480,0.869,0.000,0.000,-0.619,-0.017,200.0,43.2,0,-0.54,0.000,200.0,364.0,1.000,13.5,28.5,43.3,70.1,112.3,160.8,200.0,200.0,200.0,200.0,200.0,200.0,178.0,85.3,43.2,21.7,11.9,7.4,3.3
3447,70.586,0.000,3309.2,107.2,0.1,2,15725,0.895,0.000,0.000,-0.617,-0.017,200.0,44.9,0,-0.54,0.000,200.0,364.0,1.000,13.5,28.4,43.3,70.1,112.2,160.7,200.0,200.0,200.0,200.0,200.0,200.0,178.3,85.6,43.3,21.8,12.0,7.4,3.3
3448,70.608,0.000,3309.8,108.3,0.1,2,16049,0.916,0.000,0.001,-0.615,-0.017,200.0,47.8,0,-0.54,0.000,200.0,364.0,1.000,13.5,28.4,43.2,70.0,112.1,160.7,200.0,200.0,200.0,200.0,200.0,200.0,178.2,85.8,43.5,21.9,12.1,7.5,3.3
3449,70.630,0.000,3310.5,109.4,0.1,2,16436,0.933,0.000,0.001,-0.613,-0.017,200.0,51.6,0,-0.54,0.000,200.0,364.0,1.000,13.5,28.4,43.2,70.0,112.1,160.7,200.0,200.0,200.0,200.0,200.0,200.0,178.2,86.0,43.7,22.0,12.1,7.5,3.3
3450,70.652,0.000,3311.2,110.5,0.1,2,16878,0.646,0.000,0.000,-0.612,-0.017,200.0,56.4,0,-0.53,0.000,200.0,363.7,1.000,13.5,28.3,43.1,69.9,112.0,160.6,200.0,200.0,200.0,200.0,200.0,200.0,178.6,86.3,43.8,22.1,12.2,7.5,3.4
3451,70.674,0.000,3311.9,111.7,0.1,2,16281,0.717,0.000,0.000,-0.610,-0.017,200.0,45.9,0,-0.53,0.000,200.0,363.3,1.000,13.4,28.3,43.1,69.8,111.9,160.5,200.0,200.0,200.0,200.0,200.0,200.0,178.8,86.6,44.0,22.2,12.2,7.6,3.4
3452,70.696,0.000,3312.6,112.8,0.1,2,15976,0.773,0.000,0.001,-0.608,-0.016,200.0,38.9,0,-0.53,0.000,200.0,363.1,1.000,13.4,28.3,43.1,69.8,111.9,160.5,200.0,200.0,200.0,200.0,200.0,200.0,178.7,86.8,44.2,22.3,12.3,7.6,3.4
3453,70.718,0.000,3313.2,113.9,0.1,2,15865,0.819,0.000,0.001,-0.606,-0.016,200.0,35.0,0,-0.53,0.000,200.0,363.1,1.000,13.4,28.2,43.0,69.7,111.8,160.5,200.0,200.0,200.0,200.0,200.0,200.0,178.9,87.0,44.4,22.4,12.3,7.6,3.4
3454,70.740,0.000,3313.9,115.0,0.1,2,16012,0.855,0.000,0.000,-0.604,-0.016,200.0,35.0,0,-0.53,0.000,200.0,362.6,1.000,13.4,28.2,43.0,69.7,111.7,160.3,200.0,200.0,200.0,200.0,200.0,200.0,179.4,87.4,44.6,22.5,12.4,7.7,3.4
3455,70.762,0.000,3314.7,116.0,0.1,2,16295,0.884,0.000,0.000,-0.602,-0.016,200.0,37.4,0,-0.52,0.000,200.0,362.3,1.000,13.4,28.2,42.9,69.6,111.6,160.2,200.0,200.0,200.0,200.0,200.0,200.0,179.8,87.7,44.7,22.6,12.5,7.7,3.4
3456,70.784,0.000,3315.4,117.1,0.1,2,16616,0.907,0.000,0.000,-0.600,-0.016,200.0,40.3,0,-0.52,0.000,200.0,362.5,1.000,13.4,28.2,42.9,69.5,111.6,160.2,200.0,200.0,200.0,200.0,200.0,200.0,179.8,87.9,44.9,22.7,12.5,7.7,3.5
3457,70.806,0.000,3316.1,118.2,0.1,2,16966,0.926,0.000,0.000,-0.598,-0.016,200.0,43.6,0,-0.52,0.000,200.0,362.8,1.000,13.3,28.1,42.8,69.5,111.5,160.2,200.0,200.0,200.0,200.0,200.0,200.0,179.7,88.1,45.1,22.8,12.6,7.8,3.5
3458,70.828,0.000,3316.8,119.4,0.1,2,17322,0.941,0.000,0.001,-0.596,-0.016,200.0,47.0,0,-0.52,0.000,200.0,363.2,1.000,13.3,28.1,42.8,69.4,111.5,160.2,200.0,200.0,200.0,200.0,200.0,200.0,179.5,88.3,45.2,22.9,12.6,7.8,3.5
3459,70.850,0.000,3317.6,120.6,0.1,2,17680,0.952,0.000,0.001,-0.594,-0.016,200.0,50.3,0,-0.52,0.000,200.0,363.6,1.000,13.3,28.1,42.8,69.4,111.5,160.2,200.0,200.0,200.0,200.0,200.0,200.0,179.5,88.5,45.4,23.0,12.7,7.9,3.5
3460,70.872,0.000,3318.3,121.8,0.1,2,18041,0.785,0.000,0.001,-0.592,-0.016,200.0,53.7,0,-0.52,0.000,200.0,363.8,1.000,13.3,28.0,42.7,69.3,111.4,160.1,200.0,200.0,200.0,200.0,200.0,200.0,179.8,88.8,45.6,23.1,12.7,7.9,3.5
3461,70.894,0.000,3319.0,123.0,0.1,2,17774,0.828,0.000,0.000,-0.590,-0.016,200.0,47.9,0,-0.51,0.000,200.0,363.7,1.000,13.3,28.0,42.7,69.2,111.3,160.0,200.0,200.0,200.0,200.0,200.0,200.0,180.4,89.2,45.8,23.2,12.8,7.9,3.5
3462,70.916,0.000,3319.8,124.2,0.1,2,17692,0.862,0.000,0.000,-0.587,-0.016,200.0,44.3,0,-0.51,0.000,200.0,363.6,1.000,13.3,28.0,42.6,69.2,111.2,159.9,200.0,200.0,200.0,200.0,200.0,200.0,180.8,89.5,46.0,23.4,12.9,8.0,3.6
3463,70.938,0.000,3320.6,125.3,0.1,2,17740,0.890,0.000,0.000,-0.585,-0.016,200.0,42.8,0,-0.51,0.000,200.0,363.5,1.000,13.2,27.9,42.6,69.1,111.1,159.8,200.0,200.0,200.0,200.0,200.0,200.0,180.9,89.8,46.2,23.5,12.9,8.0,3.6
3464,70.960,0.000,3321.3,126.5,0.1,2,17959,0.912,0.000,0.000,-0.583,-0.016,200.0,43.8,0,-0.51,0.000,200.0,363.1,1.000,13.2,27.9,42.5,69.0,111.0,159.8,200.0,200.0,200.0,200.0,200.0,200.0,180.8,90.0,46.3,23.6,13.0,8.1,3.6
3465,70.982,0.000,3322.1,127.6,0.1,2,18258,0.929,0.000,0.001,-0.581,-0.016,200.0,46.3,0,-0.51,0.000,200.0,362.8,1.000,13.2,27.9,42.5,69.0,111.0,159.8,200.0,200.0,200.0,200.0,200.0,200.0,180.6,90.1,46.5,23.7,13.1,8.1,3.6
3466,71.004,0.000,3322.9,128.8,0.1,2,18568,0.944,0.000,0.001,-0.579,-0.016,200.0,48.9,0,-0.50,0.000,200.0,362.8,1.000,13.2,27.8,42.4,68.9,111.0,159.8,200.0,200.0,200.0,200.0,200.0,200.0,180.5,90.4,46.7,23.8,13.1,8.1,3.6
3467,71.026,0.000,3323.7,130.0,0.1,2,18887,0.900,0.000,0.001,-0.577,-0.016,200.0,51.6,0,-0.50,0.000,200.0,363.0,1.000,13.2,27.8,42.4,68.9,110.9,159.7,200.0,200.0,200.0,200.0,200.0,200.0,180.9,90.7,46.9,23.9,13.2,8.2,3.6
3468,71.048,0.000,3324.5,131.2,0.1,3,14902,0.920,0.000,0.000,-0.575,-0.016,200.0,16.5,0,-0.50,0.000,200.0,363.3,1.000,13.2,27.8,42.3,68.8,110.7,159.6,200.0,200.0,200.0,200.0,200.0,200.0,181.4,91.0,47.1,24.0,13.2,8.2,3.7
3469,71.070,0.000,3325.3,131.8,0.1,3,14876,0.936,0.000,0.000,-0.573,-0.016,200.0,-8.4,0,-0.49,0.000,200.0,363.6,1.000,13.1,27.7,42.3,68.7,110.6,159.4,200.0,200.0,200.0,200.0,200.0,200.0,182.1,91.4,47.3,24.1,13.3,8.3,3.7
3470,71.092,0.000,3326.1,131.7,0.0,3,12003,0.949,0.000,-0.000,-0.570,-0.016,200.0,-10.1,0,-0.49,0.000,200.0,363.8,1.000,13.1,27.7,42.2,68.6,110.5,159.2,200.0,200.0,200.0,200.0,200.0,200.0,183.0,91.9,47.5,24.2,13.4,8.3,3.7
3471,71.114,0.000,3326.9,132.2,0.0,3,12778,0.959,0.000,-0.001,-0.568,-0.016,200.0,4.3,0,-0.49,0.000,200.0,364.1,1.000,13.1,27.7,42.2,68.5,110.3,159.0,200.0,200.0,200.0,200.0,200.0,200.0,183.8,92.3,47.8,24.3,13.4,8.3,3.7
3472,71.136,0.000,3327.7,133.0,0.0,3,13001,0.967,0.000,-0.001,-0.566,-0.016,200.0,7.4,0,-0.48,0.000,200.0,364.4,1.000,13.1,27.6,42.1,68.5,110.2,158.9,200.0,200.0,200.0,200.0,200.0,200.0,184.1,92.6,48.0,24.5,13.5,8.4,3.7
3473,71.158,0.000,3328.5,134.0,0.0,3,13143,0.974,0.000,-0.001,-0.564,-0.015,200.0,8.6,0,-0.48,0.000,200.0,364.5,1.000,13.1,27.6,42.1,68.4,110.2,158.9,200.0,200.0,200.0,200.0,200.0,200.0,183.9,92.8,48.1,24.6,13.6,8.4,3.8
3474,71.180,0.000,3329.3,134.9,0.0,3,13251,0.979,0.000,-0.000,-0.562,-0.015,200.0,8.9,0,-0.48,0.000,200.0,364.5,1.000,13.1,27.6,42.0,68.4,110.2,159.0,200.0,200.0,200.0,200.0,200.0,200.0,183.6,92.9,48.3,24.7,13.6,8.5,3.8
3475,71.202,0.000,3330.2,135.9,0.0,3,13335,0.983,0.000,-0.000,-0.560,-0.015,200.0,8.8,0,-0.48,0.000,200.0,364.4,1.000,13.0,27.5,42.0,68.3,110.1,159.0,200.0,200.0,200.0,200.0,200.0,200.0,183.4,93.1,48.4,24.8,13.7,8.5,3.8
3476,71.224,0.000,3331.0,136.9,0.0,3,13414,0.987,0.000,-0.000,-0.558,-0.015,200.0,8.5,0,-0.48,0.000,200.0,364.3,1.000,13.0,27.5,42.0,68.2,110.0,158.9,200.0,200.0,200.0,200.0,200.0,200.0,183.8,93.4,48.6,24.9,13.8,8.5,3.8
3477,71.246,0.000,3331.8,137.9,0.0,3,13500,0.989,0.000,-0.000,-0.556,-0.015,200.0,8.4,0,-0.47,0.000,200.0,364.1,1.000,13.0,27.5,41.9,68.2,109.9,158.7,200.0,200.0,200.0,200.0,200.0,200.0,184.3,93.8,48.9,25.0,13.8,8.6,3.8
3478,71.268,0.000,3332.7,138.9,0.0,3,13594,0.991,0.000,-0.001,-0.553,-0.015,200.0,8.4,0,-0.47,0.000,200.0,364.0,1.000,13.0,27.4,41.8,68.1,109.8,158.5,200.0,200.0,200.0,200.0,200.0,200.0,185.0,94.2,49.1,25.1,13.9,8.6,3.8
3479,71.290,0.000,3333.5,139.9,0.0,3,13695,0.993,0.000,-0.001,-0.551,-0.015,200.0,8.4,0,-0.47,0.000,200.0,364.0,1.000,13.0,27.4,41.8,68.0,109.7,158.4,200.0,200.0,200.0,200.0,200.0,200.0,185.4,94.5,49.3,25.2,13.9,8.7,3.9
3480,71.312,0.000,3334.4,140.9,0.0,3,13799,0.995,0.000,-0.001,-0.549,-0.015,200.0,8.6,0,-0.47,0.000,200.0,364.1,1.000,12.9,27.4,41.7,67.9,109.6,158.4,200.0,200.0,200.0,200.0,200.0,200.0,185.4,94.8,49.5,25.3,14.0,8.7,3.9
3481,71.334,0.000,3335.3,141.9,0.0,3,13901,0.996,0.000,-0.001,-0.547,-0.015,200.0,8.8,0,-0.47,0.000,200.0,364.1,1.000,12.9,27.3,41.7,67.9,109.6,158.4,200.0,200.0,200.0,200.0,200.0,200.0,185.1,94.9,49.6,25.4,14.1,8.7,3.9
3482,71.356,0.000,3336.1,142.9,0.0,3,13978,0.996,0.000,-0.000,-0.545,-0.015,200.0,8.4,0,-0.46,0.000,200.0,364.3,1.000,12.9,27.3,41.7,67.8,109.6,158.5,200.0,200.0,200.0,200.0,200.0,200.0,184.8,95.0,49.8,25.5,14.1,8.8,3.9
3483,71.378,0.000,3337.0,144.0,0.0,3,14055,0.997,0.000,-0.000,-0.542,-0.015,200.0,8.0,0,-0.46,0.000,200.0,364.5,1.000,12.9,27.3,41.6,67.8,109.5,158.5,200.0,200.0,200.0,200.0,200.0,200.0,184.7,95.3,49.9,25.6,14.2,8.8,3.9
3484,71.400,0.000,3337.9,145.0,0.0,3,14143,0.998,0.000,-0.000,-0.540,-0.015,200.0,7.9,0,-0.46,0.000,200.0,364.6,1.000,12.9,27.2,41.6,67.7,109.4,158.3,200.0,200.0,200.0,200.0,200.0,200.0,185.0,95.6,50.1,25.7,14.3,8.9,4.0
3485,71.422,0.000,3338.8,146.0,0.0,3,14240,0.998,0.000,-0.001,-0.538,-0.015,200.0,7.9,0,-0.46,0.000,200.0,364.5,1.000,12.9,27.2,41.5,67.6,109.3,158.2,200.0,200.0,200.0,200.0,200.0,200.0,185.6,95.9,50.4,25.9,14.3,8.9,4.0
3486,71.444,0.000,3339.7,147.0,0.0,3,14339,0.999,0.000,-0.001,-0.536,-0.015,200.0,8.0,0,-0.45,0.000,200.0,364.4,1.000,12.8,27.1,41.5,67.5,109.2,158.1,200.0,200.0,200.0,200.0,200.0,200.0,186.0,96.3,50.6,26.0,14.4,8.9,4.0
3487,71.466,0.000,3340.6,148.0,0.0,3,14439,0.999,0.000,-0.001,-0.534,-0.015,200.0,8.0,0,-0.45,0.000,200.0,364.7,1.000,12.8,27.1,41.4,67.5,109.1,158.1,200.0,200.0,200.0,200.0,200.0,200.0,185.9,96.5,50.7,26.1,14.5,9.0,4.0
3488,71.488,0.000,3341.5,149.0,0.0,3,14531,0.999,0.000,-0.000,-0.531,-0.015,200.0,8.0,0,-0.45,0.000,200.0,364.9,1.000,12.8,27.1,41.4,67.4,109.1,158.1,200.0,200.0,200.0,200.0,200.0,200.0,185.5,96.6,50.9,26.2,14.5,9.0,4.0
3489,71.510,0.000,3342.4,150.0,0.0,3,14619,0.999,0.000,-0.000,-0.529,-0.014,200.0,7.9,0,-0.45,0.000,200.0,364.9,1.000,12.8,27.0,41.3,67.4,109.0,158.1,200.0,200.0,200.0,200.0,200.0,200.0,185.5,96.8,51.0,26.3,14.6,9.1,4.1
3490,71.532,0.000,3343.3,151.0,0.0,3,14663,0.999,0.000,-0.000,-0.527,-0.014,200.0,6.9,0,-0.45,0.000,200.0,364.9,1.000,12.8,27.0,41.3,67.3,108.9,158.0,200.0,200.0,200.0,200.0,200.0,200.0,185.8,97.1,51.3,26.4,14.6,9.1,4.1
3491,71.554,0.000,3344.2,152.0,0.0,3,14713,1.000,0.000,-0.001,-0.525,-0.014,200.0,6.0,0,-0.44,0.000,200.0,364.9,1.000,12.8,27.0,41.2,67.2,108.8,157.8,200.0,200.0,200.0,200.0,200.0,200.0,186.5,97.5,51.5,26.5,14.7,9.1,4.1
3492,71.576,0.000,3345.2,153.0,0.0,3,14802,1.000,0.000,-0.001,-0.522,-0.014,200.0,5.8,0,-0.44,0.000,200.0,364.9,1.000,12.7,26.9,41.2,67.1,108.7,157.7,200.0,200.0,200.0,200.0,200.0,200.0,186.8,97.8,51.7,26.6,14.8,9.2,4.1
3493,71.598,0.000,3346.1,154.0,0.0,3,14916,1.000,0.000,-0.001,-0.520,-0.014,200.0,6.2,0,-0.44,0.000,200.0,364.9,1.000,12.7,26.9,41.1,67.1,108.6,157.6,200.0,200.0,200.0,200.0,200.0,200.0,186.8,98.0,51.9,26.7,14.8,9.2,4.1
3494,71.620,0.000,3347.1,155.0,0.0,3,15038,1.000,0.000,-0.001,-0.518,-0.014,200.0,6.7,0,-0.44,0.000,200.0,364.9,1.000,12.7,26.9,41.1,67.0,108.6,157.6,200.0,200.0,200.0,200.0,200.0,200.0,186.6,98.2,52.0,26.8,14.9,9.3,4.2
3495,71.642,0.000,3348.0,156.0,0.0,3,15147,1.000,0.000,-0.000,-0.516,-0.014,200.0,6.9,0,-0.44,0.000,200.0,364.9,1.000,12.7,26.8,41.0,67.0,108.5,157.7,200.0,200.0,200.0,200.0,200.0,200.0,186.3,98.3,52.2,26.9,15.0,9.3,4.2
3496,71.664,0.000,3349.0,157.0,0.0,3,15240,1.000,0.000,-0.000,-0.513,-0.014,200.0,6.9,0,-0.44,0.000,200.0,364.9,1.000,12.7,26.8,41.0,66.9,108.5,157.7,200.0,200.0,200.0,200.0,200.0,200.0,186.1,98.5,52.3,27.0,15.0,9.4,4.2
3497,71.686,0.000,3349.9,158.0,0.0,3,15328,1.000,0.000,-0.000,-0.511,-0.014,200.0,6.8,0,-0.43,0.000,200.0,364.9,1.000,12.6,26.8,40.9,66.8,108.4,157.6,200.0,200.0,200.0,200.0,200.0,200.0,186.5,98.8,52.5,27.2,15.1,9.4,4.2
3498,71.708,0.000,3350.9,159.0,0.0,3,15329,1.000,0.000,-0.001,-0.509,-0.014,200.0,5.0,0,-0.43,0.000,200.0,364.9,1.000,12.6,26.7,40.9,66.7,108.2,157.4,200.0,200.0,200.0,200.0,200.0,200.0,187.1,99.2,52.8,27.3,15.2,9.4,4.2
3499,71.730,0.000,3351.9,160.1,0.0,3,15381,1.000,0.000,-0.001,-0.506,-0.014,200.0,4.1,0,-0.43,0.000,200.0,364.9,1.000,12.6,26.7,40.8,66.6,108.1,157.3,200.0,200.0,200.0,200.0,200.0,200.0,187.4,99.5,53.0,27.4,15.2,9.5,4.2
3500,71.752,0.000,3352.8,161.0,0.0,3,15483,1.000,0.000,-0.001,-0.504,-0.014,200.0,4.2,0,-0.43,0.000,200.0,364.9,1.000,12.6,26.7,40.8,66.6,108.1,157.2,200.0,200.0,200.0,200.0,200.0,200.0,187.5,99.7,53.1,27.5,15.3,9.5,4.3
3501,71.774,0.000,3353.8,162.0,0.0,3,15615,1.000,0.000,-0.000,-0.502,-0.014,200.0,5.0,0,-0.42,0.000,200.0,364.9,1.000,12.6,26.6,40.7,66.5,108.0,157.2,200.0,200.0,200.0,200.0,200.0,200.0,187.3,99.9,53.3,27.6,15.4,9.6,4.3
3502,71.796,0.000,3354.8,163.0,0.0,3,15744,1.000,0.000,-0.000,-0.500,-0.014,200.0,5.6,0,-0.42,0.000,200.0,364.9,1.000,12.6,26.6,40.7,66.5,107.9,157.2,200.0,200.0,200.0,200.0,200.0,200.0,187.4,100.1,53.5,27.7,15.4,9.6,4.3
3503,71.818,0.000,3355.8,163.9,0.0,3,15850,1.000,0.000,-0.001,-0.497,-0.014,200.0,5.9,0,-0.42,0.000,200.0,364.9,1.000,12.5,26.5,40.6,66.4,107.8,157.0,200.0,200.0,200.0,200.0,200.0,200.0,187.8,100.5,53.7,27.8,15.5,9.6,4.3
3504,71.840,0.000,3356.8,164.9,0.0,3,15939,1.000,0.000,-0.001,-0.495,-0.014,200.0,5.8,0,-0.42,0.000,200.0,364.9,1.000,12.5,26.5,40.6,66.3,107.7,157.0,200.0,200.0,200.0,200.0,200.0,200.0,188.0,100.7,53.9,27.9,15.6,9.7,4.3
3505,71.862,0.000,3357.8,166.0,0.0,3,15953,1.000,0.000,-0.000,-0.493,-0.013,200.0,4.4,0,-0.42,0.000,200.0,364.9,1.000,12.5,26.5,40.5,66.2,107.7,156.9,200.0,200.0,200.0,200.0,200.0,200.0,187.8,100.9,54.0,28.1,15.6,9.7,4.4
3506,71.884,0.000,3358.9,167.0,0.0,3,15970,1.000,0.000,-0.000,-0.490,-0.013,200.0,2.7,0,-0.41,0.000,200.0,364.9,1.000,12.5,26.4,40.5,66.2,107.6,156.9,200.0,200.0,200.0,200.0,200.0,200.0,187.9,101.1,54.2,28.2,15.7,9.8,4.4
3507,71.906,0.000,3359.9,168.0,0.0,3,16063,1.000,0.000,-0.001,-0.488,-0.013,200.0,2.7,0,-0.41,0.000,200.0,364.9,1.000,12.5,26.4,40.4,66.1,107.5,156.7,200.0,200.0,200.0,200.0,200.0,200.0,188.4,101.5,54.4,28.3,15.8,9.8,4.4
3508,71.928,0.000,3360.9,168.9,0.0,3,16198,1.000,0.000,-0.001,-0.486,-0.013,200.0,3.5,0,-0.41,0.000,200.0,364.9,1.000,12.4,26.4,40.4,66.0,107.3,156.6,200.0,200.0,200.0,200.0,200.0,200.0,188.8,101.8,54.7,28.4,15.8,9.9,4.4
3509,71.950,0.000,3361.9,169.9,0.0,3,16339,1.000,0.000,-0.001,-0.483,-0.013,200.0,4.4,0,-0.41,0.000,200.0,364.9,1.000,12.4,26.3,40.3,65.9,107.3,156.5,200.0,200.0,200.0,200.0,200.0,200.0,188.8,102.0,54.8,28.5,15.9,9.9,4.4
3510,71.972,0.000,3363.0,170.8,0.0,3,16454,1.000,0.000,-0.001,-0.481,-0.013,200.0,4.8,0,-0.41,0.000,200.0,364.9,1.000,12.4,26.3,40.3,65.9,107.2,156.6,200.0,200.0,200.0,200.0,200.0,200.0,188.5,102.1,55.0,28.6,16.0,9.9,4.5
3511,71.994,0.000,3364.0,171.8,0.0,3,16547,1.000,0.000,-0.000,-0.479,-0.013,200.0,4.9,0,-0.41,0.000,200.0,364.9,1.000,12.4,26.3,40.2,65.8,107.2,156.7,200.0,200.0,200.0,200.0,200.0,200.0,188.0,102.2,55.1,28.7,16.0,10.0,4.5
3512,72.016,0.000,3365.1,172.9,0.0,3,16552,1.000,0.000,-0.000,-0.477,-0.013,200.0,3.4,0,-0.40,0.000,200.0,364.9,1.000,12.4,26.2,40.2,65.8,107.2,156.7,200.0,200.0,200.0,200.0,200.0,200.0,187.8,102.4,55.3,28.8,16.1,10.0,4.5
3513,72.038,0.000,3366.2,173.9,0.0,3,16554,1.000,0.000,-0.000,-0.474,-0.013,200.0,1.4,0,-0.40,0.000,200.0,364.9,1.000,12.4,26.2,40.1,65.7,107.0,156.5,200.0,200.0,200.0,200.0,200.0,200.0,188.3,102.7,55.5,28.9,16.2,10.1,4.5
3514,72.060,0.000,3367.2,174.9,0.0,3,16650,1.000,0.000,-0.001,-0.472,-0.013,200.0,1.4,0,-0.40,0.000,200.0,364.9,1.000,12.3,26.1,40.0,65.6,106.9,156.3,200.0,200.0,200.0,200.0,200.0,200.0,189.0,103.1,55.7,29.1,16.2,10.1,4.5
3515,72.082,0.000,3368.3,175.8,0.0,3,16793,1.000,0.000,-0.001,-0.470,-0.013,200.0,2.4,0,-0.39,0.000,200.0,364.9,1.000,12.3,26.1,40.0,65.5,106.8,156.1,200.0,200.0,200.0,200.0,200.0,200.0,189.4,103.5,55.9,29.2,16.3,10.2,4.6
3516,72.104,0.000,3369.4,176.7,0.0,3,16938,1.000,0.000,-0.001,-0.467,-0.013,200.0,3.4,0,-0.39,0.000,200.0,364.9,1.000,12.3,26.1,39.9,65.4,106.7,156.1,200.0,200.0,200.0,200.0,200.0,200.0,189.5,103.7,56.1,29.3,16.4,10.2,4.6
3517,72.126,0.000,3370.4,177.7,0.0,3,17052,1.000,0.000,-0.000,-0.465,-0.013,200.0,3.8,0,-0.39,0.000,200.0,364.9,1.000,12.3,26.0,39.9,65.4,106.7,156.1,200.0,200.0,200.0,200.0,200.0,200.0,189.1,103.8,56.2,29.4,16.4,10.2,4.6
3518,72.148,0.000,3371.5,178.6,0.0,3,17142,1.000,0.000,-0.000,-0.463,-0.013,200.0,3.9,0,-0.39,0.000,200.0,364.9,1.000,12.3,26.0,39.8,65.3,106.6,156.1,200.0,200.0,200.0,200.0,200.0,200.0,189.0,104.0,56.4,29.5,16.5,10.3,4.6
3519,72.170,0.000,3372.6,179.7,0.0,3,17094,1.000,0.000,-0.001,-0.460,-0.013,200.0,1.3,0,-0.39,0.000,200.0,364.9,1.000,12.2,26.0,39.8,65.2,106.5,156.0,200.0,200.0,200.0,200.0,200.0,200.0,189.5,104.3,56.6,29.6,16.6,10.3,4.6
3520,72.192,0.000,3373.7,180.7,0.0,3,17128,1.000,0.000,-0.001,-0.458,-0.013,200.0,-0.1,0,-0.38,0.000,200.0,364.9,1.000,12.2,25.9,39.7,65.1,106.4,155.8,200.0,200.0,200.0,200.0,200.0,200.0,189.7,104.6,56.8,29.7,16.6,10.4,4.7
3521,72.214,0.000,3374.8,181.6,0.0,3,17240,1.000,0.000,-0.001,-0.456,-0.012,200.0,0.3,0,-0.38,0.000,200.0,364.9,1.000,12.2,25.9,39.7,65.1,106.3,155.8,200.0,200.0,200.0,200.0,200.0,200.0,189.7,104.8,57.0,29.8,16.7,10.4,4.7
3522,72.236,0.000,3376.0,182.5,0.0,3,17392,1.000,0.000,-0.000,-0.453,-0.012,200.0,1.6,0,-0.38,0.000,200.0,364.9,1.000,12.2,25.9,39.6,65.0,106.2,155.8,200.0,200.0,200.0,200.0,200.0,200.0,189.6,104.9,57.1,29.9,16.8,10.5,4.7
3523,72.258,0.000,3377.1,183.4,0.0,3,17533,1.000,0.000,-0.000,-0.451,-0.012,200.0,2.6,0,-0.38,0.000,200.0,364.9,1.000,12.2,25.8,39.6,64.9,106.1,155.7,200.0,200.0,200.0,200.0,200.0,200.0,189.7,105.2,57.3,30.0,16.8,10.5,4.7
3524,72.280,0.000,3378.2,184.3,0.0,3,17644,1.000,0.000,-0.001,-0.449,-0.012,200.0,3.0,0,-0.38,0.000,200.0,364.9,1.000,12.1,25.8,39.5,64.8,106.0,155.6,200.0,200.0,200.0,200.0,200.0,200.0,190.1,105.5,57.5,30.2,16.9,10.5,4.7
3525,72.302,0.000,3379.3,185.3,0.0,3,17726,1.000,0.000,-0.001,-0.446,-0.012,200.0,3.0,0,-0.37,0.000,200.0,364.9,1.000,12.1,25.7,39.5,64.8,105.9,155.5,200.0,200.0,200.0,200.0,200.0,200.0,190.3,105.7,57.7,30.3,17.0,10.6,4.8
3526,72.324,0.000,3380.5,186.3,0.0,3,17685,1.000,0.000,-0.001,-0.444,-0.012,200.0,0.4,0,-0.37,0.000,200.0,364.9,1.000,12.1,25.7,39.4,64.7,105.9,155.5,200.0,200.0,200.0,200.0,200.0,200.0,190.2,105.9,57.9,30.4,17.0,10.6,4.8
3527,72.346,0.000,3381.6,187.3,0.0,3,17764,1.000,0.000,-0.000,-0.442,-0.012,200.0,0.1,0,-0.37,0.000,200.0,364.9,1.000,12.1,25.7,39.4,64.6,105.8,155.5,200.0,200.0,200.0,200.0,200.0,200.0,189.9,106.0,58.0,30.5,17.1,10.7,4.8
3528,72.368,0.000,3382.8,188.2,0.0,3,17883,1.000,0.000,-0.000,-0.439,-0.012,200.0,0.7,0,-0.37,0.000,200.0,364.9,1.000,12.1,25.6,39.3,64.6,105.7,155.4,200.0,200.0,200.0,200.0,200.0,200.0,190.0,106.2,58.2,30.6,17.1,10.7,4.8
3529,72.390,0.000,3383.9,189.1,0.0,3,18013,1.000,0.000,-0.001,-0.437,-0.012,200.0,1.5,0,-0.37,0.000,200.0,364.9,1.000,12.1,25.6,39.3,64.5,105.6,155.2,200.0,200.0,200.0,200.0,200.0,200.0,190.5,106.6,58.4,30.7,17.2,10.7,4.8
3530,72.412,0.000,3385.1,190.0,0.0,3,18126,1.000,0.000,-0.001,-0.435,-0.012,200.0,2.0,0,-0.36,0.000,200.0,364.9,1.000,12.0,25.6,39.2,64.4,105.5,155.1,200.0,200.0,200.0,200.0,200.0,200.0,190.8,106.9,58.6,30.8,17.3,10.8,4.9
3531,72.434,0.000,3386.2,190.9,0.0,3,18219,1.000,0.000,-0.000,-0.432,-0.012,200.0,2.2,0,-0.36,0.000,200.0,364.9,1.000,12.0,25.5,39.2,64.3,105.4,155.1,200.0,200.0,200.0,200.0,200.0,200.0,190.6,107.0,58.7,30.9,17.3,10.8,4.9
3532,72.456,0.000,3387.4,191.8,0.0,3,18272,1.000,0.000,-0.000,-0.430,-0.012,200.0,1.6,0,-0.36,0.000,200.0,364.9,1.000,12.0,25.5,39.1,64.3,105.3,155.1,200.0,200.0,200.0,200.0,200.0,200.0,190.7,107.2,58.9,31.0,17.4,10.9,4.9
3533,72.478,0.000,3388.6,192.8,0.0,3,18313,1.000,0.000,-0.001,-0.428,-0.012,200.0,0.6,0,-0.36,0.000,200.0,364.9,1.000,12.0,25.4,39.1,64.2,105.2,154.9,200.0,200.0,200.0,200.0,200.0,200.0,191.1,107.6,59.1,31.1,17.5,10.9,4.9
3534,72.500,0.000,3389.8,193.7,0.0,3,18396,1.000,0.000,-0.001,-0.425,-0.012,200.0,0.4,0,-0.35,0.000,200.0,364.9,1.000,12.0,25.4,39.0,64.1,105.1,154.8,200.0,200.0,200.0,200.0,200.0,200.0,191.4,107.9,59.3,31.3,17.5,11.0,4.9
3535,72.522,0.000,3390.9,194.6,0.0,3,18494,1.000,0.000,-0.001,-0.423,-0.012,200.0,0.7,0,-0.35,0.000,200.0,364.9,1.000,11.9,25.4,38.9,64.0,105.0,154.7,200.0,200.0,200.0,200.0,200.0,200.0,191.3,108.0,59.5,31.4,17.6,11.0,5.0
3536,72.544,0.000,3392.1,195.5,0.0,3,18596,1.000,0.000,-0.000,-0.421,-0.011,200.0,1.0,0,-0.35,0.000,200.0,364.9,1.000,11.9,25.3,38.9,64.0,105.0,154.8,200.0,200.0,200.0,200.0,200.0,200.0,191.1,108.1,59.6,31.5,17.7,11.0,5.0
3537,72.566,0.000,3393.3,196.4,0.0,3,18687,1.000,0.000,-0.000,-0.418,-0.011,200.0,1.0,0,-0.35,0.000,200.0,364.9,1.000,11.9,25.3,38.9,63.9,104.9,154.7,200.0,200.0,200.0,200.0,200.0,200.0,191.0,108.3,59.8,31.6,17.7,11.1,5.0
3538,72.588,0.000,3394.5,196.7,0.0,4,15134,1.000,0.000,-0.001,-0.416,-0.011,200.0,-14.2,0,-0.35,0.000,200.0,364.9,1.000,11.9,25.3,38.8,63.8,104.8,154.5,200.0,200.0,200.0,200.0,200.0,200.0,191.6,108.7,60.0,31.7,17.8,11.1,5.0
3539,72.610,0.000,3395.7,196.4,0.0,4,15107,1.000,0.000,-0.001,-0.414,-0.011,200.0,-14.6,0,-0.34,0.000,200.0,364.9,1.000,11.9,25.2,38.7,63.7,104.6,154.4,200.0,200.0,200.0,200.0,200.0,200.0,192.0,109.0,60.2,31.8,17.9,11.2,5.0
3540,72.632,0.000,3396.9,196.0,0.0,4,14520,1.000,0.000,-0.001,-0.411,-0.011,200.0,-15.3,0,-0.34,0.000,200.0,364.9,1.000,11.8,25.2,38.7,63.7,104.6,154.4,200.0,200.0,200.0,200.0,200.0,200.0,191.8,109.1,60.3,31.9,17.9,11.2,5.1
3541,72.654,0.000,3398.1,196.4,0.0,4,15025,1.000,0.000,-0.000,-0.409,-0.011,200.0,-3.4,0,-0.34,0.000,200.0,364.9,1.000,11.8,25.2,38.6,63.6,104.6,154.5,200.0,200.0,200.0,200.0,200.0,200.0,191.1,109.0,60.4,32.0,18.0,11.3,5.1
3542,72.676,0.000,3399.3,197.0,0.0,4,15083,1.000,0.000,0.000,-0.407,-0.011,200.0,-2.9,0,-0.34,0.000,200.0,364.9,1.000,11.8,25.1,38.6,63.6,104.5,154.5,200.0,200.0,200.0,200.0,200.0,200.0,190.8,109.1,60.6,32.1,18.1,11.3,5.1
3543,72.698,0.000,3400.5,197.7,0.0,4,15126,1.000,0.000,-0.000,-0.405,-0.011,200.0,-3.1,0,-0.34,0.000,200.0,364.9,1.000,11.8,25.1,38.5,63.5,104.4,154.4,200.0,200.0,200.0,200.0,200.0,200.0,191.1,109.4,60.7,32.2,18.1,11.3,5.1
3544,72.720,0.000,3401.8,198.3,0.0,4,15168,1.000,0.000,-0.000,-0.402,-0.011,200.0,-3.3,0,-0.34,0.000,200.0,364.9,1.000,11.8,25.1,38.5,63.4,104.3,154.2,200.0,200.0,200.0,200.0,200.0,200.0,191.7,109.8,61.0,32.3,18.2,11.4,5.1
3545,72.742,0.000,3403.0,199.0,0.0,4,15197,1.000,0.000,-0.001,-0.400,-0.011,200.0,-3.8,0,-0.33,0.000,200.0,364.9,1.000,11.8,25.0,38.4,63.3,104.1,154.0,200.0,200.0,200.0,200.0,200.0,200.0,192.4,110.2,61.2,32.4,18.3,11.4,5.1
3546,72.764,0.000,3404.2,199.7,0.0,4,15232,1.000,0.000,-0.001,-0.398,-0.011,200.0,-4.2,0,-0.33,0.000,200.0,364.9,1.000,11.7,25.0,38.4,63.2,104.0,153.8,200.0,200.0,200.0,200.0,200.0,200.0,192.8,110.5,61.4,32.5,18.3,11.5,5.2
3547,72.786,0.000,3405.4,200.3,0.0,4,15287,1.000,0.000,-0.001,-0.396,-0.011,200.0,-4.1,0,-0.33,0.000,200.0,364.9,1.000,11.7,24.9,38.3,63.1,103.9,153.8,200.0,200.0,200.0,200.0,200.0,200.0,192.7,110.6,61.5,32.6,18.4,11.5,5.2
3548,72.808,0.000,3406.6,201.0,0.0,4,15350,1.000,0.000,-0.001,-0.394,-0.011,200.0,-3.8,0,-0.33,0.000,200.0,364.9,1.000,11.7,24.9,38.3,63.1,103.9,153.8,200.0,200.0,200.0,200.0,200.0,200.0,192.5,110.7,61.7,32.7,18.4,11.5,5.2
3549,72.830,0.000,3407.9,201.6,0.0,4,15411,1.000,0.000,-0.000,-0.391,-0.011,200.0,-3.6,0,-0.33,0.000,200.0,364.9,1.000,11.7,24.9,38.2,63.0,103.8,153.8,200.0,200.0,200.0,200.0,200.0,200.0,192.1,110.8,61.8,32.8,18.5,11.6,5.2
3550,72.852,0.000,3409.1,202.3,0.0,4,15464,1.000,0.000,-0.000,-0.389,-0.011,200.0,-3.5,0,-0.33,0.000,200.0,364.9,1.000,11.7,24.8,38.2,63.0,103.8,153.8,200.0,200.0,200.0,200.0,200.0,200.0,192.1,110.9,61.9,32.9,18.6,11.6,5.2
3551,72.874,0.000,3410.3,202.9,0.0,4,15511,1.000,0.000,-0.000,-0.387,-0.011,200.0,-3.6,0,-0.32,0.000,200.0,364.9,1.000,11.6,24.8,38.1,62.9,103.6,153.6,200.0,200.0,200.0,200.0,200.0,200.0,192.5,111.2,62.1,33.0,18.6,11.7,5.3
3552,72.896,0.000,3411.6,203.6,0.0,4,15532,1.000,0.000,-0.001,-0.385,-0.011,200.0,-4.3,0,-0.32,0.000,200.0,364.9,1.000,11.6,24.8,38.1,62.8,103.5,153.4,200.0,200.0,200.0,200.0,200.0,200.0,193.1,111.6,62.3,33.1,18.7,11.7,5.3
3553,72.918,0.000,3412.8,204.2,0.0,4,15580,1.000,0.000,-0.001,-0.382,-0.011,200.0,-4.4,0,-0.31,0.000,200.0,364.9,1.000,11.6,24.7,38.0,62.7,103.4,153.3,200.0,200.0,200.0,200.0,200.0,200.0,193.4,111.9,62.5,33.3,18.8,11.7,5.3
3554,72.940,0.000,3414.1,204.9,0.0,4,15635,1.000,0.000,-0.001,-0.380,-0.010,200.0,-4.2,0,-0.31,0.000,200.0,364.9,1.000,11.6,24.7,38.0,62.6,103.3,153.3,200.0,200.0,200.0,200.0,200.0,200.0,193.3,112.0,62.7,33.3,18.8,11.8,5.3
3555,72.962,0.000,3415.3,205.5,0.0,4,15692,1.000,0.000,-0.001,-0.378,-0.010,200.0,-4.0,0,-0.31,0.000,200.0,364.9,1.000,11.6,24.7,37.9,62.6,103.3,153.3,200.0,200.0,200.0,200.0,200.0,200.0,193.0,112.1,62.8,33.4,18.9,11.8,5.3
3556,72.984,0.000,3416.6,206.2,0.0,4,15744,1.000,0.000,-0.000,-0.376,-0.010,200.0,-4.0,0,-0.31,0.000,200.0,364.9,1.000,11.6,24.6,37.9,62.5,103.3,153.4,200.0,200.0,200.0,200.0,200.0,200.0,192.5,112.1,62.9,33.5,18.9,11.9,5.4
3557,73.006,0.000,3417.8,206.8,0.0,4,15792,1.000,0.000,-0.000,-0.374,-0.010,200.0,-4.0,0,-0.31,0.000,200.0,364.9,1.000,11.5,24.6,37.8,62.5,103.2,153.4,200.0,200.0,200.0,200.0,200.0,200.0,192.1,112.2,63.0,33.6,19.0,11.9,5.4
3558,73.028,0.000,3419.1,207.4,0.0,4,15816,1.000,0.000,-0.000,-0.372,-0.010,200.0,-4.6,0,-0.31,0.000,200.0,364.9,1.000,11.5,24.6,37.8,62.4,103.1,153.2,200.0,200.0,200.0,200.0,200.0,200.0,191.8,112.5,63.2,33.7,19.0,11.9,5.4
3559,73.050,0.000,3420.4,208.1,0.0,4,15863,1.000,0.000,-0.001,-0.369,-0.010,200.0,-4.7,0,-0.31,0.000,200.0,364.9,1.000,11.5,24.5,37.7,62.3,102.9,153.0,200.0,200.0,200.0,200.0,200.0,200.0,191.5,112.9,63.4,33.8,19.1,12.0,5.4
3560,73.072,0.000,3421.7,208.7,0.0,4,15917,1.000,0.000,-0.001,-0.367,-0.010,200.0,-4.6,0,-0.31,0.000,200.0,364.9,1.000,11.5,24.5,37.7,62.2,102.8,152.8,200.0,200.0,200.0,200.0,200.0,200.0,191.0,113.2,63.6,33.9,19.2,12.0,5.4
3561,73.094,0.000,3422.9,209.3,0.0,4,15974,1.000,0.000,-0.000,-0.365,-0.010,200.0,-4.4,0,-0.31,0.000,200.0,364.9,1.000,11.5,24.4,37.6,62.1,102.7,152.8,200.0,200.0,200.0,200.0,200.0,200.0,190.2,113.3,63.7,34.0,19.2,12.1,5.4
3562,73.116,0.000,3424.2,210.0,0.0,4,16026,1.000,0.000,-0.000,-0.363,-0.010,200.0,-4.3,0,-0.31,0.000,200.0,364.9,1.000,11.5,24.4,37.6,62.1,102.7,152.7,200.0,200.0,200.0,200.0,200.0,200.0,189.4,113.4,63.9,34.1,19.3,12.1,5.5
3563,73.138,0.000,3425.5,210.6,0.0,4,16073,1.000,0.000,-0.000,-0.361,-0.010,200.0,-4.4,0,-0.31,0.000,200.0,364.9,1.000,11.4,24.4,37.5,62.0,102.5,152.6,200.0,200.0,200.0,200.0,200.0,200.0,188.8,113.8,64.1,34.2,19.4,12.1,5.5
3564,73.160,0.000,3426.8,211.3,0.0,4,16099,1.000,0.000,-0.001,-0.359,-0.010,200.0,-4.9,0,-0.31,0.000,200.0,364.9,1.000,11.4,24.3,37.5,61.9,102.4,152.3,200.0,200.0,200.0,200.0,200.0,200.0,188.1,114.1,64.3,34.4,19.4,12.2,5.5
3565,73.182,0.000,3428.1,211.9,0.0,4,16144,1.000,0.000,-0.001,-0.356,-0.010,200.0,-5.0,0,-0.31,0.000,200.0,364.9,1.000,11.4,24.3,37.4,61.8,102.3,152.2,200.0,200.0,200.0,200.0,200.0,200.0,187.3,114.4,64.4,34.5,19.5,12.2,5.5
3566,73.204,0.000,3429.4,212.5,0.0,4,16196,1.000,0.000,-0.001,-0.354,-0.010,200.0,-4.9,0,-0.31,0.000,200.0,364.9,1.000,11.4,24.3,37.4,61.8,102.2,152.2,200.0,200.0,200.0,200.0,200.0,200.0,186.4,114.5,64.6,34.5,19.5,12.2,5.5
3567,73.226,0.000,3430.7,213.1,0.0,4,16251,1.000,0.000,-0.000,-0.352,-0.010,200.0,-4.8,0,-0.31,0.000,200.0,364.9,1.000,11.4,24.2,37.3,61.7,102.2,152.3,200.0,200.0,200.0,200.0,200.0,200.0,185.4,114.5,64.7,34.6,19.6,12.3,5.6
3568,73.248,0.000,3432.0,213.7,0.0,4,16302,1.000,0.000,-0.000,-0.350,-0.010,200.0,-4.7,0,-0.31,0.000,200.0,364.9,1.000,11.3,24.2,37.3,61.6,102.1,152.2,200.0,200.0,200.0,200.0,200.0,200.0,184.5,114.6,64.8,34.7,19.6,12.3,5.6
3569,73.270,0.000,3433.3,214.4,0.0,4,16350,1.000,0.000,-0.000,-0.348,-0.010,200.0,-4.7,0,-0.31,0.000,200.0,364.9,1.000,11.3,24.2,37.2,61.6,102.0,152.1,200.0,200.0,200.0,200.0,200.0,200.0,183.6,114.9,65.0,34.8,19.7,12.4,5.6
3570,73.292,0.000,3434.6,215.0,0.0,4,16376,1.000,0.000,-0.000,-0.346,-0.010,200.0,-5.2,0,-0.31,0.000,200.0,364.9,1.000,11.3,24.1,37.2,61.5,101.8,151.9,200.0,200.0,200.0,200.0,200.0,200.0,182.8,115.2,65.2,34.9,19.8,12.4,5.6
3571,73.314,0.000,3435.9,215.6,0.0,4,16421,1.000,0.000,-0.001,-0.344,-0.010,200.0,-5.3,0,-0.31,0.000,200.0,364.9,1.000,11.3,24.1,37.1,61.4,101.7,151.6,200.0,200.0,200.0,200.0,200.0,199.9,182.0,115.6,65.4,35.0,19.8,12.4,5.6
3572,73.336,0.000,3437.2,216.2,0.0,4,16472,1.000,0.000,-0.001,-0.342,-0.010,200.0,-5.2,0,-0.31,0.000,200.0,364.9,1.000,11.3,24.1,37.1,61.3,101.5,151.5,200.0,200.0,200.0,200.0,200.0,198.7,181.1,115.9,65.6,35.1,19.9,12.5,5.6
3573,73.358,0.000,3438.6,216.9,0.0,4,16526,1.000,0.000,-0.000,-0.339,-0.009,200.0,-5.1,0,-0.31,0.000,200.0,364.9,1.000,11.3,24.0,37.0,61.2,101.5,151.5,200.0,200.0,200.0,200.0,200.0,197.4,180.1,116.0,65.7,35.2,20.0,12.5,5.7
3574,73.380,0.000,3439.9,217.5,0.0,4,16576,1.000,0.000,-0.000,-0.337,-0.009,200.0,-5.0,0,-0.31,0.000,200.0,364.9,1.000,11.2,24.0,37.0,61.2,101.4,151.4,200.0,200.0,200.0,200.0,200.0,196.1,179.1,116.1,65.8,35.3,20.0,12.6,5.7
3575,73.402,0.000,3441.2,218.1,0.0,4,16622,1.000,0.000,-0.000,-0.335,-0.009,200.0,-5.1,0,-0.32,0.000,200.0,364.9,1.000,11.2,24.0,36.9,61.1,101.3,151.2,200.0,200.0,200.0,200.0,200.0,194.9,178.1,116.4,66.0,35.4,20.1,12.6,5.7
3576,73.424,0.000,3442.6,218.7,0.0,4,16649,1.000,0.000,-0.000,-0.333,-0.009,200.0,-5.6,0,-0.32,0.000,200.0,364.9,1.000,11.2,23.9,36.9,61.0,101.1,151.0,200.0,200.0,200.0,200.0,200.0,193.7,177.2,116.8,66.2,35.5,20.1,12.6,5.7
3577,73.446,0.000,3443.9,219.3,0.0,4,16695,1.000,0.000,-0.000,-0.331,-0.009,200.0,-5.6,0,-0.32,0.000,200.0,364.9,1.000,11.2,23.9,36.8,60.9,101.0,150.8,200.0,200.0,200.0,200.0,200.0,192.5,176.3,117.1,66.4,35.7,20.2,12.7,5.7
3578,73.468,0.000,3445.2,219.9,0.0,4,16745,1.000,0.000,-0.001,-0.329,-0.009,200.0,-5.5,0,-0.32,0.000,200.0,364.9,1.000,11.2,23.8,36.7,60.8,100.8,150.5,200.0,200.0,200.0,200.0,199.5,191.2,175.4,117.5,66.6,35.8,20.3,12.7,5.7
3579,73.490,0.000,3446.6,220.5,0.0,4,16797,1.000,0.000,-0.001,-0.327,-0.009,200.0,-5.4,0,-0.32,0.000,200.0,364.9,1.000,11.2,23.8,36.7,60.7,100.7,150.4,200.0,200.0,200.0,200.0,198.2,190.0,174.4,117.8,66.8,35.9,20.3,12.8,5.8
3580,73.512,0.000,3447.9,221.1,0.0,4,16845,1.000,0.000,-0.000,-0.325,-0.009,200.0,-5.4,0,-0.33,0.000,200.0,364.9,1.000,11.1,23.8,36.6,60.7,100.7,150.4,200.0,200.0,200.0,200.0,196.8,188.7,173.3,117.8,66.9,36.0,20.4,12.8,5.8
3581,73.534,0.000,3449.3,221.7,0.0,4,16886,1.000,0.000,0.000,-0.323,-0.009,200.0,-5.5,0,-0.33,0.000,200.0,364.9,1.000,11.1,23.7,36.6,60.6,100.6,150.4,200.0,200.0,200.0,200.0,195.5,187.4,172.2,117.9,67.1,36.0,20.4,12.8,5.8
3582,73.556,0.000,3450.6,222.4,0.0,4,16917,1.000,0.000,0.000,-0.321,-0.009,200.0,-5.9,0,-0.34,0.000,200.0,364.9,1.000,11.1,23.7,36.5,60.5,100.5,150.2,200.0,200.0,200.0,200.0,194.1,186.1,171.2,118.2,67.2,36.1,20.5,12.9,5.8
3583,73.578,0.000,3452.0,223.0,0.0,4,16963,1.000,0.000,0.000,-0.318,-0.009,200.0,-5.9,0,-0.34,0.000,200.0,364.9,1.000,11.1,23.7,36.5,60.4,100.3,150.0,200.0,200.0,200.0,200.0,192.8,184.9,170.2,118.5,67.4,36.3,20.6,12.9,5.8
3584,73.600,0.000,3453.4,223.5,0.0,4,17013,1.000,0.000,-0.000,-0.316,-0.009,200.0,-5.8,0,-0.34,0.000,200.0,364.9,1.000,11.1,23.6,36.4,60.3,100.1,149.7,200.0,200.0,200.0,199.8,191.5,183.6,169.2,118.9,67.6,36.4,20.6,12.9,5.9
3585,73.622,0.000,3454.7,224.1,0.0,4,17062,1.000,0.000,-0.000,-0.314,-0.009,200.0,-5.8,0,-0.34,0.000,200.0,364.9,1.000,11.1,23.6,36.4,60.2,100.0,149.5,200.0,200.0,200.0,198.4,190.2,182.4,168.3,119.3,67.9,36.5,20.7,13.0,5.9
3586,73.644,0.000,3456.1,224.7,0.0,4,17108,1.000,0.000,-0.000,-0.312,-0.009,200.0,-5.8,0,-0.35,0.000,200.0,364.9,1.000,11.0,23.6,36.3,60.1,99.8,149.2,200.0,200.0,200.0,197.0,188.9,181.2,167.2,119.7,68.1,36.6,20.7,13.0,5.9
3587,73.666,0.000,3457.5,225.3,0.0,4,17140,1.000,0.000,-0.000,-0.310,-0.009,200.0,-6.1,0,-0.35,0.000,200.0,364.9,1.000,11.0,23.5,36.2,60.0,99.7,149.0,200.0,200.0,200.0,195.7,187.6,179.9,166.2,120.1,68.3,36.7,20.8,13.1,5.9
3588,73.688,0.000,3458.9,225.9,0.0,4,17180,1.000,0.000,-0.001,-0.308,-0.009,200.0,-6.2,0,-0.35,0.000,200.0,364.9,1.000,11.0,23.5,36.2,59.9,99.5,148.7,200.0,200.0,200.0,194.3,186.3,178.7,165.2,120.4,68.5,36.8,20.9,13.1,5.9
3589,73.710,0.000,3460.2,226.5,0.0,4,17226,1.000,0.000,-0.000,-0.306,-0.009,200.0,-6.2,0,-0.36,0.000,200.0,364.9,1.000,11.0,23.4,36.1,59.9,99.4,148.6,200.0,200.0,200.0,192.9,184.9,177.4,164.1,120.7,68.7,36.9,20.9,13.1,5.9
3590,73.732,0.000,3461.6,227.1,0.0,4,17275,1.000,0.000,-0.000,-0.304,-0.009,200.0,-6.1,0,-0.36,0.000,200.0,364.9,1.000,11.0,23.4,36.1,59.8,99.3,148.7,200.0,200.0,200.0,191.4,183.5,176.1,163.0,120.8,68.8,37.0,21.0,13.2,6.0
3591,73.754,0.000,3463.0,227.7,0.0,4,17322,1.000,0.000,-0.000,-0.302,-0.009,198.6,-6.1,0,-0.37,0.000,198.6,364.9,1.000,10.9,23.4,36.0,59.7,99.1,149.1,200.0,200.0,198.6,190.0,182.2,174.8,161.9,121.1,69.0,37.1,21.0,13.2,6.0
3592,73.776,0.000,3464.4,228.3,0.0,4,17366,1.000,0.000,-0.000,-0.300,-0.009,197.1,-6.1,0,-0.38,0.000,197.1,364.9,1.000,10.9,23.3,36.0,59.6,99.0,151.6,200.0,200.0,197.1,188.6,180.9,173.5,160.8,121.5,69.2,37.2,21.1,13.3,6.0
3593,73.798,0.000,3465.8,228.9,0.0,4,17396,1.000,0.000,0.004,-0.297,-0.009,195.6,-6.5,0,-0.49,0.000,195.6,364.9,1.000,10.9,23.3,35.9,59.5,98.8,200.0,200.0,200.0,195.6,187.2,179.5,172.2,159.8,121.9,69.4,37.3,21.2,13.3,6.0
3594,73.820,0.000,3467.2,229.4,0.0,4,17438,1.000,0.000,0.003,-0.295,-0.009,194.3,-6.5,0,-0.49,0.000,194.3,364.9,1.000,10.9,23.3,35.8,59.3,98.4,200.0,200.0,200.0,194.3,186.0,178.3,171.1,158.9,122.9,69.8,37.5,21.3,13.3,6.0
3595,73.842,0.000,3468.6,230.0,-0.0,4,17484,1.000,0.000,0.001,-0.293,-0.010,193.2,-6.5,0,-0.49,0.000,193.2,364.9,1.000,10.9,23.2,35.7,59.1,97.8,200.0,200.0,200.0,193.2,184.9,177.3,170.1,158.2,124.5,70.4,37.7,21.4,13.4,6.1
3596,73.864,0.000,3470.0,230.6,-0.1,4,17532,1.000,0.000,-0.001,-0.291,-0.010,192.1,-6.4,0,-0.49,0.000,192.1,364.9,1.000,10.8,23.1,35.6,58.8,97.3,200.0,200.0,200.0,192.1,183.8,176.2,169.1,157.5,126.0,71.0,38.0,21.5,13.5,6.1
3597,73.886,0.000,3471.4,231.1,-0.1,4,17576,1.000,0.000,-0.002,-0.289,-0.010,190.7,-6.4,0,-0.49,0.000,190.7,364.9,1.000,10.8,23.1,35.5,58.7,97.0,200.0,200.0,199.7,190.7,182.4,174.9,167.9,156.5,126.8,71.3,38.1,21.5,13.5,6.1
3598,73.908,0.000,3472.8,231.7,-0.1,4,17611,1.000,0.000,-0.001,-0.286,-0.010,189.1,-6.6,0,-0.49,0.000,189.1,364.9,1.000,10.8,23.0,35.5,58.6,97.0,200.0,200.0,198.0,189.1,180.9,173.4,166.5,155.2,126.8,71.4,38.2,21.6,13.5,6.1
3599,73.930,0.000,3474.3,232.3,-0.0,4,17648,1.000,0.000,-0.000,-0.284,-0.010,187.4,-6.8,0,-0.50,0.000,187.4,364.9,1.000,10.8,23.0,35.4,58.6,97.0,200.0,200.0,196.3,187.4,179.3,171.9,165.1,153.9,126.5,71.5,38.3,21.6,13.6,6.1
3600,73.952,0.000,3475.7,232.9,0.0,4,17692,1.000,0.000,0.000,-0.282,-0.010,185.8,-6.8,0,-0.51,0.000,185.8,364.9,1.000,10.8,23.0,35.4,58.6,97.0,200.0,200.0,194.6,185.8,177.8,170.5,163.7,152.6,126.5,71.5,38.3,21.7,13.6,6.2
3601,73.974,0.000,3477.1,233.4,0.0,4,17737,1.000,0.000,0.000,-0.280,-0.009,184.3,-6.8,0,-0.51,0.000,184.3,364.9,1.000,10.8,22.9,35.3,58.5,96.9,200.0,200.0,193.0,184.3,176.3,169.1,162.3,151.4,126.7,71.7,38.4,21.8,13.7,6.2
3602,73.996,0.000,3478.5,234.0,0.0,4,17782,1.000,0.000,0.000,-0.277,-0.009,182.8,-6.8,0,-0.51,0.000,182.8,364.9,1.000,10.7,22.9,35.3,58.4,96.8,200.0,200.0,191.4,182.8,174.9,167.7,161.0,150.3,127.0,71.9,38.6,21.8,13.7,6.2
3603,74.018,0.000,3480.0,234.5,0.0,4,17824,1.000,0.000,0.000,-0.275,-0.009,181.3,-6.8,0,-0.52,0.000,181.3,364.9,1.000,10.7,22.9,35.2,58.3,96.6,200.0,200.0,189.8,181.3,173.5,166.3,159.7,149.1,127.4,72.1,38.7,21.9,13.7,6.2
3604,74.040,0.000,3481.4,235.1,0.0,4,17856,1.000,0.000,0.000,-0.273,-0.009,179.8,-7.1,0,-0.52,0.000,179.8,364.9,1.000,10.7,22.8,35.2,58.2,96.4,200.0,200.0,188.3,179.8,172.0,164.9,158.4,148.0,127.7,72.4,38.8,22.0,13.8,6.2
3605,74.062,0.000,3482.8,235.7,0.0,4,17897,1.000,0.000,0.000,-0.270,-0.009,178.3,-7.1,0,-0.53,0.000,178.3,364.9,1.000,10.7,22.8,35.1,58.1,96.2,200.0,200.0,186.7,178.3,170.6,163.6,157.0,146.8,127.8,72.6,38.9,22.0,13.8,6.2
3606,74.084,0.000,3484.3,236.2,0.0,4,17940,1.000,0.000,-0.000,-0.268,-0.009,176.8,-7.1,0,-0.53,0.000,176.8,364.9,1.000,10.7,22.7,35.0,58.0,96.1,200.0,198.3,185.1,176.8,169.2,162.2,155.7,145.7,127.6,72.8,39.0,22.1,13.9,6.3
3607,74.106,0.000,3485.7,236.8,0.0,4,17985,1.000,0.000,-0.000,-0.266,-0.009,175.3,-7.1,0,-0.53,0.000,175.3,364.9,1.000,10.6,22.7,35.0,57.9,95.9,200.0,196.6,183.6,175.3,167.7,160.8,154.4,144.5,127.2,73.1,39.2,22.2,13.9,6.3
3608,74.128,0.000,3487.2,237.3,0.0,4,18027,1.000,0.000,-0.000,-0.264,-0.009,173.8,-7.1,0,-0.53,0.000,173.8,364.9,1.000,10.6,22.7,34.9,57.7,95.7,200.0,194.9,182.0,173.8,166.3,159.4,153.1,143.3,126.8,73.3,39.3,22.2,14.0,6.3
3609,74.150,0.000,3488.6,237.9,0.0,4,18060,1.000,0.000,-0.000,-0.261,-0.009,172.2,-7.3,0,-0.54,0.000,172.2,364.9,1.000,10.6,22.6,34.8,57.6,95.5,200.0,193.2,180.4,172.2,164.8,158.0,151.7,142.1,126.2,73.5,39.4,22.3,14.0,6.3
3610,74.172,0.000,3490.1,238.4,0.0,4,18099,1.000,0.000,-0.001,-0.259,-0.009,170.7,-7.4,0,-0.54,0.000,170.7,364.9,1.000,10.6,22.6,34.8,57.5,95.3,200.0,191.5,178.8,170.7,163.4,156.6,150.4,141.0,125.6,73.8,39.5,22.4,14.0,6.3
3611,74.194,0.000,3491.6,239.0,0.0,4,18141,1.000,0.000,-0.000,-0.257,-0.009,169.2,-7.4,0,-0.54,0.000,169.2,364.9,1.000,10.6,22.5,34.7,57.5,95.2,200.0,189.7,177.1,169.2,161.9,155.2,149.0,139.7,124.8,73.9,39.6,22.4,14.1,6.4
3612,74.216,0.000,3493.0,239.5,0.0,4,18184,1.000,0.000,-0.200,-0.254,-0.009,167.6,-7.4,0,-0.55,-0.850,167.6,364.9,1.000,10.5,22.5,34.7,57.4,95.1,200.0,187.9,175.5,167.6,160.4,153.8,147.7,138.5,124.0,74.1,39.8,22.5,14.1,6.4
3613,74.238,0.000,3494.5,240.0,-0.1,4,18228,1.000,0.000,-0.000,-0.253,-0.005,162.1,-6.6,0,-0.63,0.000,162.1,361.8,1.000,10.6,22.8,35.4,59.4,100.9,196.8,181.3,169.6,162.1,155.3,149.0,143.0,133.2,115.2,68.9,38.3,22.1,14.0,6.4
3614,74.260,0.000,3495.9,240.5,1.5,4,18270,1.000,0.000,-0.200,-0.252,0.004,153.5,-7.1,0,-0.80,-0.850,156.9,349.2,1.000,10.7,23.4,36.9,64.0,115.4,184.5,170.7,160.2,153.5,147.3,141.3,134.6,122.5,93.3,60.5,35.5,21.1,13.6,6.3
3615,74.282,0.000,3497.4,241.0,1.8,4,18308,1.000,0.000,-0.000,-0.252,0.013,146.3,-6.4,0,-1.30,0.000,155.4,364.9,1.000,10.8,23.9,38.4,68.7,200.0,174.5,162.0,152.5,146.3,140.4,133.9,126.1,106.3,79.9,54.6,33.4,20.4,13.3,6.3
3616,74.304,0.000,3498.9,241.5,3.0,4,18353,1.000,0.000,-0.116,-0.254,0.022,138.4,-6.9,0,-1.47,-0.850,153.8,355.1,1.000,10.9,24.7,40.4,75.3,190.3,164.0,152.8,144.2,138.4,131.8,124.0,112.4,86.4,68.1,48.7,31.1,19.5,12.9,6.2
3617,74.326,0.000,3500.4,242.0,2.9,4,18391,1.000,0.000,0.084,-0.257,0.029,131.9,-6.5,0,-1.61,0.000,152.3,345.1,1.000,11.0,25.3,42.0,81.1,180.6,156.6,146.3,138.2,131.9,124.5,114.6,95.9,76.0,61.4,45.2,29.6,18.9,12.6,6.1
3618,74.348,0.000,3501.8,242.5,3.5,4,18422,1.000,0.000,0.245,-0.261,0.033,127.1,-7.0,0,-1.72,0.000,150.5,338.5,1.000,11.1,25.7,43.2,85.2,174.4,151.7,141.9,133.8,127.1,119.0,105.7,87.5,70.5,57.7,43.1,28.6,18.4,12.4,6.1
3619,74.370,0.000,3503.3,243.0,2.3,4,18449,1.000,0.000,0.193,-0.266,0.024,132.7,-6.8,0,-1.52,0.000,148.9,346.7,1.000,11.0,25.1,41.2,77.4,182.2,157.3,146.6,138.4,132.7,126.2,118.4,106.5,82.3,65.3,47.1,30.3,19.1,12.7,6.1
3620,74.392,0.000,3504.8,243.4,-0.6,4,18495,1.000,0.000,0.095,-0.269,0.005,143.3,-6.8,0,-1.23,0.000,147.2,364.9,1.000,10.8,23.8,37.6,65.3,200.0,172.2,159.3,149.6,143.3,137.6,131.9,125.7,114.6,89.6,58.4,34.5,20.6,13.3,6.2
3621,74.414,0.000,3506.3,243.9,-3.4,4,18554,1.000,0.000,-0.015,-0.271,-0.013,155.3,-6.5,0,-0.56,0.000,155.3,355.2,1.000,10.6,22.6,34.6,56.6,92.3,190.4,174.6,162.8,155.3,148.5,142.3,136.6,128.6,117.7,76.9,40.1,22.4,14.0,6.3
3622,74.436,0.000,3507.8,244.4,-4.9,4,18588,1.000,0.000,-0.215,-0.270,-0.023,162.5,-6.6,0,-0.44,-0.850,162.5,364.9,1.000,10.5,21.9,33.1,52.6,82.1,200.0,184.1,170.8,162.5,155.0,148.1,141.9,134.0,124.8,94.0,44.3,23.6,14.4,6.3
3623,74.458,0.000,3509.3,244.9,-4.4,4,18593,1.000,0.000,-0.051,-0.270,-0.020,157.8,-7.1,0,-0.48,0.000,157.8,360.0,1.000,10.6,22.1,33.5,53.8,85.1,195.1,178.2,165.7,157.8,150.6,144.1,138.1,130.4,121.0,87.6,42.9,23.2,14.3,6.3
3624,74.480,0.000,3510.8,245.4,-1.3,4,18623,1.000,0.000,0.017,-0.269,-0.007,145.8,-7.8,0,-0.64,0.000,145.8,341.7,1.000,10.7,22.9,35.5,59.2,99.5,177.4,163.2,152.6,145.8,139.6,133.9,128.6,120.5,108.8,69.7,38.1,21.8,13.7,6.2
3625,74.502,0.000,3512.3,245.4,0.7,5,16685,1.000,0.000,-0.183,-0.268,0.000,139.2,-18.0,0,-1.18,-0.850,139.3,364.2,1.000,10.8,23.4,36.6,62.5,199.3,168.1,155.2,145.4,139.2,133.5,128.2,122.7,114.0,99.5,62.8,36.0,21.1,13.5,6.2
3626,74.524,0.000,3513.8,244.9,0.9,5,16647,1.000,0.000,0.017,-0.268,0.007,133.3,-17.8,0,-1.25,0.000,137.8,353.0,1.000,10.8,23.8,37.8,66.1,188.2,159.9,148.1,139.1,133.3,128.0,122.7,116.9,107.1,87.1,57.4,34.1,20.5,13.2,6.2
3627,74.546,0.000,3515.3,244.3,2.4,5,16260,1.000,0.000,-0.138,-0.269,0.016,126.2,-19.1,0,-1.37,-0.850,136.3,339.1,1.000,10.9,24.5,39.7,72.0,175.0,150.0,139.4,131.4,126.2,120.9,115.2,108.5,95.4,73.4,51.1,31.8,19.6,12.9,6.1
3628,74.568,0.000,3516.8,244.4,2.4,5,16643,1.000,0.000,0.062,-0.272,0.023,120.5,-8.2,0,-1.50,0.000,134.6,328.6,1.000,11.0,25.1,41.2,77.3,165.3,142.7,133.0,125.6,120.5,114.9,108.6,100.9,82.5,65.3,47.0,30.1,18.9,12.6,6.0
3629,74.590,0.000,3518.3,244.8,3.4,5,16669,1.000,0.000,0.226,-0.275,0.030,115.0,-8.3,0,-1.64,0.000,133.0,319.6,1.000,11.2,25.7,42.8,82.8,157.3,136.4,127.5,120.4,115.0,109.1,102.0,92.2,73.4,59.4,43.8,28.8,18.4,12.3,6.0
3630,74.612,0.000,3519.8,245.2,2.5,5,16675,1.000,0.000,0.186,-0.279,0.022,118.1,-8.3,0,-1.49,0.000,131.3,325.3,1.000,11.1,25.2,41.2,76.9,162.3,139.9,130.4,123.1,118.1,112.8,106.8,99.7,83.4,65.7,47.1,30.1,18.8,12.5,6.0
3631,74.634,0.000,3521.3,245.5,-0.3,5,16704,1.000,0.000,0.094,-0.282,0.005,126.6,-8.4,0,-1.23,0.000,129.6,344.0,1.000,10.9,23.9,37.8,65.6,179.6,152.2,140.8,132.2,126.6,121.6,116.7,111.4,102.9,89.0,57.9,34.1,20.3,13.1,6.1
3632,74.656,0.000,3522.8,245.9,-3.1,5,16746,1.000,0.000,0.005,-0.283,-0.013,136.7,-8.3,0,-1.10,0.000,136.7,364.9,1.000,10.7,22.8,34.9,57.1,200.0,167.5,153.6,143.3,136.7,130.7,125.2,120.2,113.3,104.4,75.7,39.5,22.0,13.7,6.2
3633,74.678,0.000,3524.3,246.2,-4.5,5,16773,1.000,0.000,-0.195,-0.282,-0.024,143.0,-8.3,0,-0.47,-0.850,143.0,342.1,1.000,10.6,22.1,33.3,53.0,82.5,177.8,162.0,150.3,143.0,136.4,130.3,124.8,117.8,110.0,90.5,43.8,23.3,14.2,6.2
3634,74.700,0.000,3525.8,246.7,-4.2,5,16778,1.000,0.000,-0.058,-0.281,-0.022,139.7,-8.5,0,-0.50,0.000,139.7,337.2,1.000,10.6,22.2,33.6,53.6,84.3,173.2,158.0,146.8,139.7,133.3,127.5,122.1,115.4,107.5,87.8,43.0,23.1,14.1,6.2
3635,74.722,0.000,3527.3,247.1,-1.4,5,16798,1.000,0.000,0.019,-0.279,-0.010,129.8,-9.2,0,-1.12,0.000,129.8,355.1,1.000,10.7,22.9,35.3,58.2,190.3,158.5,145.6,135.9,129.8,124.2,119.0,114.3,107.7,99.0,72.4,38.6,21.8,13.7,6.2
3636,74.744,0.000,3528.8,247.5,0.5,5,16826,1.000,0.000,-0.181,-0.278,-0.003,123.9,-9.2,0,-1.16,-0.850,123.9,343.3,1.000,10.8,23.3,36.3,61.2,178.9,150.2,138.5,129.6,123.9,118.7,114.0,109.4,102.5,93.3,65.3,36.6,21.2,13.4,6.1
3637,74.766,0.000,3530.3,247.9,0.7,5,16856,1.000,0.000,0.019,-0.277,0.003,118.8,-8.5,0,-1.21,0.000,120.3,332.8,1.000,10.9,23.7,37.3,64.2,169.2,143.1,132.2,124.0,118.8,113.9,109.5,104.8,97.6,87.8,60.0,34.9,20.6,13.2,6.1
3638,74.788,0.000,3531.8,248.3,2.1,5,16886,1.000,0.000,-0.160,-0.277,0.011,112.6,-8.9,0,-1.30,-0.850,118.8,320.0,1.000,11.0,24.3,38.9,69.1,157.6,134.5,124.7,117.3,112.6,108.1,103.6,98.7,90.9,79.0,53.7,32.6,19.8,12.9,6.1
3639,74.810,0.000,3533.3,248.6,2.0,5,16912,1.000,0.000,0.040,-0.278,0.017,107.9,-8.4,0,-1.40,0.000,117.1,310.5,1.000,11.0,24.8,40.2,73.3,149.4,128.2,119.2,112.3,107.9,103.5,98.8,93.7,85.4,71.1,49.8,31.1,19.3,12.7,6.0
3640,74.832,0.000,3534.9,249.0,2.9,5,16936,1.000,0.000,-0.088,-0.281,0.024,103.1,-8.9,0,-1.54,-0.850,115.5,300.9,1.000,11.1,25.4,41.7,79.4,141.3,122.0,113.7,107.4,103.1,98.5,93.6,88.2,78.9,63.9,46.1,29.6,18.6,12.4,6.0
3641,74.854,0.000,3536.4,249.4,2.3,5,16957,1.000,0.000,0.112,-0.285,0.027,100.0,-8.9,0,-2.83,-0.470,113.8,363.6,1.000,11.2,25.7,42.5,198.7,136.6,118.3,110.4,104.3,100.0,95.4,90.4,84.9,75.2,60.7,44.4,28.9,18.3,12.2,5.9
3642,74.876,0.000,3537.9,249.8,2.5,5,16978,1.000,0.000,0.171,-0.290,0.028,98.0,-9.2,0,-2.83,-0.470,112.1,359.1,1.000,11.3,25.9,42.9,194.2,133.8,115.9,108.2,102.3,98.0,93.5,88.6,83.1,73.5,59.6,43.7,28.5,18.1,12.1,5.9
3643,74.898,0.000,3539.4,250.1,1.0,5,17003,1.000,0.000,0.074,-0.294,0.017,101.7,-9.0,0,-1.44,-0.470,110.3,300.3,1.000,11.2,25.1,40.6,75.1,140.8,120.8,112.3,105.9,101.7,97.5,93.1,88.4,81.0,69.7,48.8,30.5,18.9,12.4,5.9
3644,74.920,0.000,3541.0,250.5,-1.5,5,17037,1.000,0.000,0.002,-0.297,0.003,106.9,-9.1,0,-1.26,-0.470,108.6,313.7,1.000,11.0,24.1,38.0,65.5,152.1,128.7,119.0,111.6,106.9,102.6,98.5,94.3,88.1,79.9,57.8,33.7,20.0,12.8,5.9
3645,74.942,0.000,3542.5,250.9,-2.9,5,17062,1.000,0.000,-0.038,-0.299,-0.005,109.6,-9.2,0,-1.18,-0.470,109.6,321.4,1.000,11.0,23.6,36.6,61.4,158.9,133.2,122.6,114.7,109.6,105.0,100.8,96.8,91.0,83.7,65.0,36.0,20.7,13.1,6.0
3646,74.964,0.000,3544.0,251.3,-2.7,5,17080,1.000,0.000,-0.041,-0.301,-0.006,108.3,-9.5,0,-1.18,-0.470,108.3,319.5,1.000,11.0,23.6,36.6,61.2,157.2,131.6,121.2,113.3,108.3,103.7,99.5,95.6,89.9,82.8,65.4,36.1,20.7,13.1,6.0
3647,74.986,0.000,3545.6,251.7,-1.5,5,17101,1.000,0.000,-0.019,-0.302,-0.002,104.5,-9.7,0,-1.22,-0.470,104.5,311.5,1.000,11.0,23.9,37.3,63.2,150.2,126.4,116.6,109.2,104.5,100.2,96.2,92.3,86.6,79.5,61.5,34.9,20.3,12.9,5.9
3648,75.008,0.000,3547.1,252.1,-0.3,5,17127,1.000,0.000,0.005,-0.303,0.003,100.6,-9.7,0,-1.28,-0.470,102.0,303.3,1.000,11.1,24.2,38.1,66.2,143.2,121.2,112.0,105.1,100.6,96.5,92.7,88.8,83.1,75.9,57.7,33.6,19.9,12.7,5.9
3649,75.030,0.000,3548.7,252.5,0.3,5,17154,1.000,0.000,0.018,-0.303,0.005,97.9,-9.7,0,-1.32,-0.470,100.4,297.8,1.000,11.1,24.4,38.5,69.3,138.7,117.7,108.9,102.2,97.9,94.0,90.3,86.4,80.7,73.6,55.8,32.9,19.6,12.6,5.9
3650,75.052,0.000,3550.2,252.9,0.4,5,17180,1.000,0.000,0.018,-0.304,0.005,96.4,-9.8,0,-1.35,-0.470,98.8,295.4,1.000,11.1,24.4,38.5,71.7,136.7,115.9,107.2,100.7,96.4,92.6,88.9,85.1,79.6,72.7,56.0,33.0,19.6,12.6,5.9
3651,75.074,0.000,3551.8,253.3,0.1,5,17206,1.000,0.000,0.010,-0.305,0.003,95.6,-9.8,0,-1.35,-0.470,97.1,294.5,1.000,11.1,24.3,38.2,73.4,136.1,115.1,106.4,99.9,95.6,91.8,88.2,84.5,79.1,72.5,57.2,33.4,19.8,12.7,5.9
3652,75.096,0.000,3553.3,253.7,-0.2,5,17232,1.000,0.000,0.049,-0.306,0.001,94.9,-9.8,0,-2.71,-0.470,95.5,364.8,1.000,11.1,24.2,37.9,200.0,135.5,114.4,105.7,99.1,94.9,91.0,87.4,83.8,78.6,72.3,58.2,33.8,19.9,12.7,5.9
3653,75.118,0.000,3554.8,254.1,-0.4,5,17258,1.000,0.000,-0.015,-0.306,-0.002,94.8,-9.8,0,-1.31,-0.470,94.8,294.8,1.000,11.1,23.9,37.3,71.7,136.4,114.7,105.8,99.1,94.8,90.8,87.2,83.8,78.7,72.7,59.8,34.7,20.2,12.9,5.9
3654,75.140,0.000,3556.4,254.4,-0.9,5,17283,1.000,0.000,0.022,-0.306,-0.004,94.2,-9.9,0,-2.70,-0.470,94.2,364.8,1.000,11.0,23.8,36.9,200.0,136.3,114.3,105.3,98.5,94.2,90.3,86.6,83.2,78.3,72.5,60.4,35.4,20.4,13.0,5.9
3655,75.162,0.000,3558.0,254.8,-0.7,5,17308,1.000,0.000,0.017,-0.306,-0.005,93.1,-9.9,0,-2.72,-0.470,93.1,364.7,1.000,11.0,23.7,36.7,200.0,135.0,113.1,104.1,97.4,93.1,89.1,85.5,82.2,77.4,71.8,60.2,35.8,20.6,13.0,5.9
3656,75.184,0.000,3559.5,255.2,-0.7,5,17336,1.000,0.000,0.009,-0.305,-0.007,92.3,-9.9,0,-2.73,-0.470,92.3,364.6,1.000,11.0,23.6,36.4,200.0,134.4,112.3,103.3,96.6,92.3,88.3,84.7,81.4,76.8,71.3,60.3,36.4,20.8,13.1,5.9
3657,75.206,0.000,3561.1,255.6,-0.8,5,17360,1.000,0.000,0.001,-0.303,-0.009,91.3,-10.0,0,-2.75,-0.470,91.3,364.6,1.000,11.0,23.4,36.1,200.0,133.5,111.4,102.4,95.6,91.3,87.4,83.8,80.5,76.0,70.7,60.2,36.9,21.0,13.2,6.0
3658,75.228,0.000,3562.6,256.0,-0.7,5,17384,1.000,0.000,-0.002,-0.302,-0.009,90.0,-10.0,0,-2.78,-0.470,90.0,364.7,1.000,10.9,23.4,36.0,200.0,131.7,109.8,100.9,94.2,90.0,86.1,82.5,79.3,74.9,69.8,59.6,37.2,21.1,13.2,6.0
3659,75.250,0.000,3564.2,256.4,-0.5,5,17408,1.000,0.000,-0.001,-0.300,-0.009,88.3,-10.1,0,-2.82,-0.470,88.3,364.6,1.000,10.9,23.3,35.9,200.0,129.3,107.8,99.0,92.5,88.3,84.5,81.0,77.8,73.5,68.5,58.7,37.3,21.1,13.3,6.0
3660,75.272,0.000,3565.8,256.7,-0.3,5,17434,1.000,0.000,0.001,-0.298,-0.009,86.5,-10.1,0,-2.87,-0.470,86.5,364.6,1.000,10.9,23.3,35.9,200.0,126.5,105.5,97.0,90.6,86.5,82.8,79.4,76.2,72.0,67.2,57.7,37.3,21.2,13.3,6.0
3661,75.294,0.000,3567.3,257.1,-0.2,5,17461,1.000,0.000,0.003,-0.296,-0.009,84.7,-10.1,0,-2.92,-0.470,84.7,364.4,1.000,10.9,23.3,35.9,200.0,123.9,103.4,95.0,88.7,84.7,81.1,77.8,74.7,70.6,65.9,56.8,37.3,21.2,13.3,6.0
3662,75.316,0.000,3568.9,257.5,-0.1,5,17485,1.000,0.000,0.009,-0.294,-0.009,83.1,-10.2,0,-2.97,-0.459,83.1,364.4,1.000,10.9,23.3,35.9,200.0,121.5,101.4,93.2,87.0,83.1,79.5,76.3,73.3,69.3,64.7,55.9,37.4,21.3,13.4,6.0
3663,75.338,0.000,3570.5,257.9,-0.1,5,17509,1.000,0.000,0.024,-0.292,-0.009,81.7,-10.2,0,-3.00,-0.422,81.7,364.0,1.000,10.9,23.2,35.7,199.5,119.6,99.7,91.6,85.5,81.7,78.2,74.9,72.0,68.1,63.6,55.1,37.7,21.4,13.4,6.1
3664,75.360,0.000,3572.1,258.3,-0.2,5,17533,1.000,0.000,0.034,-0.289,-0.011,80.8,-10.3,0,-3.03,-0.385,80.8,364.3,1.000,10.8,23.0,35.4,199.9,118.7,98.8,90.7,84.6,80.8,77.2,74.0,71.1,67.3,62.9,54.7,38.4,21.6,13.5,6.1
3665,75.382,0.000,3573.7,258.6,-0.5,5,17561,1.000,0.000,0.035,-0.286,-0.014,80.4,-10.2,0,-3.03,-0.349,80.4,364.4,1.000,10.8,22.8,34.8,200.0,119.2,98.7,90.5,84.3,80.4,76.9,73.6,70.6,66.8,62.6,54.7,39.2,22.1,13.7,6.1
3666,75.404,0.000,3575.2,259.0,-0.9,5,17588,1.000,0.000,0.032,-0.283,-0.018,80.5,-10.2,0,-3.02,-0.312,80.5,364.1,1.000,10.7,22.5,34.1,200.0,120.6,99.3,90.8,84.5,80.5,76.8,73.5,70.5,66.7,62.5,54.9,40.1,22.6,14.0,6.2
3667,75.426,0.000,3576.8,259.3,-1.2,5,17611,1.000,0.000,0.027,-0.278,-0.022,80.6,-10.2,0,-3.00,-0.276,80.6,364.2,1.000,10.6,22.1,33.4,200.0,122.2,100.0,91.2,84.7,80.6,76.9,73.5,70.4,66.5,62.4,55.0,40.9,23.3,14.2,6.3
3668,75.448,0.000,3578.4,259.7,-1.5,5,17634,1.000,0.000,0.024,-0.274,-0.026,80.5,-10.3,0,-2.99,-0.240,80.5,364.3,1.000,10.5,21.8,32.8,200.0,123.5,100.5,91.4,84.7,80.5,76.8,73.3,70.2,66.2,62.2,55.0,41.4,23.9,14.5,6.3
3669,75.470,0.000,3580.0,260.1,-1.5,5,17657,1.000,0.000,0.023,-0.268,-0.029,80.2,-10.3,0,-3.00,-0.206,80.2,364.2,1.000,10.5,21.6,32.3,200.0,124.2,100.5,91.3,84.5,80.2,76.4,72.9,69.7,65.7,61.7,54.7,41.6,24.5,14.7,6.4
3670,75.492,0.000,3581.6,260.4,-1.4,5,17685,1.000,0.000,0.025,-0.261,-0.032,79.7,-10.3,0,-3.01,-0.172,79.7,364.1,1.000,10.4,21.3,31.9,200.0,124.4,100.2,90.9,84.0,79.7,75.8,72.3,69.1,65.1,61.1,54.3,41.6,25.1,15.0,6.5
3671,75.514,0.000,3583.2,260.8,-1.4,5,17709,1.000,0.000,0.026,-0.254,-0.034,79.2,-10.3,0,-3.02,-0.138,79.2,363.9,1.000,10.3,21.0,31.6,200.0,124.6,100.0,90.4,83.5,79.2,75.2,71.7,68.5,64.5,60.4,53.8,41.6,25.7,15.3,6.6
3672,75.536,0.000,3584.8,261.2,-1.3,5,17731,1.000,0.000,0.026,-0.246,-0.037,78.7,-10.4,0,-3.04,-0.104,78.7,364.0,1.000,10.2,20.8,31.3,200.0,125.1,99.8,90.1,83.1,78.7,74.7,71.2,67.9,63.9,59.8,53.3,41.5,26.3,15.6,6.6
3673,75.558,0.000,3586.4,261.5,-1.3,5,17753,1.000,0.000,0.024,-0.237,-0.040,78.3,-10.5,0,-3.05,-0.071,78.3,364.1,1.000,10.1,20.5,31.0,200.0,125.7,99.7,89.9,82.7,78.3,74.3,70.7,67.4,63.3,59.3,52.8,41.4,26.7,15.9,6.7
3674,75.580,0.000,3588.0,261.9,-1.3,5,17775,1.000,0.000,0.023,-0.228,-0.042,77.8,-10.5,0,-3.06,-0.039,77.8,364.0,1.000,10.0,20.2,30.8,200.0,126.2,99.6,89.5,82.3,77.8,73.8,70.1,66.9,62.8,58.7,52.3,41.2,27.1,16.2,6.8
3675,75.602,0.000,3589.6,262.2,-1.3,5,17805,1.000,0.000,0.021,-0.217,-0.045,77.2,-10.4,0,-3.08,-0.007,77.2,363.8,1.000,9.9,19.9,30.6,200.0,126.6,99.3,89.1,81.8,77.2,73.2,69.5,66.2,62.1,58.0,51.6,41.0,27.4,16.6,7.0
3676,75.624,0.000,3591.2,262.6,-1.2,5,17826,1.000,0.000,0.037,-0.206,-0.047,76.7,-10.5,0,-3.10,0.042,76.7,363.6,1.000,9.8,19.6,30.6,200.0,126.9,99.0,88.7,81.2,76.7,72.6,68.9,65.6,61.5,57.4,51.0,40.7,27.5,17.0,7.1
3677,75.646,0.000,3592.8,262.9,-1.2,5,17848,1.000,0.000,0.052,-0.195,-0.050,76.4,-10.5,0,-3.11,0.097,76.4,363.7,1.000,9.7,19.3,30.4,200.0,128.2,99.3,88.7,81.1,76.4,72.3,68.6,65.2,61.1,56.9,50.5,40.4,27.7,17.4,7.2
3678,75.668,0.000,3594.4,263.3,-1.4,5,17871,1.000,0.000,0.058,-0.182,-0.055,77.0,-10.5,0,-3.09,0.149,77.0,363.8,1.000,9.5,18.9,30.1,200.0,132.1,101.1,89.9,81.9,77.0,72.7,68.9,65.4,61.1,56.9,50.4,40.4,28.0,17.8,7.4
3679,75.690,0.000,3596.0,263.6,-1.8,5,17894,1.000,0.000,0.056,-0.168,-0.060,78.4,-10.5,0,-3.06,0.195,78.4,363.8,1.000,9.4,18.5,29.6,200.0,138.6,104.2,92.1,83.6,78.4,73.9,69.8,66.2,61.7,57.3,50.5,40.6,28.4,18.3,7.5
3680,75.712,0.000,3597.6,263.9,-2.2,5,17927,1.000,0.000,0.052,-0.153,-0.067,80.3,-10.2,0,-3.02,0.244,80.3,363.5,1.000,9.2,18.1,29.0,200.0,147.2,108.4,95.0,85.8,80.3,75.4,71.1,67.2,62.5,57.9,50.8,40.8,28.8,18.8,7.7
3681,75.734,0.000,3599.2,264.3,-2.5,5,17948,1.000,0.000,0.050,-0.137,-0.073,82.3,-10.3,0,-2.98,0.295,82.3,363.3,1.000,9.0,17.8,28.5,200.0,157.5,113.1,98.4,88.3,82.3,77.0,72.4,68.4,63.4,58.5,51.2,40.9,29.2,19.2,7.9
3682,75.756,0.000,3600.8,264.6,-2.7,5,17968,1.000,0.000,0.052,-0.119,-0.079,84.3,-10.4,0,-2.95,0.348,84.3,363.5,1.000,8.8,17.4,28.1,200.0,168.9,118.1,101.8,90.8,84.3,78.7,73.8,69.5,64.2,59.1,51.5,41.0,29.4,19.5,8.1
3683,75.778,0.000,3602.4,264.9,-2.8,5,17988,1.000,0.000,0.046,-0.100,-0.084,86.4,-10.4,0,-2.93,0.383,86.4,363.3,1.000,8.6,17.1,27.7,200.0,181.8,123.4,105.3,93.4,86.4,80.4,75.2,70.6,65.1,59.7,51.8,41.0,29.6,19.8,8.4
3684,75.800,0.000,3604.0,265.3,-2.7,5,18007,1.000,0.000,0.043,-0.080,-0.089,88.3,-10.5,0,-2.92,0.418,88.3,362.8,1.000,8.4,16.9,27.6,200.0,193.0,128.4,108.6,95.7,88.3,81.9,76.4,71.5,65.7,60.2,52.0,40.9,29.6,20.1,8.6
3685,75.822,0.000,3605.7,265.6,-2.7,5,18053,1.000,0.000,0.042,-0.058,-0.094,90.0,-9.9,0,-2.90,0.455,90.0,361.0,1.000,8.3,16.6,27.5,200.0,197.1,133.6,111.9,98.0,90.0,83.3,77.4,72.4,66.3,60.6,52.1,40.8,29.6,20.2,8.8
3686,75.844,0.000,3607.3,265.9,-2.6,5,18065,1.000,0.000,0.040,-0.034,-0.098,91.9,-10.2,0,-2.86,0.492,91.9,359.2,1.000,8.1,16.4,27.6,200.0,199.7,139.3,115.5,100.5,91.9,84.8,78.6,73.3,67.0,61.0,52.2,40.7,29.6,20.3,9.0
3687,0.006,75.860,0.4,266.2,-2.4,5,17820,1.000,0.000,0.047,-0.011,-0.099,92.8,-15.4,0,-2.85,0.504,92.8,352.8,1.000,8.0,16.3,28.1,200.0,200.0,142.9,117.5,101.7,92.8,85.3,79.0,73.5,67.0,60.9,52.0,40.3,29.3,20.4,9.1
3688,0.028,75.860,2.1,265.7,-2.1,5,17694,1.000,0.000,0.050,0.012,-0.090,93.2,-17.9,0,-2.66,0.445,93.2,339.6,1.000,7.8,16.3,28.8,180.2,200.0,145.6,118.8,102.4,93.2,85.5,79.0,73.5,66.9,60.6,51.7,39.9,29.0,20.3,9.2
3689,0.050,75.860,3.7,265.0,-2.3,5,17647,1.000,0.000,0.034,0.034,-0.084,95.6,-18.1,0,-2.35,0.381,95.6,339.6,1.000,7.7,16.2,29.3,151.3,200.0,153.4,123.5,105.6,95.6,87.4,80.5,74.6,67.7,61.2,51.9,39.9,28.9,20.3,9.4
3690,0.072,75.860,5.3,264.3,-2.7,5,17602,1.000,0.000,0.008,0.053,-0.079,99.8,-18.6,0,-2.09,0.308,99.8,339.6,1.000,7.6,16.1,29.4,125.9,200.0,166.6,131.4,110.9,99.8,90.7,83.1,76.7,69.3,62.4,52.6,40.1,28.8,20.4,9.5
3691,0.094,75.860,6.9,263.6,-2.9,5,17556,1.000,0.000,-0.047,0.071,-0.073,103.3,-18.7,0,-1.96,0.165,103.3,348.3,1.000,7.5,16.0,29.7,112.7,200.0,178.8,138.4,115.5,103.3,93.4,85.3,78.4,70.5,63.2,53.0,40.1,28.7,20.4,9.6
3692,0.116,75.860,8.5,262.9,-2.3,5,17511,1.000,0.000,-0.072,0.086,-0.062,99.9,-18.7,0,-2.09,0.017,99.9,364.6,1.000,7.4,16.3,31.4,122.6,200.0,171.5,133.2,111.5,99.9,90.5,82.7,76.1,68.5,61.5,51.6,39.2,28.0,20.0,9.6
3693,0.138,75.860,10.1,262.2,-0.8,5,17466,1.000,0.000,-0.008,0.099,-0.043,89.3,-18.7,0,-3.00,-0.021,89.3,364.9,1.000,7.5,17.1,35.2,200.0,194.1,144.2,115.8,98.7,89.3,81.6,75.1,69.5,63.0,57.0,48.3,37.0,26.8,19.4,9.5
3694,0.160,75.860,11.7,261.5,0.9,5,17420,1.000,0.000,0.011,0.108,-0.026,81.3,-18.6,0,-3.22,-0.106,81.3,364.9,1.000,7.5,18.1,39.2,200.0,186.0,125.7,103.1,89.1,81.3,74.7,69.1,64.3,58.6,53.2,45.4,35.2,25.7,18.8,9.4
