step,curLapTime,lastLapTime,distFromStart,speedX,speedY,gear,rpm,accel,brake,steer,trackPos,angle,ahead,rearSpin,damage,aim,lineTarget
0,-0.98,0.00,3598.4,-0.0,-0.0,0,5236,1.000,0.000,-0.145,0.333,0.008,64.6,0.0,0,-2.10,-0.114
1,-0.96,0.00,3598.4,-0.0,-0.0,0,5387,1.000,0.000,-0.145,0.333,0.008,64.6,0.0,0,-2.10,-0.114
2,-0.94,0.00,3598.4,-0.0,-0.0,0,5542,1.000,0.000,-0.145,0.333,0.008,64.6,0.0,0,-2.10,-0.114
3,-0.92,0.00,3598.4,-0.0,-0.0,0,5703,1.000,0.000,-0.145,0.333,0.008,64.6,0.0,0,-2.10,-0.114
4,-0.90,0.00,3598.4,-0.0,-0.0,0,5868,1.000,0.000,-0.145,0.333,0.008,64.6,0.0,0,-2.10,-0.114
5,-0.88,0.00,3598.4,-0.0,-0.0,0,6039,1.000,0.000,-0.145,0.333,0.008,64.6,0.0,0,-2.10,-0.114
6,-0.86,0.00,3598.4,-0.0,-0.0,0,6216,1.000,0.000,-0.145,0.333,0.008,64.6,0.0,0,-2.10,-0.114
7,-0.84,0.00,3598.4,-0.0,-0.0,0,6398,1.000,0.000,-0.145,0.333,0.008,64.6,0.0,0,-2.10,-0.114
8,-0.82,0.00,3598.4,-0.0,-0.0,0,6586,1.000,0.000,-0.145,0.333,0.008,64.6,0.0,0,-2.10,-0.114
9,-0.80,0.00,3598.4,-0.0,-0.0,0,6779,1.000,0.000,-0.145,0.333,0.008,64.6,0.0,0,-2.10,-0.114
10,-0.78,0.00,3598.4,-0.0,-0.0,0,6979,1.000,0.000,-0.145,0.333,0.008,64.6,0.0,0,-2.10,-0.114
11,-0.76,0.00,3598.4,-0.0,-0.0,0,7186,1.000,0.000,-0.145,0.333,0.008,64.6,0.0,0,-2.10,-0.114
12,-0.74,0.00,3598.4,-0.0,-0.0,0,7399,1.000,0.000,-0.145,0.333,0.008,64.6,0.0,0,-2.10,-0.114
13,-0.72,0.00,3598.4,-0.0,-0.0,0,7619,1.000,0.000,-0.145,0.333,0.008,64.6,0.0,0,-2.10,-0.114
14,-0.70,0.00,3598.4,-0.0,-0.0,0,7846,1.000,0.000,-0.145,0.333,0.008,64.6,0.0,0,-2.10,-0.114
15,-0.68,0.00,3598.4,-0.0,-0.0,0,8080,1.000,0.000,-0.145,0.333,0.008,64.6,0.0,0,-2.10,-0.114
16,-0.66,0.00,3598.4,-0.0,-0.0,0,8322,1.000,0.000,-0.145,0.333,0.008,64.6,0.0,0,-2.10,-0.114
17,-0.64,0.00,3598.4,-0.0,-0.0,0,8571,1.000,0.000,-0.145,0.333,0.008,64.6,0.0,0,-2.10,-0.114
18,-0.62,0.00,3598.4,-0.0,-0.0,0,8828,1.000,0.000,-0.145,0.333,0.008,64.6,0.0,0,-2.10,-0.114
19,-0.60,0.00,3598.4,-0.0,-0.0,0,9094,1.000,0.000,-0.145,0.333,0.008,64.6,0.0,0,-2.10,-0.114
20,-0.58,0.00,3598.4,-0.0,-0.0,0,9368,1.000,0.000,-0.145,0.333,0.008,64.6,0.0,0,-2.10,-0.114
21,-0.56,0.00,3598.4,-0.0,-0.0,0,9648,1.000,0.000,-0.145,0.333,0.008,64.6,0.0,0,-2.10,-0.114
22,-0.54,0.00,3598.4,-0.0,-0.0,0,9929,1.000,0.000,-0.145,0.333,0.008,64.6,0.0,0,-2.10,-0.114
23,-0.52,0.00,3598.4,-0.0,-0.0,0,10210,1.000,0.000,-0.145,0.333,0.008,64.6,0.0,0,-2.10,-0.114
24,-0.50,0.00,3598.4,-0.0,-0.0,0,10490,1.000,0.000,-0.145,0.333,0.008,64.6,0.0,0,-2.10,-0.114
25,-0.48,0.00,3598.4,-0.0,-0.0,0,10771,1.000,0.000,-0.145,0.333,0.008,64.6,0.0,0,-2.10,-0.114
26,-0.46,0.00,3598.4,-0.0,-0.0,0,11052,1.000,0.000,-0.145,0.333,0.008,64.6,0.0,0,-2.10,-0.114
27,-0.44,0.00,3598.4,-0.0,-0.0,0,11332,1.000,0.000,-0.145,0.333,0.008,64.6,0.0,0,-2.10,-0.114
28,-0.42,0.00,3598.4,-0.0,-0.0,0,11613,1.000,0.000,-0.145,0.333,0.008,64.6,0.0,0,-2.10,-0.114
29,-0.40,0.00,3598.4,-0.0,-0.0,0,11894,1.000,0.000,-0.145,0.333,0.008,64.6,0.0,0,-2.10,-0.114
30,-0.38,0.00,3598.4,-0.0,-0.0,0,12174,1.000,0.000,-0.145,0.333,0.008,64.6,0.0,0,-2.10,-0.114
31,-0.36,0.00,3598.4,-0.0,-0.0,0,12455,1.000,0.000,-0.145,0.333,0.008,64.6,0.0,0,-2.10,-0.114
32,-0.34,0.00,3598.4,-0.0,-0.0,0,12736,1.000,0.000,-0.145,0.333,0.008,64.6,0.0,0,-2.10,-0.114
33,-0.32,0.00,3598.4,-0.0,-0.0,0,13017,1.000,0.000,-0.145,0.333,0.008,64.6,0.0,0,-2.10,-0.114
34,-0.30,0.00,3598.4,-0.0,-0.0,0,13300,1.000,0.000,-0.145,0.333,0.008,64.6,0.0,0,-2.10,-0.114
35,-0.28,0.00,3598.4,-0.0,-0.0,0,13584,1.000,0.000,-0.145,0.333,0.008,64.6,0.0,0,-2.10,-0.114
36,-0.26,0.00,3598.4,-0.0,-0.0,0,13870,1.000,0.000,-0.145,0.333,0.008,64.6,0.0,0,-2.10,-0.114
37,-0.24,0.00,3598.4,-0.0,-0.0,0,14156,1.000,0.000,-0.145,0.333,0.008,64.6,0.0,0,-2.10,-0.114
38,-0.22,0.00,3598.4,-0.0,-0.0,0,14443,1.000,0.000,-0.145,0.333,0.008,64.6,0.0,0,-2.10,-0.114
39,-0.20,0.00,3598.4,-0.0,-0.0,0,14732,1.000,0.000,-0.145,0.333,0.008,64.6,0.0,0,-2.10,-0.114
40,-0.18,0.00,3598.4,-0.0,-0.0,0,15021,1.000,0.000,-0.145,0.333,0.008,64.6,0.0,0,-2.10,-0.114
41,-0.16,0.00,3598.4,-0.0,-0.0,0,15312,1.000,0.000,-0.145,0.333,0.008,64.6,0.0,0,-2.10,-0.114
42,-0.14,0.00,3598.4,-0.0,-0.0,0,15604,1.000,0.000,-0.145,0.333,0.008,64.6,0.0,0,-2.10,-0.114
43,-0.12,0.00,3598.4,-0.0,-0.0,0,15897,1.000,0.000,-0.145,0.333,0.008,64.6,0.0,0,-2.10,-0.114
44,-0.10,0.00,3598.4,-0.0,-0.0,0,16192,1.000,0.000,-0.145,0.333,0.008,64.6,0.0,0,-2.10,-0.114
45,-0.08,0.00,3598.4,-0.0,-0.0,0,16487,1.000,0.000,-0.145,0.333,0.008,64.6,0.0,0,-2.10,-0.114
46,-0.06,0.00,3598.4,-0.0,-0.0,0,16784,1.000,0.000,-0.145,0.333,0.008,64.6,0.0,0,-2.10,-0.114
47,-0.04,0.00,3598.4,-0.0,-0.0,0,17081,1.000,0.000,-0.145,0.333,0.008,64.6,0.0,0,-2.10,-0.114
48,-0.02,0.00,3598.4,-0.0,-0.0,0,17378,1.000,0.000,-0.145,0.333,0.008,64.6,0.0,0,-2.10,-0.114
49,0.02,0.00,3598.4,-0.0,0.0,0,17972,1.000,0.000,-0.141,0.333,0.009,64.4,-0.0,0,-2.09,-0.111
50,0.04,0.00,3598.4,0.3,-0.0,1,5249,1.000,0.000,-0.141,0.333,0.009,64.5,-0.6,0,-2.09,-0.111
51,0.06,0.00,3598.4,0.1,-0.0,1,5264,1.000,0.000,-0.141,0.333,0.009,64.4,1.0,0,-2.09,-0.111
52,0.08,0.00,3598.4,0.3,0.0,1,5236,1.000,0.000,-0.141,0.333,0.009,64.4,-0.9,0,-2.09,-0.111
53,0.10,0.00,3598.4,0.8,-0.0,1,5236,1.000,0.000,-0.139,0.333,0.009,64.4,5.4,0,-2.09,-0.109
54,0.12,0.00,3598.5,1.7,-0.0,1,5236,1.000,0.000,-0.137,0.333,0.009,64.3,5.9,0,-2.09,-0.107
55,0.14,0.00,3598.5,2.7,-0.0,1,5236,1.000,0.000,-0.135,0.333,0.009,64.2,7.7,0,-2.08,-0.105
56,0.16,0.00,3598.5,3.6,-0.1,1,5236,1.000,0.000,-0.132,0.333,0.010,64.1,6.5,0,-2.08,-0.102
57,0.18,0.00,3598.5,4.5,-0.1,1,5236,1.000,0.000,-0.129,0.333,0.010,63.9,5.8,0,-2.07,-0.099
58,0.20,0.00,3598.5,5.4,-0.1,1,5236,1.000,0.000,-0.125,0.333,0.011,63.8,5.7,0,-2.06,-0.095
59,0.22,0.00,3598.6,6.3,-0.1,1,5236,1.000,0.000,-0.120,0.333,0.011,63.6,6.2,0,-2.05,-0.090
60,0.24,0.00,3598.6,7.1,-0.1,1,5236,0.989,0.000,-0.115,0.333,0.012,63.4,7.5,0,-2.04,-0.085
61,0.26,0.00,3598.7,8.0,-0.1,1,5236,0.962,0.000,-0.109,0.332,0.012,63.1,7.5,0,-2.03,-0.078
62,0.28,0.00,3598.7,8.8,-0.1,1,5236,0.924,0.000,-0.103,0.332,0.013,62.9,7.9,0,-2.02,-0.072
63,0.30,0.00,3598.8,9.6,-0.1,1,5236,0.877,0.000,-0.097,0.332,0.014,62.6,7.9,0,-2.01,-0.066
64,0.32,0.00,3598.8,10.5,-0.1,1,5236,0.727,0.000,-0.091,0.332,0.014,62.4,7.0,0,-2.00,-0.060
65,0.34,0.00,3598.9,11.3,-0.2,1,5236,0.777,0.000,0.108,0.331,0.015,62.1,2.7,0,-1.99,0.000
66,0.36,0.00,3598.9,12.0,0.1,1,5236,0.827,0.000,0.107,0.331,0.015,62.1,1.1,0,-2.00,0.000
67,0.38,0.00,3599.0,12.8,0.2,1,5236,0.877,0.000,-0.092,0.331,0.014,62.3,1.6,0,-2.01,-0.058
68,0.40,0.00,3599.1,13.5,-0.1,1,5236,0.927,0.000,-0.090,0.331,0.014,62.2,2.4,0,-2.01,-0.055
69,0.42,0.00,3599.2,14.3,-0.1,1,5236,0.977,0.000,0.108,0.331,0.015,61.8,3.7,0,-2.00,0.000
70,0.44,0.00,3599.2,15.1,0.1,1,5236,0.827,0.000,-0.081,0.331,0.015,61.8,5.6,0,-2.00,-0.046
71,0.46,0.00,3599.3,15.9,-0.1,1,5236,0.877,0.000,-0.081,0.330,0.015,61.8,3.8,0,-2.00,-0.044
72,0.48,0.00,3599.4,16.6,-0.2,1,5236,0.927,0.000,0.111,0.330,0.016,61.4,3.5,0,-1.99,0.000
73,0.50,0.00,3599.5,17.5,0.1,1,5236,0.977,0.000,0.109,0.330,0.015,61.4,4.4,0,-2.00,0.000
74,0.52,0.00,3599.6,18.3,0.2,1,5236,0.827,0.000,-0.084,0.330,0.014,61.7,6.1,0,-2.02,-0.043
75,0.54,0.00,3599.7,19.1,-0.0,1,5236,0.877,0.000,-0.084,0.330,0.013,61.7,4.3,0,-2.03,-0.042
76,0.56,0.00,3599.8,19.9,-0.1,1,5236,0.927,0.000,-0.073,0.329,0.015,61.2,4.0,0,-2.01,-0.031
77,0.58,0.00,3599.9,20.7,-0.2,1,5236,0.977,0.000,0.112,0.329,0.016,60.8,4.9,0,-1.99,0.000
78,0.60,0.00,3600.1,21.5,0.1,1,5236,0.827,0.000,0.111,0.328,0.016,60.7,6.7,0,-2.00,0.000
79,0.62,0.00,3600.2,22.3,0.2,1,5236,0.877,0.000,-0.074,0.328,0.014,61.1,4.9,0,-2.03,-0.027
80,0.64,0.00,3600.3,23.1,-0.0,1,5236,0.927,0.000,-0.077,0.328,0.013,61.1,4.6,0,-2.04,-0.028
81,0.66,0.00,3600.4,23.8,-0.1,1,5236,0.777,0.000,-0.066,0.328,0.014,60.7,5.5,0,-2.02,-0.016
82,0.68,0.00,3600.6,24.6,-0.2,1,5236,0.827,0.000,-0.054,0.327,0.016,60.2,3.1,0,-2.01,-0.004
83,0.70,0.00,3600.7,25.4,-0.2,1,5236,0.877,0.000,0.117,0.327,0.017,59.7,2.9,0,-2.00,0.000
84,0.72,0.00,3600.9,26.1,0.1,1,5236,0.927,0.000,-0.044,0.326,0.016,59.7,3.8,0,-2.01,0.008
85,0.74,0.00,3601.0,26.8,-0.0,1,5236,0.777,0.000,-0.047,0.326,0.016,59.7,5.3,0,-2.02,0.007
86,0.76,0.00,3601.2,27.6,-0.1,1,5236,0.827,0.000,-0.039,0.325,0.016,59.4,3.2,0,-2.01,0.016
87,0.78,0.00,3601.3,28.3,-0.1,1,5236,0.877,0.000,-0.030,0.325,0.017,59.0,3.1,0,-2.01,0.026
88,0.80,0.00,3601.5,29.1,-0.1,1,5236,0.927,0.000,-0.022,0.324,0.018,58.6,4.0,0,-2.02,0.034
89,0.82,0.00,3601.6,29.8,-0.1,1,5285,0.777,0.000,0.127,0.324,0.018,58.3,5.5,0,-6.10,0.042
90,0.84,0.00,3601.8,30.6,0.2,1,5236,0.827,0.000,0.123,0.323,0.018,58.4,3.6,0,-6.10,0.041
91,0.86,0.00,3602.0,31.3,0.3,1,5356,0.877,0.000,-0.034,0.323,0.015,58.8,3.6,0,-2.07,0.030
92,0.88,0.00,3602.2,32.1,0.1,1,5629,0.727,0.000,-0.042,0.323,0.014,59.0,5.4,0,-2.08,0.025
93,0.90,0.00,3602.3,32.8,-0.0,1,5575,0.777,0.000,0.105,0.322,0.014,58.6,3.5,0,-6.08,0.034
94,0.92,0.00,3602.5,33.5,0.2,1,5720,0.827,0.000,0.105,0.322,0.014,58.6,3.8,0,-6.09,0.036
95,0.94,0.00,3602.7,34.3,0.3,1,6017,0.677,0.000,-0.048,0.322,0.012,58.9,5.7,0,-2.14,0.026
96,0.96,0.00,3602.9,35.0,0.1,1,5951,0.727,0.000,-0.054,0.322,0.011,59.1,3.8,0,-2.16,0.024
97,0.98,0.00,3603.1,35.8,-0.1,1,6094,0.777,0.000,0.093,0.321,0.012,58.6,3.9,0,-6.09,0.035
98,1.00,0.00,3603.3,36.6,0.1,1,6418,0.627,0.000,0.095,0.321,0.011,58.4,6.1,0,-6.11,0.039
99,1.02,0.00,3603.5,37.3,0.3,1,6326,0.677,0.000,0.080,0.321,0.009,58.8,3.8,0,-6.09,0.030
100,1.04,0.00,3603.7,38.1,0.3,1,6461,0.727,0.000,0.064,0.321,0.007,59.2,3.9,0,-6.06,0.020
101,1.06,0.00,3603.9,38.8,0.3,1,6748,0.577,0.000,0.049,0.321,0.005,59.5,5.7,0,-6.04,0.012
102,1.08,0.00,3604.2,39.6,0.2,1,6622,0.627,0.000,-0.092,0.321,0.004,59.8,3.1,0,-2.30,0.006
103,1.10,0.00,3604.4,40.2,-0.0,1,6786,0.677,0.000,0.042,0.321,0.004,59.5,3.7,0,-6.05,0.011
104,1.12,0.00,3604.6,41.0,0.1,1,7085,0.527,0.000,0.050,0.321,0.004,59.2,5.7,0,-6.08,0.021
105,1.14,0.00,3604.8,41.7,0.2,1,6928,0.577,0.000,0.046,0.320,0.003,59.2,2.7,0,-6.08,0.021
106,1.16,0.00,3605.1,42.3,0.2,1,7047,0.627,0.000,0.038,0.321,0.002,59.3,2.7,0,-6.07,0.018
107,1.18,0.00,3605.3,43.0,0.2,1,7300,0.677,0.000,0.031,0.321,0.001,59.4,4.3,0,-6.07,0.015
108,1.20,0.00,3605.6,43.8,0.1,1,7675,0.527,0.000,0.025,0.321,-0.000,59.5,7.1,0,-6.07,0.014
109,1.22,0.00,3605.8,44.6,0.1,1,7532,0.577,0.000,0.009,0.321,-0.001,59.5,4.4,0,-5.74,0.013
110,1.24,0.00,3606.1,45.3,0.1,1,7644,0.627,0.000,-0.021,0.321,-0.002,59.4,4.2,0,-4.93,0.015
111,1.26,0.00,3606.3,46.0,-0.0,1,7934,0.477,0.000,0.024,0.321,-0.002,59.1,6.0,0,-6.10,0.023
112,1.28,0.00,3606.6,46.8,0.1,1,7729,0.527,0.000,0.027,0.321,-0.002,58.8,2.5,0,-6.12,0.029
113,1.30,0.00,3606.8,47.4,0.1,1,7859,0.577,0.000,0.011,0.321,-0.002,58.8,2.7,0,-5.70,0.031
114,1.32,0.00,3607.1,48.1,0.1,1,8149,0.627,0.000,-0.008,0.322,-0.003,58.7,4.8,0,-5.21,0.033
115,1.34,0.00,3607.4,48.9,0.0,1,8590,0.477,0.000,-0.001,0.322,-0.003,58.4,8.3,0,-5.39,0.039
116,1.36,0.00,3607.6,49.6,0.0,1,8428,0.327,0.000,0.031,0.322,-0.003,58.2,5.3,0,-6.18,0.046
117,1.38,0.00,3607.9,50.2,0.1,1,8019,0.377,0.000,0.015,0.322,-0.004,58.0,-0.6,0,-5.72,0.050
118,1.40,0.00,3608.2,50.3,0.1,2,5962,0.427,0.000,0.003,0.322,-0.004,57.9,-3.7,0,-5.43,0.053
119,1.42,0.00,0.0,50.3,0.0,2,5977,0.477,0.000,0.006,0.322,-0.004,57.7,-3.7,0,-5.47,0.058
120,1.44,0.00,0.3,50.3,0.0,2,5817,0.527,0.000,0.021,0.322,-0.003,57.4,-3.2,0,-5.61,0.064
121,1.46,0.00,0.6,50.6,0.1,2,6016,0.577,0.000,0.026,0.322,-0.001,57.3,-0.6,0,-5.51,0.068
122,1.48,0.00,0.9,51.0,0.1,2,6085,0.627,0.000,0.023,0.322,-0.000,57.2,-0.3,0,-5.22,0.070
123,1.50,0.00,1.2,51.5,0.1,2,6164,0.677,0.000,0.020,0.322,0.001,57.1,0.1,0,-4.98,0.071
124,1.52,0.00,1.4,51.9,0.1,2,6471,0.727,0.000,0.021,0.322,0.002,57.1,3.2,0,-4.82,0.074
125,1.54,0.00,1.7,52.4,0.1,2,6710,0.577,0.000,0.022,0.322,0.003,57.0,7.0,0,-4.66,0.075
126,1.56,0.00,2.0,53.0,0.1,2,6394,0.627,0.000,0.024,0.322,0.004,56.9,1.0,0,-4.53,0.077
127,1.58,0.00,2.3,53.6,0.1,2,6405,0.677,0.000,0.027,0.322,0.005,56.8,-0.0,0,-4.43,0.079
128,1.60,0.00,2.6,54.1,0.1,2,6495,0.727,0.000,0.030,0.322,0.007,56.8,0.4,0,-4.35,0.081
129,1.62,0.00,2.9,54.7,0.1,2,6607,0.777,0.000,0.033,0.322,0.008,56.7,1.1,0,-4.26,0.082
130,1.64,0.00,3.3,55.3,0.1,2,6744,0.827,0.000,0.034,0.321,0.009,56.7,2.0,0,-4.15,0.082
131,1.66,0.00,3.6,56.0,0.1,2,6916,0.877,0.000,0.035,0.321,0.010,56.7,3.5,0,-4.05,0.081
132,1.68,0.00,3.9,56.7,0.1,2,7135,0.727,0.000,0.035,0.321,0.010,56.8,5.4,0,-3.96,0.080
133,1.70,0.00,4.2,57.4,0.1,2,7072,0.777,0.000,0.034,0.320,0.011,56.9,3.3,0,-3.87,0.077
134,1.72,0.00,4.5,58.1,0.1,2,7175,0.827,0.000,0.035,0.320,0.012,57.0,3.5,0,-3.81,0.075
135,1.74,0.00,4.9,58.8,0.1,2,7357,0.677,0.000,0.035,0.319,0.012,57.1,5.0,0,-3.76,0.073
136,1.76,0.00,5.2,59.5,0.1,2,7271,0.727,0.000,0.037,0.319,0.013,57.2,2.5,0,-3.73,0.070
137,1.78,0.00,5.5,60.1,0.1,2,7376,0.777,0.000,0.039,0.318,0.014,57.3,2.9,0,-3.71,0.067
138,1.80,0.00,5.9,60.8,0.1,2,7553,0.827,0.000,0.040,0.317,0.015,57.5,4.3,0,-3.70,0.064
139,1.82,0.00,6.2,61.5,0.1,2,7787,0.677,0.000,0.041,0.317,0.015,57.6,6.6,0,-3.69,0.059
140,1.84,0.00,6.6,62.3,0.1,2,7706,0.727,0.000,0.042,0.316,0.016,57.8,4.2,0,-3.69,0.054
141,1.86,0.00,6.9,63.0,0.1,2,7743,0.777,0.000,0.043,0.315,0.016,58.1,3.4,0,-3.71,0.049
142,1.88,0.00,7.3,63.8,0.1,2,7846,0.827,0.000,0.044,0.314,0.017,58.3,3.5,0,-3.73,0.043
143,1.90,0.00,7.6,64.5,0.1,2,8047,0.677,0.000,0.045,0.313,0.017,58.5,5.1,0,-3.76,0.037
144,1.92,0.00,8.0,65.3,0.1,2,7982,0.727,0.000,0.045,0.312,0.018,58.8,2.8,0,-3.76,0.030
145,1.94,0.00,8.4,66.0,0.1,2,8145,0.777,0.000,0.044,0.311,0.018,59.1,4.0,0,-3.76,0.023
146,1.96,0.00,8.7,66.7,0.1,2,8398,0.627,0.000,0.042,0.310,0.019,59.4,6.5,0,-3.76,0.014
147,1.98,0.00,9.1,67.4,0.1,2,8312,0.677,0.000,0.040,0.309,0.019,59.8,4.0,0,-3.75,0.006
148,2.01,0.00,9.5,68.2,0.1,2,8425,0.727,0.000,0.038,0.308,0.020,60.2,4.2,0,-3.74,-0.004
149,2.03,0.00,10.0,68.9,0.1,2,8633,0.577,0.000,0.037,0.306,0.020,60.6,6.0,0,-3.73,-0.014
150,2.05,0.00,10.4,69.7,0.0,2,8485,0.627,0.000,0.036,0.305,0.021,60.9,2.4,0,-3.73,-0.023
151,2.07,0.00,10.8,70.4,0.0,2,8591,0.677,0.000,0.037,0.304,0.022,61.3,2.7,0,-3.72,-0.031
152,2.09,0.00,11.3,71.1,0.0,2,8785,0.727,0.000,0.038,0.302,0.023,61.6,4.3,0,-3.72,-0.039
153,2.12,0.00,11.7,71.9,0.0,2,9044,0.577,0.000,0.038,0.300,0.024,61.9,6.8,0,-3.71,-0.048
154,2.14,0.00,12.1,72.7,0.0,2,8893,0.627,0.000,0.038,0.299,0.024,62.4,3.2,0,-3.70,-0.059
155,2.16,0.00,12.6,73.5,0.0,2,8921,0.677,0.000,0.038,0.297,0.025,62.7,2.1,0,-3.70,-0.068
156,2.18,0.00,13.1,74.3,0.0,2,9098,0.727,0.000,0.040,0.295,0.026,63.1,3.4,0,-3.69,-0.077
157,2.20,0.00,13.5,75.1,0.0,2,9368,0.577,0.000,0.040,0.293,0.027,63.5,5.9,0,-3.68,-0.088
158,2.23,0.00,14.0,75.9,0.0,2,9264,0.627,0.000,0.038,0.291,0.028,64.0,3.0,0,-3.67,-0.101
159,2.25,0.00,14.5,76.6,0.0,2,9422,0.677,0.000,0.037,0.288,0.029,64.6,4.0,0,-3.66,-0.114
160,2.27,0.00,14.9,77.4,-0.0,2,9653,0.527,0.000,0.035,0.286,0.030,65.1,6.1,0,-3.65,-0.128
161,2.29,0.00,15.4,78.2,-0.0,2,9480,0.577,0.000,0.033,0.284,0.031,65.7,2.2,0,-3.64,-0.143
162,2.31,0.00,15.9,78.8,-0.0,2,9588,0.627,0.000,0.033,0.281,0.032,66.2,2.5,0,-3.63,-0.156
163,2.34,0.00,16.4,79.6,-0.0,2,9767,0.677,0.000,0.033,0.278,0.033,66.8,3.9,0,-3.62,-0.169
164,2.36,0.00,16.9,80.3,-0.0,2,9983,0.527,0.000,0.034,0.276,0.034,67.3,5.8,0,-3.61,-0.182
165,2.38,0.00,17.4,80.7,-0.0,3,7863,0.577,0.000,0.034,0.273,0.036,67.8,-5.9,0,-3.59,-0.196
166,2.40,0.00,17.9,80.6,0.0,3,7876,0.627,0.000,0.036,0.270,0.037,68.3,-6.0,0,-3.58,-0.208
167,2.42,0.00,18.4,80.6,0.1,3,7374,0.677,0.000,0.037,0.267,0.038,68.9,-5.5,0,-3.57,-0.222
168,2.45,0.00,18.9,80.9,0.1,3,7680,0.727,0.000,0.037,0.264,0.040,69.5,-0.1,0,-3.55,-0.237
169,2.47,0.00,19.4,81.5,0.1,3,7772,0.777,0.000,0.035,0.260,0.041,70.2,0.8,0,-3.54,-0.255
170,2.49,0.00,19.9,82.1,0.0,3,7868,0.827,0.000,0.032,0.257,0.042,71.0,1.6,0,-3.52,-0.274
171,2.51,0.00,20.4,82.8,0.0,3,7975,0.877,0.000,0.031,0.253,0.043,71.7,2.4,0,-3.50,-0.293
172,2.53,0.00,20.9,83.5,-0.0,3,8096,0.927,0.000,0.030,0.250,0.045,72.4,3.5,0,-3.49,-0.311
173,2.56,0.00,21.4,84.2,-0.0,3,8237,0.977,0.000,0.029,0.246,0.046,73.2,4.8,0,-3.47,-0.329
174,2.58,0.00,21.9,85.1,-0.1,3,8407,0.827,0.000,0.029,0.242,0.048,73.9,6.6,0,-3.45,-0.348
175,2.60,0.00,22.5,85.9,-0.1,3,8342,0.877,0.000,0.028,0.237,0.049,74.7,4.0,0,-3.43,-0.368
176,2.62,0.00,23.0,86.7,-0.1,3,8419,0.927,0.000,0.028,0.233,0.051,75.5,4.0,0,-3.41,-0.387
177,2.64,0.00,23.5,87.5,-0.1,3,8546,0.977,0.000,0.029,0.228,0.052,76.2,4.9,0,-3.40,-0.406
178,2.67,0.00,24.1,88.3,-0.1,3,8733,0.827,0.000,0.029,0.223,0.054,77.0,6.9,0,-3.37,-0.426
179,2.69,0.00,24.6,89.2,-0.1,3,8687,0.877,0.000,0.027,0.218,0.056,78.0,4.6,0,-3.35,-0.450
180,2.71,0.00,25.2,90.0,-0.1,3,8799,0.727,0.000,0.025,0.213,0.057,79.0,5.2,0,-3.33,-0.475
181,2.73,0.00,25.7,90.7,-0.2,3,8714,0.777,0.000,0.024,0.207,0.059,79.9,2.3,0,-3.30,-0.498
182,2.75,0.00,26.3,91.4,-0.1,3,8805,0.827,0.000,0.035,0.202,0.061,80.8,2.6,0,-3.28,-0.500
183,2.78,0.00,26.9,92.1,-0.1,3,8946,0.877,0.000,0.046,0.196,0.063,81.9,4.0,0,-3.25,-0.500
184,2.80,0.00,27.4,92.9,-0.1,3,9115,0.727,0.000,0.054,0.190,0.064,83.6,5.9,0,-3.21,-0.500
185,2.82,0.00,28.0,93.7,-0.1,3,9031,0.777,0.000,0.059,0.183,0.065,86.1,3.0,0,-3.15,-0.500
186,2.84,0.00,28.6,94.4,-0.1,3,9112,0.827,0.000,0.042,0.177,0.065,89.2,3.1,0,-2.54,-0.500
187,2.86,0.00,29.2,95.2,-0.2,3,9251,0.877,0.000,0.042,0.170,0.065,92.5,4.4,0,-2.38,-0.500
188,2.89,0.00,29.7,96.0,-0.3,3,9428,0.727,0.000,0.045,0.164,0.066,95.8,6.4,0,-2.25,-0.500
189,2.91,0.00,30.3,96.8,-0.3,3,9340,0.777,0.000,0.048,0.157,0.067,99.5,3.3,0,-2.13,-0.500
190,2.93,0.00,30.9,97.5,-0.3,3,9430,0.827,0.000,0.052,0.150,0.067,103.6,3.6,0,-2.03,-0.500
191,2.95,0.00,31.5,98.3,-0.3,3,9576,0.677,0.000,0.252,0.143,0.068,108.4,5.0,0,-1.93,0.000
192,2.97,0.00,32.1,99.0,-0.1,3,9492,0.727,0.000,0.365,0.136,0.066,117.8,2.7,0,-1.78,0.000
193,3.00,0.00,32.7,99.6,-0.0,3,9604,0.777,0.000,0.313,0.130,0.057,140.2,4.2,0,-1.53,0.000
194,3.02,0.00,33.3,100.2,-0.3,3,9770,0.627,0.000,0.242,0.124,0.044,163.8,5.9,0,-1.24,0.000
195,3.04,0.00,34.0,100.8,-0.7,3,9708,0.677,0.000,0.153,0.120,0.030,173.8,3.3,0,-0.69,0.000
196,3.06,0.00,34.6,101.3,-1.2,3,9800,0.727,0.000,0.075,0.117,0.015,180.8,3.7,0,-0.37,0.000
197,3.08,0.00,35.2,102.0,-1.7,3,9910,0.777,0.000,0.008,0.114,0.004,185.4,4.6,0,-0.01,0.000
198,3.11,0.00,35.8,102.7,-2.0,3,10018,0.627,0.000,-0.032,0.112,-0.003,187.8,5.4,0,0.14,0.000
199,3.13,0.00,36.5,103.4,-2.0,3,9869,0.677,0.000,-0.052,0.110,-0.006,188.4,1.3,0,0.30,0.000
200,3.15,0.00,37.1,104.0,-1.6,3,9917,0.727,0.000,-0.045,0.109,-0.006,187.5,1.0,0,0.18,0.000
201,3.17,0.00,37.7,104.7,-1.2,3,10018,0.777,0.000,-0.033,0.108,-0.004,186.0,1.7,0,0.14,0.000
202,3.19,0.00,38.4,105.4,-0.8,3,10143,0.827,0.000,-0.020,0.108,-0.001,184.3,2.9,0,0.10,0.000
203,3.22,0.00,39.0,106.2,-0.5,3,10284,0.877,0.000,-0.008,0.107,0.001,182.7,4.2,0,0.06,0.000
204,3.24,0.00,39.7,107.0,-0.3,3,10443,0.727,0.000,0.000,0.106,0.002,181.5,5.8,0,0.02,0.000
205,3.26,0.00,40.3,107.8,-0.1,3,10341,0.777,0.000,0.004,0.106,0.003,180.5,2.5,0,0.01,0.000
206,3.28,0.00,41.0,108.5,-0.1,3,10426,0.827,0.000,0.006,0.105,0.003,179.7,2.7,0,-0.00,0.000
207,3.30,0.00,41.7,109.2,-0.0,3,10562,0.877,0.000,0.005,0.105,0.003,179.1,3.9,0,0.00,0.000
208,3.33,0.00,42.3,110.0,-0.0,3,10724,0.727,0.000,0.004,0.105,0.003,178.5,5.6,0,0.01,0.000
209,3.35,0.00,43.0,110.4,-0.0,4,8678,0.777,0.000,0.002,0.104,0.003,178.0,-7.9,0,0.02,0.000
210,3.37,0.00,43.7,110.3,-0.0,4,8687,0.827,0.000,0.000,0.104,0.002,177.4,-8.2,0,0.02,0.000
211,3.39,0.00,44.3,110.2,-0.0,4,8191,0.877,0.000,-0.001,0.104,0.002,176.7,-7.8,0,0.03,0.000
212,3.41,0.00,45.0,110.5,-0.0,4,8552,0.927,0.000,-0.001,0.103,0.002,176.1,0.4,0,0.03,0.000
213,3.44,0.00,45.7,111.2,-0.0,4,8645,0.977,0.000,-0.000,0.103,0.002,175.4,1.7,0,0.03,0.000
214,3.46,0.00,46.4,111.9,-0.0,4,8725,1.000,0.000,-0.000,0.103,0.002,174.7,2.4,0,0.03,0.000
215,3.48,0.00,47.1,112.6,-0.0,4,8788,1.000,0.000,-0.000,0.103,0.002,173.9,2.6,0,0.02,0.000
216,3.50,0.00,47.8,113.3,-0.0,4,8837,1.000,0.000,0.000,0.102,0.002,173.2,2.4,0,0.02,0.000
217,3.52,0.00,48.4,114.1,-0.0,4,8892,1.000,0.000,0.000,0.102,0.002,172.5,2.3,0,0.02,0.000
218,3.55,0.00,49.1,114.8,-0.0,4,8955,1.000,0.000,0.000,0.102,0.002,171.8,2.5,0,0.02,0.000
219,3.57,0.00,49.9,115.6,-0.0,4,9026,1.000,0.000,0.000,0.101,0.002,171.1,2.8,0,0.02,0.000
220,3.59,0.00,50.6,116.3,-0.0,4,9099,1.000,0.000,0.000,0.101,0.002,170.4,3.2,0,0.02,0.000
221,3.61,0.00,51.3,117.1,-0.0,4,9166,1.000,0.000,0.000,0.101,0.002,169.6,3.4,0,0.02,0.000
222,3.63,0.00,52.0,117.8,-0.0,4,9230,1.000,0.000,0.000,0.101,0.002,168.9,3.5,0,0.02,0.000
223,3.66,0.00,52.7,118.6,-0.0,4,9292,1.000,0.000,0.000,0.100,0.002,168.2,3.5,0,0.02,0.000
224,3.68,0.00,53.4,119.4,-0.0,4,9353,1.000,0.000,0.000,0.100,0.002,167.4,3.6,0,0.02,0.000
225,3.70,0.00,54.2,120.2,-0.0,4,9414,1.000,0.000,0.001,0.100,0.002,166.7,3.6,0,0.02,0.000
226,3.72,0.00,54.9,121.0,0.0,4,9474,1.000,0.000,0.001,0.100,0.002,165.9,3.6,0,0.01,0.000
227,3.74,0.00,55.7,121.7,-0.0,4,9531,1.000,0.000,0.005,0.099,0.002,165.2,3.5,0,-0.13,0.000
228,3.77,0.00,56.4,122.5,0.0,4,9589,1.000,0.000,0.004,0.099,0.002,164.5,3.4,0,-0.13,0.000
229,3.79,0.00,57.2,123.3,-0.0,4,9648,1.000,0.000,0.003,0.099,0.002,163.9,3.4,0,-0.12,0.000
230,3.81,0.00,57.9,124.1,-0.0,4,9708,1.000,0.000,0.001,0.098,0.001,163.2,3.4,0,-0.12,0.000
231,3.83,0.00,58.7,124.9,-0.0,4,9768,1.000,0.000,0.000,0.098,0.001,162.5,3.4,0,-0.11,0.000
232,3.85,0.00,59.4,125.7,-0.0,4,9826,1.000,0.000,-0.001,0.098,0.001,161.8,3.3,0,-0.11,0.000
233,3.88,0.00,60.2,126.4,-0.0,4,9883,1.000,0.000,-0.001,0.098,0.001,161.0,3.2,0,-0.11,0.000
234,3.90,0.00,61.0,127.2,-0.0,4,9939,1.000,0.000,-0.001,0.098,0.001,160.2,3.1,0,-0.11,0.000
235,3.92,0.00,61.8,128.0,-0.0,4,9995,1.000,0.000,-0.000,0.098,0.001,159.4,3.0,0,-0.11,0.000
236,3.94,0.00,62.5,128.8,-0.0,4,10051,1.000,0.000,-0.000,0.097,0.001,158.6,2.9,0,-0.11,0.000
237,3.96,0.00,63.3,129.6,-0.0,4,10108,1.000,0.000,-0.000,0.097,0.001,157.8,2.8,0,-0.11,0.000
238,3.99,0.00,64.1,130.3,-0.0,4,10165,1.000,0.000,-0.000,0.097,0.001,156.9,2.8,0,-0.11,0.000
239,4.01,0.00,64.9,131.1,-0.0,4,10222,1.000,0.000,-0.000,0.097,0.001,156.1,2.7,0,-0.10,0.000
240,4.03,0.00,65.7,131.9,-0.0,4,10279,1.000,0.000,-0.000,0.097,0.001,155.3,2.7,0,-0.10,0.000
241,4.05,0.00,66.5,132.6,-0.0,4,10337,1.000,0.000,-0.000,0.097,0.001,154.5,2.6,0,-0.10,0.000
242,4.07,0.00,67.4,133.4,-0.0,4,10394,1.000,0.000,-0.000,0.096,0.001,153.7,2.6,0,-0.10,0.000
243,4.10,0.00,68.2,134.2,-0.0,4,10450,1.000,0.000,-0.000,0.096,0.001,152.8,2.5,0,-0.10,0.000
244,4.12,0.00,69.0,134.9,-0.0,4,10505,1.000,0.000,-0.000,0.096,0.001,152.0,2.4,0,-0.10,0.000
245,4.14,0.00,69.8,135.7,-0.0,4,10560,1.000,0.000,-0.000,0.096,0.001,151.1,2.3,0,-0.10,0.000
246,4.16,0.00,70.7,136.5,-0.0,4,10616,1.000,0.000,-0.000,0.096,0.001,150.3,2.2,0,-0.10,0.000
247,4.18,0.00,71.5,137.2,-0.0,4,10672,1.000,0.000,-0.000,0.095,0.001,149.4,2.2,0,-0.09,0.000
248,4.21,0.00,72.3,138.0,-0.0,4,10727,1.000,0.000,-0.000,0.095,0.001,148.6,2.1,0,-0.09,0.000
249,4.23,0.00,73.2,138.7,-0.0,4,10783,1.000,0.000,-0.000,0.095,0.001,147.7,2.0,0,-0.09,0.000
250,4.25,0.00,74.0,139.5,-0.0,4,10840,1.000,0.000,-0.000,0.095,0.001,146.8,2.0,0,-0.09,0.000
251,4.27,0.00,74.9,140.3,-0.0,4,10896,1.000,0.000,-0.000,0.095,0.001,146.0,1.9,0,-0.09,0.000
252,4.29,0.00,75.7,140.5,0.0,5,9783,1.000,0.000,-0.000,0.095,0.001,145.1,-9.9,0,-0.09,0.000
253,4.32,0.00,76.6,140.4,0.0,5,9787,1.000,0.000,-0.000,0.094,0.001,144.2,-10.4,0,-0.09,0.000
254,4.34,0.00,77.5,140.2,0.0,5,9356,1.000,0.000,0.000,0.094,0.001,143.3,-10.2,0,-0.09,0.000
255,4.36,0.00,78.3,140.6,0.0,5,9743,1.000,0.000,0.000,0.094,0.001,142.4,-0.2,0,-0.08,0.000
256,4.38,0.00,79.2,141.2,0.0,5,9806,1.000,0.000,0.000,0.094,0.001,141.6,0.5,0,-0.08,0.000
257,4.40,0.00,80.0,141.9,0.0,5,9838,1.000,0.000,-0.000,0.094,0.001,140.7,0.2,0,-0.08,0.000
258,4.43,0.00,80.9,142.5,0.0,5,9869,1.000,0.000,-0.000,0.093,0.001,139.8,-0.2,0,-0.08,0.000
259,4.45,0.00,81.8,143.2,0.0,5,9905,1.000,0.000,-0.000,0.093,0.001,138.9,-0.4,0,-0.08,0.000
260,4.47,0.00,82.7,143.8,0.0,5,9947,1.000,0.000,-0.000,0.093,0.001,138.0,-0.5,0,-0.08,0.000
261,4.49,0.00,83.5,144.5,0.0,5,9993,1.000,0.000,-0.000,0.093,0.001,137.1,-0.5,0,-0.08,0.000
262,4.51,0.00,84.4,145.1,0.0,5,10042,1.000,0.000,-0.000,0.093,0.001,136.2,-0.4,0,-0.07,0.000
263,4.54,0.00,85.3,145.8,0.0,5,10089,1.000,0.000,-0.000,0.092,0.001,135.3,-0.4,0,-0.07,0.000
264,4.56,0.00,86.2,146.4,0.0,5,10133,1.000,0.000,-0.000,0.092,0.001,134.4,-0.4,0,-0.07,0.000
265,4.58,0.00,87.1,147.1,0.0,5,10176,1.000,0.000,-0.000,0.092,0.001,133.5,-0.4,0,-0.07,0.000
266,4.60,0.00,88.0,147.7,0.0,5,10218,1.000,0.000,-0.000,0.092,0.001,132.5,-0.5,0,-0.07,0.000
267,4.62,0.00,88.9,148.3,0.0,5,10260,1.000,0.000,-0.000,0.092,0.001,131.6,-0.6,0,-0.07,0.000
268,4.65,0.00,89.8,149.0,0.0,5,10301,1.000,0.000,-0.000,0.091,0.001,130.7,-0.7,0,-0.06,0.000
269,4.67,0.00,90.7,149.6,0.0,5,10342,1.000,0.000,-0.000,0.091,0.001,129.8,-0.7,0,-0.06,0.000
270,4.69,0.00,91.6,150.3,-0.0,5,10384,1.000,0.000,-0.000,0.091,0.001,128.8,-0.8,0,-0.06,0.000
271,4.71,0.00,92.6,150.9,0.0,5,10426,1.000,0.000,-0.001,0.091,0.001,127.9,-0.9,0,-0.06,0.000
272,4.73,0.00,93.5,151.5,-0.0,5,10468,1.000,0.000,-0.000,0.091,0.001,126.9,-0.9,0,-0.06,0.000
273,4.76,0.00,94.4,152.2,0.0,5,10511,1.000,0.000,-0.000,0.090,0.001,126.0,-1.0,0,-0.06,0.000
274,4.78,0.00,95.4,152.8,0.0,5,10553,1.000,0.000,-0.000,0.090,0.001,125.0,-1.0,0,-0.06,0.000
275,4.80,0.00,96.3,153.4,0.0,5,10595,1.000,0.000,-0.000,0.090,0.001,124.1,-1.0,0,-0.06,0.000
276,4.82,0.00,97.2,154.1,0.0,5,10637,1.000,0.000,-0.000,0.090,0.001,123.1,-1.1,0,-0.06,0.000
277,4.84,0.00,98.2,154.7,0.0,5,10677,1.000,0.000,-0.000,0.089,0.001,122.1,-1.2,0,-0.06,0.000
278,4.87,0.00,99.1,155.3,0.0,5,10718,1.000,0.000,-0.000,0.089,0.001,121.2,-1.2,0,-0.06,0.000
279,4.89,0.00,100.1,155.9,0.0,5,10760,1.000,0.000,0.000,0.089,0.001,120.2,-1.3,0,-0.06,0.000
280,4.91,0.00,101.0,156.6,0.0,5,10802,1.000,0.000,0.000,0.089,0.001,119.2,-1.3,0,-0.06,0.000
281,4.93,0.00,102.0,157.2,0.0,5,10843,1.000,0.000,0.000,0.089,0.001,118.2,-1.4,0,-0.06,0.000
282,4.95,0.00,102.9,157.8,0.0,5,10884,1.000,0.000,0.000,0.088,0.001,117.3,-1.4,0,-0.06,0.000
283,4.98,0.00,103.9,158.4,0.0,5,10925,1.000,0.000,0.000,0.088,0.001,116.3,-1.5,0,-0.06,0.000
284,5.00,0.00,104.9,159.0,0.0,5,10966,1.000,0.000,0.000,0.088,0.001,115.3,-1.5,0,-0.06,0.000
285,5.02,0.00,105.9,159.6,0.0,5,11006,1.000,0.000,0.000,0.088,0.001,114.3,-1.6,0,-0.06,0.000
286,5.04,0.00,106.8,160.3,0.0,5,11046,1.000,0.000,0.011,0.087,0.001,113.3,-1.7,0,-0.36,0.000
287,5.06,0.00,107.8,160.9,0.0,5,11087,1.000,0.000,0.009,0.087,0.001,112.4,-1.7,0,-0.35,0.000
288,5.09,0.00,108.8,161.5,-0.0,5,11128,1.000,0.000,0.005,0.087,0.000,111.6,-1.8,0,-0.34,0.000
289,5.11,0.00,109.8,162.1,-0.1,5,11169,1.000,0.000,0.002,0.087,-0.000,110.7,-1.8,0,-0.34,0.000
290,5.13,0.00,110.8,162.7,-0.1,5,11209,1.000,0.000,-0.001,0.087,-0.001,109.9,-1.9,0,-0.33,0.000
291,5.15,0.00,111.8,163.3,-0.1,5,11250,1.000,0.000,-0.002,0.087,-0.001,108.9,-1.9,0,-0.32,0.000
292,5.17,0.00,112.8,163.9,-0.1,5,11290,1.000,0.000,-0.002,0.087,-0.001,107.9,-2.0,0,-0.32,0.000
293,5.20,0.00,113.8,164.5,-0.1,5,11329,1.000,0.000,-0.002,0.087,-0.001,106.8,-2.0,0,-0.32,0.000
294,5.22,0.00,114.8,165.1,-0.0,5,11368,1.000,0.000,-0.001,0.087,-0.001,105.7,-2.1,0,-0.32,0.000
295,5.24,0.00,115.8,165.7,-0.0,5,11407,1.000,0.000,-0.000,0.087,-0.000,104.7,-2.2,0,-0.31,0.000
296,5.26,0.00,116.8,166.3,0.0,5,11448,1.000,0.000,0.000,0.087,-0.000,103.6,-2.2,0,-0.31,0.000
297,5.28,0.00,117.8,166.9,0.0,5,11488,1.000,0.000,0.001,0.087,-0.000,102.5,-2.2,0,-0.31,0.000
298,5.31,0.00,118.9,167.5,0.0,5,11528,1.000,0.000,0.000,0.087,-0.000,101.5,-2.3,0,-0.31,0.000
299,5.33,0.00,119.9,168.1,0.0,5,11568,1.000,0.000,0.000,0.087,-0.000,100.5,-2.3,0,-0.30,0.000
300,5.35,0.00,120.9,168.7,0.0,5,11607,1.000,0.000,-0.000,0.088,-0.000,99.4,-2.4,0,-0.30,0.000
301,5.37,0.00,121.9,169.3,0.0,5,11645,1.000,0.000,-0.000,0.088,-0.000,98.4,-2.5,0,-0.29,0.000
302,5.39,0.00,123.0,169.9,0.0,5,11683,1.000,0.000,-0.000,0.088,-0.000,97.3,-2.6,0,-0.29,0.000
303,5.42,0.00,124.0,170.5,-0.0,5,11722,0.000,0.042,-0.001,0.088,-0.000,96.2,-2.6,0,-0.29,0.000
304,5.44,0.00,125.1,170.5,-0.0,6,10590,0.000,0.087,-0.001,0.088,-0.000,95.2,-11.3,0,-0.28,0.000
305,5.46,0.00,126.1,170.0,0.0,6,10556,0.000,0.110,-0.000,0.088,-0.000,94.1,-10.6,0,-0.28,0.000
306,5.48,0.00,127.1,169.5,0.0,6,10290,0.000,0.126,-0.000,0.088,-0.000,93.0,-11.0,0,-0.28,0.000
307,5.50,0.00,128.2,168.8,0.0,6,10239,0.000,0.138,0.000,0.088,-0.000,91.9,-10.8,0,-0.27,0.000
308,5.53,0.00,129.2,168.0,0.0,6,10189,0.000,0.148,0.000,0.088,-0.000,90.9,-10.5,0,-0.27,0.000
309,5.55,0.00,130.2,167.3,0.0,6,10140,0.000,0.156,0.001,0.088,0.000,89.8,-10.2,0,-0.27,0.000
310,5.57,0.00,131.2,166.5,0.0,6,10089,0.000,0.162,0.001,0.088,0.000,88.7,-10.0,0,-0.26,0.000
311,5.59,0.00,132.3,165.7,0.0,6,10038,0.000,0.168,0.001,0.088,0.000,87.7,-9.8,0,-0.26,0.000
312,5.61,0.00,133.3,164.9,0.0,6,9985,0.000,0.172,0.001,0.088,0.000,86.7,-9.5,0,-0.26,0.000
313,5.64,0.00,134.3,164.0,0.0,6,9933,0.000,0.176,0.001,0.088,0.000,85.6,-9.3,0,-0.25,0.000
314,5.66,0.00,135.3,163.2,0.0,6,9880,0.000,0.179,0.001,0.088,0.000,84.6,-9.2,0,-0.25,0.000
315,5.68,0.00,136.3,162.3,0.0,6,9827,0.000,0.182,0.001,0.088,0.000,83.6,-9.0,0,-0.25,0.000
316,5.70,0.00,137.3,161.5,0.0,6,9773,0.000,0.184,0.001,0.088,0.000,82.6,-8.9,0,-0.25,0.000
317,5.72,0.00,138.2,160.6,0.0,6,9721,0.000,0.186,0.001,0.088,0.000,81.6,-8.7,0,-0.24,0.000
318,5.75,0.00,139.2,159.7,0.0,6,9667,0.000,0.188,0.001,0.088,0.000,80.6,-8.6,0,-0.24,0.000
319,5.77,0.00,140.2,158.9,0.0,5,10507,0.000,0.192,0.001,0.088,0.000,79.6,-7.7,0,-0.24,0.000
320,5.79,0.00,141.2,158.1,0.0,5,10473,0.000,0.196,0.000,0.088,0.000,78.6,-7.5,0,-0.24,0.000
321,5.81,0.00,142.1,157.2,0.0,5,10367,0.000,0.198,-0.000,0.088,0.000,77.6,-8.3,0,-0.24,0.000
322,5.83,0.00,143.1,156.3,-0.0,5,10302,0.000,0.197,-0.000,0.088,-0.000,76.7,-8.4,0,-0.25,0.000
323,5.86,0.00,144.0,155.4,-0.0,5,10241,0.000,0.196,-0.000,0.088,-0.000,75.7,-8.4,0,-0.26,0.000
324,5.88,0.00,145.0,154.5,-0.0,5,10181,0.000,0.195,0.024,0.088,-0.000,74.8,-8.4,0,-0.97,0.000
325,5.90,0.00,145.9,153.6,0.0,5,10123,0.000,0.187,0.019,0.088,-0.001,74.0,-8.2,0,-0.96,0.000
326,5.92,0.00,146.9,152.7,-0.1,5,10067,0.000,0.174,0.010,0.088,-0.003,73.4,-8.4,0,-0.95,0.000
327,5.94,0.00,147.8,151.8,-0.2,5,10016,0.000,0.163,0.002,0.089,-0.005,72.7,-8.6,0,-0.94,0.000
328,5.97,0.00,148.7,151.0,-0.3,5,9968,0.000,0.158,-0.004,0.089,-0.006,71.9,-8.8,0,-0.93,0.000
329,5.99,0.00,149.6,150.2,-0.3,5,9918,0.000,0.161,-0.007,0.090,-0.006,71.1,-8.8,0,-0.92,0.000
330,6.01,0.00,150.6,149.5,-0.3,5,9866,0.000,0.168,-0.007,0.091,-0.006,70.1,-8.7,0,-0.91,0.000
331,6.03,0.00,151.5,148.7,-0.2,5,9811,0.000,0.177,-0.005,0.091,-0.006,69.1,-8.5,0,-0.91,0.000
332,6.05,0.00,152.4,147.9,-0.1,5,9753,0.000,0.186,-0.004,0.092,-0.005,68.1,-8.2,0,-0.90,0.000
333,6.08,0.00,153.3,147.0,-0.1,5,9693,0.000,0.192,-0.002,0.093,-0.005,67.2,-7.9,0,-0.89,0.000
334,6.10,0.00,154.2,146.2,-0.0,5,9634,0.000,0.197,-0.001,0.093,-0.005,66.2,-7.7,0,-0.89,0.000
335,6.12,0.00,155.1,145.3,-0.0,5,9574,0.000,0.200,-0.000,0.094,-0.005,65.3,-7.6,0,-0.88,0.000
336,6.14,0.00,155.9,144.4,0.0,5,9513,0.000,0.202,-0.001,0.095,-0.005,64.4,-7.4,0,-0.88,0.000
337,6.16,0.00,156.8,143.5,-0.0,5,9453,0.000,0.203,-0.001,0.095,-0.005,63.5,-7.3,0,-0.87,0.000
338,6.19,0.00,157.7,142.6,-0.0,5,9393,0.000,0.204,-0.001,0.096,-0.005,62.6,-7.3,0,-0.87,0.000
339,6.21,0.00,158.6,141.7,-0.0,5,9334,0.000,0.205,-0.002,0.097,-0.005,61.7,-7.2,0,-0.86,0.000
340,6.23,0.00,159.4,140.8,-0.0,5,9275,0.000,0.207,-0.002,0.097,-0.005,60.8,-7.1,0,-0.86,0.000
341,6.25,0.00,160.3,139.9,-0.0,5,9215,0.000,0.208,-0.002,0.098,-0.005,59.9,-7.0,0,-0.85,0.000
342,6.27,0.00,161.1,139.0,-0.0,5,9156,0.000,0.210,-0.001,0.098,-0.004,59.0,-6.9,0,-0.85,0.000
343,6.30,0.00,162.0,138.1,-0.0,5,9097,0.000,0.211,-0.001,0.099,-0.004,58.2,-6.7,0,-0.85,0.000
344,6.32,0.00,162.8,137.2,-0.0,5,9037,0.000,0.213,-0.001,0.100,-0.004,57.3,-6.6,0,-0.85,0.000
345,6.34,0.00,163.7,136.3,-0.0,5,8976,0.000,0.214,-0.001,0.100,-0.004,56.4,-6.5,0,-0.85,0.000
346,6.36,0.00,164.5,135.4,-0.0,5,8916,0.000,0.214,-0.001,0.101,-0.004,55.6,-6.4,0,-0.85,0.000
347,6.38,0.00,165.3,134.5,-0.0,5,8856,0.000,0.215,-0.001,0.101,-0.004,54.8,-6.3,0,-0.86,0.000
348,6.41,0.00,166.1,133.6,-0.0,5,8797,0.000,0.216,-0.001,0.102,-0.004,53.9,-6.2,0,-0.87,0.000
349,6.43,0.00,166.9,132.7,-0.0,5,8737,0.000,0.217,0.000,0.103,-0.004,53.1,-6.2,0,-0.89,0.000
350,6.45,0.00,167.8,131.8,-0.0,5,8677,0.000,0.218,0.002,0.103,-0.004,52.3,-6.1,0,-0.94,0.000
351,6.47,0.00,168.6,130.9,-0.0,5,8618,0.000,0.219,0.126,0.104,-0.004,51.5,-6.0,0,-2.94,0.214
352,6.49,0.00,169.4,130.1,0.2,5,8559,0.000,0.201,0.118,0.105,-0.007,51.0,-4.7,0,-2.95,0.225
353,6.52,0.00,170.1,129.2,0.0,5,8508,0.000,0.155,0.087,0.106,-0.014,51.0,-5.4,0,-2.99,0.225
354,6.54,0.00,170.9,128.4,-0.4,4,9447,0.000,0.108,0.048,0.108,-0.022,51.2,-6.4,0,-3.04,0.220
355,6.56,0.00,171.7,127.9,-0.8,4,9419,0.000,0.078,0.015,0.111,-0.029,51.2,-7.4,0,-3.10,0.220
356,6.58,0.00,172.5,127.4,-1.0,4,9383,0.000,0.069,-0.004,0.114,-0.033,51.0,-8.8,0,-3.13,0.226
357,6.60,0.00,173.3,126.9,-1.0,4,9354,0.000,0.077,-0.010,0.117,-0.035,50.4,-9.0,0,-3.15,0.239
358,6.63,0.00,174.0,126.5,-0.9,4,9317,0.000,0.095,-0.006,0.121,-0.036,49.7,-8.8,0,-3.15,0.257
359,6.65,0.00,174.8,126.0,-0.7,4,9273,0.000,0.116,0.002,0.125,-0.036,48.9,-8.4,0,-3.14,0.278
360,6.67,0.00,175.6,125.4,-0.5,4,9222,0.000,0.135,0.009,0.129,-0.036,48.1,-7.9,0,-3.14,0.298
361,6.69,0.00,176.3,124.8,-0.3,4,9167,0.000,0.147,0.014,0.133,-0.036,47.3,-7.5,0,-3.14,0.316
362,6.71,0.00,177.1,124.1,-0.2,4,9112,0.000,0.154,0.017,0.137,-0.037,46.7,-7.3,0,-3.14,0.334
363,6.74,0.00,177.9,123.4,-0.2,4,9059,0.000,0.157,0.017,0.142,-0.038,46.0,-7.1,0,-3.15,0.350
364,6.76,0.00,178.6,122.7,-0.2,4,9005,0.000,0.158,0.015,0.146,-0.040,45.4,-7.0,0,-3.16,0.365
365,6.78,0.00,179.4,122.0,-0.2,4,8952,0.000,0.158,0.013,0.151,-0.041,44.8,-7.0,0,-3.17,0.380
366,6.80,0.00,180.1,121.3,-0.3,4,8900,0.000,0.159,0.011,0.156,-0.043,44.2,-6.9,0,-3.19,0.395
367,6.82,0.00,180.8,120.6,-0.3,4,8848,0.000,0.162,0.010,0.161,-0.044,43.6,-6.8,0,-3.20,0.411
368,6.85,0.00,181.6,119.9,-0.3,4,8794,0.000,0.165,0.010,0.166,-0.045,42.9,-6.7,0,-3.22,0.426
369,6.87,0.00,182.3,119.2,-0.2,4,8740,0.000,0.168,0.011,0.172,-0.046,42.3,-6.5,0,-3.23,0.442
370,6.89,0.00,183.0,118.4,-0.2,4,8685,0.000,0.170,0.011,0.177,-0.047,41.7,-6.8,0,-3.25,0.458
371,6.91,0.00,183.8,117.7,-0.2,4,8631,0.000,0.173,0.011,0.183,-0.048,41.0,-6.7,0,-3.27,0.474
372,6.93,0.00,184.5,117.0,-0.2,4,8576,0.000,0.175,0.038,0.188,-0.044,40.4,-6.4,0,-3.29,0.489
373,6.96,0.00,185.2,116.2,-0.1,4,8521,0.000,0.172,0.073,0.193,-0.037,39.9,-6.1,0,-3.33,0.500
374,6.98,0.00,185.9,115.5,-0.1,4,8476,0.000,0.158,0.095,0.197,-0.033,39.5,-5.7,0,-3.39,0.500
375,7.00,0.00,186.6,114.7,-0.1,4,8428,0.000,0.132,0.109,0.200,-0.030,39.3,-6.2,0,-3.47,0.500
376,7.02,0.00,187.3,114.1,-0.2,4,8388,0.000,0.098,0.115,0.203,-0.029,39.4,-6.7,0,-3.59,0.500
377,7.04,0.00,188.0,113.6,-0.4,4,8360,0.000,0.059,0.117,0.206,-0.029,39.6,-7.3,0,-3.74,0.500
378,7.07,0.00,188.7,113.1,-0.6,4,8345,0.000,0.019,0.116,0.209,-0.030,39.9,-7.9,0,-3.92,0.500
379,7.09,0.00,189.4,112.8,-0.8,4,8343,0.050,0.000,0.112,0.212,-0.032,40.2,-8.5,0,-4.13,0.494
380,7.11,0.00,190.1,112.6,-0.9,4,8355,0.100,0.000,0.109,0.215,-0.033,40.6,-8.4,0,-4.35,0.485
381,7.13,0.00,190.8,112.5,-0.9,4,8364,0.150,0.000,0.110,0.218,-0.033,40.9,-8.0,0,-4.60,0.477
382,7.15,0.00,191.5,112.4,-0.9,4,8377,0.200,0.000,0.112,0.221,-0.034,41.3,-7.5,0,-4.86,0.469
383,7.18,0.00,192.2,112.4,-0.9,4,8394,0.250,0.000,0.115,0.223,-0.034,41.6,-6.9,0,-5.16,0.459
384,7.20,0.00,192.9,112.4,-1.0,4,8415,0.300,0.000,0.119,0.226,-0.034,42.0,-6.4,0,-5.50,0.449
385,7.22,0.00,193.6,112.5,-0.9,4,8433,0.350,0.000,0.124,0.229,-0.034,42.5,-6.0,0,-5.88,0.438
386,7.24,0.00,194.3,112.5,-0.9,4,8460,0.400,0.000,0.130,0.232,-0.034,43.0,-5.5,0,-6.32,0.425
387,7.26,0.00,195.0,112.7,-0.9,4,8494,0.450,0.000,0.137,0.235,-0.035,43.6,-4.9,0,-6.83,0.410
388,7.29,0.00,195.7,112.8,-0.9,4,8531,0.500,0.000,0.143,0.238,-0.035,44.3,-4.3,0,-7.41,0.392
389,7.31,0.00,196.4,113.1,-1.0,4,8573,0.550,0.000,0.122,0.241,-0.036,45.2,-3.7,0,-7.33,0.371
390,7.33,0.00,197.1,113.3,-1.1,4,8614,0.600,0.000,0.100,0.244,-0.037,46.1,-3.1,0,-7.23,0.347
391,7.35,0.00,197.8,113.6,-1.1,4,8661,0.650,0.000,0.084,0.248,-0.038,47.0,-2.6,0,-7.15,0.325
392,7.37,0.00,198.5,114.0,-1.2,4,8712,0.700,0.000,0.077,0.251,-0.036,47.7,-2.0,0,-7.09,0.308
393,7.40,0.00,199.3,114.4,-1.1,4,8767,0.750,0.000,0.077,0.254,-0.034,48.2,-1.5,0,-7.04,0.294
394,7.42,0.00,200.0,114.9,-1.1,4,8829,0.800,0.000,0.081,0.256,-0.032,48.7,-0.8,0,-7.01,0.282
395,7.44,0.00,200.7,115.4,-1.0,4,8905,0.850,0.000,0.085,0.259,-0.029,49.2,0.1,0,-6.97,0.269
396,7.46,0.00,201.4,116.0,-1.0,4,8991,0.900,0.000,0.085,0.261,-0.026,49.9,1.2,0,-6.92,0.253
397,7.48,0.00,202.1,116.6,-1.0,4,9078,0.950,0.000,0.084,0.263,-0.024,50.6,2.2,0,-6.86,0.234
398,7.51,0.00,202.9,117.2,-1.1,4,9171,1.000,0.000,0.069,0.265,-0.022,51.4,3.2,0,-6.44,0.214
399,7.53,0.00,203.6,118.0,-1.2,4,9271,1.000,0.000,0.024,0.266,-0.019,52.3,4.3,0,-5.12,0.193
400,7.55,0.00,204.3,118.7,-1.3,4,9337,1.000,0.000,0.017,0.267,-0.015,52.9,4.4,0,-4.63,0.178
401,7.57,0.00,205.1,119.4,-1.3,4,9456,0.850,0.000,0.035,0.267,-0.010,53.1,5.9,0,-4.49,0.174
402,7.59,0.00,205.8,120.2,-1.2,4,9370,0.900,0.000,0.060,0.267,-0.004,53.1,2.7,0,-4.44,0.172
403,7.62,0.00,206.6,120.9,-1.0,4,9417,0.950,0.000,0.084,0.266,0.001,53.3,2.5,0,-4.41,0.168
404,7.64,0.00,207.3,121.6,-0.9,4,9504,1.000,0.000,0.099,0.264,0.006,53.8,3.3,0,-4.39,0.155
405,7.66,0.00,208.1,122.3,-0.9,4,9606,1.000,0.000,0.104,0.262,0.009,54.8,4.4,0,-4.44,0.129
406,7.68,0.00,208.8,123.0,-1.1,4,9795,0.850,0.000,0.087,0.260,0.010,56.6,7.5,0,-4.31,0.085
407,7.70,0.00,209.6,123.7,-1.4,4,9714,0.900,0.000,0.059,0.257,0.011,58.8,4.6,0,-4.12,0.030
408,7.73,0.00,210.4,124.4,-1.7,4,9743,0.950,0.000,0.042,0.254,0.014,60.8,3.9,0,-3.98,-0.020
409,7.75,0.00,211.2,125.1,-1.8,4,9804,1.000,0.000,0.039,0.250,0.017,62.3,4.0,0,-3.90,-0.059
410,7.77,0.00,211.9,125.8,-1.7,4,9910,1.000,0.000,0.048,0.246,0.022,63.5,4.8,0,-3.85,-0.088
411,7.79,0.00,212.7,126.5,-1.7,4,10110,0.850,0.000,0.052,0.241,0.027,65.0,8.5,0,-3.79,-0.124
412,7.81,0.00,213.5,127.2,-1.8,4,10007,0.700,0.000,0.053,0.236,0.031,66.6,5.2,0,-3.72,-0.166
413,7.84,0.00,214.3,127.8,-1.7,4,9845,0.750,0.000,0.061,0.230,0.036,68.1,0.0,0,-3.67,-0.203
414,7.86,0.00,215.1,128.4,-1.5,4,9870,0.800,0.000,0.074,0.223,0.041,69.4,-0.6,0,-3.64,-0.235
415,7.88,0.00,215.9,128.9,-1.3,4,10018,0.850,0.000,0.079,0.216,0.047,71.2,1.7,0,-3.59,-0.279
416,7.90,0.00,216.7,129.4,-1.4,4,10176,0.900,0.000,0.059,0.208,0.050,74.3,4.8,0,-3.51,-0.357
417,7.92,0.00,217.5,130.1,-1.6,4,10238,0.750,0.000,0.033,0.199,0.054,77.8,5.3,0,-3.41,-0.445
418,7.95,0.00,218.3,130.7,-1.7,4,10110,0.800,0.000,0.031,0.190,0.058,80.7,1.1,0,-3.33,-0.500
419,7.97,0.00,219.1,131.3,-1.6,4,10123,0.850,0.000,0.058,0.180,0.065,82.6,0.1,0,-3.09,-0.500
420,7.99,0.00,219.9,131.8,-1.4,4,10352,0.900,0.000,0.086,0.170,0.071,85.0,4.3,0,-2.87,-0.500
421,8.01,0.00,220.7,132.3,-1.5,4,10478,0.750,0.000,0.100,0.160,0.074,89.3,6.7,0,-2.60,-0.500
422,8.03,0.00,221.4,132.9,-1.6,4,10351,0.800,0.000,0.110,0.149,0.077,95.8,2.8,0,-2.34,-0.500
423,8.05,0.00,222.1,133.5,-1.7,4,10341,0.850,0.000,0.095,0.138,0.074,104.5,1.5,0,-2.10,-0.500
424,8.07,0.00,222.9,134.0,-1.8,4,10377,0.900,0.000,0.295,0.127,0.067,115.5,1.2,0,-1.90,0.000
425,8.09,0.00,223.6,134.5,-1.8,4,10513,0.950,0.000,0.330,0.118,0.059,132.7,4.1,0,-1.69,0.000
426,8.11,0.00,224.4,135.0,-2.1,4,10636,0.800,0.000,0.267,0.109,0.048,169.5,6.7,0,-1.39,0.000
427,8.13,0.00,225.1,135.5,-2.7,4,10580,0.850,0.000,0.185,0.102,0.034,192.4,4.3,0,-0.89,0.000
428,8.15,0.00,225.9,136.0,-3.3,4,10630,0.900,0.000,0.103,0.095,0.020,198.2,4.0,0,-0.48,0.000
429,8.17,0.00,226.6,136.5,-4.0,4,10703,0.950,0.000,0.026,0.090,0.007,200.0,4.4,0,-0.07,0.000
430,8.19,0.00,227.4,137.1,-4.4,4,10773,1.000,0.000,-0.033,0.086,-0.003,200.0,4.8,0,0.23,0.000
431,8.21,0.00,228.2,137.8,-4.5,4,10835,0.850,0.000,-0.067,0.083,-0.009,200.0,5.1,0,0.40,0.000
432,8.23,0.00,228.9,138.4,-4.1,4,10729,0.900,0.000,-0.074,0.080,-0.011,200.0,1.3,0,0.43,0.000
433,8.25,0.00,229.7,139.1,-3.3,4,10752,0.950,0.000,-0.060,0.078,-0.008,200.0,0.6,0,0.37,0.000
434,8.27,0.00,230.5,139.7,-2.4,4,10821,1.000,0.000,-0.036,0.076,-0.004,200.0,1.0,0,0.24,0.000
435,8.29,0.00,231.2,140.4,-1.5,4,10904,1.000,0.000,-0.011,0.075,-0.000,198.9,1.8,0,0.06,0.000
436,8.31,0.00,232.0,140.7,-0.9,5,9791,1.000,0.000,0.007,0.073,0.003,197.3,-9.7,0,-0.01,0.000
437,8.33,0.00,232.8,140.6,-0.4,5,9795,1.000,0.000,0.017,0.072,0.005,196.0,-10.4,0,-0.06,0.000
438,8.35,0.00,233.6,140.5,-0.2,5,9370,1.000,0.000,0.019,0.071,0.005,195.1,-10.3,0,-0.07,0.000
439,8.37,0.00,234.4,140.8,-0.1,5,9749,1.000,0.000,0.016,0.071,0.004,194.5,-0.5,0,-0.06,0.000
440,8.39,0.00,235.2,141.3,-0.1,5,9817,1.000,0.000,0.009,0.070,0.003,194.0,0.5,0,-0.03,0.000
441,8.41,0.00,235.9,142.0,-0.2,5,9852,1.000,0.000,0.003,0.070,0.002,193.5,0.4,0,-0.00,0.000
442,8.43,0.00,236.7,142.6,-0.2,5,9882,1.000,0.000,-0.001,0.069,0.001,192.9,0.1,0,0.01,0.000
443,8.45,0.00,237.5,143.2,-0.2,5,9914,1.000,0.000,-0.003,0.069,0.001,192.2,-0.2,0,0.02,0.000
444,8.47,0.00,238.3,143.8,-0.2,5,9950,1.000,0.000,-0.003,0.069,0.001,191.4,-0.4,0,0.02,0.000
445,8.49,0.00,239.1,144.4,-0.2,5,9991,1.000,0.000,-0.003,0.068,0.001,190.6,-0.4,0,0.02,0.000
446,8.51,0.00,239.9,145.0,-0.1,5,10034,1.000,0.000,-0.001,0.068,0.001,189.7,-0.4,0,0.02,0.000
447,8.53,0.00,240.7,145.6,-0.1,5,10078,1.000,0.000,-0.000,0.068,0.001,188.8,-0.3,0,0.01,0.000
448,8.55,0.00,241.6,146.2,-0.0,5,10121,1.000,0.000,0.000,0.067,0.002,188.0,-0.3,0,0.01,0.000
449,8.57,0.00,242.4,146.8,-0.0,5,10162,1.000,0.000,0.001,0.067,0.002,187.1,-0.3,0,0.01,0.000
450,8.59,0.00,243.2,147.4,-0.0,5,10202,1.000,0.000,0.001,0.067,0.002,186.3,-0.3,0,0.01,0.000
451,8.61,0.00,244.0,148.0,-0.0,5,10241,1.000,0.000,0.001,0.067,0.002,185.5,-0.4,0,0.01,0.000
452,8.63,0.00,244.8,148.6,-0.0,5,10280,1.000,0.000,0.000,0.066,0.002,184.7,-0.4,0,0.01,0.000
453,8.65,0.00,245.7,149.2,-0.0,5,10319,1.000,0.000,0.000,0.066,0.002,183.8,-0.5,0,0.01,0.000
454,8.67,0.00,246.5,149.8,-0.0,5,10362,1.000,0.000,0.000,0.066,0.001,183.0,-0.5,0,0.01,0.000
455,8.69,0.00,247.3,150.4,-0.0,5,10401,1.000,0.000,0.000,0.066,0.001,182.2,-0.5,0,0.01,0.000
456,8.71,0.00,248.2,151.0,-0.0,5,10438,1.000,0.000,-0.000,0.066,0.001,181.3,-0.6,0,0.01,0.000
457,8.73,0.00,249.0,151.6,-0.0,5,10476,1.000,0.000,-0.000,0.065,0.001,180.5,-0.7,0,0.01,0.000
458,8.75,0.00,249.8,152.1,-0.0,5,10513,1.000,0.000,-0.000,0.065,0.001,179.6,-0.8,0,0.02,0.000
459,8.77,0.00,250.7,152.7,-0.0,5,10551,1.000,0.000,0.000,0.065,0.001,178.8,-0.9,0,0.02,0.000
460,8.79,0.00,251.5,153.3,-0.0,5,10590,1.000,0.000,0.000,0.065,0.001,177.9,-0.9,0,0.02,0.000
461,8.81,0.00,252.4,153.9,-0.0,5,10630,1.000,0.000,0.000,0.065,0.001,177.0,-1.0,0,0.02,0.000
462,8.83,0.00,253.2,154.5,-0.0,5,10671,1.000,0.000,0.000,0.064,0.001,176.2,-1.0,0,0.02,0.000
463,8.85,0.00,254.1,155.1,-0.0,5,10720,1.000,0.000,0.000,0.064,0.001,175.3,-0.7,0,0.02,0.000
464,8.87,0.00,255.0,155.7,-0.0,5,10756,1.000,0.000,0.000,0.064,0.001,174.4,-0.8,0,0.02,0.000
465,8.89,0.00,255.8,156.2,-0.0,5,10792,1.000,0.000,0.000,0.064,0.001,173.6,-1.0,0,0.02,0.000
466,8.91,0.00,256.7,156.8,-0.0,5,10827,1.000,0.000,0.000,0.063,0.001,172.7,-1.1,0,0.02,0.000
467,8.93,0.00,257.6,157.4,-0.0,5,10862,1.000,0.000,0.000,0.063,0.001,171.8,-1.3,0,0.02,0.000
468,8.95,0.00,258.5,158.0,-0.0,5,10898,1.000,0.000,0.000,0.063,0.001,170.9,-1.4,0,0.02,0.000
469,8.97,0.00,259.3,158.6,-0.0,5,10936,1.000,0.000,0.000,0.063,0.001,170.0,-1.4,0,0.02,0.000
470,8.99,0.00,260.2,159.1,-0.0,5,10975,1.000,0.000,0.000,0.063,0.001,169.1,-1.5,0,0.02,0.000
471,9.01,0.00,261.1,159.7,-0.0,5,11027,1.000,0.000,0.000,0.062,0.001,168.2,-1.2,0,0.02,0.000
472,9.03,0.00,262.0,160.3,-0.0,5,11068,1.000,0.000,0.000,0.062,0.001,167.3,-1.1,0,0.02,0.000
473,9.05,0.00,262.9,160.8,-0.0,5,11102,1.000,0.000,0.000,0.062,0.001,166.4,-1.3,0,0.02,0.000
474,9.07,0.00,263.8,161.4,0.0,5,11135,1.000,0.000,0.000,0.062,0.001,165.5,-1.4,0,0.02,0.000
475,9.09,0.00,264.7,162.0,-0.0,5,11169,1.000,0.000,0.000,0.061,0.001,164.6,-1.6,0,0.02,0.000
476,9.11,0.00,265.6,162.6,0.0,5,11203,1.000,0.000,0.000,0.061,0.001,163.7,-1.7,0,0.02,0.000
477,9.13,0.00,266.5,163.1,-0.0,5,11239,1.000,0.000,0.000,0.061,0.001,162.8,-1.8,0,0.02,0.000
478,9.15,0.00,267.4,163.7,0.0,5,11277,1.000,0.000,0.000,0.061,0.001,161.9,-1.9,0,0.02,0.000
479,9.17,0.00,268.3,164.3,-0.0,5,11322,1.000,0.000,0.000,0.061,0.001,160.9,-1.8,0,0.02,0.000
480,9.19,0.00,269.2,164.8,0.0,5,11375,1.000,0.000,0.000,0.060,0.001,160.0,-1.3,0,0.02,0.000
481,9.21,0.00,270.1,165.4,-0.0,5,11407,1.000,0.000,0.000,0.060,0.001,159.1,-1.5,0,0.02,0.000
482,9.23,0.00,271.1,166.0,0.0,5,11439,1.000,0.000,0.001,0.060,0.001,158.1,-1.7,0,0.02,0.000
483,9.25,0.00,272.0,166.5,0.0,5,11471,1.000,0.000,0.000,0.060,0.001,157.2,-1.9,0,0.01,0.000
484,9.27,0.00,272.9,167.1,-0.0,5,11503,1.000,0.000,0.000,0.059,0.001,156.3,-2.1,0,0.01,0.000
485,9.29,0.00,273.8,167.7,-0.0,5,11537,1.000,0.000,0.003,0.059,0.001,155.3,-2.2,0,-0.08,0.000
486,9.31,0.00,274.8,168.2,-0.0,5,11574,1.000,0.000,0.003,0.059,0.001,154.4,-2.3,0,-0.08,0.000
487,9.33,0.00,275.7,168.8,-0.0,5,11614,1.000,0.000,0.002,0.059,0.001,153.5,-2.3,0,-0.07,0.000
488,9.35,0.00,276.6,169.3,-0.0,5,11677,1.000,0.000,0.001,0.059,0.001,152.6,-1.6,0,-0.07,0.000
489,9.37,0.00,277.6,169.9,-0.0,5,11708,1.000,0.000,-0.000,0.058,0.001,151.7,-1.8,0,-0.06,0.000
490,9.39,0.00,278.5,170.4,-0.1,5,11737,1.000,0.000,-0.001,0.058,0.001,150.8,-2.0,0,-0.06,0.000
491,9.41,0.00,279.5,170.6,-0.0,6,10751,1.000,0.000,-0.001,0.058,0.001,149.8,-11.9,0,-0.06,0.000
492,9.43,0.00,280.4,170.4,-0.0,6,10750,1.000,0.000,-0.000,0.058,0.001,148.8,-12.6,0,-0.06,0.000
493,9.45,0.00,281.4,170.3,-0.0,6,10406,1.000,0.000,0.000,0.058,0.001,147.9,-12.6,0,-0.06,0.000
494,9.47,0.00,282.3,170.5,-0.0,6,10706,1.000,0.000,0.000,0.058,0.001,146.9,-4.0,0,-0.06,0.000
495,9.49,0.00,283.3,170.9,0.0,6,10752,1.000,0.000,0.000,0.058,0.001,145.9,-3.3,0,-0.06,0.000
496,9.51,0.00,284.2,171.4,0.0,6,10782,1.000,0.000,0.000,0.058,0.001,145.0,-3.3,0,-0.06,0.000
497,9.53,0.00,285.2,171.9,0.0,6,10806,1.000,0.000,0.000,0.057,0.001,144.0,-3.5,0,-0.06,0.000
498,9.55,0.00,286.1,172.4,0.0,6,10831,1.000,0.000,0.000,0.057,0.001,143.0,-3.7,0,-0.06,0.000
499,9.57,0.00,287.1,172.9,0.0,6,10858,1.000,0.000,0.000,0.057,0.001,142.1,-3.8,0,-0.06,0.000
500,9.59,0.00,288.1,173.4,0.0,6,10886,1.000,0.000,0.000,0.057,0.001,141.1,-3.9,0,-0.05,0.000
501,9.61,0.00,289.0,173.9,0.0,6,10916,1.000,0.000,0.000,0.057,0.001,140.1,-3.9,0,-0.05,0.000
502,9.63,0.00,290.0,174.3,0.0,6,10947,1.000,0.000,0.000,0.057,0.001,139.1,-3.9,0,-0.05,0.000
503,9.65,0.00,291.0,174.8,0.0,6,10975,1.000,0.000,0.000,0.057,0.001,138.1,-4.0,0,-0.05,0.000
504,9.67,0.00,291.9,175.3,0.0,6,11004,1.000,0.000,0.000,0.056,0.001,137.2,-4.0,0,-0.05,0.000
505,9.69,0.00,292.9,175.8,0.0,6,11034,1.000,0.000,0.000,0.056,0.001,136.2,-4.0,0,-0.05,0.000
506,9.71,0.00,293.9,176.3,0.0,6,11064,1.000,0.000,0.000,0.056,0.001,135.2,-4.0,0,-0.05,0.000
507,9.73,0.00,294.9,176.7,0.0,6,11094,1.000,0.000,0.000,0.056,0.001,134.2,-4.0,0,-0.05,0.000
508,9.75,0.00,295.8,177.2,0.0,6,11124,1.000,0.000,0.000,0.056,0.001,133.2,-4.1,0,-0.05,0.000
509,9.77,0.00,296.8,177.7,-0.0,6,11153,1.000,0.000,0.000,0.056,0.001,132.2,-4.1,0,-0.04,0.000
510,9.79,0.00,297.8,178.2,0.0,6,11182,1.000,0.000,0.000,0.056,0.001,131.2,-4.1,0,-0.04,0.000
511,9.81,0.00,298.8,178.6,-0.0,6,11214,1.000,0.000,0.000,0.055,0.001,130.2,-4.1,0,-0.04,0.000
512,9.83,0.00,299.8,179.1,0.0,6,11242,1.000,0.000,-0.000,0.055,0.001,129.2,-4.1,0,-0.04,0.000
513,9.85,0.00,300.8,179.6,-0.0,6,11270,1.000,0.000,-0.000,0.055,0.001,128.2,-4.2,0,-0.04,0.000
514,9.87,0.00,301.8,180.0,0.0,6,11296,1.000,0.000,-0.000,0.055,0.001,127.2,-4.3,0,-0.04,0.000
515,9.89,0.00,302.8,180.5,-0.0,6,11324,1.000,0.000,-0.000,0.055,0.001,126.1,-4.4,0,-0.04,0.000
516,9.91,0.00,303.8,181.0,0.0,6,11352,1.000,0.000,-0.000,0.055,0.001,125.1,-4.4,0,-0.04,0.000
517,9.93,0.00,304.8,181.4,-0.0,6,11380,1.000,0.000,-0.000,0.055,0.001,124.1,-4.4,0,-0.03,0.000
518,9.95,0.00,305.8,181.9,0.0,6,11420,1.000,0.000,-0.000,0.054,0.001,123.1,-4.2,0,-0.03,0.000
519,9.97,0.00,306.8,182.4,0.0,6,11449,1.000,0.000,-0.000,0.054,0.001,122.1,-4.1,0,-0.03,0.000
520,9.99,0.00,307.8,182.8,0.0,6,11473,1.000,0.000,-0.000,0.054,0.001,121.0,-4.3,0,-0.03,0.000
521,10.01,0.00,308.9,183.3,-0.0,6,11498,1.000,0.000,-0.000,0.054,0.001,120.0,-4.5,0,-0.03,0.000
522,10.03,0.00,309.9,183.8,0.0,6,11523,1.000,0.000,-0.000,0.054,0.001,119.0,-4.6,0,-0.03,0.000
523,10.05,0.00,310.9,184.2,-0.0,6,11548,1.000,0.000,-0.000,0.054,0.001,117.9,-4.7,0,-0.03,0.000
524,10.07,0.00,311.9,184.7,0.0,6,11576,1.000,0.000,-0.000,0.054,0.001,116.9,-4.7,0,-0.03,0.000
525,10.09,0.00,313.0,185.1,-0.0,6,11615,1.000,0.000,-0.000,0.053,0.001,115.9,-4.5,0,-0.02,0.000
526,10.11,0.00,314.0,185.6,0.0,6,11654,0.000,0.048,-0.000,0.053,0.001,114.8,-4.1,0,-0.02,0.000
527,10.13,0.00,315.0,185.5,-0.0,6,11297,0.000,0.085,-0.001,0.053,0.001,113.8,-13.1,0,-0.02,0.000
528,10.15,0.00,316.1,185.0,0.0,6,11243,0.000,0.101,-0.000,0.053,0.001,112.7,-12.8,0,-0.02,0.000
529,10.17,0.00,317.1,184.4,0.0,6,11201,0.000,0.113,0.001,0.053,0.001,111.7,-12.5,0,-0.02,0.000
530,10.19,0.00,318.1,183.8,0.0,6,11159,0.000,0.124,0.001,0.053,0.001,110.6,-12.0,0,-0.02,0.000
531,10.21,0.00,319.1,183.2,0.0,6,11115,0.000,0.132,0.001,0.053,0.001,109.6,-11.8,0,-0.02,0.000
532,10.23,0.00,320.1,182.5,0.0,6,11070,0.000,0.139,0.002,0.052,0.001,108.5,-11.7,0,-0.03,0.000
533,10.25,0.00,321.1,181.8,0.0,6,11018,0.000,0.146,0.002,0.052,0.001,107.5,-11.7,0,-0.03,0.000
534,10.27,0.00,322.2,181.1,0.0,6,10975,0.000,0.150,0.001,0.052,0.001,106.5,-11.5,0,-0.03,0.000
535,10.29,0.00,323.2,180.4,0.0,6,10932,0.000,0.154,0.001,0.052,0.001,105.5,-11.3,0,-0.03,0.000
536,10.31,0.00,324.2,179.6,0.0,6,10888,0.000,0.158,0.001,0.052,0.001,104.5,-11.1,0,-0.03,0.000
537,10.33,0.00,325.2,178.9,0.0,6,10842,0.000,0.162,0.008,0.052,0.001,103.5,-10.5,0,-0.21,0.000
538,10.35,0.00,326.1,178.1,0.0,6,10796,0.000,0.164,0.007,0.051,0.001,102.5,-10.1,0,-0.21,0.000
539,10.37,0.00,327.1,177.4,0.0,6,10749,0.000,0.164,0.004,0.051,0.000,101.6,-10.0,0,-0.20,0.000
540,10.39,0.00,328.1,176.6,-0.0,6,10691,0.000,0.165,0.002,0.051,0.000,100.6,-10.4,0,-0.20,0.000
541,10.41,0.00,329.1,175.9,-0.1,6,10646,0.000,0.166,0.000,0.051,-0.000,99.7,-10.5,0,-0.19,0.000
542,10.43,0.00,330.1,175.1,-0.1,6,10604,0.000,0.168,-0.001,0.051,-0.000,98.7,-10.4,0,-0.19,0.000
543,10.45,0.00,331.0,174.3,-0.1,6,10559,0.000,0.171,-0.001,0.051,-0.000,97.7,-10.3,0,-0.19,0.000
544,10.47,0.00,332.0,173.6,-0.0,6,10513,0.000,0.174,-0.000,0.051,-0.000,96.7,-10.2,0,-0.18,0.000
545,10.49,0.00,333.0,172.8,-0.0,6,10467,0.000,0.178,0.001,0.051,-0.000,95.7,-9.4,0,-0.18,0.000
546,10.51,0.00,333.9,172.0,0.0,6,10419,0.000,0.181,0.001,0.051,-0.000,94.8,-9.1,0,-0.18,0.000
547,10.53,0.00,334.9,171.2,0.0,6,10370,0.000,0.183,0.001,0.051,0.000,93.8,-9.1,0,-0.18,0.000
548,10.55,0.00,335.8,170.5,0.0,6,10304,0.000,0.185,0.002,0.051,0.000,92.8,-9.7,0,-0.18,0.000
549,10.57,0.00,336.8,169.7,0.0,6,10260,0.000,0.186,0.001,0.051,0.000,91.9,-9.7,0,-0.18,0.000
550,10.59,0.00,337.7,168.9,0.0,6,10216,0.000,0.187,0.001,0.051,0.000,90.9,-9.6,0,-0.17,0.000
551,10.61,0.00,338.6,168.1,0.0,6,10171,0.000,0.188,0.001,0.051,0.000,90.0,-9.5,0,-0.17,0.000
552,10.63,0.00,339.6,167.3,0.0,6,10124,0.000,0.189,0.001,0.051,0.000,89.0,-9.2,0,-0.17,0.000
553,10.65,0.00,340.5,166.5,0.0,6,10078,0.000,0.191,0.001,0.051,0.000,88.1,-8.7,0,-0.17,0.000
554,10.67,0.00,341.4,165.7,0.0,6,10029,0.000,0.192,0.001,0.051,0.000,87.1,-8.6,0,-0.16,0.000
555,10.69,0.00,342.3,164.9,0.0,6,9978,0.000,0.193,0.001,0.051,0.000,86.2,-8.6,0,-0.16,0.000
556,10.71,0.00,343.3,164.1,0.0,6,9919,0.000,0.194,0.001,0.051,0.000,85.3,-9.0,0,-0.16,0.000
557,10.73,0.00,344.2,163.3,0.0,6,9873,0.000,0.195,0.001,0.051,0.000,84.4,-8.9,0,-0.15,0.000
558,10.75,0.00,345.1,162.5,0.0,6,9827,0.000,0.196,0.000,0.051,0.000,83.5,-8.8,0,-0.15,0.000
559,10.77,0.00,346.0,161.7,0.0,6,9780,0.000,0.197,0.001,0.051,0.000,82.5,-8.7,0,-0.15,0.000
560,10.79,0.00,346.9,160.9,0.0,6,9733,0.000,0.198,0.001,0.051,0.000,81.6,-8.5,0,-0.15,0.000
561,10.81,0.00,347.8,160.1,0.0,6,9685,0.000,0.200,0.001,0.051,0.000,80.7,-8.3,0,-0.15,0.000
562,10.83,0.00,348.6,159.3,0.0,6,9636,0.000,0.201,0.001,0.051,0.000,79.8,-8.2,0,-0.14,0.000
563,10.85,0.00,349.5,158.5,0.0,5,10477,0.000,0.203,0.000,0.052,0.000,78.9,-7.4,0,-0.14,0.000
564,10.87,0.00,350.4,157.8,0.0,5,10446,0.000,0.207,0.000,0.052,0.000,78.0,-7.3,0,-0.14,0.000
565,10.89,0.00,351.3,157.0,0.0,5,10350,0.000,0.209,0.000,0.052,0.000,77.2,-8.0,0,-0.13,0.000
566,10.91,0.00,352.2,156.2,0.0,5,10288,0.000,0.208,-0.000,0.051,0.000,76.3,-8.2,0,-0.13,0.000
567,10.93,0.00,353.0,155.3,-0.0,5,10233,0.000,0.207,-0.001,0.051,-0.000,75.4,-8.2,0,-0.13,0.000
568,10.95,0.00,353.9,154.5,-0.0,5,10178,0.000,0.206,-0.001,0.051,-0.000,74.6,-8.2,0,-0.12,0.000
569,10.97,0.00,354.7,153.7,-0.0,5,10124,0.000,0.206,-0.002,0.051,-0.000,73.7,-8.0,0,-0.12,0.000
570,10.99,0.00,355.6,152.8,-0.0,5,10070,0.000,0.206,-0.002,0.051,-0.000,72.8,-7.9,0,-0.11,0.000
571,11.01,0.00,356.4,152.0,-0.0,5,10015,0.000,0.206,-0.002,0.051,-0.000,72.0,-7.8,0,-0.11,0.000
572,11.03,0.00,357.3,151.2,-0.0,5,9956,0.000,0.207,-0.001,0.051,-0.000,71.1,-8.0,0,-0.11,0.000
573,11.05,0.00,358.1,150.4,-0.0,5,9902,0.000,0.207,-0.001,0.051,-0.000,70.3,-7.9,0,-0.11,0.000
574,11.07,0.00,358.9,149.6,-0.0,5,9850,0.000,0.208,-0.001,0.051,0.000,69.4,-7.8,0,-0.12,0.000
575,11.09,0.00,359.8,148.7,-0.0,5,9797,0.000,0.208,-0.001,0.051,-0.000,68.6,-7.7,0,-0.12,0.000
576,11.11,0.00,360.6,147.9,-0.0,5,9744,0.000,0.208,-0.001,0.051,-0.000,67.7,-7.7,0,-0.12,0.000
577,11.13,0.00,361.4,147.1,-0.0,5,9690,0.000,0.209,-0.000,0.051,-0.000,66.9,-7.5,0,-0.14,0.000
578,11.15,0.00,362.2,146.3,-0.0,5,9636,0.000,0.210,0.014,0.051,-0.000,66.1,-7.3,0,-0.55,0.000
579,11.17,0.00,363.0,145.5,0.0,5,9582,0.000,0.208,0.011,0.051,-0.001,65.3,-7.2,0,-0.54,0.000
580,11.19,0.00,363.8,144.7,-0.0,5,9529,0.000,0.205,0.007,0.051,-0.001,64.6,-7.2,0,-0.53,0.000
581,11.21,0.00,364.6,143.9,-0.1,5,9473,0.000,0.202,0.002,0.052,-0.002,63.9,-7.4,0,-0.52,0.000
582,11.23,0.00,365.4,143.1,-0.2,5,9424,0.000,0.201,-0.001,0.052,-0.003,63.1,-7.4,0,-0.51,0.000
583,11.25,0.00,366.2,142.3,-0.2,5,9374,0.000,0.201,-0.004,0.052,-0.003,62.3,-7.4,0,-0.50,0.000
584,11.27,0.00,367.0,141.5,-0.2,5,9324,0.000,0.203,-0.004,0.052,-0.003,61.6,-7.3,0,-0.50,0.000
585,11.29,0.00,367.8,140.8,-0.1,5,9273,0.000,0.206,-0.004,0.053,-0.003,60.8,-7.2,0,-0.49,0.000
586,11.31,0.00,368.6,140.0,-0.1,5,9221,0.000,0.209,-0.003,0.053,-0.003,59.9,-7.0,0,-0.49,0.000
587,11.33,0.00,369.4,139.2,-0.1,5,9168,0.000,0.212,-0.003,0.053,-0.003,59.1,-6.7,0,-0.49,0.000
588,11.35,0.00,370.1,138.4,-0.0,5,9114,0.000,0.215,-0.002,0.054,-0.003,58.3,-6.6,0,-0.48,0.000
589,11.37,0.00,370.9,137.6,-0.0,5,9060,0.000,0.217,-0.001,0.054,-0.003,57.6,-6.5,0,-0.48,0.000
590,11.39,0.00,371.7,136.8,-0.0,5,9002,0.000,0.219,-0.001,0.054,-0.003,56.8,-6.5,0,-0.47,0.000
591,11.41,0.00,372.4,136.0,-0.0,5,8949,0.000,0.220,-0.001,0.055,-0.002,56.0,-6.5,0,-0.47,0.000
592,11.43,0.00,373.2,135.2,-0.0,5,8896,0.000,0.221,-0.001,0.055,-0.002,55.2,-6.4,0,-0.46,0.000
593,11.45,0.00,373.9,134.4,-0.0,5,8844,0.000,0.222,-0.001,0.055,-0.002,54.5,-6.3,0,-0.46,0.000
594,11.47,0.00,374.7,133.6,-0.0,5,8791,0.000,0.223,-0.001,0.055,-0.002,53.7,-6.2,0,-0.45,0.000
595,11.49,0.00,375.4,132.8,-0.0,5,8737,0.000,0.225,-0.002,0.056,-0.002,53.0,-6.1,0,-0.45,0.000
596,11.51,0.00,376.1,131.9,-0.0,5,8683,0.000,0.226,-0.002,0.056,-0.002,52.2,-5.9,0,-0.44,0.000
597,11.53,0.00,376.9,131.1,-0.0,5,8629,0.000,0.227,-0.001,0.056,-0.002,51.5,-5.7,0,-0.44,0.000
598,11.55,0.00,377.6,130.3,-0.0,5,8575,0.000,0.228,-0.001,0.057,-0.002,50.7,-5.7,0,-0.43,0.000
599,11.57,0.00,378.3,129.5,-0.0,5,8521,0.000,0.229,-0.001,0.057,-0.002,50.0,-5.6,0,-0.43,0.000
600,11.59,0.00,379.0,128.7,-0.0,4,9454,0.000,0.232,-0.001,0.057,-0.002,49.3,-5.1,0,-0.43,0.000
601,11.61,0.00,379.7,127.9,-0.0,4,9429,0.000,0.234,-0.001,0.057,-0.002,48.5,-4.9,0,-0.43,0.000
602,11.63,0.00,380.5,127.1,-0.0,4,9296,0.000,0.237,-0.001,0.058,-0.002,47.8,-5.6,0,-0.43,0.000
603,11.65,0.00,381.2,126.3,0.0,4,9227,0.000,0.236,-0.000,0.058,-0.002,47.1,-5.7,0,-0.43,0.000
604,11.67,0.00,381.9,125.4,0.0,4,9165,0.000,0.235,0.001,0.058,-0.002,46.4,-5.7,0,-0.44,0.000
605,11.69,0.00,382.6,124.6,0.0,4,9103,0.000,0.235,0.002,0.058,-0.002,45.7,-5.7,0,-0.48,0.000
606,11.71,0.00,383.2,123.7,0.0,4,9042,0.000,0.234,0.035,0.058,-0.002,45.0,-5.5,0,-1.41,0.000
607,11.73,0.00,383.9,122.9,0.1,4,8981,0.000,0.231,0.031,0.059,-0.003,44.3,-5.3,0,-1.40,0.000
608,11.75,0.00,384.6,122.1,0.0,4,8921,0.000,0.223,0.022,0.059,-0.004,43.8,-5.4,0,-1.38,0.000
609,11.77,0.00,385.3,121.2,-0.1,4,8865,0.000,0.217,0.012,0.060,-0.006,43.2,-5.6,0,-1.37,0.000
610,11.79,0.00,386.0,120.5,-0.2,4,8808,0.000,0.212,0.004,0.060,-0.008,42.6,-5.7,0,-1.35,0.000
611,11.81,0.00,386.6,119.7,-0.2,4,8753,0.000,0.211,-0.002,0.061,-0.009,42.0,-5.8,0,-1.34,0.000
612,11.83,0.00,387.3,118.9,-0.3,4,8700,0.000,0.212,-0.005,0.062,-0.010,41.4,-5.7,0,-1.33,0.000
613,11.85,0.00,387.9,118.2,-0.2,4,8645,0.000,0.215,-0.007,0.063,-0.010,40.7,-5.6,0,-1.32,0.000
614,11.87,0.00,388.6,117.4,-0.2,4,8589,0.000,0.219,-0.006,0.064,-0.010,40.1,-5.5,0,-1.32,0.000
615,11.89,0.00,389.2,116.6,-0.1,4,8531,0.000,0.223,-0.005,0.065,-0.009,39.4,-5.3,0,-1.31,0.000
616,11.91,0.00,389.9,115.8,-0.1,4,8472,0.000,0.227,-0.004,0.065,-0.009,38.7,-5.2,0,-1.31,0.000
617,11.93,0.00,390.5,115.1,-0.1,4,8412,0.000,0.231,-0.003,0.066,-0.009,38.0,-4.9,0,-1.31,0.000
618,11.95,0.00,391.2,114.3,-0.0,4,8352,0.000,0.234,-0.002,0.067,-0.009,37.4,-4.7,0,-1.31,0.000
619,11.97,0.00,391.8,113.4,-0.0,4,8291,0.000,0.236,-0.001,0.068,-0.008,36.7,-4.6,0,-1.31,0.000
620,11.99,0.00,392.4,112.6,-0.0,4,8231,0.000,0.237,-0.000,0.069,-0.008,36.1,-4.6,0,-1.32,0.000
621,12.01,0.00,393.1,111.8,-0.0,4,8170,0.000,0.239,-0.000,0.070,-0.008,35.5,-4.6,0,-1.33,0.000
622,12.03,0.00,393.7,111.0,-0.0,4,8107,0.000,0.240,0.000,0.071,-0.008,34.8,-4.6,0,-1.34,0.000
623,12.05,0.00,394.3,110.2,-0.0,4,8048,0.000,0.241,0.001,0.071,-0.008,34.2,-4.5,0,-1.37,0.000
624,12.07,0.00,394.9,109.4,-0.0,4,7989,0.000,0.241,0.003,0.072,-0.008,33.6,-4.4,0,-1.43,0.000
625,12.09,0.00,395.5,108.6,-0.0,4,7930,0.000,0.242,0.203,0.073,-0.009,33.0,-4.3,0,-3.31,0.500
626,12.11,0.00,396.1,107.8,0.3,4,7872,0.000,0.237,0.268,0.074,-0.011,32.5,-1.9,0,-3.30,0.500
627,12.13,0.00,396.7,107.0,0.4,4,7814,0.000,0.213,0.231,0.076,-0.018,32.3,-0.3,0,-3.27,0.500
628,12.15,0.00,397.3,106.1,0.1,4,7761,0.000,0.178,0.178,0.078,-0.029,32.2,-2.1,0,-3.24,0.500
629,12.17,0.00,397.9,105.4,-0.3,4,7720,0.000,0.144,0.119,0.082,-0.041,32.1,-4.5,0,-3.20,0.500
630,12.19,0.00,398.5,104.8,-0.8,4,7691,0.000,0.120,0.063,0.086,-0.052,32.1,-5.9,0,-3.16,0.500
631,12.21,0.00,399.0,104.3,-1.1,4,7667,0.000,0.109,0.017,0.090,-0.060,31.9,-6.4,0,-3.14,0.500
632,12.23,0.00,399.6,103.9,-1.3,4,7643,0.000,0.111,-0.013,0.095,-0.066,31.5,-6.4,0,-3.12,0.500
633,12.25,0.00,400.2,103.5,-1.3,4,7614,0.000,0.123,-0.029,0.100,-0.069,31.0,-6.2,0,-3.11,0.500
634,12.27,0.00,400.8,103.0,-1.1,4,7577,0.000,0.142,-0.034,0.106,-0.069,30.5,-6.0,0,-3.11,0.500
635,12.29,0.00,401.3,102.5,-0.9,4,7535,0.000,0.162,-0.032,0.111,-0.068,29.8,-5.5,0,-3.12,0.500
636,12.31,0.00,401.9,102.0,-0.6,4,7487,0.000,0.182,-0.027,0.117,-0.066,29.2,-5.1,0,-3.12,0.500
637,12.33,0.00,402.5,101.4,-0.4,4,7434,0.000,0.200,-0.021,0.123,-0.064,28.5,-4.8,0,-3.13,0.500
638,12.35,0.00,403.0,100.7,-0.2,4,7378,0.000,0.214,-0.016,0.128,-0.063,27.9,-4.5,0,-3.14,0.500
639,12.37,0.00,403.6,100.0,-0.1,4,7321,0.000,0.226,-0.013,0.134,-0.061,27.3,-4.2,0,-3.14,0.500
640,12.39,0.00,404.1,99.3,-0.0,4,7261,0.000,0.235,-0.010,0.139,-0.060,26.7,-4.0,0,-3.15,0.500
641,12.41,0.00,404.7,98.6,0.0,3,8903,0.000,0.242,-0.008,0.145,-0.059,26.1,-3.4,0,-3.16,0.500
642,12.43,0.00,405.2,97.8,0.0,3,8883,0.000,0.249,-0.008,0.150,-0.058,25.5,-2.9,0,-3.17,0.500
643,12.45,0.00,405.8,97.0,0.0,3,8692,0.000,0.254,-0.007,0.155,-0.058,24.9,-3.4,0,-3.19,0.500
644,12.47,0.00,406.3,96.2,0.1,3,8606,0.000,0.255,0.018,0.161,-0.052,24.4,-3.5,0,-3.20,0.500
645,12.49,0.00,406.9,95.3,0.1,3,8527,0.000,0.255,0.097,0.164,-0.035,23.8,-3.5,0,-3.22,0.500
646,12.51,0.00,407.4,94.5,0.3,3,8450,0.000,0.249,0.166,0.167,-0.020,23.4,-3.0,0,-3.24,0.500
647,12.53,0.00,407.9,93.6,0.4,3,8368,0.000,0.236,0.221,0.169,-0.009,23.0,-2.5,0,-3.26,0.500
648,12.55,0.00,408.5,92.8,0.3,3,8301,0.000,0.215,0.260,0.169,-0.001,22.7,-2.2,0,-3.27,0.500
649,12.57,0.00,409.0,92.0,0.2,3,8241,0.000,0.188,0.286,0.169,0.005,22.6,-2.3,0,-3.28,0.500
650,12.59,0.00,409.5,91.3,0.0,3,8188,0.000,0.159,0.302,0.169,0.008,22.5,-2.8,0,-3.29,0.500
651,12.61,0.00,410.0,90.6,-0.2,3,8142,0.000,0.130,0.310,0.168,0.010,22.4,-3.4,0,-3.30,0.500
652,12.63,0.00,410.6,90.0,-0.5,3,8105,0.000,0.100,0.311,0.167,0.010,22.5,-4.1,0,-3.31,0.500
653,12.65,0.00,411.1,89.5,-0.7,3,8076,0.000,0.073,0.307,0.165,0.009,22.5,-4.9,0,-3.31,0.500
654,12.67,0.00,411.6,89.1,-1.0,3,8053,0.000,0.047,0.301,0.164,0.007,22.5,-5.5,0,-3.32,0.500
655,12.69,0.00,412.1,88.8,-1.3,3,8037,0.000,0.025,0.292,0.162,0.005,22.6,-6.1,0,-3.32,0.500
656,12.71,0.00,412.6,88.5,-1.6,3,8026,0.000,0.006,0.283,0.160,0.003,22.7,-6.5,0,-3.33,0.500
657,12.73,0.00,413.1,88.3,-1.8,3,8019,0.050,0.000,0.275,0.159,0.001,22.7,-6.9,0,-3.33,0.500
658,12.75,0.00,413.6,88.1,-2.0,3,8042,0.100,0.000,0.269,0.157,-0.001,22.8,-6.4,0,-3.34,0.500
659,12.77,0.00,414.1,88.0,-2.1,3,8067,0.150,0.000,0.265,0.155,-0.002,22.8,-5.7,0,-3.34,0.500
660,12.79,0.00,414.6,88.0,-2.1,3,8097,0.200,0.000,0.263,0.153,-0.002,22.9,-5.0,0,-3.35,0.500
661,12.81,0.00,415.1,88.0,-2.2,3,8130,0.250,0.000,0.264,0.151,-0.003,22.9,-4.2,0,-3.36,0.500
662,12.83,0.00,415.6,88.0,-2.1,3,8168,0.300,0.000,0.268,0.149,-0.002,22.8,-3.5,0,-3.37,0.500
663,12.85,0.00,416.1,88.1,-2.1,3,8211,0.350,0.000,0.274,0.148,-0.001,22.8,-2.7,0,-3.38,0.500
664,12.87,0.00,416.6,88.3,-2.0,3,8258,0.400,0.000,0.281,0.146,0.000,22.8,-2.0,0,-3.39,0.500
665,12.89,0.00,417.1,88.4,-1.9,3,8310,0.450,0.000,0.290,0.144,0.002,22.7,-1.2,0,-3.40,0.500
666,12.91,0.00,417.6,88.7,-1.9,3,8369,0.000,0.016,0.300,0.142,0.003,22.7,-0.4,0,-3.42,0.500
667,12.93,0.00,418.1,88.7,-1.8,3,8060,0.000,0.020,0.311,0.140,0.005,22.6,-5.9,0,-3.43,0.500
668,12.95,0.00,418.7,88.4,-1.6,3,8028,0.000,0.014,0.320,0.137,0.007,22.5,-6.1,0,-3.44,0.500
669,12.97,0.00,419.2,88.2,-1.5,3,8010,0.000,0.006,0.326,0.135,0.008,22.5,-6.3,0,-3.45,0.500
670,12.99,0.00,419.7,88.0,-1.5,3,7995,0.050,0.000,0.328,0.133,0.008,22.5,-6.6,0,-3.46,0.500
671,13.01,0.00,420.2,87.8,-1.5,3,8015,0.100,0.000,0.325,0.131,0.007,22.5,-6.2,0,-3.47,0.500
672,13.03,0.00,420.7,87.7,-1.6,3,8038,0.150,0.000,0.319,0.129,0.005,22.6,-5.6,0,-3.48,0.500
673,13.05,0.00,421.2,87.7,-1.7,3,8066,0.200,0.000,0.311,0.127,0.003,22.6,-4.9,0,-3.48,0.500
674,13.07,0.00,421.7,87.6,-1.8,3,8100,0.250,0.000,0.303,0.125,0.001,22.7,-4.2,0,-3.49,0.500
675,13.09,0.00,422.1,87.7,-1.9,3,8138,0.300,0.000,0.296,0.124,-0.000,22.8,-3.4,0,-3.49,0.500
676,13.11,0.00,422.6,87.8,-2.0,3,8181,0.350,0.000,0.290,0.122,-0.002,22.8,-2.7,0,-3.50,0.500
677,13.13,0.00,423.1,87.9,-2.0,3,8229,0.400,0.000,0.287,0.120,-0.003,22.8,-1.9,0,-3.50,0.500
678,13.15,0.00,423.6,88.1,-2.0,3,8284,0.450,0.000,0.286,0.118,-0.003,22.8,-1.1,0,-3.51,0.500
679,13.17,0.00,424.1,88.3,-2.1,3,8344,0.500,0.000,0.288,0.117,-0.003,22.8,-0.3,0,-3.52,0.500
680,13.19,0.00,424.6,88.6,-2.0,3,8412,0.550,0.000,0.293,0.115,-0.002,22.8,0.6,0,-3.53,0.500
681,13.21,0.00,425.1,88.9,-2.0,3,8489,0.000,0.017,0.300,0.113,-0.001,22.8,1.6,0,-3.54,0.500
682,13.23,0.00,425.7,88.9,-1.9,3,8090,0.000,0.024,0.308,0.111,0.000,22.7,-5.7,0,-3.55,0.500
683,13.25,0.00,426.2,88.7,-1.8,3,8050,0.000,0.017,0.317,0.110,0.002,22.7,-5.9,0,-3.56,0.500
684,13.27,0.00,426.7,88.5,-1.6,3,8032,0.000,0.007,0.322,0.108,0.003,22.6,-6.2,0,-3.58,0.500
685,13.29,0.00,427.2,88.3,-1.6,3,8018,0.050,0.000,0.323,0.106,0.002,22.6,-6.5,0,-3.58,0.500
686,13.31,0.00,427.7,88.1,-1.6,3,8038,0.100,0.000,0.320,0.104,0.001,22.7,-6.2,0,-3.59,0.500
687,13.33,0.00,428.2,88.0,-1.6,3,8061,0.150,0.000,0.312,0.103,-0.000,22.7,-5.6,0,-3.59,0.500
688,13.35,0.00,428.7,87.9,-1.7,3,8089,0.200,0.000,0.303,0.101,-0.002,22.8,-4.9,0,-3.60,0.500
689,13.37,0.00,429.1,87.9,-1.8,3,8123,0.250,0.000,0.294,0.100,-0.005,22.9,-4.2,0,-3.60,0.500
690,13.39,0.00,429.6,87.9,-1.9,3,8161,0.300,0.000,0.286,0.099,-0.007,23.0,-3.5,0,-3.60,0.500
691,13.41,0.00,430.1,88.0,-2.0,3,8204,0.350,0.000,0.279,0.097,-0.008,23.0,-2.7,0,-3.61,0.500
692,13.43,0.00,430.6,88.2,-2.0,3,8252,0.400,0.000,0.275,0.096,-0.009,23.1,-2.0,0,-3.61,0.500
693,13.45,0.00,431.1,88.3,-2.0,3,8305,0.450,0.000,0.274,0.095,-0.009,23.1,-1.2,0,-3.62,0.500
694,13.47,0.00,431.6,88.6,-2.0,3,8366,0.500,0.000,0.276,0.094,-0.009,23.1,-0.4,0,-3.62,0.500
695,13.49,0.00,432.1,88.9,-2.0,3,8433,0.550,0.000,0.281,0.093,-0.008,23.1,0.5,0,-3.63,0.500
696,13.51,0.00,432.6,89.2,-1.9,3,8509,0.000,0.012,0.287,0.091,-0.007,23.0,1.4,0,-3.64,0.500
697,13.53,0.00,433.1,89.2,-1.8,3,8118,0.000,0.019,0.295,0.090,-0.006,23.0,-5.9,0,-3.65,0.500
698,13.55,0.00,433.6,89.0,-1.6,3,8082,0.000,0.013,0.304,0.089,-0.004,22.9,-6.2,0,-3.66,0.500
699,13.57,0.00,434.2,88.8,-1.5,3,8064,0.000,0.004,0.309,0.088,-0.003,22.9,-6.4,0,-3.67,0.500
700,13.59,0.00,434.7,88.6,-1.4,3,8051,0.050,0.000,0.310,0.087,-0.004,22.9,-6.7,0,-3.68,0.500
701,13.61,0.00,435.2,88.4,-1.4,3,8070,0.100,0.000,0.306,0.086,-0.005,22.9,-6.3,0,-3.69,0.500
702,13.63,0.00,435.6,88.3,-1.5,3,8093,0.150,0.000,0.299,0.085,-0.006,23.0,-5.7,0,-3.70,0.500
703,13.65,0.00,436.1,88.3,-1.5,3,8121,0.200,0.000,0.291,0.084,-0.008,23.1,-5.0,0,-3.71,0.500
704,13.67,0.00,436.6,88.3,-1.6,3,8154,0.250,0.000,0.282,0.083,-0.010,23.2,-4.3,0,-3.73,0.500
705,13.69,0.00,437.1,88.3,-1.7,3,8192,0.300,0.000,0.275,0.082,-0.012,23.2,-3.6,0,-3.75,0.500
706,13.71,0.00,437.6,88.4,-1.7,3,8235,0.350,0.000,0.270,0.082,-0.013,23.3,-2.9,0,-3.77,0.500
707,13.73,0.00,438.1,88.6,-1.8,3,8283,0.400,0.000,0.268,0.081,-0.014,23.3,-2.2,0,-3.80,0.500
708,13.75,0.00,438.6,88.7,-1.8,3,8336,0.450,0.000,0.268,0.080,-0.014,23.3,-1.4,0,-3.83,0.500
709,13.77,0.00,439.1,89.0,-1.8,3,8396,0.500,0.000,0.270,0.080,-0.014,23.3,-0.6,0,-3.86,0.500
710,13.79,0.00,439.6,89.3,-1.7,3,8463,0.550,0.000,0.275,0.079,-0.013,23.3,0.2,0,-3.89,0.500
711,13.81,0.00,440.1,89.6,-1.7,3,8539,0.000,0.011,0.282,0.079,-0.012,23.3,1.2,0,-3.93,0.500
712,13.83,0.00,440.6,89.7,-1.6,3,8156,0.000,0.017,0.290,0.078,-0.011,23.3,-6.1,0,-3.96,0.500
713,13.85,0.00,441.2,89.5,-1.5,3,8122,0.000,0.010,0.298,0.078,-0.009,23.2,-6.4,0,-3.99,0.500
714,13.87,0.00,441.7,89.2,-1.3,3,8106,0.000,0.000,0.302,0.077,-0.009,23.2,-6.6,0,-4.02,0.500
715,13.89,0.00,442.2,89.1,-1.3,3,8094,0.050,0.000,0.302,0.076,-0.009,23.2,-7.0,0,-4.05,0.500
716,13.91,0.00,442.7,88.9,-1.3,3,8111,0.100,0.000,0.298,0.076,-0.010,23.3,-6.4,0,-4.08,0.500
717,13.93,0.00,443.2,88.8,-1.3,3,8134,0.150,0.000,0.290,0.076,-0.012,23.4,-5.8,0,-4.11,0.500
718,13.95,0.00,443.7,88.8,-1.4,3,8163,0.200,0.000,0.282,0.075,-0.014,23.4,-5.1,0,-4.13,0.500
719,13.97,0.00,444.2,88.8,-1.5,3,8196,0.250,0.000,0.274,0.075,-0.016,23.5,-4.4,0,-4.16,0.500
720,13.99,0.00,444.7,88.8,-1.6,3,8234,0.300,0.000,0.266,0.075,-0.018,23.6,-3.7,0,-4.19,0.500
721,14.01,0.00,445.2,88.9,-1.6,3,8278,0.350,0.000,0.261,0.075,-0.019,23.7,-3.0,0,-4.21,0.500
722,14.03,0.00,445.7,89.0,-1.7,3,8326,0.400,0.000,0.259,0.075,-0.020,23.7,-2.3,0,-4.24,0.500
723,14.05,0.00,446.2,89.2,-1.7,3,8380,0.450,0.000,0.259,0.075,-0.020,23.7,-1.5,0,-4.26,0.500
724,14.07,0.00,446.7,89.5,-1.7,3,8440,0.500,0.000,0.261,0.075,-0.020,23.7,-0.7,0,-4.29,0.500
725,14.09,0.00,447.2,89.8,-1.6,3,8507,0.550,0.000,0.265,0.075,-0.019,23.7,0.1,0,-4.31,0.500
726,14.11,0.00,447.7,90.1,-1.6,3,8582,0.000,0.004,0.270,0.075,-0.018,23.7,1.0,0,-4.33,0.500
727,14.13,0.00,448.2,90.2,-1.5,3,8206,0.000,0.009,0.277,0.075,-0.017,23.7,-6.4,0,-4.35,0.500
728,14.15,0.00,448.7,90.0,-1.4,3,8176,0.000,0.001,0.284,0.075,-0.015,23.7,-6.7,0,-4.37,0.500
729,14.17,0.00,449.2,89.8,-1.2,3,8163,0.050,0.000,0.288,0.075,-0.015,23.7,-7.0,0,-4.39,0.500
730,14.19,0.00,449.7,89.7,-1.2,3,8180,0.100,0.000,0.287,0.075,-0.015,23.8,-6.5,0,-4.40,0.500
731,14.21,0.00,450.2,89.6,-1.2,3,8203,0.150,0.000,0.283,0.075,-0.016,23.9,-5.9,0,-4.40,0.500
732,14.23,0.00,450.7,89.5,-1.2,3,8231,0.200,0.000,0.276,0.075,-0.017,24.1,-5.2,0,-4.40,0.500
733,14.25,0.00,451.2,89.5,-1.3,3,8264,0.250,0.000,0.269,0.076,-0.019,24.3,-4.6,0,-4.38,0.500
734,14.27,0.00,451.7,89.6,-1.4,3,8302,0.300,0.000,0.261,0.076,-0.020,24.6,-3.9,0,-4.37,0.500
735,14.29,0.00,452.2,89.7,-1.4,3,8346,0.350,0.000,0.255,0.076,-0.021,24.8,-3.2,0,-4.34,0.500
736,14.31,0.00,452.7,89.8,-1.4,3,8394,0.400,0.000,0.251,0.077,-0.022,25.1,-2.5,0,-4.31,0.500
737,14.33,0.00,453.2,90.0,-1.5,3,8449,0.450,0.000,0.249,0.077,-0.022,25.4,-1.7,0,-4.28,0.500
738,14.35,0.00,453.7,90.3,-1.5,3,8510,0.500,0.000,0.249,0.077,-0.022,25.7,-0.9,0,-4.25,0.500
739,14.37,0.00,454.2,90.6,-1.5,3,8578,0.550,0.000,0.250,0.078,-0.021,26.0,-0.1,0,-4.21,0.500
740,14.39,0.00,454.8,90.9,-1.5,3,8656,0.600,0.000,0.254,0.078,-0.020,26.2,0.9,0,-4.17,0.500
741,14.41,0.00,455.3,91.3,-1.5,3,8743,0.650,0.000,0.258,0.078,-0.019,26.4,1.9,0,-4.13,0.500
742,14.43,0.00,455.8,91.8,-1.5,3,8844,0.700,0.000,0.263,0.078,-0.017,26.6,3.1,0,-4.10,0.500
743,14.45,0.00,456.3,92.3,-1.5,3,8962,0.750,0.000,0.268,0.078,-0.016,26.7,4.5,0,-4.06,0.500
744,14.47,0.00,456.8,92.9,-1.6,3,9100,0.600,0.000,0.272,0.078,-0.015,26.9,6.3,0,-4.02,0.500
745,14.49,0.00,457.3,93.4,-1.7,3,9012,0.650,0.000,0.276,0.078,-0.014,27.0,3.7,0,-3.98,0.500
746,14.51,0.00,457.9,93.9,-1.8,3,9075,0.700,0.000,0.280,0.077,-0.013,27.1,4.0,0,-3.94,0.500
747,14.53,0.00,458.4,94.4,-1.8,3,9195,0.550,0.000,0.284,0.077,-0.012,27.2,5.4,0,-3.91,0.500
748,14.55,0.00,458.9,94.8,-1.9,3,9095,0.600,0.000,0.288,0.076,-0.011,27.3,2.7,0,-3.87,0.500
749,14.57,0.00,459.5,95.3,-1.9,3,9155,0.650,0.000,0.292,0.075,-0.010,27.4,3.0,0,-3.83,0.500
750,14.59,0.00,460.0,95.7,-2.0,3,9266,0.700,0.000,0.296,0.074,-0.009,27.5,4.3,0,-3.80,0.500
751,14.61,0.00,460.5,96.2,-2.1,3,9405,0.000,0.012,0.299,0.073,-0.008,27.6,6.2,0,-3.76,0.500
752,14.63,0.00,461.1,96.4,-2.1,3,8777,0.000,0.014,0.301,0.072,-0.007,27.7,-5.9,0,-3.72,0.500
753,14.65,0.00,461.6,96.2,-2.0,3,8723,0.050,0.000,0.304,0.070,-0.007,27.7,-6.9,0,-3.68,0.500
754,14.67,0.00,462.2,96.0,-1.9,3,8745,0.100,0.000,0.304,0.069,-0.007,27.8,-6.8,0,-3.65,0.500
755,14.69,0.00,462.7,95.8,-1.9,3,8770,0.150,0.000,0.299,0.068,-0.007,27.9,-6.2,0,-3.60,0.500
756,14.71,0.00,463.2,95.7,-2.0,3,8801,0.200,0.000,0.292,0.067,-0.009,28.0,-5.4,0,-3.56,0.500
757,14.73,0.00,463.8,95.7,-2.1,3,8838,0.250,0.000,0.283,0.066,-0.011,28.2,-4.6,0,-3.52,0.500
758,14.75,0.00,464.3,95.7,-2.2,3,8881,0.300,0.000,0.273,0.065,-0.012,28.3,-3.8,0,-3.47,0.500
759,14.77,0.00,464.9,95.8,-2.3,3,8931,0.350,0.000,0.265,0.064,-0.014,28.4,-2.9,0,-3.43,0.500
760,14.79,0.00,465.4,95.9,-2.4,3,8987,0.400,0.000,0.258,0.063,-0.015,28.5,-2.0,0,-3.39,0.500
761,14.81,0.00,465.9,96.1,-2.5,3,9051,0.450,0.000,0.252,0.062,-0.016,28.6,-1.0,0,-3.36,0.500
762,14.83,0.00,466.5,96.3,-2.5,3,9121,0.500,0.000,0.250,0.061,-0.017,28.7,-0.0,0,-3.32,0.500
763,14.85,0.00,467.0,96.6,-2.6,3,9200,0.550,0.000,0.251,0.060,-0.016,28.7,1.0,0,-3.29,0.500
764,14.87,0.00,467.6,97.0,-2.6,3,9288,0.600,0.000,0.254,0.059,-0.016,28.7,2.2,0,-3.27,0.500
765,14.89,0.00,468.1,97.4,-2.6,3,9391,0.650,0.000,0.259,0.058,-0.015,28.6,3.6,0,-3.24,0.500
766,14.91,0.00,468.7,97.9,-2.6,3,9507,0.000,0.020,0.266,0.056,-0.013,28.6,5.1,0,-3.22,0.500
767,14.93,0.00,469.2,98.0,-2.6,3,8915,0.000,0.033,0.278,0.055,-0.011,28.5,-5.8,0,-3.19,0.500
768,14.95,0.00,469.7,97.7,-2.3,3,8853,0.000,0.029,0.232,0.054,-0.020,28.4,-6.3,0,-3.17,0.500
769,14.97,0.00,470.3,97.5,-2.2,3,8827,0.000,0.024,0.178,0.054,-0.031,28.3,-6.8,0,-3.15,0.500
770,14.99,0.00,470.8,97.2,-2.1,3,8804,0.000,0.019,0.123,0.056,-0.043,28.1,-7.4,0,-3.13,0.500
771,15.01,0.00,471.4,97.0,-2.1,3,8785,0.000,0.018,0.069,0.058,-0.053,28.0,-7.8,0,-3.11,0.500
772,15.03,0.00,471.9,96.8,-2.1,3,8768,0.000,0.023,0.022,0.061,-0.063,27.8,-7.9,0,-3.10,0.500
773,15.05,0.00,472.4,96.6,-2.1,3,8751,0.000,0.036,-0.013,0.065,-0.069,27.5,-7.9,0,-3.09,0.500
774,15.07,0.00,473.0,96.4,-1.9,3,8728,0.000,0.056,-0.033,0.070,-0.073,27.1,-7.6,0,-3.08,0.500
775,15.09,0.00,473.5,96.1,-1.6,3,8698,0.000,0.081,-0.041,0.075,-0.074,26.6,-7.2,0,-3.08,0.500
776,15.11,0.00,474.0,95.8,-1.2,3,8660,0.000,0.108,-0.041,0.080,-0.073,26.0,-6.8,0,-3.09,0.500
777,15.13,0.00,474.6,95.4,-0.9,3,8613,0.000,0.135,-0.035,0.085,-0.072,25.4,-6.2,0,-3.10,0.500
778,15.15,0.00,475.1,94.9,-0.6,3,8563,0.000,0.158,-0.028,0.091,-0.070,24.8,-5.6,0,-3.11,0.500
779,15.17,0.00,475.6,94.3,-0.3,3,8506,0.000,0.178,-0.021,0.097,-0.068,24.2,-5.1,0,-3.12,0.500
780,15.19,0.00,476.1,93.7,-0.1,3,8441,0.000,0.194,-0.016,0.102,-0.066,23.6,-4.7,0,-3.13,0.500
781,15.21,0.00,476.7,93.0,-0.0,3,8370,0.000,0.206,-0.012,0.108,-0.064,23.0,-4.9,0,-3.15,0.500
782,15.23,0.00,477.2,92.3,0.1,3,8298,0.000,0.216,-0.009,0.113,-0.063,22.4,-4.9,0,-3.17,0.500
783,15.25,0.00,477.7,91.6,0.1,3,8226,0.000,0.224,-0.007,0.119,-0.062,21.9,-4.8,0,-3.20,0.500
784,15.27,0.00,478.2,90.9,0.2,3,8154,0.000,0.230,0.061,0.124,-0.048,21.4,-4.7,0,-3.23,0.500
785,15.29,0.00,478.7,90.1,0.4,3,8082,0.000,0.232,0.160,0.127,-0.027,20.9,-4.3,0,-3.27,0.500
786,15.31,0.00,479.2,89.3,0.6,3,8013,0.000,0.226,0.243,0.129,-0.009,20.5,-3.2,0,-3.31,0.500
787,15.33,0.00,479.7,88.6,0.7,3,7958,0.000,0.210,0.308,0.130,0.004,20.2,-1.9,0,-3.34,0.500
788,15.35,0.00,480.3,87.8,0.7,3,7896,0.000,0.187,0.358,0.130,0.014,20.1,-1.6,0,-3.38,0.500
789,15.37,0.00,480.8,87.1,0.7,3,7838,0.000,0.160,0.395,0.129,0.022,20.0,-1.8,0,-3.41,0.500
790,15.39,0.00,481.3,86.4,0.5,3,7785,0.000,0.131,0.421,0.127,0.027,19.9,-2.1,0,-3.44,0.500
791,15.41,0.00,481.7,85.9,0.3,3,7741,0.000,0.101,0.435,0.125,0.029,19.9,-2.7,0,-3.47,0.500
792,15.43,0.00,482.2,85.3,0.0,3,7706,0.000,0.071,0.438,0.123,0.029,20.0,-3.4,0,-3.50,0.500
793,15.45,0.00,482.7,84.9,-0.3,3,7680,0.000,0.043,0.436,0.121,0.028,20.1,-4.3,0,-3.52,0.500
794,15.47,0.00,483.2,84.6,-0.6,3,7667,0.000,0.016,0.431,0.118,0.027,20.2,-5.1,0,-3.54,0.500
795,15.49,0.00,483.7,84.3,-0.8,3,7658,0.050,0.000,0.425,0.115,0.025,20.3,-5.9,0,-3.57,0.500
796,15.51,0.00,484.2,84.1,-1.0,3,7679,0.100,0.000,0.418,0.113,0.023,20.4,-5.8,0,-3.59,0.500
797,15.53,0.00,484.6,84.0,-1.3,3,7700,0.150,0.000,0.410,0.110,0.021,20.6,-5.2,0,-3.61,0.500
798,15.55,0.00,485.1,83.9,-1.5,3,7727,0.200,0.000,0.401,0.107,0.019,20.7,-4.5,0,-3.63,0.500
799,15.57,0.00,485.6,83.8,-1.8,3,7762,0.250,0.000,0.387,0.104,0.015,20.9,-3.7,0,-3.66,0.500
800,15.59,0.00,486.1,83.8,-2.1,3,7802,0.300,0.000,0.374,0.101,0.012,21.0,-2.8,0,-3.68,0.500
801,15.61,0.00,486.6,83.9,-2.3,3,7847,0.350,0.000,0.363,0.098,0.009,21.2,-1.9,0,-3.70,0.500
802,15.63,0.00,487.0,83.9,-2.4,3,7884,0.400,0.000,0.355,0.095,0.007,21.3,-1.3,0,-3.72,0.500
803,15.65,0.00,487.5,84.1,-2.5,3,7932,0.450,0.000,0.352,0.092,0.006,21.4,-0.5,0,-3.75,0.500
804,15.67,0.00,488.0,84.3,-2.5,3,7993,0.500,0.000,0.352,0.089,0.005,21.5,0.5,0,-3.77,0.500
805,15.69,0.00,488.5,84.5,-2.5,3,8066,0.550,0.000,0.354,0.087,0.005,21.6,1.5,0,-3.80,0.500
806,15.71,0.00,488.9,84.7,-2.6,3,8151,0.600,0.000,0.356,0.084,0.005,21.7,2.8,0,-3.82,0.500
807,15.73,0.00,489.4,85.1,-2.6,3,8246,0.650,0.000,0.354,0.081,0.004,21.7,4.2,0,-3.85,0.500
808,15.75,0.00,489.9,85.4,-2.7,3,8356,0.500,0.000,0.352,0.078,0.003,21.8,5.7,0,-3.87,0.500
809,15.77,0.00,490.4,85.8,-2.8,3,8256,0.550,0.000,0.352,0.075,0.002,21.9,3.3,0,-3.90,0.500
810,15.79,0.00,490.9,86.1,-2.8,3,8266,0.600,0.000,0.357,0.072,0.003,21.9,2.9,0,-3.93,0.500
811,15.81,0.00,491.3,86.4,-2.7,3,8336,0.650,0.000,0.365,0.070,0.004,22.0,3.7,0,-3.96,0.500
812,15.83,0.00,491.8,86.8,-2.6,3,8439,0.500,0.000,0.374,0.067,0.005,22.0,5.0,0,-3.98,0.500
813,15.85,0.00,492.3,87.1,-2.6,3,8353,0.550,0.000,0.382,0.064,0.006,22.0,2.9,0,-4.01,0.500
814,15.87,0.00,492.8,87.4,-2.5,3,8404,0.000,0.001,0.387,0.061,0.007,22.1,3.2,0,-4.04,0.500
815,15.89,0.00,493.3,87.5,-2.4,3,7980,0.000,0.000,0.391,0.058,0.007,22.1,-5.2,0,-4.07,0.500
816,15.91,0.00,493.8,87.3,-2.3,3,7933,0.050,0.000,0.394,0.055,0.007,22.1,-6.1,0,-4.09,0.500
817,15.93,0.00,494.3,87.1,-2.1,3,7947,0.100,0.000,0.396,0.053,0.007,22.2,-5.7,0,-4.12,0.500
818,15.95,0.00,494.8,86.9,-2.0,3,7967,0.150,0.000,0.395,0.050,0.006,22.3,-5.0,0,-4.14,0.500
819,15.97,0.00,495.3,86.8,-1.9,3,7993,0.200,0.000,0.390,0.048,0.005,22.4,-4.4,0,-4.16,0.500
820,15.99,0.00,495.7,86.8,-1.9,3,8025,0.250,0.000,0.382,0.046,0.003,22.6,-3.7,0,-4.18,0.500
821,16.01,0.00,496.3,86.7,-2.0,3,8064,0.300,0.000,0.369,0.043,-0.000,22.8,-2.9,0,-4.20,0.500
822,16.03,0.00,496.8,86.8,-2.1,3,8110,0.350,0.000,0.351,0.041,-0.004,23.0,-2.1,0,-4.22,0.500
823,16.06,0.00,497.4,86.9,-2.3,3,8164,0.400,0.000,0.334,0.040,-0.008,23.2,-1.2,0,-4.24,0.500
824,16.08,0.00,497.9,87.1,-2.4,3,8214,0.450,0.000,0.319,0.038,-0.012,23.4,-0.5,0,-4.26,0.500
825,16.10,0.00,498.4,87.3,-2.4,3,8270,0.500,0.000,0.309,0.037,-0.014,23.6,0.3,0,-4.28,0.500
826,16.12,0.00,499.0,87.5,-2.4,3,8342,0.550,0.000,0.303,0.036,-0.016,23.8,1.2,0,-4.30,0.500
827,16.14,0.00,499.5,87.9,-2.4,3,8429,0.600,0.000,0.299,0.035,-0.017,23.9,2.3,0,-4.31,0.500
828,16.17,0.00,500.0,88.2,-2.4,3,8532,0.650,0.000,0.296,0.034,-0.018,24.1,3.7,0,-4.34,0.500
829,16.19,0.00,500.6,88.7,-2.5,3,8652,0.500,0.000,0.290,0.033,-0.019,24.2,5.3,0,-4.36,0.500
830,16.21,0.00,501.1,89.1,-2.5,3,8546,0.550,0.000,0.286,0.032,-0.021,24.3,2.5,0,-4.39,0.500
831,16.23,0.00,501.7,89.5,-2.5,3,8576,0.600,0.000,0.285,0.031,-0.021,24.4,2.4,0,-4.42,0.500
832,16.25,0.00,502.2,89.9,-2.4,3,8653,0.650,0.000,0.289,0.030,-0.021,24.5,3.1,0,-4.46,0.500
833,16.28,0.00,502.8,90.3,-2.3,3,8763,0.700,0.000,0.293,0.030,-0.020,24.6,4.5,0,-4.50,0.500
834,16.30,0.00,503.3,90.8,-2.3,3,8892,0.550,0.000,0.296,0.029,-0.020,24.7,6.1,0,-4.54,0.500
835,16.32,0.00,503.9,91.3,-2.3,3,8799,0.600,0.000,0.295,0.029,-0.021,24.8,3.5,0,-4.59,0.500
836,16.34,0.00,504.5,91.7,-2.3,3,8869,0.650,0.000,0.293,0.028,-0.021,24.9,4.0,0,-4.65,0.500
837,16.36,0.00,505.0,92.2,-2.4,3,8977,0.000,0.002,0.292,0.028,-0.022,25.1,5.2,0,-4.71,0.500
838,16.39,0.00,505.6,92.3,-2.3,3,8408,0.000,0.000,0.294,0.027,-0.022,25.2,-6.2,0,-4.78,0.500
839,16.41,0.00,506.2,92.1,-2.0,3,8368,0.050,0.000,0.298,0.027,-0.022,25.2,-7.1,0,-4.86,0.500
840,16.43,0.00,506.7,91.9,-1.9,3,8382,0.100,0.000,0.299,0.027,-0.023,25.4,-6.5,0,-4.94,0.500
841,16.45,0.00,507.3,91.8,-1.8,3,8404,0.150,0.000,0.295,0.028,-0.024,25.6,-5.8,0,-5.05,0.500
842,16.47,0.00,507.9,91.7,-1.8,3,8433,0.200,0.000,0.284,0.028,-0.027,25.8,-5.1,0,-5.18,0.500
843,16.50,0.00,508.4,91.6,-1.9,3,8468,0.250,0.000,0.273,0.029,-0.031,26.1,-4.4,0,-5.33,0.500
844,16.52,0.00,509.0,91.7,-2.0,3,8504,0.300,0.000,0.262,0.030,-0.034,26.4,-3.7,0,-5.50,0.500
845,16.54,0.00,509.5,91.7,-2.0,3,8547,0.350,0.000,0.256,0.031,-0.037,26.6,-3.0,0,-5.70,0.500
846,16.56,0.00,510.1,91.9,-2.0,3,8599,0.400,0.000,0.253,0.032,-0.039,26.9,-2.2,0,-5.92,0.500
847,16.58,0.00,510.7,92.1,-2.0,3,8658,0.450,0.000,0.253,0.034,-0.040,27.1,-1.3,0,-6.16,0.500
848,16.61,0.00,511.2,92.3,-2.0,3,8727,0.500,0.000,0.255,0.036,-0.042,27.3,-0.4,0,-6.44,0.500
849,16.63,0.00,511.8,92.6,-1.9,3,8805,0.550,0.000,0.258,0.038,-0.043,27.5,0.6,0,-6.76,0.500
850,16.65,0.00,512.4,93.0,-1.9,3,8892,0.600,0.000,0.264,0.040,-0.044,27.7,1.7,0,-7.12,0.500
851,16.67,0.00,512.9,93.5,-1.9,3,8978,0.650,0.000,0.275,0.042,-0.045,27.8,2.7,0,-7.58,0.500
852,16.69,0.00,513.5,93.9,-1.9,3,9085,0.700,0.000,0.475,0.044,-0.046,28.0,4.0,0,-13.52,0.500
853,16.72,0.00,514.1,94.5,-1.9,3,9218,0.550,0.000,0.455,0.047,-0.047,28.2,6.5,0,-13.07,0.500
854,16.74,0.00,514.7,94.9,-2.0,3,9125,0.600,0.000,0.423,0.049,-0.049,28.5,4.3,0,-12.53,0.500
855,16.76,0.00,515.3,95.3,-2.1,3,9209,0.650,0.000,0.385,0.052,-0.053,28.9,4.9,0,-11.95,0.500
856,16.78,0.00,515.9,95.7,-2.3,3,9341,0.500,0.000,0.343,0.055,-0.056,29.4,6.4,0,-11.31,0.500
857,16.80,0.00,516.4,96.1,-2.6,3,9223,0.550,0.000,0.299,0.058,-0.060,29.9,3.2,0,-10.63,0.500
858,16.83,0.00,517.0,96.5,-2.7,3,9280,0.600,0.000,0.257,0.061,-0.064,30.5,3.2,0,-9.96,0.500
859,16.85,0.00,517.6,96.9,-2.8,3,9393,0.650,0.000,0.218,0.065,-0.067,31.2,4.4,0,-9.31,0.500
860,16.87,0.00,518.2,97.4,-3.0,3,9522,0.500,0.000,0.183,0.068,-0.069,31.9,5.9,0,-8.72,0.500
861,16.89,0.00,518.8,97.9,-3.2,3,9404,0.550,0.000,0.199,0.072,-0.071,32.6,2.7,0,-9.54,0.500
862,16.91,0.00,519.4,98.3,-3.2,3,9458,0.600,0.000,0.173,0.076,-0.073,33.3,3.0,0,-9.02,0.500
863,16.94,0.00,520.1,98.7,-3.1,3,9537,0.650,0.000,0.151,0.080,-0.073,34.0,3.7,0,-8.48,0.500
864,16.96,0.00,520.7,99.3,-3.1,3,9634,0.700,0.000,0.129,0.084,-0.072,34.6,4.5,0,-7.79,0.500
865,16.98,0.00,521.3,99.9,-3.0,3,9744,0.550,0.000,0.110,0.088,-0.070,35.3,5.6,0,-7.08,0.500
866,17.00,0.00,521.9,100.4,-2.9,3,9615,0.600,0.000,0.106,0.092,-0.067,35.9,2.0,0,-6.62,0.500
867,17.02,0.00,522.5,100.9,-2.6,3,9666,0.650,0.000,0.111,0.096,-0.063,36.3,2.0,0,-6.31,0.500
868,17.05,0.00,523.1,101.5,-2.3,3,9756,0.700,0.000,0.122,0.100,-0.058,36.8,2.7,0,-6.06,0.500
869,17.07,0.00,523.8,102.1,-2.0,3,9855,0.750,0.000,0.136,0.103,-0.054,37.2,3.6,0,-5.83,0.500
870,17.09,0.00,524.4,102.8,-1.8,3,9973,0.800,0.000,0.163,0.107,-0.049,37.8,4.7,0,-6.05,0.500
871,17.11,0.00,525.0,103.5,-1.7,3,10112,0.650,0.000,0.172,0.110,-0.045,38.5,6.2,0,-5.82,0.500
872,17.13,0.00,525.7,104.1,-1.7,3,10011,0.700,0.000,0.175,0.113,-0.042,39.6,3.1,0,-5.55,0.500
873,17.16,0.00,526.3,104.7,-1.6,3,10095,0.750,0.000,0.163,0.115,-0.040,40.8,3.5,0,-5.25,0.480
874,17.18,0.00,527.0,105.4,-1.7,3,10226,0.800,0.000,0.142,0.118,-0.038,42.2,4.8,0,-4.93,0.444
875,17.20,0.00,527.6,106.1,-1.8,3,10371,0.650,0.000,0.119,0.120,-0.036,43.9,6.3,0,-4.59,0.403
876,17.22,0.00,528.3,106.7,-1.9,3,10266,0.700,0.000,0.094,0.122,-0.033,45.6,3.0,0,-4.19,0.359
877,17.24,0.00,529.0,107.4,-2.0,3,10338,0.750,0.000,0.083,0.123,-0.029,47.3,3.1,0,-3.98,0.317
878,17.27,0.00,529.6,108.0,-1.9,3,10453,0.800,0.000,0.079,0.124,-0.025,48.9,4.1,0,-3.78,0.278
879,17.29,0.00,530.3,108.8,-1.9,3,10585,0.650,0.000,0.071,0.125,-0.019,50.4,5.4,0,-3.37,0.240
880,17.31,0.00,531.0,109.4,-1.8,3,10468,0.700,0.000,0.077,0.124,-0.013,51.9,1.9,0,-3.25,0.202
881,17.33,0.00,531.7,110.1,-1.6,3,10535,0.750,0.000,0.087,0.124,-0.006,53.3,2.0,0,-3.13,0.167
882,17.35,0.00,532.3,110.3,-1.3,4,8563,0.800,0.000,0.093,0.123,0.001,54.8,-7.8,0,-2.80,0.131
883,17.38,0.00,533.0,110.2,-1.0,4,8574,0.850,0.000,0.103,0.121,0.008,56.4,-8.1,0,-2.71,0.089
884,17.40,0.00,533.7,110.1,-0.8,4,8184,0.900,0.000,0.083,0.119,0.014,59.4,-7.7,0,-2.35,0.015
885,17.42,0.00,534.4,110.4,-0.8,4,8574,0.950,0.000,-0.117,0.116,0.019,137.0,1.1,0,-2.01,-0.500
886,17.44,0.00,535.1,111.1,-1.3,4,8674,1.000,0.000,0.083,0.112,0.028,134.8,2.7,0,-1.98,0.000
887,17.46,0.00,535.8,111.8,-0.8,4,8750,1.000,0.000,-0.051,0.107,0.040,134.1,3.3,0,-2.01,-0.500
888,17.49,0.00,536.5,112.6,-0.8,4,8790,1.000,0.000,0.009,0.101,0.052,133.2,2.7,0,-2.02,-0.500
889,17.51,0.00,537.2,113.3,-0.5,4,8830,1.000,0.000,0.075,0.094,0.065,132.7,2.3,0,-2.05,-0.500
890,17.53,0.00,537.9,114.1,-0.2,4,8881,1.000,0.000,0.131,0.085,0.076,131.4,2.2,0,-2.05,-0.500
891,17.55,0.00,538.6,114.8,-0.1,4,8950,1.000,0.000,0.331,0.076,0.083,132.6,2.6,0,-1.76,0.000
892,17.57,0.00,539.3,115.5,-0.0,4,9035,1.000,0.000,0.460,0.066,0.087,132.1,4.0,0,-1.42,0.000
893,17.60,0.00,540.0,116.2,-0.3,4,9135,0.850,0.000,0.449,0.055,0.087,126.2,6.1,0,-1.05,0.000
894,17.62,0.00,540.7,116.8,-0.8,4,9121,0.900,0.000,0.390,0.045,0.078,119.1,5.0,0,-0.65,0.000
895,17.64,0.00,541.4,117.3,-1.5,4,9233,0.750,0.000,0.295,0.035,0.061,111.7,6.3,0,-0.23,0.000
896,17.66,0.00,542.1,117.8,-2.2,4,9189,0.800,0.000,0.191,0.027,0.043,104.4,3.7,0,0.33,0.000
897,17.68,0.00,542.8,118.2,-2.9,4,9275,0.850,0.000,0.108,0.020,0.026,97.6,4.2,0,0.42,0.000
898,17.71,0.00,543.6,118.7,-3.6,4,9387,0.700,0.000,0.033,0.014,0.011,91.8,5.5,0,0.51,0.000
899,17.73,0.00,544.3,119.3,-4.0,4,9311,0.750,0.000,-0.026,0.010,-0.001,87.3,2.7,0,0.62,0.000
900,17.75,0.00,545.0,119.8,-4.0,4,9335,0.800,0.000,-0.089,0.006,-0.007,84.4,2.2,0,1.52,0.000
901,17.77,0.00,545.8,120.4,-3.7,4,9373,0.850,0.000,-0.095,0.003,-0.009,83.3,1.9,0,1.52,0.000
902,17.79,0.00,546.5,121.1,-2.9,4,9421,0.900,0.000,-0.079,0.001,-0.006,83.6,1.8,0,1.50,0.000
903,17.82,0.00,547.2,121.8,-2.0,4,9483,0.950,0.000,-0.054,-0.001,-0.000,84.5,2.1,0,1.47,0.000
904,17.84,0.00,548.0,122.5,-1.2,4,9558,1.000,0.000,0.002,-0.003,0.005,85.4,2.6,0,0.57,0.000
905,17.86,0.00,548.7,123.3,-0.5,4,9639,1.000,0.000,0.020,-0.005,0.008,85.7,3.2,0,0.53,0.000
906,17.88,0.00,549.5,124.1,-0.2,4,9680,1.000,0.000,0.025,-0.006,0.009,85.3,2.7,0,0.53,0.000
907,17.90,0.00,550.3,124.9,-0.0,4,9737,1.000,0.000,-0.008,-0.007,0.008,84.3,2.6,0,1.42,0.000
908,17.93,0.00,551.0,125.7,-0.1,4,9807,1.000,0.000,-0.011,-0.008,0.008,83.4,2.7,0,1.42,0.000
909,17.95,0.00,551.8,126.5,-0.1,4,9884,1.000,0.000,-0.010,-0.010,0.008,82.6,3.1,0,1.42,0.000
910,17.97,0.00,552.6,127.3,-0.0,4,9956,1.000,0.000,-0.007,-0.011,0.009,82.0,3.4,0,1.41,0.000
911,17.99,0.00,553.3,128.1,0.0,4,10018,1.000,0.000,-0.004,-0.012,0.009,81.3,3.4,0,1.41,0.000
912,18.01,0.00,554.1,128.9,0.1,4,10075,1.000,0.000,-0.002,-0.013,0.010,80.7,3.3,0,1.40,0.000
913,18.04,0.00,554.9,129.7,0.1,4,10131,1.000,0.000,-0.000,-0.014,0.010,79.9,3.2,0,1.40,0.000
914,18.06,0.00,555.7,130.5,0.1,4,10180,1.000,0.000,0.000,-0.015,0.010,79.1,3.0,0,1.40,0.000
915,18.08,0.00,556.5,131.2,0.1,4,10226,1.000,0.000,0.001,-0.017,0.010,78.3,2.6,0,1.39,0.000
916,18.10,0.00,557.3,132.0,0.1,4,10282,1.000,0.000,0.000,-0.018,0.010,77.4,2.5,0,1.39,0.000
917,18.12,0.00,558.1,132.8,0.1,4,10344,1.000,0.000,-0.000,-0.019,0.010,76.5,2.5,0,1.39,0.000
918,18.15,0.00,558.9,133.6,0.1,4,10408,1.000,0.000,-0.001,-0.020,0.010,75.7,2.6,0,1.39,0.000
919,18.17,0.00,559.8,134.4,0.0,4,10471,1.000,0.000,-0.001,-0.022,0.009,74.8,2.7,0,1.38,0.000
920,18.19,0.00,560.6,135.1,0.0,4,10530,1.000,0.000,-0.001,-0.023,0.009,73.9,2.6,0,1.38,0.000
921,18.21,0.00,561.4,135.9,0.0,4,10588,1.000,0.000,-0.001,-0.024,0.009,73.0,2.6,0,1.38,0.000
922,18.23,0.00,562.2,136.7,0.0,4,10644,1.000,0.000,-0.001,-0.025,0.009,72.2,2.5,0,1.38,0.000
923,18.26,0.00,563.1,137.5,0.0,4,10691,1.000,0.000,-0.001,-0.027,0.009,71.3,2.2,0,1.38,0.000
924,18.28,0.00,563.9,138.2,0.0,4,10746,1.000,0.000,-0.001,-0.028,0.009,70.4,2.1,0,1.38,0.000
925,18.30,0.00,564.8,139.0,0.0,4,10803,1.000,0.000,-0.001,-0.029,0.009,69.5,2.0,0,1.38,0.000
926,18.32,0.00,565.6,139.8,0.0,4,10863,1.000,0.000,-0.002,-0.031,0.009,68.6,2.0,0,1.38,0.000
927,18.34,0.00,566.5,140.5,0.0,4,10922,1.000,0.000,-0.002,-0.032,0.009,67.7,2.0,0,1.38,0.000
928,18.37,0.00,567.3,140.9,0.0,5,9807,1.000,0.000,-0.001,-0.033,0.009,66.9,-9.9,0,1.38,0.000
929,18.39,0.00,568.2,140.7,0.0,5,9811,1.000,0.000,-0.001,-0.034,0.009,66.0,-10.4,0,1.38,0.000
930,18.41,0.00,569.1,140.6,0.0,5,9378,1.000,0.000,-0.001,-0.036,0.009,65.1,-10.2,0,1.39,0.000
931,18.43,0.00,569.9,140.9,0.0,5,9763,0.000,0.034,-0.000,-0.037,0.009,64.2,-0.3,0,1.39,0.000
932,18.45,0.00,570.8,141.0,0.0,5,9363,0.000,0.082,-0.000,-0.038,0.009,63.4,-10.2,0,1.40,0.000
933,18.48,0.00,571.6,140.5,0.0,5,9310,0.000,0.107,-0.001,-0.040,0.009,62.5,-9.5,0,1.41,0.000
934,18.50,0.00,572.5,140.0,0.0,5,9264,0.000,0.126,-0.001,-0.041,0.009,61.6,-9.0,0,1.42,0.000
935,18.52,0.00,573.4,139.4,0.0,5,9216,0.000,0.142,-0.002,-0.042,0.009,60.7,-8.6,0,1.44,0.000
936,18.54,0.00,574.2,138.8,0.0,5,9166,0.000,0.155,-0.003,-0.044,0.009,59.8,-8.3,0,1.46,0.000
937,18.56,0.00,575.1,138.1,0.0,5,9115,0.000,0.165,-0.003,-0.045,0.009,59.0,-8.0,0,1.50,0.000
938,18.59,0.00,575.9,137.3,0.0,5,9063,0.000,0.173,-0.005,-0.046,0.010,58.1,-7.7,0,1.59,0.000
939,18.61,0.00,576.7,136.6,0.0,5,9010,0.000,0.179,-0.093,-0.047,0.010,57.3,-7.5,0,3.87,-0.067
940,18.63,0.00,577.6,135.8,-0.2,5,8956,0.000,0.157,-0.085,-0.049,0.012,57.0,-6.7,0,3.88,-0.075
941,18.65,0.00,578.4,135.1,0.1,5,8916,0.000,0.101,-0.053,-0.051,0.018,57.4,-7.4,0,3.90,-0.066
942,18.67,0.00,579.2,134.5,0.5,5,8899,0.000,0.046,-0.017,-0.054,0.024,57.8,-8.7,0,3.91,-0.055
943,18.70,0.00,580.0,134.0,0.8,5,8894,0.000,0.019,0.007,-0.057,0.029,57.9,-9.7,0,3.93,-0.052
944,18.72,0.00,580.9,133.8,0.9,5,8886,0.000,0.025,0.015,-0.060,0.031,57.6,-10.2,0,3.94,-0.061
945,18.74,0.00,581.7,133.5,0.8,5,8866,0.000,0.053,0.008,-0.063,0.031,56.8,-10.0,0,3.95,-0.081
946,18.76,0.00,582.5,133.2,0.6,5,8834,0.000,0.088,-0.004,-0.067,0.031,55.8,-9.4,0,3.96,-0.105
947,18.78,0.00,583.3,132.7,0.4,5,8792,0.000,0.116,-0.015,-0.070,0.030,54.9,-8.6,0,3.97,-0.127
948,18.81,0.00,584.1,132.2,0.2,5,8745,0.000,0.131,-0.020,-0.074,0.031,54.2,-8.0,0,3.99,-0.146
949,18.83,0.00,584.9,131.6,0.2,5,8699,0.000,0.134,-0.020,-0.078,0.032,53.6,-7.8,0,4.00,-0.161
950,18.85,0.00,585.7,131.0,0.2,5,8657,0.000,0.132,-0.017,-0.082,0.034,53.0,-7.7,0,4.02,-0.174
951,18.87,0.00,586.5,130.4,0.2,5,8617,0.000,0.128,-0.013,-0.087,0.035,52.6,-7.8,0,4.04,-0.186
952,18.89,0.00,587.3,129.8,0.3,5,8579,0.000,0.127,-0.010,-0.091,0.037,52.0,-7.8,0,4.05,-0.199
953,18.92,0.00,588.1,129.2,0.3,4,9519,0.000,0.130,-0.008,-0.096,0.038,51.5,-7.2,0,4.07,-0.213
954,18.94,0.00,588.9,128.7,0.3,4,9491,0.000,0.138,-0.035,-0.100,0.034,50.9,-7.0,0,4.09,-0.228
955,18.96,0.00,589.7,128.1,0.2,4,9407,0.000,0.136,-0.067,-0.104,0.028,50.4,-7.6,0,4.11,-0.241
956,18.98,0.00,590.5,127.4,0.2,4,9356,0.000,0.112,-0.087,-0.107,0.024,50.2,-7.6,0,4.14,-0.244
957,19.00,0.00,591.2,126.8,0.3,4,9323,0.000,0.067,-0.092,-0.110,0.022,50.5,-8.0,0,4.18,-0.238
958,19.03,0.00,592.0,126.3,0.5,4,9308,0.000,0.010,-0.086,-0.113,0.022,51.1,-8.9,0,4.22,-0.223
959,19.05,0.00,592.8,126.0,0.7,4,9310,0.050,0.000,-0.072,-0.115,0.023,51.8,-10.0,0,4.27,-0.205
960,19.07,0.00,593.6,125.8,0.9,4,9323,0.100,0.000,-0.061,-0.117,0.024,52.5,-9.6,0,4.32,-0.188
961,19.09,0.00,594.3,125.7,1.1,4,9336,0.150,0.000,-0.055,-0.119,0.024,53.0,-9.1,0,4.38,-0.174
962,19.11,0.00,595.1,125.6,1.1,4,9352,0.200,0.000,-0.056,-0.121,0.023,53.4,-8.5,0,4.43,-0.165
963,19.14,0.00,595.9,125.6,1.0,4,9371,0.250,0.000,-0.059,-0.122,0.022,53.7,-8.0,0,4.48,-0.159
964,19.16,0.00,596.7,125.6,1.0,4,9395,0.300,0.000,-0.065,-0.124,0.020,53.8,-7.4,0,4.53,-0.154
965,19.18,0.00,597.4,125.7,0.9,4,9422,0.350,0.000,-0.070,-0.125,0.019,54.1,-6.8,0,4.59,-0.149
966,19.20,0.00,598.2,125.8,0.8,4,9454,0.400,0.000,-0.074,-0.127,0.017,54.3,-6.2,0,4.64,-0.142
967,19.22,0.00,599.0,126.0,0.8,4,9490,0.450,0.000,-0.072,-0.128,0.017,54.7,-5.7,0,4.67,-0.133
968,19.25,0.00,599.7,126.2,0.8,4,9530,0.500,0.000,-0.069,-0.130,0.016,55.1,-5.1,0,4.68,-0.124
969,19.27,0.00,600.5,126.4,0.8,4,9575,0.550,0.000,-0.066,-0.131,0.016,55.4,-4.5,0,4.69,-0.114
970,19.29,0.00,601.3,126.7,0.8,4,9622,0.600,0.000,-0.064,-0.132,0.015,55.8,-3.9,0,4.69,-0.105
971,19.31,0.00,602.1,127.1,0.8,4,9674,0.650,0.000,-0.061,-0.133,0.015,56.2,-3.3,0,4.69,-0.096
972,19.33,0.00,602.9,127.5,0.8,4,9731,0.700,0.000,-0.059,-0.134,0.014,56.5,-2.6,0,4.69,-0.088
973,19.36,0.00,603.6,128.0,0.8,4,9793,0.750,0.000,-0.058,-0.135,0.014,56.8,-2.0,0,4.68,-0.081
974,19.38,0.00,604.4,128.5,0.9,4,9861,0.800,0.000,-0.058,-0.136,0.013,57.0,-1.2,0,4.68,-0.074
975,19.40,0.00,605.2,129.1,0.9,4,9934,0.850,0.000,-0.058,-0.137,0.012,57.3,-0.5,0,4.67,-0.067
976,19.42,0.00,606.0,129.7,0.9,4,10013,0.900,0.000,-0.056,-0.137,0.011,57.6,0.3,0,4.66,-0.060
977,19.44,0.00,606.8,130.3,0.9,4,10100,0.950,0.000,-0.054,-0.138,0.011,57.9,1.2,0,4.65,-0.053
978,19.47,0.00,607.6,131.0,1.0,4,10192,1.000,0.000,-0.053,-0.138,0.010,58.2,2.2,0,4.64,-0.045
979,19.49,0.00,608.4,131.7,1.0,4,10292,1.000,0.000,-0.051,-0.138,0.010,58.5,3.2,0,4.63,-0.038
980,19.51,0.00,609.2,132.5,1.1,4,10356,1.000,0.000,-0.049,-0.139,0.009,58.8,3.4,0,4.61,-0.030
981,19.53,0.00,610.1,133.3,1.1,4,10412,1.000,0.000,-0.047,-0.139,0.009,59.1,3.3,0,4.60,-0.023
982,19.55,0.00,610.9,134.1,1.2,4,10469,1.000,0.000,-0.046,-0.139,0.008,59.4,3.2,0,4.59,-0.016
983,19.58,0.00,611.7,134.8,1.2,4,10525,1.000,0.000,-0.046,-0.138,0.007,59.6,3.1,0,4.58,-0.010
984,19.60,0.00,612.5,135.6,1.2,4,10582,1.000,0.000,-0.046,-0.138,0.007,59.8,3.1,0,4.57,-0.005
985,19.62,0.00,613.4,136.4,1.2,4,10639,0.000,0.025,0.037,-0.138,0.006,60.0,3.0,0,2.19,0.001
986,19.64,0.00,614.2,136.5,1.3,4,10081,0.000,0.049,-0.065,-0.137,0.003,59.7,-10.3,0,4.57,-0.008
987,19.66,0.00,615.0,136.1,0.8,4,10038,0.000,0.061,-0.089,-0.137,0.000,59.1,-9.9,0,4.59,-0.023
988,19.69,0.00,615.9,135.7,0.6,4,9999,0.000,0.024,-0.087,-0.136,-0.000,59.4,-9.7,0,4.57,-0.016
989,19.71,0.00,616.7,135.3,0.7,4,9987,0.050,0.000,0.016,-0.135,0.002,60.3,-10.6,0,2.23,0.007
990,19.73,0.00,617.5,135.1,1.2,4,10004,0.100,0.000,0.025,-0.134,0.002,60.8,-10.5,0,2.19,0.020
991,19.75,0.00,618.4,134.9,1.1,4,10016,0.150,0.000,-0.004,-0.133,-0.001,60.2,-9.9,0,2.32,0.004
992,19.77,0.00,619.2,134.8,0.8,4,10031,0.200,0.000,-0.115,-0.132,-0.005,59.3,-9.3,0,4.57,-0.018
993,19.80,0.00,620.0,134.8,0.3,4,10049,0.250,0.000,-0.127,-0.130,-0.007,59.1,-8.6,0,4.57,-0.023
994,19.82,0.00,620.9,134.7,0.3,4,10071,0.300,0.000,-0.104,-0.129,-0.005,60.0,-8.1,0,4.54,0.001
995,19.84,0.00,621.7,134.8,0.6,4,10097,0.350,0.000,0.012,-0.128,-0.001,61.5,-7.5,0,2.25,0.037
996,19.86,0.00,622.5,134.9,1.1,4,10126,0.400,0.000,0.032,-0.127,0.001,62.3,-7.0,0,2.21,0.058
997,19.88,0.00,623.3,135.0,1.2,4,10158,0.450,0.000,0.008,-0.126,-0.002,61.7,-6.5,0,2.26,0.044
998,19.91,0.00,624.2,135.2,0.8,4,10195,0.500,0.000,-0.033,-0.124,-0.007,60.7,-6.0,0,2.37,0.016
999,19.93,0.00,625.0,135.5,0.5,4,10238,0.550,0.000,-0.135,-0.123,-0.011,59.9,-5.4,0,4.50,-0.003
1000,19.95,0.00,625.8,135.8,0.2,4,10286,0.600,0.000,-0.136,-0.121,-0.011,60.0,-4.5,0,4.49,0.000
1001,19.97,0.00,626.7,136.1,0.3,4,10342,0.650,0.000,-0.030,-0.119,-0.008,61.3,-3.8,0,2.34,0.032
1002,19.99,0.00,627.5,136.5,0.8,4,10399,0.700,0.000,0.000,-0.118,-0.005,62.4,-3.3,0,2.26,0.061
1003,20.02,0.00,628.3,136.9,1.0,4,10454,0.750,0.000,-0.001,-0.116,-0.005,62.6,-2.7,0,2.26,0.065
1004,20.04,0.00,629.2,137.4,0.9,4,10516,0.800,0.000,-0.021,-0.114,-0.007,62.1,-2.1,0,2.29,0.052
1005,20.06,0.00,630.0,138.0,0.7,4,10585,0.000,0.027,-0.044,-0.112,-0.010,61.5,-1.4,0,2.35,0.038
1006,20.08,0.00,630.9,138.0,0.5,4,10187,0.000,0.041,-0.058,-0.110,-0.012,61.2,-10.4,0,2.38,0.031
1007,20.10,0.00,631.7,137.6,0.5,4,10150,0.000,0.014,-0.058,-0.108,-0.012,61.4,-10.3,0,2.37,0.035
1008,20.13,0.00,632.5,137.3,0.5,4,10137,0.050,0.000,-0.047,-0.106,-0.011,61.9,-10.9,0,2.33,0.049
1009,20.15,0.00,633.4,137.0,0.7,4,10149,0.100,0.000,-0.032,-0.103,-0.010,62.6,-10.7,0,2.29,0.065
1010,20.17,0.00,634.2,136.9,0.8,4,10160,0.150,0.000,-0.022,-0.101,-0.009,63.1,-10.1,0,2.27,0.078
1011,20.19,0.00,635.1,136.8,0.9,4,10175,0.200,0.000,-0.022,-0.099,-0.009,63.3,-9.5,0,2.26,0.083
1012,20.21,0.00,635.9,136.7,0.8,4,10193,0.250,0.000,-0.028,-0.097,-0.010,63.3,-8.9,0,2.27,0.082
1013,20.24,0.00,636.7,136.7,0.7,4,10215,0.300,0.000,-0.036,-0.095,-0.011,63.2,-8.4,0,2.28,0.080
1014,20.26,0.00,637.6,136.8,0.6,4,10240,0.350,0.000,-0.042,-0.093,-0.012,63.2,-7.8,0,2.29,0.079
1015,20.28,0.00,638.4,136.9,0.5,4,10270,0.400,0.000,-0.045,-0.090,-0.013,63.3,-7.2,0,2.29,0.082
1016,20.30,0.00,639.3,137.0,0.5,4,10303,0.450,0.000,-0.043,-0.088,-0.013,63.5,-6.7,0,2.28,0.089
1017,20.32,0.00,640.1,137.2,0.5,4,10341,0.500,0.000,-0.039,-0.086,-0.012,63.9,-6.1,0,2.27,0.097
1018,20.35,0.00,640.9,137.4,0.6,4,10384,0.550,0.000,-0.035,-0.083,-0.012,64.2,-5.5,0,2.25,0.106
1019,20.37,0.00,641.8,137.7,0.6,4,10430,0.600,0.000,-0.033,-0.081,-0.013,64.5,-4.9,0,2.24,0.113
1020,20.39,0.00,642.6,138.1,0.6,4,10481,0.650,0.000,-0.033,-0.079,-0.013,64.8,-4.3,0,2.23,0.119
1021,20.41,0.00,643.5,138.5,0.6,4,10536,0.700,0.000,-0.034,-0.076,-0.013,65.0,-3.6,0,2.23,0.124
1022,20.43,0.00,644.3,138.9,0.6,4,10596,0.750,0.000,-0.035,-0.074,-0.014,65.2,-3.0,0,2.22,0.130
1023,20.46,0.00,645.2,139.4,0.6,4,10662,0.800,0.000,-0.034,-0.071,-0.014,65.4,-2.3,0,2.21,0.136
1024,20.48,0.00,646.0,139.9,0.6,4,10732,0.850,0.000,-0.033,-0.068,-0.015,65.7,-1.6,0,2.20,0.143
1025,20.50,0.00,646.9,140.5,0.6,4,10807,0.900,0.000,-0.032,-0.066,-0.015,66.1,-0.8,0,2.19,0.151
1026,20.52,0.00,647.7,140.7,0.6,5,9712,0.950,0.000,-0.032,-0.063,-0.015,66.4,-10.0,0,2.18,0.159
1027,20.54,0.00,648.6,140.6,0.6,5,9717,1.000,0.000,-0.031,-0.060,-0.016,66.7,-10.4,0,2.17,0.167
1028,20.57,0.00,649.5,140.4,0.6,5,9369,1.000,0.000,-0.028,-0.057,-0.016,67.1,-10.2,0,2.16,0.177
1029,20.59,0.00,650.3,140.8,0.6,5,9757,1.000,0.000,-0.026,-0.054,-0.016,67.5,-0.2,0,2.15,0.187
1030,20.61,0.00,651.2,141.4,0.6,5,9824,1.000,0.000,-0.023,-0.051,-0.016,67.9,0.6,0,2.13,0.197
1031,20.63,0.00,652.1,142.1,0.7,5,9859,1.000,0.000,-0.023,-0.048,-0.017,68.2,0.3,0,2.12,0.206
1032,20.65,0.00,652.9,142.8,0.7,5,9892,1.000,0.000,-0.025,-0.045,-0.018,68.5,-0.0,0,2.12,0.211
1033,20.68,0.00,653.8,143.4,0.6,5,9928,1.000,0.000,-0.028,-0.042,-0.018,68.6,-0.3,0,2.11,0.216
1034,20.70,0.00,654.7,144.1,0.6,5,9972,1.000,0.000,-0.032,-0.038,-0.019,68.8,-0.3,0,2.11,0.221
1035,20.72,0.00,655.6,144.8,0.6,5,10019,1.000,0.000,-0.032,-0.035,-0.020,69.2,-0.3,0,2.10,0.229
1036,20.74,0.00,656.4,145.4,0.6,5,10068,1.000,0.000,-0.029,-0.031,-0.020,69.7,-0.2,0,2.08,0.241
1037,20.76,0.00,657.3,146.1,0.6,5,10115,1.000,0.000,-0.025,-0.028,-0.020,70.2,-0.2,0,2.07,0.255
1038,20.79,0.00,658.2,146.7,0.6,5,10160,0.000,0.002,-0.023,-0.024,-0.021,70.7,-0.2,0,2.05,0.269
1039,20.81,0.00,659.1,146.8,0.6,5,9763,0.050,0.000,-0.023,-0.020,-0.022,71.1,-11.4,0,2.04,0.278
1040,20.83,0.00,660.0,146.6,0.6,5,9761,0.100,0.000,-0.024,-0.016,-0.022,71.5,-11.2,0,2.03,0.287
1041,20.85,0.00,660.9,146.4,0.5,5,9768,0.150,0.000,-0.023,-0.012,-0.023,71.9,-10.7,0,2.02,0.298
1042,20.87,0.00,661.8,146.3,0.5,5,9778,0.200,0.000,-0.023,-0.008,-0.023,72.3,-10.2,0,2.00,0.307
1043,20.90,0.00,662.7,146.2,0.5,5,9791,0.250,0.000,-0.183,-0.004,-0.024,72.5,-9.7,0,1.99,0.000
1044,20.92,0.00,663.6,146.2,0.3,5,9806,0.300,0.000,-0.170,-0.000,-0.022,73.6,-8.9,0,1.91,0.000
1045,20.94,0.00,664.5,146.1,0.6,5,9824,0.350,0.000,-0.131,0.003,-0.015,76.0,-8.4,0,1.74,0.000
1046,20.96,0.00,665.4,146.2,1.1,5,9847,0.400,0.000,-0.083,0.005,-0.006,78.2,-7.9,0,1.56,0.000
1047,20.98,0.00,666.3,146.2,1.7,5,9873,0.450,0.000,-0.041,0.007,0.002,79.8,-7.3,0,1.41,0.000
1048,21.01,0.00,667.2,146.4,2.0,5,9900,0.500,0.000,-0.014,0.009,0.007,80.5,-6.9,0,1.32,0.000
1049,21.03,0.00,668.1,146.5,2.0,5,9928,0.550,0.000,-0.004,0.009,0.009,80.5,-6.4,0,1.27,0.000
1050,21.05,0.00,669.0,146.8,1.7,5,9959,0.600,0.000,-0.006,0.010,0.008,80.0,-6.0,0,1.25,0.000
1051,21.07,0.00,669.9,147.1,1.4,5,9994,0.650,0.000,-0.014,0.011,0.006,79.2,-5.5,0,1.25,0.000
1052,21.09,0.00,670.8,147.4,1.0,5,10034,0.700,0.000,-0.024,0.011,0.004,78.3,-5.0,0,1.26,0.000
1053,21.12,0.00,671.7,147.7,0.8,5,10079,0.750,0.000,-0.031,0.011,0.003,77.6,-4.5,0,1.25,0.000
1054,21.14,0.00,672.6,148.2,0.6,5,10128,0.800,0.000,-0.034,0.012,0.002,77.0,-3.9,0,1.24,0.000
1055,21.16,0.00,673.5,148.6,0.6,5,10179,0.850,0.000,-0.034,0.012,0.002,76.5,-3.3,0,1.22,0.000
1056,21.18,0.00,674.4,149.1,0.6,5,10235,0.900,0.000,-0.033,0.012,0.002,76.0,-2.7,0,1.20,0.000
1057,21.20,0.00,675.3,149.6,0.6,5,10295,0.950,0.000,-0.031,0.013,0.002,75.6,-2.1,0,1.17,0.000
1058,21.23,0.00,676.2,150.2,0.6,5,10359,1.000,0.000,-0.029,0.013,0.003,75.1,-1.4,0,1.14,0.000
1059,21.25,0.00,677.1,150.8,0.7,5,10425,0.000,0.022,-0.027,0.013,0.003,74.6,-0.8,0,1.12,0.000
1060,21.27,0.00,678.1,150.9,0.7,5,10024,0.000,0.050,-0.026,0.013,0.003,74.1,-11.2,0,1.10,0.000
1061,21.29,0.00,679.0,150.5,0.6,5,9982,0.000,0.057,-0.025,0.014,0.003,73.5,-10.9,0,1.08,0.000
1062,21.31,0.00,679.9,150.1,0.6,5,9949,0.000,0.062,-0.024,0.014,0.003,72.9,-10.8,0,1.06,0.000
1063,21.34,0.00,680.8,149.6,0.7,5,9917,0.000,0.066,-0.022,0.014,0.003,72.4,-10.8,0,1.04,0.000
1064,21.36,0.00,681.7,149.2,0.7,5,9885,0.000,0.070,-0.021,0.014,0.003,71.8,-10.7,0,1.02,0.000
1065,21.38,0.00,682.6,148.7,0.7,5,9852,0.000,0.074,-0.019,0.014,0.004,71.3,-10.6,0,1.00,0.000
1066,21.40,0.00,683.5,148.2,0.7,5,9819,0.000,0.079,-0.018,0.015,0.004,70.7,-10.4,0,0.98,0.000
1067,21.42,0.00,684.4,147.7,0.7,5,9784,0.000,0.084,-0.018,0.015,0.003,70.1,-10.3,0,0.96,0.000
1068,21.45,0.00,685.3,147.2,0.6,5,9749,0.000,0.090,-0.019,0.015,0.003,69.4,-10.1,0,0.94,0.000
1069,21.47,0.00,686.2,146.7,0.6,5,9711,0.000,0.095,-0.019,0.015,0.003,68.8,-9.9,0,0.92,0.000
1070,21.49,0.00,687.1,146.1,0.6,5,9674,0.000,0.100,-0.019,0.015,0.003,68.1,-9.7,0,0.90,0.000
1071,21.51,0.00,688.0,145.6,0.6,5,9635,0.000,0.105,-0.020,0.015,0.003,67.5,-9.6,0,0.88,0.000
1072,21.53,0.00,688.9,145.0,0.6,5,9595,0.000,0.108,-0.019,0.016,0.003,66.8,-9.5,0,0.86,0.000
1073,21.56,0.00,689.8,144.4,0.6,5,9555,0.000,0.112,-0.019,0.016,0.002,66.2,-9.3,0,0.84,0.000
1074,21.58,0.00,690.7,143.8,0.5,5,9515,0.000,0.115,-0.019,0.016,0.002,65.5,-9.2,0,0.82,0.000
1075,21.60,0.00,691.6,143.2,0.5,5,9473,0.000,0.118,-0.019,0.016,0.002,64.9,-9.1,0,0.81,0.000
1076,21.62,0.00,692.4,142.6,0.5,5,9432,0.000,0.121,-0.018,0.016,0.002,64.2,-9.0,0,0.79,0.000
1077,21.64,0.00,693.3,142.0,0.5,5,9391,0.000,0.123,-0.018,0.017,0.002,63.6,-8.9,0,0.77,0.000
1078,21.67,0.00,694.2,141.4,0.5,5,9349,0.000,0.126,-0.018,0.017,0.002,62.9,-9.0,0,0.75,0.000
1079,21.69,0.00,695.0,140.8,0.5,5,9306,0.000,0.128,-0.016,0.017,0.002,62.3,-8.9,0,0.74,0.000
1080,21.71,0.00,695.9,140.1,0.5,5,9263,0.000,0.131,-0.006,0.017,0.004,61.6,-8.7,0,0.72,0.000
1081,21.73,0.00,696.7,139.5,0.5,5,9224,0.000,0.136,0.001,0.017,0.006,60.9,-8.5,0,0.70,0.000
1082,21.75,0.00,697.6,138.8,0.5,5,9179,0.000,0.145,0.005,0.017,0.007,60.1,-8.3,0,0.70,0.000
1083,21.78,0.00,698.4,138.2,0.4,5,9130,0.000,0.156,0.006,0.016,0.007,59.2,-8.0,0,0.69,0.000
1084,21.80,0.00,699.3,137.5,0.3,5,9078,0.000,0.168,0.005,0.016,0.007,58.4,-7.7,0,0.69,0.000
1085,21.82,0.00,700.1,136.7,0.2,5,9023,0.000,0.178,0.004,0.015,0.006,57.5,-7.5,0,0.69,0.000
1086,21.84,0.00,701.0,136.0,0.1,5,8968,0.000,0.187,0.002,0.014,0.006,56.6,-7.3,0,0.69,0.000
1087,21.86,0.00,701.8,135.2,0.1,5,8911,0.000,0.194,0.001,0.014,0.006,55.7,-7.4,0,0.69,0.000
1088,21.89,0.00,702.6,134.4,0.0,5,8854,0.000,0.200,0.001,0.013,0.005,54.9,-7.1,0,0.68,0.000
1089,21.91,0.00,703.4,133.5,0.0,5,8797,0.000,0.204,0.001,0.012,0.005,54.0,-6.8,0,0.68,0.000
1090,21.93,0.00,704.2,132.7,0.0,5,8746,0.000,0.208,0.001,0.012,0.005,53.2,-6.4,0,0.68,0.000
1091,21.95,0.00,705.0,131.8,0.0,5,8688,0.000,0.211,0.001,0.011,0.005,52.4,-6.2,0,0.68,0.000
1092,21.97,0.00,705.8,131.0,0.0,5,8628,0.000,0.213,0.001,0.010,0.005,51.6,-6.0,0,0.68,0.000
1093,22.00,0.00,706.6,130.1,0.0,5,8567,0.000,0.216,0.001,0.009,0.005,50.8,-5.9,0,0.68,0.000
1094,22.02,0.00,707.4,129.2,0.0,5,8506,0.000,0.218,0.000,0.009,0.005,50.0,-5.8,0,0.69,0.000
1095,22.04,0.00,708.2,128.4,0.0,4,9435,0.000,0.221,-0.000,0.008,0.005,49.2,-5.2,0,0.71,0.000
1096,22.06,0.00,709.0,127.5,0.0,4,9408,0.000,0.225,-0.037,0.007,0.005,48.4,-5.2,0,1.76,0.000
1097,22.08,0.00,709.8,126.7,-0.1,4,9260,0.000,0.221,-0.032,0.007,0.006,47.7,-5.8,0,1.75,0.000
1098,22.11,0.00,710.6,125.7,0.0,4,9192,0.000,0.210,-0.020,0.006,0.009,47.1,-6.0,0,1.74,0.000
1099,22.13,0.00,711.3,124.8,0.2,4,9132,0.000,0.200,-0.008,0.005,0.011,46.5,-6.2,0,1.72,0.000
1100,22.15,0.00,712.1,124.0,0.3,4,9078,0.000,0.194,0.001,0.003,0.013,45.9,-6.3,0,1.70,0.000
1101,22.17,0.00,712.8,123.1,0.3,4,9020,0.000,0.194,0.006,0.002,0.014,45.2,-6.3,0,1.69,0.000
1102,22.19,0.00,713.6,122.3,0.3,4,8959,0.000,0.197,0.007,0.000,0.014,44.4,-6.2,0,1.69,0.000
1103,22.22,0.00,714.3,121.5,0.2,4,8897,0.000,0.203,0.007,-0.001,0.014,43.7,-6.1,0,1.68,0.000
1104,22.24,0.00,715.1,120.7,0.2,4,8833,0.000,0.209,0.005,-0.002,0.013,42.9,-5.9,0,1.68,0.000
1105,22.26,0.00,715.8,119.8,0.1,4,8768,0.000,0.214,0.004,-0.004,0.013,42.1,-5.7,0,1.68,0.000
1106,22.28,0.00,716.5,119.0,0.1,4,8702,0.000,0.219,0.002,-0.005,0.013,41.3,-5.4,0,1.68,0.000
1107,22.30,0.00,717.3,118.1,0.0,4,8636,0.000,0.222,0.001,-0.007,0.012,40.6,-5.3,0,1.68,0.000
1108,22.33,0.00,718.0,117.2,0.0,4,8570,0.000,0.224,0.001,-0.008,0.012,39.8,-5.2,0,1.68,0.000
1109,22.35,0.00,718.7,116.3,0.0,4,8504,0.000,0.226,0.001,-0.010,0.012,39.1,-5.1,0,1.69,0.000
1110,22.37,0.00,719.4,115.4,0.0,4,8435,0.000,0.228,0.000,-0.011,0.012,38.4,-5.1,0,1.70,0.000
1111,22.39,0.00,720.1,114.5,0.0,4,8370,0.000,0.229,0.000,-0.013,0.012,37.7,-5.0,0,1.71,0.000
1112,22.41,0.00,720.8,113.6,0.0,4,8305,0.000,0.230,-0.000,-0.014,0.012,37.0,-4.9,0,1.73,0.000
1113,22.44,0.00,721.5,112.7,0.0,4,8239,0.000,0.231,-0.001,-0.015,0.012,36.3,-4.8,0,1.76,0.000
1114,22.46,0.00,722.2,111.8,0.0,4,8173,0.000,0.232,-0.002,-0.017,0.012,35.6,-4.7,0,1.82,0.000
1115,22.48,0.00,722.9,110.9,0.0,4,8107,0.000,0.232,-0.202,-0.018,0.013,34.9,-4.5,0,3.96,-0.500
1116,22.50,0.00,723.5,110.1,-0.3,4,8044,0.000,0.224,-0.302,-0.020,0.016,34.4,-1.9,0,3.96,-0.500
1117,22.52,0.00,724.2,109.2,-0.3,4,7982,0.000,0.190,-0.258,-0.022,0.024,34.3,0.5,0,3.93,-0.500
1118,22.55,0.00,724.9,108.3,0.1,4,7930,0.000,0.141,-0.196,-0.026,0.036,34.3,-1.6,0,3.88,-0.500
1119,22.57,0.00,725.5,107.6,0.6,4,7894,0.000,0.092,-0.126,-0.030,0.050,34.5,-5.0,0,3.83,-0.500
1120,22.59,0.00,726.2,107.0,1.1,4,7877,0.000,0.057,-0.058,-0.035,0.063,34.6,-6.9,0,3.79,-0.500
1121,22.61,0.00,726.8,106.7,1.5,4,7865,0.000,0.042,0.142,-0.041,0.074,34.5,-7.6,0,1.68,0.000
1122,22.63,0.00,727.5,106.4,2.0,4,7854,0.000,0.056,0.020,-0.048,0.078,34.1,-7.4,0,3.75,-0.500
1123,22.66,0.00,728.1,106.0,1.5,4,7828,0.000,0.092,0.017,-0.055,0.077,33.4,-7.3,0,3.76,-0.500
1124,22.68,0.00,728.8,105.7,1.0,4,7787,0.000,0.124,0.014,-0.061,0.075,32.6,-6.6,0,3.78,-0.500
1125,22.70,0.00,729.4,105.2,0.7,4,7738,0.000,0.151,0.011,-0.069,0.074,31.9,-6.0,0,3.79,-0.500
1126,22.72,0.00,730.0,104.6,0.4,4,7683,0.000,0.172,0.009,-0.076,0.073,31.2,-5.5,0,3.80,-0.500
1127,22.74,0.00,730.7,103.9,0.2,4,7624,0.000,0.188,0.009,-0.083,0.072,30.5,-5.1,0,3.82,-0.500
1128,22.77,0.00,731.3,103.2,0.1,4,7564,0.000,0.202,0.009,-0.091,0.071,29.8,-4.7,0,3.83,-0.500
1129,22.79,0.00,731.9,102.5,0.1,4,7501,0.000,0.213,0.009,-0.098,0.070,29.1,-4.4,0,3.84,-0.500
1130,22.81,0.00,732.6,101.7,0.0,4,7437,0.000,0.222,-0.012,-0.105,0.065,28.4,-4.2,0,3.86,-0.500
1131,22.83,0.00,733.2,100.8,-0.1,4,7373,0.000,0.228,-0.078,-0.111,0.051,27.8,-4.1,0,3.88,-0.500
1132,22.85,0.00,733.8,100.0,-0.2,4,7307,0.000,0.225,-0.134,-0.116,0.038,27.2,-3.5,0,3.89,-0.500
1133,22.88,0.00,734.4,99.2,-0.3,3,8958,0.000,0.212,-0.174,-0.119,0.029,26.9,-2.8,0,3.90,-0.500
1134,22.90,0.00,735.0,98.4,-0.2,3,8935,0.000,0.190,-0.200,-0.122,0.024,26.6,-2.7,0,3.91,-0.500
1135,22.92,0.00,735.7,97.6,-0.0,3,8761,0.000,0.161,-0.215,-0.124,0.020,26.5,-3.9,0,3.91,-0.500
1136,22.94,0.00,736.3,96.8,0.2,3,8705,0.000,0.126,-0.220,-0.126,0.019,26.5,-4.6,0,3.91,-0.500
1137,22.96,0.00,736.9,96.2,0.4,3,8664,0.000,0.092,-0.218,-0.128,0.019,26.5,-5.4,0,3.90,-0.500
1138,22.99,0.00,737.5,95.7,0.7,3,8634,0.000,0.059,-0.211,-0.129,0.020,26.6,-6.1,0,3.90,-0.500
1139,23.01,0.00,738.0,95.2,1.0,3,8614,0.000,0.031,-0.203,-0.130,0.022,26.7,-6.7,0,3.89,-0.500
1140,23.03,0.00,738.6,94.9,1.2,3,8600,0.000,0.008,-0.195,-0.131,0.024,26.8,-7.2,0,3.88,-0.500
1141,23.05,0.00,739.2,94.7,1.3,3,8591,0.050,0.000,-0.188,-0.132,0.025,26.8,-7.6,0,3.88,-0.500
1142,23.07,0.00,739.8,94.5,1.4,3,8613,0.100,0.000,-0.185,-0.133,0.025,26.9,-7.1,0,3.88,-0.500
1143,23.10,0.00,740.4,94.4,1.4,3,8636,0.150,0.000,-0.184,-0.134,0.025,26.9,-6.4,0,3.87,-0.500
1144,23.12,0.00,741.0,94.3,1.4,3,8663,0.200,0.000,-0.186,-0.135,0.025,26.9,-5.8,0,3.87,-0.500
1145,23.14,0.00,741.6,94.3,1.3,3,8695,0.250,0.000,-0.191,-0.136,0.024,26.8,-5.1,0,3.87,-0.500
1146,23.16,0.00,742.2,94.4,1.3,3,8732,0.300,0.000,-0.198,-0.136,0.022,26.8,-4.4,0,3.88,-0.500
1147,23.18,0.00,742.8,94.5,1.2,3,8775,0.350,0.000,-0.205,-0.137,0.021,26.7,-3.8,0,3.88,-0.500
1148,23.21,0.00,743.3,94.7,1.1,3,8825,0.000,0.003,-0.212,-0.138,0.019,26.7,-3.1,0,3.88,-0.500
1149,23.23,0.00,743.9,94.6,1.0,3,8596,0.000,0.004,-0.218,-0.139,0.018,26.6,-7.5,0,3.88,-0.500
1150,23.25,0.00,744.5,94.4,1.0,3,8574,0.050,0.000,-0.221,-0.139,0.017,26.6,-7.6,0,3.88,-0.500
1151,23.27,0.00,745.1,94.2,1.0,3,8590,0.100,0.000,-0.221,-0.140,0.017,26.6,-7.0,0,3.88,-0.500
1152,23.29,0.00,745.7,94.1,1.0,3,8612,0.150,0.000,-0.218,-0.140,0.017,26.6,-6.4,0,3.88,-0.500
1153,23.32,0.00,746.3,94.1,1.1,3,8639,0.200,0.000,-0.213,-0.141,0.018,26.7,-5.7,0,3.87,-0.500
1154,23.34,0.00,746.9,94.0,1.2,3,8672,0.250,0.000,-0.209,-0.142,0.019,26.7,-5.1,0,3.87,-0.500
1155,23.36,0.00,747.5,94.1,1.2,3,8711,0.300,0.000,-0.205,-0.142,0.020,26.8,-4.4,0,3.87,-0.500
1156,23.38,0.00,748.0,94.2,1.2,3,8754,0.350,0.000,-0.204,-0.143,0.020,26.8,-3.7,0,3.87,-0.500
1157,23.40,0.00,748.6,94.4,1.3,3,8804,0.400,0.000,-0.205,-0.143,0.020,26.8,-3.0,0,3.87,-0.500
1158,23.43,0.00,749.2,94.6,1.2,3,8860,0.450,0.000,-0.208,-0.144,0.019,26.8,-2.2,0,3.87,-0.500
1159,23.45,0.00,749.8,94.9,1.2,3,8924,0.000,0.009,-0.212,-0.144,0.018,26.7,-1.4,0,3.87,-0.500
1160,23.47,0.00,750.4,94.9,1.1,3,8617,0.000,0.011,-0.218,-0.145,0.017,26.7,-7.2,0,3.87,-0.500
1161,23.49,0.00,751.0,94.6,1.1,3,8590,0.000,0.002,-0.223,-0.145,0.016,26.6,-7.4,0,3.87,-0.500
1162,23.51,0.00,751.6,94.4,1.0,3,8574,0.050,0.000,-0.224,-0.146,0.016,26.6,-7.6,0,3.87,-0.500
1163,23.54,0.00,752.2,94.2,1.1,3,8591,0.100,0.000,-0.220,-0.146,0.016,26.7,-7.1,0,3.87,-0.500
1164,23.56,0.00,752.8,94.1,1.2,3,8613,0.150,0.000,-0.214,-0.146,0.017,26.7,-6.4,0,3.87,-0.500
1165,23.58,0.00,753.3,94.1,1.2,3,8641,0.200,0.000,-0.208,-0.147,0.019,26.8,-5.7,0,3.87,-0.500
1166,23.60,0.00,753.9,94.0,1.3,3,8674,0.250,0.000,-0.203,-0.147,0.020,26.9,-5.0,0,3.86,-0.500
1167,23.62,0.00,754.5,94.1,1.4,3,8712,0.300,0.000,-0.199,-0.148,0.020,26.9,-4.3,0,3.86,-0.500
1168,23.65,0.00,755.1,94.2,1.4,3,8755,0.350,0.000,-0.198,-0.148,0.020,26.9,-3.7,0,3.86,-0.500
1169,23.67,0.00,755.7,94.4,1.3,3,8804,0.400,0.000,-0.200,-0.149,0.020,26.9,-3.0,0,3.86,-0.500
1170,23.69,0.00,756.3,94.6,1.3,3,8859,0.450,0.000,-0.205,-0.149,0.019,26.9,-2.2,0,3.86,-0.500
1171,23.71,0.00,756.9,94.9,1.2,3,8924,0.000,0.003,-0.211,-0.150,0.018,26.8,-1.4,0,3.86,-0.500
1172,23.73,0.00,757.5,94.9,1.1,3,8622,0.000,0.006,-0.218,-0.150,0.016,26.8,-7.4,0,3.87,-0.500
1173,23.76,0.00,758.1,94.7,1.1,3,8596,0.050,0.000,-0.224,-0.150,0.015,26.7,-7.5,0,3.87,-0.500
1174,23.78,0.00,758.6,94.5,1.0,3,8614,0.100,0.000,-0.225,-0.151,0.015,26.7,-7.0,0,3.87,-0.500
1175,23.80,0.00,759.2,94.4,1.0,3,8635,0.150,0.000,-0.222,-0.151,0.015,26.7,-6.4,0,3.87,-0.500
1176,23.82,0.00,759.8,94.3,1.1,3,8663,0.200,0.000,-0.217,-0.151,0.016,26.8,-5.7,0,3.86,-0.500
1177,23.84,0.00,760.4,94.3,1.2,3,8696,0.250,0.000,-0.212,-0.152,0.017,26.8,-5.0,0,3.86,-0.500
1178,23.87,0.00,761.0,94.3,1.2,3,8734,0.300,0.000,-0.207,-0.152,0.018,26.9,-4.4,0,3.86,-0.500
1179,23.89,0.00,761.6,94.5,1.3,3,8778,0.350,0.000,-0.204,-0.152,0.019,26.9,-3.6,0,3.86,-0.500
1180,23.91,0.00,762.2,94.6,1.3,3,8828,0.400,0.000,-0.203,-0.153,0.019,26.9,-2.9,0,3.86,-0.500
1181,23.93,0.00,762.8,94.8,1.3,3,8884,0.450,0.000,-0.206,-0.153,0.018,26.9,-2.2,0,3.86,-0.500
1182,23.95,0.00,763.4,95.1,1.3,3,8949,0.000,0.009,-0.210,-0.154,0.017,26.9,-1.4,0,3.86,-0.500
1183,23.98,0.00,764.0,95.1,1.2,3,8639,0.000,0.011,-0.216,-0.154,0.016,26.8,-7.3,0,3.87,-0.500
1184,24.00,0.00,764.5,94.9,1.1,3,8612,0.000,0.002,-0.221,-0.154,0.015,26.8,-7.4,0,3.88,-0.500
1185,24.02,0.00,765.1,94.6,1.1,3,8596,0.050,0.000,-0.222,-0.154,0.015,26.8,-7.6,0,3.88,-0.500
1186,24.04,0.00,765.7,94.5,1.1,3,8612,0.100,0.000,-0.220,-0.155,0.015,26.8,-7.1,0,3.89,-0.500
1187,24.06,0.00,766.3,94.4,1.2,3,8635,0.150,0.000,-0.214,-0.155,0.017,26.9,-6.4,0,3.91,-0.500
1188,24.09,0.00,766.9,94.3,1.3,3,8663,0.200,0.000,-0.208,-0.155,0.018,27.0,-5.7,0,3.92,-0.500
1189,24.11,0.00,767.5,94.3,1.3,3,8696,0.250,0.000,-0.203,-0.156,0.019,27.0,-5.0,0,3.94,-0.500
1190,24.13,0.00,768.1,94.3,1.4,3,8734,0.300,0.000,-0.201,-0.156,0.020,27.1,-4.3,0,3.96,-0.500
1191,24.15,0.00,768.7,94.4,1.4,3,8777,0.350,0.000,-0.200,-0.157,0.020,27.1,-3.7,0,3.98,-0.500
1192,24.17,0.00,769.3,94.6,1.4,3,8826,0.400,0.000,-0.203,-0.157,0.019,27.1,-2.9,0,4.01,-0.500
1193,24.20,0.00,769.9,94.8,1.3,3,8882,0.450,0.000,-0.207,-0.158,0.019,27.0,-2.2,0,4.04,-0.500
1194,24.22,0.00,770.4,95.1,1.3,3,8947,0.000,0.001,-0.214,-0.158,0.017,27.0,-1.4,0,4.07,-0.500
1195,24.24,0.00,771.0,95.1,1.2,3,8644,0.000,0.004,-0.222,-0.158,0.016,26.9,-7.5,0,4.11,-0.500
1196,24.26,0.00,771.6,94.9,1.1,3,8618,0.050,0.000,-0.228,-0.159,0.015,26.9,-7.6,0,4.15,-0.500
1197,24.28,0.00,772.2,94.7,1.1,3,8635,0.100,0.000,-0.230,-0.159,0.015,26.9,-7.1,0,4.20,-0.500
1198,24.31,0.00,772.8,94.6,1.1,3,8657,0.150,0.000,-0.228,-0.159,0.016,26.9,-6.4,0,4.26,-0.500
1199,24.33,0.00,773.4,94.5,1.1,3,8685,0.200,0.000,-0.225,-0.160,0.017,27.0,-5.7,0,4.33,-0.500
1200,24.35,0.00,774.0,94.5,1.2,3,8718,0.250,0.000,-0.220,-0.160,0.018,27.1,-5.0,0,4.41,-0.500
1201,24.37,0.00,774.6,94.6,1.3,3,8757,0.300,0.000,-0.216,-0.160,0.020,27.2,-4.3,0,4.51,-0.500
1202,24.39,0.00,775.2,94.7,1.4,3,8801,0.350,0.000,-0.215,-0.161,0.021,27.2,-3.6,0,4.61,-0.500
1203,24.42,0.00,775.8,94.8,1.4,3,8852,0.400,0.000,-0.216,-0.162,0.021,27.3,-2.8,0,4.72,-0.500
1204,24.44,0.00,776.4,95.1,1.4,3,8909,0.450,0.000,-0.219,-0.162,0.022,27.3,-2.1,0,4.84,-0.500
1205,24.46,0.00,777.0,95.3,1.4,3,8975,0.500,0.000,-0.224,-0.163,0.021,27.3,-1.2,0,4.98,-0.500
1206,24.48,0.00,777.6,95.7,1.4,3,9050,0.000,0.008,-0.231,-0.163,0.021,27.3,-0.3,0,5.13,-0.500
1207,24.50,0.00,778.1,95.7,1.3,3,8691,0.000,0.009,-0.240,-0.164,0.020,27.2,-7.2,0,5.29,-0.500
1208,24.53,0.00,778.7,95.4,1.2,3,8662,0.050,0.000,-0.248,-0.164,0.020,27.2,-7.4,0,5.47,-0.500
1209,24.55,0.00,779.3,95.2,1.2,3,8681,0.100,0.000,-0.253,-0.165,0.020,27.3,-7.0,0,5.70,-0.500
1210,24.57,0.00,779.9,95.1,1.3,3,8703,0.150,0.000,-0.255,-0.166,0.022,27.4,-6.4,0,5.97,-0.500
1211,24.59,0.00,780.5,95.0,1.3,3,8731,0.200,0.000,-0.255,-0.167,0.024,27.5,-5.6,0,6.30,-0.500
1212,24.61,0.00,781.1,95.0,1.5,3,8765,0.250,0.000,-0.255,-0.168,0.027,27.6,-4.9,0,6.70,-0.500
1213,24.64,0.00,781.7,95.0,1.6,3,8806,0.300,0.000,-0.257,-0.169,0.030,27.8,-4.1,0,7.16,-0.500
1214,24.66,0.00,782.3,95.1,1.7,3,8852,0.350,0.000,-0.262,-0.170,0.032,28.1,-3.3,0,7.69,-0.500
1215,24.68,0.00,782.9,95.2,1.8,3,8905,0.400,0.000,-0.270,-0.171,0.035,28.3,-2.4,0,8.31,-0.500
1216,24.70,0.00,783.5,95.4,1.9,3,8966,0.450,0.000,-0.284,-0.173,0.037,28.6,-1.5,0,9.02,-0.500
1217,24.72,0.00,784.1,95.7,1.9,3,9036,0.500,0.000,-0.302,-0.175,0.039,28.9,-0.4,0,9.85,-0.500
1218,24.75,0.00,784.7,96.0,2.0,3,9117,0.550,0.000,-0.326,-0.176,0.041,29.2,0.8,0,10.83,-0.500
1219,24.77,0.00,785.3,96.3,2.1,3,9213,0.600,0.000,-0.356,-0.178,0.043,29.6,2.2,0,11.99,-0.500
1220,24.79,0.00,785.9,96.7,2.2,3,9326,0.650,0.000,-0.393,-0.181,0.045,30.1,3.9,0,13.38,-0.500
1221,24.81,0.00,786.5,97.2,2.4,3,9460,0.500,0.000,-0.403,-0.183,0.048,30.7,6.0,0,14.08,-0.500
1222,24.83,0.00,787.1,97.6,2.6,3,9352,0.550,0.000,-0.381,-0.185,0.051,31.4,3.4,0,13.92,-0.500
1223,24.86,0.00,787.7,97.9,2.7,3,9416,0.600,0.000,-0.358,-0.188,0.054,32.2,3.8,0,13.73,-0.500
1224,24.88,0.00,788.4,98.3,2.9,3,9527,0.450,0.000,-0.334,-0.190,0.057,33.1,5.2,0,13.52,-0.500
1225,24.90,0.00,789.0,98.6,3.1,3,9409,0.500,0.000,-0.138,-0.193,0.061,34.2,2.2,0,8.37,-0.500
1226,24.92,0.00,789.6,99.0,3.3,3,9460,0.550,0.000,-0.068,-0.196,0.063,35.2,1.6,0,6.71,-0.500
1227,24.94,0.00,790.2,99.4,3.5,3,9533,0.600,0.000,-0.075,-0.199,0.061,36.1,2.1,0,6.78,-0.500
1228,24.97,0.00,790.8,99.9,3.3,3,9610,0.650,0.000,-0.106,-0.201,0.057,36.6,2.8,0,7.13,-0.500
1229,24.99,0.00,791.5,100.4,3.0,3,9696,0.700,0.000,-0.147,-0.203,0.051,37.0,3.6,0,7.57,-0.500
1230,25.01,0.00,792.1,101.0,2.6,3,9798,0.750,0.000,-0.192,-0.206,0.046,37.5,4.6,0,8.11,-0.500
1231,25.03,0.00,792.7,101.7,2.4,3,9922,0.600,0.000,-0.223,-0.207,0.041,38.1,6.1,0,8.36,-0.500
1232,25.05,0.00,793.4,102.2,2.2,3,9811,0.650,0.000,-0.236,-0.209,0.037,39.0,3.0,0,8.23,-0.500
1233,25.08,0.00,794.0,102.8,2.1,3,9885,0.700,0.000,-0.243,-0.211,0.034,40.2,3.4,0,8.07,-0.496
1234,25.10,0.00,794.7,103.3,2.0,3,10008,0.750,0.000,-0.231,-0.212,0.031,41.6,4.8,0,7.89,-0.460
1235,25.12,0.00,795.3,103.9,2.1,3,10154,0.600,0.000,-0.208,-0.213,0.029,43.4,6.4,0,7.67,-0.414
1236,25.14,0.00,796.0,104.5,2.3,3,10056,0.650,0.000,-0.176,-0.214,0.028,45.7,3.4,0,7.42,-0.357
1237,25.16,0.00,796.6,105.0,2.4,3,10130,0.700,0.000,-0.082,-0.214,0.026,48.3,3.6,0,5.44,-0.292
1238,25.19,0.00,797.3,105.6,2.6,3,10238,0.750,0.000,-0.043,-0.214,0.023,50.9,4.4,0,4.80,-0.229
1239,25.21,0.00,798.0,106.3,2.7,3,10350,0.600,0.000,-0.045,-0.213,0.017,52.9,5.3,0,4.73,-0.179
1240,25.23,0.00,798.6,106.9,2.5,3,10211,0.650,0.000,-0.061,-0.212,0.009,54.3,1.6,0,4.56,-0.142
1241,25.25,0.00,799.3,107.5,2.2,3,10262,0.700,0.000,-0.091,-0.210,-0.001,55.4,1.4,0,4.45,-0.115
1242,25.27,0.00,800.0,108.1,1.8,3,10362,0.750,0.000,-0.120,-0.207,-0.011,56.6,2.3,0,4.35,-0.084
1243,25.30,0.00,800.7,108.7,1.5,3,10486,0.800,0.000,-0.137,-0.204,-0.020,58.4,3.6,0,4.22,-0.039
1244,25.32,0.00,801.3,109.4,1.4,3,10630,0.650,0.000,-0.136,-0.200,-0.027,61.1,5.2,0,4.05,0.029
1245,25.34,0.00,802.0,110.1,1.4,3,10531,0.700,0.000,-0.117,-0.195,-0.034,64.8,2.1,0,3.86,0.121
1246,25.36,0.00,802.7,110.3,1.3,4,8558,0.750,0.000,-0.095,-0.190,-0.040,69.1,-7.7,0,3.70,0.226
1247,25.38,0.00,803.4,110.2,1.2,4,8568,0.800,0.000,-0.075,-0.183,-0.048,73.4,-8.1,0,3.57,0.336
1248,25.41,0.00,804.1,110.1,1.2,4,8184,0.850,0.000,-0.056,-0.176,-0.056,78.0,-7.7,0,3.43,0.450
1249,25.43,0.00,804.8,110.4,1.2,4,8548,0.900,0.000,-0.068,-0.168,-0.065,82.4,0.6,0,3.08,0.500
1250,25.45,0.00,805.5,111.0,1.1,4,8644,0.950,0.000,-0.106,-0.159,-0.075,87.2,2.0,0,2.72,0.500
1251,25.47,0.00,806.2,111.7,1.0,4,8728,1.000,0.000,-0.138,-0.149,-0.082,93.7,2.9,0,2.41,0.500
1252,25.49,0.00,806.9,112.3,1.0,4,8821,1.000,0.000,-0.098,-0.139,-0.075,103.6,4.0,0,2.13,0.500
1253,25.52,0.00,807.5,113.1,1.2,4,8883,1.000,0.000,-0.298,-0.130,-0.067,117.0,4.1,0,1.88,0.000
1254,25.54,0.00,808.2,113.8,1.2,4,8948,0.850,0.000,-0.321,-0.121,-0.058,137.4,5.1,0,1.64,0.000
1255,25.56,0.00,808.9,114.4,1.3,4,8909,0.900,0.000,-0.256,-0.114,-0.046,177.8,3.4,0,1.34,0.000
1256,25.58,0.00,809.6,115.0,1.5,4,9001,0.950,0.000,-0.179,-0.108,-0.034,200.0,4.1,0,0.84,0.000
1257,25.60,0.00,810.3,115.6,2.0,4,9123,0.800,0.000,-0.102,-0.103,-0.020,200.0,5.4,0,0.46,0.000
1258,25.63,0.00,811.0,116.2,2.4,4,9074,0.850,0.000,-0.031,-0.099,-0.008,200.0,2.9,0,0.08,0.000
1259,25.65,0.00,811.8,116.8,2.7,4,9121,0.900,0.000,0.021,-0.096,0.001,200.0,2.8,0,-0.19,0.000
1260,25.67,0.00,812.5,117.4,2.7,4,9184,0.950,0.000,0.049,-0.093,0.006,200.0,3.1,0,-0.34,0.000
1261,25.69,0.00,813.2,118.1,2.4,4,9254,1.000,0.000,0.053,-0.091,0.007,200.0,3.4,0,-0.36,0.000
1262,25.71,0.00,813.9,118.9,1.9,4,9339,1.000,0.000,0.043,-0.090,0.005,200.0,4.0,0,-0.30,0.000
1263,25.74,0.00,814.6,119.7,1.4,4,9395,1.000,0.000,0.026,-0.089,0.002,200.0,3.9,0,-0.21,0.000
1264,25.76,0.00,815.4,120.5,0.9,4,9450,1.000,0.000,0.009,-0.088,-0.001,200.0,3.8,0,-0.09,0.000
1265,25.78,0.00,816.1,121.3,0.5,4,9506,1.000,0.000,-0.002,-0.087,-0.003,200.0,3.7,0,-0.04,0.000
1266,25.80,0.00,816.9,122.1,0.3,4,9565,1.000,0.000,-0.008,-0.086,-0.004,200.0,3.6,0,-0.01,0.000
1267,25.82,0.00,817.6,122.9,0.1,4,9626,1.000,0.000,-0.010,-0.086,-0.004,200.0,3.6,0,-0.00,0.000
1268,25.85,0.00,818.4,123.7,0.1,4,9687,1.000,0.000,-0.008,-0.085,-0.004,200.0,3.6,0,-0.01,0.000
1269,25.87,0.00,819.1,124.5,0.1,4,9748,1.000,0.000,-0.005,-0.084,-0.003,200.0,3.5,0,-0.02,0.000
1270,25.89,0.00,819.9,125.3,0.1,4,9808,1.000,0.000,-0.002,-0.084,-0.002,200.0,3.5,0,-0.03,0.000
1271,25.91,0.00,820.7,126.1,0.1,4,9866,1.000,0.000,0.000,-0.084,-0.002,200.0,3.4,0,-0.04,0.000
1272,25.93,0.00,821.4,126.9,0.1,4,9924,1.000,0.000,0.001,-0.083,-0.002,200.0,3.3,0,-0.04,0.000
1273,25.96,0.00,822.2,127.7,0.1,4,9981,1.000,0.000,0.002,-0.083,-0.002,200.0,3.2,0,-0.04,0.000
1274,25.98,0.00,823.0,128.5,0.1,4,10038,1.000,0.000,0.002,-0.083,-0.002,200.0,3.1,0,-0.04,0.000
1275,26.00,0.00,823.8,129.3,0.1,4,10095,1.000,0.000,0.001,-0.082,-0.002,200.0,3.1,0,-0.03,0.000
1276,26.02,0.00,824.6,130.1,0.0,4,10152,1.000,0.000,0.000,-0.082,-0.002,200.0,3.0,0,-0.02,0.000
1277,26.04,0.00,825.4,130.9,0.0,4,10210,1.000,0.000,-0.000,-0.082,-0.002,200.0,2.9,0,-0.02,0.000
1278,26.07,0.00,826.2,131.6,0.0,4,10268,1.000,0.000,-0.001,-0.081,-0.002,200.0,2.8,0,-0.02,0.000
1279,26.09,0.00,827.0,132.4,0.0,4,10325,1.000,0.000,-0.001,-0.081,-0.002,200.0,2.8,0,-0.01,0.000
1280,26.11,0.00,827.8,133.2,0.0,4,10383,1.000,0.000,-0.001,-0.081,-0.002,200.0,2.7,0,-0.01,0.000
1281,26.13,0.00,828.6,134.0,0.0,4,10440,1.000,0.000,-0.001,-0.081,-0.002,200.0,2.6,0,-0.01,0.000
1282,26.15,0.00,829.4,134.8,0.0,4,10497,1.000,0.000,-0.000,-0.080,-0.002,199.7,2.6,0,-0.01,0.000
1283,26.18,0.00,830.3,135.5,0.0,4,10554,1.000,0.000,0.000,-0.080,-0.002,198.9,2.5,0,-0.01,0.000
1284,26.20,0.00,831.1,136.3,0.0,4,10611,1.000,0.000,0.000,-0.080,-0.002,198.0,2.4,0,-0.01,0.000
1285,26.22,0.00,831.9,137.1,0.0,4,10667,1.000,0.000,0.000,-0.080,-0.002,197.2,2.3,0,-0.00,0.000
1286,26.24,0.00,832.8,137.8,0.0,4,10724,1.000,0.000,0.000,-0.079,-0.002,196.3,2.3,0,-0.00,0.000
1287,26.26,0.00,833.6,138.6,0.0,4,10780,1.000,0.000,-0.000,-0.079,-0.002,195.5,2.2,0,-0.00,0.000
1288,26.29,0.00,834.5,139.4,0.0,4,10836,1.000,0.000,-0.000,-0.079,-0.002,194.6,2.1,0,0.00,0.000
1289,26.31,0.00,835.3,140.2,0.0,4,10892,1.000,0.000,-0.000,-0.079,-0.002,193.7,2.0,0,0.00,0.000
1290,26.33,0.00,836.2,140.5,0.0,5,9780,1.000,0.000,-0.000,-0.078,-0.002,192.9,-9.9,0,0.00,0.000
1291,26.35,0.00,837.0,140.3,0.0,5,9784,1.000,0.000,-0.000,-0.078,-0.002,192.0,-10.4,0,0.00,0.000
1292,26.37,0.00,837.9,140.2,0.0,5,9351,1.000,0.000,-0.000,-0.078,-0.002,191.1,-10.2,0,0.00,0.000
1293,26.40,0.00,838.7,140.5,0.0,5,9739,1.000,0.000,-0.000,-0.078,-0.002,190.2,-0.2,0,0.00,0.000
1294,26.42,0.00,839.6,141.2,0.0,5,9804,1.000,0.000,-0.000,-0.077,-0.002,189.4,0.5,0,0.00,0.000
1295,26.44,0.00,840.5,141.8,0.0,5,9838,1.000,0.000,-0.000,-0.077,-0.002,188.5,0.2,0,0.00,0.000
1296,26.46,0.00,841.3,142.5,0.0,5,9871,1.000,0.000,-0.000,-0.077,-0.002,187.6,-0.1,0,0.00,0.000
1297,26.48,0.00,842.2,143.2,0.0,5,9908,1.000,0.000,-0.000,-0.077,-0.002,186.7,-0.4,0,0.00,0.000
1298,26.51,0.00,843.1,143.8,0.0,5,9951,1.000,0.000,-0.000,-0.076,-0.002,185.8,-0.4,0,0.00,0.000
1299,26.53,0.00,844.0,144.5,0.0,5,9998,1.000,0.000,-0.000,-0.076,-0.002,184.9,-0.4,0,0.00,0.000
1300,26.55,0.00,844.8,145.2,0.0,5,10047,1.000,0.000,-0.000,-0.076,-0.002,184.0,-0.3,0,-0.00,0.000
1301,26.57,0.00,845.7,145.8,0.0,5,10095,1.000,0.000,-0.000,-0.076,-0.002,183.1,-0.3,0,-0.00,0.000
1302,26.59,0.00,846.6,146.5,0.0,5,10140,1.000,0.000,-0.000,-0.076,-0.002,182.2,-0.3,0,-0.00,0.000
1303,26.62,0.00,847.5,147.1,0.0,5,10184,1.000,0.000,-0.000,-0.075,-0.002,181.3,-0.3,0,-0.00,0.000
1304,26.64,0.00,848.4,147.8,0.0,5,10226,1.000,0.000,-0.000,-0.075,-0.002,180.4,-0.4,0,-0.00,0.000
1305,26.66,0.00,849.3,148.4,0.0,5,10268,1.000,0.000,-0.000,-0.075,-0.002,179.5,-0.5,0,-0.00,0.000
1306,26.68,0.00,850.2,149.1,0.0,5,10310,1.000,0.000,-0.000,-0.075,-0.002,178.5,-0.6,0,-0.00,0.000
1307,26.70,0.00,851.2,149.7,0.0,5,10352,1.000,0.000,-0.000,-0.074,-0.002,177.6,-0.7,0,-0.00,0.000
1308,26.73,0.00,852.1,150.4,0.0,5,10395,1.000,0.000,-0.000,-0.074,-0.002,176.7,-0.7,0,-0.00,0.000
1309,26.75,0.00,853.0,151.0,0.0,5,10438,1.000,0.000,-0.000,-0.074,-0.002,175.7,-0.8,0,-0.00,0.000
1310,26.77,0.00,853.9,151.7,0.0,5,10481,1.000,0.000,-0.000,-0.074,-0.002,174.8,-0.8,0,-0.00,0.000
1311,26.79,0.00,854.9,152.3,-0.0,5,10524,1.000,0.000,-0.000,-0.073,-0.002,173.8,-0.9,0,-0.00,0.000
1312,26.81,0.00,855.8,153.0,-0.0,5,10567,1.000,0.000,-0.000,-0.073,-0.002,172.9,-0.9,0,-0.00,0.000
1313,26.84,0.00,856.7,153.6,0.0,5,10610,1.000,0.000,-0.000,-0.073,-0.002,171.9,-1.0,0,-0.00,0.000
1314,26.86,0.00,857.7,154.2,0.0,5,10652,1.000,0.000,-0.000,-0.072,-0.002,171.0,-1.0,0,-0.00,0.000
1315,26.88,0.00,858.6,154.9,-0.0,5,10694,1.000,0.000,-0.001,-0.072,-0.002,170.0,-1.1,0,-0.00,0.000
1316,26.90,0.00,859.6,155.5,-0.0,5,10736,1.000,0.000,-0.000,-0.072,-0.002,169.1,-1.1,0,-0.00,0.000
1317,26.92,0.00,860.5,156.2,0.0,5,10778,1.000,0.000,-0.000,-0.072,-0.002,168.1,-1.2,0,-0.00,0.000
1318,26.95,0.00,861.5,156.8,0.0,5,10820,1.000,0.000,-0.000,-0.071,-0.002,167.1,-1.3,0,-0.00,0.000
1319,26.97,0.00,862.4,157.4,0.0,5,10862,1.000,0.000,-0.000,-0.071,-0.002,166.2,-1.3,0,-0.00,0.000
1320,26.99,0.00,863.4,158.1,0.0,5,10904,1.000,0.000,-0.000,-0.071,-0.002,165.2,-1.4,0,0.00,0.000
1321,27.01,0.00,864.4,158.7,0.0,5,10946,1.000,0.000,-0.005,-0.071,-0.002,164.2,-1.4,0,0.13,0.000
1322,27.03,0.00,865.3,159.3,-0.0,5,10987,1.000,0.000,-0.004,-0.070,-0.001,163.3,-1.5,0,0.13,0.000
1323,27.06,0.00,866.3,159.9,0.0,5,11029,1.000,0.000,-0.002,-0.070,-0.001,162.4,-1.5,0,0.12,0.000
1324,27.08,0.00,867.3,160.6,0.0,5,11070,1.000,0.000,-0.001,-0.070,-0.001,161.5,-1.6,0,0.12,0.000
1325,27.10,0.00,868.3,161.2,0.1,5,11112,1.000,0.000,0.001,-0.070,-0.001,160.6,-1.6,0,0.11,0.000
1326,27.12,0.00,869.3,161.8,0.1,5,11153,1.000,0.000,0.001,-0.070,-0.000,159.6,-1.7,0,0.11,0.000
1327,27.14,0.00,870.2,162.4,0.1,5,11194,1.000,0.000,0.001,-0.070,-0.000,158.6,-1.8,0,0.11,0.000
1328,27.17,0.00,871.2,163.1,0.0,5,11235,1.000,0.000,0.001,-0.069,-0.001,157.5,-1.8,0,0.11,0.000
1329,27.19,0.00,872.2,163.7,0.0,5,11276,1.000,0.000,0.000,-0.069,-0.001,156.5,-1.9,0,0.11,0.000
1330,27.21,0.00,873.2,164.3,0.0,5,11316,1.000,0.000,-0.000,-0.069,-0.001,155.4,-1.9,0,0.11,0.000
1331,27.23,0.00,874.2,164.9,-0.0,5,11357,1.000,0.000,-0.000,-0.069,-0.001,154.4,-2.0,0,0.11,0.000
1332,27.25,0.00,875.3,165.5,-0.0,5,11398,1.000,0.000,-0.000,-0.069,-0.001,153.4,-2.0,0,0.11,0.000
1333,27.28,0.00,876.3,166.1,-0.0,5,11438,1.000,0.000,-0.000,-0.069,-0.001,152.3,-2.1,0,0.11,0.000
1334,27.30,0.00,877.3,166.8,-0.0,5,11479,1.000,0.000,-0.000,-0.069,-0.001,151.3,-2.1,0,0.10,0.000
1335,27.32,0.00,878.3,167.4,-0.0,5,11519,1.000,0.000,-0.000,-0.069,-0.001,150.2,-2.2,0,0.10,0.000
1336,27.34,0.00,879.3,168.0,-0.0,5,11559,1.000,0.000,-0.000,-0.068,-0.001,149.2,-2.3,0,0.10,0.000
1337,27.36,0.00,880.4,168.6,-0.0,5,11599,1.000,0.000,-0.000,-0.068,-0.001,148.2,-2.3,0,0.10,0.000
1338,27.39,0.00,881.4,169.2,-0.0,5,11639,1.000,0.000,-0.000,-0.068,-0.001,147.1,-2.4,0,0.10,0.000
1339,27.41,0.00,882.4,169.8,-0.0,5,11679,1.000,0.000,-0.000,-0.068,-0.001,146.1,-2.4,0,0.10,0.000
1340,27.43,0.00,883.5,170.4,-0.0,5,11719,1.000,0.000,-0.000,-0.068,-0.001,145.0,-2.5,0,0.10,0.000
1341,27.45,0.00,884.5,170.6,-0.0,6,10736,1.000,0.000,-0.000,-0.068,-0.001,143.9,-12.2,0,0.10,0.000
1342,27.47,0.00,885.6,170.3,-0.0,6,10734,1.000,0.000,-0.001,-0.068,-0.001,142.8,-12.6,0,0.09,0.000
1343,27.50,0.00,886.6,170.1,-0.0,6,10399,1.000,0.000,-0.000,-0.068,-0.001,141.8,-12.6,0,0.09,0.000
1344,27.52,0.00,887.6,170.4,-0.0,6,10708,1.000,0.000,-0.000,-0.067,-0.001,140.7,-3.8,0,0.09,0.000
1345,27.54,0.00,888.7,170.9,0.0,6,10749,1.000,0.000,-0.000,-0.067,-0.001,139.7,-3.3,0,0.09,0.000
1346,27.56,0.00,889.7,171.4,0.0,6,10775,1.000,0.000,0.000,-0.067,-0.001,138.6,-3.5,0,0.09,0.000
1347,27.58,0.00,890.8,172.0,0.0,6,10801,1.000,0.000,0.000,-0.067,-0.001,137.6,-3.7,0,0.09,0.000
1348,27.61,0.00,891.8,172.5,0.0,6,10830,1.000,0.000,0.000,-0.067,-0.001,136.5,-3.9,0,0.08,0.000
1349,27.63,0.00,892.9,173.0,0.0,6,10862,1.000,0.000,0.000,-0.067,-0.001,135.4,-3.9,0,0.08,0.000
1350,27.65,0.00,893.9,173.5,0.0,6,10896,1.000,0.000,0.000,-0.067,-0.001,134.3,-3.9,0,0.08,0.000
1351,27.67,0.00,895.0,174.1,0.0,6,10931,1.000,0.000,0.000,-0.066,-0.001,133.2,-3.9,0,0.08,0.000
1352,27.69,0.00,896.1,174.6,0.0,6,10965,1.000,0.000,0.000,-0.066,-0.001,132.2,-3.8,0,0.08,0.000
1353,27.72,0.00,897.1,175.1,0.0,6,10997,1.000,0.000,0.000,-0.066,-0.001,131.1,-3.9,0,0.08,0.000
1354,27.74,0.00,898.2,175.6,0.0,6,11029,1.000,0.000,0.000,-0.066,-0.001,130.0,-3.9,0,0.07,0.000
1355,27.76,0.00,899.3,176.1,0.0,6,11060,1.000,0.000,0.000,-0.066,-0.001,128.9,-4.0,0,0.07,0.000
1356,27.78,0.00,900.4,176.7,0.0,6,11090,1.000,0.000,0.001,-0.066,-0.001,127.8,-4.0,0,0.07,0.000
1357,27.80,0.00,901.4,177.2,0.0,6,11121,1.000,0.000,0.000,-0.066,-0.001,126.7,-4.1,0,0.07,0.000
1358,27.83,0.00,902.5,177.7,-0.0,6,11152,1.000,0.000,0.000,-0.066,-0.001,125.6,-4.2,0,0.07,0.000
1359,27.85,0.00,903.6,178.2,-0.0,6,11182,1.000,0.000,0.000,-0.065,-0.001,124.4,-4.2,0,0.07,0.000
1360,27.87,0.00,904.7,178.7,-0.0,6,11214,1.000,0.000,0.000,-0.065,-0.001,123.3,-4.3,0,0.07,0.000
1361,27.89,0.00,905.8,179.2,-0.0,6,11245,1.000,0.000,0.000,-0.065,-0.001,122.2,-4.3,0,0.06,0.000
1362,27.91,0.00,906.9,179.7,-0.0,6,11276,1.000,0.000,0.000,-0.065,-0.001,121.1,-4.3,0,0.06,0.000
1363,27.94,0.00,908.0,180.2,-0.0,6,11307,1.000,0.000,0.000,-0.065,-0.001,120.0,-4.4,0,0.06,0.000
1364,27.96,0.00,909.1,180.8,-0.0,6,11338,1.000,0.000,0.000,-0.065,-0.001,118.9,-4.4,0,0.06,0.000
1365,27.98,0.00,910.2,181.3,-0.0,6,11369,1.000,0.000,0.000,-0.064,-0.001,117.7,-4.5,0,0.06,0.000
1366,28.00,0.00,911.3,181.8,-0.0,6,11399,1.000,0.000,0.000,-0.064,-0.001,116.6,-4.5,0,0.07,0.000
1367,28.02,0.00,912.4,182.3,-0.0,6,11430,1.000,0.000,0.000,-0.064,-0.001,115.5,-4.6,0,0.07,0.000
1368,28.05,0.00,913.5,182.8,-0.0,6,11460,1.000,0.000,-0.000,-0.064,-0.001,114.3,-4.6,0,0.07,0.000
1369,28.07,0.00,914.7,183.3,-0.0,6,11490,1.000,0.000,-0.000,-0.064,-0.001,113.2,-4.7,0,0.07,0.000
1370,28.09,0.00,915.8,183.8,-0.0,6,11521,0.000,0.065,-0.009,-0.064,-0.001,112.0,-4.7,0,0.33,0.000
1371,28.11,0.00,916.9,183.6,-0.0,6,11172,0.000,0.100,-0.008,-0.064,-0.001,111.0,-12.7,0,0.32,0.000
1372,28.13,0.00,918.0,183.0,0.0,6,11115,0.000,0.108,-0.005,-0.063,-0.000,110.0,-12.3,0,0.31,0.000
1373,28.16,0.00,919.1,182.3,0.1,6,11069,0.000,0.114,-0.002,-0.063,0.001,109.0,-12.2,0,0.30,0.000
1374,28.18,0.00,920.3,181.6,0.1,6,11024,0.000,0.120,0.001,-0.064,0.001,107.9,-12.1,0,0.30,0.000
1375,28.20,0.00,921.4,180.9,0.1,6,10979,0.000,0.128,0.001,-0.064,0.001,106.8,-12.0,0,0.29,0.000
1376,28.22,0.00,922.5,180.2,0.1,6,10932,0.000,0.137,0.001,-0.064,0.001,105.7,-11.7,0,0.29,0.000
1377,28.24,0.00,923.6,179.4,0.0,6,10883,0.000,0.146,0.000,-0.064,0.001,104.5,-11.3,0,0.29,0.000
1378,28.27,0.00,924.7,178.6,-0.0,6,10832,0.000,0.154,-0.001,-0.064,0.001,103.4,-11.0,0,0.29,0.000
1379,28.29,0.00,925.7,177.8,-0.0,6,10778,0.000,0.160,-0.001,-0.064,0.000,102.2,-10.8,0,0.29,0.000
1380,28.31,0.00,926.8,177.0,-0.0,6,10725,0.000,0.165,-0.002,-0.064,0.000,101.1,-10.6,0,0.29,0.000
1381,28.33,0.00,927.9,176.2,-0.0,6,10673,0.000,0.168,-0.001,-0.064,0.000,100.0,-10.4,0,0.28,0.000
1382,28.35,0.00,929.0,175.3,-0.0,6,10620,0.000,0.170,-0.001,-0.064,0.000,98.9,-10.3,0,0.28,0.000
1383,28.38,0.00,930.1,174.4,-0.0,6,10568,0.000,0.172,-0.001,-0.065,0.000,97.8,-10.2,0,0.28,0.000
1384,28.40,0.00,931.1,173.6,-0.0,6,10515,0.000,0.175,-0.001,-0.065,0.000,96.7,-10.0,0,0.27,0.000
1385,28.42,0.00,932.2,172.7,-0.0,6,10461,0.000,0.177,-0.001,-0.065,0.000,95.7,-9.8,0,0.27,0.000
1386,28.44,0.00,933.2,171.9,-0.0,6,10407,0.000,0.179,-0.001,-0.065,0.000,94.6,-9.8,0,0.27,0.000
1387,28.46,0.00,934.3,171.0,-0.0,6,10352,0.000,0.181,-0.001,-0.065,0.000,93.5,-9.7,0,0.26,0.000
1388,28.49,0.00,935.3,170.1,-0.0,6,10298,0.000,0.182,-0.000,-0.065,0.000,92.5,-9.6,0,0.26,0.000
1389,28.51,0.00,936.4,169.2,-0.0,6,10245,0.000,0.184,-0.001,-0.065,0.000,91.4,-9.5,0,0.26,0.000
1390,28.53,0.00,937.4,168.3,-0.0,6,10191,0.000,0.186,-0.001,-0.065,0.000,90.3,-9.4,0,0.25,0.000
1391,28.55,0.00,938.4,167.5,-0.0,6,10137,0.000,0.187,-0.001,-0.065,0.000,89.3,-9.3,0,0.25,0.000
1392,28.57,0.00,939.4,166.6,-0.0,6,10083,0.000,0.188,-0.001,-0.065,0.000,88.2,-9.1,0,0.25,0.000
1393,28.60,0.00,940.4,165.7,-0.0,6,10029,0.000,0.190,-0.000,-0.066,0.000,87.2,-9.0,0,0.24,0.000
1394,28.62,0.00,941.5,164.8,-0.0,6,9973,0.000,0.191,-0.001,-0.066,0.000,86.2,-9.0,0,0.24,0.000
1395,28.64,0.00,942.5,163.9,-0.0,6,9918,0.000,0.192,-0.001,-0.066,0.000,85.1,-8.9,0,0.24,0.000
1396,28.66,0.00,943.5,163.0,-0.0,6,9864,0.000,0.194,-0.001,-0.066,0.000,84.1,-8.8,0,0.23,0.000
1397,28.68,0.00,944.5,162.1,-0.0,6,9810,0.000,0.195,-0.001,-0.066,0.000,83.1,-8.7,0,0.23,0.000
1398,28.71,0.00,945.4,161.2,-0.0,6,9755,0.000,0.195,-0.000,-0.066,0.000,82.1,-8.6,0,0.23,0.000
1399,28.73,0.00,946.4,160.4,-0.0,6,9701,0.000,0.197,-0.001,-0.066,0.000,81.1,-8.5,0,0.23,0.000
1400,28.75,0.00,947.4,159.5,-0.0,6,9646,0.000,0.198,-0.001,-0.066,0.000,80.1,-8.4,0,0.23,0.000
1401,28.77,0.00,948.4,158.6,-0.0,5,10485,0.000,0.201,-0.001,-0.066,0.000,79.1,-7.5,0,0.23,0.000
1402,28.79,0.00,949.3,157.8,-0.0,5,10451,0.000,0.204,-0.000,-0.066,0.000,78.1,-7.3,0,0.23,0.000
1403,28.82,0.00,950.3,156.9,-0.0,5,10343,0.000,0.206,-0.000,-0.066,0.000,77.2,-8.1,0,0.23,0.000
1404,28.84,0.00,951.3,156.0,0.0,5,10278,0.000,0.204,0.000,-0.066,0.000,76.2,-8.2,0,0.23,0.000
1405,28.86,0.00,952.2,155.1,0.0,5,10217,0.000,0.202,0.001,-0.066,0.000,75.2,-8.2,0,0.23,0.000
1406,28.88,0.00,953.1,154.1,0.0,5,10156,0.000,0.201,0.001,-0.066,0.001,74.3,-8.2,0,0.25,0.000
1407,28.90,0.00,954.1,153.2,0.0,5,10097,0.000,0.201,-0.019,-0.066,0.001,73.3,-8.2,0,0.81,0.000
1408,28.93,0.00,955.0,152.3,0.0,5,10037,0.000,0.196,-0.015,-0.067,0.001,72.5,-8.1,0,0.80,0.000
1409,28.95,0.00,955.9,151.4,0.1,5,9980,0.000,0.186,-0.008,-0.067,0.003,71.8,-8.1,0,0.79,0.000
1410,28.97,0.00,956.9,150.6,0.2,5,9927,0.000,0.178,-0.001,-0.067,0.004,71.1,-8.3,0,0.77,0.000
1411,28.99,0.00,957.8,149.7,0.3,5,9875,0.000,0.175,0.004,-0.068,0.005,70.3,-8.4,0,0.76,0.000
1412,29.01,0.00,958.7,148.9,0.3,5,9823,0.000,0.177,0.006,-0.068,0.005,69.4,-8.4,0,0.76,0.000
1413,29.04,0.00,959.6,148.1,0.2,5,9768,0.000,0.183,0.005,-0.069,0.005,68.4,-8.2,0,0.75,0.000
1414,29.06,0.00,960.5,147.3,0.2,5,9711,0.000,0.189,0.004,-0.069,0.005,67.5,-8.0,0,0.75,0.000
1415,29.08,0.00,961.4,146.4,0.1,5,9653,0.000,0.195,0.003,-0.070,0.005,66.5,-7.8,0,0.74,0.000
1416,29.10,0.00,962.3,145.6,0.1,5,9593,0.000,0.200,0.002,-0.070,0.004,65.6,-7.7,0,0.74,0.000
1417,29.12,0.00,963.2,144.7,0.0,5,9533,0.000,0.204,0.001,-0.071,0.004,64.6,-7.5,0,0.74,0.000
1418,29.15,0.00,964.1,143.8,0.0,5,9473,0.000,0.206,0.001,-0.072,0.004,63.7,-7.4,0,0.73,0.000
1419,29.17,0.00,964.9,142.9,0.0,5,9415,0.000,0.208,0.001,-0.072,0.004,62.8,-7.2,0,0.73,0.000
1420,29.19,0.00,965.8,142.0,0.0,5,9355,0.000,0.209,0.001,-0.073,0.004,61.9,-7.1,0,0.72,0.000
1421,29.21,0.00,966.7,141.1,0.0,5,9295,0.000,0.210,0.001,-0.073,0.004,61.0,-7.0,0,0.72,0.000
1422,29.23,0.00,967.5,140.2,0.0,5,9235,0.000,0.211,0.001,-0.074,0.004,60.2,-6.9,0,0.71,0.000
1423,29.26,0.00,968.4,139.3,0.0,5,9176,0.000,0.212,0.001,-0.074,0.004,59.3,-6.8,0,0.71,0.000
1424,29.28,0.00,969.2,138.5,0.0,5,9116,0.000,0.213,0.002,-0.075,0.004,58.4,-6.7,0,0.71,0.000
1425,29.30,0.00,970.1,137.6,0.0,5,9057,0.000,0.214,0.002,-0.075,0.004,57.6,-6.7,0,0.71,0.000
1426,29.32,0.00,970.9,136.7,0.0,5,8997,0.000,0.216,0.001,-0.076,0.004,56.7,-6.6,0,0.71,0.000
1427,29.34,0.00,971.8,135.8,0.0,5,8938,0.000,0.217,0.001,-0.076,0.004,55.8,-6.5,0,0.71,0.000
1428,29.37,0.00,972.6,134.9,0.0,5,8879,0.000,0.219,0.001,-0.077,0.004,55.0,-6.3,0,0.71,0.000
1429,29.39,0.00,973.4,134.0,0.0,5,8820,0.000,0.220,0.001,-0.077,0.004,54.2,-6.2,0,0.71,0.000
1430,29.41,0.00,974.2,133.1,0.0,5,8759,0.000,0.221,0.000,-0.078,0.004,53.3,-6.1,0,0.72,0.000
1431,29.43,0.00,975.0,132.2,0.0,5,8699,0.000,0.221,0.000,-0.078,0.004,52.5,-6.0,0,0.74,0.000
1432,29.45,0.00,975.8,131.3,0.0,5,8639,0.000,0.222,-0.001,-0.079,0.004,51.7,-5.9,0,0.76,0.000
1433,29.48,0.00,976.6,130.4,0.0,5,8579,0.000,0.223,-0.119,-0.079,0.004,50.9,-5.8,0,2.04,-0.228
1434,29.50,0.00,977.4,129.5,-0.2,5,8520,0.000,0.207,-0.112,-0.080,0.007,50.4,-4.7,0,2.02,-0.241
1435,29.52,0.00,978.2,128.6,-0.0,4,9454,0.000,0.168,0.001,-0.081,0.013,50.3,-4.9,0,1.99,0.000
1436,29.54,0.00,979.0,127.9,0.6,4,9427,0.000,0.141,0.029,-0.083,0.019,50.1,-6.3,0,1.96,0.000
1437,29.56,0.00,979.8,127.2,0.8,4,9343,0.000,0.144,0.038,-0.085,0.020,49.5,-7.7,0,1.95,0.000
1438,29.59,0.00,980.5,126.6,0.7,4,9294,0.000,0.163,0.033,-0.087,0.019,48.6,-7.5,0,1.95,0.000
1439,29.61,0.00,981.3,125.9,0.4,4,9235,0.000,0.188,0.022,-0.089,0.017,47.6,-7.0,0,1.96,0.000
1440,29.63,0.00,982.1,125.1,0.2,4,9166,0.000,0.210,0.011,-0.090,0.015,46.5,-6.4,0,1.97,0.000
1441,29.65,0.00,982.8,124.2,-0.0,4,9091,0.000,0.225,0.001,-0.092,0.013,45.6,-5.9,0,1.98,0.000
1442,29.67,0.00,983.6,123.3,-0.1,4,9016,0.000,0.233,-0.004,-0.094,0.012,44.7,-5.6,0,1.99,0.000
1443,29.70,0.00,984.4,122.4,-0.2,4,8943,0.000,0.235,-0.007,-0.095,0.011,43.9,-5.4,0,2.00,0.000
1444,29.72,0.00,985.1,121.5,-0.2,4,8873,0.000,0.234,-0.170,-0.097,0.011,43.1,-5.4,0,2.01,-0.422
1445,29.74,0.00,985.8,120.6,-0.4,4,8806,0.000,0.216,0.008,-0.099,0.014,42.7,-3.7,0,2.00,0.000
1446,29.76,0.00,986.6,119.6,0.1,4,8747,0.000,0.184,0.035,-0.101,0.020,42.4,-5.5,0,1.98,0.000
1447,29.78,0.00,987.3,118.8,0.4,4,8703,0.000,0.181,0.041,-0.103,0.021,41.8,-6.2,0,1.99,0.000
1448,29.81,0.00,988.0,118.0,0.4,4,8650,0.000,0.196,-0.151,-0.105,0.020,40.9,-6.2,0,2.00,-0.477
1449,29.83,0.00,988.7,117.3,-0.1,4,8590,0.000,0.201,-0.156,-0.107,0.020,40.2,-4.1,0,2.02,-0.494
1450,29.85,0.00,989.5,116.4,-0.2,4,8526,0.000,0.172,-0.128,-0.110,0.026,40.0,-3.9,0,2.00,-0.499
1451,29.87,0.00,990.2,115.6,0.1,4,8477,0.000,0.131,0.072,-0.114,0.035,40.1,-5.4,0,1.98,0.000
1452,29.89,0.00,990.9,115.0,0.9,4,8448,0.000,0.111,0.138,-0.118,0.041,39.9,-6.3,0,1.96,0.000
1453,29.92,0.00,991.6,114.4,1.1,4,8419,0.000,0.137,0.130,-0.121,0.039,39.0,-6.5,0,2.00,0.000
1454,29.94,0.00,992.3,113.8,0.8,4,8364,0.000,0.190,-0.070,-0.125,0.033,37.7,-6.3,0,2.09,-0.500
1455,29.96,0.00,993.0,113.1,-0.0,4,8289,0.000,0.231,-0.124,-0.128,0.027,36.6,-4.5,0,2.31,-0.500
1456,29.98,0.00,993.6,112.3,-0.5,4,8207,0.000,0.228,-0.203,-0.131,0.028,36.0,-3.2,0,4.77,-0.500
1457,30.00,0.00,994.3,111.4,-0.5,4,8140,0.000,0.195,-0.169,-0.135,0.035,35.8,-2.4,0,4.76,-0.500
1458,30.03,0.00,995.0,110.5,-0.1,4,8088,0.000,0.144,-0.154,-0.139,0.037,35.9,-4.4,0,4.74,-0.500
1459,30.05,0.00,995.7,109.8,0.3,4,8058,0.000,0.095,-0.138,-0.144,0.040,36.1,-6.0,0,4.71,-0.500
1460,30.07,0.00,996.4,109.3,0.7,4,8043,0.000,0.053,-0.121,-0.148,0.043,36.3,-6.9,0,4.68,-0.500
1461,30.09,0.00,997.0,108.9,1.0,4,8034,0.000,0.021,-0.020,-0.152,0.045,36.5,-7.6,0,2.16,-0.500
1462,30.11,0.00,997.7,108.6,1.3,4,8030,0.000,0.012,-0.020,-0.155,0.044,36.5,-8.2,0,2.16,-0.500
1463,30.14,0.00,998.4,108.4,1.3,4,8020,0.000,0.025,-0.126,-0.159,0.040,36.1,-8.3,0,4.65,-0.500
1464,30.16,0.00,999.1,108.2,0.9,4,7999,0.000,0.036,-0.143,-0.162,0.036,35.8,-7.8,0,4.65,-0.500
1465,30.18,0.00,999.7,107.9,0.7,4,7973,0.000,0.031,-0.149,-0.165,0.034,35.6,-7.5,0,4.64,-0.500
1466,30.20,0.00,1000.4,107.6,0.6,4,7954,0.000,0.018,-0.147,-0.168,0.034,35.6,-7.7,0,4.63,-0.500
1467,30.22,0.00,1001.1,107.4,0.7,4,7942,0.000,0.001,-0.140,-0.171,0.035,35.7,-8.0,0,4.61,-0.500
1468,30.25,0.00,1001.7,107.2,0.8,4,7935,0.050,0.000,-0.130,-0.174,0.037,35.8,-8.3,0,4.59,-0.500
1469,30.27,0.00,1002.4,107.1,0.9,4,7943,0.100,0.000,-0.121,-0.177,0.038,35.9,-7.9,0,4.57,-0.500
1470,30.29,0.00,1003.0,107.0,1.0,4,7954,0.150,0.000,-0.114,-0.180,0.039,35.9,-7.5,0,4.55,-0.500
1471,30.31,0.00,1003.7,106.9,1.1,4,7968,0.200,0.000,-0.110,-0.183,0.040,36.0,-7.0,0,4.53,-0.500
1472,30.33,0.00,1004.4,106.9,1.1,4,7985,0.250,0.000,-0.107,-0.186,0.039,35.9,-6.5,0,4.52,-0.500
1473,30.36,0.00,1005.0,106.9,1.0,4,8005,0.300,0.000,-0.109,-0.190,0.039,35.9,-6.1,0,4.50,-0.500
1474,30.38,0.00,1005.7,107.0,1.0,4,8028,0.350,0.000,-0.112,-0.193,0.038,35.8,-5.6,0,4.49,-0.500
1475,30.40,0.00,1006.4,107.1,0.9,4,8051,0.400,0.000,-0.116,-0.196,0.036,35.7,-5.2,0,4.48,-0.500
1476,30.42,0.00,1007.0,107.3,0.8,4,8081,0.000,0.004,-0.121,-0.199,0.035,35.6,-4.8,0,4.47,-0.500
1477,30.44,0.00,1007.7,107.2,0.8,4,7934,0.000,0.008,-0.125,-0.202,0.034,35.4,-8.2,0,4.46,-0.500
1478,30.47,0.00,1008.4,107.0,0.7,4,7918,0.000,0.004,-0.126,-0.204,0.033,35.4,-8.2,0,4.45,-0.500
1479,30.49,0.00,1009.0,106.8,0.8,4,7906,0.050,0.000,-0.125,-0.207,0.033,35.3,-8.3,0,4.44,-0.500
1480,30.51,0.00,1009.7,106.7,0.8,4,7915,0.100,0.000,-0.122,-0.210,0.033,35.3,-7.9,0,4.42,-0.500
1481,30.53,0.00,1010.4,106.6,0.9,4,7926,0.150,0.000,-0.120,-0.213,0.033,35.3,-7.4,0,4.41,-0.500
1482,30.55,0.00,1011.0,106.5,0.9,4,7939,0.200,0.000,-0.117,-0.215,0.033,35.3,-7.0,0,4.39,-0.500
1483,30.58,0.00,1011.7,106.5,0.9,4,7956,0.250,0.000,-0.117,-0.218,0.033,35.3,-6.5,0,4.38,-0.500
1484,30.60,0.00,1012.3,106.5,0.9,4,7975,0.300,0.000,-0.118,-0.220,0.032,35.2,-6.1,0,4.37,-0.500
1485,30.62,0.00,1013.0,106.6,0.9,4,7998,0.000,0.001,-0.120,-0.223,0.031,35.1,-5.6,0,4.36,-0.500
1486,30.64,0.00,1013.7,106.5,0.9,4,7886,0.000,0.002,-0.122,-0.225,0.030,35.0,-8.2,0,4.35,-0.500
1487,30.66,0.00,1014.3,106.3,0.8,4,7873,0.050,0.000,-0.124,-0.227,0.030,35.0,-8.2,0,4.33,-0.500
1488,30.69,0.00,1015.0,106.2,0.8,4,7881,0.100,0.000,-0.124,-0.230,0.029,34.9,-7.8,0,4.32,-0.500
1489,30.71,0.00,1015.7,106.1,0.9,4,7892,0.150,0.000,-0.124,-0.232,0.029,34.9,-7.4,0,4.31,-0.500
1490,30.73,0.00,1016.3,106.1,0.9,4,7905,0.200,0.000,-0.124,-0.234,0.028,34.8,-6.9,0,4.30,-0.500
1491,30.75,0.00,1017.0,106.0,0.9,4,7922,0.250,0.000,-0.124,-0.236,0.028,34.8,-6.5,0,4.29,-0.500
1492,30.77,0.00,1017.6,106.1,0.9,4,7941,0.000,0.002,-0.125,-0.238,0.028,34.7,-6.0,0,4.28,-0.500
1493,30.80,0.00,1018.3,106.0,0.9,4,7845,0.000,0.001,-0.126,-0.240,0.027,34.6,-8.2,0,4.28,-0.500
1494,30.82,0.00,1019.0,105.8,0.9,4,7833,0.050,0.000,-0.126,-0.242,0.027,34.6,-8.2,0,4.27,-0.500
1495,30.84,0.00,1019.6,105.7,0.9,4,7841,0.100,0.000,-0.126,-0.244,0.026,34.5,-7.8,0,4.26,-0.500
1496,30.86,0.00,1020.3,105.6,0.9,4,7851,0.150,0.000,-0.126,-0.246,0.026,34.5,-7.3,0,4.26,-0.500
1497,30.88,0.00,1020.9,105.5,0.9,4,7865,0.200,0.000,-0.126,-0.248,0.026,34.5,-6.9,0,4.25,-0.500
1498,30.91,0.00,1021.6,105.5,0.9,4,7881,0.250,0.000,-0.127,-0.250,0.026,34.4,-6.4,0,4.25,-0.500
1499,30.93,0.00,1022.3,105.5,0.9,4,7901,0.300,0.000,-0.128,-0.251,0.025,34.3,-6.0,0,4.25,-0.500
1500,30.95,0.00,1022.9,105.6,0.9,4,7924,0.000,0.007,-0.130,-0.253,0.024,34.3,-5.5,0,4.25,-0.500
1501,30.97,0.00,1023.6,105.5,0.9,4,7808,0.000,0.007,-0.132,-0.255,0.024,34.2,-8.0,0,4.25,-0.500
1502,30.99,0.00,1024.2,105.3,0.9,4,7794,0.000,0.002,-0.133,-0.256,0.023,34.1,-8.0,0,4.25,-0.500
1503,31.02,0.00,1024.9,105.1,0.9,4,7783,0.050,0.000,-0.134,-0.258,0.023,34.1,-8.1,0,4.26,-0.500
1504,31.04,0.00,1025.5,105.0,0.9,4,7791,0.100,0.000,-0.133,-0.259,0.023,34.1,-7.7,0,4.26,-0.500
1505,31.06,0.00,1026.2,104.9,1.0,4,7802,0.150,0.000,-0.132,-0.261,0.023,34.0,-7.3,0,4.27,-0.500
1506,31.08,0.00,1026.9,104.8,1.0,4,7815,0.200,0.000,-0.131,-0.262,0.023,34.0,-6.8,0,4.28,-0.500
1507,31.10,0.00,1027.5,104.8,1.0,4,7832,0.250,0.000,-0.131,-0.264,0.023,34.0,-6.4,0,4.29,-0.500
1508,31.13,0.00,1028.2,104.8,1.0,4,7851,0.300,0.000,-0.132,-0.265,0.023,33.9,-5.9,0,4.30,-0.500
1509,31.15,0.00,1028.8,104.9,1.0,4,7874,0.000,0.002,-0.134,-0.266,0.022,33.8,-5.5,0,4.32,-0.500
1510,31.17,0.00,1029.5,104.8,0.9,4,7761,0.000,0.003,-0.137,-0.268,0.022,33.8,-8.0,0,4.34,-0.500
1511,31.19,0.00,1030.1,104.6,0.9,4,7747,0.050,0.000,-0.139,-0.269,0.021,33.7,-8.1,0,4.36,-0.500
1512,31.21,0.00,1030.8,104.5,0.9,4,7755,0.100,0.000,-0.140,-0.270,0.021,33.6,-7.7,0,4.38,-0.500
1513,31.24,0.00,1031.5,104.4,0.9,4,7766,0.150,0.000,-0.141,-0.272,0.021,33.6,-7.2,0,4.41,-0.500
1514,31.26,0.00,1032.1,104.4,1.0,4,7780,0.200,0.000,-0.140,-0.273,0.021,33.6,-6.8,0,4.45,-0.500
1515,31.28,0.00,1032.8,104.3,1.0,4,7796,0.250,0.000,-0.140,-0.274,0.021,33.5,-6.3,0,4.48,-0.500
1516,31.30,0.00,1033.4,104.4,1.0,4,7816,0.300,0.000,-0.140,-0.275,0.021,33.5,-5.9,0,4.53,-0.500
1517,31.32,0.00,1034.1,104.4,1.0,4,7838,0.000,0.004,-0.142,-0.276,0.021,33.4,-5.4,0,4.57,-0.500
1518,31.35,0.00,1034.7,104.3,1.0,4,7723,0.000,0.004,-0.144,-0.278,0.021,33.4,-7.9,0,4.62,-0.500
1519,31.37,0.00,1035.4,104.1,1.0,4,7710,0.050,0.000,-0.147,-0.279,0.021,33.3,-8.0,0,4.68,-0.500
1520,31.39,0.00,1036.0,104.0,1.0,4,7718,0.100,0.000,-0.148,-0.280,0.021,33.3,-7.6,0,4.75,-0.500
1521,31.41,0.00,1036.7,103.9,1.0,4,7729,0.150,0.000,-0.148,-0.281,0.021,33.3,-7.2,0,4.83,-0.500
1522,31.43,0.00,1037.3,103.8,1.0,4,7742,0.200,0.000,-0.148,-0.282,0.022,33.2,-6.7,0,4.91,-0.500
1523,31.46,0.00,1038.0,103.8,1.1,4,7759,0.250,0.000,-0.148,-0.283,0.022,33.2,-6.2,0,5.01,-0.500
1524,31.48,0.00,1038.6,103.8,1.1,4,7778,0.300,0.000,-0.150,-0.285,0.023,33.2,-5.8,0,5.11,-0.500
1525,31.50,0.00,1039.3,103.9,1.1,4,7800,0.000,0.000,-0.152,-0.286,0.023,33.1,-5.3,0,5.22,-0.500
1526,31.52,0.00,1039.9,103.8,1.1,4,7687,0.050,0.000,-0.156,-0.287,0.023,33.1,-8.0,0,5.35,-0.500
1527,31.54,0.00,1040.6,103.7,1.0,4,7694,0.100,0.000,-0.159,-0.288,0.023,33.0,-7.6,0,5.49,-0.500
1528,31.57,0.00,1041.2,103.6,1.1,4,7704,0.150,0.000,-0.162,-0.290,0.023,33.0,-7.1,0,5.65,-0.500
1529,31.59,0.00,1041.9,103.5,1.1,4,7718,0.200,0.000,-0.164,-0.291,0.024,33.0,-6.6,0,5.83,-0.500
1530,31.61,0.00,1042.5,103.5,1.1,4,7734,0.250,0.000,-0.166,-0.293,0.025,33.0,-6.2,0,6.04,-0.500
1531,31.63,0.00,1043.2,103.5,1.2,4,7754,0.300,0.000,-0.168,-0.294,0.026,33.0,-5.7,0,6.28,-0.500
1532,31.65,0.00,1043.8,103.5,1.2,4,7776,0.350,0.000,-0.171,-0.296,0.027,32.9,-5.2,0,6.54,-0.500
1533,31.68,0.00,1044.5,103.6,1.2,4,7802,0.400,0.000,-0.177,-0.297,0.028,32.9,-4.7,0,6.83,-0.500
1534,31.70,0.00,1045.1,103.8,1.2,4,7831,0.000,0.005,-0.184,-0.299,0.029,33.0,-4.2,0,7.16,-0.500
1535,31.72,0.00,1045.8,103.7,1.2,4,7676,0.050,0.000,-0.191,-0.301,0.030,33.0,-7.7,0,7.53,-0.500
1536,31.74,0.00,1046.5,103.5,1.2,4,7683,0.100,0.000,-0.199,-0.303,0.031,33.1,-7.5,0,7.96,-0.500
1537,31.76,0.00,1047.1,103.4,1.3,4,7693,0.150,0.000,-0.206,-0.305,0.033,33.3,-7.0,0,8.48,-0.500
1538,31.79,0.00,1047.8,103.3,1.3,4,7707,0.200,0.000,-0.214,-0.307,0.036,33.5,-6.5,0,9.11,-0.500
1539,31.81,0.00,1048.4,103.3,1.4,4,7723,0.250,0.000,-0.224,-0.309,0.039,33.8,-6.0,0,9.86,-0.500
1540,31.83,0.00,1049.0,103.3,1.5,4,7743,0.300,0.000,-0.237,-0.312,0.042,34.2,-5.4,0,10.75,-0.500
1541,31.85,0.00,1049.7,103.3,1.6,4,7766,0.350,0.000,-0.244,-0.315,0.046,34.6,-4.8,0,11.54,-0.500
1542,31.87,0.00,1050.3,103.3,1.7,4,7793,0.400,0.000,-0.241,-0.318,0.050,35.2,-4.2,0,12.06,-0.500
1543,31.90,0.00,1051.0,103.4,1.9,4,7825,0.450,0.000,-0.041,-0.322,0.054,35.8,-3.6,0,3.14,-0.500
1544,31.92,0.00,1051.7,103.6,2.2,4,7855,0.500,0.000,0.099,-0.326,0.057,36.3,-3.5,0,3.33,-0.500
1545,31.94,0.00,1052.3,103.8,2.5,4,7873,0.550,0.000,-0.101,-0.329,0.051,36.1,-3.4,0,12.84,-0.500
1546,31.96,0.00,1053.0,104.1,1.7,4,7901,0.600,0.000,-0.301,-0.332,0.041,35.5,-3.1,0,12.93,-0.500
1547,31.98,0.00,1053.6,104.4,1.0,4,7945,0.650,0.000,-0.342,-0.334,0.034,35.2,-1.9,0,13.06,-0.500
1548,32.01,0.00,1054.3,104.7,0.7,4,7998,0.700,0.000,-0.357,-0.337,0.031,35.2,-0.8,0,13.08,-0.500
1549,32.03,0.00,1054.9,105.0,0.6,4,8055,0.750,0.000,-0.355,-0.339,0.030,35.6,0.0,0,13.00,-0.500
1550,32.05,0.00,1055.5,105.3,0.7,4,8122,0.800,0.000,-0.341,-0.342,0.032,36.2,0.9,0,12.87,-0.500
1551,32.07,0.00,1056.1,105.7,0.9,4,8198,0.850,0.000,-0.141,-0.344,0.035,37.1,2.0,0,5.69,-0.500
1552,32.09,0.00,1056.7,106.1,1.4,4,8280,0.900,0.000,-0.046,-0.347,0.039,38.2,2.4,0,5.44,-0.500
1553,32.11,0.00,1057.3,106.6,2.0,4,8349,0.950,0.000,-0.056,-0.349,0.039,38.9,2.9,0,5.79,-0.500
1554,32.13,0.00,1057.9,107.2,2.1,4,8410,1.000,0.000,-0.083,-0.351,0.036,39.2,3.4,0,6.14,-0.500
1555,32.15,0.00,1058.6,107.8,2.0,4,8483,1.000,0.000,-0.114,-0.352,0.031,39.4,4.2,0,6.41,-0.500
1556,32.17,0.00,1059.2,108.5,1.8,4,8533,1.000,0.000,-0.143,-0.353,0.026,39.7,4.3,0,6.63,-0.500
1557,32.19,0.00,1059.8,109.1,1.7,4,8584,1.000,0.000,-0.168,-0.354,0.022,40.0,4.5,0,6.81,-0.499
1558,32.21,0.00,1060.4,109.7,1.6,4,8641,1.000,0.000,-0.181,-0.355,0.019,40.6,4.8,0,6.96,-0.485
1559,32.23,0.00,1061.1,110.3,1.6,4,8704,0.850,0.000,-0.187,-0.355,0.017,41.4,5.2,0,7.09,-0.465
1560,32.25,0.00,1061.7,110.9,1.7,4,8656,0.900,0.000,-0.185,-0.355,0.015,42.4,3.0,0,7.19,-0.440
1561,32.27,0.00,1062.4,111.4,1.8,4,8721,0.950,0.000,-0.180,-0.355,0.014,43.6,3.5,0,7.26,-0.410
1562,32.29,0.00,1063.0,112.0,2.0,4,8818,1.000,0.000,-0.170,-0.354,0.012,45.1,4.8,0,7.30,-0.374
1563,32.31,0.00,1063.7,112.6,2.2,4,8928,0.850,0.000,-0.152,-0.353,0.011,46.8,6.3,0,7.24,-0.331
1564,32.33,0.00,1064.3,113.1,2.4,4,8881,0.900,0.000,-0.128,-0.352,0.010,48.7,4.1,0,7.06,-0.282
1565,32.35,0.00,1065.0,113.7,2.6,4,8936,0.950,0.000,-0.105,-0.351,0.008,50.8,4.3,0,6.89,-0.231
1566,32.37,0.00,1065.6,114.3,2.7,4,9021,0.800,0.000,-0.005,-0.349,0.006,52.8,5.2,0,4.35,-0.179
1567,32.39,0.00,1066.3,114.8,2.9,4,8949,0.850,0.000,0.001,-0.347,0.001,54.4,2.3,0,4.02,-0.140
1568,32.41,0.00,1067.0,115.4,2.7,4,8975,0.900,0.000,-0.035,-0.344,-0.009,55.0,1.8,0,3.95,-0.125
1569,32.43,0.00,1067.6,116.0,2.3,4,9037,0.950,0.000,-0.085,-0.340,-0.019,55.1,2.3,0,3.94,-0.121
1570,32.45,0.00,1068.3,116.6,1.8,4,9114,1.000,0.000,-0.130,-0.336,-0.029,55.5,3.1,0,3.92,-0.112
1571,32.47,0.00,1069.0,117.3,1.5,4,9214,1.000,0.000,-0.158,-0.330,-0.037,56.6,4.5,0,3.85,-0.086
1572,32.49,0.00,1069.7,117.9,1.4,4,9291,0.850,0.000,-0.166,-0.325,-0.044,58.5,5.2,0,3.75,-0.038
1573,32.51,0.00,1070.3,118.5,1.5,4,9240,0.900,0.000,-0.154,-0.318,-0.049,61.4,2.9,0,3.64,0.034
1574,32.53,0.00,1071.0,119.1,1.6,4,9309,0.950,0.000,-0.132,-0.311,-0.054,65.1,3.3,0,3.54,0.127
1575,32.55,0.00,1071.7,119.7,1.8,4,9412,1.000,0.000,-0.101,-0.303,-0.059,69.5,4.5,0,3.44,0.238
1576,32.57,0.00,1072.4,120.4,2.1,4,9516,0.850,0.000,-0.065,-0.294,-0.065,74.6,5.8,0,3.33,0.365
1577,32.59,0.00,1073.1,121.0,2.3,4,9453,0.900,0.000,-0.036,-0.285,-0.071,79.7,3.1,0,3.22,0.492
1578,32.61,0.00,1073.8,121.6,2.3,4,9499,0.950,0.000,-0.076,-0.274,-0.080,83.9,2.9,0,3.12,0.500
1579,32.63,0.00,1074.5,122.3,2.1,4,9578,1.000,0.000,-0.124,-0.262,-0.089,87.9,3.8,0,3.03,0.500
1580,32.65,0.00,1075.2,122.9,1.9,4,9678,0.850,0.000,-0.127,-0.250,-0.089,93.4,5.1,0,2.91,0.500
1581,32.67,0.00,1075.8,123.5,1.9,4,9627,0.900,0.000,-0.327,-0.239,-0.082,101.4,2.8,0,1.95,0.000
1582,32.69,0.00,1076.5,124.1,1.8,4,9691,0.950,0.000,-0.388,-0.228,-0.074,113.6,4.0,0,1.70,0.000
1583,32.71,0.00,1077.2,124.7,1.9,4,9795,0.800,0.000,-0.329,-0.218,-0.063,130.8,6.2,0,1.46,0.000
1584,32.73,0.00,1077.9,125.2,2.2,4,9756,0.850,0.000,-0.262,-0.210,-0.050,144.8,4.2,0,1.23,0.000
1585,32.75,0.00,1078.6,125.6,2.6,4,9832,0.900,0.000,-0.190,-0.203,-0.037,157.0,4.6,0,1.02,0.000
1586,32.77,0.00,1079.3,126.1,3.1,4,9932,0.750,0.000,-0.105,-0.196,-0.023,167.9,5.5,0,0.45,0.000
1587,32.79,0.00,1080.0,126.6,3.7,4,9869,0.800,0.000,-0.038,-0.191,-0.010,177.0,2.8,0,0.26,0.000
1588,32.81,0.00,1080.7,127.1,4.0,4,9908,0.850,0.000,0.021,-0.187,-0.000,183.5,2.6,0,-0.10,0.000
1589,32.83,0.00,1081.4,127.6,4.0,4,9958,0.900,0.000,0.053,-0.184,0.006,186.9,2.7,0,-0.19,0.000
1590,32.85,0.00,1082.1,128.2,3.7,4,10008,0.950,0.000,0.062,-0.181,0.008,187.5,2.8,0,-0.22,0.000
1591,32.87,0.00,1082.8,128.9,3.1,4,10064,1.000,0.000,0.056,-0.179,0.007,185.9,2.9,0,-0.20,0.000
1592,32.89,0.00,1083.6,129.6,2.4,4,10131,1.000,0.000,0.041,-0.177,0.004,183.1,3.3,0,-0.15,0.000
1593,32.91,0.00,1084.3,130.3,1.6,4,10169,1.000,0.000,0.023,-0.175,0.000,180.0,2.9,0,-0.10,0.000
1594,32.93,0.00,1085.0,131.1,1.0,4,10213,1.000,0.000,-0.001,-0.174,-0.002,177.1,2.6,0,0.18,0.000
1595,32.95,0.00,1085.8,131.8,0.6,4,10264,1.000,0.000,-0.011,-0.173,-0.004,175.0,2.5,0,0.21,0.000
1596,32.97,0.00,1086.5,132.5,0.3,4,10319,1.000,0.000,-0.014,-0.172,-0.005,173.7,2.5,0,0.21,0.000
1597,32.99,0.00,1087.2,133.2,0.2,4,10376,1.000,0.000,-0.014,-0.171,-0.005,173.1,2.6,0,0.21,0.000
1598,33.01,0.00,1088.0,133.9,0.2,4,10432,1.000,0.000,-0.010,-0.170,-0.004,172.7,2.6,0,0.20,0.000
1599,33.03,0.00,1088.7,134.6,0.2,4,10486,1.000,0.000,-0.006,-0.170,-0.003,172.6,2.6,0,0.19,0.000
1600,33.05,0.00,1089.5,135.3,0.2,4,10538,1.000,0.000,-0.002,-0.169,-0.003,172.3,2.6,0,0.19,0.000
1601,33.07,0.00,1090.2,136.0,0.2,4,10589,1.000,0.000,0.000,-0.168,-0.002,171.9,2.5,0,0.18,0.000
1602,33.09,0.00,1091.0,136.7,0.2,4,10635,1.000,0.000,0.002,-0.168,-0.002,171.3,2.3,0,0.17,0.000
1603,33.11,0.00,1091.7,137.4,0.2,4,10682,1.000,0.000,0.003,-0.168,-0.002,170.6,2.1,0,0.17,0.000
1604,33.13,0.00,1092.5,138.1,0.2,4,10732,1.000,0.000,0.002,-0.167,-0.002,169.8,2.0,0,0.17,0.000
1605,33.15,0.00,1093.3,138.8,0.1,4,10784,1.000,0.000,0.002,-0.167,-0.002,168.9,2.0,0,0.17,0.000
1606,33.17,0.00,1094.0,139.5,0.1,4,10837,1.000,0.000,0.001,-0.166,-0.002,168.0,2.0,0,0.17,0.000
1607,33.19,0.00,1094.8,140.2,0.0,4,10890,1.000,0.000,0.000,-0.166,-0.002,167.1,2.0,0,0.17,0.000
1608,33.21,0.00,1095.6,140.5,0.0,5,9778,1.000,0.000,-0.001,-0.166,-0.002,166.2,-9.7,0,0.17,0.000
1609,33.23,0.00,1096.4,140.3,0.0,5,9781,1.000,0.000,-0.001,-0.166,-0.002,165.3,-10.4,0,0.17,0.000
1610,33.25,0.00,1097.2,140.2,-0.0,5,9353,1.000,0.000,-0.001,-0.165,-0.002,164.5,-10.2,0,0.17,0.000
1611,33.27,0.00,1097.9,140.5,-0.0,5,9729,1.000,0.000,-0.001,-0.165,-0.002,163.7,-0.5,0,0.17,0.000
1612,33.29,0.00,1098.7,141.1,0.0,5,9793,1.000,0.000,-0.000,-0.165,-0.002,163.0,0.4,0,0.16,0.000
1613,33.31,0.00,1099.5,141.7,0.0,5,9828,1.000,0.000,0.000,-0.164,-0.002,162.2,0.3,0,0.16,0.000
1614,33.33,0.00,1100.3,142.3,0.0,5,9857,1.000,0.000,0.000,-0.164,-0.002,161.4,-0.1,0,0.16,0.000
1615,33.35,0.00,1101.1,142.9,0.0,5,9890,1.000,0.000,0.000,-0.164,-0.002,160.6,-0.3,0,0.16,0.000
1616,33.37,0.00,1101.9,143.5,0.0,5,9927,1.000,0.000,0.000,-0.163,-0.002,159.8,-0.4,0,0.16,0.000
1617,33.39,0.00,1102.7,144.1,0.0,5,9968,1.000,0.000,0.000,-0.163,-0.002,158.9,-0.4,0,0.16,0.000
1618,33.41,0.00,1103.5,144.7,0.0,5,10011,1.000,0.000,0.000,-0.163,-0.002,158.1,-0.4,0,0.16,0.000
1619,33.43,0.00,1104.3,145.3,0.0,5,10055,1.000,0.000,0.000,-0.163,-0.002,157.3,-0.3,0,0.15,0.000
1620,33.45,0.00,1105.1,145.9,0.0,5,10097,1.000,0.000,0.001,-0.162,-0.002,156.4,-0.3,0,0.15,0.000
1621,33.47,0.00,1105.9,146.5,0.0,5,10135,1.000,0.000,0.000,-0.162,-0.002,155.6,-0.4,0,0.15,0.000
1622,33.49,0.00,1106.7,147.1,-0.0,5,10175,1.000,0.000,0.000,-0.162,-0.002,154.7,-0.4,0,0.15,0.000
1623,33.51,0.00,1107.5,147.6,-0.0,5,10214,1.000,0.000,0.000,-0.161,-0.002,153.8,-0.5,0,0.15,0.000
1624,33.53,0.00,1108.4,148.2,-0.0,5,10253,1.000,0.000,0.000,-0.161,-0.002,153.0,-0.5,0,0.15,0.000
1625,33.55,0.00,1109.2,148.8,-0.0,5,10292,1.000,0.000,0.000,-0.161,-0.002,152.1,-0.6,0,0.15,0.000
1626,33.57,0.00,1110.0,149.4,-0.0,5,10330,1.000,0.000,0.000,-0.160,-0.002,151.3,-0.7,0,0.15,0.000
1627,33.59,0.00,1110.8,150.0,-0.0,5,10369,1.000,0.000,0.000,-0.160,-0.002,150.4,-0.7,0,0.15,0.000
1628,33.61,0.00,1111.7,150.6,-0.0,5,10407,1.000,0.000,0.000,-0.160,-0.002,149.6,-0.8,0,0.15,0.000
1629,33.63,0.00,1112.5,151.2,-0.0,5,10445,1.000,0.000,0.000,-0.159,-0.002,148.7,-0.8,0,0.15,0.000
1630,33.65,0.00,1113.4,151.7,-0.0,5,10483,1.000,0.000,0.000,-0.159,-0.002,147.8,-0.9,0,0.14,0.000
1631,33.67,0.00,1114.2,152.3,-0.0,5,10522,1.000,0.000,0.000,-0.159,-0.002,146.9,-1.0,0,0.14,0.000
1632,33.69,0.00,1115.1,152.9,-0.0,5,10561,1.000,0.000,0.000,-0.158,-0.002,146.1,-1.0,0,0.14,0.000
1633,33.71,0.00,1115.9,153.5,-0.0,5,10600,1.000,0.000,0.000,-0.158,-0.002,145.2,-1.0,0,0.14,0.000
1634,33.73,0.00,1116.8,154.1,-0.0,5,10639,1.000,0.000,0.000,-0.158,-0.002,144.3,-1.0,0,0.14,0.000
1635,33.75,0.00,1117.6,154.6,-0.0,5,10678,1.000,0.000,0.000,-0.157,-0.002,143.4,-1.1,0,0.14,0.000
1636,33.77,0.00,1118.5,155.2,-0.0,5,10716,1.000,0.000,0.000,-0.157,-0.002,142.5,-1.1,0,0.14,0.000
1637,33.79,0.00,1119.3,155.8,-0.0,5,10754,1.000,0.000,-0.000,-0.157,-0.002,141.6,-1.2,0,0.14,0.000
1638,33.81,0.00,1120.2,156.4,-0.0,5,10791,1.000,0.000,-0.000,-0.157,-0.002,140.7,-1.3,0,0.14,0.000
1639,33.83,0.00,1121.1,156.9,-0.0,5,10829,1.000,0.000,-0.000,-0.156,-0.002,139.8,-1.3,0,0.14,0.000
1640,33.85,0.00,1122.0,157.5,0.0,5,10866,1.000,0.000,-0.000,-0.156,-0.002,138.9,-1.4,0,0.14,0.000
1641,33.87,0.00,1122.8,158.1,-0.0,5,10904,1.000,0.000,-0.000,-0.156,-0.002,138.0,-1.4,0,0.14,0.000
1642,33.89,0.00,1123.7,158.7,0.0,5,10942,1.000,0.000,-0.000,-0.155,-0.002,137.1,-1.5,0,0.14,0.000
1643,33.91,0.00,1124.6,159.2,-0.0,5,10980,1.000,0.000,-0.000,-0.155,-0.002,136.2,-1.5,0,0.14,0.000
1644,33.93,0.00,1125.5,159.8,0.0,5,11018,1.000,0.000,-0.000,-0.155,-0.002,135.3,-1.5,0,0.14,0.000
1645,33.95,0.00,1126.4,160.4,0.0,5,11055,1.000,0.000,-0.000,-0.154,-0.002,134.3,-1.6,0,0.14,0.000
1646,33.97,0.00,1127.3,160.9,0.0,5,11093,1.000,0.000,-0.000,-0.154,-0.002,133.4,-1.6,0,0.14,0.000
1647,33.99,0.00,1128.2,161.5,-0.0,5,11130,1.000,0.000,-0.000,-0.154,-0.002,132.5,-1.7,0,0.14,0.000
1648,34.01,0.00,1129.1,162.0,0.0,5,11167,1.000,0.000,-0.001,-0.153,-0.002,131.5,-1.7,0,0.15,0.000
1649,34.03,0.00,1130.0,162.6,-0.0,5,11204,1.000,0.000,-0.001,-0.153,-0.002,130.6,-1.8,0,0.15,0.000
1650,34.05,0.00,1130.9,163.2,0.0,5,11241,1.000,0.000,-0.015,-0.152,-0.002,129.7,-1.8,0,0.57,0.000
1651,34.07,0.00,1131.8,163.7,-0.0,5,11278,1.000,0.000,-0.013,-0.152,-0.002,129.0,-1.9,0,0.56,0.000
1652,34.09,0.00,1132.7,164.3,0.0,5,11315,1.000,0.000,-0.008,-0.152,-0.001,128.6,-1.9,0,0.56,0.000
1653,34.11,0.00,1133.6,164.8,0.1,5,11352,1.000,0.000,-0.004,-0.152,0.000,128.1,-2.0,0,0.55,0.000
1654,34.13,0.00,1134.5,165.4,0.2,5,11389,1.000,0.000,-0.000,-0.152,0.001,127.5,-2.0,0,0.54,0.000
1655,34.15,0.00,1135.4,165.9,0.2,5,11426,1.000,0.000,0.002,-0.152,0.001,126.7,-2.1,0,0.54,0.000
1656,34.17,0.00,1136.4,166.5,0.2,5,11462,1.000,0.000,0.003,-0.152,0.001,125.8,-2.1,0,0.53,0.000
1657,34.19,0.00,1137.3,167.0,0.1,5,11498,1.000,0.000,0.002,-0.152,0.001,124.8,-2.2,0,0.53,0.000
1658,34.21,0.00,1138.2,167.6,0.1,5,11534,1.000,0.000,0.002,-0.152,0.001,123.8,-2.2,0,0.53,0.000
1659,34.23,0.00,1139.2,168.1,0.1,5,11570,1.000,0.000,0.001,-0.152,0.001,122.7,-2.3,0,0.53,0.000
1660,34.25,0.00,1140.1,168.7,0.0,5,11606,1.000,0.000,-0.000,-0.152,0.001,121.6,-2.3,0,0.53,0.000
1661,34.27,0.00,1141.0,169.2,-0.0,5,11642,1.000,0.000,-0.001,-0.152,0.000,120.6,-2.4,0,0.52,0.000
1662,34.29,0.00,1142.0,169.8,-0.0,5,11680,1.000,0.000,-0.001,-0.152,0.000,119.6,-2.4,0,0.52,0.000
1663,34.31,0.00,1142.9,170.3,-0.0,5,11717,1.000,0.000,-0.001,-0.152,0.000,118.6,-2.4,0,0.52,0.000
1664,34.33,0.00,1143.9,170.5,-0.0,6,10733,1.000,0.000,0.000,-0.152,0.001,117.7,-12.0,0,0.51,0.000
1665,34.35,0.00,1144.8,170.3,0.0,6,10732,1.000,0.000,0.001,-0.152,0.001,116.8,-12.6,0,0.51,0.000
1666,34.37,0.00,1145.8,170.1,0.0,6,10398,1.000,0.000,0.001,-0.153,0.001,115.8,-12.6,0,0.51,0.000
1667,34.39,0.00,1146.7,170.3,0.0,6,10700,1.000,0.000,0.001,-0.153,0.001,114.8,-3.9,0,0.51,0.000
1668,34.41,0.00,1147.6,170.8,0.0,6,10743,1.000,0.000,0.000,-0.153,0.001,113.8,-3.3,0,0.50,0.000
1669,34.43,0.00,1148.6,171.3,-0.0,6,10770,1.000,0.000,0.000,-0.153,0.000,112.8,-3.4,0,0.50,0.000
1670,34.45,0.00,1149.5,171.7,-0.0,6,10796,1.000,0.000,0.000,-0.153,0.000,111.8,-3.5,0,0.50,0.000
1671,34.47,0.00,1150.5,172.2,-0.0,6,10821,1.000,0.000,0.000,-0.153,0.000,110.8,-3.6,0,0.50,0.000
1672,34.49,0.00,1151.5,172.7,-0.0,6,10846,1.000,0.000,0.000,-0.153,0.000,109.8,-3.8,0,0.50,0.000
1673,34.51,0.00,1152.4,173.2,-0.0,6,10874,1.000,0.000,0.000,-0.153,0.000,108.8,-3.9,0,0.49,0.000
1674,34.53,0.00,1153.4,173.6,-0.0,6,10903,1.000,0.000,0.000,-0.153,0.000,107.8,-3.9,0,0.49,0.000
1675,34.55,0.00,1154.3,174.1,-0.0,6,10933,1.000,0.000,0.000,-0.153,0.000,106.8,-3.9,0,0.49,0.000
1676,34.57,0.00,1155.3,174.6,-0.0,6,10963,1.000,0.000,0.000,-0.153,0.000,105.8,-3.9,0,0.49,0.000
1677,34.59,0.00,1156.3,175.1,-0.0,6,11002,1.000,0.000,0.000,-0.153,0.000,104.8,-3.6,0,0.49,0.000
1678,34.61,0.00,1157.3,175.5,-0.0,6,11029,1.000,0.000,0.001,-0.154,0.000,103.8,-3.7,0,0.48,0.000
1679,34.63,0.00,1158.2,176.0,0.0,6,11055,0.000,0.048,0.000,-0.154,0.000,102.7,-3.8,0,0.48,0.000
1680,34.65,0.00,1159.2,175.9,-0.0,6,10714,0.000,0.087,0.000,-0.154,0.000,101.7,-12.4,0,0.48,0.000
1681,34.67,0.00,1160.2,175.4,-0.0,6,10662,0.000,0.105,0.000,-0.154,0.000,100.7,-11.9,0,0.48,0.000
1682,34.69,0.00,1161.2,174.9,-0.0,6,10619,0.000,0.120,-0.000,-0.154,0.000,99.6,-11.6,0,0.48,0.000
1683,34.71,0.00,1162.1,174.3,-0.0,6,10575,0.000,0.132,-0.001,-0.154,0.000,98.6,-11.3,0,0.48,0.000
1684,34.73,0.00,1163.1,173.6,-0.0,6,10529,0.000,0.142,-0.001,-0.154,0.000,97.5,-11.1,0,0.48,0.000
1685,34.75,0.00,1164.1,172.9,-0.0,6,10484,0.000,0.150,-0.001,-0.154,-0.000,96.5,-10.9,0,0.48,0.000
1686,34.77,0.00,1165.0,172.2,-0.0,6,10438,0.000,0.157,-0.002,-0.154,-0.000,95.5,-10.6,0,0.48,0.000
1687,34.79,0.00,1166.0,171.5,-0.0,6,10392,0.000,0.162,-0.002,-0.154,-0.000,94.5,-10.4,0,0.49,0.000
1688,34.81,0.00,1166.9,170.7,-0.0,6,10345,0.000,0.166,-0.001,-0.154,0.000,93.6,-10.1,0,0.49,0.000
1689,34.83,0.00,1167.9,170.0,-0.0,6,10298,0.000,0.169,-0.001,-0.154,0.000,92.6,-9.9,0,0.50,0.000
1690,34.85,0.00,1168.8,169.2,-0.0,6,10251,0.000,0.172,-0.001,-0.154,0.000,91.7,-9.8,0,0.50,0.000
1691,34.87,0.00,1169.8,168.5,-0.0,6,10203,0.000,0.176,-0.002,-0.154,0.000,90.7,-9.6,0,0.51,0.000
1692,34.89,0.00,1170.7,167.7,-0.0,6,10154,0.000,0.178,-0.002,-0.154,0.000,89.7,-9.5,0,0.54,0.000
1693,34.91,0.00,1171.6,166.9,-0.0,6,10106,0.000,0.180,-0.036,-0.154,0.000,88.8,-9.4,0,1.51,0.000
1694,34.93,0.00,1172.5,166.1,-0.1,6,10057,0.000,0.165,-0.031,-0.154,0.001,88.3,-9.1,0,1.51,0.000
1695,34.95,0.00,1173.5,165.4,0.1,6,10016,0.000,0.132,-0.020,-0.155,0.004,88.1,-9.5,0,1.50,0.000
1696,34.97,0.00,1174.4,164.7,0.3,6,9987,0.000,0.099,-0.007,-0.155,0.006,88.1,-10.2,0,1.49,0.000
1697,34.99,0.00,1175.3,164.1,0.5,6,9964,0.000,0.081,0.002,-0.156,0.008,87.8,-10.9,0,1.49,0.000
1698,35.01,0.00,1176.2,163.6,0.5,6,9939,0.000,0.080,0.007,-0.157,0.009,87.3,-11.3,0,1.48,0.000
1699,35.03,0.00,1177.1,163.1,0.5,6,9911,0.000,0.093,0.009,-0.158,0.009,86.4,-11.2,0,1.48,0.000
1700,35.05,0.00,1178.0,162.6,0.4,6,9875,0.000,0.114,0.008,-0.159,0.009,85.4,-10.9,0,1.48,0.000
1701,35.07,0.00,1178.9,162.0,0.3,6,9834,0.000,0.137,0.005,-0.160,0.009,84.2,-10.3,0,1.48,0.000
1702,35.09,0.00,1179.8,161.4,0.2,6,9788,0.000,0.157,0.003,-0.161,0.008,83.1,-9.8,0,1.47,0.000
1703,35.11,0.00,1180.7,160.7,0.1,6,9738,0.000,0.172,0.001,-0.162,0.008,82.0,-9.3,0,1.47,0.000
1704,35.13,0.00,1181.6,160.0,0.0,6,9688,0.000,0.182,-0.000,-0.163,0.007,81.0,-9.0,0,1.47,0.000
1705,35.15,0.00,1182.5,159.3,-0.0,5,10533,0.000,0.189,-0.001,-0.164,0.007,80.1,-8.0,0,1.47,0.000
1706,35.17,0.00,1183.4,158.5,-0.0,5,10502,0.000,0.195,-0.001,-0.165,0.007,79.1,-7.7,0,1.47,0.000
1707,35.19,0.00,1184.2,157.8,-0.0,5,10411,0.000,0.199,-0.001,-0.166,0.007,78.2,-8.3,0,1.47,0.000
1708,35.21,0.00,1185.1,157.0,0.0,5,10348,0.000,0.198,0.000,-0.167,0.007,77.4,-8.4,0,1.47,0.000
1709,35.23,0.00,1186.0,156.1,0.0,5,10292,0.000,0.197,0.001,-0.168,0.007,76.5,-8.4,0,1.47,0.000
1710,35.25,0.00,1186.9,155.3,0.0,5,10237,0.000,0.196,0.001,-0.169,0.008,75.7,-8.4,0,1.47,0.000
1711,35.27,0.00,1187.7,154.5,0.0,5,10182,0.000,0.196,0.002,-0.170,0.008,74.8,-8.4,0,1.48,0.000
1712,35.29,0.00,1188.6,153.7,0.0,5,10128,0.000,0.197,0.002,-0.171,0.008,73.9,-8.4,0,1.48,0.000
1713,35.31,0.00,1189.4,152.8,0.0,5,10073,0.000,0.199,0.002,-0.172,0.008,73.0,-8.3,0,1.48,0.000
1714,35.33,0.00,1190.3,152.0,0.0,5,10018,0.000,0.201,0.001,-0.173,0.008,72.1,-8.2,0,1.48,0.000
1715,35.35,0.00,1191.1,151.2,0.0,5,9963,0.000,0.203,0.001,-0.175,0.007,71.2,-8.0,0,1.49,0.000
1716,35.37,0.00,1192.0,150.4,0.0,5,9911,0.000,0.204,0.001,-0.176,0.007,70.3,-7.8,0,1.49,0.000
1717,35.39,0.00,1192.8,149.6,0.0,5,9855,0.000,0.205,0.001,-0.177,0.007,69.5,-7.7,0,1.50,0.000
1718,35.41,0.00,1193.6,148.7,0.0,5,9798,0.000,0.205,0.001,-0.178,0.007,68.6,-7.6,0,1.51,0.000
1719,35.43,0.00,1194.4,147.9,0.0,5,9743,0.000,0.206,0.001,-0.179,0.007,67.8,-7.6,0,1.52,0.000
1720,35.45,0.00,1195.2,147.1,0.0,5,9687,0.000,0.207,0.000,-0.180,0.007,66.9,-7.5,0,1.53,0.000
1721,35.47,0.00,1196.1,146.2,0.0,5,9632,0.000,0.207,0.000,-0.181,0.008,66.1,-7.6,0,1.54,0.000
1722,35.49,0.00,1196.9,145.4,0.0,5,9577,0.000,0.207,-0.000,-0.182,0.008,65.3,-7.5,0,1.56,0.000
1723,35.51,0.00,1197.7,144.6,0.0,5,9523,0.000,0.207,-0.015,-0.182,0.004,64.5,-7.4,0,1.57,0.000
1724,35.53,0.00,1198.5,143.8,0.0,5,9471,0.000,0.201,-0.028,-0.183,0.002,63.8,-7.3,0,1.59,0.000
1725,35.55,0.00,1199.3,143.0,0.0,5,9421,0.000,0.184,-0.037,-0.183,0.000,63.3,-7.2,0,1.60,0.000
1726,35.57,0.00,1200.1,142.2,0.1,5,9376,0.000,0.157,-0.041,-0.183,-0.001,63.1,-7.5,0,1.61,0.000
1727,35.59,0.00,1200.9,141.5,0.2,5,9340,0.000,0.123,-0.041,-0.182,-0.001,63.1,-8.1,0,1.62,0.000
1728,35.61,0.00,1201.7,140.9,0.4,5,9313,0.000,0.087,-0.040,-0.182,-0.000,63.2,-8.7,0,1.62,0.000
1729,35.63,0.00,1202.5,140.4,0.5,5,9294,0.000,0.054,-0.037,-0.182,0.000,63.3,-9.4,0,1.62,0.000
1730,35.65,0.00,1203.2,140.0,0.6,5,9281,0.000,0.026,-0.034,-0.181,0.001,63.5,-10.0,0,1.62,0.000
1731,35.67,0.00,1204.0,139.6,0.7,5,9271,0.000,0.005,-0.032,-0.181,0.001,63.6,-10.6,0,1.62,0.000
1732,35.69,0.00,1204.8,139.4,0.8,5,9263,0.050,0.000,-0.031,-0.180,0.002,63.6,-11.0,0,1.63,0.000
1733,35.71,0.00,1205.6,139.2,0.8,5,9270,0.100,0.000,-0.032,-0.180,0.002,63.6,-10.6,0,1.63,0.000
1734,35.73,0.00,1206.3,139.1,0.7,5,9278,0.150,0.000,-0.033,-0.179,0.001,63.5,-10.1,0,1.64,0.000
1735,35.75,0.00,1207.1,139.0,0.7,5,9288,0.200,0.000,-0.035,-0.179,0.001,63.4,-9.6,0,1.65,0.000
1736,35.77,0.00,1207.9,138.9,0.7,5,9301,0.250,0.000,-0.037,-0.178,0.001,63.3,-9.1,0,1.66,0.000
1737,35.79,0.00,1208.7,138.9,0.6,5,9318,0.300,0.000,-0.039,-0.177,0.000,63.2,-8.6,0,1.67,0.000
1738,35.81,0.00,1209.4,138.9,0.6,5,9337,0.350,0.000,-0.040,-0.177,0.000,63.2,-8.1,0,1.68,0.000
1739,35.83,0.00,1210.2,138.9,0.6,5,9359,0.400,0.000,-0.041,-0.176,0.000,63.1,-7.6,0,1.69,0.000
1740,35.85,0.00,1211.0,139.0,0.6,5,9385,0.000,0.000,-0.042,-0.176,-0.000,63.1,-7.1,0,1.70,0.000
1741,35.87,0.00,1211.8,139.0,0.6,5,9240,0.050,0.000,-0.042,-0.175,0.000,63.1,-10.9,0,1.71,0.000
1742,35.89,0.00,1212.5,138.8,0.6,5,9242,0.100,0.000,-0.041,-0.175,0.000,63.1,-10.6,0,1.72,0.000
1743,35.91,0.00,1213.3,138.6,0.7,5,9250,0.150,0.000,-0.039,-0.174,0.001,63.2,-10.1,0,1.73,0.000
1744,35.93,0.00,1214.1,138.5,0.7,5,9261,0.200,0.000,-0.038,-0.174,0.001,63.3,-9.6,0,1.74,0.000
1745,35.95,0.00,1214.9,138.5,0.7,5,9274,0.250,0.000,-0.037,-0.173,0.001,63.4,-9.1,0,1.75,0.000
1746,35.97,0.00,1215.6,138.4,0.7,5,9290,0.300,0.000,-0.037,-0.173,0.002,63.4,-8.6,0,1.76,0.000
1747,35.99,0.00,1216.4,138.5,0.7,5,9309,0.350,0.000,-0.038,-0.172,0.001,63.4,-8.1,0,1.78,0.000
1748,36.01,0.00,1217.2,138.5,0.7,5,9331,0.400,0.000,-0.039,-0.172,0.001,63.3,-7.6,0,1.79,0.000
1749,36.03,0.00,1218.0,138.6,0.6,5,9355,0.450,0.000,-0.040,-0.171,0.001,63.3,-7.1,0,1.81,0.000
1750,36.05,0.00,1218.7,138.8,0.6,5,9383,0.500,0.000,-0.042,-0.171,0.001,63.2,-6.5,0,1.83,0.000
1751,36.07,0.00,1219.5,138.9,0.6,5,9414,0.550,0.000,-0.043,-0.170,0.001,63.2,-6.0,0,1.84,0.000
1752,36.09,0.00,1220.3,139.1,0.6,5,9448,0.600,0.000,-0.043,-0.170,0.001,63.2,-5.5,0,1.86,0.000
1753,36.11,0.00,1221.0,139.4,0.6,5,9485,0.000,0.011,-0.043,-0.169,0.001,63.2,-4.9,0,1.88,0.000
1754,36.13,0.00,1221.8,139.4,0.6,5,9264,0.000,0.007,-0.043,-0.169,0.001,63.3,-10.6,0,1.90,0.000
1755,36.15,0.00,1222.6,139.1,0.6,5,9247,0.050,0.000,-0.043,-0.169,0.002,63.3,-10.9,0,1.93,0.000
1756,36.17,0.00,1223.4,138.9,0.7,5,9253,0.100,0.000,-0.041,-0.168,0.002,63.5,-10.6,0,1.95,0.000
1757,36.19,0.00,1224.2,138.8,0.7,5,9261,0.150,0.000,-0.040,-0.168,0.003,63.6,-10.1,0,1.98,0.000
1758,36.21,0.00,1224.9,138.7,0.8,5,9272,0.200,0.000,0.092,-0.167,0.003,63.7,-9.6,0,2.01,0.093
1759,36.23,0.00,1225.7,138.6,1.1,5,9285,0.250,0.000,0.073,-0.167,0.001,63.1,-9.0,0,2.03,0.078
1760,36.25,0.00,1226.5,138.6,0.8,5,9300,0.000,0.062,0.021,-0.166,-0.005,61.4,-8.6,0,2.06,0.036
1761,36.27,0.00,1227.2,138.4,0.3,5,9177,0.000,0.141,-0.037,-0.164,-0.012,59.7,-9.7,0,2.18,-0.007
1762,36.29,0.00,1228.0,137.9,-0.1,5,9110,0.000,0.176,-0.215,-0.162,-0.016,58.6,-7.9,0,6.22,-0.036
1763,36.31,0.00,1228.8,137.2,-0.4,5,9051,0.000,0.147,-0.217,-0.161,-0.016,58.5,-5.0,0,6.23,-0.037
1764,36.33,0.00,1229.5,136.5,-0.2,5,9015,0.000,0.041,-0.036,-0.159,-0.011,59.9,-5.5,0,2.25,-0.004
1765,36.35,0.00,1230.3,136.0,0.7,5,9024,0.050,0.000,0.019,-0.158,-0.004,61.6,-9.9,0,2.23,0.040
1766,36.37,0.00,1231.1,135.8,1.3,5,9043,0.100,0.000,0.035,-0.157,-0.002,62.2,-10.3,0,2.28,0.056
1767,36.39,0.00,1231.8,135.6,1.3,5,9052,0.150,0.000,0.019,-0.155,-0.003,61.8,-9.8,0,2.31,0.044
1768,36.41,0.00,1232.6,135.6,1.0,5,9063,0.200,0.000,-0.013,-0.153,-0.007,60.8,-9.4,0,2.35,0.019
1769,36.43,0.00,1233.3,135.5,0.6,5,9075,0.250,0.000,-0.045,-0.152,-0.010,59.8,-8.9,0,2.44,-0.004
1770,36.45,0.00,1234.1,135.5,0.4,5,9091,0.000,0.017,-0.192,-0.150,-0.012,59.3,-8.4,0,6.17,-0.017
1771,36.47,0.00,1234.8,135.3,0.1,5,8993,0.050,0.000,-0.183,-0.148,-0.011,59.6,-9.9,0,6.16,-0.009
1772,36.49,0.00,1235.6,135.1,0.3,5,8999,0.100,0.000,-0.015,-0.147,-0.006,61.1,-9.9,0,2.54,0.028
1773,36.51,0.00,1236.3,134.9,0.9,5,9006,0.150,0.000,0.027,-0.146,-0.001,62.8,-9.8,0,2.64,0.070
1774,36.53,0.00,1237.1,134.8,1.3,5,9017,0.200,0.000,0.032,-0.145,0.000,63.1,-9.3,0,2.72,0.078
1775,36.55,0.00,1237.8,134.8,1.2,5,9030,0.250,0.000,0.009,-0.143,-0.002,62.4,-8.8,0,2.75,0.060
1776,36.57,0.00,1238.6,134.8,0.9,5,9045,0.300,0.000,-0.024,-0.142,-0.006,61.4,-8.3,0,2.78,0.034
1777,36.59,0.00,1239.4,134.8,0.5,5,9064,0.350,0.000,-0.052,-0.140,-0.009,60.6,-7.8,0,2.86,0.014
1778,36.61,0.00,1240.1,134.9,0.3,5,9085,0.400,0.000,-0.068,-0.139,-0.010,60.3,-7.4,0,3.02,0.007
1779,36.63,0.00,1240.9,135.0,0.3,5,9109,0.450,0.000,-0.065,-0.137,-0.010,60.5,-6.9,0,3.04,0.012
1780,36.65,0.00,1241.6,135.1,0.4,5,9136,0.500,0.000,-0.055,-0.136,-0.009,61.0,-6.4,0,3.07,0.025
1781,36.67,0.00,1242.4,135.3,0.5,5,9166,0.550,0.000,-0.045,-0.134,-0.007,61.6,-5.9,0,3.15,0.040
1782,36.69,0.00,1243.1,135.5,0.6,5,9200,0.600,0.000,-0.039,-0.133,-0.007,62.1,-5.3,0,3.24,0.052
1783,36.71,0.00,1243.9,135.8,0.6,5,9236,0.650,0.000,-0.037,-0.131,-0.006,62.4,-4.8,0,3.34,0.061
1784,36.73,0.00,1244.6,136.1,0.7,5,9277,0.700,0.000,-0.038,-0.130,-0.006,62.7,-4.3,0,3.45,0.067
1785,36.75,0.00,1245.4,136.4,0.7,5,9324,0.750,0.000,-0.040,-0.129,-0.006,62.9,-3.6,0,3.56,0.073
1786,36.77,0.00,1246.2,136.8,0.6,5,9372,0.800,0.000,-0.043,-0.127,-0.006,63.1,-3.0,0,3.67,0.078
1787,36.79,0.00,1246.9,137.2,0.6,5,9424,0.850,0.000,-0.039,-0.126,-0.006,63.4,-2.3,0,3.66,0.086
1788,36.81,0.00,1247.7,137.6,0.7,5,9478,0.900,0.000,-0.036,-0.124,-0.006,63.8,-1.7,0,3.65,0.095
1789,36.83,0.00,1248.5,138.2,0.7,5,9534,0.950,0.000,-0.033,-0.123,-0.006,64.1,-1.1,0,3.65,0.102
1790,36.85,0.00,1249.2,138.7,0.7,5,9594,1.000,0.000,-0.031,-0.121,-0.007,64.4,-0.5,0,3.64,0.109
1791,36.87,0.00,1250.0,139.3,0.7,5,9658,1.000,0.000,-0.031,-0.120,-0.007,64.6,0.2,0,3.64,0.115
1792,36.89,0.00,1250.8,139.9,0.7,5,9700,1.000,0.000,-0.033,-0.118,-0.008,64.8,0.2,0,3.64,0.120
1793,36.91,0.00,1251.5,140.5,0.7,5,9740,1.000,0.000,-0.034,-0.117,-0.008,65.0,0.2,0,3.64,0.125
1794,36.93,0.00,1252.3,141.1,0.7,5,9781,1.000,0.000,-0.035,-0.115,-0.009,65.3,0.2,0,3.64,0.131
1795,36.95,0.00,1253.1,141.7,0.7,5,9833,0.000,0.004,-0.034,-0.113,-0.009,65.6,0.5,0,3.64,0.139
1796,36.97,0.00,1253.9,141.8,0.7,5,9433,0.050,0.000,-0.032,-0.111,-0.010,66.0,-10.7,0,3.63,0.149
1797,36.99,0.00,1254.7,141.6,0.7,5,9430,0.100,0.000,-0.030,-0.109,-0.010,66.3,-10.8,0,3.62,0.159
1798,37.01,0.00,1255.5,141.5,0.7,5,9438,0.150,0.000,-0.027,-0.107,-0.010,66.8,-10.3,0,3.62,0.169
1799,37.03,0.00,1256.3,141.3,0.7,5,9449,0.200,0.000,-0.026,-0.105,-0.011,67.2,-9.8,0,3.61,0.179
1800,37.05,0.00,1257.1,141.3,0.7,5,9462,0.250,0.000,-0.026,-0.103,-0.012,67.5,-9.3,0,3.61,0.188
1801,37.07,0.00,1257.8,141.3,0.6,5,9478,0.300,0.000,-0.027,-0.101,-0.012,67.8,-8.8,0,3.60,0.196
1802,37.09,0.00,1258.6,141.3,0.6,5,9497,0.350,0.000,-0.029,-0.099,-0.013,68.1,-8.3,0,3.61,0.202
1803,37.11,0.00,1259.4,141.3,0.5,5,9519,0.400,0.000,-0.032,-0.096,-0.014,68.4,-7.8,0,3.61,0.209
1804,37.13,0.00,1260.2,141.4,0.5,5,9543,0.450,0.000,-0.033,-0.094,-0.015,68.7,-7.3,0,3.60,0.219
1805,37.15,0.00,1261.0,141.6,0.5,5,9574,0.500,0.000,-0.031,-0.091,-0.016,69.2,-6.7,0,3.59,0.231
1806,37.17,0.00,1261.8,141.7,0.5,5,9603,0.550,0.000,-0.029,-0.089,-0.017,69.8,-6.2,0,3.59,0.244
1807,37.19,0.00,1262.6,141.9,0.5,5,9636,0.600,0.000,-0.027,-0.086,-0.017,70.3,-5.7,0,3.58,0.257
1808,37.21,0.00,1263.4,142.2,0.5,5,9671,0.650,0.000,-0.027,-0.083,-0.018,70.8,-5.2,0,3.57,0.269
1809,37.23,0.00,1264.2,142.5,0.5,5,9709,0.700,0.000,-0.028,-0.080,-0.019,71.2,-4.7,0,3.57,0.280
1810,37.25,0.00,1265.0,142.8,0.5,5,9751,0.750,0.000,-0.029,-0.077,-0.020,71.7,-4.1,0,3.57,0.291
1811,37.27,0.00,1265.8,143.2,0.5,5,9797,0.800,0.000,-0.030,-0.074,-0.021,72.1,-3.6,0,3.56,0.303
1812,37.29,0.00,1266.5,143.6,0.5,5,9847,0.850,0.000,-0.030,-0.070,-0.022,72.7,-3.0,0,3.56,0.317
1813,37.31,0.00,1267.3,144.1,0.5,5,9901,0.900,0.000,-0.029,-0.067,-0.023,73.3,-2.3,0,3.56,0.333
1814,37.33,0.00,1268.2,144.6,0.5,5,9968,0.950,0.000,-0.026,-0.063,-0.024,74.0,-1.5,0,3.55,0.350
1815,37.35,0.00,1269.0,145.1,0.6,5,10036,1.000,0.000,-0.023,-0.059,-0.025,74.8,-0.5,0,3.54,0.369
1816,37.37,0.00,1269.8,145.7,0.6,5,10099,1.000,0.000,-0.020,-0.056,-0.026,75.5,0.1,0,3.52,0.388
1817,37.39,0.00,1270.6,146.3,0.6,5,10136,1.000,0.000,-0.020,-0.051,-0.027,76.1,0.0,0,3.51,0.404
1818,37.41,0.00,1271.4,146.9,0.6,5,10169,1.000,0.000,-0.023,-0.047,-0.029,76.7,-0.2,0,3.50,0.417
1819,37.43,0.00,1272.2,147.4,0.6,5,10202,1.000,0.000,-0.025,-0.042,-0.030,77.2,-0.4,0,3.49,0.430
1820,37.45,0.00,1273.0,148.0,0.6,5,10238,1.000,0.000,-0.025,-0.038,-0.031,77.9,-0.5,0,3.45,0.447
1821,37.47,0.00,1273.9,148.6,0.6,5,10277,1.000,0.000,-0.021,-0.033,-0.033,78.6,-0.6,0,3.34,0.465
1822,37.49,0.00,1274.7,149.2,0.6,5,10318,1.000,0.000,-0.019,-0.028,-0.034,79.3,-0.6,0,3.24,0.482
1823,37.51,0.00,1275.5,149.8,0.6,5,10359,1.000,0.000,-0.020,-0.022,-0.036,79.9,-0.6,0,3.17,0.497
1824,37.53,0.00,1276.3,150.4,0.5,5,10424,1.000,0.000,-0.027,-0.017,-0.038,80.5,0.1,0,3.10,0.500
1825,37.55,0.00,1277.2,151.0,0.5,5,10460,1.000,0.000,-0.035,-0.011,-0.039,81.4,-0.0,0,3.03,0.500
1826,37.57,0.00,1278.0,151.5,0.5,5,10492,1.000,0.000,-0.040,-0.005,-0.040,82.8,-0.2,0,2.92,0.500
1827,37.59,0.00,1278.9,152.1,0.6,5,10525,1.000,0.000,-0.042,0.001,-0.040,84.9,-0.5,0,2.80,0.500
1828,37.61,0.00,1279.7,152.7,0.7,5,10558,1.000,0.000,-0.042,0.008,-0.041,87.6,-0.6,0,2.67,0.500
1829,37.63,0.00,1280.6,153.3,0.7,5,10593,1.000,0.000,-0.041,0.014,-0.041,90.9,-0.8,0,2.55,0.500
1830,37.65,0.00,1281.4,153.9,0.8,5,10630,1.000,0.000,-0.041,0.021,-0.041,94.5,-0.9,0,2.45,0.500
1831,37.67,0.00,1282.3,154.4,0.9,5,10668,1.000,0.000,-0.042,0.027,-0.041,98.4,-0.9,0,2.35,0.500
1832,37.69,0.00,1283.1,155.0,0.9,5,10708,1.000,0.000,-0.044,0.034,-0.041,102.8,-0.9,0,2.25,0.500
1833,37.71,0.00,1284.0,155.6,1.0,5,10776,1.000,0.000,-0.044,0.041,-0.041,108.0,-0.2,0,2.15,0.500
1834,37.73,0.00,1284.8,156.1,1.0,5,10814,1.000,0.000,-0.043,0.048,-0.040,114.5,-0.1,0,2.04,0.500
1835,37.75,0.00,1285.7,156.7,1.1,5,10844,1.000,0.000,-0.243,0.054,-0.040,122.4,-0.4,0,1.95,0.000
1836,37.77,0.00,1286.6,157.3,1.0,5,10879,1.000,0.000,-0.250,0.061,-0.038,137.5,0.2,0,1.79,0.000
1837,37.79,0.00,1287.5,157.8,1.3,5,10923,1.000,0.000,-0.211,0.067,-0.032,177.0,0.7,0,1.50,0.000
1838,37.81,0.00,1288.3,158.3,1.9,5,10971,1.000,0.000,-0.155,0.073,-0.024,200.0,0.9,0,1.02,0.000
1839,37.83,0.00,1289.2,158.8,2.6,5,11018,1.000,0.000,-0.101,0.078,-0.015,200.0,0.9,0,0.65,0.000
1840,37.85,0.00,1290.1,159.3,3.2,5,11060,1.000,0.000,-0.048,0.082,-0.006,200.0,0.9,0,0.33,0.000
1841,37.87,0.00,1291.0,159.8,3.6,5,11094,1.000,0.000,0.001,0.086,0.002,200.0,0.6,0,0.05,0.000
1842,37.89,0.00,1291.9,160.3,3.7,5,11168,1.000,0.000,0.031,0.088,0.008,200.0,1.5,0,-0.09,0.000
1843,37.91,0.00,1292.8,160.9,3.5,5,11184,1.000,0.000,0.044,0.090,0.010,200.0,0.9,0,-0.16,0.000
1844,37.93,0.00,1293.7,161.5,2.9,5,11186,1.000,0.000,0.040,0.092,0.009,200.0,-0.2,0,-0.13,0.000
1845,37.95,0.00,1294.6,162.1,2.2,5,11196,1.000,0.000,0.025,0.093,0.007,200.0,-1.1,0,-0.05,0.000
1846,37.97,0.00,1295.5,162.7,1.4,5,11216,1.000,0.000,0.008,0.094,0.004,200.0,-1.6,0,0.02,0.000
1847,37.99,0.00,1296.4,163.3,0.8,5,11244,1.000,0.000,-0.005,0.094,0.002,200.0,-1.9,0,0.08,0.000
1848,38.01,0.00,1297.3,163.8,0.4,5,11279,1.000,0.000,-0.012,0.095,0.000,200.0,-2.0,0,0.10,0.000
1849,38.03,0.00,1298.2,164.4,0.2,5,11318,1.000,0.000,-0.014,0.095,-0.000,200.0,-2.0,0,0.11,0.000
1850,38.05,0.00,1299.1,164.9,0.1,5,11385,1.000,0.000,-0.012,0.095,0.000,200.0,-1.4,0,0.10,0.000
1851,38.07,0.00,1300.0,165.5,0.2,5,11452,1.000,0.000,-0.008,0.095,0.001,200.0,-0.5,0,0.08,0.000
1852,38.09,0.00,1301.0,166.0,0.2,5,11474,1.000,0.000,-0.003,0.095,0.002,200.0,-0.9,0,0.06,0.000
1853,38.11,0.00,1301.9,166.6,0.2,5,11495,1.000,0.000,0.001,0.095,0.002,200.0,-1.4,0,0.04,0.000
1854,38.13,0.00,1302.8,167.2,0.2,5,11519,1.000,0.000,0.003,0.095,0.003,200.0,-1.8,0,0.03,0.000
1855,38.15,0.00,1303.7,167.8,0.2,5,11546,1.000,0.000,0.003,0.095,0.003,200.0,-2.2,0,0.03,0.000
1856,38.17,0.00,1304.7,168.3,0.2,5,11576,1.000,0.000,0.002,0.095,0.003,200.0,-2.4,0,0.03,0.000
1857,38.19,0.00,1305.6,168.9,0.1,5,11612,1.000,0.000,0.001,0.094,0.002,200.0,-2.5,0,0.03,0.000
1858,38.21,0.00,1306.5,169.4,0.0,5,11650,1.000,0.000,-0.000,0.094,0.002,200.0,-2.5,0,0.03,0.000
1859,38.23,0.00,1307.5,169.9,0.0,5,11730,1.000,0.000,-0.001,0.094,0.002,200.0,-1.4,0,0.03,0.000
1860,38.25,0.00,1308.4,170.5,-0.0,5,11762,1.000,0.000,-0.001,0.093,0.002,200.0,-1.5,0,0.03,0.000
1861,38.27,0.00,1309.4,170.7,-0.0,6,10774,1.000,0.000,-0.001,0.093,0.002,199.8,-11.8,0,0.03,0.000
1862,38.29,0.00,1310.3,170.5,-0.0,6,10772,1.000,0.000,-0.000,0.093,0.002,198.8,-12.6,0,0.02,0.000
1863,38.31,0.00,1311.3,170.3,0.0,6,10411,1.000,0.000,0.000,0.092,0.002,197.9,-12.6,0,0.02,0.000
1864,38.33,0.00,1312.2,170.5,0.0,6,10712,1.000,0.000,0.000,0.092,0.002,196.9,-4.0,0,0.02,0.000
1865,38.35,0.00,1313.2,171.0,0.0,6,10756,1.000,0.000,0.000,0.092,0.002,195.9,-3.3,0,0.01,0.000
1866,38.37,0.00,1314.1,171.5,0.0,6,10781,1.000,0.000,0.001,0.091,0.002,195.0,-3.4,0,0.01,0.000
1867,38.39,0.00,1315.1,172.0,0.0,6,10824,1.000,0.000,0.001,0.091,0.002,194.0,-3.1,0,0.01,0.000
1868,38.41,0.00,1316.0,172.5,0.0,6,10850,1.000,0.000,0.000,0.091,0.002,193.0,-3.2,0,0.01,0.000
1869,38.43,0.00,1317.0,172.9,-0.0,6,10874,1.000,0.000,-0.000,0.090,0.002,192.1,-3.4,0,0.01,0.000
1870,38.45,0.00,1318.0,173.4,-0.0,6,10898,1.000,0.000,-0.000,0.090,0.002,191.1,-3.6,0,0.01,0.000
1871,38.47,0.00,1318.9,173.9,-0.0,6,10923,1.000,0.000,-0.000,0.090,0.002,190.1,-3.8,0,0.01,0.000
1872,38.49,0.00,1319.9,174.4,-0.0,6,10950,1.000,0.000,-0.000,0.089,0.002,189.2,-3.9,0,0.01,0.000
1873,38.51,0.00,1320.9,174.9,-0.0,6,10979,1.000,0.000,-0.000,0.089,0.002,188.2,-3.9,0,0.02,0.000
1874,38.53,0.00,1321.8,175.4,-0.0,6,11009,1.000,0.000,-0.000,0.089,0.002,187.2,-4.0,0,0.02,0.000
1875,38.55,0.00,1322.8,175.8,-0.0,6,11055,1.000,0.000,-0.000,0.089,0.002,186.2,-3.5,0,0.02,0.000
1876,38.57,0.00,1323.8,176.3,-0.0,6,11084,1.000,0.000,-0.000,0.088,0.002,185.2,-3.5,0,0.02,0.000
1877,38.59,0.00,1324.8,176.8,-0.0,6,11107,1.000,0.000,-0.000,0.088,0.002,184.2,-3.7,0,0.02,0.000
1878,38.61,0.00,1325.8,177.3,-0.0,6,11132,1.000,0.000,-0.000,0.088,0.002,183.2,-3.9,0,0.02,0.000
1879,38.63,0.00,1326.7,177.7,-0.0,6,11157,1.000,0.000,-0.000,0.087,0.002,182.2,-4.1,0,0.02,0.000
1880,38.65,0.00,1327.7,178.2,-0.0,6,11183,1.000,0.000,-0.000,0.087,0.002,181.2,-4.2,0,0.02,0.000
1881,38.67,0.00,1328.7,178.7,-0.0,6,11210,1.000,0.000,-0.000,0.087,0.002,180.2,-4.3,0,0.02,0.000
1882,38.69,0.00,1329.7,179.2,-0.0,6,11238,1.000,0.000,-0.000,0.086,0.002,179.2,-4.3,0,0.02,0.000
1883,38.71,0.00,1330.7,179.6,-0.0,6,11276,1.000,0.000,-0.000,0.086,0.002,178.2,-4.1,0,0.02,0.000
1884,38.73,0.00,1331.7,180.1,-0.0,6,11304,1.000,0.000,-0.000,0.086,0.002,177.1,-4.1,0,0.02,0.000
1885,38.75,0.00,1332.7,180.6,-0.0,6,11331,1.000,0.000,-0.000,0.085,0.002,176.1,-4.2,0,0.02,0.000
1886,38.77,0.00,1333.7,181.0,0.0,6,11358,1.000,0.000,-0.000,0.085,0.002,175.1,-4.3,0,0.02,0.000
1887,38.79,0.00,1334.7,181.5,-0.0,6,11384,1.000,0.000,-0.000,0.085,0.002,174.1,-4.4,0,0.02,0.000
1888,38.81,0.00,1335.7,181.9,0.0,6,11411,1.000,0.000,0.000,0.084,0.002,173.1,-4.5,0,0.02,0.000
1889,38.83,0.00,1336.7,182.4,-0.0,6,11438,1.000,0.000,0.000,0.084,0.002,172.0,-4.6,0,0.02,0.000
1890,38.85,0.00,1337.8,182.9,0.0,6,11466,1.000,0.000,0.000,0.084,0.002,171.0,-4.6,0,0.02,0.000
1891,38.87,0.00,1338.8,183.3,-0.0,6,11495,1.000,0.000,0.000,0.083,0.002,170.0,-4.6,0,0.02,0.000
1892,38.89,0.00,1339.8,183.8,0.0,6,11524,1.000,0.000,0.000,0.083,0.002,168.9,-4.6,0,0.02,0.000
1893,38.91,0.00,1340.8,184.3,-0.0,6,11551,1.000,0.000,0.000,0.083,0.002,167.9,-4.7,0,0.02,0.000
1894,38.93,0.00,1341.8,184.7,0.0,6,11579,1.000,0.000,0.000,0.082,0.002,166.8,-4.7,0,0.02,0.000
1895,38.95,0.00,1342.9,185.2,-0.0,6,11606,1.000,0.000,0.000,0.082,0.002,165.8,-4.8,0,0.02,0.000
1896,38.97,0.00,1343.9,185.6,0.0,6,11633,1.000,0.000,0.001,0.082,0.002,164.7,-4.8,0,0.01,0.000
1897,38.99,0.00,1344.9,186.1,0.0,6,11660,1.000,0.000,0.000,0.081,0.002,163.7,-4.9,0,0.01,0.000
1898,39.01,0.00,1346.0,186.5,-0.0,6,11685,1.000,0.000,0.005,0.081,0.002,162.7,-5.0,0,-0.11,0.000
1899,39.03,0.00,1347.0,187.0,0.0,6,11711,1.000,0.000,0.004,0.081,0.002,161.7,-5.1,0,-0.11,0.000
1900,39.05,0.00,1348.0,187.4,-0.0,6,11739,1.000,0.000,0.002,0.081,0.001,160.7,-5.1,0,-0.10,0.000
1901,39.07,0.00,1349.1,187.9,-0.1,6,11768,1.000,0.000,0.000,0.080,0.001,159.7,-5.1,0,-0.10,0.000
1902,39.09,0.00,1350.1,188.3,-0.1,6,11796,1.000,0.000,-0.001,0.080,0.001,158.7,-5.1,0,-0.09,0.000
1903,39.11,0.00,1351.2,188.8,-0.1,6,11824,1.000,0.000,-0.001,0.080,0.001,157.7,-5.1,0,-0.09,0.000
1904,39.13,0.00,1352.2,189.2,-0.1,6,11852,1.000,0.000,-0.001,0.080,0.001,156.6,-5.2,0,-0.09,0.000
1905,39.15,0.00,1353.3,189.7,-0.0,6,11878,1.000,0.000,-0.000,0.079,0.001,155.5,-5.2,0,-0.09,0.000
1906,39.17,0.00,1354.3,190.1,-0.0,6,11897,1.000,0.000,-0.000,0.079,0.001,154.4,-5.5,0,-0.09,0.000
1907,39.19,0.00,1355.4,190.6,-0.0,6,11923,1.000,0.000,0.000,0.079,0.001,153.3,-5.6,0,-0.09,0.000
1908,39.21,0.00,1356.5,191.0,0.0,6,11952,1.000,0.000,0.000,0.079,0.001,152.2,-5.5,0,-0.09,0.000
1909,39.23,0.00,1357.5,191.4,0.0,6,11982,1.000,0.000,0.000,0.079,0.001,151.2,-5.5,0,-0.09,0.000
1910,39.25,0.00,1358.6,191.9,0.0,6,12012,1.000,0.000,0.000,0.078,0.001,150.1,-5.4,0,-0.08,0.000
1911,39.27,0.00,1359.7,192.3,0.0,6,12039,1.000,0.000,0.000,0.078,0.001,149.0,-5.5,0,-0.08,0.000
1912,39.29,0.00,1360.7,192.7,0.0,6,12065,1.000,0.000,0.000,0.078,0.001,147.9,-5.5,0,-0.08,0.000
1913,39.31,0.00,1361.8,193.2,0.0,6,12079,1.000,0.000,0.000,0.078,0.001,146.8,-5.9,0,-0.08,0.000
1914,39.33,0.00,1362.9,193.6,0.0,6,12104,1.000,0.000,0.000,0.078,0.001,145.7,-6.0,0,-0.08,0.000
1915,39.35,0.00,1363.9,194.1,0.0,6,12132,1.000,0.000,0.000,0.078,0.001,144.6,-6.0,0,-0.08,0.000
1916,39.37,0.00,1365.0,194.5,0.0,6,12164,1.000,0.000,0.000,0.077,0.001,143.5,-5.8,0,-0.08,0.000
1917,39.39,0.00,1366.1,194.9,0.0,6,12195,1.000,0.000,0.000,0.077,0.001,142.4,-5.7,0,-0.07,0.000
1918,39.41,0.00,1367.2,195.3,0.0,6,12222,1.000,0.000,0.000,0.077,0.001,141.3,-5.7,0,-0.07,0.000
1919,39.43,0.00,1368.3,195.8,0.0,6,12248,1.000,0.000,-0.000,0.077,0.001,140.2,-5.8,0,-0.07,0.000
1920,39.45,0.00,1369.4,196.2,0.0,6,12259,1.000,0.000,-0.000,0.077,0.001,139.1,-6.2,0,-0.07,0.000
1921,39.47,0.00,1370.5,196.6,-0.0,6,12280,1.000,0.000,-0.000,0.076,0.001,138.0,-6.4,0,-0.07,0.000
1922,39.49,0.00,1371.5,197.1,0.0,6,12309,1.000,0.000,-0.000,0.076,0.001,136.9,-6.4,0,-0.07,0.000
1923,39.51,0.00,1372.6,197.5,-0.0,6,12342,1.000,0.000,-0.000,0.076,0.001,135.8,-6.2,0,-0.06,0.000
1924,39.53,0.00,1373.7,197.9,0.0,6,12374,1.000,0.000,-0.000,0.076,0.001,134.6,-6.0,0,-0.06,0.000
1925,39.55,0.00,1374.8,198.3,-0.0,6,12402,1.000,0.000,-0.000,0.076,0.001,133.5,-6.0,0,-0.06,0.000
1926,39.57,0.00,1375.9,198.7,0.0,6,12427,0.000,0.049,-0.000,0.075,0.001,132.4,-6.0,0,-0.06,0.000
1927,39.59,0.00,1377.0,198.6,0.0,6,12091,0.000,0.082,-0.000,0.075,0.001,131.3,-14.4,0,-0.06,0.000
1928,39.61,0.00,1378.2,198.0,0.0,6,12042,0.000,0.096,-0.000,0.075,0.001,130.1,-13.8,0,-0.06,0.000
1929,39.63,0.00,1379.2,197.4,0.0,6,11996,0.000,0.106,0.000,0.075,0.001,129.0,-13.6,0,-0.06,0.000
1930,39.65,0.00,1380.3,196.7,0.0,6,11950,0.000,0.116,0.001,0.075,0.001,127.9,-13.4,0,-0.06,0.000
1931,39.67,0.00,1381.4,196.1,0.1,6,11904,0.000,0.123,0.002,0.074,0.001,126.7,-13.2,0,-0.06,0.000
1932,39.69,0.00,1382.5,195.4,0.1,6,11857,0.000,0.129,0.002,0.074,0.001,125.6,-13.3,0,-0.06,0.000
1933,39.71,0.00,1383.6,194.6,0.1,6,11812,0.000,0.133,0.001,0.074,0.001,124.5,-13.0,0,-0.05,0.000
1934,39.73,0.00,1384.7,193.9,0.0,6,11769,0.000,0.137,0.001,0.074,0.001,123.4,-12.7,0,-0.05,0.000
1935,39.75,0.00,1385.8,193.2,0.0,6,11724,0.000,0.140,0.001,0.073,0.001,122.4,-12.4,0,-0.05,0.000
1936,39.77,0.00,1386.8,192.4,0.0,6,11677,0.000,0.144,0.001,0.073,0.001,121.3,-12.2,0,-0.05,0.000
1937,39.79,0.00,1387.9,191.7,0.0,6,11627,0.000,0.147,0.001,0.073,0.001,120.2,-12.1,0,-0.05,0.000
1938,39.81,0.00,1389.0,190.9,0.0,6,11578,0.000,0.150,0.001,0.073,0.001,119.1,-11.9,0,-0.05,0.000
1939,39.83,0.00,1390.0,190.1,0.0,6,11530,0.000,0.153,0.001,0.073,0.001,118.0,-11.9,0,-0.05,0.000
1940,39.85,0.00,1391.1,189.3,0.0,6,11481,0.000,0.155,0.001,0.072,0.001,116.9,-11.8,0,-0.05,0.000
1941,39.87,0.00,1392.1,188.6,0.0,6,11433,0.000,0.157,0.001,0.072,0.001,115.9,-11.7,0,-0.05,0.000
1942,39.89,0.00,1393.2,187.8,0.0,6,11387,0.000,0.159,0.001,0.072,0.001,114.8,-11.5,0,-0.05,0.000
1943,39.91,0.00,1394.2,187.0,0.0,6,11338,0.000,0.160,0.001,0.072,0.001,113.7,-11.4,0,-0.05,0.000
1944,39.93,0.00,1395.2,186.2,0.0,6,11288,0.000,0.162,0.002,0.072,0.001,112.7,-11.3,0,-0.05,0.000
1945,39.95,0.00,1396.3,185.4,0.0,6,11239,0.000,0.163,0.002,0.071,0.001,111.6,-11.2,0,-0.05,0.000
1946,39.97,0.00,1397.3,184.6,0.0,6,11190,0.000,0.164,0.010,0.071,0.001,110.6,-11.2,0,-0.30,0.000
1947,39.99,0.00,1398.3,183.8,0.0,6,11141,0.000,0.162,0.008,0.071,0.001,109.6,-11.2,0,-0.29,0.000
1948,40.01,0.00,1399.3,183.0,-0.0,6,11094,0.000,0.158,0.005,0.071,0.000,108.8,-11.2,0,-0.28,0.000
1949,40.03,0.00,1400.4,182.3,-0.1,6,11050,0.000,0.155,0.001,0.071,-0.000,107.9,-11.1,0,-0.27,0.000
1950,40.05,0.00,1401.4,181.5,-0.1,6,11005,0.000,0.154,-0.001,0.071,-0.001,106.9,-11.0,0,-0.27,0.000
1951,40.07,0.00,1402.4,180.7,-0.1,6,10959,0.000,0.157,-0.001,0.071,-0.001,105.9,-11.0,0,-0.26,0.000
1952,40.09,0.00,1403.4,180.0,-0.1,6,10910,0.000,0.161,-0.001,0.071,-0.001,104.9,-10.9,0,-0.26,0.000
1953,40.11,0.00,1404.4,179.2,-0.0,6,10862,0.000,0.165,-0.000,0.071,-0.000,103.8,-10.7,0,-0.26,0.000
1954,40.13,0.00,1405.4,178.4,-0.0,6,10813,0.000,0.168,0.001,0.071,-0.000,102.8,-10.7,0,-0.26,0.000
1955,40.15,0.00,1406.4,177.7,0.0,6,10764,0.000,0.171,0.001,0.071,-0.000,101.7,-10.6,0,-0.26,0.000
1956,40.17,0.00,1407.3,176.9,0.0,6,10714,0.000,0.174,0.001,0.071,-0.000,100.7,-10.4,0,-0.26,0.000
1957,40.19,0.00,1408.3,176.1,0.0,6,10668,0.000,0.175,0.001,0.071,-0.000,99.7,-10.2,0,-0.25,0.000
1958,40.21,0.00,1409.3,175.3,0.0,6,10619,0.000,0.176,0.001,0.071,-0.000,98.7,-10.1,0,-0.25,0.000
1959,40.23,0.00,1410.3,174.5,0.0,6,10569,0.000,0.178,0.001,0.071,-0.000,97.7,-10.0,0,-0.25,0.000
1960,40.25,0.00,1411.2,173.7,0.0,6,10518,0.000,0.179,0.001,0.071,-0.000,96.7,-9.9,0,-0.24,0.000
1961,40.27,0.00,1412.2,172.9,0.0,6,10468,0.000,0.180,0.001,0.071,-0.000,95.8,-9.8,0,-0.24,0.000
1962,40.29,0.00,1413.2,172.1,0.0,6,10419,0.000,0.181,0.001,0.071,-0.000,94.8,-9.9,0,-0.24,0.000
1963,40.31,0.00,1414.1,171.3,0.0,6,10369,0.000,0.182,0.001,0.071,-0.000,93.8,-9.8,0,-0.24,0.000
1964,40.33,0.00,1415.1,170.5,0.0,6,10320,0.000,0.183,0.001,0.071,-0.000,92.9,-9.7,0,-0.23,0.000
1965,40.35,0.00,1416.0,169.7,0.0,6,10274,0.000,0.184,0.001,0.071,-0.000,91.9,-9.5,0,-0.23,0.000
1966,40.37,0.00,1416.9,168.8,0.0,6,10224,0.000,0.185,0.001,0.071,-0.000,90.9,-9.4,0,-0.23,0.000
1967,40.39,0.00,1417.9,168.0,0.0,6,10174,0.000,0.186,0.001,0.071,-0.000,90.0,-9.3,0,-0.22,0.000
1968,40.41,0.00,1418.8,167.2,0.0,6,10124,0.000,0.187,0.000,0.071,-0.000,89.0,-9.2,0,-0.22,0.000
1969,40.43,0.00,1419.7,166.4,0.0,6,10074,0.000,0.188,0.000,0.071,0.000,88.1,-9.1,0,-0.22,0.000
1970,40.45,0.00,1420.7,165.6,0.0,6,10024,0.000,0.189,0.001,0.071,0.000,87.1,-9.2,0,-0.21,0.000
1971,40.47,0.00,1421.6,164.8,0.0,6,9974,0.000,0.190,0.001,0.071,0.000,86.2,-9.1,0,-0.21,0.000
1972,40.49,0.00,1422.5,164.0,0.0,6,9925,0.000,0.192,0.001,0.071,0.000,85.3,-9.0,0,-0.21,0.000
1973,40.51,0.00,1423.4,163.2,0.0,6,9876,0.000,0.192,0.001,0.071,0.000,84.3,-8.8,0,-0.21,0.000
1974,40.53,0.00,1424.3,162.4,0.0,6,9829,0.000,0.193,0.001,0.071,0.000,83.4,-8.7,0,-0.20,0.000
1975,40.55,0.00,1425.2,161.6,0.0,6,9778,0.000,0.194,0.001,0.071,0.000,82.5,-8.6,0,-0.20,0.000
1976,40.57,0.00,1426.1,160.8,0.0,6,9727,0.000,0.195,0.001,0.071,0.000,81.6,-8.5,0,-0.20,0.000
1977,40.59,0.00,1427.0,160.0,0.0,6,9677,0.000,0.196,0.000,0.071,0.000,80.7,-8.4,0,-0.20,0.000
1978,40.61,0.00,1427.9,159.2,0.0,5,10522,0.000,0.198,0.001,0.071,0.000,79.8,-7.6,0,-0.19,0.000
1979,40.63,0.00,1428.8,158.4,0.0,5,10491,0.000,0.201,0.000,0.071,0.000,78.9,-7.6,0,-0.19,0.000
1980,40.65,0.00,1429.6,157.7,0.0,5,10398,0.000,0.204,0.000,0.071,0.000,78.0,-8.2,0,-0.19,0.000
1981,40.67,0.00,1430.5,156.8,0.0,5,10334,0.000,0.203,-0.000,0.071,0.000,77.1,-8.4,0,-0.19,0.000
1982,40.69,0.00,1431.4,156.0,-0.0,5,10281,0.000,0.201,-0.001,0.071,-0.000,76.2,-8.2,0,-0.19,0.000
1983,40.71,0.00,1432.2,155.1,-0.0,5,10226,0.000,0.200,-0.001,0.071,-0.000,75.4,-8.2,0,-0.19,0.000
1984,40.73,0.00,1433.1,154.3,-0.0,5,10170,0.000,0.199,-0.001,0.071,-0.000,74.5,-8.2,0,-0.19,0.000
1985,40.75,0.00,1434.0,153.5,-0.0,5,10114,0.000,0.199,-0.001,0.071,-0.000,73.6,-8.2,0,-0.20,0.000
1986,40.77,0.00,1434.8,152.6,-0.0,5,10059,0.000,0.199,0.018,0.071,-0.000,72.8,-8.1,0,-0.75,0.000
1987,40.79,0.00,1435.7,151.8,0.0,5,10005,0.000,0.196,0.015,0.071,-0.001,72.0,-8.0,0,-0.74,0.000
1988,40.81,0.00,1436.5,151.0,-0.1,5,9952,0.000,0.188,0.009,0.072,-0.002,71.3,-8.2,0,-0.73,0.000
1989,40.83,0.00,1437.3,150.2,-0.2,5,9903,0.000,0.181,0.003,0.072,-0.003,70.6,-8.3,0,-0.72,0.000
1990,40.85,0.00,1438.2,149.4,-0.2,5,9855,0.000,0.178,-0.002,0.072,-0.004,69.9,-8.4,0,-0.71,0.000
1991,40.87,0.00,1439.0,148.7,-0.3,5,9809,0.000,0.178,-0.005,0.072,-0.005,69.1,-8.3,0,-0.70,0.000
1992,40.89,0.00,1439.8,147.9,-0.2,5,9761,0.000,0.181,-0.005,0.073,-0.005,68.3,-8.2,0,-0.69,0.000
1993,40.91,0.00,1440.6,147.2,-0.2,5,9709,0.000,0.186,-0.005,0.073,-0.004,67.5,-8.0,0,-0.69,0.000
1994,40.93,0.00,1441.4,146.4,-0.1,5,9655,0.000,0.191,-0.004,0.074,-0.004,66.6,-7.8,0,-0.69,0.000
1995,40.95,0.00,1442.3,145.7,-0.1,5,9601,0.000,0.196,-0.002,0.074,-0.004,65.7,-7.7,0,-0.68,0.000
1996,40.97,0.00,1443.1,144.9,-0.0,5,9546,0.000,0.200,-0.002,0.075,-0.004,64.9,-7.5,0,-0.68,0.000
1997,40.99,0.00,1443.9,144.1,-0.0,5,9492,0.000,0.202,-0.001,0.075,-0.004,64.0,-7.5,0,-0.67,0.000
1998,41.01,0.00,1444.7,143.3,-0.0,5,9437,0.000,0.204,-0.001,0.076,-0.003,63.2,-7.5,0,-0.67,0.000
1999,41.03,0.00,1445.5,142.5,-0.0,5,9383,0.000,0.206,-0.001,0.076,-0.003,62.4,-7.4,0,-0.66,0.000
2000,41.05,0.00,1446.2,141.7,-0.0,5,9329,0.000,0.207,-0.001,0.076,-0.003,61.6,-7.2,0,-0.66,0.000
2001,41.07,0.00,1447.0,140.8,-0.0,5,9279,0.000,0.208,-0.001,0.077,-0.003,60.8,-7.0,0,-0.66,0.000
2002,41.09,0.00,1447.8,140.0,-0.0,5,9225,0.000,0.209,-0.001,0.077,-0.003,60.0,-6.9,0,-0.65,0.000
2003,41.11,0.00,1448.6,139.2,-0.0,5,9170,0.000,0.210,-0.001,0.078,-0.003,59.2,-6.8,0,-0.65,0.000
2004,41.13,0.00,1449.4,138.4,-0.0,5,9115,0.000,0.211,-0.002,0.078,-0.003,58.4,-6.7,0,-0.64,0.000
2005,41.15,0.00,1450.1,137.6,-0.0,5,9060,0.000,0.212,-0.002,0.079,-0.003,57.6,-6.6,0,-0.64,0.000
2006,41.17,0.00,1450.9,136.8,-0.0,5,9006,0.000,0.214,-0.001,0.079,-0.003,56.9,-6.5,0,-0.64,0.000
2007,41.19,0.00,1451.6,136.0,-0.0,5,8951,0.000,0.215,-0.001,0.079,-0.003,56.1,-6.6,0,-0.64,0.000
2008,41.21,0.00,1452.4,135.2,-0.0,5,8897,0.000,0.216,-0.001,0.080,-0.003,55.3,-6.5,0,-0.64,0.000
2009,41.23,0.00,1453.1,134.3,-0.0,5,8843,0.000,0.217,-0.001,0.080,-0.003,54.6,-6.4,0,-0.64,0.000
2010,41.25,0.00,1453.9,133.5,-0.0,5,8789,0.000,0.218,-0.001,0.081,-0.003,53.8,-6.3,0,-0.64,0.000
2011,41.27,0.00,1454.6,132.7,-0.0,5,8738,0.000,0.218,-0.001,0.081,-0.003,53.0,-6.1,0,-0.64,0.000
2012,41.29,0.00,1455.4,131.9,-0.0,5,8684,0.000,0.219,-0.001,0.081,-0.003,52.3,-6.0,0,-0.65,0.000
2013,41.31,0.00,1456.1,131.1,-0.0,5,8629,0.000,0.221,-0.000,0.082,-0.003,51.5,-5.9,0,-0.66,0.000
2014,41.33,0.00,1456.8,130.3,-0.0,5,8573,0.000,0.221,0.000,0.082,-0.003,50.8,-5.8,0,-0.69,0.000
2015,41.35,0.00,1457.5,129.5,-0.0,5,8519,0.000,0.222,0.042,0.082,-0.003,50.1,-5.7,0,-1.88,0.000
2016,41.37,0.00,1458.3,128.7,0.1,4,9452,0.000,0.218,0.037,0.083,-0.004,49.5,-5.0,0,-1.87,0.000
2017,41.39,0.00,1459.0,127.9,-0.0,4,9427,0.000,0.209,0.026,0.084,-0.006,49.0,-5.0,0,-1.86,0.000
2018,41.41,0.00,1459.7,127.1,-0.1,4,9306,0.000,0.198,0.014,0.084,-0.009,48.5,-6.2,0,-1.84,0.000
2019,41.43,0.00,1460.4,126.3,-0.3,4,9248,0.000,0.189,0.004,0.085,-0.011,47.9,-6.6,0,-1.83,0.000
2020,41.45,0.00,1461.1,125.6,-0.3,4,9197,0.000,0.186,-0.003,0.086,-0.012,47.4,-6.7,0,-1.82,0.000
2021,41.47,0.00,1461.8,124.8,-0.3,4,9146,0.000,0.187,-0.007,0.088,-0.013,46.7,-6.7,0,-1.82,0.000
2022,41.49,0.00,1462.5,124.1,-0.3,4,9095,0.000,0.191,-0.008,0.089,-0.013,46.0,-6.5,0,-1.82,0.000
2023,41.51,0.00,1463.2,123.4,-0.3,4,9040,0.000,0.197,-0.007,0.090,-0.013,45.3,-6.3,0,-1.82,0.000
2024,41.53,0.00,1463.8,122.6,-0.2,4,8981,0.000,0.203,-0.005,0.091,-0.012,44.6,-6.1,0,-1.82,0.000
2025,41.55,0.00,1464.5,121.9,-0.1,4,8921,0.000,0.209,-0.003,0.092,-0.012,43.9,-5.9,0,-1.83,0.000
2026,41.57,0.00,1465.2,121.1,-0.1,4,8860,0.000,0.214,-0.002,0.094,-0.012,43.1,-5.8,0,-1.83,0.000
2027,41.59,0.00,1465.9,120.3,-0.0,4,8800,0.000,0.217,-0.001,0.095,-0.012,42.4,-5.6,0,-1.84,0.000
2028,41.61,0.00,1466.5,119.5,-0.0,4,8739,0.000,0.220,-0.000,0.096,-0.012,41.8,-5.5,0,-1.84,0.000
2029,41.63,0.00,1467.2,118.7,-0.0,4,8679,0.000,0.221,-0.000,0.097,-0.011,41.1,-5.6,0,-1.85,0.000
2030,41.65,0.00,1467.8,117.9,-0.0,4,8619,0.000,0.222,0.000,0.099,-0.012,40.4,-5.5,0,-1.86,0.000
2031,41.67,0.00,1468.5,117.1,-0.0,4,8560,0.000,0.223,0.000,0.100,-0.012,39.7,-5.4,0,-1.87,0.000
2032,41.69,0.00,1469.2,116.3,-0.0,4,8500,0.000,0.224,0.000,0.101,-0.012,39.1,-5.3,0,-1.89,0.000
2033,41.71,0.00,1469.8,115.5,-0.0,4,8442,0.000,0.225,0.001,0.102,-0.012,38.4,-5.1,0,-1.91,0.000
2034,41.73,0.00,1470.4,114.6,-0.0,4,8385,0.000,0.226,0.001,0.104,-0.012,37.8,-4.9,0,-1.94,0.000
2035,41.75,0.00,1471.1,113.8,-0.0,4,8324,0.000,0.227,0.002,0.105,-0.012,37.2,-4.8,0,-1.98,0.000
2036,41.77,0.00,1471.7,113.0,-0.0,4,8263,0.000,0.228,0.200,0.106,-0.012,36.5,-4.7,0,-2.06,0.500
2037,41.79,0.00,1472.3,112.3,0.3,4,8204,0.000,0.219,0.270,0.108,-0.014,36.1,-2.4,0,-4.40,0.500
2038,41.81,0.00,1472.9,111.5,0.3,4,8148,0.000,0.185,0.232,0.110,-0.022,36.0,-0.8,0,-4.38,0.500
2039,41.83,0.00,1473.5,110.7,0.0,4,8102,0.000,0.134,0.099,0.113,-0.033,36.2,-2.9,0,-2.06,0.500
2040,41.85,0.00,1474.2,110.0,-0.6,4,8075,0.000,0.087,-0.101,0.116,-0.044,36.4,-6.4,0,-1.97,0.000
2041,41.87,0.00,1474.8,109.5,-1.4,4,8066,0.000,0.074,-0.183,0.120,-0.050,36.2,-6.8,0,-1.97,0.000
2042,41.89,0.00,1475.4,109.1,-1.6,4,8047,0.000,0.104,0.017,0.124,-0.049,35.5,-6.7,0,-4.31,0.500
2043,41.91,0.00,1476.0,108.7,-0.9,4,8005,0.000,0.147,0.115,0.127,-0.044,34.5,-6.5,0,-4.34,0.500
2044,41.93,0.00,1476.6,108.2,-0.2,4,7950,0.000,0.165,0.150,0.131,-0.036,33.9,-4.7,0,-4.36,0.500
2045,41.95,0.00,1477.2,107.6,0.0,4,7897,0.000,0.159,0.170,0.134,-0.032,33.5,-4.1,0,-4.36,0.500
2046,41.97,0.00,1477.8,107.0,0.0,4,7852,0.000,0.137,0.175,0.137,-0.030,33.4,-4.3,0,-4.35,0.500
2047,41.99,0.00,1478.4,106.4,-0.1,4,7815,0.000,0.108,0.170,0.140,-0.031,33.4,-5.1,0,-4.33,0.500
2048,42.01,0.00,1479.0,105.9,-0.3,4,7788,0.000,0.076,0.158,0.143,-0.033,33.4,-6.0,0,-4.31,0.500
2049,42.03,0.00,1479.6,105.4,-0.6,4,7771,0.000,0.047,0.143,0.146,-0.035,33.6,-6.8,0,-4.28,0.500
2050,42.05,0.00,1480.2,105.1,-0.9,4,7760,0.000,0.023,0.130,0.148,-0.038,33.7,-7.4,0,-4.25,0.500
2051,42.07,0.00,1480.8,104.9,-1.1,4,7754,0.000,0.005,0.118,0.151,-0.040,33.8,-7.8,0,-4.23,0.500
2052,42.09,0.00,1481.4,104.7,-1.2,4,7749,0.050,0.000,0.110,0.154,-0.041,33.8,-8.1,0,-4.21,0.500
2053,42.11,0.00,1482.0,104.6,-1.2,4,7759,0.100,0.000,0.106,0.157,-0.041,33.8,-7.7,0,-4.19,0.500
2054,42.13,0.00,1482.5,104.5,-1.2,4,7770,0.150,0.000,0.106,0.160,-0.041,33.7,-7.3,0,-4.18,0.500
2055,42.15,0.00,1483.1,104.4,-1.1,4,7783,0.200,0.000,0.109,0.162,-0.040,33.6,-6.8,0,-4.17,0.500
2056,42.17,0.00,1483.7,104.4,-1.0,4,7799,0.000,0.005,0.114,0.165,-0.038,33.4,-6.4,0,-4.16,0.500
2057,42.19,0.00,1484.3,104.3,-0.9,4,7722,0.000,0.010,0.120,0.168,-0.036,33.3,-7.9,0,-4.15,0.500
2058,42.21,0.00,1484.9,104.1,-0.9,4,7707,0.000,0.011,0.125,0.170,-0.035,33.2,-7.9,0,-4.14,0.500
2059,42.23,0.00,1485.5,104.0,-0.8,4,7694,0.000,0.010,0.128,0.173,-0.034,33.0,-7.8,0,-4.13,0.500
2060,42.25,0.00,1486.1,103.8,-0.8,4,7681,0.000,0.008,0.129,0.175,-0.033,32.9,-7.9,0,-4.12,0.500
2061,42.27,0.00,1486.7,103.6,-0.8,4,7670,0.000,0.004,0.129,0.178,-0.033,32.9,-7.9,0,-4.11,0.500
2062,42.29,0.00,1487.2,103.5,-0.8,4,7659,0.000,0.000,0.127,0.180,-0.033,32.8,-8.0,0,-4.09,0.500
2063,42.31,0.00,1487.8,103.3,-0.8,4,7650,0.050,0.000,0.126,0.182,-0.033,32.8,-8.0,0,-4.08,0.500
2064,42.33,0.00,1488.4,103.2,-0.9,4,7658,0.100,0.000,0.126,0.185,-0.033,32.7,-7.6,0,-4.07,0.500
2065,42.35,0.00,1489.0,103.1,-0.9,4,7669,0.150,0.000,0.126,0.187,-0.032,32.6,-7.2,0,-4.06,0.500
2066,42.37,0.00,1489.6,103.1,-0.9,4,7682,0.200,0.000,0.126,0.189,-0.032,32.5,-6.7,0,-4.05,0.500
2067,42.39,0.00,1490.2,103.0,-0.8,4,7698,0.000,0.005,0.127,0.191,-0.031,32.4,-6.3,0,-4.04,0.500
2068,42.41,0.00,1490.7,102.9,-0.8,4,7622,0.000,0.007,0.129,0.193,-0.030,32.3,-7.8,0,-4.03,0.500
2069,42.43,0.00,1491.3,102.8,-0.8,4,7609,0.000,0.006,0.131,0.196,-0.030,32.2,-7.8,0,-4.02,0.500
2070,42.45,0.00,1491.9,102.6,-0.8,4,7597,0.000,0.005,0.133,0.198,-0.029,32.1,-7.8,0,-4.01,0.500
2071,42.47,0.00,1492.5,102.5,-0.8,4,7586,0.000,0.003,0.134,0.199,-0.028,32.1,-7.8,0,-4.00,0.500
2072,42.49,0.00,1493.0,102.3,-0.8,4,7576,0.000,0.001,0.135,0.201,-0.028,32.0,-7.9,0,-3.99,0.500
2073,42.51,0.00,1493.6,102.2,-0.8,4,7566,0.050,0.000,0.134,0.203,-0.028,31.9,-7.9,0,-3.99,0.500
2074,42.53,0.00,1494.2,102.0,-0.8,4,7574,0.100,0.000,0.133,0.205,-0.028,31.8,-7.5,0,-3.98,0.500
2075,42.55,0.00,1494.8,102.0,-0.8,4,7585,0.150,0.000,0.133,0.207,-0.027,31.8,-7.1,0,-3.97,0.500
2076,42.57,0.00,1495.4,101.9,-0.8,4,7598,0.000,0.002,0.134,0.209,-0.027,31.7,-6.6,0,-3.96,0.500
2077,42.59,0.00,1495.9,101.8,-0.8,4,7540,0.000,0.003,0.136,0.210,-0.026,31.6,-7.8,0,-3.96,0.500
2078,42.61,0.00,1496.5,101.7,-0.8,4,7528,0.000,0.002,0.137,0.212,-0.026,31.5,-7.8,0,-3.95,0.500
2079,42.63,0.00,1497.1,101.5,-0.8,4,7517,0.000,0.001,0.138,0.214,-0.025,31.4,-7.8,0,-3.95,0.500
2080,42.65,0.00,1497.7,101.4,-0.8,4,7507,0.050,0.000,0.139,0.215,-0.025,31.3,-7.8,0,-3.94,0.500
2081,42.67,0.00,1498.2,101.3,-0.8,4,7515,0.100,0.000,0.139,0.217,-0.025,31.2,-7.4,0,-3.94,0.500
2082,42.69,0.00,1498.8,101.2,-0.8,4,7525,0.000,0.000,0.140,0.218,-0.024,31.2,-7.0,0,-3.93,0.500
2083,42.71,0.00,1499.4,101.1,-0.8,4,7484,0.000,0.000,0.141,0.220,-0.024,31.1,-7.8,0,-3.93,0.500
2084,42.73,0.00,1500.0,100.9,-0.8,4,7474,0.050,0.000,0.142,0.221,-0.024,31.0,-7.8,0,-3.93,0.500
2085,42.75,0.00,1500.5,100.8,-0.8,4,7481,0.100,0.000,0.143,0.223,-0.023,30.9,-7.4,0,-3.92,0.500
2086,42.77,0.00,1501.1,100.7,-0.8,4,7491,0.000,0.001,0.144,0.224,-0.023,30.8,-7.0,0,-3.92,0.500
2087,42.79,0.00,1501.7,100.6,-0.7,4,7450,0.000,0.001,0.144,0.225,-0.023,30.7,-7.7,0,-3.92,0.500
2088,42.81,0.00,1502.3,100.4,-0.8,4,7439,0.050,0.000,0.145,0.227,-0.022,30.7,-7.7,0,-3.92,0.500
2089,42.83,0.00,1502.8,100.3,-0.8,4,7447,0.100,0.000,0.146,0.228,-0.022,30.6,-7.3,0,-3.92,0.500
2090,42.85,0.00,1503.4,100.2,-0.8,4,7457,0.000,0.000,0.147,0.229,-0.021,30.5,-6.9,0,-3.92,0.500
2091,42.87,0.00,1504.0,100.1,-0.8,4,7417,0.000,0.000,0.148,0.231,-0.021,30.4,-7.7,0,-3.92,0.500
2092,42.89,0.00,1504.5,100.0,-0.7,4,7406,0.050,0.000,0.149,0.232,-0.021,30.4,-7.7,0,-3.92,0.500
2093,42.91,0.00,1505.1,99.9,-0.7,3,9110,0.100,0.000,0.149,0.233,-0.020,30.3,-7.4,0,-3.92,0.500
2094,42.93,0.00,1505.7,99.8,-0.7,3,9117,0.150,0.000,0.150,0.234,-0.020,30.2,-7.3,0,-3.93,0.500
2095,42.95,0.00,1506.2,99.7,-0.7,3,9110,0.200,0.000,0.151,0.235,-0.020,30.1,-7.1,0,-3.93,0.500
2096,42.97,0.00,1506.8,99.6,-0.8,3,9174,0.000,0.001,0.152,0.236,-0.020,30.1,-5.7,0,-3.93,0.500
2097,42.99,0.00,1507.4,99.5,-0.7,3,9040,0.000,0.001,0.154,0.237,-0.019,30.0,-8.2,0,-3.94,0.500
2098,43.01,0.00,1507.9,99.3,-0.7,3,9022,0.050,0.000,0.155,0.238,-0.019,29.9,-8.2,0,-3.94,0.500
2099,43.03,0.00,1508.5,99.2,-0.7,3,9037,0.100,0.000,0.156,0.239,-0.019,29.9,-7.6,0,-3.95,0.500
2100,43.05,0.00,1509.1,99.1,-0.7,3,9059,0.150,0.000,0.155,0.240,-0.019,29.8,-7.0,0,-3.95,0.500
2101,43.07,0.00,1509.6,99.0,-0.7,3,9086,0.200,0.000,0.156,0.241,-0.018,29.8,-6.3,0,-3.96,0.500
2102,43.09,0.00,1510.2,99.0,-0.7,3,9118,0.250,0.000,0.158,0.242,-0.018,29.7,-5.7,0,-3.97,0.500
2103,43.11,0.00,1510.8,99.1,-0.7,3,9153,0.000,0.005,0.160,0.243,-0.017,29.6,-5.0,0,-3.98,0.500
2104,43.13,0.00,1511.3,99.0,-0.7,3,8990,0.000,0.005,0.163,0.244,-0.017,29.6,-8.0,0,-3.98,0.500
2105,43.15,0.00,1511.9,98.8,-0.6,3,8970,0.050,0.000,0.165,0.245,-0.016,29.5,-8.1,0,-3.99,0.500
2106,43.17,0.00,1512.5,98.6,-0.6,3,8987,0.100,0.000,0.165,0.246,-0.016,29.5,-7.6,0,-4.00,0.500
2107,43.19,0.00,1513.0,98.5,-0.7,3,9008,0.150,0.000,0.165,0.247,-0.016,29.4,-6.9,0,-4.01,0.500
2108,43.21,0.00,1513.6,98.5,-0.7,3,9035,0.200,0.000,0.165,0.247,-0.016,29.4,-6.3,0,-4.02,0.500
2109,43.23,0.00,1514.2,98.5,-0.7,3,9067,0.250,0.000,0.166,0.248,-0.016,29.4,-5.6,0,-4.04,0.500
2110,43.25,0.00,1514.7,98.5,-0.7,3,9099,0.300,0.000,0.168,0.249,-0.016,29.3,-5.0,0,-4.05,0.500
2111,43.27,0.00,1515.3,98.6,-0.7,3,9140,0.000,0.007,0.171,0.250,-0.015,29.3,-4.4,0,-4.06,0.500
2112,43.29,0.00,1515.8,98.5,-0.6,3,8949,0.000,0.006,0.173,0.250,-0.014,29.2,-7.9,0,-4.07,0.500
2113,43.31,0.00,1516.4,98.3,-0.6,3,8927,0.050,0.000,0.174,0.251,-0.014,29.2,-8.0,0,-4.09,0.500
2114,43.33,0.00,1517.0,98.2,-0.6,3,8945,0.100,0.000,0.175,0.252,-0.014,29.2,-7.5,0,-4.10,0.500
2115,43.35,0.00,1517.5,98.0,-0.7,3,8967,0.150,0.000,0.175,0.252,-0.014,29.2,-6.9,0,-4.12,0.500
2116,43.37,0.00,1518.1,98.0,-0.7,3,8993,0.200,0.000,0.175,0.253,-0.014,29.2,-6.2,0,-4.13,0.500
2117,43.39,0.00,1518.7,98.0,-0.7,3,9021,0.250,0.000,0.176,0.253,-0.014,29.2,-5.6,0,-4.15,0.500
2118,43.41,0.00,1519.2,98.0,-0.7,3,9057,0.300,0.000,0.178,0.254,-0.014,29.2,-5.0,0,-4.16,0.500
2119,43.43,0.00,1519.8,98.1,-0.7,3,9099,0.350,0.000,0.179,0.255,-0.013,29.2,-4.3,0,-4.18,0.500
2120,43.45,0.00,1520.3,98.3,-0.7,3,9150,0.400,0.000,0.181,0.255,-0.013,29.2,-3.6,0,-4.20,0.500
2121,43.47,0.00,1520.9,98.5,-0.7,3,9207,0.000,0.006,0.185,0.256,-0.012,29.2,-2.8,0,-4.22,0.500
2122,43.49,0.00,1521.5,98.4,-0.7,3,8942,0.000,0.003,0.189,0.256,-0.012,29.2,-7.8,0,-4.23,0.500
2123,43.51,0.00,1522.0,98.2,-0.7,3,8923,0.050,0.000,0.192,0.256,-0.011,29.2,-8.0,0,-4.25,0.500
2124,43.53,0.00,1522.6,98.1,-0.6,3,8938,0.100,0.000,0.195,0.257,-0.011,29.3,-7.5,0,-4.27,0.500
2125,43.55,0.00,1523.2,98.0,-0.6,3,8958,0.150,0.000,0.194,0.257,-0.011,29.3,-6.8,0,-4.29,0.500
2126,43.57,0.00,1523.7,97.9,-0.7,3,8985,0.200,0.000,0.192,0.257,-0.011,29.4,-6.2,0,-4.31,0.500
2127,43.59,0.00,1524.3,97.9,-0.7,3,9018,0.250,0.000,0.191,0.258,-0.012,29.5,-5.5,0,-4.33,0.500
2128,43.61,0.00,1524.8,97.9,-0.8,3,9056,0.300,0.000,0.190,0.258,-0.012,29.6,-4.8,0,-4.35,0.500
2129,43.63,0.00,1525.4,98.0,-0.9,3,9099,0.350,0.000,0.191,0.258,-0.012,29.7,-4.1,0,-4.37,0.500
2130,43.65,0.00,1526.0,98.2,-0.9,3,9136,0.400,0.000,0.193,0.258,-0.012,29.7,-3.6,0,-4.39,0.500
2131,43.67,0.00,1526.5,98.4,-0.8,3,9189,0.450,0.000,0.197,0.259,-0.011,29.8,-2.9,0,-4.41,0.500
2132,43.69,0.00,1527.1,98.6,-0.8,3,9252,0.500,0.000,0.201,0.259,-0.010,29.9,-2.0,0,-4.43,0.500
2133,43.71,0.00,1527.7,98.9,-0.8,3,9329,0.550,0.000,0.204,0.259,-0.010,29.9,-1.1,0,-4.45,0.500
2134,43.73,0.00,1528.2,99.3,-0.8,3,9418,0.600,0.000,0.207,0.259,-0.009,30.0,0.1,0,-4.48,0.500
2135,43.75,0.00,1528.8,99.7,-0.9,3,9518,0.000,0.000,0.210,0.259,-0.009,30.1,1.3,0,-4.50,0.500
2136,43.77,0.00,1529.4,99.7,-0.9,3,9067,0.050,0.000,0.214,0.259,-0.008,30.2,-7.8,0,-4.52,0.500
2137,43.79,0.00,1529.9,99.6,-0.8,3,9073,0.100,0.000,0.219,0.259,-0.007,30.3,-7.5,0,-4.54,0.500
2138,43.81,0.00,1530.5,99.4,-0.7,3,9092,0.150,0.000,0.222,0.259,-0.007,30.4,-6.9,0,-4.56,0.500
2139,43.83,0.00,1531.1,99.3,-0.8,3,9119,0.200,0.000,0.222,0.258,-0.007,30.5,-6.2,0,-4.58,0.500
2140,43.85,0.00,1531.7,99.3,-0.8,3,9153,0.250,0.000,0.217,0.258,-0.008,30.7,-5.5,0,-4.60,0.500
2141,43.87,0.00,1532.2,99.3,-1.0,3,9193,0.300,0.000,0.209,0.258,-0.010,30.9,-4.7,0,-4.62,0.500
2142,43.89,0.00,1532.8,99.4,-1.1,3,9238,0.350,0.000,0.202,0.258,-0.012,31.2,-3.9,0,-4.65,0.500
2143,43.91,0.00,1533.4,99.6,-1.2,3,9284,0.400,0.000,0.196,0.258,-0.013,31.4,-3.2,0,-4.67,0.500
2144,43.93,0.00,1533.9,99.8,-1.2,3,9342,0.450,0.000,0.192,0.258,-0.014,31.6,-2.4,0,-4.69,0.500
2145,43.95,0.00,1534.5,100.0,-1.2,3,9409,0.500,0.000,0.191,0.258,-0.014,31.7,-1.5,0,-4.71,0.500
2146,43.97,0.00,1535.1,100.3,-1.3,3,9485,0.550,0.000,0.190,0.259,-0.015,31.9,-0.6,0,-4.73,0.500
2147,43.99,0.00,1535.7,100.7,-1.3,3,9568,0.600,0.000,0.188,0.259,-0.015,32.0,0.5,0,-4.75,0.500
2148,44.01,0.00,1536.2,101.1,-1.3,3,9661,0.650,0.000,0.188,0.259,-0.015,32.2,1.6,0,-4.77,0.500
2149,44.03,0.00,1536.8,101.5,-1.4,3,9743,0.700,0.000,0.188,0.259,-0.015,32.3,2.4,0,-4.79,0.500
2150,44.05,0.00,1537.4,102.0,-1.4,3,9840,0.750,0.000,0.189,0.259,-0.015,32.4,3.4,0,-4.81,0.500
2151,44.07,0.00,1538.0,102.6,-1.5,3,9958,0.800,0.000,0.190,0.259,-0.015,32.5,4.7,0,-4.83,0.500
2152,44.09,0.00,1538.6,103.2,-1.6,3,10094,0.650,0.000,0.189,0.259,-0.016,32.7,6.2,0,-4.85,0.500
2153,44.11,0.00,1539.2,103.8,-1.7,3,10003,0.000,0.012,0.186,0.259,-0.017,32.9,3.5,0,-4.87,0.500
2154,44.13,0.00,1539.8,103.9,-1.6,3,9436,0.000,0.006,0.184,0.259,-0.017,33.0,-7.7,0,-4.89,0.500
2155,44.15,0.00,1540.3,103.6,-1.5,3,9400,0.050,0.000,0.185,0.259,-0.017,33.1,-8.4,0,-4.90,0.500
2156,44.17,0.00,1540.9,103.4,-1.4,3,9417,0.100,0.000,0.184,0.259,-0.017,33.3,-8.0,0,-4.92,0.500
2157,44.19,0.00,1541.5,103.3,-1.4,3,9441,0.150,0.000,0.180,0.260,-0.018,33.5,-7.2,0,-4.94,0.500
2158,44.21,0.00,1542.1,103.2,-1.4,3,9470,0.200,0.000,0.175,0.260,-0.019,33.7,-6.5,0,-4.96,0.500
2159,44.23,0.00,1542.7,103.1,-1.5,3,9505,0.250,0.000,0.168,0.261,-0.021,34.0,-5.7,0,-4.98,0.500
2160,44.25,0.00,1543.3,103.2,-1.5,3,9545,0.300,0.000,0.160,0.261,-0.022,34.2,-4.9,0,-4.99,0.500
2161,44.27,0.00,1543.9,103.2,-1.5,3,9589,0.350,0.000,0.155,0.262,-0.024,34.4,-4.2,0,-5.01,0.500
2162,44.29,0.00,1544.5,103.4,-1.5,3,9633,0.400,0.000,0.153,0.263,-0.024,34.6,-3.5,0,-5.03,0.500
2163,44.31,0.00,1545.1,103.6,-1.4,3,9686,0.450,0.000,0.154,0.264,-0.024,34.7,-2.8,0,-5.05,0.500
2164,44.33,0.00,1545.7,103.8,-1.3,3,9747,0.500,0.000,0.157,0.265,-0.023,34.8,-2.0,0,-5.06,0.500
2165,44.35,0.00,1546.2,104.1,-1.2,3,9816,0.550,0.000,0.161,0.266,-0.022,34.9,-1.2,0,-5.08,0.500
2166,44.37,0.00,1546.8,104.5,-1.2,3,9895,0.600,0.000,0.163,0.267,-0.022,35.0,-0.3,0,-5.11,0.500
2167,44.39,0.00,1547.4,104.9,-1.1,3,9979,0.650,0.000,0.166,0.268,-0.021,35.1,0.7,0,-5.13,0.500
2168,44.41,0.00,1548.0,105.4,-1.1,3,10060,0.700,0.000,0.168,0.269,-0.021,35.2,1.4,0,-5.15,0.500
2169,44.43,0.00,1548.7,105.9,-1.1,3,10161,0.750,0.000,0.170,0.270,-0.021,35.3,2.5,0,-5.18,0.500
2170,44.45,0.00,1549.2,106.4,-1.2,3,10277,0.800,0.000,0.170,0.271,-0.021,35.5,3.7,0,-5.21,0.500
2171,44.47,0.00,1549.9,107.1,-1.3,3,10412,0.650,0.000,0.169,0.272,-0.021,35.6,5.3,0,-5.25,0.500
2172,44.49,0.00,1550.5,107.6,-1.4,3,10323,0.000,0.003,0.164,0.273,-0.022,35.9,2.6,0,-5.29,0.500
2173,44.51,0.00,1551.1,107.7,-1.4,3,9784,0.050,0.000,0.162,0.273,-0.023,36.0,-8.4,0,-5.33,0.500
2174,44.53,0.00,1551.7,107.5,-1.3,3,9788,0.100,0.000,0.162,0.274,-0.023,36.2,-8.3,0,-5.37,0.500
2175,44.55,0.00,1552.3,107.4,-1.3,3,9809,0.150,0.000,0.161,0.276,-0.024,36.4,-7.7,0,-5.42,0.500
2176,44.57,0.00,1552.9,107.3,-1.3,3,9837,0.200,0.000,0.043,0.277,-0.025,36.6,-6.9,0,-2.19,0.500
2177,44.59,0.00,1553.5,107.2,-1.5,3,9869,0.250,0.000,0.045,0.278,-0.024,36.7,-6.3,0,-2.18,0.500
2178,44.61,0.00,1554.2,107.3,-1.4,3,9905,0.300,0.000,0.061,0.279,-0.021,36.6,-5.6,0,-2.23,0.500
2179,44.63,0.00,1554.8,107.4,-1.2,3,9945,0.350,0.000,0.198,0.279,-0.017,36.3,-5.0,0,-5.59,0.500
2180,44.65,0.00,1555.4,107.5,-0.8,3,9987,0.400,0.000,0.216,0.280,-0.013,36.2,-4.1,0,-5.64,0.500
2181,44.67,0.00,1556.0,107.7,-0.6,3,10038,0.450,0.000,0.222,0.280,-0.012,36.2,-3.4,0,-5.69,0.500
2182,44.69,0.00,1556.6,107.9,-0.5,3,10098,0.500,0.000,0.221,0.281,-0.013,36.4,-2.6,0,-5.77,0.500
2183,44.71,0.00,1557.2,108.2,-0.6,3,10170,0.550,0.000,0.092,0.282,-0.014,36.7,-1.7,0,-2.27,0.500
2184,44.73,0.00,1557.8,108.6,-0.9,3,10249,0.600,0.000,0.085,0.283,-0.015,36.9,-1.1,0,-2.24,0.500
2185,44.75,0.00,1558.5,109.0,-1.0,3,10335,0.650,0.000,0.090,0.283,-0.014,36.9,-0.1,0,-2.25,0.500
2186,44.77,0.00,1559.1,109.5,-1.0,3,10414,0.000,0.028,0.102,0.284,-0.012,36.9,0.6,0,-2.28,0.500
2187,44.79,0.00,1559.7,109.5,-0.9,3,9927,0.000,0.035,0.116,0.284,-0.009,36.8,-8.3,0,-2.33,0.500
2188,44.81,0.00,1560.3,109.1,-0.7,3,9886,0.000,0.024,0.129,0.284,-0.007,36.7,-8.5,0,-2.40,0.500
2189,44.83,0.00,1560.9,108.8,-0.7,3,9861,0.000,0.007,0.136,0.284,-0.006,36.7,-8.7,0,-2.42,0.500
2190,44.85,0.00,1561.6,108.6,-0.7,3,9843,0.050,0.000,0.135,0.284,-0.006,36.8,-9.1,0,-2.39,0.500
2191,44.87,0.00,1562.2,108.3,-0.7,3,9862,0.100,0.000,0.131,0.284,-0.007,37.0,-8.6,0,-2.37,0.500
2192,44.89,0.00,1562.8,108.2,-0.8,3,9884,0.150,0.000,0.127,0.284,-0.007,37.2,-7.8,0,-2.36,0.500
2193,44.91,0.00,1563.4,108.1,-0.9,3,9911,0.200,0.000,0.124,0.284,-0.008,37.3,-7.1,0,-2.36,0.500
2194,44.93,0.00,1564.0,108.1,-0.9,3,9943,0.250,0.000,0.122,0.283,-0.009,37.5,-6.4,0,-2.37,0.500
2195,44.95,0.00,1564.6,108.1,-0.9,3,9980,0.300,0.000,0.122,0.283,-0.009,37.6,-5.7,0,-2.38,0.500
2196,44.97,0.00,1565.2,108.2,-0.9,3,10022,0.350,0.000,0.122,0.283,-0.009,37.7,-5.0,0,-2.41,0.500
2197,44.99,0.00,1565.9,108.3,-0.9,3,10069,0.400,0.000,0.124,0.283,-0.009,37.8,-4.3,0,-2.43,0.500
2198,45.01,0.00,1566.5,108.5,-0.9,3,10119,0.450,0.000,0.127,0.283,-0.008,37.9,-3.6,0,-2.46,0.500
2199,45.03,0.00,1567.1,108.8,-0.8,3,10178,0.500,0.000,0.131,0.283,-0.008,37.9,-2.9,0,-2.49,0.500
2200,45.05,0.00,1567.7,109.1,-0.8,3,10246,0.550,0.000,0.135,0.283,-0.007,38.0,-2.1,0,-2.52,0.500
2201,45.07,0.00,1568.3,109.4,-0.8,3,10322,0.600,0.000,0.138,0.283,-0.007,38.1,-1.2,0,-2.56,0.500
2202,45.09,0.00,1569.0,109.8,-0.8,3,10406,0.650,0.000,0.140,0.283,-0.007,38.2,-0.3,0,-2.60,0.500
2203,45.11,0.00,1569.6,110.3,-0.8,3,10500,0.700,0.000,0.140,0.283,-0.007,38.3,0.8,0,-2.64,0.500
2204,45.13,0.00,1570.2,110.5,-0.8,4,8537,0.750,0.000,0.140,0.283,-0.007,38.4,-7.7,0,-2.69,0.500
2205,45.15,0.00,1570.8,110.3,-0.8,4,8546,0.800,0.000,0.141,0.283,-0.007,38.6,-8.1,0,-2.75,0.500
2206,45.17,0.00,1571.5,110.2,-0.8,4,8193,0.850,0.000,0.140,0.283,-0.008,38.8,-7.8,0,-2.81,0.500
2207,45.19,0.00,1572.1,110.4,-0.9,4,8560,0.900,0.000,0.137,0.283,-0.009,39.0,0.8,0,-2.88,0.500
2208,45.21,0.00,1572.7,110.9,-1.1,4,8667,0.950,0.000,0.131,0.283,-0.011,39.3,2.7,0,-2.96,0.500
2209,45.23,0.00,1573.3,111.5,-1.3,4,8753,1.000,0.000,0.126,0.283,-0.013,39.6,3.8,0,-3.06,0.500
2210,45.25,0.00,1574.0,112.1,-1.5,4,8833,1.000,0.000,0.121,0.283,-0.015,39.8,4.7,0,-3.17,0.500
2211,45.27,0.00,1574.6,112.7,-1.6,4,8883,1.000,0.000,0.118,0.283,-0.016,40.1,4.8,0,-3.29,0.497
2212,45.29,0.00,1575.3,113.4,-1.7,4,8928,1.000,0.000,0.115,0.283,-0.017,40.3,4.7,0,-3.42,0.491
2213,45.31,0.00,1575.9,114.0,-1.8,4,8979,0.000,0.017,0.114,0.284,-0.017,40.6,4.7,0,-3.56,0.486
2214,45.33,0.00,1576.6,114.2,-1.7,4,8449,0.000,0.014,0.116,0.284,-0.017,40.8,-8.0,0,-3.71,0.481
2215,45.35,0.00,1577.2,113.9,-1.5,4,8424,0.050,0.000,0.122,0.284,-0.017,40.9,-8.6,0,-3.85,0.478
2216,45.37,0.00,1577.8,113.7,-1.3,4,8436,0.100,0.000,0.126,0.285,-0.017,41.1,-8.4,0,-4.02,0.473
2217,45.39,0.00,1578.5,113.6,-1.2,4,8447,0.150,0.000,0.127,0.285,-0.017,41.4,-7.9,0,-4.22,0.465
2218,45.41,0.00,1579.1,113.5,-1.2,4,8461,0.200,0.000,0.126,0.286,-0.018,41.8,-7.4,0,-4.45,0.455
2219,45.43,0.00,1579.8,113.5,-1.2,4,8478,0.250,0.000,0.123,0.287,-0.019,42.3,-6.9,0,-4.72,0.444
2220,45.45,0.00,1580.4,113.4,-1.2,4,8498,0.300,0.000,0.120,0.287,-0.021,42.8,-6.4,0,-5.02,0.431
2221,45.47,0.00,1581.1,113.5,-1.3,4,8520,0.350,0.000,0.120,0.288,-0.022,43.3,-5.9,0,-5.36,0.418
2222,45.49,0.00,1581.7,113.5,-1.2,4,8545,0.400,0.000,0.121,0.290,-0.023,43.8,-5.3,0,-5.73,0.404
2223,45.51,0.00,1582.4,113.7,-1.2,4,8574,0.450,0.000,0.125,0.291,-0.023,44.4,-4.8,0,-6.14,0.390
2224,45.53,0.00,1583.0,113.8,-1.1,4,8607,0.500,0.000,0.130,0.292,-0.024,45.0,-4.3,0,-6.60,0.376
2225,45.55,0.00,1583.7,114.0,-1.1,4,8644,0.550,0.000,0.137,0.294,-0.024,45.6,-3.7,0,-7.13,0.360
2226,45.57,0.00,1584.3,114.2,-1.1,4,8686,0.600,0.000,0.125,0.295,-0.025,46.3,-3.1,0,-7.17,0.342
2227,45.59,0.00,1584.9,114.5,-1.1,4,8731,0.650,0.000,0.108,0.297,-0.026,47.1,-2.5,0,-7.10,0.322
2228,45.61,0.00,1585.6,114.8,-1.1,4,8781,0.700,0.000,0.094,0.298,-0.026,47.9,-1.9,0,-7.03,0.303
2229,45.63,0.00,1586.2,115.2,-1.1,4,8833,0.750,0.000,0.084,0.300,-0.025,48.6,-1.3,0,-6.97,0.286
2230,45.65,0.00,1586.9,115.6,-1.1,4,8892,0.800,0.000,0.078,0.302,-0.024,49.2,-0.7,0,-6.91,0.270
2231,45.67,0.00,1587.6,116.1,-1.1,4,8955,0.850,0.000,0.075,0.303,-0.023,49.8,-0.0,0,-6.87,0.255
2232,45.69,0.00,1588.2,116.6,-1.0,4,9023,0.900,0.000,0.073,0.305,-0.021,50.4,0.7,0,-6.82,0.241
2233,45.71,0.00,1588.9,117.2,-1.0,4,9097,0.950,0.000,0.073,0.306,-0.020,50.9,1.5,0,-6.78,0.227
2234,45.73,0.00,1589.5,117.8,-1.0,4,9179,1.000,0.000,0.073,0.307,-0.018,51.5,2.4,0,-6.74,0.213
2235,45.75,0.00,1590.2,118.4,-1.0,4,9272,1.000,0.000,0.073,0.308,-0.016,52.1,3.4,0,-6.70,0.197
2236,45.77,0.00,1590.9,119.1,-1.0,4,9334,1.000,0.000,0.071,0.309,-0.014,52.8,3.7,0,-6.65,0.179
2237,45.79,0.00,1591.6,119.8,-1.0,4,9390,1.000,0.000,0.019,0.309,-0.012,53.6,3.8,0,-5.21,0.160
2238,45.81,0.00,1592.2,120.5,-1.1,4,9444,1.000,0.000,0.003,0.309,-0.009,54.1,3.8,0,-4.56,0.146
2239,45.83,0.00,1592.9,121.2,-1.1,4,9491,1.000,0.000,0.019,0.309,-0.005,54.2,3.6,0,-4.41,0.146
2240,45.85,0.00,1593.6,121.9,-1.0,4,9538,1.000,0.000,0.047,0.308,0.001,54.0,3.4,0,-4.38,0.150
2241,45.87,0.00,1594.3,122.6,-0.8,4,9586,1.000,0.000,0.070,0.307,0.006,54.0,3.3,0,-4.33,0.151
2242,45.89,0.00,1595.0,123.3,-0.6,4,9635,1.000,0.000,0.081,0.306,0.009,54.3,3.2,0,-4.24,0.143
2243,45.91,0.00,1595.7,124.0,-0.6,4,9689,1.000,0.000,0.084,0.304,0.012,55.0,3.2,0,-4.17,0.125
2244,45.93,0.00,1596.4,124.6,-0.7,4,9744,1.000,0.000,0.082,0.302,0.014,56.0,3.3,0,-4.20,0.099
2245,45.95,0.00,1597.1,125.3,-0.8,4,9802,1.000,0.000,0.074,0.299,0.015,57.3,3.4,0,-4.22,0.067
2246,45.97,0.00,1597.8,126.0,-0.9,4,9860,1.000,0.000,0.060,0.296,0.017,58.8,3.5,0,-4.08,0.031
2247,45.99,0.00,1598.5,126.7,-1.1,4,9916,1.000,0.000,0.048,0.293,0.018,60.2,3.6,0,-3.98,-0.005
2248,46.01,0.00,1599.3,127.4,-1.2,4,9968,1.000,0.000,0.042,0.290,0.021,61.5,3.6,0,-3.90,-0.038
2249,46.03,0.00,1600.0,128.0,-1.2,4,10020,1.000,0.000,0.041,0.286,0.023,62.6,3.5,0,-3.84,-0.066
2250,46.05,0.00,1600.7,128.7,-1.2,4,10067,1.000,0.000,0.045,0.282,0.027,63.7,3.4,0,-3.80,-0.092
2251,46.07,0.00,1601.4,129.4,-1.1,4,10113,1.000,0.000,0.051,0.278,0.030,64.7,3.2,0,-3.75,-0.117
2252,46.09,0.00,1602.2,130.1,-1.1,4,10158,1.000,0.000,0.054,0.273,0.034,65.8,3.1,0,-3.71,-0.146
2253,46.11,0.00,1602.9,130.8,-1.0,4,10204,1.000,0.000,0.053,0.268,0.037,67.2,2.9,0,-3.66,-0.179
2254,46.13,0.00,1603.7,131.5,-1.0,4,10254,1.000,0.000,0.050,0.262,0.040,68.7,2.9,0,-3.61,-0.218
2255,46.15,0.00,1604.4,132.1,-1.0,4,10305,1.000,0.000,0.046,0.256,0.043,70.4,2.8,0,-3.56,-0.259
2256,46.17,0.00,1605.1,132.8,-1.0,4,10354,1.000,0.000,0.043,0.250,0.046,72.1,2.7,0,-3.52,-0.302
2257,46.19,0.00,1605.9,133.5,-1.0,4,10402,1.000,0.000,0.040,0.243,0.050,73.8,2.6,0,-3.48,-0.345
2258,46.21,0.00,1606.6,134.2,-1.0,4,10451,1.000,0.000,0.039,0.235,0.053,75.5,2.5,0,-3.45,-0.388
2259,46.23,0.00,1607.4,134.8,-1.0,4,10503,1.000,0.000,0.039,0.228,0.057,77.2,2.5,0,-3.42,-0.431
2260,46.25,0.00,1608.2,135.5,-0.9,4,10552,1.000,0.000,0.038,0.219,0.061,79.1,2.5,0,-3.37,-0.476
2261,46.27,0.00,1608.9,136.2,-0.9,4,10599,1.000,0.000,0.049,0.211,0.065,80.9,2.3,0,-3.32,-0.500
2262,46.29,0.00,1609.7,136.9,-0.9,4,10646,1.000,0.000,0.064,0.201,0.068,83.2,2.2,0,-3.08,-0.500
2263,46.31,0.00,1610.5,137.5,-0.8,4,10694,1.000,0.000,0.075,0.192,0.072,86.2,2.2,0,-2.80,-0.500
2264,46.33,0.00,1611.2,138.2,-0.9,4,10750,1.000,0.000,0.083,0.181,0.074,90.5,2.3,0,-2.54,-0.500
2265,46.35,0.00,1612.0,138.9,-1.0,4,10802,1.000,0.000,0.088,0.171,0.075,96.5,2.3,0,-2.30,-0.500
2266,46.37,0.00,1612.8,139.5,-1.1,4,10856,1.000,0.000,0.087,0.160,0.075,104.4,2.4,0,-2.10,-0.500
2267,46.39,0.00,1613.5,140.2,-1.3,4,10910,1.000,0.000,0.287,0.150,0.069,114.7,2.6,0,-1.90,0.000
2268,46.41,0.00,1614.3,140.4,-1.2,5,9796,1.000,0.000,0.338,0.140,0.061,130.3,-8.7,0,-1.70,0.000
2269,46.43,0.00,1615.1,140.2,-1.2,5,9799,1.000,0.000,0.281,0.132,0.051,159.8,-9.2,0,-1.43,0.000
2270,46.45,0.00,1615.9,139.9,-1.6,5,9340,1.000,0.000,0.209,0.124,0.039,200.0,-9.4,0,-1.02,0.000
2271,46.47,0.00,1616.7,140.1,-2.2,5,9775,1.000,0.000,0.128,0.118,0.025,200.0,1.8,0,-0.56,0.000
2272,46.49,0.00,1617.4,140.5,-3.1,5,9899,1.000,0.000,0.049,0.113,0.011,200.0,4.4,0,-0.16,0.000
2273,46.51,0.00,1618.2,141.0,-3.8,5,9953,1.000,0.000,-0.019,0.109,-0.000,200.0,4.8,0,0.20,0.000
2274,46.53,0.00,1619.0,141.6,-4.2,5,9974,1.000,0.000,-0.064,0.106,-0.008,200.0,4.2,0,0.43,0.000
2275,46.55,0.00,1619.8,142.2,-4.1,5,9970,1.000,0.000,-0.082,0.103,-0.011,200.0,3.0,0,0.54,0.000
2276,46.57,0.00,1620.6,142.8,-3.5,5,9957,1.000,0.000,-0.073,0.101,-0.010,200.0,1.5,0,0.48,0.000
2277,46.59,0.00,1621.4,143.4,-2.6,5,9955,1.000,0.000,-0.050,0.100,-0.006,200.0,0.3,0,0.35,0.000
2278,46.61,0.00,1622.2,144.1,-1.6,5,9919,1.000,0.000,-0.022,0.098,-0.001,200.0,-1.8,0,0.20,0.000
2279,46.63,0.00,1623.0,144.7,-0.8,5,9941,1.000,0.000,0.001,0.097,0.003,200.0,-2.3,0,0.07,0.000
2280,46.65,0.00,1623.8,145.3,-0.3,5,9987,1.000,0.000,0.014,0.096,0.005,200.0,-2.1,0,0.01,0.000
2281,46.67,0.00,1624.6,145.8,-0.0,5,10049,1.000,0.000,0.019,0.095,0.006,200.0,-1.5,0,-0.02,0.000
2282,46.69,0.00,1625.4,146.4,0.0,5,10112,1.000,0.000,0.016,0.094,0.005,200.0,-0.9,0,-0.01,0.000
2283,46.71,0.00,1626.2,146.9,0.0,5,10168,1.000,0.000,0.011,0.094,0.004,200.0,-0.4,0,0.02,0.000
2284,46.73,0.00,1627.0,147.5,-0.0,5,10214,1.000,0.000,0.004,0.093,0.003,200.0,-0.2,0,0.06,0.000
2285,46.75,0.00,1627.9,148.0,-0.1,5,10252,1.000,0.000,-0.000,0.093,0.002,200.0,-0.3,0,0.08,0.000
2286,46.77,0.00,1628.7,148.6,-0.1,5,10286,1.000,0.000,-0.004,0.092,0.002,200.0,-0.4,0,0.09,0.000
2287,46.79,0.00,1629.5,149.2,-0.1,5,10302,1.000,0.000,-0.004,0.092,0.002,200.0,-1.0,0,0.10,0.000
2288,46.81,0.00,1630.3,149.8,-0.1,5,10327,1.000,0.000,-0.004,0.092,0.002,200.0,-1.4,0,0.09,0.000
2289,46.83,0.00,1631.2,150.3,-0.0,5,10365,1.000,0.000,-0.003,0.091,0.002,200.0,-1.5,0,0.09,0.000
2290,46.85,0.00,1632.0,150.9,0.0,5,10408,1.000,0.000,-0.001,0.091,0.002,200.0,-1.4,0,0.08,0.000
2291,46.87,0.00,1632.8,151.4,0.1,5,10453,1.000,0.000,-0.000,0.091,0.002,200.0,-1.2,0,0.07,0.000
2292,46.89,0.00,1633.7,152.0,0.1,5,10496,1.000,0.000,0.000,0.091,0.002,200.0,-1.0,0,0.07,0.000
2293,46.91,0.00,1634.5,152.5,0.1,5,10537,1.000,0.000,-0.000,0.090,0.002,200.0,-1.0,0,0.07,0.000
2294,46.93,0.00,1635.4,153.1,0.1,5,10576,1.000,0.000,-0.000,0.090,0.002,200.0,-0.9,0,0.07,0.000
2295,46.95,0.00,1636.2,153.7,0.1,5,10613,1.000,0.000,-0.000,0.090,0.002,200.0,-1.0,0,0.07,0.000
2296,46.97,0.00,1637.1,154.2,0.1,5,10668,1.000,0.000,-0.001,0.090,0.002,200.0,-0.6,0,0.07,0.000
2297,46.99,0.00,1638.0,154.7,0.1,5,10703,1.000,0.000,-0.001,0.089,0.002,200.0,-0.6,0,0.07,0.000
2298,47.01,0.00,1638.8,155.3,0.1,5,10733,1.000,0.000,-0.001,0.089,0.002,200.0,-0.9,0,0.07,0.000
2299,47.03,0.00,1639.7,155.9,0.1,5,10762,1.000,0.000,-0.000,0.089,0.002,200.0,-1.1,0,0.07,0.000
2300,47.05,0.00,1640.5,156.4,0.1,5,10792,1.000,0.000,0.000,0.089,0.002,200.0,-1.3,0,0.07,0.000
2301,47.07,0.00,1641.4,157.0,0.1,5,10824,1.000,0.000,0.000,0.088,0.002,200.0,-1.5,0,0.07,0.000
2302,47.09,0.00,1642.3,157.5,0.1,5,10859,1.000,0.000,0.000,0.088,0.002,200.0,-1.6,0,0.07,0.000
2303,47.11,0.00,1643.2,158.1,0.1,5,10896,1.000,0.000,0.000,0.088,0.002,200.0,-1.6,0,0.07,0.000
2304,47.13,0.00,1644.0,158.6,0.1,5,10934,1.000,0.000,0.000,0.087,0.002,200.0,-1.6,0,0.07,0.000
2305,47.15,0.00,1644.9,159.1,0.1,5,10999,1.000,0.000,-0.000,0.087,0.002,200.0,-0.9,0,0.07,0.000
2306,47.17,0.00,1645.8,159.7,0.1,5,11031,1.000,0.000,-0.000,0.087,0.002,200.0,-1.0,0,0.07,0.000
2307,47.19,0.00,1646.7,160.2,0.1,5,11059,1.000,0.000,-0.000,0.087,0.002,200.0,-1.3,0,0.07,0.000
2308,47.21,0.00,1647.6,160.8,0.1,5,11088,1.000,0.000,-0.000,0.086,0.002,200.0,-1.5,0,0.07,0.000
2309,47.23,0.00,1648.5,161.3,0.1,5,11118,1.000,0.000,-0.000,0.086,0.002,200.0,-1.8,0,0.07,0.000
2310,47.25,0.00,1649.4,161.9,0.1,5,11149,1.000,0.000,-0.000,0.086,0.002,200.0,-1.9,0,0.07,0.000
2311,47.27,0.00,1650.3,162.4,0.1,5,11183,1.000,0.000,-0.001,0.086,0.002,200.0,-2.1,0,0.07,0.000
2312,47.29,0.00,1651.2,163.0,0.1,5,11218,1.000,0.000,-0.000,0.085,0.002,200.0,-2.1,0,0.07,0.000
2313,47.31,0.00,1652.1,163.5,0.1,5,11253,1.000,0.000,-0.000,0.085,0.002,200.0,-2.2,0,0.07,0.000
2314,47.33,0.00,1653.0,164.0,0.1,5,11290,1.000,0.000,-0.000,0.085,0.002,200.0,-2.2,0,0.07,0.000
2315,47.35,0.00,1653.9,164.6,0.1,5,11327,1.000,0.000,-0.000,0.085,0.002,200.0,-2.2,0,0.07,0.000
2316,47.37,0.00,1654.8,165.1,0.1,5,11364,1.000,0.000,-0.000,0.084,0.002,200.0,-2.2,0,0.07,0.000
2317,47.39,0.00,1655.8,165.6,0.1,5,11401,1.000,0.000,-0.001,0.084,0.002,200.0,-2.2,0,0.07,0.000
2318,47.41,0.00,1656.7,166.2,0.1,5,11437,1.000,0.000,-0.001,0.084,0.002,200.0,-2.2,0,0.07,0.000
2319,47.43,0.00,1657.6,166.7,0.1,5,11472,1.000,0.000,-0.000,0.084,0.002,200.0,-2.3,0,0.07,0.000
2320,47.45,0.00,1658.5,167.2,0.1,5,11507,1.000,0.000,-0.000,0.083,0.002,200.0,-2.3,0,0.07,0.000
2321,47.47,0.00,1659.5,167.8,0.1,5,11541,1.000,0.000,0.000,0.083,0.002,200.0,-2.4,0,0.07,0.000
2322,47.49,0.00,1660.4,168.3,0.1,5,11574,1.000,0.000,0.000,0.083,0.002,200.0,-2.5,0,0.07,0.000
2323,47.51,0.00,1661.3,168.8,0.1,5,11609,1.000,0.000,0.000,0.083,0.002,200.0,-2.5,0,0.07,0.000
2324,47.53,0.00,1662.3,169.3,0.1,5,11644,1.000,0.000,-0.000,0.082,0.002,200.0,-2.6,0,0.07,0.000
2325,47.55,0.00,1663.2,169.9,0.1,5,11678,1.000,0.000,-0.000,0.082,0.002,200.0,-2.6,0,0.07,0.000
2326,47.57,0.00,1664.2,170.4,0.1,5,11713,1.000,0.000,-0.000,0.082,0.002,200.0,-2.6,0,0.07,0.000
2327,47.59,0.00,1665.1,170.5,0.1,6,10730,1.000,0.000,-0.000,0.082,0.002,200.0,-12.0,0,0.07,0.000
2328,47.61,0.00,1666.1,170.3,0.1,6,10729,1.000,0.000,-0.001,0.081,0.002,200.0,-12.6,0,0.07,0.000
2329,47.63,0.00,1667.0,170.1,0.1,6,10397,1.000,0.000,-0.001,0.081,0.002,200.0,-12.6,0,0.07,0.000
2330,47.65,0.00,1668.0,170.3,0.1,6,10698,1.000,0.000,-0.000,0.081,0.002,200.0,-3.9,0,0.07,0.000
2331,47.67,0.00,1668.9,170.7,0.1,6,10739,1.000,0.000,-0.000,0.081,0.002,200.0,-3.3,0,0.06,0.000
2332,47.69,0.00,1669.8,171.2,0.1,6,10761,1.000,0.000,-0.000,0.080,0.002,200.0,-3.5,0,0.06,0.000
2333,47.71,0.00,1670.8,171.6,0.1,6,10782,1.000,0.000,-0.000,0.080,0.002,200.0,-3.7,0,0.06,0.000
2334,47.73,0.00,1671.8,172.1,0.1,6,10805,1.000,0.000,-0.000,0.080,0.002,200.0,-3.9,0,0.06,0.000
2335,47.75,0.00,1672.7,172.5,0.1,6,10830,1.000,0.000,-0.000,0.079,0.002,200.0,-4.0,0,0.06,0.000
2336,47.77,0.00,1673.7,173.0,0.1,6,10858,1.000,0.000,-0.000,0.079,0.002,200.0,-4.0,0,0.06,0.000
2337,47.79,0.00,1674.6,173.4,0.1,6,10887,1.000,0.000,-0.000,0.079,0.002,200.0,-4.0,0,0.06,0.000
2338,47.81,0.00,1675.6,173.9,0.1,6,10917,1.000,0.000,-0.000,0.079,0.002,200.0,-4.0,0,0.06,0.000
2339,47.83,0.00,1676.6,174.3,0.1,6,10946,1.000,0.000,-0.000,0.078,0.002,200.0,-4.0,0,0.06,0.000
2340,47.85,0.00,1677.5,174.8,0.1,6,10975,1.000,0.000,-0.000,0.078,0.002,200.0,-4.0,0,0.06,0.000
2341,47.87,0.00,1678.5,175.2,0.1,6,11002,1.000,0.000,-0.000,0.078,0.002,200.0,-4.0,0,0.06,0.000
2342,47.89,0.00,1679.5,175.7,0.1,6,11029,1.000,0.000,-0.000,0.078,0.002,200.0,-4.0,0,0.06,0.000
2343,47.91,0.00,1680.5,176.1,0.1,6,11056,1.000,0.000,-0.001,0.077,0.002,200.0,-4.1,0,0.06,0.000
2344,47.93,0.00,1681.4,176.6,0.1,6,11082,1.000,0.000,-0.000,0.077,0.002,200.0,-4.1,0,0.06,0.000
2345,47.95,0.00,1682.4,177.0,0.1,6,11109,1.000,0.000,-0.000,0.077,0.002,200.0,-4.2,0,0.06,0.000
2346,47.97,0.00,1683.4,177.5,0.1,6,11135,1.000,0.000,-0.000,0.077,0.002,200.0,-4.3,0,0.06,0.000
2347,47.99,0.00,1684.4,177.9,0.1,6,11162,1.000,0.000,-0.000,0.076,0.002,200.0,-4.3,0,0.06,0.000
2348,48.01,0.00,1685.4,178.3,0.1,6,11188,1.000,0.000,-0.000,0.076,0.002,200.0,-4.3,0,0.06,0.000
2349,48.03,0.00,1686.4,178.8,0.1,6,11215,1.000,0.000,-0.000,0.076,0.002,200.0,-4.4,0,0.06,0.000
2350,48.05,0.00,1687.4,179.2,0.1,6,11242,1.000,0.000,-0.000,0.075,0.002,200.0,-4.4,0,0.06,0.000
2351,48.07,0.00,1688.4,179.7,0.1,6,11269,1.000,0.000,-0.000,0.075,0.002,200.0,-4.4,0,0.06,0.000
2352,48.09,0.00,1689.4,180.1,0.0,6,11296,1.000,0.000,-0.000,0.075,0.002,200.0,-4.5,0,0.06,0.000
2353,48.11,0.00,1690.4,180.5,0.0,6,11322,1.000,0.000,-0.000,0.075,0.002,200.0,-4.5,0,0.06,0.000
2354,48.13,0.00,1691.4,181.0,0.0,6,11348,1.000,0.000,-0.000,0.074,0.002,200.0,-4.5,0,0.06,0.000
2355,48.15,0.00,1692.4,181.4,0.0,6,11375,1.000,0.000,-0.000,0.074,0.002,200.0,-4.6,0,0.06,0.000
2356,48.17,0.00,1693.4,181.8,0.0,6,11401,1.000,0.000,-0.000,0.074,0.002,200.0,-4.6,0,0.06,0.000
2357,48.19,0.00,1694.4,182.3,0.0,6,11427,1.000,0.000,-0.000,0.073,0.002,200.0,-4.7,0,0.06,0.000
2358,48.21,0.00,1695.4,182.7,0.0,6,11453,1.000,0.000,-0.000,0.073,0.002,200.0,-4.7,0,0.06,0.000
2359,48.23,0.00,1696.4,183.1,0.0,6,11479,1.000,0.000,-0.000,0.073,0.002,200.0,-4.7,0,0.06,0.000
2360,48.25,0.00,1697.5,183.6,0.0,6,11505,1.000,0.000,-0.000,0.073,0.002,200.0,-4.8,0,0.06,0.000
2361,48.27,0.00,1698.5,184.0,0.0,6,11531,1.000,0.000,-0.000,0.072,0.002,200.0,-4.8,0,0.06,0.000
2362,48.29,0.00,1699.5,184.4,0.0,6,11557,1.000,0.000,-0.000,0.072,0.002,200.0,-4.8,0,0.06,0.000
2363,48.31,0.00,1700.5,184.8,0.0,6,11583,1.000,0.000,0.000,0.072,0.002,200.0,-4.9,0,0.06,0.000
2364,48.33,0.00,1701.5,185.3,0.0,6,11608,1.000,0.000,0.000,0.071,0.002,200.0,-4.9,0,0.06,0.000
2365,48.35,0.00,1702.6,185.7,0.0,6,11634,1.000,0.000,0.000,0.071,0.002,200.0,-5.0,0,0.06,0.000
2366,48.37,0.00,1703.6,186.1,0.0,6,11660,1.000,0.000,0.000,0.071,0.002,200.0,-5.0,0,0.06,0.000
2367,48.39,0.00,1704.7,186.5,0.0,6,11686,1.000,0.000,0.000,0.070,0.002,200.0,-5.0,0,0.06,0.000
2368,48.41,0.00,1705.7,186.9,0.0,6,11711,1.000,0.000,0.000,0.070,0.002,200.0,-5.1,0,0.06,0.000
2369,48.43,0.00,1706.7,187.4,0.0,6,11736,1.000,0.000,0.000,0.070,0.002,200.0,-5.1,0,0.05,0.000
2370,48.45,0.00,1707.8,187.8,0.0,6,11762,1.000,0.000,0.000,0.070,0.002,200.0,-5.1,0,0.05,0.000
2371,48.47,0.00,1708.8,188.2,0.0,6,11787,1.000,0.000,0.000,0.069,0.002,200.0,-5.2,0,0.05,0.000
2372,48.49,0.00,1709.9,188.6,0.0,6,11812,1.000,0.000,0.000,0.069,0.002,200.0,-5.2,0,0.05,0.000
2373,48.51,0.00,1710.9,189.0,0.0,6,11837,1.000,0.000,0.000,0.069,0.002,200.0,-5.3,0,0.05,0.000
2374,48.53,0.00,1712.0,189.4,0.0,6,11863,1.000,0.000,0.000,0.068,0.002,200.0,-5.3,0,0.05,0.000
2375,48.55,0.00,1713.0,189.9,0.0,6,11888,1.000,0.000,0.000,0.068,0.002,200.0,-5.3,0,0.05,0.000
2376,48.57,0.00,1714.1,190.3,0.0,6,11913,1.000,0.000,0.001,0.068,0.002,200.0,-5.4,0,0.05,0.000
2377,48.59,0.00,1715.1,190.7,0.0,6,11938,1.000,0.000,0.000,0.067,0.002,200.0,-5.4,0,0.05,0.000
2378,48.61,0.00,1716.2,191.1,0.0,6,11962,1.000,0.000,0.000,0.067,0.002,200.0,-5.4,0,0.05,0.000
2379,48.63,0.00,1717.2,191.5,0.0,6,11987,1.000,0.000,0.000,0.067,0.002,200.0,-5.5,0,0.05,0.000
2380,48.65,0.00,1718.3,191.9,0.0,6,12012,1.000,0.000,0.000,0.066,0.002,200.0,-5.5,0,0.05,0.000
2381,48.67,0.00,1719.4,192.3,0.0,6,12037,1.000,0.000,0.000,0.066,0.002,200.0,-5.6,0,0.05,0.000
2382,48.69,0.00,1720.5,192.7,0.0,6,12062,1.000,0.000,0.000,0.066,0.002,200.0,-5.6,0,0.05,0.000
2383,48.71,0.00,1721.5,193.1,0.0,6,12086,1.000,0.000,0.000,0.065,0.002,200.0,-5.6,0,0.05,0.000
2384,48.73,0.00,1722.6,193.5,0.0,6,12111,1.000,0.000,0.001,0.065,0.002,200.0,-5.7,0,0.05,0.000
2385,48.75,0.00,1723.7,193.9,0.0,6,12135,1.000,0.000,0.000,0.065,0.002,200.0,-5.7,0,0.05,0.000
2386,48.77,0.00,1724.8,194.3,0.0,6,12159,1.000,0.000,0.000,0.064,0.002,200.0,-5.7,0,0.04,0.000
2387,48.79,0.00,1725.8,194.7,-0.0,6,12183,1.000,0.000,0.000,0.064,0.002,200.0,-5.8,0,0.04,0.000
2388,48.81,0.00,1726.9,195.1,-0.0,6,12208,1.000,0.000,0.000,0.064,0.002,200.0,-5.8,0,0.04,0.000
2389,48.83,0.00,1728.0,195.5,-0.0,6,12232,1.000,0.000,0.001,0.064,0.002,200.0,-5.8,0,0.04,0.000
2390,48.85,0.00,1729.1,195.9,0.0,6,12256,1.000,0.000,0.000,0.063,0.002,200.0,-5.9,0,0.04,0.000
2391,48.87,0.00,1730.2,196.3,-0.0,6,12280,1.000,0.000,0.000,0.063,0.002,200.0,-5.9,0,0.04,0.000
2392,48.89,0.00,1731.3,196.7,-0.0,6,12304,1.000,0.000,0.000,0.063,0.002,200.0,-5.9,0,0.03,0.000
2393,48.91,0.00,1732.4,197.1,-0.0,6,12328,1.000,0.000,0.000,0.062,0.002,200.0,-6.0,0,0.03,0.000
2394,48.93,0.00,1733.5,197.5,-0.0,6,12351,1.000,0.000,0.001,0.062,0.002,200.0,-6.1,0,0.03,0.000
2395,48.95,0.00,1734.6,197.9,-0.0,6,12371,1.000,0.000,0.001,0.062,0.002,200.0,-6.2,0,0.03,0.000
2396,48.97,0.00,1735.7,198.3,-0.0,6,12392,1.000,0.000,0.000,0.061,0.002,200.0,-6.3,0,0.02,0.000
2397,48.99,0.00,1736.8,198.7,-0.0,6,12417,1.000,0.000,0.000,0.061,0.001,200.0,-6.3,0,0.02,0.000
2398,49.01,0.00,1737.9,199.1,-0.0,6,12443,1.000,0.000,0.000,0.061,0.001,200.0,-6.3,0,0.02,0.000
2399,49.03,0.00,1739.0,199.5,-0.0,6,12469,1.000,0.000,0.000,0.061,0.001,200.0,-6.3,0,0.01,0.000
2400,49.05,0.00,1740.1,199.9,-0.0,6,12493,1.000,0.000,0.000,0.060,0.001,200.0,-6.3,0,0.01,0.000
2401,49.07,0.00,1741.2,200.2,-0.0,6,12517,0.990,0.000,0.001,0.060,0.001,199.7,-6.3,0,0.01,0.000
2402,49.09,0.00,1742.3,200.6,-0.0,6,12528,0.980,0.000,0.001,0.060,0.001,198.6,-6.7,0,0.00,0.000
2403,49.11,0.00,1743.4,201.0,-0.0,6,12546,0.970,0.000,0.000,0.059,0.001,197.5,-6.8,0,0.00,0.000
2404,49.13,0.00,1744.5,201.4,-0.0,6,12567,0.960,0.000,0.000,0.059,0.001,196.4,-6.9,0,0.00,0.000
2405,49.15,0.00,1745.7,201.7,-0.0,6,12589,0.950,0.000,0.000,0.059,0.001,195.2,-6.9,0,-0.00,0.000
2406,49.17,0.00,1746.8,202.1,-0.0,6,12610,0.940,0.000,0.000,0.059,0.001,194.1,-7.0,0,-0.00,0.000
2407,49.19,0.00,1747.9,202.4,-0.0,6,12628,0.930,0.000,0.000,0.058,0.001,193.0,-7.1,0,0.00,0.000
2408,49.21,0.00,1749.0,202.7,-0.0,6,12640,0.920,0.000,0.000,0.058,0.001,191.8,-7.3,0,0.00,0.000
2409,49.23,0.00,1750.2,203.0,-0.0,6,12655,0.910,0.000,0.000,0.058,0.001,190.7,-7.5,0,0.00,0.000
2410,49.25,0.00,1751.3,203.4,-0.0,6,12672,0.900,0.000,0.000,0.058,0.001,189.5,-7.6,0,0.00,0.000
2411,49.27,0.00,1752.4,203.7,-0.0,6,12688,0.890,0.000,0.000,0.058,0.001,188.4,-7.7,0,0.00,0.000
2412,49.29,0.00,1753.6,203.9,-0.0,6,12704,0.880,0.000,0.000,0.057,0.001,187.2,-7.8,0,0.00,0.000
2413,49.31,0.00,1754.7,204.2,-0.0,6,12719,0.870,0.000,0.000,0.057,0.001,186.1,-7.9,0,0.00,0.000
2414,49.33,0.00,1755.8,204.5,-0.0,6,12732,0.860,0.000,0.000,0.057,0.001,184.9,-8.0,0,0.00,0.000
2415,49.35,0.00,1757.0,204.8,-0.0,6,12744,0.850,0.000,0.000,0.057,0.001,183.8,-8.2,0,0.00,0.000
2416,49.37,0.00,1758.1,205.0,-0.0,6,12757,0.840,0.000,0.000,0.056,0.001,182.6,-8.3,0,0.00,0.000
2417,49.39,0.00,1759.2,205.3,-0.0,6,12769,0.830,0.000,0.000,0.056,0.001,181.5,-8.4,0,0.00,0.000
2418,49.41,0.00,1760.4,205.5,-0.0,6,12780,0.820,0.000,0.000,0.056,0.001,180.3,-8.5,0,0.00,0.000
2419,49.43,0.00,1761.5,205.8,-0.0,6,12792,0.810,0.000,0.000,0.056,0.001,179.2,-8.6,0,0.01,0.000
2420,49.45,0.00,1762.7,206.0,-0.0,6,12802,0.800,0.000,0.000,0.055,0.001,178.0,-8.7,0,0.01,0.000
2421,49.47,0.00,1763.8,206.2,-0.0,6,12815,0.790,0.000,0.000,0.055,0.001,176.9,-8.8,0,0.01,0.000
2422,49.49,0.00,1765.0,206.4,-0.0,6,12824,0.780,0.000,0.000,0.055,0.001,175.7,-8.9,0,0.01,0.000
2423,49.51,0.00,1766.1,206.6,-0.0,6,12832,0.770,0.000,0.000,0.055,0.001,174.5,-9.1,0,0.01,0.000
2424,49.53,0.00,1767.2,206.8,-0.0,6,12839,0.760,0.000,0.000,0.054,0.001,173.4,-9.2,0,0.01,0.000
2425,49.55,0.00,1768.4,207.0,-0.0,6,12847,0.750,0.000,0.000,0.054,0.001,172.2,-9.3,0,0.01,0.000
2426,49.57,0.00,1769.5,207.2,-0.0,6,12854,0.740,0.000,0.000,0.054,0.001,171.0,-9.5,0,0.01,0.000
2427,49.59,0.00,1770.7,207.3,-0.0,6,12866,0.730,0.000,0.000,0.054,0.001,169.9,-9.4,0,0.01,0.000
2428,49.61,0.00,1771.9,207.5,-0.0,6,12872,0.720,0.000,0.000,0.053,0.001,168.7,-9.5,0,0.01,0.000
2429,49.63,0.00,1773.0,207.6,-0.0,6,12876,0.710,0.000,0.000,0.053,0.001,167.5,-9.7,0,0.01,0.000
2430,49.65,0.00,1774.2,207.8,-0.0,6,12880,0.700,0.000,0.000,0.053,0.001,166.4,-9.9,0,0.01,0.000
2431,49.67,0.00,1775.3,207.9,-0.0,6,12884,0.690,0.000,0.000,0.053,0.001,165.2,-10.0,0,0.01,0.000
2432,49.69,0.00,1776.5,208.0,-0.0,6,12888,0.680,0.000,0.000,0.052,0.001,164.0,-10.1,0,0.01,0.000
2433,49.71,0.00,1777.6,208.2,-0.0,6,12896,0.670,0.000,0.000,0.052,0.001,162.9,-10.2,0,0.01,0.000
2434,49.73,0.00,1778.8,208.3,-0.0,6,12904,0.660,0.000,0.000,0.052,0.001,161.7,-10.1,0,0.01,0.000
2435,49.75,0.00,1779.9,208.4,-0.0,6,12903,0.650,0.000,0.000,0.052,0.001,160.5,-10.3,0,0.01,0.000
2436,49.77,0.00,1781.1,208.5,-0.0,6,12904,0.640,0.000,0.001,0.052,0.001,159.4,-10.5,0,0.01,0.000
2437,49.79,0.00,1782.3,208.5,0.0,6,12904,0.630,0.000,0.000,0.051,0.001,158.2,-10.6,0,0.01,0.000
2438,49.81,0.00,1783.4,208.6,-0.0,6,12905,0.620,0.000,0.000,0.051,0.001,157.0,-10.8,0,0.01,0.000
2439,49.83,0.00,1784.6,208.7,-0.0,6,12905,0.610,0.000,0.003,0.051,0.001,155.9,-10.9,0,-0.09,0.000
2440,49.85,0.00,1785.7,208.7,-0.0,6,12916,0.600,0.000,0.003,0.051,0.001,154.7,-10.7,0,-0.08,0.000
2441,49.87,0.00,1786.9,208.8,-0.0,6,12913,0.590,0.000,0.002,0.050,0.001,153.6,-10.9,0,-0.08,0.000
2442,49.89,0.00,1788.1,208.8,-0.1,6,12910,0.580,0.000,0.000,0.050,0.001,152.5,-11.1,0,-0.07,0.000
2443,49.91,0.00,1789.2,208.9,-0.1,6,12907,0.570,0.000,-0.001,0.050,0.000,151.3,-11.2,0,-0.07,0.000
2444,49.93,0.00,1790.4,208.9,-0.1,6,12904,0.560,0.000,-0.001,0.050,0.000,150.2,-11.4,0,-0.07,0.000
2445,49.95,0.00,1791.5,208.9,-0.0,6,12902,0.550,0.000,-0.001,0.050,0.000,149.0,-11.5,0,-0.07,0.000
2446,49.97,0.00,1792.7,208.9,-0.0,6,12911,0.000,0.021,-0.000,0.050,0.001,147.8,-11.2,0,-0.07,0.000
2447,49.99,0.00,1793.9,208.7,-0.0,6,12709,0.000,0.047,0.000,0.050,0.001,146.6,-16.1,0,-0.07,0.000
2448,50.01,0.00,1795.0,208.1,0.0,6,12663,0.000,0.062,0.001,0.050,0.001,145.4,-15.7,0,-0.07,0.000
2449,50.03,0.00,1796.2,207.6,0.0,6,12622,0.000,0.074,0.001,0.049,0.001,144.2,-15.3,0,-0.07,0.000
2450,50.05,0.00,1797.3,206.9,0.1,6,12581,0.000,0.085,0.002,0.049,0.001,143.0,-14.8,0,-0.07,0.000
2451,50.07,0.00,1798.5,206.3,0.1,6,12537,0.000,0.093,0.002,0.049,0.001,141.9,-14.5,0,-0.07,0.000
2452,50.09,0.00,1799.6,205.6,0.0,6,12487,0.000,0.100,0.002,0.049,0.001,140.7,-14.5,0,-0.07,0.000
2453,50.11,0.00,1800.8,204.9,0.0,6,12443,0.000,0.105,0.001,0.049,0.001,139.6,-14.3,0,-0.06,0.000
2454,50.13,0.00,1801.9,204.2,0.0,6,12401,0.000,0.110,0.001,0.049,0.001,138.4,-14.1,0,-0.06,0.000
2455,50.15,0.00,1803.0,203.5,0.0,6,12357,0.000,0.114,0.001,0.049,0.001,137.3,-13.9,0,-0.06,0.000
2456,50.17,0.00,1804.2,202.8,0.0,6,12313,0.000,0.118,0.001,0.049,0.001,136.1,-13.5,0,-0.06,0.000
2457,50.19,0.00,1805.3,202.0,0.0,6,12267,0.000,0.122,0.001,0.048,0.001,135.0,-13.3,0,-0.06,0.000
2458,50.21,0.00,1806.4,201.3,0.0,6,12219,0.000,0.126,0.001,0.048,0.001,133.9,-13.1,0,-0.06,0.000
2459,50.23,0.00,1807.5,200.5,0.0,6,12165,0.000,0.129,0.001,0.048,0.001,132.7,-13.3,0,-0.06,0.000
2460,50.25,0.00,1808.6,199.8,0.0,6,12120,0.000,0.132,0.001,0.048,0.001,131.6,-13.2,0,-0.06,0.000
2461,50.27,0.00,1809.7,199.0,0.0,6,12075,0.000,0.134,0.001,0.048,0.001,130.5,-13.0,0,-0.06,0.000
2462,50.29,0.00,1810.8,198.2,0.0,6,12028,0.000,0.136,0.001,0.048,0.001,129.3,-12.9,0,-0.05,0.000
2463,50.31,0.00,1811.9,197.5,0.0,6,11981,0.000,0.138,0.002,0.048,0.001,128.2,-12.6,0,-0.05,0.000
2464,50.33,0.00,1813.0,196.7,0.0,6,11934,0.000,0.140,0.001,0.048,0.001,127.1,-12.4,0,-0.05,0.000
2465,50.35,0.00,1814.1,195.9,0.0,6,11881,0.000,0.141,0.001,0.047,0.001,126.0,-12.4,0,-0.05,0.000
2466,50.37,0.00,1815.2,195.1,0.0,6,11831,0.000,0.143,0.001,0.047,0.001,124.9,-12.5,0,-0.05,0.000
2467,50.39,0.00,1816.3,194.3,0.0,6,11785,0.000,0.144,0.001,0.047,0.001,123.8,-12.4,0,-0.05,0.000
2468,50.41,0.00,1817.4,193.5,0.0,6,11738,0.000,0.146,0.001,0.047,0.001,122.7,-12.3,0,-0.05,0.000
2469,50.43,0.00,1818.4,192.8,0.0,6,11690,0.000,0.147,0.001,0.047,0.001,121.6,-12.2,0,-0.05,0.000
2470,50.45,0.00,1819.5,192.0,0.0,6,11643,0.000,0.149,0.001,0.047,0.001,120.6,-11.9,0,-0.05,0.000
2471,50.47,0.00,1820.6,191.2,0.0,6,11594,0.000,0.150,0.001,0.047,0.001,119.5,-11.7,0,-0.04,0.000
2472,50.49,0.00,1821.6,190.4,0.0,6,11542,0.000,0.151,0.002,0.047,0.001,118.4,-11.8,0,-0.04,0.000
2473,50.51,0.00,1822.7,189.6,0.0,6,11492,0.000,0.152,0.001,0.047,0.001,117.3,-11.8,0,-0.04,0.000
2474,50.53,0.00,1823.7,188.8,0.0,6,11445,0.000,0.153,0.001,0.046,0.001,116.3,-11.7,0,-0.04,0.000
2475,50.55,0.00,1824.8,188.0,0.0,6,11398,0.000,0.154,0.001,0.046,0.001,115.2,-11.6,0,-0.04,0.000
2476,50.57,0.00,1825.8,187.2,0.0,6,11350,0.000,0.155,0.001,0.046,0.001,114.2,-11.6,0,-0.04,0.000
2477,50.59,0.00,1826.9,186.4,0.0,6,11302,0.000,0.156,0.001,0.046,0.001,113.1,-11.2,0,-0.04,0.000
2478,50.61,0.00,1827.9,185.6,0.0,6,11254,0.000,0.157,0.001,0.046,0.001,112.1,-11.1,0,-0.03,0.000
2479,50.63,0.00,1828.9,184.8,0.0,6,11203,0.000,0.159,0.001,0.046,0.001,111.0,-11.1,0,-0.03,0.000
2480,50.65,0.00,1830.0,184.1,0.0,6,11151,0.000,0.160,0.001,0.046,0.001,110.0,-11.2,0,-0.03,0.000
2481,50.67,0.00,1831.0,183.3,0.0,6,11104,0.000,0.161,0.001,0.046,0.001,109.0,-11.1,0,-0.03,0.000
2482,50.69,0.00,1832.0,182.5,0.0,6,11056,0.000,0.162,0.001,0.045,0.001,107.9,-11.0,0,-0.03,0.000
2483,50.71,0.00,1833.0,181.7,0.1,6,11008,0.000,0.162,0.001,0.045,0.001,106.9,-10.9,0,-0.04,0.000
2484,50.73,0.00,1834.0,180.9,0.1,6,10960,0.000,0.164,0.001,0.045,0.001,105.9,-10.7,0,-0.04,0.000
2485,50.75,0.00,1835.0,180.1,0.1,6,10912,0.000,0.165,0.001,0.045,0.001,104.9,-10.5,0,-0.04,0.000
2486,50.77,0.00,1836.0,179.3,0.1,6,10863,0.000,0.165,0.008,0.045,0.001,103.9,-10.5,0,-0.22,0.000
2487,50.79,0.00,1837.0,178.5,0.1,6,10810,0.000,0.165,0.007,0.045,0.001,102.9,-10.6,0,-0.22,0.000
2488,50.81,0.00,1838.0,177.7,0.0,6,10762,0.000,0.163,0.004,0.045,0.000,102.0,-10.5,0,-0.21,0.000
2489,50.83,0.00,1839.0,176.9,-0.0,6,10716,0.000,0.162,0.001,0.045,-0.000,101.0,-10.5,0,-0.20,0.000
2490,50.85,0.00,1840.0,176.1,-0.0,6,10670,0.000,0.162,-0.000,0.045,-0.001,100.1,-10.5,0,-0.20,0.000
2491,50.87,0.00,1840.9,175.3,-0.0,6,10624,0.000,0.163,-0.001,0.045,-0.001,99.1,-10.4,0,-0.20,0.000
2492,50.89,0.00,1841.9,174.6,-0.0,6,10577,0.000,0.165,-0.001,0.045,-0.001,98.1,-10.2,0,-0.19,0.000
2493,50.91,0.00,1842.9,173.8,-0.0,6,10528,0.000,0.168,-0.000,0.045,-0.001,97.1,-10.0,0,-0.19,0.000
2494,50.93,0.00,1843.8,173.0,0.0,6,10479,0.000,0.171,0.000,0.045,-0.000,96.1,-9.9,0,-0.19,0.000
2495,50.95,0.00,1844.8,172.2,0.1,6,10427,0.000,0.173,0.001,0.045,-0.000,95.1,-9.9,0,-0.19,0.000
2496,50.97,0.00,1845.7,171.4,0.1,6,10379,0.000,0.174,0.001,0.045,-0.000,94.2,-9.8,0,-0.19,0.000
2497,50.99,0.00,1846.7,170.6,0.1,6,10331,0.000,0.176,0.001,0.045,-0.000,93.2,-9.8,0,-0.19,0.000
2498,51.01,0.00,1847.6,169.8,0.1,6,10282,0.000,0.177,0.001,0.046,-0.000,92.2,-9.7,0,-0.18,0.000
2499,51.03,0.00,1848.6,169.0,0.1,6,10234,0.000,0.178,0.001,0.046,-0.000,91.3,-9.5,0,-0.18,0.000
2500,51.05,0.00,1849.5,168.2,0.1,6,10185,0.000,0.179,0.001,0.046,-0.000,90.3,-9.3,0,-0.18,0.000
2501,51.07,0.00,1850.5,167.4,0.1,6,10136,0.000,0.179,0.001,0.046,-0.000,89.4,-9.2,0,-0.18,0.000
2502,51.09,0.00,1851.4,166.6,0.1,6,10086,0.000,0.180,0.001,0.046,-0.000,88.5,-9.2,0,-0.17,0.000
2503,51.11,0.00,1852.3,165.8,0.1,6,10035,0.000,0.181,0.000,0.046,-0.000,87.5,-9.2,0,-0.17,0.000
2504,51.13,0.00,1853.2,165.0,0.1,6,9987,0.000,0.182,0.000,0.046,-0.000,86.6,-9.2,0,-0.17,0.000
2505,51.15,0.00,1854.1,164.2,0.1,6,9939,0.000,0.184,0.001,0.046,-0.000,85.7,-9.1,0,-0.17,0.000
2506,51.17,0.00,1855.0,163.4,0.1,6,9890,0.000,0.185,0.001,0.046,-0.000,84.7,-9.0,0,-0.16,0.000
2507,51.19,0.00,1856.0,162.6,0.1,6,9841,0.000,0.186,0.001,0.046,-0.000,83.8,-8.9,0,-0.16,0.000
2508,51.21,0.00,1856.8,161.8,0.1,6,9792,0.000,0.187,0.000,0.047,-0.000,82.9,-8.7,0,-0.16,0.000
2509,51.23,0.00,1857.7,161.0,0.1,6,9743,0.000,0.187,0.000,0.047,-0.000,82.0,-8.6,0,-0.16,0.000
2510,51.25,0.00,1858.6,160.2,0.1,6,9694,0.000,0.189,0.000,0.047,-0.000,81.1,-8.5,0,-0.15,0.000
2511,51.27,0.00,1859.5,159.4,0.1,6,9642,0.000,0.190,0.001,0.047,0.000,80.2,-8.5,0,-0.15,0.000
2512,51.29,0.00,1860.4,158.6,0.1,5,10484,0.000,0.192,0.001,0.047,0.000,79.3,-7.7,0,-0.15,0.000
2513,51.31,0.00,1861.3,157.9,0.1,5,10453,0.000,0.196,0.000,0.047,0.000,78.4,-7.5,0,-0.14,0.000
2514,51.33,0.00,1862.2,157.1,0.1,5,10364,0.000,0.198,-0.000,0.047,-0.000,77.5,-8.1,0,-0.14,0.000
2515,51.35,0.00,1863.0,156.3,0.1,5,10300,0.000,0.197,-0.000,0.047,-0.000,76.7,-8.3,0,-0.14,0.000
2516,51.37,0.00,1863.9,155.4,0.1,5,10244,0.000,0.197,-0.000,0.047,-0.000,75.8,-8.3,0,-0.14,0.000
2517,51.39,0.00,1864.8,154.6,0.1,5,10189,0.000,0.197,0.000,0.047,0.000,74.9,-8.2,0,-0.13,0.000
2518,51.41,0.00,1865.6,153.8,0.1,5,10134,0.000,0.196,0.001,0.048,0.000,74.0,-8.2,0,-0.13,0.000
2519,51.43,0.00,1866.5,152.9,0.1,5,10078,0.000,0.196,0.001,0.048,0.000,73.2,-8.2,0,-0.13,0.000
2520,51.45,0.00,1867.3,152.1,0.1,5,10023,0.000,0.196,0.001,0.048,0.000,72.3,-8.2,0,-0.13,0.000
2521,51.47,0.00,1868.2,151.3,0.1,5,9969,0.000,0.196,0.001,0.048,0.000,71.4,-8.1,0,-0.13,0.000
2522,51.49,0.00,1869.0,150.5,0.1,5,9915,0.000,0.197,0.001,0.048,0.000,70.6,-8.0,0,-0.13,0.000
2523,51.51,0.00,1869.8,149.7,0.1,5,9861,0.000,0.197,0.001,0.048,0.000,69.7,-7.9,0,-0.13,0.000
2524,51.53,0.00,1870.7,148.8,0.1,5,9807,0.000,0.197,0.001,0.048,0.000,68.9,-7.8,0,-0.13,0.000
2525,51.55,0.00,1871.5,148.0,0.1,5,9753,0.000,0.197,0.001,0.048,0.000,68.1,-7.7,0,-0.13,0.000
2526,51.57,0.00,1872.3,147.2,0.1,5,9699,0.000,0.198,0.001,0.048,0.000,67.2,-7.7,0,-0.14,0.000
2527,51.59,0.00,1873.1,146.4,0.1,5,9645,0.000,0.198,0.016,0.048,0.000,66.4,-7.6,0,-0.56,0.000
2528,51.61,0.00,1873.9,145.6,0.2,5,9591,0.000,0.197,0.014,0.048,-0.000,65.6,-7.5,0,-0.55,0.000
2529,51.63,0.00,1874.7,144.8,0.1,5,9538,0.000,0.193,0.009,0.049,-0.001,64.9,-7.5,0,-0.54,0.000
2530,51.65,0.00,1875.5,144.0,0.1,5,9487,0.000,0.190,0.004,0.049,-0.002,64.2,-7.5,0,-0.53,0.000
2531,51.67,0.00,1876.3,143.2,0.0,5,9436,0.000,0.189,0.001,0.049,-0.003,63.4,-7.5,0,-0.52,0.000
2532,51.69,0.00,1877.1,142.4,-0.0,5,9386,0.000,0.189,-0.002,0.050,-0.003,62.7,-7.5,0,-0.51,0.000
2533,51.71,0.00,1877.9,141.6,-0.0,5,9335,0.000,0.191,-0.002,0.050,-0.003,61.9,-7.5,0,-0.50,0.000
2534,51.73,0.00,1878.7,140.9,0.0,5,9283,0.000,0.194,-0.002,0.050,-0.003,61.1,-7.3,0,-0.50,0.000
2535,51.75,0.00,1879.5,140.1,0.1,5,9231,0.000,0.197,-0.002,0.051,-0.003,60.3,-7.2,0,-0.50,0.000
2536,51.77,0.00,1880.2,139.3,0.1,5,9178,0.000,0.200,-0.001,0.051,-0.003,59.5,-7.1,0,-0.49,0.000
2537,51.79,0.00,1881.0,138.5,0.1,5,9124,0.000,0.203,0.000,0.052,-0.002,58.7,-6.9,0,-0.49,0.000
2538,51.81,0.00,1881.8,137.7,0.1,5,9070,0.000,0.205,0.001,0.052,-0.002,57.9,-6.8,0,-0.49,0.000
2539,51.83,0.00,1882.5,136.9,0.2,5,9017,0.000,0.206,0.001,0.053,-0.002,57.1,-6.7,0,-0.48,0.000
2540,51.85,0.00,1883.3,136.1,0.2,5,8963,0.000,0.208,0.001,0.053,-0.002,56.3,-6.6,0,-0.48,0.000
2541,51.87,0.00,1884.1,135.3,0.2,5,8909,0.000,0.209,0.001,0.054,-0.002,55.6,-6.5,0,-0.47,0.000
2542,51.89,0.00,1884.8,134.5,0.2,5,8855,0.000,0.210,0.000,0.054,-0.002,54.8,-6.4,0,-0.46,0.000
2543,51.91,0.00,1885.6,133.7,0.2,5,8802,0.000,0.211,0.000,0.054,-0.002,54.1,-6.3,0,-0.46,0.000
2544,51.93,0.00,1886.3,132.9,0.2,5,8748,0.000,0.212,0.000,0.055,-0.002,53.3,-6.3,0,-0.45,0.000
2545,51.95,0.00,1887.0,132.1,0.2,5,8694,0.000,0.213,0.000,0.055,-0.002,52.6,-6.2,0,-0.45,0.000
2546,51.97,0.00,1887.8,131.3,0.2,5,8641,0.000,0.214,0.000,0.056,-0.002,51.8,-6.1,0,-0.44,0.000
2547,51.99,0.00,1888.5,130.5,0.2,5,8587,0.000,0.215,0.000,0.056,-0.002,51.1,-6.0,0,-0.44,0.000
2548,52.01,0.00,1889.2,129.6,0.2,5,8534,0.000,0.216,0.000,0.056,-0.002,50.3,-5.9,0,-0.44,0.000
2549,52.03,0.00,1889.9,128.9,0.2,4,9469,0.000,0.219,0.001,0.057,-0.002,49.6,-5.2,0,-0.43,0.000
2550,52.05,0.00,1890.7,128.1,0.2,4,9444,0.000,0.222,0.000,0.057,-0.002,48.9,-5.0,0,-0.43,0.000
2551,52.07,0.00,1891.4,127.3,0.2,4,9312,0.000,0.223,0.000,0.058,-0.002,48.2,-5.7,0,-0.43,0.000
2552,52.09,0.00,1892.1,126.4,0.2,4,9242,0.000,0.222,0.000,0.058,-0.002,47.5,-5.8,0,-0.43,0.000
2553,52.11,0.00,1892.8,125.6,0.2,4,9180,0.000,0.222,0.001,0.058,-0.002,46.8,-5.8,0,-0.44,0.000
2554,52.13,0.00,1893.5,124.7,0.2,4,9118,0.000,0.221,0.002,0.059,-0.002,46.1,-5.8,0,-0.45,0.000
2555,52.15,0.00,1894.2,123.9,0.2,4,9056,0.000,0.220,0.035,0.059,-0.002,45.4,-5.9,0,-1.41,0.000
2556,52.17,0.00,1894.8,123.1,0.3,4,8996,0.000,0.216,0.030,0.059,-0.003,44.7,-5.7,0,-1.40,0.000
2557,52.19,0.00,1895.5,122.2,0.2,4,8939,0.000,0.210,0.022,0.060,-0.004,44.1,-5.7,0,-1.38,0.000
2558,52.21,0.00,1896.2,121.4,0.1,4,8882,0.000,0.203,0.012,0.061,-0.006,43.6,-5.8,0,-1.36,0.000
2559,52.23,0.00,1896.9,120.6,-0.0,4,8830,0.000,0.199,0.004,0.062,-0.008,43.0,-5.8,0,-1.35,0.000
2560,52.25,0.00,1897.5,119.9,-0.1,4,8775,0.000,0.198,-0.002,0.062,-0.009,42.4,-5.8,0,-1.33,0.000
2561,52.27,0.00,1898.2,119.1,-0.1,4,8720,0.000,0.199,-0.006,0.063,-0.010,41.8,-5.8,0,-1.32,0.000
2562,52.29,0.00,1898.8,118.4,-0.1,4,8664,0.000,0.202,-0.007,0.064,-0.010,41.1,-5.8,0,-1.32,0.000
2563,52.31,0.00,1899.5,117.6,-0.0,4,8607,0.000,0.206,-0.007,0.065,-0.010,40.4,-5.6,0,-1.31,0.000
2564,52.33,0.00,1900.2,116.8,0.0,4,8549,0.000,0.210,-0.006,0.066,-0.009,39.8,-5.5,0,-1.31,0.000
2565,52.35,0.00,1900.8,116.1,0.1,4,8490,0.000,0.214,-0.004,0.067,-0.009,39.1,-5.4,0,-1.30,0.000
2566,52.37,0.00,1901.5,115.3,0.1,4,8431,0.000,0.217,-0.003,0.068,-0.009,38.4,-5.3,0,-1.30,0.000
2567,52.39,0.00,1902.1,114.5,0.1,4,8371,0.000,0.220,-0.002,0.069,-0.008,37.8,-5.2,0,-1.30,0.000
2568,52.41,0.00,1902.7,113.7,0.1,4,8311,0.000,0.223,-0.001,0.070,-0.008,37.1,-5.0,0,-1.30,0.000
2569,52.43,0.00,1903.3,112.9,0.2,4,8251,0.000,0.224,-0.000,0.071,-0.008,36.5,-4.9,0,-1.30,0.000
2570,52.45,0.00,1904.0,112.0,0.2,4,8194,0.000,0.226,-0.000,0.072,-0.008,35.8,-4.7,0,-1.31,0.000
2571,52.47,0.00,1904.6,111.2,0.2,4,8134,0.000,0.227,-0.000,0.073,-0.008,35.2,-4.5,0,-1.32,0.000
2572,52.49,0.00,1905.2,110.4,0.2,4,8072,0.000,0.227,0.000,0.074,-0.008,34.6,-4.5,0,-1.34,0.000
2573,52.51,0.00,1905.8,109.6,0.2,4,8012,0.000,0.228,0.001,0.075,-0.008,34.0,-4.4,0,-1.37,0.000
2574,52.53,0.00,1906.4,108.8,0.2,4,7951,0.000,0.229,0.201,0.076,-0.008,33.4,-4.4,0,-3.38,0.500
2575,52.55,0.00,1907.0,108.0,0.5,4,7894,0.000,0.225,0.271,0.078,-0.011,32.9,-2.0,0,-3.37,0.500
2576,52.57,0.00,1907.6,107.2,0.5,4,7837,0.000,0.202,0.235,0.079,-0.018,32.6,-0.0,0,-3.35,0.500
2577,52.59,0.00,1908.2,106.4,0.2,4,7785,0.000,0.170,0.184,0.082,-0.028,32.5,-1.3,0,-3.33,0.500
2578,52.61,0.00,1908.8,105.7,-0.2,4,7741,0.000,0.137,0.128,0.085,-0.039,32.4,-3.8,0,-3.30,0.500
2579,52.63,0.00,1909.4,105.1,-0.6,4,7709,0.000,0.112,0.074,0.089,-0.050,32.3,-5.7,0,-3.29,0.500
2580,52.65,0.00,1910.0,104.6,-1.0,4,7684,0.000,0.099,0.027,0.094,-0.059,32.2,-6.4,0,-3.27,0.500
2581,52.67,0.00,1910.5,104.1,-1.2,4,7660,0.000,0.098,-0.007,0.099,-0.065,31.9,-6.7,0,-3.26,0.500
2582,52.69,0.00,1911.1,103.7,-1.2,4,7632,0.000,0.107,-0.027,0.104,-0.069,31.4,-6.6,0,-3.25,0.500
2583,52.71,0.00,1911.7,103.2,-1.1,4,7600,0.000,0.124,-0.035,0.109,-0.070,30.9,-6.4,0,-3.25,0.500
2584,52.73,0.00,1912.3,102.8,-0.9,4,7560,0.000,0.144,-0.035,0.115,-0.069,30.3,-6.0,0,-3.24,0.500
2585,52.75,0.00,1912.8,102.2,-0.6,4,7514,0.000,0.164,-0.031,0.121,-0.067,29.6,-5.6,0,-3.23,0.500
2586,52.77,0.00,1913.4,101.7,-0.4,4,7463,0.000,0.183,-0.026,0.127,-0.065,29.0,-5.2,0,-3.23,0.500
2587,52.79,0.00,1914.0,101.0,-0.2,4,7408,0.000,0.199,-0.020,0.133,-0.063,28.3,-4.7,0,-3.22,0.500
2588,52.81,0.00,1914.5,100.3,-0.0,4,7350,0.000,0.212,-0.015,0.138,-0.062,27.7,-4.4,0,-3.22,0.500
2589,52.83,0.00,1915.1,99.6,0.1,4,7290,0.000,0.221,-0.012,0.144,-0.060,27.1,-4.1,0,-3.22,0.500
2590,52.85,0.00,1915.6,98.9,0.2,3,8938,0.000,0.230,-0.010,0.150,-0.059,26.5,-3.5,0,-3.22,0.500
2591,52.87,0.00,1916.2,98.1,0.2,3,8918,0.000,0.237,-0.009,0.155,-0.058,25.9,-3.2,0,-3.22,0.500
2592,52.89,0.00,1916.7,97.3,0.2,3,8725,0.000,0.242,-0.009,0.161,-0.058,25.3,-3.9,0,-3.22,0.500
2593,52.91,0.00,1917.3,96.5,0.2,3,8638,0.000,0.243,-0.008,0.166,-0.057,24.7,-4.3,0,-3.23,0.500
2594,52.93,0.00,1917.8,95.6,0.2,3,8559,0.000,0.243,0.069,0.171,-0.040,24.2,-4.4,0,-3.24,0.500
2595,52.95,0.00,1918.3,94.8,0.4,3,8485,0.000,0.240,0.142,0.174,-0.025,23.7,-4.1,0,-3.25,0.500
2596,52.97,0.00,1918.9,93.9,0.6,3,8408,0.000,0.229,0.199,0.176,-0.013,23.3,-3.3,0,-3.26,0.500
2597,52.99,0.00,1919.4,93.1,0.6,3,8343,0.000,0.210,0.240,0.177,-0.004,23.0,-2.7,0,-3.28,0.500
2598,53.01,0.00,1920.0,92.3,0.5,3,8282,0.000,0.185,0.269,0.178,0.002,22.8,-2.6,0,-3.30,0.500
2599,53.03,0.00,1920.5,91.5,0.4,3,8227,0.000,0.158,0.288,0.178,0.006,22.7,-2.8,0,-3.33,0.500
2600,53.05,0.00,1921.0,90.9,0.2,3,8178,0.000,0.130,0.300,0.177,0.008,22.6,-3.2,0,-3.35,0.500
2601,53.07,0.00,1921.5,90.3,-0.1,3,8137,0.000,0.105,0.307,0.176,0.009,22.5,-3.5,0,-3.39,0.500
2602,53.09,0.00,1922.0,89.8,-0.3,3,8100,0.000,0.081,0.312,0.175,0.010,22.5,-4.1,0,-3.43,0.500
2603,53.11,0.00,1922.6,89.3,-0.5,3,8070,0.000,0.059,0.315,0.174,0.010,22.5,-4.8,0,-3.47,0.500
2604,53.13,0.00,1923.1,88.9,-0.7,3,8046,0.000,0.039,0.315,0.173,0.009,22.5,-5.4,0,-3.53,0.500
2605,53.15,0.00,1923.6,88.6,-0.9,3,8026,0.000,0.020,0.312,0.171,0.008,22.5,-6.0,0,-3.59,0.500
2606,53.17,0.00,1924.1,88.3,-1.1,3,8008,0.000,0.002,0.307,0.169,0.006,22.6,-6.6,0,-3.66,0.500
2607,53.19,0.00,1924.6,88.0,-1.4,3,7996,0.050,0.000,0.299,0.168,0.004,22.6,-7.1,0,-3.75,0.500
2608,53.21,0.00,1925.1,87.9,-1.6,3,8016,0.100,0.000,0.289,0.166,0.001,22.7,-6.5,0,-3.85,0.500
2609,53.23,0.00,1925.6,87.7,-1.9,3,8040,0.150,0.000,0.279,0.165,-0.002,22.8,-5.7,0,-3.97,0.500
2610,53.25,0.00,1926.1,87.6,-2.0,3,8068,0.200,0.000,0.273,0.163,-0.005,22.9,-4.9,0,-4.10,0.500
2611,53.27,0.00,1926.6,87.6,-2.1,3,8099,0.250,0.000,0.270,0.161,-0.007,22.9,-4.2,0,-4.25,0.500
2612,53.29,0.00,1927.1,87.6,-2.2,3,8133,0.300,0.000,0.271,0.160,-0.008,23.0,-3.4,0,-4.41,0.500
2613,53.31,0.00,1927.6,87.6,-2.1,3,8172,0.350,0.000,0.277,0.158,-0.008,23.0,-2.7,0,-4.58,0.500
2614,53.33,0.00,1928.1,87.7,-2.1,3,8215,0.400,0.000,0.287,0.157,-0.007,22.9,-1.9,0,-4.76,0.500
2615,53.35,0.00,1928.6,87.9,-2.0,3,8264,0.450,0.000,0.299,0.156,-0.006,22.9,-1.2,0,-4.96,0.500
2616,53.37,0.00,1929.1,88.1,-1.8,3,8319,0.500,0.000,0.313,0.154,-0.005,22.9,-0.4,0,-5.17,0.500
2617,53.39,0.00,1929.6,88.3,-1.8,3,8396,0.550,0.000,0.327,0.153,-0.004,22.8,0.8,0,-5.41,0.500
2618,53.41,0.00,1930.1,88.6,-1.8,3,8473,0.600,0.000,0.341,0.152,-0.003,22.9,1.9,0,-5.69,0.500
2619,53.43,0.00,1930.6,88.9,-1.8,3,8558,0.000,0.009,0.356,0.150,-0.003,22.9,3.0,0,-6.01,0.500
2620,53.45,0.00,1931.1,89.0,-1.7,3,8103,0.000,0.007,0.371,0.149,-0.002,22.9,-5.6,0,-6.37,0.500
2621,53.47,0.00,1931.6,88.7,-1.6,3,8064,0.050,0.000,0.389,0.147,-0.002,23.0,-6.3,0,-6.77,0.500
2622,53.49,0.00,1932.1,88.5,-1.5,3,8078,0.100,0.000,0.406,0.146,-0.002,23.2,-5.9,0,-7.25,0.500
2623,53.51,0.00,1932.7,88.4,-1.5,3,8097,0.150,0.000,0.422,0.145,-0.003,23.4,-5.3,0,-7.85,0.500
2624,53.53,0.00,1933.2,88.2,-1.5,3,8121,0.200,0.000,0.438,0.144,-0.005,23.6,-4.5,0,-8.58,0.500
2625,53.55,0.00,1933.7,88.1,-1.6,3,8151,0.250,0.000,0.457,0.143,-0.008,24.0,-3.7,0,-9.45,0.500
2626,53.57,0.00,1934.2,88.1,-1.7,3,8187,0.300,0.000,0.463,0.142,-0.011,24.4,-2.8,0,-10.06,0.500
2627,53.59,0.00,1934.7,88.1,-1.9,3,8229,0.350,0.000,0.461,0.141,-0.015,25.0,-1.8,0,-10.47,0.500
2628,53.61,0.00,1935.2,88.2,-2.1,3,8276,0.400,0.000,0.454,0.141,-0.018,25.6,-0.9,0,-10.75,0.500
2629,53.63,0.00,1935.7,88.2,-2.2,3,8332,0.450,0.000,0.446,0.140,-0.022,26.3,0.1,0,-10.97,0.500
2630,53.65,0.00,1936.2,88.4,-2.4,3,8397,0.500,0.000,0.438,0.140,-0.025,27.0,1.2,0,-11.19,0.500
2631,53.67,0.00,1936.7,88.6,-2.6,3,8472,0.550,0.000,0.431,0.140,-0.028,27.9,2.4,0,-11.41,0.500
2632,53.69,0.00,1937.2,88.8,-2.7,3,8559,0.600,0.000,0.425,0.140,-0.031,28.9,3.7,0,-11.63,0.500
2633,53.71,0.00,1937.7,89.1,-2.9,3,8660,0.450,0.000,0.416,0.140,-0.034,30.1,5.2,0,-11.82,0.500
2634,53.73,0.00,1938.2,89.3,-3.1,3,8554,0.500,0.000,0.254,0.140,-0.037,31.4,2.8,0,-7.63,0.500
2635,53.75,0.00,1938.7,89.5,-3.3,3,8592,0.550,0.000,0.211,0.140,-0.040,33.0,2.3,0,-6.73,0.500
2636,53.77,0.00,1939.2,89.8,-3.4,3,8671,0.600,0.000,0.191,0.140,-0.041,34.6,3.1,0,-6.33,0.500
2637,53.79,0.00,1939.7,90.2,-3.5,3,8766,0.650,0.000,0.184,0.140,-0.041,36.2,4.3,0,-6.12,0.500
2638,53.81,0.00,1940.2,90.6,-3.5,3,8842,0.500,0.000,0.187,0.140,-0.040,38.0,5.1,0,-6.02,0.500
2639,53.83,0.00,1940.8,91.0,-3.3,3,8709,0.550,0.000,0.197,0.140,-0.037,39.8,2.0,0,-5.94,0.500
2640,53.85,0.00,1941.3,91.3,-3.0,3,8737,0.600,0.000,0.194,0.140,-0.033,41.6,1.8,0,-5.89,0.461
2641,53.87,0.00,1941.8,91.7,-2.7,3,8815,0.650,0.000,0.191,0.140,-0.028,43.5,2.6,0,-5.84,0.413
2642,53.89,0.00,1942.3,92.1,-2.4,3,8908,0.700,0.000,0.186,0.140,-0.023,45.6,3.6,0,-5.77,0.360
2643,53.91,0.00,1942.8,92.6,-2.2,3,9012,0.750,0.000,0.171,0.140,-0.019,48.3,4.7,0,-5.68,0.294
2644,53.93,0.00,1943.4,93.1,-2.1,3,9130,0.600,0.000,0.148,0.139,-0.015,51.5,5.9,0,-5.58,0.214
2645,53.95,0.00,1943.9,93.7,-2.1,3,9017,0.650,0.000,0.044,0.138,-0.010,55.1,2.8,0,-3.24,0.122
2646,53.97,0.00,1944.5,94.2,-2.1,3,9052,0.700,0.000,0.029,0.137,-0.003,58.4,2.3,0,-2.99,0.039
2647,53.99,0.00,1945.0,94.7,-1.9,3,9123,0.750,0.000,0.049,0.135,0.008,60.6,2.7,0,-2.87,-0.014
2648,54.01,0.00,1945.5,95.4,-1.5,3,9148,0.800,0.000,0.085,0.132,0.020,62.2,2.1,0,-2.80,-0.054
2649,54.03,0.00,1946.1,96.0,-1.1,3,9226,0.850,0.000,0.122,0.128,0.032,63.8,2.4,0,-2.74,-0.095
2650,54.05,0.00,1946.6,96.7,-0.7,3,9344,0.900,0.000,0.146,0.124,0.043,66.2,3.5,0,-2.65,-0.156
2651,54.07,0.00,1947.2,97.5,-0.5,3,9498,0.750,0.000,0.147,0.119,0.053,69.9,5.2,0,-2.54,-0.247
2652,54.09,0.00,1947.7,98.2,-0.4,3,9438,0.800,0.000,0.130,0.114,0.062,74.6,2.7,0,-2.41,-0.364
2653,54.11,0.00,1948.3,98.8,-0.4,3,9549,0.850,0.000,0.126,0.107,0.071,78.3,3.5,0,-2.29,-0.457
2654,54.13,0.00,1948.8,99.5,-0.5,3,9699,0.700,0.000,0.149,0.100,0.080,81.3,5.2,0,-2.19,-0.500
2655,54.15,0.00,1949.4,100.2,-0.5,3,9620,0.750,0.000,0.126,0.092,0.075,84.0,2.6,0,-2.09,-0.500
2656,54.17,0.00,1950.0,100.8,-0.6,3,9705,0.800,0.000,0.091,0.085,0.067,86.4,3.0,0,-2.01,-0.500
2657,54.19,0.00,1950.5,101.4,-0.7,3,9817,0.850,0.000,0.291,0.078,0.060,88.3,4.0,0,-1.94,0.000
2658,54.21,0.00,1951.1,102.1,-0.6,3,9982,0.700,0.000,0.312,0.072,0.053,90.2,6.5,0,-1.88,0.000
2659,54.23,0.00,1951.6,102.7,-0.6,3,9941,0.550,0.000,0.235,0.067,0.043,92.8,5.0,0,-1.00,0.000
2660,54.25,0.00,1952.2,103.2,-0.8,3,9833,0.600,0.000,0.176,0.063,0.032,95.7,1.6,0,-0.82,0.000
2661,54.27,0.00,1952.8,103.6,-1.0,3,9919,0.650,0.000,0.120,0.059,0.021,98.8,2.0,0,-0.70,0.000
2662,54.29,0.00,1953.4,104.0,-1.3,3,10038,0.700,0.000,0.069,0.057,0.011,101.9,3.3,0,-0.62,0.000
2663,54.31,0.00,1954.0,104.5,-1.6,3,10162,0.750,0.000,0.026,0.055,0.002,104.6,4.7,0,-0.57,0.000
2664,54.33,0.00,1954.5,105.1,-1.8,3,10283,0.600,0.000,-0.006,0.053,-0.004,106.6,6.0,0,-0.53,0.000
2665,54.35,0.00,1955.1,105.7,-1.8,3,10142,0.650,0.000,-0.026,0.052,-0.008,107.7,2.3,0,-0.51,0.000
2666,54.37,0.00,1955.7,106.3,-1.6,3,10167,0.700,0.000,-0.034,0.051,-0.010,107.8,1.7,0,-0.51,0.000
2667,54.39,0.00,1956.3,106.8,-1.3,3,10245,0.750,0.000,-0.033,0.051,-0.010,107.0,2.1,0,-0.51,0.000
2668,54.41,0.00,1956.9,107.4,-1.0,3,10341,0.800,0.000,-0.027,0.051,-0.008,105.9,2.9,0,-0.51,0.000
2669,54.43,0.00,1957.5,108.1,-0.6,3,10448,0.850,0.000,-0.020,0.051,-0.007,104.6,3.8,0,-0.51,0.000
2670,54.45,0.00,1958.1,108.8,-0.4,3,10565,0.900,0.000,-0.013,0.051,-0.005,103.4,4.8,0,-0.52,0.000
2671,54.47,0.00,1958.7,109.6,-0.2,3,10732,0.750,0.000,-0.007,0.051,-0.004,102.3,6.6,0,-0.52,0.000
2672,54.49,0.00,1959.3,110.3,-0.0,3,10631,0.800,0.000,-0.003,0.052,-0.003,101.3,3.5,0,-0.53,0.000
2673,54.51,0.00,1959.9,110.6,0.1,4,8631,0.850,0.000,-0.001,0.052,-0.003,100.5,-7.9,0,-0.53,0.000
2674,54.53,0.00,1960.5,110.5,0.2,4,8640,0.900,0.000,0.001,0.053,-0.003,99.7,-8.2,0,-0.53,0.000
2675,54.55,0.00,1961.2,110.4,0.2,4,8205,0.950,0.000,0.001,0.053,-0.002,99.1,-7.9,0,-0.53,0.000
2676,54.57,0.00,1961.8,110.7,0.2,4,8601,1.000,0.000,0.001,0.053,-0.003,98.4,1.2,0,-0.52,0.000
2677,54.59,0.00,1962.4,111.3,0.2,4,8716,1.000,0.000,0.000,0.054,-0.003,97.8,3.0,0,-0.52,0.000
2678,54.61,0.00,1963.0,112.0,0.2,4,8769,1.000,0.000,-0.000,0.054,-0.003,97.2,3.2,0,-0.52,0.000
2679,54.63,0.00,1963.6,112.7,0.2,4,8805,1.000,0.000,-0.001,0.055,-0.003,96.6,2.9,0,-0.51,0.000
2680,54.65,0.00,1964.3,113.3,0.2,4,8841,1.000,0.000,-0.002,0.055,-0.003,96.0,2.5,0,-0.51,0.000
2681,54.67,0.00,1964.9,114.0,0.2,4,8885,1.000,0.000,-0.002,0.056,-0.003,95.4,2.3,0,-0.51,0.000
2682,54.69,0.00,1965.5,114.7,0.2,4,8938,1.000,0.000,-0.003,0.056,-0.003,94.8,2.3,0,-0.51,0.000
2683,54.71,0.00,1966.2,115.4,0.2,4,8994,1.000,0.000,-0.003,0.057,-0.003,94.2,2.4,0,-0.50,0.000
2684,54.73,0.00,1966.8,116.0,0.2,4,9053,1.000,0.000,-0.003,0.057,-0.003,93.5,2.6,0,-0.50,0.000
2685,54.75,0.00,1967.5,116.7,0.2,4,9117,1.000,0.000,-0.003,0.058,-0.003,92.8,2.9,0,-0.50,0.000
2686,54.77,0.00,1968.1,117.4,0.2,4,9181,1.000,0.000,-0.003,0.058,-0.003,92.1,3.1,0,-0.50,0.000
2687,54.79,0.00,1968.8,118.1,0.2,4,9242,1.000,0.000,-0.003,0.059,-0.003,91.5,3.3,0,-0.49,0.000
2688,54.81,0.00,1969.4,118.8,0.2,4,9300,1.000,0.000,-0.003,0.059,-0.003,90.8,3.4,0,-0.49,0.000
2689,54.83,0.00,1970.1,119.5,0.2,4,9357,1.000,0.000,-0.003,0.060,-0.003,90.1,3.5,0,-0.49,0.000
2690,54.85,0.00,1970.7,120.2,0.2,4,9414,1.000,0.000,-0.003,0.060,-0.003,89.4,3.6,0,-0.49,0.000
2691,54.87,0.00,1971.4,120.9,0.2,4,9467,1.000,0.000,-0.004,0.061,-0.003,88.7,3.5,0,-0.49,0.000
2692,54.89,0.00,1972.1,121.6,0.2,4,9516,1.000,0.000,-0.003,0.061,-0.003,88.0,3.3,0,-0.49,0.000
2693,54.91,0.00,1972.8,122.3,0.2,4,9565,1.000,0.000,-0.003,0.062,-0.003,87.3,3.2,0,-0.48,0.000
2694,54.93,0.00,1973.4,123.0,0.2,4,9615,1.000,0.000,-0.003,0.062,-0.003,86.6,3.1,0,-0.48,0.000
2695,54.95,0.00,1974.1,123.7,0.2,4,9640,1.000,0.000,-0.003,0.063,-0.003,85.9,2.4,0,-0.48,0.000
2696,54.97,0.00,1974.8,124.5,0.2,4,9679,1.000,0.000,-0.003,0.063,-0.003,85.2,2.0,0,-0.48,0.000
2697,54.99,0.00,1975.5,125.2,0.2,4,9736,1.000,0.000,-0.004,0.064,-0.003,84.5,2.1,0,-0.48,0.000
2698,55.01,0.00,1976.2,125.9,0.2,4,9806,1.000,0.000,-0.004,0.064,-0.003,83.7,2.4,0,-0.48,0.000
2699,55.03,0.00,1976.9,126.5,0.2,4,9876,1.000,0.000,-0.003,0.065,-0.003,83.0,2.8,0,-0.48,0.000
2700,55.05,0.00,1977.6,127.2,0.2,4,9939,1.000,0.000,-0.003,0.065,-0.003,82.3,3.1,0,-0.48,0.000
2701,55.07,0.00,1978.3,127.9,0.2,4,9995,1.000,0.000,-0.003,0.066,-0.003,81.5,3.1,0,-0.49,0.000
2702,55.09,0.00,1979.0,128.6,0.1,4,10045,1.000,0.000,-0.003,0.066,-0.003,80.8,3.0,0,-0.49,0.000
2703,55.11,0.00,1979.8,129.3,0.1,4,10092,1.000,0.000,-0.002,0.067,-0.003,80.1,2.8,0,-0.50,0.000
2704,55.13,0.00,1980.5,130.0,0.1,4,10138,1.000,0.000,0.034,0.067,-0.003,79.3,2.6,0,-1.55,0.000
2705,55.15,0.00,1981.2,130.7,0.2,4,10184,1.000,0.000,0.030,0.068,-0.004,78.8,2.5,0,-1.55,0.000
2706,55.17,0.00,1981.9,131.5,0.1,4,10184,1.000,0.000,0.021,0.069,-0.006,78.7,1.3,0,-1.54,0.000
2707,55.19,0.00,1982.7,132.2,0.0,4,10214,1.000,0.000,0.011,0.069,-0.008,78.5,0.6,0,-1.54,0.000
2708,55.21,0.00,1983.4,132.8,-0.1,4,10276,1.000,0.000,0.003,0.070,-0.009,78.3,0.8,0,-1.54,0.000
2709,55.23,0.00,1984.1,133.5,-0.1,4,10358,1.000,0.000,-0.003,0.071,-0.010,77.9,1.5,0,-1.54,0.000
2710,55.25,0.00,1984.9,134.2,-0.2,4,10438,1.000,0.000,-0.006,0.073,-0.011,77.3,2.2,0,-1.53,0.000
2711,55.27,0.00,1985.6,134.8,-0.2,4,10506,1.000,0.000,-0.007,0.074,-0.011,76.6,2.6,0,-1.53,0.000
2712,55.29,0.00,1986.4,135.5,-0.1,4,10563,1.000,0.000,-0.007,0.075,-0.011,75.8,2.7,0,-1.53,0.000
2713,55.31,0.00,1987.1,136.2,-0.1,4,10607,1.000,0.000,-0.006,0.076,-0.011,74.9,2.4,0,-1.53,0.000
2714,55.33,0.00,1987.9,136.9,-0.0,4,10647,1.000,0.000,-0.005,0.078,-0.011,74.1,2.1,0,-1.52,0.000
2715,55.35,0.00,1988.7,137.6,0.0,4,10688,1.000,0.000,-0.004,0.079,-0.010,73.2,1.9,0,-1.52,0.000
2716,55.37,0.00,1989.4,138.3,0.1,4,10707,1.000,0.000,-0.003,0.080,-0.010,72.3,1.2,0,-1.52,0.000
2717,55.39,0.00,1990.2,139.0,0.1,4,10689,1.000,0.000,-0.002,0.082,-0.010,71.5,-0.7,0,-1.52,0.000
2718,55.41,0.00,1991.0,139.7,0.1,4,10742,1.000,0.000,-0.002,0.083,-0.010,70.7,-0.7,0,-1.51,0.000
2719,55.43,0.00,1991.7,140.3,0.1,4,10819,1.000,0.000,-0.003,0.084,-0.010,69.9,-0.1,0,-1.51,0.000
2720,55.45,0.00,1992.5,140.5,0.1,5,9717,1.000,0.000,-0.003,0.086,-0.010,69.1,-10.0,0,-1.51,0.000
2721,55.47,0.00,1993.3,140.4,0.1,5,9721,1.000,0.000,-0.002,0.087,-0.010,68.2,-10.4,0,-1.51,0.000
2722,55.49,0.00,1994.1,140.2,0.1,5,9355,1.000,0.000,-0.002,0.088,-0.010,67.4,-10.2,0,-1.51,0.000
2723,55.51,0.00,1994.9,140.5,0.1,5,9739,1.000,0.000,-0.001,0.090,-0.009,66.5,-0.3,0,-1.51,0.000
2724,55.53,0.00,1995.7,141.0,0.1,5,9798,1.000,0.000,-0.001,0.091,-0.009,65.7,0.5,0,-1.51,0.000
2725,55.55,0.00,1996.4,141.6,0.1,5,9824,0.000,0.038,-0.001,0.092,-0.009,64.9,0.1,0,-1.51,0.000
2726,55.57,0.00,1997.2,141.7,0.1,5,9413,0.000,0.082,-0.001,0.094,-0.009,64.1,-10.1,0,-1.51,0.000
2727,55.59,0.00,1998.0,141.2,0.1,5,9370,0.000,0.101,-0.001,0.095,-0.009,63.3,-9.2,0,-1.51,0.000
2728,55.61,0.00,1998.8,140.7,0.1,5,9328,0.000,0.117,-0.002,0.096,-0.009,62.5,-8.8,0,-1.51,0.000
2729,55.63,0.00,1999.6,140.2,0.0,5,9279,0.000,0.132,-0.002,0.097,-0.009,61.6,-8.5,0,-1.51,0.000
2730,55.65,0.00,2000.3,139.6,0.0,5,9228,0.000,0.145,-0.001,0.099,-0.009,60.8,-8.4,0,-1.51,0.000
2731,55.67,0.00,2001.1,139.0,0.0,5,9176,0.000,0.156,-0.001,0.100,-0.009,60.0,-8.2,0,-1.52,0.000
2732,55.69,0.00,2001.9,138.3,0.1,5,9126,0.000,0.165,-0.001,0.101,-0.009,59.2,-8.0,0,-1.53,0.000
2733,55.71,0.00,2002.7,137.6,0.1,5,9075,0.000,0.171,-0.000,0.102,-0.009,58.4,-9.0,0,-1.54,0.000
2734,55.73,0.00,2003.4,136.9,0.1,5,9027,0.000,0.178,0.000,0.104,-0.009,57.6,-8.6,0,-1.55,0.000
2735,55.75,0.00,2004.2,136.1,0.0,5,8978,0.000,0.184,0.001,0.105,-0.009,56.8,-8.1,0,-1.58,0.000
2736,55.77,0.00,2004.9,135.4,0.0,5,8932,0.000,0.188,0.102,0.106,-0.009,56.1,-7.6,0,-4.59,0.099
2737,55.79,0.00,2005.7,134.6,0.3,5,8898,0.000,0.165,0.096,0.107,-0.011,55.8,-5.8,0,-4.62,0.106
2738,55.81,0.00,2006.4,133.9,0.1,5,8855,0.000,0.107,0.067,0.109,-0.016,56.2,-6.3,0,-4.65,0.096
2739,55.83,0.00,2007.2,133.3,-0.2,5,8828,0.000,0.047,0.033,0.111,-0.022,56.7,-8.0,0,-4.68,0.082
2740,55.85,0.00,2007.9,132.9,-0.5,5,8818,0.000,0.006,0.005,0.114,-0.027,57.1,-9.4,0,-4.71,0.073
2741,55.87,0.00,2008.6,132.6,-0.7,5,8814,0.050,0.000,-0.009,0.117,-0.030,57.0,-10.3,0,-4.74,0.074
2742,55.89,0.00,2009.4,132.4,-0.7,5,8820,0.000,0.008,-0.011,0.120,-0.031,56.6,-10.0,0,-4.76,0.085
2743,55.91,0.00,2010.1,132.2,-0.6,5,8788,0.000,0.037,-0.004,0.123,-0.031,55.9,-10.3,0,-4.78,0.103
2744,55.93,0.00,2010.8,131.9,-0.5,5,8758,0.000,0.066,0.005,0.126,-0.031,55.1,-9.9,0,-4.79,0.123
2745,55.95,0.00,2011.6,131.5,-0.3,5,8722,0.000,0.088,0.012,0.130,-0.031,54.3,-9.4,0,-4.81,0.142
2746,55.97,0.00,2012.3,131.1,-0.2,5,8685,0.000,0.100,0.016,0.133,-0.032,53.7,-8.9,0,-4.83,0.157
2747,55.99,0.00,2013.0,130.6,-0.2,5,8660,0.000,0.104,0.016,0.137,-0.033,53.2,-8.2,0,-4.86,0.171
2748,56.01,0.00,2013.8,130.1,-0.1,5,8625,0.000,0.106,0.016,0.141,-0.034,52.7,-7.9,0,-4.88,0.183
2749,56.03,0.00,2014.5,129.6,-0.1,5,8587,0.000,0.108,0.015,0.145,-0.035,52.2,-7.8,0,-4.90,0.195
2750,56.05,0.00,2015.2,129.1,-0.1,4,9529,0.000,0.110,0.014,0.149,-0.036,51.7,-7.3,0,-4.93,0.207
2751,56.07,0.00,2015.9,128.6,-0.2,4,9504,0.000,0.114,0.013,0.153,-0.037,51.2,-7.2,0,-4.96,0.219
2752,56.09,0.00,2016.6,128.1,-0.2,4,9420,0.000,0.116,0.012,0.158,-0.038,50.7,-7.9,0,-4.98,0.231
2753,56.11,0.00,2017.3,127.5,-0.2,4,9370,0.000,0.116,0.011,0.162,-0.039,50.3,-8.1,0,-5.01,0.243
2754,56.13,0.00,2018.0,126.9,-0.2,4,9327,0.000,0.113,0.010,0.167,-0.041,49.8,-9.2,0,-5.04,0.255
2755,56.15,0.00,2018.7,126.4,-0.2,4,9290,0.000,0.110,0.008,0.171,-0.042,49.3,-9.1,0,-5.07,0.267
2756,56.17,0.00,2019.5,125.8,-0.2,4,9253,0.000,0.110,0.027,0.176,-0.039,48.9,-8.8,0,-5.10,0.279
2757,56.19,0.00,2020.2,125.3,-0.2,4,9213,0.000,0.104,0.058,0.180,-0.033,48.5,-8.5,0,-5.14,0.288
2758,56.21,0.00,2020.8,124.7,-0.1,4,9197,0.000,0.081,0.080,0.183,-0.028,48.4,-7.7,0,-5.18,0.290
2759,56.23,0.00,2021.5,124.2,-0.1,4,9168,0.000,0.043,0.092,0.186,-0.025,48.6,-7.9,0,-5.22,0.284
2760,56.25,0.00,2022.2,123.8,-0.1,4,9148,0.050,0.000,0.096,0.189,-0.023,49.1,-8.7,0,-5.27,0.271
2761,56.27,0.00,2022.9,123.5,-0.2,4,9159,0.100,0.000,0.092,0.191,-0.022,49.9,-9.3,0,-5.32,0.251
2762,56.29,0.00,2023.6,123.4,-0.4,4,9167,0.150,0.000,0.079,0.194,-0.022,51.1,-8.9,0,-5.38,0.222
2763,56.31,0.00,2024.3,123.3,-0.6,4,9180,0.200,0.000,0.065,0.196,-0.022,52.4,-8.3,0,-5.44,0.191
2764,56.33,0.00,2025.0,123.2,-0.9,4,9198,0.250,0.000,0.055,0.197,-0.021,53.5,-7.7,0,-5.51,0.163
2765,56.35,0.00,2025.7,123.1,-0.9,4,9201,0.300,0.000,0.053,0.199,-0.019,54.4,-7.5,0,-5.57,0.141
2766,56.37,0.00,2026.4,123.2,-0.8,4,9214,0.350,0.000,0.062,0.200,-0.016,54.9,-7.2,0,-5.62,0.128
2767,56.39,0.00,2027.1,123.2,-0.7,4,9239,0.400,0.000,0.077,0.201,-0.013,55.2,-6.7,0,-5.67,0.120
2768,56.41,0.00,2027.8,123.3,-0.5,4,9277,0.450,0.000,0.089,0.202,-0.009,55.6,-5.9,0,-5.72,0.109
2769,56.43,0.00,2028.5,123.4,-0.4,4,9320,0.500,0.000,0.093,0.202,-0.007,56.4,-5.1,0,-5.80,0.090
2770,56.45,0.00,2029.2,123.6,-0.5,4,9367,0.550,0.000,0.090,0.202,-0.005,57.5,-4.3,0,-5.92,0.062
2771,56.47,0.00,2029.9,123.8,-0.6,4,9416,0.600,0.000,0.086,0.202,-0.004,58.8,-3.5,0,-6.12,0.030
2772,56.49,0.00,2030.6,124.1,-0.8,4,9458,0.650,0.000,-0.049,0.202,-0.003,60.2,-2.9,0,-2.61,-0.005
2773,56.51,0.00,2031.3,124.5,-1.1,4,9466,0.700,0.000,-0.039,0.201,0.000,60.7,-3.3,0,-2.56,-0.017
2774,56.53,0.00,2032.0,124.8,-1.0,4,9513,0.750,0.000,0.014,0.200,0.008,59.8,-3.0,0,-2.70,0.005
2775,56.55,0.00,2032.7,125.3,-0.6,4,9576,0.800,0.000,0.194,0.198,0.016,58.8,-2.2,0,-6.35,0.030
2776,56.57,0.00,2033.4,125.7,-0.2,4,9655,0.850,0.000,0.223,0.195,0.021,58.7,-0.6,0,-6.37,0.032
2777,56.59,0.00,2034.1,126.1,-0.1,4,9749,0.900,0.000,0.082,0.193,0.022,60.2,1.0,0,-2.67,-0.004
2778,56.61,0.00,2034.8,126.6,-0.6,4,9842,0.950,0.000,0.046,0.190,0.021,62.3,1.8,0,-2.51,-0.058
2779,56.63,0.00,2035.5,127.2,-1.0,4,9925,1.000,0.000,0.030,0.186,0.022,64.0,2.7,0,-2.44,-0.099
2780,56.65,0.00,2036.2,127.8,-1.2,4,10017,1.000,0.000,0.031,0.183,0.025,65.0,3.8,0,-2.42,-0.125
2781,56.67,0.00,2037.0,128.5,-1.3,4,10063,1.000,0.000,0.043,0.178,0.028,65.6,3.7,0,-2.41,-0.141
2782,56.69,0.00,2037.7,129.2,-1.2,4,10099,1.000,0.000,0.058,0.173,0.033,66.2,3.4,0,-2.41,-0.155
2783,56.71,0.00,2038.4,129.8,-1.2,4,10137,1.000,0.000,0.073,0.168,0.037,66.8,3.2,0,-2.40,-0.169
2784,56.73,0.00,2039.1,130.5,-1.1,4,10183,1.000,0.000,0.086,0.162,0.040,67.4,3.2,0,-2.40,-0.186
2785,56.75,0.00,2039.9,131.1,-1.1,4,10233,1.000,0.000,0.093,0.156,0.044,68.4,3.2,0,-2.39,-0.209
2786,56.77,0.00,2040.6,131.7,-1.1,4,10297,1.000,0.000,0.093,0.150,0.046,69.7,3.4,0,-2.39,-0.242
2787,56.79,0.00,2041.3,132.2,-1.3,4,10515,0.850,0.000,0.079,0.143,0.047,71.5,7.5,0,-2.38,-0.288
2788,56.81,0.00,2042.1,132.8,-1.7,4,10438,0.900,0.000,0.056,0.136,0.048,73.8,4.8,0,-2.37,-0.345
2789,56.83,0.00,2042.8,133.4,-2.0,4,10437,0.950,0.000,0.037,0.128,0.048,76.0,3.6,0,-2.38,-0.400
2790,56.85,0.00,2043.6,134.0,-2.1,4,10476,1.000,0.000,0.037,0.120,0.051,77.5,3.6,0,-2.40,-0.437
2791,56.87,0.00,2044.3,134.7,-2.1,4,10533,1.000,0.000,0.048,0.111,0.054,78.2,3.9,0,-2.42,-0.454
2792,56.89,0.00,2045.1,135.3,-1.8,4,10562,1.000,0.000,0.037,0.103,0.051,78.5,3.4,0,-2.44,-0.462
2793,56.91,0.00,2045.8,135.9,-1.7,4,10720,0.850,0.000,0.027,0.095,0.049,78.8,5.3,0,-2.46,-0.469
2794,56.93,0.00,2046.6,136.3,-1.7,4,10857,0.700,0.000,0.010,0.088,0.046,79.4,8.1,0,-2.50,-0.484
2795,56.95,0.00,2047.3,136.9,-1.8,4,10667,0.750,0.000,-0.007,0.080,0.042,80.0,2.8,0,-2.56,-0.500
2796,56.97,0.00,2048.1,137.4,-1.7,4,10595,0.800,0.000,-0.011,0.073,0.040,80.1,-0.0,0,-2.61,-0.500
2797,56.99,0.00,2048.9,137.9,-1.5,4,10598,0.850,0.000,-0.003,0.067,0.040,79.5,-0.9,0,-2.62,-0.488
2798,57.01,0.00,2049.6,138.4,-1.1,4,10631,0.900,0.000,0.011,0.061,0.040,78.6,-1.1,0,-2.61,-0.466
2799,57.03,0.00,2050.4,138.9,-0.8,4,10683,0.950,0.000,0.025,0.055,0.040,77.8,-0.8,0,-2.61,-0.445
2800,57.05,0.00,2051.2,139.5,-0.6,4,10754,1.000,0.000,0.035,0.049,0.039,77.1,-0.1,0,-2.61,-0.429
2801,57.07,0.00,2051.9,140.2,-0.5,4,10841,1.000,0.000,0.039,0.043,0.038,76.8,0.9,0,-2.64,-0.419
2802,57.09,0.00,2052.7,140.4,-0.4,5,9735,1.000,0.000,0.037,0.038,0.037,76.7,-9.8,0,-2.68,-0.417
2803,57.11,0.00,2053.5,140.2,-0.4,5,9739,1.000,0.000,0.029,0.033,0.034,76.9,-10.3,0,-2.78,-0.422
2804,57.13,0.00,2054.3,140.0,-0.5,5,9345,1.000,0.000,0.018,0.028,0.031,77.3,-10.2,0,-2.88,-0.431
2805,57.15,0.00,2055.1,140.2,-0.6,5,9758,1.000,0.000,0.008,0.024,0.029,77.5,0.6,0,-2.94,-0.438
2806,57.17,0.00,2055.8,140.8,-0.7,5,9827,1.000,0.000,0.003,0.020,0.027,77.5,1.8,0,-2.99,-0.437
2807,57.19,0.00,2056.6,141.4,-0.7,5,9830,1.000,0.000,0.005,0.016,0.026,77.2,0.9,0,-3.02,-0.430
2808,57.21,0.00,2057.4,142.0,-0.6,5,9827,1.000,0.000,0.011,0.012,0.025,76.7,-0.3,0,-3.04,-0.417
2809,57.23,0.00,2058.2,142.6,-0.5,5,9842,1.000,0.000,0.018,0.008,0.025,76.1,-1.0,0,-3.05,-0.403
2810,57.25,0.00,2059.0,143.1,-0.4,5,9872,1.000,0.000,0.023,0.004,0.024,75.6,-1.2,0,-3.07,-0.390
2811,57.27,0.00,2059.8,143.7,-0.3,5,9913,1.000,0.000,0.025,0.001,0.023,75.2,-1.2,0,-3.10,-0.381
2812,57.29,0.00,2060.6,144.2,-0.3,5,9985,1.000,0.000,0.024,-0.002,0.021,75.0,-0.3,0,-3.13,-0.376
2813,57.31,0.00,2061.4,144.8,-0.3,5,10034,1.000,0.000,0.020,-0.005,0.019,74.9,0.0,0,-3.17,-0.373
2814,57.33,0.00,2062.2,145.3,-0.4,5,10070,1.000,0.000,0.015,-0.008,0.018,74.8,-0.0,0,-3.20,-0.371
2815,57.35,0.00,2063.0,145.9,-0.4,5,10102,1.000,0.000,0.012,-0.011,0.016,74.6,-0.2,0,-3.22,-0.366
2816,57.37,0.00,2063.8,146.4,-0.5,5,10134,1.000,0.000,0.012,-0.013,0.015,74.3,-0.4,0,-3.23,-0.358
2817,57.39,0.00,2064.6,147.0,-0.4,5,10167,1.000,0.000,0.013,-0.016,0.014,73.9,-0.6,0,-3.25,-0.348
2818,57.41,0.00,2065.5,147.5,-0.4,5,10198,1.000,0.000,0.015,-0.018,0.012,73.6,-0.8,0,-3.27,-0.339
2819,57.43,0.00,2066.3,148.1,-0.4,5,10230,1.000,0.000,0.015,-0.020,0.011,73.2,-1.0,0,-3.28,-0.330
2820,57.45,0.00,2067.1,148.7,-0.4,5,10263,1.000,0.000,0.015,-0.022,0.010,72.8,-1.1,0,-3.30,-0.321
2821,57.47,0.00,2067.9,149.2,-0.3,5,10256,0.000,0.044,0.015,-0.023,0.009,72.5,-2.3,0,-3.32,-0.312
2822,57.49,0.00,2068.8,149.2,-0.3,5,9906,0.000,0.061,0.017,-0.025,0.008,72.1,-10.6,0,-3.34,-0.301
2823,57.51,0.00,2069.6,148.7,-0.3,5,9867,0.000,0.058,0.017,-0.026,0.006,71.7,-10.4,0,-3.36,-0.292
2824,57.53,0.00,2070.4,148.3,-0.3,5,9834,0.000,0.051,0.015,-0.027,0.005,71.4,-10.6,0,-3.37,-0.284
2825,57.55,0.00,2071.2,147.9,-0.3,5,9806,0.000,0.043,0.013,-0.028,0.003,71.1,-10.8,0,-3.39,-0.277
2826,57.57,0.00,2072.1,147.5,-0.4,5,9782,0.000,0.036,0.010,-0.029,0.002,70.8,-11.1,0,-3.40,-0.270
2827,57.59,0.00,2072.9,147.1,-0.4,5,9759,0.000,0.033,0.009,-0.029,0.001,70.5,-11.2,0,-3.42,-0.262
2828,57.61,0.00,2073.7,146.7,-0.4,5,9737,0.000,0.033,0.018,-0.030,0.001,70.1,-11.2,0,-3.44,-0.252
2829,57.63,0.00,2074.5,146.4,-0.4,5,9714,0.000,0.031,0.026,-0.030,0.002,69.8,-11.1,0,-3.45,-0.244
2830,57.65,0.00,2075.3,146.0,-0.4,5,9693,0.000,0.021,0.031,-0.031,0.002,69.6,-11.0,0,-3.46,-0.240
2831,57.67,0.00,2076.1,145.7,-0.4,5,9674,0.000,0.002,0.030,-0.032,0.002,69.6,-11.2,0,-3.46,-0.241
2832,57.69,0.00,2076.9,145.4,-0.4,5,9662,0.050,0.000,0.026,-0.032,0.002,69.8,-11.6,0,-3.46,-0.245
2833,57.71,0.00,2077.7,145.1,-0.5,5,9664,0.100,0.000,0.023,-0.033,0.001,69.9,-11.1,0,-3.45,-0.248
2834,57.73,0.00,2078.6,144.9,-0.6,5,9669,0.150,0.000,0.021,-0.034,0.001,70.0,-10.6,0,-3.45,-0.250
2835,57.75,0.00,2079.3,144.8,-0.6,5,9677,0.200,0.000,0.022,-0.034,0.001,70.0,-10.1,0,-3.45,-0.250
2836,57.77,0.00,2080.2,144.7,-0.6,5,9688,0.250,0.000,0.026,-0.035,0.002,69.9,-9.6,0,-3.46,-0.246
2837,57.79,0.00,2081.0,144.6,-0.5,5,9701,0.300,0.000,0.030,-0.036,0.002,69.7,-9.0,0,-3.47,-0.242
2838,57.81,0.00,2081.8,144.6,-0.5,5,9718,0.350,0.000,0.034,-0.037,0.002,69.6,-8.5,0,-3.47,-0.240
2839,57.83,0.00,2082.6,144.6,-0.5,5,9753,0.400,0.000,0.032,-0.037,0.002,69.7,-7.5,0,-3.47,-0.242
2840,57.85,0.00,2083.4,144.6,-0.5,5,9770,0.450,0.000,0.028,-0.038,0.002,69.9,-7.1,0,-3.46,-0.248
2841,57.87,0.00,2084.2,144.7,-0.6,5,9790,0.500,0.000,0.023,-0.039,0.001,70.1,-6.8,0,-3.46,-0.253
2842,57.89,0.00,2085.0,144.8,-0.6,5,9812,0.550,0.000,0.021,-0.039,0.001,70.3,-6.4,0,-3.46,-0.257
2843,57.91,0.00,2085.8,145.0,-0.6,5,9836,0.600,0.000,0.023,-0.040,0.001,70.3,-6.0,0,-3.46,-0.257
2844,57.93,0.00,2086.6,145.2,-0.5,5,9865,0.650,0.000,0.026,-0.041,0.002,70.2,-5.6,0,-3.47,-0.255
2845,57.95,0.00,2087.4,145.5,-0.5,5,9899,0.700,0.000,0.030,-0.042,0.002,70.1,-5.1,0,-3.48,-0.253
2846,57.97,0.00,2088.2,145.8,-0.4,5,9939,0.750,0.000,0.032,-0.042,0.002,70.1,-4.6,0,-3.49,-0.252
2847,57.99,0.00,2089.0,146.1,-0.4,5,9984,0.800,0.000,0.033,-0.043,0.003,70.2,-4.0,0,-3.49,-0.254
2848,58.01,0.00,2089.8,146.5,-0.4,5,10060,0.000,0.005,0.030,-0.044,0.002,70.4,-2.6,0,-3.50,-0.260
2849,58.03,0.00,2090.6,146.5,-0.5,5,9740,0.050,0.000,0.025,-0.045,0.002,70.7,-11.2,0,-3.50,-0.268
2850,58.05,0.00,2091.4,146.2,-0.6,5,9736,0.100,0.000,0.019,-0.045,0.002,71.1,-11.2,0,-3.50,-0.277
2851,58.07,0.00,2092.3,146.0,-0.6,5,9741,0.150,0.000,0.017,-0.046,0.002,71.3,-10.7,0,-3.50,-0.283
2852,58.09,0.00,2093.1,145.9,-0.6,5,9749,0.200,0.000,0.018,-0.047,0.002,71.4,-10.2,0,-3.51,-0.285
2853,58.11,0.00,2093.9,145.8,-0.6,5,9760,0.250,0.000,0.021,-0.048,0.002,71.4,-9.7,0,-3.52,-0.285
2854,58.13,0.00,2094.7,145.7,-0.5,5,9773,0.300,0.000,0.024,-0.049,0.003,71.4,-9.1,0,-3.52,-0.284
2855,58.15,0.00,2095.5,145.6,-0.5,5,9788,0.350,0.000,0.027,-0.050,0.003,71.4,-8.6,0,-3.53,-0.285
2856,58.17,0.00,2096.3,145.7,-0.4,5,9807,0.400,0.000,0.027,-0.050,0.004,71.5,-8.1,0,-3.53,-0.289
2857,58.19,0.00,2097.1,145.7,-0.4,5,9829,0.450,0.000,0.025,-0.051,0.004,71.8,-7.6,0,-3.53,-0.295
2858,58.21,0.00,2097.9,145.8,-0.4,5,9853,0.500,0.000,0.023,-0.052,0.004,72.0,-7.1,0,-3.53,-0.301
2859,58.23,0.00,2098.7,145.9,-0.5,5,9880,0.550,0.000,0.021,-0.053,0.004,72.3,-6.6,0,-3.53,-0.307
2860,58.25,0.00,2099.5,146.1,-0.5,5,9909,0.600,0.000,0.022,-0.054,0.004,72.4,-6.1,0,-3.53,-0.311
2861,58.27,0.00,2100.3,146.3,-0.4,5,9941,0.650,0.000,0.023,-0.055,0.005,72.6,-5.6,0,-3.54,-0.314
2862,58.29,0.00,2101.2,146.6,-0.4,5,9977,0.700,0.000,0.024,-0.056,0.005,72.7,-5.1,0,-3.54,-0.318
2863,58.31,0.00,2102.0,146.8,-0.4,5,10016,0.750,0.000,0.024,-0.058,0.006,72.9,-4.6,0,-3.54,-0.323
2864,58.33,0.00,2102.8,147.2,-0.4,5,10058,0.800,0.000,0.022,-0.059,0.006,73.2,-4.0,0,-3.53,-0.330
2865,58.35,0.00,2103.6,147.5,-0.4,5,10103,0.850,0.000,0.021,-0.060,0.006,73.5,-3.5,0,-3.52,-0.337
2866,58.37,0.00,2104.4,148.0,-0.4,5,10144,0.900,0.000,0.019,-0.061,0.007,73.7,-3.1,0,-3.50,-0.344
2867,58.39,0.00,2105.2,148.4,-0.4,5,10193,0.950,0.000,0.020,-0.063,0.007,73.9,-2.6,0,-3.50,-0.348
2868,58.41,0.00,2106.1,148.9,-0.4,5,10250,1.000,0.000,0.022,-0.064,0.008,74.1,-1.9,0,-3.49,-0.352
2869,58.43,0.00,2106.9,149.4,-0.4,5,10314,1.000,0.000,0.023,-0.066,0.008,74.3,-1.2,0,-3.49,-0.357
2870,58.45,0.00,2107.7,150.0,-0.4,5,10358,1.000,0.000,0.022,-0.067,0.009,74.6,-1.0,0,-3.48,-0.365
2871,58.47,0.00,2108.6,150.5,-0.4,5,10398,1.000,0.000,0.020,-0.069,0.009,75.0,-0.9,0,-3.47,-0.374
2872,58.49,0.00,2109.4,151.1,-0.5,5,10434,1.000,0.000,0.000,-0.071,0.010,75.4,-1.0,0,-2.98,-0.385
2873,58.51,0.00,2110.2,151.6,-0.5,5,10469,0.000,0.022,0.005,-0.073,0.011,75.4,-1.1,0,-2.95,-0.385
2874,58.53,0.00,2111.1,151.6,-0.5,5,10075,0.000,0.044,0.020,-0.075,0.012,75.0,-11.3,0,-2.96,-0.374
2875,58.55,0.00,2111.9,151.2,-0.3,5,10038,0.000,0.036,0.030,-0.077,0.013,74.7,-11.1,0,-2.96,-0.368
2876,58.57,0.00,2112.8,150.8,-0.3,5,10013,0.050,0.000,0.028,-0.079,0.014,75.1,-11.3,0,-2.91,-0.377
2877,58.59,0.00,2113.6,150.5,-0.3,5,10023,0.100,0.000,0.015,-0.081,0.014,75.9,-11.6,0,-2.82,-0.398
2878,58.61,0.00,2114.4,150.3,-0.4,5,10027,0.150,0.000,0.005,-0.084,0.014,76.7,-11.1,0,-2.76,-0.418
2879,58.63,0.00,2115.3,150.2,-0.5,5,10035,0.200,0.000,0.005,-0.086,0.015,77.0,-10.5,0,-2.74,-0.425
2880,58.65,0.00,2116.1,150.0,-0.5,5,10044,0.250,0.000,0.016,-0.089,0.016,76.8,-10.0,0,-2.74,-0.421
2881,58.67,0.00,2116.9,149.9,-0.4,5,10056,0.300,0.000,0.024,-0.091,0.017,76.8,-9.5,0,-2.74,-0.419
2882,58.69,0.00,2117.8,149.9,-0.3,5,10071,0.350,0.000,0.023,-0.094,0.018,77.2,-9.0,0,-2.72,-0.429
2883,58.71,0.00,2118.6,149.9,-0.3,5,10088,0.400,0.000,0.016,-0.097,0.018,77.9,-8.5,0,-2.68,-0.448
2884,58.73,0.00,2119.4,149.9,-0.4,5,10094,0.450,0.000,0.010,-0.100,0.019,78.6,-8.4,0,-2.66,-0.465
2885,58.75,0.00,2120.3,150.0,-0.3,5,10115,0.500,0.000,0.014,-0.103,0.020,78.9,-7.9,0,-2.65,-0.472
2886,58.77,0.00,2121.1,150.1,-0.3,5,10143,0.550,0.000,0.021,-0.106,0.021,79.0,-7.4,0,-2.64,-0.474
2887,58.79,0.00,2121.9,150.3,-0.3,5,10180,0.600,0.000,0.022,-0.110,0.022,79.3,-6.7,0,-2.63,-0.483
2888,58.81,0.00,2122.8,150.5,-0.3,5,10219,0.650,0.000,0.018,-0.113,0.023,80.2,-5.9,0,-2.58,-0.500
2889,58.83,0.00,2123.6,150.7,-0.3,5,10258,0.700,0.000,0.022,-0.116,0.024,81.4,-5.3,0,-2.55,-0.500
2890,58.85,0.00,2124.4,151.0,-0.3,5,10295,0.750,0.000,0.026,-0.120,0.024,83.3,-4.8,0,-2.52,-0.500
2891,58.87,0.00,2125.3,151.3,-0.3,5,10335,0.800,0.000,0.027,-0.124,0.024,86.6,-4.3,0,-2.48,-0.500
2892,58.89,0.00,2126.1,151.6,-0.4,5,10373,0.850,0.000,0.027,-0.128,0.024,93.3,-3.8,0,-2.43,-0.500
2893,58.91,0.00,2126.9,152.1,-0.4,5,10374,0.900,0.000,0.027,-0.131,0.024,113.3,-4.6,0,-2.35,-0.500
2894,58.93,0.00,2127.8,152.5,-0.4,5,10422,0.950,0.000,0.029,-0.135,0.025,119.5,-4.1,0,-2.31,-0.500
2895,58.95,0.00,2128.6,153.0,-0.4,5,10486,1.000,0.000,0.032,-0.139,0.025,124.1,-3.2,0,-2.27,-0.500
2896,58.97,0.00,2129.5,153.5,-0.4,5,10568,1.000,0.000,0.033,-0.143,0.025,128.3,-1.9,0,-2.22,-0.500
2897,58.99,0.00,2130.3,154.0,-0.5,5,10626,1.000,0.000,0.032,-0.147,0.025,132.6,-1.3,0,-2.14,-0.500
2898,59.01,0.00,2131.2,154.5,-0.5,5,10671,1.000,0.000,0.029,-0.151,0.024,137.1,-1.1,0,-2.07,-0.500
2899,59.03,0.00,2132.1,155.0,-0.6,5,10705,1.000,0.000,0.198,-0.155,0.024,141.6,-1.2,0,-2.00,0.000
2900,59.05,0.00,2132.9,155.5,-0.5,5,10742,1.000,0.000,0.177,-0.159,0.020,150.1,-0.6,0,-1.81,0.000
2901,59.07,0.00,2133.8,156.0,-0.8,5,10729,1.000,0.000,0.131,-0.162,0.013,169.0,-1.7,0,-1.52,0.000
2902,59.09,0.00,2134.7,156.5,-1.3,5,10734,1.000,0.000,0.076,-0.164,0.005,195.4,-2.9,0,-1.04,0.000
2903,59.11,0.00,2135.5,157.0,-1.6,5,10773,1.000,0.000,0.039,-0.166,-0.001,200.0,-2.9,0,-0.79,0.000
2904,59.13,0.00,2136.4,157.5,-1.8,5,10830,1.000,0.000,0.018,-0.167,-0.004,200.0,-2.4,0,-0.63,0.000
2905,59.15,0.00,2137.3,158.0,-1.7,5,10890,1.000,0.000,0.010,-0.168,-0.005,200.0,-1.7,0,-0.55,0.000
2906,59.17,0.00,2138.1,158.5,-1.6,5,10942,1.000,0.000,0.011,-0.169,-0.005,200.0,-1.3,0,-0.52,0.000
2907,59.19,0.00,2139.0,159.0,-1.3,5,10978,1.000,0.000,0.013,-0.169,-0.004,200.0,-1.3,0,-0.49,0.000
2908,59.21,0.00,2139.9,159.5,-1.2,5,11006,1.000,0.000,0.015,-0.170,-0.004,200.0,-1.5,0,-0.46,0.000
2909,59.23,0.00,2140.8,160.0,-1.0,5,11033,1.000,0.000,0.017,-0.170,-0.003,200.0,-1.7,0,-0.44,0.000
2910,59.25,0.00,2141.7,160.6,-0.8,5,10967,1.000,0.000,0.021,-0.171,-0.002,200.0,-4.5,0,-0.42,0.000
2911,59.27,0.00,2142.6,161.1,-0.6,5,11002,1.000,0.000,0.027,-0.171,-0.001,200.0,-4.5,0,-0.40,0.000
2912,59.29,0.00,2143.5,161.6,-0.5,5,11058,1.000,0.000,0.031,-0.172,0.000,200.0,-4.0,0,-0.38,0.000
2913,59.31,0.00,2144.4,162.1,-0.4,5,11129,1.000,0.000,0.031,-0.172,0.001,200.0,-2.9,0,-0.31,0.000
2914,59.33,0.00,2145.3,162.6,-0.5,5,11194,1.000,0.000,0.026,-0.173,0.001,200.0,-2.1,0,-0.12,0.000
2915,59.35,0.00,2146.2,163.0,-0.5,5,11243,1.000,0.000,0.023,-0.173,0.001,200.0,-1.8,0,-0.05,0.000
2916,59.37,0.00,2147.1,163.5,-0.6,5,11277,1.000,0.000,0.016,-0.174,-0.000,200.0,-1.7,0,0.01,0.000
2917,59.39,0.00,2148.0,164.0,-0.7,5,11305,1.000,0.000,0.003,-0.174,-0.003,200.0,-1.9,0,0.06,0.000
2918,59.41,0.00,2148.9,164.6,-0.7,5,11249,1.000,0.000,-0.004,-0.175,-0.004,200.0,-4.3,0,0.09,0.000
2919,59.43,0.00,2149.8,165.1,-0.6,5,11275,1.000,0.000,-0.005,-0.175,-0.004,200.0,-4.6,0,0.09,0.000
2920,59.45,0.00,2150.7,165.6,-0.4,5,11323,1.000,0.000,-0.003,-0.174,-0.004,200.0,-4.3,0,0.08,0.000
2921,59.47,0.00,2151.6,166.1,-0.3,5,11388,1.000,0.000,-0.001,-0.174,-0.003,200.0,-3.4,0,0.07,0.000
2922,59.49,0.00,2152.6,166.5,-0.1,5,11448,1.000,0.000,0.001,-0.174,-0.003,200.0,-2.6,0,0.06,0.000
2923,59.51,0.00,2153.5,167.0,-0.1,5,11498,1.000,0.000,0.003,-0.173,-0.003,200.0,-2.2,0,0.06,0.000
2924,59.53,0.00,2154.4,167.5,-0.0,5,11534,1.000,0.000,0.002,-0.173,-0.003,200.0,-2.1,0,0.06,0.000
2925,59.55,0.00,2155.3,168.0,-0.0,5,11564,1.000,0.000,0.002,-0.173,-0.003,200.0,-2.3,0,0.06,0.000
2926,59.57,0.00,2156.3,168.5,-0.0,5,11567,1.000,0.000,0.001,-0.172,-0.003,200.0,-2.9,0,0.07,0.000
2927,59.59,0.00,2157.2,169.0,-0.0,5,11566,1.000,0.000,-0.000,-0.172,-0.003,200.0,-4.0,0,0.07,0.000
2928,59.61,0.00,2158.2,169.5,-0.0,5,11601,1.000,0.000,-0.001,-0.171,-0.003,200.0,-4.0,0,0.07,0.000
2929,59.63,0.00,2159.1,169.9,-0.0,5,11648,1.000,0.000,-0.001,-0.171,-0.003,200.0,-3.7,0,0.07,0.000
2930,59.65,0.00,2160.1,170.4,-0.0,5,11699,1.000,0.000,-0.000,-0.170,-0.003,200.0,-3.2,0,0.07,0.000
2931,59.67,0.00,2161.0,170.5,-0.0,6,10718,1.000,0.000,0.000,-0.170,-0.003,200.0,-12.1,0,0.07,0.000
2932,59.69,0.00,2161.9,170.2,0.0,6,10717,1.000,0.000,0.000,-0.170,-0.003,200.0,-12.6,0,0.07,0.000
2933,59.71,0.00,2162.9,170.0,0.0,6,10392,1.000,0.000,0.000,-0.169,-0.003,200.0,-12.6,0,0.07,0.000
2934,59.73,0.00,2163.8,170.1,0.0,6,10695,1.000,0.000,0.001,-0.169,-0.003,200.0,-3.8,0,0.06,0.000
2935,59.75,0.00,2164.8,170.5,0.0,6,10695,1.000,0.000,0.000,-0.168,-0.003,200.0,-4.3,0,0.07,0.000
2936,59.77,0.00,2165.7,171.0,0.0,6,10712,1.000,0.000,0.000,-0.168,-0.003,200.0,-4.6,0,0.07,0.000
2937,59.79,0.00,2166.7,171.4,-0.0,6,10738,1.000,0.000,-0.000,-0.167,-0.003,200.0,-4.6,0,0.07,0.000
2938,59.81,0.00,2167.6,171.8,-0.0,6,10769,1.000,0.000,-0.000,-0.167,-0.003,200.0,-4.4,0,0.07,0.000
2939,59.83,0.00,2168.6,172.2,-0.0,6,10805,1.000,0.000,-0.000,-0.166,-0.003,200.0,-4.2,0,0.07,0.000
2940,59.85,0.00,2169.6,172.6,-0.0,6,10836,1.000,0.000,-0.000,-0.166,-0.003,200.0,-4.0,0,0.07,0.000
2941,59.87,0.00,2170.5,173.0,-0.0,6,10864,1.000,0.000,-0.001,-0.165,-0.003,200.0,-4.0,0,0.07,0.000
2942,59.89,0.00,2171.5,173.4,-0.0,6,10889,1.000,0.000,-0.000,-0.165,-0.003,200.0,-4.0,0,0.07,0.000
2943,59.91,0.00,2172.4,173.8,0.0,6,10890,1.000,0.000,-0.000,-0.164,-0.003,200.0,-4.7,0,0.07,0.000
2944,59.93,0.00,2173.4,174.2,0.0,6,10911,1.000,0.000,-0.000,-0.164,-0.003,200.0,-4.9,0,0.07,0.000
2945,59.95,0.00,2174.4,174.6,0.0,6,10940,1.000,0.000,-0.000,-0.163,-0.003,200.0,-4.8,0,0.07,0.000
2946,59.97,0.00,2175.3,175.0,0.0,6,10975,1.000,0.000,-0.000,-0.163,-0.003,200.0,-4.5,0,0.06,0.000
2947,59.99,0.00,2176.3,175.4,0.0,6,11007,1.000,0.000,-0.000,-0.162,-0.003,200.0,-4.3,0,0.06,0.000
2948,60.01,0.00,2177.3,175.8,0.0,6,11036,1.000,0.000,-0.000,-0.162,-0.003,200.0,-4.2,0,0.06,0.000
2949,60.03,0.00,2178.3,176.2,0.0,6,11061,1.000,0.000,-0.000,-0.161,-0.003,200.0,-4.2,0,0.06,0.000
2950,60.05,0.00,2179.3,176.6,0.0,6,11084,1.000,0.000,-0.000,-0.161,-0.003,200.0,-4.2,0,0.06,0.000
2951,60.07,0.00,2180.2,177.0,0.0,6,11093,1.000,0.000,-0.000,-0.160,-0.003,200.0,-4.7,0,0.06,0.000
2952,60.09,0.00,2181.2,177.5,0.0,6,11114,1.000,0.000,-0.000,-0.160,-0.003,200.0,-4.9,0,0.06,0.000
2953,60.11,0.00,2182.2,177.8,0.0,6,11141,1.000,0.000,-0.000,-0.159,-0.003,200.0,-4.9,0,0.06,0.000
2954,60.13,0.00,2183.2,178.2,0.0,6,11171,1.000,0.000,-0.002,-0.159,-0.003,200.0,-4.7,0,0.11,0.000
2955,60.15,0.00,2184.2,178.6,-0.0,6,11201,1.000,0.000,-0.002,-0.158,-0.003,200.0,-4.5,0,0.11,0.000
2956,60.17,0.00,2185.2,179.0,0.0,6,11228,1.000,0.000,-0.001,-0.158,-0.003,200.0,-4.5,0,0.10,0.000
2957,60.19,0.00,2186.2,179.4,0.0,6,11253,1.000,0.000,-0.000,-0.157,-0.003,200.0,-4.5,0,0.10,0.000
2958,60.21,0.00,2187.2,179.8,0.0,6,11276,1.000,0.000,0.001,-0.157,-0.003,200.0,-4.5,0,0.09,0.000
2959,60.23,0.00,2188.2,180.2,0.0,6,11292,1.000,0.000,0.001,-0.157,-0.003,200.0,-4.8,0,0.09,0.000
2960,60.25,0.00,2189.2,180.6,0.0,6,11314,1.000,0.000,0.000,-0.156,-0.003,200.0,-4.9,0,0.09,0.000
2961,60.27,0.00,2190.2,181.0,0.0,6,11339,1.000,0.000,-0.000,-0.156,-0.003,200.0,-4.9,0,0.09,0.000
2962,60.29,0.00,2191.2,181.4,0.0,6,11365,1.000,0.000,-0.000,-0.155,-0.003,200.0,-4.8,0,0.10,0.000
2963,60.31,0.00,2192.2,181.7,-0.0,6,11391,1.000,0.000,-0.001,-0.155,-0.003,200.0,-4.8,0,0.10,0.000
2964,60.33,0.00,2193.2,182.1,-0.0,6,11415,1.000,0.000,-0.001,-0.154,-0.003,200.0,-4.9,0,0.11,0.000
2965,60.35,0.00,2194.2,182.5,0.0,6,11436,1.000,0.000,-0.004,-0.154,-0.003,200.0,-5.0,0,0.11,0.000
2966,60.37,0.00,2195.2,182.9,0.0,6,11458,1.000,0.000,-0.014,-0.153,-0.005,200.0,-5.0,0,0.12,0.000
2967,60.39,0.00,2196.3,183.3,0.0,6,11433,1.000,0.000,-0.020,-0.152,-0.007,200.0,-6.5,0,0.11,0.000
2968,60.41,0.00,2197.3,183.7,0.1,6,11457,1.000,0.000,-0.024,-0.151,-0.008,200.0,-6.5,0,0.10,0.000
2969,60.43,0.00,2198.3,184.1,0.1,6,11493,1.000,0.000,-0.023,-0.149,-0.008,200.0,-6.1,0,-0.01,0.000
2970,60.45,0.00,2199.3,184.4,0.3,6,11537,1.000,0.000,-0.023,-0.148,-0.008,200.0,-5.5,0,-0.05,0.000
2971,60.47,0.00,2200.4,184.8,0.4,6,11573,1.000,0.000,-0.021,-0.146,-0.008,200.0,-5.2,0,-0.08,0.000
2972,60.49,0.00,2201.4,185.1,0.5,6,11602,1.000,0.000,-0.019,-0.144,-0.008,200.0,-5.0,0,-0.13,0.000
2973,60.51,0.00,2202.4,185.5,0.6,6,11586,1.000,0.000,-0.017,-0.142,-0.008,200.0,-6.0,0,-0.17,0.000
2974,60.53,0.00,2203.4,185.9,0.6,6,11592,1.000,0.000,-0.018,-0.141,-0.008,200.0,-6.7,0,-0.21,0.000
2975,60.55,0.00,2204.5,186.3,0.5,6,11622,1.000,0.000,-0.021,-0.138,-0.009,200.0,-6.5,0,-0.25,0.000
2976,60.57,0.00,2205.5,186.6,0.5,6,11666,1.000,0.000,-0.020,-0.136,-0.010,200.0,-5.9,0,-0.38,0.000
2977,60.59,0.00,2206.6,187.0,0.5,6,11706,1.000,0.000,-0.020,-0.134,-0.010,200.0,-5.3,0,-0.44,0.000
2978,60.61,0.00,2207.6,187.3,0.5,6,11740,1.000,0.000,-0.020,-0.132,-0.011,200.0,-5.0,0,-0.51,0.000
2979,60.63,0.00,2208.7,187.7,0.6,6,11768,1.000,0.000,-0.022,-0.129,-0.011,200.0,-4.8,0,-0.55,0.000
2980,60.65,0.00,2209.7,188.0,0.6,6,11790,1.000,0.000,-0.022,-0.127,-0.012,200.0,-4.8,0,-0.58,0.000
2981,60.67,0.00,2210.7,188.4,0.7,6,11810,1.000,0.000,-0.020,-0.124,-0.012,198.9,-4.9,0,-0.69,0.000
2982,60.69,0.00,2211.8,188.8,0.7,6,11829,1.000,0.000,-0.020,-0.121,-0.012,199.4,-5.1,0,-0.73,0.000
2983,60.71,0.00,2212.8,189.1,0.7,6,11848,1.000,0.000,-0.021,-0.119,-0.012,199.8,-5.1,0,-0.76,0.000
2984,60.73,0.00,2213.9,189.5,0.7,6,11870,1.000,0.000,-0.023,-0.116,-0.013,200.0,-5.1,0,-0.79,0.000
2985,60.75,0.00,2214.9,189.9,0.7,6,11894,1.000,0.000,-0.026,-0.113,-0.014,200.0,-5.1,0,-0.82,0.000
2986,60.77,0.00,2216.0,190.1,0.7,6,12000,1.000,0.000,-0.025,-0.110,-0.014,193.4,-2.8,0,-0.93,0.000
2987,60.79,0.00,2217.1,190.5,0.8,6,12038,1.000,0.000,-0.023,-0.106,-0.014,194.2,-2.1,0,-0.99,0.000
2988,60.81,0.00,2218.1,190.9,0.9,6,12018,1.000,0.000,-0.020,-0.103,-0.014,195.1,-3.4,0,-1.04,0.000
2989,60.83,0.00,2219.2,191.3,1.0,6,12008,1.000,0.000,-0.018,-0.100,-0.014,196.0,-4.4,0,-1.10,0.000
2990,60.85,0.00,2220.3,191.7,1.0,6,12009,1.000,0.000,-0.017,-0.096,-0.014,132.0,-5.0,0,-1.21,0.000
2991,60.87,0.00,2221.3,192.1,0.9,6,12022,1.000,0.000,-0.022,-0.093,-0.016,128.5,-5.2,0,-1.25,0.000
2992,60.89,0.00,2222.4,192.4,0.7,6,12105,1.000,0.000,-0.029,-0.089,-0.017,126.2,-4.0,0,-1.28,0.000
2993,60.91,0.00,2223.5,192.5,0.7,6,12305,0.000,0.107,-0.031,-0.085,-0.018,122.4,1.5,0,-1.34,0.000
2994,60.93,0.00,2224.5,192.5,0.9,6,11757,0.000,0.306,-0.027,-0.081,-0.018,117.1,-10.0,0,-1.42,0.000
2995,60.95,0.00,2225.6,191.5,1.0,6,11540,0.000,0.472,-0.019,-0.077,-0.017,111.6,-7.9,0,-1.59,0.000
2996,60.97,0.00,2226.7,190.3,1.2,6,11375,0.000,0.595,-0.014,-0.073,-0.017,106.9,6.2,0,-1.72,0.000
2997,60.99,0.00,2227.7,189.1,1.2,6,11224,0.000,0.638,-0.010,-0.069,-0.017,104.3,32.2,0,-1.79,0.000
2998,61.01,0.00,2228.8,187.6,1.1,6,11096,0.000,0.305,0.001,-0.065,-0.015,103.2,57.9,0,-1.83,0.000
2999,61.03,0.00,2229.8,186.4,0.9,6,10868,0.000,0.281,0.008,-0.062,-0.013,102.8,48.6,0,-1.84,0.000
3000,61.05,0.00,2230.8,185.1,0.8,6,10533,0.000,0.518,0.017,-0.059,-0.011,102.3,27.7,0,-1.85,0.000
3001,61.07,0.00,2231.8,183.6,0.8,6,10044,0.000,0.475,0.026,-0.056,-0.009,101.6,14.5,0,-1.87,0.000
3002,61.09,0.00,2232.9,181.4,0.7,6,10156,0.000,0.397,0.036,-0.054,-0.007,100.8,12.6,0,-1.90,0.000
3003,61.11,0.00,2233.9,179.4,0.6,6,10451,0.000,0.300,0.042,-0.052,-0.006,100.7,22.6,0,-1.90,0.000
3004,61.13,0.00,2234.9,177.9,0.4,6,10664,0.000,0.202,0.045,-0.051,-0.005,101.3,33.3,0,-1.88,0.000
3005,61.15,0.00,2235.8,176.7,0.2,6,10692,0.000,0.102,0.046,-0.050,-0.005,102.3,29.8,0,-1.84,0.000
3006,61.17,0.00,2236.8,175.6,-0.0,6,10614,0.000,0.000,0.043,-0.049,-0.005,103.8,11.2,0,-1.71,0.000
3007,61.19,0.00,2237.8,174.6,-0.3,6,10578,0.050,0.000,0.037,-0.049,-0.005,106.8,-10.2,0,-1.64,0.000
3008,61.21,0.00,2238.8,174.1,-0.7,6,10608,0.100,0.000,0.025,-0.048,-0.007,111.9,-13.7,0,-1.54,0.000
3009,61.23,0.00,2239.7,173.8,-1.0,6,10623,0.150,0.000,0.008,-0.048,-0.009,173.8,-13.0,0,-1.35,0.000
3010,61.25,0.00,2240.7,173.6,-1.2,6,10626,0.200,0.000,0.002,-0.047,-0.010,170.8,-12.5,0,-1.29,0.000
3011,61.27,0.00,2241.7,173.4,-1.1,6,10627,0.250,0.000,0.005,-0.047,-0.009,169.1,-12.2,0,-1.28,0.000
3012,61.29,0.00,2242.6,173.3,-0.9,6,10630,0.300,0.000,0.015,-0.046,-0.007,168.2,-11.8,0,-1.30,0.000
3013,61.31,0.00,2243.6,173.1,-0.6,6,10662,0.350,0.000,0.027,-0.046,-0.005,167.4,-10.7,0,-1.33,0.000
3014,61.33,0.00,2244.5,173.0,-0.5,6,10712,0.400,0.000,0.032,-0.046,-0.004,165.9,-8.9,0,-1.32,0.000
3015,61.35,0.00,2245.5,173.0,-0.5,6,10718,0.450,0.000,0.026,-0.046,-0.004,169.6,-8.5,0,-1.16,0.000
3016,61.37,0.00,2246.5,173.1,-0.7,6,10715,0.500,0.000,0.022,-0.046,-0.005,166.8,-8.6,0,-1.13,0.000
3017,61.39,0.00,2247.4,173.1,-0.8,6,10718,0.550,0.000,0.018,-0.045,-0.005,164.2,-8.6,0,-1.09,0.000
3018,61.41,0.00,2248.4,173.2,-0.8,6,10727,0.600,0.000,0.017,-0.045,-0.005,161.9,-8.5,0,-1.06,0.000
3019,61.43,0.00,2249.3,173.4,-0.7,6,10742,0.650,0.000,0.015,-0.045,-0.004,166.0,-8.3,0,-0.91,0.000
3020,61.45,0.00,2250.3,173.5,-0.6,6,10765,0.700,0.000,0.021,-0.045,-0.003,164.4,-7.9,0,-0.91,0.000
3021,61.47,0.00,2251.3,173.6,-0.6,6,10881,0.750,0.000,0.025,-0.046,-0.002,162.7,-4.9,0,-0.90,0.000
3022,61.49,0.00,2252.2,173.9,-0.6,6,10905,0.800,0.000,0.025,-0.046,-0.002,160.5,-4.4,0,-0.88,0.000
3023,61.51,0.00,2253.2,174.2,-0.7,6,10912,0.850,0.000,0.023,-0.046,-0.002,158.0,-4.7,0,-0.85,0.000
3024,61.53,0.00,2254.2,174.5,-0.7,6,10929,0.900,0.000,0.015,-0.046,-0.003,155.6,-4.9,0,-0.66,0.000
3025,61.55,0.00,2255.1,174.9,-0.8,6,10950,0.950,0.000,0.015,-0.047,-0.003,153.4,-4.9,0,-0.65,0.000
3026,61.57,0.00,2256.1,175.3,-0.7,6,10978,1.000,0.000,0.018,-0.047,-0.002,151.5,-4.7,0,-0.64,0.000
3027,61.59,0.00,2257.1,175.7,-0.7,6,11016,1.000,0.000,0.022,-0.047,-0.001,149.8,-4.4,0,-0.64,0.000
3028,61.61,0.00,2258.1,176.1,-0.6,6,11089,1.000,0.000,0.025,-0.048,-0.000,148.1,-3.2,0,-0.63,0.000
3029,61.63,0.00,2259.0,176.5,-0.6,6,11131,1.000,0.000,0.026,-0.048,-0.000,146.0,-2.6,0,-0.61,0.000
3030,61.65,0.00,2260.0,177.0,-0.7,6,11142,1.000,0.000,0.025,-0.049,-0.000,143.8,-3.1,0,-0.59,0.000
3031,61.67,0.00,2261.0,177.5,-0.7,6,11156,1.000,0.000,0.016,-0.050,-0.000,141.6,-3.6,0,-0.37,0.000
3032,61.69,0.00,2262.0,177.9,-0.8,6,11173,1.000,0.000,0.016,-0.050,-0.000,139.5,-4.0,0,-0.36,0.000
3033,61.71,0.00,2263.0,178.4,-0.8,6,11191,1.000,0.000,0.017,-0.051,0.000,137.6,-4.3,0,-0.34,0.000
3034,61.73,0.00,2264.0,178.8,-0.7,6,11212,1.000,0.000,0.020,-0.052,0.001,135.8,-4.5,0,-0.34,0.000
3035,61.75,0.00,2265.0,179.2,-0.7,6,11234,1.000,0.000,0.022,-0.052,0.001,134.0,-4.6,0,-0.32,0.000
3036,61.77,0.00,2266.0,179.7,-0.6,6,11258,1.000,0.000,0.023,-0.053,0.002,132.1,-4.8,0,-0.31,0.000
3037,61.79,0.00,2267.0,180.1,-0.6,6,11286,1.000,0.000,0.016,-0.054,0.002,130.2,-4.7,0,-0.05,0.000
3038,61.81,0.00,2268.0,180.5,-0.6,6,11317,1.000,0.000,0.017,-0.055,0.002,128.4,-4.6,0,-0.04,0.000
3039,61.83,0.00,2269.0,181.0,-0.6,6,11348,1.000,0.000,0.020,-0.056,0.003,126.7,-4.5,0,-0.04,0.000
3040,61.85,0.00,2270.0,181.4,-0.6,6,11374,1.000,0.000,0.022,-0.057,0.003,124.9,-4.6,0,-0.03,0.000
3041,61.87,0.00,2271.0,181.8,-0.6,6,11398,1.000,0.000,0.022,-0.058,0.003,122.9,-4.7,0,-0.02,0.000
3042,61.89,0.00,2272.0,182.2,-0.7,6,11420,1.000,0.000,0.021,-0.059,0.003,121.0,-4.8,0,-0.00,0.000
3043,61.91,0.00,2273.0,182.7,-0.6,6,11402,1.000,0.000,0.022,-0.060,0.003,119.1,-6.2,0,0.01,0.000
3044,61.93,0.00,2274.0,183.1,-0.6,6,11429,1.000,0.000,0.023,-0.062,0.004,117.3,-6.2,0,0.02,0.000
3045,61.95,0.00,2275.0,183.5,-0.6,6,11468,1.000,0.000,0.025,-0.063,0.004,115.6,-5.8,0,0.03,0.000
3046,61.97,0.00,2276.1,183.9,-0.6,6,11514,0.000,0.003,0.026,-0.064,0.004,113.8,-5.2,0,0.05,0.000
3047,61.99,0.00,2277.1,183.9,-0.6,6,11210,0.000,0.071,0.026,-0.065,0.005,112.0,-14.2,0,0.07,0.000
3048,62.01,0.00,2278.1,183.4,-0.6,6,11150,0.000,0.124,0.007,-0.067,0.003,110.1,-13.1,0,0.48,0.000
3049,62.03,0.00,2279.1,182.8,-0.8,6,11090,0.000,0.164,-0.003,-0.068,0.001,108.3,-12.0,0,0.48,0.000
3050,62.05,0.00,2280.1,182.0,-0.8,6,11033,0.000,0.181,-0.008,-0.069,0.000,106.9,-10.8,0,0.48,0.000
3051,62.07,0.00,2281.1,181.1,-0.7,6,10972,0.000,0.183,-0.009,-0.069,0.000,105.8,-10.5,0,0.48,0.000
3052,62.09,0.00,2282.1,180.3,-0.5,6,10916,0.000,0.175,-0.007,-0.070,0.001,104.9,-10.4,0,0.47,0.000
3053,62.11,0.00,2283.1,179.4,-0.4,6,10866,0.000,0.165,-0.004,-0.071,0.001,104.1,-10.5,0,0.47,0.000
3054,62.13,0.00,2284.1,178.6,-0.2,6,10820,0.000,0.158,-0.001,-0.071,0.002,103.3,-10.2,0,0.46,0.000
3055,62.15,0.00,2285.1,177.8,-0.1,6,10775,0.000,0.154,0.001,-0.072,0.002,102.4,-10.1,0,0.46,0.000
3056,62.17,0.00,2286.1,177.1,-0.1,6,10729,0.000,0.155,0.002,-0.072,0.002,101.4,-10.1,0,0.45,0.000
3057,62.19,0.00,2287.1,176.3,-0.0,6,10668,0.000,0.159,0.002,-0.072,0.002,100.4,-10.6,0,0.45,0.000
3058,62.21,0.00,2288.1,175.5,-0.0,6,10622,0.000,0.164,0.001,-0.073,0.002,99.3,-10.5,0,0.45,0.000
3059,62.23,0.00,2289.0,174.7,-0.1,6,10578,0.000,0.169,0.000,-0.073,0.002,98.2,-10.3,0,0.44,0.000
3060,62.25,0.00,2290.0,173.9,-0.1,6,10531,0.000,0.173,-0.001,-0.073,0.002,97.2,-10.2,0,0.44,0.000
3061,62.27,0.00,2291.0,173.1,-0.1,6,10483,0.000,0.176,-0.001,-0.074,0.001,96.1,-9.8,0,0.44,0.000
3062,62.29,0.00,2291.9,172.3,-0.1,6,10434,0.000,0.178,-0.001,-0.074,0.001,95.1,-9.4,0,0.43,0.000
3063,62.31,0.00,2292.9,171.5,-0.1,6,10384,0.000,0.179,-0.001,-0.074,0.001,94.1,-9.3,0,0.43,0.000
3064,62.33,0.00,2293.8,170.7,-0.1,6,10327,0.000,0.180,-0.001,-0.075,0.001,93.1,-9.5,0,0.43,0.000
3065,62.35,0.00,2294.8,169.8,-0.1,6,10273,0.000,0.181,-0.001,-0.075,0.001,92.2,-9.7,0,0.42,0.000
3066,62.37,0.00,2295.7,169.0,-0.1,6,10226,0.000,0.181,-0.001,-0.075,0.001,91.2,-9.6,0,0.42,0.000
3067,62.39,0.00,2296.7,168.2,-0.1,6,10178,0.000,0.182,-0.001,-0.075,0.001,90.2,-9.5,0,0.41,0.000
3068,62.41,0.00,2297.6,167.4,-0.0,6,10129,0.000,0.182,-0.001,-0.076,0.001,89.3,-9.4,0,0.41,0.000
3069,62.43,0.00,2298.5,166.5,-0.0,6,10081,0.000,0.183,-0.001,-0.076,0.001,88.3,-9.1,0,0.41,0.000
3070,62.45,0.00,2299.4,165.7,-0.0,6,10031,0.000,0.184,-0.000,-0.076,0.001,87.4,-8.9,0,0.40,0.000
3071,62.47,0.00,2300.4,164.9,-0.0,6,9981,0.000,0.185,-0.000,-0.076,0.001,86.4,-8.8,0,0.40,0.000
3072,62.49,0.00,2301.3,164.1,-0.0,6,9926,0.000,0.187,-0.001,-0.077,0.001,85.5,-8.9,0,0.40,0.000
3073,62.51,0.00,2302.2,163.3,-0.0,6,9876,0.000,0.188,-0.001,-0.077,0.001,84.5,-8.9,0,0.40,0.000
3074,62.53,0.00,2303.1,162.4,-0.0,6,9827,0.000,0.189,-0.001,-0.077,0.001,83.6,-8.8,0,0.40,0.000
3075,62.55,0.00,2304.0,161.6,-0.0,6,9777,0.000,0.190,-0.001,-0.077,0.001,82.6,-8.7,0,0.40,0.000
3076,62.57,0.00,2304.9,160.8,-0.0,6,9728,0.000,0.190,-0.001,-0.077,0.001,81.7,-8.6,0,0.40,0.000
3077,62.59,0.00,2305.8,160.0,-0.0,6,9678,0.000,0.191,-0.001,-0.078,0.001,80.8,-8.5,0,0.40,0.000
3078,62.61,0.00,2306.7,159.2,-0.0,5,10523,0.000,0.193,-0.001,-0.078,0.001,79.9,-7.7,0,0.40,0.000
3079,62.63,0.00,2307.5,158.4,-0.0,5,10492,0.000,0.196,-0.001,-0.078,0.001,79.0,-7.5,0,0.40,0.000
3080,62.65,0.00,2308.4,157.6,-0.0,5,10398,0.000,0.198,-0.001,-0.078,0.001,78.1,-8.1,0,0.41,0.000
3081,62.67,0.00,2309.3,156.8,0.0,5,10333,0.000,0.195,-0.051,-0.078,0.001,77.2,-8.3,0,1.86,0.000
3082,62.69,0.00,2310.2,155.9,-0.1,5,10278,0.000,0.177,-0.044,-0.079,0.003,76.7,-8.1,0,1.86,0.000
3083,62.71,0.00,2311.0,155.1,0.1,5,10230,0.000,0.139,-0.028,-0.079,0.006,76.7,-8.6,0,1.83,0.000
3084,62.73,0.00,2311.9,154.4,0.4,5,10198,0.000,0.103,0.039,-0.080,0.009,76.6,-9.5,0,0.37,0.000
3085,62.75,0.00,2312.7,153.8,0.7,5,10173,0.000,0.097,-0.004,-0.081,0.011,76.1,-10.3,0,1.79,0.000
3086,62.77,0.00,2313.6,153.2,0.5,5,10139,0.000,0.111,-0.005,-0.082,0.010,75.2,-10.4,0,1.81,0.000
3087,62.79,0.00,2314.4,152.6,0.4,5,10096,0.000,0.121,-0.004,-0.083,0.011,74.4,-10.1,0,1.81,0.000
3088,62.81,0.00,2315.3,152.0,0.3,5,10053,0.000,0.127,-0.002,-0.084,0.011,73.6,-9.7,0,1.82,0.000
3089,62.83,0.00,2316.1,151.4,0.3,5,10011,0.000,0.133,-0.000,-0.085,0.012,72.8,-9.4,0,1.82,0.000
3090,62.85,0.00,2317.0,150.7,0.2,5,9966,0.000,0.140,0.001,-0.087,0.012,72.0,-9.2,0,1.83,0.000
3091,62.87,0.00,2317.8,150.1,0.2,5,9917,0.000,0.147,0.001,-0.088,0.012,71.2,-9.0,0,1.84,0.000
3092,62.89,0.00,2318.6,149.4,0.2,5,9868,0.000,0.154,0.002,-0.090,0.012,70.4,-8.9,0,1.85,0.000
3093,62.91,0.00,2319.5,148.7,0.1,5,9818,0.000,0.161,0.001,-0.091,0.012,69.5,-8.7,0,1.86,0.000
3094,62.93,0.00,2320.3,148.0,0.1,5,9767,0.000,0.167,0.001,-0.093,0.012,68.6,-8.9,0,1.88,0.000
3095,62.95,0.00,2321.1,147.3,0.1,5,9716,0.000,0.172,0.001,-0.094,0.012,67.8,-8.7,0,1.89,0.000
3096,62.97,0.00,2321.9,146.5,0.1,5,9664,0.000,0.177,0.000,-0.096,0.012,67.0,-8.4,0,1.90,0.000
3097,62.99,0.00,2322.7,145.7,0.1,5,9618,0.000,0.180,0.000,-0.097,0.012,66.1,-8.1,0,1.92,0.000
3098,63.01,0.00,2323.5,145.0,0.1,5,9568,0.000,0.183,0.000,-0.099,0.012,65.3,-7.8,0,1.93,0.000
3099,63.03,0.00,2324.3,144.2,0.1,5,9514,0.000,0.185,0.000,-0.101,0.012,64.5,-7.6,0,1.94,0.000
3100,63.05,0.00,2325.2,143.4,0.0,5,9458,0.000,0.187,0.020,-0.102,0.012,63.7,-7.5,0,1.41,0.000
3101,63.07,0.00,2325.9,142.7,0.1,5,9403,0.000,0.196,0.018,-0.104,0.012,62.8,-7.4,0,1.40,0.000
3102,63.09,0.00,2326.7,141.9,0.0,5,9345,0.000,0.209,0.014,-0.105,0.011,61.7,-7.2,0,1.38,0.000
3103,63.11,0.00,2327.5,141.0,-0.1,5,9283,0.000,0.223,0.008,-0.107,0.010,60.7,-7.6,0,1.38,0.000
3104,63.13,0.00,2328.3,140.1,-0.1,5,9220,0.000,0.235,0.003,-0.108,0.008,59.6,-7.2,0,1.37,0.000
3105,63.15,0.00,2329.1,139.3,-0.2,5,9155,0.000,0.242,-0.001,-0.109,0.007,58.6,-6.6,0,1.37,0.000
3106,63.17,0.00,2329.8,138.3,-0.2,5,9100,0.000,0.243,-0.003,-0.110,0.007,57.7,-6.0,0,1.36,0.000
3107,63.19,0.00,2330.6,137.4,-0.2,5,9044,0.000,0.241,-0.004,-0.111,0.007,56.9,-5.5,0,1.37,0.000
3108,63.21,0.00,2331.4,136.5,-0.2,5,8981,0.000,0.236,-0.004,-0.112,0.007,56.1,-5.4,0,1.38,0.000
3109,63.23,0.00,2332.1,135.6,-0.1,5,8917,0.000,0.231,-0.004,-0.113,0.007,55.4,-5.6,0,1.39,0.000
3110,63.25,0.00,2332.9,134.7,-0.1,5,8856,0.000,0.227,-0.004,-0.114,0.007,54.7,-5.7,0,1.44,0.000
3111,63.27,0.00,2333.6,133.8,-0.1,5,8798,0.000,0.222,-0.104,-0.115,0.007,54.0,-5.7,0,3.80,-0.151
3112,63.29,0.00,2334.4,132.9,-0.3,5,8742,0.000,0.197,-0.097,-0.116,0.010,53.6,-5.9,0,3.80,-0.160
3113,63.31,0.00,2335.1,132.1,-0.1,5,8697,0.000,0.139,-0.063,-0.118,0.015,53.9,-6.9,0,3.74,-0.152
3114,63.33,0.00,2335.8,131.4,0.4,5,8677,0.000,0.078,-0.024,-0.120,0.021,54.4,-8.1,0,3.67,-0.140
3115,63.35,0.00,2336.6,130.9,0.7,5,8670,0.000,0.039,0.006,-0.122,0.027,54.6,-9.0,0,3.63,-0.134
3116,63.37,0.00,2337.3,130.5,0.9,5,8667,0.000,0.032,0.008,-0.125,0.029,54.4,-9.5,0,3.93,-0.140
3117,63.39,0.00,2338.0,130.2,0.8,5,8650,0.000,0.049,0.005,-0.128,0.030,53.8,-9.5,0,3.95,-0.155
3118,63.41,0.00,2338.7,129.9,0.6,5,8622,0.000,0.075,0.006,-0.131,0.030,53.1,-9.1,0,3.68,-0.174
3119,63.43,0.00,2339.4,129.5,0.4,4,9566,0.000,0.103,-0.005,-0.134,0.030,52.2,-8.0,0,3.72,-0.194
3120,63.45,0.00,2340.2,129.1,0.3,4,9540,0.000,0.126,-0.015,-0.137,0.029,51.4,-7.4,0,3.75,-0.214
3121,63.47,0.00,2340.9,128.6,0.2,4,9452,0.000,0.140,-0.021,-0.140,0.030,50.8,-7.6,0,3.79,-0.231
3122,63.49,0.00,2341.6,127.9,0.1,4,9392,0.000,0.139,-0.022,-0.144,0.031,50.2,-8.3,0,3.81,-0.245
3123,63.51,0.00,2342.3,127.3,0.1,4,9345,0.000,0.131,-0.018,-0.147,0.032,49.8,-8.3,0,3.82,-0.255
3124,63.53,0.00,2343.0,126.7,0.2,4,9304,0.000,0.123,-0.012,-0.151,0.034,49.4,-8.3,0,3.83,-0.265
3125,63.55,0.00,2343.7,126.1,0.3,4,9265,0.000,0.118,-0.008,-0.155,0.036,49.0,-8.2,0,3.85,-0.276
3126,63.57,0.00,2344.4,125.5,0.3,4,9239,0.000,0.117,-0.007,-0.159,0.037,48.5,-7.8,0,3.87,-0.288
3127,63.59,0.00,2345.1,124.9,0.3,4,9199,0.000,0.121,-0.008,-0.163,0.038,47.9,-7.7,0,3.90,-0.302
3128,63.61,0.00,2345.8,124.4,0.2,4,9153,0.000,0.127,-0.011,-0.167,0.039,47.3,-7.5,0,3.93,-0.317
3129,63.63,0.00,2346.5,123.8,0.2,4,9103,0.000,0.132,-0.013,-0.172,0.039,46.8,-7.4,0,3.96,-0.331
3130,63.65,0.00,2347.2,123.2,0.2,4,9053,0.000,0.135,-0.014,-0.176,0.040,46.2,-7.3,0,4.00,-0.345
3131,63.67,0.00,2347.8,122.6,0.2,4,9004,0.000,0.136,-0.014,-0.180,0.041,45.7,-7.3,0,4.03,-0.358
3132,63.69,0.00,2348.5,122.0,0.2,4,8957,0.000,0.134,-0.013,-0.185,0.043,45.2,-8.3,0,4.06,-0.370
3133,63.71,0.00,2349.2,121.3,0.2,4,8914,0.000,0.130,-0.011,-0.190,0.044,44.7,-8.7,0,4.10,-0.382
3134,63.73,0.00,2349.9,120.8,0.2,4,8874,0.000,0.128,-0.013,-0.194,0.044,44.3,-8.4,0,4.13,-0.393
3135,63.75,0.00,2350.6,120.2,0.2,4,8834,0.000,0.126,-0.063,-0.199,0.035,43.8,-8.0,0,4.17,-0.405
3136,63.77,0.00,2351.2,119.6,0.1,4,8794,0.000,0.112,-0.115,-0.202,0.026,43.6,-7.5,0,4.49,-0.411
3137,63.79,0.00,2351.9,119.0,-0.1,4,8782,0.000,0.072,-0.138,-0.204,0.020,43.7,-6.7,0,4.44,-0.406
3138,63.81,0.00,2352.6,118.5,-0.1,4,8754,0.000,0.008,-0.142,-0.206,0.017,44.4,-7.8,0,4.32,-0.390
3139,63.83,0.00,2353.2,118.2,-0.0,4,8747,0.050,0.000,-0.132,-0.208,0.015,45.4,-9.1,0,4.16,-0.364
3140,63.85,0.00,2353.9,118.0,0.2,4,8749,0.100,0.000,-0.107,-0.210,0.015,46.8,-8.9,0,3.96,-0.331
3141,63.87,0.00,2354.6,117.8,0.6,4,8758,0.150,0.000,-0.081,-0.211,0.015,48.2,-8.4,0,3.77,-0.296
3142,63.89,0.00,2355.2,117.7,0.8,4,8762,0.200,0.000,-0.066,-0.212,0.014,49.4,-8.1,0,3.61,-0.266
3143,63.91,0.00,2355.9,117.6,0.8,4,8775,0.250,0.000,-0.066,-0.212,0.011,50.2,-7.6,0,3.49,-0.245
3144,63.93,0.00,2356.6,117.6,0.8,4,8796,0.300,0.000,-0.076,-0.212,0.007,50.8,-7.0,0,3.46,-0.229
3145,63.95,0.00,2357.2,117.6,0.7,4,8822,0.350,0.000,-0.081,-0.212,0.003,51.5,-6.4,0,3.37,-0.212
3146,63.97,0.00,2357.9,117.7,0.7,4,8851,0.400,0.000,-0.080,-0.212,0.001,52.3,-5.7,0,3.27,-0.191
3147,63.99,0.00,2358.6,117.8,0.7,4,8867,0.450,0.000,-0.076,-0.211,-0.002,53.3,-5.4,0,3.16,-0.168
3148,64.01,0.00,2359.3,117.9,0.7,4,8893,0.500,0.000,-0.074,-0.210,-0.005,54.3,-5.1,0,3.04,-0.143
3149,64.03,0.00,2360.0,118.1,0.6,4,8933,0.550,0.000,-0.076,-0.209,-0.008,55.3,-4.5,0,2.93,-0.119
3150,64.05,0.00,2360.8,118.4,0.6,4,8982,0.600,0.000,-0.073,-0.207,-0.011,56.3,-3.7,0,2.77,-0.093
3151,64.07,0.00,2361.5,118.7,0.6,4,9034,0.650,0.000,-0.066,-0.205,-0.014,57.5,-3.0,0,2.62,-0.063
3152,64.10,0.00,2362.2,119.0,0.6,4,9091,0.700,0.000,-0.059,-0.202,-0.016,58.7,-2.3,0,2.48,-0.032
3153,64.12,0.00,2363.0,119.4,0.7,4,9149,0.750,0.000,-0.053,-0.199,-0.019,60.0,-1.5,0,2.32,-0.001
3154,64.14,0.00,2363.7,119.8,0.7,4,9212,0.800,0.000,-0.055,-0.196,-0.022,61.0,-0.8,0,2.24,0.026
3155,64.16,0.00,2364.5,120.3,0.7,4,9280,0.850,0.000,-0.059,-0.192,-0.026,62.0,-0.0,0,2.18,0.051
3156,64.18,0.00,2365.2,120.9,0.7,4,9355,0.900,0.000,-0.056,-0.188,-0.029,63.2,0.7,0,2.04,0.079
3157,64.21,0.00,2365.9,121.4,0.7,4,9535,0.950,0.000,-0.199,-0.184,-0.031,64.6,3.9,0,1.97,0.000
3158,64.23,0.00,2366.7,122.1,0.8,4,9656,0.800,0.000,-0.197,-0.179,-0.032,92.8,6.4,0,1.77,0.000
3159,64.25,0.00,2367.5,122.7,1.0,4,9561,0.850,0.000,-0.184,-0.174,-0.031,92.1,3.3,0,1.53,0.000
3160,64.27,0.00,2368.2,123.2,1.2,4,9597,0.900,0.000,-0.165,-0.169,-0.029,91.3,2.9,0,1.29,0.000
3161,64.29,0.00,2369.0,123.8,1.4,4,9666,0.950,0.000,-0.141,-0.164,-0.025,89.9,3.2,0,1.04,0.000
3162,64.32,0.00,2369.7,124.2,2.0,4,10042,0.800,0.000,-0.108,-0.159,-0.020,88.4,10.9,0,0.77,0.000
3163,64.34,0.00,2370.5,124.8,2.9,4,10003,0.650,0.000,-0.079,-0.155,-0.015,86.7,9.7,0,0.64,0.000
3164,64.36,0.00,2371.3,125.4,3.3,4,9779,0.700,0.000,-0.057,-0.150,-0.012,85.2,3.5,0,0.41,0.000
3165,64.38,0.00,2372.1,125.9,3.3,4,9728,0.750,0.000,-0.053,-0.145,-0.012,83.9,0.9,0,0.35,0.000
3166,64.40,0.00,2372.8,126.2,3.0,4,9887,0.800,0.000,-0.057,-0.140,-0.013,82.8,2.9,0,0.31,0.000
3167,64.43,0.00,2373.6,126.5,3.2,4,10242,0.650,0.000,-0.046,-0.135,-0.012,81.5,11.4,0,0.04,0.000
3168,64.45,0.00,2374.4,127.1,3.5,4,10086,0.500,0.000,-0.048,-0.130,-0.013,80.2,7.8,0,-0.00,0.000
3169,64.47,0.00,2375.2,127.6,3.2,4,9785,0.550,0.000,-0.062,-0.125,-0.016,79.2,-0.2,0,-0.02,0.000
3170,64.49,0.00,2375.9,127.9,2.6,4,9735,0.600,0.000,-0.082,-0.120,-0.020,78.3,-2.8,0,-0.02,0.000
3171,64.51,0.00,2376.7,128.0,2.2,4,10077,0.650,0.000,-0.093,-0.115,-0.022,77.3,4.3,0,-0.04,0.000
3172,64.54,0.00,2377.5,128.2,2.6,4,10368,0.500,0.000,-0.088,-0.109,-0.021,75.9,11.4,0,-0.10,0.000
3173,64.56,0.00,2378.3,128.7,2.9,4,10076,0.550,0.000,-0.078,-0.104,-0.020,74.5,4.3,0,-0.18,0.000
3174,64.58,0.00,2379.1,129.1,2.9,4,9903,0.600,0.000,-0.045,-0.098,-0.013,73.1,-1.0,0,-0.26,0.000
3175,64.60,0.00,2379.9,129.5,2.6,4,9946,0.650,0.000,-0.020,-0.094,-0.008,71.9,-1.4,0,-0.33,0.000
3176,64.62,0.00,2380.7,129.7,2.7,4,10144,0.700,0.000,0.007,-0.091,-0.003,70.6,3.1,0,-0.40,0.000
3177,64.65,0.00,2381.5,130.2,2.7,4,10136,0.750,0.000,0.039,-0.088,0.001,69.4,2.2,0,-0.80,0.000
3178,64.67,0.00,2382.3,130.8,2.5,4,10107,0.800,0.000,0.046,-0.085,0.002,68.5,0.5,0,-0.80,0.000
3179,64.69,0.00,2383.1,131.4,2.0,4,10101,0.850,0.000,0.038,-0.083,0.001,67.9,-0.8,0,-0.78,0.000
3180,64.71,0.00,2383.9,132.0,1.4,4,10162,0.900,0.000,0.023,-0.081,-0.002,67.3,-0.6,0,-0.74,0.000
3181,64.73,0.00,2384.7,132.6,0.8,4,10242,0.950,0.000,0.009,-0.080,-0.005,66.8,0.3,0,-0.70,0.000
3182,64.76,0.00,2385.5,133.3,0.4,4,10326,1.000,0.000,-0.002,-0.078,-0.007,66.1,1.1,0,-0.67,0.000
3183,64.78,0.00,2386.3,134.1,0.2,4,10422,1.000,0.000,-0.008,-0.077,-0.008,65.4,2.1,0,-0.66,0.000
3184,64.80,0.00,2387.1,134.8,0.1,4,10487,1.000,0.000,-0.010,-0.076,-0.008,64.6,2.2,0,-0.65,0.000
3185,64.82,0.00,2388.0,135.5,0.0,4,10636,1.000,0.000,-0.009,-0.075,-0.008,63.7,4.4,0,-0.65,0.000
3186,64.84,0.00,2388.8,136.3,0.1,4,10694,1.000,0.000,-0.006,-0.074,-0.008,62.9,4.6,0,-0.65,0.000
3187,64.87,0.00,2389.6,137.0,0.1,4,10722,1.000,0.000,-0.003,-0.072,-0.007,62.0,3.8,0,-0.65,0.000
3188,64.89,0.00,2390.5,137.8,0.1,4,10752,0.000,0.043,-0.000,-0.071,-0.006,61.1,3.1,0,-0.65,0.000
3189,64.91,0.00,2391.3,137.9,0.1,4,10174,0.000,0.093,0.001,-0.070,-0.006,60.2,-10.0,0,-0.65,0.000
3190,64.93,0.00,2392.2,137.4,0.1,4,10106,0.000,0.114,0.002,-0.069,-0.006,59.3,-9.2,0,-0.65,0.000
3191,64.95,0.00,2393.0,136.8,0.1,4,10052,0.000,0.130,0.003,-0.068,-0.006,58.5,-8.7,0,-0.65,0.000
3192,64.98,0.00,2393.8,136.2,0.1,4,9998,0.000,0.142,0.002,-0.068,-0.006,57.6,-8.6,0,-0.65,0.000
3193,65.00,0.00,2394.7,135.5,0.1,4,9942,0.000,0.152,0.002,-0.067,-0.006,56.8,-8.5,0,-0.65,0.000
3194,65.02,0.00,2395.5,134.8,0.1,4,9867,0.000,0.161,0.002,-0.066,-0.006,55.9,-8.8,0,-0.65,0.000
3195,65.04,0.00,2396.3,134.0,0.1,4,9816,0.000,0.169,0.001,-0.065,-0.006,55.1,-7.8,0,-0.64,0.000
3196,65.06,0.00,2397.1,133.2,0.0,4,9762,0.000,0.176,0.001,-0.064,-0.006,54.3,-7.3,0,-0.64,0.000
3197,65.09,0.00,2397.9,132.4,0.0,4,9704,0.000,0.181,0.001,-0.063,-0.006,53.5,-7.1,0,-0.64,0.000
3198,65.11,0.00,2398.7,131.6,0.0,4,9633,0.000,0.186,0.001,-0.062,-0.006,52.7,-7.3,0,-0.64,0.000
3199,65.13,0.00,2399.5,130.8,0.0,4,9564,0.000,0.191,0.001,-0.062,-0.006,51.8,-7.3,0,-0.64,0.000
3200,65.15,0.00,2400.3,130.0,0.0,4,9510,0.000,0.196,0.001,-0.061,-0.006,51.0,-6.4,0,-0.64,0.000
3201,65.17,0.00,2401.1,129.2,0.0,4,9450,0.000,0.199,0.001,-0.060,-0.006,50.2,-6.1,0,-0.64,0.000
3202,65.20,0.00,2401.9,128.3,0.0,4,9388,0.000,0.201,0.001,-0.059,-0.006,49.4,-6.2,0,-0.63,0.000
3203,65.22,0.00,2402.7,127.4,0.0,4,9304,0.000,0.204,0.001,-0.058,-0.006,48.6,-6.9,0,-0.63,0.000
3204,65.24,0.00,2403.5,126.6,0.0,4,9244,0.000,0.207,0.002,-0.058,-0.006,47.8,-6.4,0,-0.64,0.000
3205,65.26,0.00,2404.2,125.7,0.0,4,9188,0.000,0.210,0.002,-0.057,-0.006,47.1,-5.6,0,-0.65,0.000
3206,65.28,0.00,2405.0,124.8,0.0,4,9128,0.000,0.211,0.030,-0.056,-0.006,46.3,-5.4,0,-1.47,0.000
3207,65.31,0.00,2405.8,123.9,0.1,4,9066,0.000,0.209,0.026,-0.055,-0.006,45.6,-5.6,0,-1.45,0.000
3208,65.33,0.00,2406.5,123.1,0.0,4,8981,0.000,0.205,0.017,-0.054,-0.008,44.9,-6.4,0,-1.43,0.000
3209,65.35,0.00,2407.3,122.2,-0.1,4,8927,0.000,0.201,0.008,-0.053,-0.010,44.3,-5.9,0,-1.41,0.000
3210,65.37,0.00,2408.0,121.4,-0.2,4,8877,0.000,0.200,-0.000,-0.052,-0.011,43.6,-5.4,0,-1.40,0.000
3211,65.39,0.00,2408.8,120.6,-0.3,4,8821,0.000,0.200,-0.005,-0.051,-0.012,42.9,-5.3,0,-1.39,0.000
3212,65.42,0.00,2409.5,119.7,-0.2,4,8764,0.000,0.203,-0.007,-0.050,-0.013,42.2,-5.5,0,-1.38,0.000
3213,65.44,0.00,2410.2,118.9,-0.2,4,8681,0.000,0.208,-0.007,-0.048,-0.013,41.4,-6.2,0,-1.38,0.000
3214,65.46,0.00,2410.9,118.1,-0.2,4,8622,0.000,0.214,-0.006,-0.047,-0.012,40.7,-5.6,0,-1.37,0.000
3215,65.48,0.00,2411.7,117.2,-0.1,4,8566,0.000,0.219,-0.004,-0.046,-0.012,39.9,-4.6,0,-1.37,0.000
3216,65.50,0.00,2412.4,116.4,-0.1,4,8505,0.000,0.222,-0.003,-0.045,-0.012,39.2,-4.4,0,-1.37,0.000
3217,65.53,0.00,2413.1,115.5,-0.0,4,8443,0.000,0.225,-0.002,-0.043,-0.011,38.5,-4.6,0,-1.37,0.000
3218,65.55,0.00,2413.8,114.6,-0.0,4,8364,0.000,0.227,-0.001,-0.042,-0.011,37.8,-5.1,0,-1.36,0.000
3219,65.57,0.00,2414.5,113.7,-0.0,4,8288,0.000,0.229,-0.001,-0.041,-0.011,37.0,-5.5,0,-1.36,0.000
3220,65.59,0.00,2415.2,112.9,-0.0,4,8236,0.000,0.232,-0.001,-0.039,-0.011,36.3,-4.1,0,-1.36,0.000
3221,65.61,0.00,2415.9,112.0,-0.0,4,8175,0.000,0.234,-0.000,-0.038,-0.011,35.6,-3.6,0,-1.37,0.000
3222,65.64,0.00,2416.5,111.1,-0.0,4,8113,0.000,0.234,-0.000,-0.037,-0.011,35.0,-3.8,0,-1.39,0.000
3223,65.66,0.00,2417.2,110.1,-0.0,4,8049,0.000,0.235,0.000,-0.036,-0.011,34.3,-4.2,0,-1.41,0.000
3224,65.68,0.00,2417.9,109.3,-0.0,4,7955,0.000,0.237,0.002,-0.035,-0.011,33.6,-5.1,0,-1.48,0.000
3225,65.70,0.00,2418.6,108.4,-0.0,4,7899,0.000,0.238,0.202,-0.033,-0.011,32.9,-4.1,0,-3.02,0.500
3226,65.72,0.00,2419.2,107.5,0.3,4,7846,0.000,0.235,0.309,-0.032,-0.014,32.4,-0.7,0,-3.01,0.500
3227,65.75,0.00,2419.9,106.7,0.3,4,7787,0.000,0.213,0.270,-0.030,-0.021,32.1,2.3,0,-2.97,0.500
3228,65.77,0.00,2420.5,105.7,0.0,4,7731,0.000,0.178,0.212,-0.027,-0.033,31.9,0.5,0,-2.91,0.500
3229,65.79,0.00,2421.2,104.9,-0.4,4,7682,0.000,0.143,0.145,-0.023,-0.046,31.8,-3.4,0,-2.84,0.500
3230,65.81,0.00,2421.8,104.2,-1.0,4,7626,0.000,0.115,0.076,-0.018,-0.059,31.7,-6.3,0,-2.77,0.500
3231,65.83,0.00,2422.4,103.7,-1.5,4,7609,0.000,0.101,0.015,-0.013,-0.071,31.5,-6.4,0,-2.71,0.500
3232,65.86,0.00,2423.1,103.2,-1.8,4,7590,0.000,0.102,-0.027,-0.006,-0.078,31.2,-6.3,0,-2.68,0.500
3233,65.88,0.00,2423.7,102.8,-1.8,4,7563,0.000,0.117,-0.047,0.000,-0.082,30.6,-6.1,0,-2.66,0.500
3234,65.90,0.00,2424.3,102.3,-1.5,4,7527,0.000,0.140,-0.050,0.007,-0.081,30.0,-5.8,0,-2.66,0.500
3235,65.92,0.00,2424.9,101.7,-1.1,4,7479,0.000,0.165,-0.043,0.014,-0.079,29.3,-5.5,0,-2.67,0.500
3236,65.94,0.00,2425.6,101.2,-0.7,4,7408,0.000,0.189,-0.033,0.021,-0.076,28.5,-5.5,0,-2.68,0.500
3237,65.97,0.00,2426.2,100.5,-0.4,4,7354,0.000,0.209,-0.024,0.028,-0.073,27.8,-4.2,0,-2.69,0.500
3238,65.99,0.00,2426.8,99.7,-0.2,4,7295,0.000,0.225,-0.017,0.035,-0.071,27.1,-3.3,0,-2.70,0.500
3239,66.01,0.00,2427.4,99.0,-0.1,3,8942,0.000,0.236,-0.012,0.042,-0.069,26.4,-2.7,0,-2.70,0.500
3240,66.03,0.00,2428.0,98.1,0.0,3,8919,0.000,0.244,-0.009,0.049,-0.068,25.8,-2.8,0,-2.71,0.500
3241,66.05,0.00,2428.6,97.2,0.1,3,8712,0.000,0.249,-0.008,0.056,-0.067,25.1,-3.9,0,-2.72,0.500
3242,66.08,0.00,2429.2,96.3,0.1,3,8577,0.000,0.253,-0.008,0.063,-0.066,24.5,-4.9,0,-2.73,0.500
3243,66.10,0.00,2429.8,95.4,0.1,3,8508,0.000,0.255,-0.007,0.069,-0.065,23.9,-3.4,0,-2.74,0.500
3244,66.12,0.00,2430.3,94.6,0.1,3,8443,0.000,0.260,-0.007,0.075,-0.065,23.3,-0.2,0,-2.76,0.500
3245,66.14,0.00,2430.9,93.6,0.1,3,8366,0.000,0.262,-0.007,0.082,-0.064,22.7,1.3,0,-2.78,0.500
3246,66.16,0.00,2431.5,92.7,0.1,3,8282,0.000,0.261,0.050,0.088,-0.052,22.1,0.5,0,-2.81,0.500
3247,66.19,0.00,2432.1,91.6,0.2,3,8194,0.000,0.255,0.132,0.092,-0.034,21.5,-1.5,0,-2.84,0.500
3248,66.21,0.00,2432.6,90.7,0.4,3,8059,0.000,0.247,0.200,0.094,-0.020,21.1,-3.1,0,-2.86,0.500
3249,66.23,0.00,2433.2,89.9,0.2,3,7851,0.000,0.237,0.246,0.096,-0.010,20.7,-4.1,0,-2.87,0.500
3250,66.25,0.00,2433.7,89.1,-0.2,3,7870,0.000,0.219,0.280,0.097,-0.003,20.4,1.3,0,-2.89,0.500
3251,66.27,0.00,2434.3,88.3,-0.4,3,7865,0.000,0.200,0.312,0.096,0.004,20.2,4.2,0,-2.90,0.500
3252,66.30,0.00,2434.8,87.4,-0.5,3,7828,0.000,0.179,0.344,0.095,0.010,19.9,3.9,0,-2.92,0.500
3253,66.32,0.00,2435.4,86.6,-0.5,3,7778,0.000,0.157,0.370,0.093,0.015,19.7,1.7,0,-2.93,0.500
3254,66.34,0.00,2435.9,85.9,-0.4,3,7724,0.000,0.134,0.387,0.091,0.019,19.5,-0.7,0,-2.94,0.500
3255,66.36,0.00,2436.4,85.3,-1.0,3,7566,0.000,0.111,0.383,0.089,0.018,19.5,-4.4,0,-2.94,0.500
3256,66.38,0.00,2437.0,84.7,-1.7,3,7549,0.000,0.084,0.363,0.086,0.013,19.5,-3.8,0,-2.93,0.500
3257,66.41,0.00,2437.5,84.2,-2.4,3,7560,0.000,0.058,0.342,0.083,0.008,19.5,-3.6,0,-2.91,0.500
3258,66.43,0.00,2438.0,83.8,-2.8,3,7562,0.000,0.038,0.324,0.080,0.004,19.5,-4.1,0,-2.90,0.500
3259,66.45,0.00,2438.5,83.5,-3.0,3,7555,0.000,0.024,0.315,0.076,0.002,19.4,-4.9,0,-2.89,0.500
3260,66.47,0.00,2439.1,83.2,-3.0,3,7543,0.000,0.014,0.310,0.073,0.001,19.4,-5.4,0,-2.89,0.500
3261,66.49,0.00,2439.6,82.9,-3.1,3,7520,0.000,0.008,0.305,0.070,-0.001,19.3,-6.0,0,-2.89,0.500
3262,66.52,0.00,2440.1,82.7,-3.5,3,7497,0.050,0.000,0.291,0.066,-0.004,19.3,-6.4,0,-2.88,0.500
3263,66.54,0.00,2440.6,82.5,-3.9,3,7531,0.100,0.000,0.278,0.063,-0.007,19.2,-5.7,0,-2.87,0.500
3264,66.56,0.00,2441.1,82.4,-4.1,3,7566,0.150,0.000,0.271,0.060,-0.009,19.2,-4.8,0,-2.87,0.500
3265,66.58,0.00,2441.6,82.3,-4.1,3,7601,0.200,0.000,0.273,0.056,-0.009,19.1,-3.9,0,-2.88,0.500
3266,66.60,0.00,2442.1,82.3,-3.9,3,7634,0.000,0.011,0.284,0.053,-0.007,18.9,-3.1,0,-2.89,0.500
3267,66.63,0.00,2442.6,82.2,-3.6,3,7481,0.000,0.019,0.301,0.049,-0.004,18.8,-5.4,0,-2.91,0.500
3268,66.65,0.00,2443.1,82.0,-3.4,3,7440,0.000,0.023,0.317,0.046,-0.002,18.6,-5.6,0,-2.93,0.500
3269,66.67,0.00,2443.7,81.8,-3.3,3,7413,0.000,0.023,0.328,0.042,0.000,18.5,-5.4,0,-2.95,0.500
3270,66.69,0.00,2444.2,81.5,-3.3,3,7393,0.000,0.022,0.336,0.039,0.001,18.3,-5.3,0,-2.97,0.500
3271,66.71,0.00,2444.7,81.3,-3.1,3,7374,0.000,0.021,0.343,0.036,0.002,18.2,-5.2,0,-2.99,0.500
3272,66.74,0.00,2445.2,81.0,-3.0,3,7354,0.000,0.020,0.354,0.032,0.004,18.1,-5.2,0,-3.02,0.500
3273,66.76,0.00,2445.7,80.8,-2.8,3,7334,0.000,0.019,0.365,0.029,0.005,18.0,-5.2,0,-3.04,0.500
3274,66.78,0.00,2446.2,80.5,-2.6,3,7314,0.000,0.017,0.375,0.025,0.007,17.8,-5.2,0,-3.07,0.500
3275,66.80,0.00,2446.6,80.3,-2.5,3,7292,0.000,0.016,0.383,0.022,0.008,17.7,-5.3,0,-3.09,0.500
3276,66.82,0.00,2447.1,80.1,-2.4,3,7271,0.000,0.013,0.386,0.019,0.008,17.6,-5.4,0,-3.11,0.500
3277,66.85,0.00,2447.6,79.8,-2.4,3,7254,0.000,0.009,0.386,0.016,0.008,17.5,-5.5,0,-3.13,0.500
3278,66.87,0.00,2448.1,79.6,-2.4,3,7237,0.000,0.006,0.384,0.013,0.007,17.4,-5.6,0,-3.15,0.500
3279,66.89,0.00,2448.6,79.4,-2.4,3,7221,0.000,0.004,0.386,0.010,0.007,17.4,-5.7,0,-3.18,0.500
3280,66.91,0.00,2449.1,79.2,-2.4,3,7205,0.000,0.003,0.391,0.007,0.007,17.3,-5.7,0,-3.22,0.500
3281,66.93,0.00,2449.6,79.0,-2.4,3,7190,0.000,0.002,0.398,0.003,0.007,17.2,-5.7,0,-3.28,0.500
3282,66.96,0.00,2450.1,78.9,-2.3,3,7175,0.000,0.003,0.598,0.000,0.008,17.1,-5.7,0,-17.62,0.500
3283,66.98,0.00,2450.5,78.6,-2.1,3,7155,0.000,0.001,0.798,-0.003,0.008,16.9,-4.9,0,-17.24,0.500
3284,67.00,0.00,2451.0,78.4,-2.0,3,7132,0.050,0.000,0.872,-0.005,0.007,16.9,-4.0,0,-16.80,0.500
3285,67.02,0.00,2451.5,78.1,-2.1,3,7139,0.100,0.000,0.844,-0.008,0.004,16.8,-2.7,0,-16.31,0.500
3286,67.04,0.00,2452.0,77.9,-2.2,3,7152,0.150,0.000,0.816,-0.011,0.002,16.8,-1.8,0,-15.78,0.500
3287,67.07,0.00,2452.4,77.7,-2.3,3,7172,0.200,0.000,0.789,-0.013,-0.000,16.7,-1.1,0,-15.24,0.500
3288,67.09,0.00,2452.9,77.6,-2.5,3,7199,0.250,0.000,0.762,-0.015,-0.002,16.6,-0.4,0,-14.70,0.500
3289,67.11,0.00,2453.4,77.5,-2.6,3,7217,0.300,0.000,0.738,-0.018,-0.004,16.6,0.1,0,-14.19,0.500
3290,67.13,0.00,2453.8,77.5,-2.5,3,7244,0.350,0.000,0.721,-0.020,-0.004,16.4,0.7,0,-13.73,0.500
3291,67.15,0.00,2454.3,77.5,-2.5,3,7285,0.400,0.000,0.706,-0.023,-0.004,16.3,1.4,0,-13.29,0.500
3292,67.18,0.00,2454.8,77.5,-2.5,3,7339,0.000,0.013,0.691,-0.025,-0.005,16.2,2.3,0,-12.86,0.500
3293,67.20,0.00,2455.3,77.4,-2.5,3,7057,0.000,0.019,0.676,-0.027,-0.005,16.1,-2.5,0,-12.43,0.500
3294,67.22,0.00,2455.7,77.1,-2.5,3,7007,0.000,0.017,0.661,-0.029,-0.005,15.9,-2.9,0,-12.01,0.500
3295,67.24,0.00,2456.2,76.8,-2.6,3,6978,0.000,0.014,0.643,-0.031,-0.006,15.8,-3.1,0,-11.58,0.500
3296,67.26,0.00,2456.7,76.5,-2.6,3,6953,0.000,0.011,0.623,-0.034,-0.008,15.7,-3.3,0,-11.14,0.500
3297,67.29,0.00,2457.1,76.2,-2.6,3,6929,0.000,0.009,0.604,-0.036,-0.009,15.5,-3.6,0,-10.72,0.500
3298,67.31,0.00,2457.6,75.9,-2.5,3,6905,0.000,0.008,0.584,-0.038,-0.010,15.4,-3.9,0,-10.30,0.500
3299,67.33,0.00,2458.0,75.6,-2.6,3,6881,0.000,0.005,0.560,-0.039,-0.012,15.3,-4.2,0,-9.87,0.500
3300,67.35,0.00,2458.5,75.4,-2.6,3,6859,0.000,0.001,0.533,-0.041,-0.015,15.2,-4.5,0,-9.43,0.500
3301,67.37,0.00,2458.9,75.1,-2.7,3,6840,0.050,0.000,0.514,-0.043,-0.016,15.1,-4.8,0,-9.01,0.500
3302,67.40,0.00,2459.4,74.9,-2.9,3,6855,0.100,0.000,0.602,-0.045,-0.016,15.1,-4.3,0,-11.45,0.500
3303,67.42,0.00,2459.9,74.7,-3.0,3,6877,0.150,0.000,0.587,-0.046,-0.015,15.0,-3.2,0,-10.93,0.500
3304,67.44,0.00,2460.3,74.6,-3.2,3,6901,0.200,0.000,0.570,-0.049,-0.015,15.0,-2.3,0,-10.38,0.500
3305,67.46,0.00,2460.8,74.5,-3.3,3,6928,0.250,0.000,0.559,-0.051,-0.014,15.0,-1.6,0,-9.90,0.500
3306,67.48,0.00,2461.2,74.5,-3.3,3,6961,0.300,0.000,0.555,-0.053,-0.012,15.0,-0.8,0,-9.53,0.500
3307,67.51,0.00,2461.7,74.5,-3.3,3,7000,0.350,0.000,0.560,-0.056,-0.010,15.0,0.1,0,-9.24,0.500
3308,67.53,0.00,2462.1,74.5,-3.3,3,7044,0.400,0.000,0.570,-0.059,-0.006,15.1,1.1,0,-9.00,0.500
3309,67.55,0.00,2462.5,74.6,-3.3,3,7093,0.450,0.000,0.621,-0.062,0.001,15.1,2.0,0,-9.50,0.500
3310,67.57,0.00,2463.0,74.7,-3.2,3,7146,0.500,0.000,0.661,-0.066,0.010,15.1,3.1,0,-9.28,0.500
3311,67.59,0.00,2463.4,74.9,-3.1,3,7206,0.550,0.000,0.700,-0.070,0.019,15.2,4.4,0,-9.06,0.500
3312,67.62,0.00,2463.9,75.1,-3.1,3,7306,0.400,0.000,0.737,-0.075,0.028,15.3,6.3,0,-8.81,0.500
3313,67.64,0.00,2464.3,75.2,-3.2,3,7215,0.450,0.000,0.771,-0.081,0.037,15.5,4.6,0,-8.52,0.500
3314,67.66,0.00,2464.8,75.4,-3.4,3,7231,0.300,0.000,0.798,-0.088,0.045,15.7,5.0,0,-8.01,0.500
3315,67.68,0.00,2465.2,75.5,-3.4,3,7111,0.350,0.000,0.845,-0.095,0.056,15.9,2.9,0,-7.81,0.500
3316,67.70,0.00,2465.7,75.5,-3.2,3,7123,0.400,0.000,0.898,-0.103,0.067,16.0,3.5,0,-7.63,0.500
3317,67.73,0.00,2466.1,75.6,-2.9,3,7155,0.450,0.000,0.951,-0.112,0.083,16.2,4.6,0,-6.87,0.500
3318,67.75,0.00,2466.5,75.7,-2.7,3,7193,0.300,0.000,1.000,-0.122,0.102,16.5,5.7,0,-6.72,0.500
3319,67.77,0.00,2466.9,75.7,-2.4,3,7089,0.350,0.000,1.000,-0.133,0.121,16.8,4.1,0,-5.96,0.500
3320,67.79,0.00,2467.4,75.6,-2.3,3,7148,0.200,0.000,1.000,-0.145,0.138,17.5,5.2,0,-5.27,0.500
3321,67.81,0.00,2467.8,75.5,-2.3,3,7041,0.250,0.000,1.000,-0.159,0.153,41.9,3.1,0,-3.85,0.452
3322,67.84,0.00,2468.2,75.4,-2.4,3,7041,0.300,0.000,1.000,-0.174,0.167,41.0,3.1,0,-3.04,0.475
3323,67.86,0.00,2468.6,75.4,-2.6,3,7062,0.350,0.000,1.000,-0.190,0.183,39.8,3.7,0,-2.26,0.500
3324,67.88,0.00,2469.0,75.5,-2.7,3,7090,0.400,0.000,1.000,-0.207,0.203,38.8,4.5,0,-2.24,0.500
3325,67.90,0.00,2469.4,75.7,-2.5,3,7119,0.250,0.000,1.000,-0.226,0.226,38.0,5.4,0,-1.80,0.000
3326,67.92,0.00,2469.9,75.8,-1.9,3,7029,0.300,0.000,1.000,-0.246,0.221,37.2,3.9,0,-1.81,0.000
3327,67.95,0.00,2470.3,75.8,-1.3,3,7046,0.350,0.000,1.000,-0.264,0.212,36.5,4.3,0,-1.82,0.000
3328,67.97,0.00,2470.8,75.8,-0.8,3,7115,0.200,0.000,1.000,-0.281,0.202,35.7,5.2,0,-1.83,0.000
3329,67.99,0.00,2471.2,75.7,-0.8,3,7170,0.050,0.000,0.964,-0.296,0.187,34.8,5.9,0,-1.17,0.000
3330,68.01,0.00,2471.7,75.6,-1.4,3,7002,0.100,0.000,0.873,-0.311,0.168,33.7,2.4,0,-1.15,0.000
3331,68.03,0.00,2472.1,75.6,-2.1,3,6969,0.150,0.000,0.782,-0.325,0.149,32.7,1.5,0,-1.14,0.000
3332,68.06,0.00,2472.6,75.6,-2.5,3,6991,0.200,0.000,0.700,-0.338,0.131,31.7,1.6,0,-1.12,0.000
3333,68.08,0.00,2473.1,75.6,-2.6,3,7026,0.250,0.000,0.593,-0.350,0.116,30.8,1.8,0,-0.06,0.000
3334,68.10,0.00,2473.5,75.6,-2.4,3,7067,0.300,0.000,0.526,-0.361,0.102,30.0,1.4,0,-0.06,0.000
3335,68.12,0.00,2474.0,75.6,-2.1,3,7111,0.350,0.000,0.455,-0.371,0.087,29.1,1.0,0,-0.06,0.000
3336,68.14,0.00,2474.4,75.6,-2.0,3,7321,0.400,0.000,0.374,-0.379,0.070,28.2,3.7,0,-0.06,0.000
3337,68.17,0.00,2474.9,75.6,-2.9,3,7720,0.250,0.000,0.264,-0.386,0.047,27.2,10.9,0,-0.03,0.000
3338,68.19,0.00,2475.3,75.6,-4.3,3,7791,0.100,0.000,0.072,-0.393,0.020,26.0,12.2,0,1.76,0.000
3339,68.21,0.00,2475.8,75.7,-5.8,3,7619,0.000,0.000,-0.058,-0.398,-0.008,25.0,8.7,0,1.76,0.000
3340,68.23,0.00,2476.3,75.8,-6.8,3,7216,0.050,0.000,-0.156,-0.403,-0.028,24.0,0.2,0,1.75,0.000
3341,68.25,0.00,2476.7,75.9,-6.9,3,7023,0.100,0.000,-0.209,-0.408,-0.040,23.4,-4.0,0,1.73,0.000
3342,68.28,0.00,2477.2,76.0,-6.2,3,6976,0.150,0.000,-0.219,-0.411,-0.042,22.9,-5.4,0,1.71,0.000
3343,68.30,0.00,2477.7,76.1,-4.9,3,6995,0.200,0.000,-0.195,-0.414,-0.037,22.5,-5.3,0,1.69,0.000
3344,68.32,0.00,2478.1,76.3,-3.8,3,7060,0.250,0.000,-0.158,-0.415,-0.030,22.3,-4.2,0,1.67,0.000
3345,68.34,0.00,2478.6,76.6,-2.7,3,7085,0.300,0.000,-0.118,-0.417,-0.021,22.0,-4.0,0,1.66,0.000
3346,68.36,0.00,2479.1,76.9,-1.8,3,7118,0.350,0.000,-0.081,-0.417,-0.014,21.7,-3.7,0,1.65,0.000
3347,68.39,0.00,2479.5,77.2,-1.2,3,7159,0.400,0.000,-0.052,-0.418,-0.008,21.3,-3.4,0,1.64,0.000
3348,68.41,0.00,2480.0,77.5,-0.7,3,7206,0.450,0.000,-0.031,-0.419,-0.003,20.9,-3.0,0,1.64,0.000
3349,68.43,0.00,2480.5,77.9,-0.5,3,7261,0.500,0.000,-0.018,-0.419,-0.001,20.5,-2.6,0,1.63,0.000
3350,68.45,0.00,2481.0,78.4,-0.3,3,7325,0.550,0.000,-0.010,-0.419,0.001,20.1,-2.1,0,1.64,0.000
3351,68.47,0.00,2481.4,78.8,-0.2,3,7387,0.600,0.000,-0.006,-0.420,0.002,19.6,-1.8,0,1.65,0.000
3352,68.50,0.00,2481.9,79.4,-0.2,3,7474,0.650,0.000,-0.005,-0.420,0.002,19.1,-0.4,0,1.67,0.000
3353,68.52,0.00,2482.4,80.0,-0.2,3,7586,0.700,0.000,-0.004,-0.420,0.003,18.6,1.5,0,1.70,0.000
3354,68.54,0.00,2482.9,80.6,-0.2,3,7714,0.750,0.000,-0.004,-0.421,0.003,18.2,3.9,0,1.76,0.000
3355,68.56,0.00,2483.5,81.3,-0.2,3,7855,0.000,0.070,-0.177,-0.420,-0.032,17.7,5.6,0,1.87,0.000
3356,68.58,0.00,2484.1,81.5,-0.3,3,7382,0.000,0.122,-0.377,-0.416,-0.073,17.2,-0.7,0,2.14,-0.500
3357,68.61,0.00,2484.7,81.2,-0.6,3,7313,0.000,0.148,-0.577,-0.409,-0.110,16.8,3.9,0,11.42,-0.500
3358,68.63,0.00,2485.3,81.0,-0.5,3,7022,0.000,0.086,-0.777,-0.399,-0.142,16.4,5.0,0,11.61,-0.500
3359,68.65,0.00,2485.9,80.6,-0.2,3,6840,0.000,0.170,-0.977,-0.387,-0.167,16.1,-1.7,0,11.86,-0.500
3360,68.67,0.00,2486.4,79.8,0.6,3,6672,0.000,0.136,-1.000,-0.372,-0.178,16.1,-4.0,0,12.24,-0.500
3361,68.69,0.00,2487.0,78.9,1.7,3,6502,0.000,0.086,-1.000,-0.357,-0.172,16.2,-8.3,0,12.76,-0.500
3362,68.72,0.00,2487.5,78.2,3.1,3,6376,0.000,0.029,-1.000,-0.341,-0.160,16.4,-12.4,0,13.44,-0.500
3363,68.74,0.00,2488.1,77.4,4.7,3,6434,0.050,0.000,-1.000,-0.325,-0.143,16.7,-13.7,0,14.32,-0.500
3364,68.76,0.00,2488.6,76.6,5.7,3,6881,0.100,0.000,-1.000,-0.308,-0.128,17.0,-4.8,0,15.33,-0.500
3365,68.78,0.00,2489.1,76.1,6.3,3,7007,0.150,0.000,-0.800,-0.293,-0.118,17.2,-0.5,0,3.08,-0.500
3366,68.80,0.00,2489.6,75.8,6.6,3,7037,0.200,0.000,-0.736,-0.277,-0.114,17.4,0.9,0,3.08,-0.500
3367,68.83,0.00,2490.1,75.6,6.9,3,7064,0.250,0.000,-0.736,-0.261,-0.112,17.4,1.9,0,3.14,-0.500
3368,68.85,0.00,2490.6,75.5,7.1,3,7109,0.300,0.000,-0.738,-0.246,-0.110,17.5,3.1,0,3.22,-0.500
3369,68.87,0.00,2491.1,75.4,7.3,3,7164,0.350,0.000,-0.744,-0.230,-0.108,17.5,4.4,0,3.31,-0.500
3370,68.89,0.00,2491.5,75.3,7.4,3,7221,0.200,0.000,-0.754,-0.214,-0.108,17.5,5.8,0,3.39,-0.500
3371,68.91,0.00,2492.0,75.3,7.5,3,7098,0.250,0.000,-0.767,-0.198,-0.108,17.5,3.8,0,3.49,-0.500
3372,68.94,0.00,2492.5,75.2,7.5,3,7097,0.300,0.000,-0.784,-0.182,-0.108,17.5,4.1,0,3.58,-0.500
3373,68.96,0.00,2493.0,75.1,7.4,3,7128,0.150,0.000,-0.805,-0.167,-0.110,17.5,5.2,0,3.69,-0.500
3374,68.98,0.00,2493.4,75.0,7.1,3,6999,0.200,0.000,-0.819,-0.151,-0.110,17.4,3.1,0,3.79,-0.500
3375,69.00,0.00,2493.9,74.8,6.8,3,6994,0.250,0.000,-0.832,-0.135,-0.110,17.4,3.4,0,3.90,-0.500
3376,69.02,0.00,2494.4,74.7,6.5,3,7018,0.300,0.000,-0.848,-0.120,-0.111,17.3,4.2,0,4.01,-0.500
3377,69.05,0.00,2494.8,74.6,6.1,3,7048,0.150,0.000,-0.867,-0.105,-0.112,17.3,5.1,0,4.13,-0.500
3378,69.07,0.00,2495.3,74.5,5.6,3,6930,0.200,0.000,-0.888,-0.091,-0.114,17.2,3.2,0,4.24,-0.500
3379,69.09,0.00,2495.8,74.4,5.2,3,6932,0.250,0.000,-0.910,-0.076,-0.116,17.2,3.5,0,4.37,-0.500
3380,69.11,0.00,2496.2,74.3,4.7,3,6956,0.300,0.000,-0.933,-0.063,-0.118,17.1,4.2,0,4.49,-0.500
3381,69.13,0.00,2496.7,74.3,4.3,3,6983,0.350,0.000,-0.954,-0.049,-0.120,17.0,5.0,0,4.61,-0.500
3382,69.16,0.00,2497.1,74.3,3.9,3,7014,0.200,0.000,-0.969,-0.036,-0.120,16.9,5.7,0,4.74,-0.500
3383,69.18,0.00,2497.6,74.3,3.4,3,6907,0.250,0.000,-0.985,-0.023,-0.121,16.9,3.8,0,4.87,-0.500
3384,69.20,0.00,2498.0,74.2,3.0,3,6914,0.300,0.000,-1.000,-0.010,-0.123,16.8,4.0,0,5.00,-0.500
3385,69.22,0.00,2498.5,74.2,2.5,3,6936,0.350,0.000,-1.000,0.002,-0.124,16.7,4.5,0,5.13,-0.500
3386,69.24,0.00,2498.9,74.2,2.1,3,6963,0.400,0.000,-1.000,0.013,-0.125,16.7,4.9,0,5.26,-0.500
3387,69.27,0.00,2499.4,74.3,1.8,3,6995,0.250,0.000,-1.000,0.025,-0.126,16.6,5.3,0,5.38,-0.500
3388,69.29,0.00,2499.8,74.3,1.4,3,6907,0.300,0.000,-1.000,0.036,-0.126,16.6,3.3,0,5.50,-0.500
3389,69.31,0.00,2500.3,74.3,1.2,3,6926,0.350,0.000,-1.000,0.047,-0.124,16.6,3.4,0,5.62,-0.500
3390,69.33,0.00,2500.7,74.3,0.9,3,6955,0.400,0.000,-1.000,0.057,-0.122,16.6,3.7,0,5.74,-0.500
3391,69.35,0.00,2501.2,74.4,0.8,3,6989,0.450,0.000,-1.000,0.067,-0.120,16.6,4.1,0,5.87,-0.500
3392,69.38,0.00,2501.6,74.6,0.6,3,7027,0.500,0.000,-1.000,0.077,-0.117,16.7,4.5,0,6.01,-0.500
3393,69.40,0.00,2502.0,74.8,0.6,3,7077,0.350,0.000,-1.000,0.086,-0.114,16.7,5.1,0,6.18,-0.500
3394,69.42,0.00,2502.5,74.9,0.5,3,7004,0.400,0.000,-1.000,0.096,-0.110,16.8,3.3,0,6.37,-0.500
3395,69.44,0.00,2502.9,75.0,0.5,3,7040,0.450,0.000,-1.000,0.104,-0.106,16.9,3.7,0,6.60,-0.500
3396,69.46,0.00,2503.4,75.1,0.5,3,7088,0.500,0.000,-1.000,0.113,-0.101,17.1,4.3,0,6.88,-0.500
3397,69.49,0.00,2503.8,75.3,0.5,3,7145,0.350,0.000,-1.000,0.121,-0.095,17.2,5.1,0,7.23,-0.500
3398,69.51,0.00,2504.3,75.5,0.6,3,7068,0.400,0.000,-1.000,0.129,-0.089,17.4,3.4,0,7.67,-0.500
3399,69.53,0.00,2504.7,75.6,0.6,3,7101,0.450,0.000,-1.000,0.136,-0.083,17.6,3.8,0,8.21,-0.500
3400,69.55,0.00,2505.2,75.7,0.7,3,7147,0.500,0.000,-1.000,0.143,-0.077,17.8,4.4,0,8.86,-0.500
3401,69.57,0.00,2505.6,75.9,0.7,3,7205,0.350,0.000,-1.000,0.149,-0.071,18.1,5.3,0,9.45,-0.500
3402,69.60,0.00,2506.1,76.0,0.8,3,7128,0.400,0.000,-0.997,0.155,-0.064,18.4,3.5,0,9.95,-0.500
3403,69.62,0.00,2506.5,76.1,0.9,3,7168,0.450,0.000,-0.982,0.161,-0.057,18.8,4.0,0,10.36,-0.500
3404,69.64,0.00,2507.0,76.3,1.0,3,7222,0.500,0.000,-0.960,0.166,-0.050,19.3,4.8,0,10.69,-0.500
3405,69.66,0.00,2507.4,76.4,1.1,3,7286,0.350,0.000,-0.933,0.171,-0.041,19.9,5.6,0,10.95,-0.500
3406,69.68,0.00,2507.9,76.6,1.3,3,7201,0.400,0.000,-0.903,0.175,-0.033,20.6,3.6,0,11.14,-0.500
3407,69.71,0.00,2508.3,76.7,1.3,3,7229,0.450,0.000,-0.873,0.179,-0.026,21.3,3.7,0,11.26,-0.500
3408,69.73,0.00,2508.8,76.9,1.4,3,7280,0.500,0.000,-0.846,0.182,-0.018,22.2,4.2,0,11.41,-0.500
3409,69.75,0.00,2509.2,77.1,1.4,3,7346,0.550,0.000,-0.824,0.185,-0.011,23.3,4.8,0,11.76,-0.500
3410,69.77,0.00,2509.7,77.3,1.6,3,7425,0.400,0.000,-0.878,0.187,-0.003,24.6,5.8,0,14.33,-0.500
3411,69.79,0.00,2510.2,77.5,1.7,3,7342,0.450,0.000,-0.812,0.188,0.005,26.2,4.0,0,13.54,-0.500
3412,69.82,0.00,2510.6,77.7,1.8,3,7388,0.500,0.000,-0.736,0.190,0.014,28.2,4.4,0,12.52,-0.500
3413,69.84,0.00,2511.1,77.9,2.0,3,7457,0.550,0.000,-0.536,0.190,0.022,30.6,4.9,0,6.60,-0.500
3414,69.86,0.00,2511.5,78.2,2.1,3,7524,0.600,0.000,-0.435,0.190,0.030,33.5,4.6,0,6.11,-0.500
3415,69.88,0.00,2512.0,78.6,2.2,3,7599,0.650,0.000,-0.390,0.190,0.037,37.1,4.4,0,5.79,-0.500
3416,69.90,0.00,2512.5,79.0,2.3,3,7700,0.500,0.000,-0.391,0.189,0.044,41.8,5.0,0,7.40,-0.455
3417,69.93,0.00,2512.9,79.4,2.4,3,7623,0.550,0.000,-0.256,0.188,0.050,47.9,2.8,0,6.62,-0.303
3418,69.95,0.00,2513.4,79.8,2.5,3,7686,0.600,0.000,-0.130,0.186,0.056,53.5,2.7,0,5.84,-0.162
3419,69.97,0.00,2513.9,80.3,2.7,3,7775,0.650,0.000,-0.030,0.184,0.060,57.9,3.2,0,5.12,-0.053
3420,69.99,0.00,2514.4,80.8,2.9,3,7867,0.700,0.000,0.096,0.182,0.060,60.8,4.0,0,2.53,0.019
3421,70.01,0.00,2514.9,81.5,2.9,3,7930,0.750,0.000,0.082,0.180,0.053,61.7,4.2,0,2.43,0.044
3422,70.04,0.00,2515.3,82.2,2.5,3,7953,0.800,0.000,0.015,0.179,0.041,61.1,3.1,0,2.48,0.028
3423,70.06,0.00,2515.8,83.0,1.7,3,8024,0.850,0.000,-0.064,0.178,0.027,60.2,3.0,0,2.60,0.005
3424,70.08,0.00,2516.3,83.8,1.0,3,8132,0.900,0.000,-0.196,0.178,0.016,59.8,3.8,0,4.63,-0.005
3425,70.10,0.00,2516.8,84.6,0.5,3,8275,0.750,0.000,-0.163,0.178,0.007,60.2,5.5,0,2.59,0.004
3426,70.12,0.00,2517.3,85.4,0.2,3,8217,0.800,0.000,-0.172,0.178,0.001,61.2,2.8,0,2.43,0.031
3427,70.15,0.00,2517.8,86.2,0.1,3,8328,0.850,0.000,-0.178,0.178,-0.004,62.5,3.5,0,2.35,0.063
3428,70.17,0.00,2518.4,87.0,0.1,3,8452,0.900,0.000,-0.212,0.179,-0.009,64.0,4.5,0,3.26,0.100
3429,70.19,0.00,2518.9,87.8,-0.1,3,8600,0.750,0.000,-0.198,0.180,-0.012,65.8,5.5,0,3.04,0.145
3430,70.21,0.00,2519.4,88.6,-0.0,3,8560,0.800,0.000,-0.160,0.181,-0.012,68.3,3.1,0,2.77,0.206
3431,70.23,0.00,2519.9,89.3,0.2,3,8695,0.850,0.000,-0.122,0.182,-0.012,70.7,4.3,0,2.49,0.268
3432,70.26,0.00,2520.5,90.1,0.5,3,8887,0.700,0.000,-0.058,0.184,-0.006,72.8,6.5,0,2.26,0.321
3433,70.28,0.00,2521.0,90.9,0.9,3,8831,0.750,0.000,-0.003,0.185,0.002,74.3,4.2,0,2.39,0.358
3434,70.30,0.00,2521.6,91.7,1.0,3,8859,0.800,0.000,0.034,0.185,0.008,75.0,3.7,0,2.28,0.375
3435,70.32,0.00,2522.2,92.7,0.9,3,8760,0.850,0.000,0.036,0.185,0.009,74.7,-0.2,0,2.27,0.367
3436,70.34,0.00,2522.7,93.5,0.6,3,8903,0.900,0.000,0.017,0.185,0.008,73.8,0.9,0,2.31,0.345
3437,70.37,0.00,2523.3,94.3,0.3,3,9150,0.950,0.000,-0.003,0.185,0.006,72.8,4.0,0,2.36,0.321
3438,70.39,0.00,2523.9,95.2,0.1,3,9497,0.800,0.000,-0.018,0.185,0.005,72.1,9.0,0,2.39,0.301
3439,70.41,0.00,2524.5,96.1,-0.1,3,9572,0.650,0.000,-0.025,0.184,0.005,71.5,9.1,0,2.40,0.287
3440,70.43,0.00,2525.1,96.9,-0.1,3,9439,0.500,0.000,-0.026,0.183,0.006,71.1,5.1,0,2.40,0.276
3441,70.45,0.00,2525.7,97.6,-0.1,3,9228,0.550,0.000,-0.022,0.183,0.008,70.8,-0.3,0,2.38,0.269
3442,70.48,0.00,2526.3,98.1,-0.1,3,9284,0.600,0.000,-0.017,0.182,0.009,70.5,-0.5,0,2.36,0.262
3443,70.50,0.00,2526.9,98.7,-0.1,3,9381,0.650,0.000,-0.014,0.180,0.010,70.2,0.2,0,2.35,0.254
3444,70.52,0.00,2527.5,99.4,-0.1,3,9490,0.700,0.000,-0.011,0.179,0.012,69.8,1.2,0,2.33,0.245
3445,70.54,0.00,2528.1,100.1,-0.1,3,9606,0.750,0.000,-0.010,0.178,0.013,69.4,2.2,0,2.33,0.235
3446,70.56,0.00,2528.7,100.9,-0.1,3,9735,0.800,0.000,-0.010,0.177,0.014,69.0,3.3,0,2.32,0.224
3447,70.59,0.00,2529.3,101.7,-0.1,3,9851,0.850,0.000,-0.011,0.175,0.014,68.5,4.3,0,2.32,0.213
3448,70.61,0.00,2529.9,102.7,-0.1,3,9878,0.900,0.000,-0.012,0.173,0.015,68.1,3.0,0,2.31,0.201
3449,70.63,0.00,2530.6,103.6,-0.1,3,10028,0.950,0.000,-0.012,0.172,0.016,67.6,4.2,0,2.31,0.190
3450,70.65,0.00,2531.2,104.6,-0.1,3,10273,0.800,0.000,-0.013,0.170,0.017,67.1,7.1,0,2.31,0.178
3451,70.67,0.00,2531.8,105.5,-0.1,3,10290,0.650,0.000,-0.013,0.168,0.018,66.7,5.9,0,2.30,0.167
3452,70.70,0.00,2532.5,106.2,-0.1,3,10182,0.700,0.000,-0.012,0.166,0.019,66.2,2.3,0,2.29,0.155
3453,70.72,0.00,2533.1,106.9,-0.1,3,10274,0.750,0.000,-0.012,0.164,0.020,65.8,2.6,0,2.29,0.144
3454,70.74,0.00,2533.8,107.7,-0.1,3,10410,0.800,0.000,-0.011,0.161,0.021,65.3,3.9,0,2.28,0.132
3455,70.76,0.00,2534.4,108.5,-0.1,3,10558,0.650,0.000,-0.011,0.159,0.022,64.8,5.2,0,2.28,0.121
3456,70.78,0.00,2535.1,109.3,-0.1,3,10444,0.700,0.000,-0.011,0.156,0.023,64.3,1.7,0,2.28,0.109
3457,70.81,0.00,2535.8,110.0,-0.1,3,10517,0.750,0.000,-0.011,0.154,0.024,63.9,1.7,0,2.28,0.096
3458,70.83,0.00,2536.5,110.7,-0.1,3,10639,0.800,0.000,-0.011,0.151,0.024,63.4,2.7,0,2.27,0.084
3459,70.85,0.00,2537.1,111.1,-0.1,4,8648,0.850,0.000,-0.012,0.148,0.025,62.8,-8.0,0,2.28,0.071
3460,70.87,0.00,2537.8,111.0,-0.1,4,8658,0.900,0.000,-0.013,0.145,0.026,62.3,-8.2,0,2.28,0.058
3461,70.89,0.00,2538.5,111.0,-0.1,4,8250,0.950,0.000,-0.013,0.142,0.027,61.8,-7.9,0,2.28,0.045
3462,70.92,0.00,2539.2,111.5,-0.1,4,8660,1.000,0.000,-0.013,0.139,0.028,61.3,1.3,0,2.28,0.033
3463,70.94,0.00,2539.9,112.2,-0.1,4,8800,1.000,0.000,-0.012,0.135,0.029,60.8,3.4,0,2.28,0.021
3464,70.96,0.00,2540.6,113.1,-0.1,4,8885,1.000,0.000,-0.011,0.132,0.030,60.4,4.1,0,2.28,0.009
3465,70.98,0.00,2541.2,113.9,-0.0,4,8958,1.000,0.000,-0.010,0.128,0.031,59.9,4.3,0,2.28,-0.003
3466,71.00,0.00,2541.9,114.7,-0.0,4,9029,1.000,0.000,-0.010,0.125,0.032,59.4,4.6,0,2.29,-0.016
3467,71.03,0.00,2542.6,115.5,-0.0,4,9103,1.000,0.000,-0.010,0.121,0.033,58.8,4.9,0,2.29,-0.029
3468,71.05,0.00,2543.3,116.4,-0.0,4,9178,0.850,0.000,-0.010,0.117,0.034,58.3,5.2,0,2.30,-0.043
3469,71.07,0.00,2544.1,117.2,-0.0,4,9116,0.900,0.000,-0.011,0.113,0.035,57.7,2.2,0,2.32,-0.056
3470,71.09,0.00,2544.8,117.9,-0.0,4,9205,0.950,0.000,-0.012,0.109,0.036,57.2,2.7,0,2.33,-0.070
3471,71.11,0.00,2545.5,118.7,-0.0,4,9337,1.000,0.000,-0.012,0.104,0.037,56.7,4.5,0,2.37,-0.084
3472,71.14,0.00,2546.2,119.5,-0.0,4,9458,0.850,0.000,-0.033,0.100,0.038,56.1,5.9,0,3.00,-0.097
3473,71.16,0.00,2547.0,120.3,-0.0,4,9385,0.900,0.000,-0.028,0.095,0.039,55.7,2.8,0,2.99,-0.107
3474,71.18,0.00,2547.7,121.1,0.0,4,9437,0.950,0.000,-0.018,0.090,0.041,55.4,2.5,0,2.97,-0.114
3475,71.20,0.00,2548.4,121.9,0.1,4,9529,1.000,0.000,-0.008,0.085,0.043,55.1,3.2,0,2.95,-0.122
3476,71.22,0.00,2549.2,122.7,0.2,4,9638,1.000,0.000,-0.003,0.080,0.045,54.7,4.3,0,2.94,-0.133
3477,71.25,0.00,2549.9,123.6,0.2,4,9717,1.000,0.000,-0.002,0.074,0.046,54.1,4.8,0,2.95,-0.147
3478,71.27,0.00,2550.7,124.4,0.2,4,9797,0.850,0.000,-0.004,0.068,0.047,53.5,5.2,0,2.98,-0.163
3479,71.29,0.00,2551.5,125.2,0.1,4,9739,0.900,0.000,-0.008,0.063,0.047,52.8,2.4,0,3.01,-0.180
3480,71.31,0.00,2552.2,126.0,0.1,4,9813,0.950,0.000,-0.012,0.057,0.048,52.1,2.5,0,3.04,-0.197
3481,71.33,0.00,2553.0,126.6,0.0,4,10115,0.800,0.000,-0.014,0.051,0.048,51.5,8.3,0,3.06,-0.213
3482,71.36,0.00,2553.8,127.4,0.1,4,10038,0.000,0.070,-0.009,0.044,0.049,50.9,5.4,0,2.98,-0.227
3483,71.38,0.00,2554.6,127.5,0.1,4,9405,0.000,0.112,-0.008,0.038,0.050,50.3,-8.2,0,3.00,-0.242
3484,71.40,0.00,2555.3,127.1,0.0,4,9345,0.000,0.125,-0.009,0.031,0.051,49.7,-8.0,0,3.02,-0.257
3485,71.42,0.00,2556.1,126.6,0.0,4,9303,0.000,0.134,-0.009,0.025,0.052,49.1,-8.0,0,3.04,-0.273
3486,71.44,0.00,2556.9,126.0,0.0,4,9259,0.000,0.140,-0.009,0.018,0.053,48.5,-8.0,0,3.06,-0.288
3487,71.47,0.00,2557.6,125.4,0.0,4,9216,0.000,0.147,-0.009,0.011,0.054,47.9,-7.0,0,3.08,-0.302
3488,71.49,0.00,2558.4,124.8,0.0,4,9168,0.000,0.153,-0.009,0.004,0.055,47.3,-6.9,0,3.10,-0.317
3489,71.51,0.00,2559.2,124.2,0.0,4,9119,0.000,0.157,-0.035,-0.002,0.050,46.7,-7.0,0,3.12,-0.332
3490,71.53,0.00,2559.9,123.6,-0.0,4,9070,0.000,0.149,-0.060,-0.008,0.045,46.3,-7.1,0,3.13,-0.343
3491,71.55,0.00,2560.7,123.0,-0.0,4,8996,0.000,0.119,-0.069,-0.014,0.042,46.3,-8.1,0,3.09,-0.342
3492,71.58,0.00,2561.4,122.5,0.1,4,8991,0.000,0.060,-0.063,-0.019,0.041,46.8,-8.1,0,3.02,-0.329
3493,71.60,0.00,2562.2,122.1,0.3,4,8998,0.050,0.000,-0.043,-0.024,0.040,47.7,-8.9,0,2.74,-0.307
3494,71.62,0.00,2562.9,121.9,0.5,4,9036,0.100,0.000,-0.032,-0.028,0.039,48.7,-9.3,0,2.68,-0.282
3495,71.64,0.00,2563.7,121.9,0.6,4,9054,0.150,0.000,-0.029,-0.032,0.037,49.5,-8.8,0,2.62,-0.262
3496,71.66,0.00,2564.4,121.9,0.5,4,9074,0.200,0.000,-0.027,-0.036,0.033,50.1,-8.3,0,2.39,-0.246
3497,71.69,0.00,2565.2,122.0,0.4,4,9098,0.250,0.000,-0.037,-0.039,0.029,50.7,-7.8,0,2.38,-0.232
3498,71.71,0.00,2565.9,122.1,0.3,4,9138,0.300,0.000,-0.041,-0.042,0.025,51.8,-7.0,0,2.37,-0.205
3499,71.73,0.00,2566.7,122.2,0.3,4,9169,0.350,0.000,0.159,-0.045,0.021,110.2,-6.5,0,2.13,0.500
3500,71.75,0.00,2567.4,122.4,0.7,4,9203,0.400,0.000,0.271,-0.046,0.014,109.5,-5.8,0,2.16,0.500
3501,71.77,0.00,2568.2,122.6,0.6,4,9241,0.000,0.116,0.071,-0.047,0.000,46.0,-4.9,0,2.58,-0.349
3502,71.80,0.00,2568.9,122.4,-0.1,4,9001,0.000,0.382,-0.129,-0.046,-0.017,41.4,-7.6,0,3.14,-0.464
3503,71.82,0.00,2569.7,121.4,-1.0,4,8814,0.000,0.467,-0.329,-0.043,-0.028,39.3,1.4,0,3.63,-0.500
3504,71.84,0.00,2570.4,120.1,-1.2,4,8679,0.000,0.395,-0.490,-0.041,-0.031,39.4,11.9,0,3.30,-0.500
3505,71.86,0.00,2571.1,118.7,-0.9,4,8600,0.000,0.174,-0.444,-0.038,-0.027,41.9,16.8,0,3.14,-0.454
3506,71.88,0.00,2571.8,117.5,-0.3,4,8617,0.000,0.000,-0.244,-0.036,-0.018,104.0,6.9,0,2.34,0.500
3507,71.91,0.00,2572.6,116.9,0.4,4,8647,0.050,0.000,-0.083,-0.034,-0.006,103.1,-7.8,0,1.61,0.000
3508,71.93,0.00,2573.3,116.7,1.5,4,8652,0.100,0.000,-0.008,-0.033,0.004,98.5,-8.9,0,0.93,0.000
3509,71.95,0.00,2574.0,116.7,2.2,4,8671,0.150,0.000,0.014,-0.032,0.009,95.3,-8.3,0,0.87,0.000
3510,71.97,0.00,2574.7,116.7,2.2,4,8693,0.200,0.000,0.017,-0.031,0.007,93.5,-7.8,0,0.54,0.000
3511,71.99,0.00,2575.4,116.8,1.7,4,8717,0.250,0.000,-0.007,-0.029,0.002,92.5,-7.3,0,0.55,0.000
3512,72.02,0.00,2576.1,116.9,1.2,4,8744,0.300,0.000,-0.036,-0.027,-0.004,91.8,-6.8,0,0.57,0.000
3513,72.04,0.00,2576.8,117.1,0.8,4,8774,0.350,0.000,-0.063,-0.026,-0.009,90.8,-6.4,0,0.58,0.000
3514,72.06,0.00,2577.6,117.3,0.5,4,8809,0.400,0.000,-0.082,-0.024,-0.013,89.6,-5.9,0,0.58,0.000
3515,72.08,0.00,2578.3,117.5,0.3,4,8848,0.450,0.000,-0.094,-0.022,-0.016,87.9,-5.3,0,0.58,0.000
3516,72.10,0.00,2579.0,117.8,0.2,4,8893,0.500,0.000,-0.100,-0.019,-0.017,86.0,-4.8,0,0.56,0.000
3517,72.13,0.00,2579.7,118.1,0.3,4,8944,0.550,0.000,-0.084,-0.017,-0.017,83.7,-4.2,0,0.09,0.000
3518,72.15,0.00,2580.4,118.5,0.4,4,9001,0.600,0.000,-0.082,-0.015,-0.017,81.3,-3.5,0,0.07,0.000
3519,72.17,0.00,2581.2,119.0,0.5,4,9062,0.650,0.000,-0.082,-0.012,-0.017,78.9,-2.8,0,0.06,0.000
3520,72.19,0.00,2581.9,119.4,0.6,4,9122,0.700,0.000,-0.082,-0.009,-0.017,76.5,-2.2,0,0.04,0.000
3521,72.21,0.00,2582.6,120.0,0.6,4,9179,0.750,0.000,-0.084,-0.007,-0.017,74.1,-1.8,0,0.03,0.000
3522,72.24,0.00,2583.4,120.6,0.7,4,9257,0.800,0.000,-0.086,-0.004,-0.018,71.8,-0.9,0,0.01,0.000
3523,72.26,0.00,2584.1,121.2,0.7,4,9351,0.850,0.000,-0.087,-0.001,-0.018,69.5,0.2,0,-0.02,0.000
3524,72.28,0.00,2584.8,121.8,0.8,4,9457,0.900,0.000,-0.058,0.002,-0.018,67.3,1.5,0,-0.87,0.000
3525,72.30,0.00,2585.6,122.6,1.0,4,9563,0.950,0.000,-0.059,0.006,-0.019,65.2,2.6,0,-0.88,0.000
3526,72.32,0.00,2586.3,123.3,1.1,4,9672,1.000,0.000,-0.062,0.009,-0.019,63.2,3.9,0,-0.89,0.000
3527,72.35,0.00,2587.1,124.2,1.2,4,9790,0.850,0.000,-0.067,0.013,-0.020,61.3,5.3,0,-0.90,0.000
3528,72.37,0.00,2587.9,125.0,1.2,4,9667,0.900,0.000,-0.072,0.017,-0.021,59.5,1.0,0,-0.90,0.000
3529,72.39,0.00,2588.6,125.8,1.1,4,9725,0.950,0.000,-0.080,0.021,-0.023,57.8,0.9,0,-0.91,0.000
3530,72.41,0.00,2589.4,126.5,1.0,4,9838,1.000,0.000,-0.088,0.025,-0.025,56.2,2.2,0,-0.92,0.000
3531,72.43,0.00,2590.2,127.3,1.0,4,9979,1.000,0.000,-0.092,0.029,-0.026,54.5,4.0,0,-0.94,0.000
3532,72.46,0.00,2591.0,128.1,1.1,4,10080,0.000,0.014,-0.089,0.034,-0.025,52.6,4.9,0,-0.98,0.000
3533,72.48,0.00,2591.7,128.4,1.2,4,9489,0.000,0.135,0.077,0.038,-0.024,50.7,-9.6,0,-2.83,0.233
3534,72.50,0.00,2592.5,127.9,1.6,4,9393,0.000,0.191,0.081,0.043,-0.027,49.3,-7.6,0,-2.84,0.268
3535,72.52,0.00,2593.3,127.2,1.4,4,9338,0.000,0.184,0.042,0.048,-0.035,48.8,-6.3,0,-2.84,0.280
3536,72.54,0.00,2594.1,126.4,0.8,4,9285,0.000,0.159,-0.011,0.055,-0.046,48.6,-6.9,0,-2.84,0.286
3537,72.57,0.00,2594.8,125.8,0.2,4,9239,0.000,0.153,-0.052,0.062,-0.055,48.1,-7.5,0,-2.84,0.298
3538,72.59,0.00,2595.6,125.2,-0.1,4,9191,0.000,0.175,-0.072,0.069,-0.061,47.2,-6.8,0,-2.85,0.320
3539,72.61,0.00,2596.4,124.5,-0.1,4,9131,0.000,0.214,-0.077,0.077,-0.064,46.0,-5.2,0,-2.87,0.350
3540,72.63,0.00,2597.1,123.8,0.1,4,9054,0.000,0.258,-0.049,0.085,-0.061,44.6,-3.5,0,-2.89,0.384
3541,72.65,0.00,2597.9,122.9,0.3,4,8965,0.000,0.293,0.011,0.092,-0.051,43.3,-2.4,0,-2.91,0.417
3542,72.68,0.00,2598.6,122.0,0.6,4,8769,0.000,0.313,0.061,0.099,-0.043,42.2,-4.6,0,-2.93,0.445
3543,72.70,0.00,2599.4,120.9,0.8,4,8671,0.000,0.307,0.094,0.104,-0.037,41.4,-5.0,0,-2.95,0.464
3544,72.72,0.00,2600.1,119.7,0.7,4,8652,0.000,0.272,0.106,0.109,-0.035,41.0,-4.5,0,-2.97,0.474
3545,72.74,0.00,2600.8,118.6,0.4,4,8627,0.000,0.221,0.101,0.114,-0.036,41.0,-5.3,0,-2.98,0.475
3546,72.76,0.00,2601.6,117.7,-0.0,4,8602,0.000,0.165,0.085,0.119,-0.039,41.2,-6.2,0,-2.99,0.471
3547,72.79,0.00,2602.3,117.0,-0.4,4,8582,0.000,0.115,0.066,0.123,-0.041,41.4,-6.9,0,-2.99,0.465
3548,72.81,0.00,2603.0,116.4,-0.7,4,8568,0.000,0.080,0.052,0.128,-0.043,41.5,-7.4,0,-3.00,0.462
3549,72.83,0.00,2603.7,116.1,-0.8,4,8555,0.000,0.060,0.048,0.132,-0.044,41.5,-7.8,0,-3.00,0.461
3550,72.85,0.00,2604.4,115.7,-0.8,4,8540,0.000,0.051,0.051,0.136,-0.043,41.4,-8.0,0,-3.01,0.464
3551,72.87,0.00,2605.1,115.5,-0.8,4,8522,0.000,0.049,0.057,0.141,-0.042,41.3,-8.1,0,-3.03,0.469
3552,72.90,0.00,2605.8,115.2,-0.7,4,8503,0.000,0.046,0.064,0.145,-0.040,41.1,-8.1,0,-3.04,0.473
3553,72.92,0.00,2606.6,115.0,-0.7,4,8485,0.000,0.042,0.068,0.148,-0.039,41.0,-8.1,0,-3.06,0.476
3554,72.94,0.00,2607.2,114.7,-0.7,4,8469,0.000,0.033,0.072,0.152,-0.038,40.9,-8.2,0,-3.07,0.477
3555,72.96,0.00,2608.0,114.5,-0.7,4,8458,0.000,0.022,0.073,0.156,-0.037,40.9,-8.4,0,-3.08,0.477
3556,72.98,0.00,2608.7,114.3,-0.7,4,8450,0.000,0.009,0.072,0.159,-0.037,41.0,-8.6,0,-3.09,0.475
3557,73.01,0.00,2609.4,114.2,-0.7,4,8445,0.050,0.000,0.070,0.163,-0.037,41.1,-8.9,0,-3.09,0.472
3558,73.03,0.00,2610.1,114.1,-0.8,4,8462,0.100,0.000,0.068,0.166,-0.037,41.2,-8.6,0,-3.10,0.469
3559,73.05,0.00,2610.8,114.1,-0.8,4,8479,0.150,0.000,0.069,0.170,-0.036,41.4,-8.1,0,-3.11,0.465
3560,73.07,0.00,2611.5,114.1,-0.8,4,8498,0.200,0.000,0.071,0.173,-0.035,41.5,-7.6,0,-3.14,0.462
3561,73.09,0.00,2612.2,114.2,-0.7,4,8521,0.250,0.000,0.074,0.176,-0.033,41.6,-7.2,0,-3.16,0.459
3562,73.12,0.00,2612.9,114.3,-0.7,4,8548,0.300,0.000,0.077,0.179,-0.032,41.8,-6.7,0,-3.17,0.455
3563,73.14,0.00,2613.6,114.4,-0.7,4,8580,0.350,0.000,0.081,0.182,-0.031,42.0,-6.2,0,-3.18,0.451
3564,73.16,0.00,2614.3,114.6,-0.7,4,8616,0.400,0.000,0.085,0.185,-0.029,42.2,-5.6,0,-3.18,0.445
3565,73.18,0.00,2615.0,114.9,-0.7,4,8650,0.450,0.000,0.087,0.188,-0.027,42.5,-5.2,0,-3.18,0.438
3566,73.20,0.00,2615.7,115.2,-0.7,4,8693,0.500,0.000,0.088,0.190,-0.026,42.8,-4.7,0,-3.17,0.429
3567,73.23,0.00,2616.4,115.5,-0.7,4,8742,0.550,0.000,0.089,0.192,-0.024,43.2,-4.1,0,-3.16,0.421
3568,73.25,0.00,2617.2,115.9,-0.7,4,8798,0.600,0.000,0.094,0.194,-0.022,43.5,-3.4,0,-3.14,0.412
3569,73.27,0.00,2617.9,116.3,-0.7,4,8853,0.650,0.000,0.098,0.196,-0.020,43.8,-2.8,0,-3.12,0.404
3570,73.29,0.00,2618.6,116.8,-0.7,4,8905,0.700,0.000,0.102,0.197,-0.018,44.1,-2.4,0,-3.10,0.396
3571,73.31,0.00,2619.3,117.3,-0.8,4,8976,0.750,0.000,0.104,0.199,-0.016,44.5,-1.6,0,-3.07,0.388
3572,73.34,0.00,2620.1,117.8,-0.8,4,9059,0.800,0.000,0.109,0.200,-0.014,44.8,-0.6,0,-3.04,0.379
3573,73.36,0.00,2620.8,118.4,-0.9,4,9152,0.850,0.000,0.113,0.200,-0.012,45.2,0.6,0,-3.00,0.370
3574,73.38,0.00,2621.5,119.1,-1.0,4,9219,0.900,0.000,0.117,0.201,-0.010,45.6,1.0,0,-2.96,0.360
3575,73.40,0.00,2622.3,119.8,-1.1,4,9311,0.950,0.000,0.119,0.201,-0.008,46.0,1.9,0,-2.92,0.350
3576,73.42,0.00,2623.0,120.6,-1.2,4,9434,1.000,0.000,0.120,0.200,-0.006,46.5,3.5,0,-2.87,0.338
3577,73.45,0.00,2623.8,121.3,-1.4,4,9576,0.850,0.000,0.125,0.199,-0.004,47.0,5.5,0,-2.82,0.326
3578,73.47,0.00,2624.5,122.1,-1.6,4,9517,0.000,0.006,0.129,0.198,-0.001,47.5,2.9,0,-2.77,0.313
3579,73.49,0.00,2625.3,122.3,-1.6,4,9045,0.050,0.000,0.135,0.196,0.001,47.9,-9.2,0,-2.73,0.302
3580,73.51,0.00,2626.0,122.2,-1.5,4,9054,0.100,0.000,0.139,0.194,0.004,48.4,-9.1,0,-2.68,0.290
3581,73.53,0.00,2626.8,122.1,-1.5,4,9069,0.150,0.000,0.146,0.192,0.007,49.0,-8.6,0,-2.62,0.276
3582,73.56,0.00,2627.6,122.0,-1.5,4,9089,0.200,0.000,0.148,0.190,0.009,49.7,-8.0,0,-2.56,0.258
3583,73.58,0.00,2628.3,122.0,-1.5,4,9108,0.250,0.000,0.147,0.187,0.011,50.4,-7.6,0,-2.50,0.240
3584,73.60,0.00,2629.1,122.1,-1.6,4,9134,0.300,0.000,0.143,0.184,0.012,51.2,-7.0,0,-2.43,0.220
3585,73.62,0.00,2629.8,122.2,-1.7,4,9168,0.350,0.000,0.148,0.180,0.015,52.0,-6.3,0,-2.37,0.201
3586,73.64,0.00,2630.6,122.3,-1.9,4,9208,0.400,0.000,0.159,0.176,0.020,52.7,-5.6,0,-2.30,0.182
3587,73.67,0.00,2631.4,122.5,-1.8,4,9231,0.450,0.000,0.128,0.171,0.024,53.5,-5.3,0,-0.94,0.000
3588,73.69,0.00,2632.1,122.7,-1.8,4,9273,0.500,0.000,0.138,0.166,0.026,54.4,-4.9,0,-0.82,0.000
3589,73.71,0.00,2632.9,123.0,-1.9,4,9325,0.550,0.000,0.118,0.161,0.023,55.2,-4.1,0,-0.72,0.000
3590,73.73,0.00,2633.7,123.3,-2.2,4,9388,0.600,0.000,0.056,0.157,0.010,56.0,-3.1,0,-0.64,0.000
3591,73.75,0.00,2634.4,123.8,-2.2,4,9349,0.650,0.000,0.009,0.154,0.001,56.4,-4.7,0,-0.59,0.000
3592,73.78,0.00,2635.2,124.3,-1.7,4,9381,0.700,0.000,-0.006,0.152,-0.002,56.0,-4.9,0,-0.57,0.000
3593,73.80,0.00,2635.9,124.8,-1.2,4,9463,0.750,0.000,-0.004,0.151,-0.002,55.2,-3.9,0,-0.57,0.000
3594,73.82,0.00,2636.7,125.3,-0.8,4,9583,0.800,0.000,0.001,0.150,-0.001,54.2,-2.0,0,-0.58,0.000
3595,73.84,0.00,2637.5,125.9,-0.5,4,9716,0.850,0.000,0.006,0.150,-0.000,53.4,0.0,0,-0.59,0.000
3596,73.86,0.00,2638.2,126.5,-0.3,4,9839,0.900,0.000,0.007,0.149,0.000,52.5,1.8,0,-0.60,0.000
3597,73.89,0.00,2639.0,127.2,-0.2,4,9945,0.000,0.017,0.007,0.149,0.000,51.8,3.1,0,-0.61,0.000
3598,73.91,0.00,2639.8,127.4,-0.1,4,9419,0.000,0.069,0.006,0.149,-0.000,51.0,-9.6,0,-0.63,0.000
3599,73.93,0.00,2640.6,127.1,-0.1,4,9376,0.000,0.094,0.004,0.149,-0.001,50.3,-8.7,0,-0.67,0.000
3600,73.95,0.00,2641.3,126.7,-0.1,4,9336,0.000,0.114,0.047,0.149,-0.001,49.5,-8.2,0,-1.96,0.000
3601,73.97,0.00,2642.1,126.2,0.0,4,9287,0.000,0.123,0.039,0.149,-0.003,48.9,-7.9,0,-1.96,0.000
3602,74.00,0.00,2642.9,125.6,-0.1,4,9237,0.000,0.123,0.024,0.149,-0.006,48.5,-7.9,0,-1.94,0.000
3603,74.02,0.00,2643.6,125.1,-0.2,4,9193,0.000,0.123,0.009,0.150,-0.009,48.0,-8.0,0,-1.93,0.000
3604,74.04,0.00,2644.4,124.5,-0.3,4,9151,0.000,0.127,-0.002,0.151,-0.011,47.4,-8.2,0,-1.92,0.000
3605,74.06,0.00,2645.2,124.0,-0.4,4,9109,0.000,0.138,-0.008,0.152,-0.012,46.8,-8.0,0,-1.92,0.000
3606,74.08,0.00,2645.9,123.4,-0.3,4,9062,0.000,0.153,-0.009,0.154,-0.013,46.0,-7.6,0,-1.92,0.000
3607,74.11,0.00,2646.7,122.8,-0.3,4,9014,0.000,0.169,-0.008,0.155,-0.012,45.3,-7.1,0,-1.92,0.000
3608,74.13,0.00,2647.4,122.1,-0.2,4,8962,0.000,0.185,-0.005,0.156,-0.012,44.4,-6.5,0,-1.92,0.000
3609,74.15,0.00,2648.2,121.4,-0.1,4,8900,0.000,0.198,-0.003,0.158,-0.011,43.6,-6.1,0,-1.93,0.000
3610,74.17,0.00,2648.9,120.6,0.0,4,8835,0.000,0.209,-0.000,0.159,-0.011,42.8,-5.8,0,-1.93,0.000
3611,74.19,0.00,2649.6,119.8,0.1,4,8768,0.000,0.217,0.001,0.160,-0.011,42.0,-5.7,0,-1.94,0.000
3612,74.22,0.00,2650.4,119.0,0.1,4,8703,0.000,0.222,0.002,0.162,-0.010,41.3,-5.4,0,-1.95,0.000
3613,74.24,0.00,2651.1,118.2,0.1,4,8639,0.000,0.226,0.002,0.163,-0.011,40.6,-5.2,0,-1.96,0.000
3614,74.26,0.00,2651.8,117.3,0.1,4,8576,0.000,0.229,0.002,0.164,-0.011,39.8,-5.2,0,-1.98,0.000
3615,74.28,0.00,2652.5,116.4,0.1,4,8512,0.000,0.232,0.002,0.166,-0.011,39.1,-5.2,0,-2.00,0.000
3616,74.30,0.00,2653.2,115.6,0.1,4,8441,0.000,0.234,0.169,0.167,-0.011,38.4,-5.3,0,-2.03,0.500
3617,74.33,0.00,2653.9,114.7,0.4,4,8381,0.000,0.223,0.155,0.169,-0.014,37.9,-3.2,0,-2.05,0.500
3618,74.35,0.00,2654.6,113.9,0.3,4,8324,0.000,0.184,0.117,0.171,-0.021,37.9,-3.7,0,-2.04,0.500
3619,74.37,0.00,2655.3,113.1,-0.1,4,8284,0.000,0.142,0.071,0.174,-0.030,37.9,-5.4,0,-2.02,0.500
3620,74.39,0.00,2656.0,112.4,-0.5,4,8256,0.000,0.112,0.030,0.178,-0.039,37.9,-6.5,0,-2.01,0.500
3621,74.41,0.00,2656.7,111.9,-0.8,4,8234,0.000,0.102,-0.001,0.182,-0.044,37.6,-6.8,0,-2.02,0.500
3622,74.44,0.00,2657.4,111.5,-0.8,4,8206,0.000,0.108,-0.017,0.186,-0.048,37.2,-6.9,0,-2.05,0.500
3623,74.46,0.00,2658.1,111.1,-0.8,4,8172,0.000,0.127,0.010,0.190,-0.042,36.6,-6.8,0,-2.14,0.500
3624,74.48,0.00,2658.8,110.6,-0.5,4,8129,0.000,0.147,0.145,0.194,-0.033,35.9,-6.5,0,-4.85,0.500
3625,74.50,0.00,2659.4,110.0,-0.1,4,8070,0.000,0.150,0.175,0.197,-0.027,35.4,-5.3,0,-4.86,0.500
3626,74.52,0.00,2660.1,109.4,-0.0,4,8029,0.000,0.125,0.181,0.200,-0.025,35.4,-5.0,0,-4.86,0.500
3627,74.55,0.00,2660.8,108.8,-0.2,4,8000,0.000,0.088,0.173,0.203,-0.026,35.5,-5.7,0,-4.85,0.500
3628,74.57,0.00,2661.5,108.4,-0.5,4,7983,0.000,0.048,0.158,0.205,-0.029,35.8,-6.7,0,-4.84,0.500
3629,74.59,0.00,2662.2,108.1,-0.7,4,7976,0.000,0.012,0.141,0.208,-0.032,36.0,-7.5,0,-4.82,0.500
3630,74.61,0.00,2662.8,107.9,-1.0,4,7978,0.050,0.000,0.034,0.211,-0.035,36.3,-8.2,0,-2.19,0.500
3631,74.63,0.00,2663.5,107.8,-1.4,4,7995,0.100,0.000,0.031,0.213,-0.035,36.3,-8.0,0,-2.15,0.500
3632,74.66,0.00,2664.2,107.7,-1.3,4,8010,0.150,0.000,0.141,0.215,-0.031,36.1,-7.5,0,-4.81,0.500
3633,74.68,0.00,2664.8,107.7,-0.9,4,8027,0.000,0.010,0.158,0.217,-0.027,35.8,-7.0,0,-4.81,0.500
3634,74.70,0.00,2665.5,107.6,-0.7,4,7963,0.000,0.010,0.163,0.219,-0.026,35.8,-8.1,0,-4.81,0.500
3635,74.72,0.00,2666.2,107.5,-0.6,4,7951,0.050,0.000,0.161,0.222,-0.026,35.8,-8.1,0,-4.81,0.500
3636,74.74,0.00,2666.8,107.4,-0.7,4,7965,0.100,0.000,0.153,0.224,-0.027,35.9,-7.9,0,-4.80,0.500
3637,74.77,0.00,2667.5,107.3,-0.8,4,7980,0.150,0.000,0.143,0.226,-0.029,36.1,-7.5,0,-4.79,0.500
3638,74.79,0.00,2668.2,107.3,-0.9,4,7998,0.200,0.000,0.042,0.228,-0.030,36.3,-7.0,0,-2.14,0.500
3639,74.81,0.00,2668.8,107.4,-1.2,4,8019,0.250,0.000,0.045,0.230,-0.030,36.3,-6.6,0,-2.15,0.500
3640,74.83,0.00,2669.5,107.5,-1.1,4,8042,0.300,0.000,0.153,0.232,-0.026,36.0,-6.2,0,-4.79,0.500
3641,74.85,0.00,2670.2,107.6,-0.8,4,8068,0.000,0.006,0.168,0.234,-0.023,35.8,-5.6,0,-4.79,0.500
3642,74.88,0.00,2670.8,107.5,-0.6,4,7956,0.000,0.005,0.171,0.236,-0.022,35.7,-8.1,0,-4.79,0.500
3643,74.90,0.00,2671.5,107.4,-0.6,4,7945,0.050,0.000,0.166,0.237,-0.023,35.8,-8.2,0,-4.79,0.500
3644,74.92,0.00,2672.2,107.3,-0.7,4,7958,0.100,0.000,0.156,0.239,-0.024,36.0,-7.9,0,-4.78,0.500
3645,74.94,0.00,2672.9,107.2,-0.8,4,7972,0.150,0.000,0.053,0.241,-0.027,36.2,-7.5,0,-2.15,0.500
3646,74.96,0.00,2673.5,107.2,-1.1,4,7991,0.200,0.000,0.049,0.243,-0.027,36.2,-7.0,0,-2.10,0.500
3647,74.99,0.00,2674.2,107.3,-1.1,4,8012,0.250,0.000,0.155,0.245,-0.024,36.1,-6.6,0,-4.77,0.500
3648,75.01,0.00,2674.9,107.4,-0.8,4,8034,0.300,0.000,0.168,0.246,-0.021,35.9,-6.0,0,-4.77,0.500
3649,75.03,0.00,2675.5,107.5,-0.6,4,8061,0.350,0.000,0.170,0.248,-0.021,35.8,-5.6,0,-4.77,0.500
3650,75.05,0.00,2676.2,107.6,-0.6,4,8093,0.400,0.000,0.166,0.249,-0.021,35.9,-5.1,0,-4.77,0.500
3651,75.07,0.00,2676.9,107.8,-0.7,4,8129,0.450,0.000,0.158,0.251,-0.022,36.0,-4.6,0,-4.76,0.500
3652,75.10,0.00,2677.6,108.0,-0.8,4,8169,0.000,0.002,0.058,0.253,-0.024,36.2,-4.0,0,-2.11,0.500
3653,75.12,0.00,2678.2,108.1,-1.1,4,7999,0.000,0.003,0.059,0.254,-0.023,36.2,-8.3,0,-2.10,0.500
3654,75.14,0.00,2678.9,108.0,-1.1,4,7989,0.000,0.010,0.164,0.256,-0.021,36.0,-8.4,0,-4.76,0.500
3655,75.16,0.00,2679.6,107.8,-0.7,4,7975,0.000,0.012,0.174,0.257,-0.018,35.9,-8.1,0,-4.76,0.500
3656,75.18,0.00,2680.2,107.6,-0.6,4,7962,0.000,0.001,0.172,0.258,-0.019,35.9,-8.1,0,-4.76,0.500
3657,75.21,0.00,2680.9,107.5,-0.7,4,7957,0.050,0.000,0.163,0.260,-0.020,36.1,-8.3,0,-4.75,0.500
3658,75.23,0.00,2681.6,107.4,-0.8,4,7968,0.100,0.000,0.056,0.261,-0.023,36.3,-7.9,0,-2.05,0.500
3659,75.25,0.00,2682.3,107.4,-1.2,4,7984,0.150,0.000,0.050,0.263,-0.024,36.4,-7.5,0,-2.02,0.500
3660,75.27,0.00,2682.9,107.4,-1.2,4,8003,0.200,0.000,0.063,0.264,-0.021,36.2,-7.0,0,-2.07,0.500
3661,75.29,0.00,2683.6,107.4,-1.0,4,8023,0.250,0.000,0.173,0.265,-0.018,35.9,-6.6,0,-4.75,0.500
3662,75.32,0.00,2684.3,107.5,-0.6,4,8045,0.000,0.003,0.185,0.266,-0.015,35.8,-6.0,0,-4.75,0.500
3663,75.34,0.00,2684.9,107.4,-0.5,4,7952,0.050,0.000,0.185,0.267,-0.015,35.8,-8.2,0,-4.75,0.500
3664,75.36,0.00,2685.6,107.3,-0.5,4,7963,0.100,0.000,0.177,0.268,-0.016,35.9,-7.9,0,-4.75,0.500
3665,75.38,0.00,2686.3,107.3,-0.6,4,7977,0.150,0.000,0.073,0.269,-0.019,36.1,-7.5,0,-2.11,0.500
3666,75.40,0.00,2687.0,107.3,-1.0,4,7996,0.200,0.000,0.066,0.270,-0.019,36.2,-7.0,0,-2.05,0.500
3667,75.43,0.00,2687.6,107.3,-1.0,4,8019,0.250,0.000,0.168,0.271,-0.018,36.1,-6.6,0,-4.74,0.500
3668,75.45,0.00,2688.3,107.4,-0.8,4,8041,0.300,0.000,0.174,0.272,-0.016,36.0,-6.0,0,-4.74,0.500
3669,75.47,0.00,2689.0,107.5,-0.7,4,8068,0.350,0.000,0.171,0.273,-0.017,36.1,-5.5,0,-4.74,0.500
3670,75.49,0.00,2689.6,107.7,-0.7,4,8099,0.400,0.000,0.070,0.274,-0.018,36.2,-5.1,0,-2.04,0.500
3671,75.51,0.00,2690.3,107.9,-1.0,4,8133,0.450,0.000,0.068,0.276,-0.018,36.2,-4.7,0,-2.03,0.500
3672,75.54,0.00,2691.0,108.2,-1.0,4,8171,0.000,0.016,0.173,0.276,-0.016,36.1,-4.3,0,-4.73,0.500
3673,75.56,0.00,2691.7,108.1,-0.7,4,7997,0.000,0.024,0.183,0.277,-0.014,35.9,-7.8,0,-4.74,0.500
3674,75.58,0.00,2692.3,107.9,-0.5,4,7979,0.000,0.012,0.182,0.278,-0.014,35.9,-7.7,0,-4.74,0.500
3675,75.60,0.00,2693.0,107.8,-0.6,4,7970,0.050,0.000,0.080,0.279,-0.016,36.1,-8.1,0,-2.08,0.500
3676,75.62,0.00,2693.7,107.7,-0.9,4,7987,0.100,0.000,0.072,0.280,-0.017,36.2,-8.0,0,-2.02,0.500
3677,75.65,0.00,2694.4,107.6,-1.0,4,8002,0.150,0.000,0.077,0.281,-0.016,36.1,-7.5,0,-2.05,0.500
3678,75.67,0.00,2695.0,107.6,-0.9,4,8020,0.200,0.000,0.181,0.281,-0.014,36.0,-7.1,0,-4.73,0.500
3679,75.69,0.00,2695.7,107.7,-0.6,4,8040,0.000,0.001,0.187,0.282,-0.012,35.9,-6.5,0,-4.73,0.500
3680,75.71,0.00,2696.4,107.6,-0.6,4,7964,0.050,0.000,0.182,0.283,-0.013,36.0,-8.3,0,-4.73,0.500
3681,75.73,0.00,2697.1,107.5,-0.6,4,7974,0.100,0.000,0.076,0.284,-0.015,36.2,-7.9,0,-2.02,0.500
3682,75.76,0.00,2697.7,107.5,-0.9,4,7990,0.150,0.000,-0.038,0.285,-0.017,36.3,-7.5,0,-1.99,0.000
3683,75.78,0.00,2698.4,107.5,-1.2,4,8009,0.200,0.000,0.162,0.285,-0.013,36.0,-7.0,0,-4.73,0.500
3684,75.80,0.00,2699.1,107.5,-0.7,4,8028,0.000,0.016,0.211,0.285,-0.007,35.6,-6.4,0,-4.74,0.500
3685,75.82,0.00,2699.8,107.4,-0.3,4,7944,0.000,0.016,0.217,0.285,-0.006,35.5,-7.7,0,-4.75,0.500
3686,75.84,0.00,2700.4,107.2,-0.3,4,7930,0.050,0.000,0.209,0.286,-0.007,35.6,-7.8,0,-4.74,0.500
3687,75.87,0.00,2701.1,107.1,-0.4,4,7945,0.100,0.000,0.192,0.286,-0.011,35.9,-7.8,0,-4.74,0.500
3688,75.89,0.00,2701.8,107.0,-0.6,4,7959,0.150,0.000,0.078,0.287,-0.015,36.2,-7.4,0,-2.01,0.500
3689,75.91,0.00,2702.4,107.0,-1.1,4,7979,0.200,0.000,-0.041,0.288,-0.017,36.4,-7.0,0,-1.97,0.000
3690,75.93,0.00,2703.1,107.1,-1.4,4,8001,0.250,0.000,0.081,0.288,-0.014,36.2,-6.5,0,-2.02,0.500
3691,75.95,0.00,2703.8,107.2,-0.9,4,8022,0.300,0.000,0.204,0.288,-0.008,35.7,-6.1,0,-4.74,0.500
3692,75.98,0.00,2704.4,107.3,-0.4,4,8047,0.000,0.009,0.218,0.288,-0.005,35.5,-5.5,0,-4.75,0.500
3693,76.00,0.00,2705.1,107.2,-0.3,4,7935,0.000,0.002,0.216,0.288,-0.006,35.6,-7.9,0,-4.75,0.500
3694,76.02,0.00,2705.8,107.1,-0.4,4,7926,0.050,0.000,0.202,0.289,-0.008,35.8,-8.2,0,-4.74,0.500
3695,76.04,0.00,2706.4,107.0,-0.5,4,7937,0.100,0.000,0.091,0.289,-0.012,36.1,-7.9,0,-2.06,0.500
3696,76.06,0.00,2707.1,107.0,-0.9,4,7953,0.150,0.000,-0.029,0.290,-0.015,36.3,-7.5,0,-1.99,0.000
3697,76.09,0.00,2707.8,107.0,-1.3,4,7972,0.200,0.000,0.090,0.290,-0.012,36.1,-7.0,0,-2.04,0.500
3698,76.11,0.00,2708.5,107.0,-0.9,4,7992,0.250,0.000,0.208,0.290,-0.007,35.7,-6.5,0,-4.75,0.500
3699,76.13,0.00,2709.1,107.1,-0.4,4,8013,0.300,0.000,0.218,0.290,-0.005,35.6,-5.9,0,-4.75,0.500
3700,76.15,0.00,2709.8,107.2,-0.3,4,8038,0.350,0.000,0.213,0.290,-0.006,35.7,-5.5,0,-4.75,0.500
3701,76.17,0.00,2710.5,107.3,-0.4,4,8070,0.400,0.000,0.200,0.291,-0.009,35.9,-5.1,0,-4.74,0.500
3702,76.20,0.00,2711.1,107.5,-0.6,4,8108,0.450,0.000,0.090,0.291,-0.012,36.1,-4.5,0,-2.04,0.500
3703,76.22,0.00,2711.8,107.8,-0.9,4,8150,0.500,0.000,-0.025,0.292,-0.014,36.3,-4.1,0,-1.99,0.000
3704,76.24,0.00,2712.5,108.1,-1.3,4,8193,0.000,0.010,0.095,0.292,-0.011,36.1,-3.6,0,-2.06,0.500
3705,76.26,0.00,2713.2,108.1,-0.8,4,7998,0.000,0.037,0.214,0.292,-0.006,35.7,-8.1,0,-4.75,0.500
3706,76.28,0.00,2713.8,107.9,-0.4,4,7971,0.000,0.038,0.225,0.292,-0.003,35.5,-7.1,0,-4.76,0.500
3707,76.31,0.00,2714.5,107.6,-0.3,4,7951,0.000,0.019,0.219,0.292,-0.005,35.6,-7.1,0,-4.76,0.500
3708,76.33,0.00,2715.2,107.4,-0.4,4,7942,0.050,0.000,0.202,0.292,-0.008,35.9,-7.7,0,-4.75,0.500
3709,76.35,0.00,2715.9,107.3,-0.6,4,7959,0.100,0.000,0.084,0.293,-0.013,36.3,-7.9,0,-2.00,0.500
3710,76.37,0.00,2716.5,107.2,-1.1,4,7975,0.150,0.000,-0.037,0.293,-0.016,36.5,-7.5,0,-1.95,0.000
3711,76.39,0.00,2717.2,107.3,-1.5,4,7994,0.200,0.000,-0.024,0.294,-0.013,36.3,-7.0,0,-1.98,0.000
3712,76.42,0.00,2717.9,107.3,-1.3,4,8014,0.250,0.000,0.176,0.293,-0.006,35.8,-6.6,0,-4.76,0.500
3713,76.44,0.00,2718.6,107.4,-0.5,4,8036,0.000,0.032,0.245,0.293,0.001,35.3,-6.0,0,-4.77,0.500
3714,76.46,0.00,2719.2,107.3,-0.1,4,7930,0.000,0.035,0.254,0.292,0.003,35.1,-7.0,0,-4.78,0.500
3715,76.48,0.00,2719.9,107.0,-0.1,4,7910,0.000,0.015,0.248,0.292,0.001,35.2,-6.8,0,-4.78,0.500
3716,76.50,0.00,2720.6,106.8,-0.2,4,7902,0.050,0.000,0.231,0.292,-0.002,35.5,-7.5,0,-4.79,0.500
3717,76.53,0.00,2721.2,106.7,-0.4,4,7916,0.100,0.000,0.208,0.292,-0.007,35.9,-7.7,0,-4.79,0.500
3718,76.55,0.00,2721.9,106.6,-0.8,4,7932,0.150,0.000,0.084,0.292,-0.013,36.3,-7.3,0,-2.00,0.500
3719,76.57,0.00,2722.6,106.6,-1.3,4,7953,0.200,0.000,-0.041,0.292,-0.017,36.6,-6.9,0,-1.95,0.000
3720,76.59,0.00,2723.2,106.7,-1.7,4,7974,0.250,0.000,-0.032,0.293,-0.015,36.5,-6.4,0,-1.97,0.000
3721,76.61,0.00,2723.9,106.8,-1.5,4,7995,0.300,0.000,0.168,0.292,-0.007,35.9,-6.1,0,-4.83,0.500
3722,76.64,0.00,2724.6,106.9,-0.7,4,8019,0.350,0.000,0.243,0.291,-0.000,35.4,-5.5,0,-4.85,0.500
3723,76.66,0.00,2725.2,107.1,-0.3,4,8044,0.000,0.020,0.256,0.291,0.002,35.2,-4.9,0,-4.87,0.500
3724,76.68,0.00,2725.9,107.0,-0.1,4,7914,0.000,0.012,0.254,0.290,0.002,35.2,-7.3,0,-4.89,0.500
3725,76.70,0.00,2726.6,106.8,-0.2,4,7903,0.050,0.000,0.242,0.290,-0.001,35.5,-7.6,0,-4.91,0.500
3726,76.72,0.00,2727.2,106.7,-0.4,4,7916,0.100,0.000,0.222,0.290,-0.006,35.8,-7.7,0,-4.94,0.500
3727,76.75,0.00,2727.9,106.6,-0.7,4,7932,0.150,0.000,0.094,0.290,-0.011,36.2,-7.3,0,-2.04,0.500
3728,76.77,0.00,2728.6,106.6,-1.2,4,7952,0.200,0.000,-0.034,0.291,-0.015,36.6,-6.9,0,-1.97,0.000
3729,76.79,0.00,2729.2,106.7,-1.7,4,7974,0.250,0.000,-0.028,0.291,-0.014,36.5,-6.4,0,-1.98,0.000
3730,76.81,0.00,2729.9,106.8,-1.5,4,7996,0.300,0.000,0.172,0.290,-0.007,36.0,-6.1,0,-5.06,0.500
3731,76.83,0.00,2730.6,106.9,-0.7,4,8020,0.350,0.000,0.249,0.290,-0.001,35.5,-5.4,0,-5.08,0.500
3732,76.86,0.00,2731.2,107.1,-0.3,4,8044,0.000,0.012,0.261,0.289,0.001,35.3,-4.9,0,-5.11,0.500
3733,76.88,0.00,2731.9,107.0,-0.2,4,7918,0.000,0.002,0.257,0.289,0.000,35.4,-7.5,0,-5.15,0.500
3734,76.90,0.00,2732.6,106.9,-0.2,4,7910,0.050,0.000,0.243,0.289,-0.003,35.7,-8.0,0,-5.21,0.500
3735,76.92,0.00,2733.3,106.8,-0.5,4,7920,0.100,0.000,0.223,0.289,-0.008,36.0,-7.8,0,-5.29,0.500
3736,76.94,0.00,2733.9,106.7,-0.8,4,7935,0.150,0.000,0.082,0.289,-0.014,36.5,-7.3,0,-2.01,0.500
3737,76.97,0.00,2734.6,106.7,-1.3,4,7956,0.200,0.000,-0.045,0.290,-0.018,36.8,-6.9,0,-1.97,0.000
3738,76.99,0.00,2735.3,106.8,-1.7,4,7978,0.250,0.000,-0.036,0.290,-0.016,36.7,-6.4,0,-1.99,0.000
3739,77.01,0.00,2735.9,106.9,-1.5,4,8000,0.300,0.000,0.164,0.290,-0.008,36.1,-6.1,0,-5.56,0.500
3740,77.03,0.00,2736.6,107.0,-0.7,4,8024,0.350,0.000,0.265,0.289,-0.001,35.6,-5.5,0,-5.58,0.500
3741,77.05,0.00,2737.3,107.1,-0.2,4,8048,0.000,0.008,0.278,0.289,0.001,35.4,-4.9,0,-5.65,0.500
3742,77.08,0.00,2737.9,107.1,-0.1,4,7924,0.050,0.000,0.275,0.289,-0.001,35.5,-7.6,0,-5.75,0.500
3743,77.10,0.00,2738.6,107.0,-0.2,4,7935,0.100,0.000,0.262,0.289,-0.004,35.8,-7.6,0,-5.90,0.500
3744,77.12,0.00,2739.3,106.9,-0.4,4,7949,0.150,0.000,0.106,0.289,-0.010,36.2,-7.2,0,-2.16,0.500
3745,77.14,0.00,2739.9,106.9,-0.9,4,7969,0.200,0.000,0.082,0.290,-0.014,36.6,-7.0,0,-2.10,0.500
3746,77.16,0.00,2740.6,106.9,-1.2,4,7993,0.250,0.000,0.075,0.290,-0.016,36.7,-6.4,0,-2.11,0.500
3747,77.19,0.00,2741.3,107.0,-1.2,4,8018,0.300,0.000,0.079,0.290,-0.015,36.7,-6.0,0,-2.13,0.500
3748,77.21,0.00,2741.9,107.2,-1.1,4,8044,0.350,0.000,0.089,0.291,-0.013,36.6,-5.6,0,-2.17,0.500
3749,77.23,0.00,2742.6,107.4,-0.9,4,8073,0.400,0.000,0.101,0.291,-0.011,36.4,-5.2,0,-2.22,0.500
3750,77.25,0.00,2743.3,107.6,-0.7,4,8105,0.450,0.000,0.114,0.291,-0.009,36.2,-4.8,0,-2.29,0.500
3751,77.27,0.00,2744.0,107.8,-0.6,4,8142,0.500,0.000,0.295,0.291,-0.007,36.1,-4.4,0,-7.22,0.500
3752,77.30,0.00,2744.6,108.1,-0.3,4,8186,0.000,0.012,0.304,0.292,-0.007,36.1,-3.3,0,-7.45,0.500
3753,77.32,0.00,2745.3,108.1,-0.3,4,7996,0.050,0.000,0.114,0.292,-0.009,36.3,-7.4,0,-2.37,0.500
3754,77.34,0.00,2746.0,108.0,-0.6,4,8010,0.100,0.000,0.098,0.293,-0.013,36.6,-8.0,0,-2.38,0.500
3755,77.36,0.00,2746.7,107.9,-0.9,4,8026,0.150,0.000,0.093,0.293,-0.014,36.7,-7.6,0,-2.42,0.500
3756,77.38,0.00,2747.3,108.0,-0.9,4,8046,0.200,0.000,0.096,0.294,-0.013,36.7,-7.1,0,-2.48,0.500
3757,77.41,0.00,2748.0,108.0,-0.9,4,8067,0.250,0.000,0.102,0.294,-0.013,36.6,-6.6,0,-2.54,0.500
3758,77.43,0.00,2748.7,108.1,-0.8,4,8092,0.300,0.000,0.110,0.295,-0.011,36.6,-6.2,0,-2.61,0.500
3759,77.45,0.00,2749.4,108.2,-0.7,4,8119,0.350,0.000,0.117,0.295,-0.010,36.5,-5.7,0,-2.68,0.500
3760,77.47,0.00,2750.1,108.4,-0.6,4,8150,0.000,0.002,0.124,0.296,-0.010,36.5,-5.3,0,-2.76,0.500
3761,77.49,0.00,2750.7,108.4,-0.6,4,8023,0.000,0.001,0.129,0.296,-0.009,36.5,-8.4,0,-2.85,0.500
3762,77.52,0.00,2751.4,108.3,-0.5,4,8015,0.050,0.000,0.133,0.296,-0.009,36.5,-8.4,0,-2.94,0.500
3763,77.54,0.00,2752.1,108.2,-0.5,4,8027,0.100,0.000,0.135,0.297,-0.009,36.6,-8.0,0,-3.05,0.500
3764,77.56,0.00,2752.8,108.2,-0.6,4,8042,0.150,0.000,0.136,0.297,-0.010,36.8,-7.6,0,-3.16,0.500
3765,77.58,0.00,2753.4,108.2,-0.6,4,8061,0.200,0.000,0.135,0.298,-0.011,37.0,-7.1,0,-3.29,0.500
3766,77.60,0.00,2754.1,108.2,-0.7,4,8083,0.250,0.000,0.135,0.298,-0.012,37.3,-6.6,0,-3.44,0.500
3767,77.63,0.00,2754.8,108.3,-0.7,4,8108,0.300,0.000,0.135,0.299,-0.013,37.6,-6.2,0,-3.61,0.500
3768,77.65,0.00,2755.5,108.4,-0.8,4,8137,0.350,0.000,0.136,0.299,-0.014,37.9,-5.7,0,-3.80,0.500
3769,77.67,0.00,2756.2,108.6,-0.8,4,8169,0.400,0.000,0.139,0.300,-0.015,38.3,-5.2,0,-4.01,0.500
3770,77.69,0.00,2756.8,108.8,-0.8,4,8203,0.450,0.000,0.144,0.301,-0.016,38.7,-4.7,0,-4.25,0.500
3771,77.71,0.00,2757.5,109.1,-0.8,4,8243,0.500,0.000,0.150,0.302,-0.016,39.1,-4.2,0,-4.52,0.500
3772,77.74,0.00,2758.2,109.4,-0.8,4,8288,0.550,0.000,0.157,0.303,-0.017,39.5,-3.6,0,-4.84,0.500
3773,77.76,0.00,2758.9,109.7,-0.8,4,8339,0.600,0.000,0.163,0.304,-0.018,40.1,-2.9,0,-5.20,0.498
3774,77.78,0.00,2759.6,110.1,-0.8,4,8395,0.650,0.000,0.164,0.305,-0.019,40.8,-2.2,0,-5.64,0.481
3775,77.80,0.00,2760.3,110.5,-0.9,4,8456,0.700,0.000,0.164,0.306,-0.021,41.6,-1.5,0,-6.18,0.461
3776,77.82,0.00,2761.0,110.9,-1.0,4,8525,0.750,0.000,0.166,0.308,-0.022,42.5,-0.7,0,-6.84,0.438
3777,77.85,0.00,2761.7,111.5,-1.1,4,8601,0.800,0.000,0.167,0.309,-0.024,43.5,0.3,0,-7.49,0.412
3778,77.87,0.00,2762.3,112.0,-1.2,4,8669,0.850,0.000,0.138,0.311,-0.026,44.7,1.0,0,-7.37,0.383
3779,77.89,0.00,2763.1,112.6,-1.3,4,8746,0.900,0.000,0.113,0.313,-0.027,45.8,1.7,0,-7.26,0.354
3780,77.91,0.00,2763.8,113.3,-1.5,4,8841,0.950,0.000,0.094,0.314,-0.027,47.0,2.7,0,-7.15,0.326
3781,77.93,0.00,2764.5,114.0,-1.5,4,8952,1.000,0.000,0.080,0.316,-0.027,48.0,4.0,0,-7.06,0.300
3782,77.96,0.00,2765.2,114.8,-1.6,4,9073,0.850,0.000,0.068,0.317,-0.025,49.0,5.4,0,-6.88,0.275
3783,77.98,0.00,2765.9,115.5,-1.6,4,9016,0.900,0.000,0.059,0.318,-0.023,49.9,2.8,0,-6.69,0.252
3784,78.00,0.00,2766.6,116.2,-1.5,4,9075,0.950,0.000,0.057,0.319,-0.020,50.7,2.8,0,-6.50,0.232
3785,78.02,0.00,2767.4,117.0,-1.4,4,9166,1.000,0.000,0.059,0.320,-0.016,51.4,3.6,0,-6.28,0.215
3786,78.04,0.00,2768.1,117.8,-1.3,4,9245,1.000,0.000,0.039,0.320,-0.011,52.0,4.1,0,-5.34,0.199
3787,78.07,0.00,2768.8,118.6,-1.2,4,9282,1.000,0.000,0.040,0.320,-0.006,52.5,3.4,0,-4.81,0.188
3788,78.09,0.00,2769.6,119.5,-1.0,4,9341,1.000,0.000,0.059,0.319,-0.000,52.7,3.2,0,-4.59,0.182
3789,78.11,0.00,2770.3,120.3,-0.8,4,9417,1.000,0.000,0.080,0.318,0.006,53.0,3.5,0,-4.45,0.174
3790,78.13,0.00,2771.1,121.2,-0.7,4,9495,1.000,0.000,0.094,0.316,0.011,53.7,3.8,0,-4.35,0.158
3791,78.15,0.00,2771.9,122.0,-0.6,4,9567,1.000,0.000,0.104,0.314,0.015,54.9,4.0,0,-4.51,0.128
3792,78.18,0.00,2772.6,122.8,-0.7,4,9637,1.000,0.000,0.090,0.311,0.018,56.6,4.2,0,-4.30,0.085
3793,78.20,0.00,2773.4,123.7,-0.9,4,9711,1.000,0.000,0.072,0.308,0.020,58.6,4.4,0,-4.11,0.034
3794,78.22,0.00,2774.2,124.5,-1.0,4,9726,1.000,0.000,0.057,0.304,0.023,60.7,3.2,0,-3.97,-0.018
3795,78.24,0.00,2775.0,125.4,-1.1,4,9772,1.000,0.000,0.053,0.300,0.027,62.5,2.7,0,-3.83,-0.062
3796,78.26,0.00,2775.8,126.2,-1.0,4,9847,1.000,0.000,0.059,0.295,0.032,64.0,2.9,0,-3.73,-0.100
3797,78.29,0.00,2776.5,127.0,-1.0,4,9930,1.000,0.000,0.066,0.289,0.038,65.5,3.3,0,-3.63,-0.138
3798,78.31,0.00,2777.3,127.8,-0.9,4,9998,1.000,0.000,0.064,0.283,0.043,67.5,3.4,0,-3.52,-0.189
3799,78.33,0.00,2778.1,128.7,-0.9,4,10059,1.000,0.000,0.055,0.276,0.048,70.1,3.4,0,-3.40,-0.251
3800,78.35,0.00,2778.9,129.5,-1.0,4,10120,1.000,0.000,0.047,0.268,0.052,72.7,3.3,0,-3.36,-0.318
3801,78.37,0.00,2779.8,130.3,-1.0,4,10140,1.000,0.000,0.042,0.260,0.058,75.3,2.4,0,-3.25,-0.383
3802,78.40,0.00,2780.6,131.2,-0.9,4,10157,1.000,0.000,0.048,0.251,0.064,77.5,1.1,0,-3.16,-0.437
3803,78.42,0.00,2781.4,132.0,-0.7,4,10221,1.000,0.000,0.059,0.241,0.071,79.5,1.1,0,-3.07,-0.486
3804,78.44,0.00,2782.2,132.8,-0.6,4,10304,1.000,0.000,0.087,0.230,0.078,81.9,1.6,0,-2.97,-0.500
3805,78.46,0.00,2783.0,133.6,-0.5,4,10383,1.000,0.000,0.113,0.219,0.083,86.1,1.9,0,-2.79,-0.500
3806,78.48,0.00,2783.9,134.4,-0.6,4,10456,1.000,0.000,0.120,0.207,0.086,93.4,2.3,0,-2.37,-0.500
3807,78.51,0.00,2784.7,135.2,-0.8,4,10535,1.000,0.000,0.073,0.195,0.077,104.4,2.8,0,-2.00,-0.500
3808,78.53,0.00,2785.5,136.0,-1.2,4,10552,1.000,0.000,0.273,0.184,0.069,117.7,2.0,0,-1.73,0.000
3809,78.55,0.00,2786.3,136.8,-1.1,4,10574,1.000,0.000,0.327,0.173,0.061,134.1,1.6,0,-1.47,0.000
3810,78.57,0.00,2787.2,137.5,-1.2,4,10701,1.000,0.000,0.272,0.164,0.052,194.1,4.0,0,-1.19,0.000
3811,78.59,0.00,2788.0,138.2,-1.6,4,10860,0.850,0.000,0.209,0.156,0.041,192.6,6.5,0,-0.89,0.000
3812,78.62,0.00,2788.9,138.8,-2.2,4,10874,0.700,0.000,0.137,0.149,0.028,190.8,5.3,0,-0.48,0.000
3813,78.64,0.00,2789.7,139.3,-2.7,4,10811,0.750,0.000,0.066,0.144,0.016,186.3,2.0,0,-0.14,0.000
3814,78.66,0.00,2790.6,139.8,-3.3,4,10874,0.800,0.000,-0.002,0.139,0.004,181.6,2.1,0,0.20,0.000
3815,78.68,0.00,2791.4,140.3,-3.7,4,10953,0.850,0.000,-0.053,0.135,-0.005,177.6,2.9,0,0.49,0.000
3816,78.70,0.00,2792.3,140.7,-3.6,5,9843,0.900,0.000,-0.074,0.132,-0.008,175.3,-8.9,0,0.57,0.000
3817,78.73,0.00,2793.1,140.6,-2.8,5,9847,0.950,0.000,-0.062,0.130,-0.006,175.3,-10.5,0,0.52,0.000
3818,78.75,0.00,2794.0,140.5,-1.7,5,9373,1.000,0.000,-0.034,0.129,-0.001,176.3,-10.3,0,0.41,0.000
3819,78.77,0.00,2794.9,140.9,-0.8,5,9747,1.000,0.000,-0.004,0.127,0.003,177.1,-0.8,0,0.21,0.000
3820,78.79,0.00,2795.7,141.6,-0.2,5,9816,1.000,0.000,0.012,0.126,0.006,177.2,0.0,0,0.13,0.000
3821,78.81,0.00,2796.6,142.3,0.1,5,9862,1.000,0.000,0.017,0.125,0.007,176.6,-0.0,0,0.10,0.000
3822,78.84,0.00,2797.5,143.0,0.2,5,9907,1.000,0.000,0.014,0.125,0.006,175.5,-0.1,0,0.12,0.000
3823,78.86,0.00,2798.3,143.7,0.2,5,9957,1.000,0.000,0.008,0.124,0.005,174.3,-0.1,0,0.15,0.000
3824,78.88,0.00,2799.2,144.5,0.1,5,9989,1.000,0.000,0.001,0.123,0.004,173.0,-0.4,0,0.18,0.000
3825,78.90,0.00,2800.1,145.2,0.0,5,10011,1.000,0.000,-0.004,0.123,0.003,171.8,-1.2,0,0.20,0.000
3826,78.92,0.00,2801.0,145.9,0.0,5,10068,1.000,0.000,-0.009,0.122,0.003,170.8,-1.0,0,0.31,0.000
3827,78.95,0.00,2801.9,146.6,0.1,5,10138,1.000,0.000,-0.009,0.122,0.003,169.9,-0.5,0,0.31,0.000
3828,78.97,0.00,2802.8,147.2,0.1,5,10202,1.000,0.000,-0.007,0.122,0.003,169.0,-0.0,0,0.30,0.000
3829,78.99,0.00,2803.7,147.9,0.1,5,10255,1.000,0.000,-0.005,0.121,0.004,168.2,0.1,0,0.30,0.000
3830,79.01,0.00,2804.6,148.6,0.2,5,10299,1.000,0.000,-0.004,0.121,0.004,167.4,0.0,0,0.29,0.000
3831,79.03,0.00,2805.5,149.3,0.2,5,10341,1.000,0.000,-0.002,0.120,0.004,166.5,-0.1,0,0.28,0.000
3832,79.06,0.00,2806.4,150.0,0.2,5,10363,1.000,0.000,-0.002,0.120,0.004,165.6,-0.8,0,0.28,0.000
3833,79.08,0.00,2807.3,150.7,0.2,5,10399,1.000,0.000,-0.002,0.120,0.004,164.7,-1.2,0,0.28,0.000
3834,79.10,0.00,2808.3,151.4,0.2,5,10449,1.000,0.000,-0.002,0.119,0.004,163.7,-1.1,0,0.28,0.000
3835,79.12,0.00,2809.2,152.1,0.2,5,10507,1.000,0.000,-0.003,0.119,0.004,162.7,-0.8,0,0.28,0.000
3836,79.14,0.00,2810.1,152.7,0.2,5,10563,1.000,0.000,-0.003,0.118,0.004,161.8,-0.6,0,0.28,0.000
3837,79.17,0.00,2811.1,153.4,0.2,5,10614,1.000,0.000,-0.003,0.118,0.004,160.8,-0.5,0,0.28,0.000
3838,79.19,0.00,2812.0,154.1,0.1,5,10660,1.000,0.000,-0.004,0.118,0.004,159.8,-0.5,0,0.27,0.000
3839,79.21,0.00,2812.9,154.8,0.1,5,10703,1.000,0.000,-0.003,0.117,0.004,158.9,-0.6,0,0.27,0.000
3840,79.23,0.00,2813.9,155.5,0.1,5,10744,1.000,0.000,-0.003,0.117,0.004,157.9,-0.8,0,0.27,0.000
3841,79.25,0.00,2814.8,156.1,0.1,5,10788,1.000,0.000,-0.003,0.116,0.004,156.9,-0.9,0,0.27,0.000
3842,79.28,0.00,2815.8,156.8,0.1,5,10832,1.000,0.000,-0.003,0.116,0.004,156.0,-0.9,0,0.27,0.000
3843,79.30,0.00,2816.8,157.5,0.1,5,10876,1.000,0.000,-0.003,0.115,0.004,155.0,-1.0,0,0.27,0.000
3844,79.32,0.00,2817.7,158.2,0.1,5,10922,1.000,0.000,-0.003,0.115,0.004,154.0,-1.0,0,0.27,0.000
3845,79.34,0.00,2818.7,158.8,0.1,5,10968,1.000,0.000,-0.002,0.114,0.004,153.0,-1.0,0,0.27,0.000
3846,79.36,0.00,2819.7,159.5,0.1,5,11018,1.000,0.000,-0.002,0.114,0.004,152.1,-1.0,0,0.27,0.000
3847,79.39,0.00,2820.6,160.2,0.1,5,11086,1.000,0.000,-0.002,0.113,0.004,151.1,-0.3,0,0.27,0.000
3848,79.41,0.00,2821.6,160.8,0.1,5,11121,1.000,0.000,-0.002,0.113,0.004,150.1,-0.6,0,0.27,0.000
3849,79.43,0.00,2822.6,161.5,0.1,5,11156,1.000,0.000,-0.002,0.112,0.004,149.0,-1.0,0,0.27,0.000
3850,79.45,0.00,2823.6,162.2,0.1,5,11191,1.000,0.000,-0.002,0.112,0.004,148.0,-1.3,0,0.27,0.000
3851,79.47,0.00,2824.6,162.8,0.1,5,11230,1.000,0.000,-0.002,0.111,0.004,147.0,-1.4,0,0.27,0.000
3852,79.50,0.00,2825.6,163.5,0.1,5,11273,1.000,0.000,-0.002,0.111,0.004,146.0,-1.5,0,0.27,0.000
3853,79.52,0.00,2826.6,164.2,0.1,5,11338,1.000,0.000,-0.002,0.110,0.004,145.0,-1.2,0,0.27,0.000
3854,79.54,0.00,2827.6,164.8,0.1,5,11428,1.000,0.000,-0.002,0.110,0.004,144.0,0.2,0,0.26,0.000
3855,79.56,0.00,2828.6,165.4,0.1,5,11451,1.000,0.000,-0.001,0.109,0.004,143.0,-0.4,0,0.26,0.000
3856,79.58,0.00,2829.6,166.1,0.1,5,11474,1.000,0.000,-0.001,0.108,0.004,142.0,-1.0,0,0.26,0.000
3857,79.61,0.00,2830.6,166.8,0.1,5,11500,1.000,0.000,-0.001,0.108,0.004,140.9,-1.6,0,0.26,0.000
3858,79.63,0.00,2831.7,167.5,0.1,5,11532,1.000,0.000,-0.001,0.107,0.004,139.9,-1.9,0,0.26,0.000
3859,79.65,0.00,2832.7,168.1,0.1,5,11571,1.000,0.000,-0.000,0.107,0.004,138.9,-2.1,0,0.26,0.000
3860,79.67,0.00,2833.7,168.8,0.1,5,11643,1.000,0.000,-0.000,0.106,0.004,137.8,-1.5,0,0.26,0.000
3861,79.69,0.00,2834.7,169.4,0.1,5,11698,1.000,0.000,-0.000,0.106,0.004,136.8,-1.1,0,0.26,0.000
3862,79.72,0.00,2835.8,170.1,0.1,5,11729,1.000,0.000,-0.001,0.105,0.004,135.7,-1.5,0,0.26,0.000
3863,79.74,0.00,2836.8,170.3,0.1,6,10744,1.000,0.000,-0.001,0.104,0.004,134.6,-12.0,0,0.26,0.000
3864,79.76,0.00,2837.9,170.1,0.1,6,10743,1.000,0.000,-0.001,0.104,0.004,133.5,-12.6,0,0.26,0.000
3865,79.78,0.00,2838.9,170.0,0.1,6,10387,1.000,0.000,-0.000,0.103,0.004,132.5,-12.6,0,0.26,0.000
3866,79.80,0.00,2839.9,170.2,0.1,6,10696,1.000,0.000,-0.000,0.103,0.004,131.5,-3.8,0,0.26,0.000
3867,79.83,0.00,2841.0,170.8,0.1,6,10743,1.000,0.000,-0.000,0.102,0.004,130.4,-3.3,0,0.26,0.000
3868,79.85,0.00,2842.0,171.4,0.1,6,10776,1.000,0.000,-0.000,0.101,0.004,129.3,-3.4,0,0.26,0.000
3869,79.87,0.00,2843.1,172.0,0.1,6,10807,1.000,0.000,-0.000,0.101,0.004,128.2,-3.5,0,0.26,0.000
3870,79.89,0.00,2844.1,172.5,0.1,6,10840,1.000,0.000,-0.001,0.100,0.004,127.2,-3.6,0,0.26,0.000
3871,79.91,0.00,2845.2,173.1,0.1,6,10876,1.000,0.000,-0.001,0.099,0.004,126.1,-3.6,0,0.26,0.000
3872,79.94,0.00,2846.2,173.7,0.1,6,10912,1.000,0.000,-0.001,0.099,0.004,125.0,-3.6,0,0.26,0.000
3873,79.96,0.00,2847.3,174.2,0.1,6,10950,1.000,0.000,-0.001,0.098,0.004,123.9,-3.6,0,0.26,0.000
3874,79.98,0.00,2848.4,174.8,0.1,6,10986,1.000,0.000,-0.001,0.098,0.004,122.8,-3.6,0,0.26,0.000
3875,80.00,0.00,2849.4,175.4,0.0,6,11023,1.000,0.000,-0.001,0.097,0.004,121.7,-3.6,0,0.26,0.000
3876,80.02,0.00,2850.5,175.9,0.0,6,11056,1.000,0.000,-0.001,0.096,0.004,120.6,-3.7,0,0.26,0.000
3877,80.05,0.00,2851.6,176.5,0.0,6,11089,1.000,0.000,-0.001,0.096,0.004,119.5,-3.7,0,0.26,0.000
3878,80.07,0.00,2852.7,177.1,0.0,6,11121,1.000,0.000,-0.000,0.095,0.004,118.4,-3.9,0,0.26,0.000
3879,80.09,0.00,2853.8,177.6,0.0,6,11154,1.000,0.000,-0.001,0.094,0.004,117.3,-3.9,0,0.26,0.000
3880,80.11,0.00,2854.8,178.2,0.0,6,11187,1.000,0.000,-0.001,0.094,0.004,116.2,-4.0,0,0.27,0.000
3881,80.13,0.00,2855.9,178.8,0.0,6,11221,1.000,0.000,-0.008,0.093,0.004,115.1,-4.1,0,0.48,0.000
3882,80.16,0.00,2857.0,179.3,0.0,6,11256,1.000,0.000,-0.007,0.093,0.004,114.0,-4.1,0,0.47,0.000
3883,80.18,0.00,2858.1,179.9,0.1,6,11290,1.000,0.000,-0.004,0.092,0.004,113.0,-4.1,0,0.46,0.000
3884,80.20,0.00,2859.2,180.4,0.1,6,11323,1.000,0.000,-0.001,0.091,0.005,112.0,-4.2,0,0.45,0.000
3885,80.22,0.00,2860.3,181.0,0.1,6,11356,1.000,0.000,0.000,0.090,0.005,110.9,-4.2,0,0.44,0.000
3886,80.24,0.00,2861.4,181.5,0.1,6,11389,0.000,0.039,0.001,0.089,0.005,109.8,-4.3,0,0.44,0.000
3887,80.27,0.00,2862.6,181.5,0.1,6,11050,0.000,0.081,0.001,0.088,0.005,108.7,-13.1,0,0.43,0.000
3888,80.29,0.00,2863.7,181.0,0.1,6,10998,0.000,0.101,0.002,0.088,0.005,107.6,-12.5,0,0.43,0.000
3889,80.31,0.00,2864.8,180.4,0.1,6,10954,0.000,0.116,0.002,0.087,0.005,106.5,-12.2,0,0.43,0.000
3890,80.33,0.00,2865.9,179.7,0.1,6,10910,0.000,0.130,0.002,0.086,0.005,105.3,-11.9,0,0.43,0.000
3891,80.35,0.00,2867.0,179.0,0.1,6,10863,0.000,0.141,0.001,0.085,0.005,104.2,-11.6,0,0.43,0.000
3892,80.38,0.00,2868.1,178.3,0.0,6,10815,0.000,0.150,0.001,0.084,0.005,103.1,-11.4,0,0.43,0.000
3893,80.40,0.00,2869.1,177.6,0.0,6,10767,0.000,0.158,0.001,0.083,0.005,102.0,-11.1,0,0.42,0.000
3894,80.42,0.00,2870.2,176.8,0.0,6,10717,0.000,0.165,0.001,0.082,0.005,100.9,-10.8,0,0.42,0.000
3895,80.44,0.00,2871.3,176.0,0.0,6,10666,0.000,0.170,0.001,0.081,0.005,99.8,-10.6,0,0.42,0.000
3896,80.46,0.00,2872.4,175.2,0.0,6,10614,0.000,0.174,0.002,0.081,0.005,98.7,-10.3,0,0.42,0.000
3897,80.49,0.00,2873.4,174.4,0.0,6,10563,0.000,0.179,0.002,0.080,0.005,97.6,-10.2,0,0.42,0.000
3898,80.51,0.00,2874.5,173.5,0.0,6,10510,0.000,0.183,0.001,0.079,0.005,96.5,-10.0,0,0.42,0.000
3899,80.53,0.00,2875.6,172.7,0.0,6,10457,0.000,0.186,0.001,0.078,0.005,95.4,-9.7,0,0.42,0.000
3900,80.55,0.00,2876.6,171.8,0.0,6,10404,0.000,0.190,0.001,0.077,0.005,94.3,-9.4,0,0.42,0.000
3901,80.57,0.00,2877.7,171.0,0.0,6,10350,0.000,0.192,0.001,0.076,0.005,93.2,-9.3,0,0.42,0.000
3902,80.60,0.00,2878.7,170.1,0.0,6,10292,0.000,0.194,0.001,0.076,0.005,92.2,-9.4,0,0.42,0.000
3903,80.62,0.00,2879.7,169.2,0.0,6,10238,0.000,0.195,0.002,0.075,0.005,91.1,-9.4,0,0.41,0.000
3904,80.64,0.00,2880.8,168.4,0.0,6,10186,0.000,0.197,0.001,0.074,0.005,90.1,-9.3,0,0.41,0.000
3905,80.66,0.00,2881.8,167.5,0.0,6,10134,0.000,0.199,0.001,0.073,0.005,89.0,-9.2,0,0.41,0.000
3906,80.68,0.00,2882.8,166.6,0.0,6,10081,0.000,0.201,0.001,0.072,0.005,88.0,-9.0,0,0.41,0.000
3907,80.71,0.00,2883.8,165.7,0.0,6,10027,0.000,0.202,0.001,0.071,0.005,86.9,-8.6,0,0.41,0.000
3908,80.73,0.00,2884.8,164.8,0.0,6,9973,0.000,0.204,0.002,0.071,0.005,85.9,-8.5,0,0.41,0.000
3909,80.75,0.00,2885.8,164.0,0.0,6,9913,0.000,0.205,0.002,0.070,0.005,84.9,-8.6,0,0.41,0.000
3910,80.77,0.00,2886.8,163.1,0.0,6,9857,0.000,0.207,0.001,0.069,0.005,83.9,-8.7,0,0.41,0.000
3911,80.79,0.00,2887.8,162.2,0.0,6,9805,0.000,0.209,0.001,0.068,0.005,82.8,-8.6,0,0.41,0.000
3912,80.82,0.00,2888.8,161.3,0.0,6,9752,0.000,0.209,0.001,0.068,0.005,81.8,-8.5,0,0.41,0.000
3913,80.84,0.00,2889.8,160.4,0.0,6,9699,0.000,0.210,0.001,0.067,0.005,80.8,-8.4,0,0.41,0.000
3914,80.86,0.00,2890.8,159.5,0.0,6,9646,0.000,0.211,0.001,0.066,0.005,79.8,-8.1,0,0.41,0.000
3915,80.88,0.00,2891.8,158.6,0.0,5,10485,0.000,0.214,0.001,0.065,0.005,78.8,-7.2,0,0.41,0.000
3916,80.90,0.00,2892.7,157.8,0.0,5,10451,0.000,0.219,0.001,0.065,0.005,77.8,-7.0,0,0.41,0.000
3917,80.93,0.00,2893.7,157.0,-0.0,5,10338,0.000,0.222,0.001,0.064,0.004,76.9,-8.0,0,0.41,0.000
3918,80.95,0.00,2894.6,156.0,-0.0,5,10273,0.000,0.222,-0.000,0.063,0.004,75.9,-8.0,0,0.42,0.000
3919,80.97,0.00,2895.6,155.1,-0.0,5,10211,0.000,0.221,-0.019,0.063,0.004,74.9,-8.0,0,0.92,0.000
3920,80.99,0.00,2896.5,154.1,-0.1,5,10151,0.000,0.216,-0.016,0.062,0.005,74.0,-7.9,0,0.91,0.000
3921,81.01,0.00,2897.5,153.2,-0.0,5,10092,0.000,0.207,-0.009,0.061,0.006,73.2,-8.0,0,0.90,0.000
3922,81.04,0.00,2898.4,152.3,0.1,5,10037,0.000,0.199,-0.003,0.060,0.007,72.4,-8.1,0,0.88,0.000
3923,81.06,0.00,2899.3,151.5,0.2,5,9984,0.000,0.195,0.002,0.059,0.008,71.6,-8.2,0,0.87,0.000
3924,81.08,0.00,2900.3,150.6,0.2,5,9930,0.000,0.195,0.005,0.058,0.009,70.8,-8.2,0,0.86,0.000
3925,81.10,0.00,2901.2,149.8,0.2,5,9875,0.000,0.198,0.005,0.057,0.009,69.8,-8.1,0,0.86,0.000
3926,81.12,0.00,2902.1,148.9,0.1,5,9818,0.000,0.204,0.005,0.056,0.008,68.9,-7.9,0,0.86,0.000
3927,81.15,0.00,2903.0,148.1,0.1,5,9759,0.000,0.209,0.003,0.054,0.008,67.9,-7.7,0,0.86,0.000
3928,81.17,0.00,2903.9,147.2,0.0,5,9700,0.000,0.213,0.002,0.053,0.008,67.0,-7.5,0,0.85,0.000
3929,81.19,0.00,2904.8,146.3,0.0,5,9640,0.000,0.216,0.001,0.052,0.008,66.0,-7.6,0,0.85,0.000
3930,81.21,0.00,2905.7,145.5,-0.0,5,9580,0.000,0.218,0.001,0.051,0.008,65.1,-7.5,0,0.85,0.000
3931,81.23,0.00,2906.6,144.6,-0.0,5,9520,0.000,0.220,0.001,0.050,0.007,64.2,-7.4,0,0.85,0.000
3932,81.26,0.00,2907.4,143.7,-0.0,5,9461,0.000,0.221,0.001,0.049,0.007,63.3,-7.2,0,0.84,0.000
3933,81.28,0.00,2908.3,142.8,-0.0,5,9405,0.000,0.222,0.002,0.048,0.007,62.4,-7.0,0,0.84,0.000
3934,81.30,0.00,2909.2,141.9,-0.0,5,9345,0.000,0.223,0.002,0.047,0.007,61.5,-6.9,0,0.84,0.000
3935,81.32,0.00,2910.1,141.0,-0.0,5,9284,0.000,0.224,0.002,0.046,0.007,60.6,-6.8,0,0.84,0.000
3936,81.34,0.00,2910.9,140.1,-0.0,5,9223,0.000,0.226,0.001,0.044,0.007,59.7,-6.7,0,0.83,0.000
3937,81.37,0.00,2911.8,139.2,-0.0,5,9163,0.000,0.227,0.001,0.043,0.007,58.9,-6.6,0,0.83,0.000
3938,81.39,0.00,2912.6,138.3,-0.0,5,9102,0.000,0.228,0.002,0.042,0.007,58.0,-6.9,0,0.83,0.000
3939,81.41,0.00,2913.5,137.4,-0.0,5,9043,0.000,0.229,0.002,0.041,0.007,57.1,-6.8,0,0.83,0.000
3940,81.43,0.00,2914.3,136.5,-0.0,5,8984,0.000,0.231,0.001,0.040,0.007,56.3,-6.6,0,0.82,0.000
3941,81.45,0.00,2915.1,135.6,-0.0,5,8930,0.000,0.232,0.001,0.039,0.007,55.4,-6.2,0,0.82,0.000
3942,81.48,0.00,2916.0,134.7,-0.0,5,8871,0.000,0.232,0.001,0.038,0.007,54.6,-6.0,0,0.82,0.000
3943,81.50,0.00,2916.8,133.8,-0.0,5,8809,0.000,0.234,0.001,0.037,0.007,53.8,-5.9,0,0.83,0.000
3944,81.52,0.00,2917.6,132.9,-0.0,5,8746,0.000,0.235,0.001,0.036,0.007,52.9,-5.8,0,0.83,0.000
3945,81.54,0.00,2918.4,132.0,-0.0,5,8684,0.000,0.236,0.001,0.035,0.007,52.1,-5.8,0,0.84,0.000
3946,81.56,0.00,2919.2,131.1,-0.0,5,8623,0.000,0.236,0.000,0.034,0.007,51.3,-6.0,0,0.87,0.000
3947,81.59,0.00,2920.0,130.2,-0.0,5,8563,0.000,0.236,-0.175,0.033,0.007,50.5,-6.3,0,2.02,-0.238
3948,81.61,0.00,2920.8,129.3,-0.4,5,8506,0.000,0.219,-0.023,0.032,0.010,50.0,-4.0,0,2.00,0.000
3949,81.63,0.00,2921.6,128.4,0.2,4,9438,0.000,0.184,0.008,0.030,0.017,49.9,-5.4,0,1.95,0.000
3950,81.65,0.00,2922.4,127.7,0.5,4,9411,0.000,0.176,0.024,0.028,0.020,49.4,-6.0,0,1.93,0.000
3951,81.67,0.00,2923.1,127.0,0.5,4,9321,0.000,0.185,0.026,0.026,0.020,48.6,-6.8,0,1.93,0.000
3952,81.70,0.00,2923.9,126.3,0.4,4,9259,0.000,0.201,0.020,0.024,0.019,47.7,-6.6,0,1.93,0.000
3953,81.72,0.00,2924.7,125.5,0.2,4,9190,0.000,0.217,0.012,0.022,0.017,46.7,-6.3,0,1.94,0.000
3954,81.74,0.00,2925.4,124.6,0.0,4,9118,0.000,0.230,0.005,0.020,0.016,45.8,-5.9,0,1.94,0.000
3955,81.76,0.00,2926.2,123.8,-0.1,4,9046,0.000,0.239,-0.001,0.018,0.014,44.9,-5.6,0,1.95,0.000
3956,81.78,0.00,2927.0,122.8,-0.2,4,8974,0.000,0.241,-0.004,0.016,0.014,44.1,-6.3,0,1.95,0.000
3957,81.81,0.00,2927.7,121.9,-0.2,4,8907,0.000,0.242,-0.004,0.014,0.014,43.3,-6.2,0,1.95,0.000
3958,81.83,0.00,2928.4,121.0,-0.2,4,8840,0.000,0.242,-0.004,0.012,0.014,42.6,-5.8,0,1.95,0.000
3959,81.85,0.00,2929.2,120.1,-0.1,4,8774,0.000,0.241,-0.003,0.010,0.014,41.9,-5.6,0,1.96,0.000
3960,81.87,0.00,2929.9,119.2,-0.1,4,8723,0.000,0.240,-0.002,0.009,0.014,41.1,-4.9,0,1.96,0.000
3961,81.89,0.00,2930.6,118.2,-0.1,4,8655,0.000,0.240,-0.001,0.007,0.014,40.4,-4.8,0,1.97,0.000
3962,81.92,0.00,2931.4,117.3,-0.1,4,8582,0.000,0.240,-0.001,0.005,0.014,39.7,-4.7,0,1.99,0.000
3963,81.94,0.00,2932.1,116.5,-0.1,4,8510,0.000,0.242,-0.201,0.003,0.014,39.0,-4.8,0,2.00,-0.500
3964,81.96,0.00,2932.8,115.6,-0.4,4,8442,0.000,0.230,-0.238,0.001,0.017,38.5,-2.2,0,2.01,-0.500
3965,81.98,0.00,2933.5,114.7,-0.3,4,8380,0.000,0.187,-0.038,-0.002,0.026,38.5,-1.4,0,1.97,0.000
3966,82.00,0.00,2934.2,113.8,0.4,4,8334,0.000,0.138,0.105,-0.005,0.036,38.5,-6.4,0,1.92,0.000
3967,82.03,0.00,2934.9,113.2,1.1,4,8312,0.000,0.137,0.120,-0.009,0.039,38.1,-6.5,0,1.93,0.000
3968,82.05,0.00,2935.6,112.6,1.0,4,8273,0.000,0.174,-0.080,-0.012,0.035,37.0,-6.7,0,2.00,-0.500
3969,82.07,0.00,2936.2,112.0,0.2,4,8213,0.000,0.208,-0.247,-0.015,0.031,36.0,-5.2,0,4.44,-0.500
3970,82.09,0.00,2936.9,111.2,-0.4,4,8159,0.000,0.202,-0.230,-0.019,0.034,35.6,-1.3,0,4.44,-0.500
3971,82.11,0.00,2937.6,110.4,-0.4,4,8101,0.000,0.166,-0.185,-0.024,0.043,35.5,-1.5,0,4.41,-0.500
3972,82.14,0.00,2938.3,109.7,-0.1,4,8052,0.000,0.122,-0.128,-0.029,0.054,35.6,-4.0,0,4.37,-0.500
3973,82.16,0.00,2938.9,109.1,0.4,4,8020,0.000,0.086,-0.071,-0.036,0.065,35.7,-6.2,0,4.34,-0.500
3974,82.18,0.00,2939.6,108.7,0.8,4,8001,0.000,0.066,-0.021,-0.043,0.074,35.7,-7.2,0,4.31,-0.500
3975,82.20,0.00,2940.3,108.3,1.0,4,7985,0.000,0.066,0.013,-0.050,0.080,35.4,-7.5,0,4.30,-0.500
3976,82.22,0.00,2940.9,108.0,1.1,4,7964,0.000,0.083,0.031,-0.058,0.083,34.9,-7.5,0,4.31,-0.500
3977,82.25,0.00,2941.6,107.6,0.9,4,7932,0.000,0.110,0.035,-0.066,0.083,34.3,-7.3,0,4.32,-0.500
3978,82.27,0.00,2942.2,107.2,0.7,4,7891,0.000,0.141,0.032,-0.074,0.082,33.5,-6.8,0,4.34,-0.500
3979,82.29,0.00,2942.9,106.7,0.4,4,7841,0.000,0.171,-0.019,-0.082,0.070,32.7,-6.2,0,4.37,-0.500
3980,82.31,0.00,2943.6,106.1,0.1,4,7783,0.000,0.191,-0.074,-0.089,0.058,31.9,-5.5,0,4.39,-0.500
3981,82.33,0.00,2944.2,105.4,-0.2,4,7736,0.000,0.194,-0.117,-0.095,0.048,31.4,-4.4,0,4.40,-0.500
3982,82.36,0.00,2944.9,104.6,-0.3,4,7681,0.000,0.183,-0.145,-0.100,0.042,31.0,-4.0,0,4.40,-0.500
3983,82.38,0.00,2945.5,103.9,-0.2,4,7627,0.000,0.162,-0.160,-0.104,0.038,30.8,-4.2,0,4.40,-0.500
3984,82.40,0.00,2946.1,103.3,-0.1,4,7581,0.000,0.134,-0.166,-0.108,0.036,30.8,-4.8,0,4.39,-0.500
3985,82.42,0.00,2946.8,102.7,0.1,4,7546,0.000,0.104,-0.165,-0.112,0.036,30.8,-5.8,0,4.38,-0.500
3986,82.44,0.00,2947.4,102.2,0.3,4,7521,0.000,0.073,-0.157,-0.115,0.037,30.9,-6.4,0,4.37,-0.500
3987,82.47,0.00,2948.0,101.8,0.6,4,7506,0.000,0.046,-0.147,-0.119,0.038,31.0,-6.8,0,4.35,-0.500
3988,82.49,0.00,2948.7,101.5,0.8,4,7497,0.000,0.024,-0.139,-0.122,0.040,31.1,-7.1,0,4.34,-0.500
3989,82.51,0.00,2949.3,101.3,1.0,4,7491,0.000,0.009,-0.134,-0.125,0.040,31.1,-7.4,0,4.32,-0.500
3990,82.53,0.00,2949.9,101.2,1.0,4,7488,0.000,0.000,-0.133,-0.128,0.040,31.2,-7.6,0,4.31,-0.500
3991,82.55,0.00,2950.6,101.0,0.9,4,7483,0.050,0.000,-0.137,-0.131,0.039,31.1,-7.7,0,4.31,-0.500
3992,82.58,0.00,2951.2,100.9,0.8,4,7491,0.100,0.000,-0.143,-0.134,0.037,31.0,-7.4,0,4.30,-0.500
3993,82.60,0.00,2951.8,100.9,0.7,4,7504,0.000,0.003,-0.150,-0.137,0.035,30.9,-7.0,0,4.30,-0.500
3994,82.62,0.00,2952.4,100.8,0.7,4,7463,0.000,0.003,-0.155,-0.140,0.034,30.9,-7.7,0,4.29,-0.500
3995,82.64,0.00,2953.1,100.7,0.7,4,7453,0.050,0.000,-0.155,-0.142,0.033,30.8,-7.7,0,4.29,-0.500
3996,82.66,0.00,2953.7,100.6,0.7,4,7464,0.100,0.000,-0.153,-0.145,0.033,30.9,-7.4,0,4.28,-0.500
3997,82.69,0.00,2954.3,100.5,0.8,4,7477,0.150,0.000,-0.150,-0.148,0.034,30.9,-6.9,0,4.27,-0.500
3998,82.71,0.00,2954.9,100.5,0.8,4,7492,0.200,0.000,-0.148,-0.150,0.034,30.9,-6.5,0,4.26,-0.500
3999,82.73,0.00,2955.5,100.5,0.8,4,7507,0.250,0.000,-0.148,-0.153,0.033,30.9,-6.2,0,4.25,-0.500
4000,82.75,0.00,2956.2,100.6,0.8,4,7526,0.300,0.000,-0.151,-0.155,0.032,30.9,-5.8,0,4.25,-0.500
4001,82.77,0.00,2956.8,100.7,0.7,4,7550,0.000,0.002,-0.156,-0.158,0.031,30.8,-5.4,0,4.24,-0.500
4002,82.80,0.00,2957.4,100.6,0.6,4,7453,0.000,0.003,-0.161,-0.160,0.029,30.7,-7.7,0,4.24,-0.500
4003,82.82,0.00,2958.0,100.5,0.6,4,7442,0.050,0.000,-0.163,-0.162,0.029,30.7,-7.7,0,4.23,-0.500
4004,82.84,0.00,2958.7,100.4,0.6,4,7452,0.100,0.000,-0.162,-0.165,0.029,30.7,-7.3,0,4.22,-0.500
4005,82.86,0.00,2959.3,100.4,0.7,4,7465,0.150,0.000,-0.158,-0.167,0.029,30.8,-6.9,0,4.22,-0.500
4006,82.88,0.00,2959.9,100.3,0.8,4,7480,0.200,0.000,-0.154,-0.169,0.030,30.8,-6.5,0,4.21,-0.500
4007,82.91,0.00,2960.5,100.4,0.8,4,7499,0.250,0.000,-0.152,-0.171,0.030,30.8,-6.1,0,4.20,-0.500
4008,82.93,0.00,2961.2,100.4,0.8,4,7515,0.300,0.000,-0.151,-0.173,0.030,30.8,-5.7,0,4.19,-0.500
4009,82.95,0.00,2961.8,100.5,0.8,4,7537,0.350,0.000,-0.154,-0.175,0.029,30.8,-5.4,0,4.19,-0.500
4010,82.97,0.00,2962.4,100.6,0.7,4,7564,0.000,0.005,-0.158,-0.178,0.027,30.7,-4.9,0,4.18,-0.500
4011,82.99,0.00,2963.1,100.6,0.6,4,7449,0.000,0.007,-0.163,-0.180,0.026,30.7,-7.6,0,4.18,-0.500
4012,83.02,0.00,2963.7,100.5,0.6,4,7437,0.000,0.003,-0.166,-0.182,0.025,30.6,-7.6,0,4.17,-0.500
4013,83.04,0.00,2964.3,100.3,0.6,4,7428,0.050,0.000,-0.165,-0.183,0.025,30.6,-7.7,0,4.17,-0.500
4014,83.06,0.00,2964.9,100.2,0.7,4,7439,0.100,0.000,-0.161,-0.185,0.026,30.7,-7.3,0,4.16,-0.500
4015,83.08,0.00,2965.6,100.2,0.8,4,7451,0.150,0.000,-0.157,-0.187,0.026,30.7,-6.9,0,4.15,-0.500
4016,83.10,0.00,2966.2,100.1,0.8,4,7466,0.200,0.000,-0.153,-0.189,0.027,30.8,-6.5,0,4.14,-0.500
4017,83.13,0.00,2966.8,100.2,0.8,4,7482,0.250,0.000,-0.152,-0.191,0.027,30.8,-6.1,0,4.14,-0.500
4018,83.15,0.00,2967.4,100.2,0.8,4,7501,0.300,0.000,-0.153,-0.193,0.026,30.7,-5.7,0,4.13,-0.500
4019,83.17,0.00,2968.1,100.3,0.7,4,7524,0.350,0.000,-0.157,-0.194,0.025,30.7,-5.3,0,4.13,-0.500
4020,83.19,0.00,2968.7,100.5,0.7,4,7552,0.000,0.002,-0.162,-0.196,0.024,30.6,-4.9,0,4.13,-0.500
4021,83.21,0.00,2969.3,100.4,0.6,4,7436,0.000,0.004,-0.166,-0.198,0.023,30.6,-7.6,0,4.12,-0.500
4022,83.24,0.00,2969.9,100.3,0.6,4,7424,0.050,0.000,-0.167,-0.200,0.022,30.6,-7.6,0,4.12,-0.500
4023,83.26,0.00,2970.6,100.2,0.6,4,7435,0.100,0.000,-0.165,-0.201,0.023,30.6,-7.3,0,4.12,-0.500
4024,83.28,0.00,2971.2,100.1,0.7,4,7447,0.150,0.000,-0.162,-0.203,0.023,30.6,-6.9,0,4.12,-0.500
4025,83.30,0.00,2971.8,100.1,0.7,4,7462,0.200,0.000,-0.160,-0.204,0.023,30.6,-6.5,0,4.12,-0.500
4026,83.32,0.00,2972.4,100.1,0.8,4,7479,0.250,0.000,-0.158,-0.206,0.024,30.7,-6.1,0,4.12,-0.500
4027,83.35,0.00,2973.1,100.2,0.7,4,7497,0.300,0.000,-0.159,-0.208,0.023,30.6,-5.7,0,4.13,-0.500
4028,83.37,0.00,2973.7,100.3,0.7,4,7521,0.350,0.000,-0.161,-0.209,0.023,30.6,-5.3,0,4.14,-0.500
4029,83.39,0.00,2974.3,100.4,0.7,4,7548,0.000,0.004,-0.165,-0.211,0.022,30.6,-4.8,0,4.15,-0.500
4030,83.41,0.00,2974.9,100.3,0.6,4,7430,0.000,0.004,-0.168,-0.212,0.021,30.5,-7.6,0,4.16,-0.500
4031,83.43,0.00,2975.6,100.2,0.6,4,7419,0.050,0.000,-0.169,-0.213,0.021,30.5,-7.6,0,4.17,-0.500
4032,83.46,0.00,2976.2,100.1,0.6,4,7430,0.100,0.000,-0.168,-0.215,0.021,30.5,-7.3,0,4.19,-0.500
4033,83.48,0.00,2976.8,100.0,0.7,4,7442,0.150,0.000,-0.165,-0.216,0.021,30.6,-6.9,0,4.20,-0.500
4034,83.50,0.00,2977.4,100.0,0.7,4,7457,0.200,0.000,-0.163,-0.218,0.022,30.6,-6.5,0,4.23,-0.500
4035,83.52,0.00,2978.1,100.0,0.8,4,7474,0.250,0.000,-0.162,-0.219,0.022,30.6,-6.0,0,4.25,-0.500
4036,83.54,0.00,2978.7,100.1,0.8,4,7492,0.300,0.000,-0.163,-0.221,0.022,30.6,-5.7,0,4.28,-0.500
4037,83.57,0.00,2979.3,100.2,0.7,4,7515,0.350,0.000,-0.166,-0.222,0.021,30.6,-5.3,0,4.31,-0.500
4038,83.59,0.00,2979.9,100.3,0.7,4,7543,0.400,0.000,-0.169,-0.223,0.021,30.6,-4.8,0,4.35,-0.500
4039,83.61,0.00,2980.6,100.5,0.7,4,7574,0.000,0.010,-0.173,-0.225,0.020,30.5,-4.3,0,4.39,-0.500
4040,83.63,0.00,2981.2,100.4,0.6,4,7433,0.000,0.008,-0.176,-0.226,0.020,30.5,-7.5,0,4.43,-0.500
4041,83.65,0.00,2981.8,100.3,0.6,4,7422,0.050,0.000,-0.176,-0.227,0.020,30.5,-7.6,0,4.49,-0.500
4042,83.68,0.00,2982.5,100.2,0.7,4,7434,0.100,0.000,-0.175,-0.229,0.020,30.6,-7.3,0,4.55,-0.500
4043,83.70,0.00,2983.1,100.1,0.7,4,7446,0.150,0.000,-0.172,-0.230,0.021,30.6,-6.9,0,4.62,-0.500
4044,83.72,0.00,2983.7,100.1,0.8,4,7461,0.200,0.000,-0.170,-0.231,0.022,30.7,-6.4,0,4.70,-0.500
4045,83.74,0.00,2984.3,100.1,0.8,4,7476,0.250,0.000,-0.170,-0.233,0.023,30.7,-6.1,0,4.79,-0.500
4046,83.76,0.00,2985.0,100.1,0.8,4,7496,0.300,0.000,-0.172,-0.234,0.023,30.7,-5.6,0,4.89,-0.500
4047,83.79,0.00,2985.6,100.2,0.8,4,7521,0.350,0.000,-0.175,-0.236,0.023,30.7,-5.2,0,4.99,-0.500
4048,83.81,0.00,2986.2,100.3,0.7,4,7549,0.400,0.000,-0.178,-0.237,0.023,30.7,-4.7,0,5.11,-0.500
4049,83.83,0.00,2986.9,100.5,0.7,4,7580,0.450,0.000,-0.181,-0.239,0.023,30.7,-4.2,0,5.24,-0.500
4050,83.85,0.00,2987.5,100.7,0.7,4,7615,0.000,0.006,-0.184,-0.240,0.023,30.7,-3.7,0,5.39,-0.500
4051,83.87,0.00,2988.1,100.6,0.8,4,7452,0.000,0.002,-0.187,-0.242,0.023,30.8,-7.5,0,5.56,-0.500
4052,83.90,0.00,2988.8,100.5,0.8,4,7442,0.050,0.000,-0.190,-0.243,0.024,30.8,-7.7,0,5.76,-0.500
4053,83.92,0.00,2989.4,100.4,0.8,4,7451,0.100,0.000,-0.192,-0.245,0.025,30.9,-7.3,0,5.98,-0.500
4054,83.94,0.00,2990.0,100.3,0.8,4,7462,0.150,0.000,-0.195,-0.247,0.026,30.9,-6.9,0,6.24,-0.500
4055,83.96,0.00,2990.7,100.3,0.8,4,7477,0.200,0.000,-0.198,-0.249,0.027,31.0,-6.4,0,6.53,-0.500
4056,83.98,0.00,2991.3,100.3,0.9,4,7495,0.250,0.000,-0.202,-0.251,0.029,31.1,-5.9,0,6.86,-0.500
4057,84.01,0.00,2991.9,100.3,0.9,4,7517,0.300,0.000,-0.207,-0.253,0.030,31.2,-5.5,0,7.25,-0.500
4058,84.03,0.00,2992.5,100.4,0.9,4,7542,0.350,0.000,-0.212,-0.255,0.032,31.4,-4.9,0,7.71,-0.500
4059,84.05,0.00,2993.2,100.5,1.0,4,7571,0.400,0.000,-0.218,-0.257,0.035,31.6,-4.4,0,8.26,-0.500
4060,84.07,0.00,2993.8,100.6,1.1,4,7603,0.450,0.000,-0.227,-0.260,0.037,31.9,-3.8,0,8.89,-0.500
4061,84.09,0.00,2994.4,100.8,1.2,4,7640,0.500,0.000,-0.240,-0.262,0.040,32.2,-3.2,0,9.64,-0.500
4062,84.12,0.00,2995.1,101.0,1.3,4,7667,0.550,0.000,-0.257,-0.265,0.042,32.5,-2.8,0,10.50,-0.500
4063,84.14,0.00,2995.7,101.3,1.3,4,7708,0.600,0.000,-0.280,-0.268,0.044,32.9,-2.2,0,11.50,-0.500
4064,84.16,0.00,2996.3,101.5,1.3,4,7759,0.650,0.000,-0.308,-0.272,0.046,33.3,-1.4,0,12.66,-0.500
4065,84.18,0.00,2997.0,101.8,1.4,4,7820,0.700,0.000,-0.319,-0.275,0.049,33.9,-0.3,0,13.39,-0.500
4066,84.20,0.00,2997.6,102.2,1.5,4,7888,0.750,0.000,-0.294,-0.279,0.053,34.6,0.8,0,13.24,-0.500
4067,84.23,0.00,2998.3,102.5,1.7,4,7964,0.800,0.000,-0.264,-0.283,0.057,35.4,1.8,0,13.05,-0.500
4068,84.25,0.00,2998.9,102.9,2.0,4,8050,0.850,0.000,-0.231,-0.287,0.062,36.4,3.0,0,12.84,-0.500
4069,84.27,0.00,2999.6,103.4,2.4,4,8139,0.900,0.000,-0.031,-0.291,0.066,37.6,4.2,0,5.26,-0.500
4070,84.29,0.00,3000.2,104.0,3.0,4,8210,0.950,0.000,0.075,-0.296,0.069,38.6,4.6,0,5.14,-0.500
4071,84.31,0.00,3000.9,104.7,3.3,4,8231,1.000,0.000,0.042,-0.300,0.063,38.8,3.8,0,5.43,-0.500
4072,84.34,0.00,3001.6,105.4,2.8,4,8268,1.000,0.000,-0.013,-0.303,0.053,38.2,3.3,0,5.62,-0.500
4073,84.36,0.00,3002.2,106.1,2.1,4,8295,1.000,0.000,-0.074,-0.305,0.041,37.6,2.7,0,5.81,-0.500
4074,84.38,0.00,3002.9,106.9,1.4,4,8337,1.000,0.000,-0.129,-0.307,0.031,37.2,2.5,0,6.01,-0.500
4075,84.40,0.00,3003.6,107.6,1.0,4,8391,1.000,0.000,-0.172,-0.309,0.023,37.1,2.6,0,6.22,-0.500
4076,84.42,0.00,3004.2,108.3,0.8,4,8456,1.000,0.000,-0.206,-0.311,0.018,37.4,3.0,0,6.49,-0.500
4077,84.45,0.00,3004.9,109.0,0.8,4,8536,1.000,0.000,-0.237,-0.311,0.014,37.9,3.7,0,6.93,-0.500
4078,84.47,0.00,3005.6,109.6,0.9,4,8612,1.000,0.000,-0.268,-0.312,0.013,38.9,4.5,0,7.62,-0.500
4079,84.49,0.00,3006.3,110.3,1.1,4,8668,1.000,0.000,-0.281,-0.312,0.013,40.1,4.7,0,8.02,-0.497
4080,84.51,0.00,3007.0,111.0,1.4,4,8756,0.850,0.000,-0.250,-0.312,0.013,41.7,5.6,0,7.81,-0.457
4081,84.53,0.00,3007.7,111.6,1.8,4,8742,0.900,0.000,-0.209,-0.312,0.015,43.8,4.0,0,7.58,-0.406
4082,84.56,0.00,3008.4,112.2,2.1,4,8840,0.950,0.000,-0.162,-0.312,0.017,46.2,4.9,0,7.32,-0.345
4083,84.58,0.00,3009.2,112.8,2.6,4,8963,0.800,0.000,-0.097,-0.312,0.018,49.1,6.5,0,6.73,-0.273
4084,84.60,0.00,3009.9,113.4,3.1,4,8910,0.850,0.000,0.016,-0.311,0.019,52.1,4.1,0,4.61,-0.197
4085,84.62,0.00,3010.6,114.0,3.5,4,8951,0.900,0.000,0.032,-0.309,0.015,54.3,3.8,0,4.38,-0.142
4086,84.64,0.00,3011.3,114.7,3.3,4,8974,0.950,0.000,-0.010,-0.307,0.005,54.9,3.1,0,4.46,-0.128
4087,84.67,0.00,3012.1,115.4,2.6,4,9013,1.000,0.000,-0.071,-0.304,-0.006,54.7,2.8,0,4.51,-0.131
4088,84.69,0.00,3012.8,116.2,2.0,4,9093,1.000,0.000,-0.125,-0.300,-0.018,54.8,3.5,0,4.50,-0.130
4089,84.71,0.00,3013.5,117.0,1.5,4,9163,1.000,0.000,-0.159,-0.296,-0.027,55.6,3.9,0,4.41,-0.109
4090,84.73,0.00,3014.3,117.7,1.3,4,9243,1.000,0.000,-0.164,-0.291,-0.034,57.6,4.5,0,4.24,-0.060
4091,84.75,0.00,3015.0,118.4,1.3,4,9332,0.850,0.000,-0.143,-0.285,-0.038,60.8,5.2,0,4.01,0.019
4092,84.78,0.00,3015.8,119.1,1.5,4,9290,0.900,0.000,-0.105,-0.279,-0.042,65.0,2.8,0,3.79,0.124
4093,84.80,0.00,3016.5,119.8,1.8,4,9361,0.950,0.000,-0.065,-0.271,-0.047,69.7,3.2,0,3.60,0.243
4094,84.82,0.00,3017.3,120.5,1.9,4,9426,1.000,0.000,-0.039,-0.263,-0.053,74.2,3.3,0,3.47,0.355
4095,84.84,0.00,3018.0,121.3,1.9,4,9519,1.000,0.000,-0.036,-0.254,-0.061,77.8,4.1,0,3.39,0.446
4096,84.86,0.00,3018.8,122.1,1.8,4,9588,1.000,0.000,-0.059,-0.244,-0.071,80.8,4.3,0,3.31,0.500
4097,84.89,0.00,3019.6,122.9,1.6,4,9652,1.000,0.000,-0.104,-0.233,-0.081,84.0,4.3,0,3.05,0.500
4098,84.91,0.00,3020.3,123.7,1.4,4,9715,1.000,0.000,-0.138,-0.221,-0.090,89.1,4.6,0,2.63,0.500
4099,84.93,0.00,3021.1,124.4,1.4,4,9783,1.000,0.000,-0.101,-0.208,-0.083,97.4,4.9,0,2.25,0.500
4100,84.95,0.00,3021.8,125.2,1.6,4,9847,1.000,0.000,-0.301,-0.197,-0.075,108.9,4.9,0,1.97,0.000
4101,84.97,0.00,3022.6,126.0,1.6,4,9870,1.000,0.000,-0.354,-0.186,-0.065,125.6,4.9,0,1.71,0.000
4102,85.00,0.00,3023.4,126.7,1.7,4,9952,0.850,0.000,-0.290,-0.177,-0.054,156.0,6.2,0,1.42,0.000
4103,85.02,0.00,3024.2,127.3,2.1,4,9938,0.900,0.000,-0.215,-0.168,-0.041,200.0,4.5,0,1.01,0.000
4104,85.04,0.00,3024.9,127.9,2.5,4,10051,0.750,0.000,-0.134,-0.162,-0.027,200.0,5.5,0,0.55,0.000
4105,85.06,0.00,3025.7,128.4,3.1,4,10005,0.800,0.000,-0.058,-0.156,-0.014,200.0,2.8,0,0.18,0.000
4106,85.08,0.00,3026.5,128.9,3.5,4,10066,0.850,0.000,0.006,-0.151,-0.003,200.0,3.0,0,-0.16,0.000
4107,85.11,0.00,3027.3,129.5,3.7,4,10135,0.900,0.000,0.049,-0.148,0.004,200.0,3.4,0,-0.39,0.000
4108,85.13,0.00,3028.1,130.2,3.5,4,10194,0.950,0.000,0.065,-0.145,0.007,200.0,3.5,0,-0.47,0.000
4109,85.15,0.00,3028.9,131.0,2.9,4,10254,1.000,0.000,0.060,-0.143,0.006,200.0,3.6,0,-0.44,0.000
4110,85.17,0.00,3029.7,131.8,2.2,4,10319,1.000,0.000,0.041,-0.141,0.003,200.0,3.8,0,-0.34,0.000
4111,85.19,0.00,3030.5,132.6,1.4,4,10327,1.000,0.000,0.019,-0.139,-0.001,200.0,2.5,0,-0.22,0.000
4112,85.22,0.00,3031.3,133.4,0.8,4,10366,1.000,0.000,0.000,-0.138,-0.004,200.0,1.9,0,-0.11,0.000
4113,85.24,0.00,3032.1,134.2,0.3,4,10426,1.000,0.000,-0.011,-0.137,-0.006,200.0,1.9,0,-0.06,0.000
4114,85.26,0.00,3032.9,135.0,0.1,4,10497,1.000,0.000,-0.014,-0.136,-0.006,200.0,2.1,0,-0.04,0.000
4115,85.28,0.00,3033.8,135.8,0.0,4,10572,1.000,0.000,-0.013,-0.135,-0.006,200.0,2.5,0,-0.05,0.000
4116,85.30,0.00,3034.6,136.5,0.0,4,10641,1.000,0.000,-0.009,-0.134,-0.005,200.0,2.7,0,-0.07,0.000
4117,85.33,0.00,3035.4,137.3,0.1,4,10702,1.000,0.000,-0.003,-0.133,-0.004,200.0,2.7,0,-0.09,0.000
4118,85.35,0.00,3036.3,138.1,0.1,4,10758,1.000,0.000,0.001,-0.133,-0.003,200.0,2.6,0,-0.11,0.000
4119,85.37,0.00,3037.1,138.9,0.1,4,10814,1.000,0.000,0.003,-0.132,-0.003,200.0,2.5,0,-0.12,0.000
4120,85.39,0.00,3038.0,139.7,0.1,4,10847,1.000,0.000,0.003,-0.131,-0.003,200.0,1.9,0,-0.13,0.000
4121,85.41,0.00,3038.8,140.5,0.0,4,10892,1.000,0.000,0.003,-0.131,-0.003,200.0,1.5,0,-0.12,0.000
4122,85.44,0.00,3039.7,140.8,0.0,5,9780,1.000,0.000,0.002,-0.131,-0.003,200.0,-10.0,0,-0.11,0.000
4123,85.46,0.00,3040.6,140.6,-0.0,5,9784,1.000,0.000,0.000,-0.130,-0.003,200.0,-10.4,0,-0.11,0.000
4124,85.48,0.00,3041.4,140.5,-0.1,5,9373,1.000,0.000,-0.000,-0.130,-0.004,200.0,-10.2,0,-0.10,0.000
4125,85.50,0.00,3042.3,140.9,-0.1,5,9764,1.000,0.000,-0.001,-0.129,-0.004,200.0,-0.2,0,-0.10,0.000
4126,85.52,0.00,3043.1,141.5,-0.1,5,9829,1.000,0.000,-0.001,-0.129,-0.004,200.0,0.5,0,-0.10,0.000
4127,85.55,0.00,3044.0,142.2,-0.1,5,9866,1.000,0.000,-0.001,-0.128,-0.004,200.0,0.3,0,-0.10,0.000
4128,85.57,0.00,3044.9,142.9,-0.1,5,9900,1.000,0.000,-0.000,-0.128,-0.003,200.0,-0.0,0,-0.10,0.000
4129,85.59,0.00,3045.8,143.6,-0.1,5,9926,1.000,0.000,0.000,-0.127,-0.003,200.0,-0.6,0,-0.10,0.000
4130,85.61,0.00,3046.6,144.3,-0.1,5,9964,1.000,0.000,0.000,-0.127,-0.003,200.0,-0.8,0,-0.10,0.000
4131,85.63,0.00,3047.5,144.9,-0.1,5,10014,1.000,0.000,0.001,-0.127,-0.003,200.0,-0.7,0,-0.11,0.000
4132,85.66,0.00,3048.4,145.6,-0.1,5,10072,1.000,0.000,0.000,-0.126,-0.003,200.0,-0.4,0,-0.10,0.000
4133,85.68,0.00,3049.3,146.2,-0.1,5,10126,1.000,0.000,0.000,-0.126,-0.003,200.0,-0.2,0,-0.10,0.000
4134,85.70,0.00,3050.2,146.9,-0.1,5,10175,1.000,0.000,0.000,-0.125,-0.003,200.0,-0.1,0,-0.10,0.000
4135,85.72,0.00,3051.1,147.6,-0.1,5,10218,1.000,0.000,0.000,-0.125,-0.003,200.0,-0.2,0,-0.10,0.000
4136,85.74,0.00,3052.0,148.2,-0.1,5,10260,1.000,0.000,0.000,-0.125,-0.003,200.0,-0.3,0,-0.10,0.000
4137,85.77,0.00,3052.9,148.9,-0.1,5,10302,1.000,0.000,0.000,-0.124,-0.003,200.0,-0.4,0,-0.10,0.000
4138,85.79,0.00,3053.8,149.6,-0.1,5,10331,1.000,0.000,0.000,-0.124,-0.003,200.0,-0.9,0,-0.11,0.000
4139,85.81,0.00,3054.7,150.2,-0.1,5,10372,1.000,0.000,0.000,-0.123,-0.003,200.0,-1.1,0,-0.11,0.000
4140,85.83,0.00,3055.7,150.9,-0.1,5,10418,1.000,0.000,0.000,-0.123,-0.003,200.0,-1.0,0,-0.11,0.000
4141,85.85,0.00,3056.6,151.5,-0.1,5,10468,1.000,0.000,0.001,-0.122,-0.003,200.0,-0.9,0,-0.11,0.000
4142,85.88,0.00,3057.5,152.2,-0.1,5,10518,1.000,0.000,0.000,-0.122,-0.003,200.0,-0.8,0,-0.11,0.000
4143,85.90,0.00,3058.4,152.8,-0.1,5,10564,1.000,0.000,0.000,-0.122,-0.003,200.0,-0.8,0,-0.11,0.000
4144,85.92,0.00,3059.4,153.5,-0.1,5,10607,1.000,0.000,0.000,-0.121,-0.003,200.0,-0.8,0,-0.11,0.000
4145,85.94,0.00,3060.3,154.1,-0.1,5,10649,1.000,0.000,0.000,-0.121,-0.003,200.0,-0.9,0,-0.11,0.000
4146,85.96,0.00,3061.2,154.8,-0.1,5,10684,1.000,0.000,0.000,-0.120,-0.003,200.0,-1.1,0,-0.12,0.000
4147,85.99,0.00,3062.2,155.4,-0.1,5,10721,1.000,0.000,0.000,-0.120,-0.003,200.0,-1.4,0,-0.12,0.000
4148,86.01,0.00,3063.2,156.1,-0.1,5,10764,1.000,0.000,0.001,-0.119,-0.003,200.0,-1.4,0,-0.12,0.000
4149,86.03,0.00,3064.1,156.7,-0.1,5,10811,1.000,0.000,0.001,-0.119,-0.003,200.0,-1.4,0,-0.12,0.000
4150,86.05,0.00,3065.1,157.4,-0.1,5,10859,1.000,0.000,0.000,-0.119,-0.003,200.0,-1.3,0,-0.13,0.000
4151,86.07,0.00,3066.0,158.0,-0.1,5,10904,1.000,0.000,0.000,-0.118,-0.003,200.0,-1.3,0,-0.13,0.000
4152,86.10,0.00,3067.0,158.6,-0.1,5,10947,1.000,0.000,0.000,-0.118,-0.003,199.9,-1.3,0,-0.13,0.000
4153,86.12,0.00,3068.0,159.3,-0.1,5,10989,1.000,0.000,0.000,-0.117,-0.003,198.9,-1.4,0,-0.13,0.000
4154,86.14,0.00,3068.9,159.9,-0.1,5,11027,1.000,0.000,0.000,-0.117,-0.003,198.0,-1.5,0,-0.14,0.000
4155,86.16,0.00,3069.9,160.6,-0.1,5,11062,1.000,0.000,0.000,-0.116,-0.003,197.0,-1.8,0,-0.14,0.000
4156,86.18,0.00,3070.9,161.2,-0.1,5,11104,1.000,0.000,0.000,-0.116,-0.003,196.0,-1.8,0,-0.14,0.000
4157,86.21,0.00,3071.9,161.8,-0.1,5,11149,1.000,0.000,0.000,-0.115,-0.003,195.0,-1.8,0,-0.14,0.000
4158,86.23,0.00,3072.9,162.5,-0.1,5,11195,1.000,0.000,0.000,-0.115,-0.003,194.0,-1.8,0,-0.14,0.000
4159,86.25,0.00,3073.9,163.1,-0.1,5,11239,1.000,0.000,0.000,-0.114,-0.003,193.0,-1.7,0,-0.14,0.000
4160,86.27,0.00,3074.9,163.7,-0.1,5,11282,1.000,0.000,0.000,-0.114,-0.003,192.0,-1.8,0,-0.14,0.000
4161,86.29,0.00,3075.9,164.3,-0.1,5,11323,1.000,0.000,0.000,-0.113,-0.003,190.9,-1.8,0,-0.14,0.000
4162,86.32,0.00,3076.9,165.0,-0.1,5,11360,1.000,0.000,0.000,-0.113,-0.003,189.9,-2.0,0,-0.14,0.000
4163,86.34,0.00,3077.9,165.6,-0.1,5,11397,1.000,0.000,0.000,-0.112,-0.003,188.9,-2.2,0,-0.14,0.000
4164,86.36,0.00,3078.9,166.2,-0.1,5,11438,1.000,0.000,0.000,-0.112,-0.003,187.9,-2.2,0,-0.14,0.000
4165,86.38,0.00,3079.9,166.8,-0.1,5,11481,1.000,0.000,0.000,-0.111,-0.003,186.8,-2.2,0,-0.14,0.000
4166,86.40,0.00,3081.0,167.4,-0.1,5,11525,1.000,0.000,0.000,-0.111,-0.003,185.8,-2.2,0,-0.14,0.000
4167,86.43,0.00,3082.0,168.1,-0.1,5,11568,1.000,0.000,0.000,-0.110,-0.003,184.8,-2.2,0,-0.14,0.000
4168,86.45,0.00,3083.0,168.7,-0.1,5,11610,1.000,0.000,0.000,-0.110,-0.003,183.7,-2.2,0,-0.14,0.000
4169,86.47,0.00,3084.0,169.3,-0.0,5,11650,1.000,0.000,0.000,-0.109,-0.003,182.7,-2.3,0,-0.14,0.000
4170,86.49,0.00,3085.1,169.9,-0.0,5,11686,1.000,0.000,0.000,-0.109,-0.003,181.6,-2.5,0,-0.14,0.000
4171,86.51,0.00,3086.1,170.5,-0.0,5,11724,1.000,0.000,0.000,-0.108,-0.003,180.6,-2.6,0,-0.14,0.000
4172,86.54,0.00,3087.2,170.7,-0.0,6,10741,1.000,0.000,0.000,-0.108,-0.003,179.5,-12.2,0,-0.14,0.000
4173,86.56,0.00,3088.2,170.5,-0.0,6,10739,1.000,0.000,0.000,-0.107,-0.003,178.5,-12.6,0,-0.14,0.000
4174,86.58,0.00,3089.2,170.3,-0.0,6,10408,1.000,0.000,0.000,-0.107,-0.003,177.4,-12.6,0,-0.14,0.000
4175,86.60,0.00,3090.3,170.5,-0.0,6,10717,1.000,0.000,0.000,-0.106,-0.003,176.4,-3.8,0,-0.14,0.000
4176,86.62,0.00,3091.3,171.1,-0.0,6,10760,1.000,0.000,0.000,-0.106,-0.003,175.3,-3.3,0,-0.14,0.000
4177,86.65,0.00,3092.4,171.6,-0.0,6,10786,1.000,0.000,0.000,-0.105,-0.003,174.3,-3.5,0,-0.14,0.000
4178,86.67,0.00,3093.4,172.1,-0.0,6,10811,1.000,0.000,0.000,-0.105,-0.003,173.2,-3.8,0,-0.14,0.000
4179,86.69,0.00,3094.5,172.7,-0.0,6,10841,1.000,0.000,0.000,-0.104,-0.003,172.1,-3.9,0,-0.14,0.000
4180,86.71,0.00,3095.5,173.2,-0.0,6,10874,1.000,0.000,0.000,-0.104,-0.003,171.1,-3.9,0,-0.14,0.000
4181,86.73,0.00,3096.6,173.7,-0.0,6,10910,1.000,0.000,0.000,-0.103,-0.003,170.0,-3.9,0,-0.14,0.000
4182,86.76,0.00,3097.7,174.3,-0.0,6,10946,1.000,0.000,0.000,-0.103,-0.003,168.9,-3.8,0,-0.14,0.000
4183,86.78,0.00,3098.7,174.8,-0.0,6,10980,1.000,0.000,0.000,-0.102,-0.003,167.9,-3.8,0,-0.14,0.000
4184,86.80,0.00,3099.8,175.3,-0.0,6,11012,1.000,0.000,0.000,-0.102,-0.003,166.8,-3.8,0,-0.14,0.000
4185,86.82,0.00,3100.9,175.9,-0.0,6,11043,1.000,0.000,0.000,-0.101,-0.003,165.7,-3.9,0,-0.14,0.000
4186,86.84,0.00,3101.9,176.4,-0.0,6,11075,1.000,0.000,0.000,-0.101,-0.003,164.6,-4.0,0,-0.14,0.000
4187,86.87,0.00,3103.0,176.9,-0.0,6,11106,1.000,0.000,0.000,-0.100,-0.003,163.5,-4.0,0,-0.14,0.000
4188,86.89,0.00,3104.1,177.4,-0.0,6,11137,1.000,0.000,0.000,-0.100,-0.003,162.4,-4.1,0,-0.14,0.000
4189,86.91,0.00,3105.2,178.0,-0.0,6,11169,1.000,0.000,0.000,-0.099,-0.003,161.3,-4.2,0,-0.14,0.000
4190,86.93,0.00,3106.3,178.5,-0.0,6,11200,1.000,0.000,0.000,-0.098,-0.003,160.2,-4.2,0,-0.14,0.000
4191,86.95,0.00,3107.4,179.0,-0.0,6,11232,1.000,0.000,0.000,-0.098,-0.003,159.1,-4.2,0,-0.14,0.000
4192,86.98,0.00,3108.5,179.5,-0.0,6,11264,1.000,0.000,0.002,-0.097,-0.003,158.0,-4.3,0,-0.21,0.000
4193,87.00,0.00,3109.6,180.0,-0.0,6,11296,1.000,0.000,0.002,-0.097,-0.003,156.9,-4.3,0,-0.20,0.000
4194,87.02,0.00,3110.7,180.6,-0.0,6,11327,1.000,0.000,0.001,-0.096,-0.003,155.8,-4.3,0,-0.19,0.000
4195,87.04,0.00,3111.8,181.1,-0.0,6,11358,1.000,0.000,-0.000,-0.096,-0.003,154.7,-4.4,0,-0.19,0.000
4196,87.06,0.00,3112.9,181.6,-0.1,6,11389,1.000,0.000,-0.001,-0.095,-0.004,153.6,-4.4,0,-0.18,0.000
4197,87.09,0.00,3114.0,182.1,-0.1,6,11420,1.000,0.000,-0.001,-0.095,-0.004,152.5,-4.5,0,-0.18,0.000
4198,87.11,0.00,3115.1,182.6,-0.0,6,11451,1.000,0.000,-0.001,-0.094,-0.003,151.4,-4.5,0,-0.18,0.000
4199,87.13,0.00,3116.2,183.1,-0.0,6,11484,1.000,0.000,-0.001,-0.093,-0.003,150.2,-4.5,0,-0.18,0.000
4200,87.15,0.00,3117.3,183.6,-0.0,6,11515,1.000,0.000,-0.000,-0.093,-0.003,149.1,-4.6,0,-0.18,0.000
4201,87.17,0.00,3118.5,184.1,0.0,6,11545,1.000,0.000,0.000,-0.092,-0.003,147.9,-4.6,0,-0.18,0.000
4202,87.20,0.00,3119.6,184.6,0.0,6,11575,1.000,0.000,0.000,-0.092,-0.003,146.8,-4.7,0,-0.18,0.000
4203,87.22,0.00,3120.7,185.1,0.0,6,11605,1.000,0.000,0.000,-0.091,-0.003,145.7,-4.8,0,-0.18,0.000
4204,87.24,0.00,3121.9,185.6,-0.0,6,11635,1.000,0.000,0.000,-0.090,-0.003,144.5,-4.8,0,-0.18,0.000
4205,87.26,0.00,3123.0,186.1,-0.0,6,11665,1.000,0.000,0.000,-0.090,-0.003,143.4,-4.9,0,-0.18,0.000
4206,87.28,0.00,3124.1,186.6,-0.0,6,11700,1.000,0.000,0.000,-0.089,-0.003,142.2,-4.8,0,-0.18,0.000
4207,87.31,0.00,3125.3,187.1,-0.0,6,11730,1.000,0.000,0.000,-0.089,-0.003,141.1,-4.8,0,-0.18,0.000
4208,87.33,0.00,3126.4,187.6,-0.0,6,11759,1.000,0.000,-0.000,-0.088,-0.003,139.9,-4.9,0,-0.18,0.000
4209,87.35,0.00,3127.6,188.1,-0.0,6,11788,1.000,0.000,-0.000,-0.087,-0.003,138.8,-5.0,0,-0.18,0.000
4210,87.37,0.00,3128.7,188.6,-0.0,6,11816,1.000,0.000,-0.000,-0.087,-0.003,137.6,-5.1,0,-0.18,0.000
4211,87.39,0.00,3129.9,189.1,-0.0,6,11846,1.000,0.000,-0.000,-0.086,-0.003,136.4,-5.1,0,-0.18,0.000
4212,87.42,0.00,3131.0,189.6,-0.0,6,11876,1.000,0.000,-0.000,-0.086,-0.003,135.3,-5.2,0,-0.18,0.000
4213,87.44,0.00,3132.2,190.1,-0.0,6,11912,1.000,0.000,-0.000,-0.085,-0.003,134.1,-5.0,0,-0.18,0.000
4214,87.46,0.00,3133.4,190.6,-0.0,6,11940,1.000,0.000,-0.000,-0.084,-0.003,132.9,-5.1,0,-0.18,0.000
4215,87.48,0.00,3134.5,191.1,-0.0,6,11968,1.000,0.000,-0.001,-0.084,-0.003,131.7,-5.2,0,-0.18,0.000
4216,87.50,0.00,3135.7,191.6,-0.0,6,11996,1.000,0.000,-0.000,-0.083,-0.003,130.6,-5.3,0,-0.18,0.000
4217,87.53,0.00,3136.9,192.1,0.0,6,12024,1.000,0.000,-0.000,-0.083,-0.003,129.4,-5.4,0,-0.18,0.000
4218,87.55,0.00,3138.1,192.6,0.0,6,12053,1.000,0.000,-0.000,-0.082,-0.003,128.2,-5.5,0,-0.18,0.000
4219,87.57,0.00,3139.2,193.0,0.0,6,12086,1.000,0.000,-0.000,-0.081,-0.003,127.0,-5.4,0,-0.18,0.000
4220,87.59,0.00,3140.4,193.5,0.0,6,12120,0.000,0.030,-0.000,-0.081,-0.003,125.8,-5.3,0,-0.18,0.000
4221,87.61,0.00,3141.6,193.4,-0.0,6,11779,0.000,0.069,-0.000,-0.080,-0.003,124.6,-14.4,0,-0.18,0.000
4222,87.64,0.00,3142.8,192.9,-0.0,6,11726,0.000,0.085,-0.001,-0.080,-0.003,123.4,-13.8,0,-0.17,0.000
4223,87.66,0.00,3143.9,192.2,-0.0,6,11682,0.000,0.098,-0.002,-0.079,-0.003,122.2,-13.5,0,-0.17,0.000
4224,87.68,0.00,3145.1,191.6,-0.0,6,11636,0.000,0.109,-0.002,-0.078,-0.003,121.1,-13.2,0,-0.17,0.000
4225,87.70,0.00,3146.3,190.9,-0.0,6,11590,0.000,0.119,-0.001,-0.078,-0.003,119.9,-12.9,0,-0.17,0.000
4226,87.72,0.00,3147.4,190.1,-0.0,6,11540,0.000,0.127,-0.001,-0.077,-0.003,118.7,-12.7,0,-0.17,0.000
4227,87.75,0.00,3148.6,189.4,-0.0,6,11492,0.000,0.134,-0.001,-0.077,-0.003,117.5,-12.5,0,-0.17,0.000
4228,87.77,0.00,3149.8,188.6,-0.0,6,11443,0.000,0.140,-0.001,-0.076,-0.003,116.4,-12.2,0,-0.17,0.000
4229,87.79,0.00,3150.9,187.8,-0.0,6,11393,0.000,0.145,-0.001,-0.075,-0.003,115.2,-12.0,0,-0.17,0.000
4230,87.81,0.00,3152.1,187.0,-0.0,6,11342,0.000,0.149,-0.001,-0.075,-0.003,114.0,-11.8,0,-0.17,0.000
4231,87.83,0.00,3153.2,186.2,-0.0,6,11290,0.000,0.152,-0.002,-0.074,-0.003,112.9,-11.6,0,-0.17,0.000
4232,87.86,0.00,3154.3,185.3,-0.0,6,11239,0.000,0.156,-0.002,-0.074,-0.003,111.7,-11.4,0,-0.17,0.000
4233,87.88,0.00,3155.5,184.5,-0.0,6,11186,0.000,0.159,-0.001,-0.073,-0.003,110.6,-11.3,0,-0.18,0.000
4234,87.90,0.00,3156.6,183.7,-0.0,6,11133,0.000,0.162,-0.001,-0.073,-0.003,109.5,-11.1,0,-0.18,0.000
4235,87.92,0.00,3157.7,182.8,-0.0,6,11080,0.000,0.164,-0.001,-0.072,-0.003,108.3,-11.0,0,-0.18,0.000
4236,87.94,0.00,3158.8,182.0,-0.0,6,11027,0.000,0.166,-0.001,-0.072,-0.003,107.2,-10.9,0,-0.18,0.000
4237,87.97,0.00,3159.9,181.1,-0.0,6,10974,0.000,0.168,-0.001,-0.071,-0.003,106.1,-10.8,0,-0.18,0.000
4238,87.99,0.00,3161.0,180.2,-0.0,6,10921,0.000,0.169,0.004,-0.071,-0.003,105.0,-10.7,0,-0.31,0.000
4239,88.01,0.00,3162.1,179.4,-0.0,6,10868,0.000,0.170,0.002,-0.070,-0.003,103.9,-10.6,0,-0.30,0.000
4240,88.03,0.00,3163.2,178.5,-0.1,6,10815,0.000,0.170,0.000,-0.069,-0.004,102.8,-10.5,0,-0.29,0.000
4241,88.05,0.00,3164.3,177.6,-0.1,6,10762,0.000,0.170,-0.002,-0.069,-0.004,101.7,-10.4,0,-0.28,0.000
4242,88.08,0.00,3165.4,176.8,-0.1,6,10710,0.000,0.172,-0.003,-0.068,-0.004,100.7,-10.4,0,-0.28,0.000
4243,88.10,0.00,3166.5,175.9,-0.1,6,10657,0.000,0.174,-0.002,-0.068,-0.004,99.6,-10.3,0,-0.28,0.000
4244,88.12,0.00,3167.6,175.1,-0.1,6,10604,0.000,0.176,-0.002,-0.067,-0.004,98.5,-10.1,0,-0.27,0.000
4245,88.14,0.00,3168.6,174.2,-0.0,6,10550,0.000,0.178,-0.001,-0.066,-0.004,97.4,-10.0,0,-0.27,0.000
4246,88.16,0.00,3169.7,173.3,-0.0,6,10496,0.000,0.180,-0.001,-0.066,-0.004,96.3,-9.9,0,-0.27,0.000
4247,88.19,0.00,3170.7,172.4,-0.0,6,10442,0.000,0.181,-0.001,-0.065,-0.004,95.2,-9.8,0,-0.27,0.000
4248,88.21,0.00,3171.8,171.6,-0.0,6,10389,0.000,0.182,-0.001,-0.064,-0.004,94.2,-9.7,0,-0.27,0.000
4249,88.23,0.00,3172.8,170.7,-0.0,6,10335,0.000,0.183,-0.001,-0.064,-0.004,93.1,-9.6,0,-0.27,0.000
4250,88.25,0.00,3173.9,169.8,-0.0,6,10281,0.000,0.185,-0.001,-0.063,-0.004,92.1,-9.5,0,-0.27,0.000
4251,88.27,0.00,3174.9,168.9,-0.0,6,10227,0.000,0.186,-0.001,-0.063,-0.004,91.0,-9.4,0,-0.27,0.000
4252,88.30,0.00,3175.9,168.1,-0.0,6,10173,0.000,0.187,-0.002,-0.062,-0.004,90.0,-9.3,0,-0.27,0.000
4253,88.32,0.00,3177.0,167.2,-0.0,6,10119,0.000,0.188,-0.001,-0.062,-0.004,88.9,-9.2,0,-0.27,0.000
4254,88.34,0.00,3178.0,166.3,-0.0,6,10066,0.000,0.189,-0.001,-0.061,-0.004,87.9,-9.1,0,-0.27,0.000
4255,88.36,0.00,3179.0,165.4,-0.0,6,10012,0.000,0.190,-0.001,-0.060,-0.003,86.9,-9.1,0,-0.27,0.000
4256,88.38,0.00,3180.0,164.5,-0.0,6,9958,0.000,0.191,-0.001,-0.060,-0.003,85.9,-9.0,0,-0.27,0.000
4257,88.41,0.00,3181.0,163.7,-0.0,6,9904,0.000,0.192,-0.001,-0.059,-0.003,84.9,-8.9,0,-0.27,0.000
4258,88.43,0.00,3182.0,162.8,-0.0,6,9850,0.000,0.193,-0.001,-0.059,-0.003,83.9,-8.8,0,-0.26,0.000
4259,88.45,0.00,3183.0,161.9,-0.0,6,9796,0.000,0.194,-0.002,-0.058,-0.003,82.8,-8.7,0,-0.26,0.000
4260,88.47,0.00,3184.0,161.0,-0.0,6,9742,0.000,0.195,-0.001,-0.058,-0.003,81.8,-8.6,0,-0.26,0.000
4261,88.49,0.00,3185.0,160.1,-0.0,6,9688,0.000,0.196,-0.001,-0.057,-0.003,80.9,-8.5,0,-0.26,0.000
4262,88.52,0.00,3185.9,159.2,-0.0,6,9634,0.000,0.197,-0.001,-0.057,-0.003,79.9,-8.4,0,-0.26,0.000
4263,88.54,0.00,3186.9,158.4,-0.0,5,10472,0.000,0.200,-0.001,-0.056,-0.003,78.9,-7.5,0,-0.26,0.000
4264,88.56,0.00,3187.9,157.6,-0.0,5,10438,0.000,0.204,-0.001,-0.056,-0.003,77.9,-7.3,0,-0.26,0.000
4265,88.58,0.00,3188.8,156.7,0.0,5,10331,0.000,0.207,-0.000,-0.055,-0.003,76.9,-8.1,0,-0.27,0.000
4266,88.60,0.00,3189.8,155.8,0.0,5,10266,0.000,0.206,0.000,-0.054,-0.003,76.0,-8.1,0,-0.27,0.000
4267,88.63,0.00,3190.7,154.9,0.0,5,10204,0.000,0.206,0.001,-0.054,-0.003,75.0,-8.2,0,-0.27,0.000
4268,88.65,0.00,3191.7,153.9,0.0,5,10143,0.000,0.205,0.001,-0.054,-0.003,74.0,-8.1,0,-0.27,0.000
4269,88.67,0.00,3192.6,153.0,0.0,5,10082,0.000,0.205,0.002,-0.053,-0.003,73.1,-8.1,0,-0.27,0.000
4270,88.69,0.00,3193.6,152.1,0.0,5,10023,0.000,0.204,0.002,-0.053,-0.003,72.1,-8.0,0,-0.27,0.000
4271,88.71,0.00,3194.5,151.2,0.0,5,9963,0.000,0.204,0.001,-0.052,-0.003,71.2,-8.0,0,-0.27,0.000
4272,88.74,0.00,3195.4,150.3,0.0,5,9903,0.000,0.204,0.001,-0.052,-0.003,70.3,-7.9,0,-0.27,0.000
4273,88.76,0.00,3196.3,149.4,0.0,5,9844,0.000,0.204,0.001,-0.051,-0.003,69.3,-7.8,0,-0.27,0.000
4274,88.78,0.00,3197.2,148.5,0.0,5,9784,0.000,0.204,0.001,-0.051,-0.003,68.4,-7.7,0,-0.27,0.000
4275,88.80,0.00,3198.1,147.6,0.0,5,9725,0.000,0.205,0.001,-0.050,-0.003,67.5,-7.7,0,-0.27,0.000
4276,88.82,0.00,3199.0,146.7,0.0,5,9665,0.000,0.205,0.001,-0.050,-0.003,66.6,-7.6,0,-0.27,0.000
4277,88.85,0.00,3199.9,145.8,0.0,5,9606,0.000,0.206,0.012,-0.049,-0.003,65.7,-7.5,0,-0.59,0.000
4278,88.87,0.00,3200.8,144.9,0.1,5,9548,0.000,0.205,0.010,-0.049,-0.003,64.8,-7.4,0,-0.58,0.000
4279,88.89,0.00,3201.7,144.1,0.0,5,9490,0.000,0.204,0.006,-0.048,-0.004,64.0,-7.3,0,-0.56,0.000
4280,88.91,0.00,3202.6,143.2,-0.0,5,9431,0.000,0.202,0.002,-0.048,-0.005,63.2,-7.3,0,-0.55,0.000
4281,88.93,0.00,3203.4,142.3,-0.1,5,9374,0.000,0.202,-0.000,-0.047,-0.005,62.3,-7.3,0,-0.54,0.000
4282,88.96,0.00,3204.3,141.4,-0.1,5,9317,0.000,0.204,-0.001,-0.046,-0.005,61.4,-7.2,0,-0.53,0.000
4283,88.98,0.00,3205.2,140.6,-0.1,5,9259,0.000,0.206,-0.002,-0.046,-0.005,60.6,-7.1,0,-0.53,0.000
4284,89.00,0.00,3206.0,139.7,-0.0,5,9201,0.000,0.208,-0.001,-0.045,-0.005,59.7,-7.0,0,-0.53,0.000
4285,89.02,0.00,3206.9,138.8,-0.0,5,9142,0.000,0.210,-0.000,-0.044,-0.005,58.8,-6.9,0,-0.53,0.000
4286,89.04,0.00,3207.7,137.9,0.0,5,9084,0.000,0.212,0.000,-0.044,-0.005,58.0,-6.8,0,-0.53,0.000
4287,89.07,0.00,3208.6,137.1,0.0,5,9026,0.000,0.214,0.001,-0.043,-0.005,57.1,-6.6,0,-0.52,0.000
4288,89.09,0.00,3209.4,136.2,0.0,5,8966,0.000,0.215,0.001,-0.042,-0.004,56.3,-6.5,0,-0.52,0.000
4289,89.11,0.00,3210.2,135.3,0.0,5,8907,0.000,0.217,0.001,-0.042,-0.004,55.4,-6.4,0,-0.52,0.000
4290,89.13,0.00,3211.1,134.4,0.0,5,8847,0.000,0.218,0.001,-0.041,-0.004,54.6,-6.3,0,-0.52,0.000
4291,89.15,0.00,3211.9,133.5,0.0,5,8788,0.000,0.219,0.001,-0.041,-0.004,53.8,-6.2,0,-0.52,0.000
4292,89.18,0.00,3212.7,132.6,0.0,5,8729,0.000,0.220,0.001,-0.040,-0.004,52.9,-6.1,0,-0.51,0.000
4293,89.20,0.00,3213.5,131.7,0.0,5,8670,0.000,0.221,0.001,-0.039,-0.004,52.1,-6.1,0,-0.51,0.000
4294,89.22,0.00,3214.3,130.8,0.0,5,8611,0.000,0.222,0.000,-0.039,-0.004,51.3,-6.0,0,-0.51,0.000
4295,89.24,0.00,3215.1,129.9,0.0,5,8552,0.000,0.223,0.000,-0.038,-0.004,50.5,-5.9,0,-0.51,0.000
4296,89.26,0.00,3215.9,129.1,0.0,4,9486,0.000,0.225,0.001,-0.037,-0.004,49.7,-5.2,0,-0.51,0.000
4297,89.29,0.00,3216.7,128.2,0.0,4,9458,0.000,0.228,0.000,-0.037,-0.004,48.9,-5.0,0,-0.50,0.000
4298,89.31,0.00,3217.4,127.4,0.0,4,9312,0.000,0.230,0.000,-0.036,-0.004,48.1,-5.8,0,-0.50,0.000
4299,89.33,0.00,3218.2,126.4,-0.0,4,9240,0.000,0.228,-0.000,-0.036,-0.004,47.3,-5.8,0,-0.50,0.000
4300,89.35,0.00,3219.0,125.5,-0.0,4,9172,0.000,0.227,-0.001,-0.035,-0.005,46.6,-5.8,0,-0.50,0.000
4301,89.37,0.00,3219.8,124.6,-0.0,4,9104,0.000,0.226,-0.002,-0.035,-0.005,45.8,-5.8,0,-0.49,0.000
4302,89.40,0.00,3220.5,123.6,-0.0,4,9038,0.000,0.226,-0.002,-0.034,-0.005,45.0,-5.7,0,-0.49,0.000
4303,89.42,0.00,3221.3,122.7,-0.0,4,8971,0.000,0.226,-0.001,-0.033,-0.005,44.3,-5.9,0,-0.50,0.000
4304,89.44,0.00,3222.0,121.8,-0.0,4,8905,0.000,0.226,0.024,-0.033,-0.005,43.5,-5.8,0,-1.23,0.000
4305,89.46,0.00,3222.8,120.9,0.0,4,8839,0.000,0.224,0.020,-0.032,-0.005,42.8,-5.6,0,-1.21,0.000
4306,89.48,0.00,3223.5,120.0,-0.0,4,8775,0.000,0.221,0.013,-0.032,-0.007,42.1,-5.6,0,-1.19,0.000
4307,89.51,0.00,3224.2,119.1,-0.1,4,8716,0.000,0.218,0.005,-0.031,-0.008,41.5,-5.4,0,-1.18,0.000
4308,89.53,0.00,3224.9,118.2,-0.2,4,8653,0.000,0.216,-0.001,-0.030,-0.009,40.8,-5.3,0,-1.16,0.000
4309,89.55,0.00,3225.7,117.4,-0.2,4,8589,0.000,0.217,-0.004,-0.029,-0.010,40.1,-5.3,0,-1.15,0.000
4310,89.57,0.00,3226.4,116.5,-0.2,4,8524,0.000,0.220,-0.005,-0.028,-0.010,39.4,-5.2,0,-1.15,0.000
4311,89.59,0.00,3227.1,115.7,-0.1,4,8458,0.000,0.223,-0.005,-0.027,-0.010,38.6,-5.1,0,-1.14,0.000
4312,89.62,0.00,3227.8,114.8,-0.1,4,8392,0.000,0.225,-0.004,-0.026,-0.010,37.9,-5.2,0,-1.14,0.000
4313,89.64,0.00,3228.5,113.9,-0.1,4,8327,0.000,0.228,-0.003,-0.025,-0.009,37.2,-5.1,0,-1.13,0.000
4314,89.66,0.00,3229.2,113.0,-0.0,4,8262,0.000,0.230,-0.002,-0.024,-0.009,36.5,-5.0,0,-1.13,0.000
4315,89.68,0.00,3229.9,112.1,-0.0,4,8196,0.000,0.232,-0.002,-0.023,-0.009,35.8,-4.8,0,-1.12,0.000
4316,89.70,0.00,3230.6,111.2,-0.0,4,8134,0.000,0.234,-0.002,-0.022,-0.009,35.1,-4.5,0,-1.12,0.000
4317,89.73,0.00,3231.2,110.4,-0.0,4,8068,0.000,0.235,-0.001,-0.021,-0.009,34.4,-4.4,0,-1.12,0.000
4318,89.75,0.00,3231.9,109.5,-0.0,4,8000,0.000,0.237,-0.001,-0.020,-0.009,33.7,-4.3,0,-1.11,0.000
4319,89.77,0.00,3232.6,108.6,-0.0,4,7932,0.000,0.238,-0.001,-0.019,-0.009,33.1,-4.2,0,-1.12,0.000
4320,89.79,0.00,3233.2,107.7,-0.0,4,7865,0.000,0.239,0.000,-0.018,-0.009,32.4,-4.2,0,-1.14,0.000
4321,89.81,0.00,3233.9,106.8,-0.0,4,7799,0.000,0.240,0.200,-0.017,-0.009,31.7,-4.1,0,-2.59,0.500
4322,89.84,0.00,3234.5,105.9,0.3,4,7734,0.000,0.237,0.295,-0.016,-0.011,31.2,-1.5,0,-2.57,0.500
4323,89.86,0.00,3235.2,105.0,0.4,4,7668,0.000,0.217,0.252,-0.014,-0.020,30.8,0.7,0,-2.52,0.500
4324,89.88,0.00,3235.8,104.1,0.0,4,7606,0.000,0.187,0.190,-0.011,-0.032,30.6,-1.2,0,-2.46,0.500
4325,89.90,0.00,3236.4,103.2,-0.4,4,7554,0.000,0.158,0.122,-0.007,-0.045,30.4,-4.0,0,-2.39,0.500
4326,89.92,0.00,3237.1,102.5,-0.9,4,7513,0.000,0.140,0.057,-0.002,-0.058,30.2,-5.6,0,-2.33,0.500
4327,89.95,0.00,3237.7,101.9,-1.3,4,7480,0.000,0.133,0.006,0.003,-0.067,29.8,-5.9,0,-2.29,0.500
4328,89.97,0.00,3238.3,101.4,-1.4,4,7447,0.000,0.138,-0.025,0.009,-0.073,29.4,-5.9,0,-2.26,0.500
4329,89.99,0.00,3238.9,100.8,-1.3,4,7409,0.000,0.152,-0.039,0.015,-0.075,28.8,-5.6,0,-2.24,0.500
4330,90.01,0.00,3239.6,100.2,-1.1,4,7362,0.000,0.170,-0.040,0.021,-0.074,28.2,-5.2,0,-2.24,0.500
4331,90.03,0.00,3240.2,99.6,-0.8,4,7309,0.000,0.189,-0.035,0.028,-0.073,27.5,-4.8,0,-2.24,0.500
4332,90.06,0.00,3240.8,98.9,-0.5,3,8958,0.000,0.206,-0.027,0.035,-0.070,26.8,-3.8,0,-2.24,0.500
4333,90.08,0.00,3241.4,98.2,-0.3,3,8935,0.000,0.222,-0.021,0.041,-0.068,26.1,-3.3,0,-2.24,0.500
4334,90.10,0.00,3242.0,97.4,-0.1,3,8737,0.000,0.232,-0.016,0.048,-0.066,25.5,-3.9,0,-2.23,0.500
4335,90.12,0.00,3242.6,96.5,-0.0,3,8648,0.000,0.237,-0.012,0.054,-0.064,24.8,-4.0,0,-2.23,0.500
4336,90.14,0.00,3243.1,95.6,0.0,3,8564,0.000,0.240,-0.010,0.060,-0.063,24.2,-4.0,0,-2.23,0.500
4337,90.17,0.00,3243.7,94.7,0.1,3,8467,0.000,0.244,-0.009,0.066,-0.062,23.6,-4.3,0,-2.22,0.500
4338,90.19,0.00,3244.3,93.8,0.1,3,8388,0.000,0.246,-0.008,0.072,-0.061,23.0,-4.1,0,-2.22,0.500
4339,90.21,0.00,3244.9,92.9,0.1,3,8311,0.000,0.247,-0.008,0.078,-0.060,22.4,-3.8,0,-2.22,0.500
4340,90.23,0.00,3245.4,92.0,0.1,3,8232,0.000,0.249,-0.008,0.084,-0.060,21.8,-3.6,0,-2.23,0.500
4341,90.25,0.00,3246.0,91.0,0.1,3,8150,0.000,0.250,-0.007,0.089,-0.059,21.2,-3.4,0,-2.24,0.500
4342,90.28,0.00,3246.5,90.1,0.1,3,8069,0.000,0.252,-0.007,0.095,-0.058,20.7,-3.3,0,-2.26,0.500
4343,90.30,0.00,3247.1,89.2,0.1,3,7986,0.000,0.253,-0.007,0.100,-0.058,20.1,-3.0,0,-2.29,0.500
4344,90.32,0.00,3247.6,88.3,0.1,3,7902,0.000,0.255,-0.006,0.106,-0.057,19.5,-2.6,0,-2.32,0.500
4345,90.34,0.00,3248.2,87.3,0.1,3,7817,0.000,0.256,-0.005,0.111,-0.057,19.0,-2.4,0,-2.38,0.500
4346,90.36,0.00,3248.7,86.4,0.1,3,7733,0.000,0.257,0.030,0.116,-0.050,18.4,-2.5,0,-2.46,0.500
4347,90.39,0.00,3249.2,85.5,0.1,3,7649,0.000,0.256,0.160,0.119,-0.023,17.9,-2.5,0,-2.57,0.500
4348,90.41,0.00,3249.8,84.6,0.4,3,7568,0.000,0.252,0.279,0.120,0.001,17.4,-1.2,0,-2.75,0.500
4349,90.43,0.00,3250.3,83.7,0.5,3,7474,0.000,0.241,0.479,0.120,0.020,17.1,0.2,0,-9.66,0.500
4350,90.45,0.00,3250.8,82.8,0.5,3,7397,0.000,0.223,0.679,0.118,0.034,16.8,3.1,0,-9.75,0.500
4351,90.47,0.00,3251.3,81.9,0.4,3,7324,0.000,0.200,0.735,0.115,0.044,16.6,6.3,0,-9.82,0.500
4352,90.50,0.00,3251.9,81.0,0.2,3,7255,0.000,0.172,0.772,0.111,0.051,16.4,7.7,0,-9.87,0.500
4353,90.52,0.00,3252.4,80.2,-0.2,3,7192,0.000,0.142,0.799,0.107,0.056,16.3,7.4,0,-9.93,0.500
4354,90.54,0.00,3252.9,79.4,-0.5,3,7136,0.000,0.113,0.817,0.102,0.059,16.1,6.3,0,-9.98,0.500
4355,90.56,0.00,3253.4,78.7,-0.9,3,7087,0.000,0.086,0.830,0.096,0.060,16.1,4.8,0,-10.03,0.500
4356,90.58,0.00,3253.9,78.0,-1.2,3,7045,0.000,0.061,0.838,0.090,0.061,16.0,3.2,0,-10.08,0.500
4357,90.61,0.00,3254.3,77.5,-1.6,3,7010,0.000,0.038,0.841,0.084,0.060,15.9,1.7,0,-10.12,0.500
4358,90.63,0.00,3254.8,77.0,-2.0,3,6981,0.000,0.017,0.840,0.077,0.059,15.9,0.3,0,-10.17,0.500
4359,90.65,0.00,3255.3,76.5,-2.3,3,6957,0.050,0.000,0.839,0.070,0.058,15.8,-1.1,0,-10.22,0.500
4360,90.67,0.00,3255.8,76.2,-2.7,3,6973,0.100,0.000,0.839,0.063,0.056,15.8,-1.5,0,-10.28,0.500
4361,90.69,0.00,3256.3,75.9,-3.0,3,6986,0.150,0.000,0.838,0.056,0.055,15.7,-1.1,0,-10.35,0.500
4362,90.72,0.00,3256.7,75.6,-3.3,3,7006,0.200,0.000,0.838,0.048,0.053,15.7,-0.3,0,-10.43,0.500
4363,90.74,0.00,3257.2,75.4,-3.6,3,7031,0.250,0.000,0.839,0.041,0.051,15.7,0.7,0,-10.53,0.500
4364,90.76,0.00,3257.7,75.2,-3.9,3,7062,0.300,0.000,0.842,0.033,0.050,15.6,1.8,0,-10.63,0.500
4365,90.78,0.00,3258.1,75.1,-4.2,3,7098,0.350,0.000,0.847,0.025,0.049,15.6,3.0,0,-10.75,0.500
4366,90.80,0.00,3258.6,75.0,-4.4,3,7141,0.400,0.000,0.854,0.017,0.049,15.5,4.3,0,-10.88,0.500
4367,90.83,0.00,3259.0,75.0,-4.5,3,7190,0.250,0.000,0.864,0.008,0.049,15.4,5.6,0,-11.03,0.500
4368,90.85,0.00,3259.5,74.9,-4.7,3,7071,0.300,0.000,0.876,-0.000,0.049,15.3,3.7,0,-11.19,0.500
4369,90.87,0.00,3259.9,74.8,-4.8,3,7078,0.350,0.000,0.891,-0.009,0.050,15.3,4.2,0,-11.37,0.500
4370,90.89,0.00,3260.4,74.7,-4.8,3,7114,0.200,0.000,0.908,-0.018,0.051,15.2,5.3,0,-11.56,0.500
4371,90.91,0.00,3260.8,74.6,-4.8,3,6991,0.250,0.000,0.927,-0.027,0.053,15.0,3.5,0,-11.76,0.500
4372,90.94,0.00,3261.3,74.4,-4.8,3,6994,0.300,0.000,0.948,-0.036,0.054,14.9,4.0,0,-11.98,0.500
4373,90.96,0.00,3261.7,74.2,-4.8,3,7021,0.150,0.000,0.971,-0.045,0.056,14.8,5.1,0,-12.22,0.500
4374,90.98,0.00,3262.2,74.1,-4.7,3,6896,0.200,0.000,0.998,-0.054,0.059,14.7,3.3,0,-12.47,0.500
4375,91.00,0.00,3262.6,73.8,-4.7,3,6894,0.250,0.000,1.000,-0.063,0.061,14.6,3.8,0,-12.75,0.500
4376,91.02,0.00,3263.1,73.6,-4.6,3,6914,0.300,0.000,1.000,-0.073,0.064,14.5,4.7,0,-13.04,0.500
4377,91.05,0.00,3263.5,73.4,-4.5,3,6942,0.150,0.000,1.000,-0.082,0.066,14.4,5.6,0,-13.36,0.500
4378,91.07,0.00,3263.9,73.2,-4.5,3,6818,0.200,0.000,1.000,-0.092,0.069,14.2,3.7,0,-13.71,0.500
4379,91.09,0.00,3264.4,73.0,-4.4,3,6815,0.250,0.000,1.000,-0.102,0.071,14.1,3.9,0,-14.08,0.500
4380,91.11,0.00,3264.8,72.8,-4.3,3,6834,0.300,0.000,1.000,-0.112,0.073,14.0,4.6,0,-14.48,0.500
4381,91.13,0.00,3265.2,72.7,-4.2,3,6860,0.150,0.000,1.000,-0.121,0.075,13.9,5.4,0,-14.93,0.500
4382,91.16,0.00,3265.6,72.5,-4.1,3,6740,0.200,0.000,1.000,-0.131,0.077,13.8,3.4,0,-15.41,0.500
4383,91.18,0.00,3266.1,72.2,-4.0,3,6738,0.250,0.000,1.000,-0.141,0.079,13.7,3.6,0,-15.93,0.500
4384,91.20,0.00,3266.5,72.0,-3.9,3,6755,0.300,0.000,1.000,-0.151,0.081,13.6,4.3,0,-16.50,0.500
4385,91.22,0.00,3266.9,71.9,-3.8,3,6780,0.150,0.000,1.000,-0.161,0.083,13.5,5.0,0,-17.13,0.500
4386,91.24,0.00,3267.3,71.7,-3.7,3,6663,0.200,0.000,1.000,-0.171,0.084,13.3,3.0,0,-17.83,0.500
4387,91.27,0.00,3267.7,71.5,-3.5,3,6662,0.250,0.000,1.000,-0.181,0.086,13.2,3.3,0,-18.60,0.500
4388,91.29,0.00,3268.1,71.3,-3.4,3,6680,0.300,0.000,1.000,-0.191,0.087,13.1,3.9,0,-19.45,0.500
4389,91.31,0.00,3268.5,71.2,-3.3,3,6703,0.350,0.000,1.000,-0.201,0.088,13.0,4.5,0,-20.41,0.500
4390,91.33,0.00,3268.9,71.1,-3.2,3,6731,0.200,0.000,1.000,-0.211,0.089,12.9,5.3,0,-21.48,0.500
4391,91.35,0.00,3269.3,70.9,-3.1,3,6620,0.250,0.000,1.000,-0.220,0.090,12.8,3.3,0,-22.68,0.500
4392,91.38,0.00,3269.7,70.8,-3.0,3,6624,0.300,0.000,1.000,-0.230,0.091,12.7,3.6,0,-24.02,0.500
4393,91.40,0.00,3270.1,70.6,-2.9,3,6645,0.350,0.000,1.000,-0.240,0.092,12.6,4.2,0,-25.52,0.500
4394,91.42,0.00,3270.5,70.6,-2.8,3,6672,0.400,0.000,1.000,-0.249,0.093,12.5,4.8,0,-27.20,0.500
4395,91.44,0.00,3270.9,70.5,-2.8,3,6705,0.250,0.000,1.000,-0.259,0.093,12.5,5.6,0,-29.09,0.500
4396,91.46,0.00,3271.3,70.4,-2.7,3,6600,0.300,0.000,1.000,-0.268,0.093,12.4,3.7,0,-31.18,0.500
4397,91.49,0.00,3271.7,70.3,-2.6,3,6608,0.350,0.000,1.000,-0.278,0.094,12.3,3.9,0,-33.46,0.500
4398,91.51,0.00,3272.1,70.2,-2.5,3,6634,0.400,0.000,1.000,-0.287,0.094,12.2,4.5,0,-35.89,0.500
4399,91.53,0.00,3272.5,70.2,-2.4,3,6666,0.250,0.000,1.000,-0.296,0.094,12.1,5.2,0,-38.40,0.500
4400,91.55,0.00,3272.9,70.1,-2.4,3,6564,0.300,0.000,1.000,-0.306,0.094,12.0,3.3,0,-40.85,0.500
4401,91.57,0.00,3273.3,70.0,-2.3,3,6574,0.350,0.000,1.000,-0.315,0.094,11.9,3.6,0,-42.41,0.500
4402,91.60,0.00,3273.6,69.9,-2.2,3,6600,0.400,0.000,1.000,-0.324,0.094,11.9,4.2,0,-42.44,0.500
4403,91.62,0.00,3274.0,69.8,-2.1,2,8361,0.450,0.000,1.000,-0.333,0.094,11.8,0.6,0,-42.46,0.500
4404,91.64,0.00,3274.4,69.5,-2.0,2,8372,0.500,0.000,1.000,-0.342,0.093,11.7,-0.2,0,-41.08,0.500
4405,91.66,0.00,3274.8,69.2,-2.0,2,8024,0.550,0.000,1.000,-0.350,0.092,11.7,0.3,0,-34.56,0.500
4406,91.68,0.00,3275.2,69.2,-2.0,2,8673,0.400,0.000,1.000,-0.359,0.090,11.6,10.3,0,-28.62,0.500
4407,91.71,0.00,3275.5,69.4,-2.2,2,8611,0.250,0.000,1.000,-0.367,0.086,11.6,9.5,0,-23.85,0.500
4408,91.73,0.00,3275.9,69.5,-2.4,2,8343,0.100,0.000,1.000,-0.375,0.083,11.6,5.3,0,-20.36,0.500
4409,91.75,0.00,3276.3,69.3,-2.4,2,8079,0.150,0.000,1.000,-0.384,0.080,11.6,1.3,0,-17.96,0.500
4410,91.77,0.00,3276.7,69.1,-2.4,2,8092,0.200,0.000,1.000,-0.392,0.077,11.5,1.7,0,-16.31,0.500
4411,91.79,0.00,3277.0,69.0,-2.4,2,8141,0.250,0.000,1.000,-0.400,0.075,11.5,2.7,0,-15.11,0.500
4412,91.82,0.00,3277.4,68.9,-2.3,2,8202,0.300,0.000,1.000,-0.407,0.073,11.4,3.9,0,-14.21,0.500
4413,91.84,0.00,3277.8,68.8,-2.3,2,8276,0.150,0.000,1.000,-0.415,0.071,11.4,5.2,0,-13.53,0.500
4414,91.86,0.00,3278.1,68.7,-2.3,2,8075,0.200,0.000,1.000,-0.422,0.068,11.4,2.3,0,-13.03,0.500
4415,91.88,0.00,3278.5,68.6,-2.3,2,8098,0.250,0.000,1.000,-0.429,0.066,11.4,2.8,0,-12.73,0.500
4416,91.90,0.00,3278.9,68.5,-2.2,2,8155,0.300,0.000,1.000,-0.436,0.063,11.4,3.8,0,-12.60,0.500
4417,91.93,0.00,3279.2,68.5,-2.2,2,8228,0.150,0.000,1.000,-0.443,0.061,11.5,5.1,0,-12.66,0.500
4418,91.95,0.00,3279.6,68.4,-2.2,2,8028,0.200,0.000,1.000,-0.449,0.058,11.6,2.2,0,-12.97,0.500
4419,91.97,0.00,3280.0,68.2,-2.2,2,8052,0.250,0.000,1.000,-0.455,0.055,11.7,2.7,0,-13.58,0.500
4420,91.99,0.00,3280.3,68.1,-2.1,2,8108,0.300,0.000,1.000,-0.461,0.052,11.8,3.7,0,-14.58,0.500
4421,92.01,0.00,3280.7,68.1,-2.1,2,8179,0.350,0.000,1.000,-0.467,0.049,12.0,4.9,0,-16.04,0.500
4422,92.04,0.00,3281.1,68.1,-2.1,2,8265,0.200,0.000,1.000,-0.473,0.046,12.3,6.3,0,-17.82,0.500
4423,92.06,0.00,3281.4,68.1,-2.1,2,8067,0.250,0.000,1.000,-0.478,0.043,12.6,3.3,0,-18.04,0.500
4424,92.08,0.00,3281.8,68.0,-2.1,2,8096,0.300,0.000,1.000,-0.483,0.040,13.0,3.8,0,-17.92,0.500
4425,92.10,0.00,3282.1,68.0,-2.1,2,8163,0.350,0.000,1.000,-0.488,0.038,13.5,4.9,0,-17.71,0.500
4426,92.12,0.00,3282.5,68.1,-2.1,2,8247,0.200,0.000,1.000,-0.493,0.035,14.2,6.2,0,-15.97,0.500
4427,92.15,0.00,3282.8,68.0,-2.0,2,8052,0.250,0.000,1.000,-0.497,0.032,14.9,3.3,0,-13.77,0.500
4428,92.17,0.00,3283.2,68.0,-2.0,2,8083,0.300,0.000,1.000,-0.501,0.029,15.9,3.7,0,-12.21,0.500
4429,92.19,0.00,3283.6,67.9,-1.9,2,8149,0.350,0.000,1.000,-0.505,0.027,17.2,4.8,0,-11.77,0.500
4430,92.21,0.00,3283.9,68.0,-1.9,2,8233,0.200,0.000,1.000,-0.509,0.024,18.8,6.1,0,-11.32,0.500
4431,92.23,0.00,3284.3,68.0,-1.9,2,8040,0.250,0.000,1.000,-0.513,0.021,21.0,3.1,0,-10.37,0.500
4432,92.26,0.00,3284.6,67.9,-1.9,2,8071,0.300,0.000,0.925,-0.516,0.018,24.0,3.6,0,-7.96,0.500
4433,92.28,0.00,3285.0,67.9,-1.8,2,8138,0.350,0.000,0.883,-0.519,0.016,28.3,4.2,0,-7.10,0.500
4434,92.30,0.00,3285.3,67.9,-1.8,2,8221,0.200,0.000,0.833,-0.522,0.013,35.0,5.0,0,-5.99,0.500
4435,92.32,0.00,3285.7,68.0,-1.8,2,8032,0.250,0.000,0.692,-0.525,0.010,46.7,1.7,0,-4.70,0.334
4436,92.34,0.00,3286.1,67.9,-1.8,2,8066,0.300,0.000,0.492,-0.527,0.008,69.7,1.3,0,-3.26,-0.241
4437,92.37,0.00,3286.4,68.0,-1.8,2,8133,0.350,0.000,0.292,-0.530,0.007,135.2,1.1,0,-2.23,-0.500
4438,92.39,0.00,3286.8,68.2,-1.8,2,8213,0.400,0.000,0.133,-0.532,0.007,200.0,0.9,0,-1.37,0.000
4439,92.41,0.00,3287.2,68.6,-1.9,2,8292,0.450,0.000,0.055,-0.534,-0.005,200.0,1.3,0,-0.77,0.000
4440,92.43,0.00,3287.6,69.0,-1.9,2,8357,0.500,0.000,-0.008,-0.535,-0.016,200.0,1.5,0,-0.40,0.000
4441,92.45,0.00,3288.0,69.6,-1.7,2,8413,0.550,0.000,-0.037,-0.536,-0.021,200.0,1.5,0,-0.27,0.000
4442,92.48,0.00,3288.4,70.1,-1.4,2,8561,0.600,0.000,-0.044,-0.536,-0.022,200.0,2.6,0,-0.23,0.000
4443,92.50,0.00,3288.9,70.8,-1.2,2,8724,0.650,0.000,-0.042,-0.536,-0.022,200.0,3.9,0,-0.25,0.000
4444,92.52,0.00,3289.3,71.6,-0.9,2,8900,0.500,0.000,-0.034,-0.535,-0.020,200.0,5.3,0,-0.28,0.000
4445,92.54,0.00,3289.7,72.3,-0.7,2,8705,0.550,0.000,-0.026,-0.534,-0.019,200.0,1.1,0,-0.32,0.000
4446,92.56,0.00,3290.2,72.9,-0.5,2,8793,0.600,0.000,-0.017,-0.534,-0.017,200.0,1.2,0,-0.36,0.000
4447,92.59,0.00,3290.6,73.6,-0.3,2,8949,0.650,0.000,-0.011,-0.533,-0.016,200.0,2.3,0,-0.39,0.000
4448,92.61,0.00,3291.1,74.3,-0.2,2,9149,0.700,0.000,-0.006,-0.532,-0.015,200.0,4.0,0,-0.41,0.000
4449,92.63,0.00,3291.5,75.2,-0.1,2,9409,0.550,0.000,-0.003,-0.531,-0.015,200.0,6.6,0,-0.44,0.000
4450,92.65,0.00,3292.0,76.0,-0.1,2,9258,0.600,0.000,-0.000,-0.530,-0.014,200.0,2.9,0,-0.45,0.000
4451,92.67,0.00,3292.5,76.7,-0.0,2,9380,0.650,0.000,0.001,-0.529,-0.014,200.0,3.3,0,-0.46,0.000
4452,92.70,0.00,3292.9,77.5,-0.0,2,9593,0.500,0.000,0.001,-0.528,-0.014,200.0,5.1,0,-0.46,0.000
4453,92.72,0.00,3293.4,78.2,-0.0,2,9431,0.550,0.000,0.000,-0.527,-0.014,200.0,1.4,0,-0.45,0.000
4454,92.74,0.00,3293.9,78.9,-0.0,2,9549,0.600,0.000,0.000,-0.525,-0.014,200.0,1.8,0,-0.45,0.000
4455,92.76,0.00,3294.4,79.5,-0.0,2,9777,0.650,0.000,-0.000,-0.524,-0.014,200.0,4.0,0,-0.45,0.000
4456,92.78,0.00,3294.9,80.3,-0.0,2,10049,0.500,0.000,-0.000,-0.523,-0.014,200.0,6.9,0,-0.44,0.000
4457,92.81,0.00,3295.4,80.7,-0.0,3,7917,0.550,0.000,-0.001,-0.522,-0.014,200.0,-5.8,0,-0.44,0.000
4458,92.83,0.00,3295.8,80.6,-0.0,3,7930,0.600,0.000,-0.001,-0.521,-0.014,200.0,-6.0,0,-0.44,0.000
4459,92.85,0.00,3296.3,80.6,-0.0,3,7377,0.650,0.000,-0.000,-0.520,-0.014,200.0,-5.5,0,-0.44,0.000
4460,92.87,0.00,3296.8,81.0,-0.0,3,7670,0.700,0.000,-0.000,-0.518,-0.014,200.0,-0.3,0,-0.44,0.000
4461,92.89,0.00,3297.3,81.5,-0.0,3,7758,0.750,0.000,-0.001,-0.517,-0.014,200.0,0.4,0,-0.44,0.000
4462,92.92,0.00,3297.8,82.1,-0.0,3,7847,0.800,0.000,-0.001,-0.516,-0.014,200.0,1.1,0,-0.44,0.000
4463,92.94,0.00,3298.3,82.8,-0.0,3,7946,0.850,0.000,-0.001,-0.515,-0.014,200.0,1.8,0,-0.44,0.000
4464,92.96,0.00,3298.8,83.5,-0.0,3,8064,0.900,0.000,-0.000,-0.514,-0.014,200.0,2.8,0,-0.44,0.000
4465,92.98,0.00,3299.4,84.3,0.0,3,8205,0.950,0.000,-0.000,-0.513,-0.014,200.0,4.2,0,-0.44,0.000
4466,93.00,0.00,3299.9,85.1,0.0,3,8379,0.800,0.000,-0.000,-0.511,-0.014,200.0,6.0,0,-0.43,0.000
4467,93.03,0.00,3300.4,85.9,0.0,3,8324,0.850,0.000,-0.001,-0.510,-0.014,200.0,3.6,0,-0.43,0.000
4468,93.05,0.00,3300.9,86.7,0.0,3,8423,0.900,0.000,-0.001,-0.509,-0.014,200.0,4.0,0,-0.43,0.000
4469,93.07,0.00,3301.5,87.5,0.0,3,8584,0.750,0.000,-0.000,-0.508,-0.014,200.0,5.6,0,-0.43,0.000
4470,93.09,0.00,3302.0,88.3,0.0,3,8513,0.800,0.000,-0.000,-0.506,-0.014,200.0,2.9,0,-0.43,0.000
4471,93.11,0.00,3302.5,89.0,0.0,3,8601,0.850,0.000,-0.001,-0.505,-0.014,200.0,3.2,0,-0.43,0.000
4472,93.14,0.00,3303.1,89.8,0.0,3,8745,0.900,0.000,-0.001,-0.504,-0.014,200.0,4.5,0,-0.43,0.000
4473,93.16,0.00,3303.6,90.6,0.0,3,8924,0.750,0.000,-0.000,-0.503,-0.014,200.0,6.5,0,-0.43,0.000
4474,93.18,0.00,3304.2,91.4,0.0,3,8845,0.800,0.000,-0.000,-0.501,-0.014,200.0,3.6,0,-0.43,0.000
4475,93.20,0.00,3304.8,92.2,0.0,3,8927,0.850,0.000,-0.000,-0.500,-0.014,200.0,3.7,0,-0.42,0.000
4476,93.22,0.00,3305.3,92.9,0.0,3,9075,0.700,0.000,-0.001,-0.499,-0.014,200.0,5.1,0,-0.42,0.000
4477,93.25,0.00,3305.9,93.7,0.0,3,8990,0.750,0.000,-0.001,-0.497,-0.014,200.0,2.1,0,-0.42,0.000
4478,93.27,0.00,3306.5,94.4,-0.0,3,9084,0.800,0.000,-0.001,-0.496,-0.014,200.0,2.5,0,-0.42,0.000
4479,93.29,0.00,3307.1,95.2,-0.0,3,9231,0.850,0.000,-0.001,-0.495,-0.014,200.0,4.0,0,-0.42,0.000
4480,93.31,0.00,3307.6,96.0,0.0,3,9408,0.700,0.000,-0.000,-0.494,-0.013,200.0,6.0,0,-0.42,0.000
4481,93.33,0.00,3308.2,96.8,0.0,3,9318,0.750,0.000,-0.000,-0.492,-0.013,200.0,2.9,0,-0.42,0.000
4482,93.36,0.00,3308.8,97.5,0.0,3,9402,0.800,0.000,-0.001,-0.491,-0.013,200.0,3.1,0,-0.41,0.000
4483,93.38,0.00,3309.4,98.3,0.0,3,9542,0.850,0.000,-0.001,-0.490,-0.013,200.0,4.4,0,-0.41,0.000
4484,93.40,0.00,3310.0,99.1,0.0,3,9704,0.700,0.000,-0.001,-0.488,-0.013,200.0,6.0,0,-0.41,0.000
4485,93.42,0.00,3310.6,99.9,0.0,3,9606,0.750,0.000,-0.000,-0.487,-0.013,200.0,2.7,0,-0.41,0.000
4486,93.44,0.00,3311.2,100.6,0.0,3,9691,0.800,0.000,-0.000,-0.485,-0.013,200.0,3.0,0,-0.41,0.000
4487,93.47,0.00,3311.8,101.4,0.0,3,9830,0.850,0.000,-0.001,-0.484,-0.013,200.0,4.2,0,-0.41,0.000
4488,93.49,0.00,3312.5,102.2,0.0,3,9995,0.700,0.000,-0.001,-0.483,-0.013,200.0,5.9,0,-0.41,0.000
4489,93.51,0.00,3313.1,103.0,0.0,3,9898,0.750,0.000,-0.001,-0.481,-0.013,200.0,2.7,0,-0.40,0.000
4490,93.53,0.00,3313.7,103.7,0.0,3,10012,0.800,0.000,-0.001,-0.480,-0.013,200.0,3.3,0,-0.40,0.000
4491,93.55,0.00,3314.4,104.5,0.0,3,10178,0.650,0.000,-0.000,-0.479,-0.013,200.0,5.3,0,-0.40,0.000
4492,93.58,0.00,3315.0,105.2,0.0,3,10058,0.700,0.000,-0.000,-0.477,-0.013,200.0,1.7,0,-0.40,0.000
4493,93.60,0.00,3315.7,105.9,0.0,3,10125,0.750,0.000,-0.000,-0.476,-0.013,200.0,1.6,0,-0.40,0.000
4494,93.62,0.00,3316.3,106.6,0.0,3,10238,0.800,0.000,-0.001,-0.474,-0.013,200.0,2.5,0,-0.40,0.000
4495,93.64,0.00,3317.0,107.4,0.0,3,10368,0.850,0.000,-0.001,-0.473,-0.013,200.0,3.7,0,-0.40,0.000
4496,93.66,0.00,3317.6,108.2,0.0,3,10515,0.700,0.000,-0.001,-0.472,-0.013,200.0,5.1,0,-0.40,0.000
4497,93.69,0.00,3318.3,108.9,0.0,3,10415,0.750,0.000,-0.000,-0.470,-0.013,200.0,1.8,0,-0.40,0.000
4498,93.71,0.00,3318.9,109.7,0.0,3,10506,0.800,0.000,-0.000,-0.469,-0.013,200.0,2.1,0,-0.40,0.000
4499,93.73,0.00,3319.6,110.4,0.0,3,10645,0.850,0.000,-0.001,-0.467,-0.013,200.0,3.4,0,-0.39,0.000
4500,93.75,0.00,3320.3,110.7,0.0,4,8652,0.900,0.000,-0.000,-0.466,-0.013,200.0,-8.0,0,-0.39,0.000
4501,93.77,0.00,3321.0,110.7,0.0,4,8662,0.950,0.000,-0.000,-0.464,-0.013,200.0,-8.2,0,-0.39,0.000
4502,93.80,0.00,3321.7,110.6,0.0,4,8220,1.000,0.000,-0.000,-0.463,-0.013,200.0,-7.8,0,-0.39,0.000
4503,93.82,0.00,3322.3,111.0,0.0,4,8677,1.000,0.000,-0.001,-0.461,-0.013,200.0,2.5,0,-0.39,0.000
4504,93.84,0.00,3323.0,111.7,0.0,4,8778,1.000,0.000,-0.001,-0.460,-0.013,200.0,3.8,0,-0.39,0.000
4505,93.86,0.00,3323.7,112.5,0.0,4,8825,1.000,0.000,-0.000,-0.459,-0.013,200.0,3.6,0,-0.39,0.000
4506,93.88,0.00,3324.4,113.3,0.0,4,8862,1.000,0.000,-0.000,-0.457,-0.012,200.0,3.1,0,-0.39,0.000
4507,93.91,0.00,3325.1,114.1,0.0,4,8908,1.000,0.000,-0.000,-0.456,-0.012,200.0,2.7,0,-0.38,0.000
4508,93.93,0.00,3325.8,114.9,0.0,4,8967,1.000,0.000,-0.001,-0.454,-0.012,200.0,2.7,0,-0.38,0.000
4509,93.95,0.00,3326.5,115.7,0.0,4,9038,1.000,0.000,-0.001,-0.453,-0.012,200.0,3.0,0,-0.38,0.000
4510,93.97,0.00,3327.2,116.4,0.0,4,9117,1.000,0.000,-0.001,-0.451,-0.012,200.0,3.4,0,-0.38,0.000
4511,93.99,0.00,3327.9,117.2,0.0,4,9193,1.000,0.000,-0.000,-0.450,-0.012,200.0,3.8,0,-0.38,0.000
4512,94.02,0.00,3328.6,118.0,0.0,4,9271,1.000,0.000,-0.000,-0.448,-0.012,200.0,4.2,0,-0.38,0.000
4513,94.04,0.00,3329.3,118.8,0.0,4,9340,1.000,0.000,-0.000,-0.447,-0.012,200.0,4.3,0,-0.38,0.000
4514,94.06,0.00,3330.1,119.6,0.0,4,9404,1.000,0.000,-0.001,-0.445,-0.012,200.0,4.4,0,-0.37,0.000
4515,94.08,0.00,3330.8,120.4,0.0,4,9465,1.000,0.000,-0.001,-0.444,-0.012,200.0,4.3,0,-0.37,0.000
4516,94.10,0.00,3331.6,121.3,0.0,4,9521,1.000,0.000,-0.001,-0.442,-0.012,200.0,4.2,0,-0.37,0.000
4517,94.13,0.00,3332.3,122.1,0.0,4,9577,1.000,0.000,-0.000,-0.441,-0.012,200.0,4.0,0,-0.37,0.000
4518,94.15,0.00,3333.0,122.9,0.0,4,9634,1.000,0.000,-0.000,-0.439,-0.012,200.0,3.8,0,-0.37,0.000
4519,94.17,0.00,3333.8,123.7,0.0,4,9693,1.000,0.000,-0.000,-0.438,-0.012,200.0,3.7,0,-0.37,0.000
4520,94.19,0.00,3334.6,124.5,0.0,4,9753,1.000,0.000,-0.000,-0.436,-0.012,200.0,3.7,0,-0.37,0.000
4521,94.21,0.00,3335.3,125.3,0.0,4,9814,1.000,0.000,-0.001,-0.435,-0.012,200.0,3.6,0,-0.36,0.000
4522,94.24,0.00,3336.1,126.2,0.0,4,9863,1.000,0.000,-0.001,-0.433,-0.012,200.0,3.3,0,-0.36,0.000
4523,94.26,0.00,3336.9,127.0,0.0,4,9920,1.000,0.000,-0.001,-0.432,-0.012,200.0,3.2,0,-0.36,0.000
4524,94.28,0.00,3337.6,127.8,0.0,4,9983,1.000,0.000,-0.000,-0.430,-0.012,200.0,3.2,0,-0.36,0.000
4525,94.30,0.00,3338.4,128.6,0.0,4,10049,1.000,0.000,-0.000,-0.429,-0.012,200.0,3.3,0,-0.36,0.000
4526,94.32,0.00,3339.2,129.4,0.0,4,10114,1.000,0.000,-0.000,-0.427,-0.012,200.0,3.3,0,-0.36,0.000
4527,94.35,0.00,3340.0,130.2,0.0,4,10176,1.000,0.000,-0.001,-0.426,-0.012,200.0,3.3,0,-0.36,0.000
4528,94.37,0.00,3340.8,131.0,0.0,4,10234,1.000,0.000,-0.001,-0.424,-0.012,200.0,3.2,0,-0.35,0.000
4529,94.39,0.00,3341.6,131.8,0.0,4,10290,1.000,0.000,-0.000,-0.422,-0.012,200.0,3.1,0,-0.35,0.000
4530,94.41,0.00,3342.4,132.6,0.0,4,10346,1.000,0.000,-0.000,-0.421,-0.011,200.0,3.0,0,-0.35,0.000
4531,94.43,0.00,3343.2,133.4,0.0,4,10379,1.000,0.000,-0.000,-0.419,-0.011,200.0,2.3,0,-0.35,0.000
4532,94.46,0.00,3344.1,134.2,0.0,4,10425,1.000,0.000,-0.001,-0.418,-0.011,200.0,1.9,0,-0.35,0.000
4533,94.48,0.00,3344.9,135.0,0.0,4,10488,1.000,0.000,-0.001,-0.416,-0.011,200.0,1.9,0,-0.35,0.000
4534,94.50,0.00,3345.7,135.8,0.0,4,10562,1.000,0.000,-0.001,-0.415,-0.011,200.0,2.2,0,-0.35,0.000
4535,94.52,0.00,3346.5,136.6,0.0,4,10635,1.000,0.000,-0.000,-0.413,-0.011,200.0,2.5,0,-0.35,0.000
4536,94.54,0.00,3347.4,137.3,0.0,4,10701,1.000,0.000,-0.000,-0.411,-0.011,200.0,2.6,0,-0.34,0.000
4537,94.57,0.00,3348.2,138.1,0.0,4,10757,1.000,0.000,-0.000,-0.410,-0.011,200.0,2.5,0,-0.34,0.000
4538,94.59,0.00,3349.1,138.9,0.0,4,10812,1.000,0.000,-0.001,-0.408,-0.011,200.0,2.4,0,-0.34,0.000
4539,94.61,0.00,3349.9,139.7,0.0,4,10867,1.000,0.000,-0.001,-0.407,-0.011,200.0,2.3,0,-0.34,0.000
4540,94.63,0.00,3350.8,140.5,0.0,4,10878,1.000,0.000,-0.000,-0.405,-0.011,200.0,1.1,0,-0.34,0.000
4541,94.65,0.00,3351.6,140.8,0.0,5,9765,1.000,0.000,-0.001,-0.404,-0.011,200.0,-10.1,0,-0.34,0.000
4542,94.68,0.00,3352.5,140.7,0.0,5,9769,1.000,0.000,-0.001,-0.402,-0.011,200.0,-10.4,0,-0.33,0.000
4543,94.70,0.00,3353.3,140.5,0.0,5,9375,1.000,0.000,-0.001,-0.400,-0.011,200.0,-10.2,0,-0.33,0.000
4544,94.72,0.00,3354.2,140.9,0.0,5,9765,1.000,0.000,-0.001,-0.399,-0.011,200.0,-0.2,0,-0.33,0.000
4545,94.74,0.00,3355.1,141.5,0.0,5,9832,1.000,0.000,-0.000,-0.397,-0.011,200.0,0.5,0,-0.33,0.000
4546,94.76,0.00,3355.9,142.2,0.0,5,9869,1.000,0.000,-0.000,-0.396,-0.011,200.0,0.3,0,-0.33,0.000
4547,94.79,0.00,3356.8,142.9,0.0,5,9903,1.000,0.000,-0.000,-0.394,-0.011,200.0,-0.0,0,-0.33,0.000
4548,94.81,0.00,3357.7,143.6,0.0,5,9915,1.000,0.000,-0.000,-0.393,-0.011,200.0,-0.9,0,-0.33,0.000
4549,94.83,0.00,3358.6,144.3,0.0,5,9939,1.000,0.000,-0.001,-0.391,-0.011,200.0,-1.6,0,-0.32,0.000
4550,94.85,0.00,3359.4,145.0,0.0,5,9991,1.000,0.000,-0.001,-0.389,-0.011,200.0,-1.5,0,-0.32,0.000
4551,94.87,0.00,3360.3,145.6,0.0,5,10060,1.000,0.000,-0.001,-0.388,-0.011,200.0,-0.9,0,-0.32,0.000
4552,94.90,0.00,3361.2,146.3,0.0,5,10125,1.000,0.000,-0.000,-0.386,-0.011,200.0,-0.3,0,-0.32,0.000
4553,94.92,0.00,3362.1,146.9,0.0,5,10181,1.000,0.000,-0.000,-0.385,-0.010,200.0,-0.1,0,-0.32,0.000
4554,94.94,0.00,3363.0,147.6,0.0,5,10224,1.000,0.000,-0.000,-0.383,-0.010,200.0,-0.2,0,-0.32,0.000
4555,94.96,0.00,3363.9,148.3,0.0,5,10262,1.000,0.000,-0.001,-0.381,-0.010,200.0,-0.4,0,-0.32,0.000
4556,94.98,0.00,3364.8,148.9,0.0,5,10285,1.000,0.000,-0.001,-0.380,-0.010,200.0,-0.8,0,-0.31,0.000
4557,95.01,0.00,3365.7,149.6,0.0,5,10289,1.000,0.000,-0.000,-0.378,-0.010,200.0,-2.2,0,-0.31,0.000
4558,95.03,0.00,3366.7,150.3,0.0,5,10336,1.000,0.000,-0.000,-0.377,-0.010,200.0,-2.1,0,-0.31,0.000
4559,95.05,0.00,3367.6,150.9,0.0,5,10401,1.000,0.000,-0.001,-0.375,-0.010,200.0,-1.6,0,-0.31,0.000
4560,95.07,0.00,3368.5,151.6,0.0,5,10467,1.000,0.000,-0.001,-0.373,-0.010,200.0,-1.0,0,-0.31,0.000
4561,95.09,0.00,3369.4,152.2,0.0,5,10525,1.000,0.000,-0.000,-0.372,-0.010,200.0,-0.7,0,-0.31,0.000
4562,95.12,0.00,3370.4,152.8,0.0,5,10569,1.000,0.000,-0.000,-0.370,-0.010,200.0,-0.7,0,-0.31,0.000
4563,95.14,0.00,3371.3,153.5,0.0,5,10608,1.000,0.000,-0.000,-0.369,-0.010,200.0,-0.9,0,-0.31,0.000
4564,95.16,0.00,3372.2,154.2,0.0,5,10615,1.000,0.000,-0.001,-0.367,-0.010,200.0,-1.7,0,-0.30,0.000
4565,95.18,0.00,3373.2,154.9,0.0,5,10624,1.000,0.000,-0.001,-0.366,-0.010,200.0,-2.9,0,-0.30,0.000
4566,95.20,0.00,3374.1,155.5,0.0,5,10674,1.000,0.000,-0.001,-0.364,-0.010,200.0,-2.8,0,-0.30,0.000
4567,95.23,0.00,3375.1,156.1,0.0,5,10743,1.000,0.000,-0.000,-0.362,-0.010,200.0,-2.1,0,-0.30,0.000
4568,95.25,0.00,3376.0,156.7,0.0,5,10811,1.000,0.000,-0.000,-0.361,-0.010,200.0,-1.4,0,-0.30,0.000
4569,95.27,0.00,3377.0,157.3,0.0,5,10867,1.000,0.000,-0.000,-0.359,-0.010,200.0,-1.1,0,-0.30,0.000
4570,95.29,0.00,3378.0,158.0,0.0,5,10911,1.000,0.000,-0.001,-0.358,-0.010,200.0,-1.1,0,-0.30,0.000
4571,95.31,0.00,3378.9,158.6,0.0,5,10950,1.000,0.000,-0.001,-0.356,-0.010,200.0,-1.2,0,-0.29,0.000
4572,95.34,0.00,3379.9,159.3,0.0,5,10946,1.000,0.000,-0.000,-0.354,-0.010,200.0,-2.5,0,-0.29,0.000
4573,95.36,0.00,3380.9,159.9,0.0,5,10978,1.000,0.000,-0.000,-0.353,-0.010,200.0,-2.9,0,-0.29,0.000
4574,95.38,0.00,3381.9,160.5,0.0,5,11030,1.000,0.000,-0.000,-0.351,-0.010,200.0,-2.6,0,-0.29,0.000
4575,95.40,0.00,3382.8,161.2,0.0,5,11093,1.000,0.000,-0.001,-0.350,-0.010,200.0,-2.1,0,-0.29,0.000
4576,95.42,0.00,3383.8,161.8,0.0,5,11150,1.000,0.000,-0.001,-0.348,-0.010,200.0,-1.7,0,-0.29,0.000
4577,95.45,0.00,3384.8,162.4,0.0,5,11199,1.000,0.000,-0.001,-0.347,-0.009,200.0,-1.5,0,-0.29,0.000
4578,95.47,0.00,3385.8,163.0,0.0,5,11241,1.000,0.000,-0.000,-0.345,-0.009,200.0,-1.6,0,-0.29,0.000
4579,95.49,0.00,3386.8,163.6,0.0,5,11279,1.000,0.000,-0.000,-0.343,-0.009,200.0,-1.7,0,-0.29,0.000
4580,95.51,0.00,3387.8,164.3,0.0,5,11295,1.000,0.000,-0.000,-0.342,-0.009,200.0,-2.4,0,-0.28,0.000
4581,95.53,0.00,3388.8,164.9,0.0,5,11332,1.000,0.000,-0.000,-0.340,-0.009,200.0,-2.6,0,-0.28,0.000
4582,95.56,0.00,3389.8,165.5,0.0,5,11378,1.000,0.000,-0.001,-0.339,-0.009,200.0,-2.5,0,-0.28,0.000
4583,95.58,0.00,3390.8,166.1,0.0,5,11429,1.000,0.000,-0.001,-0.337,-0.009,200.0,-2.3,0,-0.28,0.000
4584,95.60,0.00,3391.9,166.7,0.0,5,11477,1.000,0.000,-0.001,-0.336,-0.009,200.0,-2.1,0,-0.28,0.000
4585,95.62,0.00,3392.9,167.3,0.0,5,11520,1.000,0.000,-0.000,-0.334,-0.009,200.0,-2.1,0,-0.28,0.000
4586,95.64,0.00,3393.9,167.9,0.0,5,11560,1.000,0.000,-0.000,-0.332,-0.009,200.0,-2.2,0,-0.28,0.000
4587,95.67,0.00,3394.9,168.5,0.0,5,11594,1.000,0.000,-0.000,-0.331,-0.009,200.0,-2.4,0,-0.28,0.000
4588,95.69,0.00,3396.0,169.2,0.0,5,11615,1.000,0.000,-0.000,-0.329,-0.009,200.0,-3.0,0,-0.27,0.000
4589,95.71,0.00,3397.0,169.8,0.0,5,11656,1.000,0.000,-0.001,-0.328,-0.009,200.0,-3.0,0,-0.27,0.000
4590,95.73,0.00,3398.0,170.4,0.0,5,11704,1.000,0.000,-0.001,-0.326,-0.009,200.0,-2.9,0,-0.27,0.000
4591,95.75,0.00,3399.1,170.5,0.0,6,10723,1.000,0.000,-0.000,-0.325,-0.009,200.0,-12.2,0,-0.27,0.000
4592,95.78,0.00,3400.1,170.3,0.0,6,10722,1.000,0.000,-0.000,-0.323,-0.009,200.0,-12.6,0,-0.27,0.000
4593,95.80,0.00,3401.2,170.1,0.0,6,10397,1.000,0.000,-0.000,-0.322,-0.009,200.0,-12.6,0,-0.26,0.000
4594,95.82,0.00,3402.2,170.3,0.0,6,10706,1.000,0.000,-0.001,-0.320,-0.009,200.0,-3.7,0,-0.26,0.000
4595,95.84,0.00,3403.2,170.9,0.0,6,10732,1.000,0.000,-0.001,-0.319,-0.009,200.0,-3.7,0,-0.26,0.000
4596,95.86,0.00,3404.3,171.4,0.0,6,10755,1.000,0.000,-0.000,-0.317,-0.009,200.0,-4.1,0,-0.26,0.000
4597,95.89,0.00,3405.3,171.9,0.0,6,10786,1.000,0.000,-0.000,-0.315,-0.009,200.0,-4.1,0,-0.26,0.000
4598,95.91,0.00,3406.4,172.5,0.0,6,10822,1.000,0.000,-0.000,-0.314,-0.009,200.0,-4.1,0,-0.26,0.000
4599,95.93,0.00,3407.4,173.0,0.0,6,10861,1.000,0.000,-0.001,-0.312,-0.009,200.0,-3.9,0,-0.26,0.000
4600,95.95,0.00,3408.5,173.5,0.0,6,10898,1.000,0.000,-0.001,-0.311,-0.009,200.0,-3.8,0,-0.25,0.000
4601,95.97,0.00,3409.6,174.0,0.0,6,10932,1.000,0.000,-0.000,-0.309,-0.008,200.0,-3.8,0,-0.25,0.000
4602,96.00,0.00,3410.6,174.5,0.0,6,10954,1.000,0.000,-0.000,-0.308,-0.008,200.0,-4.0,0,-0.25,0.000
4603,96.02,0.00,3411.7,175.1,0.0,6,10978,1.000,0.000,-0.000,-0.306,-0.008,200.0,-4.4,0,-0.25,0.000
4604,96.04,0.00,3412.8,175.6,0.0,6,11011,1.000,0.000,-0.001,-0.305,-0.008,200.0,-4.4,0,-0.25,0.000
4605,96.06,0.00,3413.8,176.1,0.0,6,11048,1.000,0.000,-0.001,-0.303,-0.008,200.0,-4.2,0,-0.25,0.000
4606,96.08,0.00,3414.9,176.6,0.0,6,11085,1.000,0.000,-0.000,-0.302,-0.008,200.0,-4.1,0,-0.25,0.000
4607,96.11,0.00,3416.0,177.1,0.0,6,11119,1.000,0.000,-0.000,-0.300,-0.008,200.0,-4.1,0,-0.25,0.000
4608,96.13,0.00,3417.1,177.6,0.0,6,11150,1.000,0.000,-0.000,-0.299,-0.008,200.0,-4.1,0,-0.25,0.000
4609,96.15,0.00,3418.2,178.1,0.0,6,11178,1.000,0.000,-0.001,-0.297,-0.008,200.0,-4.2,0,-0.25,0.000
4610,96.17,0.00,3419.3,178.7,0.0,6,11196,1.000,0.000,-0.001,-0.296,-0.008,200.0,-4.7,0,-0.25,0.000
4611,96.19,0.00,3420.4,179.2,0.0,6,11228,1.000,0.000,-0.000,-0.294,-0.008,200.0,-4.7,0,-0.25,0.000
4612,96.22,0.00,3421.5,179.7,0.0,6,11264,1.000,0.000,-0.000,-0.293,-0.008,200.0,-4.6,0,-0.25,0.000
4613,96.24,0.00,3422.6,180.2,0.0,6,11300,1.000,0.000,-0.000,-0.291,-0.008,200.0,-4.5,0,-0.25,0.000
4614,96.26,0.00,3423.7,180.7,0.0,6,11334,1.000,0.000,-0.000,-0.290,-0.008,200.0,-4.4,0,-0.25,0.000
4615,96.28,0.00,3424.8,181.2,0.0,6,11365,1.000,0.000,-0.000,-0.289,-0.008,200.0,-4.4,0,-0.25,0.000
4616,96.30,0.00,3425.9,181.7,0.0,6,11394,1.000,0.000,-0.001,-0.287,-0.008,200.0,-4.5,0,-0.25,0.000
4617,96.33,0.00,3427.0,182.2,0.0,6,11411,1.000,0.000,-0.001,-0.286,-0.008,200.0,-5.0,0,-0.25,0.000
4618,96.35,0.00,3428.1,182.7,0.0,6,11442,1.000,0.000,-0.000,-0.284,-0.008,200.0,-5.0,0,-0.25,0.000
4619,96.37,0.00,3429.2,183.2,0.0,6,11476,1.000,0.000,-0.000,-0.283,-0.008,200.0,-4.9,0,-0.25,0.000
4620,96.39,0.00,3430.3,183.7,0.0,6,11512,1.000,0.000,-0.000,-0.281,-0.008,200.0,-4.8,0,-0.25,0.000
4621,96.41,0.00,3431.5,184.2,0.0,6,11545,1.000,0.000,-0.000,-0.280,-0.008,200.0,-4.7,0,-0.25,0.000
4622,96.44,0.00,3432.6,184.7,0.0,6,11576,1.000,0.000,-0.000,-0.278,-0.008,200.0,-4.8,0,-0.25,0.000
4623,96.46,0.00,3433.7,185.2,0.0,6,11603,1.000,0.000,-0.001,-0.277,-0.008,200.0,-4.9,0,-0.25,0.000
4624,96.48,0.00,3434.9,185.7,0.0,6,11622,1.000,0.000,-0.001,-0.275,-0.008,200.0,-5.2,0,-0.25,0.000
4625,96.50,0.00,3436.0,186.1,0.0,6,11652,1.000,0.000,-0.000,-0.274,-0.008,200.0,-5.3,0,-0.25,0.000
4626,96.52,0.00,3437.1,186.6,0.0,6,11686,1.000,0.000,-0.000,-0.272,-0.008,200.0,-5.2,0,-0.25,0.000
4627,96.55,0.00,3438.3,187.1,0.0,6,11721,1.000,0.000,-0.000,-0.271,-0.008,200.0,-5.1,0,-0.25,0.000
4628,96.57,0.00,3439.4,187.6,0.0,6,11753,1.000,0.000,-0.000,-0.269,-0.008,200.0,-5.0,0,-0.26,0.000
4629,96.59,0.00,3440.6,188.1,0.0,6,11782,1.000,0.000,-0.000,-0.268,-0.008,200.0,-5.1,0,-0.26,0.000
4630,96.61,0.00,3441.7,188.6,0.0,6,11805,1.000,0.000,-0.000,-0.267,-0.008,200.0,-5.3,0,-0.26,0.000
4631,96.63,0.00,3442.9,189.0,0.0,6,11828,1.000,0.000,-0.000,-0.265,-0.008,200.0,-5.5,0,-0.26,0.000
4632,96.66,0.00,3444.0,189.5,0.0,6,11858,1.000,0.000,-0.001,-0.264,-0.008,200.0,-5.5,0,-0.26,0.000
4633,96.68,0.00,3445.2,190.0,0.0,6,11892,1.000,0.000,-0.000,-0.262,-0.008,200.0,-5.4,0,-0.26,0.000
4634,96.70,0.00,3446.3,190.5,0.0,6,11925,1.000,0.000,-0.000,-0.261,-0.007,200.0,-5.3,0,-0.27,0.000
4635,96.72,0.00,3447.5,190.9,0.0,6,11956,1.000,0.000,-0.000,-0.259,-0.007,200.0,-5.3,0,-0.27,0.000
4636,96.74,0.00,3448.7,191.4,0.0,6,11984,1.000,0.000,-0.000,-0.258,-0.007,200.0,-5.4,0,-0.27,0.000
4637,96.77,0.00,3449.9,191.9,0.0,6,12004,1.000,0.000,-0.000,-0.256,-0.007,200.0,-5.7,0,-0.28,0.000
4638,96.79,0.00,3451.0,192.4,0.0,6,12030,1.000,0.000,-0.000,-0.255,-0.007,200.0,-5.8,0,-0.28,0.000
4639,96.81,0.00,3452.2,192.8,0.0,6,12061,1.000,0.000,-0.000,-0.253,-0.007,200.0,-5.8,0,-0.28,0.000
4640,96.83,0.00,3453.4,193.3,0.0,6,12094,1.000,0.000,-0.000,-0.252,-0.007,200.0,-5.7,0,-0.28,0.000
4641,96.85,0.00,3454.6,193.8,0.0,6,12125,1.000,0.000,-0.001,-0.251,-0.007,200.0,-5.6,0,-0.29,0.000
4642,96.88,0.00,3455.8,194.2,-0.0,6,12154,1.000,0.000,-0.000,-0.249,-0.007,200.0,-5.6,0,-0.29,0.000
4643,96.90,0.00,3456.9,194.7,0.0,6,12182,1.000,0.000,-0.000,-0.248,-0.007,200.0,-5.7,0,-0.29,0.000
4644,96.92,0.00,3458.1,195.2,0.0,6,12200,1.000,0.000,-0.000,-0.246,-0.007,200.0,-6.0,0,-0.30,0.000
4645,96.94,0.00,3459.3,195.6,0.0,6,12229,1.000,0.000,-0.000,-0.245,-0.007,200.0,-6.0,0,-0.30,0.000
4646,96.96,0.00,3460.5,196.1,0.0,6,12260,1.000,0.000,-0.000,-0.243,-0.007,200.0,-6.0,0,-0.30,0.000
4647,96.99,0.00,3461.7,196.5,0.0,6,12292,1.000,0.000,-0.000,-0.242,-0.007,200.0,-5.9,0,-0.31,0.000
4648,97.01,0.00,3462.9,197.0,0.0,6,12321,1.000,0.000,-0.000,-0.240,-0.007,198.8,-5.9,0,-0.31,0.000
4649,97.03,0.00,3464.1,197.4,0.0,6,12349,1.000,0.000,-0.000,-0.239,-0.007,197.5,-5.9,0,-0.31,0.000
4650,97.05,0.00,3465.3,197.9,0.0,6,12369,1.000,0.000,-0.000,-0.237,-0.007,196.3,-6.2,0,-0.32,0.000
4651,97.07,0.00,3466.6,198.3,0.0,6,12395,1.000,0.000,-0.000,-0.236,-0.007,195.0,-6.3,0,-0.32,0.000
4652,97.10,0.00,3467.8,198.8,0.0,6,12424,1.000,0.000,0.004,-0.234,-0.007,193.7,-6.3,0,-0.45,0.000
4653,97.12,0.00,3469.0,199.2,0.0,6,12455,1.000,0.000,0.003,-0.233,-0.007,192.6,-6.2,0,-0.45,0.000
4654,97.14,0.00,3470.2,199.7,-0.0,6,12485,1.000,0.000,0.002,-0.231,-0.008,191.7,-6.2,0,-0.45,0.000
4655,97.16,0.00,3471.4,200.1,-0.1,6,12512,0.990,0.000,-0.000,-0.230,-0.008,190.7,-6.2,0,-0.44,0.000
4656,97.18,0.00,3472.7,200.6,-0.1,6,12532,0.980,0.000,-0.001,-0.228,-0.008,189.6,-6.4,0,-0.44,0.000
4657,97.21,0.00,3473.9,201.0,-0.1,6,12550,0.970,0.000,-0.002,-0.226,-0.008,188.3,-6.7,0,-0.45,0.000
4658,97.23,0.00,3475.1,201.4,-0.0,6,12573,0.960,0.000,-0.001,-0.225,-0.008,186.9,-6.8,0,-0.45,0.000
4659,97.25,0.00,3476.3,201.8,-0.0,6,12598,0.950,0.000,-0.000,-0.223,-0.008,185.5,-6.9,0,-0.46,0.000
4660,97.27,0.00,3477.6,202.2,0.0,6,12621,0.940,0.000,0.000,-0.222,-0.008,184.1,-7.0,0,-0.46,0.000
4661,97.29,0.00,3478.8,202.6,0.0,6,12642,0.930,0.000,0.001,-0.220,-0.008,182.7,-7.1,0,-0.47,0.000
4662,97.32,0.00,3480.1,203.0,0.0,6,12662,0.920,0.000,0.000,-0.218,-0.008,181.5,-7.2,0,-0.47,0.000
4663,97.34,0.00,3481.3,203.4,0.0,6,12675,0.910,0.000,0.000,-0.217,-0.008,180.2,-7.5,0,-0.47,0.000
4664,97.36,0.00,3482.5,203.7,-0.0,6,12694,0.900,0.000,0.000,-0.215,-0.008,178.9,-7.7,0,-0.48,0.000
4665,97.38,0.00,3483.8,204.1,-0.0,6,12714,0.890,0.000,-0.000,-0.213,-0.008,177.6,-7.7,0,-0.48,0.000
4666,97.40,0.00,3485.0,204.4,-0.0,6,12734,0.880,0.000,-0.000,-0.212,-0.008,176.3,-7.8,0,-0.48,0.000
4667,97.43,0.00,3486.3,204.8,-0.0,6,12752,0.870,0.000,-0.000,-0.210,-0.008,175.0,-7.9,0,-0.48,0.000
4668,97.45,0.00,3487.5,205.1,-0.0,6,12768,0.860,0.000,-0.000,-0.208,-0.008,173.7,-8.0,0,-0.49,0.000
4669,97.47,0.00,3488.8,205.4,-0.0,6,12780,0.850,0.000,-0.000,-0.207,-0.008,172.4,-8.3,0,-0.49,0.000
4670,97.49,0.00,3490.0,205.7,-0.0,6,12795,0.840,0.000,-0.000,-0.205,-0.008,171.1,-8.4,0,-0.49,0.000
4671,97.51,0.00,3491.3,206.0,-0.0,6,12810,0.830,0.000,-0.000,-0.203,-0.008,169.8,-8.5,0,-0.50,0.000
4672,97.54,0.00,3492.6,206.3,-0.0,6,12826,0.820,0.000,-0.000,-0.202,-0.008,168.5,-8.6,0,-0.50,0.000
4673,97.56,0.00,3493.8,206.6,0.0,6,12841,0.810,0.000,-0.001,-0.200,-0.008,167.2,-8.7,0,-0.50,0.000
4674,97.58,0.00,3495.1,206.8,-0.0,6,12854,0.800,0.000,-0.000,-0.198,-0.008,165.8,-8.8,0,-0.51,0.000
4675,97.60,0.00,3496.3,207.1,0.0,6,12863,0.790,0.000,-0.000,-0.197,-0.008,164.4,-9.0,0,-0.51,0.000
4676,97.62,0.00,3497.6,207.3,0.0,6,12874,0.780,0.000,-0.000,-0.195,-0.008,163.1,-9.1,0,-0.51,0.000
4677,97.65,0.00,3498.9,207.6,0.0,6,12886,0.770,0.000,-0.000,-0.193,-0.008,161.8,-9.2,0,-0.51,0.000
4678,97.67,0.00,3500.2,207.8,0.0,6,12898,0.760,0.000,-0.001,-0.192,-0.008,160.4,-9.3,0,-0.51,0.000
4679,97.69,0.00,3501.4,208.0,0.0,6,12909,0.750,0.000,-0.001,-0.190,-0.008,159.1,-9.4,0,-0.51,0.000
4680,97.71,0.00,3502.7,208.2,0.0,6,12919,0.740,0.000,-0.000,-0.188,-0.008,157.7,-9.5,0,-0.51,0.000
4681,97.73,0.00,3504.0,208.4,0.0,6,12926,0.730,0.000,-0.000,-0.187,-0.008,156.3,-9.7,0,-0.51,0.000
4682,97.76,0.00,3505.2,208.6,0.0,6,12934,0.720,0.000,-0.000,-0.185,-0.008,154.9,-9.8,0,-0.51,0.000
4683,97.78,0.00,3506.5,208.8,0.0,6,12942,0.710,0.000,-0.000,-0.183,-0.008,153.6,-9.9,0,-0.51,0.000
4684,97.80,0.00,3507.8,209.0,0.0,6,12950,0.700,0.000,-0.001,-0.182,-0.008,152.3,-10.0,0,-0.51,0.000
4685,97.82,0.00,3509.1,209.1,0.0,6,12958,0.690,0.000,-0.001,-0.180,-0.008,150.9,-10.1,0,-0.51,0.000
4686,97.84,0.00,3510.3,209.3,0.0,6,12964,0.680,0.000,-0.000,-0.178,-0.008,149.5,-10.2,0,-0.51,0.000
4687,97.87,0.00,3511.6,209.4,0.0,6,12968,0.000,0.033,-0.000,-0.177,-0.007,148.1,-10.4,0,-0.51,0.000
4688,97.89,0.00,3512.9,209.1,0.0,6,12732,0.000,0.064,-0.000,-0.175,-0.007,146.8,-15.9,0,-0.50,0.000
4689,97.91,0.00,3514.2,208.5,0.0,6,12680,0.000,0.082,0.000,-0.174,-0.007,145.3,-15.3,0,-0.50,0.000
4690,97.93,0.00,3515.5,207.8,0.0,6,12631,0.000,0.097,0.001,-0.172,-0.007,143.9,-14.9,0,-0.51,0.000
4691,97.95,0.00,3516.7,207.1,0.1,6,12580,0.000,0.108,0.001,-0.171,-0.007,142.5,-14.5,0,-0.51,0.000
4692,97.98,0.00,3518.0,206.3,0.1,6,12529,0.000,0.117,0.001,-0.169,-0.007,141.2,-14.2,0,-0.51,0.000
4693,98.00,0.00,3519.2,205.5,0.1,6,12477,0.000,0.124,0.001,-0.167,-0.007,139.8,-13.9,0,-0.51,0.000
4694,98.02,0.00,3520.5,204.7,0.1,6,12425,0.000,0.129,0.001,-0.166,-0.007,138.5,-13.7,0,-0.51,0.000
4695,98.04,0.00,3521.8,203.8,0.1,6,12372,0.000,0.134,0.001,-0.164,-0.007,137.2,-13.5,0,-0.51,0.000
4696,98.06,0.00,3523.0,203.0,0.1,6,12318,0.000,0.137,0.001,-0.163,-0.007,135.9,-13.3,0,-0.51,0.000
4697,98.09,0.00,3524.2,202.1,0.1,6,12264,0.000,0.141,0.018,-0.161,-0.007,134.6,-13.1,0,-1.01,0.000
4698,98.11,0.00,3525.5,201.2,0.1,6,12209,0.000,0.126,0.015,-0.160,-0.008,133.8,-12.9,0,-1.00,0.000
4699,98.13,0.00,3526.7,200.4,-0.1,6,12163,0.000,0.094,0.007,-0.158,-0.009,133.5,-13.2,0,-0.99,0.000
4700,98.15,0.00,3527.9,199.6,-0.3,6,12129,0.000,0.066,-0.018,-0.156,-0.010,133.2,-13.9,0,-0.46,0.000
4701,98.17,0.00,3529.1,199.0,-0.4,6,12098,0.000,0.075,-0.001,-0.155,-0.011,132.0,-14.4,0,-0.98,0.000
4702,98.20,0.00,3530.3,198.3,-0.2,6,12056,0.000,0.101,0.001,-0.153,-0.010,130.4,-14.2,0,-0.97,0.000
4703,98.22,0.00,3531.6,197.6,-0.1,6,12004,0.000,0.116,0.001,-0.151,-0.010,129.0,-13.6,0,-0.97,0.000
4704,98.24,0.00,3532.8,196.9,-0.1,6,11953,0.000,0.122,0.001,-0.149,-0.010,127.8,-13.1,0,-0.97,0.000
4705,98.26,0.00,3534.0,196.1,-0.1,6,11902,0.000,0.125,-0.001,-0.147,-0.010,126.7,-12.9,0,-0.96,0.000
4706,98.28,0.00,3535.2,195.3,-0.1,6,11852,0.000,0.127,-0.002,-0.145,-0.010,125.5,-12.8,0,-0.96,0.000
4707,98.31,0.00,3536.3,194.5,-0.1,6,11803,0.000,0.133,-0.002,-0.143,-0.010,124.3,-12.7,0,-0.96,0.000
4708,98.33,0.00,3537.5,193.7,-0.1,6,11751,0.000,0.140,-0.002,-0.141,-0.010,123.0,-12.5,0,-0.96,0.000
4709,98.35,0.00,3538.7,192.8,-0.1,6,11698,0.000,0.146,-0.002,-0.139,-0.010,121.7,-12.3,0,-0.95,0.000
4710,98.37,0.00,3539.9,192.0,-0.0,6,11644,0.000,0.153,-0.002,-0.137,-0.010,120.4,-12.1,0,-0.95,0.000
4711,98.39,0.00,3541.1,191.1,-0.0,6,11588,0.000,0.158,-0.001,-0.135,-0.010,119.2,-11.9,0,-0.95,0.000
4712,98.42,0.00,3542.2,190.2,-0.0,6,11533,0.000,0.162,-0.001,-0.133,-0.010,117.9,-11.7,0,-0.95,0.000
4713,98.44,0.00,3543.4,189.3,-0.0,6,11476,0.000,0.164,-0.002,-0.131,-0.010,116.7,-11.5,0,-0.94,0.000
4714,98.46,0.00,3544.5,188.4,-0.0,6,11421,0.000,0.167,-0.002,-0.130,-0.010,115.4,-11.4,0,-0.94,0.000
4715,98.48,0.00,3545.7,187.5,-0.0,6,11365,0.000,0.169,-0.002,-0.128,-0.010,114.2,-11.3,0,-0.94,0.000
4716,98.50,0.00,3546.8,186.6,-0.0,6,11309,0.000,0.173,-0.001,-0.126,-0.010,112.9,-11.1,0,-0.94,0.000
4717,98.53,0.00,3548.0,185.7,-0.0,6,11252,0.000,0.175,-0.001,-0.124,-0.010,111.7,-11.0,0,-0.94,0.000
4718,98.55,0.00,3549.1,184.8,-0.0,6,11195,0.000,0.175,-0.002,-0.122,-0.010,110.5,-10.8,0,-0.93,0.000
4719,98.57,0.00,3550.2,183.9,-0.0,6,11138,0.000,0.177,-0.002,-0.120,-0.010,109.3,-10.8,0,-0.93,0.000
4720,98.59,0.00,3551.3,182.9,-0.0,6,11081,0.000,0.179,-0.002,-0.119,-0.010,108.1,-10.7,0,-0.93,0.000
4721,98.61,0.00,3552.4,182.0,-0.0,6,11024,0.000,0.181,-0.001,-0.117,-0.010,106.9,-10.5,0,-0.93,0.000
4722,98.64,0.00,3553.6,181.1,-0.0,6,10967,0.000,0.182,-0.001,-0.115,-0.009,105.7,-10.4,0,-0.92,0.000
4723,98.66,0.00,3554.7,180.2,-0.0,6,10911,0.000,0.183,-0.002,-0.113,-0.009,104.5,-10.3,0,-0.92,0.000
4724,98.68,0.00,3555.8,179.2,-0.0,6,10854,0.000,0.184,-0.002,-0.112,-0.009,103.4,-10.2,0,-0.92,0.000
4725,98.70,0.00,3556.9,178.3,-0.0,6,10797,0.000,0.186,-0.001,-0.110,-0.009,102.2,-10.1,0,-0.92,0.000
4726,98.72,0.00,3557.9,177.4,-0.0,6,10739,0.000,0.187,-0.001,-0.108,-0.009,101.0,-10.0,0,-0.91,0.000
4727,98.75,0.00,3559.0,176.5,-0.0,6,10682,0.000,0.187,-0.002,-0.107,-0.009,99.9,-9.9,0,-0.91,0.000
4728,98.77,0.00,3560.1,175.5,-0.0,6,10625,0.000,0.188,-0.002,-0.105,-0.009,98.7,-9.8,0,-0.91,0.000
4729,98.79,0.00,3561.2,174.6,-0.0,6,10569,0.000,0.190,-0.002,-0.103,-0.009,97.6,-9.8,0,-0.91,0.000
4730,98.81,0.00,3562.2,173.7,-0.0,6,10512,0.000,0.192,-0.001,-0.102,-0.009,96.4,-9.6,0,-0.91,0.000
4731,98.83,0.00,3563.3,172.7,-0.0,6,10454,0.000,0.193,-0.001,-0.100,-0.009,95.3,-9.5,0,-0.91,0.000
4732,98.86,0.00,3564.3,171.8,-0.0,6,10397,0.000,0.194,-0.001,-0.099,-0.009,94.2,-9.3,0,-0.91,0.000
4733,98.88,0.00,3565.4,170.9,-0.0,6,10340,0.000,0.194,-0.001,-0.097,-0.009,93.1,-9.3,0,-0.91,0.000
4734,98.90,0.00,3566.4,169.9,-0.0,6,10282,0.000,0.194,-0.001,-0.095,-0.009,92.0,-9.2,0,-0.92,0.000
4735,98.92,0.00,3567.5,169.0,-0.0,6,10226,0.000,0.194,-0.001,-0.094,-0.009,90.9,-9.2,0,-0.93,0.000
4736,98.94,0.00,3568.5,168.1,-0.0,6,10170,0.000,0.194,-0.147,-0.092,-0.009,89.8,-9.1,0,-2.58,-0.500
4737,98.97,0.00,3569.5,167.2,-0.3,6,10115,0.000,0.260,-0.130,-0.091,-0.006,87.3,-7.5,0,-2.65,-0.500
4738,98.99,0.00,3570.5,166.1,0.3,6,10023,0.000,0.416,-0.090,-0.091,0.003,82.6,-5.9,0,-2.61,-0.500
4739,99.01,0.00,3571.6,164.7,1.2,6,9866,0.000,0.566,-0.020,-0.091,0.013,77.8,-1.3,0,-2.48,-0.445
4740,99.03,0.00,3572.6,163.0,2.0,6,9673,0.000,0.648,0.060,-0.092,0.021,74.2,5.8,0,-2.41,-0.355
4741,99.05,0.00,3573.5,161.0,2.3,6,9483,0.000,0.645,0.102,-0.094,0.024,72.2,14.2,0,-2.39,-0.304
4742,99.08,0.00,3574.5,158.8,2.1,6,9337,0.000,0.567,0.105,-0.095,0.023,71.6,20.7,0,-2.40,-0.289
4743,99.10,0.00,3575.5,156.7,1.4,5,10154,0.000,0.443,0.082,-0.097,0.019,71.9,22.9,0,-2.43,-0.298
4744,99.12,0.00,3576.4,154.7,0.7,5,10122,0.000,0.303,0.047,-0.099,0.013,72.8,16.4,0,-2.48,-0.320
4745,99.14,0.00,3577.4,153.0,0.0,5,10032,0.000,0.175,0.013,-0.100,0.008,73.7,1.9,0,-2.54,-0.342
4746,99.16,0.00,3578.3,151.8,-0.5,5,10009,0.000,0.094,-0.008,-0.101,0.004,74.1,-8.4,0,-2.59,-0.353
4747,99.19,0.00,3579.2,151.1,-0.7,5,10001,0.000,0.074,-0.012,-0.102,0.002,73.8,-10.4,0,-2.62,-0.345
4748,99.21,0.00,3580.2,150.6,-0.6,5,9977,0.000,0.089,-0.002,-0.103,0.001,73.0,-10.5,0,-2.62,-0.324
4749,99.23,0.00,3581.1,150.1,-0.4,5,9938,0.000,0.112,0.012,-0.104,0.002,71.9,-10.0,0,-2.62,-0.298
4750,99.25,0.00,3582.0,149.5,-0.3,5,9889,0.000,0.126,0.023,-0.104,0.001,71.0,-9.3,0,-2.62,-0.276
4751,99.27,0.00,3582.9,148.8,-0.2,5,9840,0.000,0.122,0.025,-0.105,0.000,70.4,-8.9,0,-2.64,-0.261
4752,99.30,0.00,3583.8,148.2,-0.2,5,9797,0.000,0.104,0.022,-0.105,-0.002,70.1,-9.1,0,-2.67,-0.253
4753,99.32,0.00,3584.7,147.6,-0.3,5,9763,0.000,0.083,0.015,-0.105,-0.004,69.9,-9.6,0,-2.71,-0.248
4754,99.34,0.00,3585.6,147.0,-0.4,5,9735,0.000,0.066,0.009,-0.104,-0.006,69.7,-10.1,0,-2.74,-0.243
4755,99.36,0.00,3586.5,146.5,-0.5,5,9710,0.000,0.060,0.007,-0.104,-0.008,69.3,-10.4,0,-2.78,-0.234
4756,99.38,0.00,3587.4,146.1,-0.5,5,9683,0.000,0.062,0.007,-0.103,-0.009,68.8,-10.5,0,-2.80,-0.221
4757,99.41,0.00,3588.3,145.6,-0.4,5,9653,0.000,0.069,0.010,-0.102,-0.010,68.2,-10.4,0,-2.82,-0.206
4758,99.43,0.00,3589.2,145.2,-0.4,5,9618,0.000,0.075,0.013,-0.101,-0.011,67.6,-10.2,0,-2.85,-0.191
4759,99.45,0.00,3590.1,144.7,-0.3,5,9584,0.000,0.077,0.014,-0.100,-0.012,67.1,-10.1,0,-2.87,-0.178
4760,99.47,0.00,3590.9,144.2,-0.3,5,9552,0.000,0.076,0.014,-0.098,-0.013,66.7,-10.0,0,-2.91,-0.166
4761,99.49,0.00,3591.8,143.7,-0.3,5,9520,0.000,0.073,0.013,-0.097,-0.015,66.2,-9.9,0,-2.94,-0.156
4762,99.52,0.00,3592.7,143.2,-0.3,5,9489,0.000,0.070,0.011,-0.095,-0.016,65.8,-10.0,0,-2.98,-0.145
4763,99.54,0.00,3593.6,142.7,-0.4,5,9459,0.000,0.069,0.010,-0.093,-0.017,65.4,-10.0,0,-3.02,-0.134
4764,99.56,0.00,3594.4,142.3,-0.4,5,9429,0.000,0.071,0.011,-0.090,-0.019,64.9,-9.9,0,-3.06,-0.122
4765,99.58,0.00,3595.3,141.8,-0.3,5,9398,0.000,0.073,0.011,-0.088,-0.020,64.4,-9.8,0,-3.09,-0.109
4766,99.60,0.00,3596.2,141.3,-0.3,5,9366,0.000,0.076,0.012,-0.085,-0.021,63.8,-9.8,0,-3.14,-0.096
4767,99.63,0.00,3597.0,140.9,-0.3,5,9332,0.000,0.077,0.012,-0.083,-0.022,63.4,-9.7,0,-3.18,-0.084
4768,99.65,0.00,3597.9,140.4,-0.3,5,9301,0.000,0.077,0.012,-0.080,-0.024,62.9,-9.7,0,-3.24,-0.072
4769,99.67,0.00,3598.8,139.9,-0.3,5,9270,0.000,0.077,0.013,-0.076,-0.025,62.4,-9.6,0,-3.31,-0.061
4770,99.69,0.00,3599.6,139.4,-0.3,5,9239,0.000,0.076,0.013,-0.073,-0.026,62.0,-9.6,0,-3.39,-0.050
4771,99.71,0.00,3600.4,139.0,-0.3,5,9208,0.000,0.075,0.012,-0.070,-0.027,61.6,-9.5,0,-3.47,-0.039
4772,99.74,0.00,3601.3,138.5,-0.3,5,9178,0.000,0.074,0.012,-0.066,-0.029,61.1,-9.5,0,-3.55,-0.028
4773,99.76,0.00,3602.2,138.0,-0.3,5,9148,0.000,0.075,0.012,-0.062,-0.030,60.7,-9.4,0,-3.63,-0.017
4774,99.78,0.00,3603.0,137.6,-0.3,5,9117,0.000,0.076,0.012,-0.058,-0.031,60.2,-9.3,0,-3.71,-0.005
4775,99.80,0.00,3603.8,137.1,-0.3,5,9086,0.000,0.077,0.013,-0.054,-0.032,59.7,-9.3,0,-3.78,0.007
4776,99.82,0.00,3604.7,136.7,-0.3,5,9051,0.000,0.078,0.012,-0.050,-0.034,59.3,-9.4,0,-3.86,0.018
4777,99.85,0.00,3605.5,136.2,-0.3,5,9021,0.000,0.077,0.012,-0.045,-0.035,58.9,-9.3,0,-3.94,0.029
4778,99.87,0.00,3606.3,135.7,-0.3,5,8992,0.000,0.077,0.010,-0.041,-0.036,58.4,-9.3,0,-4.01,0.039
4779,99.89,0.00,3607.2,135.3,-0.3,5,8963,0.000,0.079,0.010,-0.036,-0.038,58.0,-8.8,0,-4.07,0.051
4780,99.91,0.00,3608.0,134.8,-0.3,5,8933,0.000,0.086,0.011,-0.031,-0.039,57.4,-8.3,0,-4.14,0.064
