step,curLapTime,lastLapTime,distFromStart,speedX,speedY,gear,rpm,accel,brake,steer,trackPos,angle,ahead,rearSpin,damage,aim,lineTarget,aheadPlan,allowed,throttle,track0,track1,track2,track3,track4,track5,track6,track7,track8,track9,track10,track11,track12,track13,track14,track15,track16,track17,track18
0,-0.982,0.000,3598.4,-0.0,-0.0,0,5236,1.000,0.000,-0.172,0.333,0.008,64.6,0.0,0,-2.10,-0.169,67.2,309.3,1.000,5.7,12.6,22.5,140.5,90.9,77.4,71.7,67.4,64.6,62.0,59.7,57.5,54.7,51.9,47.2,40.1,31.0,22.8,11.2
1,-0.962,0.000,3598.4,-0.0,-0.0,0,5387,1.000,0.000,-0.172,0.333,0.008,64.6,0.0,0,-2.10,-0.169,67.2,309.3,1.000,5.7,12.6,22.5,140.5,90.9,77.4,71.7,67.4,64.6,62.0,59.7,57.5,54.7,51.9,47.2,40.1,31.0,22.8,11.2
2,-0.942,0.000,3598.4,-0.0,-0.0,0,5542,1.000,0.000,-0.172,0.333,0.008,64.6,0.0,0,-2.10,-0.169,67.2,309.3,1.000,5.7,12.6,22.5,140.5,90.9,77.4,71.7,67.4,64.6,62.0,59.7,57.5,54.7,51.9,47.2,40.1,31.0,22.8,11.2
3,-0.922,0.000,3598.4,-0.0,-0.0,0,5703,1.000,0.000,-0.172,0.333,0.008,64.6,0.0,0,-2.10,-0.169,67.2,309.3,1.000,5.7,12.6,22.5,140.5,90.9,77.4,71.7,67.4,64.6,62.0,59.7,57.5,54.7,51.9,47.2,40.1,31.0,22.8,11.2
4,-0.902,0.000,3598.4,-0.0,-0.0,0,5868,1.000,0.000,-0.172,0.333,0.008,64.6,0.0,0,-2.10,-0.169,67.2,309.3,1.000,5.7,12.6,22.5,140.5,90.9,77.4,71.7,67.4,64.6,62.0,59.7,57.5,54.7,51.9,47.2,40.1,31.0,22.8,11.2
5,-0.882,0.000,3598.4,-0.0,-0.0,0,6039,1.000,0.000,-0.172,0.333,0.008,64.6,0.0,0,-2.10,-0.169,67.2,309.3,1.000,5.7,12.6,22.5,140.5,90.9,77.4,71.7,67.4,64.6,62.0,59.7,57.5,54.7,51.9,47.2,40.1,31.0,22.8,11.2
6,-0.862,0.000,3598.4,-0.0,-0.0,0,6216,1.000,0.000,-0.172,0.333,0.008,64.6,0.0,0,-2.10,-0.169,67.2,309.3,1.000,5.7,12.6,22.5,140.5,90.9,77.4,71.7,67.4,64.6,62.0,59.7,57.5,54.7,51.9,47.2,40.1,31.0,22.8,11.2
7,-0.842,0.000,3598.4,-0.0,-0.0,0,6398,1.000,0.000,-0.172,0.333,0.008,64.6,0.0,0,-2.10,-0.169,67.2,309.3,1.000,5.7,12.6,22.5,140.5,90.9,77.4,71.7,67.4,64.6,62.0,59.7,57.5,54.7,51.9,47.2,40.1,31.0,22.8,11.2
8,-0.822,0.000,3598.4,-0.0,-0.0,0,6586,1.000,0.000,-0.172,0.333,0.008,64.6,0.0,0,-2.10,-0.169,67.2,309.3,1.000,5.7,12.6,22.5,140.5,90.9,77.4,71.7,67.4,64.6,62.0,59.7,57.5,54.7,51.9,47.2,40.1,31.0,22.8,11.2
9,-0.802,0.000,3598.4,-0.0,-0.0,0,6779,1.000,0.000,-0.172,0.333,0.008,64.6,0.0,0,-2.10,-0.169,67.2,309.3,1.000,5.7,12.6,22.5,140.5,90.9,77.4,71.7,67.4,64.6,62.0,59.7,57.5,54.7,51.9,47.2,40.1,31.0,22.8,11.2
10,-0.782,0.000,3598.4,-0.0,-0.0,0,6979,1.000,0.000,-0.172,0.333,0.008,64.6,0.0,0,-2.10,-0.169,67.2,309.3,1.000,5.7,12.6,22.5,140.5,90.9,77.4,71.7,67.4,64.6,62.0,59.7,57.5,54.7,51.9,47.2,40.1,31.0,22.8,11.2
11,-0.762,0.000,3598.4,-0.0,-0.0,0,7186,1.000,0.000,-0.172,0.333,0.008,64.6,0.0,0,-2.10,-0.169,67.2,309.3,1.000,5.7,12.6,22.5,140.5,90.9,77.4,71.7,67.4,64.6,62.0,59.7,57.5,54.7,51.9,47.2,40.1,31.0,22.8,11.2
12,-0.742,0.000,3598.4,-0.0,-0.0,0,7399,1.000,0.000,-0.172,0.333,0.008,64.6,0.0,0,-2.10,-0.169,67.2,309.3,1.000,5.7,12.6,22.5,140.5,90.9,77.4,71.7,67.4,64.6,62.0,59.7,57.5,54.7,51.9,47.2,40.1,31.0,22.8,11.2
13,-0.722,0.000,3598.4,-0.0,-0.0,0,7619,1.000,0.000,-0.172,0.333,0.008,64.6,0.0,0,-2.10,-0.169,67.2,309.3,1.000,5.7,12.6,22.5,140.5,90.9,77.4,71.7,67.4,64.6,62.0,59.7,57.5,54.7,51.9,47.2,40.1,31.0,22.8,11.2
14,-0.702,0.000,3598.4,-0.0,-0.0,0,7846,1.000,0.000,-0.172,0.333,0.008,64.6,0.0,0,-2.10,-0.169,67.2,309.3,1.000,5.7,12.6,22.5,140.5,90.9,77.4,71.7,67.4,64.6,62.0,59.7,57.5,54.7,51.9,47.2,40.1,31.0,22.8,11.2
15,-0.682,0.000,3598.4,-0.0,-0.0,0,8080,1.000,0.000,-0.172,0.333,0.008,64.6,0.0,0,-2.10,-0.169,67.2,309.3,1.000,5.7,12.6,22.5,140.5,90.9,77.4,71.7,67.4,64.6,62.0,59.7,57.5,54.7,51.9,47.2,40.1,31.0,22.8,11.2
16,-0.662,0.000,3598.4,-0.0,-0.0,0,8322,1.000,0.000,-0.172,0.333,0.008,64.6,0.0,0,-2.10,-0.169,67.2,309.3,1.000,5.7,12.6,22.5,140.5,90.9,77.4,71.7,67.4,64.6,62.0,59.7,57.5,54.7,51.9,47.2,40.1,31.0,22.8,11.2
17,-0.642,0.000,3598.4,-0.0,-0.0,0,8571,1.000,0.000,-0.172,0.333,0.008,64.6,0.0,0,-2.10,-0.169,67.2,309.3,1.000,5.7,12.6,22.5,140.5,90.9,77.4,71.7,67.4,64.6,62.0,59.7,57.5,54.7,51.9,47.2,40.1,31.0,22.8,11.2
18,-0.622,0.000,3598.4,-0.0,-0.0,0,8828,1.000,0.000,-0.172,0.333,0.008,64.6,0.0,0,-2.10,-0.169,67.2,309.3,1.000,5.7,12.6,22.5,140.5,90.9,77.4,71.7,67.4,64.6,62.0,59.7,57.5,54.7,51.9,47.2,40.1,31.0,22.8,11.2
19,-0.602,0.000,3598.4,-0.0,-0.0,0,9094,1.000,0.000,-0.172,0.333,0.008,64.6,0.0,0,-2.10,-0.169,67.2,309.3,1.000,5.7,12.6,22.5,140.5,90.9,77.4,71.7,67.4,64.6,62.0,59.7,57.5,54.7,51.9,47.2,40.1,31.0,22.8,11.2
20,-0.582,0.000,3598.4,-0.0,-0.0,0,9368,1.000,0.000,-0.172,0.333,0.008,64.6,0.0,0,-2.10,-0.169,67.2,309.3,1.000,5.7,12.6,22.5,140.5,90.9,77.4,71.7,67.4,64.6,62.0,59.7,57.5,54.7,51.9,47.2,40.1,31.0,22.8,11.2
21,-0.562,0.000,3598.4,-0.0,-0.0,0,9648,1.000,0.000,-0.172,0.333,0.008,64.6,0.0,0,-2.10,-0.169,67.2,309.3,1.000,5.7,12.6,22.5,140.5,90.9,77.4,71.7,67.4,64.6,62.0,59.7,57.5,54.7,51.9,47.2,40.1,31.0,22.8,11.2
22,-0.542,0.000,3598.4,-0.0,-0.0,0,9929,1.000,0.000,-0.172,0.333,0.008,64.6,0.0,0,-2.10,-0.169,67.2,309.3,1.000,5.7,12.6,22.5,140.5,90.9,77.4,71.7,67.4,64.6,62.0,59.7,57.5,54.7,51.9,47.2,40.1,31.0,22.8,11.2
23,-0.522,0.000,3598.4,-0.0,-0.0,0,10210,1.000,0.000,-0.172,0.333,0.008,64.6,0.0,0,-2.10,-0.169,67.2,309.3,1.000,5.7,12.6,22.5,140.5,90.9,77.4,71.7,67.4,64.6,62.0,59.7,57.5,54.7,51.9,47.2,40.1,31.0,22.8,11.2
24,-0.502,0.000,3598.4,-0.0,-0.0,0,10490,1.000,0.000,-0.172,0.333,0.008,64.6,0.0,0,-2.10,-0.169,67.2,309.3,1.000,5.7,12.6,22.5,140.5,90.9,77.4,71.7,67.4,64.6,62.0,59.7,57.5,54.7,51.9,47.2,40.1,31.0,22.8,11.2
25,-0.482,0.000,3598.4,-0.0,-0.0,0,10771,1.000,0.000,-0.172,0.333,0.008,64.6,0.0,0,-2.10,-0.169,67.2,309.3,1.000,5.7,12.6,22.5,140.5,90.9,77.4,71.7,67.4,64.6,62.0,59.7,57.5,54.7,51.9,47.2,40.1,31.0,22.8,11.2
26,-0.462,0.000,3598.4,-0.0,-0.0,0,11052,1.000,0.000,-0.172,0.333,0.008,64.6,0.0,0,-2.10,-0.169,67.2,309.3,1.000,5.7,12.6,22.5,140.5,90.9,77.4,71.7,67.4,64.6,62.0,59.7,57.5,54.7,51.9,47.2,40.1,31.0,22.8,11.2
27,-0.442,0.000,3598.4,-0.0,-0.0,0,11332,1.000,0.000,-0.172,0.333,0.008,64.6,0.0,0,-2.10,-0.169,67.2,309.3,1.000,5.7,12.6,22.5,140.5,90.9,77.4,71.7,67.4,64.6,62.0,59.7,57.5,54.7,51.9,47.2,40.1,31.0,22.8,11.2
28,-0.422,0.000,3598.4,-0.0,-0.0,0,11613,1.000,0.000,-0.172,0.333,0.008,64.6,0.0,0,-2.10,-0.169,67.2,309.3,1.000,5.7,12.6,22.5,140.5,90.9,77.4,71.7,67.4,64.6,62.0,59.7,57.5,54.7,51.9,47.2,40.1,31.0,22.8,11.2
29,-0.402,0.000,3598.4,-0.0,-0.0,0,11894,1.000,0.000,-0.172,0.333,0.008,64.6,0.0,0,-2.10,-0.169,67.2,309.3,1.000,5.7,12.6,22.5,140.5,90.9,77.4,71.7,67.4,64.6,62.0,59.7,57.5,54.7,51.9,47.2,40.1,31.0,22.8,11.2
30,-0.382,0.000,3598.4,-0.0,-0.0,0,12174,1.000,0.000,-0.172,0.333,0.008,64.6,0.0,0,-2.10,-0.169,67.2,309.3,1.000,5.7,12.6,22.5,140.5,90.9,77.4,71.7,67.4,64.6,62.0,59.7,57.5,54.7,51.9,47.2,40.1,31.0,22.8,11.2
31,-0.362,0.000,3598.4,-0.0,-0.0,0,12455,1.000,0.000,-0.172,0.333,0.008,64.6,0.0,0,-2.10,-0.169,67.2,309.3,1.000,5.7,12.6,22.5,140.5,90.9,77.4,71.7,67.4,64.6,62.0,59.7,57.5,54.7,51.9,47.2,40.1,31.0,22.8,11.2
32,-0.342,0.000,3598.4,-0.0,-0.0,0,12736,1.000,0.000,-0.172,0.333,0.008,64.6,0.0,0,-2.10,-0.169,67.2,309.3,1.000,5.7,12.6,22.5,140.5,90.9,77.4,71.7,67.4,64.6,62.0,59.7,57.5,54.7,51.9,47.2,40.1,31.0,22.8,11.2
33,-0.322,0.000,3598.4,-0.0,-0.0,0,13017,1.000,0.000,-0.172,0.333,0.008,64.6,0.0,0,-2.10,-0.169,67.2,309.3,1.000,5.7,12.6,22.5,140.5,90.9,77.4,71.7,67.4,64.6,62.0,59.7,57.5,54.7,51.9,47.2,40.1,31.0,22.8,11.2
34,-0.302,0.000,3598.4,-0.0,-0.0,0,13300,1.000,0.000,-0.172,0.333,0.008,64.6,0.0,0,-2.10,-0.169,67.2,309.3,1.000,5.7,12.6,22.5,140.5,90.9,77.4,71.7,67.4,64.6,62.0,59.7,57.5,54.7,51.9,47.2,40.1,31.0,22.8,11.2
35,-0.282,0.000,3598.4,-0.0,-0.0,0,13584,1.000,0.000,-0.172,0.333,0.008,64.6,0.0,0,-2.10,-0.169,67.2,309.3,1.000,5.7,12.6,22.5,140.5,90.9,77.4,71.7,67.4,64.6,62.0,59.7,57.5,54.7,51.9,47.2,40.1,31.0,22.8,11.2
36,-0.262,0.000,3598.4,-0.0,-0.0,0,13870,1.000,0.000,-0.172,0.333,0.008,64.6,0.0,0,-2.10,-0.169,67.2,309.3,1.000,5.7,12.6,22.5,140.5,90.9,77.4,71.7,67.4,64.6,62.0,59.7,57.5,54.7,51.9,47.2,40.1,31.0,22.8,11.2
37,-0.242,0.000,3598.4,-0.0,-0.0,0,14156,1.000,0.000,-0.172,0.333,0.008,64.6,0.0,0,-2.10,-0.169,67.2,309.3,1.000,5.7,12.6,22.5,140.5,90.9,77.4,71.7,67.4,64.6,62.0,59.7,57.5,54.7,51.9,47.2,40.1,31.0,22.8,11.2
38,-0.222,0.000,3598.4,-0.0,-0.0,0,14443,1.000,0.000,-0.172,0.333,0.008,64.6,0.0,0,-2.10,-0.169,67.2,309.3,1.000,5.7,12.6,22.5,140.5,90.9,77.4,71.7,67.4,64.6,62.0,59.7,57.5,54.7,51.9,47.2,40.1,31.0,22.8,11.2
39,-0.202,0.000,3598.4,-0.0,-0.0,0,14732,1.000,0.000,-0.172,0.333,0.008,64.6,0.0,0,-2.10,-0.169,67.2,309.3,1.000,5.7,12.6,22.5,140.5,90.9,77.4,71.7,67.4,64.6,62.0,59.7,57.5,54.7,51.9,47.2,40.1,31.0,22.8,11.2
40,-0.182,0.000,3598.4,-0.0,-0.0,0,15021,1.000,0.000,-0.172,0.333,0.008,64.6,0.0,0,-2.10,-0.169,67.2,309.3,1.000,5.7,12.6,22.5,140.5,90.9,77.4,71.7,67.4,64.6,62.0,59.7,57.5,54.7,51.9,47.2,40.1,31.0,22.8,11.2
41,-0.162,0.000,3598.4,-0.0,-0.0,0,15312,1.000,0.000,-0.172,0.333,0.008,64.6,0.0,0,-2.10,-0.169,67.2,309.3,1.000,5.7,12.6,22.5,140.5,90.9,77.4,71.7,67.4,64.6,62.0,59.7,57.5,54.7,51.9,47.2,40.1,31.0,22.8,11.2
42,-0.142,0.000,3598.4,-0.0,-0.0,0,15604,1.000,0.000,-0.172,0.333,0.008,64.6,0.0,0,-2.10,-0.169,67.2,309.3,1.000,5.7,12.6,22.5,140.5,90.9,77.4,71.7,67.4,64.6,62.0,59.7,57.5,54.7,51.9,47.2,40.1,31.0,22.8,11.2
43,-0.122,0.000,3598.4,-0.0,-0.0,0,15897,1.000,0.000,-0.172,0.333,0.008,64.6,0.0,0,-2.10,-0.169,67.2,309.3,1.000,5.7,12.6,22.5,140.5,90.9,77.4,71.7,67.4,64.6,62.0,59.7,57.5,54.7,51.9,47.2,40.1,31.0,22.8,11.2
44,-0.102,0.000,3598.4,-0.0,-0.0,0,16192,1.000,0.000,-0.172,0.333,0.008,64.6,0.0,0,-2.10,-0.169,67.2,309.3,1.000,5.7,12.6,22.5,140.5,90.9,77.4,71.7,67.4,64.6,62.0,59.7,57.5,54.7,51.9,47.2,40.1,31.0,22.8,11.2
45,-0.082,0.000,3598.4,-0.0,-0.0,0,16487,1.000,0.000,-0.172,0.333,0.008,64.6,0.0,0,-2.10,-0.169,67.2,309.3,1.000,5.7,12.6,22.5,140.5,90.9,77.4,71.7,67.4,64.6,62.0,59.7,57.5,54.7,51.9,47.2,40.1,31.0,22.8,11.2
46,-0.062,0.000,3598.4,-0.0,-0.0,0,16784,1.000,0.000,-0.172,0.333,0.008,64.6,0.0,0,-2.10,-0.169,67.2,309.3,1.000,5.7,12.6,22.5,140.5,90.9,77.4,71.7,67.4,64.6,62.0,59.7,57.5,54.7,51.9,47.2,40.1,31.0,22.8,11.2
47,-0.042,0.000,3598.4,-0.0,-0.0,0,17081,1.000,0.000,-0.172,0.333,0.008,64.6,0.0,0,-2.10,-0.169,67.2,309.3,1.000,5.7,12.6,22.5,140.5,90.9,77.4,71.7,67.4,64.6,62.0,59.7,57.5,54.7,51.9,47.2,40.1,31.0,22.8,11.2
48,-0.022,0.000,3598.4,-0.0,-0.0,0,17378,1.000,0.000,-0.172,0.333,0.008,64.6,0.0,0,-2.10,-0.169,67.2,309.3,1.000,5.7,12.6,22.5,140.5,90.9,77.4,71.7,67.4,64.6,62.0,59.7,57.5,54.7,51.9,47.2,40.1,31.0,22.8,11.2
49,0.018,0.000,3598.4,-0.0,0.0,0,17972,1.000,0.000,-0.170,0.333,0.009,64.4,-0.0,0,-2.09,-0.169,67.2,308.4,1.000,5.7,12.6,22.5,139.8,90.6,77.1,71.5,67.2,64.4,61.9,59.5,57.4,54.6,51.8,47.2,40.0,31.0,22.7,11.2
50,0.038,0.000,3598.4,0.7,-0.0,1,16374,1.000,0.000,-0.170,0.333,0.009,64.5,31.4,0,-2.10,-0.169,67.2,308.7,1.000,5.7,12.6,22.5,139.9,90.7,77.2,71.5,67.2,64.5,61.9,59.6,57.4,54.6,51.8,47.2,40.0,31.0,22.7,11.2
51,0.058,0.000,3598.5,1.5,-0.0,1,15230,1.000,0.000,-0.170,0.333,0.009,64.4,54.2,0,-2.09,-0.169,67.2,308.4,1.000,5.7,12.6,22.6,139.8,90.6,77.1,71.5,67.2,64.4,61.9,59.5,57.4,54.6,51.8,47.2,40.0,31.0,22.7,11.2
52,0.078,0.000,3598.5,2.4,-0.1,1,14464,1.000,0.000,-0.168,0.333,0.009,64.3,76.2,0,-2.09,-0.168,67.2,307.9,1.000,5.7,12.7,22.6,139.3,90.4,77.0,71.4,67.1,64.3,61.8,59.5,57.3,54.5,51.7,47.1,40.0,31.0,22.7,11.2
53,0.098,0.000,3598.5,3.4,-0.1,1,14018,1.000,0.000,-0.167,0.333,0.009,64.2,97.1,0,-2.08,-0.168,67.2,307.1,1.000,5.7,12.7,22.7,138.7,90.2,76.8,71.2,66.9,64.2,61.7,59.3,57.2,54.4,51.6,47.0,39.9,30.9,22.7,11.2
54,0.118,0.000,3598.5,4.4,-0.1,1,13844,1.000,0.000,-0.164,0.333,0.010,64.0,116.6,0,-2.07,-0.168,67.1,306.1,1.000,5.7,12.7,22.8,137.9,89.8,76.6,71.0,66.7,64.0,61.5,59.2,57.0,54.3,51.5,46.9,39.8,30.9,22.7,11.2
55,0.138,0.000,3598.5,5.4,-0.1,1,13906,1.000,0.000,-0.161,0.333,0.011,63.8,136.1,0,-2.06,-0.167,67.1,304.8,1.000,5.7,12.7,23.0,136.9,89.4,76.2,70.7,66.5,63.8,61.3,59.0,56.9,54.1,51.3,46.8,39.7,30.8,22.6,11.2
56,0.158,0.000,3598.6,6.4,-0.1,1,14181,1.000,0.000,-0.157,0.333,0.011,63.5,155.9,0,-2.05,-0.167,67.1,303.3,1.000,5.7,12.8,23.2,135.8,88.9,75.8,70.4,66.2,63.5,61.0,58.8,56.6,53.9,51.1,46.6,39.6,30.7,22.6,11.2
57,0.178,0.000,3598.6,7.4,-0.1,1,14758,0.000,0.000,-0.153,0.333,0.012,63.2,176.9,0,-2.03,-0.166,67.1,301.6,1.000,5.7,12.8,23.4,134.4,88.3,75.4,70.0,65.8,63.2,60.7,58.5,56.4,53.7,50.9,46.5,39.5,30.6,22.5,11.2
58,0.198,0.000,3598.7,8.3,-0.1,1,14767,0.200,0.000,-0.148,0.333,0.013,62.8,143.0,0,-2.02,-0.165,67.0,299.6,1.000,5.7,12.9,23.7,132.9,87.6,74.9,69.6,65.5,62.8,60.4,58.2,56.1,53.4,50.7,46.3,39.3,30.5,22.5,11.2
59,0.218,0.000,3598.7,9.2,-0.1,1,14472,0.360,0.000,-0.142,0.332,0.014,62.5,119.6,0,-2.00,-0.163,67.0,297.6,1.000,5.7,12.9,24.0,131.3,86.9,74.4,69.1,65.1,62.5,60.1,57.8,55.8,53.2,50.4,46.1,39.1,30.4,22.4,11.1
60,0.238,0.000,3598.8,10.2,-0.1,1,14164,0.488,0.000,-0.136,0.332,0.016,62.0,105.3,0,-1.98,-0.162,66.9,295.4,1.000,5.8,13.0,24.4,129.6,86.1,73.8,68.6,64.6,62.0,59.7,57.5,55.5,52.9,50.2,45.8,39.0,30.3,22.3,11.1
61,0.260,0.000,3598.8,11.2,-0.1,1,13818,0.590,0.000,-0.129,0.332,0.017,61.6,97.3,0,-1.96,-0.160,66.8,292.8,1.000,5.8,13.0,24.9,127.7,85.2,73.1,68.0,64.1,61.6,59.2,57.1,55.1,52.5,49.9,45.6,38.8,30.1,22.2,11.1
62,0.280,0.000,3598.9,12.1,-0.1,1,13554,0.672,0.000,-0.121,0.331,0.019,61.1,95.9,0,-1.94,-0.158,66.7,290.4,1.000,5.8,13.1,25.3,125.9,84.4,72.5,67.5,63.6,61.1,58.8,56.7,54.7,52.2,49.5,45.3,38.5,30.0,22.1,11.1
63,0.300,0.000,3598.9,13.0,-0.1,1,13376,0.738,0.000,-0.114,0.331,0.020,60.7,99.0,0,-1.92,-0.155,66.6,287.9,1.000,5.8,13.2,25.9,124.1,83.5,71.9,66.9,63.1,60.7,58.4,56.3,54.3,51.8,49.2,45.0,38.3,29.8,22.0,11.1
64,0.320,0.000,3599.0,14.0,-0.1,1,13309,0.790,0.000,-0.106,0.331,0.021,60.2,105.5,0,-1.91,-0.153,66.5,285.5,1.000,5.8,13.3,26.5,122.2,82.7,71.2,66.3,62.6,60.2,57.9,55.9,53.9,51.5,48.9,44.8,38.1,29.7,22.0,11.1
65,0.340,0.000,3599.1,14.9,-0.1,1,13366,0.832,0.000,-0.099,0.330,0.023,59.7,114.7,0,-1.89,-0.151,66.4,283.0,1.000,5.8,13.4,27.2,120.4,81.8,70.6,65.8,62.1,59.7,57.5,55.5,53.6,51.1,48.6,44.5,37.9,29.5,21.9,11.0
66,0.360,0.000,3599.2,15.9,-0.1,1,13556,0.866,0.000,-0.091,0.330,0.024,59.2,126.2,0,-1.88,-0.150,66.4,280.5,1.000,5.8,13.4,28.1,118.6,81.0,69.9,65.2,61.6,59.2,57.0,55.0,53.2,50.7,48.3,44.2,37.7,29.4,21.8,11.0
67,0.380,0.000,3599.3,16.8,-0.1,1,13894,0.893,0.000,-0.082,0.329,0.026,58.7,139.3,0,-1.87,-0.147,66.3,278.0,1.000,5.8,13.5,29.1,116.9,80.1,69.3,64.6,61.0,58.7,56.6,54.6,52.8,50.4,47.9,43.9,37.4,29.2,21.7,11.0
68,0.400,0.000,3599.4,17.8,-0.1,1,14490,0.914,0.000,-0.074,0.329,0.027,58.3,154.3,0,-1.86,-0.145,66.2,275.6,1.000,5.9,13.6,30.4,115.1,79.2,68.6,64.0,60.5,58.3,56.1,54.2,52.4,50.0,47.6,43.6,37.2,29.1,21.6,11.0
69,0.420,0.000,3599.5,18.7,-0.0,1,15724,0.695,0.000,-0.065,0.328,0.029,57.8,170.9,0,-1.87,-0.142,66.0,273.3,1.000,5.9,13.7,32.3,113.5,78.4,68.0,63.5,60.0,57.8,55.7,53.8,52.0,49.7,47.3,43.4,37.0,28.9,21.5,11.0
70,0.440,0.000,3599.6,19.6,-0.0,1,18536,0.384,0.000,0.094,0.328,0.030,57.3,175.1,0,-6.15,-0.139,65.9,271.0,1.000,5.9,13.8,200.0,111.9,77.6,67.3,62.9,59.5,57.3,55.3,53.4,51.6,49.3,46.9,43.1,36.8,28.7,21.4,10.9
71,0.460,0.000,3599.7,20.6,0.2,1,17313,0.508,0.000,0.097,0.327,0.031,57.1,160.3,0,-6.17,-0.136,65.8,270.3,1.000,5.9,13.8,200.0,111.4,77.3,67.1,62.7,59.3,57.1,55.1,53.2,51.4,49.2,46.8,43.0,36.7,28.7,21.4,10.9
72,0.480,0.000,3599.8,21.5,0.2,1,17156,0.606,0.000,0.092,0.327,0.029,57.3,153.1,0,-6.15,-0.133,65.6,271.8,1.000,5.9,13.8,200.0,112.4,77.8,67.4,63.0,59.6,57.3,55.3,53.4,51.6,49.3,46.9,43.0,36.7,28.7,21.4,10.9
73,0.502,0.000,3599.9,22.6,0.2,1,17144,0.685,0.000,-0.062,0.327,0.028,57.6,151.7,0,-1.93,-0.129,65.5,273.8,1.000,5.9,13.7,35.4,113.9,78.4,67.9,63.4,59.9,57.6,55.6,53.6,51.8,49.5,47.1,43.2,36.9,28.8,21.5,11.0
74,0.522,0.000,3600.1,23.5,-0.0,1,17312,0.748,0.000,0.085,0.326,0.027,57.6,155.2,0,-6.13,-0.126,65.3,274.1,1.000,5.9,13.7,200.0,114.1,78.4,67.9,63.4,59.9,57.6,55.5,53.6,51.8,49.5,47.1,43.2,36.8,28.8,21.4,11.0
75,0.542,0.000,3600.2,24.5,0.1,1,17891,0.798,0.000,0.086,0.326,0.027,57.5,162.4,0,-6.14,-0.122,65.2,274.0,1.000,5.9,13.8,200.0,114.0,78.3,67.8,63.3,59.8,57.5,55.4,53.5,51.7,49.4,47.0,43.1,36.8,28.8,21.4,11.0
76,0.562,0.000,3600.3,25.4,0.2,1,19230,0.813,0.000,0.081,0.325,0.025,57.8,172.2,0,-6.13,-0.118,65.0,275.7,1.000,5.9,13.7,200.0,115.2,78.8,68.2,63.6,60.0,57.8,55.7,53.7,51.9,49.5,47.1,43.2,36.8,28.8,21.5,11.0
77,0.582,0.000,3600.5,26.3,0.2,1,19655,0.722,0.000,-0.071,0.325,0.024,58.1,173.9,0,-1.95,-0.114,64.8,278.0,1.000,5.9,13.6,32.8,116.8,79.5,68.6,64.0,60.4,58.1,55.9,54.0,52.1,49.8,47.3,43.3,37.0,28.9,21.5,11.0
78,0.602,0.000,3600.7,27.3,-0.1,2,19119,0.778,0.000,-0.072,0.324,0.023,58.1,168.2,0,-1.96,-0.109,64.7,278.6,1.000,5.9,13.6,33.0,117.2,79.6,68.7,64.0,60.4,58.1,56.0,54.0,52.1,49.7,47.3,43.3,36.9,28.9,21.5,11.0
79,0.622,0.000,3600.8,28.2,-0.2,2,18752,0.822,0.000,0.082,0.323,0.024,57.6,167.7,0,-6.14,-0.106,64.5,276.4,1.000,5.9,13.7,200.0,115.7,78.9,68.1,63.5,59.9,57.6,55.5,53.6,51.7,49.4,47.0,43.0,36.7,28.7,21.4,11.0
80,0.642,0.000,3601.0,29.2,0.1,2,18467,0.858,0.000,0.087,0.323,0.024,57.4,169.8,0,-6.16,-0.101,64.3,275.4,1.000,5.9,13.8,200.0,115.0,78.4,67.8,63.2,59.7,57.4,55.3,53.3,51.5,49.2,46.8,42.8,36.6,28.6,21.4,11.0
81,0.662,0.000,3601.1,30.1,0.2,2,18045,0.860,0.000,0.082,0.322,0.023,57.6,173.7,0,-6.15,-0.096,64.1,277.2,1.000,5.9,13.8,200.0,116.3,79.0,68.1,63.5,59.9,57.6,55.5,53.5,51.7,49.3,46.9,42.9,36.6,28.7,21.4,11.0
82,0.682,0.000,3601.3,31.1,0.1,2,17704,0.584,0.000,0.073,0.322,0.021,58.0,177.7,0,-6.12,-0.091,63.9,376.8,1.000,5.9,13.7,200.0,118.3,79.8,68.7,64.0,60.4,58.0,55.9,53.9,52.0,49.6,47.1,43.1,36.8,28.8,21.5,11.0
83,0.702,0.000,3601.5,32.1,0.1,2,17232,0.667,0.000,-0.079,0.321,0.018,58.5,168.4,0,-2.03,-0.087,63.7,283.2,1.000,5.9,13.6,33.2,120.6,80.8,69.4,64.5,60.8,58.5,56.3,54.2,52.3,49.9,47.4,43.3,36.9,28.9,21.5,11.0
84,0.722,0.000,3601.7,33.0,-0.2,2,16902,0.734,0.000,-0.081,0.321,0.017,58.6,163.0,0,-2.05,-0.083,63.5,284.5,1.000,5.9,13.6,33.0,121.5,81.1,69.6,64.7,61.0,58.6,56.4,54.3,52.4,49.9,47.4,43.3,36.9,28.9,21.5,11.0
85,0.742,0.000,3601.8,34.0,-0.3,2,16671,0.787,0.000,0.069,0.320,0.018,58.1,160.8,0,-6.12,-0.077,63.3,376.8,1.000,5.9,13.7,200.0,120.0,80.3,69.0,64.2,60.5,58.1,55.9,53.9,52.0,49.6,47.1,43.1,36.7,28.7,21.4,11.0
86,0.762,0.000,3602.0,34.9,-0.1,2,16512,0.830,0.000,0.075,0.319,0.018,57.8,161.3,0,-6.14,-0.072,63.1,376.8,1.000,5.9,13.7,200.0,119.1,79.8,68.6,63.8,60.2,57.8,55.6,53.6,51.7,49.3,46.9,42.8,36.5,28.6,21.4,11.0
87,0.782,0.000,3602.2,35.9,0.0,2,16420,0.864,0.000,0.069,0.319,0.017,58.0,163.6,0,-6.13,-0.067,62.9,376.8,1.000,5.9,13.7,200.0,120.6,80.4,69.0,64.1,60.4,58.0,55.8,53.8,51.9,49.5,47.0,42.9,36.6,28.7,21.4,11.0
88,0.802,0.000,3602.4,36.8,-0.0,2,16396,0.891,0.000,0.059,0.318,0.014,58.5,167.6,0,-6.10,-0.062,62.6,376.8,1.000,5.9,13.6,200.0,123.0,81.4,69.6,64.7,60.9,58.5,56.2,54.1,52.2,49.8,47.2,43.1,36.7,28.8,21.5,11.0
89,0.822,0.000,3602.6,37.8,-0.1,2,16444,0.913,0.000,-0.088,0.318,0.012,59.0,172.8,0,-2.15,-0.056,62.4,290.4,1.000,5.9,13.6,34.2,125.9,82.5,70.4,65.3,61.5,59.0,56.7,54.6,52.6,50.1,47.5,43.3,36.9,28.9,21.5,11.0
90,0.842,0.000,3602.8,38.8,-0.4,2,16578,0.711,0.000,-0.090,0.317,0.010,59.1,179.1,0,-2.17,-0.050,62.1,292.1,1.000,5.9,13.5,33.8,127.2,82.9,70.7,65.6,61.6,59.1,56.8,54.7,52.7,50.2,47.6,43.4,36.9,28.9,21.5,11.0
91,0.862,0.000,3603.1,39.7,-0.5,2,16615,0.769,0.000,0.054,0.316,0.011,58.6,175.6,0,-6.09,-0.045,61.9,376.8,1.000,5.9,13.6,200.0,125.5,82.1,70.1,65.0,61.1,58.6,56.4,54.3,52.3,49.8,47.2,43.1,36.6,28.7,21.4,11.0
92,0.882,0.000,3603.3,40.7,-0.3,2,16665,0.815,0.000,0.061,0.315,0.012,58.3,174.8,0,-6.12,-0.039,61.6,376.8,1.000,5.9,13.7,200.0,124.4,81.5,69.6,64.6,60.7,58.3,56.0,53.9,52.0,49.5,46.9,42.8,36.4,28.6,21.4,11.0
93,0.902,0.000,3603.5,41.7,-0.2,2,16756,0.852,0.000,0.056,0.315,0.010,58.5,176.1,0,-6.11,-0.032,61.4,376.8,1.000,5.9,13.7,200.0,126.0,82.1,69.9,64.8,61.0,58.5,56.2,54.1,52.1,49.6,47.0,42.9,36.5,28.6,21.4,11.0
94,0.922,0.000,3603.8,42.6,-0.2,2,16909,0.882,0.000,0.046,0.314,0.007,58.9,179.1,0,-6.08,-0.026,61.1,376.8,1.000,5.9,13.6,200.0,128.9,83.1,70.7,65.5,61.5,58.9,56.6,54.5,52.5,49.9,47.3,43.1,36.6,28.7,21.4,11.0
95,0.942,0.000,3604.0,43.6,-0.3,2,17150,0.603,0.000,0.034,0.314,0.004,59.5,183.6,0,-6.05,-0.020,60.9,376.8,1.000,5.8,13.6,200.0,132.3,84.4,71.6,66.2,62.1,59.5,57.1,54.9,52.9,50.3,47.6,43.3,36.8,28.8,21.5,11.0
96,0.962,0.000,3604.2,44.6,-0.4,2,17063,0.683,0.000,-0.106,0.313,0.002,60.1,174.6,0,-2.34,-0.013,60.6,303.7,1.000,5.8,13.5,33.3,136.1,85.8,72.5,66.9,62.8,60.1,57.6,55.4,53.3,50.6,47.9,43.6,36.9,28.9,21.6,11.1
97,0.982,0.000,3604.5,45.5,-0.7,2,16994,0.746,0.000,-0.108,0.313,0.000,60.3,170.2,0,-2.37,-0.006,60.3,306.0,1.000,5.8,13.5,33.2,137.8,86.3,72.8,67.2,63.0,60.3,57.8,55.5,53.4,50.7,48.0,43.6,36.9,28.9,21.6,11.1
98,1.004,0.000,3604.8,46.6,-0.8,2,16973,0.797,0.000,0.020,0.312,0.001,59.6,168.3,0,-6.05,0.001,60.0,376.8,1.000,5.8,13.6,200.0,135.5,85.2,72.0,66.5,62.3,59.6,57.2,55.0,52.9,50.2,47.5,43.2,36.6,28.7,21.5,11.0
99,1.024,0.000,3605.0,47.5,-0.6,2,17011,0.838,0.000,0.020,0.311,0.002,59.1,168.9,0,-6.09,0.009,59.7,376.8,1.000,5.9,13.7,200.0,133.6,84.3,71.3,65.8,61.7,59.1,56.7,54.5,52.4,49.8,47.2,42.9,36.3,28.5,21.3,11.0
100,1.044,0.000,3605.3,48.5,-0.5,2,17121,0.870,0.000,0.009,0.311,0.001,59.1,171.1,0,-6.09,0.015,59.4,376.8,1.000,5.9,13.8,200.0,134.5,84.5,71.3,65.9,61.8,59.1,56.7,54.5,52.4,49.8,47.1,42.8,36.3,28.5,21.3,11.0
101,1.064,0.000,3605.6,49.5,-0.5,2,17321,0.896,0.000,-0.007,0.310,-0.001,59.3,174.7,0,-6.09,0.017,59.3,376.8,1.000,5.9,13.7,200.0,136.4,85.1,71.7,66.2,62.0,59.3,56.9,54.6,52.5,49.9,47.2,42.8,36.3,28.5,21.3,11.0
102,1.084,0.000,3605.8,50.5,-0.6,2,17648,0.917,0.000,-0.098,0.310,-0.002,59.5,179.3,0,-3.94,0.018,59.5,306.7,1.000,5.9,13.7,113.5,138.4,85.7,72.1,66.4,62.2,59.5,57.0,54.7,52.7,50.0,47.3,42.9,36.3,28.5,21.3,11.0
103,1.104,0.000,3606.1,51.4,-0.8,2,18185,0.640,0.000,-0.106,0.309,-0.003,59.3,184.9,0,-4.03,0.018,59.3,306.7,1.000,5.9,13.8,116.9,138.4,85.5,71.9,66.3,62.0,59.3,56.8,54.6,52.5,49.8,47.1,42.7,36.1,28.4,21.3,11.0
104,1.124,0.000,3606.4,52.4,-0.9,2,17753,0.712,0.000,-0.034,0.309,-0.002,58.6,176.6,0,-6.15,0.018,58.6,376.8,1.000,5.9,14.0,200.0,135.4,84.2,70.9,65.4,61.2,58.6,56.2,53.9,51.9,49.2,46.6,42.3,35.8,28.1,21.1,11.0
105,1.144,0.000,3606.7,53.4,-0.7,2,17581,0.770,0.000,-0.034,0.308,-0.000,57.8,171.7,0,-6.20,0.017,57.8,376.8,1.000,5.9,14.2,200.0,132.3,82.8,69.8,64.5,60.4,57.8,55.4,53.3,51.2,48.7,46.0,41.8,35.4,27.9,20.9,10.9
106,1.164,0.000,3607.0,54.5,-0.6,2,17635,0.816,0.000,-0.039,0.307,0.001,57.3,170.1,0,-6.25,0.016,57.5,376.3,1.000,5.9,14.3,200.0,130.3,81.9,69.1,63.8,59.8,57.3,54.9,52.8,50.8,48.2,45.6,41.5,35.1,27.7,20.8,10.9
107,1.184,0.000,3607.3,55.4,-0.6,2,17754,0.853,0.000,-0.044,0.307,0.001,56.7,170.5,0,-6.29,0.014,57.2,375.3,1.000,5.9,14.5,200.0,128.6,81.0,68.4,63.2,59.3,56.7,54.4,52.3,50.3,47.8,45.2,41.1,34.8,27.5,20.7,10.9
108,1.204,0.000,3607.6,56.4,-0.6,2,18009,0.882,0.000,-0.048,0.306,0.002,56.2,172.9,0,-6.33,0.013,56.8,375.1,1.000,6.0,14.7,200.0,126.7,80.1,67.7,62.6,58.7,56.2,53.9,51.8,49.9,47.4,44.8,40.8,34.6,27.3,20.6,10.9
109,1.224,0.000,3607.9,57.4,-0.5,2,18391,0.906,0.000,-0.051,0.305,0.003,55.6,176.8,0,-6.38,0.011,56.5,375.3,1.000,6.0,14.9,200.0,124.6,79.1,66.9,61.8,58.0,55.6,53.3,51.3,49.3,46.9,44.4,40.4,34.2,27.1,20.4,10.8
110,1.244,0.000,3608.3,58.4,-0.5,2,18833,0.925,0.000,-0.052,0.305,0.005,54.9,181.6,0,-6.44,0.010,56.1,375.8,1.000,6.0,15.1,200.0,122.0,77.8,66.0,61.0,57.3,54.9,52.7,50.6,48.8,46.4,43.9,39.9,33.9,26.8,20.3,10.8
111,1.264,0.000,0.1,59.4,-0.4,2,19281,0.894,0.000,-0.047,0.303,0.007,54.1,186.7,0,-6.50,0.008,56.0,376.3,1.000,6.0,15.4,200.0,119.1,76.5,64.9,60.1,56.4,54.1,51.9,49.9,48.1,45.7,43.3,39.5,33.5,26.5,20.1,10.7
112,1.284,0.000,0.5,60.4,-0.3,2,19541,0.780,0.000,-0.035,0.302,0.011,53.2,188.9,0,-6.58,0.006,56.3,276.7,1.000,6.1,15.7,200.0,115.9,75.0,63.8,59.1,55.5,53.2,51.1,49.2,47.4,45.1,42.7,38.9,33.1,26.3,19.9,10.7
113,1.304,0.000,0.8,61.4,-0.2,3,19232,0.824,0.000,-0.022,0.301,0.015,52.4,179.7,0,-6.65,0.005,56.5,272.5,1.000,6.1,16.0,200.0,112.9,73.6,62.7,58.1,54.7,52.4,50.4,48.5,46.7,44.5,42.2,38.4,32.7,26.0,19.8,10.6
114,1.324,0.000,1.2,62.4,-0.1,3,18942,0.859,0.000,-0.010,0.300,0.019,51.7,172.4,0,-6.72,0.003,56.7,268.7,1.000,6.2,16.3,200.0,110.3,72.3,61.7,57.2,53.8,51.7,49.6,47.8,46.1,43.9,41.6,38.0,32.3,25.7,19.6,10.6
115,1.344,0.000,1.5,63.1,0.0,3,18692,0.888,0.000,-0.000,0.299,0.023,51.0,175.5,0,-6.78,0.002,57.0,263.0,1.000,6.2,16.6,200.0,108.2,71.2,60.8,56.5,53.1,51.0,49.0,47.2,45.5,43.4,41.1,37.5,32.0,25.5,19.5,10.6
116,1.364,0.000,1.9,64.0,0.1,3,18222,0.910,0.000,0.008,0.298,0.026,50.4,178.7,0,-6.84,0.002,57.3,259.4,1.000,6.2,17.0,200.0,106.4,70.2,60.1,55.8,52.5,50.4,48.5,46.7,45.0,42.9,40.7,37.1,31.7,25.2,19.3,10.5
117,1.384,0.000,2.2,64.9,0.2,3,17818,0.928,0.000,0.016,0.296,0.029,49.9,178.3,0,-6.89,0.001,57.6,257.7,1.000,6.3,17.3,200.0,105.0,69.5,59.5,55.2,52.0,49.9,48.0,46.2,44.6,42.5,40.3,36.8,31.4,25.0,19.2,10.5
118,1.404,0.000,2.6,65.9,0.2,3,17507,0.942,0.000,0.021,0.295,0.032,49.5,177.0,0,-6.93,0.001,57.9,257.1,1.000,6.3,17.5,200.0,104.1,68.9,59.0,54.8,51.6,49.5,47.6,45.9,44.2,42.1,40.0,36.5,31.2,24.9,19.1,10.4
119,1.424,0.000,3.0,66.9,0.3,3,17267,0.954,0.000,0.024,0.293,0.034,49.2,174.9,0,-6.97,0.001,58.2,257.2,1.000,6.3,17.8,200.0,103.5,68.4,58.6,54.4,51.2,49.2,47.3,45.5,43.9,41.8,39.7,36.3,30.9,24.7,19.0,10.4
120,1.444,0.000,3.4,68.0,0.2,3,17078,0.963,0.000,0.026,0.291,0.036,48.9,172.3,0,-7.00,0.000,58.6,257.8,1.000,6.4,18.1,200.0,103.2,68.1,58.3,54.1,51.0,48.9,47.0,45.3,43.7,41.6,39.5,36.0,30.7,24.6,18.9,10.4
121,1.464,0.000,3.7,69.1,0.2,3,16935,0.971,0.000,0.027,0.289,0.037,48.7,169.8,0,-7.02,0.000,59.0,258.3,1.000,6.4,18.3,200.0,103.2,67.9,58.1,53.9,50.7,48.7,46.8,45.1,43.5,41.4,39.3,35.9,30.6,24.4,18.8,10.3
122,1.484,0.000,4.1,70.1,0.2,3,16826,0.976,0.000,0.027,0.287,0.039,48.6,167.5,0,-7.04,0.000,59.4,258.7,1.000,6.4,18.5,200.0,103.5,67.9,58.0,53.8,50.6,48.6,46.7,44.9,43.3,41.2,39.1,35.7,30.4,24.3,18.7,10.3
123,1.504,0.000,4.5,71.2,0.1,3,16742,0.981,0.000,0.026,0.284,0.040,48.5,165.7,0,-7.05,0.000,59.9,259.6,1.000,6.4,18.8,200.0,104.1,67.9,57.9,53.7,50.5,48.5,46.6,44.8,43.2,41.1,39.0,35.6,30.3,24.2,18.6,10.3
124,1.524,0.000,4.9,72.2,0.0,3,16686,0.985,0.000,0.065,0.281,0.041,48.4,164.7,0,-7.06,-0.007,60.3,260.8,1.000,6.5,19.0,200.0,104.9,68.1,58.0,53.7,50.5,48.4,46.5,44.7,43.1,41.0,38.9,35.4,30.2,24.1,18.5,10.2
125,1.544,0.000,5.3,73.2,-0.0,3,16650,0.988,0.000,0.093,0.279,0.041,48.6,164.2,0,-7.05,-0.018,60.8,263.6,1.000,6.5,19.1,200.0,106.8,68.6,58.3,54.0,50.7,48.6,46.6,44.8,43.2,41.1,38.9,35.4,30.1,24.0,18.5,10.2
126,1.564,0.000,5.8,74.3,-0.1,3,16635,0.990,0.000,0.107,0.276,0.040,49.1,164.3,0,-7.01,-0.027,61.2,269.4,1.000,6.5,19.0,200.0,110.8,70.0,59.2,54.7,51.3,49.1,47.1,45.3,43.6,41.4,39.2,35.6,30.2,24.1,18.5,10.2
127,1.584,0.000,6.2,75.2,-0.3,3,16639,0.992,0.000,0.109,0.273,0.037,50.1,164.6,0,-6.92,-0.035,61.5,279.0,1.000,6.5,18.8,200.0,117.5,72.4,60.8,56.0,52.4,50.1,48.0,46.1,44.3,42.1,39.7,36.1,30.5,24.2,18.6,10.2
128,1.604,0.000,6.6,76.2,-0.7,3,16658,0.994,0.000,0.097,0.270,0.032,51.6,165.1,0,-6.79,-0.046,62.0,376.8,1.000,6.5,18.4,200.0,127.8,75.9,63.1,57.9,54.1,51.6,49.4,47.3,45.4,43.0,40.6,36.7,30.9,24.5,18.7,10.2
129,1.624,0.000,7.0,77.3,-1.2,3,16680,0.995,0.000,0.006,0.267,0.026,53.5,163.5,0,-4.68,-0.060,62.6,259.8,1.000,6.5,17.9,119.4,142.9,80.6,66.2,60.5,56.2,53.5,51.1,48.9,46.9,44.3,41.7,37.6,31.4,24.8,18.9,10.3
130,1.644,0.000,7.5,78.4,-1.9,3,16677,0.996,0.000,-0.033,0.264,0.020,55.6,159.9,0,-4.04,-0.071,63.0,230.7,1.000,6.5,17.5,86.8,161.9,85.9,69.6,63.3,58.6,55.6,53.0,50.6,48.4,45.6,42.8,38.4,32.0,25.1,19.1,10.3
131,1.664,0.000,7.9,79.5,-2.5,3,16668,0.997,0.000,-0.049,0.261,0.016,57.4,156.7,0,-3.95,-0.087,63.7,238.6,1.000,6.5,17.3,72.5,179.8,90.6,72.5,65.6,60.5,57.4,54.5,51.9,49.6,46.7,43.7,39.1,32.4,25.3,19.2,10.3
132,1.684,0.000,8.4,80.6,-2.9,3,16662,0.997,0.000,-0.060,0.257,0.014,58.7,154.6,0,-3.88,-0.103,64.4,245.1,1.000,6.5,17.2,65.0,186.5,94.7,75.0,67.5,62.1,58.7,55.7,53.0,50.6,47.5,44.4,39.6,32.6,25.4,19.2,10.3
133,1.704,0.000,8.8,81.6,-3.2,3,16668,0.998,0.000,-0.066,0.253,0.012,59.9,154.1,0,-3.83,-0.118,65.0,250.8,1.000,6.5,17.1,60.4,190.3,98.3,77.1,69.1,63.4,59.9,56.7,53.9,51.3,48.1,44.9,40.0,32.8,25.4,19.2,10.3
134,1.724,0.000,9.3,82.6,-3.5,3,16692,0.998,0.000,-0.072,0.249,0.011,60.9,154.3,0,-3.79,-0.135,65.7,256.2,1.000,6.6,17.2,57.1,193.0,101.9,79.0,70.6,64.6,60.9,57.6,54.7,52.0,48.7,45.4,40.3,33.0,25.4,19.2,10.3
135,1.744,0.000,9.8,83.6,-3.7,3,16728,0.999,0.000,-0.078,0.245,0.010,61.9,154.9,0,-3.76,-0.152,66.5,261.7,1.000,6.6,17.2,54.6,195.3,105.5,81.0,72.1,65.8,61.9,58.5,55.4,52.6,49.2,45.8,40.6,33.1,25.4,19.2,10.2
136,1.764,0.000,10.2,84.6,-4.0,3,16774,0.999,0.000,-0.085,0.240,0.009,63.0,155.6,0,-3.73,-0.170,67.2,267.5,1.000,6.6,17.3,52.4,197.3,109.4,83.1,73.7,67.0,63.0,59.4,56.2,53.3,49.8,46.3,40.9,33.2,25.4,19.2,10.2
137,1.784,0.000,10.7,85.6,-4.2,3,16828,0.999,0.000,-0.092,0.236,0.008,64.0,156.0,0,-3.70,-0.190,68.1,273.5,1.000,6.6,17.3,50.7,199.0,113.6,85.2,75.2,68.3,64.0,60.3,56.9,54.0,50.3,46.7,41.1,33.3,25.4,19.2,10.2
138,1.804,0.000,11.2,86.6,-4.4,3,16885,0.999,0.000,-0.101,0.231,0.008,65.1,156.2,0,-3.67,-0.213,69.1,279.7,1.000,6.7,17.4,49.2,200.0,118.0,87.5,76.9,69.5,65.1,61.2,57.7,54.6,50.8,47.1,41.4,33.4,25.4,19.1,10.1
139,1.824,0.000,11.7,87.6,-4.6,3,16943,0.999,0.000,-0.110,0.226,0.007,66.1,156.3,0,-3.63,-0.236,70.1,285.9,1.000,6.7,17.5,48.0,200.0,122.6,89.7,78.5,70.7,66.1,62.0,58.4,55.2,51.3,47.5,41.7,33.5,25.4,19.1,10.1
140,1.844,0.000,12.2,88.6,-4.8,3,17001,1.000,0.000,-0.118,0.221,0.007,67.0,156.1,0,-3.60,-0.261,71.1,376.8,1.000,6.8,17.6,47.2,200.0,127.1,91.8,79.9,71.9,67.0,62.8,59.1,55.8,51.7,47.8,41.8,33.5,25.3,19.0,10.1
141,1.864,0.000,12.7,89.7,-5.0,3,17019,1.000,0.000,-0.125,0.216,0.008,67.8,152.7,0,-3.58,-0.288,72.3,376.8,1.000,6.8,17.8,46.6,200.0,131.2,93.6,81.2,72.8,67.8,63.4,59.6,56.2,52.1,48.0,42.0,33.5,25.3,18.9,10.0
142,1.884,0.000,13.2,90.8,-5.1,3,17011,1.000,0.000,-0.130,0.211,0.009,68.4,148.9,0,-3.56,-0.316,73.5,376.8,1.000,6.9,18.1,46.3,200.0,134.9,95.1,82.2,73.5,68.4,63.9,60.0,56.5,52.3,48.2,42.0,33.5,25.2,18.8,10.0
143,1.904,0.000,13.7,91.9,-5.2,3,16997,1.000,0.000,-0.136,0.205,0.010,68.7,145.6,0,-3.56,-0.350,74.9,376.8,1.000,6.9,18.3,46.4,200.0,137.8,96.3,82.9,74.0,68.7,64.1,60.1,56.6,52.3,48.2,41.9,33.4,25.0,18.7,9.9
144,1.924,0.000,14.2,93.0,-5.2,3,16989,1.000,0.000,-0.140,0.200,0.012,68.8,143.7,0,-3.57,-0.386,76.4,376.8,1.000,7.0,18.7,46.6,200.0,139.8,96.9,83.3,74.2,68.8,64.2,60.1,56.6,52.2,48.0,41.8,33.2,24.8,18.5,9.9
145,1.944,0.000,14.7,94.0,-5.2,3,16996,1.000,0.000,-0.143,0.194,0.014,68.6,142.8,0,-3.59,-0.424,78.0,376.8,1.000,7.1,19.0,47.2,200.0,140.9,97.0,83.3,74.1,68.6,64.0,59.9,56.3,52.0,47.8,41.5,32.9,24.6,18.4,9.8
146,1.964,0.000,15.3,95.0,-5.2,3,17017,1.000,0.000,-0.143,0.188,0.017,68.2,142.4,0,-3.62,-0.463,79.7,376.8,1.000,7.1,19.4,48.0,200.0,140.9,96.7,82.9,73.6,68.2,63.6,59.5,55.9,51.6,47.4,41.2,32.6,24.4,18.2,9.7
147,1.984,0.000,15.8,96.0,-5.1,3,17048,1.000,0.000,-0.125,0.181,0.020,67.6,142.2,0,-3.66,-0.470,81.4,376.8,1.000,7.2,19.9,49.0,200.0,139.9,95.9,82.1,73.0,67.6,62.9,58.9,55.4,51.1,46.9,40.7,32.3,24.1,18.0,9.6
148,2.006,0.000,16.4,97.1,-5.0,3,17087,1.000,0.000,-0.102,0.174,0.024,66.9,141.9,0,-3.71,-0.470,83.8,376.8,1.000,7.3,20.4,50.0,200.0,138.7,94.9,81.3,72.2,66.9,62.3,58.3,54.7,50.5,46.4,40.3,31.9,23.8,17.8,9.5
149,2.028,0.000,17.0,98.3,-4.9,3,17128,1.000,0.000,-0.081,0.166,0.027,66.5,141.3,0,-3.74,-0.470,86.5,376.8,1.000,7.4,20.8,50.7,200.0,139.2,94.7,81.0,71.8,66.5,61.9,57.9,54.4,50.1,46.0,39.9,31.6,23.6,17.6,9.5
150,2.050,0.000,17.6,99.4,-4.8,3,17166,1.000,0.000,-0.067,0.159,0.028,66.8,140.3,0,-3.74,-0.470,89.2,376.8,1.000,7.5,21.1,50.7,200.0,142.6,95.9,81.6,72.2,66.8,62.1,58.0,54.4,50.1,46.0,39.8,31.4,23.4,17.4,9.4
151,2.072,0.000,18.2,100.6,-4.8,3,17157,1.000,0.000,-0.060,0.151,0.029,67.8,136.4,0,-3.71,-0.470,92.3,376.8,1.000,7.6,21.3,50.0,200.0,149.9,98.6,83.5,73.5,67.8,62.9,58.7,55.0,50.5,46.2,39.9,31.4,23.3,17.3,9.3
152,2.094,0.000,18.8,101.8,-5.0,3,17131,1.000,0.000,-0.058,0.143,0.029,69.7,132.4,0,-3.65,-0.470,95.8,376.8,1.000,7.6,21.3,48.8,200.0,162.2,103.3,86.6,75.8,69.7,64.4,59.9,56.0,51.3,46.9,40.3,31.6,23.3,17.2,9.3
153,2.116,0.000,19.4,103.0,-5.3,3,17100,1.000,0.000,-0.063,0.135,0.027,72.4,128.8,0,-3.57,-0.470,99.9,376.8,1.000,7.7,21.3,47.1,200.0,172.7,110.2,91.1,79.2,72.4,66.7,61.8,57.6,52.6,47.9,41.0,31.8,23.3,17.1,9.2
154,2.138,0.000,20.1,104.2,-5.6,3,17082,1.000,0.000,-0.072,0.126,0.025,76.1,126.3,0,-3.45,-0.470,104.3,376.8,1.000,7.8,21.1,45.3,200.0,178.4,120.0,97.4,83.7,76.1,69.7,64.3,59.7,54.3,49.2,41.8,32.3,23.5,17.1,9.2
155,2.160,0.000,20.7,105.3,-6.0,3,17078,1.000,0.000,-0.084,0.118,0.022,80.9,124.6,0,-3.31,-0.470,109.0,376.8,1.000,7.8,20.9,43.4,200.0,183.1,133.6,105.9,89.7,80.9,73.6,67.5,62.4,56.4,50.9,42.9,32.8,23.6,17.2,9.1
156,2.182,0.000,21.4,106.4,-6.5,3,17085,1.000,0.000,-0.115,0.109,0.019,86.9,123.3,0,-2.70,-0.470,114.6,363.2,1.000,7.9,20.7,41.6,153.4,187.1,152.4,117.1,97.3,86.9,78.4,71.5,65.7,59.0,52.9,44.3,33.4,23.9,17.2,9.1
157,2.204,0.000,22.0,107.5,-7.1,3,17096,1.000,0.000,-0.133,0.100,0.017,93.6,121.9,0,-2.37,-0.470,122.1,366.6,1.000,7.9,20.6,40.1,128.9,190.3,169.4,130.4,106.1,93.6,83.8,75.8,69.2,61.8,55.0,45.6,34.1,24.1,17.2,9.0
158,2.226,0.000,22.7,108.5,-7.5,3,17108,1.000,0.000,-0.143,0.091,0.015,100.5,120.3,0,-2.16,-0.470,130.6,369.1,1.000,8.0,20.5,39.0,113.8,192.7,175.1,145.1,115.3,100.5,89.1,80.0,72.7,64.3,56.9,46.8,34.6,24.2,17.2,9.0
159,2.248,0.000,23.4,109.7,-7.8,3,17107,1.000,0.000,-0.147,0.081,0.014,107.4,117.5,0,-2.01,-0.470,140.7,371.0,1.000,8.1,20.5,38.3,103.9,194.4,178.6,161.0,124.7,107.4,94.3,84.1,75.8,66.7,58.7,47.8,35.0,24.3,17.2,8.9
160,2.270,0.000,24.0,110.9,-8.1,3,17084,1.000,0.000,-0.146,0.072,0.014,114.2,113.8,0,-1.90,-0.470,148.7,372.3,1.000,8.2,20.5,37.7,97.0,195.7,181.0,168.3,134.3,114.2,99.3,87.9,78.8,68.9,60.2,48.7,35.4,24.4,17.1,8.8
161,2.292,0.000,24.7,112.0,-8.2,3,17057,1.000,0.000,-0.142,0.062,0.014,121.4,110.1,0,-1.81,-0.470,156.8,373.4,1.000,8.2,20.5,37.3,91.7,196.8,182.9,172.0,144.8,121.4,104.5,91.8,81.8,71.0,61.7,49.6,35.6,24.4,17.1,8.7
162,2.314,0.000,25.4,113.2,-8.3,3,17027,1.000,0.000,-0.137,0.052,0.014,129.6,106.8,0,-1.73,-0.470,165.4,374.4,1.000,8.3,20.5,36.9,87.2,197.7,184.5,174.7,157.1,129.6,110.3,96.0,85.0,73.3,63.3,50.4,35.9,24.4,17.0,8.6
163,2.336,0.000,26.1,114.3,-8.4,3,17005,1.000,0.000,-0.133,0.041,0.015,139.8,104.0,0,-1.64,-0.470,171.0,375.4,1.000,8.4,20.6,36.4,83.0,198.7,186.0,177.1,165.2,139.8,117.4,101.1,88.8,75.9,65.1,51.5,36.3,24.4,16.9,8.6
164,2.358,0.000,26.8,115.5,-8.6,3,16986,1.000,0.000,-0.130,0.031,0.015,153.4,101.4,0,-1.55,-0.470,174.3,376.6,1.000,8.5,20.6,36.0,79.0,199.8,187.6,179.4,169.5,153.4,126.5,107.6,93.6,79.2,67.4,52.7,36.7,24.5,16.9,8.5
165,2.380,0.000,27.5,116.6,-8.7,3,16970,1.000,0.000,-0.129,0.020,0.014,164.0,98.9,0,-1.45,-0.470,176.9,376.8,1.000,8.6,20.5,35.4,75.0,200.0,189.2,181.6,173.0,164.0,138.6,116.0,99.7,83.4,70.2,54.2,37.3,24.6,16.9,8.4
166,2.402,0.000,28.2,117.7,-8.9,3,16954,1.000,0.000,-0.130,0.010,0.014,169.0,96.3,0,-1.33,-0.470,179.1,376.8,1.000,8.7,20.4,34.8,71.2,200.0,190.9,183.7,176.1,169.0,155.3,127.1,107.6,88.6,73.7,56.1,38.0,24.8,16.9,8.3
167,2.424,0.000,29.0,118.9,-9.1,3,16935,1.000,0.000,-0.131,-0.001,0.013,172.8,93.3,0,-1.23,-0.470,181.1,376.8,1.000,8.7,20.3,34.2,67.6,200.0,192.5,185.8,178.8,172.8,164.5,141.9,117.7,95.1,78.0,58.3,38.8,25.0,16.9,8.3
168,2.446,0.000,29.7,120.0,-9.3,3,16911,1.000,0.000,0.069,-0.012,0.012,175.9,90.0,0,-0.90,0.000,182.9,370.6,1.000,8.8,20.2,33.5,64.4,144.8,194.1,187.8,181.3,175.9,169.3,158.9,130.9,103.2,83.1,60.9,39.8,25.3,16.9,8.2
169,2.468,0.000,30.4,121.1,-9.4,3,16886,1.000,0.000,0.069,-0.023,0.009,179.8,87.6,0,-0.70,0.000,184.6,373.2,1.000,8.8,20.0,32.6,60.3,123.9,196.5,190.4,184.5,179.8,174.2,167.3,155.1,117.5,91.9,65.2,41.4,25.8,17.0,8.1
170,2.490,0.000,31.2,122.2,-9.8,3,16859,1.000,0.000,0.026,-0.033,0.002,185.3,84.8,0,-0.44,0.000,186.1,376.8,1.000,8.8,19.5,31.0,54.5,100.8,200.0,194.8,189.4,185.3,180.7,175.5,169.2,152.9,111.8,74.4,44.6,26.9,17.4,8.1
171,2.512,0.000,31.9,123.2,-10.8,3,16832,1.000,0.000,-0.039,-0.043,-0.009,191.5,81.6,0,0.01,0.000,191.5,376.8,1.000,8.8,18.8,29.1,48.5,81.3,123.1,200.0,195.3,191.5,187.6,183.4,178.7,170.8,155.8,91.8,50.1,28.6,18.0,8.2
172,2.534,0.000,32.7,124.1,-12.1,3,16810,1.000,0.000,-0.133,-0.053,-0.025,198.4,78.8,0,0.55,0.000,198.4,375.1,1.000,8.7,18.1,27.2,43.1,66.8,92.3,115.9,149.3,198.4,194.4,190.6,186.8,180.8,172.5,126.5,58.5,31.0,18.8,8.2
173,2.556,0.000,33.4,125.0,-13.6,3,16792,1.000,0.000,-0.236,-0.062,-0.042,197.5,76.3,0,1.14,0.000,197.5,374.2,1.000,8.7,17.4,25.6,38.9,56.9,74.2,88.5,106.5,124.7,150.4,197.5,193.5,188.3,181.7,164.9,70.6,33.8,19.7,8.3
174,2.578,0.000,34.2,125.9,-14.9,3,16782,1.000,0.000,-0.318,-0.070,-0.057,133.7,74.5,0,1.55,0.000,133.7,376.0,1.000,8.6,17.0,24.4,36.1,50.9,64.1,74.4,86.6,98.1,113.2,133.7,199.2,193.6,187.5,174.3,85.3,36.7,20.6,8.4
175,2.600,0.000,35.0,126.9,-15.7,3,16778,1.000,0.000,-0.370,-0.078,-0.066,113.9,72.6,0,1.86,0.000,113.9,373.3,1.000,8.6,16.7,23.8,34.7,47.9,59.4,68.0,78.0,87.1,98.7,113.9,134.5,196.6,190.4,178.3,97.8,38.6,21.0,8.4
176,2.622,0.000,35.8,127.9,-15.8,3,16774,1.000,0.000,-0.382,-0.086,-0.068,110.2,70.4,0,1.92,0.000,110.2,373.4,1.000,8.6,16.7,23.8,34.5,47.5,58.5,66.9,76.4,85.1,96.0,110.2,129.2,196.8,190.5,178.6,101.1,38.9,21.0,8.3
177,2.644,0.000,36.6,129.1,-15.1,3,16768,1.000,0.000,-0.359,-0.093,-0.064,118.2,67.5,0,1.77,0.000,118.2,370.7,1.000,8.7,17.0,24.3,35.4,49.1,60.9,69.9,80.4,89.9,102.2,118.2,140.2,194.1,188.0,175.8,94.0,37.6,20.6,8.2
178,2.666,0.000,37.4,130.4,-13.6,3,16753,0.000,0.000,-0.309,-0.099,-0.056,139.3,64.0,0,1.46,0.000,139.3,371.6,1.000,8.8,17.4,25.1,37.2,52.5,66.3,77.0,89.8,101.8,117.7,139.3,195.0,189.5,183.6,170.3,81.8,35.4,19.9,8.1
179,2.688,0.000,38.2,131.6,-11.6,3,16009,0.200,0.000,-0.242,-0.105,-0.045,193.0,18.3,0,1.10,0.000,193.0,369.5,1.000,9.0,18.0,26.3,39.9,57.9,75.0,89.0,106.3,123.6,148.4,193.0,189.1,183.9,177.5,161.6,69.6,32.8,19.0,8.0
180,2.710,0.000,39.0,132.5,-8.7,3,15523,0.360,0.000,-0.154,-0.110,-0.030,193.3,-7.0,0,0.59,0.000,193.3,369.8,1.000,9.1,18.8,28.1,43.9,66.7,90.3,111.3,139.8,193.3,189.3,185.6,181.9,176.3,168.7,134.8,58.1,29.9,18.0,7.8
181,2.732,0.000,39.8,132.8,-5.4,3,15174,0.488,0.000,-0.050,-0.114,-0.013,184.7,-7.6,0,0.01,0.000,184.7,370.5,1.000,9.3,19.8,30.3,49.7,81.0,118.5,194.0,188.4,184.7,181.0,177.1,172.8,165.7,154.4,93.3,48.7,27.2,17.0,7.6
182,2.754,0.000,40.6,133.1,-2.7,3,14929,0.590,0.000,0.035,-0.117,0.002,177.6,-5.1,0,-0.43,0.000,178.3,369.2,1.000,9.5,20.7,32.5,55.8,98.5,192.8,186.5,181.4,177.6,173.4,168.7,163.3,153.0,116.8,74.1,42.9,25.3,16.2,7.5
183,2.776,0.000,41.4,133.5,-1.0,3,14768,0.672,0.000,0.079,-0.120,0.010,172.9,-2.8,0,-0.60,0.000,177.5,364.4,1.000,9.6,21.2,33.9,59.9,111.9,188.2,182.2,177.0,172.9,168.3,163.0,156.4,134.1,99.0,66.5,40.2,24.3,15.8,7.4
184,2.798,0.000,42.2,133.9,-0.2,3,14673,0.738,0.000,0.087,-0.122,0.011,171.4,-1.0,0,-0.63,0.000,176.6,362.8,1.000,9.6,21.4,34.1,60.7,114.5,186.7,180.8,175.6,171.4,166.8,161.3,154.5,129.6,96.5,65.3,39.7,24.1,15.7,7.4
185,2.820,0.000,43.0,134.5,-0.1,3,14629,0.790,0.000,0.069,-0.123,0.008,172.2,0.4,0,-0.55,0.000,175.7,363.4,1.000,9.6,21.2,33.6,59.0,108.6,187.3,181.3,176.2,172.2,167.7,162.7,156.6,140.7,102.5,67.9,40.6,24.4,15.8,7.4
186,2.842,0.000,43.9,135.2,-0.3,3,14626,0.832,0.000,0.041,-0.124,0.003,173.7,1.6,0,-0.45,0.000,174.9,364.9,1.000,9.6,20.9,32.8,56.5,100.4,188.7,182.6,177.5,173.7,169.6,164.9,159.6,149.2,113.7,72.7,42.2,25.0,16.0,7.4
187,2.864,0.000,44.7,135.9,-0.6,3,14647,0.866,0.000,0.014,-0.125,-0.002,175.1,2.6,0,-0.37,0.000,175.1,366.3,1.000,9.5,20.6,32.1,54.3,93.6,190.0,183.8,178.7,175.1,171.1,166.8,161.9,153.3,127.2,77.9,43.9,25.5,16.2,7.4
188,2.886,0.000,45.5,136.7,-0.8,3,14686,0.893,0.000,-0.010,-0.125,-0.006,175.7,3.4,0,-0.15,0.000,175.7,360.3,1.000,9.5,20.4,31.6,52.9,89.3,136.4,184.4,179.2,175.7,171.9,167.8,163.2,155.4,139.0,82.2,45.2,26.0,16.4,7.5
189,2.908,0.000,46.4,137.5,-0.9,3,14738,0.914,0.000,-0.019,-0.125,-0.007,175.5,4.0,0,-0.11,0.000,175.5,360.1,1.000,9.5,20.3,31.4,52.2,87.4,132.1,184.2,179.0,175.5,171.8,167.7,163.3,155.8,142.2,84.3,45.9,26.2,16.5,7.5
190,2.930,0.000,47.2,138.4,-0.8,3,14801,0.931,0.000,-0.019,-0.125,-0.007,174.6,4.6,0,-0.12,0.000,174.6,359.1,1.000,9.5,20.3,31.4,52.2,87.4,132.1,183.3,178.1,174.6,170.9,166.9,162.5,155.0,141.7,84.3,45.9,26.2,16.5,7.5
191,2.952,0.000,48.1,139.3,-0.6,3,14872,0.945,0.000,-0.014,-0.124,-0.007,173.4,5.2,0,-0.14,0.000,173.4,357.7,1.000,9.5,20.3,31.5,52.6,88.5,134.5,181.9,176.9,173.4,169.6,165.6,161.1,153.6,139.7,83.1,45.5,26.1,16.5,7.5
192,2.974,0.000,48.9,140.2,-0.4,3,14949,0.956,0.000,-0.002,-0.124,-0.005,172.0,5.7,0,-0.30,0.000,172.0,362.7,1.000,9.5,20.4,31.7,53.1,89.9,186.6,180.5,175.4,172.0,168.2,164.2,159.6,152.0,136.7,81.5,45.1,25.9,16.4,7.5
193,2.996,0.000,49.8,141.1,-0.2,3,15032,0.965,0.000,0.003,-0.123,-0.004,170.7,6.3,0,-0.32,0.000,170.7,361.2,1.000,9.5,20.5,31.8,53.5,91.1,185.2,179.1,174.2,170.7,166.9,162.8,158.3,150.5,133.7,80.3,44.7,25.8,16.4,7.5
194,3.018,0.000,50.6,142.0,-0.1,3,15118,0.972,0.000,0.005,-0.123,-0.004,169.6,6.8,0,-0.33,0.000,169.6,360.0,1.000,9.5,20.5,31.8,53.6,91.5,184.1,178.0,173.1,169.6,165.9,161.8,157.2,149.5,132.3,79.8,44.6,25.8,16.3,7.5
195,3.040,0.000,51.5,143.0,-0.0,3,15204,0.977,0.000,0.005,-0.122,-0.004,168.7,7.2,0,-0.32,0.000,168.7,359.0,1.000,9.5,20.5,31.8,53.6,91.5,183.1,177.1,172.2,168.7,165.0,160.9,156.4,148.7,132.4,79.9,44.6,25.8,16.4,7.5
196,3.062,0.000,52.4,143.9,-0.0,3,15290,0.982,0.000,0.004,-0.122,-0.004,167.9,7.4,0,-0.32,0.000,167.9,358.0,1.000,9.5,20.4,31.8,53.4,91.1,182.3,176.3,171.4,167.9,164.2,160.2,155.7,148.2,133.1,80.3,44.7,25.8,16.4,7.5
197,3.084,0.000,53.3,144.9,-0.0,3,15374,0.986,0.000,0.001,-0.121,-0.004,167.2,7.4,0,-0.31,0.000,167.2,357.1,1.000,9.5,20.4,31.7,53.3,90.6,181.5,175.5,170.6,167.2,163.5,159.5,155.1,147.7,133.6,80.8,44.9,25.9,16.4,7.5
198,3.106,0.000,54.2,145.9,-0.1,3,15455,0.988,0.000,-0.000,-0.121,-0.005,166.4,7.4,0,-0.30,0.000,166.4,356.2,1.000,9.5,20.4,31.6,53.1,90.2,180.6,174.7,169.8,166.4,162.8,158.8,154.4,147.1,133.8,81.2,45.1,26.0,16.4,7.5
199,3.128,0.000,55.1,146.9,-0.1,3,15533,0.991,0.000,-0.001,-0.120,-0.005,165.6,7.3,0,-0.30,0.000,165.6,355.2,1.000,9.5,20.3,31.6,53.0,89.9,179.7,173.8,168.9,165.6,161.9,158.0,153.7,146.5,133.7,81.5,45.2,26.0,16.5,7.5
200,3.150,0.000,56.0,147.8,-0.1,3,15610,0.993,0.000,-0.002,-0.119,-0.005,164.7,7.2,0,-0.30,0.000,164.7,354.2,1.000,9.5,20.3,31.6,52.9,89.8,178.8,172.9,168.0,164.7,161.1,157.2,152.9,145.7,133.3,81.7,45.2,26.0,16.5,7.5
201,3.172,0.000,56.9,148.8,-0.1,3,15685,0.994,0.000,-0.002,-0.119,-0.005,163.7,7.2,0,-0.30,0.000,163.7,353.1,1.000,9.4,20.3,31.5,52.9,89.8,177.7,171.9,167.1,163.7,160.2,156.3,152.0,144.9,132.7,81.7,45.2,26.0,16.5,7.5
202,3.194,0.000,57.8,149.8,-0.1,3,15756,0.995,0.000,-0.001,-0.118,-0.005,162.7,7.2,0,-0.30,0.000,162.7,351.9,1.000,9.4,20.3,31.5,52.9,89.9,176.7,170.8,166.1,162.7,159.2,155.3,151.1,144.0,132.1,81.6,45.2,26.1,16.5,7.5
203,3.216,0.000,58.7,150.8,-0.0,3,15828,0.996,0.000,-0.151,-0.117,-0.005,161.8,7.2,0,-0.30,-0.850,161.8,350.7,1.000,9.4,20.3,31.5,52.9,90.0,175.6,169.8,165.1,161.8,158.2,154.4,150.1,143.2,131.4,81.5,45.2,26.1,16.5,7.5
204,3.238,0.000,59.6,151.8,-0.2,3,15897,0.997,0.000,-0.136,-0.117,-0.002,159.7,7.7,0,-0.34,-0.850,159.7,348.2,1.000,9.5,20.5,31.9,54.1,93.4,173.4,167.7,163.1,159.7,156.1,152.2,147.8,140.5,126.6,78.2,44.2,25.7,16.4,7.5
205,3.260,0.000,60.5,152.7,0.2,3,15966,0.998,0.000,-0.094,-0.117,0.006,155.6,7.8,0,-0.50,-0.850,157.9,343.5,1.000,9.5,20.9,33.1,57.7,104.7,169.2,163.8,159.1,155.6,151.7,147.4,142.6,133.7,107.3,70.2,41.5,24.8,16.0,7.4
206,3.282,0.000,61.5,153.7,1.0,3,16036,0.998,0.000,-0.040,-0.118,0.015,150.4,8.0,0,-0.72,-0.850,156.9,338.1,1.000,9.6,21.6,34.8,62.8,122.9,164.5,159.2,154.3,150.4,146.2,141.3,135.3,118.0,90.0,62.3,38.6,23.8,15.6,7.4
207,3.304,0.000,62.4,154.6,1.8,3,16104,0.998,0.000,0.013,-0.120,0.024,145.4,8.2,0,-1.10,-0.850,156.0,345.0,1.000,9.7,22.2,36.3,68.2,170.5,160.3,155.0,149.7,145.4,140.6,134.8,126.2,99.3,78.7,56.7,36.4,22.9,15.2,7.3
208,3.326,0.000,63.4,155.6,2.2,3,16172,0.999,0.000,0.041,-0.122,0.029,141.8,8.1,0,-1.20,-0.850,154.9,341.4,1.000,9.8,22.6,37.4,72.0,167.4,157.4,151.9,146.3,141.8,136.5,129.7,114.5,90.5,73.0,53.6,35.1,22.4,15.0,7.2
209,3.348,0.000,64.3,156.6,2.2,3,16235,0.999,0.000,0.048,-0.124,0.030,140.2,7.6,0,-1.23,-0.850,153.9,339.7,1.000,9.8,22.7,37.7,73.1,165.8,156.0,150.3,144.8,140.2,134.8,127.7,111.3,88.4,71.6,52.8,34.7,22.2,14.9,7.2
210,3.370,0.000,65.3,157.6,1.8,3,16291,0.999,0.000,0.039,-0.127,0.028,140.2,7.0,0,-1.19,-0.850,152.9,339.2,1.000,9.8,22.6,37.5,72.0,165.4,155.6,150.0,144.6,140.2,135.0,128.5,115.0,90.7,73.1,53.6,35.0,22.3,14.9,7.2
211,3.392,0.000,66.3,158.6,1.2,3,16346,0.999,0.000,0.022,-0.129,0.025,140.8,6.5,0,-1.13,-0.850,151.9,339.3,1.000,9.8,22.5,37.0,69.9,165.5,155.7,150.3,145.1,140.8,136.0,130.2,121.4,95.6,76.1,55.2,35.6,22.5,15.0,7.2
212,3.414,0.000,67.2,159.6,0.6,3,16398,0.999,0.000,0.005,-0.132,0.022,141.4,6.3,0,-1.07,-0.850,150.9,339.5,1.000,9.8,22.3,36.4,67.9,165.6,155.7,150.5,145.5,141.4,136.9,131.6,124.5,101.0,79.5,56.9,36.3,22.7,15.0,7.2
213,3.436,0.000,68.2,160.6,0.2,3,16452,1.000,0.000,-0.007,-0.135,0.020,141.5,6.1,0,-1.03,-0.850,149.8,339.2,1.000,9.8,22.2,36.1,66.6,165.4,155.5,150.3,145.4,141.5,137.1,132.1,125.7,105.2,82.0,58.1,36.7,22.8,15.1,7.2
214,3.458,0.000,69.2,161.5,-0.1,3,16504,1.000,0.000,-0.012,-0.139,0.019,140.9,5.9,0,-1.02,-0.850,148.8,338.4,1.000,9.8,22.2,36.0,66.1,164.7,154.7,149.7,144.8,140.9,136.7,131.8,125.7,107.0,83.0,58.5,36.8,22.9,15.1,7.2
215,3.480,0.000,70.2,162.5,-0.1,3,16556,1.000,0.000,-0.011,-0.142,0.019,139.9,5.8,0,-1.02,-0.850,147.7,337.0,1.000,9.9,22.3,36.1,66.3,163.5,153.6,148.6,143.7,139.9,135.7,130.8,124.8,106.5,82.7,58.3,36.7,22.8,15.0,7.2
216,3.502,0.000,71.2,163.5,-0.1,3,16608,1.000,0.000,-0.007,-0.145,0.019,138.6,5.6,0,-1.04,-0.850,146.6,335.4,1.000,9.9,22.4,36.4,66.9,162.1,152.3,147.3,142.4,138.6,134.3,129.5,123.4,104.7,81.5,57.6,36.4,22.6,14.9,7.1
217,3.524,0.000,72.2,164.5,0.0,3,16660,1.000,0.000,-0.002,-0.148,0.020,137.2,5.5,0,-1.05,-0.850,145.6,333.6,1.000,9.9,22.5,36.6,67.6,160.6,150.9,145.9,141.0,137.2,132.9,128.0,121.8,102.6,80.2,56.9,36.0,22.5,14.8,7.1
218,3.546,0.000,73.2,165.5,0.1,3,16714,1.000,0.000,0.002,-0.152,0.021,135.8,5.4,0,-1.07,-0.850,144.5,332.0,1.000,10.0,22.6,36.8,68.3,159.1,149.6,144.6,139.7,135.8,131.6,126.6,120.4,100.9,79.1,56.3,35.7,22.3,14.7,7.1
219,3.568,0.000,74.2,166.4,0.1,3,16766,1.000,0.000,0.004,-0.155,0.021,134.7,5.2,0,-1.08,-0.850,143.4,330.4,1.000,10.0,22.7,37.0,68.7,157.8,148.4,143.3,138.5,134.7,130.4,125.5,119.2,99.9,78.3,55.8,35.5,22.2,14.7,7.0
220,3.590,0.000,75.2,167.4,0.1,3,16818,1.000,0.000,0.004,-0.159,0.021,133.6,5.1,0,-1.08,-0.850,142.3,329.0,1.000,10.0,22.8,37.1,68.9,156.6,147.2,142.2,137.4,133.6,129.4,124.5,118.3,99.5,78.0,55.6,35.4,22.1,14.6,7.0
221,3.612,0.000,76.2,168.4,0.1,3,16870,1.000,0.000,0.004,-0.162,0.021,132.7,5.0,0,-1.08,-0.850,141.2,327.7,1.000,10.1,22.8,37.2,68.9,155.5,146.2,141.2,136.4,132.7,128.5,123.7,117.6,99.5,78.0,55.5,35.3,22.0,14.6,7.0
222,3.634,0.000,77.3,169.3,0.0,3,16921,1.000,0.000,0.002,-0.166,0.021,131.8,4.8,0,-1.08,-0.850,140.1,326.4,1.000,10.1,22.8,37.2,68.9,154.5,145.2,140.2,135.5,131.8,127.6,122.9,117.0,99.8,78.1,55.5,35.2,22.0,14.5,6.9
223,3.656,0.000,78.3,170.3,-0.0,3,16973,1.000,0.000,0.001,-0.169,0.020,130.8,4.6,0,-1.07,-0.850,139.0,325.1,1.000,10.1,22.9,37.3,68.9,153.4,144.2,139.3,134.5,130.8,126.8,122.1,116.4,100.1,78.2,55.5,35.1,21.9,14.5,6.9
224,3.678,0.000,79.4,171.3,-0.0,3,17022,1.000,0.000,-0.000,-0.173,0.020,129.9,4.4,0,-1.07,-0.850,137.8,323.8,1.000,10.2,22.9,37.3,68.9,152.3,143.1,138.2,133.6,129.9,125.8,121.2,115.6,100.2,78.2,55.4,35.1,21.8,14.4,6.9
225,3.700,0.000,80.4,172.2,-0.1,3,17073,1.000,0.000,-0.001,-0.176,0.020,128.9,4.3,0,-1.07,-0.850,136.7,322.4,1.000,10.2,23.0,37.4,69.0,151.1,142.0,137.2,132.5,128.9,124.9,120.3,114.8,100.1,78.0,55.3,35.0,21.8,14.4,6.9
226,3.722,0.000,81.5,173.2,-0.1,3,17124,1.000,0.000,-0.000,-0.180,0.020,127.8,4.1,0,-1.08,-0.850,135.6,320.9,1.000,10.2,23.1,37.5,69.2,149.9,140.8,136.0,131.4,127.8,123.8,119.3,113.9,99.7,77.8,55.1,34.8,21.7,14.3,6.8
227,3.744,0.000,82.5,174.1,-0.0,3,17174,1.000,0.000,0.000,-0.183,0.020,126.7,4.0,0,-1.08,-0.850,134.4,319.4,1.000,10.2,23.1,37.6,69.4,148.6,139.7,134.9,130.3,126.7,122.8,118.3,112.9,99.3,77.4,54.8,34.7,21.6,14.2,6.8
228,3.766,0.000,83.6,175.1,-0.0,3,17224,1.000,0.000,0.001,-0.187,0.020,125.6,3.9,0,-1.08,-0.850,133.3,317.9,1.000,10.3,23.2,37.8,69.6,147.4,138.5,133.7,129.2,125.6,121.7,117.3,112.0,98.9,77.1,54.6,34.5,21.5,14.2,6.8
229,3.788,0.000,84.7,176.0,-0.0,3,17274,1.000,0.000,0.001,-0.190,0.020,124.5,3.7,0,-1.09,-0.850,132.1,316.4,1.000,10.3,23.3,37.9,69.8,146.1,137.3,132.6,128.1,124.5,120.6,116.3,111.0,98.5,76.8,54.4,34.4,21.4,14.1,6.7
230,3.810,0.000,85.7,177.0,-0.0,3,17323,1.000,0.000,0.001,-0.194,0.020,123.4,3.6,0,-1.09,-0.850,131.0,314.8,1.000,10.3,23.3,38.0,70.0,144.9,136.2,131.4,126.9,123.4,119.6,115.3,110.1,98.2,76.5,54.2,34.2,21.3,14.1,6.7
231,3.832,0.000,86.8,177.9,-0.0,3,17373,1.000,0.000,0.001,-0.197,0.020,122.4,3.4,0,-1.09,-0.850,129.8,313.3,1.000,10.4,23.4,38.1,70.1,143.7,135.0,130.3,125.8,122.4,118.6,114.3,109.2,97.9,76.3,54.0,34.1,21.2,14.0,6.7
232,3.854,0.000,87.9,178.9,-0.0,3,17424,1.000,0.000,0.001,-0.201,0.019,121.3,3.3,0,-1.10,-0.850,128.6,311.8,1.000,10.4,23.5,38.1,70.2,142.4,133.8,129.2,124.7,121.3,117.5,113.3,108.3,97.5,76.1,53.8,34.0,21.1,13.9,6.7
233,3.876,0.000,89.0,179.8,-0.0,3,17472,1.000,0.000,0.001,-0.204,0.019,120.2,3.2,0,-1.10,-0.850,127.4,310.2,1.000,10.4,23.5,38.2,70.4,141.2,132.6,128.0,123.6,120.2,116.5,112.3,107.4,97.1,75.9,53.6,33.9,21.0,13.9,6.6
234,3.898,0.000,90.1,180.8,-0.0,3,17522,1.000,0.000,0.001,-0.208,0.019,119.1,3.0,0,-1.10,-0.850,126.2,308.6,1.000,10.5,23.6,38.3,70.5,139.9,131.5,126.9,122.5,119.1,115.4,111.3,106.5,96.6,75.7,53.5,33.7,21.0,13.8,6.6
235,3.920,0.000,91.2,181.7,-0.0,3,17571,1.000,0.000,0.001,-0.212,0.019,118.0,2.9,0,-1.11,-0.850,125.0,307.0,1.000,10.5,23.6,38.4,70.6,138.7,130.3,125.7,121.4,118.0,114.4,110.3,105.5,96.0,75.5,53.3,33.6,20.9,13.8,6.6
236,3.942,0.000,92.3,182.6,-0.0,3,17621,1.000,0.000,0.001,-0.215,0.019,116.9,2.7,0,-1.11,-0.850,123.8,305.4,1.000,10.5,23.7,38.5,70.8,137.4,129.1,124.5,120.2,116.9,113.3,109.3,104.6,95.4,75.3,53.1,33.5,20.8,13.7,6.5
237,3.964,0.000,93.5,183.6,-0.0,3,17671,1.000,0.000,0.001,-0.219,0.019,115.8,2.6,0,-1.11,-0.850,122.6,303.8,1.000,10.5,23.8,38.6,70.9,136.1,127.9,123.4,119.1,115.8,112.2,108.2,103.7,94.8,75.1,52.9,33.3,20.7,13.7,6.5
238,3.986,0.000,94.6,184.5,-0.0,3,17722,1.000,0.000,0.001,-0.222,0.019,114.7,2.5,0,-1.12,-0.850,121.4,302.2,1.000,10.6,23.8,38.7,71.0,134.9,126.7,122.2,118.0,114.7,111.1,107.2,102.7,94.1,74.9,52.8,33.2,20.6,13.6,6.5
239,4.008,0.000,95.7,185.4,-0.0,3,17772,1.000,0.000,0.001,-0.226,0.019,113.6,2.4,0,-1.12,-0.850,120.2,300.5,1.000,10.6,23.9,38.8,71.2,133.6,125.5,121.0,116.8,113.6,110.1,106.2,101.7,93.4,74.7,52.6,33.1,20.5,13.5,6.4
240,4.030,0.000,96.8,186.3,-0.1,3,17823,1.000,0.000,0.001,-0.229,0.019,112.4,2.2,0,-1.13,-0.850,119.0,298.8,1.000,10.6,24.0,38.9,71.3,132.3,124.2,119.8,115.6,112.4,109.0,105.1,100.8,92.7,74.4,52.4,33.0,20.5,13.5,6.4
241,4.052,0.000,98.0,187.3,-0.1,3,17874,1.000,0.000,0.001,-0.233,0.018,111.3,2.1,0,-1.13,-0.850,117.8,297.1,1.000,10.7,24.0,39.0,71.4,131.0,123.0,118.6,114.5,111.3,107.9,104.1,99.8,91.9,74.2,52.2,32.8,20.4,13.4,6.4
242,4.074,0.000,99.1,188.2,-0.1,3,17947,1.000,0.000,0.001,-0.237,0.018,110.2,1.9,0,-1.14,-0.850,116.5,295.4,1.000,10.7,24.1,39.1,71.5,129.7,121.8,117.4,113.3,110.2,106.8,103.0,98.8,91.2,74.0,52.1,32.7,20.3,13.4,6.4
243,4.096,0.000,100.3,189.1,-0.1,3,18028,1.000,0.000,0.001,-0.240,0.018,109.0,1.8,0,-1.15,-0.850,115.3,293.7,1.000,10.7,24.1,39.1,71.7,128.4,120.5,116.2,112.1,109.0,105.7,102.0,97.8,90.4,73.8,51.9,32.6,20.2,13.3,6.3
244,4.118,0.000,101.4,190.0,-0.1,3,18109,1.000,0.000,0.001,-0.244,0.018,107.9,1.7,0,-1.15,-0.850,114.0,291.9,1.000,10.7,24.2,39.2,71.8,127.0,119.3,115.0,111.0,107.9,104.5,100.9,96.8,89.6,73.6,51.7,32.5,20.1,13.2,6.3
245,4.140,0.000,102.6,190.9,-0.1,3,18190,1.000,0.000,0.001,-0.247,0.018,106.7,1.6,0,-1.16,-0.850,112.8,290.2,1.000,10.8,24.3,39.3,71.9,125.7,118.0,113.8,109.8,106.7,103.4,99.8,95.8,88.8,73.4,51.5,32.3,20.0,13.2,6.3
246,4.162,0.000,103.8,191.8,-0.1,3,18271,1.000,0.000,0.001,-0.251,0.018,105.5,1.5,0,-1.16,-0.850,111.5,288.4,1.000,10.8,24.3,39.4,72.1,124.4,116.7,112.5,108.6,105.5,102.3,98.8,94.8,88.0,73.2,51.3,32.2,19.9,13.1,6.2
247,4.184,0.000,105.0,192.7,-0.1,3,18351,1.000,0.000,0.001,-0.254,0.018,104.4,1.3,0,-1.17,-0.850,110.3,286.6,1.000,10.8,24.4,39.5,72.2,123.0,115.5,111.3,107.4,104.4,101.2,97.7,93.8,87.1,73.0,51.2,32.1,19.9,13.1,6.2
248,4.206,0.000,106.1,193.6,-0.1,3,18429,1.000,0.000,0.001,-0.258,0.018,103.2,1.2,0,-1.18,-0.850,109.0,284.7,1.000,10.9,24.4,39.6,72.3,121.7,114.2,110.0,106.2,103.2,100.0,96.6,92.8,86.3,72.7,51.0,32.0,19.8,13.0,6.2
249,4.228,0.000,107.3,194.6,-0.1,3,18507,1.000,0.000,0.001,-0.261,0.018,102.0,1.0,0,-1.19,-0.850,107.7,282.9,1.000,10.9,24.5,39.7,72.4,120.3,112.9,108.8,104.9,102.0,98.9,95.5,91.7,85.4,72.5,50.8,31.8,19.7,13.0,6.2
250,4.250,0.000,108.5,195.4,-0.1,3,18586,1.000,0.000,0.001,-0.265,0.017,100.8,0.9,0,-1.19,-0.850,106.4,281.0,1.000,10.9,24.6,39.8,72.6,119.0,111.6,107.5,103.7,100.8,97.7,94.4,90.7,84.5,72.3,50.6,31.7,19.6,12.9,6.1
251,4.272,0.000,109.7,196.3,-0.1,3,18666,1.000,0.000,0.001,-0.268,0.017,99.6,0.8,0,-1.20,-0.850,105.1,279.1,1.000,11.0,24.6,39.9,72.7,117.6,110.3,106.3,102.5,99.6,96.6,93.3,89.6,83.6,72.1,50.5,31.6,19.5,12.8,6.1
252,4.294,0.000,110.9,197.2,-0.1,3,18747,1.000,0.000,0.001,-0.272,0.017,98.4,0.7,0,-1.21,-0.850,103.8,277.2,1.000,11.0,24.7,39.9,72.8,116.2,109.0,105.0,101.3,98.4,95.4,92.2,88.6,82.7,71.9,50.3,31.5,19.4,12.8,6.1
253,4.316,0.000,112.1,198.1,-0.1,3,18826,1.000,0.000,0.002,-0.275,0.017,97.2,0.6,0,-1.22,-0.850,102.5,275.2,1.000,11.0,24.7,40.0,73.0,114.8,107.7,103.7,100.0,97.2,94.2,91.0,87.5,81.8,71.7,50.1,31.3,19.4,12.7,6.0
254,4.338,0.000,113.3,199.0,-0.1,3,18903,1.000,0.000,0.002,-0.279,0.017,96.0,0.5,0,-1.23,-0.850,101.2,273.3,1.000,11.0,24.8,40.1,73.3,113.5,106.4,102.5,98.8,96.0,93.1,89.9,86.5,80.9,71.5,50.0,31.2,19.3,12.7,6.0
255,4.360,0.000,114.6,199.9,-0.1,3,18971,1.000,0.000,0.002,-0.282,0.017,94.8,0.2,0,-1.25,-0.850,99.9,271.3,1.000,11.1,24.8,40.2,74.2,112.1,105.1,101.2,97.6,94.8,91.9,88.8,85.4,80.0,71.2,49.8,31.1,19.2,12.6,6.0
256,4.382,0.000,115.8,200.8,-0.1,3,19042,1.000,0.000,0.021,-0.286,0.016,93.6,-0.1,0,-1.83,-0.850,98.6,292.5,1.000,11.1,24.9,40.2,127.4,110.7,103.8,99.9,96.3,93.6,90.8,87.7,84.4,79.1,70.8,49.7,31.0,19.1,12.6,6.0
257,4.404,0.000,117.0,201.6,-0.1,3,19114,1.000,0.000,0.017,-0.289,0.016,92.7,-0.3,0,-1.82,-0.850,97.3,290.7,1.000,11.1,24.9,40.1,126.1,109.5,102.7,98.9,95.3,92.7,89.8,86.9,83.6,78.5,70.8,50.0,31.1,19.1,12.5,5.9
258,4.426,0.000,118.2,202.5,-0.2,3,19186,1.000,0.000,0.008,-0.292,0.014,91.9,-0.5,0,-1.80,-0.850,96.0,289.3,1.000,11.1,24.8,39.9,125.1,108.5,101.7,98.0,94.5,91.9,89.2,86.2,83.1,78.2,71.2,50.8,31.3,19.2,12.5,5.9
259,4.448,0.000,119.5,203.3,-0.4,3,19257,1.000,0.000,0.001,-0.295,0.012,91.1,-0.7,0,-1.79,-0.850,94.6,287.8,1.000,11.1,24.8,39.7,123.9,107.5,100.7,97.0,93.6,91.1,88.4,85.5,82.5,77.8,71.2,51.5,31.5,19.2,12.5,5.9
260,4.470,0.000,120.7,204.2,-0.4,3,19326,1.000,0.000,-0.003,-0.298,0.012,90.0,-0.9,0,-1.78,-0.850,93.3,285.9,1.000,11.1,24.8,39.6,122.6,106.2,99.6,95.9,92.5,90.0,87.4,84.6,81.7,77.1,70.8,51.8,31.6,19.2,12.5,5.9
261,4.492,0.000,122.0,205.0,-0.4,3,19392,1.000,0.000,-0.004,-0.301,0.011,88.8,-1.1,0,-1.78,-0.850,92.0,283.7,1.000,11.2,24.8,39.7,120.9,104.8,98.2,94.6,91.3,88.8,86.2,83.5,80.6,76.1,70.1,51.7,31.5,19.1,12.5,5.9
262,4.514,0.000,123.2,205.8,-0.3,3,19457,1.000,0.000,-0.002,-0.304,0.012,87.4,-1.4,0,-1.79,-0.850,90.6,281.3,1.000,11.2,24.9,39.8,119.2,103.3,96.8,93.2,89.9,87.4,84.9,82.2,79.3,75.0,69.1,51.4,31.3,19.1,12.4,5.8
263,4.536,0.000,124.5,206.6,-0.2,3,19524,1.000,0.000,0.000,-0.307,0.012,86.0,-1.6,0,-1.79,-0.850,89.3,278.7,1.000,11.2,24.9,39.9,117.3,101.7,95.3,91.7,88.5,86.0,83.5,80.8,78.0,73.8,68.0,51.0,31.1,19.0,12.4,5.8
264,4.558,0.000,125.8,207.3,-0.1,4,19341,1.000,0.000,0.002,-0.309,0.012,84.7,-4.5,0,-1.80,-0.850,88.0,276.2,1.000,11.2,25.0,40.1,115.5,100.2,93.8,90.3,87.1,84.7,82.2,79.5,76.8,72.6,67.0,50.6,30.9,18.9,12.3,5.8
265,4.580,0.000,127.0,207.9,-0.0,4,19188,1.000,0.000,0.003,-0.312,0.012,83.3,-4.5,0,-1.81,-0.850,86.6,273.7,1.000,11.3,25.1,40.2,113.8,98.7,92.4,88.9,85.7,83.3,80.9,78.3,75.6,71.5,66.1,50.4,30.8,18.8,12.2,5.8
266,4.602,0.000,128.3,208.5,-0.0,4,19065,1.000,0.000,0.002,-0.314,0.012,82.0,-4.4,0,-1.81,-0.850,85.3,271.3,1.000,11.3,25.1,40.2,112.1,97.2,91.0,87.5,84.4,82.0,79.6,77.1,74.4,70.4,65.2,50.3,30.7,18.7,12.2,5.7
267,4.624,0.000,129.6,209.1,-0.0,4,18396,1.000,0.000,0.152,-0.317,0.012,80.8,-4.1,0,-1.81,0.000,83.9,268.9,1.000,11.3,25.1,40.3,110.4,95.8,89.6,86.2,83.1,80.8,78.4,75.9,73.3,69.4,64.4,50.2,30.7,18.7,12.2,5.7
268,4.646,0.000,130.9,209.7,0.1,4,17925,1.000,0.000,0.132,-0.319,0.008,80.5,-3.7,0,-1.77,0.000,82.6,268.3,1.000,11.3,24.9,39.6,110.0,95.2,89.1,85.8,82.7,80.5,78.2,75.8,73.3,69.6,64.9,52.5,31.5,18.9,12.3,5.7
269,4.668,0.000,132.1,210.3,-0.8,4,17600,1.000,0.000,0.082,-0.320,-0.002,81.7,-3.6,0,-1.66,0.000,81.7,270.5,1.000,11.2,24.2,37.8,111.5,96.1,89.9,86.7,83.8,81.7,79.5,77.2,74.8,71.4,67.2,57.5,33.9,19.8,12.6,5.8
270,4.690,0.000,133.4,210.9,-2.0,4,17382,1.000,0.000,0.027,-0.320,-0.012,82.9,-3.5,0,-1.57,0.000,82.9,273.3,1.000,11.1,23.5,36.0,113.5,97.3,90.9,87.8,85.0,82.9,80.8,78.7,76.5,73.2,69.3,61.0,37.2,20.8,13.0,5.8
271,4.712,0.000,134.7,211.5,-2.7,4,17237,1.000,0.000,-0.012,-0.319,-0.020,83.4,-3.7,0,-1.51,0.000,83.4,274.8,1.000,11.0,23.0,34.8,114.6,97.8,91.2,88.1,85.4,83.4,81.3,79.3,77.2,74.1,70.4,62.8,40.1,21.7,13.3,5.9
272,4.734,0.000,136.0,212.2,-2.8,4,17144,1.000,0.000,-0.028,-0.318,-0.023,82.7,-4.0,0,-1.48,0.000,82.7,273.9,1.000,10.9,22.7,34.3,113.9,97.1,90.5,87.3,84.7,82.7,80.7,78.7,76.6,73.7,70.1,62.8,41.5,22.1,13.5,5.9
273,4.756,0.000,137.3,212.8,-2.2,4,17088,1.000,0.000,-0.025,-0.315,-0.023,81.2,-4.4,0,-1.49,0.000,81.2,270.8,1.000,10.9,22.7,34.3,111.8,95.3,88.8,85.7,83.1,81.2,79.2,77.2,75.2,72.3,68.8,61.6,41.4,22.1,13.5,5.9
274,4.778,0.000,138.6,213.4,-1.3,4,17058,1.000,0.000,-0.012,-0.312,-0.020,79.2,-4.7,0,-1.50,0.000,79.2,266.7,1.000,10.9,22.9,34.6,108.9,93.0,86.7,83.7,81.1,79.2,77.3,75.3,73.3,70.4,66.9,59.9,40.4,21.9,13.5,6.0
275,4.800,0.000,139.9,214.0,-0.6,4,17046,1.000,0.000,0.002,-0.309,-0.017,77.3,-4.8,0,-1.52,0.000,77.3,262.6,1.000,10.9,23.0,35.0,106.1,90.7,84.7,81.7,79.1,77.3,75.3,73.4,71.4,68.5,65.1,58.3,39.6,21.7,13.4,6.0
276,4.822,0.000,141.2,214.7,-0.1,4,17047,1.000,0.000,0.009,-0.306,-0.016,75.6,-4.8,0,-1.53,0.000,75.6,259.1,1.000,10.9,23.0,35.1,103.7,88.8,82.9,80.0,77.4,75.6,73.7,71.7,69.8,67.0,63.6,56.9,39.2,21.6,13.4,6.0
277,4.844,0.000,142.5,215.3,0.0,4,17058,1.000,0.000,0.010,-0.302,-0.015,74.2,-4.8,0,-1.52,0.000,74.2,256.2,1.000,10.9,23.0,35.1,101.8,87.1,81.4,78.5,76.0,74.2,72.3,70.4,68.5,65.7,62.5,56.0,39.3,21.7,13.5,6.0
278,4.866,0.000,143.9,215.9,0.0,4,17074,1.000,0.000,0.007,-0.299,-0.016,72.9,-4.9,0,-1.51,0.000,72.9,253.7,1.000,10.8,22.9,34.9,100.2,85.7,80.0,77.2,74.7,72.9,71.1,69.3,67.4,64.7,61.5,55.2,39.7,21.9,13.6,6.0
279,4.888,0.000,145.2,216.5,-0.1,4,17093,1.000,0.000,0.002,-0.295,-0.017,71.8,-4.9,0,-1.50,0.000,71.8,251.3,1.000,10.8,22.8,34.6,98.6,84.3,78.7,76.0,73.5,71.8,70.0,68.2,66.3,63.7,60.6,54.6,40.1,22.1,13.7,6.1
280,4.910,0.000,146.5,217.1,-0.2,4,17114,1.000,0.000,-0.002,-0.292,-0.017,70.5,-5.1,0,-1.49,0.000,70.5,248.7,1.000,10.8,22.7,34.5,97.0,82.9,77.4,74.7,72.3,70.5,68.8,67.0,65.2,62.6,59.6,53.8,40.3,22.3,13.8,6.1
281,4.932,0.000,147.8,217.7,-0.2,4,17136,1.000,0.000,-0.004,-0.288,-0.018,69.2,-5.2,0,-1.49,0.000,69.2,245.9,1.000,10.7,22.6,34.3,95.2,81.4,75.9,73.3,70.9,69.2,67.5,65.7,64.0,61.5,58.6,52.9,40.2,22.4,13.8,6.2
282,4.954,0.000,149.2,218.3,-0.1,4,17160,1.000,0.000,-0.003,-0.284,-0.017,67.8,-5.2,0,-1.49,0.000,67.8,242.9,1.000,10.7,22.5,34.3,93.3,79.7,74.4,71.8,69.5,67.8,66.1,64.4,62.7,60.2,57.4,51.9,39.9,22.5,13.9,6.2
283,4.976,0.000,150.5,218.9,-0.1,4,17185,1.000,0.000,-0.002,-0.281,-0.017,66.4,-5.2,0,-1.49,0.000,66.4,239.7,1.000,10.7,22.5,34.2,91.3,78.1,72.9,70.3,68.0,66.4,64.7,63.0,61.3,59.0,56.2,50.9,39.4,22.6,14.0,6.2
284,4.998,0.000,151.8,219.6,0.0,4,17209,1.000,0.000,-0.000,-0.277,-0.017,64.9,-5.3,0,-1.49,0.000,64.9,236.5,1.000,10.7,22.4,34.2,89.3,76.4,71.3,68.8,66.5,64.9,63.3,61.6,60.0,57.7,55.0,49.8,39.0,22.7,14.0,6.2
285,5.020,0.000,153.2,220.2,0.1,4,17235,1.000,0.000,0.001,-0.273,-0.016,63.5,-5.3,0,-1.49,0.000,63.5,233.3,1.000,10.6,22.4,34.3,87.4,74.8,69.8,67.3,65.1,63.5,61.9,60.3,58.7,56.4,53.8,48.8,38.5,22.7,14.1,6.3
286,5.042,0.000,154.5,220.8,0.1,4,17259,1.000,0.000,0.001,-0.269,-0.016,62.1,-5.5,0,-1.50,0.000,62.1,230.1,1.000,10.6,22.3,34.5,85.5,73.1,68.3,65.8,63.7,62.1,60.5,59.0,57.4,55.2,52.7,47.8,38.0,22.9,14.1,6.3
287,5.064,0.000,155.9,221.4,0.0,4,17282,1.000,0.000,0.000,-0.266,-0.016,60.7,-5.6,0,-1.51,0.000,60.7,226.9,1.000,10.6,22.3,34.9,83.7,71.5,66.8,64.4,62.2,60.7,59.2,57.7,56.1,54.0,51.5,46.9,37.5,23.0,14.2,6.3
288,5.086,0.000,157.2,221.9,0.0,4,17307,1.000,0.000,0.000,-0.262,-0.017,59.4,-5.6,0,-1.52,0.000,59.4,223.7,1.000,10.5,22.2,35.5,81.8,70.0,65.3,62.9,60.8,59.4,57.9,56.4,54.9,52.8,50.4,45.9,36.9,23.1,14.3,6.4
289,5.108,0.000,158.6,222.5,0.0,4,17331,0.000,0.000,0.000,-0.258,-0.017,58.0,-5.6,0,-1.54,0.000,58.0,220.4,1.000,10.5,22.1,36.6,79.9,68.3,63.8,61.5,59.4,58.0,56.5,55.1,53.6,51.6,49.2,44.9,36.3,23.2,14.4,6.4
290,5.130,0.000,160.0,222.3,-0.0,4,16812,0.000,0.000,0.002,-0.254,-0.017,56.6,-18.9,0,-1.59,0.000,56.6,217.1,1.000,10.5,22.1,39.1,78.0,66.7,62.3,60.0,58.0,56.6,55.2,53.7,52.3,50.3,48.1,43.9,35.7,23.4,14.4,6.4
291,5.152,0.000,161.3,221.7,-0.0,4,16583,1.000,0.000,0.202,-0.250,-0.017,55.2,-19.1,0,-3.58,0.343,55.2,240.9,1.000,10.4,22.0,107.1,76.2,65.2,60.8,58.6,56.6,55.2,53.8,52.5,51.1,49.2,47.0,42.9,35.1,23.5,14.5,6.5
292,5.174,0.000,162.7,221.8,0.1,4,16927,1.000,0.000,0.384,-0.246,-0.022,54.6,-4.9,0,-3.59,0.355,54.6,240.7,1.000,10.4,21.6,107.0,75.6,64.4,60.1,57.9,56.0,54.6,53.3,51.9,50.6,48.7,46.6,42.6,35.1,24.1,14.8,6.5
293,5.196,0.000,164.0,222.3,-1.2,4,17163,0.000,0.000,0.261,-0.240,-0.036,55.5,-2.6,0,-1.48,0.366,55.5,216.0,1.000,10.2,20.7,37.6,77.5,65.5,60.9,58.7,56.8,55.5,54.1,52.8,51.5,49.7,47.6,43.7,36.4,25.6,15.7,6.7
294,5.218,0.000,165.4,221.9,-3.3,4,16726,1.000,0.000,0.210,-0.232,-0.056,57.1,-17.4,0,-1.30,0.433,57.1,222.7,1.000,9.9,19.5,31.4,81.2,67.8,62.7,60.3,58.4,57.1,55.7,54.4,53.1,51.3,49.3,45.5,38.2,27.6,16.9,6.9
295,5.240,0.000,166.7,221.9,-5.5,4,17037,1.000,0.000,0.156,-0.222,-0.077,58.8,-2.5,0,-1.21,0.499,58.8,230.9,1.000,9.7,18.4,27.9,86.0,70.8,65.1,62.4,60.3,58.8,57.4,56.1,54.9,53.1,51.0,47.3,40.1,29.5,18.5,7.2
296,5.262,0.000,168.1,222.3,-7.4,4,17271,1.000,0.000,0.109,-0.209,-0.097,60.6,-0.7,0,-1.17,0.560,60.6,239.6,1.000,9.4,17.5,25.5,91.3,73.9,67.5,64.6,62.2,60.6,59.1,57.7,56.3,54.5,52.5,48.8,41.8,31.2,20.1,7.5
297,5.284,0.000,169.5,222.7,-8.6,4,17389,1.000,0.000,0.045,-0.194,-0.113,62.0,-0.5,0,-1.18,0.558,62.0,247.4,1.000,9.2,16.7,23.9,96.1,76.6,69.6,66.3,63.8,62.0,60.4,58.9,57.4,55.5,53.5,49.9,42.9,32.4,21.3,7.8
298,5.306,0.000,170.8,223.2,-8.9,4,17436,1.000,0.000,-0.035,-0.176,-0.125,62.7,-1.4,0,-1.20,0.488,62.7,252.4,1.000,8.9,16.0,22.9,99.3,78.1,70.7,67.2,64.5,62.7,61.0,59.4,57.9,55.9,53.8,50.2,43.3,33.1,22.2,8.1
299,5.328,0.000,172.2,223.8,-8.2,4,17448,1.000,0.000,-0.086,-0.156,-0.129,62.1,-3.1,0,-1.20,0.416,62.1,252.2,1.000,8.8,15.7,22.6,99.3,77.6,70.1,66.6,63.9,62.1,60.4,58.8,57.2,55.2,53.1,49.5,42.9,33.0,22.4,8.3
300,5.350,0.000,173.5,224.4,-6.3,4,17446,1.000,0.000,-0.098,-0.134,-0.125,59.8,-4.8,0,-1.18,0.353,59.8,245.4,1.000,8.6,15.6,23.2,94.9,74.5,67.4,64.1,61.5,59.8,58.2,56.6,55.2,53.3,51.3,47.8,41.4,32.0,22.1,8.5
301,5.372,0.000,174.9,225.1,-3.6,4,17450,1.000,0.000,-0.051,-0.111,-0.116,56.5,-5.7,0,-1.16,0.353,56.5,234.0,1.000,8.5,15.8,25.2,87.9,69.8,63.4,60.4,58.0,56.5,55.0,53.6,52.3,50.5,48.6,45.4,39.3,30.5,21.4,8.6
302,5.394,0.000,176.3,225.7,-1.1,4,17468,0.000,0.000,0.068,-0.088,-0.105,53.3,-5.9,0,-1.19,0.480,53.3,222.9,1.000,8.4,16.1,29.8,81.3,65.3,59.5,56.8,54.7,53.3,51.9,50.6,49.4,47.8,46.1,43.0,37.2,29.0,20.6,8.7
303,5.416,0.000,177.6,225.4,0.6,4,16918,1.000,0.000,0.253,-0.065,-0.100,51.1,-19.0,0,-4.38,0.570,51.1,287.9,1.000,8.3,16.3,130.0,77.4,62.4,57.0,54.5,52.4,51.1,49.8,48.6,47.5,45.9,44.3,41.3,35.8,28.1,20.2,8.9
304,5.438,0.000,179.0,225.6,0.6,4,17236,0.000,0.487,0.175,-0.041,-0.106,50.6,-5.2,0,-4.51,0.456,50.6,215.8,0.000,8.0,16.1,132.5,77.3,62.1,56.5,54.0,51.9,50.6,49.3,48.1,46.9,45.4,43.8,40.9,35.5,28.0,20.4,9.1
305,5.460,0.000,180.4,224.4,-1.1,4,16341,0.000,0.000,0.170,-0.015,-0.120,51.4,-3.3,0,-4.92,0.549,51.4,221.8,0.000,7.8,15.5,146.0,80.7,63.8,57.8,55.0,52.8,51.4,50.0,48.7,47.5,45.9,44.2,41.3,36.0,28.5,20.9,9.4
306,5.482,0.000,181.7,223.1,-3.0,4,16452,0.201,0.000,0.150,0.012,-0.137,52.8,-16.3,0,-5.56,0.623,52.8,230.8,0.201,7.5,14.8,169.0,85.9,66.5,59.9,56.8,54.4,52.8,51.3,49.9,48.6,46.8,45.0,41.9,36.6,29.1,21.4,9.8
307,5.504,0.000,183.1,222.4,-4.9,4,16481,0.251,0.000,-0.050,0.041,-0.156,54.9,-15.8,0,-1.33,0.682,54.9,243.4,0.251,7.2,14.0,25.1,93.6,70.5,62.8,59.4,56.7,54.9,53.2,51.7,50.2,48.3,46.3,42.9,37.5,29.9,22.1,10.1
308,5.526,0.000,184.4,222.0,-6.9,4,16518,0.301,0.000,-0.147,0.071,-0.166,56.4,-15.5,0,-1.43,0.590,56.4,254.2,0.301,7.0,13.5,23.3,100.5,73.8,65.2,61.4,58.4,56.4,54.6,52.9,51.3,49.3,47.1,43.5,37.9,30.4,22.6,10.4
309,5.548,0.000,185.8,221.7,-6.4,4,16554,0.351,0.000,-0.132,0.100,-0.150,54.7,-15.1,0,-1.46,0.472,54.7,249.0,0.351,6.8,13.6,26.6,97.2,71.4,63.1,59.5,56.6,54.7,53.0,51.3,49.8,47.8,45.7,42.2,36.8,29.6,22.1,10.5
310,5.570,0.000,187.2,221.5,-3.5,4,16588,0.401,0.000,0.068,0.126,-0.121,50.7,-14.9,0,-6.56,0.378,50.7,232.1,0.401,6.8,14.4,195.2,86.7,65.2,58.0,54.8,52.3,50.7,49.1,47.7,46.3,44.5,42.7,39.6,34.6,28.0,21.1,10.4
311,5.592,0.000,188.5,221.4,-0.2,4,16628,0.000,0.000,0.268,0.149,-0.094,47.3,-13.9,0,-5.94,0.478,47.3,218.2,0.401,6.8,15.3,163.3,78.6,60.1,53.9,51.0,48.8,47.3,45.9,44.6,43.4,41.8,40.1,37.3,32.7,26.5,20.3,10.3
312,5.614,0.000,189.9,220.8,0.7,4,16452,0.000,0.000,0.393,0.169,-0.081,46.4,-17.7,0,-6.08,0.566,46.4,216.4,0.401,6.7,15.6,164.3,77.6,59.1,52.9,50.1,47.9,46.4,45.0,43.7,42.5,40.9,39.3,36.5,32.0,26.1,20.0,10.3
313,5.636,0.000,191.2,220.1,-0.5,4,16328,0.451,0.000,0.463,0.187,-0.081,47.7,-17.1,0,-7.02,0.637,47.7,226.2,0.451,6.5,15.2,199.9,83.2,61.8,54.8,51.7,49.3,47.7,46.2,44.8,43.4,41.7,39.9,37.0,32.3,26.3,20.2,10.5
314,5.658,0.000,192.6,219.6,-2.9,4,16446,0.501,0.000,0.430,0.204,-0.089,50.8,-10.4,0,-6.73,0.694,50.8,247.1,0.501,6.4,14.3,200.0,95.9,67.9,59.3,55.5,52.6,50.8,49.0,47.4,45.8,43.9,41.8,38.5,33.2,27.0,20.8,10.7
315,5.680,0.000,193.9,219.3,-5.8,4,16552,0.551,0.000,0.289,0.220,-0.100,55.3,-8.6,0,-6.35,0.555,55.3,279.6,0.551,6.2,13.4,200.0,118.0,77.4,66.1,61.3,57.7,55.3,53.2,51.2,49.4,47.0,44.6,40.7,34.7,27.9,21.5,10.9
316,5.702,0.000,195.3,219.0,-8.4,4,16646,0.601,0.000,0.089,0.236,-0.110,61.0,-7.5,0,-2.84,0.444,61.0,238.1,0.601,6.0,12.6,47.4,154.3,90.3,74.9,68.7,64.0,61.0,58.4,55.9,53.6,50.8,47.9,43.3,36.3,28.8,22.1,11.2
317,5.724,0.000,196.7,218.7,-10.5,4,16735,0.651,0.000,0.018,0.251,-0.116,67.3,-7.2,0,-3.22,0.421,67.3,263.3,0.651,5.8,12.1,26.5,200.0,106.6,85.2,77.0,71.0,67.3,64.0,60.9,58.2,54.7,51.3,45.8,37.9,29.6,22.6,11.4
318,5.746,0.000,198.0,218.7,-11.5,4,16817,0.701,0.000,-0.046,0.265,-0.116,72.1,-6.9,0,-3.08,0.316,72.1,284.4,0.701,5.7,11.8,24.3,200.0,121.5,93.9,83.8,76.5,72.1,68.2,64.7,61.5,57.5,53.6,47.5,38.9,29.9,22.8,11.5
319,5.768,0.000,199.4,218.9,-10.8,4,16889,0.751,0.000,-0.106,0.279,-0.106,73.4,-6.8,0,-3.07,0.131,73.4,376.8,0.751,5.7,11.9,26.4,200.0,127.5,96.8,85.8,78.1,73.4,69.2,65.5,62.1,58.0,53.9,47.6,38.7,29.6,22.5,11.5
320,5.790,0.000,200.7,219.2,-8.7,4,16948,0.801,0.000,-0.074,0.291,-0.087,70.0,-7.3,0,-3.23,0.034,70.0,281.6,0.801,5.7,12.5,32.8,200.0,119.7,91.7,81.6,74.4,70.0,66.1,62.6,59.5,55.6,51.7,45.8,37.3,28.7,21.8,11.4
321,5.812,0.000,202.1,219.6,-5.6,4,17004,0.851,0.000,0.036,0.300,-0.062,64.3,-7.3,0,-3.54,0.024,64.3,257.7,0.851,5.7,13.5,45.1,200.0,105.5,82.7,74.2,68.1,64.3,60.9,57.9,55.1,51.7,48.3,42.9,35.3,27.3,20.9,11.2
322,5.834,0.000,203.5,220.1,-2.7,4,17061,0.901,0.000,0.144,0.308,-0.038,59.6,-6.8,0,-3.84,0.016,59.6,238.2,0.901,5.8,14.8,61.7,193.2,94.8,75.6,68.3,62.9,59.6,56.6,53.9,51.5,48.4,45.3,40.5,33.5,26.1,20.1,11.0
323,5.856,0.000,204.9,220.5,-1.2,4,17129,0.951,0.000,0.218,0.312,-0.021,57.7,-4.9,0,-3.94,0.018,57.7,229.6,0.951,5.9,16.1,70.7,183.7,91.3,73.0,66.0,60.9,57.7,54.8,52.2,49.9,46.9,43.9,39.3,32.5,25.3,19.6,10.9
324,5.878,0.000,206.2,221.0,-1.2,4,17214,1.000,0.000,0.258,0.315,-0.012,58.5,-3.2,0,-4.08,0.019,58.5,234.5,1.000,5.9,16.9,65.7,200.0,94.8,74.8,67.3,61.8,58.5,55.4,52.7,50.3,47.2,44.1,39.3,32.4,25.1,19.3,10.8
325,5.900,0.000,207.6,221.5,-2.1,4,17290,1.000,0.000,0.257,0.315,-0.007,61.3,-1.9,0,-3.86,0.006,61.3,249.9,1.000,5.9,17.1,56.2,200.0,104.4,80.2,71.4,65.1,61.3,57.9,54.9,52.1,48.7,45.4,40.2,32.8,25.2,19.2,10.8
326,5.922,0.000,209.0,221.8,-3.5,4,17368,1.000,0.000,0.157,0.313,-0.005,66.3,0.9,0,-3.60,-0.090,66.3,369.9,1.000,5.9,17.0,47.4,200.0,122.3,89.7,78.6,70.9,66.3,62.2,58.6,55.5,51.5,47.7,41.9,33.7,25.6,19.3,10.8
327,5.944,0.000,210.4,222.3,-5.3,4,17430,1.000,0.000,0.034,0.310,-0.005,73.0,0.9,0,-3.36,-0.245,73.0,369.9,1.000,6.0,16.8,41.2,200.0,151.5,103.7,88.8,78.9,73.0,68.0,63.7,59.8,55.2,50.7,44.0,34.9,26.0,19.4,10.7
328,5.966,0.000,211.8,222.9,-6.4,4,17450,1.000,0.000,-0.084,0.304,0.000,79.0,-0.7,0,-3.24,-0.448,79.1,369.9,1.000,6.1,16.8,38.4,200.0,185.4,117.5,98.3,86.0,79.0,73.0,67.9,63.5,58.1,53.1,45.6,35.7,26.3,19.4,10.6
329,5.988,0.000,213.2,223.3,-6.7,4,17529,1.000,0.000,-0.065,0.296,0.012,80.5,1.6,0,-3.24,-0.470,91.3,369.9,1.000,6.2,17.4,38.6,200.0,196.5,122.3,101.2,88.0,80.5,74.2,68.8,64.1,58.5,53.3,45.6,35.5,26.0,19.1,10.5
330,6.010,0.000,214.6,224.0,-5.4,4,17512,1.000,0.000,0.008,0.285,0.031,76.6,-0.8,0,-3.36,-0.470,108.9,369.9,1.000,6.5,18.5,41.7,200.0,184.0,114.9,95.8,83.6,76.6,70.8,65.7,61.4,56.1,51.2,43.9,34.3,25.2,18.6,10.2
331,6.032,0.000,216.0,224.7,-3.4,4,17497,1.000,0.000,0.100,0.271,0.051,71.6,-1.6,0,-3.53,-0.470,141.1,369.9,1.000,6.8,19.7,45.9,200.0,162.0,105.1,88.5,77.8,71.6,66.3,61.8,57.8,53.1,48.5,41.8,32.8,24.3,18.0,10.0
332,6.054,0.000,217.4,225.2,-2.2,4,17597,1.000,0.000,0.178,0.255,0.069,69.1,1.1,0,-3.64,-0.470,69.1,369.9,1.000,7.1,20.7,48.6,200.0,153.8,100.8,85.2,75.0,69.1,64.1,59.7,55.9,51.4,47.0,40.6,31.9,23.6,17.5,9.7
333,6.076,0.000,218.8,225.9,-1.8,4,17564,1.000,0.000,0.241,0.235,0.083,68.9,-0.5,0,-3.67,-0.470,68.9,369.9,1.000,7.3,21.3,49.3,200.0,157.5,101.5,85.4,74.9,68.9,63.8,59.4,55.6,51.0,46.6,40.1,31.5,23.3,17.2,9.5
334,6.098,0.000,220.2,226.3,-2.0,4,17629,1.000,0.000,0.281,0.213,0.092,72.0,3.2,0,-3.60,-0.470,72.0,369.9,1.000,7.5,21.4,47.5,200.0,180.4,109.5,90.6,78.7,72.0,66.3,61.4,57.3,52.3,47.6,40.7,31.7,23.2,17.1,9.3
335,6.120,0.000,221.6,226.8,-3.4,4,17728,1.000,0.000,0.295,0.188,0.096,79.9,4.7,0,-3.36,-0.470,79.9,369.9,1.000,7.7,21.0,43.8,200.0,195.7,131.1,104.4,88.6,79.9,72.8,66.9,61.9,56.0,50.5,42.7,32.6,23.6,17.1,9.2
336,6.142,0.000,222.9,227.3,-5.0,4,17666,1.000,0.000,0.203,0.163,0.083,94.2,3.1,0,-2.39,-0.470,94.2,369.9,1.000,7.8,20.4,39.8,127.9,200.0,177.7,131.1,106.7,94.2,84.3,76.3,69.6,62.1,55.3,45.9,34.3,24.2,17.3,9.1
337,6.164,0.000,224.3,227.7,-6.8,4,17729,1.000,0.000,0.109,0.139,0.066,119.5,3.4,0,-1.83,-0.470,119.5,369.9,1.000,7.8,19.7,36.1,91.9,200.0,195.5,185.0,140.9,119.5,103.7,91.6,82.0,71.6,62.5,50.5,36.6,25.1,17.7,9.1
338,6.186,0.000,225.7,228.1,-8.5,4,17726,1.000,0.000,0.017,0.118,0.049,167.2,1.7,0,-1.40,-0.470,200.0,369.9,1.000,7.9,19.0,33.1,72.2,200.0,200.0,195.4,188.3,167.2,137.4,116.6,101.2,85.5,72.6,56.7,39.4,26.3,18.1,9.1
339,6.208,0.000,227.1,228.6,-9.4,4,17686,1.000,0.000,0.217,0.099,0.036,189.7,-0.9,0,-0.95,0.000,199.3,369.9,1.000,7.9,18.5,31.3,62.6,158.8,200.0,198.8,194.2,189.7,181.8,148.3,124.0,100.9,83.1,62.6,41.9,27.2,18.4,9.0
340,6.230,0.000,228.5,229.2,-8.7,4,17661,1.000,0.000,0.172,0.082,0.027,192.8,-1.7,0,-0.68,0.000,200.0,369.9,1.000,8.0,18.3,30.3,57.7,127.4,200.0,200.0,196.2,192.8,188.3,180.7,147.5,115.5,92.6,67.5,43.8,27.8,18.5,8.9
341,6.252,0.000,229.9,229.7,-7.8,4,17663,1.000,0.000,0.121,0.069,0.018,194.7,-2.6,0,-0.47,0.000,199.4,374.8,1.000,8.0,18.1,29.4,53.7,107.8,200.0,200.0,197.5,194.7,191.2,186.7,178.8,134.7,104.2,73.1,45.9,28.4,18.7,8.9
342,6.274,0.000,231.3,230.2,-6.9,4,17672,1.000,0.000,0.074,0.058,0.010,195.7,-3.9,0,-0.26,0.000,198.5,376.8,1.000,8.1,17.9,28.6,50.7,95.2,170.2,200.0,198.2,195.7,192.7,189.2,184.5,158.4,117.5,79.2,48.0,29.1,18.9,8.9
343,6.296,0.000,232.7,230.7,-6.0,4,17687,1.000,0.000,0.038,0.050,0.004,196.0,-4.9,0,-0.09,0.000,197.2,376.8,1.000,8.1,17.7,28.0,48.5,87.3,145.5,200.0,198.3,196.0,193.3,190.2,186.4,177.8,131.1,84.9,49.9,29.7,19.1,8.9
344,6.318,0.000,234.1,231.2,-5.1,4,17712,1.000,0.000,0.014,0.043,0.000,195.6,-5.3,0,-0.00,0.000,195.7,376.8,1.000,8.1,17.7,27.7,47.3,82.8,133.0,200.0,197.8,195.6,193.1,190.2,186.8,180.1,142.1,89.2,51.2,30.0,19.2,8.8
345,6.340,0.000,235.5,231.8,-4.1,4,17733,1.000,0.000,0.001,0.039,-0.001,194.6,-5.7,0,0.03,0.000,194.6,376.2,1.000,8.1,17.6,27.6,46.8,81.0,128.0,199.4,196.8,194.6,192.2,189.5,186.2,180.0,147.8,91.2,51.7,30.2,19.2,8.8
346,6.362,0.000,237.0,232.4,-3.1,4,17752,1.000,0.000,-0.001,0.035,-0.002,193.2,-6.0,0,0.03,0.000,193.2,374.7,1.000,8.2,17.7,27.6,46.9,81.2,128.1,198.0,195.3,193.2,190.8,188.1,184.8,178.8,147.6,91.1,51.6,30.1,19.2,8.8
347,6.384,0.000,238.4,233.0,-2.2,4,17773,1.000,0.000,0.003,0.033,-0.001,191.5,-6.2,0,0.01,0.000,191.5,372.9,1.000,8.2,17.8,27.8,47.4,82.5,131.2,196.3,193.6,191.5,189.1,186.3,183.0,176.8,144.1,89.6,51.1,29.9,19.1,8.8
348,6.406,0.000,239.8,233.5,-1.4,4,17797,1.000,0.000,0.008,0.031,0.000,189.8,-6.3,0,-0.02,0.000,189.9,370.7,1.000,8.2,17.9,28.0,47.8,83.8,134.5,194.6,191.9,189.8,187.3,184.5,181.2,174.8,140.6,88.2,50.6,29.7,19.0,8.7
349,6.428,0.000,241.2,234.1,-0.9,4,17819,1.000,0.000,0.009,0.030,0.001,188.2,-6.5,0,-0.03,0.000,188.4,368.6,1.000,8.2,17.9,28.1,48.1,84.5,136.2,193.0,190.3,188.2,185.7,183.0,179.6,173.2,138.9,87.5,50.4,29.6,18.9,8.7
350,6.450,0.000,242.7,234.7,-0.6,4,17842,1.000,0.000,0.008,0.029,0.001,186.8,-6.6,0,-0.03,0.000,186.9,366.9,1.000,8.2,17.9,28.1,48.1,84.4,135.9,191.6,188.9,186.8,184.3,181.6,178.3,172.0,139.2,87.6,50.4,29.6,18.9,8.7
351,6.472,0.000,244.1,235.3,-0.5,4,17881,1.000,0.000,0.004,0.029,0.000,185.4,-6.7,0,-0.02,0.000,185.5,365.4,1.000,8.2,17.9,28.1,47.9,83.8,134.4,190.2,187.6,185.4,183.1,180.3,177.1,171.1,140.7,88.2,50.5,29.6,18.9,8.7
352,6.494,0.000,245.5,235.8,-0.4,4,17921,1.000,0.000,0.000,0.028,-0.000,184.1,-6.8,0,-0.00,0.000,184.1,364.0,1.000,8.2,17.9,28.0,47.7,83.3,132.9,188.8,186.2,184.1,181.8,179.1,176.0,170.1,142.3,88.8,50.7,29.7,19.0,8.7
353,6.516,0.000,247.0,236.4,-0.4,4,17967,1.000,0.000,-0.002,0.028,-0.001,182.7,-6.8,0,0.00,0.000,182.7,362.4,1.000,8.2,17.9,28.0,47.7,83.0,132.2,187.4,184.8,182.7,180.4,177.7,174.6,168.9,143.0,89.0,50.8,29.7,19.0,8.7
354,6.538,0.000,248.4,237.0,-0.3,4,18006,1.000,0.000,-0.002,0.028,-0.000,181.2,-6.9,0,-0.00,0.000,181.2,360.9,1.000,8.2,17.9,28.0,47.7,83.2,132.5,185.8,183.3,181.2,178.9,176.3,173.2,167.6,142.7,88.9,50.8,29.7,19.0,8.7
355,6.560,0.000,249.9,237.5,-0.2,4,18045,1.000,0.000,-0.000,0.027,-0.000,179.7,-7.0,0,-0.01,0.000,179.7,359.4,1.000,8.3,17.9,28.1,47.8,83.5,133.4,184.3,181.7,179.7,177.4,174.8,171.7,166.1,141.7,88.5,50.6,29.7,18.9,8.7
356,6.582,0.000,251.3,238.1,-0.1,4,18085,1.000,0.000,0.001,0.027,0.000,178.1,-7.1,0,-0.01,0.000,178.2,357.7,1.000,8.3,17.9,28.1,47.9,83.8,134.2,182.7,180.2,178.1,175.8,173.2,170.2,164.7,140.9,88.2,50.5,29.6,18.9,8.7
357,6.604,0.000,252.8,238.7,-0.0,4,18124,1.000,0.000,0.001,0.027,0.000,176.6,-7.2,0,-0.01,0.000,176.7,356.0,1.000,8.3,17.9,28.1,48.0,84.0,134.5,181.2,178.7,176.6,174.4,171.8,168.8,163.3,140.5,88.1,50.5,29.6,18.9,8.7
358,6.626,0.000,254.3,239.2,-0.0,4,18176,1.000,0.000,0.000,0.027,0.000,175.2,-7.0,0,-0.01,0.000,175.2,354.0,1.000,8.3,17.9,28.1,48.0,83.9,134.5,179.7,177.2,175.2,172.9,170.3,167.4,162.0,140.6,88.1,50.5,29.6,18.9,8.7
359,6.648,0.000,255.7,239.8,-0.0,4,18214,1.000,0.000,-0.000,0.027,0.000,173.7,-7.1,0,-0.01,0.000,173.7,352.2,1.000,8.3,17.9,28.1,48.0,83.9,134.3,178.2,175.7,173.7,171.4,168.9,166.0,160.7,140.7,88.1,50.5,29.6,18.9,8.7
360,6.670,0.000,257.2,240.3,-0.0,4,18252,1.000,0.000,-0.000,0.027,0.000,172.2,-7.2,0,-0.01,0.000,172.2,350.6,1.000,8.3,17.9,28.1,48.0,83.9,134.3,176.7,174.2,172.2,170.0,167.5,164.6,159.4,140.8,88.1,50.5,29.6,18.9,8.7
361,6.692,0.000,258.7,240.9,-0.0,4,18290,1.000,0.000,-0.001,0.027,0.000,170.7,-7.3,0,-0.01,0.000,170.8,348.9,1.000,8.3,17.9,28.1,48.0,83.9,134.3,175.2,172.7,170.7,168.5,166.0,163.2,158.1,140.8,88.1,50.5,29.6,18.9,8.7
362,6.714,0.000,260.1,241.4,-0.0,4,18328,1.000,0.000,-0.001,0.027,0.000,169.2,-7.4,0,-0.01,0.000,169.3,347.0,1.000,8.3,17.9,28.1,48.0,83.9,134.5,173.7,171.2,169.2,167.0,164.6,161.7,156.7,140.6,88.1,50.5,29.6,18.9,8.7
363,6.736,0.000,261.6,242.0,0.0,4,18384,1.000,0.000,-0.000,0.027,0.000,167.7,-7.1,0,-0.01,0.000,167.8,344.8,1.000,8.3,17.9,28.1,48.0,84.1,134.8,172.1,169.7,167.7,165.5,163.1,160.3,155.3,140.3,87.9,50.4,29.6,18.9,8.7
364,6.758,0.000,263.1,242.5,0.0,4,18420,1.000,0.000,0.000,0.027,0.000,166.2,-7.2,0,-0.01,0.000,166.3,342.7,1.000,8.3,18.0,28.1,48.1,84.2,135.1,170.6,168.1,166.2,164.0,161.6,158.8,153.9,140.0,87.8,50.4,29.6,18.9,8.7
365,6.780,0.000,264.6,243.1,0.0,4,18455,1.000,0.000,0.000,0.027,0.000,164.7,-7.4,0,-0.01,0.000,164.8,341.2,1.000,8.3,18.0,28.1,48.1,84.2,135.2,169.0,166.6,164.7,162.5,160.1,157.4,152.6,139.9,87.8,50.4,29.6,18.9,8.7
366,6.802,0.000,266.1,243.6,0.0,4,18491,1.000,0.000,0.000,0.027,0.000,163.2,-7.6,0,-0.01,0.000,163.3,339.5,1.000,8.3,18.0,28.1,48.1,84.2,135.2,167.5,165.1,163.2,161.0,158.7,156.0,151.2,139.9,87.8,50.4,29.6,18.9,8.7
367,6.824,0.000,267.5,244.1,0.0,4,18528,1.000,0.000,0.000,0.027,0.000,161.7,-7.7,0,-0.01,0.000,161.7,337.6,1.000,8.3,18.0,28.1,48.1,84.2,135.2,166.0,163.6,161.7,159.6,157.2,154.5,149.9,139.6,87.8,50.4,29.6,18.9,8.7
368,6.846,0.000,269.0,244.7,0.0,4,18587,1.000,0.000,0.000,0.026,0.000,160.1,-7.3,0,-0.01,0.000,160.2,335.3,1.000,8.3,18.0,28.1,48.1,84.2,135.2,164.4,162.0,160.1,158.1,155.7,153.1,148.5,139.0,87.8,50.4,29.6,18.9,8.7
369,6.868,0.000,270.5,245.2,0.0,4,18621,1.000,0.000,-0.150,0.026,0.000,158.6,-7.4,0,-0.02,-0.850,158.7,333.1,1.000,8.3,18.0,28.2,48.1,84.2,135.2,162.9,160.5,158.6,156.6,154.3,151.7,147.1,138.2,87.8,50.4,29.6,18.9,8.7
370,6.890,0.000,272.0,245.7,-0.1,4,18656,1.000,0.000,-0.123,0.026,0.005,156.1,-7.1,0,-0.19,-0.850,157.2,333.5,1.000,8.3,18.2,28.8,49.9,89.9,163.0,160.5,158.1,156.1,154.0,151.6,148.8,143.8,127.3,82.6,48.6,29.0,18.6,8.7
371,6.912,0.000,273.5,246.2,1.2,4,18700,1.000,0.000,-0.064,0.024,0.016,151.9,-7.1,0,-0.41,-0.850,155.6,329.6,1.000,8.4,18.8,30.4,55.0,108.0,159.5,156.8,154.1,151.9,149.4,146.6,143.1,134.7,103.9,72.1,44.8,27.5,18.1,8.6
372,6.934,0.000,275.0,246.7,2.6,4,18741,1.000,0.000,0.002,0.021,0.026,147.4,-7.2,0,-0.83,-0.850,154.1,330.8,1.000,8.5,19.5,32.2,61.2,160.6,155.9,152.9,149.9,147.4,144.5,140.8,135.4,109.9,87.9,64.0,41.5,26.2,17.5,8.4
373,6.956,0.000,276.6,247.2,3.2,4,18800,1.000,0.000,0.033,0.017,0.032,144.0,-6.9,0,-0.94,-0.850,152.5,327.1,1.000,8.6,20.0,33.4,65.4,158.1,153.2,150.0,146.8,144.0,140.7,136.3,123.7,99.2,80.9,60.1,39.8,25.5,17.2,8.4
374,6.978,0.000,278.1,247.7,2.8,4,18820,1.000,0.000,0.034,0.012,0.032,142.5,-7.4,0,-0.94,-0.850,150.9,324.6,1.000,8.7,20.1,33.6,65.7,156.5,151.6,148.5,145.2,142.5,139.3,134.9,123.2,98.7,80.5,59.8,39.6,25.4,17.1,8.3
375,7.000,0.000,279.6,248.3,1.6,4,18844,1.000,0.000,0.015,0.006,0.028,142.2,-7.8,0,-0.87,-0.850,149.3,323.8,1.000,8.7,20.0,33.1,63.6,155.5,150.8,147.7,144.7,142.2,139.2,135.5,129.6,104.2,84.0,61.6,40.3,25.6,17.1,8.3
376,7.022,0.000,281.1,248.8,0.5,4,18874,1.000,0.000,-0.005,0.001,0.025,141.8,-8.1,0,-0.80,-0.850,147.8,323.2,1.000,8.7,19.8,32.6,61.5,154.4,149.9,147.0,144.1,141.8,139.0,135.8,131.3,110.9,88.2,63.7,41.1,25.9,17.2,8.3
377,7.044,0.000,282.6,249.4,-0.1,4,18906,1.000,0.000,-0.015,-0.005,0.023,140.8,-8.3,0,-0.77,-0.850,146.2,322.4,1.000,8.7,19.8,32.5,60.6,153.1,148.7,145.9,143.1,140.8,138.2,135.1,131.1,114.3,90.2,64.7,41.4,26.0,17.2,8.3
378,7.066,0.000,284.2,249.9,-0.2,4,18946,1.000,0.000,-0.013,-0.011,0.023,139.2,-8.3,0,-0.78,-0.850,144.6,321.0,1.000,8.8,20.0,32.7,61.1,151.5,147.0,144.2,141.4,139.2,136.6,133.5,129.6,113.3,89.5,64.2,41.1,25.8,17.1,8.2
379,7.088,0.000,285.7,250.4,0.0,4,18981,1.000,0.000,-0.006,-0.017,0.024,137.3,-8.4,0,-0.80,-0.850,143.0,319.2,1.000,8.8,20.2,33.1,62.3,149.6,145.2,142.4,139.5,137.3,134.6,131.5,127.4,109.9,87.3,62.9,40.5,25.5,16.9,8.1
380,7.110,0.000,287.2,250.9,0.2,4,19016,1.000,0.000,0.002,-0.023,0.025,135.4,-8.5,0,-0.83,-0.850,141.4,317.4,1.000,8.9,20.4,33.5,63.4,147.8,143.3,140.5,137.7,135.4,132.7,129.5,125.3,106.8,85.2,61.7,39.9,25.2,16.8,8.1
381,7.132,0.000,288.7,251.4,0.3,4,19051,1.000,0.000,0.005,-0.030,0.026,133.7,-8.7,0,-0.84,-0.850,139.8,315.8,1.000,9.0,20.5,33.8,64.2,146.1,141.6,138.8,136.0,133.7,131.0,127.8,123.6,105.1,84.0,61.0,39.5,25.0,16.6,8.0
382,7.154,0.000,290.3,251.9,0.2,4,19085,1.000,0.000,0.005,-0.036,0.026,132.1,-8.8,0,-0.85,-0.850,138.1,314.2,1.000,9.0,20.6,34.0,64.4,144.5,140.0,137.2,134.4,132.1,129.5,126.4,122.3,104.8,83.7,60.7,39.3,24.8,16.5,8.0
383,7.176,0.000,291.8,252.4,0.1,4,19115,1.000,0.000,0.003,-0.042,0.025,130.7,-9.0,0,-0.84,-0.850,136.5,312.4,1.000,9.1,20.7,34.1,64.4,142.9,138.5,135.7,133.0,130.7,128.2,125.2,121.2,105.2,83.8,60.7,39.2,24.7,16.5,7.9
384,7.198,0.000,293.4,252.9,-0.0,4,19150,1.000,0.000,0.000,-0.049,0.024,129.3,-9.0,0,-0.83,-0.850,134.9,310.4,1.000,9.1,20.8,34.2,64.4,141.4,137.0,134.3,131.5,129.3,126.8,123.9,120.1,105.8,84.1,60.7,39.1,24.6,16.4,7.9
385,7.220,0.000,294.9,253.4,-0.1,4,19186,1.000,0.000,-0.001,-0.055,0.024,127.9,-9.1,0,-0.83,-0.850,133.3,308.4,1.000,9.2,20.9,34.3,64.5,139.7,135.4,132.7,130.0,127.9,125.4,122.5,118.9,105.8,84.0,60.6,38.9,24.5,16.3,7.8
386,7.242,0.000,296.5,253.9,-0.1,4,19223,1.000,0.000,-0.001,-0.061,0.024,126.3,-9.1,0,-0.83,-0.850,131.7,306.3,1.000,9.2,21.0,34.5,64.9,138.1,133.8,131.1,128.4,126.3,123.9,121.1,117.5,105.2,83.5,60.2,38.7,24.4,16.2,7.8
387,7.264,0.000,298.0,254.3,-0.1,4,19259,1.000,0.000,0.000,-0.067,0.024,124.7,-9.1,0,-0.84,-0.850,130.0,304.2,1.000,9.3,21.2,34.7,65.3,136.4,132.1,129.5,126.8,124.7,122.3,119.5,116.0,104.4,82.8,59.8,38.4,24.2,16.1,7.7
388,7.286,0.000,299.6,254.8,-0.0,4,19298,1.000,0.000,0.002,-0.074,0.024,123.1,-9.0,0,-0.85,-0.850,128.4,301.3,1.000,9.3,21.3,35.0,65.8,134.7,130.5,127.8,125.2,123.1,120.7,118.0,114.5,103.5,82.2,59.3,38.1,24.0,16.0,7.7
389,7.308,0.000,301.1,255.3,-0.0,4,19329,1.000,0.000,0.002,-0.080,0.024,121.5,-9.2,0,-0.85,-0.850,126.8,298.8,1.000,9.4,21.4,35.2,66.1,133.1,128.8,126.2,123.6,121.5,119.2,116.5,113.1,102.8,81.6,58.9,37.9,23.9,15.9,7.6
390,7.330,0.000,302.7,255.7,-0.0,4,19361,1.000,0.000,0.002,-0.086,0.024,120.0,-9.3,0,-0.85,-0.850,125.1,296.4,1.000,9.4,21.5,35.3,66.4,131.4,127.2,124.6,122.0,120.0,117.7,115.0,111.7,102.5,81.3,58.6,37.7,23.7,15.8,7.6
391,7.352,0.000,304.3,256.2,-0.1,4,19392,1.000,0.000,0.002,-0.092,0.024,118.4,-9.4,0,-0.86,-0.850,123.5,293.7,1.000,9.5,21.6,35.5,66.6,129.8,125.6,123.0,120.5,118.4,116.2,113.5,110.4,102.3,81.0,58.4,37.5,23.6,15.7,7.5
392,7.374,0.000,305.8,256.6,-0.1,4,19436,1.000,0.000,0.001,-0.099,0.023,116.9,-9.2,0,-0.86,-0.850,121.9,290.9,1.000,9.5,21.7,35.6,66.8,128.1,124.0,121.4,118.9,116.9,114.7,112.1,109.0,101.7,80.8,58.1,37.3,23.4,15.6,7.5
393,7.396,0.000,307.4,257.1,-0.1,4,19468,1.000,0.000,0.001,-0.105,0.023,115.4,-9.2,0,-0.86,-0.850,120.2,287.7,1.000,9.6,21.8,35.8,67.0,126.5,122.3,119.8,117.3,115.4,113.2,110.6,107.6,100.8,80.5,57.9,37.1,23.3,15.5,7.4
394,7.418,0.000,309.0,257.5,-0.1,4,19495,1.000,0.000,0.001,-0.111,0.023,113.8,-9.4,0,-0.87,-0.850,118.6,285.6,1.000,9.7,21.9,36.0,67.3,124.8,120.7,118.2,115.7,113.8,111.6,109.1,106.2,99.8,80.1,57.6,36.9,23.2,15.4,7.4
395,7.440,0.000,310.5,257.9,-0.1,5,19528,1.000,0.000,0.001,-0.117,0.023,112.2,-10.6,0,-0.87,-0.850,116.9,283.3,1.000,9.7,22.1,36.1,67.6,123.1,119.1,116.6,114.1,112.2,110.1,107.6,104.8,98.7,79.7,57.2,36.7,23.0,15.3,7.3
396,7.462,0.000,312.1,258.3,-0.1,5,19558,1.000,0.000,0.002,-0.123,0.023,110.6,-10.8,0,-0.88,-0.850,115.3,280.6,1.000,9.8,22.2,36.3,67.9,121.4,117.4,114.9,112.5,110.6,108.5,106.1,103.3,97.6,79.3,56.9,36.4,22.9,15.2,7.3
397,7.484,0.000,313.7,258.6,-0.1,5,19556,1.000,0.000,0.002,-0.129,0.023,109.1,-11.9,0,-0.89,-0.850,113.6,276.8,1.000,9.8,22.3,36.5,68.2,119.7,115.7,113.3,110.9,109.1,107.0,104.6,101.9,96.4,78.9,56.6,36.2,22.7,15.1,7.2
398,7.506,0.000,315.3,258.9,-0.1,5,17952,1.000,0.000,0.002,-0.135,0.022,107.5,-10.0,0,-0.90,-0.850,111.9,273.7,1.000,9.9,22.4,36.6,68.4,118.1,114.1,111.7,109.3,107.5,105.5,103.2,100.5,95.2,78.7,56.4,36.0,22.6,15.0,7.2
399,7.528,0.000,316.9,259.3,-0.1,5,17722,1.000,0.000,0.001,-0.141,0.022,105.9,-10.1,0,-0.90,-0.850,110.3,272.0,1.000,9.9,22.5,36.8,68.6,116.4,112.5,110.1,107.8,105.9,103.9,101.7,99.1,94.1,78.4,56.1,35.8,22.5,14.9,7.1
400,7.550,0.000,318.4,259.7,-0.1,5,17718,1.000,0.000,0.001,-0.147,0.022,104.4,-10.3,0,-0.91,-0.850,108.6,269.3,1.000,10.0,22.6,36.9,68.8,114.7,110.8,108.4,106.2,104.4,102.4,100.2,97.6,92.8,78.1,55.9,35.6,22.3,14.8,7.1
401,7.572,0.000,320.0,260.1,-0.1,5,17730,1.000,0.000,0.001,-0.153,0.022,102.8,-10.4,0,-0.92,-0.850,106.9,266.7,1.000,10.0,22.7,37.1,69.0,113.0,109.1,106.8,104.5,102.8,100.8,98.7,96.2,91.6,77.7,55.6,35.4,22.2,14.7,7.0
402,7.594,0.000,321.6,260.4,-0.1,5,17774,1.000,0.000,0.002,-0.159,0.022,101.2,-9.6,0,-0.93,-0.850,105.3,261.1,1.000,10.1,22.8,37.3,69.3,111.3,107.5,105.2,102.9,101.2,99.3,97.1,94.7,90.3,77.3,55.2,35.2,22.0,14.6,7.0
403,7.616,0.000,323.2,260.8,-0.1,5,17765,0.000,0.000,0.002,-0.165,0.022,99.6,-10.0,0,-0.94,-0.850,103.6,258.3,1.000,10.1,22.9,37.4,69.6,109.6,105.8,103.5,101.3,99.6,97.7,95.6,93.2,89.0,77.0,54.9,35.0,21.9,14.5,6.9
404,7.638,0.000,324.8,260.5,-0.1,5,17294,0.000,0.000,0.002,-0.170,0.021,98.0,-21.4,0,-0.95,-0.850,101.9,257.0,1.000,10.1,23.0,37.5,69.7,107.9,104.1,101.9,99.7,98.0,96.2,94.1,91.8,87.7,76.8,54.7,34.8,21.8,14.4,6.9
405,7.660,0.000,326.4,259.8,-0.1,5,17227,0.000,0.000,0.000,-0.176,0.021,96.5,-21.6,0,-0.95,-0.850,100.3,254.0,1.000,10.2,23.1,37.6,69.7,106.2,102.5,100.3,98.1,96.5,94.7,92.7,90.4,86.5,76.8,54.6,34.7,21.7,14.3,6.8
406,7.682,0.000,328.0,259.1,-0.2,5,17172,0.000,0.000,-0.001,-0.182,0.020,94.9,-21.7,0,-0.96,-0.850,98.6,250.3,1.000,10.2,23.2,37.7,69.8,104.6,100.9,98.7,96.6,94.9,93.2,91.2,89.0,85.3,76.7,54.5,34.5,21.5,14.2,6.8
407,7.704,0.000,329.6,258.4,-0.2,5,17117,0.000,0.542,-0.001,-0.187,0.020,93.4,-21.7,0,-0.97,-0.850,96.9,247.6,0.000,10.3,23.2,37.9,70.0,102.9,99.2,97.1,95.0,93.4,91.6,89.7,87.6,84.0,76.5,54.3,34.4,21.4,14.2,6.8
408,7.726,0.000,331.1,256.7,-0.2,5,16827,0.000,0.589,-0.001,-0.193,0.020,91.8,-8.6,0,-0.98,-0.850,95.3,244.9,0.000,10.3,23.3,38.0,70.2,101.2,97.6,95.4,93.4,91.8,90.1,88.2,86.1,82.6,76.0,54.0,34.2,21.3,14.1,6.7
409,7.748,0.000,332.7,254.3,-0.2,5,16647,0.000,0.540,-0.000,-0.198,0.020,90.2,-3.9,0,-0.99,-0.850,93.6,243.5,0.000,10.4,23.4,38.2,70.4,99.5,95.9,93.8,91.8,90.2,88.6,86.7,84.7,81.3,75.2,53.7,34.0,21.2,14.0,6.7
410,7.770,0.000,334.2,251.8,-0.2,5,16506,0.000,0.512,0.000,-0.203,0.020,88.7,-4.0,0,-1.01,-0.850,92.0,241.6,0.000,10.4,23.5,38.3,70.6,97.8,94.3,92.2,90.2,88.7,87.0,85.2,83.3,80.0,74.3,53.4,33.8,21.0,13.9,6.6
411,7.792,0.000,335.8,249.5,-0.2,5,16312,0.000,0.627,0.000,-0.209,0.020,87.2,-8.0,0,-1.03,-0.850,90.4,236.9,0.000,10.5,23.6,38.4,70.8,96.2,92.7,90.6,88.7,87.2,85.5,83.8,81.8,78.7,73.4,53.2,33.6,20.9,13.8,6.6
412,7.814,0.000,337.3,247.0,-0.2,5,16101,0.000,0.000,0.012,-0.214,0.019,85.7,-5.5,0,-1.38,-0.850,88.8,243.6,0.000,10.5,23.7,38.5,100.4,94.6,91.1,89.1,87.1,85.7,84.1,82.4,80.5,77.4,72.5,53.0,33.4,20.8,13.7,6.5
413,7.836,0.000,338.8,245.5,-0.2,5,16288,0.000,0.000,0.008,-0.219,0.018,84.3,-19.9,0,-1.38,-0.850,87.2,243.4,0.000,10.5,23.7,38.5,98.8,93.0,89.6,87.6,85.7,84.3,82.7,81.1,79.2,76.3,71.8,53.2,33.5,20.8,13.7,6.5
414,7.858,0.000,340.3,244.8,-0.4,5,16249,0.000,0.000,0.000,-0.223,0.017,83.0,-20.3,0,-1.36,-0.850,85.7,243.0,0.000,10.6,23.7,38.3,97.3,91.6,88.3,86.3,84.4,83.0,81.5,79.9,78.1,75.3,71.2,53.8,33.6,20.8,13.6,6.5
415,7.880,0.000,341.8,244.2,-0.5,5,16210,0.000,0.000,0.145,-0.228,0.016,81.7,-20.3,0,-1.35,0.000,84.1,241.7,0.000,10.6,23.7,38.3,95.7,90.1,86.8,84.9,83.1,81.7,80.2,78.6,76.9,74.2,70.4,54.2,33.7,20.7,13.6,6.5
416,7.902,0.000,343.3,243.5,-0.4,5,16163,0.000,0.000,0.121,-0.232,0.011,80.9,-20.1,0,-1.29,0.000,82.6,238.5,0.000,10.6,23.4,37.5,94.5,89.0,85.8,84.0,82.2,80.9,79.5,78.0,76.5,74.0,70.6,57.1,34.7,21.1,13.7,6.4
417,7.924,0.000,344.8,242.9,-1.6,5,16119,0.000,0.781,0.048,-0.234,-0.000,81.1,-20.2,0,-0.75,0.000,81.1,227.3,0.000,10.5,22.7,35.6,60.6,88.7,85.7,83.9,82.3,81.1,79.8,78.5,77.0,74.9,72.0,64.5,37.8,22.1,14.1,6.5
418,7.946,0.000,346.2,240.9,-3.2,5,15658,0.000,0.719,-0.009,-0.236,-0.011,81.1,3.6,0,-0.60,0.000,81.1,226.6,0.000,10.4,22.1,33.9,55.7,88.2,85.4,83.7,82.2,81.1,79.9,78.6,77.3,75.4,72.9,67.1,41.4,23.3,14.6,6.6
419,7.968,0.000,347.7,238.2,-3.8,5,15487,0.000,0.621,-0.038,-0.236,-0.017,80.3,10.6,0,-0.54,0.000,80.3,225.8,0.000,10.3,21.7,33.1,53.5,87.2,84.4,82.8,81.4,80.3,79.1,77.9,76.7,74.9,72.5,67.4,43.6,24.0,14.8,6.6
420,7.990,0.000,349.1,235.4,-3.3,5,15353,0.000,0.501,-0.038,-0.235,-0.017,78.8,6.0,0,-0.54,0.000,78.8,225.4,0.000,10.3,21.7,33.0,53.5,85.6,82.9,81.3,79.9,78.8,77.7,76.5,75.3,73.5,71.2,66.2,43.7,24.0,14.8,6.6
421,8.010,0.000,350.4,233.1,-2.3,5,15246,0.000,0.443,-0.023,-0.234,-0.014,77.1,-4.3,0,-0.59,0.000,77.1,224.2,0.000,10.3,21.9,33.4,54.5,83.9,81.2,79.6,78.2,77.1,76.0,74.8,73.6,71.8,69.5,64.5,42.6,23.7,14.7,6.6
422,8.030,0.000,351.7,231.0,-1.2,5,15147,0.000,0.000,-0.005,-0.233,-0.011,75.3,-9.8,0,-0.65,0.000,75.3,223.2,0.000,10.4,22.0,33.9,56.0,82.2,79.4,77.9,76.4,75.3,74.2,73.1,71.8,70.0,67.8,62.8,41.4,23.3,14.6,6.6
423,8.050,0.000,353.0,230.0,-0.4,5,15263,0.000,0.000,0.021,-0.232,-0.008,73.7,-18.8,0,-1.06,0.000,73.7,229.9,0.000,10.4,22.2,34.2,85.4,80.5,77.8,76.2,74.8,73.7,72.6,71.4,70.2,68.5,66.2,61.2,40.5,23.1,14.5,6.6
424,8.070,0.000,354.3,229.5,-0.0,5,15232,0.000,0.000,0.023,-0.230,-0.008,72.4,-19.0,0,-1.06,0.000,72.4,227.4,0.000,10.4,22.2,34.3,83.9,79.1,76.4,74.8,73.4,72.4,71.3,70.1,68.9,67.2,65.0,60.2,40.4,23.1,14.5,6.6
425,8.090,0.000,355.6,229.0,-0.1,5,15200,0.000,0.000,0.016,-0.229,-0.009,71.2,-18.9,0,-1.05,0.000,71.2,225.1,0.000,10.3,22.1,34.0,82.6,77.9,75.2,73.7,72.3,71.2,70.2,69.1,67.9,66.2,64.1,59.5,41.0,23.3,14.6,6.6
426,8.110,0.000,356.8,228.5,-0.3,5,15168,0.000,0.000,0.006,-0.227,-0.011,70.2,-18.9,0,-1.02,0.000,70.2,223.0,0.000,10.3,21.9,33.7,81.4,76.7,74.0,72.5,71.2,70.2,69.1,68.1,66.9,65.3,63.3,58.9,41.8,23.5,14.7,6.6
427,8.130,0.000,358.1,228.0,-0.5,5,15134,0.000,0.000,-0.003,-0.225,-0.013,69.1,-18.9,0,-1.00,0.000,69.1,220.7,0.000,10.3,21.8,33.4,80.1,75.4,72.9,71.4,70.1,69.1,68.1,67.0,65.9,64.3,62.4,58.2,42.6,23.8,14.8,6.7
428,8.150,0.000,359.4,227.5,-0.6,5,15101,0.000,0.525,-0.008,-0.222,-0.014,67.9,-18.9,0,-0.99,0.000,67.9,217.0,0.000,10.2,21.7,33.2,78.7,74.1,71.6,70.2,68.8,67.9,66.9,65.9,64.8,63.2,61.3,57.3,43.0,24.0,14.9,6.7
429,8.170,0.000,360.6,226.2,-0.5,5,14810,0.000,0.656,-0.008,-0.220,-0.014,66.6,-4.8,0,-0.98,0.000,66.6,213.1,0.000,10.2,21.6,33.1,77.3,72.8,70.3,68.8,67.6,66.6,65.6,64.6,63.6,62.0,60.2,56.3,43.2,24.0,15.0,6.7
430,8.190,0.000,361.9,224.2,-0.3,5,14604,0.000,0.731,-0.006,-0.218,-0.013,65.3,4.3,0,-0.98,0.000,65.3,209.5,0.000,10.2,21.6,33.1,75.9,71.4,68.9,67.5,66.2,65.3,64.3,63.3,62.3,60.8,59.0,55.2,43.1,24.1,15.0,6.7
431,8.210,0.000,363.1,221.8,-0.2,5,14398,0.000,0.733,-0.004,-0.215,-0.012,63.9,10.7,0,-0.98,0.000,63.9,207.1,0.000,10.2,21.6,33.1,74.4,70.0,67.5,66.1,64.9,63.9,63.0,62.0,61.0,59.6,57.8,54.1,43.0,24.1,15.0,6.7
432,8.230,0.000,364.3,219.3,-0.1,5,14209,0.000,0.680,-0.001,-0.213,-0.012,62.6,12.2,0,-0.98,0.000,62.6,205.7,0.000,10.2,21.6,33.1,73.0,68.6,66.1,64.8,63.6,62.6,61.7,60.8,59.8,58.4,56.6,53.1,42.8,24.1,15.0,6.8
433,8.250,0.000,365.6,216.7,0.0,5,14056,0.000,0.625,-0.000,-0.210,-0.012,61.4,8.5,0,-0.98,0.000,61.4,204.2,0.000,10.2,21.6,33.1,71.6,67.2,64.8,63.5,62.3,61.4,60.5,59.5,58.6,57.2,55.5,52.1,42.6,24.1,15.1,6.8
434,8.270,0.000,366.7,214.2,0.0,5,13930,0.000,0.577,-0.000,-0.208,-0.012,60.2,2.7,0,-0.98,0.000,60.2,202.7,0.000,10.1,21.5,33.1,70.3,65.9,63.6,62.2,61.0,60.2,59.3,58.4,57.4,56.0,54.4,51.1,42.2,24.2,15.1,6.8
435,8.290,0.000,367.9,211.9,0.0,5,13811,0.000,0.590,-0.001,-0.206,-0.012,59.0,-2.3,0,-0.98,0.000,59.0,200.1,0.000,10.1,21.5,33.0,68.9,64.6,62.3,61.0,59.8,59.0,58.1,57.2,56.3,54.9,53.4,50.1,41.8,24.2,15.1,6.8
436,8.310,0.000,369.1,209.8,-0.0,5,13668,0.000,0.611,-0.002,-0.204,-0.012,57.8,-2.7,0,-0.98,0.000,57.8,197.5,0.000,10.1,21.5,32.9,67.6,63.4,61.1,59.8,58.6,57.8,56.9,56.1,55.2,53.9,52.3,49.2,41.4,24.3,15.2,6.8
437,8.330,0.000,370.3,207.6,-0.0,5,13519,0.000,0.633,-0.002,-0.201,-0.012,56.6,-0.8,0,-0.98,0.000,56.6,195.0,0.000,10.1,21.4,32.9,66.3,62.1,59.8,58.6,57.5,56.6,55.8,54.9,54.0,52.8,51.3,48.2,40.9,24.4,15.2,6.9
438,8.350,0.000,371.4,205.5,-0.1,5,13362,0.000,0.655,-0.002,-0.199,-0.012,55.5,1.8,0,-0.98,0.000,55.5,192.3,0.000,10.1,21.4,32.8,65.0,60.9,58.6,57.4,56.3,55.5,54.6,53.8,52.9,51.7,50.2,47.3,40.3,24.5,15.3,6.9
439,8.370,0.000,372.5,203.3,-0.1,4,14791,0.000,0.680,-0.002,-0.197,-0.012,54.3,6.4,0,-0.98,0.000,54.3,189.7,0.000,10.0,21.3,32.7,63.7,59.6,57.4,56.2,55.1,54.3,53.5,52.7,51.8,50.6,49.2,46.4,39.7,24.5,15.3,6.9
440,8.390,0.000,373.7,201.2,-0.0,4,14733,0.000,0.706,-0.002,-0.195,-0.012,53.2,10.7,0,-0.99,0.000,53.2,187.1,0.000,10.0,21.3,32.7,62.4,58.4,56.2,55.0,53.9,53.2,52.4,51.6,50.7,49.6,48.2,45.4,39.1,24.6,15.4,6.9
441,8.410,0.000,374.8,199.0,-0.0,4,14329,0.000,0.730,-0.001,-0.193,-0.012,52.0,13.7,0,-0.99,0.000,52.0,184.4,0.000,10.0,21.3,32.7,61.2,57.2,55.0,53.8,52.8,52.0,51.3,50.5,49.7,48.5,47.2,44.5,38.4,24.6,15.4,6.9
442,8.430,0.000,375.9,196.6,0.0,4,14102,0.000,0.746,-0.000,-0.191,-0.011,50.9,17.9,0,-1.00,0.000,50.9,181.7,0.000,10.0,21.2,32.9,59.9,55.9,53.8,52.7,51.6,50.9,50.1,49.4,48.6,47.5,46.1,43.5,37.7,24.7,15.4,6.9
443,8.450,0.000,377.0,194.2,0.1,4,13899,0.000,0.762,0.002,-0.189,-0.011,49.8,23.3,0,-1.04,0.000,49.8,179.0,0.000,10.0,21.2,33.9,58.6,54.7,52.7,51.5,50.5,49.8,49.0,48.3,47.5,46.4,45.1,42.6,37.1,24.7,15.5,7.0
444,8.470,0.000,378.0,191.8,0.1,4,13697,0.000,0.774,0.034,-0.186,-0.011,48.7,28.5,0,-1.93,0.000,48.7,176.3,0.000,10.0,21.2,63.3,57.4,53.5,51.5,50.4,49.4,48.7,47.9,47.2,46.4,45.4,44.1,41.7,36.4,24.7,15.5,7.0
445,8.490,0.000,379.1,189.3,0.1,4,13477,0.000,0.780,0.033,-0.184,-0.011,47.6,32.8,0,-1.92,0.000,47.6,173.7,0.000,9.9,21.2,62.1,56.2,52.4,50.4,49.3,48.3,47.6,46.9,46.2,45.4,44.4,43.2,40.8,35.7,24.8,15.5,7.0
446,8.510,0.000,380.1,186.8,0.1,4,13274,0.000,0.777,0.028,-0.182,-0.012,46.6,37.0,0,-1.91,0.000,46.6,171.2,0.000,9.9,21.1,60.9,55.1,51.3,49.3,48.3,47.3,46.6,45.9,45.2,44.5,43.5,42.3,40.0,35.1,25.0,15.6,7.0
447,8.530,0.000,381.2,184.2,-0.1,4,13092,0.000,0.385,0.022,-0.180,-0.013,45.7,40.9,0,-1.89,0.000,45.7,168.8,0.000,9.9,21.0,59.7,54.0,50.3,48.3,47.3,46.3,45.7,45.0,44.3,43.6,42.6,41.5,39.3,34.6,25.2,15.7,7.0
448,8.550,0.000,382.2,181.9,-0.2,4,13208,0.000,0.772,0.016,-0.178,-0.014,44.7,25.4,0,-1.88,0.000,44.7,166.4,0.000,9.9,20.9,58.5,52.9,49.2,47.3,46.3,45.4,44.7,44.0,43.4,42.7,41.7,40.6,38.5,34.0,25.3,15.8,7.1
449,8.570,0.000,383.2,179.6,-0.2,4,12817,0.000,0.777,0.011,-0.176,-0.015,43.8,26.2,0,-1.87,0.000,43.8,164.1,0.000,9.8,20.8,57.4,51.8,48.2,46.3,45.3,44.4,43.8,43.1,42.4,41.8,40.9,39.8,37.7,33.4,25.3,15.9,7.1
450,8.590,0.000,384.2,177.2,-0.3,4,12603,0.000,0.777,0.007,-0.174,-0.016,42.8,32.5,0,-1.86,0.000,42.8,161.7,0.000,9.8,20.7,56.2,50.7,47.1,45.3,44.3,43.4,42.8,42.2,41.5,40.9,40.0,38.9,36.9,32.8,25.2,16.0,7.1
451,8.610,0.000,385.1,174.8,-0.3,4,12412,0.000,0.389,0.005,-0.171,-0.016,41.8,39.7,0,-1.85,0.000,41.8,159.3,0.000,9.8,20.6,55.1,49.6,46.1,44.3,43.3,42.5,41.8,41.2,40.6,40.0,39.1,38.0,36.1,32.1,25.0,16.0,7.1
452,8.630,0.000,386.1,172.7,-0.3,4,12518,0.000,0.789,0.004,-0.169,-0.016,40.9,27.6,0,-1.85,0.000,40.9,156.9,0.000,9.8,20.6,53.9,48.5,45.0,43.3,42.3,41.5,40.9,40.3,39.6,39.0,38.2,37.2,35.3,31.4,24.7,16.1,7.2
453,8.650,0.000,387.1,170.5,-0.2,4,12109,0.000,0.803,0.005,-0.167,-0.016,39.9,32.1,0,-1.85,0.000,39.9,154.5,0.000,9.7,20.5,52.8,47.4,44.0,42.2,41.3,40.5,39.9,39.3,38.7,38.1,37.3,36.3,34.5,30.8,24.4,16.1,7.2
454,8.670,0.000,388.0,168.3,-0.1,3,14802,0.000,0.405,0.005,-0.164,-0.016,38.9,44.1,0,-1.86,0.000,38.9,152.1,0.000,9.7,20.6,51.6,46.3,42.9,41.2,40.3,39.5,38.9,38.3,37.8,37.2,36.4,35.4,33.6,30.1,24.1,16.2,7.2
455,8.690,0.000,388.9,166.2,-0.1,3,14744,0.000,0.826,0.006,-0.162,-0.016,38.0,35.3,0,-1.87,0.000,38.0,149.7,0.000,9.7,20.8,50.5,45.2,41.9,40.2,39.3,38.5,38.0,37.4,36.8,36.3,35.5,34.6,32.8,29.4,23.7,16.2,7.2
456,8.710,0.000,389.9,164.2,-0.1,3,14296,0.000,0.421,0.007,-0.160,-0.016,37.0,41.3,0,-1.89,0.000,37.0,147.4,0.000,9.7,21.2,49.3,44.1,40.9,39.2,38.3,37.6,37.0,36.5,35.9,35.4,34.6,33.7,32.0,28.7,23.3,16.2,7.2
457,8.730,0.000,390.8,162.1,-0.0,3,14335,0.000,0.851,0.008,-0.157,-0.016,36.1,32.1,0,-1.92,0.000,36.1,145.0,0.000,9.7,21.9,48.2,43.0,39.9,38.3,37.4,36.6,36.1,35.6,35.0,34.5,33.7,32.9,31.3,28.1,22.9,16.3,7.3
458,8.750,0.000,391.6,159.9,-0.0,3,13779,0.000,0.429,0.208,-0.155,-0.016,35.2,41.7,0,-2.02,0.920,35.2,142.8,0.000,9.7,24.2,47.1,42.0,38.9,37.3,36.5,35.7,35.2,34.7,34.1,33.6,32.9,32.1,30.5,27.4,22.5,16.3,7.3
459,8.770,0.000,392.5,157.8,0.1,3,13898,0.000,0.429,0.408,-0.153,-0.016,34.4,36.1,0,-3.83,0.920,34.4,140.6,0.000,9.6,52.9,46.1,41.0,37.9,36.4,35.6,34.9,34.4,33.8,33.3,32.8,32.1,31.3,29.8,26.8,22.1,16.3,7.3
460,8.790,0.000,393.4,155.9,0.1,3,13775,0.000,0.849,0.608,-0.150,-0.021,33.7,30.7,0,-3.81,0.920,33.7,138.9,0.000,9.6,52.0,45.2,40.3,37.2,35.7,34.9,34.2,33.7,33.2,32.7,32.2,31.5,30.7,29.3,26.4,21.9,16.3,7.4
461,8.810,0.000,394.3,153.9,-0.4,3,13198,0.000,0.403,0.630,-0.146,-0.030,33.4,49.2,0,-3.77,0.920,33.4,137.8,0.000,9.5,51.4,44.7,39.8,36.8,35.3,34.5,33.8,33.4,32.9,32.4,31.9,31.2,30.4,29.0,26.2,21.9,16.6,7.5
462,8.830,0.000,395.1,151.9,-1.3,3,13339,0.000,0.369,0.557,-0.142,-0.042,33.2,49.5,0,-3.71,0.920,33.2,137.1,0.000,9.3,51.0,44.3,39.5,36.5,35.1,34.3,33.6,33.2,32.7,32.2,31.7,31.1,30.3,28.9,26.2,22.0,16.8,7.6
463,8.850,0.000,395.9,150.1,-2.3,3,13262,0.000,0.336,0.490,-0.137,-0.056,33.0,43.4,0,-3.65,0.920,33.0,136.7,0.000,9.2,50.6,44.0,39.2,36.4,34.9,34.2,33.5,33.0,32.6,32.1,31.6,31.0,30.3,28.9,26.2,22.1,17.1,7.8
464,8.870,0.000,396.8,148.4,-3.3,3,13134,0.000,0.304,0.432,-0.131,-0.070,33.0,34.7,0,-3.59,0.920,33.0,136.2,0.000,9.0,50.3,43.8,39.0,36.2,34.8,34.1,33.4,33.0,32.5,32.0,31.6,30.9,30.2,28.9,26.3,22.3,17.4,7.9
465,8.890,0.000,397.6,146.8,-4.1,3,13005,0.000,0.548,0.382,-0.124,-0.085,32.9,25.6,0,-3.53,0.920,32.9,135.8,0.000,8.8,50.0,43.5,38.9,36.1,34.7,33.9,33.3,32.9,32.4,32.0,31.5,30.9,30.2,28.9,26.3,22.4,17.6,8.2
466,8.910,0.000,398.4,145.1,-4.9,3,12620,0.000,0.243,0.338,-0.116,-0.100,32.7,29.0,0,-3.48,0.920,32.7,135.4,0.000,8.7,49.7,43.3,38.7,35.9,34.5,33.8,33.2,32.7,32.3,31.9,31.4,30.8,30.1,28.8,26.3,22.5,17.8,8.4
467,8.930,0.000,399.2,143.5,-5.6,3,12690,0.000,0.431,0.297,-0.107,-0.114,32.6,20.0,0,-3.43,0.920,32.6,134.9,0.000,8.5,49.4,43.0,38.4,35.7,34.4,33.6,33.0,32.6,32.2,31.7,31.3,30.7,30.0,28.7,26.3,22.5,18.0,8.6
468,8.950,0.000,400.0,141.9,-6.1,3,12411,0.000,0.384,0.259,-0.097,-0.127,32.4,18.8,0,-3.39,0.920,32.4,134.2,0.000,8.3,49.0,42.7,38.2,35.5,34.1,33.4,32.8,32.4,32.0,31.5,31.1,30.5,29.8,28.6,26.2,22.5,18.0,8.8
469,8.970,0.000,400.8,140.3,-6.5,3,12261,0.000,0.339,0.222,-0.085,-0.139,32.2,16.2,0,-3.35,0.920,32.2,133.6,0.000,8.2,48.6,42.3,37.8,35.2,33.9,33.2,32.6,32.2,31.7,31.3,30.9,30.3,29.7,28.4,26.1,22.4,18.1,9.0
470,8.990,0.000,401.5,138.8,-6.8,3,12156,0.000,0.299,0.188,-0.073,-0.151,31.9,11.7,0,-3.32,0.920,31.9,132.8,0.000,8.0,48.2,42.0,37.5,34.9,33.6,32.9,32.3,31.9,31.5,31.1,30.6,30.1,29.4,28.2,25.9,22.4,18.1,9.2
471,9.010,0.000,402.3,137.3,-7.0,3,12070,0.000,0.266,0.155,-0.059,-0.163,31.6,6.1,0,-3.29,0.920,31.6,132.0,0.000,7.8,47.8,41.6,37.1,34.6,33.3,32.6,32.0,31.6,31.2,30.8,30.4,29.8,29.2,28.0,25.7,22.2,18.1,9.4
472,9.030,0.000,403.1,136.0,-7.1,3,11991,0.000,0.239,0.122,-0.044,-0.174,31.3,0.6,0,-3.26,0.920,31.3,131.2,0.000,7.7,47.3,41.2,36.8,34.2,33.0,32.3,31.7,31.3,30.9,30.5,30.1,29.5,28.9,27.8,25.5,22.1,18.0,9.5
473,9.050,0.000,403.8,134.8,-7.1,3,11914,0.000,0.218,0.087,-0.029,-0.185,31.0,-3.8,0,-3.24,0.920,31.0,130.4,0.000,7.6,46.9,40.8,36.4,33.9,32.6,32.0,31.4,31.0,30.6,30.2,29.8,29.3,28.7,27.5,25.3,22.0,18.0,9.6
474,9.070,0.000,404.6,133.7,-7.1,3,11842,0.000,0.203,0.041,-0.012,-0.197,30.7,-6.7,0,-3.22,0.920,30.7,129.6,0.000,7.4,46.5,40.4,36.1,33.6,32.3,31.7,31.1,30.7,30.3,29.9,29.5,29.0,28.4,27.3,25.1,21.8,17.9,9.7
475,9.090,0.000,405.3,132.7,-7.1,2,14862,0.000,0.200,-0.021,0.007,-0.207,30.4,-6.0,0,-3.20,0.920,30.4,128.7,0.000,7.3,46.0,39.9,35.7,33.2,32.0,31.3,30.8,30.4,30.0,29.6,29.2,28.7,28.1,27.0,24.9,21.7,17.8,9.8
476,9.110,0.000,406.0,131.9,-6.9,2,14803,0.000,0.218,-0.071,0.026,-0.215,29.9,-6.1,0,-3.20,0.920,29.9,127.6,0.000,7.3,45.4,39.4,35.2,32.7,31.5,30.9,30.3,29.9,29.6,29.2,28.8,28.3,27.7,26.6,24.5,21.4,17.7,9.8
477,9.130,0.000,406.7,131.1,-6.4,2,14679,0.000,0.258,-0.013,0.045,-0.201,29.3,-8.7,0,-3.20,0.920,29.3,126.0,0.000,7.2,44.6,38.6,34.5,32.0,30.9,30.2,29.7,29.3,29.0,28.6,28.2,27.7,27.1,26.1,24.0,21.0,17.4,9.8
478,9.150,0.000,407.5,130.1,-5.4,2,14457,0.000,0.301,0.076,0.063,-0.180,28.6,-7.9,0,-3.21,0.920,28.6,124.1,0.000,7.2,43.7,37.8,33.6,31.3,30.1,29.5,29.0,28.6,28.2,27.9,27.5,27.0,26.4,25.4,23.5,20.5,17.0,9.7
479,9.170,0.000,408.2,129.0,-4.5,2,14270,0.000,0.336,0.164,0.079,-0.159,27.9,-4.8,0,-3.23,0.920,27.9,122.3,0.000,7.2,42.8,36.9,32.8,30.5,29.4,28.8,28.3,27.9,27.5,27.2,26.8,26.4,25.8,24.8,22.9,20.0,16.7,9.7
480,9.190,0.000,408.9,127.8,-3.8,2,14079,0.000,0.365,0.243,0.093,-0.141,27.3,-1.1,0,-3.24,0.920,27.3,120.5,0.000,7.3,42.1,36.2,32.2,29.9,28.7,28.2,27.7,27.3,27.0,26.6,26.3,25.8,25.2,24.3,22.4,19.6,16.4,9.6
481,9.210,0.000,409.6,126.5,-3.4,2,13877,0.000,0.369,0.310,0.105,-0.126,26.8,2.7,0,-3.24,0.920,26.8,119.1,0.000,7.3,41.4,35.6,31.6,29.3,28.2,27.7,27.2,26.8,26.5,26.1,25.8,25.3,24.8,23.8,22.0,19.3,16.2,9.6
482,9.230,0.000,410.3,125.1,-3.3,2,13688,0.000,0.341,0.363,0.116,-0.113,26.4,5.5,0,-3.24,0.920,26.4,118.3,0.000,7.3,40.9,35.1,31.2,28.9,27.8,27.3,26.8,26.4,26.1,25.8,25.4,25.0,24.5,23.5,21.7,19.1,16.0,9.6
483,9.250,0.000,411.0,123.7,-3.5,2,13536,0.000,0.297,0.403,0.125,-0.104,26.2,6.5,0,-3.24,0.920,26.2,117.7,0.000,7.3,40.6,34.8,30.8,28.6,27.6,27.0,26.5,26.2,25.8,25.5,25.2,24.7,24.2,23.3,21.5,18.9,15.9,9.6
484,9.270,0.000,411.7,122.3,-3.9,2,13413,0.000,0.252,0.432,0.133,-0.097,26.0,5.7,0,-3.23,0.920,26.0,117.3,0.000,7.2,40.3,34.5,30.6,28.4,27.4,26.8,26.3,26.0,25.7,25.3,25.0,24.6,24.0,23.1,21.4,18.8,15.8,9.6
485,9.290,0.000,412.4,121.0,-4.4,2,13300,0.000,0.199,0.449,0.140,-0.092,25.9,3.9,0,-3.23,0.920,25.9,117.0,0.000,7.2,40.2,34.4,30.5,28.3,27.3,26.7,26.2,25.9,25.6,25.2,24.9,24.5,24.0,23.0,21.3,18.7,15.8,9.6
486,9.310,0.000,413.1,119.8,-5.1,2,13214,0.000,0.141,0.456,0.145,-0.090,25.9,1.4,0,-3.22,0.920,25.9,117.0,-0.007,7.2,40.2,34.4,30.5,28.3,27.3,26.7,26.2,25.9,25.6,25.2,24.9,24.5,24.0,23.0,21.3,18.8,15.8,9.6
487,9.330,0.000,413.8,118.7,-5.9,2,13148,0.000,0.000,0.453,0.150,-0.090,26.0,-1.7,0,-3.21,0.920,26.0,116.6,0.000,7.1,40.2,34.5,30.6,28.4,27.3,26.8,26.3,26.0,25.6,25.3,25.0,24.5,24.0,23.1,21.4,18.8,15.8,9.7
488,9.350,0.000,414.5,117.8,-6.8,2,13206,0.000,0.144,0.442,0.154,-0.092,26.1,-7.7,0,-3.20,0.920,26.1,115.0,-0.007,7.1,40.4,34.6,30.7,28.5,27.5,26.9,26.4,26.1,25.8,25.4,25.1,24.6,24.1,23.2,21.5,18.9,15.9,9.7
489,9.370,0.000,415.1,117.0,-7.8,2,12968,0.000,0.144,0.423,0.157,-0.095,26.3,-5.8,0,-3.19,0.920,26.3,114.2,-0.012,7.0,40.6,34.8,30.9,28.7,27.6,27.1,26.6,26.3,25.9,25.6,25.3,24.8,24.3,23.4,21.6,19.0,16.0,9.8
490,9.390,0.000,415.8,116.1,-8.9,2,12809,0.000,0.141,0.401,0.160,-0.099,26.5,-4.7,0,-3.18,0.920,26.5,113.3,-0.015,7.0,40.9,35.1,31.2,28.9,27.9,27.3,26.8,26.5,26.1,25.8,25.5,25.0,24.5,23.6,21.8,19.2,16.2,9.8
491,9.410,0.000,416.5,115.2,-10.0,2,12668,0.000,0.000,0.378,0.162,-0.104,26.7,-4.4,0,-3.17,0.920,26.7,113.8,0.000,6.9,41.2,35.4,31.4,29.2,28.1,27.5,27.0,26.7,26.4,26.0,25.7,25.2,24.7,23.8,22.0,19.4,16.3,9.9
492,9.430,0.000,417.1,114.3,-11.1,2,12718,0.144,0.000,0.355,0.163,-0.108,26.9,-9.0,0,-3.16,0.920,26.9,114.4,0.145,6.9,41.5,35.6,31.7,29.4,28.3,27.8,27.3,26.9,26.6,26.2,25.9,25.4,24.9,24.0,22.2,19.5,16.4,9.9
493,9.450,0.000,417.8,113.6,-12.1,2,12740,0.194,0.000,0.331,0.164,-0.113,27.2,-6.7,0,-3.16,0.920,27.2,115.0,0.195,6.8,41.8,35.9,31.9,29.7,28.6,28.0,27.5,27.2,26.8,26.5,26.1,25.7,25.1,24.2,22.4,19.7,16.5,10.0
494,9.470,0.000,418.4,113.1,-13.0,2,12799,0.245,0.000,0.307,0.164,-0.118,27.4,-4.4,0,-3.15,0.920,27.4,115.6,0.245,6.8,42.1,36.2,32.2,29.9,28.8,28.2,27.7,27.4,27.0,26.7,26.4,25.9,25.4,24.4,22.6,19.8,16.7,10.0
495,9.490,0.000,419.1,112.8,-13.9,2,12885,0.295,0.000,0.285,0.164,-0.123,27.6,-1.8,0,-3.14,0.920,27.6,116.1,0.295,6.8,42.4,36.5,32.4,30.1,29.0,28.4,27.9,27.6,27.2,26.9,26.6,26.1,25.5,24.6,22.7,20.0,16.8,10.1
496,9.510,0.000,419.7,112.5,-14.7,2,12996,0.345,0.000,0.267,0.164,-0.127,27.8,0.9,0,-3.14,0.920,27.8,116.5,0.345,6.7,42.6,36.7,32.6,30.3,29.2,28.6,28.1,27.8,27.4,27.1,26.7,26.3,25.7,24.7,22.9,20.1,16.9,10.1
497,9.530,0.000,420.4,112.2,-15.4,2,13128,0.395,0.000,0.254,0.163,-0.129,27.9,3.8,0,-3.14,0.920,27.9,116.9,0.395,6.7,42.8,36.9,32.8,30.5,29.4,28.8,28.3,27.9,27.6,27.2,26.9,26.4,25.8,24.9,23.0,20.2,16.9,10.1
498,9.550,0.000,421.0,112.1,-16.0,2,13283,0.445,0.000,0.249,0.162,-0.131,28.0,6.8,0,-3.15,0.920,28.0,117.1,0.445,6.7,42.9,37.0,32.9,30.6,29.4,28.8,28.3,28.0,27.6,27.3,26.9,26.4,25.9,24.9,23.0,20.2,17.0,10.1
499,9.570,0.000,421.7,112.1,-16.4,2,13458,0.495,0.000,0.250,0.161,-0.131,28.0,10.0,0,-3.15,0.920,28.0,117.1,0.495,6.7,43.0,37.0,32.9,30.6,29.5,28.9,28.4,28.0,27.6,27.3,26.9,26.5,25.9,24.9,23.0,20.2,17.0,10.1
500,9.590,0.000,422.3,112.1,-16.6,2,13656,0.545,0.000,0.259,0.159,-0.129,27.9,13.4,0,-3.16,0.920,27.9,117.0,0.545,6.8,43.0,37.0,32.9,30.5,29.4,28.8,28.3,27.9,27.6,27.2,26.9,26.4,25.9,24.9,23.0,20.2,16.9,10.1
501,9.610,0.000,423.0,112.2,-16.8,2,13876,0.595,0.000,0.275,0.157,-0.126,27.8,17.0,0,-3.18,0.920,27.8,116.8,0.595,6.8,42.9,36.9,32.8,30.4,29.3,28.7,28.2,27.8,27.5,27.1,26.8,26.3,25.8,24.8,22.9,20.1,16.8,10.0
502,9.630,0.000,423.6,112.5,-16.8,2,14120,0.645,0.000,0.296,0.154,-0.122,27.7,21.0,0,-3.19,0.920,27.7,116.4,0.645,6.8,42.7,36.7,32.6,30.3,29.1,28.6,28.0,27.7,27.3,27.0,26.6,26.1,25.6,24.6,22.8,20.0,16.7,10.0
503,9.650,0.000,424.3,112.7,-16.8,2,14392,0.560,0.000,0.321,0.151,-0.117,27.5,25.4,0,-3.22,0.920,27.5,115.9,0.695,6.9,42.5,36.5,32.4,30.1,28.9,28.4,27.9,27.5,27.1,26.8,26.4,26.0,25.4,24.4,22.6,19.8,16.6,9.9
504,9.670,0.000,424.9,113.1,-16.8,2,14612,0.631,0.000,0.349,0.147,-0.112,27.3,25.0,0,-3.24,0.920,27.3,115.4,0.745,7.0,42.3,36.3,32.2,29.8,28.7,28.1,27.6,27.3,26.9,26.6,26.2,25.8,25.2,24.2,22.4,19.6,16.5,9.9
505,9.690,0.000,425.6,113.4,-16.8,2,14830,0.483,0.000,0.381,0.143,-0.106,27.0,27.5,0,-3.26,0.920,27.0,114.8,0.795,7.1,42.1,36.0,31.9,29.6,28.5,27.9,27.4,27.0,26.7,26.3,26.0,25.5,25.0,24.0,22.2,19.4,16.3,9.8
506,9.710,0.000,426.2,113.7,-16.6,2,14939,0.595,0.000,0.414,0.139,-0.100,26.8,23.3,0,-3.29,0.920,26.8,114.2,0.845,7.1,41.8,35.7,31.6,29.3,28.2,27.6,27.1,26.8,26.4,26.1,25.7,25.3,24.7,23.8,21.9,19.2,16.1,9.7
507,9.730,0.000,426.9,114.1,-16.4,2,15057,0.000,0.000,0.451,0.133,-0.093,26.5,24.9,0,-3.32,0.920,26.5,113.5,0.845,7.2,41.5,35.4,31.3,29.0,27.9,27.3,26.8,26.5,26.1,25.8,25.4,25.0,24.4,23.5,21.7,19.0,15.9,9.6
508,9.750,0.000,427.5,114.2,-16.0,2,14800,0.000,0.000,0.492,0.128,-0.085,26.1,4.2,0,-3.35,0.920,26.1,112.7,0.845,7.4,41.1,35.1,31.0,28.7,27.6,27.0,26.5,26.1,25.8,25.5,25.1,24.7,24.1,23.2,21.4,18.7,15.7,9.5
509,9.770,0.000,428.2,113.9,-15.2,2,14520,0.000,0.107,0.534,0.122,-0.076,25.8,-4.9,0,-3.39,0.920,25.8,111.7,0.585,7.5,40.7,34.6,30.6,28.3,27.2,26.6,26.1,25.8,25.4,25.1,24.7,24.3,23.8,22.8,21.1,18.4,15.5,9.4
510,9.790,0.000,428.8,113.3,-14.5,2,12593,0.000,0.130,0.565,0.116,-0.067,25.4,-2.9,0,-3.43,0.920,25.4,110.7,0.402,7.6,40.2,34.2,30.1,27.8,26.8,26.2,25.7,25.4,25.0,24.7,24.4,23.9,23.4,22.5,20.7,18.1,15.2,9.3
511,9.810,0.000,429.5,112.6,-13.7,2,12405,0.000,0.141,0.585,0.109,-0.058,25.0,0.3,0,-3.47,0.920,25.0,109.8,0.275,7.8,39.8,33.7,29.7,27.4,26.4,25.8,25.3,25.0,24.6,24.3,24.0,23.5,23.0,22.1,20.4,17.8,15.0,9.1
512,9.830,0.000,430.1,111.8,-13.1,2,12265,0.000,0.140,0.596,0.102,-0.050,24.6,2.8,0,-3.51,0.920,24.6,109.0,0.185,7.9,39.4,33.4,29.3,27.1,26.0,25.5,25.0,24.6,24.3,24.0,23.7,23.2,22.7,21.8,20.1,17.6,14.8,9.0
513,9.850,0.000,430.8,110.8,-12.6,2,12153,0.000,0.128,0.599,0.095,-0.044,24.4,4.2,0,-3.54,0.920,24.4,108.3,0.123,8.1,39.1,33.1,29.0,26.8,25.7,25.2,24.7,24.4,24.0,23.7,23.4,22.9,22.4,21.5,19.8,17.4,14.6,8.9
514,9.870,0.000,431.4,109.9,-12.3,2,12062,0.000,0.107,0.598,0.088,-0.039,24.1,4.3,0,-3.58,0.920,24.1,107.7,0.079,8.2,38.9,32.8,28.8,26.6,25.5,25.0,24.5,24.1,23.8,23.5,23.2,22.7,22.2,21.3,19.6,17.2,14.4,8.9
515,9.890,0.000,432.0,108.9,-12.1,2,11990,0.000,0.079,0.593,0.081,-0.037,24.0,3.4,0,-3.61,0.920,24.0,107.3,0.048,8.3,38.8,32.7,28.7,26.4,25.3,24.8,24.3,24.0,23.7,23.3,23.0,22.6,22.1,21.2,19.5,17.0,14.3,8.8
516,9.910,0.000,432.6,108.0,-12.0,2,11936,0.000,0.000,0.585,0.073,-0.035,23.9,1.6,0,-3.65,0.920,23.9,107.1,0.048,8.4,38.7,32.6,28.6,26.3,25.2,24.7,24.2,23.9,23.5,23.2,22.9,22.5,22.0,21.1,19.4,16.9,14.2,8.7
517,9.930,0.000,433.2,107.2,-12.0,2,11902,0.000,0.000,0.575,0.065,-0.035,23.8,-2.4,0,-3.68,0.920,23.8,107.0,0.048,8.4,38.7,32.6,28.5,26.3,25.2,24.6,24.2,23.8,23.5,23.2,22.8,22.4,21.9,21.0,19.3,16.9,14.1,8.7
518,9.950,0.000,433.8,106.5,-12.1,2,11870,0.114,0.000,0.563,0.057,-0.036,23.8,-4.9,0,-3.71,0.920,23.8,107.0,0.131,8.5,38.9,32.6,28.5,26.3,25.2,24.6,24.2,23.8,23.5,23.2,22.8,22.4,21.9,21.0,19.3,16.8,14.1,8.6
519,9.970,0.000,434.4,105.9,-12.3,2,11886,0.168,0.000,0.549,0.050,-0.039,23.9,-3.0,0,-3.74,0.920,23.9,107.1,0.181,8.6,39.1,32.7,28.6,26.3,25.2,24.7,24.2,23.9,23.5,23.2,22.9,22.4,21.9,21.0,19.3,16.8,14.1,8.6
520,9.990,0.000,435.0,105.4,-12.6,2,11934,0.220,0.000,0.534,0.042,-0.041,23.9,-1.0,0,-3.78,0.911,23.9,107.3,0.231,8.6,39.3,32.8,28.7,26.4,25.3,24.7,24.2,23.9,23.6,23.2,22.9,22.4,21.9,21.0,19.3,16.8,14.0,8.5
521,10.010,0.000,435.6,105.0,-12.8,2,12005,0.273,0.000,0.526,0.034,-0.043,23.9,1.2,0,-3.82,0.906,23.9,107.4,0.281,8.7,39.6,32.9,28.8,26.4,25.3,24.8,24.3,23.9,23.6,23.3,22.9,22.5,22.0,21.0,19.3,16.8,14.0,8.5
522,10.030,0.000,436.2,104.7,-12.9,2,12098,0.324,0.000,0.523,0.027,-0.045,23.9,3.6,0,-3.87,0.903,23.9,107.5,0.331,8.7,39.9,33.0,28.8,26.5,25.4,24.8,24.3,23.9,23.6,23.3,22.9,22.5,22.0,21.0,19.3,16.8,14.0,8.4
523,10.050,0.000,436.8,104.6,-13.0,2,12210,0.376,0.000,0.527,0.019,-0.046,23.9,6.1,0,-3.92,0.900,23.9,107.4,0.381,8.8,40.1,33.0,28.8,26.5,25.3,24.8,24.3,23.9,23.6,23.2,22.9,22.4,21.9,21.0,19.3,16.7,13.9,8.4
524,10.070,0.000,437.4,104.5,-13.0,2,12342,0.427,0.000,0.534,0.011,-0.046,23.9,8.7,0,-3.97,0.897,23.9,107.3,0.431,8.8,40.3,32.9,28.7,26.4,25.3,24.7,24.2,23.9,23.5,23.2,22.8,22.4,21.9,20.9,19.2,16.7,13.8,8.3
525,10.090,0.000,437.9,104.5,-12.9,2,12490,0.478,0.000,0.544,0.004,-0.044,23.7,11.5,0,-4.03,0.893,23.7,107.1,0.481,8.9,40.5,32.9,28.6,26.3,25.2,24.6,24.1,23.7,23.4,23.1,22.7,22.3,21.7,20.8,19.1,16.6,13.7,8.3
526,10.110,0.000,438.5,104.6,-12.7,2,12657,0.528,0.000,0.556,-0.004,-0.042,23.6,14.4,0,-4.09,0.888,23.6,106.7,0.531,9.0,40.6,32.7,28.5,26.1,25.0,24.5,24.0,23.6,23.3,22.9,22.6,22.1,21.6,20.7,18.9,16.4,13.6,8.2
527,10.130,0.000,439.1,104.8,-12.5,2,12842,0.579,0.000,0.568,-0.012,-0.039,23.4,17.4,0,-4.16,0.881,23.4,106.3,0.581,9.2,40.6,32.6,28.3,26.0,24.9,24.3,23.8,23.4,23.1,22.7,22.4,21.9,21.4,20.5,18.8,16.3,13.5,8.1
528,10.150,0.000,439.7,105.0,-12.2,2,13047,0.629,0.000,0.580,-0.020,-0.036,23.2,20.6,0,-4.22,0.873,23.2,105.8,0.631,9.3,40.6,32.4,28.1,25.8,24.7,24.1,23.6,23.2,22.9,22.6,22.2,21.8,21.2,20.3,18.6,16.1,13.4,8.0
529,10.170,0.000,440.3,105.3,-12.0,2,13272,0.000,0.000,0.591,-0.028,-0.032,23.0,24.0,0,-4.28,0.863,23.0,105.3,0.631,9.4,40.6,32.2,27.9,25.6,24.4,23.9,23.4,23.0,22.7,22.3,22.0,21.6,21.0,20.1,18.4,15.9,13.2,7.9
530,10.190,0.000,440.9,105.5,-11.7,2,13170,0.000,0.000,0.602,-0.036,-0.028,22.8,4.5,0,-4.35,0.852,22.8,104.7,0.631,9.5,40.5,32.0,27.7,25.3,24.2,23.6,23.2,22.8,22.5,22.1,21.8,21.3,20.8,19.9,18.2,15.8,13.1,7.9
531,10.210,0.000,441.4,105.2,-11.1,2,13002,0.000,0.000,0.618,-0.044,-0.023,22.5,-3.0,0,-4.42,0.841,22.5,104.1,0.631,9.7,40.3,31.7,27.4,25.0,23.9,23.4,22.9,22.5,22.2,21.9,21.5,21.1,20.6,19.7,18.0,15.5,12.9,7.8
532,10.230,0.000,442.0,104.7,-10.4,2,12822,0.000,0.067,0.632,-0.052,-0.017,22.3,-5.4,0,-4.49,0.828,22.3,103.3,0.435,9.9,40.1,31.4,27.1,24.8,23.7,23.1,22.6,22.3,21.9,21.6,21.3,20.8,20.3,19.4,17.7,15.3,12.7,7.7
533,10.250,0.000,442.6,104.1,-9.8,2,11633,0.000,0.071,0.641,-0.060,-0.012,22.0,-3.1,0,-4.56,0.813,22.0,102.7,0.297,10.0,40.0,31.2,26.8,24.5,23.4,22.8,22.3,22.0,21.7,21.3,21.0,20.6,20.1,19.2,17.5,15.1,12.5,7.6
534,10.270,0.000,443.2,103.5,-9.3,2,11543,0.000,0.065,0.646,-0.067,-0.009,21.8,-1.4,0,-4.63,0.798,21.8,102.2,0.201,10.2,39.9,31.0,26.6,24.3,23.2,22.6,22.1,21.8,21.5,21.1,20.8,20.4,19.9,19.0,17.3,15.0,12.4,7.5
535,10.290,0.000,443.7,102.8,-8.9,2,11472,0.000,0.000,0.645,-0.075,-0.006,21.6,-0.8,0,-4.70,0.784,21.6,102.0,0.201,10.3,39.9,30.9,26.4,24.1,23.0,22.4,22.0,21.6,21.3,21.0,20.6,20.2,19.7,18.8,17.2,14.8,12.3,7.4
536,10.310,0.000,444.3,102.1,-8.6,2,11439,0.000,0.000,0.639,-0.083,-0.005,21.5,-3.0,0,-4.77,0.772,21.5,102.0,0.201,10.4,40.0,31.0,26.3,24.0,22.9,22.4,21.9,21.5,21.2,20.9,20.5,20.1,19.6,18.7,17.1,14.7,12.2,7.4
537,10.330,0.000,444.9,101.5,-8.5,2,11407,0.219,0.000,0.631,-0.090,-0.006,21.5,-4.6,0,-4.83,0.762,21.5,102.1,0.251,10.5,40.2,31.1,26.3,24.0,22.9,22.3,21.8,21.5,21.1,20.8,20.5,20.0,19.6,18.7,17.0,14.7,12.1,7.3
538,10.350,0.000,445.4,101.1,-8.4,2,11469,0.275,0.000,0.620,-0.098,-0.007,21.5,0.4,0,-4.89,0.754,21.5,102.2,0.301,10.5,40.4,31.4,26.3,24.0,22.9,22.3,21.8,21.5,21.1,20.8,20.5,20.0,19.5,18.6,17.0,14.6,12.1,7.3
539,10.370,0.000,446.0,100.9,-8.4,2,11566,0.330,0.000,0.610,-0.105,-0.010,21.5,3.1,0,-4.95,0.749,21.5,102.3,0.351,10.5,40.7,31.7,26.4,24.0,22.9,22.3,21.9,21.5,21.2,20.8,20.5,20.1,19.6,18.7,17.0,14.6,12.1,7.2
540,10.390,0.000,446.5,100.7,-8.5,2,11685,0.385,0.000,0.602,-0.112,-0.012,21.5,5.4,0,-5.01,0.746,21.5,102.5,0.401,10.6,41.0,32.1,26.5,24.1,23.0,22.4,21.9,21.5,21.2,20.9,20.5,20.1,19.6,18.7,17.0,14.6,12.0,7.2
541,10.410,0.000,447.1,100.7,-8.5,2,11822,0.438,0.000,0.598,-0.118,-0.014,21.6,7.6,0,-5.06,0.745,21.6,102.7,0.451,10.6,41.2,32.6,26.7,24.1,23.0,22.4,21.9,21.6,21.2,20.9,20.5,20.1,19.6,18.7,17.0,14.6,12.0,7.1
542,10.430,0.000,447.6,100.8,-8.6,2,11974,0.491,0.000,0.598,-0.125,-0.015,21.6,9.9,0,-5.12,0.745,21.6,102.9,0.501,10.7,41.4,32.9,26.8,24.1,23.0,22.4,21.9,21.6,21.2,20.9,20.5,20.1,19.6,18.6,17.0,14.5,12.0,7.1
543,10.450,0.000,448.2,101.0,-8.6,2,12143,0.543,0.000,0.602,-0.131,-0.016,21.5,12.4,0,-5.18,0.745,21.5,103.2,0.551,10.7,41.5,33.2,26.9,24.1,23.0,22.4,21.9,21.5,21.2,20.8,20.5,20.0,19.5,18.6,16.9,14.5,11.9,7.1
544,10.470,0.000,448.7,101.2,-8.5,2,12328,0.594,0.000,0.609,-0.138,-0.016,21.4,15.1,0,-5.23,0.744,21.4,103.4,0.601,10.8,41.6,33.4,27.0,24.1,22.9,22.3,21.8,21.4,21.1,20.8,20.4,20.0,19.4,18.5,16.8,14.4,11.8,7.0
545,10.490,0.000,449.3,101.5,-8.5,2,12528,0.646,0.000,0.617,-0.144,-0.015,21.4,18.0,0,-5.29,0.742,21.4,103.6,0.651,10.9,41.6,33.5,27.0,24.1,22.8,22.2,21.7,21.4,21.0,20.7,20.3,19.9,19.4,18.4,16.7,14.3,11.7,7.0
546,10.510,0.000,449.8,101.9,-8.5,2,12748,0.668,0.000,0.624,-0.151,-0.014,21.3,21.3,0,-5.35,0.739,21.3,103.9,0.701,11.0,41.6,33.6,27.1,24.0,22.7,22.1,21.6,21.3,20.9,20.6,20.2,19.8,19.3,18.3,16.6,14.2,11.7,6.9
547,10.530,0.000,450.4,102.3,-8.5,2,12977,0.505,0.000,0.629,-0.158,-0.013,21.2,24.0,0,-5.41,0.735,21.2,104.2,0.751,11.1,41.6,33.8,27.3,24.0,22.7,22.1,21.5,21.2,20.8,20.5,20.1,19.7,19.2,18.2,16.5,14.1,11.6,6.8
548,10.550,0.000,450.9,102.8,-8.6,2,13117,0.604,0.000,0.633,-0.165,-0.012,21.1,19.7,0,-5.46,0.730,21.1,104.5,0.801,11.1,41.6,33.9,27.4,24.1,22.7,22.0,21.5,21.1,20.7,20.4,20.0,19.6,19.1,18.1,16.4,14.1,11.5,6.8
549,10.570,0.000,451.5,103.1,-8.6,2,13266,0.694,0.000,0.637,-0.171,-0.011,21.0,20.7,0,-5.51,0.725,21.0,104.9,0.851,11.2,41.6,33.9,27.7,24.1,22.7,22.0,21.4,21.0,20.6,20.3,19.9,19.5,19.0,18.0,16.4,14.0,11.4,6.7
550,10.590,0.000,452.0,103.5,-8.6,2,13452,0.605,0.000,0.640,-0.178,-0.011,21.0,24.6,0,-5.56,0.720,21.0,105.2,0.901,11.3,41.6,34.0,27.9,24.2,22.7,22.0,21.4,21.0,20.6,20.2,19.9,19.4,18.9,17.9,16.3,13.9,11.3,6.7
551,10.610,0.000,452.6,103.9,-8.7,2,13599,0.700,0.000,0.642,-0.186,-0.010,21.0,23.9,0,-5.61,0.715,21.0,105.4,0.937,11.4,41.6,34.1,28.1,24.3,22.7,22.0,21.4,21.0,20.6,20.2,19.8,19.3,18.8,17.9,16.2,13.8,11.2,6.6
552,10.630,0.000,453.2,104.4,-8.9,2,13777,0.459,0.000,0.642,-0.193,-0.010,21.0,27.0,0,-5.64,0.710,21.0,105.6,0.935,11.5,41.6,34.2,28.4,24.5,22.8,22.1,21.4,21.0,20.6,20.2,19.8,19.3,18.7,17.8,16.1,13.7,11.2,6.6
553,10.650,0.000,453.7,104.7,-9.1,2,13831,0.556,0.000,0.640,-0.200,-0.011,21.1,20.2,0,-5.66,0.705,21.1,105.8,0.937,11.6,41.7,34.3,28.6,24.8,23.0,22.2,21.5,21.1,20.6,20.2,19.8,19.3,18.7,17.7,16.0,13.6,11.1,6.5
554,10.670,0.000,454.3,105.0,-9.2,2,13894,0.631,0.000,0.640,-0.208,-0.011,21.1,19.6,0,-5.68,0.702,21.1,106.0,0.936,11.6,41.7,34.4,28.8,25.1,23.2,22.3,21.6,21.1,20.7,20.2,19.8,19.3,18.7,17.7,16.0,13.6,11.0,6.4
555,10.690,0.000,454.9,105.4,-9.3,2,13990,0.689,0.000,0.641,-0.215,-0.011,21.2,22.2,0,-5.69,0.698,21.2,106.1,0.932,11.7,41.7,34.5,29.0,25.3,23.4,22.5,21.8,21.2,20.8,20.3,19.9,19.3,18.7,17.6,15.9,13.5,11.0,6.4
556,10.710,0.000,455.4,105.7,-9.4,2,14124,0.531,0.000,0.641,-0.223,-0.012,21.4,26.2,0,-5.69,0.695,21.4,106.2,0.931,11.8,41.7,34.6,29.1,25.6,23.7,22.7,21.9,21.4,20.9,20.4,20.0,19.4,18.7,17.6,15.8,13.4,10.9,6.3
557,10.730,0.000,456.0,106.1,-9.7,2,14185,0.613,0.000,0.639,-0.231,-0.012,21.6,22.9,0,-5.68,0.692,21.6,106.3,0.934,11.9,41.8,34.7,29.3,25.9,24.1,23.1,22.2,21.6,21.1,20.6,20.1,19.5,18.8,17.6,15.7,13.3,10.8,6.3
558,10.750,0.000,456.6,106.4,-9.9,2,14265,0.680,0.000,0.637,-0.238,-0.013,21.9,23.8,0,-5.66,0.690,21.9,106.5,0.936,11.9,41.8,34.8,29.5,26.1,24.4,23.4,22.5,21.9,21.3,20.8,20.3,19.6,18.9,17.7,15.7,13.3,10.7,6.2
559,10.770,0.000,457.1,106.8,-10.1,2,14382,0.000,0.000,0.635,-0.246,-0.014,22.3,27.1,0,-5.62,0.688,22.3,106.6,0.936,12.0,41.9,34.9,29.6,26.4,24.6,23.7,22.9,22.3,21.7,21.1,20.5,19.8,19.0,17.8,15.7,13.2,10.7,6.2
560,10.790,0.000,457.7,106.9,-10.2,2,14136,0.000,0.000,0.634,-0.255,-0.015,22.6,5.0,0,-5.58,0.687,22.6,106.8,0.936,12.1,41.9,34.9,29.8,26.5,24.9,24.0,23.2,22.6,22.0,21.4,20.8,20.0,19.2,17.9,15.7,13.1,10.6,6.1
561,10.810,0.000,458.3,106.6,-10.0,2,13867,0.640,0.000,0.641,-0.263,-0.014,22.8,-3.5,0,-5.56,0.686,22.8,107.0,0.925,12.2,41.8,34.9,29.8,26.6,25.0,24.1,23.3,22.8,22.2,21.6,21.0,20.2,19.4,17.9,15.7,13.0,10.5,6.0
562,10.830,0.000,458.8,106.4,-9.8,2,13898,0.682,0.000,0.649,-0.270,-0.013,22.9,13.0,0,-5.53,0.684,22.9,107.2,0.910,12.3,41.7,34.8,29.8,26.7,25.1,24.2,23.5,22.9,22.4,21.8,21.2,20.4,19.5,18.0,15.7,12.9,10.4,6.0
563,10.850,0.000,459.4,106.6,-9.7,2,14017,0.721,0.000,0.652,-0.278,-0.012,23.1,21.7,0,-5.50,0.681,23.1,107.3,0.904,12.4,41.7,34.8,29.8,26.7,25.2,24.3,23.6,23.1,22.5,22.0,21.4,20.7,19.8,18.2,15.7,12.8,10.3,5.9
564,10.870,0.000,460.0,106.9,-9.8,2,14189,0.377,0.000,0.648,-0.286,-0.013,23.3,27.9,0,-5.45,0.678,23.3,107.3,0.909,12.4,41.7,34.8,29.9,26.9,25.3,24.5,23.8,23.3,22.7,22.2,21.7,20.9,20.1,18.4,15.8,12.8,10.2,5.8
565,10.890,0.000,460.5,107.3,-10.1,2,14190,0.496,0.000,0.641,-0.294,-0.014,23.5,18.7,0,-5.39,0.675,23.5,107.5,0.922,12.4,41.7,34.9,30.0,27.0,25.5,24.7,24.0,23.5,23.0,22.5,22.0,21.2,20.4,18.8,16.0,12.8,10.2,5.8
566,10.910,0.000,461.1,107.5,-10.3,2,14205,0.585,0.000,0.639,-0.302,-0.016,23.7,17.4,0,-5.34,0.674,23.7,107.8,0.926,12.5,41.8,35.0,30.1,27.1,25.7,24.9,24.2,23.7,23.2,22.7,22.2,21.5,20.7,19.1,16.2,12.9,10.1,5.7
567,10.930,0.000,461.7,107.7,-10.3,2,14260,0.648,0.000,0.641,-0.310,-0.016,23.8,19.9,0,-5.30,0.674,23.8,107.9,0.921,12.5,41.7,35.0,30.1,27.2,25.7,25.0,24.3,23.8,23.3,22.8,22.3,21.6,20.9,19.4,16.4,12.9,10.0,5.7
568,10.950,0.000,462.3,108.0,-10.4,2,14357,0.000,0.000,0.645,-0.318,-0.016,23.9,23.6,0,-5.26,0.673,23.9,107.9,0.912,12.5,41.7,34.9,30.1,27.2,25.8,25.0,24.3,23.9,23.4,22.9,22.4,21.8,21.0,19.6,16.7,12.9,9.9,5.6
569,10.970,0.000,462.8,108.1,-10.3,2,14116,0.000,0.000,0.651,-0.326,-0.015,23.9,3.4,0,-5.23,0.672,23.9,107.9,0.899,12.5,41.6,34.8,30.1,27.2,25.8,25.0,24.4,23.9,23.4,23.0,22.5,21.8,21.1,19.7,16.9,13.0,9.9,5.5
570,10.990,0.000,463.4,107.7,-10.0,2,13859,0.000,0.000,0.662,-0.334,-0.013,23.9,-3.8,0,-5.21,0.669,23.9,107.4,0.878,12.5,41.4,34.7,30.0,27.1,25.7,25.0,24.3,23.9,23.4,22.9,22.5,21.8,21.1,19.7,17.0,13.0,9.8,5.5
571,11.010,0.000,464.0,107.2,-9.6,2,13603,0.747,0.000,0.671,-0.342,-0.011,23.8,-6.1,0,-5.19,0.665,23.8,107.2,0.858,12.5,41.3,34.6,29.8,27.1,25.7,24.9,24.3,23.8,23.4,22.9,22.5,21.8,21.1,19.8,17.1,13.1,9.8,5.4
572,11.030,0.000,464.5,107.0,-9.4,2,13715,0.757,0.000,0.677,-0.350,-0.010,23.8,15.6,0,-5.16,0.660,23.8,107.1,0.846,12.5,41.2,34.5,29.8,27.0,25.6,24.9,24.3,23.8,23.4,22.9,22.5,21.9,21.2,19.8,17.3,13.3,9.8,5.3
573,11.050,0.000,465.1,107.3,-9.4,2,13918,0.000,0.000,0.677,-0.358,-0.010,23.9,25.8,0,-5.12,0.654,23.9,107.0,0.846,12.5,41.1,34.4,29.7,27.0,25.6,24.9,24.3,23.9,23.4,23.0,22.5,21.9,21.2,19.9,17.4,13.5,9.8,5.3
574,11.070,0.000,465.7,107.4,-9.5,2,13755,0.000,0.000,0.672,-0.366,-0.011,23.9,4.8,0,-5.07,0.649,23.9,107.0,0.846,12.4,41.1,34.4,29.8,27.0,25.7,25.0,24.4,23.9,23.5,23.1,22.6,22.0,21.3,20.1,17.6,13.8,9.9,5.2
575,11.090,0.000,466.2,107.1,-9.3,2,13540,0.000,0.000,0.671,-0.373,-0.011,24.0,-3.4,0,-5.03,0.645,24.0,107.0,0.846,12.3,41.1,34.4,29.8,27.0,25.7,25.0,24.4,24.0,23.5,23.1,22.7,22.1,21.4,20.2,17.8,14.0,10.0,5.2
576,11.110,0.000,466.8,106.6,-9.1,2,13319,0.642,0.000,0.673,-0.381,-0.011,24.0,-5.9,0,-4.99,0.642,24.0,107.0,0.854,12.3,41.0,34.3,29.7,27.0,25.7,25.0,24.4,24.0,23.5,23.1,22.7,22.1,21.5,20.2,17.9,14.2,10.1,5.1
577,11.130,0.000,467.3,106.4,-9.0,2,13408,0.685,0.000,0.673,-0.388,-0.011,24.0,12.1,0,-4.95,0.638,24.0,107.0,0.854,12.2,40.9,34.3,29.7,27.0,25.7,25.0,24.4,24.0,23.6,23.1,22.7,22.2,21.5,20.3,18.0,14.4,10.3,5.1
578,11.150,0.000,467.9,106.6,-9.0,2,13585,0.726,0.000,0.669,-0.395,-0.012,24.0,21.2,0,-4.90,0.635,24.0,106.9,0.861,12.1,40.9,34.3,29.7,27.0,25.7,25.0,24.4,24.0,23.6,23.2,22.8,22.2,21.6,20.4,18.1,14.6,10.5,5.1
579,11.170,0.000,468.5,106.9,-9.3,2,13817,0.000,0.000,0.663,-0.403,-0.014,24.1,27.6,0,-4.85,0.633,24.1,106.6,0.861,12.0,41.0,34.3,29.7,27.1,25.8,25.1,24.5,24.1,23.7,23.3,22.9,22.3,21.7,20.5,18.2,14.8,10.8,5.0
580,11.190,0.000,469.0,107.1,-9.6,2,13672,0.000,0.000,0.659,-0.410,-0.015,24.1,5.6,0,-4.81,0.633,24.1,106.4,0.861,11.9,41.0,34.3,29.7,27.1,25.8,25.1,24.6,24.1,23.7,23.3,22.9,22.4,21.7,20.6,18.3,14.9,11.0,5.1
581,11.210,0.000,469.6,106.9,-9.4,2,13466,0.000,0.000,0.629,-0.417,-0.022,24.1,-3.0,0,-4.78,0.633,24.1,106.3,0.861,11.8,40.8,34.2,29.6,27.0,25.7,25.1,24.5,24.1,23.7,23.3,22.9,22.3,21.7,20.5,18.3,15.0,11.2,5.1
582,11.230,0.000,470.2,106.4,-9.1,2,13252,0.638,0.000,0.582,-0.423,-0.034,23.9,-5.7,0,-4.77,0.638,23.9,106.4,0.911,11.7,40.6,33.9,29.4,26.8,25.5,24.9,24.3,23.9,23.5,23.1,22.7,22.2,21.5,20.4,18.2,15.0,11.3,5.1
583,11.250,0.000,470.8,106.3,-8.7,2,13344,0.743,0.000,0.548,-0.428,-0.045,23.7,11.8,0,-4.77,0.652,23.7,106.8,0.961,11.6,40.4,33.7,29.2,26.6,25.3,24.7,24.1,23.7,23.3,22.9,22.5,22.0,21.4,20.3,18.1,14.9,11.3,5.1
584,11.270,0.000,471.4,106.5,-8.6,2,13566,0.825,0.000,0.513,-0.431,-0.057,23.6,24.0,0,-4.76,0.670,23.6,107.1,1.000,11.6,40.2,33.5,29.0,26.4,25.2,24.5,24.0,23.6,23.2,22.8,22.4,21.9,21.3,20.2,18.1,14.9,11.4,5.1
585,11.290,0.000,472.0,106.9,-8.9,2,13896,0.285,0.000,0.473,-0.433,-0.071,23.5,34.5,0,-4.73,0.692,23.5,107.6,1.000,11.5,40.1,33.4,28.9,26.4,25.1,24.5,23.9,23.5,23.1,22.7,22.4,21.8,21.2,20.1,18.1,15.0,11.5,5.2
586,11.310,0.000,472.6,107.2,-9.4,2,13975,0.428,0.000,0.429,-0.433,-0.088,23.6,20.2,0,-4.70,0.720,23.6,107.3,1.000,11.4,40.2,33.5,29.0,26.4,25.2,24.5,24.0,23.6,23.2,22.8,22.4,21.9,21.3,20.2,18.2,15.1,11.6,5.3
587,11.330,0.000,473.2,107.5,-9.8,2,14009,0.000,0.000,0.392,-0.433,-0.106,23.7,15.1,0,-4.66,0.753,23.7,107.0,1.000,11.3,40.3,33.5,29.0,26.5,25.3,24.6,24.1,23.7,23.3,22.9,22.5,22.0,21.4,20.3,18.3,15.2,11.8,5.4
588,11.350,0.000,473.8,107.5,-10.0,2,13801,0.000,0.000,0.366,-0.430,-0.123,23.7,-2.0,0,-4.63,0.789,23.7,106.8,1.000,11.2,40.3,33.6,29.1,26.5,25.3,24.7,24.1,23.7,23.3,22.9,22.6,22.0,21.4,20.4,18.3,15.3,11.9,5.6
589,11.370,0.000,474.4,107.1,-10.1,2,13569,0.000,0.000,0.347,-0.427,-0.138,23.7,-8.4,0,-4.61,0.826,23.7,106.7,1.000,11.1,40.3,33.6,29.0,26.5,25.3,24.6,24.1,23.7,23.3,22.9,22.5,22.0,21.4,20.4,18.3,15.3,12.0,5.7
590,11.390,0.000,475.0,106.7,-10.0,2,13339,0.000,0.000,0.331,-0.422,-0.153,23.6,-10.8,0,-4.60,0.863,23.6,106.6,1.000,11.0,40.3,33.5,29.0,26.4,25.2,24.6,24.0,23.6,23.3,22.9,22.5,22.0,21.4,20.3,18.3,15.4,12.0,5.8
591,11.410,0.000,475.6,106.2,-9.9,2,13125,0.813,0.000,0.315,-0.415,-0.168,23.6,-11.5,0,-4.59,0.899,23.6,106.5,1.000,11.0,40.2,33.4,28.9,26.4,25.2,24.5,24.0,23.6,23.2,22.8,22.5,21.9,21.4,20.3,18.3,15.4,12.1,5.9
592,11.430,0.000,476.1,106.1,-9.8,2,13308,0.850,0.000,0.292,-0.407,-0.183,23.5,12.9,0,-4.58,0.920,23.5,106.5,1.000,10.9,40.2,33.4,28.9,26.3,25.1,24.5,23.9,23.5,23.2,22.8,22.4,21.9,21.3,20.3,18.3,15.4,12.1,6.0
593,11.450,0.000,476.7,106.5,-10.0,2,13617,0.000,0.000,0.250,-0.397,-0.199,23.5,26.5,0,-4.57,0.920,23.5,106.4,1.000,10.9,40.2,33.4,28.9,26.3,25.1,24.5,23.9,23.5,23.2,22.8,22.4,21.9,21.3,20.3,18.3,15.4,12.2,6.1
594,11.470,0.000,477.3,106.7,-10.3,2,13534,0.904,0.000,0.196,-0.386,-0.217,23.6,3.4,0,-4.55,0.920,23.6,107.0,1.000,10.8,40.4,33.5,29.0,26.4,25.2,24.6,24.0,23.6,23.3,22.9,22.5,22.0,21.4,20.4,18.4,15.5,12.3,6.2
595,11.490,0.000,477.9,106.9,-10.7,2,13788,0.923,0.000,0.126,-0.374,-0.234,23.8,21.8,0,-4.53,0.920,23.8,107.6,1.000,10.7,40.6,33.7,29.1,26.6,25.3,24.7,24.1,23.8,23.4,23.0,22.6,22.1,21.5,20.5,18.5,15.6,12.4,6.3
596,11.510,0.000,478.5,107.4,-11.3,2,14167,0.692,0.000,0.133,-0.361,-0.230,23.9,34.6,0,-4.51,0.920,23.9,108.0,1.000,10.6,40.8,33.9,29.3,26.7,25.5,24.8,24.3,23.9,23.5,23.1,22.7,22.2,21.7,20.6,18.6,15.7,12.5,6.4
597,11.530,0.000,479.0,107.9,-12.2,2,14517,0.548,0.000,0.136,-0.349,-0.228,24.1,35.4,0,-4.49,0.920,24.1,108.5,1.000,10.5,41.2,34.1,29.5,26.9,25.7,25.0,24.5,24.1,23.7,23.3,22.9,22.4,21.8,20.8,18.8,15.9,12.6,6.4
598,11.550,0.000,479.6,108.5,-13.1,2,14707,0.638,0.000,0.139,-0.338,-0.226,24.3,27.7,0,-4.47,0.920,24.3,109.0,1.000,10.4,41.5,34.4,29.7,27.1,25.9,25.2,24.7,24.3,23.9,23.5,23.1,22.6,22.0,20.9,18.9,16.0,12.7,6.5
599,11.570,0.000,480.1,109.0,-13.6,2,14833,0.711,0.000,0.149,-0.328,-0.223,24.4,24.6,0,-4.46,0.920,24.4,109.4,1.000,10.4,41.8,34.6,29.9,27.3,26.0,25.4,24.8,24.4,24.0,23.6,23.2,22.7,22.1,21.1,19.1,16.1,12.8,6.6
600,11.590,0.000,480.7,109.5,-14.0,2,14963,0.768,0.000,0.171,-0.318,-0.217,24.5,25.5,0,-4.46,0.920,24.5,109.5,1.000,10.3,41.9,34.7,30.0,27.3,26.1,25.4,24.9,24.5,24.1,23.7,23.3,22.8,22.2,21.1,19.1,16.2,12.9,6.7
601,11.610,0.000,481.3,110.0,-14.2,2,15126,0.000,0.000,0.198,-0.310,-0.210,24.5,29.2,0,-4.47,0.920,24.5,109.5,1.000,10.3,42.0,34.7,30.0,27.3,26.1,25.4,24.9,24.5,24.1,23.7,23.3,22.8,22.2,21.1,19.1,16.2,12.9,6.7
602,11.630,0.000,481.8,110.3,-14.3,2,14826,0.000,0.000,0.226,-0.302,-0.204,24.4,3.5,0,-4.48,0.920,24.4,109.5,1.000,10.3,42.0,34.7,30.0,27.3,26.0,25.4,24.8,24.4,24.0,23.6,23.3,22.7,22.1,21.1,19.1,16.1,12.9,6.7
603,11.650,0.000,482.4,110.1,-14.0,2,14510,0.000,0.000,0.258,-0.294,-0.196,24.3,-7.9,0,-4.50,0.920,24.3,109.2,1.000,10.3,42.0,34.7,29.9,27.2,25.9,25.3,24.7,24.3,23.9,23.5,23.2,22.6,22.0,21.0,19.0,16.1,12.8,6.7
604,11.670,0.000,483.0,109.7,-13.6,2,14209,0.000,0.000,0.295,-0.288,-0.188,24.2,-11.7,0,-4.53,0.920,24.2,108.9,1.000,10.3,41.9,34.5,29.7,27.1,25.8,25.1,24.6,24.2,23.8,23.4,23.0,22.5,21.9,20.8,18.8,15.9,12.7,6.7
605,11.690,0.000,483.6,109.2,-13.2,2,13925,0.000,0.000,0.332,-0.281,-0.179,24.0,-12.6,0,-4.55,0.920,24.0,108.5,1.000,10.4,41.8,34.4,29.6,26.9,25.6,25.0,24.4,24.0,23.6,23.2,22.9,22.3,21.8,20.7,18.7,15.8,12.7,6.7
606,11.710,0.000,484.1,108.6,-12.8,2,13665,0.000,0.000,0.366,-0.276,-0.171,23.9,-12.7,0,-4.58,0.920,23.9,108.3,1.000,10.4,41.7,34.3,29.5,26.8,25.5,24.9,24.3,23.9,23.5,23.1,22.8,22.2,21.6,20.6,18.6,15.8,12.6,6.7
607,11.730,0.000,484.7,108.0,-12.5,2,13429,0.951,0.000,0.394,-0.270,-0.165,23.9,-12.4,0,-4.60,0.920,23.9,108.2,1.000,10.4,41.8,34.3,29.5,26.8,25.5,24.8,24.3,23.9,23.5,23.1,22.7,22.2,21.6,20.5,18.6,15.7,12.6,6.8
608,11.750,0.000,485.3,107.9,-12.4,2,13664,0.961,0.000,0.414,-0.266,-0.160,23.9,18.1,0,-4.61,0.920,23.9,108.3,1.000,10.4,41.9,34.4,29.5,26.8,25.5,24.9,24.3,23.9,23.5,23.1,22.7,22.2,21.6,20.6,18.6,15.7,12.6,6.8
609,11.770,0.000,485.8,108.2,-12.7,2,14056,0.153,0.000,0.421,-0.261,-0.158,24.0,35.3,0,-4.62,0.920,24.0,108.5,1.000,10.4,42.2,34.6,29.6,26.9,25.6,25.0,24.4,24.0,23.6,23.2,22.8,22.3,21.7,20.6,18.6,15.8,12.6,6.8
610,11.790,0.000,486.4,108.5,-13.3,2,14086,0.323,0.000,0.422,-0.258,-0.158,24.2,15.7,0,-4.62,0.920,24.2,109.0,1.000,10.3,42.5,34.8,29.9,27.1,25.8,25.1,24.6,24.2,23.8,23.4,23.0,22.4,21.8,20.8,18.8,15.9,12.7,6.8
611,11.810,0.000,487.0,108.6,-13.5,2,14050,0.458,0.000,0.428,-0.254,-0.156,24.3,9.2,0,-4.63,0.920,24.3,109.3,1.000,10.3,42.8,35.0,30.0,27.2,25.9,25.3,24.7,24.3,23.9,23.5,23.1,22.5,21.9,20.8,18.8,15.9,12.7,6.9
612,11.830,0.000,487.6,108.7,-13.5,2,14059,0.567,0.000,0.448,-0.251,-0.152,24.3,10.8,0,-4.65,0.920,24.3,109.3,1.000,10.3,42.9,35.1,30.0,27.3,25.9,25.3,24.7,24.3,23.9,23.5,23.1,22.5,21.9,20.8,18.8,15.9,12.7,6.9
613,11.850,0.000,488.1,108.8,-13.3,2,14130,0.653,0.000,0.477,-0.249,-0.146,24.2,15.6,0,-4.68,0.920,24.2,109.1,1.000,10.3,42.9,35.0,30.0,27.2,25.8,25.2,24.6,24.2,23.8,23.4,23.0,22.4,21.8,20.7,18.7,15.8,12.7,6.8
614,11.870,0.000,488.7,109.1,-13.1,2,14264,0.000,0.000,0.510,-0.246,-0.139,24.0,21.7,0,-4.72,0.920,24.0,108.8,1.000,10.4,42.9,34.9,29.8,27.0,25.7,25.0,24.5,24.0,23.6,23.2,22.8,22.3,21.7,20.6,18.6,15.7,12.6,6.8
615,11.890,0.000,489.3,109.2,-12.8,2,14063,0.000,0.000,0.535,-0.245,-0.132,23.9,2.5,0,-4.75,0.920,23.9,108.5,1.000,10.4,42.8,34.8,29.7,26.9,25.6,24.9,24.3,23.9,23.5,23.1,22.7,22.2,21.6,20.5,18.5,15.6,12.5,6.8
616,11.910,0.000,489.9,108.9,-12.3,2,13828,0.000,0.000,0.555,-0.243,-0.125,23.7,-5.1,0,-4.79,0.920,23.7,108.1,1.000,10.5,42.7,34.6,29.5,26.7,25.4,24.7,24.1,23.7,23.3,22.9,22.5,22.0,21.4,20.3,18.3,15.5,12.4,6.8
617,11.930,0.000,490.5,108.4,-11.7,2,13592,0.000,0.000,0.571,-0.242,-0.118,23.5,-7.5,0,-4.84,0.920,23.5,107.6,1.000,10.6,42.5,34.4,29.3,26.5,25.2,24.5,23.9,23.5,23.1,22.7,22.3,21.8,21.2,20.1,18.1,15.3,12.3,6.7
618,11.950,0.000,491.0,107.8,-11.0,2,13372,0.000,0.000,0.582,-0.241,-0.110,23.3,-8.0,0,-4.88,0.920,23.3,107.1,1.000,10.7,42.3,34.3,29.1,26.3,25.0,24.3,23.7,23.3,22.9,22.5,22.1,21.6,21.0,19.9,18.0,15.2,12.2,6.7
619,11.970,0.000,491.6,107.2,-10.5,2,13169,0.000,0.000,0.586,-0.241,-0.104,23.2,-8.2,0,-4.92,0.920,23.2,106.7,1.000,10.7,42.3,34.1,29.0,26.2,24.8,24.2,23.6,23.2,22.8,22.4,22.0,21.5,20.9,19.8,17.8,15.0,12.1,6.7
620,11.990,0.000,492.2,106.6,-10.1,2,12984,0.000,0.000,0.584,-0.240,-0.099,23.1,-8.3,0,-4.95,0.920,23.1,106.6,1.000,10.8,42.3,34.1,28.9,26.1,24.8,24.1,23.5,23.1,22.7,22.3,21.9,21.4,20.8,19.7,17.8,15.0,12.0,6.6
621,12.010,0.000,492.7,106.0,-9.9,2,12814,0.942,0.000,0.576,-0.240,-0.097,23.1,-8.4,0,-4.97,0.920,23.1,106.7,1.000,10.8,42.5,34.2,29.0,26.1,24.8,24.1,23.5,23.1,22.7,22.3,21.9,21.4,20.8,19.7,17.8,15.0,12.0,6.6
622,12.030,0.000,493.3,105.9,-9.9,2,13091,0.953,0.000,0.564,-0.240,-0.096,23.2,20.0,0,-4.99,0.920,23.2,106.9,1.000,10.8,42.7,34.4,29.1,26.2,24.9,24.2,23.6,23.2,22.8,22.4,22.0,21.5,20.8,19.8,17.8,15.0,12.0,6.6
623,12.050,0.000,493.9,106.3,-10.3,2,13512,0.000,0.000,0.549,-0.239,-0.097,23.3,35.7,0,-5.01,0.920,23.3,107.4,1.000,10.7,43.1,34.7,29.3,26.4,25.1,24.4,23.8,23.3,22.9,22.5,22.1,21.6,21.0,19.9,17.9,15.1,12.0,6.6
624,12.070,0.000,494.4,106.6,-10.8,2,13488,0.200,0.000,0.533,-0.240,-0.099,23.6,9.8,0,-5.01,0.920,23.6,108.0,1.000,10.7,43.6,35.0,29.6,26.7,25.3,24.6,24.0,23.6,23.2,22.7,22.3,21.8,21.2,20.1,18.0,15.2,12.1,6.7
625,12.090,0.000,495.0,106.5,-10.9,2,13410,0.360,0.000,0.533,-0.240,-0.099,23.7,3.0,0,-5.03,0.920,23.7,108.4,1.000,10.7,43.9,35.3,29.8,26.9,25.5,24.7,24.1,23.7,23.3,22.9,22.5,21.9,21.3,20.2,18.1,15.2,12.1,6.7
626,12.110,0.000,495.6,106.4,-10.8,2,13395,0.488,0.000,0.542,-0.241,-0.096,23.7,5.6,0,-5.06,0.916,23.7,108.5,1.000,10.7,44.1,35.4,29.9,26.9,25.5,24.8,24.2,23.7,23.3,22.9,22.5,21.9,21.3,20.2,18.1,15.2,12.1,6.6
627,12.130,0.000,496.2,106.4,-10.5,2,13453,0.590,0.000,0.553,-0.241,-0.093,23.7,10.8,0,-5.09,0.909,23.7,108.4,1.000,10.7,44.2,35.4,29.9,26.9,25.5,24.7,24.1,23.7,23.3,22.8,22.4,21.9,21.2,20.1,18.0,15.2,12.1,6.6
628,12.150,0.000,496.7,106.6,-10.4,2,13576,0.672,0.000,0.558,-0.242,-0.090,23.6,16.6,0,-5.12,0.900,23.6,108.4,1.000,10.8,44.3,35.4,29.9,26.8,25.4,24.7,24.1,23.6,23.2,22.8,22.4,21.8,21.2,20.1,18.0,15.1,12.0,6.6
629,12.170,0.000,497.3,106.9,-10.3,2,13758,0.738,0.000,0.560,-0.243,-0.088,23.6,22.5,0,-5.15,0.892,23.6,108.3,1.000,10.8,44.4,35.5,29.9,26.8,25.4,24.7,24.1,23.6,23.2,22.8,22.4,21.8,21.2,20.0,17.9,15.0,12.0,6.6
630,12.190,0.000,497.9,107.3,-10.4,2,13990,0.613,0.000,0.559,-0.244,-0.086,23.6,27.9,0,-5.18,0.884,23.6,108.4,1.000,10.8,44.5,35.6,29.9,26.9,25.4,24.7,24.1,23.6,23.2,22.8,22.4,21.8,21.2,20.0,17.9,15.0,12.0,6.6
631,12.210,0.000,498.4,107.7,-10.6,2,14162,0.691,0.000,0.556,-0.245,-0.085,23.7,26.1,0,-5.21,0.877,23.7,108.6,1.000,10.8,44.8,35.7,30.0,26.9,25.5,24.8,24.1,23.7,23.2,22.8,22.4,21.8,21.2,20.0,17.9,15.0,12.0,6.6
632,12.230,0.000,499.0,108.2,-10.8,2,14341,0.637,0.000,0.554,-0.246,-0.084,23.8,27.8,0,-5.24,0.871,23.8,108.8,1.000,10.9,45.1,35.9,30.2,27.0,25.6,24.8,24.2,23.8,23.3,22.9,22.5,21.9,21.2,20.1,18.0,15.0,11.9,6.5
633,12.250,0.000,499.6,108.6,-11.0,2,14483,0.695,0.000,0.552,-0.248,-0.084,23.8,27.1,0,-5.27,0.866,23.8,109.1,1.000,10.9,45.5,36.1,30.3,27.2,25.7,24.9,24.3,23.8,23.4,23.0,22.5,22.0,21.3,20.1,18.0,15.1,11.9,6.5
634,12.270,0.000,500.2,109.0,-11.3,2,14639,0.529,0.000,0.548,-0.250,-0.084,24.0,29.3,0,-5.31,0.862,24.0,109.5,1.000,10.9,46.0,36.4,30.5,27.3,25.8,25.1,24.4,24.0,23.5,23.1,22.6,22.0,21.4,20.2,18.1,15.1,12.0,6.5
635,12.290,0.000,500.8,109.3,-11.6,2,14701,0.623,0.000,0.543,-0.252,-0.085,24.1,24.9,0,-5.35,0.859,24.1,109.9,1.000,10.9,46.5,36.6,30.7,27.5,26.0,25.2,24.5,24.1,23.6,23.2,22.7,22.2,21.5,20.3,18.1,15.1,12.0,6.5
636,12.310,0.000,501.4,109.7,-11.9,2,14782,0.698,0.000,0.541,-0.255,-0.086,24.2,25.8,0,-5.40,0.858,24.2,110.3,1.000,10.9,47.2,36.9,30.9,27.6,26.1,25.3,24.7,24.2,23.8,23.3,22.9,22.3,21.6,20.4,18.2,15.2,12.0,6.5
637,12.330,0.000,501.9,110.0,-12.2,2,14903,0.563,0.000,0.541,-0.257,-0.086,24.3,28.9,0,-5.46,0.857,24.3,110.6,1.000,10.9,47.8,37.2,31.1,27.8,26.3,25.5,24.8,24.3,23.9,23.4,23.0,22.4,21.7,20.5,18.3,15.2,12.0,6.5
638,12.350,0.000,502.5,110.4,-12.5,2,14955,0.651,0.000,0.541,-0.260,-0.087,24.5,26.1,0,-5.52,0.856,24.5,111.0,1.000,10.9,48.6,37.5,31.3,28.0,26.4,25.6,24.9,24.5,24.0,23.5,23.1,22.5,21.8,20.6,18.3,15.2,12.0,6.5
639,12.370,0.000,503.1,110.7,-12.8,2,15037,0.628,0.000,0.541,-0.263,-0.088,24.6,28.0,0,-5.60,0.855,24.6,111.5,1.000,10.9,49.5,37.8,31.5,28.2,26.6,25.8,25.1,24.6,24.1,23.7,23.2,22.6,21.9,20.7,18.4,15.3,12.0,6.5
640,12.390,0.000,503.7,111.0,-13.1,2,15115,0.558,0.000,0.538,-0.266,-0.089,24.8,28.9,0,-5.68,0.854,24.8,112.0,1.000,10.8,50.5,38.1,31.8,28.4,26.8,26.0,25.3,24.8,24.3,23.8,23.4,22.7,22.0,20.8,18.5,15.3,12.0,6.4
641,12.410,0.000,504.3,111.2,-13.5,2,15150,0.647,0.000,0.533,-0.269,-0.092,25.0,27.0,0,-5.78,0.854,25.0,112.6,1.000,10.8,51.8,38.5,32.1,28.6,27.0,26.2,25.5,25.0,24.5,24.0,23.5,22.9,22.2,20.9,18.6,15.4,12.1,6.4
642,12.430,0.000,504.9,111.5,-14.0,2,15225,0.507,0.000,0.530,-0.272,-0.094,25.2,29.4,0,-5.89,0.854,25.2,113.2,1.000,10.8,53.2,38.9,32.4,28.9,27.3,26.4,25.7,25.2,24.7,24.2,23.7,23.1,22.4,21.1,18.7,15.5,12.1,6.4
643,12.450,0.000,505.5,111.8,-14.3,2,15221,0.606,0.000,0.529,-0.275,-0.096,25.4,25.2,0,-6.02,0.856,25.4,113.8,1.000,10.8,54.8,39.4,32.7,29.2,27.5,26.6,25.9,25.4,24.9,24.4,23.9,23.3,22.5,21.2,18.8,15.5,12.1,6.4
644,12.470,0.000,506.1,112.0,-14.6,2,15253,0.684,0.000,0.531,-0.279,-0.098,25.6,26.5,0,-6.18,0.857,25.6,114.4,1.000,10.8,56.5,39.9,33.0,29.4,27.7,26.8,26.1,25.6,25.1,24.6,24.1,23.4,22.7,21.4,18.9,15.6,12.2,6.4
645,12.490,0.000,506.7,112.2,-14.9,2,15342,0.379,0.000,0.534,-0.282,-0.100,25.8,30.8,0,-6.36,0.858,25.8,114.9,1.000,10.8,58.5,40.5,33.3,29.6,27.9,27.0,26.3,25.8,25.3,24.8,24.3,23.6,22.8,21.5,19.0,15.7,12.2,6.4
646,12.510,0.000,507.3,112.4,-15.2,2,15261,0.503,0.000,0.536,-0.286,-0.102,26.0,22.1,0,-6.56,0.858,26.0,115.5,1.000,10.8,60.8,41.1,33.6,29.9,28.2,27.3,26.5,26.0,25.5,24.9,24.4,23.8,23.0,21.6,19.2,15.7,12.2,6.4
647,12.530,0.000,507.9,112.5,-15.4,2,15222,0.603,0.000,0.538,-0.289,-0.104,26.2,21.6,0,-6.80,0.857,26.2,116.1,1.000,10.8,63.4,41.8,33.9,30.1,28.4,27.5,26.7,26.2,25.6,25.1,24.6,23.9,23.1,21.8,19.3,15.8,12.2,6.4
648,12.550,0.000,508.5,112.7,-15.6,2,15250,0.682,0.000,0.542,-0.293,-0.105,26.3,25.5,0,-7.08,0.857,26.3,116.5,1.000,10.8,66.3,42.5,34.1,30.3,28.6,27.6,26.9,26.3,25.8,25.3,24.8,24.0,23.3,21.9,19.3,15.8,12.2,6.3
649,12.570,0.000,509.1,112.9,-15.8,2,15346,0.368,0.000,0.548,-0.296,-0.106,26.5,30.6,0,-7.39,0.855,26.5,117.0,1.000,10.8,69.7,43.4,34.4,30.5,28.7,27.8,27.0,26.5,25.9,25.4,24.9,24.2,23.4,22.0,19.4,15.9,12.3,6.3
650,12.590,0.000,509.7,113.1,-15.9,2,15265,0.494,0.000,0.554,-0.300,-0.107,26.6,21.7,0,-7.75,0.853,26.6,117.5,1.000,10.8,73.6,44.3,34.7,30.7,28.9,28.0,27.2,26.6,26.1,25.5,25.0,24.3,23.5,22.1,19.5,15.9,12.3,6.3
651,12.610,0.000,510.4,113.2,-15.9,2,15224,0.595,0.000,0.563,-0.303,-0.108,26.8,21.2,0,-8.17,0.850,26.8,117.8,1.000,10.8,78.0,45.2,35.0,30.9,29.1,28.1,27.3,26.8,26.2,25.7,25.1,24.4,23.6,22.1,19.5,15.9,12.3,6.3
652,12.630,0.000,511.0,113.3,-15.9,2,15250,0.676,0.000,0.579,-0.306,-0.108,26.9,25.1,0,-8.79,0.846,26.9,118.2,1.000,10.9,84.8,46.2,35.3,31.0,29.2,28.2,27.4,26.9,26.3,25.7,25.2,24.5,23.7,22.2,19.6,15.9,12.2,6.3
653,12.650,0.000,511.6,113.5,-15.9,2,15349,0.064,0.000,0.743,-0.310,-0.108,27.0,30.8,0,-13.87,0.839,27.0,118.5,0.821,10.9,162.7,47.4,35.7,31.2,29.3,28.3,27.5,27.0,26.4,25.8,25.3,24.6,23.7,22.3,19.6,15.9,12.2,6.2
654,12.670,0.000,512.2,113.6,-15.9,2,15087,0.266,0.000,0.686,-0.313,-0.109,27.1,12.1,0,-13.49,0.803,27.1,118.9,0.871,10.9,155.0,48.7,36.1,31.4,29.4,28.5,27.6,27.1,26.5,25.9,25.4,24.6,23.8,22.3,19.6,15.9,12.2,6.2
655,12.690,0.000,512.8,113.4,-15.6,2,14908,0.437,0.000,0.648,-0.316,-0.108,27.1,9.3,0,-13.16,0.781,27.1,119.1,0.921,10.9,148.4,49.9,36.4,31.5,29.5,28.5,27.7,27.1,26.5,25.9,25.4,24.6,23.8,22.3,19.6,15.9,12.2,6.2
656,12.710,0.000,513.4,113.3,-15.1,2,14835,0.579,0.000,0.627,-0.319,-0.106,27.0,13.8,0,-12.88,0.769,27.0,119.2,0.967,11.0,142.6,51.0,36.7,31.5,29.4,28.4,27.6,27.0,26.4,25.9,25.3,24.6,23.7,22.2,19.5,15.8,12.1,6.1
657,12.730,0.000,514.0,113.3,-14.6,2,14865,0.669,0.000,0.617,-0.322,-0.103,26.9,20.7,0,-12.61,0.761,26.9,119.2,0.979,11.0,137.2,52.2,36.9,31.5,29.4,28.4,27.5,26.9,26.3,25.8,25.2,24.5,23.6,22.1,19.4,15.7,12.0,6.1
658,12.750,0.000,514.6,113.5,-14.3,2,14980,0.595,0.000,0.609,-0.325,-0.101,26.9,27.5,0,-12.30,0.756,26.9,119.4,0.989,11.1,131.7,53.6,37.2,31.6,29.4,28.3,27.5,26.9,26.3,25.7,25.2,24.4,23.6,22.1,19.3,15.7,11.9,6.1
659,12.770,0.000,515.2,113.7,-14.1,2,15084,0.549,0.000,0.596,-0.327,-0.100,26.9,28.5,0,-11.95,0.753,26.9,120.0,1.000,11.1,126.0,55.5,37.7,31.8,29.4,28.4,27.5,26.9,26.3,25.7,25.2,24.4,23.5,22.0,19.3,15.6,11.9,6.0
660,12.790,0.000,515.8,114.0,-14.0,2,15149,0.639,0.000,0.584,-0.330,-0.099,26.9,26.9,0,-11.57,0.752,26.9,121.4,1.000,11.1,120.1,57.9,38.4,32.0,29.6,28.5,27.5,26.9,26.3,25.8,25.2,24.4,23.6,22.0,19.3,15.6,11.9,6.0
661,12.810,0.000,516.4,114.3,-13.9,2,15247,0.571,0.000,0.575,-0.333,-0.099,27.0,28.7,0,-11.18,0.754,27.0,122.9,1.000,11.1,114.3,60.8,39.2,32.4,29.8,28.6,27.6,27.0,26.4,25.8,25.2,24.4,23.6,22.1,19.3,15.6,11.8,6.0
662,12.830,0.000,517.1,114.6,-13.8,2,15302,0.657,0.000,0.571,-0.335,-0.098,27.1,26.8,0,-10.80,0.757,27.1,124.7,1.000,11.2,108.8,64.1,40.0,32.7,30.0,28.8,27.8,27.1,26.4,25.8,25.2,24.5,23.6,22.1,19.3,15.5,11.8,6.0
663,12.850,0.000,517.7,115.0,-13.6,2,15392,0.580,0.000,0.570,-0.337,-0.097,27.2,28.8,0,-10.43,0.760,27.2,126.6,1.000,11.2,103.5,68.0,40.9,33.1,30.3,28.9,27.9,27.2,26.5,25.9,25.3,24.5,23.6,22.0,19.3,15.5,11.8,5.9
664,12.870,0.000,518.3,115.3,-13.5,2,15440,0.664,0.000,0.562,-0.340,-0.095,27.3,27.2,0,-10.09,0.751,27.3,128.8,1.000,11.2,98.3,73.0,42.0,33.6,30.6,29.2,28.0,27.3,26.6,25.9,25.3,24.5,23.6,22.0,19.2,15.5,11.7,5.9
665,12.890,0.000,518.9,115.7,-13.4,2,15528,0.536,0.000,0.576,-0.342,-0.095,27.5,29.5,0,-10.63,0.725,27.5,131.3,1.000,11.2,93.0,150.0,43.3,34.1,30.9,29.4,28.3,27.5,26.7,26.0,25.4,24.5,23.6,22.0,19.2,15.4,11.7,5.9
666,12.910,0.000,519.5,116.0,-13.3,2,15542,0.628,0.000,0.547,-0.344,-0.094,27.7,26.1,0,-10.31,0.681,27.7,134.2,1.000,11.3,87.6,143.9,44.8,34.8,31.4,29.8,28.5,27.7,26.9,26.2,25.5,24.6,23.6,22.0,19.2,15.4,11.7,5.9
667,12.930,0.000,520.2,116.3,-13.2,2,15588,0.703,0.000,0.514,-0.346,-0.094,28.0,26.9,0,-9.96,0.623,28.0,137.7,1.000,11.3,82.1,138.0,46.6,35.6,31.9,30.2,28.9,28.0,27.2,26.4,25.7,24.7,23.7,22.1,19.2,15.4,11.6,5.9
668,12.950,0.000,520.8,116.7,-13.1,2,15689,0.651,0.000,0.475,-0.348,-0.093,28.3,30.0,0,-9.57,0.548,28.3,141.8,1.000,11.3,76.3,132.2,48.8,36.5,32.5,30.7,29.3,28.3,27.5,26.7,25.9,24.9,23.8,22.1,19.2,15.4,11.6,5.8
669,12.970,0.000,521.4,117.1,-13.1,2,15774,0.721,0.000,0.423,-0.350,-0.093,28.8,29.8,0,-9.06,0.450,28.8,147.0,1.000,11.3,69.1,126.3,51.6,37.8,33.3,31.4,29.8,28.8,27.9,27.0,26.2,25.1,24.0,22.2,19.3,15.4,11.6,5.8
670,12.990,0.000,522.0,117.5,-13.2,2,15902,0.611,0.000,0.379,-0.352,-0.094,29.5,32.2,0,-8.44,0.372,29.5,153.6,1.000,11.3,60.5,120.4,55.4,39.3,34.4,32.2,30.6,29.5,28.5,27.5,26.6,25.5,24.3,22.4,19.3,15.4,11.6,5.8
671,13.010,0.000,522.7,117.9,-13.4,2,15965,0.689,0.000,0.340,-0.354,-0.096,30.3,29.2,0,-7.84,0.308,30.3,162.3,1.000,11.3,53.8,114.3,60.5,41.4,35.8,33.4,31.5,30.3,29.2,28.2,27.2,26.0,24.7,22.7,19.4,15.5,11.7,5.8
672,13.030,0.000,523.3,118.3,-13.6,2,16056,0.751,0.000,0.304,-0.356,-0.098,31.4,30.2,0,-7.26,0.257,31.4,147.2,1.000,11.3,48.6,108.2,67.7,44.0,37.5,34.8,32.7,31.4,30.2,29.0,28.0,26.6,25.2,23.0,19.6,15.6,11.7,5.8
673,13.050,0.000,523.9,118.7,-13.9,2,16199,0.635,0.000,0.273,-0.358,-0.100,32.7,33.1,0,-6.80,0.211,32.7,171.3,1.000,11.3,44.5,102.2,138.9,47.4,39.7,36.6,34.2,32.7,31.3,30.0,28.9,27.4,25.9,23.5,19.8,15.7,11.8,5.8
674,13.070,0.000,524.6,119.2,-14.2,2,16269,0.708,0.000,0.242,-0.360,-0.103,34.3,30.3,0,-6.39,0.168,34.3,164.2,1.000,11.2,41.1,96.2,131.9,51.8,42.5,38.8,36.1,34.3,32.8,31.3,30.0,28.4,26.7,24.0,20.1,15.8,11.8,5.8
675,13.090,0.000,525.2,119.6,-14.6,2,16364,0.766,0.000,0.203,-0.362,-0.106,36.4,31.4,0,-5.92,0.117,36.4,177.1,1.000,11.2,38.3,90.3,125.1,57.8,46.1,41.7,38.4,36.4,34.6,32.9,31.4,29.6,27.7,24.7,20.5,15.9,11.9,5.8
676,13.110,0.000,525.9,120.1,-15.0,2,16520,0.533,0.000,0.165,-0.364,-0.109,39.0,34.8,0,-5.38,0.078,39.0,196.4,1.000,11.2,35.9,84.3,118.4,67.0,50.9,45.4,41.4,39.0,36.8,34.9,33.2,31.0,28.9,25.6,20.9,16.1,12.0,5.8
677,13.130,0.000,526.5,120.5,-15.5,2,16493,0.627,0.000,0.121,-0.366,-0.113,42.4,27.6,0,-4.63,0.049,42.4,250.2,1.000,11.2,33.9,78.3,111.8,133.2,57.5,50.3,45.4,42.4,39.8,37.4,35.4,32.9,30.4,26.7,21.5,16.3,12.0,5.8
678,13.150,0.000,527.1,120.9,-15.8,2,16490,0.701,0.000,0.079,-0.367,-0.116,46.7,26.2,0,-3.83,0.026,46.7,237.4,1.000,11.1,32.1,72.4,105.6,126.3,137.3,56.9,50.4,46.7,43.4,40.6,38.1,35.1,32.2,27.9,22.1,16.5,12.1,5.8
679,13.170,0.000,527.8,121.3,-16.1,2,16550,0.761,0.000,0.049,-0.369,-0.119,52.1,28.1,0,-3.17,0.011,52.1,226.1,1.000,11.1,30.7,66.5,99.8,119.8,130.5,136.4,57.0,52.1,47.9,44.4,41.4,37.8,34.3,29.4,22.8,16.7,12.2,5.8
680,13.190,0.000,528.4,121.8,-16.4,2,16691,0.711,0.000,0.030,-0.371,-0.121,59.3,32.2,0,-2.60,0.009,59.3,273.7,1.000,11.1,29.5,60.3,94.3,113.8,124.1,129.8,134.9,59.3,53.8,49.3,45.5,41.0,36.9,31.0,23.6,17.0,12.3,5.8
681,13.210,0.000,529.1,122.3,-16.8,2,16832,0.607,0.000,0.014,-0.372,-0.123,131.9,33.1,0,-2.12,0.007,131.9,298.3,1.000,11.1,28.4,54.6,88.9,107.9,117.9,123.4,128.3,131.9,62.6,56.0,50.9,45.2,40.1,33.1,24.6,17.3,12.3,5.8
682,13.230,0.000,529.8,122.8,-17.1,2,16848,0.686,0.000,-0.008,-0.374,-0.125,132.5,29.4,0,-1.46,0.006,132.5,299.2,1.000,11.0,27.4,50.0,83.7,102.2,111.9,117.2,122.0,125.4,128.9,132.5,58.4,50.9,44.3,35.7,25.8,17.7,12.4,5.8
683,13.250,0.000,530.4,123.2,-17.4,2,16900,0.749,0.000,-0.018,-0.376,-0.128,126.2,30.0,0,-1.10,0.005,126.2,290.9,1.000,11.0,26.5,46.3,78.8,96.9,106.3,111.4,116.0,119.4,122.8,126.2,129.8,58.4,49.7,38.9,27.1,18.1,12.5,5.8
684,13.270,0.000,531.1,123.7,-17.6,2,17027,0.435,0.000,-0.218,-0.377,-0.129,120.4,33.0,0,-0.74,0.000,120.4,294.1,1.000,11.0,25.7,43.4,74.2,91.9,101.0,106.0,110.5,113.7,117.0,120.4,123.8,128.6,56.8,42.8,28.7,18.6,12.6,5.8
685,13.290,0.000,531.8,124.2,-17.8,2,16810,0.548,0.000,-0.332,-0.379,-0.129,115.2,20.5,0,-0.36,0.000,115.2,286.7,1.000,11.0,25.1,41.1,70.0,87.5,96.4,101.2,105.6,108.7,111.9,115.2,118.5,123.2,128.7,47.3,30.3,19.1,12.7,5.8
686,13.310,0.000,532.4,124.7,-17.7,2,16696,0.639,0.000,-0.344,-0.380,-0.124,112.0,16.3,0,-0.34,0.000,112.0,282.1,1.000,11.1,24.8,40.1,67.7,84.9,93.6,98.4,102.6,105.7,108.8,112.0,115.2,119.8,125.2,50.1,31.2,19.2,12.6,5.8
687,13.330,0.000,533.1,125.3,-16.8,2,16671,0.711,0.000,-0.318,-0.382,-0.113,111.2,16.8,0,-0.36,0.000,111.2,281.0,1.000,11.2,25.1,40.4,67.6,84.4,93.0,97.7,101.9,105.0,108.0,111.2,114.4,119.0,124.3,49.5,30.6,18.8,12.3,5.7
688,13.350,0.000,533.8,126.1,-15.3,2,16727,0.769,0.000,-0.267,-0.385,-0.097,112.0,19.0,0,-0.40,0.000,112.0,289.4,1.000,11.4,25.7,41.7,68.8,85.4,93.9,98.6,102.8,105.8,108.9,112.0,115.2,119.8,125.2,46.4,29.1,18.1,11.9,5.6
689,13.370,0.000,534.5,127.0,-13.4,2,16849,0.815,0.000,-0.199,-0.388,-0.079,113.8,21.5,0,-0.45,0.000,113.8,291.9,1.000,11.6,26.5,43.5,70.8,87.1,95.6,100.3,104.5,107.5,110.6,113.8,117.0,121.6,127.0,42.4,27.3,17.2,11.4,5.4
690,13.390,0.000,535.1,128.0,-11.4,2,17013,0.852,0.000,-0.112,-0.391,-0.060,115.8,23.7,0,-0.85,0.000,115.8,281.0,1.000,11.8,27.4,45.7,72.8,89.0,97.5,102.2,106.4,109.5,112.6,115.8,119.0,123.6,52.1,38.6,25.5,16.4,11.0,5.3
691,13.410,0.000,535.8,129.0,-9.5,2,17196,0.882,0.000,-0.036,-0.395,-0.041,117.5,25.6,0,-0.91,0.000,117.5,289.8,1.000,12.0,28.2,47.8,74.6,90.7,99.2,103.9,108.1,111.2,114.3,117.5,120.8,125.4,47.1,35.6,24.0,15.6,10.6,5.2
692,13.430,0.000,536.5,130.1,-7.9,2,17381,0.905,0.000,-0.105,-0.399,-0.024,118.6,27.2,0,-1.27,-0.850,121.0,283.8,1.000,12.2,28.9,49.5,75.7,91.7,100.2,104.9,109.1,112.2,115.4,118.6,121.8,52.3,43.8,33.5,22.9,15.0,10.2,5.1
693,13.450,0.000,537.2,131.2,-6.7,2,17555,0.924,0.000,-0.041,-0.403,-0.009,119.2,27.7,0,-1.32,-0.850,122.4,285.7,1.000,12.4,29.5,51.0,76.5,92.3,100.8,105.5,109.7,112.8,116.0,119.2,122.5,49.0,41.3,32.0,22.0,14.6,10.0,5.0
694,13.470,0.000,537.9,132.3,-5.6,2,17720,0.939,0.000,0.023,-0.409,0.006,119.5,28.8,0,-1.36,-0.850,119.5,286.2,1.000,12.5,30.0,52.2,77.0,92.7,101.2,105.9,110.1,113.2,116.3,119.5,122.8,46.5,39.4,30.7,21.3,14.1,9.7,4.9
695,13.490,0.000,538.6,133.4,-4.7,2,17879,0.951,0.000,0.223,-0.415,0.019,119.1,30.0,0,-1.39,0.850,119.1,285.7,1.000,12.6,30.3,52.7,76.9,92.5,100.9,105.5,109.7,112.8,115.9,119.1,122.4,45.2,38.4,29.9,20.8,13.9,9.5,4.8
696,13.510,0.000,539.3,134.5,-4.0,2,18062,0.961,0.000,0.420,-0.422,0.029,117.6,32.2,0,-1.39,0.850,117.6,283.5,1.000,12.7,30.3,52.3,76.0,91.3,99.6,104.2,108.3,111.4,114.4,117.6,120.8,45.8,38.7,30.0,20.7,13.7,9.4,4.7
697,13.530,0.000,540.1,135.6,-3.9,2,18297,0.969,0.000,0.444,-0.430,0.036,114.6,35.4,0,-1.36,0.850,114.6,279.3,1.000,12.6,29.8,50.8,73.9,88.9,97.0,101.5,105.5,108.5,111.5,114.6,117.8,49.2,40.9,31.2,21.2,13.9,9.4,4.7
698,13.550,0.000,540.8,136.6,-4.2,2,18574,0.975,0.000,0.399,-0.438,0.030,110.3,38.9,0,-0.99,0.850,110.3,279.4,1.000,12.6,29.0,48.3,70.9,85.4,93.2,97.6,101.5,104.4,107.4,110.3,113.4,117.8,45.9,33.9,22.3,14.2,9.5,4.6
699,13.570,0.000,541.6,137.5,-5.0,2,18895,0.970,0.000,0.317,-0.445,0.016,105.0,42.2,0,-0.58,0.850,105.0,278.5,1.000,12.5,28.0,45.2,67.0,81.0,88.6,92.8,96.6,99.3,102.2,105.0,108.0,112.2,117.2,38.7,24.1,14.9,9.8,4.6
700,13.590,0.000,542.3,138.4,-6.1,2,19205,0.956,0.000,0.233,-0.452,-0.000,99.0,44.7,0,-0.50,0.850,99.0,268.9,1.000,12.3,26.7,41.9,62.6,76.1,83.3,87.3,90.9,93.6,96.3,99.0,101.8,105.8,110.6,47.3,27.0,15.8,10.1,4.7
701,13.610,0.000,543.1,139.2,-7.6,2,19479,0.965,0.000,0.122,-0.457,-0.019,92.5,46.3,0,0.03,0.850,98.3,270.7,1.000,12.1,25.5,38.6,57.8,70.7,77.6,81.4,84.8,87.4,89.9,92.5,95.2,99.0,103.5,112.4,31.6,17.2,10.6,4.7
702,13.630,0.000,543.9,140.0,-9.3,2,19587,0.972,0.000,0.020,-0.461,-0.039,85.9,45.1,0,0.12,0.850,97.7,258.7,1.000,11.9,24.2,35.6,52.9,65.2,71.8,75.4,78.6,81.0,83.4,85.9,88.4,92.0,96.3,104.7,39.0,19.1,11.2,4.8
703,13.650,0.000,544.7,140.7,-11.1,3,19320,0.977,0.000,-0.114,-0.465,-0.060,79.6,39.3,0,1.10,0.850,79.6,273.0,1.000,11.7,23.0,33.1,48.2,60.0,66.2,69.7,72.7,75.0,77.3,79.6,82.0,85.4,89.4,97.3,114.8,21.5,12.0,4.8
704,13.670,0.000,545.4,141.4,-12.8,3,19121,0.848,0.000,-0.203,-0.467,-0.077,74.3,38.3,0,1.15,0.850,74.3,262.5,1.000,11.6,22.1,31.1,44.4,55.7,61.6,64.9,67.8,69.9,72.1,74.3,76.6,79.8,83.7,91.2,107.7,24.3,12.7,4.9
705,13.690,0.000,546.2,142.1,-14.0,3,18896,0.878,0.000,-0.264,-0.468,-0.090,70.7,33.5,0,1.18,0.850,70.7,254.9,1.000,11.5,21.5,29.9,41.9,52.7,58.4,61.6,64.4,66.4,68.5,70.7,72.8,76.0,79.6,86.9,102.8,26.7,13.3,5.0
706,13.710,0.000,547.0,142.8,-14.3,3,18322,0.903,0.000,-0.293,-0.469,-0.095,68.8,30.6,0,1.20,0.850,68.8,250.8,1.000,11.4,21.3,29.4,40.8,51.3,56.8,59.9,62.6,64.6,66.7,68.8,70.9,73.9,77.5,84.6,100.1,28.0,13.6,5.0
707,13.730,0.000,547.8,143.7,-13.6,3,17884,0.922,0.000,-0.288,-0.469,-0.094,68.5,28.2,0,1.18,0.850,68.5,250.2,1.000,11.4,21.3,29.5,41.0,51.3,56.7,59.7,62.4,64.4,66.4,68.5,70.6,73.6,77.1,84.1,99.6,27.7,13.5,5.0
708,13.750,0.000,548.6,144.7,-12.1,3,17544,0.938,0.000,-0.256,-0.469,-0.088,69.5,25.7,0,1.14,0.850,69.5,252.3,1.000,11.5,21.6,30.1,42.2,52.3,57.7,60.7,63.4,65.4,67.4,69.5,71.6,74.6,78.2,85.2,100.8,26.2,13.2,5.0
709,13.770,0.000,549.4,145.7,-10.0,3,17280,0.950,0.000,-0.206,-0.468,-0.077,71.4,23.0,0,1.10,0.850,71.4,256.1,1.000,11.6,22.2,31.1,44.0,54.0,59.5,62.5,65.2,67.2,69.3,71.4,73.5,76.6,80.2,87.4,103.3,24.2,12.7,4.9
710,13.790,0.000,550.3,146.9,-7.6,3,17064,0.960,0.000,-0.145,-0.466,-0.065,73.8,19.5,0,1.05,0.850,73.8,261.0,1.000,11.7,22.8,32.5,46.1,56.2,61.7,64.7,67.5,69.5,71.6,73.8,75.9,79.1,82.8,90.1,106.4,22.2,12.1,4.9
711,13.810,0.000,551.1,148.0,-5.2,3,16886,0.968,0.000,-0.083,-0.464,-0.052,76.2,15.6,0,1.02,0.850,90.3,266.2,1.000,11.8,23.5,34.0,48.2,58.3,63.9,67.0,69.9,71.9,74.1,76.2,78.5,81.7,85.5,93.0,109.8,20.5,11.6,4.8
712,13.830,0.000,551.9,149.1,-3.0,3,16740,0.974,0.000,0.004,-0.461,-0.040,78.4,11.9,0,0.07,0.850,89.4,244.8,1.000,11.9,24.1,35.5,49.9,60.1,65.8,69.0,71.9,74.0,76.2,78.4,80.7,83.9,87.8,95.5,40.5,19.2,11.3,4.8
713,13.850,0.000,552.7,150.1,-1.4,3,16621,0.980,0.000,0.044,-0.458,-0.032,79.7,9.2,0,0.02,0.850,88.5,247.6,1.000,12.0,24.6,36.6,51.0,61.3,67.0,70.2,73.1,75.3,77.5,79.7,82.0,85.3,89.3,97.1,36.2,18.4,11.0,4.8
714,13.870,0.000,553.6,151.0,-0.4,3,16528,0.984,0.000,0.063,-0.455,-0.028,79.9,7.5,0,-0.00,0.850,87.6,248.2,1.000,12.0,24.8,37.0,51.2,61.5,67.2,70.4,73.3,75.4,77.6,79.9,82.2,85.5,89.4,97.2,34.9,18.2,11.0,4.8
715,13.890,0.000,554.4,152.0,0.0,3,16459,0.987,0.000,0.062,-0.451,-0.028,79.0,6.7,0,-0.00,0.850,86.6,246.8,1.000,12.0,24.7,36.9,50.8,60.9,66.5,69.6,72.5,74.6,76.8,79.0,81.3,84.6,88.5,96.2,35.2,18.3,11.0,4.8
716,13.910,0.000,555.3,152.9,0.0,3,16413,0.990,0.000,0.049,-0.447,-0.031,77.5,6.6,0,0.02,0.850,85.7,244.1,1.000,11.9,24.5,36.4,49.9,59.7,65.2,68.3,71.1,73.2,75.3,77.5,79.7,83.0,86.8,94.4,37.2,18.7,11.2,4.8
717,13.930,0.000,556.1,153.7,-0.3,3,16385,0.992,0.000,-0.151,-0.442,-0.034,75.7,6.9,0,0.97,0.000,84.7,266.5,1.000,11.8,24.2,35.7,48.8,58.3,63.7,66.7,69.5,71.5,73.6,75.7,77.9,81.1,84.8,92.3,109.1,19.2,11.4,4.9
718,13.950,0.000,557.0,154.6,-0.8,3,16375,0.993,0.000,-0.160,-0.438,-0.036,74.5,7.7,0,0.97,0.000,83.7,264.0,1.000,11.8,24.0,35.4,48.0,57.4,62.6,65.6,68.3,70.3,72.4,74.5,76.6,79.7,83.4,90.8,107.4,19.5,11.6,5.0
719,13.970,0.000,557.8,155.5,-0.7,3,16376,0.995,0.000,-0.139,-0.434,-0.031,74.7,8.0,0,0.96,0.000,82.8,264.7,1.000,11.8,24.2,35.7,48.3,57.6,62.9,65.8,68.5,70.5,72.6,74.7,76.9,80.0,83.7,91.1,107.8,19.2,11.5,5.0
720,13.990,0.000,558.7,156.4,-0.0,3,16389,0.996,0.000,-0.066,-0.430,-0.023,75.9,8.0,0,-0.00,0.000,81.8,241.6,1.000,11.9,24.7,36.6,49.2,58.6,63.9,66.9,69.6,71.7,73.8,75.9,78.1,81.3,85.0,92.6,37.2,18.4,11.3,5.0
721,14.010,0.000,559.6,157.2,0.9,3,16410,0.997,0.000,-0.021,-0.427,-0.014,77.2,8.0,0,-0.05,0.000,80.8,244.3,1.000,11.9,25.3,37.5,50.2,59.7,65.1,68.1,70.9,73.0,75.1,77.2,79.5,82.7,86.5,94.2,32.4,17.7,11.0,4.9
722,14.030,0.000,560.4,158.2,1.7,3,16437,0.997,0.000,0.012,-0.424,-0.007,78.0,7.9,0,-0.08,0.000,79.9,245.9,1.000,12.0,25.7,38.0,50.8,60.3,65.8,68.8,71.6,73.7,75.9,78.0,80.3,83.6,87.4,95.2,30.3,17.2,10.8,4.9
723,14.050,0.000,561.3,159.1,2.0,3,16466,0.998,0.000,0.031,-0.421,-0.003,78.1,7.3,0,-0.09,0.000,78.9,246.0,1.000,12.0,26.0,38.2,50.8,60.4,65.8,68.9,71.7,73.8,75.9,78.1,80.3,83.6,87.5,95.3,29.5,17.0,10.8,4.9
724,14.070,0.000,562.2,160.0,2.0,3,16493,0.998,0.000,0.035,-0.419,-0.002,77.4,6.7,0,-0.10,0.000,78.0,244.8,1.000,12.0,26.0,38.0,50.5,59.9,65.2,68.3,71.0,73.1,75.2,77.4,79.6,82.9,86.7,94.5,29.6,16.9,10.8,4.9
725,14.090,0.000,563.1,160.9,1.7,3,16522,0.999,0.000,0.030,-0.417,-0.003,76.2,5.9,0,-0.09,0.000,77.0,242.5,1.000,12.0,25.9,37.6,49.7,58.9,64.2,67.2,69.9,72.0,74.0,76.2,78.4,81.6,85.4,93.0,30.6,17.1,10.8,5.0
726,14.110,0.000,564.0,161.8,1.2,3,16553,0.999,0.000,0.019,-0.415,-0.005,74.7,5.5,0,-0.07,0.000,76.0,239.6,1.000,11.9,25.7,37.0,48.8,57.8,63.0,65.9,68.6,70.6,72.6,74.7,76.9,80.0,83.8,91.3,33.2,17.3,11.0,5.0
727,14.130,0.000,564.9,162.7,0.7,3,16589,0.999,0.000,-0.027,-0.413,-0.008,73.2,5.5,0,0.91,0.000,75.1,262.7,1.000,11.9,25.5,36.4,47.9,56.7,61.7,64.6,67.2,69.1,71.1,73.2,75.3,78.4,82.1,89.4,106.2,17.6,11.1,5.0
728,14.150,0.000,565.8,163.6,0.3,3,16630,0.999,0.000,-0.033,-0.412,-0.009,72.0,5.7,0,0.90,0.000,74.1,260.3,1.000,11.9,25.3,36.0,47.2,55.7,60.7,63.5,66.1,68.0,70.0,72.0,74.1,77.1,80.7,88.0,104.6,17.7,11.1,5.0
729,14.170,0.000,566.7,164.5,0.1,3,16677,0.999,0.000,-0.029,-0.410,-0.008,71.2,5.8,0,0.90,0.000,73.1,258.7,1.000,11.9,25.3,35.7,46.7,55.2,60.0,62.8,65.4,67.3,69.2,71.2,73.3,76.3,79.9,87.1,103.5,17.7,11.1,5.0
730,14.190,0.000,567.6,165.4,0.2,3,16725,1.000,0.000,-0.021,-0.409,-0.006,70.7,5.8,0,0.90,0.000,72.2,257.7,1.000,11.9,25.3,35.6,46.4,54.8,59.6,62.3,64.9,66.7,68.7,70.7,72.7,75.7,79.3,86.4,102.8,17.6,11.1,5.0
731,14.210,0.000,568.6,166.3,0.4,3,16773,1.000,0.000,-0.011,-0.408,-0.004,70.2,5.8,0,0.89,0.000,71.2,256.8,1.000,11.9,25.4,35.5,46.1,54.4,59.2,61.9,64.4,66.3,68.2,70.2,72.2,75.2,78.7,85.9,102.2,17.5,11.1,5.0
732,14.230,0.000,569.5,167.2,0.5,3,16821,1.000,0.000,-0.003,-0.407,-0.003,69.6,5.6,0,0.89,0.000,70.2,255.7,1.000,11.9,25.4,35.3,45.8,54.0,58.7,61.4,63.9,65.8,67.7,69.6,71.7,74.6,78.1,85.2,101.5,17.3,11.0,5.0
733,14.250,0.000,570.4,168.1,0.6,3,16866,1.000,0.000,0.003,-0.406,-0.001,68.9,5.1,0,0.88,0.000,69.3,254.3,1.000,11.9,25.3,35.0,45.4,53.4,58.1,60.8,63.3,65.1,67.0,68.9,70.9,73.9,77.4,84.4,100.6,17.3,11.0,5.0
734,14.270,0.000,571.3,169.0,0.6,3,16907,1.000,0.000,0.005,-0.405,-0.001,68.1,4.8,0,0.88,0.000,68.3,252.5,1.000,11.9,25.2,34.7,44.8,52.8,57.4,60.0,62.5,64.3,66.1,68.1,70.0,72.9,76.4,83.4,99.4,17.2,11.0,5.1
735,14.290,0.000,572.3,169.9,0.5,3,16952,1.000,0.000,0.005,-0.404,-0.001,67.1,4.7,0,0.88,0.000,67.3,250.4,1.000,11.9,25.0,34.3,44.2,52.0,56.6,59.2,61.6,63.3,65.2,67.1,69.0,71.9,75.3,82.2,98.1,17.3,11.0,5.1
736,14.310,0.000,573.2,170.8,0.4,3,16997,1.000,0.000,0.003,-0.404,-0.001,66.0,4.6,0,0.88,0.000,66.3,248.2,1.000,11.9,24.8,33.9,43.6,51.2,55.7,58.2,60.6,62.3,64.1,66.0,67.9,70.7,74.1,80.9,96.6,17.4,11.0,5.1
737,14.330,0.000,574.2,171.7,0.3,3,17044,1.000,0.000,0.001,-0.403,-0.002,64.9,4.5,0,0.87,0.000,65.3,245.8,1.000,11.9,24.6,33.5,42.9,50.4,54.8,57.3,59.6,61.3,63.1,64.9,66.8,69.6,72.9,79.6,95.1,17.6,11.1,5.1
738,14.350,0.000,575.1,172.6,0.2,3,17091,1.000,0.000,-0.001,-0.403,-0.002,63.9,4.5,0,0.87,0.000,64.3,243.5,1.000,11.9,24.4,33.0,42.3,49.6,53.9,56.3,58.6,60.3,62.0,63.9,65.7,68.4,71.7,78.3,93.7,17.9,11.1,5.1
739,14.370,0.000,576.1,173.4,0.1,3,17140,1.000,0.000,-0.002,-0.402,-0.002,62.8,4.4,0,0.87,0.000,63.3,241.2,1.000,11.9,24.2,32.6,41.6,48.8,53.0,55.4,57.7,59.3,61.0,62.8,64.7,67.3,70.6,77.1,92.2,18.2,11.1,5.1
740,14.390,0.000,577.1,174.3,0.0,3,17181,1.000,0.000,-0.003,-0.402,-0.003,61.8,3.9,0,0.87,0.000,62.3,238.9,1.000,11.9,24.0,32.2,41.0,48.0,52.2,54.5,56.7,58.4,60.0,61.8,63.6,66.2,69.4,75.9,90.8,18.6,11.1,5.1
741,14.410,0.000,578.0,175.2,0.0,3,17224,1.000,0.000,-0.003,-0.401,-0.003,60.8,3.7,0,0.87,0.000,61.3,236.6,1.000,11.9,23.7,31.7,40.4,47.3,51.3,53.7,55.8,57.4,59.1,60.8,62.6,65.2,68.3,74.7,89.4,19.2,11.1,5.1
742,14.430,0.000,579.0,176.1,0.0,3,17269,1.000,0.000,-0.002,-0.401,-0.002,59.8,3.6,0,0.88,0.000,60.3,234.4,1.000,11.9,23.5,31.3,39.8,46.5,50.5,52.8,54.9,56.5,58.1,59.8,61.6,64.1,67.2,73.5,88.1,19.9,11.1,5.1
743,14.450,0.000,580.0,177.0,0.0,3,17318,1.000,0.000,-0.002,-0.401,-0.002,58.8,3.6,0,0.89,0.000,59.3,232.1,1.000,11.9,23.2,30.9,39.2,45.8,49.7,51.9,54.0,55.5,57.2,58.8,60.5,63.1,66.1,72.3,86.7,20.8,11.2,5.1
744,14.470,0.000,581.0,177.8,0.0,3,17367,1.000,0.000,-0.002,-0.400,-0.002,57.8,3.6,0,0.90,0.000,58.3,229.8,1.000,11.8,23.0,30.5,38.6,45.0,48.8,51.0,53.1,54.6,56.2,57.8,59.5,62.0,65.0,71.1,85.4,22.0,11.3,5.1
745,14.490,0.000,582.0,178.7,0.0,3,17417,1.000,0.000,-0.002,-0.400,-0.002,56.8,3.6,0,0.92,0.000,57.2,227.5,1.000,11.8,22.7,30.0,37.9,44.3,48.0,50.2,52.2,53.7,55.2,56.8,58.5,60.9,63.9,69.9,84.0,23.7,11.4,5.1
746,14.510,0.000,583.0,179.6,0.0,3,17464,1.000,0.000,-0.003,-0.399,-0.002,55.8,3.5,0,0.96,0.000,56.2,225.2,1.000,11.8,22.5,29.6,37.3,43.5,47.2,49.3,51.3,52.7,54.3,55.8,57.5,59.9,62.8,68.7,82.6,26.5,11.6,5.1
747,14.530,0.000,584.0,180.5,0.1,3,17499,1.000,0.000,0.125,-0.399,-0.002,54.9,2.9,0,3.35,-0.004,55.2,249.4,1.000,11.8,22.2,29.1,36.7,42.7,46.3,48.4,50.4,51.8,53.3,54.9,56.5,58.8,61.7,67.5,81.3,111.6,11.8,5.1
748,14.550,0.000,585.0,181.3,0.2,3,17540,1.000,0.000,0.126,-0.398,-0.004,53.4,3.0,0,3.35,-0.004,54.1,244.0,1.000,11.7,21.8,28.5,35.8,41.7,45.2,47.2,49.0,50.5,51.9,53.4,55.0,57.3,60.1,65.8,79.2,109.0,12.2,5.1
749,14.570,0.000,586.0,182.1,-0.2,3,17591,1.000,0.000,0.106,-0.397,-0.011,51.2,3.1,0,3.34,-0.004,53.1,236.5,1.000,11.5,21.2,27.6,34.5,40.1,43.4,45.3,47.1,48.4,49.8,51.2,52.7,54.9,57.6,63.0,75.9,104.6,13.0,5.2
750,14.590,0.000,587.0,183.0,-1.0,3,17653,1.000,0.000,0.077,-0.395,-0.019,48.8,3.5,0,3.33,-0.004,52.0,228.3,1.000,11.4,20.5,26.5,33.0,38.3,41.4,43.2,44.9,46.1,47.4,48.8,50.2,52.3,54.8,59.9,72.1,99.5,14.0,5.3
751,14.610,0.000,588.0,183.8,-1.8,3,17721,1.000,0.000,0.046,-0.393,-0.028,46.4,3.9,0,3.32,-0.003,50.9,220.3,1.000,11.2,19.9,25.5,31.6,36.5,39.5,41.2,42.7,43.9,45.1,46.4,47.7,49.7,52.1,56.9,68.5,94.5,15.3,5.4
752,14.630,0.000,589.1,184.6,-2.5,3,17780,1.000,0.000,-0.013,-0.389,-0.043,44.3,4.2,0,3.32,-0.003,51.0,213.3,1.000,11.0,19.3,24.6,30.4,35.0,37.7,39.4,40.8,42.0,43.1,44.3,45.6,47.4,49.7,54.3,65.3,90.2,17.0,5.5
753,14.650,0.000,590.1,185.4,-2.8,3,17823,1.000,0.000,-0.074,-0.383,-0.057,42.7,4.0,0,3.35,-0.002,42.7,207.8,1.000,10.8,18.8,23.9,29.4,33.8,36.4,37.9,39.4,40.4,41.5,42.7,43.9,45.7,47.8,52.2,62.8,86.9,18.8,5.7
754,14.670,0.000,591.2,186.3,-2.7,3,17851,1.000,0.000,-0.125,-0.375,-0.067,41.7,3.5,0,3.39,-0.018,41.7,204.5,1.000,10.7,18.4,23.4,28.7,33.0,35.6,37.0,38.4,39.5,40.6,41.7,42.9,44.6,46.7,51.0,61.4,85.1,20.4,5.8
755,14.690,0.000,592.2,187.2,-2.0,3,17895,1.000,0.000,-0.158,-0.365,-0.071,41.4,2.9,0,3.46,-0.048,41.4,203.6,1.000,10.6,18.2,23.1,28.4,32.7,35.2,36.7,38.1,39.1,40.2,41.4,42.5,44.3,46.4,50.7,61.1,85.1,21.3,6.0
756,14.710,0.000,593.3,188.0,-0.8,3,17966,1.000,0.000,-0.169,-0.354,-0.070,41.6,2.9,0,3.52,-0.077,41.6,204.8,1.000,10.5,18.1,23.1,28.4,32.8,35.4,36.9,38.3,39.4,40.5,41.6,42.8,44.6,46.7,51.2,61.9,86.6,21.4,6.1
757,14.730,0.000,594.3,188.8,0.6,3,18070,1.000,0.000,-0.163,-0.342,-0.067,42.3,3.5,0,3.60,-0.094,42.3,207.6,1.000,10.5,18.2,23.2,28.7,33.2,35.8,37.4,38.9,40.0,41.1,42.3,43.5,45.4,47.6,52.2,63.4,89.1,21.0,6.1
758,14.750,0.000,595.4,189.6,2.1,3,18182,1.000,0.000,-0.144,-0.329,-0.062,43.2,4.3,0,3.67,-0.099,43.2,211.5,1.000,10.4,18.2,23.4,29.0,33.7,36.5,38.1,39.6,40.8,42.0,43.2,44.5,46.4,48.8,53.6,65.3,92.3,20.5,6.2
759,14.770,0.000,596.5,190.3,3.4,3,18294,1.000,0.000,-0.115,-0.316,-0.056,44.2,5.1,0,3.76,-0.089,44.2,215.9,1.000,10.4,18.3,23.6,29.4,34.2,37.1,38.8,40.4,41.6,42.9,44.2,45.5,47.5,50.0,55.0,67.3,95.8,20.0,6.3
760,14.790,0.000,597.6,191.1,4.6,3,18402,1.000,0.000,-0.085,-0.303,-0.051,45.1,5.8,0,3.84,-0.068,54.4,220.3,1.000,10.3,18.3,23.8,29.8,34.7,37.7,39.5,41.2,42.4,43.7,45.1,46.5,48.6,51.1,56.4,69.3,99.1,19.7,6.4
761,14.810,0.000,598.6,191.8,5.4,3,18491,1.000,0.000,-0.064,-0.289,-0.048,45.8,6.1,0,3.93,-0.051,54.7,224.5,1.000,10.2,18.3,23.8,30.0,35.1,38.2,40.0,41.7,43.0,44.4,45.8,47.2,49.4,52.0,57.5,70.9,102.1,19.6,6.5
762,14.830,0.000,599.7,192.6,5.9,3,18567,1.000,0.000,-0.053,-0.275,-0.046,46.2,6.2,0,4.01,-0.039,55.0,228.1,1.000,10.1,18.3,23.8,30.0,35.3,38.4,40.3,42.0,43.4,44.7,46.2,47.7,49.9,52.6,58.3,72.0,104.5,19.7,6.6
763,14.850,0.000,600.8,193.4,6.0,3,18629,1.000,0.000,-0.052,-0.262,-0.046,46.3,5.9,0,4.10,-0.029,55.3,231.0,1.000,10.0,18.1,23.7,30.0,35.2,38.4,40.3,42.1,43.4,44.8,46.3,47.8,50.1,52.9,58.6,72.7,106.2,20.1,6.7
764,14.870,0.000,601.9,194.2,5.8,3,18679,1.000,0.000,-0.060,-0.248,-0.047,46.2,5.5,0,4.18,-0.022,55.6,233.1,1.000,9.9,17.9,23.5,29.7,35.0,38.2,40.1,41.9,43.3,44.7,46.2,47.7,50.0,52.8,58.6,72.9,107.3,20.6,6.8
765,14.890,0.000,603.0,195.0,5.5,3,18726,1.000,0.000,-0.070,-0.234,-0.049,45.9,4.9,0,4.26,-0.017,55.8,234.8,1.000,9.8,17.7,23.2,29.4,34.7,37.9,39.8,41.6,43.0,44.4,45.9,47.4,49.7,52.6,58.4,72.8,108.0,21.2,7.0
766,14.910,0.000,604.1,195.8,5.1,3,18776,1.000,0.000,-0.084,-0.220,-0.052,45.5,4.5,0,4.34,-0.013,56.0,236.4,1.000,9.7,17.5,22.9,29.1,34.4,37.6,39.5,41.3,42.6,44.1,45.5,47.1,49.4,52.2,58.2,72.7,108.5,21.8,7.1
767,14.930,0.000,605.2,196.6,4.7,3,18830,1.000,0.000,-0.097,-0.206,-0.054,45.2,4.1,0,4.43,-0.010,45.2,238.2,1.000,9.6,17.3,22.7,28.8,34.1,37.3,39.2,41.0,42.3,43.8,45.2,46.8,49.1,52.0,57.9,72.6,109.2,22.4,7.3
768,14.950,0.000,606.3,197.4,4.4,3,18888,1.000,0.000,-0.107,-0.191,-0.055,45.1,3.9,0,4.52,-0.007,45.1,240.7,1.000,9.4,17.1,22.4,28.6,33.8,37.0,39.0,40.8,42.1,43.6,45.1,46.6,49.0,51.8,57.9,72.7,110.4,23.0,7.4
769,14.970,0.000,607.4,198.2,4.3,3,18950,1.000,0.000,-0.115,-0.177,-0.055,45.0,3.7,0,4.62,-0.006,45.0,244.0,1.000,9.3,16.9,22.2,28.4,33.7,36.9,38.8,40.7,42.0,43.5,45.0,46.6,49.0,51.9,58.0,73.1,112.1,23.4,7.5
770,14.990,0.000,608.5,198.9,4.3,3,19015,1.000,0.000,-0.120,-0.163,-0.055,45.1,3.5,0,4.73,-0.004,45.1,248.6,1.000,9.2,16.8,22.1,28.3,33.6,36.9,38.8,40.7,42.1,43.5,45.1,46.7,49.1,52.1,58.3,73.8,114.6,23.7,7.7
771,15.010,0.000,609.6,199.7,4.4,3,19081,1.000,0.000,-0.121,-0.149,-0.053,45.3,3.5,0,4.85,-0.003,45.3,254.5,1.000,9.1,16.7,22.0,28.2,33.6,36.9,38.9,40.8,42.2,43.7,45.3,47.0,49.4,52.5,58.8,74.7,117.8,23.9,7.8
772,15.030,0.000,610.7,200.4,4.5,3,19147,1.000,0.000,-0.121,-0.135,-0.052,45.6,3.4,0,5.00,-0.002,57.1,262.0,1.000,9.0,16.6,21.9,28.2,33.7,37.1,39.1,41.0,42.5,44.0,45.6,47.3,49.9,53.0,59.5,75.8,121.8,23.9,7.9
773,15.050,0.000,611.8,201.1,4.7,3,19212,1.000,0.000,-0.119,-0.121,-0.049,46.1,3.3,0,5.10,-0.002,57.3,268.1,1.000,8.9,16.5,21.9,28.3,33.8,37.3,39.4,41.3,42.8,44.4,46.1,47.8,50.4,53.6,60.3,77.1,125.1,24.0,8.0
774,15.070,0.000,612.9,201.8,4.9,3,19275,1.000,0.000,-0.113,-0.108,-0.047,46.5,3.2,0,5.15,-0.001,57.4,272.2,1.000,8.9,16.4,21.8,28.3,34.0,37.5,39.7,41.7,43.2,44.8,46.5,48.3,51.0,54.3,61.2,78.5,127.3,23.9,8.1
775,15.090,0.000,614.1,202.5,5.1,3,19336,1.000,0.000,-0.107,-0.095,-0.044,47.0,3.1,0,5.18,-0.001,57.6,275.2,1.000,8.8,16.3,21.8,28.4,34.2,37.8,40.0,42.1,43.6,45.3,47.0,48.9,51.6,55.0,62.1,80.0,128.9,23.9,8.2
776,15.110,0.000,615.2,203.2,5.2,3,19394,1.000,0.000,-0.102,-0.082,-0.042,47.5,2.9,0,5.19,-0.001,57.7,277.4,1.000,8.7,16.2,21.8,28.5,34.3,38.1,40.3,42.4,44.0,45.7,47.5,49.4,52.2,55.7,63.1,81.5,130.1,23.9,8.3
777,15.130,0.000,616.3,203.9,5.3,3,19448,1.000,0.000,-0.097,-0.069,-0.040,47.9,2.6,0,5.20,-0.001,57.8,279.1,1.000,8.6,16.2,21.7,28.5,34.5,38.3,40.6,42.7,44.4,46.1,47.9,49.9,52.8,56.4,63.9,83.0,131.0,23.9,8.4
778,15.150,0.000,617.5,204.6,5.3,3,19501,1.000,0.000,-0.095,-0.057,-0.038,48.3,2.3,0,5.20,-0.000,57.9,280.3,1.000,8.5,16.1,21.7,28.5,34.6,38.4,40.8,43.0,44.7,46.5,48.3,50.3,53.3,56.9,64.7,84.4,131.6,24.0,8.5
779,15.170,0.000,618.6,205.2,5.1,4,19333,1.000,0.000,-0.094,-0.045,-0.037,48.6,-1.3,0,5.21,-0.000,58.1,281.3,1.000,8.4,16.0,21.6,28.5,34.6,38.6,40.9,43.2,44.9,46.7,48.6,50.7,53.7,57.4,65.4,85.8,131.9,24.1,8.6
780,15.190,0.000,619.7,205.8,4.9,4,19186,1.000,0.000,-0.096,-0.033,-0.036,48.9,-1.8,0,5.21,-0.000,58.2,282.0,1.000,8.4,15.8,21.5,28.4,34.6,38.6,41.0,43.3,45.1,46.9,48.9,50.9,54.0,57.8,65.9,87.1,132.0,24.2,8.7
781,15.210,0.000,620.9,206.3,4.6,4,19064,1.000,0.000,-0.098,-0.022,-0.035,49.1,-1.9,0,5.21,-0.000,58.3,282.5,1.000,8.3,15.7,21.4,28.3,34.6,38.7,41.1,43.4,45.2,47.1,49.1,51.2,54.3,58.2,66.5,88.5,132.0,24.4,8.8
782,15.230,0.000,622.0,206.8,4.4,4,18450,1.000,0.000,-0.100,-0.011,-0.034,49.3,-1.7,0,5.21,-0.000,58.5,282.9,1.000,8.2,15.6,21.3,28.3,34.7,38.7,41.2,43.6,45.4,47.3,49.3,51.4,54.7,58.6,67.1,90.1,132.0,24.5,8.8
783,15.250,0.000,623.2,207.4,4.3,4,18001,1.000,0.000,-0.099,-0.000,-0.033,49.7,-1.8,0,5.20,-0.000,58.6,283.1,1.000,8.1,15.5,21.2,28.3,34.7,38.9,41.4,43.8,45.6,47.6,49.7,51.8,55.1,59.2,67.8,92.0,132.0,24.6,8.9
784,15.270,0.000,624.3,207.9,4.2,4,17676,1.000,0.000,-0.097,0.010,-0.031,50.1,-1.9,0,5.18,-0.000,58.8,283.3,1.000,8.1,15.5,21.2,28.3,34.9,39.1,41.7,44.1,46.0,48.0,50.1,52.3,55.7,59.8,68.7,94.4,132.0,24.6,9.0
785,15.290,0.000,625.5,208.5,4.2,4,17443,1.000,0.000,-0.094,0.020,-0.029,50.6,-2.0,0,5.16,-0.000,58.9,283.3,1.000,8.0,15.4,21.1,28.4,35.0,39.3,42.0,44.5,46.4,48.4,50.6,52.9,56.3,60.6,69.7,97.1,132.0,24.5,9.1
786,15.310,0.000,626.6,209.0,4.2,4,17279,1.000,0.000,-0.091,0.029,-0.028,51.1,-2.1,0,5.14,-0.000,59.1,283.2,1.000,7.9,15.3,21.1,28.4,35.2,39.6,42.3,44.9,46.8,48.9,51.1,53.5,57.0,61.4,70.8,100.3,131.9,24.5,9.1
787,15.330,0.000,627.8,209.6,4.1,4,17162,1.000,0.000,-0.088,0.038,-0.026,51.7,-2.2,0,5.12,-0.000,59.2,283.0,1.000,7.9,15.3,21.1,28.5,35.4,39.9,42.6,45.3,47.3,49.4,51.7,54.1,57.7,62.2,71.9,103.7,131.8,24.5,9.2
788,15.350,0.000,629.0,210.1,4.1,4,17086,1.000,0.000,-0.085,0.047,-0.024,52.2,-2.4,0,5.09,-0.000,59.4,282.6,1.000,7.8,15.2,21.1,28.6,35.6,40.2,43.0,45.7,47.7,49.9,52.2,54.7,58.4,63.0,73.1,106.7,131.6,24.4,9.2
789,15.370,0.000,630.1,210.6,4.0,4,17037,1.000,0.000,-0.083,0.055,-0.022,52.8,-2.5,0,5.06,-0.000,59.5,282.2,1.000,7.8,15.2,21.1,28.7,35.8,40.4,43.3,46.0,48.1,50.4,52.8,55.3,59.1,63.8,74.4,108.4,131.3,24.4,9.3
790,15.390,0.000,631.3,211.2,3.9,4,17010,1.000,0.000,-0.082,0.063,-0.021,53.3,-2.7,0,5.02,-0.000,59.7,281.6,1.000,7.7,15.1,21.1,28.7,36.0,40.7,43.6,46.4,48.6,50.8,53.3,55.8,59.7,64.6,75.8,109.5,130.9,24.4,9.4
791,15.410,0.000,632.5,211.7,3.9,4,16995,1.000,0.000,-0.080,0.071,-0.019,53.8,-2.8,0,4.98,-0.000,59.9,281.0,1.000,7.7,15.1,21.0,28.8,36.1,41.0,43.9,46.8,49.0,51.3,53.8,56.4,60.4,65.4,77.2,110.2,130.5,24.4,9.4
792,15.430,0.000,633.6,212.3,3.8,4,16992,1.000,0.000,-0.109,0.078,-0.018,54.3,-2.9,0,4.93,0.002,60.1,280.2,1.000,7.6,15.0,21.0,28.9,36.3,41.2,44.2,47.2,49.4,51.8,54.3,57.0,61.1,66.3,78.8,110.7,130.1,24.4,9.5
793,15.450,0.000,634.8,212.8,3.7,4,16996,1.000,0.000,-0.129,0.085,-0.016,55.0,-2.8,0,4.87,0.007,60.3,279.6,1.000,7.6,15.0,21.1,29.0,36.6,41.6,44.7,47.7,50.0,52.4,55.0,57.8,62.0,67.5,81.0,111.3,129.7,24.3,9.5
794,15.470,0.000,636.0,213.3,3.7,4,17006,1.000,0.000,-0.137,0.091,-0.013,56.1,-2.6,0,4.78,0.012,60.5,279.0,1.000,7.5,15.0,21.2,29.3,37.1,42.3,45.5,48.5,50.9,53.4,56.1,59.0,63.4,69.3,84.1,112.0,129.5,24.1,9.5
795,15.490,0.000,637.2,213.8,3.9,4,17021,1.000,0.000,-0.088,0.097,-0.009,57.6,-2.4,0,3.29,0.017,60.7,272.2,1.000,7.5,15.1,21.4,29.7,37.8,43.2,46.5,49.7,52.2,54.8,57.6,60.6,65.4,71.9,88.5,112.7,75.9,23.8,9.5
796,15.510,0.000,638.4,214.4,4.3,4,17040,1.000,0.000,-0.075,0.102,-0.005,59.2,-2.7,0,2.97,0.025,61.1,273.1,1.000,7.5,15.2,21.6,30.2,38.6,44.2,47.6,51.0,53.5,56.3,59.2,62.5,67.7,74.9,93.6,113.3,63.8,23.5,9.5
797,15.530,0.000,639.6,214.9,4.4,4,17059,1.000,0.000,-0.069,0.107,-0.002,60.6,-2.9,0,2.81,0.032,61.4,273.4,1.000,7.5,15.2,21.7,30.6,39.2,44.9,48.5,52.0,54.6,57.5,60.6,64.1,69.8,77.7,97.0,113.6,57.7,23.3,9.5
798,15.550,0.000,640.8,215.4,4.3,4,17078,1.000,0.000,-0.068,0.112,0.000,61.8,-3.1,0,2.72,0.041,61.8,273.3,1.000,7.5,15.2,21.8,30.8,39.6,45.5,49.2,52.7,55.4,58.4,61.8,65.5,71.6,80.1,98.5,113.5,54.5,23.1,9.6
799,15.570,0.000,642.0,216.0,4.1,4,17096,1.000,0.000,-0.067,0.115,0.001,62.8,-3.3,0,2.65,0.052,62.8,272.9,1.000,7.4,15.2,21.9,31.0,39.9,45.9,49.7,53.3,56.1,59.2,62.8,66.7,73.2,82.4,99.2,113.2,52.6,23.1,9.6
800,15.590,0.000,643.1,216.5,3.9,4,17114,1.000,0.000,-0.066,0.119,0.002,63.7,-3.5,0,2.59,0.064,63.7,272.4,1.000,7.4,15.2,21.9,31.1,40.2,46.3,50.1,53.7,56.7,60.0,63.7,67.9,74.8,84.7,99.6,112.8,51.2,23.0,9.6
801,15.610,0.000,644.4,217.0,3.6,4,17134,1.000,0.000,-0.063,0.122,0.003,64.7,-3.7,0,2.54,0.078,64.7,271.7,1.000,7.4,15.2,21.9,31.2,40.4,46.6,50.4,54.2,57.3,60.8,64.7,69.1,76.5,87.1,99.8,112.4,50.2,23.0,9.6
802,15.630,0.000,645.6,217.6,3.4,4,17154,1.000,0.000,-0.059,0.124,0.004,65.7,-3.9,0,2.49,0.094,65.7,270.9,1.000,7.4,15.2,22.0,31.3,40.6,46.9,50.8,54.8,58.0,61.6,65.7,70.4,78.3,89.3,99.8,111.8,49.3,22.9,9.6
803,15.650,0.000,646.8,218.1,3.2,4,17173,1.000,0.000,-0.053,0.127,0.004,66.8,-4.1,0,2.44,0.110,66.8,270.1,1.000,7.4,15.2,22.0,31.4,40.8,47.2,51.2,55.3,58.7,62.5,66.8,71.8,80.2,90.4,99.7,111.3,48.5,22.9,9.6
804,15.670,0.000,648.0,218.7,3.0,4,17193,1.000,0.000,-0.047,0.129,0.005,67.9,-4.3,0,2.40,0.129,67.9,269.2,1.000,7.4,15.2,22.0,31.5,41.0,47.4,51.6,55.8,59.3,63.3,67.9,73.2,82.1,90.9,99.4,110.6,48.0,22.9,9.6
805,15.690,0.000,649.2,219.2,2.9,4,17213,1.000,0.000,-0.040,0.131,0.005,68.9,-4.4,0,2.36,0.150,68.9,268.2,1.000,7.3,15.2,22.0,31.5,41.1,47.6,51.8,56.3,59.9,64.1,68.9,74.4,83.9,91.1,99.1,109.9,47.6,22.9,9.7
806,15.710,0.000,650.4,219.8,2.7,4,17232,1.000,0.000,-0.035,0.132,0.004,69.7,-4.6,0,2.33,0.172,69.7,267.0,1.000,7.3,15.2,22.0,31.5,41.1,47.7,52.0,56.6,60.4,64.7,69.7,75.5,84.9,91.0,98.5,109.1,47.4,22.9,9.7
807,15.730,0.000,651.6,220.3,2.5,4,17252,1.000,0.000,-0.030,0.134,0.003,70.3,-4.8,0,2.31,0.198,70.3,265.6,1.000,7.3,15.1,21.9,31.4,41.0,47.6,52.1,56.7,60.6,65.1,70.3,76.4,85.1,90.6,97.8,108.2,47.5,23.0,9.7
808,15.750,0.000,652.8,220.9,2.2,4,17272,1.000,0.000,-0.026,0.136,0.002,70.7,-5.0,0,2.29,0.224,70.7,264.2,1.000,7.3,15.0,21.8,31.2,40.8,47.5,52.0,56.8,60.8,65.3,70.7,77.0,84.9,90.1,97.1,107.2,47.7,23.1,9.7
809,15.770,0.000,654.1,221.4,2.0,4,17294,1.000,0.000,-0.023,0.137,0.000,70.9,-5.1,0,2.29,0.252,70.9,262.6,1.000,7.3,15.0,21.6,31.0,40.5,47.2,51.8,56.7,60.7,65.4,70.9,77.3,84.5,89.4,96.2,106.1,48.1,23.3,9.8
810,15.790,0.000,655.3,222.0,1.8,4,17314,1.000,0.000,-0.018,0.139,-0.002,70.9,-5.2,0,2.29,0.286,72.2,260.9,1.000,7.2,14.9,21.5,30.7,40.2,46.9,51.5,56.4,60.5,65.3,70.9,77.5,83.9,88.6,95.2,105.0,48.6,23.5,9.8
811,15.810,0.000,656.5,222.5,1.6,4,17335,1.000,0.000,-0.015,0.141,-0.004,70.7,-5.4,0,2.30,0.320,73.6,259.2,1.000,7.2,14.8,21.3,30.4,39.7,46.5,51.1,56.1,60.2,65.0,70.7,77.3,83.1,87.6,94.1,103.8,49.2,23.7,9.8
812,15.830,0.000,657.8,223.1,1.4,4,17356,1.000,0.000,-0.014,0.144,-0.006,70.2,-5.5,0,2.32,0.353,75.0,257.3,1.000,7.2,14.6,21.1,30.1,39.2,46.0,50.6,55.6,59.7,64.5,70.2,76.7,82.2,86.6,93.0,102.6,49.9,23.9,9.9
813,15.850,0.000,659.0,223.6,1.2,4,17379,1.000,0.000,-0.018,0.147,-0.009,69.7,-5.6,0,2.35,0.379,76.1,255.3,1.000,7.1,14.5,20.8,29.7,38.7,45.4,50.0,55.0,59.1,64.0,69.7,75.9,81.2,85.5,91.8,101.3,50.7,24.2,9.9
814,15.870,0.000,660.2,224.2,1.0,4,17401,1.000,0.000,-0.030,0.150,-0.012,69.1,-5.7,0,2.37,0.387,76.4,253.4,1.000,7.1,14.4,20.6,29.3,38.2,44.9,49.5,54.4,58.6,63.4,69.1,75.2,80.2,84.4,90.6,100.0,51.4,24.5,10.0
815,15.890,0.000,661.5,224.7,0.9,4,17424,1.000,0.000,-0.041,0.153,-0.014,69.1,-5.7,0,2.38,0.391,76.7,251.5,1.000,7.0,14.2,20.4,29.0,37.8,44.5,49.2,54.1,58.3,63.2,69.1,74.7,79.4,83.5,89.5,98.8,51.7,24.7,10.0
816,15.910,0.000,662.7,225.3,0.9,4,17446,1.000,0.000,-0.047,0.157,-0.015,69.8,-5.7,0,2.35,0.392,76.7,249.9,1.000,7.0,14.1,20.3,28.8,37.7,44.5,49.2,54.3,58.6,63.7,69.8,74.6,78.9,82.8,88.6,97.8,51.6,24.9,10.1
817,15.930,0.000,664.0,225.8,1.1,4,17468,1.000,0.000,-0.049,0.161,-0.015,70.8,-5.7,0,2.31,0.390,76.6,248.5,1.000,7.0,14.1,20.2,28.8,37.7,44.7,49.7,55.0,59.5,64.9,70.8,74.7,78.6,82.3,87.9,96.8,51.0,24.9,10.1
818,15.950,0.000,665.2,226.3,1.3,4,17491,1.000,0.000,-0.050,0.166,-0.014,71.6,-5.7,0,2.25,0.385,76.4,247.2,1.000,6.9,14.1,20.2,28.8,38.0,45.3,50.4,56.0,60.9,66.6,71.6,74.8,78.4,81.9,87.3,96.0,50.2,24.9,10.1
819,15.970,0.000,666.5,226.9,1.6,4,17515,1.000,0.000,-0.049,0.170,-0.013,72.0,-5.7,0,2.18,0.378,76.1,245.9,1.000,6.9,14.0,20.2,28.8,38.3,46.0,51.4,57.4,62.6,68.3,72.0,74.9,78.2,81.5,86.7,95.2,49.3,24.9,10.2
820,15.990,0.000,667.7,227.4,1.8,4,17537,1.000,0.000,-0.048,0.174,-0.012,72.3,-5.7,0,2.10,0.369,75.7,244.6,1.000,6.9,14.0,20.2,28.9,38.8,46.8,52.6,59.0,64.6,69.2,72.3,74.9,78.0,81.1,86.1,94.4,48.3,24.9,10.2
821,16.012,0.000,669.1,227.9,2.0,4,17564,1.000,0.000,-0.049,0.179,-0.011,72.4,-5.7,0,2.03,0.358,75.2,243.2,1.000,6.9,14.0,20.2,29.1,39.3,47.7,54.0,60.9,66.2,69.7,72.4,74.7,77.6,80.6,85.4,93.5,47.4,24.8,10.2
822,16.034,0.000,670.5,228.5,2.1,4,17587,1.000,0.000,-0.050,0.183,-0.010,72.3,-5.8,0,1.96,0.345,74.7,241.6,1.000,6.8,14.0,20.2,29.2,39.9,48.8,55.5,63.0,66.9,69.9,72.3,74.5,77.2,80.0,84.7,92.5,46.5,24.8,10.2
823,16.056,0.000,671.9,229.1,2.2,4,17611,1.000,0.000,-0.052,0.188,-0.008,72.1,-5.8,0,1.90,0.330,74.1,240.1,1.000,6.8,13.9,20.2,29.4,40.5,50.1,57.3,64.1,67.3,69.9,72.1,74.1,76.7,79.4,83.9,91.5,45.6,24.7,10.3
824,16.078,0.000,673.3,229.7,2.2,4,17635,1.000,0.000,-0.055,0.192,-0.007,71.8,-5.8,0,1.83,0.314,73.4,238.5,1.000,6.8,13.9,20.2,29.6,41.3,51.5,59.3,64.7,67.4,69.8,71.8,73.7,76.2,78.8,83.1,90.6,44.7,24.7,10.3
825,16.100,0.000,674.7,230.2,2.3,4,17658,1.000,0.000,-0.056,0.195,-0.006,71.5,-5.9,0,1.76,0.298,72.7,236.9,1.000,6.7,13.9,20.3,30.0,42.3,53.3,60.9,65.1,67.5,69.6,71.5,73.3,75.6,78.1,82.3,89.6,43.8,24.6,10.3
826,16.122,0.000,676.1,230.8,2.4,4,17683,1.000,0.000,-0.056,0.199,-0.004,71.2,-5.9,0,1.70,0.280,71.9,235.3,1.000,6.7,13.9,20.3,30.4,43.5,55.4,61.7,65.2,67.4,69.4,71.2,72.9,75.1,77.5,81.5,88.6,42.9,24.4,10.3
827,16.144,0.000,677.5,231.3,2.4,4,17705,1.000,0.000,-0.056,0.202,-0.002,70.8,-6.0,0,1.63,0.262,71.2,233.7,1.000,6.7,13.9,20.4,30.9,44.8,57.4,62.1,65.3,67.2,69.1,70.8,72.4,74.5,76.8,80.7,87.7,41.9,24.2,10.3
828,16.166,0.000,678.9,231.9,2.5,4,17730,1.000,0.000,-0.056,0.205,-0.000,70.3,-6.0,0,1.57,0.244,70.4,232.1,1.000,6.7,14.0,20.6,31.5,46.5,58.4,62.3,65.2,67.0,68.7,70.3,71.9,73.9,76.1,79.9,86.7,41.0,24.1,10.3
829,16.188,0.000,680.4,232.4,2.6,4,17752,0.000,0.000,-0.056,0.208,0.002,69.8,-6.0,0,1.51,0.224,69.8,230.4,1.000,6.7,14.0,20.8,32.2,48.3,58.9,62.4,65.0,66.7,68.3,69.8,71.3,73.3,75.4,79.1,85.7,40.1,23.8,10.3
830,16.210,0.000,681.8,232.2,2.6,4,17140,0.000,0.000,-0.056,0.210,0.004,69.3,-19.5,0,1.44,0.204,69.3,228.7,1.000,6.7,14.1,21.0,33.0,50.5,59.1,62.3,64.7,66.3,67.8,69.3,70.7,72.6,74.7,78.2,84.7,39.2,23.6,10.3
831,16.232,0.000,683.2,231.5,2.6,4,17064,0.000,0.000,-0.053,0.211,0.006,68.8,-19.8,0,1.38,0.183,68.8,227.0,1.000,6.7,14.1,21.3,34.0,52.4,59.3,62.2,64.4,66.0,67.4,68.8,70.2,72.0,74.0,77.4,83.7,38.2,23.3,10.3
832,16.254,0.000,684.6,230.8,2.8,4,17002,0.000,0.000,-0.047,0.212,0.009,68.4,-19.8,0,1.32,0.163,68.4,225.5,1.000,6.7,14.3,21.7,35.3,53.4,59.4,62.1,64.2,65.6,67.0,68.4,69.6,71.4,73.3,76.7,82.8,37.1,23.0,10.3
833,16.276,0.000,686.0,230.2,2.9,4,16947,0.000,0.000,-0.041,0.213,0.012,67.9,-19.8,0,1.25,0.141,67.9,223.9,1.000,6.7,14.4,22.2,36.9,54.1,59.4,61.9,63.9,65.3,66.6,67.9,69.1,70.8,72.6,75.9,81.9,36.1,22.6,10.3
834,16.298,0.000,687.4,229.5,3.1,4,16894,0.000,0.000,-0.036,0.212,0.015,67.3,-19.7,0,1.19,0.120,67.3,222.2,1.000,6.7,14.6,22.8,38.5,54.4,59.3,61.6,63.5,64.8,66.1,67.3,68.5,70.1,71.9,75.1,80.9,35.1,22.3,10.2
835,16.320,0.000,688.8,228.9,3.0,4,16844,0.000,0.424,-0.033,0.212,0.018,66.6,-19.7,0,1.14,0.098,66.6,220.4,0.000,6.8,14.8,23.3,40.2,54.4,58.9,61.1,63.0,64.2,65.4,66.6,67.8,69.3,71.1,74.2,79.9,34.3,22.0,10.2
836,16.342,0.000,690.2,227.4,3.0,4,16582,0.000,0.450,-0.034,0.211,0.019,65.8,-9.5,0,1.08,0.076,65.8,218.4,0.000,6.8,15.0,23.8,41.8,54.2,58.4,60.5,62.3,63.5,64.7,65.8,66.9,68.4,70.1,73.2,78.8,33.5,21.7,10.2
837,16.364,0.000,691.6,225.4,2.8,4,16412,0.000,0.455,-0.038,0.209,0.020,64.9,-7.6,0,1.04,0.054,64.9,216.3,0.000,6.8,15.2,24.3,43.1,53.8,57.8,59.8,61.5,62.7,63.8,64.9,66.0,67.5,69.1,72.1,77.6,32.9,21.5,10.1
838,16.386,0.000,692.9,223.3,2.7,4,16248,0.000,0.456,0.047,0.207,0.021,64.0,-7.6,0,1.00,0.000,64.0,214.2,0.000,6.8,15.4,24.9,43.7,53.3,57.2,59.1,60.7,61.9,63.0,64.0,65.1,66.5,68.1,71.0,76.5,32.3,21.2,10.1
839,16.408,0.000,694.3,221.2,2.7,4,16093,0.000,0.480,0.039,0.205,0.020,62.8,-9.3,0,0.98,0.000,62.8,211.6,0.000,6.9,15.5,25.1,43.5,52.4,56.2,58.0,59.6,60.7,61.8,62.8,63.8,65.3,66.8,69.7,75.0,32.0,21.1,10.0
840,16.430,0.000,695.6,219.1,1.9,4,15928,0.000,0.544,0.019,0.204,0.016,61.1,-9.0,0,1.01,0.000,61.1,208.2,0.000,6.9,15.4,24.8,42.3,50.9,54.6,56.4,57.9,59.0,60.1,61.1,62.1,63.5,65.1,67.9,73.2,32.4,21.2,10.1
841,16.452,0.000,697.0,216.9,0.9,4,15753,0.000,0.609,0.002,0.202,0.012,59.3,-5.9,0,1.05,0.000,59.3,204.7,0.000,6.9,15.3,24.4,41.0,49.4,52.9,54.7,56.2,57.3,58.3,59.3,60.3,61.7,63.3,66.1,71.3,32.8,21.4,10.1
842,16.474,0.000,698.3,214.5,0.2,4,15538,0.000,0.661,-0.011,0.200,0.010,57.7,-2.4,0,1.08,0.000,57.7,201.3,0.000,6.9,15.2,24.2,40.0,47.9,51.4,53.1,54.6,55.7,56.7,57.7,58.7,60.0,61.6,64.3,69.5,33.1,21.5,10.1
843,16.496,0.000,699.6,212.0,-0.1,4,15304,0.000,0.693,-0.017,0.198,0.009,56.2,1.4,0,1.09,0.000,56.2,198.1,0.000,6.9,15.2,24.1,39.2,46.8,50.1,51.8,53.2,54.3,55.3,56.2,57.2,58.5,60.0,62.8,67.9,33.2,21.5,10.1
844,16.518,0.000,700.9,209.4,-0.2,4,15072,0.000,0.710,-0.017,0.196,0.009,54.9,5.3,0,1.10,0.000,54.9,195.2,0.000,6.9,15.2,24.2,38.5,45.7,49.0,50.6,52.0,53.0,54.0,54.9,55.9,57.2,58.7,61.3,66.4,33.2,21.5,10.1
845,16.540,0.000,702.1,206.6,-0.1,4,14844,0.000,0.713,-0.012,0.194,0.010,53.7,6.5,0,1.10,0.000,53.7,192.4,0.000,6.9,15.3,24.4,38.0,44.8,47.9,49.5,50.9,51.9,52.8,53.7,54.7,56.0,57.4,60.0,65.0,33.3,21.4,10.0
846,16.562,0.000,703.4,203.9,0.1,4,14628,0.000,0.714,-0.007,0.192,0.011,52.6,8.0,0,1.11,0.000,52.6,189.6,0.000,6.9,15.4,24.5,37.4,43.9,46.9,48.5,49.8,50.7,51.7,52.6,53.5,54.7,56.1,58.7,63.7,33.7,21.3,10.0
847,16.584,0.000,704.6,201.1,0.2,4,14464,0.000,0.716,-0.004,0.190,0.011,51.4,11.0,0,1.14,0.000,51.4,186.8,0.000,7.0,15.4,24.7,36.8,43.0,45.9,47.4,48.7,49.6,50.5,51.4,52.3,53.5,54.9,57.4,62.3,35.2,21.2,10.0
848,16.606,0.000,705.8,198.4,0.2,4,14254,0.000,0.725,-0.204,0.188,0.012,50.2,13.4,0,2.13,-0.505,50.2,183.9,0.000,7.0,15.5,24.8,36.2,42.1,44.9,46.3,47.6,48.5,49.3,50.2,51.1,52.3,53.6,56.1,60.9,68.4,21.2,10.0
849,16.628,0.000,707.0,195.8,0.0,4,14027,0.000,0.719,-0.404,0.185,0.015,49.3,20.2,0,2.10,-0.560,49.3,181.4,0.000,7.0,15.7,25.3,35.8,41.4,44.1,45.5,46.7,47.6,48.4,49.3,50.1,51.3,52.6,55.0,59.7,67.1,21.0,9.9
850,16.650,0.000,708.2,193.3,0.6,4,13817,0.000,0.659,-0.442,0.182,0.024,48.9,32.9,0,2.02,-0.614,48.9,180.1,0.000,7.1,16.2,26.4,36.0,41.3,43.9,45.3,46.4,47.3,48.1,48.9,49.7,50.9,52.2,54.5,59.1,66.4,20.4,9.8
851,16.672,0.000,709.4,190.8,2.0,4,13645,0.000,0.275,-0.413,0.177,0.038,49.0,41.9,0,1.91,-0.666,49.0,179.8,0.000,7.3,17.1,27.8,36.7,41.7,44.2,45.5,46.6,47.4,48.2,49.0,49.8,50.9,52.2,54.5,59.0,66.1,19.5,9.6
852,16.694,0.000,710.6,188.6,3.6,4,13729,0.000,0.437,-0.213,0.171,0.055,49.3,28.7,0,0.71,0.000,49.3,179.8,0.000,7.5,18.2,29.2,37.4,42.3,44.7,45.9,47.0,47.8,48.6,49.3,50.1,51.2,52.4,54.6,59.0,28.5,18.6,9.4
853,16.716,0.000,711.7,186.5,5.2,4,13476,0.000,0.328,-0.013,0.164,0.072,49.6,19.5,0,0.56,0.000,49.6,179.9,0.000,7.7,19.6,30.3,38.1,42.8,45.1,46.3,47.4,48.1,48.9,49.6,50.4,51.4,52.6,54.8,59.1,26.0,17.8,9.2
854,16.738,0.000,712.8,184.4,6.4,4,13384,0.000,0.000,0.187,0.155,0.086,49.5,3.9,0,0.46,0.000,49.5,179.3,0.000,7.9,20.8,30.9,38.4,42.9,45.1,46.3,47.4,48.1,48.8,49.5,50.3,51.3,52.4,54.6,58.8,24.5,17.1,9.1
855,16.760,0.000,714.0,183.1,6.7,4,13496,0.000,0.000,0.351,0.145,0.090,48.7,-14.0,0,0.43,0.000,48.7,177.0,0.000,8.0,21.2,30.7,37.8,42.2,44.4,45.5,46.5,47.2,47.9,48.7,49.4,50.4,51.5,53.6,57.7,24.4,16.8,9.0
856,16.782,0.000,715.1,182.6,5.1,4,13472,0.000,0.526,0.260,0.136,0.077,46.5,-15.2,0,1.62,0.000,46.5,172.1,0.000,8.0,20.4,29.1,36.0,40.2,42.3,43.4,44.4,45.1,45.8,46.5,47.2,48.2,49.3,51.3,55.4,62.1,17.1,9.0
857,16.804,0.000,716.2,181.3,1.8,4,13114,0.000,0.810,0.152,0.127,0.054,43.5,0.4,0,1.74,0.000,43.5,165.1,0.000,7.8,19.0,26.9,33.3,37.3,39.4,40.5,41.4,42.1,42.8,43.5,44.2,45.1,46.2,48.3,52.3,59.0,18.0,9.1
858,16.826,0.000,717.3,179.2,-1.5,4,12704,0.000,1.000,0.044,0.118,0.032,40.6,19.5,0,1.88,0.000,40.6,157.4,0.000,7.7,17.8,24.9,30.9,34.7,36.6,37.7,38.6,39.3,39.9,40.6,41.3,42.2,43.3,45.3,49.3,55.9,19.2,9.2
859,16.848,0.000,718.4,176.7,-4.0,3,15480,0.000,0.500,-0.156,0.111,0.014,38.2,47.6,0,2.01,-0.920,38.2,150.9,0.000,7.7,16.9,23.4,28.9,32.5,34.4,35.4,36.3,37.0,37.6,38.2,38.9,39.8,40.8,42.8,46.7,53.2,20.9,9.3
860,16.870,0.000,719.4,174.2,-5.3,3,15411,0.000,0.500,-0.356,0.105,0.004,36.5,46.6,0,2.16,-0.920,36.5,147.3,0.000,7.6,16.5,22.4,27.6,31.0,32.8,33.8,34.6,35.2,35.8,36.5,37.1,38.0,39.0,40.9,44.7,51.2,23.8,9.3
861,16.892,0.000,720.5,172.0,-5.4,3,15108,0.000,0.500,-0.556,0.099,0.003,35.4,37.6,0,4.29,-0.920,35.4,143.7,0.000,7.7,16.4,21.9,26.9,30.1,31.9,32.8,33.6,34.2,34.8,35.4,36.0,36.9,37.8,39.7,43.5,49.8,58.6,9.3
862,16.914,0.000,721.5,169.8,-4.1,3,14908,0.000,0.500,-0.727,0.093,0.013,35.1,35.3,0,4.23,-0.920,35.1,143.2,0.000,7.8,16.6,22.0,26.7,29.9,31.6,32.5,33.3,33.9,34.5,35.1,35.6,36.5,37.4,39.3,43.0,49.2,57.9,9.2
863,16.936,0.000,722.6,167.6,-1.9,3,14744,0.000,0.500,-0.612,0.086,0.032,35.3,39.3,0,4.14,-0.920,35.3,144.2,0.000,8.0,17.1,22.4,27.1,30.2,31.9,32.8,33.6,34.1,34.7,35.3,35.9,36.7,37.6,39.4,43.1,49.2,57.8,8.9
864,16.958,0.000,723.6,165.5,0.8,3,14525,0.000,0.495,-0.412,0.078,0.055,35.8,40.6,0,1.89,-0.920,35.8,145.7,0.000,8.3,17.8,23.1,27.7,30.8,32.5,33.3,34.1,34.7,35.3,35.8,36.4,37.2,38.1,39.9,43.5,49.6,21.6,8.7
865,16.980,0.000,724.6,163.4,3.5,3,14272,0.000,0.423,-0.308,0.070,0.080,36.4,39.0,0,1.73,-0.920,36.4,146.4,0.000,8.6,18.4,23.7,28.3,31.4,33.0,33.9,34.7,35.3,35.8,36.4,36.9,37.8,38.7,40.4,44.0,50.0,19.3,8.4
866,17.002,0.000,725.6,161.2,5.8,3,14089,0.000,0.363,-0.224,0.060,0.102,36.7,32.2,0,1.62,-0.920,36.7,146.7,0.000,8.9,18.9,24.2,28.8,31.8,33.4,34.3,35.1,35.6,36.2,36.7,37.3,38.1,39.0,40.8,44.3,50.2,18.0,8.2
867,17.024,0.000,726.6,159.2,7.5,3,13918,0.000,0.658,-0.155,0.048,0.121,36.9,22.1,0,1.54,-0.920,36.9,146.0,0.000,9.2,19.2,24.5,29.0,32.0,33.6,34.5,35.2,35.8,36.3,36.9,37.4,38.2,39.1,40.9,44.3,50.3,17.3,8.0
868,17.046,0.000,727.5,157.1,8.7,3,13354,0.000,0.317,-0.099,0.036,0.137,36.8,26.6,0,1.49,-0.920,36.8,144.4,0.000,9.5,19.4,24.6,29.1,32.1,33.6,34.5,35.2,35.7,36.3,36.8,37.4,38.2,39.1,40.8,44.2,50.1,16.8,7.8
869,17.068,0.000,728.5,155.0,9.5,3,13429,0.000,0.579,-0.058,0.023,0.150,36.6,16.6,0,1.46,-0.920,36.6,143.4,0.000,9.6,19.4,24.5,28.9,31.9,33.4,34.2,35.0,35.5,36.0,36.6,37.1,37.9,38.8,40.5,43.9,49.7,16.7,7.6
870,17.090,0.000,729.4,152.9,9.8,3,13046,0.000,0.513,-0.031,0.008,0.160,36.1,18.3,0,1.45,-0.920,36.1,142.6,0.000,9.7,19.3,24.3,28.6,31.5,33.0,33.8,34.6,35.1,35.6,36.1,36.7,37.4,38.3,40.0,43.3,49.1,16.8,7.5
871,17.112,0.000,730.3,150.8,9.6,3,12880,0.000,0.448,-0.017,-0.007,0.167,35.5,17.8,0,1.46,-0.920,35.5,141.8,0.000,9.8,19.1,24.0,28.2,31.0,32.5,33.3,34.0,34.5,35.0,35.5,36.1,36.8,37.7,39.3,42.6,48.3,17.4,7.4
872,17.134,0.000,731.3,148.7,9.1,3,12801,0.000,0.412,-0.016,-0.023,0.171,34.8,14.5,0,1.51,-0.920,34.8,140.5,0.000,9.8,18.8,23.5,27.6,30.3,31.8,32.6,33.2,33.8,34.3,34.8,35.3,36.0,36.9,38.5,41.8,47.4,18.9,7.3
873,17.156,0.000,732.1,146.8,8.2,3,12733,0.000,0.411,-0.097,-0.040,0.174,33.9,10.6,0,3.70,-0.920,33.9,138.6,0.000,9.8,18.5,23.0,26.9,29.6,31.0,31.7,32.4,32.9,33.4,33.9,34.4,35.1,36.0,37.5,40.8,46.4,54.3,7.3
874,17.178,0.000,733.0,145.0,7.1,3,12633,0.000,0.417,-0.177,-0.058,0.161,33.1,9.6,0,3.72,-0.920,33.1,136.7,0.000,9.8,18.1,22.4,26.2,28.8,30.2,30.9,31.6,32.1,32.6,33.1,33.5,34.2,35.1,36.6,39.8,45.3,53.2,7.3
875,17.200,0.000,733.9,143.3,6.2,3,12504,0.000,0.423,-0.258,-0.073,0.144,32.3,11.3,0,3.73,-0.920,32.3,134.8,0.000,9.7,17.8,21.9,25.6,28.1,29.5,30.2,30.9,31.3,31.8,32.3,32.8,33.4,34.2,35.8,38.9,44.4,52.2,7.2
876,17.222,0.000,734.8,141.6,5.5,3,12343,0.000,0.444,-0.319,-0.087,0.130,31.6,14.3,0,3.74,-0.920,31.6,132.7,0.000,9.7,17.5,21.6,25.1,27.6,28.9,29.6,30.2,30.7,31.2,31.6,32.1,32.8,33.6,35.1,38.1,43.5,51.4,7.2
877,17.244,0.000,735.7,139.8,5.2,3,12179,0.000,0.424,-0.369,-0.099,0.118,31.1,19.0,0,3.75,-0.920,31.1,131.4,0.000,9.7,17.3,21.2,24.8,27.1,28.4,29.1,29.7,30.2,30.6,31.1,31.6,32.2,33.0,34.5,37.5,42.9,50.7,7.2
878,17.266,0.000,736.5,138.1,5.1,3,12046,0.000,0.382,-0.411,-0.110,0.108,30.7,22.6,0,3.75,-0.920,30.7,130.5,0.000,9.7,17.1,21.0,24.4,26.8,28.0,28.7,29.3,29.8,30.2,30.7,31.1,31.8,32.6,34.0,37.0,42.3,50.1,7.2
879,17.288,0.000,737.4,136.4,5.1,3,11939,0.000,0.329,-0.448,-0.119,0.099,30.3,23.8,0,3.75,-0.920,30.3,129.8,0.000,9.7,17.0,20.8,24.2,26.5,27.7,28.4,29.0,29.4,29.9,30.3,30.8,31.4,32.2,33.6,36.6,41.9,49.6,7.2
880,17.310,0.000,738.2,134.8,5.2,3,11850,0.000,0.273,-0.479,-0.127,0.091,30.0,22.6,0,3.75,-0.920,30.0,129.3,0.000,9.7,16.9,20.6,23.9,26.2,27.4,28.1,28.7,29.1,29.6,30.0,30.5,31.1,31.8,33.3,36.2,41.5,49.2,7.2
881,17.332,0.000,739.1,133.3,5.3,2,14873,0.000,0.219,-0.503,-0.134,0.085,29.8,22.1,0,3.74,-0.920,29.8,128.9,0.000,9.7,16.8,20.5,23.8,26.0,27.2,27.9,28.5,28.9,29.3,29.8,30.2,30.9,31.6,33.0,35.9,41.1,48.8,7.2
882,17.354,0.000,739.9,132.1,5.4,2,14809,0.000,0.193,-0.514,-0.139,0.080,29.6,18.6,0,3.74,-0.920,29.6,128.2,0.000,9.7,16.7,20.4,23.6,25.8,27.0,27.7,28.3,28.7,29.1,29.6,30.0,30.6,31.4,32.8,35.7,40.9,48.5,7.2
883,17.376,0.000,740.7,130.9,5.6,2,14606,0.000,0.000,-0.517,-0.144,0.076,29.4,11.2,0,3.74,-0.920,29.4,127.6,0.000,9.7,16.7,20.3,23.5,25.7,26.9,27.6,28.1,28.6,29.0,29.4,29.9,30.5,31.2,32.6,35.5,40.7,48.3,7.1
884,17.398,0.000,741.5,129.8,5.8,2,14611,0.000,0.000,-0.513,-0.148,0.073,29.4,-0.4,0,3.74,-0.920,29.4,127.0,0.000,9.7,16.7,20.2,23.5,25.7,26.8,27.5,28.1,28.5,28.9,29.4,29.8,30.4,31.1,32.5,35.4,40.6,48.2,7.1
885,17.420,0.000,742.3,128.9,6.2,2,14516,0.000,0.000,-0.500,-0.151,0.073,29.4,-6.8,0,3.73,-0.920,29.4,126.5,0.000,9.7,16.7,20.3,23.5,25.7,26.9,27.5,28.1,28.5,29.0,29.4,29.8,30.4,31.2,32.6,35.5,40.6,48.2,7.1
886,17.442,0.000,743.1,128.2,6.8,2,14416,0.000,0.000,-0.483,-0.154,0.075,29.5,-9.9,0,3.72,-0.920,29.5,126.0,0.000,9.8,16.8,20.4,23.6,25.8,27.0,27.6,28.2,28.7,29.1,29.5,30.0,30.6,31.3,32.7,35.6,40.8,48.4,7.1
887,17.464,0.000,743.9,127.5,7.5,2,14319,0.000,0.000,-0.464,-0.157,0.078,29.7,-11.5,0,3.70,-0.920,29.7,125.5,0.000,9.8,16.9,20.5,23.8,26.0,27.2,27.8,28.4,28.8,29.3,29.7,30.2,30.8,31.5,32.9,35.8,41.0,48.6,7.0
888,17.486,0.000,744.7,126.8,8.3,2,14223,0.000,0.000,-0.446,-0.159,0.083,30.0,-12.3,0,3.69,-0.920,30.0,125.0,0.000,9.9,17.0,20.7,24.0,26.2,27.4,28.1,28.7,29.1,29.5,30.0,30.4,31.0,31.8,33.2,36.1,41.3,48.9,7.0
889,17.508,0.000,745.5,126.1,9.2,2,14126,0.000,0.000,-0.430,-0.161,0.088,30.2,-12.9,0,3.68,-0.920,30.2,124.6,0.000,9.9,17.2,20.9,24.2,26.5,27.7,28.3,28.9,29.4,29.8,30.2,30.7,31.3,32.1,33.5,36.4,41.6,49.3,6.9
890,17.530,0.000,746.3,125.3,10.1,2,14027,0.000,0.000,-0.417,-0.163,0.093,30.6,-13.3,0,3.66,-0.920,30.6,124.1,0.000,10.0,17.3,21.1,24.5,26.7,28.0,28.6,29.2,29.7,30.1,30.6,31.0,31.6,32.4,33.8,36.8,42.0,49.7,6.8
891,17.552,0.000,747.1,124.6,11.0,2,13927,0.164,0.000,-0.404,-0.164,0.099,30.9,-13.6,0,3.64,-0.920,30.9,124.9,0.164,10.1,17.5,21.3,24.7,27.0,28.3,29.0,29.6,30.0,30.4,30.9,31.3,32.0,32.7,34.2,37.1,42.4,50.1,6.8
892,17.574,0.000,747.9,124.0,12.0,2,13960,0.214,0.000,-0.381,-0.165,0.106,31.3,-8.3,0,3.63,-0.920,31.3,125.9,0.214,10.1,17.7,21.6,25.0,27.4,28.6,29.3,29.9,30.4,30.8,31.3,31.7,32.4,33.1,34.6,37.6,42.8,50.5,6.7
893,17.596,0.000,748.6,123.5,12.9,2,14039,0.264,0.000,-0.348,-0.166,0.113,31.6,-4.8,0,3.61,-0.920,31.6,126.9,0.264,10.2,17.9,21.8,25.3,27.7,29.0,29.7,30.3,30.7,31.2,31.6,32.1,32.7,33.5,34.9,38.0,43.2,51.0,6.7
894,17.618,0.000,749.4,123.0,13.8,2,14148,0.314,0.000,-0.317,-0.167,0.119,32.0,-1.9,0,3.59,-0.920,32.0,127.9,0.314,10.3,18.1,22.1,25.6,28.0,29.3,30.0,30.6,31.1,31.5,32.0,32.4,33.1,33.9,35.3,38.4,43.7,51.4,6.6
895,17.640,0.000,750.2,122.7,14.5,2,14280,0.364,0.000,-0.290,-0.168,0.124,32.3,0.9,0,3.58,-0.920,32.3,128.6,0.364,10.3,18.3,22.3,25.9,28.3,29.6,30.3,30.9,31.3,31.8,32.3,32.7,33.4,34.2,35.6,38.7,44.0,51.8,6.6
896,17.662,0.000,751.0,122.5,15.1,2,14433,0.414,0.000,-0.269,-0.168,0.129,32.5,3.7,0,3.57,-0.920,32.5,129.2,0.414,10.4,18.4,22.5,26.1,28.5,29.8,30.5,31.1,31.6,32.0,32.5,33.0,33.6,34.4,35.9,39.0,44.3,52.0,6.6
897,17.684,0.000,751.7,122.4,15.5,2,14608,0.464,0.000,-0.257,-0.169,0.131,32.7,6.5,0,3.56,-0.920,32.7,129.6,0.464,10.4,18.5,22.6,26.2,28.6,29.9,30.6,31.3,31.7,32.2,32.7,33.1,33.8,34.6,36.1,39.1,44.5,52.2,6.5
898,17.706,0.000,752.5,122.4,15.8,2,14804,0.514,0.000,-0.252,-0.169,0.132,32.7,9.6,0,3.56,-0.920,32.7,129.7,0.514,10.4,18.5,22.6,26.2,28.7,30.0,30.7,31.3,31.8,32.2,32.7,33.2,33.9,34.6,36.1,39.2,44.5,52.3,6.5
899,17.728,0.000,753.3,122.5,15.9,2,15021,0.564,0.000,-0.257,-0.170,0.131,32.7,12.8,0,3.56,-0.920,32.7,129.6,0.564,10.4,18.5,22.6,26.2,28.6,29.9,30.7,31.3,31.7,32.2,32.7,33.1,33.8,34.6,36.1,39.1,44.5,52.3,6.5
900,17.750,0.000,754.0,122.7,15.8,2,15260,0.614,0.000,-0.269,-0.170,0.129,32.5,16.1,0,3.57,-0.920,32.5,129.2,0.614,10.4,18.4,22.5,26.1,28.5,29.8,30.5,31.2,31.6,32.1,32.5,33.0,33.7,34.5,35.9,39.0,44.3,52.1,6.6
901,17.772,0.000,754.8,123.0,15.7,2,15522,0.664,0.000,-0.287,-0.169,0.125,32.4,19.8,0,3.58,-0.920,32.4,128.6,0.664,10.4,18.3,22.4,25.9,28.4,29.6,30.4,31.0,31.4,31.9,32.4,32.8,33.5,34.3,35.7,38.8,44.1,51.9,6.6
902,17.794,0.000,755.6,123.3,15.5,2,15810,0.714,0.000,-0.308,-0.169,0.121,32.1,23.8,0,3.59,-0.920,32.1,128.1,0.714,10.3,18.2,22.2,25.7,28.2,29.4,30.1,30.8,31.2,31.7,32.1,32.6,33.3,34.0,35.5,38.5,43.9,51.7,6.6
903,17.816,0.000,756.4,123.8,15.3,2,16130,0.693,0.000,-0.332,-0.168,0.116,31.9,28.3,0,3.61,-0.920,31.9,127.5,0.764,10.3,18.1,22.0,25.5,27.9,29.2,29.9,30.5,31.0,31.4,31.9,32.4,33.0,33.8,35.2,38.3,43.6,51.4,6.6
904,17.838,0.000,757.1,124.3,15.2,2,16421,0.584,0.000,-0.354,-0.167,0.111,31.6,30.2,0,3.62,-0.920,31.6,126.9,0.814,10.2,17.9,21.8,25.3,27.7,29.0,29.7,30.3,30.7,31.2,31.6,32.1,32.8,33.5,35.0,38.0,43.3,51.1,6.7
905,17.860,0.000,757.9,124.8,15.2,2,16532,0.680,0.000,-0.377,-0.165,0.107,31.4,26.6,0,3.64,-0.920,31.4,126.4,0.864,10.2,17.8,21.7,25.1,27.5,28.8,29.4,30.1,30.5,31.0,31.4,31.9,32.5,33.3,34.7,37.8,43.0,50.9,6.7
906,17.882,0.000,758.7,125.3,15.0,2,16647,0.767,0.000,-0.401,-0.163,0.102,31.2,28.4,0,3.66,-0.920,31.2,125.9,0.914,10.1,17.6,21.5,24.9,27.3,28.5,29.2,29.8,30.3,30.7,31.2,31.6,32.3,33.0,34.5,37.5,42.8,50.7,6.8
907,17.904,0.000,759.5,125.8,15.0,2,16856,0.000,0.000,-0.424,-0.161,0.098,30.9,33.8,0,3.69,-0.920,30.9,125.3,0.914,10.0,17.5,21.3,24.7,27.0,28.3,29.0,29.6,30.0,30.5,30.9,31.4,32.0,32.8,34.2,37.2,42.5,50.5,6.8
908,17.926,0.000,760.3,126.1,14.8,2,16144,0.000,0.000,-0.449,-0.158,0.093,30.7,4.5,0,3.71,-0.920,30.7,124.8,0.914,10.0,17.3,21.1,24.5,26.8,28.0,28.7,29.3,29.8,30.2,30.7,31.1,31.7,32.5,33.9,36.9,42.2,50.2,6.9
909,17.948,0.000,761.1,125.7,14.1,2,15717,0.000,0.000,-0.485,-0.155,0.086,30.3,-7.0,0,3.74,-0.920,30.3,123.8,0.914,9.9,17.1,20.8,24.2,26.5,27.7,28.3,28.9,29.4,29.8,30.3,30.7,31.4,32.1,33.5,36.5,41.8,49.8,7.0
910,17.970,0.000,761.9,125.1,13.2,2,15365,0.000,0.000,-0.523,-0.151,0.078,29.8,-10.4,0,3.77,-0.920,29.8,122.6,0.914,9.8,16.9,20.5,23.8,26.1,27.3,27.9,28.5,28.9,29.4,29.8,30.3,30.9,31.6,33.1,36.0,41.2,49.3,7.1
911,17.992,0.000,762.7,124.4,12.4,2,15062,0.000,0.000,-0.546,-0.148,0.071,29.4,-11.2,0,3.81,-0.920,29.4,121.6,0.914,9.7,16.6,20.2,23.5,25.7,26.9,27.5,28.1,28.5,29.0,29.4,29.9,30.5,31.2,32.6,35.5,40.8,48.9,7.1
912,18.014,0.000,763.4,123.7,11.8,2,14800,0.000,0.000,-0.553,-0.144,0.065,29.1,-11.3,0,3.84,-0.920,29.1,120.9,0.914,9.6,16.5,20.0,23.2,25.4,26.6,27.2,27.8,28.2,28.7,29.1,29.5,30.2,30.9,32.3,35.2,40.4,48.6,7.2
913,18.036,0.000,764.2,122.9,11.4,2,14573,0.000,0.000,-0.550,-0.140,0.061,28.9,-11.2,0,3.87,-0.920,28.9,120.5,0.914,9.6,16.3,19.8,23.0,25.2,26.4,27.0,27.6,28.0,28.5,28.9,29.3,29.9,30.7,32.1,35.0,40.2,48.5,7.3
914,18.058,0.000,765.0,122.2,11.3,2,14374,0.000,0.000,-0.540,-0.136,0.060,28.8,-11.2,0,3.90,-0.920,28.8,120.3,0.914,9.5,16.3,19.8,22.9,25.1,26.3,26.9,27.5,27.9,28.4,28.8,29.2,29.8,30.6,32.0,34.9,40.1,48.6,7.3
915,18.080,0.000,765.7,121.5,11.3,2,14197,0.000,0.000,-0.526,-0.132,0.061,28.8,-11.3,0,3.94,-0.920,28.8,120.3,0.914,9.5,16.2,19.7,22.9,25.1,26.3,26.9,27.5,27.9,28.3,28.8,29.2,29.8,30.6,32.0,34.9,40.1,48.9,7.4
916,18.102,0.000,766.5,120.7,11.6,2,14038,0.000,0.000,-0.509,-0.128,0.063,28.8,-11.5,0,3.98,-0.920,28.8,120.5,0.914,9.5,16.2,19.8,23.0,25.1,26.3,27.0,27.6,28.0,28.4,28.8,29.3,29.9,30.6,32.0,35.0,40.2,49.4,7.4
917,18.124,0.000,767.2,119.9,11.9,2,13892,0.907,0.000,-0.493,-0.124,0.066,29.0,-11.7,0,4.03,-0.920,29.0,120.8,0.964,9.5,16.3,19.8,23.0,25.3,26.4,27.1,27.7,28.1,28.5,29.0,29.4,30.1,30.8,32.2,35.1,40.4,50.1,7.4
918,18.146,0.000,768.0,119.7,12.4,2,14263,0.954,0.000,-0.478,-0.119,0.070,29.2,19.4,0,4.10,-0.920,29.2,121.3,1.000,9.5,16.3,19.9,23.2,25.4,26.6,27.3,27.9,28.3,28.7,29.2,29.6,30.2,31.0,32.4,35.4,40.6,51.0,7.4
919,18.168,0.000,768.7,120.0,13.3,2,14964,0.089,0.000,-0.462,-0.115,0.076,29.4,37.8,0,4.17,-0.920,29.4,121.9,1.000,9.5,16.4,20.1,23.3,25.6,26.8,27.5,28.1,28.5,28.9,29.4,29.8,30.5,31.2,32.6,35.6,41.0,52.2,7.4
920,18.190,0.000,769.5,120.2,14.4,2,15134,0.271,0.000,-0.446,-0.111,0.082,29.7,12.8,0,4.27,-0.920,29.7,122.6,1.000,9.5,16.6,20.2,23.6,25.8,27.1,27.7,28.4,28.8,29.2,29.7,30.1,30.8,31.5,33.0,36.0,41.6,53.6,7.4
921,18.212,0.000,770.2,120.1,14.9,2,15054,0.417,0.000,-0.446,-0.106,0.086,29.9,6.0,0,4.38,-0.920,29.9,123.1,1.000,9.5,16.6,20.3,23.7,26.0,27.2,27.9,28.5,29.0,29.4,29.9,30.3,31.0,31.7,33.2,36.2,42.0,55.0,7.4
922,18.234,0.000,771.0,120.0,15.1,2,15047,0.533,0.000,-0.461,-0.101,0.087,29.9,8.7,0,4.49,-0.920,29.9,122.9,1.000,9.5,16.6,20.3,23.7,26.0,27.2,27.9,28.5,29.0,29.4,29.9,30.3,31.0,31.7,33.2,36.2,42.3,56.0,7.4
923,18.256,0.000,771.7,120.0,15.0,2,15132,0.627,0.000,-0.484,-0.096,0.085,29.7,14.5,0,4.60,-0.920,29.7,122.4,1.000,9.4,16.5,20.2,23.6,25.9,27.1,27.8,28.4,28.8,29.3,29.7,30.2,30.8,31.6,33.1,36.1,42.3,56.8,7.5
924,18.278,0.000,772.5,120.2,14.8,2,15308,0.701,0.000,-0.506,-0.091,0.082,29.5,21.2,0,4.72,-0.920,29.5,121.8,1.000,9.4,16.4,20.1,23.4,25.7,26.9,27.6,28.2,28.6,29.1,29.5,30.0,30.6,31.4,32.9,35.9,42.3,57.4,7.5
925,18.300,0.000,773.2,120.6,14.7,2,15571,0.748,0.000,-0.522,-0.086,0.079,29.3,28.0,0,4.85,-0.920,29.3,121.4,1.000,9.3,16.2,19.9,23.2,25.5,26.7,27.4,28.0,28.4,28.9,29.3,29.8,30.4,31.2,32.7,35.7,42.3,58.2,7.6
926,18.322,0.000,774.0,121.0,14.7,2,15905,0.246,0.000,-0.531,-0.081,0.077,29.2,34.4,0,5.00,-0.920,29.2,121.2,1.000,9.2,16.1,19.8,23.1,25.3,26.6,27.2,27.8,28.3,28.7,29.2,29.6,30.3,31.0,32.5,35.6,42.4,59.2,7.7
927,18.344,0.000,774.7,121.3,14.7,2,15778,0.000,0.000,-0.536,-0.075,0.075,29.0,16.7,0,5.17,-0.920,29.0,121.0,1.000,9.2,16.0,19.6,22.9,25.2,26.4,27.1,27.7,28.1,28.6,29.0,29.5,30.1,30.9,32.3,35.5,42.6,60.4,7.7
928,18.366,0.000,775.5,121.1,14.4,2,15388,0.000,0.000,-0.548,-0.069,0.072,28.8,-1.2,0,5.34,-0.920,28.8,120.6,1.000,9.1,15.9,19.5,22.8,25.0,26.2,26.9,27.5,27.9,28.4,28.8,29.3,29.9,30.7,32.1,35.3,42.7,61.5,7.8
929,18.388,0.000,776.2,120.5,13.8,2,15043,0.000,0.000,-0.565,-0.064,0.068,28.5,-7.3,0,5.52,-0.920,28.5,119.9,1.000,9.0,15.7,19.3,22.5,24.7,26.0,26.6,27.2,27.7,28.1,28.5,29.0,29.6,30.4,31.8,35.1,42.7,62.4,7.9
930,18.410,0.000,777.0,119.9,13.2,2,14741,0.000,0.000,-0.579,-0.058,0.063,28.3,-9.4,0,5.71,-0.920,28.3,119.2,1.000,8.9,15.5,19.1,22.3,24.5,25.7,26.4,26.9,27.4,27.8,28.3,28.7,29.3,30.1,31.5,34.9,42.7,63.5,8.0
931,18.432,0.000,777.7,119.1,12.8,2,14475,0.000,0.000,-0.581,-0.052,0.060,28.0,-10.0,0,5.93,-0.910,28.0,118.8,1.000,8.9,15.4,18.9,22.1,24.3,25.5,26.1,26.7,27.2,27.6,28.0,28.5,29.1,29.9,31.3,34.8,42.9,65.0,8.1
932,18.454,0.000,778.5,118.4,12.5,2,14239,0.802,0.000,-0.576,-0.046,0.059,27.9,-10.3,0,6.22,-0.897,27.9,118.6,1.000,8.8,15.3,18.8,22.0,24.2,25.4,26.0,26.6,27.0,27.5,27.9,28.4,29.0,29.7,31.2,34.8,43.4,67.3,8.2
933,18.476,0.000,779.2,118.1,12.4,2,14473,0.842,0.000,-0.570,-0.041,0.059,27.9,17.3,0,6.58,-0.885,27.9,118.7,1.000,8.8,15.2,18.7,21.9,24.1,25.3,26.0,26.6,27.0,27.4,27.9,28.3,29.0,29.7,31.3,35.0,44.1,70.5,8.2
934,18.498,0.000,779.9,118.3,12.8,2,14915,0.394,0.000,-0.564,-0.035,0.061,27.9,32.1,0,7.05,-0.876,27.9,119.2,1.000,8.7,15.2,18.7,21.9,24.1,25.3,26.0,26.6,27.0,27.5,27.9,28.4,29.0,29.8,31.5,35.4,45.2,75.1,8.2
935,18.520,0.000,780.6,118.6,13.4,2,15133,0.515,0.000,-0.558,-0.029,0.065,28.1,22.1,0,7.67,-0.869,28.1,120.0,1.000,8.7,15.3,18.8,22.0,24.2,25.5,26.1,26.7,27.2,27.6,28.1,28.5,29.2,30.1,31.8,36.1,46.8,81.7,8.3
936,18.542,0.000,781.4,118.8,13.9,2,15244,0.612,0.000,-0.561,-0.023,0.068,28.2,20.5,0,8.41,-0.864,28.2,120.9,1.000,8.7,15.3,18.8,22.1,24.3,25.6,26.2,26.8,27.3,27.8,28.2,28.7,29.5,30.4,32.2,36.8,48.6,90.0,8.3
937,18.564,0.000,782.1,119.0,14.2,2,15387,0.690,0.000,-0.575,-0.017,0.070,28.4,23.5,0,9.24,-0.858,28.4,121.7,1.000,8.7,15.3,18.8,22.1,24.4,25.6,26.3,26.9,27.4,27.8,28.4,28.9,29.7,30.6,32.6,37.5,50.4,99.7,8.3
938,18.586,0.000,782.8,119.3,14.4,2,15589,0.607,0.000,-0.596,-0.011,0.070,28.4,28.7,0,10.15,-0.851,28.4,122.3,1.000,8.6,15.2,18.8,22.0,24.3,25.5,26.2,26.9,27.4,27.9,28.4,29.0,29.8,30.8,32.9,38.1,52.2,111.2,8.4
939,18.608,0.000,783.6,119.7,14.6,2,15742,0.556,0.000,-0.621,-0.004,0.069,28.5,28.7,0,11.17,-0.841,28.5,122.7,0.973,8.6,15.1,18.7,21.9,24.2,25.5,26.2,26.9,27.4,27.9,28.5,29.0,29.9,30.9,33.1,38.7,54.1,125.8,8.4
940,18.630,0.000,784.3,120.0,14.7,2,15816,0.604,0.000,-0.649,0.002,0.068,28.5,27.0,0,12.33,-0.827,28.5,123.0,0.938,8.5,15.0,18.5,21.8,24.1,25.4,26.1,26.8,27.3,27.9,28.5,29.1,30.0,31.1,33.4,39.3,56.1,145.1,8.5
941,18.652,0.000,785.1,120.3,14.7,2,15895,0.464,0.000,-0.680,0.009,0.066,28.5,28.4,0,13.63,-0.809,28.5,124.3,0.900,8.4,14.9,18.4,21.6,23.9,25.3,26.0,26.8,27.3,27.9,28.5,29.1,30.0,31.2,33.6,39.9,58.4,172.4,8.6
942,18.674,0.000,785.8,120.6,14.6,2,15856,0.524,0.000,-0.702,0.016,0.064,28.5,23.6,0,14.61,-0.788,28.5,125.7,0.872,8.4,14.8,18.3,21.5,23.8,25.2,26.0,26.7,27.3,27.9,28.5,29.2,30.2,31.4,33.9,40.6,61.0,200.0,8.7
943,18.696,0.000,786.5,120.7,14.4,2,15835,0.605,0.000,-0.693,0.023,0.061,28.6,23.5,0,14.59,-0.765,28.6,127.3,0.884,8.3,14.6,18.1,21.3,23.7,25.1,25.9,26.7,27.3,27.9,28.6,29.2,30.3,31.5,34.2,41.4,64.0,200.0,8.8
944,18.718,0.000,787.3,120.9,14.2,2,15879,0.589,0.000,-0.688,0.030,0.058,28.6,26.7,0,14.57,-0.746,28.6,129.2,0.890,8.2,14.5,17.9,21.1,23.5,25.0,25.9,26.7,27.3,27.9,28.6,29.3,30.4,31.7,34.6,42.2,67.6,200.0,8.9
945,18.740,0.000,788.0,121.2,14.0,2,15930,0.523,0.000,-0.686,0.038,0.056,28.7,27.7,0,14.53,-0.729,28.7,130.8,0.891,8.1,14.3,17.7,20.9,23.4,24.9,25.8,26.7,27.3,28.0,28.7,29.5,30.6,32.0,35.0,43.3,72.0,200.0,9.0
946,18.762,0.000,788.8,121.4,13.9,2,15927,0.594,0.000,-0.685,0.045,0.053,28.9,25.2,0,14.46,-0.715,28.9,132.5,0.888,8.0,14.2,17.6,20.8,23.3,24.9,25.9,26.7,27.4,28.1,28.9,29.7,30.8,32.3,35.6,44.5,77.7,200.0,9.1
947,18.784,0.000,789.5,121.7,13.7,2,15963,0.703,0.000,-0.643,0.053,0.050,29.1,26.6,0,13.26,-0.695,29.1,134.9,0.938,8.0,14.0,17.4,20.6,23.3,24.9,25.9,26.8,27.5,28.3,29.1,29.9,31.2,32.7,36.2,46.0,84.8,168.5,9.2
948,18.806,0.000,790.2,122.0,13.6,2,16095,0.510,0.000,-0.535,0.061,0.048,29.3,31.6,0,10.27,-0.665,29.3,139.5,0.988,7.9,13.9,17.2,20.5,23.3,25.0,26.0,27.0,27.7,28.5,29.3,30.2,31.6,33.2,37.0,47.8,94.4,108.7,9.3
949,18.828,0.000,791.0,122.3,13.6,2,16092,0.618,0.000,-0.489,0.069,0.045,29.7,25.4,0,8.97,-0.618,29.7,144.3,1.000,7.8,13.7,17.1,20.4,23.3,25.1,26.2,27.2,28.0,28.8,29.7,30.6,32.1,33.9,38.0,50.1,108.1,82.8,9.4
950,18.850,0.000,791.7,122.6,13.5,2,16134,0.694,0.000,-0.469,0.077,0.043,30.1,25.6,0,8.70,-0.543,30.1,149.3,1.000,7.7,13.6,16.9,20.4,23.4,25.2,26.4,27.5,28.3,29.2,30.1,31.1,32.7,34.7,39.1,52.8,128.0,68.7,9.5
951,18.872,0.000,792.5,122.9,13.5,2,16250,0.755,0.000,-0.461,0.086,0.041,30.6,28.7,0,9.05,-0.448,30.6,155.3,1.000,7.6,13.4,16.7,20.3,23.4,25.4,26.6,27.8,28.7,29.6,30.6,31.7,33.4,35.6,40.5,56.1,159.4,59.8,9.6
952,18.894,0.000,793.2,123.4,13.5,2,16450,0.497,0.000,-0.465,0.095,0.038,31.3,33.3,0,9.58,-0.369,31.3,162.9,1.000,7.6,13.3,16.6,20.3,23.6,25.7,27.0,28.2,29.2,30.2,31.3,32.5,34.3,36.7,42.2,60.4,200.0,53.3,9.7
953,18.916,0.000,794.0,123.8,13.7,2,16416,0.598,0.000,-0.444,0.104,0.037,32.2,24.9,0,9.38,-0.303,32.2,173.3,1.000,7.5,13.2,16.5,20.4,23.9,26.1,27.5,28.8,29.9,31.0,32.2,33.5,35.6,38.2,44.5,66.4,200.0,48.2,9.8
954,18.938,0.000,794.7,124.2,13.7,2,16405,0.678,0.000,-0.432,0.113,0.035,33.2,23.8,0,9.17,-0.249,33.2,154.1,1.000,7.4,13.0,16.5,20.5,24.2,26.6,28.1,29.5,30.7,31.9,33.2,34.7,37.0,40.0,47.2,74.3,200.0,44.4,9.9
955,18.960,0.000,795.5,124.6,13.7,2,16475,0.743,0.000,-0.426,0.123,0.033,34.4,26.5,0,8.96,-0.204,34.4,161.3,1.000,7.3,12.9,16.4,20.6,24.5,27.1,28.7,30.3,31.6,32.9,34.4,36.1,38.6,42.1,50.5,84.8,200.0,41.5,10.0
956,18.982,0.000,796.2,125.0,13.8,2,16636,0.733,0.000,-0.421,0.133,0.031,35.9,31.1,0,8.70,-0.168,35.9,170.5,1.000,7.2,12.7,16.4,20.8,24.9,27.8,29.5,31.3,32.7,34.2,35.9,37.7,40.7,44.7,54.8,100.5,200.0,39.1,10.2
957,19.004,0.000,797.0,125.5,14.0,2,16831,0.593,0.000,-0.360,0.143,0.029,37.8,33.8,0,7.24,-0.109,37.8,183.5,1.000,7.1,12.6,16.4,21.1,25.6,28.6,30.6,32.6,34.2,35.9,37.8,40.0,43.4,48.2,60.8,127.6,149.4,36.8,10.3
958,19.026,0.000,797.7,126.0,14.3,2,16849,0.674,0.000,-0.297,0.154,0.029,40.5,28.8,0,6.22,-0.023,40.5,201.5,1.000,7.0,12.5,16.5,21.5,26.4,29.8,32.1,34.3,36.1,38.2,40.5,43.0,47.2,53.2,69.7,184.4,110.8,34.8,10.4
959,19.048,0.000,798.5,126.4,14.6,2,16899,0.739,0.000,-0.290,0.165,0.028,43.9,28.7,0,5.66,-0.018,43.9,181.9,1.000,6.9,12.5,16.6,22.0,27.4,31.3,33.9,36.5,38.7,41.1,43.9,47.0,52.3,60.0,83.0,200.0,88.9,33.0,10.5
960,19.070,0.000,799.2,126.9,14.9,2,17036,0.791,0.000,-0.285,0.177,0.027,48.3,31.7,0,5.14,-0.015,48.3,201.7,1.000,6.8,12.5,16.8,22.6,28.7,33.1,36.2,39.3,41.9,44.9,48.3,52.3,59.2,69.8,104.7,200.0,74.9,31.4,10.6
961,19.092,0.000,800.0,127.4,15.3,2,17285,0.400,0.000,-0.279,0.189,0.027,54.6,36.5,0,4.61,-0.010,54.6,201.5,1.000,6.7,12.5,17.0,23.4,30.3,35.5,39.2,43.0,46.3,50.1,54.6,60.0,69.6,85.3,147.7,200.0,64.8,30.0,10.7
962,19.114,0.000,800.8,127.8,15.7,2,16883,0.520,0.000,-0.272,0.201,0.028,64.0,21.9,0,4.11,-0.006,64.0,376.8,1.000,6.6,12.5,17.4,24.4,32.4,38.7,43.3,48.2,52.5,57.7,64.0,71.8,86.6,113.3,200.0,200.0,57.2,28.6,10.7
963,19.136,0.000,801.5,128.1,15.9,2,16761,0.616,0.000,-0.253,0.214,0.027,77.2,18.2,0,3.11,-0.002,77.2,312.6,1.000,6.5,12.6,17.8,25.5,34.8,42.6,48.4,54.9,60.7,68.0,77.2,89.4,114.6,169.3,200.0,143.1,51.8,27.5,10.8
964,19.158,0.000,802.3,128.4,15.9,2,16762,0.693,0.000,-0.170,0.227,0.025,96.9,20.3,0,2.48,0.112,96.9,376.8,1.000,6.4,12.6,18.2,26.8,37.6,47.2,54.7,63.4,71.7,82.4,96.9,117.5,167.6,200.0,200.0,112.8,47.8,26.7,10.8
965,19.180,0.000,803.1,128.8,15.8,2,16881,0.754,0.000,0.022,0.240,0.022,130.3,24.2,0,2.01,0.470,130.3,376.8,1.000,6.3,12.7,18.6,28.1,40.9,53.0,62.9,75.3,87.7,104.8,130.3,172.4,200.0,200.0,200.0,94.6,44.7,25.9,10.9
966,19.202,0.000,803.8,129.2,15.9,2,17126,0.803,0.000,0.030,0.253,0.019,195.8,27.7,0,1.58,0.470,195.8,376.8,1.000,6.2,12.8,19.1,29.7,45.0,60.8,74.7,93.5,114.0,145.9,195.8,200.0,200.0,200.0,200.0,82.1,42.1,25.2,10.9
967,19.224,0.000,804.6,129.9,16.0,2,17506,0.843,0.000,0.035,0.268,0.015,200.0,32.4,0,1.05,0.470,200.0,376.8,1.000,6.1,12.9,19.6,31.6,50.3,71.6,92.5,124.3,164.7,200.0,200.0,200.0,200.0,200.0,146.7,73.0,39.9,24.6,10.9
968,19.246,0.000,805.4,130.6,16.1,2,18021,0.458,0.000,-0.061,0.282,0.011,200.0,37.6,0,0.66,0.000,200.0,376.8,1.000,6.1,13.1,20.3,34.0,57.6,88.4,123.8,190.2,200.0,200.0,200.0,200.0,200.0,200.0,119.0,65.9,37.9,24.0,10.9
969,19.268,0.000,806.1,131.2,16.2,2,17142,0.566,0.000,-0.055,0.297,0.008,200.0,23.6,0,0.26,0.000,200.0,376.8,1.000,6.0,13.3,21.1,37.0,68.1,118.0,191.3,200.0,200.0,200.0,200.0,200.0,200.0,151.1,100.3,60.0,36.1,23.4,10.9
970,19.290,0.000,806.9,131.8,16.0,2,17128,0.653,0.000,0.021,0.312,0.020,200.0,18.7,0,-0.09,0.000,200.0,376.8,1.000,6.0,13.5,21.9,40.5,82.8,174.3,200.0,200.0,200.0,200.0,200.0,200.0,158.7,123.9,87.8,55.6,34.6,22.9,10.9
971,19.312,0.000,807.7,132.3,15.6,2,17176,0.722,0.000,0.085,0.325,0.030,200.0,18.8,0,-0.36,0.000,200.0,376.8,1.000,5.9,13.6,22.7,44.1,102.1,200.0,200.0,200.0,200.0,200.0,200.0,167.1,133.0,107.9,79.7,52.4,33.5,22.5,10.9
972,19.334,0.000,808.6,132.9,15.1,2,17326,0.778,0.000,0.136,0.336,0.038,200.0,21.1,0,-0.56,0.000,200.0,376.8,1.000,5.9,13.8,23.4,47.6,126.8,200.0,200.0,200.0,200.0,200.0,170.2,143.6,117.9,97.8,74.2,50.1,32.7,22.2,10.9
973,19.356,0.000,809.4,133.7,14.4,2,17585,0.822,0.000,0.177,0.345,0.045,200.0,24.3,0,-0.77,0.000,200.0,376.8,1.000,5.8,13.9,24.0,50.7,156.2,200.0,200.0,200.0,200.0,180.8,151.3,130.0,108.7,91.5,70.7,48.6,32.1,22.0,10.9
974,19.378,0.000,810.2,134.5,13.7,2,17931,0.858,0.000,0.205,0.353,0.049,200.0,27.6,0,-0.93,0.000,200.0,376.7,1.000,5.8,13.9,24.2,52.8,182.7,200.0,200.0,200.0,200.0,167.2,141.8,123.1,103.9,88.2,68.7,47.8,31.8,21.9,11.0
975,19.400,0.000,811.0,135.5,12.8,2,18259,0.886,0.000,0.214,0.360,0.050,200.0,30.6,0,-0.96,0.000,200.0,376.7,1.000,5.7,13.8,24.1,52.9,186.6,200.0,200.0,200.0,200.0,164.7,140.1,121.8,103.1,87.7,68.5,47.7,31.9,21.9,11.0
976,19.422,0.000,811.9,136.6,11.7,2,18541,0.909,0.000,0.203,0.365,0.048,200.0,33.0,0,-0.85,0.000,200.0,376.7,1.000,5.7,13.6,23.6,51.0,170.6,200.0,200.0,200.0,200.0,172.5,145.8,126.2,106.3,90.0,70.0,48.5,32.2,22.1,11.1
977,19.444,0.000,812.7,137.8,10.3,2,18787,0.927,0.000,0.175,0.370,0.043,200.0,34.8,0,-0.64,0.000,200.0,376.8,1.000,5.6,13.3,22.8,47.7,140.2,200.0,200.0,200.0,200.0,200.0,159.4,136.4,113.4,95.2,73.1,50.0,32.9,22.5,11.2
978,19.466,0.000,813.6,139.1,8.7,2,18989,0.942,0.000,0.140,0.374,0.037,200.0,36.0,0,-0.45,0.000,200.0,376.8,1.000,5.5,12.9,21.8,43.9,113.1,200.0,200.0,200.0,200.0,200.0,182.1,152.6,124.5,102.9,77.6,52.1,33.8,22.9,11.3
979,19.488,0.000,814.4,140.3,7.2,2,19140,0.953,0.000,0.103,0.377,0.030,200.0,36.2,0,-0.26,0.000,200.0,376.8,1.000,5.4,12.6,20.9,40.5,93.5,193.3,200.0,200.0,200.0,200.0,200.0,174.8,139.0,112.6,83.1,54.6,34.9,23.4,11.4
980,19.510,0.000,815.3,141.6,5.7,2,19253,0.963,0.000,0.068,0.380,0.023,200.0,35.8,0,-0.09,0.000,200.0,376.8,1.000,5.4,12.3,20.1,37.7,80.2,181.9,199.1,200.0,200.0,200.0,200.0,200.0,156.0,123.5,88.9,57.1,35.9,23.8,11.4
981,19.532,0.000,816.1,142.9,4.4,2,19351,0.970,0.000,0.037,0.382,0.018,200.0,35.1,0,0.11,0.000,200.0,376.7,1.000,5.3,12.0,19.5,35.7,71.8,145.4,193.8,200.0,200.0,200.0,200.0,200.0,173.5,134.3,94.4,59.3,36.8,24.2,11.5
982,19.554,0.000,817.0,144.2,3.4,2,19436,0.976,0.000,0.015,0.383,0.014,200.0,34.2,0,0.25,0.000,200.0,376.7,1.000,5.3,11.9,19.1,34.4,66.8,126.6,189.0,199.6,200.0,200.0,200.0,200.0,200.0,143.1,98.7,61.0,37.4,24.5,11.6
983,19.576,0.000,817.9,145.4,2.6,2,19516,0.981,0.000,0.005,0.384,0.012,200.0,33.2,0,0.30,0.000,200.0,376.7,1.000,5.3,11.8,18.9,33.7,64.4,118.5,185.6,197.4,200.0,200.0,200.0,200.0,200.0,148.2,101.1,61.9,37.7,24.6,11.6
984,19.598,0.000,818.8,146.7,2.2,3,19259,0.985,0.000,0.003,0.385,0.012,200.0,24.4,0,0.32,0.000,200.0,376.8,1.000,5.3,11.7,18.8,33.5,63.8,116.5,184.1,196.1,200.0,200.0,200.0,200.0,200.0,149.5,101.7,62.1,37.8,24.7,11.6
985,19.620,0.000,819.7,147.9,1.8,3,19007,0.988,0.000,0.005,0.385,0.012,200.0,17.6,0,0.31,0.000,200.0,376.8,1.000,5.3,11.8,18.8,33.6,64.2,117.7,183.8,195.5,200.0,200.0,200.0,200.0,200.0,148.7,101.3,62.0,37.8,24.7,11.6
986,19.642,0.000,820.6,149.0,1.6,3,18773,0.990,0.000,0.008,0.385,0.013,200.0,13.2,0,0.30,0.000,200.0,376.8,1.000,5.3,11.8,18.9,33.8,64.7,119.5,183.6,194.9,200.0,200.0,200.0,200.0,200.0,147.5,100.8,61.8,37.7,24.6,11.6
987,19.664,0.000,821.5,150.1,1.4,3,18246,0.992,0.000,0.010,0.385,0.013,200.0,10.6,0,0.30,0.000,200.0,376.8,1.000,5.3,11.8,18.9,33.9,65.0,120.3,183.1,194.2,199.6,200.0,200.0,200.0,200.0,146.9,100.5,61.7,37.7,24.6,11.6
988,19.686,0.000,822.4,151.2,1.1,3,17835,0.994,0.000,0.009,0.384,0.013,200.0,9.1,0,0.31,0.000,200.0,376.8,1.000,5.3,11.8,18.9,33.8,64.8,119.7,182.1,193.1,198.6,200.0,200.0,200.0,200.0,147.4,100.7,61.7,37.7,24.6,11.6
989,19.708,0.000,823.4,152.2,0.9,3,17511,0.995,0.000,0.007,0.383,0.012,200.0,8.4,0,0.33,0.000,200.0,376.8,1.000,5.3,11.8,18.9,33.7,64.3,117.9,180.6,191.9,197.4,200.0,200.0,200.0,200.0,148.6,101.3,61.9,37.7,24.6,11.6
990,19.730,0.000,824.3,153.2,0.6,3,17258,0.996,0.000,0.004,0.382,0.012,200.0,8.0,0,0.34,0.000,200.0,376.8,1.000,5.3,11.8,18.9,33.6,63.8,116.0,179.1,190.6,196.1,200.0,200.0,200.0,200.0,150.1,101.9,62.1,37.8,24.6,11.6
991,19.752,0.000,825.2,154.2,0.4,3,17060,0.997,0.000,0.001,0.381,0.011,200.0,7.8,0,0.36,0.000,200.0,376.8,1.000,5.3,11.8,18.9,33.5,63.3,114.3,177.6,189.3,194.9,199.6,200.0,200.0,200.0,151.4,102.5,62.3,37.9,24.6,11.6
992,19.774,0.000,826.2,155.2,0.3,3,16913,0.997,0.000,-0.001,0.379,0.011,200.0,7.6,0,0.37,0.000,200.0,376.8,1.000,5.3,11.8,18.9,33.5,63.1,113.3,176.3,188.2,193.8,198.4,200.0,200.0,200.0,152.3,102.8,62.4,37.9,24.7,11.6
993,19.796,0.000,827.1,156.2,0.2,3,16804,0.998,0.000,-0.002,0.378,0.011,200.0,7.3,0,0.38,0.000,200.0,376.8,1.000,5.3,11.8,18.9,33.5,63.0,112.9,175.3,187.1,192.7,197.4,200.0,200.0,200.0,152.6,103.0,62.5,37.9,24.6,11.6
994,19.818,0.000,828.1,157.2,0.2,3,16728,0.998,0.000,-0.001,0.376,0.011,200.0,7.1,0,0.38,0.000,200.0,376.8,1.000,5.3,11.9,18.9,33.6,63.2,113.2,174.5,186.2,191.8,196.4,200.0,200.0,200.0,152.5,102.9,62.4,37.8,24.6,11.6
995,19.840,0.000,829.1,158.2,0.1,3,16678,0.999,0.000,-0.001,0.375,0.011,199.5,6.9,0,0.38,0.000,199.5,376.8,1.000,5.4,11.9,19.0,33.7,63.4,113.7,173.9,185.4,190.9,195.5,199.5,200.0,200.0,152.1,102.6,62.3,37.8,24.6,11.5
996,19.862,0.000,830.0,159.3,0.1,3,16648,0.999,0.000,-0.000,0.373,0.011,198.6,6.7,0,0.38,0.000,198.6,376.8,1.000,5.4,11.9,19.1,33.8,63.7,114.3,173.3,184.5,190.0,194.6,198.6,200.0,200.0,151.7,102.4,62.2,37.7,24.5,11.5
997,19.884,0.000,831.0,160.3,0.1,3,16636,0.999,0.000,0.000,0.371,0.011,197.6,6.5,0,0.38,0.000,197.6,376.8,1.000,5.4,12.0,19.1,33.9,63.9,114.8,172.6,183.7,189.1,193.6,197.6,200.0,200.0,151.3,102.2,62.1,37.7,24.5,11.5
998,19.906,0.000,832.0,161.2,0.1,3,16638,0.999,0.000,0.001,0.370,0.011,196.6,6.3,0,0.38,0.000,196.6,376.8,1.000,5.4,12.0,19.2,34.0,64.1,115.3,171.9,182.8,188.1,192.7,196.6,200.0,200.0,151.0,102.0,62.0,37.6,24.5,11.5
999,19.928,0.000,833.0,162.2,0.1,3,16654,0.999,0.000,0.001,0.368,0.011,195.6,6.1,0,0.38,0.000,195.6,376.8,1.000,5.4,12.0,19.2,34.1,64.3,115.6,171.1,181.8,187.2,191.7,195.6,199.2,200.0,150.8,101.9,61.9,37.6,24.4,11.5
1000,19.950,0.000,834.0,163.2,0.0,3,16679,1.000,0.000,0.001,0.366,0.011,194.6,6.0,0,0.39,0.000,194.6,376.8,1.000,5.4,12.1,19.3,34.2,64.4,115.7,170.3,180.9,186.2,190.6,194.6,198.1,200.0,150.8,101.9,61.9,37.5,24.4,11.5
1001,19.972,0.000,835.0,164.2,0.0,3,16709,1.000,0.000,0.001,0.365,0.011,193.5,5.9,0,0.39,0.000,193.5,376.8,1.000,5.5,12.1,19.3,34.3,64.5,115.7,169.4,179.9,185.1,189.6,193.5,197.1,200.0,150.9,101.8,61.8,37.5,24.4,11.5
1002,19.994,0.000,836.0,165.2,0.0,3,16747,1.000,0.000,0.000,0.363,0.011,192.5,5.7,0,0.40,0.000,192.5,376.8,1.000,5.5,12.1,19.4,34.3,64.6,115.6,168.4,178.9,184.1,188.5,192.5,196.0,200.0,151.0,101.8,61.8,37.5,24.4,11.4
1003,20.016,0.000,837.0,166.2,-0.0,3,16787,1.000,0.000,-0.000,0.361,0.010,191.4,5.6,0,0.40,0.000,191.4,376.1,1.000,5.5,12.1,19.4,34.4,64.7,115.7,167.6,177.9,183.1,187.5,191.4,194.9,199.3,151.0,101.8,61.7,37.4,24.3,11.4
1004,20.038,0.000,838.0,167.2,-0.0,3,16831,1.000,0.000,-0.000,0.359,0.010,190.3,5.4,0,0.40,0.000,190.3,375.0,1.000,5.5,12.2,19.4,34.5,64.8,115.8,166.7,176.9,182.1,186.5,190.3,193.8,198.2,150.9,101.7,61.7,37.4,24.3,11.4
1005,20.060,0.000,839.0,168.2,-0.0,3,16877,1.000,0.000,-0.000,0.357,0.010,189.3,5.2,0,0.40,0.000,189.3,373.8,1.000,5.5,12.2,19.5,34.6,64.9,116.1,165.9,175.9,181.0,185.4,189.3,192.8,197.2,150.8,101.6,61.6,37.3,24.3,11.4
1006,20.082,0.000,840.1,169.2,-0.0,3,16925,1.000,0.000,0.000,0.356,0.010,188.2,5.1,0,0.40,0.000,188.2,372.7,1.000,5.5,12.2,19.6,34.7,65.1,116.4,165.0,174.9,180.0,184.4,188.2,191.7,196.1,150.6,101.5,61.5,37.3,24.3,11.4
1007,20.104,0.000,841.1,170.1,-0.0,3,16974,1.000,0.000,0.000,0.354,0.010,187.2,4.9,0,0.40,0.000,187.2,371.6,1.000,5.5,12.3,19.6,34.8,65.3,116.7,164.2,174.0,179.0,183.3,187.2,190.6,195.0,150.4,101.4,61.5,37.3,24.2,11.4
1008,20.126,0.000,842.2,171.1,-0.0,3,17024,1.000,0.000,0.000,0.352,0.010,186.1,4.7,0,0.40,0.000,186.1,370.4,1.000,5.6,12.3,19.7,34.9,65.5,117.0,163.3,173.0,178.0,182.3,186.1,189.5,193.9,150.2,101.2,61.4,37.2,24.2,11.4
1009,20.148,0.000,843.2,172.1,-0.0,3,17074,1.000,0.000,0.001,0.350,0.010,185.0,4.6,0,0.40,0.000,185.0,369.3,1.000,5.6,12.3,19.7,35.0,65.7,117.3,162.5,172.0,177.0,181.2,185.0,188.4,192.8,150.0,101.1,61.3,37.2,24.2,11.3
1010,20.170,0.000,844.3,173.1,-0.0,3,17124,1.000,0.000,0.001,0.348,0.010,183.9,4.4,0,0.40,0.000,183.9,368.1,1.000,5.6,12.4,19.8,35.0,65.8,117.5,161.6,171.0,175.9,180.2,183.9,187.3,191.7,149.9,101.0,61.2,37.1,24.1,11.3
1011,20.192,0.000,845.3,174.0,-0.0,3,17174,1.000,0.000,0.000,0.347,0.010,182.8,4.3,0,0.40,0.000,182.8,366.9,1.000,5.6,12.4,19.8,35.1,65.9,117.6,160.6,169.9,174.9,179.1,182.8,186.2,190.5,150.0,101.0,61.2,37.1,24.1,11.3
1012,20.214,0.000,846.4,175.0,-0.0,3,17224,1.000,0.000,0.000,0.345,0.010,181.7,4.1,0,0.40,0.000,181.7,365.7,1.000,5.6,12.4,19.9,35.2,66.0,117.7,159.7,168.9,173.8,178.0,181.7,185.1,189.4,150.6,100.9,61.1,37.0,24.1,11.3
1013,20.236,0.000,847.5,175.9,-0.0,3,17274,1.000,0.000,-0.003,0.343,0.010,180.6,4.0,0,0.51,0.000,180.6,369.1,1.000,5.6,12.5,19.9,35.3,66.2,117.9,158.8,167.9,172.7,176.9,180.6,184.0,188.2,192.6,100.8,61.1,37.0,24.0,11.3
1014,20.258,0.000,848.5,176.9,-0.0,3,17325,1.000,0.000,-0.003,0.341,0.010,179.5,3.8,0,0.50,0.000,179.5,367.9,1.000,5.6,12.5,20.0,35.4,66.4,118.6,158.0,166.9,171.7,175.9,179.5,182.9,187.1,191.5,100.6,60.9,36.9,24.0,11.3
1015,20.280,0.000,849.6,177.9,0.0,3,17376,1.000,0.000,-0.001,0.339,0.011,178.5,3.7,0,0.50,0.000,178.5,366.7,1.000,5.7,12.6,20.1,35.6,66.9,119.7,157.3,166.0,170.8,174.9,178.5,181.8,186.1,190.4,100.2,60.7,36.8,24.0,11.2
1016,20.302,0.000,850.7,178.8,0.0,3,17426,1.000,0.000,0.000,0.337,0.011,177.5,3.5,0,0.49,0.000,177.5,365.6,1.000,5.7,12.6,20.1,35.8,67.3,120.9,156.6,165.2,169.8,173.9,177.5,180.8,185.0,189.3,99.7,60.6,36.7,23.9,11.2
1017,20.324,0.000,851.8,179.8,0.0,3,17476,1.000,0.000,0.001,0.335,0.011,176.4,3.4,0,0.48,0.000,176.4,364.4,1.000,5.7,12.6,20.2,35.9,67.7,121.7,155.8,164.2,168.8,172.8,176.4,179.7,183.9,188.2,99.4,60.4,36.7,23.9,11.2
1018,20.346,0.000,852.9,180.7,0.0,3,17527,1.000,0.000,0.002,0.333,0.011,175.3,3.2,0,0.48,0.000,175.3,363.1,1.000,5.7,12.7,20.3,36.0,67.9,122.2,154.9,163.2,167.8,171.8,175.3,178.6,182.7,187.0,99.2,60.3,36.6,23.8,11.2
1019,20.368,0.000,854.0,181.7,0.0,3,17577,1.000,0.000,0.002,0.331,0.011,174.2,3.1,0,0.48,0.000,174.2,361.8,1.000,5.7,12.7,20.3,36.1,68.0,122.3,153.9,162.1,166.7,170.6,174.2,177.4,181.5,185.8,99.2,60.2,36.6,23.8,11.2
1020,20.390,0.000,855.1,182.6,0.0,3,17627,1.000,0.000,0.001,0.329,0.011,173.0,3.0,0,0.48,0.000,173.0,360.5,1.000,5.8,12.8,20.4,36.2,68.0,122.0,152.8,161.0,165.5,169.4,173.0,176.2,180.3,184.6,99.2,60.2,36.5,23.8,11.2
1021,20.412,0.000,856.2,183.6,-0.0,3,17678,1.000,0.000,0.000,0.327,0.010,171.8,2.8,0,0.48,0.000,171.8,359.2,1.000,5.8,12.8,20.4,36.2,68.0,121.7,151.8,159.8,164.3,168.2,171.8,175.0,179.1,183.3,99.3,60.2,36.5,23.7,11.1
1022,20.434,0.000,857.4,184.5,-0.0,3,17728,1.000,0.000,0.000,0.326,0.010,170.6,2.7,0,0.48,0.000,170.6,357.8,1.000,5.8,12.8,20.5,36.3,68.1,121.7,150.7,158.7,163.2,167.1,170.6,173.8,177.9,182.1,99.3,60.2,36.5,23.7,11.1
1023,20.456,0.000,858.5,185.5,-0.0,3,17780,1.000,0.000,0.000,0.324,0.010,169.4,2.5,0,0.48,0.000,169.4,356.5,1.000,5.8,12.9,20.5,36.4,68.2,121.8,149.7,157.6,162.0,165.9,169.4,172.6,176.7,180.9,99.2,60.1,36.4,23.7,11.1
1024,20.478,0.000,859.6,186.4,-0.0,3,17832,1.000,0.000,0.000,0.322,0.010,168.2,2.4,0,0.48,0.000,168.2,355.2,1.000,5.8,12.9,20.6,36.5,68.4,122.1,148.7,156.5,160.9,164.8,168.2,171.4,175.5,179.6,99.1,60.0,36.4,23.7,11.1
1025,20.500,0.000,860.8,187.3,-0.0,3,17884,1.000,0.000,0.000,0.320,0.010,167.1,2.3,0,0.48,0.000,167.1,353.8,1.000,5.8,12.9,20.6,36.6,68.6,122.4,147.8,155.4,159.8,163.6,167.1,170.2,174.2,178.4,99.0,60.0,36.3,23.6,11.1
1026,20.522,0.000,861.9,188.3,-0.0,3,17964,1.000,0.000,0.001,0.318,0.010,165.9,2.1,0,0.47,0.000,165.9,352.5,1.000,5.9,13.0,20.7,36.7,68.8,122.7,146.8,154.4,158.7,162.5,165.9,169.0,173.0,177.2,98.8,59.9,36.3,23.6,11.1
1027,20.544,0.000,863.1,189.2,-0.0,3,18046,1.000,0.000,0.001,0.316,0.010,164.7,2.0,0,0.47,0.000,164.7,351.1,1.000,5.9,13.0,20.8,36.8,69.0,123.0,145.8,153.3,157.5,161.3,164.7,167.8,171.8,175.9,98.7,59.8,36.2,23.5,11.1
1028,20.566,0.000,864.2,190.1,-0.0,3,18127,1.000,0.000,0.151,0.314,0.010,163.5,1.9,0,0.47,0.850,163.5,349.7,1.000,5.9,13.0,20.8,36.8,69.1,123.0,144.7,152.1,156.4,160.1,163.5,166.6,170.6,174.7,98.7,59.7,36.2,23.5,11.0
1029,20.588,0.000,865.4,191.0,0.1,3,18210,1.000,0.000,0.133,0.312,0.007,161.1,2.3,0,0.54,0.850,161.1,347.2,1.000,5.9,12.9,20.5,35.9,65.6,112.2,141.2,149.3,153.7,157.6,161.1,164.2,168.3,172.5,102.8,61.2,36.7,23.7,11.1
1030,20.610,0.000,866.6,191.9,-0.6,3,18308,1.000,0.000,0.084,0.311,-0.002,156.3,2.4,0,0.73,0.850,157.1,342.9,1.000,5.8,12.6,19.7,33.4,57.6,90.6,129.8,142.7,148.1,152.5,156.3,159.8,164.2,168.6,116.1,65.6,38.2,24.3,11.1
1031,20.632,0.000,867.8,192.8,-1.6,3,18408,1.000,0.000,0.019,0.311,-0.012,150.6,2.5,0,1.19,0.850,155.9,346.6,1.000,5.8,12.3,18.8,30.8,50.4,74.0,98.7,132.5,140.6,146.1,150.6,154.5,159.3,164.2,171.9,71.7,40.2,25.1,11.3
1032,20.654,0.000,868.9,193.7,-2.5,3,18496,1.000,0.000,-0.025,0.312,-0.020,145.5,2.5,0,1.37,0.850,154.7,342.7,1.000,5.7,12.0,18.1,29.1,46.0,64.9,83.1,110.2,132.8,140.2,145.5,149.9,155.1,160.3,168.5,77.2,41.8,25.7,11.4
1033,20.676,0.000,870.1,194.6,-2.7,3,18563,1.000,0.000,-0.042,0.314,-0.023,142.6,2.1,0,1.45,0.850,153.5,340.2,1.000,5.7,11.9,17.9,28.4,44.4,61.7,78.1,101.5,127.5,136.9,142.6,147.2,152.6,157.9,166.3,79.7,42.5,26.0,11.4
1034,20.698,0.000,871.3,195.5,-2.2,3,18622,1.000,0.000,-0.037,0.316,-0.022,142.0,1.5,0,1.43,0.850,152.2,339.1,1.000,5.7,11.9,17.9,28.6,44.8,62.6,79.4,104.0,128.3,136.5,142.0,146.5,151.8,157.1,165.3,79.0,42.4,25.9,11.4
1035,20.720,0.000,872.5,196.4,-1.4,3,18688,1.000,0.000,-0.018,0.318,-0.019,142.6,1.1,0,1.35,0.850,150.9,338.7,1.000,5.7,11.9,18.1,29.1,46.3,65.7,84.7,113.3,131.0,137.7,142.6,146.8,151.9,156.9,164.9,76.6,41.7,25.7,11.4
1036,20.742,0.000,873.7,197.3,-0.6,3,18763,1.000,0.000,0.001,0.321,-0.015,143.1,0.9,0,1.26,0.850,149.6,338.2,1.000,5.7,12.0,18.3,29.8,48.0,69.3,90.8,123.5,132.9,138.6,143.1,147.1,151.9,156.8,164.6,74.2,41.1,25.5,11.4
1037,20.764,0.000,874.9,198.2,-0.1,3,18842,1.000,0.000,0.013,0.323,-0.013,142.9,0.7,0,1.22,0.850,148.4,337.4,1.000,5.7,12.0,18.4,30.1,49.0,71.7,95.0,125.7,133.3,138.6,142.9,146.7,151.4,156.1,163.8,72.9,40.7,25.4,11.4
1038,20.786,0.000,876.1,199.1,0.1,3,18919,1.000,0.000,0.015,0.326,-0.013,141.9,0.6,0,1.21,0.850,147.1,335.9,1.000,5.6,12.0,18.4,30.1,49.2,72.0,95.8,125.2,132.5,137.6,141.9,145.6,150.3,155.0,162.6,72.7,40.7,25.4,11.4
1039,20.808,0.000,877.4,200.0,0.1,3,18992,1.000,0.000,0.011,0.329,-0.013,140.3,0.3,0,1.23,0.850,145.8,334.2,1.000,5.6,11.9,18.2,29.8,48.5,70.8,93.9,123.4,130.8,136.0,140.3,144.1,148.7,153.4,161.0,73.3,40.9,25.5,11.4
1040,20.830,0.000,878.6,200.9,-0.0,3,19064,1.000,0.000,0.004,0.331,-0.014,138.5,0.1,0,1.26,0.850,144.5,332.2,1.000,5.6,11.8,18.1,29.5,47.7,69.1,91.0,121.0,128.9,134.2,138.5,142.3,147.0,151.7,159.4,74.3,41.2,25.6,11.5
1041,20.852,0.000,879.8,201.8,-0.2,3,19136,1.000,0.000,-0.002,0.334,-0.015,136.8,-0.1,0,1.29,0.850,143.2,330.3,1.000,5.6,11.7,17.9,29.1,46.9,67.7,88.6,118.7,127.0,132.4,136.8,140.6,145.3,150.1,157.7,75.1,41.5,25.7,11.5
1042,20.874,0.000,881.0,202.7,-0.2,3,19207,1.000,0.000,-0.005,0.337,-0.016,135.3,-0.4,0,1.30,0.850,141.9,328.5,1.000,5.5,11.7,17.8,28.9,46.5,66.8,87.3,117.0,125.5,130.9,135.3,139.1,143.8,148.6,156.2,75.6,41.7,25.8,11.5
1043,20.896,0.000,882.3,203.5,-0.2,3,19277,1.000,0.000,-0.005,0.340,-0.016,134.1,-0.6,0,1.31,0.850,140.6,326.9,1.000,5.5,11.6,17.7,28.8,46.3,66.6,87.0,116.1,124.4,129.7,134.1,137.9,142.5,147.2,154.8,75.8,41.8,25.9,11.6
1044,20.918,0.000,883.5,204.4,-0.1,3,19346,1.000,0.000,-0.003,0.344,-0.015,133.0,-0.8,0,1.30,0.850,139.2,325.3,1.000,5.5,11.6,17.7,28.7,46.3,66.7,87.4,115.7,123.5,128.7,133.0,136.7,141.3,146.0,153.6,75.7,41.8,25.9,11.6
1045,20.940,0.000,884.8,205.2,-0.0,3,19415,1.000,0.000,-0.001,0.347,-0.015,131.9,-1.0,0,1.30,0.850,137.9,323.8,1.000,5.5,11.5,17.6,28.7,46.3,67.0,87.9,115.3,122.6,127.7,131.9,135.6,140.2,144.8,152.3,75.5,41.8,25.9,11.6
1046,20.962,0.000,886.0,206.0,0.0,3,19483,1.000,0.000,0.000,0.350,-0.015,130.8,-1.2,0,1.30,0.850,136.6,322.3,1.000,5.4,11.5,17.6,28.6,46.3,67.1,88.2,114.6,121.6,126.6,130.8,134.4,138.9,143.5,151.0,75.4,41.8,26.0,11.6
1047,20.984,0.000,887.3,206.7,0.1,4,19302,1.000,0.000,0.001,0.353,-0.014,129.6,-4.3,0,1.30,0.850,135.2,320.6,1.000,5.4,11.5,17.5,28.5,46.2,67.0,88.3,113.8,120.6,125.5,129.6,133.2,137.7,142.2,149.6,75.4,41.9,26.0,11.6
1048,21.006,0.000,888.6,207.3,0.1,4,19150,1.000,0.000,0.001,0.356,-0.014,128.3,-4.4,0,1.30,0.850,133.9,318.9,1.000,5.4,11.4,17.4,28.4,46.0,66.8,87.9,112.8,119.4,124.2,128.3,131.9,136.3,140.8,148.2,75.6,42.0,26.1,11.7
1049,21.028,0.000,889.8,208.0,0.0,4,19028,1.000,0.000,-0.000,0.359,-0.014,127.0,-4.2,0,1.31,0.850,132.5,317.1,1.000,5.4,11.3,17.3,28.3,45.8,66.4,87.4,111.6,118.2,122.9,127.0,130.5,134.9,139.4,146.8,75.8,42.1,26.1,11.7
1050,21.050,0.000,891.1,208.6,0.0,4,18375,1.000,0.000,-0.001,0.362,-0.014,125.6,-4.0,0,1.32,0.850,131.2,315.4,1.000,5.3,11.3,17.2,28.1,45.5,66.0,86.8,110.5,116.9,121.6,125.6,129.1,133.5,138.0,145.3,76.0,42.2,26.2,11.7
1051,21.072,0.000,892.4,209.3,0.0,4,17913,1.000,0.000,-0.002,0.365,-0.014,124.3,-4.1,0,1.33,0.850,129.8,313.6,1.000,5.3,11.2,17.2,28.0,45.3,65.6,86.4,109.4,115.7,120.4,124.3,127.8,132.2,136.6,143.9,76.2,42.3,26.3,11.8
1052,21.094,0.000,893.7,209.9,0.0,4,17589,1.000,0.000,-0.002,0.368,-0.014,123.0,-4.1,0,1.33,0.850,128.5,311.8,1.000,5.3,11.2,17.1,27.9,45.1,65.5,86.2,108.4,114.5,119.1,123.0,126.5,130.8,135.2,142.5,76.3,42.3,26.3,11.8
1053,21.116,0.000,895.0,210.5,0.0,4,17368,1.000,0.000,-0.001,0.371,-0.014,121.8,-4.2,0,1.34,0.850,127.1,310.1,1.000,5.3,11.1,17.0,27.8,45.0,65.3,86.2,107.4,113.4,117.9,121.8,125.2,129.5,133.9,141.1,76.3,42.4,26.4,11.8
1054,21.138,0.000,896.2,211.2,0.0,4,17220,1.000,0.000,-0.001,0.374,-0.014,120.5,-4.3,0,1.34,0.850,125.7,308.3,1.000,5.2,11.1,16.9,27.7,44.9,65.2,86.1,106.5,112.3,116.7,120.5,123.9,128.2,132.5,139.7,76.3,42.5,26.4,11.8
1055,21.160,0.000,897.5,211.8,0.1,4,17129,1.000,0.000,-0.000,0.377,-0.014,119.3,-4.4,0,1.34,0.850,124.4,306.5,1.000,5.2,11.0,16.9,27.6,44.7,65.1,86.0,105.5,111.1,115.5,119.3,122.6,126.8,131.2,138.3,76.4,42.5,26.4,11.9
1056,21.182,0.000,898.8,212.5,0.1,4,17075,1.000,0.000,-0.001,0.380,-0.014,118.0,-4.5,0,1.35,0.850,123.0,304.7,1.000,5.2,11.0,16.8,27.4,44.6,64.9,85.7,104.4,109.9,114.2,118.0,121.3,125.5,129.8,136.8,76.5,42.6,26.5,11.9
1057,21.204,0.000,900.1,213.1,0.0,4,17047,1.000,0.000,-0.001,0.383,-0.014,116.7,-4.5,0,1.36,0.850,121.6,302.9,1.000,5.2,10.9,16.7,27.3,44.4,64.6,85.4,103.3,108.7,113.0,116.7,119.9,124.1,128.4,135.4,76.6,42.7,26.6,11.9
1058,21.226,0.000,901.4,213.7,0.0,4,17035,1.000,0.000,-0.001,0.386,-0.014,115.3,-4.6,0,1.36,0.850,120.2,301.0,1.000,5.1,10.9,16.6,27.2,44.2,64.4,85.2,102.2,107.5,111.7,115.3,118.6,122.7,126.9,133.9,76.7,42.7,26.6,11.9
1059,21.248,0.000,902.7,214.4,0.0,4,17037,1.000,0.000,-0.001,0.389,-0.013,114.0,-4.7,0,1.37,0.850,118.8,299.1,1.000,5.1,10.8,16.6,27.1,44.0,64.2,85.0,101.1,106.3,110.4,114.0,117.3,121.3,125.5,132.5,76.8,42.8,26.6,12.0
1060,21.270,0.000,904.1,215.0,0.0,4,17048,1.000,0.000,-0.001,0.392,-0.013,112.7,-4.7,0,1.38,0.850,117.4,297.2,1.000,5.1,10.8,16.5,27.0,43.9,64.0,84.8,100.1,105.1,109.2,112.7,115.9,120.0,124.1,131.0,76.9,42.9,26.7,12.0
1061,21.292,0.000,905.4,215.6,0.0,4,17063,1.000,0.000,-0.001,0.395,-0.013,111.4,-4.8,0,1.38,0.850,116.0,295.3,1.000,5.1,10.7,16.4,26.9,43.7,63.8,84.6,99.0,103.9,107.9,111.4,114.6,118.6,122.7,129.6,77.0,42.9,26.7,12.0
1062,21.314,0.000,906.7,216.3,0.0,4,17084,1.000,0.000,-0.001,0.398,-0.013,110.1,-4.8,0,1.39,0.850,114.6,293.4,1.000,5.0,10.7,16.4,26.8,43.6,63.6,84.4,97.9,102.7,106.6,110.1,113.2,117.2,121.3,128.1,77.1,43.0,26.8,12.0
1063,21.336,0.000,908.0,216.9,0.0,4,17106,1.000,0.000,-0.001,0.401,-0.013,108.8,-4.9,0,1.40,0.850,113.2,291.4,1.000,5.0,10.6,16.3,26.7,43.4,63.5,84.2,96.8,101.5,105.4,108.8,111.9,115.8,119.9,126.6,77.2,43.1,26.8,12.0
1064,21.358,0.000,909.3,217.5,0.0,4,17129,1.000,0.000,-0.001,0.404,-0.013,107.4,-5.0,0,1.40,0.850,111.8,289.4,1.000,5.0,10.6,16.2,26.5,43.3,63.3,84.0,95.6,100.2,104.1,107.4,110.5,114.4,118.4,125.2,77.3,43.1,26.9,12.1
1065,21.380,0.000,910.7,218.1,0.0,4,17153,1.000,0.000,-0.001,0.407,-0.013,106.1,-5.1,0,1.41,0.850,110.4,287.5,1.000,5.0,10.5,16.1,26.4,43.1,63.1,83.8,94.5,99.0,102.8,106.1,109.1,113.0,117.0,123.7,77.3,43.2,26.9,12.1
1066,21.402,0.000,912.0,218.8,0.1,4,17179,1.000,0.000,-0.001,0.410,-0.013,104.8,-5.1,0,1.42,0.850,109.0,285.4,1.000,4.9,10.5,16.1,26.3,43.0,62.9,83.5,93.4,97.8,101.5,104.8,107.8,111.6,115.6,122.2,77.4,43.3,27.0,12.1
1067,21.424,0.000,913.3,219.4,0.1,4,17203,1.000,0.000,-0.001,0.413,-0.013,103.4,-5.2,0,1.43,0.850,107.6,283.4,1.000,4.9,10.4,16.0,26.2,42.8,62.7,83.0,92.3,96.6,100.2,103.4,106.4,110.2,114.1,120.7,77.5,43.3,27.0,12.1
1068,21.446,0.000,914.7,220.0,0.1,4,17229,1.000,0.000,-0.001,0.416,-0.012,102.1,-5.2,0,1.44,0.850,106.2,281.3,1.000,4.9,10.4,15.9,26.1,42.7,62.5,82.3,91.1,95.3,98.9,102.1,105.0,108.8,112.7,119.2,77.6,43.4,27.1,12.2
1069,21.468,0.000,916.0,220.6,0.1,4,17254,1.000,0.000,-0.001,0.418,-0.012,100.7,-5.3,0,1.45,0.850,104.7,279.0,1.000,4.9,10.3,15.9,26.0,42.5,62.4,81.6,90.0,94.1,97.6,100.7,103.6,107.3,111.2,117.7,77.6,43.5,27.1,12.2
1070,21.490,0.000,917.4,221.2,0.1,4,17280,1.000,0.000,-0.002,0.421,-0.012,99.4,-5.4,0,1.46,0.850,103.3,276.8,1.000,4.9,10.3,15.8,25.9,42.4,62.2,80.9,88.8,92.8,96.3,99.4,102.2,105.9,109.7,116.2,77.7,43.5,27.2,12.2
1071,21.512,0.000,918.7,221.8,0.1,4,17307,1.000,0.000,-0.002,0.424,-0.012,98.0,-5.2,0,1.48,0.850,101.9,274.3,1.000,4.8,10.3,15.7,25.8,42.2,62.1,80.1,87.7,91.6,95.0,98.0,100.9,104.5,108.3,114.7,78.0,43.6,27.2,12.2
1072,21.534,0.000,920.1,222.4,0.1,4,17332,1.000,0.000,-0.001,0.427,-0.012,96.7,-5.3,0,1.49,0.850,100.4,272.0,1.000,4.8,10.2,15.7,25.7,42.1,62.0,79.3,86.5,90.4,93.7,96.7,99.5,103.1,106.8,113.2,78.8,43.6,27.2,12.3
1073,21.556,0.000,921.5,223.0,0.1,4,17357,1.000,0.000,-0.017,0.430,-0.012,95.4,-5.4,0,1.96,0.850,99.0,284.9,1.000,4.8,10.2,15.6,25.6,42.0,61.9,78.5,85.4,89.1,92.4,95.4,98.1,101.7,105.4,111.7,122.5,43.7,27.3,12.3
1074,21.578,0.000,922.8,223.6,0.1,4,17381,1.000,0.000,-0.013,0.432,-0.011,94.2,-5.6,0,1.95,0.850,97.5,283.0,1.000,4.8,10.1,15.6,25.7,42.3,62.5,78.0,84.5,88.1,91.3,94.2,96.9,100.4,104.1,110.3,121.0,43.6,27.3,12.3
1075,21.600,0.000,924.2,224.2,0.2,4,17406,1.000,0.000,-0.006,0.435,-0.009,93.3,-5.7,0,1.93,0.850,96.1,281.0,1.000,4.8,10.1,15.6,25.8,42.8,63.9,77.9,83.9,87.4,90.4,93.3,95.9,99.3,102.9,109.1,119.7,43.3,27.2,12.3
1076,21.622,0.000,925.6,224.8,0.3,4,17430,1.000,0.000,0.000,0.437,-0.008,92.2,-5.7,0,1.91,0.850,94.6,279.0,1.000,4.7,10.1,15.6,26.0,43.3,65.1,77.4,83.1,86.5,89.5,92.2,94.8,98.1,101.7,107.8,118.2,43.2,27.1,12.3
1077,21.644,0.000,926.9,225.4,0.4,4,17460,1.000,0.000,0.003,0.439,-0.008,91.0,-5.5,0,1.90,0.850,93.2,276.4,1.000,4.7,10.1,15.6,26.0,43.5,65.6,76.6,82.1,85.3,88.3,91.0,93.5,96.8,100.3,106.3,116.7,43.1,27.1,12.3
1078,21.666,0.000,928.3,226.0,0.3,4,17483,1.000,0.000,0.003,0.441,-0.008,89.6,-5.7,0,1.91,0.850,91.7,274.0,1.000,4.7,10.1,15.6,25.9,43.3,65.4,75.6,80.8,84.0,86.9,89.6,92.1,95.3,98.8,104.8,115.1,43.1,27.2,12.3
1079,21.688,0.000,929.7,226.6,0.2,4,17507,1.000,0.000,0.001,0.443,-0.008,88.0,-5.8,0,1.92,0.850,90.3,271.8,1.000,4.7,10.0,15.5,25.7,43.0,64.8,74.3,79.4,82.6,85.4,88.0,90.5,93.7,97.2,103.1,113.4,43.3,27.2,12.3
1080,21.710,0.000,931.1,227.2,0.1,4,17529,1.000,0.000,-0.001,0.445,-0.008,86.5,-5.9,0,1.93,0.850,88.8,269.5,1.000,4.7,10.0,15.4,25.6,42.7,64.1,73.0,78.0,81.1,83.9,86.5,89.0,92.2,95.6,101.5,111.7,43.4,27.3,12.4
1081,21.732,0.000,932.5,227.8,0.0,4,17552,1.000,0.000,-0.003,0.447,-0.008,85.0,-6.1,0,1.94,0.850,87.4,267.2,1.000,4.6,9.9,15.3,25.5,42.4,63.5,71.8,76.7,79.7,82.5,85.0,87.4,90.6,94.0,99.8,110.0,43.5,27.3,12.4
1082,21.754,0.000,933.9,228.4,0.0,4,17577,1.000,0.000,-0.003,0.449,-0.008,83.6,-6.0,0,1.95,0.850,85.9,264.9,1.000,4.6,9.9,15.3,25.4,42.3,63.0,70.7,75.4,78.4,81.1,83.6,86.0,89.1,92.5,98.2,108.4,43.5,27.4,12.4
1083,21.776,0.000,935.3,229.0,0.0,4,17603,1.000,0.000,-0.152,0.451,-0.008,82.2,-6.0,0,1.95,0.000,84.4,262.4,1.000,4.6,9.9,15.3,25.3,42.3,62.5,69.6,74.3,77.1,79.8,82.2,84.6,87.7,91.0,96.7,106.7,43.5,27.4,12.4
1084,21.798,0.000,936.7,229.6,-0.0,4,17628,1.000,0.000,-0.129,0.453,-0.004,82.0,-5.6,0,1.89,0.000,82.9,261.1,1.000,4.6,10.0,15.5,26.1,44.6,64.1,70.2,74.4,77.1,79.6,82.0,84.2,87.2,90.4,96.0,105.8,42.7,27.1,12.4
1085,21.820,0.000,938.1,230.1,1.1,4,17657,1.000,0.000,-0.074,0.453,0.007,83.2,-5.5,0,1.73,0.000,83.2,261.5,1.000,4.7,10.3,16.3,28.5,52.0,67.7,72.6,76.3,78.7,81.0,83.2,85.3,88.1,91.1,96.4,105.9,40.7,26.3,12.2
1086,21.842,0.000,939.5,230.6,2.4,4,17687,1.000,0.000,-0.016,0.452,0.018,84.3,-5.5,0,1.57,0.000,84.3,261.8,1.000,4.7,10.6,17.2,31.5,60.1,70.4,74.6,77.9,80.1,82.3,84.3,86.3,88.9,91.8,96.9,106.1,38.7,25.5,12.1
1087,21.864,0.000,940.9,231.2,3.1,4,17708,1.000,0.000,0.021,0.450,0.025,84.4,-5.7,0,1.49,0.000,84.4,261.2,1.000,4.8,10.9,18.0,34.0,62.6,71.3,75.2,78.3,80.4,82.5,84.4,86.3,88.9,91.7,96.6,105.6,37.5,24.9,12.0
1088,21.886,0.000,942.3,231.8,2.9,4,17726,1.000,0.000,0.031,0.447,0.027,83.3,-6.0,0,1.48,0.000,83.3,259.0,1.000,4.8,11.0,18.2,34.8,62.3,70.6,74.4,77.4,79.4,81.4,83.3,85.2,87.7,90.4,95.3,104.2,37.1,24.8,12.0
1089,21.908,0.000,943.7,232.4,2.0,4,17742,1.000,0.000,0.020,0.444,0.025,81.4,-6.4,0,1.50,0.000,81.4,255.9,1.000,4.8,11.0,18.2,34.3,60.6,68.8,72.5,75.5,77.5,79.5,81.4,83.2,85.7,88.5,93.3,102.1,37.4,24.8,12.0
1090,21.930,0.000,945.2,232.9,1.0,4,17765,1.000,0.000,0.004,0.440,0.021,79.2,-6.5,0,1.54,0.000,79.2,252.6,1.000,4.9,11.0,18.0,33.4,58.6,66.7,70.4,73.3,75.4,77.3,79.2,81.0,83.5,86.2,91.1,99.9,37.8,25.0,12.0
1091,21.952,0.000,946.6,233.5,0.3,4,17790,1.000,0.000,-0.009,0.435,0.019,77.2,-6.6,0,1.57,0.000,77.2,249.5,1.000,4.9,11.0,17.9,32.8,56.9,64.8,68.5,71.4,73.4,75.3,77.2,79.0,81.5,84.2,89.0,97.8,38.1,25.1,12.0
1092,21.974,0.000,948.0,234.1,-0.0,4,17813,1.000,0.000,-0.013,0.431,0.018,75.6,-6.7,0,1.58,0.000,75.6,246.7,1.000,4.9,11.1,17.9,32.8,55.8,63.5,67.0,69.9,71.8,73.7,75.6,77.4,79.8,82.5,87.3,96.0,38.1,25.1,11.9
1093,21.996,0.000,949.4,234.7,-0.0,4,17839,1.000,0.000,-0.009,0.427,0.019,74.2,-6.8,0,1.58,0.000,74.2,244.3,1.000,5.0,11.2,18.1,33.2,55.1,62.4,65.8,68.6,70.6,72.4,74.2,76.0,78.4,81.0,85.7,94.4,37.9,25.0,11.9
1094,22.018,0.000,950.9,235.2,0.1,4,17875,1.000,0.000,-0.003,0.422,0.020,73.0,-6.8,0,1.57,0.000,73.0,241.8,1.000,5.0,11.3,18.4,33.8,54.6,61.5,64.8,67.5,69.4,71.2,73.0,74.7,77.0,79.6,84.3,92.8,37.6,24.8,11.8
1095,22.040,0.000,952.3,235.8,0.2,4,17917,1.000,0.000,0.001,0.418,0.020,71.7,-6.9,0,1.56,0.000,71.7,239.3,1.000,5.0,11.4,18.6,34.4,53.9,60.5,63.7,66.3,68.2,69.9,71.7,73.3,75.6,78.2,82.8,91.2,37.3,24.7,11.8
1096,22.062,0.000,953.8,236.4,0.2,4,17958,1.000,0.000,0.003,0.413,0.021,70.2,-6.9,0,1.56,0.000,70.2,236.6,1.000,5.1,11.5,18.8,34.8,53.0,59.4,62.5,65.0,66.8,68.5,70.2,71.9,74.1,76.7,81.2,89.5,37.2,24.6,11.7
1097,22.084,0.000,955.2,236.9,0.2,4,17998,0.000,0.000,0.003,0.408,0.021,68.7,-7.0,0,1.56,0.000,68.7,233.8,1.000,5.1,11.6,18.9,35.0,52.0,58.1,61.1,63.6,65.4,67.1,68.7,70.4,72.6,75.0,79.5,87.8,37.1,24.5,11.7
1098,22.106,0.000,956.6,236.6,0.1,4,17462,0.000,0.000,0.003,0.403,0.020,67.2,-20.0,0,1.56,0.000,67.2,230.9,1.000,5.2,11.7,19.0,35.2,51.0,56.9,59.8,62.2,63.9,65.6,67.2,68.8,71.0,73.4,77.8,86.0,37.0,24.4,11.7
1099,22.128,0.000,958.1,236.0,0.1,4,17397,0.000,0.000,0.002,0.399,0.020,65.7,-20.2,0,1.56,0.000,65.7,227.9,1.000,5.2,11.8,19.2,35.5,50.0,55.6,58.4,60.8,62.5,64.1,65.7,67.3,69.4,71.8,76.1,84.2,36.9,24.4,11.6
1100,22.150,0.000,959.5,235.3,0.1,4,17342,0.000,0.521,0.002,0.394,0.020,64.2,-20.2,0,1.56,0.000,64.2,224.9,0.000,5.3,11.9,19.3,35.7,49.0,54.4,57.1,59.4,61.1,62.6,64.2,65.7,67.8,70.2,74.4,82.5,36.8,24.3,11.6
1101,22.172,0.000,961.0,233.6,0.0,4,17004,0.000,0.590,0.002,0.389,0.020,62.7,-7.8,0,1.57,0.000,62.7,221.9,0.000,5.3,12.0,19.5,35.7,48.0,53.2,55.8,58.1,59.7,61.2,62.7,64.2,66.3,68.6,72.8,80.7,36.8,24.2,11.6
1102,22.194,0.000,962.4,231.3,0.1,4,16778,0.000,0.623,0.002,0.384,0.020,61.3,-4.3,0,1.58,0.000,61.3,218.8,0.000,5.3,12.1,19.6,35.6,47.0,52.0,54.6,56.7,58.3,59.8,61.3,62.7,64.8,67.0,71.2,79.0,37.0,24.1,11.5
1103,22.216,0.000,963.8,228.7,0.1,4,16556,0.000,0.646,0.003,0.380,0.020,59.8,-3.4,0,1.60,0.000,59.8,215.8,0.000,5.4,12.1,19.8,35.3,46.0,50.8,53.3,55.4,56.9,58.4,59.8,61.3,63.3,65.5,69.6,77.3,37.4,24.0,11.5
1104,22.238,0.000,965.2,226.0,0.1,4,16344,0.000,0.667,0.002,0.375,0.020,58.4,-2.6,0,1.62,0.000,58.4,212.7,0.000,5.4,12.2,19.9,35.0,45.0,49.6,52.0,54.1,55.6,57.0,58.4,59.8,61.8,64.0,68.0,75.6,38.2,23.9,11.4
1105,22.260,0.000,966.5,223.3,0.1,4,16128,0.000,0.686,0.001,0.371,0.020,57.0,-1.5,0,1.66,0.000,57.0,209.6,0.000,5.5,12.3,20.1,34.6,44.0,48.5,50.8,52.8,54.2,55.6,57.0,58.4,60.3,62.4,66.4,73.9,39.9,23.9,11.4
1106,22.282,0.000,967.9,220.6,0.1,4,15910,0.000,0.703,-0.199,0.366,0.020,55.6,0.3,0,2.86,-0.346,55.6,206.5,0.000,5.5,12.4,20.2,34.1,43.1,47.3,49.6,51.5,52.9,54.3,55.6,57.0,58.8,61.0,64.8,72.3,83.8,23.8,11.4
1107,22.304,0.000,969.2,217.9,-0.0,4,15696,0.000,0.674,-0.399,0.361,0.024,54.9,8.0,0,2.83,-0.405,54.9,204.5,0.000,5.6,12.7,20.8,34.3,42.7,46.8,49.0,50.9,52.2,53.6,54.9,56.2,58.0,60.1,63.9,71.2,82.6,23.4,11.3
1108,22.326,0.000,970.6,215.4,1.1,4,15508,0.000,0.531,-0.391,0.355,0.038,55.5,20.0,0,1.52,-0.463,55.5,204.8,0.000,5.7,13.3,22.6,35.8,43.8,47.7,49.8,51.6,52.9,54.2,55.5,56.7,58.5,60.5,64.2,71.4,39.0,22.5,11.1
1109,22.348,0.000,971.9,212.9,3.3,4,15385,0.000,0.000,-0.338,0.347,0.057,56.9,22.1,0,1.25,-0.518,56.9,206.6,0.000,5.9,14.4,25.5,38.0,45.6,49.4,51.4,53.2,54.4,55.7,56.9,58.1,59.9,61.8,65.4,72.3,33.0,21.3,10.8
1110,22.370,0.000,973.2,211.0,5.7,4,15556,0.000,0.000,-0.273,0.338,0.080,58.6,-1.5,0,1.04,-0.571,58.6,209.0,0.000,6.1,15.9,28.4,40.4,47.7,51.4,53.3,55.0,56.2,57.4,58.6,59.8,61.5,63.3,66.8,73.6,29.3,20.1,10.5
1111,22.392,0.000,974.5,209.9,8.0,4,15467,0.187,0.000,-0.073,0.325,0.104,60.5,-13.3,0,0.84,0.000,60.5,211.6,0.187,6.4,17.9,31.3,42.8,49.9,53.5,55.4,57.0,58.2,59.3,60.5,61.6,63.2,65.1,68.4,75.0,26.4,18.9,10.2
1112,22.414,0.000,975.7,209.1,10.3,4,15486,0.237,0.000,0.127,0.310,0.127,62.1,-14.5,0,0.68,0.000,62.1,213.8,0.237,6.8,20.3,33.7,44.9,51.9,55.3,57.1,58.7,59.9,61.0,62.1,63.2,64.8,66.6,69.8,76.2,24.2,17.8,9.9
1113,22.436,0.000,977.0,208.7,11.7,4,15521,0.287,0.000,0.327,0.293,0.141,62.5,-14.5,0,0.58,0.000,62.5,213.9,0.287,7.1,21.9,34.9,45.7,52.5,55.8,57.6,59.1,60.3,61.4,62.5,63.6,65.1,66.8,70.0,76.3,22.9,17.0,9.7
1114,22.458,0.000,978.3,208.4,10.3,4,15564,0.337,0.000,0.527,0.275,0.136,60.4,-14.1,0,0.61,0.000,60.4,209.9,0.337,7.2,21.6,33.7,44.1,50.6,53.9,55.6,57.1,58.2,59.3,60.4,61.5,63.0,64.7,67.9,74.1,23.3,17.0,9.6
1115,22.480,0.000,979.5,208.3,5.8,4,15611,0.000,0.391,0.419,0.256,0.111,55.9,-13.1,0,0.77,0.000,55.9,200.5,0.000,7.1,19.8,30.4,40.1,46.3,49.5,51.2,52.7,53.7,54.8,55.9,56.9,58.4,60.1,63.3,69.5,26.2,17.6,9.7
1116,22.502,0.000,980.8,207.3,0.1,4,15096,0.000,0.938,0.219,0.239,0.075,50.2,-2.3,0,2.31,-0.854,50.2,188.5,0.000,7.0,17.7,26.6,35.2,41.0,44.0,45.7,47.1,48.1,49.2,50.2,51.3,52.7,54.4,57.5,63.7,73.8,19.1,9.8
1117,22.524,0.000,982.1,204.9,-5.4,4,14463,0.000,1.000,0.019,0.223,0.040,44.9,22.4,0,2.56,-0.901,44.9,176.9,0.000,6.9,16.0,23.5,31.0,36.2,39.1,40.6,41.9,42.9,43.9,44.9,45.9,47.3,48.9,52.0,58.1,68.3,21.3,10.0
1118,22.546,0.000,983.3,201.9,-9.7,4,13960,0.000,0.500,-0.181,0.210,0.013,40.8,40.2,0,2.81,-0.920,40.8,172.4,0.000,6.8,15.0,21.3,27.9,32.7,35.3,36.7,38.0,38.9,39.8,40.8,41.7,43.1,44.6,47.5,53.5,63.6,24.5,10.1
1119,22.568,0.000,984.5,198.9,-12.1,3,17152,0.000,0.500,-0.381,0.198,-0.003,38.0,32.2,0,3.12,-0.920,38.3,165.8,0.000,6.8,14.4,20.1,26.0,30.4,32.8,34.1,35.3,36.2,37.1,38.0,38.9,40.2,41.6,44.5,50.3,60.2,30.2,10.2
1120,22.590,0.000,985.7,196.4,-12.1,3,17070,0.000,1.000,-0.581,0.186,-0.005,36.7,21.2,0,5.67,-0.920,37.2,157.4,0.000,6.9,14.3,19.7,25.3,29.5,31.8,33.1,34.2,35.0,35.9,36.7,37.6,38.8,40.3,43.0,48.7,58.4,71.9,10.1
1121,22.612,0.000,986.9,193.8,-9.3,3,16565,0.000,0.500,-0.781,0.175,0.010,37.1,38.2,0,5.55,-0.920,37.1,157.9,0.000,7.1,14.8,20.2,25.9,30.0,32.2,33.5,34.6,35.5,36.3,37.1,38.0,39.2,40.6,43.3,48.9,58.5,71.8,9.9
1122,22.634,0.000,988.1,191.2,-4.9,3,16760,0.000,0.500,-0.659,0.164,0.037,38.7,41.0,0,2.73,-0.920,38.7,161.3,0.000,7.4,15.7,21.4,27.2,31.5,33.8,35.0,36.2,37.0,37.9,38.7,39.6,40.8,42.2,44.9,50.5,60.0,25.7,9.5
1123,22.656,0.000,989.3,188.7,0.2,3,16625,0.000,1.000,-0.459,0.152,0.071,40.9,39.4,0,2.44,-0.920,40.9,166.2,0.000,7.8,16.9,23.0,29.2,33.5,35.9,37.2,38.4,39.2,40.1,40.9,41.8,43.1,44.5,47.2,52.8,62.2,21.6,9.2
1124,22.678,0.000,990.4,186.0,5.2,3,15756,0.000,0.371,-0.289,0.138,0.106,43.2,57.7,0,2.23,-0.920,43.2,171.1,0.000,8.2,18.1,24.7,31.1,35.7,38.1,39.4,40.6,41.5,42.3,43.2,44.1,45.3,46.8,49.5,55.0,64.3,19.1,8.8
1125,22.700,0.000,991.5,183.1,9.4,3,15895,0.000,0.353,-0.162,0.123,0.136,45.0,44.4,0,2.08,-0.920,45.0,169.0,0.000,8.6,19.1,26.1,32.8,37.4,39.9,41.2,42.4,43.3,44.1,45.0,45.9,47.1,48.6,51.3,56.8,66.0,17.5,8.5
1126,22.722,0.000,992.6,180.6,12.3,3,15738,0.000,0.638,-0.062,0.107,0.161,46.2,26.4,0,1.97,-0.920,46.2,167.9,0.000,8.9,20.0,27.2,34.0,38.6,41.1,42.4,43.6,44.5,45.4,46.2,47.1,48.4,49.8,52.5,57.9,67.0,16.5,8.3
1127,22.744,0.000,993.7,178.1,14.2,3,15179,0.000,0.000,0.012,0.089,0.181,46.9,23.4,0,1.90,-0.920,46.9,175.7,0.000,9.1,20.5,27.8,34.7,39.3,41.8,43.1,44.3,45.2,46.0,46.9,47.8,49.0,50.4,53.1,58.5,67.5,15.9,8.1
1128,22.766,0.000,994.8,175.9,15.0,3,15574,0.178,0.000,0.039,0.071,0.190,47.0,-5.9,0,1.86,-0.920,47.0,178.8,0.189,9.3,20.8,28.1,34.9,39.5,42.0,43.3,44.5,45.3,46.2,47.0,47.9,49.1,50.5,53.2,58.5,67.4,15.5,7.9
1129,22.788,0.000,995.9,174.9,14.9,3,15630,0.230,0.000,0.013,0.052,0.189,47.0,-13.6,0,1.83,-0.920,47.0,178.4,0.239,9.5,21.0,28.2,34.9,39.5,41.9,43.3,44.4,45.3,46.1,47.0,47.8,49.0,50.4,53.0,58.4,67.2,15.2,7.8
1130,22.810,0.000,996.9,174.4,14.4,3,15742,0.282,0.000,-0.022,0.034,0.185,46.7,-11.9,0,1.81,-0.920,46.7,177.5,0.289,9.6,21.1,28.2,34.8,39.4,41.7,43.0,44.2,45.0,45.9,46.7,47.5,48.7,50.1,52.7,58.0,66.7,15.1,7.7
1131,22.832,0.000,998.0,174.2,13.3,3,15864,0.333,0.000,-0.071,0.016,0.179,46.1,-10.2,0,1.80,-0.920,46.1,176.1,0.339,9.7,21.0,28.0,34.5,38.9,41.3,42.5,43.7,44.5,45.3,46.1,47.0,48.2,49.5,52.1,57.3,65.9,15.0,7.6
1132,22.854,0.000,999.1,174.1,11.6,3,15980,0.000,0.000,-0.113,-0.003,0.169,45.3,-8.8,0,1.80,-0.920,45.3,173.9,0.339,9.7,20.8,27.6,33.9,38.2,40.5,41.8,42.9,43.7,44.5,45.3,46.1,47.3,48.6,51.2,56.3,64.9,15.2,7.5
1133,22.876,0.000,1000.1,173.8,9.6,3,15859,0.000,0.000,-0.161,-0.021,0.157,44.2,-15.6,0,1.81,-0.920,44.2,171.2,0.339,9.8,20.4,27.0,33.1,37.3,39.5,40.8,41.9,42.6,43.4,44.2,45.0,46.2,47.5,50.0,55.1,63.6,15.4,7.4
1134,22.898,0.000,1001.2,173.2,7.6,3,15741,0.000,0.000,-0.214,-0.039,0.144,43.1,-15.8,0,1.82,-0.920,43.1,168.5,0.339,9.8,20.1,26.4,32.3,36.4,38.5,39.7,40.8,41.6,42.3,43.1,43.9,45.0,46.3,48.8,53.8,62.2,15.8,7.4
1135,22.920,0.000,1002.2,172.7,5.9,3,15645,0.000,0.334,-0.260,-0.056,0.132,42.2,-15.4,0,1.83,-0.920,42.2,166.0,0.000,9.8,19.8,25.9,31.6,35.6,37.7,38.8,39.9,40.6,41.4,42.2,42.9,44.0,45.3,47.7,52.6,61.0,16.1,7.3
1136,22.942,0.000,1003.3,171.6,4.8,3,15261,0.000,0.373,-0.291,-0.073,0.123,41.5,-2.6,0,1.83,-0.920,41.5,164.2,0.000,9.9,19.7,25.6,31.1,35.0,37.1,38.2,39.3,40.0,40.7,41.5,42.2,43.3,44.6,46.9,51.8,60.1,16.3,7.2
1137,22.964,0.000,1004.3,170.1,4.5,3,15059,0.000,0.345,-0.303,-0.089,0.119,41.2,4.2,0,1.81,-0.920,41.2,163.2,0.000,9.9,19.7,25.5,31.0,34.8,36.8,37.9,39.0,39.7,40.4,41.2,41.9,43.0,44.2,46.5,51.4,59.6,16.3,7.1
1138,22.986,0.000,1005.4,168.4,4.8,3,14896,0.000,0.000,-0.299,-0.105,0.117,41.1,5.0,0,1.78,-0.920,41.1,162.9,0.000,10.1,19.8,25.6,31.0,34.8,36.8,37.9,38.9,39.7,40.4,41.1,41.9,42.9,44.1,46.5,51.2,59.4,16.0,7.0
1139,23.008,0.000,1006.4,167.1,5.4,3,15051,0.000,0.000,-0.279,-0.119,0.119,41.4,-8.1,0,1.73,-0.920,41.4,163.3,0.000,10.2,20.1,25.9,31.3,35.1,37.1,38.2,39.2,39.9,40.6,41.4,42.1,43.1,44.4,46.7,51.4,59.4,15.5,6.9
1140,23.030,0.000,1007.4,166.2,6.3,3,14985,0.000,0.000,-0.243,-0.134,0.125,41.9,-13.5,0,1.68,-0.920,41.9,164.3,0.000,10.4,20.4,26.3,31.8,35.6,37.6,38.7,39.7,40.4,41.1,41.9,42.6,43.7,44.9,47.2,51.9,59.8,14.9,6.7
1141,23.052,0.000,1008.4,165.5,7.5,3,14910,0.178,0.000,-0.196,-0.148,0.132,42.6,-15.2,0,1.62,-0.920,42.6,165.7,0.179,10.6,20.9,26.9,32.4,36.2,38.3,39.4,40.4,41.1,41.8,42.6,43.3,44.3,45.5,47.8,52.5,60.4,14.1,6.6
1142,23.074,0.000,1009.5,165.0,8.8,3,14938,0.229,0.000,-0.147,-0.163,0.140,43.3,-11.7,0,1.56,-0.920,43.3,167.2,0.229,10.8,21.4,27.5,33.1,36.9,39.0,40.1,41.1,41.8,42.5,43.3,44.0,45.0,46.3,48.5,53.2,61.0,13.5,6.4
1143,23.096,0.000,1010.5,164.6,9.9,3,14993,0.279,0.000,-0.106,-0.177,0.147,43.9,-10.1,0,1.51,-0.920,43.9,168.3,0.279,11.0,21.8,28.0,33.7,37.5,39.6,40.7,41.7,42.4,43.1,43.9,44.6,45.6,46.8,49.1,53.7,61.4,12.9,6.3
1144,23.118,0.000,1011.5,164.3,10.6,3,15063,0.329,0.000,-0.078,-0.191,0.150,44.2,-8.8,0,1.46,-0.920,44.2,168.9,0.329,11.2,22.1,28.4,34.0,37.9,39.9,41.0,42.0,42.7,43.5,44.2,44.9,46.0,47.2,49.4,54.0,61.6,12.5,6.2
1145,23.140,0.000,1012.5,164.1,10.7,3,15144,0.379,0.000,-0.070,-0.206,0.150,44.2,-7.6,0,1.43,-0.920,44.2,168.7,0.379,11.3,22.3,28.5,34.1,37.9,40.0,41.1,42.1,42.8,43.5,44.2,44.9,46.0,47.1,49.4,53.9,61.4,12.2,6.0
1146,23.162,0.000,1013.5,164.0,10.3,3,15234,0.429,0.000,-0.079,-0.220,0.146,43.9,-6.4,0,1.42,-0.920,43.9,167.8,0.429,11.4,22.3,28.4,33.9,37.7,39.7,40.8,41.8,42.5,43.2,43.9,44.6,45.6,46.8,49.0,53.5,60.9,12.1,6.0
1147,23.184,0.000,1014.6,164.1,9.4,3,15331,0.479,0.000,-0.104,-0.234,0.139,43.3,-5.3,0,1.41,-0.920,43.3,166.4,0.479,11.4,22.1,28.1,33.5,37.3,39.2,40.3,41.3,41.9,42.6,43.3,44.1,45.1,46.2,48.4,52.8,60.2,12.2,5.9
1148,23.206,0.000,1015.6,164.2,8.2,3,15434,0.529,0.000,-0.140,-0.247,0.130,42.6,-4.3,0,1.40,-0.920,42.6,164.4,0.529,11.4,21.9,27.7,33.0,36.7,38.6,39.6,40.6,41.3,42.0,42.6,43.3,44.3,45.5,47.6,52.0,59.3,12.3,5.8
1149,23.228,0.000,1016.6,164.4,6.9,3,15540,0.000,0.000,-0.180,-0.260,0.120,41.9,-3.4,0,1.40,-0.920,41.9,162.6,0.529,11.4,21.6,27.3,32.5,36.0,37.9,38.9,39.9,40.5,41.2,41.9,42.6,43.5,44.7,46.8,51.1,58.3,12.4,5.8
1150,23.250,0.000,1017.6,164.2,5.7,3,15341,0.000,0.000,-0.219,-0.273,0.110,41.1,-13.8,0,1.40,-0.920,41.1,160.7,0.529,11.4,21.3,26.9,31.9,35.4,37.2,38.3,39.2,39.8,40.5,41.1,41.8,42.8,43.9,46.0,50.2,57.4,12.6,5.7
1151,23.272,0.000,1018.6,163.7,4.8,3,15170,0.000,0.000,-0.249,-0.286,0.102,40.6,-14.5,0,1.39,-0.920,40.6,159.1,0.529,11.4,21.2,26.6,31.5,34.9,36.7,37.7,38.6,39.2,39.9,40.6,41.2,42.2,43.2,45.3,49.5,56.6,12.7,5.7
1152,23.294,0.000,1019.7,163.1,4.4,3,15025,0.000,0.000,-0.266,-0.297,0.097,40.2,-14.5,0,1.37,-0.920,40.2,158.1,0.529,11.4,21.1,26.4,31.3,34.6,36.4,37.4,38.3,38.9,39.6,40.2,40.9,41.8,42.8,44.9,49.0,56.0,12.7,5.6
1153,23.316,0.000,1020.7,162.5,4.4,3,14901,0.000,0.000,-0.267,-0.309,0.095,40.1,-14.5,0,1.35,-0.920,40.1,157.6,0.529,11.5,21.1,26.4,31.2,34.6,36.3,37.3,38.2,38.8,39.4,40.1,40.7,41.6,42.7,44.7,48.8,55.7,12.5,5.5
1154,23.338,0.000,1021.7,161.9,4.8,3,14792,0.000,0.000,-0.256,-0.320,0.096,40.2,-14.6,0,1.32,-0.920,40.2,157.6,0.529,11.6,21.3,26.6,31.4,34.7,36.4,37.4,38.3,38.9,39.5,40.2,40.8,41.7,42.7,44.7,48.8,55.7,12.3,5.4
1155,23.360,0.000,1022.7,161.3,5.5,3,14694,0.000,0.000,-0.235,-0.330,0.099,40.4,-14.8,0,1.29,-0.920,40.4,157.9,0.529,11.7,21.5,26.8,31.6,34.9,36.7,37.6,38.5,39.1,39.7,40.4,41.0,41.9,42.9,44.9,48.9,55.9,11.9,5.3
1156,23.382,0.000,1023.7,160.7,6.4,3,14603,0.000,0.000,-0.208,-0.341,0.103,40.6,-15.0,0,1.27,-0.920,40.6,158.4,0.529,11.8,21.7,27.1,31.9,35.2,37.0,37.9,38.8,39.4,40.0,40.6,41.3,42.2,43.2,45.2,49.1,56.2,11.5,5.2
1157,23.404,0.000,1024.8,160.1,7.3,3,14519,0.000,0.000,-0.180,-0.351,0.107,40.9,-15.2,0,1.24,-0.920,40.9,158.9,0.529,12.0,22.0,27.3,32.2,35.5,37.3,38.2,39.1,39.7,40.3,40.9,41.6,42.5,43.5,45.4,49.4,56.7,11.1,5.1
1158,23.426,0.000,1025.8,159.5,8.1,3,14440,0.000,0.000,-0.154,-0.361,0.111,41.2,-15.4,0,1.23,-0.920,41.2,159.3,0.529,12.1,22.2,27.6,32.5,35.8,37.6,38.5,39.4,40.0,40.6,41.2,41.9,42.7,43.8,45.7,49.6,57.2,10.7,5.0
1159,23.448,0.000,1026.8,158.9,8.9,3,14365,0.579,0.000,-0.132,-0.370,0.115,41.4,-15.5,0,1.21,-0.920,41.4,159.6,0.579,12.2,22.4,27.9,32.8,36.1,37.8,38.8,39.6,40.2,40.8,41.4,42.1,42.9,43.9,45.9,49.7,57.7,10.4,4.9
1160,23.470,0.000,1027.8,158.7,9.4,3,14579,0.629,0.000,-0.116,-0.379,0.117,41.6,-2.2,0,1.21,-0.920,41.6,159.8,0.629,12.3,22.6,28.0,32.9,36.2,37.9,38.9,39.7,40.3,40.9,41.6,42.2,43.0,44.0,45.9,49.8,58.2,10.2,4.8
1161,23.492,0.000,1028.8,158.8,9.8,3,14844,0.679,0.000,-0.108,-0.388,0.117,41.5,1.9,0,1.21,-0.920,41.5,159.8,0.679,12.4,22.7,28.1,33.0,36.2,38.0,38.9,39.7,40.3,40.9,41.5,42.1,43.0,44.0,45.9,49.8,58.5,10.0,4.8
1162,23.514,0.000,1029.8,159.2,9.9,3,15105,0.729,0.000,-0.113,-0.397,0.115,41.3,3.9,0,1.21,-0.920,41.3,159.4,0.729,12.4,22.7,28.1,32.9,36.1,37.8,38.7,39.6,40.1,40.7,41.3,41.9,42.8,43.8,45.6,49.6,58.5,9.9,4.7
1163,23.536,0.000,1030.8,159.6,9.6,3,15348,0.000,0.000,-0.129,-0.406,0.111,41.0,5.2,0,1.22,-0.920,41.0,158.7,0.729,12.5,22.6,27.9,32.6,35.8,37.5,38.4,39.2,39.8,40.4,41.0,41.6,42.4,43.4,45.2,49.3,58.4,9.9,4.7
1164,23.558,0.000,1031.8,159.6,8.9,3,15137,0.000,0.000,-0.156,-0.414,0.104,40.5,-12.3,0,1.22,-0.920,40.5,157.4,0.729,12.4,22.4,27.6,32.3,35.4,37.0,37.9,38.7,39.3,39.9,40.5,41.1,41.9,42.8,44.6,48.7,58.0,10.0,4.6
1165,23.580,0.000,1032.8,159.1,7.9,3,14938,0.000,0.000,-0.195,-0.421,0.095,39.8,-14.5,0,1.23,-0.920,39.8,155.4,0.729,12.4,22.1,27.2,31.8,34.8,36.4,37.3,38.1,38.7,39.2,39.8,40.4,41.2,42.1,43.9,48.0,57.3,10.1,4.6
1166,23.602,0.000,1033.8,158.6,6.9,3,14768,0.000,0.000,-0.232,-0.429,0.087,39.2,-14.6,0,1.24,-0.920,39.2,153.5,0.729,12.3,21.8,26.8,31.3,34.3,35.9,36.7,37.5,38.0,38.6,39.2,39.7,40.5,41.4,43.2,47.3,56.6,10.3,4.6
1167,23.624,0.000,1034.8,158.1,6.1,3,14624,0.000,0.288,-0.263,-0.435,0.079,38.6,-14.3,0,1.25,-0.920,38.6,152.3,0.000,12.3,21.6,26.5,30.9,33.8,35.4,36.2,37.0,37.5,38.1,38.6,39.2,40.0,40.9,42.6,46.8,56.1,10.4,4.5
1168,23.646,0.000,1035.8,157.1,5.7,3,13950,0.000,0.000,-0.283,-0.442,0.075,38.3,-3.9,0,1.26,-0.920,38.3,151.8,0.000,12.3,21.5,26.3,30.6,33.5,35.1,35.9,36.6,37.2,37.7,38.3,38.8,39.6,40.5,42.3,46.4,56.0,10.5,4.5
1169,23.668,0.000,1036.8,156.1,5.8,3,14069,0.000,0.000,-0.292,-0.447,0.072,38.0,-9.9,0,1.29,-0.920,38.0,151.8,0.000,12.3,21.5,26.3,30.5,33.4,34.9,35.7,36.4,37.0,37.5,38.0,38.6,39.3,40.2,42.1,46.4,56.3,10.5,4.5
1170,23.690,0.000,1037.8,155.5,6.1,3,14019,0.000,0.000,-0.287,-0.453,0.073,38.0,-12.7,0,1.33,-0.920,38.0,152.6,0.000,12.4,21.5,26.3,30.5,33.4,34.9,35.7,36.4,36.9,37.5,38.0,38.5,39.3,40.2,42.1,46.6,57.1,10.3,4.4
1171,23.712,0.000,1038.8,154.8,6.7,3,13958,0.000,0.000,-0.272,-0.458,0.076,38.1,-13.6,0,1.38,-0.920,38.1,154.0,0.000,12.4,21.7,26.4,30.6,33.5,35.0,35.8,36.5,37.0,37.5,38.1,38.6,39.4,40.4,42.4,47.1,58.3,10.1,4.4
1172,23.734,0.000,1039.8,154.2,7.5,3,13896,0.164,0.000,-0.254,-0.463,0.080,38.3,-14.0,0,1.46,-0.920,38.3,155.6,0.164,12.5,21.8,26.6,30.8,33.6,35.1,35.9,36.6,37.2,37.7,38.3,38.8,39.7,40.7,42.8,47.9,60.0,9.9,4.3
1173,23.756,0.000,1040.8,153.7,8.3,3,13917,0.214,0.000,-0.234,-0.467,0.084,38.5,-10.5,0,1.55,-0.920,38.5,157.5,0.214,12.6,22.0,26.8,31.0,33.8,35.3,36.1,36.8,37.4,37.9,38.5,39.2,40.1,41.1,43.4,48.8,62.0,9.6,4.3
1174,23.778,0.000,1041.8,153.3,9.1,3,13963,0.264,0.000,-0.218,-0.472,0.087,38.8,-8.8,0,1.67,-0.920,38.8,159.7,0.264,12.7,22.1,26.9,31.1,33.9,35.4,36.3,37.0,37.6,38.2,38.8,39.5,40.4,41.6,44.0,49.7,64.2,9.4,4.2
1175,23.800,0.000,1042.8,153.0,9.7,3,14025,0.314,0.000,-0.207,-0.476,0.090,39.1,-7.2,0,1.79,-0.920,39.1,161.5,0.314,12.7,22.2,27.0,31.2,34.0,35.5,36.4,37.2,37.8,38.5,39.1,39.8,40.8,42.0,44.6,50.7,66.5,9.2,4.2
1176,23.822,0.000,1043.7,152.8,10.0,3,14102,0.364,0.000,-0.205,-0.480,0.091,39.3,-5.8,0,1.92,-0.920,39.3,163.0,0.364,12.8,22.3,27.1,31.2,34.0,35.6,36.5,37.3,38.0,38.6,39.3,40.0,41.1,42.4,45.0,51.6,68.7,9.1,4.1
1177,23.844,0.000,1044.7,152.7,10.1,3,14192,0.414,0.000,-0.211,-0.483,0.090,39.4,-4.3,0,2.05,-0.916,39.4,164.2,0.414,12.8,22.2,27.0,31.1,33.9,35.5,36.5,37.4,38.0,38.7,39.4,40.2,41.3,42.6,45.4,52.3,70.8,9.1,4.1
1178,23.866,0.000,1045.7,152.7,9.9,3,14292,0.464,0.000,-0.220,-0.487,0.086,39.4,-2.8,0,2.17,-0.898,39.4,165.1,0.464,12.8,22.1,26.8,30.8,33.7,35.4,36.4,37.3,37.9,38.7,39.4,40.2,41.3,42.7,45.6,52.8,72.5,9.1,4.1
1179,23.888,0.000,1046.7,152.7,9.4,3,14404,0.514,0.000,-0.234,-0.490,0.081,39.3,-1.4,0,2.29,-0.874,39.3,166.9,0.514,12.7,22.0,26.6,30.5,33.4,35.2,36.2,37.1,37.8,38.5,39.3,40.0,41.2,42.6,45.6,53.2,74.0,9.2,4.1
1180,23.910,0.000,1047.7,152.8,8.9,3,14523,0.564,0.000,-0.245,-0.493,0.075,39.0,-0.0,0,2.41,-0.833,39.0,168.7,0.564,12.7,21.8,26.3,30.2,33.1,34.9,35.9,36.8,37.5,38.3,39.0,39.8,41.0,42.5,45.6,53.4,75.3,9.4,4.1
1181,23.932,0.000,1048.6,153.1,8.2,3,14649,0.614,0.000,-0.254,-0.495,0.068,38.8,1.1,0,2.52,-0.781,38.8,170.2,0.614,12.6,21.5,25.9,29.8,32.8,34.5,35.5,36.5,37.2,38.0,38.8,39.6,40.8,42.3,45.4,53.5,76.5,9.6,4.1
1182,23.954,0.000,1049.6,153.3,7.5,3,14781,0.664,0.000,-0.265,-0.498,0.061,38.5,2.2,0,2.65,-0.725,38.5,171.4,0.664,12.6,21.2,25.5,29.4,32.4,34.2,35.2,36.2,36.9,37.7,38.5,39.3,40.5,42.1,45.3,53.5,77.6,9.9,4.1
1183,23.976,0.000,1050.6,153.7,6.9,3,14919,0.714,0.000,-0.276,-0.499,0.054,38.2,3.3,0,2.78,-0.669,38.2,172.7,0.714,12.5,21.0,25.2,29.0,32.0,33.8,34.9,35.9,36.6,37.4,38.2,39.0,40.3,41.8,45.1,53.6,78.9,10.2,4.1
1184,23.998,0.000,1051.6,154.1,6.4,3,15064,0.764,0.000,-0.286,-0.500,0.047,38.0,4.6,0,2.93,-0.614,38.0,174.2,0.764,12.4,20.7,24.8,28.7,31.7,33.5,34.6,35.6,36.4,37.2,38.0,38.8,40.1,41.7,45.1,53.9,80.7,10.6,4.2
1185,24.020,0.000,1052.6,154.6,6.1,3,15216,0.814,0.000,-0.293,-0.501,0.041,37.9,6.0,0,3.11,-0.557,37.9,176.4,0.814,12.4,20.5,24.5,28.4,31.5,33.3,34.4,35.4,36.2,37.0,37.9,38.8,40.1,41.7,45.2,54.4,83.0,11.0,4.2
1186,24.042,0.000,1053.6,155.1,5.9,3,15376,0.864,0.000,-0.295,-0.500,0.035,37.9,7.6,0,3.33,-0.492,37.9,179.7,0.864,12.3,20.3,24.2,28.1,31.3,33.2,34.3,35.4,36.2,37.0,37.9,38.8,40.2,41.9,45.5,55.2,86.3,11.5,4.2
1187,24.064,0.000,1054.6,155.7,6.0,3,15545,0.914,0.000,-0.284,-0.499,0.030,38.0,9.5,0,3.61,-0.406,38.0,184.8,0.914,12.2,20.1,24.0,28.0,31.2,33.2,34.3,35.4,36.2,37.1,38.0,39.0,40.4,42.2,46.0,56.3,90.7,12.0,4.2
1188,24.086,0.000,1055.6,156.3,6.2,3,15726,0.964,0.000,-0.272,-0.498,0.025,38.3,11.7,0,3.94,-0.325,38.3,176.9,0.964,12.2,19.9,23.8,27.9,31.2,33.2,34.4,35.6,36.4,37.3,38.3,39.3,40.8,42.7,46.7,57.8,96.7,12.7,4.3
1189,24.108,0.000,1056.6,157.0,6.5,3,15921,1.000,0.000,-0.298,-0.495,0.022,38.7,14.3,0,4.36,-0.323,38.7,181.5,1.000,12.1,19.7,23.6,27.8,31.3,33.4,34.7,35.9,36.8,37.7,38.7,39.8,41.4,43.4,47.8,59.9,105.0,13.6,4.3
1190,24.130,0.000,1057.6,157.8,7.1,3,16123,1.000,0.000,-0.300,-0.491,0.019,39.4,17.3,0,4.91,-0.274,39.4,187.4,1.000,12.0,19.5,23.5,27.9,31.5,33.8,35.1,36.4,37.3,38.3,39.4,40.6,42.3,44.4,49.2,62.7,116.8,15.0,4.4
1191,24.152,0.000,1058.6,158.5,7.8,3,16308,1.000,0.000,-0.264,-0.486,0.017,40.3,19.4,0,5.63,-0.145,40.3,195.0,1.000,12.0,19.4,23.5,28.1,31.9,34.3,35.7,37.0,38.1,39.2,40.3,41.6,43.4,45.8,51.1,66.4,134.4,17.3,4.4
1192,24.174,0.000,1059.7,159.3,8.6,3,16476,1.000,0.000,-0.229,-0.480,0.015,41.5,20.7,0,6.26,-0.035,41.5,204.5,1.000,11.9,19.3,23.6,28.3,32.4,34.9,36.5,37.9,39.0,40.2,41.5,42.9,44.9,47.6,53.5,71.2,153.7,18.0,4.5
1193,24.196,0.000,1060.7,160.0,9.5,3,16626,1.000,0.000,-0.234,-0.473,0.014,42.9,21.9,0,6.63,-0.027,42.9,216.2,1.000,11.8,19.2,23.6,28.7,33.0,35.7,37.4,39.0,40.2,41.5,42.9,44.5,46.8,49.7,56.4,77.5,168.5,18.2,4.6
1194,24.218,0.000,1061.7,160.7,10.4,3,16762,1.000,0.000,-0.235,-0.465,0.013,44.7,23.3,0,6.86,-0.020,44.7,230.6,1.000,11.7,19.1,23.8,29.1,33.7,36.7,38.5,40.3,41.7,43.1,44.7,46.4,49.0,52.4,60.1,85.8,181.4,18.1,4.6
1195,24.240,0.000,1062.8,161.4,11.4,3,16885,1.000,0.000,-0.237,-0.456,0.011,46.8,24.8,0,6.99,-0.014,46.8,249.0,1.000,11.6,19.1,24.0,29.6,34.6,37.9,39.9,41.9,43.4,45.0,46.8,48.7,51.7,55.6,64.8,97.1,193.2,18.0,4.7
1196,24.262,0.000,1063.8,162.1,12.3,3,16998,1.000,0.000,-0.235,-0.445,0.009,49.4,26.3,0,6.94,-0.009,49.4,203.7,1.000,11.5,19.1,24.2,30.2,35.7,39.3,41.6,43.8,45.5,47.4,49.4,51.6,55.1,59.7,70.8,113.3,200.0,17.8,4.8
1197,24.284,0.000,1064.8,162.8,13.2,3,17100,1.000,0.000,-0.228,-0.433,0.007,52.5,27.7,0,6.70,-0.005,52.5,218.1,1.000,11.4,19.1,24.5,30.9,37.0,41.0,43.5,46.0,48.0,50.2,52.5,55.1,59.2,64.8,78.6,136.9,200.0,17.5,5.0
1198,24.306,0.000,1065.9,163.5,14.1,3,17195,1.000,0.000,-0.127,-0.420,0.005,56.4,29.0,0,3.72,-0.002,56.4,236.1,1.000,11.3,19.2,24.8,31.8,38.4,43.0,45.9,48.8,51.1,53.6,56.4,59.5,64.5,71.3,89.1,155.8,77.0,17.3,5.1
1199,24.328,0.000,1066.9,164.2,15.0,3,17286,1.000,0.000,-0.093,-0.406,0.002,61.2,29.4,0,3.43,0.011,61.2,259.1,1.000,11.2,19.2,25.2,32.8,40.2,45.3,48.7,52.1,54.8,57.8,61.2,65.0,71.2,79.9,103.8,170.1,56.6,17.1,5.2
1200,24.350,0.000,1068.0,164.8,15.8,3,17370,1.000,0.000,0.007,-0.390,-0.002,67.0,29.8,0,3.31,0.193,68.2,357.9,1.000,11.0,19.3,25.7,33.9,42.1,48.0,51.9,55.9,59.2,62.8,67.0,71.7,79.6,91.0,124.6,182.2,46.5,16.9,5.4
1201,24.372,0.000,1069.0,165.5,16.4,3,17440,1.000,0.000,0.131,-0.373,-0.008,73.7,29.4,0,3.22,0.447,79.0,368.7,1.000,10.8,19.4,26.1,35.0,44.2,51.0,55.5,60.3,64.2,68.6,73.7,79.7,89.9,105.2,144.9,192.2,40.8,16.8,5.6
1202,24.394,0.000,1070.1,166.3,16.9,3,17496,1.000,0.000,0.119,-0.354,-0.016,80.4,28.3,0,3.13,0.470,95.5,376.3,1.000,10.7,19.4,26.3,35.8,45.9,53.6,58.8,64.3,68.9,74.2,80.4,87.7,100.6,120.9,156.2,199.5,37.9,16.9,5.9
1203,24.416,0.000,1071.2,167.2,16.7,3,17534,1.000,0.000,0.069,-0.333,-0.029,85.3,27.5,0,3.03,0.470,123.3,376.8,1.000,10.5,19.3,26.3,36.2,47.0,55.2,60.9,67.0,72.2,78.2,85.3,93.9,109.2,132.8,162.4,200.0,36.9,17.2,6.2
1204,24.438,0.000,1072.2,168.2,15.9,3,17550,1.000,0.000,-0.001,-0.310,-0.045,88.9,26.5,0,2.96,0.470,149.6,376.8,1.000,10.3,19.0,26.2,36.3,47.4,56.1,62.2,68.8,74.4,81.0,88.9,98.5,116.1,138.9,166.0,200.0,36.7,17.6,6.4
1205,24.460,0.000,1073.3,169.2,14.9,3,17539,1.000,0.000,-0.081,-0.285,-0.062,91.8,25.0,0,2.92,0.470,91.8,376.8,1.000,10.0,18.8,26.0,36.2,47.7,56.8,63.2,70.1,76.1,83.2,91.8,102.4,122.1,142.7,168.4,200.0,36.8,18.1,6.7
1206,24.482,0.000,1074.4,170.2,13.8,3,17527,1.000,0.000,-0.167,-0.258,-0.080,94.9,23.7,0,2.87,0.470,94.9,376.8,1.000,9.8,18.5,25.7,36.1,47.9,57.3,64.1,71.5,77.9,85.5,94.9,106.5,127.8,145.9,170.5,200.0,36.9,18.5,6.9
1207,24.504,0.000,1075.4,171.1,12.7,3,17521,1.000,0.000,-0.160,-0.230,-0.083,98.8,22.7,0,2.04,0.470,98.8,347.6,1.000,9.7,18.3,25.6,36.1,48.3,58.2,65.4,73.2,80.1,88.5,98.8,111.8,132.8,149.2,172.8,119.4,36.8,18.8,7.2
1208,24.526,0.000,1076.4,172.0,11.7,3,17523,1.000,0.000,-0.135,-0.203,-0.078,104.4,21.4,0,1.90,0.470,104.4,350.7,1.000,9.5,18.1,25.5,36.3,49.0,59.5,67.2,75.8,83.4,92.7,104.4,119.5,137.9,152.9,175.6,108.1,36.4,19.0,7.4
1209,24.548,0.000,1077.5,172.9,10.9,3,17523,1.000,0.000,-0.108,-0.179,-0.072,112.2,19.5,0,1.77,0.470,112.2,354.1,1.000,9.4,18.0,25.5,36.7,50.1,61.4,69.8,79.3,87.9,98.6,112.2,127.8,143.1,156.9,178.7,97.9,35.9,19.2,7.5
1210,24.570,0.000,1078.5,173.8,10.2,3,17532,1.000,0.000,-0.079,-0.156,-0.065,122.3,17.6,0,1.64,0.470,122.3,357.8,1.000,9.2,17.9,25.6,37.2,51.5,63.8,73.2,84.0,93.9,106.4,122.3,134.8,148.1,161.1,182.1,89.0,35.2,19.2,7.7
1211,24.592,0.000,1079.6,174.7,9.6,3,17544,1.000,0.000,-0.049,-0.135,-0.059,130.4,15.9,0,1.52,0.470,130.4,361.4,1.000,9.1,17.9,25.7,37.9,53.2,66.8,77.3,89.7,101.3,116.4,130.4,140.8,152.9,165.1,185.4,81.6,34.5,19.2,7.8
1212,24.614,0.000,1080.7,175.7,9.0,3,17559,1.000,0.000,-0.022,-0.116,-0.052,136.6,14.2,0,1.42,0.470,181.7,364.8,1.000,9.0,17.9,25.9,38.6,55.1,70.1,82.0,96.4,110.2,125.6,136.6,145.8,157.2,168.8,188.5,75.8,33.9,19.2,7.9
1213,24.636,0.000,1081.7,176.6,8.3,3,17572,1.000,0.000,0.002,-0.098,-0.046,141.2,12.5,0,1.34,0.470,180.2,367.4,1.000,8.9,17.8,26.0,39.3,56.8,73.3,86.7,103.3,119.1,131.4,141.2,149.7,160.5,171.8,191.0,71.5,33.3,19.2,8.0
1214,24.658,0.000,1082.8,177.6,7.6,3,17578,1.000,0.000,0.018,-0.082,-0.042,143.9,10.8,0,1.28,0.470,178.7,368.9,1.000,8.8,17.8,26.1,39.7,58.1,75.8,90.5,109.0,124.0,134.9,143.9,152.1,162.5,173.5,192.4,68.9,33.1,19.3,8.1
1215,24.680,0.000,1083.9,178.6,6.7,3,17578,1.000,0.000,0.024,-0.067,-0.040,144.7,8.8,0,1.26,0.470,177.3,368.9,1.000,8.7,17.6,25.9,39.7,58.5,76.8,92.1,111.7,125.7,135.9,144.7,152.6,162.9,173.7,192.5,68.1,33.2,19.5,8.3
1216,24.702,0.000,1085.0,179.6,5.6,3,17571,1.000,0.000,0.018,-0.054,-0.040,143.4,6.7,0,1.28,0.470,175.8,367.5,1.000,8.6,17.4,25.6,39.2,57.8,75.9,91.2,110.6,124.5,134.7,143.4,151.4,161.6,172.4,191.1,68.9,33.6,19.7,8.4
1217,24.724,0.000,1086.1,180.6,4.3,3,17576,1.000,0.000,0.006,-0.041,-0.041,140.8,5.0,0,1.32,0.470,174.4,364.9,1.000,8.5,17.2,25.2,38.5,56.5,73.9,88.5,106.9,121.4,131.9,140.8,148.8,159.1,170.0,188.7,71.0,34.3,20.1,8.5
1218,24.746,0.000,1087.2,181.6,3.2,3,17596,1.000,0.000,-0.009,-0.030,-0.043,137.9,4.0,0,1.36,0.470,172.9,362.1,1.000,8.4,16.9,24.8,37.6,55.0,71.6,85.4,102.7,117.8,128.8,137.9,146.0,156.4,167.3,186.1,73.3,35.1,20.4,8.6
1219,24.768,0.000,1088.3,182.5,2.3,3,17634,1.000,0.000,-0.021,-0.019,-0.044,135.5,3.4,0,1.40,0.470,171.5,359.7,1.000,8.3,16.7,24.4,37.0,53.9,70.0,83.3,99.8,115.0,126.3,135.5,143.7,154.1,165.0,183.9,75.2,35.7,20.7,8.7
1220,24.790,0.000,1089.4,183.5,1.6,3,17679,1.000,0.000,-0.025,-0.009,-0.044,134.3,3.2,0,1.41,0.470,170.0,358.3,1.000,8.2,16.5,24.2,36.7,53.4,69.4,82.6,99.0,114.0,125.2,134.3,142.4,152.8,163.7,182.5,75.9,36.0,20.9,8.8
1221,24.812,0.000,1090.5,184.4,1.3,3,17730,1.000,0.000,-0.024,0.001,-0.042,134.2,3.0,0,1.40,0.470,168.7,357.6,1.000,8.1,16.4,24.1,36.6,53.5,69.7,83.2,100.1,114.7,125.3,134.2,142.2,152.5,163.3,181.9,75.4,36.1,21.1,8.9
1222,24.834,0.000,1091.7,185.3,1.2,3,17772,1.000,0.000,-0.018,0.010,-0.041,134.8,2.7,0,1.38,0.470,167.3,357.4,1.000,8.1,16.3,24.0,36.7,53.9,70.7,84.7,102.5,116.1,126.2,134.8,142.6,152.7,163.3,181.7,74.3,36.0,21.1,8.9
1223,24.856,0.000,1092.8,186.3,1.1,3,17824,1.000,0.000,-0.012,0.018,-0.039,135.4,2.4,0,1.35,0.470,165.9,357.3,1.000,8.0,16.3,24.0,36.8,54.4,71.7,86.4,105.1,117.5,127.0,135.4,143.0,152.9,163.4,181.6,73.2,35.9,21.2,9.0
1224,24.878,0.000,1094.0,187.2,1.1,3,17877,1.000,0.000,-0.008,0.027,-0.037,135.6,2.3,0,1.33,0.470,164.6,356.9,1.000,8.0,16.2,23.9,36.9,54.8,72.6,87.8,106.9,118.3,127.5,135.6,143.1,152.8,163.2,181.3,72.3,35.9,21.2,9.1
1225,24.900,0.000,1095.1,188.1,1.0,3,17953,1.000,0.000,-0.005,0.035,-0.036,135.5,2.2,0,1.32,0.470,163.2,356.2,1.000,7.9,16.1,23.9,36.9,55.0,73.1,88.7,107.9,118.6,127.5,135.5,142.8,152.4,162.7,180.6,71.8,35.9,21.3,9.1
1226,24.922,0.000,1096.2,189.0,0.9,3,18035,1.000,0.000,-0.005,0.042,-0.035,135.0,2.0,0,1.31,0.470,161.8,355.3,1.000,7.9,16.0,23.8,36.8,55.1,73.4,89.2,108.1,118.5,127.2,135.0,142.3,151.7,161.9,179.8,71.6,36.0,21.4,9.2
1227,24.944,0.000,1097.4,190.0,0.7,3,18116,1.000,0.000,-0.006,0.050,-0.034,134.3,1.9,0,1.31,0.470,160.4,354.1,1.000,7.8,15.9,23.6,36.6,55.0,73.4,89.5,108.0,118.1,126.6,134.3,141.5,150.9,161.0,178.7,71.6,36.1,21.5,9.2
1228,24.966,0.000,1098.6,190.9,0.6,3,18190,1.000,0.000,-0.007,0.057,-0.034,133.5,1.7,0,1.31,0.470,159.0,352.9,1.000,7.7,15.8,23.5,36.5,54.8,73.4,89.6,107.8,117.5,125.9,133.5,140.6,150.0,160.0,177.6,71.6,36.2,21.6,9.3
1229,24.988,0.000,1099.7,191.8,0.5,3,18268,1.000,0.000,-0.008,0.064,-0.033,132.8,1.5,0,1.30,0.470,157.6,351.7,1.000,7.7,15.8,23.4,36.4,54.7,73.4,89.8,107.5,117.0,125.3,132.8,139.8,149.0,159.0,176.5,71.6,36.4,21.7,9.3
1230,25.010,0.000,1100.9,192.7,0.5,3,18349,1.000,0.000,-0.008,0.071,-0.032,132.1,1.4,0,1.30,0.470,156.2,350.6,1.000,7.6,15.7,23.3,36.2,54.7,73.5,90.1,107.4,116.6,124.7,132.1,139.0,148.2,158.1,175.5,71.6,36.5,21.8,9.4
1231,25.032,0.000,1102.1,193.6,0.4,3,18432,1.000,0.000,-0.008,0.078,-0.031,131.4,1.3,0,1.30,0.470,154.8,349.5,1.000,7.6,15.6,23.2,36.2,54.7,73.7,90.6,107.2,116.2,124.2,131.4,138.3,147.4,157.2,174.5,71.4,36.5,21.9,9.4
1232,25.054,0.000,1103.3,194.5,0.4,3,18514,1.000,0.000,-0.008,0.084,-0.031,130.8,1.2,0,1.29,0.470,153.4,348.4,1.000,7.5,15.5,23.1,36.1,54.8,74.0,91.1,107.2,115.9,123.7,130.8,137.6,146.6,156.3,173.5,71.2,36.6,21.9,9.5
1233,25.076,0.000,1104.5,195.4,0.4,3,18596,1.000,0.000,-0.007,0.091,-0.030,130.3,1.1,0,1.28,0.470,152.0,347.3,1.000,7.5,15.4,23.0,36.0,54.9,74.4,91.8,107.1,115.6,123.2,130.3,136.9,145.8,155.5,172.6,70.9,36.6,22.0,9.5
1234,25.098,0.000,1105.7,196.4,0.4,3,18673,1.000,0.000,-0.007,0.097,-0.029,129.6,0.9,0,1.27,0.470,150.5,346.2,1.000,7.4,15.4,22.9,36.0,54.9,74.7,92.4,106.9,115.2,122.7,129.6,136.2,145.0,154.6,171.6,70.7,36.7,22.1,9.6
1235,25.120,0.000,1106.9,197.3,0.4,3,18750,1.000,0.000,-0.006,0.103,-0.028,129.0,0.8,0,1.27,0.470,149.1,345.1,1.000,7.4,15.3,22.9,35.9,55.0,75.0,92.9,106.7,114.7,122.1,129.0,135.5,144.2,153.7,170.6,70.5,36.7,22.1,9.6
1236,25.142,0.000,1108.1,198.2,0.4,3,18830,1.000,0.000,-0.006,0.109,-0.027,128.3,0.7,0,1.26,0.470,147.7,343.9,1.000,7.4,15.2,22.8,35.9,55.1,75.3,93.1,106.4,114.2,121.5,128.3,134.7,143.3,152.8,169.5,70.3,36.8,22.2,9.7
1237,25.164,0.000,1109.3,199.1,0.4,3,18908,1.000,0.000,-0.006,0.115,-0.027,127.5,0.5,0,1.26,0.470,146.3,342.6,1.000,7.3,15.1,22.7,35.8,55.1,75.5,93.2,106.0,113.7,120.8,127.5,133.9,142.4,151.8,168.4,70.2,36.8,22.3,9.7
1238,25.186,0.000,1110.5,199.9,0.4,3,18982,1.000,0.000,-0.006,0.121,-0.026,126.7,0.3,0,1.26,0.470,144.9,341.4,1.000,7.3,15.1,22.6,35.7,55.1,75.8,93.2,105.5,113.1,120.1,126.7,133.0,141.5,150.7,167.3,70.1,36.9,22.4,9.8
1239,25.208,0.000,1111.7,200.8,0.4,3,19055,1.000,0.000,-0.006,0.126,-0.025,125.9,0.1,0,1.25,0.470,143.4,340.1,1.000,7.2,15.0,22.5,35.6,55.1,76.0,93.1,105.0,112.5,119.3,125.9,132.1,140.5,149.7,166.2,69.9,36.9,22.4,9.8
1240,25.230,0.000,1113.0,201.7,0.3,3,19124,1.000,0.000,-0.006,0.132,-0.025,125.0,-0.2,0,1.25,0.470,142.0,338.7,1.000,7.2,14.9,22.4,35.6,55.2,76.2,93.0,104.6,111.8,118.6,125.0,131.2,139.5,148.7,165.0,69.8,37.0,22.5,9.9
1241,25.252,0.000,1114.2,202.6,0.3,3,19194,1.000,0.000,-0.006,0.137,-0.024,124.2,-0.4,0,1.25,0.470,140.6,337.4,1.000,7.2,14.9,22.4,35.5,55.2,76.5,92.8,104.0,111.2,117.8,124.2,130.3,138.5,147.6,163.8,69.7,37.0,22.5,9.9
1242,25.274,0.000,1115.4,203.4,0.3,3,19264,1.000,0.000,-0.006,0.143,-0.023,123.3,-0.6,0,1.24,0.470,139.1,336.1,1.000,7.1,14.8,22.3,35.5,55.3,76.8,92.6,103.5,110.5,117.1,123.3,129.4,137.5,146.5,162.7,69.5,37.1,22.6,9.9
1243,25.296,0.000,1116.7,204.2,0.3,3,19335,1.000,0.000,-0.006,0.148,-0.023,122.5,-0.8,0,1.24,0.470,137.7,334.7,1.000,7.1,14.7,22.2,35.4,55.3,77.1,92.3,103.0,109.8,116.3,122.5,128.5,136.5,145.5,161.5,69.4,37.1,22.7,10.0
1244,25.318,0.000,1117.9,205.1,0.3,3,19404,1.000,0.000,-0.005,0.153,-0.022,121.6,-1.0,0,1.23,0.470,136.3,333.3,1.000,7.0,14.7,22.2,35.4,55.4,77.4,92.1,102.4,109.1,115.5,121.6,127.5,135.5,144.4,160.3,69.2,37.1,22.7,10.0
1245,25.340,0.000,1119.2,205.9,0.3,3,19472,1.000,0.000,-0.005,0.158,-0.021,120.7,-1.2,0,1.23,0.470,134.8,331.9,1.000,7.0,14.6,22.1,35.3,55.4,77.7,91.7,101.8,108.4,114.7,120.7,126.6,134.5,143.3,159.1,69.1,37.2,22.8,10.0
1246,25.362,0.000,1120.5,206.7,0.3,3,19539,1.000,0.000,-0.005,0.162,-0.021,119.8,-1.5,0,1.23,0.470,133.4,330.4,1.000,7.0,14.6,22.0,35.2,55.5,77.9,91.3,101.1,107.6,113.8,119.8,125.6,133.4,142.1,157.8,69.0,37.2,22.8,10.1
1247,25.384,0.000,1121.7,207.4,0.3,4,19355,1.000,0.000,-0.005,0.167,-0.020,118.8,-4.5,0,1.23,0.470,131.9,328.9,1.000,6.9,14.5,21.9,35.2,55.5,77.9,90.8,100.4,106.8,112.9,118.8,124.5,132.3,140.9,156.6,68.9,37.3,22.9,10.1
1248,25.406,0.000,1123.0,208.0,0.3,4,19202,1.000,0.000,-0.006,0.172,-0.020,117.8,-4.5,0,1.23,0.470,130.5,327.4,1.000,6.9,14.4,21.9,35.1,55.5,77.9,90.3,99.7,106.0,112.0,117.8,123.5,131.2,139.7,155.3,68.8,37.3,22.9,10.1
1249,25.428,0.000,1124.3,208.6,0.3,4,19078,1.000,0.000,-0.006,0.176,-0.019,116.8,-4.4,0,1.23,0.470,129.0,325.8,1.000,6.9,14.4,21.8,35.1,55.6,77.8,89.8,99.0,105.1,111.1,116.8,122.4,130.1,138.6,154.0,68.7,37.3,23.0,10.2
1250,25.450,0.000,1125.5,209.3,0.3,4,18400,1.000,0.000,-0.005,0.180,-0.019,115.9,-4.1,0,1.22,0.470,127.6,324.3,1.000,6.8,14.3,21.7,35.0,55.7,77.8,89.3,98.3,104.4,110.2,115.9,121.4,129.0,137.4,152.7,68.5,37.3,23.0,10.2
1251,25.472,0.000,1126.8,209.9,0.3,4,17925,1.000,0.000,-0.005,0.184,-0.018,114.9,-4.1,0,1.22,0.470,126.1,322.8,1.000,6.8,14.3,21.7,35.0,55.8,77.7,88.8,97.6,103.6,109.3,114.9,120.4,127.9,136.2,151.4,68.4,37.4,23.0,10.2
1252,25.494,0.000,1128.1,210.5,0.3,4,17597,1.000,0.000,-0.004,0.189,-0.017,113.9,-4.2,0,1.22,0.470,124.7,321.2,1.000,6.8,14.2,21.6,35.0,55.8,77.5,88.2,96.9,102.7,108.4,113.9,119.3,126.8,135.0,150.2,68.2,37.4,23.1,10.3
1253,25.516,0.000,1129.4,211.2,0.3,4,17375,1.000,0.000,-0.004,0.193,-0.017,112.9,-4.3,0,1.22,0.470,123.2,319.6,1.000,6.7,14.2,21.6,34.9,55.9,77.2,87.6,96.1,101.8,107.4,112.9,118.2,125.6,133.8,148.8,68.1,37.4,23.1,10.3
1254,25.538,0.000,1130.7,211.8,0.3,4,17233,1.000,0.000,-0.004,0.196,-0.016,111.8,-4.4,0,1.22,0.470,121.7,317.9,1.000,6.7,14.1,21.5,34.9,55.9,76.8,87.0,95.2,100.9,106.4,111.8,117.1,124.4,132.5,147.4,68.1,37.4,23.2,10.3
1255,25.560,0.000,1132.0,212.5,0.2,4,17144,1.000,0.000,-0.005,0.200,-0.016,110.7,-4.5,0,1.23,0.470,120.3,316.2,1.000,6.7,14.1,21.5,34.8,56.0,76.4,86.3,94.4,99.9,105.4,110.7,115.9,123.2,131.2,146.0,68.1,37.5,23.2,10.4
1256,25.582,0.000,1133.3,213.1,0.2,4,17092,1.000,0.000,-0.005,0.204,-0.016,109.6,-4.6,0,1.23,0.470,118.8,314.5,1.000,6.7,14.0,21.4,34.8,56.0,75.9,85.6,93.5,99.0,104.4,109.6,114.8,121.9,129.9,144.6,68.2,37.5,23.2,10.4
1257,25.604,0.000,1134.6,213.7,0.2,4,17066,1.000,0.000,-0.004,0.207,-0.015,108.5,-4.6,0,1.23,0.470,117.3,312.8,1.000,6.6,14.0,21.4,34.8,56.1,75.5,84.9,92.7,98.1,103.4,108.5,113.7,120.7,128.7,143.3,68.4,37.5,23.3,10.4
1258,25.626,0.000,1135.9,214.3,0.2,4,17056,1.000,0.000,-0.004,0.211,-0.015,107.5,-4.6,0,1.23,0.470,115.9,311.1,1.000,6.6,14.0,21.3,34.7,56.2,75.1,84.2,91.8,97.1,102.3,107.5,112.5,119.5,127.4,141.9,68.6,37.5,23.3,10.4
1259,25.648,0.000,1137.2,215.0,0.2,4,17059,1.000,0.000,-0.004,0.214,-0.014,106.3,-4.7,0,1.24,0.470,114.4,309.3,1.000,6.6,13.9,21.3,34.7,56.2,74.5,83.4,90.9,96.1,101.3,106.3,111.4,118.3,126.1,140.5,69.0,37.5,23.3,10.5
1260,25.670,0.000,1138.5,215.6,0.2,4,17070,1.000,0.000,-0.004,0.218,-0.014,105.2,-4.8,0,1.24,0.470,112.9,307.5,1.000,6.6,13.9,21.2,34.7,56.3,74.0,82.7,90.0,95.2,100.2,105.2,110.2,117.0,124.8,139.0,69.6,37.6,23.4,10.5
1261,25.692,0.000,1139.8,216.2,0.2,4,17087,1.000,0.000,-0.004,0.221,-0.013,104.1,-4.8,0,1.25,0.470,111.5,305.7,1.000,6.5,13.8,21.2,34.6,56.4,73.4,81.9,89.1,94.2,99.1,104.1,109.0,115.8,123.4,137.6,70.4,37.6,23.4,10.5
1262,25.714,0.000,1141.2,216.8,0.2,4,17106,1.000,0.000,-0.005,0.224,-0.013,102.9,-4.9,0,1.26,0.470,110.0,303.8,1.000,6.5,13.8,21.1,34.6,56.4,72.8,81.1,88.2,93.1,98.1,102.9,107.8,114.5,122.1,136.1,71.6,37.6,23.4,10.5
1263,25.736,0.000,1142.5,217.5,0.2,4,17128,1.000,0.000,-0.005,0.227,-0.012,101.8,-4.9,0,1.28,0.470,108.5,301.9,1.000,6.5,13.8,21.1,34.6,56.5,72.3,80.3,87.3,92.1,97.0,101.8,106.6,113.2,120.7,134.7,73.3,37.6,23.5,10.5
1264,25.758,0.000,1143.8,218.1,0.2,4,17152,1.000,0.000,-0.005,0.230,-0.012,100.7,-5.0,0,1.30,0.470,107.1,300.0,1.000,6.5,13.7,21.1,34.6,56.5,71.7,79.6,86.4,91.2,95.9,100.7,105.4,112.0,119.4,133.3,76.4,37.6,23.5,10.6
1265,25.780,0.000,1145.2,218.7,0.2,4,17177,1.000,0.000,-0.034,0.232,-0.011,99.6,-5.1,0,2.16,0.470,105.6,333.5,1.000,6.4,13.7,21.0,34.6,56.4,71.1,78.8,85.5,90.2,94.9,99.6,104.2,110.7,118.1,131.9,160.5,37.6,23.5,10.6
1266,25.802,0.000,1146.5,219.3,0.2,4,17202,1.000,0.000,-0.026,0.235,-0.009,99.1,-5.1,0,2.15,0.470,104.1,332.4,1.000,6.4,13.7,21.1,35.0,57.0,71.2,78.7,85.2,89.9,94.5,99.1,103.7,110.1,117.4,131.1,159.7,37.3,23.4,10.6
1267,25.824,0.000,1147.8,219.9,0.5,4,17227,1.000,0.000,-0.014,0.237,-0.007,99.1,-5.2,0,2.12,0.470,102.6,332.0,1.000,6.4,13.8,21.3,35.6,58.0,71.7,79.1,85.5,90.0,94.6,99.1,103.7,110.0,117.3,130.8,159.4,36.9,23.3,10.6
1268,25.846,0.000,1149.2,220.5,0.7,4,17254,1.000,0.000,-0.003,0.239,-0.004,98.9,-5.0,0,2.11,0.470,101.2,331.1,1.000,6.4,13.8,21.5,36.2,58.6,72.0,79.2,85.5,90.0,94.5,98.9,103.4,109.7,116.9,130.3,159.0,36.5,23.1,10.6
1269,25.868,0.000,1150.5,221.1,0.8,4,17280,1.000,0.000,0.003,0.241,-0.003,98.2,-5.1,0,2.10,0.470,99.7,329.6,1.000,6.4,13.9,21.6,36.5,58.8,71.8,78.8,84.9,89.4,93.8,98.2,102.7,108.9,116.0,129.2,157.8,36.3,23.1,10.6
1270,25.890,0.000,1151.9,221.7,0.7,4,17304,1.000,0.000,0.004,0.242,-0.003,96.9,-5.3,0,2.10,0.470,98.3,327.5,1.000,6.4,13.9,21.6,36.5,58.3,70.9,77.8,83.9,88.2,92.6,96.9,101.3,107.5,114.5,127.7,156.0,36.3,23.1,10.6
1271,25.912,0.000,1153.2,222.3,0.5,4,17328,1.000,0.000,0.002,0.243,-0.003,95.4,-5.4,0,2.10,0.470,96.8,324.8,1.000,6.4,13.8,21.5,36.4,57.5,69.8,76.5,82.5,86.8,91.1,95.4,99.7,105.8,112.7,125.8,153.8,36.4,23.1,10.6
1272,25.934,0.000,1154.6,223.0,0.3,4,17351,1.000,0.000,-0.002,0.244,-0.003,93.7,-5.5,0,2.11,0.470,95.4,321.9,1.000,6.4,13.8,21.5,36.2,56.7,68.6,75.2,81.0,85.2,89.4,93.7,97.9,103.9,110.8,123.8,151.4,36.5,23.2,10.6
1273,25.956,0.000,1156.0,223.5,0.1,4,17376,1.000,0.000,-0.004,0.245,-0.004,92.1,-5.4,0,2.12,0.470,93.9,319.1,1.000,6.4,13.8,21.4,36.1,55.9,67.5,73.9,79.6,83.8,87.9,92.1,96.3,102.2,109.0,121.9,149.2,36.6,23.2,10.6
1274,25.978,0.000,1157.3,224.1,0.1,4,17404,1.000,0.000,-0.005,0.246,-0.004,90.7,-5.5,0,2.12,0.470,92.4,316.4,1.000,6.4,13.7,21.4,36.0,55.3,66.6,72.8,78.4,82.5,86.6,90.7,94.8,100.7,107.4,120.1,147.2,36.6,23.2,10.6
1275,26.000,0.000,1158.7,224.7,0.1,4,17428,1.000,0.000,-0.003,0.247,-0.003,89.4,-5.6,0,2.12,0.470,91.0,314.2,1.000,6.4,13.7,21.4,36.1,54.8,65.7,71.9,77.3,81.3,85.3,89.4,93.5,99.3,105.9,118.6,145.3,36.6,23.2,10.6
1276,26.022,0.000,1160.1,225.3,0.1,4,17451,1.000,0.000,-0.002,0.248,-0.003,88.2,-5.7,0,2.12,0.470,89.5,312.2,1.000,6.4,13.7,21.4,36.2,54.3,64.9,70.9,76.3,80.2,84.2,88.2,92.2,97.9,104.5,117.0,143.5,36.5,23.2,10.6
1277,26.044,0.000,1161.5,225.9,0.1,4,17475,1.000,0.000,-0.001,0.249,-0.003,86.9,-5.8,0,2.12,0.470,88.1,309.9,1.000,6.4,13.7,21.4,36.2,53.7,64.1,69.9,75.2,79.0,82.9,86.9,90.9,96.5,103.0,115.4,141.7,36.5,23.2,10.6
1278,26.066,0.000,1162.8,226.5,0.1,4,17499,1.000,0.000,-0.000,0.250,-0.002,85.5,-5.9,0,2.13,0.470,86.6,307.7,1.000,6.4,13.7,21.4,36.2,53.1,63.2,68.9,74.1,77.8,81.6,85.5,89.5,95.0,101.5,113.7,139.7,36.5,23.2,10.6
1279,26.088,0.000,1164.2,227.1,0.1,4,17526,1.000,0.000,-0.000,0.250,-0.002,84.1,-5.9,0,2.13,0.470,85.1,305.1,1.000,6.3,13.7,21.4,36.1,52.4,62.2,67.8,72.8,76.5,80.3,84.1,88.0,93.5,99.8,112.0,137.7,36.6,23.2,10.6
1280,26.110,0.000,1165.6,227.7,0.1,4,17550,1.000,0.000,-0.001,0.251,-0.002,82.7,-6.0,0,2.14,0.470,83.6,302.6,1.000,6.3,13.7,21.4,35.9,51.7,61.2,66.6,71.6,75.2,78.9,82.7,86.5,91.9,98.2,110.2,135.6,36.7,23.2,10.6
1281,26.132,0.000,1167.0,228.3,0.1,4,17573,1.000,0.000,-0.001,0.251,-0.002,81.2,-6.1,0,2.15,0.470,82.2,300.0,1.000,6.3,13.7,21.4,35.7,50.9,60.2,65.5,70.3,73.9,77.5,81.2,85.0,90.3,96.5,108.4,133.5,36.9,23.2,10.6
1282,26.154,0.000,1168.4,228.9,0.1,4,17596,1.000,0.000,-0.002,0.252,-0.002,79.8,-6.2,0,2.15,0.470,80.7,297.5,1.000,6.3,13.7,21.4,35.5,50.2,59.2,64.4,69.1,72.6,76.2,79.8,83.5,88.7,94.8,106.6,131.5,37.1,23.2,10.6
1283,26.176,0.000,1169.8,229.5,0.0,4,17619,1.000,0.000,-0.011,0.253,-0.002,78.4,-6.3,0,2.16,0.452,79.2,294.9,1.000,6.3,13.7,21.4,35.2,49.4,58.2,63.3,67.9,71.3,74.8,78.4,82.0,87.2,93.2,104.8,129.5,37.4,23.2,10.6
1284,26.198,0.000,1171.2,230.0,0.1,4,17644,1.000,0.000,-0.026,0.253,-0.001,77.1,-6.3,0,2.17,0.417,77.7,292.6,1.000,6.3,13.7,21.4,35.1,48.8,57.4,62.3,66.9,70.2,73.6,77.1,80.7,85.8,91.8,103.3,127.7,37.6,23.2,10.6
1285,26.220,0.000,1172.6,230.6,0.2,4,17668,1.000,0.000,-0.035,0.253,0.000,76.4,-6.3,0,2.16,0.382,76.4,291.1,1.000,6.3,13.8,21.6,35.1,48.6,56.9,61.8,66.3,69.5,72.9,76.4,79.9,84.9,90.8,102.2,126.5,37.6,23.1,10.6
1286,26.242,0.000,1174.0,231.2,0.4,4,17693,1.000,0.000,-0.037,0.253,0.003,76.1,-6.4,0,2.15,0.347,76.1,290.5,1.000,6.4,13.9,21.9,35.4,48.7,56.9,61.7,66.1,69.3,72.7,76.1,79.6,84.6,90.4,101.7,126.0,37.4,22.9,10.6
1287,26.264,0.000,1175.5,231.8,0.8,4,17717,1.000,0.000,-0.035,0.253,0.007,76.1,-6.4,0,2.13,0.313,76.1,290.4,1.000,6.4,14.1,22.3,35.8,49.0,57.1,61.8,66.2,69.4,72.7,76.1,79.6,84.5,90.3,101.6,125.9,36.9,22.6,10.6
1288,26.286,0.000,1176.9,232.3,1.1,4,17742,1.000,0.000,-0.031,0.251,0.011,76.2,-6.4,0,2.10,0.279,76.2,290.5,1.000,6.4,14.3,22.8,36.2,49.3,57.3,62.0,66.4,69.6,72.8,76.2,79.6,84.5,90.3,101.5,125.9,36.5,22.3,10.5
1289,26.308,0.000,1178.3,232.9,1.3,4,17764,1.000,0.000,-0.028,0.250,0.015,76.1,-6.5,0,2.09,0.245,76.1,290.3,1.000,6.5,14.5,23.1,36.6,49.5,57.5,62.1,66.4,69.6,72.8,76.1,79.5,84.4,90.2,101.2,125.8,36.1,22.1,10.4
1290,26.330,0.000,1179.7,233.5,1.4,4,17789,1.000,0.000,-0.027,0.247,0.018,75.9,-6.5,0,2.07,0.212,75.9,289.9,1.000,6.5,14.7,23.5,36.8,49.5,57.4,62.0,66.2,69.4,72.6,75.9,79.3,84.1,89.8,100.8,125.5,35.9,21.9,10.4
1291,26.352,0.000,1181.1,234.0,1.4,4,17812,1.000,0.000,-0.026,0.244,0.021,75.5,-6.6,0,2.06,0.180,75.5,289.1,1.000,6.6,14.9,23.7,36.9,49.4,57.2,61.8,65.9,69.0,72.2,75.5,78.8,83.6,89.3,100.2,124.9,35.8,21.7,10.3
1292,26.374,0.000,1182.6,234.6,1.4,4,17837,1.000,0.000,-0.026,0.240,0.024,75.0,-6.6,0,2.05,0.147,75.0,288.3,1.000,6.6,15.1,23.9,36.9,49.3,57.0,61.5,65.6,68.6,71.8,75.0,78.3,83.1,88.7,99.5,124.3,35.7,21.5,10.3
1293,26.396,0.000,1184.0,235.1,1.3,4,17872,1.000,0.000,-0.026,0.235,0.027,74.5,-6.7,0,2.05,0.116,74.5,287.4,1.000,6.7,15.3,24.1,36.9,49.1,56.7,61.1,65.2,68.2,71.3,74.5,77.8,82.5,88.0,98.8,123.6,35.7,21.4,10.2
1294,26.418,0.000,1185.5,235.7,1.3,4,17906,1.000,0.000,-0.025,0.230,0.030,74.0,-6.9,0,2.04,0.085,74.0,286.4,1.000,6.7,15.5,24.2,36.9,48.9,56.4,60.7,64.7,67.7,70.8,74.0,77.2,81.8,87.3,98.0,122.9,35.7,21.3,10.1
1295,26.440,0.000,1186.9,236.2,1.3,4,17947,1.000,0.000,-0.024,0.223,0.032,73.4,-6.9,0,2.04,0.054,73.4,285.3,1.000,6.8,15.6,24.3,36.9,48.7,56.0,60.3,64.3,67.2,70.2,73.4,76.6,81.2,86.6,97.2,122.1,35.7,21.2,10.1
1296,26.462,0.000,1188.3,236.8,1.2,4,17989,1.000,0.000,-0.023,0.217,0.035,72.7,-7.0,0,2.03,0.023,72.7,284.2,1.000,6.9,15.8,24.4,36.8,48.4,55.6,59.8,63.7,66.6,69.6,72.7,75.9,80.4,85.8,96.3,121.3,35.8,21.1,10.0
1297,26.484,0.000,1189.8,237.3,1.2,4,18031,1.000,0.000,-0.026,0.209,0.037,72.1,-7.0,0,2.03,-0.002,72.1,283.0,1.000,7.0,15.9,24.5,36.6,48.1,55.2,59.3,63.2,66.1,69.0,72.1,75.2,79.7,85.0,95.4,120.4,36.0,21.0,9.9
1298,26.506,0.000,1191.2,237.9,1.2,4,18072,1.000,0.000,-0.019,0.201,0.040,71.4,-7.0,0,2.03,-0.009,71.4,281.9,1.000,7.1,16.0,24.5,36.5,47.8,54.8,58.9,62.7,65.5,68.4,71.4,74.5,79.0,84.2,94.6,119.6,36.1,20.9,9.8
1299,26.528,0.000,1192.7,238.4,1.2,4,18103,1.000,0.000,-0.011,0.192,0.042,70.7,-7.3,0,2.04,-0.013,70.7,280.6,1.000,7.2,16.1,24.6,36.3,47.4,54.3,58.3,62.0,64.8,67.7,70.7,73.7,78.1,83.4,93.6,118.7,36.4,20.8,9.7
1300,26.550,0.000,1194.2,239.0,1.1,4,18144,1.000,0.000,-0.005,0.183,0.044,69.7,-7.4,0,2.05,-0.015,69.7,278.7,1.000,7.2,16.2,24.5,36.0,46.8,53.6,57.5,61.2,63.9,66.8,69.7,72.7,77.1,82.2,92.3,117.3,37.0,20.9,9.7
1301,26.572,0.000,1195.6,239.5,1.0,4,18186,1.000,0.000,-0.002,0.173,0.045,68.4,-7.4,0,2.06,-0.016,68.4,276.0,1.000,7.3,16.2,24.3,35.5,46.1,52.6,56.5,60.1,62.8,65.6,68.4,71.4,75.7,80.8,90.8,115.4,37.9,20.9,9.6
1302,26.594,0.000,1197.1,240.1,0.8,4,18228,1.000,0.000,-0.005,0.163,0.044,67.0,-7.4,0,2.09,-0.015,67.0,272.9,1.000,7.4,16.1,24.1,35.0,45.2,51.5,55.3,58.8,61.5,64.2,67.0,69.9,74.1,79.1,89.0,113.2,39.2,21.1,9.6
1303,26.616,0.000,1198.5,240.6,0.6,4,18265,1.000,0.000,-0.029,0.154,0.039,65.5,-7.5,0,2.13,-0.012,65.5,269.6,1.000,7.4,16.1,23.8,34.4,44.2,50.4,54.1,57.5,60.1,62.8,65.5,68.4,72.5,77.4,87.1,110.9,40.8,21.3,9.5
1304,26.638,0.000,1200.0,241.2,0.4,4,18298,1.000,0.000,-0.049,0.145,0.035,64.4,-7.7,0,2.16,-0.009,64.4,267.3,1.000,7.4,16.0,23.6,33.9,43.6,49.6,53.2,56.6,59.1,61.7,64.4,67.2,71.3,76.1,85.7,109.3,42.2,21.4,9.5
1305,26.660,0.000,1201.5,241.7,0.6,4,18340,1.000,0.000,-0.058,0.138,0.033,64.0,-7.6,0,2.17,-0.007,64.0,266.8,1.000,7.5,16.1,23.6,33.8,43.4,49.4,52.9,56.3,58.7,61.3,64.0,66.8,70.8,75.6,85.2,109.0,42.7,21.4,9.5
1306,26.682,0.000,1203.0,242.2,1.1,4,18387,1.000,0.000,-0.058,0.130,0.032,64.1,-7.5,0,2.16,-0.005,64.1,267.9,1.000,7.5,16.2,23.8,34.0,43.5,49.5,53.1,56.4,58.9,61.5,64.1,66.9,70.9,75.7,85.3,109.8,42.3,21.2,9.4
1307,26.704,0.000,1204.4,242.7,1.6,4,18432,1.000,0.000,-0.054,0.124,0.033,64.6,-7.3,0,2.15,-0.004,64.6,270.0,1.000,7.6,16.3,24.0,34.3,43.9,49.9,53.5,56.8,59.3,61.9,64.6,67.3,71.4,76.2,85.7,111.2,41.5,21.0,9.3
1308,26.726,0.000,1205.9,243.2,2.1,4,18475,1.000,0.000,-0.049,0.117,0.034,65.0,-7.2,0,2.14,-0.003,65.0,272.4,1.000,7.7,16.5,24.2,34.6,44.2,50.3,53.9,57.2,59.7,62.3,65.0,67.8,71.8,76.6,86.2,112.9,40.6,20.9,9.3
1309,26.748,0.000,1207.4,243.8,2.3,4,18504,1.000,0.000,-0.047,0.111,0.034,65.3,-7.5,0,2.14,-0.003,65.3,274.5,1.000,7.7,16.6,24.4,34.8,44.5,50.5,54.1,57.5,60.0,62.6,65.3,68.0,72.1,76.9,86.5,114.3,40.1,20.7,9.2
1310,26.770,0.000,1208.9,244.3,2.4,4,18542,1.000,0.000,-0.049,0.105,0.034,65.3,-7.5,0,2.15,-0.002,65.3,276.1,1.000,7.8,16.7,24.5,34.9,44.6,50.6,54.2,57.5,60.0,62.6,65.3,68.1,72.1,76.9,86.7,115.5,39.9,20.6,9.2
1311,26.792,0.000,1210.4,244.8,2.4,4,18582,1.000,0.000,-0.052,0.100,0.033,65.3,-7.5,0,2.17,-0.001,65.3,277.6,1.000,7.8,16.7,24.5,35.0,44.6,50.6,54.2,57.5,60.0,62.6,65.3,68.0,72.0,76.8,86.7,116.5,39.8,20.5,9.1
1312,26.814,0.000,1211.9,245.3,2.4,4,18622,1.000,0.000,-0.055,0.094,0.033,65.2,-7.4,0,2.18,-0.001,65.2,279.3,1.000,7.9,16.8,24.6,35.0,44.6,50.6,54.2,57.5,60.0,62.6,65.2,68.0,72.0,76.8,86.8,117.7,39.7,20.5,9.1
1313,26.836,0.000,1213.4,245.8,2.5,4,18662,1.000,0.000,-0.057,0.088,0.032,65.3,-7.4,0,2.20,-0.001,65.3,281.6,1.000,7.9,16.9,24.7,35.1,44.7,50.7,54.3,57.6,60.1,62.6,65.3,68.0,72.0,76.8,87.1,119.4,39.5,20.4,9.1
1314,26.858,0.000,1214.9,246.3,2.6,4,18693,1.000,0.000,-0.057,0.083,0.032,65.4,-7.5,0,2.23,-0.001,65.4,284.4,1.000,8.0,17.0,24.8,35.3,44.9,50.9,54.4,57.7,60.2,62.8,65.4,68.2,72.2,77.0,87.6,121.5,39.1,20.3,9.0
1315,26.880,0.000,1216.4,246.8,2.6,4,18731,1.000,0.000,-0.057,0.078,0.032,65.6,-7.6,0,2.26,-0.001,65.6,287.7,1.000,8.0,17.1,24.9,35.4,45.0,51.0,54.6,57.9,60.4,62.9,65.6,68.3,72.3,77.2,88.2,123.9,38.8,20.1,9.0
1316,26.902,0.000,1217.9,247.3,2.7,4,18769,1.000,0.000,-0.057,0.072,0.032,65.7,-7.6,0,2.29,-0.000,65.7,291.3,1.000,8.0,17.2,25.1,35.5,45.2,51.2,54.7,58.0,60.5,63.1,65.7,68.5,72.5,77.4,88.9,126.6,38.4,20.0,8.9
1317,26.924,0.000,1219.4,247.7,2.7,4,18807,1.000,0.000,-0.058,0.067,0.032,65.9,-7.6,0,2.33,-0.000,65.9,295.3,1.000,8.1,17.2,25.2,35.7,45.3,51.3,54.9,58.2,60.7,63.2,65.9,68.6,72.6,77.8,89.7,129.6,38.1,19.9,8.9
1318,26.946,0.000,1220.9,248.2,2.8,4,18845,1.000,0.000,-0.058,0.062,0.032,66.0,-7.6,0,2.38,-0.000,66.0,299.9,1.000,8.1,17.3,25.3,35.8,45.5,51.5,55.0,58.4,60.8,63.4,66.0,68.8,72.9,78.2,90.6,133.1,37.8,19.8,8.8
1319,26.968,0.000,1222.4,248.7,2.8,4,18878,1.000,0.000,-0.058,0.057,0.032,66.2,-7.7,0,2.44,-0.000,66.2,305.1,1.000,8.2,17.4,25.4,36.0,45.7,51.7,55.2,58.5,61.0,63.6,66.2,69.0,73.2,78.7,91.6,137.1,37.4,19.7,8.8
1320,26.990,0.000,1223.9,249.2,2.9,4,18912,1.000,0.000,-0.059,0.051,0.032,66.4,-7.7,0,2.51,-0.000,66.4,310.8,1.000,8.2,17.5,25.5,36.1,45.8,51.8,55.4,58.7,61.2,63.7,66.4,69.2,73.5,79.2,92.8,141.7,37.1,19.6,8.7
1321,27.012,0.000,1225.5,249.7,2.9,4,18946,1.000,0.000,-0.060,0.046,0.032,66.5,-7.8,0,2.59,-0.000,66.5,317.2,1.000,8.3,17.6,25.7,36.3,46.0,52.0,55.5,58.8,61.3,63.9,66.5,69.4,73.9,79.9,94.2,146.8,36.8,19.5,8.7
1322,27.034,0.000,1227.0,250.2,2.9,4,18980,1.000,0.000,-0.061,0.041,0.032,66.8,-7.8,0,2.68,-0.000,66.8,324.6,1.000,8.3,17.7,25.8,36.4,46.1,52.1,55.7,59.0,61.5,64.0,66.8,69.8,74.5,80.7,95.7,152.9,36.4,19.4,8.7
1323,27.056,0.000,1228.5,250.6,2.9,4,19015,1.000,0.000,-0.062,0.035,0.033,67.1,-7.9,0,2.79,-0.000,67.1,333.2,1.000,8.4,17.8,25.9,36.6,46.3,52.3,55.9,59.2,61.7,64.3,67.1,70.2,75.1,81.6,97.5,160.2,36.1,19.2,8.6
1324,27.078,0.000,1230.0,251.1,3.0,4,19048,1.000,0.000,-0.063,0.030,0.033,67.6,-7.9,0,2.92,-0.000,67.6,343.3,1.000,8.4,17.9,26.0,36.8,46.5,52.5,56.1,59.4,61.9,64.6,67.6,70.8,75.9,82.8,99.7,169.0,35.7,19.1,8.6
1325,27.100,0.000,1231.6,251.5,3.0,4,19081,1.000,0.000,-0.065,0.025,0.033,68.1,-8.0,0,3.07,-0.000,68.1,256.7,1.000,8.5,18.0,26.2,37.0,46.7,52.8,56.3,59.7,62.2,65.0,68.1,71.5,76.9,84.1,102.2,179.8,35.3,19.0,8.5
1326,27.122,0.000,1233.1,252.0,3.1,4,19113,1.000,0.000,-0.068,0.020,0.034,68.8,-8.1,0,3.25,-0.004,68.8,261.2,1.000,8.5,18.1,26.4,37.2,47.0,53.0,56.6,60.0,62.7,65.6,68.8,72.4,78.0,85.7,105.2,193.4,34.8,18.8,8.5
1327,27.144,0.000,1234.7,252.4,3.1,4,19146,1.000,0.000,-0.066,0.014,0.034,69.7,-8.1,0,3.32,-0.006,69.7,266.6,1.000,8.6,18.2,26.5,37.4,47.3,53.4,56.9,60.5,63.3,66.3,69.7,73.5,79.5,87.7,108.8,200.0,34.3,18.7,8.4
1328,27.166,0.000,1236.2,252.9,3.2,4,19177,1.000,0.000,-0.059,0.008,0.035,70.7,-8.2,0,3.29,-0.007,70.7,272.6,1.000,8.6,18.4,26.7,37.7,47.6,53.7,57.3,61.0,63.9,67.2,70.7,74.7,81.1,89.9,113.0,200.0,33.8,18.5,8.4
1329,27.188,0.000,1237.7,253.3,3.2,4,19210,1.000,0.000,-0.052,0.003,0.035,71.8,-8.2,0,3.26,-0.005,71.8,376.6,1.000,8.7,18.5,26.9,37.9,47.8,53.9,57.7,61.6,64.6,68.0,71.8,76.0,82.8,92.3,117.5,200.0,33.4,18.4,8.3
1330,27.210,0.000,1239.3,253.8,3.2,4,19240,1.000,0.000,-0.048,-0.003,0.035,72.7,-8.3,0,3.23,-0.003,72.7,376.5,1.000,8.7,18.6,27.0,38.0,47.9,54.1,58.0,62.0,65.2,68.7,72.7,77.1,84.3,94.5,122.0,200.0,33.2,18.3,8.3
1331,27.232,0.000,1240.8,254.2,3.1,4,19268,1.000,0.000,-0.047,-0.009,0.034,73.4,-8.5,0,3.22,-0.001,73.4,376.5,1.000,8.8,18.6,27.0,38.0,47.9,54.1,58.2,62.3,65.6,69.3,73.4,78.1,85.7,96.5,126.4,200.0,33.2,18.2,8.2
1332,27.254,0.000,1242.4,254.6,2.9,4,19296,1.000,0.000,-0.031,-0.014,0.033,74.1,-8.6,0,3.21,0.005,74.1,376.5,1.000,8.8,18.7,27.0,38.0,47.8,54.2,58.3,62.6,66.0,69.8,74.1,79.0,87.0,98.5,130.8,200.0,33.2,18.2,8.2
1333,27.276,0.000,1244.0,255.1,2.7,4,19323,1.000,0.000,-0.017,-0.020,0.031,74.4,-8.9,0,3.22,0.020,74.4,376.4,1.000,8.8,18.6,27.0,37.8,47.5,54.0,58.2,62.5,66.0,70.0,74.4,79.5,87.8,99.8,134.3,200.0,33.5,18.2,8.2
1334,27.298,0.000,1245.5,255.5,2.4,4,19357,1.000,0.000,-0.013,-0.025,0.027,74.0,-8.9,0,3.25,0.037,74.0,376.2,1.000,8.8,18.5,26.7,37.3,46.9,53.4,57.6,62.0,65.5,69.5,74.0,79.1,87.6,99.8,135.5,200.0,34.4,18.3,8.1
1335,27.320,0.000,1247.1,256.0,1.9,4,19384,1.000,0.000,-0.015,-0.029,0.023,73.0,-9.1,0,3.31,0.057,73.0,376.0,1.000,8.8,18.4,26.4,36.7,46.1,52.5,56.7,61.0,64.5,68.5,73.0,78.1,86.5,98.8,134.8,200.0,35.8,18.5,8.1
1336,27.342,0.000,1248.6,256.4,1.5,4,19412,1.000,0.000,-0.020,-0.033,0.018,71.8,-9.3,0,3.37,0.079,71.8,376.0,1.000,8.8,18.2,26.0,36.1,45.2,51.5,55.7,60.0,63.4,67.4,71.8,76.9,85.3,97.5,133.6,200.0,37.6,18.8,8.2
1337,27.364,0.000,1250.2,256.9,1.2,4,19440,1.000,0.000,-0.022,-0.035,0.013,70.8,-9.4,0,3.43,0.105,70.8,376.1,1.000,8.8,18.1,25.7,35.5,44.4,50.7,54.8,59.1,62.5,66.4,70.8,75.9,84.3,96.6,133.1,200.0,39.7,19.0,8.2
1338,27.386,0.000,1251.8,257.3,1.1,4,19470,1.000,0.000,-0.024,-0.037,0.009,70.1,-9.5,0,3.48,0.132,70.1,376.0,1.000,8.8,17.9,25.4,34.9,43.7,49.9,54.1,58.3,61.8,65.7,70.1,75.2,83.7,96.2,133.4,200.0,41.8,19.2,8.2
1339,27.408,0.000,1253.4,257.7,1.1,4,19510,1.000,0.000,-0.022,-0.038,0.005,69.6,-9.4,0,3.52,0.165,69.6,375.7,1.000,8.7,17.7,25.1,34.4,43.1,49.3,53.5,57.7,61.2,65.1,69.6,74.8,83.4,96.1,134.7,200.0,43.5,19.5,8.2
1340,27.430,0.000,1254.9,258.1,1.1,5,19542,1.000,0.000,-0.019,-0.037,0.001,69.2,-10.6,0,3.56,0.199,69.2,375.5,1.000,8.7,17.6,24.8,33.9,42.5,48.8,52.9,57.2,60.7,64.7,69.2,74.5,83.3,96.3,136.5,200.0,44.9,19.8,8.3
1341,27.452,0.000,1256.5,258.4,1.1,5,19572,1.000,0.000,-0.016,-0.036,-0.002,68.8,-10.7,0,3.60,0.240,70.2,375.6,1.000,8.7,17.4,24.4,33.4,41.9,48.2,52.3,56.6,60.2,64.2,68.8,74.1,83.0,96.4,138.1,200.0,46.3,20.1,8.3
1342,27.474,0.000,1258.1,258.7,1.1,5,19568,1.000,0.000,-0.013,-0.034,-0.007,68.1,-11.3,0,3.65,0.284,72.1,375.6,1.000,8.6,17.2,24.1,32.8,41.3,47.5,51.6,55.9,59.5,63.5,68.1,73.5,82.5,96.1,139.1,200.0,47.8,20.5,8.4
1343,27.496,0.000,1259.7,259.0,1.0,5,17901,1.000,0.000,-0.010,-0.030,-0.011,67.2,-10.3,0,3.71,0.337,74.3,375.5,1.000,8.6,17.0,23.7,32.1,40.5,46.7,50.8,55.1,58.6,62.6,67.2,72.6,81.7,95.4,139.2,200.0,49.5,20.9,8.4
1344,27.518,0.000,1261.3,259.4,0.9,5,17727,1.000,0.000,-0.007,-0.026,-0.016,66.1,-10.0,0,3.79,0.397,76.9,375.1,1.000,8.5,16.7,23.2,31.4,39.7,45.8,49.9,54.1,57.6,61.6,66.1,71.5,80.5,94.2,138.4,200.0,51.2,21.5,8.5
1345,27.540,0.000,1262.8,259.8,0.8,5,17722,1.000,0.000,-0.006,-0.020,-0.021,64.9,-10.2,0,3.87,0.457,79.4,374.9,1.000,8.4,16.4,22.7,30.7,38.8,44.8,48.8,53.0,56.4,60.4,64.9,70.2,79.2,92.8,137.0,200.0,53.1,22.1,8.6
1346,27.562,0.000,1264.4,260.1,0.7,5,17734,1.000,0.000,-0.032,-0.013,-0.027,63.5,-10.3,0,3.96,0.470,83.1,375.1,1.000,8.3,16.1,22.2,30.0,37.9,43.8,47.7,51.8,55.2,59.1,63.5,68.7,77.6,91.0,134.9,200.0,55.0,22.9,8.7
1347,27.584,0.000,1266.0,260.5,0.6,5,17746,1.000,0.000,-0.058,-0.005,-0.031,62.8,-10.4,0,4.01,0.470,86.8,375.1,1.000,8.2,15.8,21.8,29.4,37.2,43.1,47.0,51.1,54.5,58.3,62.8,68.0,77.0,90.6,135.9,200.0,56.1,23.5,8.8
1348,27.606,0.000,1267.6,260.9,0.8,5,17760,1.000,0.000,-0.070,0.004,-0.033,63.5,-10.4,0,3.99,0.470,91.0,375.1,1.000,8.1,15.6,21.5,29.1,37.1,43.0,47.0,51.3,54.8,58.8,63.5,69.0,78.6,93.3,144.2,200.0,55.6,24.0,8.9
1349,27.628,0.000,1269.2,261.2,1.4,5,17788,1.000,0.000,-0.069,0.014,-0.032,65.8,-9.9,0,3.91,0.470,96.4,374.4,1.000,8.0,15.5,21.3,29.1,37.4,43.6,47.9,52.4,56.2,60.6,65.8,71.9,82.7,99.8,163.1,200.0,53.7,24.1,9.0
1350,27.650,0.000,1270.8,261.5,2.2,5,17795,1.000,0.000,-0.062,0.025,-0.030,69.3,-9.9,0,3.79,0.470,103.3,374.3,1.000,8.0,15.4,21.3,29.3,38.0,44.7,49.4,54.3,58.6,63.5,69.3,76.4,89.0,109.9,196.1,200.0,51.5,24.1,9.1
1351,27.672,0.000,1272.4,261.9,2.8,5,17807,1.000,0.000,-0.056,0.035,-0.029,73.5,-10.0,0,3.66,0.470,111.7,374.6,1.000,7.9,15.3,21.2,29.5,38.7,45.9,51.0,56.5,61.2,66.8,73.5,81.7,96.9,123.0,200.0,200.0,49.5,24.1,9.2
1352,27.694,0.000,1274.0,262.2,3.1,5,17818,1.000,0.000,-0.044,0.046,-0.028,77.8,-10.0,0,3.26,0.470,122.3,374.6,1.000,7.8,15.2,21.1,29.6,39.3,47.0,52.6,58.6,63.8,70.1,77.8,87.3,105.4,138.1,200.0,172.4,48.1,24.1,9.3
1353,27.716,0.000,1275.6,262.6,3.1,5,17831,1.000,0.000,-0.044,0.057,-0.029,81.3,-10.2,0,2.99,0.470,135.9,374.6,1.000,7.7,15.0,21.0,29.6,39.7,47.8,53.7,60.2,65.9,72.8,81.3,92.1,113.2,153.2,200.0,152.4,47.3,24.2,9.4
1354,27.738,0.000,1277.2,262.9,3.0,5,17868,1.000,0.000,-0.051,0.068,-0.030,84.6,-9.8,0,2.81,0.470,153.7,373.7,1.000,7.6,14.8,20.8,29.6,39.9,48.4,54.6,61.6,67.7,75.2,84.6,96.7,120.9,169.5,200.0,139.6,46.7,24.4,9.5
1355,27.760,0.000,1278.8,263.2,2.8,5,17884,1.000,0.000,-0.058,0.079,-0.032,88.7,-10.0,0,2.64,0.470,178.2,373.7,1.000,7.5,14.6,20.6,29.6,40.3,49.2,55.8,63.3,70.0,78.2,88.7,102.5,131.0,192.0,200.0,128.7,46.1,24.5,9.6
1356,27.782,0.000,1280.4,263.6,2.7,5,17902,1.000,0.000,-0.063,0.091,-0.033,94.6,-10.2,0,2.47,0.470,190.7,374.2,1.000,7.4,14.4,20.5,29.7,40.9,50.4,57.6,65.7,73.2,82.5,94.6,110.9,146.1,200.0,200.0,118.1,45.3,24.5,9.7
1357,27.804,0.000,1282.0,263.9,2.8,5,17921,1.000,0.000,-0.064,0.102,-0.033,102.8,-10.2,0,2.29,0.470,195.2,374.1,1.000,7.3,14.3,20.5,30.0,41.8,52.0,59.9,69.1,77.6,88.4,102.8,122.8,168.9,200.0,200.0,108.5,44.3,24.4,9.8
1358,27.826,0.000,1283.6,264.2,2.9,5,17949,1.000,0.000,-0.065,0.114,-0.033,113.6,-10.2,0,2.11,0.470,200.0,374.0,1.000,7.2,14.2,20.5,30.4,42.9,54.1,62.8,73.3,83.1,96.0,113.6,139.3,200.0,200.0,200.0,100.2,43.3,24.3,9.9
1359,27.848,0.000,1285.2,264.6,3.0,5,17982,1.000,0.000,-0.064,0.126,-0.033,129.3,-9.8,0,1.93,0.470,200.0,373.0,1.000,7.1,14.2,20.6,30.9,44.3,56.7,66.7,78.8,90.6,106.5,129.3,164.3,200.0,200.0,200.0,92.7,42.2,24.1,10.0
1360,27.870,0.000,1286.9,264.9,3.2,5,17998,1.000,0.000,-0.062,0.138,-0.032,152.2,-10.0,0,1.72,0.470,200.0,373.1,1.000,7.0,14.2,20.8,31.6,46.2,60.1,71.6,86.1,100.7,121.2,152.2,200.0,200.0,200.0,200.0,85.9,41.1,23.9,10.1
1361,27.892,0.000,1288.5,265.2,3.3,5,18015,1.000,0.000,-0.060,0.150,-0.032,186.0,-10.1,0,1.53,0.470,200.0,373.6,1.000,7.0,14.2,21.0,32.4,48.2,64.0,77.6,95.2,113.7,141.2,186.0,200.0,200.0,200.0,194.9,80.3,40.0,23.7,10.1
1362,27.914,0.000,1290.1,265.5,3.3,5,18032,1.000,0.000,-0.052,0.162,-0.030,200.0,-10.3,0,1.31,0.470,200.0,373.1,1.000,6.9,14.2,21.2,33.1,50.4,68.2,84.1,105.6,129.3,166.7,200.0,200.0,200.0,200.0,175.9,75.9,39.1,23.5,10.2
1363,27.936,0.000,1291.7,265.9,3.2,5,18077,1.000,0.000,-0.027,0.173,-0.025,200.0,-9.8,0,1.10,0.470,200.0,372.0,1.000,6.9,14.2,21.4,33.8,52.4,72.4,90.8,116.9,147.2,200.0,200.0,200.0,200.0,200.0,157.1,72.5,38.4,23.3,10.2
1364,27.958,0.000,1293.3,266.2,3.1,5,18097,1.000,0.000,-0.152,0.182,-0.021,200.0,-9.9,0,0.98,0.000,200.0,370.3,1.000,6.8,14.2,21.5,34.4,54.2,76.2,97.2,128.2,166.0,200.0,200.0,200.0,200.0,200.0,144.9,70.1,37.8,23.2,10.2
1365,27.980,0.000,1295.0,266.5,2.8,5,18109,1.000,0.000,-0.116,0.190,-0.015,200.0,-9.6,0,0.77,0.000,200.0,370.6,1.000,6.8,14.3,21.9,35.6,57.6,83.4,109.7,151.4,200.0,200.0,200.0,200.0,200.0,196.1,129.5,66.5,36.9,22.9,10.2
1366,28.002,0.000,1296.6,266.8,3.4,5,18129,1.000,0.000,-0.058,0.196,-0.004,200.0,-9.7,0,0.47,0.000,200.0,371.2,1.000,6.8,14.6,22.7,38.2,65.0,100.3,141.3,200.0,200.0,200.0,200.0,200.0,197.7,182.2,109.9,61.1,35.3,22.3,10.2
1367,28.024,0.000,1298.2,267.1,4.1,5,18144,1.000,0.000,-0.006,0.200,0.004,200.0,-10.1,0,0.16,0.000,200.0,371.1,1.000,6.8,14.9,23.6,40.8,73.3,121.9,200.0,200.0,200.0,200.0,200.0,198.6,189.0,150.4,97.3,57.1,34.0,21.8,10.1
1368,28.046,0.000,1299.8,267.4,4.0,5,18193,1.000,0.000,0.018,0.202,0.009,200.0,-9.7,0,0.06,0.000,200.0,369.9,1.000,6.8,15.1,24.0,42.2,78.1,136.3,200.0,200.0,200.0,200.0,199.7,194.3,182.5,138.4,92.2,55.4,33.4,21.6,10.1
1369,28.068,0.000,1301.5,267.8,3.2,5,18196,1.000,0.000,0.018,0.204,0.008,200.0,-10.2,0,0.06,0.000,200.0,369.9,1.000,6.8,15.0,23.9,42.1,77.9,135.9,200.0,200.0,200.0,200.0,198.2,192.9,181.5,138.7,92.4,55.4,33.4,21.7,10.1
1370,28.090,0.000,1303.1,268.1,1.9,5,18202,1.000,0.000,0.003,0.204,0.006,200.0,-10.8,0,0.12,0.000,200.0,369.9,1.000,6.8,14.9,23.6,41.2,74.7,126.5,200.0,200.0,200.0,200.0,198.1,193.1,183.5,146.0,95.5,56.6,33.8,21.8,10.2
1371,28.112,0.000,1304.8,268.5,0.9,5,18216,1.000,0.000,-0.010,0.204,0.003,200.0,-11.1,0,0.17,0.000,200.0,370.5,1.000,6.8,14.8,23.3,40.3,71.9,118.7,200.0,200.0,200.0,200.0,197.7,193.1,184.5,153.7,98.8,57.7,34.2,22.0,10.2
1372,28.134,0.000,1306.4,268.9,0.3,5,18233,1.000,0.000,-0.015,0.204,0.002,200.0,-11.3,0,0.19,0.000,200.0,371.3,1.000,6.8,14.8,23.2,40.0,71.0,116.0,200.0,200.0,200.0,200.0,196.6,192.1,183.9,156.8,100.1,58.1,34.4,22.0,10.2
1373,28.156,0.000,1308.0,269.2,0.2,5,18280,1.000,0.000,-0.012,0.204,0.003,200.0,-10.6,0,0.17,0.000,200.0,370.2,1.000,6.8,14.8,23.3,40.2,71.6,117.8,200.0,200.0,200.0,198.6,194.7,190.2,182.0,154.7,99.2,57.8,34.2,22.0,10.2
1374,28.178,0.000,1309.7,269.6,0.3,5,18294,1.000,0.000,-0.004,0.203,0.004,199.8,-10.9,0,0.13,0.000,199.9,370.5,1.000,6.8,14.9,23.5,40.7,73.2,122.0,200.0,200.0,199.8,196.3,192.4,187.8,179.4,150.2,97.3,57.2,34.0,21.9,10.2
1375,28.200,0.000,1311.3,269.9,0.4,5,18310,1.000,0.000,0.002,0.202,0.005,197.8,-11.2,0,0.10,0.000,199.2,371.7,1.000,6.8,14.9,23.6,41.1,74.5,125.5,200.0,200.0,197.8,194.3,190.3,185.7,177.1,146.9,95.9,56.6,33.8,21.8,10.1
1376,28.222,0.000,1313.0,270.3,0.4,5,18327,1.000,0.000,0.004,0.201,0.006,196.0,-11.3,0,0.09,0.000,198.0,372.2,1.000,6.8,15.0,23.7,41.3,74.9,126.7,200.0,199.1,196.0,192.5,188.6,184.0,175.5,145.9,95.4,56.5,33.7,21.8,10.1
1377,28.244,0.000,1314.7,270.6,0.3,5,18352,1.000,0.000,0.003,0.200,0.005,194.4,-11.4,0,0.10,0.000,196.3,372.6,1.000,6.8,15.0,23.7,41.2,74.7,125.8,200.0,197.5,194.4,191.0,187.1,182.6,174.3,146.7,95.7,56.6,33.8,21.8,10.1
1378,28.266,0.000,1316.3,270.9,0.1,5,18386,1.000,0.000,-0.000,0.198,0.005,192.9,-11.0,0,0.11,0.000,194.7,371.7,1.000,6.8,15.0,23.7,41.1,74.1,124.1,199.8,196.0,192.9,189.6,185.8,181.3,173.4,148.3,96.4,56.7,33.8,21.8,10.1
1379,28.288,0.000,1318.0,271.3,-0.0,5,18402,1.000,0.000,-0.002,0.197,0.004,191.4,-11.3,0,0.12,0.000,193.0,370.4,1.000,6.8,15.0,23.7,41.0,73.8,123.0,198.2,194.4,191.4,188.1,184.3,180.0,172.3,149.4,96.8,56.9,33.8,21.8,10.1
1380,28.310,0.000,1319.6,271.6,-0.1,5,18419,1.000,0.000,-0.003,0.196,0.004,189.7,-11.4,0,0.12,0.000,191.3,369.4,1.000,6.9,15.0,23.7,41.1,73.8,123.0,196.5,192.7,189.7,186.4,182.7,178.5,170.9,149.4,96.8,56.8,33.8,21.8,10.1
1381,28.332,0.000,1321.3,272.0,-0.0,5,18438,1.000,0.000,-0.001,0.195,0.005,188.0,-11.6,0,0.12,0.000,189.6,367.9,1.000,6.9,15.0,23.8,41.2,74.2,123.9,194.7,191.0,188.0,184.7,181.0,176.8,169.3,148.6,96.4,56.7,33.7,21.7,10.1
1382,28.354,0.000,1323.0,272.3,0.0,5,18471,1.000,0.000,0.000,0.193,0.005,186.2,-11.3,0,0.11,0.000,187.9,366.0,1.000,6.9,15.1,23.8,41.4,74.6,125.0,192.9,189.2,186.2,182.9,179.3,175.0,167.6,147.6,95.9,56.5,33.7,21.7,10.1
1383,28.376,0.000,1324.6,272.6,0.1,5,18490,1.000,0.000,0.001,0.192,0.005,184.4,-11.4,0,0.11,0.000,186.2,364.0,1.000,6.9,15.1,23.9,41.5,74.9,125.7,191.1,187.4,184.4,181.2,177.6,173.4,166.1,146.9,95.6,56.4,33.6,21.6,10.1
1384,28.398,0.000,1326.3,273.0,0.1,5,18509,1.000,0.000,0.001,0.191,0.005,182.8,-11.5,0,0.11,0.000,184.4,362.7,1.000,6.9,15.1,23.9,41.6,75.0,125.9,189.4,185.7,182.8,179.5,175.9,171.8,164.6,146.8,95.5,56.3,33.6,21.6,10.1
1385,28.420,0.000,1328.0,273.3,0.0,5,18528,1.000,0.000,0.001,0.189,0.005,181.1,-11.7,0,0.11,0.000,182.7,361.3,1.000,6.9,15.2,24.0,41.6,75.0,125.7,187.7,184.0,181.1,177.9,174.4,170.3,163.2,147.0,95.6,56.3,33.5,21.6,10.0
1386,28.442,0.000,1329.6,273.6,-0.0,5,18548,1.000,0.000,-0.000,0.188,0.005,179.5,-11.8,0,0.12,0.000,181.0,359.9,1.000,6.9,15.2,24.0,41.6,75.0,125.4,186.0,182.3,179.5,176.3,172.8,168.8,161.9,147.3,95.7,56.3,33.5,21.6,10.0
1387,28.464,0.000,1331.3,274.0,-0.0,5,18576,1.000,0.000,-0.001,0.187,0.005,177.8,-11.6,0,0.12,0.000,179.3,358.1,1.000,6.9,15.2,24.0,41.6,75.0,125.3,184.3,180.6,177.8,174.7,171.2,167.3,160.5,146.9,95.7,56.3,33.5,21.6,10.0
1388,28.486,0.000,1333.0,274.3,-0.0,5,18595,1.000,0.000,-0.000,0.185,0.005,176.1,-11.7,0,0.12,0.000,177.6,356.3,1.000,6.9,15.2,24.0,41.7,75.1,125.5,182.5,178.9,176.1,173.0,169.5,165.7,159.0,146.1,95.5,56.2,33.5,21.6,10.0
1389,28.508,0.000,1334.7,274.6,-0.0,5,18615,1.000,0.000,0.000,0.184,0.005,174.4,-11.8,0,0.12,0.000,175.9,354.8,1.000,7.0,15.3,24.1,41.8,75.3,125.9,180.7,177.2,174.4,171.3,167.9,164.0,157.5,145.2,95.4,56.1,33.4,21.5,10.0
1390,28.530,0.000,1336.3,275.0,0.0,5,18635,1.000,0.000,0.001,0.183,0.005,172.6,-11.9,0,0.12,0.000,174.2,353.1,1.000,7.0,15.3,24.1,41.9,75.5,126.2,179.0,175.4,172.6,169.6,166.2,162.4,156.0,144.2,95.2,56.0,33.4,21.5,10.0
1391,28.552,0.000,1338.0,275.3,0.0,5,18656,1.000,0.000,0.000,0.181,0.005,170.9,-11.9,0,0.11,0.000,172.4,351.6,1.000,7.0,15.3,24.2,41.9,75.5,126.3,177.2,173.7,170.9,167.9,164.6,160.8,154.5,143.3,95.2,56.0,33.3,21.5,10.0
1392,28.574,0.000,1339.7,275.6,-0.0,5,18678,1.000,0.000,0.000,0.180,0.005,169.2,-11.9,0,0.11,0.000,170.7,349.8,1.000,7.0,15.3,24.2,42.0,75.6,126.3,175.5,172.0,169.2,166.3,163.0,159.3,153.1,142.3,95.1,56.0,33.3,21.5,10.0
1393,28.596,0.000,1341.4,275.9,-0.0,5,18699,1.000,0.000,0.000,0.179,0.005,167.5,-12.0,0,0.11,0.000,169.0,348.1,1.000,7.0,15.3,24.2,42.0,75.7,126.4,173.7,170.3,167.5,164.6,161.3,157.7,151.6,141.2,95.1,55.9,33.3,21.4,10.0
1394,28.618,0.000,1343.1,276.3,-0.0,5,18720,1.000,0.000,0.001,0.177,0.005,165.8,-12.0,0,0.11,0.000,167.3,346.3,1.000,7.0,15.4,24.3,42.1,75.8,126.6,172.0,168.5,165.8,162.9,159.7,156.1,150.1,140.0,95.0,55.8,33.2,21.4,9.9
1395,28.640,0.000,1344.8,276.6,-0.0,5,18741,1.000,0.000,0.000,0.176,0.005,164.1,-12.1,0,0.11,0.000,165.5,344.7,1.000,7.0,15.4,24.3,42.1,75.9,126.7,170.2,166.8,164.1,161.2,158.0,154.5,148.6,138.9,94.9,55.8,33.2,21.4,9.9
1396,28.662,0.000,1346.4,276.9,-0.0,5,18759,1.000,0.000,0.000,0.175,0.005,162.4,-12.2,0,0.11,0.000,163.8,342.7,1.000,7.0,15.4,24.3,42.2,75.9,126.7,168.4,165.1,162.4,159.6,156.4,152.9,147.1,137.8,94.9,55.8,33.2,21.4,9.9
1397,28.684,0.000,1348.1,277.2,-0.0,5,18780,1.000,0.000,0.000,0.173,0.005,160.7,-12.2,0,0.11,0.000,162.1,340.7,1.000,7.0,15.4,24.4,42.3,76.0,126.8,166.7,163.3,160.7,157.9,154.8,151.3,145.6,136.6,94.8,55.7,33.2,21.3,9.9
1398,28.706,0.000,1349.8,277.5,-0.0,5,18802,1.000,0.000,0.001,0.172,0.005,159.0,-12.2,0,0.11,0.000,160.3,338.6,1.000,7.1,15.5,24.4,42.3,76.1,127.1,164.9,161.6,159.0,156.2,153.1,149.7,144.1,135.3,94.7,55.7,33.1,21.3,9.9
1399,28.728,0.000,1351.5,277.8,-0.0,5,18824,1.000,0.000,-0.145,0.171,0.004,157.3,-12.2,0,-0.02,-0.850,158.6,340.5,1.000,7.1,15.5,24.4,42.4,76.2,166.6,163.1,159.8,157.3,154.5,151.5,148.1,142.6,134.1,94.7,55.6,33.1,21.3,9.9
1400,28.750,0.000,1353.2,278.1,0.0,5,18846,1.000,0.000,-0.118,0.169,0.010,153.9,-11.7,0,-0.09,-0.850,156.8,337.1,1.000,7.1,15.8,25.1,44.4,82.9,163.5,160.0,156.6,153.9,151.0,147.9,144.3,138.4,128.3,88.4,53.4,32.3,21.0,9.8
1401,28.772,0.000,1354.9,278.4,1.7,5,18864,1.000,0.000,0.082,0.166,0.022,148.0,-11.9,0,-0.33,0.000,155.1,331.3,1.000,7.2,16.4,26.9,50.1,104.9,158.6,154.8,151.0,148.0,144.8,141.1,136.7,128.6,106.5,76.2,48.6,30.5,20.2,9.7
1402,28.794,0.000,1356.6,278.7,3.5,5,18883,1.000,0.000,0.149,0.161,0.030,143.6,-12.0,0,-0.70,0.000,153.3,334.6,1.000,7.3,16.9,28.1,54.4,161.4,154.8,150.8,146.8,143.6,140.0,135.9,130.8,117.8,95.3,70.2,46.1,29.4,19.7,9.6
1403,28.816,0.000,1358.3,278.9,2.1,5,18895,1.000,0.000,0.096,0.156,0.021,145.0,-12.1,0,-0.31,0.000,151.5,327.4,1.000,7.3,16.6,27.0,50.1,103.8,155.3,151.5,147.9,145.0,141.8,138.3,134.2,126.8,107.4,76.5,48.6,30.4,20.1,9.6
1404,28.838,0.000,1360.0,279.2,-0.9,5,18922,1.000,0.000,0.016,0.153,0.006,148.0,-12.1,0,-0.05,0.000,149.7,329.5,1.000,7.2,15.9,25.2,43.9,79.9,157.1,153.7,150.5,148.0,145.3,142.4,139.2,134.0,126.1,91.2,54.1,32.3,20.9,9.7
1405,28.860,0.000,1361.8,279.5,-3.0,5,18934,1.000,0.000,-0.184,0.150,-0.005,149.2,-12.3,0,0.27,-0.850,149.2,326.5,1.000,7.2,15.5,24.0,40.3,68.6,105.8,154.5,151.5,149.2,146.8,144.2,141.4,136.9,130.9,105.9,58.8,33.9,21.5,9.8
1406,28.882,0.000,1363.5,279.8,-3.1,5,18941,1.000,0.000,-0.184,0.148,-0.002,146.9,-12.2,0,0.22,-0.850,146.9,323.7,1.000,7.2,15.6,24.3,41.2,70.9,111.2,152.2,149.2,146.9,144.4,141.8,138.9,134.4,128.2,102.2,57.6,33.5,21.3,9.8
1407,28.904,0.000,1365.2,280.0,-0.1,5,18964,1.000,0.000,-0.090,0.145,0.014,140.3,-12.1,0,-0.18,-0.850,144.4,320.7,1.000,7.4,16.4,26.4,47.6,92.5,149.7,146.2,142.9,140.3,137.5,134.4,131.0,125.4,116.0,81.8,50.5,31.0,20.3,9.6
1408,28.926,0.000,1366.9,280.2,3.3,5,19002,1.000,0.000,0.018,0.141,0.033,132.4,-11.8,0,-0.72,-0.850,142.6,320.6,1.000,7.5,17.5,29.4,57.8,149.6,143.2,139.3,135.4,132.4,129.0,125.1,120.3,109.5,89.5,66.8,44.3,28.5,19.2,9.4
1409,28.948,0.000,1368.6,280.5,5.0,5,19021,1.000,0.000,0.074,0.134,0.043,126.7,-11.8,0,-0.90,-0.850,140.7,315.5,1.000,7.7,18.3,31.4,65.7,145.4,138.6,134.3,130.1,126.7,122.8,118.0,111.2,93.6,78.6,60.4,41.4,27.2,18.6,9.2
1410,28.970,0.000,1370.3,280.8,3.9,5,19003,1.000,0.000,0.061,0.127,0.041,126.1,-12.9,0,-0.86,-0.850,138.9,313.9,1.000,7.7,18.3,31.2,64.2,144.1,137.5,133.4,129.3,126.1,122.4,118.0,112.3,96.4,80.4,61.4,41.7,27.3,18.6,9.2
1411,28.992,0.000,1372.0,281.1,1.4,5,19020,1.000,0.000,0.013,0.119,0.032,127.7,-13.1,0,-0.71,-0.850,137.2,314.1,1.000,7.7,17.9,29.9,58.4,144.3,138.1,134.3,130.6,127.7,124.5,120.8,116.6,108.2,89.4,66.4,43.8,28.1,18.9,9.2
1412,29.014,0.000,1373.7,281.4,-0.6,5,19048,1.000,0.000,-0.023,0.111,0.025,128.3,-12.8,0,-0.61,-0.850,135.3,313.6,1.000,7.7,17.6,29.0,54.7,143.9,138.0,134.4,131.0,128.3,125.3,122.1,118.4,112.1,97.9,70.8,45.6,28.8,19.1,9.2
1413,29.036,0.000,1375.5,281.6,-1.1,5,19070,1.000,0.000,-0.029,0.103,0.023,126.9,-12.7,0,-0.59,-0.850,133.5,311.6,1.000,7.8,17.7,29.0,54.4,142.3,136.5,133.0,129.6,126.9,124.1,121.0,117.4,111.5,99.3,71.4,45.7,28.7,19.1,9.2
1414,29.058,0.000,1377.2,281.9,-0.5,5,19072,1.000,0.000,-0.015,0.096,0.026,124.4,-13.2,0,-0.63,-0.850,131.6,308.6,1.000,7.9,18.0,29.7,56.3,139.9,134.0,130.4,127.0,124.4,121.5,118.3,114.7,108.5,95.0,69.0,44.6,28.2,18.8,9.1
1415,29.080,0.000,1378.9,282.2,0.2,5,19087,1.000,0.000,0.003,0.088,0.029,121.6,-13.3,0,-0.68,-0.850,129.8,305.3,1.000,8.0,18.4,30.5,58.7,137.3,131.4,127.8,124.3,121.6,118.7,115.4,111.7,105.1,90.2,66.3,43.4,27.7,18.5,9.0
1416,29.102,0.000,1380.6,282.5,0.5,5,19111,1.000,0.000,0.011,0.080,0.030,119.4,-13.2,0,-0.71,-0.850,127.9,302.5,1.000,8.1,18.6,31.0,60.1,135.1,129.2,125.6,122.1,119.4,116.4,113.2,109.4,102.8,87.8,64.9,42.7,27.3,18.3,8.9
1417,29.124,0.000,1382.4,282.8,0.4,5,19137,1.000,0.000,0.009,0.072,0.030,117.8,-13.0,0,-0.71,-0.850,126.1,300.2,1.000,8.1,18.7,31.2,60.3,133.3,127.4,123.9,120.4,117.8,114.9,111.7,108.1,101.7,87.8,64.7,42.5,27.1,18.2,8.8
1418,29.146,0.000,1384.1,283.0,0.1,5,19159,1.000,0.000,0.003,0.064,0.028,116.4,-12.9,0,-0.70,-0.850,124.2,298.0,1.000,8.2,18.8,31.2,60.0,131.7,125.9,122.4,119.0,116.4,113.6,110.5,107.1,101.1,88.7,65.1,42.5,27.1,18.1,8.8
1419,29.168,0.000,1385.8,283.3,-0.2,5,19161,1.000,0.000,-0.001,0.055,0.027,115.0,-13.3,0,-0.69,-0.850,122.4,295.8,1.000,8.2,18.9,31.3,59.9,130.0,124.2,120.8,117.5,115.0,112.2,109.2,105.9,100.2,89.3,65.3,42.5,27.0,18.0,8.7
1420,29.190,0.000,1387.5,283.6,-0.2,5,19182,1.000,0.000,-0.002,0.047,0.027,113.3,-13.3,0,-0.69,-0.850,120.5,293.4,1.000,8.3,19.1,31.5,60.1,128.1,122.4,119.1,115.8,113.3,110.6,107.7,104.4,98.9,89.1,65.0,42.3,26.8,17.9,8.7
1421,29.212,0.000,1389.3,283.8,-0.2,5,19206,1.000,0.000,-0.000,0.039,0.027,111.5,-13.1,0,-0.69,-0.850,118.7,290.8,1.000,8.4,19.2,31.8,60.7,126.2,120.5,117.2,114.0,111.5,108.9,106.0,102.7,97.4,88.2,64.5,41.9,26.6,17.8,8.6
1422,29.234,0.000,1391.0,284.1,-0.1,5,19227,1.000,0.000,0.002,0.031,0.027,109.7,-13.0,0,-0.71,-0.850,116.8,288.2,1.000,8.5,19.4,32.1,61.3,124.2,118.6,115.3,112.1,109.7,107.1,104.2,101.0,95.8,87.1,63.9,41.6,26.4,17.6,8.5
1423,29.256,0.000,1392.8,284.3,-0.0,5,19238,1.000,0.000,0.003,0.023,0.027,107.9,-13.2,0,-0.72,-0.850,114.9,285.6,1.000,8.5,19.6,32.3,61.8,122.3,116.7,113.4,110.3,107.9,105.3,102.5,99.4,94.4,86.1,63.4,41.3,26.2,17.5,8.5
1424,29.278,0.000,1394.5,284.6,-0.0,5,19254,0.000,0.000,0.002,0.016,0.027,106.2,-13.3,0,-0.72,-0.850,113.1,283.0,1.000,8.6,19.7,32.6,62.1,120.4,114.9,111.7,108.6,106.2,103.7,100.9,97.9,93.0,85.3,63.0,41.0,26.0,17.4,8.4
1425,29.300,0.000,1396.2,284.1,-0.1,5,18861,0.000,0.000,0.001,0.008,0.027,104.5,-23.4,0,-0.73,-0.850,111.2,280.4,1.000,8.7,19.8,32.7,62.3,118.6,113.1,109.9,106.9,104.5,102.1,99.4,96.4,91.7,84.5,62.9,40.8,25.9,17.2,8.3
1426,29.322,0.000,1398.0,283.2,-0.2,5,18803,0.000,0.000,-0.000,-0.000,0.026,102.9,-23.5,0,-0.73,-0.850,109.3,277.9,1.000,8.7,19.9,32.9,62.5,116.7,111.4,108.2,105.2,102.9,100.5,97.8,95.0,90.4,83.6,62.7,40.6,25.7,17.1,8.3
1427,29.344,0.000,1399.7,282.4,-0.2,5,18747,0.000,0.000,-0.001,-0.008,0.026,101.2,-23.4,0,-0.73,-0.850,107.5,275.3,1.000,8.8,20.1,33.1,62.7,114.9,109.6,106.4,103.5,101.2,98.8,96.3,93.5,89.1,82.6,62.5,40.4,25.6,17.0,8.2
1428,29.366,0.000,1401.4,281.6,-0.2,5,18694,0.000,0.000,-0.001,-0.015,0.025,99.5,-23.3,0,-0.74,-0.850,105.6,272.6,1.000,8.8,20.2,33.3,63.1,113.0,107.7,104.7,101.7,99.5,97.2,94.7,91.9,87.6,81.5,62.1,40.2,25.4,16.9,8.2
1429,29.388,0.000,1403.1,280.7,-0.2,5,18638,0.000,0.542,-0.001,-0.023,0.025,97.8,-23.3,0,-0.76,-0.850,103.8,269.9,0.000,8.9,20.4,33.5,63.5,111.1,105.9,102.8,100.0,97.8,95.5,93.0,90.4,86.2,80.3,61.7,39.9,25.2,16.8,8.1
1430,29.410,0.000,1404.8,278.8,-0.2,5,18326,0.000,0.585,0.000,-0.030,0.025,96.1,-10.6,0,-0.77,-0.850,102.0,267.1,0.000,9.0,20.5,33.7,63.9,109.2,104.1,101.0,98.2,96.1,93.8,91.4,88.8,84.7,79.1,61.3,39.6,25.0,16.7,8.0
1431,29.432,0.000,1406.5,276.2,-0.1,5,18128,0.000,0.591,0.001,-0.037,0.025,94.4,-8.9,0,-0.78,-0.850,100.1,264.4,0.000,9.0,20.6,34.0,64.2,107.3,102.2,99.3,96.5,94.4,92.1,89.8,87.2,83.3,77.9,60.9,39.4,24.9,16.5,8.0
1432,29.454,0.000,1408.2,273.5,-0.2,5,17949,0.000,0.592,0.001,-0.045,0.025,92.7,-8.7,0,-0.79,-0.850,98.3,261.7,0.000,9.1,20.8,34.1,64.5,105.5,100.5,97.5,94.8,92.7,90.5,88.2,85.7,81.9,76.7,60.7,39.1,24.7,16.4,7.9
1433,29.476,0.000,1409.9,270.9,-0.2,5,17766,0.000,0.592,0.000,-0.052,0.024,91.1,-8.8,0,-0.80,-0.850,96.6,259.0,0.000,9.1,20.9,34.3,64.7,103.7,98.7,95.8,93.1,91.1,88.9,86.7,84.3,80.5,75.6,60.4,38.9,24.6,16.3,7.9
1434,29.498,0.000,1411.5,268.2,-0.2,5,17584,0.000,0.594,-0.001,-0.058,0.024,89.5,-8.6,0,-0.81,-0.850,94.8,256.3,0.000,9.2,21.0,34.5,64.9,101.9,97.0,94.1,91.5,89.5,87.4,85.2,82.8,79.2,74.4,60.2,38.8,24.4,16.2,7.8
1435,29.520,0.000,1413.2,265.5,-0.2,5,17403,0.000,0.597,-0.000,-0.065,0.024,87.9,-8.5,0,-0.83,-0.850,93.0,253.6,0.000,9.3,21.1,34.6,65.5,100.1,95.3,92.5,89.8,87.9,85.8,83.6,81.3,77.8,73.2,59.9,38.5,24.3,16.1,7.7
1436,29.542,0.000,1414.8,262.9,-0.2,5,17224,0.212,0.000,0.016,-0.072,0.024,86.3,-8.1,0,-1.31,-0.850,91.3,263.6,0.212,9.3,21.2,34.8,106.8,98.4,93.6,90.8,88.2,86.3,84.2,82.1,79.9,76.5,72.0,59.7,38.3,24.1,16.0,7.7
1437,29.564,0.000,1416.4,261.6,-0.2,5,17374,0.000,0.000,0.011,-0.078,0.023,84.9,-18.9,0,-1.30,-0.850,89.6,261.1,0.212,9.4,21.3,34.8,105.1,96.8,92.0,89.3,86.8,84.9,82.9,80.8,78.7,75.4,71.1,60.0,38.4,24.1,15.9,7.7
1438,29.586,0.000,1418.0,260.9,-0.4,5,17312,0.000,0.000,0.002,-0.084,0.021,83.7,-21.6,0,-1.28,-0.850,87.9,258.7,0.212,9.4,21.3,34.7,103.5,95.3,90.6,88.0,85.5,83.7,81.7,79.7,77.6,74.5,70.4,60.5,38.6,24.1,15.9,7.6
1439,29.608,0.000,1419.5,260.2,-0.6,5,17253,0.000,0.000,-0.005,-0.090,0.019,82.3,-21.6,0,-1.27,-0.850,86.2,256.2,0.212,9.4,21.3,34.6,101.8,93.7,89.2,86.5,84.1,82.3,80.4,78.5,76.4,73.4,69.6,60.4,38.7,24.1,15.9,7.6
1440,29.630,0.000,1421.1,259.5,-0.6,5,17201,0.000,0.000,0.144,-0.096,0.019,80.8,-21.5,0,-1.27,0.000,84.5,253.4,0.212,9.5,21.4,34.7,100.0,92.0,87.5,84.9,82.5,80.8,78.9,77.0,75.0,72.1,68.3,59.7,38.6,24.0,15.8,7.5
1441,29.652,0.000,1422.7,258.7,-0.4,5,17150,0.000,0.000,0.121,-0.101,0.014,80.1,-21.3,0,-1.23,0.000,82.8,251.6,0.212,9.5,21.2,34.1,98.8,91.0,86.6,84.1,81.8,80.1,78.3,76.5,74.6,71.7,68.3,60.5,39.7,24.3,15.9,7.5
1442,29.674,0.000,1424.3,258.0,-1.7,5,17098,0.000,0.934,0.044,-0.104,0.003,80.7,-21.3,0,-0.62,0.000,81.2,239.3,0.000,9.4,20.5,32.3,57.0,91.1,86.9,84.5,82.3,80.7,79.0,77.3,75.6,73.0,69.8,63.1,43.2,25.5,16.4,7.6
1443,29.696,0.000,1425.9,255.6,-3.4,5,16587,0.000,0.825,-0.015,-0.106,-0.009,81.1,7.3,0,-0.46,0.000,81.1,239.1,0.000,9.3,19.9,30.7,50.9,91.0,87.0,84.7,82.6,81.1,79.5,77.9,76.3,73.8,70.9,64.9,47.3,26.9,16.9,7.7
1444,29.718,0.000,1427.4,252.5,-3.9,5,16391,0.000,0.756,-0.041,-0.107,-0.014,80.4,14.3,0,-0.40,0.000,80.4,237.3,0.000,9.3,19.6,30.0,49.0,90.0,86.1,83.8,81.8,80.4,78.8,77.3,75.7,73.4,70.6,64.9,49.5,27.6,17.1,7.7
1445,29.740,0.000,1429.0,249.2,-3.3,5,16202,0.000,0.733,-0.038,-0.107,-0.013,78.7,10.2,0,-0.41,0.000,78.7,234.5,0.000,9.3,19.7,30.1,49.4,88.2,84.3,82.1,80.1,78.7,77.2,75.6,74.1,71.8,69.1,63.5,49.1,27.5,17.1,7.7
1446,29.762,0.000,1430.5,246.0,-2.1,5,16002,0.000,0.000,-0.001,-0.107,-0.010,76.5,3.9,0,-0.99,0.000,76.5,242.4,0.000,9.3,19.9,30.6,93.0,85.9,82.1,79.9,77.9,76.5,75.0,73.5,71.9,69.7,67.0,61.5,47.5,27.0,16.9,7.7
1447,29.784,0.000,1432.0,244.2,-0.9,5,16207,0.000,0.000,0.015,-0.106,-0.007,74.4,-19.4,0,-1.01,0.000,74.4,238.9,0.000,9.3,20.0,31.0,90.9,83.8,80.0,77.8,75.9,74.4,73.0,71.5,69.9,67.7,65.1,59.7,46.3,26.6,16.8,7.6
1448,29.806,0.000,1433.5,243.5,-0.3,5,16162,0.000,0.000,0.016,-0.105,-0.006,72.8,-20.1,0,-1.01,0.000,72.8,236.0,0.000,9.3,20.0,31.0,89.1,82.1,78.3,76.2,74.2,72.8,71.4,69.9,68.4,66.3,63.7,58.5,45.9,26.6,16.8,7.6
1449,29.828,0.000,1434.9,242.8,-0.3,5,16122,0.000,0.473,0.010,-0.104,-0.007,71.5,-20.1,0,-1.00,0.000,71.5,233.4,0.000,9.3,19.9,30.8,87.5,80.6,76.8,74.8,72.9,71.5,70.1,68.7,67.2,65.1,62.6,57.6,45.8,26.8,16.9,7.7
1450,29.850,0.000,1436.4,241.3,-0.4,5,15851,0.000,0.525,0.003,-0.102,-0.009,70.2,-8.3,0,-0.98,0.000,70.2,230.8,0.000,9.3,19.8,30.6,85.9,79.1,75.4,73.4,71.6,70.2,68.8,67.4,66.0,64.0,61.5,56.8,45.7,27.0,17.0,7.7
1451,29.872,0.000,1437.9,239.1,-0.4,5,15678,0.000,0.555,-0.002,-0.101,-0.010,68.8,-4.3,0,-0.97,0.000,68.8,228.0,0.000,9.3,19.7,30.4,84.3,77.6,74.0,72.0,70.1,68.8,67.5,66.1,64.7,62.7,60.4,55.8,45.3,27.2,17.0,7.7
1452,29.894,0.000,1439.3,236.8,-0.4,5,15508,0.000,0.585,-0.002,-0.099,-0.010,67.3,-2.2,0,-0.97,0.000,67.3,225.1,0.000,9.2,19.7,30.3,82.6,76.0,72.4,70.4,68.6,67.3,66.0,64.7,63.3,61.4,59.1,54.7,44.7,27.2,17.1,7.7
1453,29.916,0.000,1440.8,234.4,-0.2,5,15322,0.000,0.615,-0.000,-0.097,-0.009,65.8,-1.4,0,-0.97,0.000,65.8,222.1,0.000,9.2,19.7,30.3,80.9,74.3,70.8,68.8,67.1,65.8,64.5,63.2,61.9,60.0,57.8,53.5,44.0,27.2,17.1,7.7
1454,29.938,0.000,1442.2,231.9,-0.1,5,15130,0.000,0.642,0.002,-0.095,-0.009,64.3,-0.9,0,-0.97,0.000,64.3,219.0,0.000,9.2,19.7,30.4,79.1,72.6,69.2,67.2,65.5,64.3,63.0,61.8,60.5,58.6,56.5,52.3,43.2,27.2,17.1,7.7
1455,29.960,0.000,1443.6,229.3,0.0,5,14938,0.000,0.671,0.003,-0.093,-0.008,62.8,-0.1,0,-0.97,0.000,62.8,215.9,0.000,9.2,19.7,30.3,77.4,71.0,67.6,65.7,64.0,62.8,61.6,60.3,59.1,57.3,55.2,51.1,42.5,27.3,17.1,7.8
1456,29.982,0.000,1445.0,226.6,0.1,5,14742,0.000,0.680,0.004,-0.091,-0.008,61.4,0.3,0,-0.97,0.000,61.4,213.0,0.000,9.2,19.6,30.3,75.8,69.4,66.1,64.2,62.6,61.4,60.2,58.9,57.7,56.0,53.9,50.0,41.8,27.3,17.2,7.8
1457,30.004,0.000,1446.4,223.9,0.1,5,14556,0.000,0.694,0.003,-0.089,-0.008,60.0,1.3,0,-0.96,0.000,60.0,210.0,0.000,9.2,19.6,30.2,74.2,67.9,64.6,62.8,61.1,60.0,58.8,57.6,56.4,54.7,52.7,48.9,41.0,27.4,17.2,7.8
1458,30.026,0.000,1447.7,221.2,0.1,5,14382,0.000,0.706,0.002,-0.087,-0.008,58.6,3.5,0,-0.96,0.000,58.6,207.1,0.000,9.1,19.6,30.2,72.6,66.4,63.1,61.3,59.8,58.6,57.5,56.3,55.1,53.5,51.5,47.9,40.3,27.4,17.2,7.8
1459,30.048,0.000,1449.1,218.5,0.0,5,14188,0.000,0.720,0.002,-0.085,-0.008,57.3,5.6,0,-0.96,0.000,57.3,204.1,0.000,9.1,19.5,30.4,71.0,64.9,61.7,59.9,58.4,57.3,56.1,55.0,53.8,52.2,50.4,46.8,39.6,27.5,17.3,7.8
1460,30.070,0.000,1450.4,215.7,0.0,5,13990,0.000,0.734,0.001,-0.083,-0.008,55.9,8.4,0,-0.96,0.000,55.9,201.1,0.000,9.1,19.5,30.7,69.4,63.4,60.2,58.5,57.0,55.9,54.8,53.7,52.6,51.0,49.2,45.8,38.8,27.5,17.3,7.8
1461,30.092,0.000,1451.7,213.0,0.0,5,13791,0.000,0.749,0.002,-0.081,-0.008,54.6,11.7,0,-0.98,0.000,54.6,198.0,0.000,9.1,19.4,31.4,67.9,61.9,58.8,57.1,55.6,54.6,53.5,52.4,51.3,49.8,48.0,44.7,38.1,27.4,17.4,7.9
1462,30.114,0.000,1453.0,210.2,0.0,5,13590,0.000,0.763,0.003,-0.079,-0.008,53.2,15.0,0,-1.01,0.000,53.2,195.0,0.000,9.1,19.4,32.9,66.3,60.4,57.4,55.7,54.3,53.2,52.2,51.1,50.1,48.6,46.9,43.7,37.3,27.2,17.4,7.9
1463,30.136,0.000,1454.3,207.4,0.1,5,13390,0.000,0.777,0.203,-0.078,-0.008,51.9,19.0,0,-2.18,0.416,51.9,191.9,0.000,9.1,19.4,73.8,64.8,59.0,56.0,54.4,53.0,51.9,50.9,49.9,48.9,47.4,45.8,42.7,36.5,27.0,17.4,7.9
1464,30.158,0.000,1455.5,204.7,0.2,4,14823,0.000,0.769,0.339,-0.075,-0.011,50.9,29.7,0,-2.16,0.474,50.9,189.3,0.000,9.0,19.2,72.4,63.5,57.8,54.9,53.3,51.9,50.9,49.9,48.9,47.9,46.5,44.9,41.9,36.0,27.0,17.6,7.9
1465,30.180,0.000,1456.8,202.2,-0.5,4,14759,0.000,0.704,0.342,-0.073,-0.019,50.6,42.2,0,-2.10,0.530,50.6,188.1,0.000,8.9,18.7,71.7,62.9,57.3,54.5,52.9,51.6,50.6,49.6,48.7,47.7,46.3,44.8,41.9,36.2,27.4,18.1,8.0
1466,30.202,0.000,1458.0,199.6,-1.8,4,14318,0.000,0.298,0.326,-0.069,-0.032,50.7,47.3,0,-2.02,0.585,50.7,187.7,0.000,8.8,18.1,71.3,62.7,57.3,54.5,53.0,51.7,50.7,49.8,48.8,47.9,46.5,45.0,42.2,36.6,28.2,18.9,8.2
1467,30.224,0.000,1459.2,197.3,-3.1,4,14378,0.000,0.498,0.126,-0.064,-0.045,50.9,30.9,0,-0.75,0.000,50.9,187.3,0.000,8.6,17.3,29.7,62.7,57.3,54.6,53.1,51.8,50.9,50.0,49.1,48.1,46.8,45.4,42.6,37.2,28.9,19.8,8.3
1468,30.246,0.000,1460.4,195.0,-4.4,4,14081,0.000,0.394,-0.074,-0.057,-0.059,51.1,19.6,0,-0.63,0.000,51.1,187.1,0.000,8.5,16.7,27.2,62.6,57.3,54.7,53.2,52.0,51.1,50.2,49.3,48.4,47.1,45.6,43.0,37.7,29.6,20.6,8.5
1469,30.268,0.000,1461.6,192.7,-5.3,4,13968,0.000,0.347,-0.253,-0.050,-0.067,50.7,4.3,0,-0.58,0.000,50.7,185.8,0.000,8.4,16.2,26.5,61.9,56.8,54.2,52.8,51.6,50.7,49.8,48.9,48.0,46.8,45.4,42.8,37.6,29.8,21.0,8.7
1470,30.290,0.000,1462.8,190.8,-5.0,4,13887,0.000,0.416,-0.204,-0.042,-0.065,49.2,-1.9,0,-1.81,0.000,49.2,182.5,0.000,8.3,16.2,68.3,60.3,55.2,52.6,51.2,50.0,49.2,48.3,47.4,46.6,45.4,44.0,41.5,36.5,29.0,20.7,8.7
1471,30.312,0.000,1463.9,189.0,-2.8,4,13740,0.000,0.622,-0.142,-0.035,-0.051,46.6,-2.7,0,-1.89,0.000,46.6,176.6,0.000,8.4,16.9,65.6,57.5,52.5,50.0,48.6,47.4,46.6,45.7,44.9,44.1,42.9,41.6,39.1,34.4,27.4,19.8,8.6
1472,30.334,0.000,1465.1,187.0,-0.2,4,13452,0.000,0.846,-0.062,-0.028,-0.034,43.8,4.2,0,-1.99,0.000,43.8,170.0,0.000,8.4,18.0,62.6,54.5,49.5,47.1,45.7,44.6,43.8,42.9,42.1,41.3,40.2,38.9,36.6,32.2,25.7,18.8,8.5
1473,30.356,0.000,1466.2,184.5,2.0,4,13054,0.000,1.000,0.138,-0.022,-0.019,41.3,19.5,0,-2.09,0.920,41.3,163.8,0.000,8.5,19.4,59.8,51.8,46.9,44.5,43.2,42.1,41.3,40.5,39.7,38.9,37.9,36.7,34.4,30.3,24.3,18.0,8.5
1474,30.378,0.000,1467.3,181.9,3.4,3,15917,0.000,0.500,0.338,-0.016,-0.010,39.4,45.0,0,-2.17,0.920,39.4,158.6,0.000,8.5,21.0,57.6,49.6,44.9,42.5,41.2,40.2,39.4,38.6,37.9,37.1,36.1,35.0,32.8,28.9,23.3,17.5,8.4
1475,30.400,0.000,1468.4,179.3,3.6,3,15845,0.000,0.500,0.538,-0.010,-0.010,38.3,44.6,0,-2.22,0.920,38.3,155.7,0.000,8.5,22.3,56.1,48.3,43.6,41.3,40.1,39.0,38.3,37.5,36.8,36.1,35.1,34.0,31.9,28.1,22.8,17.2,8.5
1476,30.422,0.000,1469.5,177.2,2.7,3,15657,0.000,0.500,0.570,-0.005,-0.019,37.9,39.9,0,-2.20,0.920,37.9,154.7,0.000,8.4,22.4,55.5,47.8,43.2,40.9,39.7,38.7,37.9,37.2,36.5,35.8,34.8,33.7,31.7,28.0,22.8,17.3,8.6
1477,30.444,0.000,1470.6,174.9,0.8,3,15446,0.000,0.479,0.480,0.002,-0.035,38.2,39.7,0,-2.10,0.920,38.2,155.8,0.000,8.2,21.2,55.6,48.0,43.4,41.2,40.0,39.0,38.2,37.5,36.8,36.1,35.2,34.1,32.1,28.4,23.2,17.7,8.8
1478,30.466,0.000,1471.7,172.7,-1.6,3,15221,0.000,0.792,0.387,0.009,-0.056,38.8,36.5,0,-1.98,0.920,38.8,156.9,0.000,8.0,19.7,56.0,48.5,43.9,41.7,40.6,39.6,38.8,38.1,37.4,36.7,35.8,34.7,32.7,29.0,23.7,18.1,9.0
1479,30.488,0.000,1472.7,170.3,-3.9,3,14621,0.000,0.309,0.307,0.018,-0.077,39.4,47.8,0,-1.88,0.920,39.4,158.0,0.000,7.8,18.5,56.4,49.0,44.5,42.3,41.2,40.1,39.4,38.7,38.0,37.3,36.4,35.3,33.3,29.6,24.3,18.6,9.3
1480,30.510,0.000,1473.7,168.0,-5.8,3,14758,0.000,0.233,0.236,0.027,-0.096,39.8,35.4,0,-1.81,0.920,39.8,158.6,0.000,7.6,17.7,56.6,49.3,44.9,42.7,41.5,40.6,39.8,39.1,38.5,37.8,36.8,35.7,33.8,30.1,24.7,19.0,9.4
1481,30.532,0.000,1474.8,165.9,-7.1,3,14703,0.000,0.371,0.177,0.038,-0.112,40.1,16.7,0,-1.75,0.920,40.1,158.5,0.000,7.5,17.1,56.6,49.4,45.0,42.9,41.7,40.8,40.1,39.4,38.7,38.0,37.1,36.0,34.0,30.4,25.0,19.3,9.6
1482,30.554,0.000,1475.8,164.1,-7.9,3,14410,0.000,0.000,0.122,0.050,-0.128,40.1,7.7,0,-1.71,0.920,40.1,158.5,0.000,7.4,16.7,56.5,49.4,45.1,42.9,41.8,40.8,40.1,39.5,38.8,38.1,37.2,36.1,34.2,30.5,25.2,19.5,9.7
1483,30.576,0.000,1476.8,162.6,-8.4,3,14593,0.000,0.000,0.116,0.064,-0.133,40.2,-10.7,0,-1.66,0.920,40.2,158.3,0.000,7.3,16.3,56.3,49.3,45.0,42.9,41.8,40.9,40.2,39.5,38.8,38.2,37.2,36.2,34.3,30.7,25.4,19.7,9.9
1484,30.598,0.000,1477.8,161.8,-8.7,3,14559,0.000,0.000,0.126,0.077,-0.134,40.3,-15.2,0,-1.62,0.920,40.3,158.3,0.000,7.1,15.9,56.2,49.2,45.1,43.0,41.9,40.9,40.3,39.6,38.9,38.3,37.3,36.3,34.4,30.8,25.6,19.8,10.0
1485,30.620,0.000,1478.7,161.2,-9.0,3,14513,0.000,0.000,0.136,0.090,-0.135,40.3,-15.6,0,-1.58,0.920,40.3,158.5,0.000,7.0,15.6,56.1,49.2,45.1,43.0,41.9,41.0,40.3,39.6,39.0,38.3,37.4,36.4,34.5,31.0,25.7,20.0,10.1
1486,30.642,0.000,1479.7,160.6,-9.1,3,14466,0.000,0.000,0.152,0.103,-0.136,40.3,-15.5,0,-1.55,0.920,40.3,158.1,0.000,6.9,15.3,55.9,49.0,44.9,42.9,41.8,40.9,40.3,39.6,38.9,38.3,37.4,36.4,34.5,31.0,25.8,20.1,10.2
1487,30.664,0.000,1480.7,160.0,-8.9,3,14418,0.000,0.000,0.177,0.116,-0.134,40.1,-15.3,0,-1.52,0.920,40.1,157.5,0.000,6.8,15.2,55.5,48.8,44.7,42.7,41.7,40.7,40.1,39.4,38.8,38.2,37.3,36.3,34.4,31.0,25.8,20.2,10.3
1488,30.686,0.000,1481.7,159.5,-8.6,3,14371,0.000,0.000,0.208,0.128,-0.131,39.8,-15.1,0,-1.50,0.920,39.8,156.1,0.000,6.8,15.1,55.1,48.4,44.4,42.4,41.4,40.5,39.8,39.2,38.5,37.9,37.0,36.0,34.2,30.8,25.8,20.2,10.4
1489,30.708,0.000,1482.7,158.9,-8.1,3,14322,0.000,0.000,0.220,0.141,-0.127,39.5,-14.8,0,-1.48,0.920,39.5,154.5,0.000,6.7,15.0,54.6,47.9,44.0,42.0,41.0,40.1,39.5,38.9,38.2,37.6,36.8,35.8,34.0,30.6,25.7,20.2,10.4
1490,30.730,0.000,1483.7,158.4,-7.7,3,14272,0.000,0.000,0.227,0.153,-0.124,39.2,-14.6,0,-1.46,0.920,39.2,153.0,0.000,6.6,15.0,54.1,47.5,43.6,41.7,40.7,39.8,39.2,38.6,38.0,37.3,36.5,35.5,33.8,30.5,25.6,20.2,10.5
1491,30.752,0.000,1484.7,157.8,-7.5,3,14222,0.000,0.294,0.233,0.165,-0.121,38.9,-14.5,0,-1.44,0.920,38.9,151.9,0.000,6.5,14.9,53.7,47.2,43.3,41.4,40.4,39.6,38.9,38.3,37.7,37.1,36.3,35.3,33.6,30.3,25.5,20.2,10.6
1492,30.774,0.000,1485.6,156.9,-7.4,3,13894,0.000,0.000,0.234,0.176,-0.119,38.8,-4.3,0,-1.42,0.920,38.8,151.5,0.000,6.4,14.8,53.4,46.9,43.1,41.2,40.2,39.4,38.8,38.1,37.5,37.0,36.1,35.2,33.5,30.3,25.5,20.2,10.6
1493,30.796,0.000,1486.6,155.9,-7.4,3,14022,0.000,0.000,0.230,0.188,-0.119,38.6,-10.5,0,-1.39,0.920,38.6,151.1,0.000,6.4,14.6,53.1,46.7,42.9,41.1,40.1,39.2,38.6,38.0,37.4,36.8,36.0,35.1,33.4,30.2,25.5,20.3,10.7
1494,30.818,0.000,1487.6,155.2,-7.6,3,13979,0.000,0.000,0.219,0.199,-0.119,38.6,-13.2,0,-1.36,0.920,38.6,151.1,0.000,6.3,14.3,53.0,46.6,42.8,41.0,40.0,39.2,38.6,38.0,37.4,36.8,36.0,35.1,33.5,30.3,25.6,20.4,10.8
1495,30.840,0.000,1488.5,154.6,-8.0,3,13923,0.000,0.000,0.203,0.210,-0.121,38.7,-14.1,0,-1.33,0.920,38.7,151.2,0.000,6.2,14.0,52.9,46.5,42.8,41.0,40.1,39.2,38.7,38.1,37.5,36.9,36.1,35.2,33.6,30.4,25.8,20.5,10.9
1496,30.862,0.000,1489.5,154.0,-8.4,3,13868,0.000,0.000,0.185,0.221,-0.123,38.7,-14.4,0,-1.29,0.920,38.7,151.5,0.000,6.1,13.6,52.9,46.5,42.9,41.1,40.1,39.3,38.7,38.1,37.6,37.0,36.2,35.3,33.7,30.6,25.9,20.7,11.0
1497,30.884,0.000,1490.4,153.4,-8.8,3,13813,0.000,0.000,0.167,0.231,-0.125,38.8,-14.6,0,-1.26,0.920,38.8,151.7,0.000,6.0,13.3,52.9,46.5,42.9,41.1,40.2,39.4,38.8,38.2,37.6,37.1,36.3,35.4,33.8,30.7,26.1,20.9,11.1
1498,30.906,0.000,1491.4,152.8,-9.1,3,13758,0.000,0.000,0.152,0.242,-0.127,38.8,-14.7,0,-1.23,0.920,38.8,151.4,0.000,5.9,13.0,52.8,46.5,42.9,41.1,40.2,39.4,38.8,38.2,37.7,37.1,36.3,35.5,33.8,30.8,26.2,21.0,11.2
1499,30.928,0.000,1492.3,152.3,-9.4,3,13706,0.000,0.000,0.142,0.252,-0.128,38.8,-14.8,0,-1.21,0.920,38.8,150.9,0.000,5.8,12.8,52.7,46.4,42.8,41.1,40.1,39.3,38.8,38.2,37.6,37.1,36.3,35.4,33.9,30.8,26.3,21.1,11.3
1500,30.950,0.000,1493.3,151.7,-9.5,3,13657,0.000,0.000,0.136,0.262,-0.127,38.7,-14.7,0,-1.19,0.920,38.7,150.6,0.000,5.7,12.6,52.5,46.3,42.7,40.9,40.0,39.2,38.7,38.1,37.5,37.0,36.2,35.4,33.8,30.8,26.3,21.1,11.4
1501,30.972,0.000,1494.2,151.2,-9.5,3,13608,0.000,0.000,0.134,0.272,-0.126,38.5,-14.7,0,-1.17,0.920,38.5,150.0,0.000,5.7,12.4,52.3,46.0,42.5,40.7,39.8,39.1,38.5,37.9,37.4,36.9,36.1,35.3,33.7,30.7,26.3,21.2,11.5
1502,30.994,0.000,1495.2,150.6,-9.4,3,13560,0.000,0.000,0.136,0.281,-0.125,38.3,-14.6,0,-1.15,0.920,38.3,149.3,0.000,5.6,12.3,52.0,45.8,42.2,40.5,39.6,38.9,38.3,37.8,37.2,36.7,35.9,35.1,33.6,30.6,26.2,21.2,11.5
1503,31.016,0.000,1496.1,150.1,-9.2,3,13515,0.000,0.000,0.141,0.291,-0.122,38.1,-14.5,0,-1.14,0.920,38.1,148.7,0.000,5.5,12.3,51.7,45.5,42.0,40.3,39.4,38.6,38.1,37.5,37.0,36.5,35.7,34.9,33.4,30.5,26.1,21.2,11.6
1504,31.038,0.000,1497.1,149.6,-9.0,3,13473,0.000,0.000,0.148,0.300,-0.120,37.8,-14.3,0,-1.13,0.920,37.8,148.5,0.000,5.5,12.2,51.4,45.2,41.7,40.0,39.1,38.4,37.8,37.3,36.8,36.2,35.5,34.7,33.2,30.3,26.0,21.1,11.6
1505,31.060,0.000,1498.0,149.1,-8.7,3,13429,0.000,0.000,0.156,0.309,-0.117,37.6,-14.2,0,-1.12,0.920,37.6,148.2,0.000,5.4,12.2,51.1,44.9,41.4,39.7,38.8,38.1,37.6,37.0,36.5,36.0,35.3,34.4,33.0,30.1,25.9,21.1,11.6
1506,31.082,0.000,1499.0,148.6,-8.4,3,13385,0.000,0.000,0.165,0.317,-0.114,37.3,-14.1,0,-1.11,0.920,37.3,147.6,0.000,5.4,12.1,50.7,44.6,41.1,39.4,38.6,37.8,37.3,36.8,36.2,35.7,35.0,34.2,32.8,30.0,25.8,21.0,11.7
1507,31.104,0.000,1499.9,148.0,-8.2,3,13343,0.000,0.000,0.173,0.326,-0.111,37.0,-13.9,0,-1.10,0.920,37.0,147.0,0.000,5.3,12.1,50.4,44.3,40.8,39.2,38.3,37.6,37.0,36.5,36.0,35.5,34.8,34.0,32.5,29.8,25.7,21.0,11.7
1508,31.126,0.000,1500.8,147.5,-7.9,3,13302,0.000,0.000,0.182,0.334,-0.108,36.8,-13.7,0,-1.09,0.920,36.8,146.9,0.000,5.3,12.1,50.1,44.0,40.5,38.9,38.0,37.3,36.8,36.3,35.8,35.2,34.5,33.8,32.3,29.6,25.6,20.9,11.7
1509,31.148,0.000,1501.8,147.0,-7.7,3,13257,0.000,0.000,0.190,0.342,-0.105,36.5,-13.6,0,-1.08,0.920,36.5,146.5,0.000,5.2,12.1,49.8,43.7,40.3,38.6,37.8,37.1,36.5,36.0,35.5,35.0,34.3,33.5,32.1,29.4,25.4,20.8,11.8
1510,31.170,0.000,1502.7,146.5,-7.5,3,13211,0.000,0.000,0.197,0.350,-0.103,36.3,-13.5,0,-1.07,0.920,36.3,145.9,0.000,5.2,12.1,49.6,43.4,40.0,38.4,37.6,36.8,36.3,35.8,35.3,34.8,34.1,33.4,32.0,29.3,25.3,20.8,11.8
1511,31.192,0.000,1503.6,146.0,-7.4,3,13168,0.000,0.000,0.204,0.357,-0.100,36.1,-13.4,0,-1.07,0.920,36.1,145.5,0.000,5.1,12.0,49.3,43.2,39.8,38.2,37.4,36.6,36.1,35.6,35.1,34.6,33.9,33.2,31.8,29.2,25.2,20.8,11.8
1512,31.214,0.000,1504.5,145.5,-7.3,3,13126,0.000,0.000,0.209,0.364,-0.098,35.9,-13.2,0,-1.06,0.920,35.9,145.0,0.000,5.1,12.0,49.1,43.0,39.6,38.0,37.2,36.4,35.9,35.4,34.9,34.4,33.8,33.0,31.6,29.0,25.2,20.7,11.9
1513,31.236,0.000,1505.5,145.0,-7.2,3,13079,0.000,0.000,0.212,0.371,-0.097,35.8,-13.2,0,-1.05,0.920,35.8,144.6,0.000,5.0,12.0,49.0,42.8,39.5,37.8,37.0,36.3,35.8,35.3,34.8,34.3,33.6,32.9,31.5,28.9,25.1,20.7,11.9
1514,31.258,0.000,1506.4,144.5,-7.2,3,13030,0.000,0.000,0.215,0.378,-0.095,35.7,-13.2,0,-1.05,0.920,35.7,144.3,0.000,5.0,11.9,48.8,42.7,39.3,37.7,36.9,36.2,35.7,35.2,34.7,34.2,33.5,32.7,31.4,28.8,25.0,20.7,11.9
1515,31.280,0.000,1507.3,144.0,-7.3,3,12986,0.149,0.000,0.216,0.385,-0.094,35.5,-13.1,0,-1.04,0.920,35.5,144.1,0.149,4.9,11.8,48.7,42.6,39.2,37.6,36.8,36.0,35.5,35.0,34.6,34.1,33.4,32.6,31.3,28.7,25.0,20.6,12.0
1516,31.302,0.000,1508.2,143.5,-7.3,3,13001,0.199,0.000,0.218,0.391,-0.093,35.4,-9.9,0,-1.04,0.920,35.4,143.8,0.199,4.9,11.8,48.6,42.5,39.1,37.5,36.7,35.9,35.4,34.9,34.4,34.0,33.3,32.5,31.2,28.7,24.9,20.6,12.0
1517,31.324,0.000,1509.1,143.3,-7.2,3,13040,0.249,0.000,0.219,0.397,-0.092,35.3,-8.4,0,-1.04,0.920,35.3,143.6,0.249,4.8,11.7,48.6,42.4,39.0,37.4,36.5,35.8,35.3,34.8,34.3,33.9,33.2,32.4,31.1,28.6,24.8,20.6,12.0
1518,31.346,0.000,1510.0,143.0,-7.2,3,13095,0.299,0.000,0.224,0.403,-0.090,35.2,-7.1,0,-1.04,0.920,35.2,143.3,0.299,4.8,11.7,48.5,42.3,38.9,37.3,36.4,35.7,35.2,34.7,34.2,33.7,33.1,32.3,31.0,28.5,24.8,20.6,12.0
1519,31.368,0.000,1511.0,142.9,-7.2,3,13165,0.349,0.000,0.231,0.408,-0.088,35.1,-5.8,0,-1.04,0.920,35.1,143.0,0.349,4.8,11.7,48.3,42.1,38.7,37.1,36.3,35.6,35.1,34.6,34.1,33.6,32.9,32.2,30.9,28.4,24.7,20.5,12.0
1520,31.390,0.000,1511.9,142.8,-7.0,3,13247,0.000,0.000,0.243,0.414,-0.085,34.9,-4.7,0,-1.04,0.920,34.9,142.6,0.349,4.7,11.8,48.1,41.9,38.5,36.9,36.1,35.4,34.9,34.4,33.9,33.4,32.8,32.0,30.7,28.2,24.6,20.4,12.0
1521,31.412,0.000,1512.8,142.5,-6.7,3,13164,0.000,0.000,0.257,0.419,-0.081,34.7,-11.5,0,-1.05,0.920,34.7,142.1,0.349,4.7,12.0,47.9,41.7,38.3,36.7,35.9,35.2,34.7,34.2,33.7,33.2,32.6,31.8,30.5,28.0,24.4,20.3,12.0
1522,31.434,0.000,1513.7,142.0,-6.5,3,13075,0.000,0.000,0.272,0.423,-0.078,34.5,-12.3,0,-1.06,0.920,34.5,141.7,0.349,4.7,12.1,47.8,41.5,38.1,36.5,35.7,35.0,34.5,34.0,33.5,33.0,32.4,31.6,30.3,27.8,24.3,20.2,12.0
1523,31.456,0.000,1514.6,141.5,-6.3,3,12991,0.000,0.000,0.283,0.428,-0.075,34.3,-12.3,0,-1.06,0.920,34.3,141.4,0.349,4.7,12.3,47.6,41.4,38.0,36.4,35.5,34.8,34.3,33.8,33.4,32.9,32.2,31.5,30.2,27.7,24.2,20.1,12.0
1524,31.478,0.000,1515.5,141.0,-6.2,3,12914,0.399,0.000,0.292,0.432,-0.073,34.2,-12.1,0,-1.07,0.920,34.2,141.2,0.399,4.6,12.4,47.6,41.3,37.9,36.3,35.4,34.7,34.2,33.7,33.2,32.8,32.1,31.4,30.1,27.6,24.1,20.1,12.0
1525,31.500,0.000,1516.4,140.7,-6.2,3,13013,0.449,0.000,0.295,0.436,-0.071,34.2,-4.1,0,-1.08,0.920,34.2,141.1,0.449,4.6,12.5,47.6,41.3,37.8,36.2,35.4,34.7,34.2,33.7,33.2,32.7,32.1,31.3,30.0,27.6,24.0,20.0,12.0
1526,31.522,0.000,1517.3,140.7,-6.4,3,13138,0.499,0.000,0.298,0.440,-0.070,34.2,-1.8,0,-1.09,0.920,34.2,141.2,0.499,4.6,12.5,47.7,41.3,37.8,36.2,35.4,34.7,34.2,33.7,33.2,32.7,32.1,31.3,30.0,27.5,24.0,20.0,12.1
1527,31.544,0.000,1518.2,140.8,-6.6,3,13275,0.549,0.000,0.301,0.443,-0.069,34.2,-0.2,0,-1.10,0.920,34.2,141.3,0.549,4.6,12.5,47.8,41.3,37.9,36.2,35.4,34.7,34.2,33.7,33.2,32.7,32.1,31.3,30.0,27.5,24.0,20.0,12.1
1528,31.566,0.000,1519.2,141.0,-6.7,3,13416,0.599,0.000,0.309,0.446,-0.068,34.1,0.7,0,-1.11,0.920,34.1,141.3,0.599,4.5,12.7,47.8,41.3,37.8,36.2,35.4,34.6,34.1,33.6,33.1,32.7,32.0,31.3,29.9,27.5,23.9,20.0,12.1
1529,31.588,0.000,1520.1,141.2,-6.6,3,13564,0.000,0.000,0.320,0.448,-0.065,34.1,2.1,0,-1.13,0.920,34.1,141.2,0.599,4.5,13.0,47.8,41.3,37.8,36.1,35.3,34.6,34.1,33.6,33.1,32.6,31.9,31.2,29.8,27.4,23.8,19.9,12.0
1530,31.610,0.000,1521.0,141.1,-6.5,3,13425,0.000,0.000,0.338,0.451,-0.061,33.9,-9.9,0,-1.15,0.920,33.9,141.0,0.599,4.5,13.3,47.8,41.2,37.7,36.0,35.2,34.4,33.9,33.4,32.9,32.5,31.8,31.1,29.7,27.3,23.7,19.8,12.0
1531,31.632,0.000,1521.9,140.5,-6.4,3,13285,0.649,0.000,0.357,0.452,-0.057,33.8,-11.4,0,-1.17,0.920,33.8,140.8,0.649,4.5,13.8,47.7,41.1,37.6,35.9,35.1,34.3,33.8,33.3,32.8,32.3,31.7,30.9,29.6,27.1,23.6,19.7,12.0
1532,31.654,0.000,1522.8,140.4,-6.1,3,13439,0.699,0.000,0.375,0.454,-0.053,33.7,1.4,0,-1.20,0.920,33.7,140.6,0.699,4.6,14.4,47.7,41.0,37.5,35.8,35.0,34.2,33.7,33.2,32.7,32.2,31.6,30.8,29.5,27.0,23.5,19.6,12.0
1533,31.676,0.000,1523.7,140.7,-6.1,3,13625,0.000,0.000,0.388,0.455,-0.051,33.7,5.2,0,-1.23,0.920,33.7,139.6,0.699,4.6,14.8,47.7,41.0,37.5,35.8,34.9,34.2,33.7,33.2,32.7,32.2,31.5,30.8,29.4,27.0,23.5,19.6,11.9
1534,31.698,0.000,1524.6,140.6,-6.2,3,13477,0.000,0.000,0.401,0.456,-0.048,33.7,-8.9,0,-1.25,0.920,33.7,139.0,0.699,4.6,15.2,47.9,41.1,37.5,35.8,35.0,34.2,33.7,33.2,32.7,32.2,31.5,30.8,29.4,27.0,23.4,19.5,11.9
1535,31.720,0.000,1525.5,140.0,-6.3,3,13326,0.000,0.000,0.414,0.456,-0.045,33.7,-10.8,0,-1.28,0.920,33.7,139.0,0.699,4.6,15.5,48.0,41.2,37.6,35.9,35.0,34.2,33.7,33.2,32.7,32.2,31.5,30.8,29.4,26.9,23.4,19.5,11.9
1536,31.742,0.000,1526.4,139.4,-6.3,3,13187,0.000,0.000,0.425,0.456,-0.043,33.8,-10.8,0,-1.30,0.920,33.8,139.3,0.699,4.6,15.8,48.2,41.3,37.6,35.9,35.1,34.3,33.8,33.3,32.8,32.3,31.6,30.8,29.5,27.0,23.4,19.5,11.9
1537,31.764,0.000,1527.3,138.8,-6.4,3,13059,0.749,0.000,0.430,0.455,-0.042,33.9,-10.9,0,-1.31,0.920,33.9,139.5,0.749,4.6,15.6,48.6,41.6,37.8,36.1,35.2,34.5,33.9,33.4,32.9,32.4,31.7,30.9,29.6,27.0,23.4,19.5,11.9
1538,31.786,0.000,1528.2,138.7,-6.9,3,13269,0.799,0.000,0.427,0.454,-0.043,34.2,5.5,0,-1.32,0.920,34.2,139.7,0.799,4.6,15.1,49.0,41.9,38.1,36.4,35.5,34.7,34.2,33.6,33.1,32.6,31.9,31.1,29.7,27.2,23.5,19.6,11.9
1539,31.808,0.000,1529.1,139.0,-7.6,3,13527,0.849,0.000,0.419,0.453,-0.045,34.5,11.6,0,-1.32,0.920,34.5,139.6,0.849,4.6,14.5,49.6,42.4,38.5,36.8,35.8,35.1,34.5,34.0,33.4,32.9,32.2,31.4,30.0,27.4,23.7,19.7,11.9
1540,31.830,0.000,1530.0,139.4,-8.4,3,13792,0.899,0.000,0.412,0.451,-0.047,34.9,13.8,0,-1.32,0.920,34.9,139.7,0.899,4.6,14.0,50.2,42.9,39.0,37.1,36.2,35.4,34.9,34.3,33.8,33.2,32.5,31.7,30.3,27.6,23.8,19.8,11.9
1541,31.852,0.000,1530.9,140.0,-9.0,3,14055,0.000,0.000,0.410,0.449,-0.048,35.1,16.3,0,-1.34,0.920,35.1,139.7,0.899,4.6,13.7,50.8,43.3,39.3,37.5,36.5,35.7,35.1,34.6,34.0,33.5,32.8,31.9,30.5,27.8,24.0,19.8,11.9
1542,31.874,0.000,1531.8,140.0,-9.3,3,13854,0.000,0.000,0.414,0.446,-0.047,35.3,-5.4,0,-1.36,0.920,35.3,139.9,0.899,4.6,13.7,51.2,43.6,39.6,37.7,36.7,35.9,35.3,34.8,34.2,33.7,32.9,32.1,30.6,27.9,24.0,19.9,11.9
1543,31.896,0.000,1532.8,139.5,-9.3,3,13647,0.949,0.000,0.429,0.443,-0.045,35.4,-9.7,0,-1.38,0.920,35.4,140.1,0.949,4.7,14.0,51.4,43.7,39.6,37.7,36.8,35.9,35.4,34.8,34.2,33.7,32.9,32.1,30.6,27.9,24.0,19.8,11.9
1544,31.918,0.000,1533.7,139.4,-9.1,3,13883,0.999,0.000,0.447,0.440,-0.041,35.3,12.1,0,-1.41,0.920,35.3,140.4,0.999,4.7,14.3,51.5,43.8,39.6,37.7,36.8,35.9,35.3,34.8,34.2,33.7,32.9,32.1,30.6,27.8,23.9,19.7,11.8
1545,31.940,0.000,1534.5,139.9,-9.3,3,14188,1.000,0.000,0.460,0.436,-0.039,35.4,21.6,0,-1.44,0.920,35.4,140.5,1.000,4.8,14.5,51.8,43.9,39.8,37.8,36.8,36.0,35.4,34.8,34.3,33.7,32.9,32.1,30.6,27.8,23.9,19.7,11.8
1546,31.962,0.000,1535.5,140.5,-9.9,3,14500,1.000,0.000,0.458,0.432,-0.040,35.6,26.8,0,-1.46,0.920,35.6,140.5,1.000,4.8,14.5,52.2,44.3,40.0,38.1,37.1,36.2,35.6,35.0,34.5,33.9,33.1,32.3,30.7,27.9,24.0,19.7,11.8
1547,31.984,0.000,1536.4,141.0,-10.8,3,14798,0.000,0.000,0.447,0.427,-0.043,36.0,30.0,0,-1.47,0.920,36.0,140.5,1.000,4.8,14.2,52.9,44.8,40.5,38.5,37.5,36.6,36.0,35.4,34.8,34.2,33.4,32.6,31.0,28.1,24.1,19.8,11.7
1548,32.006,0.000,1537.3,141.3,-11.4,3,14517,0.000,0.000,0.441,0.422,-0.045,36.3,0.5,0,-1.49,0.920,36.3,140.7,1.000,4.8,14.0,53.5,45.3,40.9,38.9,37.8,36.9,36.3,35.7,35.1,34.5,33.7,32.8,31.2,28.3,24.3,19.9,11.7
1549,32.026,0.000,1538.1,140.9,-11.4,3,14257,1.000,0.000,0.449,0.417,-0.045,36.5,-7.6,0,-1.51,0.920,36.5,141.1,1.000,4.9,14.1,53.9,45.5,41.1,39.0,38.0,37.1,36.5,35.8,35.2,34.6,33.8,32.9,31.3,28.4,24.3,19.9,11.7
1550,32.046,0.000,1538.9,140.8,-11.3,3,14441,1.000,0.000,0.460,0.412,-0.043,36.5,14.7,0,-1.54,0.920,36.5,141.5,1.000,4.9,14.3,54.1,45.7,41.2,39.1,38.1,37.2,36.5,35.9,35.3,34.7,33.9,33.0,31.4,28.4,24.3,19.8,11.7
1551,32.066,0.000,1539.7,141.1,-11.5,3,14673,1.000,0.000,0.462,0.408,-0.043,36.6,24.7,0,-1.56,0.920,36.6,141.7,1.000,5.0,14.4,54.4,45.9,41.4,39.3,38.2,37.3,36.6,36.0,35.4,34.8,34.0,33.1,31.4,28.4,24.3,19.8,11.6
1552,32.086,0.000,1540.6,141.6,-12.0,3,14920,1.000,0.000,0.457,0.402,-0.044,36.9,30.0,0,-1.58,0.920,36.9,142.0,1.000,5.0,14.3,54.9,46.3,41.7,39.5,38.5,37.5,36.9,36.2,35.6,35.0,34.2,33.2,31.6,28.6,24.4,19.9,11.6
1553,32.106,0.000,1541.4,142.1,-12.6,3,15158,0.917,0.000,0.449,0.397,-0.047,37.2,32.9,0,-1.60,0.920,37.2,142.9,1.000,5.0,14.2,55.6,46.7,42.1,39.9,38.8,37.9,37.2,36.6,35.9,35.3,34.5,33.5,31.8,28.8,24.5,19.9,11.6
1554,32.126,0.000,1542.2,142.6,-13.4,3,15335,0.933,0.000,0.440,0.391,-0.050,37.6,32.2,0,-1.62,0.920,37.6,144.0,1.000,5.1,14.0,56.3,47.3,42.6,40.4,39.2,38.3,37.6,36.9,36.3,35.7,34.8,33.8,32.1,29.0,24.6,20.0,11.6
1555,32.146,0.000,1543.0,143.1,-14.1,3,15490,0.892,0.000,0.429,0.385,-0.054,38.0,32.7,0,-1.63,0.920,38.0,145.1,1.000,5.1,13.8,57.1,47.9,43.1,40.8,39.7,38.7,38.0,37.3,36.7,36.0,35.2,34.2,32.4,29.3,24.8,20.1,11.6
1556,32.166,0.000,1543.9,143.5,-14.9,3,15606,0.905,0.000,0.416,0.379,-0.058,38.4,32.2,0,-1.65,0.920,38.4,146.2,1.000,5.1,13.6,57.8,48.5,43.6,41.3,40.1,39.1,38.4,37.8,37.1,36.4,35.5,34.5,32.7,29.5,25.0,20.2,11.6
1557,32.186,0.000,1544.7,143.9,-15.6,3,15710,0.875,0.000,0.405,0.372,-0.061,38.8,32.3,0,-1.67,0.920,38.8,147.3,1.000,5.2,13.5,58.6,49.1,44.1,41.7,40.6,39.5,38.8,38.1,37.4,36.8,35.9,34.9,33.0,29.7,25.1,20.3,11.6
1558,32.206,0.000,1545.5,144.3,-16.1,3,15788,0.869,0.000,0.397,0.366,-0.063,39.2,32.0,0,-1.69,0.920,39.2,148.3,1.000,5.2,13.4,59.3,49.7,44.5,42.2,41.0,39.9,39.2,38.5,37.8,37.1,36.2,35.2,33.3,30.0,25.3,20.4,11.6
1559,32.226,0.000,1546.4,144.7,-16.7,3,15858,0.806,0.000,0.388,0.359,-0.066,39.6,32.4,0,-1.71,0.920,39.6,149.3,1.000,5.3,13.3,60.0,50.2,45.0,42.6,41.4,40.3,39.6,38.9,38.1,37.5,36.5,35.5,33.6,30.2,25.4,20.4,11.5
1560,32.246,0.000,1547.2,145.0,-17.3,3,15891,0.845,0.000,0.378,0.352,-0.069,40.0,31.2,0,-1.74,0.920,40.0,150.4,1.000,5.3,13.3,60.7,50.8,45.5,43.0,41.8,40.7,40.0,39.2,38.5,37.8,36.8,35.8,33.9,30.4,25.6,20.5,11.5
1561,32.266,0.000,1548.1,145.4,-17.8,3,15939,0.812,0.000,0.369,0.346,-0.072,40.3,31.6,0,-1.76,0.920,40.3,151.5,1.000,5.3,13.2,61.5,51.4,46.0,43.5,42.2,41.1,40.3,39.6,38.9,38.2,37.2,36.1,34.1,30.6,25.7,20.6,11.5
1562,32.286,0.000,1548.9,145.7,-18.2,3,15964,0.849,0.000,0.361,0.339,-0.075,40.7,30.8,0,-1.78,0.920,40.7,152.5,1.000,5.4,13.2,62.2,51.9,46.4,43.9,42.6,41.5,40.7,40.0,39.2,38.5,37.5,36.4,34.4,30.8,25.9,20.7,11.5
1563,32.306,0.000,1549.7,146.0,-18.6,3,16007,0.740,0.000,0.355,0.332,-0.077,41.1,31.8,0,-1.80,0.920,41.1,153.5,1.000,5.4,13.1,62.9,52.5,46.9,44.3,43.0,41.9,41.1,40.3,39.6,38.8,37.8,36.7,34.7,31.0,26.0,20.7,11.5
1564,32.326,0.000,1550.6,146.3,-19.0,3,15995,0.792,0.000,0.347,0.325,-0.080,41.4,29.4,0,-1.82,0.920,41.4,154.5,1.000,5.5,13.1,63.6,53.0,47.4,44.7,43.4,42.2,41.4,40.7,39.9,39.1,38.1,37.0,34.9,31.2,26.1,20.8,11.4
1565,32.346,0.000,1551.4,146.5,-19.4,3,16006,0.834,0.000,0.341,0.318,-0.082,41.8,29.5,0,-1.85,0.920,41.8,155.4,1.000,5.5,13.1,64.4,53.5,47.8,45.1,43.8,42.6,41.8,41.0,40.2,39.4,38.4,37.2,35.2,31.4,26.2,20.8,11.4
1566,32.366,0.000,1552.3,146.8,-19.6,3,16040,0.772,0.000,0.338,0.311,-0.084,42.1,30.6,0,-1.87,0.920,42.1,156.2,1.000,5.5,13.1,65.1,54.0,48.2,45.5,44.1,42.9,42.1,41.3,40.5,39.7,38.7,37.5,35.4,31.6,26.3,20.8,11.4
1567,32.386,0.000,1553.1,147.1,-19.7,3,16044,0.818,0.000,0.338,0.305,-0.085,42.4,29.5,0,-1.90,0.920,42.4,157.0,1.000,5.6,13.2,65.9,54.4,48.5,45.8,44.4,43.2,42.4,41.5,40.7,39.9,38.9,37.7,35.6,31.7,26.4,20.9,11.3
1568,32.406,0.000,1554.0,147.4,-19.8,3,16072,0.771,0.000,0.338,0.298,-0.086,42.6,30.5,0,-1.94,0.920,42.6,157.7,1.000,5.6,13.3,66.7,54.8,48.8,46.1,44.6,43.4,42.6,41.8,41.0,40.2,39.1,37.9,35.7,31.8,26.4,20.9,11.3
1569,32.426,0.000,1554.8,147.7,-19.9,3,16078,0.817,0.000,0.339,0.291,-0.087,42.8,29.7,0,-1.97,0.920,42.8,158.3,1.000,5.7,13.3,67.5,55.2,49.1,46.3,44.9,43.7,42.8,42.0,41.1,40.3,39.2,38.0,35.8,31.9,26.5,20.9,11.3
1570,32.446,0.000,1555.7,148.0,-19.9,3,16106,0.792,0.000,0.341,0.285,-0.087,43.0,30.3,0,-2.01,0.916,43.0,158.9,1.000,5.7,13.4,68.3,55.5,49.4,46.5,45.1,43.8,43.0,42.1,41.3,40.5,39.4,38.1,35.9,32.0,26.5,20.8,11.2
1571,32.466,0.000,1556.5,148.4,-19.8,3,16120,0.833,0.000,0.345,0.278,-0.087,43.1,29.7,0,-2.05,0.911,43.1,159.3,1.000,5.8,13.6,69.0,55.8,49.6,46.7,45.2,44.0,43.1,42.3,41.4,40.6,39.5,38.2,36.0,32.0,26.5,20.8,11.2
1572,32.486,0.000,1557.4,148.7,-19.6,3,16155,0.786,0.000,0.350,0.272,-0.086,43.2,30.8,0,-2.09,0.906,43.2,159.6,1.000,5.9,13.7,69.8,56.0,49.7,46.8,45.3,44.1,43.2,42.3,41.5,40.7,39.5,38.3,36.0,32.0,26.5,20.8,11.1
1573,32.506,0.000,1558.2,149.1,-19.4,3,16166,0.829,0.000,0.356,0.266,-0.086,43.3,30.0,0,-2.14,0.902,43.3,159.9,1.000,5.9,13.8,70.6,56.2,49.9,46.9,45.4,44.2,43.3,42.4,41.6,40.7,39.6,38.3,36.1,32.0,26.4,20.7,11.1
1574,32.526,0.000,1559.1,149.4,-19.2,3,16196,0.847,0.000,0.364,0.260,-0.085,43.3,30.5,0,-2.19,0.899,43.3,160.2,1.000,6.0,14.0,71.5,56.4,50.0,47.0,45.5,44.2,43.3,42.5,41.6,40.8,39.6,38.3,36.1,32.0,26.4,20.6,11.0
1575,32.546,0.000,1559.9,149.8,-18.9,3,16234,0.827,0.000,0.376,0.254,-0.084,43.4,31.1,0,-2.24,0.900,43.4,160.3,1.000,6.0,14.2,72.3,56.6,50.0,47.1,45.5,44.3,43.4,42.5,41.6,40.8,39.6,38.3,36.0,31.9,26.3,20.5,11.0
1576,32.566,0.000,1560.8,150.3,-18.6,3,16259,0.861,0.000,0.390,0.248,-0.082,43.4,30.8,0,-2.29,0.903,43.4,160.4,1.000,6.1,14.4,73.1,56.7,50.1,47.1,45.6,44.3,43.4,42.5,41.6,40.7,39.6,38.3,36.0,31.9,26.2,20.5,10.9
1577,32.586,0.000,1561.7,150.7,-18.3,3,16300,0.829,0.000,0.403,0.242,-0.081,43.3,31.8,0,-2.35,0.907,43.3,160.5,1.000,6.1,14.6,74.1,56.9,50.1,47.1,45.6,44.3,43.3,42.5,41.6,40.7,39.5,38.3,35.9,31.8,26.1,20.4,10.8
1578,32.606,0.000,1562.5,151.1,-18.0,3,16323,0.863,0.000,0.417,0.237,-0.080,43.3,31.2,0,-2.42,0.909,43.3,160.6,1.000,6.2,14.7,75.1,57.2,50.2,47.1,45.6,44.3,43.3,42.4,41.6,40.7,39.5,38.2,35.9,31.7,26.1,20.3,10.8
1579,32.626,0.000,1563.4,151.6,-17.7,3,16357,0.890,0.000,0.431,0.231,-0.078,43.3,31.5,0,-2.49,0.911,43.3,160.6,1.000,6.2,14.9,76.2,57.4,50.2,47.1,45.6,44.2,43.3,42.4,41.5,40.7,39.5,38.2,35.8,31.7,26.0,20.2,10.7
1580,32.646,0.000,1564.2,152.0,-17.3,3,16404,0.838,0.000,0.445,0.226,-0.076,43.3,32.5,0,-2.56,0.913,43.3,160.7,1.000,6.3,15.1,77.4,57.7,50.2,47.1,45.6,44.2,43.3,42.4,41.5,40.6,39.4,38.1,35.8,31.6,25.9,20.1,10.7
1581,32.666,0.000,1565.1,152.5,-17.0,3,16418,0.871,0.000,0.458,0.221,-0.075,43.3,31.4,0,-2.64,0.915,43.3,160.8,1.000,6.3,15.3,78.7,58.0,50.3,47.1,45.6,44.2,43.3,42.4,41.5,40.6,39.4,38.1,35.7,31.5,25.8,20.0,10.6
1582,32.686,0.000,1566.0,152.9,-16.7,3,16446,0.896,0.000,0.471,0.215,-0.074,43.3,31.8,0,-2.73,0.916,43.3,161.0,1.000,6.4,15.5,80.2,58.4,50.4,47.2,45.6,44.2,43.3,42.4,41.5,40.6,39.4,38.1,35.7,31.5,25.7,20.0,10.6
1583,32.706,0.000,1566.8,153.4,-16.4,3,16487,0.892,0.000,0.482,0.211,-0.073,43.3,32.5,0,-2.82,0.917,43.3,161.3,1.000,6.4,15.7,81.9,58.9,50.5,47.2,45.6,44.2,43.3,42.4,41.5,40.6,39.4,38.0,35.7,31.4,25.6,19.9,10.5
1584,32.726,0.000,1567.7,153.9,-16.1,3,16523,0.893,0.000,0.490,0.206,-0.072,43.3,32.7,0,-2.93,0.917,43.3,162.1,1.000,6.5,15.8,83.9,59.4,50.7,47.3,45.6,44.3,43.3,42.4,41.5,40.6,39.4,38.0,35.6,31.4,25.6,19.8,10.5
1585,32.746,0.000,1568.6,154.4,-15.9,3,16557,0.899,0.000,0.494,0.201,-0.071,43.4,32.8,0,-3.05,0.918,43.4,163.6,1.000,6.5,15.9,86.2,60.1,51.0,47.4,45.7,44.3,43.4,42.4,41.5,40.6,39.4,38.0,35.6,31.3,25.6,19.8,10.4
1586,32.766,0.000,1569.5,154.8,-15.7,3,16593,0.893,0.000,0.496,0.197,-0.070,43.5,33.1,0,-3.19,0.918,43.5,165.3,1.000,6.6,16.0,89.0,60.8,51.3,47.6,45.9,44.4,43.5,42.5,41.6,40.7,39.5,38.1,35.7,31.3,25.5,19.7,10.4
1587,32.786,0.000,1570.3,155.3,-15.5,3,16622,0.915,0.000,0.497,0.192,-0.070,43.6,32.8,0,-3.34,0.918,43.6,167.3,1.000,6.6,16.1,92.2,61.8,51.7,47.9,46.1,44.6,43.6,42.6,41.7,40.8,39.5,38.2,35.7,31.4,25.5,19.7,10.4
1588,32.806,0.000,1571.2,155.8,-15.4,3,16660,0.930,0.000,0.489,0.188,-0.070,43.8,33.1,0,-3.52,0.900,43.8,169.5,1.000,6.6,16.2,96.1,62.9,52.2,48.2,46.3,44.8,43.8,42.8,41.8,40.9,39.7,38.3,35.8,31.4,25.5,19.7,10.3
1589,32.826,0.000,1572.1,156.3,-15.3,3,16706,0.908,0.000,0.474,0.184,-0.071,44.0,33.7,0,-3.73,0.864,44.0,172.1,1.000,6.7,16.2,100.7,64.2,52.9,48.6,46.7,45.1,44.0,43.0,42.0,41.1,39.8,38.4,35.9,31.5,25.6,19.7,10.3
1590,32.846,0.000,1573.0,156.8,-15.3,3,16740,0.926,0.000,0.451,0.180,-0.071,44.3,33.4,0,-3.97,0.810,44.3,175.0,1.000,6.7,16.2,106.4,65.8,53.7,49.2,47.1,45.4,44.3,43.2,42.2,41.3,40.0,38.6,36.1,31.6,25.6,19.7,10.3
1591,32.866,0.000,1573.9,157.2,-15.4,3,16781,0.941,0.000,0.425,0.176,-0.073,44.7,33.4,0,-4.26,0.737,44.7,178.4,1.000,6.7,16.2,113.5,67.7,54.6,49.9,47.7,45.9,44.7,43.6,42.5,41.5,40.2,38.8,36.2,31.7,25.7,19.7,10.3
1592,32.886,0.000,1574.8,157.7,-15.4,3,16828,0.953,0.000,0.394,0.172,-0.074,45.2,33.5,0,-4.60,0.643,45.2,182.4,1.000,6.7,16.1,122.4,69.9,55.7,50.7,48.3,46.5,45.2,44.0,42.9,41.9,40.5,39.0,36.4,31.9,25.8,19.7,10.3
1593,32.906,0.000,1575.7,158.2,-15.5,3,16883,0.962,0.000,0.355,0.169,-0.075,45.8,33.8,0,-5.01,0.524,45.8,187.1,1.000,6.7,16.0,133.8,72.5,57.1,51.6,49.1,47.1,45.8,44.6,43.4,42.3,40.8,39.3,36.7,32.1,25.9,19.8,10.2
1594,32.926,0.000,1576.6,158.8,-15.7,3,16944,0.970,0.000,0.320,0.166,-0.077,46.6,34.1,0,-5.52,0.420,46.6,192.8,1.000,6.8,15.9,148.9,75.8,58.7,52.8,50.1,48.0,46.6,45.2,44.0,42.8,41.3,39.7,37.0,32.3,26.0,19.9,10.2
1595,32.946,0.000,1577.5,159.3,-15.9,3,17008,0.976,0.000,0.297,0.162,-0.080,47.5,34.3,0,-6.16,0.336,47.5,199.6,1.000,6.8,15.8,169.9,79.7,60.6,54.1,51.2,49.0,47.5,46.1,44.7,43.5,41.8,40.1,37.3,32.5,26.2,19.9,10.2
1596,32.966,0.000,1578.4,159.8,-16.2,3,17069,0.981,0.000,0.284,0.159,-0.082,48.5,34.3,0,-6.95,0.269,48.5,207.9,1.000,6.8,15.7,200.0,84.4,62.8,55.7,52.6,50.1,48.5,47.0,45.6,44.2,42.5,40.7,37.7,32.8,26.4,20.0,10.2
1597,32.986,0.000,1579.3,160.4,-16.5,3,17130,0.985,0.000,0.235,0.157,-0.085,49.8,34.6,0,-6.83,0.198,49.8,218.4,1.000,6.8,15.5,200.0,90.3,65.5,57.7,54.2,51.5,49.8,48.1,46.6,45.2,43.3,41.4,38.2,33.1,26.6,20.2,10.3
1598,33.006,0.000,1580.2,160.9,-16.8,3,17192,0.988,0.000,0.189,0.154,-0.088,51.2,34.7,0,-6.71,0.142,51.2,231.7,1.000,6.8,15.4,200.0,97.6,68.7,59.9,56.1,53.1,51.2,49.4,47.8,46.2,44.2,42.1,38.8,33.4,26.8,20.3,10.3
1599,33.026,0.000,1581.1,161.5,-17.1,3,17252,0.990,0.000,0.148,0.152,-0.091,52.9,34.6,0,-6.57,0.098,52.9,249.2,1.000,6.8,15.2,200.0,106.8,72.5,62.6,58.3,55.0,52.9,51.0,49.1,47.5,45.3,43.1,39.4,33.8,27.0,20.4,10.3
1600,33.046,0.000,1582.0,162.1,-17.5,3,17308,0.992,0.000,0.110,0.149,-0.094,54.8,34.2,0,-6.43,0.064,54.8,215.4,1.000,6.8,15.1,200.0,118.7,77.1,65.6,60.8,57.2,54.8,52.7,50.7,48.9,46.5,44.1,40.2,34.2,27.2,20.5,10.3
1601,33.066,0.000,1582.9,162.7,-17.8,3,17360,0.994,0.000,0.077,0.147,-0.097,57.0,34.0,0,-6.29,0.038,57.0,224.9,1.000,6.8,14.9,200.0,134.2,82.5,69.2,63.8,59.7,57.0,54.6,52.5,50.4,47.9,45.2,41.0,34.6,27.5,20.7,10.3
1602,33.086,0.000,1583.8,163.3,-18.1,3,17411,0.995,0.000,-0.054,0.146,-0.099,59.5,33.8,0,-3.26,0.018,59.5,235.8,1.000,6.8,14.8,66.3,155.1,88.9,73.3,67.1,62.5,59.5,56.8,54.4,52.2,49.3,46.5,41.9,35.1,27.7,20.8,10.3
1603,33.106,0.000,1584.8,163.9,-18.3,3,17460,0.996,0.000,-0.066,0.144,-0.101,62.2,32.7,0,-3.38,0.011,62.2,247.7,1.000,6.8,14.7,47.7,183.3,96.3,77.9,70.7,65.5,62.2,59.2,56.5,54.0,50.9,47.8,42.9,35.6,27.9,20.9,10.3
1604,33.126,0.000,1585.7,164.6,-18.4,3,17499,0.997,0.000,-0.069,0.142,-0.102,64.7,31.9,0,-3.50,0.009,64.7,259.8,1.000,6.8,14.7,41.3,200.0,104.3,82.6,74.4,68.4,64.7,61.4,58.4,55.7,52.3,48.9,43.7,36.0,28.0,20.9,10.3
1605,33.146,0.000,1586.6,165.3,-18.2,3,17530,0.997,0.000,-0.073,0.141,-0.101,67.1,31.3,0,-3.40,0.007,67.1,272.0,1.000,6.8,14.7,38.4,200.0,112.6,87.2,77.9,71.2,67.1,63.5,60.2,57.3,53.6,50.0,44.4,36.3,28.0,20.9,10.3
1606,33.166,0.000,1587.5,166.1,-17.9,3,17553,0.998,0.000,-0.071,0.140,-0.099,69.4,30.5,0,-3.34,0.005,69.4,284.1,1.000,6.8,14.8,37.0,200.0,121.2,91.8,81.3,73.9,69.4,65.4,61.9,58.7,54.8,50.9,44.9,36.5,27.9,20.8,10.3
1607,33.186,0.000,1588.5,166.9,-17.4,3,17567,0.998,0.000,-0.062,0.138,-0.096,71.4,29.5,0,-3.29,0.004,71.4,247.3,1.000,6.8,15.0,36.4,200.0,130.0,96.1,84.4,76.3,71.4,67.1,63.2,59.9,55.7,51.6,45.3,36.6,27.8,20.7,10.2
1608,33.206,0.000,1589.4,167.8,-16.7,3,17566,0.999,0.000,-0.048,0.137,-0.092,73.0,28.0,0,-3.26,0.003,73.0,376.8,1.000,6.9,15.2,36.4,200.0,138.6,100.0,87.1,78.3,73.0,68.4,64.4,60.8,56.4,52.1,45.6,36.5,27.6,20.6,10.2
1609,33.226,0.000,1590.4,168.6,-15.9,3,17561,0.999,0.000,-0.029,0.136,-0.087,74.4,26.4,0,-3.25,0.002,74.4,376.8,1.000,6.9,15.4,36.7,200.0,146.8,103.6,89.5,80.0,74.4,69.5,65.2,61.5,56.9,52.4,45.7,36.4,27.4,20.4,10.1
1610,33.246,0.000,1591.3,169.5,-14.9,3,17550,0.999,0.000,-0.006,0.135,-0.082,75.5,24.6,0,-3.25,0.002,75.5,376.8,1.000,7.0,15.8,37.2,200.0,154.8,106.7,91.5,81.4,75.5,70.3,65.9,61.9,57.2,52.6,45.7,36.2,27.1,20.1,10.1
1611,33.266,0.000,1592.3,170.4,-13.9,3,17537,0.999,0.000,0.019,0.134,-0.076,76.4,22.6,0,-3.25,0.001,76.4,376.8,1.000,7.0,16.1,37.8,200.0,162.5,109.5,93.3,82.6,76.4,71.0,66.4,62.3,57.4,52.6,45.6,36.0,26.8,19.9,10.0
1612,33.286,0.000,1593.2,171.3,-12.7,3,17519,0.999,0.000,0.046,0.133,-0.069,77.2,20.6,0,-3.26,0.001,77.2,376.8,1.000,7.0,16.5,38.4,200.0,170.6,112.2,95.0,83.7,77.2,71.6,66.8,62.5,57.5,52.6,45.4,35.7,26.5,19.6,9.9
1613,33.306,0.000,1594.2,172.2,-11.6,3,17503,1.000,0.000,0.074,0.133,-0.063,78.0,18.6,0,-3.27,0.001,78.0,376.8,1.000,7.1,16.9,38.9,200.0,179.7,115.2,96.8,84.9,78.0,72.2,67.2,62.8,57.6,52.6,45.3,35.5,26.2,19.4,9.9
1614,33.326,0.000,1595.2,173.0,-10.5,3,17491,1.000,0.000,0.101,0.132,-0.056,79.1,16.8,0,-3.27,0.000,79.1,376.8,1.000,7.1,17.4,39.1,200.0,191.0,118.9,99.0,86.3,79.1,73.0,67.8,63.3,57.9,52.8,45.3,35.3,26.0,19.1,9.8
1615,33.346,0.000,1596.2,173.9,-9.5,3,17483,1.000,0.000,0.125,0.131,-0.050,80.7,15.2,0,-3.26,0.000,80.7,376.8,1.000,7.2,17.8,39.2,200.0,200.0,123.8,102.0,88.4,80.7,74.2,68.8,64.0,58.4,53.1,45.4,35.2,25.8,18.9,9.8
1616,33.366,0.000,1597.1,174.7,-8.6,3,17480,1.000,0.000,0.145,0.131,-0.045,83.0,13.7,0,-3.20,0.000,83.0,376.8,1.000,7.2,18.1,38.9,200.0,200.0,130.7,106.2,91.3,83.0,76.1,70.2,65.2,59.3,53.7,45.7,35.2,25.6,18.7,9.7
1617,33.386,0.000,1598.1,175.6,-7.8,3,17485,1.000,0.000,0.154,0.130,-0.040,86.3,12.6,0,-2.94,0.000,86.3,376.8,1.000,7.3,18.3,38.3,181.3,200.0,140.8,112.4,95.6,86.3,78.7,72.4,67.0,60.6,54.7,46.3,35.4,25.6,18.6,9.7
1618,33.406,0.000,1599.1,176.4,-7.2,3,17498,1.000,0.000,0.068,0.129,-0.037,91.1,11.7,0,-2.53,-0.081,91.1,376.8,1.000,7.3,18.4,37.5,147.8,200.0,155.9,121.3,101.6,91.1,82.5,75.4,69.5,62.6,56.2,47.2,35.8,25.7,18.5,9.6
1619,33.426,0.000,1600.1,177.2,-6.8,3,17516,1.000,0.000,-0.020,0.129,-0.033,97.1,10.1,0,-2.25,-0.189,97.1,376.8,1.000,7.3,18.5,36.5,124.7,200.0,176.7,133.1,109.4,97.1,87.3,79.3,72.6,65.0,58.0,48.3,36.3,25.8,18.5,9.6
1620,33.446,0.000,1601.1,178.0,-6.5,3,17535,1.000,0.000,-0.099,0.128,-0.028,101.9,8.5,0,-2.11,-0.316,101.9,376.8,1.000,7.4,18.6,36.1,112.8,200.0,196.4,143.3,115.9,101.9,91.0,82.2,75.0,66.7,59.3,49.1,36.6,25.8,18.4,9.5
1621,33.466,0.000,1602.1,178.8,-5.9,3,17547,1.000,0.000,-0.157,0.126,-0.019,100.8,6.9,0,-2.15,-0.470,100.8,376.8,1.000,7.5,19.1,36.9,114.7,200.0,194.9,141.9,114.6,100.8,89.9,81.2,74.0,65.9,58.5,48.4,36.1,25.4,18.1,9.4
1622,33.486,0.000,1603.1,179.8,-4.6,3,17544,1.000,0.000,-0.092,0.123,-0.003,91.3,5.0,0,-2.50,-0.470,91.3,376.8,1.000,7.6,20.0,39.7,138.5,200.0,164.4,124.5,102.7,91.3,82.2,74.8,68.5,61.4,54.9,45.8,34.5,24.5,17.6,9.3
1623,33.506,0.000,1604.1,180.7,-2.6,3,17543,1.000,0.000,0.011,0.119,0.017,80.0,3.3,0,-3.34,-0.470,99.2,376.8,1.000,7.8,21.3,44.1,196.1,200.0,132.3,104.9,88.8,80.0,72.8,66.8,61.8,55.8,50.3,42.5,32.4,23.4,17.0,9.1
1624,33.526,0.000,1605.1,181.6,-0.8,3,17554,1.000,0.000,0.089,0.113,0.034,72.7,2.3,0,-3.63,-0.470,112.8,376.8,1.000,8.0,22.5,48.2,200.0,200.0,114.5,93.1,80.0,72.7,66.7,61.5,57.1,52.0,47.1,40.1,30.9,22.5,16.4,8.9
1625,33.546,0.000,1606.1,182.4,0.1,3,17572,1.000,0.000,0.133,0.106,0.045,70.5,1.7,0,-3.71,-0.470,140.6,376.8,1.000,8.2,23.1,50.0,200.0,189.8,110.0,89.8,77.4,70.5,64.7,59.8,55.6,50.6,45.9,39.1,30.2,22.0,16.1,8.8
1626,33.566,0.000,1607.2,183.3,0.1,3,17602,1.000,0.000,0.149,0.098,0.050,72.6,1.4,0,-3.65,-0.470,165.6,376.8,1.000,8.3,23.1,49.0,200.0,200.0,116.2,93.7,80.1,72.6,66.4,61.1,56.7,51.4,46.5,39.4,30.3,22.0,16.0,8.7
1627,33.586,0.000,1608.2,184.0,-0.4,3,17651,1.000,0.000,0.138,0.089,0.052,78.4,1.6,0,-3.33,-0.470,176.3,376.8,1.000,8.4,22.8,46.4,186.1,200.0,133.5,104.2,87.5,78.4,71.1,65.1,60.0,54.0,48.5,40.8,31.0,22.2,16.1,8.6
1628,33.606,0.000,1609.2,184.8,-1.2,3,17718,1.000,0.000,0.108,0.079,0.051,87.9,2.2,0,-2.66,-0.470,187.0,376.8,1.000,8.5,22.2,43.4,139.9,200.0,165.7,122.4,99.6,87.9,78.7,71.3,65.1,58.1,51.7,42.9,32.0,22.7,16.2,8.6
1629,33.626,0.000,1610.2,185.6,-2.1,3,17798,1.000,0.000,0.087,0.069,0.050,101.1,3.0,0,-2.23,-0.470,200.0,376.8,1.000,8.5,21.7,40.7,112.0,200.0,200.0,150.4,117.1,101.1,88.9,79.4,71.7,63.2,55.6,45.4,33.3,23.2,16.4,8.5
1630,33.646,0.000,1611.3,186.3,-2.8,3,17884,1.000,0.000,0.074,0.058,0.050,118.0,3.9,0,-1.92,-0.470,200.0,376.8,1.000,8.5,21.2,38.6,94.8,200.0,200.0,193.0,140.8,118.0,101.6,89.2,79.5,69.0,59.9,48.1,34.6,23.7,16.6,8.5
1631,33.666,0.000,1612.3,187.1,-3.4,3,17963,1.000,0.000,0.069,0.046,0.050,140.1,4.4,0,-1.67,-0.470,200.0,376.8,1.000,8.6,20.8,36.8,83.4,200.0,200.0,200.0,174.0,140.1,117.3,100.9,88.5,75.5,64.7,51.0,35.9,24.2,16.7,8.4
1632,33.686,0.000,1613.3,187.9,-3.7,3,18041,1.000,0.000,0.040,0.035,0.045,169.5,4.5,0,-1.46,-0.470,200.0,376.8,1.000,8.6,20.5,35.5,75.5,200.0,200.0,200.0,200.0,169.5,136.9,114.8,98.9,82.8,69.8,54.0,37.2,24.6,16.9,8.4
1633,33.706,0.000,1614.4,188.7,-3.9,3,18094,1.000,0.000,0.002,0.024,0.039,200.0,4.1,0,-1.24,-0.470,200.0,376.8,1.000,8.6,20.3,34.5,70.2,187.6,200.0,200.0,200.0,200.0,159.3,129.9,109.7,90.1,74.8,56.8,38.4,25.0,17.0,8.4
1634,33.726,0.000,1615.4,189.5,-3.8,3,18138,1.000,0.000,-0.022,0.014,0.034,200.0,3.3,0,-1.07,-0.470,200.0,376.8,1.000,8.7,20.2,34.0,67.4,166.7,200.0,200.0,200.0,200.0,177.3,141.3,117.5,95.1,78.1,58.5,39.0,25.2,17.0,8.3
1635,33.746,0.000,1616.5,190.3,-3.4,3,18198,1.000,0.000,-0.026,0.004,0.033,200.0,2.9,0,-1.04,-0.470,200.0,376.8,1.000,8.7,20.3,34.0,67.1,162.3,200.0,200.0,200.0,200.0,182.6,144.5,119.5,96.2,78.7,58.7,39.0,25.1,16.9,8.3
1636,33.766,0.000,1617.6,191.1,-2.7,3,18262,1.000,0.000,-0.018,-0.004,0.034,200.0,2.6,0,-1.10,-0.470,200.0,376.8,1.000,8.8,20.5,34.5,68.3,167.7,200.0,200.0,200.0,200.0,176.4,140.3,116.4,94.1,77.1,57.7,38.4,24.8,16.7,8.2
1637,33.786,0.000,1618.6,192.0,-1.9,3,18323,1.000,0.000,-0.003,-0.013,0.036,200.0,2.2,0,-1.20,-0.470,200.0,376.8,1.000,8.9,20.8,35.2,70.4,178.3,200.0,200.0,200.0,200.0,165.9,133.3,111.5,90.7,74.7,56.2,37.7,24.4,16.5,8.1
1638,33.806,0.000,1619.7,192.8,-1.2,3,18379,1.000,0.000,0.010,-0.020,0.037,200.0,1.7,0,-1.28,-0.470,200.0,376.8,1.000,9.0,21.1,35.7,72.1,187.7,200.0,200.0,200.0,200.0,158.1,128.0,107.6,88.0,72.8,55.0,37.0,24.1,16.3,8.0
1639,33.826,0.000,1620.8,193.6,-0.8,3,18432,1.000,0.000,0.016,-0.028,0.038,200.0,1.3,0,-1.31,-0.470,200.0,376.8,1.000,9.1,21.3,36.1,73.0,191.1,200.0,200.0,200.0,200.0,155.4,126.1,106.1,86.8,71.9,54.4,36.7,23.9,16.2,8.0
1640,33.846,0.000,1621.8,194.4,-0.6,3,18447,1.000,0.000,0.015,-0.035,0.037,200.0,0.3,0,-1.30,-0.470,200.0,376.8,1.000,9.1,21.4,36.2,72.9,188.5,200.0,200.0,200.0,200.0,157.1,127.0,106.6,87.1,72.0,54.4,36.6,23.7,16.1,7.9
1641,33.866,0.000,1622.9,195.3,-0.5,3,18430,1.000,0.000,0.012,-0.042,0.036,200.0,-1.8,0,-1.27,-0.470,200.0,376.8,1.000,9.2,21.5,36.2,72.5,183.8,200.0,200.0,200.0,200.0,160.6,129.1,108.0,87.8,72.4,54.5,36.5,23.7,16.0,7.9
1642,33.886,0.000,1624.0,196.1,-0.4,3,18506,1.000,0.000,0.009,-0.049,0.035,200.0,-1.9,0,-1.24,-0.470,200.0,376.8,1.000,9.2,21.5,36.2,72.0,179.3,200.0,200.0,200.0,200.0,164.5,131.4,109.5,88.7,72.9,54.7,36.5,23.6,15.9,7.8
1643,33.906,0.000,1625.1,196.9,-0.4,3,18617,1.000,0.000,0.006,-0.056,0.034,200.0,-1.2,0,-1.21,-0.470,200.0,376.8,1.000,9.3,21.6,36.2,71.7,175.6,200.0,200.0,200.0,200.0,168.0,133.5,110.7,89.4,73.3,54.8,36.5,23.5,15.9,7.8
1644,33.926,0.000,1626.2,197.6,-0.4,3,18743,1.000,0.000,0.005,-0.062,0.033,200.0,-0.1,0,-1.19,-0.470,200.0,376.8,1.000,9.3,21.7,36.3,71.5,172.9,200.0,200.0,200.0,200.0,170.9,135.1,111.7,89.9,73.6,54.9,36.4,23.4,15.8,7.7
1645,33.946,0.000,1627.3,198.4,-0.3,3,18854,1.000,0.000,0.005,-0.069,0.032,200.0,0.6,0,-1.18,-0.470,200.0,376.8,1.000,9.4,21.7,36.4,71.4,170.8,200.0,200.0,200.0,200.0,173.2,136.4,112.4,90.3,73.7,54.8,36.3,23.3,15.7,7.7
1646,33.966,0.000,1628.4,199.2,-0.3,3,18938,1.000,0.000,0.005,-0.075,0.032,200.0,0.8,0,-1.16,-0.470,200.0,376.8,1.000,9.4,21.8,36.5,71.3,169.1,200.0,200.0,200.0,200.0,175.3,137.5,113.1,90.6,73.8,54.8,36.2,23.3,15.6,7.6
1647,33.986,0.000,1629.5,200.0,-0.3,3,18972,1.000,0.000,0.005,-0.081,0.031,200.0,0.1,0,-1.15,-0.470,200.0,376.8,1.000,9.5,21.9,36.6,71.3,167.6,200.0,200.0,200.0,200.0,177.4,138.5,113.6,90.8,73.9,54.7,36.1,23.2,15.5,7.6
1648,34.006,0.000,1630.6,200.8,-0.3,3,19008,1.000,0.000,0.005,-0.087,0.031,200.0,-0.7,0,-1.15,-0.470,200.0,376.8,1.000,9.5,22.0,36.7,71.3,166.3,200.0,200.0,200.0,200.0,179.2,139.4,114.1,91.0,73.9,54.7,36.0,23.0,15.5,7.5
1649,34.026,0.000,1631.7,201.5,-0.2,3,19076,1.000,0.000,0.006,-0.093,0.030,200.0,-0.9,0,-1.14,-0.470,200.0,376.8,1.000,9.6,22.1,36.8,71.3,165.1,200.0,200.0,200.0,200.0,180.9,140.3,114.5,91.1,73.9,54.6,35.9,22.9,15.4,7.5
1650,34.046,0.000,1632.8,202.3,-0.2,3,19152,1.000,0.000,0.006,-0.098,0.030,200.0,-0.8,0,-1.13,-0.470,200.0,376.8,1.000,9.6,22.2,36.8,71.3,163.9,200.0,200.0,200.0,200.0,182.9,141.2,115.0,91.3,73.9,54.5,35.8,22.8,15.3,7.4
1651,34.066,0.000,1634.0,203.0,-0.2,3,19228,1.000,0.000,0.006,-0.104,0.029,200.0,-0.7,0,-1.12,-0.470,200.0,376.8,1.000,9.7,22.2,36.9,71.2,162.5,200.0,200.0,200.0,200.0,185.2,142.4,115.7,91.6,74.0,54.5,35.7,22.8,15.2,7.4
1652,34.086,0.000,1635.1,203.8,-0.2,3,19298,1.000,0.000,0.006,-0.110,0.028,200.0,-0.7,0,-1.11,-0.470,200.0,376.8,1.000,9.7,22.3,37.0,71.1,161.0,200.0,200.0,200.0,200.0,187.8,143.7,116.4,92.0,74.2,54.5,35.6,22.7,15.2,7.3
1653,34.106,0.000,1636.2,204.5,-0.2,3,19363,1.000,0.000,0.006,-0.115,0.028,200.0,-0.8,0,-1.09,-0.470,200.0,376.8,1.000,9.7,22.4,37.1,71.0,159.5,200.0,200.0,200.0,200.0,190.6,145.2,117.2,92.3,74.3,54.4,35.5,22.6,15.1,7.3
1654,34.126,0.000,1637.4,205.2,-0.2,3,19443,1.000,0.000,0.006,-0.121,0.027,200.0,-0.6,0,-1.08,-0.470,200.0,376.7,1.000,9.8,22.4,37.1,70.9,157.9,200.0,200.0,200.0,200.0,193.8,146.8,118.1,92.8,74.5,54.5,35.4,22.5,15.0,7.3
1655,34.146,0.000,1638.5,206.0,-0.2,3,19498,1.000,0.000,0.005,-0.126,0.027,200.0,-0.8,0,-1.06,-0.470,200.0,376.4,1.000,9.8,22.5,37.2,70.8,156.3,200.0,200.0,200.0,200.0,197.3,148.6,119.1,93.3,74.7,54.5,35.4,22.4,15.0,7.2
1656,34.166,0.000,1639.7,206.6,-0.2,4,19331,1.000,0.000,0.005,-0.131,0.026,200.0,-4.1,0,-1.05,-0.470,200.0,376.4,1.000,9.9,22.6,37.2,70.7,154.9,200.0,200.0,200.0,200.0,200.0,150.2,120.1,93.7,74.9,54.5,35.3,22.3,14.9,7.2
1657,34.186,0.000,1640.8,207.1,-0.2,4,19187,1.000,0.000,0.005,-0.136,0.025,200.0,-4.3,0,-1.04,-0.470,200.0,376.6,1.000,9.9,22.6,37.3,70.6,153.7,200.0,200.0,200.0,200.0,200.0,151.7,120.9,94.1,75.1,54.5,35.2,22.3,14.8,7.1
1658,34.206,0.000,1642.0,207.7,-0.2,4,19068,1.000,0.000,0.005,-0.141,0.025,200.0,-4.3,0,-1.04,-0.470,200.0,376.5,1.000,9.9,22.7,37.3,70.5,152.6,200.0,200.0,200.0,200.0,200.0,153.2,121.6,94.4,75.2,54.5,35.2,22.2,14.8,7.1
1659,34.226,0.000,1643.1,208.2,-0.2,4,18454,1.000,0.000,0.006,-0.146,0.024,200.0,-4.1,0,-1.03,-0.470,200.0,376.4,1.000,10.0,22.7,37.4,70.5,151.5,200.0,200.0,200.0,200.0,200.0,154.6,122.4,94.8,75.3,54.4,35.1,22.1,14.7,7.1
1660,34.246,0.000,1644.3,208.8,-0.2,4,18001,1.000,0.000,0.006,-0.151,0.024,200.0,-4.0,0,-1.02,-0.470,200.0,376.4,1.000,10.0,22.8,37.4,70.4,150.4,200.0,200.0,200.0,200.0,200.0,156.2,123.3,95.2,75.5,54.4,35.0,22.0,14.6,7.0
1661,34.266,0.000,1645.4,209.3,-0.2,4,17681,1.000,0.000,0.005,-0.156,0.023,200.0,-3.6,0,-1.01,-0.470,200.0,375.9,1.000,10.0,22.9,37.5,70.2,149.1,200.0,200.0,200.0,200.0,200.0,158.3,124.4,95.7,75.8,54.5,34.9,22.0,14.6,7.0
1662,34.286,0.000,1646.6,209.9,-0.2,4,17445,1.000,0.000,0.159,-0.160,0.023,200.0,-3.9,0,-1.00,0.000,200.0,375.9,1.000,10.1,22.9,37.5,70.1,147.8,200.0,200.0,200.0,200.0,200.0,160.4,125.6,96.3,76.0,54.5,34.9,21.9,14.5,7.0
1663,34.306,0.000,1647.8,210.4,-0.0,4,17281,1.000,0.000,0.139,-0.165,0.019,200.0,-3.6,0,-0.89,0.000,200.0,376.0,1.000,10.1,22.7,37.0,68.0,138.0,200.0,200.0,200.0,200.0,200.0,179.7,136.9,102.7,79.9,56.4,35.6,22.1,14.6,7.0
1664,34.326,0.000,1649.0,211.0,-0.7,4,17170,1.000,0.000,0.089,-0.168,0.011,200.0,-3.6,0,-0.63,0.000,200.0,376.2,1.000,10.0,22.2,35.5,62.9,118.3,200.0,200.0,200.0,200.0,200.0,200.0,178.2,124.1,92.2,62.2,37.7,22.9,14.9,7.0
1665,34.346,0.000,1650.1,211.5,-1.8,4,17102,1.000,0.000,0.032,-0.170,0.001,200.0,-3.6,0,-0.32,0.000,200.0,376.3,1.000,9.9,21.6,33.9,58.0,101.8,164.0,200.0,200.0,200.0,200.0,200.0,200.0,163.4,112.1,70.6,40.6,23.9,15.3,7.0
1666,34.366,0.000,1651.3,212.0,-2.6,4,17060,1.000,0.000,-0.012,-0.172,-0.007,200.0,-3.7,0,-0.08,0.000,200.0,376.4,1.000,9.9,21.2,32.8,54.7,91.9,139.5,192.9,200.0,200.0,200.0,200.0,200.0,200.0,134.9,78.9,43.2,24.7,15.6,7.1
1667,34.386,0.000,1652.5,212.6,-2.8,4,17037,1.000,0.000,-0.033,-0.173,-0.010,200.0,-3.8,0,0.03,0.000,200.0,376.3,1.000,9.8,21.0,32.3,53.2,87.8,130.3,175.7,200.0,200.0,200.0,200.0,200.0,200.0,149.3,83.6,44.5,25.1,15.7,7.1
1668,34.406,0.000,1653.7,213.1,-2.3,4,17026,1.000,0.000,-0.032,-0.173,-0.010,200.0,-4.1,0,0.02,0.000,200.0,376.3,1.000,9.9,21.0,32.3,53.4,88.1,131.0,176.9,200.0,200.0,200.0,200.0,200.0,200.0,148.1,83.2,44.4,25.1,15.7,7.1
1669,34.426,0.000,1654.8,213.7,-1.6,4,17024,1.000,0.000,-0.017,-0.173,-0.008,200.0,-4.4,0,-0.06,0.000,200.0,376.4,1.000,9.9,21.2,32.7,54.4,91.0,137.4,188.8,200.0,200.0,200.0,200.0,200.0,200.0,137.8,79.8,43.4,24.8,15.6,7.1
1670,34.446,0.000,1656.0,214.2,-0.8,4,17029,1.000,0.000,-0.001,-0.173,-0.005,200.0,-4.6,0,-0.14,0.000,200.0,376.6,1.000,9.9,21.3,33.1,55.6,94.4,145.4,200.0,200.0,200.0,200.0,200.0,200.0,199.5,127.8,76.4,42.4,24.4,15.5,7.1
1671,34.466,0.000,1657.2,214.8,-0.2,4,17038,1.000,0.000,0.011,-0.172,-0.003,200.0,-4.8,0,-0.20,0.000,200.0,376.8,1.000,9.9,21.4,33.4,56.4,96.9,151.4,200.0,200.0,200.0,200.0,200.0,200.0,185.2,121.8,74.2,41.7,24.2,15.4,7.0
1672,34.486,0.000,1658.4,215.3,0.1,4,17051,1.000,0.000,0.014,-0.172,-0.002,200.0,-4.9,0,-0.22,0.000,200.0,376.8,1.000,9.9,21.5,33.5,56.6,97.6,153.1,200.0,200.0,200.0,200.0,200.0,200.0,181.6,120.3,73.7,41.5,24.2,15.4,7.0
1673,34.506,0.000,1659.6,215.9,0.1,4,17067,1.000,0.000,0.011,-0.171,-0.003,200.0,-5.0,0,-0.20,0.000,200.0,376.8,1.000,9.9,21.4,33.4,56.4,96.8,151.2,200.0,200.0,200.0,200.0,200.0,200.0,185.4,122.0,74.3,41.8,24.2,15.4,7.1
1674,34.526,0.000,1660.8,216.4,-0.0,4,17086,1.000,0.000,0.004,-0.171,-0.004,200.0,-5.1,0,-0.16,0.000,200.0,376.8,1.000,9.9,21.3,33.2,55.9,95.4,147.9,200.0,200.0,200.0,200.0,200.0,200.0,193.0,125.2,75.5,42.2,24.4,15.5,7.1
1675,34.546,0.000,1662.0,217.0,-0.1,4,17105,1.000,0.000,-0.001,-0.170,-0.005,200.0,-5.1,0,-0.13,0.000,200.0,376.8,1.000,9.9,21.3,33.0,55.4,94.2,145.0,200.0,200.0,200.0,200.0,200.0,200.0,200.0,128.3,76.7,42.5,24.5,15.5,7.1
1676,34.566,0.000,1663.2,217.5,-0.2,4,17126,1.000,0.000,-0.004,-0.169,-0.005,200.0,-5.1,0,-0.12,0.000,200.0,376.8,1.000,9.9,21.2,32.9,55.2,93.5,143.6,200.0,200.0,200.0,200.0,200.0,200.0,200.0,129.9,77.3,42.7,24.6,15.5,7.1
1677,34.586,0.000,1664.4,218.1,-0.2,4,17147,1.000,0.000,-0.004,-0.168,-0.005,200.0,-5.1,0,-0.12,0.000,200.0,376.8,1.000,9.9,21.2,32.9,55.2,93.5,143.4,200.0,200.0,200.0,200.0,200.0,200.0,200.0,130.1,77.4,42.8,24.6,15.6,7.1
1678,34.606,0.000,1665.7,218.6,-0.1,4,17170,1.000,0.000,-0.003,-0.167,-0.005,200.0,-5.2,0,-0.12,0.000,200.0,376.8,1.000,9.9,21.2,32.9,55.2,93.7,144.2,200.0,200.0,200.0,200.0,200.0,200.0,200.0,129.3,77.1,42.7,24.6,15.6,7.1
1679,34.626,0.000,1666.9,219.1,0.0,4,17193,1.000,0.000,-0.001,-0.166,-0.005,200.0,-5.2,0,-0.13,0.000,200.0,376.8,1.000,9.9,21.2,32.9,55.4,94.1,145.2,200.0,200.0,200.0,200.0,200.0,200.0,199.5,128.1,76.7,42.6,24.6,15.6,7.1
1680,34.646,0.000,1668.1,219.7,0.1,4,17215,1.000,0.000,0.001,-0.165,-0.004,200.0,-5.3,0,-0.14,0.000,200.0,376.8,1.000,9.8,21.2,33.0,55.4,94.5,146.0,200.0,200.0,200.0,200.0,200.0,200.0,197.2,127.3,76.5,42.6,24.6,15.6,7.1
1681,34.666,0.000,1669.3,220.2,0.1,4,17236,1.000,0.000,0.002,-0.164,-0.004,200.0,-5.3,0,-0.14,0.000,200.0,376.8,1.000,9.8,21.2,33.0,55.5,94.6,146.3,200.0,200.0,200.0,200.0,200.0,200.0,196.4,127.0,76.4,42.6,24.6,15.6,7.1
1682,34.686,0.000,1670.5,220.7,0.1,4,17257,1.000,0.000,0.001,-0.163,-0.004,200.0,-5.4,0,-0.14,0.000,200.0,376.8,1.000,9.8,21.2,32.9,55.4,94.4,146.0,200.0,200.0,200.0,200.0,200.0,200.0,197.1,127.3,76.5,42.6,24.6,15.6,7.1
1683,34.706,0.000,1671.8,221.3,0.1,4,17279,1.000,0.000,0.000,-0.163,-0.004,200.0,-5.5,0,-0.13,0.000,200.0,376.8,1.000,9.8,21.2,32.9,55.3,94.2,145.5,200.0,200.0,200.0,200.0,200.0,200.0,198.4,127.9,76.8,42.7,24.7,15.6,7.1
1684,34.726,0.000,1673.0,221.8,0.1,4,17300,1.000,0.000,-0.001,-0.162,-0.004,200.0,-5.6,0,-0.13,0.000,200.0,376.8,1.000,9.8,21.1,32.8,55.2,93.9,145.0,200.0,200.0,200.0,200.0,200.0,200.0,199.5,128.4,77.0,42.8,24.7,15.7,7.1
1685,34.746,0.000,1674.2,222.3,0.0,4,17322,1.000,0.000,-0.001,-0.161,-0.004,200.0,-5.6,0,-0.12,0.000,200.0,376.8,1.000,9.8,21.1,32.8,55.1,93.8,144.8,200.0,200.0,200.0,200.0,200.0,200.0,200.0,128.7,77.2,42.9,24.7,15.7,7.2
1686,34.766,0.000,1675.5,222.8,0.1,4,17345,1.000,0.000,-0.001,-0.160,-0.004,200.0,-5.7,0,-0.12,0.000,200.0,376.8,1.000,9.8,21.1,32.8,55.1,93.8,144.8,200.0,200.0,200.0,200.0,200.0,200.0,199.9,128.7,77.2,42.9,24.8,15.7,7.2
1687,34.786,0.000,1676.7,223.4,0.1,4,17366,1.000,0.000,-0.001,-0.159,-0.004,200.0,-5.7,0,-0.12,0.000,200.0,376.8,1.000,9.8,21.1,32.8,55.1,93.8,144.9,200.0,200.0,200.0,200.0,200.0,200.0,199.5,128.6,77.2,43.0,24.8,15.7,7.2
1688,34.806,0.000,1678.0,223.9,0.1,4,17387,1.000,0.000,-0.000,-0.158,-0.004,200.0,-5.8,0,-0.13,0.000,200.0,376.8,1.000,9.8,21.1,32.7,55.1,93.8,145.0,200.0,200.0,200.0,200.0,200.0,200.0,199.0,128.4,77.2,43.0,24.8,15.7,7.2
1689,34.826,0.000,1679.2,224.4,0.1,4,17408,1.000,0.000,-0.000,-0.157,-0.004,200.0,-5.8,0,-0.13,0.000,200.0,376.8,1.000,9.8,21.1,32.7,55.1,93.8,145.1,200.0,200.0,200.0,200.0,200.0,200.0,198.8,128.4,77.2,43.0,24.8,15.7,7.2
1690,34.846,0.000,1680.4,224.9,0.1,4,17429,1.000,0.000,-0.000,-0.156,-0.004,200.0,-5.9,0,-0.13,0.000,200.0,376.8,1.000,9.8,21.0,32.7,55.0,93.8,145.0,200.0,200.0,200.0,200.0,200.0,200.0,198.9,128.5,77.3,43.0,24.9,15.8,7.2
1691,34.866,0.000,1681.7,225.5,0.1,4,17452,1.000,0.000,-0.000,-0.155,-0.004,200.0,-5.9,0,-0.12,0.000,200.0,376.8,1.000,9.8,21.0,32.7,55.0,93.7,144.9,200.0,200.0,200.0,200.0,200.0,200.0,199.2,128.7,77.4,43.1,24.9,15.8,7.2
1692,34.886,0.000,1683.0,226.0,0.1,4,17473,1.000,0.000,-0.001,-0.154,-0.004,200.0,-6.0,0,-0.12,0.000,200.0,376.8,1.000,9.7,21.0,32.6,54.9,93.6,144.7,200.0,200.0,200.0,200.0,200.0,200.0,199.6,128.9,77.5,43.1,24.9,15.8,7.2
1693,34.906,0.000,1684.2,226.5,0.1,4,17494,1.000,0.000,-0.001,-0.153,-0.004,200.0,-6.0,0,-0.12,0.000,200.0,376.8,1.000,9.7,21.0,32.6,54.9,93.5,144.6,200.0,200.0,200.0,200.0,200.0,200.0,199.7,129.0,77.5,43.2,24.9,15.8,7.2
1694,34.926,0.000,1685.5,227.0,0.1,4,17515,1.000,0.000,-0.000,-0.152,-0.004,200.0,-6.1,0,-0.12,0.000,200.0,376.8,1.000,9.7,21.0,32.6,54.9,93.5,144.7,200.0,200.0,200.0,200.0,200.0,200.0,199.4,128.9,77.6,43.2,25.0,15.8,7.2
1695,34.946,0.000,1686.7,227.5,0.1,4,17536,1.000,0.000,-0.000,-0.151,-0.004,200.0,-6.2,0,-0.12,0.000,200.0,376.8,1.000,9.7,21.0,32.6,54.8,93.5,144.7,200.0,200.0,200.0,200.0,200.0,200.0,199.3,128.9,77.6,43.2,25.0,15.8,7.2
1696,34.966,0.000,1688.0,228.0,0.1,4,17557,1.000,0.000,-0.000,-0.150,-0.004,200.0,-6.2,0,-0.12,0.000,200.0,376.8,1.000,9.7,20.9,32.6,54.8,93.5,144.6,200.0,200.0,200.0,200.0,200.0,200.0,199.4,129.0,77.7,43.3,25.0,15.9,7.2
1697,34.986,0.000,1689.3,228.5,0.1,4,17578,1.000,0.000,-0.001,-0.149,-0.004,200.0,-6.3,0,-0.12,0.000,200.0,376.8,1.000,9.7,20.9,32.5,54.7,93.4,144.5,200.0,200.0,200.0,200.0,200.0,200.0,199.7,129.2,77.7,43.3,25.0,15.9,7.2
1698,35.006,0.000,1690.5,229.0,0.1,4,17599,1.000,0.000,-0.001,-0.148,-0.004,200.0,-6.3,0,-0.12,0.000,200.0,376.8,1.000,9.7,20.9,32.5,54.7,93.3,144.5,200.0,200.0,200.0,200.0,200.0,200.0,199.7,129.2,77.8,43.4,25.1,15.9,7.3
1699,35.026,0.000,1691.8,229.6,0.1,4,17620,1.000,0.000,-0.000,-0.147,-0.004,200.0,-6.4,0,-0.12,0.000,200.0,376.8,1.000,9.7,20.9,32.5,54.7,93.3,144.5,200.0,200.0,200.0,200.0,200.0,200.0,199.4,129.1,77.8,43.4,25.1,15.9,7.3
1700,35.046,0.000,1693.1,230.1,0.1,4,17641,1.000,0.000,-0.000,-0.146,-0.004,200.0,-6.4,0,-0.12,0.000,200.0,376.8,1.000,9.7,20.9,32.5,54.7,93.3,144.6,200.0,200.0,200.0,200.0,200.0,200.0,199.2,129.1,77.8,43.4,25.1,15.9,7.3
1701,35.066,0.000,1694.4,230.6,0.1,4,17662,1.000,0.000,-0.000,-0.145,-0.004,200.0,-6.5,0,-0.12,0.000,200.0,376.8,1.000,9.7,20.9,32.5,54.6,93.3,144.5,200.0,200.0,200.0,200.0,200.0,200.0,199.3,129.2,77.9,43.5,25.1,15.9,7.3
1702,35.086,0.000,1695.6,231.1,0.1,4,17683,1.000,0.000,-0.000,-0.145,-0.004,200.0,-6.5,0,-0.11,0.000,200.0,376.8,1.000,9.7,20.9,32.4,54.6,93.2,144.4,200.0,200.0,200.0,200.0,200.0,200.0,199.5,129.4,78.0,43.5,25.2,15.9,7.3
1703,35.106,0.000,1696.9,231.6,0.0,4,17704,1.000,0.000,-0.001,-0.144,-0.004,200.0,-6.6,0,-0.11,0.000,200.0,376.8,1.000,9.7,20.8,32.4,54.6,93.1,144.2,200.0,200.0,200.0,200.0,200.0,200.0,199.8,129.5,78.1,43.6,25.2,16.0,7.3
1704,35.126,0.000,1698.2,232.1,0.0,4,17724,1.000,0.000,-0.001,-0.143,-0.004,200.0,-6.6,0,-0.11,0.000,200.0,376.8,1.000,9.7,20.8,32.4,54.5,93.1,144.2,200.0,200.0,200.0,200.0,200.0,200.0,199.8,129.6,78.1,43.6,25.2,16.0,7.3
1705,35.146,0.000,1699.5,232.6,0.0,4,17745,1.000,0.000,-0.000,-0.142,-0.004,200.0,-6.7,0,-0.11,0.000,200.0,376.8,1.000,9.7,20.8,32.4,54.5,93.1,144.3,200.0,200.0,200.0,200.0,200.0,200.0,199.5,129.5,78.1,43.6,25.2,16.0,7.3
1706,35.166,0.000,1700.8,233.1,0.1,4,17766,1.000,0.000,-0.000,-0.141,-0.004,200.0,-6.7,0,-0.11,0.000,200.0,376.8,1.000,9.6,20.8,32.4,54.5,93.1,144.4,200.0,200.0,200.0,200.0,200.0,200.0,199.2,129.4,78.1,43.6,25.2,16.0,7.3
1707,35.186,0.000,1702.1,233.6,0.1,4,17787,1.000,0.000,-0.000,-0.140,-0.004,200.0,-6.8,0,-0.11,0.000,200.0,376.8,1.000,9.6,20.8,32.3,54.5,93.0,144.3,200.0,200.0,200.0,200.0,200.0,200.0,199.3,129.5,78.2,43.7,25.3,16.0,7.3
1708,35.206,0.000,1703.4,234.0,0.0,4,17808,1.000,0.000,-0.000,-0.139,-0.004,200.0,-6.8,0,-0.11,0.000,200.0,376.8,1.000,9.6,20.8,32.3,54.4,93.0,144.2,200.0,200.0,200.0,200.0,200.0,200.0,199.5,129.6,78.3,43.7,25.3,16.0,7.3
1709,35.226,0.000,1704.7,234.5,0.0,4,17828,1.000,0.000,-0.000,-0.138,-0.004,200.0,-6.9,0,-0.11,0.000,200.0,376.8,1.000,9.6,20.8,32.3,54.4,92.9,144.1,200.0,200.0,200.0,200.0,200.0,200.0,199.7,129.8,78.3,43.8,25.3,16.1,7.3
1710,35.246,0.000,1706.0,235.0,0.0,4,17856,1.000,0.000,-0.001,-0.138,-0.004,200.0,-6.9,0,-0.11,0.000,200.0,376.8,1.000,9.6,20.7,32.3,54.3,92.8,144.0,200.0,200.0,200.0,200.0,200.0,200.0,200.0,129.9,78.4,43.8,25.3,16.1,7.3
1711,35.266,0.000,1707.3,235.5,0.0,4,17891,1.000,0.000,-0.001,-0.137,-0.004,200.0,-7.0,0,-0.11,0.000,200.0,376.8,1.000,9.6,20.7,32.2,54.3,92.8,143.9,200.0,200.0,200.0,200.0,200.0,200.0,200.0,130.0,78.5,43.8,25.4,16.1,7.4
1712,35.286,0.000,1708.6,236.0,0.0,4,17927,1.000,0.000,-0.000,-0.136,-0.004,200.0,-7.0,0,-0.11,0.000,200.0,376.8,1.000,9.6,20.7,32.2,54.3,92.8,144.1,200.0,200.0,200.0,200.0,200.0,200.0,199.5,129.8,78.5,43.9,25.4,16.1,7.4
1713,35.306,0.000,1709.9,236.5,0.0,4,17963,1.000,0.000,0.000,-0.135,-0.004,200.0,-7.1,0,-0.11,0.000,200.0,376.8,1.000,9.6,20.7,32.2,54.3,92.8,144.2,200.0,200.0,200.0,200.0,200.0,200.0,199.3,129.7,78.5,43.9,25.4,16.1,7.4
1714,35.326,0.000,1711.2,237.0,0.0,4,17999,1.000,0.000,0.000,-0.134,-0.004,200.0,-7.1,0,-0.11,0.000,200.0,376.8,1.000,9.6,20.7,32.2,54.3,92.8,144.1,200.0,200.0,200.0,200.0,200.0,200.0,199.2,129.8,78.5,43.9,25.4,16.1,7.4
1715,35.346,0.000,1712.6,237.5,0.0,4,18033,1.000,0.000,-0.000,-0.133,-0.004,200.0,-7.2,0,-0.11,0.000,200.0,376.8,1.000,9.6,20.7,32.2,54.2,92.7,144.0,200.0,200.0,200.0,200.0,200.0,200.0,199.4,129.9,78.6,44.0,25.4,16.1,7.4
1716,35.366,0.000,1713.9,237.9,0.0,4,18068,1.000,0.000,-0.000,-0.133,-0.004,200.0,-7.2,0,-0.11,0.000,200.0,376.8,1.000,9.6,20.7,32.1,54.2,92.7,143.9,200.0,200.0,200.0,200.0,200.0,200.0,199.6,130.0,78.7,44.0,25.5,16.2,7.4
1717,35.386,0.000,1715.2,238.4,0.0,4,18103,1.000,0.000,-0.000,-0.132,-0.004,200.0,-7.3,0,-0.10,0.000,200.0,376.8,1.000,9.6,20.6,32.1,54.1,92.6,143.8,200.0,200.0,200.0,200.0,200.0,200.0,199.9,130.2,78.7,44.0,25.5,16.2,7.4
1718,35.406,0.000,1716.5,238.9,0.0,4,18139,1.000,0.000,-0.001,-0.131,-0.004,200.0,-7.3,0,-0.10,0.000,200.0,376.8,1.000,9.6,20.6,32.1,54.1,92.5,143.7,200.0,200.0,200.0,200.0,200.0,200.0,200.0,130.3,78.8,44.1,25.5,16.2,7.4
1719,35.426,0.000,1717.9,239.4,0.0,4,18174,1.000,0.000,-0.000,-0.130,-0.004,200.0,-7.4,0,-0.10,0.000,200.0,376.8,1.000,9.6,20.6,32.1,54.1,92.5,143.7,200.0,200.0,200.0,200.0,200.0,200.0,199.9,130.3,78.8,44.1,25.5,16.2,7.4
1720,35.446,0.000,1719.2,239.8,0.0,4,18209,1.000,0.000,-0.000,-0.129,-0.004,200.0,-7.4,0,-0.10,0.000,200.0,376.8,1.000,9.5,20.6,32.1,54.0,92.5,143.7,200.0,200.0,200.0,200.0,200.0,200.0,199.2,130.3,78.9,44.1,25.5,16.2,7.4
1721,35.466,0.000,1720.5,240.3,0.0,4,18242,1.000,0.000,-0.000,-0.129,-0.004,200.0,-7.5,0,-0.10,0.000,200.0,376.8,1.000,9.5,20.6,32.0,54.0,92.4,143.7,200.0,200.0,200.0,200.0,200.0,200.0,198.5,130.3,78.9,44.2,25.6,16.2,7.4
1722,35.486,0.000,1721.9,240.8,0.0,4,18277,1.000,0.000,-0.000,-0.128,-0.004,200.0,-7.5,0,-0.10,0.000,200.0,376.8,1.000,9.5,20.6,32.0,54.0,92.4,143.6,200.0,200.0,200.0,200.0,200.0,200.0,197.7,130.5,79.0,44.2,25.6,16.2,7.4
1723,35.506,0.000,1723.2,241.3,0.0,4,18312,1.000,0.000,-0.000,-0.127,-0.004,200.0,-7.6,0,-0.11,0.000,200.0,376.8,1.000,9.5,20.6,32.0,53.9,92.3,143.5,200.0,200.0,200.0,200.0,200.0,200.0,196.8,130.6,79.1,44.2,25.6,16.3,7.4
1724,35.526,0.000,1724.5,241.7,0.0,4,18346,1.000,0.000,-0.000,-0.126,-0.004,200.0,-7.6,0,-0.11,0.000,200.0,376.8,1.000,9.5,20.5,32.0,53.9,92.2,143.4,200.0,200.0,200.0,200.0,200.0,200.0,195.9,130.7,79.1,44.3,25.6,16.3,7.4
1725,35.546,0.000,1725.9,242.2,0.0,4,18381,1.000,0.000,-0.000,-0.125,-0.004,200.0,-7.6,0,-0.11,0.000,200.0,376.8,1.000,9.5,20.5,31.9,53.9,92.2,143.3,200.0,200.0,200.0,200.0,200.0,200.0,194.9,130.8,79.2,44.3,25.7,16.3,7.4
1726,35.566,0.000,1727.2,242.7,0.0,4,18414,1.000,0.000,-0.000,-0.125,-0.004,200.0,-7.7,0,-0.11,0.000,200.0,376.8,1.000,9.5,20.5,31.9,53.8,92.1,143.2,200.0,200.0,200.0,200.0,200.0,200.0,193.9,130.9,79.3,44.4,25.7,16.3,7.5
1727,35.586,0.000,1728.6,243.1,0.0,4,18447,1.000,0.000,-0.001,-0.124,-0.004,200.0,-7.8,0,-0.11,0.000,200.0,376.8,1.000,9.5,20.5,31.9,53.8,92.0,143.1,200.0,200.0,200.0,200.0,200.0,200.0,192.8,131.1,79.4,44.4,25.7,16.3,7.5
1728,35.606,0.000,1729.9,243.6,0.0,4,18482,1.000,0.000,-0.000,-0.123,-0.003,200.0,-7.8,0,-0.11,0.000,200.0,376.8,1.000,9.5,20.5,31.9,53.8,92.0,143.1,200.0,200.0,200.0,200.0,200.0,200.0,191.7,131.1,79.4,44.4,25.7,16.3,7.5
1729,35.626,0.000,1731.3,244.0,0.0,4,18516,1.000,0.000,-0.000,-0.122,-0.003,200.0,-7.9,0,-0.11,0.000,200.0,376.8,1.000,9.5,20.5,31.9,53.8,92.0,143.1,200.0,200.0,200.0,200.0,200.0,199.7,190.6,131.0,79.4,44.5,25.7,16.3,7.5
1730,35.646,0.000,1732.7,244.5,0.0,4,18550,1.000,0.000,0.000,-0.121,-0.003,200.0,-7.9,0,-0.12,0.000,200.0,376.8,1.000,9.5,20.5,31.9,53.7,92.0,143.1,200.0,200.0,200.0,200.0,200.0,198.4,189.5,131.1,79.4,44.5,25.8,16.4,7.5
1731,35.666,0.000,1734.0,245.0,0.0,4,18583,1.000,0.000,0.000,-0.121,-0.003,200.0,-8.0,0,-0.12,0.000,200.0,376.8,1.000,9.5,20.5,31.8,53.7,91.9,143.0,200.0,200.0,200.0,200.0,200.0,197.1,188.4,131.1,79.5,44.5,25.8,16.4,7.5
1732,35.686,0.000,1735.4,245.4,0.0,4,18607,1.000,0.000,0.000,-0.120,-0.003,200.0,-8.2,0,-0.12,0.000,200.0,376.8,1.000,9.5,20.4,31.8,53.7,91.9,142.9,200.0,200.0,200.0,200.0,199.7,195.8,187.3,131.3,79.6,44.6,25.8,16.4,7.5
1733,35.706,0.000,1736.7,245.9,0.0,4,18640,1.000,0.000,0.000,-0.119,-0.003,200.0,-8.3,0,-0.13,0.000,200.0,376.8,1.000,9.5,20.4,31.8,53.6,91.8,142.8,200.0,200.0,200.0,200.0,198.3,194.5,186.2,131.4,79.6,44.6,25.8,16.4,7.5
1734,35.726,0.000,1738.1,246.3,0.0,4,18676,1.000,0.000,0.000,-0.118,-0.003,200.0,-8.3,0,-0.13,0.000,200.0,376.8,1.000,9.5,20.4,31.8,53.6,91.7,142.7,200.0,200.0,200.0,200.0,197.0,193.2,185.0,131.5,79.7,44.6,25.9,16.4,7.5
1735,35.746,0.000,1739.5,246.8,0.0,4,18713,1.000,0.000,0.000,-0.117,-0.003,200.0,-8.2,0,-0.14,0.000,200.0,376.8,1.000,9.5,20.4,31.7,53.5,91.7,142.6,200.0,200.0,200.0,198.7,195.6,191.9,183.9,131.6,79.8,44.7,25.9,16.4,7.5
1736,35.766,0.000,1740.8,247.2,0.0,4,18749,1.000,0.000,0.000,-0.117,-0.003,199.9,-8.2,0,-0.14,0.000,199.9,376.8,1.000,9.4,20.4,31.7,53.5,91.6,142.5,200.0,200.0,199.9,197.3,194.3,190.6,182.8,131.8,79.9,44.7,25.9,16.4,7.5
1737,35.786,0.000,1742.2,247.7,0.0,4,18770,1.000,0.000,0.000,-0.116,-0.003,198.5,-8.5,0,-0.14,0.000,198.5,376.8,1.000,9.4,20.4,31.7,53.5,91.5,142.4,200.0,200.0,198.5,196.0,192.9,189.3,181.6,131.9,79.9,44.8,25.9,16.5,7.5
1738,35.806,0.000,1743.6,248.1,0.0,4,18802,1.000,0.000,0.000,-0.115,-0.003,197.1,-8.6,0,-0.15,0.000,197.1,376.8,1.000,9.4,20.4,31.7,53.4,91.5,142.3,200.0,199.4,197.1,194.6,191.6,188.0,180.4,132.0,80.0,44.8,26.0,16.5,7.5
1739,35.826,0.000,1745.0,248.6,0.0,4,18838,1.000,0.000,0.000,-0.114,-0.003,195.7,-8.5,0,-0.15,0.000,195.7,376.8,1.000,9.4,20.3,31.7,53.4,91.4,142.2,200.0,198.0,195.7,193.2,190.2,186.7,179.3,132.1,80.1,44.8,26.0,16.5,7.5
1740,35.846,0.000,1746.4,249.0,0.0,4,18876,1.000,0.000,0.000,-0.114,-0.003,194.3,-8.5,0,-0.15,0.000,194.3,376.1,1.000,9.4,20.3,31.6,53.3,91.3,142.1,199.3,196.6,194.3,191.8,188.9,185.3,178.1,132.2,80.1,44.9,26.0,16.5,7.5
1741,35.866,0.000,1747.8,249.5,0.0,4,18911,1.000,0.000,0.000,-0.113,-0.003,192.9,-8.4,0,-0.15,0.000,192.9,374.6,1.000,9.4,20.3,31.6,53.3,91.3,142.0,197.9,195.2,192.9,190.4,187.5,184.0,176.9,132.4,80.2,44.9,26.0,16.5,7.6
1742,35.886,0.000,1749.1,249.9,-0.0,4,18936,1.000,0.000,0.000,-0.112,-0.003,191.5,-8.6,0,-0.15,0.000,191.5,373.1,1.000,9.4,20.3,31.6,53.3,91.2,141.9,196.5,193.8,191.5,189.0,186.2,182.7,175.7,132.5,80.3,45.0,26.0,16.5,7.6
1743,35.906,0.000,1750.5,250.3,0.0,4,18966,1.000,0.000,0.000,-0.111,-0.003,190.1,-8.7,0,-0.15,0.000,190.1,371.6,1.000,9.4,20.3,31.6,53.2,91.1,141.8,195.0,192.3,190.1,187.7,184.8,181.3,174.5,132.6,80.4,45.0,26.1,16.5,7.6
1744,35.926,0.000,1751.9,250.8,-0.0,4,18999,1.000,0.000,-0.000,-0.110,-0.003,188.7,-8.7,0,-0.15,0.000,188.7,370.1,1.000,9.4,20.3,31.5,53.2,91.1,141.7,193.6,190.9,188.7,186.3,183.4,180.0,173.3,132.7,80.4,45.0,26.1,16.6,7.6
1745,35.946,0.000,1753.3,251.2,0.0,4,19032,1.000,0.000,-0.000,-0.110,-0.003,187.3,-8.7,0,-0.15,0.000,187.3,368.6,1.000,9.4,20.2,31.5,53.2,91.0,141.6,192.2,189.5,187.3,184.9,182.1,178.7,172.1,132.8,80.5,45.1,26.1,16.6,7.6
1746,35.966,0.000,1754.7,251.6,0.0,4,19064,1.000,0.000,-0.000,-0.109,-0.003,185.9,-8.8,0,-0.15,0.000,185.9,367.1,1.000,9.4,20.2,31.5,53.1,90.9,141.5,190.7,188.1,185.9,183.5,180.7,177.3,170.8,133.0,80.6,45.1,26.1,16.6,7.6
1747,35.986,0.000,1756.1,252.0,0.0,4,19093,1.000,0.000,-0.000,-0.108,-0.003,184.5,-8.8,0,-0.15,0.000,184.5,365.5,1.000,9.4,20.2,31.5,53.1,90.9,141.4,189.3,186.6,184.5,182.1,179.3,176.0,169.6,133.1,80.7,45.2,26.2,16.6,7.6
1748,36.006,0.000,1757.5,252.4,0.0,4,19122,1.000,0.000,-0.000,-0.107,-0.003,183.1,-8.9,0,-0.15,0.000,183.1,364.0,1.000,9.4,20.2,31.4,53.0,90.8,141.3,187.8,185.2,183.1,180.7,177.9,174.7,168.4,133.2,80.7,45.2,26.2,16.6,7.6
1749,36.026,0.000,1758.9,252.9,0.0,4,19151,1.000,0.000,-0.001,-0.106,-0.003,181.6,-9.0,0,-0.15,0.000,181.6,362.5,1.000,9.4,20.2,31.4,53.0,90.7,141.2,186.4,183.8,181.6,179.3,176.5,173.3,167.1,133.3,80.8,45.2,26.2,16.6,7.6
1750,36.046,0.000,1760.3,253.3,0.0,4,19181,1.000,0.000,-0.000,-0.106,-0.003,180.2,-9.0,0,-0.15,0.000,180.2,360.9,1.000,9.4,20.2,31.4,53.0,90.7,141.2,184.9,182.3,180.2,177.8,175.1,171.9,165.9,133.3,80.8,45.3,26.2,16.6,7.6
1751,36.066,0.000,1761.7,253.7,0.0,4,19210,1.000,0.000,-0.000,-0.105,-0.003,178.8,-9.1,0,-0.15,0.000,178.8,359.3,1.000,9.3,20.2,31.4,53.0,90.7,141.3,183.5,180.9,178.8,176.4,173.7,170.6,164.6,133.2,80.8,45.3,26.2,16.7,7.6
1752,36.086,0.000,1763.1,254.1,0.0,4,19239,1.000,0.000,-0.000,-0.104,-0.003,177.3,-9.1,0,-0.15,0.000,177.3,357.7,1.000,9.3,20.2,31.4,52.9,90.7,141.2,182.0,179.4,177.3,175.0,172.3,169.2,163.3,133.3,80.9,45.3,26.3,16.7,7.6
1753,36.106,0.000,1764.5,254.5,0.0,4,19271,1.000,0.000,-0.000,-0.103,-0.003,175.9,-9.1,0,-0.15,0.000,175.9,356.1,1.000,9.3,20.1,31.4,52.9,90.6,141.1,180.5,178.0,175.9,173.6,171.0,167.9,162.1,133.4,80.9,45.4,26.3,16.7,7.6
1754,36.126,0.000,1766.0,254.9,0.0,4,19298,1.000,0.000,-0.000,-0.103,-0.003,174.5,-9.2,0,-0.15,0.000,174.5,354.5,1.000,9.3,20.1,31.3,52.9,90.6,141.0,179.1,176.5,174.5,172.2,169.6,166.5,160.8,133.5,81.0,45.4,26.3,16.7,7.6
1755,36.146,0.000,1767.4,255.3,0.0,4,19324,1.000,0.000,-0.000,-0.102,-0.003,173.0,-9.3,0,-0.15,0.000,173.0,352.9,1.000,9.3,20.1,31.3,52.8,90.5,140.9,177.6,175.1,173.0,170.8,168.2,165.1,159.5,133.6,81.1,45.4,26.3,16.7,7.6
1756,36.166,0.000,1768.8,255.6,0.0,4,19351,1.000,0.000,-0.001,-0.101,-0.003,171.6,-9.4,0,-0.15,0.000,171.6,351.2,1.000,9.3,20.1,31.3,52.8,90.4,140.8,176.2,173.6,171.6,169.3,166.8,163.8,158.3,133.8,81.2,45.5,26.4,16.7,7.7
1757,36.186,0.000,1770.2,256.0,0.0,4,19378,1.000,0.000,-0.000,-0.100,-0.003,170.2,-9.5,0,-0.15,0.000,170.2,349.4,1.000,9.3,20.1,31.3,52.8,90.4,140.8,174.7,172.2,170.2,167.9,165.4,162.4,157.0,133.7,81.2,45.5,26.4,16.7,7.7
1758,36.206,0.000,1771.7,256.4,0.0,4,19415,1.000,0.000,-0.000,-0.099,-0.003,168.7,-9.3,0,-0.15,0.000,168.7,347.2,1.000,9.3,20.1,31.3,52.8,90.4,140.9,173.2,170.7,168.7,166.5,164.0,161.0,155.7,133.7,81.2,45.5,26.4,16.8,7.7
1759,36.226,0.000,1773.1,256.8,0.0,4,19438,1.000,0.000,-0.000,-0.099,-0.003,167.3,-9.4,0,-0.15,0.000,167.3,345.4,1.000,9.3,20.1,31.2,52.7,90.4,140.8,171.7,169.2,167.3,165.0,162.5,159.6,154.4,133.7,81.2,45.6,26.4,16.8,7.7
1760,36.246,0.000,1774.5,257.2,0.0,4,19462,1.000,0.000,-0.000,-0.098,-0.003,165.8,-9.5,0,-0.15,0.000,165.8,343.9,1.000,9.3,20.0,31.2,52.7,90.3,140.8,170.3,167.8,165.8,163.6,161.1,158.3,153.1,133.8,81.3,45.6,26.4,16.8,7.7
1761,36.266,0.000,1775.9,257.5,0.0,4,19487,1.000,0.000,-0.000,-0.097,-0.003,164.4,-9.6,0,-0.15,0.000,164.4,342.0,1.000,9.3,20.0,31.2,52.6,90.3,140.7,168.8,166.3,164.4,162.2,159.7,156.9,151.8,134.0,81.4,45.6,26.5,16.8,7.7
1762,36.286,0.000,1777.4,257.9,0.0,5,19518,1.000,0.000,-0.000,-0.096,-0.003,162.9,-10.8,0,-0.15,0.000,162.9,340.2,1.000,9.3,20.0,31.2,52.6,90.2,140.8,167.3,164.9,162.9,160.8,158.3,155.5,150.5,134.0,81.4,45.7,26.5,16.8,7.7
1763,36.306,0.000,1778.8,258.1,0.0,5,19546,1.000,0.000,0.002,-0.096,-0.003,161.5,-10.5,0,-0.23,0.000,161.5,340.4,1.000,9.3,20.0,31.2,52.6,90.1,168.3,165.8,163.4,161.5,159.3,156.9,154.1,149.2,134.1,81.5,45.7,26.5,16.8,7.7
1764,36.326,0.000,1780.2,258.4,0.0,5,19574,1.000,0.000,-0.148,-0.095,-0.003,160.0,-10.6,0,-0.22,-0.850,160.0,338.6,1.000,9.3,20.0,31.1,52.5,90.0,166.8,164.4,161.9,160.0,157.9,155.5,152.8,148.0,134.6,81.7,45.8,26.5,16.8,7.7
1765,36.346,0.000,1781.7,258.7,-0.1,5,17921,1.000,0.000,-0.128,-0.094,0.000,157.7,-9.8,0,-0.30,-0.850,157.8,336.5,1.000,9.3,20.2,31.7,54.1,94.8,164.7,162.2,159.7,157.7,155.5,153.0,150.1,144.8,123.3,77.4,44.4,26.1,16.7,7.7
1766,36.366,0.000,1783.1,259.0,1.1,5,17719,1.000,0.000,-0.074,-0.095,0.010,153.7,-9.7,0,-0.50,-0.850,156.3,332.4,1.000,9.4,20.8,33.2,58.9,110.5,161.4,158.7,156.0,153.7,151.2,148.3,144.7,135.4,100.6,67.8,41.1,24.9,16.2,7.6
1767,36.386,0.000,1784.5,259.2,2.5,5,17712,1.000,0.000,-0.009,-0.097,0.021,149.3,-9.7,0,-0.92,-0.850,154.9,333.8,1.000,9.5,21.5,35.1,65.0,162.6,158.0,154.9,151.9,149.3,146.3,142.6,136.8,107.7,84.3,60.0,38.1,23.8,15.7,7.5
1768,36.406,0.000,1786.0,259.5,3.4,5,17738,1.000,0.000,0.028,-0.100,0.027,145.7,-9.3,0,-1.06,-0.850,153.3,329.5,1.000,9.6,22.0,36.4,69.7,160.0,155.1,151.8,148.5,145.7,142.2,137.3,120.7,94.8,76.2,55.7,36.3,23.0,15.4,7.4
1769,36.426,0.000,1787.4,259.9,3.2,5,17730,1.000,0.000,0.035,-0.104,0.029,143.8,-9.8,0,-1.09,-0.850,151.8,327.3,1.000,9.6,22.2,36.8,70.8,158.3,153.3,150.1,146.7,143.8,140.2,135.1,116.9,92.4,74.6,54.8,35.8,22.8,15.3,7.4
1770,36.446,0.000,1788.9,260.2,2.1,5,17735,1.000,0.000,0.020,-0.108,0.026,143.3,-10.2,0,-1.03,-0.850,150.3,326.5,1.000,9.7,22.1,36.4,69.1,157.2,152.4,149.2,146.0,143.3,140.0,135.7,123.8,96.5,77.2,56.1,36.3,23.0,15.3,7.4
1771,36.466,0.000,1790.3,260.5,0.9,5,17745,1.000,0.000,-0.000,-0.112,0.022,143.1,-10.4,0,-0.95,-0.850,148.9,325.2,1.000,9.7,21.9,35.8,66.7,156.3,151.6,148.6,145.6,143.1,140.1,136.4,130.7,103.1,81.2,58.1,37.1,23.2,15.4,7.4
1772,36.486,0.000,1791.8,260.8,0.1,5,17756,1.000,0.000,-0.014,-0.117,0.019,142.4,-10.5,0,-0.91,-0.850,147.4,323.9,1.000,9.7,21.8,35.5,65.3,155.1,150.6,147.7,144.8,142.4,139.6,136.2,131.6,108.0,84.1,59.5,37.6,23.4,15.4,7.4
1773,36.506,0.000,1793.2,261.1,-0.2,5,17793,1.000,0.000,-0.017,-0.122,0.019,141.1,-9.9,0,-0.90,-0.850,145.8,320.5,1.000,9.7,21.9,35.5,65.2,153.7,149.2,146.3,143.4,141.1,138.4,135.1,130.6,108.7,84.4,59.5,37.5,23.3,15.4,7.3
1774,36.526,0.000,1794.7,261.5,-0.1,5,17786,1.000,0.000,-0.011,-0.126,0.020,139.3,-10.2,0,-0.92,-0.850,144.3,318.3,1.000,9.8,22.0,35.9,66.1,152.0,147.5,144.6,141.7,139.3,136.6,133.2,128.6,106.0,82.7,58.6,37.0,23.1,15.2,7.3
1775,36.546,0.000,1796.1,261.8,0.1,5,17794,1.000,0.000,-0.002,-0.131,0.021,137.4,-10.4,0,-0.95,-0.850,142.8,316.9,1.000,9.8,22.2,36.3,67.4,150.2,145.7,142.8,139.8,137.4,134.6,131.2,126.3,102.4,80.4,57.3,36.5,22.8,15.1,7.2
1776,36.566,0.000,1797.6,262.1,0.3,5,17804,1.000,0.000,0.004,-0.136,0.022,135.6,-10.5,0,-0.98,-0.850,141.3,314.5,1.000,9.9,22.4,36.6,68.4,148.5,143.9,141.0,138.1,135.6,132.8,129.3,124.2,99.8,78.7,56.4,36.0,22.6,15.0,7.2
1777,36.586,0.000,1799.0,262.4,0.3,5,17814,1.000,0.000,0.006,-0.141,0.022,134.1,-10.7,0,-0.99,-0.850,139.8,312.7,1.000,9.9,22.5,36.8,68.8,146.9,142.4,139.4,136.5,134.1,131.3,127.8,122.8,98.9,78.0,55.9,35.7,22.4,14.9,7.1
1778,36.606,0.000,1800.5,262.7,0.2,5,17860,1.000,0.000,0.004,-0.147,0.022,132.7,-9.9,0,-0.98,-0.850,138.2,308.6,1.000,10.0,22.6,36.9,68.8,145.4,140.9,138.0,135.1,132.7,130.0,126.6,121.8,99.1,78.0,55.8,35.6,22.3,14.8,7.1
1779,36.626,0.000,1802.0,263.0,0.1,5,17868,1.000,0.000,0.002,-0.152,0.021,131.4,-10.2,0,-0.98,-0.850,136.7,306.6,1.000,10.0,22.6,37.0,68.7,143.9,139.5,136.6,133.8,131.4,128.7,125.5,120.9,99.6,78.3,55.9,35.6,22.2,14.7,7.0
1780,36.646,0.000,1803.4,263.4,-0.1,5,17881,1.000,0.000,-0.001,-0.157,0.021,130.1,-10.5,0,-0.97,-0.850,135.2,305.9,1.000,10.0,22.7,37.0,68.7,142.4,138.0,135.2,132.4,130.1,127.4,124.3,120.0,100.1,78.5,55.8,35.5,22.2,14.7,7.0
1781,36.666,0.000,1804.9,263.7,-0.1,5,17895,1.000,0.000,-0.001,-0.162,0.021,128.7,-10.7,0,-0.97,-0.850,133.7,304.1,1.000,10.1,22.8,37.1,68.8,140.9,136.5,133.7,130.9,128.7,126.1,123.0,118.8,100.0,78.3,55.7,35.3,22.0,14.6,7.0
1782,36.686,0.000,1806.3,264.0,-0.1,5,17911,1.000,0.000,-0.001,-0.167,0.021,127.2,-10.8,0,-0.98,-0.850,132.1,302.8,1.000,10.1,22.9,37.3,69.1,139.3,135.0,132.2,129.4,127.2,124.6,121.5,117.5,99.4,77.8,55.3,35.1,21.9,14.5,6.9
1783,36.706,0.000,1807.8,264.3,-0.1,5,17956,1.000,0.000,0.001,-0.172,0.021,125.7,-10.2,0,-0.99,-0.850,130.6,299.3,1.000,10.2,23.0,37.5,69.4,137.8,133.4,130.6,127.9,125.7,123.1,120.1,116.1,98.6,77.2,54.9,34.9,21.8,14.4,6.9
1784,36.726,0.000,1809.3,264.6,-0.0,5,17966,1.000,0.000,0.002,-0.178,0.021,124.1,-10.5,0,-0.99,-0.850,129.0,297.7,1.000,10.2,23.1,37.7,69.8,136.2,131.8,129.1,126.4,124.1,121.6,118.6,114.7,97.9,76.7,54.6,34.6,21.6,14.3,6.8
1785,36.746,0.000,1810.8,264.9,-0.0,5,17980,1.000,0.000,0.002,-0.183,0.021,122.7,-10.7,0,-1.00,-0.850,127.5,296.9,1.000,10.2,23.2,37.8,70.0,134.6,130.3,127.6,124.9,122.7,120.2,117.2,113.4,97.5,76.3,54.3,34.5,21.5,14.2,6.8
1786,36.766,0.000,1812.2,265.2,-0.0,5,17995,1.000,0.000,0.002,-0.188,0.020,121.2,-10.9,0,-1.00,-0.850,126.0,295.5,1.000,10.3,23.3,37.9,70.2,133.0,128.8,126.1,123.4,121.2,118.8,115.9,112.1,97.2,76.1,54.1,34.3,21.4,14.1,6.8
1787,36.786,0.000,1813.7,265.5,-0.1,5,18011,1.000,0.000,0.001,-0.193,0.020,119.8,-11.0,0,-1.00,-0.850,124.4,294.3,1.000,10.3,23.4,38.1,70.3,131.5,127.2,124.6,121.9,119.8,117.4,114.5,110.9,97.1,75.9,53.8,34.1,21.3,14.1,6.7
1788,36.806,0.000,1815.2,265.8,-0.1,5,18046,1.000,0.000,0.001,-0.198,0.020,118.3,-10.7,0,-1.01,-0.850,122.9,291.9,1.000,10.4,23.4,38.2,70.5,129.9,125.7,123.1,120.4,118.3,115.9,113.1,109.6,96.8,75.6,53.6,34.0,21.2,14.0,6.7
1789,36.826,0.000,1816.7,266.1,-0.1,5,18061,1.000,0.000,0.001,-0.203,0.020,116.9,-10.8,0,-1.01,-0.850,121.3,290.1,1.000,10.4,23.5,38.3,70.7,128.4,124.2,121.5,118.9,116.9,114.5,111.8,108.3,96.5,75.3,53.4,33.8,21.0,13.9,6.6
1790,36.846,0.000,1818.1,266.4,-0.1,5,18077,1.000,0.000,0.001,-0.208,0.020,115.4,-11.0,0,-1.02,-0.850,119.8,288.8,1.000,10.5,23.6,38.4,70.9,126.8,122.6,120.0,117.4,115.4,113.1,110.4,107.0,96.2,75.0,53.1,33.6,20.9,13.8,6.6
1791,36.866,0.000,1819.6,266.7,-0.1,5,18094,1.000,0.000,0.001,-0.213,0.020,113.9,-11.1,0,-1.02,-0.850,118.2,287.0,1.000,10.5,23.7,38.6,71.1,125.2,121.1,118.5,115.9,113.9,111.6,108.9,105.7,95.8,74.7,52.9,33.4,20.8,13.7,6.6
1792,36.886,0.000,1821.1,267.0,-0.1,5,18111,1.000,0.000,0.001,-0.218,0.020,112.4,-11.2,0,-1.03,-0.850,116.7,285.1,1.000,10.5,23.8,38.7,71.3,123.6,119.5,116.9,114.4,112.4,110.1,107.5,104.3,95.4,74.3,52.6,33.2,20.7,13.6,6.5
1793,36.906,0.000,1822.6,267.3,-0.1,5,18145,1.000,0.000,0.001,-0.222,0.019,110.9,-10.8,0,-1.03,-0.850,115.1,282.2,1.000,10.6,23.9,38.8,71.5,122.0,117.9,115.4,112.9,110.9,108.7,106.1,103.0,95.0,74.0,52.3,33.0,20.6,13.6,6.5
1794,36.926,0.000,1824.1,267.6,-0.1,5,18160,1.000,0.000,0.001,-0.227,0.019,109.4,-11.0,0,-1.04,-0.850,113.5,279.9,1.000,10.6,24.0,39.0,71.7,120.4,116.4,113.9,111.4,109.4,107.2,104.7,101.7,94.3,73.7,52.1,32.9,20.4,13.5,6.4
1795,36.946,0.000,1825.5,267.9,-0.1,5,18176,1.000,0.000,0.002,-0.232,0.019,107.9,-11.1,0,-1.05,-0.850,112.0,278.3,1.000,10.7,24.1,39.1,71.9,118.9,114.8,112.3,109.9,107.9,105.8,103.3,100.3,93.5,73.3,51.8,32.7,20.3,13.4,6.4
1796,36.966,0.000,1827.0,268.2,-0.1,5,18192,1.000,0.000,0.002,-0.237,0.019,106.5,-11.2,0,-1.06,-0.850,110.4,276.3,1.000,10.7,24.1,39.2,72.1,117.3,113.3,110.8,108.4,106.5,104.3,101.9,99.0,92.6,73.1,51.6,32.5,20.2,13.3,6.4
1797,36.986,0.000,1828.5,268.5,-0.1,5,18210,1.000,0.000,0.001,-0.242,0.019,105.0,-11.3,0,-1.06,-0.850,108.9,274.3,1.000,10.7,24.2,39.3,72.2,115.7,111.7,109.3,106.9,105.0,102.9,100.5,97.7,91.7,72.9,51.4,32.4,20.1,13.3,6.3
1798,37.006,0.000,1830.0,268.8,-0.1,5,18241,1.000,0.000,0.001,-0.247,0.019,103.5,-11.0,0,-1.07,-0.850,107.3,271.5,1.000,10.8,24.3,39.4,72.4,114.1,110.2,107.7,105.4,103.5,101.5,99.1,96.3,90.7,72.6,51.2,32.2,20.0,13.2,6.3
1799,37.026,0.000,1831.5,269.1,-0.1,5,18256,1.000,0.000,0.001,-0.251,0.019,102.0,-11.2,0,-1.08,-0.850,105.7,269.2,1.000,10.8,24.4,39.6,72.5,112.5,108.6,106.2,103.9,102.0,100.0,97.7,95.0,89.6,72.3,50.9,32.0,19.9,13.1,6.2
1800,37.046,0.000,1833.0,269.4,-0.1,5,18272,0.000,0.000,0.001,-0.256,0.018,100.5,-11.3,0,-1.09,-0.850,104.2,267.4,1.000,10.9,24.5,39.7,72.7,110.9,107.0,104.6,102.3,100.5,98.5,96.3,93.6,88.5,72.0,50.7,31.9,19.8,13.0,6.2
1801,37.066,0.000,1834.5,269.0,-0.1,5,17864,0.000,0.000,0.001,-0.261,0.018,99.1,-22.1,0,-1.10,-0.850,102.6,265.3,1.000,10.9,24.5,39.8,72.8,109.3,105.5,103.1,100.8,99.1,97.1,94.9,92.3,87.4,71.9,50.5,31.7,19.7,12.9,6.2
1802,37.086,0.000,1836.0,268.3,-0.1,5,17814,0.000,0.000,0.000,-0.265,0.018,97.6,-22.3,0,-1.11,-0.850,101.0,263.1,1.000,10.9,24.6,39.9,72.9,107.7,103.9,101.6,99.4,97.6,95.7,93.5,91.0,86.3,71.8,50.4,31.6,19.6,12.9,6.1
1803,37.106,0.000,1837.5,267.6,-0.2,5,17764,0.000,0.000,-0.000,-0.270,0.017,96.1,-22.3,0,-1.12,-0.850,99.5,259.8,1.000,11.0,24.7,39.9,72.9,106.2,102.4,100.1,97.9,96.1,94.3,92.1,89.7,85.2,71.7,50.3,31.5,19.5,12.8,6.1
1804,37.126,0.000,1839.0,266.9,-0.2,5,17716,0.000,0.492,-0.001,-0.274,0.017,94.7,-22.2,0,-1.13,-0.850,97.9,257.1,0.000,11.0,24.7,40.0,73.0,104.6,100.8,98.6,96.4,94.7,92.8,90.8,88.4,84.1,71.6,50.1,31.3,19.4,12.7,6.1
1805,37.146,0.000,1840.5,265.4,-0.2,5,17439,0.000,0.519,-0.001,-0.278,0.017,93.2,-11.0,0,-1.14,-0.850,96.4,255.0,0.000,11.0,24.8,40.1,73.1,103.0,99.3,97.1,94.9,93.2,91.4,89.4,87.0,82.9,71.4,49.9,31.2,19.3,12.7,6.0
1806,37.166,0.000,1841.9,263.3,-0.2,5,17282,0.000,0.546,-0.001,-0.283,0.017,91.7,-8.4,0,-1.15,-0.850,94.8,252.4,0.000,11.1,24.9,40.2,73.2,101.4,97.7,95.5,93.4,91.7,89.9,88.0,85.7,81.7,71.1,49.7,31.0,19.2,12.6,6.0
1807,37.186,0.000,1843.4,261.1,-0.1,5,17117,0.000,0.571,-0.000,-0.287,0.017,90.3,-7.6,0,-1.17,-0.850,93.3,249.6,0.000,11.1,24.9,40.3,73.4,99.8,96.2,94.0,91.9,90.3,88.5,86.6,84.3,80.5,70.8,49.5,30.9,19.1,12.5,6.0
1808,37.206,0.000,1844.8,258.8,-0.1,5,16938,0.000,0.625,-0.000,-0.291,0.017,88.8,-7.4,0,-1.18,-0.850,91.8,246.3,0.000,11.1,25.0,40.4,73.7,98.3,94.7,92.5,90.4,88.8,87.1,85.2,83.0,79.3,70.6,49.3,30.7,19.0,12.5,5.9
1809,37.226,0.000,1846.2,256.4,-0.1,5,16754,0.000,0.000,0.011,-0.295,0.016,87.4,-5.6,0,-1.52,-0.850,90.3,252.6,0.000,11.2,25.1,40.5,102.7,96.8,93.2,91.0,89.0,87.4,85.7,83.8,81.7,78.1,70.4,49.1,30.6,18.9,12.4,5.9
1810,37.246,0.000,1847.7,254.9,-0.1,5,16915,0.000,0.000,0.007,-0.299,0.016,86.1,-20.3,0,-1.51,-0.850,88.8,250.7,0.000,11.2,25.1,40.5,101.2,95.3,91.8,89.7,87.7,86.1,84.4,82.6,80.6,77.1,70.8,49.3,30.6,18.8,12.4,5.9
1811,37.266,0.000,1849.1,254.2,-0.3,5,16872,0.000,0.000,0.001,-0.303,0.014,84.9,-21.1,0,-1.50,-0.850,87.3,249.3,0.000,11.2,25.1,40.3,99.7,93.9,90.5,88.4,86.4,84.9,83.3,81.5,79.6,76.3,70.8,49.8,30.7,18.8,12.3,5.8
1812,37.286,0.000,1850.5,253.6,-0.4,5,16832,0.000,0.000,-0.004,-0.307,0.013,83.7,-21.1,0,-1.49,-0.850,85.9,247.6,0.000,11.2,25.0,40.2,98.3,92.5,89.1,87.1,85.1,83.7,82.1,80.3,78.4,75.3,70.4,50.1,30.8,18.8,12.3,5.8
1813,37.306,0.000,1851.9,252.9,-0.4,5,16789,0.000,0.000,0.145,-0.310,0.013,82.3,-21.0,0,-1.49,0.000,84.4,245.4,0.000,11.3,25.1,40.3,96.7,91.0,87.6,85.6,83.7,82.3,80.7,79.0,77.2,74.2,69.5,50.1,30.7,18.8,12.3,5.8
1814,37.326,0.000,1853.3,252.2,-0.2,5,16746,0.000,0.450,0.125,-0.313,0.009,81.5,-20.8,0,-1.44,0.000,83.0,243.2,0.000,11.2,24.9,39.6,95.5,90.0,86.7,84.7,82.9,81.5,80.0,78.4,76.7,73.9,69.9,52.2,31.5,19.0,12.3,5.8
1815,37.346,0.000,1854.7,250.9,-1.3,5,16488,0.000,0.896,0.062,-0.315,-0.001,81.6,-7.8,0,-0.95,0.000,81.6,233.0,0.000,11.2,24.2,37.8,64.9,89.6,86.4,84.6,82.9,81.6,80.2,78.8,77.2,74.8,71.6,59.5,33.9,19.8,12.6,5.8
1816,37.366,0.000,1856.1,248.5,-2.8,5,16109,0.000,0.887,0.009,-0.316,-0.010,81.6,11.5,0,-0.78,0.000,81.6,230.8,0.000,11.0,23.5,36.2,59.7,89.1,86.2,84.4,82.8,81.6,80.4,79.0,77.6,75.5,72.7,65.5,36.8,20.8,13.0,5.9
1817,37.386,0.000,1857.5,245.7,-3.6,5,15877,0.000,0.921,-0.023,-0.316,-0.017,81.0,23.3,0,-0.70,0.000,81.0,227.3,0.000,11.0,23.1,35.2,57.1,88.3,85.4,83.7,82.2,81.0,79.8,78.6,77.2,75.2,72.7,66.6,39.0,21.4,13.3,5.9
1818,37.406,0.000,1858.8,242.7,-3.6,5,15629,0.000,0.948,-0.033,-0.315,-0.019,79.9,31.3,0,-0.69,0.000,79.9,223.8,0.000,11.0,23.0,34.9,56.3,87.0,84.2,82.5,81.0,79.9,78.7,77.5,76.2,74.2,71.8,66.1,39.7,21.7,13.3,5.9
1819,37.426,0.000,1860.2,239.6,-2.9,5,15372,0.000,0.993,-0.027,-0.314,-0.017,78.4,37.2,0,-0.71,0.000,78.4,219.8,0.000,11.0,23.1,35.0,56.7,85.4,82.6,81.0,79.5,78.4,77.2,76.0,74.7,72.8,70.4,64.8,39.4,21.6,13.3,5.9
1820,37.446,0.000,1861.5,236.4,-2.0,5,15124,0.000,0.485,-0.012,-0.313,-0.015,76.6,44.4,0,-0.77,0.000,76.6,217.0,0.000,11.0,23.2,35.4,58.2,83.7,80.9,79.3,77.8,76.6,75.5,74.3,73.0,71.1,68.7,63.0,38.4,21.3,13.2,5.9
1821,37.466,0.000,1862.8,233.4,-1.1,5,15241,0.000,0.478,0.017,-0.311,-0.012,74.9,26.3,0,-1.18,0.000,74.9,223.9,0.000,11.0,23.4,35.9,86.8,81.9,79.1,77.5,76.0,74.9,73.7,72.5,71.2,69.3,66.9,61.3,37.4,21.0,13.1,5.9
1822,37.486,0.000,1864.1,230.9,-0.3,5,15115,0.000,0.419,0.028,-0.309,-0.009,73.3,7.2,0,-1.20,0.000,73.3,222.5,0.000,11.0,23.5,36.2,85.2,80.3,77.5,75.9,74.4,73.3,72.1,70.9,69.7,67.8,65.4,59.8,36.8,20.9,13.1,5.9
1823,37.506,0.000,1865.3,228.7,-0.0,5,15004,0.000,0.000,0.027,-0.308,-0.010,72.0,-5.2,0,-1.20,0.000,72.0,221.4,0.000,11.0,23.4,36.1,83.8,78.9,76.2,74.6,73.1,72.0,70.9,69.7,68.5,66.6,64.3,58.9,37.0,20.9,13.1,5.9
1824,37.526,0.000,1866.6,227.5,-0.2,5,15101,0.000,0.000,0.016,-0.305,-0.012,71.0,-18.1,0,-1.18,0.000,71.0,220.1,0.000,11.0,23.3,35.7,82.6,77.8,75.1,73.5,72.1,71.0,69.9,68.7,67.5,65.7,63.5,58.5,37.8,21.2,13.2,6.0
1825,37.546,0.000,1867.9,227.0,-0.5,5,15066,0.000,0.437,0.002,-0.303,-0.014,70.0,-18.8,0,-1.15,0.000,70.0,218.2,0.000,10.9,23.1,35.2,81.4,76.7,74.0,72.5,71.1,70.0,69.0,67.8,66.7,65.0,62.8,58.1,38.8,21.6,13.4,6.0
1826,37.566,0.000,1869.1,225.8,-0.7,5,14820,0.000,0.482,-0.008,-0.300,-0.016,69.0,-7.9,0,-1.12,0.000,69.0,216.1,0.000,10.9,22.9,34.9,80.1,75.5,72.8,71.4,70.0,69.0,67.9,66.8,65.7,64.0,62.0,57.5,39.7,21.9,13.5,6.0
1827,37.586,0.000,1870.4,224.0,-0.7,5,14683,0.000,0.524,-0.012,-0.298,-0.017,67.8,-3.1,0,-1.11,0.000,67.8,213.5,0.000,10.8,22.8,34.7,78.8,74.2,71.6,70.1,68.8,67.8,66.8,65.7,64.6,63.0,61.0,56.7,40.1,22.0,13.6,6.1
1828,37.606,0.000,1871.6,222.1,-0.5,5,14526,0.000,0.612,-0.010,-0.295,-0.016,66.5,0.0,0,-1.11,0.000,66.5,209.8,0.000,10.8,22.8,34.7,77.4,72.8,70.2,68.8,67.5,66.5,65.5,64.4,63.3,61.7,59.8,55.7,40.1,22.1,13.7,6.1
1829,37.626,0.000,1872.8,220.0,-0.3,5,14332,0.000,0.702,-0.007,-0.292,-0.016,65.1,4.2,0,-1.12,0.000,65.1,206.0,0.000,10.8,22.8,34.7,75.9,71.4,68.8,67.4,66.1,65.1,64.1,63.1,62.1,60.5,58.6,54.6,40.0,22.1,13.7,6.1
1830,37.646,0.000,1874.1,217.7,-0.1,5,14115,0.000,0.753,-0.003,-0.289,-0.015,63.8,9.1,0,-1.13,0.000,63.8,202.7,0.000,10.8,22.8,34.8,74.5,70.0,67.5,66.1,64.8,63.8,62.8,61.8,60.8,59.2,57.4,53.5,39.8,22.1,13.7,6.1
1831,37.666,0.000,1875.3,215.3,0.1,5,13904,0.000,0.772,0.000,-0.286,-0.014,62.5,14.0,0,-1.13,0.000,62.5,199.8,0.000,10.8,22.8,34.8,73.1,68.6,66.1,64.7,63.5,62.5,61.6,60.6,59.5,58.0,56.2,52.4,39.8,22.1,13.7,6.1
1832,37.686,0.000,1876.5,212.7,0.2,5,13710,0.000,0.746,0.001,-0.283,-0.014,61.3,18.1,0,-1.13,0.000,61.3,197.8,0.000,10.7,22.7,34.8,71.7,67.3,64.8,63.5,62.2,61.3,60.3,59.4,58.4,56.9,55.1,51.4,39.8,22.1,13.8,6.2
1833,37.706,0.000,1877.6,210.1,0.2,5,13548,0.000,0.697,0.001,-0.280,-0.014,60.1,20.0,0,-1.13,0.000,60.1,196.1,0.000,10.7,22.7,34.7,70.4,66.0,63.6,62.2,61.0,60.1,59.2,58.2,57.2,55.8,54.1,50.5,39.9,22.2,13.8,6.2
1834,37.726,0.000,1878.8,207.5,0.2,5,13411,0.000,0.652,0.000,-0.277,-0.014,58.9,19.2,0,-1.12,0.000,58.9,194.5,0.000,10.7,22.6,34.6,69.1,64.7,62.4,61.0,59.8,58.9,58.0,57.1,56.1,54.7,53.0,49.6,40.0,22.3,13.9,6.2
1835,37.746,0.000,1879.9,205.1,0.1,4,14860,0.000,0.621,-0.001,-0.275,-0.014,57.8,18.7,0,-1.12,0.000,57.8,192.7,0.000,10.7,22.6,34.5,67.8,63.5,61.2,59.8,58.7,57.8,56.9,56.0,55.0,53.7,52.0,48.7,39.8,22.4,13.9,6.2
1836,37.766,0.000,1881.1,202.8,0.1,4,14802,0.000,0.602,-0.002,-0.272,-0.014,56.7,15.9,0,-1.12,0.000,56.7,190.8,0.000,10.6,22.5,34.4,66.5,62.3,60.0,58.7,57.5,56.7,55.8,54.9,54.0,52.6,51.0,47.8,39.5,22.5,14.0,6.3
1837,37.786,0.000,1882.2,200.7,0.1,4,14497,0.000,0.607,-0.003,-0.269,-0.014,55.5,11.4,0,-1.12,0.000,55.5,188.5,0.000,10.6,22.4,34.3,65.3,61.1,58.8,57.5,56.4,55.5,54.7,53.8,52.9,51.6,50.1,46.9,39.1,22.6,14.1,6.3
1838,37.806,0.000,1883.3,198.4,0.1,4,14297,0.000,0.628,-0.003,-0.266,-0.014,54.4,9.6,0,-1.13,0.000,54.4,185.9,0.000,10.6,22.4,34.2,64.0,59.9,57.6,56.4,55.2,54.4,53.6,52.7,51.8,50.6,49.0,46.0,38.6,22.7,14.1,6.3
1839,37.826,0.000,1884.4,196.2,0.1,4,14110,0.000,0.667,-0.002,-0.264,-0.014,53.3,10.5,0,-1.14,0.000,53.3,182.9,0.000,10.6,22.4,34.2,62.8,58.6,56.4,55.2,54.1,53.3,52.4,51.6,50.7,49.5,48.0,45.1,38.1,22.8,14.2,6.3
1840,37.846,0.000,1885.5,193.9,0.2,4,13909,0.000,0.711,-0.000,-0.261,-0.014,52.1,13.8,0,-1.15,0.000,52.1,179.7,0.000,10.6,22.3,34.4,61.5,57.4,55.2,54.0,52.9,52.1,51.3,50.5,49.7,48.5,47.0,44.2,37.5,22.8,14.2,6.4
1841,37.866,0.000,1886.5,191.6,0.2,4,13695,0.000,0.750,0.002,-0.258,-0.014,51.0,19.3,0,-1.18,0.000,51.0,176.6,0.000,10.5,22.3,35.2,60.3,56.2,54.1,52.9,51.8,51.0,50.2,49.4,48.6,47.4,46.0,43.3,36.9,22.9,14.2,6.4
1842,37.886,0.000,1887.6,189.3,0.3,4,13475,0.000,0.778,0.202,-0.256,-0.013,49.9,26.5,0,-2.07,0.518,49.9,173.7,0.000,10.5,22.3,65.2,59.0,55.1,52.9,51.8,50.7,49.9,49.2,48.4,47.6,46.4,45.1,42.4,36.3,22.9,14.3,6.4
1843,37.906,0.000,1888.6,186.9,0.4,4,13257,0.000,0.393,0.402,-0.253,-0.015,49.0,36.6,0,-2.06,0.565,49.0,171.2,0.000,10.5,22.1,64.0,57.9,54.0,51.9,50.8,49.7,49.0,48.2,47.5,46.7,45.6,44.2,41.7,35.9,23.2,14.4,6.4
1844,37.926,0.000,1889.7,184.8,0.2,4,13378,0.000,0.766,0.507,-0.250,-0.020,48.4,33.1,0,-2.01,0.612,48.4,169.5,0.000,10.4,21.8,63.1,57.1,53.3,51.3,50.1,49.1,48.4,47.7,46.9,46.2,45.1,43.8,41.4,35.9,23.9,14.7,6.5
1845,37.946,0.000,1890.7,182.8,-0.6,4,13000,0.000,0.358,0.486,-0.246,-0.030,48.2,47.9,0,-1.91,0.658,48.2,168.5,0.000,10.3,21.1,62.6,56.7,52.9,51.0,49.9,48.9,48.2,47.5,46.8,46.1,45.0,43.8,41.5,36.4,25.4,15.3,6.6
1846,37.966,0.000,1891.7,180.8,-1.9,4,13095,0.000,0.337,0.286,-0.241,-0.043,48.2,44.8,0,-0.88,0.000,48.2,167.3,0.000,10.1,20.3,31.6,56.4,52.8,50.9,49.8,48.9,48.2,47.5,46.8,46.1,45.1,44.0,41.8,37.0,27.4,16.0,6.7
1847,37.986,0.000,1892.7,179.0,-3.2,4,12990,0.000,0.657,0.086,-0.235,-0.057,48.2,34.6,0,-0.72,0.000,48.2,165.8,0.000,9.9,19.6,28.9,56.2,52.6,50.8,49.8,48.9,48.2,47.6,46.9,46.2,45.3,44.2,42.0,37.5,28.9,16.9,6.9
1848,38.006,0.000,1893.7,177.1,-4.4,4,12600,0.000,0.326,-0.114,-0.228,-0.069,48.1,36.8,0,-0.61,0.000,48.1,164.0,0.000,9.8,18.9,27.3,55.8,52.4,50.5,49.6,48.7,48.1,47.4,46.8,46.1,45.2,44.1,42.1,37.8,29.8,17.8,7.0
1849,38.026,0.000,1894.7,175.1,-5.1,4,12652,0.000,0.666,-0.276,-0.221,-0.076,47.5,24.9,0,-0.54,0.000,47.5,161.8,0.000,9.7,18.5,26.5,55.1,51.7,50.0,49.0,48.2,47.5,46.9,46.3,45.7,44.8,43.7,41.8,37.6,30.1,18.5,7.2
1850,38.046,0.000,1895.6,173.1,-5.0,4,12288,0.000,0.685,-0.283,-0.213,-0.076,46.5,27.8,0,-0.55,0.000,46.5,159.4,0.000,9.6,18.4,27.0,54.0,50.7,48.9,48.0,47.1,46.5,45.9,45.3,44.7,43.8,42.8,40.9,36.9,29.7,18.7,7.2
1851,38.066,0.000,1896.6,171.0,-3.9,4,12084,0.000,0.345,-0.222,-0.206,-0.069,45.1,33.6,0,-1.58,0.000,45.1,157.2,0.000,9.6,18.5,58.2,52.5,49.1,47.4,46.5,45.7,45.1,44.5,43.8,43.2,42.4,41.4,39.5,35.6,28.7,18.4,7.3
1852,38.086,0.000,1897.5,169.0,-2.3,3,14862,0.000,0.692,-0.175,-0.198,-0.059,43.3,24.0,0,-1.63,0.000,43.3,155.1,0.000,9.6,18.9,56.3,50.7,47.4,45.7,44.8,43.9,43.3,42.8,42.2,41.6,40.7,39.7,37.9,34.1,27.4,17.8,7.2
1853,38.106,0.000,1898.5,167.0,-0.5,3,14803,0.000,0.702,-0.120,-0.191,-0.047,41.6,26.6,0,-1.70,0.000,41.6,153.0,0.000,9.7,19.4,54.3,48.9,45.6,43.9,43.0,42.2,41.6,41.0,40.4,39.8,39.0,38.0,36.2,32.5,26.1,17.3,7.2
1854,38.126,0.000,1899.4,164.9,1.0,3,14388,0.000,0.354,-0.067,-0.185,-0.035,39.9,29.7,0,-1.77,0.000,39.9,150.8,0.000,9.7,19.8,52.4,47.1,43.8,42.2,41.3,40.5,39.9,39.3,38.7,38.1,37.3,36.4,34.6,31.0,24.9,16.7,7.2
1855,38.146,0.000,1900.3,162.9,2.1,3,14419,0.000,0.715,-0.024,-0.179,-0.026,38.4,17.0,0,-1.83,0.000,38.4,148.6,0.000,9.8,20.5,50.7,45.5,42.3,40.6,39.7,38.9,38.4,37.8,37.2,36.7,35.9,34.9,33.2,29.7,24.0,16.4,7.2
1856,38.166,0.000,1901.2,160.8,2.7,3,13947,0.000,0.719,0.006,-0.173,-0.019,37.1,20.9,0,-1.90,0.000,37.1,146.4,0.000,9.8,21.3,49.3,44.1,40.9,39.3,38.4,37.6,37.1,36.5,35.9,35.4,34.6,33.7,32.0,28.7,23.2,16.2,7.2
1857,38.186,0.000,1902.1,158.6,3.0,3,13666,0.000,0.360,0.024,-0.168,-0.015,35.9,28.6,0,-1.96,0.000,35.9,144.2,0.000,9.8,22.5,48.0,42.9,39.7,38.1,37.2,36.5,35.9,35.4,34.9,34.3,33.6,32.7,31.1,27.9,22.6,16.1,7.2
1858,38.206,0.000,1902.9,156.6,2.9,3,13805,0.000,0.739,0.224,-0.163,-0.014,35.0,20.2,0,-3.94,0.920,35.0,141.8,0.000,9.7,54.9,46.8,41.8,38.7,37.1,36.3,35.5,35.0,34.5,33.9,33.4,32.7,31.8,30.3,27.2,22.2,16.0,7.2
1859,38.226,0.000,1903.8,154.6,2.6,3,13350,0.000,0.376,0.424,-0.158,-0.016,34.2,28.7,0,-3.93,0.920,34.2,139.5,0.000,9.7,53.8,45.9,40.9,37.8,36.3,35.5,34.7,34.2,33.7,33.2,32.7,32.0,31.2,29.7,26.7,21.9,16.1,7.3
1860,38.246,0.000,1904.7,152.7,2.1,3,13473,0.000,0.742,0.624,-0.153,-0.022,33.8,27.4,0,-3.89,0.920,33.8,137.8,0.000,9.6,53.1,45.2,40.3,37.3,35.8,35.0,34.3,33.8,33.3,32.8,32.3,31.6,30.8,29.3,26.4,21.9,16.3,7.3
1861,38.266,0.000,1905.5,150.9,1.1,3,13026,0.000,0.362,0.623,-0.148,-0.033,33.6,44.8,0,-3.84,0.920,33.6,136.4,0.000,9.4,52.8,44.8,39.9,37.0,35.5,34.7,34.0,33.6,33.1,32.6,32.1,31.4,30.6,29.2,26.4,22.0,16.6,7.5
1862,38.286,0.000,1906.3,149.1,-0.2,3,13132,0.000,0.354,0.540,-0.142,-0.047,33.5,46.4,0,-3.79,0.920,33.5,134.9,0.000,9.3,52.8,44.5,39.8,36.9,35.4,34.7,34.0,33.5,33.0,32.6,32.1,31.4,30.7,29.3,26.5,22.2,17.0,7.6
1863,38.306,0.000,1907.2,147.5,-1.6,3,13017,0.000,0.350,0.468,-0.136,-0.063,33.5,43.1,0,-3.75,0.920,33.5,133.5,0.000,9.1,52.9,44.4,39.6,36.8,35.4,34.6,34.0,33.5,33.0,32.6,32.1,31.4,30.7,29.3,26.7,22.5,17.4,7.8
1864,38.326,0.000,1908.0,145.9,-2.8,3,12855,0.000,0.345,0.409,-0.128,-0.078,33.5,38.5,0,-3.71,0.920,33.5,132.1,0.000,8.9,53.0,44.2,39.5,36.7,35.3,34.6,33.9,33.5,33.0,32.6,32.1,31.5,30.7,29.4,26.8,22.7,17.7,8.0
1865,38.346,0.000,1908.8,144.4,-3.9,3,12689,0.000,0.332,0.364,-0.120,-0.093,33.4,33.2,0,-3.69,0.920,33.4,131.1,0.000,8.7,53.1,44.0,39.3,36.6,35.2,34.5,33.8,33.4,32.9,32.5,32.0,31.4,30.7,29.4,26.8,22.8,18.0,8.3
1866,38.366,0.000,1909.6,142.8,-4.8,3,12536,0.000,0.311,0.322,-0.111,-0.107,33.3,27.4,0,-3.67,0.920,33.3,130.3,0.000,8.6,53.2,43.9,39.1,36.4,35.1,34.4,33.7,33.3,32.8,32.4,32.0,31.3,30.6,29.4,26.8,22.9,18.2,8.5
1867,38.386,0.000,1910.4,141.3,-5.5,3,12401,0.000,0.576,0.282,-0.101,-0.121,33.1,21.1,0,-3.66,0.920,33.1,129.8,0.000,8.4,53.3,43.7,38.9,36.2,34.9,34.2,33.6,33.1,32.7,32.3,31.8,31.2,30.5,29.3,26.8,23.0,18.3,8.7
1868,38.406,0.000,1911.1,139.7,-6.2,3,11966,0.000,0.260,0.244,-0.090,-0.134,32.9,26.7,0,-3.66,0.920,32.9,129.2,0.000,8.2,53.4,43.5,38.6,36.0,34.7,34.0,33.4,32.9,32.5,32.1,31.7,31.1,30.4,29.2,26.7,23.0,18.4,9.0
1869,38.426,0.000,1911.9,138.0,-6.8,3,12056,0.000,0.451,0.210,-0.078,-0.146,32.7,19.4,0,-3.66,0.920,32.7,129.0,0.000,8.1,53.4,43.2,38.3,35.7,34.4,33.7,33.1,32.7,32.3,31.9,31.4,30.9,30.2,29.0,26.6,22.9,18.5,9.2
1870,38.446,0.000,1912.7,136.4,-7.1,3,11781,0.000,0.397,0.180,-0.065,-0.158,32.4,19.2,0,-3.67,0.920,32.4,128.5,0.000,7.9,53.3,42.9,38.0,35.4,34.1,33.4,32.8,32.4,32.0,31.6,31.2,30.6,30.0,28.8,26.4,22.8,18.5,9.4
1871,38.466,0.000,1913.4,134.9,-7.3,2,14780,0.000,0.356,0.153,-0.052,-0.168,32.1,19.9,0,-3.68,0.920,32.1,127.7,0.000,7.7,53.2,42.6,37.5,35.0,33.7,33.1,32.5,32.1,31.7,31.3,30.9,30.3,29.7,28.5,26.2,22.7,18.4,9.5
1872,38.486,0.000,1914.2,133.4,-7.4,2,14722,0.000,0.329,0.132,-0.037,-0.177,31.7,17.7,0,-3.69,0.920,31.7,126.8,0.000,7.6,52.9,42.1,37.1,34.6,33.3,32.7,32.1,31.7,31.3,30.9,30.5,29.9,29.3,28.2,25.9,22.5,18.3,9.6
1873,38.506,0.000,1914.9,132.0,-7.2,2,14531,0.000,0.312,0.115,-0.022,-0.185,31.3,10.9,0,-3.71,0.920,31.3,125.8,0.000,7.5,52.5,41.7,36.6,34.1,32.9,32.2,31.7,31.3,30.9,30.5,30.1,29.5,28.9,27.8,25.6,22.2,18.2,9.7
1874,38.526,0.000,1915.6,130.6,-7.0,2,14237,0.000,0.299,0.075,-0.005,-0.192,30.8,4.0,0,-3.73,0.920,30.8,124.6,0.000,7.4,52.1,41.1,36.0,33.6,32.4,31.7,31.2,30.8,30.4,30.0,29.6,29.1,28.5,27.4,25.2,22.0,18.0,9.7
1875,38.546,0.000,1916.3,129.2,-6.7,2,14050,0.000,0.293,0.031,0.012,-0.199,30.3,-1.0,0,-3.74,0.920,30.3,123.3,0.000,7.3,51.6,40.6,35.5,33.1,31.9,31.2,30.7,30.3,29.9,29.6,29.2,28.7,28.1,27.0,24.9,21.7,17.9,9.8
1876,38.566,0.000,1917.0,127.8,-6.5,2,13897,0.000,0.268,-0.011,0.030,-0.206,29.8,-5.8,0,-3.77,0.920,29.8,122.4,0.000,7.3,51.2,40.1,35.0,32.5,31.4,30.8,30.2,29.8,29.5,29.1,28.7,28.2,27.6,26.5,24.5,21.4,17.7,9.8
1877,38.586,0.000,1917.7,126.4,-6.3,2,13790,0.000,0.223,0.015,0.048,-0.199,29.3,-10.6,0,-3.79,0.920,29.3,122.0,0.000,7.2,50.6,39.5,34.4,32.0,30.8,30.2,29.7,29.3,29.0,28.6,28.2,27.7,27.2,26.1,24.1,21.1,17.4,9.8
1878,38.606,0.000,1918.4,125.2,-5.9,2,13742,0.000,0.175,0.075,0.065,-0.184,28.9,-12.3,0,-3.81,0.920,28.9,121.8,0.000,7.2,50.2,39.0,33.9,31.5,30.3,29.7,29.2,28.9,28.5,28.1,27.8,27.3,26.7,25.7,23.7,20.7,17.2,9.8
1879,38.626,0.000,1919.1,124.2,-5.5,2,13716,0.000,0.000,0.128,0.080,-0.172,28.4,-12.0,0,-3.85,0.920,28.4,121.4,0.000,7.1,49.9,38.5,33.4,31.0,29.9,29.3,28.8,28.4,28.1,27.7,27.4,26.9,26.3,25.3,23.4,20.5,17.1,9.8
1880,38.646,0.000,1919.8,123.5,-5.2,2,13876,0.000,0.000,0.171,0.094,-0.161,28.1,-13.8,0,-3.90,0.920,28.1,121.5,0.000,7.1,49.9,38.3,33.1,30.7,29.6,29.0,28.5,28.1,27.8,27.4,27.1,26.6,26.0,25.0,23.2,20.3,16.9,9.8
1881,38.666,0.000,1920.5,123.0,-5.0,2,13881,0.000,0.000,0.208,0.107,-0.152,27.9,-13.2,0,-3.97,0.920,27.9,122.1,0.000,7.0,50.1,38.1,32.8,30.4,29.3,28.7,28.2,27.9,27.5,27.2,26.8,26.3,25.8,24.8,23.0,20.1,16.8,9.9
1882,38.686,0.000,1921.2,122.5,-4.8,2,13851,0.000,0.000,0.241,0.119,-0.144,27.6,-12.7,0,-4.05,0.920,27.6,121.8,0.000,7.0,50.5,38.1,32.6,30.1,29.0,28.5,28.0,27.6,27.3,26.9,26.6,26.1,25.6,24.6,22.8,20.0,16.8,9.9
1883,38.706,0.000,1921.9,122.1,-4.7,2,13809,0.000,0.000,0.275,0.131,-0.136,27.4,-12.5,0,-4.14,0.920,27.4,121.4,0.000,7.0,51.0,38.0,32.4,29.9,28.8,28.2,27.8,27.4,27.1,26.7,26.4,25.9,25.4,24.5,22.6,19.9,16.7,9.9
1884,38.726,0.000,1922.6,121.6,-4.5,2,13761,0.000,0.000,0.312,0.141,-0.128,27.2,-12.2,0,-4.24,0.920,27.2,121.0,0.000,6.9,51.5,38.0,32.3,29.7,28.5,28.0,27.5,27.2,26.8,26.5,26.2,25.7,25.2,24.2,22.5,19.8,16.6,9.9
1885,38.746,0.000,1923.3,121.1,-4.4,2,13707,0.000,0.000,0.349,0.151,-0.120,26.9,-12.0,0,-4.36,0.920,26.9,120.6,0.000,6.9,52.1,38.0,32.1,29.4,28.3,27.7,27.3,26.9,26.6,26.3,25.9,25.5,25.0,24.0,22.3,19.6,16.5,9.9
1886,38.766,0.000,1924.0,120.7,-4.3,2,13645,0.000,0.000,0.385,0.160,-0.112,26.7,-11.8,0,-4.49,0.920,26.7,120.3,0.000,6.9,52.8,38.1,32.0,29.3,28.1,27.5,27.0,26.7,26.4,26.0,25.7,25.3,24.8,23.9,22.1,19.5,16.4,9.9
1887,38.786,0.000,1924.7,120.2,-4.4,2,13558,0.000,0.000,0.414,0.168,-0.106,26.5,-12.1,0,-4.66,0.920,26.5,119.8,0.000,6.8,54.0,38.3,32.0,29.2,28.0,27.4,26.9,26.5,26.2,25.9,25.6,25.1,24.6,23.7,22.0,19.4,16.4,9.9
1888,38.806,0.000,1925.3,119.7,-4.7,2,13495,0.156,0.000,0.435,0.175,-0.103,26.5,-12.0,0,-4.89,0.920,26.5,119.8,0.157,6.8,55.7,38.8,32.1,29.2,28.0,27.3,26.8,26.5,26.1,25.8,25.5,25.1,24.6,23.6,21.9,19.4,16.3,10.0
1889,38.826,0.000,1926.0,119.3,-5.1,2,13519,0.206,0.000,0.452,0.182,-0.100,26.5,-7.7,0,-5.17,0.920,26.5,120.7,0.207,6.8,58.1,39.5,32.4,29.3,28.0,27.4,26.9,26.5,26.1,25.8,25.5,25.0,24.5,23.6,21.9,19.4,16.4,10.0
1890,38.846,0.000,1926.7,119.0,-5.6,2,13574,0.256,0.000,0.466,0.188,-0.099,26.6,-5.4,0,-5.51,0.920,26.6,121.0,0.257,6.7,61.1,40.4,32.8,29.6,28.2,27.5,27.0,26.6,26.2,25.9,25.5,25.0,24.5,23.6,21.9,19.4,16.4,10.0
1891,38.866,0.000,1927.4,118.8,-6.1,2,13648,0.307,0.000,0.483,0.193,-0.098,26.7,-3.3,0,-5.92,0.920,26.7,121.4,0.307,6.7,64.8,41.5,33.3,29.8,28.4,27.7,27.1,26.7,26.3,25.9,25.6,25.1,24.6,23.6,21.9,19.4,16.4,10.1
1892,38.886,0.000,1928.1,118.6,-6.5,2,13741,0.357,0.000,0.499,0.198,-0.096,26.8,-1.2,0,-6.38,0.920,26.8,122.0,0.357,6.7,69.1,42.7,33.8,30.1,28.6,27.9,27.3,26.8,26.4,26.0,25.7,25.2,24.6,23.6,21.9,19.4,16.4,10.1
1893,38.906,0.000,1928.8,118.5,-6.8,2,13850,0.407,0.000,0.515,0.202,-0.094,27.0,1.0,0,-6.92,0.920,27.0,122.7,0.407,6.6,74.2,44.1,34.4,30.5,28.9,28.1,27.4,27.0,26.6,26.2,25.8,25.2,24.6,23.6,21.9,19.4,16.4,10.1
1894,38.926,0.000,1929.5,118.5,-7.1,2,13975,0.457,0.000,0.532,0.206,-0.092,27.2,3.4,0,-7.53,0.920,27.2,123.6,0.457,6.6,80.4,45.5,35.0,30.8,29.1,28.3,27.6,27.2,26.7,26.3,25.9,25.3,24.7,23.7,21.9,19.3,16.4,10.1
1895,38.946,0.000,1930.1,118.6,-7.5,2,14121,0.507,0.000,0.550,0.209,-0.089,27.4,6.2,0,-8.25,0.920,27.4,124.6,0.507,6.6,88.0,47.2,35.7,31.2,29.4,28.6,27.8,27.4,26.9,26.4,26.0,25.4,24.8,23.7,21.8,19.3,16.4,10.1
1896,38.966,0.000,1930.8,118.7,-7.8,2,14285,0.557,0.000,0.562,0.211,-0.086,27.6,9.0,0,-8.89,0.920,27.6,125.9,0.557,6.6,95.3,49.2,36.5,31.7,29.8,28.9,28.1,27.6,27.1,26.6,26.2,25.5,24.9,23.7,21.8,19.2,16.3,10.1
1897,38.986,0.000,1931.5,118.9,-8.1,2,14468,0.607,0.000,0.567,0.213,-0.083,27.8,12.0,0,-9.34,0.920,27.8,127.3,0.607,6.6,101.1,51.4,37.4,32.2,30.2,29.2,28.4,27.8,27.3,26.8,26.3,25.7,25.0,23.8,21.8,19.2,16.3,10.1
1898,39.006,0.000,1932.2,119.1,-8.4,2,14670,0.657,0.000,0.572,0.214,-0.080,28.1,15.1,0,-9.70,0.920,28.1,128.9,0.657,6.6,106.1,54.0,38.4,32.8,30.6,29.6,28.7,28.1,27.6,27.1,26.6,25.9,25.2,23.9,21.8,19.1,16.2,10.1
1899,39.026,0.000,1932.9,119.4,-8.8,2,14892,0.707,0.000,0.575,0.215,-0.076,28.5,18.3,0,-9.99,0.920,28.5,130.9,0.707,6.7,110.6,57.2,39.6,33.5,31.2,30.0,29.1,28.5,27.9,27.4,26.8,26.1,25.3,24.0,21.8,19.0,16.1,10.1
1900,39.046,0.000,1933.6,119.8,-9.1,2,15137,0.757,0.000,0.572,0.215,-0.073,28.9,21.9,0,-10.25,0.907,28.9,133.1,0.757,6.7,115.1,61.1,41.0,34.3,31.8,30.6,29.6,28.9,28.3,27.7,27.2,26.4,25.6,24.2,21.9,19.0,16.1,10.0
1901,39.066,0.000,1934.3,120.2,-9.6,2,15408,0.807,0.000,0.561,0.214,-0.070,29.5,25.9,0,-10.51,0.874,29.5,135.8,0.807,6.7,120.3,66.1,42.7,35.3,32.5,31.2,30.2,29.5,28.8,28.2,27.6,26.7,25.9,24.4,22.0,18.9,16.0,10.0
1902,39.086,0.000,1935.0,120.7,-10.1,2,15712,0.545,0.000,0.543,0.212,-0.068,30.1,30.3,0,-10.78,0.820,30.1,139.1,0.857,6.8,126.3,72.6,44.8,36.5,33.5,32.0,30.9,30.1,29.4,28.7,28.1,27.2,26.3,24.7,22.1,19.0,15.9,10.0
1903,39.106,0.000,1935.7,121.2,-10.7,2,15813,0.658,0.000,0.517,0.210,-0.065,30.9,22.8,0,-11.05,0.743,30.9,143.2,0.907,6.8,133.3,81.3,47.3,37.9,34.5,33.0,31.7,30.9,30.1,29.4,28.7,27.7,26.7,25.1,22.3,19.0,15.9,9.9
1904,39.126,0.000,1936.4,121.5,-11.1,2,15899,0.758,0.000,0.482,0.207,-0.062,31.7,22.6,0,-11.31,0.635,31.7,148.1,0.957,6.8,141.0,89.9,50.2,39.5,35.7,34.0,32.7,31.7,30.9,30.1,29.3,28.3,27.2,25.4,22.5,19.0,15.8,9.9
1905,39.146,0.000,1937.1,121.9,-11.4,2,16052,0.840,0.000,0.302,0.203,-0.058,32.7,26.8,0,-7.50,0.508,32.7,154.0,1.000,6.9,75.2,96.2,53.7,41.3,37.1,35.2,33.7,32.7,31.7,30.9,30.0,28.9,27.8,25.9,22.8,19.1,15.7,9.8
1906,39.166,0.000,1937.8,122.3,-11.9,2,16298,0.872,0.000,0.238,0.199,-0.055,33.9,31.9,0,-6.47,0.406,33.9,161.7,1.000,7.0,55.0,101.8,58.4,43.7,38.9,36.7,35.0,33.9,32.8,31.9,30.9,29.7,28.5,26.4,23.1,19.2,15.7,9.8
1907,39.186,0.000,1938.5,122.8,-12.6,2,16634,0.703,0.000,0.158,0.194,-0.054,35.5,36.6,0,-6.04,0.250,35.5,172.3,1.000,7.0,44.0,107.1,64.9,46.9,41.2,38.7,36.8,35.5,34.3,33.2,32.2,30.8,29.4,27.2,23.6,19.4,15.7,9.7
1908,39.206,0.000,1939.2,123.3,-13.5,2,16839,0.762,0.000,0.062,0.187,-0.053,37.6,33.0,0,-5.84,0.067,37.6,187.5,1.000,7.1,37.1,113.1,74.4,51.1,44.3,41.3,39.0,37.6,36.2,34.9,33.8,32.2,30.7,28.1,24.2,19.7,15.8,9.7
1909,39.226,0.000,1939.9,123.8,-14.4,2,16983,0.810,0.000,0.050,0.180,-0.052,40.1,32.4,0,-5.76,0.042,40.1,191.5,1.000,7.2,32.5,120.1,85.8,56.7,48.1,44.6,41.8,40.1,38.5,37.0,35.7,33.9,32.1,29.3,24.9,20.0,15.8,9.6
1910,39.246,0.000,1940.6,124.4,-15.2,2,17125,0.820,0.000,0.052,0.172,-0.051,43.1,33.2,0,-5.70,0.033,43.1,218.0,1.000,7.3,29.4,127.8,93.4,63.7,52.8,48.4,45.1,43.1,41.2,39.4,37.9,35.8,33.8,30.5,25.6,20.3,15.9,9.5
1911,39.266,0.000,1941.3,125.0,-15.8,2,17264,0.633,0.000,0.060,0.164,-0.048,46.5,34.6,0,-5.64,0.027,46.5,231.8,1.000,7.4,27.3,136.2,99.2,72.7,58.5,53.0,49.0,46.5,44.2,42.2,40.3,38.0,35.6,31.9,26.5,20.7,16.0,9.5
1912,39.286,0.000,1942.1,125.6,-16.3,2,17146,0.706,0.000,0.073,0.154,-0.045,50.6,28.3,0,-5.54,0.021,50.6,252.8,1.000,7.5,25.7,144.6,104.0,82.9,65.6,58.6,53.6,50.6,47.8,45.4,43.1,40.4,37.7,33.4,27.3,21.1,16.1,9.4
1913,39.306,0.000,1942.8,126.1,-16.6,2,17128,0.765,0.000,0.008,0.144,-0.041,55.7,27.7,0,-3.18,0.015,55.7,266.8,1.000,7.7,24.4,68.4,109.0,89.9,75.3,66.0,59.5,55.7,52.3,49.3,46.6,43.3,40.1,35.2,28.3,21.5,16.2,9.3
1914,39.326,0.000,1943.5,126.5,-17.0,2,17208,0.812,0.000,0.011,0.133,-0.037,62.5,29.9,0,-2.75,0.008,62.5,275.1,1.000,7.8,23.2,56.3,114.8,95.6,84.6,76.2,67.6,62.5,58.1,54.4,51.0,47.0,43.1,37.4,29.6,22.0,16.4,9.1
1915,39.346,0.000,1944.2,127.0,-17.5,2,17396,0.517,0.000,0.020,0.121,-0.033,72.0,34.0,0,-2.45,0.003,72.0,284.3,1.000,7.9,22.2,48.3,121.4,100.6,91.1,85.0,78.4,72.0,66.1,61.1,56.9,51.8,47.0,40.1,31.0,22.7,16.6,9.0
1916,39.366,0.000,1945.0,127.4,-17.9,2,17138,0.614,0.000,-0.025,0.108,-0.029,82.0,24.6,0,-2.22,-0.073,82.0,294.7,1.000,8.0,21.3,42.6,129.1,105.6,96.5,91.4,86.2,82.0,77.0,70.5,64.7,58.1,52.0,43.5,32.8,23.4,16.8,9.0
1917,39.386,0.000,1945.7,127.9,-18.1,2,17042,0.691,0.000,-0.170,0.094,-0.024,88.3,20.4,0,-2.05,-0.376,88.3,304.6,1.000,8.1,20.6,38.7,136.8,110.6,100.9,96.2,91.7,88.3,84.4,80.1,74.6,65.8,57.9,47.3,34.7,24.1,17.1,8.9
1918,39.406,0.000,1946.4,128.3,-18.0,2,17028,0.753,0.000,-0.189,0.080,-0.015,92.2,19.7,0,-1.95,-0.470,92.2,312.3,1.000,8.2,20.2,36.4,142.8,114.9,104.3,99.5,95.4,92.2,88.8,85.2,81.0,73.7,63.8,50.9,36.3,24.7,17.2,8.8
1919,39.426,0.000,1947.1,128.9,-17.6,2,17112,0.802,0.000,-0.138,0.064,-0.003,94.5,22.4,0,-1.90,-0.470,94.5,317.3,1.000,8.3,20.0,35.1,146.9,118.0,106.7,101.6,97.4,94.5,91.3,88.0,84.3,78.3,68.7,53.7,37.5,25.1,17.3,8.7
1920,39.446,0.000,1947.9,129.6,-16.9,2,17303,0.842,0.000,-0.104,0.048,0.011,96.0,26.7,0,-1.01,-0.470,99.6,282.9,1.000,8.4,20.0,34.3,71.8,120.3,108.5,103.1,98.8,96.0,92.9,89.8,86.3,80.9,72.9,56.1,38.4,25.3,17.2,8.6
1921,39.466,0.000,1948.6,130.3,-16.2,2,17597,0.873,0.000,0.096,0.030,0.026,97.2,31.0,0,-0.94,0.000,106.4,285.9,1.000,8.5,20.0,33.7,67.5,122.6,110.2,104.5,100.1,97.2,94.3,91.2,88.0,83.0,76.1,58.6,39.3,25.5,17.2,8.4
1922,39.486,0.000,1949.3,131.1,-15.5,2,17954,0.555,0.000,0.221,0.012,0.029,98.3,35.7,0,-0.88,0.000,109.5,289.0,1.000,8.6,19.9,33.1,63.8,124.9,111.9,106.0,101.4,98.3,95.5,92.5,89.4,84.7,78.5,61.4,40.3,25.7,17.2,8.3
1923,39.506,0.000,1950.0,131.9,-14.8,2,17244,0.644,0.000,0.181,-0.005,0.022,99.6,25.4,0,-0.83,0.000,108.3,292.2,1.000,8.7,19.8,32.4,60.6,127.3,113.7,107.6,102.8,99.6,96.6,93.8,90.8,86.4,80.6,64.8,41.4,26.0,17.2,8.3
1924,39.526,0.000,1950.8,132.6,-14.0,2,17237,0.715,0.000,0.149,-0.021,0.017,100.5,21.1,0,-0.80,0.000,107.2,294.5,1.000,8.8,19.8,32.0,58.4,129.0,115.1,108.7,103.8,100.5,97.4,94.6,91.7,87.4,82.0,67.7,42.3,26.2,17.2,8.2
1925,39.546,0.000,1951.5,133.2,-13.0,2,17300,0.772,0.000,0.126,-0.035,0.013,100.8,22.2,0,-0.78,0.000,106.1,295.4,1.000,8.9,19.8,31.9,57.2,129.8,115.7,109.2,104.2,100.8,97.7,94.8,92.0,87.8,82.5,69.5,42.9,26.2,17.1,8.1
1926,39.566,0.000,1952.2,133.9,-12.1,2,17496,0.818,0.000,0.107,-0.048,0.010,101.0,26.0,0,-0.77,0.000,105.0,293.3,1.000,9.0,19.9,31.8,56.2,130.4,116.1,109.6,104.4,101.0,97.9,94.9,92.1,88.0,82.9,70.7,43.3,26.2,17.0,8.0
1927,39.586,0.000,1953.0,134.5,-11.3,2,17874,0.854,0.000,0.085,-0.060,0.006,101.5,30.8,0,-0.75,0.000,103.9,292.1,1.000,9.1,19.9,31.5,55.0,131.3,117.0,110.2,105.0,101.5,98.3,95.2,92.4,88.4,83.5,72.1,44.1,26.4,17.0,7.9
1928,39.606,0.000,1953.8,135.2,-10.8,2,18367,0.883,0.000,0.057,-0.071,0.001,102.5,35.5,0,-0.73,0.000,102.9,292.9,1.000,9.1,19.8,31.0,53.1,133.1,118.5,111.5,106.1,102.5,99.2,96.1,93.2,89.3,84.5,73.9,45.4,26.7,17.1,7.9
1929,39.626,0.000,1954.5,136.0,-10.6,2,18774,0.907,0.000,0.021,-0.080,-0.006,104.2,40.0,0,-0.69,0.000,104.2,295.9,1.000,9.1,19.6,30.3,50.8,135.8,121.0,113.7,108.0,104.2,100.8,97.5,94.5,90.5,86.0,76.2,47.5,27.3,17.2,7.8
1930,39.646,0.000,1955.3,136.8,-10.6,2,19153,0.641,0.000,-0.171,-0.089,-0.014,106.7,43.9,0,-0.65,-0.850,106.7,300.5,1.000,9.1,19.3,29.5,48.1,139.3,124.4,116.8,110.7,106.7,103.0,99.6,96.4,92.2,87.8,78.7,50.6,28.2,17.5,7.8
1931,39.666,0.000,1956.0,137.6,-10.9,2,18620,0.712,0.000,-0.211,-0.097,-0.022,109.1,33.9,0,-0.62,-0.850,109.1,304.4,1.000,9.1,19.0,28.7,45.9,142.6,127.5,119.8,113.3,109.1,105.2,101.6,98.3,93.9,89.4,80.8,54.1,29.0,17.8,7.8
1932,39.686,0.000,1956.8,138.4,-10.8,2,18421,0.770,0.000,-0.226,-0.104,-0.025,109.5,28.6,0,-0.61,-0.850,109.5,305.5,1.000,9.1,19.0,28.5,45.2,143.2,128.0,120.3,113.8,109.5,105.5,101.8,98.4,94.0,89.5,81.0,55.3,29.3,17.8,7.8
1933,39.706,0.000,1957.6,139.3,-10.0,2,18419,0.816,0.000,-0.217,-0.110,-0.023,107.6,26.6,0,-0.63,-0.850,107.6,303.4,1.000,9.2,19.2,28.9,46.1,140.8,125.8,118.1,111.7,107.6,103.7,100.1,96.8,92.5,88.0,79.6,53.8,28.8,17.6,7.7
1934,39.726,0.000,1958.3,140.2,-8.8,2,18571,0.853,0.000,-0.189,-0.116,-0.017,104.0,27.0,0,-0.67,-0.850,104.0,298.2,1.000,9.3,19.6,29.8,48.2,136.2,121.5,113.9,107.9,104.0,100.3,97.0,93.8,89.7,85.4,76.8,50.6,27.7,17.1,7.6
1935,39.746,0.000,1959.1,141.1,-7.2,2,18848,0.882,0.000,-0.150,-0.122,-0.009,99.7,29.7,0,-0.73,-0.850,99.7,290.6,1.000,9.4,20.1,31.0,51.4,130.5,116.0,108.9,103.3,99.7,96.3,93.2,90.2,86.4,82.1,73.1,46.7,26.5,16.6,7.5
1936,39.766,0.000,1959.9,142.1,-5.5,2,19038,0.906,0.000,-0.106,-0.127,-0.000,95.4,31.1,0,-0.80,-0.850,95.4,283.2,1.000,9.6,20.7,32.4,55.3,124.4,110.4,103.9,98.7,95.4,92.3,89.4,86.6,83.0,78.5,69.0,43.2,25.3,16.1,7.4
1937,39.786,0.000,1960.7,143.2,-4.0,2,19142,0.925,0.000,-0.064,-0.132,0.008,91.5,31.1,0,-0.89,-0.850,94.3,276.3,1.000,9.7,21.3,33.9,59.5,118.7,105.4,99.3,94.6,91.5,88.6,85.9,83.3,79.6,75.0,64.7,40.2,24.2,15.6,7.3
1938,39.806,0.000,1961.5,144.3,-2.6,2,19163,0.940,0.000,0.005,-0.136,0.015,88.3,29.6,0,-1.90,-0.850,93.4,310.2,1.000,9.8,21.9,35.3,143.3,113.8,101.2,95.6,91.2,88.3,85.6,83.0,80.4,76.6,71.8,60.8,37.9,23.3,15.3,7.2
1939,39.826,0.000,1962.3,145.5,-1.4,2,19128,0.952,0.000,0.028,-0.140,0.020,85.9,27.3,0,-1.93,-0.850,92.5,306.2,1.000,9.9,22.3,36.3,139.2,110.2,98.3,92.9,88.7,85.9,83.3,80.8,78.2,74.3,69.4,57.7,36.5,22.7,15.0,7.2
1940,39.846,0.000,1963.1,146.7,-0.7,2,19077,0.961,0.000,0.038,-0.144,0.021,84.5,24.5,0,-1.95,-0.850,91.5,304.2,1.000,9.9,22.5,36.7,136.9,108.2,96.5,91.3,87.2,84.5,82.0,79.4,76.8,72.9,68.1,56.4,35.9,22.4,14.9,7.1
1941,39.866,0.000,1963.9,147.9,-0.5,2,19058,0.969,0.000,0.036,-0.147,0.021,83.8,22.0,0,-1.95,-0.850,90.6,303.3,1.000,9.9,22.5,36.8,135.9,107.3,95.7,90.5,86.5,83.8,81.3,78.7,76.1,72.3,67.6,56.3,35.8,22.4,14.8,7.1
1942,39.886,0.000,1964.8,149.1,-0.4,2,19102,0.975,0.000,0.027,-0.151,0.019,83.5,20.5,0,-1.94,-0.850,89.7,303.2,1.000,10.0,22.5,36.5,135.7,107.1,95.5,90.3,86.2,83.5,80.9,78.5,75.9,72.2,67.6,57.0,36.2,22.5,14.8,7.1
1943,39.906,0.000,1965.6,150.2,-0.6,2,19218,0.980,0.000,0.014,-0.153,0.017,83.4,20.0,0,-1.93,-0.850,88.8,303.4,1.000,10.0,22.3,36.1,136.0,107.3,95.5,90.2,86.1,83.4,80.8,78.4,75.9,72.3,67.8,57.9,36.7,22.7,14.9,7.1
1944,39.926,0.000,1966.4,151.2,-0.7,2,19408,0.984,0.000,0.000,-0.156,0.014,83.3,20.7,0,-1.92,-0.850,87.8,303.5,1.000,10.0,22.2,35.7,136.3,107.5,95.6,90.3,86.1,83.3,80.8,78.3,75.9,72.3,68.0,58.6,37.3,22.9,14.9,7.1
1945,39.946,0.000,1967.3,152.3,-0.9,2,19248,0.987,0.000,-0.011,-0.159,0.012,83.1,19.0,0,-1.91,-0.850,86.9,303.2,1.000,9.9,22.1,35.4,136.3,107.6,95.5,90.1,85.9,83.1,80.6,78.1,75.7,72.3,68.0,59.0,37.8,23.0,15.0,7.1
1946,39.966,0.000,1968.1,153.3,-1.0,2,19247,0.990,0.000,-0.018,-0.161,0.010,82.7,17.0,0,-1.91,-0.850,86.0,302.6,1.000,10.0,22.0,35.2,135.8,107.2,95.1,89.7,85.5,82.7,80.1,77.7,75.3,71.9,67.8,59.1,38.2,23.1,15.0,7.0
1947,39.986,0.000,1969.0,154.4,-1.0,2,19260,0.992,0.000,-0.021,-0.164,0.009,82.0,15.3,0,-1.91,-0.850,85.0,301.6,1.000,10.0,22.1,35.2,134.9,106.3,94.3,88.9,84.7,82.0,79.4,77.0,74.7,71.3,67.3,58.8,38.2,23.1,15.0,7.0
1948,40.006,0.000,1969.8,155.4,-0.8,2,19476,0.994,0.000,0.130,-0.166,0.010,81.0,12.5,0,-1.91,0.000,84.1,300.1,1.000,10.0,22.1,35.2,133.5,105.1,93.2,87.9,83.8,81.0,78.5,76.1,73.8,70.5,66.5,58.2,38.1,23.0,15.0,7.0
1949,40.026,0.000,1970.7,156.4,-0.4,2,19492,0.995,0.000,0.123,-0.168,0.008,80.6,12.3,0,-1.91,0.000,83.1,299.7,1.000,10.0,22.0,35.0,133.0,104.7,92.8,87.5,83.3,80.6,78.1,75.7,73.4,70.1,66.2,58.2,38.4,23.1,15.0,7.0
1950,40.046,0.000,1971.6,157.3,-0.6,2,19556,0.996,0.000,0.094,-0.169,0.002,81.5,11.8,0,-1.89,0.000,82.2,302.5,1.000,9.9,21.7,34.1,135.1,106.5,94.1,88.6,84.3,81.5,78.9,76.4,74.1,70.9,67.2,59.6,40.2,23.7,15.2,7.0
1951,40.066,0.000,1972.5,158.3,-1.1,3,19338,0.997,0.000,0.055,-0.170,-0.006,83.1,8.1,0,-1.86,0.000,83.1,306.7,1.000,9.9,21.2,32.9,138.4,109.4,96.5,90.7,86.1,83.1,80.4,77.8,75.3,72.2,68.6,61.4,42.9,24.6,15.6,7.1
1952,40.086,0.000,1973.3,159.1,-1.7,3,19150,0.997,0.000,-0.019,-0.170,-0.014,84.8,7.1,0,-0.82,0.000,84.8,271.5,1.000,9.8,20.7,31.7,55.2,112.2,99.0,92.8,87.9,84.8,81.9,79.2,76.6,73.3,69.8,62.9,46.0,25.6,15.9,7.1
1953,40.106,0.000,1974.2,160.0,-2.2,3,18995,0.998,0.000,-0.045,-0.169,-0.019,85.7,6.6,0,-0.76,0.000,85.7,273.7,1.000,9.7,20.4,31.0,51.4,113.7,100.4,93.9,88.9,85.7,82.6,79.8,77.2,73.8,70.3,63.6,47.9,26.3,16.2,7.2
1954,40.126,0.000,1975.1,160.9,-2.2,3,18436,0.998,0.000,-0.052,-0.168,-0.020,85.2,6.4,0,-0.76,0.000,85.2,272.9,1.000,9.7,20.3,30.8,51.3,113.2,99.9,93.4,88.4,85.2,82.2,79.3,76.7,73.4,69.9,63.3,48.2,26.5,16.3,7.2
1955,40.146,0.000,1976.0,161.8,-1.8,3,18010,0.999,0.000,-0.009,-0.167,-0.019,83.7,6.4,0,-1.82,0.000,83.7,309.3,1.000,9.7,20.4,31.0,140.5,111.2,98.1,91.7,86.9,83.7,80.7,78.0,75.4,72.1,68.7,62.3,47.5,26.3,16.2,7.2
1956,40.166,0.000,1976.9,162.7,-1.2,3,17687,0.999,0.000,0.001,-0.166,-0.017,82.0,6.3,0,-1.82,0.000,82.0,306.1,1.000,9.7,20.5,31.2,137.9,109.0,96.0,89.9,85.1,82.0,79.2,76.5,74.0,70.8,67.5,61.1,46.7,26.1,16.2,7.2
1957,40.186,0.000,1977.8,163.6,-0.7,3,17446,0.999,0.000,0.005,-0.164,-0.016,80.8,6.1,0,-1.82,0.000,80.8,303.6,1.000,9.7,20.5,31.3,136.0,107.2,94.4,88.4,83.8,80.8,77.9,75.3,72.9,69.7,66.4,60.2,46.2,26.0,16.1,7.2
1958,40.206,0.000,1978.7,164.5,-0.5,3,17274,0.999,0.000,0.006,-0.162,-0.015,79.7,5.7,0,-1.82,0.000,79.7,301.7,1.000,9.7,20.5,31.3,134.5,105.9,93.2,87.3,82.7,79.7,77.0,74.4,72.0,68.9,65.6,59.5,45.9,26.1,16.2,7.2
1959,40.226,0.000,1979.7,165.3,-0.3,3,17151,0.999,0.000,0.004,-0.160,-0.016,78.9,5.2,0,-1.82,0.000,78.9,300.1,1.000,9.7,20.4,31.2,133.3,104.9,92.3,86.4,81.8,78.9,76.1,73.6,71.2,68.1,64.9,58.9,45.8,26.2,16.2,7.2
1960,40.246,0.000,1980.6,166.2,-0.3,3,17070,1.000,0.000,0.001,-0.158,-0.016,78.1,4.8,0,-1.82,0.000,78.1,298.8,1.000,9.7,20.4,31.0,132.2,103.9,91.4,85.6,81.1,78.1,75.4,72.9,70.5,67.4,64.3,58.4,45.6,26.3,16.3,7.3
1961,40.266,0.000,1981.5,167.1,-0.3,3,17020,1.000,0.000,-0.002,-0.156,-0.017,77.4,4.5,0,-1.82,0.000,77.4,297.4,1.000,9.6,20.3,30.9,131.1,103.0,90.5,84.8,80.3,77.4,74.6,72.1,69.8,66.7,63.6,57.8,45.5,26.5,16.4,7.3
1962,40.286,0.000,1982.4,168.1,-0.2,3,16973,1.000,0.000,-0.004,-0.153,-0.017,76.5,2.2,0,-1.82,0.000,76.5,295.8,1.000,9.6,20.2,30.8,129.9,101.9,89.6,83.8,79.4,76.5,73.8,71.3,69.0,66.0,62.9,57.2,45.3,26.6,16.4,7.3
1963,40.306,0.000,1983.4,169.0,-0.2,3,16953,1.000,0.000,-0.005,-0.151,-0.017,75.5,1.6,0,-1.82,0.000,75.5,293.9,1.000,9.6,20.2,30.7,128.5,100.7,88.5,82.8,78.4,75.5,72.9,70.4,68.1,65.2,62.1,56.5,44.9,26.7,16.5,7.3
1964,40.326,0.000,1984.3,169.8,-0.1,3,16957,1.000,0.000,-0.005,-0.148,-0.017,74.5,2.0,0,-1.82,0.000,74.5,291.9,1.000,9.6,20.1,30.6,127.0,99.4,87.3,81.7,77.3,74.5,71.9,69.5,67.2,64.3,61.3,55.8,44.6,26.8,16.5,7.4
1965,40.346,0.000,1985.2,170.6,-0.1,3,16982,1.000,0.000,-0.004,-0.146,-0.017,73.5,2.9,0,-1.82,0.000,73.5,289.8,1.000,9.6,20.1,30.6,125.5,98.0,86.0,80.5,76.3,73.5,70.9,68.5,66.3,63.4,60.4,55.1,44.1,26.8,16.6,7.4
1966,40.366,0.000,1986.2,171.5,-0.0,3,17023,1.000,0.000,-0.003,-0.143,-0.017,72.4,3.8,0,-1.82,0.000,72.4,287.7,1.000,9.5,20.1,30.5,123.9,96.7,84.8,79.4,75.2,72.4,69.9,67.6,65.4,62.5,59.6,54.3,43.7,26.9,16.6,7.4
1967,40.386,0.000,1987.2,172.3,0.0,3,17072,1.000,0.000,-0.003,-0.140,-0.017,71.4,4.1,0,-1.82,0.000,71.4,285.6,1.000,9.5,20.0,30.5,122.3,95.3,83.6,78.2,74.1,71.4,68.9,66.6,64.4,61.6,58.7,53.6,43.3,27.0,16.7,7.4
1968,40.406,0.000,1988.1,173.2,0.1,3,17119,1.000,0.000,-0.003,-0.137,-0.017,70.4,3.9,0,-1.82,0.000,70.4,283.5,1.000,9.5,20.0,30.4,120.8,94.0,82.4,77.1,73.0,70.4,67.9,65.6,63.5,60.8,57.9,52.9,42.8,27.0,16.7,7.4
1969,40.426,0.000,1989.1,174.0,0.1,3,17162,1.000,0.000,-0.002,-0.135,-0.017,69.4,3.7,0,-1.82,0.000,69.4,281.3,1.000,9.5,20.0,30.4,119.2,92.6,81.2,76.0,72.0,69.4,66.9,64.7,62.6,59.9,57.0,52.1,42.4,27.1,16.8,7.5
1970,40.446,0.000,1990.0,175.0,0.1,3,17173,1.000,0.000,-0.002,-0.132,-0.017,68.3,0.8,0,-1.82,0.000,68.3,279.2,1.000,9.4,19.9,30.3,117.7,91.3,80.0,74.9,70.9,68.3,66.0,63.7,61.7,59.0,56.2,51.4,41.9,27.2,16.8,7.5
1971,40.466,0.000,1991.0,175.9,0.1,3,17182,1.000,0.000,-0.003,-0.129,-0.017,67.3,-0.3,0,-1.82,0.000,67.3,277.1,1.000,9.4,19.9,30.3,116.2,90.0,78.8,73.8,69.9,67.3,65.0,62.8,60.8,58.1,55.4,50.7,41.4,27.3,16.9,7.5
1972,40.486,0.000,1992.0,176.7,0.1,3,17214,1.000,0.000,-0.003,-0.126,-0.017,66.3,0.1,0,-1.82,0.000,66.3,274.9,1.000,9.4,19.8,30.3,114.6,88.6,77.6,72.6,68.8,66.3,64.0,61.8,59.8,57.2,54.5,49.9,41.0,27.3,16.9,7.5
1973,40.506,0.000,1993.0,177.5,0.1,3,17269,1.000,0.000,-0.003,-0.124,-0.017,65.3,1.2,0,-1.82,0.000,65.3,272.7,1.000,9.4,19.8,30.4,113.1,87.3,76.4,71.5,67.7,65.3,63.0,60.9,58.9,56.4,53.7,49.2,40.5,27.4,17.0,7.6
1974,40.526,0.000,1994.0,178.3,0.1,3,17341,1.000,0.000,-0.003,-0.121,-0.017,64.3,2.4,0,-1.82,0.000,64.3,270.5,1.000,9.4,19.7,30.6,111.5,86.0,75.2,70.4,66.7,64.3,62.0,59.9,58.0,55.5,52.9,48.4,40.0,27.4,17.0,7.6
1975,40.546,0.000,1995.0,179.1,0.1,3,17414,1.000,0.000,-0.003,-0.118,-0.016,63.2,2.9,0,-1.83,0.000,63.2,268.2,1.000,9.3,19.7,30.8,109.9,84.6,74.0,69.2,65.6,63.2,61.0,59.0,57.0,54.6,52.0,47.7,39.4,27.4,17.1,7.6
1976,40.566,0.000,1996.0,180.0,0.1,3,17472,1.000,0.000,-0.002,-0.115,-0.016,62.1,2.9,0,-1.83,0.000,62.1,265.8,1.000,9.3,19.6,31.3,108.3,83.2,72.7,68.1,64.5,62.1,60.0,58.0,56.1,53.6,51.1,46.9,38.9,27.3,17.1,7.6
1977,40.586,0.000,1997.0,180.8,0.1,3,17519,1.000,0.000,-0.002,-0.112,-0.016,61.1,2.7,0,-1.84,0.000,61.1,263.3,1.000,9.3,19.6,31.8,106.6,81.7,71.4,66.9,63.4,61.1,58.9,57.0,55.1,52.7,50.3,46.1,38.3,27.2,17.2,7.7
1978,40.606,0.000,1998.0,181.8,0.1,3,17471,1.000,0.000,-0.001,-0.110,-0.016,60.0,-1.2,0,-1.86,0.000,60.0,260.9,1.000,9.3,19.5,32.7,105.0,80.4,70.2,65.7,62.3,60.0,57.9,56.0,54.2,51.8,49.4,45.3,37.8,27.0,17.2,7.7
1979,40.626,0.000,1999.0,182.6,0.1,3,17488,1.000,0.000,-0.001,-0.107,-0.016,59.0,-1.8,0,-1.88,0.000,59.0,258.5,1.000,9.2,19.5,33.9,103.4,79.0,69.0,64.6,61.2,59.0,56.9,55.0,53.2,50.9,48.5,44.6,37.2,26.9,17.3,7.7
1980,40.646,0.000,2000.0,183.4,0.0,3,17540,1.000,0.000,-0.000,-0.104,-0.016,57.9,-1.2,0,-1.92,0.000,57.9,256.1,1.000,9.2,19.4,36.3,101.8,77.6,67.8,63.5,60.1,57.9,55.9,54.0,52.3,50.0,47.7,43.8,36.7,26.7,17.3,7.7
1981,40.666,0.000,2001.0,184.2,0.0,3,17625,1.000,0.000,0.200,-0.101,-0.016,56.9,0.2,0,-4.92,0.246,56.9,320.8,1.000,9.2,19.4,149.8,100.2,76.3,66.6,62.3,59.0,56.9,54.9,53.1,51.4,49.1,46.8,43.0,36.1,26.5,17.4,7.8
1982,40.686,0.000,2002.0,185.0,0.3,3,17722,1.000,0.000,0.274,-0.098,-0.019,56.5,2.3,0,-4.94,0.226,56.5,320.8,1.000,9.1,19.2,149.8,100.0,76.1,66.3,62.0,58.7,56.5,54.5,52.7,51.0,48.7,46.4,42.6,35.9,26.5,17.6,7.8
1983,40.706,0.000,2003.1,185.7,-0.2,3,17817,1.000,0.000,0.217,-0.094,-0.031,58.3,4.0,0,-4.99,0.203,58.3,327.7,1.000,9.0,18.6,155.5,104.2,79.3,68.9,64.2,60.6,58.3,56.1,54.1,52.2,49.8,47.4,43.4,36.6,27.3,18.3,7.9
1984,40.726,0.000,2004.1,186.3,-1.8,3,17927,1.000,0.000,0.018,-0.089,-0.048,62.0,5.1,0,-1.88,0.180,62.0,271.0,1.000,8.8,17.7,30.0,111.9,85.6,74.4,69.0,64.7,62.0,59.5,57.2,55.1,52.4,49.6,45.1,38.1,28.6,19.3,8.1
1985,40.746,0.000,2005.2,187.1,-4.0,3,17951,1.000,0.000,-0.073,-0.082,-0.065,66.4,4.3,0,-1.87,0.156,66.4,282.0,1.000,8.6,16.8,26.9,119.7,92.1,80.1,74.3,69.6,66.4,63.5,60.8,58.4,55.3,52.1,47.1,39.5,29.9,20.3,8.4
1986,40.766,0.000,2006.2,188.0,-4.7,3,17788,1.000,0.000,-0.113,-0.074,-0.072,67.6,-0.8,0,-1.87,0.136,67.6,284.8,1.000,8.5,16.5,26.3,121.8,93.8,81.7,75.7,70.8,67.6,64.5,61.7,59.1,55.9,52.6,47.4,39.6,30.1,20.7,8.5
1987,40.786,0.000,2007.2,188.9,-3.7,3,17808,1.000,0.000,-0.103,-0.065,-0.068,65.0,-2.3,0,-1.89,0.117,65.0,279.5,1.000,8.5,16.6,28.0,117.9,90.5,78.6,72.9,68.2,65.0,62.1,59.5,57.1,54.0,50.9,45.9,38.5,29.4,20.4,8.5
1988,40.806,0.000,2008.3,189.7,-2.1,3,17919,1.000,0.000,-0.067,-0.057,-0.060,61.0,-1.6,0,-2.00,0.101,61.0,270.3,1.000,8.5,17.0,37.3,111.4,85.0,73.7,68.3,63.9,61.0,58.4,56.0,53.8,51.0,48.2,43.7,36.8,28.2,19.8,8.5
1989,40.826,0.000,2009.3,190.4,-0.6,3,18068,1.000,0.000,0.078,-0.048,-0.051,57.3,-0.1,0,-5.16,0.087,57.3,331.3,1.000,8.5,17.5,158.6,104.9,79.5,68.9,63.8,59.8,57.3,54.9,52.8,50.8,48.3,45.7,41.5,35.2,27.1,19.2,8.5
1990,40.846,0.000,2010.4,191.2,0.8,3,18193,1.000,0.000,0.091,-0.039,-0.046,55.0,1.1,0,-5.17,0.074,55.0,324.7,1.000,8.4,17.9,153.0,100.9,76.2,65.9,61.1,57.4,55.0,52.8,50.8,48.9,46.5,44.0,40.1,34.0,26.3,18.9,8.6
1991,40.866,0.000,2011.5,191.9,0.8,3,18274,1.000,0.000,0.066,-0.030,-0.050,54.9,1.1,0,-5.21,0.062,54.9,325.6,1.000,8.3,17.8,153.7,101.1,76.3,66.0,61.1,57.3,54.9,52.6,50.6,48.7,46.3,43.8,39.8,33.7,26.2,19.0,8.7
1992,40.886,0.000,2012.5,192.7,-0.1,3,18349,1.000,0.000,0.026,-0.020,-0.057,55.7,1.1,0,-5.26,0.053,55.7,329.6,1.000,8.2,17.5,157.2,103.0,77.8,67.3,62.2,58.2,55.7,53.3,51.2,49.2,46.7,44.1,40.0,33.8,26.3,19.1,8.8
1993,40.906,0.000,2013.6,193.7,-0.8,3,18182,1.000,0.000,-0.008,-0.010,-0.063,56.2,-3.6,0,-5.31,0.044,56.2,332.7,1.000,8.1,17.4,159.8,104.4,78.8,68.1,63.0,58.9,56.2,53.7,51.5,49.5,46.9,44.2,40.0,33.7,26.3,19.2,9.0
1994,40.926,0.000,2014.7,194.5,-1.0,3,18239,1.000,0.000,-0.026,0.001,-0.065,55.7,-4.2,0,-5.34,0.037,55.7,332.3,1.000,8.0,17.5,159.4,103.8,78.2,67.6,62.5,58.3,55.7,53.2,51.0,48.9,46.3,43.7,39.5,33.2,26.0,19.1,9.1
1995,40.946,0.000,2015.8,195.2,-0.8,3,18357,1.000,0.000,-0.031,0.011,-0.064,54.3,-3.3,0,-5.37,0.031,54.3,328.9,1.000,7.9,17.9,156.5,101.6,76.4,65.9,60.9,56.9,54.3,51.9,49.8,47.8,45.3,42.7,38.6,32.4,25.5,18.8,9.1
1996,40.966,0.000,2016.8,195.9,-0.4,3,18518,1.000,0.000,-0.029,0.022,-0.062,52.6,-1.5,0,-5.39,0.026,52.6,323.9,1.000,7.9,18.5,152.4,98.7,74.0,63.8,58.9,55.0,52.6,50.3,48.2,46.3,43.9,41.4,37.5,31.5,24.9,18.5,9.1
1997,40.986,0.000,2017.9,196.7,-0.1,3,18668,1.000,0.000,-0.024,0.033,-0.059,50.7,-0.1,0,-5.42,0.021,50.7,318.4,1.000,7.9,19.4,147.8,95.4,71.3,61.4,56.7,53.0,50.7,48.5,46.5,44.7,42.4,40.0,36.3,30.6,24.2,18.1,9.1
1998,41.006,0.000,2019.0,197.4,0.3,3,18773,1.000,0.000,-0.017,0.044,-0.056,48.7,0.5,0,-5.45,0.017,48.7,312.6,1.000,7.9,20.5,143.1,92.0,68.5,59.0,54.5,51.0,48.7,46.7,44.8,43.1,40.9,38.6,35.1,29.6,23.5,17.7,9.1
1999,41.026,0.000,2020.1,198.2,0.6,3,18845,1.000,0.000,0.044,0.053,-0.042,46.9,0.6,0,-5.50,0.013,46.9,307.0,1.000,7.9,22.1,138.7,88.8,65.8,56.6,52.3,49.0,46.9,45.0,43.2,41.5,39.4,37.3,33.9,28.7,22.8,17.4,9.0
2000,41.046,0.000,2021.2,199.1,0.8,3,18661,1.000,0.000,0.095,0.061,-0.030,45.7,-4.3,0,-5.56,0.011,45.7,302.6,1.000,8.0,23.8,136.3,86.9,64.3,55.2,51.0,47.8,45.7,43.8,42.1,40.5,38.5,36.4,33.0,28.0,22.3,17.0,9.0
2001,41.066,0.000,2022.3,199.9,0.6,3,18700,1.000,0.000,0.124,0.066,-0.023,45.6,-5.1,0,-5.63,0.008,45.6,304.3,1.000,8.0,24.7,137.3,87.3,64.5,55.3,51.1,47.8,45.6,43.7,42.0,40.3,38.3,36.1,32.8,27.6,22.0,16.9,9.0
2002,41.086,0.000,2023.5,200.6,0.0,3,18817,1.000,0.000,0.135,0.070,-0.020,46.6,-4.4,0,-5.71,0.006,46.6,310.7,1.000,8.0,24.7,141.6,89.8,66.2,56.8,52.3,48.8,46.6,44.5,42.6,40.9,38.7,36.5,33.0,27.7,21.9,16.8,9.0
2003,41.106,0.000,2024.6,201.2,-1.0,3,18982,1.000,0.000,0.132,0.074,-0.021,48.5,-2.3,0,-5.80,0.004,48.5,320.1,1.000,7.9,24.2,149.2,94.0,69.5,59.5,54.8,51.0,48.5,46.2,44.1,42.3,39.9,37.4,33.6,28.0,22.0,16.9,9.0
2004,41.126,0.000,2025.7,201.9,-2.2,3,19061,1.000,0.000,0.123,0.076,-0.023,51.2,-1.3,0,-5.91,0.003,51.2,332.5,1.000,7.9,23.5,159.6,99.3,73.6,62.9,57.9,53.8,51.2,48.6,46.3,44.2,41.5,38.8,34.6,28.6,22.2,17.0,9.0
2005,41.146,0.000,2026.8,202.6,-2.8,3,19036,1.000,0.000,0.120,0.078,-0.023,53.6,-3.5,0,-6.03,0.001,53.6,345.0,1.000,7.9,23.0,170.5,104.0,77.3,66.1,60.8,56.5,53.6,50.9,48.4,46.0,43.1,40.1,35.6,29.0,22.3,17.0,9.1
2006,41.166,0.000,2028.0,203.3,-3.1,3,19156,1.000,0.000,0.132,0.079,-0.021,55.6,-2.3,0,-6.21,0.000,55.6,264.9,1.000,7.9,22.8,182.5,107.7,80.2,68.6,63.1,58.6,55.6,52.7,50.1,47.6,44.4,41.2,36.3,29.4,22.4,17.0,9.1
2007,41.186,0.000,2029.1,203.9,-3.4,3,19306,1.000,0.000,0.147,0.080,-0.019,57.7,-0.5,0,-6.49,0.000,57.7,270.5,1.000,7.9,22.5,200.0,111.5,83.4,71.4,65.6,60.9,57.7,54.8,52.0,49.3,45.9,42.5,37.2,29.8,22.5,16.9,9.0
2008,41.206,0.000,2030.2,204.4,-3.9,3,19444,1.000,0.000,0.018,0.080,-0.019,60.5,1.3,0,-2.77,0.000,60.5,277.1,1.000,7.9,22.2,58.2,116.2,87.3,74.8,68.7,63.8,60.5,57.3,54.4,51.6,48.0,44.2,38.4,30.4,22.7,16.9,9.0
2009,41.226,0.000,2031.4,205.1,-4.6,3,19401,1.000,0.000,0.022,0.079,-0.016,62.7,-1.1,0,-2.64,0.000,62.7,282.5,1.000,7.9,21.9,52.1,120.1,90.5,77.6,71.3,66.2,62.7,59.5,56.4,53.5,49.7,45.7,39.5,30.9,22.8,16.9,9.0
2010,41.246,0.000,2032.5,205.8,-4.3,3,19448,1.000,0.000,0.055,0.077,-0.009,63.2,-1.5,0,-2.64,0.000,63.2,284.0,1.000,8.0,22.2,51.3,121.1,91.2,78.2,71.9,66.7,63.2,59.9,56.8,53.8,50.0,46.0,39.6,30.9,22.7,16.7,8.9
2011,41.266,0.000,2033.7,206.5,-3.7,3,19530,1.000,0.000,0.058,0.075,-0.000,63.0,-1.0,0,-2.67,-0.069,63.0,283.9,1.000,8.1,22.6,51.6,121.1,91.1,78.0,71.7,66.5,63.0,59.7,56.6,53.6,49.8,45.8,39.5,30.6,22.4,16.5,8.8
2012,41.286,0.000,2034.8,207.0,-3.1,4,19363,1.000,0.000,0.056,0.071,0.009,62.9,-3.5,0,-2.70,-0.150,66.4,284.1,1.000,8.2,22.9,51.9,121.2,91.0,78.0,71.6,66.4,62.9,59.6,56.5,53.5,49.7,45.7,39.3,30.4,22.2,16.2,8.7
2013,41.306,0.000,2036.0,207.5,-2.8,4,19222,1.000,0.000,0.052,0.065,0.017,63.0,-3.3,0,-2.71,-0.237,70.1,284.6,1.000,8.4,23.2,51.9,121.6,91.1,78.0,71.7,66.5,63.0,59.6,56.5,53.5,49.7,45.7,39.3,30.3,22.0,16.0,8.6
2014,41.326,0.000,2037.2,208.0,-2.6,4,19106,1.000,0.000,0.045,0.059,0.025,63.2,-3.0,0,-2.72,-0.328,74.0,285.5,1.000,8.5,23.3,51.6,122.3,91.4,78.3,71.9,66.7,63.2,59.8,56.7,53.7,49.8,45.8,39.4,30.2,21.8,15.8,8.5
2015,41.346,0.000,2038.3,208.5,-2.5,4,18470,1.000,0.000,0.038,0.051,0.034,63.4,-2.8,0,-2.73,-0.423,78.0,285.3,1.000,8.7,23.5,51.3,123.0,91.8,78.6,72.2,66.9,63.4,60.0,56.8,53.8,50.0,45.9,39.4,30.1,21.6,15.7,8.4
2016,41.366,0.000,2039.5,209.0,-2.4,4,18012,1.000,0.000,0.060,0.041,0.043,63.3,-2.9,0,-2.76,-0.470,82.4,282.6,1.000,8.8,23.7,51.5,123.2,91.7,78.5,72.1,66.8,63.3,59.9,56.7,53.7,49.9,45.8,39.3,30.0,21.5,15.5,8.3
2017,41.386,0.000,2040.7,209.6,-2.1,4,17683,1.000,0.000,0.109,0.030,0.052,63.1,-2.9,0,-2.78,-0.470,86.9,280.6,1.000,9.0,23.9,51.8,123.3,91.5,78.4,71.9,66.7,63.1,59.8,56.6,53.6,49.7,45.7,39.2,29.8,21.3,15.3,8.1
2018,41.406,0.000,2041.8,209.9,-2.2,4,17484,1.000,0.000,0.147,0.017,0.059,63.8,1.0,0,-2.77,-0.470,63.8,280.4,1.000,9.1,23.9,50.6,125.2,92.5,79.2,72.7,67.4,63.8,60.4,57.2,54.2,50.2,46.1,39.6,30.0,21.2,15.2,8.0
2019,41.426,0.000,2043.0,210.5,-2.7,4,17324,1.000,0.000,0.170,0.003,0.063,65.9,0.8,0,-2.72,-0.470,65.9,287.1,1.000,9.2,23.6,47.6,130.1,95.3,81.7,75.1,69.6,65.9,62.4,59.1,55.9,51.8,47.6,40.7,30.7,21.4,15.2,7.9
2020,41.446,0.000,2044.2,211.0,-3.5,4,17211,1.000,0.000,0.191,-0.013,0.066,68.3,0.2,0,-2.69,-0.470,68.3,295.4,1.000,9.2,23.2,44.8,136.2,98.5,84.6,77.8,72.1,68.3,64.7,61.2,58.0,53.7,49.3,42.1,31.6,21.8,15.3,7.9
2021,41.466,0.000,2045.3,211.5,-3.9,4,17136,1.000,0.000,0.162,-0.028,0.058,70.5,-0.2,0,-2.68,-0.470,70.5,303.5,1.000,9.3,22.8,42.8,142.5,101.4,87.2,80.2,74.4,70.5,66.8,63.2,59.8,55.4,50.8,43.3,32.4,22.1,15.3,7.8
2022,41.486,0.000,2046.5,211.8,-4.5,4,17133,1.000,0.000,0.128,-0.043,0.049,73.0,5.3,0,-2.69,-0.470,98.2,313.2,1.000,9.3,22.5,40.9,150.2,104.6,90.1,82.9,77.0,73.0,69.1,65.4,61.9,57.4,52.6,44.8,33.3,22.4,15.4,7.7
2023,41.506,0.000,2047.7,212.2,-5.5,4,17168,1.000,0.000,0.085,-0.056,0.038,76.7,7.0,0,-2.78,-0.470,96.4,333.3,1.000,9.3,21.9,38.4,166.9,109.9,94.4,87.1,80.9,76.7,72.7,68.9,65.2,60.4,55.3,47.0,34.8,23.1,15.7,7.7
2024,41.526,0.000,2048.8,212.7,-6.6,4,17164,1.000,0.000,0.044,-0.068,0.026,81.1,4.5,0,-3.07,-0.470,94.7,268.6,1.000,9.3,21.3,36.1,200.0,116.8,99.4,91.8,85.5,81.1,76.9,72.9,69.0,63.9,58.5,49.7,36.6,23.9,16.0,7.7
2025,41.546,0.000,2050.0,213.2,-7.3,4,17143,1.000,0.000,-0.006,-0.079,0.016,84.9,1.5,0,-2.93,-0.470,93.1,369.9,1.000,9.3,20.8,34.4,200.0,123.6,104.0,95.9,89.4,84.9,80.6,76.4,72.4,67.1,61.4,52.1,38.2,24.8,16.2,7.7
2026,41.566,0.000,2051.2,213.8,-7.2,4,17115,1.000,0.000,-0.031,-0.088,0.010,86.4,-1.4,0,-2.87,-0.470,91.5,369.9,1.000,9.3,20.6,33.8,200.0,127.0,106.1,97.5,90.9,86.4,82.0,77.8,73.7,68.3,62.6,53.1,38.9,25.1,16.3,7.7
2027,41.586,0.000,2052.4,214.4,-6.0,4,17089,1.000,0.000,-0.025,-0.096,0.010,84.9,-3.8,0,-2.93,-0.470,89.9,369.9,1.000,9.4,20.8,34.3,200.0,124.8,104.3,95.9,89.4,84.9,80.6,76.4,72.4,67.1,61.5,52.2,38.3,24.9,16.2,7.6
2028,41.606,0.000,2053.6,214.9,-4.3,4,17096,1.000,0.000,-0.001,-0.103,0.013,81.8,-1.8,0,-3.04,-0.470,88.5,369.9,1.000,9.5,21.1,35.6,200.0,119.7,100.5,92.5,86.2,81.8,77.6,73.6,69.7,64.6,59.2,50.3,37.0,24.3,15.9,7.5
2029,41.626,0.000,2054.8,215.4,-2.9,4,17121,1.000,0.000,0.020,-0.109,0.016,79.0,-1.7,0,-3.15,-0.470,87.0,266.4,1.000,9.6,21.5,36.8,200.0,115.3,97.1,89.5,83.3,79.0,74.9,71.0,67.3,62.3,57.1,48.6,36.0,23.8,15.7,7.4
2030,41.646,0.000,2056.0,216.0,-1.9,4,17126,1.000,0.000,0.031,-0.115,0.017,77.1,-3.1,0,-3.23,-0.470,85.5,262.2,1.000,9.6,21.7,37.8,200.0,112.5,94.8,87.4,81.3,77.1,73.1,69.3,65.6,60.8,55.8,47.5,35.3,23.4,15.5,7.4
2031,41.666,0.000,2057.2,216.6,-1.4,4,17130,1.000,0.000,0.031,-0.120,0.016,76.1,-4.0,0,-3.27,-0.470,84.1,261.4,1.000,9.7,21.8,38.3,200.0,111.2,93.7,86.3,80.3,76.1,72.2,68.4,64.8,60.1,55.1,47.0,34.9,23.3,15.5,7.4
2032,41.686,0.000,2058.4,217.1,-1.2,4,17137,1.000,0.000,0.025,-0.124,0.015,75.7,-4.7,0,-3.29,-0.470,82.7,263.4,1.000,9.7,21.8,38.5,200.0,110.9,93.2,85.8,79.8,75.7,71.8,68.0,64.5,59.8,54.8,46.8,34.8,23.3,15.5,7.3
2033,41.706,0.000,2059.6,217.6,-1.2,4,17147,1.000,0.000,0.017,-0.128,0.012,75.4,-5.2,0,-3.30,-0.470,81.3,266.1,1.000,9.7,21.8,38.6,200.0,110.8,92.9,85.5,79.5,75.4,71.5,67.8,64.2,59.5,54.6,46.6,34.8,23.3,15.5,7.3
2034,41.726,0.000,2060.8,218.2,-1.1,4,17164,1.000,0.000,0.012,-0.131,0.010,75.0,-5.0,0,-3.32,-0.467,79.9,267.2,1.000,9.7,21.8,38.8,200.0,110.5,92.4,85.0,79.1,75.0,71.1,67.4,63.9,59.2,54.4,46.4,34.7,23.3,15.5,7.3
2035,41.746,0.000,2062.0,218.7,-1.1,4,17183,1.000,0.000,0.024,-0.134,0.009,74.4,-5.0,0,-3.35,-0.434,78.5,267.2,1.000,9.7,21.9,39.1,200.0,109.9,91.7,84.3,78.4,74.4,70.5,66.8,63.3,58.8,53.9,46.1,34.5,23.2,15.5,7.3
2036,41.766,0.000,2063.2,219.2,-1.0,4,17201,1.000,0.000,0.034,-0.137,0.007,73.8,-5.1,0,-3.37,-0.402,77.1,267.2,1.000,9.7,21.9,39.5,200.0,109.4,91.1,83.6,77.8,73.8,70.0,66.3,62.9,58.3,53.5,45.8,34.3,23.1,15.5,7.3
2037,41.786,0.000,2064.5,219.7,-0.9,4,17221,1.000,0.000,0.040,-0.139,0.005,73.5,-5.2,0,-3.38,-0.370,75.8,267.5,1.000,9.7,21.9,39.6,200.0,109.5,90.9,83.3,77.5,73.5,69.7,66.1,62.6,58.1,53.4,45.7,34.2,23.1,15.5,7.3
2038,41.806,0.000,2065.7,220.2,-1.0,4,17240,1.000,0.000,0.040,-0.140,0.001,73.8,-5.4,0,-3.37,-0.338,74.4,269.1,1.000,9.7,21.8,39.4,200.0,110.6,91.3,83.6,77.7,73.8,70.0,66.3,62.9,58.3,53.6,45.8,34.4,23.2,15.6,7.3
2039,41.826,0.000,2066.9,220.7,-1.2,4,17258,1.000,0.000,0.035,-0.141,-0.003,74.3,-5.5,0,-3.34,-0.307,74.3,271.7,1.000,9.7,21.7,39.0,200.0,112.4,92.3,84.3,78.3,74.3,70.5,66.8,63.3,58.8,54.0,46.2,34.6,23.3,15.7,7.3
2040,41.846,0.000,2068.1,221.3,-1.4,4,17263,1.000,0.000,0.031,-0.142,-0.007,74.7,-6.8,0,-3.32,-0.277,74.7,274.3,1.000,9.6,21.6,38.6,200.0,114.2,93.2,84.9,78.8,74.7,70.9,67.2,63.7,59.2,54.3,46.5,34.9,23.5,15.7,7.3
2041,41.866,0.000,2069.4,221.8,-1.4,4,17275,1.000,0.000,0.030,-0.141,-0.010,74.9,-7.0,0,-3.31,-0.247,74.9,276.1,1.000,9.6,21.5,38.4,200.0,115.4,93.7,85.2,78.9,74.9,71.0,67.4,63.9,59.3,54.5,46.6,34.9,23.6,15.8,7.4
2042,41.886,0.000,2070.6,222.3,-1.3,4,17294,1.000,0.000,0.031,-0.140,-0.013,74.8,-6.8,0,-3.32,-0.217,74.8,376.8,1.000,9.6,21.5,38.5,200.0,116.2,93.9,85.2,78.8,74.8,70.9,67.3,63.8,59.2,54.4,46.6,34.9,23.6,15.8,7.4
2043,41.906,0.000,2071.8,222.7,-1.2,4,17322,1.000,0.000,0.032,-0.138,-0.015,74.6,-6.2,0,-3.32,-0.188,74.6,376.8,1.000,9.6,21.5,38.5,200.0,116.9,94.0,85.1,78.6,74.6,70.8,67.1,63.6,59.1,54.3,46.5,34.9,23.6,15.8,7.4
2044,41.926,0.000,2073.1,223.2,-1.2,4,17352,1.000,0.000,0.032,-0.136,-0.018,74.5,-5.7,0,-3.32,-0.161,74.5,376.8,1.000,9.6,21.5,38.5,200.0,117.9,94.3,85.2,78.6,74.5,70.7,67.0,63.6,59.0,54.3,46.5,34.9,23.6,15.9,7.4
2045,41.946,0.000,2074.3,223.7,-1.3,4,17381,1.000,0.000,0.030,-0.134,-0.018,74.5,-5.5,0,-3.32,-0.163,74.5,376.8,1.000,9.5,21.4,38.5,200.0,119.2,94.8,85.5,78.7,74.5,70.7,67.1,63.6,59.1,54.3,46.5,35.0,23.7,15.9,7.4
2046,41.966,0.000,2075.6,224.2,-1.3,4,17397,1.000,0.000,0.029,-0.131,-0.017,74.5,-6.0,0,-3.32,-0.165,74.5,376.8,1.000,9.5,21.4,38.4,200.0,120.7,95.3,85.7,78.8,74.5,70.7,67.0,63.6,59.1,54.3,46.5,35.0,23.7,15.9,7.5
2047,41.986,0.000,2076.8,224.7,-1.3,4,17420,1.000,0.000,0.029,-0.129,-0.017,74.4,-5.9,0,-3.33,-0.167,74.4,376.8,1.000,9.5,21.4,38.5,200.0,122.1,95.7,85.9,78.8,74.4,70.5,66.9,63.5,59.0,54.2,46.5,35.0,23.7,15.9,7.5
2048,42.006,0.000,2078.1,225.2,-1.3,4,17444,1.000,0.000,0.030,-0.127,-0.016,74.3,-5.8,0,-3.33,-0.169,74.3,376.8,1.000,9.5,21.4,38.5,200.0,123.7,96.0,86.0,78.8,74.3,70.4,66.8,63.3,58.8,54.1,46.4,34.9,23.7,16.0,7.5
2049,42.026,0.000,2079.3,225.7,-1.3,4,17466,1.000,0.000,0.030,-0.125,-0.016,74.3,-5.7,0,-3.34,-0.171,74.3,376.8,1.000,9.5,21.4,38.6,200.0,125.8,96.4,86.1,78.8,74.3,70.2,66.6,63.2,58.7,54.0,46.3,34.9,23.7,16.0,7.5
2050,42.046,0.000,2080.6,226.2,-1.3,4,17488,1.000,0.000,0.032,-0.123,-0.015,74.1,-5.6,0,-3.35,-0.173,74.1,376.5,1.000,9.5,21.4,38.7,200.0,128.2,96.7,86.2,78.7,74.1,70.0,66.4,63.0,58.5,53.8,46.2,34.8,23.7,16.0,7.5
2051,42.066,0.000,2081.8,226.7,-1.3,4,17510,1.000,0.000,0.034,-0.121,-0.014,73.9,-5.6,0,-3.36,-0.176,73.9,375.0,1.000,9.5,21.4,38.9,200.0,131.1,97.0,86.2,78.6,73.9,69.8,66.1,62.7,58.3,53.6,46.0,34.7,23.6,16.0,7.5
2052,42.086,0.000,2083.1,227.1,-1.4,4,17582,1.000,0.000,0.035,-0.119,-0.014,73.9,-3.4,0,-3.37,-0.178,73.9,370.7,1.000,9.4,21.4,39.0,200.0,137.5,97.6,86.5,78.7,73.9,69.7,66.0,62.6,58.2,53.5,46.0,34.7,23.6,16.0,7.5
2053,42.106,0.000,2084.3,227.6,-1.5,4,17589,1.000,0.000,0.033,-0.118,-0.014,74.3,-4.1,0,-3.39,-0.182,74.3,369.9,1.000,9.4,21.4,38.9,200.0,154.6,98.8,87.2,79.2,74.3,69.9,66.1,62.6,58.2,53.6,46.0,34.8,23.7,16.0,7.5
2054,42.126,0.000,2085.6,228.1,-1.6,4,17591,1.000,0.000,0.029,-0.116,-0.014,74.7,-4.9,0,-3.39,-0.186,74.7,370.4,1.000,9.4,21.4,38.8,200.0,163.9,100.2,88.1,79.7,74.7,70.2,66.3,62.8,58.3,53.7,46.1,34.8,23.7,16.0,7.6
2055,42.146,0.000,2086.8,228.6,-1.7,4,17598,1.000,0.000,0.026,-0.115,-0.014,75.0,-5.5,0,-3.39,-0.191,75.0,371.7,1.000,9.4,21.3,38.8,200.0,170.2,101.5,88.9,80.2,75.0,70.4,66.4,62.8,58.3,53.7,46.1,34.8,23.7,16.0,7.6
2056,42.166,0.000,2088.1,229.1,-1.6,4,17609,1.000,0.000,0.026,-0.113,-0.013,75.1,-6.0,0,-3.40,-0.197,75.1,372.8,1.000,9.4,21.4,38.9,200.0,174.1,102.3,89.3,80.4,75.1,70.4,66.3,62.6,58.1,53.5,46.0,34.8,23.7,16.0,7.6
2057,42.186,0.000,2089.4,229.6,-1.5,4,17624,1.000,0.000,0.028,-0.112,-0.012,75.0,-6.2,0,-3.42,-0.203,75.0,374.1,1.000,9.4,21.4,39.2,200.0,176.9,102.8,89.5,80.4,75.0,70.2,66.1,62.4,57.8,53.2,45.8,34.6,23.6,16.0,7.6
2058,42.206,0.000,2090.7,230.1,-1.4,4,17665,1.000,0.000,0.028,-0.111,-0.011,74.9,-5.6,0,-3.43,-0.211,74.9,374.1,1.000,9.4,21.4,39.4,200.0,179.7,103.5,89.8,80.5,74.9,70.1,65.9,62.1,57.6,53.0,45.6,34.5,23.6,16.0,7.6
2059,42.226,0.000,2091.9,230.6,-1.4,4,17675,1.000,0.000,0.027,-0.110,-0.010,75.1,-5.9,0,-3.43,-0.219,75.1,374.8,1.000,9.4,21.5,39.6,200.0,182.8,104.6,90.3,80.8,75.1,70.2,65.8,62.0,57.4,52.8,45.4,34.4,23.5,16.0,7.6
2060,42.246,0.000,2093.2,231.1,-1.4,4,17690,1.000,0.000,0.025,-0.109,-0.010,75.3,-6.1,0,-3.44,-0.228,75.3,375.6,1.000,9.4,21.5,39.8,200.0,185.7,106.0,91.0,81.1,75.3,70.2,65.8,61.9,57.2,52.6,45.3,34.3,23.5,16.0,7.6
2061,42.266,0.000,2094.5,231.6,-1.4,4,17706,1.000,0.000,0.023,-0.109,-0.009,75.4,-6.4,0,-3.44,-0.238,75.4,376.2,1.000,9.4,21.5,40.1,200.0,188.4,107.7,91.6,81.4,75.4,70.3,65.8,61.8,57.0,52.4,45.1,34.2,23.5,15.9,7.6
2062,42.286,0.000,2095.8,232.0,-1.3,4,17723,1.000,0.000,0.022,-0.108,-0.008,75.4,-6.6,0,-3.45,-0.251,75.4,376.7,1.000,9.4,21.6,40.4,200.0,190.9,109.4,92.0,81.6,75.4,70.2,65.6,61.6,56.8,52.1,44.9,34.1,23.4,15.9,7.6
2063,42.306,0.000,2097.1,232.5,-1.3,4,17745,1.000,0.000,0.021,-0.108,-0.007,75.4,-6.6,0,-3.46,-0.265,75.4,376.8,1.000,9.4,21.7,40.8,200.0,193.1,111.3,92.3,81.6,75.4,70.1,65.4,61.4,56.5,51.8,44.6,33.9,23.3,15.9,7.6
2064,42.326,0.000,2098.4,233.0,-1.2,4,17767,1.000,0.000,0.020,-0.108,-0.005,75.3,-6.6,0,-3.47,-0.281,75.3,376.8,1.000,9.4,21.8,41.3,200.0,195.2,113.8,92.6,81.6,75.3,69.9,65.2,61.1,56.1,51.4,44.2,33.6,23.2,15.8,7.6
2065,42.346,0.000,2099.7,233.5,-1.1,4,17786,1.000,0.000,0.019,-0.108,-0.004,75.1,-6.6,0,-3.48,-0.297,75.1,376.8,1.000,9.4,21.9,41.9,200.0,197.3,117.4,92.8,81.6,75.1,69.6,64.9,60.8,55.8,51.0,43.9,33.4,23.0,15.7,7.5
2066,42.366,0.000,2101.0,234.0,-1.1,4,17805,1.000,0.000,0.017,-0.108,-0.002,75.0,-6.7,0,-3.48,-0.315,75.0,376.8,1.000,9.5,22.0,42.5,200.0,199.3,128.1,92.9,81.5,75.0,69.4,64.6,60.4,55.4,50.6,43.5,33.2,22.9,15.7,7.5
2067,42.386,0.000,2102.3,234.4,-1.0,4,17824,1.000,0.000,0.016,-0.109,-0.001,74.7,-6.8,0,-3.49,-0.334,74.7,376.8,1.000,9.5,22.2,43.2,200.0,200.0,137.0,93.0,81.4,74.7,69.1,64.2,60.0,55.0,50.2,43.1,32.9,22.8,15.6,7.5
2068,42.406,0.000,2103.6,234.9,-1.0,4,17847,1.000,0.000,0.015,-0.110,0.001,74.4,-6.9,0,-3.50,-0.356,75.1,376.8,1.000,9.5,22.3,44.1,200.0,200.0,141.1,93.0,81.2,74.4,68.7,63.8,59.6,54.5,49.7,42.7,32.6,22.6,15.5,7.5
2069,42.426,0.000,2104.9,235.4,-0.9,4,17866,1.000,0.000,0.012,-0.111,0.003,74.0,-7.3,0,-3.51,-0.381,76.2,376.8,1.000,9.5,22.5,45.0,200.0,200.0,143.7,93.0,80.8,74.0,68.3,63.3,59.1,54.0,49.2,42.2,32.2,22.4,15.4,7.5
2070,42.446,0.000,2106.2,235.9,-0.8,4,17898,1.000,0.000,0.011,-0.113,0.005,73.5,-7.5,0,-3.54,-0.408,77.4,376.8,1.000,9.6,22.7,45.9,200.0,200.0,145.2,92.7,80.3,73.5,67.7,62.8,58.5,53.4,48.6,41.6,31.9,22.2,15.3,7.4
2071,42.466,0.000,2107.5,236.3,-0.8,4,17936,1.000,0.000,0.011,-0.115,0.007,72.8,-7.4,0,-3.57,-0.435,78.5,376.8,1.000,9.6,23.0,46.9,200.0,200.0,145.8,92.2,79.7,72.8,67.0,62.1,57.8,52.8,48.0,41.0,31.5,22.0,15.2,7.4
2072,42.486,0.000,2108.8,236.8,-0.7,4,17977,1.000,0.000,0.008,-0.117,0.010,72.0,-7.3,0,-3.60,-0.468,79.9,376.8,1.000,9.7,23.2,47.9,200.0,200.0,146.1,91.6,78.9,72.0,66.2,61.3,57.1,52.1,47.3,40.4,31.0,21.7,15.1,7.4
2073,42.506,0.000,2110.1,237.2,-0.6,4,18015,1.000,0.000,0.022,-0.120,0.012,71.3,-7.3,0,-3.63,-0.470,81.7,376.8,1.000,9.7,23.5,48.9,200.0,200.0,146.5,91.1,78.2,71.3,65.5,60.6,56.4,51.4,46.7,39.8,30.6,21.5,14.9,7.3
2074,42.526,0.000,2111.4,237.7,-0.6,4,18046,1.000,0.000,0.034,-0.124,0.014,70.9,-7.3,0,-3.65,-0.470,83.7,376.8,1.000,9.8,23.7,49.5,200.0,200.0,148.0,91.3,77.9,70.9,65.1,60.1,55.9,50.9,46.2,39.4,30.2,21.2,14.8,7.3
2075,42.546,0.000,2112.8,238.2,-0.6,4,18049,1.000,0.000,0.040,-0.128,0.015,71.3,-8.1,0,-3.64,-0.470,86.2,376.8,1.000,9.8,23.9,49.7,200.0,200.0,151.7,93.5,78.5,71.3,65.3,60.2,55.9,50.8,46.0,39.1,30.0,21.1,14.7,7.2
2076,42.566,0.000,2114.1,238.6,-0.8,4,18088,1.000,0.000,0.023,-0.132,0.015,72.3,-8.1,0,-3.06,-0.470,90.0,376.8,1.000,9.8,24.0,49.5,140.7,200.0,156.6,99.3,79.9,72.3,66.0,60.8,56.3,51.0,46.1,39.0,29.9,21.0,14.6,7.2
2077,42.586,0.000,2115.4,239.1,-1.0,4,18134,1.000,0.000,0.022,-0.136,0.015,73.3,-7.8,0,-2.93,-0.470,103.9,376.8,1.000,9.9,24.2,49.3,133.3,200.0,160.7,122.7,81.4,73.3,66.8,61.3,56.6,51.2,46.1,38.9,29.7,20.9,14.5,7.2
2078,42.606,0.000,2116.7,239.5,-1.1,4,18180,1.000,0.000,0.027,-0.140,0.016,74.0,-7.6,0,-2.87,-0.470,112.6,376.8,1.000,9.9,24.3,49.4,128.9,200.0,163.5,131.3,82.8,74.0,67.2,61.5,56.7,51.2,46.0,38.7,29.5,20.7,14.4,7.1
2079,42.626,0.000,2118.1,240.0,-1.2,4,18219,1.000,0.000,0.031,-0.145,0.017,75.0,-7.5,0,-2.81,-0.470,119.9,376.8,1.000,10.0,24.5,49.3,124.6,200.0,167.0,137.6,84.8,75.0,67.8,61.9,57.0,51.3,46.0,38.6,29.2,20.6,14.3,7.1
2080,42.646,0.000,2119.4,240.4,-1.2,4,18205,1.000,0.000,0.033,-0.150,0.017,76.4,-8.5,0,-2.75,-0.470,126.4,376.8,1.000,10.0,24.7,49.1,120.4,200.0,171.4,143.3,88.5,76.4,68.8,62.6,57.5,51.6,46.1,38.6,29.1,20.4,14.2,7.0
2081,42.666,0.000,2120.7,240.9,-1.2,4,18232,1.000,0.000,0.036,-0.155,0.018,78.1,-8.8,0,-2.69,-0.470,133.3,376.8,1.000,10.1,24.8,48.8,116.7,200.0,176.1,148.0,95.0,78.1,69.8,63.4,58.0,51.9,46.3,38.5,28.9,20.3,14.2,7.0
2082,42.686,0.000,2122.1,241.3,-1.2,4,18276,1.000,0.000,0.037,-0.160,0.018,80.5,-8.6,0,-2.58,-0.470,144.5,376.8,1.000,10.1,25.0,48.6,113.3,200.0,181.3,152.2,121.2,80.5,71.0,64.2,58.6,52.3,46.5,38.5,28.7,20.2,14.1,7.0
2083,42.706,0.000,2123.4,241.7,-1.3,4,18333,1.000,0.000,0.038,-0.166,0.018,84.3,-8.0,0,-2.51,-0.470,150.3,376.8,1.000,10.2,25.1,48.3,109.9,200.0,187.5,156.5,130.3,84.3,72.6,65.3,59.4,52.8,46.8,38.6,28.6,20.0,14.0,6.9
2084,42.726,0.000,2124.7,242.2,-1.4,4,18379,1.000,0.000,0.035,-0.171,0.018,97.3,-7.7,0,-2.41,-0.470,155.7,376.8,1.000,10.2,25.2,47.6,106.1,200.0,196.6,162.4,138.5,97.3,75.5,67.2,60.8,53.8,47.4,38.9,28.7,20.0,13.9,6.9
2085,42.746,0.000,2126.1,242.6,-1.6,4,18418,1.000,0.000,0.029,-0.176,0.017,125.6,-7.6,0,-2.27,-0.470,161.3,376.8,1.000,10.3,25.2,46.9,102.3,200.0,200.0,169.8,145.8,125.6,80.5,69.6,62.7,55.0,48.3,39.4,28.7,19.9,13.9,6.8
2086,42.766,0.000,2127.4,243.1,-1.7,4,18375,1.000,0.000,0.028,-0.181,0.016,133.5,-9.4,0,-2.19,-0.470,166.9,376.8,1.000,10.3,25.2,46.4,99.3,200.0,200.0,176.4,150.9,133.5,88.4,72.0,64.2,56.1,49.0,39.7,28.8,19.8,13.8,6.8
2087,42.786,0.000,2128.8,243.5,-1.5,4,18414,1.000,0.000,0.032,-0.187,0.017,137.8,-9.3,0,-2.09,-0.470,172.9,376.8,1.000,10.4,25.3,46.2,97.2,200.0,200.0,181.4,154.2,137.8,114.1,74.1,65.2,56.7,49.4,39.7,28.7,19.6,13.7,6.7
2088,42.806,0.000,2130.1,243.9,-1.4,4,18470,1.000,0.000,0.038,-0.192,0.018,141.2,-8.7,0,-2.04,-0.470,179.5,376.8,1.000,10.4,25.4,46.1,95.3,200.0,200.0,186.1,157.4,141.2,121.3,76.7,66.1,57.2,49.7,39.8,28.5,19.5,13.5,6.7
2089,42.826,0.000,2131.5,244.3,-1.3,4,18527,1.000,0.000,0.040,-0.197,0.018,145.4,-8.2,0,-1.97,-0.470,187.0,376.8,1.000,10.5,25.5,45.7,92.9,200.0,200.0,193.3,162.2,145.4,128.1,83.1,68.1,58.3,50.3,40.1,28.5,19.4,13.4,6.7
2090,42.846,0.000,2132.8,244.7,-1.5,4,18571,1.000,0.000,0.034,-0.203,0.018,151.9,-7.9,0,-1.83,-0.470,191.7,376.8,1.000,10.5,25.4,44.9,89.7,200.0,200.0,200.0,170.5,151.9,136.0,115.2,72.7,60.4,51.8,40.9,28.8,19.4,13.4,6.6
2091,42.866,0.000,2134.2,245.2,-1.7,4,18522,1.000,0.000,0.029,-0.208,0.016,159.4,-9.7,0,-1.72,-0.470,192.8,376.8,1.000,10.5,25.3,44.1,86.6,200.0,200.0,200.0,180.3,159.4,142.9,126.0,82.4,63.0,53.5,41.7,29.1,19.4,13.3,6.6
2092,42.886,0.000,2135.5,245.6,-1.6,4,18549,1.000,0.000,0.029,-0.213,0.017,165.1,-10.0,0,-1.61,-0.470,195.7,376.8,1.000,10.6,25.2,43.7,84.4,200.0,200.0,200.0,187.8,165.1,147.3,131.6,110.3,65.3,54.6,42.3,29.2,19.3,13.3,6.5
2093,42.906,0.000,2136.9,246.0,-1.4,4,18599,1.000,0.000,0.035,-0.219,0.018,169.6,-9.6,0,-1.56,-0.470,198.3,376.8,1.000,10.6,25.3,43.4,82.7,200.0,200.0,200.0,193.9,169.6,150.7,135.2,116.9,67.6,55.4,42.7,29.2,19.3,13.1,6.5
2094,42.926,0.000,2138.3,246.4,-1.3,4,18665,1.000,0.000,0.040,-0.224,0.018,174.7,-8.7,0,-1.50,-0.470,200.0,376.8,1.000,10.7,25.3,43.1,81.0,200.0,200.0,200.0,200.0,174.7,154.6,138.6,122.2,71.2,56.5,43.1,29.3,19.2,13.1,6.4
2095,42.946,0.000,2139.6,246.8,-1.3,4,18717,1.000,0.000,0.036,-0.230,0.018,184.5,-8.3,0,-1.39,-0.470,200.0,376.8,1.000,10.7,25.1,42.5,78.5,200.0,200.0,200.0,200.0,184.5,162.0,144.4,129.2,97.0,58.8,44.2,29.7,19.3,13.0,6.4
2096,42.966,0.000,2141.0,247.2,-1.6,4,18733,1.000,0.000,0.025,-0.235,0.017,198.4,-8.3,0,-1.14,-0.470,200.0,376.8,1.000,10.8,24.9,41.6,75.7,164.7,200.0,200.0,200.0,198.4,172.4,152.4,136.6,113.1,63.1,45.8,30.3,19.4,13.0,6.4
2097,42.986,0.000,2142.4,247.7,-1.7,4,18682,1.000,0.000,0.135,-0.240,0.016,200.0,-10.6,0,-0.95,0.000,200.0,376.8,1.000,10.8,24.8,41.1,73.6,121.3,200.0,200.0,200.0,200.0,180.9,158.9,141.6,120.3,68.1,47.0,30.7,19.5,13.0,6.3
2098,43.006,0.000,2143.7,248.0,-1.3,4,18728,1.000,0.000,0.121,-0.245,0.015,200.0,-9.8,0,-0.77,0.000,200.0,376.8,1.000,10.8,24.5,40.2,70.8,109.7,200.0,200.0,200.0,200.0,196.1,170.2,150.4,129.1,98.4,49.2,31.5,19.7,13.1,6.3
2099,43.026,0.000,2145.1,248.4,-1.9,4,18802,1.000,0.000,0.089,-0.250,0.009,200.0,-8.7,0,-0.57,0.000,200.0,376.8,1.000,10.7,24.0,38.5,66.4,97.9,200.0,200.0,200.0,200.0,200.0,195.4,169.6,143.1,119.4,54.4,33.3,20.4,13.3,6.3
2100,43.046,0.000,2146.5,248.7,-2.7,4,18869,1.000,0.000,0.048,-0.253,0.003,200.0,-8.0,0,-0.30,0.000,200.0,376.8,1.000,10.7,23.3,36.8,61.8,88.7,167.9,200.0,200.0,200.0,200.0,200.0,199.3,163.5,135.7,66.3,35.8,21.2,13.6,6.3
2101,43.066,0.000,2147.9,249.0,-3.6,4,18918,1.000,0.000,-0.005,-0.256,-0.006,200.0,-7.5,0,0.03,0.000,200.0,376.8,1.000,10.6,22.7,35.2,57.9,82.1,105.7,200.0,200.0,200.0,200.0,200.0,200.0,189.0,152.6,106.0,38.5,22.1,14.0,6.4
2102,43.086,0.000,2149.2,249.5,-3.7,4,18841,1.000,0.000,-0.032,-0.257,-0.011,200.0,-10.1,0,0.17,0.000,200.0,376.8,1.000,10.6,22.5,34.5,55.9,78.8,98.7,178.5,200.0,200.0,200.0,200.0,200.0,200.0,162.6,115.3,40.1,22.6,14.1,6.4
2103,43.106,0.000,2150.6,249.9,-2.7,4,18867,1.000,0.000,-0.023,-0.258,-0.010,200.0,-10.4,0,0.10,0.000,200.0,376.8,1.000,10.6,22.6,34.7,56.2,78.9,100.1,200.0,200.0,200.0,200.0,200.0,200.0,198.8,158.6,112.7,39.6,22.4,14.1,6.4
2104,43.126,0.000,2152.0,250.3,-1.4,4,18922,1.000,0.000,-0.003,-0.258,-0.006,200.0,-9.8,0,0.02,0.000,200.0,376.8,1.000,10.6,22.8,35.3,57.3,80.4,105.5,200.0,200.0,200.0,200.0,200.0,200.0,185.5,149.9,106.2,38.4,22.0,13.9,6.3
2105,43.146,0.000,2153.4,250.6,-0.4,4,18980,1.000,0.000,0.013,-0.258,-0.003,200.0,-9.1,0,-0.04,0.000,200.0,376.8,1.000,10.6,23.0,35.8,58.0,81.5,112.2,200.0,200.0,200.0,200.0,200.0,200.0,176.1,143.6,101.1,37.5,21.7,13.8,6.3
2106,43.166,0.000,2154.8,251.0,-0.0,4,19025,1.000,0.000,0.017,-0.257,-0.002,200.0,-8.7,0,-0.06,0.000,200.0,376.8,1.000,10.6,23.0,35.9,58.0,81.4,115.4,200.0,200.0,200.0,200.0,200.0,200.0,173.2,141.6,100.1,37.2,21.7,13.8,6.3
2107,43.186,0.000,2156.2,251.4,-0.0,4,19049,1.000,0.000,0.012,-0.257,-0.003,200.0,-8.7,0,-0.04,0.000,200.0,376.8,1.000,10.6,22.9,35.7,57.3,80.1,112.4,200.0,200.0,200.0,200.0,200.0,200.0,175.2,142.8,102.0,37.6,21.8,13.8,6.3
2108,43.206,0.000,2157.6,251.8,-0.2,4,19031,1.000,0.000,0.004,-0.256,-0.005,200.0,-10.0,0,-0.01,0.000,200.0,376.8,1.000,10.6,22.8,35.5,56.4,78.6,108.1,200.0,200.0,200.0,200.0,200.0,200.0,178.7,145.0,104.5,38.1,22.0,13.9,6.3
2109,43.226,0.000,2159.0,252.2,-0.3,4,19068,1.000,0.000,-0.002,-0.255,-0.006,200.0,-9.8,0,0.01,0.000,200.0,376.8,1.000,10.6,22.8,35.3,55.7,77.4,105.6,200.0,200.0,200.0,200.0,200.0,200.0,181.1,146.4,106.0,38.6,22.1,14.0,6.4
2110,43.246,0.000,2160.4,252.6,-0.3,4,19114,1.000,0.000,-0.004,-0.254,-0.006,200.0,-9.4,0,0.02,0.000,200.0,376.8,1.000,10.6,22.7,35.2,55.2,76.6,104.9,200.0,200.0,200.0,200.0,200.0,200.0,181.3,146.5,106.4,38.9,22.2,14.0,6.4
2111,43.266,0.000,2161.8,252.9,-0.3,4,19154,1.000,0.000,-0.003,-0.253,-0.006,200.0,-9.1,0,0.02,0.000,200.0,376.8,1.000,10.6,22.7,35.2,54.9,76.1,105.7,200.0,200.0,200.0,200.0,200.0,200.0,180.0,145.5,105.9,39.0,22.2,14.0,6.4
2112,43.286,0.000,2163.2,253.3,-0.1,4,19184,1.000,0.000,-0.001,-0.252,-0.005,200.0,-9.1,0,0.01,0.000,200.0,376.8,1.000,10.6,22.7,35.2,54.6,75.7,107.6,200.0,200.0,200.0,200.0,200.0,200.0,178.0,144.1,105.2,39.1,22.2,14.0,6.4
2113,43.306,0.000,2164.6,253.7,-0.0,4,19173,1.000,0.000,0.001,-0.250,-0.005,200.0,-10.0,0,-0.01,0.000,200.0,376.8,1.000,10.6,22.7,35.1,54.3,75.4,110.5,200.0,200.0,200.0,200.0,200.0,200.0,176.2,142.8,104.5,39.3,22.2,14.0,6.4
2114,43.326,0.000,2166.0,254.0,0.0,4,19196,1.000,0.000,0.002,-0.249,-0.005,200.0,-10.2,0,-0.01,0.000,200.0,376.8,1.000,10.6,22.7,35.1,53.9,74.9,114.5,199.5,200.0,200.0,200.0,200.0,200.0,175.0,141.9,104.1,39.7,22.2,14.0,6.4
2115,43.346,0.000,2167.4,254.4,0.0,4,19230,1.000,0.000,0.002,-0.248,-0.005,200.0,-10.0,0,-0.01,0.000,200.0,376.8,1.000,10.5,22.7,34.9,53.4,74.3,117.1,198.2,200.0,200.0,200.0,200.0,200.0,174.5,141.4,103.9,40.2,22.2,14.1,6.4
2116,43.366,0.000,2168.9,254.7,0.0,4,19271,1.000,0.000,0.001,-0.247,-0.005,200.0,-9.7,0,-0.01,0.000,200.0,376.8,1.000,10.5,22.6,34.8,52.9,73.6,118.5,196.8,200.0,200.0,200.0,200.0,200.0,174.3,141.2,103.9,40.9,22.3,14.1,6.4
2117,43.386,0.000,2170.3,255.1,-0.0,4,19306,1.000,0.000,-0.000,-0.246,-0.005,200.0,-9.5,0,-0.01,0.000,200.0,376.8,1.000,10.5,22.6,34.6,52.3,72.9,119.8,195.4,200.0,200.0,200.0,200.0,200.0,174.2,141.0,103.8,41.7,22.3,14.1,6.4
2118,43.406,0.000,2171.7,255.4,-0.1,4,19336,1.000,0.000,-0.001,-0.245,-0.005,200.0,-9.4,0,-0.01,0.000,200.0,376.8,1.000,10.5,22.6,34.4,51.8,72.3,121.8,194.1,200.0,200.0,200.0,200.0,200.0,173.8,140.7,103.6,42.6,22.4,14.1,6.4
2119,43.426,0.000,2173.1,255.8,-0.0,4,19328,1.000,0.000,-0.001,-0.243,-0.005,200.0,-10.2,0,-0.01,0.000,200.0,376.8,1.000,10.5,22.6,34.2,51.3,71.8,124.9,192.9,200.0,200.0,200.0,200.0,200.0,173.1,140.1,103.2,43.6,22.4,14.2,6.5
2120,43.446,0.000,2174.5,256.1,-0.0,4,19357,1.000,0.000,-0.001,-0.242,-0.005,200.0,-10.2,0,-0.01,0.000,200.0,376.8,1.000,10.5,22.5,34.0,50.8,71.4,128.8,191.8,200.0,200.0,200.0,200.0,200.0,172.1,139.3,102.7,44.7,22.5,14.2,6.5
2121,43.466,0.000,2176.0,256.5,0.0,4,19393,1.000,0.000,0.000,-0.241,-0.005,200.0,-10.0,0,-0.02,0.000,200.0,376.8,1.000,10.5,22.5,33.8,50.3,71.0,133.0,190.7,200.0,200.0,200.0,200.0,200.0,171.0,138.5,102.1,46.0,22.5,14.2,6.5
2122,43.486,0.000,2177.4,256.8,0.0,4,19427,1.000,0.000,0.001,-0.240,-0.005,200.0,-9.8,0,-0.02,0.000,200.0,376.8,1.000,10.5,22.4,33.6,49.8,70.6,136.9,189.6,199.5,200.0,200.0,200.0,200.0,170.0,137.7,101.6,47.6,22.6,14.2,6.5
2123,43.506,0.000,2178.8,257.1,0.0,4,19455,1.000,0.000,0.000,-0.238,-0.005,200.0,-9.7,0,-0.02,0.000,200.0,376.8,1.000,10.5,22.4,33.4,49.3,70.1,139.9,188.4,198.1,200.0,200.0,200.0,200.0,169.3,137.2,101.2,49.8,22.8,14.2,6.5
2124,43.526,0.000,2180.2,257.5,0.0,4,19461,1.000,0.000,-0.000,-0.237,-0.005,200.0,-10.1,0,-0.02,0.000,200.0,376.8,1.000,10.4,22.3,33.2,48.7,69.6,142.5,187.1,196.8,200.0,200.0,200.0,200.0,168.7,136.7,100.8,51.7,23.0,14.3,6.5
2125,43.546,0.000,2181.7,257.8,0.0,4,19482,1.000,0.000,-0.000,-0.236,-0.005,200.0,-10.3,0,-0.02,0.000,200.0,376.8,1.000,10.4,22.2,32.9,48.2,69.2,145.3,185.8,195.4,200.0,200.0,200.0,200.0,168.1,136.2,100.4,53.2,23.2,14.3,6.5
2126,43.566,0.000,2183.1,258.1,0.0,5,19514,1.000,0.000,-0.001,-0.235,-0.005,200.0,-11.2,0,-0.02,0.000,200.0,376.8,1.000,10.4,22.1,32.6,47.6,68.8,148.4,184.6,194.1,200.0,200.0,200.0,200.0,167.4,135.6,100.0,54.4,23.4,14.3,6.5
2127,43.586,0.000,2184.5,258.3,0.0,5,19542,1.000,0.000,-0.000,-0.233,-0.005,200.0,-11.1,0,-0.02,0.000,200.0,376.8,1.000,10.4,22.0,32.4,47.1,68.5,152.0,183.4,192.8,198.8,200.0,200.0,200.0,166.8,134.9,99.5,55.4,23.7,14.4,6.5
2128,43.606,0.000,2186.0,258.5,0.0,5,19569,1.000,0.000,-0.000,-0.232,-0.005,200.0,-11.0,0,-0.02,0.000,200.0,376.8,1.000,10.4,21.9,32.1,46.6,68.2,155.7,182.2,191.5,197.4,200.0,200.0,200.0,167.1,134.2,99.0,56.3,24.0,14.5,6.5
2129,43.626,0.000,2187.4,258.8,0.0,5,17924,1.000,0.000,-0.002,-0.231,-0.005,200.0,-10.4,0,0.04,0.000,200.0,376.8,1.000,10.4,21.7,31.8,46.1,67.9,159.0,181.0,190.1,196.0,200.0,200.0,200.0,200.0,133.6,98.6,57.0,24.3,14.6,6.6
2130,43.646,0.000,2188.9,259.1,0.0,5,17707,1.000,0.000,-0.002,-0.230,-0.005,200.0,-10.7,0,0.04,0.000,200.0,376.8,1.000,10.4,21.6,31.5,45.7,67.7,162.2,179.8,188.8,194.7,200.0,200.0,200.0,200.0,132.9,98.1,57.6,24.7,14.7,6.6
2131,43.666,0.000,2190.3,259.3,0.0,5,17699,1.000,0.000,-0.001,-0.229,-0.005,200.0,-10.7,0,0.04,0.000,200.0,376.8,1.000,10.4,21.5,31.2,45.3,67.7,162.7,178.8,187.6,193.4,199.6,200.0,200.0,200.0,131.9,97.4,58.0,25.0,14.8,6.6
2132,43.686,0.000,2191.7,259.6,0.1,5,17709,1.000,0.000,-0.001,-0.227,-0.005,200.0,-10.6,0,0.05,0.000,200.0,376.8,1.000,10.3,21.3,30.9,44.8,67.7,162.6,177.7,186.4,192.2,198.3,200.0,200.0,200.0,131.0,96.8,58.4,25.5,14.9,6.6
2133,43.706,0.000,2193.2,259.9,0.1,5,17720,1.000,0.000,-0.000,-0.226,-0.004,200.0,-10.7,0,0.06,0.000,200.0,376.8,1.000,10.3,21.2,30.5,44.4,67.7,162.2,176.5,185.1,190.9,197.0,200.0,200.0,200.0,130.1,96.2,58.7,26.0,15.0,6.6
2134,43.726,0.000,2194.6,260.1,0.1,5,17727,1.000,0.000,-0.008,-0.225,-0.006,200.0,-10.7,0,0.06,0.000,200.0,376.8,1.000,10.3,21.0,30.2,44.0,67.7,161.5,175.3,183.8,189.5,195.6,200.0,200.0,200.0,129.4,95.7,58.9,26.5,15.2,6.6
2135,43.746,0.000,2196.1,260.4,0.1,5,17708,1.000,0.000,-0.020,-0.223,-0.008,200.0,-11.9,0,0.07,0.000,200.0,376.8,1.000,10.2,20.8,29.9,43.7,68.1,161.3,174.4,182.8,188.4,194.5,200.0,200.0,200.0,128.0,94.9,58.9,27.1,15.4,6.7
2136,43.766,0.000,2197.5,260.7,0.1,5,17716,1.000,0.000,-0.025,-0.221,-0.010,200.0,-12.1,0,-0.04,0.000,200.0,376.8,1.000,10.2,20.7,29.7,43.6,69.8,162.1,174.2,182.3,188.0,194.0,200.0,200.0,153.2,125.0,93.1,58.4,27.5,15.5,6.7
2137,43.786,0.000,2199.0,261.0,0.3,5,17735,1.000,0.000,-0.027,-0.218,-0.011,200.0,-11.9,0,-0.07,0.000,200.0,376.8,1.000,10.2,20.6,29.5,43.8,73.3,163.4,174.5,182.4,188.1,194.2,200.0,200.0,147.0,120.9,90.7,57.4,27.7,15.6,6.7
2138,43.806,0.000,2200.4,261.2,0.6,5,17759,1.000,0.000,-0.026,-0.215,-0.011,200.0,-11.4,0,-0.13,0.000,200.0,376.8,1.000,10.1,20.6,29.5,44.3,80.6,165.0,175.1,182.9,188.7,194.9,200.0,200.0,139.9,115.9,87.7,56.0,27.9,15.7,6.8
2139,43.826,0.000,2201.9,261.4,0.9,5,17778,1.000,0.000,-0.022,-0.212,-0.011,200.0,-11.0,0,-0.20,0.000,200.0,376.8,1.000,10.1,20.5,29.5,45.0,92.0,166.5,176.0,183.7,189.6,195.9,200.0,200.0,132.4,110.6,84.6,54.5,27.9,15.7,6.8
2140,43.846,0.000,2203.3,261.7,1.0,5,17733,1.000,0.000,-0.020,-0.208,-0.011,200.0,-12.3,0,-0.26,0.000,200.0,376.8,1.000,10.1,20.5,29.5,45.7,105.0,167.5,176.5,184.3,190.3,196.8,200.0,200.0,126.2,106.2,81.8,53.3,27.9,15.8,6.8
2141,43.866,0.000,2204.8,262.0,1.0,5,17772,1.000,0.000,-0.019,-0.205,-0.011,200.0,-12.1,0,-0.41,0.000,200.0,376.8,1.000,10.0,20.4,29.5,46.3,117.8,167.9,176.6,184.5,190.5,197.0,200.0,144.8,121.6,102.8,79.7,52.3,28.0,15.9,6.9
2142,43.886,0.000,2206.3,262.2,1.0,5,17800,1.000,0.000,-0.023,-0.201,-0.012,200.0,-11.4,0,-0.48,0.000,200.0,376.8,1.000,10.0,20.3,29.4,46.9,131.1,167.9,176.5,184.4,190.5,197.0,200.0,139.7,117.9,100.0,77.9,51.5,28.1,16.1,6.9
2143,43.906,0.000,2207.7,262.4,1.0,5,17821,1.000,0.000,-0.026,-0.197,-0.013,200.0,-10.8,0,-0.55,0.000,200.0,376.8,1.000,10.0,20.1,29.4,47.6,144.8,167.9,176.4,184.3,190.5,197.1,200.0,134.6,114.1,97.2,76.1,50.7,28.2,16.2,6.9
2144,43.926,0.000,2209.2,262.7,1.0,5,17835,1.000,0.000,-0.028,-0.192,-0.014,200.0,-10.5,0,-0.59,0.000,200.0,376.8,1.000,9.9,20.0,29.4,48.6,148.2,168.1,176.5,184.6,190.8,197.5,200.0,129.2,110.0,94.1,74.0,49.8,28.1,16.3,7.0
2145,43.946,0.000,2210.7,262.9,1.1,5,17858,1.000,0.000,-0.176,-0.188,-0.015,198.0,-10.3,0,-0.72,-0.850,198.0,374.7,1.000,9.9,20.0,29.5,49.9,150.2,168.4,176.8,185.0,191.3,198.0,140.7,123.6,105.8,90.9,71.9,48.7,28.0,16.5,7.0
2146,43.966,0.000,2212.1,263.1,1.1,5,17878,1.000,0.000,-0.010,-0.183,-0.012,200.0,-9.6,0,-0.83,0.000,200.0,376.8,1.000,9.9,20.1,30.1,53.4,154.0,170.5,179.2,187.7,194.2,200.0,127.7,113.5,98.3,85.2,68.2,46.6,27.4,16.4,7.1
2147,43.986,0.000,2213.6,263.4,2.4,5,17897,1.000,0.000,-0.128,-0.179,-0.007,199.2,-9.9,0,-1.07,-0.850,199.2,373.6,1.000,9.9,20.3,31.1,60.4,158.5,174.1,183.3,192.3,199.2,127.7,113.4,102.0,89.4,78.4,63.6,44.0,26.4,16.2,7.0
2148,44.006,0.000,2215.1,263.6,2.6,5,17912,1.000,0.000,-0.108,-0.176,-0.004,132.1,-9.6,0,-1.28,-0.850,132.1,365.5,1.000,9.9,20.5,32.0,69.3,160.9,176.5,186.1,195.4,132.1,116.7,104.5,94.6,83.6,73.8,60.4,42.2,25.8,16.1,7.1
2149,44.026,0.000,2216.5,263.7,3.1,5,18040,1.000,0.000,-0.079,-0.172,-0.000,117.7,-6.7,0,-1.54,-0.850,117.7,359.4,1.000,9.9,20.9,33.2,84.3,163.9,180.1,190.1,133.5,117.7,105.2,95.1,86.8,77.3,68.8,56.8,40.1,25.0,15.9,7.1
2150,44.046,0.000,2218.0,263.9,4.0,5,18048,1.000,0.000,-0.041,-0.170,0.005,104.1,-6.7,0,-1.89,-0.850,111.9,365.1,1.000,9.9,21.3,35.0,110.4,167.6,184.8,195.5,116.5,104.1,94.1,85.9,78.9,71.0,63.6,52.9,37.8,24.1,15.6,7.0
2151,44.066,0.000,2219.5,264.2,4.6,5,18016,1.000,0.000,-0.008,-0.167,0.010,94.3,-8.2,0,-2.31,-0.470,106.0,358.0,1.000,9.9,21.8,36.8,136.7,170.9,188.9,123.2,104.5,94.3,85.9,78.9,73.0,66.0,59.5,49.8,35.9,23.4,15.3,7.0
2152,44.086,0.000,2220.9,264.5,4.5,5,17996,1.000,0.000,-0.005,-0.165,0.010,89.9,-9.2,0,-2.43,-0.470,100.6,338.7,1.000,9.9,22.0,37.9,139.4,171.6,190.0,116.2,99.2,89.9,82.1,75.6,70.1,63.5,57.4,48.2,35.0,23.0,15.2,7.0
2153,44.106,0.000,2222.4,264.7,3.4,5,18036,1.000,0.000,-0.025,-0.164,0.006,89.5,-9.1,0,-2.42,-0.470,95.6,336.6,1.000,9.9,22.0,38.1,138.1,169.8,187.9,116.1,98.9,89.5,81.7,75.2,69.6,63.1,57.0,47.8,34.9,23.0,15.3,7.1
2154,44.126,0.000,2223.9,264.8,2.5,5,18247,1.000,0.000,-0.046,-0.162,0.002,89.0,-3.6,0,-2.42,-0.470,90.7,334.6,1.000,9.8,22.1,38.4,136.8,168.0,185.8,115.9,98.5,89.0,81.2,74.6,69.1,62.5,56.4,47.5,34.7,23.0,15.3,7.1
2155,44.146,0.000,2225.3,265.1,2.0,5,18207,1.000,0.000,-0.052,-0.160,0.000,86.1,-4.7,0,-2.49,-0.470,86.1,334.4,1.000,9.8,22.3,39.5,137.5,167.8,185.7,111.5,95.1,86.1,78.6,72.4,67.0,60.8,54.9,46.3,34.0,22.7,15.2,7.1
2156,44.166,0.000,2226.8,265.5,2.2,5,18122,1.000,0.000,-0.046,-0.158,0.000,81.5,-7.5,0,-2.62,-0.470,81.9,335.5,1.000,9.9,22.7,41.3,139.3,168.8,187.1,104.4,89.7,81.5,74.7,68.9,64.0,58.2,52.7,44.5,32.9,22.2,15.0,7.1
2157,44.186,0.000,2228.3,265.8,2.1,5,18081,1.000,0.000,-0.032,-0.156,0.003,78.6,-9.0,0,-2.74,-0.470,81.1,335.5,1.000,9.9,23.0,42.9,139.6,168.8,123.0,100.3,86.4,78.6,72.2,66.7,62.0,56.4,51.2,43.3,32.2,21.8,14.8,7.1
2158,44.206,0.000,2229.8,265.9,1.7,5,18302,1.000,0.000,-0.018,-0.156,0.006,77.3,-4.1,0,-2.78,-0.470,82.2,334.0,1.000,9.9,23.2,43.9,138.7,167.5,121.1,98.7,85.0,77.3,71.0,65.6,60.9,55.4,50.3,42.6,31.8,21.6,14.7,7.1
2159,44.226,0.000,2231.2,265.9,1.6,5,18618,1.000,0.000,0.001,-0.156,0.009,75.4,4.1,0,-2.84,-0.470,83.3,333.0,1.000,10.0,23.5,45.3,138.3,166.7,117.7,96.1,82.9,75.4,69.2,64.0,59.5,54.1,49.1,41.7,31.2,21.3,14.6,7.1
2160,44.246,0.000,2232.7,266.3,1.6,5,18577,1.000,0.000,0.025,-0.157,0.013,73.1,3.1,0,-2.93,-0.470,84.9,332.5,1.000,10.0,23.9,47.2,138.1,166.2,113.3,92.9,80.2,73.1,67.2,62.1,57.8,52.6,47.8,40.6,30.5,21.0,14.4,7.0
2161,44.266,0.000,2234.2,266.8,1.5,5,18333,1.000,0.000,0.042,-0.159,0.016,71.7,-3.9,0,-2.99,-0.470,86.3,331.1,1.000,10.1,24.2,48.6,137.2,165.0,111.2,91.1,78.7,71.7,65.8,60.9,56.6,51.6,46.8,39.8,30.0,20.7,14.3,7.0
2162,44.286,0.000,2235.7,267.3,1.0,5,18188,1.000,0.000,0.049,-0.162,0.017,71.6,-8.5,0,-2.97,-0.470,87.7,328.3,1.000,10.1,24.4,49.1,135.4,162.7,112.4,91.5,78.7,71.6,65.7,60.6,56.3,51.2,46.4,39.5,29.7,20.5,14.2,7.0
2163,44.306,0.000,2237.2,267.4,0.2,5,18424,1.000,0.000,0.045,-0.166,0.017,72.6,-3.6,0,-2.85,-0.470,89.3,324.5,1.000,10.1,24.4,49.0,132.8,159.5,176.6,93.8,80.2,72.6,66.4,61.1,56.7,51.4,46.5,39.4,29.7,20.5,14.1,6.9
2164,44.326,0.000,2238.7,267.6,-0.7,5,18518,1.000,0.000,0.036,-0.171,0.015,75.0,-1.1,0,-2.76,-0.470,91.2,319.8,1.000,10.2,24.4,48.2,129.4,155.6,171.9,98.4,83.2,75.0,68.2,62.6,57.8,52.2,47.0,39.7,29.8,20.5,14.1,6.9
2165,44.346,0.000,2240.1,268.0,-1.7,5,18382,1.000,0.000,0.022,-0.175,0.013,78.3,-5.3,0,-2.64,-0.470,93.1,314.7,1.000,10.2,24.3,47.2,125.7,151.4,167.0,105.0,87.5,78.3,70.8,64.6,59.4,53.4,47.9,40.1,30.0,20.6,14.1,6.9
2166,44.366,0.000,2241.6,268.4,-2.3,5,18279,1.000,0.000,0.012,-0.180,0.011,80.8,-8.7,0,-2.43,-0.470,108.6,328.7,1.000,10.2,24.3,46.7,122.6,148.1,163.0,172.3,91.0,80.8,72.7,66.0,60.5,54.2,48.4,40.3,30.1,20.6,14.1,6.8
2167,44.386,0.000,2243.1,268.7,-2.1,5,18234,1.000,0.000,0.023,-0.185,0.013,80.7,-10.6,0,-2.44,-0.470,117.7,326.1,1.000,10.3,24.5,47.2,121.1,146.2,160.8,169.9,91.1,80.7,72.4,65.7,60.1,53.7,47.9,39.8,29.7,20.3,14.0,6.8
2168,44.406,0.000,2244.6,268.8,-1.8,5,18442,1.000,0.000,0.037,-0.190,0.015,79.9,-5.9,0,-2.46,-0.470,130.1,323.9,1.000,10.3,24.8,47.9,120.0,144.6,159.0,167.9,90.3,79.9,71.6,64.9,59.3,52.9,47.2,39.2,29.2,20.1,13.8,6.7
2169,44.426,0.000,2246.1,269.2,-1.8,5,18414,1.000,0.000,0.042,-0.196,0.016,80.9,-6.8,0,-2.43,-0.470,132.5,320.6,1.000,10.4,25.0,48.0,118.0,142.2,156.2,164.9,91.9,80.9,72.2,65.2,59.5,53.0,47.1,39.0,29.0,19.9,13.7,6.7
2170,44.446,0.000,2247.6,269.5,-2.0,5,18358,1.000,0.000,0.038,-0.202,0.015,83.7,-8.9,0,-2.37,-0.470,127.1,316.3,1.000,10.4,25.0,47.5,115.2,139.2,152.7,161.0,95.9,83.7,74.3,66.8,60.6,53.7,47.6,39.1,28.9,19.8,13.6,6.6
2171,44.466,0.000,2249.1,269.8,-2.2,5,18328,1.000,0.000,0.036,-0.207,0.014,86.6,-10.3,0,-2.30,-0.470,124.6,322.1,1.000,10.5,25.1,47.1,112.6,136.4,149.4,157.4,100.1,86.6,76.4,68.3,61.8,54.5,48.0,39.3,28.9,19.8,13.6,6.6
2172,44.486,0.000,2250.6,270.1,-2.1,5,18338,1.000,0.000,0.036,-0.213,0.014,88.3,-10.9,0,-2.12,-0.470,158.6,323.5,1.000,10.5,25.3,47.1,110.6,134.1,146.8,154.6,162.2,88.3,77.5,69.0,62.2,54.7,48.0,39.1,28.6,19.6,13.4,6.6
2173,44.506,0.000,2252.1,270.3,-2.1,5,18458,1.000,0.000,0.039,-0.218,0.015,90.7,-7.9,0,-2.09,-0.470,155.4,323.9,1.000,10.6,25.4,47.0,108.5,131.7,144.0,151.6,159.0,90.7,79.1,70.1,63.0,55.1,48.3,39.1,28.4,19.4,13.3,6.5
2174,44.526,0.000,2253.6,270.6,-2.2,5,18428,1.000,0.000,0.036,-0.224,0.014,95.0,-9.2,0,-2.03,-0.470,152.2,319.4,1.000,10.6,25.5,46.5,105.8,129.0,140.8,148.2,155.2,95.0,82.1,72.3,64.6,56.2,48.9,39.4,28.4,19.4,13.3,6.5
2175,44.546,0.000,2255.1,270.9,-2.3,5,18412,1.000,0.000,0.027,-0.229,0.013,156.7,-10.2,0,-1.81,-0.470,156.7,321.2,1.000,10.7,25.5,46.0,103.0,126.2,137.6,144.7,151.4,156.7,85.9,75.0,66.6,57.6,49.8,39.8,28.5,19.3,13.2,6.4
2176,44.566,0.000,2256.6,271.2,-2.3,5,18404,1.000,0.000,0.029,-0.235,0.013,153.4,-11.0,0,-1.77,-0.470,153.4,317.1,1.000,10.7,25.6,45.7,100.8,123.8,134.9,141.7,148.3,153.4,88.9,77.1,68.1,58.5,50.4,40.0,28.4,19.2,13.1,6.4
2177,44.586,0.000,2258.1,271.5,-2.1,5,18438,1.000,0.000,0.036,-0.240,0.014,150.6,-10.7,0,-1.75,-0.470,150.6,313.7,1.000,10.8,25.7,45.6,99.1,121.8,132.6,139.2,145.6,150.6,90.9,78.4,68.9,58.9,50.6,40.0,28.2,19.0,13.0,6.3
2178,44.606,0.000,2259.6,271.7,-1.9,5,18462,1.000,0.000,0.033,-0.246,0.014,152.7,-10.4,0,-1.55,-0.470,152.7,316.2,1.000,10.8,25.8,45.4,97.0,119.6,130.1,136.5,142.7,147.5,152.7,80.6,70.4,59.9,51.1,40.2,28.1,18.9,12.9,6.3
2179,44.626,0.000,2261.1,272.0,-1.9,5,18466,1.000,0.000,0.034,-0.251,0.014,149.2,-10.9,0,-1.51,-0.470,149.2,311.9,1.000,10.9,25.8,45.0,94.7,117.2,127.4,133.6,139.6,144.2,149.2,83.8,72.7,61.3,52.0,40.6,28.2,18.8,12.8,6.2
2180,44.646,0.000,2262.6,272.3,-1.9,5,18472,1.000,0.000,0.034,-0.256,0.013,145.7,-11.2,0,-1.47,-0.470,145.7,307.5,1.000,10.9,25.8,44.5,92.3,114.8,124.7,130.7,136.4,140.9,145.7,87.8,75.5,63.1,53.2,41.1,28.3,18.7,12.8,6.2
2181,44.666,0.000,2264.1,272.6,-1.9,5,18480,1.000,0.000,0.027,-0.261,0.013,147.1,-11.5,0,-1.25,-0.470,147.1,312.8,1.000,10.9,25.8,44.0,89.9,112.3,121.9,127.7,133.3,137.6,142.2,147.1,78.9,65.3,54.6,41.7,28.4,18.6,12.7,6.2
2182,44.686,0.000,2265.6,272.8,-1.9,5,18487,1.000,0.000,0.028,-0.266,0.013,143.7,-11.8,0,-1.22,-0.470,143.7,311.9,1.000,11.0,25.7,43.6,87.6,110.0,119.4,125.0,130.4,134.5,138.9,143.7,82.3,67.5,55.9,42.4,28.6,18.6,12.6,6.1
2183,44.706,0.000,2267.1,273.1,-1.8,5,18501,1.000,0.000,0.124,-0.271,0.013,140.5,-12.0,0,-0.99,0.000,140.5,315.5,1.000,11.0,25.7,43.3,85.7,107.8,117.0,122.5,127.7,131.7,136.0,140.5,145.5,69.5,57.1,42.9,28.7,18.5,12.5,6.1
2184,44.726,0.000,2268.6,273.3,-1.7,5,18521,1.000,0.000,0.111,-0.276,0.010,136.1,-11.5,0,-0.94,0.000,136.1,309.6,1.000,11.0,25.4,42.3,81.7,104.7,113.7,118.9,123.8,127.7,131.7,136.1,140.7,75.0,60.7,44.7,29.3,18.7,12.5,6.1
2185,44.746,0.000,2270.1,273.5,-2.4,5,18547,1.000,0.000,0.066,-0.280,0.004,129.6,-11.3,0,-0.60,0.000,129.6,309.1,1.000,11.0,24.8,40.3,74.2,100.1,109.0,113.8,118.4,121.9,125.6,129.6,133.8,140.3,69.6,49.2,31.1,19.3,12.7,6.1
2186,44.766,0.000,2271.7,273.7,-3.6,5,18570,1.000,0.000,0.016,-0.283,-0.004,123.1,-11.3,0,-0.24,0.000,125.0,309.1,1.000,10.9,24.1,38.3,67.4,95.1,104.1,108.7,112.9,116.1,119.5,123.1,127.0,132.9,140.3,55.6,33.4,20.1,13.0,6.1
2187,44.786,0.000,2273.2,274.0,-4.1,5,18537,1.000,0.000,0.148,-0.285,-0.008,118.8,-12.7,0,-0.20,0.850,122.1,302.2,1.000,10.9,23.7,37.2,63.9,91.6,100.6,105.2,109.1,112.2,115.4,118.8,122.4,127.9,134.9,60.5,34.9,20.6,13.2,6.1
2188,44.806,0.000,2274.7,274.2,-3.2,5,18551,1.000,0.000,0.135,-0.286,-0.010,115.1,-12.1,0,-0.16,0.850,119.3,296.3,1.000,10.9,23.4,36.4,61.2,88.6,97.6,102.0,105.9,108.8,111.9,115.1,118.6,123.8,130.3,65.4,36.4,21.1,13.3,6.1
2189,44.826,0.000,2276.2,274.4,-3.4,5,18583,1.000,0.000,0.090,-0.286,-0.016,110.3,-11.6,0,0.32,0.850,116.4,305.6,1.000,10.8,22.8,34.9,57.2,84.2,93.4,97.9,101.7,104.4,107.3,110.3,113.5,118.3,124.3,137.6,39.4,22.0,13.7,6.1
2190,44.846,0.000,2277.7,274.5,-4.0,5,18619,1.000,0.000,0.056,-0.284,-0.023,105.4,-11.3,0,0.36,0.850,113.6,296.4,1.000,10.7,22.2,33.5,53.3,79.4,88.9,93.4,97.3,99.9,102.6,105.4,108.3,112.8,118.3,130.4,43.4,23.2,14.1,6.2
2191,44.866,0.000,2279.2,274.7,-4.4,5,18644,1.000,0.000,0.014,-0.281,-0.031,101.3,-11.1,0,0.40,0.850,112.0,288.5,1.000,10.5,21.7,32.2,50.3,75.0,85.0,89.5,93.3,96.0,98.6,101.3,104.0,108.1,113.3,124.5,47.5,24.3,14.6,6.3
2192,44.886,0.000,2280.8,275.0,-4.2,5,18632,1.000,0.000,-0.009,-0.277,-0.036,98.4,-12.0,0,0.44,0.850,110.3,283.2,1.000,10.5,21.3,31.5,48.7,72.1,82.3,86.8,90.6,93.2,95.8,98.4,101.0,105.0,109.9,120.5,50.3,25.1,14.9,6.4
2193,44.906,0.000,2282.3,275.2,-3.3,5,18652,1.000,0.000,-0.011,-0.271,-0.036,96.8,-12.0,0,0.44,0.850,108.6,280.4,1.000,10.4,21.2,31.4,48.3,71.3,81.0,85.4,89.1,91.7,94.2,96.8,99.4,103.2,108.1,118.5,51.0,25.4,15.0,6.4
2194,44.926,0.000,2283.8,275.5,-2.2,5,18672,1.000,0.000,-0.003,-0.265,-0.034,95.8,-11.9,0,0.43,0.850,106.9,278.9,1.000,10.4,21.2,31.4,48.7,71.3,80.4,84.6,88.3,90.8,93.3,95.8,98.4,102.2,107.1,117.5,50.3,25.3,15.1,6.5
2195,44.946,0.000,2285.4,275.7,-1.1,5,18694,1.000,0.000,0.007,-0.258,-0.032,94.9,-11.8,0,0.41,0.850,105.2,277.6,1.000,10.3,21.2,31.5,49.1,71.2,79.8,83.9,87.5,89.9,92.4,94.9,97.4,101.3,106.1,116.6,49.6,25.3,15.1,6.5
2196,44.966,0.000,2286.9,276.0,-0.5,5,18753,0.000,0.000,0.013,-0.250,-0.031,93.7,-10.8,0,0.41,0.850,103.5,270.4,1.000,10.3,21.2,31.5,49.2,70.7,78.9,82.9,86.4,88.8,91.2,93.7,96.2,100.0,104.8,115.2,49.4,25.3,15.2,6.6
2197,44.986,0.000,2288.4,275.6,-0.2,5,18295,0.000,0.608,0.013,-0.243,-0.031,92.1,-22.7,0,0.41,0.850,101.7,263.4,0.000,10.2,21.0,31.3,48.9,69.7,77.7,81.6,85.0,87.4,89.7,92.1,94.6,98.4,103.1,113.3,49.8,25.6,15.3,6.6
2198,45.006,0.000,2290.0,273.9,-0.2,5,17940,0.000,0.687,0.008,-0.235,-0.031,90.4,-7.1,0,0.43,0.850,100.0,260.2,0.000,10.2,20.9,31.1,48.4,68.5,76.2,80.1,83.4,85.7,88.1,90.4,92.9,96.5,101.1,111.1,50.7,25.9,15.5,6.7
2199,45.026,0.000,2291.5,271.5,-0.3,5,17733,0.000,0.731,0.003,-0.227,-0.032,88.6,0.4,0,0.44,0.850,98.3,256.8,0.000,10.1,20.7,30.8,47.9,67.2,74.7,78.5,81.7,84.0,86.3,88.6,91.0,94.6,99.1,108.9,51.6,26.3,15.7,6.8
2200,45.046,0.000,2293.0,268.8,-0.3,5,17526,0.000,0.753,-0.000,-0.219,-0.033,87.0,4.4,0,0.45,0.850,96.6,253.7,0.000,10.0,20.5,30.5,47.4,66.1,73.4,77.0,80.2,82.5,84.7,87.0,89.3,92.9,97.3,106.8,52.4,26.6,15.9,6.9
2201,45.066,0.000,2294.5,265.9,-0.3,5,17276,0.000,0.757,-0.001,-0.212,-0.033,85.5,3.6,0,0.46,0.850,94.9,250.8,0.000,10.0,20.4,30.3,47.1,65.1,72.1,75.7,78.8,81.0,83.2,85.5,87.8,91.2,95.5,104.9,53.0,26.9,16.1,6.9
2202,45.086,0.000,2295.9,263.0,-0.2,5,17078,0.000,0.747,-0.001,-0.204,-0.033,84.0,2.3,0,0.47,0.850,93.2,248.0,0.000,9.9,20.3,30.1,46.9,64.1,70.9,74.4,77.5,79.6,81.8,84.0,86.3,89.7,93.9,103.2,53.4,27.2,16.2,7.0
2203,45.106,0.000,2297.4,260.0,-0.1,5,16908,0.000,0.732,-0.001,-0.196,-0.032,82.6,1.0,0,0.48,0.850,91.6,245.4,0.000,9.8,20.2,30.0,46.7,63.2,69.8,73.2,76.2,78.3,80.5,82.6,84.8,88.2,92.4,101.5,53.8,27.4,16.4,7.1
2204,45.126,0.000,2298.8,257.2,0.0,5,16740,0.205,0.000,-0.031,-0.188,-0.032,81.2,1.1,0,1.39,0.850,89.9,279.7,0.205,9.8,20.1,29.9,46.5,62.3,68.7,72.0,74.9,77.0,79.1,81.2,83.5,86.8,90.9,99.8,124.7,27.5,16.5,7.1
2205,45.146,0.000,2300.2,255.5,0.1,5,16863,0.255,0.000,-0.024,-0.181,-0.030,80.2,-17.0,0,1.38,0.850,88.3,278.0,0.255,9.7,20.0,29.9,46.7,61.7,67.9,71.2,74.0,76.1,78.1,80.2,82.4,85.7,89.8,98.7,123.5,27.5,16.5,7.2
2206,45.166,0.000,2301.7,255.0,0.5,5,16976,0.305,0.000,-0.009,-0.174,-0.027,79.5,-18.2,0,1.38,0.850,86.7,277.5,0.305,9.7,20.1,30.1,47.4,61.4,67.4,70.6,73.4,75.4,77.4,79.5,81.7,85.0,89.1,98.1,123.1,27.3,16.5,7.2
2207,45.186,0.000,2303.1,254.7,0.9,5,17033,0.355,0.000,0.003,-0.167,-0.024,78.7,-17.7,0,1.37,0.850,85.1,277.8,0.355,9.7,20.1,30.2,48.0,60.9,66.8,69.9,72.6,74.6,76.6,78.7,80.9,84.2,88.3,97.3,122.4,27.1,16.5,7.2
2208,45.206,0.000,2304.5,254.3,0.9,5,17068,0.405,0.000,-0.142,-0.161,-0.023,77.5,-17.3,0,1.37,0.000,83.5,277.3,0.405,9.6,20.0,30.2,47.9,60.1,65.8,68.8,71.5,73.5,75.4,77.5,79.6,82.9,87.0,95.8,120.7,27.2,16.6,7.3
2209,45.226,0.000,2305.9,254.0,0.6,5,17095,0.455,0.000,-0.127,-0.155,-0.020,76.8,-16.5,0,1.37,0.000,82.0,278.7,0.455,9.6,20.1,30.5,48.2,59.8,65.3,68.3,70.9,72.8,74.8,76.8,79.0,82.3,86.4,95.3,120.6,26.9,16.5,7.3
2210,45.246,0.000,2307.3,253.8,1.4,5,17120,0.000,0.000,-0.050,-0.150,-0.011,77.5,-15.9,0,0.37,0.000,80.4,245.0,0.455,9.7,20.5,31.6,49.6,60.5,65.9,68.9,71.5,73.4,75.4,77.5,79.8,83.2,87.5,96.9,48.1,25.9,16.2,7.3
2211,45.266,0.000,2308.7,253.2,2.5,5,16925,0.000,0.000,-0.005,-0.147,-0.002,78.4,-20.9,0,0.30,0.000,78.9,248.9,0.455,9.7,21.0,32.8,50.8,61.2,66.6,69.5,72.1,74.1,76.2,78.4,80.7,84.3,88.8,98.8,42.8,24.8,15.8,7.3
2212,45.286,0.000,2310.1,252.6,3.1,5,16807,0.000,0.000,0.022,-0.144,0.004,78.3,-21.1,0,0.27,0.000,78.3,249.7,0.455,9.7,21.3,33.6,51.0,61.2,66.4,69.3,71.9,73.9,76.1,78.3,80.7,84.4,89.0,99.2,41.0,24.3,15.6,7.2
2213,45.306,0.000,2311.5,251.9,2.8,5,16724,0.000,0.000,0.027,-0.142,0.005,77.1,-21.0,0,0.27,0.000,77.1,247.5,0.455,9.7,21.3,33.7,50.4,60.3,65.4,68.2,70.8,72.8,74.9,77.1,79.5,83.1,87.7,97.8,41.1,24.2,15.6,7.2
2214,45.326,0.000,2312.9,251.3,2.0,5,16659,0.505,0.000,-0.035,-0.141,0.003,75.2,-20.9,0,1.78,0.000,75.2,315.3,0.505,9.7,21.2,33.4,49.3,58.8,63.8,66.5,69.0,71.0,73.0,75.2,77.5,81.0,85.4,95.2,146.6,24.5,15.7,7.3
2215,45.346,0.000,2314.3,251.0,1.0,5,16820,0.555,0.000,-0.039,-0.140,0.002,73.5,-15.3,0,1.81,0.000,73.5,314.7,0.555,9.7,21.2,33.3,48.4,57.6,62.4,65.1,67.5,69.4,71.4,73.5,75.8,79.2,83.5,93.0,145.5,24.6,15.7,7.3
2216,45.366,0.000,2315.7,250.9,0.9,5,16938,0.605,0.000,-0.027,-0.140,0.005,72.7,-14.7,0,1.80,0.000,72.7,313.6,0.605,9.7,21.3,33.6,48.0,56.9,61.6,64.3,66.7,68.6,70.6,72.7,74.9,78.3,82.6,92.2,143.9,24.3,15.6,7.3
2217,45.386,0.000,2317.1,250.8,1.1,5,17017,0.655,0.000,-0.011,-0.141,0.008,72.0,-14.3,0,1.78,0.000,72.0,311.7,0.655,9.8,21.5,34.2,47.7,56.3,61.0,63.6,66.1,67.9,69.9,72.0,74.3,77.7,82.0,91.7,142.3,23.9,15.5,7.2
2218,45.406,0.000,2318.5,250.8,1.2,5,17077,0.705,0.000,0.001,-0.142,0.010,71.2,-13.8,0,1.78,0.000,71.2,309.8,0.705,9.8,21.7,34.4,47.2,55.6,60.2,62.8,65.2,67.1,69.0,71.2,73.4,76.8,81.1,90.8,140.8,23.6,15.4,7.2
2219,45.426,0.000,2319.9,250.8,1.1,5,17130,0.755,0.000,0.005,-0.143,0.011,69.9,-13.2,0,1.79,0.000,69.9,308.1,0.755,9.8,21.8,34.3,46.5,54.7,59.1,61.6,64.0,65.9,67.8,69.9,72.1,75.5,79.8,89.2,139.5,23.5,15.3,7.2
2220,45.446,0.000,2321.3,250.9,0.8,5,17178,0.805,0.000,0.003,-0.145,0.011,68.4,-12.7,0,1.81,0.000,68.4,306.5,0.805,9.8,21.8,34.0,45.6,53.5,57.8,60.3,62.7,64.5,66.4,68.4,70.6,73.9,78.0,87.3,138.3,23.5,15.3,7.2
2221,45.466,0.000,2322.7,251.0,0.5,5,17225,0.855,0.000,-0.001,-0.147,0.010,66.8,-12.2,0,1.84,0.000,66.8,305.0,0.855,9.8,21.8,33.6,44.6,52.3,56.5,58.9,61.2,63.0,64.8,66.8,68.9,72.1,76.2,85.2,137.1,23.5,15.3,7.2
2222,45.486,0.000,2324.1,251.2,0.3,5,17266,0.905,0.000,-0.004,-0.149,0.010,65.3,-12.0,0,1.87,0.000,65.3,303.5,0.905,9.8,21.8,33.1,43.7,51.1,55.2,57.6,59.8,61.5,63.3,65.3,67.3,70.5,74.4,83.2,135.9,23.5,15.3,7.2
2223,45.506,0.000,2325.5,251.4,0.1,5,17312,0.955,0.000,0.015,-0.151,0.010,63.8,-11.4,0,1.34,0.000,63.8,264.2,0.955,9.9,21.8,32.7,42.8,50.0,54.0,56.3,58.5,60.1,61.9,63.8,65.8,68.9,72.7,81.3,107.2,23.4,15.2,7.1
2224,45.526,0.000,2326.9,251.7,0.1,5,17362,1.000,0.000,0.013,-0.153,0.009,62.2,-10.6,0,1.32,0.000,62.2,259.5,1.000,9.9,21.8,32.2,41.8,48.8,52.7,54.9,57.0,58.7,60.4,62.2,64.2,67.2,70.9,79.3,104.0,23.4,15.2,7.1
2225,45.546,0.000,2328.3,252.0,-0.1,5,17411,1.000,0.000,0.007,-0.155,0.008,60.5,-9.9,0,1.31,0.000,60.5,254.6,1.000,9.9,21.8,31.6,40.8,47.5,51.2,53.4,55.5,57.0,58.7,60.5,62.4,65.3,68.9,77.0,100.8,23.6,15.2,7.1
2226,45.566,0.000,2329.7,252.4,-0.3,5,17438,0.000,0.000,0.001,-0.157,0.006,58.8,-9.9,0,1.30,0.000,58.8,249.7,1.000,9.9,21.7,30.9,39.7,46.2,49.8,51.9,53.9,55.5,57.1,58.8,60.6,63.4,66.9,74.7,97.6,24.1,15.3,7.1
2227,45.586,0.000,2331.1,252.0,-0.3,5,17002,0.000,0.000,-0.002,-0.158,0.006,57.2,-20.6,0,1.29,0.000,57.2,245.3,1.000,9.9,21.6,30.3,38.8,45.0,48.5,50.6,52.5,54.0,55.5,57.2,59.0,61.7,65.1,72.6,94.8,24.9,15.3,7.1
2228,45.606,0.000,2332.5,251.4,-0.3,5,16821,0.000,0.504,-0.004,-0.160,0.005,55.7,-20.7,0,1.31,0.000,55.7,241.3,0.000,9.9,21.5,29.7,37.8,43.9,47.3,49.2,51.1,52.6,54.1,55.7,57.5,60.1,63.4,70.7,92.3,26.4,15.2,7.1
2229,45.626,0.000,2333.8,249.9,-0.3,5,16412,0.000,0.619,-0.005,-0.162,0.006,54.3,-8.6,0,1.36,0.000,54.3,237.5,0.000,9.9,21.3,29.2,36.9,42.8,46.1,48.0,49.8,51.2,52.7,54.3,56.0,58.5,61.8,68.9,90.0,30.1,15.2,7.1
2230,45.646,0.000,2335.2,247.6,-0.2,5,16192,0.198,0.000,-0.199,-0.163,0.006,52.9,-7.1,0,3.79,-0.372,52.9,257.6,0.198,9.9,21.1,28.6,36.1,41.7,44.9,46.8,48.6,49.9,51.4,52.9,54.6,57.1,60.2,67.2,87.8,115.7,15.2,7.1
2231,45.666,0.000,2336.6,246.3,-0.3,5,16264,0.248,0.000,-0.208,-0.165,0.011,52.5,-16.2,0,3.77,-0.428,52.5,254.1,0.248,10.0,21.1,28.4,35.7,41.2,44.4,46.3,48.1,49.5,51.0,52.5,54.2,56.7,59.9,67.1,88.3,113.8,14.9,7.0
2232,45.686,0.000,2338.0,245.8,1.3,5,16340,0.298,0.000,-0.167,-0.169,0.027,54.1,-17.0,0,3.60,-0.490,54.1,247.6,0.298,10.2,21.6,28.9,36.3,41.9,45.3,47.3,49.3,50.8,52.4,54.1,55.9,58.7,62.3,70.3,96.3,109.9,14.3,6.9
2233,45.706,0.000,2339.3,245.3,3.6,5,16398,0.348,0.000,-0.056,-0.174,0.046,56.7,-16.6,0,1.92,-0.549,56.7,280.8,0.348,10.5,22.2,29.6,37.2,43.1,46.9,49.1,51.3,53.0,54.8,56.7,58.8,62.0,66.1,75.5,118.8,26.5,13.6,6.7
2234,45.726,0.000,2340.7,244.9,5.6,5,16447,0.398,0.000,0.055,-0.182,0.062,59.1,-16.2,0,1.76,-0.482,59.1,276.8,0.398,10.7,22.6,30.1,37.9,44.2,48.2,50.7,53.1,54.9,56.9,59.1,61.4,65.0,69.7,80.6,115.9,23.7,13.0,6.6
2235,45.746,0.000,2342.1,244.6,6.3,5,16493,0.448,0.000,0.118,-0.191,0.069,59.4,-15.7,0,1.74,-0.421,59.4,274.0,0.448,10.9,22.5,29.9,37.6,44.0,48.1,50.7,53.1,55.1,57.1,59.4,61.8,65.6,70.5,82.0,114.0,24.3,12.8,6.4
2236,45.766,0.000,2343.4,244.4,4.9,5,16536,0.498,0.000,0.070,-0.201,0.064,56.6,-15.4,0,3.32,-0.365,56.6,273.1,0.498,10.9,21.9,28.9,36.2,42.2,46.1,48.5,50.8,52.6,54.5,56.6,58.9,62.4,66.9,77.6,113.4,97.8,13.2,6.4
2237,45.786,0.000,2344.8,244.3,2.2,5,16578,0.548,0.000,0.037,-0.211,0.054,52.7,-15.5,0,3.67,-0.315,52.7,272.9,0.548,10.8,21.0,27.5,34.3,39.8,43.3,45.5,47.5,49.2,50.9,52.7,54.7,57.8,61.8,71.1,113.2,100.2,14.0,6.4
2238,45.806,0.000,2346.1,244.2,0.1,5,16618,0.598,0.000,0.012,-0.222,0.045,49.5,-14.9,0,3.96,-0.270,49.5,272.4,0.598,10.7,20.2,26.3,32.6,37.7,40.9,42.9,44.7,46.2,47.8,49.5,51.3,54.0,57.6,65.8,112.8,101.4,15.0,6.3
2239,45.826,0.000,2347.5,244.1,-0.9,5,16664,0.000,0.626,0.004,-0.232,0.040,47.0,-14.2,0,4.19,-0.230,47.0,231.6,0.000,10.6,19.6,25.3,31.2,36.0,39.0,40.9,42.7,44.0,45.5,47.0,48.7,51.3,54.6,62.1,112.1,101.6,16.2,6.3
2240,45.846,0.000,2348.8,242.6,-1.2,5,15891,0.000,0.575,-0.071,-0.242,0.037,45.2,-7.0,0,3.99,-0.375,45.2,231.1,0.000,10.5,19.1,24.5,30.1,34.7,37.6,39.4,41.0,42.3,43.7,45.2,46.8,49.3,52.4,59.5,82.0,101.1,17.5,6.3
2241,45.866,0.000,2350.2,240.2,-1.2,5,15718,0.000,0.563,-0.147,-0.251,0.034,44.2,-11.7,0,4.06,-0.484,44.2,228.9,0.000,10.4,18.7,23.9,29.4,33.9,36.7,38.4,40.1,41.4,42.8,44.2,45.8,48.2,51.3,58.4,80.8,99.9,18.8,6.4
2242,45.886,0.000,2351.5,237.9,-0.2,5,15603,0.000,0.740,-0.241,-0.258,0.023,44.8,-10.4,0,4.27,-0.543,44.8,223.0,0.000,10.4,18.6,23.8,29.3,33.9,36.9,38.7,40.5,41.8,43.3,44.8,46.5,49.1,52.4,60.1,107.6,97.3,19.2,6.4
2243,45.906,0.000,2352.9,235.1,1.4,5,15428,0.187,0.000,-0.241,-0.262,0.021,47.3,-1.5,0,3.90,-0.536,47.3,260.5,0.187,10.4,18.8,24.2,29.9,35.0,38.3,40.3,42.3,43.8,45.5,47.3,49.2,52.2,56.2,65.4,104.7,92.9,18.4,6.3
2244,45.926,0.000,2354.2,233.7,3.6,5,15472,0.237,0.000,-0.111,-0.264,0.027,51.8,-15.6,0,3.34,-0.368,51.8,255.0,0.237,10.5,19.2,24.9,31.2,37.1,40.9,43.3,45.7,47.6,49.6,51.8,54.2,58.0,63.1,75.5,101.1,86.4,17.1,6.3
2245,45.946,0.000,2355.5,233.1,6.2,5,15518,0.287,0.000,0.089,-0.265,0.034,57.7,-16.5,0,2.68,-0.052,57.7,257.3,0.287,10.6,19.7,25.7,32.8,39.6,44.2,47.1,50.0,52.4,54.9,57.7,60.9,65.9,72.7,102.6,97.1,71.9,16.1,6.2
2246,45.966,0.000,2356.9,232.6,7.4,5,15561,0.337,0.000,0.117,-0.266,0.028,60.6,-16.3,0,2.25,-0.031,60.6,253.9,0.337,10.6,19.7,25.8,33.3,40.5,45.5,48.7,52.0,54.5,57.4,60.6,64.1,69.9,102.5,100.3,94.5,57.9,16.1,6.2
2247,45.986,0.000,2358.2,232.3,5.6,5,15608,0.387,0.000,0.018,-0.264,0.008,57.2,-16.0,0,2.69,-0.018,57.2,252.7,0.387,10.4,19.0,24.8,31.9,38.7,43.3,46.3,49.3,51.7,54.3,57.2,60.5,65.7,73.0,99.6,94.1,71.1,17.7,6.4
2248,46.006,0.000,2359.5,232.2,2.6,5,15658,0.437,0.000,-0.103,-0.259,-0.017,52.7,-15.5,0,3.16,-0.005,58.5,252.1,0.437,10.2,18.2,23.6,30.1,36.3,40.5,43.1,45.8,47.9,50.2,52.7,55.6,60.1,66.2,99.2,94.2,78.4,20.2,6.6
2249,46.026,0.000,2360.8,231.9,0.6,5,15714,0.487,0.000,-0.149,-0.252,-0.036,50.0,-14.4,0,3.39,0.094,64.0,250.7,0.487,10.0,17.6,22.7,28.9,34.7,38.6,41.1,43.6,45.5,47.7,50.0,52.6,56.8,62.4,98.3,93.6,79.5,22.4,6.8
2250,46.046,0.000,2362.1,231.8,0.2,5,15776,0.537,0.000,-0.033,-0.243,-0.047,49.3,-13.3,0,3.44,0.430,78.3,248.6,0.537,9.8,17.2,22.2,28.3,34.0,37.9,40.4,42.8,44.8,46.9,49.3,51.9,56.0,61.7,96.9,92.2,78.6,23.7,7.0
2251,46.066,0.000,2363.4,231.7,0.9,5,15844,0.587,0.000,-0.053,-0.231,-0.056,49.2,-12.6,0,3.41,0.470,49.2,244.7,0.587,9.7,16.9,21.8,27.9,33.7,37.7,40.2,42.7,44.6,46.8,49.2,51.9,56.2,62.1,95.3,90.6,77.0,24.5,7.1
2252,46.086,0.000,2364.7,231.6,1.3,5,15916,0.637,0.000,-0.098,-0.217,-0.065,48.9,-11.9,0,3.41,0.470,48.9,233.0,0.637,9.5,16.5,21.4,27.5,33.3,37.2,39.7,42.3,44.3,46.5,48.9,51.7,56.1,62.1,93.9,89.2,75.7,25.4,7.3
2253,46.106,0.000,2366.0,231.6,1.5,5,15994,0.000,0.000,-0.138,-0.201,-0.072,48.8,-10.1,0,3.40,0.470,48.8,230.4,0.637,9.3,16.2,21.0,27.1,32.9,36.9,39.4,42.0,44.1,46.3,48.8,51.6,56.1,62.4,92.3,87.6,74.3,26.1,7.6
2254,46.126,0.000,2367.3,231.3,2.1,5,15800,0.000,0.000,-0.170,-0.183,-0.078,49.3,-18.6,0,3.33,0.470,49.3,227.6,0.637,9.2,15.9,20.7,26.9,32.8,36.9,39.5,42.2,44.3,46.6,49.3,52.2,57.0,63.7,90.7,85.9,72.5,26.5,7.8
2255,46.146,0.000,2368.6,230.7,2.6,5,15635,0.000,0.000,-0.193,-0.164,-0.082,50.1,-19.7,0,3.17,0.470,50.1,224.6,0.637,9.0,15.6,20.5,26.7,32.8,37.0,39.8,42.5,44.8,47.3,50.1,53.2,58.3,90.9,89.0,84.1,70.6,26.7,8.0
2256,46.166,0.000,2369.9,230.1,3.5,5,15497,0.000,0.438,-0.203,-0.143,-0.084,51.9,-20.3,0,3.01,0.470,51.9,221.3,0.000,8.8,15.5,20.4,26.8,33.2,37.7,40.6,43.6,46.1,48.8,51.9,55.4,61.1,89.0,87.0,82.1,68.0,26.5,8.2
2257,46.186,0.000,2371.2,229.2,5.2,5,14857,0.000,0.000,-0.202,-0.121,-0.084,54.6,-2.3,0,2.72,0.470,54.6,223.0,0.000,8.7,15.3,20.4,27.1,33.9,38.8,42.0,45.3,48.1,51.1,54.6,58.6,88.0,87.0,85.0,79.9,64.8,26.1,8.4
2258,46.206,0.000,2372.4,228.1,6.2,5,15050,0.000,0.415,-0.207,-0.098,-0.084,57.2,-5.1,0,2.46,0.470,57.2,219.8,0.000,8.5,15.2,20.4,27.3,34.4,39.7,43.2,46.8,49.8,53.3,57.2,87.0,86.2,85.2,83.1,77.8,62.1,26.0,8.6
2259,46.226,0.000,2373.7,227.1,7.5,5,14594,0.000,0.409,-0.206,-0.074,-0.084,85.7,2.3,0,2.17,0.470,85.7,218.9,0.000,8.3,15.1,20.4,27.6,35.2,41.0,44.8,48.9,52.3,56.2,85.7,85.1,84.3,83.2,81.1,75.7,58.7,25.6,8.8
2260,46.246,0.000,2374.9,226.2,9.4,5,14320,0.000,0.483,-0.223,-0.048,-0.083,84.4,21.9,0,1.89,0.438,84.4,216.6,0.000,8.1,14.9,20.4,28.0,36.2,42.5,46.8,51.4,55.3,84.4,83.8,83.2,82.3,81.3,79.1,73.5,54.9,25.4,9.0
2261,46.266,0.000,2376.2,224.9,10.2,5,14237,0.000,0.257,-0.265,-0.022,-0.085,83.3,47.0,0,1.71,0.393,83.3,214.6,0.000,7.9,14.7,20.2,27.9,36.4,43.0,47.6,52.5,83.3,82.8,82.2,81.6,80.7,79.6,77.4,71.9,53.5,25.5,9.2
2262,46.286,0.000,2377.4,224.0,11.1,5,13893,0.000,0.304,-0.317,0.006,-0.088,81.8,44.3,0,1.69,0.348,81.8,211.8,0.000,7.7,14.4,19.9,27.8,36.5,43.3,48.2,53.4,81.8,81.2,80.6,80.0,79.2,78.1,75.9,70.4,52.6,25.7,9.5
2263,46.306,0.000,2378.7,223.5,12.4,5,13425,0.000,0.364,-0.347,0.036,-0.088,80.2,51.1,0,1.51,0.311,80.2,208.9,0.000,7.5,14.2,19.7,27.7,36.7,44.0,49.1,80.7,80.2,79.6,79.1,78.5,77.6,76.5,74.3,68.8,51.4,25.8,9.7
2264,46.326,0.000,2379.9,221.9,13.1,4,14829,0.000,0.397,-0.345,0.065,-0.082,78.6,64.1,0,1.49,0.289,78.6,206.0,0.000,7.4,13.9,19.5,27.6,37.0,44.7,50.2,79.2,78.6,78.1,77.5,76.9,76.0,74.9,72.7,67.2,50.4,25.9,9.9
2265,46.346,0.000,2381.1,220.4,14.1,4,14771,0.000,0.377,-0.330,0.094,-0.075,77.0,59.9,0,1.28,0.265,77.0,205.3,0.000,7.2,13.8,19.4,27.8,37.7,46.0,78.2,77.5,77.0,76.4,75.8,75.2,74.3,73.2,71.0,65.5,48.9,25.8,10.1
2266,46.366,0.000,2382.3,218.2,15.0,4,14987,0.000,0.405,-0.311,0.122,-0.065,75.2,57.7,0,1.22,0.241,75.2,202.0,0.000,7.0,13.6,19.4,28.3,39.1,48.4,76.5,75.8,75.2,74.6,74.0,73.4,72.5,71.4,69.1,63.6,46.9,25.6,10.2
2267,46.386,0.000,2383.5,215.6,15.5,4,15106,0.000,0.386,-0.318,0.148,-0.056,73.4,50.7,0,0.97,0.000,73.4,200.2,0.000,6.9,13.5,19.5,28.9,40.8,75.6,74.8,74.0,73.4,72.9,72.3,71.6,70.7,69.6,67.3,61.7,45.0,25.3,10.3
2268,46.406,0.000,2384.7,213.0,15.4,4,15168,0.000,0.812,-0.272,0.173,-0.046,71.7,38.7,0,0.92,0.000,71.7,196.8,0.000,6.7,13.5,19.6,29.6,42.9,73.9,73.0,72.3,71.7,71.1,70.5,69.8,68.9,67.7,65.4,59.8,43.3,25.0,10.4
2269,46.426,0.000,2385.9,210.4,15.1,4,14779,0.000,0.424,-0.228,0.195,-0.037,69.9,44.8,0,0.86,0.000,69.9,193.4,0.000,6.6,13.4,19.8,30.5,45.4,72.2,71.3,70.5,69.9,69.3,68.7,68.1,67.1,66.0,63.6,58.0,41.7,24.7,10.5
2270,46.446,0.000,2387.0,207.7,14.2,4,14913,0.000,0.722,-0.185,0.215,-0.030,68.4,35.1,0,0.58,0.000,68.4,193.3,0.000,6.5,13.3,19.9,31.1,72.1,70.6,69.7,69.0,68.4,67.8,67.1,66.5,65.5,64.4,62.0,56.5,40.8,24.5,10.6
2271,46.466,0.000,2388.2,205.2,13.0,4,14545,0.000,0.000,-0.163,0.233,-0.025,66.9,35.5,0,0.58,0.000,66.9,199.5,0.000,6.4,13.2,19.8,31.5,70.7,69.2,68.3,67.5,66.9,66.3,65.7,65.1,64.1,63.0,60.7,55.2,40.3,24.5,10.7
2272,46.486,0.000,2389.3,203.3,11.7,4,14905,0.000,0.000,-0.147,0.248,-0.021,65.6,11.0,0,0.59,0.000,65.6,198.0,0.000,6.2,13.1,19.7,31.6,69.3,67.8,67.0,66.2,65.6,65.0,64.4,63.8,62.8,61.7,59.4,54.1,40.0,24.5,10.8
2273,46.506,0.000,2390.4,202.1,10.2,4,14886,0.000,0.364,-0.129,0.262,-0.017,64.3,-6.9,0,0.59,0.000,64.3,194.8,0.000,6.2,13.0,19.7,31.9,68.0,66.5,65.6,64.8,64.3,63.7,63.1,62.4,61.5,60.4,58.2,53.0,39.6,24.5,10.9
2274,46.526,0.000,2391.5,201.0,9.2,4,14543,0.000,0.643,-0.105,0.274,-0.012,62.8,-3.1,0,0.58,0.000,62.8,188.1,0.000,6.1,12.9,19.9,32.6,66.5,65.0,64.2,63.4,62.8,62.2,61.6,61.0,60.1,59.0,56.8,51.7,38.9,24.3,10.9
2275,46.546,0.000,2392.7,199.3,8.8,4,14170,0.000,1.000,-0.078,0.284,-0.006,61.4,11.4,0,0.56,0.000,61.4,179.1,0.000,6.0,13.0,20.1,33.6,65.1,63.6,62.8,62.0,61.4,60.8,60.2,59.6,58.7,57.6,55.4,50.4,38.1,24.1,11.0
2276,46.566,0.000,2393.8,197.3,8.3,3,17248,0.000,0.500,-0.063,0.292,-0.003,60.1,45.3,0,0.56,0.000,60.1,175.7,0.000,6.0,12.9,20.1,34.0,63.8,62.3,61.5,60.7,60.1,59.5,58.9,58.3,57.4,56.4,54.2,49.3,37.8,24.0,11.0
2277,46.586,0.000,2394.8,195.3,7.4,3,17174,0.000,0.500,-0.066,0.300,-0.003,59.1,54.4,0,0.59,0.000,59.1,172.6,0.000,5.9,12.8,19.9,33.6,62.7,61.2,60.4,59.6,59.1,58.5,57.9,57.3,56.4,55.4,53.3,48.6,38.0,24.2,11.1
2278,46.606,0.000,2395.9,193.4,6.1,3,16986,0.000,0.500,-0.080,0.307,-0.006,58.2,49.9,0,0.64,0.000,58.2,170.0,0.000,5.8,12.6,19.5,32.6,61.7,60.3,59.5,58.7,58.2,57.6,57.1,56.5,55.6,54.6,52.6,48.1,38.4,24.5,11.2
2279,46.626,0.000,2397.0,191.4,4.7,3,16756,0.000,0.500,-0.100,0.313,-0.009,57.4,47.8,0,0.70,0.000,57.4,167.4,0.000,5.8,12.3,19.0,31.5,60.8,59.4,58.6,57.9,57.4,56.8,56.3,55.7,54.9,53.9,52.0,47.7,38.6,24.9,11.2
2280,46.646,0.000,2398.0,189.3,3.4,3,16615,0.000,0.500,-0.118,0.319,-0.012,56.5,44.1,0,0.75,0.000,56.5,164.8,0.000,5.7,12.1,18.6,30.4,59.9,58.5,57.7,57.0,56.5,56.0,55.5,54.9,54.1,53.2,51.3,47.2,38.8,25.2,11.3
2281,46.666,0.000,2399.1,187.1,2.4,3,16374,0.000,0.500,-0.130,0.324,-0.015,55.6,35.7,0,0.79,0.000,55.6,162.1,0.000,5.7,12.0,18.3,29.8,58.9,57.5,56.8,56.1,55.6,55.1,54.6,54.0,53.3,52.4,50.6,46.6,38.6,25.5,11.4
2282,46.686,0.000,2400.1,185.0,1.9,3,16170,0.000,1.000,-0.130,0.328,-0.014,54.6,29.9,0,0.81,0.000,54.6,159.2,0.000,5.6,11.9,18.2,29.6,57.8,56.5,55.7,55.1,54.6,54.1,53.6,53.0,52.3,51.4,49.6,45.8,38.2,25.6,11.4
2283,46.706,0.000,2401.1,182.7,1.8,3,15472,0.000,0.500,-0.122,0.332,-0.013,53.4,49.8,0,0.81,0.000,53.4,156.2,0.000,5.6,11.9,18.2,29.8,56.6,55.3,54.6,53.9,53.4,53.0,52.4,51.9,51.2,50.3,48.6,44.9,37.6,25.5,11.5
2284,46.726,0.000,2402.2,180.3,1.8,3,15654,0.000,0.500,-0.110,0.336,-0.010,52.3,48.6,0,0.80,0.000,52.3,155.7,0.000,5.6,11.9,18.3,30.4,55.4,54.2,53.4,52.8,52.3,51.8,51.3,50.8,50.1,49.2,47.6,43.9,36.9,25.4,11.5
2285,46.746,0.000,2403.1,178.0,1.9,3,15475,0.000,0.500,-0.078,0.339,-0.007,51.1,39.3,0,0.30,0.000,51.1,158.0,0.000,5.6,11.9,18.5,56.6,54.3,53.0,52.3,51.6,51.1,50.7,50.2,49.7,49.0,48.1,46.5,42.9,36.2,25.2,11.4
2286,46.766,0.000,2404.1,175.9,2.1,3,15337,0.000,0.500,-0.063,0.342,-0.004,50.0,35.0,0,0.30,0.000,50.0,154.8,0.000,5.6,12.0,18.7,55.4,53.1,51.8,51.1,50.4,50.0,49.5,49.0,48.5,47.8,47.0,45.4,41.9,35.5,25.0,11.4
2287,46.786,0.000,2405.1,173.8,2.2,3,15216,0.000,1.000,-0.049,0.344,-0.001,48.9,32.1,0,0.31,0.000,48.9,153.6,0.000,5.6,12.1,18.9,54.2,51.9,50.6,49.9,49.3,48.9,48.4,47.9,47.4,46.7,45.9,44.4,41.0,34.8,24.8,11.4
2288,46.806,0.000,2406.1,171.6,2.2,3,14533,0.000,0.447,-0.038,0.346,0.002,47.8,52.1,0,0.31,0.000,47.9,153.7,0.000,5.6,12.1,19.0,53.1,50.8,49.5,48.9,48.2,47.8,47.3,46.9,46.4,45.7,44.9,43.4,40.1,34.1,24.7,11.4
2289,46.826,0.000,2407.0,169.4,2.2,3,14582,0.000,0.484,-0.031,0.348,0.003,46.8,45.9,0,0.32,0.000,46.9,150.0,0.000,5.6,12.1,19.1,52.0,49.7,48.5,47.8,47.2,46.8,46.3,45.8,45.4,44.7,43.9,42.4,39.3,33.5,24.6,11.4
2290,46.846,0.000,2407.9,167.4,2.1,3,14530,0.000,0.500,-0.026,0.349,0.004,45.8,44.6,0,0.33,0.000,46.0,146.7,0.000,5.5,12.1,19.2,50.9,48.7,47.5,46.8,46.2,45.8,45.3,44.9,44.4,43.8,43.0,41.5,38.5,32.9,24.6,11.4
2291,46.866,0.000,2408.9,165.4,1.9,3,14439,0.000,0.498,-0.025,0.350,0.005,44.8,43.8,0,0.35,0.000,45.1,145.5,0.000,5.5,12.1,19.2,49.9,47.7,46.5,45.8,45.3,44.8,44.4,43.9,43.5,42.9,42.1,40.7,37.7,32.4,24.5,11.4
2292,46.886,0.000,2409.8,163.4,1.6,3,14325,0.000,0.442,-0.025,0.351,0.005,43.9,41.3,0,0.36,0.000,44.1,145.7,0.000,5.5,12.1,19.1,48.9,46.7,45.6,44.9,44.3,43.9,43.5,43.1,42.6,42.0,41.3,39.9,37.0,31.9,24.4,11.4
2293,46.906,0.000,2410.7,161.5,1.4,3,14114,0.000,0.464,-0.026,0.352,0.005,43.0,31.6,0,0.38,0.000,43.2,142.9,0.000,5.5,12.1,19.1,48.0,45.8,44.6,44.0,43.4,43.0,42.6,42.2,41.8,41.1,40.4,39.1,36.3,31.4,24.3,11.4
2294,46.926,0.000,2411.6,159.7,1.2,3,13962,0.000,0.986,-0.027,0.353,0.005,42.1,28.7,0,0.39,0.000,42.3,139.9,0.000,5.5,12.1,19.1,47.0,44.8,43.7,43.1,42.5,42.1,41.7,41.3,40.9,40.3,39.6,38.3,35.6,30.9,24.2,11.4
2295,46.946,0.000,2412.4,157.7,1.0,3,13252,0.000,0.473,-0.027,0.353,0.005,41.2,51.3,0,0.40,0.000,41.5,138.8,0.000,5.5,12.1,19.1,46.0,43.9,42.8,42.2,41.6,41.2,40.8,40.4,40.0,39.4,38.8,37.5,34.9,30.3,24.0,11.4
2296,46.966,0.000,2413.3,155.5,0.9,3,13454,0.000,0.416,-0.027,0.353,0.005,40.4,53.6,0,0.41,0.000,40.6,138.9,0.000,5.5,12.1,19.2,45.1,43.0,41.9,41.3,40.7,40.4,40.0,39.6,39.2,38.6,38.0,36.7,34.2,29.8,23.7,11.4
2297,46.986,0.000,2414.2,153.6,0.8,3,13385,0.000,0.408,-0.026,0.353,0.005,39.5,44.8,0,0.40,0.000,39.7,137.2,0.000,5.5,12.1,19.6,44.1,42.1,41.0,40.4,39.9,39.5,39.1,38.7,38.3,37.8,37.2,35.9,33.5,29.3,23.5,11.4
2298,47.006,0.000,2415.0,151.8,0.7,3,13279,0.000,0.413,0.009,0.353,0.005,38.6,36.8,0,-0.54,0.000,38.9,135.2,0.000,5.5,12.1,46.3,43.2,41.2,40.1,39.5,39.0,38.6,38.3,37.9,37.5,37.0,36.3,35.2,32.8,28.7,23.2,11.4
2299,47.026,0.000,2415.9,150.0,0.7,3,13187,0.000,0.412,0.009,0.353,0.005,37.8,32.0,0,-0.53,0.000,38.0,133.5,0.000,5.5,12.1,45.3,42.3,40.3,39.2,38.6,38.1,37.8,37.4,37.0,36.7,36.1,35.5,34.4,32.1,28.2,22.9,11.4
2300,47.046,0.000,2416.7,148.3,0.6,3,13079,0.000,0.795,0.009,0.353,0.005,36.9,26.5,0,-0.52,0.000,37.2,132.3,0.000,5.5,12.1,44.4,41.4,39.4,38.4,37.8,37.3,36.9,36.6,36.2,35.9,35.4,34.8,33.7,31.4,27.6,22.6,11.4
2301,47.066,0.000,2417.5,146.4,0.5,3,12550,0.000,0.352,0.007,0.353,0.005,36.1,38.2,0,-0.51,0.000,36.3,132.3,0.000,5.5,12.1,43.5,40.5,38.5,37.5,37.0,36.5,36.1,35.8,35.4,35.1,34.6,34.0,32.9,30.7,27.1,22.3,11.4
2302,47.086,0.000,2418.3,144.5,0.4,3,12593,0.000,0.373,0.005,0.352,0.005,35.3,28.2,0,-0.50,0.000,35.5,129.6,0.000,5.5,12.1,42.6,39.6,37.7,36.7,36.2,35.7,35.3,35.0,34.7,34.3,33.8,33.3,32.2,30.1,26.6,22.0,11.4
2303,47.106,0.000,2419.1,142.8,0.3,3,12557,0.000,0.788,0.003,0.352,0.004,34.5,23.1,0,-0.48,0.000,34.7,127.1,0.000,5.5,12.1,41.7,38.7,36.8,35.9,35.3,34.9,34.5,34.2,33.9,33.5,33.1,32.5,31.5,29.4,26.1,21.7,11.4
2304,47.126,0.000,2419.9,141.1,0.2,3,12037,0.000,0.382,0.002,0.352,0.004,33.8,37.4,0,-0.47,0.000,33.9,125.8,0.000,5.5,12.1,40.8,37.9,36.0,35.1,34.5,34.1,33.8,33.4,33.1,32.8,32.3,31.8,30.8,28.8,25.5,21.3,11.4
2305,47.146,0.000,2420.7,139.2,0.2,3,12209,0.000,0.346,0.001,0.351,0.004,33.0,35.1,0,-0.46,0.000,33.1,125.4,0.000,5.5,12.2,39.9,37.0,35.2,34.3,33.7,33.3,33.0,32.7,32.3,32.0,31.6,31.1,30.1,28.2,25.0,21.0,11.4
2306,47.166,0.000,2421.4,137.5,0.2,3,12132,0.000,0.657,0.000,0.351,0.004,32.2,24.2,0,-0.46,0.000,32.4,124.4,0.000,5.5,12.4,39.0,36.2,34.4,33.5,33.0,32.5,32.2,31.9,31.6,31.3,30.8,30.3,29.4,27.5,24.5,20.6,11.4
2307,47.186,0.000,2422.2,135.8,0.2,3,11631,0.000,0.348,0.001,0.351,0.004,31.4,26.8,0,-0.46,0.000,31.6,121.9,0.000,5.5,12.7,38.1,35.3,33.6,32.7,32.2,31.7,31.4,31.1,30.8,30.5,30.1,29.6,28.7,26.9,24.0,20.2,11.4
2308,47.206,0.000,2422.9,134.1,0.1,2,14650,0.000,0.725,0.002,0.350,0.004,30.7,26.2,0,-0.47,0.000,30.8,119.6,0.000,5.5,13.4,37.3,34.5,32.8,31.9,31.4,31.0,30.7,30.4,30.1,29.8,29.4,28.9,28.0,26.3,23.4,19.9,11.4
2309,47.226,0.000,2423.7,132.5,0.1,2,14593,0.000,0.355,0.005,0.350,0.004,29.9,40.1,0,-0.55,0.000,30.1,118.3,0.000,5.5,15.7,36.4,33.7,32.0,31.1,30.6,30.2,29.9,29.6,29.4,29.1,28.7,28.2,27.3,25.6,22.9,19.5,11.4
2310,47.246,0.000,2424.4,130.9,0.1,2,14542,0.000,0.329,0.205,0.349,0.004,29.2,34.0,0,-2.15,0.920,29.3,117.7,0.000,5.5,39.1,35.6,32.9,31.2,30.3,29.9,29.5,29.2,28.9,28.6,28.3,28.0,27.5,26.7,25.0,22.4,19.1,11.4
2311,47.266,0.000,2425.2,129.3,0.2,2,14290,0.000,0.620,0.378,0.349,0.003,28.5,22.0,0,-2.14,0.920,28.6,116.9,0.000,5.5,38.3,34.8,32.1,30.4,29.6,29.2,28.8,28.5,28.2,27.9,27.7,27.3,26.8,26.0,24.4,21.9,18.7,11.3
2312,47.286,0.000,2425.9,127.7,0.2,2,13601,0.000,0.320,0.376,0.349,-0.001,27.9,25.9,0,-2.13,0.920,27.9,114.8,0.000,5.5,37.5,34.1,31.4,29.8,29.0,28.6,28.2,27.9,27.6,27.4,27.1,26.7,26.3,25.5,24.0,21.5,18.5,11.3
2313,47.306,0.000,2426.6,126.1,-0.2,2,13683,0.000,0.325,0.359,0.350,-0.008,27.4,24.1,0,-2.11,0.920,27.4,113.0,0.000,5.5,36.9,33.5,30.9,29.3,28.5,28.0,27.7,27.4,27.1,26.9,26.6,26.3,25.8,25.1,23.6,21.2,18.2,11.3
2314,47.326,0.000,2427.3,124.5,-0.7,2,13648,0.000,0.619,0.333,0.350,-0.017,27.0,21.4,0,-2.08,0.920,27.0,112.1,0.000,5.4,36.3,32.9,30.3,28.8,28.0,27.6,27.2,27.0,26.7,26.5,26.2,25.8,25.4,24.7,23.2,20.9,18.0,11.3
2315,47.346,0.000,2427.9,122.9,-1.2,2,13157,0.000,0.275,0.303,0.352,-0.026,26.5,30.3,0,-2.06,0.920,26.5,111.8,0.000,5.4,35.7,32.4,29.9,28.3,27.6,27.2,26.8,26.5,26.3,26.0,25.8,25.4,25.1,24.3,22.9,20.6,17.9,11.3
2316,47.366,0.000,2428.6,121.1,-1.8,2,13328,0.000,0.457,0.273,0.354,-0.036,26.1,22.9,0,-2.03,0.920,26.1,112.0,0.000,5.3,35.2,31.9,29.4,27.9,27.1,26.7,26.4,26.1,25.9,25.6,25.4,25.1,24.7,24.0,22.6,20.4,17.7,11.3
2317,47.386,0.000,2429.3,119.6,-2.3,2,12837,0.000,0.458,0.240,0.357,-0.046,25.7,17.8,0,-2.02,0.920,25.7,110.4,0.000,5.3,34.7,31.4,28.9,27.4,26.7,26.3,26.0,25.7,25.5,25.3,25.0,24.7,24.3,23.6,22.2,20.1,17.5,11.2
2318,47.406,0.000,2429.9,118.1,-2.9,2,12550,0.000,0.248,0.203,0.360,-0.057,25.3,19.9,0,-2.00,0.920,25.3,108.2,0.000,5.3,34.1,30.9,28.5,27.0,26.3,25.9,25.6,25.3,25.1,24.9,24.6,24.3,23.9,23.3,21.9,19.8,17.3,11.2
2319,47.426,0.000,2430.6,116.8,-3.5,2,12683,0.000,0.291,0.172,0.363,-0.067,24.9,21.5,0,-1.99,0.920,24.9,105.2,0.000,5.3,33.6,30.4,28.0,26.6,25.9,25.5,25.2,24.9,24.7,24.5,24.2,23.9,23.6,22.9,21.6,19.6,17.0,11.1
2320,47.446,0.000,2431.3,115.7,-3.8,2,12640,0.000,0.318,0.175,0.367,-0.069,24.4,24.3,0,-1.98,0.920,24.4,102.9,0.000,5.4,33.0,29.8,27.5,26.1,25.4,25.0,24.7,24.4,24.2,24.0,23.8,23.5,23.1,22.5,21.2,19.2,16.8,11.1
2321,47.466,0.000,2431.9,114.4,-3.7,2,12548,0.000,0.311,0.270,0.370,-0.052,23.9,25.4,0,-1.98,0.920,23.9,102.0,0.000,5.4,32.4,29.2,26.9,25.5,24.8,24.5,24.1,23.9,23.7,23.5,23.3,23.0,22.6,22.0,20.7,18.8,16.5,10.9
2322,47.486,0.000,2432.6,113.1,-3.4,2,12421,0.000,0.282,0.368,0.372,-0.035,23.4,22.8,0,-1.99,0.920,23.4,101.8,0.000,5.5,31.7,28.6,26.3,24.9,24.2,23.9,23.6,23.4,23.1,22.9,22.7,22.4,22.1,21.5,20.3,18.4,16.1,10.8
2323,47.506,0.000,2433.3,112.4,-3.7,2,11654,0.000,0.396,0.456,0.371,-0.021,22.9,15.1,0,-1.99,0.920,22.9,96.5,0.000,5.7,31.1,28.0,25.7,24.4,23.7,23.4,23.1,22.9,22.7,22.5,22.2,22.0,21.6,21.0,19.8,18.0,15.8,10.7
2324,47.526,0.000,2434.0,111.8,-4.3,2,10949,0.000,0.431,0.522,0.369,-0.008,22.4,21.5,0,-2.00,0.920,22.4,94.5,0.000,5.8,30.6,27.5,25.2,23.9,23.3,22.9,22.6,22.4,22.2,22.0,21.8,21.5,21.2,20.6,19.5,17.7,15.6,10.6
2325,47.546,0.000,2434.6,110.6,-4.9,2,10834,0.000,0.422,0.574,0.365,0.004,22.0,36.8,0,-2.01,0.920,22.1,93.8,0.000,5.9,30.0,27.0,24.7,23.4,22.8,22.5,22.2,22.0,21.8,21.6,21.4,21.1,20.8,20.2,19.1,17.4,15.3,10.5
2326,47.566,0.000,2435.3,109.1,-5.2,2,10907,0.000,0.404,0.620,0.359,0.017,21.6,47.5,0,-2.03,0.920,21.9,93.0,0.000,6.1,29.5,26.4,24.3,23.0,22.4,22.0,21.8,21.6,21.4,21.2,21.0,20.7,20.4,19.8,18.7,17.0,15.0,10.3
2327,47.586,0.000,2435.9,107.4,-5.4,2,11045,0.000,0.304,0.659,0.352,0.030,21.1,52.0,0,-2.05,0.920,21.8,95.3,0.000,6.3,29.0,25.9,23.8,22.5,21.9,21.6,21.3,21.1,20.9,20.7,20.5,20.3,20.0,19.4,18.3,16.7,14.7,10.2
2328,47.606,0.000,2436.6,106.3,-5.8,2,10489,0.000,0.310,0.690,0.343,0.041,20.7,40.2,0,-2.08,0.920,21.6,93.9,0.000,6.6,28.5,25.5,23.3,22.1,21.5,21.2,20.9,20.7,20.5,20.3,20.1,19.9,19.6,19.0,18.0,16.4,14.5,10.0
2329,47.626,0.000,2437.2,105.2,-6.6,2,10030,0.000,0.324,0.710,0.333,0.049,20.4,35.0,0,-2.10,0.920,21.4,92.2,0.000,6.8,28.0,25.1,22.9,21.7,21.1,20.8,20.5,20.4,20.2,20.0,19.8,19.5,19.2,18.7,17.7,16.1,14.2,9.9
2330,47.646,0.000,2437.8,103.8,-7.4,2,10022,0.000,0.280,0.722,0.321,0.054,20.1,36.2,0,-2.14,0.920,20.1,92.6,0.000,7.1,27.7,24.7,22.6,21.4,20.8,20.5,20.2,20.1,19.9,19.7,19.5,19.2,19.0,18.4,17.4,15.9,14.0,9.8
2331,47.666,0.000,2438.4,102.1,-8.0,2,10274,0.000,0.212,0.736,0.309,0.059,19.8,36.9,0,-2.17,0.920,19.8,93.7,0.000,7.3,27.3,24.4,22.3,21.1,20.5,20.2,20.0,19.8,19.6,19.4,19.2,19.0,18.7,18.2,17.2,15.7,13.8,9.7
2332,47.686,0.000,2439.0,100.5,-8.3,2,10559,0.000,0.195,0.754,0.295,0.064,19.5,33.8,0,-2.22,0.920,19.5,92.7,0.000,7.6,27.0,24.1,22.0,20.8,20.3,20.0,19.7,19.5,19.3,19.1,19.0,18.7,18.4,17.9,16.9,15.4,13.6,9.6
2333,47.706,0.000,2439.6,99.1,-8.4,2,10611,0.000,0.156,0.765,0.281,0.069,19.2,28.4,0,-2.27,0.903,19.2,92.9,0.000,7.9,26.7,23.8,21.7,20.5,20.0,19.7,19.4,19.2,19.0,18.9,18.7,18.4,18.2,17.7,16.7,15.2,13.5,9.4
2334,47.726,0.000,2440.2,98.0,-8.8,2,10491,0.000,0.142,0.752,0.267,0.071,19.0,22.0,0,-2.31,0.857,19.0,92.3,0.000,8.1,26.4,23.5,21.5,20.3,19.7,19.4,19.2,19.0,18.8,18.6,18.5,18.2,17.9,17.4,16.5,15.0,13.3,9.3
2335,47.746,0.000,2440.8,96.9,-9.3,2,10459,0.000,0.128,0.736,0.252,0.072,18.8,18.5,0,-2.37,0.818,18.8,91.7,0.000,8.4,26.1,23.3,21.3,20.1,19.5,19.2,19.0,18.8,18.6,18.4,18.3,18.0,17.8,17.3,16.3,14.9,13.1,9.2
2336,47.766,0.000,2441.3,95.8,-9.6,2,10441,0.000,0.114,0.722,0.237,0.072,18.6,15.8,0,-2.42,0.786,18.6,91.2,0.000,8.7,25.9,23.1,21.1,19.9,19.3,19.0,18.8,18.6,18.4,18.3,18.1,17.8,17.6,17.1,16.1,14.7,13.0,9.1
2337,47.786,0.000,2441.9,94.8,-9.8,2,10426,0.000,0.102,0.718,0.221,0.072,18.4,13.4,0,-2.49,0.759,18.4,90.7,0.000,9.0,25.7,22.9,20.9,19.7,19.2,18.9,18.6,18.4,18.2,18.1,17.9,17.7,17.4,16.9,15.9,14.5,12.8,9.0
2338,47.806,0.000,2442.4,93.8,-9.9,2,10392,0.000,0.093,0.717,0.206,0.073,18.2,11.1,0,-2.56,0.736,18.2,90.1,0.000,9.3,25.4,22.7,20.7,19.5,19.0,18.7,18.4,18.2,18.1,17.9,17.7,17.5,17.2,16.7,15.8,14.4,12.7,8.9
2339,47.826,0.000,2442.9,93.0,-9.9,2,10319,0.000,0.089,0.718,0.190,0.074,18.0,8.7,0,-2.63,0.715,18.0,89.4,0.000,9.7,25.2,22.4,20.5,19.3,18.8,18.5,18.2,18.0,17.9,17.7,17.5,17.3,17.0,16.5,15.6,14.2,12.5,8.7
2340,47.846,0.000,2443.5,92.1,-10.2,2,10193,0.000,0.167,0.714,0.174,0.074,17.9,6.2,0,-2.72,0.697,17.9,88.8,0.000,10.1,25.0,22.2,20.3,19.1,18.6,18.3,18.0,17.9,17.7,17.5,17.3,17.1,16.8,16.4,15.4,14.0,12.4,8.6
2341,47.866,0.000,2444.0,91.2,-10.5,2,9996,0.000,0.075,0.704,0.158,0.072,17.7,7.9,0,-2.80,0.680,17.7,88.3,-0.007,10.4,24.8,22.1,20.1,19.0,18.4,18.2,17.9,17.7,17.6,17.4,17.2,17.0,16.7,16.2,15.3,13.9,12.2,8.5
2342,47.886,0.000,2444.5,90.3,-10.8,2,9989,0.000,0.128,0.695,0.143,0.069,17.6,5.7,0,-2.88,0.668,17.6,87.8,-0.012,10.8,24.7,21.9,20.0,18.9,18.3,18.0,17.8,17.6,17.4,17.2,17.1,16.8,16.6,16.1,15.2,13.8,12.1,8.4
2343,47.906,0.000,2445.0,89.5,-11.1,2,9861,0.000,0.105,0.688,0.127,0.066,17.5,6.1,0,-2.98,0.658,17.5,87.4,-0.015,11.2,24.5,21.8,19.9,18.7,18.2,17.9,17.6,17.5,17.3,17.1,16.9,16.7,16.4,16.0,15.0,13.6,12.0,8.3
2344,47.926,0.000,2445.5,88.6,-11.2,2,9787,0.000,0.082,0.686,0.111,0.064,17.3,5.5,0,-3.09,0.650,17.3,86.9,-0.018,11.7,24.3,21.6,19.7,18.6,18.0,17.8,17.5,17.3,17.2,17.0,16.8,16.6,16.3,15.8,14.9,13.5,11.9,8.2
2345,47.946,0.000,2446.0,87.7,-11.4,2,9730,0.000,0.058,0.684,0.095,0.062,17.2,4.3,0,-3.21,0.644,17.2,86.6,-0.019,12.2,24.2,21.5,19.6,18.5,17.9,17.6,17.4,17.2,17.0,16.9,16.7,16.5,16.2,15.7,14.8,13.4,11.8,8.1
2346,47.966,0.000,2446.5,86.9,-11.5,2,9670,0.000,0.036,0.681,0.080,0.059,17.1,2.5,0,-3.38,0.638,17.1,86.2,-0.021,12.8,24.0,21.4,19.5,18.3,17.8,17.5,17.3,17.1,16.9,16.8,16.6,16.4,16.1,15.6,14.7,13.3,11.7,8.0
2347,47.986,0.000,2447.0,86.2,-11.7,2,9618,0.000,0.033,0.881,0.064,0.055,17.0,0.4,0,-21.49,0.634,17.0,85.5,-0.021,65.0,23.9,21.3,19.4,18.3,17.7,17.4,17.2,17.0,16.8,16.7,16.5,16.3,16.0,15.5,14.6,13.2,11.6,7.9
2348,48.006,0.000,2447.5,85.4,-12.0,2,9552,0.063,0.000,1.000,0.049,0.050,16.9,0.5,0,-21.10,0.594,17.9,86.3,0.091,63.5,23.7,21.2,19.3,18.2,17.6,17.3,17.1,16.9,16.8,16.6,16.4,16.2,15.9,15.4,14.5,13.1,11.5,7.9
2349,48.026,0.000,2447.9,84.7,-12.2,1,9937,0.106,0.000,1.000,0.034,0.044,16.9,2.0,0,-20.68,0.537,17.8,85.7,0.129,61.9,23.6,21.1,19.2,18.1,17.6,17.3,17.0,16.9,16.7,16.5,16.4,16.1,15.9,15.4,14.4,13.0,11.4,7.8
2350,48.046,0.000,2448.4,84.1,-12.5,1,10311,0.110,0.000,1.000,0.019,0.039,16.8,4.1,0,-20.25,0.485,17.6,85.1,0.128,60.4,23.5,21.0,19.1,18.0,17.5,17.2,17.0,16.8,16.6,16.5,16.3,16.1,15.8,15.3,14.4,13.0,11.3,7.7
2351,48.066,0.000,2448.9,83.6,-12.7,1,10651,0.112,0.000,1.000,0.005,0.034,16.7,5.0,0,-19.83,0.470,17.4,84.7,0.127,58.9,23.4,20.9,19.1,18.0,17.4,17.2,16.9,16.7,16.6,16.4,16.2,16.0,15.7,15.2,14.3,12.9,11.2,7.6
2352,48.086,0.000,2449.3,83.1,-12.9,1,10943,0.114,0.000,1.000,-0.010,0.030,16.7,5.4,0,-19.43,0.470,17.3,84.2,0.125,57.5,23.3,20.8,19.0,17.9,17.3,17.1,16.8,16.7,16.5,16.3,16.1,15.9,15.6,15.2,14.2,12.8,11.2,7.5
2353,48.106,0.000,2449.8,82.6,-13.1,1,11187,0.115,0.000,1.000,-0.024,0.027,16.5,5.6,0,-19.08,0.470,17.1,83.8,0.124,56.1,23.1,20.7,18.9,17.8,17.2,17.0,16.7,16.5,16.4,16.2,16.0,15.8,15.5,15.1,14.1,12.7,11.1,7.4
2354,48.126,0.000,2450.2,82.1,-13.1,1,11386,0.115,0.000,1.000,-0.038,0.025,16.4,5.7,0,-18.76,0.470,16.9,83.3,0.123,54.8,23.0,20.5,18.7,17.6,17.1,16.8,16.6,16.4,16.3,16.1,15.9,15.7,15.4,14.9,14.0,12.6,11.0,7.3
2355,48.146,0.000,2450.7,81.6,-13.0,1,11548,0.116,0.000,1.000,-0.052,0.022,16.3,5.8,0,-18.45,0.470,16.7,82.8,0.122,53.6,22.8,20.4,18.6,17.5,17.0,16.7,16.5,16.3,16.1,16.0,15.8,15.6,15.3,14.8,13.9,12.5,10.9,7.3
2356,48.166,0.000,2451.1,81.1,-12.9,1,11679,0.117,0.000,1.000,-0.066,0.020,16.2,5.7,0,-18.13,0.470,16.6,82.3,0.122,52.3,22.7,20.2,18.4,17.4,16.9,16.6,16.3,16.2,16.0,15.8,15.7,15.4,15.2,14.7,13.8,12.4,10.8,7.2
2357,48.186,0.000,2451.6,80.6,-12.9,1,11784,0.148,0.000,0.987,-0.079,0.017,16.1,5.6,0,-17.81,0.470,16.4,81.8,0.152,51.1,22.6,20.1,18.3,17.3,16.7,16.5,16.2,16.1,15.9,15.7,15.6,15.3,15.1,14.6,13.7,12.3,10.7,7.1
2358,48.206,0.000,2452.0,80.1,-12.8,1,11884,0.175,0.000,0.975,-0.092,0.015,15.9,6.7,0,-17.49,0.470,16.2,81.4,0.178,49.8,22.5,19.9,18.2,17.1,16.6,16.3,16.1,15.9,15.8,15.6,15.4,15.2,14.9,14.5,13.6,12.2,10.6,7.0
2359,48.226,0.000,2452.4,79.6,-12.8,1,11985,0.196,0.000,0.966,-0.105,0.014,15.8,8.1,0,-17.18,0.470,16.1,81.0,0.198,48.6,22.4,19.7,18.0,17.0,16.5,16.2,16.0,15.8,15.6,15.5,15.3,15.1,14.8,14.4,13.5,12.1,10.5,6.9
2360,48.246,0.000,2452.9,79.3,-12.7,1,12088,0.211,0.000,0.959,-0.118,0.013,15.7,9.4,0,-16.89,0.470,15.9,80.5,0.213,47.5,22.2,19.6,17.9,16.8,16.3,16.1,15.8,15.7,15.5,15.3,15.2,14.9,14.7,14.2,13.3,12.0,10.4,6.8
2361,48.266,0.000,2453.3,78.9,-12.6,1,12187,0.218,0.000,0.955,-0.131,0.013,15.5,10.4,0,-16.63,0.470,15.7,80.1,0.220,46.3,22.1,19.4,17.7,16.7,16.2,15.9,15.7,15.5,15.3,15.2,15.0,14.8,14.5,14.1,13.2,11.8,10.2,6.7
2362,48.286,0.000,2453.7,78.7,-12.3,1,12277,0.209,0.000,0.960,-0.144,0.013,15.3,10.9,0,-16.44,0.470,15.6,79.6,0.210,45.3,22.0,19.2,17.5,16.5,16.0,15.7,15.5,15.3,15.2,15.0,14.8,14.6,14.4,13.9,13.0,11.7,10.1,6.6
2363,48.306,0.000,2454.1,78.4,-12.0,1,12349,0.187,0.000,0.970,-0.156,0.015,15.1,10.8,0,-16.30,0.470,15.4,79.2,0.188,44.4,21.8,18.9,17.3,16.3,15.8,15.5,15.3,15.1,15.0,14.8,14.7,14.4,14.2,13.7,12.9,11.5,10.0,6.5
2364,48.326,0.000,2454.6,78.2,-11.6,1,12393,0.157,0.000,0.984,-0.168,0.017,14.9,10.0,0,-16.19,0.470,15.2,78.7,0.158,43.5,21.7,18.7,17.0,16.0,15.6,15.3,15.1,14.9,14.8,14.6,14.5,14.2,14.0,13.5,12.7,11.4,9.8,6.4
2365,48.346,0.000,2455.0,77.9,-11.3,1,12405,0.121,0.000,1.000,-0.180,0.020,14.7,8.5,0,-16.11,0.470,15.1,78.2,0.122,42.7,21.5,18.5,16.8,15.8,15.3,15.1,14.9,14.7,14.6,14.4,14.2,14.0,13.8,13.3,12.5,11.2,9.7,6.3
2366,48.366,0.000,2455.4,77.5,-10.9,1,12379,0.121,0.000,1.000,-0.192,0.023,14.5,6.5,0,-16.05,0.470,14.9,78.0,0.122,41.9,21.3,18.2,16.5,15.6,15.1,14.9,14.6,14.5,14.3,14.2,14.0,13.8,13.6,13.1,12.3,11.0,9.5,6.2
2367,48.386,0.000,2455.8,77.2,-10.5,1,12338,0.121,0.000,1.000,-0.204,0.025,14.3,5.6,0,-16.00,0.470,14.7,78.0,0.122,41.1,21.2,18.0,16.3,15.3,14.9,14.6,14.4,14.3,14.1,14.0,13.8,13.6,13.4,12.9,12.1,10.8,9.4,6.1
2368,48.406,0.000,2456.2,76.8,-10.1,1,12291,0.121,0.000,1.000,-0.215,0.028,14.0,5.2,0,-15.97,0.470,14.5,78.0,0.121,40.4,21.0,17.7,16.0,15.1,14.6,14.4,14.2,14.0,13.9,13.7,13.6,13.4,13.1,12.7,11.9,10.7,9.2,6.0
2369,48.426,0.000,2456.6,76.4,-9.7,1,12240,0.121,0.000,1.000,-0.226,0.031,13.8,4.9,0,-15.93,0.470,14.3,78.0,0.122,39.6,20.8,17.5,15.8,14.9,14.4,14.2,13.9,13.8,13.7,13.5,13.4,13.2,12.9,12.5,11.7,10.5,9.1,5.9
2370,48.446,0.000,2457.0,76.0,-9.2,1,12189,0.122,0.000,1.000,-0.237,0.034,13.6,4.6,0,-15.90,0.470,14.1,78.0,0.123,38.9,20.7,17.2,15.5,14.6,14.2,13.9,13.7,13.6,13.4,13.3,13.1,12.9,12.7,12.3,11.5,10.3,8.9,5.9
2371,48.466,0.000,2457.4,75.6,-8.8,1,12137,0.124,0.000,1.000,-0.248,0.036,13.3,4.5,0,-15.87,0.470,13.9,78.0,0.124,38.2,20.5,17.0,15.3,14.4,13.9,13.7,13.5,13.3,13.2,13.1,12.9,12.7,12.5,12.1,11.3,10.1,8.8,5.8
2372,48.486,0.000,2457.8,75.2,-8.4,1,12086,0.125,0.000,1.000,-0.259,0.038,13.1,4.3,0,-15.84,0.470,13.8,78.0,0.125,37.5,20.4,16.8,15.0,14.1,13.7,13.5,13.3,13.1,13.0,12.8,12.7,12.5,12.3,11.9,11.1,10.0,8.6,5.7
2373,48.506,0.000,2458.1,74.9,-8.0,1,12036,0.128,0.000,1.000,-0.269,0.040,12.9,4.2,0,-15.79,0.470,13.6,78.0,0.128,36.8,20.3,16.6,14.8,13.9,13.5,13.2,13.0,12.9,12.8,12.6,12.5,12.3,12.1,11.7,10.9,9.8,8.5,5.6
2374,48.526,0.000,2458.5,74.5,-7.7,1,11988,0.130,0.000,1.000,-0.279,0.041,12.7,4.1,0,-15.74,0.470,13.4,78.0,0.130,36.0,20.2,16.4,14.6,13.7,13.2,13.0,12.8,12.7,12.6,12.4,12.3,12.1,11.9,11.5,10.8,9.6,8.3,5.5
2375,48.546,0.000,2458.9,74.2,-7.3,1,11942,0.133,0.000,1.000,-0.289,0.044,12.5,4.0,0,-15.68,0.470,13.2,78.0,0.133,35.3,20.2,16.2,14.4,13.5,13.0,12.8,12.6,12.5,12.3,12.2,12.1,11.9,11.7,11.3,10.6,9.5,8.2,5.4
2376,48.566,0.000,2459.3,73.9,-7.0,1,11897,0.135,0.000,1.000,-0.299,0.048,12.3,3.9,0,-15.61,0.470,13.0,78.0,0.135,34.6,20.2,16.1,14.1,13.2,12.8,12.6,12.4,12.3,12.1,12.0,11.9,11.7,11.5,11.1,10.4,9.3,8.0,5.3
2377,48.586,0.000,2459.7,73.5,-6.6,1,11854,0.136,0.000,1.000,-0.309,0.051,12.1,3.8,0,-15.54,0.470,12.9,78.0,0.136,33.9,20.2,15.9,13.9,13.0,12.6,12.4,12.2,12.1,11.9,11.8,11.7,11.5,11.3,10.9,10.2,9.2,7.9,5.2
2378,48.606,0.000,2460.0,73.2,-6.3,1,11812,0.135,0.000,1.000,-0.318,0.054,11.9,3.7,0,-15.46,0.470,11.9,78.0,0.135,33.1,20.2,15.8,13.8,12.8,12.4,12.2,12.0,11.9,11.7,11.6,11.5,11.3,11.1,10.7,10.1,9.0,7.8,5.2
2379,48.626,0.000,2460.4,72.9,-6.1,1,11769,0.135,0.000,1.000,-0.328,0.057,11.7,3.5,0,-15.38,0.470,11.7,78.0,0.135,32.4,20.3,15.7,13.6,12.6,12.2,12.0,11.8,11.7,11.5,11.4,11.3,11.1,10.9,10.6,9.9,8.9,7.7,5.1
2380,48.646,0.000,2460.7,72.6,-5.8,1,11726,0.134,0.000,1.000,-0.337,0.059,11.5,3.3,0,-15.29,0.470,11.5,78.0,0.134,31.7,20.4,15.6,13.4,12.4,12.0,11.8,11.6,11.5,11.4,11.2,11.1,10.9,10.7,10.4,9.7,8.7,7.5,5.0
2381,48.666,0.000,2461.1,72.4,-5.5,1,11683,0.133,0.000,1.000,-0.347,0.061,11.3,3.0,0,-15.20,0.470,11.3,78.0,0.133,31.0,20.5,15.5,13.3,12.3,11.8,11.6,11.4,11.3,11.2,11.0,10.9,10.7,10.6,10.2,9.6,8.6,7.4,4.9
2382,48.686,0.000,2461.5,72.1,-5.3,1,11639,0.132,0.000,1.000,-0.356,0.063,11.1,2.8,0,-15.13,0.470,11.1,78.0,0.132,30.3,20.7,15.4,13.1,12.1,11.6,11.4,11.2,11.1,11.0,10.9,10.7,10.6,10.4,10.0,9.4,8.4,7.3,4.8
2383,48.706,0.000,2461.8,71.8,-5.0,1,11594,0.131,0.000,1.000,-0.365,0.065,10.9,2.6,0,-15.06,0.470,10.9,78.0,0.131,29.6,21.0,15.4,13.0,11.9,11.5,11.2,11.0,10.9,10.8,10.7,10.5,10.4,10.2,9.9,9.2,8.3,7.2,4.8
2384,48.726,0.000,2462.2,71.5,-4.8,1,11550,0.131,0.000,1.000,-0.374,0.067,10.7,2.5,0,-15.00,0.470,10.7,78.0,0.131,29.0,21.3,15.3,12.9,11.8,11.3,11.1,10.9,10.7,10.6,10.5,10.4,10.2,10.0,9.7,9.0,8.1,7.0,4.7
2385,48.746,0.000,2462.5,71.3,-4.5,1,11506,0.130,0.000,1.000,-0.383,0.071,10.6,2.3,0,-14.93,0.470,10.6,78.0,0.130,28.3,21.7,15.3,12.7,11.6,11.1,10.9,10.7,10.6,10.4,10.3,10.2,10.0,9.8,9.5,8.9,8.0,6.9,4.6
2386,48.766,0.000,2462.8,71.0,-4.3,1,11461,0.128,0.000,1.000,-0.392,0.076,10.4,2.1,0,-14.85,0.470,10.4,78.0,0.128,27.7,22.3,15.4,12.7,11.5,11.0,10.8,10.5,10.4,10.3,10.1,10.0,9.8,9.7,9.3,8.7,7.8,6.8,4.5
2387,48.786,0.000,2463.2,70.7,-4.0,1,11416,0.124,0.000,1.000,-0.401,0.080,10.3,1.8,0,-16.23,0.470,10.3,78.0,0.124,27.0,46.0,15.4,12.6,11.4,10.9,10.6,10.4,10.3,10.1,10.0,9.9,9.7,9.5,9.2,8.6,7.7,6.6,4.5
2388,48.806,0.000,2463.5,70.4,-3.8,1,11370,0.119,0.000,1.000,-0.410,0.084,10.1,1.5,0,-16.10,0.470,10.1,78.0,0.119,26.4,45.0,15.6,12.6,11.3,10.8,10.5,10.3,10.1,10.0,9.9,9.7,9.5,9.4,9.0,8.4,7.5,6.5,4.4
2389,48.826,0.000,2463.8,70.2,-3.7,1,11321,0.113,0.000,1.000,-0.419,0.087,10.0,1.1,0,-15.94,0.470,10.0,78.0,0.113,25.7,44.0,15.8,12.6,11.2,10.7,10.4,10.2,10.0,9.9,9.7,9.6,9.4,9.2,8.9,8.3,7.4,6.4,4.3
2390,48.846,0.000,2464.2,69.9,-3.6,1,11269,0.107,0.000,1.000,-0.428,0.089,10.0,0.7,0,-15.75,0.470,10.0,78.0,0.107,25.1,43.1,16.0,12.6,11.2,10.6,10.4,10.1,10.0,9.8,9.7,9.5,9.3,9.1,8.8,8.1,7.3,6.3,4.2
2391,48.866,0.000,2464.5,69.6,-3.5,1,11215,0.101,0.000,1.000,-0.437,0.091,9.9,0.4,0,-15.54,0.470,9.9,78.0,0.101,24.4,42.1,16.4,12.7,11.2,10.6,10.3,10.1,9.9,9.7,9.6,9.4,9.2,9.0,8.6,8.0,7.1,6.2,4.2
2392,48.886,0.000,2464.8,69.3,-3.4,1,11158,0.096,0.000,1.000,-0.446,0.092,9.9,0.0,0,-15.30,0.470,9.9,78.0,0.096,23.8,41.2,16.9,12.8,11.2,10.6,10.3,10.0,9.9,9.7,9.5,9.4,9.2,8.9,8.6,7.9,7.0,6.1,4.1
2393,48.906,0.000,2465.2,69.0,-3.3,1,11099,0.091,0.000,1.000,-0.455,0.093,9.8,-0.3,0,-15.03,0.470,9.8,78.0,0.091,23.1,40.2,17.5,13.0,11.3,10.6,10.3,10.0,9.8,9.7,9.5,9.3,9.1,8.9,8.5,7.8,6.9,6.0,4.0
2394,48.926,0.000,2465.5,68.7,-3.1,1,11038,0.086,0.000,1.000,-0.464,0.094,9.8,-0.6,0,-14.74,0.470,9.8,78.0,0.086,22.5,39.3,18.2,13.2,11.4,10.7,10.3,10.0,9.8,9.7,9.5,9.3,9.1,8.8,8.4,7.7,6.8,5.8,4.0
2395,48.946,0.000,2465.8,68.3,-3.0,1,10976,0.082,0.000,1.000,-0.473,0.095,9.9,-0.9,0,-14.40,0.470,9.9,78.0,0.082,21.9,38.3,19.6,13.5,11.5,10.8,10.4,10.1,9.9,9.7,9.5,9.3,9.1,8.8,8.4,7.6,6.7,5.7,3.9
2396,48.966,0.000,2466.1,68.0,-2.9,1,10913,0.079,0.000,1.000,-0.482,0.098,10.0,-1.1,0,-13.50,0.470,10.0,78.0,0.079,21.3,37.4,41.5,14.0,11.8,10.9,10.5,10.2,10.0,9.7,9.5,9.4,9.1,8.8,8.4,7.6,6.6,5.6,3.8
2397,48.986,0.000,2466.4,67.7,-2.9,1,10850,0.072,0.000,1.000,-0.491,0.103,10.1,-1.4,0,-13.22,0.468,10.1,78.0,0.072,20.8,36.4,40.5,14.5,12.0,11.1,10.7,10.3,10.1,9.9,9.6,9.4,9.2,8.9,8.4,7.5,6.5,5.5,3.7
2398,49.006,0.000,2466.7,67.3,-2.8,1,10784,0.065,0.000,1.000,-0.500,0.106,10.3,-1.7,0,-12.88,0.464,10.3,78.0,0.065,20.2,35.5,39.4,15.2,12.4,11.4,10.9,10.5,10.3,10.0,9.8,9.6,9.3,8.9,8.4,7.5,6.5,5.4,3.7
2399,49.026,0.000,2467.0,67.0,-2.8,1,10716,0.057,0.000,1.000,-0.509,0.110,10.5,-2.1,0,-12.49,0.459,10.5,78.0,0.057,19.6,34.5,38.4,16.2,12.9,11.8,11.2,10.8,10.5,10.2,10.0,9.7,9.4,9.1,8.5,7.6,6.4,5.4,3.6
2400,49.046,0.000,2467.3,66.6,-2.8,1,10645,0.049,0.000,1.000,-0.519,0.112,10.8,-2.4,0,-10.91,0.091,10.8,78.0,0.049,19.1,33.6,37.4,40.2,13.6,12.2,11.6,11.2,10.8,10.5,10.3,10.0,9.6,9.3,8.6,7.6,6.4,5.3,3.5
2401,49.066,0.000,2467.6,66.2,-2.8,1,10571,0.040,0.000,1.000,-0.528,0.114,11.3,-2.8,0,-10.56,0.089,11.3,78.0,0.040,18.6,32.7,36.4,39.2,14.5,12.9,12.2,11.6,11.3,10.9,10.6,10.3,9.9,9.5,8.8,7.7,6.4,5.3,3.4
2402,49.086,0.000,2467.8,65.9,-2.8,1,10494,0.033,0.000,1.000,-0.538,0.115,11.8,-3.2,0,-10.14,0.087,11.8,78.0,0.033,18.0,31.8,35.5,38.1,15.6,13.7,12.9,12.3,11.8,11.5,11.1,10.7,10.3,9.8,9.1,7.9,6.5,5.3,3.4
2403,49.106,0.000,2468.1,65.5,-2.8,1,10414,0.025,0.000,1.000,-0.548,0.116,12.6,-3.5,0,-8.65,0.085,12.6,78.0,0.025,17.5,30.8,34.5,37.1,38.7,14.8,13.8,13.1,12.6,12.1,11.7,11.3,10.8,10.3,9.4,8.1,6.6,5.3,3.3
2404,49.126,0.000,2468.4,65.1,-2.9,1,10331,0.018,0.000,1.000,-0.557,0.118,13.5,-3.9,0,-7.39,0.084,13.5,78.0,0.018,17.1,30.0,33.5,36.1,37.7,38.5,15.0,14.1,13.5,13.0,12.5,12.0,11.4,10.8,9.8,8.3,6.7,5.3,3.2
2405,49.146,0.000,2468.7,64.8,-3.2,1,10248,0.009,0.000,1.000,-0.567,0.122,14.5,-4.3,0,-6.43,0.082,14.5,78.0,0.009,16.8,29.2,32.7,35.2,36.8,37.5,37.9,15.2,14.5,13.8,13.2,12.7,12.0,11.3,10.2,8.5,6.7,5.3,3.2
2406,49.166,0.000,2468.9,64.6,-3.4,1,10166,0.000,0.000,1.000,-0.578,0.131,37.8,-4.5,0,-5.15,0.080,37.8,125.0,0.000,16.5,28.6,32.0,34.5,36.0,36.8,37.2,37.5,37.8,14.5,13.8,13.2,12.4,11.6,10.4,8.6,6.8,5.2,3.1
2407,49.186,0.000,2469.2,64.4,-3.3,1,9728,0.000,0.000,1.000,-0.589,0.145,37.4,-4.3,0,-4.63,0.064,37.4,120.9,0.000,16.5,28.1,31.5,33.9,35.4,36.2,36.6,36.9,37.2,37.4,14.1,13.4,12.6,11.8,10.5,8.6,6.7,5.2,3.0
2408,49.206,0.000,2469.5,64.1,-2.7,1,9721,0.000,0.000,1.000,-0.601,0.161,36.9,-3.1,0,-4.64,0.051,36.9,119.5,0.000,16.4,27.7,31.0,33.4,34.9,35.6,36.0,36.4,36.6,36.9,14.3,13.5,12.6,11.8,10.5,8.6,6.6,5.1,3.0
2409,49.226,0.000,2469.8,63.8,-1.9,1,9698,0.000,0.000,1.000,-0.612,0.154,36.6,-2.0,0,-4.19,0.041,36.6,121.2,0.000,16.4,27.3,30.6,32.9,34.4,35.1,35.5,35.9,36.1,36.4,36.6,13.6,12.7,11.8,10.5,8.5,6.5,5.0,2.9
2410,49.246,0.000,2470.2,63.4,-1.2,1,9658,0.000,0.000,1.000,-0.623,0.145,36.0,-1.5,0,-3.75,0.033,36.0,123.1,0.000,16.3,26.9,30.0,32.4,33.8,34.5,34.9,35.3,35.5,35.7,36.0,36.2,13.0,12.1,10.6,8.6,6.5,4.9,2.8
2411,49.266,0.000,2470.5,63.0,-0.5,1,9603,0.000,0.000,1.000,-0.632,0.133,35.3,-1.8,0,-3.30,0.026,35.3,124.7,0.000,16.1,26.4,29.5,31.7,33.1,33.9,34.2,34.6,34.8,35.1,35.3,35.5,35.9,12.6,11.0,8.8,6.6,4.9,2.8
2412,49.286,0.000,2470.9,62.6,-0.1,1,9504,0.000,0.000,1.000,-0.639,0.118,34.5,-2.9,0,-2.85,0.021,34.5,124.7,0.000,15.9,25.8,28.8,31.0,32.4,33.1,33.5,33.8,34.0,34.3,34.5,34.8,35.1,35.5,11.6,9.1,6.7,5.0,2.8
2413,49.306,0.000,2471.2,62.3,-0.4,1,9201,0.085,0.000,0.937,-0.646,0.096,33.6,-6.5,0,-2.32,0.017,33.6,119.1,0.085,15.5,25.1,28.0,30.2,31.5,32.2,32.6,32.9,33.1,33.4,33.6,33.8,34.2,34.5,35.3,9.8,7.1,5.1,2.8
2414,49.326,0.000,2471.6,62.1,-1.6,1,9207,0.135,0.000,0.803,-0.651,0.068,32.5,-6.6,0,-2.28,0.013,32.5,111.1,0.135,15.1,24.2,27.0,29.2,30.5,31.1,31.5,31.8,32.1,32.3,32.5,32.7,33.1,33.4,34.1,11.1,7.6,5.4,2.8
2415,49.346,0.000,2471.9,62.0,-3.3,1,9245,0.185,0.000,0.628,-0.657,0.037,31.3,-3.7,0,-1.55,0.011,31.3,104.1,0.185,14.6,23.3,26.0,28.1,29.4,30.0,30.4,30.7,30.9,31.1,31.3,31.6,31.9,32.3,32.9,34.3,8.5,5.7,2.8
2416,49.366,0.000,2472.2,61.9,-5.0,2,9038,0.235,0.000,0.469,-0.662,0.003,30.2,0.3,0,-1.51,0.009,30.2,102.2,0.235,14.1,22.4,25.0,27.0,28.2,28.9,29.2,29.5,29.7,30.0,30.2,30.4,30.7,31.0,31.7,33.1,9.6,6.2,2.9
2417,49.386,0.000,2472.6,61.9,-6.0,2,8896,0.285,0.000,0.337,-0.666,-0.028,29.1,3.2,0,-1.46,0.007,29.8,101.6,0.285,13.8,21.6,24.1,26.0,27.2,27.8,28.2,28.5,28.7,28.9,29.1,29.3,29.6,29.9,30.6,31.9,11.3,6.7,2.9
2418,49.406,0.000,2472.9,61.9,-6.5,2,8802,0.335,0.000,0.137,-0.670,-0.055,28.1,4.8,0,-0.39,0.000,28.1,100.6,0.335,13.5,20.9,23.3,25.2,26.3,26.9,27.2,27.5,27.7,27.9,28.1,28.3,28.6,29.0,29.6,30.9,33.1,7.2,3.0
2419,49.426,0.000,2473.3,62.1,-6.7,2,8746,0.385,0.000,-0.063,-0.672,-0.077,27.3,5.7,0,-0.39,0.000,27.3,101.7,0.385,13.2,20.3,22.6,24.4,25.6,26.1,26.4,26.7,26.9,27.1,27.3,27.5,27.8,28.1,28.7,30.0,32.2,7.8,3.0
2420,49.446,0.000,2473.6,62.3,-6.8,2,8725,0.435,0.000,-0.263,-0.674,-0.094,26.6,6.8,0,-0.38,0.000,26.6,104.8,0.435,13.0,19.8,22.1,23.8,24.9,25.5,25.8,26.0,26.2,26.4,26.6,26.8,27.1,27.4,28.0,29.2,31.4,8.3,3.1
2421,49.466,0.000,2474.0,62.7,-7.0,2,8733,0.485,0.000,-0.407,-0.674,-0.104,26.1,7.3,0,-0.38,0.000,26.1,107.3,0.485,12.9,19.4,21.6,23.3,24.4,24.9,25.2,25.5,25.7,25.9,26.1,26.3,26.5,26.8,27.4,28.6,30.7,8.7,3.1
2422,49.486,0.000,2474.3,63.1,-7.0,2,8772,0.535,0.000,-0.416,-0.675,-0.106,25.7,10.5,0,-0.40,0.000,25.7,107.4,0.535,12.9,19.2,21.4,23.0,24.1,24.6,24.9,25.1,25.3,25.5,25.7,25.9,26.2,26.5,27.0,28.2,30.3,8.7,3.1
2423,49.506,0.000,2474.7,63.3,-6.9,2,8894,0.136,0.000,-0.399,-0.675,-0.102,25.5,22.4,0,-0.43,0.000,25.5,105.2,0.585,13.0,19.1,21.2,22.8,23.8,24.4,24.7,24.9,25.1,25.3,25.5,25.6,25.9,26.2,26.8,28.0,30.0,8.6,3.1
2424,49.526,0.000,2475.0,63.6,-6.6,2,8920,0.275,0.000,-0.376,-0.675,-0.097,25.2,18.1,0,-0.45,0.000,25.2,103.0,0.635,13.0,19.0,21.0,22.6,23.6,24.2,24.4,24.7,24.9,25.1,25.2,25.4,25.7,26.0,26.5,27.7,29.8,8.4,3.1
2425,49.546,0.000,2475.4,64.0,-6.2,2,8961,0.397,0.000,-0.350,-0.676,-0.092,25.0,16.2,0,-0.48,0.000,25.0,101.1,0.685,13.1,18.8,20.9,22.4,23.4,24.0,24.2,24.5,24.7,24.8,25.0,25.2,25.5,25.8,26.3,27.5,29.5,8.2,3.0
2426,49.566,0.000,2475.8,64.5,-5.7,2,9036,0.505,0.000,-0.324,-0.676,-0.087,24.8,17.7,0,-0.50,0.000,24.8,99.8,0.735,13.1,18.7,20.7,22.3,23.2,23.8,24.0,24.3,24.4,24.6,24.8,25.0,25.2,25.5,26.1,27.2,29.3,8.1,3.0
2427,49.586,0.000,2476.1,65.0,-5.3,2,9160,0.601,0.000,-0.299,-0.676,-0.081,24.6,21.8,0,-0.52,0.000,24.6,99.2,0.785,13.1,18.6,20.5,22.1,23.0,23.5,23.8,24.0,24.2,24.4,24.6,24.7,25.0,25.3,25.8,27.0,29.0,8.1,3.0
2428,49.606,0.000,2476.5,65.9,-4.8,2,9320,0.687,0.000,-0.275,-0.676,-0.076,24.3,21.4,0,-0.54,0.000,24.3,100.5,0.835,13.1,18.5,20.4,21.9,22.8,23.3,23.6,23.8,24.0,24.2,24.3,24.5,24.8,25.0,25.6,26.7,28.7,8.2,3.0
2429,49.626,0.000,2476.8,66.9,-4.2,2,9478,0.767,0.000,-0.307,-0.675,-0.070,24.1,19.3,0,1.21,0.000,24.1,102.3,0.885,13.1,18.3,20.2,21.7,22.6,23.1,23.4,23.6,23.8,23.9,24.1,24.3,24.5,24.8,25.3,26.5,28.4,31.5,3.0
2430,49.646,0.000,2477.2,68.0,-3.6,2,9639,0.840,0.000,-0.270,-0.675,-0.062,23.9,18.7,0,1.20,0.000,23.9,103.6,0.935,13.1,18.2,20.0,21.5,22.4,22.9,23.2,23.4,23.6,23.7,23.9,24.1,24.3,24.6,25.1,26.2,28.2,31.2,3.0
2431,49.666,0.000,2477.6,69.1,-3.0,2,9819,0.909,0.000,-0.229,-0.674,-0.054,23.7,21.2,0,1.19,0.000,23.7,104.1,0.985,13.1,18.1,19.9,21.3,22.2,22.7,23.0,23.2,23.4,23.5,23.7,23.9,24.1,24.4,24.9,26.0,28.0,31.0,2.9
2432,49.686,0.000,2478.0,69.9,-2.4,2,10074,0.940,0.000,-0.188,-0.673,-0.045,23.5,35.1,0,1.18,0.000,24.4,102.2,1.000,13.1,17.9,19.7,21.1,22.0,22.5,22.8,23.0,23.1,23.3,23.5,23.6,23.9,24.2,24.7,25.8,27.7,30.7,2.9
2433,49.706,0.000,2478.4,70.5,-1.9,2,10430,0.952,0.000,-0.150,-0.672,-0.037,23.2,47.2,0,1.17,0.000,24.0,101.5,1.000,13.1,17.8,19.5,20.9,21.8,22.3,22.5,22.8,22.9,23.1,23.2,23.4,23.6,23.9,24.4,25.5,27.5,30.5,2.9
2434,49.726,0.000,2478.8,71.3,-1.4,2,10863,0.961,0.000,-0.116,-0.672,-0.030,23.0,59.2,0,1.16,0.000,23.6,101.5,1.000,13.0,17.6,19.3,20.7,21.6,22.0,22.3,22.5,22.7,22.8,23.0,23.2,23.4,23.7,24.2,25.3,27.2,30.2,2.9
2435,49.746,0.000,2479.2,72.2,-1.0,2,11355,0.969,0.000,-0.087,-0.671,-0.024,22.7,71.3,0,1.16,0.000,23.2,101.3,1.000,12.9,17.4,19.1,20.4,21.3,21.8,22.0,22.2,22.4,22.5,22.7,22.9,23.1,23.4,23.9,25.0,26.9,29.9,2.9
2436,49.766,0.000,2479.6,73.1,-0.7,2,11920,0.975,0.000,-0.063,-0.670,-0.019,22.4,82.7,0,1.15,0.000,22.8,100.8,1.000,12.9,17.2,18.8,20.2,21.0,21.5,21.7,21.9,22.1,22.2,22.4,22.6,22.8,23.1,23.6,24.6,26.5,29.5,2.9
2437,49.786,0.000,2480.0,74.0,-0.4,2,12587,0.980,0.000,-0.043,-0.670,-0.015,22.1,93.3,0,1.14,0.000,22.3,100.1,1.000,12.8,16.9,18.6,19.9,20.7,21.1,21.4,21.6,21.8,21.9,22.1,22.2,22.5,22.7,23.2,24.3,26.2,29.1,2.8
2438,49.806,0.000,2480.4,75.0,-0.1,2,13375,0.984,0.000,-0.027,-0.669,-0.012,21.7,103.5,0,1.14,0.000,21.9,99.2,1.000,12.6,16.7,18.3,19.5,20.4,20.8,21.0,21.2,21.4,21.6,21.7,21.9,22.1,22.3,22.8,23.9,25.7,28.7,2.8
2439,49.826,0.000,2480.8,75.9,0.0,2,14325,0.987,0.000,-0.015,-0.668,-0.009,21.3,114.0,0,1.13,0.000,21.5,98.1,1.000,12.5,16.4,18.0,19.2,20.0,20.4,20.7,20.9,21.0,21.2,21.3,21.5,21.7,22.0,22.5,23.5,25.3,28.2,2.8
2440,49.846,0.000,2481.2,77.0,0.1,2,15503,0.990,0.000,-0.006,-0.668,-0.007,20.9,121.6,0,1.12,0.000,21.1,97.5,1.000,12.4,16.1,17.6,18.8,19.6,20.1,20.3,20.5,20.6,20.8,20.9,21.1,21.3,21.6,22.0,23.0,24.9,27.7,2.8
2441,49.866,0.000,2481.7,78.2,0.2,2,16778,0.992,0.000,-0.001,-0.667,-0.006,20.5,127.7,0,1.12,0.000,20.6,96.6,1.000,12.2,15.8,17.3,18.5,19.3,19.7,19.9,20.1,20.2,20.4,20.5,20.7,20.9,21.1,21.6,22.6,24.4,27.2,2.9
2442,49.886,0.000,2482.1,79.4,0.2,2,18043,0.994,0.000,0.001,-0.666,-0.006,20.1,137.0,0,1.11,0.000,20.2,94.6,1.000,12.0,15.5,16.9,18.1,18.8,19.2,19.5,19.7,19.8,19.9,20.1,20.2,20.4,20.7,21.1,22.1,23.9,26.7,3.0
2443,49.906,0.000,2482.6,80.5,0.1,2,19035,0.995,0.000,0.001,-0.666,-0.006,19.6,149.3,0,1.11,0.000,19.7,92.5,1.000,11.9,15.2,16.6,17.7,18.4,18.8,19.0,19.2,19.4,19.5,19.6,19.8,20.0,20.2,20.7,21.6,23.4,26.1,3.1
2444,49.926,0.000,2483.0,81.6,0.1,2,19264,0.996,0.000,-0.016,-0.665,-0.009,19.2,156.3,0,1.11,0.000,19.3,90.5,1.000,11.7,14.9,16.2,17.3,18.0,18.4,18.6,18.8,18.9,19.0,19.2,19.3,19.5,19.7,20.2,21.1,22.8,25.6,3.4
2445,49.946,0.000,2483.7,82.5,0.1,2,19241,0.000,0.000,-0.216,-0.663,-0.053,18.7,156.1,0,1.12,0.000,18.7,88.8,1.000,11.5,14.5,15.8,16.9,17.6,17.9,18.1,18.3,18.5,18.6,18.7,18.9,19.1,19.3,19.7,20.6,22.3,25.0,3.7
2446,49.966,0.000,2484.3,83.4,0.0,2,17180,0.000,0.000,-0.416,-0.657,-0.096,18.3,123.1,0,1.14,0.000,18.3,87.6,1.000,11.3,14.2,15.4,16.5,17.1,17.5,17.7,17.9,18.0,18.1,18.3,18.4,18.6,18.8,19.2,20.1,21.8,24.4,4.1
2447,49.986,0.000,2484.9,84.3,0.0,2,16266,0.000,0.000,-0.616,-0.648,-0.140,17.8,92.7,0,1.19,0.000,17.8,85.8,0.980,11.1,13.9,15.0,16.0,16.7,17.1,17.3,17.4,17.5,17.7,17.8,17.9,18.1,18.3,18.7,19.6,21.2,23.8,4.7
2448,50.006,0.000,2485.6,84.4,-0.0,2,15892,0.000,0.000,-0.816,-0.635,-0.184,17.3,82.2,0,1.27,0.000,17.3,84.8,0.730,10.9,13.5,14.7,15.6,16.3,16.6,16.8,17.0,17.1,17.2,17.3,17.5,17.6,17.9,18.3,19.1,20.7,23.3,5.7
2449,50.026,0.000,2486.2,84.5,-0.0,2,15546,0.000,0.027,-1.000,-0.619,-0.226,16.9,73.7,0,10.25,-0.238,16.9,83.9,0.504,10.6,13.2,14.3,15.2,15.8,16.2,16.3,16.5,16.6,16.7,16.9,17.0,17.2,17.4,17.8,18.6,20.2,22.7,36.8
2450,50.046,0.000,2486.8,84.4,-0.3,1,18685,0.000,0.061,-1.000,-0.601,-0.260,16.4,72.0,0,10.37,-0.374,16.4,83.2,0.346,10.4,12.8,13.9,14.8,15.4,15.7,15.9,16.1,16.2,16.3,16.4,16.5,16.7,16.9,17.3,18.1,19.6,22.1,36.1
2451,50.066,0.000,2487.3,84.1,-0.5,1,18601,0.000,0.081,-1.000,-0.580,-0.286,16.0,71.7,0,10.53,-0.483,16.0,82.5,0.235,10.2,12.5,13.6,14.5,15.1,15.4,15.5,15.7,15.8,15.9,16.0,16.2,16.3,16.5,16.9,17.7,19.2,21.7,35.7
2452,50.086,0.000,2487.9,83.7,-0.4,1,17801,0.000,0.087,-1.000,-0.558,-0.305,15.8,64.7,0,10.76,-0.571,15.8,82.0,0.158,10.0,12.3,13.3,14.2,14.8,15.1,15.3,15.4,15.5,15.6,15.8,15.9,16.0,16.2,16.6,17.4,18.9,21.4,35.6
2453,50.106,0.000,2488.4,83.0,0.1,1,16543,0.000,0.050,-1.000,-0.534,-0.311,15.6,46.0,0,11.12,-0.611,15.6,82.0,0.103,9.9,12.1,13.2,14.0,14.6,15.0,15.1,15.3,15.4,15.5,15.6,15.8,15.9,16.1,16.5,17.3,18.8,21.4,36.0
2454,50.126,0.000,2489.0,82.5,1.6,1,14901,0.000,0.022,-1.000,-0.510,-0.302,15.7,24.4,0,11.69,-0.599,15.7,82.0,0.065,9.8,12.1,13.2,14.1,14.7,15.0,15.2,15.4,15.5,15.6,15.7,15.8,16.0,16.2,16.6,17.5,19.1,21.7,37.4
2455,50.146,0.000,2489.5,82.4,3.1,1,12750,0.000,0.046,-1.000,-0.486,-0.285,15.9,-2.4,0,12.45,-0.576,15.9,81.5,0.039,9.7,12.1,13.2,14.2,14.8,15.2,15.4,15.6,15.7,15.8,15.9,16.1,16.2,16.5,16.9,17.8,19.5,22.2,39.5
2456,50.166,0.000,2490.0,81.8,3.4,1,12280,0.000,0.032,-1.000,-0.462,-0.268,16.1,-6.4,0,13.29,-0.545,16.1,81.1,0.020,9.6,12.2,13.3,14.3,15.0,15.3,15.5,15.7,15.9,16.0,16.1,16.3,16.5,16.7,17.1,18.1,19.8,22.8,41.8
2457,50.186,0.000,2490.5,81.0,2.9,1,12294,0.000,0.000,-1.000,-0.439,-0.258,16.2,-3.8,0,14.06,-0.510,16.2,81.3,0.113,9.5,12.1,13.3,14.3,15.0,15.4,15.6,15.8,15.9,16.1,16.2,16.3,16.5,16.8,17.2,18.2,20.0,23.1,43.7
2458,50.206,0.000,2491.0,80.4,2.1,1,12254,0.000,0.000,-1.000,-0.418,-0.256,16.2,-3.3,0,14.75,-0.474,16.2,81.2,0.113,9.4,12.0,13.2,14.2,15.0,15.3,15.5,15.7,15.9,16.0,16.2,16.3,16.5,16.7,17.2,18.2,20.1,23.2,45.2
2459,50.226,0.000,2491.5,79.9,1.6,1,12208,0.000,0.000,-1.000,-0.398,-0.259,16.0,-3.4,0,15.37,-0.438,16.0,80.9,0.115,9.2,11.9,13.1,14.1,14.8,15.2,15.4,15.6,15.8,15.9,16.0,16.2,16.4,16.6,17.1,18.1,20.0,23.2,46.3
2460,50.246,0.000,2492.0,79.5,1.5,1,12152,0.000,0.000,-1.000,-0.377,-0.264,15.9,-4.0,0,15.98,-0.440,15.9,80.5,0.115,9.1,11.7,12.9,14.0,14.7,15.1,15.3,15.5,15.6,15.7,15.9,16.0,16.2,16.5,17.0,18.0,19.9,23.1,47.4
2461,50.266,0.000,2492.4,79.1,1.6,1,12087,0.000,0.000,-1.000,-0.356,-0.269,15.8,-5.3,0,16.66,-0.446,15.8,80.1,0.112,9.0,11.6,12.8,13.8,14.5,14.9,15.1,15.3,15.5,15.6,15.8,15.9,16.1,16.4,16.8,17.9,19.8,23.1,48.6
2462,50.286,0.000,2492.9,78.6,2.1,1,12009,0.000,0.000,-1.000,-0.335,-0.270,15.7,-7.0,0,17.48,-0.451,15.7,79.9,0.106,8.8,11.4,12.6,13.7,14.4,14.8,15.0,15.2,15.4,15.5,15.7,15.8,16.0,16.3,16.8,17.8,19.8,23.1,50.3
2463,50.306,0.000,2493.4,78.2,2.7,1,11922,0.000,0.000,-1.000,-0.313,-0.267,15.6,-8.4,0,18.51,-0.455,15.6,79.8,0.099,8.7,11.3,12.6,13.6,14.4,14.8,15.0,15.2,15.3,15.5,15.6,15.8,16.0,16.3,16.7,17.8,19.8,23.2,52.8
2464,50.326,0.000,2493.8,77.7,3.4,1,11828,0.006,0.000,-1.000,-0.292,-0.259,15.6,-8.9,0,19.79,-0.458,15.6,79.8,0.092,8.6,11.3,12.5,13.6,14.4,14.8,15.0,15.2,15.3,15.5,15.6,15.8,16.0,16.3,16.8,17.9,20.0,23.5,56.1
2465,50.346,0.000,2494.3,77.1,3.9,1,11746,0.018,0.000,-1.000,-0.270,-0.251,15.7,-7.8,0,21.30,-0.460,15.7,79.9,0.087,8.5,11.2,12.5,13.6,14.4,14.8,15.0,15.2,15.4,15.5,15.7,15.9,16.1,16.3,16.9,18.0,20.1,23.8,60.3
2466,50.366,0.000,2494.7,76.6,4.4,1,11679,0.027,0.000,-1.000,-0.249,-0.241,15.8,-6.7,0,23.02,-0.462,15.8,80.1,0.082,8.4,11.1,12.4,13.6,14.4,14.8,15.1,15.3,15.4,15.6,15.8,15.9,16.2,16.4,17.0,18.1,20.3,24.1,65.6
2467,50.386,0.000,2495.1,76.1,4.7,1,11622,0.036,0.000,-1.000,-0.228,-0.232,15.8,-5.8,0,24.66,-0.464,15.8,80.3,0.080,8.3,11.1,12.4,13.6,14.4,14.9,15.1,15.3,15.5,15.7,15.8,16.0,16.2,16.5,17.1,18.3,20.6,24.5,71.1
2468,50.406,0.000,2495.6,75.5,5.0,1,11570,0.043,0.000,-1.000,-0.208,-0.222,15.9,-5.0,0,26.16,-0.465,15.9,80.6,0.078,8.2,11.1,12.4,13.7,14.5,14.9,15.2,15.4,15.6,15.8,15.9,16.1,16.4,16.7,17.2,18.5,20.8,24.9,76.7
2469,50.426,0.000,2496.0,75.0,5.4,1,11522,0.050,0.000,-1.000,-0.188,-0.211,16.1,-4.4,0,27.51,-0.466,16.1,81.0,0.078,8.1,11.0,12.5,13.7,14.6,15.0,15.3,15.5,15.7,15.9,16.1,16.2,16.5,16.8,17.4,18.7,21.1,25.3,82.4
2470,50.446,0.000,2496.4,74.5,5.7,1,11475,0.057,0.000,-1.000,-0.169,-0.201,16.2,-4.0,0,28.71,-0.467,16.2,81.3,0.079,8.0,11.0,12.5,13.8,14.7,15.1,15.4,15.6,15.8,16.0,16.2,16.4,16.6,17.0,17.6,18.9,21.4,25.8,88.1
2471,50.466,0.000,2496.8,74.1,6.1,1,11431,0.063,0.000,-1.000,-0.150,-0.189,16.3,-3.5,0,29.77,-0.467,16.3,81.7,0.081,8.0,11.0,12.5,13.8,14.8,15.3,15.5,15.8,16.0,16.2,16.3,16.5,16.8,17.1,17.8,19.1,21.8,26.3,93.8
2472,50.486,0.000,2497.2,73.6,6.4,1,11387,0.069,0.000,-1.000,-0.132,-0.176,16.5,-3.1,0,4.98,-0.468,16.5,82.2,0.083,7.9,11.0,12.6,13.9,14.9,15.4,15.7,15.9,16.1,16.3,16.5,16.7,17.0,17.3,18.0,19.4,22.2,26.9,16.3
2473,50.506,0.000,2497.6,73.1,6.8,1,11345,0.075,0.000,-1.000,-0.114,-0.164,16.7,-2.6,0,4.69,-0.468,16.7,82.7,0.086,7.8,11.0,12.6,14.0,15.0,15.5,15.8,16.1,16.3,16.5,16.7,16.9,17.2,17.6,18.2,19.7,22.6,27.6,14.8
2474,50.526,0.000,2498.0,72.7,7.1,1,11305,0.081,0.000,-1.000,-0.097,-0.152,16.9,-2.1,0,4.61,-0.468,16.9,83.3,0.090,7.8,11.1,12.7,14.1,15.1,15.7,16.0,16.3,16.5,16.7,16.9,17.1,17.4,17.8,18.5,20.0,23.0,28.4,14.0
2475,50.546,0.000,2498.4,72.3,7.4,1,11266,0.087,0.000,-1.000,-0.081,-0.140,17.1,-1.4,0,4.60,-0.462,17.1,83.8,0.095,7.7,11.1,12.7,14.2,15.3,15.9,16.2,16.5,16.7,16.9,17.1,17.3,17.7,18.0,18.8,20.4,23.4,29.3,13.4
2476,50.566,0.000,2498.8,71.8,7.7,1,11231,0.139,0.000,-0.962,-0.065,-0.128,17.3,-0.8,0,4.65,-0.451,17.3,84.4,0.145,7.7,11.1,12.8,14.4,15.4,16.0,16.4,16.7,16.9,17.1,17.3,17.6,17.9,18.3,19.0,20.7,23.9,30.4,13.0
2477,50.586,0.000,2499.2,71.5,7.9,1,11222,0.190,0.000,-0.913,-0.049,-0.117,17.6,1.3,0,4.73,-0.436,17.6,85.1,0.195,7.6,11.1,12.9,14.5,15.6,16.2,16.6,16.9,17.1,17.3,17.6,17.8,18.1,18.5,19.3,21.0,24.4,31.5,12.6
2478,50.606,0.000,2499.6,71.2,8.2,1,11248,0.241,0.000,-0.866,-0.035,-0.106,17.8,3.9,0,4.84,-0.419,17.8,85.7,0.245,7.6,11.2,13.0,14.6,15.8,16.4,16.8,17.1,17.3,17.6,17.8,18.1,18.4,18.8,19.6,21.4,24.9,32.9,12.4
2479,50.626,0.000,2500.0,71.0,8.3,1,11311,0.292,0.000,-0.819,-0.020,-0.096,18.0,6.7,0,4.99,-0.399,18.0,86.4,0.295,7.5,11.2,13.1,14.8,16.0,16.6,17.0,17.3,17.6,17.8,18.0,18.3,18.7,19.1,19.9,21.8,25.6,34.4,12.1
2480,50.646,0.000,2500.4,70.9,8.5,1,11410,0.342,0.000,-0.771,-0.007,-0.085,18.3,9.8,0,5.18,-0.379,18.3,87.0,0.345,7.5,11.2,13.2,14.9,16.1,16.8,17.2,17.5,17.8,18.0,18.3,18.6,18.9,19.4,20.3,22.1,26.3,36.1,11.9
2481,50.666,0.000,2500.8,70.9,8.7,1,11543,0.393,0.000,-0.729,0.007,-0.075,18.5,13.0,0,5.41,-0.359,18.5,87.7,0.395,7.4,11.3,13.2,15.0,16.3,17.0,17.4,17.7,18.0,18.3,18.5,18.8,19.2,19.7,20.6,22.5,27.0,38.0,11.8
2482,50.686,0.000,2501.2,71.0,8.9,1,11712,0.200,0.000,-0.692,0.019,-0.065,18.8,16.5,0,5.68,-0.339,18.8,88.3,0.445,7.4,11.3,13.3,15.2,16.5,17.2,17.6,18.0,18.2,18.5,18.8,19.0,19.5,19.9,20.9,23.0,27.8,40.2,11.6
2483,50.706,0.000,2501.6,71.1,9.0,2,11411,0.299,0.000,-0.661,0.032,-0.057,19.0,9.1,0,6.00,-0.321,19.0,88.8,0.495,7.3,11.3,13.4,15.3,16.6,17.4,17.8,18.2,18.4,18.7,19.0,19.3,19.7,20.2,21.1,23.4,28.7,42.7,11.5
2484,50.726,0.000,2501.9,71.1,8.9,2,11156,0.388,0.000,-0.639,0.044,-0.050,19.2,8.6,0,6.35,-0.302,21.0,94.0,0.545,7.3,11.3,13.4,15.4,16.8,17.5,17.9,18.3,18.6,18.9,19.2,19.5,19.9,20.4,21.4,23.8,29.6,45.4,11.5
2485,50.746,0.000,2502.3,71.2,8.8,2,10972,0.469,0.000,-0.610,0.055,-0.045,19.3,11.1,0,6.75,-0.256,21.0,93.9,0.595,7.2,11.3,13.5,15.5,16.9,17.6,18.1,18.5,18.7,19.0,19.3,19.6,20.1,20.6,21.7,24.2,30.5,48.4,11.4
2486,50.766,0.000,2502.7,71.4,8.6,2,10860,0.544,0.000,-0.593,0.066,-0.040,19.5,14.7,0,7.21,-0.220,21.0,93.9,0.645,7.2,11.3,13.5,15.5,17.0,17.8,18.2,18.6,18.9,19.2,19.5,19.8,20.3,20.8,21.9,24.7,31.4,51.9,11.4
2487,50.786,0.000,2503.1,71.7,8.5,2,10816,0.421,0.000,-0.585,0.076,-0.035,19.6,18.8,0,7.74,-0.194,21.1,93.9,0.695,7.1,11.3,13.5,15.6,17.1,17.9,18.3,18.7,19.0,19.3,19.6,20.0,20.5,21.0,22.2,25.2,32.5,56.1,11.4
2488,50.806,0.000,2503.5,72.0,8.5,2,10748,0.525,0.000,-0.579,0.087,-0.031,19.8,16.9,0,8.27,-0.174,21.1,93.9,0.745,7.1,11.3,13.6,15.7,17.2,18.0,18.4,18.8,19.2,19.5,19.8,20.2,20.7,21.3,22.6,25.7,33.7,60.4,11.4
2489,50.826,0.000,2503.9,72.3,8.4,2,10728,0.526,0.000,-0.573,0.096,-0.026,20.0,19.1,0,8.73,-0.161,21.1,94.2,0.795,7.0,11.3,13.6,15.7,17.2,18.1,18.5,19.0,19.3,19.6,20.0,20.4,20.9,21.6,22.9,26.3,35.1,64.5,11.4
2490,50.846,0.000,2504.3,72.7,8.3,2,10727,0.482,0.000,-0.575,0.106,-0.022,20.2,20.4,0,9.14,-0.160,21.2,95.0,0.845,7.0,11.3,13.6,15.8,17.3,18.2,18.7,19.1,19.5,19.8,20.2,20.6,21.1,21.8,23.3,26.9,36.5,68.3,11.4
2491,50.866,0.000,2504.7,73.1,8.2,2,10717,0.605,0.000,-0.575,0.115,-0.018,20.4,19.5,0,9.50,-0.157,21.3,96.2,0.895,7.0,11.3,13.6,15.8,17.4,18.3,18.8,19.3,19.6,20.0,20.4,20.8,21.4,22.1,23.7,27.5,38.2,71.9,11.4
2492,50.886,0.000,2505.1,73.5,8.1,2,10762,0.418,0.000,-0.575,0.123,-0.015,20.6,22.7,0,9.81,-0.149,21.4,97.7,0.945,6.9,11.3,13.6,15.9,17.5,18.4,18.9,19.4,19.8,20.2,20.6,21.0,21.7,22.4,24.1,28.2,40.0,75.3,11.4
2493,50.906,0.000,2505.5,74.0,7.9,2,10740,0.573,0.000,-0.572,0.132,-0.013,20.8,18.2,0,10.09,-0.134,21.5,99.5,0.995,6.9,11.3,13.6,15.9,17.5,18.5,19.0,19.6,20.0,20.4,20.8,21.3,21.9,22.8,24.5,29.0,42.1,78.4,11.4
2494,50.926,0.000,2505.9,74.4,7.7,2,10770,0.663,0.000,-0.566,0.140,-0.011,21.0,20.5,0,10.34,-0.111,21.6,101.6,1.000,6.8,11.2,13.6,15.9,17.6,18.6,19.2,19.7,20.2,20.6,21.0,21.5,22.2,23.1,25.0,29.8,44.4,81.5,11.5
2495,50.946,0.000,2506.3,74.9,7.6,2,10858,0.328,0.000,-0.561,0.148,-0.009,21.3,25.2,0,10.55,-0.092,21.8,104.0,1.000,6.8,11.2,13.6,15.9,17.7,18.7,19.4,19.9,20.4,20.8,21.3,21.8,22.6,23.5,25.5,30.7,47.2,84.5,11.5
2496,50.966,0.000,2506.7,75.3,7.5,2,10816,0.463,0.000,-0.555,0.155,-0.007,21.6,16.5,0,10.74,-0.076,22.0,106.9,1.000,6.7,11.2,13.6,16.0,17.8,18.9,19.6,20.2,20.6,21.1,21.6,22.2,23.0,24.0,26.1,31.8,50.7,87.5,11.5
2497,50.986,0.000,2507.1,75.7,7.3,2,10795,0.570,0.000,-0.547,0.162,-0.004,22.0,15.5,0,10.89,-0.062,22.2,110.2,1.000,6.7,11.2,13.6,16.0,17.9,19.1,19.8,20.4,20.9,21.4,22.0,22.5,23.4,24.5,26.8,33.0,54.6,90.3,11.5
2498,51.006,0.000,2507.5,76.1,7.0,2,10826,0.656,0.000,-0.543,0.169,-0.002,22.3,18.4,0,11.03,-0.051,22.5,114.0,1.000,6.7,11.1,13.6,16.1,18.1,19.3,20.0,20.7,21.2,21.7,22.3,22.9,23.8,25.0,27.5,34.4,58.1,93.1,11.5
2499,51.026,0.000,2507.9,76.6,6.9,2,10916,0.572,0.000,-0.540,0.176,-0.001,22.7,23.1,0,11.18,-0.042,22.8,118.3,1.000,6.6,11.1,13.6,16.1,18.2,19.5,20.3,21.0,21.5,22.1,22.7,23.4,24.4,25.6,28.3,35.9,61.5,96.6,11.5
2500,51.046,0.000,2508.3,77.1,6.8,2,10988,0.635,0.000,-0.538,0.182,0.001,23.2,22.4,0,11.38,-0.034,23.2,123.4,1.000,6.6,11.1,13.6,16.2,18.4,19.8,20.6,21.3,21.9,22.5,23.2,23.9,25.0,26.3,29.2,37.8,64.9,101.3,11.6
2501,51.066,0.000,2508.8,77.7,6.7,2,11083,0.526,0.000,-0.543,0.188,0.004,23.8,23.9,0,11.77,-0.028,23.8,129.3,1.000,6.5,11.1,13.7,16.4,18.7,20.1,21.0,21.8,22.4,23.1,23.8,24.5,25.7,27.1,30.4,40.1,68.2,109.7,11.6
2502,51.086,0.000,2509.2,78.2,6.6,2,11132,0.583,0.000,-0.627,0.194,0.006,24.5,21.0,0,14.46,-0.023,24.5,134.8,0.962,6.5,11.1,13.7,16.6,19.0,20.5,21.4,22.3,23.0,23.7,24.5,25.3,26.6,28.2,31.8,43.0,71.6,169.7,11.5
2503,51.106,0.000,2509.6,78.8,6.5,2,11193,0.637,0.000,-0.597,0.200,0.009,25.3,21.6,0,14.01,-0.018,25.3,142.2,1.000,6.5,11.1,13.8,16.8,19.4,21.0,22.0,22.9,23.7,24.5,25.3,26.2,27.6,29.4,33.5,46.6,74.9,164.0,11.5
2504,51.126,0.000,2510.0,79.3,6.5,2,11281,0.512,0.000,-0.565,0.205,0.012,26.3,24.0,0,13.47,-0.015,26.3,151.4,1.000,6.5,11.1,13.9,17.0,19.8,21.6,22.6,23.7,24.5,25.4,26.3,27.3,28.9,30.9,35.6,51.1,78.2,157.2,11.5
2505,51.146,0.000,2510.4,79.8,6.6,2,11323,0.610,0.000,-0.525,0.210,0.015,27.5,21.1,0,12.79,-0.012,27.5,159.7,1.000,6.5,11.2,14.0,17.3,20.3,22.2,23.4,24.6,25.5,26.5,27.5,28.6,30.4,32.7,38.2,55.6,81.5,148.7,11.5
2506,51.166,0.000,2510.9,80.3,6.6,2,11396,0.688,0.000,-0.325,0.215,0.019,28.9,22.5,0,7.06,-0.010,28.9,167.3,1.000,6.4,11.2,14.2,17.7,20.9,23.0,24.3,25.6,26.6,27.7,28.9,30.2,32.2,34.9,41.4,59.7,84.8,51.6,11.4
2507,51.186,0.000,2511.3,80.8,6.7,2,11515,0.750,0.000,-0.287,0.220,0.023,30.6,25.5,0,6.63,-0.008,30.6,174.4,1.000,6.4,11.2,14.4,18.1,21.6,23.9,25.4,26.9,28.0,29.2,30.6,32.1,34.4,37.6,45.5,63.6,88.1,46.4,11.4
2508,51.206,0.000,2511.8,81.4,6.9,2,11679,0.655,0.000,-0.265,0.224,0.027,32.7,29.1,0,6.30,-0.005,32.7,181.2,1.000,6.4,11.3,14.6,18.6,22.5,25.1,26.7,28.3,29.7,31.1,32.7,34.4,37.2,41.1,50.5,67.5,92.0,42.5,11.4
2509,51.226,0.000,2512.2,82.1,7.1,2,11816,0.724,0.000,-0.242,0.229,0.032,35.3,28.2,0,6.05,-0.002,35.3,187.9,1.000,6.4,11.4,14.9,19.3,23.5,26.4,28.3,30.2,31.8,33.5,35.3,37.5,40.9,45.7,55.3,71.3,97.8,39.1,11.3
2510,51.246,0.000,2512.6,82.8,7.4,2,11977,0.510,0.000,-0.288,0.233,0.037,38.9,30.4,0,7.80,-0.001,38.9,194.5,1.000,6.4,11.5,15.2,20.0,24.8,28.2,30.4,32.7,34.5,36.6,38.9,41.5,45.9,51.2,60.0,75.3,168.0,36.2,11.2
2511,51.266,0.000,2513.1,83.4,7.7,2,12044,0.608,0.000,-0.247,0.237,0.043,43.7,24.8,0,7.12,-0.001,43.7,201.0,1.000,6.4,11.7,15.7,21.0,26.4,30.4,33.1,35.9,38.2,40.8,43.7,47.1,51.7,56.4,64.5,79.3,161.5,33.6,11.1
2512,51.286,0.000,2513.5,84.0,8.1,2,12122,0.686,0.000,-0.203,0.241,0.048,49.7,24.3,0,6.38,-0.001,49.7,207.3,1.000,6.4,11.9,16.2,22.1,28.5,33.3,36.6,40.1,43.0,46.4,49.7,52.7,56.8,61.2,68.9,83.2,153.9,31.4,11.1
2513,51.306,0.000,2514.0,84.5,8.4,2,12237,0.749,0.000,-0.155,0.244,0.055,54.9,27.2,0,5.59,-0.000,54.9,213.8,1.000,6.4,12.1,16.8,23.5,30.9,36.8,41.0,45.6,48.9,52.0,54.9,57.7,61.5,65.6,73.1,87.3,144.3,29.6,11.0
2514,51.326,0.000,2514.4,85.1,8.8,2,12399,0.626,0.000,-0.108,0.248,0.061,59.7,32.1,0,4.82,-0.000,59.7,222.6,1.000,6.4,12.4,17.5,25.1,34.1,41.5,46.9,51.2,54.2,57.0,59.7,62.3,65.9,69.9,77.1,92.7,133.2,27.9,10.9
2515,51.346,0.000,2514.9,85.7,9.3,2,12524,0.701,0.000,-0.004,0.251,0.067,64.3,30.9,0,2.43,-0.000,64.3,240.6,1.000,6.4,12.7,18.3,27.1,38.1,47.5,52.4,56.3,59.0,61.7,64.3,66.8,70.2,74.1,81.1,102.9,47.6,26.5,10.8
2516,51.366,0.000,2515.4,86.4,9.7,2,12668,0.761,0.000,-0.009,0.255,0.073,68.4,31.5,0,3.06,-0.000,68.4,224.9,1.000,6.5,13.1,19.2,29.4,43.3,52.7,57.1,60.8,63.4,65.9,68.4,70.8,74.2,77.9,84.9,160.6,43.0,25.2,10.7
2517,51.386,0.000,2515.8,87.1,10.1,2,12843,0.479,0.000,0.018,0.258,0.078,72.3,34.8,0,2.67,-0.000,72.3,234.1,1.000,6.5,13.5,20.3,32.2,48.8,57.3,61.4,65.0,67.4,69.9,72.3,74.6,77.9,81.5,89.5,153.8,39.6,24.1,10.6
2518,51.406,0.000,2516.3,87.7,10.4,2,12894,0.583,0.000,0.042,0.261,0.083,75.9,26.9,0,2.32,-0.000,75.9,246.0,1.000,6.5,13.9,21.5,35.8,53.5,61.5,65.5,68.9,71.3,73.6,75.9,78.2,81.4,85.3,96.7,145.9,36.8,23.2,10.5
2519,51.426,0.000,2516.8,88.3,10.7,2,12948,0.667,0.000,0.051,0.264,0.086,79.3,25.0,0,2.28,-0.000,79.3,302.1,1.000,6.5,14.3,22.8,40.1,57.6,65.2,69.1,72.4,74.7,77.0,79.3,81.5,85.0,90.0,161.3,136.4,34.5,22.3,10.4
2520,51.446,0.000,2517.3,88.9,10.9,2,13035,0.733,0.000,0.067,0.266,0.089,82.3,27.1,0,1.98,-0.000,82.3,290.9,1.000,6.5,14.8,24.2,44.8,61.2,68.5,72.3,75.5,77.8,80.0,82.3,84.9,89.3,96.9,155.8,128.2,32.6,21.6,10.4
2521,51.466,0.000,2517.7,89.6,11.0,2,13169,0.563,0.000,0.127,0.269,0.092,85.7,31.5,0,1.26,0.011,85.7,318.2,1.000,6.5,15.3,25.8,48.9,64.4,71.5,75.2,78.3,80.6,83.0,85.7,89.0,95.5,160.1,150.0,49.9,31.0,21.0,10.3
2522,51.486,0.000,2518.2,90.2,11.2,2,13241,0.650,0.000,0.182,0.272,0.093,89.8,27.8,0,1.14,0.072,89.8,310.4,1.000,6.6,15.8,27.5,52.3,67.2,74.1,77.7,80.9,83.4,86.3,89.8,94.6,160.3,155.4,143.8,45.1,29.7,20.4,10.2
2523,51.506,0.000,2518.7,91.0,11.2,2,13324,0.720,0.000,0.295,0.274,0.092,94.5,26.4,0,0.99,0.000,94.5,320.6,1.000,6.6,16.2,29.1,54.7,69.2,76.1,79.6,83.1,86.0,89.6,94.5,160.7,156.5,151.1,137.7,42.5,28.8,20.0,10.2
2524,51.526,0.000,2519.2,91.7,11.2,2,13435,0.717,0.000,0.285,0.277,0.087,99.5,27.4,0,0.91,0.000,99.5,318.9,1.000,6.6,16.5,30.2,56.0,70.3,77.0,80.6,84.4,87.7,91.9,99.5,158.2,153.9,148.2,133.8,41.2,28.3,19.8,10.2
2525,51.546,0.000,2519.7,92.5,10.7,2,13549,0.760,0.000,0.252,0.280,0.077,160.1,28.0,0,0.86,0.000,160.1,333.1,1.000,6.6,16.5,30.4,56.1,70.2,76.9,80.5,84.3,87.7,92.3,160.1,157.2,152.8,147.0,132.6,40.9,28.2,19.8,10.2
2526,51.566,0.000,2520.2,93.4,9.9,2,13686,0.737,0.000,0.210,0.284,0.067,100.4,30.0,0,0.91,0.000,100.4,323.9,1.000,6.5,16.4,30.3,55.7,69.6,76.3,79.9,83.7,87.0,91.5,100.4,156.8,152.4,146.7,132.3,41.0,28.2,19.8,10.2
2527,51.586,0.000,2520.7,94.4,9.1,2,13815,0.782,0.000,0.215,0.287,0.067,97.8,30.4,0,0.93,0.000,97.8,323.7,1.000,6.5,16.3,30.1,55.1,68.9,75.6,79.1,82.8,86.1,90.4,97.8,156.5,152.2,146.5,132.4,41.3,28.3,19.9,10.3
2528,51.606,0.000,2521.3,95.3,8.3,2,13963,0.718,0.000,0.214,0.289,0.065,95.2,32.2,0,0.96,0.000,95.2,317.1,1.000,6.5,16.2,29.8,54.3,68.1,74.7,78.2,81.8,84.9,88.9,95.2,156.5,152.2,146.7,133.0,41.8,28.5,20.0,10.3
2529,51.626,0.000,2521.8,96.4,7.5,2,14069,0.774,0.000,0.206,0.290,0.063,92.0,27.0,0,1.01,0.000,92.0,317.9,1.000,6.4,16.0,29.2,53.2,66.9,73.5,76.9,80.3,83.3,86.9,92.0,156.9,152.7,147.4,134.3,42.7,28.8,20.1,10.3
2530,51.646,0.000,2522.3,97.7,6.4,2,14129,0.819,0.000,0.182,0.291,0.058,87.9,18.7,0,1.12,0.000,87.9,319.9,1.000,6.4,15.7,28.2,51.4,65.0,71.6,75.0,78.2,80.8,83.9,87.9,94.2,154.1,149.1,137.1,44.9,29.3,20.4,10.4
2531,51.666,0.000,2522.9,98.9,5.2,2,14180,0.855,0.000,0.145,0.292,0.050,83.7,15.2,0,1.27,0.000,83.7,322.8,1.000,6.3,15.3,26.8,49.1,62.6,69.1,72.6,75.6,77.9,80.5,83.7,87.7,156.1,151.5,140.8,50.4,30.2,20.8,10.4
2532,51.686,0.000,2523.4,100.0,3.9,2,14256,0.884,0.000,0.085,0.291,0.042,79.9,17.5,0,1.90,0.000,79.9,313.9,1.000,6.3,14.9,25.5,46.5,60.0,66.5,69.9,72.9,75.0,77.3,79.9,83.0,89.2,153.9,144.3,117.4,31.2,21.2,10.5
2533,51.706,0.000,2524.0,100.9,2.7,2,14377,0.907,0.000,0.002,0.291,0.034,76.9,23.6,0,2.00,0.200,76.9,280.5,1.000,6.2,14.5,24.4,44.1,57.5,64.0,67.4,70.4,72.5,74.6,76.9,79.6,84.2,93.7,147.0,120.8,32.1,21.7,10.6
2534,51.726,0.000,2524.6,101.8,1.8,2,14555,0.926,0.000,-0.033,0.290,0.028,74.8,31.6,0,2.13,0.187,74.8,281.5,1.000,6.2,14.3,23.7,42.5,55.7,62.1,65.5,68.5,70.6,72.7,74.8,77.2,81.2,87.9,148.6,123.4,32.9,22.0,10.6
2535,51.746,0.000,2525.1,102.7,1.1,2,14803,0.941,0.000,-0.052,0.289,0.026,73.5,40.3,0,2.21,0.174,73.5,281.4,1.000,6.2,14.2,23.4,41.6,54.6,61.0,64.3,67.3,69.3,71.4,73.5,75.8,79.5,85.5,149.1,124.6,33.2,22.1,10.7
2536,51.766,0.000,2525.7,103.7,0.7,2,15135,0.953,0.000,-0.057,0.287,0.026,72.9,48.9,0,2.23,0.161,72.9,280.3,1.000,6.2,14.2,23.4,41.4,54.2,60.5,63.8,66.7,68.7,70.8,72.9,75.1,78.8,84.6,148.7,124.4,33.2,22.1,10.7
2537,51.786,0.000,2526.3,104.6,0.6,2,15570,0.962,0.000,-0.051,0.285,0.027,72.7,57.5,0,2.19,0.148,72.7,278.4,1.000,6.2,14.3,23.7,41.7,54.2,60.4,63.7,66.6,68.6,70.7,72.7,75.0,78.8,84.9,147.6,123.1,32.9,21.9,10.6
2538,51.806,0.000,2526.9,105.6,0.7,2,16142,0.970,0.000,-0.035,0.283,0.031,73.0,65.6,0,2.13,0.135,73.0,278.3,1.000,6.3,14.5,24.3,42.3,54.7,60.8,64.0,66.9,68.9,70.9,73.0,75.4,79.5,86.4,145.8,121.0,32.3,21.7,10.6
2539,51.826,0.000,2527.4,106.6,0.9,2,16915,0.976,0.000,-0.014,0.280,0.036,73.6,74.1,0,2.04,0.122,73.6,276.5,1.000,6.3,14.8,25.0,43.2,55.3,61.4,64.6,67.4,69.4,71.4,73.6,76.2,80.7,89.7,143.6,118.5,31.6,21.4,10.5
2540,51.846,0.000,2528.0,107.6,1.3,2,18042,0.981,0.000,0.006,0.278,0.041,74.3,82.4,0,2.02,0.109,74.3,307.6,1.000,6.4,15.1,25.8,44.1,56.0,61.9,65.1,67.9,69.9,72.0,74.3,77.1,82.2,150.4,141.4,116.0,31.0,21.1,10.4
2541,51.866,0.000,2528.6,108.6,1.7,2,18894,0.984,0.000,0.025,0.275,0.045,75.0,90.6,0,1.95,0.096,75.0,305.0,1.000,6.5,15.4,26.6,44.8,56.5,62.4,65.6,68.3,70.3,72.5,75.0,78.0,83.9,148.4,139.2,113.7,30.4,20.8,10.4
2542,51.886,0.000,2529.2,109.6,2.0,2,19458,0.988,0.000,0.041,0.272,0.049,75.6,97.6,0,1.89,0.082,75.6,302.3,1.000,6.5,15.7,27.3,45.3,56.9,62.7,65.8,68.5,70.6,72.9,75.6,78.9,85.8,146.7,137.2,111.8,29.9,20.6,10.3
2543,51.906,0.000,2529.9,110.9,2.3,2,19245,0.990,0.000,0.053,0.269,0.052,75.9,95.2,0,1.84,0.069,75.9,302.0,1.000,6.6,15.9,27.9,45.6,57.0,62.8,65.9,68.6,70.7,73.1,75.9,79.4,88.0,145.2,135.5,110.3,29.5,20.4,10.2
2544,51.926,0.000,2530.5,112.1,2.4,2,19538,0.992,0.000,0.060,0.265,0.054,76.0,94.7,0,1.79,0.056,76.0,313.5,1.000,6.6,16.1,28.4,45.8,57.0,62.7,65.7,68.4,70.6,73.0,76.0,79.7,148.4,144.0,134.2,109.1,29.2,20.2,10.2
2545,51.946,0.000,2531.1,113.3,2.5,3,19315,0.994,0.000,0.062,0.262,0.055,75.7,89.1,0,1.78,0.042,75.7,312.0,1.000,6.6,16.2,28.8,45.7,56.7,62.4,65.4,68.1,70.3,72.7,75.7,79.5,147.5,143.0,133.2,108.4,29.0,20.1,10.2
2546,51.966,0.000,2531.7,114.4,2.5,3,19114,0.995,0.000,0.061,0.258,0.056,75.2,86.6,0,1.78,0.029,75.2,309.7,1.000,6.7,16.3,29.0,45.5,56.3,61.9,64.9,67.6,69.7,72.2,75.2,79.0,146.7,142.3,132.5,107.9,28.8,20.0,10.1
2547,51.986,0.000,2532.4,115.4,2.4,3,18947,0.996,0.000,0.056,0.255,0.056,74.5,86.5,0,1.79,0.015,74.5,307.4,1.000,6.7,16.4,29.0,45.1,55.8,61.3,64.3,66.9,69.1,71.5,74.5,78.2,146.2,141.8,132.0,107.5,28.8,19.9,10.1
2548,52.006,0.000,2533.0,116.4,2.2,3,18420,0.997,0.000,0.050,0.251,0.055,73.6,87.7,0,1.81,0.001,73.6,305.4,1.000,6.7,16.5,29.0,44.7,55.2,60.7,63.6,66.2,68.3,70.7,73.6,77.3,145.7,141.3,131.7,107.4,28.8,19.9,10.1
2549,52.026,0.000,2533.7,117.4,2.1,3,18009,0.997,0.000,0.030,0.247,0.055,72.7,89.1,0,1.85,-0.020,72.7,291.6,1.000,6.8,16.5,29.0,44.2,54.6,60.0,62.9,65.5,67.5,69.9,72.7,76.3,85.8,140.9,131.5,107.3,28.8,19.9,10.0
2550,52.046,0.000,2534.3,118.4,1.9,3,17699,0.998,0.000,0.015,0.243,0.055,71.9,90.0,0,1.86,-0.033,71.9,291.4,1.000,6.8,16.6,29.0,43.9,54.0,59.3,62.2,64.8,66.8,69.1,71.9,75.4,84.1,140.4,131.1,107.0,28.8,19.8,10.0
2551,52.066,0.000,2535.0,119.4,1.7,3,17467,0.998,0.000,0.008,0.238,0.055,71.3,90.3,0,1.87,-0.040,71.3,291.2,1.000,6.9,16.7,29.0,43.6,53.6,58.9,61.7,64.2,66.3,68.6,71.3,74.8,83.8,139.7,130.4,106.5,28.7,19.7,10.0
2552,52.086,0.000,2535.7,120.5,1.7,3,17303,0.999,0.000,0.007,0.234,0.057,71.1,90.2,0,1.85,-0.043,71.1,290.2,1.000,6.9,16.9,29.2,43.5,53.4,58.5,61.3,63.9,65.9,68.3,71.1,74.6,86.1,138.7,129.3,105.6,28.5,19.6,9.9
2553,52.106,0.000,2536.3,121.5,1.7,3,17192,0.999,0.000,0.012,0.229,0.058,71.0,89.5,0,1.81,-0.043,71.0,301.0,1.000,7.0,17.1,29.5,43.5,53.2,58.3,61.1,63.6,65.7,68.1,71.0,74.8,141.8,137.5,128.0,104.6,28.3,19.4,9.9
2554,52.126,0.000,2537.0,122.6,1.8,3,17116,0.999,0.000,0.019,0.224,0.061,71.1,88.2,0,1.78,-0.042,71.1,299.4,1.000,7.0,17.4,29.7,43.5,53.1,58.1,60.9,63.5,65.6,68.1,71.1,75.2,140.5,136.2,126.6,103.4,28.0,19.2,9.8
2555,52.146,0.000,2537.7,123.8,2.0,3,17040,0.999,0.000,0.028,0.219,0.063,71.3,84.2,0,1.76,-0.039,71.3,298.6,1.000,7.1,17.7,30.0,43.5,53.0,58.0,60.7,63.3,65.5,68.1,71.3,75.7,139.2,134.8,125.2,102.2,27.8,19.0,9.7
2556,52.166,0.000,2538.4,125.0,2.1,3,16971,0.999,0.000,0.035,0.213,0.065,71.4,79.9,0,1.73,-0.036,71.4,297.3,1.000,7.2,17.9,30.1,43.4,52.8,57.7,60.4,63.1,65.4,68.0,71.4,76.2,137.9,133.6,123.8,101.1,27.5,18.8,9.7
2557,52.186,0.000,2539.1,126.1,2.2,3,16916,1.000,0.000,0.042,0.207,0.067,71.3,76.3,0,1.72,-0.033,71.3,295.6,1.000,7.2,18.2,30.2,43.3,52.5,57.4,60.1,62.8,65.1,67.8,71.3,76.6,136.8,132.4,122.6,100.2,27.4,18.7,9.6
2558,52.206,0.000,2539.8,127.2,2.2,3,16877,1.000,0.000,0.045,0.202,0.068,71.0,74.0,0,1.71,-0.029,71.0,293.5,1.000,7.3,18.4,30.3,43.1,52.2,57.0,59.7,62.4,64.7,67.5,71.0,76.7,135.8,131.4,121.6,99.4,27.3,18.5,9.6
2559,52.226,0.000,2540.5,128.3,2.2,3,16853,1.000,0.000,0.047,0.196,0.069,70.5,72.5,0,1.71,-0.026,70.5,291.5,1.000,7.3,18.6,30.2,42.8,51.7,56.5,59.1,61.9,64.2,66.9,70.5,76.3,135.0,130.6,120.8,98.8,27.2,18.4,9.5
2560,52.246,0.000,2541.2,129.4,2.2,3,16844,1.000,0.000,0.046,0.189,0.069,69.8,71.4,0,1.72,-0.022,69.8,290.0,1.000,7.4,18.7,30.1,42.4,51.2,55.8,58.5,61.2,63.5,66.2,69.8,75.5,134.3,130.0,120.3,98.4,27.3,18.3,9.5
2561,52.266,0.000,2541.9,130.4,2.0,3,16845,0.000,0.000,0.043,0.183,0.069,68.8,70.2,0,1.74,-0.019,68.8,288.6,1.000,7.5,18.8,29.9,41.9,50.5,55.1,57.7,60.4,62.7,65.4,68.8,74.2,133.7,129.4,119.8,98.1,27.5,18.2,9.4
2562,52.286,0.000,2542.7,131.5,1.8,3,16180,0.200,0.000,0.039,0.177,0.068,67.7,30.0,0,1.76,-0.017,67.7,287.2,1.000,7.5,18.9,29.7,41.4,49.8,54.4,56.9,59.6,61.8,64.4,67.7,72.7,133.2,129.0,119.6,97.9,27.7,18.2,9.4
2563,52.306,0.000,2543.4,132.4,1.5,3,15717,0.360,0.000,0.032,0.170,0.067,66.4,0.6,0,1.80,-0.014,66.4,286.5,1.000,7.6,18.9,29.4,40.8,49.1,53.5,56.0,58.6,60.7,63.2,66.4,70.9,132.9,128.7,119.5,97.9,28.1,18.1,9.3
2564,52.326,0.000,2544.1,132.8,1.0,3,15383,0.488,0.000,0.019,0.163,0.065,64.7,-6.4,0,1.85,-0.012,64.7,286.8,1.000,7.6,18.8,29.0,40.0,48.1,52.5,54.9,57.4,59.4,61.8,64.7,68.6,132.9,128.8,119.9,98.3,28.8,18.1,9.3
2565,52.346,0.000,2544.9,133.1,0.6,3,15136,0.590,0.000,0.006,0.156,0.062,63.1,-4.4,0,1.91,-0.011,63.1,287.4,1.000,7.7,18.7,28.6,39.3,47.2,51.5,53.8,56.2,58.1,60.4,63.1,66.6,132.8,128.8,120.1,98.7,29.6,18.2,9.2
2566,52.366,0.000,2545.6,133.5,0.2,3,14968,0.672,0.000,-0.004,0.149,0.061,61.8,-2.3,0,1.99,-0.009,61.8,276.0,1.000,7.7,18.7,28.2,38.7,46.4,50.6,52.9,55.2,57.0,59.2,61.8,65.1,74.7,128.6,120.1,98.8,30.4,18.2,9.2
2567,52.386,0.000,2546.3,134.0,0.0,3,14861,0.738,0.000,-0.008,0.141,0.060,60.8,-0.7,0,2.03,-0.008,60.8,276.7,1.000,7.8,18.7,28.0,38.1,45.7,49.8,52.1,54.3,56.2,58.3,60.8,63.9,72.0,128.1,119.8,98.7,31.3,18.2,9.2
2568,52.406,0.000,2547.1,134.6,-0.1,3,14803,0.790,0.000,-0.008,0.134,0.060,60.0,0.7,0,2.05,-0.006,60.0,277.0,1.000,7.8,18.7,27.8,37.7,45.1,49.2,51.4,53.6,55.4,57.5,60.0,63.1,70.8,127.4,119.2,98.3,32.1,18.2,9.1
2569,52.426,0.000,2547.8,135.3,-0.1,3,14779,0.832,0.000,-0.007,0.126,0.060,59.3,1.9,0,2.07,-0.005,59.3,276.8,1.000,7.9,18.7,27.6,37.3,44.6,48.6,50.8,53.0,54.8,56.9,59.3,62.4,70.1,126.7,118.5,97.7,33.2,18.1,9.0
2570,52.446,0.000,2548.6,136.1,-0.1,3,14782,0.866,0.000,-0.004,0.118,0.061,58.7,2.9,0,2.10,-0.005,58.7,276.3,1.000,8.0,18.8,27.5,37.0,44.1,48.0,50.2,52.4,54.2,56.2,58.7,61.7,69.5,125.9,117.7,97.2,34.6,18.1,9.0
2571,52.466,0.000,2549.3,136.8,-0.1,3,14804,0.893,0.000,-0.002,0.111,0.061,58.0,3.9,0,2.14,-0.004,58.0,275.4,1.000,8.1,18.8,27.3,36.6,43.6,47.4,49.6,51.8,53.5,55.6,58.0,61.1,69.0,125.0,116.9,96.6,37.5,18.1,8.9
2572,52.486,0.000,2550.1,137.7,-0.1,3,14842,0.914,0.000,-0.013,0.103,0.062,57.4,5.1,0,2.56,-0.003,57.4,272.2,1.000,8.1,18.8,27.1,36.2,43.0,46.8,49.0,51.1,52.9,54.9,57.4,60.4,68.3,124.2,116.2,96.0,66.1,18.1,8.8
2573,52.506,0.000,2550.9,138.5,-0.1,3,14896,0.931,0.000,-0.009,0.095,0.062,56.7,6.4,0,2.58,-0.003,56.7,268.5,1.000,8.2,18.7,26.9,35.8,42.5,46.3,48.4,50.5,52.3,54.3,56.7,59.8,67.9,123.4,115.4,95.4,66.5,18.1,8.8
2574,52.526,0.000,2551.6,139.4,-0.1,3,14960,0.945,0.000,-0.004,0.087,0.063,56.1,7.7,0,2.60,-0.002,56.1,265.1,1.000,8.3,18.7,26.7,35.4,42.0,45.7,47.8,49.9,51.7,53.7,56.1,59.2,67.7,122.5,114.6,94.7,66.6,18.1,8.7
2575,52.546,0.000,2552.4,140.2,-0.0,3,15035,0.956,0.000,0.001,0.078,0.064,55.5,10.0,0,2.62,-0.002,55.5,261.3,1.000,8.4,18.7,26.5,35.0,41.5,45.1,47.2,49.3,51.1,53.1,55.5,58.6,67.6,121.6,113.7,94.1,66.8,18.1,8.6
2576,52.566,0.000,2553.2,140.9,0.0,3,15152,0.965,0.000,0.005,0.070,0.064,54.8,17.4,0,2.65,-0.002,54.8,254.3,1.000,8.4,18.6,26.3,34.6,41.0,44.5,46.6,48.7,50.4,52.4,54.8,57.9,67.2,120.8,113.0,93.5,67.0,18.2,8.6
2577,52.586,0.000,2554.0,141.7,0.0,3,15288,0.972,0.000,0.008,0.062,0.064,54.1,20.8,0,2.68,-0.001,54.1,252.9,1.000,8.5,18.5,26.0,34.2,40.4,43.9,45.9,48.0,49.7,51.7,54.1,57.1,66.0,120.0,112.3,93.0,67.1,18.3,8.5
2578,52.606,0.000,2554.8,142.6,0.0,3,15421,0.977,0.000,0.009,0.053,0.064,53.2,21.6,0,2.72,-0.001,53.2,254.4,1.000,8.6,18.4,25.7,33.7,39.8,43.2,45.2,47.2,48.9,50.9,53.2,56.2,64.2,119.4,111.7,92.6,67.4,18.5,8.4
2579,52.626,0.000,2555.6,143.6,-0.1,3,15540,0.982,0.000,0.009,0.045,0.064,52.2,20.5,0,2.77,-0.001,52.2,256.7,1.000,8.6,18.3,25.4,33.2,39.1,42.4,44.4,46.4,48.1,50.0,52.2,55.1,62.3,118.8,111.2,92.3,67.7,18.7,8.4
2580,52.646,0.000,2556.4,144.7,-0.1,3,15637,0.986,0.000,0.009,0.036,0.063,51.2,18.0,0,2.83,-0.001,51.2,259.1,1.000,8.6,18.1,25.1,32.6,38.4,41.7,43.6,45.6,47.2,49.0,51.2,54.0,60.5,118.2,110.7,92.0,68.0,19.0,8.4
2581,52.666,0.000,2557.2,145.8,-0.2,3,15711,0.988,0.000,0.007,0.028,0.062,50.2,15.0,0,2.89,-0.001,50.2,260.5,1.000,8.7,18.0,24.7,32.0,37.7,40.9,42.8,44.7,46.3,48.1,50.2,52.8,58.7,117.7,110.3,91.8,68.2,19.3,8.3
2582,52.686,0.000,2558.0,146.9,-0.3,3,15765,0.991,0.000,0.006,0.019,0.062,49.1,12.6,0,2.95,-0.000,49.1,258.4,1.000,8.7,17.8,24.4,31.5,37.0,40.1,41.9,43.8,45.3,47.1,49.1,51.7,57.1,117.1,109.9,91.6,68.4,19.7,8.3
2583,52.706,0.000,2558.8,147.9,-0.4,3,15814,0.993,0.000,-0.004,0.010,0.059,48.1,11.2,0,3.00,-0.000,48.1,256.3,1.000,8.7,17.6,24.0,30.9,36.3,39.3,41.1,42.9,44.4,46.1,48.1,50.6,55.7,116.5,109.4,91.4,68.5,20.1,8.3
2584,52.726,0.000,2559.6,148.9,-0.4,3,15864,0.994,0.000,-0.037,0.002,0.051,47.2,10.7,0,3.06,-0.000,47.2,254.7,1.000,8.7,17.4,23.6,30.4,35.6,38.5,40.3,42.1,43.6,45.3,47.2,49.6,54.4,115.9,108.8,91.0,68.5,20.6,8.3
2585,52.746,0.000,2560.4,149.6,-0.5,3,15938,0.995,0.000,-0.066,-0.005,0.045,46.5,16.1,0,3.09,-0.000,46.5,248.3,1.000,8.7,17.3,23.3,29.9,35.0,37.9,39.7,41.4,42.9,44.5,46.5,48.8,53.6,115.0,108.0,90.4,68.2,21.1,8.3
2586,52.766,0.000,2561.3,150.4,-0.4,3,16065,0.996,0.000,-0.085,-0.011,0.040,46.2,22.3,0,3.09,-0.000,46.2,242.6,1.000,8.7,17.2,23.1,29.6,34.6,37.5,39.2,41.0,42.5,44.2,46.2,48.6,53.9,113.7,106.7,89.2,67.4,21.4,8.3
2587,52.786,0.000,2562.1,151.3,-0.1,3,16194,0.997,0.000,-0.092,-0.017,0.037,46.5,23.8,0,3.03,-0.000,46.5,241.7,1.000,8.7,17.2,23.1,29.4,34.4,37.3,39.1,41.0,42.5,44.3,46.5,49.3,56.9,111.8,104.6,87.3,66.1,21.5,8.2
2588,52.806,0.000,2563.0,152.4,0.4,3,16302,0.998,0.000,-0.082,-0.022,0.036,47.6,22.7,0,2.74,-0.000,47.6,251.2,1.000,8.8,17.2,23.1,29.5,34.4,37.4,39.3,41.3,43.0,45.1,47.6,51.1,112.8,109.3,102.0,84.8,64.3,21.5,8.2
2589,52.826,0.000,2563.8,153.5,1.1,3,16373,0.998,0.000,-0.066,-0.026,0.037,49.5,19.8,0,2.41,-0.000,49.5,254.5,1.000,8.8,17.3,23.2,29.6,34.5,37.7,39.8,42.0,43.9,46.3,49.5,113.1,110.2,106.6,99.0,82.2,62.3,21.3,8.2
2590,52.846,0.000,2564.7,154.5,1.8,3,16413,0.998,0.000,-0.059,-0.030,0.037,53.9,16.0,0,2.32,-0.000,53.9,252.9,1.000,8.8,17.3,23.3,29.6,34.6,38.0,40.3,42.8,45.1,48.1,53.9,110.5,107.5,103.8,96.0,79.7,60.3,21.2,8.1
2591,52.866,0.000,2565.5,155.6,2.3,3,16437,0.999,0.000,-0.047,-0.033,0.036,110.1,13.2,0,2.02,-0.000,110.1,258.9,1.000,8.8,17.4,23.3,29.7,34.8,38.4,40.9,43.8,46.6,51.1,110.1,107.9,104.8,101.1,92.9,77.4,58.4,21.1,8.1
2592,52.886,0.000,2566.4,156.5,2.7,3,16486,0.999,0.000,-0.037,-0.036,0.036,109.7,15.1,0,1.74,-0.000,109.7,257.2,1.000,8.9,17.4,23.3,29.7,34.9,38.8,41.6,45.0,48.8,109.7,107.6,105.4,102.3,98.4,90.0,75.3,56.7,21.1,8.1
2593,52.906,0.000,2567.3,157.4,3.1,3,16543,0.999,0.000,-0.030,-0.038,0.035,109.3,15.8,0,1.46,-0.000,109.3,257.1,1.000,8.9,17.4,23.3,29.6,35.0,39.2,42.4,46.7,109.3,107.3,105.2,103.0,99.7,95.7,87.2,73.3,55.1,21.1,8.1
2594,52.926,0.000,2568.2,158.4,3.4,3,16595,0.999,0.000,-0.033,-0.040,0.033,107.1,15.5,0,1.41,-0.000,107.1,254.5,1.000,8.9,17.4,23.2,29.5,35.2,39.7,43.5,50.0,107.1,105.0,102.8,100.6,97.3,93.2,84.7,71.5,53.6,21.2,8.1
2595,52.946,0.000,2569.0,159.4,3.6,3,16644,0.999,0.000,0.167,-0.042,0.031,104.9,14.8,0,1.15,0.470,104.9,254.5,1.000,8.9,17.3,23.1,29.4,35.3,40.3,44.8,106.9,104.9,102.8,100.6,98.3,94.9,90.7,82.5,69.8,52.3,21.4,8.1
2596,52.966,0.000,2569.9,160.4,3.9,3,16684,1.000,0.000,0.225,-0.042,0.026,103.4,13.7,0,1.15,0.470,105.4,253.0,1.000,8.8,17.1,22.8,29.0,35.0,40.2,45.3,105.4,103.4,101.3,99.1,96.8,93.4,89.2,81.1,68.8,51.8,22.0,8.1
2597,52.986,0.000,2570.8,161.4,3.5,3,16716,1.000,0.000,0.179,-0.042,0.013,103.7,12.4,0,1.23,0.470,104.7,254.9,1.000,8.7,16.7,22.1,27.9,33.5,38.2,42.2,105.7,103.7,101.7,99.5,97.3,94.1,90.1,82.0,69.3,52.9,23.9,8.2
2598,53.006,0.000,2571.7,162.3,2.1,3,16755,1.000,0.000,0.081,-0.040,-0.005,103.3,12.1,0,1.89,0.470,103.3,251.5,1.000,8.6,16.0,21.1,26.5,31.4,35.2,38.1,41.9,48.4,103.3,101.3,99.2,96.2,92.4,84.6,71.0,55.0,27.8,8.4
2599,53.026,0.000,2572.6,163.3,0.3,3,16796,1.000,0.000,-0.019,-0.037,-0.025,103.1,11.2,0,2.37,0.470,103.1,252.3,1.000,8.4,15.4,20.0,25.0,29.4,32.6,34.8,37.4,39.9,43.9,103.1,101.2,98.3,94.8,87.6,73.1,57.0,31.6,8.6
2600,53.046,0.000,2573.5,164.4,-1.2,3,16828,1.000,0.000,-0.104,-0.033,-0.041,43.2,10.0,0,2.84,0.470,98.7,247.8,1.000,8.2,14.8,19.2,23.9,27.9,30.7,32.7,34.8,36.7,39.2,43.2,102.1,99.4,96.1,89.3,74.6,58.1,34.3,8.9
2601,53.066,0.000,2574.5,165.4,-1.9,3,16847,1.000,0.000,-0.150,-0.027,-0.052,40.9,8.1,0,2.93,0.470,96.0,252.7,1.000,8.1,14.5,18.7,23.1,27.0,29.7,31.6,33.6,35.3,37.6,40.9,101.7,99.0,95.8,89.2,74.5,58.1,35.5,9.0
2602,53.086,0.000,2575.4,166.4,-1.7,3,16857,1.000,0.000,-0.166,-0.020,-0.056,42.5,6.1,0,2.91,0.470,42.5,251.0,1.000,8.1,14.3,18.4,22.8,26.7,29.5,31.4,33.5,35.4,38.0,42.5,100.0,97.3,94.1,87.4,73.1,57.1,35.4,9.1
2603,53.106,0.000,2576.3,167.4,-0.9,3,16868,1.000,0.000,-0.150,-0.013,-0.056,99.2,5.1,0,2.53,0.470,99.2,250.1,1.000,8.0,14.2,18.3,22.7,26.8,29.8,32.0,34.5,37.0,41.2,99.2,97.3,94.6,91.3,84.4,70.6,55.4,34.6,9.2
2604,53.126,0.000,2577.2,168.3,0.1,3,16895,1.000,0.000,-0.124,-0.004,-0.053,97.9,5.2,0,2.14,0.470,97.9,248.1,1.000,7.9,14.2,18.2,22.7,27.2,30.6,33.3,36.7,42.1,97.9,96.0,94.1,91.3,87.9,80.7,67.8,53.4,33.5,9.3
2605,53.146,0.000,2578.2,169.2,1.2,3,16943,1.000,0.000,-0.089,0.004,-0.051,96.5,6.3,0,1.49,0.470,96.5,248.0,1.000,7.9,14.1,18.2,22.9,27.8,31.9,35.5,98.4,96.5,94.7,92.7,90.7,87.8,84.3,77.0,65.1,51.4,32.4,9.3
2606,53.166,0.000,2579.1,170.1,2.1,3,17010,1.000,0.000,-0.067,0.014,-0.048,93.4,7.7,0,1.13,0.470,93.4,246.4,1.000,7.8,14.1,18.2,23.1,28.5,33.7,97.8,95.2,93.4,91.4,89.4,87.4,84.4,80.7,73.6,62.6,49.6,31.4,9.4
2607,53.186,0.000,2580.1,171.0,2.9,3,17087,1.000,0.000,-0.076,0.024,-0.047,90.3,8.9,0,1.09,0.440,90.3,242.1,1.000,7.8,14.0,18.1,23.2,29.4,36.8,94.8,92.2,90.3,88.3,86.3,84.2,81.1,77.2,70.6,60.4,47.9,30.6,9.5
2608,53.206,0.000,2581.0,171.9,3.5,3,17168,1.000,0.000,-0.264,0.034,-0.046,87.3,9.8,0,0.72,0.000,87.3,242.1,1.000,7.7,13.9,18.0,23.5,30.6,94.8,91.9,89.2,87.3,85.3,83.2,81.0,77.8,74.0,67.8,58.3,46.3,29.9,9.5
2609,53.226,0.000,2582.0,172.7,3.9,3,17244,1.000,0.000,-0.251,0.045,-0.044,83.9,11.2,0,0.69,0.000,83.9,236.9,1.000,7.6,13.8,18.0,23.9,32.9,91.6,88.6,85.9,83.9,81.9,79.7,77.4,74.1,70.7,65.0,56.1,44.6,29.1,9.6
2610,53.246,0.000,2582.9,173.6,4.5,3,17291,1.000,0.000,-0.212,0.055,-0.039,80.0,11.0,0,0.19,0.000,80.0,240.7,1.000,7.6,13.8,18.1,24.7,93.4,88.0,84.9,82.1,80.0,77.8,75.6,73.3,70.2,67.1,61.9,53.8,42.6,28.1,9.7
2611,53.266,0.000,2583.9,174.5,5.3,3,17343,1.000,0.000,-0.187,0.066,-0.034,75.8,11.2,0,0.16,0.000,75.8,234.9,1.000,7.5,13.7,18.4,26.0,89.7,84.1,80.9,78.0,75.8,73.5,71.3,69.2,66.5,63.7,59.0,51.5,40.7,27.1,9.7
2612,53.286,0.000,2584.8,175.2,6.0,3,17411,1.000,0.000,-0.163,0.077,-0.030,71.5,11.8,0,0.14,0.000,71.5,229.4,1.000,7.5,13.7,18.7,28.0,85.9,80.1,76.8,73.7,71.5,69.4,67.4,65.5,63.0,60.5,56.2,49.3,38.9,26.2,9.8
2613,53.306,0.000,2585.8,176.0,6.8,3,17496,1.000,0.000,-0.133,0.087,-0.024,67.2,13.0,0,0.08,0.000,67.2,223.3,1.000,7.4,13.8,19.2,33.2,81.8,75.8,72.3,69.3,67.2,65.3,63.6,61.9,59.6,57.3,53.4,47.1,37.0,25.3,9.8
2614,53.326,0.000,2586.8,176.7,7.7,3,17595,1.000,0.000,-0.073,0.097,-0.018,63.3,14.3,0,-0.78,0.000,63.3,234.3,1.000,7.4,13.9,19.9,88.4,77.5,71.2,67.8,65.1,63.3,61.6,60.0,58.4,56.5,54.3,50.8,44.9,35.2,24.3,9.8
2615,53.346,0.000,2587.8,177.6,8.5,3,17656,1.000,0.000,-0.048,0.107,-0.012,59.8,13.5,0,-0.79,0.000,59.8,228.4,1.000,7.3,14.1,20.9,84.5,73.2,66.9,63.8,61.4,59.8,58.2,56.8,55.4,53.6,51.7,48.5,42.8,33.6,23.5,9.8
2616,53.366,0.000,2588.8,178.5,8.9,3,17625,1.000,0.000,-0.036,0.117,-0.010,57.0,11.4,0,-0.79,0.000,57.0,222.6,1.000,7.3,14.2,21.8,81.1,69.5,63.5,60.7,58.5,57.0,55.6,54.2,53.0,51.3,49.5,46.5,41.1,32.3,22.9,9.9
2617,53.386,0.000,2589.8,179.4,8.7,3,17651,1.000,0.000,-0.038,0.127,-0.010,54.8,10.5,0,-0.79,0.000,54.8,217.5,1.000,7.2,14.2,22.9,78.3,66.4,60.9,58.3,56.2,54.8,53.5,52.2,51.0,49.5,47.8,44.9,39.7,31.3,22.5,10.0
2618,53.406,0.000,2590.7,180.2,8.2,3,17707,1.000,0.000,-0.046,0.137,-0.012,52.9,10.4,0,-0.80,0.000,52.9,212.8,1.000,7.1,14.3,24.2,75.7,63.8,58.6,56.2,54.2,52.9,51.6,50.4,49.3,47.8,46.2,43.5,38.4,30.5,22.1,10.1
2619,53.426,0.000,2591.7,181.1,7.8,3,17773,1.000,0.000,-0.053,0.147,-0.014,51.0,10.7,0,-0.83,0.000,51.0,207.7,1.000,7.0,14.5,26.7,72.9,61.2,56.3,54.0,52.2,51.0,49.8,48.7,47.6,46.2,44.7,42.1,37.2,29.6,21.7,10.1
2620,53.446,0.000,2592.7,181.9,7.6,3,17833,1.000,0.000,0.147,0.156,-0.015,49.1,11.1,0,-2.67,0.471,49.1,214.2,1.000,6.9,14.7,87.0,70.1,58.7,54.1,52.0,50.2,49.1,48.0,46.9,45.9,44.6,43.1,40.7,35.9,28.7,21.2,10.2
2621,53.466,0.000,2593.7,183.0,7.3,3,17600,1.000,0.000,0.128,0.166,-0.020,47.7,5.1,0,-2.67,0.432,47.7,210.1,1.000,6.8,14.9,85.1,68.1,57.0,52.6,50.5,48.8,47.7,46.6,45.6,44.7,43.4,42.0,39.6,35.1,28.2,21.0,10.2
2622,53.486,0.000,2594.8,184.0,5.6,3,17632,1.000,0.000,0.038,0.177,-0.035,47.5,1.7,0,-2.66,0.389,47.5,207.3,1.000,6.7,14.6,84.7,68.0,56.9,52.4,50.3,48.6,47.5,46.4,45.4,44.4,43.1,41.7,39.3,34.9,28.2,21.1,10.4
2623,53.506,0.000,2595.8,185.0,3.4,3,17692,1.000,0.000,-0.051,0.188,-0.052,47.5,1.4,0,-2.66,0.376,47.5,204.6,1.000,6.6,14.3,84.7,68.4,57.2,52.6,50.5,48.7,47.5,46.4,45.4,44.4,43.0,41.6,39.2,34.9,28.3,21.3,10.5
2624,53.526,0.000,2596.8,185.9,1.7,3,17797,1.000,0.000,-0.110,0.200,-0.067,47.4,3.1,0,-2.65,0.406,47.4,202.0,1.000,6.5,14.1,84.4,68.4,57.3,52.5,50.3,48.6,47.4,46.2,45.2,44.2,42.8,41.4,38.9,34.7,28.3,21.4,10.6
2625,53.546,0.000,2597.8,186.8,0.6,3,17910,1.000,0.000,-0.073,0.212,-0.063,46.8,5.2,0,-2.66,0.446,46.8,199.4,1.000,6.4,14.0,83.6,67.7,56.7,52.0,49.8,48.0,46.8,45.7,44.6,43.6,42.3,40.8,38.4,34.3,28.1,21.3,10.7
2626,53.566,0.000,2598.9,187.5,0.1,3,18378,1.000,0.000,-0.006,0.223,-0.057,45.9,12.5,0,-2.67,0.517,45.9,196.7,1.000,6.3,14.1,82.4,66.6,55.7,51.0,48.9,47.1,45.9,44.8,43.8,42.8,41.4,40.0,37.7,33.6,27.6,21.1,10.7
2627,53.586,0.000,2599.9,188.0,0.0,3,19015,1.000,0.000,0.076,0.233,-0.050,44.9,23.2,0,-2.68,0.597,44.9,194.1,1.000,6.3,14.4,80.9,65.2,54.4,49.8,47.7,46.0,44.9,43.8,42.8,41.8,40.5,39.1,36.8,32.9,27.1,20.8,10.7
2628,53.606,0.000,2601.0,188.7,0.0,3,19312,1.000,0.000,0.147,0.241,-0.044,44.0,27.8,0,-2.70,0.662,44.0,192.0,1.000,6.3,14.6,79.7,64.1,53.4,48.9,46.8,45.1,44.0,42.9,41.9,40.9,39.7,38.3,36.0,32.2,26.7,20.6,10.7
2629,53.626,0.000,2602.0,189.6,-0.4,3,19335,1.000,0.000,0.195,0.248,-0.042,43.6,27.0,0,-2.71,0.714,43.6,190.6,1.000,6.2,14.7,79.1,63.7,53.2,48.6,46.5,44.7,43.6,42.5,41.5,40.5,39.3,37.9,35.6,31.8,26.4,20.5,10.7
2630,53.646,0.000,2603.1,190.6,-1.5,3,19215,0.000,0.000,0.214,0.255,-0.044,43.9,23.4,0,-2.72,0.755,43.9,190.0,1.000,6.2,14.4,79.4,64.3,53.9,49.1,46.9,45.1,43.9,42.8,41.7,40.7,39.4,38.0,35.6,31.7,26.4,20.6,10.8
2631,53.666,0.000,2604.2,191.2,-2.9,3,17458,0.000,0.000,0.215,0.261,-0.050,44.7,-11.4,0,-2.71,0.788,44.7,190.0,1.000,6.1,14.1,80.2,65.5,55.5,50.3,47.9,46.0,44.7,43.5,42.4,41.3,39.9,38.4,35.9,31.8,26.6,20.8,10.9
2632,53.686,0.000,2605.3,190.7,-4.0,3,17265,0.000,0.000,0.208,0.267,-0.057,45.9,-16.9,0,-2.69,0.814,45.9,190.4,1.000,6.0,13.6,81.2,66.8,57.2,52.0,49.3,47.3,45.9,44.6,43.3,42.2,40.7,39.1,36.4,32.1,26.8,21.0,11.0
2633,53.706,0.000,2606.3,190.1,-5.1,3,17170,1.000,0.000,0.195,0.273,-0.065,47.3,-17.4,0,-2.66,0.835,47.3,191.1,1.000,5.9,13.2,82.2,68.1,58.9,53.9,51.1,48.8,47.3,45.9,44.5,43.3,41.7,39.9,37.1,32.5,27.1,21.3,11.1
2634,53.726,0.000,2607.4,190.3,-6.0,3,17845,1.000,0.000,0.180,0.280,-0.072,49.0,2.8,0,-2.62,0.852,49.0,199.3,1.000,5.8,12.8,83.2,69.5,60.5,55.7,53.1,50.7,49.0,47.5,46.0,44.6,42.8,41.0,37.9,33.0,27.3,21.6,11.3
2635,53.746,0.000,2608.5,190.9,-7.1,3,18439,1.000,0.000,0.164,0.287,-0.080,51.0,7.2,0,-2.56,0.866,51.0,203.6,1.000,5.7,12.4,84.2,70.7,62.0,57.4,54.9,52.6,51.0,49.3,47.7,46.1,44.2,42.1,38.8,33.5,27.5,21.8,11.4
2636,53.766,0.000,2609.6,191.6,-8.2,3,18586,1.000,0.000,0.136,0.295,-0.086,52.8,9.0,0,-2.50,0.852,52.8,205.8,1.000,5.6,12.0,85.1,71.9,63.4,59.0,56.5,54.3,52.8,51.2,49.5,47.9,45.7,43.4,39.8,34.1,27.7,22.0,11.5
2637,53.786,0.000,2610.6,192.3,-9.1,3,18712,1.000,0.000,0.107,0.302,-0.091,54.2,10.2,0,-2.44,0.823,54.2,207.5,1.000,5.5,11.8,85.8,72.8,64.5,60.2,57.8,55.7,54.2,52.6,51.1,49.5,47.2,44.8,40.8,34.7,27.9,22.1,11.6
2638,53.806,0.000,2611.7,193.0,-9.8,3,18817,1.000,0.000,0.085,0.310,-0.094,55.2,11.0,0,-2.39,0.788,55.2,208.5,1.000,5.5,11.6,86.2,73.4,65.2,61.0,58.7,56.7,55.2,53.7,52.2,50.6,48.5,45.9,41.7,35.2,28.1,22.1,11.7
2639,53.826,0.000,2612.8,193.8,-10.1,3,18900,1.000,0.000,0.072,0.317,-0.094,55.7,11.1,0,-2.35,0.749,55.7,208.8,1.000,5.4,11.5,86.2,73.5,65.5,61.4,59.1,57.1,55.7,54.3,52.8,51.3,49.2,46.8,42.3,35.5,28.1,22.0,11.7
2640,53.846,0.000,2613.9,194.6,-10.0,3,18985,1.000,0.000,0.071,0.325,-0.092,55.8,11.4,0,-2.33,0.707,55.8,206.4,1.000,5.4,11.6,85.9,73.3,65.4,61.4,59.2,57.2,55.8,54.4,53.0,51.5,49.5,47.1,42.6,35.5,28.0,21.8,11.8
2641,53.866,0.000,2615.0,195.4,-9.6,3,19017,1.000,0.000,0.101,0.332,-0.086,55.6,10.7,0,-2.32,0.703,55.6,203.2,1.000,5.3,11.7,85.3,72.8,65.0,61.0,58.8,56.9,55.6,54.2,52.8,51.4,49.4,47.1,42.6,35.4,27.8,21.5,11.7
2642,53.886,0.000,2616.1,196.3,-8.9,3,19030,1.000,0.000,0.140,0.338,-0.080,55.1,9.5,0,-2.31,0.702,55.1,201.5,1.000,5.3,12.0,84.4,72.1,64.4,60.4,58.3,56.4,55.1,53.7,52.3,51.0,49.0,46.8,42.5,35.2,27.5,21.2,11.7
2643,53.906,0.000,2617.3,197.1,-8.1,3,19074,1.000,0.000,0.175,0.344,-0.072,54.5,9.1,0,-2.31,0.682,54.5,199.1,1.000,5.3,12.5,83.6,71.3,63.7,59.8,57.7,55.9,54.5,53.2,51.9,50.5,48.6,46.4,42.3,34.9,27.2,20.9,11.6
2644,53.926,0.000,2618.4,198.0,-7.3,3,19078,1.000,0.000,0.206,0.350,-0.064,54.1,8.1,0,-2.31,0.656,54.1,198.6,1.000,5.3,13.1,82.8,70.6,63.1,59.3,57.2,55.4,54.1,52.8,51.5,50.1,48.3,46.1,42.1,34.7,26.9,20.6,11.6
2645,53.946,0.000,2619.5,198.8,-6.7,3,19093,1.000,0.000,0.229,0.354,-0.057,53.8,7.0,0,-2.30,0.628,53.8,200.4,1.000,5.3,13.8,82.1,70.1,62.7,58.9,56.9,55.1,53.8,52.5,51.2,49.9,48.1,46.1,42.1,34.7,26.7,20.4,11.5
2646,53.966,0.000,2620.7,199.6,-6.3,3,19153,1.000,0.000,0.139,0.358,-0.051,53.7,6.8,0,-2.28,0.389,53.7,200.9,1.000,5.3,14.3,81.7,69.8,62.5,58.7,56.7,55.0,53.7,52.5,51.2,50.0,48.2,46.2,42.4,35.0,26.7,20.3,11.4
2647,53.986,0.000,2621.8,200.3,-6.2,3,19166,1.000,0.000,0.030,0.361,-0.045,53.8,4.8,0,-2.26,0.133,53.8,201.4,1.000,5.3,14.7,81.4,69.6,62.4,58.7,56.7,55.0,53.8,52.6,51.3,50.1,48.4,46.4,42.7,35.4,26.8,20.2,11.4
2648,54.006,0.000,2622.9,201.1,-6.2,3,19197,0.000,0.000,0.039,0.363,-0.038,53.7,2.7,0,-2.24,0.102,53.7,200.7,1.000,5.4,15.1,80.9,69.3,62.1,58.5,56.6,54.9,53.7,52.5,51.2,50.0,48.3,46.4,42.8,35.7,26.8,20.1,11.3
2649,54.026,0.000,2624.1,201.2,-5.6,3,18205,0.000,0.000,0.082,0.363,-0.026,53.2,-17.4,0,-2.24,0.092,53.2,199.3,1.000,5.4,15.6,80.1,68.5,61.4,57.9,56.0,54.3,53.2,52.0,50.8,49.6,47.9,46.1,42.5,35.6,26.7,19.9,11.2
2650,54.046,0.000,2625.3,200.6,-4.6,3,18144,0.000,0.000,0.130,0.362,-0.013,52.5,-18.1,0,-2.24,0.082,52.5,197.7,1.000,5.5,16.1,79.2,67.7,60.7,57.2,55.3,53.7,52.5,51.4,50.2,49.1,47.4,45.6,42.2,35.5,26.5,19.7,11.0
2651,54.066,0.000,2626.4,200.1,-3.9,3,18088,0.000,0.000,0.169,0.360,-0.002,52.3,-18.1,0,-2.22,0.072,52.3,196.7,1.000,5.6,16.3,78.6,67.2,60.3,56.9,55.0,53.4,52.3,51.1,50.0,48.9,47.3,45.5,42.1,35.6,26.6,19.7,10.9
2652,54.086,0.000,2627.6,199.5,-3.8,3,18022,0.000,0.000,0.199,0.355,0.007,52.5,-18.1,0,-2.18,0.060,53.4,196.7,1.000,5.8,16.2,78.4,67.2,60.4,57.0,55.2,53.6,52.5,51.3,50.2,49.1,47.5,45.8,42.5,36.2,27.0,19.8,10.8
2653,54.106,0.000,2628.7,198.8,-4.1,3,17977,0.000,0.000,0.288,0.350,0.013,53.1,-17.7,0,-0.83,0.000,54.8,197.5,1.000,5.9,15.8,33.4,67.6,60.9,57.5,55.7,54.2,53.1,52.0,50.9,49.8,48.2,46.5,43.3,37.1,27.8,20.1,10.7
2654,54.126,0.000,2629.9,198.1,-4.9,3,17902,1.000,0.000,0.267,0.343,0.017,54.1,-17.4,0,-0.69,0.000,56.3,199.2,1.000,5.9,15.2,28.8,68.5,61.8,58.5,56.8,55.2,54.1,53.0,52.0,50.9,49.4,47.6,44.5,38.3,29.0,20.6,10.7
2655,54.146,0.000,2631.0,198.2,-6.3,3,18903,1.000,0.000,0.251,0.334,0.021,55.5,2.5,0,-0.57,0.000,58.0,201.5,1.000,5.9,14.5,25.7,69.7,63.1,59.8,58.1,56.6,55.5,54.4,53.3,52.2,50.8,49.1,45.9,39.9,30.6,21.3,10.8
2656,54.166,0.000,2632.2,198.7,-7.6,3,19046,1.000,0.000,0.225,0.323,0.021,57.2,4.8,0,-0.45,0.000,59.7,204.5,1.000,5.9,13.7,22.8,71.2,64.7,61.5,59.8,58.2,57.2,56.1,55.0,54.0,52.5,50.8,47.7,41.7,32.4,22.4,10.9
2657,54.186,0.000,2633.3,199.1,-9.8,3,19196,1.000,0.000,0.110,0.312,0.002,59.4,6.7,0,-0.33,0.000,59.7,208.5,1.000,5.8,12.8,20.0,73.3,66.9,63.7,62.0,60.5,59.4,58.4,57.3,56.2,54.8,53.1,50.0,44.0,34.7,24.0,11.1
2658,54.206,0.000,2634.4,199.6,-12.4,3,19196,1.000,0.000,-0.072,0.304,-0.027,61.6,5.8,0,0.47,0.000,61.6,200.3,1.000,5.8,11.9,17.9,31.0,69.0,65.9,64.2,62.7,61.6,60.6,59.5,58.5,57.0,55.4,52.3,46.3,36.9,26.0,11.4
2659,54.226,0.000,2635.5,200.4,-13.0,3,18970,1.000,0.000,-0.173,0.298,-0.044,62.4,-0.7,0,0.58,0.000,62.4,201.7,1.000,5.7,11.5,16.8,26.0,69.8,66.6,64.9,63.5,62.4,61.4,60.4,59.3,57.9,56.3,53.2,47.3,38.0,27.1,11.5
2660,54.246,0.000,2636.6,201.3,-10.6,3,18906,0.000,0.000,-0.175,0.296,-0.042,60.9,-3.9,0,0.55,0.000,60.9,198.6,1.000,5.7,11.6,17.0,27.8,68.2,65.0,63.4,62.0,60.9,59.9,58.9,57.9,56.5,54.9,51.9,46.1,37.1,26.7,11.5
2661,54.266,0.000,2637.7,201.3,-6.4,3,18230,1.000,0.000,-0.084,0.294,-0.026,57.9,-17.9,0,-0.21,0.000,57.9,204.3,1.000,5.8,12.1,18.1,71.1,65.0,61.9,60.3,58.9,57.9,56.9,55.9,54.9,53.5,52.0,49.1,43.5,35.1,25.4,11.3
2662,54.286,0.000,2638.8,201.7,-2.4,3,19056,0.000,0.000,-0.007,0.294,-0.009,54.7,-2.3,0,-0.27,0.000,54.7,197.7,1.000,5.9,12.7,19.6,67.7,61.6,58.6,57.1,55.7,54.7,53.7,52.8,51.8,50.5,49.0,46.2,40.9,33.0,24.1,11.1
2663,54.306,0.000,2640.0,201.7,0.2,3,18240,0.000,0.475,0.043,0.294,0.003,52.2,-18.3,0,-0.32,0.000,52.6,192.2,0.000,6.0,13.1,21.0,65.0,59.0,56.1,54.5,53.2,52.2,51.3,50.4,49.4,48.2,46.7,44.0,39.0,31.5,23.2,10.9
2664,54.326,0.000,2641.1,200.5,1.4,3,17838,0.000,0.616,0.064,0.293,0.009,50.5,-6.0,0,-0.35,0.000,51.5,188.2,0.000,6.1,13.4,22.4,63.0,57.1,54.3,52.8,51.5,50.5,49.6,48.7,47.8,46.5,45.1,42.6,37.7,30.5,22.8,10.9
2665,54.346,0.000,2642.2,198.6,1.5,3,17512,0.000,0.661,0.061,0.293,0.009,49.4,1.4,0,-0.36,0.000,50.3,185.3,0.000,6.1,13.4,23.6,61.6,55.9,53.0,51.6,50.3,49.4,48.5,47.6,46.7,45.5,44.1,41.6,36.9,30.0,22.5,10.9
2666,54.366,0.000,2643.3,196.3,1.1,3,17222,0.000,0.655,0.044,0.293,0.007,48.5,3.8,0,-0.37,0.000,49.2,183.2,0.000,6.0,13.3,24.9,60.6,54.9,52.1,50.7,49.4,48.5,47.7,46.8,45.9,44.7,43.4,41.0,36.4,29.7,22.5,10.9
2667,54.386,0.000,2644.4,193.8,0.5,3,16984,0.000,0.627,0.069,0.293,0.003,47.8,0.0,0,-1.72,0.000,48.1,181.2,0.000,6.0,13.2,69.3,59.7,54.1,51.4,49.9,48.7,47.8,47.0,46.1,45.3,44.1,42.8,40.4,35.9,29.4,22.4,10.9
2668,54.406,0.000,2645.4,191.3,-0.0,3,16787,0.000,0.585,0.042,0.293,-0.002,47.2,-5.1,0,-1.71,0.000,47.2,179.6,0.000,6.0,13.0,68.5,58.9,53.4,50.7,49.3,48.1,47.2,46.4,45.5,44.7,43.5,42.3,39.9,35.5,29.2,22.3,11.0
2669,54.426,0.000,2646.5,188.9,-0.7,3,16630,0.000,0.543,0.012,0.293,-0.007,46.7,-8.1,0,-1.69,0.000,46.7,178.1,0.000,6.0,12.8,67.7,58.2,52.7,50.1,48.7,47.5,46.7,45.8,45.0,44.2,43.1,41.8,39.5,35.2,29.0,22.3,11.1
2670,54.446,0.000,2647.6,186.7,-1.1,3,16549,0.000,0.524,-0.012,0.294,-0.012,46.0,-7.6,0,-1.67,0.000,46.0,176.3,0.000,5.9,12.7,66.8,57.4,52.0,49.4,48.0,46.8,46.0,45.2,44.4,43.6,42.5,41.2,39.0,34.8,28.7,22.2,11.1
2671,54.466,0.000,2648.6,184.7,-1.2,3,16393,0.000,0.541,-0.022,0.295,-0.013,45.1,-7.1,0,-1.67,0.000,45.1,173.9,0.000,5.9,12.7,65.6,56.3,51.0,48.4,47.1,45.9,45.1,44.3,43.5,42.7,41.6,40.4,38.2,34.1,28.3,22.0,11.1
2672,54.486,0.000,2649.6,182.7,-1.0,3,16194,0.000,0.583,-0.022,0.296,-0.013,44.0,-5.6,0,-1.67,0.000,44.0,171.1,0.000,5.9,12.9,64.2,55.0,49.8,47.2,45.9,44.8,44.0,43.2,42.4,41.7,40.6,39.4,37.3,33.3,27.7,21.6,11.1
2673,54.506,0.000,2650.6,180.7,-0.7,3,15962,0.000,0.635,-0.016,0.297,-0.011,42.8,-2.7,0,-1.67,0.000,42.8,168.0,0.000,5.9,13.2,62.7,53.6,48.4,46.0,44.7,43.6,42.8,42.1,41.3,40.6,39.5,38.4,36.3,32.5,27.0,21.2,11.1
2674,54.526,0.000,2651.6,178.6,-0.3,3,15710,0.000,0.685,-0.008,0.299,-0.009,41.6,1.6,0,-1.68,0.000,41.6,164.9,0.000,5.9,13.7,61.1,52.2,47.1,44.7,43.5,42.4,41.6,40.9,40.1,39.4,38.4,37.3,35.3,31.6,26.4,20.8,11.1
2675,54.546,0.000,2652.6,176.5,0.1,3,15446,0.000,0.727,0.000,0.300,-0.007,40.5,7.5,0,-1.70,0.000,40.5,161.9,0.000,5.9,14.2,59.6,50.8,45.8,43.5,42.3,41.2,40.5,39.7,39.0,38.3,37.4,36.3,34.3,30.8,25.7,20.4,11.0
2676,54.566,0.000,2653.6,174.2,0.3,3,15174,0.000,0.758,0.006,0.301,-0.006,39.4,14.6,0,-1.71,0.000,39.4,159.1,0.000,5.9,15.0,58.2,49.5,44.6,42.3,41.1,40.1,39.4,38.7,38.0,37.3,36.3,35.3,33.4,30.0,25.1,20.0,11.0
2677,54.586,0.000,2654.5,171.9,0.4,3,14904,0.000,0.777,0.010,0.302,-0.005,38.3,22.3,0,-1.74,0.000,38.3,156.3,0.000,5.9,16.0,56.8,48.2,43.5,41.2,40.0,39.0,38.3,37.7,37.0,36.3,35.4,34.4,32.6,29.2,24.5,19.6,10.9
2678,54.606,0.000,2655.5,169.5,0.5,3,14647,0.000,0.787,0.012,0.304,-0.005,37.4,29.8,0,-1.78,0.000,37.4,153.7,0.000,5.9,17.3,55.5,47.0,42.3,40.1,39.0,38.0,37.4,36.7,36.0,35.4,34.5,33.5,31.7,28.5,24.0,19.2,10.8
2679,54.626,0.000,2656.4,167.1,0.5,3,14400,0.000,0.396,0.014,0.305,-0.005,36.4,37.5,0,-1.85,0.000,36.4,151.2,0.000,6.0,19.5,54.2,45.9,41.3,39.1,38.0,37.1,36.4,35.7,35.1,34.5,33.6,32.6,30.9,27.8,23.4,18.8,10.7
2680,54.646,0.000,2657.3,164.8,0.5,3,14572,0.000,0.804,0.214,0.306,-0.005,35.5,27.7,0,-4.62,0.909,35.5,148.7,0.000,6.0,65.6,52.9,44.7,40.2,38.1,37.0,36.1,35.5,34.8,34.2,33.6,32.7,31.8,30.1,27.1,22.9,18.5,10.7
2681,54.666,0.000,2658.2,162.6,0.6,3,14088,0.000,0.402,0.414,0.307,0.003,34.6,34.4,0,-4.64,0.911,34.8,146.6,0.000,6.1,64.4,51.8,43.7,39.3,37.2,36.2,35.3,34.6,34.0,33.4,32.8,32.0,31.1,29.5,26.5,22.4,18.1,10.6
2682,54.686,0.000,2659.2,160.5,0.4,3,14188,0.000,0.766,0.542,0.306,0.010,34.1,28.5,0,-4.66,0.913,34.8,145.2,0.000,6.2,63.6,51.2,43.1,38.7,36.7,35.6,34.8,34.1,33.5,32.9,32.3,31.5,30.6,29.0,26.1,22.1,17.9,10.5
2683,54.706,0.000,2660.1,158.5,-0.3,3,13661,0.000,0.342,0.555,0.305,0.012,34.0,39.9,0,-4.67,0.914,34.8,144.9,0.000,6.2,63.5,51.0,43.0,38.6,36.6,35.5,34.6,34.0,33.4,32.8,32.2,31.4,30.5,28.9,26.0,22.0,17.8,10.5
2684,54.726,0.000,2661.0,156.5,-1.4,3,13831,0.000,0.282,0.549,0.302,0.009,34.1,35.1,0,-4.67,0.916,34.8,145.2,0.000,6.2,63.7,51.2,43.1,38.7,36.7,35.6,34.8,34.1,33.5,32.9,32.3,31.5,30.6,29.0,26.1,22.1,17.9,10.5
2685,54.746,0.000,2661.9,154.8,-2.5,3,13781,0.000,0.439,0.533,0.299,0.005,34.4,25.8,0,-4.67,0.916,34.8,146.0,0.000,6.2,64.2,51.6,43.5,39.1,37.0,35.9,35.0,34.4,33.8,33.2,32.6,31.8,30.9,29.2,26.3,22.2,18.0,10.5
2686,54.766,0.000,2662.7,153.2,-3.7,3,13502,0.000,0.303,0.511,0.296,-0.001,34.8,26.1,0,-4.67,0.917,34.8,147.1,0.000,6.2,64.8,52.2,44.0,39.5,37.4,36.4,35.4,34.8,34.2,33.6,32.9,32.1,31.2,29.6,26.6,22.4,18.1,10.5
2687,54.786,0.000,2663.6,151.6,-4.8,3,13433,0.000,0.000,0.489,0.292,-0.007,35.2,22.0,0,-4.67,0.918,35.2,148.3,0.000,6.2,65.5,52.8,44.5,40.0,37.9,36.8,35.9,35.2,34.6,34.0,33.4,32.5,31.6,29.9,26.9,22.7,18.3,10.5
2688,54.806,0.000,2664.5,150.3,-5.7,3,13557,0.000,0.000,0.468,0.288,-0.014,35.7,6.4,0,-4.67,0.918,35.7,148.5,0.000,6.1,66.2,53.5,45.1,40.6,38.4,37.3,36.4,35.7,35.1,34.4,33.8,32.9,32.0,30.3,27.2,22.9,18.4,10.6
2689,54.826,0.000,2665.3,149.5,-6.7,3,13488,0.000,0.000,0.347,0.285,-0.022,36.3,-3.4,0,-1.94,0.919,36.3,148.6,0.000,6.1,20.9,54.3,45.8,41.2,39.0,37.9,37.0,36.3,35.6,35.0,34.3,33.5,32.5,30.8,27.6,23.2,18.6,10.6
2690,54.846,0.000,2666.2,148.8,-7.8,3,13414,0.000,0.000,0.322,0.282,-0.031,37.0,-9.2,0,-1.86,0.919,37.0,148.8,0.000,6.1,18.7,55.2,46.7,42.0,39.8,38.6,37.7,37.0,36.3,35.6,35.0,34.1,33.1,31.4,28.1,23.6,18.9,10.7
2691,54.866,0.000,2667.0,148.2,-8.9,3,13347,0.155,0.000,0.296,0.279,-0.041,37.7,-11.8,0,-1.81,0.919,37.7,149.0,0.155,6.1,17.3,56.2,47.6,42.8,40.6,39.4,38.4,37.7,37.0,36.4,35.7,34.8,33.8,32.0,28.7,24.0,19.2,10.7
2692,54.886,0.000,2667.9,147.7,-10.0,3,13362,0.205,0.000,0.272,0.276,-0.050,38.4,-9.4,0,-1.78,0.919,38.4,149.2,0.205,6.0,16.3,57.2,48.5,43.6,41.3,40.2,39.1,38.4,37.7,37.1,36.4,35.5,34.4,32.6,29.2,24.4,19.5,10.8
2693,54.906,0.000,2668.7,147.4,-10.9,3,13401,0.255,0.000,0.255,0.274,-0.058,39.1,-7.7,0,-1.76,0.919,39.1,149.4,0.255,6.0,15.6,58.0,49.2,44.3,42.0,40.8,39.8,39.1,38.4,37.7,37.0,36.0,35.0,33.1,29.7,24.8,19.7,10.9
2694,54.926,0.000,2669.5,147.1,-11.6,3,13458,0.305,0.000,0.246,0.272,-0.065,39.6,-6.1,0,-1.75,0.920,39.6,150.0,0.305,6.0,15.1,58.7,49.8,44.9,42.6,41.4,40.3,39.6,38.9,38.2,37.5,36.5,35.5,33.5,30.0,25.1,19.9,10.9
2695,54.946,0.000,2670.4,146.9,-12.0,3,13531,0.355,0.000,0.244,0.270,-0.070,40.0,-4.4,0,-1.74,0.920,40.0,151.8,0.355,6.0,14.8,59.2,50.3,45.3,43.0,41.8,40.7,40.0,39.3,38.5,37.8,36.9,35.8,33.9,30.3,25.3,20.1,10.9
2696,54.966,0.000,2671.2,146.7,-12.3,3,13619,0.405,0.000,0.249,0.268,-0.073,40.3,-2.5,0,-1.73,0.920,40.3,153.4,0.405,6.0,14.6,59.6,50.7,45.7,43.3,42.1,41.0,40.3,39.5,38.8,38.1,37.1,36.1,34.1,30.5,25.5,20.2,11.0
2697,54.986,0.000,2672.1,146.7,-12.3,3,13721,0.455,0.000,0.258,0.267,-0.076,40.5,-0.6,0,-1.73,0.920,40.5,154.6,0.455,5.9,14.5,59.8,50.9,45.9,43.5,42.3,41.2,40.5,39.7,39.0,38.3,37.3,36.2,34.3,30.7,25.6,20.3,11.0
2698,55.006,0.000,2672.9,146.7,-12.2,3,13835,0.505,0.000,0.274,0.266,-0.077,40.6,1.1,0,-1.73,0.920,40.6,155.4,0.505,6.0,14.4,60.0,51.0,46.0,43.6,42.4,41.3,40.6,39.8,39.1,38.4,37.4,36.3,34.4,30.8,25.7,20.3,11.0
2699,55.026,0.000,2673.7,146.8,-12.0,3,13959,0.555,0.000,0.294,0.265,-0.077,40.6,2.9,0,-1.73,0.920,40.6,155.5,0.555,6.0,14.4,60.0,51.1,46.0,43.6,42.4,41.3,40.6,39.9,39.1,38.4,37.4,36.3,34.4,30.8,25.7,20.3,11.0
2700,55.046,0.000,2674.6,147.0,-11.6,3,14092,0.605,0.000,0.320,0.264,-0.076,40.5,4.7,0,-1.73,0.920,40.5,154.9,0.605,6.0,14.5,59.9,51.0,45.9,43.6,42.3,41.3,40.5,39.8,39.1,38.3,37.4,36.3,34.3,30.7,25.6,20.3,11.0
2701,55.066,0.000,2675.4,147.2,-11.1,3,14234,0.655,0.000,0.351,0.264,-0.074,40.3,6.4,0,-1.74,0.920,40.3,153.5,0.655,6.0,14.7,59.7,50.8,45.8,43.4,42.1,41.1,40.3,39.6,38.9,38.2,37.2,36.1,34.2,30.6,25.5,20.2,10.9
2702,55.086,0.000,2676.2,147.5,-10.5,3,14383,0.705,0.000,0.386,0.264,-0.071,40.1,8.3,0,-1.75,0.920,40.1,152.4,0.705,6.0,14.9,59.4,50.5,45.5,43.1,41.9,40.9,40.1,39.4,38.7,38.0,37.0,35.9,34.0,30.4,25.4,20.1,10.9
2703,55.106,0.000,2677.1,147.9,-9.9,3,14540,0.755,0.000,0.423,0.264,-0.068,39.9,10.4,0,-1.76,0.920,39.9,152.7,0.755,6.0,15.1,59.1,50.2,45.2,42.9,41.6,40.6,39.9,39.1,38.4,37.7,36.7,35.7,33.7,30.2,25.2,20.0,10.9
2704,55.126,0.000,2677.9,148.3,-9.4,3,14705,0.805,0.000,0.452,0.264,-0.064,39.6,12.4,0,-1.77,0.920,39.6,152.9,0.805,6.0,15.4,58.8,49.9,44.9,42.6,41.4,40.3,39.6,38.9,38.2,37.5,36.5,35.4,33.5,30.0,25.0,19.8,10.8
2705,55.146,0.000,2678.8,148.8,-8.9,3,14876,0.855,0.000,0.471,0.264,-0.061,39.3,14.5,0,-1.78,0.920,39.3,153.0,0.855,6.1,15.6,58.5,49.6,44.7,42.3,41.1,40.1,39.3,38.6,37.9,37.2,36.3,35.2,33.3,29.8,24.9,19.7,10.8
2706,55.166,0.000,2679.6,149.4,-8.5,3,15055,0.905,0.000,0.484,0.264,-0.058,39.1,16.7,0,-1.79,0.920,39.1,153.0,0.905,6.1,15.9,58.2,49.4,44.4,42.1,40.9,39.8,39.1,38.4,37.7,37.0,36.1,35.0,33.1,29.6,24.7,19.6,10.8
2707,55.186,0.000,2680.5,150.0,-8.3,3,15240,0.955,0.000,0.491,0.264,-0.055,38.9,19.1,0,-1.80,0.920,38.9,153.0,0.955,6.1,16.1,57.9,49.1,44.2,41.9,40.7,39.6,38.9,38.2,37.5,36.8,35.9,34.8,32.9,29.5,24.6,19.5,10.8
2708,55.206,0.000,2681.3,150.6,-8.1,3,15436,1.000,0.000,0.494,0.264,-0.053,38.7,21.7,0,-1.81,0.920,38.7,152.9,1.000,6.1,16.4,57.7,48.9,44.0,41.7,40.5,39.4,38.7,38.0,37.3,36.6,35.7,34.6,32.8,29.3,24.5,19.5,10.7
2709,55.226,0.000,2682.2,151.3,-8.1,3,15641,1.000,0.000,0.493,0.264,-0.052,38.6,24.8,0,-1.82,0.920,38.6,152.7,1.000,6.1,16.5,57.6,48.8,43.9,41.5,40.3,39.3,38.6,37.9,37.2,36.5,35.6,34.5,32.7,29.2,24.4,19.4,10.7
2710,55.246,0.000,2683.0,152.0,-8.2,3,15836,1.000,0.000,0.489,0.264,-0.051,38.6,27.0,0,-1.82,0.920,38.6,152.4,1.000,6.1,16.6,57.5,48.7,43.8,41.5,40.3,39.3,38.6,37.9,37.2,36.5,35.5,34.5,32.6,29.2,24.4,19.4,10.7
2711,55.266,0.000,2683.9,152.7,-8.6,3,16016,0.000,0.000,0.481,0.263,-0.051,38.6,28.4,0,-1.82,0.920,38.6,152.1,1.000,6.1,16.6,57.6,48.8,43.9,41.5,40.3,39.3,38.6,37.9,37.2,36.5,35.6,34.5,32.6,29.2,24.4,19.4,10.7
2712,55.286,0.000,2684.8,153.1,-8.7,3,15616,0.000,0.000,0.475,0.262,-0.052,38.7,-0.1,0,-1.82,0.920,38.7,152.0,1.000,6.1,16.5,57.7,48.8,43.9,41.6,40.4,39.4,38.7,37.9,37.3,36.6,35.6,34.6,32.7,29.3,24.4,19.4,10.7
2713,55.306,0.000,2685.7,152.7,-8.4,3,15287,0.000,0.000,0.479,0.261,-0.051,38.6,-7.8,0,-1.83,0.920,38.6,152.3,1.000,6.1,16.7,57.6,48.8,43.8,41.5,40.3,39.3,38.6,37.9,37.2,36.5,35.5,34.5,32.6,29.2,24.4,19.4,10.7
2714,55.326,0.000,2686.5,152.1,-8.0,3,15007,1.000,0.000,0.482,0.261,-0.050,38.5,-9.7,0,-1.83,0.920,38.5,152.6,1.000,6.2,16.8,57.5,48.7,43.8,41.4,40.2,39.2,38.5,37.8,37.1,36.4,35.5,34.4,32.5,29.1,24.3,19.3,10.7
2715,55.346,0.000,2687.4,152.1,-7.8,3,15202,1.000,0.000,0.479,0.260,-0.050,38.5,12.3,0,-1.83,0.920,38.5,152.9,1.000,6.2,16.8,57.5,48.7,43.8,41.4,40.2,39.2,38.5,37.8,37.1,36.4,35.5,34.4,32.5,29.1,24.3,19.3,10.7
2716,55.366,0.000,2688.2,152.6,-8.1,3,15447,1.000,0.000,0.468,0.260,-0.052,38.7,20.6,0,-1.83,0.920,38.7,153.0,1.000,6.1,16.6,57.7,48.9,43.9,41.6,40.4,39.4,38.7,37.9,37.2,36.6,35.6,34.6,32.7,29.2,24.4,19.4,10.7
2717,55.386,0.000,2689.1,153.2,-8.7,3,15700,0.000,0.000,0.450,0.260,-0.056,39.0,25.0,0,-1.81,0.920,39.0,152.9,1.000,6.1,16.2,58.2,49.3,44.3,42.0,40.8,39.7,39.0,38.3,37.6,36.9,35.9,34.9,33.0,29.5,24.6,19.5,10.7
2718,55.406,0.000,2690.0,153.5,-9.4,3,15386,0.000,0.000,0.434,0.260,-0.060,39.4,-1.6,0,-1.80,0.920,39.4,152.9,1.000,6.1,15.8,58.7,49.7,44.7,42.4,41.2,40.1,39.4,38.7,37.9,37.2,36.3,35.2,33.3,29.8,24.8,19.7,10.8
2719,55.426,0.000,2690.9,153.1,-9.6,3,15097,1.000,0.000,0.431,0.259,-0.063,39.6,-9.2,0,-1.79,0.920,39.6,153.2,1.000,6.1,15.5,59.0,50.0,45.0,42.6,41.4,40.4,39.6,38.9,38.2,37.5,36.5,35.4,33.5,30.0,25.0,19.8,10.8
2720,55.446,0.000,2691.7,153.0,-9.6,3,15294,1.000,0.000,0.436,0.259,-0.064,39.7,12.6,0,-1.79,0.920,39.7,153.4,1.000,6.1,15.4,59.2,50.2,45.2,42.8,41.5,40.5,39.7,39.0,38.3,37.6,36.6,35.5,33.6,30.0,25.1,19.8,10.8
2721,55.466,0.000,2692.6,153.5,-9.9,3,15544,0.000,0.000,0.439,0.260,-0.066,39.9,21.2,0,-1.78,0.920,39.9,153.5,1.000,6.1,15.3,59.3,50.3,45.3,42.9,41.7,40.6,39.9,39.1,38.4,37.7,36.7,35.7,33.7,30.1,25.1,19.9,10.8
2722,55.486,0.000,2693.5,153.7,-10.1,3,15268,0.000,0.000,0.438,0.260,-0.068,40.0,-2.5,0,-1.78,0.920,40.0,153.6,1.000,6.1,15.2,59.6,50.5,45.5,43.1,41.9,40.8,40.0,39.3,38.6,37.9,36.9,35.8,33.9,30.3,25.2,20.0,10.9
2723,55.506,0.000,2694.3,153.3,-10.0,3,15002,1.000,0.000,0.439,0.260,-0.068,40.1,-9.3,0,-1.78,0.920,40.1,153.9,1.000,6.0,15.1,59.7,50.6,45.6,43.2,41.9,40.9,40.1,39.4,38.7,38.0,37.0,35.9,33.9,30.3,25.3,20.0,10.9
2724,55.526,0.000,2695.2,153.3,-9.8,3,15215,1.000,0.000,0.437,0.261,-0.069,40.2,12.8,0,-1.77,0.920,40.2,154.2,1.000,6.0,15.0,59.7,50.7,45.6,43.2,42.0,40.9,40.2,39.5,38.7,38.0,37.0,35.9,34.0,30.4,25.3,20.0,10.9
2725,55.546,0.000,2696.1,153.8,-10.0,3,15487,1.000,0.000,0.431,0.261,-0.070,40.3,21.5,0,-1.77,0.920,40.3,154.3,1.000,6.0,14.9,59.9,50.8,45.8,43.4,42.1,41.1,40.3,39.6,38.8,38.1,37.1,36.1,34.1,30.5,25.4,20.1,10.9
2726,55.566,0.000,2697.0,154.4,-10.4,3,15769,0.000,0.000,0.420,0.262,-0.072,40.5,26.1,0,-1.76,0.920,40.5,154.3,1.000,6.0,14.7,60.2,51.1,46.0,43.6,42.3,41.3,40.5,39.8,39.0,38.3,37.3,36.2,34.3,30.6,25.5,20.2,10.9
2727,55.586,0.000,2697.8,154.7,-10.7,3,15461,0.000,0.000,0.408,0.262,-0.074,40.7,-0.8,0,-1.76,0.920,40.7,154.4,1.000,6.0,14.5,60.4,51.3,46.2,43.8,42.6,41.5,40.7,40.0,39.2,38.5,37.5,36.4,34.4,30.8,25.7,20.3,10.9
2728,55.606,0.000,2698.7,154.3,-10.5,3,15172,1.000,0.000,0.407,0.263,-0.075,40.8,-9.0,0,-1.75,0.920,40.8,154.7,1.000,6.0,14.5,60.5,51.4,46.3,43.9,42.6,41.5,40.8,40.0,39.3,38.6,37.6,36.5,34.5,30.8,25.7,20.3,11.0
2729,55.626,0.000,2699.6,154.3,-10.2,3,15373,1.000,0.000,0.410,0.264,-0.074,40.7,12.9,0,-1.75,0.920,40.7,155.0,1.000,6.0,14.5,60.4,51.3,46.2,43.8,42.6,41.5,40.7,40.0,39.2,38.5,37.5,36.4,34.4,30.8,25.7,20.3,11.0
2730,55.646,0.000,2700.5,154.8,-10.2,3,15633,1.000,0.000,0.410,0.265,-0.074,40.7,21.4,0,-1.75,0.920,40.7,155.1,1.000,6.0,14.5,60.4,51.3,46.2,43.8,42.6,41.5,40.7,40.0,39.3,38.5,37.5,36.4,34.4,30.8,25.7,20.3,11.0
2731,55.666,0.000,2701.4,155.4,-10.5,3,15903,0.000,0.000,0.405,0.266,-0.075,40.8,25.9,0,-1.75,0.920,40.8,155.1,1.000,6.0,14.4,60.6,51.5,46.4,43.9,42.7,41.6,40.8,40.1,39.4,38.6,37.6,36.5,34.5,30.9,25.7,20.3,11.0
2732,55.686,0.000,2702.2,155.7,-10.6,3,15574,0.000,0.000,0.398,0.267,-0.076,41.0,-1.2,0,-1.74,0.920,41.0,155.2,1.000,5.9,14.3,60.8,51.6,46.5,44.1,42.8,41.7,41.0,40.2,39.5,38.8,37.8,36.7,34.7,31.0,25.8,20.4,11.0
2733,55.706,0.000,2703.1,155.4,-10.3,3,15275,1.000,0.000,0.400,0.268,-0.075,40.9,-9.3,0,-1.74,0.920,40.9,155.5,1.000,5.9,14.3,60.7,51.6,46.5,44.0,42.8,41.7,40.9,40.2,39.5,38.7,37.7,36.6,34.6,31.0,25.8,20.4,11.0
2734,55.726,0.000,2704.0,155.4,-9.9,3,15473,1.000,0.000,0.407,0.270,-0.074,40.8,12.3,0,-1.75,0.920,40.8,155.8,1.000,5.9,14.4,60.6,51.5,46.4,43.9,42.7,41.6,40.8,40.1,39.4,38.6,37.6,36.5,34.5,30.9,25.7,20.3,11.0
2735,55.746,0.000,2704.9,155.9,-9.8,3,15728,0.000,0.000,0.410,0.271,-0.073,40.8,20.9,0,-1.75,0.920,40.8,155.9,1.000,5.9,14.4,60.5,51.4,46.3,43.9,42.6,41.6,40.8,40.1,39.3,38.6,37.6,36.5,34.5,30.9,25.7,20.3,11.0
2736,55.766,0.000,2705.8,156.1,-9.7,3,15435,0.000,0.000,0.409,0.272,-0.073,40.8,-3.4,0,-1.74,0.920,40.8,156.0,1.000,5.9,14.3,60.6,51.4,46.3,43.9,42.7,41.6,40.8,40.1,39.3,38.6,37.6,36.5,34.5,30.9,25.7,20.3,11.0
2737,55.786,0.000,2706.7,155.7,-9.3,3,15164,1.000,0.000,0.414,0.274,-0.072,40.8,-9.9,0,-1.74,0.920,40.8,156.4,1.000,5.9,14.4,60.5,51.4,46.3,43.8,42.6,41.5,40.8,40.0,39.3,38.6,37.6,36.5,34.5,30.8,25.7,20.3,11.0
2738,55.806,0.000,2707.6,155.8,-9.0,3,15381,1.000,0.000,0.419,0.276,-0.070,40.7,11.7,0,-1.74,0.920,40.7,156.7,1.000,5.9,14.4,60.4,51.3,46.2,43.8,42.5,41.4,40.7,39.9,39.2,38.5,37.5,36.4,34.4,30.8,25.7,20.3,11.0
2739,55.826,0.000,2708.5,156.3,-8.9,3,15652,1.000,0.000,0.420,0.277,-0.070,40.7,19.5,0,-1.74,0.920,40.7,156.8,1.000,5.9,14.4,60.4,51.3,46.2,43.7,42.5,41.4,40.7,39.9,39.2,38.5,37.5,36.4,34.4,30.8,25.7,20.3,11.0
2740,55.846,0.000,2709.3,156.9,-9.2,3,15925,0.000,0.000,0.415,0.279,-0.071,40.8,23.4,0,-1.74,0.920,40.8,156.7,1.000,5.9,14.3,60.5,51.4,46.3,43.9,42.6,41.5,40.8,40.0,39.3,38.6,37.6,36.5,34.5,30.9,25.7,20.4,11.1
2741,55.866,0.000,2710.2,157.2,-9.4,3,15596,0.000,0.000,0.408,0.281,-0.072,40.9,-3.0,0,-1.73,0.920,40.9,156.8,1.000,5.8,14.1,60.6,51.5,46.4,44.0,42.7,41.7,40.9,40.2,39.4,38.7,37.7,36.6,34.6,31.0,25.8,20.4,11.1
2742,55.886,0.000,2711.1,156.8,-9.1,3,15308,1.000,0.000,0.409,0.283,-0.071,40.9,-9.9,0,-1.73,0.920,40.9,157.1,1.000,5.8,14.1,60.6,51.5,46.4,44.0,42.7,41.6,40.9,40.1,39.4,38.7,37.7,36.6,34.6,31.0,25.8,20.4,11.1
2743,55.906,0.000,2712.0,156.9,-8.8,3,15517,1.000,0.000,0.413,0.285,-0.070,40.8,11.6,0,-1.73,0.920,40.8,157.3,1.000,5.8,14.1,60.6,51.4,46.3,43.9,42.7,41.6,40.8,40.1,39.4,38.6,37.6,36.5,34.6,30.9,25.8,20.4,11.1
2744,55.926,0.000,2712.9,157.4,-8.8,3,15780,0.000,0.000,0.413,0.287,-0.070,40.8,19.3,0,-1.73,0.920,40.8,157.4,1.000,5.8,14.1,60.6,51.5,46.4,43.9,42.7,41.6,40.8,40.1,39.4,38.7,37.7,36.6,34.6,30.9,25.8,20.4,11.1
2745,55.946,0.000,2713.8,157.6,-8.9,3,15486,0.000,0.000,0.410,0.289,-0.070,40.9,-4.6,0,-1.72,0.920,40.9,157.5,1.000,5.8,14.0,60.6,51.5,46.4,44.0,42.7,41.7,40.9,40.2,39.4,38.7,37.7,36.6,34.6,31.0,25.9,20.5,11.1
2746,55.966,0.000,2714.7,157.2,-8.6,3,15221,1.000,0.000,0.413,0.291,-0.070,40.9,-10.4,0,-1.72,0.920,40.9,157.8,1.000,5.8,14.0,60.6,51.5,46.4,44.0,42.7,41.6,40.9,40.1,39.4,38.7,37.7,36.6,34.6,31.0,25.8,20.5,11.1
2747,55.986,0.000,2715.6,157.2,-8.3,3,15448,1.000,0.000,0.415,0.293,-0.069,40.8,11.2,0,-1.72,0.920,40.8,158.1,1.000,5.8,14.0,60.6,51.4,46.3,43.9,42.7,41.6,40.8,40.1,39.4,38.7,37.7,36.6,34.6,30.9,25.8,20.5,11.1
2748,56.006,0.000,2716.5,157.8,-8.4,3,15730,1.000,0.000,0.411,0.295,-0.069,40.9,18.9,0,-1.71,0.920,40.9,158.2,1.000,5.7,13.9,60.6,51.5,46.4,44.0,42.8,41.7,40.9,40.2,39.4,38.7,37.7,36.6,34.7,31.0,25.9,20.5,11.2
2749,56.026,0.000,2717.4,158.4,-8.9,3,16014,0.000,0.000,0.400,0.297,-0.071,41.1,22.8,0,-1.71,0.920,41.1,158.1,1.000,5.7,13.7,60.9,51.8,46.7,44.2,43.0,41.9,41.1,40.4,39.7,38.9,37.9,36.8,34.8,31.2,26.0,20.6,11.2
2750,56.046,0.000,2718.3,158.7,-9.2,3,15678,0.000,0.000,0.388,0.300,-0.074,41.4,-3.7,0,-1.70,0.920,41.4,158.1,1.000,5.7,13.5,61.2,52.0,46.9,44.5,43.2,42.1,41.4,40.6,39.9,39.2,38.2,37.0,35.0,31.4,26.2,20.7,11.3
2751,56.066,0.000,2719.2,158.3,-9.1,3,15388,0.000,0.000,0.386,0.302,-0.074,41.4,-10.5,0,-1.69,0.920,41.4,158.3,1.000,5.7,13.4,61.2,52.1,47.0,44.5,43.3,42.2,41.4,40.7,39.9,39.2,38.2,37.1,35.1,31.4,26.2,20.7,11.3
2752,56.086,0.000,2720.1,157.8,-8.8,3,15144,1.000,0.000,0.390,0.304,-0.073,41.4,-12.1,0,-1.69,0.920,41.4,158.5,1.000,5.6,13.5,61.2,52.0,46.9,44.5,43.2,42.1,41.4,40.6,39.9,39.1,38.1,37.0,35.0,31.4,26.2,20.7,11.3
2753,56.106,0.000,2721.0,157.8,-8.5,3,15387,1.000,0.000,0.393,0.307,-0.072,41.3,10.5,0,-1.69,0.920,41.3,158.8,1.000,5.6,13.4,61.1,52.0,46.8,44.4,43.1,42.1,41.3,40.6,39.8,39.1,38.1,37.0,35.0,31.3,26.2,20.7,11.3
2754,56.126,0.000,2721.9,158.2,-8.8,3,15706,1.000,0.000,0.388,0.309,-0.072,41.4,20.0,0,-1.68,0.920,41.4,158.8,1.000,5.6,13.3,61.2,52.1,47.0,44.5,43.3,42.2,41.4,40.7,39.9,39.2,38.2,37.1,35.1,31.4,26.2,20.8,11.3
2755,56.146,0.000,2722.8,158.8,-9.4,3,16037,0.000,0.000,0.373,0.311,-0.075,41.7,24.6,0,-1.68,0.920,41.7,158.6,1.000,5.6,13.1,61.6,52.4,47.3,44.8,43.6,42.5,41.7,40.9,40.2,39.5,38.5,37.4,35.3,31.6,26.4,20.9,11.4
2756,56.166,0.000,2723.7,159.2,-10.0,3,15717,0.000,0.000,0.354,0.314,-0.079,42.0,-2.6,0,-1.67,0.920,42.0,158.6,1.000,5.5,12.9,62.0,52.8,47.6,45.2,43.9,42.8,42.0,41.3,40.5,39.8,38.8,37.7,35.6,31.9,26.7,21.1,11.4
2757,56.186,0.000,2724.6,158.8,-10.1,3,15428,1.000,0.000,0.347,0.316,-0.080,42.2,-10.7,0,-1.66,0.920,42.2,158.8,1.000,5.5,12.7,62.3,53.0,47.8,45.3,44.1,43.0,42.2,41.4,40.7,40.0,38.9,37.8,35.8,32.0,26.8,21.2,11.5
2758,56.206,0.000,2725.6,158.8,-9.9,3,15644,1.000,0.000,0.350,0.318,-0.079,42.2,11.0,0,-1.67,0.920,42.2,159.0,1.000,5.5,12.7,62.3,52.9,47.8,45.3,44.0,42.9,42.2,41.4,40.7,39.9,38.9,37.8,35.8,32.0,26.7,21.2,11.5
2759,56.226,0.000,2726.4,159.4,-9.8,3,15924,0.000,0.000,0.354,0.321,-0.078,42.1,19.0,0,-1.67,0.920,42.1,159.0,1.000,5.5,12.7,62.4,52.9,47.7,45.2,44.0,42.9,42.1,41.4,40.6,39.9,38.9,37.7,35.7,32.0,26.7,21.2,11.5
2760,56.246,0.000,2727.4,159.6,-9.8,3,15629,0.000,0.000,0.356,0.323,-0.077,42.1,-4.6,0,-1.67,0.920,42.1,159.0,1.000,5.5,12.7,62.5,52.8,47.7,45.2,43.9,42.9,42.1,41.3,40.6,39.9,38.8,37.7,35.7,32.0,26.7,21.2,11.5
2761,56.266,0.000,2728.3,159.2,-9.6,3,15360,0.000,0.000,0.358,0.325,-0.076,42.1,-11.3,0,-1.68,0.920,42.1,158.5,1.000,5.5,12.7,62.6,52.8,47.6,45.2,43.9,42.8,42.1,41.3,40.6,39.8,38.8,37.7,35.7,32.0,26.7,21.2,11.5
2762,56.286,0.000,2729.2,158.7,-9.3,3,15129,1.000,0.000,0.359,0.328,-0.076,42.1,-12.9,0,-1.69,0.920,42.1,159.5,1.000,5.4,12.6,62.8,52.8,47.7,45.2,43.9,42.8,42.1,41.3,40.6,39.8,38.8,37.7,35.7,32.0,26.7,21.2,11.5
2763,56.306,0.000,2730.1,158.7,-9.2,3,15387,1.000,0.000,0.356,0.330,-0.076,42.1,10.2,0,-1.69,0.920,42.1,159.8,1.000,5.4,12.5,63.2,52.9,47.7,45.3,44.0,42.9,42.1,41.4,40.6,39.9,38.9,37.8,35.8,32.0,26.8,21.2,11.5
2764,56.326,0.000,2731.0,159.2,-9.4,3,15720,1.000,0.000,0.351,0.333,-0.077,42.3,18.5,0,-1.70,0.920,42.3,159.8,1.000,5.4,12.4,63.7,53.0,47.9,45.4,44.1,43.0,42.3,41.5,40.8,40.0,39.0,37.9,35.9,32.1,26.9,21.3,11.6
2765,56.346,0.000,2731.9,159.8,-9.9,3,16051,0.000,0.000,0.341,0.335,-0.079,42.5,22.5,0,-1.72,0.920,42.5,159.7,1.000,5.4,12.3,64.4,53.3,48.1,45.6,44.3,43.2,42.5,41.7,41.0,40.2,39.2,38.1,36.0,32.3,27.0,21.4,11.6
2766,56.366,0.000,2732.8,160.2,-10.1,3,15727,0.000,0.000,0.334,0.338,-0.080,42.6,-4.3,0,-1.74,0.920,42.6,159.8,1.000,5.3,12.2,65.1,53.5,48.2,45.8,44.5,43.4,42.6,41.9,41.1,40.4,39.4,38.2,36.2,32.4,27.1,21.5,11.6
2767,56.386,0.000,2733.7,159.8,-10.0,3,15445,1.000,0.000,0.335,0.340,-0.080,42.6,-11.4,0,-1.76,0.920,42.6,160.1,1.000,5.3,12.1,65.6,53.5,48.3,45.8,44.5,43.4,42.6,41.9,41.1,40.4,39.4,38.2,36.2,32.4,27.1,21.5,11.7
2768,56.406,0.000,2734.7,159.8,-9.8,3,15672,1.000,0.000,0.339,0.343,-0.079,42.6,10.8,0,-1.78,0.920,42.6,160.4,1.000,5.3,12.1,66.0,53.6,48.2,45.7,44.5,43.4,42.6,41.8,41.1,40.3,39.3,38.2,36.2,32.4,27.1,21.5,11.7
2769,56.426,0.000,2735.6,160.3,-9.8,3,15970,1.000,0.000,0.340,0.345,-0.079,42.6,19.1,0,-1.81,0.920,42.6,160.7,1.000,5.3,12.1,66.7,53.7,48.2,45.8,44.5,43.4,42.6,41.9,41.1,40.4,39.4,38.2,36.2,32.4,27.1,21.5,11.7
2770,56.446,0.000,2736.5,160.9,-10.1,3,16271,0.000,0.000,0.336,0.348,-0.080,42.7,23.2,0,-1.85,0.920,42.7,160.9,1.000,5.3,12.0,67.7,54.0,48.4,45.9,44.6,43.5,42.7,42.0,41.2,40.5,39.5,38.3,36.3,32.5,27.2,21.6,11.7
2771,56.466,0.000,2737.4,161.3,-10.3,3,15898,1.000,0.000,0.332,0.350,-0.080,42.8,-4.0,0,-1.89,0.920,42.8,161.4,1.000,5.2,11.9,68.7,54.4,48.5,46.0,44.7,43.6,42.8,42.1,41.3,40.6,39.6,38.4,36.4,32.6,27.3,21.6,11.7
2772,56.486,0.000,2738.3,161.5,-10.1,3,16082,1.000,0.000,0.339,0.353,-0.079,42.8,12.5,0,-1.93,0.920,42.8,162.0,1.000,5.2,11.9,69.4,54.5,48.4,45.9,44.6,43.5,42.8,42.0,41.2,40.5,39.5,38.4,36.3,32.6,27.2,21.6,11.7
2773,56.506,0.000,2739.3,162.0,-9.9,3,16320,1.000,0.000,0.347,0.355,-0.077,42.7,20.0,0,-1.98,0.920,42.7,162.4,1.000,5.2,11.9,70.2,54.6,48.4,45.8,44.5,43.4,42.7,41.9,41.1,40.4,39.4,38.3,36.2,32.5,27.2,21.6,11.7
2774,56.526,0.000,2740.2,162.7,-10.1,3,16569,1.000,0.000,0.350,0.357,-0.077,42.6,23.9,0,-2.03,0.920,42.6,162.9,1.000,5.2,11.9,71.3,55.0,48.5,45.8,44.5,43.4,42.6,41.9,41.1,40.4,39.4,38.3,36.2,32.5,27.2,21.6,11.8
2775,56.546,0.000,2741.1,163.4,-10.5,3,16789,1.000,0.000,0.349,0.359,-0.077,42.7,26.0,0,-2.10,0.920,42.7,163.5,1.000,5.2,11.8,72.8,55.5,48.7,45.9,44.6,43.5,42.7,42.0,41.2,40.5,39.5,38.4,36.3,32.6,27.3,21.6,11.8
2776,56.566,0.000,2742.1,164.1,-11.0,3,16963,1.000,0.000,0.345,0.361,-0.078,42.9,27.0,0,-2.19,0.920,42.9,164.3,1.000,5.1,11.7,74.7,56.2,49.1,46.2,44.8,43.7,42.9,42.1,41.4,40.6,39.6,38.5,36.4,32.7,27.4,21.7,11.8
2777,56.586,0.000,2743.0,164.8,-11.5,3,17092,1.000,0.000,0.342,0.363,-0.080,43.0,27.5,0,-2.29,0.920,43.0,165.2,1.000,5.1,11.6,77.0,57.0,49.5,46.5,45.0,43.8,43.0,42.3,41.5,40.8,39.7,38.6,36.6,32.8,27.4,21.8,11.8
2778,56.606,0.000,2744.0,165.6,-11.9,3,17188,1.000,0.000,0.340,0.364,-0.081,43.2,27.8,0,-2.41,0.920,43.2,166.3,1.000,5.1,11.5,79.4,57.9,50.0,46.8,45.3,44.0,43.2,42.4,41.6,40.9,39.9,38.7,36.7,32.9,27.5,21.8,11.9
2779,56.626,0.000,2744.9,166.3,-12.3,3,17269,1.000,0.000,0.341,0.365,-0.081,43.4,28.5,0,-2.54,0.920,43.4,167.7,1.000,5.1,11.4,82.1,58.9,50.5,47.1,45.6,44.3,43.4,42.6,41.7,41.0,39.9,38.8,36.7,33.0,27.6,21.9,11.9
2780,56.646,0.000,2745.9,166.9,-12.8,3,17349,1.000,0.000,0.341,0.366,-0.082,43.6,29.6,0,-2.69,0.920,43.6,169.2,1.000,5.1,11.4,85.3,60.0,51.1,47.6,45.9,44.5,43.6,42.8,41.9,41.1,40.1,38.9,36.8,33.0,27.7,21.9,11.9
2781,56.666,0.000,2746.8,167.6,-13.2,3,17422,1.000,0.000,0.342,0.367,-0.083,43.9,30.4,0,-2.87,0.920,43.9,171.1,1.000,5.1,11.3,89.1,61.3,51.8,48.1,46.3,44.9,43.9,43.0,42.2,41.3,40.2,39.0,36.9,33.1,27.7,22.0,11.9
2782,56.686,0.000,2747.8,168.3,-13.7,3,17489,1.000,0.000,0.342,0.367,-0.085,44.3,31.1,0,-3.08,0.920,44.3,173.4,1.000,5.1,11.3,93.8,62.8,52.6,48.7,46.9,45.4,44.3,43.4,42.5,41.6,40.4,39.2,37.1,33.2,27.8,22.0,11.9
2783,56.706,0.000,2748.8,169.0,-14.2,3,17547,1.000,0.000,0.344,0.368,-0.086,44.8,31.6,0,-3.33,0.920,44.8,176.2,1.000,5.1,11.2,99.4,64.7,53.6,49.4,47.5,45.9,44.8,43.8,42.9,41.9,40.7,39.4,37.2,33.4,27.9,22.1,12.0
2784,56.726,0.000,2749.7,169.6,-14.8,3,17602,1.000,0.000,0.346,0.368,-0.088,45.4,32.2,0,-3.62,0.920,45.4,179.4,1.000,5.0,11.1,106.3,66.8,54.8,50.3,48.2,46.5,45.4,44.3,43.3,42.3,41.1,39.7,37.4,33.5,28.0,22.2,12.0
2785,56.746,0.000,2750.7,170.3,-15.3,3,17653,1.000,0.000,0.350,0.368,-0.090,46.1,32.7,0,-3.96,0.920,46.1,183.3,1.000,5.0,11.1,114.9,69.3,56.1,51.3,49.1,47.3,46.1,44.9,43.9,42.8,41.5,40.0,37.6,33.6,28.1,22.2,12.0
2786,56.766,0.000,2751.7,170.9,-15.8,3,17700,1.000,0.000,0.343,0.367,-0.091,46.8,33.2,0,-4.37,0.890,46.8,187.9,1.000,5.0,11.0,125.5,72.1,57.6,52.4,50.0,48.1,46.8,45.6,44.5,43.4,41.9,40.4,37.9,33.7,28.2,22.3,12.0
2787,56.786,0.000,2752.7,171.5,-16.2,3,17749,1.000,0.000,0.318,0.367,-0.092,47.6,33.6,0,-4.85,0.819,47.6,193.2,1.000,5.0,11.0,138.9,75.4,59.3,53.6,51.1,49.0,47.6,46.3,45.1,44.0,42.4,40.9,38.2,33.8,28.3,22.4,12.0
2788,56.806,0.000,2753.7,172.2,-16.6,3,17800,1.000,0.000,0.276,0.366,-0.093,48.5,33.9,0,-5.43,0.703,48.5,199.6,1.000,5.0,10.9,156.4,79.1,61.2,55.0,52.2,50.0,48.5,47.2,45.9,44.6,43.0,41.3,38.5,33.9,28.3,22.4,12.0
2789,56.826,0.000,2754.7,172.8,-17.0,3,17851,1.000,0.000,0.227,0.366,-0.094,49.6,33.8,0,-6.15,0.563,49.6,207.3,1.000,5.0,10.9,180.7,83.6,63.4,56.6,53.6,51.2,49.6,48.1,46.7,45.4,43.7,41.9,38.9,34.1,28.4,22.4,12.0
2790,56.846,0.000,2755.6,173.4,-17.4,3,17910,1.000,0.000,0.183,0.365,-0.095,50.8,33.4,0,-6.62,0.450,50.8,216.7,1.000,5.0,10.9,200.0,89.0,65.9,58.4,55.1,52.5,50.8,49.2,47.7,46.3,44.4,42.5,39.4,34.3,28.4,22.5,12.0
2791,56.866,0.000,2756.6,174.1,-17.7,3,17963,1.000,0.000,0.133,0.364,-0.096,52.1,32.5,0,-6.52,0.360,52.1,231.7,1.000,5.0,10.9,200.0,95.3,68.8,60.4,56.8,53.9,52.1,50.3,48.7,47.2,45.2,43.2,39.8,34.6,28.4,22.5,12.0
2792,56.886,0.000,2757.6,174.7,-17.9,3,18001,1.000,0.000,0.093,0.363,-0.095,53.4,31.2,0,-6.42,0.288,53.4,256.6,1.000,5.1,10.9,200.0,102.4,71.8,62.5,58.5,55.4,53.4,51.5,49.8,48.1,46.0,43.9,40.3,34.8,28.4,22.4,12.0
2793,56.906,0.000,2758.7,175.5,-18.0,3,18048,1.000,0.000,0.065,0.361,-0.094,54.7,30.0,0,-6.34,0.230,54.7,268.3,1.000,5.1,11.0,200.0,110.3,74.9,64.6,60.2,56.9,54.7,52.6,50.8,49.0,46.8,44.5,40.7,34.9,28.4,22.4,12.0
2794,56.926,0.000,2759.7,176.2,-17.9,3,18103,1.000,0.000,0.045,0.360,-0.092,55.9,29.0,0,-6.25,0.184,55.9,217.4,1.000,5.1,11.1,199.5,119.2,78.2,66.8,62.0,58.3,55.9,53.8,51.8,49.9,47.5,45.1,41.1,35.0,28.3,22.3,12.0
2795,56.946,0.000,2760.7,176.9,-17.7,3,18155,1.000,0.000,0.022,0.358,-0.089,57.3,28.2,0,-5.96,0.146,57.3,366.8,1.000,5.1,11.3,190.5,129.9,81.8,69.1,63.8,59.8,57.3,54.9,52.8,50.8,48.3,45.7,41.5,35.2,28.2,22.1,11.9
2796,56.966,0.000,2761.7,177.7,-17.5,3,18202,1.000,0.000,-0.070,0.356,-0.086,58.7,27.3,0,-3.53,0.112,58.7,230.5,1.000,5.2,11.4,92.9,142.6,85.7,71.5,65.8,61.4,58.7,56.1,53.8,51.7,49.0,46.3,41.9,35.3,28.1,22.0,11.9
2797,56.986,0.000,2762.7,178.5,-17.1,3,18181,1.000,0.000,-0.086,0.354,-0.081,59.8,24.6,0,-3.15,0.076,59.8,236.4,1.000,5.2,11.7,63.7,155.7,89.3,73.6,67.4,62.7,59.8,57.1,54.6,52.4,49.6,46.7,42.1,35.3,27.9,21.8,11.8
2798,57.006,0.000,2763.7,179.4,-16.3,3,18145,1.000,0.000,-0.078,0.351,-0.073,60.1,21.8,0,-3.26,0.029,60.1,239.7,1.000,5.3,12.1,59.7,165.4,91.3,74.7,68.1,63.2,60.1,57.3,54.8,52.5,49.6,46.6,41.9,35.0,27.6,21.5,11.7
2799,57.026,0.000,2764.8,180.4,-15.1,3,18120,1.000,0.000,-0.043,0.348,-0.063,59.7,19.6,0,-3.42,0.010,59.7,240.2,1.000,5.3,12.7,62.2,170.1,91.7,74.5,67.8,62.8,59.7,56.9,54.3,52.0,49.1,46.1,41.4,34.5,27.1,21.0,11.6
2800,57.046,0.000,2765.8,181.4,-13.5,3,18097,1.000,0.000,0.006,0.345,-0.052,58.9,17.5,0,-3.57,0.007,58.9,239.3,1.000,5.4,13.4,66.6,172.0,91.1,73.8,67.0,62.1,58.9,56.1,53.6,51.3,48.3,45.4,40.7,33.8,26.5,20.6,11.4
2801,57.066,0.000,2766.8,182.3,-12.0,3,18067,1.000,0.000,0.057,0.341,-0.041,58.2,15.6,0,-3.72,0.005,58.2,238.3,1.000,5.5,14.4,70.4,173.7,90.5,73.1,66.3,61.3,58.2,55.4,52.8,50.5,47.6,44.6,40.0,33.2,26.0,20.2,11.3
2802,57.086,0.000,2767.9,183.3,-10.5,3,18026,1.000,0.000,0.118,0.336,-0.029,57.5,13.6,0,-4.18,0.003,57.5,237.8,1.000,5.6,15.5,72.8,200.0,90.2,72.5,65.6,60.6,57.5,54.7,52.2,49.8,46.9,44.0,39.4,32.7,25.5,19.8,11.1
2803,57.106,0.000,2768.9,184.3,-9.0,3,17906,1.000,0.000,0.165,0.331,-0.018,57.0,10.1,0,-4.25,0.002,57.0,237.7,1.000,5.7,16.7,74.2,200.0,90.1,72.1,65.2,60.1,57.0,54.1,51.6,49.3,46.3,43.4,38.8,32.1,25.1,19.4,11.0
2804,57.126,0.000,2770.0,185.3,-7.5,3,17865,1.000,0.000,0.213,0.326,-0.007,56.5,8.0,0,-4.31,0.001,56.5,237.8,1.000,5.8,17.8,75.1,200.0,90.1,71.8,64.8,59.7,56.5,53.6,51.1,48.7,45.8,42.9,38.3,31.6,24.6,19.0,10.8
2805,57.146,0.000,2771.1,186.1,-6.2,3,17886,1.000,0.000,0.257,0.320,0.003,56.3,7.1,0,-4.33,0.000,57.5,239.2,1.000,6.0,18.8,74.2,200.0,91.0,72.0,64.7,59.5,56.3,53.4,50.8,48.4,45.5,42.5,37.9,31.2,24.3,18.7,10.7
2806,57.166,0.000,2772.1,186.9,-5.3,3,17943,1.000,0.000,0.235,0.313,0.011,57.0,7.0,0,-4.25,-0.039,61.6,244.5,1.000,6.1,19.4,69.6,200.0,94.3,73.6,66.0,60.4,57.0,54.0,51.3,48.8,45.8,42.7,38.0,31.1,24.1,18.4,10.6
2807,57.186,0.000,2773.2,187.7,-4.9,3,18020,1.000,0.000,0.166,0.306,0.017,58.8,6.7,0,-4.10,-0.158,66.7,254.7,1.000,6.2,19.6,63.0,200.0,100.9,77.2,68.6,62.5,58.8,55.5,52.6,49.9,46.6,43.4,38.4,31.3,24.0,18.3,10.5
2808,57.206,0.000,2774.3,188.5,-4.8,3,18030,1.000,0.000,0.082,0.298,0.022,61.4,4.7,0,-3.92,-0.306,73.0,269.2,1.000,6.3,19.6,56.8,199.2,110.7,82.3,72.4,65.5,61.4,57.7,54.5,51.6,48.0,44.5,39.2,31.6,24.1,18.2,10.4
2809,57.226,0.000,2775.3,189.4,-4.7,3,18064,1.000,0.000,-0.001,0.290,0.027,64.0,2.8,0,-3.74,-0.470,81.6,371.8,1.000,6.4,19.7,52.7,195.2,121.7,87.7,76.4,68.6,64.0,59.9,56.4,53.2,49.3,45.6,39.9,32.0,24.1,18.1,10.2
2810,57.246,0.000,2776.4,190.2,-4.5,3,18140,1.000,0.000,0.021,0.280,0.036,65.4,2.0,0,-3.65,-0.470,92.6,368.8,1.000,6.6,20.0,51.3,192.3,129.5,91.1,78.7,70.3,65.4,61.1,57.3,54.0,49.9,46.0,40.1,31.9,24.0,18.0,10.1
2811,57.266,0.000,2777.5,191.1,-3.8,3,18220,1.000,0.000,0.059,0.269,0.047,65.8,1.8,0,-3.63,-0.470,111.1,366.5,1.000,6.8,20.5,51.2,190.2,133.9,92.7,79.6,70.9,65.8,61.3,57.5,54.1,49.9,45.9,39.9,31.7,23.7,17.7,9.9
2812,57.286,0.000,2778.6,191.9,-3.2,3,18281,1.000,0.000,0.096,0.256,0.056,66.7,1.6,0,-3.57,-0.470,66.7,363.9,1.000,7.0,20.8,50.6,187.7,141.0,95.4,81.4,72.2,66.7,62.1,58.1,54.5,50.2,46.1,39.9,31.6,23.5,17.5,9.8
2813,57.306,0.000,2779.7,192.8,-2.8,3,18320,1.000,0.000,0.125,0.243,0.065,69.0,1.1,0,-3.47,-0.470,69.0,360.1,1.000,7.2,21.0,48.9,184.2,155.0,101.0,85.2,74.9,69.0,63.9,59.6,55.8,51.2,46.8,40.4,31.7,23.5,17.4,9.6
2814,57.326,0.000,2780.8,193.7,-2.6,3,18314,1.000,0.000,0.151,0.228,0.071,72.5,-0.5,0,-3.37,-0.470,72.5,355.1,1.000,7.3,20.9,46.7,179.6,199.9,109.8,91.1,79.3,72.5,66.9,62.0,57.9,52.9,48.1,41.2,32.1,23.6,17.3,9.5
2815,57.346,0.000,2781.8,194.5,-2.6,3,18394,1.000,0.000,0.171,0.212,0.077,77.6,-0.4,0,-3.15,-0.470,77.6,348.5,1.000,7.5,20.7,44.2,173.6,196.5,123.1,99.7,85.4,77.6,71.0,65.5,60.8,55.2,50.0,42.5,32.7,23.7,17.3,9.4
2816,57.366,0.000,2782.9,195.3,-2.7,3,18509,1.000,0.000,0.182,0.195,0.081,85.0,0.4,0,-2.84,-0.470,85.0,368.9,1.000,7.6,20.4,41.6,163.1,192.5,144.8,113.0,94.8,85.0,77.1,70.5,65.0,58.5,52.6,44.2,33.6,24.1,17.4,9.3
2817,57.386,0.000,2784.0,196.0,-3.1,3,18640,1.000,0.000,0.163,0.178,0.081,97.8,1.7,0,-2.21,-0.470,97.8,363.5,1.000,7.6,19.9,38.5,120.1,187.3,195.8,137.5,111.1,97.8,87.3,78.8,71.8,63.9,56.8,47.0,35.0,24.7,17.6,9.3
2818,57.406,0.000,2785.1,196.7,-3.9,3,18774,1.000,0.000,0.089,0.161,0.068,117.4,2.9,0,-1.75,-0.470,117.4,371.7,1.000,7.7,19.3,35.7,93.2,181.2,190.9,195.1,137.6,117.4,102.3,90.7,81.5,71.3,62.5,50.7,36.8,25.4,17.9,9.2
2819,57.426,0.000,2786.2,197.6,-4.4,3,18727,1.000,0.000,0.029,0.145,0.057,142.0,0.3,0,-1.42,-0.470,142.0,371.0,1.000,7.7,18.9,33.8,78.9,175.1,186.3,190.9,194.4,142.0,120.3,104.4,92.2,79.3,68.3,54.3,38.5,26.1,18.1,9.2
2820,57.446,0.000,2787.3,198.4,-4.4,3,18864,1.000,0.000,-0.005,0.131,0.051,194.0,1.1,0,-1.22,-0.470,194.0,370.5,1.000,7.8,18.8,33.0,72.9,170.7,183.0,187.8,191.5,194.0,134.0,114.4,99.7,84.6,72.1,56.5,39.5,26.4,18.2,9.1
2821,57.466,0.000,2788.4,199.1,-4.1,3,19046,1.000,0.000,-0.016,0.118,0.048,192.1,3.1,0,-1.17,-0.470,192.1,368.5,1.000,7.9,18.9,32.8,71.1,168.0,180.9,185.8,189.6,192.1,140.7,119.0,103.1,86.8,73.6,57.2,39.7,26.4,18.1,9.1
2822,57.486,0.000,2789.5,199.9,-3.5,3,19190,1.000,0.000,-0.016,0.106,0.047,190.8,4.3,0,-1.17,-0.470,190.8,366.2,1.000,8.0,19.1,33.1,71.3,166.8,179.6,184.6,188.4,190.8,141.6,119.4,103.2,86.8,73.4,57.0,39.4,26.2,18.0,9.0
2823,57.506,0.000,2790.6,200.7,-2.9,3,19270,1.000,0.000,-0.011,0.094,0.047,189.8,4.4,0,-1.19,-0.470,189.8,363.8,1.000,8.1,19.3,33.6,72.3,166.1,178.7,183.6,187.3,189.8,139.9,118.0,102.0,85.8,72.6,56.4,39.0,25.9,17.8,8.9
2824,57.526,0.000,2791.7,201.6,-2.2,3,19303,1.000,0.000,-0.004,0.083,0.047,188.8,3.5,0,-1.21,-0.470,188.8,361.8,1.000,8.2,19.6,34.1,73.6,165.6,177.8,182.7,186.4,188.8,137.3,116.0,100.4,84.5,71.5,55.6,38.5,25.6,17.6,8.8
2825,57.546,0.000,2792.9,202.5,-1.6,3,19196,1.000,0.000,0.004,0.073,0.048,187.8,0.0,0,-1.24,-0.470,187.8,362.0,1.000,8.3,19.9,34.6,74.9,165.1,177.0,181.8,185.4,187.8,134.5,113.8,98.6,83.1,70.4,54.8,38.0,25.3,17.4,8.7
2826,57.566,0.000,2794.0,203.4,-1.1,3,19200,1.000,0.000,0.012,0.062,0.048,186.9,-1.7,0,-1.27,-0.470,186.9,362.6,1.000,8.4,20.1,35.1,76.4,164.6,176.2,180.9,184.5,186.9,131.7,111.6,96.8,81.7,69.3,54.0,37.5,25.0,17.2,8.6
2827,57.586,0.000,2795.1,204.2,-0.6,3,19275,1.000,0.000,0.018,0.053,0.049,185.8,-1.8,0,-1.28,-0.470,185.8,361.8,1.000,8.5,20.4,35.5,77.3,163.9,175.3,179.9,183.5,185.8,130.1,110.3,95.7,80.8,68.6,53.5,37.2,24.8,17.0,8.5
2828,57.606,0.000,2796.3,205.0,-0.4,3,19378,1.000,0.000,0.020,0.043,0.048,184.5,-1.3,0,-1.28,-0.470,184.5,360.5,1.000,8.5,20.5,35.7,77.4,162.7,174.0,178.6,182.2,184.5,130.5,110.5,95.7,80.7,68.4,53.3,37.0,24.6,16.9,8.5
2829,57.626,0.000,2797.4,205.7,-0.4,3,19482,1.000,0.000,0.017,0.034,0.047,183.0,-0.8,0,-1.26,-0.470,183.0,358.8,1.000,8.6,20.6,35.8,76.7,161.0,172.5,177.1,180.7,183.0,133.3,112.3,97.0,81.4,68.9,53.4,36.9,24.5,16.8,8.4
2830,57.646,0.000,2798.5,206.5,-0.4,3,19572,1.000,0.000,0.011,0.025,0.045,181.4,-0.4,0,-1.22,-0.470,181.4,356.6,1.000,8.7,20.7,35.7,75.6,159.1,170.8,175.5,179.1,181.4,137.6,115.1,99.0,82.7,69.7,53.8,37.0,24.5,16.7,8.3
2831,57.666,0.000,2799.7,207.2,-0.5,4,19400,1.000,0.000,0.006,0.016,0.043,179.8,-4.6,0,-1.19,-0.470,179.8,355.0,1.000,8.7,20.7,35.6,74.7,157.3,169.1,173.8,177.5,179.8,141.8,117.9,100.9,84.0,70.5,54.1,37.1,24.4,16.7,8.3
2832,57.686,0.000,2800.8,207.8,-0.5,4,19249,1.000,0.000,0.003,0.007,0.042,180.6,-4.9,0,-1.11,-0.470,180.6,356.2,1.000,8.8,20.9,35.7,74.2,155.8,167.7,172.4,176.0,178.4,180.6,119.5,102.0,84.6,70.8,54.2,37.0,24.3,16.6,8.2
2833,57.706,0.000,2802.0,208.4,-0.4,4,19126,1.000,0.000,0.004,-0.001,0.041,179.3,-4.4,0,-1.10,-0.470,179.3,354.7,1.000,8.9,21.0,35.9,74.3,154.5,166.4,171.1,174.7,177.1,179.3,120.1,102.3,84.7,70.7,54.1,36.8,24.2,16.5,8.1
2834,57.726,0.000,2803.2,209.0,-0.3,4,18491,1.000,0.000,0.006,-0.010,0.041,178.0,-3.6,0,-1.10,-0.470,178.0,352.4,1.000,8.9,21.1,36.1,74.4,153.4,165.1,169.8,173.4,175.8,178.0,120.4,102.3,84.6,70.6,53.9,36.7,24.0,16.3,8.1
2835,57.746,0.000,2804.3,209.6,-0.3,4,18028,1.000,0.000,0.007,-0.018,0.040,176.7,-3.4,0,-1.10,-0.470,176.7,350.6,1.000,9.0,21.2,36.2,74.4,152.2,163.9,168.5,172.1,174.5,176.7,120.9,102.6,84.6,70.5,53.8,36.5,23.9,16.2,8.0
2836,57.766,0.000,2805.5,210.2,-0.2,4,17697,1.000,0.000,0.008,-0.026,0.039,175.4,-3.3,0,-1.09,-0.470,175.4,348.5,1.000,9.1,21.4,36.3,74.3,150.9,162.6,167.2,170.8,173.2,175.4,121.9,103.1,84.9,70.6,53.7,36.4,23.8,16.1,8.0
2837,57.786,0.000,2806.7,210.9,-0.2,4,17461,1.000,0.000,0.008,-0.033,0.038,174.0,-4.1,0,-1.08,-0.470,174.0,347.1,1.000,9.1,21.5,36.4,74.1,149.5,161.2,165.8,169.4,171.8,174.0,123.1,103.9,85.3,70.8,53.7,36.3,23.6,16.0,7.9
2838,57.806,0.000,2807.8,211.5,-0.2,4,17300,1.000,0.000,0.007,-0.041,0.037,172.6,-4.3,0,-1.07,-0.470,172.6,345.7,1.000,9.2,21.5,36.5,73.8,148.1,159.8,164.4,168.0,170.4,172.6,124.6,104.8,85.8,71.0,53.7,36.2,23.5,15.9,7.8
2839,57.826,0.000,2809.0,212.1,-0.2,4,17193,1.000,0.000,0.007,-0.049,0.037,171.2,-4.2,0,-1.06,-0.470,171.2,344.0,1.000,9.2,21.6,36.6,73.6,146.8,158.4,163.1,166.6,169.0,171.2,126.0,105.7,86.2,71.2,53.7,36.1,23.4,15.9,7.8
2840,57.846,0.000,2810.2,212.7,-0.2,4,17128,1.000,0.000,0.007,-0.056,0.036,169.8,-4.0,0,-1.05,-0.470,169.8,341.8,1.000,9.3,21.7,36.7,73.4,145.4,157.1,161.7,165.3,167.6,169.8,127.4,106.5,86.6,71.4,53.8,36.0,23.3,15.8,7.7
2841,57.866,0.000,2811.4,213.3,-0.3,4,17091,1.000,0.000,0.006,-0.063,0.035,168.4,-3.9,0,-1.04,-0.470,168.4,339.6,1.000,9.4,21.8,36.7,73.2,144.1,155.7,160.3,163.9,166.2,168.4,128.9,107.5,87.1,71.7,53.8,35.9,23.2,15.7,7.7
2842,57.886,0.000,2812.6,213.9,-0.3,4,17073,1.000,0.000,0.006,-0.070,0.034,167.0,-3.8,0,-1.03,-0.470,167.0,337.4,1.000,9.4,21.9,36.8,73.0,142.8,154.3,158.9,162.5,164.8,167.0,130.6,108.4,87.6,71.9,53.8,35.9,23.1,15.6,7.6
2843,57.906,0.000,2813.7,214.6,-0.3,4,17069,1.000,0.000,0.206,-0.077,0.033,167.7,-4.1,0,-0.94,0.850,167.7,338.1,1.000,9.5,22.0,36.9,72.8,141.5,153.0,157.6,161.1,163.5,165.6,167.7,109.3,88.1,72.1,53.8,35.8,23.0,15.5,7.6
2844,57.926,0.000,2814.9,215.2,-0.1,4,17074,1.000,0.000,0.330,-0.084,0.029,165.6,-3.4,0,-0.87,0.850,165.6,335.5,1.000,9.5,21.9,36.3,70.2,138.3,150.6,155.3,158.9,161.3,163.5,165.6,117.2,93.0,75.3,55.5,36.4,23.2,15.6,7.6
2845,57.946,0.000,2816.1,215.7,-0.8,4,17089,1.000,0.000,0.271,-0.089,0.019,161.9,-1.9,0,-0.58,0.850,161.9,333.3,1.000,9.4,21.3,34.5,63.5,128.4,145.5,150.8,154.7,157.3,159.7,161.9,164.0,112.0,87.1,61.5,38.8,24.1,15.9,7.6
2846,57.966,0.000,2817.3,216.2,-2.3,4,17114,1.000,0.000,0.189,-0.093,0.005,157.0,-1.0,0,-0.18,0.850,157.0,330.4,1.000,9.3,20.4,32.3,56.0,101.0,137.5,144.3,148.9,151.8,154.5,157.0,159.3,162.3,112.3,73.0,43.0,25.6,16.5,7.7
2847,57.986,0.000,2818.5,216.6,-3.9,4,17146,1.000,0.000,0.103,-0.096,-0.010,151.4,-0.5,0,0.20,0.850,154.4,327.3,1.000,9.2,19.6,30.2,49.7,82.1,121.8,135.9,141.9,145.5,148.6,151.4,154.0,157.3,160.8,91.3,48.6,27.4,17.2,7.8
2848,58.006,0.000,2819.7,217.1,-5.3,4,17184,1.000,0.000,-0.097,-0.097,-0.024,145.7,-0.3,0,0.50,0.000,153.2,320.5,1.000,9.1,18.9,28.4,45.1,70.1,97.1,122.2,134.0,138.6,142.4,145.7,148.6,152.3,156.1,118.8,55.4,29.4,17.9,7.9
2849,58.026,0.000,2820.9,217.6,-6.4,4,17225,1.000,0.000,-0.177,-0.096,-0.033,141.2,-0.4,0,0.84,0.000,152.0,324.1,1.000,9.0,18.5,27.4,42.6,64.2,86.1,105.2,126.7,133.0,137.5,141.2,144.5,148.5,152.6,159.1,60.8,30.9,18.4,7.9
2850,58.046,0.000,2822.2,218.3,-5.8,4,17239,1.000,0.000,-0.161,-0.096,-0.030,141.2,-1.9,0,0.79,0.000,150.7,323.3,1.000,9.0,18.6,27.7,43.4,66.0,89.4,110.3,128.3,133.6,137.7,141.2,144.3,148.2,152.1,158.5,58.9,30.4,18.3,7.9
2851,58.066,0.000,2823.4,218.9,-3.5,4,17239,1.000,0.000,-0.089,-0.095,-0.018,144.1,-3.7,0,0.35,0.000,149.5,318.3,1.000,9.1,19.2,29.1,47.0,74.8,106.4,127.0,134.1,137.9,141.2,144.1,146.8,150.3,153.8,105.2,52.3,28.6,17.6,7.8
2852,58.086,0.000,2824.6,219.6,-0.7,4,17245,1.000,0.000,-0.016,-0.094,-0.005,147.0,-4.4,0,0.10,0.000,148.3,321.2,1.000,9.2,19.9,30.9,51.9,88.4,125.9,133.6,138.6,141.7,144.5,147.0,149.4,152.5,155.7,83.3,46.3,26.7,16.9,7.7
2853,58.106,0.000,2825.8,220.2,1.3,4,17258,1.000,0.000,0.184,-0.094,0.005,148.4,-4.7,0,-0.19,0.850,148.4,319.7,1.000,9.3,20.5,32.4,56.2,101.6,130.6,136.5,140.8,143.6,146.1,148.4,150.6,153.5,111.4,72.6,42.8,25.5,16.5,7.7
2854,58.126,0.000,2827.0,220.8,2.2,4,17275,1.000,0.000,0.201,-0.093,0.007,147.6,-4.2,0,-0.23,0.850,147.6,319.4,1.000,9.3,20.6,32.6,57.1,104.5,130.4,136.1,140.2,142.9,145.3,147.6,149.8,152.6,107.5,70.9,42.2,25.3,16.4,7.6
2855,58.146,0.000,2828.3,221.3,1.3,4,17296,1.000,0.000,0.153,-0.093,-0.001,144.2,-4.2,0,0.05,0.850,144.5,319.4,1.000,9.3,20.1,31.4,53.3,92.5,125.2,131.8,136.3,139.2,141.8,144.2,146.5,149.5,152.6,79.3,45.1,26.3,16.8,7.7
2856,58.166,0.000,2829.5,221.9,-0.4,4,17320,1.000,0.000,0.085,-0.091,-0.014,139.4,-4.3,0,0.25,0.850,143.2,314.5,1.000,9.1,19.3,29.6,48.3,78.4,114.1,124.9,130.5,133.8,136.7,139.4,141.9,145.1,148.5,97.3,50.4,28.0,17.5,7.8
2857,58.186,0.000,2830.7,222.4,-2.1,4,17350,1.000,0.000,0.011,-0.088,-0.026,134.4,-4.1,0,0.69,0.850,141.9,316.5,1.000,9.0,18.7,28.0,44.2,68.3,93.9,115.5,123.8,127.9,131.3,134.4,137.1,140.6,144.3,150.2,56.9,30.0,18.2,7.9
2858,58.206,0.000,2832.0,223.0,-3.2,4,17382,1.000,0.000,-0.033,-0.085,-0.034,130.3,-4.0,0,0.82,0.850,140.7,311.7,1.000,8.9,18.2,27.0,41.8,62.8,83.8,102.2,118.0,123.0,127.0,130.3,133.3,137.1,140.9,147.1,62.4,31.5,18.7,8.0
2859,58.226,0.000,2833.2,223.6,-3.3,4,17406,1.000,0.000,-0.048,-0.080,-0.037,128.2,-4.3,0,0.87,0.850,139.3,308.9,1.000,8.8,18.0,26.6,41.0,61.0,80.8,97.7,115.0,120.6,124.7,128.2,131.2,135.0,138.9,145.2,64.6,32.1,19.0,8.1
2860,58.246,0.000,2834.4,224.2,-2.6,4,17442,1.000,0.000,-0.039,-0.076,-0.035,127.6,-3.7,0,0.84,0.850,138.1,305.9,1.000,8.8,18.0,26.7,41.2,61.7,82.2,99.9,115.3,120.3,124.2,127.6,130.5,134.2,138.0,144.2,63.7,32.0,19.0,8.1
2861,58.266,0.000,2835.7,224.8,-1.6,4,17458,1.000,0.000,-0.019,-0.071,-0.031,127.6,-4.4,0,0.78,0.850,136.7,305.2,1.000,8.8,18.1,27.0,42.1,63.7,86.0,105.7,116.6,120.9,124.5,127.6,130.5,134.0,137.7,143.7,61.3,31.4,18.8,8.1
2862,58.286,0.000,2836.9,225.4,-0.6,4,17472,1.000,0.000,0.001,-0.065,-0.027,127.6,-5.0,0,0.71,0.850,135.4,305.5,1.000,8.8,18.2,27.3,42.9,65.9,90.2,109.8,117.5,121.4,124.7,127.6,130.3,133.7,137.3,143.2,59.2,31.0,18.7,8.2
2863,58.306,0.000,2838.2,226.0,0.1,4,17487,1.000,0.000,0.013,-0.060,-0.025,127.1,-5.4,0,0.68,0.850,134.0,305.7,1.000,8.8,18.2,27.4,43.4,67.2,92.8,110.7,117.4,121.1,124.3,127.1,129.7,133.0,136.5,142.3,58.1,30.7,18.7,8.2
2864,58.326,0.000,2839.5,226.6,0.3,4,17503,1.000,0.000,0.015,-0.055,-0.024,126.0,-5.7,0,0.68,0.850,132.7,305.3,1.000,8.7,18.2,27.3,43.3,67.3,93.1,110.0,116.5,120.1,123.2,126.0,128.6,131.9,135.3,141.0,58.1,30.8,18.8,8.2
2865,58.346,0.000,2840.7,227.2,0.2,4,17523,1.000,0.000,0.011,-0.049,-0.025,124.5,-6.0,0,0.69,0.850,131.4,304.6,1.000,8.7,18.0,27.1,42.9,66.4,91.7,108.5,115.0,118.6,121.7,124.5,127.0,130.3,133.8,139.5,58.9,31.1,18.9,8.3
2866,58.366,0.000,2842.0,227.7,0.0,4,17550,1.000,0.000,0.004,-0.044,-0.026,122.8,-5.9,0,0.71,0.850,130.0,303.0,1.000,8.6,17.9,26.8,42.3,65.3,89.7,106.7,113.3,116.9,120.0,122.8,125.4,128.7,132.1,137.8,59.9,31.5,19.1,8.3
2867,58.386,0.000,2843.2,228.3,-0.1,4,17574,1.000,0.000,-0.002,-0.038,-0.027,121.2,-5.9,0,0.73,0.850,128.7,301.4,1.000,8.6,17.7,26.6,41.8,64.3,87.9,105.0,111.7,115.3,118.4,121.2,123.8,127.1,130.5,136.2,60.9,31.9,19.3,8.4
2868,58.406,0.000,2844.5,228.9,-0.2,4,17599,1.000,0.000,-0.005,-0.032,-0.028,119.8,-6.0,0,0.74,0.850,127.3,299.8,1.000,8.5,17.6,26.4,41.5,63.6,86.9,103.6,110.3,113.9,117.0,119.8,122.4,125.6,129.1,134.7,61.6,32.1,19.4,8.4
2869,58.426,0.000,2845.8,229.5,-0.2,4,17622,1.000,0.000,-0.006,-0.027,-0.028,118.5,-6.0,0,0.75,0.850,125.9,298.3,1.000,8.5,17.5,26.2,41.3,63.3,86.5,102.7,109.2,112.7,115.7,118.5,121.0,124.3,127.7,133.4,61.9,32.3,19.5,8.5
2870,58.446,0.000,2847.1,230.1,-0.1,4,17646,1.000,0.000,-0.004,-0.021,-0.027,117.3,-6.1,0,0.75,0.850,124.6,296.6,1.000,8.4,17.4,26.1,41.1,63.2,86.4,101.9,108.1,111.6,114.6,117.3,119.8,123.0,126.4,132.0,62.0,32.4,19.6,8.5
2871,58.466,0.000,2848.3,230.6,0.0,4,17669,1.000,0.000,-0.003,-0.015,-0.027,116.2,-6.2,0,0.75,0.850,123.2,295.0,1.000,8.4,17.4,26.0,41.0,63.1,86.5,101.1,107.1,110.5,113.5,116.2,118.6,121.8,125.1,130.7,62.1,32.5,19.7,8.6
2872,58.486,0.000,2849.6,231.2,0.1,4,17698,1.000,0.000,-0.001,-0.009,-0.026,115.0,-6.1,0,0.74,0.850,121.8,293.1,1.000,8.3,17.3,25.9,40.9,63.0,86.5,100.3,106.1,109.4,112.3,115.0,117.4,120.5,123.8,129.4,62.2,32.7,19.8,8.6
2873,58.506,0.000,2850.9,231.8,0.1,4,17719,1.000,0.000,-0.001,-0.004,-0.026,113.7,-6.2,0,0.75,0.850,120.5,291.3,1.000,8.3,17.2,25.8,40.7,62.8,86.3,99.4,105.0,108.2,111.1,113.7,116.1,119.2,122.5,128.0,62.4,32.8,19.9,8.7
2874,58.526,0.000,2852.2,232.3,0.1,4,17742,1.000,0.000,-0.001,0.002,-0.026,112.4,-6.3,0,0.75,0.850,119.1,289.5,1.000,8.3,17.1,25.7,40.5,62.5,86.0,98.3,103.8,107.0,109.9,112.4,114.8,117.9,121.1,126.6,62.7,33.0,20.0,8.7
2875,58.546,0.000,2853.5,232.9,0.1,4,17764,1.000,0.000,-0.001,0.008,-0.026,111.1,-6.4,0,0.75,0.850,117.7,287.8,1.000,8.2,17.0,25.5,40.3,62.3,85.6,97.3,102.7,105.8,108.6,111.1,113.5,116.6,119.8,125.2,62.9,33.1,20.1,8.8
2876,58.566,0.000,2854.8,233.5,0.1,4,17787,1.000,0.000,-0.001,0.013,-0.026,109.8,-6.5,0,0.76,0.850,116.3,286.0,1.000,8.2,16.9,25.4,40.1,62.0,85.3,96.3,101.5,104.6,107.3,109.8,112.2,115.2,118.4,123.8,63.2,33.3,20.2,8.8
2877,58.586,0.000,2856.1,234.0,0.1,4,17812,1.000,0.000,-0.002,0.019,-0.026,108.5,-6.6,0,0.76,0.850,114.9,284.3,1.000,8.1,16.8,25.3,39.9,61.7,84.9,95.2,100.3,103.3,106.1,108.5,110.8,113.8,117.0,122.3,63.5,33.5,20.3,8.9
2878,58.606,0.000,2857.4,234.6,0.1,4,17838,1.000,0.000,-0.002,0.025,-0.026,107.2,-6.6,0,0.77,0.850,113.5,282.4,1.000,8.1,16.7,25.1,39.7,61.4,84.5,94.2,99.1,102.1,104.8,107.2,109.5,112.5,115.6,120.9,63.8,33.6,20.4,8.9
2879,58.626,0.000,2858.7,235.1,0.1,4,17872,1.000,0.000,-0.002,0.030,-0.026,105.9,-6.7,0,0.77,0.850,112.1,280.5,1.000,8.0,16.6,25.0,39.5,61.1,84.2,93.1,98.0,100.9,103.5,105.9,108.2,111.1,114.2,119.5,64.1,33.8,20.5,9.0
2880,58.646,0.000,2860.0,235.7,0.1,4,17912,1.000,0.000,-0.002,0.036,-0.025,104.6,-6.8,0,0.78,0.850,110.8,278.6,1.000,8.0,16.6,24.9,39.3,60.9,83.7,92.0,96.8,99.7,102.2,104.6,106.9,109.8,112.9,118.1,64.3,34.0,20.6,9.0
2881,58.666,0.000,2861.3,236.2,0.1,4,17952,1.000,0.000,-0.002,0.042,-0.025,103.3,-6.8,0,0.78,0.850,109.4,276.6,1.000,7.9,16.5,24.7,39.2,60.6,83.2,91.0,95.6,98.4,101.0,103.3,105.5,108.4,111.5,116.7,64.6,34.1,20.7,9.1
2882,58.686,0.000,2862.6,236.8,0.1,4,17992,1.000,0.000,-0.002,0.047,-0.025,102.0,-6.9,0,0.79,0.850,107.9,274.6,1.000,7.9,16.4,24.6,39.0,60.4,82.5,89.9,94.4,97.2,99.7,102.0,104.2,107.1,110.1,115.2,64.8,34.3,20.8,9.1
2883,58.706,0.000,2863.9,237.4,0.1,4,18033,1.000,0.000,-0.002,0.053,-0.025,100.7,-6.9,0,0.80,0.850,106.5,272.6,1.000,7.8,16.3,24.5,38.8,60.1,81.9,88.9,93.3,96.0,98.5,100.7,102.9,105.7,108.7,113.8,65.0,34.4,20.9,9.2
2884,58.726,0.000,2865.3,237.9,0.1,4,18074,1.000,0.000,-0.002,0.058,-0.025,99.4,-7.0,0,0.80,0.850,105.1,270.5,1.000,7.8,16.2,24.4,38.6,59.9,81.1,87.8,92.1,94.7,97.2,99.4,101.6,104.3,107.3,112.4,65.2,34.6,21.0,9.2
2885,58.746,0.000,2866.6,238.4,0.1,4,18114,1.000,0.000,-0.002,0.064,-0.024,98.1,-7.0,0,0.81,0.850,103.7,268.4,1.000,7.8,16.1,24.2,38.4,59.7,80.3,86.7,90.9,93.5,95.9,98.1,100.2,103.0,105.9,110.9,65.4,34.7,21.1,9.3
2886,58.766,0.000,2867.9,239.0,0.1,4,18154,1.000,0.000,-0.001,0.069,-0.024,96.8,-7.1,0,0.82,0.850,102.3,266.3,1.000,7.7,16.0,24.1,38.3,59.4,79.5,85.6,89.7,92.3,94.6,96.8,98.9,101.6,104.5,109.5,65.6,34.9,21.2,9.3
2887,58.786,0.000,2869.2,239.5,0.1,4,18193,1.000,0.000,-0.001,0.075,-0.024,95.5,-7.1,0,0.83,0.850,100.9,264.1,1.000,7.7,15.9,24.0,38.1,59.2,78.7,84.5,88.5,91.0,93.3,95.5,97.5,100.2,103.1,108.0,65.9,35.0,21.3,9.3
2888,58.806,0.000,2870.6,240.1,0.1,4,18233,1.000,0.000,-0.002,0.080,-0.024,94.2,-7.2,0,0.84,0.850,99.5,261.9,1.000,7.6,15.9,23.9,37.9,58.9,77.8,83.4,87.3,89.8,92.0,94.2,96.2,98.8,101.7,106.6,66.1,35.1,21.4,9.4
2889,58.826,0.000,2871.9,240.6,0.1,4,18274,1.000,0.000,-0.002,0.086,-0.024,92.8,-7.2,0,0.85,0.850,98.0,259.6,1.000,7.6,15.8,23.7,37.7,58.7,76.9,82.3,86.1,88.5,90.7,92.8,94.8,97.5,100.3,105.1,66.3,35.3,21.5,9.4
2890,58.846,0.000,2873.2,241.2,0.1,4,18314,1.000,0.000,-0.002,0.091,-0.024,91.5,-7.3,0,0.86,0.850,96.6,257.3,1.000,7.5,15.7,23.6,37.5,58.5,75.9,81.2,84.9,87.2,89.4,91.5,93.5,96.1,98.9,103.7,66.5,35.4,21.6,9.5
2891,58.866,0.000,2874.6,241.7,0.1,4,18353,1.000,0.000,-0.002,0.096,-0.023,90.2,-7.3,0,0.87,0.850,95.2,255.0,1.000,7.5,15.6,23.5,37.4,58.2,75.0,80.0,83.7,86.0,88.2,90.2,92.1,94.7,97.4,102.2,66.7,35.6,21.7,9.5
2892,58.886,0.000,2875.9,242.2,0.1,4,18392,1.000,0.000,-0.002,0.102,-0.023,88.9,-7.4,0,0.88,0.850,93.7,252.4,1.000,7.5,15.5,23.4,37.2,58.0,74.1,78.9,82.5,84.7,86.9,88.9,90.8,93.3,96.0,100.7,66.9,35.7,21.8,9.6
2893,58.906,0.000,2877.3,242.8,0.1,4,18432,1.000,0.000,-0.002,0.107,-0.023,87.5,-7.4,0,0.90,0.850,92.3,249.3,1.000,7.4,15.4,23.3,37.0,57.8,73.1,77.8,81.2,83.5,85.6,87.5,89.4,91.9,94.6,99.3,67.5,35.8,21.9,9.6
2894,58.926,0.000,2878.6,243.3,0.1,4,18486,1.000,0.000,-0.017,0.112,-0.023,86.2,-7.2,0,1.35,0.850,90.9,258.4,1.000,7.4,15.3,23.1,36.9,57.6,72.2,76.7,80.0,82.2,84.3,86.2,88.1,90.5,93.2,97.8,106.0,36.0,22.0,9.7
2895,58.946,0.000,2880.0,243.8,0.1,4,18535,1.000,0.000,-0.014,0.117,-0.022,85.0,-6.9,0,1.35,0.850,89.4,254.4,1.000,7.3,15.3,23.1,36.9,57.8,71.4,75.7,78.9,81.1,83.1,85.0,86.8,89.2,91.8,96.4,104.5,36.0,22.0,9.7
2896,58.966,0.000,2881.3,244.4,0.3,4,18564,1.000,0.000,-0.007,0.122,-0.021,83.9,-7.1,0,1.33,0.850,88.0,251.9,1.000,7.3,15.3,23.1,37.0,58.3,70.7,74.9,78.0,80.1,82.0,83.9,85.7,88.0,90.6,95.1,103.1,35.9,22.0,9.7
2897,58.986,0.000,2882.7,244.9,0.4,4,18597,1.000,0.000,-0.002,0.127,-0.019,82.7,-7.4,0,1.32,0.850,86.5,250.1,1.000,7.3,15.2,23.1,37.1,58.8,70.0,74.0,77.0,79.0,80.9,82.7,84.5,86.8,89.4,93.8,101.7,35.8,22.0,9.8
2898,59.006,0.000,2884.1,245.4,0.4,4,18631,1.000,0.000,0.001,0.132,-0.019,81.5,-7.5,0,1.32,0.850,85.1,247.3,1.000,7.2,15.2,23.0,37.1,58.9,69.1,72.9,75.9,77.8,79.7,81.5,83.2,85.5,88.0,92.4,100.2,35.8,22.1,9.8
2899,59.026,0.000,2885.4,245.9,0.4,4,18665,0.000,0.000,-0.148,0.137,-0.019,80.1,-7.7,0,1.32,0.000,83.6,244.8,1.000,7.2,15.1,22.9,36.9,58.5,68.0,71.7,74.6,76.5,78.4,80.1,81.8,84.1,86.5,90.9,98.7,35.9,22.1,9.8
2900,59.046,0.000,2886.8,245.7,0.2,4,18127,0.000,0.000,-0.131,0.141,-0.015,79.4,-20.5,0,1.28,0.000,82.2,241.5,1.000,7.2,15.2,23.1,37.6,59.5,67.8,71.3,74.0,75.9,77.7,79.4,81.0,83.2,85.6,89.9,97.5,35.5,22.0,9.8
2901,59.066,0.000,2888.2,245.0,1.2,4,18075,0.000,0.000,-0.082,0.144,-0.005,79.8,-20.9,0,1.18,0.000,80.7,241.7,1.000,7.2,15.5,24.1,40.3,62.1,69.1,72.2,74.8,76.5,78.2,79.8,81.3,83.4,85.7,89.8,97.3,33.9,21.4,9.8
2902,59.086,0.000,2889.5,244.4,2.6,4,18026,0.000,0.612,-0.004,0.146,0.006,80.4,-21.0,0,0.56,0.000,80.4,232.2,0.000,7.3,16.0,25.4,44.3,64.4,70.5,73.4,75.7,77.3,78.9,80.4,81.9,83.9,86.1,90.0,53.7,32.1,20.7,9.7
2903,59.106,0.000,2890.9,242.8,3.8,4,17622,0.000,0.436,0.040,0.147,0.015,80.4,-6.8,0,0.45,0.000,80.4,234.1,0.000,7.4,16.4,26.5,47.8,65.4,71.0,73.7,76.0,77.5,79.0,80.4,81.9,83.8,85.9,89.7,50.4,30.9,20.3,9.6
2904,59.126,0.000,2892.2,240.7,3.8,4,17556,0.000,0.000,0.053,0.147,0.017,79.4,-9.8,0,0.42,0.000,79.4,235.0,0.000,7.4,16.6,26.8,48.9,64.9,70.3,72.9,75.0,76.5,78.0,79.4,80.8,82.7,84.8,88.6,49.5,30.6,20.1,9.6
2905,59.146,0.000,2893.5,239.6,2.9,4,17667,0.000,0.000,0.039,0.146,0.015,77.6,-20.2,0,0.46,0.000,77.6,232.1,0.000,7.4,16.4,26.5,47.7,63.2,68.5,71.1,73.3,74.8,76.2,77.6,79.0,80.9,83.0,86.7,50.5,31.0,20.3,9.6
2906,59.166,0.000,2894.9,239.0,1.5,4,17628,0.217,0.000,-0.004,0.145,0.010,75.5,-20.5,0,1.03,0.000,75.5,239.8,0.217,7.3,16.2,25.8,45.7,61.1,66.4,69.0,71.1,72.6,74.0,75.5,76.8,78.7,80.8,84.5,91.4,31.6,20.5,9.6
2907,59.186,0.000,2896.2,238.6,0.3,4,17708,0.000,0.000,-0.023,0.144,0.006,73.5,-17.7,0,1.06,0.000,73.5,236.5,0.217,7.3,16.0,25.4,44.3,59.3,64.5,67.1,69.2,70.7,72.1,73.5,74.9,76.7,78.8,82.5,89.4,32.1,20.7,9.7
2908,59.206,0.000,2897.5,238.1,-0.2,4,17562,0.000,0.000,-0.026,0.143,0.005,72.1,-20.3,0,1.06,0.000,72.1,233.9,0.217,7.3,16.0,25.4,44.1,58.2,63.3,65.7,67.8,69.3,70.7,72.1,73.4,75.2,77.3,81.0,87.8,32.2,20.7,9.6
2909,59.226,0.000,2898.8,237.5,-0.1,4,17511,0.000,0.000,-0.018,0.142,0.007,70.9,-20.3,0,1.04,0.000,70.9,231.6,0.217,7.3,16.1,25.6,44.7,57.5,62.4,64.8,66.8,68.2,69.6,70.9,72.3,74.1,76.1,79.7,86.4,31.9,20.6,9.6
2910,59.246,0.000,2900.2,236.9,0.2,4,17467,0.000,0.000,-0.006,0.140,0.009,69.9,-20.2,0,1.01,0.000,69.9,229.5,0.217,7.4,16.3,25.9,45.2,56.9,61.6,63.9,65.9,67.3,68.6,69.9,71.2,73.0,74.9,78.5,85.1,31.6,20.5,9.6
2911,59.266,0.000,2901.5,236.3,0.4,4,17423,0.000,0.459,0.002,0.138,0.011,68.8,-20.2,0,0.99,0.000,68.8,227.2,0.000,7.4,16.4,26.2,45.3,56.2,60.7,63.0,64.9,66.2,67.5,68.8,70.1,71.8,73.7,77.2,83.8,31.3,20.4,9.6
2912,59.286,0.000,2902.8,235.0,0.5,4,17146,0.000,0.519,0.005,0.136,0.011,67.6,-9.1,0,0.98,0.000,67.6,224.6,0.000,7.4,16.5,26.3,44.9,55.3,59.6,61.8,63.7,65.0,66.3,67.6,68.8,70.5,72.4,75.8,82.3,31.2,20.3,9.5
2913,59.306,0.000,2904.1,233.1,0.3,4,16968,0.000,0.558,0.004,0.134,0.011,66.2,-5.7,0,0.98,0.000,66.2,221.9,0.000,7.4,16.5,26.3,44.4,54.2,58.4,60.6,62.4,63.7,65.0,66.2,67.4,69.1,71.0,74.4,80.8,31.1,20.3,9.5
2914,59.326,0.000,2905.4,230.9,0.1,4,16785,0.000,0.591,0.001,0.132,0.010,64.8,-5.8,0,0.99,0.000,64.8,219.1,0.000,7.4,16.5,26.3,43.7,53.1,57.2,59.3,61.1,62.3,63.6,64.8,66.0,67.6,69.5,72.8,79.2,31.2,20.3,9.5
2915,59.346,0.000,2906.7,228.7,-0.0,4,16598,0.000,0.619,-0.002,0.130,0.010,63.4,-6.2,0,0.99,0.000,63.4,216.3,0.000,7.5,16.5,26.3,43.0,52.0,56.0,58.0,59.8,61.0,62.2,63.4,64.6,66.2,68.0,71.3,77.6,31.2,20.3,9.5
2916,59.366,0.000,2907.9,226.4,-0.1,4,16426,0.000,0.641,-0.004,0.128,0.009,62.0,-5.6,0,0.99,0.000,62.0,213.5,0.000,7.5,16.5,26.3,42.3,50.9,54.8,56.8,58.5,59.7,60.9,62.0,63.2,64.8,66.6,69.9,76.1,31.2,20.3,9.5
2917,59.386,0.000,2909.2,224.0,-0.2,4,16241,0.000,0.659,-0.004,0.126,0.009,60.8,-4.8,0,0.99,0.000,60.8,210.8,0.000,7.5,16.5,26.3,41.7,49.9,53.7,55.6,57.3,58.5,59.6,60.8,61.9,63.5,65.2,68.4,74.6,31.2,20.2,9.5
2918,59.406,0.000,2910.4,221.6,-0.2,4,16049,0.000,0.673,-0.004,0.124,0.009,59.5,-3.8,0,0.99,0.000,59.5,208.1,0.000,7.5,16.6,26.4,41.1,48.9,52.6,54.5,56.1,57.3,58.4,59.5,60.6,62.2,63.9,67.1,73.1,31.1,20.2,9.5
2919,59.426,0.000,2911.6,219.2,-0.1,4,15856,0.000,0.686,-0.003,0.122,0.009,58.3,-2.5,0,0.99,0.000,58.3,205.5,0.000,7.5,16.6,26.5,40.5,48.0,51.5,53.4,55.0,56.1,57.2,58.3,59.4,60.9,62.6,65.7,71.7,31.0,20.1,9.4
2920,59.446,0.000,2912.8,216.7,-0.1,4,15662,0.000,0.696,-0.001,0.120,0.009,57.1,-2.7,0,0.99,0.000,57.1,202.8,0.000,7.5,16.7,26.6,39.8,47.0,50.5,52.3,53.8,54.9,56.0,57.1,58.1,59.6,61.3,64.4,70.3,31.0,20.1,9.4
2921,59.466,0.000,2914.0,214.2,-0.1,4,15469,0.000,0.708,-0.001,0.118,0.009,55.9,-1.8,0,0.99,0.000,55.9,200.0,0.000,7.6,16.7,26.6,39.2,46.1,49.4,51.2,52.7,53.8,54.8,55.9,56.9,58.4,60.0,63.0,68.9,31.1,20.1,9.4
2922,59.486,0.000,2915.2,211.7,-0.1,4,15302,0.000,0.720,-0.001,0.116,0.009,54.7,0.6,0,0.99,0.000,54.7,197.3,0.000,7.6,16.8,26.7,38.5,45.1,48.4,50.1,51.5,52.6,53.6,54.7,55.7,57.1,58.7,61.7,67.5,31.4,20.0,9.4
2923,59.506,0.000,2916.4,209.2,-0.1,4,15114,0.000,0.734,-0.002,0.114,0.009,53.5,3.2,0,1.01,0.000,53.5,194.5,0.000,7.6,16.8,26.7,37.8,44.2,47.3,49.0,50.4,51.4,52.5,53.5,54.5,55.9,57.4,60.4,66.1,32.1,20.0,9.4
2924,59.526,0.000,2917.5,206.7,-0.1,4,14904,0.000,0.749,-0.003,0.112,0.009,52.3,5.8,0,1.04,0.000,52.3,191.7,0.000,7.6,16.8,26.7,37.1,43.2,46.3,47.9,49.3,50.3,51.3,52.3,53.3,54.6,56.2,59.1,64.7,33.6,20.0,9.4
2925,59.546,0.000,2918.7,204.2,-0.1,4,14691,0.000,0.763,-0.203,0.110,0.009,51.1,9.1,0,2.17,-0.456,51.1,188.9,0.000,7.6,16.8,26.6,36.4,42.3,45.3,46.8,48.2,49.2,50.1,51.1,52.1,53.4,54.9,57.8,63.3,72.2,19.9,9.3
2926,59.566,0.000,2919.8,201.7,-0.3,4,14480,0.000,0.749,-0.375,0.108,0.012,50.2,14.7,0,2.15,-0.507,50.2,186.7,0.000,7.7,17.0,26.7,36.0,41.7,44.6,46.1,47.4,48.4,49.3,50.2,51.2,52.5,54.0,56.8,62.3,71.0,19.8,9.3
2927,59.586,0.000,2920.9,199.3,0.3,4,14290,0.000,0.664,-0.371,0.105,0.021,50.1,24.8,0,2.08,-0.558,50.1,186.0,0.000,7.8,17.6,27.4,36.3,41.8,44.6,46.1,47.4,48.3,49.2,50.1,51.1,52.3,53.8,56.5,61.9,70.6,19.2,9.2
2928,59.606,0.000,2922.0,196.9,1.8,4,14149,0.000,0.525,-0.171,0.101,0.036,50.6,29.5,0,0.83,0.000,50.6,186.4,0.000,7.9,18.5,28.6,37.1,42.5,45.2,46.6,47.9,48.8,49.7,50.6,51.5,52.7,54.2,56.8,62.1,30.8,18.4,9.0
2929,59.626,0.000,2923.1,194.5,3.5,4,14087,0.000,0.380,0.029,0.096,0.052,51.0,22.6,0,0.67,0.000,51.0,186.9,0.000,8.1,19.7,29.6,37.9,43.1,45.8,47.2,48.4,49.3,50.2,51.0,51.9,53.2,54.6,57.2,62.4,27.3,17.6,8.8
2930,59.646,0.000,2924.2,192.3,4.7,4,13998,0.000,0.000,0.229,0.089,0.063,51.0,4.8,0,0.59,0.000,51.0,186.4,0.000,8.3,20.5,30.1,38.2,43.3,45.8,47.2,48.4,49.3,50.2,51.0,51.9,53.1,54.5,57.0,62.1,25.9,17.0,8.7
2931,59.666,0.000,2925.2,191.1,5.0,4,14099,0.000,0.363,0.247,0.083,0.064,50.0,-13.3,0,0.60,0.000,50.0,183.9,0.000,8.3,20.6,29.7,37.5,42.4,44.9,46.2,47.4,48.3,49.1,50.0,50.8,52.0,53.4,55.9,60.9,26.7,16.8,8.6
2932,59.686,0.000,2926.3,190.1,3.4,4,13852,0.000,0.574,0.149,0.076,0.052,47.7,-6.9,0,1.87,0.000,47.7,178.6,0.000,8.3,19.8,28.3,35.6,40.3,42.7,44.0,45.2,46.0,46.8,47.7,48.5,49.7,51.0,53.5,58.5,66.6,17.3,8.7
2933,59.706,0.000,2927.3,188.3,0.7,4,13604,0.000,0.803,0.067,0.070,0.034,44.9,-2.7,0,1.96,0.000,44.9,172.3,0.000,8.2,18.8,26.5,33.3,37.8,40.2,41.4,42.5,43.3,44.1,44.9,45.7,46.9,48.2,50.6,55.5,63.7,18.0,8.8
2934,59.726,0.000,2928.4,186.1,-1.7,4,13264,0.000,0.982,-0.133,0.065,0.019,42.5,6.8,0,2.05,-0.884,42.5,166.5,0.000,8.1,18.0,25.0,31.4,35.7,37.9,39.1,40.2,40.9,41.7,42.5,43.3,44.4,45.7,48.1,52.9,60.9,19.0,8.9
2935,59.746,0.000,2929.4,183.6,-3.3,4,12918,0.000,1.000,-0.333,0.060,0.010,40.7,24.4,0,2.11,-0.920,40.7,162.0,0.000,8.1,17.5,24.0,30.0,34.1,36.2,37.4,38.4,39.2,39.9,40.7,41.4,42.5,43.7,46.1,50.8,58.8,20.0,8.9
2936,59.766,0.000,2930.4,180.9,-3.5,3,15806,0.000,0.500,-0.533,0.055,0.009,39.6,50.4,0,2.13,-0.920,39.6,159.3,0.000,8.1,17.4,23.6,29.3,33.2,35.3,36.4,37.5,38.2,38.9,39.6,40.4,41.4,42.6,44.9,49.6,57.4,20.5,8.9
2937,59.786,0.000,2931.4,178.7,-2.6,3,15741,0.000,0.500,-0.598,0.050,0.017,39.3,50.4,0,2.10,-0.920,39.3,158.3,0.000,8.2,17.6,23.6,29.2,33.1,35.1,36.2,37.2,37.9,38.6,39.3,40.1,41.1,42.3,44.5,49.1,56.9,20.3,8.8
2938,59.806,0.000,2932.4,176.8,-1.0,3,15725,0.000,0.456,-0.515,0.045,0.032,39.6,45.6,0,2.02,-0.920,39.6,158.5,0.000,8.4,18.0,24.0,29.6,33.4,35.4,36.5,37.4,38.1,38.8,39.6,40.3,41.3,42.5,44.7,49.2,56.9,19.5,8.6
2939,59.826,0.000,2933.4,174.8,1.0,3,15491,0.000,0.770,-0.430,0.038,0.050,40.0,39.2,0,1.92,-0.920,40.0,159.4,0.000,8.6,18.6,24.6,30.1,33.9,35.9,37.0,37.9,38.6,39.3,40.0,40.7,41.8,42.9,45.1,49.6,57.2,18.5,8.4
2940,59.846,0.000,2934.3,172.5,3.0,3,14947,0.000,0.303,-0.355,0.031,0.069,40.6,43.6,0,1.83,-0.920,40.6,160.4,0.000,8.9,19.1,25.2,30.7,34.5,36.4,37.5,38.5,39.2,39.9,40.6,41.3,42.3,43.4,45.6,50.1,57.6,17.5,8.2
2941,59.866,0.000,2935.3,170.2,4.8,3,15044,0.000,0.444,-0.286,0.022,0.088,41.1,26.6,0,1.75,-0.920,41.1,161.4,0.000,9.1,19.6,25.7,31.3,35.0,37.0,38.1,39.0,39.7,40.4,41.1,41.8,42.8,43.9,46.1,50.5,58.0,16.6,8.0
2942,59.886,0.000,2936.2,168.2,6.3,3,14752,0.000,0.299,-0.219,0.012,0.107,41.6,16.2,0,1.68,-0.920,41.6,162.2,0.000,9.4,20.1,26.3,31.8,35.5,37.5,38.5,39.5,40.2,40.9,41.6,42.3,43.2,44.4,46.5,50.9,58.4,15.9,7.8
2943,59.906,0.000,2937.2,166.3,7.5,3,14730,0.000,0.000,-0.153,0.001,0.125,42.0,5.1,0,1.62,-0.920,42.0,163.0,0.000,9.7,20.5,26.7,32.2,36.0,37.9,39.0,39.9,40.6,41.3,42.0,42.7,43.6,44.8,46.9,51.3,58.6,15.2,7.6
2944,59.926,0.000,2938.1,165.0,8.1,3,14865,0.000,0.000,-0.093,-0.012,0.141,42.3,-11.0,0,1.56,-0.920,42.3,163.5,0.000,9.9,20.9,27.1,32.6,36.3,38.2,39.3,40.2,40.9,41.6,42.3,43.0,43.9,45.0,47.2,51.5,58.8,14.7,7.4
2945,59.946,0.000,2939.0,164.4,8.6,3,14811,0.000,0.000,-0.035,-0.027,0.157,42.5,-15.3,0,1.52,-0.920,42.5,163.8,0.000,10.2,21.2,27.4,32.9,36.6,38.5,39.5,40.5,41.1,41.8,42.5,43.2,44.1,45.2,47.4,51.7,58.9,14.2,7.2
2946,59.966,0.000,2939.9,163.9,9.0,3,14756,0.000,0.000,0.014,-0.044,0.171,42.5,-16.2,0,1.48,-0.920,42.5,163.7,0.000,10.4,21.5,27.6,33.0,36.6,38.6,39.6,40.5,41.2,41.8,42.5,43.2,44.2,45.3,47.4,51.6,58.8,13.8,7.1
2947,59.986,0.000,2940.8,163.5,9.1,3,14710,0.000,0.000,0.045,-0.062,0.181,42.3,-16.5,0,1.45,-0.920,42.3,163.0,0.000,10.5,21.5,27.5,32.9,36.5,38.3,39.4,40.3,40.9,41.6,42.3,42.9,43.9,45.0,47.0,51.3,58.4,13.6,6.9
2948,60.006,0.000,2941.7,163.0,8.6,3,14680,0.000,0.000,0.059,-0.081,0.186,41.7,-16.4,0,1.44,-0.920,41.7,161.5,0.000,10.6,21.4,27.3,32.5,36.0,37.9,38.9,39.8,40.4,41.1,41.7,42.4,43.3,44.4,46.4,50.6,57.7,13.6,6.8
2949,60.026,0.000,2942.6,162.7,7.7,3,14660,0.000,0.000,0.039,-0.102,0.185,40.9,-16.1,0,1.44,-0.920,40.9,159.5,0.000,10.6,21.1,26.8,31.9,35.3,37.1,38.1,39.0,39.6,40.2,40.9,41.5,42.5,43.5,45.5,49.7,56.7,13.8,6.7
2950,60.046,0.000,2943.5,162.3,6.3,3,14644,0.000,0.000,-0.029,-0.122,0.169,39.9,-15.7,0,1.45,-0.920,39.9,157.0,0.000,10.6,20.7,26.2,31.1,34.5,36.2,37.2,38.0,38.7,39.3,39.9,40.5,41.4,42.5,44.5,48.5,55.5,14.1,6.6
2951,60.066,0.000,2944.4,161.9,4.8,3,14644,0.000,0.370,-0.095,-0.141,0.153,38.9,-14.8,0,1.46,-0.920,38.9,154.5,0.000,10.6,20.3,25.6,30.4,33.6,35.3,36.2,37.1,37.7,38.3,38.9,39.5,40.4,41.4,43.4,47.4,54.3,14.6,6.6
2952,60.086,0.000,2945.3,161.0,3.5,3,14364,0.000,0.437,-0.156,-0.159,0.138,38.0,-3.7,0,1.48,-0.920,38.0,152.3,0.000,10.6,20.0,25.1,29.7,32.8,34.5,35.4,36.2,36.8,37.4,38.0,38.6,39.5,40.5,42.4,46.3,53.2,15.1,6.5
2953,60.106,0.000,2946.2,159.6,2.6,3,14180,0.000,0.459,-0.206,-0.176,0.126,37.3,3.1,0,1.48,-0.920,37.3,150.4,0.000,10.6,19.7,24.7,29.1,32.2,33.8,34.7,35.5,36.1,36.7,37.3,37.9,38.7,39.7,41.6,45.5,52.2,15.6,6.4
2954,60.126,0.000,2947.1,157.9,2.3,3,13986,0.000,0.444,-0.242,-0.192,0.116,36.8,5.1,0,1.48,-0.920,36.8,149.1,0.000,10.6,19.6,24.4,28.8,31.8,33.4,34.3,35.1,35.6,36.2,36.8,37.4,38.2,39.2,41.0,44.9,51.6,16.0,6.4
2955,60.146,0.000,2948.0,156.2,2.4,3,13806,0.000,0.395,-0.259,-0.206,0.111,36.5,4.5,0,1.47,-0.920,36.5,148.3,0.000,10.7,19.5,24.3,28.6,31.6,33.2,34.0,34.8,35.4,36.0,36.5,37.1,37.9,38.9,40.7,44.5,51.2,16.1,6.3
2956,60.166,0.000,2948.9,154.6,2.9,3,13662,0.000,0.321,-0.261,-0.219,0.109,36.5,2.6,0,1.45,-0.920,36.5,148.2,0.000,10.8,19.6,24.4,28.6,31.6,33.2,34.0,34.8,35.4,35.9,36.5,37.1,37.9,38.9,40.7,44.5,51.1,15.8,6.2
2957,60.186,0.000,2949.8,153.1,3.6,3,13583,0.000,0.000,-0.250,-0.231,0.109,36.6,-0.1,0,1.41,-0.920,36.6,148.4,0.000,10.9,19.8,24.5,28.8,31.7,33.3,34.2,34.9,35.5,36.1,36.6,37.2,38.0,39.0,40.8,44.6,51.1,15.3,6.1
2958,60.206,0.000,2950.6,152.0,4.3,3,13729,0.000,0.000,-0.231,-0.243,0.111,36.9,-10.3,0,1.38,-0.920,36.9,148.9,0.000,11.0,20.0,24.7,29.0,32.0,33.5,34.4,35.2,35.7,36.3,36.9,37.5,38.3,39.2,41.0,44.8,51.4,14.7,6.0
2959,60.226,0.000,2951.5,151.5,5.2,3,13678,0.000,0.000,-0.205,-0.254,0.115,37.2,-13.1,0,1.34,-0.920,37.2,149.6,0.000,11.1,20.2,25.0,29.3,32.3,33.9,34.7,35.5,36.1,36.6,37.2,37.8,38.6,39.6,41.4,45.1,51.7,14.1,5.9
2960,60.246,0.000,2952.3,151.0,6.1,3,13623,0.000,0.000,-0.178,-0.265,0.119,37.6,-13.8,0,1.30,-0.920,37.6,150.4,0.000,11.3,20.5,25.3,29.7,32.6,34.2,35.1,35.9,36.4,37.0,37.6,38.1,39.0,39.9,41.7,45.5,52.0,13.5,5.8
2961,60.266,0.000,2953.2,150.5,7.0,3,13570,0.156,0.000,-0.153,-0.276,0.123,37.9,-14.2,0,1.27,-0.920,37.9,151.1,0.159,11.4,20.7,25.6,30.0,32.9,34.5,35.4,36.2,36.7,37.3,37.9,38.5,39.3,40.2,42.0,45.8,52.3,13.0,5.7
2962,60.286,0.000,2954.1,150.2,7.9,3,13586,0.206,0.000,-0.132,-0.286,0.125,38.1,-11.1,0,1.24,-0.920,38.1,151.6,0.209,11.5,20.9,25.8,30.2,33.2,34.8,35.7,36.4,37.0,37.6,38.1,38.7,39.5,40.5,42.3,46.1,52.6,12.6,5.6
2963,60.306,0.000,2954.9,149.9,8.5,3,13625,0.257,0.000,-0.120,-0.296,0.127,38.3,-9.4,0,1.22,-0.920,38.3,151.9,0.259,11.6,21.0,26.0,30.4,33.4,34.9,35.8,36.6,37.1,37.7,38.3,38.9,39.7,40.6,42.4,46.2,52.7,12.3,5.5
2964,60.326,0.000,2955.8,149.7,8.8,3,13681,0.307,0.000,-0.119,-0.305,0.126,38.3,-8.1,0,1.20,-0.920,38.3,151.9,0.309,11.7,21.1,26.0,30.4,33.4,35.0,35.8,36.6,37.2,37.7,38.3,38.9,39.7,40.6,42.4,46.2,52.6,12.1,5.4
2965,60.346,0.000,2956.6,149.6,8.6,3,13751,0.357,0.000,-0.130,-0.314,0.122,38.1,-6.9,0,1.19,-0.920,38.1,151.4,0.359,11.7,21.1,25.9,30.3,33.2,34.8,35.7,36.4,37.0,37.5,38.1,38.7,39.5,40.4,42.2,45.9,52.4,12.1,5.4
2966,60.366,0.000,2957.5,149.6,8.1,3,13834,0.408,0.000,-0.153,-0.323,0.116,37.8,-5.6,0,1.18,-0.920,37.8,150.5,0.409,11.7,21.0,25.8,30.0,33.0,34.5,35.4,36.1,36.7,37.2,37.8,38.4,39.2,40.1,41.9,45.5,51.9,12.2,5.3
2967,60.386,0.000,2958.4,149.7,7.5,3,13928,0.000,0.000,-0.182,-0.331,0.109,37.4,-4.3,0,1.18,-0.920,37.4,149.5,0.409,11.7,20.8,25.5,29.7,32.6,34.1,35.0,35.7,36.3,36.8,37.4,37.9,38.7,39.7,41.4,45.1,51.4,12.3,5.3
2968,60.406,0.000,2959.2,149.5,6.8,3,13839,0.000,0.000,-0.211,-0.339,0.102,37.0,-12.2,0,1.18,-0.920,37.0,148.5,0.409,11.7,20.6,25.3,29.4,32.3,33.8,34.6,35.4,35.9,36.4,37.0,37.5,38.3,39.2,41.0,44.6,50.9,12.5,5.3
2969,60.426,0.000,2960.1,149.1,6.3,3,13744,0.000,0.000,-0.236,-0.347,0.096,36.7,-13.2,0,1.18,-0.920,36.7,147.6,0.409,11.7,20.5,25.1,29.2,32.0,33.5,34.3,35.0,35.6,36.1,36.7,37.2,38.0,38.9,40.6,44.2,50.5,12.7,5.2
2970,60.446,0.000,2960.9,148.7,5.9,3,13656,0.000,0.000,-0.255,-0.354,0.091,36.4,-13.2,0,1.18,-0.920,36.4,146.9,0.409,11.7,20.4,25.0,29.0,31.8,33.3,34.1,34.8,35.3,35.9,36.4,36.9,37.7,38.6,40.3,43.9,50.1,12.8,5.2
2971,60.466,0.000,2961.8,148.3,5.6,3,13576,0.000,0.000,-0.269,-0.361,0.087,36.2,-12.9,0,1.17,-0.920,36.2,146.4,0.409,11.7,20.4,24.9,28.9,31.6,33.1,33.9,34.6,35.1,35.7,36.2,36.7,37.5,38.4,40.1,43.6,49.8,12.9,5.1
2972,60.486,0.000,2962.7,147.8,5.4,3,13503,0.000,0.000,-0.280,-0.368,0.084,36.1,-12.8,0,1.16,-0.920,36.1,146.0,0.409,11.7,20.3,24.8,28.8,31.5,33.0,33.8,34.5,35.0,35.5,36.1,36.6,37.4,38.2,39.9,43.5,49.6,12.9,5.1
2973,60.506,0.000,2963.5,147.4,5.4,3,13434,0.000,0.000,-0.286,-0.374,0.082,36.0,-12.8,0,1.15,-0.920,36.0,145.7,0.409,11.7,20.3,24.8,28.7,31.4,32.9,33.7,34.4,34.9,35.4,36.0,36.5,37.3,38.1,39.8,43.3,49.5,12.9,5.1
2974,60.526,0.000,2964.3,146.9,5.5,3,13370,0.000,0.000,-0.286,-0.380,0.081,36.0,-12.8,0,1.14,-0.920,36.0,145.6,0.409,11.8,20.4,24.8,28.7,31.4,32.9,33.7,34.4,34.9,35.4,36.0,36.5,37.2,38.1,39.8,43.3,49.4,12.7,5.0
2975,60.546,0.000,2965.2,146.5,5.8,3,13308,0.000,0.000,-0.277,-0.385,0.082,36.0,-12.9,0,1.13,-0.920,36.0,145.8,0.409,11.8,20.4,24.9,28.8,31.5,33.0,33.8,34.5,35.0,35.5,36.0,36.6,37.3,38.2,39.9,43.4,49.5,12.5,5.0
2976,60.566,0.000,2966.1,146.0,6.3,3,13248,0.459,0.000,-0.264,-0.391,0.084,36.2,-13.0,0,1.11,-0.920,36.2,146.1,0.459,11.9,20.5,25.0,29.0,31.7,33.1,33.9,34.6,35.2,35.7,36.2,36.7,37.5,38.4,40.0,43.5,49.6,12.2,4.9
2977,60.586,0.000,2966.9,145.8,6.9,3,13376,0.509,0.000,-0.249,-0.396,0.086,36.4,-3.9,0,1.09,-0.920,36.4,146.5,0.509,12.0,20.7,25.1,29.1,31.9,33.3,34.1,34.8,35.3,35.8,36.4,36.9,37.7,38.5,40.2,43.7,49.8,11.9,4.9
2978,60.606,0.000,2967.7,145.9,7.3,3,13532,0.559,0.000,-0.239,-0.401,0.088,36.5,-1.2,0,1.08,-0.920,36.5,146.8,0.559,12.0,20.8,25.3,29.2,32.0,33.4,34.2,34.9,35.4,36.0,36.5,37.0,37.8,38.7,40.3,43.8,49.9,11.7,4.8
2979,60.626,0.000,2968.6,146.0,7.6,3,13696,0.609,0.000,-0.236,-0.406,0.088,36.5,0.6,0,1.07,-0.920,36.5,146.8,0.609,12.0,20.8,25.3,29.3,32.0,33.5,34.2,35.0,35.5,36.0,36.5,37.0,37.8,38.7,40.4,43.8,49.9,11.5,4.8
2980,60.646,0.000,2969.4,146.3,7.7,3,13865,0.659,0.000,-0.240,-0.410,0.086,36.4,2.3,0,1.06,-0.920,36.4,146.6,0.659,12.1,20.8,25.3,29.2,32.0,33.4,34.2,34.9,35.4,35.9,36.4,37.0,37.7,38.6,40.3,43.7,49.8,11.5,4.7
2981,60.666,0.000,2970.3,146.6,7.8,3,14042,0.000,0.000,-0.248,-0.415,0.084,36.3,4.2,0,1.06,-0.920,36.3,146.3,0.659,12.1,20.8,25.2,29.2,31.9,33.3,34.1,34.8,35.3,35.8,36.3,36.9,37.6,38.5,40.1,43.6,49.6,11.5,4.7
2982,60.686,0.000,2971.2,146.6,7.7,3,13916,0.000,0.000,-0.258,-0.419,0.081,36.2,-9.8,0,1.05,-0.920,36.2,145.9,0.659,12.1,20.7,25.1,29.1,31.7,33.2,33.9,34.6,35.2,35.7,36.2,36.7,37.5,38.3,40.0,43.4,49.4,11.6,4.7
2983,60.706,0.000,2972.0,146.2,7.5,3,13778,0.000,0.000,-0.272,-0.422,0.078,36.0,-12.4,0,1.05,-0.920,36.0,145.4,0.659,12.1,20.7,25.0,28.9,31.6,33.0,33.8,34.5,35.0,35.5,36.0,36.5,37.3,38.1,39.8,43.2,49.2,11.6,4.7
2984,60.726,0.000,2972.8,145.7,7.2,3,13653,0.000,0.000,-0.284,-0.426,0.075,35.8,-12.6,0,1.05,-0.920,35.8,144.9,0.659,12.1,20.6,24.9,28.8,31.5,32.9,33.6,34.3,34.8,35.3,35.8,36.4,37.1,38.0,39.6,43.0,49.0,11.7,4.7
2985,60.746,0.000,2973.7,145.2,6.9,3,13539,0.000,0.000,-0.296,-0.429,0.072,35.7,-12.5,0,1.05,-0.920,35.7,144.5,0.659,12.1,20.5,24.8,28.7,31.3,32.7,33.5,34.2,34.7,35.2,35.7,36.2,36.9,37.8,39.4,42.8,48.8,11.8,4.7
2986,60.766,0.000,2974.5,144.7,6.7,3,13436,0.000,0.000,-0.307,-0.432,0.069,35.6,-12.4,0,1.05,-0.920,35.6,144.2,0.659,12.1,20.5,24.8,28.6,31.2,32.6,33.4,34.0,34.5,35.0,35.6,36.1,36.8,37.6,39.3,42.6,48.7,11.9,4.6
2987,60.786,0.000,2975.4,144.3,6.6,3,13341,0.000,0.000,-0.312,-0.435,0.068,35.5,-12.4,0,1.05,-0.920,35.5,143.9,0.659,12.1,20.5,24.7,28.5,31.1,32.5,33.3,34.0,34.5,35.0,35.5,36.0,36.7,37.6,39.2,42.5,48.6,11.9,4.6
2988,60.806,0.000,2976.2,143.8,6.7,3,13254,0.709,0.000,-0.308,-0.438,0.068,35.5,-12.4,0,1.05,-0.920,35.5,144.0,0.709,12.1,20.5,24.8,28.6,31.2,32.6,33.3,34.0,34.5,35.0,35.5,36.0,36.7,37.6,39.2,42.6,48.8,11.8,4.6
2989,60.826,0.000,2977.1,143.7,7.1,3,13457,0.759,0.000,-0.298,-0.441,0.070,35.6,2.3,0,1.05,-0.920,35.6,144.2,0.759,12.1,20.6,24.9,28.7,31.3,32.7,33.4,34.1,34.6,35.1,35.6,36.1,36.9,37.7,39.3,42.7,49.1,11.6,4.6
2990,60.846,0.000,2977.9,144.0,7.6,3,13705,0.809,0.000,-0.285,-0.443,0.072,35.8,7.7,0,1.05,-0.920,35.8,144.6,0.809,12.2,20.7,25.0,28.8,31.4,32.8,33.6,34.3,34.8,35.3,35.8,36.3,37.0,37.9,39.5,42.8,49.5,11.3,4.5
2991,60.866,0.000,2978.8,144.4,8.2,3,13962,0.859,0.000,-0.274,-0.446,0.074,35.9,9.9,0,1.06,-0.920,35.9,144.9,0.859,12.2,20.8,25.1,28.9,31.5,32.9,33.7,34.4,34.9,35.4,35.9,36.4,37.1,38.0,39.6,43.0,49.9,11.2,4.5
2992,60.886,0.000,2979.6,144.9,8.7,3,14214,0.909,0.000,-0.271,-0.448,0.075,35.9,11.8,0,1.07,-0.920,35.9,145.0,0.909,12.2,20.8,25.1,29.0,31.6,33.0,33.7,34.4,34.9,35.4,35.9,36.4,37.2,38.0,39.6,43.0,50.2,11.1,4.5
2993,60.906,0.000,2980.4,145.5,9.0,3,14468,0.000,0.000,-0.276,-0.449,0.074,35.9,14.3,0,1.08,-0.920,35.9,144.9,0.909,12.2,20.8,25.1,28.9,31.5,32.9,33.7,34.4,34.8,35.3,35.9,36.4,37.1,37.9,39.5,43.0,50.4,11.1,4.5
2994,60.926,0.000,2981.3,145.7,8.9,3,14281,0.000,0.000,-0.289,-0.451,0.071,35.7,-6.9,0,1.10,-0.920,35.7,144.6,0.909,12.2,20.7,25.0,28.8,31.4,32.8,33.5,34.2,34.7,35.2,35.7,36.2,36.9,37.8,39.4,42.8,50.6,11.2,4.5
2995,60.946,0.000,2982.2,145.3,8.5,3,14087,0.000,0.000,-0.305,-0.452,0.068,35.5,-11.5,0,1.12,-0.920,35.5,144.3,0.909,12.2,20.6,24.9,28.6,31.2,32.6,33.3,34.0,34.5,35.0,35.5,36.0,36.7,37.5,39.1,42.7,50.6,11.4,4.5
2996,60.966,0.000,2983.0,144.8,8.2,3,13911,0.000,0.000,-0.320,-0.453,0.065,35.3,-12.4,0,1.15,-0.920,35.3,144.0,0.909,12.2,20.5,24.7,28.5,31.1,32.4,33.2,33.8,34.3,34.8,35.3,35.8,36.5,37.4,38.9,42.6,50.7,11.5,4.5
2997,60.986,0.000,2983.8,144.3,8.1,3,13751,0.000,0.000,-0.329,-0.454,0.063,35.2,-12.5,0,1.18,-0.920,35.2,143.5,0.909,12.2,20.5,24.7,28.4,31.0,32.3,33.1,33.7,34.2,34.7,35.2,35.7,36.4,37.2,38.8,42.6,51.1,11.6,4.5
2998,61.006,0.000,2984.7,143.8,7.9,3,13610,0.000,0.000,-0.337,-0.455,0.061,35.1,-12.1,0,1.22,-0.920,35.1,142.6,0.909,12.1,20.4,24.6,28.3,30.9,32.2,33.0,33.6,34.1,34.6,35.1,35.6,36.3,37.1,38.8,42.6,51.5,11.7,4.5
2999,61.026,0.000,2985.5,143.3,7.7,3,13482,0.000,0.000,-0.344,-0.456,0.060,35.0,-12.0,0,1.26,-0.920,35.0,141.6,0.909,12.1,20.4,24.6,28.3,30.8,32.1,32.9,33.6,34.0,34.5,35.0,35.5,36.2,37.0,38.7,42.7,52.0,11.8,4.5
3000,61.046,0.000,2986.4,142.7,7.6,3,13365,0.000,0.000,-0.348,-0.456,0.059,35.0,-12.0,0,1.31,-0.920,35.0,141.0,0.909,12.1,20.4,24.5,28.2,30.8,32.1,32.8,33.5,34.0,34.5,35.0,35.5,36.2,37.0,38.8,42.9,52.6,11.8,4.5
3001,61.066,0.000,2987.2,142.2,7.7,3,13257,0.000,0.000,-0.344,-0.457,0.061,35.0,-12.0,0,1.37,-0.920,35.0,141.7,0.909,12.2,20.4,24.6,28.3,30.8,32.2,32.9,33.6,34.0,34.5,35.0,35.5,36.3,37.2,39.0,43.3,53.6,11.7,4.5
3002,61.086,0.000,2988.0,141.7,8.1,3,13157,0.959,0.000,-0.333,-0.458,0.063,35.2,-12.2,0,1.44,-0.920,35.2,142.4,0.959,12.2,20.5,24.7,28.4,30.9,32.3,33.0,33.7,34.2,34.7,35.2,35.7,36.5,37.4,39.4,44.0,55.0,11.5,4.5
3003,61.106,0.000,2988.8,141.6,8.6,3,13452,1.000,0.000,-0.320,-0.459,0.067,35.4,9.5,0,1.53,-0.920,35.4,143.3,1.000,12.2,20.6,24.8,28.5,31.1,32.5,33.2,33.9,34.4,34.9,35.4,36.0,36.8,37.8,39.9,44.8,56.8,11.3,4.4
3004,61.126,0.000,2989.7,142.1,9.4,3,13816,1.000,0.000,-0.304,-0.459,0.071,35.8,18.0,0,1.65,-0.920,35.8,144.2,1.000,12.3,20.7,25.0,28.7,31.3,32.7,33.4,34.1,34.7,35.2,35.8,36.4,37.3,38.3,40.5,45.8,58.9,11.0,4.4
3005,61.146,0.000,2990.5,142.6,10.3,3,14175,1.000,0.000,-0.291,-0.459,0.075,36.2,21.5,0,1.78,-0.920,36.2,145.2,1.000,12.3,20.8,25.1,28.9,31.5,32.9,33.7,34.4,35.0,35.6,36.2,36.8,37.8,38.9,41.2,46.9,61.3,10.8,4.4
3006,61.166,0.000,2991.4,143.3,11.2,3,14507,1.000,0.000,-0.282,-0.459,0.077,36.6,23.9,0,1.93,-0.920,36.6,146.4,1.000,12.3,20.9,25.2,29.0,31.6,33.1,33.9,34.7,35.3,35.9,36.6,37.3,38.2,39.4,41.9,48.0,63.9,10.7,4.4
3007,61.186,0.000,2992.2,143.9,11.9,3,14812,1.000,0.000,-0.279,-0.459,0.079,37.0,26.1,0,2.09,-0.920,37.0,147.7,1.000,12.4,21.0,25.3,29.1,31.7,33.3,34.2,35.0,35.6,36.3,37.0,37.7,38.7,40.0,42.6,49.2,66.8,10.6,4.4
3008,61.206,0.000,2993.1,144.5,12.6,3,15094,1.000,0.000,-0.277,-0.458,0.081,37.4,28.8,0,2.28,-0.920,37.4,149.5,1.000,12.4,21.0,25.3,29.1,31.9,33.5,34.5,35.3,36.0,36.7,37.4,38.2,39.3,40.6,43.4,50.5,70.1,10.5,4.4
3009,61.226,0.000,2993.9,145.1,13.4,3,15360,1.000,0.000,-0.276,-0.457,0.083,37.9,31.7,0,2.50,-0.920,37.9,152.1,1.000,12.4,21.0,25.4,29.2,32.1,33.8,34.8,35.8,36.5,37.2,37.9,38.7,39.9,41.4,44.4,52.1,74.1,10.5,4.4
3010,61.246,0.000,2994.8,145.6,14.4,3,15609,0.994,0.000,-0.274,-0.455,0.086,38.6,34.3,0,2.76,-0.920,38.6,155.3,1.000,12.4,21.1,25.5,29.4,32.4,34.2,35.3,36.3,37.0,37.8,38.6,39.5,40.7,42.3,45.6,54.1,79.3,10.4,4.4
3011,61.266,0.000,2995.6,146.3,15.2,3,15819,0.922,0.000,-0.275,-0.453,0.088,39.4,34.2,0,3.08,-0.920,39.4,159.0,1.000,12.4,21.1,25.5,29.6,32.8,34.7,35.8,36.9,37.7,38.5,39.4,40.3,41.7,43.3,46.9,56.4,85.6,10.3,4.4
3012,61.286,0.000,2996.5,146.9,16.0,3,15953,0.937,0.000,-0.267,-0.451,0.090,40.2,32.5,0,3.44,-0.894,40.2,163.4,1.000,12.4,21.2,25.6,29.8,33.1,35.2,36.4,37.5,38.4,39.3,40.2,41.2,42.7,44.5,48.4,58.9,93.2,10.3,4.4
3013,61.306,0.000,2997.3,147.4,16.6,3,16071,0.920,0.000,-0.243,-0.448,0.091,41.1,33.0,0,3.87,-0.825,41.1,169.3,1.000,12.4,21.2,25.6,30.0,33.5,35.7,37.0,38.2,39.1,40.1,41.1,42.1,43.7,45.7,50.0,61.8,102.6,10.4,4.4
3014,61.326,0.000,2998.2,147.8,17.3,3,16174,0.829,0.000,-0.195,-0.445,0.093,42.2,33.6,0,4.41,-0.703,42.2,178.0,1.000,12.4,21.2,25.6,30.2,34.0,36.3,37.7,39.0,40.0,41.1,42.2,43.3,45.1,47.3,52.1,65.4,115.5,10.4,4.4
3015,61.346,0.000,2999.1,148.2,18.2,3,16219,0.863,0.000,-0.140,-0.441,0.095,43.5,31.5,0,5.11,-0.562,43.5,190.3,1.000,12.4,21.2,25.8,30.6,34.7,37.2,38.6,40.1,41.1,42.3,43.5,44.8,46.7,49.2,54.5,70.0,134.1,10.4,4.5
3016,61.366,0.000,2999.9,148.6,19.0,3,16276,0.821,0.000,-0.108,-0.437,0.098,45.1,31.5,0,6.03,-0.450,45.1,206.1,1.000,12.4,21.2,25.9,31.1,35.4,38.1,39.7,41.3,42.5,43.7,45.1,46.5,48.7,51.4,57.5,75.7,162.1,10.4,4.5
3017,61.386,0.000,3000.8,149.0,19.8,3,16295,0.857,0.000,-0.090,-0.432,0.099,46.8,28.8,0,7.03,-0.360,46.8,225.3,1.000,12.4,21.2,26.1,31.5,36.2,39.1,40.9,42.6,43.9,45.3,46.8,48.4,50.8,54.0,61.0,82.7,200.0,10.4,4.5
3018,61.406,0.000,3001.7,149.5,20.3,3,16325,0.885,0.000,-0.046,-0.428,0.099,48.6,28.2,0,6.88,-0.288,48.6,238.6,1.000,12.3,21.2,26.2,32.0,37.0,40.1,42.1,43.9,45.4,46.9,48.6,50.4,53.1,56.6,64.7,90.7,200.0,10.6,4.6
3019,61.426,0.000,3002.6,149.9,20.6,3,16372,0.878,0.000,-0.016,-0.422,0.098,50.3,29.2,0,6.73,-0.230,50.3,253.1,1.000,12.3,21.1,26.3,32.4,37.7,41.1,43.2,45.2,46.8,48.5,50.3,52.3,55.4,59.3,68.6,99.8,200.0,10.8,4.6
3020,61.446,0.000,3003.5,150.3,20.9,3,16425,0.818,0.000,0.039,-0.417,0.096,52.3,30.0,0,6.59,-0.124,52.3,207.9,1.000,12.2,21.0,26.4,32.8,38.4,42.1,44.4,46.6,48.4,50.2,52.3,54.5,57.9,62.4,73.0,111.1,200.0,11.0,4.7
3021,61.466,0.000,3004.3,150.8,21.1,3,16447,0.855,0.000,0.080,-0.410,0.094,54.4,28.5,0,6.45,-0.042,54.4,217.3,1.000,12.1,20.9,26.5,33.2,39.2,43.2,45.7,48.2,50.1,52.1,54.4,56.8,60.7,65.8,78.2,125.7,200.0,11.3,4.7
3022,61.486,0.000,3005.2,151.3,21.3,3,16488,0.884,0.000,0.166,-0.404,0.090,56.6,28.7,0,3.99,-0.024,56.6,227.5,1.000,12.0,20.8,26.6,33.6,40.0,44.3,47.0,49.7,51.8,54.1,56.6,59.4,63.7,69.5,84.0,144.2,104.6,11.7,4.8
3023,61.506,0.000,3006.1,151.9,21.3,3,16542,0.907,0.000,0.167,-0.396,0.085,58.6,28.0,0,3.52,-0.019,58.6,237.3,1.000,11.9,20.7,26.6,33.9,40.7,45.3,48.2,51.1,53.4,55.9,58.6,61.7,66.5,73.1,89.9,166.3,69.6,12.3,4.9
3024,61.526,0.000,3007.0,152.5,20.9,3,16593,0.926,0.000,0.133,-0.388,0.077,60.1,27.6,0,3.69,-0.014,60.1,245.1,1.000,11.8,20.5,26.5,33.9,41.0,45.8,48.9,52.0,54.4,57.1,60.1,63.3,68.6,75.9,94.7,188.5,59.9,13.2,5.0
3025,61.546,0.000,3007.9,153.3,20.1,3,16649,0.940,0.000,0.088,-0.379,0.067,60.9,27.9,0,3.81,-0.010,60.9,250.8,1.000,11.6,20.2,26.2,33.8,41.0,46.0,49.2,52.4,54.9,57.7,60.9,64.3,70.0,77.8,98.3,200.0,56.7,14.3,5.1
3026,61.566,0.000,3008.8,154.1,19.2,3,16710,0.952,0.000,0.042,-0.370,0.055,61.4,28.6,0,3.80,-0.007,61.4,255.5,1.000,11.4,19.9,25.9,33.5,40.9,46.0,49.2,52.5,55.2,58.1,61.4,65.0,70.9,79.2,101.4,200.0,55.4,15.3,5.2
3027,61.586,0.000,3009.7,154.9,18.2,3,16776,0.962,0.000,-0.007,-0.360,0.044,61.9,29.4,0,3.79,-0.005,61.9,260.4,1.000,11.2,19.5,25.6,33.3,40.7,45.9,49.3,52.7,55.4,58.5,61.9,65.7,71.9,80.7,104.6,200.0,54.4,16.3,5.4
3028,61.606,0.000,3010.6,155.7,17.3,3,16841,0.969,0.000,-0.057,-0.349,0.032,62.5,30.2,0,3.78,-0.003,62.5,266.2,1.000,11.0,19.2,25.3,33.0,40.6,46.0,49.5,53.0,55.8,59.0,62.5,66.6,73.1,82.5,108.5,200.0,53.4,17.1,5.6
3029,61.626,0.000,3011.5,156.5,16.5,3,16893,0.976,0.000,-0.106,-0.337,0.021,63.4,29.6,0,3.76,-0.001,63.4,273.2,1.000,10.8,19.0,25.0,32.9,40.6,46.1,49.7,53.4,56.4,59.7,63.4,67.7,74.7,84.7,113.4,200.0,52.2,17.8,5.7
3030,61.646,0.000,3012.4,157.4,15.6,3,16920,0.980,0.000,-0.123,-0.324,0.009,64.4,28.3,0,3.73,0.008,64.4,233.0,1.000,10.6,18.7,24.8,32.7,40.6,46.3,50.0,53.9,57.0,60.4,64.4,68.9,76.4,87.3,119.0,200.0,51.2,18.4,5.9
3031,61.666,0.000,3013.3,158.3,14.7,3,16940,0.984,0.000,-0.073,-0.310,-0.003,65.4,27.2,0,3.71,0.164,67.0,237.5,1.000,10.4,18.4,24.5,32.5,40.7,46.5,50.4,54.3,57.6,61.2,65.4,70.2,78.2,90.0,125.4,200.0,50.3,19.0,6.2
3032,61.686,0.000,3014.2,159.1,13.8,3,16960,0.988,0.000,-0.002,-0.296,-0.015,66.7,25.8,0,3.67,0.375,75.9,242.9,1.000,10.2,18.2,24.3,32.4,40.8,46.8,50.8,55.0,58.4,62.3,66.7,71.8,80.5,93.3,133.3,200.0,49.4,19.4,6.4
3033,61.706,0.000,3015.2,159.9,13.0,3,16987,0.990,0.000,0.009,-0.281,-0.026,68.4,24.3,0,3.63,0.470,88.5,376.8,1.000,10.0,18.0,24.2,32.4,41.0,47.3,51.5,55.9,59.5,63.6,68.4,73.9,83.3,97.6,143.8,200.0,48.2,19.8,6.6
3034,61.726,0.000,3016.1,160.8,12.4,3,17018,0.992,0.000,-0.033,-0.264,-0.038,70.3,23.4,0,3.58,0.470,108.3,376.8,1.000,9.9,17.8,24.0,32.4,41.3,47.8,52.3,56.9,60.7,65.2,70.3,76.3,86.7,102.6,156.8,200.0,47.1,20.1,6.9
3035,61.746,0.000,3017.0,161.7,11.7,3,17035,0.994,0.000,-0.080,-0.246,-0.049,72.5,21.6,0,3.53,0.470,144.3,376.8,1.000,9.7,17.6,23.9,32.5,41.6,48.5,53.1,58.1,62.2,66.9,72.5,79.1,90.5,108.6,173.5,200.0,46.1,20.4,7.1
3036,61.766,0.000,3017.9,162.6,10.9,3,17029,0.995,0.000,-0.130,-0.228,-0.061,75.0,19.2,0,3.49,0.470,75.0,376.8,1.000,9.5,17.4,23.8,32.5,42.0,49.2,54.1,59.4,63.8,68.9,75.0,82.2,95.0,115.6,195.0,200.0,45.2,20.6,7.3
3037,61.786,0.000,3018.8,163.5,10.1,3,17022,0.996,0.000,-0.183,-0.208,-0.073,77.8,17.7,0,3.42,0.470,77.8,376.8,1.000,9.4,17.3,23.7,32.7,42.5,50.0,55.3,60.9,65.6,71.2,77.8,85.8,100.2,124.1,200.0,200.0,44.2,20.8,7.5
3038,61.806,0.000,3019.8,164.4,9.4,3,17026,0.997,0.000,-0.228,-0.187,-0.084,81.9,17.1,0,3.17,0.470,81.9,361.2,1.000,9.2,17.2,23.7,32.9,43.2,51.2,56.9,63.0,68.3,74.5,81.9,91.0,107.7,136.5,200.0,185.2,43.0,20.9,7.7
3039,61.826,0.000,3020.7,165.2,8.9,3,17042,0.997,0.000,-0.234,-0.165,-0.088,88.0,17.3,0,2.67,0.470,88.0,376.8,1.000,9.1,17.2,23.8,33.5,44.4,53.2,59.4,66.3,72.2,79.4,88.0,98.9,119.5,156.9,200.0,147.5,41.4,20.8,7.8
3040,61.846,0.000,3021.6,165.9,8.6,3,17068,0.998,0.000,-0.184,-0.144,-0.080,97.1,17.6,0,2.30,0.470,97.1,376.8,1.000,9.0,17.2,24.1,34.3,46.1,55.9,63.0,70.9,77.9,86.4,97.1,110.7,137.8,191.3,200.0,120.4,39.6,20.6,7.9
3041,61.866,0.000,3022.5,166.8,8.4,3,17086,0.998,0.000,-0.136,-0.125,-0.070,109.5,15.8,0,2.01,0.470,109.5,376.8,1.000,8.9,17.2,24.4,35.3,48.3,59.3,67.6,76.9,85.4,96.0,109.5,127.5,165.8,200.0,200.0,101.5,37.9,20.3,8.0
3042,61.886,0.000,3023.4,167.6,8.2,3,17099,0.999,0.000,-0.092,-0.107,-0.062,125.1,14.2,0,1.79,0.470,125.1,376.8,1.000,8.9,17.3,24.8,36.3,50.6,63.1,72.7,83.8,94.2,107.4,125.1,149.6,200.0,200.0,200.0,88.9,36.4,20.1,8.1
3043,61.906,0.000,3024.4,168.4,8.0,3,17130,0.999,0.000,-0.053,-0.090,-0.054,144.2,14.0,0,1.60,0.470,144.2,376.8,1.000,8.8,17.4,25.1,37.3,52.9,67.0,78.2,91.5,104.2,120.9,144.2,178.5,200.0,200.0,200.0,80.3,35.3,19.9,8.2
3044,61.926,0.000,3025.3,169.2,7.8,3,17180,0.999,0.000,-0.019,-0.075,-0.047,167.8,14.4,0,1.43,0.470,200.0,376.6,1.000,8.7,17.4,25.4,38.3,55.3,71.1,84.0,99.9,115.5,136.8,167.8,200.0,200.0,200.0,200.0,74.1,34.4,19.8,8.2
3045,61.946,0.000,3026.2,170.0,7.5,3,17237,0.999,0.000,0.010,-0.061,-0.041,196.3,14.6,0,1.28,0.470,200.0,375.4,1.000,8.7,17.5,25.7,39.1,57.5,75.2,90.0,108.7,127.7,154.7,196.3,200.0,200.0,200.0,196.6,69.6,33.6,19.7,8.3
3046,61.966,0.000,3027.2,170.9,7.2,3,17291,0.999,0.000,0.035,-0.048,-0.036,200.0,14.3,0,1.08,0.470,200.0,374.8,1.000,8.6,17.5,25.8,39.8,59.3,78.7,95.2,116.8,139.4,172.8,200.0,200.0,200.0,200.0,171.0,66.7,33.2,19.6,8.4
3047,61.986,0.000,3028.1,171.8,6.8,3,17332,1.000,0.000,-0.165,-0.036,-0.033,200.0,13.3,0,0.98,0.000,200.0,374.8,1.000,8.5,17.4,25.9,40.2,60.4,80.9,98.8,122.6,148.1,186.9,200.0,200.0,200.0,200.0,158.3,65.1,33.0,19.7,8.5
3048,62.006,0.000,3029.1,172.7,5.9,3,17354,1.000,0.000,-0.185,-0.025,-0.030,200.0,13.1,0,0.88,0.000,200.0,374.8,1.000,8.4,17.4,25.9,40.5,61.6,83.5,102.9,129.3,158.3,200.0,200.0,200.0,200.0,200.0,147.5,63.6,32.8,19.7,8.5
3049,62.026,0.000,3030.1,173.6,5.5,3,17368,1.000,0.000,-0.151,-0.015,-0.024,200.0,12.2,0,0.72,0.000,200.0,375.1,1.000,8.4,17.5,26.3,41.7,64.7,89.5,112.6,145.4,183.6,200.0,200.0,200.0,200.0,200.0,130.3,60.6,32.1,19.5,8.6
3050,62.046,0.000,3031.0,174.4,5.3,3,17370,1.000,0.000,-0.109,-0.007,-0.017,200.0,10.4,0,0.53,0.000,200.0,375.6,1.000,8.4,17.7,26.9,43.5,69.5,99.3,128.8,174.2,200.0,200.0,200.0,200.0,200.0,200.0,113.4,56.9,31.2,19.3,8.6
3051,62.066,0.000,3032.0,175.3,5.2,3,17385,1.000,0.000,-0.064,0.000,-0.010,200.0,9.2,0,0.30,0.000,200.0,375.8,1.000,8.4,17.9,27.6,45.7,75.6,112.7,152.7,200.0,200.0,200.0,200.0,200.0,200.0,176.4,99.7,53.4,30.2,19.0,8.6
3052,62.086,0.000,3033.0,176.1,5.2,3,17416,1.000,0.000,-0.022,0.006,-0.003,200.0,8.6,0,0.09,0.000,200.0,375.7,1.000,8.4,18.2,28.4,48.0,82.5,129.3,185.3,200.0,200.0,200.0,200.0,200.0,200.0,146.9,89.8,50.6,29.4,18.7,8.6
3053,62.106,0.000,3033.9,176.9,5.1,3,17460,1.000,0.000,0.011,0.011,0.003,200.0,8.4,0,-0.08,0.000,200.0,375.4,1.000,8.4,18.4,29.0,50.0,89.1,146.7,200.0,200.0,200.0,200.0,200.0,200.0,184.7,129.6,83.2,48.5,28.7,18.5,8.5
3054,62.126,0.000,3034.9,177.8,4.9,3,17506,1.000,0.000,0.033,0.014,0.007,200.0,8.0,0,-0.19,0.000,200.0,375.3,1.000,8.4,18.5,29.4,51.4,93.8,160.4,200.0,200.0,200.0,200.0,200.0,200.0,167.1,120.8,79.6,47.3,28.4,18.3,8.6
3055,62.146,0.000,3035.9,178.7,4.4,3,17540,1.000,0.000,0.040,0.017,0.008,200.0,7.3,0,-0.22,0.000,200.0,375.5,1.000,8.4,18.5,29.5,51.8,95.5,165.5,200.0,200.0,200.0,200.0,200.0,200.0,162.0,118.2,78.5,47.0,28.3,18.3,8.6
3056,62.166,0.000,3036.9,179.6,3.6,3,17562,1.000,0.000,0.035,0.020,0.007,200.0,6.3,0,-0.19,0.000,200.0,375.6,1.000,8.4,18.4,29.3,51.2,93.9,161.1,200.0,200.0,200.0,200.0,200.0,200.0,166.3,120.6,79.6,47.5,28.5,18.4,8.6
3057,62.186,0.000,3037.9,180.5,2.7,3,17573,1.000,0.000,0.022,0.022,0.005,200.0,4.8,0,-0.12,0.000,200.0,376.0,1.000,8.3,18.3,28.9,50.2,90.4,151.5,200.0,200.0,200.0,200.0,200.0,200.0,177.5,126.4,82.2,48.4,28.8,18.6,8.6
3058,62.206,0.000,3038.9,181.5,1.8,3,17574,1.000,0.000,0.006,0.023,0.002,200.0,3.3,0,-0.03,0.000,200.0,376.5,1.000,8.3,18.1,28.5,48.9,86.7,141.3,200.0,200.0,200.0,200.0,200.0,200.0,193.0,134.1,85.4,49.5,29.2,18.7,8.7
3059,62.226,0.000,3039.9,182.4,1.1,3,17601,1.000,0.000,-0.006,0.024,-0.000,200.0,2.6,0,0.04,0.000,200.0,376.8,1.000,8.3,18.0,28.1,48.0,83.8,133.9,196.7,200.0,200.0,200.0,200.0,200.0,200.0,141.2,88.2,50.5,29.6,18.9,8.7
3060,62.246,0.000,3040.9,183.2,0.6,3,17643,1.000,0.000,-0.014,0.025,-0.001,200.0,2.5,0,0.08,0.000,200.0,376.8,1.000,8.3,17.9,28.0,47.5,82.3,130.1,188.7,200.0,200.0,200.0,200.0,200.0,200.0,145.5,89.9,51.0,29.8,19.0,8.7
3061,62.266,0.000,3042.0,184.1,0.3,3,17695,1.000,0.000,-0.015,0.026,-0.002,200.0,2.5,0,0.09,0.000,200.0,376.8,1.000,8.3,17.9,27.9,47.4,82.0,129.5,187.3,200.0,200.0,200.0,200.0,200.0,200.0,146.2,90.2,51.1,29.8,19.0,8.7
3062,62.286,0.000,3043.0,185.0,0.2,3,17752,1.000,0.000,-0.011,0.026,-0.001,200.0,2.6,0,0.07,0.000,200.0,376.8,1.000,8.3,17.9,28.0,47.6,82.6,131.1,190.8,200.0,200.0,200.0,200.0,200.0,200.0,144.3,89.5,50.9,29.8,19.0,8.7
3063,62.306,0.000,3044.0,185.8,0.3,3,17806,1.000,0.000,-0.005,0.027,0.000,200.0,2.7,0,0.04,0.000,200.0,376.8,1.000,8.3,17.9,28.1,47.9,83.7,133.9,197.0,200.0,200.0,200.0,200.0,200.0,200.0,141.2,88.3,50.5,29.6,18.9,8.7
3064,62.326,0.000,3045.1,186.7,0.3,3,17858,1.000,0.000,0.000,0.027,0.001,200.0,2.7,0,0.02,0.000,200.0,376.8,1.000,8.3,18.0,28.2,48.3,84.8,136.8,200.0,200.0,200.0,200.0,200.0,200.0,200.0,138.3,87.2,50.2,29.5,18.9,8.7
3065,62.346,0.000,3046.1,187.6,0.3,3,17889,1.000,0.000,0.004,0.027,0.001,200.0,2.0,0,0.00,0.000,200.0,376.8,1.000,8.3,18.0,28.3,48.5,85.5,138.6,200.0,200.0,200.0,200.0,200.0,200.0,197.7,136.6,86.5,50.0,29.4,18.8,8.7
3066,62.366,0.000,3047.2,188.4,0.3,3,17954,1.000,0.000,0.005,0.027,0.002,200.0,1.7,0,-0.00,0.000,200.0,376.8,1.000,8.3,18.0,28.3,48.6,85.7,139.1,200.0,200.0,200.0,200.0,200.0,200.0,196.8,136.2,86.3,49.9,29.4,18.8,8.7
3067,62.386,0.000,3048.2,189.3,0.2,3,18033,1.000,0.000,0.003,0.027,0.001,200.0,1.6,0,0.00,0.000,200.0,376.8,1.000,8.3,18.0,28.3,48.5,85.5,138.4,200.0,200.0,200.0,200.0,200.0,200.0,198.1,136.8,86.6,50.0,29.4,18.8,8.7
3068,62.406,0.000,3049.2,190.1,0.1,3,18118,1.000,0.000,0.002,0.027,0.001,200.0,1.7,0,0.01,0.000,200.0,376.8,1.000,8.3,18.0,28.2,48.3,85.0,137.3,200.0,200.0,200.0,200.0,200.0,200.0,200.0,137.8,87.0,50.1,29.5,18.9,8.7
3069,62.426,0.000,3050.3,191.0,0.0,3,18205,1.000,0.000,-0.000,0.027,0.001,200.0,1.8,0,0.02,0.000,200.0,376.8,1.000,8.3,18.0,28.2,48.2,84.6,136.2,200.0,200.0,200.0,200.0,200.0,200.0,200.0,138.8,87.4,50.2,29.5,18.9,8.7
3070,62.446,0.000,3051.4,191.8,-0.0,3,18286,1.000,0.000,-0.001,0.027,0.001,200.0,1.8,0,0.02,0.000,200.0,376.8,1.000,8.3,18.0,28.2,48.1,84.4,135.5,200.0,200.0,200.0,200.0,200.0,200.0,199.8,139.5,87.6,50.3,29.6,18.9,8.7
3071,62.466,0.000,3052.4,192.7,-0.1,3,18363,1.000,0.000,-0.002,0.026,0.000,200.0,1.8,0,0.02,0.000,200.0,376.8,1.000,8.3,18.0,28.2,48.1,84.3,135.3,200.0,200.0,200.0,200.0,200.0,200.0,199.1,139.8,87.7,50.4,29.6,18.9,8.7
3072,62.486,0.000,3053.5,193.5,-0.1,3,18422,1.000,0.000,-0.001,0.026,0.000,200.0,1.4,0,0.02,0.000,200.0,376.8,1.000,8.3,18.0,28.2,48.1,84.3,135.4,200.0,200.0,200.0,200.0,200.0,200.0,198.2,139.7,87.7,50.3,29.6,18.9,8.7
3073,62.506,0.000,3054.6,194.4,-0.1,3,18478,1.000,0.000,-0.001,0.026,0.001,200.0,0.9,0,0.02,0.000,200.0,376.8,1.000,8.3,18.0,28.2,48.2,84.5,135.8,200.0,200.0,200.0,200.0,200.0,200.0,197.2,139.3,87.5,50.3,29.5,18.9,8.7
3074,62.526,0.000,3055.7,195.2,-0.1,3,18552,1.000,0.000,0.000,0.026,0.001,200.0,0.7,0,0.01,0.000,200.0,376.8,1.000,8.3,18.0,28.2,48.2,84.6,136.2,200.0,200.0,200.0,200.0,200.0,200.0,196.2,138.9,87.4,50.2,29.5,18.9,8.7
3075,62.546,0.000,3056.8,196.0,-0.1,3,18633,1.000,0.000,0.001,0.026,0.001,200.0,0.8,0,0.01,0.000,200.0,376.8,1.000,8.3,18.0,28.2,48.3,84.8,136.5,200.0,200.0,200.0,200.0,200.0,200.0,195.2,138.6,87.2,50.2,29.5,18.9,8.7
3076,62.566,0.000,3057.9,196.9,-0.0,3,18718,1.000,0.000,0.001,0.026,0.001,200.0,0.9,0,0.01,0.000,200.0,376.8,1.000,8.3,18.0,28.2,48.3,84.8,136.6,200.0,200.0,200.0,200.0,200.0,200.0,194.3,138.5,87.2,50.2,29.5,18.9,8.7
3077,62.586,0.000,3058.9,197.7,-0.1,3,18801,1.000,0.000,0.001,0.025,0.001,200.0,0.9,0,0.01,0.000,200.0,376.8,1.000,8.3,18.0,28.2,48.3,84.8,136.5,200.0,200.0,200.0,200.0,200.0,200.0,193.4,138.5,87.2,50.2,29.5,18.9,8.7
3078,62.606,0.000,3060.1,198.5,-0.1,3,18878,1.000,0.000,0.001,0.025,0.001,200.0,0.9,0,0.00,0.000,200.0,376.8,1.000,8.3,18.0,28.2,48.3,84.7,136.3,200.0,200.0,200.0,200.0,200.0,199.7,192.5,138.7,87.3,50.2,29.5,18.9,8.7
3079,62.626,0.000,3061.2,199.4,-0.1,3,18939,1.000,0.000,0.000,0.025,0.001,200.0,0.6,0,0.00,0.000,200.0,376.8,1.000,8.3,18.0,28.2,48.3,84.6,136.1,200.0,200.0,200.0,200.0,200.0,198.7,191.7,139.0,87.4,50.2,29.5,18.9,8.7
3080,62.646,0.000,3062.3,200.2,-0.1,3,18989,1.000,0.000,0.000,0.025,0.001,200.0,0.0,0,0.00,0.000,200.0,376.8,1.000,8.3,18.0,28.2,48.2,84.6,135.9,200.0,200.0,200.0,200.0,200.0,197.6,190.8,139.2,87.4,50.2,29.5,18.9,8.7
3081,62.666,0.000,3063.4,201.0,-0.1,3,19055,1.000,0.000,0.000,0.025,0.001,200.0,-0.2,0,-0.00,0.000,200.0,376.8,1.000,8.3,18.0,28.2,48.2,84.6,135.9,200.0,200.0,200.0,200.0,199.5,196.6,189.9,139.2,87.5,50.2,29.5,18.9,8.7
3082,62.686,0.000,3064.5,201.8,-0.1,3,19126,1.000,0.000,0.000,0.024,0.001,200.0,-0.3,0,-0.01,0.000,200.0,376.8,1.000,8.3,18.0,28.2,48.2,84.6,135.9,200.0,200.0,200.0,200.0,198.4,195.5,188.9,139.2,87.4,50.2,29.5,18.8,8.7
3083,62.706,0.000,3065.6,202.6,-0.1,3,19198,1.000,0.000,0.001,0.024,0.001,200.0,-0.4,0,-0.01,0.000,200.0,376.8,1.000,8.3,18.0,28.2,48.3,84.6,136.0,200.0,200.0,200.0,199.5,197.2,194.4,187.9,139.1,87.4,50.2,29.5,18.8,8.7
3084,62.726,0.000,3066.8,203.4,-0.1,3,19269,1.000,0.000,0.001,0.024,0.001,200.0,-0.5,0,-0.01,0.000,200.0,376.8,1.000,8.3,18.0,28.2,48.3,84.6,135.9,200.0,200.0,200.0,198.4,196.1,193.3,186.9,139.1,87.4,50.2,29.5,18.8,8.7
3085,62.746,0.000,3067.9,204.2,-0.1,3,19336,1.000,0.000,0.000,0.024,0.000,199.1,-0.6,0,-0.02,0.000,199.1,376.8,1.000,8.3,18.0,28.2,48.2,84.5,135.8,200.0,200.0,199.1,197.3,195.0,192.2,186.0,139.3,87.5,50.2,29.5,18.8,8.7
3086,62.766,0.000,3069.0,204.9,-0.1,3,19394,1.000,0.000,0.000,0.024,0.000,198.0,-0.9,0,-0.02,0.000,198.0,376.8,1.000,8.3,18.0,28.2,48.2,84.5,135.7,200.0,199.5,198.0,196.1,193.9,191.1,185.0,139.4,87.5,50.2,29.5,18.8,8.7
3087,62.786,0.000,3070.2,205.7,-0.1,3,19446,1.000,0.000,0.000,0.024,0.000,196.8,-1.4,0,-0.02,0.000,196.9,376.8,1.000,8.3,18.0,28.2,48.2,84.5,135.6,200.0,198.3,196.8,195.0,192.8,190.0,184.0,139.4,87.5,50.2,29.5,18.8,8.7
3088,62.806,0.000,3071.3,206.5,-0.1,3,19509,1.000,0.000,0.000,0.023,0.000,195.7,-1.6,0,-0.02,0.000,195.7,375.7,1.000,8.3,18.0,28.2,48.3,84.5,135.7,198.9,197.2,195.7,193.8,191.7,188.9,183.0,139.4,87.5,50.2,29.5,18.8,8.7
3089,62.826,0.000,3072.5,207.1,-0.1,4,19342,1.000,0.000,0.001,0.023,0.000,194.5,-4.4,0,-0.02,0.000,194.6,374.5,1.000,8.3,18.0,28.2,48.3,84.6,135.8,197.8,196.0,194.5,192.7,190.5,187.8,182.0,139.3,87.4,50.2,29.5,18.8,8.7
3090,62.846,0.000,3073.6,207.7,-0.1,4,19200,1.000,0.000,0.001,0.023,0.000,193.3,-4.4,0,-0.02,0.000,193.4,373.2,1.000,8.3,18.0,28.3,48.3,84.6,135.8,196.6,194.8,193.3,191.5,189.4,186.7,181.0,139.3,87.4,50.2,29.5,18.8,8.7
3091,62.866,0.000,3074.8,208.2,-0.1,4,19084,1.000,0.000,0.000,0.023,0.000,192.2,-4.3,0,-0.02,0.000,192.2,372.0,1.000,8.3,18.0,28.2,48.3,84.5,135.6,195.4,193.7,192.2,190.4,188.3,185.6,180.0,139.4,87.5,50.2,29.5,18.8,8.7
3092,62.886,0.000,3075.9,208.8,-0.1,4,18464,1.000,0.000,0.000,0.023,0.000,191.0,-4.0,0,-0.02,0.000,191.1,370.8,1.000,8.3,18.0,28.2,48.3,84.5,135.5,194.2,192.5,191.0,189.2,187.1,184.5,179.0,139.6,87.5,50.2,29.5,18.8,8.7
3093,62.906,0.000,3077.1,209.4,-0.1,4,18004,1.000,0.000,-0.000,0.023,0.000,189.8,-4.2,0,-0.02,0.000,189.9,369.6,1.000,8.3,18.0,28.3,48.3,84.5,135.5,193.1,191.3,189.8,188.1,186.0,183.4,177.9,139.6,87.5,50.2,29.5,18.8,8.7
3094,62.926,0.000,3078.2,210.0,-0.1,4,17675,1.000,0.000,0.000,0.023,0.000,188.7,-4.3,0,-0.02,0.000,188.7,368.3,1.000,8.3,18.0,28.3,48.3,84.5,135.5,191.9,190.1,188.7,186.9,184.8,182.2,176.9,139.5,87.5,50.2,29.5,18.8,8.7
3095,62.946,0.000,3079.4,210.6,-0.1,4,17446,1.000,0.000,0.000,0.022,0.000,187.5,-4.4,0,-0.02,0.000,187.5,367.0,1.000,8.3,18.0,28.3,48.3,84.5,135.6,190.7,189.0,187.5,185.7,183.7,181.1,175.8,139.5,87.5,50.2,29.5,18.8,8.7
3096,62.966,0.000,3080.6,211.2,-0.1,4,17286,1.000,0.000,0.000,0.022,0.000,186.3,-4.4,0,-0.02,0.000,186.4,365.8,1.000,8.3,18.0,28.3,48.3,84.6,135.7,189.5,187.8,186.3,184.6,182.5,180.0,174.8,139.4,87.5,50.2,29.4,18.8,8.7
3097,62.986,0.000,3081.8,211.8,-0.1,4,17182,1.000,0.000,0.000,0.022,0.000,185.1,-4.4,0,-0.02,0.000,185.2,364.5,1.000,8.3,18.0,28.3,48.3,84.6,135.8,188.3,186.6,185.1,183.4,181.3,178.8,173.7,139.3,87.4,50.2,29.4,18.8,8.7
3098,63.006,0.000,3082.9,212.4,-0.0,4,17115,1.000,0.000,0.000,0.022,0.000,183.9,-4.4,0,-0.02,0.000,184.0,363.2,1.000,8.3,18.0,28.3,48.3,84.6,135.8,187.1,185.4,183.9,182.2,180.2,177.7,172.6,139.3,87.4,50.1,29.4,18.8,8.7
3099,63.026,0.000,3084.1,213.0,-0.0,4,17075,1.000,0.000,0.000,0.022,0.000,182.7,-4.4,0,-0.02,0.000,182.8,361.9,1.000,8.3,18.0,28.3,48.3,84.7,135.9,185.9,184.2,182.7,181.0,179.0,176.5,171.5,139.2,87.4,50.1,29.4,18.8,8.7
3100,63.046,0.000,3085.3,213.6,-0.0,4,17054,1.000,0.000,0.001,0.022,0.000,181.5,-4.6,0,-0.02,0.000,181.6,360.6,1.000,8.3,18.1,28.3,48.3,84.7,136.0,184.7,183.0,181.5,179.8,177.8,175.4,170.5,139.1,87.3,50.1,29.4,18.8,8.7
3101,63.066,0.000,3086.5,214.2,-0.0,4,17045,1.000,0.000,0.000,0.022,0.000,180.3,-4.7,0,-0.02,0.000,180.4,359.3,1.000,8.3,18.1,28.3,48.3,84.7,135.9,183.5,181.8,180.3,178.7,176.7,174.2,169.4,139.2,87.3,50.1,29.4,18.8,8.7
3102,63.086,0.000,3087.7,214.7,-0.0,4,17048,1.000,0.000,0.000,0.021,0.000,179.1,-4.7,0,-0.02,0.000,179.2,358.0,1.000,8.3,18.1,28.3,48.3,84.6,135.8,182.2,180.6,179.1,177.5,175.5,173.1,168.3,139.3,87.4,50.1,29.4,18.8,8.7
3103,63.106,0.000,3088.9,215.3,-0.0,4,17058,1.000,0.000,0.000,0.021,0.000,177.9,-4.8,0,-0.02,0.000,178.0,356.7,1.000,8.3,18.1,28.3,48.3,84.6,135.8,181.0,179.4,177.9,176.3,174.3,171.9,167.2,139.3,87.4,50.1,29.4,18.8,8.7
3104,63.126,0.000,3090.1,215.9,-0.0,4,17074,1.000,0.000,0.000,0.021,0.000,176.7,-4.8,0,-0.02,0.000,176.8,355.3,1.000,8.3,18.1,28.3,48.3,84.7,135.8,179.8,178.1,176.7,175.1,173.1,170.8,166.1,139.2,87.4,50.1,29.4,18.8,8.7
3105,63.146,0.000,3091.3,216.5,-0.0,4,17093,1.000,0.000,0.000,0.021,0.000,175.5,-4.8,0,-0.02,0.000,175.6,354.0,1.000,8.3,18.1,28.3,48.4,84.7,135.9,178.6,176.9,175.5,173.9,171.9,169.6,165.0,139.2,87.3,50.1,29.4,18.8,8.7
3106,63.166,0.000,3092.5,217.1,-0.0,4,17112,1.000,0.000,0.000,0.021,0.000,174.3,-4.9,0,-0.02,0.000,174.4,352.6,1.000,8.3,18.1,28.3,48.4,84.7,135.9,177.3,175.7,174.3,172.7,170.7,168.4,163.9,139.1,87.3,50.1,29.4,18.8,8.7
3107,63.186,0.000,3093.7,217.6,-0.0,4,17133,1.000,0.000,0.000,0.021,0.000,173.1,-5.0,0,-0.02,0.000,173.1,351.3,1.000,8.3,18.1,28.3,48.4,84.7,136.0,176.1,174.5,173.1,171.5,169.5,167.2,162.8,139.1,87.3,50.1,29.4,18.8,8.7
3108,63.206,0.000,3094.9,218.2,-0.0,4,17154,1.000,0.000,0.001,0.021,0.000,171.8,-5.1,0,-0.02,0.000,171.9,349.9,1.000,8.3,18.1,28.3,48.4,84.7,136.0,174.9,173.2,171.8,170.2,168.3,166.1,161.7,139.0,87.3,50.1,29.4,18.8,8.7
3109,63.226,0.000,3096.1,218.8,-0.0,4,17177,1.000,0.000,0.000,0.021,0.000,170.6,-5.1,0,-0.01,0.000,170.7,348.5,1.000,8.3,18.1,28.3,48.4,84.7,136.0,173.6,172.0,170.6,169.0,167.2,164.9,160.6,139.1,87.3,50.1,29.4,18.8,8.7
3110,63.246,0.000,3097.3,219.4,-0.0,4,17200,1.000,0.000,0.000,0.021,0.000,169.4,-5.2,0,-0.01,0.000,169.5,347.1,1.000,8.3,18.1,28.3,48.4,84.7,135.9,172.4,170.8,169.4,167.8,166.0,163.7,159.5,139.2,87.3,50.1,29.4,18.8,8.7
3111,63.266,0.000,3098.6,219.9,-0.0,4,17225,1.000,0.000,0.000,0.020,0.000,168.2,-5.2,0,-0.01,0.000,168.2,345.7,1.000,8.3,18.1,28.3,48.4,84.7,135.9,171.2,169.5,168.2,166.6,164.8,162.5,158.4,139.2,87.3,50.1,29.4,18.8,8.7
3112,63.286,0.000,3099.8,220.5,-0.0,4,17248,1.000,0.000,0.000,0.020,0.000,166.9,-5.2,0,-0.01,0.000,167.0,344.3,1.000,8.3,18.1,28.3,48.4,84.7,135.9,169.9,168.3,166.9,165.4,163.5,161.4,157.3,139.2,87.3,50.1,29.4,18.8,8.7
3113,63.306,0.000,3101.0,221.1,-0.0,4,17270,1.000,0.000,0.000,0.020,0.000,165.7,-5.3,0,-0.01,0.000,165.8,342.8,1.000,8.3,18.1,28.3,48.4,84.7,135.9,168.7,167.1,165.7,164.1,162.3,160.2,156.1,139.2,87.3,50.1,29.4,18.8,8.7
3114,63.326,0.000,3102.2,221.6,-0.0,4,17294,1.000,0.000,0.000,0.020,0.000,164.5,-5.4,0,-0.01,0.000,164.5,341.4,1.000,8.3,18.1,28.3,48.4,84.7,135.9,167.4,165.8,164.5,162.9,161.1,159.0,155.0,139.1,87.3,50.1,29.4,18.8,8.7
3115,63.346,0.000,3103.5,222.2,-0.0,4,17318,1.000,0.000,0.000,0.020,0.000,163.2,-5.4,0,-0.01,0.000,163.3,339.9,1.000,8.3,18.1,28.3,48.4,84.8,136.0,166.1,164.5,163.2,161.7,159.9,157.8,153.9,139.1,87.3,50.1,29.4,18.8,8.7
3116,63.366,0.000,3104.7,222.7,-0.0,4,17341,1.000,0.000,0.000,0.020,0.000,162.0,-5.5,0,-0.01,0.000,162.0,338.5,1.000,8.3,18.1,28.3,48.4,84.8,136.0,164.9,163.3,162.0,160.4,158.7,156.6,152.7,139.1,87.2,50.1,29.4,18.8,8.7
3117,63.386,0.000,3105.9,223.3,-0.0,4,17365,1.000,0.000,0.000,0.020,0.000,160.7,-5.5,0,-0.01,0.000,160.8,337.0,1.000,8.3,18.1,28.3,48.4,84.8,136.1,163.6,162.0,160.7,159.2,157.4,155.4,151.6,139.0,87.2,50.0,29.4,18.8,8.6
3118,63.406,0.000,3107.2,223.9,-0.0,4,17388,1.000,0.000,-0.150,0.020,0.000,159.5,-5.6,0,-0.01,-0.850,159.5,335.4,1.000,8.3,18.1,28.3,48.4,84.8,136.1,162.3,160.8,159.5,158.0,156.2,154.2,150.4,139.0,87.2,50.0,29.4,18.8,8.6
3119,63.426,0.000,3108.4,224.4,-0.2,4,17411,1.000,0.000,-0.129,0.019,0.004,157.7,-5.2,0,-0.16,-0.850,158.2,335.3,1.000,8.4,18.3,28.8,49.7,88.9,162.2,160.7,159.0,157.7,156.1,154.3,152.1,148.0,129.5,83.4,48.7,28.9,18.6,8.6
3120,63.446,0.000,3109.7,224.9,0.7,4,17436,1.000,0.000,-0.082,0.018,0.012,154.9,-5.0,0,-0.33,-0.850,157.0,332.6,1.000,8.4,18.8,30.1,53.7,102.4,160.0,158.3,156.4,154.9,153.1,150.9,148.2,141.9,109.3,74.5,45.6,27.8,18.1,8.5
3121,63.466,0.000,3110.9,225.4,1.8,4,17465,1.000,0.000,0.118,0.016,0.022,151.6,-5.0,0,-0.58,0.000,155.7,329.7,1.000,8.5,19.4,31.7,59.1,123.6,157.6,155.6,153.4,151.6,149.4,146.6,142.6,117.9,92.9,66.5,42.4,26.6,17.6,8.4
3122,63.486,0.000,3112.2,225.9,2.9,4,17488,1.000,0.000,0.156,0.013,0.027,149.2,-5.0,0,-0.83,0.000,154.4,330.9,1.000,8.6,19.7,32.6,62.3,158.7,155.6,153.5,151.2,149.2,146.7,143.5,136.9,107.5,86.2,62.9,40.9,26.0,17.3,8.4
3123,63.506,0.000,3113.4,226.5,2.2,4,17502,1.000,0.000,0.119,0.010,0.021,149.3,-5.4,0,-0.56,0.000,153.2,326.7,1.000,8.6,19.4,31.7,58.8,121.8,155.1,153.1,151.1,149.3,147.2,144.6,140.9,119.6,93.8,66.8,42.5,26.5,17.5,8.4
3124,63.526,0.000,3114.7,227.0,0.4,4,17524,1.000,0.000,0.057,0.008,0.010,150.2,-5.6,0,-0.29,0.000,151.9,326.7,1.000,8.5,18.8,30.0,53.1,99.4,155.1,153.4,151.7,150.2,148.5,146.6,144.1,139.2,113.0,75.9,45.9,27.8,18.1,8.5
3125,63.546,0.000,3116.0,227.5,-1.3,4,17551,1.000,0.000,0.000,0.006,-0.000,150.7,-5.5,0,-0.09,0.000,150.7,326.4,1.000,8.4,18.3,28.6,48.7,84.9,154.9,153.4,151.9,150.7,149.2,147.6,145.7,142.4,135.8,87.2,49.7,29.1,18.6,8.5
3126,63.566,0.000,3117.2,228.1,-2.3,4,17573,1.000,0.000,-0.186,0.005,-0.007,150.3,-5.6,0,0.11,-0.850,150.3,323.9,1.000,8.4,18.0,27.8,46.5,78.1,118.7,152.8,151.4,150.3,149.0,147.5,145.8,143.0,138.3,95.6,52.3,29.9,18.9,8.6
3127,63.586,0.000,3118.5,228.6,-2.5,4,17590,1.000,0.000,-0.178,0.004,-0.005,148.8,-5.5,0,0.08,-0.850,148.8,322.2,1.000,8.4,18.1,28.0,47.0,79.7,122.3,151.3,149.9,148.8,147.5,146.0,144.3,141.4,136.5,93.4,51.6,29.7,18.8,8.6
3128,63.606,0.000,3119.8,229.1,-1.0,4,17607,1.000,0.000,-0.117,0.003,0.005,145.9,-5.6,0,-0.20,-0.850,146.7,321.2,1.000,8.5,18.7,29.5,51.4,93.0,150.4,148.8,147.2,145.9,144.4,142.6,140.5,136.7,122.7,80.0,47.3,28.2,18.2,8.5
3129,63.626,0.000,3121.1,229.6,1.0,4,17638,1.000,0.000,-0.042,0.001,0.019,142.2,-5.5,0,-0.51,-0.850,145.4,317.7,1.000,8.6,19.5,31.7,58.2,117.8,147.6,145.7,143.8,142.2,140.3,138.0,135.1,123.6,96.1,67.8,42.7,26.5,17.5,8.3
3130,63.646,0.000,3122.3,230.1,2.7,4,17668,1.000,0.000,0.022,-0.003,0.030,138.5,-5.4,0,-0.86,-0.850,144.1,318.0,1.000,8.8,20.2,33.7,65.2,147.9,144.9,142.7,140.5,138.5,136.1,133.0,126.8,100.8,81.6,60.2,39.5,25.3,16.9,8.2
3131,63.666,0.000,3123.6,230.6,3.3,4,17685,1.000,0.000,0.051,-0.007,0.035,136.0,-5.6,0,-0.97,-0.850,142.8,315.6,1.000,8.9,20.6,34.8,69.2,146.1,142.8,140.6,138.1,136.0,133.2,129.3,114.2,92.6,76.1,57.1,38.1,24.7,16.6,8.1
3132,63.686,0.000,3124.9,231.2,2.8,4,17701,1.000,0.000,0.046,-0.011,0.034,134.9,-5.9,0,-0.96,-0.850,141.5,313.8,1.000,8.9,20.7,34.7,68.8,144.8,141.6,139.4,137.0,134.9,132.3,128.6,115.7,93.5,76.6,57.3,38.2,24.6,16.6,8.1
3133,63.706,0.000,3126.2,231.7,1.7,4,17715,1.000,0.000,0.024,-0.016,0.030,134.7,-6.3,0,-0.87,-0.850,140.1,312.7,1.000,8.9,20.5,34.1,66.0,143.9,140.9,138.8,136.6,134.7,132.4,129.4,124.1,99.4,80.5,59.4,39.0,24.9,16.7,8.1
3134,63.726,0.000,3127.5,232.3,0.6,4,17738,1.000,0.000,0.000,-0.021,0.025,134.4,-6.4,0,-0.79,-0.850,138.8,311.6,1.000,8.9,20.3,33.5,63.3,143.0,140.1,138.2,136.1,134.4,132.3,129.8,126.2,106.9,85.3,61.9,40.0,25.3,16.8,8.1
3135,63.746,0.000,3128.8,232.8,-0.1,4,17760,1.000,0.000,-0.014,-0.026,0.022,133.6,-6.5,0,-0.74,-0.850,137.5,310.3,1.000,8.9,20.2,33.1,61.9,141.9,139.2,137.3,135.3,133.6,131.7,129.4,126.3,112.1,88.5,63.4,40.5,25.4,16.9,8.1
3136,63.766,0.000,3130.1,233.3,-0.4,4,17781,1.000,0.000,-0.017,-0.031,0.022,132.5,-6.6,0,-0.73,-0.850,136.1,308.6,1.000,8.9,20.3,33.2,61.7,140.6,137.9,136.0,134.1,132.5,130.6,128.3,125.4,113.0,88.9,63.5,40.5,25.4,16.8,8.0
3137,63.786,0.000,3131.3,233.9,-0.3,4,17804,1.000,0.000,-0.012,-0.036,0.023,131.0,-6.6,0,-0.75,-0.850,134.8,306.8,1.000,9.0,20.4,33.5,62.6,139.2,136.4,134.6,132.6,131.0,129.1,126.8,123.8,110.6,87.3,62.6,40.1,25.1,16.7,8.0
3138,63.806,0.000,3132.7,234.4,-0.0,4,17834,1.000,0.000,-0.004,-0.041,0.024,129.4,-6.5,0,-0.78,-0.850,133.4,304.6,1.000,9.1,20.6,33.9,63.7,137.7,134.9,133.0,131.0,129.4,127.5,125.1,122.0,107.3,85.1,61.4,39.5,24.9,16.5,7.9
3139,63.826,0.000,3133.9,234.9,0.2,4,17860,1.000,0.000,0.002,-0.047,0.025,127.8,-6.6,0,-0.80,-0.850,132.1,302.7,1.000,9.1,20.8,34.3,64.8,136.3,133.4,131.5,129.5,127.8,125.9,123.5,120.3,104.6,83.3,60.4,39.0,24.6,16.4,7.9
3140,63.846,0.000,3135.3,235.4,0.2,4,17896,1.000,0.000,0.006,-0.052,0.026,126.4,-6.7,0,-0.82,-0.850,130.7,301.0,1.000,9.2,20.9,34.5,65.4,134.9,132.0,130.1,128.1,126.4,124.5,122.1,118.9,103.1,82.3,59.7,38.6,24.4,16.3,7.8
3141,63.866,0.000,3136.6,236.0,0.2,4,17932,1.000,0.000,0.006,-0.057,0.025,125.1,-6.8,0,-0.82,-0.850,129.4,299.4,1.000,9.2,21.0,34.7,65.7,133.5,130.7,128.8,126.8,125.1,123.2,120.9,117.7,102.7,82.0,59.5,38.5,24.3,16.2,7.8
3142,63.886,0.000,3137.9,236.5,0.1,4,17969,1.000,0.000,0.004,-0.063,0.025,123.9,-6.9,0,-0.81,-0.850,128.0,297.5,1.000,9.3,21.1,34.7,65.7,132.2,129.4,127.5,125.5,123.9,122.0,119.7,116.7,103.1,82.1,59.5,38.4,24.2,16.1,7.8
3143,63.906,0.000,3139.2,237.0,-0.0,4,18009,1.000,0.000,0.001,-0.068,0.024,122.7,-6.9,0,-0.80,-0.850,126.7,295.7,1.000,9.3,21.2,34.8,65.6,130.8,128.1,126.2,124.3,122.7,120.8,118.6,115.7,103.7,82.4,59.5,38.3,24.1,16.0,7.7
3144,63.926,0.000,3140.5,237.5,-0.1,4,18055,1.000,0.000,-0.001,-0.073,0.024,121.4,-6.8,0,-0.80,-0.850,125.3,293.5,1.000,9.3,21.3,34.9,65.6,129.5,126.8,124.9,123.0,121.4,119.6,117.5,114.7,104.0,82.5,59.5,38.2,24.1,16.0,7.7
3145,63.946,0.000,3141.8,238.0,-0.1,4,18089,1.000,0.000,-0.001,-0.079,0.024,120.1,-6.9,0,-0.80,-0.850,123.9,291.6,1.000,9.4,21.4,35.0,65.8,128.1,125.4,123.6,121.7,120.1,118.3,116.2,113.5,103.8,82.3,59.2,38.0,23.9,15.9,7.6
3146,63.966,0.000,3143.2,238.6,-0.1,4,18124,1.000,0.000,-0.001,-0.084,0.024,118.8,-7.0,0,-0.81,-0.850,122.6,290.0,1.000,9.4,21.5,35.2,66.1,126.8,124.0,122.2,120.3,118.8,117.0,114.9,112.2,103.2,81.8,58.9,37.8,23.8,15.8,7.6
3147,63.986,0.000,3144.5,239.1,-0.1,4,18159,1.000,0.000,0.001,-0.089,0.024,117.4,-7.1,0,-0.81,-0.850,121.2,288.2,1.000,9.5,21.6,35.4,66.5,125.4,122.6,120.8,119.0,117.4,115.7,113.6,110.9,102.4,81.2,58.5,37.6,23.6,15.7,7.5
3148,64.008,0.000,3145.9,239.6,-0.0,4,18198,1.000,0.000,0.002,-0.095,0.024,115.9,-7.2,0,-0.82,-0.850,119.7,286.2,1.000,9.5,21.7,35.6,66.9,123.8,121.1,119.3,117.5,115.9,114.2,112.1,109.5,101.6,80.6,58.1,37.3,23.5,15.6,7.5
3149,64.030,0.000,3147.4,240.2,-0.0,4,18244,1.000,0.000,0.002,-0.101,0.024,114.5,-7.2,0,-0.83,-0.850,118.1,284.1,1.000,9.6,21.8,35.8,67.2,122.3,119.6,117.8,116.0,114.5,112.8,110.7,108.2,101.2,80.2,57.8,37.1,23.3,15.5,7.5
3150,64.052,0.000,3148.9,240.8,-0.0,4,18285,1.000,0.000,0.002,-0.107,0.023,113.0,-7.2,0,-0.83,-0.850,116.6,282.0,1.000,9.6,21.9,35.9,67.4,120.8,118.1,116.3,114.5,113.0,111.3,109.3,106.9,100.6,79.9,57.5,36.9,23.2,15.4,7.4
3151,64.074,0.000,3150.3,241.3,-0.1,4,18325,1.000,0.000,0.001,-0.113,0.023,111.6,-7.3,0,-0.83,-0.850,115.1,279.9,1.000,9.7,22.0,36.1,67.6,119.2,116.6,114.8,113.0,111.6,109.9,107.9,105.5,99.8,79.7,57.3,36.7,23.1,15.3,7.4
3152,64.096,0.000,3151.8,241.9,-0.1,4,18363,1.000,0.000,0.001,-0.118,0.023,110.1,-7.4,0,-0.84,-0.850,113.6,278.0,1.000,9.7,22.1,36.2,67.8,117.7,115.0,113.3,111.5,110.1,108.5,106.5,104.2,98.9,79.4,57.0,36.6,23.0,15.2,7.3
3153,64.118,0.000,3153.3,242.4,-0.1,4,18402,1.000,0.000,0.001,-0.124,0.023,108.6,-7.5,0,-0.84,-0.850,112.0,276.0,1.000,9.8,22.2,36.4,68.0,116.2,113.5,111.8,110.0,108.6,107.0,105.1,102.8,97.8,79.1,56.8,36.4,22.8,15.1,7.3
3154,64.140,0.000,3154.8,243.0,-0.1,4,18442,1.000,0.000,0.001,-0.130,0.023,107.1,-7.6,0,-0.85,-0.850,110.5,274.0,1.000,9.8,22.3,36.5,68.3,114.6,112.0,110.3,108.5,107.1,105.5,103.7,101.5,96.7,78.7,56.5,36.1,22.7,15.0,7.2
3155,64.162,0.000,3156.3,243.5,-0.1,4,18483,1.000,0.000,0.002,-0.136,0.023,105.7,-7.6,0,-0.86,-0.850,109.0,271.9,1.000,9.9,22.4,36.7,68.6,113.1,110.5,108.8,107.0,105.7,104.1,102.3,100.1,95.5,78.3,56.2,35.9,22.5,15.0,7.2
3156,64.184,0.000,3157.8,244.1,-0.1,4,18522,1.000,0.000,0.002,-0.141,0.022,104.2,-7.7,0,-0.87,-0.850,107.4,269.8,1.000,9.9,22.5,36.8,68.8,111.5,108.9,107.2,105.5,104.2,102.6,100.8,98.7,94.4,78.0,55.9,35.7,22.4,14.9,7.1
3157,64.206,0.000,3159.3,244.6,-0.1,4,18562,1.000,0.000,0.002,-0.147,0.022,102.7,-7.8,0,-0.87,-0.850,105.9,267.6,1.000,10.0,22.6,37.0,69.0,110.0,107.4,105.7,104.0,102.7,101.2,99.4,97.3,93.2,77.7,55.7,35.6,22.3,14.8,7.1
3158,64.228,0.000,3160.8,245.2,-0.1,4,18602,1.000,0.000,0.001,-0.152,0.022,101.2,-7.8,0,-0.88,-0.850,104.3,265.4,1.000,10.0,22.7,37.1,69.2,108.4,105.8,104.2,102.5,101.2,99.7,98.0,96.0,92.0,77.5,55.4,35.4,22.2,14.7,7.0
3159,64.250,0.000,3162.3,245.7,-0.1,4,18641,1.000,0.000,0.001,-0.158,0.022,99.7,-7.9,0,-0.89,-0.850,102.8,263.1,1.000,10.0,22.8,37.3,69.4,106.8,104.3,102.7,101.0,99.7,98.3,96.6,94.6,90.8,77.2,55.2,35.2,22.0,14.6,7.0
3160,64.272,0.000,3163.8,246.2,-0.1,4,18682,1.000,0.000,0.001,-0.164,0.022,98.2,-7.9,0,-0.90,-0.850,101.2,260.8,1.000,10.1,22.9,37.4,69.6,105.3,102.7,101.1,99.5,98.2,96.8,95.1,93.2,89.6,76.9,54.9,35.0,21.9,14.5,6.9
3161,64.294,0.000,3165.3,246.8,-0.1,4,18721,1.000,0.000,0.002,-0.169,0.022,96.7,-8.0,0,-0.91,-0.850,99.6,258.4,1.000,10.1,23.0,37.6,69.9,103.7,101.2,99.6,98.0,96.7,95.3,93.7,91.8,88.3,76.5,54.6,34.8,21.8,14.4,6.9
3162,64.316,0.000,3166.8,247.3,-0.1,4,18760,1.000,0.000,0.002,-0.175,0.021,95.2,-8.0,0,-0.92,-0.850,98.1,256.0,1.000,10.2,23.1,37.7,70.1,102.1,99.6,98.0,96.5,95.2,93.8,92.2,90.4,87.0,76.2,54.4,34.6,21.6,14.3,6.9
3163,64.338,0.000,3168.3,247.8,-0.1,4,18798,1.000,0.000,0.002,-0.180,0.021,93.7,-8.1,0,-0.93,-0.850,96.5,253.6,1.000,10.2,23.2,37.8,70.3,100.5,98.1,96.5,94.9,93.7,92.3,90.8,89.0,85.7,75.9,54.1,34.4,21.5,14.2,6.8
3164,64.360,0.000,3169.8,248.4,-0.1,4,18837,1.000,0.000,0.002,-0.186,0.021,92.2,-8.1,0,-0.94,-0.850,94.9,251.2,1.000,10.3,23.3,38.0,70.4,98.9,96.5,94.9,93.4,92.2,90.8,89.3,87.6,84.5,75.7,53.9,34.3,21.4,14.2,6.8
3165,64.382,0.000,3171.3,248.9,-0.1,4,18875,0.000,0.000,0.001,-0.191,0.021,90.7,-8.2,0,-0.95,-0.850,93.4,248.8,1.000,10.3,23.4,38.1,70.6,97.4,94.9,93.4,91.9,90.7,89.4,87.9,86.2,83.2,75.5,53.7,34.1,21.3,14.1,6.7
3166,64.404,0.000,3172.8,248.5,-0.1,4,18342,0.000,0.000,0.001,-0.196,0.020,89.2,-21.1,0,-0.96,-0.850,91.8,246.4,1.000,10.4,23.4,38.2,70.6,95.8,93.4,91.9,90.4,89.2,87.9,86.4,84.8,81.9,75.4,53.5,33.9,21.2,14.0,6.7
3167,64.426,0.000,3174.4,247.8,-0.2,4,18286,0.000,0.000,-0.001,-0.201,0.020,87.7,-21.2,0,-0.97,-0.850,90.2,244.1,1.000,10.4,23.5,38.3,70.7,94.2,91.8,90.3,88.9,87.7,86.4,85.0,83.4,80.6,75.2,53.4,33.8,21.1,13.9,6.6
3168,64.448,0.000,3175.9,247.1,-0.2,4,18232,0.000,0.000,-0.001,-0.207,0.020,86.2,-21.2,0,-0.98,-0.850,88.6,241.8,1.000,10.4,23.6,38.4,70.7,92.6,90.3,88.8,87.4,86.2,85.0,83.6,82.0,79.4,74.5,53.3,33.7,21.0,13.8,6.6
3169,64.470,0.000,3177.4,246.4,-0.2,4,18180,0.000,0.000,-0.001,-0.212,0.019,84.7,-21.1,0,-1.00,-0.850,87.1,239.3,1.000,10.5,23.7,38.5,70.9,91.0,88.7,87.3,85.8,84.7,83.5,82.1,80.6,78.0,73.5,53.1,33.5,20.8,13.8,6.6
3170,64.492,0.000,3178.9,245.7,-0.2,4,18128,0.000,0.000,0.008,-0.217,0.019,83.2,-21.1,0,-1.28,-0.850,85.5,242.4,1.000,10.5,23.8,38.6,93.0,89.5,87.2,85.7,84.3,83.2,82.0,80.7,79.2,76.7,72.5,52.8,33.3,20.7,13.7,6.5
3171,64.514,0.000,3180.4,245.0,-0.2,4,18077,0.000,0.000,0.155,-0.222,0.019,81.8,-21.0,0,-1.27,0.000,84.0,239.9,1.000,10.6,23.8,38.6,91.4,87.9,85.6,84.2,82.9,81.8,80.6,79.3,77.9,75.5,71.6,52.9,33.3,20.7,13.6,6.5
3172,64.536,0.000,3181.9,244.3,-0.2,4,18023,0.000,0.600,0.115,-0.226,0.013,81.0,-20.7,0,-0.92,0.000,82.4,232.3,0.000,10.5,23.5,37.6,67.3,86.8,84.6,83.3,82.0,81.0,79.9,78.7,77.4,75.3,72.3,56.4,34.5,21.1,13.8,6.5
3173,64.558,0.000,3183.4,242.4,-1.8,4,17610,0.000,0.564,0.047,-0.229,0.000,80.9,-4.5,0,-0.69,0.000,80.9,231.2,0.000,10.4,22.6,35.5,60.5,86.1,84.2,83.0,81.8,80.9,79.9,78.9,77.8,76.1,73.7,66.1,38.0,22.3,14.2,6.5
3174,64.580,0.000,3184.8,239.9,-3.4,4,17418,0.000,0.505,-0.013,-0.230,-0.011,80.5,-4.2,0,-0.53,0.000,80.5,229.8,0.000,10.3,21.9,33.7,55.4,85.4,83.5,82.4,81.4,80.5,79.7,78.8,77.8,76.3,74.3,69.3,41.8,23.5,14.7,6.6
3175,64.602,0.000,3186.3,237.4,-4.1,4,17258,0.000,0.479,-0.046,-0.231,-0.018,79.6,-8.0,0,-0.45,0.000,79.6,227.9,0.000,10.3,21.6,32.8,52.9,84.2,82.5,81.4,80.4,79.6,78.8,78.0,77.0,75.6,73.8,69.5,44.3,24.2,15.0,6.6
3176,64.624,0.000,3187.7,235.2,-3.6,4,17108,0.000,0.495,-0.047,-0.230,-0.018,78.2,-9.9,0,-0.45,0.000,78.2,225.3,0.000,10.3,21.6,32.7,52.8,82.7,81.0,79.9,78.9,78.2,77.4,76.5,75.6,74.2,72.5,68.3,44.4,24.3,15.0,6.7
3177,64.646,0.000,3189.2,232.9,-2.3,4,16945,0.000,0.535,-0.027,-0.229,-0.014,76.4,-9.4,0,-0.51,0.000,76.4,222.2,0.000,10.3,21.8,33.3,54.3,80.9,79.2,78.1,77.1,76.4,75.6,74.7,73.8,72.4,70.6,66.4,42.9,23.8,14.8,6.6
3178,64.668,0.000,3190.6,230.6,-1.0,4,16761,0.000,0.580,-0.001,-0.228,-0.009,74.5,-7.7,0,-0.59,0.000,74.5,219.0,0.000,10.3,22.0,34.0,56.2,79.1,77.3,76.3,75.3,74.5,73.7,72.8,71.9,70.4,68.6,64.3,41.1,23.3,14.6,6.6
3179,64.690,0.000,3192.0,228.2,-0.0,4,16558,0.000,0.612,0.019,-0.227,-0.006,72.7,-5.5,0,-0.66,0.000,72.7,216.0,0.000,10.4,22.2,34.5,58.0,77.4,75.6,74.5,73.5,72.7,71.9,71.0,70.1,68.7,66.9,62.4,39.9,22.9,14.5,6.6
3180,64.712,0.000,3193.4,225.7,0.4,4,16355,0.000,0.000,0.035,-0.225,-0.005,71.2,-3.2,0,-0.97,0.000,71.2,218.5,0.000,10.4,22.3,34.6,78.8,75.9,74.1,73.0,72.0,71.2,70.4,69.5,68.6,67.2,65.4,61.1,39.6,22.8,14.5,6.6
3181,64.734,0.000,3194.8,224.3,0.3,4,16544,0.000,0.415,0.027,-0.224,-0.006,70.0,-18.4,0,-0.95,0.000,70.0,216.0,0.000,10.3,22.2,34.3,77.4,74.5,72.8,71.7,70.7,70.0,69.2,68.3,67.5,66.1,64.4,60.4,40.2,23.1,14.6,6.6
3182,64.756,0.000,3196.1,222.8,-0.1,4,16253,0.000,0.461,0.010,-0.222,-0.009,68.9,-10.2,0,-0.91,0.000,68.9,213.6,0.000,10.3,21.9,33.8,76.1,73.3,71.6,70.6,69.6,68.9,68.1,67.3,66.5,65.2,63.6,59.9,41.4,23.5,14.7,6.7
3183,64.778,0.000,3197.5,220.9,-0.6,4,16082,0.000,0.483,-0.006,-0.220,-0.012,67.7,-7.1,0,-0.87,0.000,67.7,211.2,0.000,10.2,21.7,33.3,74.8,72.0,70.4,69.4,68.4,67.7,67.0,66.2,65.4,64.2,62.7,59.2,42.6,23.9,14.9,6.7
3184,64.800,0.000,3198.8,218.8,-0.8,4,15911,0.000,0.506,-0.014,-0.218,-0.014,66.5,-5.7,0,-0.85,0.000,66.5,208.7,0.000,10.2,21.6,33.0,73.4,70.7,69.1,68.1,67.2,66.5,65.8,65.0,64.2,63.1,61.6,58.3,43.3,24.1,15.0,6.7
3185,64.822,0.000,3200.1,216.6,-0.7,4,15734,0.000,0.531,-0.015,-0.216,-0.014,65.2,-4.7,0,-0.84,0.000,65.2,206.0,0.000,10.2,21.5,33.0,72.0,69.3,67.7,66.7,65.8,65.2,64.5,63.7,62.9,61.8,60.4,57.2,43.5,24.2,15.1,6.7
3186,64.844,0.000,3201.5,214.4,-0.5,4,15556,0.000,0.558,-0.010,-0.213,-0.013,63.8,-3.8,0,-0.85,0.000,63.8,203.2,0.000,10.2,21.6,33.0,70.6,67.9,66.2,65.3,64.4,63.8,63.1,62.3,61.6,60.4,59.0,56.0,43.2,24.2,15.1,6.8
3187,64.866,0.000,3202.8,212.1,-0.2,4,15367,0.000,0.583,-0.004,-0.211,-0.012,62.3,-2.9,0,-0.85,0.000,62.3,200.4,0.000,10.2,21.6,33.1,69.1,66.4,64.8,63.9,63.0,62.3,61.7,60.9,60.2,59.1,57.7,54.7,42.9,24.1,15.0,6.8
3188,64.888,0.000,3204.1,209.7,-0.0,4,15173,0.000,0.604,-0.000,-0.209,-0.011,61.0,-1.9,0,-0.86,0.000,61.0,197.7,0.000,10.1,21.6,33.2,67.7,65.0,63.4,62.5,61.6,61.0,60.3,59.6,58.9,57.8,56.4,53.5,42.7,24.0,15.0,6.8
3189,64.910,0.000,3205.3,207.3,0.1,4,14979,0.000,0.621,0.001,-0.206,-0.010,59.7,-0.6,0,-0.85,0.000,59.7,194.9,0.000,10.1,21.6,33.2,66.3,63.6,62.0,61.1,60.3,59.7,59.0,58.3,57.6,56.5,55.2,52.4,42.6,24.1,15.1,6.8
3190,64.932,0.000,3206.6,204.8,0.1,4,14783,0.000,0.633,0.001,-0.204,-0.010,58.4,0.4,0,-0.85,0.000,58.4,192.2,0.000,10.1,21.6,33.2,64.9,62.3,60.7,59.8,59.0,58.4,57.7,57.1,56.4,55.3,54.1,51.4,42.7,24.1,15.1,6.8
3191,64.954,0.000,3207.8,202.4,0.0,4,14588,0.000,0.644,-0.001,-0.202,-0.011,57.1,1.8,0,-0.84,0.000,57.1,189.5,0.000,10.1,21.5,33.1,63.6,61.0,59.4,58.6,57.8,57.1,56.5,55.9,55.2,54.2,52.9,50.3,42.6,24.2,15.2,6.8
3192,64.976,0.000,3209.1,199.8,-0.0,4,14399,0.000,0.654,-0.002,-0.200,-0.011,55.9,3.5,0,-0.84,0.000,55.9,186.8,0.000,10.1,21.4,33.0,62.3,59.7,58.2,57.3,56.5,55.9,55.3,54.7,54.0,53.0,51.8,49.3,42.2,24.3,15.2,6.9
3193,64.998,0.000,3210.3,197.3,-0.1,4,14201,0.000,0.664,-0.004,-0.198,-0.011,54.7,5.4,0,-0.84,0.000,54.7,184.0,0.000,10.1,21.4,32.9,61.0,58.4,56.9,56.1,55.3,54.7,54.1,53.5,52.8,51.9,50.7,48.3,41.7,24.4,15.3,6.9
3194,65.020,0.000,3211.5,194.8,-0.1,4,14000,0.000,0.675,-0.004,-0.196,-0.011,53.5,7.6,0,-0.84,0.000,53.5,181.3,0.000,10.0,21.3,32.8,59.7,57.1,55.7,54.8,54.1,53.5,52.9,52.3,51.7,50.7,49.6,47.3,41.1,24.5,15.3,6.9
3195,65.042,0.000,3212.6,192.2,-0.1,4,13798,0.000,0.686,-0.004,-0.194,-0.011,52.3,10.3,0,-0.84,0.000,52.3,178.5,0.000,10.0,21.3,32.7,58.4,55.9,54.4,53.6,52.9,52.3,51.7,51.1,50.5,49.6,48.5,46.3,40.4,24.6,15.4,6.9
3196,65.064,0.000,3213.8,189.7,-0.1,4,13595,0.000,0.696,-0.004,-0.192,-0.011,51.1,13.1,0,-0.85,0.000,51.1,175.7,0.000,10.0,21.3,32.7,57.1,54.6,53.2,52.4,51.7,51.1,50.6,50.0,49.4,48.5,47.4,45.3,39.8,24.6,15.4,6.9
3197,65.086,0.000,3215.0,187.1,-0.1,4,13391,0.000,0.704,-0.004,-0.190,-0.011,50.0,16.2,0,-0.85,0.000,50.0,173.0,0.000,10.0,21.2,32.6,55.9,53.4,52.0,51.2,50.5,50.0,49.4,48.8,48.2,47.4,46.4,44.3,39.1,24.7,15.4,7.0
3198,65.108,0.000,3216.1,184.5,-0.1,4,13191,0.000,0.709,-0.003,-0.188,-0.011,48.8,19.6,0,-0.86,0.000,48.8,170.3,0.000,10.0,21.2,32.6,54.7,52.2,50.8,50.0,49.3,48.8,48.3,47.7,47.1,46.3,45.3,43.3,38.3,24.7,15.5,7.0
3199,65.130,0.000,3217.2,181.9,-0.0,4,12997,0.000,0.712,-0.003,-0.186,-0.011,47.7,23.4,0,-0.87,0.000,47.7,167.7,0.000,10.0,21.2,32.6,53.4,51.0,49.6,48.9,48.2,47.7,47.1,46.6,46.0,45.2,44.3,42.3,37.6,24.8,15.5,7.0
3200,65.152,0.000,3218.3,179.3,-0.0,4,12796,0.000,0.714,-0.002,-0.184,-0.011,46.6,27.2,0,-0.90,0.000,46.6,165.1,0.000,9.9,21.1,33.5,52.2,49.8,48.5,47.7,47.1,46.6,46.0,45.5,45.0,44.2,43.2,41.3,36.9,24.8,15.5,7.0
3201,65.174,0.000,3219.4,176.8,-0.1,4,12597,0.000,0.714,0.021,-0.182,-0.011,45.5,31.1,0,-1.57,0.000,45.5,162.5,0.000,9.9,21.1,54.3,51.0,48.7,47.4,46.6,45.9,45.5,44.9,44.4,43.9,43.1,42.2,40.4,36.1,24.9,15.6,7.0
3202,65.196,0.000,3220.5,174.2,-0.0,4,12400,0.000,0.712,0.019,-0.180,-0.011,44.4,35.3,0,-1.56,0.000,44.4,160.0,0.000,9.9,21.1,53.1,49.9,47.5,46.3,45.5,44.9,44.4,43.9,43.4,42.9,42.1,41.3,39.5,35.4,25.0,15.6,7.0
3203,65.218,0.000,3221.5,171.6,-0.1,4,12208,0.000,0.352,0.014,-0.178,-0.012,43.4,38.3,0,-1.55,0.000,43.4,157.5,0.000,9.9,21.0,52.0,48.8,46.5,45.2,44.5,43.8,43.4,42.9,42.4,41.9,41.2,40.3,38.6,34.8,25.2,15.7,7.1
3204,65.240,0.000,3222.6,169.3,-0.2,4,12300,0.000,0.707,0.009,-0.176,-0.013,42.4,21.4,0,-1.53,0.000,42.4,155.1,0.000,9.8,20.9,50.9,47.7,45.4,44.1,43.5,42.8,42.4,41.9,41.4,40.9,40.2,39.4,37.8,34.1,25.3,15.8,7.1
3205,65.262,0.000,3223.6,167.0,-0.3,4,11910,0.000,0.711,0.003,-0.174,-0.014,41.4,22.2,0,-1.51,0.000,41.4,152.8,0.000,9.8,20.8,49.8,46.6,44.3,43.1,42.4,41.8,41.4,40.9,40.5,40.0,39.3,38.5,36.9,33.4,25.5,15.9,7.1
3206,65.284,0.000,3224.6,164.6,-0.3,3,14564,0.000,0.710,-0.001,-0.172,-0.015,40.4,30.9,0,-1.50,0.000,40.4,150.4,0.000,9.8,20.7,48.6,45.5,43.3,42.1,41.4,40.8,40.4,39.9,39.5,39.0,38.4,37.6,36.1,32.7,25.6,15.9,7.1
3207,65.306,0.000,3225.6,162.3,-0.3,3,14502,0.000,0.357,-0.002,-0.169,-0.015,39.4,38.4,0,-1.49,0.000,39.4,148.0,0.000,9.8,20.7,47.5,44.4,42.2,41.0,40.4,39.8,39.4,39.0,38.5,38.1,37.4,36.7,35.2,32.0,25.4,16.0,7.2
3208,65.328,0.000,3226.6,160.2,-0.3,3,14264,0.000,0.728,-0.003,-0.167,-0.015,38.4,22.8,0,-1.49,0.000,38.4,145.6,0.000,9.8,20.6,46.4,43.3,41.2,40.0,39.4,38.8,38.4,38.0,37.5,37.1,36.5,35.7,34.3,31.3,25.1,16.0,7.2
3209,65.350,0.000,3227.6,158.0,-0.2,3,13724,0.000,0.735,-0.002,-0.165,-0.015,37.4,27.3,0,-1.49,0.000,37.4,143.3,0.000,9.7,20.6,45.3,42.2,40.1,39.0,38.4,37.8,37.4,37.0,36.6,36.1,35.5,34.8,33.5,30.5,24.8,16.1,7.2
3210,65.372,0.000,3228.5,155.6,-0.2,3,13404,0.000,0.366,-0.002,-0.163,-0.015,36.4,35.4,0,-1.49,0.000,36.4,140.9,0.000,9.7,20.6,44.2,41.2,39.1,38.0,37.4,36.8,36.4,36.0,35.6,35.2,34.6,33.9,32.6,29.8,24.4,16.1,7.2
3211,65.394,0.000,3229.5,153.3,-0.1,3,13544,0.000,0.732,-0.002,-0.161,-0.015,35.5,24.1,0,-1.49,0.000,35.5,138.6,0.000,9.7,20.5,43.2,40.1,38.1,37.0,36.4,35.9,35.5,35.1,34.7,34.3,33.7,33.0,31.8,29.1,24.0,16.2,7.2
3212,65.416,0.000,3230.4,151.0,-0.1,3,13064,0.000,0.366,-0.003,-0.159,-0.015,34.5,29.3,0,-1.50,0.000,34.5,136.4,0.000,9.7,20.6,42.1,39.1,37.1,36.0,35.4,34.9,34.5,34.2,33.8,33.4,32.8,32.2,30.9,28.4,23.6,16.2,7.2
3213,65.438,0.000,3231.3,148.8,-0.1,3,13183,0.000,0.733,-0.003,-0.157,-0.015,33.6,18.8,0,-1.52,0.000,33.6,134.1,0.000,9.7,21.2,41.1,38.1,36.1,35.1,34.5,34.0,33.6,33.2,32.9,32.5,32.0,31.3,30.1,27.6,23.2,16.3,7.3
3214,65.460,0.000,3232.2,146.6,-0.1,3,12682,0.000,0.736,0.197,-0.154,-0.015,32.7,25.1,0,-2.93,0.920,32.7,131.9,0.000,9.7,43.6,40.1,37.1,35.1,34.1,33.6,33.1,32.7,32.3,32.0,31.6,31.1,30.5,29.3,26.9,22.7,16.3,7.3
3215,65.482,0.000,3233.1,144.3,-0.0,3,12372,0.000,0.363,0.397,-0.152,-0.016,31.9,36.3,0,-2.92,0.920,31.9,129.8,0.000,9.6,42.6,39.1,36.2,34.2,33.2,32.7,32.2,31.9,31.5,31.2,30.8,30.3,29.7,28.6,26.3,22.3,16.4,7.3
3216,65.504,0.000,3234.0,142.2,-0.1,3,12540,0.000,0.355,0.597,-0.150,-0.021,31.2,32.0,0,-2.88,0.920,31.2,128.0,0.000,9.6,41.7,38.2,35.4,33.5,32.5,32.0,31.5,31.2,30.8,30.5,30.1,29.7,29.1,28.0,25.8,22.0,16.6,7.4
3217,65.526,0.000,3234.8,140.4,-0.5,3,12444,0.000,0.693,0.594,-0.146,-0.031,30.7,29.6,0,-2.82,0.920,30.7,126.6,0.000,9.4,41.0,37.5,34.7,32.9,32.0,31.5,31.0,30.7,30.3,30.0,29.7,29.2,28.7,27.6,25.6,22.0,16.9,7.5
3218,65.548,0.000,3235.7,138.6,-1.3,3,11944,0.000,0.327,0.518,-0.142,-0.045,30.3,45.1,0,-2.74,0.920,30.3,125.5,0.000,9.3,40.4,37.0,34.2,32.5,31.6,31.1,30.6,30.3,30.0,29.7,29.4,28.9,28.4,27.4,25.4,22.0,17.3,7.6
3219,65.570,0.000,3236.5,136.7,-2.4,3,12040,0.000,0.305,0.451,-0.136,-0.060,30.0,41.1,0,-2.66,0.920,30.0,124.5,0.000,9.1,39.8,36.5,33.8,32.1,31.2,30.7,30.3,30.0,29.7,29.4,29.1,28.6,28.1,27.2,25.3,22.0,17.6,7.8
3220,65.592,0.000,3237.4,135.0,-3.3,3,11929,0.000,0.289,0.396,-0.130,-0.075,29.6,32.3,0,-2.58,0.920,29.6,123.4,0.000,8.9,39.2,35.9,33.3,31.7,30.8,30.3,29.9,29.6,29.4,29.1,28.8,28.3,27.9,26.9,25.1,22.0,17.8,8.0
3221,65.614,0.000,3238.2,133.3,-3.9,3,11795,0.000,0.556,0.352,-0.123,-0.090,29.3,23.3,0,-2.52,0.920,29.3,122.2,0.000,8.8,38.6,35.4,32.9,31.2,30.4,30.0,29.6,29.3,29.0,28.7,28.4,28.0,27.6,26.7,24.9,22.0,17.9,8.2
3222,65.636,0.000,3239.0,131.7,-4.6,2,14715,0.000,0.263,0.309,-0.114,-0.104,28.9,31.6,0,-2.45,0.920,28.9,121.1,0.000,8.6,38.0,34.9,32.4,30.8,30.0,29.6,29.2,28.9,28.6,28.3,28.1,27.7,27.2,26.4,24.7,21.8,18.0,8.4
3223,65.658,0.000,3239.8,130.1,-5.0,2,14652,0.000,0.502,0.272,-0.104,-0.117,28.5,24.3,0,-2.40,0.920,28.5,120.0,0.000,8.4,37.4,34.3,31.8,30.3,29.5,29.1,28.7,28.5,28.2,27.9,27.6,27.3,26.8,26.0,24.4,21.7,18.0,8.7
3224,65.680,0.000,3240.6,128.4,-5.1,2,13983,0.000,0.244,0.242,-0.093,-0.128,28.0,23.6,0,-2.35,0.920,28.0,118.7,0.000,8.3,36.8,33.7,31.3,29.8,29.0,28.6,28.2,28.0,27.7,27.4,27.2,26.8,26.4,25.6,24.0,21.4,17.9,8.9
3225,65.702,0.000,3241.3,126.8,-5.3,2,13951,0.000,0.485,0.216,-0.081,-0.139,27.4,13.8,0,-2.30,0.920,27.4,117.1,0.000,8.1,36.1,33.0,30.7,29.2,28.4,28.0,27.7,27.4,27.2,26.9,26.7,26.3,25.9,25.2,23.6,21.1,17.8,9.1
3226,65.724,0.000,3242.1,125.1,-5.3,2,13478,0.000,0.481,0.192,-0.068,-0.148,26.9,16.1,0,-2.26,0.920,26.9,115.4,0.000,8.0,35.4,32.4,30.1,28.6,27.9,27.5,27.2,26.9,26.7,26.4,26.2,25.8,25.4,24.7,23.2,20.8,17.6,9.4
3227,65.746,0.000,3242.9,123.2,-5.4,2,13174,0.000,0.231,0.169,-0.055,-0.157,26.4,18.2,0,-2.23,0.920,26.4,114.0,0.000,7.8,34.7,31.7,29.4,28.0,27.3,26.9,26.6,26.4,26.1,25.9,25.6,25.3,24.9,24.2,22.8,20.4,17.4,9.5
3228,65.768,0.000,3243.6,121.5,-5.4,2,13254,0.000,0.453,0.148,-0.040,-0.166,25.8,6.7,0,-2.19,0.920,25.8,112.4,0.000,7.7,34.1,31.1,28.8,27.4,26.7,26.4,26.0,25.8,25.6,25.3,25.1,24.8,24.4,23.7,22.3,20.1,17.2,9.6
3229,65.790,0.000,3244.3,119.8,-5.4,2,12822,0.000,0.450,0.112,-0.025,-0.176,25.3,5.7,0,-2.16,0.920,25.3,110.8,0.000,7.5,33.4,30.5,28.2,26.9,26.2,25.8,25.5,25.3,25.1,24.8,24.6,24.3,23.9,23.2,21.9,19.7,16.9,9.7
3230,65.812,0.000,3245.1,118.0,-5.5,2,12561,0.000,0.417,0.054,-0.008,-0.185,24.8,5.2,0,-2.13,0.920,24.8,109.7,0.000,7.4,32.8,29.8,27.7,26.3,25.7,25.3,25.0,24.8,24.5,24.3,24.1,23.8,23.4,22.8,21.5,19.4,16.7,9.8
3231,65.834,0.000,3245.8,116.2,-5.6,2,12402,0.000,0.377,0.001,0.008,-0.194,24.2,2.6,0,-2.11,0.920,24.2,108.6,0.000,7.2,32.1,29.2,27.1,25.8,25.1,24.8,24.5,24.2,24.0,23.8,23.6,23.3,22.9,22.3,21.1,19.0,16.4,9.8
3232,65.856,0.000,3246.5,114.4,-5.6,2,12299,0.000,0.349,-0.044,0.026,-0.201,23.7,-1.8,0,-2.09,0.920,23.7,107.4,0.000,7.2,31.4,28.6,26.4,25.2,24.5,24.2,23.9,23.7,23.5,23.2,23.0,22.7,22.4,21.8,20.6,18.6,16.1,9.8
3233,65.878,0.000,3247.2,112.7,-5.4,2,12214,0.000,0.346,-0.080,0.044,-0.207,23.1,-5.8,0,-2.09,0.920,23.1,105.8,0.000,7.1,30.7,27.9,25.8,24.5,23.9,23.6,23.3,23.1,22.9,22.6,22.4,22.2,21.8,21.2,20.1,18.2,15.8,9.8
3234,65.900,0.000,3247.8,111.2,-4.9,2,12116,0.000,0.357,-0.102,0.062,-0.209,22.4,-6.6,0,-2.09,0.920,22.4,104.0,0.000,7.1,30.0,27.1,25.0,23.8,23.2,22.9,22.6,22.4,22.2,22.0,21.8,21.5,21.2,20.6,19.5,17.7,15.4,9.7
3235,65.922,0.000,3248.5,109.7,-4.3,2,12006,0.000,0.379,-0.110,0.081,-0.208,21.7,-5.4,0,-2.11,0.920,21.7,102.1,0.000,7.2,29.1,26.3,24.3,23.1,22.5,22.1,21.9,21.7,21.5,21.3,21.1,20.8,20.5,20.0,18.9,17.1,15.0,9.6
3236,65.944,0.000,3249.2,108.2,-3.5,2,11874,0.000,0.408,0.043,0.098,-0.174,20.9,-3.4,0,-2.14,0.920,20.9,100.1,0.000,7.4,28.2,25.4,23.4,22.2,21.7,21.4,21.1,20.9,20.7,20.5,20.3,20.1,19.8,19.2,18.2,16.5,14.5,9.4
3237,65.966,0.000,3249.8,106.8,-2.4,2,11709,0.000,0.439,0.211,0.112,-0.138,20.2,1.0,0,-2.18,0.920,20.2,98.0,0.000,7.7,27.4,24.6,22.6,21.5,20.9,20.6,20.3,20.2,20.0,19.8,19.6,19.4,19.1,18.6,17.5,16.0,14.0,9.3
3238,65.988,0.000,3250.5,105.3,-1.7,2,11456,0.000,0.468,0.363,0.123,-0.105,19.5,6.9,0,-2.23,0.920,19.5,95.9,0.000,8.0,26.6,23.8,21.9,20.8,20.2,19.9,19.7,19.5,19.3,19.1,19.0,18.7,18.5,18.0,17.0,15.5,13.6,9.1
3239,66.010,0.000,3251.2,103.7,-1.3,2,11213,0.000,0.471,0.494,0.132,-0.077,18.9,14.6,0,-2.28,0.920,18.9,94.3,0.000,8.3,25.9,23.2,21.3,20.2,19.6,19.4,19.1,18.9,18.8,18.6,18.4,18.2,17.9,17.4,16.5,15.1,13.3,9.0
3240,66.032,0.000,3251.8,102.1,-1.3,2,11005,0.000,0.225,0.601,0.137,-0.053,18.5,22.1,0,-2.34,0.920,18.5,93.1,0.000,8.7,25.3,22.6,20.7,19.7,19.1,18.9,18.6,18.5,18.3,18.1,18.0,17.7,17.5,17.0,16.1,14.7,13.0,8.9
3241,66.054,0.000,3252.5,100.5,-1.4,2,11142,0.000,0.424,0.658,0.140,-0.032,18.0,17.8,0,-2.42,0.920,18.0,92.1,0.000,9.2,24.8,22.1,20.3,19.2,18.7,18.4,18.2,18.0,17.9,17.7,17.6,17.3,17.1,16.6,15.7,14.4,12.7,8.8
3242,66.076,0.000,3253.1,99.1,-1.7,2,10793,0.000,0.198,0.693,0.141,-0.014,17.7,23.1,0,-2.52,0.920,17.7,91.2,0.000,9.8,24.4,21.7,19.9,18.8,18.3,18.1,17.8,17.7,17.5,17.4,17.2,17.0,16.7,16.3,15.4,14.1,12.5,8.7
3243,66.098,0.000,3253.7,97.7,-2.0,2,10852,0.000,0.185,0.727,0.139,0.001,17.4,17.8,0,-2.68,0.920,17.4,90.2,0.000,10.6,24.0,21.3,19.5,18.5,18.0,17.7,17.5,17.4,17.2,17.0,16.9,16.7,16.4,16.0,15.2,13.9,12.3,8.6
3244,66.120,0.000,3254.3,96.4,-2.3,2,10748,0.000,0.352,0.927,0.136,0.014,17.1,13.2,0,-9.52,0.920,17.3,89.4,0.000,33.5,23.6,21.0,19.2,18.2,17.7,17.4,17.2,17.1,16.9,16.8,16.6,16.4,16.2,15.7,14.9,13.6,12.1,8.5
3245,66.142,0.000,3255.0,95.2,-2.8,2,10407,0.000,0.164,1.000,0.132,0.025,16.8,20.3,0,-9.62,0.920,17.2,88.7,0.000,33.3,23.3,20.7,18.9,17.9,17.4,17.2,17.0,16.8,16.7,16.5,16.4,16.1,15.9,15.5,14.7,13.4,11.9,8.4
3246,66.164,0.000,3255.6,94.0,-3.3,1,13964,0.000,0.151,1.000,0.125,0.035,16.6,21.6,0,-9.73,0.920,17.2,88.0,0.000,33.1,23.0,20.4,18.7,17.7,17.2,16.9,16.7,16.6,16.4,16.3,16.1,15.9,15.7,15.3,14.5,13.2,11.8,8.3
3247,66.186,0.000,3256.2,93.1,-3.7,1,13907,0.000,0.144,1.000,0.118,0.045,16.3,20.4,0,-9.85,0.866,17.1,87.3,0.000,32.9,22.7,20.1,18.4,17.4,16.9,16.7,16.5,16.3,16.2,16.0,15.9,15.7,15.5,15.0,14.2,13.0,11.6,8.2
3248,66.208,0.000,3256.7,92.1,-4.1,1,13646,0.000,0.156,1.000,0.109,0.054,16.1,14.4,0,-9.98,0.781,16.1,85.8,0.000,32.7,22.5,19.9,18.2,17.2,16.7,16.5,16.2,16.1,15.9,15.8,15.7,15.5,15.2,14.8,14.0,12.8,11.4,8.1
3249,66.230,0.000,3257.3,90.9,-4.6,1,13279,0.000,0.180,1.000,0.099,0.063,15.9,11.8,0,-10.12,0.705,15.9,83.7,0.000,32.6,22.2,19.6,17.9,16.9,16.5,16.2,16.0,15.9,15.7,15.6,15.4,15.2,15.0,14.6,13.8,12.7,11.3,8.0
3250,66.252,0.000,3257.9,89.7,-5.2,1,12970,0.000,0.199,1.000,0.088,0.069,15.7,11.6,0,-10.27,0.637,15.7,81.8,0.000,32.5,22.0,19.4,17.7,16.7,16.3,16.0,15.8,15.7,15.5,15.4,15.2,15.0,14.8,14.4,13.6,12.5,11.1,7.9
3251,66.274,0.000,3258.4,88.5,-5.8,1,12670,0.000,0.207,1.000,0.076,0.075,15.5,12.1,0,-10.43,0.575,15.5,80.2,0.000,32.5,21.8,19.2,17.5,16.5,16.1,15.8,15.6,15.5,15.3,15.2,15.0,14.9,14.6,14.2,13.5,12.3,11.0,7.8
3252,66.296,0.000,3259.0,87.1,-6.5,1,12386,0.000,0.203,1.000,0.063,0.078,15.3,12.5,0,-10.61,0.519,15.3,79.0,0.000,32.5,21.6,19.0,17.3,16.4,15.9,15.7,15.5,15.3,15.2,15.0,14.9,14.7,14.5,14.1,13.3,12.2,10.8,7.7
3253,66.318,0.000,3259.5,85.8,-7.3,1,12125,0.000,0.183,1.000,0.048,0.080,15.2,12.3,0,-10.81,0.470,15.2,78.5,0.000,32.6,21.5,18.9,17.2,16.2,15.8,15.5,15.3,15.2,15.0,14.9,14.7,14.5,14.3,13.9,13.2,12.0,10.7,7.6
3254,66.340,0.000,3260.0,84.4,-8.1,1,11907,0.000,0.158,1.000,0.033,0.080,15.0,11.2,0,-11.03,0.470,15.0,78.1,0.000,32.8,21.4,18.8,17.1,16.1,15.6,15.4,15.2,15.0,14.9,14.7,14.6,14.4,14.2,13.8,13.0,11.9,10.5,7.5
3255,66.362,0.000,3260.5,83.1,-8.9,1,11724,0.000,0.127,1.000,0.018,0.079,14.9,9.5,0,-11.27,0.470,14.9,78.0,0.000,33.0,21.3,18.7,17.0,16.0,15.5,15.3,15.1,14.9,14.8,14.6,14.5,14.3,14.1,13.7,12.9,11.8,10.4,7.4
3256,66.384,0.000,3261.0,81.8,-9.7,1,11575,0.000,0.094,1.000,0.002,0.076,14.8,7.3,0,-11.53,0.470,14.8,78.0,0.000,33.4,21.3,18.6,16.9,15.9,15.4,15.2,15.0,14.8,14.7,14.5,14.4,14.2,14.0,13.6,12.8,11.7,10.3,7.3
3257,66.406,0.000,3261.5,80.5,-10.5,1,11455,0.000,0.063,1.000,-0.015,0.072,14.8,4.8,0,-11.83,0.470,14.8,78.0,-0.007,33.8,21.3,18.6,16.8,15.8,15.4,15.1,14.9,14.8,14.6,14.5,14.3,14.1,13.9,13.5,12.7,11.6,10.2,7.2
3258,66.428,0.000,3262.0,79.3,-11.3,1,11352,0.000,0.067,1.000,-0.032,0.067,14.7,2.3,0,-12.17,0.470,14.7,78.0,-0.012,34.4,21.3,18.6,16.8,15.8,15.3,15.1,14.9,14.7,14.6,14.4,14.3,14.1,13.9,13.4,12.7,11.5,10.1,7.1
3259,66.450,0.000,3262.5,78.2,-12.1,1,11198,0.000,0.010,1.000,-0.049,0.061,14.7,1.2,0,-12.55,0.470,14.7,78.0,-0.015,35.1,21.4,18.6,16.8,15.8,15.3,15.1,14.9,14.7,14.5,14.4,14.3,14.0,13.8,13.4,12.6,11.4,10.1,7.0
3260,66.472,0.000,3262.9,77.1,-12.9,1,11143,0.063,0.000,1.000,-0.066,0.054,14.7,-1.4,0,-12.98,0.470,14.7,78.0,0.073,36.0,21.5,18.7,16.8,15.8,15.3,15.1,14.9,14.7,14.5,14.4,14.2,14.0,13.8,13.4,12.6,11.4,10.0,6.9
3261,66.494,0.000,3263.4,76.1,-13.7,1,11142,0.082,0.000,0.988,-0.084,0.046,14.7,-0.3,0,-13.47,0.470,15.6,79.6,0.090,37.1,21.6,18.8,16.9,15.9,15.4,15.1,14.9,14.7,14.6,14.4,14.3,14.0,13.8,13.4,12.6,11.4,10.0,6.8
3262,66.516,0.000,3263.8,75.2,-14.5,1,11160,0.107,0.000,0.974,-0.102,0.037,14.7,1.0,0,-14.04,0.470,15.4,79.2,0.114,38.3,21.7,18.9,17.0,15.9,15.4,15.1,14.9,14.7,14.6,14.4,14.3,14.1,13.8,13.4,12.6,11.3,9.9,6.8
3263,66.538,0.000,3264.3,74.4,-15.2,1,11195,0.129,0.000,0.962,-0.119,0.028,14.8,2.9,0,-14.68,0.470,15.3,78.8,0.135,39.8,21.9,19.0,17.0,16.0,15.4,15.2,14.9,14.8,14.6,14.5,14.3,14.1,13.8,13.4,12.6,11.3,9.9,6.7
3264,66.560,0.000,3264.7,73.6,-15.9,1,11241,0.143,0.000,0.953,-0.137,0.019,14.8,4.9,0,-15.41,0.470,15.2,78.5,0.148,41.5,22.0,19.1,17.1,16.0,15.5,15.2,15.0,14.8,14.6,14.5,14.3,14.1,13.8,13.4,12.5,11.3,9.8,6.6
3265,66.582,0.000,3265.1,72.9,-16.5,1,11291,0.146,0.000,0.950,-0.155,0.010,14.8,6.7,0,-16.25,0.470,15.0,78.1,0.149,43.4,22.2,19.2,17.2,16.1,15.5,15.2,15.0,14.8,14.7,14.5,14.3,14.1,13.9,13.4,12.5,11.2,9.8,6.5
3266,66.604,0.000,3265.5,72.2,-17.0,1,11336,0.134,0.000,0.953,-0.172,0.002,14.9,7.9,0,-17.19,0.470,14.9,78.0,0.136,45.7,22.3,19.3,17.2,16.1,15.6,15.3,15.0,14.9,14.7,14.5,14.4,14.1,13.9,13.4,12.5,11.2,9.7,6.4
3267,66.626,0.000,3266.0,71.5,-17.5,1,11361,0.105,0.000,0.963,-0.190,-0.006,14.9,8.2,0,-18.27,0.470,14.9,78.0,0.107,48.2,22.4,19.3,17.3,16.1,15.6,15.3,15.0,14.9,14.7,14.5,14.4,14.1,13.9,13.4,12.5,11.2,9.6,6.3
3268,66.648,0.000,3266.4,70.8,-17.9,1,11351,0.058,0.000,0.981,-0.207,-0.013,14.9,7.3,0,-19.50,0.470,14.9,78.0,0.060,51.3,22.5,19.4,17.3,16.2,15.6,15.3,15.1,14.9,14.7,14.5,14.4,14.1,13.9,13.4,12.5,11.1,9.6,6.2
3269,66.670,0.000,3266.8,70.1,-18.2,1,11288,0.007,0.000,1.000,-0.225,-0.020,14.9,5.0,0,-20.91,0.470,14.9,78.0,0.008,54.9,22.7,19.5,17.4,16.2,15.6,15.3,15.1,14.9,14.7,14.5,14.4,14.1,13.9,13.4,12.4,11.1,9.5,6.1
3270,66.692,0.000,3267.2,69.3,-18.5,1,11164,0.003,0.000,1.000,-0.242,-0.027,14.9,1.7,0,-22.53,0.470,14.9,78.0,0.005,59.2,22.8,19.6,17.4,16.2,15.6,15.3,15.1,14.9,14.7,14.5,14.4,14.1,13.8,13.3,12.4,11.0,9.4,6.0
3271,66.714,0.000,3267.6,68.4,-18.7,1,11008,0.000,0.000,1.000,-0.259,-0.035,14.9,-0.2,0,-24.41,0.470,14.9,78.0,0.001,64.8,22.9,19.7,17.5,16.3,15.7,15.4,15.1,14.9,14.7,14.5,14.4,14.1,13.8,13.3,12.4,11.0,9.4,5.9
3272,66.736,0.000,3267.9,67.4,-19.0,1,10838,0.000,0.000,1.000,-0.275,-0.043,14.9,-1.3,0,-26.63,0.466,14.9,78.0,0.000,72.2,23.1,19.8,17.6,16.3,15.7,15.4,15.1,14.9,14.8,14.6,14.4,14.1,13.9,13.3,12.4,10.9,9.3,5.9
3273,66.758,0.000,3268.3,66.5,-19.2,1,9702,0.000,0.000,1.000,-0.292,-0.051,15.0,-1.1,0,-29.25,0.457,15.0,78.0,0.000,82.4,23.3,19.9,17.7,16.4,15.8,15.5,15.2,15.0,14.8,14.6,14.4,14.2,13.9,13.4,12.4,10.9,9.3,5.8
3274,66.780,0.000,3268.7,65.5,-19.5,1,9574,0.000,0.000,1.000,-0.308,-0.061,15.1,-0.7,0,-32.32,0.444,15.1,78.2,0.000,97.5,23.7,20.1,17.8,16.5,15.9,15.6,15.3,15.1,14.9,14.7,14.5,14.2,14.0,13.4,12.4,10.9,9.2,5.7
3275,66.802,0.000,3269.1,64.5,-19.7,1,9444,0.000,0.000,1.000,-0.323,-0.071,15.2,-0.4,0,-35.81,0.426,15.2,78.5,0.000,122.0,24.1,20.2,17.9,16.6,16.0,15.7,15.4,15.2,15.0,14.8,14.6,14.3,14.0,13.5,12.5,10.9,9.2,5.6
3276,66.824,0.000,3269.4,63.5,-20.0,1,9314,0.000,0.000,1.000,-0.339,-0.082,15.3,-0.1,0,-39.49,0.403,15.3,78.9,0.000,167.7,24.6,20.5,18.1,16.8,16.1,15.8,15.5,15.3,15.1,14.9,14.7,14.4,14.1,13.6,12.5,11.0,9.2,5.6
3277,66.846,0.000,3269.8,62.5,-20.3,1,9187,0.000,0.000,1.000,-0.353,-0.094,15.5,0.3,0,-40.89,0.376,15.5,79.3,0.000,200.0,25.2,20.7,18.3,17.0,16.3,16.0,15.7,15.5,15.3,15.1,14.9,14.6,14.3,13.7,12.6,11.0,9.2,5.5
3278,66.868,0.000,3270.1,61.5,-20.5,1,9061,0.000,0.000,1.000,-0.368,-0.107,15.7,0.7,0,-40.80,0.346,15.7,79.8,0.000,200.0,26.0,21.0,18.6,17.2,16.5,16.2,15.9,15.7,15.4,15.2,15.0,14.7,14.4,13.8,12.7,11.1,9.2,5.4
3279,66.890,0.000,3270.5,60.5,-20.8,1,8935,0.080,0.000,0.800,-0.382,-0.120,15.9,1.1,0,-11.69,0.312,15.9,80.4,0.080,33.6,26.9,21.4,18.8,17.4,16.7,16.4,16.1,15.9,15.6,15.4,15.2,14.9,14.6,14.0,12.9,11.2,9.3,5.4
3280,66.912,0.000,3270.8,59.5,-21.0,1,8952,0.130,0.000,0.600,-0.395,-0.134,16.1,3.7,0,-6.87,0.275,16.1,81.0,0.130,19.7,28.1,21.9,19.1,17.7,17.0,16.6,16.3,16.1,15.9,15.6,15.4,15.1,14.8,14.2,13.0,11.3,9.3,5.4
3281,66.934,0.000,3271.1,58.6,-21.2,2,8704,0.180,0.000,0.400,-0.408,-0.147,16.3,5.6,0,-6.05,0.236,16.3,81.7,0.180,16.3,29.4,22.5,19.4,18.0,17.3,16.9,16.6,16.3,16.1,15.9,15.7,15.4,15.0,14.4,13.2,11.4,9.4,5.3
3282,66.956,0.000,3271.5,57.8,-21.3,2,8521,0.230,0.000,0.200,-0.421,-0.161,16.6,7.1,0,-5.89,0.196,16.6,82.4,0.230,14.9,31.1,23.2,19.8,18.3,17.5,17.2,16.8,16.6,16.4,16.1,15.9,15.6,15.3,14.6,13.4,11.6,9.5,5.3
3283,66.978,0.000,3271.8,57.2,-21.5,2,8394,0.280,0.000,0.000,-0.432,-0.175,16.9,8.4,0,-5.97,0.157,16.9,83.2,0.280,14.2,33.1,24.0,20.2,18.6,17.8,17.4,17.1,16.9,16.6,16.4,16.2,15.9,15.5,14.8,13.6,11.7,9.6,5.3
3284,67.000,0.000,3272.1,56.7,-21.6,2,8318,0.330,0.000,-0.200,-0.444,-0.188,17.1,9.6,0,-6.18,0.138,17.1,84.2,0.330,13.7,35.6,25.0,20.8,18.9,18.1,17.7,17.4,17.1,16.9,16.7,16.4,16.1,15.7,15.1,13.8,11.9,9.7,5.2
3285,67.022,0.000,3272.4,56.3,-21.7,2,8285,0.319,0.000,-0.315,-0.454,-0.201,17.4,11.1,0,-6.49,0.131,17.4,85.0,0.380,13.4,38.5,26.1,21.3,19.3,18.4,18.0,17.6,17.4,17.2,16.9,16.7,16.4,16.0,15.3,14.0,12.0,9.8,5.2
3286,67.044,0.000,3272.7,56.1,-21.7,2,8265,0.342,0.000,-0.337,-0.464,-0.212,17.6,11.3,0,-6.91,0.116,17.6,85.8,0.430,13.1,42.1,27.3,21.9,19.7,18.8,18.3,17.9,17.6,17.4,17.2,16.9,16.6,16.2,15.5,14.2,12.2,9.8,5.2
3287,67.066,0.000,3273.1,55.9,-21.6,2,8261,0.320,0.000,-0.347,-0.474,-0.221,17.9,12.2,0,-7.45,0.100,17.9,86.6,0.480,13.0,46.4,28.5,22.6,20.1,19.1,18.6,18.2,17.9,17.6,17.4,17.1,16.8,16.4,15.7,14.3,12.3,9.9,5.2
3288,67.088,0.000,3273.4,55.8,-21.5,2,8252,0.395,0.000,-0.344,-0.482,-0.229,18.1,11.9,0,-8.09,0.085,18.1,87.3,0.530,12.8,51.4,29.9,23.2,20.5,19.4,18.8,18.4,18.1,17.8,17.5,17.3,16.9,16.5,15.8,14.4,12.3,9.9,5.1
3289,67.110,0.000,3273.7,55.8,-21.2,2,8274,0.291,0.000,-0.328,-0.490,-0.234,18.3,13.8,0,-8.84,0.072,18.3,88.4,0.580,12.8,57.5,31.3,23.8,20.9,19.7,19.1,18.6,18.3,18.0,17.7,17.4,17.0,16.6,15.9,14.5,12.4,9.9,5.1
3290,67.132,0.000,3274.0,55.8,-20.8,2,8259,0.398,0.000,-0.298,-0.498,-0.238,18.5,11.7,0,-9.72,0.060,18.5,89.5,0.630,12.8,64.8,32.8,24.4,21.2,19.9,19.3,18.8,18.5,18.1,17.8,17.5,17.1,16.7,15.9,14.5,12.4,9.9,5.0
3291,67.154,0.000,3274.3,55.9,-20.4,2,8278,0.409,0.000,-0.255,-0.505,-0.239,18.6,13.6,0,-10.71,0.051,18.6,90.1,0.680,12.8,74.0,34.3,25.0,21.5,20.1,19.5,18.9,18.6,18.2,17.9,17.6,17.2,16.7,15.9,14.5,12.4,9.9,5.0
3292,67.176,0.000,3274.6,56.1,-19.8,2,8311,0.351,0.000,-0.202,-0.511,-0.240,18.7,15.1,0,-11.84,0.041,18.7,90.5,0.730,12.9,85.8,35.9,25.5,21.8,20.3,19.6,19.1,18.7,18.3,18.0,17.6,17.2,16.7,15.9,14.4,12.3,9.8,4.9
3293,67.198,0.000,3274.9,56.2,-19.2,2,8324,0.476,0.000,-0.139,-0.517,-0.240,18.8,14.2,0,-13.13,0.033,18.8,90.9,0.780,12.9,102.3,37.6,26.1,22.1,20.5,19.8,19.2,18.8,18.4,18.0,17.7,17.2,16.7,15.8,14.4,12.2,9.7,4.9
3294,67.220,0.000,3275.2,56.5,-18.6,2,8382,0.349,0.000,-0.066,-0.522,-0.238,18.9,17.5,0,-14.54,0.026,18.9,92.3,0.830,13.0,126.5,39.5,26.6,22.3,20.7,19.9,19.3,18.9,18.5,18.1,17.7,17.2,16.7,15.8,14.3,12.1,9.7,4.8
3295,67.242,0.000,3275.5,56.7,-17.9,2,8398,0.495,0.000,0.013,-0.527,-0.236,18.9,15.6,0,-16.03,0.021,18.9,93.7,0.880,13.1,166.7,41.6,27.2,22.6,20.9,20.0,19.4,18.9,18.5,18.1,17.7,17.2,16.7,15.7,14.2,12.0,9.6,4.8
3296,67.264,0.000,3275.8,56.9,-17.2,2,8462,0.424,0.000,0.070,-0.531,-0.234,19.0,19.0,0,-16.77,0.017,19.0,94.1,0.930,13.3,200.0,43.9,27.8,22.9,21.0,20.2,19.5,19.0,18.6,18.1,17.7,17.2,16.6,15.7,14.1,11.9,9.5,4.7
3297,67.286,0.000,3276.2,57.2,-16.4,2,8507,0.526,0.000,0.102,-0.534,-0.230,19.1,18.8,0,-16.73,0.014,19.1,94.6,0.980,13.4,200.0,46.7,28.5,23.2,21.2,20.3,19.6,19.1,18.6,18.2,17.8,17.2,16.6,15.6,14.0,11.8,9.4,4.7
3298,67.308,0.000,3276.5,57.6,-15.7,2,8591,0.347,0.000,0.135,-0.537,-0.227,19.2,21.8,0,-16.69,0.011,19.2,95.4,1.000,13.5,200.0,50.0,29.3,23.5,21.4,20.5,19.7,19.2,18.7,18.2,17.8,17.2,16.6,15.6,13.9,11.7,9.3,4.6
3299,67.330,0.000,3276.8,57.9,-15.0,2,8604,0.478,0.000,0.169,-0.539,-0.223,19.3,17.6,0,-16.63,0.009,19.3,99.7,1.000,13.6,200.0,54.0,30.1,23.9,21.7,20.6,19.8,19.3,18.8,18.3,17.8,17.2,16.6,15.5,13.8,11.6,9.2,4.6
3300,67.352,0.000,3277.1,58.2,-14.2,2,8648,0.582,0.000,0.205,-0.540,-0.218,19.4,19.0,0,-16.55,0.007,19.4,102.2,1.000,13.7,200.0,59.0,31.1,24.3,21.9,20.8,20.0,19.4,18.9,18.4,17.9,17.3,16.6,15.5,13.7,11.5,9.1,4.6
3301,67.374,0.000,3277.4,58.6,-13.5,2,8746,0.323,0.000,0.217,-0.541,-0.214,19.6,23.2,0,-15.78,0.006,19.6,104.0,1.000,13.8,171.7,65.3,32.2,24.8,22.2,21.1,20.2,19.6,19.0,18.5,18.0,17.3,16.6,15.5,13.6,11.4,9.0,4.5
3302,67.396,0.000,3277.7,58.9,-12.8,2,8743,0.459,0.000,0.202,-0.542,-0.209,19.8,17.0,0,-14.25,0.004,19.8,108.8,1.000,13.8,133.0,74.0,33.6,25.3,22.6,21.4,20.4,19.8,19.2,18.6,18.1,17.4,16.7,15.5,13.5,11.3,8.9,4.5
3303,67.418,0.000,3278.0,59.3,-12.1,2,8765,0.567,0.000,0.198,-0.542,-0.204,20.0,17.0,0,-12.98,0.004,20.0,114.2,1.000,13.9,110.1,86.0,35.1,26.0,23.0,21.7,20.7,20.0,19.3,18.8,18.2,17.5,16.7,15.5,13.5,11.2,8.9,4.5
3304,67.440,0.000,3278.3,59.7,-11.3,2,8839,0.654,0.000,0.197,-0.541,-0.199,20.2,20.2,0,-12.05,0.003,20.2,120.2,1.000,13.9,94.7,103.8,37.0,26.7,23.5,22.1,21.0,20.2,19.6,19.0,18.4,17.6,16.8,15.5,13.5,11.1,8.8,4.5
3305,67.462,0.000,3278.7,60.1,-10.7,2,8972,0.360,0.000,0.200,-0.541,-0.194,20.6,25.0,0,-11.50,0.002,20.6,127.1,1.000,13.9,83.1,135.0,39.3,27.7,24.1,22.6,21.4,20.6,19.9,19.2,18.6,17.8,17.0,15.6,13.4,11.0,8.7,4.4
3306,67.484,0.000,3279.0,60.6,-10.2,2,8989,0.488,0.000,0.217,-0.539,-0.190,21.1,17.7,0,-11.43,0.002,21.1,118.2,1.000,13.9,73.7,200.0,42.6,28.9,25.0,23.3,22.0,21.1,20.3,19.6,18.9,18.1,17.2,15.7,13.5,10.9,8.7,4.4
3307,67.506,0.000,3279.3,61.0,-9.6,2,9022,0.591,0.000,0.227,-0.538,-0.186,21.7,17.0,0,-11.19,0.001,21.7,116.8,1.000,13.9,66.5,200.0,46.9,30.5,26.0,24.1,22.7,21.7,20.9,20.1,19.4,18.4,17.5,15.9,13.6,10.9,8.6,4.4
3308,67.528,0.000,3279.6,61.5,-9.0,2,9103,0.673,0.000,0.239,-0.535,-0.181,22.5,19.9,0,-10.96,0.001,22.5,121.2,1.000,13.9,60.7,200.0,52.5,32.4,27.2,25.1,23.5,22.5,21.5,20.7,19.9,18.9,17.8,16.2,13.7,10.9,8.6,4.4
3309,67.550,0.000,3279.9,62.1,-8.5,2,9240,0.481,0.000,0.248,-0.533,-0.177,23.4,24.7,0,-10.70,0.001,23.4,126.9,1.000,13.8,55.7,200.0,60.9,34.9,28.8,26.4,24.6,23.4,22.4,21.4,20.5,19.4,18.3,16.5,13.8,10.9,8.5,4.4
3310,67.572,0.000,3280.3,62.6,-8.2,2,9308,0.585,0.000,0.249,-0.530,-0.174,24.7,20.9,0,-10.37,0.001,24.7,134.8,1.000,13.7,51.2,200.0,74.6,38.5,31.0,28.1,26.0,24.7,23.5,22.4,21.4,20.2,18.9,16.9,14.1,11.0,8.5,4.4
3311,67.594,0.000,3280.6,63.2,-7.9,2,9401,0.668,0.000,0.228,-0.527,-0.171,26.4,21.9,0,-9.44,0.001,26.4,145.9,1.000,13.6,47.3,170.3,99.8,43.6,34.0,30.5,27.9,26.4,25.0,23.7,22.6,21.1,19.7,17.5,14.4,11.1,8.5,4.5
3312,67.616,0.000,3280.9,63.7,-7.6,2,9542,0.571,0.000,0.179,-0.524,-0.169,28.6,25.7,0,-7.84,0.000,28.6,134.1,1.000,13.5,43.9,128.7,160.3,51.2,38.2,33.7,30.5,28.6,26.9,25.4,24.1,22.4,20.8,18.3,14.8,11.3,8.5,4.5
3313,67.638,0.000,3281.3,64.3,-7.5,2,9652,0.657,0.000,0.152,-0.521,-0.168,31.7,24.4,0,-6.95,0.000,31.7,197.3,1.000,13.4,40.7,102.7,200.0,64.0,44.6,38.4,34.2,31.7,29.6,27.8,26.1,24.1,22.2,19.3,15.4,11.5,8.6,4.5
3314,67.660,0.000,3281.6,64.9,-7.5,2,9793,0.596,0.000,0.128,-0.518,-0.168,36.2,26.7,0,-6.24,0.000,36.2,176.0,1.000,13.2,37.9,85.0,200.0,88.4,54.6,45.4,39.6,36.2,33.4,31.0,28.9,26.5,24.1,20.7,16.1,11.8,8.7,4.5
3315,67.682,0.000,3281.9,65.6,-7.6,2,9912,0.677,0.000,0.095,-0.514,-0.168,43.0,26.0,0,-5.34,0.000,43.0,174.8,1.000,13.1,35.4,72.4,200.0,152.1,72.8,57.0,47.9,43.0,39.0,35.7,32.9,29.7,26.7,22.4,17.0,12.2,8.9,4.5
3316,67.704,0.000,3282.3,66.2,-7.7,2,10063,0.553,0.000,0.060,-0.511,-0.168,53.9,28.7,0,-4.40,0.000,53.9,354.3,1.000,12.9,33.2,62.9,179.2,200.0,113.5,78.6,62.0,53.9,47.6,42.7,38.7,34.2,30.2,24.7,18.2,12.7,9.0,4.6
3317,67.726,0.000,3282.7,66.8,-7.9,2,10160,0.642,0.000,0.014,-0.507,-0.168,73.6,25.7,0,-3.17,0.000,73.6,294.3,1.000,12.8,31.3,55.7,129.1,200.0,200.0,131.6,90.2,73.6,62.2,53.9,47.5,40.8,35.1,27.8,19.7,13.3,9.2,4.6
3318,67.748,0.000,3283.0,67.5,-8.1,2,10280,0.714,0.000,-0.014,-0.504,-0.167,117.4,26.8,0,-2.32,0.000,117.4,376.5,1.000,12.6,29.6,50.2,101.9,200.0,200.0,200.0,167.3,117.4,90.4,73.5,61.9,50.8,42.1,31.9,21.5,14.0,9.5,4.6
3319,67.770,0.000,3283.4,68.1,-8.2,2,10440,0.450,0.000,-0.033,-0.501,-0.165,200.0,30.5,0,-1.56,0.000,200.0,376.5,1.000,12.5,28.2,46.0,85.0,175.1,200.0,200.0,200.0,200.0,164.3,115.3,88.8,67.2,52.6,37.3,23.7,14.8,9.8,4.7
3320,67.792,0.000,3283.7,68.8,-8.4,2,10479,0.560,0.000,-0.233,-0.498,-0.162,200.0,22.7,0,-0.93,0.000,200.0,376.5,1.000,12.3,27.0,42.6,73.6,131.8,200.0,200.0,200.0,200.0,200.0,200.0,155.5,98.8,69.8,45.0,26.3,15.6,10.1,4.7
3321,67.814,0.000,3284.1,69.5,-8.7,2,10523,0.648,0.000,-0.388,-0.495,-0.156,200.0,20.4,0,-0.51,0.000,200.0,376.5,1.000,12.2,26.1,40.3,66.6,110.4,164.9,200.0,200.0,200.0,200.0,200.0,200.0,160.9,95.3,54.0,29.0,16.4,10.3,4.7
3322,67.836,0.000,3284.5,70.1,-8.8,2,10601,0.718,0.000,-0.368,-0.493,-0.141,200.0,21.4,0,-0.33,0.000,200.0,376.5,1.000,12.2,25.9,39.5,64.4,104.2,150.9,198.4,200.0,200.0,200.0,200.0,200.0,200.0,110.8,58.2,29.9,16.6,10.3,4.6
3323,67.858,0.000,3284.8,71.0,-8.2,2,10719,0.715,0.000,-0.297,-0.493,-0.119,200.0,23.6,0,-0.41,0.000,200.0,376.5,1.000,12.3,26.2,40.1,65.7,107.2,156.9,200.0,200.0,200.0,200.0,200.0,200.0,186.4,102.3,55.5,29.0,16.2,10.1,4.5
3324,67.880,0.000,3285.2,71.9,-7.3,2,10847,0.772,0.000,-0.201,-0.493,-0.094,200.0,24.6,0,-0.60,0.000,200.0,376.5,1.000,12.5,26.7,41.2,68.4,114.3,172.4,200.0,200.0,200.0,200.0,200.0,200.0,143.4,87.4,50.5,27.4,15.6,9.8,4.5
3325,67.902,0.000,3285.6,72.9,-6.3,2,11006,0.818,0.000,-0.101,-0.493,-0.069,200.0,27.4,0,-0.75,0.000,200.0,376.2,1.000,12.6,27.1,42.3,71.3,122.3,190.8,200.0,200.0,200.0,200.0,200.0,200.0,116.2,76.2,46.3,26.0,15.1,9.6,4.4
3326,67.924,0.000,3286.0,73.9,-5.3,2,11201,0.854,0.000,-0.003,-0.495,-0.044,200.0,31.5,0,-0.89,0.000,200.0,375.6,1.000,12.7,27.5,43.1,73.6,128.8,200.0,200.0,200.0,200.0,200.0,200.0,172.3,102.0,69.5,43.6,25.0,14.7,9.4,4.3
3327,67.946,0.000,3286.4,74.9,-4.6,2,11433,0.883,0.000,0.085,-0.498,-0.022,200.0,36.7,0,-0.94,0.000,200.0,375.1,1.000,12.7,27.7,43.5,74.5,131.2,200.0,200.0,200.0,200.0,200.0,200.0,161.0,97.5,67.2,42.5,24.5,14.4,9.2,4.3
3328,67.968,0.000,3286.8,75.9,-4.1,2,11704,0.907,0.000,0.159,-0.501,-0.003,200.0,42.9,0,-0.88,0.000,200.0,374.8,1.000,12.7,27.6,43.2,73.5,127.8,200.0,200.0,200.0,200.0,200.0,200.0,178.6,103.3,69.7,43.3,24.7,14.4,9.2,4.2
3329,67.990,0.000,3287.2,76.9,-3.8,2,12016,0.925,0.000,0.123,-0.505,-0.006,200.0,49.8,0,-0.69,0.000,200.0,375.0,1.000,12.7,27.2,42.2,70.4,118.6,180.6,200.0,200.0,200.0,200.0,200.0,200.0,127.6,79.8,46.9,25.7,14.7,9.3,4.2
3330,68.012,0.000,3287.7,77.8,-3.8,2,12366,0.940,0.000,0.055,-0.508,-0.016,200.0,56.8,0,-0.36,0.000,200.0,375.3,1.000,12.6,26.6,40.5,65.8,105.8,152.3,199.0,200.0,200.0,200.0,200.0,200.0,200.0,106.1,54.7,27.8,15.3,9.5,4.2
3331,68.034,0.000,3288.2,78.8,-4.2,2,12759,0.952,0.000,-0.026,-0.510,-0.028,200.0,64.2,0,0.02,0.000,200.0,375.6,1.000,12.5,25.8,38.5,60.6,92.9,126.8,157.6,200.0,200.0,200.0,200.0,200.0,200.0,186.3,70.1,31.2,16.3,9.8,4.3
3332,68.056,0.000,3288.7,79.6,-4.9,2,13233,0.000,0.000,-0.104,-0.512,-0.040,200.0,76.4,0,0.32,0.000,200.0,374.5,1.000,12.3,25.0,36.7,56.1,82.5,108.1,129.6,157.0,184.9,200.0,200.0,200.0,200.0,200.0,99.4,35.8,17.4,10.2,4.3
3333,68.078,0.000,3289.2,80.4,-5.7,2,13186,0.079,0.000,-0.175,-0.514,-0.051,200.0,42.7,0,0.67,0.000,200.0,374.3,1.000,12.2,24.3,35.3,52.7,75.3,96.1,112.6,132.7,152.0,178.0,200.0,200.0,200.0,200.0,155.5,41.0,18.5,10.5,4.4
3334,68.100,0.000,3289.7,81.2,-6.0,2,12921,0.263,0.000,-0.222,-0.515,-0.058,186.4,12.9,0,0.96,0.000,186.4,374.5,1.000,12.2,24.0,34.5,50.9,71.6,90.0,104.4,121.4,137.3,158.2,186.4,200.0,200.0,200.0,200.0,45.0,19.2,10.7,4.4
3335,68.122,0.000,3290.2,81.9,-5.5,2,12592,0.411,0.000,-0.225,-0.516,-0.057,188.0,-1.2,0,0.95,0.000,188.0,374.9,1.000,12.2,24.0,34.5,51.0,71.9,90.4,104.9,122.1,138.2,159.3,188.0,200.0,200.0,200.0,200.0,44.7,19.1,10.7,4.4
3336,68.144,0.000,3290.7,82.3,-4.3,2,12325,0.528,0.000,-0.184,-0.517,-0.050,200.0,-1.5,0,0.62,0.000,200.0,375.5,1.000,12.3,24.4,35.5,53.1,76.0,97.2,114.1,134.7,154.6,181.5,200.0,200.0,200.0,200.0,147.6,40.3,18.3,10.4,4.3
3337,68.166,0.000,3291.2,82.9,-3.1,2,12149,0.623,0.000,-0.132,-0.517,-0.041,200.0,0.5,0,0.32,0.000,200.0,376.0,1.000,12.4,25.0,36.8,56.2,82.6,108.2,129.6,156.8,184.6,200.0,200.0,200.0,200.0,200.0,99.3,35.6,17.3,10.1,4.3
3338,68.188,0.000,3291.7,83.6,-2.1,2,12055,0.698,0.000,-0.085,-0.516,-0.032,200.0,3.2,0,0.13,0.000,200.0,375.9,1.000,12.5,25.6,38.1,59.4,89.8,121.0,148.5,185.5,200.0,200.0,200.0,200.0,200.0,200.0,76.0,32.1,16.4,9.8,4.2
3339,68.210,0.000,3292.2,84.4,-1.3,2,12031,0.759,0.000,-0.045,-0.515,-0.024,200.0,6.2,0,-0.13,0.000,200.0,375.6,1.000,12.6,26.1,39.2,62.3,96.7,133.8,168.3,200.0,200.0,200.0,200.0,200.0,200.0,151.1,64.0,29.8,15.8,9.6,4.2
3340,68.232,0.000,3292.7,85.2,-0.7,2,12068,0.807,0.000,-0.017,-0.514,-0.019,200.0,9.6,0,-0.28,0.000,200.0,375.4,1.000,12.6,26.4,40.1,64.5,102.2,144.7,186.0,200.0,200.0,200.0,200.0,200.0,200.0,119.3,57.6,28.3,15.4,9.5,4.2
3341,68.254,0.000,3293.2,86.2,-0.3,2,12158,0.845,0.000,-0.000,-0.513,-0.016,200.0,13.4,0,-0.37,0.000,200.0,375.4,1.000,12.6,26.7,40.6,66.0,106.1,152.6,199.4,200.0,200.0,200.0,200.0,200.0,200.0,105.3,54.2,27.5,15.2,9.4,4.2
3342,68.276,0.000,3293.8,87.1,-0.1,2,12297,0.876,0.000,0.009,-0.512,-0.014,200.0,17.5,0,-0.43,0.000,200.0,375.5,1.000,12.7,26.8,40.9,66.8,108.3,157.3,200.0,200.0,200.0,200.0,200.0,200.0,187.6,99.0,52.5,27.1,15.1,9.4,4.2
3343,68.298,0.000,3294.3,88.1,0.1,2,12480,0.901,0.000,0.012,-0.511,-0.013,200.0,22.5,0,-0.46,0.000,200.0,375.4,1.000,12.7,26.8,41.0,67.1,109.2,159.2,200.0,200.0,200.0,200.0,200.0,200.0,179.5,96.8,52.0,27.0,15.1,9.4,4.2
3344,68.320,0.000,3294.8,89.1,0.1,2,12721,0.921,0.000,0.010,-0.510,-0.013,200.0,30.7,0,-0.46,0.000,200.0,374.6,1.000,12.6,26.8,41.0,67.1,109.1,159.2,200.0,200.0,200.0,200.0,200.0,200.0,179.7,97.0,52.1,27.1,15.1,9.4,4.2
3345,68.342,0.000,3295.4,90.0,0.1,2,13019,0.937,0.000,0.007,-0.508,-0.014,200.0,38.3,0,-0.44,0.000,200.0,374.4,1.000,12.6,26.7,40.9,66.8,108.6,158.1,200.0,200.0,200.0,200.0,200.0,200.0,184.1,98.4,52.6,27.2,15.2,9.4,4.2
3346,68.364,0.000,3295.9,91.0,0.1,2,13367,0.949,0.000,0.003,-0.507,-0.014,200.0,45.8,0,-0.42,0.000,200.0,374.5,1.000,12.6,26.7,40.8,66.5,107.9,156.7,200.0,200.0,200.0,200.0,200.0,200.0,190.1,100.2,53.1,27.4,15.2,9.5,4.2
3347,68.386,0.000,3296.5,92.1,0.0,2,13770,0.959,0.000,-0.001,-0.506,-0.015,200.0,53.1,0,-0.39,0.000,200.0,374.9,1.000,12.6,26.6,40.7,66.3,107.2,155.4,200.0,200.0,200.0,200.0,200.0,200.0,196.1,102.0,53.7,27.6,15.3,9.5,4.3
3348,68.408,0.000,3297.1,93.2,-0.0,2,14230,0.968,0.000,-0.004,-0.504,-0.015,200.0,60.2,0,-0.38,0.000,200.0,375.3,1.000,12.6,26.6,40.6,66.1,106.7,154.4,200.0,200.0,200.0,200.0,200.0,200.0,200.0,103.3,54.1,27.8,15.4,9.5,4.3
3349,68.430,0.000,3297.7,94.3,-0.1,2,14754,0.974,0.000,-0.005,-0.503,-0.015,200.0,67.4,0,-0.37,0.000,200.0,375.7,1.000,12.6,26.5,40.5,66.0,106.5,154.0,200.0,200.0,200.0,200.0,200.0,200.0,200.0,104.0,54.4,27.9,15.4,9.6,4.3
3350,68.452,0.000,3298.2,95.4,-0.1,2,15356,0.979,0.000,-0.005,-0.501,-0.015,200.0,74.7,0,-0.37,0.000,200.0,376.0,1.000,12.6,26.5,40.5,65.9,106.5,154.1,200.0,200.0,200.0,200.0,200.0,200.0,200.0,104.0,54.5,27.9,15.5,9.6,4.3
3351,68.474,0.000,3298.8,96.5,-0.1,2,16061,0.983,0.000,-0.005,-0.500,-0.015,200.0,82.5,0,-0.37,0.000,200.0,376.1,1.000,12.5,26.5,40.5,66.0,106.7,154.4,200.0,200.0,200.0,200.0,200.0,200.0,200.0,103.6,54.4,28.0,15.5,9.6,4.3
3352,68.496,0.000,3299.4,97.6,-0.0,2,16934,0.987,0.000,-0.004,-0.499,-0.014,200.0,90.9,0,-0.39,0.000,200.0,376.2,1.000,12.5,26.5,40.5,66.0,106.9,155.0,200.0,200.0,200.0,200.0,200.0,200.0,196.9,102.9,54.3,28.0,15.5,9.6,4.3
3353,68.518,0.000,3300.0,98.7,-0.0,2,18125,0.989,0.000,-0.002,-0.497,-0.014,200.0,99.6,0,-0.40,0.000,200.0,376.1,1.000,12.5,26.5,40.5,66.1,107.2,155.8,200.0,200.0,200.0,200.0,200.0,200.0,193.3,102.0,54.1,28.0,15.5,9.7,4.3
3354,68.540,0.000,3300.6,99.8,0.0,2,18995,0.992,0.000,-0.000,-0.496,-0.014,200.0,108.3,0,-0.41,0.000,200.0,376.0,1.000,12.5,26.5,40.6,66.2,107.5,156.5,200.0,200.0,200.0,200.0,200.0,200.0,189.9,101.2,54.0,28.0,15.6,9.7,4.3
3355,68.562,0.000,3301.2,100.9,0.1,2,19598,0.993,0.000,0.001,-0.494,-0.013,200.0,115.6,0,-0.42,0.000,200.0,376.0,1.000,12.5,26.5,40.6,66.3,107.8,157.1,200.0,200.0,200.0,200.0,200.0,200.0,187.3,100.6,53.9,28.0,15.6,9.7,4.3
3356,68.584,0.000,3301.8,102.0,0.1,3,19310,0.995,0.000,0.002,-0.493,-0.013,200.0,110.8,0,-0.43,0.000,200.0,375.9,1.000,12.5,26.5,40.6,66.3,107.9,157.5,200.0,200.0,200.0,200.0,200.0,200.0,185.5,100.2,53.8,28.0,15.6,9.7,4.4
3357,68.606,0.000,3302.5,103.1,0.1,3,19106,0.996,0.000,0.002,-0.492,-0.013,200.0,109.6,0,-0.43,0.000,200.0,375.8,1.000,12.5,26.5,40.5,66.3,108.0,157.7,200.0,200.0,200.0,200.0,200.0,200.0,184.4,100.0,53.9,28.0,15.6,9.7,4.4
3358,68.628,0.000,3303.1,104.3,0.1,3,18940,0.997,0.000,0.002,-0.490,-0.013,200.0,108.7,0,-0.43,0.000,200.0,375.8,1.000,12.5,26.5,40.5,66.3,108.0,157.8,200.0,200.0,200.0,200.0,200.0,200.0,183.9,100.0,53.9,28.1,15.7,9.8,4.4
3359,68.650,0.000,3303.8,105.4,0.1,3,18350,0.997,0.000,0.003,-0.489,-0.013,200.0,108.1,0,-0.43,0.000,200.0,375.8,1.000,12.5,26.4,40.5,66.3,108.0,157.9,200.0,200.0,200.0,200.0,200.0,200.0,183.7,100.1,54.0,28.2,15.7,9.8,4.4
3360,68.672,0.000,3304.4,106.5,0.1,3,17909,0.998,0.000,0.002,-0.487,-0.013,200.0,107.3,0,-0.43,0.000,200.0,375.8,1.000,12.5,26.4,40.5,66.2,108.0,157.8,200.0,200.0,200.0,200.0,200.0,200.0,183.8,100.2,54.1,28.2,15.8,9.8,4.4
3361,68.694,0.000,3305.1,107.7,0.1,3,17584,0.998,0.000,0.002,-0.486,-0.013,200.0,106.4,0,-0.43,0.000,200.0,375.8,1.000,12.4,26.4,40.4,66.2,107.9,157.7,200.0,200.0,200.0,200.0,200.0,200.0,184.1,100.5,54.3,28.3,15.8,9.9,4.4
3362,68.716,0.000,3305.7,108.8,0.1,3,17346,0.999,0.000,0.002,-0.484,-0.013,200.0,105.2,0,-0.42,0.000,200.0,375.9,1.000,12.4,26.4,40.4,66.1,107.8,157.7,200.0,200.0,200.0,200.0,200.0,200.0,184.4,100.7,54.4,28.4,15.9,9.9,4.4
3363,68.738,0.000,3306.4,110.0,0.1,3,17175,0.999,0.000,0.002,-0.482,-0.013,200.0,104.0,0,-0.42,0.000,200.0,375.9,1.000,12.4,26.3,40.3,66.1,107.7,157.6,200.0,200.0,200.0,200.0,200.0,200.0,184.6,100.9,54.5,28.5,15.9,9.9,4.4
3364,68.760,0.000,3307.1,111.1,0.1,3,17058,0.999,0.000,0.002,-0.481,-0.013,200.0,102.8,0,-0.42,0.000,200.0,375.8,1.000,12.4,26.3,40.3,66.0,107.7,157.5,200.0,200.0,200.0,200.0,200.0,200.0,184.8,101.1,54.7,28.5,15.9,9.9,4.5
3365,68.782,0.000,3307.7,112.3,0.1,3,16980,0.999,0.000,0.002,-0.479,-0.013,200.0,101.4,0,-0.42,0.000,200.0,375.8,1.000,12.4,26.3,40.3,66.0,107.6,157.4,200.0,200.0,200.0,200.0,200.0,200.0,185.1,101.3,54.8,28.6,16.0,10.0,4.5
3366,68.804,0.000,3308.4,113.4,0.1,3,16928,0.999,0.000,0.001,-0.478,-0.013,200.0,99.9,0,-0.42,0.000,200.0,375.8,1.000,12.4,26.3,40.2,65.9,107.5,157.3,200.0,200.0,200.0,200.0,200.0,200.0,185.5,101.6,55.0,28.7,16.0,10.0,4.5
3367,68.826,0.000,3309.1,114.6,0.1,3,16891,1.000,0.000,0.001,-0.476,-0.013,200.0,98.0,0,-0.41,0.000,200.0,375.8,1.000,12.4,26.2,40.2,65.9,107.4,157.2,200.0,200.0,200.0,200.0,200.0,200.0,185.6,101.7,55.1,28.8,16.1,10.0,4.5
3368,68.848,0.000,3309.8,115.8,0.1,3,16866,1.000,0.000,0.002,-0.475,-0.013,200.0,96.0,0,-0.41,0.000,200.0,375.8,1.000,12.4,26.2,40.2,65.8,107.4,157.2,200.0,200.0,200.0,200.0,200.0,200.0,185.4,101.8,55.2,28.8,16.1,10.1,4.5
3369,68.870,0.000,3310.6,117.0,0.1,3,16848,1.000,0.000,0.002,-0.473,-0.013,200.0,93.8,0,-0.41,0.000,200.0,375.9,1.000,12.3,26.2,40.1,65.8,107.4,157.2,200.0,200.0,200.0,200.0,200.0,200.0,185.3,101.9,55.3,28.9,16.2,10.1,4.5
3370,68.892,0.000,3311.3,118.1,0.1,3,16833,1.000,0.000,0.002,-0.471,-0.013,200.0,91.4,0,-0.41,0.000,200.0,375.4,1.000,12.3,26.2,40.1,65.7,107.3,157.2,200.0,200.0,200.0,200.0,200.0,200.0,185.5,102.1,55.4,29.0,16.2,10.1,4.5
3371,68.914,0.000,3312.0,119.3,0.1,3,16820,1.000,0.000,0.001,-0.470,-0.013,200.0,89.0,0,-0.41,0.000,200.0,375.0,1.000,12.3,26.1,40.1,65.7,107.2,157.0,200.0,200.0,200.0,200.0,200.0,200.0,185.8,102.4,55.6,29.1,16.3,10.1,4.6
3372,68.936,0.000,3312.7,120.5,0.1,3,16808,1.000,0.000,0.001,-0.468,-0.013,200.0,86.4,0,-0.41,0.000,200.0,374.8,1.000,12.3,26.1,40.0,65.6,107.1,156.9,200.0,200.0,200.0,200.0,200.0,200.0,186.1,102.6,55.7,29.2,16.3,10.2,4.6
3373,68.958,0.000,3313.5,121.7,0.1,3,16794,1.000,0.000,0.001,-0.466,-0.012,200.0,83.6,0,-0.40,0.000,200.0,374.9,1.000,12.3,26.1,40.0,65.5,107.1,156.9,200.0,200.0,200.0,200.0,200.0,200.0,186.1,102.7,55.9,29.2,16.4,10.2,4.6
3374,68.980,0.000,3314.2,122.8,0.1,3,16802,1.000,0.000,0.001,-0.465,-0.012,200.0,83.2,0,-0.40,0.000,200.0,374.1,1.000,12.3,26.1,39.9,65.5,107.0,156.9,200.0,200.0,200.0,200.0,200.0,200.0,185.9,102.8,56.0,29.3,16.4,10.2,4.6
3375,69.002,0.000,3315.0,123.9,0.1,3,16818,1.000,0.000,0.002,-0.463,-0.012,200.0,82.2,0,-0.40,0.000,200.0,374.0,1.000,12.3,26.0,39.9,65.5,107.0,157.0,200.0,200.0,200.0,200.0,200.0,200.0,185.6,102.8,56.0,29.4,16.4,10.3,4.6
3376,69.024,0.000,3315.7,125.1,0.1,3,16827,1.000,0.000,0.002,-0.462,-0.012,200.0,80.2,0,-0.40,0.000,200.0,374.2,1.000,12.3,26.0,39.9,65.4,107.0,157.0,200.0,200.0,200.0,200.0,200.0,200.0,185.4,102.9,56.2,29.4,16.5,10.3,4.6
3377,69.046,0.000,3316.5,126.3,0.1,3,16826,1.000,0.000,0.002,-0.460,-0.012,200.0,77.2,0,-0.40,0.000,200.0,374.6,1.000,12.2,26.0,39.8,65.4,106.9,156.9,200.0,200.0,200.0,200.0,200.0,200.0,185.6,103.1,56.3,29.5,16.5,10.3,4.6
3378,69.068,0.000,3317.3,127.5,0.1,3,16809,1.000,0.000,0.002,-0.458,-0.012,200.0,73.3,0,-0.40,0.000,200.0,375.1,1.000,12.2,26.0,39.8,65.3,106.8,156.8,200.0,200.0,200.0,200.0,200.0,200.0,186.0,103.4,56.5,29.6,16.6,10.4,4.7
3379,69.090,0.000,3318.1,128.7,0.1,3,16779,1.000,0.000,0.001,-0.456,-0.012,200.0,68.8,0,-0.40,0.000,200.0,375.5,1.000,12.2,25.9,39.8,65.2,106.7,156.6,200.0,200.0,200.0,200.0,200.0,200.0,186.6,103.7,56.6,29.7,16.6,10.4,4.7
3380,69.112,0.000,3318.8,130.0,0.1,3,16737,1.000,0.000,0.001,-0.455,-0.012,200.0,63.9,0,-0.39,0.000,200.0,375.5,1.000,12.2,25.9,39.7,65.2,106.6,156.4,200.0,200.0,200.0,200.0,200.0,200.0,187.2,104.1,56.8,29.8,16.7,10.4,4.7
3381,69.134,0.000,3319.6,131.2,0.1,3,16687,1.000,0.000,0.001,-0.453,-0.012,200.0,58.8,0,-0.39,0.000,200.0,375.4,1.000,12.2,25.9,39.7,65.1,106.5,156.3,200.0,200.0,200.0,200.0,200.0,200.0,187.5,104.3,57.0,29.9,16.7,10.4,4.7
3382,69.156,0.000,3320.4,132.4,0.1,3,16632,1.000,0.000,0.001,-0.451,-0.012,200.0,53.8,0,-0.39,0.000,200.0,375.4,1.000,12.2,25.8,39.6,65.0,106.4,156.2,200.0,200.0,200.0,200.0,200.0,200.0,187.9,104.6,57.1,30.0,16.8,10.5,4.7
3383,69.178,0.000,3321.3,133.6,0.1,3,16582,1.000,0.000,0.001,-0.450,-0.012,200.0,49.9,0,-0.38,0.000,200.0,375.0,1.000,12.2,25.8,39.6,65.0,106.3,156.1,200.0,200.0,200.0,200.0,200.0,200.0,188.2,104.8,57.3,30.1,16.8,10.5,4.7
3384,69.200,0.000,3322.1,134.8,0.1,3,16542,1.000,0.000,0.000,-0.448,-0.012,200.0,46.7,0,-0.38,0.000,200.0,374.6,1.000,12.1,25.8,39.5,64.9,106.2,156.0,200.0,200.0,200.0,200.0,200.0,200.0,188.5,105.1,57.4,30.2,16.9,10.5,4.7
3385,69.222,0.000,3322.9,136.0,0.1,3,16500,1.000,0.000,0.000,-0.446,-0.012,200.0,42.9,0,-0.38,0.000,200.0,374.6,1.000,12.1,25.8,39.5,64.8,106.1,155.9,200.0,200.0,200.0,200.0,200.0,200.0,188.7,105.3,57.6,30.2,16.9,10.6,4.8
3386,69.244,0.000,3323.7,137.2,0.1,3,16456,1.000,0.000,0.000,-0.444,-0.012,200.0,38.6,0,-0.38,0.000,200.0,374.8,1.000,12.1,25.7,39.5,64.8,106.1,155.9,200.0,200.0,200.0,200.0,200.0,200.0,188.5,105.4,57.7,30.3,17.0,10.6,4.8
3387,69.266,0.000,3324.6,138.4,0.1,3,16409,1.000,0.000,0.001,-0.443,-0.012,200.0,34.0,0,-0.38,0.000,200.0,375.0,1.000,12.1,25.7,39.4,64.8,106.0,155.9,200.0,200.0,200.0,200.0,200.0,200.0,188.2,105.4,57.8,30.4,17.0,10.6,4.8
3388,69.288,0.000,3325.4,139.7,0.1,3,16357,1.000,0.000,0.001,-0.441,-0.012,200.0,29.0,0,-0.38,0.000,200.0,375.3,1.000,12.1,25.7,39.4,64.7,106.0,155.9,200.0,200.0,200.0,200.0,200.0,200.0,188.2,105.5,57.9,30.5,17.1,10.7,4.8
3389,69.310,0.000,3326.3,140.9,0.1,3,16302,1.000,0.000,0.001,-0.439,-0.012,200.0,24.1,0,-0.38,0.000,200.0,375.5,1.000,12.1,25.6,39.3,64.6,105.9,155.8,200.0,200.0,200.0,200.0,200.0,200.0,188.5,105.8,58.1,30.6,17.1,10.7,4.8
3390,69.332,0.000,3327.2,142.1,0.1,3,16248,1.000,0.000,0.000,-0.437,-0.012,200.0,19.7,0,-0.37,0.000,200.0,375.6,1.000,12.1,25.6,39.3,64.5,105.7,155.6,200.0,200.0,200.0,200.0,200.0,200.0,189.3,106.2,58.3,30.7,17.2,10.7,4.8
3391,69.354,0.000,3328.0,143.2,0.0,3,16197,1.000,0.000,-0.000,-0.436,-0.012,200.0,16.1,0,-0.37,0.000,200.0,375.7,1.000,12.0,25.6,39.2,64.5,105.6,155.3,200.0,200.0,200.0,200.0,200.0,200.0,190.0,106.6,58.5,30.8,17.3,10.8,4.8
3392,69.376,0.000,3328.9,144.4,0.0,3,16156,1.000,0.000,-0.001,-0.434,-0.012,200.0,13.7,0,-0.36,0.000,200.0,375.7,1.000,12.0,25.5,39.2,64.4,105.5,155.1,200.0,200.0,200.0,200.0,200.0,200.0,190.6,106.9,58.6,30.9,17.3,10.8,4.9
3393,69.398,0.000,3329.8,145.4,0.0,3,16128,1.000,0.000,-0.001,-0.432,-0.012,200.0,12.2,0,-0.36,0.000,200.0,375.6,1.000,12.0,25.5,39.2,64.3,105.4,155.0,200.0,200.0,200.0,200.0,200.0,200.0,190.9,107.1,58.8,30.9,17.4,10.8,4.9
3394,69.420,0.000,3330.7,146.5,0.0,3,16109,1.000,0.000,-0.000,-0.430,-0.012,200.0,11.2,0,-0.36,0.000,200.0,375.6,1.000,12.0,25.5,39.1,64.3,105.3,155.0,200.0,200.0,200.0,200.0,200.0,200.0,190.7,107.2,58.9,31.0,17.4,10.9,4.9
3395,69.442,0.000,3331.6,147.6,0.0,3,16101,1.000,0.000,-0.000,-0.428,-0.012,200.0,10.5,0,-0.36,0.000,200.0,375.6,1.000,12.0,25.5,39.1,64.2,105.3,155.0,200.0,200.0,200.0,200.0,200.0,200.0,190.7,107.4,59.0,31.1,17.5,10.9,4.9
3396,69.464,0.000,3332.5,148.6,0.0,3,16102,1.000,0.000,-0.000,-0.427,-0.012,200.0,9.9,0,-0.36,0.000,200.0,375.7,1.000,12.0,25.4,39.0,64.2,105.2,154.9,200.0,200.0,200.0,200.0,200.0,200.0,190.9,107.6,59.2,31.2,17.5,10.9,4.9
3397,69.486,0.000,3333.4,149.7,0.0,3,16110,1.000,0.000,-0.001,-0.425,-0.012,200.0,9.4,0,-0.35,0.000,200.0,376.0,1.000,12.0,25.4,39.0,64.1,105.1,154.8,200.0,200.0,200.0,200.0,200.0,200.0,191.2,107.8,59.3,31.3,17.6,11.0,4.9
3398,69.508,0.000,3334.3,150.7,0.0,3,16125,1.000,0.000,-0.001,-0.423,-0.012,200.0,9.0,0,-0.35,0.000,200.0,376.1,1.000,11.9,25.4,38.9,64.0,105.0,154.7,200.0,200.0,200.0,200.0,200.0,200.0,191.3,108.0,59.5,31.4,17.6,11.0,5.0
3399,69.530,0.000,3335.2,151.7,0.0,3,16143,1.000,0.000,-0.000,-0.421,-0.011,200.0,8.6,0,-0.35,0.000,200.0,376.2,1.000,11.9,25.3,38.9,64.0,105.0,154.8,200.0,200.0,200.0,200.0,200.0,200.0,191.1,108.1,59.6,31.4,17.7,11.0,5.0
3400,69.552,0.000,3336.2,152.8,0.0,3,16166,1.000,0.000,-0.000,-0.419,-0.011,200.0,7.9,0,-0.35,0.000,200.0,376.5,1.000,11.9,25.3,38.9,63.9,104.9,154.7,200.0,200.0,200.0,200.0,200.0,200.0,191.0,108.2,59.7,31.5,17.7,11.1,5.0
3401,69.574,0.000,3337.1,153.8,0.0,3,16192,1.000,0.000,-0.000,-0.418,-0.011,200.0,7.3,0,-0.35,0.000,200.0,376.6,1.000,11.9,25.3,38.8,63.9,104.9,154.6,200.0,200.0,200.0,200.0,200.0,200.0,191.2,108.4,59.8,31.6,17.8,11.1,5.0
3402,69.596,0.000,3338.1,154.9,0.0,3,16225,1.000,0.000,-0.001,-0.416,-0.011,200.0,7.1,0,-0.35,0.000,200.0,376.6,1.000,11.9,25.3,38.8,63.8,104.7,154.5,200.0,200.0,200.0,200.0,200.0,200.0,191.6,108.7,60.0,31.7,17.8,11.1,5.0
3403,69.618,0.000,3339.0,155.9,0.0,3,16263,1.000,0.000,-0.001,-0.414,-0.011,200.0,7.2,0,-0.34,0.000,200.0,376.5,1.000,11.9,25.2,38.7,63.7,104.7,154.4,200.0,200.0,200.0,200.0,200.0,200.0,191.8,108.9,60.2,31.8,17.9,11.2,5.0
3404,69.640,0.000,3340.0,156.9,0.0,3,16306,1.000,0.000,-0.001,-0.412,-0.011,200.0,7.4,0,-0.34,0.000,200.0,376.4,1.000,11.8,25.2,38.7,63.7,104.6,154.4,200.0,200.0,200.0,200.0,200.0,200.0,191.6,109.0,60.3,31.9,17.9,11.2,5.0
3405,69.662,0.000,3340.9,157.9,0.0,3,16354,1.000,0.000,-0.000,-0.410,-0.011,200.0,7.4,0,-0.34,0.000,200.0,376.7,1.000,11.8,25.2,38.7,63.7,104.6,154.5,200.0,200.0,200.0,200.0,200.0,200.0,191.2,109.0,60.4,31.9,18.0,11.2,5.1
3406,69.684,0.000,3341.9,158.9,0.0,3,16404,1.000,0.000,-0.000,-0.409,-0.011,200.0,7.3,0,-0.34,0.000,200.0,376.8,1.000,11.8,25.2,38.6,63.6,104.6,154.5,200.0,200.0,200.0,200.0,200.0,200.0,191.0,109.1,60.5,32.0,18.0,11.3,5.1
3407,69.706,0.000,3342.9,159.9,0.0,3,16453,1.000,0.000,-0.000,-0.407,-0.011,200.0,7.0,0,-0.34,0.000,200.0,376.8,1.000,11.8,25.1,38.6,63.5,104.5,154.4,200.0,200.0,200.0,200.0,200.0,200.0,191.1,109.2,60.6,32.1,18.1,11.3,5.1
3408,69.728,0.000,3343.8,161.0,0.0,3,16493,1.000,0.000,-0.000,-0.405,-0.011,200.0,5.6,0,-0.34,0.000,200.0,376.8,1.000,11.8,25.1,38.5,63.5,104.4,154.3,200.0,200.0,200.0,200.0,200.0,200.0,191.5,109.5,60.8,32.2,18.1,11.3,5.1
3409,69.750,0.000,3344.8,162.0,0.0,3,16532,1.000,0.000,-0.001,-0.403,-0.011,200.0,5.1,0,-0.34,0.000,200.0,376.8,1.000,11.8,25.1,38.5,63.4,104.3,154.1,200.0,200.0,200.0,200.0,200.0,200.0,192.0,109.8,60.9,32.3,18.2,11.4,5.1
3410,69.772,0.000,3345.8,163.0,0.0,3,16578,1.000,0.000,-0.001,-0.401,-0.011,200.0,5.2,0,-0.33,0.000,200.0,376.8,1.000,11.8,25.0,38.5,63.3,104.2,154.0,200.0,200.0,200.0,200.0,200.0,200.0,192.2,110.0,61.1,32.4,18.2,11.4,5.1
3411,69.794,0.000,3346.8,164.0,0.0,3,16632,1.000,0.000,-0.001,-0.399,-0.011,200.0,5.6,0,-0.33,0.000,200.0,376.8,1.000,11.7,25.0,38.4,63.3,104.1,154.0,200.0,200.0,200.0,200.0,200.0,200.0,192.1,110.1,61.2,32.5,18.3,11.4,5.2
3412,69.816,0.000,3347.8,165.0,0.0,3,16692,1.000,0.000,-0.000,-0.398,-0.011,200.0,5.9,0,-0.33,0.000,200.0,376.8,1.000,11.7,25.0,38.4,63.2,104.1,154.1,200.0,200.0,200.0,200.0,200.0,200.0,191.7,110.2,61.3,32.5,18.3,11.5,5.2
3413,69.838,0.000,3348.8,166.0,0.0,3,16752,1.000,0.000,-0.000,-0.396,-0.011,200.0,6.0,0,-0.33,0.000,200.0,376.8,1.000,11.7,24.9,38.3,63.2,104.1,154.1,200.0,200.0,200.0,200.0,200.0,200.0,191.5,110.2,61.4,32.6,18.4,11.5,5.2
3414,69.860,0.000,3349.9,167.0,0.0,3,16809,1.000,0.000,-0.000,-0.394,-0.011,200.0,5.9,0,-0.33,0.000,200.0,376.8,1.000,11.7,24.9,38.3,63.1,104.0,154.0,200.0,200.0,200.0,200.0,200.0,200.0,191.7,110.4,61.6,32.7,18.4,11.5,5.2
3415,69.882,0.000,3350.9,168.0,0.0,3,16851,1.000,0.000,-0.000,-0.392,-0.011,200.0,4.2,0,-0.33,0.000,200.0,376.8,1.000,11.7,24.9,38.3,63.1,103.9,153.9,200.0,200.0,200.0,200.0,200.0,200.0,192.1,110.7,61.7,32.8,18.5,11.6,5.2
3416,69.904,0.000,3351.9,169.1,0.0,3,16885,1.000,0.000,-0.001,-0.390,-0.011,200.0,3.3,0,-0.32,0.000,200.0,376.8,1.000,11.7,24.9,38.2,63.0,103.7,153.7,200.0,200.0,200.0,200.0,200.0,200.0,192.6,111.0,61.9,32.9,18.5,11.6,5.2
3417,69.926,0.000,3352.9,170.0,0.0,3,16930,1.000,0.000,-0.001,-0.388,-0.011,200.0,3.4,0,-0.32,0.000,200.0,376.8,1.000,11.7,24.8,38.2,62.9,103.7,153.6,200.0,200.0,200.0,200.0,200.0,200.0,192.8,111.2,62.1,33.0,18.6,11.6,5.2
3418,69.948,0.000,3354.0,171.0,0.0,3,16986,1.000,0.000,-0.001,-0.386,-0.011,200.0,4.1,0,-0.32,0.000,200.0,376.8,1.000,11.6,24.8,38.1,62.9,103.6,153.6,200.0,200.0,200.0,200.0,200.0,200.0,192.7,111.3,62.2,33.1,18.6,11.7,5.3
3419,69.970,0.000,3355.0,172.0,0.0,3,17049,1.000,0.000,-0.000,-0.385,-0.010,200.0,4.6,0,-0.32,0.000,200.0,376.8,1.000,11.6,24.8,38.1,62.8,103.6,153.6,200.0,200.0,200.0,200.0,200.0,200.0,192.3,111.4,62.3,33.1,18.7,11.7,5.3
3420,69.992,0.000,3356.1,172.9,0.0,3,17113,1.000,0.000,-0.000,-0.383,-0.010,200.0,4.8,0,-0.32,0.000,200.0,376.8,1.000,11.6,24.7,38.0,62.8,103.5,153.6,200.0,200.0,200.0,200.0,200.0,200.0,192.2,111.5,62.4,33.2,18.7,11.7,5.3
3421,70.014,0.000,3357.2,173.9,0.0,3,17172,1.000,0.000,-0.000,-0.381,-0.010,200.0,4.7,0,-0.32,0.000,200.0,376.8,1.000,11.6,24.7,38.0,62.7,103.5,153.5,200.0,200.0,200.0,200.0,200.0,200.0,192.4,111.7,62.5,33.3,18.8,11.8,5.3
3422,70.036,0.000,3358.2,175.0,0.0,3,17201,1.000,0.000,-0.000,-0.379,-0.010,200.0,2.5,0,-0.31,0.000,200.0,376.8,1.000,11.6,24.7,38.0,62.6,103.3,153.4,200.0,200.0,200.0,200.0,200.0,200.0,192.8,111.9,62.7,33.4,18.8,11.8,5.3
3423,70.058,0.000,3359.3,176.0,0.0,3,17227,1.000,0.000,-0.001,-0.377,-0.010,200.0,1.7,0,-0.31,0.000,200.0,376.8,1.000,11.6,24.6,37.9,62.5,103.2,153.2,200.0,200.0,200.0,200.0,200.0,200.0,193.3,112.3,62.9,33.5,18.9,11.8,5.3
3424,70.080,0.000,3360.4,176.9,0.0,3,17273,1.000,0.000,-0.001,-0.375,-0.010,200.0,2.0,0,-0.31,0.000,200.0,376.8,1.000,11.6,24.6,37.9,62.5,103.1,153.1,200.0,200.0,200.0,200.0,200.0,200.0,193.6,112.5,63.0,33.6,18.9,11.9,5.4
3425,70.102,0.000,3361.5,177.9,0.0,3,17338,1.000,0.000,-0.001,-0.373,-0.010,200.0,2.9,0,-0.31,0.000,200.0,376.8,1.000,11.5,24.6,37.8,62.4,103.1,153.1,200.0,200.0,200.0,200.0,200.0,200.0,193.4,112.6,63.1,33.7,19.0,11.9,5.4
3426,70.124,0.000,3362.6,178.8,0.0,3,17412,1.000,0.000,-0.000,-0.371,-0.010,200.0,3.5,0,-0.31,0.000,200.0,376.8,1.000,11.5,24.6,37.8,62.4,103.0,153.1,200.0,200.0,200.0,200.0,200.0,200.0,193.0,112.6,63.2,33.7,19.0,11.9,5.4
3427,70.146,0.000,3363.7,179.8,0.0,3,17479,1.000,0.000,-0.000,-0.370,-0.010,200.0,3.6,0,-0.31,0.000,200.0,376.8,1.000,11.5,24.5,37.7,62.3,103.0,153.1,200.0,200.0,200.0,200.0,200.0,200.0,192.9,112.7,63.3,33.8,19.1,12.0,5.4
3428,70.168,0.000,3364.8,180.7,0.0,3,17535,1.000,0.000,-0.000,-0.368,-0.010,200.0,3.4,0,-0.31,0.000,200.0,376.8,1.000,11.5,24.5,37.7,62.3,102.9,153.0,200.0,200.0,200.0,200.0,200.0,200.0,193.0,112.9,63.5,33.9,19.1,12.0,5.4
3429,70.190,0.000,3365.9,181.8,0.0,3,17508,1.000,0.000,-0.001,-0.366,-0.010,200.0,0.6,0,-0.30,0.000,200.0,376.8,1.000,11.5,24.5,37.6,62.2,102.8,152.9,200.0,200.0,200.0,200.0,200.0,200.0,193.5,113.2,63.7,34.0,19.2,12.0,5.4
3430,70.212,0.000,3367.0,182.7,0.0,3,17549,1.000,0.000,-0.001,-0.364,-0.010,200.0,0.3,0,-0.30,0.000,200.0,376.8,1.000,11.5,24.4,37.6,62.1,102.7,152.8,200.0,200.0,200.0,200.0,200.0,200.0,193.7,113.4,63.8,34.1,19.3,12.1,5.5
3431,70.234,0.000,3368.1,183.7,0.0,3,17621,1.000,0.000,-0.001,-0.362,-0.010,200.0,1.0,0,-0.30,0.000,200.0,376.8,1.000,11.4,24.4,37.6,62.1,102.6,152.8,200.0,200.0,200.0,200.0,200.0,200.0,193.6,113.5,63.9,34.2,19.3,12.1,5.5
3432,70.256,0.000,3369.2,184.6,0.0,3,17714,1.000,0.000,-0.000,-0.360,-0.010,200.0,2.1,0,-0.30,0.000,200.0,376.8,1.000,11.4,24.4,37.5,62.0,102.6,152.8,200.0,200.0,200.0,200.0,200.0,200.0,193.2,113.5,64.0,34.2,19.4,12.1,5.5
3433,70.278,0.000,3370.3,185.5,0.0,3,17793,1.000,0.000,-0.000,-0.358,-0.010,200.0,2.5,0,-0.30,0.000,200.0,376.8,1.000,11.4,24.3,37.5,62.0,102.6,152.8,200.0,200.0,200.0,200.0,200.0,200.0,193.1,113.6,64.1,34.3,19.4,12.2,5.5
3434,70.300,0.000,3371.5,186.4,0.0,3,17849,1.000,0.000,-0.000,-0.357,-0.010,200.0,2.6,0,-0.30,0.000,200.0,376.8,1.000,11.4,24.3,37.4,61.9,102.5,152.7,200.0,200.0,200.0,200.0,200.0,200.0,193.3,113.8,64.3,34.4,19.5,12.2,5.5
3435,70.322,0.000,3372.6,187.5,0.0,3,17783,1.000,0.000,-0.001,-0.355,-0.010,200.0,0.3,0,-0.29,0.000,200.0,376.8,1.000,11.4,24.3,37.4,61.8,102.4,152.5,200.0,200.0,200.0,200.0,200.0,200.0,193.7,114.1,64.4,34.5,19.5,12.2,5.5
3436,70.344,0.000,3373.8,188.4,0.0,3,17827,1.000,0.000,-0.001,-0.353,-0.010,200.0,-1.0,0,-0.29,0.000,200.0,376.8,1.000,11.4,24.3,37.3,61.8,102.3,152.4,200.0,200.0,200.0,200.0,200.0,200.0,193.9,114.3,64.6,34.6,19.6,12.3,5.5
3437,70.366,0.000,3374.9,189.4,0.0,3,17932,1.000,0.000,-0.000,-0.351,-0.010,200.0,-0.6,0,-0.29,0.000,200.0,376.8,1.000,11.4,24.2,37.3,61.7,102.2,152.4,200.0,200.0,200.0,200.0,200.0,200.0,193.7,114.3,64.7,34.7,19.6,12.3,5.6
3438,70.388,0.000,3376.1,190.2,0.0,3,18079,1.000,0.000,-0.000,-0.349,-0.010,200.0,0.6,0,-0.29,0.000,200.0,376.8,1.000,11.3,24.2,37.3,61.6,102.1,152.4,200.0,200.0,200.0,200.0,200.0,200.0,193.7,114.5,64.8,34.7,19.7,12.3,5.6
3439,70.410,0.000,3377.2,191.1,0.0,3,18212,1.000,0.000,-0.001,-0.347,-0.009,200.0,1.5,0,-0.29,0.000,200.0,376.8,1.000,11.3,24.2,37.2,61.6,102.0,152.2,200.0,200.0,200.0,200.0,200.0,200.0,194.1,114.7,65.0,34.8,19.7,12.4,5.6
3440,70.432,0.000,3378.4,192.0,0.0,3,18318,1.000,0.000,-0.001,-0.345,-0.009,200.0,1.9,0,-0.28,0.000,200.0,376.8,1.000,11.3,24.1,37.2,61.5,102.0,152.2,200.0,200.0,200.0,200.0,200.0,200.0,194.1,114.9,65.1,34.9,19.8,12.4,5.6
3441,70.454,0.000,3379.6,193.0,0.0,3,18351,1.000,0.000,-0.000,-0.343,-0.009,200.0,1.1,0,-0.29,0.000,200.0,376.8,1.000,11.3,24.1,37.1,61.5,101.9,152.2,200.0,200.0,200.0,200.0,200.0,200.0,193.8,114.9,65.2,35.0,19.8,12.4,5.6
3442,70.476,0.000,3380.8,194.0,0.0,3,18357,1.000,0.000,-0.000,-0.342,-0.009,200.0,-0.8,0,-0.28,0.000,200.0,376.8,1.000,11.3,24.1,37.1,61.4,101.9,152.2,200.0,200.0,200.0,200.0,200.0,200.0,193.7,115.0,65.3,35.1,19.9,12.5,5.6
3443,70.498,0.000,3382.0,194.9,0.0,3,18449,1.000,0.000,-0.000,-0.340,-0.009,200.0,-0.7,0,-0.28,0.000,200.0,376.8,1.000,11.3,24.0,37.1,61.3,101.8,152.1,200.0,200.0,200.0,200.0,200.0,200.0,194.0,115.2,65.5,35.2,19.9,12.5,5.7
3444,70.520,0.000,3383.2,195.8,0.0,3,18573,1.000,0.000,-0.001,-0.338,-0.009,200.0,0.0,0,-0.28,0.000,200.0,376.8,1.000,11.2,24.0,37.0,61.3,101.6,151.9,200.0,200.0,200.0,200.0,200.0,200.0,194.5,115.5,65.6,35.3,20.0,12.5,5.7
3445,70.542,0.000,3384.4,196.6,0.0,3,18695,1.000,0.000,-0.001,-0.336,-0.009,200.0,0.8,0,-0.28,0.000,200.0,376.8,1.000,11.2,24.0,37.0,61.2,101.5,151.8,200.0,200.0,200.0,200.0,200.0,200.0,194.7,115.7,65.8,35.3,20.0,12.6,5.7
3446,70.564,0.000,3385.6,197.5,0.0,3,18797,1.000,0.000,-0.001,-0.334,-0.009,200.0,1.1,0,-0.28,0.000,200.0,376.8,1.000,11.2,24.0,36.9,61.1,101.5,151.8,200.0,200.0,200.0,200.0,200.0,200.0,194.5,115.8,65.9,35.4,20.1,12.6,5.7
3447,70.586,0.000,3386.8,198.4,0.0,3,18882,1.000,0.000,-0.000,-0.332,-0.009,200.0,1.1,0,-0.28,0.000,200.0,376.8,1.000,11.2,23.9,36.9,61.1,101.5,151.9,200.0,200.0,200.0,200.0,200.0,200.0,194.0,115.8,65.9,35.5,20.1,12.6,5.7
3448,70.608,0.000,3388.0,199.4,0.0,3,18904,1.000,0.000,-0.000,-0.330,-0.009,200.0,-0.1,0,-0.28,0.000,200.0,376.8,1.000,11.2,23.9,36.8,61.1,101.5,151.9,200.0,200.0,200.0,200.0,200.0,200.0,193.8,115.8,66.0,35.6,20.2,12.7,5.7
3449,70.630,0.000,3389.2,200.3,0.0,3,18969,1.000,0.000,-0.000,-0.329,-0.009,200.0,-0.6,0,-0.27,0.000,200.0,376.8,1.000,11.2,23.9,36.8,61.0,101.4,151.8,200.0,200.0,200.0,200.0,200.0,200.0,194.1,116.0,66.2,35.6,20.2,12.7,5.7
3450,70.652,0.000,3390.4,201.2,0.0,3,19053,1.000,0.000,-0.000,-0.327,-0.009,200.0,-0.6,0,-0.27,0.000,200.0,376.8,1.000,11.2,23.8,36.8,60.9,101.2,151.6,200.0,200.0,200.0,200.0,200.0,200.0,194.5,116.3,66.4,35.7,20.3,12.7,5.8
3451,70.674,0.000,3391.7,202.0,0.0,3,19144,1.000,0.000,-0.001,-0.325,-0.009,200.0,-0.4,0,-0.27,0.000,200.0,376.8,1.000,11.1,23.8,36.7,60.8,101.1,151.4,200.0,200.0,200.0,200.0,200.0,200.0,195.1,116.7,66.5,35.8,20.3,12.8,5.8
3452,70.696,0.000,3392.9,202.9,0.0,3,19227,1.000,0.000,-0.001,-0.323,-0.009,200.0,-0.5,0,-0.26,0.000,200.0,376.8,1.000,11.1,23.8,36.7,60.8,101.0,151.3,200.0,200.0,200.0,200.0,200.0,200.0,195.3,116.9,66.7,35.9,20.4,12.8,5.8
3453,70.718,0.000,3394.2,203.7,0.0,3,19300,1.000,0.000,-0.001,-0.321,-0.009,200.0,-0.6,0,-0.26,0.000,200.0,376.8,1.000,11.1,23.7,36.6,60.7,101.0,151.3,200.0,200.0,200.0,200.0,200.0,200.0,195.0,116.9,66.8,36.0,20.4,12.8,5.8
3454,70.740,0.000,3395.4,204.6,0.0,3,19338,1.000,0.000,-0.000,-0.319,-0.009,200.0,-1.4,0,-0.26,0.000,200.0,376.8,1.000,11.1,23.7,36.6,60.7,101.0,151.4,200.0,200.0,200.0,200.0,200.0,200.0,194.5,116.8,66.8,36.1,20.5,12.9,5.8
3455,70.762,0.000,3396.7,205.5,0.0,3,19392,1.000,0.000,-0.000,-0.318,-0.009,200.0,-2.0,0,-0.26,0.000,200.0,376.8,1.000,11.1,23.7,36.5,60.6,100.9,151.4,200.0,200.0,200.0,200.0,200.0,200.0,194.4,116.9,66.9,36.1,20.5,12.9,5.8
3456,70.784,0.000,3397.9,206.3,0.0,3,19469,1.000,0.000,-0.000,-0.316,-0.009,200.0,-2.0,0,-0.26,0.000,200.0,376.8,1.000,11.1,23.7,36.5,60.6,100.8,151.3,200.0,200.0,200.0,200.0,200.0,200.0,194.6,117.1,67.1,36.2,20.6,12.9,5.9
3457,70.806,0.000,3399.2,207.1,0.0,3,19554,1.000,0.000,-0.001,-0.314,-0.009,200.0,-1.9,0,-0.26,0.000,200.0,376.8,1.000,11.1,23.6,36.4,60.5,100.7,151.1,200.0,200.0,200.0,200.0,200.0,200.0,195.1,117.4,67.3,36.3,20.6,13.0,5.9
3458,70.828,0.000,3400.4,207.8,0.0,4,19371,1.000,0.000,-0.001,-0.312,-0.009,200.0,-4.6,0,-0.26,0.000,200.0,376.8,1.000,11.0,23.6,36.4,60.4,100.6,151.0,200.0,200.0,200.0,200.0,200.0,200.0,195.3,117.6,67.4,36.4,20.7,13.0,5.9
3459,70.850,0.000,3401.7,208.4,0.0,4,19219,1.000,0.000,-0.000,-0.310,-0.008,200.0,-4.5,0,-0.26,0.000,200.0,376.8,1.000,11.0,23.6,36.4,60.4,100.6,151.0,200.0,200.0,200.0,200.0,200.0,200.0,195.0,117.6,67.5,36.5,20.7,13.0,5.9
3460,70.872,0.000,3403.0,209.0,0.0,4,19096,1.000,0.000,-0.000,-0.308,-0.008,200.0,-4.7,0,-0.25,0.000,200.0,376.8,1.000,11.0,23.5,36.3,60.3,100.5,151.0,200.0,200.0,200.0,200.0,200.0,200.0,194.9,117.7,67.6,36.5,20.8,13.1,5.9
3461,70.894,0.000,3404.3,209.7,0.0,4,18405,1.000,0.000,-0.000,-0.307,-0.008,200.0,-4.8,0,-0.25,0.000,200.0,376.8,1.000,11.0,23.5,36.3,60.2,100.4,150.9,200.0,200.0,200.0,200.0,200.0,200.0,195.2,117.9,67.7,36.6,20.8,13.1,5.9
3462,70.916,0.000,3405.6,210.3,0.0,4,17930,1.000,0.000,-0.001,-0.305,-0.008,200.0,-4.7,0,-0.25,0.000,200.0,376.8,1.000,11.0,23.5,36.2,60.2,100.3,150.7,200.0,200.0,200.0,200.0,200.0,200.0,195.6,118.2,67.9,36.7,20.9,13.1,5.9
3463,70.938,0.000,3406.8,210.9,0.0,4,17604,1.000,0.000,-0.001,-0.303,-0.008,200.0,-4.5,0,-0.25,0.000,200.0,376.8,1.000,11.0,23.4,36.2,60.1,100.2,150.6,200.0,200.0,200.0,200.0,200.0,200.0,195.8,118.4,68.0,36.8,20.9,13.2,6.0
3464,70.960,0.000,3408.1,211.6,0.0,4,17384,1.000,0.000,-0.001,-0.301,-0.008,200.0,-4.4,0,-0.25,0.000,200.0,376.8,1.000,11.0,23.4,36.2,60.0,100.1,150.6,200.0,200.0,200.0,200.0,200.0,200.0,195.5,118.4,68.1,36.9,21.0,13.2,6.0
3465,70.982,0.000,3409.4,212.2,0.0,4,17241,1.000,0.000,-0.000,-0.299,-0.008,200.0,-4.4,0,-0.25,0.000,200.0,376.8,1.000,10.9,23.4,36.1,60.0,100.1,150.7,200.0,200.0,200.0,200.0,200.0,200.0,195.0,118.4,68.2,36.9,21.0,13.2,6.0
3466,71.004,0.000,3410.7,212.9,0.0,4,17152,1.000,0.000,0.000,-0.298,-0.008,200.0,-4.8,0,-0.25,0.000,200.0,376.8,1.000,10.9,23.4,36.1,60.0,100.1,150.7,200.0,200.0,200.0,200.0,200.0,200.0,194.8,118.4,68.3,37.0,21.1,13.3,6.0
3467,71.026,0.000,3412.0,213.5,0.0,4,17097,1.000,0.000,-0.000,-0.296,-0.008,200.0,-5.2,0,-0.24,0.000,200.0,376.8,1.000,10.9,23.3,36.0,59.9,100.0,150.6,200.0,200.0,200.0,200.0,200.0,200.0,195.1,118.6,68.4,37.1,21.1,13.3,6.0
3468,71.048,0.000,3413.3,214.1,0.0,4,17069,1.000,0.000,-0.000,-0.294,-0.008,200.0,-5.1,0,-0.24,0.000,200.0,376.8,1.000,10.9,23.3,36.0,59.8,99.9,150.4,200.0,200.0,200.0,200.0,200.0,200.0,195.5,118.9,68.6,37.2,21.2,13.3,6.0
3469,71.070,0.000,3414.7,214.8,0.0,4,17063,1.000,0.000,-0.001,-0.292,-0.008,200.0,-4.9,0,-0.24,0.000,200.0,376.8,1.000,10.9,23.3,35.9,59.7,99.7,150.2,200.0,200.0,200.0,200.0,200.0,200.0,195.6,119.2,68.8,37.3,21.2,13.4,6.1
3470,71.092,0.000,3416.0,215.4,0.0,4,17071,1.000,0.000,-0.001,-0.291,-0.008,200.0,-4.8,0,-0.24,0.000,200.0,376.8,1.000,10.9,23.2,35.9,59.7,99.6,150.1,200.0,200.0,200.0,200.0,200.0,200.0,195.2,119.4,68.9,37.4,21.3,13.4,6.1
3471,71.114,0.000,3417.3,216.0,0.0,4,17083,1.000,0.000,-0.000,-0.289,-0.008,200.0,-4.8,0,-0.24,0.000,200.0,376.8,1.000,10.9,23.2,35.9,59.6,99.6,150.1,200.0,200.0,200.0,200.0,200.0,200.0,194.4,119.4,69.0,37.4,21.3,13.4,6.1
3472,71.136,0.000,3418.6,216.6,0.0,4,17099,1.000,0.000,-0.000,-0.287,-0.008,200.0,-5.2,0,-0.24,0.000,200.0,376.8,1.000,10.8,23.2,35.8,59.6,99.6,150.1,200.0,200.0,200.0,200.0,200.0,200.0,193.7,119.5,69.0,37.5,21.4,13.4,6.1
3473,71.158,0.000,3419.9,217.3,0.0,4,17115,1.000,0.000,-0.000,-0.285,-0.008,200.0,-5.5,0,-0.24,0.000,200.0,376.8,1.000,10.8,23.2,35.8,59.5,99.5,150.0,200.0,200.0,200.0,200.0,200.0,200.0,193.1,119.7,69.2,37.6,21.4,13.5,6.1
3474,71.180,0.000,3421.3,217.9,0.0,4,17137,1.000,0.000,-0.001,-0.284,-0.008,200.0,-5.5,0,-0.24,0.000,200.0,376.8,1.000,10.8,23.1,35.7,59.4,99.3,149.8,200.0,200.0,200.0,200.0,200.0,200.0,192.5,120.0,69.4,37.7,21.5,13.5,6.1
3475,71.202,0.000,3422.6,218.5,0.0,4,17162,1.000,0.000,-0.001,-0.282,-0.008,200.0,-5.3,0,-0.24,0.000,200.0,376.8,1.000,10.8,23.1,35.7,59.4,99.3,149.7,200.0,200.0,200.0,200.0,200.0,200.0,191.7,120.1,69.5,37.7,21.5,13.5,6.1
3476,71.224,0.000,3423.9,219.1,0.0,4,17189,1.000,0.000,-0.000,-0.280,-0.008,200.0,-5.2,0,-0.24,0.000,200.0,376.8,1.000,10.8,23.1,35.7,59.3,99.2,149.8,200.0,200.0,200.0,200.0,200.0,200.0,190.8,120.1,69.5,37.8,21.6,13.6,6.2
3477,71.246,0.000,3425.3,219.7,0.0,4,17216,1.000,0.000,-0.000,-0.278,-0.008,200.0,-5.2,0,-0.24,0.000,200.0,376.8,1.000,10.8,23.1,35.6,59.3,99.2,149.8,200.0,200.0,200.0,200.0,200.0,200.0,189.9,120.2,69.6,37.9,21.6,13.6,6.2
3478,71.268,0.000,3426.6,220.3,0.0,4,17239,1.000,0.000,-0.000,-0.277,-0.008,200.0,-5.7,0,-0.24,0.000,200.0,376.8,1.000,10.8,23.0,35.6,59.2,99.1,149.7,200.0,200.0,200.0,200.0,200.0,200.0,189.1,120.4,69.8,38.0,21.6,13.6,6.2
3479,71.290,0.000,3428.0,221.0,0.0,4,17260,1.000,0.000,-0.000,-0.275,-0.008,200.0,-5.8,0,-0.24,0.000,200.0,376.8,1.000,10.7,23.0,35.5,59.1,99.0,149.5,200.0,200.0,200.0,200.0,200.0,200.0,188.3,120.7,69.9,38.0,21.7,13.7,6.2
3480,71.312,0.000,3429.3,221.6,0.0,4,17284,1.000,0.000,-0.000,-0.273,-0.008,200.0,-5.8,0,-0.24,0.000,200.0,376.8,1.000,10.7,23.0,35.5,59.0,98.8,149.3,200.0,200.0,200.0,200.0,200.0,200.0,187.5,121.0,70.1,38.1,21.7,13.7,6.2
3481,71.334,0.000,3430.7,222.2,0.0,4,17312,1.000,0.000,-0.001,-0.271,-0.008,200.0,-5.6,0,-0.24,0.000,200.0,376.8,1.000,10.7,22.9,35.4,59.0,98.7,149.0,200.0,200.0,200.0,200.0,200.0,200.0,186.7,121.3,70.3,38.2,21.8,13.7,6.2
3482,71.356,0.000,3432.0,222.8,0.0,4,17339,1.000,0.000,-0.001,-0.270,-0.008,200.0,-5.6,0,-0.24,0.000,200.0,376.8,1.000,10.7,22.9,35.4,58.9,98.6,148.9,200.0,200.0,200.0,200.0,200.0,200.0,185.8,121.4,70.4,38.3,21.8,13.8,6.2
3483,71.378,0.000,3433.4,223.4,0.0,4,17367,1.000,0.000,-0.000,-0.268,-0.007,200.0,-5.6,0,-0.24,0.000,200.0,376.8,1.000,10.7,22.9,35.4,58.9,98.6,149.0,200.0,200.0,200.0,200.0,200.0,200.0,184.7,121.4,70.5,38.4,21.9,13.8,6.3
3484,71.400,0.000,3434.8,224.0,0.0,4,17385,1.000,0.000,-0.000,-0.266,-0.007,200.0,-6.1,0,-0.24,0.000,200.0,376.8,1.000,10.7,22.8,35.3,58.8,98.5,149.0,200.0,200.0,200.0,200.0,200.0,200.0,183.6,121.4,70.5,38.4,21.9,13.8,6.3
3485,71.422,0.000,3436.1,224.6,0.0,4,17408,1.000,0.000,-0.000,-0.265,-0.007,200.0,-6.2,0,-0.24,0.000,200.0,376.8,1.000,10.7,22.8,35.3,58.7,98.4,148.9,200.0,200.0,200.0,200.0,200.0,199.9,182.7,121.6,70.7,38.5,22.0,13.8,6.3
3486,71.444,0.000,3437.5,225.2,0.0,4,17434,1.000,0.000,-0.000,-0.263,-0.007,200.0,-6.1,0,-0.25,0.000,200.0,376.8,1.000,10.6,22.8,35.2,58.7,98.3,148.7,200.0,200.0,200.0,200.0,200.0,198.6,181.8,121.9,70.8,38.6,22.0,13.9,6.3
3487,71.466,0.000,3438.9,225.7,0.0,4,17462,1.000,0.000,-0.000,-0.261,-0.007,200.0,-6.0,0,-0.25,0.000,200.0,376.8,1.000,10.6,22.8,35.2,58.6,98.2,148.5,200.0,200.0,200.0,200.0,200.0,197.4,180.8,122.2,71.0,38.7,22.1,13.9,6.3
3488,71.488,0.000,3440.3,226.3,0.0,4,17490,1.000,0.000,-0.000,-0.260,-0.007,200.0,-5.9,0,-0.25,0.000,200.0,376.8,1.000,10.6,22.7,35.1,58.5,98.0,148.3,200.0,200.0,200.0,200.0,200.0,196.1,179.9,122.5,71.2,38.8,22.1,13.9,6.3
3489,71.510,0.000,3441.7,226.9,0.0,4,17514,1.000,0.000,-0.001,-0.258,-0.007,200.0,-6.1,0,-0.25,0.000,200.0,376.8,1.000,10.6,22.7,35.1,58.4,97.9,148.1,200.0,200.0,200.0,200.0,200.0,194.9,179.0,122.8,71.3,38.9,22.2,14.0,6.3
3490,71.532,0.000,3443.0,227.5,0.0,4,17529,1.000,0.000,-0.000,-0.256,-0.007,200.0,-6.5,0,-0.25,0.000,200.0,376.8,1.000,10.6,22.7,35.0,58.4,97.8,148.0,200.0,200.0,200.0,200.0,200.0,193.6,177.9,122.9,71.5,38.9,22.2,14.0,6.4
3491,71.554,0.000,3444.4,228.1,0.0,4,17555,1.000,0.000,-0.000,-0.254,-0.007,200.0,-6.5,0,-0.26,0.000,200.0,376.8,1.000,10.6,22.6,35.0,58.3,97.7,147.9,200.0,200.0,200.0,200.0,200.0,192.3,176.8,123.0,71.6,39.0,22.3,14.0,6.4
3492,71.576,0.000,3445.8,228.7,0.0,4,17583,1.000,0.000,-0.000,-0.253,-0.007,200.0,-6.4,0,-0.26,0.000,200.0,376.8,1.000,10.6,22.6,35.0,58.2,97.6,147.8,200.0,200.0,200.0,200.0,199.1,191.0,175.8,123.2,71.7,39.1,22.3,14.1,6.4
3493,71.598,0.000,3447.2,229.3,0.0,4,17610,1.000,0.000,-0.000,-0.251,-0.007,200.0,-6.3,0,-0.26,0.000,200.0,376.8,1.000,10.5,22.6,34.9,58.2,97.5,147.6,200.0,200.0,200.0,200.0,197.8,189.7,174.8,123.5,71.9,39.2,22.4,14.1,6.4
3494,71.620,0.000,3448.6,229.8,0.0,4,17636,1.000,0.000,-0.000,-0.249,-0.007,200.0,-6.3,0,-0.26,0.000,200.0,376.8,1.000,10.5,22.6,34.9,58.1,97.4,147.4,200.0,200.0,200.0,200.0,196.4,188.4,173.8,123.8,72.0,39.3,22.4,14.1,6.4
3495,71.642,0.000,3450.0,230.4,0.0,4,17652,1.000,0.000,-0.001,-0.248,-0.007,200.0,-6.7,0,-0.27,0.000,200.0,376.8,1.000,10.5,22.5,34.8,58.0,97.2,147.2,200.0,200.0,200.0,200.0,195.1,187.1,172.7,124.1,72.2,39.4,22.5,14.2,6.4
3496,71.664,0.000,3451.4,231.0,0.0,4,17674,1.000,0.000,-0.000,-0.246,-0.007,200.0,-6.8,0,-0.27,0.000,200.0,376.8,1.000,10.5,22.5,34.8,57.9,97.2,147.1,200.0,200.0,200.0,200.0,193.7,185.8,171.6,124.2,72.3,39.4,22.5,14.2,6.4
3497,71.686,0.000,3452.9,231.6,0.0,4,17702,1.000,0.000,-0.000,-0.244,-0.007,200.0,-6.7,0,-0.28,0.000,200.0,376.8,1.000,10.5,22.5,34.7,57.9,97.1,147.1,200.0,200.0,200.0,200.0,192.3,184.5,170.5,124.3,72.4,39.5,22.6,14.2,6.5
3498,71.708,0.000,3454.3,232.1,0.0,4,17730,1.000,0.000,-0.000,-0.243,-0.007,200.0,-6.6,0,-0.28,0.000,200.0,376.8,1.000,10.5,22.4,34.7,57.8,97.0,146.9,200.0,200.0,200.0,199.0,190.9,183.2,169.4,124.5,72.6,39.6,22.6,14.3,6.5
3499,71.730,0.000,3455.7,232.7,0.0,4,17756,1.000,0.000,-0.000,-0.241,-0.007,200.0,-6.6,0,-0.28,0.000,200.0,376.8,1.000,10.5,22.4,34.6,57.7,96.9,146.7,200.0,200.0,200.0,197.6,189.5,181.9,168.4,124.8,72.7,39.7,22.7,14.3,6.5
3500,71.752,0.000,3457.1,233.3,0.0,4,17777,1.000,0.000,-0.000,-0.239,-0.007,200.0,-6.7,0,-0.29,0.000,200.0,376.8,1.000,10.4,22.4,34.6,57.7,96.7,146.5,200.0,200.0,200.0,196.2,188.2,180.6,167.3,125.1,72.9,39.8,22.7,14.3,6.5
3501,71.774,0.000,3458.6,233.8,0.0,4,17790,1.000,0.000,-0.000,-0.237,-0.007,200.0,-7.0,0,-0.29,0.000,200.0,376.8,1.000,10.4,22.3,34.6,57.6,96.6,146.3,200.0,200.0,200.0,194.7,186.8,179.3,166.2,125.4,73.0,39.9,22.8,14.4,6.5
3502,71.796,0.000,3460.0,234.4,0.0,4,17821,1.000,0.000,-0.000,-0.236,-0.007,200.0,-7.0,0,-0.29,0.000,200.0,376.8,1.000,10.4,22.3,34.5,57.5,96.5,146.1,200.0,200.0,200.0,193.3,185.4,178.0,165.1,125.7,73.2,39.9,22.8,14.4,6.5
3503,71.818,0.000,3461.4,235.0,0.0,4,17850,1.000,0.000,-0.000,-0.234,-0.007,200.0,-7.0,0,-0.30,0.000,200.0,376.8,1.000,10.4,22.3,34.5,57.4,96.3,145.9,200.0,200.0,200.0,191.9,184.1,176.7,164.0,126.0,73.4,40.0,22.9,14.4,6.5
3504,71.840,0.000,3462.8,235.5,0.0,4,17894,1.000,0.000,-0.000,-0.232,-0.007,198.9,-6.9,0,-0.30,0.000,198.9,376.8,1.000,10.4,22.2,34.4,57.3,96.2,145.7,200.0,200.0,198.9,190.5,182.7,175.4,162.9,126.2,73.5,40.1,22.9,14.4,6.6
3505,71.862,0.000,3464.3,236.1,0.0,4,17937,1.000,0.000,-0.000,-0.231,-0.007,197.4,-6.9,0,-0.30,0.000,197.4,376.8,1.000,10.4,22.2,34.4,57.3,96.0,145.6,200.0,200.0,197.4,189.0,181.3,174.0,161.8,126.5,73.7,40.2,23.0,14.5,6.6
3506,71.884,0.000,3465.7,236.6,0.0,4,17965,1.000,0.000,-0.000,-0.229,-0.007,195.9,-7.3,0,-0.31,0.000,195.9,376.8,1.000,10.4,22.2,34.3,57.2,95.9,145.9,200.0,200.0,195.9,187.6,179.9,172.7,160.7,126.8,73.9,40.3,23.0,14.5,6.6
3507,71.906,0.000,3467.2,237.2,0.0,4,18006,1.000,0.000,-0.000,-0.227,-0.007,194.4,-7.3,0,-0.32,0.000,194.4,376.8,1.000,10.3,22.2,34.3,57.1,95.8,147.6,200.0,200.0,194.4,186.1,178.5,171.4,159.5,127.1,74.0,40.4,23.1,14.5,6.6
3508,71.928,0.000,3468.6,237.7,0.0,4,18050,1.000,0.000,0.004,-0.225,-0.007,192.9,-7.3,0,-0.45,0.000,192.9,376.8,1.000,10.3,22.1,34.2,57.0,95.6,200.0,200.0,200.0,192.9,184.7,177.1,170.1,158.4,127.4,74.2,40.5,23.1,14.6,6.6
3509,71.950,0.000,3470.1,238.3,-0.0,4,18096,1.000,0.000,0.003,-0.224,-0.007,191.5,-7.2,0,-0.45,0.000,191.5,376.8,1.000,10.3,22.1,34.1,56.9,95.3,200.0,200.0,200.0,191.5,183.4,175.9,168.9,157.4,128.3,74.6,40.6,23.2,14.6,6.6
3510,71.972,0.000,3471.6,238.8,-0.0,4,18138,1.000,0.000,0.001,-0.222,-0.008,190.4,-7.2,0,-0.44,0.000,190.4,376.8,1.000,10.3,22.0,34.0,56.6,94.7,200.0,200.0,199.3,190.4,182.3,174.8,167.9,156.7,129.9,75.2,40.9,23.3,14.7,6.7
3511,71.994,0.000,3473.0,239.4,-0.1,4,18170,1.000,0.000,-0.001,-0.220,-0.008,189.1,-7.5,0,-0.44,0.000,189.1,376.8,1.000,10.3,22.0,33.9,56.4,94.2,200.0,200.0,198.0,189.1,181.1,173.6,166.8,155.8,131.4,75.8,41.1,23.4,14.7,6.7
3512,72.016,0.000,3474.5,239.9,-0.1,4,18207,1.000,0.000,-0.001,-0.218,-0.008,187.7,-7.6,0,-0.44,0.000,187.7,376.8,1.000,10.3,21.9,33.9,56.3,93.9,200.0,200.0,196.5,187.7,179.7,172.3,165.5,154.7,132.0,76.1,41.2,23.5,14.8,6.7
3513,72.038,0.000,3475.9,240.5,-0.1,4,18249,1.000,0.000,-0.001,-0.216,-0.008,186.1,-7.6,0,-0.45,0.000,186.1,376.8,1.000,10.2,21.9,33.8,56.2,93.9,200.0,200.0,194.8,186.1,178.1,170.8,164.1,153.5,132.1,76.1,41.3,23.5,14.8,6.7
3514,72.060,0.000,3477.4,241.0,-0.0,4,18293,1.000,0.000,-0.000,-0.214,-0.008,184.4,-7.5,0,-0.45,0.000,184.4,376.8,1.000,10.2,21.9,33.8,56.2,93.9,200.0,200.0,193.1,184.4,176.6,169.3,162.6,152.2,131.8,76.2,41.3,23.5,14.8,6.7
3515,72.082,0.000,3478.9,241.5,0.0,4,18335,1.000,0.000,0.000,-0.212,-0.008,182.8,-7.5,0,-0.46,0.000,182.8,376.8,1.000,10.2,21.9,33.8,56.1,93.8,200.0,200.0,191.3,182.8,175.0,167.8,161.2,150.9,131.5,76.2,41.4,23.6,14.9,6.7
3516,72.104,0.000,3480.4,242.1,0.0,4,18373,1.000,0.000,0.000,-0.211,-0.008,181.2,-7.6,0,-0.46,0.000,181.2,376.8,1.000,10.2,21.8,33.7,56.1,93.8,200.0,200.0,189.7,181.2,173.5,166.4,159.8,149.6,131.2,76.4,41.5,23.6,14.9,6.8
3517,72.126,0.000,3481.8,242.6,0.0,4,18405,1.000,0.000,0.000,-0.209,-0.008,179.6,-7.8,0,-0.47,0.000,179.6,376.8,1.000,10.2,21.8,33.7,56.0,93.6,200.0,200.0,188.0,179.6,172.0,164.9,158.4,148.4,130.8,76.5,41.6,23.7,14.9,6.8
3518,72.148,0.000,3483.3,243.1,0.0,4,18445,1.000,0.000,0.000,-0.207,-0.008,178.1,-7.9,0,-0.47,0.000,178.1,376.8,1.000,10.2,21.8,33.6,55.9,93.5,200.0,199.5,186.4,178.1,170.5,163.5,157.1,147.2,130.3,76.7,41.7,23.8,15.0,6.8
3519,72.170,0.000,3484.8,243.7,0.0,4,18488,1.000,0.000,0.000,-0.205,-0.008,176.5,-7.8,0,-0.48,0.000,176.5,376.8,1.000,10.1,21.7,33.6,55.8,93.3,200.0,197.8,184.8,176.5,169.0,162.1,155.7,146.0,129.7,76.9,41.8,23.8,15.0,6.8
3520,72.192,0.000,3486.3,244.2,0.0,4,18529,1.000,0.000,0.000,-0.203,-0.008,175.0,-7.8,0,-0.48,0.000,175.0,376.8,1.000,10.1,21.7,33.5,55.7,93.2,200.0,196.0,183.2,175.0,167.5,160.7,154.3,144.8,129.1,77.1,41.9,23.9,15.0,6.8
3521,72.214,0.000,3487.8,244.7,0.0,4,18569,1.000,0.000,0.000,-0.201,-0.008,173.4,-7.8,0,-0.48,0.000,173.4,376.8,1.000,10.1,21.6,33.4,55.6,93.0,200.0,194.3,181.5,173.4,166.0,159.2,153.0,143.5,128.4,77.3,42.0,23.9,15.1,6.8
3522,72.236,0.000,3489.3,245.3,0.0,4,18599,1.000,0.000,0.000,-0.199,-0.008,171.9,-8.1,0,-0.49,0.000,171.9,376.8,1.000,10.1,21.6,33.4,55.5,92.9,200.0,192.5,179.9,171.9,164.5,157.8,151.6,142.3,127.7,77.5,42.1,24.0,15.1,6.8
3523,72.258,0.000,3490.8,245.8,0.0,4,18638,1.000,0.000,-0.000,-0.197,-0.008,170.3,-8.1,0,-0.49,0.000,170.3,376.8,1.000,10.1,21.6,33.3,55.4,92.7,200.0,190.8,178.3,170.3,163.0,156.4,150.2,141.1,126.9,77.6,42.2,24.0,15.1,6.9
3524,72.280,0.000,3492.3,246.3,0.0,4,18679,1.000,0.000,-0.000,-0.195,-0.008,168.7,-8.1,0,-0.50,0.000,168.7,376.8,1.000,10.1,21.5,33.3,55.4,92.6,200.0,189.0,176.6,168.7,161.5,154.9,148.8,139.8,126.1,77.8,42.3,24.1,15.2,6.9
3525,72.302,0.000,3493.8,246.8,0.0,4,18720,1.000,0.000,-0.000,-0.193,-0.008,167.2,-8.1,0,-0.50,0.000,167.2,376.8,1.000,10.0,21.5,33.2,55.3,92.4,200.0,187.3,175.0,167.2,160.0,153.5,147.4,138.6,125.2,78.0,42.4,24.2,15.2,6.9
3526,72.324,0.000,3495.3,247.3,0.0,4,18759,1.000,0.000,-0.150,-0.191,-0.008,165.6,-8.1,0,-0.50,-0.850,165.6,376.8,1.000,10.0,21.5,33.2,55.2,92.3,200.0,185.5,173.3,165.6,158.5,152.0,146.1,137.3,124.3,78.2,42.5,24.2,15.2,6.9
3527,72.346,0.000,3496.8,247.8,-0.1,4,18792,1.000,0.000,-0.127,-0.190,-0.003,160.3,-7.8,0,-0.56,-0.850,160.3,370.9,1.000,10.1,21.7,33.8,57.1,97.8,194.3,179.1,167.6,160.3,153.6,147.5,141.7,132.5,117.7,73.1,41.0,23.7,15.1,6.9
3528,72.368,0.000,3498.3,248.3,1.2,4,18840,1.000,0.000,-0.054,-0.190,0.008,150.3,-7.6,0,-1.12,-0.850,156.2,376.8,1.000,10.2,22.4,35.7,62.6,200.0,180.1,166.8,156.8,150.3,144.3,138.5,132.0,120.4,94.3,62.6,37.5,22.5,14.6,6.8
3529,72.390,0.000,3499.9,248.7,2.7,4,18885,1.000,0.000,0.004,-0.191,0.019,141.5,-7.6,0,-1.31,-0.850,154.6,371.9,1.000,10.3,23.2,37.7,69.2,195.3,167.9,156.2,147.3,141.5,135.7,129.0,121.0,100.3,77.9,54.9,34.6,21.5,14.1,6.7
3530,72.412,0.000,3501.4,249.2,3.2,4,18914,1.000,0.000,0.033,-0.193,0.024,136.5,-7.9,0,-1.39,-0.850,153.0,363.1,1.000,10.4,23.7,38.9,73.2,186.9,161.4,150.5,142.1,136.5,130.3,123.0,113.4,90.0,71.5,51.6,33.2,20.9,13.9,6.7
3531,72.434,0.000,3502.9,249.7,2.6,4,18939,1.000,0.000,0.031,-0.196,0.024,135.4,-8.3,0,-1.38,-0.850,151.3,361.5,1.000,10.4,23.7,38.8,72.9,185.5,160.1,149.3,140.9,135.4,129.3,122.3,113.2,90.6,71.8,51.7,33.2,20.9,13.9,6.7
3532,72.456,0.000,3504.4,250.3,1.4,4,18965,1.000,0.000,0.011,-0.200,0.020,136.2,-8.6,0,-1.33,-0.850,149.6,363.9,1.000,10.4,23.5,38.2,70.5,187.7,161.5,150.3,141.8,136.2,130.5,124.1,116.3,97.0,75.7,53.6,33.9,21.1,13.9,6.7
3533,72.478,0.000,3506.0,250.8,0.4,4,19000,1.000,0.000,-0.007,-0.204,0.016,136.9,-8.7,0,-1.28,-0.850,147.9,366.1,1.000,10.4,23.3,37.6,68.3,189.8,162.8,151.3,142.5,136.9,131.4,125.4,118.4,103.9,79.8,55.6,34.6,21.4,14.0,6.6
3534,72.500,0.000,3507.5,251.2,-0.1,4,19036,1.000,0.000,-0.015,-0.208,0.015,136.3,-8.7,0,-1.26,-0.850,146.2,365.8,1.000,10.4,23.3,37.4,67.6,189.5,162.2,150.7,141.9,136.3,130.9,125.0,118.4,105.7,81.5,56.3,34.8,21.4,14.0,6.6
3535,72.522,0.000,3509.1,251.7,-0.2,4,19072,1.000,0.000,-0.012,-0.212,0.015,134.4,-8.8,0,-1.27,-0.850,144.5,362.9,1.000,10.4,23.4,37.6,68.0,186.8,160.0,148.6,140.0,134.4,129.1,123.3,116.7,104.2,80.6,55.8,34.6,21.2,13.9,6.6
3536,72.544,0.000,3510.6,252.2,0.0,4,19107,1.000,0.000,-0.005,-0.216,0.016,132.0,-8.8,0,-1.29,-0.850,142.8,358.8,1.000,10.5,23.5,38.0,69.1,182.9,156.9,145.9,137.4,132.0,126.7,120.9,114.2,101.3,78.4,54.6,34.1,21.0,13.8,6.5
3537,72.566,0.000,3512.1,252.7,0.2,4,19138,1.000,0.000,0.002,-0.220,0.018,129.7,-9.0,0,-1.31,-0.850,141.0,354.9,1.000,10.5,23.7,38.4,70.1,179.4,154.0,143.2,135.0,129.7,124.4,118.6,111.9,98.7,76.4,53.6,33.6,20.8,13.7,6.5
3538,72.588,0.000,3513.7,253.2,0.3,4,19171,1.000,0.000,0.005,-0.224,0.018,127.8,-9.0,0,-1.32,-0.850,139.3,351.9,1.000,10.6,23.8,38.6,70.7,176.7,151.8,141.2,133.1,127.8,122.6,116.8,110.2,97.2,75.5,53.0,33.3,20.6,13.6,6.5
3539,72.610,0.000,3515.2,253.6,0.2,4,19206,1.000,0.000,0.004,-0.229,0.018,126.4,-9.1,0,-1.32,-0.850,137.5,349.7,1.000,10.6,23.9,38.7,70.8,174.7,150.0,139.6,131.5,126.4,121.2,115.5,109.1,96.7,75.3,52.9,33.2,20.5,13.5,6.4
3540,72.632,0.000,3516.8,254.1,0.1,4,19240,1.000,0.000,0.002,-0.233,0.017,125.1,-9.1,0,-1.32,-0.850,135.8,347.9,1.000,10.6,23.9,38.7,70.7,173.1,148.6,138.2,130.2,125.1,120.0,114.4,108.2,96.5,75.6,52.9,33.1,20.5,13.5,6.4
3541,72.654,0.000,3518.3,254.5,-0.0,4,19273,1.000,0.000,-0.000,-0.237,0.017,123.8,-9.2,0,-1.32,-0.850,134.0,346.1,1.000,10.7,24.0,38.8,70.6,171.5,147.1,136.8,128.9,123.8,118.8,113.3,107.2,96.2,75.8,52.9,33.0,20.4,13.4,6.4
3542,72.676,0.000,3519.9,255.0,-0.1,4,19303,1.000,0.000,-0.001,-0.242,0.016,122.3,-9.3,0,-1.32,-0.850,132.3,343.9,1.000,10.7,24.0,38.8,70.6,169.5,145.4,135.2,127.3,122.3,117.4,112.0,106.0,95.5,75.8,52.8,32.9,20.3,13.3,6.3
3543,72.698,0.000,3521.4,255.5,-0.1,4,19335,1.000,0.000,-0.001,-0.246,0.016,120.7,-9.4,0,-1.32,-0.850,130.5,341.4,1.000,10.8,24.1,39.0,70.8,167.3,143.5,133.4,125.7,120.7,115.8,110.6,104.7,94.5,75.4,52.5,32.7,20.2,13.3,6.3
3544,72.720,0.000,3523.0,255.9,-0.1,4,19367,1.000,0.000,0.000,-0.251,0.017,119.0,-9.4,0,-1.33,-0.850,128.8,338.7,1.000,10.8,24.2,39.1,71.1,165.0,141.5,131.5,123.9,119.0,114.2,109.0,103.3,93.3,74.8,52.2,32.5,20.1,13.2,6.3
3545,72.742,0.000,3524.6,256.3,-0.0,4,19399,1.000,0.000,0.002,-0.255,0.017,117.3,-9.5,0,-1.34,-0.850,127.0,336.0,1.000,10.8,24.3,39.3,71.5,162.6,139.5,129.7,122.2,117.3,112.6,107.5,101.8,92.1,74.3,51.8,32.3,19.9,13.1,6.2
3546,72.764,0.000,3526.1,256.8,-0.0,4,19431,1.000,0.000,0.002,-0.259,0.017,115.7,-9.6,0,-1.35,-0.850,125.2,333.4,1.000,10.9,24.4,39.4,71.7,160.4,137.6,127.9,120.5,115.7,111.1,106.0,100.5,91.1,73.9,51.5,32.1,19.8,13.0,6.2
3547,72.786,0.000,3527.7,257.2,-0.0,4,19461,1.000,0.000,0.002,-0.264,0.016,114.2,-9.6,0,-1.35,-0.850,123.5,331.0,1.000,10.9,24.5,39.5,71.8,158.3,135.8,126.2,118.9,114.2,109.6,104.6,99.2,90.1,73.7,51.3,32.0,19.7,13.0,6.1
3548,72.808,0.000,3529.3,257.6,-0.1,4,19492,1.000,0.000,0.001,-0.268,0.016,112.7,-9.7,0,-1.36,-0.850,121.7,328.6,1.000,10.9,24.5,39.6,71.9,156.3,134.0,124.6,117.4,112.7,108.2,103.3,98.0,89.2,73.6,51.2,31.9,19.6,12.9,6.1
3549,72.830,0.000,3530.9,258.0,-0.1,5,19525,1.000,0.000,0.001,-0.272,0.016,111.2,-10.8,0,-1.36,-0.850,120.0,326.2,1.000,11.0,24.6,39.7,71.9,154.3,132.2,122.9,115.8,111.2,106.7,101.9,96.7,88.2,73.4,51.0,31.7,19.5,12.8,6.1
3550,72.852,0.000,3532.4,258.3,-0.1,5,19556,1.000,0.000,0.000,-0.276,0.016,109.6,-10.9,0,-1.37,-0.850,118.2,323.7,1.000,11.0,24.7,39.8,72.1,152.1,130.4,121.2,114.2,109.6,105.2,100.5,95.4,87.2,73.2,50.8,31.6,19.4,12.8,6.0
3551,72.874,0.000,3534.0,258.7,-0.1,5,19584,1.000,0.000,0.001,-0.281,0.016,108.0,-10.9,0,-1.38,-0.850,116.4,321.0,1.000,11.0,24.7,39.9,72.3,149.9,128.5,119.4,112.5,108.0,103.7,99.0,94.1,86.1,72.9,50.6,31.4,19.3,12.7,6.0
3552,72.896,0.000,3535.6,258.9,-0.1,5,17860,1.000,0.000,0.001,-0.285,0.016,106.4,-10.5,0,-1.38,-0.850,114.6,318.3,1.000,11.1,24.8,40.0,72.5,147.7,126.6,117.6,110.8,106.4,102.1,97.6,92.7,84.9,72.5,50.3,31.3,19.2,12.6,6.0
3553,72.918,0.000,3537.2,259.3,-0.1,5,17715,1.000,0.000,0.001,-0.289,0.015,104.8,-10.4,0,-1.39,-0.850,112.9,315.6,1.000,11.1,24.9,40.1,72.7,145.5,124.7,115.9,109.1,104.8,100.6,96.1,91.3,83.8,72.2,50.1,31.1,19.1,12.5,5.9
3554,72.940,0.000,3538.8,259.7,-0.1,5,17716,1.000,0.000,0.002,-0.293,0.015,103.2,-10.4,0,-1.40,-0.850,111.1,312.9,1.000,11.1,24.9,40.2,73.1,143.3,122.8,114.1,107.5,103.2,99.0,94.7,90.0,82.6,71.7,49.9,30.9,19.0,12.5,5.9
3555,72.962,0.000,3540.3,260.0,-0.1,5,17728,1.000,0.000,0.002,-0.297,0.015,101.6,-10.5,0,-1.42,-0.850,109.3,310.2,1.000,11.2,25.0,40.3,73.8,141.2,120.9,112.4,105.8,101.6,97.5,93.2,88.6,81.5,71.2,49.7,30.8,18.9,12.4,5.9
3556,72.984,0.000,3541.9,260.4,-0.1,5,17742,1.000,0.000,0.002,-0.301,0.015,100.1,-10.5,0,-1.44,-0.850,107.5,307.6,1.000,11.2,25.1,40.4,75.1,139.1,119.1,110.7,104.2,100.1,96.0,91.8,87.4,80.4,70.7,49.5,30.7,18.8,12.3,5.8
3557,73.006,0.000,3543.5,260.8,-0.1,5,17756,1.000,0.000,0.002,-0.305,0.015,98.5,-10.6,0,-1.47,-0.850,105.7,304.9,1.000,11.2,25.1,40.5,78.4,137.0,117.3,109.0,102.6,98.5,94.6,90.4,86.1,79.4,70.1,49.4,30.5,18.8,12.3,5.8
3558,73.028,0.000,3545.1,261.1,-0.1,5,17769,1.000,0.000,0.117,-0.309,0.014,97.0,-10.6,0,-2.78,-0.470,104.0,376.8,1.000,11.3,25.2,40.5,200.0,134.9,115.5,107.3,101.0,97.0,93.1,89.0,84.8,78.3,69.4,49.2,30.4,18.7,12.2,5.8
3559,73.050,0.000,3546.7,261.5,-0.1,5,17783,1.000,0.000,0.050,-0.313,0.010,97.3,-10.3,0,-1.43,-0.470,102.1,304.4,1.000,11.3,24.9,39.8,76.9,136.6,116.4,107.9,101.5,97.3,93.5,89.6,85.5,79.4,71.5,51.7,31.3,18.9,12.3,5.8
3560,73.072,0.000,3548.3,261.8,-1.3,5,17799,1.000,0.000,0.009,-0.315,0.002,99.4,-10.4,0,-1.30,-0.470,100.4,311.0,1.000,11.2,24.4,38.3,66.9,141.8,119.9,110.7,103.8,99.4,95.4,91.6,87.8,82.1,75.1,57.3,33.2,19.6,12.6,5.8
3561,73.094,0.000,3549.9,262.2,-2.0,5,17810,1.000,0.000,-0.016,-0.317,-0.003,100.1,-10.5,0,-1.25,-0.470,100.1,314.2,1.000,11.1,24.1,37.5,63.9,144.4,121.4,111.9,104.7,100.1,96.0,92.1,88.4,83.0,76.4,61.1,34.5,20.0,12.7,5.8
3562,73.116,0.000,3551.5,262.5,-1.8,5,17821,1.000,0.000,-0.018,-0.318,-0.004,98.7,-10.6,0,-1.25,-0.470,98.7,311.9,1.000,11.1,24.0,37.4,64.2,142.6,119.8,110.3,103.3,98.7,94.6,90.8,87.2,81.9,75.5,61.2,34.6,20.0,12.7,5.8
3563,73.138,0.000,3553.1,262.9,-1.1,5,17840,1.000,0.000,-0.007,-0.318,-0.002,96.1,-10.7,0,-1.30,-0.470,96.1,306.3,1.000,11.2,24.2,37.7,68.1,138.2,116.3,107.3,100.5,96.1,92.1,88.5,84.9,79.7,73.4,59.4,34.1,19.8,12.6,5.8
3564,73.160,0.000,3554.7,263.2,-0.4,5,17862,1.000,0.000,0.054,-0.319,0.000,93.4,-10.8,0,-2.76,-0.470,93.6,376.7,1.000,11.2,24.3,38.1,200.0,133.7,112.8,104.1,97.6,93.4,89.6,86.0,82.5,77.4,71.2,57.7,33.4,19.6,12.5,5.8
3565,73.182,0.000,3556.3,263.6,-0.0,5,17886,1.000,0.000,0.049,-0.319,-0.001,92.3,-10.7,0,-2.78,-0.470,92.3,376.6,1.000,11.2,24.2,37.9,200.0,132.5,111.6,103.0,96.5,92.3,88.5,85.0,81.6,76.6,70.6,57.9,33.8,19.7,12.6,5.8
3566,73.204,0.000,3558.0,263.9,-0.6,5,17910,1.000,0.000,0.024,-0.319,-0.006,92.9,-10.7,0,-2.74,-0.470,92.9,376.6,1.000,11.1,23.9,37.0,200.0,134.8,112.9,103.9,97.2,92.9,88.9,85.3,82.0,77.2,71.5,59.8,35.2,20.2,12.8,5.8
3567,73.226,0.000,3559.6,264.3,-1.2,5,17936,1.000,0.000,-0.000,-0.317,-0.010,93.4,-10.7,0,-2.70,-0.470,93.4,376.4,1.000,11.1,23.6,36.2,200.0,137.1,114.1,104.8,97.8,93.4,89.3,85.6,82.2,77.6,72.2,61.2,36.7,20.7,13.0,5.9
3568,73.248,0.000,3561.2,264.6,-1.4,5,17958,1.000,0.000,-0.012,-0.316,-0.013,92.7,-10.8,0,-2.71,-0.470,92.7,376.4,1.000,11.0,23.4,35.8,200.0,136.9,113.6,104.2,97.2,92.7,88.7,84.9,81.5,77.0,71.8,61.3,37.6,21.0,13.1,5.9
3569,73.270,0.000,3562.8,265.0,-1.1,5,17978,1.000,0.000,-0.010,-0.314,-0.012,90.8,-10.9,0,-2.76,-0.470,90.8,376.5,1.000,11.0,23.4,35.8,200.0,134.0,111.3,102.1,95.2,90.8,86.9,83.2,79.9,75.5,70.4,60.2,37.6,21.0,13.1,5.9
3570,73.292,0.000,3564.4,265.3,-0.6,5,18000,1.000,0.000,-0.002,-0.311,-0.011,88.4,-11.0,0,-2.83,-0.470,88.4,376.4,1.000,11.0,23.4,36.0,200.0,130.0,108.1,99.3,92.6,88.4,84.6,81.1,77.8,73.5,68.5,58.8,37.2,21.0,13.1,5.9
3571,73.314,0.000,3566.1,265.7,-0.1,5,18026,1.000,0.000,0.005,-0.309,-0.010,86.1,-11.0,0,-2.89,-0.470,86.1,376.3,1.000,11.0,23.5,36.1,200.0,126.2,105.2,96.6,90.2,86.1,82.4,79.0,75.9,71.7,66.8,57.4,36.9,20.9,13.1,5.9
3572,73.336,0.000,3567.7,266.0,0.0,5,18049,1.000,0.000,0.007,-0.306,-0.009,84.3,-11.0,0,-2.95,-0.470,84.3,376.2,1.000,11.0,23.4,36.1,200.0,123.4,102.9,94.5,88.3,84.3,80.7,77.3,74.3,70.2,65.5,56.4,37.0,20.9,13.1,5.9
3573,73.358,0.000,3569.3,266.4,0.0,5,18070,1.000,0.000,0.019,-0.304,-0.010,82.8,-11.0,0,-2.99,-0.443,82.8,376.2,1.000,11.0,23.4,36.0,200.0,121.3,101.1,92.9,86.7,82.8,79.2,76.0,72.9,69.0,64.4,55.6,37.3,21.1,13.2,6.0
3574,73.380,0.000,3570.9,266.7,-0.1,5,18092,1.000,0.000,0.030,-0.301,-0.011,81.7,-11.1,0,-3.01,-0.405,81.7,376.3,1.000,10.9,23.2,35.7,200.0,120.2,100.0,91.8,85.6,81.7,78.2,74.9,71.9,68.0,63.6,55.1,37.9,21.3,13.3,6.0
3575,73.402,0.000,3572.6,267.1,-0.4,5,18114,1.000,0.000,0.033,-0.298,-0.014,81.2,-11.1,0,-3.02,-0.367,81.2,376.2,1.000,10.9,23.0,35.1,200.0,120.3,99.7,91.3,85.1,81.2,77.6,74.3,71.3,67.5,63.2,55.0,38.8,21.7,13.5,6.0
3576,73.424,0.000,3574.2,267.4,-0.8,5,18142,1.000,0.000,0.032,-0.294,-0.018,81.1,-11.0,0,-3.01,-0.329,81.1,376.1,1.000,10.8,22.7,34.5,200.0,121.3,100.0,91.4,85.1,81.1,77.4,74.1,71.0,67.2,63.0,55.1,39.8,22.2,13.7,6.1
3577,73.446,0.000,3575.8,267.7,-1.2,5,18164,1.000,0.000,0.028,-0.290,-0.022,81.1,-11.0,0,-2.99,-0.293,81.1,375.9,1.000,10.7,22.4,33.8,200.0,122.8,100.6,91.7,85.2,81.1,77.4,74.0,70.9,66.9,62.8,55.3,40.6,22.8,14.0,6.2
3578,73.468,0.000,3577.5,268.1,-1.4,5,18185,1.000,0.000,0.025,-0.285,-0.026,81.1,-11.1,0,-2.99,-0.255,81.1,376.0,1.000,10.6,22.0,33.1,200.0,124.1,101.1,92.0,85.3,81.1,77.3,73.8,70.6,66.7,62.6,55.2,41.2,23.5,14.2,6.2
3579,73.490,0.000,3579.1,268.4,-1.5,5,18206,1.000,0.000,0.024,-0.279,-0.029,80.8,-11.1,0,-2.99,-0.220,80.8,376.1,1.000,10.6,21.8,32.6,200.0,125.0,101.2,91.9,85.1,80.8,76.9,73.4,70.2,66.2,62.2,55.0,41.6,24.1,14.5,6.3
3580,73.512,0.000,3580.8,268.7,-1.5,5,18226,1.000,0.000,0.024,-0.272,-0.032,80.3,-11.2,0,-3.00,-0.185,80.3,376.0,1.000,10.5,21.5,32.1,200.0,125.4,101.0,91.6,84.7,80.3,76.4,72.9,69.7,65.6,61.5,54.6,41.7,24.7,14.8,6.4
3581,73.534,0.000,3582.4,269.0,-1.4,5,18254,1.000,0.000,0.026,-0.265,-0.034,79.8,-11.1,0,-3.01,-0.150,79.8,375.7,1.000,10.4,21.2,31.8,200.0,125.6,100.7,91.1,84.1,79.8,75.8,72.3,69.0,65.0,60.9,54.1,41.7,25.3,15.1,6.5
3582,73.556,0.000,3584.0,269.4,-1.4,5,18273,1.000,0.000,0.026,-0.256,-0.037,79.2,-11.1,0,-3.02,-0.115,79.2,375.7,1.000,10.3,20.9,31.4,200.0,126.0,100.5,90.7,83.7,79.2,75.3,71.7,68.4,64.3,60.3,53.6,41.6,26.0,15.4,6.6
3583,73.578,0.000,3585.7,269.7,-1.3,5,18293,1.000,0.000,0.025,-0.247,-0.040,78.8,-11.2,0,-3.04,-0.080,78.8,375.9,1.000,10.2,20.6,31.1,200.0,126.6,100.4,90.5,83.3,78.8,74.8,71.2,67.9,63.8,59.7,53.1,41.5,26.5,15.7,6.7
3584,73.600,0.000,3587.3,270.0,-1.3,5,18313,1.000,0.000,0.023,-0.237,-0.042,78.3,-11.3,0,-3.05,-0.048,78.3,375.8,1.000,10.1,20.3,30.8,200.0,127.2,100.3,90.2,82.9,78.3,74.3,70.6,67.3,63.2,59.1,52.6,41.4,26.9,16.0,6.8
3585,73.622,0.000,3589.0,270.4,-1.3,5,18336,1.000,0.000,0.021,-0.227,-0.045,77.8,-11.3,0,-3.06,-0.015,77.8,375.8,1.000,10.0,20.0,30.7,200.0,127.6,100.1,89.8,82.4,77.8,73.7,70.0,66.7,62.6,58.4,52.0,41.1,27.3,16.4,6.9
3586,73.644,0.000,3590.6,270.7,-1.3,5,18361,1.000,0.000,0.033,-0.215,-0.047,77.2,-11.2,0,-3.09,0.028,77.2,375.4,1.000,9.9,19.7,30.6,200.0,127.9,99.8,89.3,81.8,77.2,73.1,69.4,66.0,61.9,57.7,51.3,40.8,27.5,16.8,7.0
3587,73.666,0.000,3592.3,271.0,-1.3,5,18381,1.000,0.000,0.038,-0.203,-0.050,76.9,-11.3,0,-3.10,0.063,76.9,375.5,1.000,9.7,19.4,30.4,200.0,129.1,99.9,89.2,81.6,76.9,72.7,68.9,65.6,61.4,57.2,50.8,40.6,27.7,17.2,7.1
3588,73.688,0.000,3593.9,271.3,-1.4,5,18401,1.000,0.000,0.030,-0.190,-0.054,77.0,-11.3,0,-3.10,0.082,77.0,375.6,1.000,9.6,19.1,30.2,200.0,131.7,100.9,89.8,81.9,77.0,72.7,68.9,65.5,61.2,56.9,50.4,40.4,27.9,17.7,7.3
3589,73.710,0.000,3595.6,271.6,-1.6,5,18420,1.000,0.000,0.015,-0.176,-0.058,77.3,-11.4,0,-3.09,0.089,77.3,375.6,1.000,9.5,18.8,30.1,200.0,134.7,102.1,90.5,82.3,77.3,72.8,68.9,65.4,61.0,56.7,50.1,40.3,28.1,18.0,7.4
3590,73.732,0.000,3597.3,272.0,-1.6,5,18448,1.000,0.000,0.002,-0.162,-0.061,76.9,-11.3,0,-3.11,0.090,76.9,375.4,1.000,9.3,18.5,30.2,200.0,136.1,102.3,90.4,82.0,76.9,72.4,68.4,64.9,60.5,56.1,49.5,39.9,28.1,18.3,7.6
3591,73.754,0.000,3598.9,272.3,-1.4,5,18466,1.000,0.000,-0.005,-0.146,-0.062,75.7,-11.4,0,-3.16,0.087,75.7,375.1,1.000,9.2,18.4,30.9,200.0,134.8,100.9,89.0,80.7,75.7,71.2,67.3,63.8,59.4,55.1,48.6,39.2,27.9,18.4,7.7
3592,73.776,0.000,3600.6,272.6,-1.0,5,18484,1.000,0.000,-0.006,-0.130,-0.061,73.7,-11.6,0,-3.24,0.082,73.7,375.3,1.000,9.1,18.5,32.1,200.0,131.0,98.2,86.7,78.6,73.7,69.4,65.5,62.1,57.9,53.7,47.3,38.2,27.5,18.4,7.9
3593,73.798,0.000,3602.2,272.9,-0.6,5,18503,1.000,0.000,-0.005,-0.114,-0.060,71.3,-11.6,0,-3.33,0.076,71.3,375.1,1.000,8.9,18.6,34.3,200.0,126.1,94.8,83.8,76.1,71.3,67.2,63.5,60.2,56.1,52.1,46.0,37.2,26.9,18.3,8.0
3594,73.820,0.000,3603.9,273.3,-0.2,5,18523,1.000,0.000,-0.004,-0.098,-0.059,69.0,-11.7,0,-3.45,0.068,69.0,374.6,1.000,8.8,18.7,38.4,200.0,121.2,91.5,80.9,73.5,69.0,65.0,61.5,58.3,54.4,50.5,44.6,36.1,26.4,18.2,8.1
3595,73.842,0.000,3605.6,273.6,0.0,5,18567,1.000,0.000,-0.004,-0.082,-0.058,66.8,-11.1,0,-3.58,0.061,66.8,372.8,1.000,8.7,19.0,43.3,200.0,116.7,88.4,78.2,71.1,66.8,63.0,59.5,56.5,52.7,49.0,43.2,35.1,25.8,18.0,8.2
3596,73.864,0.000,3607.2,273.9,0.2,5,18580,0.000,0.501,-0.005,-0.065,-0.058,64.7,-11.3,0,-3.71,0.054,64.7,263.9,0.000,8.7,19.3,48.2,200.0,112.6,85.4,75.7,68.8,64.7,61.0,57.7,54.7,51.1,47.5,42.0,34.1,25.3,17.8,8.3
3597,0.006,73.880,0.5,272.7,0.2,5,17920,0.000,0.808,0.077,-0.050,-0.054,62.6,-4.2,0,-3.86,0.177,62.6,256.5,0.000,8.6,19.8,53.2,200.0,108.7,82.6,73.2,66.6,62.6,59.1,55.9,53.0,49.5,46.0,40.7,33.1,24.7,17.5,8.4
3598,0.028,73.880,2.1,270.2,0.2,5,17482,0.000,0.782,0.162,-0.036,-0.045,61.5,14.3,0,-3.95,0.249,61.5,254.6,0.000,8.6,20.2,56.2,200.0,107.4,81.3,72.0,65.4,61.5,57.9,54.8,52.0,48.5,45.1,39.8,32.3,24.3,17.4,8.4
3599,0.050,73.880,3.8,267.3,-0.5,5,17186,0.000,0.000,0.204,-0.025,-0.040,62.3,22.0,0,-3.91,0.285,62.3,262.2,0.000,8.5,20.3,54.9,200.0,112.5,83.6,73.5,66.5,62.3,58.6,55.3,52.3,48.7,45.1,39.7,32.1,24.1,17.3,8.4
3600,0.072,73.880,5.4,264.6,-2.0,5,17506,0.216,0.000,0.192,-0.016,-0.042,66.7,-10.0,0,-3.70,0.287,66.7,369.9,0.216,8.4,19.9,49.0,200.0,131.3,92.7,80.2,71.7,66.7,62.3,58.5,55.1,51.0,47.0,41.0,32.7,24.4,17.6,8.5
3601,0.094,73.880,7.0,263.3,-4.8,5,17546,0.266,0.000,0.067,-0.007,-0.054,79.6,-17.3,0,-3.29,0.185,79.6,369.9,0.266,8.3,18.8,39.9,200.0,187.3,121.7,100.5,87.2,79.6,73.3,67.9,63.3,57.8,52.6,45.0,34.9,25.6,18.2,8.7
3602,0.116,73.880,8.6,262.4,-8.1,5,17504,0.316,0.000,-0.129,0.003,-0.068,102.4,-18.4,0,-2.06,0.021,102.4,376.5,0.316,8.1,17.7,33.7,113.1,200.0,182.2,140.9,115.5,102.4,91.9,83.4,76.3,68.2,60.9,50.7,38.0,26.9,19.0,8.9
3603,0.138,73.880,10.2,261.6,-9.0,5,17452,0.366,0.000,-0.141,0.012,-0.066,112.6,-18.8,0,-1.84,0.007,112.6,376.8,0.366,8.0,17.6,32.9,95.8,200.0,189.7,162.7,129.2,112.6,99.8,89.6,81.3,72.0,63.7,52.4,38.7,27.1,19.1,9.0
